id,dG_orca_kcal
PDSNPQYPZZVXBJ-OQRDJCCKSA-N__RLTNSYDXJNKKKX-ONEXVHNNSA-N,14.439608013252082
RLTNSYDXJNKKKX-ONEXVHNNSA-N__PDSNPQYPZZVXBJ-OQRDJCCKSA-N,8.291883647280963
WDFPNKKEOXMBHU-ISKFKSNPSA-N__YMGAAERJVJBNLM-UHFFFAOYSA-N,-3.219245346844944
YMGAAERJVJBNLM-UHFFFAOYSA-N__WDFPNKKEOXMBHU-ISKFKSNPSA-N,-4.011709822664791
CCUDDGILZHGIKO-UHFFFAOYSA-N__AMBXEXQOFSWBOL-WDEREUQCSA-N,6.417992434158405
AMBXEXQOFSWBOL-WDEREUQCSA-N__CCUDDGILZHGIKO-UHFFFAOYSA-N,9.226564875394672
XROVQIBADZWZNW-DBVGBIOKSA-N__RCHOPSHIJGFBNF-UHFFFAOYSA-N,-0.0504547887962446
RCHOPSHIJGFBNF-UHFFFAOYSA-N__XROVQIBADZWZNW-DBVGBIOKSA-N,4.011811513651636
YMLIMMRAIOJFDV-UHFFFAOYSA-N__INCHBXPFPMUWBW-YMNIQAILSA-N,-5.685282625121452
INCHBXPFPMUWBW-YMNIQAILSA-N__YMLIMMRAIOJFDV-UHFFFAOYSA-N,1.4681597534641966
LXYBYKHVFFODSA-WPWDOAJASA-N__MSEOFRDSJJIVPJ-NSHDSACASA-N,-0.2722615919120113
MSEOFRDSJJIVPJ-NSHDSACASA-N__LXYBYKHVFFODSA-WPWDOAJASA-N,6.790937553256208
MUBFOXTUIAINJP-UHFFFAOYSA-N__DZEALIWBOBCCQH-UHFFFAOYSA-N,89.31996618165036
DZEALIWBOBCCQH-UHFFFAOYSA-N__MUBFOXTUIAINJP-UHFFFAOYSA-N,76.24830579969175
JXXRRYOSDXIZTA-RNFRBKRXSA-N__YFGYQBRIQWTSDF-USZNOCQGSA-N,-1.0680536982310804
YFGYQBRIQWTSDF-USZNOCQGSA-N__JXXRRYOSDXIZTA-RNFRBKRXSA-N,-0.6613740588133133
ZGQPXBLGTSCBBS-UHFFFAOYSA-N__BXFVODUBWHPUCF-ZDUSSCGKSA-N,-11.604426204383111
BXFVODUBWHPUCF-ZDUSSCGKSA-N__ZGQPXBLGTSCBBS-UHFFFAOYSA-N,-10.334748231761152
BGEHCRHROLNOPX-UHFFFAOYSA-N__KCHFYKPIADOPBJ-YIZRAAEISA-N,3.7184305611690336
KCHFYKPIADOPBJ-YIZRAAEISA-N__BGEHCRHROLNOPX-UHFFFAOYSA-N,-6.538139665165152
OPPXKDRIPUHNTG-UHFFFAOYSA-N__TUHSCRCWUUBXDS-SQXWHWBNSA-N,-0.8678126952765634
TUHSCRCWUUBXDS-SQXWHWBNSA-N__OPPXKDRIPUHNTG-UHFFFAOYSA-N,3.0004427084291696
JVTAQDHNJPRECX-VAWYXSNFSA-N__GBQFTVLECCWXAC-BHDDXSALSA-N,9.816011814066794
ZUAZJPLYYVHKFN-IVKYANPVSA-N__UJNQMAIBKLCGEM-OBGWFSINSA-N,-4.244464058196775
GBQFTVLECCWXAC-BHDDXSALSA-N__JVTAQDHNJPRECX-VAWYXSNFSA-N,11.441621462648213
UJNQMAIBKLCGEM-OBGWFSINSA-N__ZUAZJPLYYVHKFN-IVKYANPVSA-N,3.428615062689877
AZDLFTAZVHHMJP-UHFFFAOYSA-N__NLSDOZKRTCUTAN-UHFFFAOYSA-N,-1.4263228968828985
NLSDOZKRTCUTAN-UHFFFAOYSA-N__AZDLFTAZVHHMJP-UHFFFAOYSA-N,8.988167824445219
JJSFNZWJTJOOFB-UHFFFAOYSA-N__QEJRGURBLQWEOU-UHFFFAOYSA-N,8.602356261744175
QEJRGURBLQWEOU-UHFFFAOYSA-N__JJSFNZWJTJOOFB-UHFFFAOYSA-N,8.536398383839781
HTJDDCSBCXTOPU-UHFFFAOYSA-N__NWUIMJJEAVPMGW-UHFFFAOYSA-N,4.232963861341432
NWUIMJJEAVPMGW-UHFFFAOYSA-N__HTJDDCSBCXTOPU-UHFFFAOYSA-N,-2.048576505395503
MRBOUXPFAATROH-UHFFFAOYSA-N__VSNYZUSKXCNCMZ-SNAWJCMRSA-N,11.069482644746952
VSNYZUSKXCNCMZ-SNAWJCMRSA-N__MRBOUXPFAATROH-UHFFFAOYSA-N,9.036948804138817
SJNOOCJNILRCFP-VBNZEHGJSA-N__NTKLDQGIKNHISH-JNPUDLMZSA-N,3.1944194348763104
NTKLDQGIKNHISH-JNPUDLMZSA-N__SJNOOCJNILRCFP-VBNZEHGJSA-N,8.142735414672998
NITHPIMMNACRRW-UHFFFAOYSA-N__CWBVPEWVHZXHEQ-GBXCKJPGSA-N,5.367965431425815
CWBVPEWVHZXHEQ-GBXCKJPGSA-N__NITHPIMMNACRRW-UHFFFAOYSA-N,4.076910486702417
KTZXRGVMYHBRRT-UHFFFAOYSA-N__SFSFUAMNFQMBDD-UHFFFAOYSA-N,2.4723376093020475
SFSFUAMNFQMBDD-UHFFFAOYSA-N__KTZXRGVMYHBRRT-UHFFFAOYSA-N,2.794504499058583
TWIYDTWDZKCCEX-UHFFFAOYSA-N__QLQBAHUKYCVKKQ-UHFFFAOYSA-N,0.2363999054575536
QLQBAHUKYCVKKQ-UHFFFAOYSA-N__TWIYDTWDZKCCEX-UHFFFAOYSA-N,2.0749255159227533
PSEZKGARKWTMTL-UHFFFAOYSA-N__KQNTUDQXLUODRI-RGUGMKFQSA-N,13.492377847555533
KQNTUDQXLUODRI-RGUGMKFQSA-N__PSEZKGARKWTMTL-UHFFFAOYSA-N,9.370301040417043
WRAVGLJQSJPWJL-UHFFFAOYSA-N__KPAKQNKLSTWLSL-LLVKDONJSA-N,5.779006277632404
KPAKQNKLSTWLSL-LLVKDONJSA-N__WRAVGLJQSJPWJL-UHFFFAOYSA-N,1.3682434794771836
RMXMJPJTHMCNPV-UHFFFAOYSA-N__HHYKNWPSVQGVQK-UHFFFAOYSA-N,2.0317509486346754
GSLCCILEVHWIDM-UHFFFAOYSA-N__XHQKNWNROUEAFA-UHFFFAOYSA-N,3.1254141482234647
XHQKNWNROUEAFA-UHFFFAOYSA-N__GSLCCILEVHWIDM-UHFFFAOYSA-N,3.0638039531233567
HHYKNWPSVQGVQK-UHFFFAOYSA-N__RMXMJPJTHMCNPV-UHFFFAOYSA-N,5.633785873784061
CQEIXRQZVGVUKB-UHFFFAOYSA-N__OQKOOZVGKMKJCX-UHFFFAOYSA-N,2.362308082314323
OQKOOZVGKMKJCX-UHFFFAOYSA-N__CQEIXRQZVGVUKB-UHFFFAOYSA-N,3.604847063708083
CPSHQJNHQMQTRS-UHFFFAOYSA-N__MGNOKQNLBRSJNL-UHFFFAOYSA-N,3.4063596762178787
MGNOKQNLBRSJNL-UHFFFAOYSA-N__CPSHQJNHQMQTRS-UHFFFAOYSA-N,2.240214392114852
IGPOSGOALHZVHC-UHFFFAOYSA-N__NEHUREOOPMIPGG-UHFFFAOYSA-N,11.872239420758566
NEHUREOOPMIPGG-UHFFFAOYSA-N__IGPOSGOALHZVHC-UHFFFAOYSA-N,1.9078496910316616
CWEQHJLFCKMWEE-UHFFFAOYSA-N__JTYRCNHJHXAPKI-UHFFFAOYSA-N,0.1801825682662928
JTYRCNHJHXAPKI-UHFFFAOYSA-N__CWEQHJLFCKMWEE-UHFFFAOYSA-N,9.971453678415507
IFLYDBYBQATMGX-VYBPISDUSA-N__CFTKZCQTCKQMBN-UHFFFAOYSA-N,11.63649999877778
CFTKZCQTCKQMBN-UHFFFAOYSA-N__IFLYDBYBQATMGX-VYBPISDUSA-N,4.571781575998192
UPPOWCICJGLGLD-UHFFFAOYSA-N__YMLNVMWVPYPBOD-UHFFFAOYSA-N,-1.6622106476649074
YMLNVMWVPYPBOD-UHFFFAOYSA-N__UPPOWCICJGLGLD-UHFFFAOYSA-N,-1.8764513938824925
SBWRJWPVMXNQFR-KEUGWDJXSA-N__PMBIHHFNTAWZQM-AWEZNQCLSA-N,2.214493544423511
GUFKPWFUZRPECR-DBRKOABJSA-N__LIOICBRQQUPOML-ZDUSSCGKSA-N,0.7213890210642728
PMBIHHFNTAWZQM-AWEZNQCLSA-N__SBWRJWPVMXNQFR-KEUGWDJXSA-N,-1.4200310877967646
LIOICBRQQUPOML-ZDUSSCGKSA-N__GUFKPWFUZRPECR-DBRKOABJSA-N,1.969141502991384
ACWASDPGAVYCNI-JKUQZMGJSA-N__ZLGMULQFLDCPSQ-UHFFFAOYSA-N,0.3805878456995348
ZLGMULQFLDCPSQ-UHFFFAOYSA-N__ACWASDPGAVYCNI-JKUQZMGJSA-N,-5.629862220172641
YEONNEIMRRXFRQ-UHFFFAOYSA-N__AGTSNXAZDKAPHU-UHFFFAOYSA-N,-1.0853683581052944
AGTSNXAZDKAPHU-UHFFFAOYSA-N__YEONNEIMRRXFRQ-UHFFFAOYSA-N,-1.5154888819248626
ALQNUOMIEBHXQG-RFZPGFLSSA-N__RTVULIWDAJCVQI-SNVBAGLBSA-N,6.997337444914856
RTVULIWDAJCVQI-SNVBAGLBSA-N__ALQNUOMIEBHXQG-RFZPGFLSSA-N,2.370533560371768
BRWZBVMEUWBCMW-UHFFFAOYSA-N__HBXMHIOFEFXLOB-HFYYSOHNSA-N,0.8955514035084398
HBXMHIOFEFXLOB-HFYYSOHNSA-N__BRWZBVMEUWBCMW-UHFFFAOYSA-N,5.267210544340501
UHZPWZRJVOHOEE-UHFFFAOYSA-N__IOSOLULHNROHSZ-VXGLHPTQSA-N,13.652786844307986
IOSOLULHNROHSZ-VXGLHPTQSA-N__UHZPWZRJVOHOEE-UHFFFAOYSA-N,6.828320549215602
BCHKZYZFNNFFIH-JQCXWYLXSA-N__IQKDTQRZPNDHOA-OAHLLOKOSA-N,2.871583517088961
IQKDTQRZPNDHOA-OAHLLOKOSA-N__BCHKZYZFNNFFIH-JQCXWYLXSA-N,3.424654424220993
BJOLVLGNCWDUPC-UHFFFAOYSA-N__JKZVORCTCZAFFZ-WDSKDSINSA-N,1.8587165346444368
JKZVORCTCZAFFZ-WDSKDSINSA-N__BJOLVLGNCWDUPC-UHFFFAOYSA-N,3.1931440419215207
PTZPJQJIZOTGBU-UHFFFAOYSA-N__AKTTYIBIGFPGCJ-SVBPBHIXSA-N,0.3421865800681955
AKTTYIBIGFPGCJ-SVBPBHIXSA-N__PTZPJQJIZOTGBU-UHFFFAOYSA-N,3.988389641922365
VVYYNVWHZGGDPR-UHFFFAOYSA-N__QLZJOCXWWTXDSQ-MGPQQGTHSA-N,12.09522791038072
QLZJOCXWWTXDSQ-MGPQQGTHSA-N__VVYYNVWHZGGDPR-UHFFFAOYSA-N,17.41449856627838
MZIGNLHGPMKQJV-WLNDFMDLSA-N__RHJAPLVWPWSYLO-UHFFFAOYSA-N,1.921610028692912
RHJAPLVWPWSYLO-UHFFFAOYSA-N__MZIGNLHGPMKQJV-WLNDFMDLSA-N,-0.9495042172901292
GNGWLCLWAZJBBV-UHFFFAOYSA-N__VCRYBCPEBSGRRY-DJESZUOASA-N,2.1214582117319627
VCRYBCPEBSGRRY-DJESZUOASA-N__GNGWLCLWAZJBBV-UHFFFAOYSA-N,-2.1962473740289603
CWVATGIFMAYNIT-MTWMTYEUSA-N__XWODDVVXQUHRJR-UHFFFAOYSA-N,-0.840562233833572
XWODDVVXQUHRJR-UHFFFAOYSA-N__CWVATGIFMAYNIT-MTWMTYEUSA-N,-5.1998552915239
NHFKSWRSCSIUNI-UHFFFAOYSA-N__PENOXPRGVKSVCI-NRFANRHFSA-N,4.200998368543316
PNTVHTLNMIMGQX-VJTXAYNASA-N__XFZPIFCSGRJZPW-HNNXBMFYSA-N,-3.4738143824557826
PENOXPRGVKSVCI-NRFANRHFSA-N__NHFKSWRSCSIUNI-UHFFFAOYSA-N,1.9238648305882464
XFZPIFCSGRJZPW-HNNXBMFYSA-N__PNTVHTLNMIMGQX-VJTXAYNASA-N,-3.850350948556576
UFIQRFLRSNGYOL-JBZHPUCOSA-N__REUMVVMGZSNYLS-UHFFFAOYSA-N,8.847307754189387
REUMVVMGZSNYLS-UHFFFAOYSA-N__UFIQRFLRSNGYOL-JBZHPUCOSA-N,9.046034805530644
OAUALLNOILEBAR-HOCLYGCPSA-N__PBBXDZWJRGBNTI-GJZGRUSLSA-N,-4.130555458121553
PBBXDZWJRGBNTI-GJZGRUSLSA-N__OAUALLNOILEBAR-HOCLYGCPSA-N,1.0335628773334944
GRKAJSJOYPGHSR-UHFFFAOYSA-N__GYYKOLBKCQIDER-CYBMUJFWSA-N,-1.82508857345208
GYYKOLBKCQIDER-CYBMUJFWSA-N__GRKAJSJOYPGHSR-UHFFFAOYSA-N,4.105667593944874
SZFYZPZXSLGKAQ-UHFFFAOYSA-N__JKAJIBQVWRIXMP-BYPYZUCNSA-N,8.193143174928053
JKAJIBQVWRIXMP-BYPYZUCNSA-N__SZFYZPZXSLGKAQ-UHFFFAOYSA-N,2.4972429252771846
NQRVBNROMMQDIP-UHFFFAOYSA-N__RLPYQTKDIQXSCY-UHFFFAOYSA-N,1.4074982835144905
RLPYQTKDIQXSCY-UHFFFAOYSA-N__NQRVBNROMMQDIP-UHFFFAOYSA-N,-0.3387176382270131
WVHJBVPYIIBODU-UHFFFAOYSA-N__RSSXUFPRJLLCMA-CTIUBKRGSA-N,-3.78981762144936
RSSXUFPRJLLCMA-CTIUBKRGSA-N__WVHJBVPYIIBODU-UHFFFAOYSA-N,1.0393788571385845
OEBOOUXAGSLQTO-UHFFFAOYSA-N__YLMWBKXCLQQFDU-UHFFFAOYSA-N,2.8823375621335914
YLMWBKXCLQQFDU-UHFFFAOYSA-N__OEBOOUXAGSLQTO-UHFFFAOYSA-N,8.472284335847604
ABYCPGYHUTUAIB-UHFFFAOYSA-N__LKAISGMGRTWEDW-UHFFFAOYSA-N,4.61431068085487
LKAISGMGRTWEDW-UHFFFAOYSA-N__ABYCPGYHUTUAIB-UHFFFAOYSA-N,-8.924599271176193
QOOINMAYKYKAAU-UHFFFAOYSA-N__IHLAHPBZXZSPMX-VIFPVBQESA-N,7.296083450638436
IHLAHPBZXZSPMX-VIFPVBQESA-N__QOOINMAYKYKAAU-UHFFFAOYSA-N,4.492215527231176
CKGYVFINIJOTKU-UHFFFAOYSA-N__YFWJYQZZYOHJPS-UHFFFAOYSA-N,1.2107988676256711
YFWJYQZZYOHJPS-UHFFFAOYSA-N__CKGYVFINIJOTKU-UHFFFAOYSA-N,3.737780775223376
WWTGAXOPYHRLCU-PILWDZAYSA-N__YPCWFMYMKSRCAZ-CRCLSJGQSA-N,-6.278849431143247
YPCWFMYMKSRCAZ-CRCLSJGQSA-N__WWTGAXOPYHRLCU-PILWDZAYSA-N,2.5316656380040845
MMPGRUWAENJJGL-UHFFFAOYSA-N__YRIATPORRUCUDE-UHFFFAOYSA-N,-0.2726281859042425
YRIATPORRUCUDE-UHFFFAOYSA-N__MMPGRUWAENJJGL-UHFFFAOYSA-N,-9.170231295442877
HFXDQFPNVOEEDK-UHFFFAOYSA-N__OUTKWUDMJHFRGU-NRFANRHFSA-N,0.1176207656118881
XZOZMAVNYBRAAV-UHFFFAOYSA-N__LYDPLEJMXFEEOA-UHFFFAOYSA-N,-4.214245857038329
LYDPLEJMXFEEOA-UHFFFAOYSA-N__XZOZMAVNYBRAAV-UHFFFAOYSA-N,-5.540932835161315
OUTKWUDMJHFRGU-NRFANRHFSA-N__HFXDQFPNVOEEDK-UHFFFAOYSA-N,7.930597851225983
HDMFIPXUXRCVSW-KGLIPLIRSA-N__HFIBIMAVGXFOMI-YFYNPKGQSA-N,1.4739531809057536
HFIBIMAVGXFOMI-YFYNPKGQSA-N__HDMFIPXUXRCVSW-KGLIPLIRSA-N,-4.264825034931688
JTUZSQYKVRWKAH-UHFFFAOYSA-N__ZPOZRMMXODPYAM-UHFFFAOYSA-N,1.691782812536471
ZPOZRMMXODPYAM-UHFFFAOYSA-N__JTUZSQYKVRWKAH-UHFFFAOYSA-N,0.3770946046028239
VPYQYYNBYRGTQW-AZSVPQILSA-N__UWVLHWNZRPRMPH-UHFFFAOYSA-N,5.57274316789522
VQPWDHVRAGORSQ-KGLIPLIRSA-N__RXHVCZOZQGEBRY-OGHNNQOOSA-N,-1.1060845444285472
UWVLHWNZRPRMPH-UHFFFAOYSA-N__VPYQYYNBYRGTQW-AZSVPQILSA-N,7.636706531124008
RXHVCZOZQGEBRY-OGHNNQOOSA-N__VQPWDHVRAGORSQ-KGLIPLIRSA-N,2.0583349050420057
WLJDEQYURTUSDN-UHFFFAOYSA-N__QLLGDHJQCKPRCY-UHFFFAOYSA-N,1.3689973082814613
QLLGDHJQCKPRCY-UHFFFAOYSA-N__WLJDEQYURTUSDN-UHFFFAOYSA-N,8.495409001515835
WIYQBYRFDSTVFK-UHFFFAOYSA-N__NCJNVNMUNXTXRP-LLVKDONJSA-N,1.3348504424776777
NCJNVNMUNXTXRP-LLVKDONJSA-N__WIYQBYRFDSTVFK-UHFFFAOYSA-N,-3.315110041535692
MVBSALWIOJGMMJ-UHFFFAOYSA-N__NMDUUPWJBWOPKJ-UHFFFAOYSA-N,3.393435039930473
NMDUUPWJBWOPKJ-UHFFFAOYSA-N__MVBSALWIOJGMMJ-UHFFFAOYSA-N,-4.286918168616972
MGZZCLZGCUQURD-UHFFFAOYSA-N__PZRSVCRPOICSCV-UHFFFAOYSA-N,-2.4510366908869936
PZRSVCRPOICSCV-UHFFFAOYSA-N__MGZZCLZGCUQURD-UHFFFAOYSA-N,-5.737679765413779
KUMVFZXNHJDWKK-KRWDZBQOSA-N__ZXILWCCRFPYKKS-UHFFFAOYSA-N,-0.0311742256307408
ZXILWCCRFPYKKS-UHFFFAOYSA-N__KUMVFZXNHJDWKK-KRWDZBQOSA-N,0.3507698603722215
AGRIFDATABVSAA-VQHVLOKHSA-N__FGRCHLCDMWLNLN-UHFFFAOYSA-N,1.2314776119831785
FGRCHLCDMWLNLN-UHFFFAOYSA-N__AGRIFDATABVSAA-VQHVLOKHSA-N,2.269511997492808
NHPAFJNFMXNFJE-GQGBYOKCSA-N__FKQQCAMOYKFRML-UHFFFAOYSA-N,18.392025710279096
FKQQCAMOYKFRML-UHFFFAOYSA-N__NHPAFJNFMXNFJE-GQGBYOKCSA-N,7.565541657570731
JTHLMNNTJIOMNJ-SECBINFHSA-N__SJFKZHQLGATMKP-UHFFFAOYSA-N,2.4882277483814224
SJFKZHQLGATMKP-UHFFFAOYSA-N__JTHLMNNTJIOMNJ-SECBINFHSA-N,3.58800409609771
JTNBHQVBHDSNAC-UHFFFAOYSA-N__PVLJSFVBPTWPDH-UHFFFAOYSA-N,14.654162595211984
PVLJSFVBPTWPDH-UHFFFAOYSA-N__JTNBHQVBHDSNAC-UHFFFAOYSA-N,7.892730365932737
QCHWJDZRHFDZJD-UHFFFAOYSA-N__VETNVTQATMWLPV-UHFFFAOYSA-N,13.169261303450725
VETNVTQATMWLPV-UHFFFAOYSA-N__QCHWJDZRHFDZJD-UHFFFAOYSA-N,9.625337703470162
LSNASLNKABPJLR-UHFFFAOYSA-N__WRMWPMGWABLVNI-JAJWTYFOSA-N,-2.414604608276562
WRMWPMGWABLVNI-JAJWTYFOSA-N__LSNASLNKABPJLR-UHFFFAOYSA-N,-7.026099388123932
BMRVRTBYDCOCRE-UHFFFAOYSA-N__OHLOPQAAMJVRMC-BYPYZUCNSA-N,0.7741115927392694
OHLOPQAAMJVRMC-BYPYZUCNSA-N__BMRVRTBYDCOCRE-UHFFFAOYSA-N,0.1510459649854191
ZVOXCJRWMYGIDI-UHFFFAOYSA-N__HQMKEVGYOFAZNC-QGZVFWFLSA-N,6.469633183842577
HQMKEVGYOFAZNC-QGZVFWFLSA-N__ZVOXCJRWMYGIDI-UHFFFAOYSA-N,0.9602980378534358
HVSRZJMRFSSVJH-UHFFFAOYSA-N__CKFAMVUEYKNAOA-JBDAPHQKSA-N,3.455996876542512
CKFAMVUEYKNAOA-JBDAPHQKSA-N__HVSRZJMRFSSVJH-UHFFFAOYSA-N,5.800359135533152
QPWOEOCIQIJVMI-UHFFFAOYSA-N__CTKSHSOARTTYFC-UHFFFAOYSA-N,-15.647697933862368
CTKSHSOARTTYFC-UHFFFAOYSA-N__QPWOEOCIQIJVMI-UHFFFAOYSA-N,5.839156781923141
IJJLRUSZMLMXCN-UNTFVMJOSA-N__YYDDJZUCNNMWEQ-UHFFFAOYSA-N,-4.401623484704413
YYDDJZUCNNMWEQ-UHFFFAOYSA-N__IJJLRUSZMLMXCN-UNTFVMJOSA-N,0.0325146505227154
ZSGOHBRTWBAIIJ-UHFFFAOYSA-N__MTSIWIYSTNXFFY-UHFFFAOYSA-N,0.6350991277212482
MTSIWIYSTNXFFY-UHFFFAOYSA-N__ZSGOHBRTWBAIIJ-UHFFFAOYSA-N,-2.9823998284796422
AHDFBEAYNKFHBU-UHFFFAOYSA-N__VJIVUKNORRHSBG-UHFFFAOYSA-N,-5.4808843458104
VJIVUKNORRHSBG-UHFFFAOYSA-N__AHDFBEAYNKFHBU-UHFFFAOYSA-N,0.0088228829457301
FMWLATQCGXDWAY-UHFFFAOYSA-N__UASSRPRGZFOECO-UHFFFAOYSA-N,-1.2603865932466762
UASSRPRGZFOECO-UHFFFAOYSA-N__FMWLATQCGXDWAY-UHFFFAOYSA-N,-0.793819365094541
GQYKSISLCPUNJT-JRTVQGFMSA-N__GTCFHZKYRZYFKD-MDNDVXPUSA-N,-2.2031644286977303
GTCFHZKYRZYFKD-MDNDVXPUSA-N__GQYKSISLCPUNJT-JRTVQGFMSA-N,-0.7842127750494488
JRMOICAIYPHMFY-XKQJLSEDSA-N__CROOLHDSQTXBMU-UHFFFAOYSA-N,2.238249960059468
XLKUIOIREFTNSD-SECBINFHSA-N__ZLYFLWQKQUAGDT-UHFFFAOYSA-N,1.9711275063842355
ZLYFLWQKQUAGDT-UHFFFAOYSA-N__XLKUIOIREFTNSD-SECBINFHSA-N,0.2953663876557962
CROOLHDSQTXBMU-UHFFFAOYSA-N__JRMOICAIYPHMFY-XKQJLSEDSA-N,7.883369242427799
NTUWSPVODPXFAC-UHFFFAOYSA-N__SWHZOJQOWGMPRT-UHFFFAOYSA-N,7.028478781364055
SWHZOJQOWGMPRT-UHFFFAOYSA-N__NTUWSPVODPXFAC-UHFFFAOYSA-N,6.667091203578301
UOSXMTVNALWBHS-UHFFFAOYSA-N__YBMBQBQEIDNATH-PHDIDXHHSA-N,3.696598446798738
YBMBQBQEIDNATH-PHDIDXHHSA-N__UOSXMTVNALWBHS-UHFFFAOYSA-N,3.671804303659404
HNOJYPHDGFZXLR-UHFFFAOYSA-N__YTVFVMBPXNLDGS-VAWYXSNFSA-N,-0.0798561220127138
YTVFVMBPXNLDGS-VAWYXSNFSA-N__HNOJYPHDGFZXLR-UHFFFAOYSA-N,3.0644042867862566
KJBCDOKIDOPHTQ-UHFFFAOYSA-N__LQAHSUPQGIEGLG-IBGZPJMESA-N,-0.3711951829003564
LQAHSUPQGIEGLG-IBGZPJMESA-N__KJBCDOKIDOPHTQ-UHFFFAOYSA-N,8.815788724809346
DSDCFWFUUFDDEA-UHFFFAOYSA-N__MIXQUVKWIKJCSD-UHFFFAOYSA-N,-1.537382221945376
MIXQUVKWIKJCSD-UHFFFAOYSA-N__DSDCFWFUUFDDEA-UHFFFAOYSA-N,-2.672525944928932
HSLYNUMANDAWJI-UHFFFAOYSA-N__WLDSYCOEHYLDRX-CTNGQTDRSA-N,-1.2566078165288137
WLDSYCOEHYLDRX-CTNGQTDRSA-N__HSLYNUMANDAWJI-UHFFFAOYSA-N,2.6244888666037127
LLWLGMBSHGPRJM-SSDOTTSWSA-N__QRONLDFFPZYHDZ-LYKKTTPLSA-N,3.588738655085985
QRONLDFFPZYHDZ-LYKKTTPLSA-N__LLWLGMBSHGPRJM-SSDOTTSWSA-N,-2.053943992885212
UFWXCTASOUWWBW-UHFFFAOYSA-N__UUIYRQJHONSHQX-UHFFFAOYSA-N,-2.425912320134511
UUIYRQJHONSHQX-UHFFFAOYSA-N__UFWXCTASOUWWBW-UHFFFAOYSA-N,-1.04661953826329
AOIFDCHAEPBCFY-UHFFFAOYSA-N__NGIOJMNVLKXHJE-UHFFFAOYSA-N,5.023015968775435
GNIKVSYJBZYHGI-UHFFFAOYSA-N__ASPCVWQUHGCUJP-UHFFFAOYSA-N,4.155698482387512
NGIOJMNVLKXHJE-UHFFFAOYSA-N__AOIFDCHAEPBCFY-UHFFFAOYSA-N,13.689182903789666
ASPCVWQUHGCUJP-UHFFFAOYSA-N__GNIKVSYJBZYHGI-UHFFFAOYSA-N,1.3813421015559926
GDQPZHNQCSNHQB-LBPRGKRZSA-N__NMVQWJGYOHLDFK-NXEZZACHSA-N,8.095447036300843
NMVQWJGYOHLDFK-NXEZZACHSA-N__GDQPZHNQCSNHQB-LBPRGKRZSA-N,-1.7964416072969271
AXPUTNDGKYTWGT-INWWLGQTSA-N__MFKKRJZJUCEGIA-UHFFFAOYSA-N,2.1955788082785457
MFKKRJZJUCEGIA-UHFFFAOYSA-N__AXPUTNDGKYTWGT-INWWLGQTSA-N,2.614524404042565
LKEOEJJUHZQAGB-ZYMOGRSISA-N__NAGXSZAQKXSPHZ-UHFFFAOYSA-N,-1.7867479214844766
NAGXSZAQKXSPHZ-UHFFFAOYSA-N__LKEOEJJUHZQAGB-ZYMOGRSISA-N,-0.4661849702023535
KHTRLODBIXBYSK-UHFFFAOYSA-N__PFHVYZHWUVAHHB-UHFFFAOYSA-N,0.4573616712042643
PFHVYZHWUVAHHB-UHFFFAOYSA-N__KHTRLODBIXBYSK-UHFFFAOYSA-N,-1.1635124324720023
FPKVNTCKGDOYMK-UHFFFAOYSA-N__NGORMCBRQFSUMB-UHFFFAOYSA-N,1.1717686171482526
NGORMCBRQFSUMB-UHFFFAOYSA-N__FPKVNTCKGDOYMK-UHFFFAOYSA-N,19.135556396837213
YOIRLWGZPXJKIW-UHFFFAOYSA-N__YRNZDHPHMSHGKI-UHFFFAOYSA-N,-6.354482750942742
YRNZDHPHMSHGKI-UHFFFAOYSA-N__YOIRLWGZPXJKIW-UHFFFAOYSA-N,3.7808400429313456
GJWOPAPYOPWRTH-UHFFFAOYSA-N__JGHSRMDFLOPIKT-JBACZVJFSA-N,6.424143559548095
JGHSRMDFLOPIKT-JBACZVJFSA-N__GJWOPAPYOPWRTH-UHFFFAOYSA-N,-0.2620269782501755
GXVUTCCHWLSBFX-UHFFFAOYSA-N__WREYCOWOVXGZLW-RVJQKOHUSA-N,2.1014776769267955
WREYCOWOVXGZLW-RVJQKOHUSA-N__GXVUTCCHWLSBFX-UHFFFAOYSA-N,5.570618324149017
QEBPAPMHFFJRLH-LBPRGKRZSA-N__XWPVHYBRIIHPSA-MQGCXBLESA-N,5.577042412702476
GBJUZNFYEIWLFV-UHFFFAOYSA-N__XFCMVVZOTZZXLW-NSHDSACASA-N,-4.952924657054122
XFCMVVZOTZZXLW-NSHDSACASA-N__GBJUZNFYEIWLFV-UHFFFAOYSA-N,-1.2059675698252763
XWPVHYBRIIHPSA-MQGCXBLESA-N__QEBPAPMHFFJRLH-LBPRGKRZSA-N,12.519412943176697
BFEXGNFZCNYWCG-UNYLCCJPSA-N__XMVCCNFMOKHAGL-NFCBODTESA-N,-3.7397991268298254
XMVCCNFMOKHAGL-NFCBODTESA-N__BFEXGNFZCNYWCG-UNYLCCJPSA-N,-1.6092245026470575
DZSWBLCQPVAVEC-UHFFFAOYSA-N__ORDKMXYLYFUNDD-ALLBUHFWSA-N,9.097876568429498
ORDKMXYLYFUNDD-ALLBUHFWSA-N__DZSWBLCQPVAVEC-UHFFFAOYSA-N,13.029883644871855
LZHVCTRYTSNATD-UHFFFAOYSA-N__UCGPWALAOHYOBN-UHFFFAOYSA-N,4.496937752610991
UCGPWALAOHYOBN-UHFFFAOYSA-N__LZHVCTRYTSNATD-UHFFFAOYSA-N,1.8217509800968643
NOGYMZTWRJPLOB-UHFFFAOYSA-N__YJCLICPBTQLHKC-ZDUSSCGKSA-N,1.7273807878557002
YJCLICPBTQLHKC-ZDUSSCGKSA-N__NOGYMZTWRJPLOB-UHFFFAOYSA-N,0.1921421279463321
INJDIBQWBNLLGH-UHFFFAOYSA-N__ORDPXCBKCHJFHB-UHFFFAOYSA-N,-3.4232315916413545
ORDPXCBKCHJFHB-UHFFFAOYSA-N__INJDIBQWBNLLGH-UHFFFAOYSA-N,-2.229659518404273
VFMJMWHHVRVXPJ-UHFFFAOYSA-N__IHSVSHNGOHVYKY-JOCHJYFZSA-N,10.873006370037258
IHSVSHNGOHVYKY-JOCHJYFZSA-N__VFMJMWHHVRVXPJ-UHFFFAOYSA-N,22.5728366129714
IGUBSNYXSSEVHU-QCLAVDOMSA-N__SNFPUYAVWNMBFG-UHFFFAOYSA-N,-2.456236645249202
SNFPUYAVWNMBFG-UHFFFAOYSA-N__IGUBSNYXSSEVHU-QCLAVDOMSA-N,-0.142369599885983
MFJBYAFUKRQAQN-UHFFFAOYSA-N__WFKZEQZRFIPKIF-UCORVYFPSA-N,3.683935611208606
WFKZEQZRFIPKIF-UCORVYFPSA-N__MFJBYAFUKRQAQN-UHFFFAOYSA-N,16.48400792546227
CUMFIEUCODSKKN-DWUZODITSA-N__PUKZNBXCVBLXNF-UHFFFAOYSA-N,6.160738601045956
PUKZNBXCVBLXNF-UHFFFAOYSA-N__CUMFIEUCODSKKN-DWUZODITSA-N,7.219357995857523
DOFLHLAEZOWNDR-UHFFFAOYSA-N__CLUDBSMXFHPRPY-UHFFFAOYSA-N,1.670126392504556
XOHCMNDRTTTZBV-VKNPPUGMSA-N__XPWQLNCPDHNEKC-UHFFFAOYSA-N,9.81074069634557
CLUDBSMXFHPRPY-UHFFFAOYSA-N__DOFLHLAEZOWNDR-UHFFFAOYSA-N,-6.056945888184986
HQQFFNIFBRBRNV-KRWDZBQOSA-N__UHSKBNAYGFNXOM-UHFFFAOYSA-N,10.350233983713528
XPWQLNCPDHNEKC-UHFFFAOYSA-N__XOHCMNDRTTTZBV-VKNPPUGMSA-N,3.815038439516439
UHSKBNAYGFNXOM-UHFFFAOYSA-N__HQQFFNIFBRBRNV-KRWDZBQOSA-N,9.54307969042856
VTTWTCRSUAQXMC-ZETCQYMHSA-N__KCLGQGLUKVOPIE-UHFFFAOYSA-N,-0.1752430999201341
KCLGQGLUKVOPIE-UHFFFAOYSA-N__VTTWTCRSUAQXMC-ZETCQYMHSA-N,-1.5758908863710357
POJLSAGUWQALGC-UHFFFAOYSA-N__UWFOJGWLOBJZSP-UHFFFAOYSA-N,-1.7984568362278182
UWFOJGWLOBJZSP-UHFFFAOYSA-N__POJLSAGUWQALGC-UHFFFAOYSA-N,-0.9829741351583065
LFXDKGYPGBYESW-RBUKOAKNSA-N__NBZXLZCPRVLNSS-UHFFFAOYSA-N,3.845867726994134
NBZXLZCPRVLNSS-UHFFFAOYSA-N__LFXDKGYPGBYESW-RBUKOAKNSA-N,-0.7733316492658131
GYKZSGBPECIBTN-UHFFFAOYSA-N__RAZUPPUMXQNCRG-UHFFFAOYSA-N,-9.10537591220224
RAZUPPUMXQNCRG-UHFFFAOYSA-N__GYKZSGBPECIBTN-UHFFFAOYSA-N,-5.109730675761212
IHTIPMQCBKBEHQ-RLRRVLFXSA-N__CHIGMRZDCSSPLE-NKWVEPMBSA-N,7.62042871614004
SVLYQIUGSDZTAM-UHFFFAOYSA-N__YKPYPSIEGSTISS-UHFFFAOYSA-N,8.986476281253443
YKPYPSIEGSTISS-UHFFFAOYSA-N__SVLYQIUGSDZTAM-UHFFFAOYSA-N,-0.0853842547946571
CHIGMRZDCSSPLE-NKWVEPMBSA-N__IHTIPMQCBKBEHQ-RLRRVLFXSA-N,5.651401845561127
IMMAOJSHAQIRGK-BQBZGAKWSA-N__LXAKUDHNYBFRRL-UHFFFAOYSA-N,-5.855887724154208
LXAKUDHNYBFRRL-UHFFFAOYSA-N__IMMAOJSHAQIRGK-BQBZGAKWSA-N,-2.573959995804058
CXCADJZYUDITKU-UHFFFAOYSA-N__DTTNEDBRSCCYES-MEFUKOJESA-N,2.0110822601599585
DTTNEDBRSCCYES-MEFUKOJESA-N__CXCADJZYUDITKU-UHFFFAOYSA-N,-2.2302606355896453
LSAXXPJBSLNBBZ-UHFFFAOYSA-N__VYMWJFWQIQFAQG-LXOGZNDWSA-N,-0.4291162526472953
VYMWJFWQIQFAQG-LXOGZNDWSA-N__LSAXXPJBSLNBBZ-UHFFFAOYSA-N,0.4598364368857172
GHNBRKFHLINAJO-UHFFFAOYSA-N__OWPZTTDQKAPBFK-UHFFFAOYSA-N,3.369666022017195
GDSSNECFFLPCDF-OBSROXCCSA-N__YAZLWQBKWOGOIO-UHFFFAOYSA-N,15.504828785573176
YAZLWQBKWOGOIO-UHFFFAOYSA-N__GDSSNECFFLPCDF-OBSROXCCSA-N,13.353915953891317
OWPZTTDQKAPBFK-UHFFFAOYSA-N__GHNBRKFHLINAJO-UHFFFAOYSA-N,2.346759169732964
KYQIGJHNPGLWKU-UHFFFAOYSA-N__LNXNQDGPWRPAQD-UHFFFAOYSA-N,-0.4746134698259908
LNXNQDGPWRPAQD-UHFFFAOYSA-N__KYQIGJHNPGLWKU-UHFFFAOYSA-N,0.3039036490161955
DOFBLGQHSUXFAQ-DQYPLSBCSA-N__OWWHXUVATABNJV-UHFFFAOYSA-N,0.9928324815392224
GKCMBVXIDHHNSD-HNNXBMFYSA-N__FLMJTSOTBGMFLJ-XLMAVXFVSA-N,1.0675535228244122
OWWHXUVATABNJV-UHFFFAOYSA-N__DOFBLGQHSUXFAQ-DQYPLSBCSA-N,7.578437459118249
FLMJTSOTBGMFLJ-XLMAVXFVSA-N__GKCMBVXIDHHNSD-HNNXBMFYSA-N,4.802672991738423
GKYGOJJMJIBKHA-SWLSCSKDSA-N__QCZDOBUYIZRDOS-UHFFFAOYSA-N,0.4957553400277134
QCZDOBUYIZRDOS-UHFFFAOYSA-N__GKYGOJJMJIBKHA-SWLSCSKDSA-N,7.782727832910033
VMWJZMSNIHEFEC-KRWDZBQOSA-N__QREUNJTVNCMBRN-UHFFFAOYSA-N,-6.399501488290093
QREUNJTVNCMBRN-UHFFFAOYSA-N__VMWJZMSNIHEFEC-KRWDZBQOSA-N,-0.501452242109187
BEVNMIZHCRYSAC-UHFFFAOYSA-N__HLANZWWBTJJTDY-UHFFFAOYSA-N,9.847735148340512
WJSQYZQFLUSZNH-UHFFFAOYSA-N__ZNIDLGGWJJLKKF-NQIIRXRSSA-N,12.634712348146635
HLANZWWBTJJTDY-UHFFFAOYSA-N__BEVNMIZHCRYSAC-UHFFFAOYSA-N,7.657089834860759
ZNIDLGGWJJLKKF-NQIIRXRSSA-N__WJSQYZQFLUSZNH-UHFFFAOYSA-N,5.049743528451019
AKBXSFTXUBWQKD-UHFFFAOYSA-N__UMKBOLUNWMDVDO-UHFFFAOYSA-N,6.267697763139743
UMKBOLUNWMDVDO-UHFFFAOYSA-N__AKBXSFTXUBWQKD-UHFFFAOYSA-N,-1.4628703030435335
PMAOXPAGCPXVEI-UXPWSPDFSA-N__NTDTZJBTHGEHOG-UHFFFAOYSA-N,-0.4556142652786076
NTDTZJBTHGEHOG-UHFFFAOYSA-N__PMAOXPAGCPXVEI-UXPWSPDFSA-N,-1.5165582813070673
BCSWYSRFQKRISR-UHFFFAOYSA-N__MWSJSCOXFXAMNX-UHFFFAOYSA-N,-3.8391227971528026
MWSJSCOXFXAMNX-UHFFFAOYSA-N__BCSWYSRFQKRISR-UHFFFAOYSA-N,3.834777205311248
FOYALLQRIMFHOZ-KTQQKIMGSA-N__AATNMAVQQCTDRP-VQHVLOKHSA-N,-10.754469794138751
AATNMAVQQCTDRP-VQHVLOKHSA-N__FOYALLQRIMFHOZ-KTQQKIMGSA-N,-4.718037770587658
XASQAPWMPXCQQV-GUCKNADISA-N__FLHXZUNIZNYXKE-UHFFFAOYSA-N,1.0800968903564827
FLHXZUNIZNYXKE-UHFFFAOYSA-N__XASQAPWMPXCQQV-GUCKNADISA-N,-5.799190138124342
POFAIMKSPWYXJR-WCTZXXKLSA-N__YSMQVGMIIQUVOZ-UHFFFAOYSA-N,3.303678721606216
YSMQVGMIIQUVOZ-UHFFFAOYSA-N__POFAIMKSPWYXJR-WCTZXXKLSA-N,4.898401389759446
JHOKXXQNJNVKEO-UHFFFAOYSA-N__QVQOPSZSQNMRPQ-UHFFFAOYSA-N,-4.872124118800898
QVQOPSZSQNMRPQ-UHFFFAOYSA-N__JHOKXXQNJNVKEO-UHFFFAOYSA-N,-8.42767015562944
OHSCARGSBBVFIB-UHFFFAOYSA-N__FZPCDHKLCUKBDC-UFYCRDLUSA-N,1.049776564609299
FZPCDHKLCUKBDC-UFYCRDLUSA-N__OHSCARGSBBVFIB-UHFFFAOYSA-N,5.415683260655305
WBBXHBDVNMDEBY-SCVMZPAESA-N__YMTBEVQJVHDOIJ-UHFFFAOYSA-N,3.668300110440913
YMTBEVQJVHDOIJ-UHFFFAOYSA-N__WBBXHBDVNMDEBY-SCVMZPAESA-N,-3.363325546576075
ZJVGSHWTWRHAEV-UHFFFAOYSA-N__VBGVDOHAHKANTL-ANYOKISRSA-N,4.922278197978591
VBGVDOHAHKANTL-ANYOKISRSA-N__ZJVGSHWTWRHAEV-UHFFFAOYSA-N,2.568981736781956
AEFTWIDSNNLFJR-UHFFFAOYSA-N__HDFMZZJRWJZGFT-UCFIKWKYSA-N,-9.282506379145994
HDFMZZJRWJZGFT-UCFIKWKYSA-N__AEFTWIDSNNLFJR-UHFFFAOYSA-N,-4.439154157064682
MATKIWNRGZUHOU-UHFFFAOYSA-N__WQWFHVVGZYPVAY-INIZCTEOSA-N,-2.89698695974106
WQWFHVVGZYPVAY-INIZCTEOSA-N__MATKIWNRGZUHOU-UHFFFAOYSA-N,-0.7364920356649716
JQMOFIHTUSOQGT-UHFFFAOYSA-N__CIJOWIFHFMNGAF-UHFFFAOYSA-N,2.035805220928283
CIJOWIFHFMNGAF-UHFFFAOYSA-N__JQMOFIHTUSOQGT-UHFFFAOYSA-N,15.444522364947472
ZPINIBOOOFAWBY-UHFFFAOYSA-N__HOEBINWLLURGFQ-UHFFFAOYSA-N,-4.257670350588299
HOEBINWLLURGFQ-UHFFFAOYSA-N__ZPINIBOOOFAWBY-UHFFFAOYSA-N,-3.4869172269809274
MVUAKANOWLRUNL-UHFFFAOYSA-N__VHIOHMSFQNRFQH-IQGLISFBSA-N,17.06196560313541
VHIOHMSFQNRFQH-IQGLISFBSA-N__MVUAKANOWLRUNL-UHFFFAOYSA-N,17.282275266877146
YFGYQBRIQWTSDF-USZNOCQGSA-N__OWRCUVFZIZDUCO-UHFFFAOYSA-N,4.736377170953639
OWRCUVFZIZDUCO-UHFFFAOYSA-N__YFGYQBRIQWTSDF-USZNOCQGSA-N,-4.083928046480397
LXKVRLAZSGGMLB-UHFFFAOYSA-N__NEVUSOWUUPFIPW-PHXNHOCBSA-N,7.551775557527236
NEVUSOWUUPFIPW-PHXNHOCBSA-N__LXKVRLAZSGGMLB-UHFFFAOYSA-N,2.295517502579552
GZCLHWGHEMOWKA-UHFFFAOYSA-N__OSKBWIMDQRCMCW-UHFFFAOYSA-N,-0.5984926270729725
OSKBWIMDQRCMCW-UHFFFAOYSA-N__GZCLHWGHEMOWKA-UHFFFAOYSA-N,-2.5587012659032933
YDWOPIABQIZAOI-HAZHAWQESA-N__OHWRFXMAKSGOGG-UHFFFAOYSA-N,2.373291768999492
VNGMLDRKOXCXJA-UHFFFAOYSA-N__PPWRWTYVMNDVST-UHFFFAOYSA-N,5.165036349991628
OHWRFXMAKSGOGG-UHFFFAOYSA-N__YDWOPIABQIZAOI-HAZHAWQESA-N,0.1778029916121403
PPWRWTYVMNDVST-UHFFFAOYSA-N__VNGMLDRKOXCXJA-UHFFFAOYSA-N,-2.588344253701454
KOEWKJNJIVWJBL-UHFFFAOYSA-N__UXVFBXJRLLFTKC-UHFFFAOYSA-N,5.6989478089258085
UXVFBXJRLLFTKC-UHFFFAOYSA-N__KOEWKJNJIVWJBL-UHFFFAOYSA-N,4.720359296808744
MPGGGSRYBSYAIR-UHFFFAOYSA-N__VMDLXWCVRBUGSB-NEPJUHHUSA-N,-2.4510053616164407
VMDLXWCVRBUGSB-NEPJUHHUSA-N__MPGGGSRYBSYAIR-UHFFFAOYSA-N,-2.0695685214133666
HVMPYIKTQSOMHA-BYPYZUCNSA-N__GSVXWDUEOCCGOA-UHFFFAOYSA-N,1.7497506435152388
GSVXWDUEOCCGOA-UHFFFAOYSA-N__HVMPYIKTQSOMHA-BYPYZUCNSA-N,3.7690768691676046
LCVPOXCUXIPBFV-UHFFFAOYSA-N__XGOKNLAWDIFDNP-LURJTMIESA-N,-3.8287336864567
XGOKNLAWDIFDNP-LURJTMIESA-N__LCVPOXCUXIPBFV-UHFFFAOYSA-N,-3.241928031146123
MBVMMSONKHZAQF-UHFFFAOYSA-N__VMVQOWJGWBIGEU-UHFFFAOYSA-N,-0.9920618825147172
VMVQOWJGWBIGEU-UHFFFAOYSA-N__MBVMMSONKHZAQF-UHFFFAOYSA-N,3.724138345245492
BYXPAWVOWMNTLI-VQVRLUHXSA-N__DNAZYVVUFTWTRU-JGWLITMVSA-N,-35.23341021717076
DNAZYVVUFTWTRU-JGWLITMVSA-N__BYXPAWVOWMNTLI-VQVRLUHXSA-N,-34.861698139722634
VMUAPFBVKYTMFJ-LTCOOKNTSA-N__ZBBFFLQDCLXAEL-UHFFFAOYSA-N,0.0081612325676544
ZBBFFLQDCLXAEL-UHFFFAOYSA-N__VMUAPFBVKYTMFJ-LTCOOKNTSA-N,7.854705559771112
XXYGFYVVUPJJQV-RBLKWDMZSA-N__LOGAXLAFZKOKQR-UHFFFAOYSA-N,1.477897910936389
LOGAXLAFZKOKQR-UHFFFAOYSA-N__XXYGFYVVUPJJQV-RBLKWDMZSA-N,3.968198834026623
KEGQNAVTTNCLLG-SMDDNHRTSA-N__YQDRBEUPJCBDSC-UHFFFAOYSA-N,-3.2454019937234047
YQDRBEUPJCBDSC-UHFFFAOYSA-N__KEGQNAVTTNCLLG-SMDDNHRTSA-N,-4.912413487680195
LLGFXBYNHODVFC-UHFFFAOYSA-N__XWDREYMJLHZCQK-UHFFFAOYSA-N,4.725112882135126
JJHYGHACGFYAHI-JWGURIENSA-N__SZRAQYURHCZXOP-UHFFFAOYSA-N,10.592956960397236
XWDREYMJLHZCQK-UHFFFAOYSA-N__LLGFXBYNHODVFC-UHFFFAOYSA-N,10.005288241064909
SZRAQYURHCZXOP-UHFFFAOYSA-N__JJHYGHACGFYAHI-JWGURIENSA-N,1.7995098123854527
VOCLCSKYIKJBMK-RGBJRUIASA-N__FPQOACWKXJCMES-UHFFFAOYSA-N,-9.716058943594923
ZLSJRHGVASOWLI-UHFFFAOYSA-N__SCQQDTYKSKPZCK-UHFFFAOYSA-N,6.383506275729609
SCQQDTYKSKPZCK-UHFFFAOYSA-N__ZLSJRHGVASOWLI-UHFFFAOYSA-N,-2.869554029518665
FPQOACWKXJCMES-UHFFFAOYSA-N__VOCLCSKYIKJBMK-RGBJRUIASA-N,4.336884387598769
BMPWQOYACRQNQJ-OFURLBHNSA-N__SIUNNVYDWXTQMQ-GOSISDBHSA-N,6.402043009758046
LUAJOOJZCAQLNA-ZWKOTPCHSA-N__GIJVYXUOJVWUEE-UHFFFAOYSA-N,3.680092765709064
SIUNNVYDWXTQMQ-GOSISDBHSA-N__BMPWQOYACRQNQJ-OFURLBHNSA-N,5.027074461018494
GIJVYXUOJVWUEE-UHFFFAOYSA-N__LUAJOOJZCAQLNA-ZWKOTPCHSA-N,5.006356919493142
RYWHMFVXZNIAFO-UHFFFAOYSA-N__DWDDPSYQCAFRTA-NXLSHAFYSA-N,4.93292488895881
DWDDPSYQCAFRTA-NXLSHAFYSA-N__RYWHMFVXZNIAFO-UHFFFAOYSA-N,-1.8226678375769951
PNWQTKIRLQWZRY-NXEZZACHSA-N__JAVVZOZGFUKDMQ-UHFFFAOYSA-N,-3.1824210939371502
CBGYZHAMWLLFRF-UHFFFAOYSA-N__ZVJRHXDZVIILHS-UHFFFAOYSA-N,8.570526258622595
JAVVZOZGFUKDMQ-UHFFFAOYSA-N__PNWQTKIRLQWZRY-NXEZZACHSA-N,3.705900225592501
ZVJRHXDZVIILHS-UHFFFAOYSA-N__CBGYZHAMWLLFRF-UHFFFAOYSA-N,10.391044210980994
VERAZEFNWRLUAX-QWAKEFERSA-N__CTVMFTKNKUHMQN-UHFFFAOYSA-N,6.068852561489249
CTVMFTKNKUHMQN-UHFFFAOYSA-N__VERAZEFNWRLUAX-QWAKEFERSA-N,12.566192689549824
FLKZQIVSLBIECT-UHFFFAOYSA-N__WTIIZPYVTPSMDT-UHFFFAOYSA-N,7.076360342463518
WTIIZPYVTPSMDT-UHFFFAOYSA-N__FLKZQIVSLBIECT-UHFFFAOYSA-N,0.5763361376449869
QCLIJLLGAYGFNU-UHFFFAOYSA-N__WZUNZMUGSYVNBP-UHFFFAOYSA-N,0.1279484913921885
WZUNZMUGSYVNBP-UHFFFAOYSA-N__QCLIJLLGAYGFNU-UHFFFAOYSA-N,1.446561053991187
NGAHGJKDLURPRO-UHFFFAOYSA-N__BJXCPOOTSFWYRW-UHFFFAOYSA-N,-0.3066390920464188
BJXCPOOTSFWYRW-UHFFFAOYSA-N__NGAHGJKDLURPRO-UHFFFAOYSA-N,0.4717687805206612
BHEFWSJJIAIUCE-UHFFFAOYSA-N__CWANDFKKZFHRJF-ZXXMMSQZSA-N,-5.732185544822779
CWANDFKKZFHRJF-ZXXMMSQZSA-N__BHEFWSJJIAIUCE-UHFFFAOYSA-N,1.845669458328248
DQXBMLRRVRAGBV-UHFFFAOYSA-N__SZCIVMNCVTXROP-UHFFFAOYSA-N,9.622779340799111
SZCIVMNCVTXROP-UHFFFAOYSA-N__DQXBMLRRVRAGBV-UHFFFAOYSA-N,0.1669338117818029
LQUMCSAFYMZKCB-IBGZPJMESA-N__OHDIDCWMKIIGBE-UHFFFAOYSA-N,-0.03063855358133
OHDIDCWMKIIGBE-UHFFFAOYSA-N__LQUMCSAFYMZKCB-IBGZPJMESA-N,2.9150738133288066
DFWWSPKCBIKRDF-QMMMGPOBSA-N__YDTRLYZTURFNKJ-LMMMUBRJSA-N,5.596849060378863
YDTRLYZTURFNKJ-LMMMUBRJSA-N__DFWWSPKCBIKRDF-QMMMGPOBSA-N,-1.9441318078831509
FNIZRQMLOOIEOY-UHFFFAOYSA-N__KGAQABABJHDBCF-UHFFFAOYSA-N,7.068109717279782
KGAQABABJHDBCF-UHFFFAOYSA-N__FNIZRQMLOOIEOY-UHFFFAOYSA-N,4.813515079654513
RATNXVRSPZRYGR-VABKMULXSA-N__NLZQDJSPFRWHIC-UHFFFAOYSA-N,-2.972778866864609
NLZQDJSPFRWHIC-UHFFFAOYSA-N__RATNXVRSPZRYGR-VABKMULXSA-N,-4.907568854445741
IQUFFRAEJAUGNC-SUOPFILYSA-N__MEINWOIEOXKCLL-HOCLYGCPSA-N,4.492256217323111
FXZYPXPBPTYTSD-UHFFFAOYSA-N__BCFVICAWXKGHHI-KRWDZBQOSA-N,5.920290081949308
BCFVICAWXKGHHI-KRWDZBQOSA-N__FXZYPXPBPTYTSD-UHFFFAOYSA-N,10.53562620088991
MEINWOIEOXKCLL-HOCLYGCPSA-N__IQUFFRAEJAUGNC-SUOPFILYSA-N,4.958098201437011
RKSGQXSDRYHVTM-UHFFFAOYSA-N__SSIHJTWIEPEQLT-UHFFFAOYSA-N,-12.41147214163944
SSIHJTWIEPEQLT-UHFFFAOYSA-N__RKSGQXSDRYHVTM-UHFFFAOYSA-N,-7.772354631793612
OUHZCBCWGBPLFT-RBBKRZOGSA-N__OUUCSDUMNZIVSU-BTYSJIOQSA-N,6.119910301397134
OUUCSDUMNZIVSU-BTYSJIOQSA-N__OUHZCBCWGBPLFT-RBBKRZOGSA-N,4.278975953944107
LRTRLQXMQDFLKD-GOSISDBHSA-N__SNBSPXNCDBNULB-UHFFFAOYSA-N,-4.469552414155673
SNBSPXNCDBNULB-UHFFFAOYSA-N__LRTRLQXMQDFLKD-GOSISDBHSA-N,-6.0878315528975255
VNRQGCNTNWAJOS-UHFFFAOYSA-N__DXJRXUUGFALQHQ-UHFFFAOYSA-N,1.3365610212776535
DXJRXUUGFALQHQ-UHFFFAOYSA-N__VNRQGCNTNWAJOS-UHFFFAOYSA-N,7.727376355466843
NCUJNDNJHKTASS-GJZGRUSLSA-N__PZRTWVGSWQICSP-UHFFFAOYSA-N,6.145085036814352
PZRTWVGSWQICSP-UHFFFAOYSA-N__NCUJNDNJHKTASS-GJZGRUSLSA-N,12.493597105103085
INRFEXRLUQWFJF-UHFFFAOYSA-N__BCGWBPVXAIGCTK-WDSOQIARSA-N,6.372845180149229
BCGWBPVXAIGCTK-WDSOQIARSA-N__INRFEXRLUQWFJF-UHFFFAOYSA-N,1.2009633513332254
GGTRUXUAFMWHNI-UHFFFAOYSA-N__WNMPZBQWKORAOX-UHFFFAOYSA-N,6.086316149096025
WNMPZBQWKORAOX-UHFFFAOYSA-N__GGTRUXUAFMWHNI-UHFFFAOYSA-N,8.211940187802435
QSTBBLMINOKIJY-UHFFFAOYSA-N__IIFXHQMWCHWMFS-UHFFFAOYSA-N,-1.6585786449737268
IIFXHQMWCHWMFS-UHFFFAOYSA-N__QSTBBLMINOKIJY-UHFFFAOYSA-N,0.1584858579293808
AUVIMTOWYOINDB-UHFFFAOYSA-N__LNRPXBWYFQOGPL-UHFFFAOYSA-N,2.243313351512684
LNRPXBWYFQOGPL-UHFFFAOYSA-N__AUVIMTOWYOINDB-UHFFFAOYSA-N,-2.70989846506517
CYGGTUUCLIFNIU-UHFFFAOYSA-N__FAVSDVWQAMHVSO-UHFFFAOYSA-N,10.169502180176526
FAVSDVWQAMHVSO-UHFFFAOYSA-N__CYGGTUUCLIFNIU-UHFFFAOYSA-N,30.37928942570119
PNIZCDCOMVZFMC-UHFFFAOYSA-N__FGDCMJGUQQYTOY-UHFFFAOYSA-N,5.174665254054758
FGDCMJGUQQYTOY-UHFFFAOYSA-N__PNIZCDCOMVZFMC-UHFFFAOYSA-N,5.275897478682257
GEPKTSAITJMSEZ-UHFFFAOYSA-N__MEXRLINYIQHXDS-UHFFFAOYSA-N,-4.0415885813137935
MEXRLINYIQHXDS-UHFFFAOYSA-N__GEPKTSAITJMSEZ-UHFFFAOYSA-N,0.5945857628721245
UCUCSLLDXLBMNC-LBPRGKRZSA-N__HSIUDEATXKXKSY-VYIIXAMBSA-N,-3.5541508731575755
SNNOEGIQKFWBPG-UHFFFAOYSA-N__XAIDWVKASVSAFS-UHFFFAOYSA-N,2.916392396113985
XAIDWVKASVSAFS-UHFFFAOYSA-N__SNNOEGIQKFWBPG-UHFFFAOYSA-N,0.7728047874390004
HSIUDEATXKXKSY-VYIIXAMBSA-N__UCUCSLLDXLBMNC-LBPRGKRZSA-N,-7.636022701131641
ICCMMMVNWPAYMO-WPZCJLIBSA-N__LBJWYRASHSNTEP-UHFFFAOYSA-N,4.949639012886781
LBJWYRASHSNTEP-UHFFFAOYSA-N__ICCMMMVNWPAYMO-WPZCJLIBSA-N,4.216799927706965
CWANDFKKZFHRJF-VANKVMQKSA-N__HKQAARLVBHZFFC-SJORKVTESA-N,2.136030690589449
HKQAARLVBHZFFC-SJORKVTESA-N__CWANDFKKZFHRJF-VANKVMQKSA-N,-4.245260560261632
AZTDLROTSCCDMC-UHFFFAOYSA-N__LMIYLDNKRSAHCT-UHFFFAOYSA-N,8.641223255473141
LMIYLDNKRSAHCT-UHFFFAOYSA-N__AZTDLROTSCCDMC-UHFFFAOYSA-N,11.880093728533188
NUQKIPZUBKADDZ-AWEZNQCLSA-N__PZTNUYCFRKYZPC-UHFFFAOYSA-N,1.886866218355073
PZTNUYCFRKYZPC-UHFFFAOYSA-N__NUQKIPZUBKADDZ-AWEZNQCLSA-N,-5.039279547092585
GGDFUFJJOZESQD-UHFFFAOYSA-N__RKCFEVKXAAKIAX-UHFFFAOYSA-N,-0.4175104949189154
RKCFEVKXAAKIAX-UHFFFAOYSA-N__GGDFUFJJOZESQD-UHFFFAOYSA-N,1.0284964923293365
IBLOOFYQDTVZNK-ADMDKLJWSA-N__LLFNTHJZPKKGMD-UHFFFAOYSA-N,4.425952427230884
MLTDUHSWTZFCMQ-UHFFFAOYSA-N__IBMSOBICGIVAKD-UHFFFAOYSA-N,16.35323779472177
IBMSOBICGIVAKD-UHFFFAOYSA-N__MLTDUHSWTZFCMQ-UHFFFAOYSA-N,11.084259508897809
XVCAJDWHFCLOPB-UHFFFAOYSA-N__WADSSBASHJFVSS-SZMVWBNQSA-N,1.90366445113404
WADSSBASHJFVSS-SZMVWBNQSA-N__XVCAJDWHFCLOPB-UHFFFAOYSA-N,2.4653655185823067
LLFNTHJZPKKGMD-UHFFFAOYSA-N__IBLOOFYQDTVZNK-ADMDKLJWSA-N,2.67511120614833
OUGBRLJEYCBMOE-UHFFFAOYSA-N__ZSHRNUXGUODAEH-UHFFFAOYSA-N,0.9940049858585044
SFLFCXFDGDAQLB-UHFFFAOYSA-N__WVEQOMSAKJRVDP-UHFFFAOYSA-N,8.405909006115811
WVEQOMSAKJRVDP-UHFFFAOYSA-N__SFLFCXFDGDAQLB-UHFFFAOYSA-N,22.302464831320524
ZSHRNUXGUODAEH-UHFFFAOYSA-N__OUGBRLJEYCBMOE-UHFFFAOYSA-N,3.4043513306992006
OXILLQWRQDINEX-GOSISDBHSA-N__BCUVLMCXSDWQQC-KVTDHHQDSA-N,-1.487493703024507
BCUVLMCXSDWQQC-KVTDHHQDSA-N__OXILLQWRQDINEX-GOSISDBHSA-N,1.7534113688005066
XZRWYUFNEGCEMP-UHFFFAOYSA-N__ODUJFHMNJZXTRR-UHFFFAOYSA-N,-2.678674172255691
ODUJFHMNJZXTRR-UHFFFAOYSA-N__XZRWYUFNEGCEMP-UHFFFAOYSA-N,-3.7295113619083993
LURQSTZVGWRFLV-CYBMUJFWSA-N__UVPGDYDKQKVMOL-UHFFFAOYSA-N,2.7224077745168818
UVPGDYDKQKVMOL-UHFFFAOYSA-N__LURQSTZVGWRFLV-CYBMUJFWSA-N,4.469357409444745
PMDNXTNFZNADQS-VWLOTQADSA-N__PJVCFMWHRGYLTG-UHFFFAOYSA-N,3.03022719426494
NZBKEKFOSFBCCB-UHFFFAOYSA-N__VFQYZXIEEHIJLX-UHFFFAOYSA-N,4.706186202533747
PJVCFMWHRGYLTG-UHFFFAOYSA-N__PMDNXTNFZNADQS-VWLOTQADSA-N,6.839832410018932
VFQYZXIEEHIJLX-UHFFFAOYSA-N__NZBKEKFOSFBCCB-UHFFFAOYSA-N,2.820038477995669
RASLWOVBBYMAHO-UHFFFAOYSA-N__FYOBLIURZMTTQV-QFIPXVFZSA-N,6.991550176860239
FYOBLIURZMTTQV-QFIPXVFZSA-N__RASLWOVBBYMAHO-UHFFFAOYSA-N,9.421272280670998
IUSUPGUYBHINDX-UHFFFAOYSA-N__XMEVWSHKKCJFSV-UHFFFAOYSA-N,-0.7478466308167501
XMEVWSHKKCJFSV-UHFFFAOYSA-N__IUSUPGUYBHINDX-UHFFFAOYSA-N,3.7706712719808815
ROJBIQZOQURDHA-RMDSEJHCSA-N__XIRMOFASBSHNNU-HERJZLIOSA-N,3.779062505740497
XIRMOFASBSHNNU-HERJZLIOSA-N__ROJBIQZOQURDHA-RMDSEJHCSA-N,2.693002252026976
HXXZCKOMZMGSNJ-WDSOQIARSA-N__KJFVYXMEWJVIIP-UHFFFAOYSA-N,0.1855201173216615
KJFVYXMEWJVIIP-UHFFFAOYSA-N__HXXZCKOMZMGSNJ-WDSOQIARSA-N,-2.525422775780117
BZVDEJZZXVSDRA-UHFFFAOYSA-N__GSABFWRMWKZQPF-UHFFFAOYSA-N,12.62981992439307
GSABFWRMWKZQPF-UHFFFAOYSA-N__BZVDEJZZXVSDRA-UHFFFAOYSA-N,16.152961291272174
LOVRMHXUFMJBMD-UHFFFAOYSA-N__UYUXSRADSPPKRZ-FCAWWPLPSA-N,-3.3364892572665346
UYUXSRADSPPKRZ-FCAWWPLPSA-N__LOVRMHXUFMJBMD-UHFFFAOYSA-N,0.0773700112711417
QLTQRLUTLFDCOB-ARQDHWQXSA-N__XKWNAQWZXPPWMO-UHFFFAOYSA-N,4.495999660266464
XKWNAQWZXPPWMO-UHFFFAOYSA-N__QLTQRLUTLFDCOB-ARQDHWQXSA-N,2.9932934949745524
DNAWFXKTBWXEGG-UHFFFAOYSA-N__UBTCVJWLOZRZQM-UHFFFAOYSA-N,7.440198272888586
UBTCVJWLOZRZQM-UHFFFAOYSA-N__DNAWFXKTBWXEGG-UHFFFAOYSA-N,5.892668088317867
NHZWETQZLORZIR-OSMVPFSASA-N__WIGLOZHSEAKYIO-FVMDXXJSSA-N,-6.536178010822848
WIGLOZHSEAKYIO-FVMDXXJSSA-N__NHZWETQZLORZIR-OSMVPFSASA-N,11.940773874040298
DERKNJJJXPTFHV-SQHAQQRYSA-N__VFCBQYWDEKLIPX-UHFFFAOYSA-N,10.080872797594616
VFCBQYWDEKLIPX-UHFFFAOYSA-N__DERKNJJJXPTFHV-SQHAQQRYSA-N,8.126990560478168
GESOXOCEHGSTHP-UHFFFAOYSA-N__SNMIVPVWTLADIS-UHFFFAOYSA-N,3.8254275661212658
SNMIVPVWTLADIS-UHFFFAOYSA-N__GESOXOCEHGSTHP-UHFFFAOYSA-N,-2.3027336988945133
QLPKSRSSVQTPFC-UHFFFAOYSA-N__RGEYLNIDKCSDGZ-WRWWRJANSA-N,-1.7017705907945266
RGEYLNIDKCSDGZ-WRWWRJANSA-N__QLPKSRSSVQTPFC-UHFFFAOYSA-N,-5.195695814127679
WBKLOYGKXCLHTR-UHFFFAOYSA-N__JRXWKNZUEGUWPN-UHFFFAOYSA-N,4.710313501147842
JRXWKNZUEGUWPN-UHFFFAOYSA-N__WBKLOYGKXCLHTR-UHFFFAOYSA-N,6.324161263073999
ZOBBTJAUWFRESE-UHFFFAOYSA-N__BRTIUNFFGFLROD-UHFFFAOYSA-N,3.6575074103368577
BRTIUNFFGFLROD-UHFFFAOYSA-N__ZOBBTJAUWFRESE-UHFFFAOYSA-N,6.021354493370165
GSDQQVJFUHUXKU-FPYGCLRLSA-N__MLVXECZWSMTRSB-UHFFFAOYSA-N,-6.48971223395373
MLVXECZWSMTRSB-UHFFFAOYSA-N__GSDQQVJFUHUXKU-FPYGCLRLSA-N,-7.276416344226655
VUHFMXKRKACRBF-UHFFFAOYSA-N__LXQITBUPIJPYML-LDRYSYKRSA-N,6.158486084513674
LXQITBUPIJPYML-LDRYSYKRSA-N__VUHFMXKRKACRBF-UHFFFAOYSA-N,0.7337936830034341
VDBAYPANLZMCJQ-UHFFFAOYSA-N__DMCXZVRRTPCCRY-UHFFFAOYSA-N,-4.249022654078898
DMCXZVRRTPCCRY-UHFFFAOYSA-N__VDBAYPANLZMCJQ-UHFFFAOYSA-N,0.3987214807082084
JHHDURRPWFCIEA-UHFFFAOYSA-N__VNANOFHOIUSXSM-UHFFFAOYSA-N,-1.839796149618479
VNANOFHOIUSXSM-UHFFFAOYSA-N__JHHDURRPWFCIEA-UHFFFAOYSA-N,-5.943615498944668
UDKNNHQTAVYTAP-UHFFFAOYSA-N__QLMQERCAADYFLV-UHFFFAOYSA-N,7.232064281417777
QLMQERCAADYFLV-UHFFFAOYSA-N__UDKNNHQTAVYTAP-UHFFFAOYSA-N,6.348264278004836
UPVLEVGRMHPBJM-BYPYZUCNSA-N__ZTQXXOJWTGPDML-UHFFFAOYSA-N,5.93456443482203
ZTQXXOJWTGPDML-UHFFFAOYSA-N__UPVLEVGRMHPBJM-BYPYZUCNSA-N,7.059231521414218
PDXOPNGCZPKOHX-BYICEURKSA-N__NEHUREOOPMIPGG-UHFFFAOYSA-N,1.1351133770219342
NEHUREOOPMIPGG-UHFFFAOYSA-N__PDXOPNGCZPKOHX-BYICEURKSA-N,4.96547356203478
UGZAAVJQQRNIHN-UHFFFAOYSA-N__XCTYFUJXYKGWBV-UHFFFAOYSA-N,15.469021972943514
XCTYFUJXYKGWBV-UHFFFAOYSA-N__UGZAAVJQQRNIHN-UHFFFAOYSA-N,5.109590265437992
JQJXIRODANROQK-MRVPVSSYSA-N__SIAOKSJKWWLBHX-FHWLQOOXSA-N,4.545310888133477
SIAOKSJKWWLBHX-FHWLQOOXSA-N__JQJXIRODANROQK-MRVPVSSYSA-N,-1.0515662841014335
MQJURFQQHVXQCQ-UHFFFAOYSA-N__NQTPZRNVRUKSEC-IJUHEHPCSA-N,-1.307047594695269
NQTPZRNVRUKSEC-IJUHEHPCSA-N__MQJURFQQHVXQCQ-UHFFFAOYSA-N,-0.5259385502696133
WONZVDAEXJWJQE-UHFFFAOYSA-N__MNLHBKKHMQRHKC-AYVLWNQUSA-N,-0.6171504861992809
MNLHBKKHMQRHKC-AYVLWNQUSA-N__WONZVDAEXJWJQE-UHFFFAOYSA-N,-0.8613432998197026
JHYKFZFEBSZUJA-UHFFFAOYSA-N__VLLCJOXJUOILOE-UHFFFAOYSA-N,-0.5855804995723847
VLLCJOXJUOILOE-UHFFFAOYSA-N__JHYKFZFEBSZUJA-UHFFFAOYSA-N,-5.378156772646043
IMPSABTYCBUZQY-UHFFFAOYSA-N__UJTIBUBQPFDIPR-UHFFFAOYSA-N,1.203339011730467
UJTIBUBQPFDIPR-UHFFFAOYSA-N__IMPSABTYCBUZQY-UHFFFAOYSA-N,-0.4832998581346952
ODINMKBKBBPFNR-UHFFFAOYSA-N__RCZVSYQQRXMKDA-UHFFFAOYSA-N,-0.3840538955773199
RCZVSYQQRXMKDA-UHFFFAOYSA-N__ODINMKBKBBPFNR-UHFFFAOYSA-N,-2.0344758786381583
XLAFJEGXXAJUSK-UHFFFAOYSA-N__OLVGABQQJPMZDV-UHFFFAOYSA-N,1.6837618688007527
OLVGABQQJPMZDV-UHFFFAOYSA-N__XLAFJEGXXAJUSK-UHFFFAOYSA-N,5.625501191233362
AAJVCQPQGWUYMD-UHFFFAOYSA-N__YYYXKHGLICPRBY-UHFFFAOYSA-N,-3.2857337301018927
YYYXKHGLICPRBY-UHFFFAOYSA-N__AAJVCQPQGWUYMD-UHFFFAOYSA-N,-2.435583320463795
VPURGHKFXXSAJS-WKEGUHRASA-N__BDVIQWYNQFFXOC-FADBTOOJSA-N,3.692584178631451
BDVIQWYNQFFXOC-FADBTOOJSA-N__VPURGHKFXXSAJS-WKEGUHRASA-N,3.2111520489501464
JAAFXLIBVGYSRZ-UHFFFAOYSA-N__JJQRHTUNPLGODD-UHFFFAOYSA-N,-7.888061035204087
JJQRHTUNPLGODD-UHFFFAOYSA-N__JAAFXLIBVGYSRZ-UHFFFAOYSA-N,-11.09650489305291
PHLOCHMWEZSKPJ-ZWNCQPIPSA-N__BDAMECWFFFLYRY-LIKCFYCXSA-N,3.7751297752391753
OAKJHBCOVLICBO-CCMRYFRJSA-N__UJRBEPIHNMXPCL-UHFFFAOYSA-N,-4.624352264056976
BDAMECWFFFLYRY-LIKCFYCXSA-N__PHLOCHMWEZSKPJ-ZWNCQPIPSA-N,3.5242937569359203
UJRBEPIHNMXPCL-UHFFFAOYSA-N__OAKJHBCOVLICBO-CCMRYFRJSA-N,4.828420225617338
MZCHFXJOTWGYNJ-UHFFFAOYSA-N__GJWRKZFUOAVDLG-UHFFFAOYSA-N,-1.028925327526202
GJWRKZFUOAVDLG-UHFFFAOYSA-N__MZCHFXJOTWGYNJ-UHFFFAOYSA-N,-1.8655862313258933
VVTADMIZXOYOQV-UHFFFAOYSA-N__ZWJZDTXOTJGCGF-UHFFFAOYSA-N,-2.606516949549014
ZWJZDTXOTJGCGF-UHFFFAOYSA-N__VVTADMIZXOYOQV-UHFFFAOYSA-N,-9.735491448839417
KSRUEGNECQOAKF-UHFFFAOYSA-N__SPHUHGNUAMCYNI-UHFFFAOYSA-N,4.65833211159092
SPHUHGNUAMCYNI-UHFFFAOYSA-N__KSRUEGNECQOAKF-UHFFFAOYSA-N,-1.4975447966470687
VWRJXFITNPPMHU-UHFFFAOYSA-N__IQXFUEXQRUBOIM-UHFFFAOYSA-N,-3.0311258662191585
JDDRYLMREDOGBW-CABCVRRESA-N__WWRMLJNSCJUERY-WUCPZUCCSA-N,0.8671484653310575
IQXFUEXQRUBOIM-UHFFFAOYSA-N__VWRJXFITNPPMHU-UHFFFAOYSA-N,-2.62456503343465
WWRMLJNSCJUERY-WUCPZUCCSA-N__JDDRYLMREDOGBW-CABCVRRESA-N,5.181589637722681
CPPNEAOQDUTPRW-UHFFFAOYSA-N__ZBVOKNNZQMOXNA-UFYCRDLUSA-N,-2.2423970984927104
ZBVOKNNZQMOXNA-UFYCRDLUSA-N__CPPNEAOQDUTPRW-UHFFFAOYSA-N,1.7283699801618873
AMRLMYBWZLIJPE-YFKPBYRVSA-N__UEGGEIJWHPDPLL-UHFFFAOYSA-N,-1.47892795356318
UEGGEIJWHPDPLL-UHFFFAOYSA-N__AMRLMYBWZLIJPE-YFKPBYRVSA-N,1.9266725101386013
MEINWOIEOXKCLL-HOCLYGCPSA-N__RAEXDMCULJOFDK-WUHRBBMRSA-N,2.6873005677689177
RAEXDMCULJOFDK-WUHRBBMRSA-N__MEINWOIEOXKCLL-HOCLYGCPSA-N,14.318709180519685
WVEDRPBXVFESRN-MODGDUCVSA-N__WNHKEQXBCIQQSO-UHFFFAOYSA-N,-10.372884381509834
WNHKEQXBCIQQSO-UHFFFAOYSA-N__WVEDRPBXVFESRN-MODGDUCVSA-N,-2.242099691396769
BGHLBXLHZRCXRY-UHFFFAOYSA-N__DBKMQEQHLJOIPS-UHFFFAOYSA-N,6.88924489783912
IIDWXIGIWYGMNQ-VYIWWYPRSA-N__NFTMPMFQXWGQKU-UHFFFAOYSA-N,6.381738268506258
NFTMPMFQXWGQKU-UHFFFAOYSA-N__IIDWXIGIWYGMNQ-VYIWWYPRSA-N,4.842874164223511
DBKMQEQHLJOIPS-UHFFFAOYSA-N__BGHLBXLHZRCXRY-UHFFFAOYSA-N,10.447875525028108
IRQGBNRGZLSBBS-UHFFFAOYSA-N__PLJXXNBFGJWTAK-LURJTMIESA-N,9.185786192272538
LJGMIRQITADQTL-UHFFFAOYSA-N__QQTKVXCQLZIJPP-UHFFFAOYSA-N,15.79075070962822
PLJXXNBFGJWTAK-LURJTMIESA-N__IRQGBNRGZLSBBS-UHFFFAOYSA-N,10.892830234804924
QQTKVXCQLZIJPP-UHFFFAOYSA-N__LJGMIRQITADQTL-UHFFFAOYSA-N,10.84987817363114
ZXTUZBCUZDDVKQ-UHFFFAOYSA-N__BBROAPMEOQXIQK-VOAQMLOASA-N,9.230676358169276
BBROAPMEOQXIQK-VOAQMLOASA-N__ZXTUZBCUZDDVKQ-UHFFFAOYSA-N,6.980026260668713
LAGFLXPYQKAGJI-UHFFFAOYSA-N__SWJXYEXIBAQXSW-UHFFFAOYSA-N,6.488650372595612
SWJXYEXIBAQXSW-UHFFFAOYSA-N__LAGFLXPYQKAGJI-UHFFFAOYSA-N,11.94162531734584
UICZVEFEYSYHMD-NRFANRHFSA-N__YCDXMRGQAMIMPY-UHFFFAOYSA-N,-0.9651864995500888
YCDXMRGQAMIMPY-UHFFFAOYSA-N__UICZVEFEYSYHMD-NRFANRHFSA-N,11.716503684046812
OMMDXYAILNLJIW-UHFFFAOYSA-N__ZMUXOHRROCETKB-MSZQBOFLSA-N,1.0026091248533853
ZMUXOHRROCETKB-MSZQBOFLSA-N__OMMDXYAILNLJIW-UHFFFAOYSA-N,4.900822462571309
QZEJTQQJOFTHNT-ACQPOBLQSA-N__JIHQDUVLENPDJA-UHFFFAOYSA-N,-2.941405981440187
JDWYWEKHEOCHED-UHFFFAOYSA-N__YJZMKVRMNSSNNU-UHFFFAOYSA-N,-4.397514614812818
JIHQDUVLENPDJA-UHFFFAOYSA-N__QZEJTQQJOFTHNT-ACQPOBLQSA-N,1.863214095388657
YJZMKVRMNSSNNU-UHFFFAOYSA-N__JDWYWEKHEOCHED-UHFFFAOYSA-N,2.646235187902827
LHWGLLSPMRDJKX-GKPATOKCSA-N__ZZQIGEUGVBPHLJ-UHFFFAOYSA-N,7.670286221039905
ZZQIGEUGVBPHLJ-UHFFFAOYSA-N__LHWGLLSPMRDJKX-GKPATOKCSA-N,2.926399857030121
LIXSPXSMHJXSFI-DKPQHOEUSA-N__MNAYBPJWVPALBZ-SFHVURJKSA-N,6.827210647578545
MNAYBPJWVPALBZ-SFHVURJKSA-N__LIXSPXSMHJXSFI-DKPQHOEUSA-N,-0.7476604839119124
HLRWNJJQYFWFNN-UHFFFAOYSA-N__NDERKMHAVXEYRH-UHFFFAOYSA-N,2.780829423309763
NDERKMHAVXEYRH-UHFFFAOYSA-N__HLRWNJJQYFWFNN-UHFFFAOYSA-N,8.582884860526537
QRTUECBYTYJXHL-ANMXJASRSA-N__DELCMWROJURLSQ-UHFFFAOYSA-N,3.279186520012759
DELCMWROJURLSQ-UHFFFAOYSA-N__QRTUECBYTYJXHL-ANMXJASRSA-N,-2.817084464869124
WEMUEBAUYWHRPY-UHFFFAOYSA-N__YBASAXQCIKLCQO-UHFFFAOYSA-N,1.804752132463363
YBASAXQCIKLCQO-UHFFFAOYSA-N__WEMUEBAUYWHRPY-UHFFFAOYSA-N,1.7751285604419604
TXISWAUNDMCHBW-UHFFFAOYSA-N__PZDOWFGHCNHPQD-ZDLXXCOVSA-N,11.3112781366378
PZDOWFGHCNHPQD-ZDLXXCOVSA-N__TXISWAUNDMCHBW-UHFFFAOYSA-N,15.894915258298845
KTFKRVMXIVSARW-UHFFFAOYSA-N__PIGVZYHJMXOEQI-QCLAVDOMSA-N,-1.2711586975461835
PIGVZYHJMXOEQI-QCLAVDOMSA-N__KTFKRVMXIVSARW-UHFFFAOYSA-N,-3.205817173808786
QQOWIXIJGJCYDO-DEOSSOPVSA-N__ODNGZFVJCHGSBG-UHFFFAOYSA-N,13.557494568820674
ODNGZFVJCHGSBG-UHFFFAOYSA-N__QQOWIXIJGJCYDO-DEOSSOPVSA-N,-1.0100865593887989
DUIHFLTVVKPPPB-UHFFFAOYSA-N__KMIAVWXNGSGWOQ-RPWUZVMVSA-N,15.550855076176624
KMIAVWXNGSGWOQ-RPWUZVMVSA-N__DUIHFLTVVKPPPB-UHFFFAOYSA-N,17.59245953137326
TVBHGTMERMFCLR-UHFFFAOYSA-N__NDMTXKGCLWSWBK-UHFFFAOYSA-N,20.102519800510827
NDMTXKGCLWSWBK-UHFFFAOYSA-N__TVBHGTMERMFCLR-UHFFFAOYSA-N,13.056236519292776
ZHACEWFVMFGYJH-UVXZSWABSA-N__GPOFPOWVZRQGRW-UHFFFAOYSA-N,5.0624521129288444
RKXGJGMPRWMGPK-UHFFFAOYSA-N__RURJPEQRRJZHON-PMACEKPBSA-N,7.780848251744159
GPOFPOWVZRQGRW-UHFFFAOYSA-N__ZHACEWFVMFGYJH-UVXZSWABSA-N,7.249028536994255
RURJPEQRRJZHON-PMACEKPBSA-N__RKXGJGMPRWMGPK-UHFFFAOYSA-N,16.826731313448473
JCVXZPYOXBBCFV-UHFFFAOYSA-N__NHBCRQBMJKNVMS-FGNSBMJPSA-N,0.71860286908456
GSKQIBPCYGXXOP-UHFFFAOYSA-N__NLZDBKPIGQDRHR-UHFFFAOYSA-N,7.023026433389664
NHBCRQBMJKNVMS-FGNSBMJPSA-N__JCVXZPYOXBBCFV-UHFFFAOYSA-N,3.278424420883732
NLZDBKPIGQDRHR-UHFFFAOYSA-N__GSKQIBPCYGXXOP-UHFFFAOYSA-N,9.867574339130195
DBJMLYYBVRNGDJ-UHFFFAOYSA-N__VZOSBTFBAZDXQK-UHFFFAOYSA-N,4.883510556154722
VZOSBTFBAZDXQK-UHFFFAOYSA-N__DBJMLYYBVRNGDJ-UHFFFAOYSA-N,5.967641077414281
WGHZJFNNDXXIGU-UHFFFAOYSA-N__GPQNXTTZUVAFGN-UHFFFAOYSA-N,3.663993060086192
GPQNXTTZUVAFGN-UHFFFAOYSA-N__WGHZJFNNDXXIGU-UHFFFAOYSA-N,-0.521799553678558
HLPIMLVCSNFEGG-UHFFFAOYSA-N__ONVPIKMVMYTHHR-UHFFFAOYSA-N,9.705632367355348
ONVPIKMVMYTHHR-UHFFFAOYSA-N__HLPIMLVCSNFEGG-UHFFFAOYSA-N,12.407079268714629
MLDGTUDITORZLM-UHFFFAOYSA-N__LQWKQEQDCYLWEN-UHFFFAOYSA-N,3.767881367397227
LQWKQEQDCYLWEN-UHFFFAOYSA-N__MLDGTUDITORZLM-UHFFFAOYSA-N,15.004858916474909
KYPJUGXDLPURTM-FQEVSTJZSA-N__MMLGGZIPOIUMCJ-UHFFFAOYSA-N,-0.272924431235323
MMLGGZIPOIUMCJ-UHFFFAOYSA-N__KYPJUGXDLPURTM-FQEVSTJZSA-N,0.1110360410403377
DBVLPXBEHCCSQG-UHFFFAOYSA-N__QMUATCQKJCZAHT-LJACVQLNSA-N,-2.9343429867042823
QMUATCQKJCZAHT-LJACVQLNSA-N__DBVLPXBEHCCSQG-UHFFFAOYSA-N,-5.863949827253537
MVSPEXKTOWFRQU-UHFFFAOYSA-N__LUFXCBKFVMQVTP-UHFFFAOYSA-N,0.166130034008451
LUFXCBKFVMQVTP-UHFFFAOYSA-N__MVSPEXKTOWFRQU-UHFFFAOYSA-N,-0.8744023589004076
YGCJZXPCEGASLR-NRFANRHFSA-N__RRCGPHICXTWNCX-UHFFFAOYSA-N,9.21983243104779
RRCGPHICXTWNCX-UHFFFAOYSA-N__YGCJZXPCEGASLR-NRFANRHFSA-N,1.8088929260981297
XLNRZGWJDOATKY-UHFFFAOYSA-N__MBQVTRITUGYGDZ-SSDOTTSWSA-N,-9.37424766458454
MBQVTRITUGYGDZ-SSDOTTSWSA-N__XLNRZGWJDOATKY-UHFFFAOYSA-N,6.323037676724359
CMMIGDUMUBUWDL-UHFFFAOYSA-N__QZDHCLGWIMBBFC-UHFFFAOYSA-N,6.886774455406813
QZDHCLGWIMBBFC-UHFFFAOYSA-N__CMMIGDUMUBUWDL-UHFFFAOYSA-N,6.63047305688827
VTMXDWTYUCKYSG-FQEVSTJZSA-N__QWHXFAXRGVDQLI-UHFFFAOYSA-N,9.19600779288382
QWHXFAXRGVDQLI-UHFFFAOYSA-N__VTMXDWTYUCKYSG-FQEVSTJZSA-N,4.067296346006135
NMPOAMDYEUEITC-UHFFFAOYSA-N__YRHDGDMGUVXBLY-KRWDZBQOSA-N,-0.3591690014095252
YRHDGDMGUVXBLY-KRWDZBQOSA-N__NMPOAMDYEUEITC-UHFFFAOYSA-N,-9.321225454561612
LVSWFKCWGVJPAO-UHFFFAOYSA-N__ZYIIXQGNXLBFBO-WCGPTHBMSA-N,12.454188714538413
ZYIIXQGNXLBFBO-WCGPTHBMSA-N__LVSWFKCWGVJPAO-UHFFFAOYSA-N,8.906904412747169
ZGRYUDFWRRADMM-UHFFFAOYSA-N__FYSRAGLPXRVAPN-UHFFFAOYSA-N,11.90893307838355
FYSRAGLPXRVAPN-UHFFFAOYSA-N__ZGRYUDFWRRADMM-UHFFFAOYSA-N,6.956510989964576
BJMJZEFCAYFGRH-UHFFFAOYSA-N__LWZBDMKHUMLBRA-WBVKSWKWSA-N,3.3471076402782343
LWZBDMKHUMLBRA-WBVKSWKWSA-N__BJMJZEFCAYFGRH-UHFFFAOYSA-N,8.461891330439139
HDCLEIYVQFAFRR-UHFFFAOYSA-N__HDNCSXRERSHDQJ-LEDSTXDGSA-N,3.5956590811200475
HDNCSXRERSHDQJ-LEDSTXDGSA-N__HDCLEIYVQFAFRR-UHFFFAOYSA-N,2.431765104950016
PFDSILCAXLGWKS-UHFFFAOYSA-N__UWVUIPQZAHBAAY-UHFFFAOYSA-N,-0.2226931639294399
UWVUIPQZAHBAAY-UHFFFAOYSA-N__PFDSILCAXLGWKS-UHFFFAOYSA-N,4.375168659620623
JRZZBNZRUIWFTH-UHFFFAOYSA-N__QBOFUTOZHVTRCU-ZCFIWIBFSA-N,-1.85336104700507
QBOFUTOZHVTRCU-ZCFIWIBFSA-N__JRZZBNZRUIWFTH-UHFFFAOYSA-N,2.3114421731486567
JHPNLGYUKQTWHN-UHFFFAOYSA-N__VVMMNLGQTHWPQD-UHFFFAOYSA-N,3.382915592771511
VVMMNLGQTHWPQD-UHFFFAOYSA-N__JHPNLGYUKQTWHN-UHFFFAOYSA-N,1.6745792905416717
JANAOPYUDBCYII-UHFFFAOYSA-N__UJPZANMCFSYCKC-UHFFFAOYSA-N,1.7756253578487564
UJPZANMCFSYCKC-UHFFFAOYSA-N__JANAOPYUDBCYII-UHFFFAOYSA-N,3.011050268586386
DHEFZICYTLUMAS-NRFANRHFSA-N__HBPJTQIYLIPTIT-UHFFFAOYSA-N,-1.3955777188269165
HBPJTQIYLIPTIT-UHFFFAOYSA-N__DHEFZICYTLUMAS-NRFANRHFSA-N,3.7041750155465576
DKDLEDRTCYIADG-UHFFFAOYSA-N__FPGPVQXIDPQYRT-UHFFFAOYSA-N,5.950139693248437
DXOHEIWOGHALET-GOADRSPRSA-N__AAPBMQVDCKNNHC-UHFFFAOYSA-N,5.41312276157822
FPGPVQXIDPQYRT-UHFFFAOYSA-N__DKDLEDRTCYIADG-UHFFFAOYSA-N,2.023783232206528
AAPBMQVDCKNNHC-UHFFFAOYSA-N__DXOHEIWOGHALET-GOADRSPRSA-N,8.460622007126112
NQOUDZZHNAVUHU-UHFFFAOYSA-N__NURYGXVBXBKIAY-KNIGDJRASA-N,1.54615850659885
NURYGXVBXBKIAY-KNIGDJRASA-N__NQOUDZZHNAVUHU-UHFFFAOYSA-N,0.8420002506835074
RDVFRNFKMYFILS-UHFFFAOYSA-N__RQHOFNXQOONQPA-UHFFFAOYSA-N,1.5698727679695832
RQHOFNXQOONQPA-UHFFFAOYSA-N__RDVFRNFKMYFILS-UHFFFAOYSA-N,0.5127309114864272
JZEJZJWXWXHCOG-UHFFFAOYSA-N__UMNPDEWXXUITMM-UHFFFAOYSA-N,10.326977167987948
UMNPDEWXXUITMM-UHFFFAOYSA-N__JZEJZJWXWXHCOG-UHFFFAOYSA-N,11.276646141584242
XOAMZEXCZRPMPJ-KSSFIOAISA-N__BICWLCXMHZYOSL-UHFFFAOYSA-N,9.636932734367116
BICWLCXMHZYOSL-UHFFFAOYSA-N__XOAMZEXCZRPMPJ-KSSFIOAISA-N,3.8333424120823607
HHAGOWQSQDAINL-UHFFFAOYSA-N__AJJJBAUASFSALR-UHFFFAOYSA-N,-1.974686819834388
AJJJBAUASFSALR-UHFFFAOYSA-N__HHAGOWQSQDAINL-UHFFFAOYSA-N,8.210405457041938
KDRJCTIDMBGGMD-KKFHFHRHSA-N__RXPJRMRDNCBKTD-UHFFFAOYSA-N,9.415508269315463
RXPJRMRDNCBKTD-UHFFFAOYSA-N__KDRJCTIDMBGGMD-KKFHFHRHSA-N,7.930709442290002
SRDCGVNWDXUYEF-UHFFFAOYSA-N__SMYNOPZGCCLROM-UHFFFAOYSA-N,6.885547570361829
SMYNOPZGCCLROM-UHFFFAOYSA-N__SRDCGVNWDXUYEF-UHFFFAOYSA-N,5.3358929115838665
POKYVYBFNUVACF-UHFFFAOYSA-N__VBFXMUXJUVFDNI-VKHMYHEASA-N,-1.1401631813194264
VBFXMUXJUVFDNI-VKHMYHEASA-N__POKYVYBFNUVACF-UHFFFAOYSA-N,3.4821996510861006
TWQASIHSAJIEFQ-UHFFFAOYSA-N__ZHJKVXOTASUSMY-UHFFFAOYSA-N,1.4585574445065648
ZHJKVXOTASUSMY-UHFFFAOYSA-N__TWQASIHSAJIEFQ-UHFFFAOYSA-N,14.852502904340913
HRBYMUIALRPHAZ-UHFFFAOYSA-N__IYHRZIMZWQHVIK-UHFFFAOYSA-N,17.626797790036996
IYHRZIMZWQHVIK-UHFFFAOYSA-N__HRBYMUIALRPHAZ-UHFFFAOYSA-N,13.944427159919815
WHLWEBGHRIJWQY-WPIPHVKCSA-N__KKWFRZOTBKNYQQ-UHFFFAOYSA-N,0.6315987212783528
KKWFRZOTBKNYQQ-UHFFFAOYSA-N__WHLWEBGHRIJWQY-WPIPHVKCSA-N,6.5777789894726135
UECPBMHRZFINEH-UHFFFAOYSA-N__YNWMWYUYDQURND-LBPRGKRZSA-N,8.384802977269622
YNWMWYUYDQURND-LBPRGKRZSA-N__UECPBMHRZFINEH-UHFFFAOYSA-N,1.645703690274695
BAIGOPVBSKZHEZ-UHFFFAOYSA-N__FYXAJKCBCCNFJF-UHFFFAOYSA-N,4.214873659217054
FYXAJKCBCCNFJF-UHFFFAOYSA-N__BAIGOPVBSKZHEZ-UHFFFAOYSA-N,9.361769304092148
KIOMRAJPMUTAPP-UHFFFAOYSA-N__LRDGJESNUJCQIL-UHFFFAOYSA-N,4.139748666332927
LRDGJESNUJCQIL-UHFFFAOYSA-N__KIOMRAJPMUTAPP-UHFFFAOYSA-N,5.496510074769461
UUIJBHIKVXVGRW-UHFFFAOYSA-N__UXHRANPNTTVBSO-WDCZJNDASA-N,1.97908465085916
UXHRANPNTTVBSO-WDCZJNDASA-N__UUIJBHIKVXVGRW-UHFFFAOYSA-N,4.509747012128876
XSTZQNRNHJFLLD-UHFFFAOYSA-N__NTDTZJBTHGEHOG-UHFFFAOYSA-N,7.517536043811555
NTDTZJBTHGEHOG-UHFFFAOYSA-N__XSTZQNRNHJFLLD-UHFFFAOYSA-N,5.202146339912173
AIELQWHEGLQCQF-UHFFFAOYSA-N__YOLIJSASICRKBF-UHFFFAOYSA-N,10.73816513136454
YOLIJSASICRKBF-UHFFFAOYSA-N__AIELQWHEGLQCQF-UHFFFAOYSA-N,6.66790568970613
ZLVNSNSNQMPTPK-UHFFFAOYSA-N__BFEBZRNUCQQHKS-GOEBONIOSA-N,8.5111524536028
BFEBZRNUCQQHKS-GOEBONIOSA-N__ZLVNSNSNQMPTPK-UHFFFAOYSA-N,7.682603897003304
BQBSYRVHBOVRAT-UHFFFAOYSA-N__LGVYOHUWUSWSHY-UHFFFAOYSA-N,12.128997144534347
LGVYOHUWUSWSHY-UHFFFAOYSA-N__BQBSYRVHBOVRAT-UHFFFAOYSA-N,15.76419826105438
SHTGSQJEYZCIJL-UHFFFAOYSA-N__NBOMWUQTHRVBCB-UHFFFAOYSA-N,11.729713247428858
NBOMWUQTHRVBCB-UHFFFAOYSA-N__SHTGSQJEYZCIJL-UHFFFAOYSA-N,9.76359035796816
GHWYRNSYKRAJOG-UHFFFAOYSA-N__PYXMHBZWVBYTQI-UHFFFAOYSA-N,11.269268371991949
PYXMHBZWVBYTQI-UHFFFAOYSA-N__GHWYRNSYKRAJOG-UHFFFAOYSA-N,11.98927894046498
YGEHCIVVZVBCLE-AUCXZHPRSA-N__PNUNXSOORBJHHU-UHFFFAOYSA-N,16.03794538988714
PNUNXSOORBJHHU-UHFFFAOYSA-N__YGEHCIVVZVBCLE-AUCXZHPRSA-N,12.917212417756833
GXAVXHQQZLYQMO-SLPGGIOYSA-N__RXAGWOORUBSMCB-KRWDZBQOSA-N,5.346387700791953
RXAGWOORUBSMCB-KRWDZBQOSA-N__GXAVXHQQZLYQMO-SLPGGIOYSA-N,-2.453771746472025
RWNVGUCRTYVEJM-UHFFFAOYSA-N__XBIPKAVOMUDHPZ-BZSNNMDCSA-N,4.139696412953135
XBIPKAVOMUDHPZ-BZSNNMDCSA-N__RWNVGUCRTYVEJM-UHFFFAOYSA-N,8.943831901785504
OMZMPQHDBURRRR-UHFFFAOYSA-N__YRHDGDMGUVXBLY-KRWDZBQOSA-N,-3.9069585411485215
YRHDGDMGUVXBLY-KRWDZBQOSA-N__OMZMPQHDBURRRR-UHFFFAOYSA-N,-6.323419443429877
XRZHNRHJRKTFRR-UHFFFAOYSA-N__NHJOTPOLZFGAKH-UHFFFAOYSA-N,-1.4134726251749306
NHJOTPOLZFGAKH-UHFFFAOYSA-N__XRZHNRHJRKTFRR-UHFFFAOYSA-N,6.048529833677603
NXYJBJQRHIZGGP-QCKNELIISA-N__APIIWVONXFWFHW-PDGQHHTCSA-N,9.394311041392662
LYWFDKLOSSHPPB-UHFFFAOYSA-N__NZTZWGUGEUSOAM-UHFFFAOYSA-N,3.007905146674047
APIIWVONXFWFHW-PDGQHHTCSA-N__NXYJBJQRHIZGGP-QCKNELIISA-N,11.851611286830606
NZTZWGUGEUSOAM-UHFFFAOYSA-N__LYWFDKLOSSHPPB-UHFFFAOYSA-N,0.4592616599095671
LVTRGCDDMKIQRG-UHFFFAOYSA-N__CHGWHARXMAPQGJ-OKHTVQBWSA-N,-1.804057306903419
CHGWHARXMAPQGJ-OKHTVQBWSA-N__LVTRGCDDMKIQRG-UHFFFAOYSA-N,0.0859779859092222
KLYLPVUBSHVUFB-UHFFFAOYSA-N__PLCMKSUMDIIFQH-UHFFFAOYSA-N,2.7154428634112384
PLCMKSUMDIIFQH-UHFFFAOYSA-N__KLYLPVUBSHVUFB-UHFFFAOYSA-N,5.832274243477435
OCSJCFZXXRVYIN-HNNXBMFYSA-N__MXMBQTWTEUGEHG-UHFFFAOYSA-N,10.101192327538795
MXMBQTWTEUGEHG-UHFFFAOYSA-N__OCSJCFZXXRVYIN-HNNXBMFYSA-N,8.993788809241561
CCXCQOQFBOYXAA-UHFFFAOYSA-N__TYVMRQWWYBPVRT-UHFFFAOYSA-N,3.278029198394304
TYVMRQWWYBPVRT-UHFFFAOYSA-N__CCXCQOQFBOYXAA-UHFFFAOYSA-N,-0.3117890572040367
MGTBKBZWOOYMHE-UHFFFAOYSA-N__NKMVLJVJMOHXFQ-UHFFFAOYSA-N,6.020876179189297
NKMVLJVJMOHXFQ-UHFFFAOYSA-N__MGTBKBZWOOYMHE-UHFFFAOYSA-N,6.93435295731906
IFVVHWHIIFHTSV-UHFFFAOYSA-N__WSZYDMZVBMSLSQ-UHFFFAOYSA-N,11.121380852011182
WSZYDMZVBMSLSQ-UHFFFAOYSA-N__IFVVHWHIIFHTSV-UHFFFAOYSA-N,4.341757138753134
BFPZKBDYUVNLIF-UHFFFAOYSA-N__WTZRXMCXEKEWBI-UHFFFAOYSA-N,0.0618119297004981
WTZRXMCXEKEWBI-UHFFFAOYSA-N__BFPZKBDYUVNLIF-UHFFFAOYSA-N,-0.3517527386272861
DJFDBSVJIJIEAF-UHFFFAOYSA-N__MCGBHWDYRPGANM-UHFFFAOYSA-N,17.069192055511987
MCGBHWDYRPGANM-UHFFFAOYSA-N__DJFDBSVJIJIEAF-UHFFFAOYSA-N,6.968401371023715
BUJVAUBVALNIBP-UHFFFAOYSA-N__MAILVHCKTFHURD-HSZRJFAPSA-N,21.42856353407824
MAILVHCKTFHURD-HSZRJFAPSA-N__BUJVAUBVALNIBP-UHFFFAOYSA-N,3.4283605503638728
FYQXDEGMLZOXGA-UHFFFAOYSA-N__JHGZMCANMMWSQB-UHFFFAOYSA-N,3.4231254428589404
JHGZMCANMMWSQB-UHFFFAOYSA-N__FYQXDEGMLZOXGA-UHFFFAOYSA-N,3.412204215392125
WOPXFYCJXYBGRX-UHFFFAOYSA-N__XRFQUKOCDYJRNE-UHFFFAOYSA-N,7.954266941523852
XRFQUKOCDYJRNE-UHFFFAOYSA-N__WOPXFYCJXYBGRX-UHFFFAOYSA-N,6.216217192187032
FBIKTKPHCSATGG-UHFFFAOYSA-N__JZGIKNGDRYRTDB-UHFFFAOYSA-N,7.723526108487146
JZGIKNGDRYRTDB-UHFFFAOYSA-N__FBIKTKPHCSATGG-UHFFFAOYSA-N,13.010187907251977
RDIQQEGTEKMUPW-UHFFFAOYSA-N__HJEYARXQWQGWOH-HSLAMFCZSA-N,4.834757044049535
HJEYARXQWQGWOH-HSLAMFCZSA-N__RDIQQEGTEKMUPW-UHFFFAOYSA-N,8.579909968876736
BPBHQZBSHRLCOO-UHFFFAOYSA-N__FCZNTUDWVQSVHC-UHFFFAOYSA-N,5.117456577236321
FCZNTUDWVQSVHC-UHFFFAOYSA-N__BPBHQZBSHRLCOO-UHFFFAOYSA-N,7.21679157802186
RTENCOYFGUBQCS-UHFFFAOYSA-N__KTKUNEUPWDRROX-UUILKARUSA-N,18.51431967572109
GBLQIGUCTQLCQG-YPOGWSRFSA-N__NAQVFTHUFHJOPN-QRFRQXIXSA-N,11.466808243466083
KTKUNEUPWDRROX-UUILKARUSA-N__RTENCOYFGUBQCS-UHFFFAOYSA-N,10.749830675074987
NAQVFTHUFHJOPN-QRFRQXIXSA-N__GBLQIGUCTQLCQG-YPOGWSRFSA-N,18.13401508905442
VSWUURQZRYYRCI-UHFFFAOYSA-N__ZGYMRHXGQSTJLY-PMJXDKCKSA-N,7.00994247437427
ZGYMRHXGQSTJLY-PMJXDKCKSA-N__VSWUURQZRYYRCI-UHFFFAOYSA-N,4.147855873445926
KTSWSPSLUAFKIK-UHFFFAOYSA-N__ZJKXFSMDAKVCGE-UHFFFAOYSA-N,4.752004889715924
ZJKXFSMDAKVCGE-UHFFFAOYSA-N__KTSWSPSLUAFKIK-UHFFFAOYSA-N,8.997187850576758
QBLTXBVEKIMNOH-UHFFFAOYSA-N__NUGPBCHEPZRFCW-UHFFFAOYSA-N,5.304886488815532
NUGPBCHEPZRFCW-UHFFFAOYSA-N__QBLTXBVEKIMNOH-UHFFFAOYSA-N,3.349193302764361
AMUZVIGDLQHHOR-UHFFFAOYSA-N__JKLZMCNRUSESHS-UHFFFAOYSA-N,20.05092690305449
JKLZMCNRUSESHS-UHFFFAOYSA-N__AMUZVIGDLQHHOR-UHFFFAOYSA-N,3.412204055306135
HKJKOHDJUKCNRG-ZNNOGEEPSA-N__VAVOUDYAWHOBKC-UHFFFAOYSA-N,5.451455679480604
VAVOUDYAWHOBKC-UHFFFAOYSA-N__HKJKOHDJUKCNRG-ZNNOGEEPSA-N,-4.558851659013302
PZXCNDALWOSFOP-UHFFFAOYSA-N__NYAJRIOFVJHUAI-NJHPPEEMSA-N,10.52207548013789
NYAJRIOFVJHUAI-NJHPPEEMSA-N__PZXCNDALWOSFOP-UHFFFAOYSA-N,8.57339217280478
ZUVIQNGYPRTIGV-UHFFFAOYSA-N__SLOZHIWRDRLZGW-UHFFFAOYSA-N,7.33416787962854
SLOZHIWRDRLZGW-UHFFFAOYSA-N__ZUVIQNGYPRTIGV-UHFFFAOYSA-N,4.439790616442633
IIOYAZSFCYAFGH-UHFFFAOYSA-N__GZYGJTHERWXPEQ-FZPZUOBXSA-N,5.834086746045264
GZYGJTHERWXPEQ-FZPZUOBXSA-N__IIOYAZSFCYAFGH-UHFFFAOYSA-N,1.3298130963159105
JKCNVWCBCHCRGO-RDABAPPSSA-N__RDIQQEGTEKMUPW-UHFFFAOYSA-N,-1.1704170005762295
RDIQQEGTEKMUPW-UHFFFAOYSA-N__JKCNVWCBCHCRGO-RDABAPPSSA-N,4.128708351868351
DWQFNASLSQWXFY-UHFFFAOYSA-N__SAAGGNAOVQQTPV-UHFFFAOYSA-N,9.31010105457408
SAAGGNAOVQQTPV-UHFFFAOYSA-N__DWQFNASLSQWXFY-UHFFFAOYSA-N,3.0195530615925725
YCMXLTWKQUAKHK-UHFFFAOYSA-N__UWXWXBFCISYEKE-UHFFFAOYSA-N,0.7783870525422707
UWXWXBFCISYEKE-UHFFFAOYSA-N__YCMXLTWKQUAKHK-UHFFFAOYSA-N,-4.672102363454578
OYQPOISPVSWLOK-UHFFFAOYSA-N__KDVUTHOMPYFSDW-IXISDDIVSA-N,-8.119650057106595
KDVUTHOMPYFSDW-IXISDDIVSA-N__OYQPOISPVSWLOK-UHFFFAOYSA-N,-6.839984831285797
ATYUEOYJIQYTAG-UHFFFAOYSA-N__IBQQBCRQZULEFR-UHFFFAOYSA-N,16.49852464481423
IBQQBCRQZULEFR-UHFFFAOYSA-N__ATYUEOYJIQYTAG-UHFFFAOYSA-N,4.868293101901064
LRPVZASMIPELTL-QWRGUYRKSA-N__USZREJCBOWDAEI-UHFFFAOYSA-N,7.25339420949734
USZREJCBOWDAEI-UHFFFAOYSA-N__LRPVZASMIPELTL-QWRGUYRKSA-N,12.129793863400153
FUDRZERZCHOOIZ-UHFFFAOYSA-N__XRUSSFHZBFTCGU-UHFFFAOYSA-N,9.452866592770716
XRUSSFHZBFTCGU-UHFFFAOYSA-N__FUDRZERZCHOOIZ-UHFFFAOYSA-N,5.797967628406387
BBVNWNOIFFBQSC-UHFFFAOYSA-N__LNSXDCRAVUVSLW-UHFFFAOYSA-N,12.191688086787686
LNSXDCRAVUVSLW-UHFFFAOYSA-N__BBVNWNOIFFBQSC-UHFFFAOYSA-N,11.739226506485693
ZFGROYPCIAVTTR-UHFFFAOYSA-N__HWWOGKWMIOQRRX-UHFFFAOYSA-N,10.48033449972661
HWWOGKWMIOQRRX-UHFFFAOYSA-N__ZFGROYPCIAVTTR-UHFFFAOYSA-N,3.3405849411804653
GNYOTOHNSSONSQ-UHFFFAOYSA-N__JLRDPYPCIJAPLT-ASCMOBCVSA-N,0.1170023316025202
JLRDPYPCIJAPLT-ASCMOBCVSA-N__GNYOTOHNSSONSQ-UHFFFAOYSA-N,3.0635279932697044
FWRKDEZPJATNSQ-UHFFFAOYSA-N__QFKTXYFLFZNDEZ-UHFFFAOYSA-N,1.3906042198661328
QFKTXYFLFZNDEZ-UHFFFAOYSA-N__FWRKDEZPJATNSQ-UHFFFAOYSA-N,7.114288867603078
SLDKOYAFRFLPES-UHFFFAOYSA-N__PLBBQSYCDUAPKJ-QGZVFWFLSA-N,14.306789702619083
PLBBQSYCDUAPKJ-QGZVFWFLSA-N__SLDKOYAFRFLPES-UHFFFAOYSA-N,11.981636342702506
IPNLTLQHCGGDCS-CQSZACIVSA-N__ZRWRFUHSJYAXIJ-UHFFFAOYSA-N,3.614301559792248
ZRWRFUHSJYAXIJ-UHFFFAOYSA-N__IPNLTLQHCGGDCS-CQSZACIVSA-N,5.356709367560086
BDVMNOIUVFVQRL-HNNXBMFYSA-N__VNPVRJHELGIZOG-UHFFFAOYSA-N,10.487074748265504
VNPVRJHELGIZOG-UHFFFAOYSA-N__BDVMNOIUVFVQRL-HNNXBMFYSA-N,7.084597710758058
RRASOGHFLYXIIK-UHFFFAOYSA-N__BFQNTIRRYRVACS-UHFFFAOYSA-N,9.592571796630653
BFQNTIRRYRVACS-UHFFFAOYSA-N__RRASOGHFLYXIIK-UHFFFAOYSA-N,4.096603831949894
KXRGCMHBLSLIKJ-BDAKNGLRSA-N__IPVLFKPUGRLUKY-CVEARBPZSA-N,1.4911295678972063
IPVLFKPUGRLUKY-CVEARBPZSA-N__KXRGCMHBLSLIKJ-BDAKNGLRSA-N,3.644409086100744
FHRVWMUANLCTEE-DYVFJYSZSA-N__UAEAFWMGYFQALP-RUZDIDTESA-N,14.767151178676995
UAEAFWMGYFQALP-RUZDIDTESA-N__FHRVWMUANLCTEE-DYVFJYSZSA-N,18.183516919267635
DTHAYAUUSLOISY-MSXFZWOLSA-N__BRFDPJYHCJVJEP-ZJOUEHCJSA-N,7.502771844859519
BRFDPJYHCJVJEP-ZJOUEHCJSA-N__DTHAYAUUSLOISY-MSXFZWOLSA-N,7.857984537041829
INPIFTFVSIESOW-UHFFFAOYSA-N__RQZISLKRMODYKQ-JKSUJKDBSA-N,-4.651502527222239
RQZISLKRMODYKQ-JKSUJKDBSA-N__INPIFTFVSIESOW-UHFFFAOYSA-N,1.1609225784469008
KNRVYXTWGYJFEF-UHFFFAOYSA-N__XECJSRYRDPJDQS-UHFFFAOYSA-N,2.414733963249648
XECJSRYRDPJDQS-UHFFFAOYSA-N__KNRVYXTWGYJFEF-UHFFFAOYSA-N,3.152157422793051
MSGWONYPYUSLOH-ZIAGYGMSSA-N__WOZZXPDHSIIKBQ-UHFFFAOYSA-N,-0.8028745048466844
WOZZXPDHSIIKBQ-UHFFFAOYSA-N__MSGWONYPYUSLOH-ZIAGYGMSSA-N,3.294646190076487
LPLDMUGULFEJJK-KVIJGQROSA-N__ZDGXMBKETNFWRX-UHFFFAOYSA-N,-1.1908899590306337
ZDGXMBKETNFWRX-UHFFFAOYSA-N__LPLDMUGULFEJJK-KVIJGQROSA-N,2.204154278897412
GQDIXNWKKHPGFS-UHFFFAOYSA-N__LDDMACCNBZAMSG-DBRKOABJSA-N,8.928914667760964
LDDMACCNBZAMSG-DBRKOABJSA-N__GQDIXNWKKHPGFS-UHFFFAOYSA-N,0.2894274931997781
LEHCBSZHTPGIBD-UHFFFAOYSA-N__XOPPYWGGTZVUFP-VUMGGCQHSA-N,9.959096049440593
AEYCSENPMLSSGY-SABDPVTBSA-N__LOBDRXVWORVYEN-UHFFFAOYSA-N,1.856788156001452
XOPPYWGGTZVUFP-VUMGGCQHSA-N__LEHCBSZHTPGIBD-UHFFFAOYSA-N,13.96694505673944
LOBDRXVWORVYEN-UHFFFAOYSA-N__AEYCSENPMLSSGY-SABDPVTBSA-N,11.375194389757215
ZLNNPSATCQDVAX-UHFFFAOYSA-N__JULXTBZYTJJHTJ-UHFFFAOYSA-N,3.709756387906477
JULXTBZYTJJHTJ-UHFFFAOYSA-N__ZLNNPSATCQDVAX-UHFFFAOYSA-N,4.997917249662667
NGQPHPAMLFFHGL-UHFFFAOYSA-N__WCBZNTOCZLIVGQ-UHFFFAOYSA-N,-18.1263064726572
WCBZNTOCZLIVGQ-UHFFFAOYSA-N__NGQPHPAMLFFHGL-UHFFFAOYSA-N,-22.3605801945229
DKXNBNKWCZZMJT-BIWQTJEQSA-N__TXCWMTRCBVVEPE-UHFFFAOYSA-N,4.655478544147724
TXCWMTRCBVVEPE-UHFFFAOYSA-N__DKXNBNKWCZZMJT-BIWQTJEQSA-N,4.242262283287505
NKACAZUGEMBDIH-UHFFFAOYSA-N__BKWKAIUBTKATHZ-NDHXDJGDSA-N,5.2581138683378095
BKWKAIUBTKATHZ-NDHXDJGDSA-N__NKACAZUGEMBDIH-UHFFFAOYSA-N,-0.4460431749438591
MVPVCQGEPVPSSW-UHFFFAOYSA-N__HLDNTJYXQWKLSS-GNAVYWAASA-N,2.8551352386334075
HLDNTJYXQWKLSS-GNAVYWAASA-N__MVPVCQGEPVPSSW-UHFFFAOYSA-N,7.427245855903406
WTQVAZILUGEBFG-UHFFFAOYSA-N__AGYMECUAMVUFNR-UHFFFAOYSA-N,4.379722219143281
AGYMECUAMVUFNR-UHFFFAOYSA-N__WTQVAZILUGEBFG-UHFFFAOYSA-N,6.957922761772272
DRVXSUVZVVFHKR-RUDMXATFSA-N__MEECLAURYAYFLE-UHFFFAOYSA-N,13.09410679431982
MEECLAURYAYFLE-UHFFFAOYSA-N__DRVXSUVZVVFHKR-RUDMXATFSA-N,5.439358880021754
ZNWKOFWUVGWZIT-UHFFFAOYSA-N__BRYZIBFWSXLVLE-JOCHJYFZSA-N,6.464294030146311
BRYZIBFWSXLVLE-JOCHJYFZSA-N__ZNWKOFWUVGWZIT-UHFFFAOYSA-N,5.693770386809375
HRIOBTHGHMMFTN-UHFFFAOYSA-N__VBPNNWYFMDLPHK-UHFFFAOYSA-N,-3.276000337185412
VBPNNWYFMDLPHK-UHFFFAOYSA-N__HRIOBTHGHMMFTN-UHFFFAOYSA-N,0.100439985601193
XHDXZSTYTCISSR-RBBKRZOGSA-N__ZOTXTVFBSCWXOD-VYIJYACVSA-N,-3.8473680289225376
ZOTXTVFBSCWXOD-VYIJYACVSA-N__XHDXZSTYTCISSR-RBBKRZOGSA-N,10.17236483842084
CSASMUKWDFIBRK-UHFFFAOYSA-N__RALWFAOLPUWJRV-RFZPGFLSSA-N,1.0556239730609598
RALWFAOLPUWJRV-RFZPGFLSSA-N__CSASMUKWDFIBRK-UHFFFAOYSA-N,1.087925864594523
UCOPVNMEAHJEPP-GOSISDBHSA-N__GLOFIPKKIDEQIF-UHFFFAOYSA-N,8.094560894642322
GLOFIPKKIDEQIF-UHFFFAOYSA-N__UCOPVNMEAHJEPP-GOSISDBHSA-N,6.663280912606386
USCRCEPKFITYDL-UHFFFAOYSA-N__ZERVLEPGBAOWSM-UHFFFAOYSA-N,2.577643365338222
TUJZTTZIEKAALF-QMMMGPOBSA-N__VNKFFBMAMOEHCS-UHFFFAOYSA-N,0.6361389962320633
VNKFFBMAMOEHCS-UHFFFAOYSA-N__TUJZTTZIEKAALF-QMMMGPOBSA-N,4.140904617732304
ZERVLEPGBAOWSM-UHFFFAOYSA-N__USCRCEPKFITYDL-UHFFFAOYSA-N,1.881995182881643
HKFCXIIOFYLUMM-UHFFFAOYSA-N__KMPHOLZBRFEXSA-UOXLDJKESA-N,3.975894351123753
KMPHOLZBRFEXSA-UOXLDJKESA-N__HKFCXIIOFYLUMM-UHFFFAOYSA-N,11.109634879572678
AYQNHSDBDMMOFR-UHFFFAOYSA-N__KKANGIJAOLEEDO-UHFFFAOYSA-N,1.4934720907798715
KKANGIJAOLEEDO-UHFFFAOYSA-N__AYQNHSDBDMMOFR-UHFFFAOYSA-N,9.20333491380856
GLHGEGGCRFNUDP-UHFFFAOYSA-N__PCHSCTDDZZTEJK-UHFFFAOYSA-N,8.4981705206562
PCHSCTDDZZTEJK-UHFFFAOYSA-N__GLHGEGGCRFNUDP-UHFFFAOYSA-N,3.798282029059688
FDRXUAFJXLSYIY-UHFFFAOYSA-N__MSDWXNGBYAAWOB-UHFFFAOYSA-N,11.307013708963904
MSDWXNGBYAAWOB-UHFFFAOYSA-N__FDRXUAFJXLSYIY-UHFFFAOYSA-N,3.197428055303025
DEGWPIRAWHFMNL-UHFFFAOYSA-N__ZZUAATAQSCZYRJ-GMAHTHKFSA-N,11.765713256739444
NYTCBHCQRDDQTD-UHFFFAOYSA-N__ONTQBIYWNDHYQJ-MRVPVSSYSA-N,2.877759197843228
ZZUAATAQSCZYRJ-GMAHTHKFSA-N__DEGWPIRAWHFMNL-UHFFFAOYSA-N,12.1345290787165
AKRQZLJCKFGQBK-UHFFFAOYSA-N__OXVISHZELPRKFQ-UHFFFAOYSA-N,-0.1349268421589993
OXVISHZELPRKFQ-UHFFFAOYSA-N__AKRQZLJCKFGQBK-UHFFFAOYSA-N,5.3929850142694775
ONTQBIYWNDHYQJ-MRVPVSSYSA-N__NYTCBHCQRDDQTD-UHFFFAOYSA-N,7.687230384397845
BVAIMFNUYZZKFI-IRXDYDNUSA-N__VICMIKIDQAUXJY-AOYPEHQESA-N,9.218493016324096
VICMIKIDQAUXJY-AOYPEHQESA-N__BVAIMFNUYZZKFI-IRXDYDNUSA-N,10.966700745360322
SBBKNFGSGIJMDK-UHFFFAOYSA-N__QXEMQBCINBEWCH-UHFFFAOYSA-N,2.252947313123129
QXEMQBCINBEWCH-UHFFFAOYSA-N__SBBKNFGSGIJMDK-UHFFFAOYSA-N,4.509297783874514
ZLBFMRIZMXFLEJ-VZFHVOOUSA-N__RGHXKOLBHZCCSW-UHFFFAOYSA-N,17.04308809254761
RGHXKOLBHZCCSW-UHFFFAOYSA-N__ZLBFMRIZMXFLEJ-VZFHVOOUSA-N,5.605713168106588
ATSJKEPLRCTJSV-AYGFZIFSSA-N__XELKONVPUZPFJK-UHFFFAOYSA-N,3.618744659696431
XELKONVPUZPFJK-UHFFFAOYSA-N__ATSJKEPLRCTJSV-AYGFZIFSSA-N,0.3672083999780238
LRJDGBKOYYAJJF-UHFFFAOYSA-N__PZTMZYYUIPOPFR-UHFFFAOYSA-N,3.919497335243583
PZTMZYYUIPOPFR-UHFFFAOYSA-N__LRJDGBKOYYAJJF-UHFFFAOYSA-N,9.261328024212846
GVJLUGRJTFQNSR-UHFFFAOYSA-N__YJTRTZOMLQCHJC-UHFFFAOYSA-N,9.266697428204372
YJTRTZOMLQCHJC-UHFFFAOYSA-N__GVJLUGRJTFQNSR-UHFFFAOYSA-N,-0.7493840157658644
RDANFJKDMUZHIN-BTUGKURYSA-N__AWWDAEYRNORHRF-BWBBJGPYSA-N,11.817935791656222
AWWDAEYRNORHRF-BWBBJGPYSA-N__RDANFJKDMUZHIN-BTUGKURYSA-N,7.037480137788037
GCDZDNINXAZBEO-UHFFFAOYSA-N__DEWLFXIMQDXYCZ-RZSJKOKISA-N,-0.4630692562433289
DEWLFXIMQDXYCZ-RZSJKOKISA-N__GCDZDNINXAZBEO-UHFFFAOYSA-N,11.491436585852313
IIJAQEXWPIAVJU-RVQMFNDTSA-N__MHDBTMMIJGXGOF-AAORUROXSA-N,3.5938453693465444
MHDBTMMIJGXGOF-AAORUROXSA-N__IIJAQEXWPIAVJU-RVQMFNDTSA-N,7.2856468135223
DOBVWCXGDYOACR-SNVBAGLBSA-N__QYCLSSLPWMUMII-UHFFFAOYSA-N,-3.8762330974004673
BBOWBRCTOVCBOP-UHFFFAOYSA-N__QPOJYVQSMBWKMG-UHFFFAOYSA-N,9.43869097114885
QPOJYVQSMBWKMG-UHFFFAOYSA-N__BBOWBRCTOVCBOP-UHFFFAOYSA-N,11.158153470481274
QYCLSSLPWMUMII-UHFFFAOYSA-N__DOBVWCXGDYOACR-SNVBAGLBSA-N,-4.310638841274659
AXEMIQWNNYJUSS-UHFFFAOYSA-N__OCIBSJZEYDHPJE-UWVGGRQHSA-N,-0.2070213500376516
OCIBSJZEYDHPJE-UWVGGRQHSA-N__AXEMIQWNNYJUSS-UHFFFAOYSA-N,2.9943162287199487
SKPLAHKNGWAXBG-RGCMKSIDSA-N__ZGUAUFRPKHRVTI-UHFFFAOYSA-N,1.5748723620168343
ZGUAUFRPKHRVTI-UHFFFAOYSA-N__SKPLAHKNGWAXBG-RGCMKSIDSA-N,1.9545018463738544
HQEVUQYGPNLURN-UHFFFAOYSA-N__YHAVDEXZIDBAAE-UHFFFAOYSA-N,1.8847939836877448
YHAVDEXZIDBAAE-UHFFFAOYSA-N__HQEVUQYGPNLURN-UHFFFAOYSA-N,7.481414554203391
AIDLKVAVVILJTG-UHFFFAOYSA-N__ZPCRZAMMRWHPPK-UHFFFAOYSA-N,0.966473394583386
ZPCRZAMMRWHPPK-UHFFFAOYSA-N__AIDLKVAVVILJTG-UHFFFAOYSA-N,2.862343640957913
DDOKDZPBBFNHTC-UHFFFAOYSA-N__NYIYQFPQZAHBSV-VPUSJEBWSA-N,1.9071972229120293
NYIYQFPQZAHBSV-VPUSJEBWSA-N__DDOKDZPBBFNHTC-UHFFFAOYSA-N,6.9599608326340014
PDOQYPWYOWYQJZ-UHFFFAOYSA-N__IERKSLHLRMXKNF-UHFFFAOYSA-N,4.1763756368714136
IERKSLHLRMXKNF-UHFFFAOYSA-N__PDOQYPWYOWYQJZ-UHFFFAOYSA-N,16.061436178777793
IFXKIMUMPIDDCG-UHFFFAOYSA-N__VISUQBUFHJBXRD-ZUZCIYMTSA-N,5.155342140118713
VISUQBUFHJBXRD-ZUZCIYMTSA-N__IFXKIMUMPIDDCG-UHFFFAOYSA-N,12.27788871792336
FPPPHVUXXZQHFB-UHFFFAOYSA-N__GMOXAJFXVLSKGY-UHFFFAOYSA-N,-1.735269929029103
GMOXAJFXVLSKGY-UHFFFAOYSA-N__FPPPHVUXXZQHFB-UHFFFAOYSA-N,-1.5329449240882376
RCKGTTFROLEJLE-UHFFFAOYSA-N__LJQGPIPXORVPGL-UHFFFAOYSA-N,-0.2000366743761039
LJQGPIPXORVPGL-UHFFFAOYSA-N__RCKGTTFROLEJLE-UHFFFAOYSA-N,8.46045776360876
IJNNICWNVCOOJM-UHFFFAOYSA-N__UIBQBSAKZBUSTP-ICUDPVBHSA-N,-4.144541096553324
UIBQBSAKZBUSTP-ICUDPVBHSA-N__IJNNICWNVCOOJM-UHFFFAOYSA-N,4.052685914926644
FPEKGLDDLSIHSR-UHFFFAOYSA-N__XHIZSWGVWUTINX-UHFFFAOYSA-N,5.581098609594942
XHIZSWGVWUTINX-UHFFFAOYSA-N__FPEKGLDDLSIHSR-UHFFFAOYSA-N,5.846957631678031
NEZJPMPVFNSOLP-UHFFFAOYSA-N__LQKSBKXIQXEQBU-UHFFFAOYSA-N,9.752548175405662
LQKSBKXIQXEQBU-UHFFFAOYSA-N__NEZJPMPVFNSOLP-UHFFFAOYSA-N,8.795636935733485
VXLSCUSTJBVNSJ-TTZKSVMKSA-N__MTMMPBIRYUCROT-UHFFFAOYSA-N,8.540377919304088
MTMMPBIRYUCROT-UHFFFAOYSA-N__VXLSCUSTJBVNSJ-TTZKSVMKSA-N,3.715644252313612
NVJJYZBYDYIJQU-UHFFFAOYSA-N__XOUJFVBHGGMXPP-UHFFFAOYSA-N,10.973457461782358
XOUJFVBHGGMXPP-UHFFFAOYSA-N__NVJJYZBYDYIJQU-UHFFFAOYSA-N,6.851838472895584
NEFYPKDVWAFDHA-UHFFFAOYSA-N__CXCWYOYJRLQNFP-NKWVEPMBSA-N,10.817680674499831
CXCWYOYJRLQNFP-NKWVEPMBSA-N__NEFYPKDVWAFDHA-UHFFFAOYSA-N,12.614066909094367
AGQZWBFXMXLONJ-UHFFFAOYSA-N__GVZHKKKBZZVMFM-UHFFFAOYSA-N,2.9015553761567383
GVZHKKKBZZVMFM-UHFFFAOYSA-N__AGQZWBFXMXLONJ-UHFFFAOYSA-N,6.761465552062682
LOGAXLAFZKOKQR-UHFFFAOYSA-N__MJTMLMADNLGQRS-UHFFFAOYSA-N,12.852048183340814
MJTMLMADNLGQRS-UHFFFAOYSA-N__LOGAXLAFZKOKQR-UHFFFAOYSA-N,1.1809194128451672
HSUJHIAOCBGUBW-UHFFFAOYSA-N__VUHURUKGTXOSNU-UHFFFAOYSA-N,-4.809281015242083
VUHURUKGTXOSNU-UHFFFAOYSA-N__HSUJHIAOCBGUBW-UHFFFAOYSA-N,1.1020722310010864
AEKZSMDESAXKHK-BUSXIPJBSA-N__JRTABIVAXJBWQA-UHFFFAOYSA-N,1.743868079852007
JRTABIVAXJBWQA-UHFFFAOYSA-N__AEKZSMDESAXKHK-BUSXIPJBSA-N,0.3507602978738816
OOHIUSINUKFLJD-UHFFFAOYSA-N__QDBLBOLXMYAVCK-UHFFFAOYSA-N,11.09549596693817
DBDLRNUMJQUAJE-UHFFFAOYSA-N__RQHBCZNHLQZYOI-UHFFFAOYSA-N,-3.00501902341911
QDBLBOLXMYAVCK-UHFFFAOYSA-N__OOHIUSINUKFLJD-UHFFFAOYSA-N,15.739855019117943
RQHBCZNHLQZYOI-UHFFFAOYSA-N__DBDLRNUMJQUAJE-UHFFFAOYSA-N,1.6372593131028417
ATJAFKSRCZMZFN-UHFFFAOYSA-N__WUDYQBUHBQGQPQ-XZDPQHSOSA-N,1.6828705349771516
WUDYQBUHBQGQPQ-XZDPQHSOSA-N__ATJAFKSRCZMZFN-UHFFFAOYSA-N,0.4961335333342832
XZGMGAGJXHWCCQ-UHFFFAOYSA-N__XSVSIOWJUAZYDB-UHFFFAOYSA-N,-1.0151249087989074
XSVSIOWJUAZYDB-UHFFFAOYSA-N__XZGMGAGJXHWCCQ-UHFFFAOYSA-N,6.491077495074159
BGBORFXRDQXLLG-UHFFFAOYSA-N__BXUOQGOIJRWGMT-UHFFFAOYSA-N,6.419866056900902
BXUOQGOIJRWGMT-UHFFFAOYSA-N__BGBORFXRDQXLLG-UHFFFAOYSA-N,6.509415274676501
UHUDKFRKFJWSKT-WDSKDSINSA-N__LBIJCTZUQPDPIY-UHFFFAOYSA-N,8.0411190861844
LBIJCTZUQPDPIY-UHFFFAOYSA-N__UHUDKFRKFJWSKT-WDSKDSINSA-N,6.671244605411574
OYICHELIVFGDOS-UHFFFAOYSA-N__ZAVYLQGLQYIKKF-OTWZMJIISA-N,5.002500289690979
ZAVYLQGLQYIKKF-OTWZMJIISA-N__OYICHELIVFGDOS-UHFFFAOYSA-N,11.326448310521592
NNATWUQBRMKQQA-UHFFFAOYSA-N__CYJISELXMMZBFJ-QQBWXWQMSA-N,6.287524679100721
CYJISELXMMZBFJ-QQBWXWQMSA-N__NNATWUQBRMKQQA-UHFFFAOYSA-N,4.523833276519084
DLJGFDSAYBCWLA-UHFFFAOYSA-N__RWZBNAHSGYWZLY-UHFFFAOYSA-N,7.274450043823662
RWZBNAHSGYWZLY-UHFFFAOYSA-N__DLJGFDSAYBCWLA-UHFFFAOYSA-N,2.2092591995385584
UJMWXVNDAXNJOY-UHFFFAOYSA-N__XMZAPSQKHWEPHA-UHFFFAOYSA-N,5.494789565501654
XMZAPSQKHWEPHA-UHFFFAOYSA-N__UJMWXVNDAXNJOY-UHFFFAOYSA-N,-1.1552012921444736
XXXWUNUYBOVIQO-MBMOQRBOSA-N__KZNBCZMDKNGHTI-UHFFFAOYSA-N,10.228547011197724
KZNBCZMDKNGHTI-UHFFFAOYSA-N__XXXWUNUYBOVIQO-MBMOQRBOSA-N,-2.16497654656212
ABTPFJKSCLBYCH-UHFFFAOYSA-N__SRTRCXRXAOZRLI-FQRUVTKNSA-N,22.689281128223303
HMUAPNKQMADFES-UHFFFAOYSA-N__RWDOSVXNOICMSI-UHFFFAOYSA-N,-12.581606215683005
RWDOSVXNOICMSI-UHFFFAOYSA-N__HMUAPNKQMADFES-UHFFFAOYSA-N,-8.684675890128382
SRTRCXRXAOZRLI-FQRUVTKNSA-N__ABTPFJKSCLBYCH-UHFFFAOYSA-N,21.78372422684961
FIHYPYHBRMWLCS-UHFFFAOYSA-N__BLNHGORPBAXUBH-UHFFFAOYSA-N,-2.110261472281301
BLNHGORPBAXUBH-UHFFFAOYSA-N__FIHYPYHBRMWLCS-UHFFFAOYSA-N,0.3122084419770234
TWHAIMHYWDXPLD-UHFFFAOYSA-N__RBHLSMRDJHVSOV-WOKRZDJBSA-N,8.159888817696533
RBHLSMRDJHVSOV-WOKRZDJBSA-N__TWHAIMHYWDXPLD-UHFFFAOYSA-N,6.538236469248927
LOJPIRXAUSJZFM-UHFFFAOYSA-N__LMHKDVPFDHNVFB-XAVMHZPKSA-N,-8.101211659036471
LMHKDVPFDHNVFB-XAVMHZPKSA-N__LOJPIRXAUSJZFM-UHFFFAOYSA-N,-6.833584260106203
XVRAMKBDXAIYGI-UHFFFAOYSA-N__ZKUCPOQLSHJFLU-UHFFFAOYSA-N,13.628860184355595
ZKUCPOQLSHJFLU-UHFFFAOYSA-N__XVRAMKBDXAIYGI-UHFFFAOYSA-N,8.180216066153909
PMHQOVSEFHFODS-MRXNPFEDSA-N__HSVVJGPJFJUFKV-ZJUUUORDSA-N,9.472790641690874
HSVVJGPJFJUFKV-ZJUUUORDSA-N__PMHQOVSEFHFODS-MRXNPFEDSA-N,6.1701753321509605
RXWJRPJVHJOEJJ-UHFFFAOYSA-N__HLUVPYYIHQEPCE-YDLHNXBPSA-N,10.522872656004964
HLUVPYYIHQEPCE-YDLHNXBPSA-N__RXWJRPJVHJOEJJ-UHFFFAOYSA-N,4.443700799217494
PKRDPSBKHCBJQH-RBFZIWAESA-N__WYAXRAJNMKPNID-UHFFFAOYSA-N,-2.7387216585009444
WYAXRAJNMKPNID-UHFFFAOYSA-N__PKRDPSBKHCBJQH-RBFZIWAESA-N,0.4904633298006804
NXPOZVKJEVZMCB-UHFFFAOYSA-N__XKBHDDNDUTWDNN-UHFFFAOYSA-N,7.774313204765967
XKBHDDNDUTWDNN-UHFFFAOYSA-N__NXPOZVKJEVZMCB-UHFFFAOYSA-N,2.3054128806166894
QJJAHGTUAOPKRO-UHFFFAOYSA-N__YNQJUVNWIVMRJQ-UHFFFAOYSA-N,3.885068839588642
YNQJUVNWIVMRJQ-UHFFFAOYSA-N__QJJAHGTUAOPKRO-UHFFFAOYSA-N,7.278688784830115
NRDUSLDTXLXXNM-UHFFFAOYSA-N__GASRYDSQHMFDBA-UHFFFAOYSA-N,4.233313247302508
GASRYDSQHMFDBA-UHFFFAOYSA-N__NRDUSLDTXLXXNM-UHFFFAOYSA-N,9.467605658364995
HQWPARONUIDHDY-UHFFFAOYSA-N__UOPOFCQJMDJLOB-UHFFFAOYSA-N,15.396632041351582
UOPOFCQJMDJLOB-UHFFFAOYSA-N__HQWPARONUIDHDY-UHFFFAOYSA-N,14.125888661438289
PTDRBHYQZCDMTC-YPIYEQTHSA-N__OBPPGIVHDPSZPT-XAWFNSNLSA-N,5.172467346035417
OBPPGIVHDPSZPT-XAWFNSNLSA-N__PTDRBHYQZCDMTC-YPIYEQTHSA-N,11.207609387832798
WTUCAGAKNSPGGC-UHFFFAOYSA-N__YEYWFFZFQLZFMJ-UHFFFAOYSA-N,8.22384277434822
YEYWFFZFQLZFMJ-UHFFFAOYSA-N__WTUCAGAKNSPGGC-UHFFFAOYSA-N,2.461648602543824
YMFHZTZPTPRHBF-GGAORHGYSA-N__FZTPRJXCFXINBX-UHFFFAOYSA-N,0.9100887979232064
FZTPRJXCFXINBX-UHFFFAOYSA-N__YMFHZTZPTPRHBF-GGAORHGYSA-N,7.902814081570158
CZUDMZPCPXDETB-UHFFFAOYSA-N__UCJPAFFAEUIPHG-UHFFFAOYSA-N,7.986666276914433
UCJPAFFAEUIPHG-UHFFFAOYSA-N__CZUDMZPCPXDETB-UHFFFAOYSA-N,7.240851371304862
ZKDLXLXZQHAQDW-UHFFFAOYSA-N__MKUVNPHACKCPCL-ZLHMBYMRSA-N,4.766656597155917
MKUVNPHACKCPCL-ZLHMBYMRSA-N__ZKDLXLXZQHAQDW-UHFFFAOYSA-N,6.14630536404091
YSJGDTGSIKMYFY-UHFFFAOYSA-N__QUHJTESGFRIKTR-KNTRFNDTSA-N,1.5472495622482771
QUHJTESGFRIKTR-KNTRFNDTSA-N__YSJGDTGSIKMYFY-UHFFFAOYSA-N,7.682852390838015
SNMSZRZDMYAJNX-UHFFFAOYSA-N__ZPQDKIXQMXUTIQ-UHFFFAOYSA-N,11.77876576007057
LENSLJKMBDIYCE-UHFFFAOYSA-N__UHTMAHDSLHNWKU-UHFFFAOYSA-N,9.968813068285463
UHTMAHDSLHNWKU-UHFFFAOYSA-N__LENSLJKMBDIYCE-UHFFFAOYSA-N,1.4775853625879098
ZPQDKIXQMXUTIQ-UHFFFAOYSA-N__SNMSZRZDMYAJNX-UHFFFAOYSA-N,21.72461111929635
OQUMYBSDORAQKT-UHFFFAOYSA-N__YVNKGXXVZIQNIV-YWDVHJRKSA-N,6.898864278497993
YVNKGXXVZIQNIV-YWDVHJRKSA-N__OQUMYBSDORAQKT-UHFFFAOYSA-N,11.018582146377844
USKZUXVYKQAHJL-UHFFFAOYSA-N__YTGNIIJMSNZCOG-UHFFFAOYSA-N,9.84610991820188
GUFKGCAELFQWBR-UHFFFAOYSA-N__DKQWSBGAYMRQJN-UHFFFAOYSA-N,-11.645201337862376
DKQWSBGAYMRQJN-UHFFFAOYSA-N__GUFKGCAELFQWBR-UHFFFAOYSA-N,-8.83719833262284
YTGNIIJMSNZCOG-UHFFFAOYSA-N__USKZUXVYKQAHJL-UHFFFAOYSA-N,1.583593949767642
ZNOJEDQGTRPQFP-UHFFFAOYSA-N__FYLWQPJAANQRJB-UHFFFAOYSA-N,2.266399180918988
FYLWQPJAANQRJB-UHFFFAOYSA-N__ZNOJEDQGTRPQFP-UHFFFAOYSA-N,6.833861127827195
ADSHOHGGBNDKGZ-UHFFFAOYSA-N__BYYJVXIHKXHWIS-YMXDCFFPSA-N,1.7206434678060607
BYYJVXIHKXHWIS-YMXDCFFPSA-N__ADSHOHGGBNDKGZ-UHFFFAOYSA-N,5.263320256815633
OLKIOTHQDRANLR-UHFFFAOYSA-N__QMTONHNTXMGMKG-UHFFFAOYSA-N,-2.327070634555842
QMTONHNTXMGMKG-UHFFFAOYSA-N__OLKIOTHQDRANLR-UHFFFAOYSA-N,7.203465473893907
XCWUYSPUGNSZNK-UHFFFAOYSA-N__RJFPEWMFHBPLGK-QGFLDLQWSA-N,0.7140482533082619
RJFPEWMFHBPLGK-QGFLDLQWSA-N__XCWUYSPUGNSZNK-UHFFFAOYSA-N,4.571568050536723
HEQKUOQTLIMTRD-UHFFFAOYSA-N__HEXTZOLKQODJKE-UHFFFAOYSA-N,5.367364519698398
HEXTZOLKQODJKE-UHFFFAOYSA-N__HEQKUOQTLIMTRD-UHFFFAOYSA-N,0.1271739501431696
SFKFDHYDJQCFKS-UHFFFAOYSA-N__AIKMSPMRWPPYLJ-UHFFFAOYSA-N,-6.0337539600053045
AIKMSPMRWPPYLJ-UHFFFAOYSA-N__SFKFDHYDJQCFKS-UHFFFAOYSA-N,12.107268137062968
DEBZOPZQKONWTK-KWCYVHTRSA-N__PAGFWCSOKSIOPN-UHFFFAOYSA-N,10.954193617472592
PAGFWCSOKSIOPN-UHFFFAOYSA-N__DEBZOPZQKONWTK-KWCYVHTRSA-N,9.711749308607663
FTDTYZRAJVBNAK-UHFFFAOYSA-N__UVEAAAFKWWDSII-UHFFFAOYSA-N,-4.656705563739132
UVEAAAFKWWDSII-UHFFFAOYSA-N__FTDTYZRAJVBNAK-UHFFFAOYSA-N,1.6116584477565064
FPQOACWKXJCMES-UHFFFAOYSA-N__RLXFSEPTFRHDCU-UHFFFAOYSA-N,-0.6937012180370368
RLXFSEPTFRHDCU-UHFFFAOYSA-N__FPQOACWKXJCMES-UHFFFAOYSA-N,-4.095997325630895
XGSCNIQUEVJYRQ-UHFFFAOYSA-N__YGCFOVNPDZSKKI-UHFFFAOYSA-N,-10.19745137858528
YGCFOVNPDZSKKI-UHFFFAOYSA-N__XGSCNIQUEVJYRQ-UHFFFAOYSA-N,-3.369102463116733
OGNMLOYCZIYFKI-UHFFFAOYSA-N__XOJJKOUDLFTMFW-UHFFFAOYSA-N,-0.084310291106908
XOJJKOUDLFTMFW-UHFFFAOYSA-N__OGNMLOYCZIYFKI-UHFFFAOYSA-N,1.0563594372056708
IVHAHXWIHYLDCU-ARQDHWQXSA-N__QBOPCJOJBQJWMI-UHFFFAOYSA-N,12.272492620698758
JODTUXJEGRWWKE-UHFFFAOYSA-N__UDDXHZGKVPNMLW-UHFFFAOYSA-N,8.003329326848345
UDDXHZGKVPNMLW-UHFFFAOYSA-N__JODTUXJEGRWWKE-UHFFFAOYSA-N,2.0633439009308905
QBOPCJOJBQJWMI-UHFFFAOYSA-N__IVHAHXWIHYLDCU-ARQDHWQXSA-N,7.837503417840251
BCGKNCFYUKDYLY-UHFFFAOYSA-N__YTYBSXQTAWCESG-UUOWRZLLSA-N,1.8318456221738213
YTYBSXQTAWCESG-UUOWRZLLSA-N__BCGKNCFYUKDYLY-UHFFFAOYSA-N,7.594270426810711
ROEIMRMFVCHHRD-UHFFFAOYSA-N__YGIRDZKSCBIKLA-UHFFFAOYSA-N,8.292605990937732
YGIRDZKSCBIKLA-UHFFFAOYSA-N__ROEIMRMFVCHHRD-UHFFFAOYSA-N,13.082311292388898
RBEFNTBHCVTGQA-UHFFFAOYSA-N__FVASYAHDVGNVCV-MYCMQGKASA-N,10.139379836425787
CSVXJBQHIOJYNZ-UHFFFAOYSA-N__RESNOYHMRAGWNM-UHFFFAOYSA-N,15.170554737210498
FVASYAHDVGNVCV-MYCMQGKASA-N__RBEFNTBHCVTGQA-UHFFFAOYSA-N,5.056344245641509
RESNOYHMRAGWNM-UHFFFAOYSA-N__CSVXJBQHIOJYNZ-UHFFFAOYSA-N,14.760855467387849
HGEDDONNROPYHN-ZVZYQTTQSA-N__MZIPUNQZVRYSNP-UHFFFAOYSA-N,23.6926322205364
MZIPUNQZVRYSNP-UHFFFAOYSA-N__HGEDDONNROPYHN-ZVZYQTTQSA-N,14.97988862870184
QNRUBGQSGDYGMU-UHFFFAOYSA-N__IGWCOZDSEFALAG-HIFRSBDPSA-N,14.14201030112466
IGWCOZDSEFALAG-HIFRSBDPSA-N__QNRUBGQSGDYGMU-UHFFFAOYSA-N,14.268391568224052
APXGYNPDOZMYNN-UHFFFAOYSA-N__LBJCOUSROBULOL-UHFFFAOYSA-N,-1.8269472010454737
LBJCOUSROBULOL-UHFFFAOYSA-N__APXGYNPDOZMYNN-UHFFFAOYSA-N,4.1286834171199525
DJGNUBADRQIDNQ-UHFFFAOYSA-N__AWEIMGNZOWXDBS-BGPJRJDNSA-N,-15.29021289296196
AWEIMGNZOWXDBS-BGPJRJDNSA-N__DJGNUBADRQIDNQ-UHFFFAOYSA-N,10.693008550776971
GZPBZRPQLNAGJJ-ONEGZZNKSA-N__NZKKXASXLHVPRZ-UHFFFAOYSA-N,4.99379299154095
NZKKXASXLHVPRZ-UHFFFAOYSA-N__GZPBZRPQLNAGJJ-ONEGZZNKSA-N,6.5090541410147855
PQCDFUIFVVHQKM-UHFFFAOYSA-N__CEDAJNKOJYCGLP-UHFFFAOYSA-N,14.231599850796222
CEDAJNKOJYCGLP-UHFFFAOYSA-N__PQCDFUIFVVHQKM-UHFFFAOYSA-N,-7.498190285555275
QWRUDSKWPLIBKT-UHFFFAOYSA-N__NWHXAKNDYRVAGF-DENIHFKCSA-N,5.219808822233827
NWHXAKNDYRVAGF-DENIHFKCSA-N__QWRUDSKWPLIBKT-UHFFFAOYSA-N,3.5174883031760293
YXGUOUFWWYVKAY-LBAQZLPGSA-N__YYPFQAAOFLUEDN-HNNXBMFYSA-N,4.35985700253785
YYPFQAAOFLUEDN-HNNXBMFYSA-N__YXGUOUFWWYVKAY-LBAQZLPGSA-N,-7.4188910600407905
IIKLSVFQWOHWND-UHFFFAOYSA-N__AJOFUEXGNCJYNX-MLTZYSBQSA-N,-2.143605893291556
MIKFEJYCKKMSKQ-UHFFFAOYSA-N__QXBGPJIPTPKBGM-UHFFFAOYSA-N,-2.49082289095136
AJOFUEXGNCJYNX-MLTZYSBQSA-N__IIKLSVFQWOHWND-UHFFFAOYSA-N,17.525602881567913
QXBGPJIPTPKBGM-UHFFFAOYSA-N__MIKFEJYCKKMSKQ-UHFFFAOYSA-N,10.02509192044456
ANJFSEJHLBFPAJ-UHFFFAOYSA-N__IERKSLHLRMXKNF-UHFFFAOYSA-N,2.0119104253645443
IERKSLHLRMXKNF-UHFFFAOYSA-N__ANJFSEJHLBFPAJ-UHFFFAOYSA-N,-5.577532034632869
CNFGBWUKXPEERI-UHFFFAOYSA-N__LZAJGPTZHRMCSH-UHFFFAOYSA-N,0.0235497717318719
LZAJGPTZHRMCSH-UHFFFAOYSA-N__CNFGBWUKXPEERI-UHFFFAOYSA-N,9.49286106149782
JMQIIAKXILYNIW-ILRUXTBWSA-N__QDAGOODJOTVIBG-MWQLRAMZSA-N,9.036553677101727
QDAGOODJOTVIBG-MWQLRAMZSA-N__JMQIIAKXILYNIW-ILRUXTBWSA-N,9.004922196159802
DOBNBRNXWCUUQW-UHFFFAOYSA-N__NERHQUDUSRMEIU-UHFFFAOYSA-N,9.927820664516805
NERHQUDUSRMEIU-UHFFFAOYSA-N__DOBNBRNXWCUUQW-UHFFFAOYSA-N,8.080110210618567
SXDOEVRUCYJBKH-UHFFFAOYSA-N__XJGFKDVBWGWSEW-UHFFFAOYSA-N,4.585888340169889
XJGFKDVBWGWSEW-UHFFFAOYSA-N__SXDOEVRUCYJBKH-UHFFFAOYSA-N,-2.4826195232374864
PCQKJERSOKCMNQ-UHFFFAOYSA-N__FUSXBQFZYAPWJE-UHFFFAOYSA-N,-0.1113168562649708
FUSXBQFZYAPWJE-UHFFFAOYSA-N__PCQKJERSOKCMNQ-UHFFFAOYSA-N,1.5867878015985215
VRAAEEYQDHSZHQ-UHFFFAOYSA-N__JJFNJJLIGJPVPU-UHFFFAOYSA-N,4.007703906613068
BWRHTTLKZHAWFJ-UHFFFAOYSA-N__WGLLERXLHWCXNN-UHFFFAOYSA-N,6.200900187632939
JJFNJJLIGJPVPU-UHFFFAOYSA-N__VRAAEEYQDHSZHQ-UHFFFAOYSA-N,0.039148681579193
WGLLERXLHWCXNN-UHFFFAOYSA-N__BWRHTTLKZHAWFJ-UHFFFAOYSA-N,9.057888992816784
DMUVKRVWEDSXJH-MYJWUSKBSA-N__CSVCBBIDWZOOMO-UHFFFAOYSA-N,9.854680899849784
CSVCBBIDWZOOMO-UHFFFAOYSA-N__DMUVKRVWEDSXJH-MYJWUSKBSA-N,10.230831920102798
VCNBPBADDDVCAC-UHFFFAOYSA-N__JGSSNEOJMRFJIX-UHFFFAOYSA-N,10.665374784333364
VRXJFCQYILPWLA-KWBADKCTSA-N__BIISIXJQBYGJNO-UHFFFAOYSA-N,-4.797410243575288
JGSSNEOJMRFJIX-UHFFFAOYSA-N__VCNBPBADDDVCAC-UHFFFAOYSA-N,7.881938100714686
BIISIXJQBYGJNO-UHFFFAOYSA-N__VRXJFCQYILPWLA-KWBADKCTSA-N,-4.610458668648908
QQHBLHRYFSAUHR-PIVQAISJSA-N__GPZDGILAXVARJT-UHFFFAOYSA-N,5.775134280359934
GPZDGILAXVARJT-UHFFFAOYSA-N__QQHBLHRYFSAUHR-PIVQAISJSA-N,2.6485511032669096
HHYAIAKOUTWYCY-UHFFFAOYSA-N__KRCSEEITTBNSQS-UHFFFAOYSA-N,-0.2886098972375119
KRCSEEITTBNSQS-UHFFFAOYSA-N__HHYAIAKOUTWYCY-UHFFFAOYSA-N,15.4781138966609
KWHFQVAHHPKZMV-UHFFFAOYSA-N__GUGVYHHCAOZNLK-UHFFFAOYSA-N,6.482033962840405
GUGVYHHCAOZNLK-UHFFFAOYSA-N__KWHFQVAHHPKZMV-UHFFFAOYSA-N,12.932350053949136
GSKQZZVIQOVSJI-UHFFFAOYSA-N__JEPRCUOVXSKXCH-UHFFFAOYSA-N,-1.9658926979347715
JEPRCUOVXSKXCH-UHFFFAOYSA-N__GSKQZZVIQOVSJI-UHFFFAOYSA-N,10.94420940840445
GFYXFRCVQSKSDO-OAHLLOKOSA-N__XCRDWHWXCRNWPK-UHFFFAOYSA-N,5.750827570560063
XCRDWHWXCRNWPK-UHFFFAOYSA-N__GFYXFRCVQSKSDO-OAHLLOKOSA-N,0.5066983394745305
JEWVKHZHPAJMCT-UHFFFAOYSA-N__RNCDLMVMDQUSGI-LYFYHCNISA-N,1.1156376562648092
RNCDLMVMDQUSGI-LYFYHCNISA-N__JEWVKHZHPAJMCT-UHFFFAOYSA-N,2.9388891182084675
MNIRFUDBKOQFDG-MMBKUXRPSA-N__PTDIDZWDPYVDCO-UHFFFAOYSA-N,-0.880856087403456
GDNJARVFAZTPGR-UHFFFAOYSA-N__RTCWSARUXLTRAU-NIRIFSCTSA-N,13.860245158900266
PTDIDZWDPYVDCO-UHFFFAOYSA-N__MNIRFUDBKOQFDG-MMBKUXRPSA-N,3.444997901217258
RTCWSARUXLTRAU-NIRIFSCTSA-N__GDNJARVFAZTPGR-UHFFFAOYSA-N,8.831767561800092
FSEHRFHXRKKYDT-UHFFFAOYSA-N__IWOITOZMSGPWBJ-UHFFFAOYSA-N,9.790744463054503
UVGNNNKPILQUIY-UHFFFAOYSA-N__WSFBPCRXGQONSI-UHFFFAOYSA-N,6.084106987545231
IWOITOZMSGPWBJ-UHFFFAOYSA-N__FSEHRFHXRKKYDT-UHFFFAOYSA-N,-0.0546362165213854
WSFBPCRXGQONSI-UHFFFAOYSA-N__UVGNNNKPILQUIY-UHFFFAOYSA-N,12.40288995004856
IVTJTTNLOFYZDQ-UHFFFAOYSA-N__IGWAIBQXEQCUQJ-LLTODGECSA-N,1.2423160340442403
IGWAIBQXEQCUQJ-LLTODGECSA-N__IVTJTTNLOFYZDQ-UHFFFAOYSA-N,5.56865818848343
GGTGCVYFUCDMBL-ZLNHGNLKSA-N__GSGVFADOGIAWSM-UHFFFAOYSA-N,12.860676405503671
GSGVFADOGIAWSM-UHFFFAOYSA-N__GGTGCVYFUCDMBL-ZLNHGNLKSA-N,2.7173125888018097
GMUINPOVQMNENA-UHFFFAOYSA-N__ZRZVLMMRTDOQKG-UHFFFAOYSA-N,-4.278403335952965
ZRZVLMMRTDOQKG-UHFFFAOYSA-N__GMUINPOVQMNENA-UHFFFAOYSA-N,5.874216990449232
DVOVBKCUFPQBDU-UHFFFAOYSA-N__QIXAKQFMENBOEN-YSPPHNQVSA-N,12.361225170140491
QIXAKQFMENBOEN-YSPPHNQVSA-N__DVOVBKCUFPQBDU-UHFFFAOYSA-N,11.915697724341218
ZVSSBKAYNJEQOS-UHFFFAOYSA-N__NYJUTRYAFPLNGC-LBPRGKRZSA-N,2.9341392203530026
NYJUTRYAFPLNGC-LBPRGKRZSA-N__ZVSSBKAYNJEQOS-UHFFFAOYSA-N,5.534875300507249
CYDVQZSGUUIRNX-UHFFFAOYSA-N__ORSLNRJOHOKAIU-UHFFFAOYSA-N,-1.4188235052413054
ORSLNRJOHOKAIU-UHFFFAOYSA-N__CYDVQZSGUUIRNX-UHFFFAOYSA-N,0.5742795056545211
RWZWUOOMZHKZGV-UHFFFAOYSA-N__RPHYZNNNBCJBMJ-UHFFFAOYSA-N,16.994130559408887
RPHYZNNNBCJBMJ-UHFFFAOYSA-N__RWZWUOOMZHKZGV-UHFFFAOYSA-N,5.343846445563267
HZMIBCKGBJHNPI-UHFFFAOYSA-N__INZFYFIBEGBZLU-UHFFFAOYSA-N,0.9936475770496392
INZFYFIBEGBZLU-UHFFFAOYSA-N__HZMIBCKGBJHNPI-UHFFFAOYSA-N,5.576894219803132
YARWMNGEGYPBLX-UHFFFAOYSA-N__XEUBICPTWOTFNM-UHFFFAOYSA-N,7.312005503972819
XEUBICPTWOTFNM-UHFFFAOYSA-N__YARWMNGEGYPBLX-UHFFFAOYSA-N,0.1822873831434938
ZWULFIBGPXWGFG-UHFFFAOYSA-N__QBGUGZJNKHNHHB-UHFFFAOYSA-N,-3.96402171920639
QBGUGZJNKHNHHB-UHFFFAOYSA-N__ZWULFIBGPXWGFG-UHFFFAOYSA-N,9.959821424137244
ZGWYGBHQZFZCBL-UHFFFAOYSA-N__JDQQBHJRMSHXJX-MNNMKWMVSA-N,3.094408426366383
JDQQBHJRMSHXJX-MNNMKWMVSA-N__ZGWYGBHQZFZCBL-UHFFFAOYSA-N,9.80550237213953
UZCUBUUGAAYHNB-UHFFFAOYSA-N__HWUSIALERMIEOD-UHFFFAOYSA-N,10.421091037661574
HEXLJADFSIZVDA-UHFFFAOYSA-N__PUFJCLYVFUYKKZ-UHFFFAOYSA-N,-2.5991925880387563
PUFJCLYVFUYKKZ-UHFFFAOYSA-N__HEXLJADFSIZVDA-UHFFFAOYSA-N,6.075571304715447
RTNMOJNELXLKSB-UHFFFAOYSA-N__IKOIKPYUVJLGTP-UHFFFAOYSA-N,9.190214133945366
GYLFUZNVHDEQIB-UHFFFAOYSA-N__QNAHDKGCRCOHIQ-CYBMUJFWSA-N,8.732299052036831
IKOIKPYUVJLGTP-UHFFFAOYSA-N__RTNMOJNELXLKSB-UHFFFAOYSA-N,3.106118773750924
HWUSIALERMIEOD-UHFFFAOYSA-N__UZCUBUUGAAYHNB-UHFFFAOYSA-N,6.91541667919286
QNAHDKGCRCOHIQ-CYBMUJFWSA-N__GYLFUZNVHDEQIB-UHFFFAOYSA-N,7.868826921587841
DIWXTXXLVBAUFO-LJQANCHMSA-N__PDYXVNNPJHQTJA-UHFFFAOYSA-N,2.541710082636253
PDYXVNNPJHQTJA-UHFFFAOYSA-N__DIWXTXXLVBAUFO-LJQANCHMSA-N,6.950009179234922
HTMFFZLKBRFNKV-UHFFFAOYSA-N__VUDBAGRCFGLEJQ-UHFFFAOYSA-N,0.9004440183807082
VUDBAGRCFGLEJQ-UHFFFAOYSA-N__HTMFFZLKBRFNKV-UHFFFAOYSA-N,-0.8728204485728569
LPTOQVMHOVZLGZ-UHFFFAOYSA-N__JYYQMATWCIEKAT-UHFFFAOYSA-N,-1.419798903328673
JYYQMATWCIEKAT-UHFFFAOYSA-N__LPTOQVMHOVZLGZ-UHFFFAOYSA-N,8.657127337300317
JSDYULJRQRMEDW-UHFFFAOYSA-N__QEPUCDWKYDBMNV-UHFFFAOYSA-N,-0.0934353133874664
QEPUCDWKYDBMNV-UHFFFAOYSA-N__JSDYULJRQRMEDW-UHFFFAOYSA-N,1.0021675397776324
GWPIUCYDPIGTEA-OXGAQCCNSA-N__WRUSPRWTCGCGGF-SNAWJCMRSA-N,0.9961110742896686
WRUSPRWTCGCGGF-SNAWJCMRSA-N__GWPIUCYDPIGTEA-OXGAQCCNSA-N,5.73475182133476
FOJMRPRIFXROAF-UHFFFAOYSA-N__LSAIWCWAKGNDRH-UHFFFAOYSA-N,8.65978468454903
LSAIWCWAKGNDRH-UHFFFAOYSA-N__FOJMRPRIFXROAF-UHFFFAOYSA-N,8.44575187291099
GVMYCFKVLBDUSU-OKHNBNEASA-N__XXNDVWOCOOZQMP-UHFFFAOYSA-N,13.567130485135277
XXNDVWOCOOZQMP-UHFFFAOYSA-N__GVMYCFKVLBDUSU-OKHNBNEASA-N,12.955939341809014
OWLXLVACWNWOKV-HOTGVXAUSA-N__SKQQCXQVWPPMEV-FPLPWBNLSA-N,13.768629506863574
SKQQCXQVWPPMEV-FPLPWBNLSA-N__OWLXLVACWNWOKV-HOTGVXAUSA-N,2.4189544350488767
PZERAWLHKRECLP-UHFFFAOYSA-N__HNPRLDIJKHZNSL-WDSKDSINSA-N,3.4453435635382563
JRVIFIREWVQSDU-UHFFFAOYSA-N__XCSCFYYQMJFFCR-WJTDDFOZSA-N,8.751462577647677
HNPRLDIJKHZNSL-WDSKDSINSA-N__PZERAWLHKRECLP-UHFFFAOYSA-N,2.4113204914893664
HSQFCRZMISXFOQ-UKVKCERXSA-N__UUUFBSFFYOPEQR-UHFFFAOYSA-N,16.33167340608521
XCSCFYYQMJFFCR-WJTDDFOZSA-N__JRVIFIREWVQSDU-UHFFFAOYSA-N,-1.1199956431422409
UUUFBSFFYOPEQR-UHFFFAOYSA-N__HSQFCRZMISXFOQ-UKVKCERXSA-N,18.975649819834228
QHAOZYGATDGQCS-UHFFFAOYSA-N__CPVXZLYYDWKENJ-ZDUSSCGKSA-N,4.082328353552812
CPVXZLYYDWKENJ-ZDUSSCGKSA-N__QHAOZYGATDGQCS-UHFFFAOYSA-N,7.600663781993027
XVADPRDYSGSYQC-UHFFFAOYSA-N__ISSLVKPPQRKHAS-UHFFFAOYSA-N,-4.975139919370976
ISSLVKPPQRKHAS-UHFFFAOYSA-N__XVADPRDYSGSYQC-UHFFFAOYSA-N,-1.092604863332732
MAAURLDZNVRTHO-UHFFFAOYSA-N__ZSBBYPUGWRJZGY-UHFFFAOYSA-N,-5.714700256290211
ZSBBYPUGWRJZGY-UHFFFAOYSA-N__MAAURLDZNVRTHO-UHFFFAOYSA-N,4.116709982821401
NUZGKFYTUMQPJX-UHFFFAOYSA-N__LHAWJRQIPGIXIZ-BVHINDKJSA-N,9.303492035598092
LHAWJRQIPGIXIZ-BVHINDKJSA-N__NUZGKFYTUMQPJX-UHFFFAOYSA-N,13.036160635945034
GGNKIZSZXKRSJH-UHFFFAOYSA-N__LMWNQPUYOLOJQP-ZYUZMQFOSA-N,-2.6581312215526167
LMWNQPUYOLOJQP-ZYUZMQFOSA-N__GGNKIZSZXKRSJH-UHFFFAOYSA-N,-2.356514176255606
NVUVGRBRPFOHKI-QGZVFWFLSA-N__VYJAQWFELPYIQI-UHFFFAOYSA-N,3.2524073443050807
VYJAQWFELPYIQI-UHFFFAOYSA-N__NVUVGRBRPFOHKI-QGZVFWFLSA-N,5.321016919676835
XAYKMQRPZRNJNL-UHFFFAOYSA-N__AHIGDEBYVUAIQE-GWCFXTLKSA-N,2.9987341043797686
AHIGDEBYVUAIQE-GWCFXTLKSA-N__XAYKMQRPZRNJNL-UHFFFAOYSA-N,5.313463538036353
QBOPICQGFGIYPY-UHFFFAOYSA-N__BQDZYNPBJQOKLM-UHFFFAOYSA-N,-3.09886385603074
BQDZYNPBJQOKLM-UHFFFAOYSA-N__QBOPICQGFGIYPY-UHFFFAOYSA-N,-2.6925039257419034
QETNZXRINWUIJM-UHFFFAOYSA-N__UTRLQNQQNPCEFH-KUHUBIRLSA-N,0.3319135210852637
UTRLQNQQNPCEFH-KUHUBIRLSA-N__QETNZXRINWUIJM-UHFFFAOYSA-N,6.971143841500738
BKJFHBZANQQLNO-UHFFFAOYSA-N__DIGFTFWBOHPVJX-HOCLYGCPSA-N,5.578585072927267
DIGFTFWBOHPVJX-HOCLYGCPSA-N__BKJFHBZANQQLNO-UHFFFAOYSA-N,9.646141132769973
OMBYOPNOROKVEG-UHFFFAOYSA-N__XLMMMQPNBKSQBF-UHFFFAOYSA-N,-0.4616950064800424
XLMMMQPNBKSQBF-UHFFFAOYSA-N__OMBYOPNOROKVEG-UHFFFAOYSA-N,-9.349970093859154
VUWYJJXYDLFVRI-UHFFFAOYSA-N__WBFXGYAMUPYCRK-UHFFFAOYSA-N,3.246282261353257
WBFXGYAMUPYCRK-UHFFFAOYSA-N__VUWYJJXYDLFVRI-UHFFFAOYSA-N,5.89066700930488
YLNBDTMXYBMXTF-UHFFFAOYSA-N__VRJVGDVEPTVUKG-UHFFFAOYSA-N,1.6383044580307664
VRJVGDVEPTVUKG-UHFFFAOYSA-N__YLNBDTMXYBMXTF-UHFFFAOYSA-N,1.1553828755998417
RBFUQMNZKKPAOY-UHFFFAOYSA-N__HJEZECHXNNYQRS-UHFFFAOYSA-N,5.718004934567622
HJEZECHXNNYQRS-UHFFFAOYSA-N__RBFUQMNZKKPAOY-UHFFFAOYSA-N,9.574756318187898
HYQWKINERDAWPQ-UHFFFAOYSA-N__YIUBTWAKNAKHGQ-FQEVSTJZSA-N,11.495447425190283
YIUBTWAKNAKHGQ-FQEVSTJZSA-N__HYQWKINERDAWPQ-UHFFFAOYSA-N,10.64382993838665
UBZLDCYOINMDCA-UHFFFAOYSA-N__UWCQBNYXWUVHRM-UHFFFAOYSA-N,-0.0664885550426282
UWCQBNYXWUVHRM-UHFFFAOYSA-N__UBZLDCYOINMDCA-UHFFFAOYSA-N,7.779748769750348
VJOTYGGBLSXZED-SOYHJAILSA-N__ZRAYSYFBWZJCQP-UHFFFAOYSA-N,3.313650554115428
BBABBDWGWJDGGP-UHFFFAOYSA-N__MAJFJZDZPZVAKB-AMZPDFMZSA-N,-11.684722094952166
ZRAYSYFBWZJCQP-UHFFFAOYSA-N__VJOTYGGBLSXZED-SOYHJAILSA-N,-4.199356796364542
MAJFJZDZPZVAKB-AMZPDFMZSA-N__BBABBDWGWJDGGP-UHFFFAOYSA-N,6.495324870807875
ILZAEDRBKBQJFU-LURJTMIESA-N__ZWXQPHICHCAGQB-UHFFFAOYSA-N,1.1354787673016389
ZWXQPHICHCAGQB-UHFFFAOYSA-N__ILZAEDRBKBQJFU-LURJTMIESA-N,4.155080440959786
NVMMCXADNYGWNS-UHFFFAOYSA-N__VVSBEFSCQQAJKT-HOTGVXAUSA-N,6.653207484990709
VVSBEFSCQQAJKT-HOTGVXAUSA-N__NVMMCXADNYGWNS-UHFFFAOYSA-N,6.62495064553966
VWQMBVCNKOZPKR-UHFFFAOYSA-N__CIJSASFKBICKKN-LGYOKWJYSA-N,4.963545596947269
CIJSASFKBICKKN-LGYOKWJYSA-N__VWQMBVCNKOZPKR-UHFFFAOYSA-N,9.705403186140378
HBNQTOCHYDUPNO-WUPPGAQESA-N__WKDPQSGACGSIIS-UHFFFAOYSA-N,-0.174068900858081
WKDPQSGACGSIIS-UHFFFAOYSA-N__HBNQTOCHYDUPNO-WUPPGAQESA-N,-3.299647494989252
FVIDMLDUBYIEAU-LLVKDONJSA-N__MVAFQSDJOSUQNW-INIZCTEOSA-N,1.0438477491500913
MVAFQSDJOSUQNW-INIZCTEOSA-N__FVIDMLDUBYIEAU-LLVKDONJSA-N,2.3088703945725144
WCCIOMSIDXOGNB-UHFFFAOYSA-N__COCHBUMAQXWBOA-XUUSCSPLSA-N,2.4117761734063854
COCHBUMAQXWBOA-XUUSCSPLSA-N__WCCIOMSIDXOGNB-UHFFFAOYSA-N,-3.533139515270746
KJTNQUMRBDYNHH-UHFFFAOYSA-N__DXFXBHOPOCRDOX-UHFFFAOYSA-N,1.813541547877676
DXFXBHOPOCRDOX-UHFFFAOYSA-N__KJTNQUMRBDYNHH-UHFFFAOYSA-N,11.20682862791366
DRAKXFDUCAQJLK-UHFFFAOYSA-N__PEIUQQRFQZZTDD-UHFFFAOYSA-N,-2.96359268538664
PEIUQQRFQZZTDD-UHFFFAOYSA-N__DRAKXFDUCAQJLK-UHFFFAOYSA-N,-4.383203380096967
ILVRNCFSHQQLQR-UHFFFAOYSA-N__LSMCWAFSYOWWCQ-UHFFFAOYSA-N,7.566730486237942
LSMCWAFSYOWWCQ-UHFFFAOYSA-N__ILVRNCFSHQQLQR-UHFFFAOYSA-N,11.668823104629942
HXXZCKOMZMGSNJ-WDSOQIARSA-N__SKTUVGPCHFUNLT-KRWDZBQOSA-N,13.559395811104862
SKTUVGPCHFUNLT-KRWDZBQOSA-N__HXXZCKOMZMGSNJ-WDSOQIARSA-N,-1.6338876296358011
NPXRWEXSDDOKAO-UHFFFAOYSA-N__WQTMGJMCPIUINL-UHFFFAOYSA-N,17.63960184419198
WQTMGJMCPIUINL-UHFFFAOYSA-N__NPXRWEXSDDOKAO-UHFFFAOYSA-N,0.4163521118390316
KFCYVZKMKGFGHI-UHFFFAOYSA-N__UBBMRBSACHEJNQ-UHFFFAOYSA-N,16.488836770751004
UBBMRBSACHEJNQ-UHFFFAOYSA-N__KFCYVZKMKGFGHI-UHFFFAOYSA-N,11.857109584263885
DYFFYQPTYLJLOC-UHFFFAOYSA-N__KRBBYDYXQBJMCQ-UHFFFAOYSA-N,8.960579853081672
KRBBYDYXQBJMCQ-UHFFFAOYSA-N__DYFFYQPTYLJLOC-UHFFFAOYSA-N,21.0696353027111
KOOOEVHEAMOMJO-UHFFFAOYSA-N__XMOWTVRHMBWBMF-SJORKVTESA-N,11.23294958795809
XMOWTVRHMBWBMF-SJORKVTESA-N__KOOOEVHEAMOMJO-UHFFFAOYSA-N,14.522309901726258
ABBJZGFTGJXEFF-NRFANRHFSA-N__UHIIEVZNTMPDKA-UHFFFAOYSA-N,1.3436676736174928
UHIIEVZNTMPDKA-UHFFFAOYSA-N__ABBJZGFTGJXEFF-NRFANRHFSA-N,6.592364455841087
UMUIGHBFCVQENZ-BQYQJAHWSA-N__JYZOGBPCKIPYRD-UHFFFAOYSA-N,11.013308153672044
JYZOGBPCKIPYRD-UHFFFAOYSA-N__UMUIGHBFCVQENZ-BQYQJAHWSA-N,19.186859167899872
GAZTWLJQJHTFJZ-UHFFFAOYSA-N__LEARYWLIPWZGAC-UHFFFAOYSA-N,6.551788165070158
LEARYWLIPWZGAC-UHFFFAOYSA-N__GAZTWLJQJHTFJZ-UHFFFAOYSA-N,10.98195931959815
JAFCBQBVRBRGTE-UHFFFAOYSA-N__XPQGYBKDOXIESV-UHFFFAOYSA-N,3.645876631111165
XPQGYBKDOXIESV-UHFFFAOYSA-N__JAFCBQBVRBRGTE-UHFFFAOYSA-N,1.6505757849623577
PEJOCHPKZAQFHZ-UHFFFAOYSA-N__LJHOMQHGWMZGEE-UHFFFAOYSA-N,13.096336044165476
LJHOMQHGWMZGEE-UHFFFAOYSA-N__PEJOCHPKZAQFHZ-UHFFFAOYSA-N,36.93298205906646
PLPGDGHESWOBCH-UHFFFAOYSA-N__QGJNZARLLQNXMC-UHFFFAOYSA-N,2.466503947699733
QGJNZARLLQNXMC-UHFFFAOYSA-N__PLPGDGHESWOBCH-UHFFFAOYSA-N,4.385257263873265
GSKQIBPCYGXXOP-AOOOYVTPSA-N__ZUWXEOWSRRZRRY-UHFFFAOYSA-N,4.964729982800219
IBIIXRQZZSJOHF-UHFFFAOYSA-N__FGSNRIVXIXWJEA-UHFFFAOYSA-N,2.688638801822767
FGSNRIVXIXWJEA-UHFFFAOYSA-N__IBIIXRQZZSJOHF-UHFFFAOYSA-N,5.71774153604238
ZUWXEOWSRRZRRY-UHFFFAOYSA-N__GSKQIBPCYGXXOP-AOOOYVTPSA-N,6.517719300237599
JUXIULQSQIHNIR-UHFFFAOYSA-N__DVWAZVHFKDBHPU-UHFFFAOYSA-N,9.985610421661578
DVWAZVHFKDBHPU-UHFFFAOYSA-N__JUXIULQSQIHNIR-UHFFFAOYSA-N,5.597918525108112
DGVOSAOXUJRINT-UHFFFAOYSA-N__JZEBIZSENOXNQJ-XMMPIXPASA-N,11.78829720244179
VQWXIAFWVPUELC-UHFFFAOYSA-N__VUGXCHNCPBWCGF-UHFFFAOYSA-N,4.163372953527422
JZEBIZSENOXNQJ-XMMPIXPASA-N__DGVOSAOXUJRINT-UHFFFAOYSA-N,8.178713930584594
VUGXCHNCPBWCGF-UHFFFAOYSA-N__VQWXIAFWVPUELC-UHFFFAOYSA-N,17.815584047216838
PACMHHUCIFEXOO-UHFFFAOYSA-N__BDCUCNPZMDODBG-UHFFFAOYSA-N,5.737638638010295
BDCUCNPZMDODBG-UHFFFAOYSA-N__PACMHHUCIFEXOO-UHFFFAOYSA-N,17.378633493762678
XZNRETHUFIPDOZ-UHFFFAOYSA-N__BRTUUHJYXPOYAV-UHFFFAOYSA-N,-0.2024476369444261
BRTUUHJYXPOYAV-UHFFFAOYSA-N__XZNRETHUFIPDOZ-UHFFFAOYSA-N,12.855270679363596
DHSROUFIYSPJCE-UHFFFAOYSA-N__RKMKILVUFODIPA-UHFFFAOYSA-N,7.531376924344167
RKMKILVUFODIPA-UHFFFAOYSA-N__DHSROUFIYSPJCE-UHFFFAOYSA-N,4.710768892284782
HBGMDJWCANTCOM-UHFFFAOYSA-N__NEQUCCGKAVEKBG-UHFFFAOYSA-N,9.513521495413832
NEQUCCGKAVEKBG-UHFFFAOYSA-N__HBGMDJWCANTCOM-UHFFFAOYSA-N,23.562454160910058
RHTHLSUOTVMWSL-UHFFFAOYSA-N__NTYXMALGJWMJOJ-OWOJBTEDSA-N,3.281004378398637
NTYXMALGJWMJOJ-OWOJBTEDSA-N__RHTHLSUOTVMWSL-UHFFFAOYSA-N,8.54603847615866
VOKGUQCAQJNZRA-UHFFFAOYSA-N__GBFWHRWAMNKHPN-IBGZPJMESA-N,9.835159094231273
GBFWHRWAMNKHPN-IBGZPJMESA-N__VOKGUQCAQJNZRA-UHFFFAOYSA-N,7.848493791753822
AGTHUJMZBCNPGE-UHFFFAOYSA-N__AEDPMGFHBBBQEC-WJTDDFOZSA-N,15.71533546143982
UYMMENOAXXUBKV-UHFFFAOYSA-N__NDFKURCRZBUCOX-UHFFFAOYSA-N,10.991014322306984
NDFKURCRZBUCOX-UHFFFAOYSA-N__UYMMENOAXXUBKV-UHFFFAOYSA-N,6.830819213794929
AEDPMGFHBBBQEC-WJTDDFOZSA-N__AGTHUJMZBCNPGE-UHFFFAOYSA-N,15.519809254562531
GHSZSISWLVJQDU-ZIAGYGMSSA-N__WSHZSFNBSXRIBS-UHFFFAOYSA-N,4.889038363770915
WSHZSFNBSXRIBS-UHFFFAOYSA-N__GHSZSISWLVJQDU-ZIAGYGMSSA-N,0.0712922573427666
WELCFPZRSVLGHC-UHFFFAOYSA-N__LZHSWOILJGPKAP-UHFFFAOYSA-N,12.618356263954668
LZHSWOILJGPKAP-UHFFFAOYSA-N__WELCFPZRSVLGHC-UHFFFAOYSA-N,17.57843745190555
SPDGSFTZRPEITG-UHFFFAOYSA-N__PQAIHLVOOXAKNQ-UHFFFAOYSA-N,8.768355469543634
PQAIHLVOOXAKNQ-UHFFFAOYSA-N__SPDGSFTZRPEITG-UHFFFAOYSA-N,9.863137644021066
CKBUVYCHHBMZSF-UHFFFAOYSA-N__RWEYFUWWABGSAT-UHFFFAOYSA-N,6.198284427785244
RWEYFUWWABGSAT-UHFFFAOYSA-N__CKBUVYCHHBMZSF-UHFFFAOYSA-N,4.06322308019467
GJXBPGOXWQQCFQ-ZGTCLIOFSA-N__WIWFJWIFBBVFEZ-UHFFFAOYSA-N,16.85578198622249
WIWFJWIFBBVFEZ-UHFFFAOYSA-N__GJXBPGOXWQQCFQ-ZGTCLIOFSA-N,10.770268605159574
JCDOFEGZZDNRHT-UHFFFAOYSA-N__YHDCCIIEKVRTFS-UHFFFAOYSA-N,22.27253642875044
YHDCCIIEKVRTFS-UHFFFAOYSA-N__JCDOFEGZZDNRHT-UHFFFAOYSA-N,13.246688604960498
JVNWIIMSBGBSJP-UHFFFAOYSA-N__ZILUOZIWQCJPQR-UHFFFAOYSA-N,7.140353117399561
ZILUOZIWQCJPQR-UHFFFAOYSA-N__JVNWIIMSBGBSJP-UHFFFAOYSA-N,4.48068902319683
KUTTZMXLXFBVIJ-UHFFFAOYSA-N__XZQJEDWNILLEFG-UHFFFAOYSA-N,11.738126837510872
XZQJEDWNILLEFG-UHFFFAOYSA-N__KUTTZMXLXFBVIJ-UHFFFAOYSA-N,3.7785397483643752
PKLDUAVLJKZVSV-UHFFFAOYSA-N__XVDLROQWVDXFHZ-UHFFFAOYSA-N,9.767732369797384
XVDLROQWVDXFHZ-UHFFFAOYSA-N__PKLDUAVLJKZVSV-UHFFFAOYSA-N,18.41315110910204
AGNNJSLQBHVPME-AWEZNQCLSA-N__FZQZIGMVBOADRS-UHFFFAOYSA-N,23.50729229576255
FZQZIGMVBOADRS-UHFFFAOYSA-N__AGNNJSLQBHVPME-AWEZNQCLSA-N,18.510715105519253
SUUCOGNUSPOGOY-UHFFFAOYSA-N__IGIFOZITKZEHBY-UHFFFAOYSA-N,6.262505326113145
IODYCYMGNDCNBZ-UHFFFAOYSA-N__VOBWVRSTTZYEMB-UHFFFAOYSA-N,21.912845374086324
VOBWVRSTTZYEMB-UHFFFAOYSA-N__IODYCYMGNDCNBZ-UHFFFAOYSA-N,6.675478899323393
IGIFOZITKZEHBY-UHFFFAOYSA-N__SUUCOGNUSPOGOY-UHFFFAOYSA-N,6.186381884756595
JQKYBFOOPCVHNE-UHFFFAOYSA-N__AKOPNWAGXMASTH-UHFFFAOYSA-N,5.9806629568091605
AKOPNWAGXMASTH-UHFFFAOYSA-N__JQKYBFOOPCVHNE-UHFFFAOYSA-N,11.70633791021427
NYYJOFDIDGBOCC-UHFFFAOYSA-N__ZXRRJDOOFSPTHO-UHFFFAOYSA-N,1.8051878958023504
ZXRRJDOOFSPTHO-UHFFFAOYSA-N__NYYJOFDIDGBOCC-UHFFFAOYSA-N,-2.251212301876652
XVNOOXDQQSZBNR-UHFFFAOYSA-N__YYDCSHJCKSWHMS-UHFFFAOYSA-N,0.4234403204037233
YYDCSHJCKSWHMS-UHFFFAOYSA-N__XVNOOXDQQSZBNR-UHFFFAOYSA-N,-1.5373495235971786
MVMZYAFYPHYFPD-YRGRVCCFSA-N__FRLRWBRFBBDZQJ-MJGOQNOKSA-N,31.2731659168049
FRLRWBRFBBDZQJ-MJGOQNOKSA-N__MVMZYAFYPHYFPD-YRGRVCCFSA-N,4.825455012178655
VZNKLDCSXZDFKA-UHFFFAOYSA-N__YMVYDTVPEXYBGJ-DKERLUNHSA-N,18.26221672975884
YMVYDTVPEXYBGJ-DKERLUNHSA-N__VZNKLDCSXZDFKA-UHFFFAOYSA-N,7.758518074866842
HPVDKNQDHHNOKA-UHFFFAOYSA-N__XQBULJRAUNVNTP-UHFFFAOYSA-N,15.230850180959592
BDSFQAWSOSASBZ-UHFFFAOYSA-N__NGLYFQZZXYWIRA-UHFFFAOYSA-N,8.837869532016077
XQBULJRAUNVNTP-UHFFFAOYSA-N__HPVDKNQDHHNOKA-UHFFFAOYSA-N,8.722694096951953
NGLYFQZZXYWIRA-UHFFFAOYSA-N__BDSFQAWSOSASBZ-UHFFFAOYSA-N,7.311570569456929
WNESRHPOMYTGRC-UHFFFAOYSA-N__YHFJYKGTZBMBQQ-UHFFFAOYSA-N,2.105855312290655
YHFJYKGTZBMBQQ-UHFFFAOYSA-N__WNESRHPOMYTGRC-UHFFFAOYSA-N,5.65907440979439
ONONBUNYLFASFU-UHFFFAOYSA-N__AJVXLGJZKYVUQY-NSHDSACASA-N,14.947983063994217
AJVXLGJZKYVUQY-NSHDSACASA-N__ONONBUNYLFASFU-UHFFFAOYSA-N,20.881226577591374
PVZLYSNVGDHIRF-UHFFFAOYSA-N__WUTYMARDFNKUKM-UHFFFAOYSA-N,16.315667139316023
WUTYMARDFNKUKM-UHFFFAOYSA-N__PVZLYSNVGDHIRF-UHFFFAOYSA-N,13.872089060661548
VXYVFRUILIJALH-UHFFFAOYSA-N__WMDCWWJGQDSQOK-UHFFFAOYSA-N,6.287232412734031
WMDCWWJGQDSQOK-UHFFFAOYSA-N__VXYVFRUILIJALH-UHFFFAOYSA-N,10.902565600331794
KBHZJWBHJQLYKM-UHFFFAOYSA-N__ZBVYPGCVIYKICT-XMMPIXPASA-N,6.800740988430396
HGAFJASHINBGRZ-UHFFFAOYSA-N__JIJRTUGATJPLQP-UHFFFAOYSA-N,4.6556119795300654
ZBVYPGCVIYKICT-XMMPIXPASA-N__KBHZJWBHJQLYKM-UHFFFAOYSA-N,13.036494390194044
JIJRTUGATJPLQP-UHFFFAOYSA-N__HGAFJASHINBGRZ-UHFFFAOYSA-N,10.753822238319078
KRRAIDFVSPXHJO-UHFFFAOYSA-N__UPBJECVDWYVYNR-GOSISDBHSA-N,6.757686074148208
UPBJECVDWYVYNR-GOSISDBHSA-N__KRRAIDFVSPXHJO-UHFFFAOYSA-N,8.694322812283458
NHZVFRKGFQYFIW-UHFFFAOYSA-N__ZEHYRTJBFMZHCY-UHFFFAOYSA-N,10.365735978900744
ZEHYRTJBFMZHCY-UHFFFAOYSA-N__NHZVFRKGFQYFIW-UHFFFAOYSA-N,4.365286423473298
BGUMERZVCOCUKQ-CVEARBPZSA-N__QQPUJTOBRLXIGD-UHFFFAOYSA-N,6.126431611584858
QQPUJTOBRLXIGD-UHFFFAOYSA-N__BGUMERZVCOCUKQ-CVEARBPZSA-N,3.857597773088159
CGDGOJNAWCTINW-UHFFFAOYSA-N__XAGVMLFRTWQQSL-UHFFFAOYSA-N,3.838132375665863
XAGVMLFRTWQQSL-UHFFFAOYSA-N__CGDGOJNAWCTINW-UHFFFAOYSA-N,5.077694597953959
RMTGIUYGQLSTOO-UHFFFAOYSA-N__SDCVPIWZZJVXAB-UHFFFAOYSA-N,3.956044819663724
SDCVPIWZZJVXAB-UHFFFAOYSA-N__RMTGIUYGQLSTOO-UHFFFAOYSA-N,1.472996289372353
HKWCEXZUDQTIRD-UHFFFAOYSA-N__MREJZELNCWSZEI-UHFFFAOYSA-N,2.891300730629637
MREJZELNCWSZEI-UHFFFAOYSA-N__HKWCEXZUDQTIRD-UHFFFAOYSA-N,17.75546881228098
CHBDQLQIRMMOCD-UHFFFAOYSA-N__HOPOWIYNQUFRTR-UHFFFAOYSA-N,6.293418012969836
HOPOWIYNQUFRTR-UHFFFAOYSA-N__CHBDQLQIRMMOCD-UHFFFAOYSA-N,4.563996800617387
HWPKNGUIGZRLQZ-WYMLVPIESA-N__QCZZEGWAGDEKGU-UZVDCAJISA-N,23.0483608139208
QCZZEGWAGDEKGU-UZVDCAJISA-N__HWPKNGUIGZRLQZ-WYMLVPIESA-N,21.123121859840303
JVMYEKBRGJGYKS-UHFFFAOYSA-N__SXFQDAJMHUWUKU-UHFFFAOYSA-N,2.627251420025132
LMUHOIFMUCMURF-UHFFFAOYSA-N__NMASRVDQRYTDGB-UHFFFAOYSA-N,9.181726538692654
SXFQDAJMHUWUKU-UHFFFAOYSA-N__JVMYEKBRGJGYKS-UHFFFAOYSA-N,1.8880826289680224
NMASRVDQRYTDGB-UHFFFAOYSA-N__LMUHOIFMUCMURF-UHFFFAOYSA-N,8.575863640672035
AZPZFNVBBXZYFK-UHFFFAOYSA-N__ZEMIIUDAMWWMED-UHFFFAOYSA-N,4.67413210428034
ZEMIIUDAMWWMED-UHFFFAOYSA-N__AZPZFNVBBXZYFK-UHFFFAOYSA-N,19.43040989195232
FFASEIWFTAKRDZ-UHFFFAOYSA-N__UIVKULFMSCBIKD-UHFFFAOYSA-N,8.925939897816466
UIVKULFMSCBIKD-UHFFFAOYSA-N__FFASEIWFTAKRDZ-UHFFFAOYSA-N,7.471203699613876
MKKZZPATQDBJPJ-OUKQBFOZSA-N__PQOHKCAPIQQWMO-UHFFFAOYSA-N,-2.666735989619806
PQOHKCAPIQQWMO-UHFFFAOYSA-N__MKKZZPATQDBJPJ-OUKQBFOZSA-N,4.89441478383058
AWMUXRCUFBYUPZ-UHFFFAOYSA-N__CYNYXJLRGACASW-UHFFFAOYSA-N,14.213179549933626
CYNYXJLRGACASW-UHFFFAOYSA-N__AWMUXRCUFBYUPZ-UHFFFAOYSA-N,11.697402193326573
LPOPWGQWNMJUHS-UHFFFAOYSA-N__XKBBRFAPWMBHPG-KNQAVFIVSA-N,10.283573407357174
XKBBRFAPWMBHPG-KNQAVFIVSA-N__LPOPWGQWNMJUHS-UHFFFAOYSA-N,8.614148069712279
YWYRVKXBPMSZBY-UHFFFAOYSA-N__ZLLYBUQOJMPGKQ-UHFFFAOYSA-N,5.9287150233693255
ZLLYBUQOJMPGKQ-UHFFFAOYSA-N__YWYRVKXBPMSZBY-UHFFFAOYSA-N,5.777180888285057
KCSLRDWLJUMEPV-UHFFFAOYSA-N__OMNZQMMXDULCSM-UHFFFAOYSA-N,7.260509998794997
OMNZQMMXDULCSM-UHFFFAOYSA-N__KCSLRDWLJUMEPV-UHFFFAOYSA-N,12.082086577730738
DIMRXIZTSKSYHZ-UHFFFAOYSA-N__XXLFGZYVZZTCGO-UHFFFAOYSA-N,16.684247800181524
XXLFGZYVZZTCGO-UHFFFAOYSA-N__DIMRXIZTSKSYHZ-UHFFFAOYSA-N,12.13147117620299
ZEFCOVFRFWRQBI-UHFFFAOYSA-N__CRAZWKMHGDYDPG-UHFFFAOYSA-N,-2.100016429916094
CRAZWKMHGDYDPG-UHFFFAOYSA-N__ZEFCOVFRFWRQBI-UHFFFAOYSA-N,3.853840007727826
OJCYXUOKLQTRCR-UHFFFAOYSA-N__ZZDSIJAFMPRCKR-UHFFFAOYSA-N,13.726035899623325
ZZDSIJAFMPRCKR-UHFFFAOYSA-N__OJCYXUOKLQTRCR-UHFFFAOYSA-N,14.32878469110806
AXVQPQSITSDLEM-UHFFFAOYSA-N__LKXNMNZZRDDMCV-UHFFFAOYSA-N,12.889682102175865
LKXNMNZZRDDMCV-UHFFFAOYSA-N__AXVQPQSITSDLEM-UHFFFAOYSA-N,11.255345665331827
KIAPMMJMRZCKNU-UHFFFAOYSA-N__FYVNLBFXUVZASM-UHFFFAOYSA-N,-0.1014517324824398
FYVNLBFXUVZASM-UHFFFAOYSA-N__KIAPMMJMRZCKNU-UHFFFAOYSA-N,-3.171539672665025
AKHJCEGYWKSQIO-UHFFFAOYSA-N__IDYCABFRXFINCI-UHFFFAOYSA-N,3.6465324201590152
IDYCABFRXFINCI-UHFFFAOYSA-N__AKHJCEGYWKSQIO-UHFFFAOYSA-N,6.778154707926676
ZIIFURXDVQHEMS-UHFFFAOYSA-N__SDCVPIWZZJVXAB-UHFFFAOYSA-N,4.341020140522358
SDCVPIWZZJVXAB-UHFFFAOYSA-N__ZIIFURXDVQHEMS-UHFFFAOYSA-N,5.8478343410329225
FUWKEYIYGOIPGP-UHFFFAOYSA-N__PEALUVUVBAIWLP-UHFFFAOYSA-N,3.75913392747118
PEALUVUVBAIWLP-UHFFFAOYSA-N__FUWKEYIYGOIPGP-UHFFFAOYSA-N,5.858624825758041
NXRTXJYJMPSCBE-UHFFFAOYSA-N__MFILOSUMLUXEPD-UHFFFAOYSA-N,12.303334146693318
MFILOSUMLUXEPD-UHFFFAOYSA-N__NXRTXJYJMPSCBE-UHFFFAOYSA-N,9.46282293531958
CVXYIKFMEGPKIR-QFIPXVFZSA-N__AFJCXVRJTITBMJ-UHFFFAOYSA-N,5.197660131362029
AFJCXVRJTITBMJ-UHFFFAOYSA-N__CVXYIKFMEGPKIR-QFIPXVFZSA-N,9.343957207144904
MXCHZSQXFYGQFZ-UHFFFAOYSA-N__FTONNERZYSRBCF-UHFFFAOYSA-N,6.460799404063232
FTONNERZYSRBCF-UHFFFAOYSA-N__MXCHZSQXFYGQFZ-UHFFFAOYSA-N,4.466883849901365
HQLFUKXJOMWUPG-IWGRKNQJSA-N__PIDFWEUPQOLWEB-UHFFFAOYSA-N,3.277615764839397
PIDFWEUPQOLWEB-UHFFFAOYSA-N__HQLFUKXJOMWUPG-IWGRKNQJSA-N,4.235264499337081
GUJTXYRPUAQHJK-UHFFFAOYSA-N__PYNFMGAEGXMZCJ-UHFFFAOYSA-N,14.278869247635567
PYNFMGAEGXMZCJ-UHFFFAOYSA-N__GUJTXYRPUAQHJK-UHFFFAOYSA-N,13.778319788494532
DWDBBWXFNOEALL-UHFFFAOYSA-N__KXMZVZSANYLVJL-QLYXXIJNSA-N,15.443281374928512
KXMZVZSANYLVJL-QLYXXIJNSA-N__DWDBBWXFNOEALL-UHFFFAOYSA-N,14.297696289616882
QUMHOKRXZBSCCL-KRWDZBQOSA-N__GWQVCRFGPBJYFN-UHFFFAOYSA-N,7.049054495262994
GWQVCRFGPBJYFN-UHFFFAOYSA-N__QUMHOKRXZBSCCL-KRWDZBQOSA-N,3.934265061937244
VTKDJANQLBTLQR-UHFFFAOYSA-N__GFKYXAXQGFCXNO-UHFFFAOYSA-N,4.7685607676440025
GFKYXAXQGFCXNO-UHFFFAOYSA-N__VTKDJANQLBTLQR-UHFFFAOYSA-N,8.465568168550517
MJPGCJACQVRBCD-UHFFFAOYSA-N__CXLGOAXSCDYSKA-ZNZBMKLDSA-N,-0.449960576712259
CXLGOAXSCDYSKA-ZNZBMKLDSA-N__MJPGCJACQVRBCD-UHFFFAOYSA-N,18.486695133554928
FVSCDRGTYZWGLE-BQYQJAHWSA-N__LTDXHSVIDXPYBK-XWXLMPLOSA-N,1.8833149718405624
LTDXHSVIDXPYBK-XWXLMPLOSA-N__FVSCDRGTYZWGLE-BQYQJAHWSA-N,13.892670206069818
DVWYYXOTPAEWSU-UHFFFAOYSA-N__RHZMWSRLHLTVOH-UHFFFAOYSA-N,1.2189940815123097
RHZMWSRLHLTVOH-UHFFFAOYSA-N__DVWYYXOTPAEWSU-UHFFFAOYSA-N,7.620603622069187
FZEQZBWNGGKNBQ-SECBINFHSA-N__VNPKVWZXJGBOHB-UHFFFAOYSA-N,-3.612044130175274
VNPKVWZXJGBOHB-UHFFFAOYSA-N__FZEQZBWNGGKNBQ-SECBINFHSA-N,11.21743867446883
QQTKVXCQLZIJPP-UHFFFAOYSA-N__RPWQHZHXWLXYEI-UHFFFAOYSA-N,7.48068195833734
RPWQHZHXWLXYEI-UHFFFAOYSA-N__QQTKVXCQLZIJPP-UHFFFAOYSA-N,5.421290863290173
AVPRZNDYKFLNRK-UHFFFAOYSA-N__ZXTUZBCUZDDVKQ-UHFFFAOYSA-N,13.62363248617817
LVBCUIZICDAXBM-UHFFFAOYSA-N__TXDCDOVILUDCMT-UHFFFAOYSA-N,-0.5535751476812891
ZXTUZBCUZDDVKQ-UHFFFAOYSA-N__AVPRZNDYKFLNRK-UHFFFAOYSA-N,6.007979646482549
TXDCDOVILUDCMT-UHFFFAOYSA-N__LVBCUIZICDAXBM-UHFFFAOYSA-N,-0.6502124485352806
LNFVCCVHRRIRED-UHFFFAOYSA-N__FRVPRJMOCWMNPG-UHFFFAOYSA-N,7.070542197359868
FRVPRJMOCWMNPG-UHFFFAOYSA-N__LNFVCCVHRRIRED-UHFFFAOYSA-N,13.400003258373474
CGIANMAIKFMTDP-BQYQJAHWSA-N__NFTMPMFQXWGQKU-UHFFFAOYSA-N,4.162247945808234
AOZTZQDSIGCVMD-UHFFFAOYSA-N__QZCYJBUPFNUXTK-UHFFFAOYSA-N,4.426254252635944
NFTMPMFQXWGQKU-UHFFFAOYSA-N__CGIANMAIKFMTDP-BQYQJAHWSA-N,11.436913875434302
QZCYJBUPFNUXTK-UHFFFAOYSA-N__AOZTZQDSIGCVMD-UHFFFAOYSA-N,5.5032320288469245
DMLWJIHAISVNNZ-YBEGLDIGSA-N__IXYTYSQUTIMGMD-RUDMXATFSA-N,5.740461248361463
IXYTYSQUTIMGMD-RUDMXATFSA-N__DMLWJIHAISVNNZ-YBEGLDIGSA-N,8.084947218866002
UICZVEFEYSYHMD-NRFANRHFSA-N__UAHAFVWMBKSJPL-UHFFFAOYSA-N,5.434489393151991
UAHAFVWMBKSJPL-UHFFFAOYSA-N__UICZVEFEYSYHMD-NRFANRHFSA-N,6.62688344659379
MNAYBPJWVPALBZ-SFHVURJKSA-N__LEKIMZWTQQMGOH-UHFFFAOYSA-N,0.7215319965443304
LEKIMZWTQQMGOH-UHFFFAOYSA-N__MNAYBPJWVPALBZ-SFHVURJKSA-N,2.1411517311193244
DELCMWROJURLSQ-UHFFFAOYSA-N__MLIKZFIFDQFXND-UHFFFAOYSA-N,-0.4643155851015205
MLIKZFIFDQFXND-UHFFFAOYSA-N__DELCMWROJURLSQ-UHFFFAOYSA-N,-0.7589129805852356
BGYIXWHMBZPJFP-UHFFFAOYSA-N__NDERKMHAVXEYRH-UHFFFAOYSA-N,7.432440450880588
NDERKMHAVXEYRH-UHFFFAOYSA-N__BGYIXWHMBZPJFP-UHFFFAOYSA-N,11.982370722557128
AADAQNZFNRQCBF-UHFFFAOYSA-N__WAOXYYVXSGMMFL-UHFFFAOYSA-N,8.215939772895558
WAOXYYVXSGMMFL-UHFFFAOYSA-N__AADAQNZFNRQCBF-UHFFFAOYSA-N,12.84930269791098
OIURTGSQLKWFSZ-OWOJBTEDSA-N__WTJNZEWMCLCEBM-UHFFFAOYSA-N,9.84933911529294
WTJNZEWMCLCEBM-UHFFFAOYSA-N__OIURTGSQLKWFSZ-OWOJBTEDSA-N,9.819380056398444
SBPQEFHDSCYDEA-UHFFFAOYSA-N__TXISWAUNDMCHBW-UHFFFAOYSA-N,8.838118162466062
TXISWAUNDMCHBW-UHFFFAOYSA-N__SBPQEFHDSCYDEA-UHFFFAOYSA-N,6.4375056082599365
KYVXSRPSJYHRMK-UHFFFAOYSA-N__GZZXQULECVURSU-UHFFFAOYSA-N,8.80951439070703
GZZXQULECVURSU-UHFFFAOYSA-N__KYVXSRPSJYHRMK-UHFFFAOYSA-N,4.570597258559888
KTUAXZMQZCAHHA-UHFFFAOYSA-N__TVBHGTMERMFCLR-UHFFFAOYSA-N,5.785631425913944
ULLRDSBDZSEJER-VXLYETTFSA-N__PYVCQHSLEIAQET-UHFFFAOYSA-N,17.088165686607823
PYVCQHSLEIAQET-UHFFFAOYSA-N__ULLRDSBDZSEJER-VXLYETTFSA-N,14.921173413449988
TVBHGTMERMFCLR-UHFFFAOYSA-N__KTUAXZMQZCAHHA-UHFFFAOYSA-N,3.8978793277879022
GXFIQAYKRMPNMV-UHFFFAOYSA-N__URPKYXUXVZHZKR-UHFFFAOYSA-N,10.359839090109627
URPKYXUXVZHZKR-UHFFFAOYSA-N__GXFIQAYKRMPNMV-UHFFFAOYSA-N,7.78177363180575
KMIAVWXNGSGWOQ-RPWUZVMVSA-N__NGVIIMOVUZVWGS-UHFFFAOYSA-N,8.442344679888745
NGVIIMOVUZVWGS-UHFFFAOYSA-N__KMIAVWXNGSGWOQ-RPWUZVMVSA-N,9.0329122747091
DBJMLYYBVRNGDJ-UHFFFAOYSA-N__JOSRDHYNXQRNCP-UHFFFAOYSA-N,10.519730843178476
JOSRDHYNXQRNCP-UHFFFAOYSA-N__DBJMLYYBVRNGDJ-UHFFFAOYSA-N,14.009511161006854
GJYQCAPLMSDZJR-UHFFFAOYSA-N__PPAQSZMPTHGKSE-UHFFFAOYSA-N,5.803059178264719
PPAQSZMPTHGKSE-UHFFFAOYSA-N__GJYQCAPLMSDZJR-UHFFFAOYSA-N,2.190628348074468
FPPPHVUXXZQHFB-UHFFFAOYSA-N__RGAPFTXHEZXRTR-UHFFFAOYSA-N,6.1472662030066125
RGAPFTXHEZXRTR-UHFFFAOYSA-N__FPPPHVUXXZQHFB-UHFFFAOYSA-N,10.141171224336397
JKTRNCFXQMXHMI-ZROIWOOFSA-N__WEJJHXGZPGAJMU-UHFFFAOYSA-N,10.156694540352186
WEJJHXGZPGAJMU-UHFFFAOYSA-N__JKTRNCFXQMXHMI-ZROIWOOFSA-N,5.979963185276985
ARYRWXWGGWGVBW-UHFFFAOYSA-N__WEDISNHSDZGVPY-UHFFFAOYSA-N,6.035958076564548
WEDISNHSDZGVPY-UHFFFAOYSA-N__ARYRWXWGGWGVBW-UHFFFAOYSA-N,-7.356036705233389
DIWZPZBXOCSINU-UHFFFAOYSA-N__URKCVFJZAVVSMA-UHFFFAOYSA-N,8.268053968905193
URKCVFJZAVVSMA-UHFFFAOYSA-N__DIWZPZBXOCSINU-UHFFFAOYSA-N,8.391604444574467
LJFIFMREBAPVSN-UHFFFAOYSA-N__VFCAVTDJEFKLEI-UHFFFAOYSA-N,5.465927525174357
VFCAVTDJEFKLEI-UHFFFAOYSA-N__LJFIFMREBAPVSN-UHFFFAOYSA-N,4.018308566888195
MSHKKLYIEMVGRX-UHFFFAOYSA-N__BUOJWMODXUMJFT-UHFFFAOYSA-N,13.169741843354766
BUOJWMODXUMJFT-UHFFFAOYSA-N__MSHKKLYIEMVGRX-UHFFFAOYSA-N,15.306417908913303
GERYXPCGJYHDPO-UHFFFAOYSA-N__JIBJRBZCTHQXLM-UHFFFAOYSA-N,8.773559690011995
JIBJRBZCTHQXLM-UHFFFAOYSA-N__GERYXPCGJYHDPO-UHFFFAOYSA-N,13.36882126293639
ZTXNXVBJHPXTIM-UHFFFAOYSA-N__FBFQAMMEGXKWGQ-UHFFFAOYSA-N,3.890615486272528
FBFQAMMEGXKWGQ-UHFFFAOYSA-N__ZTXNXVBJHPXTIM-UHFFFAOYSA-N,7.496004196932839
HTBMXHQDIUVCIM-UHFFFAOYSA-N__SCRPLXZNKNGZOO-UHFFFAOYSA-N,6.263830045813299
SCRPLXZNKNGZOO-UHFFFAOYSA-N__HTBMXHQDIUVCIM-UHFFFAOYSA-N,15.195317337381605
RRWJGIZNQKNLQT-UHFFFAOYSA-N__VVEMIDRGSVZKAH-UHFFFAOYSA-N,15.567997326756874
VVEMIDRGSVZKAH-UHFFFAOYSA-N__RRWJGIZNQKNLQT-UHFFFAOYSA-N,5.401084946173359
VTHFCTYUBITUAC-UHFFFAOYSA-N__VLJFJQKINQBDGN-UHFFFAOYSA-N,6.026298229819982
VLJFJQKINQBDGN-UHFFFAOYSA-N__VTHFCTYUBITUAC-UHFFFAOYSA-N,6.606080798676266
ZDSIKEXQDOSKRQ-UHFFFAOYSA-N__YFKJLEYSCJLLAM-UHFFFAOYSA-N,7.629319592827789
YFKJLEYSCJLLAM-UHFFFAOYSA-N__ZDSIKEXQDOSKRQ-UHFFFAOYSA-N,8.42672452169385
WBPBOWQFKCMJAJ-UHFFFAOYSA-N__PGVFOWNHUBPABF-UHFFFAOYSA-N,17.030295733301983
PGVFOWNHUBPABF-UHFFFAOYSA-N__WBPBOWQFKCMJAJ-UHFFFAOYSA-N,12.89248418642124
RAMLJGMAFUPFLA-UHFFFAOYSA-N__HFRQSYYNLPNUKI-UHFFFAOYSA-N,4.510894069624342
HFRQSYYNLPNUKI-UHFFFAOYSA-N__RAMLJGMAFUPFLA-UHFFFAOYSA-N,3.779871796635645
LNFBGBGPCZVQOV-UHFFFAOYSA-N__OQVMRJSMTYXYKE-UHFFFAOYSA-N,4.284997477953844
OQVMRJSMTYXYKE-UHFFFAOYSA-N__LNFBGBGPCZVQOV-UHFFFAOYSA-N,12.1181606713276
QATOHEZXXLYANL-UHFFFAOYSA-N__ITCZAMDBHOSUFO-UHFFFAOYSA-N,9.31149034043538
PGKJXIBIIGOAHH-UHFFFAOYSA-N__WAVNVCWCGGIWGW-UHFFFAOYSA-N,9.776304959439146
WAVNVCWCGGIWGW-UHFFFAOYSA-N__PGKJXIBIIGOAHH-UHFFFAOYSA-N,12.910738243547684
ITCZAMDBHOSUFO-UHFFFAOYSA-N__QATOHEZXXLYANL-UHFFFAOYSA-N,-2.838090865868768
QHQHHWRZMBHIRJ-UHFFFAOYSA-N__QADBPGFIJLSJHS-UHFFFAOYSA-N,12.73061695197507
QADBPGFIJLSJHS-UHFFFAOYSA-N__QHQHHWRZMBHIRJ-UHFFFAOYSA-N,6.018284901440442
VKEAMRFWKFUMAD-YXSASFKJSA-N__GCWKINCTVXNRQK-UHFFFAOYSA-N,-9.545420771110525
GCWKINCTVXNRQK-UHFFFAOYSA-N__VKEAMRFWKFUMAD-YXSASFKJSA-N,-2.559865759787871
UFZDXYOMUBALNC-UHFFFAOYSA-N__XDJRKEGGQJKGEZ-UHFFFAOYSA-N,7.290443485522055
XDJRKEGGQJKGEZ-UHFFFAOYSA-N__UFZDXYOMUBALNC-UHFFFAOYSA-N,8.349212450229304
JFMAUYAYNQZFPO-UHFFFAOYSA-N__ZOCMIRPMIHNFJX-AWEZNQCLSA-N,4.344404594913458
ZOCMIRPMIHNFJX-AWEZNQCLSA-N__JFMAUYAYNQZFPO-UHFFFAOYSA-N,5.343504063649613
KFXSLUCJUDCLBJ-UHFFFAOYSA-N__ZYPSMQGOFUXEOM-UHFFFAOYSA-N,0.6427655259329923
ZYPSMQGOFUXEOM-UHFFFAOYSA-N__KFXSLUCJUDCLBJ-UHFFFAOYSA-N,1.3607475758410763
BYQKNVMLPLHTLZ-UHFFFAOYSA-N__LEWHKRLYSIXJAJ-UHFFFAOYSA-N,4.76114746124479
LEWHKRLYSIXJAJ-UHFFFAOYSA-N__BYQKNVMLPLHTLZ-UHFFFAOYSA-N,17.65323655929499
BUZGQGQQDLINFF-UHFFFAOYSA-N__DHFPPMVRLAJUHI-UHFFFAOYSA-N,8.599958560844799
DHFPPMVRLAJUHI-UHFFFAOYSA-N__BUZGQGQQDLINFF-UHFFFAOYSA-N,13.56538492069788
XQUZIMNBKZPXDC-UHFFFAOYSA-N__JNBSUYGHKRJRAG-UHFFFAOYSA-N,13.790297049732857
JNBSUYGHKRJRAG-UHFFFAOYSA-N__XQUZIMNBKZPXDC-UHFFFAOYSA-N,6.925088797912547
AITGFGKFVGFEQV-UHFFFAOYSA-N__FUJNNXUEDKFPRW-SDXDJHTJSA-N,6.765683095872032
FUJNNXUEDKFPRW-SDXDJHTJSA-N__AITGFGKFVGFEQV-UHFFFAOYSA-N,7.42184828259181
SUGXOMZYAXSNCG-FYJGNVAPSA-N__UJJOCZDMIOIRBL-UHFFFAOYSA-N,16.599002022193783
UJJOCZDMIOIRBL-UHFFFAOYSA-N__SUGXOMZYAXSNCG-FYJGNVAPSA-N,11.852695379452864
LEUMHDHBTKUYCT-UHFFFAOYSA-N__YIUUVBBWUJWUQZ-UHFFFAOYSA-N,6.751763485634511
YIUUVBBWUJWUQZ-UHFFFAOYSA-N__LEUMHDHBTKUYCT-UHFFFAOYSA-N,7.7777156705430945
DEOBNNMBBOBXLJ-UHFFFAOYSA-N__FBWIIZMMTNHIPK-UHFFFAOYSA-N,6.6075404127956014
FBWIIZMMTNHIPK-UHFFFAOYSA-N__DEOBNNMBBOBXLJ-UHFFFAOYSA-N,7.350457443383241
XSCPJHRXZVWIKJ-UHFFFAOYSA-N__IQOSHPTYLFJLGK-UHFFFAOYSA-N,2.889983244618974
IQOSHPTYLFJLGK-UHFFFAOYSA-N__XSCPJHRXZVWIKJ-UHFFFAOYSA-N,16.015786217520688
FPKSGEYSSCVVJD-UHFFFAOYSA-N__FXPGXEFCMZHWPO-ZBJKULKASA-N,15.941487841344491
DMFMAEDMPAOSTI-UHFFFAOYSA-N__VJFORMULKPMFHX-UHFFFAOYSA-N,9.804547042300609
VJFORMULKPMFHX-UHFFFAOYSA-N__DMFMAEDMPAOSTI-UHFFFAOYSA-N,11.464334195103984
FXPGXEFCMZHWPO-ZBJKULKASA-N__FPKSGEYSSCVVJD-UHFFFAOYSA-N,8.467346238790617
XHJOPMUNXORQFX-UHFFFAOYSA-N__YCUXGVPEEFNPLK-UHFFFAOYSA-N,8.083455394075754
YCUXGVPEEFNPLK-UHFFFAOYSA-N__XHJOPMUNXORQFX-UHFFFAOYSA-N,9.251865751081374
JPOAUEMOYNEYCX-UHFFFAOYSA-N__WVNYRGUVNSYPOU-UHFFFAOYSA-N,2.6034992759171334
WVNYRGUVNSYPOU-UHFFFAOYSA-N__JPOAUEMOYNEYCX-UHFFFAOYSA-N,0.3160229452650553
XAPFCLNUALVZMM-UHFFFAOYSA-N__QAHDQEFQJKLJJK-KRWDZBQOSA-N,8.254895696104134
QAHDQEFQJKLJJK-KRWDZBQOSA-N__XAPFCLNUALVZMM-UHFFFAOYSA-N,14.466991929909817
JMPYQYMEVSBQAA-UHFFFAOYSA-N__NHXUWASKMTXOKF-UHFFFAOYSA-N,4.555099823683199
NHXUWASKMTXOKF-UHFFFAOYSA-N__JMPYQYMEVSBQAA-UHFFFAOYSA-N,9.376115625533584
YOIODMRLHIYMSN-UHFFFAOYSA-N__CWWIKDXAVGFYBN-UHFFFAOYSA-N,3.492562635020968
CWWIKDXAVGFYBN-UHFFFAOYSA-N__YOIODMRLHIYMSN-UHFFFAOYSA-N,5.814264997494536
ACCHDBFUTDLHCB-UHFFFAOYSA-N__YEUQKAAPKZLCJO-UHFFFAOYSA-N,10.911928424643364
YEUQKAAPKZLCJO-UHFFFAOYSA-N__ACCHDBFUTDLHCB-UHFFFAOYSA-N,7.642116785400469
SAVHIQJZOHVQRU-UHFFFAOYSA-N__YWVSKFXYEWMHEO-UHFFFAOYSA-N,3.295414082192434
YWVSKFXYEWMHEO-UHFFFAOYSA-N__SAVHIQJZOHVQRU-UHFFFAOYSA-N,12.12561658999206
WNMXOFZFJJRPED-UHFFFAOYSA-N__YBVLSURUIREOQM-UHFFFAOYSA-N,11.382741517057797
YBVLSURUIREOQM-UHFFFAOYSA-N__WNMXOFZFJJRPED-UHFFFAOYSA-N,2.665831849559059
NOJRRWKNHMTNBG-UHFFFAOYSA-N__KBPJXQPLQAACOC-UHFFFAOYSA-N,13.756575716746006
KBPJXQPLQAACOC-UHFFFAOYSA-N__NOJRRWKNHMTNBG-UHFFFAOYSA-N,13.600308035334578
ORCHAOJCOPVIER-UHFFFAOYSA-N__SENRIKNMNNCNKQ-UHFFFAOYSA-N,2.0989561615705234
SENRIKNMNNCNKQ-UHFFFAOYSA-N__ORCHAOJCOPVIER-UHFFFAOYSA-N,0.9159226549959364
CVDSIYLYQGOCMR-UHFFFAOYSA-N__HLJPHQIGKTWVSS-UHFFFAOYSA-N,9.372132925517391
HLJPHQIGKTWVSS-UHFFFAOYSA-N__CVDSIYLYQGOCMR-UHFFFAOYSA-N,10.042107129522565
SKQHDPTYWPAQPG-UHFFFAOYSA-N__YPOVYWGFBALLBJ-UHFFFAOYSA-N,3.2848514466298746
DOZZDBKGOKGEAB-UHFFFAOYSA-N__QZEUHYUQYMNXDY-UHFFFAOYSA-N,21.521257953095773
IFNJTHZEIIRNTK-UHFFFAOYSA-N__VKAUOIVSWRYORK-UHFFFAOYSA-N,13.945027840078996
YPOVYWGFBALLBJ-UHFFFAOYSA-N__SKQHDPTYWPAQPG-UHFFFAOYSA-N,0.0072130600848841
QZEUHYUQYMNXDY-UHFFFAOYSA-N__DOZZDBKGOKGEAB-UHFFFAOYSA-N,9.319895670322866
VKAUOIVSWRYORK-UHFFFAOYSA-N__IFNJTHZEIIRNTK-UHFFFAOYSA-N,23.53707250521927
CGVPHURAYOXSES-UHFFFAOYSA-N__FYPCEUKJORJHDL-UHFFFAOYSA-N,-3.691674632672279
FYPCEUKJORJHDL-UHFFFAOYSA-N__CGVPHURAYOXSES-UHFFFAOYSA-N,2.910817143618885
OZLPDIJFPFDYCA-UHFFFAOYSA-N__HPYJOSAFPDUGBW-UHFFFAOYSA-N,15.98683192949647
HPYJOSAFPDUGBW-UHFFFAOYSA-N__OZLPDIJFPFDYCA-UHFFFAOYSA-N,9.284287234910854
CJMFQGOOWHZBGY-UHFFFAOYSA-N__XIOWKXPTCVWPDM-UHFFFAOYSA-N,19.576243359938083
XIOWKXPTCVWPDM-UHFFFAOYSA-N__CJMFQGOOWHZBGY-UHFFFAOYSA-N,13.705358377740648
MDFFNOMWQARCDB-UHFFFAOYSA-N__FZCPKKAWOTVLAC-UHFFFAOYSA-N,13.633213319643044
FZCPKKAWOTVLAC-UHFFFAOYSA-N__MDFFNOMWQARCDB-UHFFFAOYSA-N,9.62018130384023
IXIZBPXRPUVTHI-UHFFFAOYSA-N__QUGRTMGUVCQDCU-UHFFFAOYSA-N,3.3035263565549307
QUGRTMGUVCQDCU-UHFFFAOYSA-N__IXIZBPXRPUVTHI-UHFFFAOYSA-N,9.092476260030214
GQAOATXGMSNLLF-UHFFFAOYSA-N__LCCIAZJEFUBHLB-UHFFFAOYSA-N,8.664722415348676
LCCIAZJEFUBHLB-UHFFFAOYSA-N__GQAOATXGMSNLLF-UHFFFAOYSA-N,3.723634882440203
TVCMGYBLLCGJOC-UHFFFAOYSA-N__WLBDZKYKWLIUBT-UHFFFAOYSA-N,-0.358707988571967
WLBDZKYKWLIUBT-UHFFFAOYSA-N__TVCMGYBLLCGJOC-UHFFFAOYSA-N,7.104796246655156
JSOVJCKCFWVXLI-UHFFFAOYSA-N__SDHFONFKJFHHMZ-UHFFFAOYSA-N,1.396651172151398
SDHFONFKJFHHMZ-UHFFFAOYSA-N__JSOVJCKCFWVXLI-UHFFFAOYSA-N,3.732777457821405
LACIUARLGVLKFU-UHFFFAOYSA-N__VXUWKPONTHAUNV-UHFFFAOYSA-N,12.64298315329658
VXUWKPONTHAUNV-UHFFFAOYSA-N__LACIUARLGVLKFU-UHFFFAOYSA-N,9.792246973798605
WADTXFVULLCAHK-UHFFFAOYSA-N__VWDDISWWOTUKBN-UHFFFAOYSA-N,4.635663004136897
VWDDISWWOTUKBN-UHFFFAOYSA-N__WADTXFVULLCAHK-UHFFFAOYSA-N,3.4771717275257807
RGUHJVDDKVEHIW-UHFFFAOYSA-N__LJFIFMREBAPVSN-UHFFFAOYSA-N,15.504280512459218
LJFIFMREBAPVSN-UHFFFAOYSA-N__RGUHJVDDKVEHIW-UHFFFAOYSA-N,8.847053907604229
SRYAHFUCGZDCRK-UHFFFAOYSA-N__YTYJHXITLKRCCU-UHFFFAOYSA-N,7.551720363530462
YTYJHXITLKRCCU-UHFFFAOYSA-N__SRYAHFUCGZDCRK-UHFFFAOYSA-N,16.84811372704678
AYYCJLDODRZCOB-UHFFFAOYSA-N__MCZOSEUZABDACT-YSSOQSIOSA-N,-0.8353274954395634
MCZOSEUZABDACT-YSSOQSIOSA-N__AYYCJLDODRZCOB-UHFFFAOYSA-N,4.3888747675820365
KCQVKZWRJSHPFE-ZFGGDYGUSA-N__ZRGWPEFIQVEQTO-HTLJXXAVSA-N,7.359617625369763
ZRGWPEFIQVEQTO-HTLJXXAVSA-N__KCQVKZWRJSHPFE-ZFGGDYGUSA-N,3.439349313858041
INEPARXWGRASGK-UHFFFAOYSA-N__BESBCGANGAEHPM-UHFFFAOYSA-N,3.6427566636017534
BESBCGANGAEHPM-UHFFFAOYSA-N__INEPARXWGRASGK-UHFFFAOYSA-N,14.157393153169874
AWNFWTMZFXFVTG-UHFFFAOYSA-N__OCJOUESZDWTZOX-MQQKCMAXSA-N,17.103524406546118
OCJOUESZDWTZOX-MQQKCMAXSA-N__AWNFWTMZFXFVTG-UHFFFAOYSA-N,16.344811547359626
JINBLHBNFBMWJX-UHFFFAOYSA-N__WOCLJMLOHYERAY-UHFFFAOYSA-N,8.745153479773997
WOCLJMLOHYERAY-UHFFFAOYSA-N__JINBLHBNFBMWJX-UHFFFAOYSA-N,-1.6325830722096422
KSUZLONQIXQAOD-UHFFFAOYSA-N__IEBCJFJZJHUWTD-UHFFFAOYSA-N,-2.599234902033272
IEBCJFJZJHUWTD-UHFFFAOYSA-N__KSUZLONQIXQAOD-UHFFFAOYSA-N,10.721543672398624
FAMMTQWWNQOSLU-UHFFFAOYSA-N__PSSDZUKQXOHXBC-UHFFFAOYSA-N,1.998748137287254
PSSDZUKQXOHXBC-UHFFFAOYSA-N__FAMMTQWWNQOSLU-UHFFFAOYSA-N,6.41781794692118
CNHMEUQNWDETGW-UHFFFAOYSA-N__DWKYURPEUIPMLG-UHFFFAOYSA-N,14.12842331418998
DWKYURPEUIPMLG-UHFFFAOYSA-N__CNHMEUQNWDETGW-UHFFFAOYSA-N,2.298612908161147
LKQCLJLSCQDMHZ-BQYQJAHWSA-N__PICKYDSZEQSRMO-PJVAKWIOSA-N,11.139555724428956
JLEFLIXJVRQFHX-UHFFFAOYSA-N__WXDOEQCTTPVEKY-UHFFFAOYSA-N,5.7084327261991685
PICKYDSZEQSRMO-PJVAKWIOSA-N__LKQCLJLSCQDMHZ-BQYQJAHWSA-N,9.787900862390975
WXDOEQCTTPVEKY-UHFFFAOYSA-N__JLEFLIXJVRQFHX-UHFFFAOYSA-N,5.6879249542497226
YWOWOTBNPFDALN-JKSUJKDBSA-N__KNZYJYHEQKMOFM-UHFFFAOYSA-N,4.121272235926464
KNZYJYHEQKMOFM-UHFFFAOYSA-N__YWOWOTBNPFDALN-JKSUJKDBSA-N,15.518636367149773
CBXHEDPBKOZZSI-UHFFFAOYSA-N__DNFSLDBPHXGNLS-UHFFFAOYSA-N,2.5572671578196147
DNFSLDBPHXGNLS-UHFFFAOYSA-N__CBXHEDPBKOZZSI-UHFFFAOYSA-N,13.078795160850442
XCRYEHOIVJWNMS-UHFFFAOYSA-N__QAHQMFQLCOIUGT-UHFFFAOYSA-N,4.341632912452913
QAHQMFQLCOIUGT-UHFFFAOYSA-N__XCRYEHOIVJWNMS-UHFFFAOYSA-N,11.675220715574172
FAKVQZXSPFAMCO-UHFFFAOYSA-N__WKPWOXOHAPLWBD-UHFFFAOYSA-N,2.648244829518772
WKPWOXOHAPLWBD-UHFFFAOYSA-N__FAKVQZXSPFAMCO-UHFFFAOYSA-N,14.700365305570209
HBHYYCUPSPSPBT-UHFFFAOYSA-N__PVSPIFYBMLBMBA-UHFFFAOYSA-N,11.244176521310084
PVSPIFYBMLBMBA-UHFFFAOYSA-N__HBHYYCUPSPSPBT-UHFFFAOYSA-N,9.151696493361277
KTVFMAUCVXFQRY-UHFFFAOYSA-N__DWYPBVSWQNWKNW-UHFFFAOYSA-N,1.4466727981499183
DWYPBVSWQNWKNW-UHFFFAOYSA-N__KTVFMAUCVXFQRY-UHFFFAOYSA-N,8.57248037379938
CCGMYPZOFAABRK-UHFFFAOYSA-N__CQNJOLKJYXRICB-UHFFFAOYSA-N,14.61135652932216
CQNJOLKJYXRICB-UHFFFAOYSA-N__CCGMYPZOFAABRK-UHFFFAOYSA-N,10.720402111474172
IPEBFFYRIAOEOM-UHFFFAOYSA-N__KEUNSTVDFJJUHG-SECBINFHSA-N,13.361035209863926
KEUNSTVDFJJUHG-SECBINFHSA-N__IPEBFFYRIAOEOM-UHFFFAOYSA-N,-1.70678852545991
GHEMJHIEXHQPLL-UHFFFAOYSA-N__NQIDFBVWIFWTSY-UHFFFAOYSA-N,8.496922817013198
NQIDFBVWIFWTSY-UHFFFAOYSA-N__GHEMJHIEXHQPLL-UHFFFAOYSA-N,13.425467901528592
AXDQBOKKHXFJCA-VQHVLOKHSA-N__FVFIXVOWXRVNRJ-UHFFFAOYSA-N,0.658843612955932
FVFIXVOWXRVNRJ-UHFFFAOYSA-N__AXDQBOKKHXFJCA-VQHVLOKHSA-N,9.934003005818472
KGFHFFDYPIHSDH-UHFFFAOYSA-N__KWSQZOCZBGCNME-UHFFFAOYSA-N,17.463356072925052
KWSQZOCZBGCNME-UHFFFAOYSA-N__KGFHFFDYPIHSDH-UHFFFAOYSA-N,12.1310381995302
REEZYZMTEIKEPG-UHFFFAOYSA-N__WQTMGJMCPIUINL-UHFFFAOYSA-N,19.09058125338756
WQTMGJMCPIUINL-UHFFFAOYSA-N__REEZYZMTEIKEPG-UHFFFAOYSA-N,7.434042249252835
KJAIKKFZIHCSDX-UHFFFAOYSA-N__RYBQTMVTBHIMCV-UHFFFAOYSA-N,0.2833360239541455
RYBQTMVTBHIMCV-UHFFFAOYSA-N__KJAIKKFZIHCSDX-UHFFFAOYSA-N,4.172904796684333
NSCDCEWOESUWTF-UHFFFAOYSA-N__WVDOCFSTPSXRAP-UHFFFAOYSA-N,1.2761968566936652
WVDOCFSTPSXRAP-UHFFFAOYSA-N__NSCDCEWOESUWTF-UHFFFAOYSA-N,12.757797274209883
JEYICEZHQVWAKN-UHFFFAOYSA-N__MQURITWUNWVRJS-UHFFFAOYSA-N,9.268908623218206
MQURITWUNWVRJS-UHFFFAOYSA-N__JEYICEZHQVWAKN-UHFFFAOYSA-N,8.122586631275805
HZXKGUWZFQJRBG-UHFFFAOYSA-N__PBZFRXXEAGTRPS-UHFFFAOYSA-N,1.835358375213028
PBZFRXXEAGTRPS-UHFFFAOYSA-N__HZXKGUWZFQJRBG-UHFFFAOYSA-N,1.047180334967028
MNUCRXMVLDLHBT-UHFFFAOYSA-N__PRGIYKLQHHDVOP-UHFFFAOYSA-N,7.829713159300269
PRGIYKLQHHDVOP-UHFFFAOYSA-N__MNUCRXMVLDLHBT-UHFFFAOYSA-N,11.203710955826178
KOXBYTGXLUFVLP-UHFFFAOYSA-N__SLXSFSMKZJLNLR-UHFFFAOYSA-N,12.942600916909674
SLXSFSMKZJLNLR-UHFFFAOYSA-N__KOXBYTGXLUFVLP-UHFFFAOYSA-N,14.213566617169027
TWXCQZGBVXDDHV-UHFFFAOYSA-N__LPPKJGGRFUNKOH-UHFFFAOYSA-N,1.20122207226569
LPPKJGGRFUNKOH-UHFFFAOYSA-N__TWXCQZGBVXDDHV-UHFFFAOYSA-N,7.884069905419213
KDHWWKAFVYQSCW-UHFFFAOYSA-N__KVHDANCBLMYBDM-UHFFFAOYSA-N,5.007150013666847
KVHDANCBLMYBDM-UHFFFAOYSA-N__KDHWWKAFVYQSCW-UHFFFAOYSA-N,10.242591430865094
WJFGBACLHTUBOO-UHFFFAOYSA-N__POGVELIBSGAVMC-UHFFFAOYSA-N,15.177901317999847
POGVELIBSGAVMC-UHFFFAOYSA-N__WJFGBACLHTUBOO-UHFFFAOYSA-N,7.2107882515230814
IWLGQFUCDHDITO-OKFFXAGVSA-N__KEBYRGDFQAKPLW-UHFFFAOYSA-N,2.800477213748841
KEBYRGDFQAKPLW-UHFFFAOYSA-N__IWLGQFUCDHDITO-OKFFXAGVSA-N,11.310403809453751
KLXRNFNRGCDKMV-UHFFFAOYSA-N__VGYLWVWSOJCNPB-UHFFFAOYSA-N,14.907091307086484
VGYLWVWSOJCNPB-UHFFFAOYSA-N__KLXRNFNRGCDKMV-UHFFFAOYSA-N,11.896792717486502
BMVNZBKQRRYJSV-UHFFFAOYSA-N__VIWBSWVSNRYEDC-UHFFFAOYSA-N,15.830080788751868
VIWBSWVSNRYEDC-UHFFFAOYSA-N__BMVNZBKQRRYJSV-UHFFFAOYSA-N,9.277880650447756
JCBRVBQUZWCHHP-UHFFFAOYSA-N__BHQFPGMMDPWHHT-YDZHTSKRSA-N,9.767630362633575
BHQFPGMMDPWHHT-YDZHTSKRSA-N__JCBRVBQUZWCHHP-UHFFFAOYSA-N,13.23350879916699
XAAHWJWWPDMSCR-UHFFFAOYSA-N__VGAHZTYCKSQQKD-UHFFFAOYSA-N,3.525800116235682
VGAHZTYCKSQQKD-UHFFFAOYSA-N__XAAHWJWWPDMSCR-UHFFFAOYSA-N,3.2931068552029674
MLAUHYMYIBMULP-UHFFFAOYSA-N__UGVSAKLIRLMMCD-UHFFFAOYSA-N,19.011356798588675
UGVSAKLIRLMMCD-UHFFFAOYSA-N__MLAUHYMYIBMULP-UHFFFAOYSA-N,8.446584909680638
MUNVCGZBMLOGAR-UHFFFAOYSA-N__FVQITDIQSCDNPS-UBSMBCLXSA-N,11.109668530446784
FVQITDIQSCDNPS-UBSMBCLXSA-N__MUNVCGZBMLOGAR-UHFFFAOYSA-N,10.475551038530687
AXBHYGKKIBQFHV-UHFFFAOYSA-N__SQVYVEPAYPBNHI-UHFFFAOYSA-N,6.613336206998658
SQVYVEPAYPBNHI-UHFFFAOYSA-N__AXBHYGKKIBQFHV-UHFFFAOYSA-N,1.7770399681151747
FQABPGWJTUDILF-SGAXSIHGSA-N__PZERAWLHKRECLP-UHFFFAOYSA-N,7.974773162123058
PZERAWLHKRECLP-UHFFFAOYSA-N__FQABPGWJTUDILF-SGAXSIHGSA-N,14.054105272976573
WBEKQQCSBQIDBG-UHFFFAOYSA-N__QIQUHWRUSKUNSM-UHFFFAOYSA-N,5.385337243817626
QIQUHWRUSKUNSM-UHFFFAOYSA-N__WBEKQQCSBQIDBG-UHFFFAOYSA-N,17.081270672155828
SDHFONFKJFHHMZ-UHFFFAOYSA-N__PFTPUZHILBGZMR-UHFFFAOYSA-N,13.59695544633088
PFTPUZHILBGZMR-UHFFFAOYSA-N__SDHFONFKJFHHMZ-UHFFFAOYSA-N,8.455791384697406
DBWJAAWIEKRDDB-UHFFFAOYSA-N__FCVWVXHSOTXMHY-UHFFFAOYSA-N,20.11589734802912
FCVWVXHSOTXMHY-UHFFFAOYSA-N__DBWJAAWIEKRDDB-UHFFFAOYSA-N,15.156829337389157
SZSKOPHEJFKGLA-UHFFFAOYSA-N__CHRXUARTJPVYLW-UHFFFAOYSA-N,6.170681504647052
CHRXUARTJPVYLW-UHFFFAOYSA-N__SZSKOPHEJFKGLA-UHFFFAOYSA-N,2.9165945721636204
HTUPNPKIOHDNJC-UHFFFAOYSA-N__ORYNYDHLVBQOAJ-UHFFFAOYSA-N,-1.779169241834517
ORYNYDHLVBQOAJ-UHFFFAOYSA-N__HTUPNPKIOHDNJC-UHFFFAOYSA-N,8.927072969189675
MJTMLMADNLGQRS-UHFFFAOYSA-N__KYKCTRWKWMNVFR-UHFFFAOYSA-N,2.0207401054016105
KYKCTRWKWMNVFR-UHFFFAOYSA-N__MJTMLMADNLGQRS-UHFFFAOYSA-N,20.26862012158931
YBCUECFKEDXFJU-UHFFFAOYSA-N__QWYTYTWZFNZGMW-UHFFFAOYSA-N,3.534790095568079
QWYTYTWZFNZGMW-UHFFFAOYSA-N__YBCUECFKEDXFJU-UHFFFAOYSA-N,5.790749488016865
GHOPSENVSRHNQM-UHFFFAOYSA-N__MLGDASSMRFJUMZ-UHFFFAOYSA-N,3.2821253736951768
MLGDASSMRFJUMZ-UHFFFAOYSA-N__GHOPSENVSRHNQM-UHFFFAOYSA-N,3.760714134423872
KARQPIPKGIYUCE-UHFFFAOYSA-N__XVGZVSSSHONUFQ-UHFFFAOYSA-N,17.7647003588041
XVGZVSSSHONUFQ-UHFFFAOYSA-N__KARQPIPKGIYUCE-UHFFFAOYSA-N,1.2830894921137537
GGASNRYGLLPSAX-UHFFFAOYSA-N__SYKAJZVSUFBFJC-UHFFFAOYSA-N,4.1150284255996405
SYKAJZVSUFBFJC-UHFFFAOYSA-N__GGASNRYGLLPSAX-UHFFFAOYSA-N,8.967346854814547
LIKILSBXUPCUMF-UHFFFAOYSA-N__BWUICMWXCDHXBO-UHFFFAOYSA-N,11.933870414267597
ASPYNUKRQBNFIT-UHFFFAOYSA-N__SZXMDUKWIYIKKS-UHFFFAOYSA-N,1.960783544217693
SZXMDUKWIYIKKS-UHFFFAOYSA-N__ASPYNUKRQBNFIT-UHFFFAOYSA-N,-1.0882287006315696
BWUICMWXCDHXBO-UHFFFAOYSA-N__LIKILSBXUPCUMF-UHFFFAOYSA-N,8.749799891311056
QRJPPWXYGRVGSC-UHFFFAOYSA-N__IHZYZBLXXGNDMS-UHFFFAOYSA-N,17.14203530996411
IHZYZBLXXGNDMS-UHFFFAOYSA-N__QRJPPWXYGRVGSC-UHFFFAOYSA-N,10.03146988012012
IHPQQAZUHIYQOR-UHFFFAOYSA-N__ORHQVZSAFJNGMU-FJEPWZHXSA-N,16.47864896240885
ORHQVZSAFJNGMU-FJEPWZHXSA-N__IHPQQAZUHIYQOR-UHFFFAOYSA-N,14.457498943560626
HFHBKZVTGPODJB-UHFFFAOYSA-N__JNSVSGMMMTZTNL-UHFFFAOYSA-N,4.675308518007935
JNSVSGMMMTZTNL-UHFFFAOYSA-N__HFHBKZVTGPODJB-UHFFFAOYSA-N,8.98548099326655
YGHOQPQUHRNRJT-UHFFFAOYSA-N__RWTHYJCOWSQMTG-UHFFFAOYSA-N,4.902038680068048
RWTHYJCOWSQMTG-UHFFFAOYSA-N__YGHOQPQUHRNRJT-UHFFFAOYSA-N,4.002797070554667
LLXNLBBGGFAAQE-UHFFFAOYSA-N__UYWFNMXEKZHSGM-UHFFFAOYSA-N,17.340651289450722
UYWFNMXEKZHSGM-UHFFFAOYSA-N__LLXNLBBGGFAAQE-UHFFFAOYSA-N,8.519528320248805
HEBWLBFTJXOXIG-UHFFFAOYSA-N__TYNIFLKNCUWKHI-UHFFFAOYSA-N,-2.638406613380385
TYNIFLKNCUWKHI-UHFFFAOYSA-N__HEBWLBFTJXOXIG-UHFFFAOYSA-N,7.9309160108595025
HGMNTGNJUVQMAX-FQEVSTJZSA-N__VAXUPEPBRNLDDF-UHFFFAOYSA-N,21.142693453485823
VAXUPEPBRNLDDF-UHFFFAOYSA-N__HGMNTGNJUVQMAX-FQEVSTJZSA-N,14.032099117990416
YTRVRIDWMJCRJW-CAPFRKAQSA-N__CHQXOPIYRWAKGI-UHFFFAOYSA-N,1.933264165349159
CHQXOPIYRWAKGI-UHFFFAOYSA-N__YTRVRIDWMJCRJW-CAPFRKAQSA-N,10.387357456027642
ZTVXKGDBFGBTTF-UHFFFAOYSA-N__LLAYKZPJGLPGIL-UHFFFAOYSA-N,4.679195015047549
LLAYKZPJGLPGIL-UHFFFAOYSA-N__ZTVXKGDBFGBTTF-UHFFFAOYSA-N,7.256094282369874
KSLCISKYIAOPCR-UHFFFAOYSA-N__PPCPTNQWGIFQBZ-UHFFFAOYSA-N,7.198405197268897
PPCPTNQWGIFQBZ-UHFFFAOYSA-N__KSLCISKYIAOPCR-UHFFFAOYSA-N,1.8301171041121207
DEOBNNMBBOBXLJ-UHFFFAOYSA-N__KICHDWYOSDYFGL-UHFFFAOYSA-N,10.180673128661295
KICHDWYOSDYFGL-UHFFFAOYSA-N__DEOBNNMBBOBXLJ-UHFFFAOYSA-N,7.008756962854281
KKCQUEZSLKHKDH-UHFFFAOYSA-N__YDSDNEWVGRGVOL-UHFFFAOYSA-N,2.396953472727177
YDSDNEWVGRGVOL-UHFFFAOYSA-N__KKCQUEZSLKHKDH-UHFFFAOYSA-N,14.860368353501189
RVHUZZOCNSKDPL-UHFFFAOYSA-N__XSRZZKQFRQBMFY-UHFFFAOYSA-N,7.215741946263162
XSRZZKQFRQBMFY-UHFFFAOYSA-N__RVHUZZOCNSKDPL-UHFFFAOYSA-N,7.388360493377177
FOUGSPCHBNOKRN-UHFFFAOYSA-N__QHHNXXQTDZYPIK-UHFFFAOYSA-N,6.094342883179099
QHHNXXQTDZYPIK-UHFFFAOYSA-N__FOUGSPCHBNOKRN-UHFFFAOYSA-N,12.74813994232776
ACHRQUZKSNXNFS-UHFFFAOYSA-N__CGJFUPKHNBCZFP-UHFFFAOYSA-N,11.568105450164412
CGJFUPKHNBCZFP-UHFFFAOYSA-N__ACHRQUZKSNXNFS-UHFFFAOYSA-N,-3.249914076136016
RRVJZRUIIYGEAG-UHFFFAOYSA-N__ROWYSKBFSBOIPF-UHFFFAOYSA-N,6.823197952627075
ROWYSKBFSBOIPF-UHFFFAOYSA-N__RRVJZRUIIYGEAG-UHFFFAOYSA-N,12.73388649658546
AGQZWBFXMXLONJ-UHFFFAOYSA-N__NERHQUDUSRMEIU-UHFFFAOYSA-N,13.556812551709402
NERHQUDUSRMEIU-UHFFFAOYSA-N__AGQZWBFXMXLONJ-UHFFFAOYSA-N,9.7914673860599
UHLMXHXAVUNYPC-UHFFFAOYSA-N__XIDVBVCDJWPBFU-UHFFFAOYSA-N,15.17734588011042
XIDVBVCDJWPBFU-UHFFFAOYSA-N__UHLMXHXAVUNYPC-UHFFFAOYSA-N,11.564204959155187
LWZNLVJBUZBWID-UHFFFAOYSA-N__YZWNBKPEKKKPCJ-UHFFFAOYSA-N,4.475380786214397
YZWNBKPEKKKPCJ-UHFFFAOYSA-N__LWZNLVJBUZBWID-UHFFFAOYSA-N,5.370688129856279
NGSRUBNPADDFMF-UHFFFAOYSA-N__ZRIWXONEOQIGDI-UHFFFAOYSA-N,14.323452369602196
ZRIWXONEOQIGDI-UHFFFAOYSA-N__NGSRUBNPADDFMF-UHFFFAOYSA-N,4.039079202601484
OZZAVWGVMJQBRA-FOCLMDBBSA-N__RFHGVWPOVUFYHN-UHFFFAOYSA-N,12.448297408995888
RFHGVWPOVUFYHN-UHFFFAOYSA-N__OZZAVWGVMJQBRA-FOCLMDBBSA-N,12.91892183393587
ZONKQWYCZPQVJJ-UHFFFAOYSA-N__ARRMWIVDLZMNDS-UHFFFAOYSA-N,11.101416093951425
ARRMWIVDLZMNDS-UHFFFAOYSA-N__ZONKQWYCZPQVJJ-UHFFFAOYSA-N,10.0432408042145
SPNJZCPWCWYJHG-UHFFFAOYSA-N__XUKMOGVVUUWCSM-DOTOQJQBSA-N,1.2152884503946906
XUKMOGVVUUWCSM-DOTOQJQBSA-N__SPNJZCPWCWYJHG-UHFFFAOYSA-N,5.305973520128603
MOXNJYNUHNGYNE-UHFFFAOYSA-N__YNNAMPJYQRGBAV-UHFFFAOYSA-N,5.871925101252812
YNNAMPJYQRGBAV-UHFFFAOYSA-N__MOXNJYNUHNGYNE-UHFFFAOYSA-N,-3.4175280513417627
JKVDEQIUVMTXNC-UHFFFAOYSA-N__LYCXMBDUYBAQBZ-UHFFFAOYSA-N,10.684824216673793
LYCXMBDUYBAQBZ-UHFFFAOYSA-N__JKVDEQIUVMTXNC-UHFFFAOYSA-N,18.551396850724583
MOGVQQKIKPYACM-UHFFFAOYSA-N__SRIJIKBBFCRBQX-UHFFFAOYSA-N,1.661206407275658
SRIJIKBBFCRBQX-UHFFFAOYSA-N__MOGVQQKIKPYACM-UHFFFAOYSA-N,5.316861122189538
WKZPZQXPXSCKEU-UHFFFAOYSA-N__MXQXDFAGXODYSD-UHFFFAOYSA-N,13.060580671715872
MXQXDFAGXODYSD-UHFFFAOYSA-N__WKZPZQXPXSCKEU-UHFFFAOYSA-N,6.78475499693708
BRROVFZTWHWDHL-UHFFFAOYSA-N__RZXZTERJZKNCEP-UHFFFAOYSA-N,-0.2191267592549143
HBRIQVOWEPWKTG-UHFFFAOYSA-N__IAJWUYYYBYQWLQ-UHFFFAOYSA-N,7.937656629365397
RZXZTERJZKNCEP-UHFFFAOYSA-N__BRROVFZTWHWDHL-UHFFFAOYSA-N,8.685199888812983
IAJWUYYYBYQWLQ-UHFFFAOYSA-N__HBRIQVOWEPWKTG-UHFFFAOYSA-N,15.710283819185372
HPCXEHZSBGFZDW-UHFFFAOYSA-N__KULNROVJXZQFNS-UHFFFAOYSA-N,12.637464972455676
KULNROVJXZQFNS-UHFFFAOYSA-N__HPCXEHZSBGFZDW-UHFFFAOYSA-N,9.06508374852404
BVMPPYHZDQCPEB-UHFFFAOYSA-N__ULFRPKBIOOTZTF-UHFFFAOYSA-N,13.838376888459932
ULFRPKBIOOTZTF-UHFFFAOYSA-N__BVMPPYHZDQCPEB-UHFFFAOYSA-N,6.705139063335261
QYPYIAASTNPUSU-UHFFFAOYSA-N__SUGIYEJZOOHXRA-UHFFFAOYSA-N,4.340279446188577
SUGIYEJZOOHXRA-UHFFFAOYSA-N__QYPYIAASTNPUSU-UHFFFAOYSA-N,-7.634265207363067
GGBRZJNQWNLUCG-UHFFFAOYSA-N__WAHKAFVRZZEUQU-UHFFFAOYSA-N,3.744538678949837
WAHKAFVRZZEUQU-UHFFFAOYSA-N__GGBRZJNQWNLUCG-UHFFFAOYSA-N,-0.1821050448441594
KRMYZGQJGRVDGO-UHFFFAOYSA-N__CGIXNHVKLHEYGD-UHFFFAOYSA-N,3.407999830665423
CGIXNHVKLHEYGD-UHFFFAOYSA-N__KRMYZGQJGRVDGO-UHFFFAOYSA-N,14.87531198202436
VPFCJHPJQUHWAF-NSHDSACASA-N__SQLAYJSJMLUPSQ-XCBNKYQSSA-N,4.365905163101375
SQLAYJSJMLUPSQ-XCBNKYQSSA-N__VPFCJHPJQUHWAF-NSHDSACASA-N,6.478298458421471
FRKQPHCDDKBCDQ-UHFFFAOYSA-N__ZDTYCPRUJZYGRM-UHFFFAOYSA-N,8.946195510504209
ZDTYCPRUJZYGRM-UHFFFAOYSA-N__FRKQPHCDDKBCDQ-UHFFFAOYSA-N,19.647168668516947
ADAHSFUNEGDELH-UHFFFAOYSA-N__MLJOIBHBZJHYQG-UHFFFAOYSA-N,6.54123937302206
MLJOIBHBZJHYQG-UHFFFAOYSA-N__ADAHSFUNEGDELH-UHFFFAOYSA-N,7.924762982558183
SYCXCRKWDDDILN-UHFFFAOYSA-N__GCYMRWYJCYGAAH-UHFFFAOYSA-N,14.4712423143898
GCYMRWYJCYGAAH-UHFFFAOYSA-N__SYCXCRKWDDDILN-UHFFFAOYSA-N,11.91594347031846
LWSIFPUBCRZHOV-UHFFFAOYSA-N__XGPSLFFDEBXMMD-UHFFFAOYSA-N,12.770111911535732
XGPSLFFDEBXMMD-UHFFFAOYSA-N__LWSIFPUBCRZHOV-UHFFFAOYSA-N,13.599052340946592
UPTOYXXTAYRSMK-UHFFFAOYSA-N__DJGOAJAOLWWZHF-UHFFFAOYSA-N,19.3077439773421
DJGOAJAOLWWZHF-UHFFFAOYSA-N__UPTOYXXTAYRSMK-UHFFFAOYSA-N,5.646528813043507
CJXIITREZHACKY-UHFFFAOYSA-N__GMFMUQPOWNWCCU-UHFFFAOYSA-N,1.2605617776854967
GMFMUQPOWNWCCU-UHFFFAOYSA-N__CJXIITREZHACKY-UHFFFAOYSA-N,6.652725777115264
RHTVXWJBNAGVJX-UHFFFAOYSA-N__YTEAJQWHCDNTAR-UHFFFAOYSA-N,14.426560243586632
YTEAJQWHCDNTAR-UHFFFAOYSA-N__RHTVXWJBNAGVJX-UHFFFAOYSA-N,13.14826724262683
IJNNICWNVCOOJM-UHFFFAOYSA-N__WWVVFLYRFQKYTJ-UHFFFAOYSA-N,-0.9311180594019765
OSCWQGXDMIFQHT-UHFFFAOYSA-N__DIMMKSJFVURJFO-UHFFFAOYSA-N,-0.1384795593386988
WWVVFLYRFQKYTJ-UHFFFAOYSA-N__IJNNICWNVCOOJM-UHFFFAOYSA-N,3.947866479297007
DIMMKSJFVURJFO-UHFFFAOYSA-N__OSCWQGXDMIFQHT-UHFFFAOYSA-N,10.197441538504684
TXJHTOHOFHZNTI-UHFFFAOYSA-N__WRUGGLKUQDCSGP-UHFFFAOYSA-N,5.540397191219694
WRUGGLKUQDCSGP-UHFFFAOYSA-N__TXJHTOHOFHZNTI-UHFFFAOYSA-N,-0.0702852718069503
LEEIJROYIIGPFU-UHFFFAOYSA-N__VPFBUXYKIJELNI-UHFFFAOYSA-N,-0.9928864703253392
VPFBUXYKIJELNI-UHFFFAOYSA-N__LEEIJROYIIGPFU-UHFFFAOYSA-N,-8.172487290122257
QOCVUEYVYYLWMG-UHFFFAOYSA-N__RVSOTMIYOMGHIG-UHFFFAOYSA-N,-5.184689818061544
RVSOTMIYOMGHIG-UHFFFAOYSA-N__QOCVUEYVYYLWMG-UHFFFAOYSA-N,-0.1961200214591466
CRLFTKITXPMUMZ-UHFFFAOYSA-N__XTJSAFHBGDWJMM-UHFFFAOYSA-N,5.275983970346156
XTJSAFHBGDWJMM-UHFFFAOYSA-N__CRLFTKITXPMUMZ-UHFFFAOYSA-N,13.01310444456215
ALHYZSHKUANXLF-UHFFFAOYSA-N__FEQWTHPQNVHCJI-UHFFFAOYSA-N,1.7607964581178088
FEQWTHPQNVHCJI-UHFFFAOYSA-N__ALHYZSHKUANXLF-UHFFFAOYSA-N,4.955615663951708
WZNVUVASHYHTEG-UHFFFAOYSA-N__XBRRBHDKMJRRRB-UHFFFAOYSA-N,4.334588741518033
XBRRBHDKMJRRRB-UHFFFAOYSA-N__WZNVUVASHYHTEG-UHFFFAOYSA-N,1.1103266840520087
BEDDXNXFEMQZGJ-UHFFFAOYSA-N__CCCBBJCQQCADFR-UHFFFAOYSA-N,5.389456278028155
CCCBBJCQQCADFR-UHFFFAOYSA-N__BEDDXNXFEMQZGJ-UHFFFAOYSA-N,10.025660653033151
KOVDCCZPFAJINT-PIYOCXGNSA-N__SNGKOFUIRYTTFJ-UHFFFAOYSA-N,-1.947416548891564
SNGKOFUIRYTTFJ-UHFFFAOYSA-N__KOVDCCZPFAJINT-PIYOCXGNSA-N,12.19174779971804
FBQFBBGXQZDOQV-UHFFFAOYSA-N__SHFWEJLKGNVTDA-UHFFFAOYSA-N,5.855870253094066
SHFWEJLKGNVTDA-UHFFFAOYSA-N__FBQFBBGXQZDOQV-UHFFFAOYSA-N,5.928751462479097
YSGROLSAWBVIJR-SKKBCRHDSA-N__JTDNYUJUWLZBBS-UHFFFAOYSA-N,-2.5670006123021425
JTDNYUJUWLZBBS-UHFFFAOYSA-N__YSGROLSAWBVIJR-SKKBCRHDSA-N,-4.631553137916898
GHGXFNHMSTVQBU-UHFFFAOYSA-N__NTLZEUATXLAVSH-UHFFFAOYSA-N,0.4627516454964434
NTLZEUATXLAVSH-UHFFFAOYSA-N__GHGXFNHMSTVQBU-UHFFFAOYSA-N,2.180091799822363
QWTDRJCMHJBBFB-UHFFFAOYSA-N__UVTXLYMQUFGACN-UHFFFAOYSA-N,9.570127228040567
UVTXLYMQUFGACN-UHFFFAOYSA-N__QWTDRJCMHJBBFB-UHFFFAOYSA-N,7.658912964669978
DQXOMGIFRTZJGB-UHFFFAOYSA-N__FUDSGZUGVPQQKB-UHFFFAOYSA-N,13.610418839176589
FUDSGZUGVPQQKB-UHFFFAOYSA-N__DQXOMGIFRTZJGB-UHFFFAOYSA-N,16.251235678187562
IKTBVJRFGZVDHO-UHFFFAOYSA-N__RYEPCRPOQLMTRP-UHFFFAOYSA-N,9.08784436795002
RYEPCRPOQLMTRP-UHFFFAOYSA-N__IKTBVJRFGZVDHO-UHFFFAOYSA-N,10.822759521171026
JNEBZFFTOLBIKJ-UHFFFAOYSA-N__SIKVWNMBWDTTDX-NSIKDUERSA-N,-0.0105651967957202
SIKVWNMBWDTTDX-NSIKDUERSA-N__JNEBZFFTOLBIKJ-UHFFFAOYSA-N,3.029083074390194
RUAPLWIEZRJBCF-YRCORFKGSA-N__ZLVLZKRTOWOLQO-UHFFFAOYSA-N,16.386784894582934
ZLVLZKRTOWOLQO-UHFFFAOYSA-N__RUAPLWIEZRJBCF-YRCORFKGSA-N,12.89584062034228
LHPRNSKHFZPBLF-UHFFFAOYSA-N__WECBXFBGJGJCNT-UHFFFAOYSA-N,3.066189743881897
WECBXFBGJGJCNT-UHFFFAOYSA-N__LHPRNSKHFZPBLF-UHFFFAOYSA-N,4.014172577188581
LHSLMJMLMXNFAV-UHFFFAOYSA-N__PWPCWUQJEKPQBE-UHFFFAOYSA-N,5.247713082208049
PWPCWUQJEKPQBE-UHFFFAOYSA-N__LHSLMJMLMXNFAV-UHFFFAOYSA-N,12.049003069632509
XSOICFKHOOMHRN-VIFPVBQESA-N__PFGAHRZERSBTPR-UHFFFAOYSA-N,2.664464161894572
PFGAHRZERSBTPR-UHFFFAOYSA-N__XSOICFKHOOMHRN-VIFPVBQESA-N,5.955690077697636
SQKYVEUAMOGRQN-UHFFFAOYSA-N__ZRTBEBXPXDZCEC-UHFFFAOYSA-N,0.4353423985124091
ZRTBEBXPXDZCEC-UHFFFAOYSA-N__SQKYVEUAMOGRQN-UHFFFAOYSA-N,-3.1240500286074586
VLWLMTPOIAOAEZ-UHFFFAOYSA-N__ZMTYRENNLMYBIZ-UHFFFAOYSA-N,7.697052088208541
ZMTYRENNLMYBIZ-UHFFFAOYSA-N__VLWLMTPOIAOAEZ-UHFFFAOYSA-N,5.743019915581129
ATMJDAFXLLSBID-MRXNPFEDSA-N__WTYQIEINANPHHL-UHFFFAOYSA-N,15.067892638930704
WTYQIEINANPHHL-UHFFFAOYSA-N__ATMJDAFXLLSBID-MRXNPFEDSA-N,7.222133772638541
GYZXKFPJPZSHIH-UHFFFAOYSA-N__PFUNMVNPMRTEKQ-UHFFFAOYSA-N,12.0232889450177
PFUNMVNPMRTEKQ-UHFFFAOYSA-N__GYZXKFPJPZSHIH-UHFFFAOYSA-N,19.66698389292153
LPVVSMLTZFUXPL-UHFFFAOYSA-N__GOXBLRQHSJXENM-UHFFFAOYSA-N,13.72859062690134
GOXBLRQHSJXENM-UHFFFAOYSA-N__LPVVSMLTZFUXPL-UHFFFAOYSA-N,21.569819123382075
BHDGDGNTEOVOLF-UHFFFAOYSA-N__PAVANNWEMPRNSY-UHFFFAOYSA-N,13.687007058530403
PAVANNWEMPRNSY-UHFFFAOYSA-N__BHDGDGNTEOVOLF-UHFFFAOYSA-N,0.4716555714752459
NUOMEJFAIBSLLB-KRWDZBQOSA-N__PMTZJVFGALVXPB-UHFFFAOYSA-N,4.678914589764993
PMTZJVFGALVXPB-UHFFFAOYSA-N__NUOMEJFAIBSLLB-KRWDZBQOSA-N,19.990642753857102
BVHWADFTEOFVGV-UHFFFAOYSA-N__RWPAJIVRGSWZAB-UHFFFAOYSA-N,0.6545952050456807
RWPAJIVRGSWZAB-UHFFFAOYSA-N__BVHWADFTEOFVGV-UHFFFAOYSA-N,0.7922006424799395
KYLPVBRQGRTTHP-UHFFFAOYSA-N__JWRYNYXINIPAMQ-UHFFFAOYSA-N,36.36441198272151
PKLVVVDBVWQKLQ-UHFFFAOYSA-N__RADFRXHHGBRUCC-UHFFFAOYSA-N,-3.886312789486268
JWRYNYXINIPAMQ-UHFFFAOYSA-N__KYLPVBRQGRTTHP-UHFFFAOYSA-N,22.372126483587607
RADFRXHHGBRUCC-UHFFFAOYSA-N__PKLVVVDBVWQKLQ-UHFFFAOYSA-N,8.572003707705205
HXRRBWVQWULIKG-UHFFFAOYSA-N__NZQNGGVWXATERP-UHFFFAOYSA-N,7.2600058432111645
NZQNGGVWXATERP-UHFFFAOYSA-N__HXRRBWVQWULIKG-UHFFFAOYSA-N,16.789625025480778
DDHBWTZJGYNCHK-UHFFFAOYSA-N__HAGNAVAHVWMORZ-UHFFFAOYSA-N,1.6316446738183696
HDXQIQOHQJNIOH-UHFFFAOYSA-N__HQDSAMRKDSVXDH-UHFFFAOYSA-N,5.898787067527614
HAGNAVAHVWMORZ-UHFFFAOYSA-N__DDHBWTZJGYNCHK-UHFFFAOYSA-N,10.122053848862642
HQDSAMRKDSVXDH-UHFFFAOYSA-N__HDXQIQOHQJNIOH-UHFFFAOYSA-N,10.926793710193428
NKPAAASBWDKXRV-UHFFFAOYSA-N__RTTVLXLWAYLDCD-UHFFFAOYSA-N,11.783013195515505
RTTVLXLWAYLDCD-UHFFFAOYSA-N__NKPAAASBWDKXRV-UHFFFAOYSA-N,14.272018007071004
RZHNSZDYZMKDIR-UHFFFAOYSA-N__RRYQJVBSLGOOSA-NRFANRHFSA-N,2.237326284014791
RRYQJVBSLGOOSA-NRFANRHFSA-N__RZHNSZDYZMKDIR-UHFFFAOYSA-N,7.875029038931086
WSKNHKJVDHBDPW-GRTSSRMGSA-N__OZLIUQHLIFOSOZ-UHFFFAOYSA-N,-9.191407412061418
OZLIUQHLIFOSOZ-UHFFFAOYSA-N__WSKNHKJVDHBDPW-GRTSSRMGSA-N,1.5537808894387275
QMFHCAVUJVOBBI-UHFFFAOYSA-N__GHNVGJWSWKLADI-UHFFFAOYSA-N,6.726889187532714
GHNVGJWSWKLADI-UHFFFAOYSA-N__QMFHCAVUJVOBBI-UHFFFAOYSA-N,13.095563142585082
UMJHPTLILDCPRB-UHFFFAOYSA-N__DVLGEHCERRWDIX-UHFFFAOYSA-N,15.221360625151869
DVLGEHCERRWDIX-UHFFFAOYSA-N__UMJHPTLILDCPRB-UHFFFAOYSA-N,16.423709763818323
DEXMRFAPUWZHPM-UHFFFAOYSA-N__HBVCOVSTEVRHBT-UHFFFAOYSA-N,10.3892140166284
HBVCOVSTEVRHBT-UHFFFAOYSA-N__DEXMRFAPUWZHPM-UHFFFAOYSA-N,15.646637362466311
OTENIERBCMFGTR-UHFFFAOYSA-N__UEYSKSCMBFTNAT-UHFFFAOYSA-N,10.194932703043182
UEYSKSCMBFTNAT-UHFFFAOYSA-N__OTENIERBCMFGTR-UHFFFAOYSA-N,-0.0162243125910246
QUPKVGHPZLQMFC-UHFFFAOYSA-N__LWVGAVYKVRKLHB-UHFFFAOYSA-N,12.148415766028863
LWVGAVYKVRKLHB-UHFFFAOYSA-N__QUPKVGHPZLQMFC-UHFFFAOYSA-N,18.298037351873983
DOHDKZPVVHWENY-UHFFFAOYSA-N__ZVZJCNAMRIETIQ-UHFFFAOYSA-N,11.891228834306974
ZVZJCNAMRIETIQ-UHFFFAOYSA-N__DOHDKZPVVHWENY-UHFFFAOYSA-N,20.04186862643021
TWHCDNWOTCJJJX-UHFFFAOYSA-N__VWTGGHMOJLORHA-UHFFFAOYSA-N,6.554928805430851
VWTGGHMOJLORHA-UHFFFAOYSA-N__TWHCDNWOTCJJJX-UHFFFAOYSA-N,5.192261889812702
HZXTWEDMZJGXDH-UHFFFAOYSA-N__PKHIBZCHDRCFBT-UHFFFAOYSA-N,8.930368447159733
PKHIBZCHDRCFBT-UHFFFAOYSA-N__HZXTWEDMZJGXDH-UHFFFAOYSA-N,4.864455174265962
FTUHMYQTZBCYOK-SFHVURJKSA-N__IOCKKBPIHLQTQV-UHFFFAOYSA-N,6.178166238575698
IOCKKBPIHLQTQV-UHFFFAOYSA-N__FTUHMYQTZBCYOK-SFHVURJKSA-N,10.229051068475632
KEFJRKYHINQVIW-UHFFFAOYSA-N__MZBPLEJIMYNQQI-JAGXHNFQSA-N,2.197275951198351
MZBPLEJIMYNQQI-JAGXHNFQSA-N__KEFJRKYHINQVIW-UHFFFAOYSA-N,13.543702401727163
NNDNZACHFWBXHD-UHFFFAOYSA-N__ZABXAQRDKJLIQR-UHFFFAOYSA-N,2.587135723328497
LUDTXZPUZRRFOY-UHFFFAOYSA-N__PFXWCIAUTABPDW-UHFFFAOYSA-N,2.735699079631725
PFXWCIAUTABPDW-UHFFFAOYSA-N__LUDTXZPUZRRFOY-UHFFFAOYSA-N,1.630077946762362
ZABXAQRDKJLIQR-UHFFFAOYSA-N__NNDNZACHFWBXHD-UHFFFAOYSA-N,12.08527462130803
AQCNWZBIYHLQFS-UHFFFAOYSA-N__YVPXVSCHGNTHAZ-UHFFFAOYSA-N,16.07711717746058
YVPXVSCHGNTHAZ-UHFFFAOYSA-N__AQCNWZBIYHLQFS-UHFFFAOYSA-N,9.015683309885503
MLKHSIBRXMYYNA-UHFFFAOYSA-N__WKERCDHEIZVUQP-UHFFFAOYSA-N,21.45685673273874
WKERCDHEIZVUQP-UHFFFAOYSA-N__MLKHSIBRXMYYNA-UHFFFAOYSA-N,4.939436705348199
NAJSJTOWNZKNLS-UHFFFAOYSA-N__BUSNEBDVNFKYRC-UHFFFAOYSA-N,16.50653459440916
BUSNEBDVNFKYRC-UHFFFAOYSA-N__NAJSJTOWNZKNLS-UHFFFAOYSA-N,17.875216970815845
ZQZOXFHLCWXFKL-UHFFFAOYSA-N__NQLDHJQSTPFYRW-UHFFFAOYSA-N,9.71726379655584
NQLDHJQSTPFYRW-UHFFFAOYSA-N__ZQZOXFHLCWXFKL-UHFFFAOYSA-N,12.018495752890718
VZVOWFAUFAADDM-UHFFFAOYSA-N__KQGXUZGVJIKYHE-UHFFFAOYSA-N,4.050205890448956
KQGXUZGVJIKYHE-UHFFFAOYSA-N__VZVOWFAUFAADDM-UHFFFAOYSA-N,9.164674042634116
