either_xtb_risk,mean,count
False,2.080631657327555,29031
True,2.473939980344773,3425
