orientation,mean,count
donor_gt_acceptor,2.1362334324985044,16225
donor_lt_acceptor,2.1080447682994805,16231
