id,error,dE_r2_single,dE_r2_boltz,dE_wb_single,nconf_ald,nconf_prod,std_ald_kcal,std_prod_kcal
103986,,-5.73274349293183,-9.064435873047687,,10,10,2.2522555744030477,4.579550585407293
