id,error,dE_r2_single,dE_r2_boltz,dE_wb_single,nconf_ald,nconf_prod,std_ald_kcal,std_prod_kcal
82511,,-23.45951320003614,-20.78971587552531,,10,10,3.116138895062705,4.399776617253724
