id,error,dE_r2_single,dE_r2_boltz,dE_wb_single,nconf_ald,nconf_prod,std_ald_kcal,std_prod_kcal
168143,,-14.502002666554382,-12.532999523142982,-20.944385187092895,10,10,3.100697417309427,3.923186878592321
