id,error,dE_r2_single,dE_r2_boltz,dE_wb_single,nconf_ald,nconf_prod,std_ald_kcal,std_prod_kcal
6827,,-4.433122840326079,-6.499643239744211,,10,10,2.4855843709320307,4.572753919647973
