id,error,dE_r2_single,dE_r2_boltz,dE_wb_single,nconf_ald,nconf_prod,std_ald_kcal,std_prod_kcal
70460,,-19.18982678141214,-16.874767106000277,,10,10,4.290298552840367,6.415791873735928
