id,error,dE_r2_single,dE_r2_boltz,dE_wb_single,nconf_ald,nconf_prod,std_ald_kcal,std_prod_kcal
148834,,-28.219821143617608,-25.239421540159327,,10,10,1.8012874520574143,3.5887177650591418
