id,error,dE_r2_single,dE_r2_boltz,dE_wb_single,nconf_ald,nconf_prod,std_ald_kcal,std_prod_kcal
77803,,-25.695464461027253,-29.264859228734892,,10,10,4.059991012662719,9.731437095335501
