id,error,dE_r2_single,dE_r2_boltz,dE_wb_single,nconf_ald,nconf_prod,std_ald_kcal,std_prod_kcal
12635,,-44.02161059065842,-41.823141185071,,10,10,6.173246897152555,5.52021129865582
