id,error,dE_r2_single,dE_r2_boltz,dE_wb_single,nconf_ald,nconf_prod,std_ald_kcal,std_prod_kcal
96001,,-16.034526258573365,-15.09707456771463,,10,10,2.3481536713575832,5.888604364700606
