id,error,dE_r2_single,dE_r2_boltz,dE_wb_single,nconf_ald,nconf_prod,std_ald_kcal,std_prod_kcal
54241,,-14.003834135289006,-15.146600609002686,,10,10,1.2881947941916998,3.2523458042791558
