id,error,dE_r2_single,dE_r2_boltz,dE_wb_single,nconf_ald,nconf_prod,std_ald_kcal,std_prod_kcal
89150,,9.427039610936706,7.6761610659174355,,10,10,1.6240944725389297,2.856241357806143
