id,error,dE_r2_single,dE_r2_boltz,dE_wb_single,nconf_ald,nconf_prod,std_ald_kcal,std_prod_kcal
186751,,-6.559571374173203,-10.44028039342399,,10,10,2.470519608380629,3.9537066426224934
