id,error,dE_r2_single,dE_r2_boltz,dE_wb_single,nconf_ald,nconf_prod,std_ald_kcal,std_prod_kcal
110717,,-35.88357890597384,-35.829726889799005,,10,10,1.7725472747364146,7.7329407717314
