id,error,dE_r2_single,dE_r2_boltz,dE_wb_single,nconf_ald,nconf_prod,std_ald_kcal,std_prod_kcal
208576,,-8.950071572661338,-9.344516355749711,,10,10,1.465097516011169,3.602994832104137
