id,error,dE_r2_single,dE_r2_boltz,dE_wb_single,nconf_ald,nconf_prod,std_ald_kcal,std_prod_kcal
106638,,-26.584391358006854,-26.505018315452098,,10,10,2.504260219402052,5.059711940429859
