id,error,dE_r2_single,dE_r2_boltz,dE_wb_single,nconf_ald,nconf_prod,std_ald_kcal,std_prod_kcal
205370,,-7.051354335258576,-8.060856114549543,,10,10,3.60267028570187,4.139639366168228
