id,error,dE_r2_single,dE_r2_boltz,dE_wb_single,nconf_ald,nconf_prod,std_ald_kcal,std_prod_kcal
90675,,1.273308714971638,1.1461032672806666,,10,10,2.5141963373450382,4.2370721941642415
