id,error,dE_r2_single,dE_r2_boltz,dE_wb_single,nconf_ald,nconf_prod,std_ald_kcal,std_prod_kcal
75245,,-24.54180928641037,-24.459729571003237,,10,10,13.478560742181156,28.505034379622046
