id,error,dE_r2_single,dE_r2_boltz,dE_wb_single,nconf_ald,nconf_prod,std_ald_kcal,std_prod_kcal
90673,,8.693616887695441,5.685462206502199,,10,10,3.924826419780194,5.711950839106318
