id,error,dE_r2_single,dE_r2_boltz,dE_wb_single,nconf_ald,nconf_prod,std_ald_kcal,std_prod_kcal
117833,,-36.24588287385779,-35.42622764910834,,10,10,2.1105074292857733,19.712604802331814
