id,error,dE_r2_single,dE_r2_boltz,dE_wb_single,nconf_ald,nconf_prod,std_ald_kcal,std_prod_kcal
114878,,-20.491249502888397,-20.963224953661324,,10,10,0.6934495763583258,3.2914178560726093
