id,error,dE_r2_single,dE_r2_boltz,dE_wb_single,nconf_ald,nconf_prod,std_ald_kcal,std_prod_kcal
192638,,-0.14003346366403935,3.98428586213632,-8.4104507601988,10,10,3.1024582701555032,10.283215221062305
