id,error,dE_r2_single,dE_r2_boltz,dE_wb_single,nconf_ald,nconf_prod,std_ald_kcal,std_prod_kcal
138398,,-16.347481667170175,-16.955665761761924,,10,10,2.655596078388355,3.5775412325525107
