id,error,dE_r2_single,dE_r2_boltz,dE_wb_single,nconf_ald,nconf_prod,std_ald_kcal,std_prod_kcal
212434,,-7.2739001987956255,-7.441534684680958,,10,10,4.5659682063583,4.7937419613801655
