id,error,dE_r2_single,dE_r2_boltz,dE_wb_single,nconf_ald,nconf_prod,std_ald_kcal,std_prod_kcal
25089,,-22.08352074051535,-18.584712168744193,,10,10,4.076203231333201,8.974519978175701
