id,error,dE_r2_single,dE_r2_boltz,dE_wb_single,nconf_ald,nconf_prod,std_ald_kcal,std_prod_kcal
60459,,-20.1071869588539,-20.167363997034734,-25.359698805101402,10,10,1.0583253920907285,8.466810206798018
