id,error,dE_r2_single,dE_r2_boltz,dE_wb_single,nconf_ald,nconf_prod,std_ald_kcal,std_prod_kcal
57840,,-21.78230892211368,-22.037608264777546,-18.40627602876623,10,10,0.4786219066030445,2.1540313118120538
