id,error,dE_r2_single,dE_r2_boltz,dE_wb_single,nconf_ald,nconf_prod,std_ald_kcal,std_prod_kcal
53835,,-10.063523469423853,-9.91188328066806,-9.01054102762831,10,10,1.7798293493922392,5.796067362805676
