id,error,dE_r2_single,dE_r2_boltz,dE_wb_single,nconf_ald,nconf_prod,std_ald_kcal,std_prod_kcal
62207,,-12.442597441628797,-12.419005869763689,,10,10,3.630362930731393,3.4679966274532723
