id,error,dE_r2_single,dE_r2_boltz,dE_wb_single,nconf_ald,nconf_prod,std_ald_kcal,std_prod_kcal
215126,,-24.942440831427444,-24.419014391800182,,10,6,1.6000330090479875,2.5653895391783763
