id,error,dE_r2_single,dE_r2_boltz,dE_wb_single,nconf_ald,nconf_prod,std_ald_kcal,std_prod_kcal
12948,,-23.778418456708284,-25.20307756313149,,10,10,2.1673920428531375,4.235215580336905
