id,error,dE_r2_single,dE_r2_boltz,dE_wb_single,nconf_ald,nconf_prod,std_ald_kcal,std_prod_kcal
121035,,-43.45417414447523,-45.68661617931304,,10,10,2.9478128009440083,12.962310336135658
