id,error,dE_r2_single,dE_r2_boltz,dE_wb_single,nconf_ald,nconf_prod,std_ald_kcal,std_prod_kcal
182848,,-23.397772673615833,-21.05939282745143,,10,10,1.169932024418695,3.8539439590313513
