id,error,dE_r2_single,dE_r2_boltz,dE_wb_single,nconf_ald,nconf_prod,std_ald_kcal,std_prod_kcal
61715,,-14.059754792043538,-18.396480036039925,,10,10,1.9147597991003078,4.506919876856596
