id,error,dE_r2_single,dE_r2_boltz,dE_wb_single,nconf_ald,nconf_prod,std_ald_kcal,std_prod_kcal
213189,,-19.57490646474303,-20.281923787241052,,10,10,2.0969072735008787,3.0240827810708897
