id,error,dE_r2_single,dE_r2_boltz,dE_wb_single,nconf_ald,nconf_prod,std_ald_kcal,std_prod_kcal
47990,,-27.77612386396508,-28.69637637634033,,10,10,2.5189284787451656,5.132233141047494
