id,error,dE_r2_single,dE_r2_boltz,dE_wb_single,nconf_ald,nconf_prod,std_ald_kcal,std_prod_kcal
53175,,-14.847963088462393,-20.350676263509047,,10,10,2.1099409270692204,3.0824167352028584
