id,error,dE_r2_single,dE_r2_boltz,dE_wb_single,nconf_ald,nconf_prod,std_ald_kcal,std_prod_kcal
121045,,8.820078897190252,7.223944362008825,,10,10,4.257610933253821,14.25647024599846
