id,error,dE_r2_single,dE_r2_boltz,dE_wb_single,nconf_ald,nconf_prod,std_ald_kcal,std_prod_kcal
7292,,-1.2123634238394005,-7.489724564971799,,10,10,3.656495571693378,7.0903071950452485
