id,error,dE_r2_single,dE_r2_boltz,dE_wb_single,nconf_ald,nconf_prod,std_ald_kcal,std_prod_kcal
97845,,-1.6169929783435044,-3.463093415936368,,10,10,1.0423356023124604,3.8471958244277378
