id,error,dE_r2_single,dE_r2_boltz,dE_wb_single,nconf_ald,nconf_prod,std_ald_kcal,std_prod_kcal
39930,,-25.408118248808922,-25.901737654163558,,10,10,0.899449243817071,8.255001432368028
