id,error,dE_r2_single,dE_r2_boltz,dE_wb_single,nconf_ald,nconf_prod,std_ald_kcal,std_prod_kcal
61025,,-18.169972332462052,-20.795039860146073,,10,6,0.7013050386097287,3.5769900779662964
