id,error,dE_r2_single,dE_r2_boltz,dE_wb_single,nconf_ald,nconf_prod,std_ald_kcal,std_prod_kcal
19462,,-10.754126481375117,-7.821470544906171,,10,10,0.8292192269727003,3.4769410740605777
