id,error,dE_r2_single,dE_r2_boltz,dE_wb_single,nconf_ald,nconf_prod,std_ald_kcal,std_prod_kcal
53484,,-8.607614319035896,-9.143895943597204,,10,10,2.8191354350543683,4.257978692541832
