id,error,dE_r2_single,dE_r2_boltz,dE_wb_single,nconf_ald,nconf_prod,std_ald_kcal,std_prod_kcal
121368,,-16.373559963724926,-16.642168280886438,,10,10,0.8934822024200071,2.2457205911687335
