id,error,dE_r2_single,dE_r2_boltz,dE_wb_single,nconf_ald,nconf_prod,std_ald_kcal,std_prod_kcal
17538,,-3.4831888290594755,-3.6205501873160113,,10,10,4.5102742319803095,6.1668550835163
