id,error,dE_r2_single,dE_r2_boltz,dE_wb_single,nconf_ald,nconf_prod,std_ald_kcal,std_prod_kcal
104654,,-17.678904380755096,-20.82532337681344,,10,10,0.9905498045479486,3.8454654391970995
