id,error,dE_r2_single,dE_r2_boltz,dE_wb_single,nconf_ald,nconf_prod,std_ald_kcal,std_prod_kcal
32211,,-7.66670567395193,-8.302258377011531,,10,10,2.076866555228331,4.113576573009758
