id,error,dE_r2_single,dE_r2_boltz,dE_wb_single,nconf_ald,nconf_prod,std_ald_kcal,std_prod_kcal
85681,,-19.27224030721249,-20.337167405530135,,10,10,1.3307354404214675,2.129635423659426
