id,error,dE_r2_single,dE_r2_boltz,dE_wb_single,nconf_ald,nconf_prod,std_ald_kcal,std_prod_kcal
4025,,-28.216604927046582,-28.808773377427254,,10,10,2.359160481175148,4.221711453200692
