id,error,dE_r2_single,dE_r2_boltz,dE_wb_single,nconf_ald,nconf_prod,std_ald_kcal,std_prod_kcal
69641,,-5.946623253495795,-5.895562007538648,,10,10,2.0260261263659105,7.644144835186368
