id,error,dE_r2_single,dE_r2_boltz,dE_wb_single,nconf_ald,nconf_prod,std_ald_kcal,std_prod_kcal
54464,,-21.232417884027186,-21.055026993721363,,10,10,2.2508829589296346,7.557637461835006
