id,error,dE_r2_single,dE_r2_boltz,dE_wb_single,nconf_ald,nconf_prod,std_ald_kcal,std_prod_kcal
53899,,-23.66959735430788,-23.813147860373622,,10,10,2.1403196980983377,4.191688017559846
