id,error,dE_r2_single,dE_r2_boltz,dE_wb_single,nconf_ald,nconf_prod,std_ald_kcal,std_prod_kcal
66718,,-20.932681178551153,-21.97277285455355,,10,10,1.1942681138601443,6.331178191523744
