id,error,dE_r2_single,dE_r2_boltz,dE_wb_single,nconf_ald,nconf_prod,std_ald_kcal,std_prod_kcal
92124,,-19.431961994868473,-19.498389026090482,,10,10,1.6789392731969066,3.5727456850468293
