id,error,dE_r2_single,dE_r2_boltz,dE_wb_single,nconf_ald,nconf_prod,std_ald_kcal,std_prod_kcal
74914,,-3.268636092105048,-3.5382342580393478,,10,10,2.267268958090251,3.21164763766043
