id,error,dE_r2_single,dE_r2_boltz,dE_wb_single,nconf_ald,nconf_prod,std_ald_kcal,std_prod_kcal
96917,,-4.66971167034209,-6.6341341297862035,,10,10,2.5987220692081325,4.302132368457081
