id,error,dE_r2_single,dE_r2_boltz,dE_wb_single,nconf_ald,nconf_prod,std_ald_kcal,std_prod_kcal
53890,,-14.609197753296339,-14.57687564827022,,10,10,0.9577348816738143,3.9818854076897754
