id,error,dE_r2_single,dE_r2_boltz,dE_wb_single,nconf_ald,nconf_prod,std_ald_kcal,std_prod_kcal
53331,,-11.934353888594774,-21.124664135132754,,10,10,5.212122137059781,7.630641973354035
