id,error,dE_r2_single,dE_r2_boltz,dE_wb_single,nconf_ald,nconf_prod,std_ald_kcal,std_prod_kcal
80337,,-18.399969014026397,-17.363092872018044,,10,10,1.2671565999343484,4.237370670960385
