id,error,dE_r2_single,dE_r2_boltz,dE_wb_single,nconf_ald,nconf_prod,std_ald_kcal,std_prod_kcal
24253,,-2.2766568992403764,-3.153462061942612,-3.589502625518964,10,10,0.429600383406965,3.48739239811187
