id,error,dE_r2_single,dE_r2_boltz,dE_wb_single,nconf_ald,nconf_prod,std_ald_kcal,std_prod_kcal
97729,,-22.44737346030962,-24.260879915928886,,10,10,1.312530899702724,2.2275926181428445
