id,error,dE_r2_single,dE_r2_boltz,dE_wb_single,nconf_ald,nconf_prod,std_ald_kcal,std_prod_kcal
91095,,-7.861847024387397,-7.842694908400905,,10,10,2.0054127683439207,3.584494695500746
