id,error,dE_r2_single,dE_r2_boltz,dE_wb_single,nconf_ald,nconf_prod,std_ald_kcal,std_prod_kcal
215108,,-17.852727548459576,-17.94639233083641,-17.832172792986277,10,10,0.875115244872868,1.7823749598865568
