id,error,dE_r2_single,dE_r2_boltz,dE_wb_single,nconf_ald,nconf_prod,std_ald_kcal,std_prod_kcal
70112,,-10.670871961090443,-10.375802201674858,,10,10,2.3644383456929448,4.397500378686214
