id,error,dE_r2_single,dE_r2_boltz,dE_wb_single,nconf_ald,nconf_prod,std_ald_kcal,std_prod_kcal
35966,,-21.01886772339515,-21.64321600858486,,10,10,2.0779405274180824,4.700466876811225
