id,error,dE_r2_single,dE_r2_boltz,dE_wb_single,nconf_ald,nconf_prod,std_ald_kcal,std_prod_kcal
52135,,-24.94784099329471,-24.193154377304232,,10,10,1.3922702509081009,2.3727016954573075
