id,error,dE_r2_single,dE_r2_boltz,dE_wb_single,nconf_ald,nconf_prod,std_ald_kcal,std_prod_kcal
3456,,-25.829405350681725,-23.85688260977066,,10,10,1.9082045131718532,5.8569478271367865
