id,error,dE_r2_single,dE_r2_boltz,dE_wb_single,nconf_ald,nconf_prod,std_ald_kcal,std_prod_kcal
196757,,2.731533226985719,10.992878961721782,-0.4462125159494857,10,10,2.0448945860364063,12.122241900052932
