id,error,dE_r2_single,dE_r2_boltz,dE_wb_single,nconf_ald,nconf_prod,std_ald_kcal,std_prod_kcal
85647,,-14.537294916580523,-12.858630120095832,,10,10,1.708375290845926,2.495446000216471
