id,error,dE_r2_single,dE_r2_boltz,dE_wb_single,nconf_ald,nconf_prod,std_ald_kcal,std_prod_kcal
5606,,-26.0420666676692,-28.333047692041823,-23.814778895662403,10,10,2.381223440894697,2.8812540838065437
