id,error,dE_r2_single,dE_r2_boltz,dE_wb_single,nconf_ald,nconf_prod,std_ald_kcal,std_prod_kcal
48693,,-12.50673085181527,-12.52185915507844,,10,10,3.46422228269524,4.362081871982353
