id,error,dE_r2_single,dE_r2_boltz,dE_wb_single,nconf_ald,nconf_prod,std_ald_kcal,std_prod_kcal
182957,,-19.041578379042523,-18.980404858365173,,10,10,0.7603883974753635,3.6098689267381174
