id,error,dE_r2_single,dE_r2_boltz,dE_wb_single,nconf_ald,nconf_prod,std_ald_kcal,std_prod_kcal
101977,,-18.36950171493284,-18.55543254304477,,10,10,0.8198511027070059,6.155891413470792
