id,error,dE_r2_single,dE_r2_boltz,dE_wb_single,nconf_ald,nconf_prod,std_ald_kcal,std_prod_kcal
920,,-31.863917108503408,-29.179166642196865,,10,10,1.2743461644080065,4.488771092358922
