id,error,dE_r2_single,dE_r2_boltz,dE_wb_single,nconf_ald,nconf_prod,std_ald_kcal,std_prod_kcal
81434,,-13.079216595320803,-13.67860354243141,,10,10,2.035040612811148,3.2528013879645146
