id,error,dE_r2_single,dE_r2_boltz,dE_wb_single,nconf_ald,nconf_prod,std_ald_kcal,std_prod_kcal
187522,,-17.934458048407233,-13.447206798165443,,10,10,1.356056977945465,8.758380854610527
