id,error,dE_r2_single,dE_r2_boltz,dE_wb_single,nconf_ald,nconf_prod,std_ald_kcal,std_prod_kcal
171097,,-1.710374482140458,-2.804757027087956,,10,10,3.0274175385739683,9.088921676806159
