id,error,dE_r2_single,dE_r2_boltz,dE_wb_single,nconf_ald,nconf_prod,std_ald_kcal,std_prod_kcal
36417,,43.463641736648256,36.941794459656386,,10,10,2.764258523432405,13.843747157676242
