id,error,dE_r2_single,dE_r2_boltz,dE_wb_single,nconf_ald,nconf_prod,std_ald_kcal,std_prod_kcal
196783,,8.48615848751654,8.507779863125059,12.810632168567757,10,10,1.3915667258657785,5.636411821857385
