id,error,dE_r2_single,dE_r2_boltz,dE_wb_single,nconf_ald,nconf_prod,std_ald_kcal,std_prod_kcal
65792,,-12.566686650587197,-17.632251918086737,-10.301551547681932,10,10,0.6311683471165632,3.521505157630947
