id,error,dE_r2_single,dE_r2_boltz,dE_wb_single,nconf_ald,nconf_prod,std_ald_kcal,std_prod_kcal
206794,,-25.32280548754138,-22.880067677308812,,10,10,1.8675867086138842,3.5418881402711873
