id,error,dE_r2_single,dE_r2_boltz,dE_wb_single,nconf_ald,nconf_prod,std_ald_kcal,std_prod_kcal
117158,,-9.240764864185529,-9.241901026416736,-6.055570705511633,10,10,3.155591740196568,4.5906202636521725
