id,error,dE_r2_single,dE_r2_boltz,dE_wb_single,nconf_ald,nconf_prod,std_ald_kcal,std_prod_kcal
3455,,-30.622793502617732,-28.32668659361642,,10,10,1.223439294731646,4.008462052625835
