id,error,dE_r2_single,dE_r2_boltz,dE_wb_single,nconf_ald,nconf_prod,std_ald_kcal,std_prod_kcal
104268,,10.62523849340331,8.914072704502097,,10,10,1.1935491399516067,9.225983699921207
