id,error,dE_r2_single,dE_r2_boltz,dE_wb_single,nconf_ald,nconf_prod,std_ald_kcal,std_prod_kcal
76259,,-32.83866271638178,-25.47162949207187,,10,10,3.7198385136983094,4.658449928079166
