id,error,dE_r2_single,dE_r2_boltz,dE_wb_single,nconf_ald,nconf_prod,std_ald_kcal,std_prod_kcal
29498,,-21.126760140429205,-25.098585922410578,,10,4,1.699992929810481,5.39955758986775
