id,error,dE_r2_single,dE_r2_boltz,dE_wb_single,nconf_ald,nconf_prod,std_ald_kcal,std_prod_kcal
61138,,-22.54632410244346,-21.645345618242015,,10,10,2.6046230352350634,4.344922727161737
