id,error,dE_r2_single,dE_r2_boltz,dE_wb_single,nconf_ald,nconf_prod,std_ald_kcal,std_prod_kcal
203968,,-2.22032707667794,-6.756704012265783,1.4655635196081986,10,10,1.7211884364134376,3.82357916505655
