id,error,dE_r2_single,dE_r2_boltz,dE_wb_single,nconf_ald,nconf_prod,std_ald_kcal,std_prod_kcal
129490,,-9.555728847728865,-5.302162538698562,,10,10,2.1808276631646812,4.2127616371903
