id,error,dE_r2_single,dE_r2_boltz,dE_wb_single,nconf_ald,nconf_prod,std_ald_kcal,std_prod_kcal
122392,,2.2987522615001956,1.0893229892806688,,10,4,2.389439353183067,8.141199774436876
