id,error,dE_r2_single,dE_r2_boltz,dE_wb_single,nconf_ald,nconf_prod,std_ald_kcal,std_prod_kcal
198103,,23.91533148002457,23.56639526131062,26.095866901590757,10,10,0.5884122359572401,16.542395447087504
