id,error,dE_r2_single,dE_r2_boltz,dE_wb_single,nconf_ald,nconf_prod,std_ald_kcal,std_prod_kcal
52129,,-23.603649712425316,-22.535485557822113,,10,10,2.445576516264314,1.7738030687599817
