id,error,dE_r2_single,dE_r2_boltz,dE_wb_single,nconf_ald,nconf_prod,std_ald_kcal,std_prod_kcal
71062,,-19.94021394314283,-21.675399590718715,,10,10,1.0795353064072288,3.4558104505712928
