id,error,dE_r2_single,dE_r2_boltz,dE_wb_single,nconf_ald,nconf_prod,std_ald_kcal,std_prod_kcal
67988,,-17.203133801094328,-18.032526405713693,,10,4,1.0235823915288764,1.496105626335572
