id,error,dE_r2_single,dE_r2_boltz,dE_wb_single,nconf_ald,nconf_prod,std_ald_kcal,std_prod_kcal
12864,,-8.71138460315437,-7.744510014200886,,10,10,3.252831845866229,5.78793127476969
