id,error,dE_r2_single,dE_r2_boltz,dE_wb_single,nconf_ald,nconf_prod,std_ald_kcal,std_prod_kcal
75854,,-19.2331501369239,-16.58390977085222,,10,10,2.600919307496145,4.650128375680298
