id,error,dE_r2_single,dE_r2_boltz,dE_wb_single,nconf_ald,nconf_prod,std_ald_kcal,std_prod_kcal
81916,,-21.400407488578544,-24.453018337408654,,10,10,2.0397643641107748,5.747279659522716
