id,error,dE_r2_single,dE_r2_boltz,dE_wb_single,nconf_ald,nconf_prod,std_ald_kcal,std_prod_kcal
101708,,-16.461881181623237,-18.532033525804454,,10,10,2.188172346323972,4.541691188727602
