id,error,dE_r2_single,dE_r2_boltz,dE_wb_single,nconf_ald,nconf_prod,std_ald_kcal,std_prod_kcal
110588,,-24.191646082205448,-19.281397231548066,,10,10,1.7418838495912545,3.6479527105506584
