id,error,dE_r2_single,dE_r2_boltz,dE_wb_single,nconf_ald,nconf_prod,std_ald_kcal,std_prod_kcal
110663,,-20.454014531470712,-17.850762661864337,,10,10,1.9632732270509003,3.3150621139616794
