id,error,dE_r2_single,dE_r2_boltz,dE_wb_single,nconf_ald,nconf_prod,std_ald_kcal,std_prod_kcal
67106,,-23.36915663459297,-21.441292309849388,,10,10,3.709986098578255,6.35863077021468
