id,error,dE_r2_single,dE_r2_boltz,dE_wb_single,nconf_ald,nconf_prod,std_ald_kcal,std_prod_kcal
52633,,-18.98415713129181,-21.845500508610968,,10,10,1.9207585423106628,3.7234931705973247
