id,error,dE_r2_single,dE_r2_boltz,dE_wb_single,nconf_ald,nconf_prod,std_ald_kcal,std_prod_kcal
107445,,-20.55389772685959,-18.060032963218326,,10,10,4.207388060929416,4.212438271793068
