id,error,dE_r2_single,dE_r2_boltz,dE_wb_single,nconf_ald,nconf_prod,std_ald_kcal,std_prod_kcal
4037,,-2.3295429962163094,-2.3726093372380905,,10,10,4.700678840165496,2.7187842497916503
