id,error,dE_r2_single,dE_r2_boltz,dE_wb_single,nconf_ald,nconf_prod,std_ald_kcal,std_prod_kcal
3407,,-11.322811835983801,-10.291298901090551,,10,10,2.804341039089292,6.536562668006752
