id,error,dE_r2_single,dE_r2_boltz,dE_wb_single,nconf_ald,nconf_prod,std_ald_kcal,std_prod_kcal
213099,,-17.10852338592343,-17.121763964038543,,10,10,1.764267692781925,3.466340590745173
