id,error,dE_r2_single,dE_r2_boltz,dE_wb_single,nconf_ald,nconf_prod,std_ald_kcal,std_prod_kcal
46596,,-14.144139748845715,-13.411997271504546,,10,10,3.970591694611276,6.544536871318598
