id,error,dE_r2_single,dE_r2_boltz,dE_wb_single,nconf_ald,nconf_prod,std_ald_kcal,std_prod_kcal
97917,,-21.631771536493826,-19.94020519462896,-19.102574397137484,10,10,1.6503547568856192,3.9292247497707464
