id,error,dE_r2_single,dE_r2_boltz,dE_wb_single,nconf_ald,nconf_prod,std_ald_kcal,std_prod_kcal
69204,,-16.742137147391492,-17.192482793357936,,10,10,0.7848542288938745,3.0013686389350593
