id,error,dE_r2_single,dE_r2_boltz,dE_wb_single,nconf_ald,nconf_prod,std_ald_kcal,std_prod_kcal
20572,,-12.901364127453448,-12.838929772372385,,10,10,0.9434141705908355,2.056394317940383
