id,error,dE_r2_single,dE_r2_boltz,dE_wb_single,nconf_ald,nconf_prod,std_ald_kcal,std_prod_kcal
148746,,8.639556381919244,7.078541849375158,8.48457950985177,10,10,1.1863255236824912,7.306609716229096
