id,error,dE_r2_single,dE_r2_boltz,dE_wb_single,nconf_ald,nconf_prod,std_ald_kcal,std_prod_kcal
44817,,-10.43171048586548,-10.29189802504834,,10,10,3.2061755397034233,5.092812989096028
