id,error,dE_r2_single,dE_r2_boltz,dE_wb_single,nconf_ald,nconf_prod,std_ald_kcal,std_prod_kcal
83034,,-5.93466870406614,-6.10792598063707,,10,10,3.688083861082294,3.733511921434567
