id,error,dE_r2_single,dE_r2_boltz,dE_wb_single,nconf_ald,nconf_prod,std_ald_kcal,std_prod_kcal
81520,,-0.7765883612366657,4.796132886159917,,10,10,8.991302543542206,6.022329798425272
