id,error,dE_r2_single,dE_r2_boltz,dE_wb_single,nconf_ald,nconf_prod,std_ald_kcal,std_prod_kcal
185505,,-9.820221540711598,-9.248026142398164,,10,10,2.557821656394591,4.150644488975318
