id,error,dE_r2_single,dE_r2_boltz,dE_wb_single,nconf_ald,nconf_prod,std_ald_kcal,std_prod_kcal
44480,,-14.467611732326752,-17.045854153305616,,10,10,3.44549712949292,5.407220305032109
