id,error,dE_r2_single,dE_r2_boltz,dE_wb_single,nconf_ald,nconf_prod,std_ald_kcal,std_prod_kcal
15069,,-18.452995049271617,-17.362072255916477,-19.63376133004641,10,10,1.4406938481969682,3.9635529954746267
