id,error,dE_r2_single,dE_r2_boltz,dE_wb_single,nconf_ald,nconf_prod,std_ald_kcal,std_prod_kcal
49948,,-47.232925228509764,-39.144226462054775,,10,10,4.368379750513519,3.6697228562214956
