id,error,dE_r2_single,dE_r2_boltz,dE_wb_single,nconf_ald,nconf_prod,std_ald_kcal,std_prod_kcal
90873,,-8.942999853097009,-9.372950542509736,,10,10,2.95191527086752,6.318066096647964
