id,error,dE_r2_single,dE_r2_boltz,dE_wb_single,nconf_ald,nconf_prod,std_ald_kcal,std_prod_kcal
91269,,-20.977416583238707,-21.008476331760093,,10,10,3.7613595140956613,4.413391715657582
