id,error,dE_r2_single,dE_r2_boltz,dE_wb_single,nconf_ald,nconf_prod,std_ald_kcal,std_prod_kcal
187015,,-15.46557750344196,-15.56054214781715,,10,10,2.3530519593713057,4.497770198385881
