id,error,dE_r2_single,dE_r2_boltz,dE_wb_single,nconf_ald,nconf_prod,std_ald_kcal,std_prod_kcal
60169,,-15.107478605857539,-15.41437702319438,,10,10,3.229482209639914,4.362679442920604
