id,error,dE_r2_single,dE_r2_boltz,dE_wb_single,nconf_ald,nconf_prod,std_ald_kcal,std_prod_kcal
34002,,-26.112380346171562,-24.752415864902392,,10,10,2.0408489555758456,4.5271999772428835
