id,error,dE_r2_single,dE_r2_boltz,dE_wb_single,nconf_ald,nconf_prod,std_ald_kcal,std_prod_kcal
64383,,-23.831628650767247,-23.793547007662433,,10,10,0.2974863253462386,2.762110728676853
