id,error,dE_r2_single,dE_r2_boltz,dE_wb_single,nconf_ald,nconf_prod,std_ald_kcal,std_prod_kcal
197334,,-3.5557079660181263,-4.1893060556655985,,10,10,3.8826980855223496,5.157901341557597
