id,error,dE_r2_single,dE_r2_boltz,dE_wb_single,nconf_ald,nconf_prod,std_ald_kcal,std_prod_kcal
70774,,-1.2291769075181294,-1.375865484792396,,10,10,4.485298333797714,7.915217972515798
