id,error,dE_r2_single,dE_r2_boltz,dE_wb_single,nconf_ald,nconf_prod,std_ald_kcal,std_prod_kcal
199783,,-19.959558723617047,-19.629199737260848,,10,10,1.3724632721590535,5.0049635136805595
