id,error,dE_r2_single,dE_r2_boltz,dE_wb_single,nconf_ald,nconf_prod,std_ald_kcal,std_prod_kcal
78467,,-26.221890655284806,-26.463234126523663,,10,10,1.9008878406168195,4.817422696282282
