id,error,dE_r2_single,dE_r2_boltz,dE_wb_single,nconf_ald,nconf_prod,std_ald_kcal,std_prod_kcal
36410,,-19.85004002297313,-17.127731122802665,,10,10,10.53053341643534,14.352044066958944
