id,error,dE_r2_single,dE_r2_boltz,dE_wb_single,nconf_ald,nconf_prod,std_ald_kcal,std_prod_kcal
81175,,-19.899083686079212,-14.87686135280776,,10,10,1.6242681310911524,4.888609566086086
