id,error,dE_r2_single,dE_r2_boltz,dE_wb_single,nconf_ald,nconf_prod,std_ald_kcal,std_prod_kcal
104209,,-10.879673154563493,-11.822603424027715,,10,10,3.37352169769793,3.807178646065237
