id,error,dE_r2_single,dE_r2_boltz,dE_wb_single,nconf_ald,nconf_prod,std_ald_kcal,std_prod_kcal
205738,,-30.225038198042306,-30.20278190113698,,10,5,3.032382912115061,2.0313586985573013
