id,error,dE_r2_single,dE_r2_boltz,dE_wb_single,nconf_ald,nconf_prod,std_ald_kcal,std_prod_kcal
58899,,-48.05653919659208,-48.10071829732791,,10,10,45.965544377101956,94.67341655373981
