id,error,dE_r2_single,dE_r2_boltz,dE_wb_single,nconf_ald,nconf_prod,std_ald_kcal,std_prod_kcal
96244,,-24.24083246439717,-25.813165428566872,,10,10,1.789059986044583,4.814689249153329
