id,error,dE_r2_single,dE_r2_boltz,dE_wb_single,nconf_ald,nconf_prod,std_ald_kcal,std_prod_kcal
92808,,-14.438781169516528,-15.481152623539378,,10,10,3.981099944950098,7.411582416053447
