id,error,dE_r2_single,dE_r2_boltz,dE_wb_single,nconf_ald,nconf_prod,std_ald_kcal,std_prod_kcal
57868,,-25.247345129782406,-26.49246196911373,,10,10,3.702479815586306,8.255001432368028
