id,error,dE_r2_single,dE_r2_boltz,dE_wb_single,nconf_ald,nconf_prod,std_ald_kcal,std_prod_kcal
96853,,-14.628798232188192,-14.720281975642772,,10,10,2.2965071531915293,5.129902367067682
