id,error,dE_r2_single,dE_r2_boltz,dE_wb_single,nconf_ald,nconf_prod,std_ald_kcal,std_prod_kcal
27674,,-8.949358139031293,-9.817369599097438,,10,10,2.9262526452448947,6.315349813955861
