id,error,dE_r2_single,dE_r2_boltz,dE_wb_single,nconf_ald,nconf_prod,std_ald_kcal,std_prod_kcal
83205,,-24.582773337119782,-21.655088667895424,,10,10,2.605585283812554,2.7931730686588954
