id,error,dE_r2_single,dE_r2_boltz,dE_wb_single,nconf_ald,nconf_prod,std_ald_kcal,std_prod_kcal
104471,,-17.107218268196437,-20.70024602894901,,10,10,1.1870413373322655,3.2023366099359722
