id,error,adch_ketC,adch_ketO,adch_carbC,adch_hydO,adch_hydH,adch_fukui_plus_ketC,adch_fukui_minus_ketC,adch_fukui_plus_carbC,adch_fukui_minus_carbC,qtaim_rho_CO_ket,qtaim_lap_CO_ket,qtaim_ell_CO_ket,qtaim_rho_CC_new,qtaim_lap_CC_new,qtaim_ell_CC_new,qtaim_rho_HB,ald_adch_CHO_C,ald_adch_CHO_O,ald_adch_fukui_plus_CHO_C,ald_adch_fukui_minus_CHO_C,ald_adch_fukui_minus_CHO_O,ald_qtaim_lap_CO,ald_qtaim_ell_CO
22157,,0.187924,-0.324011,0.000432,-0.51475,0.383127,,,,,0.39465,-0.128246,0.123199,0.240839,-0.382203,0.052075,0.021494,0.093129,-0.314565,0.147318,0.017575,0.11962,-0.02936,0.145545
214272,,0.186486,-0.366327,0.003171,-0.526559,0.409683,0.116034,0.019235,0.009665,0.01759,0.390617,-0.195515,0.136649,0.238102,-0.372149,0.048457,0.021203,0.092009,-0.340657,0.1305,0.039348,0.181704,-0.117395,0.174631
37422,,0.114123,-0.269773,0.014772,-0.509745,0.413183,0.245595,0.020271,0.02709,0.031479,0.402787,-0.047069,0.146462,0.234675,-0.344524,0.051682,,0.091535,-0.272441,0.255668,0.051448,0.201069,0.020434,0.162235
103639,,,,,,,,,,,0.391889,-0.141773,0.148148,0.248237,-0.415674,0.056448,,,,,,,-0.034102,0.149869
118505,,0.167393,-0.354508,-0.036345,-0.47346,0.378346,0.140541,-0.004466,0.008639,0.006699,0.395876,-0.254896,0.135301,0.242502,-0.392268,0.054346,0.021879,0.090393,-0.307026,0.160651,0.045275,0.143771,-0.033344,0.143977
