id,error,adch_ketC,adch_ketO,adch_carbC,adch_hydO,adch_hydH,adch_fukui_plus_ketC,adch_fukui_minus_ketC,adch_fukui_plus_carbC,adch_fukui_minus_carbC,qtaim_rho_CO_ket,qtaim_lap_CO_ket,qtaim_ell_CO_ket,qtaim_rho_CC_new,qtaim_lap_CC_new,qtaim_ell_CC_new,qtaim_rho_HB,ald_adch_CHO_C,ald_adch_CHO_O,ald_adch_fukui_plus_CHO_C,ald_adch_fukui_minus_CHO_C,ald_adch_fukui_minus_CHO_O,ald_qtaim_lap_CO,ald_qtaim_ell_CO
4424,,,,,,,,,,,0.380642,-0.216344,0.124019,0.234118,-0.361194,0.028217,,0.095698,-0.314499,0.01984,0.010764,0.105695,-0.211775,0.16409
117437,,0.168067,-0.308352,0.00524,-0.514102,0.410081,0.043379,0.005218,-0.00173,-0.00631,0.399171,-0.14748,0.144872,0.246492,-0.408975,0.057721,,0.052439,-0.274472,0.068381,-0.013563,0.085736,0.006125,0.146389
55414,,0.240538,-0.34157,-0.000799,-0.515128,0.424596,,,,,0.398694,-0.07432,0.144727,0.238121,-0.367474,0.049394,,-0.051005,-0.236721,0.061646,0.049103,0.078028,0.00052,0.151795
172752,,0.038519,-0.225028,0.074327,-0.49313,0.423287,0.093498,0.063989,0.006346,-0.005625,0.402707,-0.035341,0.159921,0.226638,-0.313387,0.050189,,0.112345,-0.285165,0.081345,0.028435,0.115608,-0.016269,0.155083
65596,,,,,,,,,,,0.397003,-0.150662,0.129822,0.244755,-0.401589,0.055393,,0.07887,-0.296835,0.060027,-0.001478,0.058293,-0.031865,0.149925
