id,error,adch_ketC,adch_ketO,adch_carbC,adch_hydO,adch_hydH,adch_fukui_plus_ketC,adch_fukui_minus_ketC,adch_fukui_plus_carbC,adch_fukui_minus_carbC,qtaim_rho_CO_ket,qtaim_lap_CO_ket,qtaim_ell_CO_ket,qtaim_rho_CC_new,qtaim_lap_CC_new,qtaim_ell_CC_new,qtaim_rho_HB,ald_adch_CHO_C,ald_adch_CHO_O,ald_adch_fukui_plus_CHO_C,ald_adch_fukui_minus_CHO_C,ald_adch_fukui_minus_CHO_O,ald_qtaim_lap_CO,ald_qtaim_ell_CO
84822,,0.191952,-0.326182,-0.021941,-0.489873,0.397228,0.095598,,0.006897,,0.397786,-0.115429,0.131709,0.242902,-0.391814,0.046564,,0.101591,-0.299446,0.121351,0.027625,0.12754,0.008742,0.152803
166314,,,,,,,,,,,0.395776,-0.121447,0.120107,0.240109,-0.379033,0.046813,0.020441,0.099619,-0.313181,0.115597,0.008906,0.039713,-0.039414,0.150599
123165,,,,,,,,,,,0.392179,-0.144409,0.125066,0.243729,-0.394205,0.05979,0.02051,0.126701,-0.323993,0.117974,0.025528,0.108079,-0.026809,0.140664
104862,,,,,,,,,,,0.397109,-0.072002,0.119365,0.233725,-0.354285,0.019214,,0.099854,-0.304139,-0.023382,0.005093,0.098184,-0.017964,0.140591
101932,,0.210837,-0.330543,0.001553,-0.529377,0.426096,0.043606,0.01971,0.010708,0.030491,0.400312,-0.105263,0.138868,0.239077,-0.370228,0.051515,,0.110118,-0.311042,0.094805,0.035708,0.149825,-0.042504,0.143851
