id,error,adch_ketC,adch_ketO,adch_carbC,adch_hydO,adch_hydH,adch_fukui_plus_ketC,adch_fukui_minus_ketC,adch_fukui_plus_carbC,adch_fukui_minus_carbC,qtaim_rho_CO_ket,qtaim_lap_CO_ket,qtaim_ell_CO_ket,qtaim_rho_CC_new,qtaim_lap_CC_new,qtaim_ell_CC_new,qtaim_rho_HB,ald_adch_CHO_C,ald_adch_CHO_O,ald_adch_fukui_plus_CHO_C,ald_adch_fukui_minus_CHO_C,ald_adch_fukui_minus_CHO_O,ald_qtaim_lap_CO,ald_qtaim_ell_CO
203768,,0.192682,-0.336923,-0.022737,-0.498064,0.393668,0.254312,0.027338,0.020899,0.019303,0.395012,-0.123764,0.123144,0.241861,-0.387461,0.04815,0.018353,0.096177,-0.317906,0.258834,0.036202,0.13643,-0.016433,0.148898
159311,,,,,,,,,,,0.394775,-0.152434,0.133579,0.23611,-0.370657,0.046989,,-0.024775,-0.266133,0.188813,-0.115868,0.156557,-0.029294,0.141699
85691,,,,,,,,,,,0.400116,-0.074228,0.143155,0.238911,-0.384056,0.033132,,0.089698,-0.304082,0.083088,0.014183,0.044807,-0.010922,0.154717
44555,,0.160652,-0.292578,-0.014447,-0.503778,0.424816,0.098544,-0.009611,0.004451,-0.003554,0.400083,-0.051658,0.129105,0.23686,-0.367902,0.020906,,-0.18643,-0.178272,-0.020854,-0.125495,0.138879,-0.004251,0.151402
182566,,0.168994,-0.241048,-0.001861,-0.495374,0.427237,0.071843,0.009221,0.013119,0.015434,0.409229,-0.051735,0.166763,0.239332,-0.373372,0.054015,,-0.051774,-0.17281,0.155328,0.074417,0.140478,0.068405,0.167872
