id,error,adch_ketC,adch_ketO,adch_carbC,adch_hydO,adch_hydH,adch_fukui_plus_ketC,adch_fukui_minus_ketC,adch_fukui_plus_carbC,adch_fukui_minus_carbC,qtaim_rho_CO_ket,qtaim_lap_CO_ket,qtaim_ell_CO_ket,qtaim_rho_CC_new,qtaim_lap_CC_new,qtaim_ell_CC_new,qtaim_rho_HB,ald_adch_CHO_C,ald_adch_CHO_O,ald_adch_fukui_plus_CHO_C,ald_adch_fukui_minus_CHO_C,ald_adch_fukui_minus_CHO_O,ald_qtaim_lap_CO,ald_qtaim_ell_CO
41709,,0.154528,-0.33714,0.067783,-0.516918,0.422201,0.070483,0.075078,0.041177,0.027151,0.395483,-0.213683,0.164656,0.236466,-0.364312,0.052543,0.017957,0.089999,-0.325095,0.071144,0.010694,0.073584,-0.1474,0.183666
66112,,,,,,,,,,,0.396165,-0.082613,0.140866,0.236947,-0.365373,0.053136,0.018767,0.06165,-0.296171,-0.013233,-0.127674,0.135907,-0.057257,0.158884
50178,,,,,,,,,,,0.399657,-0.050883,0.147726,0.234586,-0.351209,0.042199,,0.054813,-0.29567,0.247115,0.014241,0.092326,-0.00238,0.139404
157436,,0.197657,-0.291447,0.022185,-0.479888,0.376378,0.066524,-0.008757,0.015982,0.004134,0.387645,-0.161361,0.156988,0.237942,-0.375199,0.055854,0.024144,0.109145,-0.296886,0.100023,0.014044,0.119912,-0.082269,0.171544
202791,,,,,,,,,,,0.39167,-0.181917,0.141888,0.238111,-0.373149,0.046759,0.021097,0.10431,-0.327875,0.077504,0.019516,0.083708,-0.100155,0.167105
