id,error,adch_ketC,adch_ketO,adch_carbC,adch_hydO,adch_hydH,adch_fukui_plus_ketC,adch_fukui_minus_ketC,adch_fukui_plus_carbC,adch_fukui_minus_carbC,qtaim_rho_CO_ket,qtaim_lap_CO_ket,qtaim_ell_CO_ket,qtaim_rho_CC_new,qtaim_lap_CC_new,qtaim_ell_CC_new,qtaim_rho_HB,ald_adch_CHO_C,ald_adch_CHO_O,ald_adch_fukui_plus_CHO_C,ald_adch_fukui_minus_CHO_C,ald_adch_fukui_minus_CHO_O,ald_qtaim_lap_CO,ald_qtaim_ell_CO
73514,,,,,,,,,,,0.400712,-0.093478,0.116365,0.238426,-0.387334,0.023526,,0.044304,-0.340453,0.066326,0.002854,0.048899,-0.212546,0.117637
61599,,0.07905,-0.244855,0.024614,-0.482308,0.408085,0.059501,-0.009398,0.002254,-0.0027,0.401158,-0.027785,0.148131,0.230111,-0.331211,0.048251,,0.150762,-0.314524,0.060959,0.02879,0.071316,-0.052791,0.175697
46374,,0.194201,-0.276807,-0.017828,-0.477227,0.424665,0.024664,1.6e-05,-0.002138,-0.003182,0.397753,-0.064031,0.135364,0.241139,-0.385892,0.044412,,0.098278,-0.26803,0.059532,0.003146,0.016093,0.013241,0.149214
30783,,0.157399,-0.349063,0.016141,-0.496368,0.418726,0.062351,0.153917,0.032099,-0.015317,0.397249,-0.170764,0.142383,0.236221,-0.363082,0.046554,0.019381,0.102633,-0.301654,0.10154,0.024343,0.124465,-0.07638,0.164381
172772,,0.134777,-0.292005,0.077466,-0.50442,0.412121,-0.016774,-0.031079,0.061271,0.046788,0.397515,-0.160034,0.146812,0.238332,-0.371361,0.056093,,0.114088,-0.315615,0.055435,0.041013,0.170486,-0.043592,0.157547
