id,error,adch_ketC,adch_ketO,adch_carbC,adch_hydO,adch_hydH,adch_fukui_plus_ketC,adch_fukui_minus_ketC,adch_fukui_plus_carbC,adch_fukui_minus_carbC,qtaim_rho_CO_ket,qtaim_lap_CO_ket,qtaim_ell_CO_ket,qtaim_rho_CC_new,qtaim_lap_CC_new,qtaim_ell_CC_new,qtaim_rho_HB,ald_adch_CHO_C,ald_adch_CHO_O,ald_adch_fukui_plus_CHO_C,ald_adch_fukui_minus_CHO_C,ald_adch_fukui_minus_CHO_O,ald_qtaim_lap_CO,ald_qtaim_ell_CO
204316,,0.155711,-0.405724,0.016005,-0.543165,0.419657,0.057346,,-0.004936,,0.385698,-0.29164,0.160187,0.233754,-0.355018,0.051531,0.024772,0.008036,-0.338187,0.040665,0.018141,0.079143,-0.193702,0.196892
172544,,0.250781,-0.306905,-0.001587,-0.511495,0.423707,0.066642,0.032779,0.003358,-0.004118,0.397411,-0.164837,0.168041,0.23572,-0.361905,0.046378,,0.088339,-0.298323,0.086524,0.024714,0.113392,-0.087173,0.179436
7614,,0.121901,-0.280258,0.024418,-0.445438,0.311237,0.042265,0.046252,-0.014192,0.017131,0.395891,-0.090937,0.148179,0.226699,-0.314462,0.04379,,0.114019,-0.340937,0.021474,0.038439,0.141799,-0.130371,0.152716
41048,,,,,,,,,,,0.397792,-0.090542,0.143179,0.235182,-0.356274,0.049928,,0.210764,-0.401958,0.102219,0.01086,0.01838,-0.107115,0.165159
68523,,,,,,,,,,,0.392775,-0.194995,0.136374,0.238153,-0.374851,0.049655,0.021966,0.103526,-0.33256,0.052306,0.019891,0.075106,-0.113366,0.158083
