id,error,adch_ketC,adch_ketO,adch_carbC,adch_hydO,adch_hydH,adch_fukui_plus_ketC,adch_fukui_minus_ketC,adch_fukui_plus_carbC,adch_fukui_minus_carbC,qtaim_rho_CO_ket,qtaim_lap_CO_ket,qtaim_ell_CO_ket,qtaim_rho_CC_new,qtaim_lap_CC_new,qtaim_ell_CC_new,qtaim_rho_HB,ald_adch_CHO_C,ald_adch_CHO_O,ald_adch_fukui_plus_CHO_C,ald_adch_fukui_minus_CHO_C,ald_adch_fukui_minus_CHO_O,ald_qtaim_lap_CO,ald_qtaim_ell_CO
75178,,0.197446,-0.299432,0.016222,-0.509493,0.418468,0.106037,0.036142,0.006294,0.005759,0.399892,-0.166042,0.161885,0.234581,-0.35472,0.049511,,0.101366,-0.292534,0.117248,0.056855,0.200943,-0.088256,0.176704
217230,,0.183421,-0.354097,0.058755,-0.508269,0.409072,0.014427,-0.050146,0.056271,0.00225,0.388741,-0.216295,0.151757,0.237342,-0.368856,0.050892,0.020794,0.04634,-0.348403,-0.003555,-0.101266,0.146132,-0.146642,0.178189
172735,,0.209552,-0.317093,0.002994,-0.523925,0.428435,0.085077,0.019388,-0.002913,-0.001228,0.397902,-0.139419,0.129167,0.24018,-0.384135,0.04875,,0.106837,-0.297367,0.102349,0.033836,0.119292,-0.032449,0.139804
128155,,,,,,,,,,,0.394949,-0.13782,0.131182,0.236926,-0.367053,0.055378,0.018398,0.10365,-0.338361,0.090086,-0.031582,0.117136,-0.115405,0.159686
7808,,0.15909,-0.364563,0.093147,-0.511184,0.410025,0.062763,0.07551,0.037859,0.02845,0.388223,-0.189377,0.137234,0.237327,-0.369467,0.047285,0.022014,0.10277,-0.334313,0.057084,0.024795,0.099038,-0.104159,0.166095
