id,error,adch_ketC,adch_ketO,adch_carbC,adch_hydO,adch_hydH,adch_fukui_plus_ketC,adch_fukui_minus_ketC,adch_fukui_plus_carbC,adch_fukui_minus_carbC,qtaim_rho_CO_ket,qtaim_lap_CO_ket,qtaim_ell_CO_ket,qtaim_rho_CC_new,qtaim_lap_CC_new,qtaim_ell_CC_new,qtaim_rho_HB,ald_adch_CHO_C,ald_adch_CHO_O,ald_adch_fukui_plus_CHO_C,ald_adch_fukui_minus_CHO_C,ald_adch_fukui_minus_CHO_O,ald_qtaim_lap_CO,ald_qtaim_ell_CO
63881,,,,,,,,,,,0.397637,-0.092992,0.136185,0.242298,-0.390277,0.05161,0.019174,0.101774,-0.293106,0.021465,0.007489,0.06722,0.015097,0.150481
45630,,,,,,,,,,,0.394957,-0.108892,0.131021,0.240873,-0.381528,0.050684,0.020272,0.097222,-0.309523,0.044196,-4e-05,0.046813,-0.029815,0.158474
85057,,,,,,,,,,,0.396705,-0.122753,0.129101,0.239458,-0.37764,0.040449,,0.040554,-0.288937,0.074003,0.029406,0.093095,-0.009778,0.150975
58746,,0.198381,-0.339478,-0.010391,-0.512894,0.404201,0.062307,-0.001048,-0.000609,0.003531,0.395801,-0.111054,0.12676,0.24293,-0.394503,0.044082,,0.100293,-0.309442,0.085799,0.025005,0.127686,-0.020256,0.150016
33162,,,,,,,0.049486,0.016508,0.004375,0.014409,0.39601,-0.11298,0.132353,0.23947,-0.376047,0.044641,,0.091903,-0.314477,0.089092,0.025622,0.109241,-0.023772,0.150952
