id,error,adch_ketC,adch_ketO,adch_carbC,adch_hydO,adch_hydH,adch_fukui_plus_ketC,adch_fukui_minus_ketC,adch_fukui_plus_carbC,adch_fukui_minus_carbC,qtaim_rho_CO_ket,qtaim_lap_CO_ket,qtaim_ell_CO_ket,qtaim_rho_CC_new,qtaim_lap_CC_new,qtaim_ell_CC_new,qtaim_rho_HB,ald_adch_CHO_C,ald_adch_CHO_O,ald_adch_fukui_plus_CHO_C,ald_adch_fukui_minus_CHO_C,ald_adch_fukui_minus_CHO_O,ald_qtaim_lap_CO,ald_qtaim_ell_CO
3355,,0.197658,-0.335267,-0.018672,-0.511516,0.408744,0.055612,0.022634,0.011935,0.008667,0.392659,-0.239935,0.164681,0.233419,-0.349918,0.048735,,0.086499,-0.333315,0.062785,0.028536,0.127827,-0.16405,0.184143
2792,,0.24267,-0.346772,0.062658,-0.507043,0.428598,0.05403,0.117975,0.010958,0.013308,0.396196,-0.136462,0.152055,0.236669,-0.364733,0.049193,0.018712,0.113693,-0.30632,0.028138,0.060404,0.204336,-0.061451,0.171993
205900,,,,,,,,,,,0.390543,-0.20649,0.150861,0.23839,-0.376954,0.049331,0.018744,0.100346,-0.331678,0.065893,0.006241,0.070558,-0.133765,0.187814
52427,,,,,,,,,,,0.388827,-0.142964,0.138592,0.235679,-0.358213,0.053049,0.018078,0.072364,-0.366409,0.087429,0.015182,0.09181,-0.131042,0.163373
173154,,0.180305,-0.306121,0.011521,-0.516876,0.422004,0.020576,-0.016499,-0.00059,0.008565,0.399163,-0.119176,0.141589,0.239648,-0.379029,0.052223,,0.10409,-0.288466,0.062948,0.032557,0.129571,-0.033251,0.154198
