id,error,adch_ketC,adch_ketO,adch_carbC,adch_hydO,adch_hydH,adch_fukui_plus_ketC,adch_fukui_minus_ketC,adch_fukui_plus_carbC,adch_fukui_minus_carbC,qtaim_rho_CO_ket,qtaim_lap_CO_ket,qtaim_ell_CO_ket,qtaim_rho_CC_new,qtaim_lap_CC_new,qtaim_ell_CC_new,qtaim_rho_HB,ald_adch_CHO_C,ald_adch_CHO_O,ald_adch_fukui_plus_CHO_C,ald_adch_fukui_minus_CHO_C,ald_adch_fukui_minus_CHO_O,ald_qtaim_lap_CO,ald_qtaim_ell_CO
93999,,,,,,,,,,,0.397403,-0.118866,0.143374,0.232854,-0.344315,0.065277,0.018407,0.213016,-0.349083,0.099111,0.056913,0.11217,-0.081639,0.147928
154647,,0.208885,-0.395707,-0.135293,-0.531721,0.485667,,,,,0.395601,-0.069583,0.142697,0.235084,-0.35584,0.051372,0.018932,0.111305,-0.297096,0.049856,0.020803,0.100134,-0.053681,0.160026
22503,,0.188678,-0.33493,-0.014703,-0.520008,0.405087,0.176664,0.01405,0.013319,0.01027,0.395228,-0.114914,0.128116,0.239684,-0.376956,0.046578,0.018559,0.176378,-0.347304,0.250936,0.120464,0.086266,-0.022727,0.150664
107891,,,,,,,,,,,0.398923,-0.062159,0.145,0.232702,-0.341771,0.057431,,0.158943,-0.33936,0.073688,0.034635,0.068675,-0.070026,0.15734
94738,,0.203345,-0.346805,0.02919,-0.531599,0.424688,0.054415,-0.005933,0.006696,0.001025,0.389973,-0.184959,0.142161,0.240691,-0.387691,0.051847,0.019926,0.099969,-0.337067,0.066836,0.014996,0.057923,-0.115656,0.161722
