id,error,adch_ketC,adch_ketO,adch_carbC,adch_hydO,adch_hydH,adch_fukui_plus_ketC,adch_fukui_minus_ketC,adch_fukui_plus_carbC,adch_fukui_minus_carbC,qtaim_rho_CO_ket,qtaim_lap_CO_ket,qtaim_ell_CO_ket,qtaim_rho_CC_new,qtaim_lap_CC_new,qtaim_ell_CC_new,qtaim_rho_HB,ald_adch_CHO_C,ald_adch_CHO_O,ald_adch_fukui_plus_CHO_C,ald_adch_fukui_minus_CHO_C,ald_adch_fukui_minus_CHO_O,ald_qtaim_lap_CO,ald_qtaim_ell_CO
125663,,,,,,,,,,,0.392306,-0.12097,0.128041,0.236718,-0.361409,0.056521,,0.177239,-0.393234,0.090905,0.039128,0.054548,-0.208504,0.161616
160262,,,,,,,,,,,0.391964,-0.175342,0.144365,0.23513,-0.358211,0.047457,0.021467,0.103355,-0.319658,0.094126,0.03161,0.114405,-0.094991,0.169134
95856,,,,,,,,,,,0.396311,-0.104427,0.134642,0.236456,-0.364685,0.050188,0.01869,0.023343,-0.322102,0.074634,0.026187,0.014718,-0.045397,0.159754
55948,,0.214254,-0.309575,0.097145,-0.494787,0.408468,0.051738,0.005335,0.043018,0.01944,0.39763,-0.122552,0.152932,0.238029,-0.371843,0.051053,0.019687,0.112531,-0.295306,0.07914,0.046276,0.15757,-0.042503,0.162907
36907,,,,,,,0.030808,-0.045102,0.024987,0.033835,0.390108,-0.224056,0.142059,0.239199,-0.379534,0.050168,0.024291,0.034699,-0.333169,0.039213,-0.038609,0.100551,-0.108771,0.160898
