id,error,adch_ketC,adch_ketO,adch_carbC,adch_hydO,adch_hydH,adch_fukui_plus_ketC,adch_fukui_minus_ketC,adch_fukui_plus_carbC,adch_fukui_minus_carbC,qtaim_rho_CO_ket,qtaim_lap_CO_ket,qtaim_ell_CO_ket,qtaim_rho_CC_new,qtaim_lap_CC_new,qtaim_ell_CC_new,qtaim_rho_HB,ald_adch_CHO_C,ald_adch_CHO_O,ald_adch_fukui_plus_CHO_C,ald_adch_fukui_minus_CHO_C,ald_adch_fukui_minus_CHO_O,ald_qtaim_lap_CO,ald_qtaim_ell_CO
11437,,0.207335,-0.322265,0.129996,-0.493207,0.397331,0.027013,-0.002346,0.055715,0.035571,0.393724,-0.139881,0.147105,0.23806,-0.372506,0.050747,0.021204,0.107147,-0.312046,0.063193,0.042641,0.155278,-0.062228,0.163322
116598,,,,,,,,,,,0.389895,-0.164777,0.133343,0.237343,-0.368954,0.048555,0.022107,0.108046,-0.327582,0.081518,0.025188,0.093382,-0.081652,0.159557
15757,,,,,,,,,,,0.389035,-0.225273,0.142024,0.239649,-0.381382,0.050679,0.023609,0.09945,-0.346117,0.071666,0.02182,0.09743,-0.144041,0.168822
154318,,0.236675,-0.322051,-0.060701,-0.405484,0.314566,0.063634,0.018588,-0.012285,0.011401,0.392202,-0.146271,0.13598,0.233587,-0.350671,0.04639,0.022086,0.099989,-0.304519,0.050464,0.04123,0.133671,-0.068644,0.163896
44437,,,,,,,0.039095,0.003096,0.003755,0.005118,0.385656,-0.247984,0.142795,0.237485,-0.372141,0.050356,0.024738,0.076902,-0.363089,0.002141,0.018525,0.138334,-0.174491,0.171191
