id,error,adch_ketC,adch_ketO,adch_carbC,adch_hydO,adch_hydH,adch_fukui_plus_ketC,adch_fukui_minus_ketC,adch_fukui_plus_carbC,adch_fukui_minus_carbC,qtaim_rho_CO_ket,qtaim_lap_CO_ket,qtaim_ell_CO_ket,qtaim_rho_CC_new,qtaim_lap_CC_new,qtaim_ell_CC_new,qtaim_rho_HB,ald_adch_CHO_C,ald_adch_CHO_O,ald_adch_fukui_plus_CHO_C,ald_adch_fukui_minus_CHO_C,ald_adch_fukui_minus_CHO_O,ald_qtaim_lap_CO,ald_qtaim_ell_CO
26922,,0.203351,-0.35714,-0.014234,-0.519256,0.4116,0.133662,0.009144,0.012177,0.008283,0.394543,-0.11788,0.119969,0.241702,-0.38668,0.049967,0.018236,0.095733,-0.311301,0.146843,0.033536,0.167762,-0.022134,0.154888
100694,,,,,,,,,,,0.396742,-0.084165,0.144384,0.244795,-0.398904,0.051662,,-0.312663,-0.157439,-0.04499,-0.061642,0.089922,0.003188,0.139166
87803,,,,,,,,,,,0.396655,-0.111865,0.130516,0.239324,-0.375691,0.045189,,0.095599,-0.308734,0.066422,0.008051,0.034152,-0.030441,0.153755
68250,,0.12574,-0.475222,-0.035606,-0.507745,0.392849,0.028385,0.037675,-0.001663,0.020455,0.38699,-0.543766,0.076141,0.231714,-0.343295,0.026733,,0.108034,-0.312512,-0.002068,-0.084075,0.148748,-0.008643,0.152662
16793,,0.195404,-0.331232,-0.014917,-0.501464,0.399637,0.099113,0.015967,0.005225,0.008367,0.395018,-0.11337,0.124485,0.235191,-0.360412,0.023953,,0.043951,-0.280167,-0.090947,-0.320988,0.226047,0.008535,0.147364
