id,error,adch_ketC,adch_ketO,adch_carbC,adch_hydO,adch_hydH,adch_fukui_plus_ketC,adch_fukui_minus_ketC,adch_fukui_plus_carbC,adch_fukui_minus_carbC,qtaim_rho_CO_ket,qtaim_lap_CO_ket,qtaim_ell_CO_ket,qtaim_rho_CC_new,qtaim_lap_CC_new,qtaim_ell_CC_new,qtaim_rho_HB,ald_adch_CHO_C,ald_adch_CHO_O,ald_adch_fukui_plus_CHO_C,ald_adch_fukui_minus_CHO_C,ald_adch_fukui_minus_CHO_O,ald_qtaim_lap_CO,ald_qtaim_ell_CO
87206,,0.205264,-0.345961,0.07849,-0.500688,0.401633,0.035765,-0.006949,0.039834,0.024217,0.39312,-0.191086,0.141364,0.239889,-0.382734,0.050358,0.021371,0.127397,-0.345215,0.06414,0.035148,0.122823,-0.107885,0.162848
212488,,,,,,,,,,,0.388362,-0.198738,0.136428,0.239309,-0.380195,0.050333,0.020916,0.104071,-0.350249,0.107992,0.022942,0.105088,-0.130699,0.169592
99173,,,,,,,,,,,0.399876,-0.061997,0.12939,0.233379,-0.348104,0.020798,,0.009024,-0.290252,0.046765,-0.001717,0.042562,-0.061429,0.140237
44186,,0.24396,-0.307968,0.034478,-0.496532,0.408282,0.041629,-0.008749,-0.017623,-0.006103,0.40075,-0.066107,0.141193,0.237686,-0.369419,0.043778,,0.110802,-0.271583,0.04154,0.02201,0.136005,0.0342,0.163454
54929,,,,,,,,,,,0.389788,-0.169584,0.135095,0.237775,-0.37118,0.047616,0.021945,0.099204,-0.348016,0.070114,0.024064,0.117774,-0.085904,0.163433
