id,error,adch_ketC,adch_ketO,adch_carbC,adch_hydO,adch_hydH,adch_fukui_plus_ketC,adch_fukui_minus_ketC,adch_fukui_plus_carbC,adch_fukui_minus_carbC,qtaim_rho_CO_ket,qtaim_lap_CO_ket,qtaim_ell_CO_ket,qtaim_rho_CC_new,qtaim_lap_CC_new,qtaim_ell_CC_new,qtaim_rho_HB,ald_adch_CHO_C,ald_adch_CHO_O,ald_adch_fukui_plus_CHO_C,ald_adch_fukui_minus_CHO_C,ald_adch_fukui_minus_CHO_O,ald_qtaim_lap_CO,ald_qtaim_ell_CO
191720,,0.212228,-0.340274,0.064731,-0.587728,0.486106,0.017582,-0.017691,-0.005674,-0.01046,0.399463,-0.080962,0.152074,0.231477,-0.336753,0.058197,0.019542,0.091703,-0.298749,0.101551,0.006132,0.07034,-0.077652,0.16106
137682,,,,,,,,,,,0.393623,-0.168235,0.143541,0.236991,-0.366473,0.048061,0.021078,0.095481,-0.315011,0.076217,0.006096,0.131172,-0.08384,0.169076
106716,,,,,,,,,,,0.38317,-0.275053,0.144802,0.236374,-0.366339,0.052469,0.025584,-0.017823,-0.320302,0.041423,0.002588,0.070535,-0.177267,0.167311
13888,,,,,,,,,,,0.385668,-0.191558,0.13679,0.231713,-0.340792,0.051406,,0.158193,-0.349516,0.089166,0.003057,0.056836,-0.18832,0.144601
126210,,0.200888,-0.359608,0.053007,-0.499718,0.423164,0.097061,0.080391,0.027608,0.029737,0.393333,-0.140108,0.138974,0.237179,-0.367586,0.046901,0.02083,0.10899,-0.306678,0.067184,0.05012,0.156825,-0.054894,0.161371
