id,error,adch_ketC,adch_ketO,adch_carbC,adch_hydO,adch_hydH,adch_fukui_plus_ketC,adch_fukui_minus_ketC,adch_fukui_plus_carbC,adch_fukui_minus_carbC,qtaim_rho_CO_ket,qtaim_lap_CO_ket,qtaim_ell_CO_ket,qtaim_rho_CC_new,qtaim_lap_CC_new,qtaim_ell_CC_new,qtaim_rho_HB,ald_adch_CHO_C,ald_adch_CHO_O,ald_adch_fukui_plus_CHO_C,ald_adch_fukui_minus_CHO_C,ald_adch_fukui_minus_CHO_O,ald_qtaim_lap_CO,ald_qtaim_ell_CO
24448,,0.223557,-0.394724,0.120344,-0.512685,0.420521,0.07785,0.034555,0.038524,0.018032,0.387035,-0.209528,0.135205,0.237525,-0.370578,0.047449,0.023576,0.099539,-0.343732,0.077553,0.027213,0.118029,-0.122944,0.166667
135089,,,,,,,,,,,0.392268,-0.1856,0.149286,0.236245,-0.363602,0.04707,0.020973,0.086212,-0.329611,0.089316,0.038925,0.099629,-0.118821,0.175846
215735,,,,,,,,,,,0.38649,-0.21491,0.133228,0.237478,-0.370556,0.047658,0.023675,0.099478,-0.342866,0.071002,0.006883,0.047401,-0.120764,0.166733
219518,,0.233074,-0.340523,-0.050703,-0.452289,0.362398,0.086028,3.8e-05,-0.078872,-0.029933,0.392165,-0.167714,0.133069,0.241363,-0.388486,0.061773,0.019306,0.105834,-0.307091,0.094907,0.017195,0.090185,-0.036953,0.144376
83122,,0.220291,-0.380907,0.12486,-0.511705,0.417703,0.070744,0.016523,0.033255,0.040145,0.389388,-0.200226,0.138788,0.237514,-0.369924,0.047074,0.022654,0.101722,-0.337948,0.069299,0.022387,0.101789,-0.117247,0.165965
