id,error,adch_ketC,adch_ketO,adch_carbC,adch_hydO,adch_hydH,adch_fukui_plus_ketC,adch_fukui_minus_ketC,adch_fukui_plus_carbC,adch_fukui_minus_carbC,qtaim_rho_CO_ket,qtaim_lap_CO_ket,qtaim_ell_CO_ket,qtaim_rho_CC_new,qtaim_lap_CC_new,qtaim_ell_CC_new,qtaim_rho_HB,ald_adch_CHO_C,ald_adch_CHO_O,ald_adch_fukui_plus_CHO_C,ald_adch_fukui_minus_CHO_C,ald_adch_fukui_minus_CHO_O,ald_qtaim_lap_CO,ald_qtaim_ell_CO
128378,,0.156094,-0.332452,-0.020876,-0.558652,0.45895,-0.019339,-0.027998,-0.025276,-0.018229,0.395966,-0.071806,0.133407,0.231628,-0.341054,0.052368,0.020333,0.103332,-0.326388,0.06438,0.039462,0.145957,-0.082532,0.157389
172665,,0.196498,-0.272854,-0.034745,-0.36595,0.309924,0.047364,-0.048302,0.026083,0.024282,0.398519,-0.055037,0.142017,0.233214,-0.346317,0.055651,,0.101507,-0.288212,0.078908,0.038421,0.145881,-0.040893,0.161194
64577,,,,,,,,,,,0.389303,-0.221206,0.15424,0.233291,-0.351413,0.048436,0.021631,0.08952,-0.33508,0.050276,0.021825,0.100586,-0.150407,0.181293
127921,,,,,,,,,,,0.394205,-0.153753,0.145596,0.238192,-0.372064,0.047454,0.020404,0.078533,-0.312266,0.028467,0.059491,0.109882,-0.073149,0.166814
141150,,0.204184,-0.27393,0.087259,-0.509248,0.401831,0.061294,0.006514,0.013528,0.030017,0.397366,-0.080113,0.147495,0.231332,-0.33672,0.051301,0.019529,0.101168,-0.305937,0.087025,0.023663,0.154032,-0.086879,0.168112
