id,error,adch_ketC,adch_ketO,adch_carbC,adch_hydO,adch_hydH,adch_fukui_plus_ketC,adch_fukui_minus_ketC,adch_fukui_plus_carbC,adch_fukui_minus_carbC,qtaim_rho_CO_ket,qtaim_lap_CO_ket,qtaim_ell_CO_ket,qtaim_rho_CC_new,qtaim_lap_CC_new,qtaim_ell_CC_new,qtaim_rho_HB,ald_adch_CHO_C,ald_adch_CHO_O,ald_adch_fukui_plus_CHO_C,ald_adch_fukui_minus_CHO_C,ald_adch_fukui_minus_CHO_O,ald_qtaim_lap_CO,ald_qtaim_ell_CO
95661,,,,,,,,,,,0.399329,-0.131597,0.143609,0.230192,-0.335483,0.045351,,0.126317,-0.329026,0.058924,0.015974,0.015871,-0.023366,0.160372
107399,,,,,,,,,,,0.392429,-0.163933,0.125304,0.236444,-0.365386,0.048849,0.021677,0.126878,-0.337019,0.119734,0.027601,0.073825,-0.082982,0.160776
152556,,0.598452,-0.400593,-0.236023,-0.480274,0.417592,0.155517,0.11859,-0.051713,-0.110839,0.400227,-0.061221,0.15265,0.232177,-0.342414,0.0433,,0.109993,-0.314864,0.087657,0.025706,0.113178,-0.082228,0.16681
209506,,0.196965,-0.373041,-0.004393,-0.503122,0.403924,0.084316,-0.005253,-0.007802,-0.005171,0.393986,-0.198721,0.151136,0.238237,-0.379664,0.046796,,0.159449,-0.369111,0.112299,-0.007068,0.148962,-0.111277,0.167625
38558,,0.217312,-0.343851,0.015231,-0.490173,0.392211,,,,,0.395811,-0.119944,0.122188,0.227239,-0.317518,0.045474,,0.066565,-0.275833,0.074614,0.048798,0.054657,0.035981,0.148498
