id,error,adch_ketC,adch_ketO,adch_carbC,adch_hydO,adch_hydH,adch_fukui_plus_ketC,adch_fukui_minus_ketC,adch_fukui_plus_carbC,adch_fukui_minus_carbC,qtaim_rho_CO_ket,qtaim_lap_CO_ket,qtaim_ell_CO_ket,qtaim_rho_CC_new,qtaim_lap_CC_new,qtaim_ell_CC_new,qtaim_rho_HB,ald_adch_CHO_C,ald_adch_CHO_O,ald_adch_fukui_plus_CHO_C,ald_adch_fukui_minus_CHO_C,ald_adch_fukui_minus_CHO_O,ald_qtaim_lap_CO,ald_qtaim_ell_CO
65995,,,,,,,,,,,0.394764,-0.14354,0.147011,0.237892,-0.370539,0.047152,0.020271,0.114746,-0.305529,0.069367,0.024557,0.091812,-0.066322,0.16816
87263,,,,,,,,,,,0.391114,-0.178959,0.139225,0.239265,-0.378476,0.047186,0.02101,0.033527,-0.344747,-0.007343,-0.007849,0.057208,-0.092126,0.15987
45986,,,,,,,,,,,0.394901,-0.128351,0.131077,0.245198,-0.404573,0.056346,,0.098632,-0.29782,0.020916,-0.009636,0.048575,0.000878,0.118116
78190,,,,,,,,,,,0.397777,-0.114519,0.127554,0.239073,-0.382173,0.031763,,0.052065,-0.32704,0.04541,0.034158,0.111263,-0.181349,0.13741
83839,,0.209249,-0.317119,0.061828,-0.478895,0.385479,0.064381,-0.007526,0.03364,0.0147,0.396699,-0.15315,0.148792,0.238367,-0.373783,0.052319,0.020593,0.126595,-0.300706,0.074961,0.032012,0.098171,-0.066019,0.162659
