id,error,adch_ketC,adch_ketO,adch_carbC,adch_hydO,adch_hydH,adch_fukui_plus_ketC,adch_fukui_minus_ketC,adch_fukui_plus_carbC,adch_fukui_minus_carbC,qtaim_rho_CO_ket,qtaim_lap_CO_ket,qtaim_ell_CO_ket,qtaim_rho_CC_new,qtaim_lap_CC_new,qtaim_ell_CC_new,qtaim_rho_HB,ald_adch_CHO_C,ald_adch_CHO_O,ald_adch_fukui_plus_CHO_C,ald_adch_fukui_minus_CHO_C,ald_adch_fukui_minus_CHO_O,ald_qtaim_lap_CO,ald_qtaim_ell_CO
132459,,,,,,,,,,,0.394273,-0.137978,0.125142,0.235571,-0.359044,0.043815,,-0.09667,-0.283422,0.084552,-0.033332,0.113253,-0.13544,0.17027
25050,,0.228108,-0.337114,-0.00289,-0.462308,0.367407,0.034491,0.014979,0.012299,0.024756,0.393563,-0.155085,0.135237,0.238195,-0.374437,0.054737,0.018058,0.1048,-0.330369,0.058824,0.040921,0.158332,-0.102962,0.155304
187503,,,,,,,,,,,0.390985,-0.143675,0.167653,0.230169,-0.343656,0.030984,,0.049978,-0.332356,-0.014131,-0.038389,0.086754,-0.145766,0.170543
94332,,,,,,,,,,,0.389317,-0.222441,0.147894,0.235445,-0.359889,0.048905,0.022115,0.101722,-0.353178,0.075628,0.02581,0.117807,-0.155006,0.174881
176299,,0.192781,-0.33723,0.127963,-0.491238,0.393068,0.05376,-0.028847,0.063861,0.046762,0.394223,-0.182586,0.138803,0.238337,-0.375399,0.049576,0.021005,0.102013,-0.327971,0.070219,0.026579,0.121759,-0.111277,0.160313
