id,error,adch_ketC,adch_ketO,adch_carbC,adch_hydO,adch_hydH,adch_fukui_plus_ketC,adch_fukui_minus_ketC,adch_fukui_plus_carbC,adch_fukui_minus_carbC,qtaim_rho_CO_ket,qtaim_lap_CO_ket,qtaim_ell_CO_ket,qtaim_rho_CC_new,qtaim_lap_CC_new,qtaim_ell_CC_new,qtaim_rho_HB,ald_adch_CHO_C,ald_adch_CHO_O,ald_adch_fukui_plus_CHO_C,ald_adch_fukui_minus_CHO_C,ald_adch_fukui_minus_CHO_O,ald_qtaim_lap_CO,ald_qtaim_ell_CO
36530,,,,,,,,,,,0.398598,-0.080057,0.153031,0.238112,-0.370532,0.056579,,0.102257,-0.303573,0.083705,0.018874,0.087806,-0.080896,0.174446
73852,,,,,,,,,,,0.397085,-0.138002,0.137076,0.23715,-0.367282,0.054023,,0.182251,-0.360815,0.122203,0.014827,0.069897,-0.056235,0.149536
33916,,0.201191,-0.328731,0.111311,-0.493383,0.398723,0.091487,-0.017584,0.063858,0.027474,0.39604,-0.177796,0.144887,0.238708,-0.376527,0.050119,0.020767,0.103762,-0.315465,0.093638,0.031948,0.140936,-0.099065,0.163869
162793,,,,,,,,,,,0.395165,-0.118881,0.143216,0.235752,-0.358094,0.051812,,0.146125,-0.345927,0.100421,0.027898,0.087517,-0.064386,0.159731
187514,,0.173583,-0.345436,-0.009607,-0.497678,0.406988,0.070369,0.000512,-0.002412,-0.001584,0.392979,-0.177897,0.141276,0.239341,-0.379912,0.051602,0.019701,0.028898,-0.319583,0.056312,-0.015853,0.082558,-0.116007,0.152885
