id,error,adch_ketC,adch_ketO,adch_carbC,adch_hydO,adch_hydH,adch_fukui_plus_ketC,adch_fukui_minus_ketC,adch_fukui_plus_carbC,adch_fukui_minus_carbC,qtaim_rho_CO_ket,qtaim_lap_CO_ket,qtaim_ell_CO_ket,qtaim_rho_CC_new,qtaim_lap_CC_new,qtaim_ell_CC_new,qtaim_rho_HB,ald_adch_CHO_C,ald_adch_CHO_O,ald_adch_fukui_plus_CHO_C,ald_adch_fukui_minus_CHO_C,ald_adch_fukui_minus_CHO_O,ald_qtaim_lap_CO,ald_qtaim_ell_CO
201663,,,,,,,,,,,0.392671,-0.158032,0.138592,0.235202,-0.358029,0.051172,0.02035,0.107719,-0.327123,0.109785,0.014308,0.080017,-0.091755,0.159024
197523,,,,,,,,,,,0.390775,-0.16276,0.136742,0.237335,-0.368865,0.047512,0.021456,0.106512,-0.320207,0.066115,0.035738,0.121424,-0.076391,0.162911
209479,,,,,,,,,,,0.400036,-0.217613,0.143499,0.241158,-0.381757,0.044658,0.021506,0.130791,-0.309906,0.078578,0.029979,0.069938,-0.115111,0.162762
79854,,0.199512,-0.329457,-0.016258,-0.510797,0.416955,0.055771,0.009434,-0.000925,0.007656,0.398626,-0.088787,0.135284,0.236222,-0.363808,0.020038,,0.089821,-0.296414,0.077885,0.018034,0.065788,0.003156,0.159253
123724,,0.185148,-0.368672,0.22123,-0.49619,0.397818,0.098078,0.109395,0.27489,0.09522,0.386461,-0.255458,0.165732,0.235342,-0.359693,0.051015,0.022134,0.091085,-0.341272,0.074822,0.023236,0.115807,-0.175626,0.190932
