id,error,adch_ketC,adch_ketO,adch_carbC,adch_hydO,adch_hydH,adch_fukui_plus_ketC,adch_fukui_minus_ketC,adch_fukui_plus_carbC,adch_fukui_minus_carbC,qtaim_rho_CO_ket,qtaim_lap_CO_ket,qtaim_ell_CO_ket,qtaim_rho_CC_new,qtaim_lap_CC_new,qtaim_ell_CC_new,qtaim_rho_HB,ald_adch_CHO_C,ald_adch_CHO_O,ald_adch_fukui_plus_CHO_C,ald_adch_fukui_minus_CHO_C,ald_adch_fukui_minus_CHO_O,ald_qtaim_lap_CO,ald_qtaim_ell_CO
188809,,0.212719,-0.315595,0.113907,-0.481159,0.387796,0.020548,0.015995,0.051478,0.057805,0.394544,-0.130493,0.148261,0.238369,-0.373707,0.051132,0.020609,0.117516,-0.317131,0.036532,0.050855,0.154591,-0.054106,0.160469
51470,,0.328921,-0.409161,-0.075892,-0.455383,0.424805,0.05118,0.032008,-0.07233,-0.068965,0.394459,-0.099361,0.139822,0.235222,-0.355572,0.053477,0.017882,0.106244,-0.310242,0.060002,0.034677,0.133808,-0.056257,0.165297
207140,,0.205098,-0.372262,0.024658,-0.534877,0.401089,0.044068,-0.000377,0.001585,0.00575,0.388507,-0.241148,0.149733,0.237323,-0.373782,0.050235,0.020564,0.303563,-0.460929,-0.006375,-0.127784,0.177134,-0.165287,0.176502
17848,,0.216653,-0.349288,0.014973,-0.521402,0.395256,0.110029,0.023991,0.010361,-0.002268,0.388438,-0.177327,0.132936,0.238333,-0.373773,0.048851,0.023506,0.107587,-0.327142,0.108209,0.007557,0.132785,-0.093704,0.162847
111210,,0.205146,-0.30647,0.051154,-0.524791,0.444803,0.087644,0.026421,0.035502,0.01478,0.396741,-0.126834,0.133434,0.243869,-0.400569,0.050459,,0.10754,-0.29667,0.077737,0.029346,0.099362,-0.02966,0.148242
