id,error,adch_ketC,adch_ketO,adch_carbC,adch_hydO,adch_hydH,adch_fukui_plus_ketC,adch_fukui_minus_ketC,adch_fukui_plus_carbC,adch_fukui_minus_carbC,qtaim_rho_CO_ket,qtaim_lap_CO_ket,qtaim_ell_CO_ket,qtaim_rho_CC_new,qtaim_lap_CC_new,qtaim_ell_CC_new,qtaim_rho_HB,ald_adch_CHO_C,ald_adch_CHO_O,ald_adch_fukui_plus_CHO_C,ald_adch_fukui_minus_CHO_C,ald_adch_fukui_minus_CHO_O,ald_qtaim_lap_CO,ald_qtaim_ell_CO
123492,,,,,,,,,,,0.39622,-0.105405,0.123212,0.241285,-0.383605,0.051472,0.020257,0.104456,-0.304511,0.048646,0.021889,0.08308,-0.000325,0.15085
110162,,0.189302,-0.331888,-0.017642,-0.518444,0.409575,0.078483,0.014577,0.005842,0.012173,0.396409,-0.115364,0.132144,0.239448,-0.376202,0.043529,,0.092635,-0.31293,0.112598,0.0319,0.126361,-0.020755,0.151964
144217,,0.201987,-0.342688,-0.01393,-0.494167,0.393561,0.075357,-0.000342,0.006198,-0.003674,0.395842,-0.150413,0.155292,0.243826,-0.406921,0.044454,,0.153564,-0.326243,0.120068,0.070284,0.0504,-0.028193,0.149279
100399,,,,,,,,,,,0.39235,-0.135586,0.145342,0.246362,-0.404825,0.056525,,-0.067137,-0.249444,0.107116,0.082056,0.026665,-0.002631,0.147913
186220,,0.1886,-0.332619,-0.023465,-0.499093,0.404277,0.16382,0.016253,0.014508,0.029859,0.396286,-0.156799,0.130695,0.244175,-0.400109,0.046309,,0.12742,-0.310343,0.183275,0.049592,0.140568,-0.010045,0.145234
