id,error,adch_ketC,adch_ketO,adch_carbC,adch_hydO,adch_hydH,adch_fukui_plus_ketC,adch_fukui_minus_ketC,adch_fukui_plus_carbC,adch_fukui_minus_carbC,qtaim_rho_CO_ket,qtaim_lap_CO_ket,qtaim_ell_CO_ket,qtaim_rho_CC_new,qtaim_lap_CC_new,qtaim_ell_CC_new,qtaim_rho_HB,ald_adch_CHO_C,ald_adch_CHO_O,ald_adch_fukui_plus_CHO_C,ald_adch_fukui_minus_CHO_C,ald_adch_fukui_minus_CHO_O,ald_qtaim_lap_CO,ald_qtaim_ell_CO
188513,,0.161029,-0.321036,0.018303,-0.496577,0.400895,0.049126,0.010396,-0.007921,0.007187,0.395629,-0.200113,0.160221,0.231495,-0.339775,0.05317,,0.112408,-0.330504,0.059112,-0.074949,0.167428,-0.14313,0.183503
8808,,,,,,,,,,,0.391818,-0.18143,0.141846,0.238897,-0.37677,0.047309,0.02108,0.090666,-0.322167,0.098131,0.083562,0.096466,-0.0946,0.166307
192914,,0.097063,-0.309061,-0.05116,-0.504561,0.453691,0.05706,-0.030937,-0.071965,-0.029055,0.399298,-0.049705,0.149365,0.232595,-0.342649,0.049641,,0.056545,0.13336,0.071297,0.018782,-0.079755,-0.045507,0.169344
154218,,0.183436,-0.366396,0.100384,-0.509375,0.415888,0.067617,0.173317,0.032999,0.067882,0.390089,-0.176993,0.136929,0.237553,-0.369981,0.047983,0.021972,0.104236,-0.328079,0.048813,0.038498,0.137126,-0.092741,0.164409
37398,,,,,,,,,,,0.396644,-0.068619,0.13236,0.235173,-0.358833,0.018193,,-0.071339,-0.226896,-0.014062,-0.068094,0.126277,-0.01017,0.151264
