id,error,adch_ketC,adch_ketO,adch_carbC,adch_hydO,adch_hydH,adch_fukui_plus_ketC,adch_fukui_minus_ketC,adch_fukui_plus_carbC,adch_fukui_minus_carbC,qtaim_rho_CO_ket,qtaim_lap_CO_ket,qtaim_ell_CO_ket,qtaim_rho_CC_new,qtaim_lap_CC_new,qtaim_ell_CC_new,qtaim_rho_HB,ald_adch_CHO_C,ald_adch_CHO_O,ald_adch_fukui_plus_CHO_C,ald_adch_fukui_minus_CHO_C,ald_adch_fukui_minus_CHO_O,ald_qtaim_lap_CO,ald_qtaim_ell_CO
140876,,,,,,,,,,,0.394999,-0.117618,0.143347,0.238137,-0.366401,0.050955,,-0.370662,-0.170784,-0.17507,-0.221911,0.161549,-0.082777,0.161735
60762,,,,,,,,,,,0.393088,-0.190014,0.14403,0.238692,-0.374313,0.047359,,0.087212,-0.336179,0.066431,0.027537,0.100324,-0.116762,0.171293
62393,,,,,,,,,,,0.397706,-0.121026,0.150528,0.237587,-0.36928,0.051943,0.019148,0.258929,-0.379483,0.099128,0.064468,0.037631,-0.049435,0.164574
23246,,0.197773,-0.323904,-0.017554,-0.493955,0.395048,0.132551,-0.005288,0.002823,-0.003095,0.396024,-0.124499,0.139402,0.238132,-0.371071,0.047032,,0.16401,-0.372437,0.112102,0.002941,0.119238,-0.118001,0.168376
166865,,0.186154,-0.338151,-0.015569,-0.517668,0.416307,0.066749,0.013139,0.006792,0.004855,0.394888,-0.096954,0.130494,0.24211,-0.388912,0.049883,,0.096022,-0.311971,0.079939,0.02528,0.103445,-0.014705,0.149683
