id,error,adch_ketC,adch_ketO,adch_carbC,adch_hydO,adch_hydH,adch_fukui_plus_ketC,adch_fukui_minus_ketC,adch_fukui_plus_carbC,adch_fukui_minus_carbC,qtaim_rho_CO_ket,qtaim_lap_CO_ket,qtaim_ell_CO_ket,qtaim_rho_CC_new,qtaim_lap_CC_new,qtaim_ell_CC_new,qtaim_rho_HB,ald_adch_CHO_C,ald_adch_CHO_O,ald_adch_fukui_plus_CHO_C,ald_adch_fukui_minus_CHO_C,ald_adch_fukui_minus_CHO_O,ald_qtaim_lap_CO,ald_qtaim_ell_CO
143479,,0.221461,-0.36178,0.012867,-0.53772,0.425206,0.045968,-0.014024,-0.003455,-0.011073,0.393716,-0.196698,0.136924,0.240004,-0.385854,0.052393,0.018761,0.104663,-0.334074,0.074535,0.028918,0.096763,-0.116709,0.154817
40945,,0.19939,-0.314285,0.128526,-0.477693,0.387172,0.046404,-0.005865,0.059735,0.036657,0.394948,-0.131698,0.146753,0.2382,-0.373031,0.050921,0.020458,0.109665,-0.308511,0.073908,0.045535,0.146719,-0.053102,0.159941
37033,,0.176995,-0.353361,0.060185,-0.507969,0.426811,0.060654,0.048034,0.023168,-0.004136,0.392206,-0.161359,0.140989,0.237819,-0.370837,0.046737,0.021169,0.09636,-0.313023,0.068654,-0.017813,0.157742,-0.077649,0.165194
155046,,0.229702,-0.374775,0.090252,-0.510135,0.417259,0.098844,0.025931,0.048702,0.003373,0.390965,-0.189953,0.141331,0.236932,-0.366789,0.047266,0.022129,0.079836,-0.325314,0.101836,0.050921,0.13347,-0.103138,0.169696
193610,,0.093301,-0.235971,0.01245,-0.475693,0.387936,0.042687,0.043584,-0.032233,-0.004832,0.400782,-0.022147,0.15159,0.226693,-0.317346,0.047358,,0.174369,-0.348859,0.053349,0.048495,0.143819,-0.010965,0.169165
