id,error,adch_ketC,adch_ketO,adch_carbC,adch_hydO,adch_hydH,adch_fukui_plus_ketC,adch_fukui_minus_ketC,adch_fukui_plus_carbC,adch_fukui_minus_carbC,qtaim_rho_CO_ket,qtaim_lap_CO_ket,qtaim_ell_CO_ket,qtaim_rho_CC_new,qtaim_lap_CC_new,qtaim_ell_CC_new,qtaim_rho_HB,ald_adch_CHO_C,ald_adch_CHO_O,ald_adch_fukui_plus_CHO_C,ald_adch_fukui_minus_CHO_C,ald_adch_fukui_minus_CHO_O,ald_qtaim_lap_CO,ald_qtaim_ell_CO
141385,,,,,,,,,,,0.389361,-0.169613,0.159859,0.232662,-0.3448,0.047244,0.022917,0.102528,-0.327843,0.061286,0.025791,0.108218,-0.139518,0.172889
37960,,0.188174,-0.341881,0.010976,-0.52346,0.424177,-0.005491,-0.003229,0.007012,0.022465,0.395769,-0.121627,0.143743,0.242426,-0.390226,0.056333,0.020105,0.132049,-0.313579,0.122275,0.093115,0.097903,-0.00743,0.153433
202137,,0.180618,-0.336337,0.009204,-0.504267,0.410635,0.113554,0.004089,-0.006599,-0.008327,0.397944,-0.169954,0.145981,0.237127,-0.373912,0.044292,,0.204816,-0.351112,0.191196,0.045817,0.107175,-0.064732,0.166909
52459,,,,,,,,,,,0.399347,-0.0836,0.125868,0.236733,-0.3678,0.020538,,0.106725,-0.294654,0.06151,0.014871,0.062427,0.001151,0.148169
94677,,0.038102,-0.24353,0.016931,-0.491009,0.419937,0.046931,0.036968,-0.021942,-0.046458,0.402668,-0.094538,0.155139,0.228718,-0.32436,0.053996,,0.102864,-0.276734,0.057334,0.047855,0.148504,-0.03299,0.161443
