id,error,adch_ketC,adch_ketO,adch_carbC,adch_hydO,adch_hydH,adch_fukui_plus_ketC,adch_fukui_minus_ketC,adch_fukui_plus_carbC,adch_fukui_minus_carbC,qtaim_rho_CO_ket,qtaim_lap_CO_ket,qtaim_ell_CO_ket,qtaim_rho_CC_new,qtaim_lap_CC_new,qtaim_ell_CC_new,qtaim_rho_HB,ald_adch_CHO_C,ald_adch_CHO_O,ald_adch_fukui_plus_CHO_C,ald_adch_fukui_minus_CHO_C,ald_adch_fukui_minus_CHO_O,ald_qtaim_lap_CO,ald_qtaim_ell_CO
71670,,,,,,,,,,,0.38993,-0.202202,0.143526,0.234014,-0.351821,0.054655,0.02295,0.331733,-0.459813,-0.095362,-0.059033,0.082083,-0.132689,0.169894
17652,,,,,,,,,,,0.388703,-0.215321,0.136044,0.237778,-0.371935,0.048546,0.022305,0.10111,-0.335002,0.069595,0.017995,0.089615,-0.115545,0.169905
1608,,0.231718,-0.369383,0.07354,-0.517371,0.418668,0.101287,0.138945,0.037625,-0.004103,0.386363,-0.212706,0.140386,0.237664,-0.371275,0.047416,0.023499,0.098614,-0.34514,0.082382,0.032833,0.132776,-0.132232,0.171534
122889,,,,,,,,,,,0.390672,-0.148138,0.137156,0.239904,-0.380622,0.050575,,0.025167,-0.440415,-0.049991,0.027935,0.070657,-0.098799,0.156051
105863,,0.195001,-0.341839,0.031465,-0.527553,0.415713,0.074107,0.006394,0.006977,0.002353,0.390175,-0.148506,0.136264,0.237562,-0.370675,0.047079,0.021169,0.148326,-0.285138,0.111449,0.054114,0.130215,-0.071903,0.159074
