id,error,adch_ketC,adch_ketO,adch_carbC,adch_hydO,adch_hydH,adch_fukui_plus_ketC,adch_fukui_minus_ketC,adch_fukui_plus_carbC,adch_fukui_minus_carbC,qtaim_rho_CO_ket,qtaim_lap_CO_ket,qtaim_ell_CO_ket,qtaim_rho_CC_new,qtaim_lap_CC_new,qtaim_ell_CC_new,qtaim_rho_HB,ald_adch_CHO_C,ald_adch_CHO_O,ald_adch_fukui_plus_CHO_C,ald_adch_fukui_minus_CHO_C,ald_adch_fukui_minus_CHO_O,ald_qtaim_lap_CO,ald_qtaim_ell_CO
140865,,,,,,,,,,,0.392236,-0.177658,0.142857,0.238827,-0.376511,0.04674,0.020002,0.103686,-0.324446,0.073346,0.021381,0.089473,-0.096354,0.16719
130238,,,,,,,,,,,0.396369,-0.072862,0.14348,0.232866,-0.346068,0.048553,,0.120922,-0.31317,0.061915,0.003439,0.107928,-0.081621,0.16535
18443,,0.202014,-0.357871,0.036847,-0.526186,0.420935,0.068021,0.049354,0.010336,0.003704,0.391369,-0.233114,0.162545,0.236611,-0.368964,0.048945,0.018616,0.087288,-0.345986,0.059133,0.035489,0.130979,-0.173757,0.182307
6073,,0.242683,-0.326813,0.043605,-0.502434,0.418299,0.151789,0.11709,-0.0013,-0.004135,0.397429,-0.106341,0.151127,0.237471,-0.367821,0.046294,0.019048,0.111219,-0.288029,0.048247,0.046976,0.158673,-0.030481,0.164218
72971,,,,,,,,,,,0.388714,-0.375553,0.154267,0.223838,-0.302347,0.035013,,0.001729,-0.361876,0.027495,-0.012238,0.124478,-0.29291,0.165316
