id,error,adch_ketC,adch_ketO,adch_carbC,adch_hydO,adch_hydH,adch_fukui_plus_ketC,adch_fukui_minus_ketC,adch_fukui_plus_carbC,adch_fukui_minus_carbC,qtaim_rho_CO_ket,qtaim_lap_CO_ket,qtaim_ell_CO_ket,qtaim_rho_CC_new,qtaim_lap_CC_new,qtaim_ell_CC_new,qtaim_rho_HB,ald_adch_CHO_C,ald_adch_CHO_O,ald_adch_fukui_plus_CHO_C,ald_adch_fukui_minus_CHO_C,ald_adch_fukui_minus_CHO_O,ald_qtaim_lap_CO,ald_qtaim_ell_CO
190598,,0.190602,-0.330846,-0.008308,-0.51844,0.410167,0.040274,0.028432,-0.006519,0.006062,0.397091,-0.106873,0.131317,0.240995,-0.383254,0.049038,,0.096752,-0.304856,0.057184,0.031801,0.109152,-0.017837,0.15732
212179,,0.203425,-0.32749,-0.009966,-0.55057,0.449266,0.068165,0.000905,0.006656,0.027847,0.398907,-0.096504,0.138251,0.23803,-0.365183,0.051511,,-0.037163,-0.250912,0.061633,-0.000354,0.141933,-0.00784,0.143657
138202,,0.199739,-0.339823,-0.008264,-0.493953,0.393519,0.136264,0.034545,0.009754,0.026854,0.393689,-0.123538,0.120733,0.232193,-0.348108,0.028802,,-0.005523,-0.26963,0.108166,0.009839,0.160227,0.001445,0.137339
122817,,,,,,,,,,,0.396167,-0.134419,0.119375,0.24352,-0.397392,0.049952,,0.103901,-0.301708,0.107641,0.039536,0.110465,-0.005271,0.145561
101572,,,,,,,,,,,0.39589,-0.127103,0.132067,0.244432,-0.399709,0.055199,,0.214665,-0.34122,0.151445,0.065722,0.056778,-0.027661,0.150786
