id,error,adch_ketC,adch_ketO,adch_carbC,adch_hydO,adch_hydH,adch_fukui_plus_ketC,adch_fukui_minus_ketC,adch_fukui_plus_carbC,adch_fukui_minus_carbC,qtaim_rho_CO_ket,qtaim_lap_CO_ket,qtaim_ell_CO_ket,qtaim_rho_CC_new,qtaim_lap_CC_new,qtaim_ell_CC_new,qtaim_rho_HB,ald_adch_CHO_C,ald_adch_CHO_O,ald_adch_fukui_plus_CHO_C,ald_adch_fukui_minus_CHO_C,ald_adch_fukui_minus_CHO_O,ald_qtaim_lap_CO,ald_qtaim_ell_CO
139249,,0.212864,-0.349825,0.026278,-0.522756,0.416879,0.099543,0.023148,0.010332,-0.017625,0.394432,-0.163727,0.163109,0.229031,-0.329188,0.035357,,0.104611,-0.313059,0.091848,0.014176,0.103774,-0.093086,0.173938
183453,,,,,,,,,,,0.394883,-0.160686,0.142052,0.237762,-0.369629,0.047436,0.02047,0.106639,-0.31155,0.090871,0.027884,0.111677,-0.079963,0.163494
166794,,0.192771,-0.332312,-0.013253,-0.516284,0.415069,0.086704,0.028638,-0.009473,-0.008613,0.397578,-0.114834,0.131451,0.240023,-0.378254,0.04697,,0.09592,-0.305957,0.081915,0.024294,0.106617,-0.0039,0.151613
218316,,,,,,,,,,,0.397714,-0.144124,0.146487,0.232236,-0.340551,0.03898,,0.070772,-0.296601,0.067972,0.046916,0.036507,-0.023216,0.156819
185385,,,,,,,,,,,0.399142,-0.076849,0.146537,0.238545,-0.366037,0.051789,,0.054084,-0.339483,0.02099,0.014813,0.117059,-0.227061,0.138624
