id,error,adch_ketC,adch_ketO,adch_carbC,adch_hydO,adch_hydH,adch_fukui_plus_ketC,adch_fukui_minus_ketC,adch_fukui_plus_carbC,adch_fukui_minus_carbC,qtaim_rho_CO_ket,qtaim_lap_CO_ket,qtaim_ell_CO_ket,qtaim_rho_CC_new,qtaim_lap_CC_new,qtaim_ell_CC_new,qtaim_rho_HB,ald_adch_CHO_C,ald_adch_CHO_O,ald_adch_fukui_plus_CHO_C,ald_adch_fukui_minus_CHO_C,ald_adch_fukui_minus_CHO_O,ald_qtaim_lap_CO,ald_qtaim_ell_CO
148131,,,,,,,,,,,0.395836,-0.143292,0.143833,0.240829,-0.387571,0.051148,0.017687,-0.040489,-0.254071,0.046121,-0.043183,0.063628,-0.07341,0.162473
196360,,0.075499,-0.307578,-0.062294,-0.447016,0.367918,0.037432,-0.078582,-0.008429,-0.005397,0.397365,-0.068156,0.132717,0.234008,-0.350423,0.053439,0.01795,0.055263,-0.298723,0.091318,0.002785,0.167473,-0.062537,0.16096
66491,,0.08457,-0.281332,0.019387,-0.519362,0.415671,0.06616,0.06515,-0.012789,0.019839,0.397121,-0.157268,0.151187,0.234885,-0.361359,0.022839,,0.1259,-0.322875,0.092348,-0.007553,0.171961,-0.10666,0.158304
161735,,0.237713,-0.374541,0.085614,-0.508712,0.418998,0.099222,0.054361,0.058583,0.031606,0.390924,-0.162797,0.134957,0.237776,-0.371024,0.047419,0.021532,0.106674,-0.321731,0.101876,0.046358,0.151968,-0.073823,0.161599
42357,,,,,,,,,,,0.392011,-0.172082,0.141045,0.238752,-0.375677,0.047468,0.021149,0.108927,-0.319769,0.040511,0.024513,0.095989,-0.086129,0.16243
