id,error,adch_ketC,adch_ketO,adch_carbC,adch_hydO,adch_hydH,adch_fukui_plus_ketC,adch_fukui_minus_ketC,adch_fukui_plus_carbC,adch_fukui_minus_carbC,qtaim_rho_CO_ket,qtaim_lap_CO_ket,qtaim_ell_CO_ket,qtaim_rho_CC_new,qtaim_lap_CC_new,qtaim_ell_CC_new,qtaim_rho_HB,ald_adch_CHO_C,ald_adch_CHO_O,ald_adch_fukui_plus_CHO_C,ald_adch_fukui_minus_CHO_C,ald_adch_fukui_minus_CHO_O,ald_qtaim_lap_CO,ald_qtaim_ell_CO
107294,,0.168272,-0.275846,0.002681,-0.474572,0.392603,0.103525,0.018775,0.00082,-0.002338,0.399151,-0.070601,0.151157,0.235938,-0.361194,0.05204,,0.095444,-0.291514,0.086231,0.020656,0.146598,-0.082622,0.173831
216953,,,,,,,,,,,0.394675,-0.159156,0.123613,0.245647,-0.406267,0.061737,0.018899,0.068561,-0.293198,0.014658,-0.011768,0.028372,-0.017268,0.142917
50253,,0.249265,-0.311829,0.00774,-0.410461,0.358374,0.03022,0.051071,0.004351,0.055361,0.395428,-0.070305,0.138897,0.235426,-0.357847,0.050398,,0.084608,-0.304553,0.104936,0.051592,0.13564,-0.076547,0.167546
56426,,,,,,,,,,,0.395435,-0.018939,0.127091,0.235721,-0.362104,0.026653,,-0.038885,-0.233725,0.043168,0.177514,0.00898,-0.02368,0.152196
92617,,,,,,,0.067104,0.013694,0.003808,-0.003915,0.393087,-0.141664,0.130568,0.241616,-0.389783,0.052272,0.019264,0.168141,-0.349624,0.091451,-0.024401,0.037342,-0.056881,0.159009
