id,error,adch_ketC,adch_ketO,adch_carbC,adch_hydO,adch_hydH,adch_fukui_plus_ketC,adch_fukui_minus_ketC,adch_fukui_plus_carbC,adch_fukui_minus_carbC,qtaim_rho_CO_ket,qtaim_lap_CO_ket,qtaim_ell_CO_ket,qtaim_rho_CC_new,qtaim_lap_CC_new,qtaim_ell_CC_new,qtaim_rho_HB,ald_adch_CHO_C,ald_adch_CHO_O,ald_adch_fukui_plus_CHO_C,ald_adch_fukui_minus_CHO_C,ald_adch_fukui_minus_CHO_O,ald_qtaim_lap_CO,ald_qtaim_ell_CO
77460,,0.24084,-0.365042,0.043135,-0.504987,0.412843,,,,,0.39179,-0.161394,0.135428,0.237833,-0.371232,0.047987,0.02138,0.110834,-0.315835,0.010732,-0.046763,0.111204,-0.075808,0.164969
43141,,,,,,,,,,,0.400885,-0.052159,0.119238,0.222573,-0.296332,0.041225,,0.019406,-0.356421,-0.002481,0.017929,0.059043,-0.208744,0.197757
10248,,0.268032,-0.375378,0.05974,-0.507309,0.428427,0.117748,0.08212,0.043715,-0.034167,0.393209,-0.162178,0.136377,0.238598,-0.374941,0.047635,0.020527,0.107831,-0.308634,0.107389,0.043427,0.179148,-0.066706,0.165587
42317,,0.190609,-0.359069,0.046901,-0.509956,0.431861,0.06405,0.055206,0.023309,-0.011386,0.391676,-0.166453,0.140844,0.23773,-0.370503,0.046687,0.02146,0.103686,-0.319001,0.059869,0.021828,0.132952,-0.082132,0.165599
195891,,0.192977,-0.330836,-0.009779,-0.479767,0.376473,0.047865,0.008743,-0.00891,-0.005796,0.393904,-0.102309,0.130631,0.238008,-0.370296,0.052303,,0.176884,-0.329962,0.066209,0.016907,0.119993,-0.053015,0.159164
