id,error,adch_ketC,adch_ketO,adch_carbC,adch_hydO,adch_hydH,adch_fukui_plus_ketC,adch_fukui_minus_ketC,adch_fukui_plus_carbC,adch_fukui_minus_carbC,qtaim_rho_CO_ket,qtaim_lap_CO_ket,qtaim_ell_CO_ket,qtaim_rho_CC_new,qtaim_lap_CC_new,qtaim_ell_CC_new,qtaim_rho_HB,ald_adch_CHO_C,ald_adch_CHO_O,ald_adch_fukui_plus_CHO_C,ald_adch_fukui_minus_CHO_C,ald_adch_fukui_minus_CHO_O,ald_qtaim_lap_CO,ald_qtaim_ell_CO
108222,,0.225615,-0.346044,-0.006834,-0.523214,0.428102,0.060232,-0.002588,0.001421,0.003875,0.393536,-0.139918,0.124149,0.243628,-0.399878,0.053846,0.018116,0.044826,-0.286382,0.092716,-0.127408,0.090611,-0.036048,0.142307
194982,,0.219993,-0.35341,0.058002,-0.504258,0.417926,0.066873,0.034452,0.026987,-0.004495,0.392602,-0.159443,0.142099,0.237282,-0.368519,0.047084,0.02065,0.106304,-0.313343,0.077566,0.042529,0.153251,-0.074191,0.165998
21430,,0.216065,-0.313976,-0.031269,-0.415362,0.338832,0.005298,0.014132,-0.007348,0.005293,0.393773,-0.089666,0.125377,0.234275,-0.351328,0.053519,,0.084003,-0.324817,0.038328,0.020576,0.135102,-0.082946,0.160739
32902,,,,,,,,,,,0.391581,-0.172486,0.132504,0.238492,-0.374979,0.046204,0.022125,0.188757,-0.377052,0.068797,0.007869,0.103318,-0.069214,0.161709
72280,,0.196747,-0.319675,0.016868,-0.507403,0.420148,0.125342,0.099815,-0.067333,-0.085324,0.396338,-0.136347,0.139501,0.233099,-0.346299,0.04735,,0.101326,-0.315374,0.106782,0.045336,0.157449,-0.060959,0.146262
