id,error,adch_ketC,adch_ketO,adch_carbC,adch_hydO,adch_hydH,adch_fukui_plus_ketC,adch_fukui_minus_ketC,adch_fukui_plus_carbC,adch_fukui_minus_carbC,qtaim_rho_CO_ket,qtaim_lap_CO_ket,qtaim_ell_CO_ket,qtaim_rho_CC_new,qtaim_lap_CC_new,qtaim_ell_CC_new,qtaim_rho_HB,ald_adch_CHO_C,ald_adch_CHO_O,ald_adch_fukui_plus_CHO_C,ald_adch_fukui_minus_CHO_C,ald_adch_fukui_minus_CHO_O,ald_qtaim_lap_CO,ald_qtaim_ell_CO
31363,,0.178822,-0.339363,0.120006,-0.502907,0.406982,0.055767,-0.006434,0.139627,0.077617,0.392736,-0.199938,0.155445,0.232343,-0.34613,0.047375,0.019935,0.109846,-0.325894,0.078744,-0.099723,0.11271,-0.134459,0.179724
111274,,0.212337,-0.353499,0.116686,-0.526497,0.407745,0.039033,,0.09341,,0.390227,-0.155398,0.130736,0.238565,-0.374586,0.050837,0.020915,0.106323,-0.336392,0.068611,0.018899,0.103563,-0.094792,0.159167
84549,,0.13193,-0.267242,-0.006653,-0.409502,0.352819,-0.024161,-0.040658,0.003891,0.018051,0.398635,-0.068416,0.150132,0.235372,-0.3567,0.054765,,0.131736,-0.300521,0.096655,0.041374,0.127681,-0.039858,0.160564
133665,,,,,,,,,,,0.379172,-0.367589,0.170248,0.232428,-0.348171,0.053055,0.027948,0.057933,-0.403517,0.073892,0.112281,0.103587,-0.312845,0.207819
149416,,,,,,,-0.01807,-0.05295,0.019749,0.009371,0.39752,-0.082373,0.155973,0.235462,-0.357607,0.053511,,0.156902,-0.318004,0.079372,0.017243,0.083835,-0.047571,0.167251
