id,error,adch_ketC,adch_ketO,adch_carbC,adch_hydO,adch_hydH,adch_fukui_plus_ketC,adch_fukui_minus_ketC,adch_fukui_plus_carbC,adch_fukui_minus_carbC,qtaim_rho_CO_ket,qtaim_lap_CO_ket,qtaim_ell_CO_ket,qtaim_rho_CC_new,qtaim_lap_CC_new,qtaim_ell_CC_new,qtaim_rho_HB,ald_adch_CHO_C,ald_adch_CHO_O,ald_adch_fukui_plus_CHO_C,ald_adch_fukui_minus_CHO_C,ald_adch_fukui_minus_CHO_O,ald_qtaim_lap_CO,ald_qtaim_ell_CO
112430,,0.22892,-0.35396,0.016728,-0.500331,0.434414,0.095551,0.007032,-0.012767,-0.015323,0.396113,-0.164767,0.145148,0.240127,-0.387635,0.05082,,0.344434,-0.396796,0.073835,-0.019609,0.089904,-0.071986,0.161313
120844,,,,,,,,,,,0.395856,-0.136373,0.1398,0.236307,-0.36598,0.01851,,0.307771,-0.37688,0.161318,0.02996,0.096919,0.001283,0.159268
197338,,,,,,,,,,,0.383272,-0.281523,0.135782,0.234555,-0.35697,0.049315,,0.161306,-0.430097,0.097046,0.018745,0.014515,-0.168966,0.16882
171795,,0.446493,-0.355781,0.023124,-0.514699,0.384472,0.041646,0.041617,-0.009939,-0.026642,0.401599,-0.098955,0.150702,0.226147,-0.311956,0.04625,,0.287747,-0.359966,0.068622,0.018105,0.139631,-0.001944,0.154574
176363,,0.225455,-0.319061,0.077789,-0.49512,0.411326,0.056575,-0.029088,0.042116,0.010064,0.391543,-0.14382,0.147513,0.238827,-0.37784,0.048669,0.018303,0.10662,-0.297251,0.080796,0.017824,0.06401,-0.060871,0.168887
