id,error,adch_ketC,adch_ketO,adch_carbC,adch_hydO,adch_hydH,adch_fukui_plus_ketC,adch_fukui_minus_ketC,adch_fukui_plus_carbC,adch_fukui_minus_carbC,qtaim_rho_CO_ket,qtaim_lap_CO_ket,qtaim_ell_CO_ket,qtaim_rho_CC_new,qtaim_lap_CC_new,qtaim_ell_CC_new,qtaim_rho_HB,ald_adch_CHO_C,ald_adch_CHO_O,ald_adch_fukui_plus_CHO_C,ald_adch_fukui_minus_CHO_C,ald_adch_fukui_minus_CHO_O,ald_qtaim_lap_CO,ald_qtaim_ell_CO
124615,,,,,,,,,,,0.395331,-0.112985,0.126511,0.235224,-0.358187,0.042936,,0.003145,-0.269271,0.017476,-0.014473,0.088978,-0.002112,0.141266
178590,,0.20466,-0.280726,0.044492,-0.520752,0.427187,0.052438,0.034945,-0.009488,-0.004444,0.402171,-0.066978,0.164422,0.226764,-0.324836,0.047113,,0.096337,-0.273978,0.070608,-0.010285,0.208413,-0.038167,0.168033
69197,,,,,,,,,,,0.393605,-0.146017,0.128797,0.233926,-0.347154,0.045887,,0.164748,-0.365717,0.054495,0.002197,0.068402,-0.114702,0.172418
43380,,0.195964,-0.348327,0.0083,-0.508248,0.415264,0.004703,0.011441,-0.004812,0.006261,0.395361,-0.166512,0.147066,0.23769,-0.370728,0.040858,,0.09836,-0.320776,-0.010069,-0.00435,0.126253,-0.076639,0.16878
152696,,0.162827,-0.314233,-0.006427,-0.512334,0.429673,0.059828,0.00685,0.003138,0.003496,0.4014,-0.179579,0.160637,0.238059,-0.367626,0.046225,,0.005032,-0.27874,0.051752,0.011503,0.133611,-0.114471,0.166039
