id,error,adch_ketC,adch_ketO,adch_carbC,adch_hydO,adch_hydH,adch_fukui_plus_ketC,adch_fukui_minus_ketC,adch_fukui_plus_carbC,adch_fukui_minus_carbC,qtaim_rho_CO_ket,qtaim_lap_CO_ket,qtaim_ell_CO_ket,qtaim_rho_CC_new,qtaim_lap_CC_new,qtaim_ell_CC_new,qtaim_rho_HB,ald_adch_CHO_C,ald_adch_CHO_O,ald_adch_fukui_plus_CHO_C,ald_adch_fukui_minus_CHO_C,ald_adch_fukui_minus_CHO_O,ald_qtaim_lap_CO,ald_qtaim_ell_CO
79638,,,,,,,,,,,0.389399,-0.191628,0.137233,0.237759,-0.371153,0.047866,0.022332,0.102527,-0.334345,0.068646,0.032557,0.118093,-0.108702,0.166008
31526,,0.229524,-0.348585,0.084588,-0.518261,0.417312,0.016564,-0.02542,0.040963,-0.002468,0.395761,-0.243662,0.143044,0.237543,-0.372629,0.04743,0.021536,0.105024,-0.305873,0.069851,0.062372,0.215802,-0.083357,0.157825
109650,,0.191022,-0.350125,0.020406,-0.50939,0.404698,0.072571,0.029429,-0.015793,-0.007734,0.391807,-0.240727,0.160664,0.233559,-0.35094,0.050818,,0.085714,-0.335423,0.079117,0.032111,0.131817,-0.164356,0.183054
84900,,,,,,,,,,,0.392923,-0.112944,0.139701,0.230582,-0.335865,0.032084,,0.207107,-0.355429,0.075631,-0.011086,0.004147,-0.089792,0.156207
140665,,0.115241,-0.358276,0.060084,-0.508078,0.409495,0.077565,0.191706,0.038819,0.016464,0.39038,-0.181209,0.141273,0.237308,-0.369182,0.047037,0.021237,0.107034,-0.325314,0.091448,0.028494,0.121836,-0.090441,0.166985
