id,error,adch_ketC,adch_ketO,adch_carbC,adch_hydO,adch_hydH,adch_fukui_plus_ketC,adch_fukui_minus_ketC,adch_fukui_plus_carbC,adch_fukui_minus_carbC,qtaim_rho_CO_ket,qtaim_lap_CO_ket,qtaim_ell_CO_ket,qtaim_rho_CC_new,qtaim_lap_CC_new,qtaim_ell_CC_new,qtaim_rho_HB,ald_adch_CHO_C,ald_adch_CHO_O,ald_adch_fukui_plus_CHO_C,ald_adch_fukui_minus_CHO_C,ald_adch_fukui_minus_CHO_O,ald_qtaim_lap_CO,ald_qtaim_ell_CO
160643,,,,,,,,,,,0.393112,-0.115104,0.155007,0.228736,-0.323181,0.050062,,0.070363,-0.336573,0.0735,-0.004913,0.080106,-0.133802,0.16875
10406,,,,,,,,,,,0.388178,-0.228389,0.141012,0.234294,-0.355886,0.048291,0.024637,0.096428,-0.369769,0.058465,0.0231,0.119446,-0.190158,0.17814
31936,,,,,,,,,,,0.390637,-0.169906,0.132426,0.238235,-0.373821,0.04692,0.020909,0.145092,-0.373854,0.078373,-0.005719,0.106562,-0.078126,0.158605
189124,,0.196792,-0.350828,0.054429,-0.501662,0.41876,0.099988,0.059432,0.034155,0.001748,0.394592,-0.131639,0.140954,0.237892,-0.370673,0.047479,0.019878,0.108309,-0.300329,0.091105,0.037849,0.142997,-0.045509,0.164
20687,,,,,,,0.048535,-0.003838,0.009823,0.005987,0.392082,-0.127752,0.112139,0.240523,-0.380719,0.060683,0.018252,0.089729,-0.335844,0.076238,0.016855,0.052757,-0.211689,0.160989
