id,error,adch_ketC,adch_ketO,adch_carbC,adch_hydO,adch_hydH,adch_fukui_plus_ketC,adch_fukui_minus_ketC,adch_fukui_plus_carbC,adch_fukui_minus_carbC,qtaim_rho_CO_ket,qtaim_lap_CO_ket,qtaim_ell_CO_ket,qtaim_rho_CC_new,qtaim_lap_CC_new,qtaim_ell_CC_new,qtaim_rho_HB,ald_adch_CHO_C,ald_adch_CHO_O,ald_adch_fukui_plus_CHO_C,ald_adch_fukui_minus_CHO_C,ald_adch_fukui_minus_CHO_O,ald_qtaim_lap_CO,ald_qtaim_ell_CO
95746,,,,,,,,,,,0.395042,-0.139883,0.128352,0.243869,-0.396434,0.051364,,-0.09498,-0.245414,0.056671,0.083347,0.013908,-0.0157,0.148616
16852,,,,,,,,,,,0.394353,-0.141157,0.133523,0.240281,-0.37806,0.0556,0.023495,0.100805,-0.311476,0.114404,0.017507,0.085677,-0.025381,0.150127
100021,,,,,,,,,,,0.397076,-0.150874,0.142512,0.241165,-0.391631,0.050478,,-0.122468,-0.22711,0.042523,-0.130334,0.152518,-0.005823,0.147398
90635,,,,,,,,,,,0.396596,-0.097559,0.126567,0.241294,-0.384898,0.045903,,0.12857,-0.316837,0.022837,-0.046595,0.08729,0.003259,0.145698
217535,,0.179133,-0.328439,-0.004956,-0.521077,0.404167,0.115214,-0.001121,0.011473,0.01185,0.395471,-0.115455,0.12611,0.241005,-0.382895,0.047967,0.018349,0.096452,-0.313926,0.118953,0.021869,0.104579,-0.024641,0.151727
