id,error,adch_ketC,adch_ketO,adch_carbC,adch_hydO,adch_hydH,adch_fukui_plus_ketC,adch_fukui_minus_ketC,adch_fukui_plus_carbC,adch_fukui_minus_carbC,qtaim_rho_CO_ket,qtaim_lap_CO_ket,qtaim_ell_CO_ket,qtaim_rho_CC_new,qtaim_lap_CC_new,qtaim_ell_CC_new,qtaim_rho_HB,ald_adch_CHO_C,ald_adch_CHO_O,ald_adch_fukui_plus_CHO_C,ald_adch_fukui_minus_CHO_C,ald_adch_fukui_minus_CHO_O,ald_qtaim_lap_CO,ald_qtaim_ell_CO
39576,,0.160243,-0.365772,0.096692,-0.586344,0.481022,0.013238,-0.005521,0.008792,0.006802,0.3934,-0.079626,0.123982,0.235683,-0.357133,0.054284,,0.101176,-0.326513,0.059568,0.027228,0.142241,-0.097233,0.167384
199792,,,,,,,,,,,0.380545,-0.36907,0.123298,0.237187,-0.378629,0.04284,0.018721,-0.058428,-0.302406,-0.001411,0.018645,0.06778,-0.209032,0.153069
42246,,,,,,,,,,,0.396231,-0.087764,0.121699,0.229949,-0.329327,0.057908,0.021168,0.031444,-0.37029,-0.004428,0.022721,0.058528,-0.221334,0.192011
141724,,,,,,,,,,,0.389544,-0.198745,0.147985,0.236938,-0.366953,0.04677,0.022159,0.098191,-0.323855,0.091735,0.021182,0.123781,-0.107266,0.173072
53763,,0.237404,-0.344312,-0.006182,-0.453705,0.36685,0.058099,0.012298,0.000305,0.00072,0.390502,-0.142867,0.140794,0.238138,-0.371881,0.051874,,-0.124893,-0.29315,0.248838,0.12381,0.072044,-0.130023,0.174805
