id,error,adch_ketC,adch_ketO,adch_carbC,adch_hydO,adch_hydH,adch_fukui_plus_ketC,adch_fukui_minus_ketC,adch_fukui_plus_carbC,adch_fukui_minus_carbC,qtaim_rho_CO_ket,qtaim_lap_CO_ket,qtaim_ell_CO_ket,qtaim_rho_CC_new,qtaim_lap_CC_new,qtaim_ell_CC_new,qtaim_rho_HB,ald_adch_CHO_C,ald_adch_CHO_O,ald_adch_fukui_plus_CHO_C,ald_adch_fukui_minus_CHO_C,ald_adch_fukui_minus_CHO_O,ald_qtaim_lap_CO,ald_qtaim_ell_CO
211049,,,,,,,,,,,0.395872,-0.113992,0.126252,0.240758,-0.377816,0.049628,,0.061354,-0.330192,0.02819,-0.010882,0.123215,-0.160431,0.154891
179408,,0.195524,-0.335597,-0.001649,-0.514893,0.401559,0.0646,0.031157,0.003946,0.026316,0.398205,-0.098742,0.130988,0.236998,-0.358427,0.049275,,-0.042861,-0.247639,0.146498,0.252656,0.081342,0.009873,0.150751
184751,,0.186571,-0.319733,-0.021022,-0.490194,0.402318,0.057568,0.009098,0.001561,0.008734,0.398463,-0.094134,0.132692,0.24072,-0.382867,0.040442,,-0.052712,-0.243099,0.127352,0.176773,0.052491,0.00676,0.14898
22339,,0.186614,-0.286083,-0.011774,-0.447745,0.320346,0.080852,0.012171,0.000643,-0.002419,0.394713,-0.098076,0.124086,0.240769,-0.382639,0.049945,0.022282,0.001667,-0.263686,0.083726,-0.014451,0.137015,0.007176,0.15311
117074,,0.182603,-0.349182,0.027299,-0.512976,0.429174,0.074183,0.005564,0.012357,0.005756,0.395689,-0.178541,0.140792,0.241459,-0.384634,0.07003,0.019742,0.092068,-0.293893,0.099465,0.023518,0.108207,0.000622,0.142409
