id,error,adch_ketC,adch_ketO,adch_carbC,adch_hydO,adch_hydH,adch_fukui_plus_ketC,adch_fukui_minus_ketC,adch_fukui_plus_carbC,adch_fukui_minus_carbC,qtaim_rho_CO_ket,qtaim_lap_CO_ket,qtaim_ell_CO_ket,qtaim_rho_CC_new,qtaim_lap_CC_new,qtaim_ell_CC_new,qtaim_rho_HB,ald_adch_CHO_C,ald_adch_CHO_O,ald_adch_fukui_plus_CHO_C,ald_adch_fukui_minus_CHO_C,ald_adch_fukui_minus_CHO_O,ald_qtaim_lap_CO,ald_qtaim_ell_CO
134878,,,,,,,,,,,0.39548,-0.124317,0.15095,0.235736,-0.360021,0.058547,0.019513,0.170013,-0.314485,0.124103,-0.006251,0.150239,-0.104166,0.170322
50590,,0.193206,-0.292135,-0.016255,-0.491331,0.41265,0.021874,-0.016956,0.00017,-0.002396,0.400944,-0.120552,0.146508,0.239032,-0.369284,0.052119,,0.059507,-0.269094,0.130879,0.070241,0.058949,-0.025201,0.16823
37162,,0.152429,-0.269714,0.000561,-0.4926,0.374261,0.06407,-0.000718,0.007644,0.016059,0.402109,-0.086154,0.14751,0.239029,-0.374803,0.049503,0.019301,0.089143,-0.27765,0.092562,0.04397,0.117146,0.016851,0.162956
177122,,,,,,,,,,,0.390813,-0.110383,0.130311,0.236103,-0.3628,0.035461,,0.092275,-0.354993,0.04562,-0.014423,0.036295,-0.135654,0.147444
60312,,,,,,,0.017212,0.012338,-0.003142,0.005781,0.40048,-0.037269,0.162082,0.22876,-0.334457,0.037654,,0.106859,-0.297854,0.048725,-0.000145,0.094524,-0.059559,0.162588
