id,error,adch_ketC,adch_ketO,adch_carbC,adch_hydO,adch_hydH,adch_fukui_plus_ketC,adch_fukui_minus_ketC,adch_fukui_plus_carbC,adch_fukui_minus_carbC,qtaim_rho_CO_ket,qtaim_lap_CO_ket,qtaim_ell_CO_ket,qtaim_rho_CC_new,qtaim_lap_CC_new,qtaim_ell_CC_new,qtaim_rho_HB,ald_adch_CHO_C,ald_adch_CHO_O,ald_adch_fukui_plus_CHO_C,ald_adch_fukui_minus_CHO_C,ald_adch_fukui_minus_CHO_O,ald_qtaim_lap_CO,ald_qtaim_ell_CO
53748,,0.159103,-0.319876,-0.008254,-0.511395,0.401696,0.252079,0.034689,0.026184,0.037452,0.398082,-0.09713,0.132613,0.236533,-0.359584,0.047786,,0.098173,-0.309433,0.271609,0.046633,0.145122,-0.028725,0.152876
100426,,0.110223,-0.295294,0.011834,-0.521087,0.418396,,,,,0.39862,-0.091224,0.141841,0.238029,-0.376519,0.037507,,-0.127238,-0.228166,0.026707,0.01425,0.087347,-0.010784,0.151448
70069,,,,,,,,,,,0.39758,-0.13726,0.150493,0.239749,-0.375373,0.057383,0.021714,-0.301371,-0.154118,-0.04527,-0.054205,0.089343,-0.018824,0.161308
36464,,,,,,,,,,,0.394183,-0.155473,0.12506,0.240858,-0.382027,0.047853,,0.084392,-0.31907,0.068077,0.00815,0.063061,-0.066025,0.142318
45006,,0.216435,-0.356028,0.046835,-0.633973,0.506701,0.173262,-0.006755,0.019042,-0.006309,0.398842,-0.095062,0.14204,0.238608,-0.371004,0.052375,0.020496,0.099728,-0.290924,0.186355,0.027222,0.135503,-0.004814,0.155497
