id,error,adch_ketC,adch_ketO,adch_carbC,adch_hydO,adch_hydH,adch_fukui_plus_ketC,adch_fukui_minus_ketC,adch_fukui_plus_carbC,adch_fukui_minus_carbC,qtaim_rho_CO_ket,qtaim_lap_CO_ket,qtaim_ell_CO_ket,qtaim_rho_CC_new,qtaim_lap_CC_new,qtaim_ell_CC_new,qtaim_rho_HB,ald_adch_CHO_C,ald_adch_CHO_O,ald_adch_fukui_plus_CHO_C,ald_adch_fukui_minus_CHO_C,ald_adch_fukui_minus_CHO_O,ald_qtaim_lap_CO,ald_qtaim_ell_CO
41370,,,,,,,,,,,0.396294,-0.151609,0.140821,0.233521,-0.356776,0.044641,,0.049327,-0.320321,0.032403,0.003674,0.044692,-0.115975,0.176745
83493,,,,,,,,,,,0.390924,-0.209707,0.169232,0.2385,-0.375605,0.053106,0.023834,0.104852,-0.32491,0.051583,0.027025,0.124728,-0.127919,0.184816
25699,,,,,,,,,,,0.398743,-0.08229,0.125678,0.236358,-0.364859,0.023617,,0.098154,-0.297023,0.12729,0.047762,0.030061,-0.01838,0.140073
115097,,0.195888,-0.394287,0.007455,-0.499971,0.390773,0.053784,0.018487,0.00901,-0.005919,0.378621,-0.291148,0.135773,0.237983,-0.376364,0.053173,0.022045,0.087123,-0.346868,0.06105,-0.008232,0.131879,-0.145274,0.162943
197251,,0.105017,-0.360367,-0.161577,-0.455176,0.404309,0.086153,-0.006401,-0.037096,-0.036901,0.397117,-0.08568,0.144217,0.234874,-0.35466,0.052441,,0.130108,-0.303822,0.102024,0.023371,0.143977,-0.088066,0.163186
