id,error,adch_ketC,adch_ketO,adch_carbC,adch_hydO,adch_hydH,adch_fukui_plus_ketC,adch_fukui_minus_ketC,adch_fukui_plus_carbC,adch_fukui_minus_carbC,qtaim_rho_CO_ket,qtaim_lap_CO_ket,qtaim_ell_CO_ket,qtaim_rho_CC_new,qtaim_lap_CC_new,qtaim_ell_CC_new,qtaim_rho_HB,ald_adch_CHO_C,ald_adch_CHO_O,ald_adch_fukui_plus_CHO_C,ald_adch_fukui_minus_CHO_C,ald_adch_fukui_minus_CHO_O,ald_qtaim_lap_CO,ald_qtaim_ell_CO
64639,,,,,,,,,,,0.399595,-0.079036,0.159417,0.24079,-0.387031,0.048178,,0.086098,-0.266845,0.08971,0.021359,0.061562,0.014423,0.16511
132936,,0.188718,-0.32005,-0.012983,-0.498043,0.415468,0.095,0.01753,0.004456,0.019092,0.400429,-0.097607,0.142239,0.239811,-0.376747,0.046621,,-0.118331,-0.208122,0.149383,0.229295,0.081939,0.008142,0.154242
96299,,0.182668,-0.310526,0.001448,-0.510451,0.428057,0.245695,0.032843,0.021703,0.029807,0.401198,-0.117926,0.146089,0.239089,-0.377263,0.049988,,0.095877,-0.278667,0.256923,0.064203,0.192138,-0.007964,0.16107
79037,,0.190133,-0.360066,-0.010098,-0.505463,0.400878,0.073299,0.003012,0.001764,-0.00358,0.39229,-0.139685,0.120273,0.244072,-0.400503,0.052288,0.019205,0.075369,-0.322073,0.094789,0.018099,0.073385,-0.061122,0.143584
102706,,,,,,,,,,,0.402021,-0.063686,0.126874,0.240209,-0.387238,0.046006,,0.032936,-0.274731,-0.039994,-0.047288,0.116703,-0.006071,0.141618
