id,error,adch_ketC,adch_ketO,adch_carbC,adch_hydO,adch_hydH,adch_fukui_plus_ketC,adch_fukui_minus_ketC,adch_fukui_plus_carbC,adch_fukui_minus_carbC,qtaim_rho_CO_ket,qtaim_lap_CO_ket,qtaim_ell_CO_ket,qtaim_rho_CC_new,qtaim_lap_CC_new,qtaim_ell_CC_new,qtaim_rho_HB,ald_adch_CHO_C,ald_adch_CHO_O,ald_adch_fukui_plus_CHO_C,ald_adch_fukui_minus_CHO_C,ald_adch_fukui_minus_CHO_O,ald_qtaim_lap_CO,ald_qtaim_ell_CO
74815,,,,,,,,,,,0.397864,-0.148759,0.136705,0.238794,-0.371299,0.047333,,0.045123,-0.29795,0.062489,0.020033,0.041344,-0.139092,0.136156
56100,,,,,,,,,,,0.390612,-0.196132,0.153853,0.234753,-0.358115,0.047867,0.020574,0.040448,-0.316242,0.050277,-0.00085,0.067623,-0.100076,0.170902
220526,,,,,,,,,,,0.389309,-0.233347,0.154257,0.233109,-0.350509,0.047783,0.020877,0.096518,-0.34468,0.069357,-0.074483,0.108146,-0.157421,0.181308
169057,,0.185634,-0.308615,0.058313,-0.510585,0.430572,0.039829,-0.036634,-0.041823,-0.029602,0.403932,-0.018988,0.162807,0.229511,-0.335324,0.045665,,0.110901,-0.270698,0.089505,0.036758,0.157455,-0.029025,0.166911
57906,,,,,,,,,,,0.398297,-0.106896,0.128963,0.236806,-0.359915,0.050361,,0.082303,-0.365696,0.015865,0.011388,0.0557,-0.205955,0.105969
