id,error,adch_ketC,adch_ketO,adch_carbC,adch_hydO,adch_hydH,adch_fukui_plus_ketC,adch_fukui_minus_ketC,adch_fukui_plus_carbC,adch_fukui_minus_carbC,qtaim_rho_CO_ket,qtaim_lap_CO_ket,qtaim_ell_CO_ket,qtaim_rho_CC_new,qtaim_lap_CC_new,qtaim_ell_CC_new,qtaim_rho_HB,ald_adch_CHO_C,ald_adch_CHO_O,ald_adch_fukui_plus_CHO_C,ald_adch_fukui_minus_CHO_C,ald_adch_fukui_minus_CHO_O,ald_qtaim_lap_CO,ald_qtaim_ell_CO
25411,,0.196178,-0.33944,-0.015195,-0.521164,0.412571,0.094982,0.026203,-0.000386,0.006994,0.395906,-0.116842,0.129855,0.240341,-0.379809,0.048985,0.01939,0.093698,-0.309428,0.124124,0.045502,0.149312,-0.031605,0.156995
76118,,,,,,,,,,,0.394717,-0.1493,0.125441,0.23744,-0.367814,0.047679,0.019517,0.100984,-0.302737,0.081131,0.019756,0.06851,-0.016116,0.141344
106159,,0.154298,-0.332827,0.003257,-0.530353,0.415361,0.079315,0.000603,0.005204,0.016108,0.395203,-0.141129,0.134338,0.244005,-0.404163,0.04975,,0.296076,-0.386505,-0.02028,-0.202882,0.151593,-0.023341,0.128964
99929,,,,,,,,,,,0.401049,-0.103201,0.153322,0.234305,-0.345698,0.0466,,0.031165,-0.276962,0.034542,-0.159052,0.092742,-0.034417,0.146174
54732,,,,,,,,,,,0.39645,-0.10934,0.141572,0.241025,-0.383185,0.048608,,0.004945,-0.4374,-0.001558,0.024731,0.141404,-0.446045,0.132592
