id,error,adch_ketC,adch_ketO,adch_carbC,adch_hydO,adch_hydH,adch_fukui_plus_ketC,adch_fukui_minus_ketC,adch_fukui_plus_carbC,adch_fukui_minus_carbC,qtaim_rho_CO_ket,qtaim_lap_CO_ket,qtaim_ell_CO_ket,qtaim_rho_CC_new,qtaim_lap_CC_new,qtaim_ell_CC_new,qtaim_rho_HB,ald_adch_CHO_C,ald_adch_CHO_O,ald_adch_fukui_plus_CHO_C,ald_adch_fukui_minus_CHO_C,ald_adch_fukui_minus_CHO_O,ald_qtaim_lap_CO,ald_qtaim_ell_CO
99926,,0.227382,-0.338092,-0.017813,-0.51622,0.417054,0.091916,-0.006346,0.008133,0.008897,0.398296,-0.113515,0.15429,0.23923,-0.381451,0.049813,,0.068707,-0.287752,-0.01016,-0.161478,0.166167,-0.006227,0.157531
115886,,,,,,,,,,,0.394223,-0.128841,0.128,0.243104,-0.391761,0.054201,,0.091288,-0.316294,0.085281,0.004468,0.030219,-0.046221,0.15143
114327,,0.18687,-0.336446,-0.02913,-0.485867,0.404252,0.042268,0.0137,-0.002114,0.010587,0.396564,-0.10984,0.124959,0.241527,-0.386879,0.04755,,0.100851,-0.305749,0.078075,0.02685,0.126804,-0.027757,0.140605
151936,,0.18799,-0.340404,-0.027999,-0.488189,0.39131,0.097149,0.008107,0.008341,0.01565,0.395821,-0.171202,0.127655,0.244261,-0.40151,0.054636,,0.091476,-0.289224,0.127259,0.028834,0.097598,0.027114,0.138547
165667,,0.194053,-0.328738,-0.040201,-0.48286,0.379039,0.045855,0.001692,-0.000706,0.011626,0.396461,-0.113155,0.121818,0.239448,-0.376362,0.045547,0.020402,0.093897,-0.309296,0.079167,0.045156,0.167792,-0.018503,0.152642
