id,error,adch_ketC,adch_ketO,adch_carbC,adch_hydO,adch_hydH,adch_fukui_plus_ketC,adch_fukui_minus_ketC,adch_fukui_plus_carbC,adch_fukui_minus_carbC,qtaim_rho_CO_ket,qtaim_lap_CO_ket,qtaim_ell_CO_ket,qtaim_rho_CC_new,qtaim_lap_CC_new,qtaim_ell_CC_new,qtaim_rho_HB,ald_adch_CHO_C,ald_adch_CHO_O,ald_adch_fukui_plus_CHO_C,ald_adch_fukui_minus_CHO_C,ald_adch_fukui_minus_CHO_O,ald_qtaim_lap_CO,ald_qtaim_ell_CO
159552,,0.26393,-0.355716,0.023055,-0.506839,0.407624,,0.034946,,-0.017274,0.393981,-0.153015,0.137523,0.237905,-0.371352,0.047695,0.020727,0.109061,-0.312021,0.09741,0.02909,0.112082,-0.0658,0.161104
5403,,0.134355,-0.359434,0.010555,-0.504785,0.399369,0.063508,0.078538,-0.001446,-0.008305,0.391331,-0.258709,0.162049,0.233723,-0.352354,0.050916,,0.084246,-0.338776,0.08814,0.032748,0.137916,-0.173498,0.183796
137247,,,,,,,,,,,0.384401,-0.312444,0.177366,0.231389,-0.351222,0.042291,,0.145023,-0.370774,0.076496,0.009505,0.114936,-0.214958,0.186779
131787,,,,,,,,,,,0.39038,-0.202878,0.153175,0.237381,-0.370419,0.051234,0.02276,0.09216,-0.332435,0.073648,0.016182,0.080007,-0.131461,0.173507
118803,,0.187679,-0.359831,0.017136,-0.516611,0.41322,0.046833,-0.007244,0.006306,0.001495,0.386676,-0.246267,0.134414,0.240096,-0.386269,0.053698,0.022518,0.097255,-0.333981,0.064281,0.023893,0.115259,-0.167819,0.157673
