id,error,adch_ketC,adch_ketO,adch_carbC,adch_hydO,adch_hydH,adch_fukui_plus_ketC,adch_fukui_minus_ketC,adch_fukui_plus_carbC,adch_fukui_minus_carbC,qtaim_rho_CO_ket,qtaim_lap_CO_ket,qtaim_ell_CO_ket,qtaim_rho_CC_new,qtaim_lap_CC_new,qtaim_ell_CC_new,qtaim_rho_HB,ald_adch_CHO_C,ald_adch_CHO_O,ald_adch_fukui_plus_CHO_C,ald_adch_fukui_minus_CHO_C,ald_adch_fukui_minus_CHO_O,ald_qtaim_lap_CO,ald_qtaim_ell_CO
146284,,0.270193,-0.339566,0.031273,-0.52875,0.401708,0.07302,0.0417,-0.010329,-0.013535,0.397258,-0.121877,0.131106,0.230005,-0.331402,0.047844,,0.24309,-0.371024,0.094881,0.011679,0.109729,-0.026642,0.158248
215756,,,,,,,,,,,0.38942,-0.18446,0.130897,0.23855,-0.375613,0.047926,0.02132,0.051862,-0.333727,0.076792,-0.006779,0.078962,-0.094827,0.160332
216086,,,,,,,,,,,0.391315,-0.171248,0.145074,0.237486,-0.368907,0.045827,0.022439,0.110979,-0.372222,0.076211,0.01724,0.092723,-0.094944,0.164111
147275,,0.110568,-0.307872,0.031321,-0.49885,0.406268,,-0.036132,,0.00704,0.394121,-0.180314,0.143866,0.238597,-0.376521,0.048727,0.022104,0.070368,-0.310366,0.058468,-0.011292,0.075844,-0.083242,0.162498
176787,,0.133855,-0.284345,-0.036806,-0.424575,0.352415,0.014666,-0.062915,-0.011396,-0.00818,0.397404,-0.08664,0.144338,0.233489,-0.348133,0.053281,0.018339,0.108557,-0.303596,0.085562,0.022763,0.127554,-0.077176,0.165432
