id,error,adch_ketC,adch_ketO,adch_carbC,adch_hydO,adch_hydH,adch_fukui_plus_ketC,adch_fukui_minus_ketC,adch_fukui_plus_carbC,adch_fukui_minus_carbC,qtaim_rho_CO_ket,qtaim_lap_CO_ket,qtaim_ell_CO_ket,qtaim_rho_CC_new,qtaim_lap_CC_new,qtaim_ell_CC_new,qtaim_rho_HB,ald_adch_CHO_C,ald_adch_CHO_O,ald_adch_fukui_plus_CHO_C,ald_adch_fukui_minus_CHO_C,ald_adch_fukui_minus_CHO_O,ald_qtaim_lap_CO,ald_qtaim_ell_CO
188475,,,,,,,,,,,0.392372,-0.246489,0.164491,0.236444,-0.363743,0.055507,0.020659,0.084819,-0.333563,0.053768,0.022761,0.100692,-0.1662,0.186243
78742,,,,,,,,,,,0.395538,-0.133154,0.123715,0.240713,-0.381262,0.049725,0.022186,0.106575,-0.267795,0.083058,0.012193,0.04077,0.012806,0.139737
166878,,0.285707,-0.379558,-0.03878,-0.52139,0.413278,-0.001699,-0.001285,0.022282,0.027959,0.392234,-0.043248,0.117264,0.235632,-0.357948,0.033941,,0.090935,-0.305505,0.078596,0.044208,0.111738,-0.012873,0.151234
79332,,,,,,,,-0.009633,,0.007761,0.397601,-0.141306,0.155262,0.237474,-0.368221,0.052914,0.019707,0.123131,-0.320366,0.066056,0.029534,0.098339,-0.052219,0.169141
59826,,0.254966,-0.276873,0.012206,-0.464706,0.377215,0.002236,0.051095,-0.00126,-0.008275,0.401541,-0.020443,0.155036,0.230588,-0.330418,0.048979,,0.080065,-0.260836,0.080752,0.061416,0.18504,-0.029191,0.172327
