id,error,adch_ketC,adch_ketO,adch_carbC,adch_hydO,adch_hydH,adch_fukui_plus_ketC,adch_fukui_minus_ketC,adch_fukui_plus_carbC,adch_fukui_minus_carbC,qtaim_rho_CO_ket,qtaim_lap_CO_ket,qtaim_ell_CO_ket,qtaim_rho_CC_new,qtaim_lap_CC_new,qtaim_ell_CC_new,qtaim_rho_HB,ald_adch_CHO_C,ald_adch_CHO_O,ald_adch_fukui_plus_CHO_C,ald_adch_fukui_minus_CHO_C,ald_adch_fukui_minus_CHO_O,ald_qtaim_lap_CO,ald_qtaim_ell_CO
188032,,0.166606,-0.336565,0.026827,-0.512594,0.419697,0.058099,0.073441,0.003433,-0.021784,0.395698,-0.20328,0.165729,0.235441,-0.358229,0.051117,,0.04879,-0.322139,0.04574,-0.036155,0.138834,-0.141324,0.180868
207553,,,,,,,,,,,0.397374,-0.129611,0.149392,0.226448,-0.313719,0.050132,,0.097766,-0.343838,0.021549,0.025832,0.087777,-0.123738,0.17254
64650,,,,,,,,,,,0.398118,-0.112521,0.132854,0.242088,-0.38794,0.046682,,0.094478,-0.292038,,0.000795,0.050361,0.011838,0.148365
48744,,0.266107,-0.361465,0.042354,-0.499298,0.410462,0.078516,0.052205,0.017899,-0.000126,0.393545,-0.141153,0.137936,0.237577,-0.369493,0.047742,0.020517,0.104722,-0.290651,0.040022,0.044699,0.070596,-0.05641,0.161026
29513,,,,,,,,,,,0.395979,-0.154465,0.124949,0.241645,-0.388042,0.046561,,0.092606,-0.295925,0.081404,0.002622,0.039593,-0.014247,0.151809
