id,error,adch_ketC,adch_ketO,adch_carbC,adch_hydO,adch_hydH,adch_fukui_plus_ketC,adch_fukui_minus_ketC,adch_fukui_plus_carbC,adch_fukui_minus_carbC,qtaim_rho_CO_ket,qtaim_lap_CO_ket,qtaim_ell_CO_ket,qtaim_rho_CC_new,qtaim_lap_CC_new,qtaim_ell_CC_new,qtaim_rho_HB,ald_adch_CHO_C,ald_adch_CHO_O,ald_adch_fukui_plus_CHO_C,ald_adch_fukui_minus_CHO_C,ald_adch_fukui_minus_CHO_O,ald_qtaim_lap_CO,ald_qtaim_ell_CO
29119,,0.192761,-0.339409,-0.012964,-0.519039,0.409747,0.134853,0.012982,0.010631,0.009028,0.39565,-0.120938,0.128525,0.241075,-0.383498,0.046193,,0.099975,-0.315397,0.157079,0.030057,0.13237,-0.02225,0.152054
82614,,,,,,,,,,,0.39408,-0.144473,0.138576,0.238622,-0.373848,0.044853,,0.095719,-0.32318,0.067822,0.020502,0.091361,-0.091471,0.171395
216641,,0.186947,-0.361618,0.005835,-0.557346,0.446829,0.258409,0.050728,0.021422,0.009485,0.392381,-0.146042,0.123204,0.23824,-0.368152,0.045707,0.024642,0.093029,-0.316753,0.25969,0.042004,0.147292,-0.031052,0.143775
20280,,0.195705,-0.327234,-0.008757,-0.491148,0.394247,0.109806,0.016024,0.007479,0.00919,0.397251,-0.132837,0.133869,0.242322,-0.39072,0.050549,,0.002305,-0.262013,0.14012,0.111331,0.086881,-0.0115,0.148414
101023,,,,,,,,,,,0.39664,-0.069431,0.116488,0.232399,-0.341526,0.031475,,0.083446,-0.31225,0.131125,0.002446,0.051224,-0.026595,0.151337
