id,error,adch_ketC,adch_ketO,adch_carbC,adch_hydO,adch_hydH,adch_fukui_plus_ketC,adch_fukui_minus_ketC,adch_fukui_plus_carbC,adch_fukui_minus_carbC,qtaim_rho_CO_ket,qtaim_lap_CO_ket,qtaim_ell_CO_ket,qtaim_rho_CC_new,qtaim_lap_CC_new,qtaim_ell_CC_new,qtaim_rho_HB,ald_adch_CHO_C,ald_adch_CHO_O,ald_adch_fukui_plus_CHO_C,ald_adch_fukui_minus_CHO_C,ald_adch_fukui_minus_CHO_O,ald_qtaim_lap_CO,ald_qtaim_ell_CO
153065,,0.266725,-0.376632,0.06333,-0.510774,0.417286,0.075846,0.077869,0.020695,0.004441,0.392481,-0.180606,0.142041,0.237765,-0.370577,0.047566,0.021012,0.104143,-0.322579,0.063864,0.028056,0.114925,-0.096713,0.16682
156374,,-0.115067,-0.274495,-0.052325,-0.421295,0.354384,0.003487,-0.104488,-0.010535,-0.045024,0.397278,-0.044615,0.14145,0.233301,-0.347389,0.050775,,0.193519,-0.298853,0.117126,0.055365,0.173539,-0.061974,0.165272
200520,,,,,,,,,,,0.392917,-0.14748,0.144177,0.234736,-0.355236,0.051083,0.020177,0.103787,-0.332113,0.051948,0.028717,0.11714,-0.110036,0.165193
141246,,0.164855,-0.266191,0.085325,-0.50802,0.410058,0.063256,-0.018469,0.008545,0.02647,0.397445,-0.078654,0.145762,0.230571,-0.333338,0.051084,0.019138,0.0939,-0.303396,0.079264,0.023448,0.133547,-0.085205,0.168442
90175,,,,,,,,,,,0.396255,-0.127251,0.128138,0.240284,-0.378818,0.049078,0.018255,0.093495,-0.300003,0.08639,0.023068,0.080767,-0.025985,0.162689
