id,error,adch_ketC,adch_ketO,adch_carbC,adch_hydO,adch_hydH,adch_fukui_plus_ketC,adch_fukui_minus_ketC,adch_fukui_plus_carbC,adch_fukui_minus_carbC,qtaim_rho_CO_ket,qtaim_lap_CO_ket,qtaim_ell_CO_ket,qtaim_rho_CC_new,qtaim_lap_CC_new,qtaim_ell_CC_new,qtaim_rho_HB,ald_adch_CHO_C,ald_adch_CHO_O,ald_adch_fukui_plus_CHO_C,ald_adch_fukui_minus_CHO_C,ald_adch_fukui_minus_CHO_O,ald_qtaim_lap_CO,ald_qtaim_ell_CO
152165,,0.180111,-0.360715,0.117121,-0.512125,0.412001,,,,,0.389919,-0.171432,0.13333,0.238061,-0.372597,0.047758,0.022001,0.105959,-0.327953,0.103546,0.040196,0.133096,-0.084776,0.161521
67125,,,,,,,,,,,0.3845,-0.403546,0.131486,0.227478,-0.32442,0.04543,0.018734,0.077786,-0.418774,0.045781,0.052289,0.125171,-0.406194,0.136299
84076,,,,,,,,,,,0.396427,-0.215391,0.146809,0.238747,-0.3792,0.052457,,0.095952,-0.338548,0.117156,0.016033,0.046731,-0.147108,0.163063
134829,,0.156365,-0.364317,0.053998,-0.509358,0.408977,0.049945,-0.002374,0.030628,-0.013156,0.385822,-0.25888,0.156675,0.237104,-0.368411,0.050677,0.021618,0.192047,-0.360373,0.133537,-0.016568,0.127735,-0.192086,0.186947
196535,,0.14845,-0.316276,-0.004704,-0.475362,0.375194,0.062181,-0.00912,0.004942,0.017211,0.394356,-0.145011,0.142656,0.236209,-0.362222,0.0474,0.020951,0.106401,-0.308398,0.078027,0.034778,0.119824,-0.062258,0.163428
