id,error,adch_ketC,adch_ketO,adch_carbC,adch_hydO,adch_hydH,adch_fukui_plus_ketC,adch_fukui_minus_ketC,adch_fukui_plus_carbC,adch_fukui_minus_carbC,qtaim_rho_CO_ket,qtaim_lap_CO_ket,qtaim_ell_CO_ket,qtaim_rho_CC_new,qtaim_lap_CC_new,qtaim_ell_CC_new,qtaim_rho_HB,ald_adch_CHO_C,ald_adch_CHO_O,ald_adch_fukui_plus_CHO_C,ald_adch_fukui_minus_CHO_C,ald_adch_fukui_minus_CHO_O,ald_qtaim_lap_CO,ald_qtaim_ell_CO
208555,,,,,,,,,,,0.392612,-0.183381,0.146525,0.248814,-0.418733,0.06938,0.01841,0.088468,-0.310746,0.088313,0.001529,0.05685,-0.040925,0.146959
26286,,0.180871,-0.368474,-0.014698,-0.52695,0.424376,0.160666,0.00206,0.016801,0.0132,0.392682,-0.192599,0.123334,0.248249,-0.418637,0.070912,0.019164,0.084929,-0.310178,0.164937,0.024505,0.109278,-0.065616,0.152275
70984,,,,,,,,,,,0.399005,-0.085667,0.141484,0.236622,-0.359224,0.048567,,0.070241,-0.304228,-0.040797,-0.081589,0.064123,-0.036187,0.140494
120728,,,,,,,,,,,0.39833,-0.081703,0.134022,0.234301,-0.350783,0.045638,,0.119211,-0.336672,-0.010741,0.049169,0.090121,-0.083022,0.133717
78680,,,,,,,0.07346,-0.001492,0.005498,-0.003751,0.40376,-0.092649,0.153044,0.239057,-0.371201,0.043545,,-0.114771,-0.192438,0.057693,-0.045072,0.045891,0.008937,0.161033
