id,error,adch_ketC,adch_ketO,adch_carbC,adch_hydO,adch_hydH,adch_fukui_plus_ketC,adch_fukui_minus_ketC,adch_fukui_plus_carbC,adch_fukui_minus_carbC,qtaim_rho_CO_ket,qtaim_lap_CO_ket,qtaim_ell_CO_ket,qtaim_rho_CC_new,qtaim_lap_CC_new,qtaim_ell_CC_new,qtaim_rho_HB,ald_adch_CHO_C,ald_adch_CHO_O,ald_adch_fukui_plus_CHO_C,ald_adch_fukui_minus_CHO_C,ald_adch_fukui_minus_CHO_O,ald_qtaim_lap_CO,ald_qtaim_ell_CO
172242,,0.257106,-0.455685,0.282361,-0.728686,0.666598,0.034531,0.014148,0.035679,0.011389,0.398405,-0.053426,0.15902,0.232502,-0.344816,0.05027,,0.105556,-0.280433,0.086454,0.042688,0.142428,-0.060018,0.169639
73562,,,,,,,,,,,0.397533,-0.053088,0.135384,0.231835,-0.339993,0.050038,,0.100039,-0.303993,0.054569,0.026448,0.093953,-0.057139,0.165327
192471,,0.22204,-0.288947,0.044034,-0.509568,0.418476,0.044577,0.024068,-0.004228,-0.000205,0.401748,-0.06096,0.170129,0.230095,-0.341251,0.044655,,0.110693,-0.28297,0.074643,0.047401,0.149677,-0.027226,0.166697
1373,,0.198745,-0.345405,0.11261,-0.505649,0.40324,0.091627,-0.024983,0.061759,0.02578,0.393591,-0.201286,0.138106,0.239491,-0.381378,0.049651,0.021785,0.102406,-0.332369,0.090784,0.020918,0.111526,-0.12202,0.160798
185249,,0.18968,-0.321252,-0.013642,-0.508749,0.413928,0.051319,0.018509,0.001299,0.014641,0.398514,-0.092416,0.137725,0.24064,-0.381551,0.04461,,0.096886,-0.298318,0.084562,0.034107,0.104079,-0.003802,0.158472
