id,error,adch_ketC,adch_ketO,adch_carbC,adch_hydO,adch_hydH,adch_fukui_plus_ketC,adch_fukui_minus_ketC,adch_fukui_plus_carbC,adch_fukui_minus_carbC,qtaim_rho_CO_ket,qtaim_lap_CO_ket,qtaim_ell_CO_ket,qtaim_rho_CC_new,qtaim_lap_CC_new,qtaim_ell_CC_new,qtaim_rho_HB,ald_adch_CHO_C,ald_adch_CHO_O,ald_adch_fukui_plus_CHO_C,ald_adch_fukui_minus_CHO_C,ald_adch_fukui_minus_CHO_O,ald_qtaim_lap_CO,ald_qtaim_ell_CO
193404,,0.218306,-0.284701,-0.020628,-0.462021,0.392103,0.015907,0.023853,-0.010781,0.008976,0.400233,-0.065625,0.158526,0.230896,-0.335963,0.052475,0.018516,0.112729,-0.285377,0.037116,0.056223,0.173748,-0.021145,0.167461
172514,,0.268151,-0.267703,0.025929,-0.496926,0.425239,0.029148,0.048768,-0.000555,0.001275,0.402831,-0.049075,0.167375,0.227183,-0.316077,0.055842,,0.114402,-0.288586,0.090335,0.03875,0.14592,-0.033717,0.157598
16910,,,,,,,,,,,0.397779,-0.153542,0.137829,0.243311,-0.397603,0.052512,0.018687,0.082329,-0.290465,0.078136,-0.006248,0.075031,-0.039929,0.151265
30800,,0.196336,-0.334847,0.054449,-0.5291,0.434459,0.013396,-0.012747,0.011538,0.016679,0.396054,-0.094572,0.137314,0.235904,-0.357981,0.06173,0.019972,0.05225,-0.277727,0.11049,-0.022471,0.157197,-0.080597,0.155558
66444,,,,,,,,,,,0.392043,-0.206177,0.135786,0.238104,-0.372539,0.056956,0.021127,0.182635,-0.408211,-0.069972,-0.256173,0.240683,-0.107601,0.159397
