id,error,adch_ketC,adch_ketO,adch_carbC,adch_hydO,adch_hydH,adch_fukui_plus_ketC,adch_fukui_minus_ketC,adch_fukui_plus_carbC,adch_fukui_minus_carbC,qtaim_rho_CO_ket,qtaim_lap_CO_ket,qtaim_ell_CO_ket,qtaim_rho_CC_new,qtaim_lap_CC_new,qtaim_ell_CC_new,qtaim_rho_HB,ald_adch_CHO_C,ald_adch_CHO_O,ald_adch_fukui_plus_CHO_C,ald_adch_fukui_minus_CHO_C,ald_adch_fukui_minus_CHO_O,ald_qtaim_lap_CO,ald_qtaim_ell_CO
108829,,0.175842,-0.332233,-0.009159,-0.523716,0.414678,0.247755,-0.006561,0.020863,0.01701,0.396008,-0.118563,0.126319,0.240382,-0.380372,0.049082,0.01954,0.093633,-0.311832,0.258503,0.033339,0.105554,-0.034023,0.152051
120322,,0.155828,-0.332732,-0.034904,-0.454023,0.373729,0.068323,-0.006295,0.004541,0.003464,0.397882,-0.193741,0.119443,0.240747,-0.384478,0.051184,0.020711,0.102806,-0.305489,0.128947,0.046645,0.126517,-0.007183,0.139547
184200,,,,,,,,,,,0.397846,-0.100278,0.13563,0.238874,-0.371461,0.047107,0.020006,0.100848,-0.294948,0.099043,0.019186,0.064778,-0.032429,0.149296
43117,,0.189165,-0.329459,-0.017089,-0.518302,0.410277,0.069626,0.025405,0.00341,0.020526,0.396607,-0.112932,0.133391,0.239312,-0.375529,0.044242,,0.093861,-0.307073,0.107447,0.045794,0.144147,-0.029355,0.157576
21455,,,,,,,0.10078,,-0.000489,,0.393564,-0.134692,0.128966,0.241797,-0.386325,0.05317,0.019786,0.107831,-0.320505,0.197761,0.110992,0.072359,-0.036109,0.153888
