id,error,adch_ketC,adch_ketO,adch_carbC,adch_hydO,adch_hydH,adch_fukui_plus_ketC,adch_fukui_minus_ketC,adch_fukui_plus_carbC,adch_fukui_minus_carbC,qtaim_rho_CO_ket,qtaim_lap_CO_ket,qtaim_ell_CO_ket,qtaim_rho_CC_new,qtaim_lap_CC_new,qtaim_ell_CC_new,qtaim_rho_HB,ald_adch_CHO_C,ald_adch_CHO_O,ald_adch_fukui_plus_CHO_C,ald_adch_fukui_minus_CHO_C,ald_adch_fukui_minus_CHO_O,ald_qtaim_lap_CO,ald_qtaim_ell_CO
60315,,0.228768,-0.313637,0.090377,-0.574305,0.479325,0.016339,-0.007978,0.024662,0.009448,0.399249,-0.033915,0.157928,0.229288,-0.32808,0.051215,,0.1793,-0.296854,0.070432,0.023253,0.103122,0.02082,0.175296
182071,,,,,,,,,,,0.39778,-0.161129,0.135345,0.245572,-0.406579,0.057509,,0.079725,-0.301224,0.099477,0.017724,0.08931,-0.023232,0.150581
201304,,,,,,,,,,,0.388908,-0.190129,0.158992,0.24067,-0.384772,0.052341,,0.061273,-0.341144,0.009127,-0.025823,0.107368,-0.227375,0.176031
174153,,0.204187,-0.321801,0.002363,-0.524727,0.428078,0.07066,0.037431,-0.003769,0.002903,0.396565,-0.140787,0.129514,0.2402,-0.384761,0.046588,,0.100908,-0.298014,0.082346,0.026555,0.138928,-0.047074,0.14039
92052,,,,,,,,,,,0.388515,-0.179503,0.135687,0.23544,-0.359391,0.04909,0.0243,0.101411,-0.364377,0.048865,0.018435,0.078465,-0.129788,0.167296
