id,error,adch_ketC,adch_ketO,adch_carbC,adch_hydO,adch_hydH,adch_fukui_plus_ketC,adch_fukui_minus_ketC,adch_fukui_plus_carbC,adch_fukui_minus_carbC,qtaim_rho_CO_ket,qtaim_lap_CO_ket,qtaim_ell_CO_ket,qtaim_rho_CC_new,qtaim_lap_CC_new,qtaim_ell_CC_new,qtaim_rho_HB,ald_adch_CHO_C,ald_adch_CHO_O,ald_adch_fukui_plus_CHO_C,ald_adch_fukui_minus_CHO_C,ald_adch_fukui_minus_CHO_O,ald_qtaim_lap_CO,ald_qtaim_ell_CO
31229,,,,,,,,,,,0.396952,-0.078936,0.114927,0.234596,-0.357343,0.019068,,-0.017818,-0.262679,0.1101,-0.032794,0.081383,-0.008395,0.142919
186439,,,,,,,,,,,0.40084,-0.328988,0.118488,0.23241,-0.353842,0.035599,,0.088123,-0.370825,0.024868,0.026531,0.175212,-0.292158,0.13118
115612,,,,,,,,,,,0.395706,-0.113386,0.129313,0.23947,-0.37572,0.048,0.019794,-0.06279,-0.256293,0.037668,-0.037036,0.110195,-0.020703,0.151997
102306,,,,,,,,,,,0.400491,-0.070915,0.13031,0.234939,-0.352196,0.041576,,0.13753,-0.311737,0.01156,0.009746,0.087904,0.003378,0.145571
58343,,0.190928,-0.335005,-0.010176,-0.518815,0.410837,0.089551,0.029609,-0.003831,0.00367,0.396132,-0.112992,0.132147,0.242404,-0.389343,0.050666,,0.100786,-0.306518,0.087701,0.028842,0.137096,-0.005335,0.153373
