id,error,adch_ketC,adch_ketO,adch_carbC,adch_hydO,adch_hydH,adch_fukui_plus_ketC,adch_fukui_minus_ketC,adch_fukui_plus_carbC,adch_fukui_minus_carbC,qtaim_rho_CO_ket,qtaim_lap_CO_ket,qtaim_ell_CO_ket,qtaim_rho_CC_new,qtaim_lap_CC_new,qtaim_ell_CC_new,qtaim_rho_HB,ald_adch_CHO_C,ald_adch_CHO_O,ald_adch_fukui_plus_CHO_C,ald_adch_fukui_minus_CHO_C,ald_adch_fukui_minus_CHO_O,ald_qtaim_lap_CO,ald_qtaim_ell_CO
37000,,0.174593,-0.345676,0.041206,-0.515986,0.418718,0.046484,-0.035781,0.023584,0.013257,0.397331,-0.239674,0.157811,0.235729,-0.361712,0.048481,0.020464,0.096128,-0.30601,0.079407,0.033553,0.130157,-0.096869,0.16724
112987,,,,,,,,,,,0.396001,-0.123046,0.134211,0.23188,-0.34017,0.047114,,-0.078664,-0.272909,0.025414,-0.032986,0.092188,-0.099986,0.175704
24650,,,,,,,,,,,0.38105,-0.26879,0.14038,0.228836,-0.331919,0.048576,0.022745,0.092674,-0.375797,0.037561,0.013932,0.086783,-0.223299,0.169351
195939,,0.171903,-0.346087,-0.064491,-0.530008,0.422862,0.028799,-0.01494,-0.041063,-0.029008,0.392004,-0.168053,0.149413,0.233935,-0.351276,0.047201,0.01933,-0.085723,-0.268506,0.016879,-0.062187,0.159465,-0.112742,0.175567
80553,,,,,,,0.043544,0.027955,0.001605,0.012028,0.395959,-0.190163,0.126413,0.229555,-0.334233,0.03717,,0.055489,-0.345878,0.028727,0.01623,0.157725,-0.225074,0.144173
