id,error,adch_ketC,adch_ketO,adch_carbC,adch_hydO,adch_hydH,adch_fukui_plus_ketC,adch_fukui_minus_ketC,adch_fukui_plus_carbC,adch_fukui_minus_carbC,qtaim_rho_CO_ket,qtaim_lap_CO_ket,qtaim_ell_CO_ket,qtaim_rho_CC_new,qtaim_lap_CC_new,qtaim_ell_CC_new,qtaim_rho_HB,ald_adch_CHO_C,ald_adch_CHO_O,ald_adch_fukui_plus_CHO_C,ald_adch_fukui_minus_CHO_C,ald_adch_fukui_minus_CHO_O,ald_qtaim_lap_CO,ald_qtaim_ell_CO
177966,,0.148446,-0.287294,0.041151,-0.5278,0.429313,0.063446,0.050531,-0.003795,-0.022622,0.397385,-0.151094,0.135765,0.242871,-0.396326,0.049979,,0.101955,-0.302565,0.077677,0.031705,0.111925,-0.054649,0.150144
110100,,0.277024,-0.357237,0.061261,-0.499351,0.393869,0.071652,0.013425,0.033345,0.009996,0.392205,-0.142114,0.136224,0.237678,-0.369848,0.047701,0.021274,0.108639,-0.314629,0.071979,0.038251,0.12658,-0.061248,0.160204
45742,,0.177473,-0.34028,0.021976,-0.559278,0.456948,0.09002,0.013186,-0.030993,-0.01283,0.396248,-0.083744,0.137608,0.232223,-0.343807,0.052608,0.01888,0.151293,-0.313307,0.070671,0.089294,0.17511,-0.055166,0.162862
168119,,0.214236,-0.296111,0.095221,-0.475915,0.396135,0.067408,0.035761,0.053001,0.043274,0.397952,-0.121935,0.161054,0.237802,-0.369243,0.052077,0.019382,0.108495,-0.289802,0.095654,0.059547,0.19743,-0.04034,0.169278
173607,,0.204134,-0.36459,0.050957,-0.524247,0.41466,0.005884,-0.071435,0.043467,0.008314,0.393615,-0.260528,0.13781,0.238733,-0.37907,0.048932,0.022745,0.09998,-0.297808,0.06243,0.042065,0.193508,-0.102293,0.153885
