id,error,adch_ketC,adch_ketO,adch_carbC,adch_hydO,adch_hydH,adch_fukui_plus_ketC,adch_fukui_minus_ketC,adch_fukui_plus_carbC,adch_fukui_minus_carbC,qtaim_rho_CO_ket,qtaim_lap_CO_ket,qtaim_ell_CO_ket,qtaim_rho_CC_new,qtaim_lap_CC_new,qtaim_ell_CC_new,qtaim_rho_HB,ald_adch_CHO_C,ald_adch_CHO_O,ald_adch_fukui_plus_CHO_C,ald_adch_fukui_minus_CHO_C,ald_adch_fukui_minus_CHO_O,ald_qtaim_lap_CO,ald_qtaim_ell_CO
113547,,,,,,,,,,,0.399852,-0.1366,0.131838,0.233978,-0.348198,0.053059,,,,,,,-0.158601,0.137808
97776,,,,,,,,,,,0.396641,-0.132419,0.125231,0.244947,-0.401936,0.052756,,0.08296,-0.291624,0.065697,-0.011214,0.059486,-0.007203,0.141407
85884,,0.189753,-0.323485,-0.009298,-0.513805,0.408981,0.09073,0.015285,0.009768,0.009248,0.398442,-0.112793,0.133767,0.238782,-0.374352,0.045193,,0.17387,-0.337267,0.212554,0.082852,0.123026,-0.036807,0.156024
112260,,0.153692,-0.305098,-0.003978,-0.516517,0.416307,0.228286,-0.009336,0.028457,0.009394,0.400533,-0.139944,0.147453,0.239283,-0.381483,0.042234,,-0.037583,-0.258265,0.229189,-0.139863,0.162335,-0.024949,0.143299
185502,,0.216314,-0.344809,-0.005042,-0.505721,0.403446,0.048402,0.00629,0.000977,0.017946,0.394926,-0.171576,0.147227,0.237124,-0.368947,0.035386,,0.102582,-0.327765,0.07592,0.026634,0.138838,-0.095211,0.164415
