id,error,adch_ketC,adch_ketO,adch_carbC,adch_hydO,adch_hydH,adch_fukui_plus_ketC,adch_fukui_minus_ketC,adch_fukui_plus_carbC,adch_fukui_minus_carbC,qtaim_rho_CO_ket,qtaim_lap_CO_ket,qtaim_ell_CO_ket,qtaim_rho_CC_new,qtaim_lap_CC_new,qtaim_ell_CC_new,qtaim_rho_HB,ald_adch_CHO_C,ald_adch_CHO_O,ald_adch_fukui_plus_CHO_C,ald_adch_fukui_minus_CHO_C,ald_adch_fukui_minus_CHO_O,ald_qtaim_lap_CO,ald_qtaim_ell_CO
117121,,,,,,,,,,,0.388891,-0.180477,0.133973,0.238255,-0.373803,0.047245,0.022457,0.104241,-0.330738,0.064535,0.027643,0.104461,-0.092996,0.162971
25978,,0.271365,-0.384149,0.01934,-0.492488,0.408658,0.11955,0.031224,0.00645,-0.004058,0.382509,-0.240987,0.132611,0.24069,-0.390761,0.050279,0.019317,0.098718,-0.341238,0.101082,0.021712,0.101171,-0.166181,0.154653
39002,,,,,,,,,,,0.392518,-0.181427,0.147855,0.238537,-0.375828,0.050749,0.021656,0.104923,-0.327331,0.062564,0.02208,0.101207,-0.105673,0.165273
181306,,0.17259,-0.331161,0.10608,-0.510961,0.419024,0.009349,-0.049336,0.030543,0.030395,0.386932,-0.249392,0.14344,0.241956,-0.39454,0.056364,0.020663,0.099596,-0.327139,0.068122,0.04174,0.159456,-0.162568,0.158555
135558,,,,,,,0.091379,0.043245,0.039733,0.001724,0.392888,-0.170085,0.145393,0.237272,-0.368134,0.046825,0.020846,0.102955,-0.316782,0.089156,0.035237,0.126906,-0.08808,0.169674
