id,error,adch_ketC,adch_ketO,adch_carbC,adch_hydO,adch_hydH,adch_fukui_plus_ketC,adch_fukui_minus_ketC,adch_fukui_plus_carbC,adch_fukui_minus_carbC,qtaim_rho_CO_ket,qtaim_lap_CO_ket,qtaim_ell_CO_ket,qtaim_rho_CC_new,qtaim_lap_CC_new,qtaim_ell_CC_new,qtaim_rho_HB,ald_adch_CHO_C,ald_adch_CHO_O,ald_adch_fukui_plus_CHO_C,ald_adch_fukui_minus_CHO_C,ald_adch_fukui_minus_CHO_O,ald_qtaim_lap_CO,ald_qtaim_ell_CO
175611,,0.275212,-0.364162,0.057057,-0.503023,0.411729,0.082627,0.052113,0.026489,0.01954,0.393639,-0.148429,0.140318,0.237276,-0.367821,0.047772,0.020764,0.107147,-0.311077,0.075053,0.046149,0.157244,-0.067103,0.163891
19414,,0.098889,-0.373286,0.063647,-0.511835,0.407375,0.143182,0.193235,0.061577,0.042483,0.386849,-0.216128,0.139759,0.236644,-0.366377,0.04762,0.023287,0.098615,-0.343268,0.103595,0.040857,0.158318,-0.133059,0.170369
213462,,,,,,,,,,,0.389063,-0.195333,0.136943,0.237344,-0.369294,0.047936,0.022388,0.101444,-0.336562,0.047015,0.027507,0.100042,-0.111595,0.166922
194555,,0.180836,-0.326448,0.018596,-0.513461,0.413577,-0.034076,-0.004758,-0.019336,0.015381,0.398186,-0.196694,0.128898,0.223136,-0.312811,0.048261,,0.15113,-0.319752,0.08014,0.035565,0.10093,-0.016484,0.163737
157739,,,,,,,,,,,0.384007,-0.229026,0.158496,0.232527,-0.346581,0.054306,0.026301,-0.023598,-0.319819,0.081771,-0.024994,0.091776,-0.144479,0.173468
