id,error,adch_ketC,adch_ketO,adch_carbC,adch_hydO,adch_hydH,adch_fukui_plus_ketC,adch_fukui_minus_ketC,adch_fukui_plus_carbC,adch_fukui_minus_carbC,qtaim_rho_CO_ket,qtaim_lap_CO_ket,qtaim_ell_CO_ket,qtaim_rho_CC_new,qtaim_lap_CC_new,qtaim_ell_CC_new,qtaim_rho_HB,ald_adch_CHO_C,ald_adch_CHO_O,ald_adch_fukui_plus_CHO_C,ald_adch_fukui_minus_CHO_C,ald_adch_fukui_minus_CHO_O,ald_qtaim_lap_CO,ald_qtaim_ell_CO
217428,,0.198365,-0.330851,-0.015408,-0.522164,0.414945,0.060019,0.005313,0.002338,0.005652,0.398369,-0.142062,0.129653,0.241081,-0.385204,0.043584,,0.092798,-0.296478,0.100875,0.020246,0.072969,-0.021045,0.151477
207586,,0.117995,-0.334866,0.01093,-0.51821,0.421515,0.092354,0.014661,-0.013157,-0.011261,0.397035,-0.221636,0.164069,0.23522,-0.358137,0.049259,,0.089964,-0.317473,0.074257,0.031437,0.132903,-0.146485,0.182787
197647,,0.062845,-0.257064,-0.047179,-0.47315,0.4024,0.092285,0.051104,-0.023383,-0.036571,0.401898,-0.031253,0.156296,0.231341,-0.338622,0.049927,,0.110493,-0.28792,0.089788,0.02373,0.12047,-0.043396,0.17693
124295,,,,,,,,,,,0.379217,-0.290785,0.134582,0.238148,-0.377927,0.051261,0.023624,0.092961,-0.403279,0.06934,0.011363,0.050688,-0.218346,0.166168
203361,,,,,,,,,,,0.387814,-0.170548,0.129399,0.237996,-0.373923,0.050663,0.025112,0.170004,-0.332063,0.095445,0.002202,0.074123,-0.079255,0.154951
