id,error,adch_ketC,adch_ketO,adch_carbC,adch_hydO,adch_hydH,adch_fukui_plus_ketC,adch_fukui_minus_ketC,adch_fukui_plus_carbC,adch_fukui_minus_carbC,qtaim_rho_CO_ket,qtaim_lap_CO_ket,qtaim_ell_CO_ket,qtaim_rho_CC_new,qtaim_lap_CC_new,qtaim_ell_CC_new,qtaim_rho_HB,ald_adch_CHO_C,ald_adch_CHO_O,ald_adch_fukui_plus_CHO_C,ald_adch_fukui_minus_CHO_C,ald_adch_fukui_minus_CHO_O,ald_qtaim_lap_CO,ald_qtaim_ell_CO
152451,,,,,,,,,,,0.397654,-0.098019,0.127483,0.236224,-0.356949,0.04848,,0.033757,-0.274387,0.084989,-0.152266,0.154824,0.010839,0.144824
175012,,0.210733,-0.278252,0.049727,-0.536322,0.438786,0.060421,0.025456,0.01099,0.016414,0.401577,-0.108989,0.148978,0.241557,-0.389768,0.04972,,0.088965,-0.296208,0.084387,0.03776,0.137209,-0.027684,0.161401
2260,,,,,,,,,,,0.380761,-0.278933,0.130276,0.238877,-0.381442,0.048091,0.023793,0.090064,-0.356765,0.080125,0.01664,0.072024,-0.209224,0.165479
37640,,,,,,,,,,,0.400237,-0.125592,0.142462,0.239705,-0.382833,0.050808,,0.104345,-0.28656,0.062723,0.007741,0.050231,0.010388,0.156975
187029,,,,,,,0.074985,0.048991,-0.005248,-0.004013,0.397091,-0.128596,0.132888,0.237516,-0.36549,0.049117,,0.083531,-0.30717,0.066079,0.003334,0.094041,-0.091087,0.154406
