id,error,adch_ketC,adch_ketO,adch_carbC,adch_hydO,adch_hydH,adch_fukui_plus_ketC,adch_fukui_minus_ketC,adch_fukui_plus_carbC,adch_fukui_minus_carbC,qtaim_rho_CO_ket,qtaim_lap_CO_ket,qtaim_ell_CO_ket,qtaim_rho_CC_new,qtaim_lap_CC_new,qtaim_ell_CC_new,qtaim_rho_HB,ald_adch_CHO_C,ald_adch_CHO_O,ald_adch_fukui_plus_CHO_C,ald_adch_fukui_minus_CHO_C,ald_adch_fukui_minus_CHO_O,ald_qtaim_lap_CO,ald_qtaim_ell_CO
152726,,0.225584,-0.358824,0.014712,-0.528502,0.414627,0.070857,,-0.016778,,0.389424,-0.171937,0.140709,0.238516,-0.375946,0.0495,0.019443,0.037617,-0.265221,0.072809,0.018332,0.139133,-0.10667,0.16923
126519,,,,,,,,,,,0.38819,-0.232526,0.152538,0.232241,-0.34458,0.047825,0.022997,0.002979,-0.321311,0.016986,0.029654,0.074112,-0.153016,0.17205
111745,,0.160444,-0.374071,0.033544,-0.508384,0.4004,0.06116,0.110284,0.020494,-0.010915,0.387016,-0.248281,0.156565,0.231886,-0.345197,0.048244,0.021892,0.068648,-0.343466,0.101674,0.122204,0.064371,-0.181501,0.186419
206184,,,,,,,,,,,0.389838,-0.165403,0.134105,0.237226,-0.368402,0.047973,0.022064,0.100784,-0.326519,0.064688,-0.005979,0.12412,-0.083278,0.162696
193898,,0.17151,-0.244208,0.076328,-0.581249,0.44367,0.025662,-0.00084,-0.056276,-0.020784,0.400181,-0.090692,0.16866,0.231267,-0.347468,0.041445,,0.12673,-0.261869,0.020607,0.015033,0.149498,-0.008802,0.163755
