id,error,adch_ketC,adch_ketO,adch_carbC,adch_hydO,adch_hydH,adch_fukui_plus_ketC,adch_fukui_minus_ketC,adch_fukui_plus_carbC,adch_fukui_minus_carbC,qtaim_rho_CO_ket,qtaim_lap_CO_ket,qtaim_ell_CO_ket,qtaim_rho_CC_new,qtaim_lap_CC_new,qtaim_ell_CC_new,qtaim_rho_HB,ald_adch_CHO_C,ald_adch_CHO_O,ald_adch_fukui_plus_CHO_C,ald_adch_fukui_minus_CHO_C,ald_adch_fukui_minus_CHO_O,ald_qtaim_lap_CO,ald_qtaim_ell_CO
183162,,0.218946,-0.371619,0.106962,-0.509585,0.419353,,,,,0.390083,-0.165373,0.13481,0.238141,-0.372786,0.047552,0.021994,0.106335,-0.325165,0.076689,0.044046,0.148189,-0.080851,0.161985
175110,,0.225401,-0.35396,0.000805,-0.507583,0.42461,0.078763,-0.036764,-0.004926,-0.009103,0.3923,-0.209812,0.136398,0.242449,-0.398532,0.053235,,0.096078,-0.308922,0.098123,0.031786,0.127567,-0.120696,0.146489
136529,,0.202481,-0.363051,0.047497,-0.501292,0.414436,0.065244,0.011158,0.016101,0.002329,0.393055,-0.155499,0.139123,0.237367,-0.368644,0.04761,0.020799,0.10237,-0.323056,0.057136,0.033261,0.152842,-0.067246,0.162105
192313,,0.176967,-0.278111,-0.076833,-0.464127,0.373111,0.057849,,-0.050007,,0.398469,-0.077302,0.144422,0.233522,-0.348797,0.051327,,0.108825,-0.30848,0.083676,0.032229,0.133642,-0.081652,0.164413
163322,,,,,,,,,,,0.392848,-0.164101,0.136701,0.236731,-0.366154,0.048246,0.020384,0.108717,-0.315072,0.09315,0.025382,0.110621,-0.07606,0.161636
