id,error,adch_ketC,adch_ketO,adch_carbC,adch_hydO,adch_hydH,adch_fukui_plus_ketC,adch_fukui_minus_ketC,adch_fukui_plus_carbC,adch_fukui_minus_carbC,qtaim_rho_CO_ket,qtaim_lap_CO_ket,qtaim_ell_CO_ket,qtaim_rho_CC_new,qtaim_lap_CC_new,qtaim_ell_CC_new,qtaim_rho_HB,ald_adch_CHO_C,ald_adch_CHO_O,ald_adch_fukui_plus_CHO_C,ald_adch_fukui_minus_CHO_C,ald_adch_fukui_minus_CHO_O,ald_qtaim_lap_CO,ald_qtaim_ell_CO
155636,,,,,,,,,,,0.396328,-0.139962,0.142093,0.236142,-0.363424,0.048114,0.020434,0.076499,-0.314765,-0.002212,-0.146309,0.126664,-0.092261,0.163557
78184,,0.170921,-0.319551,0.006033,-0.517383,0.421108,0.07347,0.026763,0.009276,-0.007803,0.397975,-0.162183,0.149111,0.241538,-0.389851,0.054333,,0.088622,-0.29859,0.086239,0.020435,0.093189,-0.067645,0.159802
31766,,,,,,,,,,,0.401679,-0.10387,0.138928,0.227224,-0.324525,0.039625,,0.113731,-0.311036,0.079094,0.013337,0.079098,-0.079577,0.166557
148325,,,,,,,,,,,0.392693,-0.192172,0.137864,0.2393,-0.37993,0.049872,0.02178,0.113509,-0.327184,0.039335,0.033579,0.144781,-0.109149,0.158728
32388,,0.168991,-0.366642,0.014589,-0.530864,0.407385,0.043779,-0.002397,0.000944,0.002705,0.384687,-0.261192,0.143489,0.236981,-0.369966,0.050022,0.026009,0.099138,-0.36882,0.060654,0.030568,0.133283,-0.181744,0.172233
