id,error,adch_ketC,adch_ketO,adch_carbC,adch_hydO,adch_hydH,adch_fukui_plus_ketC,adch_fukui_minus_ketC,adch_fukui_plus_carbC,adch_fukui_minus_carbC,qtaim_rho_CO_ket,qtaim_lap_CO_ket,qtaim_ell_CO_ket,qtaim_rho_CC_new,qtaim_lap_CC_new,qtaim_ell_CC_new,qtaim_rho_HB,ald_adch_CHO_C,ald_adch_CHO_O,ald_adch_fukui_plus_CHO_C,ald_adch_fukui_minus_CHO_C,ald_adch_fukui_minus_CHO_O,ald_qtaim_lap_CO,ald_qtaim_ell_CO
220102,,0.191084,-0.343681,-0.013846,-0.539662,0.429771,0.111238,0.013449,0.003755,0.015345,0.399998,-0.131578,0.134118,0.23831,-0.37613,0.043876,,0.086336,-0.307861,0.129574,0.019371,0.124876,-0.030051,0.148092
46076,,,,,,,,,,,0.397516,-0.104865,0.126553,0.235045,-0.365947,0.022715,,0.101705,-0.304161,0.059143,0.011557,0.042313,0.005314,0.144726
24666,,0.179181,-0.345833,-0.002176,-0.502123,0.39502,0.146468,-0.00439,0.015242,0.002572,0.393053,-0.185607,0.128008,0.247216,-0.415559,0.064997,,0.073493,-0.284723,0.164815,0.003544,0.080243,-0.060885,0.148569
123629,,,,,,,,,,,0.395897,-0.159563,0.137773,0.239124,-0.380804,0.045523,,-0.038304,-0.278123,0.086686,0.040329,0.079271,-0.057697,0.150452
121732,,0.19211,-0.40285,0.065415,-0.658001,0.523937,0.262995,-0.004554,0.024779,0.006806,0.395926,-0.192223,0.120979,0.242537,-0.393314,0.053403,0.0227,-0.065209,-0.25551,0.207904,-0.037186,0.117386,-0.135318,0.132951
