id,error,adch_ketC,adch_ketO,adch_carbC,adch_hydO,adch_hydH,adch_fukui_plus_ketC,adch_fukui_minus_ketC,adch_fukui_plus_carbC,adch_fukui_minus_carbC,qtaim_rho_CO_ket,qtaim_lap_CO_ket,qtaim_ell_CO_ket,qtaim_rho_CC_new,qtaim_lap_CC_new,qtaim_ell_CC_new,qtaim_rho_HB,ald_adch_CHO_C,ald_adch_CHO_O,ald_adch_fukui_plus_CHO_C,ald_adch_fukui_minus_CHO_C,ald_adch_fukui_minus_CHO_O,ald_qtaim_lap_CO,ald_qtaim_ell_CO
207766,,,,,,,,,,,0.386553,-0.25816,0.141811,0.239512,-0.383643,0.049896,0.019559,0.100985,-0.351448,0.085729,-0.023463,0.041005,-0.1893,0.164708
180585,,0.20843,-0.273349,-0.032702,-0.522767,0.432077,0.033122,0.028739,0.012603,0.017512,0.403623,-0.060254,0.179583,0.227836,-0.329703,0.045816,,-0.415973,-0.074664,0.090264,-0.036689,0.199789,-0.013316,0.173879
153183,,,,,,,,,,,0.391487,-0.168009,0.13074,0.239677,-0.380694,0.047133,0.021155,0.085831,-0.327841,0.107648,-0.057593,0.061853,-0.079416,0.157203
48753,,,,,,,,,,,0.390046,-0.168004,0.135741,0.237186,-0.368438,0.047414,0.021833,0.105513,-0.324838,0.058289,0.032303,0.111038,-0.082739,0.163163
118325,,,,,,,0.062587,0.026958,0.037381,0.040386,0.391671,-0.153456,0.13637,0.238401,-0.373799,0.046398,0.021078,0.072568,-0.320806,0.082703,0.049267,0.137671,-0.066158,0.162248
