id,error,adch_ketC,adch_ketO,adch_carbC,adch_hydO,adch_hydH,adch_fukui_plus_ketC,adch_fukui_minus_ketC,adch_fukui_plus_carbC,adch_fukui_minus_carbC,qtaim_rho_CO_ket,qtaim_lap_CO_ket,qtaim_ell_CO_ket,qtaim_rho_CC_new,qtaim_lap_CC_new,qtaim_ell_CC_new,qtaim_rho_HB,ald_adch_CHO_C,ald_adch_CHO_O,ald_adch_fukui_plus_CHO_C,ald_adch_fukui_minus_CHO_C,ald_adch_fukui_minus_CHO_O,ald_qtaim_lap_CO,ald_qtaim_ell_CO
8898,,,,,,,,,,,0.393912,-0.149873,0.129917,0.239324,-0.378827,0.054006,,0.108684,-0.334164,0.100623,0.014432,0.087566,-0.119535,0.157873
40105,,,,,,,,,,,0.393987,-0.137744,0.118228,0.24211,-0.392492,0.050056,,-0.157294,-0.27356,0.058143,-0.091087,0.106359,-0.149451,0.148697
145267,,0.223234,-0.352142,0.203047,-0.50757,0.397542,0.074906,0.026372,0.037616,0.024842,0.387846,-0.232126,0.159558,0.237137,-0.369479,0.051054,0.024617,0.104966,-0.331156,0.066657,0.033126,0.140612,-0.145365,0.184587
175022,,0.234935,-0.301333,0.02032,-0.504986,0.426703,0.009493,0.012926,-0.024951,-0.034369,0.403143,-0.026876,0.167213,0.22943,-0.334628,0.046966,,0.110006,-0.269648,0.085215,0.047061,0.175415,-0.025379,0.167466
136319,,0.192814,-0.316182,-0.02705,-0.489347,0.390716,0.175184,0.004484,0.01586,0.007272,0.397615,-0.120403,0.136139,0.242232,-0.387993,0.048426,,0.031245,-0.269939,0.10136,-0.131842,0.199291,-0.030503,0.149199
