id,error,adch_ketC,adch_ketO,adch_carbC,adch_hydO,adch_hydH,adch_fukui_plus_ketC,adch_fukui_minus_ketC,adch_fukui_plus_carbC,adch_fukui_minus_carbC,qtaim_rho_CO_ket,qtaim_lap_CO_ket,qtaim_ell_CO_ket,qtaim_rho_CC_new,qtaim_lap_CC_new,qtaim_ell_CC_new,qtaim_rho_HB,ald_adch_CHO_C,ald_adch_CHO_O,ald_adch_fukui_plus_CHO_C,ald_adch_fukui_minus_CHO_C,ald_adch_fukui_minus_CHO_O,ald_qtaim_lap_CO,ald_qtaim_ell_CO
206726,,,,,,,,,,,0.383015,-0.27189,0.1456,0.238763,-0.379048,0.050662,0.021574,0.064877,-0.363135,0.089164,0.000151,0.069182,-0.189988,0.170811
54559,,0.173453,-0.410822,0.03355,-0.502271,0.412002,0.06473,-0.034091,0.008398,-0.023969,0.385439,-0.217452,0.1536,0.232923,-0.353021,0.029323,,0.093541,-0.331905,0.086842,0.048042,0.070586,-0.158417,0.163715
33280,,,,,,,,,,,0.392307,-0.22492,0.158689,0.231869,-0.352202,0.047412,,0.197147,-0.396736,0.034089,0.030786,0.103078,-0.175957,0.172127
76919,,,,,,,,,,,0.397119,-0.126058,0.132211,0.239445,-0.37611,0.045447,,0.109489,-0.306289,0.06142,-0.005402,0.052201,-0.009755,0.128746
4657,,0.188058,-0.344635,0.011337,-0.521897,0.41905,-0.002705,-0.001533,0.00425,0.01871,0.394925,-0.128538,0.14152,0.242565,-0.391247,0.056141,0.020391,0.094739,-0.304899,0.207043,0.177705,0.067079,-0.015195,0.154103
