id,error,adch_ketC,adch_ketO,adch_carbC,adch_hydO,adch_hydH,adch_fukui_plus_ketC,adch_fukui_minus_ketC,adch_fukui_plus_carbC,adch_fukui_minus_carbC,qtaim_rho_CO_ket,qtaim_lap_CO_ket,qtaim_ell_CO_ket,qtaim_rho_CC_new,qtaim_lap_CC_new,qtaim_ell_CC_new,qtaim_rho_HB,ald_adch_CHO_C,ald_adch_CHO_O,ald_adch_fukui_plus_CHO_C,ald_adch_fukui_minus_CHO_C,ald_adch_fukui_minus_CHO_O,ald_qtaim_lap_CO,ald_qtaim_ell_CO
102001,,,,,,,,,,,0.396725,-0.107743,0.128829,0.237922,-0.372275,0.038151,,-0.006375,-0.26826,-0.029367,-0.169889,0.096967,-0.009561,0.150011
109235,,0.104855,-0.305494,0.026389,-0.521918,0.40843,,,,,0.396717,-0.111914,0.126981,0.236681,-0.359273,0.048418,,0.103835,-0.312543,0.081931,0.013248,0.086788,0.009321,0.145109
51257,,,,,,,,,,,0.392929,-0.147986,0.118912,0.240335,-0.378636,0.044591,,0.0677,-0.310354,0.10166,0.022546,0.074153,-0.046207,0.15408
164497,,0.197594,-0.360933,-0.007069,-0.529409,0.449258,0.078563,0.004276,0.00271,-0.005573,0.397318,-0.10825,0.133161,0.242835,-0.389908,0.054403,0.018596,0.10709,-0.293354,0.091408,0.01219,0.075445,0.007588,0.14463
116349,,,,,,,0.059971,0.001813,0.003884,0.000569,0.394637,-0.12064,0.127366,0.239546,-0.37539,0.051706,0.019601,0.102429,-0.311611,0.077228,0.014444,0.069113,-0.018934,0.149124
