id,error,adch_ketC,adch_ketO,adch_carbC,adch_hydO,adch_hydH,adch_fukui_plus_ketC,adch_fukui_minus_ketC,adch_fukui_plus_carbC,adch_fukui_minus_carbC,qtaim_rho_CO_ket,qtaim_lap_CO_ket,qtaim_ell_CO_ket,qtaim_rho_CC_new,qtaim_lap_CC_new,qtaim_ell_CC_new,qtaim_rho_HB,ald_adch_CHO_C,ald_adch_CHO_O,ald_adch_fukui_plus_CHO_C,ald_adch_fukui_minus_CHO_C,ald_adch_fukui_minus_CHO_O,ald_qtaim_lap_CO,ald_qtaim_ell_CO
129757,,0.160698,-0.355414,0.04787,-0.501756,0.417461,,,,,0.393062,-0.152827,0.140779,0.237144,-0.367516,0.047063,0.020823,0.102625,-0.310194,0.049548,-0.057843,0.14343,-0.069824,0.164271
157148,,,,,,,,,,,0.396886,-0.07602,0.149383,0.236665,-0.364501,0.051872,,0.09273,-0.314373,0.075907,0.010419,0.107001,-0.08371,0.171385
122642,,0.252169,-0.38336,0.022831,-0.492697,0.405491,0.116646,,0.007604,,0.380263,-0.252638,0.132776,0.240559,-0.389767,0.051102,0.020615,0.092685,-0.347572,0.103863,0.022289,0.074332,-0.176593,0.158399
6436,,0.172516,-0.375435,-0.037085,-0.538646,0.418244,0.076571,-0.005951,-0.029571,-0.015718,0.387667,-0.214129,0.142141,0.236377,-0.3662,0.048456,0.022395,-0.441227,-0.16401,0.081588,-0.147883,0.208584,-0.13703,0.170746
91325,,,,,,,,,,,0.39173,-0.175996,0.143573,0.23844,-0.374298,0.048243,0.020643,0.101504,-0.321122,0.068587,0.010295,0.048437,-0.082888,0.167251
