id,error,adch_ketC,adch_ketO,adch_carbC,adch_hydO,adch_hydH,adch_fukui_plus_ketC,adch_fukui_minus_ketC,adch_fukui_plus_carbC,adch_fukui_minus_carbC,qtaim_rho_CO_ket,qtaim_lap_CO_ket,qtaim_ell_CO_ket,qtaim_rho_CC_new,qtaim_lap_CC_new,qtaim_ell_CC_new,qtaim_rho_HB,ald_adch_CHO_C,ald_adch_CHO_O,ald_adch_fukui_plus_CHO_C,ald_adch_fukui_minus_CHO_C,ald_adch_fukui_minus_CHO_O,ald_qtaim_lap_CO,ald_qtaim_ell_CO
10243,,0.163248,-0.327844,0.079934,-0.517322,0.417832,0.076289,-0.074226,0.031175,0.008505,0.386402,-0.238142,0.130207,0.239732,-0.384834,0.046963,0.021444,0.09891,-0.328403,0.102248,0.014489,0.093449,-0.152446,0.161836
140592,,0.09305,-0.401547,-0.00171,-0.527116,0.424873,0.053421,,-0.006931,,0.388867,-0.299088,0.16412,0.236497,-0.370177,0.051475,0.021603,0.076859,-0.369501,0.054628,0.024458,0.113722,-0.23026,0.186699
111884,,,,,,,,,,,0.394095,-0.195222,0.1331,0.242348,-0.387558,0.056489,,0.093358,-0.313797,0.120025,0.007434,0.046091,-0.03555,0.143869
44391,,,,,,,,,,,0.393608,-0.232978,0.159668,0.234011,-0.351792,0.052628,,0.036418,-0.332861,0.061877,-0.056269,0.06404,-0.178183,0.181832
152786,,0.191572,-0.303668,-0.007722,-0.490495,0.409185,0.112114,0.050505,-0.012743,-0.020944,0.401702,-0.055342,0.146474,0.232976,-0.34478,0.050102,,0.067962,-0.278497,0.06383,0.029903,0.121203,-0.073372,0.173883
