id,error,adch_ketC,adch_ketO,adch_carbC,adch_hydO,adch_hydH,adch_fukui_plus_ketC,adch_fukui_minus_ketC,adch_fukui_plus_carbC,adch_fukui_minus_carbC,qtaim_rho_CO_ket,qtaim_lap_CO_ket,qtaim_ell_CO_ket,qtaim_rho_CC_new,qtaim_lap_CC_new,qtaim_ell_CC_new,qtaim_rho_HB,ald_adch_CHO_C,ald_adch_CHO_O,ald_adch_fukui_plus_CHO_C,ald_adch_fukui_minus_CHO_C,ald_adch_fukui_minus_CHO_O,ald_qtaim_lap_CO,ald_qtaim_ell_CO
32223,,,,,,,,,,,0.396827,-0.098918,0.132383,0.230423,-0.333194,0.046783,,0.122335,-0.300561,0.041275,0.027818,0.098447,-0.105256,0.147482
41464,,,,,,,,,,,0.383952,-0.240365,0.160857,0.23348,-0.351716,0.052789,0.024079,0.053276,-0.332142,0.04362,0.009338,0.064095,-0.171249,0.190773
133643,,,,,,,,,,,0.393086,-0.117528,0.147778,0.227943,-0.329601,0.01401,,0.118147,-0.316573,0.092028,0.018149,0.089091,-0.051714,0.162771
22321,,,,,,,,,,,0.390256,-0.158107,0.146832,0.234987,-0.354366,0.044542,,0.351239,-0.521456,0.170147,0.157796,-0.043561,-0.129935,0.16059
51755,,0.167306,-0.334163,-0.007002,-0.52059,0.420753,0.027829,-0.010504,-0.009761,-0.01065,0.390212,-0.151892,0.153334,0.231119,-0.338425,0.045796,,0.055132,-0.307706,0.035407,0.000731,0.065625,-0.070359,0.174579
