id,error,adch_ketC,adch_ketO,adch_carbC,adch_hydO,adch_hydH,adch_fukui_plus_ketC,adch_fukui_minus_ketC,adch_fukui_plus_carbC,adch_fukui_minus_carbC,qtaim_rho_CO_ket,qtaim_lap_CO_ket,qtaim_ell_CO_ket,qtaim_rho_CC_new,qtaim_lap_CC_new,qtaim_ell_CC_new,qtaim_rho_HB,ald_adch_CHO_C,ald_adch_CHO_O,ald_adch_fukui_plus_CHO_C,ald_adch_fukui_minus_CHO_C,ald_adch_fukui_minus_CHO_O,ald_qtaim_lap_CO,ald_qtaim_ell_CO
74324,,0.160219,-0.363749,-0.004193,-0.553591,0.490215,0.048438,-0.003576,-0.003545,0.000367,0.398352,-0.064615,0.140608,0.240603,-0.381031,0.049487,0.018709,0.080133,-0.288698,0.075412,0.032716,0.116102,0.014781,0.161022
115383,,,,,,,,,,,0.397326,-0.092245,0.123716,0.239027,-0.380119,0.024434,,0.07809,-0.315397,0.070628,0.018825,0.062486,-0.030909,0.14097
123426,,,,,,,,,,,0.39235,-0.147665,0.116313,0.243101,-0.392143,0.054363,0.022119,0.206729,-0.363571,0.094052,-0.023852,0.037389,-0.033767,0.141063
50577,,,,,,,,,,,0.395366,-0.104088,0.121878,0.234879,-0.358399,0.018762,,-0.014995,-0.282246,0.052183,-0.056367,0.052641,-0.075077,0.159591
121679,,0.206233,-0.319957,0.011297,-0.542382,0.451461,0.02199,0.005454,-0.003538,0.007904,0.394193,-0.064154,0.121583,0.236176,-0.366791,0.015391,,0.112551,-0.304259,0.055759,0.027187,0.102674,0.00026,0.145786
