id,error,adch_ketC,adch_ketO,adch_carbC,adch_hydO,adch_hydH,adch_fukui_plus_ketC,adch_fukui_minus_ketC,adch_fukui_plus_carbC,adch_fukui_minus_carbC,qtaim_rho_CO_ket,qtaim_lap_CO_ket,qtaim_ell_CO_ket,qtaim_rho_CC_new,qtaim_lap_CC_new,qtaim_ell_CC_new,qtaim_rho_HB,ald_adch_CHO_C,ald_adch_CHO_O,ald_adch_fukui_plus_CHO_C,ald_adch_fukui_minus_CHO_C,ald_adch_fukui_minus_CHO_O,ald_qtaim_lap_CO,ald_qtaim_ell_CO
192741,,0.330066,-0.411161,0.053486,-0.519126,0.41492,-0.013366,-0.010028,0.0429,0.069481,0.403784,-0.263906,0.181078,0.237293,-0.373005,0.060407,,0.099428,-0.311541,0.071164,0.030005,0.138695,-0.079717,0.174066
31420,,,,,,,,,,,0.392648,-0.184533,0.143235,0.238286,-0.372917,0.048768,0.021428,0.111018,-0.326459,0.105209,0.113499,0.095095,-0.101463,0.166992
218085,,0.235612,-0.379883,0.041359,-0.508554,0.408273,0.097706,0.029823,0.024577,-0.007715,0.389216,-0.19577,0.137252,0.237244,-0.368713,0.048158,0.022372,0.10154,-0.335536,0.086582,0.034687,0.129568,-0.111492,0.166997
40843,,,,,,,,,,,0.387239,-0.213185,0.146905,0.237275,-0.370308,0.051396,0.02393,0.095993,-0.353142,0.099616,0.029845,0.124138,-0.148055,0.171492
213487,,0.273519,-0.274097,-0.011454,-0.465915,0.373865,0.007942,0.026487,-0.020552,-0.018346,0.400734,-0.062263,0.151803,0.231875,-0.339759,0.05351,,0.101429,-0.31955,0.058957,0.035533,0.136894,-0.056665,0.163015
