id,error,adch_ketC,adch_ketO,adch_carbC,adch_hydO,adch_hydH,adch_fukui_plus_ketC,adch_fukui_minus_ketC,adch_fukui_plus_carbC,adch_fukui_minus_carbC,qtaim_rho_CO_ket,qtaim_lap_CO_ket,qtaim_ell_CO_ket,qtaim_rho_CC_new,qtaim_lap_CC_new,qtaim_ell_CC_new,qtaim_rho_HB,ald_adch_CHO_C,ald_adch_CHO_O,ald_adch_fukui_plus_CHO_C,ald_adch_fukui_minus_CHO_C,ald_adch_fukui_minus_CHO_O,ald_qtaim_lap_CO,ald_qtaim_ell_CO
183365,,0.209952,-0.306883,0.011902,-0.473448,0.384155,0.077388,0.035232,0.01067,0.022172,0.397396,-0.09506,0.145517,0.233818,-0.351972,0.053412,,0.137724,-0.325765,0.082332,0.033683,0.191283,-0.042489,0.160326
208419,,,,,,,,,,,0.391404,-0.197429,0.130954,0.24155,-0.387024,0.046626,,0.359121,-0.452822,0.290971,0.363705,-0.024723,-0.114607,0.160135
46342,,,,,,,,,,,0.397576,-0.08361,0.130988,0.241765,-0.386572,0.048847,,-0.088479,-0.23412,0.044925,0.038399,0.04276,0.004703,0.151505
13421,,0.194936,-0.324294,0.041351,-0.473688,0.378225,0.071135,-0.009806,0.027204,0.014015,0.395128,-0.190741,0.141611,0.238277,-0.374932,0.049145,0.021086,0.053124,-0.32719,0.060037,0.006995,0.109317,-0.108622,0.162251
88012,,,,,,,0.031522,0.013388,-0.002825,0.002291,0.398992,-0.087007,0.151671,0.23438,-0.35401,0.051069,,0.082034,-0.309758,0.047882,0.058512,0.093976,-0.1047,0.176061
