id,error,adch_ketC,adch_ketO,adch_carbC,adch_hydO,adch_hydH,adch_fukui_plus_ketC,adch_fukui_minus_ketC,adch_fukui_plus_carbC,adch_fukui_minus_carbC,qtaim_rho_CO_ket,qtaim_lap_CO_ket,qtaim_ell_CO_ket,qtaim_rho_CC_new,qtaim_lap_CC_new,qtaim_ell_CC_new,qtaim_rho_HB,ald_adch_CHO_C,ald_adch_CHO_O,ald_adch_fukui_plus_CHO_C,ald_adch_fukui_minus_CHO_C,ald_adch_fukui_minus_CHO_O,ald_qtaim_lap_CO,ald_qtaim_ell_CO
113754,,,,,,,,,,,0.396922,-0.110829,0.137622,0.235864,-0.366258,0.04543,,0.142723,-0.314644,0.049739,-0.012433,0.127259,-0.006467,0.145107
103343,,0.206358,-0.325225,0.012327,-0.584339,0.4604,0.116605,-0.020038,0.008913,-0.001817,0.39748,-0.073782,0.143957,0.238156,-0.367523,0.047958,0.020419,0.010178,-0.263998,0.024778,-0.152019,0.160718,-0.000569,0.157143
207479,,0.171152,-0.33205,0.002905,-0.523228,0.402319,0.055999,-0.009739,0.006391,0.010114,0.393583,-0.132205,0.133815,0.242654,-0.391477,0.051692,0.019265,0.092079,-0.312154,0.089841,0.020916,0.10996,-0.022686,0.154295
100775,,,,,,,,,,,0.393758,-0.199491,0.149967,0.250231,-0.425536,0.066944,,-0.011356,-0.279365,-0.016128,-0.099569,0.136744,-0.079696,0.143058
102038,,,,,,,,,,,0.403409,-0.263974,0.179043,0.228895,-0.326505,0.020567,,0.317115,-0.385481,0.083711,0.041711,0.048351,-0.205851,0.206994
