id,error,adch_ketC,adch_ketO,adch_carbC,adch_hydO,adch_hydH,adch_fukui_plus_ketC,adch_fukui_minus_ketC,adch_fukui_plus_carbC,adch_fukui_minus_carbC,qtaim_rho_CO_ket,qtaim_lap_CO_ket,qtaim_ell_CO_ket,qtaim_rho_CC_new,qtaim_lap_CC_new,qtaim_ell_CC_new,qtaim_rho_HB,ald_adch_CHO_C,ald_adch_CHO_O,ald_adch_fukui_plus_CHO_C,ald_adch_fukui_minus_CHO_C,ald_adch_fukui_minus_CHO_O,ald_qtaim_lap_CO,ald_qtaim_ell_CO
193366,,0.180943,-0.296926,0.052348,-0.516291,0.422,-0.052816,0.018277,0.010556,0.029412,0.401954,-0.079998,0.145018,0.224239,-0.305124,0.05492,,0.111059,-0.319905,0.00157,0.079307,0.215878,-0.20693,0.162135
7813,,,,,,,,,,,0.392035,-0.153896,0.124167,0.236577,-0.364423,0.049294,0.020487,0.024397,-0.329134,0.031404,0.00733,0.051481,-0.140974,0.170499
145393,,0.17451,-0.342617,0.041441,-0.537672,0.411149,0.054354,0.002987,0.007982,0.009891,0.389316,-0.196445,0.147376,0.239405,-0.379215,0.050247,0.019579,0.072869,-0.335934,0.0714,-0.002716,0.138029,-0.134656,0.177356
32187,,0.204874,-0.346395,0.037665,-0.509486,0.403246,0.068324,0.041228,0.037494,0.022177,0.39206,-0.18089,0.155212,0.233839,-0.351335,0.048767,0.021592,0.107068,-0.341763,0.073528,0.041159,0.172694,-0.132445,0.169397
154187,,0.192449,-0.338163,0.01313,-0.527259,0.424528,0.065779,-0.008967,0.003308,0.003441,0.393276,-0.217065,0.161376,0.236605,-0.36455,0.05342,0.017765,0.009161,-0.310954,0.081865,0.011157,0.113197,-0.154936,0.181638
