id,error,adch_ketC,adch_ketO,adch_carbC,adch_hydO,adch_hydH,adch_fukui_plus_ketC,adch_fukui_minus_ketC,adch_fukui_plus_carbC,adch_fukui_minus_carbC,qtaim_rho_CO_ket,qtaim_lap_CO_ket,qtaim_ell_CO_ket,qtaim_rho_CC_new,qtaim_lap_CC_new,qtaim_ell_CC_new,qtaim_rho_HB,ald_adch_CHO_C,ald_adch_CHO_O,ald_adch_fukui_plus_CHO_C,ald_adch_fukui_minus_CHO_C,ald_adch_fukui_minus_CHO_O,ald_qtaim_lap_CO,ald_qtaim_ell_CO
121075,,,,,,,,,,,0.390641,-0.169808,0.134106,0.235839,-0.366033,0.019456,,0.295762,-0.4068,0.134433,0.019991,0.055641,-0.083229,0.159832
215361,,,,,,,,,,,0.390566,-0.161147,0.132753,0.237573,-0.369583,0.047947,0.021386,,,,,,-0.098068,0.161289
197512,,0.200339,-0.359346,0.093139,-0.51152,0.419634,0.089717,0.05114,0.041165,0.043124,0.390836,-0.158149,0.136748,0.238248,-0.373322,0.046614,0.021273,0.090314,-0.322151,0.064662,-0.023084,0.12249,-0.072797,0.162436
115682,,,,,,,0.063892,0.015872,0.005112,0.008163,0.39635,-0.136499,0.123716,0.240318,-0.380079,0.050178,0.021596,0.04046,-0.321315,0.06035,-0.010387,0.092258,-0.074131,0.121323
18612,,0.249182,-0.339414,0.168278,-0.345,0.414369,0.073557,0.059787,-0.239019,-0.160582,0.397637,-0.17729,0.186394,0.229649,-0.338851,0.048477,,0.101505,-0.290933,0.068324,0.039442,0.172667,-0.079651,0.181576
