id,error,adch_ketC,adch_ketO,adch_carbC,adch_hydO,adch_hydH,adch_fukui_plus_ketC,adch_fukui_minus_ketC,adch_fukui_plus_carbC,adch_fukui_minus_carbC,qtaim_rho_CO_ket,qtaim_lap_CO_ket,qtaim_ell_CO_ket,qtaim_rho_CC_new,qtaim_lap_CC_new,qtaim_ell_CC_new,qtaim_rho_HB,ald_adch_CHO_C,ald_adch_CHO_O,ald_adch_fukui_plus_CHO_C,ald_adch_fukui_minus_CHO_C,ald_adch_fukui_minus_CHO_O,ald_qtaim_lap_CO,ald_qtaim_ell_CO
120181,,0.170499,-0.275905,0.006158,-0.506839,0.429759,-0.085765,-0.068694,0.011013,0.038657,0.403751,-0.01778,0.152062,0.226644,-0.313417,0.052504,,0.104661,-0.297844,0.088711,0.029678,0.109974,-0.063352,0.173908
164121,,0.200696,-0.356337,0.099284,-0.523625,0.42984,0.029465,-0.036153,0.070961,0.069956,0.39304,-0.196979,0.139039,0.241808,-0.391755,0.052643,0.020661,0.10699,-0.329409,0.067324,0.037964,0.153749,-0.112966,0.157828
22244,,0.176698,-0.343841,0.062522,-0.498465,0.39663,,,,,0.393388,-0.194371,0.136019,0.238746,-0.377414,0.049301,0.021191,0.100018,-0.334992,0.093668,0.033924,0.118478,-0.125094,0.160395
192284,,0.215827,-0.287089,-0.077583,-0.467396,0.377164,0.076236,0.018145,-0.071238,-0.057574,0.398521,-0.077002,0.143517,0.233847,-0.350085,0.052586,,0.135829,-0.285957,0.082374,-0.015065,0.081957,-0.077829,0.163637
164713,,0.205198,-0.362618,0.060265,-0.5064,0.398246,0.101378,-0.027445,0.035956,0.013155,0.392311,-0.257207,0.139136,0.239464,-0.3818,0.050359,0.023771,0.097839,-0.344347,0.096897,0.021556,0.111771,-0.158593,0.164465
