id,error,adch_ketC,adch_ketO,adch_carbC,adch_hydO,adch_hydH,adch_fukui_plus_ketC,adch_fukui_minus_ketC,adch_fukui_plus_carbC,adch_fukui_minus_carbC,qtaim_rho_CO_ket,qtaim_lap_CO_ket,qtaim_ell_CO_ket,qtaim_rho_CC_new,qtaim_lap_CC_new,qtaim_ell_CC_new,qtaim_rho_HB,ald_adch_CHO_C,ald_adch_CHO_O,ald_adch_fukui_plus_CHO_C,ald_adch_fukui_minus_CHO_C,ald_adch_fukui_minus_CHO_O,ald_qtaim_lap_CO,ald_qtaim_ell_CO
77930,,,,,,,,,,,0.39614,-0.109536,0.12815,0.239719,-0.376336,0.043897,,0.101236,-0.308529,0.098277,0.010376,0.058024,-0.022248,0.150062
176174,,0.173109,-0.344463,0.317957,-0.50174,0.417235,0.075587,0.091339,0.430488,0.171868,0.39404,-0.180288,0.153178,0.236167,-0.362877,0.048914,0.017936,0.097216,-0.31164,0.069649,0.021281,0.117027,-0.09642,0.175309
175256,,0.240177,-0.312396,-0.005076,-0.471561,0.412099,0.076231,0.020473,0.013666,0.02073,0.398795,-0.11561,0.137998,0.228417,-0.325967,0.030427,,0.128496,-0.284547,0.080504,-0.039402,0.145116,-0.037682,0.144467
218258,,,,,,,,,,,0.398133,-0.129762,0.13762,0.236666,-0.363196,0.043917,0.020031,0.056631,-0.324261,0.01091,-0.01632,0.057834,-0.132856,0.141238
191997,,0.226434,-0.312505,0.026547,-0.551401,0.455727,-0.011467,0.021984,0.006407,0.043277,0.398565,-0.073016,0.132287,0.232205,-0.339907,0.046393,,0.120679,-0.322274,0.110485,0.039226,0.093243,-0.038018,0.167709
