id,error,adch_ketC,adch_ketO,adch_carbC,adch_hydO,adch_hydH,adch_fukui_plus_ketC,adch_fukui_minus_ketC,adch_fukui_plus_carbC,adch_fukui_minus_carbC,qtaim_rho_CO_ket,qtaim_lap_CO_ket,qtaim_ell_CO_ket,qtaim_rho_CC_new,qtaim_lap_CC_new,qtaim_ell_CC_new,qtaim_rho_HB,ald_adch_CHO_C,ald_adch_CHO_O,ald_adch_fukui_plus_CHO_C,ald_adch_fukui_minus_CHO_C,ald_adch_fukui_minus_CHO_O,ald_qtaim_lap_CO,ald_qtaim_ell_CO
57806,,0.182329,-0.335897,0.00835,-0.521167,0.419537,0.060533,,0.001708,,0.386666,-0.209066,0.146143,0.239593,-0.382849,0.054855,0.022877,0.134989,-0.333138,0.085997,0.020796,0.062096,-0.138716,0.158001
68633,,,,,,,,,,,0.390073,-0.223581,0.159604,0.235234,-0.357785,0.050007,0.021241,0.141681,-0.344571,0.085925,0.024583,0.119049,-0.155475,0.184893
11488,,0.174187,-0.313063,0.023204,-0.522513,0.439601,0.105574,0.043359,0.015626,0.008128,0.399447,-0.167326,0.152371,0.239942,-0.383305,0.052414,,0.100122,-0.311415,0.126232,0.048324,0.177257,-0.096133,0.164116
20652,,,,,,,,,,,0.381881,-0.242264,0.145912,0.229637,-0.340407,0.013783,,,,,,,-0.22346,0.152273
78610,,0.214824,-0.365143,0.107958,-0.514683,0.403256,0.087069,0.071535,0.040934,-0.00698,0.388702,-0.210316,0.149319,0.23653,-0.364526,0.048313,0.022699,0.097598,-0.336618,0.078801,0.02662,0.109882,-0.133042,0.174877
