id,error,adch_ketC,adch_ketO,adch_carbC,adch_hydO,adch_hydH,adch_fukui_plus_ketC,adch_fukui_minus_ketC,adch_fukui_plus_carbC,adch_fukui_minus_carbC,qtaim_rho_CO_ket,qtaim_lap_CO_ket,qtaim_ell_CO_ket,qtaim_rho_CC_new,qtaim_lap_CC_new,qtaim_ell_CC_new,qtaim_rho_HB,ald_adch_CHO_C,ald_adch_CHO_O,ald_adch_fukui_plus_CHO_C,ald_adch_fukui_minus_CHO_C,ald_adch_fukui_minus_CHO_O,ald_qtaim_lap_CO,ald_qtaim_ell_CO
81635,,0.175001,-0.303445,0.017107,-0.508649,0.406394,0.082295,0.014453,0.00525,0.00811,0.400046,-0.121669,0.138646,0.234595,-0.351611,0.044986,,0.024857,-0.276644,0.068749,-0.011806,0.095485,-0.078252,0.167492
215267,,,,,,,,,,,0.397754,-0.158243,0.142409,0.246604,-0.410743,0.058496,,-0.059796,-0.252544,-0.035038,-0.24923,0.163434,-0.025771,0.149372
73786,,0.201128,-0.320065,-0.01648,-0.497724,0.415944,,,,,0.398526,-0.08328,0.141218,0.241705,-0.385323,0.043865,,0.110402,-0.286862,0.042606,0.012466,0.062155,0.022582,0.152338
43402,,,,,,,,,,,0.397271,-0.072527,0.119855,0.235457,-0.360595,0.031533,,0.33465,-0.39035,0.122661,0.076564,0.032648,-0.020129,0.139212
165703,,0.202871,-0.31489,0.001902,-0.489474,0.343655,0.051506,-0.010322,-0.001878,-0.011958,0.393148,-0.108526,0.125038,0.241241,-0.385034,0.051026,0.021575,0.099782,-0.315418,0.088873,0.014912,0.089582,-0.012699,0.146732
