id,error,adch_ketC,adch_ketO,adch_carbC,adch_hydO,adch_hydH,adch_fukui_plus_ketC,adch_fukui_minus_ketC,adch_fukui_plus_carbC,adch_fukui_minus_carbC,qtaim_rho_CO_ket,qtaim_lap_CO_ket,qtaim_ell_CO_ket,qtaim_rho_CC_new,qtaim_lap_CC_new,qtaim_ell_CC_new,qtaim_rho_HB,ald_adch_CHO_C,ald_adch_CHO_O,ald_adch_fukui_plus_CHO_C,ald_adch_fukui_minus_CHO_C,ald_adch_fukui_minus_CHO_O,ald_qtaim_lap_CO,ald_qtaim_ell_CO
24209,,0.183202,-0.36132,-0.014588,-0.52316,0.427409,0.145221,-0.006164,0.010264,-0.004722,0.393878,-0.183438,0.135143,0.245338,-0.405263,0.061148,0.020258,0.082928,-0.292407,0.15317,0.014234,0.061387,-0.054974,0.152768
65445,,,,,,,,,,,0.393522,-0.179248,0.14521,0.237153,-0.373071,0.033291,,0.014174,-0.34702,-0.009579,-0.015357,0.082951,-0.231272,0.158373
74501,,,,,,,,,,,0.400211,-0.09911,0.150741,0.240995,-0.38159,0.047492,,0.087959,-0.285586,0.077963,6.7e-05,0.060739,0.004583,0.16268
25052,,0.189428,-0.325752,0.031697,-0.510981,0.403207,0.110498,-0.000536,0.000291,-0.013076,0.394921,-0.122403,0.132627,0.243639,-0.395492,0.05075,0.019424,0.294763,-0.391769,0.188889,0.093526,0.182426,-0.063408,0.165506
21203,,,,,,,0.033404,-0.004351,0.001627,-0.000868,0.398355,-0.137977,0.136935,0.233981,-0.353699,0.052325,,0.125267,-0.328943,0.065132,0.032402,0.077614,-0.099814,0.1608
