id,error,adch_ketC,adch_ketO,adch_carbC,adch_hydO,adch_hydH,adch_fukui_plus_ketC,adch_fukui_minus_ketC,adch_fukui_plus_carbC,adch_fukui_minus_carbC,qtaim_rho_CO_ket,qtaim_lap_CO_ket,qtaim_ell_CO_ket,qtaim_rho_CC_new,qtaim_lap_CC_new,qtaim_ell_CC_new,qtaim_rho_HB,ald_adch_CHO_C,ald_adch_CHO_O,ald_adch_fukui_plus_CHO_C,ald_adch_fukui_minus_CHO_C,ald_adch_fukui_minus_CHO_O,ald_qtaim_lap_CO,ald_qtaim_ell_CO
187388,,0.187477,-0.366393,0.01579,-0.474747,0.407814,0.067308,0.044104,-0.025493,-0.019791,0.393379,-0.232567,0.181509,0.229282,-0.338194,0.04295,,0.092298,-0.336019,0.064148,0.040563,0.15172,-0.143256,0.180093
76426,,,,,,,,,,,0.394285,-0.138426,0.146086,0.238101,-0.372702,0.050954,0.020885,0.108105,-0.314027,0.050595,0.02547,0.084376,-0.061466,0.160872
107533,,0.18454,-0.3602,0.100429,-0.507268,0.414738,0.076048,0.053628,0.035282,0.054271,0.390437,-0.184763,0.138792,0.237325,-0.369133,0.046792,0.021398,0.112846,-0.32739,0.071335,0.025686,0.146128,-0.099188,0.165817
153358,,,,,,,,,,,0.391043,-0.171461,0.129688,0.239166,-0.378453,0.04688,0.0215,0.083289,-0.327328,0.10476,-0.030958,0.081623,-0.079001,0.157356
198347,,,,,,,0.010108,-0.008345,-0.008076,0.001019,0.398925,-0.071262,0.140726,0.233459,-0.348293,0.052519,,0.091406,-0.306478,0.073667,0.040414,0.118332,-0.09114,0.161668
