id,error,adch_ketC,adch_ketO,adch_carbC,adch_hydO,adch_hydH,adch_fukui_plus_ketC,adch_fukui_minus_ketC,adch_fukui_plus_carbC,adch_fukui_minus_carbC,qtaim_rho_CO_ket,qtaim_lap_CO_ket,qtaim_ell_CO_ket,qtaim_rho_CC_new,qtaim_lap_CC_new,qtaim_ell_CC_new,qtaim_rho_HB,ald_adch_CHO_C,ald_adch_CHO_O,ald_adch_fukui_plus_CHO_C,ald_adch_fukui_minus_CHO_C,ald_adch_fukui_minus_CHO_O,ald_qtaim_lap_CO,ald_qtaim_ell_CO
193831,,0.217005,-0.31271,0.007541,-0.528017,0.43701,0.089039,0.008417,-0.013358,-0.021316,0.399264,-0.078774,0.146675,0.230936,-0.336349,0.047974,0.018304,0.13263,-0.311758,0.086911,0.032466,0.125808,-0.031317,0.162909
174389,,0.217393,-0.320648,0.028263,-0.512781,0.452681,0.025349,0.003857,0.008391,0.010001,0.398944,-0.052148,0.148695,0.229524,-0.330607,0.05386,0.019254,0.123184,-0.285961,0.082949,0.048612,0.167754,-0.01765,0.151692
72902,,,,,,,,,,,0.391499,-0.182086,0.144562,0.238665,-0.376295,0.05173,0.022596,0.064382,-0.336742,0.052726,-0.013626,0.110252,-0.105431,0.16372
103483,,0.171064,-0.316514,0.006022,-0.509458,0.417742,0.068913,0.077473,-0.009792,-0.033757,0.397622,-0.230059,0.173237,0.232032,-0.341966,0.051771,,0.084424,-0.321198,0.071381,0.039996,0.163204,-0.173621,0.191801
76358,,,,,,,,,,,0.39556,-0.113611,0.160791,0.236311,-0.3632,0.054053,0.020396,0.133461,-0.315204,0.069253,0.034888,0.087532,-0.052955,0.175662
