id,error,adch_ketC,adch_ketO,adch_carbC,adch_hydO,adch_hydH,adch_fukui_plus_ketC,adch_fukui_minus_ketC,adch_fukui_plus_carbC,adch_fukui_minus_carbC,qtaim_rho_CO_ket,qtaim_lap_CO_ket,qtaim_ell_CO_ket,qtaim_rho_CC_new,qtaim_lap_CC_new,qtaim_ell_CC_new,qtaim_rho_HB,ald_adch_CHO_C,ald_adch_CHO_O,ald_adch_fukui_plus_CHO_C,ald_adch_fukui_minus_CHO_C,ald_adch_fukui_minus_CHO_O,ald_qtaim_lap_CO,ald_qtaim_ell_CO
210115,,0.196994,-0.356247,0.008813,-0.529209,0.411688,0.094012,0.008342,0.008924,0.012398,0.393304,-0.17624,0.137443,0.23879,-0.374452,0.053482,0.021539,0.100429,-0.328558,0.104222,0.04194,0.171179,-0.102501,0.16021
78091,,0.186168,-0.327319,-0.020189,-0.513752,0.414406,0.083025,0.001732,0.004605,-0.000285,0.397306,-0.139765,0.146527,0.243986,-0.398279,0.051019,,0.090015,-0.295688,0.113045,0.01748,0.066939,-0.017277,0.154487
78208,,0.227713,-0.35673,-0.019299,-0.534295,0.387166,0.02013,0.003048,0.004113,0.01285,0.396711,-0.120845,0.143085,0.238607,-0.378995,0.04393,,0.094289,-0.304024,0.085638,0.025042,0.08907,-0.030012,0.156066
210419,,0.198181,-0.329321,-0.013316,-0.521234,0.411399,-0.003443,-0.070658,0.016468,0.030709,0.397529,-0.084081,0.127745,0.236578,-0.367595,0.018156,,0.099288,-0.309838,0.066468,0.022176,0.106904,-0.006799,0.151678
16613,,0.190623,-0.346095,-0.002645,-0.525961,0.408018,0.11307,0.014296,0.0121,0.01512,0.394797,-0.14098,0.128461,0.243192,-0.393776,0.050313,,0.09915,-0.316323,0.127695,0.025083,0.127071,-0.02318,0.149697
