id,error,adch_ketC,adch_ketO,adch_carbC,adch_hydO,adch_hydH,adch_fukui_plus_ketC,adch_fukui_minus_ketC,adch_fukui_plus_carbC,adch_fukui_minus_carbC,qtaim_rho_CO_ket,qtaim_lap_CO_ket,qtaim_ell_CO_ket,qtaim_rho_CC_new,qtaim_lap_CC_new,qtaim_ell_CC_new,qtaim_rho_HB,ald_adch_CHO_C,ald_adch_CHO_O,ald_adch_fukui_plus_CHO_C,ald_adch_fukui_minus_CHO_C,ald_adch_fukui_minus_CHO_O,ald_qtaim_lap_CO,ald_qtaim_ell_CO
42209,,,,,,,,,,,0.390986,-0.225693,0.141184,0.239674,-0.383328,0.051651,0.019138,0.10147,-0.348343,0.06036,0.028834,0.113283,-0.142593,0.16311
132116,,0.206868,-0.331336,0.05658,-0.52689,0.422882,0.059447,0.026547,-0.003291,-0.002208,0.39874,-0.123521,0.128462,0.234052,-0.352888,0.053956,,0.136554,-0.359145,0.092222,0.052585,0.140448,-0.06341,0.143995
210959,,0.094295,-0.286544,0.092482,-0.531225,0.397274,0.098258,0.111713,0.031357,-0.007945,0.394416,-0.176302,0.139161,0.242635,-0.394877,0.050341,,0.080139,-0.321012,0.098302,0.015452,0.128244,-0.085488,0.156582
128460,,,,,,,,,,,0.399614,-0.054613,0.147745,0.236641,-0.363839,0.055228,,0.100975,-0.29999,0.057777,0.022664,0.09906,-0.052216,0.17062
167304,,0.264977,-0.338365,0.033719,-0.514256,0.451351,0.048994,0.004022,0.014642,0.01421,0.398301,-0.085592,0.153685,0.231644,-0.337848,0.054182,0.018933,0.110895,-0.291967,0.065631,0.047287,0.160168,-0.05668,0.166136
