id,error,adch_ketC,adch_ketO,adch_carbC,adch_hydO,adch_hydH,adch_fukui_plus_ketC,adch_fukui_minus_ketC,adch_fukui_plus_carbC,adch_fukui_minus_carbC,qtaim_rho_CO_ket,qtaim_lap_CO_ket,qtaim_ell_CO_ket,qtaim_rho_CC_new,qtaim_lap_CC_new,qtaim_ell_CC_new,qtaim_rho_HB,ald_adch_CHO_C,ald_adch_CHO_O,ald_adch_fukui_plus_CHO_C,ald_adch_fukui_minus_CHO_C,ald_adch_fukui_minus_CHO_O,ald_qtaim_lap_CO,ald_qtaim_ell_CO
118088,,,,,,,,,,,0.402859,-0.056688,0.133901,0.240082,-0.380346,0.045016,,-0.017539,-0.253031,0.021874,-0.000621,0.031846,-0.006147,0.142499
31996,,,,,,,,,,,0.39667,-0.114987,0.125998,0.239431,-0.376977,0.035727,,0.095862,-0.302949,0.086957,0.005097,0.076179,-0.009885,0.157146
214706,,0.189387,-0.344948,-0.010687,-0.51259,0.409241,0.125174,0.010312,0.011933,0.006605,0.392344,-0.149405,0.139646,0.243268,-0.392669,0.051652,,0.078895,-0.313134,0.152417,0.033029,0.15798,-0.033474,0.161902
22683,,0.18767,-0.357915,-0.001973,-0.532918,0.437641,0.251419,0.014536,0.023034,0.012806,0.394246,-0.206439,0.130374,0.249459,-0.435489,0.056133,,0.124665,-0.336397,0.277375,0.032856,0.144954,-0.049049,0.13996
144485,,0.193181,-0.342798,-0.013173,-0.518936,0.410183,0.088914,0.010272,0.002195,5.6e-05,0.396556,-0.134644,0.127765,0.242227,-0.389216,0.048131,,0.099954,-0.311098,0.108928,0.021695,0.110846,-0.019753,0.152698
