id,error,adch_ketC,adch_ketO,adch_carbC,adch_hydO,adch_hydH,adch_fukui_plus_ketC,adch_fukui_minus_ketC,adch_fukui_plus_carbC,adch_fukui_minus_carbC,qtaim_rho_CO_ket,qtaim_lap_CO_ket,qtaim_ell_CO_ket,qtaim_rho_CC_new,qtaim_lap_CC_new,qtaim_ell_CC_new,qtaim_rho_HB,ald_adch_CHO_C,ald_adch_CHO_O,ald_adch_fukui_plus_CHO_C,ald_adch_fukui_minus_CHO_C,ald_adch_fukui_minus_CHO_O,ald_qtaim_lap_CO,ald_qtaim_ell_CO
124636,,,,,,,,,,,0.395428,-0.120668,0.127164,0.236401,-0.364982,0.036295,,0.105756,-0.307992,0.056183,0.017036,0.058507,0.003285,0.142565
217516,,0.183164,-0.336298,-0.005731,-0.524802,0.406779,0.111959,-0.007823,0.011977,0.020667,0.395241,-0.127581,0.12199,0.241407,-0.38557,0.049694,0.019715,0.096482,-0.315089,0.143024,0.03601,0.151934,-0.032741,0.15489
154850,,0.19154,-0.331179,-0.022274,-0.502447,0.405236,0.072112,0.02316,0.010507,0.017328,0.395117,-0.095541,0.12679,0.241706,-0.386383,0.049558,0.019043,0.100557,-0.305822,0.099881,0.036725,0.133444,0.010791,0.146441
218911,,,,,,,,,,,0.397609,-0.097235,0.123657,0.233254,-0.347753,0.032371,,-0.091972,-0.282977,0.046884,-0.057297,0.065558,-0.10906,0.158963
190708,,0.190381,-0.339032,-0.014475,-0.516236,0.413067,0.044494,0.006761,-0.000898,0.004919,0.396459,-0.118476,0.13301,0.242509,-0.391474,0.039706,,0.101071,-0.307286,0.066846,0.020536,0.111481,-0.008758,0.152988
