id,error,adch_ketC,adch_ketO,adch_carbC,adch_hydO,adch_hydH,adch_fukui_plus_ketC,adch_fukui_minus_ketC,adch_fukui_plus_carbC,adch_fukui_minus_carbC,qtaim_rho_CO_ket,qtaim_lap_CO_ket,qtaim_ell_CO_ket,qtaim_rho_CC_new,qtaim_lap_CC_new,qtaim_ell_CC_new,qtaim_rho_HB,ald_adch_CHO_C,ald_adch_CHO_O,ald_adch_fukui_plus_CHO_C,ald_adch_fukui_minus_CHO_C,ald_adch_fukui_minus_CHO_O,ald_qtaim_lap_CO,ald_qtaim_ell_CO
115233,,,,,,,,,,,0.403994,-0.145789,0.158917,0.239638,-0.383558,0.049008,,0.098223,-0.290413,0.132245,0.010694,0.083603,-0.040703,0.156212
46423,,,,,,,,,,,0.397102,-0.103756,0.13262,0.237294,-0.36159,0.046668,,0.099486,-0.31174,0.063091,0.008038,0.053019,-0.006191,0.14805
175452,,0.176788,-0.321188,-0.011643,-0.517357,0.404782,0.053806,0.026389,0.005345,0.021992,0.396653,-0.147328,0.131123,0.242801,-0.391154,0.046786,,0.089505,-0.304873,0.094548,0.037328,0.150264,-0.021514,0.138017
118868,,0.162264,-0.359805,-0.023141,-0.500343,0.400429,0.251974,0.001712,0.018551,0.001614,0.395332,-0.239043,0.122648,0.245647,-0.411528,0.048197,,0.077884,-0.292364,0.260333,0.02668,0.090704,-0.038995,0.153114
14887,,0.158808,-0.336935,0.006942,-0.522639,0.403908,0.24189,0.028959,0.027262,0.028843,0.395469,-0.123165,0.126103,0.23504,-0.348856,0.050001,,-0.051227,-0.263204,0.201112,-0.120252,0.205694,-0.02325,0.146412
