id,error,adch_ketC,adch_ketO,adch_carbC,adch_hydO,adch_hydH,adch_fukui_plus_ketC,adch_fukui_minus_ketC,adch_fukui_plus_carbC,adch_fukui_minus_carbC,qtaim_rho_CO_ket,qtaim_lap_CO_ket,qtaim_ell_CO_ket,qtaim_rho_CC_new,qtaim_lap_CC_new,qtaim_ell_CC_new,qtaim_rho_HB,ald_adch_CHO_C,ald_adch_CHO_O,ald_adch_fukui_plus_CHO_C,ald_adch_fukui_minus_CHO_C,ald_adch_fukui_minus_CHO_O,ald_qtaim_lap_CO,ald_qtaim_ell_CO
196882,,,,,,,,,,,0.396452,-0.102459,0.142149,0.236484,-0.362546,0.051332,,0.06734,-0.309323,0.071073,0.001355,0.084618,-0.06088,0.17211
58727,,,,,,,,,,,0.392607,-0.1463,0.140922,0.237102,-0.366456,0.049454,0.022288,0.111059,-0.314414,0.056148,0.018879,0.063815,-0.062349,0.161633
28144,,,,,,,,,,,0.384349,-0.23779,0.139045,0.236816,-0.367674,0.048254,0.024596,0.196502,-0.422161,,0.026381,0.04803,-0.153425,0.172274
138554,,0.275314,-0.316027,0.019888,-0.514667,0.423458,0.035261,-0.05071,-0.053733,0.009099,0.401392,-0.057175,0.15931,0.229554,-0.337052,0.049305,,0.103985,-0.275072,0.078052,0.051155,0.158626,-0.001733,0.16314
139380,,0.154493,-0.31683,0.003535,-0.50528,0.418171,0.081797,0.092699,-0.005951,-0.001976,0.395029,-0.169104,0.144136,0.234948,-0.355587,0.048398,,0.096914,-0.324274,0.072601,0.035342,0.130511,-0.090887,0.152279
