id,error,adch_ketC,adch_ketO,adch_carbC,adch_hydO,adch_hydH,adch_fukui_plus_ketC,adch_fukui_minus_ketC,adch_fukui_plus_carbC,adch_fukui_minus_carbC,qtaim_rho_CO_ket,qtaim_lap_CO_ket,qtaim_ell_CO_ket,qtaim_rho_CC_new,qtaim_lap_CC_new,qtaim_ell_CC_new,qtaim_rho_HB,ald_adch_CHO_C,ald_adch_CHO_O,ald_adch_fukui_plus_CHO_C,ald_adch_fukui_minus_CHO_C,ald_adch_fukui_minus_CHO_O,ald_qtaim_lap_CO,ald_qtaim_ell_CO
77494,,,,,,,,,,,0.391021,-0.204642,0.150889,0.239912,-0.382474,0.049328,0.019582,0.087325,-0.341873,0.043412,-0.04211,0.059913,-0.108747,0.17245
136288,,,,,,,,,,,0.400625,-0.149249,0.140818,0.236935,-0.362553,0.030833,,0.089621,-0.31202,0.106313,0.018479,0.044288,0.005473,0.140581
102595,,,,,,,,,,,0.397248,-0.140105,0.133559,0.235419,-0.360367,0.049071,,0.10862,-0.329514,0.093759,0.025457,0.112066,-0.097259,0.164036
34759,,0.193594,-0.3071,0.001257,-0.389464,0.359513,0.076243,0.011307,-0.006583,-0.005726,0.399854,-0.092732,0.141994,0.236257,-0.365979,0.043269,,0.305654,-0.392958,0.181248,0.040759,0.132776,-0.038404,0.15928
156511,,0.204091,-0.356023,0.057985,-0.514102,0.426548,0.068437,0.01427,0.032634,-0.00145,0.389103,-0.197631,0.147262,0.237579,-0.37033,0.046312,0.022153,0.098292,-0.325098,0.081342,0.018154,0.114535,-0.106211,0.171745
