id,error,adch_ketC,adch_ketO,adch_carbC,adch_hydO,adch_hydH,adch_fukui_plus_ketC,adch_fukui_minus_ketC,adch_fukui_plus_carbC,adch_fukui_minus_carbC,qtaim_rho_CO_ket,qtaim_lap_CO_ket,qtaim_ell_CO_ket,qtaim_rho_CC_new,qtaim_lap_CC_new,qtaim_ell_CC_new,qtaim_rho_HB,ald_adch_CHO_C,ald_adch_CHO_O,ald_adch_fukui_plus_CHO_C,ald_adch_fukui_minus_CHO_C,ald_adch_fukui_minus_CHO_O,ald_qtaim_lap_CO,ald_qtaim_ell_CO
130997,,,,,,,,,,,0.392595,-0.20209,0.138945,0.237936,-0.373866,0.049219,0.022874,0.183114,-0.334589,0.095608,0.048267,0.105217,-0.099668,0.162088
87271,,,,,,,,,,,0.394461,-0.159175,0.154075,0.237987,-0.372071,0.05096,0.02146,0.11002,-0.311084,0.074816,0.013893,0.093958,-0.078724,0.168112
60664,,,,,,,,,,,0.394031,-0.161953,0.141386,0.233514,-0.348175,0.051925,,0.104188,-0.318609,0.064603,0.033904,0.023082,-0.070101,0.153248
2974,,0.217823,-0.348814,0.055204,-0.504815,0.422962,0.084092,0.169814,0.04027,-0.036914,0.394543,-0.157529,0.144944,0.236977,-0.366667,0.04661,0.019975,0.106252,-0.306934,0.097384,0.050276,0.177812,-0.072374,0.167017
156722,,0.179794,-0.320881,0.008032,-0.50335,0.406118,0.092249,-0.006175,0.005728,-0.007241,0.396529,-0.095312,0.13171,0.228363,-0.325201,0.043556,,0.082982,-0.347429,0.068096,0.039524,0.085527,-0.140976,0.178175
