id,error,adch_ketC,adch_ketO,adch_carbC,adch_hydO,adch_hydH,adch_fukui_plus_ketC,adch_fukui_minus_ketC,adch_fukui_plus_carbC,adch_fukui_minus_carbC,qtaim_rho_CO_ket,qtaim_lap_CO_ket,qtaim_ell_CO_ket,qtaim_rho_CC_new,qtaim_lap_CC_new,qtaim_ell_CC_new,qtaim_rho_HB,ald_adch_CHO_C,ald_adch_CHO_O,ald_adch_fukui_plus_CHO_C,ald_adch_fukui_minus_CHO_C,ald_adch_fukui_minus_CHO_O,ald_qtaim_lap_CO,ald_qtaim_ell_CO
184765,,0.204256,-0.318506,-0.003591,-0.496763,0.398344,0.059903,0.019013,0.00361,0.022772,0.396575,-0.085139,0.127557,0.234056,-0.354879,0.026974,,0.090959,-0.294852,0.04915,-0.026991,0.178995,-0.011296,0.144562
39361,,,,,,,,,,,0.395339,-0.116766,0.127877,0.236093,-0.365151,0.020589,,-0.085408,-0.245191,-0.032441,-0.307038,0.2031,-0.024361,0.147654
15416,,0.122,-0.299437,0.010164,-0.514274,0.412191,-0.11079,-0.026553,0.03321,0.032575,0.398275,-0.104086,0.15095,0.23793,-0.376726,0.046677,,0.094572,-0.300255,0.072404,0.037942,0.123675,-0.029187,0.152107
32170,,,,,,,,,,,0.395853,-0.116139,0.156825,0.244343,-0.397853,0.055236,,-0.004305,-0.407938,0.014623,-0.012692,0.053915,-0.389613,0.127941
48134,,,,,,,,,,,0.40129,-0.088218,0.147994,0.230193,-0.327577,0.039054,,0.084691,-0.307271,0.098153,-0.083496,0.037729,-0.082732,0.152334
