id,error,adch_ketC,adch_ketO,adch_carbC,adch_hydO,adch_hydH,adch_fukui_plus_ketC,adch_fukui_minus_ketC,adch_fukui_plus_carbC,adch_fukui_minus_carbC,qtaim_rho_CO_ket,qtaim_lap_CO_ket,qtaim_ell_CO_ket,qtaim_rho_CC_new,qtaim_lap_CC_new,qtaim_ell_CC_new,qtaim_rho_HB,ald_adch_CHO_C,ald_adch_CHO_O,ald_adch_fukui_plus_CHO_C,ald_adch_fukui_minus_CHO_C,ald_adch_fukui_minus_CHO_O,ald_qtaim_lap_CO,ald_qtaim_ell_CO
217720,,,,,,,,,,,0.396517,-0.102901,0.13068,0.235225,-0.357676,0.054009,0.018344,0.12963,-0.376817,0.040421,-0.000362,0.099112,-0.119838,0.158572
20834,,0.235476,-0.34699,0.002888,-0.525217,0.407465,0.102753,0.018307,0.017102,0.001763,0.390502,-0.148743,0.129547,0.237318,-0.369595,0.046906,,0.056093,-0.314576,0.124959,0.02858,0.11865,-0.133534,0.161477
197762,,0.189651,-0.302451,-0.024597,-0.458699,0.382368,,,,,0.398747,-0.067406,0.141508,0.234586,-0.353258,0.049881,,0.116603,-0.278166,0.085918,0.020026,0.09908,-0.024638,0.162113
72661,,0.222998,-0.368456,0.040766,-0.503212,0.406574,0.11361,0.041109,0.06929,-0.038231,0.391761,-0.160605,0.1356,0.237957,-0.371709,0.048105,0.021105,0.104414,-0.329297,0.10225,0.012531,0.125989,-0.075584,0.161844
26980,,0.204964,-0.329377,0.001935,-0.480232,0.380234,0.011766,0.00356,0.005235,0.015376,0.393002,-0.213919,0.141116,0.236686,-0.368271,0.052195,0.026352,0.094351,-0.310839,0.034226,0.049556,0.118125,-0.064228,0.153059
