id,error,adch_ketC,adch_ketO,adch_carbC,adch_hydO,adch_hydH,adch_fukui_plus_ketC,adch_fukui_minus_ketC,adch_fukui_plus_carbC,adch_fukui_minus_carbC,qtaim_rho_CO_ket,qtaim_lap_CO_ket,qtaim_ell_CO_ket,qtaim_rho_CC_new,qtaim_lap_CC_new,qtaim_ell_CC_new,qtaim_rho_HB,ald_adch_CHO_C,ald_adch_CHO_O,ald_adch_fukui_plus_CHO_C,ald_adch_fukui_minus_CHO_C,ald_adch_fukui_minus_CHO_O,ald_qtaim_lap_CO,ald_qtaim_ell_CO
108945,,,,,,,,,,,0.399665,-0.093564,0.134407,0.236478,-0.357153,0.047592,,-0.162925,-0.198323,-0.027409,-0.100005,0.119622,0.001677,0.158541
58979,,,,,,,,,,,0.397717,-0.129111,0.139833,0.246054,-0.405713,0.055651,,0.087351,-0.278955,0.07156,-0.007388,0.031297,0.006061,0.148732
117499,,0.170401,-0.333766,-0.019641,-0.528285,0.431278,0.249776,0.014433,0.023953,0.008574,0.397498,-0.159239,0.139551,0.242981,-0.388374,0.053047,,0.08043,-0.282116,0.262175,0.016021,0.106478,-0.010834,0.13802
179479,,0.206034,-0.333546,-0.005045,-0.497689,0.395007,0.058607,0.029977,0.001434,0.025475,0.396443,-0.11176,0.122347,0.242921,-0.393858,0.045984,,-0.01725,-0.262364,-0.024485,-0.030629,0.182303,-0.007421,0.149299
23585,,,,,,,0.077974,0.024729,0.002557,0.017374,0.3968,-0.088519,0.134285,0.234902,-0.350776,0.046853,,0.096936,-0.308324,0.133127,-0.056055,0.100899,-0.036926,0.149583
