id,error,adch_ketC,adch_ketO,adch_carbC,adch_hydO,adch_hydH,adch_fukui_plus_ketC,adch_fukui_minus_ketC,adch_fukui_plus_carbC,adch_fukui_minus_carbC,qtaim_rho_CO_ket,qtaim_lap_CO_ket,qtaim_ell_CO_ket,qtaim_rho_CC_new,qtaim_lap_CC_new,qtaim_ell_CC_new,qtaim_rho_HB,ald_adch_CHO_C,ald_adch_CHO_O,ald_adch_fukui_plus_CHO_C,ald_adch_fukui_minus_CHO_C,ald_adch_fukui_minus_CHO_O,ald_qtaim_lap_CO,ald_qtaim_ell_CO
201581,,,,,,,,,,,0.394771,-0.050756,0.124135,0.237783,-0.370367,0.038423,,0.034383,-0.478169,0.076192,0.046758,0.203871,-0.509929,0.100594
89928,,,,,,,,,,,0.396511,-0.046054,0.117048,0.234131,-0.353343,0.019785,,-0.087238,-0.249625,-0.013793,-0.092714,0.060918,-0.030446,0.154887
104874,,,,,,,,,,,0.400822,-0.050914,0.136753,0.23856,-0.380058,0.042076,,0.054436,-0.256735,0.001718,0.012875,0.067233,0.041986,0.142198
120859,,0.170163,-0.336403,0.023042,-0.532044,0.417261,0.243324,0.041281,0.027869,0.01762,0.398078,-0.14493,0.122424,0.24025,-0.387031,0.041957,,-0.028726,-0.266733,0.216018,-0.047712,0.179273,-0.025273,0.135821
98620,,,,,,,0.011239,-0.001333,-0.002023,-0.000412,0.392704,-0.209093,0.133505,0.239013,-0.376941,0.046814,0.022156,0.093127,-0.327199,0.048254,0.007377,0.062804,-0.095949,0.16148
