id,error,adch_ketC,adch_ketO,adch_carbC,adch_hydO,adch_hydH,adch_fukui_plus_ketC,adch_fukui_minus_ketC,adch_fukui_plus_carbC,adch_fukui_minus_carbC,qtaim_rho_CO_ket,qtaim_lap_CO_ket,qtaim_ell_CO_ket,qtaim_rho_CC_new,qtaim_lap_CC_new,qtaim_ell_CC_new,qtaim_rho_HB,ald_adch_CHO_C,ald_adch_CHO_O,ald_adch_fukui_plus_CHO_C,ald_adch_fukui_minus_CHO_C,ald_adch_fukui_minus_CHO_O,ald_qtaim_lap_CO,ald_qtaim_ell_CO
65290,,0.170311,-0.327702,0.004008,-0.513895,0.402144,,,,,0.396392,-0.104278,0.133374,0.241397,-0.38437,0.051474,0.01863,0.098305,-0.303224,0.078055,0.018472,0.105544,-0.001775,0.154228
64210,,,,,,,,,,,0.394307,-0.144266,0.148907,0.232945,-0.34134,0.043801,,-0.047811,-0.263961,-0.026012,-0.118652,0.06786,-0.059548,0.149361
124637,,0.210127,-0.342554,-0.009234,-0.493623,0.391848,,0.007615,,0.010082,0.393922,-0.12988,0.127552,0.237042,-0.36712,0.042522,,0.06064,-0.291539,0.009056,0.001372,0.104851,0.002034,0.14226
51787,,,,,,,,,,,0.39556,-0.119056,0.121839,0.237467,-0.371308,0.040173,,0.010015,-0.273631,0.042972,-0.047492,0.074645,-0.019197,0.148732
104290,,,,,,,0.038907,-0.00105,-5.2e-05,-0.000836,0.397695,-0.141987,0.129421,0.24113,-0.394199,0.043586,,-0.133139,-0.214684,0.029451,-0.019612,0.040457,-0.02399,0.147543
