id,error,adch_ketC,adch_ketO,adch_carbC,adch_hydO,adch_hydH,adch_fukui_plus_ketC,adch_fukui_minus_ketC,adch_fukui_plus_carbC,adch_fukui_minus_carbC,qtaim_rho_CO_ket,qtaim_lap_CO_ket,qtaim_ell_CO_ket,qtaim_rho_CC_new,qtaim_lap_CC_new,qtaim_ell_CC_new,qtaim_rho_HB,ald_adch_CHO_C,ald_adch_CHO_O,ald_adch_fukui_plus_CHO_C,ald_adch_fukui_minus_CHO_C,ald_adch_fukui_minus_CHO_O,ald_qtaim_lap_CO,ald_qtaim_ell_CO
23668,,0.167839,-0.332739,-0.024182,-0.521687,0.40714,0.248633,0.01274,0.018414,0.00537,0.394256,-0.158446,0.136094,0.244788,-0.400583,0.057181,,-0.136122,-0.222338,0.197883,-0.136558,0.19668,-0.01188,0.149954
65048,,0.213761,-0.30934,-0.016465,-0.508725,0.418034,,,,,0.402349,-0.071972,0.165752,0.239216,-0.379189,0.047119,,-0.050185,-0.225578,-0.023233,-0.136296,0.11166,0.0215,0.157076
19912,,0.202923,-0.303912,-0.001424,-0.504566,0.416338,0.107018,0.027253,0.006569,0.003259,0.40246,-0.06084,0.172448,0.23733,-0.373473,0.0376,,0.02033,-0.248617,0.153104,0.13151,0.079909,0.00538,0.167009
132215,,0.154124,-0.319389,-0.000942,-0.529531,0.423482,-0.051992,0.030882,0.017298,0.023243,0.397648,-0.096161,0.12937,0.236068,-0.358719,0.042089,,0.095093,-0.302342,0.077759,0.036762,0.121197,-0.032167,0.151821
12693,,,,,,,,,,,0.395607,-0.100519,0.129088,0.23674,-0.366862,0.032707,,0.095904,-0.311335,0.091888,0.021239,0.096761,-0.028094,0.149599
