id,error,adch_ketC,adch_ketO,adch_carbC,adch_hydO,adch_hydH,adch_fukui_plus_ketC,adch_fukui_minus_ketC,adch_fukui_plus_carbC,adch_fukui_minus_carbC,qtaim_rho_CO_ket,qtaim_lap_CO_ket,qtaim_ell_CO_ket,qtaim_rho_CC_new,qtaim_lap_CC_new,qtaim_ell_CC_new,qtaim_rho_HB,ald_adch_CHO_C,ald_adch_CHO_O,ald_adch_fukui_plus_CHO_C,ald_adch_fukui_minus_CHO_C,ald_adch_fukui_minus_CHO_O,ald_qtaim_lap_CO,ald_qtaim_ell_CO
72861,,,,,,,,,,,0.395102,-0.167218,0.146866,0.230308,-0.333707,0.049683,,0.178722,-0.403001,0.087309,-0.018645,0.096245,-0.190606,0.168028
210737,,0.178025,-0.338308,-0.004422,-0.471553,0.364689,0.077796,0.020904,0.004496,0.018874,0.400202,-0.190301,0.12492,0.23949,-0.372156,0.044885,,0.300463,-0.393918,0.128868,0.022205,0.111148,-0.08531,0.14447
107884,,,,,,,,,,,0.398562,-0.087868,0.135001,0.243018,-0.391787,0.051142,,0.035194,-0.283182,-0.037826,-0.006111,0.1263,-0.088575,0.165202
184591,,0.210212,-0.326501,-0.013526,-0.474146,0.352338,0.194907,2.4e-05,0.012987,0.018172,0.399536,-0.096468,0.134093,0.234465,-0.347804,0.049243,,0.139793,-0.293939,0.218657,0.052473,0.123518,0.020502,0.155293
56233,,,,,,,-0.010199,0.007574,-0.002642,-0.011617,0.393622,-0.15956,0.170348,0.233369,-0.359432,0.042563,,0.107072,-0.308455,0.067371,0.017911,0.111829,-0.08089,0.175034
