id,error,adch_ketC,adch_ketO,adch_carbC,adch_hydO,adch_hydH,adch_fukui_plus_ketC,adch_fukui_minus_ketC,adch_fukui_plus_carbC,adch_fukui_minus_carbC,qtaim_rho_CO_ket,qtaim_lap_CO_ket,qtaim_ell_CO_ket,qtaim_rho_CC_new,qtaim_lap_CC_new,qtaim_ell_CC_new,qtaim_rho_HB,ald_adch_CHO_C,ald_adch_CHO_O,ald_adch_fukui_plus_CHO_C,ald_adch_fukui_minus_CHO_C,ald_adch_fukui_minus_CHO_O,ald_qtaim_lap_CO,ald_qtaim_ell_CO
67427,,0.195507,-0.30144,-0.014495,-0.497754,0.395987,0.061891,0.019576,0.007865,0.024418,0.39577,-0.057385,0.140546,0.229429,-0.330021,0.04518,,0.158818,-0.297555,0.079276,0.04715,0.139931,-0.024319,0.146306
80985,,,,,,,,,,,0.391166,-0.182101,0.147137,0.233662,-0.35058,0.045426,0.022486,0.103797,-0.331599,0.046853,0.025916,0.100243,-0.117176,0.166043
62938,,,,,,,,,,,0.394903,-0.136857,0.140631,0.235832,-0.360868,0.04772,0.020543,0.107236,-0.303809,0.076533,0.031092,0.123376,-0.061286,0.164824
61321,,,,,,,,,,,0.390872,-0.182447,0.144019,0.235759,-0.361302,0.049473,0.020919,0.082026,-0.398945,0.0472,0.017614,0.073572,-0.103387,0.170158
19767,,,,,,,0.04777,0.010396,0.012187,0.005827,0.386656,-0.206185,0.143714,0.237407,-0.37036,0.050483,0.018849,0.082178,-0.384057,0.068299,-0.007233,0.088104,-0.186018,0.171755
