id,error,adch_ketC,adch_ketO,adch_carbC,adch_hydO,adch_hydH,adch_fukui_plus_ketC,adch_fukui_minus_ketC,adch_fukui_plus_carbC,adch_fukui_minus_carbC,qtaim_rho_CO_ket,qtaim_lap_CO_ket,qtaim_ell_CO_ket,qtaim_rho_CC_new,qtaim_lap_CC_new,qtaim_ell_CC_new,qtaim_rho_HB,ald_adch_CHO_C,ald_adch_CHO_O,ald_adch_fukui_plus_CHO_C,ald_adch_fukui_minus_CHO_C,ald_adch_fukui_minus_CHO_O,ald_qtaim_lap_CO,ald_qtaim_ell_CO
68890,,,,,,,,,,,0.388097,-0.250412,0.15859,0.236083,-0.366318,0.054369,0.025707,-0.021406,-0.252934,0.078739,-0.083115,0.162802,-0.19209,0.169829
138915,,,,,,,,,,,0.395385,-0.088221,0.125689,0.235985,-0.358796,0.057645,,0.095672,-0.340925,0.053432,0.035204,0.10472,-0.130047,0.16103
170331,,0.148704,-0.267383,0.071552,-0.501402,0.4211,0.026985,0.00854,-0.017796,-0.015488,0.402782,-0.040837,0.173976,0.229919,-0.338178,0.051459,,0.117176,-0.29557,0.038657,0.043254,0.148574,-0.013228,0.168689
172791,,0.250307,-0.26812,-0.01196,-0.460898,0.378973,0.057655,0.02474,-0.011175,-0.010756,0.400967,-0.051484,0.155336,0.231245,-0.337211,0.053337,,0.175316,-0.310559,0.087409,0.04053,0.142274,-0.048031,0.163598
17124,,,,,,,,,,,0.385283,-0.234722,0.136028,0.238658,-0.378879,0.051052,0.019412,0.259316,-0.325202,0.086086,0.121835,0.042702,-0.140743,0.158719
