id,error,adch_ketC,adch_ketO,adch_carbC,adch_hydO,adch_hydH,adch_fukui_plus_ketC,adch_fukui_minus_ketC,adch_fukui_plus_carbC,adch_fukui_minus_carbC,qtaim_rho_CO_ket,qtaim_lap_CO_ket,qtaim_ell_CO_ket,qtaim_rho_CC_new,qtaim_lap_CC_new,qtaim_ell_CC_new,qtaim_rho_HB,ald_adch_CHO_C,ald_adch_CHO_O,ald_adch_fukui_plus_CHO_C,ald_adch_fukui_minus_CHO_C,ald_adch_fukui_minus_CHO_O,ald_qtaim_lap_CO,ald_qtaim_ell_CO
198060,,0.126347,-0.204519,0.056073,-0.511281,0.351103,0.024825,-0.026164,-0.021137,-0.010356,0.395295,-0.177175,0.189519,0.226538,-0.312258,0.046964,,0.10199,-0.322844,0.071214,0.025803,0.126657,-0.128705,0.177782
156060,,,,,,,,,,,0.393287,-0.155894,0.143462,0.238662,-0.375548,0.053094,0.022835,0.039362,-0.305877,0.051573,0.050087,0.061305,-0.056836,0.161635
213655,,,,,,,,,,,0.386314,-0.221051,0.142163,0.237387,-0.369741,0.049237,0.019291,0.097667,-0.350851,0.064312,0.015054,0.065218,-0.142596,0.171749
121040,,,,,,,,,,,0.398387,-0.126806,0.14216,0.24275,-0.393486,0.045642,,0.084393,-0.349377,0.027225,0.015403,0.087319,-0.119681,0.169278
38548,,0.195579,-0.22694,0.013169,-0.516273,0.412578,0.087607,-0.004592,0.011432,-0.012199,0.378606,-0.162539,0.122845,0.245358,-0.416082,0.055705,,0.427145,-0.355931,0.169976,0.216422,-0.032974,-0.06929,0.153331
