id,error,adch_ketC,adch_ketO,adch_carbC,adch_hydO,adch_hydH,adch_fukui_plus_ketC,adch_fukui_minus_ketC,adch_fukui_plus_carbC,adch_fukui_minus_carbC,qtaim_rho_CO_ket,qtaim_lap_CO_ket,qtaim_ell_CO_ket,qtaim_rho_CC_new,qtaim_lap_CC_new,qtaim_ell_CC_new,qtaim_rho_HB,ald_adch_CHO_C,ald_adch_CHO_O,ald_adch_fukui_plus_CHO_C,ald_adch_fukui_minus_CHO_C,ald_adch_fukui_minus_CHO_O,ald_qtaim_lap_CO,ald_qtaim_ell_CO
48356,,,,,,,,,,,0.398892,-0.080196,0.136762,0.23962,-0.376566,0.044918,,0.095046,-0.293063,0.09184,0.014327,0.046226,0.004893,0.161498
165151,,0.18909,-0.341062,-0.005886,-0.519457,0.407433,0.081959,0.011148,0.006629,0.006955,0.395824,-0.120953,0.130607,0.242935,-0.392131,0.049719,,0.092138,-0.306589,0.098662,0.02547,0.096109,-0.025259,0.157228
105446,,0.208975,-0.334143,0.100826,-0.527085,0.434052,0.053381,-0.007254,0.095137,0.030822,0.396512,-0.111883,0.140425,0.237383,-0.367448,0.050882,0.018683,0.108848,-0.311458,0.07869,0.020069,0.100717,-0.066293,0.160048
112963,,,,,,,,,,,0.390773,-0.143775,0.122053,0.236089,-0.365417,0.043497,,0.10838,-0.31677,0.127707,0.062238,0.111837,-0.055712,0.161096
41572,,0.133793,-0.245128,-0.007071,-0.501933,0.435441,0.146583,0.030835,0.009478,-0.011201,0.408498,-0.090667,0.172468,0.242401,-0.386059,0.051722,,0.076895,-0.228111,0.14948,0.00606,0.058727,0.045455,0.171699
