id,error,adch_ketC,adch_ketO,adch_carbC,adch_hydO,adch_hydH,adch_fukui_plus_ketC,adch_fukui_minus_ketC,adch_fukui_plus_carbC,adch_fukui_minus_carbC,qtaim_rho_CO_ket,qtaim_lap_CO_ket,qtaim_ell_CO_ket,qtaim_rho_CC_new,qtaim_lap_CC_new,qtaim_ell_CC_new,qtaim_rho_HB,ald_adch_CHO_C,ald_adch_CHO_O,ald_adch_fukui_plus_CHO_C,ald_adch_fukui_minus_CHO_C,ald_adch_fukui_minus_CHO_O,ald_qtaim_lap_CO,ald_qtaim_ell_CO
57316,,,,,,,,,,,0.39363,-0.124531,0.13277,0.241918,-0.389138,0.048869,0.019842,0.098788,-0.309619,0.060755,0.01338,0.07124,-0.007681,0.151978
14220,,,,,,,,,,,0.397442,-0.088198,0.132429,0.242107,-0.387988,0.047035,,0.298971,-0.370631,0.033621,-0.024438,0.06881,-0.00803,0.14777
76021,,,,,,,,,,,0.396495,-0.095585,0.123795,0.239766,-0.379502,0.044929,,0.097609,-0.322201,0.052259,0.010665,0.033944,-0.057622,0.14259
38108,,,,,,,-0.067924,-0.0013,0.02357,0.018306,0.396739,-0.080776,0.116331,0.234468,-0.349592,0.041793,,0.100551,-0.316066,0.040972,0.020165,0.103783,-0.024952,0.151704
84768,,0.21047,-0.335598,-0.009728,-0.487359,0.392904,0.080578,0.025915,0.003541,0.026135,0.394876,-0.115055,0.129638,0.237299,-0.368151,0.040488,,0.066036,-0.288083,-0.001809,-0.011931,0.176505,0.005791,0.144046
