id,error,adch_ketC,adch_ketO,adch_carbC,adch_hydO,adch_hydH,adch_fukui_plus_ketC,adch_fukui_minus_ketC,adch_fukui_plus_carbC,adch_fukui_minus_carbC,qtaim_rho_CO_ket,qtaim_lap_CO_ket,qtaim_ell_CO_ket,qtaim_rho_CC_new,qtaim_lap_CC_new,qtaim_ell_CC_new,qtaim_rho_HB,ald_adch_CHO_C,ald_adch_CHO_O,ald_adch_fukui_plus_CHO_C,ald_adch_fukui_minus_CHO_C,ald_adch_fukui_minus_CHO_O,ald_qtaim_lap_CO,ald_qtaim_ell_CO
54488,,0.201804,-0.342857,0.161523,-0.505232,0.404782,0.07848,,0.054197,,0.391901,-0.17366,0.14685,0.237729,-0.371524,0.050994,0.021937,0.103139,-0.330537,0.080111,0.037411,0.14069,-0.103113,0.166343
204843,,,,,,,,,,,0.391894,-0.188017,0.130498,0.238018,-0.373999,0.049516,0.022522,0.102591,-0.337779,0.068073,0.030178,0.131121,-0.119223,0.158723
66167,,,,,,,,,,,0.391748,-0.199279,0.149042,0.23196,-0.342221,0.047438,0.020325,-0.218293,-0.235862,0.042125,0.017929,0.066258,-0.153247,0.179808
178621,,0.201699,-0.328019,0.001087,-0.500389,0.420091,0.056506,0.00162,0.000974,0.001894,0.396239,-0.112938,0.142555,0.237103,-0.367069,0.047476,0.019061,0.072891,-0.269179,0.146995,0.073942,0.046324,-0.026181,0.160915
68853,,,,,,,0.095647,0.037561,0.004284,-0.00401,0.387563,-0.256986,0.156665,0.23754,-0.373711,0.049207,0.018878,0.086597,-0.356941,0.088462,0.015259,0.0696,-0.180694,0.180585
