id,error,adch_ketC,adch_ketO,adch_carbC,adch_hydO,adch_hydH,adch_fukui_plus_ketC,adch_fukui_minus_ketC,adch_fukui_plus_carbC,adch_fukui_minus_carbC,qtaim_rho_CO_ket,qtaim_lap_CO_ket,qtaim_ell_CO_ket,qtaim_rho_CC_new,qtaim_lap_CC_new,qtaim_ell_CC_new,qtaim_rho_HB,ald_adch_CHO_C,ald_adch_CHO_O,ald_adch_fukui_plus_CHO_C,ald_adch_fukui_minus_CHO_C,ald_adch_fukui_minus_CHO_O,ald_qtaim_lap_CO,ald_qtaim_ell_CO
58274,,,,,,,,,,,0.368585,-0.037174,0.17147,0.237033,-0.386673,0.007537,,0.078088,-0.312662,0.089489,0.018583,0.024598,-0.016754,0.131651
186446,,,,,,,,,,,0.393236,-0.170793,0.145409,0.238371,-0.374645,0.051162,0.022211,0.133872,-0.317584,0.075267,0.037155,0.147025,-0.077635,0.159717
216498,,,,,,,,,,,0.397629,-0.117442,0.141542,0.239234,-0.381865,0.048857,,0.1056,-0.303828,0.066651,0.014294,0.101801,-0.040318,0.15093
107206,,0.22779,-0.295745,-0.058214,-0.452471,0.40421,0.068367,0.000799,-0.005593,-0.020342,0.398605,-0.02481,0.15484,0.232783,-0.346495,0.044969,,0.103644,-0.298739,0.054955,0.011482,0.081989,-0.03629,0.169162
48876,,0.206171,-0.364611,0.035054,-0.520853,0.416875,0.020937,0.00212,0.001747,0.001856,0.392894,-0.193101,0.165797,0.230375,-0.344798,0.047289,,0.144798,-0.378858,0.049374,0.055012,0.064647,-0.138226,0.175956
