id,error,adch_ketC,adch_ketO,adch_carbC,adch_hydO,adch_hydH,adch_fukui_plus_ketC,adch_fukui_minus_ketC,adch_fukui_plus_carbC,adch_fukui_minus_carbC,qtaim_rho_CO_ket,qtaim_lap_CO_ket,qtaim_ell_CO_ket,qtaim_rho_CC_new,qtaim_lap_CC_new,qtaim_ell_CC_new,qtaim_rho_HB,ald_adch_CHO_C,ald_adch_CHO_O,ald_adch_fukui_plus_CHO_C,ald_adch_fukui_minus_CHO_C,ald_adch_fukui_minus_CHO_O,ald_qtaim_lap_CO,ald_qtaim_ell_CO
102657,,,,,,,,,,,0.39747,-0.109031,0.124301,0.240793,-0.381855,0.047234,,0.037558,-0.281784,-0.010519,-0.061298,0.09781,-0.000204,0.150976
32040,,,,,,,,,,,0.393304,-0.134091,0.130865,0.241439,-0.386148,0.052273,0.021371,0.009972,-0.335214,0.031532,-0.001995,0.116973,-0.158707,0.142747
114924,,,,,,,,,,,0.395899,-0.123613,0.128261,0.241296,-0.384641,0.046944,,0.09334,-0.314943,0.1228,0.026303,0.104289,-0.022359,0.150795
88348,,,,,,,,,,,0.399069,-0.251423,0.123071,0.230803,-0.340842,0.017938,,0.075764,-0.330574,0.007873,0.007368,0.091157,-0.150767,0.144479
8310,,,,,,,0.102058,0.007627,0.007349,0.010704,0.395392,-0.108595,0.116702,0.229985,-0.338465,0.020574,,-0.065361,-0.261383,0.053442,-0.029551,0.122245,-0.045664,0.134756
