id,error,adch_ketC,adch_ketO,adch_carbC,adch_hydO,adch_hydH,adch_fukui_plus_ketC,adch_fukui_minus_ketC,adch_fukui_plus_carbC,adch_fukui_minus_carbC,qtaim_rho_CO_ket,qtaim_lap_CO_ket,qtaim_ell_CO_ket,qtaim_rho_CC_new,qtaim_lap_CC_new,qtaim_ell_CC_new,qtaim_rho_HB,ald_adch_CHO_C,ald_adch_CHO_O,ald_adch_fukui_plus_CHO_C,ald_adch_fukui_minus_CHO_C,ald_adch_fukui_minus_CHO_O,ald_qtaim_lap_CO,ald_qtaim_ell_CO
52179,,,,,,,,,,,0.393854,-0.116542,0.13552,0.243209,-0.394482,0.05415,0.019267,0.093171,-0.308707,0.057695,0.010259,0.046015,-0.028913,0.155666
135043,,0.196327,-0.337417,-0.002842,-0.507686,0.400052,-0.000954,0.001528,-0.012515,-0.000917,0.395489,-0.119757,0.141356,0.242269,-0.389044,0.058731,0.019934,0.095581,-0.298503,0.025166,0.02286,0.111004,-0.002667,0.15547
100879,,,,,,,,,,,0.397433,-0.086094,0.138327,0.242964,-0.391859,0.045685,,-0.031481,-0.241305,0.064008,-0.018166,0.098554,0.023241,0.147532
88871,,,,,,,,,,,0.392535,-0.101786,0.11249,0.23335,-0.348558,0.038424,,0.096381,-0.313655,,0.007095,0.05531,-0.034893,0.137664
46745,,,,,,,0.08912,0.006097,0.010281,-0.002583,0.403373,-0.070296,0.143344,0.233641,-0.339684,0.045597,,0.177898,-0.322654,0.144555,0.124852,0.003953,-0.03482,0.158938
