id,error,adch_ketC,adch_ketO,adch_carbC,adch_hydO,adch_hydH,adch_fukui_plus_ketC,adch_fukui_minus_ketC,adch_fukui_plus_carbC,adch_fukui_minus_carbC,qtaim_rho_CO_ket,qtaim_lap_CO_ket,qtaim_ell_CO_ket,qtaim_rho_CC_new,qtaim_lap_CC_new,qtaim_ell_CC_new,qtaim_rho_HB,ald_adch_CHO_C,ald_adch_CHO_O,ald_adch_fukui_plus_CHO_C,ald_adch_fukui_minus_CHO_C,ald_adch_fukui_minus_CHO_O,ald_qtaim_lap_CO,ald_qtaim_ell_CO
9725,,0.183258,-0.327402,0.055233,-0.473892,0.369222,0.070241,-0.014343,0.046819,0.025072,0.394373,-0.189756,0.138492,0.238882,-0.377995,0.049432,0.021462,0.127105,-0.319772,0.059718,0.001927,0.124492,-0.103784,0.159739
50209,,,,,,,,,,,0.393614,-0.151048,0.141424,0.235844,-0.360353,0.05216,0.01868,0.102374,-0.321595,0.048535,0.035623,0.118831,-0.094376,0.168022
188765,,0.200857,-0.312909,0.106818,-0.476699,0.38807,0.036024,-0.014265,0.04963,0.027274,0.395297,-0.128921,0.14905,0.238712,-0.375599,0.051155,0.019452,0.109658,-0.307291,0.07025,0.028538,0.103811,-0.052872,0.159678
84974,,,,,,,,,,,0.395731,-0.153178,0.142641,0.237231,-0.369086,0.048256,0.020947,0.104,-0.311314,0.052973,0.02999,0.131251,-0.088427,0.163785
107373,,,,,,,,,,,0.394551,-0.151293,0.164011,0.232555,-0.343362,0.047144,,0.142246,-0.332419,0.068066,0.055402,0.105977,-0.080386,0.170796
