id,error,adch_ketC,adch_ketO,adch_carbC,adch_hydO,adch_hydH,adch_fukui_plus_ketC,adch_fukui_minus_ketC,adch_fukui_plus_carbC,adch_fukui_minus_carbC,qtaim_rho_CO_ket,qtaim_lap_CO_ket,qtaim_ell_CO_ket,qtaim_rho_CC_new,qtaim_lap_CC_new,qtaim_ell_CC_new,qtaim_rho_HB,ald_adch_CHO_C,ald_adch_CHO_O,ald_adch_fukui_plus_CHO_C,ald_adch_fukui_minus_CHO_C,ald_adch_fukui_minus_CHO_O,ald_qtaim_lap_CO,ald_qtaim_ell_CO
13768,,,,,,,,,,,0.395804,-0.069826,0.144388,0.232983,-0.341832,0.049198,,0.090913,-0.379665,,-0.000322,0.043785,-0.208961,0.163416
180731,,0.231932,-0.324953,-4.1e-05,-0.52053,0.420854,0.083946,-0.007579,-0.003123,-0.000253,0.397388,-0.171743,0.1312,0.240126,-0.384455,0.053144,0.020282,0.131088,-0.314532,0.100093,0.028476,0.146024,-0.057299,0.144151
188940,,,,,,,,,,,0.393214,-0.14993,0.144738,0.237379,-0.368504,0.046625,0.020575,0.106726,-0.311754,0.065596,0.027683,0.098902,-0.071003,0.164752
204943,,,,,,,,,,,0.39496,-0.132011,0.135749,0.234983,-0.358489,0.047247,,0.170103,-0.344472,0.112286,0.054384,0.07583,-0.124533,0.156597
207874,,0.227049,-0.403139,-0.026345,-0.431712,0.337282,0.038106,0.005404,0.008072,0.009125,0.382534,-0.245072,0.151508,0.236548,-0.367328,0.050354,,-0.106003,-0.329812,0.026458,0.049562,0.096123,-0.239328,0.198799
