id,error,adch_ketC,adch_ketO,adch_carbC,adch_hydO,adch_hydH,adch_fukui_plus_ketC,adch_fukui_minus_ketC,adch_fukui_plus_carbC,adch_fukui_minus_carbC,qtaim_rho_CO_ket,qtaim_lap_CO_ket,qtaim_ell_CO_ket,qtaim_rho_CC_new,qtaim_lap_CC_new,qtaim_ell_CC_new,qtaim_rho_HB,ald_adch_CHO_C,ald_adch_CHO_O,ald_adch_fukui_plus_CHO_C,ald_adch_fukui_minus_CHO_C,ald_adch_fukui_minus_CHO_O,ald_qtaim_lap_CO,ald_qtaim_ell_CO
125430,,,,,,,,,,,0.396026,-0.137734,0.147263,0.242766,-0.386774,0.063086,,-0.211431,-0.198343,0.010668,-0.159545,0.130368,-0.044353,0.149045
54000,,0.153455,-0.306755,0.05749,-0.510394,0.414843,0.064678,-0.010315,0.056341,0.036636,0.395997,-0.128253,0.149014,0.239036,-0.375753,0.055285,0.019017,0.100109,-0.294022,0.087871,0.023271,0.101096,-0.041071,0.162836
60726,,0.187221,-0.323076,-0.004324,-0.508648,0.413209,0.043134,0.008112,0.002875,0.007358,0.397904,-0.070626,0.151465,0.240771,-0.390512,0.048703,,0.089181,-0.288744,0.076755,0.028367,0.113675,0.016596,0.162301
5802,,0.153488,-0.305587,0.016465,-0.492899,0.388247,0.10425,-0.00585,-0.022077,-0.01358,0.394609,-0.11291,0.128607,0.233522,-0.350544,0.051106,,0.130879,-0.333672,0.089639,0.033556,0.116374,-0.081166,0.17357
166807,,0.195845,-0.328871,-0.013088,-0.511872,0.404919,0.055729,0.01261,0.002161,0.006195,0.396697,-0.106725,0.12792,0.240045,-0.380102,0.045146,,0.08974,-0.306563,0.103235,0.040706,0.079951,-0.024352,0.153593
