id,error,adch_ketC,adch_ketO,adch_carbC,adch_hydO,adch_hydH,adch_fukui_plus_ketC,adch_fukui_minus_ketC,adch_fukui_plus_carbC,adch_fukui_minus_carbC,qtaim_rho_CO_ket,qtaim_lap_CO_ket,qtaim_ell_CO_ket,qtaim_rho_CC_new,qtaim_lap_CC_new,qtaim_ell_CC_new,qtaim_rho_HB,ald_adch_CHO_C,ald_adch_CHO_O,ald_adch_fukui_plus_CHO_C,ald_adch_fukui_minus_CHO_C,ald_adch_fukui_minus_CHO_O,ald_qtaim_lap_CO,ald_qtaim_ell_CO
79313,,,,,,,,,,,0.399503,-0.090155,0.159675,0.232085,-0.340809,0.050557,,0.107677,-0.316722,0.064688,0.028761,0.110348,-0.051311,0.168747
38969,,,,,,,,,,,0.401588,-0.117191,0.140128,0.238567,-0.372283,0.040538,,0.090506,-0.297058,0.036418,0.028414,0.085259,0.076041,0.149417
91793,,0.192446,-0.309002,-0.004857,-0.513744,0.418334,0.016141,-0.000416,-0.002989,0.001595,0.399192,-0.063496,0.126794,0.240966,-0.385141,0.040747,,0.09299,-0.288054,0.052456,0.007743,0.087723,0.020637,0.143169
125933,,,,,,,,,,,0.389938,-0.170654,0.134621,0.237773,-0.37117,0.046702,0.022648,0.079732,-0.32449,0.05164,-0.006816,0.088086,-0.093726,0.16509
169532,,0.109733,-0.32426,0.09835,-0.482066,0.387221,0.044297,-0.036465,0.052202,0.02269,0.397627,-0.168096,0.147483,0.238664,-0.374184,0.054884,0.020795,0.093615,-0.298094,0.078478,0.040925,0.144627,-0.066864,0.166008
