id,error,adch_ketC,adch_ketO,adch_carbC,adch_hydO,adch_hydH,adch_fukui_plus_ketC,adch_fukui_minus_ketC,adch_fukui_plus_carbC,adch_fukui_minus_carbC,qtaim_rho_CO_ket,qtaim_lap_CO_ket,qtaim_ell_CO_ket,qtaim_rho_CC_new,qtaim_lap_CC_new,qtaim_ell_CC_new,qtaim_rho_HB,ald_adch_CHO_C,ald_adch_CHO_O,ald_adch_fukui_plus_CHO_C,ald_adch_fukui_minus_CHO_C,ald_adch_fukui_minus_CHO_O,ald_qtaim_lap_CO,ald_qtaim_ell_CO
202769,,,,,,,,,,,0.395061,-0.167712,0.141802,0.238797,-0.375597,0.047,0.019991,0.113757,-0.314221,0.070422,0.017178,0.088017,-0.081335,0.163282
159440,,0.178424,-0.356026,0.050249,-0.519499,0.410942,0.043998,0.013569,0.052907,0.066105,0.392308,-0.256455,0.165034,0.235408,-0.358781,0.053602,0.020479,0.083381,-0.332795,0.05627,0.026779,0.126397,-0.171564,0.189289
193960,,0.225741,-0.283499,0.032197,-0.470206,0.441163,0.063351,0.025562,-0.008613,-0.003053,0.401013,-0.013382,0.161088,0.22201,-0.298176,0.032442,,0.083834,-0.277855,0.098124,0.024931,0.062776,-0.030171,0.159247
175793,,0.218968,-0.349702,0.024581,-0.509121,0.414319,0.051859,0.009911,-0.006424,-0.020009,0.391553,-0.187292,0.149773,0.235813,-0.361344,0.048694,0.021265,0.111619,-0.320992,0.062961,0.020891,0.08914,-0.107552,0.177073
217200,,,,,,,,,,,0.39362,-0.182188,0.148987,0.236915,-0.366069,0.060562,,0.141601,-0.320799,-0.049086,0.191871,0.042562,-0.070349,0.157248
