id,error,adch_ketC,adch_ketO,adch_carbC,adch_hydO,adch_hydH,adch_fukui_plus_ketC,adch_fukui_minus_ketC,adch_fukui_plus_carbC,adch_fukui_minus_carbC,qtaim_rho_CO_ket,qtaim_lap_CO_ket,qtaim_ell_CO_ket,qtaim_rho_CC_new,qtaim_lap_CC_new,qtaim_ell_CC_new,qtaim_rho_HB,ald_adch_CHO_C,ald_adch_CHO_O,ald_adch_fukui_plus_CHO_C,ald_adch_fukui_minus_CHO_C,ald_adch_fukui_minus_CHO_O,ald_qtaim_lap_CO,ald_qtaim_ell_CO
67346,,,,,,,,,,,0.39572,-0.1324,0.140636,0.240566,-0.382303,0.050135,0.019959,0.094885,-0.302056,0.12932,0.023873,0.090248,-0.004132,0.14974
50158,,0.197772,-0.347491,-0.022211,-0.516942,0.416472,0.088225,0.025288,-0.00186,0.006499,0.397022,-0.124725,0.128133,0.240952,-0.383036,0.047781,,0.091508,-0.304944,0.096561,0.033671,0.120434,-0.024817,0.157841
32162,,,,,,,,,,,0.398124,-0.124702,0.139317,0.237941,-0.377123,0.043293,,0.095321,-0.300141,0.100135,0.046961,0.14399,-0.010411,0.155567
86546,,,,,,,,,,,0.394541,-0.108418,0.126398,0.239823,-0.377206,0.04972,0.022273,0.096691,-0.307414,0.075994,0.018408,0.071548,-0.010741,0.152078
85190,,,,,,,0.055816,-0.00052,0.004491,-0.001664,0.396621,-0.094121,0.128676,0.240507,-0.380517,0.04689,,0.095611,-0.303714,0.082308,0.015003,0.08783,0.001996,0.154897
