id,error,adch_ketC,adch_ketO,adch_carbC,adch_hydO,adch_hydH,adch_fukui_plus_ketC,adch_fukui_minus_ketC,adch_fukui_plus_carbC,adch_fukui_minus_carbC,qtaim_rho_CO_ket,qtaim_lap_CO_ket,qtaim_ell_CO_ket,qtaim_rho_CC_new,qtaim_lap_CC_new,qtaim_ell_CC_new,qtaim_rho_HB,ald_adch_CHO_C,ald_adch_CHO_O,ald_adch_fukui_plus_CHO_C,ald_adch_fukui_minus_CHO_C,ald_adch_fukui_minus_CHO_O,ald_qtaim_lap_CO,ald_qtaim_ell_CO
137266,,,,,,,,,,,0.38885,-0.198786,0.136016,0.237587,-0.370359,0.048291,0.023477,0.113475,-0.336395,0.097529,0.06596,0.106477,-0.109347,0.166749
212120,,0.186349,-0.32576,-0.082315,-0.403697,0.335385,0.026215,0.006698,-0.012261,-0.008097,0.392658,-0.088421,0.129582,0.234831,-0.354863,0.055094,,0.114706,-0.324681,0.068676,0.034118,0.131189,-0.051918,0.160107
32483,,0.230764,-0.380185,0.056042,-0.50543,0.419923,0.056617,0.041476,0.014693,-0.019774,0.390175,-0.173303,0.137693,0.2372,-0.368358,0.047682,0.022071,0.10117,-0.326845,0.059911,0.02933,0.127596,-0.088668,0.165115
160450,,,,,,,,,,,0.394395,-0.145415,0.12814,0.235592,-0.360164,0.049652,,0.048707,-0.319187,0.081826,-0.030777,0.123137,-0.096118,0.162303
140262,,,,,,,,,,,0.389444,-0.208319,0.140207,0.23551,-0.358844,0.059015,,0.109856,-0.360246,0.065611,0.075281,0.054219,-0.181822,0.161637
