id,error,adch_ketC,adch_ketO,adch_carbC,adch_hydO,adch_hydH,adch_fukui_plus_ketC,adch_fukui_minus_ketC,adch_fukui_plus_carbC,adch_fukui_minus_carbC,qtaim_rho_CO_ket,qtaim_lap_CO_ket,qtaim_ell_CO_ket,qtaim_rho_CC_new,qtaim_lap_CC_new,qtaim_ell_CC_new,qtaim_rho_HB,ald_adch_CHO_C,ald_adch_CHO_O,ald_adch_fukui_plus_CHO_C,ald_adch_fukui_minus_CHO_C,ald_adch_fukui_minus_CHO_O,ald_qtaim_lap_CO,ald_qtaim_ell_CO
144651,,0.210959,-0.356214,0.037921,-0.505031,0.414978,0.091043,0.046747,0.025721,0.03416,0.392811,-0.148336,0.13751,0.237361,-0.369171,0.046256,0.019797,0.126169,-0.378536,0.105821,0.054909,0.174802,-0.05943,0.162698
207768,,,,,,,,,,,0.393672,-0.110742,0.139226,0.23343,-0.348813,0.048359,,0.082623,-0.348044,0.035257,0.01319,0.061318,-0.145395,0.179712
167984,,,,,,,,,,,0.399588,-0.052688,0.157549,0.22897,-0.333603,0.051257,,-0.061213,-0.242935,0.072846,-0.08312,0.176681,-0.052269,0.164459
144342,,0.179382,-0.304163,0.018282,-0.502977,0.426552,0.107344,0.139464,0.02026,-0.003156,0.398762,-0.173418,0.176147,0.233856,-0.349703,0.052075,,0.092207,-0.28919,0.108649,0.060934,0.210074,-0.100993,0.193619
163081,,0.242508,-0.358797,0.036863,-0.50613,0.414775,,,,,0.394085,-0.15345,0.137968,0.237945,-0.371524,0.047659,0.020673,0.116805,-0.328922,0.063456,0.017989,0.147635,-0.067369,0.161839
