id,error,adch_ketC,adch_ketO,adch_carbC,adch_hydO,adch_hydH,adch_fukui_plus_ketC,adch_fukui_minus_ketC,adch_fukui_plus_carbC,adch_fukui_minus_carbC,qtaim_rho_CO_ket,qtaim_lap_CO_ket,qtaim_ell_CO_ket,qtaim_rho_CC_new,qtaim_lap_CC_new,qtaim_ell_CC_new,qtaim_rho_HB,ald_adch_CHO_C,ald_adch_CHO_O,ald_adch_fukui_plus_CHO_C,ald_adch_fukui_minus_CHO_C,ald_adch_fukui_minus_CHO_O,ald_qtaim_lap_CO,ald_qtaim_ell_CO
46039,,0.233071,-0.296388,0.000463,-0.519952,0.424024,-0.003831,-0.040115,-0.07054,-0.035045,0.404445,-0.049276,0.164057,0.236317,-0.370032,0.043629,,0.291511,-0.329688,-0.008161,-0.031217,0.114318,0.039212,0.172645
60187,,,,,,,,,,,0.387959,-0.218646,0.145403,0.234917,-0.357325,0.049349,0.023747,0.096862,-0.343001,0.041438,0.018394,0.072523,-0.148543,0.172885
205640,,,,,,,,,,,0.394119,-0.128429,0.132069,0.242178,-0.389502,0.05156,0.020193,-0.055325,-0.258162,0.073833,-0.023188,0.102191,-0.021019,0.1533
38679,,,,,,,,,,,0.397043,-0.129857,0.150358,0.229503,-0.334354,0.023273,,-0.0097,-0.273084,0.083563,0.045067,0.035253,-0.015729,0.149208
166656,,0.187649,-0.326001,-0.00401,-0.514979,0.399918,0.057742,0.011785,0.003674,0.006296,0.395639,-0.11047,0.127038,0.240969,-0.382738,0.050599,0.019846,0.098458,-0.309591,0.081969,0.028318,0.128101,-0.015504,0.152271
