id,error,adch_ketC,adch_ketO,adch_carbC,adch_hydO,adch_hydH,adch_fukui_plus_ketC,adch_fukui_minus_ketC,adch_fukui_plus_carbC,adch_fukui_minus_carbC,qtaim_rho_CO_ket,qtaim_lap_CO_ket,qtaim_ell_CO_ket,qtaim_rho_CC_new,qtaim_lap_CC_new,qtaim_ell_CC_new,qtaim_rho_HB,ald_adch_CHO_C,ald_adch_CHO_O,ald_adch_fukui_plus_CHO_C,ald_adch_fukui_minus_CHO_C,ald_adch_fukui_minus_CHO_O,ald_qtaim_lap_CO,ald_qtaim_ell_CO
66616,,,,,,,,,,,0.394267,-0.144406,0.144026,0.239176,-0.378436,0.050968,0.020645,0.109547,-0.316627,0.080394,0.025812,0.103395,-0.065939,0.158732
61055,,0.186517,-0.359999,0.216824,-0.510763,0.406368,0.065398,0.053164,0.354346,0.035184,0.389281,-0.221937,0.15285,0.233177,-0.351002,0.048116,0.020725,0.095978,-0.338511,0.083952,0.05004,0.146394,-0.151956,0.180471
204087,,0.170547,-0.335361,0.044093,-0.534641,0.51378,0.071151,0.035086,0.001657,0.000297,0.390934,-0.208825,0.141789,0.237381,-0.372225,0.040329,,0.105605,-0.339337,0.08475,0.036175,0.148067,-0.117235,0.155617
83592,,,,,,,,,,,0.387598,-0.273486,0.150459,0.235249,-0.362037,0.043601,,0.098165,-0.36279,0.032574,0.023113,0.109267,-0.181728,0.17713
17179,,,,,,,,-0.006328,,0.028562,0.394552,-0.147594,0.150215,0.23823,-0.373241,0.051246,0.020932,0.107584,-0.313083,0.073897,0.032082,0.116751,-0.069581,0.164218
