id,error,adch_ketC,adch_ketO,adch_carbC,adch_hydO,adch_hydH,adch_fukui_plus_ketC,adch_fukui_minus_ketC,adch_fukui_plus_carbC,adch_fukui_minus_carbC,qtaim_rho_CO_ket,qtaim_lap_CO_ket,qtaim_ell_CO_ket,qtaim_rho_CC_new,qtaim_lap_CC_new,qtaim_ell_CC_new,qtaim_rho_HB,ald_adch_CHO_C,ald_adch_CHO_O,ald_adch_fukui_plus_CHO_C,ald_adch_fukui_minus_CHO_C,ald_adch_fukui_minus_CHO_O,ald_qtaim_lap_CO,ald_qtaim_ell_CO
107262,,0.188702,-0.331183,-0.018172,-0.517173,0.41058,0.235988,0.032704,0.01963,0.026558,0.397127,-0.112814,0.132562,0.239666,-0.377156,0.043983,,0.093946,-0.304618,0.235415,0.053049,0.168391,-0.027158,0.159042
65011,,0.169774,-0.310469,-0.005302,-0.511658,0.422868,,0.003378,,0.003351,0.401075,-0.093636,0.152954,0.238067,-0.37528,0.049998,,0.181032,-0.308405,-0.022491,-0.095297,0.123162,0.025346,0.163215
101361,,,,,,,,,,,0.39597,-0.109856,0.127623,0.240104,-0.378073,0.050898,0.022896,-0.011017,-0.27137,-0.037701,-0.091459,0.067765,-0.029809,0.146882
165633,,0.19842,-0.350779,-0.024138,-0.526952,0.426687,0.056047,-0.008366,0.014513,0.021199,0.395398,-0.107585,0.131065,0.240873,-0.383362,0.045891,,0.098068,-0.31164,0.086784,0.023596,0.111929,-0.012494,0.149185
92404,,0.186116,-0.355399,0.004702,-0.519021,0.41155,0.092865,0.013951,0.008613,0.01206,0.394861,-0.182039,0.139726,0.239298,-0.377901,0.047393,,0.089815,-0.330638,0.123649,0.035124,0.112391,-0.101138,0.166837
