id,error,adch_ketC,adch_ketO,adch_carbC,adch_hydO,adch_hydH,adch_fukui_plus_ketC,adch_fukui_minus_ketC,adch_fukui_plus_carbC,adch_fukui_minus_carbC,qtaim_rho_CO_ket,qtaim_lap_CO_ket,qtaim_ell_CO_ket,qtaim_rho_CC_new,qtaim_lap_CC_new,qtaim_ell_CC_new,qtaim_rho_HB,ald_adch_CHO_C,ald_adch_CHO_O,ald_adch_fukui_plus_CHO_C,ald_adch_fukui_minus_CHO_C,ald_adch_fukui_minus_CHO_O,ald_qtaim_lap_CO,ald_qtaim_ell_CO
79596,,0.172266,-0.316112,0.013727,-0.533407,0.424759,0.262437,0.012602,0.019376,0.030198,0.399551,-0.100225,0.140747,0.236473,-0.358355,0.052034,,0.239385,-0.339527,0.336774,0.134372,0.148624,0.005518,0.15551
187145,,0.191434,-0.331212,-0.00159,-0.495298,0.381924,0.247599,0.026376,0.021716,0.017966,0.39489,-0.124178,0.133936,0.23609,-0.365684,0.040882,,0.100177,-0.300951,0.264284,0.044268,0.138556,0.003369,0.140911
202056,,0.14713,-0.299858,0.023952,-0.507214,0.42444,0.112944,0.067882,-0.001815,-0.006477,0.40151,-0.104293,0.146862,0.237818,-0.366145,0.043608,,0.035073,-0.250265,0.083173,0.109146,0.097328,0.011556,0.155014
96323,,0.236074,-0.288809,0.026681,-0.514343,0.405885,0.049808,0.005631,-0.012917,-0.003861,0.402704,-0.1081,0.172633,0.235511,-0.358087,0.034896,,-0.013857,-0.24853,-0.050577,-0.106189,0.158174,-0.040897,0.160122
118707,,0.213393,-0.351018,0.006844,-0.538835,0.4394,0.062714,0.029532,0.00039,0.011904,0.396786,-0.092099,0.123064,0.238016,-0.368413,0.040946,,-0.034124,-0.265382,0.01239,-0.034997,0.136565,-0.028933,0.154303
