id,error,adch_ketC,adch_ketO,adch_carbC,adch_hydO,adch_hydH,adch_fukui_plus_ketC,adch_fukui_minus_ketC,adch_fukui_plus_carbC,adch_fukui_minus_carbC,qtaim_rho_CO_ket,qtaim_lap_CO_ket,qtaim_ell_CO_ket,qtaim_rho_CC_new,qtaim_lap_CC_new,qtaim_ell_CC_new,qtaim_rho_HB,ald_adch_CHO_C,ald_adch_CHO_O,ald_adch_fukui_plus_CHO_C,ald_adch_fukui_minus_CHO_C,ald_adch_fukui_minus_CHO_O,ald_qtaim_lap_CO,ald_qtaim_ell_CO
151911,,0.128079,-0.243937,0.056432,-0.475474,0.345881,0.074038,0.018327,0.025112,0.014712,0.396019,-0.093475,0.132198,0.232324,-0.344408,0.04878,0.019241,0.270493,-0.479711,0.127528,0.080951,0.112289,-0.089125,0.153412
117988,,0.147339,-0.410521,0.003653,-0.548154,0.428892,0.100966,0.013896,-0.023473,-0.016509,0.383689,-0.339343,0.161353,0.232915,-0.349822,0.058738,0.024718,0.085285,-0.423446,0.102987,0.11988,0.132754,-0.274413,0.185708
148074,,0.236987,-0.319101,0.011065,-0.516756,0.426424,0.051689,-0.01091,0.006652,0.02022,0.398393,-0.121147,0.15263,0.240946,-0.386793,0.052752,,0.105012,-0.307002,0.004354,0.099037,0.064767,-0.049934,0.167496
186862,,,,,,,,,,,0.392546,-0.155363,0.137143,0.237625,-0.369867,0.047663,0.02125,0.064129,-0.325268,0.094695,0.069726,0.099656,-0.072067,0.16301
197298,,0.260763,-0.324422,0.037804,-0.513352,0.427623,0.035649,0.078958,0.006017,0.014664,0.398286,-0.112413,0.135284,0.226432,-0.319042,0.049502,0.020015,0.169984,-0.321388,0.057389,0.031534,0.118234,-0.055524,0.161316
