id,error,adch_ketC,adch_ketO,adch_carbC,adch_hydO,adch_hydH,adch_fukui_plus_ketC,adch_fukui_minus_ketC,adch_fukui_plus_carbC,adch_fukui_minus_carbC,qtaim_rho_CO_ket,qtaim_lap_CO_ket,qtaim_ell_CO_ket,qtaim_rho_CC_new,qtaim_lap_CC_new,qtaim_ell_CC_new,qtaim_rho_HB,ald_adch_CHO_C,ald_adch_CHO_O,ald_adch_fukui_plus_CHO_C,ald_adch_fukui_minus_CHO_C,ald_adch_fukui_minus_CHO_O,ald_qtaim_lap_CO,ald_qtaim_ell_CO
195262,,0.239091,-0.33883,0.066289,-0.498685,0.394704,0.085652,0.030241,0.058908,-0.008082,0.39356,-0.148561,0.140153,0.23778,-0.370154,0.046782,0.020925,0.166834,-0.370129,0.094102,0.023703,0.10853,-0.071229,0.16355
207870,,0.130705,-0.384706,-0.004397,-0.507471,0.4057,0.039212,0.027165,-0.018865,-0.01527,0.385073,-0.286606,0.165781,0.234909,-0.358066,0.05305,0.024291,0.055208,-0.343883,-0.005422,0.06938,0.096563,-0.211339,0.185838
126901,,,,,,,,,,,0.393696,-0.111603,0.141585,0.234659,-0.354354,0.051908,0.018155,-0.058975,-0.257359,-0.007697,-0.011161,0.08026,-0.131792,0.172172
122728,,0.215547,-0.361082,0.035269,-0.524722,0.425652,0.073696,-0.013185,-0.006447,-0.02297,0.396543,-0.16221,0.136917,0.238017,-0.377411,0.042749,,0.251285,-0.377897,0.058749,-0.033621,0.11203,-0.092806,0.156188
150666,,0.277268,-0.355735,0.244251,-0.506303,0.422323,0.071268,0.078447,0.136314,0.093081,0.393086,-0.194556,0.156436,0.233145,-0.349922,0.047409,0.020201,0.105873,-0.318367,0.082715,-0.073356,0.096547,-0.12704,0.180051
