id,error,adch_ketC,adch_ketO,adch_carbC,adch_hydO,adch_hydH,adch_fukui_plus_ketC,adch_fukui_minus_ketC,adch_fukui_plus_carbC,adch_fukui_minus_carbC,qtaim_rho_CO_ket,qtaim_lap_CO_ket,qtaim_ell_CO_ket,qtaim_rho_CC_new,qtaim_lap_CC_new,qtaim_ell_CC_new,qtaim_rho_HB,ald_adch_CHO_C,ald_adch_CHO_O,ald_adch_fukui_plus_CHO_C,ald_adch_fukui_minus_CHO_C,ald_adch_fukui_minus_CHO_O,ald_qtaim_lap_CO,ald_qtaim_ell_CO
83535,,,,,,,,,,,0.397043,-0.130941,0.13069,0.244217,-0.399288,0.048051,,0.090133,-0.302991,0.092596,0.00371,0.020978,-0.034899,0.161052
86508,,,,,,,,,,,0.396569,-0.104387,0.133977,0.241587,-0.384496,0.048443,,0.096075,-0.297117,0.078172,0.021864,0.079024,-0.004907,0.156996
120850,,0.193581,-0.345657,-0.011505,-0.513618,0.405964,0.129174,0.018211,0.007034,0.016443,0.394772,-0.136668,0.126531,0.239343,-0.378044,0.035822,,0.102255,-0.319155,0.152582,0.026519,0.135249,-0.032932,0.152705
78195,,,,,,,,,,,0.403356,-0.060783,0.143829,0.234967,-0.366078,0.011778,,0.053741,-0.333224,0.039479,0.03762,0.139737,-0.201174,0.13219
83728,,,,,,,0.056107,0.001303,0.002938,-0.00166,0.395598,-0.138827,0.116085,0.241646,-0.389399,0.036501,,-0.199665,-0.190043,-0.053285,-0.089606,0.077172,-0.025282,0.145756
