id,error,adch_ketC,adch_ketO,adch_carbC,adch_hydO,adch_hydH,adch_fukui_plus_ketC,adch_fukui_minus_ketC,adch_fukui_plus_carbC,adch_fukui_minus_carbC,qtaim_rho_CO_ket,qtaim_lap_CO_ket,qtaim_ell_CO_ket,qtaim_rho_CC_new,qtaim_lap_CC_new,qtaim_ell_CC_new,qtaim_rho_HB,ald_adch_CHO_C,ald_adch_CHO_O,ald_adch_fukui_plus_CHO_C,ald_adch_fukui_minus_CHO_C,ald_adch_fukui_minus_CHO_O,ald_qtaim_lap_CO,ald_qtaim_ell_CO
71098,,,,,,,,,,,0.386251,-0.284163,0.114984,0.227259,-0.324151,0.043829,0.023899,0.134909,-0.334007,0.057944,-0.025726,0.060142,-0.112125,0.15596
61870,,,,,,,,,,,0.392393,-0.149948,0.14206,0.23748,-0.369001,0.046901,0.020996,0.088201,-0.314491,0.078066,-0.00378,0.118768,-0.065863,0.164835
138819,,,,,,,,,,,0.397542,-0.105232,0.128226,0.23519,-0.35542,0.045423,,0.127431,-0.349435,0.108068,0.023877,0.073758,-0.055147,0.151716
195293,,,,,,,,,,,0.398156,-0.044374,0.147679,0.233102,-0.347187,0.053656,,0.098384,-0.303061,0.077812,0.031656,0.13743,-0.021667,0.159722
186890,,0.221102,-0.364406,0.041606,-0.515927,0.422144,0.099962,0.100205,0.038833,-0.030219,0.39187,-0.198544,0.141636,0.237867,-0.371955,0.04659,0.021083,0.101925,-0.332328,0.099952,0.02468,0.099496,-0.115765,0.167054
