id,error,adch_ketC,adch_ketO,adch_carbC,adch_hydO,adch_hydH,adch_fukui_plus_ketC,adch_fukui_minus_ketC,adch_fukui_plus_carbC,adch_fukui_minus_carbC,qtaim_rho_CO_ket,qtaim_lap_CO_ket,qtaim_ell_CO_ket,qtaim_rho_CC_new,qtaim_lap_CC_new,qtaim_ell_CC_new,qtaim_rho_HB,ald_adch_CHO_C,ald_adch_CHO_O,ald_adch_fukui_plus_CHO_C,ald_adch_fukui_minus_CHO_C,ald_adch_fukui_minus_CHO_O,ald_qtaim_lap_CO,ald_qtaim_ell_CO
45699,,,,,,,,,,,0.395371,-0.127327,0.134331,0.244027,-0.396897,0.05359,0.018673,0.0912,-0.306105,0.090616,0.003342,0.083731,-0.011132,0.147945
67882,,,,,,,,,,,0.397815,-0.143098,0.121848,0.238417,-0.37519,0.029334,,0.180325,-0.327043,-0.012525,-0.166358,0.134997,-0.002045,0.141872
137217,,,,,,,,,,,0.394436,-0.110107,0.106502,0.233009,-0.350931,0.016758,,0.045281,-0.302217,0.23573,0.005851,0.095595,-0.057183,0.137827
21229,,,,,,,,,,,0.395683,-0.086348,0.127963,0.23203,-0.346456,0.016355,,0.223234,-0.35372,0.240908,0.195915,-0.013962,-0.013214,0.153639
90152,,0.210452,-0.331065,-0.005989,-0.547487,0.443112,0.067991,-0.021888,0.014477,0.021688,0.398054,-0.101106,0.13214,0.241658,-0.384592,0.04566,,0.095469,-0.301616,0.113089,0.013966,0.076173,-0.023258,0.145185
