id,error,adch_ketC,adch_ketO,adch_carbC,adch_hydO,adch_hydH,adch_fukui_plus_ketC,adch_fukui_minus_ketC,adch_fukui_plus_carbC,adch_fukui_minus_carbC,qtaim_rho_CO_ket,qtaim_lap_CO_ket,qtaim_ell_CO_ket,qtaim_rho_CC_new,qtaim_lap_CC_new,qtaim_ell_CC_new,qtaim_rho_HB,ald_adch_CHO_C,ald_adch_CHO_O,ald_adch_fukui_plus_CHO_C,ald_adch_fukui_minus_CHO_C,ald_adch_fukui_minus_CHO_O,ald_qtaim_lap_CO,ald_qtaim_ell_CO
98238,,0.199288,-0.32937,0.001876,-0.516763,0.416431,0.084398,-0.011236,0.007369,0.003391,0.397712,-0.109477,0.141094,0.238805,-0.379326,0.048572,,0.104609,-0.297916,0.121709,0.104398,0.064414,0.0058,0.151362
31301,,,,,,,,,,,0.395086,-0.121876,0.12774,0.241817,-0.387229,0.043799,,0.097027,-0.308507,0.079441,0.030167,0.111131,-0.010228,0.151305
51847,,,,,,,,,,,0.396993,-0.116105,0.134869,0.238439,-0.37776,0.044956,,-0.029302,-0.266003,0.056696,-0.048195,0.078663,-0.034329,0.142756
182404,,0.18788,-0.352731,-0.003624,-0.521507,0.411887,0.220525,0.05133,0.013435,0.019361,0.39391,-0.178153,0.139016,0.239226,-0.376702,0.047047,0.0189,0.089998,-0.329868,0.210966,0.057904,0.176417,-0.104722,0.167702
164165,,0.187432,-0.343927,-0.011389,-0.527585,0.410874,0.098023,-0.003134,0.010285,0.001034,0.395547,-0.131334,0.129559,0.241918,-0.387559,0.047503,,0.099763,-0.312096,0.115696,0.008288,0.073736,-0.015794,0.151927
