id,error,adch_ketC,adch_ketO,adch_carbC,adch_hydO,adch_hydH,adch_fukui_plus_ketC,adch_fukui_minus_ketC,adch_fukui_plus_carbC,adch_fukui_minus_carbC,qtaim_rho_CO_ket,qtaim_lap_CO_ket,qtaim_ell_CO_ket,qtaim_rho_CC_new,qtaim_lap_CC_new,qtaim_ell_CC_new,qtaim_rho_HB,ald_adch_CHO_C,ald_adch_CHO_O,ald_adch_fukui_plus_CHO_C,ald_adch_fukui_minus_CHO_C,ald_adch_fukui_minus_CHO_O,ald_qtaim_lap_CO,ald_qtaim_ell_CO
57405,,,,,,,,,,,0.398799,-0.138941,0.140376,0.23994,-0.373573,0.048083,,0.048398,-0.445363,-0.005766,0.015315,0.091755,-0.458313,0.121937
101669,,,,,,,,,,,0.39482,-0.09159,0.128386,0.244808,-0.400071,0.055517,,0.009682,-0.275706,-0.008125,0.026058,0.05436,0.000428,0.149419
186505,,,,,,,,,,,0.397846,-0.100278,0.13563,0.238874,-0.371461,0.047107,0.020006,0.101021,-0.294263,0.098588,0.019131,0.065142,-0.032128,0.149502
29133,,,,,,,,,,,0.395131,-0.083979,0.133237,0.227643,-0.329516,0.041588,,-0.018125,-0.268306,0.06146,-0.01073,0.088818,-0.040002,0.137045
57356,,0.182426,-0.297261,-0.004008,-0.506192,0.421767,0.07228,0.010565,0.004812,0.017366,0.402221,-0.078816,0.154081,0.239744,-0.375268,0.053577,,0.095473,-0.272924,0.101533,0.047754,0.155056,0.027792,0.159923
