id,error,adch_ketC,adch_ketO,adch_carbC,adch_hydO,adch_hydH,adch_fukui_plus_ketC,adch_fukui_minus_ketC,adch_fukui_plus_carbC,adch_fukui_minus_carbC,qtaim_rho_CO_ket,qtaim_lap_CO_ket,qtaim_ell_CO_ket,qtaim_rho_CC_new,qtaim_lap_CC_new,qtaim_ell_CC_new,qtaim_rho_HB,ald_adch_CHO_C,ald_adch_CHO_O,ald_adch_fukui_plus_CHO_C,ald_adch_fukui_minus_CHO_C,ald_adch_fukui_minus_CHO_O,ald_qtaim_lap_CO,ald_qtaim_ell_CO
179787,,0.26308,-0.322012,0.025884,-0.52117,0.424319,-0.046309,0.011332,0.012426,0.02963,0.401659,-0.093503,0.147803,0.227761,-0.331525,0.056938,,0.092026,-0.290387,-0.051183,0.015448,0.207291,-0.103788,0.166628
210584,,,,,,,,,,,0.391013,-0.16749,0.135632,0.237489,-0.36974,0.046636,0.021895,0.131784,-0.35475,0.114462,0.083254,0.008844,-0.081943,0.161152
38050,,0.229179,-0.327028,-0.000714,-0.460011,0.373173,,0.00118,,0.010204,0.395311,-0.154788,0.141177,0.236847,-0.36709,0.053696,0.01872,0.058463,-0.319227,0.044674,0.004208,0.129377,-0.094331,0.158178
30140,,,,,,,,,,,0.391208,-0.156776,0.134623,0.237811,-0.371207,0.047712,0.021336,0.103001,-0.320344,0.05335,0.032968,0.114352,-0.07071,0.161316
173851,,0.208473,-0.294691,0.052612,-0.501144,0.417632,0.052886,-0.009008,0.024261,0.013369,0.399419,-0.056665,0.157958,0.2306,-0.345568,0.042927,,0.117777,-0.281492,0.089586,0.034183,0.116287,-0.008228,0.155051
