id,error,adch_ketC,adch_ketO,adch_carbC,adch_hydO,adch_hydH,adch_fukui_plus_ketC,adch_fukui_minus_ketC,adch_fukui_plus_carbC,adch_fukui_minus_carbC,qtaim_rho_CO_ket,qtaim_lap_CO_ket,qtaim_ell_CO_ket,qtaim_rho_CC_new,qtaim_lap_CC_new,qtaim_ell_CC_new,qtaim_rho_HB,ald_adch_CHO_C,ald_adch_CHO_O,ald_adch_fukui_plus_CHO_C,ald_adch_fukui_minus_CHO_C,ald_adch_fukui_minus_CHO_O,ald_qtaim_lap_CO,ald_qtaim_ell_CO
161948,,,,,,,,,,,0.389124,-0.178132,0.132629,0.23759,-0.371169,0.045092,0.022094,0.096493,-0.335413,0.11325,-0.073428,0.095451,-0.091792,0.15703
125525,,0.207102,-0.367851,0.083544,-0.509173,0.415973,0.06275,0.040631,0.025487,0.021687,0.390705,-0.176788,0.137726,0.237372,-0.368978,0.047417,0.021997,0.104442,-0.326881,0.06725,0.040718,0.140917,-0.092591,0.164291
192426,,0.106636,-0.304316,0.042092,-0.544525,0.467955,-0.097327,-0.100906,-0.028138,-0.020583,0.401142,-0.046591,0.148931,0.231669,-0.338898,0.054324,0.019124,-0.152279,-0.178728,0.020972,0.030579,0.106383,-0.033746,0.164936
113477,,,,,,,,,,,0.384806,-0.236126,0.139991,0.236597,-0.366587,0.048042,0.023736,0.096824,-0.353448,0.071879,0.019651,0.081713,-0.154756,0.173349
45933,,0.22308,-0.254384,-0.000631,-0.450345,0.390719,0.045725,0.034486,0.013183,0.040713,0.406157,-0.050445,0.161381,0.232702,-0.344023,0.053155,,0.107288,-0.273538,0.084537,0.0672,0.223127,-0.051528,0.178866
