id,error,adch_ketC,adch_ketO,adch_carbC,adch_hydO,adch_hydH,adch_fukui_plus_ketC,adch_fukui_minus_ketC,adch_fukui_plus_carbC,adch_fukui_minus_carbC,qtaim_rho_CO_ket,qtaim_lap_CO_ket,qtaim_ell_CO_ket,qtaim_rho_CC_new,qtaim_lap_CC_new,qtaim_ell_CC_new,qtaim_rho_HB,ald_adch_CHO_C,ald_adch_CHO_O,ald_adch_fukui_plus_CHO_C,ald_adch_fukui_minus_CHO_C,ald_adch_fukui_minus_CHO_O,ald_qtaim_lap_CO,ald_qtaim_ell_CO
10305,,,,,,,,,,,0.384373,-0.240478,0.139611,0.237083,-0.369803,0.052908,0.024476,0.022693,-0.361959,0.024441,0.050573,0.103319,-0.176632,0.164865
204591,,0.150876,-0.364409,0.129121,-0.507432,0.403635,0.065112,0.104724,0.102549,0.020949,0.388203,-0.232986,0.15534,0.232436,-0.347603,0.048332,0.021741,0.087238,-0.342319,0.05484,0.020421,0.093831,-0.162837,0.183013
72207,,,,,,,,,,,0.389867,-0.186568,0.143391,0.237702,-0.371032,0.046775,0.021749,0.095106,-0.325603,0.015011,0.046172,0.077392,-0.102077,0.167773
195268,,0.209785,-0.319113,0.051509,-0.478761,0.38946,0.070668,-0.001071,0.048521,0.01802,0.395386,-0.138614,0.149775,0.239444,-0.379152,0.052073,0.019608,0.095327,-0.301852,0.093722,0.047419,0.092401,-0.050846,0.161897
154865,,0.200465,-0.367559,0.006363,-0.444991,0.408096,0.082283,0.093747,-0.018319,-0.016973,0.393208,-0.242088,0.181893,0.229748,-0.340232,0.044838,,0.090927,-0.335219,0.06299,0.034376,0.135013,-0.147454,0.181933
