id,error,adch_ketC,adch_ketO,adch_carbC,adch_hydO,adch_hydH,adch_fukui_plus_ketC,adch_fukui_minus_ketC,adch_fukui_plus_carbC,adch_fukui_minus_carbC,qtaim_rho_CO_ket,qtaim_lap_CO_ket,qtaim_ell_CO_ket,qtaim_rho_CC_new,qtaim_lap_CC_new,qtaim_ell_CC_new,qtaim_rho_HB,ald_adch_CHO_C,ald_adch_CHO_O,ald_adch_fukui_plus_CHO_C,ald_adch_fukui_minus_CHO_C,ald_adch_fukui_minus_CHO_O,ald_qtaim_lap_CO,ald_qtaim_ell_CO
119333,,,,,,,,,,,0.390043,-0.184635,0.138042,0.237681,-0.370546,0.047556,0.022345,0.10347,-0.328148,0.031528,0.03703,0.1365,-0.099177,0.165924
217228,,0.164432,-0.350971,0.031878,-0.510955,0.410349,0.018942,-0.014968,0.018269,-0.00693,0.388515,-0.216155,0.150432,0.237942,-0.371926,0.050435,0.021293,0.093035,-0.337279,0.078896,0.031742,0.134126,-0.139519,0.176434
203296,,,,,,,,,,,0.395073,-0.354619,0.14305,0.225504,-0.31977,0.014036,,0.091003,-0.326116,0.086837,0.033421,0.129309,-0.091331,0.155063
149632,,,,,,,0.056465,0.088663,0.027453,0.05482,0.387504,-0.198449,0.13214,0.23748,-0.370476,0.047708,0.023456,0.100634,-0.341807,0.064318,0.029545,0.129821,-0.11251,0.164929
194078,,0.26212,-0.331671,-0.063107,-0.446768,0.374522,0.10571,-0.005135,-0.032062,-0.033365,0.397474,-0.11786,0.140192,0.233561,-0.349213,0.052506,0.019414,0.095673,-0.305721,0.202756,0.009238,0.066266,-0.050289,0.160134
