id,error,adch_ketC,adch_ketO,adch_carbC,adch_hydO,adch_hydH,adch_fukui_plus_ketC,adch_fukui_minus_ketC,adch_fukui_plus_carbC,adch_fukui_minus_carbC,qtaim_rho_CO_ket,qtaim_lap_CO_ket,qtaim_ell_CO_ket,qtaim_rho_CC_new,qtaim_lap_CC_new,qtaim_ell_CC_new,qtaim_rho_HB,ald_adch_CHO_C,ald_adch_CHO_O,ald_adch_fukui_plus_CHO_C,ald_adch_fukui_minus_CHO_C,ald_adch_fukui_minus_CHO_O,ald_qtaim_lap_CO,ald_qtaim_ell_CO
194899,,,,,,,,,,,0.398022,-0.091501,0.144028,0.235716,-0.360894,0.051945,,0.099459,-0.315465,0.062378,-0.011387,0.103152,-0.093466,0.171897
82209,,0.183365,-0.334373,0.100734,-0.508843,0.414536,0.038094,-0.04829,0.0212,0.016341,0.387299,-0.218036,0.133188,0.23874,-0.379039,0.047898,0.021149,0.100593,-0.323189,0.067008,0.008091,0.066027,-0.14087,0.157391
125113,,,,,,,,,,,0.396084,-0.120895,0.12975,0.240192,-0.378915,0.049996,0.019529,0.09932,-0.314827,0.039084,0.017194,0.083267,-0.028637,0.145301
48268,,,,,,,,,,,0.396641,-0.117121,0.126984,0.240303,-0.380917,0.04198,,0.085954,-0.307299,0.091975,0.037695,0.005164,-0.052399,0.145899
52722,,,,,,,0.031235,-0.006932,-0.001581,-0.006305,0.391629,-0.243731,0.173715,0.233274,-0.349866,0.04673,,-0.161432,-0.303527,0.055469,0.008754,0.050352,-0.214641,0.184763
