id,error,adch_ketC,adch_ketO,adch_carbC,adch_hydO,adch_hydH,adch_fukui_plus_ketC,adch_fukui_minus_ketC,adch_fukui_plus_carbC,adch_fukui_minus_carbC,qtaim_rho_CO_ket,qtaim_lap_CO_ket,qtaim_ell_CO_ket,qtaim_rho_CC_new,qtaim_lap_CC_new,qtaim_ell_CC_new,qtaim_rho_HB,ald_adch_CHO_C,ald_adch_CHO_O,ald_adch_fukui_plus_CHO_C,ald_adch_fukui_minus_CHO_C,ald_adch_fukui_minus_CHO_O,ald_qtaim_lap_CO,ald_qtaim_ell_CO
210779,,0.188928,-0.332447,-0.017068,-0.518572,0.408915,0.094389,0.009833,0.005818,0.005587,0.396421,-0.11455,0.131714,0.239315,-0.375279,0.043646,,0.093734,-0.315589,0.119751,0.021146,0.110068,-0.025363,0.150087
17334,,0.210136,-0.343909,-0.008637,-0.489891,0.388117,0.099374,0.018111,0.004379,0.020094,0.393635,-0.128277,0.125912,0.237406,-0.369054,0.043524,,0.070328,-0.296523,0.011501,-0.057643,0.179723,-0.002357,0.141883
38198,,0.214179,-0.348788,-0.036923,-0.492678,0.40449,0.181234,0.008686,0.009179,-0.003671,0.394963,-0.131994,0.122773,0.241143,-0.380139,0.046114,,0.124161,-0.309167,0.180988,0.012576,0.071671,-0.009132,0.134484
64912,,0.18941,-0.310423,-0.026832,-0.48884,0.396584,0.00459,0.010126,-0.006431,0.006902,0.397602,-0.062865,0.138378,0.239552,-0.376975,0.044597,,0.093703,-0.290129,0.045495,0.038815,0.123179,0.007493,0.162013
35366,,0.181172,-0.32865,-0.019923,-0.509934,0.409912,0.058532,0.030711,0.001382,0.010742,0.39365,-0.135465,0.130802,0.240189,-0.378409,0.043137,0.020634,0.091013,-0.303595,0.099474,0.039817,0.137191,-0.015049,0.143141
