id,error,adch_ketC,adch_ketO,adch_carbC,adch_hydO,adch_hydH,adch_fukui_plus_ketC,adch_fukui_minus_ketC,adch_fukui_plus_carbC,adch_fukui_minus_carbC,qtaim_rho_CO_ket,qtaim_lap_CO_ket,qtaim_ell_CO_ket,qtaim_rho_CC_new,qtaim_lap_CC_new,qtaim_ell_CC_new,qtaim_rho_HB,ald_adch_CHO_C,ald_adch_CHO_O,ald_adch_fukui_plus_CHO_C,ald_adch_fukui_minus_CHO_C,ald_adch_fukui_minus_CHO_O,ald_qtaim_lap_CO,ald_qtaim_ell_CO
39072,,,,,,,,,,,0.397708,-0.069452,0.152172,0.230183,-0.328982,0.055247,,0.083272,-0.316505,0.018752,0.10184,0.060923,-0.127734,0.187333
83069,,,,,,,,,,,0.392192,-0.149509,0.135469,0.239024,-0.376521,0.046968,0.020852,0.108325,-0.317656,0.069199,0.020145,0.087002,-0.070622,0.161365
187623,,0.177782,-0.349874,-0.021654,-0.505582,0.408724,0.047496,0.004721,-0.007326,0.028237,0.393626,-0.229097,0.165125,0.233673,-0.34994,0.054137,0.020209,0.087063,-0.324838,0.052942,0.030979,0.126943,-0.152061,0.185392
174157,,0.165132,-0.303968,0.055212,-0.508764,0.422803,0.041943,0.005387,0.00179,0.005786,0.397382,-0.067449,0.155318,0.231356,-0.344816,0.052262,,-0.068093,-0.222059,0.098884,-0.016078,0.132886,-0.003974,0.155551
58226,,,,,,,,,,,0.394858,-0.086595,0.125699,0.238754,-0.370959,0.044023,,-0.051135,-0.283048,0.002806,-0.025626,0.067582,-0.077298,0.12761
