id,error,adch_ketC,adch_ketO,adch_carbC,adch_hydO,adch_hydH,adch_fukui_plus_ketC,adch_fukui_minus_ketC,adch_fukui_plus_carbC,adch_fukui_minus_carbC,qtaim_rho_CO_ket,qtaim_lap_CO_ket,qtaim_ell_CO_ket,qtaim_rho_CC_new,qtaim_lap_CC_new,qtaim_ell_CC_new,qtaim_rho_HB,ald_adch_CHO_C,ald_adch_CHO_O,ald_adch_fukui_plus_CHO_C,ald_adch_fukui_minus_CHO_C,ald_adch_fukui_minus_CHO_O,ald_qtaim_lap_CO,ald_qtaim_ell_CO
183651,,,,,,,,,,,0.397194,-0.141067,0.153377,0.238783,-0.375889,0.051031,0.020506,0.110782,-0.295984,0.09151,0.029552,0.109307,-0.045476,0.16451
150897,,,,,,,,,,,0.390636,-0.162206,0.13183,0.237968,-0.371698,0.050834,0.02267,0.06388,-0.326756,0.066798,0.014431,0.10535,-0.072694,0.16107
61707,,,,,,,,,,,0.394899,-0.176105,0.146447,0.237062,-0.36705,0.046388,0.019611,0.115248,-0.307113,0.06408,0.050872,0.121259,-0.085004,0.168188
138743,,,,,,,,,,,0.397936,-0.055931,0.136286,0.235221,-0.356162,0.05392,,0.03119,-0.283553,0.067185,-0.047561,0.122699,-0.065275,0.160383
76618,,,,,,,0.061883,-0.013224,-0.000481,-0.005122,0.383321,-0.272239,0.143797,0.239849,-0.385249,0.054928,0.02399,-0.093686,-0.299273,0.043673,-0.008308,0.021129,-0.198953,0.165093
