id,error,adch_ketC,adch_ketO,adch_carbC,adch_hydO,adch_hydH,adch_fukui_plus_ketC,adch_fukui_minus_ketC,adch_fukui_plus_carbC,adch_fukui_minus_carbC,qtaim_rho_CO_ket,qtaim_lap_CO_ket,qtaim_ell_CO_ket,qtaim_rho_CC_new,qtaim_lap_CC_new,qtaim_ell_CC_new,qtaim_rho_HB,ald_adch_CHO_C,ald_adch_CHO_O,ald_adch_fukui_plus_CHO_C,ald_adch_fukui_minus_CHO_C,ald_adch_fukui_minus_CHO_O,ald_qtaim_lap_CO,ald_qtaim_ell_CO
122267,,,,,,,,,,,0.395579,-0.122209,0.124992,0.24215,-0.388654,0.052058,,0.099238,-0.317323,0.040244,0.020677,0.071733,-0.035745,0.152214
197531,,0.200793,-0.300446,-0.012995,-0.414814,0.345614,-0.01527,0.006847,-0.00151,-0.007819,0.399009,-0.135283,0.140621,0.230042,-0.338016,0.049351,,0.08872,-0.28227,-0.04901,0.019196,0.123073,-0.090353,0.164745
52227,,,,,,,,,,,0.40105,-0.102494,0.151503,0.239859,-0.377568,0.043491,,0.086123,-0.276311,0.089435,0.009913,0.035708,0.000759,0.169177
14108,,,,,,,,,,,0.387213,-0.180355,0.144298,0.233881,-0.359099,0.047422,,-0.148171,-0.287948,0.048737,-0.004113,0.049337,-0.160549,0.156704
66085,,,,,,,0.089938,0.014219,-0.020644,-0.012968,0.394246,-0.080035,0.127193,0.229994,-0.335786,0.032238,,0.068634,-0.286272,0.021319,0.024808,0.090902,-0.068295,0.161176
