id,error,adch_ketC,adch_ketO,adch_carbC,adch_hydO,adch_hydH,adch_fukui_plus_ketC,adch_fukui_minus_ketC,adch_fukui_plus_carbC,adch_fukui_minus_carbC,qtaim_rho_CO_ket,qtaim_lap_CO_ket,qtaim_ell_CO_ket,qtaim_rho_CC_new,qtaim_lap_CC_new,qtaim_ell_CC_new,qtaim_rho_HB,ald_adch_CHO_C,ald_adch_CHO_O,ald_adch_fukui_plus_CHO_C,ald_adch_fukui_minus_CHO_C,ald_adch_fukui_minus_CHO_O,ald_qtaim_lap_CO,ald_qtaim_ell_CO
51688,,0.184189,-0.332714,0.010134,-0.52568,0.414938,0.055995,-0.006612,0.005502,0.001743,0.391592,-0.152919,0.13895,0.236264,-0.362994,0.049173,0.023468,0.096948,-0.329594,0.079408,0.014201,0.158625,-0.08757,0.165195
126538,,0.131737,-0.334098,0.080774,-0.517176,0.42145,-0.029598,-0.058926,0.016437,-0.015228,0.392329,-0.235049,0.159564,0.236986,-0.367462,0.050187,0.022169,0.102943,-0.33047,0.068319,0.0365,0.147382,-0.151332,0.183428
157622,,0.165212,-0.393342,-0.028246,-0.452149,0.343838,0.069869,,0.001927,,0.383673,-0.22708,0.14461,0.232844,-0.349812,0.051993,0.0253,0.09153,-0.399885,0.078656,0.001827,0.059211,-0.159307,0.170821
169163,,0.210101,-0.324222,0.006736,-0.524212,0.410229,0.089776,0.008879,0.002536,0.008367,0.395267,-0.195029,0.130185,0.242677,-0.396914,0.051188,,0.095791,-0.314677,0.104204,0.036843,0.140006,-0.084054,0.145805
28524,,,,,,,,,,,0.383341,-0.254119,0.124715,0.240384,-0.388433,0.047044,0.0219,0.10236,-0.348224,0.055603,0.040059,0.103029,-0.113213,0.154108
