id,error,adch_ketC,adch_ketO,adch_carbC,adch_hydO,adch_hydH,adch_fukui_plus_ketC,adch_fukui_minus_ketC,adch_fukui_plus_carbC,adch_fukui_minus_carbC,qtaim_rho_CO_ket,qtaim_lap_CO_ket,qtaim_ell_CO_ket,qtaim_rho_CC_new,qtaim_lap_CC_new,qtaim_ell_CC_new,qtaim_rho_HB,ald_adch_CHO_C,ald_adch_CHO_O,ald_adch_fukui_plus_CHO_C,ald_adch_fukui_minus_CHO_C,ald_adch_fukui_minus_CHO_O,ald_qtaim_lap_CO,ald_qtaim_ell_CO
171693,,,,,,,,,,,0.395751,-0.125188,0.130275,0.241339,-0.385132,0.047229,,0.284472,-0.38315,-0.259801,-0.483034,0.252001,-0.024178,0.154426
24188,,,,,,,,,,,0.394781,-0.139107,0.124028,0.241413,-0.386162,0.047586,,0.046499,-0.312897,0.118353,0.014337,0.090843,-0.052323,0.145964
45257,,0.194519,-0.343245,0.013918,-0.56429,0.43684,0.262012,0.012605,0.023758,0.018321,0.396004,-0.114561,0.127098,0.240649,-0.380431,0.050718,0.020133,0.093565,-0.314361,0.269783,0.051365,0.168377,-0.039506,0.150385
45766,,,,,,,,,,,0.398925,-0.085724,0.117852,0.235459,-0.355424,0.039949,,0.202955,-0.339441,-0.002978,-0.100847,0.112408,0.008747,0.142995
54710,,,,,,,,,,,0.397165,-0.161401,0.110803,0.2415,-0.390466,0.045901,0.020577,0.002617,-0.268442,-0.001841,-0.040739,0.089598,-0.044289,0.148465
