id,error,adch_ketC,adch_ketO,adch_carbC,adch_hydO,adch_hydH,adch_fukui_plus_ketC,adch_fukui_minus_ketC,adch_fukui_plus_carbC,adch_fukui_minus_carbC,qtaim_rho_CO_ket,qtaim_lap_CO_ket,qtaim_ell_CO_ket,qtaim_rho_CC_new,qtaim_lap_CC_new,qtaim_ell_CC_new,qtaim_rho_HB,ald_adch_CHO_C,ald_adch_CHO_O,ald_adch_fukui_plus_CHO_C,ald_adch_fukui_minus_CHO_C,ald_adch_fukui_minus_CHO_O,ald_qtaim_lap_CO,ald_qtaim_ell_CO
73164,,0.352738,-0.350851,-0.050261,-0.464192,0.423148,0.096286,0.047641,-0.002779,0.002302,0.394784,-0.117674,0.150165,0.236541,-0.363665,0.049461,,0.107082,-0.371771,0.092946,0.04206,0.165224,-0.071159,0.167262
120159,,0.235503,-0.319544,-0.035953,-0.50883,0.419717,0.078023,-0.0156,0.004554,0.010766,0.400173,-0.061332,0.133342,0.234946,-0.359289,0.012023,,0.092156,-0.278919,0.103278,0.028951,0.105822,0.014845,0.160357
207930,,,,,,,,,,,0.394345,-0.174561,0.132584,0.235038,-0.357478,0.052178,0.021014,0.089465,-0.322789,0.093654,0.008329,0.058763,-0.095754,0.160067
32299,,0.233831,-0.351692,0.06544,-0.509198,0.427768,0.089279,0.112972,0.015986,-0.024308,0.391846,-0.185089,0.146617,0.237686,-0.370474,0.046472,0.020753,0.103576,-0.312513,0.074967,0.04631,0.165552,-0.096386,0.170968
186936,,0.193553,-0.33793,0.124933,-0.479915,0.373817,0.101738,-0.024665,0.080464,0.052914,0.392691,-0.19319,0.134926,0.240012,-0.383147,0.052498,0.021115,0.091547,-0.333961,0.096884,0.018111,0.125205,-0.117093,0.158885
