id,error,adch_ketC,adch_ketO,adch_carbC,adch_hydO,adch_hydH,adch_fukui_plus_ketC,adch_fukui_minus_ketC,adch_fukui_plus_carbC,adch_fukui_minus_carbC,qtaim_rho_CO_ket,qtaim_lap_CO_ket,qtaim_ell_CO_ket,qtaim_rho_CC_new,qtaim_lap_CC_new,qtaim_ell_CC_new,qtaim_rho_HB,ald_adch_CHO_C,ald_adch_CHO_O,ald_adch_fukui_plus_CHO_C,ald_adch_fukui_minus_CHO_C,ald_adch_fukui_minus_CHO_O,ald_qtaim_lap_CO,ald_qtaim_ell_CO
209119,,0.177046,-0.342355,-0.006944,-0.51491,0.414808,0.051266,-0.012998,-0.003808,-0.003228,0.395581,-0.140648,0.134806,0.236666,-0.366085,0.028522,,0.179866,-0.349775,0.130576,0.017745,0.090192,-0.0639,0.159422
184450,,0.151874,-0.333634,0.105601,-0.520433,0.425038,0.058065,0.000679,0.039706,0.021214,0.392024,-0.203821,0.167844,0.238876,-0.378577,0.052604,0.02052,0.063484,-0.334544,0.066659,0.028164,0.126997,-0.127244,0.178154
1891,,,,,,,,,,,0.391574,-0.184164,0.140463,0.237106,-0.368629,0.046794,0.020408,0.075685,-0.327636,0.082688,0.029421,0.069967,-0.092919,0.167314
141483,,,,,,,,-0.004378,,0.020895,0.397136,-0.081348,0.145678,0.23137,-0.337196,0.050954,0.019603,0.140862,-0.308079,0.083571,0.0199,0.121579,-0.08841,0.16861
2142,,,,,,,,,,,0.38203,-0.267443,0.130755,0.239457,-0.384282,0.045951,0.023373,0.035839,-0.35307,0.083551,0.047639,0.058169,-0.18743,0.165621
