id,error,adch_ketC,adch_ketO,adch_carbC,adch_hydO,adch_hydH,adch_fukui_plus_ketC,adch_fukui_minus_ketC,adch_fukui_plus_carbC,adch_fukui_minus_carbC,qtaim_rho_CO_ket,qtaim_lap_CO_ket,qtaim_ell_CO_ket,qtaim_rho_CC_new,qtaim_lap_CC_new,qtaim_ell_CC_new,qtaim_rho_HB,ald_adch_CHO_C,ald_adch_CHO_O,ald_adch_fukui_plus_CHO_C,ald_adch_fukui_minus_CHO_C,ald_adch_fukui_minus_CHO_O,ald_qtaim_lap_CO,ald_qtaim_ell_CO
179646,,,,,,,,,,,0.394632,-0.105906,0.12476,0.242197,-0.390166,0.049499,,0.092592,-0.310161,0.057096,0.04105,0.139398,-0.036164,0.156033
220537,,,,,,,,,,,0.391768,-0.128544,0.120416,0.242579,-0.392219,0.052707,0.021575,0.102761,-0.323033,0.109352,0.002316,0.045083,-0.028611,0.142885
97946,,,,,,,,,,,0.397842,-0.12905,0.163801,0.247174,-0.407161,0.059535,,0.035833,-0.263648,0.008291,-0.051378,0.088266,0.028973,0.15395
30108,,,,,,,,,,,0.395335,-0.095145,0.122251,0.233134,-0.353966,0.020383,,0.059779,-0.291203,0.070281,-0.016239,0.109047,-0.003178,0.141734
58485,,0.193526,-0.341095,-0.005611,-0.534883,0.408139,0.042547,0.0058,0.001728,0.006285,0.395502,-0.126411,0.121368,0.243875,-0.398961,0.050416,,0.093029,-0.31818,0.060778,0.019773,0.118767,-0.025834,0.146854
