id,error,adch_ketC,adch_ketO,adch_carbC,adch_hydO,adch_hydH,adch_fukui_plus_ketC,adch_fukui_minus_ketC,adch_fukui_plus_carbC,adch_fukui_minus_carbC,qtaim_rho_CO_ket,qtaim_lap_CO_ket,qtaim_ell_CO_ket,qtaim_rho_CC_new,qtaim_lap_CC_new,qtaim_ell_CC_new,qtaim_rho_HB,ald_adch_CHO_C,ald_adch_CHO_O,ald_adch_fukui_plus_CHO_C,ald_adch_fukui_minus_CHO_C,ald_adch_fukui_minus_CHO_O,ald_qtaim_lap_CO,ald_qtaim_ell_CO
63004,,,,,,,,,,,0.393355,-0.149415,0.135239,0.238157,-0.372324,0.047281,0.020505,0.157408,-0.312587,0.054267,0.049485,0.109419,-0.069137,0.160365
157091,,0.157593,-0.318257,0.07355,-0.462604,0.380959,-0.029163,-0.011711,0.00837,0.028748,0.398206,-0.203363,0.138627,0.225096,-0.314156,0.040034,,0.083241,-0.331147,-0.06611,0.017859,0.158796,-0.20732,0.159189
105918,,,,,,,,,,,0.388652,-0.190411,0.149548,0.237548,-0.369127,0.048392,0.021748,0.079633,-0.330332,0.050197,-0.004215,0.073528,-0.112573,0.174498
210900,,,,,,,,,,,0.384628,-0.229428,0.144077,0.233305,-0.350359,0.051142,0.026385,-0.05962,-0.316766,0.091543,-0.032816,0.117747,-0.153724,0.168433
139662,,0.227263,-0.348392,0.046091,-0.507506,0.434307,0.090885,0.016711,0.036622,-0.012666,0.394708,-0.168106,0.148207,0.237463,-0.368919,0.047112,0.020181,0.09686,-0.320052,0.091781,0.033639,0.113931,-0.101237,0.169825
