id,error,adch_ketC,adch_ketO,adch_carbC,adch_hydO,adch_hydH,adch_fukui_plus_ketC,adch_fukui_minus_ketC,adch_fukui_plus_carbC,adch_fukui_minus_carbC,qtaim_rho_CO_ket,qtaim_lap_CO_ket,qtaim_ell_CO_ket,qtaim_rho_CC_new,qtaim_lap_CC_new,qtaim_ell_CC_new,qtaim_rho_HB,ald_adch_CHO_C,ald_adch_CHO_O,ald_adch_fukui_plus_CHO_C,ald_adch_fukui_minus_CHO_C,ald_adch_fukui_minus_CHO_O,ald_qtaim_lap_CO,ald_qtaim_ell_CO
86082,,,,,,,,,,,0.390175,-0.181427,0.139273,0.237968,-0.371913,0.047087,0.022174,0.071113,-0.332026,0.080553,-0.050698,0.115994,-0.09824,0.16652
41372,,,,,,,,,,,0.391743,-0.145917,0.134465,0.234725,-0.355674,0.049848,0.021145,0.104596,-0.326615,0.051131,0.023584,0.085458,-0.084731,0.164271
45987,,,,,,,,,,,0.392595,-0.1891,0.153884,0.22618,-0.31406,0.04637,,0.152153,-0.342298,0.056191,0.073565,0.103479,-0.159511,0.164684
119439,,,,,,,,,,,0.392413,-0.189571,0.13627,0.237295,-0.370697,0.048487,0.021182,0.101924,-0.336436,0.065271,-0.016012,0.12247,-0.13305,0.162878
62612,,0.269141,-0.353636,0.017942,-0.501422,0.416868,0.091703,0.042757,0.018546,-0.02293,0.395956,-0.138847,0.14233,0.237548,-0.368823,0.047246,0.019611,0.103839,-0.323102,0.109266,0.057478,0.163588,-0.055961,0.162171
