id,error,adch_ketC,adch_ketO,adch_carbC,adch_hydO,adch_hydH,adch_fukui_plus_ketC,adch_fukui_minus_ketC,adch_fukui_plus_carbC,adch_fukui_minus_carbC,qtaim_rho_CO_ket,qtaim_lap_CO_ket,qtaim_ell_CO_ket,qtaim_rho_CC_new,qtaim_lap_CC_new,qtaim_ell_CC_new,qtaim_rho_HB,ald_adch_CHO_C,ald_adch_CHO_O,ald_adch_fukui_plus_CHO_C,ald_adch_fukui_minus_CHO_C,ald_adch_fukui_minus_CHO_O,ald_qtaim_lap_CO,ald_qtaim_ell_CO
26767,,0.211527,-0.339264,0.025,-0.502126,0.406574,0.075137,0.003195,0.015907,0.00311,0.387458,-0.163428,0.123874,0.242904,-0.396658,0.057638,0.01788,0.156082,-0.421915,0.097917,0.06223,-0.068609,-0.07661,0.146535
95317,,,,,,,,,,,0.39215,-0.160975,0.148549,0.23705,-0.3678,0.049304,0.019331,0.110384,-0.318902,0.04812,0.027514,0.096796,-0.086567,0.172617
196336,,0.200243,-0.339233,0.125764,-0.492684,0.391105,0.033104,-0.009168,0.053866,0.059992,0.393068,-0.185091,0.137347,0.238791,-0.377447,0.049727,0.021559,0.09989,-0.329219,0.051382,0.041263,0.144601,-0.110637,0.159469
121859,,0.260923,-0.298777,0.011542,-0.485735,0.38011,0.093426,0.018578,-0.013177,-0.010247,0.396455,-0.09142,0.138061,0.234844,-0.356119,0.053773,,0.071833,-0.297336,0.091509,0.026051,0.086505,-0.075074,0.156044
136801,,0.222754,-0.378727,0.070079,-0.511955,0.406109,0.035399,0.227883,0.097576,0.051295,0.386381,-0.270253,0.160215,0.231976,-0.346521,0.047491,0.021848,0.128482,-0.352641,-0.038163,0.129331,0.153428,-0.195294,0.188684
