id,error,adch_ketC,adch_ketO,adch_carbC,adch_hydO,adch_hydH,adch_fukui_plus_ketC,adch_fukui_minus_ketC,adch_fukui_plus_carbC,adch_fukui_minus_carbC,qtaim_rho_CO_ket,qtaim_lap_CO_ket,qtaim_ell_CO_ket,qtaim_rho_CC_new,qtaim_lap_CC_new,qtaim_ell_CC_new,qtaim_rho_HB,ald_adch_CHO_C,ald_adch_CHO_O,ald_adch_fukui_plus_CHO_C,ald_adch_fukui_minus_CHO_C,ald_adch_fukui_minus_CHO_O,ald_qtaim_lap_CO,ald_qtaim_ell_CO
152455,,0.264161,-0.380409,0.060064,-0.51436,0.415289,,,,,0.390169,-0.165999,0.134155,0.238706,-0.375511,0.047402,0.021771,0.133569,-0.321018,0.108191,0.188934,0.113515,-0.074889,0.163218
166768,,,,,,,,,,,0.395926,-0.116506,0.128854,0.239579,-0.377081,0.044792,,0.101037,-0.313572,0.085356,0.011689,0.073584,-0.022504,0.148716
83466,,0.181738,-0.425362,-0.024108,-0.516759,0.418409,-0.007311,0.004962,-0.017845,-0.003441,0.393547,-0.429813,0.102668,0.232106,-0.345313,0.027454,,0.083183,-0.411881,-0.020744,0.009619,0.170003,-0.39783,0.11474
120092,,0.181064,-0.349125,0.063359,-0.517253,0.418369,0.031857,0.02072,0.023824,0.01021,0.392863,-0.167126,0.147958,0.238806,-0.376278,0.048627,0.018413,0.116877,-0.321026,0.066925,0.035991,0.127775,-0.087231,0.170953
85925,,0.249105,-0.364229,-0.021089,-0.501768,0.414577,0.078199,0.027321,0.004878,-0.005727,0.392932,-0.148567,0.139152,0.237623,-0.369872,0.047434,0.020937,0.106307,-0.314305,0.079868,0.035526,0.115106,-0.066143,0.163562
