id,error,adch_ketC,adch_ketO,adch_carbC,adch_hydO,adch_hydH,adch_fukui_plus_ketC,adch_fukui_minus_ketC,adch_fukui_plus_carbC,adch_fukui_minus_carbC,qtaim_rho_CO_ket,qtaim_lap_CO_ket,qtaim_ell_CO_ket,qtaim_rho_CC_new,qtaim_lap_CC_new,qtaim_ell_CC_new,qtaim_rho_HB,ald_adch_CHO_C,ald_adch_CHO_O,ald_adch_fukui_plus_CHO_C,ald_adch_fukui_minus_CHO_C,ald_adch_fukui_minus_CHO_O,ald_qtaim_lap_CO,ald_qtaim_ell_CO
23742,,0.173485,-0.318089,0.001522,-0.492409,0.382488,0.061897,-0.016989,-0.00593,0.003704,0.392821,-0.130889,0.126489,0.236299,-0.363146,0.05185,,0.047148,-0.317249,0.094014,0.008537,0.169603,-0.091404,0.159702
126922,,,,,,,,,,,0.387128,-0.235581,0.149211,0.232528,-0.345636,0.04833,0.024221,-0.024436,-0.310974,0.024686,0.001829,0.081437,-0.15687,0.17245
169889,,0.172553,-0.31792,0.021442,-0.596106,0.491384,0.076912,0.056309,-0.053497,-0.047954,0.398009,-0.07314,0.149092,0.234137,-0.350255,0.054945,0.018102,0.115743,-0.328469,0.078989,0.023923,0.12705,-0.063874,0.161617
204110,,0.140863,-0.391558,0.091227,-0.521124,0.406242,0.113016,0.112322,0.061522,0.022596,0.383335,-0.250256,0.140088,0.237098,-0.369282,0.047886,0.02477,0.08978,-0.360965,0.10354,0.015744,0.127673,-0.168309,0.175466
200198,,0.193676,-0.373267,0.003292,-0.463231,0.396529,0.03688,0.001563,-0.01396,-0.005276,0.39362,-0.268221,0.180198,0.230236,-0.342327,0.04976,,0.09208,-0.336804,0.065192,0.039539,0.152009,-0.151949,0.17626
