id,error,adch_ketC,adch_ketO,adch_carbC,adch_hydO,adch_hydH,adch_fukui_plus_ketC,adch_fukui_minus_ketC,adch_fukui_plus_carbC,adch_fukui_minus_carbC,qtaim_rho_CO_ket,qtaim_lap_CO_ket,qtaim_ell_CO_ket,qtaim_rho_CC_new,qtaim_lap_CC_new,qtaim_ell_CC_new,qtaim_rho_HB,ald_adch_CHO_C,ald_adch_CHO_O,ald_adch_fukui_plus_CHO_C,ald_adch_fukui_minus_CHO_C,ald_adch_fukui_minus_CHO_O,ald_qtaim_lap_CO,ald_qtaim_ell_CO
93995,,,,,,,,,,,0.392575,-0.113495,0.146798,0.228957,-0.331671,0.023581,,0.096423,-0.324423,0.08731,0.006865,0.048499,-0.072304,0.16098
216740,,,,,,,,,,,0.384082,-0.226019,0.141194,0.235975,-0.361011,0.059193,0.026744,0.066167,-0.36266,0.065587,0.009268,0.045842,-0.160317,0.180813
200488,,,,,,,,,,,0.389784,-0.199645,0.134925,0.238377,-0.374478,0.048556,0.022189,0.103044,-0.334629,0.068481,0.017311,0.082694,-0.112391,0.165497
127488,,,,,,,0.012498,0.002857,0.00438,-0.002642,0.395841,-0.082138,0.132097,0.235604,-0.359048,0.051268,,0.09564,-0.350295,0.054051,0.032046,0.076374,-0.122189,0.162319
38656,,0.222516,-0.35076,0.157318,-0.514336,0.411326,0.103009,-0.014941,0.079139,0.027772,0.391822,-0.18805,0.145225,0.238515,-0.375942,0.05093,0.022027,0.103375,-0.333667,0.102194,0.026739,0.119402,-0.112048,0.165815
