id,error,adch_ketC,adch_ketO,adch_carbC,adch_hydO,adch_hydH,adch_fukui_plus_ketC,adch_fukui_minus_ketC,adch_fukui_plus_carbC,adch_fukui_minus_carbC,qtaim_rho_CO_ket,qtaim_lap_CO_ket,qtaim_ell_CO_ket,qtaim_rho_CC_new,qtaim_lap_CC_new,qtaim_ell_CC_new,qtaim_rho_HB,ald_adch_CHO_C,ald_adch_CHO_O,ald_adch_fukui_plus_CHO_C,ald_adch_fukui_minus_CHO_C,ald_adch_fukui_minus_CHO_O,ald_qtaim_lap_CO,ald_qtaim_ell_CO
172689,,0.174995,-0.292422,0.055235,-0.542504,0.473282,0.002502,-0.000583,0.004061,0.009368,0.402783,-0.044413,0.162201,0.230088,-0.330061,0.058453,,0.130445,-0.280312,0.056656,0.037164,0.131161,-0.003975,0.16294
8812,,,,,,,,,,,0.389904,-0.184683,0.138645,0.237761,-0.371153,0.047179,0.02185,0.102899,-0.330279,0.07334,0.028445,0.108253,-0.100495,0.165989
20818,,,,,,,,,,,0.39193,-0.179242,0.13478,0.237627,-0.370543,0.047717,0.021156,0.110394,-0.323308,0.051284,0.012349,0.09505,-0.087592,0.161581
131473,,,,,,,,,,,0.390485,-0.162672,0.135425,0.237916,-0.37158,0.047848,0.021697,0.106274,-0.322941,0.072273,0.035075,0.120175,-0.078765,0.16272
13765,,,,,,,,,,,0.395804,-0.069827,0.144388,0.232983,-0.341832,0.049198,,0.05141,-0.349424,0.091163,0.050919,0.046912,-0.208489,0.163761
