id,error,adch_ketC,adch_ketO,adch_carbC,adch_hydO,adch_hydH,adch_fukui_plus_ketC,adch_fukui_minus_ketC,adch_fukui_plus_carbC,adch_fukui_minus_carbC,qtaim_rho_CO_ket,qtaim_lap_CO_ket,qtaim_ell_CO_ket,qtaim_rho_CC_new,qtaim_lap_CC_new,qtaim_ell_CC_new,qtaim_rho_HB,ald_adch_CHO_C,ald_adch_CHO_O,ald_adch_fukui_plus_CHO_C,ald_adch_fukui_minus_CHO_C,ald_adch_fukui_minus_CHO_O,ald_qtaim_lap_CO,ald_qtaim_ell_CO
122328,,,,,,,,,,,0.388717,-0.180583,0.135339,0.238076,-0.372659,0.047744,0.022579,0.104182,-0.329655,0.072972,0.027644,0.104808,-0.095067,0.164808
28704,,,,,,,,,,,0.38416,-0.24089,0.140157,0.236246,-0.364968,0.04763,0.024645,0.097733,-0.355729,0.058504,0.015603,0.077377,-0.152424,0.173053
204404,,0.213078,-0.364957,0.068527,-0.506307,0.413506,0.075831,0.022518,0.047518,0.002884,0.390519,-0.179421,0.143402,0.23757,-0.369079,0.04841,0.02154,0.101909,-0.326221,0.082313,0.030412,0.127862,-0.097922,0.167883
29574,,,,,,,,,,,0.381234,-0.281033,0.140143,0.237891,-0.37558,0.050349,0.023637,0.088542,-0.369312,0.039957,0.022318,0.095728,-0.206651,0.169299
209117,,0.163025,-0.377117,0.015743,-0.505827,0.390788,0.084502,-0.033947,0.015105,0.001633,0.380111,-0.249043,0.128768,0.239643,-0.382903,0.055361,0.023413,0.089118,-0.34544,0.088182,0.012714,0.088356,-0.168195,0.159828
