id,error,adch_ketC,adch_ketO,adch_carbC,adch_hydO,adch_hydH,adch_fukui_plus_ketC,adch_fukui_minus_ketC,adch_fukui_plus_carbC,adch_fukui_minus_carbC,qtaim_rho_CO_ket,qtaim_lap_CO_ket,qtaim_ell_CO_ket,qtaim_rho_CC_new,qtaim_lap_CC_new,qtaim_ell_CC_new,qtaim_rho_HB,ald_adch_CHO_C,ald_adch_CHO_O,ald_adch_fukui_plus_CHO_C,ald_adch_fukui_minus_CHO_C,ald_adch_fukui_minus_CHO_O,ald_qtaim_lap_CO,ald_qtaim_ell_CO
139273,,,,,,,,,,,0.388387,-0.193662,0.137855,0.236497,-0.364877,0.049619,0.023807,0.106057,-0.338057,0.056963,0.027403,0.122489,-0.111193,0.164325
192441,,0.192299,-0.282441,0.098116,-0.499271,0.417954,0.094366,-0.000289,-0.037001,-0.02896,0.401149,-0.053097,0.161916,0.230248,-0.340794,0.050296,,0.143412,-0.31628,0.030573,0.035747,0.139017,-0.020201,0.161637
148506,,0.263963,-0.326313,0.056841,-0.486663,0.387547,0.089271,0.015037,0.030566,0.021271,0.396245,-0.125018,0.145416,0.237037,-0.366386,0.046919,0.01977,0.110686,-0.295285,0.078044,0.036896,0.138348,-0.043824,0.165945
39584,,,,,,,,,,,0.400686,-0.130557,0.133299,0.243256,-0.391687,0.051951,0.020316,0.032893,-0.284474,0.000589,0.018703,0.036676,-0.086778,0.14227
25506,,0.231022,-0.372655,0.012551,-0.49477,0.41374,0.09542,0.013911,0.000357,-0.004188,0.387316,-0.194589,0.137061,0.237898,-0.375138,0.048196,0.019174,0.103704,-0.324791,0.094948,0.020628,0.096764,-0.117141,0.154746
