id,error,adch_ketC,adch_ketO,adch_carbC,adch_hydO,adch_hydH,adch_fukui_plus_ketC,adch_fukui_minus_ketC,adch_fukui_plus_carbC,adch_fukui_minus_carbC,qtaim_rho_CO_ket,qtaim_lap_CO_ket,qtaim_ell_CO_ket,qtaim_rho_CC_new,qtaim_lap_CC_new,qtaim_ell_CC_new,qtaim_rho_HB,ald_adch_CHO_C,ald_adch_CHO_O,ald_adch_fukui_plus_CHO_C,ald_adch_fukui_minus_CHO_C,ald_adch_fukui_minus_CHO_O,ald_qtaim_lap_CO,ald_qtaim_ell_CO
14508,,,,,,,,,,,0.392919,-0.255325,0.171829,0.235532,-0.361323,0.050662,0.01877,0.08926,-0.33455,0.073674,0.010964,0.046721,-0.180463,0.192802
106835,,,,,,,,,,,0.393785,-0.183379,0.147173,0.237987,-0.371657,0.053258,0.022111,0.239628,-0.363161,0.051444,0.043095,0.103947,-0.059653,0.172309
195770,,0.370165,-0.292797,-0.019549,-0.472806,0.377712,0.097041,0.066861,-0.033563,-0.058329,0.397641,-0.088433,0.141784,0.234779,-0.355047,0.051966,,0.110492,-0.311194,0.099115,0.032906,0.148714,-0.081513,0.160286
213946,,0.190914,-0.351046,0.028462,-0.533192,0.426901,0.109405,-0.005643,0.017277,-0.005841,0.392734,-0.229567,0.144844,0.240032,-0.386235,0.052065,,-0.042051,-0.24907,0.05762,-0.147663,0.209632,-0.16708,0.162097
15122,,0.364835,-0.313022,0.210789,-0.601504,0.557249,0.005377,0.035914,0.045281,0.031129,0.405017,-0.015042,0.161162,0.23133,-0.336521,0.053857,,0.119071,-0.288405,0.085196,0.040312,0.127488,-0.019336,0.169341
