id,error,adch_ketC,adch_ketO,adch_carbC,adch_hydO,adch_hydH,adch_fukui_plus_ketC,adch_fukui_minus_ketC,adch_fukui_plus_carbC,adch_fukui_minus_carbC,qtaim_rho_CO_ket,qtaim_lap_CO_ket,qtaim_ell_CO_ket,qtaim_rho_CC_new,qtaim_lap_CC_new,qtaim_ell_CC_new,qtaim_rho_HB,ald_adch_CHO_C,ald_adch_CHO_O,ald_adch_fukui_plus_CHO_C,ald_adch_fukui_minus_CHO_C,ald_adch_fukui_minus_CHO_O,ald_qtaim_lap_CO,ald_qtaim_ell_CO
185992,,,,,,,,,,,0.397584,-0.124757,0.140262,0.239508,-0.384391,0.046444,,0.098488,-0.303677,0.08656,0.023193,0.115792,-0.01477,0.15124
44805,,0.188984,-0.277203,-0.011679,-0.510996,0.432018,0.033753,0.010218,-0.00211,0.008766,0.405058,0.005862,0.164142,0.238085,-0.375911,0.051055,,0.084267,-0.240725,0.049901,0.029164,0.140388,0.0874,0.16598
104891,,0.188775,-0.310724,-0.015523,-0.501305,0.413291,0.031839,0.010168,-4.6e-05,0.007337,0.400183,-0.067438,0.143294,0.238262,-0.370691,0.043113,,0.096669,-0.286346,0.059425,0.024265,0.094702,0.010729,0.16542
211177,,0.186513,-0.333458,-0.019053,-0.518873,0.406554,0.13259,0.012494,0.01151,0.009462,0.395788,-0.114053,0.130921,0.239652,-0.377104,0.045707,,-0.259948,-0.19437,-0.050482,-0.20323,0.219633,-0.037536,0.150725
26917,,0.16041,-0.360212,-0.003455,-0.535995,0.437409,0.240985,-0.007199,0.025434,-0.003414,0.392117,-0.214796,0.131938,0.247135,-0.413044,0.067608,0.019414,0.081656,-0.315526,0.260551,0.022767,0.109658,-0.063903,0.138675
