id,error,adch_ketC,adch_ketO,adch_carbC,adch_hydO,adch_hydH,adch_fukui_plus_ketC,adch_fukui_minus_ketC,adch_fukui_plus_carbC,adch_fukui_minus_carbC,qtaim_rho_CO_ket,qtaim_lap_CO_ket,qtaim_ell_CO_ket,qtaim_rho_CC_new,qtaim_lap_CC_new,qtaim_ell_CC_new,qtaim_rho_HB,ald_adch_CHO_C,ald_adch_CHO_O,ald_adch_fukui_plus_CHO_C,ald_adch_fukui_minus_CHO_C,ald_adch_fukui_minus_CHO_O,ald_qtaim_lap_CO,ald_qtaim_ell_CO
142292,,,,,,,,,,,0.388134,-0.220116,0.135596,0.238681,-0.376533,0.046323,0.023183,0.119433,-0.334557,0.102994,0.045707,0.102304,-0.119725,0.164655
156887,,,,,,,,,,,0.396264,-0.097984,0.132602,0.228444,-0.322744,0.044023,,0.091028,-0.362439,0.075897,0.014246,0.054631,-0.151213,0.177652
13304,,,,,,,,,,,0.394019,-0.127052,0.136802,0.232834,-0.345443,0.052569,0.021131,0.13433,-0.31739,0.056962,-0.02032,0.083052,-0.06612,0.161516
183663,,0.215679,-0.349124,0.067504,-0.490751,0.38495,0.113845,-0.015892,0.06917,0.048333,0.393371,-0.205411,0.13946,0.238317,-0.374922,0.051402,0.021896,0.097253,-0.342082,0.098316,0.032608,0.14005,-0.145737,0.163735
188602,,0.133095,-0.34711,-0.123249,-0.520429,0.428608,0.084706,0.100157,-0.052696,-0.056961,0.392355,-0.239211,0.161357,0.235275,-0.358154,0.053219,0.019801,0.101569,-0.338847,0.068724,0.002865,0.125229,-0.174791,0.186776
