id,error,adch_ketC,adch_ketO,adch_carbC,adch_hydO,adch_hydH,adch_fukui_plus_ketC,adch_fukui_minus_ketC,adch_fukui_plus_carbC,adch_fukui_minus_carbC,qtaim_rho_CO_ket,qtaim_lap_CO_ket,qtaim_ell_CO_ket,qtaim_rho_CC_new,qtaim_lap_CC_new,qtaim_ell_CC_new,qtaim_rho_HB,ald_adch_CHO_C,ald_adch_CHO_O,ald_adch_fukui_plus_CHO_C,ald_adch_fukui_minus_CHO_C,ald_adch_fukui_minus_CHO_O,ald_qtaim_lap_CO,ald_qtaim_ell_CO
32910,,0.223619,-0.342763,0.020117,-0.532999,0.403957,,,,,0.390409,-0.283095,0.158698,0.237198,-0.373058,0.052374,0.021596,0.075202,-0.353656,0.083918,0.064957,0.111847,-0.201689,0.176009
118589,,0.211357,-0.371561,0.007027,-0.493278,0.410087,0.031039,0.002072,-0.002157,-0.000422,0.392097,-0.210767,0.14528,0.229062,-0.324655,0.05426,0.019494,0.081621,-0.341611,0.043515,0.014806,0.109477,-0.159786,0.169542
13792,,,,,,,,,,,0.389808,-0.173166,0.132615,0.237208,-0.368367,0.048814,0.021752,0.094655,-0.339751,0.074133,0.050306,0.07372,-0.093685,0.162633
1378,,0.106415,-0.308635,0.205,-0.443916,0.41826,0.067505,0.066139,-0.17951,-0.15296,0.394916,-0.213005,0.171997,0.229957,-0.342725,0.044108,,0.093692,-0.314447,0.064474,0.045137,0.188655,-0.116936,0.177344
197926,,0.207891,-0.331637,0.00375,-0.52947,0.420724,0.040211,0.016473,-0.006015,-0.004148,0.39498,-0.15424,0.129696,0.24196,-0.392767,0.04911,0.018418,0.080301,-0.318464,0.018635,-0.032527,0.115091,-0.069989,0.148624
