id,error,adch_ketC,adch_ketO,adch_carbC,adch_hydO,adch_hydH,adch_fukui_plus_ketC,adch_fukui_minus_ketC,adch_fukui_plus_carbC,adch_fukui_minus_carbC,qtaim_rho_CO_ket,qtaim_lap_CO_ket,qtaim_ell_CO_ket,qtaim_rho_CC_new,qtaim_lap_CC_new,qtaim_ell_CC_new,qtaim_rho_HB,ald_adch_CHO_C,ald_adch_CHO_O,ald_adch_fukui_plus_CHO_C,ald_adch_fukui_minus_CHO_C,ald_adch_fukui_minus_CHO_O,ald_qtaim_lap_CO,ald_qtaim_ell_CO
110653,,,,,,,,,,,0.399096,-0.105326,0.13015,0.239046,-0.370239,0.049909,,0.100199,-0.285893,0.055683,0.005633,0.046483,-0.018031,0.158944
201504,,,,,,,,,,,0.397247,-0.14699,0.121531,0.241776,-0.388109,0.040708,,,,,,,-0.008854,0.143641
68380,,0.26491,-0.369329,-0.020015,-0.472684,0.405269,0.067686,0.064849,0.035482,-0.000917,0.394662,-0.166856,0.129694,0.243575,-0.398831,0.057709,,0.122109,-0.300311,0.011494,0.016973,0.124912,-0.044858,0.144913
87188,,0.210657,-0.360839,0.037762,-0.52561,0.421245,0.064207,0.020851,0.027749,0.040701,0.398993,-0.134887,0.145824,0.241704,-0.391044,0.049805,,0.0977,-0.304072,0.090798,0.043556,0.144242,-0.053157,0.160225
192854,,0.026244,-0.258934,0.05259,-0.505774,0.411619,0.030758,0.043506,-0.034052,-0.030317,0.400804,-0.06293,0.148496,0.230818,-0.345469,0.041742,,0.142145,-0.305752,0.075213,0.035297,0.123358,-0.059426,0.164099
