id,error,adch_ketC,adch_ketO,adch_carbC,adch_hydO,adch_hydH,adch_fukui_plus_ketC,adch_fukui_minus_ketC,adch_fukui_plus_carbC,adch_fukui_minus_carbC,qtaim_rho_CO_ket,qtaim_lap_CO_ket,qtaim_ell_CO_ket,qtaim_rho_CC_new,qtaim_lap_CC_new,qtaim_ell_CC_new,qtaim_rho_HB,ald_adch_CHO_C,ald_adch_CHO_O,ald_adch_fukui_plus_CHO_C,ald_adch_fukui_minus_CHO_C,ald_adch_fukui_minus_CHO_O,ald_qtaim_lap_CO,ald_qtaim_ell_CO
144731,,0.229192,-0.35666,0.021436,-0.531027,0.421756,0.045827,-0.040971,-0.007755,-0.021891,0.394031,-0.275033,0.160712,0.238628,-0.380334,0.051518,,0.079726,-0.354791,0.077766,0.028151,0.116242,-0.206647,0.177736
187009,,,,,,,,,,,0.383889,-0.227676,0.129979,0.238223,-0.377481,0.04645,0.022853,0.101302,-0.426953,0.10991,0.054095,0.009447,-0.191538,0.144328
57973,,0.192411,-0.327217,0.034142,-0.50015,0.420306,0.118299,0.097131,-0.031889,0.004888,0.39466,-0.159723,0.149291,0.231308,-0.339834,0.043103,,0.02026,-0.299568,-0.007615,-0.267417,0.161251,-0.096634,0.164317
201626,,,,,,,,,,,0.390887,-0.170347,0.142606,0.235706,-0.361989,0.049038,,0.012365,-0.297449,0.036649,0.043759,0.044765,-0.137789,0.171978
196129,,0.212372,-0.361617,0.002644,-0.509177,0.416678,0.078775,0.04259,-0.013061,-0.005857,0.394451,-0.136786,0.145247,0.230529,-0.335849,0.039352,,0.137094,-0.331993,0.048334,0.033775,0.118817,-0.063837,0.162128
