id,error,adch_ketC,adch_ketO,adch_carbC,adch_hydO,adch_hydH,adch_fukui_plus_ketC,adch_fukui_minus_ketC,adch_fukui_plus_carbC,adch_fukui_minus_carbC,qtaim_rho_CO_ket,qtaim_lap_CO_ket,qtaim_ell_CO_ket,qtaim_rho_CC_new,qtaim_lap_CC_new,qtaim_ell_CC_new,qtaim_rho_HB,ald_adch_CHO_C,ald_adch_CHO_O,ald_adch_fukui_plus_CHO_C,ald_adch_fukui_minus_CHO_C,ald_adch_fukui_minus_CHO_O,ald_qtaim_lap_CO,ald_qtaim_ell_CO
20799,,0.202613,-0.332634,-0.005476,-0.516273,0.413066,0.081474,-0.001952,0.004611,-0.002498,0.396961,-0.114873,0.1251,0.239283,-0.37586,0.047376,,-0.144785,-0.248204,-0.009302,-0.120601,0.145744,-0.096123,0.154069
93272,,,,,,,,,,,0.395948,-0.115768,0.162842,0.235283,-0.366718,0.046389,,0.075098,-0.278131,0.046502,-0.0324,0.097938,-0.059767,0.161139
176969,,0.178065,-0.314644,-0.048408,-0.51292,0.434154,0.025039,-0.037674,-0.017054,0.023847,0.400007,-0.031992,0.143144,0.228482,-0.323725,0.053613,,0.105165,-0.303705,0.061939,0.045552,0.166583,-0.051223,0.165281
76661,,,,,,,,,,,0.396315,-0.160301,0.137004,0.244736,-0.400978,0.050454,,0.036104,-0.29023,0.066729,0.006038,0.028349,-0.027294,0.143531
70396,,,,,,,,,,,0.39498,-0.126806,0.139329,0.232426,-0.344271,0.047253,0.020278,0.088406,-0.311005,0.051666,0.023688,0.088614,-0.074385,0.16448
