id,error,adch_ketC,adch_ketO,adch_carbC,adch_hydO,adch_hydH,adch_fukui_plus_ketC,adch_fukui_minus_ketC,adch_fukui_plus_carbC,adch_fukui_minus_carbC,qtaim_rho_CO_ket,qtaim_lap_CO_ket,qtaim_ell_CO_ket,qtaim_rho_CC_new,qtaim_lap_CC_new,qtaim_ell_CC_new,qtaim_rho_HB,ald_adch_CHO_C,ald_adch_CHO_O,ald_adch_fukui_plus_CHO_C,ald_adch_fukui_minus_CHO_C,ald_adch_fukui_minus_CHO_O,ald_qtaim_lap_CO,ald_qtaim_ell_CO
147262,,0.173328,-0.310189,0.011774,-0.499281,0.421088,0.075391,0.039236,0.03392,0.035274,0.400132,-0.147612,0.15063,0.234628,-0.354769,0.043573,,0.111927,-0.299003,0.08175,0.039005,0.130945,-0.062672,0.167249
210712,,0.19774,-0.313616,-0.006684,-0.500924,0.398986,0.07255,0.000801,-0.037991,0.015461,0.399128,-0.059315,0.146692,0.234231,-0.353023,0.012524,,0.237161,-0.339718,0.131475,-0.203106,0.173105,-0.004498,0.159287
47652,,,,,,,,,,,0.399922,-0.22251,0.164417,0.232693,-0.343414,0.061565,0.018221,0.091107,-0.298123,0.068489,0.015354,0.055924,-0.122876,0.189198
16683,,,,,,,,,,,0.396502,-0.081517,0.138514,0.233312,-0.347478,0.05259,0.018607,0.230893,-0.336134,0.127182,0.045816,0.123828,-0.12532,0.172237
79810,,,,,,,,,,,0.391812,-0.162853,0.135425,0.236484,-0.364831,0.048955,0.020518,0.106424,-0.324314,0.069426,0.029637,0.101371,-0.077848,0.161455
