id,error,adch_ketC,adch_ketO,adch_carbC,adch_hydO,adch_hydH,adch_fukui_plus_ketC,adch_fukui_minus_ketC,adch_fukui_plus_carbC,adch_fukui_minus_carbC,qtaim_rho_CO_ket,qtaim_lap_CO_ket,qtaim_ell_CO_ket,qtaim_rho_CC_new,qtaim_lap_CC_new,qtaim_ell_CC_new,qtaim_rho_HB,ald_adch_CHO_C,ald_adch_CHO_O,ald_adch_fukui_plus_CHO_C,ald_adch_fukui_minus_CHO_C,ald_adch_fukui_minus_CHO_O,ald_qtaim_lap_CO,ald_qtaim_ell_CO
173740,,0.219217,-0.28475,0.027291,-0.491203,0.421236,0.05654,0.013371,0.017931,0.017504,0.40085,-0.054294,0.160882,0.230717,-0.331393,0.055228,,0.112361,-0.292109,0.094095,0.044764,0.157106,-0.088094,0.1453
62710,,0.270156,-0.355398,0.004869,-0.500511,0.423871,0.096539,,0.005318,,0.396183,-0.125761,0.143501,0.237969,-0.370703,0.047042,0.019362,0.114931,-0.290835,0.059965,0.024313,0.132479,-0.043524,0.162085
208897,,0.178252,-0.384746,0.013997,-0.531903,0.412295,0.08823,-0.040332,0.013716,-0.020887,0.386566,-0.267395,0.148056,0.236226,-0.368342,0.051234,0.022761,0.105642,-0.375479,0.151618,0.090297,0.154087,-0.202158,0.177374
169534,,0.111033,-0.293328,0.058857,-0.501012,0.422626,0.055624,0.003229,0.030412,0.000249,0.399272,-0.128044,0.155881,0.238555,-0.372449,0.055845,,0.090738,-0.277211,0.080175,0.048376,0.135164,-0.030648,0.166928
128111,,,,,,,,,,,0.391109,-0.177123,0.150069,0.237512,-0.369375,0.046058,0.02151,0.101456,-0.327849,0.026383,0.029804,0.116406,-0.102801,0.168913
