id,error,adch_ketC,adch_ketO,adch_carbC,adch_hydO,adch_hydH,adch_fukui_plus_ketC,adch_fukui_minus_ketC,adch_fukui_plus_carbC,adch_fukui_minus_carbC,qtaim_rho_CO_ket,qtaim_lap_CO_ket,qtaim_ell_CO_ket,qtaim_rho_CC_new,qtaim_lap_CC_new,qtaim_ell_CC_new,qtaim_rho_HB,ald_adch_CHO_C,ald_adch_CHO_O,ald_adch_fukui_plus_CHO_C,ald_adch_fukui_minus_CHO_C,ald_adch_fukui_minus_CHO_O,ald_qtaim_lap_CO,ald_qtaim_ell_CO
218730,,,,,,,,,,,0.389638,-0.104917,0.113924,0.237438,-0.366981,0.053744,,0.096998,-0.341902,0.102544,0.032153,0.124473,-0.11275,0.164697
111191,,,,,,,,,,,0.379535,-0.306781,0.14143,0.238487,-0.382533,0.049094,0.023259,0.124974,-0.416956,0.03217,-0.006418,0.048666,-0.237261,0.168415
145262,,0.211688,-0.336719,-0.004162,-0.463969,0.366152,0.074013,0.020829,-0.023743,-0.008786,0.389974,-0.185541,0.150707,0.236497,-0.366546,0.053163,0.018648,0.102256,-0.350191,0.067998,0.033091,0.145396,-0.171353,0.176042
32361,,,,,,,,,,,0.392065,-0.245734,0.164794,0.235235,-0.358217,0.053148,,0.056307,-0.345365,0.06151,0.035891,0.104766,-0.184834,0.182183
12294,,0.201455,-0.30286,0.129444,-0.49479,0.402098,0.072374,0.017835,0.063364,0.042788,0.395824,-0.116852,0.16132,0.236489,-0.36393,0.054105,0.020467,0.114588,-0.310454,0.092075,0.05691,0.163485,-0.049558,0.175928
