id,error,adch_ketC,adch_ketO,adch_carbC,adch_hydO,adch_hydH,adch_fukui_plus_ketC,adch_fukui_minus_ketC,adch_fukui_plus_carbC,adch_fukui_minus_carbC,qtaim_rho_CO_ket,qtaim_lap_CO_ket,qtaim_ell_CO_ket,qtaim_rho_CC_new,qtaim_lap_CC_new,qtaim_ell_CC_new,qtaim_rho_HB,ald_adch_CHO_C,ald_adch_CHO_O,ald_adch_fukui_plus_CHO_C,ald_adch_fukui_minus_CHO_C,ald_adch_fukui_minus_CHO_O,ald_qtaim_lap_CO,ald_qtaim_ell_CO
31235,,,,,,,,,,,0.392517,-0.152803,0.135101,0.237444,-0.369167,0.048028,0.020933,0.094575,-0.315888,0.098234,0.075413,0.11121,-0.065454,0.160474
202311,,0.196294,-0.344855,0.044749,-0.534442,0.351792,0.086189,0.022579,0.005514,0.015079,0.389976,-0.226518,0.144559,0.236653,-0.368466,0.039365,,0.103177,-0.345448,0.095639,0.043371,0.151749,-0.136783,0.160506
65412,,,,,,,,,,,0.397492,-0.221007,0.141974,0.232657,-0.354979,0.03461,,0.027688,-0.345921,-0.025254,-0.034313,0.093177,-0.236788,0.154813
85472,,,,,,,,,,,0.3906,-0.275036,0.156485,0.233344,-0.352567,0.047344,0.025977,0.099629,-0.30857,0.024431,0.008511,0.076254,-0.08569,0.163909
18802,,0.15875,-0.341222,0.026785,-0.525597,0.422009,0.117432,-0.048932,0.014663,-0.01207,0.393947,-0.177067,0.151645,0.237326,-0.370704,0.049915,0.01899,0.002079,-0.29576,0.048894,-0.043822,0.133286,-0.107108,0.171831
