id,error,adch_ketC,adch_ketO,adch_carbC,adch_hydO,adch_hydH,adch_fukui_plus_ketC,adch_fukui_minus_ketC,adch_fukui_plus_carbC,adch_fukui_minus_carbC,qtaim_rho_CO_ket,qtaim_lap_CO_ket,qtaim_ell_CO_ket,qtaim_rho_CC_new,qtaim_lap_CC_new,qtaim_ell_CC_new,qtaim_rho_HB,ald_adch_CHO_C,ald_adch_CHO_O,ald_adch_fukui_plus_CHO_C,ald_adch_fukui_minus_CHO_C,ald_adch_fukui_minus_CHO_O,ald_qtaim_lap_CO,ald_qtaim_ell_CO
176839,,0.155796,-0.288593,0.141662,-0.571674,0.500391,0.03578,-0.010235,0.041908,0.056811,0.400457,-0.018442,0.167129,0.226759,-0.31438,0.054337,0.018038,0.14115,-0.286955,0.091654,0.055742,0.154208,0.007811,0.178429
123308,,,,,,,,,,,0.398978,-0.05103,0.130431,0.23616,-0.372467,0.03168,,0.034611,-0.274776,0.203984,0.241011,-0.040703,0.011513,0.144619
106915,,,,,,,,,,,0.399481,-0.03714,0.142385,0.232302,-0.341496,0.051972,0.018075,0.106453,-0.299387,0.049877,0.016739,0.070776,-0.07145,0.167741
34840,,0.245229,-0.291272,0.067403,-0.541971,0.451809,0.018845,0.054979,0.007309,0.012133,0.396157,-0.061568,0.139913,0.230709,-0.335568,0.049816,0.020393,0.110527,-0.307584,0.082837,0.045564,0.098977,-0.04729,0.169994
17792,,,,,,,,0.00923,,-0.004142,0.392418,-0.15426,0.146383,0.233966,-0.353205,0.047362,,0.079705,-0.326919,0.026981,0.009473,0.08389,-0.103797,0.171495
