id,error,adch_ketC,adch_ketO,adch_carbC,adch_hydO,adch_hydH,adch_fukui_plus_ketC,adch_fukui_minus_ketC,adch_fukui_plus_carbC,adch_fukui_minus_carbC,qtaim_rho_CO_ket,qtaim_lap_CO_ket,qtaim_ell_CO_ket,qtaim_rho_CC_new,qtaim_lap_CC_new,qtaim_ell_CC_new,qtaim_rho_HB,ald_adch_CHO_C,ald_adch_CHO_O,ald_adch_fukui_plus_CHO_C,ald_adch_fukui_minus_CHO_C,ald_adch_fukui_minus_CHO_O,ald_qtaim_lap_CO,ald_qtaim_ell_CO
111290,,,,,,,,,,,0.394392,-0.196598,0.117864,0.242052,-0.390182,0.049796,0.02249,-0.049308,-0.261637,0.048179,-0.029586,0.113204,-0.046655,0.143913
25656,,0.186714,-0.34199,-0.02778,-0.50864,0.407282,0.025393,0.006274,-0.005543,0.007421,0.395265,-0.122,0.123099,0.240531,-0.380978,0.046198,,0.096745,-0.319114,0.061302,0.036098,0.143013,-0.03354,0.150095
46822,,0.189716,-0.324409,-0.017368,-0.514295,0.404812,0.027673,0.002154,0.001183,-0.000942,0.397321,-0.09768,0.131353,0.238827,-0.372608,0.049774,0.021127,0.071764,-0.294945,0.069662,0.024605,0.055603,-0.014086,0.151064
117180,,0.083162,-0.293812,0.017063,-0.469555,0.37106,0.220968,0.09969,0.031528,-0.00921,0.397604,-0.162456,0.169463,0.239132,-0.375804,0.048554,,0.094915,-0.298394,0.240381,0.035828,0.164616,-0.031838,0.160615
102905,,,,,,,,,,,0.394637,-0.144339,0.148775,0.243652,-0.392861,0.048054,,0.016944,-0.285633,0.062696,0.029308,0.063506,-0.016425,0.155571
