id,error,adch_ketC,adch_ketO,adch_carbC,adch_hydO,adch_hydH,adch_fukui_plus_ketC,adch_fukui_minus_ketC,adch_fukui_plus_carbC,adch_fukui_minus_carbC,qtaim_rho_CO_ket,qtaim_lap_CO_ket,qtaim_ell_CO_ket,qtaim_rho_CC_new,qtaim_lap_CC_new,qtaim_ell_CC_new,qtaim_rho_HB,ald_adch_CHO_C,ald_adch_CHO_O,ald_adch_fukui_plus_CHO_C,ald_adch_fukui_minus_CHO_C,ald_adch_fukui_minus_CHO_O,ald_qtaim_lap_CO,ald_qtaim_ell_CO
125568,,,,,,,,,,,0.389004,-0.194187,0.13775,0.237546,-0.370271,0.047336,0.022582,0.10171,-0.334488,0.081898,0.034286,0.129681,-0.109777,0.167558
156484,,0.10918,-0.323406,0.05826,-0.526558,0.42587,0.043084,-0.081292,0.010916,0.004305,0.39328,-0.187135,0.142808,0.238188,-0.374236,0.047979,0.022683,0.073657,-0.308649,0.058236,-0.00612,0.098894,-0.075348,0.163489
136150,,0.197989,-0.344962,0.04761,-0.501621,0.418659,,,,,0.393936,-0.173483,0.148498,0.23639,-0.363981,0.04739,0.020674,0.0868,-0.316541,0.080766,0.031693,0.091886,-0.085304,0.170579
185711,,,,,,,,,,,0.39577,-0.112066,0.122592,0.23408,-0.349695,0.055202,,0.087773,-0.32127,0.091477,0.01868,0.106919,-0.103156,0.166307
52211,,,,,,,0.075442,0.007287,0.006019,-0.002592,0.394564,-0.130754,0.137927,0.242856,-0.391426,0.053764,,0.11895,-0.32953,0.084303,-0.002227,0.039244,-0.03359,0.147919
