id,error,adch_ketC,adch_ketO,adch_carbC,adch_hydO,adch_hydH,adch_fukui_plus_ketC,adch_fukui_minus_ketC,adch_fukui_plus_carbC,adch_fukui_minus_carbC,qtaim_rho_CO_ket,qtaim_lap_CO_ket,qtaim_ell_CO_ket,qtaim_rho_CC_new,qtaim_lap_CC_new,qtaim_ell_CC_new,qtaim_rho_HB,ald_adch_CHO_C,ald_adch_CHO_O,ald_adch_fukui_plus_CHO_C,ald_adch_fukui_minus_CHO_C,ald_adch_fukui_minus_CHO_O,ald_qtaim_lap_CO,ald_qtaim_ell_CO
21694,,0.12321,-0.324814,0.051656,-0.52336,0.402883,0.097139,0.099425,0.015727,-0.04256,0.39288,-0.239915,0.162764,0.236412,-0.363798,0.051931,0.018344,0.084563,-0.33762,0.112727,0.041484,0.162154,-0.173707,0.184998
201429,,,,,,,,,,,0.386029,-0.239534,0.141456,0.236444,-0.366048,0.046996,0.023776,0.135927,-0.35957,0.098815,-0.054472,0.122012,-0.163315,0.176314
40648,,0.120739,-0.324138,0.027701,-0.50233,0.415328,0.075285,0.055873,-0.017529,0.001943,0.396132,-0.143739,0.150795,0.229701,-0.33254,0.03201,,0.131736,-0.306846,0.068999,-0.083843,0.116078,-0.08804,0.164923
53724,,0.200765,-0.332782,0.0452,-0.488936,0.39217,0.041946,-0.003981,0.03254,0.014971,0.394714,-0.177155,0.141172,0.24055,-0.385631,0.05105,0.02071,0.066024,-0.357041,0.065712,0.033726,0.123514,-0.1054,0.159019
211811,,,,,,,,,,,0.391345,-0.198648,0.1369,0.240213,-0.384673,0.052106,0.019047,0.12604,-0.339604,0.067841,-0.069092,0.106464,-0.125592,0.162056
