id,error,adch_ketC,adch_ketO,adch_carbC,adch_hydO,adch_hydH,adch_fukui_plus_ketC,adch_fukui_minus_ketC,adch_fukui_plus_carbC,adch_fukui_minus_carbC,qtaim_rho_CO_ket,qtaim_lap_CO_ket,qtaim_ell_CO_ket,qtaim_rho_CC_new,qtaim_lap_CC_new,qtaim_ell_CC_new,qtaim_rho_HB,ald_adch_CHO_C,ald_adch_CHO_O,ald_adch_fukui_plus_CHO_C,ald_adch_fukui_minus_CHO_C,ald_adch_fukui_minus_CHO_O,ald_qtaim_lap_CO,ald_qtaim_ell_CO
210451,,,,,,,,,,,0.397035,-0.059304,0.128502,0.232787,-0.341702,0.043416,,-0.050561,-0.25755,0.066337,0.00872,0.124435,-0.030843,0.144519
67120,,,,,,,,,,,0.392478,-0.414377,0.179704,0.2253,-0.31085,0.045938,0.026733,0.094637,-0.307507,0.065572,0.015938,0.051294,-0.03494,0.15851
31077,,,,,,,,,,,0.395905,-0.131462,0.128091,0.241572,-0.386205,0.047922,,0.100109,-0.313013,0.114367,0.015431,0.098388,-0.014037,0.151605
34925,,0.160735,-0.332893,0.008585,-0.53142,0.426991,0.249551,0.02075,0.024218,0.039283,0.396456,-0.111213,0.126166,0.235578,-0.351968,0.048041,,0.095343,-0.301411,0.266339,0.058319,0.183519,-0.002894,0.148916
87036,,0.229223,-0.399755,0.061148,-0.514072,0.401711,0.022439,-0.001802,-0.002364,-0.006987,0.396287,-0.379543,0.187386,0.229932,-0.337022,0.048961,0.026313,0.118535,-0.379135,0.047262,0.018946,0.103289,-0.283853,0.215843
