id,error,adch_ketC,adch_ketO,adch_carbC,adch_hydO,adch_hydH,adch_fukui_plus_ketC,adch_fukui_minus_ketC,adch_fukui_plus_carbC,adch_fukui_minus_carbC,qtaim_rho_CO_ket,qtaim_lap_CO_ket,qtaim_ell_CO_ket,qtaim_rho_CC_new,qtaim_lap_CC_new,qtaim_ell_CC_new,qtaim_rho_HB,ald_adch_CHO_C,ald_adch_CHO_O,ald_adch_fukui_plus_CHO_C,ald_adch_fukui_minus_CHO_C,ald_adch_fukui_minus_CHO_O,ald_qtaim_lap_CO,ald_qtaim_ell_CO
187076,,,,,,,,,,,0.393773,-0.165076,0.146376,0.236985,-0.366849,0.047991,0.021479,0.105066,-0.312058,0.094433,0.021613,0.088379,-0.082975,0.170429
124238,,0.178425,-0.33463,-0.010715,-0.523545,0.427896,-0.038066,-0.047202,0.013389,0.004071,0.394955,-0.10032,0.14685,0.241914,-0.385385,0.047331,,0.143847,-0.350518,0.075667,0.02074,0.060021,-0.07426,0.160143
142153,,,,,,,,,,,0.392544,-0.173374,0.145525,0.237732,-0.37024,0.047717,0.021175,0.102064,-0.316763,0.076422,0.024578,0.100772,-0.087883,0.171707
102965,,,,,,,,,,,0.396297,-0.140373,0.126625,0.242456,-0.390845,0.044396,,-0.042005,-0.247593,0.071405,0.025351,0.051414,0.015418,0.147947
64651,,0.112765,-0.360449,0.002161,-0.516616,0.408255,0.069947,-0.039976,-0.001322,-0.009464,0.383403,-0.266478,0.14597,0.237122,-0.373503,0.052963,0.024427,0.09153,-0.353186,0.088778,0.027118,0.110576,-0.178081,0.162749
