id,error,adch_ketC,adch_ketO,adch_carbC,adch_hydO,adch_hydH,adch_fukui_plus_ketC,adch_fukui_minus_ketC,adch_fukui_plus_carbC,adch_fukui_minus_carbC,qtaim_rho_CO_ket,qtaim_lap_CO_ket,qtaim_ell_CO_ket,qtaim_rho_CC_new,qtaim_lap_CC_new,qtaim_ell_CC_new,qtaim_rho_HB,ald_adch_CHO_C,ald_adch_CHO_O,ald_adch_fukui_plus_CHO_C,ald_adch_fukui_minus_CHO_C,ald_adch_fukui_minus_CHO_O,ald_qtaim_lap_CO,ald_qtaim_ell_CO
163044,,,,,,,,,,,0.391124,-0.199078,0.149803,0.236374,-0.364366,0.047975,0.021661,0.101304,-0.329292,0.089718,0.0456,0.097453,-0.122597,0.176303
106145,,,,,,,,,,,0.39632,-0.155928,0.115569,0.238095,-0.367056,0.046341,,,,,,,-0.024162,0.14717
82675,,0.191112,-0.324739,-0.012822,-0.517582,0.410535,0.035216,0.020826,0.001442,0.015855,0.398612,-0.114958,0.131199,0.240933,-0.384901,0.045209,,0.080409,-0.294237,0.068277,0.038566,0.113588,-0.015741,0.155913
43977,,,,,,,,,,,0.379633,-0.001855,0.128762,0.23387,-0.351488,0.051026,,0.106227,-0.306395,0.09551,0.037004,0.132673,-0.110729,0.159872
125182,,0.166181,-0.36536,-0.061175,-0.511323,0.415182,0.064266,-0.009425,-0.031252,-0.035021,0.395166,-0.244799,0.167894,0.23596,-0.36156,0.051878,0.01975,0.081004,-0.328005,0.086779,0.035781,0.123766,-0.164357,0.185287
