id,error,adch_ketC,adch_ketO,adch_carbC,adch_hydO,adch_hydH,adch_fukui_plus_ketC,adch_fukui_minus_ketC,adch_fukui_plus_carbC,adch_fukui_minus_carbC,qtaim_rho_CO_ket,qtaim_lap_CO_ket,qtaim_ell_CO_ket,qtaim_rho_CC_new,qtaim_lap_CC_new,qtaim_ell_CC_new,qtaim_rho_HB,ald_adch_CHO_C,ald_adch_CHO_O,ald_adch_fukui_plus_CHO_C,ald_adch_fukui_minus_CHO_C,ald_adch_fukui_minus_CHO_O,ald_qtaim_lap_CO,ald_qtaim_ell_CO
137737,,0.045349,-0.305756,0.064687,-0.520429,0.42779,0.00868,0.041664,-0.061654,-0.110121,0.395173,-0.158779,0.145231,0.236766,-0.365386,0.050959,,-0.112812,-0.347489,-0.024736,-0.122658,0.088708,-0.095314,0.159292
152375,,0.194007,-0.309291,-0.015829,-0.493963,0.414699,0.081225,-0.000895,0.00571,0.005812,0.400166,-0.116115,0.150962,0.238594,-0.371732,0.041918,,0.102342,-0.288618,0.130597,0.121998,0.045023,0.004033,0.149918
185683,,0.201114,-0.31457,-0.030243,-0.509199,0.420821,0.045903,0.010211,-0.010446,0.008615,0.399944,-0.152637,0.143261,0.230414,-0.332549,0.046876,,0.112143,-0.281972,0.075735,0.036037,0.134506,-0.061962,0.158874
141721,,,,,,,,,,,0.389823,-0.194483,0.148746,0.236634,-0.365511,0.046574,0.021742,0.093729,-0.325083,0.08717,0.018673,0.102278,-0.109292,0.173301
50507,,,,,,,,,,,0.400398,-0.172023,0.139069,0.234069,-0.346497,0.047219,,0.065222,-0.301217,0.07308,0.029036,0.040538,-0.03822,0.159411
