id,error,adch_ketC,adch_ketO,adch_carbC,adch_hydO,adch_hydH,adch_fukui_plus_ketC,adch_fukui_minus_ketC,adch_fukui_plus_carbC,adch_fukui_minus_carbC,qtaim_rho_CO_ket,qtaim_lap_CO_ket,qtaim_ell_CO_ket,qtaim_rho_CC_new,qtaim_lap_CC_new,qtaim_ell_CC_new,qtaim_rho_HB,ald_adch_CHO_C,ald_adch_CHO_O,ald_adch_fukui_plus_CHO_C,ald_adch_fukui_minus_CHO_C,ald_adch_fukui_minus_CHO_O,ald_qtaim_lap_CO,ald_qtaim_ell_CO
134596,,,,,,,,,,,0.394224,-0.146093,0.128279,0.243449,-0.396035,0.052398,0.019376,0.052957,-0.303934,0.152504,0.046446,0.090359,-0.044998,0.163755
62473,,,,,,,,,,,0.394511,-0.159491,0.139259,0.237863,-0.370884,0.047095,0.02039,0.10314,-0.308477,0.049754,0.043657,0.152257,-0.07216,0.166415
186394,,0.193066,-0.302801,-0.014798,-0.506128,0.39668,0.041964,0.01286,-0.004072,0.012461,0.398462,-0.05246,0.136385,0.239715,-0.376557,0.044088,,0.093421,-0.290279,0.067159,0.041665,0.134263,0.011432,0.160987
71297,,,,,,,,,,,0.393856,-0.121779,0.138369,0.234899,-0.354861,0.043037,,0.095615,-0.271467,0.063635,0.02522,-0.124947,-0.074259,0.161546
33558,,0.189072,-0.332079,-0.005682,-0.515573,0.407068,0.199603,0.046066,0.015058,0.032816,0.398404,-0.084009,0.116021,0.23484,-0.352607,0.036603,,0.227628,-0.317938,0.339663,0.034446,0.030822,0.050295,0.119502
