id,error,adch_ketC,adch_ketO,adch_carbC,adch_hydO,adch_hydH,adch_fukui_plus_ketC,adch_fukui_minus_ketC,adch_fukui_plus_carbC,adch_fukui_minus_carbC,qtaim_rho_CO_ket,qtaim_lap_CO_ket,qtaim_ell_CO_ket,qtaim_rho_CC_new,qtaim_lap_CC_new,qtaim_ell_CC_new,qtaim_rho_HB,ald_adch_CHO_C,ald_adch_CHO_O,ald_adch_fukui_plus_CHO_C,ald_adch_fukui_minus_CHO_C,ald_adch_fukui_minus_CHO_O,ald_qtaim_lap_CO,ald_qtaim_ell_CO
113645,,,,,,,,,,,0.393468,-0.160464,0.147932,0.235112,-0.358177,0.04539,0.020019,0.091141,-0.347574,0.030866,0.027375,0.120978,-0.074753,0.170719
183344,,0.198701,-0.316051,0.07227,-0.514802,0.419278,0.102406,-0.0417,0.02041,0.003381,0.396269,-0.110091,0.149154,0.23644,-0.364529,0.049446,0.019097,0.089527,-0.300007,0.079891,0.018582,0.096428,-0.044108,0.163618
206198,,,,,,,,,,,0.399263,-0.081968,0.136842,0.231805,-0.338034,0.048829,,0.13901,-0.331405,0.054979,0.025266,0.076201,-0.077225,0.171068
139831,,0.161493,-0.32062,0.016124,-0.530277,0.457502,0.065382,0.053459,-0.004211,-0.009423,0.398376,-0.129622,0.153665,0.238397,-0.377832,0.045867,,0.086574,-0.310326,0.337903,0.29218,0.02269,-0.036954,0.165922
41779,,,,,,,,,,,0.38572,-0.247432,0.14275,0.23638,-0.366546,0.053409,0.019251,0.10001,-0.396058,0.044041,-0.013865,0.096551,-0.196372,0.174729
