id,error,adch_ketC,adch_ketO,adch_carbC,adch_hydO,adch_hydH,adch_fukui_plus_ketC,adch_fukui_minus_ketC,adch_fukui_plus_carbC,adch_fukui_minus_carbC,qtaim_rho_CO_ket,qtaim_lap_CO_ket,qtaim_ell_CO_ket,qtaim_rho_CC_new,qtaim_lap_CC_new,qtaim_ell_CC_new,qtaim_rho_HB,ald_adch_CHO_C,ald_adch_CHO_O,ald_adch_fukui_plus_CHO_C,ald_adch_fukui_minus_CHO_C,ald_adch_fukui_minus_CHO_O,ald_qtaim_lap_CO,ald_qtaim_ell_CO
2839,,0.179029,-0.324855,-0.014672,-0.512191,0.41344,0.257526,0.007159,0.019679,0.020581,0.399972,-0.14702,0.124723,0.236794,-0.367477,0.024007,,0.121964,-0.307845,0.275705,-0.033707,0.148385,-0.03206,0.151764
59684,,0.155941,-0.280906,0.008149,-0.503717,0.425308,0.066864,-0.03895,0.016475,0.011396,0.403162,-0.096224,0.157124,0.240889,-0.37927,0.050064,,-0.010681,-0.227167,-0.075272,-0.183488,0.133932,0.012099,0.164202
212628,,0.197319,-0.311274,0.019976,-0.501091,0.411391,0.006992,0.033915,-0.002471,0.02093,0.398614,-0.063222,0.138783,0.237642,-0.375229,0.043419,,0.063678,-0.278706,-0.062374,-0.017459,0.188785,0.018563,0.147905
92443,,0.192379,-0.320969,-0.015946,-0.508803,0.416549,0.054975,0.012959,0.000893,0.010648,0.398485,-0.094305,0.142654,0.238715,-0.372839,0.035444,,0.095428,-0.289152,0.088872,0.031147,0.119749,0.011113,0.162836
98429,,,,,,,,,,,0.388691,-0.220484,0.151881,0.245413,-0.403582,0.050491,,0.111998,-0.341744,0.16856,0.050134,0.080425,-0.066199,0.155321
