id,error,adch_ketC,adch_ketO,adch_carbC,adch_hydO,adch_hydH,adch_fukui_plus_ketC,adch_fukui_minus_ketC,adch_fukui_plus_carbC,adch_fukui_minus_carbC,qtaim_rho_CO_ket,qtaim_lap_CO_ket,qtaim_ell_CO_ket,qtaim_rho_CC_new,qtaim_lap_CC_new,qtaim_ell_CC_new,qtaim_rho_HB,ald_adch_CHO_C,ald_adch_CHO_O,ald_adch_fukui_plus_CHO_C,ald_adch_fukui_minus_CHO_C,ald_adch_fukui_minus_CHO_O,ald_qtaim_lap_CO,ald_qtaim_ell_CO
54603,,,,,,,,,,,0.396067,-0.15535,0.140932,0.23566,-0.36244,0.029441,,0.058424,-0.367523,-0.010226,-0.025024,0.108163,-0.268622,0.155294
188156,,0.18118,-0.334597,0.083329,-0.515741,0.427898,,0.159982,,0.042529,0.395136,-0.207153,0.166093,0.235609,-0.358838,0.052367,0.018048,0.088224,-0.319718,0.055273,0.034534,0.136585,-0.144428,0.184463
142026,,0.159545,-0.34991,0.073135,-0.512343,0.424924,0.079688,0.037901,0.045477,0.025282,0.394213,-0.160633,0.145342,0.237835,-0.370585,0.04679,0.02038,0.104718,-0.308005,0.072384,0.035509,0.128104,-0.073616,0.169892
34128,,0.193874,-0.300553,-0.037919,-0.467049,0.371432,0.055403,0.005648,-0.001495,0.002295,0.397721,-0.061789,0.138332,0.239516,-0.376625,0.046104,0.018855,0.094519,-0.288837,0.081406,0.043103,0.130009,0.010864,0.162377
162082,,0.32798,-0.340643,0.012158,-0.527327,0.411956,0.076661,0.04142,-0.010597,-0.002255,0.392065,-0.143528,0.146099,0.231454,-0.341328,0.035623,,0.097625,-0.322041,0.105599,0.135427,0.145566,-0.072238,0.161944
