id,error,adch_ketC,adch_ketO,adch_carbC,adch_hydO,adch_hydH,adch_fukui_plus_ketC,adch_fukui_minus_ketC,adch_fukui_plus_carbC,adch_fukui_minus_carbC,qtaim_rho_CO_ket,qtaim_lap_CO_ket,qtaim_ell_CO_ket,qtaim_rho_CC_new,qtaim_lap_CC_new,qtaim_ell_CC_new,qtaim_rho_HB,ald_adch_CHO_C,ald_adch_CHO_O,ald_adch_fukui_plus_CHO_C,ald_adch_fukui_minus_CHO_C,ald_adch_fukui_minus_CHO_O,ald_qtaim_lap_CO,ald_qtaim_ell_CO
12155,,0.236371,-0.314313,0.077999,-0.548226,0.446861,0.055185,-0.037452,0.012508,0.030368,0.398392,-0.127821,0.141172,0.242675,-0.396816,0.049984,,0.109431,-0.306575,0.086654,0.033604,0.117017,-0.038175,0.155013
122341,,,,,,,,,,,0.397379,-0.113697,0.122366,0.24252,-0.394716,0.04952,0.019819,0.098708,-0.276585,0.106098,0.003515,0.02609,-0.024841,0.14669
194932,,0.257503,-0.37155,0.060488,-0.504838,0.418885,,,,,0.391504,-0.153534,0.136478,0.237681,-0.370262,0.047691,0.02136,0.103423,-0.305818,0.049012,0.028857,0.109975,-0.069247,0.162123
87776,,0.201484,-0.279356,0.049383,-0.480283,0.400326,0.058116,0.067622,-0.069647,-0.050438,0.398963,-0.114763,0.150036,0.228444,-0.324078,0.040164,,0.108451,-0.319789,0.080079,0.031165,0.095432,-0.046823,0.155891
132144,,0.241858,-0.269743,0.021548,-0.500641,0.421236,0.034116,0.045132,-0.008812,0.015223,0.40396,-0.015712,0.169795,0.227668,-0.328312,0.039925,,0.111907,-0.272311,0.07715,0.057986,0.184906,-0.038934,0.170379
