id,error,adch_ketC,adch_ketO,adch_carbC,adch_hydO,adch_hydH,adch_fukui_plus_ketC,adch_fukui_minus_ketC,adch_fukui_plus_carbC,adch_fukui_minus_carbC,qtaim_rho_CO_ket,qtaim_lap_CO_ket,qtaim_ell_CO_ket,qtaim_rho_CC_new,qtaim_lap_CC_new,qtaim_ell_CC_new,qtaim_rho_HB,ald_adch_CHO_C,ald_adch_CHO_O,ald_adch_fukui_plus_CHO_C,ald_adch_fukui_minus_CHO_C,ald_adch_fukui_minus_CHO_O,ald_qtaim_lap_CO,ald_qtaim_ell_CO
152827,,,,,,,,,,,0.39897,-0.084905,0.129968,0.236984,-0.36528,0.03286,,0.052922,-0.275835,0.158361,-0.004324,0.097028,0.000165,0.146342
165273,,0.171905,-0.314812,-0.003881,-0.521346,0.407149,0.044656,-0.025244,0.01584,0.020995,0.396734,-0.115888,0.13045,0.240601,-0.381066,0.048385,0.019029,0.097098,-0.306627,0.085291,0.02134,0.115079,-0.009618,0.155179
47319,,,,,,,,,,,0.395132,-0.117612,0.13059,0.240382,-0.381171,0.042274,,0.379207,-0.417403,,0.326338,-0.100352,-0.028227,0.150885
202385,,0.1894,-0.33772,-0.00741,-0.523245,0.404327,0.110078,0.029611,0.004157,0.014351,0.395068,-0.126849,0.126074,0.242309,-0.389216,0.049008,,0.097068,-0.312843,0.136609,0.035526,0.140569,-0.02731,0.151196
98876,,,,,,,0.019552,0.002136,0.000915,0.000509,0.39652,-0.096408,0.127184,0.241154,-0.382621,0.048832,,-0.010897,-0.262796,0.111467,0.159046,0.023129,-5.8e-05,0.150863
