id,error,adch_ketC,adch_ketO,adch_carbC,adch_hydO,adch_hydH,adch_fukui_plus_ketC,adch_fukui_minus_ketC,adch_fukui_plus_carbC,adch_fukui_minus_carbC,qtaim_rho_CO_ket,qtaim_lap_CO_ket,qtaim_ell_CO_ket,qtaim_rho_CC_new,qtaim_lap_CC_new,qtaim_ell_CC_new,qtaim_rho_HB,ald_adch_CHO_C,ald_adch_CHO_O,ald_adch_fukui_plus_CHO_C,ald_adch_fukui_minus_CHO_C,ald_adch_fukui_minus_CHO_O,ald_qtaim_lap_CO,ald_qtaim_ell_CO
99432,,,,,,,,,,,0.403119,-0.110396,0.140774,0.237305,-0.360148,0.051168,,0.086807,-0.29066,0.095008,-0.037364,0.046269,-0.06614,0.145008
168584,,0.190437,-0.303907,0.002913,-0.51109,0.421121,0.051342,-0.034264,0.017253,0.020574,0.400381,-0.134808,0.144554,0.238313,-0.372851,0.052324,,0.09312,-0.271436,0.076294,0.064198,0.16855,-0.046823,0.154049
157372,,0.152352,-0.278401,0.022752,-0.468331,0.38914,0.045919,-0.09344,0.003144,0.023293,0.397464,-0.066854,0.147214,0.235161,-0.357051,0.051027,,0.087958,-0.290318,0.069403,0.026649,0.151889,-0.073357,0.173369
57767,,,,,,,,,,,0.376813,-0.159557,0.071838,0.237826,-0.377355,0.040758,,0.033486,-0.287998,0.127912,0.049032,0.036012,-0.011598,0.149245
73034,,,,,,,,,,,0.39609,-0.107073,0.122057,0.240421,-0.380094,0.051703,0.019734,0.087721,-0.307735,0.086518,0.020417,0.064268,-0.011553,0.151059
