id,error,adch_ketC,adch_ketO,adch_carbC,adch_hydO,adch_hydH,adch_fukui_plus_ketC,adch_fukui_minus_ketC,adch_fukui_plus_carbC,adch_fukui_minus_carbC,qtaim_rho_CO_ket,qtaim_lap_CO_ket,qtaim_ell_CO_ket,qtaim_rho_CC_new,qtaim_lap_CC_new,qtaim_ell_CC_new,qtaim_rho_HB,ald_adch_CHO_C,ald_adch_CHO_O,ald_adch_fukui_plus_CHO_C,ald_adch_fukui_minus_CHO_C,ald_adch_fukui_minus_CHO_O,ald_qtaim_lap_CO,ald_qtaim_ell_CO
124488,,,,,,,,,,,0.386587,-0.23472,0.142168,0.236785,-0.366963,0.047409,0.024877,0.091633,-0.355252,0.08333,0.011074,0.062695,-0.15142,0.172126
97495,,0.191504,-0.312834,-0.001958,-0.510022,0.413644,0.070562,-0.026127,0.00374,-0.00168,0.399392,-0.0711,0.126919,0.236362,-0.366158,0.020901,,-0.022239,-0.242881,0.037552,-0.06138,0.094792,0.03116,0.158521
38849,,,,,,,,,,,0.397514,-0.136633,0.142767,0.242924,-0.393032,0.052763,,0.084686,-0.317472,0.049552,0.014288,0.032889,-0.043569,0.158341
67321,,0.178446,-0.325277,0.119627,-0.497151,0.409941,0.084466,-0.021679,0.034665,0.01719,0.387914,-0.222037,0.144158,0.239732,-0.383558,0.057867,0.022154,0.117336,-0.291811,0.087609,0.024962,0.141682,-0.065117,0.174736
211474,,0.183208,-0.364168,0.092043,-0.509612,0.419922,0.143043,0.15793,0.032275,0.02666,0.390899,-0.162561,0.136845,0.238343,-0.373838,0.047031,0.020973,0.107197,-0.320399,0.063007,0.026597,0.108667,-0.072259,0.162629
