id,error,adch_ketC,adch_ketO,adch_carbC,adch_hydO,adch_hydH,adch_fukui_plus_ketC,adch_fukui_minus_ketC,adch_fukui_plus_carbC,adch_fukui_minus_carbC,qtaim_rho_CO_ket,qtaim_lap_CO_ket,qtaim_ell_CO_ket,qtaim_rho_CC_new,qtaim_lap_CC_new,qtaim_ell_CC_new,qtaim_rho_HB,ald_adch_CHO_C,ald_adch_CHO_O,ald_adch_fukui_plus_CHO_C,ald_adch_fukui_minus_CHO_C,ald_adch_fukui_minus_CHO_O,ald_qtaim_lap_CO,ald_qtaim_ell_CO
129004,,,,,,,,,,,0.402927,-0.109318,0.148917,0.239811,-0.378475,0.053688,,0.112343,-0.287135,0.153239,0.056232,0.04259,-0.001585,0.155591
84448,,0.187256,-0.330288,-0.014727,-0.512187,0.423305,0.018308,0.000898,-0.002727,-0.000117,0.399032,-0.135893,0.142539,0.241463,-0.387011,0.041056,,0.100519,-0.302438,0.04766,0.012654,0.06254,-0.016551,0.150765
52185,,0.19201,-0.343108,-0.019114,-0.518452,0.418258,0.105983,-0.0033,0.001571,-0.008339,0.397583,-0.117166,0.140646,0.241399,-0.384859,0.040603,,0.088021,-0.302272,0.102215,-0.006096,0.059319,-0.004135,0.153281
213698,,,,,,,,,,,0.400039,-0.10505,0.131741,0.242296,-0.388527,0.04802,,0.109581,-0.301637,0.041198,-0.007482,0.067118,-0.010441,0.137736
211400,,0.186244,-0.351082,-0.011328,-0.492005,0.383301,0.215585,0.038869,0.017969,0.029755,0.392394,-0.195954,0.135221,0.239031,-0.375315,0.049886,0.019901,0.091264,-0.337941,0.212812,0.055128,0.208022,-0.102914,0.169967
