id,error,adch_ketC,adch_ketO,adch_carbC,adch_hydO,adch_hydH,adch_fukui_plus_ketC,adch_fukui_minus_ketC,adch_fukui_plus_carbC,adch_fukui_minus_carbC,qtaim_rho_CO_ket,qtaim_lap_CO_ket,qtaim_ell_CO_ket,qtaim_rho_CC_new,qtaim_lap_CC_new,qtaim_ell_CC_new,qtaim_rho_HB,ald_adch_CHO_C,ald_adch_CHO_O,ald_adch_fukui_plus_CHO_C,ald_adch_fukui_minus_CHO_C,ald_adch_fukui_minus_CHO_O,ald_qtaim_lap_CO,ald_qtaim_ell_CO
129364,,0.199845,-0.336597,0.108992,-0.50836,0.408294,,,,,0.392178,-0.157402,0.144458,0.238564,-0.375478,0.051,0.021912,0.113137,-0.322381,0.075394,0.032389,0.130006,-0.077032,0.161235
148314,,0.230354,-0.305019,0.042477,-0.515624,0.418216,0.03335,0.015604,-0.013611,0.001738,0.398235,-0.063511,0.158907,0.231374,-0.346297,0.042731,,0.114976,-0.292706,0.059362,0.037978,0.128863,-0.024327,0.157605
195022,,,,,,,,,,,0.392454,-0.14341,0.138432,0.231366,-0.338822,0.042513,,0.104106,-0.333935,0.065717,0.026699,0.10293,-0.122628,0.162044
6939,,0.210746,-0.375885,0.024117,-0.536122,0.399076,,,,,0.388347,-0.244465,0.149422,0.236906,-0.371715,0.050388,0.020967,0.167068,-0.402846,0.019115,-0.025455,0.104314,-0.165354,0.176369
37423,,0.189334,-0.36652,0.063465,-0.541449,0.438181,0.024963,-0.021279,0.026938,0.015331,0.394514,-0.184855,0.118676,0.230292,-0.337627,0.049313,0.01837,0.052091,-0.327572,0.06237,-0.000584,0.145284,-0.164957,0.149688
