id,error,adch_ketC,adch_ketO,adch_carbC,adch_hydO,adch_hydH,adch_fukui_plus_ketC,adch_fukui_minus_ketC,adch_fukui_plus_carbC,adch_fukui_minus_carbC,qtaim_rho_CO_ket,qtaim_lap_CO_ket,qtaim_ell_CO_ket,qtaim_rho_CC_new,qtaim_lap_CC_new,qtaim_ell_CC_new,qtaim_rho_HB,ald_adch_CHO_C,ald_adch_CHO_O,ald_adch_fukui_plus_CHO_C,ald_adch_fukui_minus_CHO_C,ald_adch_fukui_minus_CHO_O,ald_qtaim_lap_CO,ald_qtaim_ell_CO
204299,,0.152387,-0.388065,0.016486,-0.535074,0.42044,0.048828,-0.003393,-0.00377,-0.001108,0.388129,-0.269008,0.163219,0.233977,-0.355653,0.050571,0.022823,-0.362764,-0.207566,0.050546,-0.038112,0.096459,-0.200247,0.18634
191521,,0.20263,-0.336341,0.034372,-0.522951,0.41806,0.07265,0.000143,0.010835,0.002234,0.392323,-0.147756,0.130394,0.236939,-0.369171,0.045321,0.020712,0.199463,-0.353241,0.088123,0.028891,0.095006,-0.065417,0.153475
189530,,0.195833,-0.301418,0.158237,-0.497854,0.405369,0.054214,0.000203,0.056862,0.018995,0.396002,-0.100661,0.16016,0.236579,-0.36435,0.054034,0.019746,0.115692,-0.303389,0.087431,0.025186,0.112823,-0.036475,0.174144
113214,,,,,,,,,,,0.389282,-0.23042,0.151705,0.236276,-0.364728,0.04942,0.018989,0.091378,-0.335428,0.058664,0.013689,0.074461,-0.140246,0.177764
20347,,,,,,,,,,,0.388482,-0.235578,0.149032,0.235096,-0.358962,0.048393,0.022582,0.120906,-0.359123,0.058428,0.026665,0.115076,-0.161837,0.175786
