id,error,adch_ketC,adch_ketO,adch_carbC,adch_hydO,adch_hydH,adch_fukui_plus_ketC,adch_fukui_minus_ketC,adch_fukui_plus_carbC,adch_fukui_minus_carbC,qtaim_rho_CO_ket,qtaim_lap_CO_ket,qtaim_ell_CO_ket,qtaim_rho_CC_new,qtaim_lap_CC_new,qtaim_ell_CC_new,qtaim_rho_HB,ald_adch_CHO_C,ald_adch_CHO_O,ald_adch_fukui_plus_CHO_C,ald_adch_fukui_minus_CHO_C,ald_adch_fukui_minus_CHO_O,ald_qtaim_lap_CO,ald_qtaim_ell_CO
195734,,0.188942,-0.354124,-0.00806,-0.520789,0.406509,0.250451,0.004304,0.021756,0.00519,0.393183,-0.19303,0.120614,0.242292,-0.392865,0.048988,0.019224,-0.038181,-0.299696,0.212781,0.00434,0.148692,-0.144388,0.138702
144427,,0.191652,-0.341936,-0.009936,-0.519373,0.412242,0.084396,0.01593,0.00935,0.015404,0.395586,-0.123424,0.131039,0.242744,-0.391266,0.049535,,0.099947,-0.310594,0.107652,0.026962,0.129334,-0.016873,0.153311
86031,,,,,,,,,,,0.397269,-0.084134,0.142417,0.238786,-0.36842,0.049037,,0.099157,-0.29846,0.03697,0.004701,0.04632,-0.000904,0.148244
46532,,0.180485,-0.351862,0.011735,-0.541609,0.415874,0.024168,0.004315,-0.005932,0.009586,0.393439,-0.128265,0.127082,0.241221,-0.384745,0.052348,0.020863,0.097488,-0.311013,0.070577,0.028139,0.126616,-0.0197,0.148076
152632,,,,,,,,,,,0.39231,-0.161651,0.140724,0.237579,-0.369309,0.04652,0.019453,0.091489,-0.332085,0.077779,0.038696,0.165837,-0.098864,0.170359
