id,error,adch_ketC,adch_ketO,adch_carbC,adch_hydO,adch_hydH,adch_fukui_plus_ketC,adch_fukui_minus_ketC,adch_fukui_plus_carbC,adch_fukui_minus_carbC,qtaim_rho_CO_ket,qtaim_lap_CO_ket,qtaim_ell_CO_ket,qtaim_rho_CC_new,qtaim_lap_CC_new,qtaim_ell_CC_new,qtaim_rho_HB,ald_adch_CHO_C,ald_adch_CHO_O,ald_adch_fukui_plus_CHO_C,ald_adch_fukui_minus_CHO_C,ald_adch_fukui_minus_CHO_O,ald_qtaim_lap_CO,ald_qtaim_ell_CO
36771,,,,,,,,,,,0.391386,-0.219541,0.131431,0.242416,-0.397743,0.051988,,0.292235,-0.593383,0.216426,0.150095,-0.029202,-0.131235,0.146533
173114,,0.178417,-0.276281,0.059927,-0.508308,0.42352,0.021428,0.001287,-0.000875,0.004078,0.400979,-0.038187,0.169751,0.228633,-0.331921,0.054648,,0.105694,-0.25961,0.050488,0.02507,0.123096,0.021062,0.159745
100739,,,,,,,,,,,0.395914,-0.124639,0.140354,0.245446,-0.401889,0.051278,,0.110254,-0.283661,0.084952,0.013164,0.061914,0.02344,0.150666
3126,,,,,,,,,,,0.389442,-0.195085,0.137217,0.237599,-0.370484,0.047567,0.022396,0.101736,-0.334908,0.100357,0.03286,0.116397,-0.110033,0.166375
174304,,0.172013,-0.299229,0.00977,-0.513791,0.420597,0.056014,-0.005782,-0.015801,0.004705,0.399241,-0.103561,0.14173,0.238593,-0.373794,0.052909,,0.124467,-0.345492,0.090962,0.048831,0.158809,-0.029786,0.152505
