id,error,adch_ketC,adch_ketO,adch_carbC,adch_hydO,adch_hydH,adch_fukui_plus_ketC,adch_fukui_minus_ketC,adch_fukui_plus_carbC,adch_fukui_minus_carbC,qtaim_rho_CO_ket,qtaim_lap_CO_ket,qtaim_ell_CO_ket,qtaim_rho_CC_new,qtaim_lap_CC_new,qtaim_ell_CC_new,qtaim_rho_HB,ald_adch_CHO_C,ald_adch_CHO_O,ald_adch_fukui_plus_CHO_C,ald_adch_fukui_minus_CHO_C,ald_adch_fukui_minus_CHO_O,ald_qtaim_lap_CO,ald_qtaim_ell_CO
216436,,,,,,,,,,,0.384989,-0.231224,0.138853,0.236761,-0.367245,0.047978,0.024304,0.098229,-0.353989,0.075951,0.027236,0.109612,-0.150431,0.173269
82028,,,,,,,,,,,0.402492,-0.047455,0.156311,0.230297,-0.334812,0.041331,,0.09587,-0.297023,0.055931,0.008843,0.092721,-0.062779,0.180475
83871,,0.191121,-0.353884,0.054969,-0.564187,0.457302,0.076364,0.022618,0.00117,-0.008719,0.395269,-0.124891,0.1276,0.23323,-0.350022,0.052721,0.019573,0.1049,-0.3265,0.100879,0.037806,0.121808,-0.073778,0.158861
28065,,,,,,,,,,,0.398452,-0.052653,0.13672,0.228023,-0.323525,0.049678,0.018762,0.103364,-0.321434,0.045902,0.039142,0.10419,-0.08613,0.156909
55594,,,,,,,,,,,0.383574,-0.265704,0.145687,0.236684,-0.368558,0.050192,0.022874,0.039438,-0.389049,0.091555,-0.010106,0.091732,-0.202675,0.180749
