id,error,adch_ketC,adch_ketO,adch_carbC,adch_hydO,adch_hydH,adch_fukui_plus_ketC,adch_fukui_minus_ketC,adch_fukui_plus_carbC,adch_fukui_minus_carbC,qtaim_rho_CO_ket,qtaim_lap_CO_ket,qtaim_ell_CO_ket,qtaim_rho_CC_new,qtaim_lap_CC_new,qtaim_ell_CC_new,qtaim_rho_HB,ald_adch_CHO_C,ald_adch_CHO_O,ald_adch_fukui_plus_CHO_C,ald_adch_fukui_minus_CHO_C,ald_adch_fukui_minus_CHO_O,ald_qtaim_lap_CO,ald_qtaim_ell_CO
35087,,,,,,,,,,,0.398145,-0.143286,0.130003,0.240866,-0.383738,0.043458,,0.096676,-0.313633,0.064366,0.039586,0.130966,-0.054454,0.154464
57017,,,,,,,,,,,0.392275,-0.166789,0.148914,0.237603,-0.369656,0.046332,0.020782,0.103827,-0.319552,0.069968,0.02002,0.077716,-0.091202,0.168501
117714,,,,,,,,,,,0.397897,-0.12042,0.128637,0.241735,-0.384752,0.04879,,0.068008,-0.327512,0.015557,-0.010598,0.114777,-0.146524,0.154879
90812,,,,,,,,,,,0.394175,-0.189931,0.145866,0.236976,-0.366831,0.049036,0.019648,0.13626,-0.315808,0.055036,0.032136,0.124996,-0.110849,0.17222
187077,,0.290694,-0.364963,0.06194,-0.507885,0.411993,0.129709,0.106124,0.029293,-0.024999,0.393706,-0.166279,0.146802,0.237714,-0.370282,0.047386,0.020877,0.104888,-0.31474,0.097576,0.026553,0.109541,-0.085718,0.170166
