id,error,adch_ketC,adch_ketO,adch_carbC,adch_hydO,adch_hydH,adch_fukui_plus_ketC,adch_fukui_minus_ketC,adch_fukui_plus_carbC,adch_fukui_minus_carbC,qtaim_rho_CO_ket,qtaim_lap_CO_ket,qtaim_ell_CO_ket,qtaim_rho_CC_new,qtaim_lap_CC_new,qtaim_ell_CC_new,qtaim_rho_HB,ald_adch_CHO_C,ald_adch_CHO_O,ald_adch_fukui_plus_CHO_C,ald_adch_fukui_minus_CHO_C,ald_adch_fukui_minus_CHO_O,ald_qtaim_lap_CO,ald_qtaim_ell_CO
774,,0.165362,-0.324309,-0.005944,-0.524838,0.416353,0.251411,0.013297,0.020842,0.025556,0.397227,-0.094381,0.130146,0.235094,-0.351549,0.044514,,0.093446,-0.307681,0.25751,0.047125,0.199356,-0.014264,0.153715
46295,,,,,,,,,,,0.396612,-0.105839,0.133724,0.241238,-0.386837,0.041444,,0.099557,-0.302667,0.030788,0.018092,0.081044,-0.000173,0.153921
4640,,,,,,,,,,,0.395766,-0.157496,0.136238,0.237798,-0.370773,0.039179,,0.022948,-0.283409,0.053537,-0.014204,0.074342,-0.048248,0.137131
146834,,0.194479,-0.337043,-0.005894,-0.509501,0.406903,0.084223,0.001141,0.000518,0.000329,0.396075,-0.108706,0.127803,0.242648,-0.392894,0.048838,,0.060569,-0.298422,0.047922,-0.125111,0.17082,-0.033791,0.147382
95208,,0.18882,-0.324088,-0.01979,-0.5186,0.412913,0.041663,0.023558,0.00175,0.017833,0.397475,-0.106753,0.136612,0.238515,-0.371292,0.043224,,0.092808,-0.305046,0.085053,0.041945,0.131587,-0.027506,0.158819
