id,error,adch_ketC,adch_ketO,adch_carbC,adch_hydO,adch_hydH,adch_fukui_plus_ketC,adch_fukui_minus_ketC,adch_fukui_plus_carbC,adch_fukui_minus_carbC,qtaim_rho_CO_ket,qtaim_lap_CO_ket,qtaim_ell_CO_ket,qtaim_rho_CC_new,qtaim_lap_CC_new,qtaim_ell_CC_new,qtaim_rho_HB,ald_adch_CHO_C,ald_adch_CHO_O,ald_adch_fukui_plus_CHO_C,ald_adch_fukui_minus_CHO_C,ald_adch_fukui_minus_CHO_O,ald_qtaim_lap_CO,ald_qtaim_ell_CO
59558,,0.216368,-0.317757,-0.012506,-0.502305,0.411804,0.067599,0.020338,0.001708,0.014612,0.397652,-0.046187,0.126864,0.235439,-0.361512,0.01749,,0.061686,-0.278869,-0.035144,-0.040712,0.170146,0.012439,0.148126
32052,,,,,,,,,,,0.398943,-0.108867,0.163664,0.232706,-0.345239,0.047364,,0.052581,-0.282791,0.019355,-0.045531,0.112974,-0.084153,0.181843
65657,,,,,,,,,,,0.39268,-0.401238,0.1834,0.232932,-0.349786,0.051751,0.023203,-0.007015,-0.42131,0.006307,0.012635,0.061554,-0.32778,0.213523
111465,,,,,,,,,,,0.400537,-0.105863,0.122477,0.231765,-0.355569,0.027999,,-0.003116,-0.265721,-0.013079,-0.03166,0.092837,0.007351,0.145259
204888,,0.155325,-0.40032,0.01568,-0.539826,0.42349,0.051139,-0.002585,-0.004682,-0.001087,0.38803,-0.268152,0.162731,0.233104,-0.351389,0.050852,0.023183,-0.334178,-0.224603,0.051971,-0.015618,0.095438,-0.204783,0.186881
