id,error,adch_ketC,adch_ketO,adch_carbC,adch_hydO,adch_hydH,adch_fukui_plus_ketC,adch_fukui_minus_ketC,adch_fukui_plus_carbC,adch_fukui_minus_carbC,qtaim_rho_CO_ket,qtaim_lap_CO_ket,qtaim_ell_CO_ket,qtaim_rho_CC_new,qtaim_lap_CC_new,qtaim_ell_CC_new,qtaim_rho_HB,ald_adch_CHO_C,ald_adch_CHO_O,ald_adch_fukui_plus_CHO_C,ald_adch_fukui_minus_CHO_C,ald_adch_fukui_minus_CHO_O,ald_qtaim_lap_CO,ald_qtaim_ell_CO
88678,,,,,,,,,,,0.397558,-0.134206,0.131464,0.239421,-0.378534,0.043684,,0.08722,-0.297974,0.267964,0.024316,0.073961,-0.009801,0.148749
8909,,0.191952,-0.33506,-0.00538,-0.508202,0.40282,0.250467,0.013917,0.021459,0.014872,0.394029,-0.107675,0.112596,0.235402,-0.362236,0.023211,,0.306671,-0.387965,0.395175,0.215876,0.050377,-0.008186,0.139915
18727,,0.174066,-0.354822,0.00339,-0.523012,0.41232,0.147107,0.068676,-0.00046,-0.005562,0.393155,-0.190445,0.139775,0.239279,-0.37728,0.047709,0.018667,0.089116,-0.330285,0.122524,0.040409,0.164993,-0.099363,0.174614
106329,,,,,,,,,,,0.397396,-0.105103,0.131649,0.238468,-0.371956,0.033797,,0.095726,-0.30201,0.077068,0.026526,0.087989,-0.012024,0.154973
105485,,0.189252,-0.340397,-0.011824,-0.517471,0.41472,0.058736,0.016356,0.00546,0.018036,0.394841,-0.141265,0.127886,0.243578,-0.396175,0.055304,0.018118,0.095499,-0.308204,0.101583,0.033423,0.122098,-0.042668,0.149999
