id,error,adch_ketC,adch_ketO,adch_carbC,adch_hydO,adch_hydH,adch_fukui_plus_ketC,adch_fukui_minus_ketC,adch_fukui_plus_carbC,adch_fukui_minus_carbC,qtaim_rho_CO_ket,qtaim_lap_CO_ket,qtaim_ell_CO_ket,qtaim_rho_CC_new,qtaim_lap_CC_new,qtaim_ell_CC_new,qtaim_rho_HB,ald_adch_CHO_C,ald_adch_CHO_O,ald_adch_fukui_plus_CHO_C,ald_adch_fukui_minus_CHO_C,ald_adch_fukui_minus_CHO_O,ald_qtaim_lap_CO,ald_qtaim_ell_CO
201364,,,,,,,,,,,0.391227,-0.275826,0.132705,0.236155,-0.369462,0.034293,,0.107089,-0.316186,0.047446,0.006173,0.11474,-0.12806,0.159447
165537,,0.236678,-0.329327,0.030751,-0.506099,0.409466,0.09444,0.009657,-0.006005,0.003224,0.3968,-0.085211,0.133128,0.231689,-0.347904,0.043511,,0.077418,-0.310632,0.131739,0.017209,0.147366,-0.067808,0.145589
130786,,0.191602,-0.362412,-0.079368,-0.530082,0.420509,0.059121,-0.002322,-0.025565,-0.016525,0.389535,-0.184509,0.141315,0.234565,-0.355709,0.047076,0.021131,0.109689,-0.3527,0.084727,0.026237,0.098188,-0.120546,0.169102
185508,,0.216089,-0.319513,0.022691,-0.525631,0.435753,0.071214,0.000896,0.020659,0.022865,0.397733,-0.133695,0.152119,0.240495,-0.385111,0.051454,,0.145959,-0.321708,0.073739,0.02605,0.096638,-0.053389,0.16775
215921,,,,,,,,,,,0.391521,-0.153094,0.133826,0.23754,-0.369371,0.048797,0.02101,0.105795,-0.326076,0.058534,0.033038,0.113671,-0.085268,0.162077
