id,error,adch_ketC,adch_ketO,adch_carbC,adch_hydO,adch_hydH,adch_fukui_plus_ketC,adch_fukui_minus_ketC,adch_fukui_plus_carbC,adch_fukui_minus_carbC,qtaim_rho_CO_ket,qtaim_lap_CO_ket,qtaim_ell_CO_ket,qtaim_rho_CC_new,qtaim_lap_CC_new,qtaim_ell_CC_new,qtaim_rho_HB,ald_adch_CHO_C,ald_adch_CHO_O,ald_adch_fukui_plus_CHO_C,ald_adch_fukui_minus_CHO_C,ald_adch_fukui_minus_CHO_O,ald_qtaim_lap_CO,ald_qtaim_ell_CO
49226,,0.026596,-0.269346,0.054927,-0.465352,0.409497,,-0.069337,,0.010598,0.397765,-0.077741,0.151506,0.23769,-0.368251,0.06402,,-0.352885,-0.131317,0.003021,0.006045,0.05511,-0.016083,0.160241
111490,,,,,,,,,,,0.389896,-0.223992,0.129549,0.240422,-0.387117,0.052758,,0.112964,-0.394772,,,,-0.152465,0.1523
93976,,0.19757,-0.324291,0.074596,-0.49933,0.394915,0.081781,,0.027751,,0.392132,-0.143987,0.136873,0.236613,-0.365502,0.046356,0.021167,0.118797,-0.316408,0.114778,0.021869,0.069014,-0.059534,0.161711
155367,,0.161234,-0.344309,0.104053,-0.503329,0.404876,0.094019,-0.02355,0.06344,0.025141,0.393919,-0.201961,0.138944,0.240213,-0.384313,0.051285,0.021449,0.102126,-0.325984,0.09878,0.027542,0.127617,-0.112577,0.160346
47756,,,,,,,0.081489,0.018536,-0.03649,-0.008908,0.393224,-0.149156,0.134376,0.236949,-0.367927,0.053684,,0.13411,-0.356165,0.062687,0.002708,0.111224,-0.129056,0.156624
