id,error,adch_ketC,adch_ketO,adch_carbC,adch_hydO,adch_hydH,adch_fukui_plus_ketC,adch_fukui_minus_ketC,adch_fukui_plus_carbC,adch_fukui_minus_carbC,qtaim_rho_CO_ket,qtaim_lap_CO_ket,qtaim_ell_CO_ket,qtaim_rho_CC_new,qtaim_lap_CC_new,qtaim_ell_CC_new,qtaim_rho_HB,ald_adch_CHO_C,ald_adch_CHO_O,ald_adch_fukui_plus_CHO_C,ald_adch_fukui_minus_CHO_C,ald_adch_fukui_minus_CHO_O,ald_qtaim_lap_CO,ald_qtaim_ell_CO
99418,,,,,,,,,,,0.393719,-0.179636,0.149521,0.240164,-0.37904,0.050063,0.018794,0.01773,-0.278395,0.082467,0.111685,0.011974,-0.033139,0.164977
104377,,0.182625,-0.343802,-0.015308,-0.5368,0.441714,0.062018,-0.002855,-0.002749,-0.004312,0.395484,-0.152802,0.148602,0.230583,-0.335516,0.047881,0.022331,0.137741,-0.315889,0.08266,0.004531,0.12654,-0.101266,0.166204
65761,,,,,,,,,,,0.380067,-0.236233,0.137395,0.23099,-0.341088,0.049496,0.02461,0.661158,-0.643347,0.235834,0.196128,-0.029965,-0.182535,0.165331
104892,,0.085471,-0.28913,0.126761,-0.526051,0.412139,0.088714,0.16679,-0.000272,-0.065842,0.395066,-0.202055,0.153915,0.237567,-0.370333,0.050348,0.020335,0.143248,-0.337206,0.088455,0.067747,0.139589,-0.123679,0.177864
95637,,0.198007,-0.314302,0.001732,-0.509919,0.416094,0.038993,-0.006277,-0.00244,0.014552,0.399384,-0.09848,0.144458,0.240964,-0.382275,0.056441,,0.111182,-0.287082,0.045191,0.016766,0.107484,0.004522,0.140304
