id,error,adch_ketC,adch_ketO,adch_carbC,adch_hydO,adch_hydH,adch_fukui_plus_ketC,adch_fukui_minus_ketC,adch_fukui_plus_carbC,adch_fukui_minus_carbC,qtaim_rho_CO_ket,qtaim_lap_CO_ket,qtaim_ell_CO_ket,qtaim_rho_CC_new,qtaim_lap_CC_new,qtaim_ell_CC_new,qtaim_rho_HB,ald_adch_CHO_C,ald_adch_CHO_O,ald_adch_fukui_plus_CHO_C,ald_adch_fukui_minus_CHO_C,ald_adch_fukui_minus_CHO_O,ald_qtaim_lap_CO,ald_qtaim_ell_CO
174969,,0.208904,-0.282897,0.007074,-0.530266,0.435848,0.000116,-0.005867,-0.020394,-0.015623,0.401631,-0.011399,0.155183,0.227506,-0.319388,0.052581,,0.118233,-0.273528,0.073848,0.041733,0.141471,0.002524,0.162294
17751,,,,,,,,,,,0.392379,-0.195486,0.135197,0.237399,-0.369647,0.047878,0.021618,0.105793,-0.329491,0.050055,-0.040823,0.09269,-0.105661,0.162395
206497,,0.195052,-0.400307,-0.015093,-0.487716,0.394382,0.041733,-0.019616,-0.004452,-0.000934,0.387981,-0.265369,0.137068,0.237427,-0.374331,0.01668,,0.155879,-0.375036,0.081618,-0.010655,0.125692,-0.129405,0.166681
20900,,,,,,,,,,,0.389119,-0.172592,0.149147,0.247872,-0.4119,0.065075,0.019372,-0.051426,-0.261881,0.053154,-0.048463,0.095773,-0.027033,0.141476
69791,,0.208798,-0.311623,-0.030399,-0.515961,0.417918,0.019888,0.000138,-0.012925,-0.004154,0.401223,-0.045405,0.156307,0.237768,-0.37628,0.045554,,0.266785,-0.322154,0.19496,0.104669,0.108765,0.052465,0.165325
