id,error,adch_ketC,adch_ketO,adch_carbC,adch_hydO,adch_hydH,adch_fukui_plus_ketC,adch_fukui_minus_ketC,adch_fukui_plus_carbC,adch_fukui_minus_carbC,qtaim_rho_CO_ket,qtaim_lap_CO_ket,qtaim_ell_CO_ket,qtaim_rho_CC_new,qtaim_lap_CC_new,qtaim_ell_CC_new,qtaim_rho_HB,ald_adch_CHO_C,ald_adch_CHO_O,ald_adch_fukui_plus_CHO_C,ald_adch_fukui_minus_CHO_C,ald_adch_fukui_minus_CHO_O,ald_qtaim_lap_CO,ald_qtaim_ell_CO
159633,,,,,,,,,,,0.38667,-0.221699,0.140639,0.239221,-0.380146,0.051469,0.024461,0.070551,-0.374662,0.082532,0.029793,0.148481,-0.144779,0.168151
187934,,,,,,,,,,,0.391938,-0.247944,0.165205,0.234049,-0.353213,0.049994,,0.084176,-0.337285,0.065276,0.029814,0.127679,-0.173876,0.185595
142467,,,,,,,,,,,0.391849,-0.185016,0.142172,0.237848,-0.371551,0.04542,0.02122,0.100161,-0.329602,0.065566,-0.005807,0.085634,-0.107186,0.168582
129882,,,,,,,,,,,0.392738,-0.156918,0.146499,0.238365,-0.374342,0.050811,0.022141,0.06714,-0.316709,0.016833,0.01189,0.075553,-0.07324,0.162672
168830,,0.188824,-0.393563,0.055101,-0.511467,0.423906,0.014936,0.006304,0.010216,0.016902,0.39452,-0.355616,0.124759,0.230039,-0.338227,0.039869,0.024705,-0.057743,-0.193499,0.062532,0.042871,0.182064,-0.05747,0.159678
