id,error,adch_ketC,adch_ketO,adch_carbC,adch_hydO,adch_hydH,adch_fukui_plus_ketC,adch_fukui_minus_ketC,adch_fukui_plus_carbC,adch_fukui_minus_carbC,qtaim_rho_CO_ket,qtaim_lap_CO_ket,qtaim_ell_CO_ket,qtaim_rho_CC_new,qtaim_lap_CC_new,qtaim_ell_CC_new,qtaim_rho_HB,ald_adch_CHO_C,ald_adch_CHO_O,ald_adch_fukui_plus_CHO_C,ald_adch_fukui_minus_CHO_C,ald_adch_fukui_minus_CHO_O,ald_qtaim_lap_CO,ald_qtaim_ell_CO
98846,,0.189132,-0.349448,-0.017381,-0.505022,0.406645,0.073909,0.00951,-0.000273,0.010224,0.393551,-0.148227,0.130132,0.244142,-0.39689,0.05001,,0.099888,-0.300683,0.10018,0.02266,0.102819,-0.010098,0.146632
111493,,,,,,,,,,,0.394226,-0.124226,0.121958,0.24327,-0.39266,0.054046,0.018489,0.101679,-0.318149,0.115407,0.021881,0.116917,-0.020919,0.143366
182994,,,,,,,,,,,0.395987,-0.113103,0.132009,0.243756,-0.395804,0.047944,,-0.177033,-0.207059,0.157185,0.212876,-0.020923,-0.0191,0.147549
122119,,,,,,,,0.014817,,0.01116,0.394071,-0.16702,0.135675,0.240669,-0.384384,0.051965,0.017834,0.016907,-0.288909,0.036442,-0.003806,0.171789,-0.087807,0.168705
110014,,0.208922,-0.344105,-0.010361,-0.490935,0.390153,0.094098,0.014735,0.00454,0.015091,0.393442,-0.127662,0.126565,0.237042,-0.366947,0.043457,,0.105246,-0.309767,0.09862,0.030343,0.105949,0.000964,0.142077
