id,error,adch_ketC,adch_ketO,adch_carbC,adch_hydO,adch_hydH,adch_fukui_plus_ketC,adch_fukui_minus_ketC,adch_fukui_plus_carbC,adch_fukui_minus_carbC,qtaim_rho_CO_ket,qtaim_lap_CO_ket,qtaim_ell_CO_ket,qtaim_rho_CC_new,qtaim_lap_CC_new,qtaim_ell_CC_new,qtaim_rho_HB,ald_adch_CHO_C,ald_adch_CHO_O,ald_adch_fukui_plus_CHO_C,ald_adch_fukui_minus_CHO_C,ald_adch_fukui_minus_CHO_O,ald_qtaim_lap_CO,ald_qtaim_ell_CO
6205,,0.19093,-0.264928,0.038599,-0.437122,0.341581,0.08108,0.019518,0.035095,0.065812,0.393841,-0.131778,0.159868,0.237787,-0.369825,0.050463,0.019447,0.112391,-0.301979,0.114637,0.074094,0.254252,-0.065142,0.177035
138214,,0.240574,-0.339533,0.007985,-0.489713,0.390521,,-0.018001,,-0.004939,0.393422,-0.128549,0.139183,0.237537,-0.368785,0.053689,0.018648,0.107802,-0.322749,0.054428,-0.013467,0.089843,-0.084668,0.161826
186353,,0.163915,-0.331944,0.018657,-0.513103,0.423929,0.079039,0.077509,-0.029363,0.003045,0.394435,-0.19288,0.146683,0.233345,-0.347804,0.049163,,0.122974,-0.35159,0.055013,0.113153,0.13476,-0.128508,0.160229
89839,,,,,,,,,,,0.384349,-0.399762,0.122268,0.231497,-0.344388,0.041384,,0.362485,-0.356188,-0.220195,0.509912,-0.098116,-0.061915,0.143523
2232,,,,,,,,,,,0.395292,-0.11838,0.124591,0.233534,-0.347218,0.043222,,0.105084,-0.262898,0.073354,0.000484,0.026754,-0.059223,0.149121
