id,error,adch_ketC,adch_ketO,adch_carbC,adch_hydO,adch_hydH,adch_fukui_plus_ketC,adch_fukui_minus_ketC,adch_fukui_plus_carbC,adch_fukui_minus_carbC,qtaim_rho_CO_ket,qtaim_lap_CO_ket,qtaim_ell_CO_ket,qtaim_rho_CC_new,qtaim_lap_CC_new,qtaim_ell_CC_new,qtaim_rho_HB,ald_adch_CHO_C,ald_adch_CHO_O,ald_adch_fukui_plus_CHO_C,ald_adch_fukui_minus_CHO_C,ald_adch_fukui_minus_CHO_O,ald_qtaim_lap_CO,ald_qtaim_ell_CO
34487,,0.190897,-0.318996,0.00086,-0.480572,0.377023,0.047151,-0.021557,-0.000785,-0.004084,0.394866,-0.140392,0.127408,0.236132,-0.362309,0.050275,,0.057456,-0.313333,0.082883,-0.021362,0.139295,-0.088605,0.161266
30287,,,,,,,,,,,0.395021,-0.105923,0.123,0.236555,-0.36196,0.050233,,0.102518,-0.335593,0.059904,0.022977,0.093954,-0.103533,0.165069
190879,,0.209499,-0.334963,0.021192,-0.543791,0.412904,0.059908,,-0.002923,,0.393661,-0.134699,0.150532,0.231492,-0.340225,0.038968,,0.099504,-0.322456,0.085649,-0.020271,0.073741,-0.065828,0.159652
50712,,,,,,,,,,,0.39469,-0.097175,0.148201,0.229594,-0.326578,0.052945,,-0.469497,-0.102469,0.060842,0.074234,0.03095,-0.056481,0.171904
148134,,0.18131,-0.372266,0.014843,-0.529136,0.418949,0.053545,0.003859,0.000206,-0.005897,0.387624,-0.270137,0.164135,0.238156,-0.377166,0.04927,0.018541,0.087022,-0.356629,0.063359,0.014935,0.091966,-0.189214,0.181884
