id,error,adch_ketC,adch_ketO,adch_carbC,adch_hydO,adch_hydH,adch_fukui_plus_ketC,adch_fukui_minus_ketC,adch_fukui_plus_carbC,adch_fukui_minus_carbC,qtaim_rho_CO_ket,qtaim_lap_CO_ket,qtaim_ell_CO_ket,qtaim_rho_CC_new,qtaim_lap_CC_new,qtaim_ell_CC_new,qtaim_rho_HB,ald_adch_CHO_C,ald_adch_CHO_O,ald_adch_fukui_plus_CHO_C,ald_adch_fukui_minus_CHO_C,ald_adch_fukui_minus_CHO_O,ald_qtaim_lap_CO,ald_qtaim_ell_CO
161503,,0.198751,-0.326098,0.007807,-0.510671,0.39958,0.027137,-0.007273,-0.001764,0.005406,0.393705,-0.176418,0.145721,0.238678,-0.376268,0.053669,0.022582,-0.017412,-0.212914,0.022994,0.033518,0.106849,-0.075907,0.16393
10361,,0.134132,-0.297042,-0.094507,-0.412601,0.341577,0.004817,-0.013243,-0.018156,-0.020879,0.396436,-0.052314,0.136001,0.229635,-0.329612,0.053566,0.019002,0.110085,-0.307888,0.067861,0.040913,0.143978,-0.053765,0.161371
163489,,0.235768,-0.364406,0.044983,-0.508089,0.421094,0.104488,0.02408,0.0435,4e-06,0.393013,-0.167743,0.137823,0.23781,-0.371056,0.046773,0.021137,0.125557,-0.312805,0.114297,0.064268,0.109708,-0.07246,0.161357
99785,,,,,,,,,,,0.395784,-0.14807,0.152795,0.238549,-0.374603,0.051255,0.020256,0.106737,-0.307216,0.061308,0.031388,0.113213,-0.067723,0.165524
207365,,,,,,,,,,,0.388961,-0.177216,0.134845,0.238351,-0.373953,0.047366,0.022635,0.104397,-0.330911,0.068082,0.028003,0.103237,-0.093056,0.163819
