id,error,adch_ketC,adch_ketO,adch_carbC,adch_hydO,adch_hydH,adch_fukui_plus_ketC,adch_fukui_minus_ketC,adch_fukui_plus_carbC,adch_fukui_minus_carbC,qtaim_rho_CO_ket,qtaim_lap_CO_ket,qtaim_ell_CO_ket,qtaim_rho_CC_new,qtaim_lap_CC_new,qtaim_ell_CC_new,qtaim_rho_HB,ald_adch_CHO_C,ald_adch_CHO_O,ald_adch_fukui_plus_CHO_C,ald_adch_fukui_minus_CHO_C,ald_adch_fukui_minus_CHO_O,ald_qtaim_lap_CO,ald_qtaim_ell_CO
151557,,0.186349,-0.316886,-0.011013,-0.505319,0.41865,0.095272,-0.002711,0.005368,0.003443,0.40011,-0.114276,0.153059,0.239436,-0.375625,0.043864,,-0.054548,-0.240796,0.125441,0.16062,0.036063,-0.008753,0.154646
79369,,,,,,,,,,,0.393736,-0.194335,0.134732,0.242698,-0.397162,0.047388,,0.097212,-0.328972,0.060946,0.013216,0.066773,-0.107841,0.154675
74026,,,,,,,,,,,0.394175,-0.100485,0.13372,0.237484,-0.368357,0.050636,,0.047066,-0.307801,0.026784,-0.025077,0.112986,-0.081249,0.161901
104910,,,,,,,,,,,0.395886,-0.13765,0.141714,0.241568,-0.392761,0.045466,,0.033928,-0.258903,0.063185,-0.004802,0.027046,-0.024623,0.146055
110619,,,,,,,0.084231,-0.012731,0.00891,0.001584,0.400014,-0.079175,0.1283,0.237208,-0.364143,0.039662,,0.081904,-0.29289,0.095656,-0.004347,0.066148,-0.01173,0.15391
