id,error,adch_ketC,adch_ketO,adch_carbC,adch_hydO,adch_hydH,adch_fukui_plus_ketC,adch_fukui_minus_ketC,adch_fukui_plus_carbC,adch_fukui_minus_carbC,qtaim_rho_CO_ket,qtaim_lap_CO_ket,qtaim_ell_CO_ket,qtaim_rho_CC_new,qtaim_lap_CC_new,qtaim_ell_CC_new,qtaim_rho_HB,ald_adch_CHO_C,ald_adch_CHO_O,ald_adch_fukui_plus_CHO_C,ald_adch_fukui_minus_CHO_C,ald_adch_fukui_minus_CHO_O,ald_qtaim_lap_CO,ald_qtaim_ell_CO
47462,,0.193357,-0.313879,-0.012257,-0.499418,0.395078,0.083995,0.010961,-0.001218,0.001575,0.3974,-0.087083,0.133667,0.241767,-0.386496,0.046473,,0.098309,-0.30223,0.097456,0.032936,0.157506,-0.0034,0.154202
103093,,,,,,,,,,,0.394035,-0.14674,0.148274,0.245416,-0.401268,0.051191,,-0.049785,-0.254953,0.058414,-0.0277,0.080806,-0.003665,0.147176
101060,,,,,,,,,,,0.39499,-0.143226,0.141439,0.234903,-0.350943,0.046091,,-0.176735,-0.219684,0.021811,-0.075176,0.063863,-0.053497,0.142296
137568,,0.181472,-0.334069,0.178378,-0.511014,0.419903,0.062448,0.021759,0.040683,0.042531,0.396898,-0.112856,0.130112,0.234722,-0.357384,0.042373,0.019564,0.085924,-0.279037,0.095323,0.03347,0.132372,0.015193,0.134366
121541,,0.189649,-0.336125,-0.021335,-0.497032,0.391515,0.075174,0.004701,0.005854,0.00548,0.394835,-0.147511,0.122667,0.237704,-0.370286,0.044212,,-0.050928,-0.257315,0.022444,-0.059568,0.129162,-0.029651,0.137623
