id,error,adch_ketC,adch_ketO,adch_carbC,adch_hydO,adch_hydH,adch_fukui_plus_ketC,adch_fukui_minus_ketC,adch_fukui_plus_carbC,adch_fukui_minus_carbC,qtaim_rho_CO_ket,qtaim_lap_CO_ket,qtaim_ell_CO_ket,qtaim_rho_CC_new,qtaim_lap_CC_new,qtaim_ell_CC_new,qtaim_rho_HB,ald_adch_CHO_C,ald_adch_CHO_O,ald_adch_fukui_plus_CHO_C,ald_adch_fukui_minus_CHO_C,ald_adch_fukui_minus_CHO_O,ald_qtaim_lap_CO,ald_qtaim_ell_CO
182207,,0.182018,-0.288615,-0.002088,-0.492804,0.425364,0.068391,0.017724,-0.002238,0.013282,0.399497,-0.079956,0.149715,0.240121,-0.387088,0.04744,,0.096501,-0.27142,0.113319,0.056398,0.149943,0.001326,0.158221
184870,,,,,,,,,,,0.400182,-0.092233,0.133884,0.236149,-0.357834,0.046609,,0.044677,-0.263963,0.052568,0.030099,0.112372,0.00396,0.140262
46710,,,,,,,,,,,0.400762,-0.09533,0.174583,0.241077,-0.387522,0.050057,,-0.185013,-0.170475,0.008012,-0.158091,0.082848,0.005204,0.156241
50803,,,,,,,,,,,0.398377,-0.114529,0.130847,0.23628,-0.356939,0.04934,,0.091327,-0.316812,0.08609,0.020558,0.079554,-0.051916,0.141792
22216,,0.200055,-0.343841,-0.018838,-0.521824,0.416993,0.052373,0.020541,0.003704,0.026918,0.396127,-0.114142,0.128511,0.241712,-0.386743,0.051506,0.01846,0.103135,-0.318986,0.068627,0.005861,0.122879,-0.039704,0.139222
