id,error,adch_ketC,adch_ketO,adch_carbC,adch_hydO,adch_hydH,adch_fukui_plus_ketC,adch_fukui_minus_ketC,adch_fukui_plus_carbC,adch_fukui_minus_carbC,qtaim_rho_CO_ket,qtaim_lap_CO_ket,qtaim_ell_CO_ket,qtaim_rho_CC_new,qtaim_lap_CC_new,qtaim_ell_CC_new,qtaim_rho_HB,ald_adch_CHO_C,ald_adch_CHO_O,ald_adch_fukui_plus_CHO_C,ald_adch_fukui_minus_CHO_C,ald_adch_fukui_minus_CHO_O,ald_qtaim_lap_CO,ald_qtaim_ell_CO
201777,,,,,,,,,,,0.394258,-0.175526,0.147985,0.238094,-0.373199,0.052834,,0.112892,-0.366007,0.067114,0.03274,0.060827,-0.101405,0.175764
154010,,,,,,,,,,,0.395765,-0.164039,0.151505,0.23451,-0.354961,0.046809,,0.095539,-0.322312,0.095728,0.023398,0.150656,-0.131034,0.148297
79464,,,,,,,,,,,0.399715,-0.065348,0.140618,0.237609,-0.36399,0.041759,,0.098233,-0.299673,0.111924,0.014145,0.056822,-0.022387,0.15369
39811,,,,,,,,,,,0.3995,-0.110634,0.139021,0.234181,-0.352236,0.030703,,0.097222,-0.288346,0.046831,3.5e-05,-0.002636,-0.025949,0.152912
106021,,0.201779,-0.31289,-0.000366,-0.470406,0.352142,0.077658,-0.004997,0.005722,-0.002324,0.400155,-0.114593,0.150028,0.235462,-0.356172,0.043481,,0.087849,-0.304194,0.090678,-0.000642,0.038814,-0.065116,0.168774
