id,error,adch_ketC,adch_ketO,adch_carbC,adch_hydO,adch_hydH,adch_fukui_plus_ketC,adch_fukui_minus_ketC,adch_fukui_plus_carbC,adch_fukui_minus_carbC,qtaim_rho_CO_ket,qtaim_lap_CO_ket,qtaim_ell_CO_ket,qtaim_rho_CC_new,qtaim_lap_CC_new,qtaim_ell_CC_new,qtaim_rho_HB,ald_adch_CHO_C,ald_adch_CHO_O,ald_adch_fukui_plus_CHO_C,ald_adch_fukui_minus_CHO_C,ald_adch_fukui_minus_CHO_O,ald_qtaim_lap_CO,ald_qtaim_ell_CO
103848,,0.29219,-0.303745,0.00485,-0.480946,0.373962,0.129057,0.063541,0.007773,0.009356,0.396587,-0.108796,0.135558,0.236864,-0.364778,0.053814,0.017988,0.100415,-0.33315,0.089297,0.033174,0.148412,-0.118263,0.160698
77855,,,,,,,,,,,0.3767,-0.360725,0.137694,0.239163,-0.383441,0.052052,0.023873,0.157919,-0.361954,0.116522,0.074246,0.049827,-0.226378,0.167908
184078,,0.181067,-0.319179,0.003777,-0.486088,0.384141,0.031814,-0.029388,-0.001255,0.002206,0.39532,-0.130635,0.129479,0.235389,-0.359154,0.049488,,0.058642,-0.312263,0.06477,-0.018523,0.126533,-0.081196,0.160798
70744,,0.199961,-0.301607,0.124201,-0.471825,0.382499,0.075037,0.011045,0.054038,0.045634,0.39521,-0.139409,0.164211,0.236184,-0.362633,0.054154,0.021762,0.105802,-0.303455,0.093445,0.050531,0.180174,-0.072294,0.179078
129960,,,,,,,0.032462,-0.002538,-0.013985,-0.010671,0.396177,-0.114513,0.139278,0.234747,-0.353804,0.046279,,0.059901,-0.311522,0.036465,-0.009616,0.093092,-0.098798,0.165209
