id,error,adch_ketC,adch_ketO,adch_carbC,adch_hydO,adch_hydH,adch_fukui_plus_ketC,adch_fukui_minus_ketC,adch_fukui_plus_carbC,adch_fukui_minus_carbC,qtaim_rho_CO_ket,qtaim_lap_CO_ket,qtaim_ell_CO_ket,qtaim_rho_CC_new,qtaim_lap_CC_new,qtaim_ell_CC_new,qtaim_rho_HB,ald_adch_CHO_C,ald_adch_CHO_O,ald_adch_fukui_plus_CHO_C,ald_adch_fukui_minus_CHO_C,ald_adch_fukui_minus_CHO_O,ald_qtaim_lap_CO,ald_qtaim_ell_CO
180481,,0.205085,-0.280965,0.016656,-0.500271,0.411503,0.047321,0.014679,-0.038178,-0.048814,0.401036,-0.055637,0.158783,0.231696,-0.33647,0.048859,,0.100623,-0.271308,0.083929,0.046254,0.163714,-0.018394,0.166802
12449,,0.275898,-0.376023,0.026106,-0.501927,0.413022,0.132206,0.08692,0.022663,0.03212,0.393808,-0.151911,0.136267,0.237982,-0.37118,0.048927,0.020835,0.108787,-0.307736,0.103041,0.061393,0.187516,-0.061151,0.16359
118165,,0.19471,-0.366591,0.073569,-0.508658,0.414641,0.055087,0.041717,0.024565,0.017382,0.390245,-0.165923,0.13559,0.237715,-0.370815,0.047533,0.021635,0.098131,-0.323943,0.063842,0.021848,0.130896,-0.08034,0.163037
69064,,,,,,,,,,,0.387679,-0.223043,0.1503,0.234394,-0.356387,0.049987,0.022435,-0.050481,-0.2927,0.059795,-0.030356,0.090353,-0.115411,0.172173
361,,0.202823,-0.320449,0.011189,-0.483245,0.393348,0.087099,0.007792,0.003025,0.006648,0.389641,-0.174862,0.145959,0.234593,-0.35302,0.053795,,-0.00266,-0.354521,0.049761,0.052717,0.160575,-0.228698,0.165659
