id,error,adch_ketC,adch_ketO,adch_carbC,adch_hydO,adch_hydH,adch_fukui_plus_ketC,adch_fukui_minus_ketC,adch_fukui_plus_carbC,adch_fukui_minus_carbC,qtaim_rho_CO_ket,qtaim_lap_CO_ket,qtaim_ell_CO_ket,qtaim_rho_CC_new,qtaim_lap_CC_new,qtaim_ell_CC_new,qtaim_rho_HB,ald_adch_CHO_C,ald_adch_CHO_O,ald_adch_fukui_plus_CHO_C,ald_adch_fukui_minus_CHO_C,ald_adch_fukui_minus_CHO_O,ald_qtaim_lap_CO,ald_qtaim_ell_CO
17426,,,,,,,,,,,0.394047,-0.31399,0.083353,0.233311,-0.348573,0.039706,0.024874,0.073783,-0.303133,,,,-0.033139,0.125102
58995,,0.19141,-0.325716,-0.01297,-0.514971,0.413985,0.040411,0.021827,-0.00417,0.009289,0.397843,-0.101662,0.135816,0.24115,-0.383074,0.047712,,0.098364,-0.298929,0.072572,0.035964,0.121679,-0.013085,0.160678
164624,,0.196357,-0.334354,-0.016319,-0.516962,0.413517,0.050966,0.017282,-0.001834,0.010121,0.397509,-0.11351,0.132479,0.240998,-0.383498,0.042567,,0.320947,-0.393409,0.241182,0.258852,0.042557,-0.005795,0.148792
110628,,,,,,,,,,,0.398222,-0.134106,0.156499,0.241269,-0.38818,0.036575,,0.090801,-0.315203,0.084018,0.020198,0.105911,-0.042467,0.149722
185131,,,,,,,,0.015682,,0.014155,0.400174,-0.074181,0.125681,0.237189,-0.363349,0.043137,,0.100786,-0.322733,0.054378,0.020205,0.143101,-0.122915,0.143913
