id,error,adch_ketC,adch_ketO,adch_carbC,adch_hydO,adch_hydH,adch_fukui_plus_ketC,adch_fukui_minus_ketC,adch_fukui_plus_carbC,adch_fukui_minus_carbC,qtaim_rho_CO_ket,qtaim_lap_CO_ket,qtaim_ell_CO_ket,qtaim_rho_CC_new,qtaim_lap_CC_new,qtaim_ell_CC_new,qtaim_rho_HB,ald_adch_CHO_C,ald_adch_CHO_O,ald_adch_fukui_plus_CHO_C,ald_adch_fukui_minus_CHO_C,ald_adch_fukui_minus_CHO_O,ald_qtaim_lap_CO,ald_qtaim_ell_CO
104117,,,,,,,,,,,0.396642,-0.10564,0.126483,0.237821,-0.369278,0.032303,,0.096058,-0.303507,0.090967,0.006834,0.036128,-0.012907,0.155205
152780,,,,,,,,,,,0.398145,-0.083568,0.145946,0.235265,-0.350715,0.05168,,0.069334,-0.283279,0.164006,-0.011387,0.11583,0.001341,0.145722
151760,,0.198331,-0.317273,-0.012412,-0.486948,0.394991,0.112352,0.002587,0.007612,0.003579,0.397525,-0.117627,0.138108,0.24129,-0.385653,0.048121,,0.001675,-0.263485,0.157219,0.168236,0.047966,-0.014124,0.147602
85526,,0.185452,-0.32808,-0.028496,-0.487362,0.384677,0.251534,0.015934,0.023529,-0.009819,0.396913,-0.164467,0.127393,0.245581,-0.406952,0.064219,0.020203,0.066216,-0.296491,0.262265,0.046663,0.161755,-0.042295,0.144299
46522,,,,,,,,,,,0.401394,-0.094311,0.144842,0.243425,-0.399685,0.049488,,0.363462,-0.389724,0.164144,0.225891,-0.041704,-0.030122,0.162018
