id,error,adch_ketC,adch_ketO,adch_carbC,adch_hydO,adch_hydH,adch_fukui_plus_ketC,adch_fukui_minus_ketC,adch_fukui_plus_carbC,adch_fukui_minus_carbC,qtaim_rho_CO_ket,qtaim_lap_CO_ket,qtaim_ell_CO_ket,qtaim_rho_CC_new,qtaim_lap_CC_new,qtaim_ell_CC_new,qtaim_rho_HB,ald_adch_CHO_C,ald_adch_CHO_O,ald_adch_fukui_plus_CHO_C,ald_adch_fukui_minus_CHO_C,ald_adch_fukui_minus_CHO_O,ald_qtaim_lap_CO,ald_qtaim_ell_CO
35586,,0.273969,-0.403336,-0.024414,-0.52934,0.443843,0.083627,0.057888,-0.030403,-0.014951,0.389405,-0.174052,0.140819,0.238227,-0.374547,0.049716,0.02011,-0.023037,-0.273979,0.04084,0.015156,0.130224,-0.108641,0.168867
127528,,,,,,,,,,,0.392142,-0.148374,0.153151,0.230493,-0.33351,0.038238,,0.104057,-0.332997,0.072651,0.021033,0.088884,-0.110741,0.165133
59549,,0.192402,-0.348425,0.095325,-0.513833,0.412296,0.061161,0.070735,0.070982,0.048104,0.394367,-0.227879,0.164573,0.236256,-0.362524,0.054887,0.01961,0.08757,-0.323529,0.061261,0.036428,0.14548,-0.152429,0.184903
53507,,,,,,,,,,,0.386505,-0.210311,0.133289,0.237405,-0.370123,0.047791,0.023978,0.099613,-0.345924,0.07135,0.021304,0.099321,-0.123035,0.165985
79633,,,,,,,0.083478,-0.020241,0.018557,0.014087,0.386844,-0.220122,0.135927,0.238908,-0.37852,0.05417,0.020534,0.104204,-0.31891,0.103952,0.039018,0.145847,-0.136367,0.155502
