id,error,adch_ketC,adch_ketO,adch_carbC,adch_hydO,adch_hydH,adch_fukui_plus_ketC,adch_fukui_minus_ketC,adch_fukui_plus_carbC,adch_fukui_minus_carbC,qtaim_rho_CO_ket,qtaim_lap_CO_ket,qtaim_ell_CO_ket,qtaim_rho_CC_new,qtaim_lap_CC_new,qtaim_ell_CC_new,qtaim_rho_HB,ald_adch_CHO_C,ald_adch_CHO_O,ald_adch_fukui_plus_CHO_C,ald_adch_fukui_minus_CHO_C,ald_adch_fukui_minus_CHO_O,ald_qtaim_lap_CO,ald_qtaim_ell_CO
152678,,0.14403,-0.249957,0.012671,-0.502144,0.426003,0.135946,0.092496,-0.007063,-0.024945,0.405913,-0.074114,0.182556,0.240816,-0.387121,0.0512,,-0.013948,-0.210917,0.196244,0.159499,0.038556,0.027858,0.168251
38063,,,,,,,,,,,0.400222,-0.110475,0.145919,0.236344,-0.357257,0.042821,,0.046311,-0.283602,0.03845,0.011984,0.103157,-0.032069,0.150787
123124,,,,,,,,,,,0.397749,-0.090819,0.137116,0.23581,-0.36672,0.017534,,0.056823,-0.286624,0.077132,6.9e-05,0.065004,-0.021453,0.147601
172376,,0.163966,-0.305064,0.018068,-0.517688,0.42263,0.050486,-0.028921,0.001684,0.007076,0.399472,-0.12459,0.14043,0.240289,-0.382451,0.053843,,0.106598,-0.287794,0.073711,0.040696,0.134879,-0.036058,0.151443
73694,,,,,,,0.052767,-0.018843,-0.011248,0.006546,0.394791,-0.092303,0.134269,0.234142,-0.346734,0.043456,,0.036207,-0.304531,0.090315,-0.027318,0.082975,-0.066584,0.146237
