id,error,adch_ketC,adch_ketO,adch_carbC,adch_hydO,adch_hydH,adch_fukui_plus_ketC,adch_fukui_minus_ketC,adch_fukui_plus_carbC,adch_fukui_minus_carbC,qtaim_rho_CO_ket,qtaim_lap_CO_ket,qtaim_ell_CO_ket,qtaim_rho_CC_new,qtaim_lap_CC_new,qtaim_ell_CC_new,qtaim_rho_HB,ald_adch_CHO_C,ald_adch_CHO_O,ald_adch_fukui_plus_CHO_C,ald_adch_fukui_minus_CHO_C,ald_adch_fukui_minus_CHO_O,ald_qtaim_lap_CO,ald_qtaim_ell_CO
204303,,,,,,,,,,,0.387286,-0.275644,0.159974,0.234682,-0.359519,0.051436,0.023125,-0.14768,-0.296861,0.053109,-0.018981,0.083852,-0.218731,0.185488
195494,,0.290979,-0.332599,0.07557,-0.553208,0.422243,,,,,0.395564,-0.134979,0.140962,0.237388,-0.36778,0.046544,0.020795,0.099792,-0.302158,0.081214,-0.023664,0.21184,-0.044257,0.165276
58809,,0.181898,-0.342763,-0.008726,-0.499678,0.400987,0.039198,0.032385,0.003457,0.023545,0.396236,-0.145539,0.118958,0.245484,-0.404166,0.058332,,0.090459,-0.307369,0.061049,0.03811,0.14909,-0.010528,0.13737
144922,,0.188501,-0.317334,-0.015521,-0.509182,0.410348,0.044311,0.01428,0.000374,0.011094,0.398962,-0.085266,0.137285,0.240425,-0.379977,0.047004,,0.0952,-0.294109,0.076879,0.032221,0.103667,-0.002945,0.159762
87690,,,,,,,,,,,0.392803,-0.131253,0.14744,0.235411,-0.35896,0.052908,0.020575,-0.007758,-0.325823,0.073166,-0.174216,0.046523,-0.082611,0.16219
