id,error,adch_ketC,adch_ketO,adch_carbC,adch_hydO,adch_hydH,adch_fukui_plus_ketC,adch_fukui_minus_ketC,adch_fukui_plus_carbC,adch_fukui_minus_carbC,qtaim_rho_CO_ket,qtaim_lap_CO_ket,qtaim_ell_CO_ket,qtaim_rho_CC_new,qtaim_lap_CC_new,qtaim_ell_CC_new,qtaim_rho_HB,ald_adch_CHO_C,ald_adch_CHO_O,ald_adch_fukui_plus_CHO_C,ald_adch_fukui_minus_CHO_C,ald_adch_fukui_minus_CHO_O,ald_qtaim_lap_CO,ald_qtaim_ell_CO
186130,,,,,,,,,,,0.400156,-0.100038,0.142958,0.240017,-0.377749,0.045396,0.019286,-0.172773,-0.191487,0.009357,-0.02061,0.130914,-0.007156,0.155943
43989,,,,,,,,,,,0.395441,-0.123935,0.132739,0.242368,-0.389596,0.054417,0.020142,0.089796,-0.307339,0.123534,0.010401,0.042605,-0.036895,0.159156
128153,,0.149159,-0.250167,0.001952,-0.506044,0.424058,0.097823,0.039287,0.015589,0.034856,0.407208,-0.018874,0.17867,0.234198,-0.359306,0.028756,,-0.222075,-0.147529,0.03243,-0.115582,0.260174,0.009059,0.17488
73647,,,,,,,,,,,0.398212,-0.136288,0.128351,0.240243,-0.379935,0.047312,0.020314,0.063286,-0.308938,0.057895,0.004674,0.120532,-0.115302,0.152927
30159,,0.181112,-0.298144,0.021814,-0.495501,0.416888,0.099176,0.010423,0.007602,0.002943,0.400015,-0.065005,0.169798,0.237379,-0.372631,0.046208,,0.100133,-0.280379,0.123867,0.023575,0.108508,0.024337,0.164162
