id,error,adch_ketC,adch_ketO,adch_carbC,adch_hydO,adch_hydH,adch_fukui_plus_ketC,adch_fukui_minus_ketC,adch_fukui_plus_carbC,adch_fukui_minus_carbC,qtaim_rho_CO_ket,qtaim_lap_CO_ket,qtaim_ell_CO_ket,qtaim_rho_CC_new,qtaim_lap_CC_new,qtaim_ell_CC_new,qtaim_rho_HB,ald_adch_CHO_C,ald_adch_CHO_O,ald_adch_fukui_plus_CHO_C,ald_adch_fukui_minus_CHO_C,ald_adch_fukui_minus_CHO_O,ald_qtaim_lap_CO,ald_qtaim_ell_CO
26449,,,,,,,,,,,0.393166,-0.248736,0.123294,0.243597,-0.40106,0.038498,,-0.063144,-0.280609,0.191018,-0.004567,0.142876,-0.110092,0.149296
113579,,,,,,,,,,,0.392413,-0.174177,0.142442,0.238823,-0.377548,0.042435,,0.112678,-0.342002,0.099927,0.03345,0.097153,-0.0941,0.165893
96441,,,,,,,,,,,0.398975,-0.116086,0.138564,0.240503,-0.379612,0.047986,,-0.100602,-0.231612,-0.01335,-0.155165,0.145077,-0.007443,0.146439
99664,,,,,,,,,,,0.397736,-0.153289,0.133974,0.245947,-0.404649,0.057108,,0.479859,-0.448178,0.279375,0.173783,-0.008514,-0.013705,0.146692
44860,,0.196892,-0.331647,-0.005607,-0.541681,0.436128,0.053889,0.035515,0.004225,0.026585,0.396447,-0.095114,0.12874,0.237589,-0.363744,0.047692,,0.043696,-0.280142,0.086565,0.038522,0.143381,-0.015069,0.1503
