id,error,adch_ketC,adch_ketO,adch_carbC,adch_hydO,adch_hydH,adch_fukui_plus_ketC,adch_fukui_minus_ketC,adch_fukui_plus_carbC,adch_fukui_minus_carbC,qtaim_rho_CO_ket,qtaim_lap_CO_ket,qtaim_ell_CO_ket,qtaim_rho_CC_new,qtaim_lap_CC_new,qtaim_ell_CC_new,qtaim_rho_HB,ald_adch_CHO_C,ald_adch_CHO_O,ald_adch_fukui_plus_CHO_C,ald_adch_fukui_minus_CHO_C,ald_adch_fukui_minus_CHO_O,ald_qtaim_lap_CO,ald_qtaim_ell_CO
112319,,,,,,,,,,,0.391717,-0.176241,0.139516,0.237115,-0.367878,0.046901,0.021043,0.10416,-0.324788,0.078015,0.03996,0.086049,-0.09121,0.166176
104828,,0.185197,-0.352317,0.04717,-0.526494,0.389228,0.087629,0.015414,0.020262,0.034067,0.39018,-0.1891,0.14681,0.238082,-0.372091,0.049253,0.021492,0.108619,-0.333334,0.108249,0.045219,0.16398,-0.106919,0.171091
161192,,0.229463,-0.356722,0.058813,-0.506961,0.423392,0.086252,0.010838,0.042636,-0.025335,0.394138,-0.175309,0.147144,0.236772,-0.365835,0.047247,0.020449,0.10361,-0.315895,0.093167,0.032519,0.12061,-0.092595,0.170375
81921,,,,,,,,,,,0.389928,-0.173752,0.133891,0.236957,-0.367523,0.047935,0.02198,0.107461,-0.32523,0.051311,-0.001063,0.074095,-0.085585,0.161917
92749,,,,,,,0.031951,-0.006801,0.004163,0.004003,0.391082,-0.139519,0.120553,0.236852,-0.366574,0.051348,,0.116728,-0.335391,0.060141,0.030152,0.099907,-0.092924,0.158448
