id,error,adch_ketC,adch_ketO,adch_carbC,adch_hydO,adch_hydH,adch_fukui_plus_ketC,adch_fukui_minus_ketC,adch_fukui_plus_carbC,adch_fukui_minus_carbC,qtaim_rho_CO_ket,qtaim_lap_CO_ket,qtaim_ell_CO_ket,qtaim_rho_CC_new,qtaim_lap_CC_new,qtaim_ell_CC_new,qtaim_rho_HB,ald_adch_CHO_C,ald_adch_CHO_O,ald_adch_fukui_plus_CHO_C,ald_adch_fukui_minus_CHO_C,ald_adch_fukui_minus_CHO_O,ald_qtaim_lap_CO,ald_qtaim_ell_CO
16538,,,,,,,,,,,0.391209,-0.149857,0.12742,0.240481,-0.384964,0.051941,0.0214,0.074574,-0.397868,0.089702,-0.000365,0.111067,-0.08883,0.155551
129108,,,,,,,,,,,0.390629,-0.21432,0.155029,0.232432,-0.34707,0.047519,0.020601,0.086478,-0.334104,0.051219,0.007413,0.118576,-0.140925,0.181193
50808,,,,,,,,,,,0.388388,-0.195522,0.130194,0.237662,-0.372408,0.047157,,,,,,,-0.164394,0.163804
128194,,,,,,,,,,,0.391201,-0.260284,0.161935,0.23529,-0.359639,0.049921,,0.085241,-0.338428,0.070312,0.005573,0.038829,-0.173676,0.183903
207011,,0.217929,-0.407317,0.019185,-0.50214,0.392746,0.072773,-0.008901,0.015625,0.008682,0.380154,-0.253718,0.128607,0.239209,-0.381971,0.053713,0.021717,0.112667,-0.376651,0.083378,0.026258,0.106499,-0.164399,0.157343
