id,error,adch_ketC,adch_ketO,adch_carbC,adch_hydO,adch_hydH,adch_fukui_plus_ketC,adch_fukui_minus_ketC,adch_fukui_plus_carbC,adch_fukui_minus_carbC,qtaim_rho_CO_ket,qtaim_lap_CO_ket,qtaim_ell_CO_ket,qtaim_rho_CC_new,qtaim_lap_CC_new,qtaim_ell_CC_new,qtaim_rho_HB,ald_adch_CHO_C,ald_adch_CHO_O,ald_adch_fukui_plus_CHO_C,ald_adch_fukui_minus_CHO_C,ald_adch_fukui_minus_CHO_O,ald_qtaim_lap_CO,ald_qtaim_ell_CO
173385,,0.14762,-0.299415,0.065434,-0.503987,0.405846,0.054915,-0.001579,0.002779,0.002013,0.398737,-0.070575,0.157947,0.230493,-0.34236,0.054315,,0.121866,-0.273383,0.07403,0.031688,0.130207,0.009467,0.158883
214712,,,,,,,,,,,0.394595,-0.138455,0.138895,0.237595,-0.36906,0.047635,0.020565,0.1079,-0.305925,0.053626,0.028819,0.096447,-0.055994,0.162078
166355,,0.192807,-0.325958,-0.015092,-0.517594,0.409324,0.046112,,-0.001787,,0.398275,-0.124838,0.129138,0.241007,-0.383004,0.045462,,0.096515,-0.302015,0.080691,0.034039,0.109469,-0.018049,0.155446
99818,,,,,,,,,,,0.398714,-0.134843,0.127901,0.23982,-0.373673,0.048915,,0.096201,-0.310475,0.083831,0.033205,0.096168,0.006351,0.138297
130118,,0.204483,-0.348298,0.072203,-0.535575,0.417612,0.055862,-0.013674,0.027507,0.027979,0.392541,-0.177777,0.134322,0.238088,-0.374093,0.049086,0.022301,0.127956,-0.373457,0.090686,0.017068,0.144448,-0.108378,0.160181
