id,error,adch_ketC,adch_ketO,adch_carbC,adch_hydO,adch_hydH,adch_fukui_plus_ketC,adch_fukui_minus_ketC,adch_fukui_plus_carbC,adch_fukui_minus_carbC,qtaim_rho_CO_ket,qtaim_lap_CO_ket,qtaim_ell_CO_ket,qtaim_rho_CC_new,qtaim_lap_CC_new,qtaim_ell_CC_new,qtaim_rho_HB,ald_adch_CHO_C,ald_adch_CHO_O,ald_adch_fukui_plus_CHO_C,ald_adch_fukui_minus_CHO_C,ald_adch_fukui_minus_CHO_O,ald_qtaim_lap_CO,ald_qtaim_ell_CO
114290,,0.189704,-0.33553,-0.002446,-0.511077,0.395877,0.246545,0.030289,0.023615,0.021267,0.397494,-0.130283,0.127134,0.238237,-0.36578,0.056882,,-0.214256,-0.199747,0.126372,-0.102402,0.218724,-0.034243,0.145562
92733,,,,,,,,,,,0.394918,-0.127704,0.130683,0.244308,-0.398051,0.053302,0.01848,0.106301,-0.308166,0.074869,0.000917,0.027747,-0.000361,0.147991
9933,,0.193255,-0.342885,-0.024311,-0.505287,0.405429,0.255631,0.026644,0.019453,0.025602,0.394899,-0.118703,0.12062,0.242606,-0.389718,0.049418,0.018342,-0.068824,-0.249617,0.206336,-0.267095,0.279172,-0.00385,0.144691
202650,,0.192418,-0.363519,-0.005871,-0.524254,0.416981,0.099878,0.035793,-0.00659,-0.009076,0.39331,-0.181274,0.138005,0.239257,-0.377045,0.046629,0.019577,0.088066,-0.330144,0.097193,0.036086,0.144872,-0.093511,0.172744
134496,,,,,,,,,,,0.392439,-0.133067,0.132537,0.243483,-0.391986,0.054594,0.020276,-0.249498,-0.174458,0.074299,-0.048921,0.106207,-0.005188,0.146318
