id,error,adch_ketC,adch_ketO,adch_carbC,adch_hydO,adch_hydH,adch_fukui_plus_ketC,adch_fukui_minus_ketC,adch_fukui_plus_carbC,adch_fukui_minus_carbC,qtaim_rho_CO_ket,qtaim_lap_CO_ket,qtaim_ell_CO_ket,qtaim_rho_CC_new,qtaim_lap_CC_new,qtaim_ell_CC_new,qtaim_rho_HB,ald_adch_CHO_C,ald_adch_CHO_O,ald_adch_fukui_plus_CHO_C,ald_adch_fukui_minus_CHO_C,ald_adch_fukui_minus_CHO_O,ald_qtaim_lap_CO,ald_qtaim_ell_CO
45979,,0.187312,-0.304201,0.011067,-0.524189,0.436183,0.026275,-0.001082,-0.035796,-0.026783,0.400967,-0.042688,0.158771,0.239937,-0.384273,0.045195,,0.864136,-0.534565,0.284639,0.110885,0.112856,0.050307,0.166462
31339,,,,,,,,,,,0.387299,-0.258815,0.159769,0.230648,-0.339208,0.047791,0.021189,0.083448,-0.352574,0.045803,0.016594,0.064222,-0.180722,0.18871
191221,,,,,,,,,,,0.39485,-0.093621,0.137578,0.238134,-0.371689,0.052541,,0.153914,-0.375779,0.095362,-0.023069,0.12984,-0.062797,0.160594
142109,,0.193979,-0.362281,0.073215,-0.511253,0.424141,0.102761,0.109571,0.048934,0.019493,0.392571,-0.173327,0.146469,0.237352,-0.368505,0.047244,0.020867,0.102005,-0.316291,0.072919,0.028815,0.114131,-0.086434,0.172036
47398,,0.246876,-0.326484,0.047263,-0.487985,0.341863,0.025732,0.001282,-0.019864,-0.018631,0.396741,-0.151193,0.141017,0.227002,-0.318128,0.042517,,0.11199,-0.301079,0.053921,0.026254,0.085887,-0.054702,0.152866
