id,error,adch_ketC,adch_ketO,adch_carbC,adch_hydO,adch_hydH,adch_fukui_plus_ketC,adch_fukui_minus_ketC,adch_fukui_plus_carbC,adch_fukui_minus_carbC,qtaim_rho_CO_ket,qtaim_lap_CO_ket,qtaim_ell_CO_ket,qtaim_rho_CC_new,qtaim_lap_CC_new,qtaim_ell_CC_new,qtaim_rho_HB,ald_adch_CHO_C,ald_adch_CHO_O,ald_adch_fukui_plus_CHO_C,ald_adch_fukui_minus_CHO_C,ald_adch_fukui_minus_CHO_O,ald_qtaim_lap_CO,ald_qtaim_ell_CO
121152,,0.162148,-0.282679,0.008058,-0.516073,0.414415,0.151906,,-0.008367,,0.403199,-0.066505,0.159011,0.236227,-0.370703,0.0247,,0.192499,-0.341655,0.177209,0.387551,-0.076809,-0.025821,0.142702
99072,,,,,,,,,,,0.400681,-0.042245,0.133808,0.23814,-0.361001,0.052864,,0.092582,-0.287625,0.025349,0.01469,0.07112,0.016517,0.151909
80550,,,,,,,,,,,0.393841,-0.154694,0.125351,0.246286,-0.409022,0.047402,,0.025059,-0.291235,0.023781,-0.073518,0.058895,-0.029388,0.148111
41762,,,,,,,,,,,0.399531,-0.094824,0.134489,0.236307,-0.370331,0.039876,,-0.019298,-0.255727,0.059702,-0.167418,0.132557,-0.006937,0.147003
49549,,0.198011,-0.341072,-0.04221,-0.456727,0.365123,0.09342,0.005276,0.005248,-0.00125,0.393418,-0.157473,0.137324,0.243604,-0.395475,0.05232,,0.095392,-0.314369,0.108622,0.019535,0.112582,-0.032389,0.164595
