id,error,adch_ketC,adch_ketO,adch_carbC,adch_hydO,adch_hydH,adch_fukui_plus_ketC,adch_fukui_minus_ketC,adch_fukui_plus_carbC,adch_fukui_minus_carbC,qtaim_rho_CO_ket,qtaim_lap_CO_ket,qtaim_ell_CO_ket,qtaim_rho_CC_new,qtaim_lap_CC_new,qtaim_ell_CC_new,qtaim_rho_HB,ald_adch_CHO_C,ald_adch_CHO_O,ald_adch_fukui_plus_CHO_C,ald_adch_fukui_minus_CHO_C,ald_adch_fukui_minus_CHO_O,ald_qtaim_lap_CO,ald_qtaim_ell_CO
58653,,,,,,,,,,,0.396058,-0.121515,0.126179,0.240993,-0.38431,0.04226,,0.090454,-0.309974,0.069018,0.008357,0.029085,-0.038079,0.158021
217485,,,,,,,,,,,0.397857,-0.123133,0.124257,0.239588,-0.377002,0.044962,,0.032717,-0.277343,0.118641,0.012007,0.079356,-0.022804,0.151192
122042,,,,,,,,,,,0.394787,-0.082092,0.117337,0.233965,-0.355675,0.028465,,0.027994,-0.298905,0.056605,-0.019118,0.081785,-0.074141,0.13701
23761,,0.197606,-0.347281,-0.012458,-0.516252,0.410699,0.256555,0.034129,0.021514,0.028945,0.394701,-0.161648,0.125293,0.245049,-0.405008,0.055321,,0.095016,-0.302397,0.264336,0.0581,0.246097,-0.040832,0.157398
118961,,0.200053,-0.332524,-0.02204,-0.478442,0.386263,0.098856,0.001352,0.006137,-0.004072,0.39525,-0.107917,0.124473,0.239774,-0.378251,0.049204,0.019663,0.101855,-0.312624,0.111833,0.020349,0.115994,-0.029635,0.15737
