id,error,adch_ketC,adch_ketO,adch_carbC,adch_hydO,adch_hydH,adch_fukui_plus_ketC,adch_fukui_minus_ketC,adch_fukui_plus_carbC,adch_fukui_minus_carbC,qtaim_rho_CO_ket,qtaim_lap_CO_ket,qtaim_ell_CO_ket,qtaim_rho_CC_new,qtaim_lap_CC_new,qtaim_ell_CC_new,qtaim_rho_HB,ald_adch_CHO_C,ald_adch_CHO_O,ald_adch_fukui_plus_CHO_C,ald_adch_fukui_minus_CHO_C,ald_adch_fukui_minus_CHO_O,ald_qtaim_lap_CO,ald_qtaim_ell_CO
165948,,0.19953,-0.345708,0.001332,-0.539541,0.40447,0.058816,-0.019065,0.00044,-0.011995,0.39368,-0.121032,0.12191,0.240637,-0.38248,0.048197,0.020575,0.100621,-0.319537,0.09333,0.017216,0.102271,-0.032449,0.143897
181222,,0.137401,-0.33611,-0.009717,-0.506649,0.409124,0.072521,0.074644,-0.007834,-0.002876,0.394473,-0.129267,0.125259,0.243993,-0.400007,0.052543,0.020358,0.102238,-0.308778,0.065916,0.03254,0.15063,-0.013018,0.145185
109362,,,,,,,,,,,0.394261,-0.125954,0.126673,0.236179,-0.364602,0.030264,,0.035372,-0.280733,-0.125974,-0.229819,0.174525,0.002165,0.145563
64809,,0.123669,-0.444429,-0.047062,-0.475062,0.354403,0.007365,0.013317,0.000675,0.013294,0.386863,-0.48166,0.079934,0.230615,-0.337033,0.034037,0.026614,0.088692,-0.3161,0.109426,0.016992,0.09053,-0.049778,0.158386
134680,,,,,,,,0.008774,,0.013278,0.401563,-0.070797,0.143096,0.240063,-0.383352,0.053057,,-0.25142,-0.159572,0.012593,-0.074702,0.151641,0.019747,0.146161
