id,error,adch_ketC,adch_ketO,adch_carbC,adch_hydO,adch_hydH,adch_fukui_plus_ketC,adch_fukui_minus_ketC,adch_fukui_plus_carbC,adch_fukui_minus_carbC,qtaim_rho_CO_ket,qtaim_lap_CO_ket,qtaim_ell_CO_ket,qtaim_rho_CC_new,qtaim_lap_CC_new,qtaim_ell_CC_new,qtaim_rho_HB,ald_adch_CHO_C,ald_adch_CHO_O,ald_adch_fukui_plus_CHO_C,ald_adch_fukui_minus_CHO_C,ald_adch_fukui_minus_CHO_O,ald_qtaim_lap_CO,ald_qtaim_ell_CO
55629,,,,,,,,,,,0.391833,-0.166239,0.139253,0.237139,-0.367545,0.047742,0.021111,0.134082,-0.361237,0.128396,0.052668,0.069132,-0.085281,0.164844
6030,,0.18278,-0.363133,0.021974,-0.509173,0.410304,0.078719,0.046047,0.007512,-0.029943,0.389759,-0.225604,0.150373,0.236589,-0.365822,0.049811,0.019582,0.092601,-0.334868,0.086966,0.04352,0.163333,-0.143168,0.178494
219488,,,,,,,,,,,0.389563,-0.179114,0.133844,0.237924,-0.372304,0.047336,0.021947,0.105793,-0.329275,0.096352,0.040857,0.118609,-0.091276,0.162325
142375,,0.210222,-0.344942,0.011944,-0.501262,0.394055,0.115528,-0.022687,0.004358,0.004459,0.392846,-0.154473,0.138279,0.237499,-0.36912,0.046894,0.020776,0.107985,-0.318162,0.077132,0.030987,0.122673,-0.077351,0.163154
220050,,,,,,,,,,,0.392249,-0.102053,0.12584,0.237126,-0.366013,0.052968,0.019407,0.117633,-0.317072,0.066237,0.021194,0.076615,-0.083147,0.160903
