id,error,adch_ketC,adch_ketO,adch_carbC,adch_hydO,adch_hydH,adch_fukui_plus_ketC,adch_fukui_minus_ketC,adch_fukui_plus_carbC,adch_fukui_minus_carbC,qtaim_rho_CO_ket,qtaim_lap_CO_ket,qtaim_ell_CO_ket,qtaim_rho_CC_new,qtaim_lap_CC_new,qtaim_ell_CC_new,qtaim_rho_HB,ald_adch_CHO_C,ald_adch_CHO_O,ald_adch_fukui_plus_CHO_C,ald_adch_fukui_minus_CHO_C,ald_adch_fukui_minus_CHO_O,ald_qtaim_lap_CO,ald_qtaim_ell_CO
51276,,0.197949,-0.30179,-0.005759,-0.467004,0.379364,,,,,0.389111,-0.155045,0.152532,0.236949,-0.369416,0.050729,0.02084,0.108304,-0.274836,0.068842,0.021636,0.112734,-0.066482,0.165098
162138,,0.107325,-0.257878,0.018467,-0.51413,0.416155,0.08603,0.003941,0.011505,0.00648,0.403856,-0.049983,0.158091,0.234367,-0.342711,0.052481,,1.145643,-0.659902,0.536393,0.554091,-0.087176,0.027303,0.164785
85640,,0.232301,-0.350075,0.064035,-0.520327,0.416681,-0.025043,-0.030321,0.029543,-0.002307,0.397254,-0.235867,0.143006,0.238224,-0.375729,0.047862,0.021142,0.106293,-0.305264,0.047373,0.046639,0.164732,-0.07674,0.154476
113898,,0.194699,-0.332756,-0.013204,-0.497516,0.405942,0.034579,-0.007405,-0.007763,-0.003374,0.397123,-0.109429,0.161564,0.238516,-0.379907,0.044512,,0.225946,-0.331661,0.155173,0.104715,0.073693,0.000907,0.175622
144865,,0.180936,-0.325605,0.097787,-0.500123,0.414083,0.077147,-0.02575,0.02952,0.006048,0.390126,-0.218044,0.139274,0.239373,-0.382507,0.055264,0.021743,0.103815,-0.310721,0.097287,0.023002,0.112852,-0.124175,0.155244
