id,error,adch_ketC,adch_ketO,adch_carbC,adch_hydO,adch_hydH,adch_fukui_plus_ketC,adch_fukui_minus_ketC,adch_fukui_plus_carbC,adch_fukui_minus_carbC,qtaim_rho_CO_ket,qtaim_lap_CO_ket,qtaim_ell_CO_ket,qtaim_rho_CC_new,qtaim_lap_CC_new,qtaim_ell_CC_new,qtaim_rho_HB,ald_adch_CHO_C,ald_adch_CHO_O,ald_adch_fukui_plus_CHO_C,ald_adch_fukui_minus_CHO_C,ald_adch_fukui_minus_CHO_O,ald_qtaim_lap_CO,ald_qtaim_ell_CO
204903,,0.23762,-0.419482,0.060187,-0.52014,0.415853,0.094327,0.026585,0.008375,0.003743,0.384173,-0.246941,0.148141,0.238416,-0.376726,0.050336,0.020727,0.090178,-0.35068,0.091835,0.024393,0.099134,-0.166011,0.168891
214317,,0.190821,-0.318176,-0.026002,-0.456722,0.369785,0.038184,-0.039173,-0.020099,-0.019102,0.392901,-0.129026,0.135676,0.23674,-0.365052,0.053731,,0.106528,-0.305554,0.065991,0.010156,0.072002,-0.096675,0.16465
171995,,0.1637,-0.305865,0.011664,-0.516233,0.420095,0.087307,0.109743,-0.003175,0.009291,0.399402,-0.124715,0.144025,0.238732,-0.374985,0.052201,,0.102154,-0.287591,0.082919,0.045562,0.159657,-0.04063,0.156142
21840,,0.266025,-0.385064,0.105724,-0.513375,0.410906,0.094499,-0.004477,0.077456,0.017189,0.387411,-0.195998,0.134013,0.237871,-0.372065,0.048056,0.023043,0.101694,-0.340507,0.098609,0.032522,0.127983,-0.111147,0.165712
199397,,,,,,,,,,,0.385367,-0.241892,0.137386,0.23875,-0.379035,0.049737,0.022613,0.144117,-0.388995,0.066339,0.01168,0.08227,-0.172029,0.168757
