id,error,adch_ketC,adch_ketO,adch_carbC,adch_hydO,adch_hydH,adch_fukui_plus_ketC,adch_fukui_minus_ketC,adch_fukui_plus_carbC,adch_fukui_minus_carbC,qtaim_rho_CO_ket,qtaim_lap_CO_ket,qtaim_ell_CO_ket,qtaim_rho_CC_new,qtaim_lap_CC_new,qtaim_ell_CC_new,qtaim_rho_HB,ald_adch_CHO_C,ald_adch_CHO_O,ald_adch_fukui_plus_CHO_C,ald_adch_fukui_minus_CHO_C,ald_adch_fukui_minus_CHO_O,ald_qtaim_lap_CO,ald_qtaim_ell_CO
96159,,,,,,,,,,,0.394332,-0.132371,0.133417,0.24153,-0.386983,0.049534,0.019261,-0.019688,-0.292016,0.027119,-0.052,0.060446,-0.063833,0.129937
58799,,,,,,,,,,,0.392408,-0.177821,0.146036,0.247882,-0.414644,0.067887,0.01937,0.088539,-0.312687,0.12182,0.009473,0.079504,-0.040395,0.147677
75567,,0.194136,-0.335226,-0.014072,-0.50987,0.401428,0.256772,0.011106,0.023334,0.0277,0.395129,-0.119774,0.122026,0.242998,-0.391967,0.053556,0.018116,-0.135504,-0.254481,0.140005,-0.091142,0.214576,-0.096179,0.138866
74166,,,,,,,,,,,0.395104,-0.124124,0.131045,0.2428,-0.392594,0.045157,,0.107196,-0.305285,0.053694,0.014113,0.060596,-0.001457,0.147039
74376,,0.205454,-0.3548,0.003675,-0.534398,0.419719,0.054282,-0.021178,0.005601,0.014636,0.396166,-0.149915,0.139635,0.244399,-0.406233,0.050724,,0.109791,-0.298633,0.079535,0.01601,0.08738,-0.031674,0.159759
