id,error,adch_ketC,adch_ketO,adch_carbC,adch_hydO,adch_hydH,adch_fukui_plus_ketC,adch_fukui_minus_ketC,adch_fukui_plus_carbC,adch_fukui_minus_carbC,qtaim_rho_CO_ket,qtaim_lap_CO_ket,qtaim_ell_CO_ket,qtaim_rho_CC_new,qtaim_lap_CC_new,qtaim_ell_CC_new,qtaim_rho_HB,ald_adch_CHO_C,ald_adch_CHO_O,ald_adch_fukui_plus_CHO_C,ald_adch_fukui_minus_CHO_C,ald_adch_fukui_minus_CHO_O,ald_qtaim_lap_CO,ald_qtaim_ell_CO
56256,,0.124483,-0.337467,0.060681,-0.534895,0.406993,0.021913,-0.09719,0.008423,0.002128,0.389931,-0.206596,0.154454,0.238005,-0.37336,0.050463,0.023527,0.052294,-0.136059,0.167001,0.023175,0.11778,-0.115854,0.175513
137137,,0.178188,-0.273832,0.023355,-0.481035,0.394324,0.030986,0.041218,-0.010071,0.002197,0.39889,-0.099339,0.162115,0.233369,-0.348436,0.048051,,0.113292,-0.307173,0.043647,0.039795,0.125935,-0.08635,0.174987
45209,,,,,,,,,,,0.39222,-0.150514,0.154484,0.235069,-0.358553,0.049057,0.019363,0.019125,-0.279728,-0.005869,-0.071068,0.145847,-0.077925,0.175903
56461,,,,,,,,,,,0.40414,-0.125705,0.153507,0.237958,-0.377728,0.042887,,0.094343,-0.284862,0.081098,0.003545,0.026006,-0.007438,0.150006
202232,,0.164471,-0.36835,0.016752,-0.520005,0.419953,0.092377,-0.007095,0.009449,0.034044,0.39138,-0.249797,0.159651,0.236564,-0.364485,0.054863,0.020541,0.08475,-0.339747,0.094781,0.03305,0.138646,-0.173062,0.183906
