id,error,adch_ketC,adch_ketO,adch_carbC,adch_hydO,adch_hydH,adch_fukui_plus_ketC,adch_fukui_minus_ketC,adch_fukui_plus_carbC,adch_fukui_minus_carbC,qtaim_rho_CO_ket,qtaim_lap_CO_ket,qtaim_ell_CO_ket,qtaim_rho_CC_new,qtaim_lap_CC_new,qtaim_ell_CC_new,qtaim_rho_HB,ald_adch_CHO_C,ald_adch_CHO_O,ald_adch_fukui_plus_CHO_C,ald_adch_fukui_minus_CHO_C,ald_adch_fukui_minus_CHO_O,ald_qtaim_lap_CO,ald_qtaim_ell_CO
199551,,,,,,,,,,,0.389107,-0.241282,0.148763,0.239333,-0.379698,0.052275,0.022257,-0.065266,-0.33507,0.029444,-0.146134,0.115419,-0.156965,0.172238
174097,,0.192234,-0.320975,0.02918,-0.519931,0.423361,0.037124,-0.001605,-0.047651,-0.010908,0.399568,-0.130216,0.165905,0.230367,-0.342243,0.047533,,0.109484,-0.288811,0.094163,0.045019,0.163493,-0.046613,0.167193
152547,,0.186327,-0.280151,-0.016173,-0.480926,0.414418,0.099571,0.023177,0.003079,0.001429,0.404791,-0.057434,0.170934,0.231992,-0.336485,0.025754,,-0.020219,-0.206454,0.180788,0.179174,0.039888,0.034041,0.170183
210440,,,,,,,,,,,0.395645,-0.06147,0.140182,0.232953,-0.347383,0.035738,,0.303171,-0.389872,0.05235,0.128161,0.033933,-0.062161,0.140772
105779,,0.184926,-0.319919,0.146107,-0.506494,0.419068,0.081166,-0.021147,0.057652,0.01224,0.395627,-0.160733,0.156063,0.238383,-0.374469,0.050971,0.020548,0.104968,-0.307006,0.094229,0.039072,0.151159,-0.077133,0.17012
