id,error,adch_ketC,adch_ketO,adch_carbC,adch_hydO,adch_hydH,adch_fukui_plus_ketC,adch_fukui_minus_ketC,adch_fukui_plus_carbC,adch_fukui_minus_carbC,qtaim_rho_CO_ket,qtaim_lap_CO_ket,qtaim_ell_CO_ket,qtaim_rho_CC_new,qtaim_lap_CC_new,qtaim_ell_CC_new,qtaim_rho_HB,ald_adch_CHO_C,ald_adch_CHO_O,ald_adch_fukui_plus_CHO_C,ald_adch_fukui_minus_CHO_C,ald_adch_fukui_minus_CHO_O,ald_qtaim_lap_CO,ald_qtaim_ell_CO
14815,,,,,,,,,,,0.392367,-0.134101,0.155444,0.23079,-0.333998,0.041824,,0.077266,-0.348454,0.097504,0.048069,0.047726,-0.209371,0.164227
154290,,,,,,,,,,,0.391311,-0.159715,0.136707,0.233914,-0.353409,0.044699,0.021504,0.10918,-0.319063,0.054509,0.033215,0.130719,-0.074754,0.157565
148210,,0.109556,-0.336453,0.059211,-0.538937,0.415126,0.051032,-0.023183,0.022581,0.005574,0.388711,-0.207865,0.134696,0.238858,-0.378726,0.050357,0.020737,0.137,-0.382234,0.136539,0.088948,0.048308,-0.145209,0.162288
197060,,,,,,,,,,,0.394507,-0.143718,0.140361,0.237921,-0.370872,0.047614,0.020364,0.110116,-0.305459,0.0781,0.028075,0.106573,-0.059531,0.162731
184184,,0.207453,-0.391487,0.178704,-0.514217,0.356648,0.085365,0.048207,0.099427,0.11596,0.389803,-0.267043,0.128455,0.228102,-0.324204,0.034122,,0.131525,-0.314271,0.131468,0.033997,0.120673,-0.089348,0.159015
