id,error,adch_ketC,adch_ketO,adch_carbC,adch_hydO,adch_hydH,adch_fukui_plus_ketC,adch_fukui_minus_ketC,adch_fukui_plus_carbC,adch_fukui_minus_carbC,qtaim_rho_CO_ket,qtaim_lap_CO_ket,qtaim_ell_CO_ket,qtaim_rho_CC_new,qtaim_lap_CC_new,qtaim_ell_CC_new,qtaim_rho_HB,ald_adch_CHO_C,ald_adch_CHO_O,ald_adch_fukui_plus_CHO_C,ald_adch_fukui_minus_CHO_C,ald_adch_fukui_minus_CHO_O,ald_qtaim_lap_CO,ald_qtaim_ell_CO
191992,,0.327898,-0.353053,0.006675,-0.498848,0.435312,-0.019541,0.050929,-0.009259,0.001188,0.406095,-0.118014,0.162304,0.221575,-0.303667,0.043059,,0.20147,-0.302068,0.111449,0.057477,0.13909,0.006418,0.174357
191174,,,,,,,,,,,0.394094,-0.163988,0.150664,0.237933,-0.372463,0.050886,0.021943,0.111878,-0.312304,0.065701,0.027596,0.09985,-0.071389,0.164611
187802,,0.182604,-0.333153,0.021271,-0.498705,0.409989,0.041635,0.030602,-0.001998,0.005343,0.396119,-0.204392,0.163985,0.231889,-0.342583,0.048354,,0.198187,-0.33544,0.123763,-0.061916,0.071061,-0.119555,0.19235
65431,,,,,,,,,,,0.397219,-0.109111,0.128212,0.23508,-0.363797,0.024598,,0.02348,-0.342729,-0.008365,-0.024803,0.101896,-0.217228,0.156839
52840,,0.180704,-0.292677,0.030382,-0.517601,0.416695,0.077166,-0.001796,0.007918,0.003488,0.39008,-0.138971,0.130365,0.238392,-0.378323,0.054624,0.024512,0.11434,-0.304691,0.097768,0.030233,0.074633,-0.046402,0.150203
