id,error,adch_ketC,adch_ketO,adch_carbC,adch_hydO,adch_hydH,adch_fukui_plus_ketC,adch_fukui_minus_ketC,adch_fukui_plus_carbC,adch_fukui_minus_carbC,qtaim_rho_CO_ket,qtaim_lap_CO_ket,qtaim_ell_CO_ket,qtaim_rho_CC_new,qtaim_lap_CC_new,qtaim_ell_CC_new,qtaim_rho_HB,ald_adch_CHO_C,ald_adch_CHO_O,ald_adch_fukui_plus_CHO_C,ald_adch_fukui_minus_CHO_C,ald_adch_fukui_minus_CHO_O,ald_qtaim_lap_CO,ald_qtaim_ell_CO
188102,,,,,,,,,,,0.393088,-0.237351,0.163494,0.232651,-0.34755,0.051145,0.021146,-0.016866,-0.300346,0.003155,0.081291,0.091435,-0.15885,0.184715
199347,,,,,,,,,,,0.38903,-0.209828,0.13643,0.237259,-0.369511,0.047418,0.022229,0.1014,-0.33902,0.083254,0.015052,0.070806,-0.120647,0.167082
10397,,,,,,,,,,,0.389915,-0.230706,0.15309,0.23568,-0.361247,0.050349,0.020347,-0.0058,-0.332369,0.082974,-0.108712,0.123228,-0.1533,0.180513
181043,,0.235288,-0.265328,0.014561,-0.475951,0.378351,0.054691,0.006801,-0.002269,-0.033859,0.400382,-0.076942,0.147833,0.23338,-0.348521,0.05362,,0.124375,-0.290698,0.092805,0.052937,0.119247,-0.041025,0.161539
176396,,0.157331,-0.371681,0.294347,-0.508146,0.409836,0.079692,0.088967,0.576116,0.239421,0.3881,-0.245687,0.153429,0.236131,-0.363936,0.05003,0.019915,0.08972,-0.339079,0.075454,0.020529,0.112986,-0.158787,0.179908
