id,error,adch_ketC,adch_ketO,adch_carbC,adch_hydO,adch_hydH,adch_fukui_plus_ketC,adch_fukui_minus_ketC,adch_fukui_plus_carbC,adch_fukui_minus_carbC,qtaim_rho_CO_ket,qtaim_lap_CO_ket,qtaim_ell_CO_ket,qtaim_rho_CC_new,qtaim_lap_CC_new,qtaim_ell_CC_new,qtaim_rho_HB,ald_adch_CHO_C,ald_adch_CHO_O,ald_adch_fukui_plus_CHO_C,ald_adch_fukui_minus_CHO_C,ald_adch_fukui_minus_CHO_O,ald_qtaim_lap_CO,ald_qtaim_ell_CO
146394,,0.181295,-0.359241,0.111634,-0.511297,0.413014,0.114552,0.040953,0.072139,0.075879,0.390298,-0.168786,0.134245,0.238164,-0.373084,0.047602,0.021341,0.108527,-0.328421,0.101497,0.107651,0.063723,-0.080555,0.16163
135081,,,,,,,,,,,0.392169,-0.189272,0.149461,0.235249,-0.358608,0.047009,0.021718,0.085121,-0.328724,0.085386,0.069919,0.100944,-0.117146,0.174866
195899,,0.246527,-0.325905,-0.029972,-0.478078,0.376969,0.070262,0.029889,-0.024996,-0.012234,0.392016,-0.120787,0.140026,0.234813,-0.356332,0.047405,,0.171655,-0.330984,0.068004,0.020301,0.117863,-0.050929,0.159221
1170,,0.217059,-0.31746,0.01243,-0.525309,0.42979,0.048572,0.015258,0.011523,0.013896,0.395911,-0.170886,0.156078,0.236316,-0.366544,0.048822,,0.101349,-0.315005,0.069892,0.04903,0.173835,-0.105076,0.1715
133945,,0.149752,-0.317487,0.035582,-0.522194,0.425037,-0.003429,-0.050913,0.004098,0.010021,0.394738,-0.169644,0.144772,0.237992,-0.372284,0.048194,0.022315,0.082579,-0.305104,0.043168,0.009509,0.127901,-0.063714,0.16517
