id,error,adch_ketC,adch_ketO,adch_carbC,adch_hydO,adch_hydH,adch_fukui_plus_ketC,adch_fukui_minus_ketC,adch_fukui_plus_carbC,adch_fukui_minus_carbC,qtaim_rho_CO_ket,qtaim_lap_CO_ket,qtaim_ell_CO_ket,qtaim_rho_CC_new,qtaim_lap_CC_new,qtaim_ell_CC_new,qtaim_rho_HB,ald_adch_CHO_C,ald_adch_CHO_O,ald_adch_fukui_plus_CHO_C,ald_adch_fukui_minus_CHO_C,ald_adch_fukui_minus_CHO_O,ald_qtaim_lap_CO,ald_qtaim_ell_CO
149562,,,,,,,,,,,0.396934,-0.106828,0.133253,0.23582,-0.360279,0.054833,0.018123,0.10336,-0.325097,0.099329,0.022052,0.101343,-0.109077,0.159731
157895,,0.179004,-0.314483,0.020031,-0.511165,0.412131,0.077271,-0.021894,0.012066,0.000647,0.397724,-0.100091,0.150823,0.231745,-0.348811,0.046583,,0.055736,-0.298701,0.099943,-0.021275,0.149298,-0.06804,0.167957
30967,,0.224047,-0.382916,0.038291,-0.531121,0.418164,0.048145,-0.018094,0.008096,-0.008897,0.387903,-0.246404,0.150306,0.236735,-0.370802,0.050346,0.020585,0.262226,-0.347499,0.135635,0.216991,0.129134,-0.184623,0.175484
46631,,0.214782,-0.330205,0.112644,-0.501375,0.403486,0.083964,-0.018158,0.066508,0.055719,0.393962,-0.151317,0.144608,0.238645,-0.3755,0.051492,0.02095,0.110045,-0.314891,0.095277,0.034023,0.144682,-0.071167,0.159675
77799,,,,,,,,,,,0.398465,-0.072254,0.141558,0.229071,-0.326894,0.045209,,0.101962,-0.302522,0.064625,0.016083,0.093954,-0.067403,0.158904
