id,error,adch_ketC,adch_ketO,adch_carbC,adch_hydO,adch_hydH,adch_fukui_plus_ketC,adch_fukui_minus_ketC,adch_fukui_plus_carbC,adch_fukui_minus_carbC,qtaim_rho_CO_ket,qtaim_lap_CO_ket,qtaim_ell_CO_ket,qtaim_rho_CC_new,qtaim_lap_CC_new,qtaim_ell_CC_new,qtaim_rho_HB,ald_adch_CHO_C,ald_adch_CHO_O,ald_adch_fukui_plus_CHO_C,ald_adch_fukui_minus_CHO_C,ald_adch_fukui_minus_CHO_O,ald_qtaim_lap_CO,ald_qtaim_ell_CO
215073,,,,,,,,,,,0.387478,-0.251202,0.141419,0.240029,-0.383044,0.05677,0.024664,0.099104,-0.351997,0.050825,0.018744,0.091954,-0.155327,0.164192
119898,,0.183687,-0.456216,0.054766,-0.514761,0.409328,0.038292,-0.007802,0.008324,0.007017,0.38197,-0.335593,0.123968,0.240005,-0.387982,0.053332,0.026998,0.096747,-0.33648,0.068298,0.013116,0.094288,-0.189351,0.150713
212373,,,,,,,,,,,0.393246,-0.193115,0.155195,0.23311,-0.350131,0.045791,0.018214,0.054884,-0.32015,0.058675,0.009546,0.058343,-0.118849,0.177232
91501,,0.137045,-0.345423,0.075867,-0.534956,0.4343,0.055525,-0.045384,0.010064,0.006897,0.389733,-0.110247,0.137575,0.235201,-0.357376,0.049386,0.020785,0.10657,-0.300851,0.076461,0.028348,0.07928,-0.037016,0.160877
189973,,0.208044,-0.315885,-0.016354,-0.47188,0.378091,0.056825,-0.023506,-0.019119,-0.015958,0.395504,-0.103534,0.137232,0.235369,-0.358208,0.052989,,0.111318,-0.317397,0.076479,0.039427,0.151851,-0.077946,0.155768
