id,error,adch_ketC,adch_ketO,adch_carbC,adch_hydO,adch_hydH,adch_fukui_plus_ketC,adch_fukui_minus_ketC,adch_fukui_plus_carbC,adch_fukui_minus_carbC,qtaim_rho_CO_ket,qtaim_lap_CO_ket,qtaim_ell_CO_ket,qtaim_rho_CC_new,qtaim_lap_CC_new,qtaim_ell_CC_new,qtaim_rho_HB,ald_adch_CHO_C,ald_adch_CHO_O,ald_adch_fukui_plus_CHO_C,ald_adch_fukui_minus_CHO_C,ald_adch_fukui_minus_CHO_O,ald_qtaim_lap_CO,ald_qtaim_ell_CO
16225,,0.170443,-0.333235,0.001692,-0.521148,0.408201,0.070909,0.020334,0.007807,0.020565,0.39638,-0.114167,0.123301,0.237208,-0.361988,0.046482,,0.095458,-0.307683,0.125379,0.033577,0.112767,-0.019223,0.151092
65574,,,,,,,,,,,0.394265,-0.129407,0.126928,0.242417,-0.389515,0.05051,0.018526,0.059786,-0.292964,0.094072,-0.02127,0.070486,-0.023561,0.146566
64146,,,,,,,,,,,0.382127,-0.571982,0.070204,0.226325,-0.317804,0.027365,,-0.14104,-0.238699,-0.050765,-0.156693,0.109706,-0.061305,0.14564
111415,,0.186568,-0.332896,-0.02216,-0.515822,0.411964,0.099829,0.000321,0.00498,-0.002565,0.396688,-0.111884,0.127947,0.239592,-0.377888,0.045478,,0.08706,-0.306217,0.125444,0.015647,0.095166,-0.032715,0.151437
99951,,,,,,,0.0222,0.000462,-0.001617,-0.000485,0.392929,-0.137317,0.129749,0.239564,-0.373201,0.048534,0.021434,-0.066614,-0.267254,0.033702,-0.012064,0.04219,-0.068189,0.130844
