id,error,adch_ketC,adch_ketO,adch_carbC,adch_hydO,adch_hydH,adch_fukui_plus_ketC,adch_fukui_minus_ketC,adch_fukui_plus_carbC,adch_fukui_minus_carbC,qtaim_rho_CO_ket,qtaim_lap_CO_ket,qtaim_ell_CO_ket,qtaim_rho_CC_new,qtaim_lap_CC_new,qtaim_ell_CC_new,qtaim_rho_HB,ald_adch_CHO_C,ald_adch_CHO_O,ald_adch_fukui_plus_CHO_C,ald_adch_fukui_minus_CHO_C,ald_adch_fukui_minus_CHO_O,ald_qtaim_lap_CO,ald_qtaim_ell_CO
183863,,0.029665,-0.243541,0.031078,-0.506823,0.349077,0.039614,-0.141297,-0.006687,-0.007844,0.39808,-0.089908,0.147215,0.231669,-0.336778,0.048178,,0.130167,-0.362136,0.076479,0.01473,0.091877,-0.1524,0.175507
151609,,0.248054,-0.324778,-0.004441,-0.527046,0.426923,0.068361,0.05262,-0.006853,-0.003113,0.397353,-0.113575,0.126671,0.241334,-0.388308,0.049721,,0.106343,-0.297822,0.072513,0.037789,0.124871,-0.022966,0.141569
142623,,,,,,,,,,,0.39296,-0.16289,0.14143,0.240216,-0.384408,0.052864,0.018048,-0.051086,-0.282206,0.083829,-0.03378,0.06074,-0.092883,0.159854
128926,,,,,,,,,,,0.39111,-0.168699,0.145501,0.235613,-0.360556,0.047546,,0.100369,-0.346338,0.093359,-0.047684,0.121341,-0.134011,0.168377
6974,,,,,,,,,,,0.392487,-0.159684,0.138348,0.23727,-0.368252,0.04729,0.021306,0.106719,-0.315234,0.06464,0.034371,0.113615,-0.074118,0.163399
