id,error,adch_ketC,adch_ketO,adch_carbC,adch_hydO,adch_hydH,adch_fukui_plus_ketC,adch_fukui_minus_ketC,adch_fukui_plus_carbC,adch_fukui_minus_carbC,qtaim_rho_CO_ket,qtaim_lap_CO_ket,qtaim_ell_CO_ket,qtaim_rho_CC_new,qtaim_lap_CC_new,qtaim_ell_CC_new,qtaim_rho_HB,ald_adch_CHO_C,ald_adch_CHO_O,ald_adch_fukui_plus_CHO_C,ald_adch_fukui_minus_CHO_C,ald_adch_fukui_minus_CHO_O,ald_qtaim_lap_CO,ald_qtaim_ell_CO
51192,,,,,,,,,,,0.39082,-0.185798,0.140805,0.237432,-0.369922,0.038578,,,,,,,-0.098369,0.164703
49600,,,,,,,,,,,0.395625,-0.110065,0.122037,0.242507,-0.390954,0.050413,0.019121,0.002199,-0.292367,,,,-0.074848,0.136465
144423,,0.190589,-0.339298,-0.016449,-0.502341,0.401084,0.078874,0.017889,0.007552,0.017661,0.395526,-0.119058,0.123477,0.243282,-0.392368,0.051938,0.01847,0.102013,-0.304947,0.111876,0.032762,0.133008,0.014143,0.149062
84309,,,,,,,,,,,0.395058,-0.117743,0.115819,0.241276,-0.385529,0.045976,,-0.086684,-0.24827,0.008095,-0.090314,0.120826,-0.017449,0.143957
200135,,0.175998,-0.345019,0.00198,-0.519905,0.401209,0.120116,0.012968,0.008442,0.014689,0.392998,-0.148659,0.120703,0.240669,-0.38322,0.046018,,0.09328,-0.310538,0.162572,0.064799,0.137563,-0.027018,0.151729
