id,error,adch_ketC,adch_ketO,adch_carbC,adch_hydO,adch_hydH,adch_fukui_plus_ketC,adch_fukui_minus_ketC,adch_fukui_plus_carbC,adch_fukui_minus_carbC,qtaim_rho_CO_ket,qtaim_lap_CO_ket,qtaim_ell_CO_ket,qtaim_rho_CC_new,qtaim_lap_CC_new,qtaim_ell_CC_new,qtaim_rho_HB,ald_adch_CHO_C,ald_adch_CHO_O,ald_adch_fukui_plus_CHO_C,ald_adch_fukui_minus_CHO_C,ald_adch_fukui_minus_CHO_O,ald_qtaim_lap_CO,ald_qtaim_ell_CO
77730,,,,,,,,,,,0.39488,-0.13137,0.124255,0.245419,-0.402502,0.060757,,-0.288292,-0.159554,-0.018793,0.000441,0.021533,-0.004743,0.154022
95994,,0.14896,-0.300861,0.022747,-0.502487,0.41475,-0.02011,0.010547,-0.010003,0.014321,0.402593,-0.142958,0.147445,0.224987,-0.32107,0.047303,,0.105436,-0.296903,-0.049625,0.014127,0.161245,-0.073801,0.167199
1641,,0.275301,-0.361787,0.070618,-0.518943,0.364588,0.071687,-0.009435,0.030331,0.021913,0.387522,-0.23203,0.152165,0.238299,-0.376163,0.050602,0.023435,0.106795,-0.332592,0.074205,0.033811,0.143923,-0.140873,0.18202
129243,,,,,,,,,,,0.394362,-0.117206,0.146853,0.235921,-0.360942,0.049924,0.018024,0.111262,-0.311993,0.074764,0.017461,0.075204,-0.08392,0.164056
141259,,0.266143,-0.291697,-0.033188,-0.406767,0.330431,0.071289,0.009808,-0.027551,-0.014694,0.392985,-0.103784,0.156104,0.23346,-0.347529,0.05164,0.018191,0.097319,-0.327486,0.084773,0.007937,0.109999,-0.138623,0.173798
