id,error,adch_ketC,adch_ketO,adch_carbC,adch_hydO,adch_hydH,adch_fukui_plus_ketC,adch_fukui_minus_ketC,adch_fukui_plus_carbC,adch_fukui_minus_carbC,qtaim_rho_CO_ket,qtaim_lap_CO_ket,qtaim_ell_CO_ket,qtaim_rho_CC_new,qtaim_lap_CC_new,qtaim_ell_CC_new,qtaim_rho_HB,ald_adch_CHO_C,ald_adch_CHO_O,ald_adch_fukui_plus_CHO_C,ald_adch_fukui_minus_CHO_C,ald_adch_fukui_minus_CHO_O,ald_qtaim_lap_CO,ald_qtaim_ell_CO
128894,,,,,,,,,,,0.389408,-0.212112,0.138203,0.237224,-0.368925,0.048209,0.022539,0.081555,-0.338119,0.08756,0.012682,0.101824,-0.12418,0.168179
130713,,,,,,,,,,,0.389995,-0.162058,0.132559,0.237167,-0.367686,0.047499,0.022175,0.107143,-0.325479,0.108325,0.043008,0.10429,-0.080413,0.159898
155298,,,,,,,,,,,0.391792,-0.182634,0.142032,0.237116,-0.367626,0.047807,0.021354,0.102754,-0.322784,0.068757,0.027357,0.107459,-0.098584,0.168839
127798,,,,,,,,,,,0.395103,-0.145775,0.14788,0.237868,-0.370218,0.047585,0.020085,0.092967,-0.309946,0.030256,0.041342,0.118099,-0.067745,0.166452
50683,,0.195516,-0.359397,0.076641,-0.509295,0.414619,0.060415,0.047808,0.028039,0.051522,0.390241,-0.175669,0.138971,0.237198,-0.368195,0.047078,0.021658,0.104308,-0.327296,0.048078,0.034856,0.122697,-0.093228,0.164268
