id,error,adch_ketC,adch_ketO,adch_carbC,adch_hydO,adch_hydH,adch_fukui_plus_ketC,adch_fukui_minus_ketC,adch_fukui_plus_carbC,adch_fukui_minus_carbC,qtaim_rho_CO_ket,qtaim_lap_CO_ket,qtaim_ell_CO_ket,qtaim_rho_CC_new,qtaim_lap_CC_new,qtaim_ell_CC_new,qtaim_rho_HB,ald_adch_CHO_C,ald_adch_CHO_O,ald_adch_fukui_plus_CHO_C,ald_adch_fukui_minus_CHO_C,ald_adch_fukui_minus_CHO_O,ald_qtaim_lap_CO,ald_qtaim_ell_CO
14222,,,,,,,,,,,0.395342,-0.096644,0.121102,0.23409,-0.349173,0.050598,,-0.019078,-0.289203,0.1022,0.024083,0.070872,-0.063571,0.132899
120422,,,,,,,,,,,0.397439,-0.106052,0.133879,0.238178,-0.378327,0.036277,,0.073475,-0.300711,0.26083,0.202931,0.049784,-0.025556,0.142883
66575,,,,,,,,,,,0.396686,-0.106046,0.13171,0.2424,-0.391501,0.042114,,0.099219,-0.307656,0.095018,0.014578,0.072755,0.002622,0.149021
100291,,,,,,,,,,,0.391157,-0.143825,0.137338,0.247297,-0.414017,0.045522,,0.051619,-0.316859,0.0613,0.011404,0.033279,-0.065812,0.152667
87441,,0.19158,-0.348364,-0.032206,-0.500634,0.397231,0.15745,-0.001541,0.009212,0.001584,0.39577,-0.150609,0.121831,0.240084,-0.380874,0.045882,0.019192,0.09059,-0.307893,0.175517,0.017837,0.061295,-0.041222,0.159997
