id,error,adch_ketC,adch_ketO,adch_carbC,adch_hydO,adch_hydH,adch_fukui_plus_ketC,adch_fukui_minus_ketC,adch_fukui_plus_carbC,adch_fukui_minus_carbC,qtaim_rho_CO_ket,qtaim_lap_CO_ket,qtaim_ell_CO_ket,qtaim_rho_CC_new,qtaim_lap_CC_new,qtaim_ell_CC_new,qtaim_rho_HB,ald_adch_CHO_C,ald_adch_CHO_O,ald_adch_fukui_plus_CHO_C,ald_adch_fukui_minus_CHO_C,ald_adch_fukui_minus_CHO_O,ald_qtaim_lap_CO,ald_qtaim_ell_CO
24966,,0.183634,-0.314727,-0.051615,-0.506154,0.413869,0.090501,0.015217,-0.016981,0.001985,0.400734,-0.121661,0.14302,0.23854,-0.373274,0.033234,,-0.001768,-0.249733,0.048437,-0.165208,0.186124,0.000332,0.161281
179362,,0.200399,-0.342915,-0.003882,-0.503807,0.390094,0.106089,0.006148,0.003554,0.004713,0.392785,-0.143392,0.108853,0.239389,-0.372588,0.050595,,0.050577,-0.309479,0.107592,0.016692,0.117756,-0.056332,0.143373
99028,,,,,,,,,,,0.398967,-0.102841,0.150961,0.242763,-0.390138,0.052054,,0.091275,-0.289465,0.087543,0.041372,0.026045,0.009792,0.142643
52430,,,,,,,,,,,0.400133,-0.117754,0.136433,0.23878,-0.378483,0.039098,,,,,,,-0.051293,0.159436
184539,,0.187093,-0.32252,-0.011452,-0.501699,0.404929,0.247978,0.028705,0.026425,0.022162,0.398603,-0.11404,0.145998,0.23795,-0.364173,0.048783,,0.099367,-0.283155,0.265235,0.049454,0.191502,-0.001084,0.156004
