id,error,adch_ketC,adch_ketO,adch_carbC,adch_hydO,adch_hydH,adch_fukui_plus_ketC,adch_fukui_minus_ketC,adch_fukui_plus_carbC,adch_fukui_minus_carbC,qtaim_rho_CO_ket,qtaim_lap_CO_ket,qtaim_ell_CO_ket,qtaim_rho_CC_new,qtaim_lap_CC_new,qtaim_ell_CC_new,qtaim_rho_HB,ald_adch_CHO_C,ald_adch_CHO_O,ald_adch_fukui_plus_CHO_C,ald_adch_fukui_minus_CHO_C,ald_adch_fukui_minus_CHO_O,ald_qtaim_lap_CO,ald_qtaim_ell_CO
16189,,0.191971,-0.313934,0.027779,-0.506862,0.412362,0.091819,0.012434,-0.020665,-0.008168,0.398249,-0.182282,0.158411,0.234421,-0.354502,0.050233,,0.100241,-0.301451,0.094701,0.033496,0.124817,-0.095897,0.175405
83356,,,,,,,,,,,0.377466,-0.455722,0.182063,0.263389,-0.475124,0.145975,0.023553,0.09014,-0.340512,0.061455,-0.022976,0.04246,-0.134434,0.157989
195167,,0.355504,-0.391657,-0.093214,-0.397488,0.305714,,-0.000736,,-0.002971,0.401121,-0.303083,0.178528,0.241278,-0.389837,0.068731,0.018707,0.120368,-0.314731,0.081473,0.026032,0.117385,-0.022962,0.160167
142027,,,,,,,,,,,0.39329,-0.171709,0.144464,0.23793,-0.371235,0.047047,0.020866,0.084413,-0.317138,0.085855,-0.023594,0.125757,-0.087767,0.167256
41356,,,,,,,0.064533,-0.000928,0.033322,0.015701,0.390576,-0.178571,0.130629,0.23771,-0.371283,0.046925,0.02169,0.155942,-0.327919,0.029662,-0.004828,0.089429,-0.091158,0.163985
