id,error,adch_ketC,adch_ketO,adch_carbC,adch_hydO,adch_hydH,adch_fukui_plus_ketC,adch_fukui_minus_ketC,adch_fukui_plus_carbC,adch_fukui_minus_carbC,qtaim_rho_CO_ket,qtaim_lap_CO_ket,qtaim_ell_CO_ket,qtaim_rho_CC_new,qtaim_lap_CC_new,qtaim_ell_CC_new,qtaim_rho_HB,ald_adch_CHO_C,ald_adch_CHO_O,ald_adch_fukui_plus_CHO_C,ald_adch_fukui_minus_CHO_C,ald_adch_fukui_minus_CHO_O,ald_qtaim_lap_CO,ald_qtaim_ell_CO
217729,,0.231411,-0.384294,0.154953,-0.513612,0.422438,0.066411,0.10211,0.050662,0.063742,0.388891,-0.179906,0.135683,0.237966,-0.372209,0.047476,0.022456,0.104141,-0.330127,0.069505,0.036677,0.13711,-0.094475,0.164639
189392,,0.207563,-0.369834,0.004774,-0.500172,0.402444,0.083688,0.012384,0.014101,-0.008767,0.384083,-0.231876,0.133043,0.239149,-0.381004,0.052234,0.019853,0.100192,-0.326603,0.101431,0.012601,0.08071,-0.143619,0.15691
161847,,0.254042,-0.378764,0.124682,-0.511543,0.423241,0.105521,0.240257,0.066863,0.088992,0.390278,-0.168009,0.134868,0.238238,-0.373396,0.047252,0.021748,0.11628,-0.320823,0.096653,0.029367,0.160944,-0.081137,0.162033
109282,,,,,,,,,,,0.39721,-0.124326,0.14856,0.229555,-0.332703,0.04442,,0.230751,-0.41914,-0.134441,-0.044675,0.147706,-0.176338,0.151392
85403,,,,,,,,,,,0.393017,-0.144013,0.144054,0.237271,-0.369134,0.049701,0.020373,0.128775,-0.319576,0.064126,0.056203,0.134042,-0.06942,0.16192
