id,error,adch_ketC,adch_ketO,adch_carbC,adch_hydO,adch_hydH,adch_fukui_plus_ketC,adch_fukui_minus_ketC,adch_fukui_plus_carbC,adch_fukui_minus_carbC,qtaim_rho_CO_ket,qtaim_lap_CO_ket,qtaim_ell_CO_ket,qtaim_rho_CC_new,qtaim_lap_CC_new,qtaim_ell_CC_new,qtaim_rho_HB,ald_adch_CHO_C,ald_adch_CHO_O,ald_adch_fukui_plus_CHO_C,ald_adch_fukui_minus_CHO_C,ald_adch_fukui_minus_CHO_O,ald_qtaim_lap_CO,ald_qtaim_ell_CO
13635,,,,,,,,,,,0.397212,-0.170859,0.162228,0.235384,-0.356968,0.05549,,-0.029882,-0.264438,0.034737,0.035917,0.046618,-0.086477,0.173998
116704,,0.177816,-0.319546,0.035259,-0.500367,0.409696,0.057524,0.021017,-0.002738,0.004637,0.39432,-0.089235,0.159516,0.23347,-0.349004,0.050484,,0.157419,-0.334648,0.129044,0.025832,0.134115,-0.210946,0.19079
27055,,0.184054,-0.343994,-0.023989,-0.55978,0.463609,0.24827,0.010554,0.01883,0.03004,0.396725,-0.191037,0.127757,0.238651,-0.368252,0.046769,,0.087734,-0.302834,0.294998,0.080745,0.127926,-0.066158,0.148139
47777,,,,,,,,,,,0.394904,-0.093932,0.136895,0.231941,-0.341355,0.049466,,0.114051,-0.340579,-0.083536,0.018341,0.105936,-0.113174,0.166143
58878,,,,,,,,,,,0.400648,-0.058957,0.143602,0.231581,-0.340684,0.053729,,0.110879,-0.299032,0.054114,0.016991,0.058376,-0.02634,0.161683
