id,error,adch_ketC,adch_ketO,adch_carbC,adch_hydO,adch_hydH,adch_fukui_plus_ketC,adch_fukui_minus_ketC,adch_fukui_plus_carbC,adch_fukui_minus_carbC,qtaim_rho_CO_ket,qtaim_lap_CO_ket,qtaim_ell_CO_ket,qtaim_rho_CC_new,qtaim_lap_CC_new,qtaim_ell_CC_new,qtaim_rho_HB,ald_adch_CHO_C,ald_adch_CHO_O,ald_adch_fukui_plus_CHO_C,ald_adch_fukui_minus_CHO_C,ald_adch_fukui_minus_CHO_O,ald_qtaim_lap_CO,ald_qtaim_ell_CO
29187,,,,,,,,,,,0.401836,-0.194474,0.136697,0.218924,-0.293905,0.039652,,0.112197,-0.330432,-0.015157,0.013559,0.10402,-0.157248,0.155979
54108,,,,,,,,,,,0.390239,-0.243807,0.130908,0.239747,-0.383152,0.050045,0.024301,0.035668,-0.357147,0.054768,-0.031424,0.063592,-0.150835,0.159459
60084,,,,,,,,,,,0.395409,-0.101535,0.130501,0.22996,-0.329842,0.05238,0.020189,0.134663,-0.306659,0.068406,0.030789,0.063783,-0.074963,0.162496
208256,,,,,,,,,,,0.382018,-0.254436,0.151996,0.236268,-0.366288,0.049821,,-0.129784,-0.322275,0.009894,0.029219,0.094465,-0.245228,0.199423
198613,,0.207887,-0.337539,0.004159,-0.529195,0.422176,0.048428,0.032446,-0.00732,-0.006128,0.394823,-0.145395,0.122908,0.242323,-0.394856,0.049517,,0.09605,-0.318408,0.073895,0.028572,0.102539,-0.060341,0.14384
