id,error,adch_ketC,adch_ketO,adch_carbC,adch_hydO,adch_hydH,adch_fukui_plus_ketC,adch_fukui_minus_ketC,adch_fukui_plus_carbC,adch_fukui_minus_carbC,qtaim_rho_CO_ket,qtaim_lap_CO_ket,qtaim_ell_CO_ket,qtaim_rho_CC_new,qtaim_lap_CC_new,qtaim_ell_CC_new,qtaim_rho_HB,ald_adch_CHO_C,ald_adch_CHO_O,ald_adch_fukui_plus_CHO_C,ald_adch_fukui_minus_CHO_C,ald_adch_fukui_minus_CHO_O,ald_qtaim_lap_CO,ald_qtaim_ell_CO
14936,,0.182811,-0.322973,0.009459,-0.527419,0.423601,0.182391,0.017407,0.013475,0.014403,0.399045,-0.089741,0.130477,0.236974,-0.359706,0.042639,,0.082851,-0.290431,0.227054,0.015613,0.096278,-0.054413,0.155434
136049,,0.215324,-0.441859,0.079489,-0.691645,0.570615,0.062279,0.000516,0.004197,-0.009237,0.384344,-0.187568,0.145765,0.239137,-0.379463,0.052711,0.024462,0.02561,-0.305055,0.022957,-0.06389,0.149829,-0.12934,0.182484
111231,,0.164107,-0.291336,0.018163,-0.501893,0.393313,0.050165,-0.040271,-0.036609,-0.00896,0.399801,-0.062503,0.146544,0.232992,-0.346407,0.01373,,0.094066,-0.287491,0.089789,0.036013,0.134411,0.015665,0.156254
191206,,,,,,,,,,,0.395505,-0.138489,0.143771,0.233583,-0.34974,0.050213,0.018443,0.059824,-0.322494,0.144125,0.081137,0.10117,-0.070883,0.16026
203354,,,,,,,,,,,0.40151,-0.097802,0.139289,0.239834,-0.375749,0.041665,,0.064793,-0.287413,0.045578,-0.008382,0.074393,-0.041559,0.142041
