id,error,adch_ketC,adch_ketO,adch_carbC,adch_hydO,adch_hydH,adch_fukui_plus_ketC,adch_fukui_minus_ketC,adch_fukui_plus_carbC,adch_fukui_minus_carbC,qtaim_rho_CO_ket,qtaim_lap_CO_ket,qtaim_ell_CO_ket,qtaim_rho_CC_new,qtaim_lap_CC_new,qtaim_ell_CC_new,qtaim_rho_HB,ald_adch_CHO_C,ald_adch_CHO_O,ald_adch_fukui_plus_CHO_C,ald_adch_fukui_minus_CHO_C,ald_adch_fukui_minus_CHO_O,ald_qtaim_lap_CO,ald_qtaim_ell_CO
218319,,,,,,,,,,,0.397583,-0.132085,0.137412,0.238907,-0.375159,0.040892,,0.018463,-0.304066,0.0168,-0.011144,0.096151,-0.115559,0.148142
149257,,0.189551,-0.317447,-0.002255,-0.545522,0.433831,0.074334,-0.02877,0.009611,0.025671,0.400898,-0.10073,0.140999,0.233834,-0.344072,0.050207,,0.075514,-0.302508,0.092926,0.02827,0.14969,-0.104712,0.163461
136251,,,,,,,,,,,0.39346,-0.175432,0.150428,0.236836,-0.366191,0.046445,0.020542,0.088291,-0.313757,0.084689,0.074478,0.080846,-0.090294,0.172879
22821,,0.211774,-0.364076,-0.00674,-0.441977,0.343032,0.041066,-0.002878,-0.00675,-0.013533,0.394754,-0.179058,0.142124,0.231292,-0.345044,0.046495,,0.263879,-0.398964,0.13449,0.025995,0.088199,-0.088884,0.160502
181754,,0.167815,-0.357849,-0.003226,-0.506831,0.441072,0.021937,0.003824,0.004244,0.005982,0.398555,-0.26064,0.173077,0.234313,-0.349946,0.042072,0.020079,0.073982,-0.330869,0.083633,-0.000799,0.0965,-0.1497,0.164686
