id,error,adch_ketC,adch_ketO,adch_carbC,adch_hydO,adch_hydH,adch_fukui_plus_ketC,adch_fukui_minus_ketC,adch_fukui_plus_carbC,adch_fukui_minus_carbC,qtaim_rho_CO_ket,qtaim_lap_CO_ket,qtaim_ell_CO_ket,qtaim_rho_CC_new,qtaim_lap_CC_new,qtaim_ell_CC_new,qtaim_rho_HB,ald_adch_CHO_C,ald_adch_CHO_O,ald_adch_fukui_plus_CHO_C,ald_adch_fukui_minus_CHO_C,ald_adch_fukui_minus_CHO_O,ald_qtaim_lap_CO,ald_qtaim_ell_CO
163887,,0.140828,-0.332495,0.035212,-0.517694,0.443782,,,,,0.39395,-0.197402,0.153536,0.235351,-0.361621,0.051242,,0.094895,-0.31272,0.073989,0.013944,0.073191,-0.130233,0.174479
183874,,0.154772,-0.254219,-0.07832,-0.486985,0.393756,0.051817,0.029656,-0.040021,-0.039899,0.399449,-0.03506,0.149097,0.232248,-0.342726,0.053741,,0.113635,-0.286268,0.067944,0.028947,0.102955,-0.016718,0.161766
198635,,,,,,,,,,,0.38852,-0.218158,0.142631,0.235243,-0.360458,0.052285,0.029197,-0.219729,-0.236111,0.008345,-0.010985,0.102296,-0.1291,0.168334
183646,,,,,,,,,,,0.393831,-0.228224,0.134168,0.239678,-0.381918,0.050565,0.022645,-0.025958,-0.323965,0.06031,-0.03263,0.11784,-0.1234,0.160528
122592,,,,,,,-0.020503,-0.014595,-0.038,-0.039291,0.392709,-0.086705,0.130467,0.230618,-0.334193,0.053024,0.020511,0.095799,-0.333187,0.050017,-0.008442,0.087525,-0.10337,0.166385
