id,error,adch_ketC,adch_ketO,adch_carbC,adch_hydO,adch_hydH,adch_fukui_plus_ketC,adch_fukui_minus_ketC,adch_fukui_plus_carbC,adch_fukui_minus_carbC,qtaim_rho_CO_ket,qtaim_lap_CO_ket,qtaim_ell_CO_ket,qtaim_rho_CC_new,qtaim_lap_CC_new,qtaim_ell_CC_new,qtaim_rho_HB,ald_adch_CHO_C,ald_adch_CHO_O,ald_adch_fukui_plus_CHO_C,ald_adch_fukui_minus_CHO_C,ald_adch_fukui_minus_CHO_O,ald_qtaim_lap_CO,ald_qtaim_ell_CO
175874,,0.226259,-0.288424,0.054182,-0.51053,0.420885,0.032155,0.010537,-0.026072,-0.001636,0.402376,-0.052805,0.167081,0.229176,-0.336535,0.046917,,0.098961,-0.271205,0.053902,0.042777,0.162951,-0.021079,0.164572
186728,,,,,,,,,,,0.388724,-0.139896,0.121425,0.237755,-0.371653,0.052471,0.022319,0.107166,-0.335543,0.074742,0.028611,0.094893,-0.046653,0.159091
78123,,,,,,,,,,,0.396972,-0.067887,0.12852,0.231772,-0.343113,0.021923,,0.031978,-0.289726,0.097235,0.00179,0.004825,-0.065457,0.136109
42229,,0.21514,-0.266517,-0.085404,-0.466904,0.400133,-0.000805,0.007869,-0.021435,-0.009345,0.402199,-0.011366,0.157093,0.230508,-0.332896,0.053736,,0.110643,-0.277176,0.048294,0.047214,0.160297,-0.019566,0.168478
18173,,0.132768,-0.31558,0.048005,-0.524594,0.42103,0.109378,0.093879,0.019982,0.010463,0.39354,-0.193066,0.144865,0.238745,-0.377065,0.051864,,0.104022,-0.330471,0.115912,0.043061,0.157651,-0.120928,0.16419
