id,error,adch_ketC,adch_ketO,adch_carbC,adch_hydO,adch_hydH,adch_fukui_plus_ketC,adch_fukui_minus_ketC,adch_fukui_plus_carbC,adch_fukui_minus_carbC,qtaim_rho_CO_ket,qtaim_lap_CO_ket,qtaim_ell_CO_ket,qtaim_rho_CC_new,qtaim_lap_CC_new,qtaim_ell_CC_new,qtaim_rho_HB,ald_adch_CHO_C,ald_adch_CHO_O,ald_adch_fukui_plus_CHO_C,ald_adch_fukui_minus_CHO_C,ald_adch_fukui_minus_CHO_O,ald_qtaim_lap_CO,ald_qtaim_ell_CO
137347,,0.211085,-0.333681,0.093905,-0.501911,0.402593,0.071749,0.007189,0.033396,-0.005058,0.393208,-0.142999,0.143179,0.238426,-0.374721,0.050962,0.020593,0.076688,-0.3275,0.03499,-0.007783,0.115149,-0.070292,0.159182
74253,,,,,,,,,,,0.400491,-0.057372,0.149973,0.237473,-0.367246,0.05316,,0.111848,-0.310643,0.047108,0.030613,0.112959,-0.04734,0.169598
169207,,0.17664,-0.344824,0.084575,-0.530108,0.425827,0.047815,-0.021958,0.0236,0.013892,0.394961,-0.15194,0.147793,0.236702,-0.364779,0.048195,0.019505,-0.056466,-0.256543,0.017756,-0.106978,0.143645,-0.076694,0.163304
217181,,0.176449,-0.349121,0.031221,-0.523653,0.413916,0.030534,-0.029585,0.014614,0.001677,0.3924,-0.272388,0.175687,0.234645,-0.358076,0.050558,0.022314,0.07926,-0.349215,0.113322,0.021829,0.116615,-0.210787,0.203893
62983,,,,,,,,,,,0.392635,-0.161724,0.134802,0.236051,-0.36242,0.051991,0.020438,0.097638,-0.325635,-0.013966,-0.034106,0.095406,-0.089921,0.162525
