id,error,adch_ketC,adch_ketO,adch_carbC,adch_hydO,adch_hydH,adch_fukui_plus_ketC,adch_fukui_minus_ketC,adch_fukui_plus_carbC,adch_fukui_minus_carbC,qtaim_rho_CO_ket,qtaim_lap_CO_ket,qtaim_ell_CO_ket,qtaim_rho_CC_new,qtaim_lap_CC_new,qtaim_ell_CC_new,qtaim_rho_HB,ald_adch_CHO_C,ald_adch_CHO_O,ald_adch_fukui_plus_CHO_C,ald_adch_fukui_minus_CHO_C,ald_adch_fukui_minus_CHO_O,ald_qtaim_lap_CO,ald_qtaim_ell_CO
150940,,0.366591,-0.444668,0.029412,-0.477042,0.410003,0.099062,0.048491,-0.000959,0.003135,0.394832,-0.147738,0.140631,0.236571,-0.36483,0.045053,0.020613,0.155727,-0.358046,0.06871,0.030761,0.091835,-0.05396,0.161787
152301,,0.220007,-0.293024,0.017194,-0.511001,0.395561,0.062563,0.010025,0.006542,0.008647,0.402403,-0.137031,0.151299,0.23988,-0.376543,0.053898,,0.093428,-0.300953,0.091319,0.02175,0.066748,-0.010876,0.144174
41481,,,,,,,,,,,0.392933,-0.200913,0.145699,0.237193,-0.367829,0.050434,0.020911,0.152956,-0.283365,0.111331,-0.002248,0.101618,-0.120164,0.173117
24096,,0.197527,-0.302429,-0.004866,-0.503612,0.423986,0.047533,-0.002117,0.002561,-0.005049,0.400542,-0.058728,0.143831,0.235269,-0.357475,0.038472,,0.098508,-0.278911,0.053795,0.021294,0.124601,0.032209,0.165544
201825,,,,,,,,,,,0.393654,-0.102699,0.127657,0.234686,-0.359973,0.027743,,0.114894,-0.338063,0.194899,0.043702,0.082268,-0.050419,0.162396
