id,error,adch_ketC,adch_ketO,adch_carbC,adch_hydO,adch_hydH,adch_fukui_plus_ketC,adch_fukui_minus_ketC,adch_fukui_plus_carbC,adch_fukui_minus_carbC,qtaim_rho_CO_ket,qtaim_lap_CO_ket,qtaim_ell_CO_ket,qtaim_rho_CC_new,qtaim_lap_CC_new,qtaim_ell_CC_new,qtaim_rho_HB,ald_adch_CHO_C,ald_adch_CHO_O,ald_adch_fukui_plus_CHO_C,ald_adch_fukui_minus_CHO_C,ald_adch_fukui_minus_CHO_O,ald_qtaim_lap_CO,ald_qtaim_ell_CO
56359,,,,,,,,,,,0.399386,-0.08032,0.139192,0.238895,-0.36782,0.054416,,0.098818,-0.30985,0.061427,0.017571,0.017821,-0.020252,0.140391
87605,,0.181063,-0.317554,0.028014,-0.531757,0.427094,0.069419,0.007025,0.004696,0.008786,0.396785,-0.1382,0.155928,0.237376,-0.370115,0.050662,,0.056057,-0.280904,0.034275,-0.027716,0.127351,-0.072196,0.171459
91586,,,,,,,,,,,0.395809,-0.111142,0.128797,0.228232,-0.322119,0.057989,0.01908,0.058304,-0.305711,0.039546,-0.077413,0.052977,-0.080604,0.159392
95378,,0.167778,-0.318647,0.020819,-0.474249,0.381014,0.033757,-0.017652,0.037563,0.03263,0.395424,-0.162979,0.146598,0.238514,-0.373138,0.056385,0.021044,0.108647,-0.296491,0.037446,0.03489,0.110053,-0.066274,0.164439
161556,,0.287288,-0.325565,0.005605,-0.46754,0.394834,0.077655,0.044518,0.007399,-0.010358,0.397389,-0.092543,0.146782,0.236304,-0.361731,0.051774,0.01794,0.05588,-0.399132,-0.006859,0.023139,0.132548,-0.367075,0.127204
