id,error,adch_ketC,adch_ketO,adch_carbC,adch_hydO,adch_hydH,adch_fukui_plus_ketC,adch_fukui_minus_ketC,adch_fukui_plus_carbC,adch_fukui_minus_carbC,qtaim_rho_CO_ket,qtaim_lap_CO_ket,qtaim_ell_CO_ket,qtaim_rho_CC_new,qtaim_lap_CC_new,qtaim_ell_CC_new,qtaim_rho_HB,ald_adch_CHO_C,ald_adch_CHO_O,ald_adch_fukui_plus_CHO_C,ald_adch_fukui_minus_CHO_C,ald_adch_fukui_minus_CHO_O,ald_qtaim_lap_CO,ald_qtaim_ell_CO
48924,,0.19129,-0.342465,0.019784,-0.500844,0.409251,0.035685,-0.001749,0.001161,-0.020615,0.392271,-0.199427,0.15297,0.235471,-0.359315,0.049367,0.020071,0.094178,-0.323549,0.073925,0.023844,0.112401,-0.125512,0.176677
31666,,,,,,,,,,,0.400276,-0.107119,0.171525,0.22935,-0.335886,0.047002,,0.052714,-0.303318,-0.012798,0.023119,0.123846,-0.083605,0.173443
173110,,0.226492,-0.318556,0.066699,-0.569326,0.470101,0.021257,-0.003974,0.005806,0.007429,0.399069,-0.054224,0.156534,0.227724,-0.321243,0.054223,0.018763,0.15515,-0.325417,0.073052,0.040458,0.122834,-0.022246,0.1634
91481,,,,,,,,,,,0.397232,-0.074326,0.139692,0.235689,-0.35832,0.05194,,0.109208,-0.304179,0.069811,-0.019661,0.099899,-0.073421,0.168623
129498,,,,,,,,,,,0.389313,-0.213452,0.135668,0.237983,-0.372998,0.047958,0.022767,0.108677,-0.334466,0.077391,0.038136,0.083911,-0.112508,0.168824
