id,error,adch_ketC,adch_ketO,adch_carbC,adch_hydO,adch_hydH,adch_fukui_plus_ketC,adch_fukui_minus_ketC,adch_fukui_plus_carbC,adch_fukui_minus_carbC,qtaim_rho_CO_ket,qtaim_lap_CO_ket,qtaim_ell_CO_ket,qtaim_rho_CC_new,qtaim_lap_CC_new,qtaim_ell_CC_new,qtaim_rho_HB,ald_adch_CHO_C,ald_adch_CHO_O,ald_adch_fukui_plus_CHO_C,ald_adch_fukui_minus_CHO_C,ald_adch_fukui_minus_CHO_O,ald_qtaim_lap_CO,ald_qtaim_ell_CO
144310,,0.200696,-0.335768,-0.008382,-0.486297,0.390588,0.057251,0.016709,0.000293,0.021418,0.392692,-0.151252,0.153106,0.2356,-0.361928,0.038661,,0.102785,-0.313594,0.067303,0.04926,0.174953,-0.070624,0.170815
189847,,0.187697,-0.345911,-0.005351,-0.51368,0.410434,0.061718,0.010342,0.000554,0.008647,0.395694,-0.099087,0.134676,0.242424,-0.390415,0.051344,,0.095262,-0.306256,0.072676,0.018428,0.132424,0.00679,0.148339
151191,,0.19786,-0.329365,-0.015435,-0.500643,0.398505,0.251581,0.021198,0.022188,0.023455,0.396093,-0.111984,0.124536,0.24196,-0.38788,0.055052,0.019048,0.098214,-0.305827,0.260438,0.042639,0.173037,0.008683,0.14265
23238,,0.179277,-0.336581,-0.004427,-0.531124,0.430355,0.252036,0.011624,0.020015,0.008564,0.395064,-0.154829,0.129853,0.243727,-0.3927,0.057147,,0.086326,-0.316972,0.268223,0.027021,0.116805,-0.058622,0.131379
16846,,,,,,,,,,,0.398569,-0.258657,0.120443,0.237549,-0.370932,0.035672,,-0.194416,-0.198536,0.059215,0.001346,0.083924,-0.021611,0.156632
