id,error,adch_ketC,adch_ketO,adch_carbC,adch_hydO,adch_hydH,adch_fukui_plus_ketC,adch_fukui_minus_ketC,adch_fukui_plus_carbC,adch_fukui_minus_carbC,qtaim_rho_CO_ket,qtaim_lap_CO_ket,qtaim_ell_CO_ket,qtaim_rho_CC_new,qtaim_lap_CC_new,qtaim_ell_CC_new,qtaim_rho_HB,ald_adch_CHO_C,ald_adch_CHO_O,ald_adch_fukui_plus_CHO_C,ald_adch_fukui_minus_CHO_C,ald_adch_fukui_minus_CHO_O,ald_qtaim_lap_CO,ald_qtaim_ell_CO
121246,,,,,,,,,,,0.394258,-0.106521,0.128458,0.240128,-0.378738,0.047819,0.019393,0.096672,-0.297862,0.139942,0.01685,0.090843,-0.008163,0.157886
58036,,,,,,,,,,,0.400859,-0.101302,0.142552,0.237423,-0.360726,0.046109,,0.099281,-0.286535,0.138376,0.019211,0.015524,-0.025275,0.151975
115156,,,,,,,,,,,0.396952,-0.149238,0.123787,0.237647,-0.375806,0.047134,,0.099967,-0.302305,0.055261,0.014363,0.097777,-0.003412,0.14141
83523,,,,,,,,,,,0.395551,-0.108805,0.126352,0.240694,-0.381621,0.048685,0.022723,-0.017627,-0.243367,0.064257,-0.033001,0.010589,-0.067453,0.131696
13813,,,,,,,0.03449,-0.000713,0.001788,0.003549,0.396235,-0.187551,0.113031,0.240619,-0.386377,0.046021,0.020718,0.066725,-0.35471,0.010119,0.003294,0.116494,-0.198757,0.148009
