id,error,adch_ketC,adch_ketO,adch_carbC,adch_hydO,adch_hydH,adch_fukui_plus_ketC,adch_fukui_minus_ketC,adch_fukui_plus_carbC,adch_fukui_minus_carbC,qtaim_rho_CO_ket,qtaim_lap_CO_ket,qtaim_ell_CO_ket,qtaim_rho_CC_new,qtaim_lap_CC_new,qtaim_ell_CC_new,qtaim_rho_HB,ald_adch_CHO_C,ald_adch_CHO_O,ald_adch_fukui_plus_CHO_C,ald_adch_fukui_minus_CHO_C,ald_adch_fukui_minus_CHO_O,ald_qtaim_lap_CO,ald_qtaim_ell_CO
79007,,0.184541,-0.300555,-0.004966,-0.466663,0.375799,0.069274,-0.022107,-0.000695,0.014738,0.397869,-0.09983,0.135873,0.233424,-0.350032,0.051369,,0.087486,-0.315626,0.073532,0.038232,0.16227,-0.086996,0.159371
42900,,,,,,,,,,,0.393564,-0.165085,0.135711,0.237454,-0.369281,0.048769,0.019667,0.088383,-0.311706,0.09719,0.023789,0.070743,-0.072825,0.164088
104818,,,,,,,,,,,0.391483,-0.18254,0.13864,0.237419,-0.369434,0.046881,0.021807,0.102176,-0.327411,0.057335,0.018988,0.079362,-0.103333,0.165787
85685,,,,,,,,,,,0.395242,-0.139448,0.148477,0.238601,-0.375042,0.051177,0.020432,0.109372,-0.310175,0.083613,0.036072,0.123929,-0.060182,0.161554
192796,,0.123632,-0.275709,-0.00566,-0.48069,0.378477,0.03238,0.000724,-0.009718,-0.006529,0.396611,-0.057849,0.134917,0.233976,-0.349992,0.051648,0.017841,0.109316,-0.308204,0.08019,0.048034,0.157551,-0.063461,0.16308
