id,error,adch_ketC,adch_ketO,adch_carbC,adch_hydO,adch_hydH,adch_fukui_plus_ketC,adch_fukui_minus_ketC,adch_fukui_plus_carbC,adch_fukui_minus_carbC,qtaim_rho_CO_ket,qtaim_lap_CO_ket,qtaim_ell_CO_ket,qtaim_rho_CC_new,qtaim_lap_CC_new,qtaim_ell_CC_new,qtaim_rho_HB,ald_adch_CHO_C,ald_adch_CHO_O,ald_adch_fukui_plus_CHO_C,ald_adch_fukui_minus_CHO_C,ald_adch_fukui_minus_CHO_O,ald_qtaim_lap_CO,ald_qtaim_ell_CO
133820,,0.18033,-0.288426,0.004567,-0.50689,0.421584,0.099281,0.036199,0.005889,0.004535,0.402962,0.008254,0.152955,0.238288,-0.377654,0.043306,,0.111799,-0.273434,0.087683,0.029808,0.155717,0.073185,0.159172
118994,,0.128322,-0.318832,0.011185,-0.534559,0.421855,0.095784,0.024416,0.011856,0.023295,0.396592,-0.12445,0.131706,0.235564,-0.354506,0.045322,,-0.075684,-0.250147,0.148186,0.035217,0.206351,-0.034233,0.155456
205320,,,,,,,,,,,0.397714,-0.064043,0.139607,0.239288,-0.372503,0.044005,,0.101242,-0.304401,0.049446,0.006741,0.02687,-0.022494,0.147067
81273,,,,,,,,,,,0.395966,-0.150477,0.140204,0.241656,-0.384785,0.047752,0.018258,0.085143,-0.309418,0.114234,0.012349,0.082776,-0.038904,0.147766
65325,,0.195539,-0.312247,-0.031225,-0.477548,0.383613,0.252688,0.035048,0.019903,0.025672,0.397896,-0.103412,0.134235,0.241315,-0.384283,0.048845,,0.089633,-0.288807,0.257823,0.008232,0.220472,0.006435,0.153374
