id,error,adch_ketC,adch_ketO,adch_carbC,adch_hydO,adch_hydH,adch_fukui_plus_ketC,adch_fukui_minus_ketC,adch_fukui_plus_carbC,adch_fukui_minus_carbC,qtaim_rho_CO_ket,qtaim_lap_CO_ket,qtaim_ell_CO_ket,qtaim_rho_CC_new,qtaim_lap_CC_new,qtaim_ell_CC_new,qtaim_rho_HB,ald_adch_CHO_C,ald_adch_CHO_O,ald_adch_fukui_plus_CHO_C,ald_adch_fukui_minus_CHO_C,ald_adch_fukui_minus_CHO_O,ald_qtaim_lap_CO,ald_qtaim_ell_CO
4822,,,,,,,,,,,0.388228,-0.28076,0.147662,0.237248,-0.370035,0.058185,0.021014,0.065059,-0.37144,0.077423,0.10857,0.014626,-0.216965,0.167655
135358,,0.263234,-0.359382,0.021738,-0.498668,0.423541,0.103153,0.055589,0.027213,-0.015191,0.396148,-0.139894,0.149056,0.23653,-0.364055,0.047123,0.019908,0.098853,-0.30283,0.083653,0.072983,0.128515,-0.060084,0.169041
157458,,0.152256,-0.394374,0.020292,-0.583448,0.455266,,,,,0.384314,-0.231868,0.15745,0.231673,-0.34329,0.05234,0.026435,-0.023018,-0.317677,0.083862,-0.020621,0.106645,-0.140792,0.17286
189496,,0.238708,-0.367344,0.083557,-0.505054,0.421317,0.085693,0.045959,0.041835,0.010465,0.39172,-0.16029,0.140409,0.237613,-0.369876,0.04757,0.02146,0.104992,-0.317838,0.084568,0.037062,0.135394,-0.079156,0.166202
32477,,,,,,,,0.024999,,-0.026415,0.392843,-0.147366,0.139787,0.235787,-0.360932,0.050371,0.018586,0.119855,-0.317107,0.109255,0.092171,0.12314,-0.067057,0.159968
