id,error,adch_ketC,adch_ketO,adch_carbC,adch_hydO,adch_hydH,adch_fukui_plus_ketC,adch_fukui_minus_ketC,adch_fukui_plus_carbC,adch_fukui_minus_carbC,qtaim_rho_CO_ket,qtaim_lap_CO_ket,qtaim_ell_CO_ket,qtaim_rho_CC_new,qtaim_lap_CC_new,qtaim_ell_CC_new,qtaim_rho_HB,ald_adch_CHO_C,ald_adch_CHO_O,ald_adch_fukui_plus_CHO_C,ald_adch_fukui_minus_CHO_C,ald_adch_fukui_minus_CHO_O,ald_qtaim_lap_CO,ald_qtaim_ell_CO
41333,,0.207129,-0.337891,-0.006325,-0.514907,0.403762,0.052419,0.012584,-0.002013,0.003028,0.390909,-0.172083,0.14226,0.236187,-0.362259,0.048623,0.02309,0.115627,-0.313012,0.060928,0.02574,0.109069,-0.092685,0.16906
131812,,0.183112,-0.328667,0.066238,-0.506363,0.40457,0.046231,-0.003585,0.030144,0.023663,0.394861,-0.216851,0.165387,0.23397,-0.350367,0.055707,0.019838,0.093044,-0.320155,0.055178,-0.012034,0.127175,-0.142936,0.184822
168139,,0.197888,-0.289949,0.021458,-0.517037,0.436904,0.041459,0.002394,0.001567,0.006138,0.400898,-0.086057,0.147434,0.240522,-0.383404,0.048535,,0.100789,-0.263783,0.073061,0.039546,0.132978,0.001522,0.160278
98205,,0.058214,-0.247641,0.023036,-0.488966,0.403628,0.089303,-0.015799,0.006787,0.00792,0.39923,-0.05218,0.143493,0.230202,-0.332603,0.047088,,0.139859,-0.330005,0.089229,0.027979,0.096848,-0.06713,0.172048
166962,,0.238325,-0.402428,-0.070504,-0.510175,0.450864,0.069678,0.003191,-0.000371,0.000999,0.393959,-0.088451,0.129352,0.240899,-0.381063,0.0508,0.021667,0.092349,-0.307463,0.099881,0.036646,0.074783,-0.02083,0.151903
