id,error,adch_ketC,adch_ketO,adch_carbC,adch_hydO,adch_hydH,adch_fukui_plus_ketC,adch_fukui_minus_ketC,adch_fukui_plus_carbC,adch_fukui_minus_carbC,qtaim_rho_CO_ket,qtaim_lap_CO_ket,qtaim_ell_CO_ket,qtaim_rho_CC_new,qtaim_lap_CC_new,qtaim_ell_CC_new,qtaim_rho_HB,ald_adch_CHO_C,ald_adch_CHO_O,ald_adch_fukui_plus_CHO_C,ald_adch_fukui_minus_CHO_C,ald_adch_fukui_minus_CHO_O,ald_qtaim_lap_CO,ald_qtaim_ell_CO
179887,,0.050265,-0.261616,0.066402,-0.508399,0.413274,,,,,0.400673,-0.050126,0.149593,0.230487,-0.343887,0.042156,,0.209499,-0.283697,0.06585,-0.021536,0.125654,-0.035256,0.162686
20561,,,,,,,,,,,0.391242,-0.163937,0.137852,0.237205,-0.367909,0.047467,0.021695,0.222442,-0.316621,0.046123,0.01492,0.104994,-0.084878,0.16349
135550,,0.254384,-0.349255,0.042924,-0.497388,0.401754,0.09671,0.049336,0.020547,0.002947,0.394007,-0.16292,0.1449,0.236988,-0.366333,0.047943,0.020755,0.103907,-0.310523,0.078804,0.043902,0.15687,-0.080608,0.169836
37013,,0.169707,-0.351357,0.087,-0.512164,0.420716,0.091054,0.027426,0.054847,0.02665,0.393457,-0.169665,0.144761,0.237682,-0.370028,0.046961,0.020615,0.093383,-0.31974,0.083742,-0.021424,0.119391,-0.085748,0.167194
58356,,,,,,,0.084192,0.060653,-0.055231,-0.037575,0.395352,-0.135373,0.156818,0.229615,-0.330044,0.045328,,0.099061,-0.302259,0.094263,0.030151,0.112287,-0.056526,0.162332
