id,error,adch_ketC,adch_ketO,adch_carbC,adch_hydO,adch_hydH,adch_fukui_plus_ketC,adch_fukui_minus_ketC,adch_fukui_plus_carbC,adch_fukui_minus_carbC,qtaim_rho_CO_ket,qtaim_lap_CO_ket,qtaim_ell_CO_ket,qtaim_rho_CC_new,qtaim_lap_CC_new,qtaim_ell_CC_new,qtaim_rho_HB,ald_adch_CHO_C,ald_adch_CHO_O,ald_adch_fukui_plus_CHO_C,ald_adch_fukui_minus_CHO_C,ald_adch_fukui_minus_CHO_O,ald_qtaim_lap_CO,ald_qtaim_ell_CO
163123,,0.213146,-0.367269,0.048203,-0.508659,0.418148,0.102483,0.105189,0.031285,0.003132,0.393523,-0.157175,0.136251,0.237932,-0.371506,0.046815,0.020895,0.107163,-0.318327,0.081493,0.028643,0.134322,-0.075853,0.157398
146892,,0.212617,-0.331111,0.007617,-0.517457,0.407286,0.06537,0.003705,0.009098,0.010893,0.39347,-0.141316,0.135742,0.237033,-0.365732,0.04984,0.021691,0.107104,-0.320386,0.084145,0.029487,0.127924,-0.083754,0.160188
164144,,0.196091,-0.306735,0.125363,-0.47716,0.385895,0.041988,-0.009446,0.057708,0.02434,0.395495,-0.139182,0.148856,0.238062,-0.372309,0.050735,0.02057,0.107945,-0.30707,0.076217,0.043458,0.166102,-0.061068,0.16222
198064,,0.233262,-0.288527,0.001615,-0.521801,0.387437,0.029379,-0.021824,-0.003707,0.002489,0.394695,-0.189362,0.188699,0.225925,-0.30998,0.046169,,0.09325,-0.338905,0.070919,0.025694,0.129454,-0.148761,0.177632
15840,,0.241974,-0.383387,0.090458,-0.524371,0.415849,0.09487,0.033725,0.034897,0.018347,0.388896,-0.2105,0.139177,0.238985,-0.377655,0.046452,0.022482,0.101051,-0.341131,0.084258,0.022427,0.099758,-0.123865,0.167567
