id,error,adch_ketC,adch_ketO,adch_carbC,adch_hydO,adch_hydH,adch_fukui_plus_ketC,adch_fukui_minus_ketC,adch_fukui_plus_carbC,adch_fukui_minus_carbC,qtaim_rho_CO_ket,qtaim_lap_CO_ket,qtaim_ell_CO_ket,qtaim_rho_CC_new,qtaim_lap_CC_new,qtaim_ell_CC_new,qtaim_rho_HB,ald_adch_CHO_C,ald_adch_CHO_O,ald_adch_fukui_plus_CHO_C,ald_adch_fukui_minus_CHO_C,ald_adch_fukui_minus_CHO_O,ald_qtaim_lap_CO,ald_qtaim_ell_CO
110580,,,,,,,,,,,0.395063,-0.103115,0.114632,0.24039,-0.37816,0.050436,,0.093327,-0.302596,0.108089,0.006659,0.028199,-0.043137,0.158015
121371,,,,,,,,,,,0.397144,-0.103129,0.13007,0.238026,-0.369525,0.041367,,0.040104,-0.286215,0.033591,-0.043021,0.135249,-0.01538,0.15421
58135,,,,,,,,,,,0.398797,-0.098227,0.131248,0.236216,-0.354601,0.046586,,0.096894,-0.300009,0.066856,0.027496,0.115591,-0.017966,0.154959
67069,,,,,,,,,,,0.394073,-0.130094,0.121741,0.238913,-0.374843,0.043191,,0.094086,-0.308311,0.073904,0.023957,0.077411,-0.029905,0.157186
106492,,0.199059,-0.332579,-0.021201,-0.518102,0.422148,0.260797,0.041019,0.015456,0.045609,0.397906,-0.115627,0.136739,0.242319,-0.389075,0.051137,,0.094022,-0.30276,0.270026,0.055226,0.192633,-0.031418,0.158047
