id,error,adch_ketC,adch_ketO,adch_carbC,adch_hydO,adch_hydH,adch_fukui_plus_ketC,adch_fukui_minus_ketC,adch_fukui_plus_carbC,adch_fukui_minus_carbC,qtaim_rho_CO_ket,qtaim_lap_CO_ket,qtaim_ell_CO_ket,qtaim_rho_CC_new,qtaim_lap_CC_new,qtaim_ell_CC_new,qtaim_rho_HB,ald_adch_CHO_C,ald_adch_CHO_O,ald_adch_fukui_plus_CHO_C,ald_adch_fukui_minus_CHO_C,ald_adch_fukui_minus_CHO_O,ald_qtaim_lap_CO,ald_qtaim_ell_CO
155778,,0.216117,-0.354386,0.052424,-0.507691,0.426809,0.076012,0.046977,0.038457,-0.017871,0.393807,-0.174181,0.14971,0.237009,-0.366919,0.047182,0.020602,0.103229,-0.315246,0.088906,0.026465,0.10449,-0.091143,0.171915
216398,,,,,,,,,,,0.393039,-0.202991,0.184301,0.227815,-0.319419,0.048522,,0.992684,-0.637353,0.158702,0.217315,-0.015542,-0.196105,0.155814
45691,,,,,,,,,,,0.394716,-0.144864,0.138786,0.236457,-0.364007,0.047396,0.020768,-0.038293,-0.339406,0.083245,-0.014126,0.022521,-0.058767,0.161049
204525,,,,,,,,0.008309,,0.006455,0.399085,-0.160016,0.135543,0.236864,-0.367847,0.047306,0.018541,0.107379,-0.303102,0.030138,0.036762,0.127428,-0.087544,0.163169
145217,,0.127854,-0.296361,0.026746,-0.490107,0.394488,0.113947,-0.02517,0.010774,0.003422,0.396024,-0.123998,0.135379,0.233784,-0.349872,0.054319,,0.110469,-0.313608,0.093772,0.053903,0.174326,-0.090901,0.162203
