id,error,adch_ketC,adch_ketO,adch_carbC,adch_hydO,adch_hydH,adch_fukui_plus_ketC,adch_fukui_minus_ketC,adch_fukui_plus_carbC,adch_fukui_minus_carbC,qtaim_rho_CO_ket,qtaim_lap_CO_ket,qtaim_ell_CO_ket,qtaim_rho_CC_new,qtaim_lap_CC_new,qtaim_ell_CC_new,qtaim_rho_HB,ald_adch_CHO_C,ald_adch_CHO_O,ald_adch_fukui_plus_CHO_C,ald_adch_fukui_minus_CHO_C,ald_adch_fukui_minus_CHO_O,ald_qtaim_lap_CO,ald_qtaim_ell_CO
186998,,,,,,,,,,,0.38423,-0.191422,0.124492,0.241195,-0.390532,0.05059,0.021512,0.106947,-0.327367,0.102385,0.030233,0.115739,-0.116676,0.148647
73254,,,,,,,,,,,0.398722,-0.105479,0.138731,0.23876,-0.370689,0.040825,,0.013392,-0.30625,0.023773,0.01215,0.057522,-0.102965,0.124605
11073,,0.250561,-0.26971,-0.01157,-0.441076,0.365599,0.053462,0.011156,0.005736,-0.005321,0.400173,-0.042664,0.150762,0.231968,-0.341085,0.052827,,0.114852,-0.286268,0.089339,0.035848,0.138418,-0.030042,0.161753
207809,,,,,,,,,,,0.383003,-0.270166,0.144984,0.238854,-0.37954,0.050361,0.021668,0.085188,-0.403394,0.088926,0.020291,0.076867,-0.192242,0.170973
213628,,0.162062,-0.37189,0.029443,-0.528794,0.406413,0.128661,0.045403,0.018548,0.004415,0.387807,-0.20867,0.136817,0.239009,-0.379133,0.049463,0.020698,0.104006,-0.351786,0.110607,0.027959,0.124227,-0.13289,0.169496
