id,error,adch_ketC,adch_ketO,adch_carbC,adch_hydO,adch_hydH,adch_fukui_plus_ketC,adch_fukui_minus_ketC,adch_fukui_plus_carbC,adch_fukui_minus_carbC,qtaim_rho_CO_ket,qtaim_lap_CO_ket,qtaim_ell_CO_ket,qtaim_rho_CC_new,qtaim_lap_CC_new,qtaim_ell_CC_new,qtaim_rho_HB,ald_adch_CHO_C,ald_adch_CHO_O,ald_adch_fukui_plus_CHO_C,ald_adch_fukui_minus_CHO_C,ald_adch_fukui_minus_CHO_O,ald_qtaim_lap_CO,ald_qtaim_ell_CO
160522,,,,,,,,,,,0.392042,-0.162228,0.141856,0.237323,-0.368456,0.047005,0.020809,0.085568,-0.323994,0.097343,0.003131,0.112286,-0.093631,0.169148
125168,,,,,,,,,,,0.392432,-0.202639,0.138316,0.238027,-0.374071,0.049303,0.021773,0.068499,-0.338735,0.037085,0.020956,0.105435,-0.12282,0.162327
160515,,0.116882,-0.296753,0.155526,-0.513335,0.409462,0.049111,-0.05725,0.036828,0.026877,0.392975,-0.206634,0.142168,0.240322,-0.384841,0.050175,0.022158,0.061797,-0.314864,0.060468,-0.021782,0.099172,-0.082068,0.162711
175351,,0.216227,-0.308901,0.049657,-0.466133,0.420475,0.028387,0.007945,0.001886,0.006873,0.39979,-0.0738,0.149458,0.230594,-0.342462,0.050415,,0.103986,-0.272757,0.04763,-0.011411,0.134291,-0.026957,0.160292
192445,,0.20639,-0.304203,0.040356,-0.563034,0.501264,-0.004529,0.004669,0.000169,0.013539,0.395609,-0.193382,0.093649,0.21374,-0.270335,0.013675,,0.083089,-0.29157,-0.064422,0.034396,0.194799,-0.122128,0.16802
