id,error,adch_ketC,adch_ketO,adch_carbC,adch_hydO,adch_hydH,adch_fukui_plus_ketC,adch_fukui_minus_ketC,adch_fukui_plus_carbC,adch_fukui_minus_carbC,qtaim_rho_CO_ket,qtaim_lap_CO_ket,qtaim_ell_CO_ket,qtaim_rho_CC_new,qtaim_lap_CC_new,qtaim_ell_CC_new,qtaim_rho_HB,ald_adch_CHO_C,ald_adch_CHO_O,ald_adch_fukui_plus_CHO_C,ald_adch_fukui_minus_CHO_C,ald_adch_fukui_minus_CHO_O,ald_qtaim_lap_CO,ald_qtaim_ell_CO
51468,,,,,,,,,,,0.394515,-0.098465,0.12165,0.239275,-0.375168,0.048493,0.02215,0.097263,-0.307138,0.068516,0.032872,0.116124,-0.006774,0.151159
79143,,,,,,,,,,,0.399228,-0.134679,0.138152,0.241053,-0.383448,0.049542,,0.089516,-0.305552,0.059875,0.00134,0.053079,-0.036354,0.150577
8906,,0.191238,-0.335881,-0.014763,-0.511033,0.413966,0.254383,0.010369,0.022577,0.001862,0.398902,-0.160817,0.126313,0.24259,-0.393476,0.04661,,0.077643,-0.31866,0.254552,0.01671,0.128003,-0.078172,0.151411
56171,,0.192444,-0.354083,0.004029,-0.556494,0.442628,0.029382,-0.004441,-0.001314,0.00244,0.396388,-0.107057,0.12736,0.241034,-0.383389,0.047736,0.019701,0.098316,-0.29903,0.04176,0.02353,0.113837,0.005815,0.155546
165265,,0.196989,-0.351226,-0.012773,-0.521975,0.416398,0.038938,0.008075,0.011602,0.019973,0.39544,-0.117653,0.126173,0.242862,-0.392222,0.050579,,0.100246,-0.312059,0.074382,0.025575,0.126595,-0.01239,0.150424
