id,error,adch_ketC,adch_ketO,adch_carbC,adch_hydO,adch_hydH,adch_fukui_plus_ketC,adch_fukui_minus_ketC,adch_fukui_plus_carbC,adch_fukui_minus_carbC,qtaim_rho_CO_ket,qtaim_lap_CO_ket,qtaim_ell_CO_ket,qtaim_rho_CC_new,qtaim_lap_CC_new,qtaim_ell_CC_new,qtaim_rho_HB,ald_adch_CHO_C,ald_adch_CHO_O,ald_adch_fukui_plus_CHO_C,ald_adch_fukui_minus_CHO_C,ald_adch_fukui_minus_CHO_O,ald_qtaim_lap_CO,ald_qtaim_ell_CO
97750,,,,,,,,,,,0.399661,-0.122796,0.153975,0.237654,-0.372507,0.047209,,0.101063,-0.28536,0.106585,0.003063,0.03178,-0.007242,0.157637
128063,,,,,,,,,,,0.391178,-0.182927,0.153031,0.237538,-0.369633,0.045461,0.021276,0.08314,-0.32513,0.029907,0.0195,0.092851,-0.100959,0.17541
198702,,,,,,,,,,,0.396958,-0.130967,0.126302,0.241898,-0.386302,0.050563,0.019025,0.26351,-0.371316,0.181854,0.055437,0.076397,-0.043492,0.131639
3457,,,,,,,,,,,0.397654,-0.133595,0.131711,0.239894,-0.373641,0.050853,,0.091363,-0.298194,0.070005,0.015202,0.083619,-0.052128,0.145084
18359,,0.232612,-0.38987,0.054266,-0.511788,0.423019,0.107294,0.045925,0.052318,-0.009681,0.389651,-0.197163,0.139382,0.237317,-0.369089,0.047185,0.022608,0.123914,-0.334151,0.097135,0.009173,0.155063,-0.112031,0.168704
