id,error,adch_ketC,adch_ketO,adch_carbC,adch_hydO,adch_hydH,adch_fukui_plus_ketC,adch_fukui_minus_ketC,adch_fukui_plus_carbC,adch_fukui_minus_carbC,qtaim_rho_CO_ket,qtaim_lap_CO_ket,qtaim_ell_CO_ket,qtaim_rho_CC_new,qtaim_lap_CC_new,qtaim_ell_CC_new,qtaim_rho_HB,ald_adch_CHO_C,ald_adch_CHO_O,ald_adch_fukui_plus_CHO_C,ald_adch_fukui_minus_CHO_C,ald_adch_fukui_minus_CHO_O,ald_qtaim_lap_CO,ald_qtaim_ell_CO
142096,,0.23222,-0.363362,0.078741,-0.507435,0.429358,0.100106,0.077778,0.039561,-0.035839,0.392445,-0.1774,0.146531,0.237281,-0.36804,0.047452,0.021255,0.102622,-0.314813,0.086359,0.030833,0.119645,-0.084549,0.171236
155434,,0.189279,-0.33319,0.083842,-0.481206,0.379479,0.084269,-0.025361,0.03987,0.015005,0.393722,-0.200223,0.135856,0.240409,-0.385415,0.051154,0.021328,0.103954,-0.316731,0.079616,0.032004,0.138536,-0.098232,0.162441
137987,,0.236924,-0.345426,-0.024695,-0.481153,0.430537,0.068914,0.040117,-0.025621,-0.02751,0.397294,-0.079999,0.152127,0.231591,-0.334604,0.057463,,0.098254,-0.318021,0.07603,0.019419,0.071287,-0.144347,0.160386
136208,,0.189283,-0.357563,0.067314,-0.512822,0.418847,0.096957,0.146325,0.043868,-0.010987,0.390673,-0.188135,0.144972,0.237806,-0.371379,0.047382,0.021383,0.101656,-0.32613,0.090407,0.029446,0.115401,-0.10237,0.170582
26120,,0.30798,-0.40488,-0.028271,-0.520051,0.42046,-0.020561,-0.093211,0.023839,0.04186,0.405638,-0.296459,0.192506,0.241908,-0.396243,0.071206,,-0.0132,-0.245059,0.105875,0.042193,0.1551,-0.09657,0.157262
