id,error,adch_ketC,adch_ketO,adch_carbC,adch_hydO,adch_hydH,adch_fukui_plus_ketC,adch_fukui_minus_ketC,adch_fukui_plus_carbC,adch_fukui_minus_carbC,qtaim_rho_CO_ket,qtaim_lap_CO_ket,qtaim_ell_CO_ket,qtaim_rho_CC_new,qtaim_lap_CC_new,qtaim_ell_CC_new,qtaim_rho_HB,ald_adch_CHO_C,ald_adch_CHO_O,ald_adch_fukui_plus_CHO_C,ald_adch_fukui_minus_CHO_C,ald_adch_fukui_minus_CHO_O,ald_qtaim_lap_CO,ald_qtaim_ell_CO
12981,,,,,,,,,,,0.399748,-0.093293,0.133762,0.238391,-0.367681,0.048348,,0.094872,-0.296809,0.03044,0.020102,0.061382,0.002527,0.157774
116402,,,,,,,,,,,0.399105,-0.135109,0.122023,0.240829,-0.384475,0.043964,,0.022174,-0.274438,0.084835,-0.091543,0.128723,-0.024726,0.141707
117419,,0.182208,-0.352214,-0.02567,-0.488704,0.37406,0.256704,-0.006126,0.019181,0.007789,0.391939,-0.233166,0.116815,0.241911,-0.388524,0.052129,,0.0858,-0.316592,0.267065,0.028522,0.129552,-0.061952,0.128691
72318,,0.194207,-0.31876,-0.020728,-0.472246,0.392473,,,,,0.396818,-0.0869,0.127639,0.239691,-0.378597,0.04199,,0.054791,-0.262233,0.063721,0.005318,0.104994,0.008101,0.139788
46606,,,,,,,0.036606,0.011504,0.002458,0.007117,0.39659,-0.0986,0.124485,0.237351,-0.366599,0.035702,,0.024655,-0.321188,0.007291,0.022805,0.106326,-0.149387,0.13796
