id,error,adch_ketC,adch_ketO,adch_carbC,adch_hydO,adch_hydH,adch_fukui_plus_ketC,adch_fukui_minus_ketC,adch_fukui_plus_carbC,adch_fukui_minus_carbC,qtaim_rho_CO_ket,qtaim_lap_CO_ket,qtaim_ell_CO_ket,qtaim_rho_CC_new,qtaim_lap_CC_new,qtaim_ell_CC_new,qtaim_rho_HB,ald_adch_CHO_C,ald_adch_CHO_O,ald_adch_fukui_plus_CHO_C,ald_adch_fukui_minus_CHO_C,ald_adch_fukui_minus_CHO_O,ald_qtaim_lap_CO,ald_qtaim_ell_CO
109391,,0.201214,-0.3332,-0.057701,-0.450512,0.362366,0.209405,0.00593,0.013508,0.012382,0.39625,-0.149375,0.13004,0.247588,-0.414865,0.060051,,0.083075,-0.299212,0.225001,0.034444,0.147561,-0.024571,0.143292
109945,,0.199248,-0.337414,-0.007619,-0.519929,0.415365,0.082099,0.010233,0.004932,0.011047,0.395742,-0.11809,0.129468,0.23988,-0.380434,0.040433,,0.104616,-0.311311,0.103591,0.029593,0.132275,-0.023697,0.150467
44229,,,,,,,,,,,0.39863,-0.15335,0.127541,0.24122,-0.395397,0.03277,,0.00085,-0.462001,0.010941,0.023587,0.121755,-0.511745,0.099479
99928,,,,,,,,,,,0.400609,-0.045871,0.169915,0.229689,-0.325155,0.042331,,0.068445,-0.33463,0.086225,-0.06421,0.061956,-0.122664,0.155733
97521,,,,,,,,,,,0.397374,-0.091963,0.134064,0.233761,-0.342176,0.047752,,0.098529,-0.305373,0.079479,6.4e-05,0.046789,-0.006197,0.151771
