id,error,adch_ketC,adch_ketO,adch_carbC,adch_hydO,adch_hydH,adch_fukui_plus_ketC,adch_fukui_minus_ketC,adch_fukui_plus_carbC,adch_fukui_minus_carbC,qtaim_rho_CO_ket,qtaim_lap_CO_ket,qtaim_ell_CO_ket,qtaim_rho_CC_new,qtaim_lap_CC_new,qtaim_ell_CC_new,qtaim_rho_HB,ald_adch_CHO_C,ald_adch_CHO_O,ald_adch_fukui_plus_CHO_C,ald_adch_fukui_minus_CHO_C,ald_adch_fukui_minus_CHO_O,ald_qtaim_lap_CO,ald_qtaim_ell_CO
197489,,,,,,,,,,,0.393273,-0.163473,0.143048,0.239308,-0.378802,0.051353,0.021588,0.116518,-0.327158,0.084268,0.045429,0.107533,-0.079675,0.15782
49632,,,,,,,,,,,0.393994,-0.139233,0.105433,0.243989,-0.401198,0.0427,,0.04499,-0.301124,-0.081952,-0.036582,0.094033,-0.073967,0.153018
26446,,0.183467,-0.329838,-0.005295,-0.525682,0.423372,0.119577,0.015365,0.009832,0.008088,0.397548,-0.144146,0.135246,0.245004,-0.402148,0.056387,,0.092243,-0.30615,0.147217,0.014201,0.095649,-0.048135,0.144307
48201,,0.189616,-0.326595,-0.011618,-0.515905,0.411013,0.071013,0.012205,0.003209,0.004089,0.398229,-0.10307,0.135304,0.240423,-0.380836,0.045588,,-0.340806,-0.149858,-0.417073,-0.564363,0.301819,-0.004172,0.15333
76234,,0.215621,-0.328792,-0.002437,-0.502359,0.40955,0.082944,0.009001,0.001629,0.006865,0.395313,-0.095752,0.128774,0.235987,-0.365985,0.02502,,0.056496,-0.305919,0.094688,0.034688,0.084048,-0.036797,0.140947
