id,error,adch_ketC,adch_ketO,adch_carbC,adch_hydO,adch_hydH,adch_fukui_plus_ketC,adch_fukui_minus_ketC,adch_fukui_plus_carbC,adch_fukui_minus_carbC,qtaim_rho_CO_ket,qtaim_lap_CO_ket,qtaim_ell_CO_ket,qtaim_rho_CC_new,qtaim_lap_CC_new,qtaim_ell_CC_new,qtaim_rho_HB,ald_adch_CHO_C,ald_adch_CHO_O,ald_adch_fukui_plus_CHO_C,ald_adch_fukui_minus_CHO_C,ald_adch_fukui_minus_CHO_O,ald_qtaim_lap_CO,ald_qtaim_ell_CO
31021,,,,,,,,,,,0.401697,-0.078447,0.150783,0.237551,-0.371691,0.04394,,-0.162506,-0.202009,0.063812,0.011185,0.085829,0.009596,0.152842
146828,,0.216531,-0.324444,-0.00139,-0.498049,0.400678,0.089033,0.019333,0.003797,0.022542,0.396381,-0.100758,0.127435,0.242067,-0.389816,0.048475,,-0.144681,-0.213186,0.111721,0.077708,0.147365,0.002807,0.146848
74548,,,,,,,,,,,0.392553,-0.149665,0.135244,0.24643,-0.405234,0.055179,,0.186299,-0.346162,0.132548,0.068905,0.023478,-0.025648,0.13079
80846,,,,,,,,,,,0.399701,-0.112486,0.150511,0.238713,-0.370903,0.051061,,0.081926,-0.295163,0.065483,0.002633,0.037289,-0.017279,0.157633
64153,,,,,,,0.033413,0.008662,-0.000519,0.008372,0.397738,-0.087201,0.119663,0.234237,-0.349309,0.028311,,0.058311,-0.300184,0.071428,-0.004897,0.057964,-0.034002,0.129238
