id,error,adch_ketC,adch_ketO,adch_carbC,adch_hydO,adch_hydH,adch_fukui_plus_ketC,adch_fukui_minus_ketC,adch_fukui_plus_carbC,adch_fukui_minus_carbC,qtaim_rho_CO_ket,qtaim_lap_CO_ket,qtaim_ell_CO_ket,qtaim_rho_CC_new,qtaim_lap_CC_new,qtaim_ell_CC_new,qtaim_rho_HB,ald_adch_CHO_C,ald_adch_CHO_O,ald_adch_fukui_plus_CHO_C,ald_adch_fukui_minus_CHO_C,ald_adch_fukui_minus_CHO_O,ald_qtaim_lap_CO,ald_qtaim_ell_CO
14866,,,,,,,,,,,0.394519,-0.123441,0.132316,0.236375,-0.363445,0.051773,,0.074431,-0.326118,0.065925,0.039733,0.071779,-0.147731,0.160201
180416,,0.194358,-0.27891,0.01838,-0.488584,0.423794,0.039568,0.012853,-0.026278,-0.032957,0.402806,-0.047865,0.158086,0.227369,-0.313706,0.051274,,0.11589,-0.264163,0.084041,0.035235,0.14767,-0.021382,0.156798
171818,,0.212977,-0.320626,-0.003706,-0.493959,0.402288,0.029457,0.005882,-0.018891,-0.004976,0.39739,-0.144605,0.139116,0.237878,-0.371117,0.056207,,0.10114,-0.298944,0.064768,0.043488,0.152658,-0.050405,0.152142
677,,0.207662,-0.297952,0.011298,-0.50699,0.418732,-0.001256,0.031325,-0.014,0.009496,0.402084,-0.100061,0.151991,0.224043,-0.314947,0.053005,,0.019753,-0.266377,-0.048611,-0.01821,0.212689,-0.053345,0.173709
86845,,,,,,,,,,,0.391631,-0.166978,0.139531,0.238242,-0.373195,0.047076,0.020803,0.094295,-0.329263,0.036755,0.020305,0.068992,-0.088547,0.164462
