id,error,adch_ketC,adch_ketO,adch_carbC,adch_hydO,adch_hydH,adch_fukui_plus_ketC,adch_fukui_minus_ketC,adch_fukui_plus_carbC,adch_fukui_minus_carbC,qtaim_rho_CO_ket,qtaim_lap_CO_ket,qtaim_ell_CO_ket,qtaim_rho_CC_new,qtaim_lap_CC_new,qtaim_ell_CC_new,qtaim_rho_HB,ald_adch_CHO_C,ald_adch_CHO_O,ald_adch_fukui_plus_CHO_C,ald_adch_fukui_minus_CHO_C,ald_adch_fukui_minus_CHO_O,ald_qtaim_lap_CO,ald_qtaim_ell_CO
77992,,,,,,,,,,,0.395182,-0.119199,0.125403,0.242492,-0.388776,0.051054,0.018872,0.097202,-0.308302,0.113259,0.034313,0.117367,-0.012147,0.150992
104237,,,,,,,,,,,0.400614,-0.109314,0.141717,0.239779,-0.383891,0.046903,,-0.179908,-0.2111,-0.061692,-0.059655,0.08676,-0.043507,0.149735
45982,,,,,,,,,,,0.395443,-0.120424,0.131637,0.241781,-0.387063,0.045489,,0.093201,-0.313006,0.075042,0.021781,0.096827,-0.023226,0.151734
61217,,,,,,,,,,,0.398931,-0.147134,0.132923,0.243408,-0.396202,0.045862,,-0.004104,-0.26431,-0.045764,0.009749,0.128415,-0.056055,0.147731
144364,,0.176658,-0.3216,-0.031569,-0.498827,0.384767,0.052409,0.013089,-0.000953,0.004206,0.39996,-0.090448,0.139409,0.236996,-0.360601,0.044514,,0.082515,-0.287205,0.085002,0.018277,0.073127,-0.013895,0.163222
