id,error,adch_ketC,adch_ketO,adch_carbC,adch_hydO,adch_hydH,adch_fukui_plus_ketC,adch_fukui_minus_ketC,adch_fukui_plus_carbC,adch_fukui_minus_carbC,qtaim_rho_CO_ket,qtaim_lap_CO_ket,qtaim_ell_CO_ket,qtaim_rho_CC_new,qtaim_lap_CC_new,qtaim_ell_CC_new,qtaim_rho_HB,ald_adch_CHO_C,ald_adch_CHO_O,ald_adch_fukui_plus_CHO_C,ald_adch_fukui_minus_CHO_C,ald_adch_fukui_minus_CHO_O,ald_qtaim_lap_CO,ald_qtaim_ell_CO
205071,,0.143815,-0.387093,0.089554,-0.516973,0.404279,0.11427,0.074408,0.068038,0.042896,0.383641,-0.250358,0.140567,0.236027,-0.364182,0.048013,0.02495,0.057631,-0.370682,0.095967,0.050826,0.1358,-0.171628,0.176137
139799,,,,,,,,,,,0.387096,-0.230174,0.147227,0.235116,-0.359233,0.046338,0.023215,0.094042,-0.344798,0.097437,0.016233,0.09971,-0.140717,0.174347
33041,,,,,,,,,,,0.391405,-0.164129,0.136179,0.237791,-0.37096,0.047568,0.021492,0.087987,-0.32325,0.051239,0.026309,0.095218,-0.080672,0.163536
18159,,0.214913,-0.364934,0.089484,-0.508094,0.418291,0.070926,0.065536,0.046172,0.007562,0.391157,-0.173315,0.142217,0.238005,-0.371711,0.048505,0.02117,0.102503,-0.322107,0.076075,0.029301,0.115375,-0.082541,0.168664
108817,,0.211003,-0.333187,0.013211,-0.500475,0.398881,0.043548,0.006882,0.009694,0.007611,0.389497,-0.144966,0.132791,0.240495,-0.384876,0.052015,0.020563,0.074047,-0.369385,0.069591,-0.074659,0.143154,-0.058591,0.162262
