id,error,adch_ketC,adch_ketO,adch_carbC,adch_hydO,adch_hydH,adch_fukui_plus_ketC,adch_fukui_minus_ketC,adch_fukui_plus_carbC,adch_fukui_minus_carbC,qtaim_rho_CO_ket,qtaim_lap_CO_ket,qtaim_ell_CO_ket,qtaim_rho_CC_new,qtaim_lap_CC_new,qtaim_ell_CC_new,qtaim_rho_HB,ald_adch_CHO_C,ald_adch_CHO_O,ald_adch_fukui_plus_CHO_C,ald_adch_fukui_minus_CHO_C,ald_adch_fukui_minus_CHO_O,ald_qtaim_lap_CO,ald_qtaim_ell_CO
218834,,0.164559,-0.319979,-7.5e-05,-0.523873,0.41467,-0.009696,-0.000755,0.004351,0.002763,0.398024,-0.09525,0.136037,0.235272,-0.350805,0.051656,,0.099661,-0.299985,0.061915,0.01736,0.077501,-0.021295,0.156972
12359,,0.169755,-0.305172,0.022105,-0.500428,0.420676,0.107371,0.103001,-0.157328,-0.240292,0.396798,-0.155265,0.147181,0.233454,-0.348666,0.046808,,0.098728,-0.312594,0.096518,0.03963,0.145663,-0.079458,0.155427
11563,,0.194156,-0.368826,0.010392,-0.530666,0.420443,0.028411,-0.007082,0.006666,-0.009841,0.388817,-0.197481,0.140316,0.239029,-0.379557,0.049174,0.020496,0.203214,-0.412847,0.176793,0.100568,0.11067,-0.128751,0.168181
213061,,0.457569,-0.430155,-0.122954,-0.44291,0.402249,0.13015,0.058193,-0.055869,-0.086674,0.394755,-0.090215,0.139901,0.236991,-0.36544,0.051895,0.018591,0.111408,-0.305621,0.101295,0.01884,0.104557,-0.059717,0.157573
140797,,0.233806,-0.35575,0.034744,-0.503974,0.42283,0.070051,0.045715,0.014691,-0.00485,0.393084,-0.153779,0.142471,0.237865,-0.371072,0.046654,0.020816,0.066661,-0.31698,0.055519,0.044368,0.126628,-0.068445,0.16584
