id,error,adch_ketC,adch_ketO,adch_carbC,adch_hydO,adch_hydH,adch_fukui_plus_ketC,adch_fukui_minus_ketC,adch_fukui_plus_carbC,adch_fukui_minus_carbC,qtaim_rho_CO_ket,qtaim_lap_CO_ket,qtaim_ell_CO_ket,qtaim_rho_CC_new,qtaim_lap_CC_new,qtaim_ell_CC_new,qtaim_rho_HB,ald_adch_CHO_C,ald_adch_CHO_O,ald_adch_fukui_plus_CHO_C,ald_adch_fukui_minus_CHO_C,ald_adch_fukui_minus_CHO_O,ald_qtaim_lap_CO,ald_qtaim_ell_CO
58821,,,,,,,,,,,0.398054,-0.13546,0.13456,0.243085,-0.394179,0.044813,0.019546,-0.043615,-0.256635,0.003309,-0.164729,0.1226,-0.024309,0.148164
30183,,,,,,,,,,,0.394329,-0.106273,0.127472,0.242296,-0.388979,0.049782,0.019009,0.100393,-0.313045,0.055409,0.007096,0.063668,-0.015082,0.151036
29696,,0.335058,-0.384602,-0.028462,-0.536348,0.416509,-0.076517,-0.080593,0.016006,0.023841,0.395759,-0.114702,0.134768,0.239085,-0.376489,0.050318,0.022373,0.091517,-0.306261,0.057698,0.036239,0.114556,-0.026314,0.15413
115281,,0.179188,-0.320955,-0.032611,-0.501556,0.405961,0.081695,0.008656,-0.030223,-0.00847,0.400678,-0.114901,0.143436,0.235848,-0.35211,0.050205,,0.100272,-0.287282,0.036169,-0.203976,0.196324,-0.007373,0.159662
78453,,,,,,,,,,,0.393429,-0.152745,0.127885,0.242214,-0.386922,0.046151,0.018273,0.086284,-0.30831,0.091662,0.007075,0.072495,-0.035067,0.148601
