id,error,adch_ketC,adch_ketO,adch_carbC,adch_hydO,adch_hydH,adch_fukui_plus_ketC,adch_fukui_minus_ketC,adch_fukui_plus_carbC,adch_fukui_minus_carbC,qtaim_rho_CO_ket,qtaim_lap_CO_ket,qtaim_ell_CO_ket,qtaim_rho_CC_new,qtaim_lap_CC_new,qtaim_ell_CC_new,qtaim_rho_HB,ald_adch_CHO_C,ald_adch_CHO_O,ald_adch_fukui_plus_CHO_C,ald_adch_fukui_minus_CHO_C,ald_adch_fukui_minus_CHO_O,ald_qtaim_lap_CO,ald_qtaim_ell_CO
102460,,0.102896,-0.287998,0.008901,-0.51227,0.416024,0.107928,0.079949,-0.018339,-0.012426,0.398426,-0.080901,0.141192,0.244633,-0.407489,0.04021,,0.120658,-0.305721,0.061974,-0.006132,0.122969,0.011285,0.140173
99462,,,,,,,,,,,0.399875,-0.121106,0.151417,0.242122,-0.393293,0.049559,,-0.396909,-0.112461,-0.029383,0.03516,0.053985,-0.004876,0.151084
41395,,,,,,,,,,,0.40099,-0.105376,0.137619,0.233408,-0.342597,0.038375,,0.051686,-0.28736,0.039465,-0.156314,0.102067,-0.045644,0.152017
149003,,,,,,,,,,,0.399351,-0.094778,0.134151,0.239401,-0.376039,0.044069,,0.389252,-0.411449,0.189035,0.135017,0.021846,-0.009392,0.158996
82842,,0.18232,-0.332517,-0.006893,-0.521256,0.413967,0.064292,0.015795,-0.000473,0.018484,0.397259,-0.100293,0.136789,0.241614,-0.386633,0.044684,,0.097808,-0.297368,0.081619,0.036819,0.162285,0.00429,0.156732
