id,error,adch_ketC,adch_ketO,adch_carbC,adch_hydO,adch_hydH,adch_fukui_plus_ketC,adch_fukui_minus_ketC,adch_fukui_plus_carbC,adch_fukui_minus_carbC,qtaim_rho_CO_ket,qtaim_lap_CO_ket,qtaim_ell_CO_ket,qtaim_rho_CC_new,qtaim_lap_CC_new,qtaim_ell_CC_new,qtaim_rho_HB,ald_adch_CHO_C,ald_adch_CHO_O,ald_adch_fukui_plus_CHO_C,ald_adch_fukui_minus_CHO_C,ald_adch_fukui_minus_CHO_O,ald_qtaim_lap_CO,ald_qtaim_ell_CO
172900,,0.210203,-0.271151,0.03673,-0.509895,0.4188,3e-06,0.014183,-0.009945,-0.000576,0.403448,-0.007968,0.17368,0.227991,-0.330098,0.042123,,0.118631,-0.254574,0.061722,0.044417,0.158748,0.015608,0.183358
170598,,0.214561,-0.3231,-0.0027,-0.510256,0.402524,0.066345,0.005842,0.011149,0.010159,0.392536,-0.128648,0.134661,0.228163,-0.327145,0.026907,,0.110692,-0.341185,0.072565,-0.010175,0.120919,-0.157218,0.160008
204550,,,,,,,,,,,0.388968,-0.199715,0.144837,0.234352,-0.353841,0.051544,0.022901,-0.229334,-0.245457,0.031763,-0.046646,0.112672,-0.179715,0.182378
76315,,,,,,,,,,,0.389198,-0.175044,0.133262,0.23825,-0.37348,0.047657,0.022585,0.105196,-0.331038,0.054858,0.019435,0.079876,-0.092632,0.162701
180287,,0.183366,-0.300916,-0.001745,-0.499441,0.42333,0.09854,0.068127,-0.007465,-0.007456,0.399581,-0.080129,0.150437,0.231664,-0.349192,0.051038,,0.264297,-0.334428,0.093376,0.023942,0.154794,-0.000152,0.161459
