id,error,adch_ketC,adch_ketO,adch_carbC,adch_hydO,adch_hydH,adch_fukui_plus_ketC,adch_fukui_minus_ketC,adch_fukui_plus_carbC,adch_fukui_minus_carbC,qtaim_rho_CO_ket,qtaim_lap_CO_ket,qtaim_ell_CO_ket,qtaim_rho_CC_new,qtaim_lap_CC_new,qtaim_ell_CC_new,qtaim_rho_HB,ald_adch_CHO_C,ald_adch_CHO_O,ald_adch_fukui_plus_CHO_C,ald_adch_fukui_minus_CHO_C,ald_adch_fukui_minus_CHO_O,ald_qtaim_lap_CO,ald_qtaim_ell_CO
20904,,,,,,,,,,,0.385337,-0.286407,0.128216,0.240163,-0.386229,0.05128,0.028043,0.102165,-0.377131,0.022128,0.011973,0.132229,-0.155688,0.159765
126768,,,,,,,,,,,0.393981,-0.135717,0.136506,0.229918,-0.332315,0.050042,,-0.125809,-0.268325,0.046974,0.057391,0.04249,-0.153691,0.184446
36940,,,,,,,,,,,0.39453,-0.175171,0.140518,0.238262,-0.37474,0.048826,0.021867,0.10483,-0.317392,0.068502,0.024998,0.114022,-0.097107,0.162482
19010,,,,,,,,,,,0.397848,-0.38935,0.105074,0.232184,-0.345303,0.040117,,0.056327,-0.373165,-0.002223,0.006115,0.062037,-0.315402,0.114998
39259,,0.053081,-0.308314,0.037754,-0.513243,0.444775,0.046579,-0.059883,0.006402,0.007052,0.396867,-0.08398,0.141271,0.235182,-0.353129,0.063816,0.018782,0.074489,-0.292213,0.111752,0.004406,0.1348,-0.071789,0.159311
