id,error,adch_ketC,adch_ketO,adch_carbC,adch_hydO,adch_hydH,adch_fukui_plus_ketC,adch_fukui_minus_ketC,adch_fukui_plus_carbC,adch_fukui_minus_carbC,qtaim_rho_CO_ket,qtaim_lap_CO_ket,qtaim_ell_CO_ket,qtaim_rho_CC_new,qtaim_lap_CC_new,qtaim_ell_CC_new,qtaim_rho_HB,ald_adch_CHO_C,ald_adch_CHO_O,ald_adch_fukui_plus_CHO_C,ald_adch_fukui_minus_CHO_C,ald_adch_fukui_minus_CHO_O,ald_qtaim_lap_CO,ald_qtaim_ell_CO
111814,,,,,,,,,,,0.400554,-0.164791,0.1301,0.239565,-0.375931,0.037591,,-0.21282,-0.188659,0.067934,-0.01449,0.101247,-0.040188,0.151277
72873,,0.177563,-0.28255,0.009812,-0.465558,0.418434,0.100465,0.009948,0.009542,0.004634,0.403748,-0.06795,0.164235,0.241264,-0.390957,0.051009,,-0.025979,-0.306268,0.015144,-0.033356,0.121684,-0.195339,0.179782
52626,,,,,,,,,,,0.392357,-0.145822,0.121604,0.242448,-0.388435,0.047517,0.02092,0.094266,-0.309035,0.069119,0.017374,0.072791,-0.026784,0.146657
92843,,0.146543,-0.264019,0.07486,-0.524781,0.392892,0.014354,-0.045398,0.015013,0.0223,0.398637,-0.074657,0.137929,0.234635,-0.352716,0.056816,,0.107167,-0.303116,0.075892,-0.010144,0.128323,-0.087749,0.162121
199948,,,,,,,0.035909,0.054372,0.000703,-0.013309,0.390043,-0.2289,0.150947,0.239506,-0.380377,0.051535,0.021183,0.17759,-0.367331,0.107831,0.02473,0.118204,-0.141607,0.175526
