id,error,adch_ketC,adch_ketO,adch_carbC,adch_hydO,adch_hydH,adch_fukui_plus_ketC,adch_fukui_minus_ketC,adch_fukui_plus_carbC,adch_fukui_minus_carbC,qtaim_rho_CO_ket,qtaim_lap_CO_ket,qtaim_ell_CO_ket,qtaim_rho_CC_new,qtaim_lap_CC_new,qtaim_ell_CC_new,qtaim_rho_HB,ald_adch_CHO_C,ald_adch_CHO_O,ald_adch_fukui_plus_CHO_C,ald_adch_fukui_minus_CHO_C,ald_adch_fukui_minus_CHO_O,ald_qtaim_lap_CO,ald_qtaim_ell_CO
124094,,0.190533,-0.333328,-0.015622,-0.520333,0.410035,0.077515,0.017138,0.004055,0.012133,0.395933,-0.10977,0.131362,0.239124,-0.374284,0.046475,0.018459,0.092967,-0.31403,0.110857,0.032203,0.134226,-0.021777,0.151522
82750,,,,,,,,,,,0.396412,-0.107745,0.121452,0.234797,-0.351193,0.043705,,0.100966,-0.318664,0.028314,0.006459,0.076767,-0.032356,0.12544
185972,,,,,,,,,,,0.396415,-0.117036,0.121989,0.238482,-0.36811,0.051774,,0.098573,-0.306161,0.098198,0.017184,0.096282,-0.021567,0.151683
72319,,,,,,,,,,,0.396175,-0.117826,0.130435,0.242016,-0.386785,0.049196,,0.096694,-0.304216,0.08464,0.022399,0.099871,-0.006126,0.153173
151647,,0.192676,-0.338297,-0.01898,-0.50207,0.40599,0.08905,0.012385,0.00807,0.011825,0.395658,-0.109144,0.125045,0.242412,-0.38834,0.050036,,0.098927,-0.306298,0.115339,0.032541,0.133159,-0.000462,0.149248
