id,error,adch_ketC,adch_ketO,adch_carbC,adch_hydO,adch_hydH,adch_fukui_plus_ketC,adch_fukui_minus_ketC,adch_fukui_plus_carbC,adch_fukui_minus_carbC,qtaim_rho_CO_ket,qtaim_lap_CO_ket,qtaim_ell_CO_ket,qtaim_rho_CC_new,qtaim_lap_CC_new,qtaim_ell_CC_new,qtaim_rho_HB,ald_adch_CHO_C,ald_adch_CHO_O,ald_adch_fukui_plus_CHO_C,ald_adch_fukui_minus_CHO_C,ald_adch_fukui_minus_CHO_O,ald_qtaim_lap_CO,ald_qtaim_ell_CO
165570,,0.190018,-0.337623,-0.014921,-0.512191,0.408176,0.067963,0.014616,0.004256,0.008599,0.396823,-0.111723,0.126605,0.240631,-0.381818,0.047167,,0.098988,-0.309426,0.095451,0.029465,0.127378,-0.011273,0.151366
54033,,,,,,,,,,,0.395995,-0.12539,0.129447,0.237668,-0.362773,0.04999,,0.095648,-0.319352,0.041675,0.007193,0.05575,-0.020634,0.147853
105183,,0.187013,-0.343566,-0.017631,-0.479828,0.358552,0.022359,0.034715,-0.002064,0.014776,0.397748,-0.100541,0.128605,0.237377,-0.362724,0.043797,,-0.177559,-0.187414,0.068269,-0.018406,0.09616,-0.021,0.139929
86026,,0.166128,-0.244549,-0.014408,-0.500323,0.437087,0.258116,0.062446,0.023843,0.051107,0.409121,-0.070812,0.176851,0.240984,-0.378874,0.050556,,0.083134,-0.224071,0.271749,0.112388,0.298544,0.047951,0.174471
151002,,,,,,,,,,,0.392938,-0.128776,0.129952,0.239519,-0.375785,0.041358,,-0.067841,-0.24997,0.154896,0.00603,0.0917,-0.01905,0.141164
