id,error,adch_ketC,adch_ketO,adch_carbC,adch_hydO,adch_hydH,adch_fukui_plus_ketC,adch_fukui_minus_ketC,adch_fukui_plus_carbC,adch_fukui_minus_carbC,qtaim_rho_CO_ket,qtaim_lap_CO_ket,qtaim_ell_CO_ket,qtaim_rho_CC_new,qtaim_lap_CC_new,qtaim_ell_CC_new,qtaim_rho_HB,ald_adch_CHO_C,ald_adch_CHO_O,ald_adch_fukui_plus_CHO_C,ald_adch_fukui_minus_CHO_C,ald_adch_fukui_minus_CHO_O,ald_qtaim_lap_CO,ald_qtaim_ell_CO
106635,,,,,,,,,,,0.395938,-0.087018,0.12168,0.232767,-0.345073,0.037106,,0.074898,-0.359292,0.029595,0.011805,0.059576,-0.217414,0.119422
51969,,,,,,,,,,,0.392736,-0.172061,0.135533,0.238962,-0.376213,0.046889,0.020932,0.130783,-0.320059,0.087264,0.035696,0.132494,-0.085228,0.161857
1375,,0.231736,-0.420279,0.030471,-0.487225,0.409402,0.107391,0.01299,0.00695,-0.003329,0.383167,-0.226874,0.137004,0.240143,-0.387283,0.050604,0.018979,0.099018,-0.331894,0.104316,0.017297,0.090134,-0.151138,0.156582
7207,,,,,,,,,,,0.391011,-0.172667,0.138535,0.235213,-0.358191,0.051116,0.020752,0.101563,-0.334797,0.043909,0.02349,0.091707,-0.108213,0.166646
106979,,0.368242,-0.377809,0.051522,-0.550965,0.441762,0.01564,0.030071,-0.026806,-0.024249,0.401024,-0.052564,0.163639,0.23032,-0.341027,0.048176,,0.057576,-0.212079,0.074046,0.02987,0.102181,-0.031488,0.174098
