id,error,adch_ketC,adch_ketO,adch_carbC,adch_hydO,adch_hydH,adch_fukui_plus_ketC,adch_fukui_minus_ketC,adch_fukui_plus_carbC,adch_fukui_minus_carbC,qtaim_rho_CO_ket,qtaim_lap_CO_ket,qtaim_ell_CO_ket,qtaim_rho_CC_new,qtaim_lap_CC_new,qtaim_ell_CC_new,qtaim_rho_HB,ald_adch_CHO_C,ald_adch_CHO_O,ald_adch_fukui_plus_CHO_C,ald_adch_fukui_minus_CHO_C,ald_adch_fukui_minus_CHO_O,ald_qtaim_lap_CO,ald_qtaim_ell_CO
21684,,0.171656,-0.317486,-0.00036,-0.521809,0.402683,0.115136,0.003679,0.012505,0.015857,0.396017,-0.112808,0.128119,0.240114,-0.378661,0.047163,0.018926,-0.435877,-0.128305,-0.070171,-0.282863,0.265627,-0.034795,0.144873
194951,,-0.178539,-0.217484,0.010135,-0.450274,0.383474,-0.012189,-0.032067,-0.008424,-0.027431,0.401002,-0.021177,0.156664,0.232261,-0.343293,0.049063,,0.115225,-0.301938,0.083957,0.022106,0.101007,-0.031263,0.171277
46227,,,,,,,,,,,0.383876,-0.285406,0.150494,0.23737,-0.37129,0.050216,0.025895,0.118469,-0.369679,0.022039,-0.122798,0.070655,-0.212014,0.184355
176674,,0.138663,-0.290203,-0.021796,-0.479385,0.378915,0.121455,-0.044899,-0.00946,-0.022304,0.395761,-0.078305,0.132077,0.23513,-0.355816,0.051693,,0.10661,-0.315267,0.100699,0.019593,0.113272,-0.078485,0.162547
154053,,,,,,,,,,,0.389039,-0.192495,0.146406,0.240357,-0.385106,0.051095,0.021561,0.106312,-0.354134,0.058652,-0.003986,0.097752,-0.118316,0.168806
