id,error,adch_ketC,adch_ketO,adch_carbC,adch_hydO,adch_hydH,adch_fukui_plus_ketC,adch_fukui_minus_ketC,adch_fukui_plus_carbC,adch_fukui_minus_carbC,qtaim_rho_CO_ket,qtaim_lap_CO_ket,qtaim_ell_CO_ket,qtaim_rho_CC_new,qtaim_lap_CC_new,qtaim_ell_CC_new,qtaim_rho_HB,ald_adch_CHO_C,ald_adch_CHO_O,ald_adch_fukui_plus_CHO_C,ald_adch_fukui_minus_CHO_C,ald_adch_fukui_minus_CHO_O,ald_qtaim_lap_CO,ald_qtaim_ell_CO
163171,,,,,,,,,,,0.393758,-0.160297,0.134933,0.238365,-0.373916,0.047391,0.020328,0.146461,-0.317291,0.092747,0.027859,0.055625,-0.07318,0.158846
176501,,0.250842,-0.321891,0.015098,-0.506257,0.412438,0.075427,0.109879,-0.009963,-0.00459,0.392599,-0.178543,0.159299,0.232212,-0.345354,0.044302,,0.095486,-0.319224,0.048721,0.033245,0.139865,-0.107468,0.178398
161492,,0.086268,-0.339574,0.079756,-0.528869,0.424024,0.028601,-0.104044,0.01592,0.010516,0.392886,-0.203383,0.141646,0.238271,-0.37456,0.048436,0.023787,0.052566,-0.313485,0.041989,-0.002755,0.121179,-0.092396,0.164572
64452,,,,,,,,,,,0.391247,-0.186543,0.15747,0.235249,-0.360423,0.048184,0.02006,-0.241106,-0.211368,0.05645,-0.066424,0.136999,-0.11307,0.178302
159436,,0.166925,-0.343834,0.00758,-0.51508,0.407957,0.055469,0.020511,0.035957,-0.008949,0.39432,-0.259877,0.165146,0.235643,-0.360119,0.053001,0.019447,0.22282,-0.324199,0.180824,0.152163,0.134494,-0.170576,0.188263
