id,error,adch_ketC,adch_ketO,adch_carbC,adch_hydO,adch_hydH,adch_fukui_plus_ketC,adch_fukui_minus_ketC,adch_fukui_plus_carbC,adch_fukui_minus_carbC,qtaim_rho_CO_ket,qtaim_lap_CO_ket,qtaim_ell_CO_ket,qtaim_rho_CC_new,qtaim_lap_CC_new,qtaim_ell_CC_new,qtaim_rho_HB,ald_adch_CHO_C,ald_adch_CHO_O,ald_adch_fukui_plus_CHO_C,ald_adch_fukui_minus_CHO_C,ald_adch_fukui_minus_CHO_O,ald_qtaim_lap_CO,ald_qtaim_ell_CO
66385,,,,,,,,,,,0.403699,-0.092428,0.15866,0.239894,-0.374705,0.043068,,-0.007867,-0.441491,0.019755,0.037772,0.166228,-0.539182,0.128788
100783,,,,,,,,,,,0.39657,-0.10859,0.133095,0.243076,-0.393775,0.032875,,0.093049,-0.290461,0.049743,0.009414,0.040856,0.012271,0.149257
90748,,,,,,,,,,,0.396093,-0.137895,0.125761,0.24401,-0.398472,0.052222,0.018811,0.085348,-0.311653,0.061033,0.005671,0.049391,-0.038614,0.146899
111215,,,,,,,,,,,0.399509,-0.115903,0.135931,0.240222,-0.377494,0.043482,,-0.009839,-0.332804,0.087488,-0.000554,0.094284,-0.207964,0.134748
161359,,0.183245,-0.335949,-0.006112,-0.532314,0.420125,0.042891,0.025738,0.003829,0.021079,0.397671,-0.118574,0.141889,0.238522,-0.3789,0.044271,,0.096856,-0.305829,0.085509,0.030609,0.142591,-0.017338,0.156673
