id,error,adch_ketC,adch_ketO,adch_carbC,adch_hydO,adch_hydH,adch_fukui_plus_ketC,adch_fukui_minus_ketC,adch_fukui_plus_carbC,adch_fukui_minus_carbC,qtaim_rho_CO_ket,qtaim_lap_CO_ket,qtaim_ell_CO_ket,qtaim_rho_CC_new,qtaim_lap_CC_new,qtaim_ell_CC_new,qtaim_rho_HB,ald_adch_CHO_C,ald_adch_CHO_O,ald_adch_fukui_plus_CHO_C,ald_adch_fukui_minus_CHO_C,ald_adch_fukui_minus_CHO_O,ald_qtaim_lap_CO,ald_qtaim_ell_CO
48016,,0.201321,-0.336208,-0.019305,-0.521585,0.416307,0.089122,0.011893,0.007815,0.019512,0.396096,-0.110542,0.132839,0.239811,-0.377283,0.048605,0.019865,0.09364,-0.304667,0.125918,0.048953,0.148324,-0.029808,0.159128
179423,,0.177152,-0.291428,0.016019,-0.505421,0.418423,-0.015174,0.02847,0.003664,0.039174,0.402981,-0.029418,0.131429,0.23403,-0.354159,0.014032,,0.047821,-0.285998,-0.004497,0.015596,0.159413,-0.018258,0.146418
165387,,0.193299,-0.341138,-0.010663,-0.522062,0.403277,,,,,0.395818,-0.130674,0.124773,0.24268,-0.391571,0.048299,,0.100807,-0.313101,0.106521,0.021239,0.116791,-0.020267,0.151054
26436,,0.185242,-0.332034,-0.023484,-0.491789,0.395088,0.108634,0.010992,0.010805,0.000155,0.396926,-0.155572,0.127168,0.24519,-0.403823,0.060338,0.01987,0.087282,-0.311973,0.144041,0.038041,0.133148,-0.044191,0.144329
165323,,,,,,,,0.012232,,0.008744,0.396067,-0.109435,0.131041,0.239276,-0.375382,0.046246,,0.092527,-0.312221,0.112078,0.030374,0.12891,-0.016605,0.152594
