id,error,adch_ketC,adch_ketO,adch_carbC,adch_hydO,adch_hydH,adch_fukui_plus_ketC,adch_fukui_minus_ketC,adch_fukui_plus_carbC,adch_fukui_minus_carbC,qtaim_rho_CO_ket,qtaim_lap_CO_ket,qtaim_ell_CO_ket,qtaim_rho_CC_new,qtaim_lap_CC_new,qtaim_ell_CC_new,qtaim_rho_HB,ald_adch_CHO_C,ald_adch_CHO_O,ald_adch_fukui_plus_CHO_C,ald_adch_fukui_minus_CHO_C,ald_adch_fukui_minus_CHO_O,ald_qtaim_lap_CO,ald_qtaim_ell_CO
191065,,0.193138,-0.309357,-0.005674,-0.474653,0.375472,,-0.017457,,-0.002821,0.39489,-0.107484,0.131896,0.235465,-0.35787,0.052564,0.017919,0.01157,-0.292559,0.072884,-0.003285,0.130029,-0.08169,0.164187
123464,,,,,,,,,,,0.393343,-0.088084,0.1265,0.231171,-0.337458,0.052272,0.019328,0.103859,-0.350267,0.048592,0.007884,0.061583,-0.12149,0.168835
27630,,0.166047,-0.330279,0.035293,-0.515782,0.412154,0.111409,0.036233,0.017609,-0.023567,0.396706,-0.234813,0.167055,0.236531,-0.365681,0.054239,,0.07342,-0.312039,0.119153,0.042028,0.168643,-0.145151,0.184202
201156,,0.246592,-0.331747,0.022712,-0.510128,0.388414,0.018895,0.032321,-0.006187,-0.009105,0.389053,-0.131253,0.145295,0.229717,-0.333899,0.035649,,0.114923,-0.308103,0.058354,0.048813,0.140013,-0.088036,0.157985
17149,,0.178507,-0.332713,0.026219,-0.520188,0.41547,0.063407,-0.016943,0.012329,0.006994,0.393756,-0.187744,0.151702,0.239157,-0.377012,0.052685,0.02183,0.094708,-0.31784,0.06906,0.017255,0.162791,-0.105145,0.16927
