id,error,adch_ketC,adch_ketO,adch_carbC,adch_hydO,adch_hydH,adch_fukui_plus_ketC,adch_fukui_minus_ketC,adch_fukui_plus_carbC,adch_fukui_minus_carbC,qtaim_rho_CO_ket,qtaim_lap_CO_ket,qtaim_ell_CO_ket,qtaim_rho_CC_new,qtaim_lap_CC_new,qtaim_ell_CC_new,qtaim_rho_HB,ald_adch_CHO_C,ald_adch_CHO_O,ald_adch_fukui_plus_CHO_C,ald_adch_fukui_minus_CHO_C,ald_adch_fukui_minus_CHO_O,ald_qtaim_lap_CO,ald_qtaim_ell_CO
1426,,0.589767,-0.310825,-0.137384,-0.431454,0.385914,0.146688,0.045822,-0.022944,-0.034223,0.397161,-0.065573,0.144813,0.234247,-0.352187,0.050396,,0.112172,-0.287886,0.090426,0.028895,0.13826,-0.043076,0.164212
183330,,0.212549,-0.325563,0.000533,-0.463008,0.367088,0.078251,0.001173,-0.077561,-0.060255,0.39435,-0.13259,0.136174,0.236286,-0.364638,0.054104,0.018366,0.109105,-0.321692,0.098325,0.035585,0.143964,-0.079271,0.157595
15461,,0.170159,-0.277714,-0.031264,-0.549553,0.459864,0.030314,-0.044897,-0.096988,-0.052119,0.406929,-0.036288,0.185946,0.24018,-0.386041,0.045792,,0.077744,-0.217494,0.022581,0.005259,0.196724,0.065045,0.186848
101695,,,,,,,,,,,0.394247,-0.124179,0.133046,0.245222,-0.403647,0.04887,,-0.105236,-0.225383,0.07173,0.016771,0.031277,-0.00408,0.142984
160286,,0.257519,-0.368856,0.042868,-0.5057,0.418101,0.051325,0.017769,0.00055,-0.007275,0.392984,-0.169458,0.14325,0.237246,-0.36781,0.047706,0.021304,0.115984,-0.324103,0.02665,0.012541,0.11485,-0.101093,0.168335
