id,error,adch_ketC,adch_ketO,adch_carbC,adch_hydO,adch_hydH,adch_fukui_plus_ketC,adch_fukui_minus_ketC,adch_fukui_plus_carbC,adch_fukui_minus_carbC,qtaim_rho_CO_ket,qtaim_lap_CO_ket,qtaim_ell_CO_ket,qtaim_rho_CC_new,qtaim_lap_CC_new,qtaim_ell_CC_new,qtaim_rho_HB,ald_adch_CHO_C,ald_adch_CHO_O,ald_adch_fukui_plus_CHO_C,ald_adch_fukui_minus_CHO_C,ald_adch_fukui_minus_CHO_O,ald_qtaim_lap_CO,ald_qtaim_ell_CO
112100,,0.170156,-0.318921,-0.004235,-0.493883,0.374167,0.050678,0.056191,-0.019154,0.015617,0.396788,-0.081233,0.13753,0.237248,-0.361777,0.048573,,0.19171,-0.325218,-0.07069,-0.071003,0.164542,0.006233,0.157731
104761,,,,,,,,,,,0.411776,-0.005342,0.190434,0.235144,-0.350321,0.053195,,0.082085,-0.201588,0.143348,0.044566,0.136208,0.073753,0.191007
19440,,0.328219,-0.388418,0.086178,-0.489833,0.402369,-0.008901,-0.034474,0.017572,0.028765,0.40546,-0.324239,0.18476,0.228313,-0.326042,0.048121,0.020982,0.02393,-0.260586,0.083273,-0.056452,0.240454,-0.00391,0.152785
110491,,,,,,,,,,,0.396648,-0.081103,0.130603,0.239274,-0.372474,0.038413,,0.089542,-0.29391,0.130594,0.02488,0.080831,-0.011801,0.15721
30333,,0.173929,-0.318514,-0.017556,-0.509973,0.411201,0.060766,0.010426,0.008547,0.025336,0.397094,-0.089212,0.127308,0.234396,-0.356364,0.014807,,0.09695,-0.306051,0.107893,0.040505,0.145826,-0.00863,0.152407
