id,error,adch_ketC,adch_ketO,adch_carbC,adch_hydO,adch_hydH,adch_fukui_plus_ketC,adch_fukui_minus_ketC,adch_fukui_plus_carbC,adch_fukui_minus_carbC,qtaim_rho_CO_ket,qtaim_lap_CO_ket,qtaim_ell_CO_ket,qtaim_rho_CC_new,qtaim_lap_CC_new,qtaim_ell_CC_new,qtaim_rho_HB,ald_adch_CHO_C,ald_adch_CHO_O,ald_adch_fukui_plus_CHO_C,ald_adch_fukui_minus_CHO_C,ald_adch_fukui_minus_CHO_O,ald_qtaim_lap_CO,ald_qtaim_ell_CO
219128,,,,,,,,,,,0.391802,-0.103599,0.127859,0.237526,-0.367485,0.051674,0.01878,0.154536,-0.285172,,0.036834,0.098481,-0.071608,0.154814
135570,,0.253824,-0.372845,0.033062,-0.500079,0.421131,0.075201,0.034774,0.016086,-0.009071,0.39381,-0.1691,0.142869,0.236938,-0.366128,0.048181,0.021152,0.10494,-0.315463,0.070218,0.036899,0.123124,-0.086667,0.16706
17863,,0.149193,-0.378767,0.038874,-0.514028,0.393451,0.072884,0.058383,0.023446,-0.005443,0.382927,-0.2885,0.156716,0.236146,-0.364309,0.051395,0.023158,0.077104,-0.370579,0.076924,0.025569,0.129255,-0.220285,0.189387
66260,,,,,,,,,,,0.393227,-0.148838,0.14014,0.23698,-0.366548,0.047859,0.020711,0.109556,-0.312403,0.065871,0.014471,0.056403,-0.068256,0.165157
55528,,,,,,,0.049135,-0.007573,0.014561,0.005208,0.39211,-0.156611,0.14328,0.238234,-0.373297,0.055685,0.021719,0.10652,-0.319665,0.055947,0.025976,0.09612,-0.075516,0.162066
