id,error,adch_ketC,adch_ketO,adch_carbC,adch_hydO,adch_hydH,adch_fukui_plus_ketC,adch_fukui_minus_ketC,adch_fukui_plus_carbC,adch_fukui_minus_carbC,qtaim_rho_CO_ket,qtaim_lap_CO_ket,qtaim_ell_CO_ket,qtaim_rho_CC_new,qtaim_lap_CC_new,qtaim_ell_CC_new,qtaim_rho_HB,ald_adch_CHO_C,ald_adch_CHO_O,ald_adch_fukui_plus_CHO_C,ald_adch_fukui_minus_CHO_C,ald_adch_fukui_minus_CHO_O,ald_qtaim_lap_CO,ald_qtaim_ell_CO
120813,,,,,,,,,,,0.39536,-0.383513,0.182599,0.237727,-0.37006,0.049598,,0.303383,-0.401429,0.110451,0.027254,0.063915,-0.104384,0.156958
2249,,,,,,,,,,,0.396313,-0.1466,0.126436,0.245704,-0.406786,0.053615,,-0.015901,-0.278051,0.029473,-0.036451,0.061759,-0.0667,0.132886
58509,,,,,,,,,,,0.393001,-0.122799,0.128507,0.2396,-0.377422,0.047957,0.021266,0.095875,-0.310602,0.108412,0.0341,0.112196,-0.03258,0.156144
113788,,0.216783,-0.345268,-0.012772,-0.504965,0.413208,0.134991,0.00636,0.008703,0.009627,0.394898,-0.152782,0.137598,0.241014,-0.386416,0.045288,,0.102369,-0.302885,0.137011,0.013057,0.093731,-0.047781,0.167511
165716,,0.186732,-0.325666,-0.019984,-0.517085,0.412357,0.058898,0.016182,0.003693,0.011749,0.398167,-0.105484,0.135417,0.239139,-0.374891,0.044423,,0.095141,-0.305158,0.081827,0.029793,0.131123,-0.005891,0.152947
