id,error,adch_ketC,adch_ketO,adch_carbC,adch_hydO,adch_hydH,adch_fukui_plus_ketC,adch_fukui_minus_ketC,adch_fukui_plus_carbC,adch_fukui_minus_carbC,qtaim_rho_CO_ket,qtaim_lap_CO_ket,qtaim_ell_CO_ket,qtaim_rho_CC_new,qtaim_lap_CC_new,qtaim_ell_CC_new,qtaim_rho_HB,ald_adch_CHO_C,ald_adch_CHO_O,ald_adch_fukui_plus_CHO_C,ald_adch_fukui_minus_CHO_C,ald_adch_fukui_minus_CHO_O,ald_qtaim_lap_CO,ald_qtaim_ell_CO
167668,,0.215673,-0.315949,0.048511,-0.52715,0.409211,0.027585,0.046015,0.016279,0.002308,0.397139,-0.138706,0.133402,0.243018,-0.397093,0.048895,,0.130668,-0.329691,-0.011627,0.037387,0.136267,-0.04244,0.14857
173302,,0.170017,-0.194501,-0.070953,-0.249752,0.184941,0.07,0.016886,0.052039,0.050272,0.395397,-0.133358,0.140411,0.240879,-0.384517,0.059459,,0.095574,-0.283402,0.097137,0.049628,0.160996,-0.034845,0.142515
140226,,0.174912,-0.365952,0.044312,-0.49741,0.41565,-0.015668,-0.085149,0.027075,0.037011,0.387894,-0.254817,0.164535,0.233898,-0.35311,0.050479,0.022684,0.086235,-0.349382,0.056109,0.020381,0.102611,-0.185723,0.188882
88420,,,,,,,,,,,0.396594,-0.086205,0.138873,0.229523,-0.330551,0.046772,0.018214,0.100941,-0.321481,0.044624,0.024515,0.099608,-0.094757,0.168642
7688,,0.200048,-0.371441,0.047949,-0.512047,0.424944,0.110639,0.086967,0.027862,-0.028109,0.39094,-0.188465,0.14208,0.23813,-0.373448,0.047266,0.021142,0.104374,-0.329369,0.10121,0.030399,0.126684,-0.105043,0.167537
