id,error,adch_ketC,adch_ketO,adch_carbC,adch_hydO,adch_hydH,adch_fukui_plus_ketC,adch_fukui_minus_ketC,adch_fukui_plus_carbC,adch_fukui_minus_carbC,qtaim_rho_CO_ket,qtaim_lap_CO_ket,qtaim_ell_CO_ket,qtaim_rho_CC_new,qtaim_lap_CC_new,qtaim_ell_CC_new,qtaim_rho_HB,ald_adch_CHO_C,ald_adch_CHO_O,ald_adch_fukui_plus_CHO_C,ald_adch_fukui_minus_CHO_C,ald_adch_fukui_minus_CHO_O,ald_qtaim_lap_CO,ald_qtaim_ell_CO
56895,,,,,,,,,,,0.394371,-0.160059,0.139826,0.235486,-0.360167,0.047047,0.020183,0.095942,-0.310529,0.065021,-0.014802,0.119542,-0.072967,0.165358
21334,,,,,,,,,,,0.389576,-0.170316,0.134747,0.238013,-0.372212,0.047599,0.022344,0.105321,-0.328456,0.051706,0.024889,0.097743,-0.087776,0.163008
149431,,0.199971,-0.371575,0.052499,-0.509944,0.416018,,,,,0.389715,-0.217578,0.149533,0.236587,-0.365562,0.048653,0.021994,0.099616,-0.337499,0.100046,0.02993,0.109855,-0.138956,0.178292
78252,,,,,,,,,,,0.373308,-0.341936,0.129889,0.233392,-0.353202,0.055976,0.027486,0.114468,-0.406995,0.08005,0.100219,0.02235,-0.233883,0.168844
177465,,0.077573,-0.301538,-0.040966,-0.543126,0.452552,0.052454,-0.014663,-0.009486,-0.016768,0.4003,-0.062541,0.152066,0.231814,-0.339283,0.05471,,0.110212,-0.299595,0.097744,0.049812,0.170382,-0.067702,0.16304
