id,error,adch_ketC,adch_ketO,adch_carbC,adch_hydO,adch_hydH,adch_fukui_plus_ketC,adch_fukui_minus_ketC,adch_fukui_plus_carbC,adch_fukui_minus_carbC,qtaim_rho_CO_ket,qtaim_lap_CO_ket,qtaim_ell_CO_ket,qtaim_rho_CC_new,qtaim_lap_CC_new,qtaim_ell_CC_new,qtaim_rho_HB,ald_adch_CHO_C,ald_adch_CHO_O,ald_adch_fukui_plus_CHO_C,ald_adch_fukui_minus_CHO_C,ald_adch_fukui_minus_CHO_O,ald_qtaim_lap_CO,ald_qtaim_ell_CO
83650,,,,,,,,,,,0.39626,-0.144055,0.14331,0.241447,-0.38915,0.052576,0.018814,0.100439,-0.302903,0.063517,0.025642,0.096068,-0.056157,0.160904
204747,,,,,,,,,,,0.392815,-0.214973,0.154832,0.237971,-0.371576,0.051474,0.022377,0.105852,-0.331459,0.058008,0.030414,0.120195,-0.130765,0.175568
175861,,0.211004,-0.326059,0.078108,-0.50644,0.406134,0.06875,-0.017596,0.037588,0.014946,0.394301,-0.152431,0.143784,0.235879,-0.361044,0.048358,0.021099,0.108958,-0.309166,0.080664,0.033495,0.12443,-0.076832,0.166421
142260,,,,,,,,,,,0.391555,-0.246342,0.162456,0.231678,-0.343974,0.05167,0.023798,-0.048545,-0.310809,0.022869,0.011241,0.087909,-0.187707,0.184103
165280,,0.269637,-0.325861,-0.032461,-0.455411,0.368745,0.113497,0.024323,0.004627,-0.007487,0.393769,-0.112096,0.133002,0.236369,-0.361876,0.050522,0.017968,0.131513,-0.319064,0.131558,0.003383,0.099343,-0.084102,0.159719
