id,error,adch_ketC,adch_ketO,adch_carbC,adch_hydO,adch_hydH,adch_fukui_plus_ketC,adch_fukui_minus_ketC,adch_fukui_plus_carbC,adch_fukui_minus_carbC,qtaim_rho_CO_ket,qtaim_lap_CO_ket,qtaim_ell_CO_ket,qtaim_rho_CC_new,qtaim_lap_CC_new,qtaim_ell_CC_new,qtaim_rho_HB,ald_adch_CHO_C,ald_adch_CHO_O,ald_adch_fukui_plus_CHO_C,ald_adch_fukui_minus_CHO_C,ald_adch_fukui_minus_CHO_O,ald_qtaim_lap_CO,ald_qtaim_ell_CO
124877,,,,,,,,,,,0.387885,-0.241285,0.150456,0.236958,-0.370221,0.048748,,-0.157261,-0.20511,0.072799,-0.104418,0.149371,-0.16663,0.171029
11134,,0.24728,-0.344619,0.011063,-0.480945,0.381284,0.083336,0.035182,0.02449,0.0362,0.390711,-0.140416,0.134136,0.237368,-0.368165,0.050652,,0.066796,-0.330121,0.129444,0.064207,0.165303,-0.09765,0.160721
11765,,,,,,,,,,,0.391944,-0.174436,0.138855,0.237144,-0.367514,0.04734,0.021122,0.105232,-0.323529,0.088927,0.033091,0.127226,-0.09257,0.162826
85538,,,,,,,,,,,0.396525,-0.0738,0.144204,0.234999,-0.356161,0.050234,,0.108109,-0.300292,0.088486,0.01834,0.078894,-0.058479,0.164672
192091,,0.142086,-0.335601,0.011797,-0.559005,0.455039,-0.019135,-0.0578,0.006259,0.050653,0.397196,-0.167793,0.12041,0.222453,-0.300947,0.029406,,0.122502,-0.329158,0.119288,0.030355,0.09503,-0.040889,0.167411
