id,error,adch_ketC,adch_ketO,adch_carbC,adch_hydO,adch_hydH,adch_fukui_plus_ketC,adch_fukui_minus_ketC,adch_fukui_plus_carbC,adch_fukui_minus_carbC,qtaim_rho_CO_ket,qtaim_lap_CO_ket,qtaim_ell_CO_ket,qtaim_rho_CC_new,qtaim_lap_CC_new,qtaim_ell_CC_new,qtaim_rho_HB,ald_adch_CHO_C,ald_adch_CHO_O,ald_adch_fukui_plus_CHO_C,ald_adch_fukui_minus_CHO_C,ald_adch_fukui_minus_CHO_O,ald_qtaim_lap_CO,ald_qtaim_ell_CO
30951,,,,,,,,,,,0.393659,0.02147,0.148599,0.234831,-0.353983,0.053242,,0.044683,-0.264904,0.073744,0.00518,0.035449,0.018885,0.144631
113088,,0.194336,-0.303683,-0.003342,-0.465768,0.393857,0.059871,-0.026091,-0.023411,-0.002979,0.398929,-0.074066,0.141483,0.239173,-0.3744,0.046163,0.018659,0.44515,-0.403088,0.168011,-0.01646,0.157348,0.019555,0.165266
157407,,0.238039,-0.303691,0.036231,-0.474337,0.394026,0.013387,-0.068706,0.014309,0.014544,0.396916,-0.057561,0.149182,0.235897,-0.36001,0.052174,,0.076343,-0.29369,0.03778,-0.087588,0.122071,-0.042545,0.161652
114847,,0.183443,-0.331475,0.077095,-0.469504,0.324976,0.255135,0.032731,0.022989,0.021737,0.397398,-0.121223,0.141617,0.235885,-0.359374,0.044926,,0.09067,-0.259864,0.317947,0.013031,0.180872,-0.051509,0.13707
101142,,0.177725,-0.286883,-0.014632,-0.481929,0.370361,0.046624,0.008914,0.002082,-0.010156,0.400069,-0.129313,0.140304,0.241707,-0.384837,0.05476,0.020256,0.098339,-0.299201,0.090499,0.018623,0.06748,-0.001647,0.141138
