id,error,adch_ketC,adch_ketO,adch_carbC,adch_hydO,adch_hydH,adch_fukui_plus_ketC,adch_fukui_minus_ketC,adch_fukui_plus_carbC,adch_fukui_minus_carbC,qtaim_rho_CO_ket,qtaim_lap_CO_ket,qtaim_ell_CO_ket,qtaim_rho_CC_new,qtaim_lap_CC_new,qtaim_ell_CC_new,qtaim_rho_HB,ald_adch_CHO_C,ald_adch_CHO_O,ald_adch_fukui_plus_CHO_C,ald_adch_fukui_minus_CHO_C,ald_adch_fukui_minus_CHO_O,ald_qtaim_lap_CO,ald_qtaim_ell_CO
197854,,0.196721,-0.346388,0.040398,-0.610642,0.494887,0.249282,0.006114,0.030343,-0.000244,0.398411,-0.10853,0.137211,0.239376,-0.374326,0.049744,0.021017,0.028993,-0.262386,0.220485,-0.125625,0.242748,-0.011669,0.15444
48428,,,,,,,,,,,0.402185,-0.066439,0.12607,0.234454,-0.345402,0.049255,,0.219695,-0.333937,0.156593,0.1528,-0.010084,-0.022641,0.156329
25732,,,,,,,,,,,0.396754,-0.141712,0.142777,0.238204,-0.37432,0.044811,,-0.04683,-0.268837,0.012473,-0.053418,0.102114,-0.056781,0.157626
55687,,,,,,,,,,,0.398369,-0.079235,0.132275,0.232902,-0.341447,0.03915,,0.096631,-0.308273,0.092938,0.02157,0.079902,-0.035257,0.160125
125868,,0.193471,-0.341565,-0.025339,-0.49054,0.378779,0.035688,0.021057,-0.009376,-0.002402,0.393111,-0.118818,0.124658,0.240606,-0.382564,0.046814,0.021295,-0.052993,-0.25893,-0.118697,-0.2044,0.19605,-0.020548,0.152354
