id,error,adch_ketC,adch_ketO,adch_carbC,adch_hydO,adch_hydH,adch_fukui_plus_ketC,adch_fukui_minus_ketC,adch_fukui_plus_carbC,adch_fukui_minus_carbC,qtaim_rho_CO_ket,qtaim_lap_CO_ket,qtaim_ell_CO_ket,qtaim_rho_CC_new,qtaim_lap_CC_new,qtaim_ell_CC_new,qtaim_rho_HB,ald_adch_CHO_C,ald_adch_CHO_O,ald_adch_fukui_plus_CHO_C,ald_adch_fukui_minus_CHO_C,ald_adch_fukui_minus_CHO_O,ald_qtaim_lap_CO,ald_qtaim_ell_CO
51544,,0.1768,-0.347233,-0.016707,-0.52253,0.421063,0.051546,-0.006319,0.004217,0.005741,0.396329,-0.144599,0.132057,0.241099,-0.384623,0.049187,,0.263879,-0.367706,-0.181418,-0.219803,0.137943,-0.019419,0.153767
199929,,,,,,,,,,,0.395292,-0.114652,0.129099,0.239068,-0.37559,0.042779,0.020299,0.099847,-0.316851,0.005196,0.024372,0.105154,-0.022317,0.143348
100982,,,,,,,,,,,0.396874,-0.137973,0.130713,0.24161,-0.388138,0.043951,,0.114394,-0.311933,0.047115,-0.057754,0.108803,-0.022103,0.151328
92221,,,,,,,,,,,0.394573,-0.105931,0.134305,0.238558,-0.371189,0.051085,0.021427,-0.074518,-0.313089,0.009732,0.00186,0.057508,-0.154546,0.143998
110296,,0.186588,-0.335049,-0.003937,-0.519365,0.39622,0.132143,0.025987,0.00639,0.007361,0.394108,-0.126335,0.124922,0.2418,-0.386916,0.050741,0.020018,0.02068,-0.289715,0.229353,-0.0079,0.14725,-0.03945,0.152893
