id,error,adch_ketC,adch_ketO,adch_carbC,adch_hydO,adch_hydH,adch_fukui_plus_ketC,adch_fukui_minus_ketC,adch_fukui_plus_carbC,adch_fukui_minus_carbC,qtaim_rho_CO_ket,qtaim_lap_CO_ket,qtaim_ell_CO_ket,qtaim_rho_CC_new,qtaim_lap_CC_new,qtaim_ell_CC_new,qtaim_rho_HB,ald_adch_CHO_C,ald_adch_CHO_O,ald_adch_fukui_plus_CHO_C,ald_adch_fukui_minus_CHO_C,ald_adch_fukui_minus_CHO_O,ald_qtaim_lap_CO,ald_qtaim_ell_CO
84591,,,,,,,,,,,0.399604,-0.159786,0.144294,0.235393,-0.368982,0.018225,,0.083665,-0.615351,-0.00401,0.020221,0.146869,-0.855397,0.03076
19071,,,,,,,,,,,0.396958,-0.096449,0.144146,0.232477,-0.35212,0.026528,,-0.023323,-0.283058,0.053664,0.001332,0.036687,-0.055955,0.143754
24518,,0.137414,-0.314591,0.006178,-0.487672,0.378225,0.076183,0.026385,0.00348,0.027557,0.397417,-0.094003,0.119841,0.236469,-0.357701,0.049482,,0.100517,-0.318139,0.088632,0.02958,0.121311,-0.041183,0.13947
149185,,,,,,,0.060931,0.025219,0.004526,0.022976,0.396193,-0.116109,0.129949,0.239886,-0.378271,0.043665,,0.096034,-0.31139,0.102992,0.039826,0.144195,-0.025454,0.153663
115746,,0.186552,-0.320954,-0.003109,-0.540197,0.430291,0.141661,0.022663,0.009649,0.016017,0.398477,-0.097432,0.141092,0.238737,-0.364295,0.060664,,0.111877,-0.350821,0.095589,0.0228,0.143674,-0.164836,0.157539
