id,error,adch_ketC,adch_ketO,adch_carbC,adch_hydO,adch_hydH,adch_fukui_plus_ketC,adch_fukui_minus_ketC,adch_fukui_plus_carbC,adch_fukui_minus_carbC,qtaim_rho_CO_ket,qtaim_lap_CO_ket,qtaim_ell_CO_ket,qtaim_rho_CC_new,qtaim_lap_CC_new,qtaim_ell_CC_new,qtaim_rho_HB,ald_adch_CHO_C,ald_adch_CHO_O,ald_adch_fukui_plus_CHO_C,ald_adch_fukui_minus_CHO_C,ald_adch_fukui_minus_CHO_O,ald_qtaim_lap_CO,ald_qtaim_ell_CO
52090,,,,,,,,,,,0.399225,-0.115766,0.149038,0.237136,-0.365539,0.041313,,0.087224,-0.299553,0.141085,0.017856,0.057123,-0.009517,0.148187
24905,,0.116416,-0.412942,-0.013927,-0.528797,0.406553,0.035997,0.018033,0.004835,0.01623,0.389591,-0.355428,0.112717,0.236813,-0.366675,0.039197,,0.096463,-0.318949,0.115523,0.03508,0.117349,-0.040702,0.153241
66747,,,,,,,,,,,0.398112,-0.108515,0.125541,0.235478,-0.369568,0.019662,,0.218457,-0.363472,,,,-0.041604,0.139769
123090,,,,,,,,,,,0.390492,-0.228159,0.147333,0.235596,-0.357727,0.048558,,0.097785,-0.33524,0.063344,0.015457,0.066382,-0.111888,0.17173
37838,,0.17924,-0.332107,0.007464,-0.525643,0.402153,0.081573,0.003661,0.011278,0.014354,0.394776,-0.125884,0.135049,0.241749,-0.386713,0.050486,,0.089984,-0.3104,0.110718,0.027318,0.138814,-0.01753,0.153757
