id,error,adch_ketC,adch_ketO,adch_carbC,adch_hydO,adch_hydH,adch_fukui_plus_ketC,adch_fukui_minus_ketC,adch_fukui_plus_carbC,adch_fukui_minus_carbC,qtaim_rho_CO_ket,qtaim_lap_CO_ket,qtaim_ell_CO_ket,qtaim_rho_CC_new,qtaim_lap_CC_new,qtaim_ell_CC_new,qtaim_rho_HB,ald_adch_CHO_C,ald_adch_CHO_O,ald_adch_fukui_plus_CHO_C,ald_adch_fukui_minus_CHO_C,ald_adch_fukui_minus_CHO_O,ald_qtaim_lap_CO,ald_qtaim_ell_CO
56602,,0.259953,-0.376148,0.047795,-0.506081,0.413238,0.114006,0.064393,0.056118,0.028481,0.390751,-0.163706,0.135862,0.237847,-0.371127,0.047656,0.021659,0.106359,-0.321808,0.103117,0.050355,0.163551,-0.079014,0.162293
137771,,,,,,,,,,,0.393443,-0.176476,0.140378,0.241077,-0.389178,0.052473,,0.136716,-0.38424,0.074931,0.026347,0.151899,-0.096135,0.15969
180258,,0.271263,-0.327603,0.023712,-0.479008,0.408273,0.012957,-0.01033,-0.002549,-0.009333,0.398354,-0.087532,0.16428,0.236189,-0.364574,0.060134,,0.00256,-0.431868,-0.030271,0.042492,0.226502,-0.4779,0.123301
148004,,,,,,,,,,,0.394832,-0.143324,0.141561,0.242209,-0.394791,0.049971,,0.071282,-0.320409,0.029343,0.002095,0.089479,-0.083395,0.159321
72304,,,,,,,,,,,0.398559,-0.14346,0.143854,0.238419,-0.372337,0.048733,,0.086158,-0.303855,0.042901,0.011064,0.068108,-0.042149,0.151363
