id,error,adch_ketC,adch_ketO,adch_carbC,adch_hydO,adch_hydH,adch_fukui_plus_ketC,adch_fukui_minus_ketC,adch_fukui_plus_carbC,adch_fukui_minus_carbC,qtaim_rho_CO_ket,qtaim_lap_CO_ket,qtaim_ell_CO_ket,qtaim_rho_CC_new,qtaim_lap_CC_new,qtaim_ell_CC_new,qtaim_rho_HB,ald_adch_CHO_C,ald_adch_CHO_O,ald_adch_fukui_plus_CHO_C,ald_adch_fukui_minus_CHO_C,ald_adch_fukui_minus_CHO_O,ald_qtaim_lap_CO,ald_qtaim_ell_CO
81623,,0.19971,-0.32917,-0.025467,-0.477303,0.370334,,,,,0.399305,-0.078426,0.133373,0.236286,-0.355441,0.048442,,0.087649,-0.287171,0.045967,0.01208,0.042918,-0.011062,0.163387
163963,,0.190334,-0.328697,-0.018475,-0.483268,0.328935,0.06701,0.03571,-0.000482,0.02182,0.39744,-0.10919,0.150544,0.239468,-0.375859,0.04513,,0.065166,-0.28635,0.139025,0.080322,0.126693,0.007213,0.140606
55428,,0.178909,-0.341807,-0.007047,-0.489914,0.412077,0.024568,-0.00833,0.005072,0.001907,0.398514,-0.187266,0.135095,0.240341,-0.384146,0.0437,,-0.00808,-0.295152,-0.041306,-0.080452,0.146529,-0.11934,0.146331
182913,,,,,,,,,,,0.395687,-0.170381,0.146978,0.240334,-0.388949,0.049049,,0.075625,-0.306328,0.271572,0.010204,0.097288,-0.054642,0.16273
189598,,0.163887,-0.319851,0.006432,-0.522005,0.420819,0.121245,0.115291,-0.024352,-0.027496,0.396939,-0.068145,0.135927,0.242821,-0.392904,0.048334,,0.108618,-0.305437,0.072283,0.036601,0.148104,0.014901,0.154708
