id,error,adch_ketC,adch_ketO,adch_carbC,adch_hydO,adch_hydH,adch_fukui_plus_ketC,adch_fukui_minus_ketC,adch_fukui_plus_carbC,adch_fukui_minus_carbC,qtaim_rho_CO_ket,qtaim_lap_CO_ket,qtaim_ell_CO_ket,qtaim_rho_CC_new,qtaim_lap_CC_new,qtaim_ell_CC_new,qtaim_rho_HB
72,,0.319743,-0.375316,0.007885,-0.528389,0.404254,0.1266,0.105624,0.005393,0.007603,0.386143,-0.276315,0.152306,0.237323,-0.373144,0.050119,0.019811
72,,0.319743,-0.375316,0.007885,-0.528389,0.404254,0.1266,0.105624,0.005393,0.007603,0.386143,-0.276315,0.152306,0.237323,-0.373144,0.050119,0.019811
72,,0.319743,-0.375316,0.007885,-0.528389,0.404254,0.1266,0.105624,0.005393,0.007603,0.386143,-0.276315,0.152306,0.237323,-0.373144,0.050119,0.019811
72,,0.319743,-0.375316,0.007885,-0.528389,0.404254,0.1266,0.105624,0.005393,0.007603,0.386143,-0.276315,0.152306,0.237323,-0.373144,0.050119,0.019811
72,,0.319743,-0.375316,0.007885,-0.528389,0.404254,0.1266,0.105624,0.005393,0.007603,0.386143,-0.276315,0.152306,0.237323,-0.373144,0.050119,0.019811
