id,error,adch_ketC,adch_ketO,adch_carbC,adch_hydO,adch_hydH,adch_fukui_plus_ketC,adch_fukui_minus_ketC,adch_fukui_plus_carbC,adch_fukui_minus_carbC,qtaim_rho_CO_ket,qtaim_lap_CO_ket,qtaim_ell_CO_ket,qtaim_rho_CC_new,qtaim_lap_CC_new,qtaim_ell_CC_new,qtaim_rho_HB,ald_adch_CHO_C,ald_adch_CHO_O,ald_adch_fukui_plus_CHO_C,ald_adch_fukui_minus_CHO_C,ald_adch_fukui_minus_CHO_O,ald_qtaim_lap_CO,ald_qtaim_ell_CO
43998,,0.200733,-0.319743,-0.003904,-0.514036,0.413223,0.058943,0.015618,0.004026,0.010736,0.398492,-0.077323,0.131392,0.238532,-0.372261,0.037768,,-0.070493,-0.239287,0.0328,0.028573,0.124108,0.002573,0.153529
152520,,0.192182,-0.292884,0.017219,-0.502115,0.405425,0.049536,0.02081,0.005603,0.020787,0.404071,-0.06199,0.138225,0.234221,-0.364872,0.021339,,0.043829,-0.26317,0.092313,0.072102,0.136022,0.013237,0.147558
197414,,0.18116,-0.321971,-0.012524,-0.494415,0.41265,-0.013896,0.014967,0.00287,0.023351,0.401155,-0.178674,0.142826,0.237385,-0.368869,0.047199,,0.025091,-0.2887,-0.061841,-0.00161,0.176356,-0.091265,0.145452
19106,,0.179963,-0.318905,-0.016295,-0.512938,0.416721,0.100962,0.003505,0.002019,0.001905,0.399966,-0.134392,0.14737,0.244072,-0.397442,0.052455,,0.076863,-0.293494,0.105422,0.016075,0.114585,-0.018576,0.155876
85084,,,,,,,,,,,0.398861,-0.145074,0.134846,0.237516,-0.366203,0.046296,,0.092486,-0.291387,0.071872,0.015141,0.056219,-0.014896,0.160573
