id,error,adch_ketC,adch_ketO,adch_carbC,adch_hydO,adch_hydH,adch_fukui_plus_ketC,adch_fukui_minus_ketC,adch_fukui_plus_carbC,adch_fukui_minus_carbC,qtaim_rho_CO_ket,qtaim_lap_CO_ket,qtaim_ell_CO_ket,qtaim_rho_CC_new,qtaim_lap_CC_new,qtaim_ell_CC_new,qtaim_rho_HB,ald_adch_CHO_C,ald_adch_CHO_O,ald_adch_fukui_plus_CHO_C,ald_adch_fukui_minus_CHO_C,ald_adch_fukui_minus_CHO_O,ald_qtaim_lap_CO,ald_qtaim_ell_CO
126165,,,,,,,,,,,0.395807,-0.116744,0.143123,0.233116,-0.349521,0.05056,0.018238,0.211416,-0.324991,0.054125,0.003326,0.060641,-0.022864,0.16455
169306,,0.366436,-0.316216,0.01966,-0.581566,0.498587,-0.006884,0.01528,-0.006063,-0.005069,0.399395,-0.035804,0.152549,0.228443,-0.324757,0.052987,0.019718,0.011287,-0.234018,0.088203,0.008932,0.143223,0.009322,0.160594
10455,,0.061365,-0.276309,0.018051,-0.514636,0.420367,0.049434,-0.046052,-0.001051,-0.003033,0.398164,-0.052159,0.130846,0.228881,-0.324768,0.051621,,0.132443,-0.323735,0.083442,0.022012,0.091247,-0.063551,0.174582
210167,,0.19919,-0.34383,-0.005757,-0.492272,0.395304,0.082922,0.015762,0.005459,0.001897,0.394207,-0.137237,0.126616,0.242148,-0.389043,0.048109,,0.101645,-0.316564,0.210587,0.120119,0.101621,-0.032575,0.151032
12071,,0.257577,-0.239934,-0.053398,-0.26843,0.265985,0.032681,-0.017739,0.018477,0.025952,0.401741,-0.018918,0.156676,0.231781,-0.339826,0.051287,,0.109856,-0.270497,0.078815,0.036381,0.140546,-0.031818,0.16925
