id,error,adch_ketC,adch_ketO,adch_carbC,adch_hydO,adch_hydH,adch_fukui_plus_ketC,adch_fukui_minus_ketC,adch_fukui_plus_carbC,adch_fukui_minus_carbC,qtaim_rho_CO_ket,qtaim_lap_CO_ket,qtaim_ell_CO_ket,qtaim_rho_CC_new,qtaim_lap_CC_new,qtaim_ell_CC_new,qtaim_rho_HB,ald_adch_CHO_C,ald_adch_CHO_O,ald_adch_fukui_plus_CHO_C,ald_adch_fukui_minus_CHO_C,ald_adch_fukui_minus_CHO_O,ald_qtaim_lap_CO,ald_qtaim_ell_CO
197206,,0.166986,-0.324685,-0.062569,-0.473644,0.38173,0.0673,-0.009927,-0.015784,-0.000649,0.392705,-0.17308,0.147721,0.236885,-0.36741,0.050648,0.021464,0.10455,-0.325826,0.083349,0.046162,0.170516,-0.09742,0.165945
7651,,,,,,,,,,,0.391452,-0.139324,0.132154,0.239217,-0.377532,0.049193,,0.13493,-0.345581,0.046713,-0.119656,0.151086,-0.08543,0.158335
180514,,0.21,-0.283128,0.005864,-0.509682,0.429509,0.066075,0.028615,-0.013597,0.002694,0.402891,-0.098911,0.150969,0.238023,-0.370184,0.053398,,0.122305,-0.264853,0.072156,0.048286,0.162022,-0.018606,0.158112
126781,,,,,,,,,,,0.394455,-0.077284,0.131316,0.233905,-0.349291,0.051926,0.017894,-0.366734,-0.170074,0.02279,-0.061699,0.128458,-0.108854,0.173367
205303,,0.205404,-0.361112,0.076474,-0.510057,0.435597,0.08385,0.018985,0.037237,0.014648,0.394586,-0.160603,0.143504,0.23801,-0.371468,0.046688,0.019894,0.107796,-0.306413,0.090897,0.025635,0.103681,-0.070224,0.164897
