id,error,adch_ketC,adch_ketO,adch_carbC,adch_hydO,adch_hydH,adch_fukui_plus_ketC,adch_fukui_minus_ketC,adch_fukui_plus_carbC,adch_fukui_minus_carbC,qtaim_rho_CO_ket,qtaim_lap_CO_ket,qtaim_ell_CO_ket,qtaim_rho_CC_new,qtaim_lap_CC_new,qtaim_ell_CC_new,qtaim_rho_HB,ald_adch_CHO_C,ald_adch_CHO_O,ald_adch_fukui_plus_CHO_C,ald_adch_fukui_minus_CHO_C,ald_adch_fukui_minus_CHO_O,ald_qtaim_lap_CO,ald_qtaim_ell_CO
209541,,0.194071,-0.348198,-0.004097,-0.533051,0.409754,0.077733,0.038721,0.00734,0.034374,0.395174,-0.117612,0.122177,0.235984,-0.355472,0.047728,,0.100616,-0.303881,0.141911,0.033586,0.145768,-0.000492,0.146023
201097,,0.182926,-0.344793,-0.002102,-0.52173,0.408161,0.133217,0.012948,0.011505,0.012437,0.393728,-0.124944,0.131704,0.242039,-0.389233,0.050301,,0.035625,-0.297466,0.150376,-0.005397,0.177018,-0.021992,0.147246
200201,,0.194568,-0.344037,-0.033715,-0.467451,0.377072,0.217416,0.00783,0.011673,0.001267,0.392763,-0.204099,0.149095,0.237224,-0.36662,0.04887,0.021396,0.186378,-0.361322,0.266834,-0.088922,0.171939,-0.101489,0.167374
34667,,0.184776,-0.333329,-0.017393,-0.518896,0.41295,0.082133,0.025547,0.005391,0.017827,0.396796,-0.110142,0.132371,0.241341,-0.384805,0.04544,,0.090862,-0.306828,0.109964,0.041095,0.143465,-0.030107,0.157543
114740,,0.133104,-0.322908,0.011913,-0.535673,0.423396,0.005893,-0.005518,0.012887,0.019296,0.396467,-0.118494,0.115467,0.237259,-0.365345,0.04366,,0.093883,-0.314436,0.105494,0.03275,0.1146,-0.036081,0.153685
