id,error,adch_ketC,adch_ketO,adch_carbC,adch_hydO,adch_hydH,adch_fukui_plus_ketC,adch_fukui_minus_ketC,adch_fukui_plus_carbC,adch_fukui_minus_carbC,qtaim_rho_CO_ket,qtaim_lap_CO_ket,qtaim_ell_CO_ket,qtaim_rho_CC_new,qtaim_lap_CC_new,qtaim_ell_CC_new,qtaim_rho_HB,ald_adch_CHO_C,ald_adch_CHO_O,ald_adch_fukui_plus_CHO_C,ald_adch_fukui_minus_CHO_C,ald_adch_fukui_minus_CHO_O,ald_qtaim_lap_CO,ald_qtaim_ell_CO
58161,,0.262441,-0.347356,0.039489,-0.502805,0.414474,0.092041,0.053212,0.02801,-0.009704,0.395128,-0.145798,0.143524,0.237786,-0.370165,0.047038,0.019891,0.116073,-0.299441,0.079384,0.038872,0.130829,-0.058522,0.164224
69175,,,,,,,,,,,0.398017,-0.105926,0.142491,0.232469,-0.348312,0.047961,,0.013128,-0.286073,-0.007429,0.038286,0.082064,-0.093744,0.162468
162835,,0.179841,-0.319713,0.026181,-0.520898,0.418479,0.077017,0.085705,-0.021101,-0.006358,0.395397,-0.119164,0.158128,0.230125,-0.331288,0.044074,,0.094717,-0.310571,-0.006424,-0.028996,0.133901,-0.064571,0.160354
62740,,0.272621,-0.349446,0.04043,-0.505297,0.403121,0.072188,0.050074,0.014115,-0.003085,0.394629,-0.143306,0.139811,0.238047,-0.371488,0.047367,0.019996,0.107053,-0.307013,0.068339,0.027332,0.117436,-0.059301,0.161479
33705,,0.226223,-0.364712,0.075463,-0.511269,0.421432,0.094061,0.068316,0.031583,-0.038524,0.391547,-0.187006,0.142292,0.2376,-0.370042,0.047884,0.021362,0.102357,-0.328457,0.090092,0.034764,0.131964,-0.109011,0.168834
