id,error,adch_ketC,adch_ketO,adch_carbC,adch_hydO,adch_hydH,adch_fukui_plus_ketC,adch_fukui_minus_ketC,adch_fukui_plus_carbC,adch_fukui_minus_carbC,qtaim_rho_CO_ket,qtaim_lap_CO_ket,qtaim_ell_CO_ket,qtaim_rho_CC_new,qtaim_lap_CC_new,qtaim_ell_CC_new,qtaim_rho_HB,ald_adch_CHO_C,ald_adch_CHO_O,ald_adch_fukui_plus_CHO_C,ald_adch_fukui_minus_CHO_C,ald_adch_fukui_minus_CHO_O,ald_qtaim_lap_CO,ald_qtaim_ell_CO
154267,,0.222777,-0.360537,0.079843,-0.514436,0.426607,0.059615,0.14398,0.014836,-0.006609,0.390596,-0.172831,0.137334,0.238358,-0.373899,0.047329,0.021791,0.104317,-0.323433,0.048475,0.040165,0.14006,-0.086801,0.166151
136819,,0.211877,-0.341309,0.039326,-0.500682,0.427885,0.067577,0.035998,0.020885,-0.015442,0.396021,-0.147504,0.147078,0.236549,-0.364311,0.046851,0.019977,0.064238,-0.301602,0.083188,0.043375,0.095446,-0.063874,0.167917
211387,,0.214474,-0.369415,0.017394,-0.509381,0.407562,0.088976,0.132269,0.020382,-0.033296,0.388537,-0.196833,0.135541,0.23747,-0.370727,0.047293,0.022556,0.06522,-0.335446,0.094448,-0.039808,0.113253,-0.100296,0.162858
25508,,,,,,,,,,,0.39717,-0.101256,0.135041,0.241753,-0.385167,0.049461,,0.057867,-0.343742,0.026432,-0.001634,0.101649,-0.182578,0.150695
84520,,0.202558,-0.343694,0.110044,-0.515711,0.407328,0.051906,0.05148,0.031402,0.042814,0.392153,-0.185162,0.148606,0.235723,-0.360855,0.048863,0.020393,0.113567,-0.332936,0.101456,0.001076,0.134406,-0.11057,0.172742
