id,error,adch_ketC,adch_ketO,adch_carbC,adch_hydO,adch_hydH,adch_fukui_plus_ketC,adch_fukui_minus_ketC,adch_fukui_plus_carbC,adch_fukui_minus_carbC,qtaim_rho_CO_ket,qtaim_lap_CO_ket,qtaim_ell_CO_ket,qtaim_rho_CC_new,qtaim_lap_CC_new,qtaim_ell_CC_new,qtaim_rho_HB,ald_adch_CHO_C,ald_adch_CHO_O,ald_adch_fukui_plus_CHO_C,ald_adch_fukui_minus_CHO_C,ald_adch_fukui_minus_CHO_O,ald_qtaim_lap_CO,ald_qtaim_ell_CO
211850,,0.195782,-0.349099,-0.013342,-0.523577,0.410095,0.257137,0.015442,0.02229,0.006383,0.396058,-0.153247,0.126134,0.243922,-0.398296,0.052835,,-0.040257,-0.292574,0.217801,-0.02282,0.150466,-0.115096,0.150871
203857,,,,,,,,,,,0.398635,-0.012598,0.140099,0.235292,-0.357757,0.039103,,0.099783,-0.294988,0.076241,-0.006604,0.043944,-0.029421,0.144727
113775,,,,,,,,,,,0.394099,-0.070637,0.122979,0.234368,-0.357286,0.033777,,0.103633,-0.311738,0.082308,0.018999,0.09637,-0.012539,0.138526
124996,,,,,,,,,,,0.392214,-0.167739,0.117727,0.241208,-0.385293,0.051775,0.020219,0.10347,-0.317139,0.08734,0.008894,0.065917,-0.01538,0.143234
122742,,,,,,,0.043384,0.000464,0.002117,-0.000477,0.396648,-0.112745,0.123403,0.241237,-0.387425,0.046246,,0.113487,-0.31851,0.071347,0.014712,0.072559,-0.020437,0.154563
