id,error,adch_ketC,adch_ketO,adch_carbC,adch_hydO,adch_hydH,adch_fukui_plus_ketC,adch_fukui_minus_ketC,adch_fukui_plus_carbC,adch_fukui_minus_carbC,qtaim_rho_CO_ket,qtaim_lap_CO_ket,qtaim_ell_CO_ket,qtaim_rho_CC_new,qtaim_lap_CC_new,qtaim_ell_CC_new,qtaim_rho_HB,ald_adch_CHO_C,ald_adch_CHO_O,ald_adch_fukui_plus_CHO_C,ald_adch_fukui_minus_CHO_C,ald_adch_fukui_minus_CHO_O,ald_qtaim_lap_CO,ald_qtaim_ell_CO
105368,,,,,,,,,,,0.39504,-0.120467,0.135166,0.240033,-0.38003,0.039875,,0.096483,-0.30279,0.054793,0.022045,0.08139,-0.006633,0.153889
25718,,,,,,,,,,,0.396053,-0.127633,0.122654,0.238564,-0.368754,0.053766,,0.096271,-0.308917,0.075614,0.023173,0.098766,-0.028067,0.151336
106123,,0.19511,-0.343267,-0.019599,-0.517524,0.418244,0.058713,0.020582,-0.00823,-0.00058,0.396549,-0.124255,0.130497,0.241428,-0.385329,0.04789,,0.096169,-0.308818,0.059748,0.023721,0.13044,-0.016562,0.154285
205881,,0.190838,-0.337603,0.096089,-0.522415,0.400922,0.101851,0.023607,0.009999,0.020177,0.395503,-0.130831,0.115557,0.238199,-0.371527,0.047158,,0.021476,-0.284503,0.075586,-0.164612,0.177073,-0.021056,0.138421
67073,,0.207287,-0.336906,-0.010666,-0.510016,0.422594,0.000909,-0.007772,-0.004013,-0.007462,0.398462,-0.099652,0.139436,0.240806,-0.38257,0.045049,,-0.114752,-0.226175,-0.083414,-0.10348,0.104754,-0.008944,0.155093
