id,error,adch_ketC,adch_ketO,adch_carbC,adch_hydO,adch_hydH,adch_fukui_plus_ketC,adch_fukui_minus_ketC,adch_fukui_plus_carbC,adch_fukui_minus_carbC,qtaim_rho_CO_ket,qtaim_lap_CO_ket,qtaim_ell_CO_ket,qtaim_rho_CC_new,qtaim_lap_CC_new,qtaim_ell_CC_new,qtaim_rho_HB,ald_adch_CHO_C,ald_adch_CHO_O,ald_adch_fukui_plus_CHO_C,ald_adch_fukui_minus_CHO_C,ald_adch_fukui_minus_CHO_O,ald_qtaim_lap_CO,ald_qtaim_ell_CO
99431,,,,,,,,,,,0.402418,-0.175801,0.145569,0.241166,-0.383001,0.049851,0.018432,-0.026476,-0.258481,0.071721,-0.0707,0.064478,-0.079792,0.144537
161286,,0.208359,-0.337859,0.018894,-0.491947,0.402664,0.085978,0.067564,0.019149,-0.001159,0.394449,-0.148706,0.149067,0.237129,-0.366419,0.048579,0.019749,0.087616,-0.30944,0.086331,0.002116,0.093996,-0.065545,0.16887
187706,,0.172699,-0.326743,0.021571,-0.502759,0.404381,0.049671,0.002235,-0.004841,0.005945,0.394913,-0.202276,0.161006,0.23236,-0.344219,0.051755,,0.209808,-0.31342,0.062637,-0.188084,0.121437,-0.141698,0.183062
106678,,,,,,,,,,,0.392219,-0.062572,0.145011,0.232129,-0.342811,0.038467,,-0.035835,-0.273948,0.091256,-0.027378,0.054209,0.017904,0.148393
174095,,0.202542,-0.279224,0.033086,-0.55303,0.439846,0.04322,0.020563,-0.014237,-0.018553,0.401488,-0.059206,0.153578,0.231245,-0.336748,0.054248,,0.109165,-0.293463,0.086221,0.052672,0.180597,-0.071534,0.166279
