id,error,adch_ketC,adch_ketO,adch_carbC,adch_hydO,adch_hydH,adch_fukui_plus_ketC,adch_fukui_minus_ketC,adch_fukui_plus_carbC,adch_fukui_minus_carbC,qtaim_rho_CO_ket,qtaim_lap_CO_ket,qtaim_ell_CO_ket,qtaim_rho_CC_new,qtaim_lap_CC_new,qtaim_ell_CC_new,qtaim_rho_HB,ald_adch_CHO_C,ald_adch_CHO_O,ald_adch_fukui_plus_CHO_C,ald_adch_fukui_minus_CHO_C,ald_adch_fukui_minus_CHO_O,ald_qtaim_lap_CO,ald_qtaim_ell_CO
41571,,0.219373,-0.317771,0.00125,-0.468961,0.377107,0.115534,0.007696,0.007279,0.01035,0.395118,-0.115781,0.141654,0.235493,-0.360114,0.054043,0.018632,0.108814,-0.311922,0.102476,0.040294,0.144118,-0.065864,0.161129
109333,,,,,,,,,,,0.390312,-0.174267,0.136121,0.237763,-0.370391,0.04791,0.021423,0.102162,-0.334,0.070584,0.022239,0.078324,-0.109215,0.166631
172050,,0.166669,-0.303399,0.026627,-0.495845,0.402438,0.089878,0.085792,-0.027159,-0.020897,0.395632,-0.124924,0.156066,0.229197,-0.327783,0.045085,,0.09969,-0.302016,0.095342,0.040204,0.146986,-0.055977,0.162272
72808,,,,,,,,,,,0.393624,-0.110309,0.129209,0.237917,-0.369658,0.057637,0.017701,0.09664,-0.306292,0.053902,0.024467,0.113879,-0.087193,0.15964
194509,,0.161758,-0.34251,0.06942,-0.502884,0.421278,0.103565,0.078482,0.017174,0.00237,0.395487,-0.132363,0.144113,0.237734,-0.369996,0.046687,0.019538,0.088678,-0.301649,0.044652,-0.005168,0.13722,-0.049461,0.163994
