id,error,adch_ketC,adch_ketO,adch_carbC,adch_hydO,adch_hydH,adch_fukui_plus_ketC,adch_fukui_minus_ketC,adch_fukui_plus_carbC,adch_fukui_minus_carbC,qtaim_rho_CO_ket,qtaim_lap_CO_ket,qtaim_ell_CO_ket,qtaim_rho_CC_new,qtaim_lap_CC_new,qtaim_ell_CC_new,qtaim_rho_HB,ald_adch_CHO_C,ald_adch_CHO_O,ald_adch_fukui_plus_CHO_C,ald_adch_fukui_minus_CHO_C,ald_adch_fukui_minus_CHO_O,ald_qtaim_lap_CO,ald_qtaim_ell_CO
150139,,,,,,,,,,,0.391203,-0.190132,0.141,0.237167,-0.368084,0.047651,0.021527,0.102021,-0.330625,0.083338,0.027654,0.102838,-0.105521,0.167843
22875,,0.242173,-0.369662,0.051492,-0.514916,0.403346,0.061966,0.035079,0.010347,-0.001467,0.389173,-0.19286,0.133454,0.238048,-0.372976,0.047773,0.022464,0.103757,-0.334839,0.071011,0.023339,0.123612,-0.108736,0.162831
169940,,0.21078,-0.350059,0.033923,-0.505181,0.423595,0.080399,-0.001191,0.008402,0.000693,0.394702,-0.193624,0.145906,0.232832,-0.346468,0.05658,,-0.440246,-0.136194,0.033262,-0.016927,0.141589,-0.162285,0.166102
2236,,,,,,,,,,,0.388842,-0.196376,0.137059,0.23735,-0.369246,0.048241,0.022515,0.101305,-0.337914,0.067971,0.025608,0.096627,-0.11751,0.166912
22448,,0.218108,-0.360927,0.032731,-0.513027,0.401269,0.025093,-0.01529,0.00953,0.003108,0.383021,-0.235568,0.130155,0.240863,-0.389132,0.054317,0.021363,0.099925,-0.335246,0.061792,0.026568,0.115702,-0.148849,0.153933
