id,error,adch_ketC,adch_ketO,adch_carbC,adch_hydO,adch_hydH,adch_fukui_plus_ketC,adch_fukui_minus_ketC,adch_fukui_plus_carbC,adch_fukui_minus_carbC,qtaim_rho_CO_ket,qtaim_lap_CO_ket,qtaim_ell_CO_ket,qtaim_rho_CC_new,qtaim_lap_CC_new,qtaim_ell_CC_new,qtaim_rho_HB,ald_adch_CHO_C,ald_adch_CHO_O,ald_adch_fukui_plus_CHO_C,ald_adch_fukui_minus_CHO_C,ald_adch_fukui_minus_CHO_O,ald_qtaim_lap_CO,ald_qtaim_ell_CO
128686,,0.187558,-0.325408,-0.005821,-0.479935,0.379522,0.068457,,0.005381,,0.396067,-0.133735,0.109329,0.24269,-0.391455,0.033984,,0.060592,-0.310614,0.193958,0.160525,0.059793,-0.08514,0.153113
110714,,,,,,,,,,,0.384628,-0.255495,0.149237,0.234194,-0.354518,0.054874,0.021288,0.076404,-0.398157,0.111595,0.003536,0.133941,-0.197068,0.176871
33138,,,,,,,,,,,0.393604,-0.13081,0.133586,0.238709,-0.373588,0.050942,0.017761,0.041752,-0.306666,0.007975,-0.009683,0.08955,-0.077763,0.162711
75851,,0.259512,-0.349055,-0.003065,-0.486763,0.44818,0.085455,-0.019016,-0.03779,-0.004079,0.398427,-0.080327,0.141898,0.232624,-0.339339,0.05668,,0.080193,-0.324907,0.097103,0.038541,0.115927,-0.122584,0.150884
203807,,0.155446,-0.354485,0.0154,-0.524372,0.414731,-0.02015,-0.03563,-0.001217,-0.007172,0.388592,-0.267295,0.156818,0.237004,-0.369144,0.050424,0.022839,0.09879,-0.358391,0.037204,0.013137,0.060729,-0.186826,0.182145
