id,error,adch_ketC,adch_ketO,adch_carbC,adch_hydO,adch_hydH,adch_fukui_plus_ketC,adch_fukui_minus_ketC,adch_fukui_plus_carbC,adch_fukui_minus_carbC,qtaim_rho_CO_ket,qtaim_lap_CO_ket,qtaim_ell_CO_ket,qtaim_rho_CC_new,qtaim_lap_CC_new,qtaim_ell_CC_new,qtaim_rho_HB,ald_adch_CHO_C,ald_adch_CHO_O,ald_adch_fukui_plus_CHO_C,ald_adch_fukui_minus_CHO_C,ald_adch_fukui_minus_CHO_O,ald_qtaim_lap_CO,ald_qtaim_ell_CO
92449,,,,,,,,,,,0.397292,-0.112744,0.137486,0.232761,-0.344631,0.050074,0.018866,0.105723,-0.314725,0.069208,0.015173,0.059505,-0.060054,0.15839
191146,,,,,,,,,,,0.394898,-0.140285,0.147565,0.239206,-0.378124,0.051183,0.020284,0.093873,-0.306425,0.06016,0.048891,0.081559,-0.053496,0.160952
144881,,0.190314,-0.322284,-0.004549,-0.52048,0.407037,0.057724,0.01531,0.000388,0.012298,0.397862,-0.096359,0.135321,0.240149,-0.37947,0.040252,,0.094245,-0.297114,0.090967,0.026683,0.090167,-0.00374,0.159397
10645,,0.191781,-0.271099,0.016497,-0.327339,0.433396,0.028982,0.000461,-0.010443,-0.000793,0.39892,-0.146994,0.170227,0.230431,-0.339372,0.0516,,0.098022,-0.290136,0.051145,0.035288,0.139205,-0.065308,0.178401
18479,,0.260487,-0.330479,0.006881,-0.528922,0.418855,0.067514,0.023522,-0.001971,-0.009406,0.390642,-0.249108,0.16267,0.236522,-0.369178,0.049052,0.018715,0.085239,-0.350664,0.068239,0.033315,0.127058,-0.184716,0.183347
