id,error,adch_ketC,adch_ketO,adch_carbC,adch_hydO,adch_hydH,adch_fukui_plus_ketC,adch_fukui_minus_ketC,adch_fukui_plus_carbC,adch_fukui_minus_carbC,qtaim_rho_CO_ket,qtaim_lap_CO_ket,qtaim_ell_CO_ket,qtaim_rho_CC_new,qtaim_lap_CC_new,qtaim_ell_CC_new,qtaim_rho_HB,ald_adch_CHO_C,ald_adch_CHO_O,ald_adch_fukui_plus_CHO_C,ald_adch_fukui_minus_CHO_C,ald_adch_fukui_minus_CHO_O,ald_qtaim_lap_CO,ald_qtaim_ell_CO
58657,,0.177153,-0.319329,-0.041053,-0.474962,0.37966,0.060458,0.018441,-0.016549,0.01073,0.392153,-0.142571,0.145762,0.235126,-0.354364,0.045086,,0.348842,-0.547379,0.145429,0.1072,0.023486,-0.131365,0.161793
180934,,0.194757,-0.319265,0.010465,-0.514573,0.424091,0.045458,0.015077,0.008912,0.015432,0.397717,-0.149678,0.14864,0.241319,-0.38708,0.055371,,0.083895,-0.303745,0.057137,0.033968,0.120238,-0.065915,0.158628
193459,,0.120686,-0.290779,-0.056786,-0.508093,0.431958,0.030572,0.038477,-0.0239,-0.031416,0.401479,-0.031692,0.152619,0.229785,-0.330591,0.054595,,0.073481,-0.273019,0.045958,0.006703,0.203361,-0.019517,0.163496
122781,,,,,,,,,,,0.386005,-0.271082,0.160058,0.235735,-0.362149,0.050418,0.021479,0.08191,-0.350837,0.037392,0.011897,0.055853,-0.191034,0.187872
149978,,0.236082,-0.322005,-0.00753,-0.466063,0.380458,0.016692,0.019386,-0.00113,0.009146,0.39505,-0.101917,0.139128,0.236239,-0.361478,0.050643,,0.079007,-0.317332,0.033013,0.031041,0.126883,-0.076881,0.164976
