id,error,adch_ketC,adch_ketO,adch_carbC,adch_hydO,adch_hydH,adch_fukui_plus_ketC,adch_fukui_minus_ketC,adch_fukui_plus_carbC,adch_fukui_minus_carbC,qtaim_rho_CO_ket,qtaim_lap_CO_ket,qtaim_ell_CO_ket,qtaim_rho_CC_new,qtaim_lap_CC_new,qtaim_ell_CC_new,qtaim_rho_HB,ald_adch_CHO_C,ald_adch_CHO_O,ald_adch_fukui_plus_CHO_C,ald_adch_fukui_minus_CHO_C,ald_adch_fukui_minus_CHO_O,ald_qtaim_lap_CO,ald_qtaim_ell_CO
199297,,,,,,,,,,,0.388628,-0.210663,0.13665,0.23709,-0.368752,0.047612,0.022899,0.1007,-0.341852,0.072106,0.013896,0.066272,-0.125877,0.167195
98941,,,,,,,,,,,0.393325,-0.140839,0.156822,0.244178,-0.392566,0.059726,0.019736,0.083429,-0.299017,0.09516,-0.001901,0.021634,-0.023865,0.140472
171797,,0.196379,-0.304286,0.033439,-0.522636,0.421659,0.08768,0.047215,0.015285,0.013307,0.398151,-0.102482,0.156273,0.22911,-0.328975,0.033416,,0.117225,-0.288328,0.086132,0.052184,0.161123,-0.04426,0.165821
217690,,0.193027,-0.322417,0.012165,-0.51439,0.401912,0.028316,-0.0127,-0.002831,0.000617,0.39879,-0.080274,0.134432,0.235763,-0.358142,0.046392,,0.116964,-0.296345,0.092676,0.021296,0.13636,0.012487,0.151798
216457,,0.181124,-0.333579,-0.015372,-0.514766,0.409185,0.131016,0.008812,0.012624,0.008047,0.393045,-0.169533,0.125,0.246537,-0.408435,0.05814,,0.129403,-0.324816,0.19497,0.102585,0.07873,-0.048875,0.142509
