id,error,adch_ketC,adch_ketO,adch_carbC,adch_hydO,adch_hydH,adch_fukui_plus_ketC,adch_fukui_minus_ketC,adch_fukui_plus_carbC,adch_fukui_minus_carbC,qtaim_rho_CO_ket,qtaim_lap_CO_ket,qtaim_ell_CO_ket,qtaim_rho_CC_new,qtaim_lap_CC_new,qtaim_ell_CC_new,qtaim_rho_HB,ald_adch_CHO_C,ald_adch_CHO_O,ald_adch_fukui_plus_CHO_C,ald_adch_fukui_minus_CHO_C,ald_adch_fukui_minus_CHO_O,ald_qtaim_lap_CO,ald_qtaim_ell_CO
117733,,,,,,,,,,,0.397732,-0.117379,0.128355,0.24288,-0.396635,0.043906,,0.087312,-0.304561,0.087054,0.019447,0.080132,-0.027951,0.142846
23992,,0.179573,-0.358356,-0.018582,-0.515258,0.406097,0.154283,0.010584,0.011495,0.003735,0.391797,-0.169884,0.122059,0.243013,-0.392854,0.047697,0.019438,0.092341,-0.313892,0.187077,0.024194,0.092477,-0.030889,0.145951
23106,,0.188127,-0.343038,-0.007839,-0.519667,0.408325,0.251611,0.015902,0.022101,0.01353,0.394676,-0.125236,0.132185,0.241915,-0.388199,0.04654,,0.096599,-0.315735,0.263706,0.027867,0.130827,-0.022785,0.151435
56714,,,,,,,,,,,0.397371,-0.103822,0.150055,0.242198,-0.385596,0.048829,,0.112528,-0.298474,0.020321,0.00885,0.043475,0.017159,0.150681
108042,,0.190634,-0.333712,0.010828,-0.574643,0.469674,0.017328,0.018131,0.000113,0.012496,0.395479,-0.114277,0.139924,0.243889,-0.405168,0.045239,,0.292771,-0.371547,0.469992,0.266992,0.005463,0.020172,0.147843
