id,error,adch_ketC,adch_ketO,adch_carbC,adch_hydO,adch_hydH,adch_fukui_plus_ketC,adch_fukui_minus_ketC,adch_fukui_plus_carbC,adch_fukui_minus_carbC,qtaim_rho_CO_ket,qtaim_lap_CO_ket,qtaim_ell_CO_ket,qtaim_rho_CC_new,qtaim_lap_CC_new,qtaim_ell_CC_new,qtaim_rho_HB,ald_adch_CHO_C,ald_adch_CHO_O,ald_adch_fukui_plus_CHO_C,ald_adch_fukui_minus_CHO_C,ald_adch_fukui_minus_CHO_O,ald_qtaim_lap_CO,ald_qtaim_ell_CO
60482,,,,,,,,,,,0.396843,-0.131266,0.136126,0.242159,-0.3876,0.047855,,-0.176834,-0.209785,0.054026,-0.005229,0.060792,-0.059649,0.144758
18182,,0.184792,-0.318958,0.057966,-0.509096,0.438378,0.091159,0.023176,0.068485,0.009499,0.399197,-0.167741,0.174602,0.23718,-0.366542,0.053999,,0.097346,-0.298423,0.104761,0.051115,0.167068,-0.100655,0.18717
155567,,0.280251,-0.302964,0.013099,-0.475124,0.376736,0.076707,0.037553,0.022125,0.018565,0.396219,-0.110223,0.144946,0.237292,-0.366792,0.053078,,0.104619,-0.317017,0.061453,0.026827,0.116624,-0.09921,0.162721
203115,,0.194888,-0.366173,0.001293,-0.550305,0.451441,0.114396,0.003749,0.006238,-0.005802,0.396424,-0.160666,0.130849,0.248967,-0.421644,0.061723,,-0.10715,-0.233764,0.078456,0.031338,0.071795,-0.016326,0.147059
20870,,,,,,,,,,,0.390894,-0.142539,0.150425,0.234546,-0.352731,0.042324,,0.091694,-0.328006,0.024404,-0.025366,0.159874,-0.172684,0.15214
