id,error,adch_ketC,adch_ketO,adch_carbC,adch_hydO,adch_hydH,adch_fukui_plus_ketC,adch_fukui_minus_ketC,adch_fukui_plus_carbC,adch_fukui_minus_carbC,qtaim_rho_CO_ket,qtaim_lap_CO_ket,qtaim_ell_CO_ket,qtaim_rho_CC_new,qtaim_lap_CC_new,qtaim_ell_CC_new,qtaim_rho_HB,ald_adch_CHO_C,ald_adch_CHO_O,ald_adch_fukui_plus_CHO_C,ald_adch_fukui_minus_CHO_C,ald_adch_fukui_minus_CHO_O,ald_qtaim_lap_CO,ald_qtaim_ell_CO
154791,,,,,,,,,,,0.393494,-0.112395,0.110583,0.235795,-0.362593,0.026722,,0.079606,-0.316631,0.239552,-0.021499,0.122556,-0.050516,0.143206
16341,,0.191521,-0.343261,-0.020371,-0.520024,0.415933,0.115377,0.016962,0.003507,0.009943,0.396548,-0.132831,0.13011,0.242128,-0.388441,0.049256,,0.098002,-0.311254,0.138926,0.034064,0.169273,-0.020691,0.152495
92229,,,,,,,,,,,0.397595,-0.145458,0.138969,0.23833,-0.37656,0.042375,,0.022157,-0.287748,0.020258,-0.08914,0.09906,-0.060661,0.152419
99954,,,,,,,,,,,0.393454,-0.133891,0.127095,0.239374,-0.372123,0.047123,0.020971,-0.095117,-0.259105,0.055721,0.006421,0.052877,-0.060912,0.126416
33720,,0.181917,-0.335253,-0.011701,-0.512757,0.409763,0.091897,0.009174,0.006046,0.005083,0.397869,-0.154448,0.136756,0.24373,-0.398551,0.048889,,0.086435,-0.304733,0.117784,0.02948,0.135971,-0.035575,0.152817
