id,error,adch_ketC,adch_ketO,adch_carbC,adch_hydO,adch_hydH,adch_fukui_plus_ketC,adch_fukui_minus_ketC,adch_fukui_plus_carbC,adch_fukui_minus_carbC,qtaim_rho_CO_ket,qtaim_lap_CO_ket,qtaim_ell_CO_ket,qtaim_rho_CC_new,qtaim_lap_CC_new,qtaim_ell_CC_new,qtaim_rho_HB,ald_adch_CHO_C,ald_adch_CHO_O,ald_adch_fukui_plus_CHO_C,ald_adch_fukui_minus_CHO_C,ald_adch_fukui_minus_CHO_O,ald_qtaim_lap_CO,ald_qtaim_ell_CO
178760,,0.214405,-0.33845,-0.008385,-0.531753,0.434548,0.05079,0.006259,0.004031,0.019402,0.395366,-0.121086,0.132289,0.241962,-0.391044,0.05109,0.018751,0.098222,-0.302543,0.049163,-0.023194,0.123243,-0.029321,0.146844
171208,,0.348022,-0.333005,0.034366,-0.574764,0.476125,0.033479,0.132981,-0.027814,-0.030204,0.400114,-0.072199,0.145803,0.226215,-0.313418,0.042052,,0.049591,-0.276299,-0.100197,-0.098342,0.214118,-0.060602,0.1725
39055,,0.180308,-0.398238,0.022878,-0.53327,0.400442,0.03447,-0.00852,0.007376,-0.000137,0.380322,-0.317615,0.145704,0.236012,-0.366102,0.051192,0.027922,0.089595,-0.410663,0.048596,0.018997,0.075224,-0.251038,0.172569
159037,,0.192995,-0.361839,0.059136,-0.580023,0.458975,0.112648,-0.020259,0.01303,0.00622,0.394464,-0.172709,0.133857,0.237582,-0.370918,0.049859,0.021828,0.122294,-0.391785,0.103278,0.050642,0.056304,-0.110395,0.160607
42133,,0.188017,-0.303189,0.124861,-0.477545,0.389349,0.058432,-0.012408,0.050885,0.056282,0.397205,-0.137234,0.153598,0.237903,-0.371285,0.050969,0.020047,0.107404,-0.30323,0.07929,0.045444,0.160808,-0.058332,0.164032
