id,error,adch_ketC,adch_ketO,adch_carbC,adch_hydO,adch_hydH,adch_fukui_plus_ketC,adch_fukui_minus_ketC,adch_fukui_plus_carbC,adch_fukui_minus_carbC,qtaim_rho_CO_ket,qtaim_lap_CO_ket,qtaim_ell_CO_ket,qtaim_rho_CC_new,qtaim_lap_CC_new,qtaim_ell_CC_new,qtaim_rho_HB,ald_adch_CHO_C,ald_adch_CHO_O,ald_adch_fukui_plus_CHO_C,ald_adch_fukui_minus_CHO_C,ald_adch_fukui_minus_CHO_O,ald_qtaim_lap_CO,ald_qtaim_ell_CO
65901,,,,,,,,,,,0.390389,-0.18839,0.145165,0.23511,-0.358199,0.050265,0.024021,-0.15887,-0.246372,0.026523,-0.053327,0.102743,-0.097864,0.169227
17874,,0.220673,-0.353433,-0.016653,-0.514364,0.432833,0.071959,0.037575,-0.016545,-0.004309,0.391406,-0.156899,0.138331,0.237913,-0.371064,0.048118,0.021417,0.10602,-0.321407,0.070654,0.045026,0.140727,-0.075617,0.163231
93997,,,,,,,,,,,0.395222,-0.167322,0.140976,0.239883,-0.382197,0.051435,0.020684,0.140466,-0.324003,0.090432,0.074432,0.054416,-0.144568,0.155941
42162,,0.174699,-0.312505,0.048496,-0.478869,0.382903,0.050166,0.007864,0.020204,0.018059,0.394357,-0.131231,0.145518,0.238776,-0.376078,0.050584,0.019975,0.133871,-0.335148,0.058379,0.089507,0.105893,-0.055965,0.159441
51047,,0.257234,-0.327239,-0.02781,-0.461913,0.375158,0.105538,0.007081,0.006478,-0.010819,0.393167,-0.111288,0.130816,0.236554,-0.363199,0.049821,0.017997,0.111401,-0.32622,0.106402,0.022486,0.128954,-0.089152,0.156582
