id,error,adch_ketC,adch_ketO,adch_carbC,adch_hydO,adch_hydH,adch_fukui_plus_ketC,adch_fukui_minus_ketC,adch_fukui_plus_carbC,adch_fukui_minus_carbC,qtaim_rho_CO_ket,qtaim_lap_CO_ket,qtaim_ell_CO_ket,qtaim_rho_CC_new,qtaim_lap_CC_new,qtaim_ell_CC_new,qtaim_rho_HB,ald_adch_CHO_C,ald_adch_CHO_O,ald_adch_fukui_plus_CHO_C,ald_adch_fukui_minus_CHO_C,ald_adch_fukui_minus_CHO_O,ald_qtaim_lap_CO,ald_qtaim_ell_CO
46613,,0.187331,-0.333855,-0.042748,-0.441876,0.335125,-0.002313,0.014527,0.005299,0.022539,0.398327,-0.093987,0.138096,0.236125,-0.356308,0.047549,,0.068402,-0.295243,-0.016116,-0.063656,0.189357,-0.023961,0.158817
181395,,0.190401,-0.330112,-0.023176,-0.494158,0.400647,0.253195,0.034637,0.019262,0.024944,0.396165,-0.119051,0.137194,0.239788,-0.378639,0.040535,,0.095005,-0.298029,0.255658,0.051447,0.176083,-0.01137,0.156639
74674,,,,,,,,,,,0.396964,-0.126414,0.139983,0.241554,-0.385016,0.047087,,0.052623,-0.327021,0.005146,0.010689,0.104059,-0.145493,0.155149
105050,,,,,,,,,,,0.395784,-0.13972,0.124916,0.244074,-0.398516,0.051631,0.018541,0.091849,-0.306757,0.109336,0.006112,0.022022,-0.028724,0.149719
64231,,0.160151,-0.314231,-0.034697,-0.445213,0.336521,0.065053,0.051715,-0.017024,-0.005005,0.39963,-0.087936,0.14267,0.235911,-0.354443,0.044918,,0.101992,-0.288888,0.048894,0.019776,0.107906,0.013377,0.152703
