id,error,adch_ketC,adch_ketO,adch_carbC,adch_hydO,adch_hydH,adch_fukui_plus_ketC,adch_fukui_minus_ketC,adch_fukui_plus_carbC,adch_fukui_minus_carbC,qtaim_rho_CO_ket,qtaim_lap_CO_ket,qtaim_ell_CO_ket,qtaim_rho_CC_new,qtaim_lap_CC_new,qtaim_ell_CC_new,qtaim_rho_HB,ald_adch_CHO_C,ald_adch_CHO_O,ald_adch_fukui_plus_CHO_C,ald_adch_fukui_minus_CHO_C,ald_adch_fukui_minus_CHO_O,ald_qtaim_lap_CO,ald_qtaim_ell_CO
152783,,,,,,,,,,,0.397853,-0.097387,0.130677,0.241158,-0.383155,0.050114,0.020626,0.108334,-0.291473,0.076408,0.020123,0.095326,0.021755,0.155619
46593,,0.210756,-0.323694,-0.020618,-0.471883,0.380054,0.042949,0.003905,-0.010013,0.003415,0.394816,-0.086438,0.13112,0.237229,-0.366155,0.051699,,0.040615,-0.305829,0.071538,0.004926,0.148396,-0.080664,0.163611
173667,,0.0177,-0.195108,0.102606,-0.503625,0.417699,0.015412,-0.007406,0.01284,0.002809,0.397126,-0.108821,0.147336,0.232219,-0.351349,0.05019,,0.209244,-0.318748,0.072347,0.030407,0.143474,-0.051436,0.15763
47078,,,,,,,,,,,0.388024,-0.249981,0.151306,0.228227,-0.326884,0.050497,0.019791,0.111243,-0.396899,0.064979,0.037218,0.030276,-0.176258,0.175855
31240,,0.155385,-0.282112,0.037206,-0.467258,0.389635,0.074064,-0.078699,0.01095,0.018821,0.396861,-0.075433,0.148294,0.235605,-0.35928,0.051207,,0.102662,-0.327882,0.051558,0.006275,0.095394,-0.087838,0.171579
