id,error,adch_ketC,adch_ketO,adch_carbC,adch_hydO,adch_hydH,adch_fukui_plus_ketC,adch_fukui_minus_ketC,adch_fukui_plus_carbC,adch_fukui_minus_carbC,qtaim_rho_CO_ket,qtaim_lap_CO_ket,qtaim_ell_CO_ket,qtaim_rho_CC_new,qtaim_lap_CC_new,qtaim_ell_CC_new,qtaim_rho_HB,ald_adch_CHO_C,ald_adch_CHO_O,ald_adch_fukui_plus_CHO_C,ald_adch_fukui_minus_CHO_C,ald_adch_fukui_minus_CHO_O,ald_qtaim_lap_CO,ald_qtaim_ell_CO
62654,,0.294131,-0.365416,-0.006816,-0.500113,0.426451,0.07322,,-0.002846,,0.395614,-0.128726,0.143635,0.237117,-0.366449,0.047478,0.019602,0.112738,-0.295467,0.050329,0.046793,0.152241,-0.046228,0.163339
66591,,0.229889,-0.360979,0.070455,-0.501238,0.416681,0.093898,0.048948,0.049223,0.015514,0.392524,-0.151085,0.142106,0.238443,-0.373427,0.048927,0.020362,0.106888,-0.311071,0.093546,0.043845,0.170495,-0.063967,0.16451
190005,,0.179314,-0.289725,-0.013943,-0.485355,0.396772,0.061536,-0.008912,-0.015132,-6.2e-05,0.396137,-0.067303,0.147907,0.235915,-0.360034,0.051592,,0.11612,-0.326342,0.08672,0.020142,0.102013,-0.070698,0.160011
169114,,0.192604,-0.30917,0.047719,-0.507961,0.425896,0.017309,0.00436,0.017772,0.02931,0.398112,-0.084809,0.148227,0.23416,-0.351313,0.04716,,0.111671,-0.301957,0.07519,0.050116,0.150349,-0.044795,0.16044
149830,,0.26156,-0.381186,-0.025228,-0.523561,0.409552,0.056145,0.106664,-0.014934,-0.036131,0.386929,-0.219213,0.138479,0.237966,-0.373316,0.05033,0.022014,0.103985,-0.35636,0.06425,0.03935,0.152942,-0.148508,0.169821
