id,error,adch_ketC,adch_ketO,adch_carbC,adch_hydO,adch_hydH,adch_fukui_plus_ketC,adch_fukui_minus_ketC,adch_fukui_plus_carbC,adch_fukui_minus_carbC,qtaim_rho_CO_ket,qtaim_lap_CO_ket,qtaim_ell_CO_ket,qtaim_rho_CC_new,qtaim_lap_CC_new,qtaim_ell_CC_new,qtaim_rho_HB,ald_adch_CHO_C,ald_adch_CHO_O,ald_adch_fukui_plus_CHO_C,ald_adch_fukui_minus_CHO_C,ald_adch_fukui_minus_CHO_O,ald_qtaim_lap_CO,ald_qtaim_ell_CO
125693,,0.247097,-0.365673,0.061034,-0.509608,0.417177,0.100505,0.073845,0.011541,-0.025822,0.391454,-0.158327,0.139144,0.238192,-0.372871,0.046959,0.021474,0.103767,-0.320083,0.064779,0.026436,0.111651,-0.077458,0.165028
112934,,,,,,,,,,,0.393505,-0.055062,0.119579,0.239073,-0.379601,0.025121,,0.077147,-0.289834,0.065536,-0.008193,0.064999,0.001935,0.141446
114107,,0.187487,-0.31849,0.011861,-0.535086,0.394295,0.114895,0.007069,0.021971,0.017246,0.395884,-0.110923,0.132225,0.238748,-0.371855,0.046154,0.019418,0.09682,-0.302185,0.123895,0.020129,0.110605,-0.017743,0.15453
93053,,0.186594,-0.333733,-0.024115,-0.516193,0.422859,0.081911,-0.000468,0.003652,-0.002923,0.396778,-0.122701,0.131757,0.239882,-0.378572,0.043823,,0.093996,-0.30406,0.096916,0.013408,0.052772,-0.024824,0.159181
92643,,0.177243,-0.315593,-0.021797,-0.495934,0.40865,0.041564,0.002078,0.000531,0.00187,0.39895,-0.070103,0.1407,0.239091,-0.37476,0.04272,,0.088237,-0.295198,0.064574,0.01708,0.064971,0.006077,0.160138
