id,error,adch_ketC,adch_ketO,adch_carbC,adch_hydO,adch_hydH,adch_fukui_plus_ketC,adch_fukui_minus_ketC,adch_fukui_plus_carbC,adch_fukui_minus_carbC,qtaim_rho_CO_ket,qtaim_lap_CO_ket,qtaim_ell_CO_ket,qtaim_rho_CC_new,qtaim_lap_CC_new,qtaim_ell_CC_new,qtaim_rho_HB,ald_adch_CHO_C,ald_adch_CHO_O,ald_adch_fukui_plus_CHO_C,ald_adch_fukui_minus_CHO_C,ald_adch_fukui_minus_CHO_O,ald_qtaim_lap_CO,ald_qtaim_ell_CO
149886,,,,,,,,,,,0.396406,-0.089444,0.142595,0.230753,-0.334146,0.05052,0.01978,0.10719,-0.311774,0.095838,0.032252,0.112159,-0.101685,0.168056
25412,,0.208601,-0.369402,0.029082,-0.505514,0.406088,0.105658,0.043259,0.041721,-0.000425,0.390724,-0.178407,0.133789,0.238008,-0.372377,0.048753,0.021544,0.107843,-0.323504,0.104234,0.039089,0.152277,-0.085449,0.160539
84170,,,,,,,,,,,0.386041,-0.196704,0.14261,0.237769,-0.372292,0.048486,0.020619,0.131357,-0.323491,0.046194,-0.00064,0.047113,-0.118024,0.163799
137114,,0.170804,-0.344297,0.006332,-0.509044,0.396521,0.064679,0.040993,-0.001189,0.008086,0.392315,-0.271403,0.167891,0.231943,-0.342147,0.053308,0.020823,0.034679,-0.345314,0.039002,0.162793,0.146618,-0.202975,0.190732
201426,,,,,,,0.077184,-0.009165,0.007201,-0.005413,0.390692,-0.111668,0.116591,0.237435,-0.366828,0.055854,0.020469,0.100751,-0.336934,0.092008,0.013617,0.057207,-0.100411,0.153415
