id,error,adch_ketC,adch_ketO,adch_carbC,adch_hydO,adch_hydH,adch_fukui_plus_ketC,adch_fukui_minus_ketC,adch_fukui_plus_carbC,adch_fukui_minus_carbC,qtaim_rho_CO_ket,qtaim_lap_CO_ket,qtaim_ell_CO_ket,qtaim_rho_CC_new,qtaim_lap_CC_new,qtaim_ell_CC_new,qtaim_rho_HB,ald_adch_CHO_C,ald_adch_CHO_O,ald_adch_fukui_plus_CHO_C,ald_adch_fukui_minus_CHO_C,ald_adch_fukui_minus_CHO_O,ald_qtaim_lap_CO,ald_qtaim_ell_CO
198482,,0.196787,-0.329122,0.152488,-0.499071,0.404914,0.064717,-0.014759,0.062266,0.040805,0.393812,-0.155192,0.150281,0.237699,-0.370858,0.051175,0.021182,0.105914,-0.318177,0.078476,0.037176,0.137922,-0.081194,0.166142
64029,,,,,,,,,,,0.392719,-0.148173,0.155769,0.229217,-0.327934,0.043355,,0.08382,-0.349296,0.047115,0.070895,0.10137,-0.142404,0.154688
140790,,0.223135,-0.366318,0.117467,-0.51039,0.419206,0.073791,0.043467,0.036663,0.052031,0.390907,-0.160701,0.134912,0.238109,-0.372807,0.04705,0.021302,0.077398,-0.323617,0.071963,-0.113982,0.136644,-0.075488,0.161487
109109,,,,,,,,,,,0.392061,-0.18059,0.134783,0.238278,-0.373707,0.047224,0.020494,0.134053,-0.321223,0.074628,-0.027014,0.111476,-0.081969,0.165293
118863,,,,,,,0.104955,0.030406,-0.00619,-0.001909,0.397202,-0.112323,0.131932,0.231781,-0.338246,0.046442,,0.04106,-0.330487,0.028313,0.015218,0.116236,-0.152574,0.174704
