id,error,adch_ketC,adch_ketO,adch_carbC,adch_hydO,adch_hydH,adch_fukui_plus_ketC,adch_fukui_minus_ketC,adch_fukui_plus_carbC,adch_fukui_minus_carbC,qtaim_rho_CO_ket,qtaim_lap_CO_ket,qtaim_ell_CO_ket,qtaim_rho_CC_new,qtaim_lap_CC_new,qtaim_ell_CC_new,qtaim_rho_HB,ald_adch_CHO_C,ald_adch_CHO_O,ald_adch_fukui_plus_CHO_C,ald_adch_fukui_minus_CHO_C,ald_adch_fukui_minus_CHO_O,ald_qtaim_lap_CO,ald_qtaim_ell_CO
22575,,0.184154,-0.341514,-0.028012,-0.519676,0.409725,0.254701,0.005492,0.020615,0.001061,0.394796,-0.136923,0.125702,0.241548,-0.384702,0.046932,,0.088141,-0.310833,0.262564,0.009339,0.106593,-0.034179,0.145724
4437,,,,,,,,,,,0.393353,-0.21022,0.12539,0.244962,-0.40339,0.054771,0.021031,0.081413,-0.291455,0.158827,0.021419,0.100991,-0.045388,0.136624
212557,,,,,,,,,,,0.395968,-0.223765,0.121836,0.234128,-0.351143,0.041543,0.024216,0.053722,-0.311588,0.043643,-0.030555,0.084706,-0.114547,0.158849
102648,,,,,,,,,,,0.394864,-0.139864,0.132842,0.242706,-0.393198,0.046909,,0.010068,-0.28863,-0.037397,-0.10279,0.097389,-0.044724,0.151021
210177,,,,,,,0.191631,-0.115293,0.046009,0.05211,0.403537,-0.166461,0.143327,0.23813,-0.371834,0.035713,,0.145331,-0.304151,0.286724,0.030468,0.101263,-0.047321,0.166251
