id,error,adch_ketC,adch_ketO,adch_carbC,adch_hydO,adch_hydH,adch_fukui_plus_ketC,adch_fukui_minus_ketC,adch_fukui_plus_carbC,adch_fukui_minus_carbC,qtaim_rho_CO_ket,qtaim_lap_CO_ket,qtaim_ell_CO_ket,qtaim_rho_CC_new,qtaim_lap_CC_new,qtaim_ell_CC_new,qtaim_rho_HB,ald_adch_CHO_C,ald_adch_CHO_O,ald_adch_fukui_plus_CHO_C,ald_adch_fukui_minus_CHO_C,ald_adch_fukui_minus_CHO_O,ald_qtaim_lap_CO,ald_qtaim_ell_CO
81771,,,,,,,,,,,0.402061,-0.088151,0.128616,0.235266,-0.362345,0.033345,,0.08434,-0.274119,0.096048,0.006878,0.03003,-0.011942,0.143356
82661,,,,,,,,,,,0.396454,-0.084936,0.107413,0.237568,-0.375593,0.025316,,-0.317707,-0.159329,0.008647,-0.002574,0.10809,-0.041136,0.118467
33433,,0.215238,-0.317246,-0.013301,-0.499174,0.406216,0.061851,0.024442,0.00432,0.026108,0.396427,-0.065627,0.138747,0.235898,-0.362681,0.025642,,0.112898,-0.29583,0.087651,0.044817,0.148984,0.022566,0.146968
164072,,0.204181,-0.350801,-0.008127,-0.520505,0.410159,0.072379,-0.055712,0.015331,0.025439,0.394169,-0.122275,0.130587,0.241749,-0.387832,0.051094,0.020285,0.100623,-0.312753,0.1166,0.019938,0.104961,-0.020315,0.151385
69041,,,,,,,0.112661,0.011119,-0.000119,-0.003125,0.398088,-0.144104,0.142875,0.244058,-0.404623,0.05042,,0.237003,-0.349054,0.158592,0.037287,0.026772,-0.021021,0.151109
