id,error,adch_ketC,adch_ketO,adch_carbC,adch_hydO,adch_hydH,adch_fukui_plus_ketC,adch_fukui_minus_ketC,adch_fukui_plus_carbC,adch_fukui_minus_carbC,qtaim_rho_CO_ket,qtaim_lap_CO_ket,qtaim_ell_CO_ket,qtaim_rho_CC_new,qtaim_lap_CC_new,qtaim_ell_CC_new,qtaim_rho_HB,ald_adch_CHO_C,ald_adch_CHO_O,ald_adch_fukui_plus_CHO_C,ald_adch_fukui_minus_CHO_C,ald_adch_fukui_minus_CHO_O,ald_qtaim_lap_CO,ald_qtaim_ell_CO
105115,,,,,,,,,,,0.395884,-0.101786,0.128329,0.233918,-0.348506,0.036375,,-0.081991,-0.241007,0.145472,0.05389,0.101608,-0.021719,0.145301
25384,,0.185817,-0.346981,-0.004591,-0.527776,0.412987,0.088955,0.004331,0.006657,0.00295,0.397912,-0.14194,0.138299,0.238239,-0.377468,0.044134,,0.092357,-0.308253,0.135115,0.021314,0.084909,-0.038354,0.156207
201311,,,,,,,,,,,0.394884,-0.134878,0.128773,0.24228,-0.389676,0.048225,,0.100708,-0.314366,0.11951,0.005357,0.064156,-0.015116,0.150774
69216,,,,,,,,,,,0.398115,-0.085798,0.135979,0.238201,-0.36705,0.044035,,0.128848,-0.323864,-0.036951,0.009619,0.094073,-0.032857,0.153008
190644,,0.167808,-0.310506,-0.00064,-0.489644,0.369285,0.038326,0.048054,-0.031871,-0.018395,0.395497,-0.114833,0.13296,0.241375,-0.385294,0.048923,0.020385,0.096483,-0.302929,0.0409,0.036784,0.122701,-0.01262,0.156915
