id,error,adch_ketC,adch_ketO,adch_carbC,adch_hydO,adch_hydH,adch_fukui_plus_ketC,adch_fukui_minus_ketC,adch_fukui_plus_carbC,adch_fukui_minus_carbC,qtaim_rho_CO_ket,qtaim_lap_CO_ket,qtaim_ell_CO_ket,qtaim_rho_CC_new,qtaim_lap_CC_new,qtaim_ell_CC_new,qtaim_rho_HB,ald_adch_CHO_C,ald_adch_CHO_O,ald_adch_fukui_plus_CHO_C,ald_adch_fukui_minus_CHO_C,ald_adch_fukui_minus_CHO_O,ald_qtaim_lap_CO,ald_qtaim_ell_CO
105569,,,,,,,,,,,0.396026,-0.109992,0.130085,0.237042,-0.368191,0.032922,,0.044757,-0.265842,0.025306,-0.023084,0.082953,0.033983,0.147424
64969,,,,,,,,,,,0.390011,-0.169766,0.133915,0.239179,-0.374757,0.043617,0.022504,-0.42373,-0.139954,-0.11615,-0.246297,0.1522,-0.070121,0.140236
95188,,,,,,,,,,,0.400338,-0.097147,0.138075,0.240806,-0.380542,0.053958,,0.097409,-0.295652,0.107546,0.016576,0.091418,-0.021418,0.148214
89368,,,,,,,,,,,0.394801,-0.125451,0.125406,0.242882,-0.391169,0.050358,0.018548,0.096554,-0.310094,0.104285,0.024985,0.086643,-0.018097,0.151534
40580,,0.180626,-0.289761,0.004275,-0.510846,0.427435,0.24436,0.037706,0.025148,0.039981,0.404041,-0.060971,0.163964,0.236453,-0.369544,0.04589,,0.042727,-0.250758,0.284497,0.03279,0.24297,0.028725,0.163185
