id,error,adch_ketC,adch_ketO,adch_carbC,adch_hydO,adch_hydH,adch_fukui_plus_ketC,adch_fukui_minus_ketC,adch_fukui_plus_carbC,adch_fukui_minus_carbC,qtaim_rho_CO_ket,qtaim_lap_CO_ket,qtaim_ell_CO_ket,qtaim_rho_CC_new,qtaim_lap_CC_new,qtaim_ell_CC_new,qtaim_rho_HB,ald_adch_CHO_C,ald_adch_CHO_O,ald_adch_fukui_plus_CHO_C,ald_adch_fukui_minus_CHO_C,ald_adch_fukui_minus_CHO_O,ald_qtaim_lap_CO,ald_qtaim_ell_CO
149339,,0.207901,-0.320655,0.122246,-0.486511,0.393084,0.050088,-0.005072,0.048968,0.018043,0.393842,-0.13337,0.148722,0.23789,-0.371647,0.050975,0.020588,0.097412,-0.309492,0.070242,-0.000167,0.126433,-0.066072,0.163364
192779,,0.161217,-0.344715,-0.001756,-0.48823,0.428065,-0.022815,0.001251,-0.027013,-0.001562,0.399094,-0.254624,0.124826,0.215713,-0.273134,0.035213,0.018967,0.132528,-0.32402,0.101628,0.030706,0.09716,-0.038935,0.16503
158888,,0.221224,-0.319826,0.016147,-0.494771,0.399183,0.114446,0.0565,-0.033658,-0.027347,0.398406,-0.108794,0.136562,0.234334,-0.353191,0.047277,,0.084754,-0.321322,0.062598,0.043398,0.139937,-0.105499,0.158701
48515,,,,,,,,,,,0.383363,-0.265458,0.137931,0.237533,-0.372945,0.051655,0.025558,0.098432,-0.376268,0.045595,0.013671,0.069244,-0.196307,0.172996
31747,,0.209037,-0.345126,-0.025537,-0.472264,0.379027,0.062147,-0.013828,0.004713,0.003907,0.392564,-0.160401,0.129554,0.24191,-0.390921,0.057508,0.018519,0.100262,-0.3137,0.069612,0.034431,0.130919,-0.0522,0.148051
