id,error,adch_ketC,adch_ketO,adch_carbC,adch_hydO,adch_hydH,adch_fukui_plus_ketC,adch_fukui_minus_ketC,adch_fukui_plus_carbC,adch_fukui_minus_carbC,qtaim_rho_CO_ket,qtaim_lap_CO_ket,qtaim_ell_CO_ket,qtaim_rho_CC_new,qtaim_lap_CC_new,qtaim_ell_CC_new,qtaim_rho_HB,ald_adch_CHO_C,ald_adch_CHO_O,ald_adch_fukui_plus_CHO_C,ald_adch_fukui_minus_CHO_C,ald_adch_fukui_minus_CHO_O,ald_qtaim_lap_CO,ald_qtaim_ell_CO
72856,,,,,,,,,,,0.388967,-0.21116,0.152382,0.235548,-0.363103,0.049364,0.02075,-0.008138,-0.304661,0.054317,-0.005449,0.074131,-0.141537,0.179807
165423,,0.271855,-0.338724,0.018553,-0.52525,0.416596,0.090413,0.032532,0.008813,0.010237,0.391091,-0.174596,0.133651,0.238318,-0.373029,0.051869,0.022134,0.030102,-0.404717,0.042469,0.026778,0.195533,-0.36907,0.129266
155923,,,,,,,,,,,0.388574,-0.193193,0.137972,0.236644,-0.365659,0.049565,0.023656,0.105494,-0.338592,0.049145,0.030006,0.132633,-0.11083,0.164525
220415,,0.180331,-0.374246,0.099899,-0.516006,0.401053,0.097358,-0.018539,0.053639,0.041527,0.386729,-0.263543,0.136579,0.237755,-0.373895,0.049855,0.025472,0.093171,-0.363396,0.101317,0.041386,0.168853,-0.191152,0.167177
166169,,,,,,,,,,,0.395696,-0.096075,0.128369,0.232829,-0.345427,0.041056,,0.054696,-0.309944,0.130586,-0.012771,0.107895,-0.081975,0.160627
