id,error,adch_ketC,adch_ketO,adch_carbC,adch_hydO,adch_hydH,adch_fukui_plus_ketC,adch_fukui_minus_ketC,adch_fukui_plus_carbC,adch_fukui_minus_carbC,qtaim_rho_CO_ket,qtaim_lap_CO_ket,qtaim_ell_CO_ket,qtaim_rho_CC_new,qtaim_lap_CC_new,qtaim_ell_CC_new,qtaim_rho_HB,ald_adch_CHO_C,ald_adch_CHO_O,ald_adch_fukui_plus_CHO_C,ald_adch_fukui_minus_CHO_C,ald_adch_fukui_minus_CHO_O,ald_qtaim_lap_CO,ald_qtaim_ell_CO
13025,,0.083003,-0.303204,0.041226,-0.528951,0.416586,0.074675,0.031888,0.009287,-0.006091,0.400617,-0.137826,0.140443,0.241799,-0.383553,0.052859,,0.100171,-0.287816,0.087197,0.022087,0.114844,-0.013837,0.152146
185404,,,,,,,,,,,0.399005,-0.074505,0.130519,0.229935,-0.330013,0.02408,,0.086909,-0.294346,0.101707,-0.017248,0.093691,-0.016187,0.139908
15725,,,,,,,,,,,0.398007,-0.074891,0.136574,0.238834,-0.369424,0.04733,,0.100528,-0.305101,0.099169,0.012099,0.056687,-0.019923,0.14794
203332,,0.203618,-0.3384,-0.003208,-0.513213,0.40504,0.055528,0.015631,0.003255,0.013969,0.395419,-0.131036,0.12674,0.2414,-0.385977,0.044007,,0.016397,-0.278259,0.102623,0.036754,0.115166,-0.025125,0.148945
81369,,,,,,,0.056054,0.005661,0.008974,0.004724,0.396309,-0.124655,0.129253,0.241511,-0.384837,0.050635,,0.101724,-0.308898,0.08771,0.013306,0.086006,-0.023821,0.151292
