id,error,adch_ketC,adch_ketO,adch_carbC,adch_hydO,adch_hydH,adch_fukui_plus_ketC,adch_fukui_minus_ketC,adch_fukui_plus_carbC,adch_fukui_minus_carbC,qtaim_rho_CO_ket,qtaim_lap_CO_ket,qtaim_ell_CO_ket,qtaim_rho_CC_new,qtaim_lap_CC_new,qtaim_ell_CC_new,qtaim_rho_HB,ald_adch_CHO_C,ald_adch_CHO_O,ald_adch_fukui_plus_CHO_C,ald_adch_fukui_minus_CHO_C,ald_adch_fukui_minus_CHO_O,ald_qtaim_lap_CO,ald_qtaim_ell_CO
74570,,,,,,,,,,,0.393363,-0.080233,0.128505,0.233974,-0.35087,0.056288,0.021425,0.067724,-0.212576,0.071264,0.018777,0.132333,-0.08114,0.163778
150031,,,,,,,,,,,0.383783,-0.277779,0.150065,0.23203,-0.343779,0.052805,0.025025,0.060919,-0.362888,0.054928,0.034057,0.098632,-0.189429,0.184418
83058,,,,,,,,,,,0.390389,-0.1859,0.142668,0.237967,-0.372976,0.048918,0.019344,0.109628,-0.331825,0.111515,0.035202,0.129755,-0.102003,0.170726
50373,,0.187406,-0.358392,0.312118,-0.505985,0.410101,0.041426,0.165483,0.202795,0.071053,0.390866,-0.233278,0.15981,0.232009,-0.345394,0.047463,0.020592,0.086198,-0.338929,0.059355,0.029016,0.112639,-0.161828,0.187251
176117,,0.352715,-0.266569,0.07407,-0.459762,0.389263,0.111274,0.159233,0.001571,0.015925,0.401527,-0.026141,0.162964,0.230633,-0.336486,0.049392,,0.12041,-0.297554,0.096442,0.054815,0.174468,-0.034918,0.156963
