id,error,adch_ketC,adch_ketO,adch_carbC,adch_hydO,adch_hydH,adch_fukui_plus_ketC,adch_fukui_minus_ketC,adch_fukui_plus_carbC,adch_fukui_minus_carbC,qtaim_rho_CO_ket,qtaim_lap_CO_ket,qtaim_ell_CO_ket,qtaim_rho_CC_new,qtaim_lap_CC_new,qtaim_ell_CC_new,qtaim_rho_HB,ald_adch_CHO_C,ald_adch_CHO_O,ald_adch_fukui_plus_CHO_C,ald_adch_fukui_minus_CHO_C,ald_adch_fukui_minus_CHO_O,ald_qtaim_lap_CO,ald_qtaim_ell_CO
64269,,,,,,,,,,,0.395352,-0.068612,0.139144,0.23637,-0.361659,0.055405,0.018303,0.185631,-0.328087,0.077583,0.017268,0.062788,-0.019961,0.156882
205943,,0.184081,-0.360417,-0.012799,-0.519014,0.403373,0.207722,-0.001319,0.015759,0.004737,0.392105,-0.13518,0.113125,0.241023,-0.385112,0.048044,0.021388,0.096241,-0.319027,0.196426,0.033252,0.123624,-0.047077,0.154643
121702,,,,,,,,,,,0.396523,-0.121892,0.141458,0.241412,-0.395688,0.041315,,0.126811,-0.30855,0.093534,-0.056125,0.065887,-0.010858,0.156244
204657,,0.227561,-0.314632,0.02012,-0.520734,0.423597,0.041357,0.034056,-7.3e-05,0.011743,0.398874,-0.088706,0.153347,0.228187,-0.322493,0.047155,,0.126499,-0.283295,0.068548,0.033382,0.160844,-0.029068,0.163661
172385,,0.22227,-0.31396,0.046435,-0.477965,0.420526,0.059903,0.003277,0.000152,0.002048,0.398479,-0.083739,0.152612,0.232466,-0.351137,0.050881,,0.108953,-0.295978,0.087665,0.025321,0.093518,-0.03461,0.163319
