id,error,adch_ketC,adch_ketO,adch_carbC,adch_hydO,adch_hydH,adch_fukui_plus_ketC,adch_fukui_minus_ketC,adch_fukui_plus_carbC,adch_fukui_minus_carbC,qtaim_rho_CO_ket,qtaim_lap_CO_ket,qtaim_ell_CO_ket,qtaim_rho_CC_new,qtaim_lap_CC_new,qtaim_ell_CC_new,qtaim_rho_HB,ald_adch_CHO_C,ald_adch_CHO_O,ald_adch_fukui_plus_CHO_C,ald_adch_fukui_minus_CHO_C,ald_adch_fukui_minus_CHO_O,ald_qtaim_lap_CO,ald_qtaim_ell_CO
219923,,,,,,,,,,,0.395559,-0.140953,0.139809,0.237971,-0.372125,0.055524,,0.074763,-0.33254,0.065828,-0.026441,0.062237,-0.118262,0.159461
192097,,0.199778,-0.29566,0.137035,-0.472134,0.387664,0.042192,-0.004693,0.041445,0.03235,0.396438,-0.123059,0.153511,0.237999,-0.371673,0.050325,0.020123,0.096689,-0.297569,0.076138,0.066254,0.146157,-0.041218,0.16371
66075,,,,,,,,,,,0.397963,-0.082996,0.140892,0.235864,-0.360375,0.046633,,0.037182,-0.279804,0.043845,0.009818,0.093312,-0.069988,0.156175
728,,0.184054,-0.367621,0.086423,-0.512507,0.421149,0.108385,0.0784,0.053859,-0.014655,0.391336,-0.188754,0.14158,0.238164,-0.373516,0.047175,0.021246,0.103833,-0.32993,0.100578,0.027638,0.115731,-0.106675,0.167084
19035,,,,,,,,,,,0.396203,-0.368654,0.173426,0.233568,-0.352328,0.060025,,0.275962,-0.364257,0.079113,-0.010565,0.034267,-0.025666,0.15775
