id,error,adch_ketC,adch_ketO,adch_carbC,adch_hydO,adch_hydH,adch_fukui_plus_ketC,adch_fukui_minus_ketC,adch_fukui_plus_carbC,adch_fukui_minus_carbC,qtaim_rho_CO_ket,qtaim_lap_CO_ket,qtaim_ell_CO_ket,qtaim_rho_CC_new,qtaim_lap_CC_new,qtaim_ell_CC_new,qtaim_rho_HB,ald_adch_CHO_C,ald_adch_CHO_O,ald_adch_fukui_plus_CHO_C,ald_adch_fukui_minus_CHO_C,ald_adch_fukui_minus_CHO_O,ald_qtaim_lap_CO,ald_qtaim_ell_CO
75836,,0.189015,-0.337744,-0.014342,-0.519166,0.411066,0.086481,0.019774,0.007056,0.015825,0.395654,-0.120143,0.132312,0.241946,-0.38787,0.046022,,-0.081336,-0.248237,0.051257,-0.045299,0.158368,-0.018829,0.153273
48715,,,,,,,,,,,0.404991,-0.081211,0.149465,0.239395,-0.379121,0.046249,,0.576665,-0.472243,0.267069,0.472276,-0.122782,-0.030875,0.155919
7258,,,,,,,,,,,0.398947,-0.109882,0.132978,0.238511,-0.369919,0.044115,,-0.063949,-0.265433,0.016325,-0.043906,0.081479,-0.068613,0.133038
367,,0.18767,-0.357915,-0.001973,-0.532918,0.437641,0.251419,0.014536,0.023034,0.012806,0.394246,-0.206439,0.130374,0.249459,-0.435489,0.056133,,-0.154201,-0.236681,0.15183,-0.10203,0.152275,-0.077502,0.141579
84034,,,,,,,,,,,0.394455,-0.132787,0.120916,0.241253,-0.386044,0.047662,,-0.058745,-0.258087,-0.001415,-0.03873,0.093543,-0.023099,0.149367
