id,error,adch_ketC,adch_ketO,adch_carbC,adch_hydO,adch_hydH,adch_fukui_plus_ketC,adch_fukui_minus_ketC,adch_fukui_plus_carbC,adch_fukui_minus_carbC,qtaim_rho_CO_ket,qtaim_lap_CO_ket,qtaim_ell_CO_ket,qtaim_rho_CC_new,qtaim_lap_CC_new,qtaim_ell_CC_new,qtaim_rho_HB,ald_adch_CHO_C,ald_adch_CHO_O,ald_adch_fukui_plus_CHO_C,ald_adch_fukui_minus_CHO_C,ald_adch_fukui_minus_CHO_O,ald_qtaim_lap_CO,ald_qtaim_ell_CO
143633,,0.16498,-0.31153,0.025944,-0.493534,0.40121,0.039386,-0.010115,0.014752,0.017773,0.391744,-0.212125,0.137749,0.241888,-0.39315,0.056917,,0.069656,-0.327245,0.121112,0.05355,0.071136,-0.130974,0.157251
195065,,0.229759,-0.349445,0.084209,-0.503322,0.39268,0.103481,0.00933,0.065212,0.031061,0.391849,-0.164262,0.142128,0.23931,-0.37865,0.056217,0.021863,0.150802,-0.313951,0.095911,0.211236,0.146888,-0.072638,0.162287
174584,,0.201052,-0.318759,0.027963,-0.507991,0.412832,0.039803,0.001063,0.013796,0.008649,0.39597,-0.070929,0.156589,0.230731,-0.340739,0.044249,,0.123344,-0.324497,0.099192,0.036286,0.13725,-0.058221,0.158083
176600,,0.211746,-0.373554,0.003992,-0.495602,0.390772,0.057357,-0.021871,0.016911,-0.001445,0.381321,-0.263961,0.135241,0.237877,-0.375469,0.053031,0.021799,0.092717,-0.343117,0.080498,0.021579,0.102196,-0.180482,0.162433
45694,,0.305817,-0.345811,0.006237,-0.523369,0.413113,0.082875,0.07088,0.013028,-0.009096,0.391847,-0.210986,0.156333,0.236503,-0.367593,0.048478,0.01796,0.093201,-0.333806,0.090858,0.031779,0.138648,-0.138535,0.177058
