id,error,adch_ketC,adch_ketO,adch_carbC,adch_hydO,adch_hydH,adch_fukui_plus_ketC,adch_fukui_minus_ketC,adch_fukui_plus_carbC,adch_fukui_minus_carbC,qtaim_rho_CO_ket,qtaim_lap_CO_ket,qtaim_ell_CO_ket,qtaim_rho_CC_new,qtaim_lap_CC_new,qtaim_ell_CC_new,qtaim_rho_HB,ald_adch_CHO_C,ald_adch_CHO_O,ald_adch_fukui_plus_CHO_C,ald_adch_fukui_minus_CHO_C,ald_adch_fukui_minus_CHO_O,ald_qtaim_lap_CO,ald_qtaim_ell_CO
211734,,0.206437,-0.333951,0.085017,-0.517314,0.412568,0.015901,0.033591,0.036161,0.011012,0.391686,-0.177438,0.144952,0.237873,-0.371139,0.047991,0.021402,0.09329,-0.294412,0.026237,0.074903,0.147399,-0.100305,0.168033
87372,,0.164174,-0.33041,-0.007597,-0.446187,0.370619,,0.029904,,-0.005326,0.3957,-0.11691,0.141008,0.236158,-0.362625,0.047475,0.020465,0.103916,-0.294848,0.052389,0.024438,0.104301,-0.035186,0.160828
184006,,0.214964,-0.336683,-0.000969,-0.473458,0.367299,0.041687,0.039917,0.00066,0.03264,0.391436,-0.133152,0.140908,0.232541,-0.34536,0.041161,,0.090232,-0.294696,0.0771,0.05473,0.186355,-0.088391,0.149044
97046,,,,,,,,,,,0.397775,-0.043283,0.150311,0.225572,-0.306953,0.039646,,0.291092,-0.457602,0.089445,0.166387,-0.052877,-0.116276,0.168852
51539,,0.117486,-0.298935,0.056312,-0.520181,0.409877,0.077506,0.076978,-0.053233,-0.049249,0.395031,-0.227936,0.174396,0.230219,-0.335449,0.039829,,0.085713,-0.311233,0.089699,0.034952,0.138232,-0.15016,0.184861
