id,error,adch_ketC,adch_ketO,adch_carbC,adch_hydO,adch_hydH,adch_fukui_plus_ketC,adch_fukui_minus_ketC,adch_fukui_plus_carbC,adch_fukui_minus_carbC,qtaim_rho_CO_ket,qtaim_lap_CO_ket,qtaim_ell_CO_ket,qtaim_rho_CC_new,qtaim_lap_CC_new,qtaim_ell_CC_new,qtaim_rho_HB,ald_adch_CHO_C,ald_adch_CHO_O,ald_adch_fukui_plus_CHO_C,ald_adch_fukui_minus_CHO_C,ald_adch_fukui_minus_CHO_O,ald_qtaim_lap_CO,ald_qtaim_ell_CO
47936,,,,,,,,,,,0.395588,-0.156532,0.132299,0.240975,-0.383901,0.053953,0.019778,-0.00525,-0.290898,0.045274,-0.026979,0.070259,-0.101504,0.149027
96325,,,,,,,,,,,0.398147,-0.110621,0.139787,0.235253,-0.353492,0.039762,,0.09745,-0.326314,0.059716,-0.003137,0.033884,-0.047824,0.148123
29959,,,,,,,,,,,0.398627,-0.112893,0.132249,0.240036,-0.380594,0.042095,,0.085708,-0.314423,0.070562,0.026011,0.060867,-0.022976,0.140977
120399,,,,,,,,,,,0.397848,-0.084804,0.122036,0.233905,-0.349107,0.042737,,-0.043656,-0.28931,0.046827,-0.052036,0.088852,-0.092326,0.14551
102432,,0.1815,-0.339086,-0.00946,-0.464936,0.393195,0.002827,0.010267,-0.003552,0.007051,0.397474,-0.141771,0.14497,0.233791,-0.348456,0.040136,,0.032121,-0.300948,-0.025325,-0.021804,0.114745,-0.086501,0.169854
