id,error,adch_ketC,adch_ketO,adch_carbC,adch_hydO,adch_hydH,adch_fukui_plus_ketC,adch_fukui_minus_ketC,adch_fukui_plus_carbC,adch_fukui_minus_carbC,qtaim_rho_CO_ket,qtaim_lap_CO_ket,qtaim_ell_CO_ket,qtaim_rho_CC_new,qtaim_lap_CC_new,qtaim_ell_CC_new,qtaim_rho_HB,ald_adch_CHO_C,ald_adch_CHO_O,ald_adch_fukui_plus_CHO_C,ald_adch_fukui_minus_CHO_C,ald_adch_fukui_minus_CHO_O,ald_qtaim_lap_CO,ald_qtaim_ell_CO
134320,,,,,,,,,,,0.396048,-0.071762,0.112665,0.232289,-0.349124,0.016465,,0.107064,-0.31143,0.044312,-0.010978,0.082206,-0.005556,0.141922
14005,,,,,,,,,,,0.397182,-0.106085,0.135228,0.239816,-0.37006,0.0646,,,,,,,-0.033753,0.122312
104430,,,,,,,,,,,0.39892,-0.043117,0.132093,0.242221,-0.397668,0.046116,,0.049708,-0.254192,0.079075,0.00457,0.012994,0.035521,0.16564
116501,,0.191544,-0.336485,-0.021555,-0.518908,0.3982,0.023326,0.01302,0.002082,0.010645,0.396379,-0.099054,0.137205,0.237701,-0.365924,0.043997,,0.044101,-0.307703,-0.133722,-0.251992,0.166146,-0.043619,0.146145
172009,,0.189985,-0.323528,-0.01324,-0.519993,0.411591,0.054937,-0.006216,0.01473,0.018814,0.397181,-0.111258,0.131573,0.240413,-0.380179,0.048002,0.018572,0.090055,-0.302008,0.096293,0.03602,0.126384,-0.021645,0.158718
