id,error,adch_ketC,adch_ketO,adch_carbC,adch_hydO,adch_hydH,adch_fukui_plus_ketC,adch_fukui_minus_ketC,adch_fukui_plus_carbC,adch_fukui_minus_carbC,qtaim_rho_CO_ket,qtaim_lap_CO_ket,qtaim_ell_CO_ket,qtaim_rho_CC_new,qtaim_lap_CC_new,qtaim_ell_CC_new,qtaim_rho_HB,ald_adch_CHO_C,ald_adch_CHO_O,ald_adch_fukui_plus_CHO_C,ald_adch_fukui_minus_CHO_C,ald_adch_fukui_minus_CHO_O,ald_qtaim_lap_CO,ald_qtaim_ell_CO
207485,,,,,,,,,,,0.396045,-0.126287,0.128768,0.237597,-0.366309,0.0486,,0.099843,-0.304692,0.15179,0.019025,0.072878,-0.028671,0.150422
85907,,,,,,,,,,,0.396886,-0.135188,0.129476,0.240661,-0.378989,0.040515,,-0.027876,-0.27221,0.172944,-0.113374,0.105933,-0.028025,0.149795
45627,,,,,,,,,,,0.396345,-0.109729,0.1276,0.239198,-0.376027,0.042684,0.018683,0.097226,-0.31056,0.047898,0.000216,0.046912,-0.030392,0.15766
205469,,,,,,,,,,,0.398667,-0.142272,0.13231,0.24222,-0.391135,0.046146,,0.103918,-0.305219,0.045919,0.012195,0.092754,-0.0143,0.149818
207575,,0.19041,-0.339522,-0.009938,-0.525399,0.417831,0.011847,0.005738,0.000766,0.006625,0.396128,-0.107089,0.131225,0.241562,-0.384367,0.051697,,0.095664,-0.305467,0.030413,0.010206,0.037279,-0.012887,0.156252
