id,error,adch_ketC,adch_ketO,adch_carbC,adch_hydO,adch_hydH,adch_fukui_plus_ketC,adch_fukui_minus_ketC,adch_fukui_plus_carbC,adch_fukui_minus_carbC,qtaim_rho_CO_ket,qtaim_lap_CO_ket,qtaim_ell_CO_ket,qtaim_rho_CC_new,qtaim_lap_CC_new,qtaim_ell_CC_new,qtaim_rho_HB,ald_adch_CHO_C,ald_adch_CHO_O,ald_adch_fukui_plus_CHO_C,ald_adch_fukui_minus_CHO_C,ald_adch_fukui_minus_CHO_O,ald_qtaim_lap_CO,ald_qtaim_ell_CO
175090,,0.21344,-0.303804,0.003156,-0.516578,0.428249,0.067949,0.002693,-0.003244,-0.000186,0.401096,-0.131558,0.138148,0.23999,-0.382028,0.053254,,0.132368,-0.298177,0.101028,0.098626,0.165974,-0.037819,0.146733
48297,,,,,,,,,,,0.395097,-0.166913,0.13772,0.237332,-0.369072,0.046414,,-0.237698,-0.183244,-0.066895,-0.230252,0.174309,-0.088269,0.158942
95413,,0.210684,-0.402056,0.008788,-0.501171,0.400517,0.097131,-0.006334,0.029419,-0.002676,0.382017,-0.255064,0.130631,0.238306,-0.377556,0.053123,0.022128,0.096664,-0.336445,0.108736,0.010997,0.077924,-0.165636,0.158397
104775,,,,,,,,,,,0.390437,-0.190945,0.138649,0.236845,-0.366653,0.047611,0.022798,0.10209,-0.329424,0.057059,0.012868,0.062283,-0.10643,0.165771
29324,,0.176308,-0.341242,0.084627,-0.517457,0.4096,-0.003651,0.013167,0.020261,-0.001594,0.390894,-0.241845,0.158671,0.236721,-0.366011,0.050659,0.02272,0.079351,-0.341959,0.062618,0.005015,0.147212,-0.164291,0.181211
