id,error,adch_ketC,adch_ketO,adch_carbC,adch_hydO,adch_hydH,adch_fukui_plus_ketC,adch_fukui_minus_ketC,adch_fukui_plus_carbC,adch_fukui_minus_carbC,qtaim_rho_CO_ket,qtaim_lap_CO_ket,qtaim_ell_CO_ket,qtaim_rho_CC_new,qtaim_lap_CC_new,qtaim_ell_CC_new,qtaim_rho_HB,ald_adch_CHO_C,ald_adch_CHO_O,ald_adch_fukui_plus_CHO_C,ald_adch_fukui_minus_CHO_C,ald_adch_fukui_minus_CHO_O,ald_qtaim_lap_CO,ald_qtaim_ell_CO
75791,,,,,,,,,,,0.395966,-0.189065,0.156041,0.2362,-0.362973,0.014,,0.097069,-0.30248,0.075219,0.061219,0.040444,-0.076688,0.172617
191613,,,,,,,,,,,0.392729,-0.134688,0.130632,0.240187,-0.38171,0.052426,0.019606,0.109249,-0.290914,0.081891,0.027924,0.055996,-0.040286,0.157162
104014,,,,,,,,,,,0.392258,-0.211206,0.145277,0.237161,-0.368314,0.049041,0.021052,0.156481,-0.317441,0.076361,0.016579,0.093246,-0.12358,0.172156
160217,,0.181913,-0.330919,0.007002,-0.496381,0.416127,0.065001,-0.000582,-0.013999,-0.013216,0.393072,-0.157742,0.163639,0.23254,-0.351011,0.051776,,0.095951,-0.335614,0.080658,0.015548,0.049241,-0.163907,0.155671
189559,,0.20586,-0.284849,0.03518,-0.50303,0.404291,0.046862,0.007342,0.002108,0.020018,0.396646,-0.069604,0.144383,0.229668,-0.329351,0.050651,0.018971,0.116381,-0.301355,0.068947,0.046181,0.116087,-0.076156,0.165442
