id,error,adch_ketC,adch_ketO,adch_carbC,adch_hydO,adch_hydH,adch_fukui_plus_ketC,adch_fukui_minus_ketC,adch_fukui_plus_carbC,adch_fukui_minus_carbC,qtaim_rho_CO_ket,qtaim_lap_CO_ket,qtaim_ell_CO_ket,qtaim_rho_CC_new,qtaim_lap_CC_new,qtaim_ell_CC_new,qtaim_rho_HB,ald_adch_CHO_C,ald_adch_CHO_O,ald_adch_fukui_plus_CHO_C,ald_adch_fukui_minus_CHO_C,ald_adch_fukui_minus_CHO_O,ald_qtaim_lap_CO,ald_qtaim_ell_CO
152697,,0.190798,-0.301203,-0.018088,-0.491907,0.418431,0.068128,0.007861,0.005566,0.011746,0.401675,-0.105492,0.155709,0.23796,-0.367748,0.041196,,0.09973,-0.280358,0.085248,0.030653,0.099187,0.015586,0.150197
203290,,,,,,,,,,,0.401114,-0.112273,0.136885,0.227384,-0.320175,0.04961,,0.031788,-0.24761,0.065287,0.012784,0.092308,-0.036746,0.148727
87511,,,,,,,,,,,0.391702,-0.199713,0.144026,0.23638,-0.36485,0.051034,0.018196,0.079486,-0.325357,0.044127,0.053922,0.11961,-0.125131,0.172202
211430,,,,,,,,,,,0.395755,-0.117919,0.122563,0.240814,-0.383376,0.049824,0.020384,0.09409,-0.302032,0.088431,0.031085,0.105566,-0.022194,0.158285
187403,,0.180966,-0.240617,0.076576,-0.547435,0.421136,-0.007297,-0.022058,-0.011984,0.005065,0.394524,-0.185015,0.17319,0.231777,-0.350604,0.040582,,0.115414,-0.322217,0.052526,0.04438,0.170289,-0.114658,0.172341
