id,error,adch_ketC,adch_ketO,adch_carbC,adch_hydO,adch_hydH,adch_fukui_plus_ketC,adch_fukui_minus_ketC,adch_fukui_plus_carbC,adch_fukui_minus_carbC,qtaim_rho_CO_ket,qtaim_lap_CO_ket,qtaim_ell_CO_ket,qtaim_rho_CC_new,qtaim_lap_CC_new,qtaim_ell_CC_new,qtaim_rho_HB,ald_adch_CHO_C,ald_adch_CHO_O,ald_adch_fukui_plus_CHO_C,ald_adch_fukui_minus_CHO_C,ald_adch_fukui_minus_CHO_O,ald_qtaim_lap_CO,ald_qtaim_ell_CO
39638,,0.175082,-0.319906,-0.030424,-0.477695,0.387355,0.101801,0.017117,-0.00779,-0.008239,0.39566,-0.136127,0.136466,0.2299,-0.332051,0.049981,0.019386,0.114351,-0.31906,0.091758,-0.005541,0.15195,-0.105023,0.169804
17655,,0.188429,-0.33038,0.113933,-0.514659,0.403808,,,,,0.394136,-0.174889,0.138648,0.238483,-0.376129,0.049355,0.021487,0.09408,-0.325682,0.071132,-0.01958,0.086695,-0.101849,0.161008
51440,,,,,,,,,,,0.392411,-0.154681,0.140791,0.23664,-0.365333,0.048601,0.019858,0.165411,-0.310961,0.022211,-0.02048,0.096116,-0.068814,0.162845
98582,,,,,,,,,,,0.395713,-0.107449,0.134997,0.242458,-0.387518,0.060014,0.0223,-0.260736,-0.163385,-0.034095,-0.084201,0.104972,0.0107,0.147597
26653,,0.187429,-0.32546,0.082872,-0.468861,0.360253,0.057221,-0.025485,0.043415,0.023678,0.39356,-0.189729,0.13771,0.240482,-0.385624,0.051179,0.021628,0.102645,-0.326573,0.068239,0.015229,0.101681,-0.110316,0.162759
