id,error,adch_ketC,adch_ketO,adch_carbC,adch_hydO,adch_hydH,adch_fukui_plus_ketC,adch_fukui_minus_ketC,adch_fukui_plus_carbC,adch_fukui_minus_carbC,qtaim_rho_CO_ket,qtaim_lap_CO_ket,qtaim_ell_CO_ket,qtaim_rho_CC_new,qtaim_lap_CC_new,qtaim_ell_CC_new,qtaim_rho_HB,ald_adch_CHO_C,ald_adch_CHO_O,ald_adch_fukui_plus_CHO_C,ald_adch_fukui_minus_CHO_C,ald_adch_fukui_minus_CHO_O,ald_qtaim_lap_CO,ald_qtaim_ell_CO
21108,,0.191726,-0.336693,0.003373,-0.510588,0.407538,0.07696,0.014368,-0.008971,-0.010469,0.386166,-0.169297,0.147208,0.237865,-0.374593,0.05103,0.022085,0.097058,-0.290145,0.061971,0.009585,0.088472,-0.104611,0.160547
101928,,0.200158,-0.360397,0.081408,-0.511859,0.423591,0.095706,0.12948,0.05082,0.050875,0.392827,-0.164166,0.136321,0.238418,-0.373807,0.047631,0.020717,0.108445,-0.315322,0.09143,0.048555,0.180038,-0.079142,0.159946
17095,,,,,,,,,,,0.384976,-0.236554,0.132545,0.238855,-0.379826,0.052777,0.020689,0.142758,-0.323918,0.100138,0.10723,0.034849,-0.142331,0.156054
188122,,0.138122,-0.339657,0.001621,-0.516013,0.413114,0.097684,0.149612,0.00585,0.04023,0.39447,-0.203233,0.176853,0.231059,-0.337878,0.033371,,0.086846,-0.326435,0.058892,0.035043,0.142277,-0.157329,0.185199
152450,,0.198111,-0.300159,-0.080423,-0.36451,0.29883,0.087896,-0.032819,-0.000491,-0.000164,0.395442,-0.106531,0.120862,0.240369,-0.378972,0.051208,0.019558,0.042739,-0.281612,0.128486,-0.101024,0.117836,-0.002049,0.145939
