id,error,adch_ketC,adch_ketO,adch_carbC,adch_hydO,adch_hydH,adch_fukui_plus_ketC,adch_fukui_minus_ketC,adch_fukui_plus_carbC,adch_fukui_minus_carbC,qtaim_rho_CO_ket,qtaim_lap_CO_ket,qtaim_ell_CO_ket,qtaim_rho_CC_new,qtaim_lap_CC_new,qtaim_ell_CC_new,qtaim_rho_HB,ald_adch_CHO_C,ald_adch_CHO_O,ald_adch_fukui_plus_CHO_C,ald_adch_fukui_minus_CHO_C,ald_adch_fukui_minus_CHO_O,ald_qtaim_lap_CO,ald_qtaim_ell_CO
85557,,,,,,,,,,,0.397214,-0.129592,0.135228,0.239442,-0.383612,0.047393,,0.088978,-0.309502,0.062124,-0.001596,0.03293,-0.046841,0.146461
91898,,,,,,,,,,,0.399502,-0.077894,0.133783,0.235771,-0.362296,0.017664,,0.099436,-0.300145,0.037898,0.015911,0.082357,0.002333,0.153509
49689,,0.115226,-0.248581,0.053908,-0.506218,0.399315,0.101068,,-0.019828,,0.402126,-0.069553,0.154003,0.233766,-0.360166,0.033232,,0.112804,-0.27725,0.046636,0.012774,0.071056,0.024849,0.161805
46260,,0.166258,-0.285943,-0.012898,-0.485149,0.419339,0.024293,0.028723,-0.00276,0.000489,0.400607,-0.059546,0.144668,0.234774,-0.356147,0.019638,,-0.567448,-0.028112,-0.11722,-0.182537,0.205609,0.036559,0.158899
53937,,0.209476,-0.364988,0.021045,-0.560708,0.46955,0.037831,0.004886,0.002283,0.002007,0.383361,-0.308083,0.151883,0.235025,-0.357445,0.053268,,0.151243,-0.391227,0.017415,0.009625,0.075516,-0.222929,0.174009
