id,error,adch_ketC,adch_ketO,adch_carbC,adch_hydO,adch_hydH,adch_fukui_plus_ketC,adch_fukui_minus_ketC,adch_fukui_plus_carbC,adch_fukui_minus_carbC,qtaim_rho_CO_ket,qtaim_lap_CO_ket,qtaim_ell_CO_ket,qtaim_rho_CC_new,qtaim_lap_CC_new,qtaim_ell_CC_new,qtaim_rho_HB,ald_adch_CHO_C,ald_adch_CHO_O,ald_adch_fukui_plus_CHO_C,ald_adch_fukui_minus_CHO_C,ald_adch_fukui_minus_CHO_O,ald_qtaim_lap_CO,ald_qtaim_ell_CO
101413,,,,,,,,,,,0.392844,-0.140485,0.166931,0.249477,-0.418802,0.068613,,-0.053396,-0.250107,0.091184,0.003219,0.056192,0.001994,0.155894
106312,,,,,,,,,,,0.39652,-0.116194,0.123261,0.240194,-0.379656,0.049965,0.019765,0.096967,-0.335774,0.083458,-0.004228,0.02858,-0.051591,0.135956
46310,,,,,,,,,,,0.394906,-0.133761,0.110159,0.235937,-0.366383,0.015214,,-0.402396,-0.153487,,,,-0.10887,0.142222
43279,,0.200972,-0.351322,0.007424,-0.528386,0.417333,0.090595,0.019162,0.007823,0.014707,0.39465,-0.165312,0.13931,0.239522,-0.379001,0.050113,0.018719,0.095863,-0.327966,0.115942,0.039079,0.134096,-0.096447,0.166465
92357,,0.200253,-0.335327,-0.003291,-0.512743,0.408451,0.057994,0.023748,-0.004231,0.00028,0.39665,-0.081392,0.142326,0.239048,-0.383238,0.04352,,0.092729,-0.300855,0.057188,0.015149,0.111733,-0.00152,0.158072
