id,error,adch_ketC,adch_ketO,adch_carbC,adch_hydO,adch_hydH,adch_fukui_plus_ketC,adch_fukui_minus_ketC,adch_fukui_plus_carbC,adch_fukui_minus_carbC,qtaim_rho_CO_ket,qtaim_lap_CO_ket,qtaim_ell_CO_ket,qtaim_rho_CC_new,qtaim_lap_CC_new,qtaim_ell_CC_new,qtaim_rho_HB,ald_adch_CHO_C,ald_adch_CHO_O,ald_adch_fukui_plus_CHO_C,ald_adch_fukui_minus_CHO_C,ald_adch_fukui_minus_CHO_O,ald_qtaim_lap_CO,ald_qtaim_ell_CO
104131,,0.259185,-0.357984,-0.000781,-0.489274,0.415593,0.104779,0.018107,0.00541,-0.008431,0.386955,-0.209782,0.140633,0.238988,-0.381262,0.047837,,0.08806,-0.318001,0.105348,0.030717,0.112024,-0.134903,0.156362
85448,,,,,,,,,,,0.402452,-0.054513,0.144449,0.232226,-0.33946,0.052401,,0.102502,-0.332644,0.072393,0.041184,0.09984,-0.11331,0.161389
91266,,,,,,,,,,,0.388142,-0.100545,0.167268,0.235133,-0.360147,0.056958,0.019935,0.263629,-0.396526,0.094574,-0.009073,0.043355,-0.106365,0.16709
110217,,0.206257,-0.274412,-0.075184,-0.342788,0.273618,0.009349,0.01007,-0.030001,-0.030582,0.394973,-0.062476,0.131299,0.234685,-0.355304,0.051233,,0.176956,-0.328463,0.055026,0.001709,0.096829,-0.051966,0.156763
146314,,0.215455,-0.331301,0.019302,-0.530801,0.424301,0.019191,-0.023207,0.001674,0.002906,0.396943,-0.144822,0.147216,0.239696,-0.382356,0.049764,0.017967,-0.071948,-0.252932,0.008584,-0.095587,0.108902,-0.073421,0.16428
