id,error,adch_ketC,adch_ketO,adch_carbC,adch_hydO,adch_hydH,adch_fukui_plus_ketC,adch_fukui_minus_ketC,adch_fukui_plus_carbC,adch_fukui_minus_carbC,qtaim_rho_CO_ket,qtaim_lap_CO_ket,qtaim_ell_CO_ket,qtaim_rho_CC_new,qtaim_lap_CC_new,qtaim_ell_CC_new,qtaim_rho_HB,ald_adch_CHO_C,ald_adch_CHO_O,ald_adch_fukui_plus_CHO_C,ald_adch_fukui_minus_CHO_C,ald_adch_fukui_minus_CHO_O,ald_qtaim_lap_CO,ald_qtaim_ell_CO
116720,,,,,,,,,,,0.397417,-0.09434,0.126497,0.238139,-0.375939,0.030318,,0.104966,-0.295551,0.097153,0.02184,0.052148,0.019627,0.143513
104548,,,,,,,,,,,0.39697,-0.115777,0.129656,0.240643,-0.382248,0.043842,,-0.135379,-0.239024,-0.147688,-0.246423,0.123437,-0.041843,0.152487
207367,,,,,,,,,,,0.395394,-0.123072,0.126807,0.241439,-0.385452,0.048166,,0.157514,-0.343123,0.135277,0.06188,0.064701,-0.041019,0.146236
124738,,,,,,,,,,,0.396306,-0.143535,0.141479,0.24136,-0.383892,0.052706,0.019073,0.100289,-0.301315,0.067742,0.003521,0.064436,-0.021449,0.154517
89051,,0.185434,-0.327606,0.010838,-0.518246,0.403871,0.001428,-0.002063,0.00177,0.003373,0.398248,-0.124932,0.143074,0.238154,-0.377695,0.044931,,-0.042452,-0.246938,0.074634,0.013192,0.086595,0.003618,0.155209
