id,error,adch_ketC,adch_ketO,adch_carbC,adch_hydO,adch_hydH,adch_fukui_plus_ketC,adch_fukui_minus_ketC,adch_fukui_plus_carbC,adch_fukui_minus_carbC,qtaim_rho_CO_ket,qtaim_lap_CO_ket,qtaim_ell_CO_ket,qtaim_rho_CC_new,qtaim_lap_CC_new,qtaim_ell_CC_new,qtaim_rho_HB,ald_adch_CHO_C,ald_adch_CHO_O,ald_adch_fukui_plus_CHO_C,ald_adch_fukui_minus_CHO_C,ald_adch_fukui_minus_CHO_O,ald_qtaim_lap_CO,ald_qtaim_ell_CO
171767,,0.192167,-0.297989,-0.003823,-0.52586,0.425943,0.256703,0.025071,0.023716,0.016681,0.401308,-0.041624,0.138682,0.234169,-0.349576,0.031673,,0.087768,-0.277281,0.257199,0.042391,0.165983,-0.007662,0.164196
58599,,,,,,,,,,,0.393471,-0.161271,0.149579,0.243697,-0.391457,0.057141,,-0.054726,-0.257598,0.161712,-0.011179,0.099503,-0.030368,0.133417
51335,,,,,,,,,,,0.396892,-0.086566,0.12038,0.236778,-0.368375,0.016089,,0.005058,-0.265603,0.078243,0.040533,0.105183,-0.002167,0.144272
48035,,0.185438,-0.331681,-0.020632,-0.515219,0.415355,0.063839,0.029742,0.002718,0.024568,0.396462,-0.115631,0.131353,0.240029,-0.379236,0.042461,,0.092418,-0.305525,0.110836,0.049736,0.138468,-0.028852,0.154972
45060,,,,,,,,,,,0.398557,-0.111188,0.132085,0.240045,-0.375586,0.044999,,0.024229,-0.321638,0.050639,-0.011987,0.097569,-0.177078,0.141612
