id,error,adch_ketC,adch_ketO,adch_carbC,adch_hydO,adch_hydH,adch_fukui_plus_ketC,adch_fukui_minus_ketC,adch_fukui_plus_carbC,adch_fukui_minus_carbC,qtaim_rho_CO_ket,qtaim_lap_CO_ket,qtaim_ell_CO_ket,qtaim_rho_CC_new,qtaim_lap_CC_new,qtaim_ell_CC_new,qtaim_rho_HB,ald_adch_CHO_C,ald_adch_CHO_O,ald_adch_fukui_plus_CHO_C,ald_adch_fukui_minus_CHO_C,ald_adch_fukui_minus_CHO_O,ald_qtaim_lap_CO,ald_qtaim_ell_CO
98699,,,,,,,,,,,0.396031,-0.138159,0.145212,0.241756,-0.384796,0.058334,0.019049,0.139945,-0.32708,0.168488,0.085696,0.003765,-0.023325,0.15177
24492,,0.190382,-0.343326,-0.023809,-0.487849,0.385159,0.250075,0.009789,0.023266,0.031389,0.395058,-0.180148,0.125696,0.244708,-0.402506,0.056117,,0.089758,-0.305574,0.267793,0.038706,0.140218,-0.030036,0.136421
47251,,0.170132,-0.322509,-0.015952,-0.486797,0.413825,-0.017981,0.014405,0.004334,0.007709,0.403023,-0.206987,0.144942,0.236766,-0.366174,0.040423,,0.000321,-0.273129,-0.120106,-0.043869,0.220988,-0.100011,0.161103
22988,,0.199295,-0.323303,-0.011575,-0.495975,0.403046,0.1559,-0.027486,-0.02786,0.004544,0.398338,-0.131412,0.128869,0.234707,-0.359827,0.023428,,-0.022562,-0.247064,0.154432,-0.016545,0.186728,-0.015954,0.156799
48070,,,,,,,,,,,0.404718,-0.074714,0.134831,0.232985,-0.347446,0.016329,,0.050259,-0.271773,0.056134,-0.003127,0.04598,-0.005288,0.150727
