id,error,adch_ketC,adch_ketO,adch_carbC,adch_hydO,adch_hydH,adch_fukui_plus_ketC,adch_fukui_minus_ketC,adch_fukui_plus_carbC,adch_fukui_minus_carbC,qtaim_rho_CO_ket,qtaim_lap_CO_ket,qtaim_ell_CO_ket,qtaim_rho_CC_new,qtaim_lap_CC_new,qtaim_ell_CC_new,qtaim_rho_HB,ald_adch_CHO_C,ald_adch_CHO_O,ald_adch_fukui_plus_CHO_C,ald_adch_fukui_minus_CHO_C,ald_adch_fukui_minus_CHO_O,ald_qtaim_lap_CO,ald_qtaim_ell_CO
189209,,0.230376,-0.311082,0.012335,-0.449419,0.371995,0.07002,0.009888,0.025039,0.007174,0.395704,-0.084748,0.134021,0.237594,-0.36848,0.052891,0.018004,0.114176,-0.309467,0.064289,0.042359,0.128197,-0.054938,0.159797
172430,,0.124503,-0.282906,0.065223,-0.58143,0.495076,-0.012315,-0.012236,0.005325,0.017318,0.404555,-0.036952,0.161577,0.23066,-0.33412,0.058044,,0.092911,-0.245924,0.052968,0.056985,0.159188,0.017769,0.167489
90194,,,,,,,,,,,0.390205,-0.174129,0.13635,0.239251,-0.378254,0.046729,0.021814,0.064718,-0.333016,0.042794,0.046698,0.065674,-0.08893,0.163993
38495,,0.221414,-0.315996,0.019213,-0.520046,0.417425,0.09446,-0.003183,0.011841,0.006079,0.39733,-0.073115,0.152978,0.230879,-0.343914,0.035427,,0.129373,-0.326821,0.088466,0.029958,0.103631,-0.068434,0.173543
207589,,0.220027,-0.361521,0.07925,-0.51113,0.415733,0.117648,-4.5e-05,0.031299,0.014464,0.391341,-0.162297,0.134339,0.238857,-0.376418,0.04627,0.021896,0.153316,-0.354854,0.10107,0.038837,0.03223,-0.068331,0.15753
