id,error,adch_ketC,adch_ketO,adch_carbC,adch_hydO,adch_hydH,adch_fukui_plus_ketC,adch_fukui_minus_ketC,adch_fukui_plus_carbC,adch_fukui_minus_carbC,qtaim_rho_CO_ket,qtaim_lap_CO_ket,qtaim_ell_CO_ket,qtaim_rho_CC_new,qtaim_lap_CC_new,qtaim_ell_CC_new,qtaim_rho_HB,ald_adch_CHO_C,ald_adch_CHO_O,ald_adch_fukui_plus_CHO_C,ald_adch_fukui_minus_CHO_C,ald_adch_fukui_minus_CHO_O,ald_qtaim_lap_CO,ald_qtaim_ell_CO
152309,,0.221364,-0.30216,-0.006777,-0.502716,0.416844,0.061807,-0.011169,0.008556,0.026424,0.400768,-0.050695,0.134294,0.234742,-0.357507,0.016925,,0.010607,-0.249671,0.111523,0.091908,0.119269,0.016189,0.152568
96350,,0.195219,-0.330028,-0.015118,-0.491578,0.398249,0.057892,0.009731,0.000971,0.02028,0.397032,-0.140717,0.138787,0.247045,-0.41338,0.0552,,0.112314,-0.298281,0.078788,0.033586,0.149958,-0.013055,0.145996
97775,,,,,,,,,,,0.400952,-0.094762,0.156505,0.248371,-0.412139,0.061461,,0.079732,-0.280958,0.046287,0.008545,0.053381,0.001264,0.152918
47463,,0.19178,-0.355892,-0.01007,-0.529189,0.413326,0.090062,0.001046,0.003269,-0.003924,0.393179,-0.145149,0.127269,0.244894,-0.404178,0.04702,,0.073663,-0.314991,0.116353,0.01779,0.080365,-0.054456,0.148899
16319,,0.189227,-0.355397,-0.020324,-0.503302,0.410221,0.25843,0.019811,0.016281,0.016251,0.395568,-0.171353,0.130416,0.244796,-0.400351,0.061168,0.018888,0.00471,-0.290524,0.222626,-0.093037,0.203397,-0.072267,0.134798
