id,error,adch_ketC,adch_ketO,adch_carbC,adch_hydO,adch_hydH,adch_fukui_plus_ketC,adch_fukui_minus_ketC,adch_fukui_plus_carbC,adch_fukui_minus_carbC,qtaim_rho_CO_ket,qtaim_lap_CO_ket,qtaim_ell_CO_ket,qtaim_rho_CC_new,qtaim_lap_CC_new,qtaim_ell_CC_new,qtaim_rho_HB,ald_adch_CHO_C,ald_adch_CHO_O,ald_adch_fukui_plus_CHO_C,ald_adch_fukui_minus_CHO_C,ald_adch_fukui_minus_CHO_O,ald_qtaim_lap_CO,ald_qtaim_ell_CO
87458,,0.265438,-0.311081,-0.02503,-0.521734,0.439809,,,,,0.403983,-0.05992,0.148324,0.231275,-0.340227,0.013499,,-0.018967,-0.223781,0.300955,0.221581,0.022203,0.007559,0.164356
94905,,,,,,,,,,,0.396455,-0.124541,0.12965,0.240133,-0.375608,0.05549,,0.098587,-0.307132,0.133378,0.026073,0.103893,-0.027401,0.146486
207226,,,,,,,,,,,0.398701,-0.202656,0.14616,0.242721,-0.401783,0.042857,,0.089791,-0.29987,0.099898,0.009724,0.033877,-0.045044,0.153153
216605,,,,,,,,,,,0.394672,-0.134939,0.119193,0.242461,-0.391672,0.050299,0.018407,-0.013793,-0.429167,0.030817,0.021824,0.133277,-0.426357,0.121752
112125,,0.178613,-0.335546,0.096632,-0.528563,0.416408,0.238111,0.005257,0.024593,0.006301,0.3961,-0.168833,0.144741,0.245606,-0.398616,0.065229,,0.089823,-0.318508,0.250988,0.025619,0.142891,-0.048651,0.136202
