id,error,adch_ketC,adch_ketO,adch_carbC,adch_hydO,adch_hydH,adch_fukui_plus_ketC,adch_fukui_minus_ketC,adch_fukui_plus_carbC,adch_fukui_minus_carbC,qtaim_rho_CO_ket,qtaim_lap_CO_ket,qtaim_ell_CO_ket,qtaim_rho_CC_new,qtaim_lap_CC_new,qtaim_ell_CC_new,qtaim_rho_HB,ald_adch_CHO_C,ald_adch_CHO_O,ald_adch_fukui_plus_CHO_C,ald_adch_fukui_minus_CHO_C,ald_adch_fukui_minus_CHO_O,ald_qtaim_lap_CO,ald_qtaim_ell_CO
95534,,,,,,,,,,,0.390081,-0.204773,0.147043,0.235778,-0.36133,0.049232,0.020995,0.24114,-0.536582,0.036773,0.090112,-0.005098,-0.132181,0.176924
153975,,0.139546,-0.342694,0.025886,-0.535783,0.45065,0.035896,0.058979,0.009665,0.076055,0.391889,-0.212161,0.138081,0.241161,-0.390278,0.052582,0.017876,0.102254,-0.346041,0.071908,0.047723,0.168444,-0.132483,0.159121
192923,,0.212921,-0.362621,0.035435,-0.511266,0.421149,0.097436,0.068205,0.041148,0.02942,0.392241,-0.168864,0.139229,0.238372,-0.374108,0.046394,0.020608,0.107425,-0.316086,0.091068,0.042085,0.154436,-0.076715,0.164142
188189,,0.181112,-0.354877,-0.019415,-0.514749,0.414331,0.05144,0.013977,-0.015259,0.010176,0.393261,-0.232906,0.164783,0.234363,-0.353613,0.0536,0.02016,0.073671,-0.331436,0.056788,0.004604,0.129722,-0.158601,0.186345
47676,,,,,,,,,,,0.397644,-0.132739,0.141771,0.23023,-0.333646,0.045292,0.01962,-0.102841,-0.253216,0.026493,-0.022709,0.058247,-0.091936,0.174726
