id,error,adch_ketC,adch_ketO,adch_carbC,adch_hydO,adch_hydH,adch_fukui_plus_ketC,adch_fukui_minus_ketC,adch_fukui_plus_carbC,adch_fukui_minus_carbC,qtaim_rho_CO_ket,qtaim_lap_CO_ket,qtaim_ell_CO_ket,qtaim_rho_CC_new,qtaim_lap_CC_new,qtaim_ell_CC_new,qtaim_rho_HB,ald_adch_CHO_C,ald_adch_CHO_O,ald_adch_fukui_plus_CHO_C,ald_adch_fukui_minus_CHO_C,ald_adch_fukui_minus_CHO_O,ald_qtaim_lap_CO,ald_qtaim_ell_CO
100454,,,,,,,,,,,0.398149,-0.103738,0.125529,0.240434,-0.380193,0.053506,0.022048,-0.169092,-0.201723,-0.082067,-0.108693,0.108195,-0.008304,0.146135
214420,,0.246145,-0.343307,-0.033658,-0.520288,0.426634,0.028261,-0.054979,0.014763,0.041814,0.400728,-0.11383,0.147244,0.239582,-0.376653,0.048064,0.018228,0.099596,-0.294812,0.076864,0.034851,0.156324,-0.010771,0.155668
146770,,0.209204,-0.322112,-0.010746,-0.502133,0.406722,0.26091,0.022291,0.016599,0.027932,0.398444,-0.104807,0.124305,0.234239,-0.358112,0.022952,,0.095275,-0.291971,0.301393,0.062095,0.171435,0.010773,0.143096
81469,,0.18927,-0.311522,-0.004708,-0.521861,0.409754,0.171329,0.014444,0.013229,0.014387,0.402846,-0.090409,0.139485,0.235248,-0.352127,0.047018,,0.131561,-0.300447,0.211291,0.027201,0.100092,0.013742,0.150417
37505,,,,,,,,,,,0.396388,-0.110625,0.124216,0.241237,-0.384376,0.049351,,0.004579,-0.287105,-0.039316,-0.034647,0.103973,-0.088085,0.147313
