id,error,adch_ketC,adch_ketO,adch_carbC,adch_hydO,adch_hydH,adch_fukui_plus_ketC,adch_fukui_minus_ketC,adch_fukui_plus_carbC,adch_fukui_minus_carbC,qtaim_rho_CO_ket,qtaim_lap_CO_ket,qtaim_ell_CO_ket,qtaim_rho_CC_new,qtaim_lap_CC_new,qtaim_ell_CC_new,qtaim_rho_HB,ald_adch_CHO_C,ald_adch_CHO_O,ald_adch_fukui_plus_CHO_C,ald_adch_fukui_minus_CHO_C,ald_adch_fukui_minus_CHO_O,ald_qtaim_lap_CO,ald_qtaim_ell_CO
182992,,,,,,,,,,,0.400954,-0.245783,0.139647,0.232092,-0.348794,0.035799,,0.058049,-0.299097,0.03038,-0.056153,0.170465,-0.159296,0.157998
212025,,,,,,,,,,,0.389639,-0.200707,0.135852,0.235718,-0.361987,0.050956,0.021752,0.102871,-0.336894,0.083283,0.013524,0.078382,-0.11667,0.164032
104586,,,,,,,,,,,0.399147,-0.100892,0.137797,0.241544,-0.386235,0.051754,,0.268432,-0.36485,0.250391,0.185291,0.00472,-0.020899,0.1567
188621,,-0.048761,-0.302029,0.055722,-0.523283,0.411448,0.0638,0.067807,0.01688,-0.028525,0.393115,-0.224964,0.165681,0.237961,-0.371662,0.050747,0.018348,0.080133,-0.329692,0.046073,-0.13716,0.126433,-0.156899,0.182633
122746,,,,,,,0.097559,0.004,0.003365,0.002105,0.3984,-0.109806,0.130682,0.241859,-0.398231,0.048031,,-0.129806,-0.231244,0.119381,-0.023795,0.067794,-0.044977,0.141254
