id,error,adch_ketC,adch_ketO,adch_carbC,adch_hydO,adch_hydH,adch_fukui_plus_ketC,adch_fukui_minus_ketC,adch_fukui_plus_carbC,adch_fukui_minus_carbC,qtaim_rho_CO_ket,qtaim_lap_CO_ket,qtaim_ell_CO_ket,qtaim_rho_CC_new,qtaim_lap_CC_new,qtaim_ell_CC_new,qtaim_rho_HB,ald_adch_CHO_C,ald_adch_CHO_O,ald_adch_fukui_plus_CHO_C,ald_adch_fukui_minus_CHO_C,ald_adch_fukui_minus_CHO_O,ald_qtaim_lap_CO,ald_qtaim_ell_CO
45653,,0.186523,-0.305291,-0.011026,-0.510449,0.41566,-0.092095,-0.087308,0.028062,0.03621,0.400183,-0.059181,0.138775,0.236393,-0.36481,0.021728,,0.09542,-0.290348,0.035906,0.020553,0.074404,0.009098,0.161406
4803,,0.175936,-0.326565,-0.004374,-0.521924,0.40414,,-0.000599,,0.030336,0.395676,-0.120535,0.126533,0.241153,-0.383547,0.048515,0.018622,0.092996,-0.314713,0.266063,0.033124,0.137526,-0.022313,0.150904
78345,,,,,,,,,,,0.394335,-0.149152,0.123364,0.242189,-0.397598,0.046564,,0.011488,-0.445086,0.004609,0.012071,0.075855,-0.409624,0.114081
185091,,0.189458,-0.358168,-0.000156,-0.504456,0.399764,0.090882,-0.002602,0.004404,-0.001314,0.392816,-0.186236,0.13711,0.237076,-0.369317,0.038814,,0.023744,-0.457059,0.000194,0.037146,0.17055,-0.477492,0.11633
31295,,0.189294,-0.351456,0.007987,-0.5103,0.410624,0.070207,0.022382,0.002855,0.027279,0.394764,-0.179416,0.143737,0.237809,-0.372146,0.038587,,0.10001,-0.324517,0.084997,0.047145,0.170218,-0.079227,0.166624
