id,error,adch_ketC,adch_ketO,adch_carbC,adch_hydO,adch_hydH,adch_fukui_plus_ketC,adch_fukui_minus_ketC,adch_fukui_plus_carbC,adch_fukui_minus_carbC,qtaim_rho_CO_ket,qtaim_lap_CO_ket,qtaim_ell_CO_ket,qtaim_rho_CC_new,qtaim_lap_CC_new,qtaim_ell_CC_new,qtaim_rho_HB,ald_adch_CHO_C,ald_adch_CHO_O,ald_adch_fukui_plus_CHO_C,ald_adch_fukui_minus_CHO_C,ald_adch_fukui_minus_CHO_O,ald_qtaim_lap_CO,ald_qtaim_ell_CO
182296,,,,,,,,,,,0.384422,-0.211151,0.140742,0.233058,-0.348874,0.050803,,0.121419,-0.352001,0.068275,0.002308,0.051359,-0.14454,0.150522
157368,,0.352776,-0.346115,0.017822,-0.470664,0.395225,0.177645,0.192231,-0.029154,-0.063149,0.396701,-0.094875,0.142139,0.236647,-0.36474,0.051984,,0.10767,-0.290542,0.080182,0.016853,0.14019,-0.072954,0.173649
182453,,0.154468,-0.318689,0.002663,-0.529617,0.435706,0.067165,0.000994,0.007605,0.007945,0.397354,-0.183185,0.176542,0.226328,-0.312824,0.048434,0.022816,0.152433,-0.292013,0.124714,-0.094248,0.046953,-0.137063,0.173922
5417,,0.201561,-0.335233,-0.033899,-0.472273,0.383151,0.056345,0.006334,0.005091,0.00234,0.397018,-0.189535,0.129849,0.245327,-0.405085,0.054926,,-0.02202,-0.289069,0.085235,0.007204,0.103353,-0.18253,0.134096
30054,,0.152793,-0.289634,-0.000718,-0.503291,0.415828,0.01806,-0.047147,0.005214,0.022351,0.399983,-0.034921,0.133698,0.236033,-0.362899,0.015674,,0.132222,-0.301617,0.04988,0.089699,0.078465,0.037068,0.152374
