id,error,adch_ketC,adch_ketO,adch_carbC,adch_hydO,adch_hydH,adch_fukui_plus_ketC,adch_fukui_minus_ketC,adch_fukui_plus_carbC,adch_fukui_minus_carbC,qtaim_rho_CO_ket,qtaim_lap_CO_ket,qtaim_ell_CO_ket,qtaim_rho_CC_new,qtaim_lap_CC_new,qtaim_ell_CC_new,qtaim_rho_HB,ald_adch_CHO_C,ald_adch_CHO_O,ald_adch_fukui_plus_CHO_C,ald_adch_fukui_minus_CHO_C,ald_adch_fukui_minus_CHO_O,ald_qtaim_lap_CO,ald_qtaim_ell_CO
49543,,,,,,,,,,,0.398331,-0.078809,0.13061,0.238848,-0.373982,0.037373,,-0.064408,-0.248021,0.039512,0.061438,0.096975,-0.009767,0.153585
19252,,0.192826,-0.343238,-0.018705,-0.509205,0.403984,0.254957,0.02731,0.018819,0.029031,0.394646,-0.129119,0.119426,0.240837,-0.381577,0.047565,,-0.080682,-0.257768,0.191591,-0.038337,0.193766,-0.038134,0.140791
215032,,0.139267,-0.333449,0.00714,-0.536217,0.382618,0.243673,0.004576,0.024814,0.026699,0.396546,-0.145726,0.132701,0.237285,-0.372428,0.041673,,0.090808,-0.317214,0.258151,0.029307,0.150412,-0.041454,0.157304
113588,,0.148225,-0.348351,0.023519,-0.554106,0.432855,0.233599,0.018537,0.026268,0.034922,0.395424,-0.176534,0.119167,0.238118,-0.36785,0.046987,,0.100674,-0.316884,0.265381,0.028371,0.117244,-0.032229,0.143353
106643,,,,,,,,,,,0.394643,-0.149972,0.145749,0.244898,-0.399592,0.060257,,0.074602,-0.308864,0.042356,0.005946,0.061334,-0.0237,0.145904
