id,error,adch_ketC,adch_ketO,adch_carbC,adch_hydO,adch_hydH,adch_fukui_plus_ketC,adch_fukui_minus_ketC,adch_fukui_plus_carbC,adch_fukui_minus_carbC,qtaim_rho_CO_ket,qtaim_lap_CO_ket,qtaim_ell_CO_ket,qtaim_rho_CC_new,qtaim_lap_CC_new,qtaim_ell_CC_new,qtaim_rho_HB,ald_adch_CHO_C,ald_adch_CHO_O,ald_adch_fukui_plus_CHO_C,ald_adch_fukui_minus_CHO_C,ald_adch_fukui_minus_CHO_O,ald_qtaim_lap_CO,ald_qtaim_ell_CO
191249,,,,,,,,,,,0.392871,-0.120859,0.14084,0.236798,-0.364472,0.050695,0.023072,0.047582,-0.313175,0.071088,0.002015,0.077252,-0.119822,0.147172
201050,,0.14574,-0.365898,0.078716,-0.507262,0.417166,0.09045,0.112025,0.031586,0.001871,0.391227,-0.158167,0.135731,0.237441,-0.369466,0.047116,0.021366,0.07919,-0.320347,0.077325,0.119153,0.097796,-0.072438,0.161523
80767,,0.21151,-0.288821,0.131119,-0.499953,0.419766,0.054337,0.022286,0.040726,0.029007,0.399224,-0.100512,0.172289,0.236082,-0.361157,0.053956,0.01855,0.107282,-0.277848,0.079908,0.054539,0.186081,-0.023307,0.182558
61062,,,,,,,,,,,0.393805,-0.190816,0.140258,0.240814,-0.387955,0.051798,0.018782,0.050402,-0.285783,0.061907,-0.005152,0.126869,-0.115865,0.155914
74760,,,,,,,,,,,0.399295,-0.094468,0.140366,0.237381,-0.365666,0.039375,,0.0729,-0.374821,-0.004008,0.033725,0.124804,-0.330395,0.118366
