id,error,adch_ketC,adch_ketO,adch_carbC,adch_hydO,adch_hydH,adch_fukui_plus_ketC,adch_fukui_minus_ketC,adch_fukui_plus_carbC,adch_fukui_minus_carbC,qtaim_rho_CO_ket,qtaim_lap_CO_ket,qtaim_ell_CO_ket,qtaim_rho_CC_new,qtaim_lap_CC_new,qtaim_ell_CC_new,qtaim_rho_HB,ald_adch_CHO_C,ald_adch_CHO_O,ald_adch_fukui_plus_CHO_C,ald_adch_fukui_minus_CHO_C,ald_adch_fukui_minus_CHO_O,ald_qtaim_lap_CO,ald_qtaim_ell_CO
209418,,,,,,,,,,,0.38785,-0.228755,0.156616,0.230387,-0.336284,0.044865,0.023366,,,,,,-0.172622,0.185049
51231,,0.146832,-0.269142,-0.042087,-0.460504,0.373077,0.010386,-0.017891,-0.01663,-0.01478,0.400791,-0.030493,0.144332,0.227635,-0.320619,0.050122,,0.118414,-0.296035,0.076093,0.014159,0.095265,-0.044512,0.163822
97505,,,,,,,,,,,0.396304,-0.127835,0.147503,0.236009,-0.360702,0.048316,0.019993,0.108157,-0.297191,0.064341,0.022668,0.088225,-0.048041,0.163771
134917,,0.196341,-0.322418,0.116324,-0.521022,0.426035,0.053101,-0.002672,0.183692,0.200663,0.39619,-0.184477,0.152004,0.23786,-0.37429,0.049276,,0.152666,-0.307926,0.090461,-0.066506,0.09126,-0.098599,0.171529
168825,,0.189673,-0.350201,-0.003777,-0.50812,0.422461,0.071161,-0.030916,-0.00479,0.004687,0.390892,-0.233233,0.135216,0.244165,-0.406364,0.054206,,0.082869,-0.320401,0.09995,0.029194,0.126804,-0.146571,0.147161
