id,error,adch_ketC,adch_ketO,adch_carbC,adch_hydO,adch_hydH,adch_fukui_plus_ketC,adch_fukui_minus_ketC,adch_fukui_plus_carbC,adch_fukui_minus_carbC,qtaim_rho_CO_ket,qtaim_lap_CO_ket,qtaim_ell_CO_ket,qtaim_rho_CC_new,qtaim_lap_CC_new,qtaim_ell_CC_new,qtaim_rho_HB,ald_adch_CHO_C,ald_adch_CHO_O,ald_adch_fukui_plus_CHO_C,ald_adch_fukui_minus_CHO_C,ald_adch_fukui_minus_CHO_O,ald_qtaim_lap_CO,ald_qtaim_ell_CO
24545,,0.193724,-0.353981,-0.003492,-0.537841,0.422474,0.258527,0.019885,0.018486,0.018392,0.39541,-0.157378,0.129056,0.24077,-0.390266,0.043934,,0.094288,-0.325458,0.265278,0.024831,0.126775,-0.040763,0.136535
89796,,,,,,,,,,,0.393337,-0.15141,0.122889,0.243697,-0.396528,0.049049,0.01813,0.10277,-0.319175,0.084343,0.012256,0.074762,-0.018815,0.149834
212770,,0.180261,-0.321295,-0.012554,-0.513278,0.415118,0.155195,0.015259,0.014391,0.012855,0.399405,-0.107242,0.150581,0.239752,-0.383789,0.048283,,0.000417,-0.262259,0.225281,0.003743,0.165378,0.00993,0.15151
165944,,0.182151,-0.322581,-0.005239,-0.520853,0.409287,0.027106,0.019236,0.000353,0.019472,0.397576,-0.108857,0.130883,0.240563,-0.380977,0.048376,,0.095761,-0.301021,0.065427,0.035191,0.113651,-0.020333,0.156814
73192,,0.190996,-0.333177,-0.015731,-0.511396,0.411107,0.080377,0.002431,0.002354,-0.006343,0.398095,-0.104876,0.129125,0.242823,-0.392541,0.051272,,0.099347,-0.305148,0.111653,0.009786,0.054968,-0.037283,0.147494
