id,error,adch_ketC,adch_ketO,adch_carbC,adch_hydO,adch_hydH,adch_fukui_plus_ketC,adch_fukui_minus_ketC,adch_fukui_plus_carbC,adch_fukui_minus_carbC,qtaim_rho_CO_ket,qtaim_lap_CO_ket,qtaim_ell_CO_ket,qtaim_rho_CC_new,qtaim_lap_CC_new,qtaim_ell_CC_new,qtaim_rho_HB,ald_adch_CHO_C,ald_adch_CHO_O,ald_adch_fukui_plus_CHO_C,ald_adch_fukui_minus_CHO_C,ald_adch_fukui_minus_CHO_O,ald_qtaim_lap_CO,ald_qtaim_ell_CO
103538,,,,,,,,,,,0.392253,-0.15095,0.138413,0.237014,-0.367165,0.046803,0.02081,0.106993,-0.315631,0.058077,0.038139,0.131515,-0.067544,0.162317
52569,,,,,,,,,,,0.390445,-0.165262,0.135605,0.23807,-0.372271,0.047646,0.021998,0.106422,-0.322501,0.049232,0.036801,0.12292,-0.079947,0.162053
51736,,0.253546,-0.342589,0.078326,-0.500974,0.395072,0.097511,0.012051,0.032732,0.009521,0.39272,-0.139134,0.139211,0.238086,-0.371637,0.047992,0.020842,0.11286,-0.31327,0.074787,0.009795,0.107657,-0.062681,0.163363
74126,,,,,,,,,,,0.391393,-0.178728,0.135573,0.23786,-0.371825,0.047204,0.020367,0.088386,-0.333139,0.085758,0.051776,0.093913,-0.08206,0.159274
189460,,0.21025,-0.313543,0.103605,-0.49541,0.406405,0.044337,0.009668,0.041686,0.0209,0.39593,-0.130268,0.15282,0.23818,-0.372936,0.051019,0.020294,0.108671,-0.302049,0.065785,0.045771,0.155963,-0.053052,0.164367
