id,error,adch_ketC,adch_ketO,adch_carbC,adch_hydO,adch_hydH,adch_fukui_plus_ketC,adch_fukui_minus_ketC,adch_fukui_plus_carbC,adch_fukui_minus_carbC,qtaim_rho_CO_ket,qtaim_lap_CO_ket,qtaim_ell_CO_ket,qtaim_rho_CC_new,qtaim_lap_CC_new,qtaim_ell_CC_new,qtaim_rho_HB,ald_adch_CHO_C,ald_adch_CHO_O,ald_adch_fukui_plus_CHO_C,ald_adch_fukui_minus_CHO_C,ald_adch_fukui_minus_CHO_O,ald_qtaim_lap_CO,ald_qtaim_ell_CO
82345,,,,,,,,,,,0.394962,-0.135044,0.133814,0.238104,-0.376517,0.0262,,0.094103,-0.323246,0.055228,0.025745,0.063871,-0.067081,0.144405
140136,,0.216804,-0.354331,0.062549,-0.508649,0.418501,0.057277,0.040764,0.021551,-0.009036,0.391763,-0.164215,0.145782,0.237928,-0.370917,0.047072,0.020832,0.10533,-0.317684,0.061699,0.029826,0.120713,-0.083036,0.166002
149078,,,,,,,,,,,0.397958,-0.09472,0.165494,0.232994,-0.356106,0.046237,,0.108062,-0.301901,0.083403,0.040258,0.138293,-0.055522,0.175836
56798,,,,,,,,,,,0.39603,-0.114323,0.141035,0.232564,-0.344422,0.051492,0.019964,0.131982,-0.33835,0.066361,0.041794,0.063403,-0.056626,0.160759
86881,,0.217036,-0.298962,0.052814,-0.504099,0.399922,0.000234,-0.007723,-0.013023,-0.002137,0.398825,-0.050058,0.151832,0.23128,-0.335152,0.052132,,0.068655,-0.30157,0.085365,0.042901,0.096962,-0.029907,0.159046
