id,error,adch_ketC,adch_ketO,adch_carbC,adch_hydO,adch_hydH,adch_fukui_plus_ketC,adch_fukui_minus_ketC,adch_fukui_plus_carbC,adch_fukui_minus_carbC,qtaim_rho_CO_ket,qtaim_lap_CO_ket,qtaim_ell_CO_ket,qtaim_rho_CC_new,qtaim_lap_CC_new,qtaim_ell_CC_new,qtaim_rho_HB,ald_adch_CHO_C,ald_adch_CHO_O,ald_adch_fukui_plus_CHO_C,ald_adch_fukui_minus_CHO_C,ald_adch_fukui_minus_CHO_O,ald_qtaim_lap_CO,ald_qtaim_ell_CO
214510,,0.189478,-0.328939,-0.021522,-0.515741,0.414626,0.065934,0.001953,-0.000319,-0.004905,0.397629,-0.114884,0.133214,0.240611,-0.381538,0.045066,,0.096222,-0.303618,0.090491,0.021404,0.123506,-0.006917,0.157268
17862,,0.200201,-0.340103,-0.018868,-0.485339,0.392496,0.094958,0.017743,0.006122,0.018367,0.396837,-0.175306,0.121692,0.240641,-0.387513,0.044608,,0.124012,-0.317334,0.164217,0.104325,0.101399,-0.030965,0.142762
164589,,0.23935,-0.343552,-0.024522,-0.545051,0.432657,-0.09566,-0.055663,0.025719,0.038105,0.399093,-0.090591,0.141298,0.237291,-0.363538,0.04732,,0.093143,-0.291437,0.055443,0.036233,0.111513,-0.019222,0.159662
93555,,,,,,,,,,,0.395622,-0.118101,0.135388,0.241408,-0.385385,0.044497,,0.096212,-0.309499,0.093077,0.012236,0.051252,-0.030214,0.153137
136438,,0.181736,-0.338479,-1.8e-05,-0.511586,0.402194,0.24829,0.00909,0.023537,0.011991,0.397193,-0.132141,0.141765,0.237345,-0.37231,0.045791,,0.094457,-0.302253,0.265885,0.032749,0.121925,-0.018946,0.156015
