id,error,adch_ketC,adch_ketO,adch_carbC,adch_hydO,adch_hydH,adch_fukui_plus_ketC,adch_fukui_minus_ketC,adch_fukui_plus_carbC,adch_fukui_minus_carbC,qtaim_rho_CO_ket,qtaim_lap_CO_ket,qtaim_ell_CO_ket,qtaim_rho_CC_new,qtaim_lap_CC_new,qtaim_ell_CC_new,qtaim_rho_HB,ald_adch_CHO_C,ald_adch_CHO_O,ald_adch_fukui_plus_CHO_C,ald_adch_fukui_minus_CHO_C,ald_adch_fukui_minus_CHO_O,ald_qtaim_lap_CO,ald_qtaim_ell_CO
28967,,,,,,,,,,,0.395168,-0.128789,0.124089,0.240959,-0.384226,0.043207,,0.121052,-0.324057,0.078623,0.036738,0.121889,-0.017272,0.13178
147778,,0.190126,-0.324077,-0.021168,-0.510379,0.411186,0.051697,0.024381,0.004405,0.019975,0.397758,-0.097176,0.131183,0.238284,-0.372116,0.034044,,0.122067,-0.311293,0.100504,0.056326,0.136941,-0.005051,0.150656
36747,,,,,,,,,,,0.396095,-0.110348,0.128302,0.24324,-0.396163,0.044605,,0.10021,-0.310688,0.06093,0.015843,0.086612,-0.014075,0.148396
211412,,0.184194,-0.323002,-0.021446,-0.506541,0.405558,0.112663,0.001993,0.008304,0.003413,0.397449,-0.145199,0.139574,0.241738,-0.387142,0.048761,,0.064602,-0.277137,0.130993,0.013722,0.071224,-0.038477,0.157486
76684,,,,,,,,,,,0.398033,-0.131004,0.132395,0.236011,-0.356001,0.047423,,0.079141,-0.307991,0.06496,-0.003701,0.000276,-0.057264,0.144887
