id,error,adch_ketC,adch_ketO,adch_carbC,adch_hydO,adch_hydH,adch_fukui_plus_ketC,adch_fukui_minus_ketC,adch_fukui_plus_carbC,adch_fukui_minus_carbC,qtaim_rho_CO_ket,qtaim_lap_CO_ket,qtaim_ell_CO_ket,qtaim_rho_CC_new,qtaim_lap_CC_new,qtaim_ell_CC_new,qtaim_rho_HB,ald_adch_CHO_C,ald_adch_CHO_O,ald_adch_fukui_plus_CHO_C,ald_adch_fukui_minus_CHO_C,ald_adch_fukui_minus_CHO_O,ald_qtaim_lap_CO,ald_qtaim_ell_CO
179903,,,,,,,,,,,0.400322,-0.030511,0.135492,0.22892,-0.325622,0.051162,,0.092123,-0.300951,0.041959,-0.00277,0.1338,-0.039923,0.161677
21767,,,,,,,,,,,0.392656,-0.131093,0.135644,0.237922,-0.369476,0.051955,0.018652,0.108751,-0.348238,0.057299,0.003647,0.125854,-0.102562,0.161874
159841,,0.149405,-0.286734,0.078056,-0.449581,0.360883,,,,,0.396448,-0.085012,0.139302,0.235984,-0.359499,0.054765,0.019026,0.08772,-0.418357,0.009498,0.032516,0.141135,-0.412733,0.113726
140836,,0.217771,-0.341745,-0.035644,-0.509511,0.402536,,0.025097,,-0.006713,0.392037,-0.162871,0.144916,0.23552,-0.360474,0.049092,,0.041921,-0.301518,0.004905,-0.090963,0.119871,-0.097946,0.172286
80054,,0.083326,-0.317103,0.01609,-0.487304,0.386094,0.024414,-0.010263,-0.016867,-0.01463,0.394902,-0.150837,0.13804,0.234953,-0.35653,0.052725,,0.123751,-0.316568,0.089024,0.042074,0.1006,-0.100825,0.161486
