id,error,adch_ketC,adch_ketO,adch_carbC,adch_hydO,adch_hydH,adch_fukui_plus_ketC,adch_fukui_minus_ketC,adch_fukui_plus_carbC,adch_fukui_minus_carbC,qtaim_rho_CO_ket,qtaim_lap_CO_ket,qtaim_ell_CO_ket,qtaim_rho_CC_new,qtaim_lap_CC_new,qtaim_ell_CC_new,qtaim_rho_HB,ald_adch_CHO_C,ald_adch_CHO_O,ald_adch_fukui_plus_CHO_C,ald_adch_fukui_minus_CHO_C,ald_adch_fukui_minus_CHO_O,ald_qtaim_lap_CO,ald_qtaim_ell_CO
220858,,,,,,,,,,,0.396666,-0.126976,0.127842,0.235096,-0.351873,0.044495,,0.022518,-0.287967,-0.153356,-0.294076,0.215201,-0.027992,0.150588
49776,,,,,,,,,,,0.395164,-0.087618,0.1234,0.239095,-0.372842,0.047336,0.018357,-0.053916,-0.250628,,0.018138,0.065723,-0.009103,0.150237
136966,,0.193841,-0.332355,-0.022943,-0.498474,0.405417,0.075186,0.030166,0.003669,0.017475,0.396669,-0.10258,0.127211,0.242403,-0.388426,0.050003,,0.340143,-0.391143,-0.038103,-0.170035,0.207973,-0.007956,0.148983
5720,,0.194904,-0.364504,-0.002244,-0.513213,0.408048,0.223006,0.041178,0.017239,0.038475,0.391691,-0.195266,0.140214,0.239486,-0.379171,0.04439,,0.095689,-0.328711,0.218871,0.066375,0.229834,-0.089678,0.171571
87202,,0.179831,-0.326103,0.008053,-0.495015,0.381991,0.048454,0.02083,-0.004254,0.001599,0.393665,-0.147972,0.137481,0.23958,-0.378575,0.044564,,-0.277493,-0.194874,0.039762,-0.032821,0.176773,-0.102998,0.169532
