id,error,adch_ketC,adch_ketO,adch_carbC,adch_hydO,adch_hydH,adch_fukui_plus_ketC,adch_fukui_minus_ketC,adch_fukui_plus_carbC,adch_fukui_minus_carbC,qtaim_rho_CO_ket,qtaim_lap_CO_ket,qtaim_ell_CO_ket,qtaim_rho_CC_new,qtaim_lap_CC_new,qtaim_ell_CC_new,qtaim_rho_HB,ald_adch_CHO_C,ald_adch_CHO_O,ald_adch_fukui_plus_CHO_C,ald_adch_fukui_minus_CHO_C,ald_adch_fukui_minus_CHO_O,ald_qtaim_lap_CO,ald_qtaim_ell_CO
190733,,0.186469,-0.334386,-0.014003,-0.512716,0.395765,0.049177,0.06728,-0.013728,0.012261,0.397855,-0.098404,0.131258,0.235415,-0.352881,0.045467,,0.102375,-0.303286,0.037859,0.029502,0.140831,-0.003977,0.150952
219028,,0.386259,-0.351465,-0.062901,-0.521396,0.42431,0.351428,0.017637,-0.003067,0.012625,0.408519,-0.097029,0.163027,0.239902,-0.388148,0.036967,,-0.399774,-0.096518,0.091308,-0.387223,0.333534,-0.005776,0.153181
34922,,,,,,,,,,,0.395435,-0.126865,0.131873,0.239643,-0.375542,0.052323,0.021376,0.09918,-0.30621,0.06942,-0.002074,0.049189,-0.017591,0.155349
218831,,0.198834,-0.335325,-0.022208,-0.525526,0.417812,-0.033343,0.006869,0.009271,0.021348,0.398058,-0.096221,0.135323,0.236606,-0.360801,0.043383,,0.090962,-0.305373,0.047049,0.029841,0.095591,-0.025569,0.154523
43684,,0.178301,-0.312926,0.001568,-0.534211,0.433461,0.260906,0.007397,0.021946,0.030043,0.400076,-0.086873,0.14592,0.238494,-0.370038,0.052652,0.021113,0.247215,-0.345966,0.38613,0.044481,0.227579,0.004228,0.160629
