id,error,adch_ketC,adch_ketO,adch_carbC,adch_hydO,adch_hydH,adch_fukui_plus_ketC,adch_fukui_minus_ketC,adch_fukui_plus_carbC,adch_fukui_minus_carbC,qtaim_rho_CO_ket,qtaim_lap_CO_ket,qtaim_ell_CO_ket,qtaim_rho_CC_new,qtaim_lap_CC_new,qtaim_ell_CC_new,qtaim_rho_HB,ald_adch_CHO_C,ald_adch_CHO_O,ald_adch_fukui_plus_CHO_C,ald_adch_fukui_minus_CHO_C,ald_adch_fukui_minus_CHO_O,ald_qtaim_lap_CO,ald_qtaim_ell_CO
110770,,,,,,,,,,,0.398096,-0.084733,0.160811,0.240821,-0.390166,0.045671,,0.054992,-0.305816,0.085817,0.152233,-0.017895,-0.030344,0.157395
210700,,,,,,,,,,,0.393974,-0.124699,0.131353,0.241018,-0.383839,0.049702,0.020282,0.092894,-0.313857,0.098956,0.026005,0.103014,-0.021559,0.151411
132606,,,,,,,,,,,0.395538,-0.096604,0.134298,0.238106,-0.36821,0.048309,0.022753,0.092004,-0.305021,0.116549,0.018294,0.094797,-0.019457,0.162453
129333,,,,,,,,,,,0.399189,-0.123336,0.126431,0.242953,-0.391904,0.042149,,0.097375,-0.293559,0.065112,0.010603,0.062762,-0.008475,0.154024
120083,,0.179466,-0.3173,-0.012602,-0.513488,0.420492,0.062271,0.015522,0.000749,-0.000277,0.39939,-0.150785,0.152895,0.242439,-0.387197,0.048983,,0.050085,-0.279101,0.105256,0.030495,0.092605,-0.021396,0.153335
