id,error,adch_ketC,adch_ketO,adch_carbC,adch_hydO,adch_hydH,adch_fukui_plus_ketC,adch_fukui_minus_ketC,adch_fukui_plus_carbC,adch_fukui_minus_carbC,qtaim_rho_CO_ket,qtaim_lap_CO_ket,qtaim_ell_CO_ket,qtaim_rho_CC_new,qtaim_lap_CC_new,qtaim_ell_CC_new,qtaim_rho_HB,ald_adch_CHO_C,ald_adch_CHO_O,ald_adch_fukui_plus_CHO_C,ald_adch_fukui_minus_CHO_C,ald_adch_fukui_minus_CHO_O,ald_qtaim_lap_CO,ald_qtaim_ell_CO
56898,,,,,,,,,,,0.396822,-0.173599,0.131876,0.228649,-0.328918,0.053634,0.021765,0.12405,-0.309973,0.087712,0.020412,0.077541,-0.016828,0.160278
87353,,0.230571,-0.314885,0.022575,-0.474682,0.372703,0.094742,0.018248,0.018261,0.000837,0.394311,-0.125586,0.140947,0.236287,-0.36294,0.050163,,-0.180912,-0.237249,0.052802,-0.048874,0.141618,-0.066825,0.164042
141803,,,,,,,,,,,0.39008,-0.19653,0.146494,0.236794,-0.366062,0.048532,0.022221,0.098909,-0.332172,0.100215,0.022805,0.117061,-0.116866,0.174497
152026,,0.192522,-0.363567,0.015639,-0.532646,0.418439,0.044709,-0.002704,-0.000214,-0.006394,0.392971,-0.255216,0.155014,0.239527,-0.384736,0.050935,,0.083219,-0.350993,0.072405,0.040752,0.152347,-0.184487,0.173056
45365,,0.181422,-0.308079,0.045367,-0.527324,0.407042,0.08327,0.043885,0.013848,-0.00079,0.396538,-0.150953,0.132779,0.242726,-0.395689,0.04841,,0.095241,-0.323962,0.097221,0.034795,0.128374,-0.051346,0.148506
