id,error,adch_ketC,adch_ketO,adch_carbC,adch_hydO,adch_hydH,adch_fukui_plus_ketC,adch_fukui_minus_ketC,adch_fukui_plus_carbC,adch_fukui_minus_carbC,qtaim_rho_CO_ket,qtaim_lap_CO_ket,qtaim_ell_CO_ket,qtaim_rho_CC_new,qtaim_lap_CC_new,qtaim_ell_CC_new,qtaim_rho_HB,ald_adch_CHO_C,ald_adch_CHO_O,ald_adch_fukui_plus_CHO_C,ald_adch_fukui_minus_CHO_C,ald_adch_fukui_minus_CHO_O,ald_qtaim_lap_CO,ald_qtaim_ell_CO
21940,,0.202965,-0.329746,0.107542,-0.512844,0.418048,0.05289,-0.014815,0.080456,0.031567,0.394133,-0.121627,0.143077,0.236845,-0.365482,0.048229,0.019297,0.112744,-0.316163,0.087609,0.033708,0.13916,-0.061706,0.157024
220416,,0.198016,-0.391657,0.012888,-0.50715,0.409766,,,,,0.382174,-0.257517,0.1394,0.237717,-0.375178,0.049472,0.021867,0.09199,-0.352699,0.096403,0.02062,0.093882,-0.184605,0.165966
11932,,0.099388,-0.319682,0.029407,-0.532656,0.435521,0.086132,0.089125,0.001287,-0.014959,0.392493,-0.206549,0.147521,0.240681,-0.388438,0.052707,0.017906,-0.387771,-0.099361,0.057339,-0.111798,0.114281,-0.1397,0.166996
23463,,0.22648,-0.280794,-0.100641,-0.291454,0.238102,-0.064696,-0.049233,0.002062,0.013568,0.394815,-0.085307,0.136844,0.235615,-0.356978,0.05746,,0.098501,-0.31343,0.06646,0.030025,0.138553,-0.080827,0.155652
81187,,0.200239,-0.330648,0.007463,-0.471504,0.37927,0.052169,0.021152,-0.000936,0.011716,0.39455,-0.124848,0.141249,0.23481,-0.355995,0.049403,,-0.268884,-0.199211,0.071983,-0.083085,0.199968,-0.101565,0.170577
