id,error,adch_ketC,adch_ketO,adch_carbC,adch_hydO,adch_hydH,adch_fukui_plus_ketC,adch_fukui_minus_ketC,adch_fukui_plus_carbC,adch_fukui_minus_carbC,qtaim_rho_CO_ket,qtaim_lap_CO_ket,qtaim_ell_CO_ket,qtaim_rho_CC_new,qtaim_lap_CC_new,qtaim_ell_CC_new,qtaim_rho_HB,ald_adch_CHO_C,ald_adch_CHO_O,ald_adch_fukui_plus_CHO_C,ald_adch_fukui_minus_CHO_C,ald_adch_fukui_minus_CHO_O,ald_qtaim_lap_CO,ald_qtaim_ell_CO
68565,,,,,,,,,,,0.398683,-0.087964,0.143873,0.231522,-0.34939,0.041184,,0.178512,-0.3171,0.093591,0.02376,0.054972,-0.049049,0.159514
62122,,0.201954,-0.375775,0.022488,-0.515828,0.418262,0.099418,0.025051,0.006745,0.001862,0.388787,-0.23713,0.145451,0.237487,-0.372797,0.048262,0.019198,0.098503,-0.337238,0.092808,0.027575,0.11743,-0.158075,0.163428
139709,,0.213103,-0.355863,0.05518,-0.508199,0.425659,0.111643,0.189724,0.041994,-0.015229,0.394371,-0.174279,0.147426,0.236976,-0.366772,0.04714,0.020386,0.104093,-0.312838,0.100835,0.038941,0.14213,-0.089062,0.170427
131964,,0.217114,-0.374014,0.009427,-0.501161,0.391262,0.055552,-0.017632,0.015438,-0.001642,0.380504,-0.258734,0.131985,0.238715,-0.379308,0.053531,0.021633,0.096011,-0.344557,0.077459,0.025113,0.106203,-0.173347,0.160523
59056,,0.197143,-0.299011,0.118142,-0.475706,0.389711,0.051106,-0.006928,0.049234,0.032844,0.396859,-0.126016,0.155144,0.237802,-0.370573,0.050861,0.020142,0.108234,-0.299061,0.073329,0.052206,0.178613,-0.047812,0.165505
