id,error,adch_ketC,adch_ketO,adch_carbC,adch_hydO,adch_hydH,adch_fukui_plus_ketC,adch_fukui_minus_ketC,adch_fukui_plus_carbC,adch_fukui_minus_carbC,qtaim_rho_CO_ket,qtaim_lap_CO_ket,qtaim_ell_CO_ket,qtaim_rho_CC_new,qtaim_lap_CC_new,qtaim_ell_CC_new,qtaim_rho_HB,ald_adch_CHO_C,ald_adch_CHO_O,ald_adch_fukui_plus_CHO_C,ald_adch_fukui_minus_CHO_C,ald_adch_fukui_minus_CHO_O,ald_qtaim_lap_CO,ald_qtaim_ell_CO
113429,,0.119203,-0.292658,-0.055839,-0.477223,0.373283,,,,,0.395723,-0.082681,0.141081,0.231809,-0.340783,0.054251,0.019482,0.095706,-0.313884,0.065364,0.029169,0.106172,-0.094805,0.161588
121185,,0.213657,-0.385407,-0.008215,-0.482792,0.395509,0.076962,-0.003597,-0.003959,-0.000674,0.392923,-0.289554,0.148573,0.241401,-0.391276,0.034519,,0.393709,-0.43463,0.293526,0.144726,0.105341,-0.120919,0.173801
204333,,0.263524,-0.31062,0.013159,-0.450275,0.370071,0.090816,0.077466,0.030511,0.000306,0.397996,-0.088351,0.147975,0.237759,-0.369126,0.047891,0.018605,0.115048,-0.27952,0.089994,0.034903,0.132953,-0.007778,0.163193
83189,,0.203562,-0.339351,0.084565,-0.522506,0.422083,0.09686,-0.020698,0.039764,0.035116,0.394737,-0.1504,0.144498,0.23839,-0.373849,0.049204,0.020245,0.095743,-0.277622,0.067902,0.033985,0.093224,-0.036845,0.170095
111229,,0.186383,-0.349693,-0.015271,-0.527838,0.397686,0.151275,0.025013,0.01667,0.039078,0.395674,-0.134433,0.127578,0.237254,-0.362284,0.047765,,0.095029,-0.317529,0.185244,0.042915,0.159472,-0.037418,0.150037
