id,error,adch_ketC,adch_ketO,adch_carbC,adch_hydO,adch_hydH,adch_fukui_plus_ketC,adch_fukui_minus_ketC,adch_fukui_plus_carbC,adch_fukui_minus_carbC,qtaim_rho_CO_ket,qtaim_lap_CO_ket,qtaim_ell_CO_ket,qtaim_rho_CC_new,qtaim_lap_CC_new,qtaim_ell_CC_new,qtaim_rho_HB,ald_adch_CHO_C,ald_adch_CHO_O,ald_adch_fukui_plus_CHO_C,ald_adch_fukui_minus_CHO_C,ald_adch_fukui_minus_CHO_O,ald_qtaim_lap_CO,ald_qtaim_ell_CO
3520,,,,,,,,,,,0.398738,-0.134384,0.124642,0.236714,-0.355975,0.065246,,-0.4085,-0.120649,-0.037527,-0.029915,0.068841,-0.023945,0.135521
79594,,,,,,,,,,,0.400405,-0.062766,0.14819,0.234508,-0.352159,0.027994,,0.094255,-0.30149,0.093046,0.009183,0.030123,-0.043174,0.159273
87758,,,,,,,,,,,0.398211,-0.134119,0.135535,0.239955,-0.377395,0.044642,0.019052,-0.307405,-0.172064,-0.02317,-0.076351,0.074816,-0.043131,0.133492
65312,,,,,,,,,,,0.398377,-0.044779,0.139772,0.238855,-0.367181,0.041509,,0.054487,-0.349957,-0.010473,0.023233,0.126819,-0.22046,0.141099
103458,,0.186248,-0.283806,-0.005548,-0.505663,0.42325,0.022032,0.030853,-0.010221,0.00896,0.404167,-0.117099,0.157566,0.242267,-0.388498,0.048367,,-0.106097,-0.183549,-0.046881,0.01972,0.143049,0.031043,0.153532
