id,error,adch_ketC,adch_ketO,adch_carbC,adch_hydO,adch_hydH,adch_fukui_plus_ketC,adch_fukui_minus_ketC,adch_fukui_plus_carbC,adch_fukui_minus_carbC,qtaim_rho_CO_ket,qtaim_lap_CO_ket,qtaim_ell_CO_ket,qtaim_rho_CC_new,qtaim_lap_CC_new,qtaim_ell_CC_new,qtaim_rho_HB,ald_adch_CHO_C,ald_adch_CHO_O,ald_adch_fukui_plus_CHO_C,ald_adch_fukui_minus_CHO_C,ald_adch_fukui_minus_CHO_O,ald_qtaim_lap_CO,ald_qtaim_ell_CO
114998,,,,,,,,,,,0.384908,-0.284375,0.153492,0.234332,-0.353315,0.054003,0.023492,0.245537,-0.328787,0.109955,0.062868,0.130648,-0.218294,0.175184
42339,,,,,,,,,,,0.394751,-0.080069,0.122929,0.235678,-0.35872,0.052429,,0.098701,-0.307165,0.081019,0.027681,0.096989,-0.067863,0.162832
548,,,,,,,,,,,0.393021,-0.056149,0.129898,0.234695,-0.351516,0.052909,,0.45102,-0.264872,0.268596,,,-0.16693,0.15728
82928,,,,,,,,,,,0.395941,-0.110944,0.137826,0.232478,-0.343425,0.056266,0.020575,0.09005,-0.314954,0.054946,0.000109,0.038,-0.068546,0.152925
170070,,0.189359,-0.357753,0.01745,-0.522697,0.412642,0.074568,0.002814,0.015398,0.017931,0.388827,-0.201577,0.140022,0.235391,-0.361344,0.046655,0.021551,0.100675,-0.329873,0.100619,0.041088,0.173307,-0.125027,0.164853
