id,error,adch_ketC,adch_ketO,adch_carbC,adch_hydO,adch_hydH,adch_fukui_plus_ketC,adch_fukui_minus_ketC,adch_fukui_plus_carbC,adch_fukui_minus_carbC,qtaim_rho_CO_ket,qtaim_lap_CO_ket,qtaim_ell_CO_ket,qtaim_rho_CC_new,qtaim_lap_CC_new,qtaim_ell_CC_new,qtaim_rho_HB,ald_adch_CHO_C,ald_adch_CHO_O,ald_adch_fukui_plus_CHO_C,ald_adch_fukui_minus_CHO_C,ald_adch_fukui_minus_CHO_O,ald_qtaim_lap_CO,ald_qtaim_ell_CO
152505,,0.186734,-0.304995,-0.014654,-0.500017,0.420407,0.072377,-0.003203,0.004462,0.005378,0.402624,-0.101723,0.156047,0.237727,-0.366517,0.04384,,0.097408,-0.284932,0.095368,0.024197,0.094085,0.009125,0.153655
212594,,,,,,,,,,,0.396512,-0.0905,0.133212,0.238016,-0.36714,0.043539,,0.095175,-0.315048,0.077247,0.009827,0.077555,-0.021492,0.149814
169654,,0.262654,-0.275081,-0.003872,-0.499646,0.422898,-0.008783,0.011128,-0.006225,0.008564,0.404902,-0.004748,0.162547,0.227098,-0.325841,0.048064,,0.116796,-0.255552,0.048121,0.046395,0.145915,0.014125,0.163023
136617,,0.174115,-0.368372,0.004224,-0.520574,0.409511,0.078734,0.00552,0.000283,-0.003099,0.388694,-0.217771,0.150634,0.234908,-0.357851,0.049865,0.02057,-0.247906,-0.215165,0.062967,-0.066688,0.106908,-0.113559,0.169992
22574,,,,,,,0.054,0.008217,0.022111,0.022078,0.390987,-0.19019,0.153297,0.236926,-0.367566,0.05158,0.021795,0.110742,-0.31804,0.06152,0.02646,0.116348,-0.116315,0.178597
