id,error,adch_ketC,adch_ketO,adch_carbC,adch_hydO,adch_hydH,adch_fukui_plus_ketC,adch_fukui_minus_ketC,adch_fukui_plus_carbC,adch_fukui_minus_carbC,qtaim_rho_CO_ket,qtaim_lap_CO_ket,qtaim_ell_CO_ket,qtaim_rho_CC_new,qtaim_lap_CC_new,qtaim_ell_CC_new,qtaim_rho_HB,ald_adch_CHO_C,ald_adch_CHO_O,ald_adch_fukui_plus_CHO_C,ald_adch_fukui_minus_CHO_C,ald_adch_fukui_minus_CHO_O,ald_qtaim_lap_CO,ald_qtaim_ell_CO
61828,,,,,,,,,,,0.394898,-0.165811,0.136609,0.242282,-0.393997,0.052431,0.019476,0.173357,-0.403455,0.084669,0.048315,0.073582,-0.082285,0.159837
162962,,0.055728,-0.348562,0.07516,-0.508863,0.40031,0.083474,0.168258,0.12742,0.024777,0.389517,-0.221993,0.154441,0.237022,-0.36724,0.049371,0.020384,0.076614,-0.330483,0.053823,0.020446,0.102552,-0.151663,0.180168
78264,,,,,,,,,,,0.386342,-0.27375,0.164482,0.234673,-0.355532,0.050576,0.02321,0.082604,-0.368158,0.049326,0.017167,0.079735,-0.211575,0.186396
134210,,,,,,,0.063059,0.007042,-0.004,-0.00461,0.384787,-0.227289,0.156745,0.232603,-0.346874,0.052578,0.025304,0.094817,-0.362446,0.05886,0.017466,0.069197,-0.154501,0.184591
51091,,0.126347,-0.370827,0.100221,-0.412309,0.310704,0.017351,-0.0015,0.21063,0.145389,0.391168,-0.271808,0.154937,0.236023,-0.366512,0.050627,0.023235,-0.179556,-0.347422,0.023779,-0.022818,0.081044,-0.168731,0.179382
