id,error,adch_ketC,adch_ketO,adch_carbC,adch_hydO,adch_hydH,adch_fukui_plus_ketC,adch_fukui_minus_ketC,adch_fukui_plus_carbC,adch_fukui_minus_carbC,qtaim_rho_CO_ket,qtaim_lap_CO_ket,qtaim_ell_CO_ket,qtaim_rho_CC_new,qtaim_lap_CC_new,qtaim_ell_CC_new,qtaim_rho_HB,ald_adch_CHO_C,ald_adch_CHO_O,ald_adch_fukui_plus_CHO_C,ald_adch_fukui_minus_CHO_C,ald_adch_fukui_minus_CHO_O,ald_qtaim_lap_CO,ald_qtaim_ell_CO
61495,,,,,,,,,,,0.389113,-0.252654,0.144744,0.239732,-0.384604,0.054293,0.022574,-0.002989,-0.303988,0.031987,0.033112,0.109042,-0.160724,0.16114
187064,,0.28667,-0.368696,0.017786,-0.503316,0.405315,0.064986,0.047344,-0.004702,-0.014853,0.391922,-0.148629,0.136852,0.238249,-0.372936,0.047456,0.021031,0.107914,-0.313358,0.058947,0.03888,0.129552,-0.064543,0.161731
46513,,,,,,,,,,,0.394858,-0.100573,0.13714,0.236169,-0.360648,0.049673,,0.073508,-0.323701,0.051969,0.024214,0.050309,-0.077121,0.159207
146142,,0.226848,-0.31347,-0.01515,-0.464828,0.362298,0.080674,0.008583,0.00424,0.004051,0.388331,-0.143821,0.149797,0.239409,-0.380235,0.054181,0.020836,0.102196,-0.275395,0.081118,0.008186,0.217565,-0.086129,0.160983
218276,,,,,,,0.051626,-0.025164,-0.0112,-0.007459,0.395873,-0.122376,0.133821,0.236756,-0.359343,0.050741,,0.02736,-0.283121,0.188801,0.111144,0.025644,-0.029374,0.156099
