id,error,adch_ketC,adch_ketO,adch_carbC,adch_hydO,adch_hydH,adch_fukui_plus_ketC,adch_fukui_minus_ketC,adch_fukui_plus_carbC,adch_fukui_minus_carbC,qtaim_rho_CO_ket,qtaim_lap_CO_ket,qtaim_ell_CO_ket,qtaim_rho_CC_new,qtaim_lap_CC_new,qtaim_ell_CC_new,qtaim_rho_HB,ald_adch_CHO_C,ald_adch_CHO_O,ald_adch_fukui_plus_CHO_C,ald_adch_fukui_minus_CHO_C,ald_adch_fukui_minus_CHO_O,ald_qtaim_lap_CO,ald_qtaim_ell_CO
71604,,,,,,,,,,,0.389456,-0.176993,0.134668,0.238556,-0.375022,0.047824,0.022019,0.081252,-0.329653,0.046719,0.069659,0.086813,-0.088799,0.164699
126996,,,,,,,,,,,0.390125,-0.202999,0.136901,0.23856,-0.375445,0.052595,0.022932,,,,,,-0.125458,0.164304
84817,,,,,,,,,,,0.395602,-0.103751,0.142629,0.237331,-0.367795,0.051966,0.018714,0.131824,-0.348473,0.09931,0.052238,0.084335,-0.061839,0.15846
10999,,0.204623,-0.305352,0.125777,-0.478893,0.390402,0.087717,-0.019327,0.074858,0.053945,0.395877,-0.116115,0.147788,0.239004,-0.376667,0.051797,0.019544,0.114086,-0.297041,0.100647,0.040449,0.152936,-0.030432,0.158281
130621,,0.251126,-0.37497,0.030131,-0.507865,0.42152,0.095229,0.033364,0.014752,-0.03413,0.392279,-0.158403,0.136791,0.237897,-0.371401,0.047348,0.02092,0.099668,-0.318085,0.053219,-0.06282,0.124805,-0.073435,0.163365
