id,error,adch_ketC,adch_ketO,adch_carbC,adch_hydO,adch_hydH,adch_fukui_plus_ketC,adch_fukui_minus_ketC,adch_fukui_plus_carbC,adch_fukui_minus_carbC,qtaim_rho_CO_ket,qtaim_lap_CO_ket,qtaim_ell_CO_ket,qtaim_rho_CC_new,qtaim_lap_CC_new,qtaim_ell_CC_new,qtaim_rho_HB,ald_adch_CHO_C,ald_adch_CHO_O,ald_adch_fukui_plus_CHO_C,ald_adch_fukui_minus_CHO_C,ald_adch_fukui_minus_CHO_O,ald_qtaim_lap_CO,ald_qtaim_ell_CO
217610,,,,,,,,,,,0.396979,-0.128988,0.135659,0.235273,-0.350751,0.049689,,-0.006457,-0.270624,0.148344,0.102779,0.053287,-0.041583,0.155009
94430,,,,,,,,,,,0.393579,-0.148569,0.138841,0.23712,-0.367027,0.048458,0.02093,0.106528,-0.310934,0.080925,0.022332,0.081398,-0.070485,0.165013
32652,,0.20632,-0.326522,0.065841,-0.498783,0.405402,0.05812,-0.001604,0.025652,0.019359,0.39396,-0.158342,0.15128,0.238255,-0.374009,0.050755,0.021157,0.083947,-0.319652,0.073882,0.080835,0.123142,-0.08386,0.165926
151943,,0.191333,-0.318306,-0.0152,-0.50828,0.416318,0.22676,0.001934,0.021189,-7.7e-05,0.400089,-0.106514,0.139323,0.239076,-0.375697,0.04551,,0.038533,-0.268431,0.20192,-0.000366,0.118924,0.001589,0.151883
174612,,0.186488,-0.359805,-0.011685,-0.511923,0.416984,0.061894,-0.018997,-0.005381,0.00137,0.39085,-0.241925,0.137997,0.241485,-0.39353,0.051689,0.018064,0.078883,-0.336661,0.088749,0.019068,0.136811,-0.149512,0.148772
