id,error,adch_ketC,adch_ketO,adch_carbC,adch_hydO,adch_hydH,adch_fukui_plus_ketC,adch_fukui_minus_ketC,adch_fukui_plus_carbC,adch_fukui_minus_carbC,qtaim_rho_CO_ket,qtaim_lap_CO_ket,qtaim_ell_CO_ket,qtaim_rho_CC_new,qtaim_lap_CC_new,qtaim_ell_CC_new,qtaim_rho_HB,ald_adch_CHO_C,ald_adch_CHO_O,ald_adch_fukui_plus_CHO_C,ald_adch_fukui_minus_CHO_C,ald_adch_fukui_minus_CHO_O,ald_qtaim_lap_CO,ald_qtaim_ell_CO
22248,,0.203673,-0.314921,-0.045213,-0.506388,0.414854,0.101929,0.00811,-0.027394,-0.004772,0.40085,-0.12268,0.142774,0.238303,-0.372208,0.031888,,0.082574,-0.288302,0.117819,0.034525,0.173741,-0.009648,0.161816
54580,,,,,,,,,,,0.396679,-0.12821,0.12497,0.240433,-0.37958,0.049201,0.020201,0.222548,-0.344712,0.083114,0.037812,0.051383,-0.019493,0.151254
119195,,,,,,,,,,,0.39657,-0.099185,0.135128,0.2394,-0.373751,0.052296,0.022424,0.106479,-0.301209,0.080236,0.015238,0.084891,0.002665,0.155237
179448,,0.199784,-0.321387,-0.007162,-0.500948,0.393921,0.046631,0.016259,-0.001018,0.014827,0.39661,-0.079753,0.125839,0.241654,-0.386685,0.045469,,0.265595,-0.358683,0.075385,0.081213,0.137159,0.017528,0.14513
113062,,,,,,,,,,,0.396878,-0.123797,0.13763,0.241424,-0.38374,0.050432,0.019792,0.098397,-0.303324,0.037447,0.021413,0.074221,-0.028595,0.156047
