id,error,adch_ketC,adch_ketO,adch_carbC,adch_hydO,adch_hydH,adch_fukui_plus_ketC,adch_fukui_minus_ketC,adch_fukui_plus_carbC,adch_fukui_minus_carbC,qtaim_rho_CO_ket,qtaim_lap_CO_ket,qtaim_ell_CO_ket,qtaim_rho_CC_new,qtaim_lap_CC_new,qtaim_ell_CC_new,qtaim_rho_HB,ald_adch_CHO_C,ald_adch_CHO_O,ald_adch_fukui_plus_CHO_C,ald_adch_fukui_minus_CHO_C,ald_adch_fukui_minus_CHO_O,ald_qtaim_lap_CO,ald_qtaim_ell_CO
11261,,0.096587,-0.3527,0.027257,-0.533665,0.450151,0.079486,0.133757,0.000538,0.021487,0.390707,-0.225048,0.1461,0.240168,-0.384183,0.05238,0.021279,0.100964,-0.351096,0.050853,0.044462,0.171496,-0.158778,0.171401
65682,,,,,,,,,,,0.394485,-0.187118,0.142975,0.238525,-0.375896,0.049485,0.022355,0.112899,-0.309684,0.068511,0.026674,0.11885,-0.089899,0.162813
133676,,,,,,,,,,,0.381202,-0.329405,0.17007,0.230929,-0.340687,0.051867,0.024847,-0.020472,-0.390326,0.022811,0.050563,0.104703,-0.30447,0.203798
196528,,0.11975,-0.322912,0.097119,-0.508599,0.406353,0.079299,-0.019206,0.033189,0.049297,0.394376,-0.146611,0.141187,0.237923,-0.370618,0.046414,0.020512,0.09216,-0.308387,0.07924,0.037272,0.134491,-0.06511,0.164619
145432,,0.157717,-0.358296,0.030945,-0.528944,0.429795,0.080263,0.043656,0.017629,-0.002518,0.389936,-0.216006,0.139261,0.240474,-0.386448,0.053125,0.019033,-0.013164,-0.323067,0.073895,-0.109789,0.069494,-0.150437,0.161313
