id,error,adch_ketC,adch_ketO,adch_carbC,adch_hydO,adch_hydH,adch_fukui_plus_ketC,adch_fukui_minus_ketC,adch_fukui_plus_carbC,adch_fukui_minus_carbC,qtaim_rho_CO_ket,qtaim_lap_CO_ket,qtaim_ell_CO_ket,qtaim_rho_CC_new,qtaim_lap_CC_new,qtaim_ell_CC_new,qtaim_rho_HB,ald_adch_CHO_C,ald_adch_CHO_O,ald_adch_fukui_plus_CHO_C,ald_adch_fukui_minus_CHO_C,ald_adch_fukui_minus_CHO_O,ald_qtaim_lap_CO,ald_qtaim_ell_CO
53126,,,,,,,,,,,0.395489,-0.119327,0.134385,0.242231,-0.389204,0.050439,,0.098505,-0.311519,0.083758,0.013658,0.058864,-0.007216,0.148963
3484,,0.207391,-0.327288,-0.019723,-0.508325,0.392357,0.076297,-0.000713,0.004171,0.004367,0.395367,-0.110872,0.124492,0.239617,-0.377701,0.041001,,0.103007,-0.308038,0.108832,0.018015,0.099645,-0.00206,0.146861
129,,0.186614,-0.286083,-0.011774,-0.447745,0.320346,0.080852,0.012171,0.000643,-0.002419,0.394713,-0.098076,0.124086,0.240769,-0.382639,0.049945,0.022282,-0.026424,-0.262863,0.134576,0.149051,0.110061,-0.006553,0.149342
7063,,,,,,,,,,,0.393824,-0.135695,0.126952,0.241641,-0.387949,0.053205,0.019786,0.093024,-0.308846,0.013827,0.023869,0.091892,-0.030876,0.156145
206523,,,,,,,,,,,0.394935,-0.141514,0.122816,0.242156,-0.390089,0.049263,,0.094467,-0.303251,0.111488,0.010847,0.071598,8.2e-05,0.140041
