id,error,adch_ketC,adch_ketO,adch_carbC,adch_hydO,adch_hydH,adch_fukui_plus_ketC,adch_fukui_minus_ketC,adch_fukui_plus_carbC,adch_fukui_minus_carbC,qtaim_rho_CO_ket,qtaim_lap_CO_ket,qtaim_ell_CO_ket,qtaim_rho_CC_new,qtaim_lap_CC_new,qtaim_ell_CC_new,qtaim_rho_HB,ald_adch_CHO_C,ald_adch_CHO_O,ald_adch_fukui_plus_CHO_C,ald_adch_fukui_minus_CHO_C,ald_adch_fukui_minus_CHO_O,ald_qtaim_lap_CO,ald_qtaim_ell_CO
80979,,,,,,,,,,,0.387708,-0.199111,0.137055,0.235691,-0.361526,0.048291,0.024552,0.099146,-0.34319,0.051316,0.025831,0.098522,-0.127913,0.168559
905,,,,,,,,,,,0.389979,-0.237638,0.159395,0.23091,-0.337707,0.051188,0.022311,0.107458,-0.342592,0.105712,0.042488,0.115595,-0.157538,0.160378
57993,,,,,,,,,,,0.391387,-0.210546,0.141213,0.239436,-0.38049,0.049834,0.023447,0.10562,-0.310667,0.060306,0.041011,0.118137,-0.096114,0.159769
167657,,0.221872,-0.357285,0.031336,-0.511155,0.422098,0.065831,0.005731,0.005375,0.00916,0.39029,-0.212585,0.146816,0.238237,-0.376046,0.048565,0.018432,0.095049,-0.326726,0.07603,0.043046,0.157143,-0.131627,0.16105
151128,,0.237877,-0.382051,0.042567,-0.507654,0.417939,0.076237,0.021664,0.010054,0.00673,0.39,-0.171938,0.134338,0.238128,-0.37307,0.047699,0.021839,0.054815,-0.330095,0.108329,0.143965,0.146236,-0.0839,0.162883
