id,error,adch_ketC,adch_ketO,adch_carbC,adch_hydO,adch_hydH,adch_fukui_plus_ketC,adch_fukui_minus_ketC,adch_fukui_plus_carbC,adch_fukui_minus_carbC,qtaim_rho_CO_ket,qtaim_lap_CO_ket,qtaim_ell_CO_ket,qtaim_rho_CC_new,qtaim_lap_CC_new,qtaim_ell_CC_new,qtaim_rho_HB,ald_adch_CHO_C,ald_adch_CHO_O,ald_adch_fukui_plus_CHO_C,ald_adch_fukui_minus_CHO_C,ald_adch_fukui_minus_CHO_O,ald_qtaim_lap_CO,ald_qtaim_ell_CO
111437,,0.201752,-0.315407,0.007918,-0.515546,0.407042,0.043783,0.006714,-0.002767,-0.002879,0.385373,-0.156574,0.147948,0.239632,-0.383377,0.052455,0.021577,0.101997,-0.301246,0.019609,0.010515,0.144681,-0.088943,0.159637
10748,,0.559392,-0.301147,-0.131747,-0.433778,0.392102,0.009007,0.075616,-0.032687,-0.044786,0.397178,-0.048653,0.146828,0.234022,-0.351312,0.049332,,0.111108,-0.285341,0.075731,0.045409,0.167802,-0.028061,0.162562
117338,,,,,,,,,,,0.400822,-0.196649,0.14136,0.238986,-0.374853,0.034832,,0.021549,-0.312862,0.220743,0.024161,0.136148,-0.229089,0.128226
108426,,0.179296,-0.341712,0.006103,-0.507402,0.404769,0.05155,0.03061,-0.003151,-0.015003,0.393227,-0.231859,0.163246,0.234134,-0.352936,0.052724,0.019018,0.086717,-0.331198,0.059559,0.026508,0.120907,-0.160199,0.184799
187525,,,,,,,,,,,0.392611,-0.10729,0.121961,0.235964,-0.361081,0.040361,,0.179645,-0.353778,0.080209,0.005459,0.093701,-0.05494,0.150047
