id,error,adch_ketC,adch_ketO,adch_carbC,adch_hydO,adch_hydH,adch_fukui_plus_ketC,adch_fukui_minus_ketC,adch_fukui_plus_carbC,adch_fukui_minus_carbC,qtaim_rho_CO_ket,qtaim_lap_CO_ket,qtaim_ell_CO_ket,qtaim_rho_CC_new,qtaim_lap_CC_new,qtaim_ell_CC_new,qtaim_rho_HB,ald_adch_CHO_C,ald_adch_CHO_O,ald_adch_fukui_plus_CHO_C,ald_adch_fukui_minus_CHO_C,ald_adch_fukui_minus_CHO_O,ald_qtaim_lap_CO,ald_qtaim_ell_CO
165623,,0.177931,-0.32061,-0.007792,-0.521414,0.410597,0.041584,-0.033885,0.015566,0.014762,0.397177,-0.11354,0.130152,0.24048,-0.380476,0.048658,0.018763,0.089945,-0.303123,0.092959,0.024794,0.093047,-0.023796,0.158386
34992,,,,,,,,,,,0.397537,-0.106019,0.132405,0.237271,-0.365763,0.054679,0.017831,0.124153,-0.320758,0.009806,-0.183153,0.234348,-0.078543,0.164454
191381,,,,,,,,,,,0.393081,-0.16681,0.145367,0.239058,-0.378017,0.050284,0.02267,0.161373,-0.30236,0.045753,-0.011721,0.112901,-0.064803,0.161052
198179,,,,,,,,,,,0.394899,-0.21834,0.138006,0.238226,-0.374784,0.048361,0.024207,0.101492,-0.320727,0.073861,0.006571,0.071105,-0.102188,0.163592
206786,,0.186169,-0.303927,-0.02191,-0.523193,0.419539,0.210504,0.002617,0.009697,-0.000515,0.398982,-0.12898,0.12974,0.243031,-0.39499,0.046432,,0.084337,-0.30994,0.195555,0.016241,0.095516,-0.050709,0.14837
