id,error,adch_ketC,adch_ketO,adch_carbC,adch_hydO,adch_hydH,adch_fukui_plus_ketC,adch_fukui_minus_ketC,adch_fukui_plus_carbC,adch_fukui_minus_carbC,qtaim_rho_CO_ket,qtaim_lap_CO_ket,qtaim_ell_CO_ket,qtaim_rho_CC_new,qtaim_lap_CC_new,qtaim_ell_CC_new,qtaim_rho_HB,ald_adch_CHO_C,ald_adch_CHO_O,ald_adch_fukui_plus_CHO_C,ald_adch_fukui_minus_CHO_C,ald_adch_fukui_minus_CHO_O,ald_qtaim_lap_CO,ald_qtaim_ell_CO
144012,,0.133098,-0.295629,0.047107,-0.511908,0.427569,-0.073152,-0.098098,0.023425,0.02513,0.396966,-0.174268,0.168901,0.237779,-0.369512,0.051009,0.020077,0.075726,-0.305457,0.045109,0.033707,0.134983,-0.091798,0.180928
188713,,0.327792,-0.311138,-0.069433,-0.414454,0.340264,0.057464,0.032569,-0.022166,-0.017729,0.394947,-0.07592,0.132252,0.235846,-0.359588,0.055339,0.019596,0.035333,-0.290264,0.101836,-0.037667,0.129221,-0.045665,0.158266
142718,,0.171669,-0.323688,0.017326,-0.5273,0.416095,,,,,0.39667,-0.142736,0.149995,0.240908,-0.38792,0.051267,,0.121647,-0.297309,0.055146,-0.033346,0.097627,-0.053562,0.167597
132789,,,,,,,,,,,0.392393,-0.146292,0.140324,0.239133,-0.378344,0.051011,0.021289,0.110911,-0.325218,0.094864,-0.020417,0.106428,-0.067953,0.157553
1908,,0.260538,-0.377502,-0.031358,-0.505385,0.436559,0.060803,0.066322,-0.025737,-0.057466,0.393928,-0.172219,0.142876,0.238018,-0.371796,0.048064,0.02052,0.106587,-0.319649,0.050102,0.035771,0.141067,-0.090558,0.165168
