id,error,adch_ketC,adch_ketO,adch_carbC,adch_hydO,adch_hydH,adch_fukui_plus_ketC,adch_fukui_minus_ketC,adch_fukui_plus_carbC,adch_fukui_minus_carbC,qtaim_rho_CO_ket,qtaim_lap_CO_ket,qtaim_ell_CO_ket,qtaim_rho_CC_new,qtaim_lap_CC_new,qtaim_ell_CC_new,qtaim_rho_HB,ald_adch_CHO_C,ald_adch_CHO_O,ald_adch_fukui_plus_CHO_C,ald_adch_fukui_minus_CHO_C,ald_adch_fukui_minus_CHO_O,ald_qtaim_lap_CO,ald_qtaim_ell_CO
67870,,,,,,,,,,,0.395698,-0.239551,0.114133,0.236763,-0.366137,0.049273,,,,,,,-0.066373,0.13538
6731,,,,,,,,,,,0.397675,-0.088727,0.115189,0.235124,-0.353389,0.039784,,-0.186003,-0.195791,0.141618,0.123863,0.021975,-0.006882,0.155591
53322,,0.180499,-0.340888,-0.013468,-0.521398,0.418837,0.100859,0.002113,0.007162,0.006075,0.395508,-0.170229,0.130565,0.248497,-0.420942,0.056563,,0.094376,-0.305309,0.14187,0.020516,0.097607,-0.040032,0.148
152374,,0.180389,-0.285841,-0.008885,-0.496168,0.422005,0.106675,0.008191,0.003294,-0.006811,0.403425,-0.094159,0.16206,0.240544,-0.377153,0.051729,,0.005736,-0.224961,0.17125,0.148842,0.047977,0.015456,0.170635
38208,,0.1737,-0.32424,-0.003538,-0.522553,0.404942,0.076157,0.006632,0.009458,0.018738,0.395829,-0.118734,0.126398,0.24037,-0.380056,0.048218,0.019226,0.092464,-0.312376,0.113031,0.03099,0.122453,-0.02231,0.152707
