id,error,adch_ketC,adch_ketO,adch_carbC,adch_hydO,adch_hydH,adch_fukui_plus_ketC,adch_fukui_minus_ketC,adch_fukui_plus_carbC,adch_fukui_minus_carbC,qtaim_rho_CO_ket,qtaim_lap_CO_ket,qtaim_ell_CO_ket,qtaim_rho_CC_new,qtaim_lap_CC_new,qtaim_ell_CC_new,qtaim_rho_HB,ald_adch_CHO_C,ald_adch_CHO_O,ald_adch_fukui_plus_CHO_C,ald_adch_fukui_minus_CHO_C,ald_adch_fukui_minus_CHO_O,ald_qtaim_lap_CO,ald_qtaim_ell_CO
129634,,0.202082,-0.340198,-0.022457,-0.495128,0.40454,,,,,0.39678,-0.098492,0.127851,0.241641,-0.385531,0.051796,0.019245,0.090799,-0.298252,0.044395,0.009213,0.105798,-0.000772,0.152628
144323,,0.193516,-0.34674,0.0026,-0.509355,0.414054,0.06457,0.019114,0.002247,0.022748,0.392527,-0.176507,0.151799,0.236832,-0.366483,0.037033,,0.10028,-0.334338,0.089146,0.035423,0.14706,-0.098071,0.163474
151800,,0.185202,-0.315417,-0.008887,-0.49609,0.413496,0.093416,0.004702,0.007951,0.011963,0.399191,-0.118604,0.144554,0.239464,-0.375442,0.050338,,-0.016801,-0.270125,0.050161,-0.121142,0.176407,-0.0489,0.138166
33336,,0.207176,-0.304521,0.001148,-0.507064,0.422602,0.140365,0.016167,0.00497,0.017128,0.400407,-0.039505,0.142538,0.24128,-0.383723,0.045593,,0.111786,-0.281902,0.158159,0.043186,0.191294,0.049418,0.155339
90040,,,,,,,,,,,0.393749,-0.157947,0.120785,0.243466,-0.399798,0.056286,0.018998,0.074498,-0.326247,0.067795,0.019935,0.008119,-0.037007,0.130223
