id,error,adch_ketC,adch_ketO,adch_carbC,adch_hydO,adch_hydH,adch_fukui_plus_ketC,adch_fukui_minus_ketC,adch_fukui_plus_carbC,adch_fukui_minus_carbC,qtaim_rho_CO_ket,qtaim_lap_CO_ket,qtaim_ell_CO_ket,qtaim_rho_CC_new,qtaim_lap_CC_new,qtaim_ell_CC_new,qtaim_rho_HB,ald_adch_CHO_C,ald_adch_CHO_O,ald_adch_fukui_plus_CHO_C,ald_adch_fukui_minus_CHO_C,ald_adch_fukui_minus_CHO_O,ald_qtaim_lap_CO,ald_qtaim_ell_CO
185087,,0.187901,-0.349946,-0.002214,-0.496872,0.399964,0.051689,0.015533,-0.00179,0.015886,0.392752,-0.169442,0.145061,0.237626,-0.37211,0.034741,,0.112743,-0.324162,0.060488,0.004532,0.163858,-0.070933,0.168602
179192,,0.198314,-0.268777,0.036714,-0.516721,0.43006,0.04534,0.024742,0.002501,0.014344,0.405348,-0.037866,0.174414,0.222743,-0.305396,0.048848,,0.110291,-0.251367,0.068232,0.049785,0.157116,0.014133,0.180524
107730,,,,,,,,,,,0.392626,-0.213721,0.146015,0.236592,-0.365718,0.04949,0.023661,0.12826,-0.332713,0.09114,-0.00062,0.126476,-0.122564,0.171778
199221,,,,,,,,,,,0.392725,-0.169925,0.141694,0.238629,-0.375247,0.04709,0.020843,0.107468,-0.322469,0.101765,0.069643,0.075032,-0.091214,0.166126
47260,,,,,,,,,,,0.396769,-0.109179,0.127044,0.239536,-0.378862,0.037357,,0.101708,-0.301834,0.099397,-0.003753,0.009672,-0.0069,0.141944
