id,error,adch_ketC,adch_ketO,adch_carbC,adch_hydO,adch_hydH,adch_fukui_plus_ketC,adch_fukui_minus_ketC,adch_fukui_plus_carbC,adch_fukui_minus_carbC,qtaim_rho_CO_ket,qtaim_lap_CO_ket,qtaim_ell_CO_ket,qtaim_rho_CC_new,qtaim_lap_CC_new,qtaim_ell_CC_new,qtaim_rho_HB,ald_adch_CHO_C,ald_adch_CHO_O,ald_adch_fukui_plus_CHO_C,ald_adch_fukui_minus_CHO_C,ald_adch_fukui_minus_CHO_O,ald_qtaim_lap_CO,ald_qtaim_ell_CO
110010,,0.233024,-0.337902,0.077403,-0.510154,0.404958,0.046932,0.014581,0.038332,0.039224,0.392944,-0.143934,0.138551,0.237965,-0.37122,0.046873,0.020686,0.108378,-0.31582,0.074406,0.044637,0.146607,-0.067116,0.158913
188468,,,,,,,,,,,0.39376,-0.237988,0.161353,0.23484,-0.356675,0.053736,0.019797,0.14666,-0.32779,0.012331,-0.057746,0.106841,-0.156413,0.18372
94355,,0.182513,-0.285404,0.01974,-0.476237,0.395878,,,,,0.396722,-0.077977,0.158403,0.234216,-0.353135,0.051945,,0.106256,-0.305631,0.064659,0.03238,0.121258,-0.072367,0.178116
87333,,0.192718,-0.299791,0.009511,-0.511442,0.419757,0.103362,0.0367,-0.010507,-0.022855,0.398767,-0.159265,0.162516,0.235001,-0.356429,0.049368,,0.100893,-0.29402,0.113211,0.057329,0.196742,-0.085432,0.177112
72,,0.319743,-0.375316,0.007885,-0.528389,0.404254,0.1266,0.105624,0.005393,0.007603,0.386143,-0.276315,0.152306,0.237323,-0.373144,0.050119,0.019811,0.083986,-0.367723,0.127391,0.060962,0.227544,-0.201506,0.18012
