id,error,adch_ketC,adch_ketO,adch_carbC,adch_hydO,adch_hydH,adch_fukui_plus_ketC,adch_fukui_minus_ketC,adch_fukui_plus_carbC,adch_fukui_minus_carbC,qtaim_rho_CO_ket,qtaim_lap_CO_ket,qtaim_ell_CO_ket,qtaim_rho_CC_new,qtaim_lap_CC_new,qtaim_ell_CC_new,qtaim_rho_HB,ald_adch_CHO_C,ald_adch_CHO_O,ald_adch_fukui_plus_CHO_C,ald_adch_fukui_minus_CHO_C,ald_adch_fukui_minus_CHO_O,ald_qtaim_lap_CO,ald_qtaim_ell_CO
161725,,0.198114,-0.32879,0.024768,-0.523229,0.439006,0.037097,-0.009296,0.040743,0.050167,0.39696,-0.167363,0.147716,0.240902,-0.387043,0.054194,0.018336,0.106676,-0.300084,0.071253,0.04182,0.158758,-0.071703,0.165905
157605,,,,,,,,,,,0.386943,-0.220853,0.149918,0.23305,-0.349413,0.052326,0.027681,-0.024311,-0.311431,0.088789,-0.023798,0.100268,-0.132457,0.171309
17065,,0.195277,-0.362171,0.008506,-0.487997,0.390662,0.099697,0.088478,-0.027764,-0.020457,0.390128,-0.193239,0.137997,0.232844,-0.346978,0.037846,,0.092262,-0.340145,0.0732,0.028837,0.113266,-0.117404,0.153847
16504,,0.240435,-0.380295,0.012481,-0.493724,0.407285,0.110156,0.014232,0.00475,-0.006073,0.381088,-0.244618,0.132698,0.240412,-0.388955,0.050576,0.019792,0.096699,-0.343982,0.09363,0.01727,0.089632,-0.169166,0.157087
167793,,0.18157,-0.284335,0.002241,-0.505048,0.423451,-0.027261,-0.005876,-0.004682,-0.000411,0.40392,-0.033828,0.164889,0.226216,-0.321016,0.04452,,-0.096071,-0.18822,0.080209,0.005623,0.152767,-0.00126,0.178639
