id,error,adch_ketC,adch_ketO,adch_carbC,adch_hydO,adch_hydH,adch_fukui_plus_ketC,adch_fukui_minus_ketC,adch_fukui_plus_carbC,adch_fukui_minus_carbC,qtaim_rho_CO_ket,qtaim_lap_CO_ket,qtaim_ell_CO_ket,qtaim_rho_CC_new,qtaim_lap_CC_new,qtaim_ell_CC_new,qtaim_rho_HB,ald_adch_CHO_C,ald_adch_CHO_O,ald_adch_fukui_plus_CHO_C,ald_adch_fukui_minus_CHO_C,ald_adch_fukui_minus_CHO_O,ald_qtaim_lap_CO,ald_qtaim_ell_CO
90046,,,,,,,,,,,0.394174,-0.131141,0.142563,0.238414,-0.372339,0.04892,0.01994,0.109776,-0.302302,0.049606,0.014519,0.071366,-0.044047,0.161789
18613,,0.221931,-0.321794,0.058989,-0.517223,0.442659,0.043057,-0.013626,0.109256,0.081465,0.39808,-0.17667,0.157816,0.239368,-0.380666,0.050923,,0.10597,-0.30818,0.062895,0.040914,0.152378,-0.09499,0.172651
176079,,0.207325,-0.292612,-0.089767,-0.476097,0.378273,0.05486,0.011525,-0.055734,-0.059271,0.396274,-0.067416,0.139671,0.235215,-0.357077,0.052361,,0.10817,-0.338582,0.063708,0.024739,0.136956,-0.066244,0.164334
49717,,0.190409,-0.305076,-0.02544,-0.495992,0.402297,0.054576,0.012114,-0.002824,0.00636,0.397825,-0.051871,0.140105,0.239488,-0.375726,0.043863,,0.093384,-0.288887,0.081198,0.042331,0.126821,0.010184,0.161614
93950,,,,,,,,,,,0.397195,-0.195425,0.155371,0.240489,-0.387355,0.054639,,0.088456,-0.303508,0.082661,0.000346,0.037936,-0.049087,0.161403
