id,error,adch_ketC,adch_ketO,adch_carbC,adch_hydO,adch_hydH,adch_fukui_plus_ketC,adch_fukui_minus_ketC,adch_fukui_plus_carbC,adch_fukui_minus_carbC,qtaim_rho_CO_ket,qtaim_lap_CO_ket,qtaim_ell_CO_ket,qtaim_rho_CC_new,qtaim_lap_CC_new,qtaim_ell_CC_new,qtaim_rho_HB,ald_adch_CHO_C,ald_adch_CHO_O,ald_adch_fukui_plus_CHO_C,ald_adch_fukui_minus_CHO_C,ald_adch_fukui_minus_CHO_O,ald_qtaim_lap_CO,ald_qtaim_ell_CO
72,,0.319743,-0.375316,0.007885,-0.528389,0.404254,0.1266,0.105624,0.005393,0.007603,0.386143,-0.276315,0.152306,0.237323,-0.373144,0.050119,0.019811,,,,,,,
72,,0.319743,-0.375316,0.007885,-0.528389,0.404254,0.1266,0.105624,0.005393,0.007603,0.386143,-0.276315,0.152306,0.237323,-0.373144,0.050119,0.019811,,,,,,,
72,,0.319743,-0.375316,0.007885,-0.528389,0.404254,0.1266,0.105624,0.005393,0.007603,0.386143,-0.276315,0.152306,0.237323,-0.373144,0.050119,0.019811,,,,,,,
72,,0.319743,-0.375316,0.007885,-0.528389,0.404254,0.1266,0.105624,0.005393,0.007603,0.386143,-0.276315,0.152306,0.237323,-0.373144,0.050119,0.019811,,,,,,,
90364,,,,,,,,,,,0.39496,-0.139133,0.142075,0.238613,-0.374252,0.047894,0.019806,0.107729,-0.304443,0.063023,0.019993,0.077569,-0.056361,0.161746
