id,error,adch_ketC,adch_ketO,adch_carbC,adch_hydO,adch_hydH,adch_fukui_plus_ketC,adch_fukui_minus_ketC,adch_fukui_plus_carbC,adch_fukui_minus_carbC,qtaim_rho_CO_ket,qtaim_lap_CO_ket,qtaim_ell_CO_ket,qtaim_rho_CC_new,qtaim_lap_CC_new,qtaim_ell_CC_new,qtaim_rho_HB,ald_adch_CHO_C,ald_adch_CHO_O,ald_adch_fukui_plus_CHO_C,ald_adch_fukui_minus_CHO_C,ald_adch_fukui_minus_CHO_O,ald_qtaim_lap_CO,ald_qtaim_ell_CO
141695,,,,,,,,,,,0.390124,-0.193231,0.146046,0.236437,-0.364739,0.047025,0.022068,0.101119,-0.334595,0.0973,0.017874,0.0953,-0.110713,0.174448
176618,,0.192307,-0.334804,-0.021675,-0.537534,0.448695,0.049003,-0.026364,-0.015271,-0.003473,0.397221,-0.081628,0.134686,0.233239,-0.347552,0.054588,,0.091795,-0.305342,0.084599,-0.00807,0.10018,-0.105543,0.164059
166376,,0.195797,-0.32487,-0.049227,-0.465268,0.371084,0.05628,0.001829,0.006147,0.017843,0.396422,-0.108309,0.126377,0.240359,-0.379661,0.047241,0.019951,0.096946,-0.308088,0.085465,0.030205,0.127981,-0.003278,0.151211
96860,,,,,,,,,,,0.390367,-0.21676,0.129926,0.232827,-0.354767,0.013924,,0.149258,-0.36246,0.082115,0.037447,0.141503,-0.110969,0.158225
61214,,,,,,,,,,,0.381913,-0.554912,0.092824,0.223011,-0.300207,0.032861,,-0.023832,-0.304501,0.071996,0.019232,0.037976,-0.070066,0.162159
