id,error,adch_ketC,adch_ketO,adch_carbC,adch_hydO,adch_hydH,adch_fukui_plus_ketC,adch_fukui_minus_ketC,adch_fukui_plus_carbC,adch_fukui_minus_carbC,qtaim_rho_CO_ket,qtaim_lap_CO_ket,qtaim_ell_CO_ket,qtaim_rho_CC_new,qtaim_lap_CC_new,qtaim_ell_CC_new,qtaim_rho_HB,ald_adch_CHO_C,ald_adch_CHO_O,ald_adch_fukui_plus_CHO_C,ald_adch_fukui_minus_CHO_C,ald_adch_fukui_minus_CHO_O,ald_qtaim_lap_CO,ald_qtaim_ell_CO
88858,,,,,,,,,,,0.395675,-0.184133,0.134663,0.244951,-0.403581,0.062644,0.018442,0.060245,-0.338186,,-0.066777,-0.066669,-0.051553,0.149653
16837,,0.177195,-0.337619,-0.03246,-0.493158,0.403899,0.251027,0.022088,0.016942,0.016692,0.394176,-0.103877,0.123921,0.23929,-0.374453,0.048833,0.02249,0.098725,-0.311149,0.263364,0.039029,0.152428,-0.001496,0.145852
184818,,,,,,,,,,,0.399788,-0.117938,0.142891,0.242342,-0.388998,0.047268,,0.07044,-0.344259,0.049465,0.022979,0.124545,-0.194914,0.13775
58323,,,,,,,,,,,0.399777,-0.125631,0.144121,0.241138,-0.382968,0.048471,0.020975,0.145399,-0.33192,0.085564,0.01799,0.074203,-0.043886,0.163001
73645,,0.191037,-0.313462,0.001222,-0.476518,0.357054,0.043005,0.013164,0.002598,0.009389,0.397251,-0.083025,0.132456,0.233584,-0.344998,0.049591,,0.032934,-0.300934,0.090917,0.028291,0.055445,-0.047773,0.142514
