id,error,adch_ketC,adch_ketO,adch_carbC,adch_hydO,adch_hydH,adch_fukui_plus_ketC,adch_fukui_minus_ketC,adch_fukui_plus_carbC,adch_fukui_minus_carbC,qtaim_rho_CO_ket,qtaim_lap_CO_ket,qtaim_ell_CO_ket,qtaim_rho_CC_new,qtaim_lap_CC_new,qtaim_ell_CC_new,qtaim_rho_HB,ald_adch_CHO_C,ald_adch_CHO_O,ald_adch_fukui_plus_CHO_C,ald_adch_fukui_minus_CHO_C,ald_adch_fukui_minus_CHO_O,ald_qtaim_lap_CO,ald_qtaim_ell_CO
52577,,,,,,,,,,,0.396069,-0.092015,0.13237,0.241732,-0.387427,0.047435,,0.099125,-0.30621,0.059125,0.020271,0.098888,-0.006988,0.153071
503,,0.188054,-0.34667,-0.012589,-0.527845,0.411939,0.125201,0.00598,0.004752,0.015984,0.394319,-0.122434,0.129066,0.242769,-0.393054,0.045277,,-0.068762,-0.24933,0.099531,0.03282,0.142248,-0.010421,0.151774
62078,,,,,,,,,,,0.39455,-0.163611,0.128811,0.242075,-0.389714,0.047324,,-0.03325,-0.283892,0.033113,-0.09063,0.064072,-0.091772,0.154117
125890,,,,,,,,,,,0.395285,-0.106839,0.11015,0.238457,-0.376616,0.030359,,0.032857,-0.293885,0.009335,-0.027568,0.088535,-0.034935,0.144661
116504,,0.174541,-0.328581,0.000678,-0.52216,0.403127,0.086336,-0.00457,0.012367,0.015359,0.395673,-0.125206,0.124446,0.241563,-0.385601,0.049461,0.019014,0.096063,-0.315108,0.116159,0.029961,0.124652,-0.029652,0.152692
