id,error,adch_ketC,adch_ketO,adch_carbC,adch_hydO,adch_hydH,adch_fukui_plus_ketC,adch_fukui_minus_ketC,adch_fukui_plus_carbC,adch_fukui_minus_carbC,qtaim_rho_CO_ket,qtaim_lap_CO_ket,qtaim_ell_CO_ket,qtaim_rho_CC_new,qtaim_lap_CC_new,qtaim_ell_CC_new,qtaim_rho_HB,ald_adch_CHO_C,ald_adch_CHO_O,ald_adch_fukui_plus_CHO_C,ald_adch_fukui_minus_CHO_C,ald_adch_fukui_minus_CHO_O,ald_qtaim_lap_CO,ald_qtaim_ell_CO
69537,,0.204181,-0.334105,-0.006524,-0.519222,0.410808,0.097891,0.062703,-0.008228,0.011318,0.398377,-0.099831,0.138187,0.239006,-0.372175,0.043922,,0.157133,-0.325151,-0.005639,-0.126607,0.13688,-0.016324,0.146861
36452,,,,,,,,,,,0.39404,-0.135083,0.121963,0.245388,-0.404243,0.056532,,0.133645,-0.33566,0.211105,0.187356,0.043044,-0.048953,0.148591
50349,,0.170373,-0.277182,-0.005584,-0.498445,0.415945,0.056692,0.012436,0.008658,0.01133,0.404839,-0.125625,0.155234,0.240698,-0.381195,0.046677,,-0.003107,-0.289072,0.001501,0.013653,0.151955,-0.15416,0.147688
34669,,0.186953,-0.325889,-0.019414,-0.517411,0.411348,0.051226,0.031472,0.003201,0.026197,0.398181,-0.103453,0.134397,0.239202,-0.375409,0.044195,,0.095392,-0.303698,0.074804,0.046152,0.18363,-0.001419,0.153641
98948,,0.189473,-0.315251,-0.021011,-0.501804,0.412945,0.022959,0.039388,-0.001496,0.030506,0.398755,-0.08216,0.132807,0.235748,-0.360663,0.031641,,0.100086,-0.306071,0.063181,0.052632,0.173396,-0.021312,0.142025
