id,error,adch_ketC,adch_ketO,adch_carbC,adch_hydO,adch_hydH,adch_fukui_plus_ketC,adch_fukui_minus_ketC,adch_fukui_plus_carbC,adch_fukui_minus_carbC,qtaim_rho_CO_ket,qtaim_lap_CO_ket,qtaim_ell_CO_ket,qtaim_rho_CC_new,qtaim_lap_CC_new,qtaim_ell_CC_new,qtaim_rho_HB,ald_adch_CHO_C,ald_adch_CHO_O,ald_adch_fukui_plus_CHO_C,ald_adch_fukui_minus_CHO_C,ald_adch_fukui_minus_CHO_O,ald_qtaim_lap_CO,ald_qtaim_ell_CO
160809,,,,,,,,,,,0.389223,-0.190772,0.150519,0.23144,-0.341721,0.04598,0.018081,0.035796,-0.342726,0.058711,0.005981,0.05549,-0.158529,0.183198
131974,,0.243895,-0.356052,0.004161,-0.501777,0.389596,0.02737,-0.019827,0.00487,0.002171,0.380339,-0.257836,0.129105,0.239221,-0.381996,0.054669,0.021651,0.097981,-0.367048,0.047274,0.010226,0.127655,-0.166069,0.15766
20524,,,,,,,,,,,0.390072,-0.182135,0.13558,0.236591,-0.365728,0.053363,0.021151,,,0.06175,,,-0.103387,0.167472
183742,,0.223163,-0.354967,0.083109,-0.508977,0.425933,0.055495,0.026776,0.011181,0.001038,0.389591,-0.185361,0.140446,0.237771,-0.371213,0.046841,0.02238,0.152655,-0.327842,0.12137,0.308036,0.151781,-0.107237,0.165076
107840,,0.184665,-0.336374,-0.032176,-0.506867,0.406178,0.040322,-0.000727,-0.00512,0.00637,0.395661,-0.167311,0.144414,0.233238,-0.348717,0.049983,,0.217749,-0.332885,0.069895,-0.000146,0.140271,-0.103862,0.164701
