id,error,adch_ketC,adch_ketO,adch_carbC,adch_hydO,adch_hydH,adch_fukui_plus_ketC,adch_fukui_minus_ketC,adch_fukui_plus_carbC,adch_fukui_minus_carbC,qtaim_rho_CO_ket,qtaim_lap_CO_ket,qtaim_ell_CO_ket,qtaim_rho_CC_new,qtaim_lap_CC_new,qtaim_ell_CC_new,qtaim_rho_HB,ald_adch_CHO_C,ald_adch_CHO_O,ald_adch_fukui_plus_CHO_C,ald_adch_fukui_minus_CHO_C,ald_adch_fukui_minus_CHO_O,ald_qtaim_lap_CO,ald_qtaim_ell_CO
150293,,0.259896,-0.373486,0.050232,-0.508497,0.425199,0.08977,0.046483,0.02383,-0.011759,0.392593,-0.173958,0.143062,0.237458,-0.369062,0.047626,0.021163,0.103791,-0.317227,0.083812,0.038295,0.143801,-0.09077,0.16891
203558,,,,,,,,,,,0.396952,-0.135766,0.126718,0.240231,-0.389626,0.040087,,-0.037386,-0.27007,0.011342,-0.017629,0.08153,-0.020247,0.143078
119743,,,,,,,,,,,0.395732,-0.131155,0.129049,0.241768,-0.385887,0.054695,0.019829,0.09232,-0.309872,0.1349,0.008282,0.036393,-0.036974,0.155438
120612,,,,,,,,,,,0.398035,-0.091747,0.129747,0.23844,-0.371399,0.047309,,-0.512206,-0.089744,-0.065161,-0.198368,0.129702,-0.019064,0.153488
208051,,0.217472,-0.34658,0.038226,-0.523242,0.420591,0.01741,-0.006876,0.013936,0.004524,0.393271,-0.243191,0.159164,0.235794,-0.364856,0.051767,0.023796,0.129763,-0.383679,0.05476,-0.011346,0.036404,-0.160083,0.169878
