id,error,adch_ketC,adch_ketO,adch_carbC,adch_hydO,adch_hydH,adch_fukui_plus_ketC,adch_fukui_minus_ketC,adch_fukui_plus_carbC,adch_fukui_minus_carbC,qtaim_rho_CO_ket,qtaim_lap_CO_ket,qtaim_ell_CO_ket,qtaim_rho_CC_new,qtaim_lap_CC_new,qtaim_ell_CC_new,qtaim_rho_HB,ald_adch_CHO_C,ald_adch_CHO_O,ald_adch_fukui_plus_CHO_C,ald_adch_fukui_minus_CHO_C,ald_adch_fukui_minus_CHO_O,ald_qtaim_lap_CO,ald_qtaim_ell_CO
136944,,,,,,,,,,,0.391035,-0.188734,0.146094,0.239347,-0.379263,0.05353,0.021491,0.095433,-0.323564,0.080426,0.020671,0.121543,-0.103612,0.176152
198062,,0.202014,-0.352549,0.014563,-0.515655,0.416928,0.077175,0.033232,0.005235,-0.012489,0.394889,-0.197681,0.185721,0.2279,-0.321722,0.042956,,0.090441,-0.333912,0.072494,0.028867,0.127804,-0.136935,0.184044
43258,,0.215818,-0.284735,0.116904,-0.472355,0.390403,0.073438,0.009399,0.054308,0.015853,0.398807,-0.108478,0.166355,0.236839,-0.365232,0.054713,0.019384,0.110433,-0.284697,0.090833,0.041605,0.159573,-0.036474,0.175801
53521,,0.139277,-0.271569,0.03509,-0.51619,0.420499,0.120499,0.068567,-0.013417,-0.003537,0.398905,-0.120578,0.188682,0.236118,-0.369531,0.040645,,0.146842,-0.310426,0.121109,-0.097146,0.160352,-0.122576,0.168349
82936,,0.171151,-0.351529,0.074897,-0.407049,0.430866,0.029908,0.019438,-0.024478,-0.001954,0.393793,-0.234624,0.186648,0.230213,-0.342291,0.046413,,0.075279,-0.313397,0.057066,0.015401,0.111128,-0.119075,0.184713
