id,error,adch_ketC,adch_ketO,adch_carbC,adch_hydO,adch_hydH,adch_fukui_plus_ketC,adch_fukui_minus_ketC,adch_fukui_plus_carbC,adch_fukui_minus_carbC,qtaim_rho_CO_ket,qtaim_lap_CO_ket,qtaim_ell_CO_ket,qtaim_rho_CC_new,qtaim_lap_CC_new,qtaim_ell_CC_new,qtaim_rho_HB,ald_adch_CHO_C,ald_adch_CHO_O,ald_adch_fukui_plus_CHO_C,ald_adch_fukui_minus_CHO_C,ald_adch_fukui_minus_CHO_O,ald_qtaim_lap_CO,ald_qtaim_ell_CO
19209,,0.150041,-0.325704,0.033205,-0.507563,0.422839,-0.054055,-0.068696,0.00627,0.013028,0.396076,-0.097983,0.139024,0.23386,-0.355902,0.048141,,0.106853,-0.312064,0.086046,-0.00127,0.091962,-0.049835,0.150077
174094,,0.192866,-0.306241,0.024457,-0.521996,0.42905,0.051734,0.055426,-0.002271,0.001517,0.399746,-0.09256,0.156597,0.229546,-0.330755,0.048111,,0.113646,-0.275914,0.091933,0.046212,0.160154,-0.013097,0.164257
187224,,0.180473,-0.287363,0.134912,-0.499284,0.428054,0.067315,0.046318,-0.163664,-0.103718,0.398056,-0.101331,0.180302,0.22939,-0.338008,0.045915,,0.098644,-0.284688,0.066184,0.024384,0.120843,-0.051508,0.184939
176389,,0.248383,-0.328217,0.080729,-0.508729,0.399376,0.101622,0.076687,0.041421,0.010909,0.39516,-0.136752,0.138583,0.239216,-0.377483,0.047128,0.020048,0.114117,-0.302983,0.09329,0.024826,0.12642,-0.047271,0.158377
156537,,0.231063,-0.350787,0.071638,-0.51015,0.430833,0.085813,0.057805,0.03669,-0.013004,0.392229,-0.167667,0.143493,0.237767,-0.370622,0.047033,0.021257,0.101571,-0.317571,0.078024,0.013603,0.106942,-0.083668,0.167401
