id,error,adch_ketC,adch_ketO,adch_carbC,adch_hydO,adch_hydH,adch_fukui_plus_ketC,adch_fukui_minus_ketC,adch_fukui_plus_carbC,adch_fukui_minus_carbC,qtaim_rho_CO_ket,qtaim_lap_CO_ket,qtaim_ell_CO_ket,qtaim_rho_CC_new,qtaim_lap_CC_new,qtaim_ell_CC_new,qtaim_rho_HB,ald_adch_CHO_C,ald_adch_CHO_O,ald_adch_fukui_plus_CHO_C,ald_adch_fukui_minus_CHO_C,ald_adch_fukui_minus_CHO_O,ald_qtaim_lap_CO,ald_qtaim_ell_CO
96206,,0.24931,-0.297657,-0.017404,-0.484107,0.420856,0.053091,-0.007764,0.001648,0.011675,0.400958,-0.008757,0.149286,0.233739,-0.356842,0.014739,,0.07593,-0.279071,0.078883,0.022897,0.120462,-0.00858,0.14428
134443,,0.201167,-0.30135,-0.063702,-0.495278,0.406863,0.035539,0.002109,-0.002052,0.002951,0.402319,-0.0905,0.154974,0.234985,-0.348551,0.049578,,-0.116359,-0.200981,0.102434,0.068453,0.12933,-0.005736,0.164069
210321,,0.204982,-0.343274,-0.007735,-0.541925,0.436573,0.098981,0.044727,0.007419,0.039962,0.394569,-0.114503,0.125811,0.235713,-0.354715,0.045406,,-0.05746,-0.252752,0.126944,-0.025357,0.158583,-0.029519,0.148201
87253,,,,,,,,,,,0.396531,-0.12099,0.128878,0.241635,-0.386826,0.053039,0.020192,0.091967,-0.305619,0.088857,0.015521,0.052354,-0.027707,0.157781
116891,,0.179884,-0.35667,-0.027401,-0.494616,0.391706,0.245825,0.016126,0.014906,-0.004527,0.392035,-0.171103,0.134999,0.247313,-0.410393,0.07031,0.021592,0.067683,-0.302418,0.250083,0.004911,0.072218,-0.025279,0.138769
