id,error,adch_ketC,adch_ketO,adch_carbC,adch_hydO,adch_hydH,adch_fukui_plus_ketC,adch_fukui_minus_ketC,adch_fukui_plus_carbC,adch_fukui_minus_carbC,qtaim_rho_CO_ket,qtaim_lap_CO_ket,qtaim_ell_CO_ket,qtaim_rho_CC_new,qtaim_lap_CC_new,qtaim_ell_CC_new,qtaim_rho_HB,ald_adch_CHO_C,ald_adch_CHO_O,ald_adch_fukui_plus_CHO_C,ald_adch_fukui_minus_CHO_C,ald_adch_fukui_minus_CHO_O,ald_qtaim_lap_CO,ald_qtaim_ell_CO
194880,,0.201054,-0.329085,0.115666,-0.488961,0.39044,0.104425,-0.016652,0.064264,0.031616,0.392877,-0.151637,0.143091,0.238661,-0.375814,0.050994,0.021468,0.106193,-0.320025,0.103235,0.031731,0.146678,-0.074063,0.16006
52278,,,,,,,,,,,0.373111,-0.334803,0.145793,0.234123,-0.35442,0.043175,,-0.06788,-0.394227,0.045084,-0.024427,0.06906,-0.286312,0.173788
188631,,0.196229,-0.350138,0.015006,-0.500768,0.403383,0.019987,-0.001838,-0.00198,0.014852,0.395147,-0.234231,0.176617,0.225751,-0.309067,0.054628,,0.007536,-0.324728,0.05915,-0.024555,0.15892,-0.162134,0.183748
94632,,0.137467,-0.292712,0.039199,-0.51555,0.416456,0.076071,0.055387,-0.056357,-0.053356,0.398053,-0.193755,0.172396,0.229766,-0.332309,0.038608,,0.08962,-0.296801,0.067277,0.033977,0.127521,-0.11803,0.182343
198667,,,,,,,,,,,0.393328,-0.201774,0.138189,0.238552,-0.376441,0.049595,0.021706,0.096543,-0.331664,0.039573,0.03137,0.118935,-0.12351,0.16107
