id,error,adch_ketC,adch_ketO,adch_carbC,adch_hydO,adch_hydH,adch_fukui_plus_ketC,adch_fukui_minus_ketC,adch_fukui_plus_carbC,adch_fukui_minus_carbC,qtaim_rho_CO_ket,qtaim_lap_CO_ket,qtaim_ell_CO_ket,qtaim_rho_CC_new,qtaim_lap_CC_new,qtaim_ell_CC_new,qtaim_rho_HB,ald_adch_CHO_C,ald_adch_CHO_O,ald_adch_fukui_plus_CHO_C,ald_adch_fukui_minus_CHO_C,ald_adch_fukui_minus_CHO_O,ald_qtaim_lap_CO,ald_qtaim_ell_CO
73808,,0.218409,-0.289107,-0.013109,-0.463343,0.381656,0.09051,0.005648,-0.023741,-0.003489,0.399629,-0.092885,0.146131,0.230318,-0.333341,0.050189,0.018263,0.085622,-0.315269,0.094775,0.037703,0.139127,-0.032977,0.166662
191284,,,,,,,,,,,0.392774,-0.157938,0.137803,0.238917,-0.375826,0.048259,0.020533,0.09815,-0.326028,0.151506,0.060157,0.1015,-0.079894,0.152799
86174,,0.169893,-0.343268,0.065125,-0.431911,0.431662,0.032351,0.026367,-0.018988,-6.1e-05,0.394636,-0.228976,0.187509,0.230094,-0.340987,0.046846,,0.070817,-0.304546,0.06141,0.024645,0.112643,-0.111766,0.186695
159515,,,,,,,,,,,0.391178,-0.177078,0.159214,0.230362,-0.33542,0.038603,,0.092987,-0.328066,0.0893,0.022444,0.100843,-0.110776,0.173651
74027,,0.178692,-0.272516,0.038202,-0.424342,0.38171,0.008163,0.116477,0.02447,0.012173,0.399007,-0.057695,0.15242,0.235822,-0.358429,0.055913,,0.075756,-0.49174,0.000192,0.032068,0.187516,-0.64704,0.078173
