id,error,adch_ketC,adch_ketO,adch_carbC,adch_hydO,adch_hydH,adch_fukui_plus_ketC,adch_fukui_minus_ketC,adch_fukui_plus_carbC,adch_fukui_minus_carbC,qtaim_rho_CO_ket,qtaim_lap_CO_ket,qtaim_ell_CO_ket,qtaim_rho_CC_new,qtaim_lap_CC_new,qtaim_ell_CC_new,qtaim_rho_HB,ald_adch_CHO_C,ald_adch_CHO_O,ald_adch_fukui_plus_CHO_C,ald_adch_fukui_minus_CHO_C,ald_adch_fukui_minus_CHO_O,ald_qtaim_lap_CO,ald_qtaim_ell_CO
200775,,0.191017,-0.34082,0.004248,-0.538529,0.42326,,,,,0.395831,-0.110874,0.132289,0.240143,-0.378798,0.049266,0.020367,0.104773,-0.309519,0.071249,0.015182,0.065569,-0.034239,0.157882
88821,,,,,,,,,,,0.397696,-0.0793,0.131011,0.236542,-0.363851,0.02661,,0.094178,-0.304438,0.110132,0.021032,0.107279,-0.001179,0.154989
9874,,0.184607,-0.311038,0.006901,-0.521119,0.410126,0.083204,-0.003183,0.00749,0.000751,0.392117,-0.146113,0.13907,0.236982,-0.366459,0.048438,0.022856,0.107914,-0.314191,0.097739,0.03528,0.141725,-0.06438,0.163337
166816,,0.191486,-0.340211,-0.003356,-0.518759,0.407717,0.073374,0.014512,0.004426,0.006719,0.395832,-0.109912,0.129968,0.242217,-0.389042,0.049315,,0.098908,-0.308732,0.086515,0.025775,0.108487,-0.005729,0.151489
87349,,,,,,,,-0.000369,,0.011161,0.394146,-0.159734,0.130703,0.233855,-0.349736,0.046578,,-0.03181,-0.440754,0.073239,0.011816,0.070448,-0.086449,0.150069
