id,error,adch_ketC,adch_ketO,adch_carbC,adch_hydO,adch_hydH,adch_fukui_plus_ketC,adch_fukui_minus_ketC,adch_fukui_plus_carbC,adch_fukui_minus_carbC,qtaim_rho_CO_ket,qtaim_lap_CO_ket,qtaim_ell_CO_ket,qtaim_rho_CC_new,qtaim_lap_CC_new,qtaim_ell_CC_new,qtaim_rho_HB,ald_adch_CHO_C,ald_adch_CHO_O,ald_adch_fukui_plus_CHO_C,ald_adch_fukui_minus_CHO_C,ald_adch_fukui_minus_CHO_O,ald_qtaim_lap_CO,ald_qtaim_ell_CO
74730,,,,,,,,,,,0.397604,-0.151924,0.142175,0.246242,-0.40867,0.056477,,0.090457,-0.302453,0.095689,0.002637,0.047675,-0.036981,0.152952
27352,,,,,,,,,,,0.400023,-0.137268,0.139074,0.240464,-0.377878,0.051511,,0.087578,-0.297998,0.261159,0.016383,0.065975,-0.053367,0.152154
50161,,0.184792,-0.323063,-0.014247,-0.518236,0.422575,0.256595,0.014813,0.025348,0.015711,0.398147,-0.114272,0.141591,0.240771,-0.381656,0.047101,,0.092067,-0.303156,0.270278,0.041507,0.153724,-0.029389,0.158694
166232,,,,,,,,,,,0.393988,-0.121341,0.12915,0.242213,-0.39025,0.052919,0.020079,0.101402,-0.314926,0.103161,0.016072,0.094732,-0.022716,0.148304
151189,,0.18865,-0.311879,-0.014694,-0.506112,0.42093,0.25367,0.017462,0.02126,0.013596,0.399916,-0.117178,0.152953,0.240012,-0.376991,0.049147,,0.096089,-0.294062,0.269669,0.048821,0.145767,-0.011617,0.154137
