id,error,adch_ketC,adch_ketO,adch_carbC,adch_hydO,adch_hydH,adch_fukui_plus_ketC,adch_fukui_minus_ketC,adch_fukui_plus_carbC,adch_fukui_minus_carbC,qtaim_rho_CO_ket,qtaim_lap_CO_ket,qtaim_ell_CO_ket,qtaim_rho_CC_new,qtaim_lap_CC_new,qtaim_ell_CC_new,qtaim_rho_HB,ald_adch_CHO_C,ald_adch_CHO_O,ald_adch_fukui_plus_CHO_C,ald_adch_fukui_minus_CHO_C,ald_adch_fukui_minus_CHO_O,ald_qtaim_lap_CO,ald_qtaim_ell_CO
47592,,0.186824,-0.381444,0.026167,-0.512099,0.42286,-0.039854,-0.041976,-0.004289,-0.018518,0.384758,-0.274396,0.144685,0.238845,-0.380944,0.053791,,0.091532,-0.360437,0.039314,0.017172,0.064338,-0.208637,0.163559
191214,,,,,,,,,,,0.39198,-0.160448,0.139628,0.23932,-0.378651,0.056448,0.02262,0.083535,-0.318042,0.109132,0.093847,0.104616,-0.067769,0.159584
157341,,0.157432,-0.268332,0.032729,-0.468289,0.392283,0.01882,-0.070116,0.010764,0.020324,0.397643,-0.064336,0.151312,0.235375,-0.357335,0.051345,,0.102033,-0.296792,0.041393,0.028743,0.132982,-0.059166,0.174013
170125,,0.430418,-0.342044,-0.08311,-0.456765,0.407975,0.125582,0.067008,-0.074082,-0.103395,0.396334,-0.099714,0.15028,0.235439,-0.358128,0.04934,,0.107625,-0.298865,0.096788,0.042321,0.175453,-0.072288,0.167385
38663,,,,,,,,,,,0.394673,-0.167607,0.146672,0.239236,-0.378534,0.050828,0.022245,0.097739,-0.349598,0.093037,0.004073,0.051456,-0.079312,0.159171
