id,error,adch_ketC,adch_ketO,adch_carbC,adch_hydO,adch_hydH,adch_fukui_plus_ketC,adch_fukui_minus_ketC,adch_fukui_plus_carbC,adch_fukui_minus_carbC,qtaim_rho_CO_ket,qtaim_lap_CO_ket,qtaim_ell_CO_ket,qtaim_rho_CC_new,qtaim_lap_CC_new,qtaim_ell_CC_new,qtaim_rho_HB,ald_adch_CHO_C,ald_adch_CHO_O,ald_adch_fukui_plus_CHO_C,ald_adch_fukui_minus_CHO_C,ald_adch_fukui_minus_CHO_O,ald_qtaim_lap_CO,ald_qtaim_ell_CO
16075,,0.188438,-0.323692,-0.001752,-0.536053,0.434597,0.068065,0.014027,0.010406,-0.001366,0.396023,-0.177134,0.168171,0.226274,-0.31377,0.04753,0.0237,0.095982,-0.326724,0.095742,0.026366,0.126359,-0.126576,0.16177
167864,,,,,,,,,,,0.380706,-0.271009,0.134243,0.238468,-0.379613,0.052638,0.020524,0.099337,-0.336399,0.067363,0.014683,0.06321,-0.204404,0.169154
93801,,,,,,,,,,,0.391775,-0.201565,0.154947,0.231594,-0.342579,0.049131,0.019135,0.090482,-0.332105,0.067388,0.011631,0.063866,-0.134643,0.182397
126431,,,,,,,,,,,0.387765,-0.216924,0.148078,0.235601,-0.360655,0.049863,0.023245,0.256997,-0.358763,0.10713,0.055699,0.101777,-0.15219,0.176388
160940,,,,,,,,,,,0.394477,-0.111202,0.141388,0.235793,-0.360587,0.049358,,0.019606,-0.309225,0.073879,-0.02059,0.114693,-0.075896,0.158941
