id,error,adch_ketC,adch_ketO,adch_carbC,adch_hydO,adch_hydH,adch_fukui_plus_ketC,adch_fukui_minus_ketC,adch_fukui_plus_carbC,adch_fukui_minus_carbC,qtaim_rho_CO_ket,qtaim_lap_CO_ket,qtaim_ell_CO_ket,qtaim_rho_CC_new,qtaim_lap_CC_new,qtaim_ell_CC_new,qtaim_rho_HB,ald_adch_CHO_C,ald_adch_CHO_O,ald_adch_fukui_plus_CHO_C,ald_adch_fukui_minus_CHO_C,ald_adch_fukui_minus_CHO_O,ald_qtaim_lap_CO,ald_qtaim_ell_CO
120098,,,,,,,,,,,0.39279,-0.141539,0.130835,0.23517,-0.356712,0.042425,,0.081988,-0.320172,0.102945,0.021685,0.105123,-0.080169,0.156245
141000,,-0.128089,-0.268966,0.004333,-0.526697,0.430853,,-0.049807,,-0.108267,0.396924,-0.04454,0.135902,0.233295,-0.347228,0.051847,0.01835,0.074324,-0.300057,0.182577,0.103889,0.088168,-0.050366,0.15964
206471,,0.34958,-0.416106,-0.243567,-0.482293,0.413887,0.175805,0.07598,-0.056607,-0.1289,0.398375,-0.064667,0.14886,0.232709,-0.345138,0.045333,,0.104892,-0.315562,0.098768,0.012917,0.095016,-0.145711,0.1536
46610,,0.245522,-0.293194,0.009785,-0.500149,0.404343,-0.005082,-0.0203,-0.027153,-0.023298,0.404576,-0.046463,0.152595,0.23795,-0.378543,0.048027,,0.276757,-0.307968,0.048061,-0.019516,0.146717,0.04071,0.163537
17513,,,,,,,,,,,0.394861,-0.127469,0.135531,0.241023,-0.383455,0.052896,0.019332,0.094011,-0.306742,0.063882,0.017665,0.065918,-0.033435,0.158568
