id,error,adch_ketC,adch_ketO,adch_carbC,adch_hydO,adch_hydH,adch_fukui_plus_ketC,adch_fukui_minus_ketC,adch_fukui_plus_carbC,adch_fukui_minus_carbC,qtaim_rho_CO_ket,qtaim_lap_CO_ket,qtaim_ell_CO_ket,qtaim_rho_CC_new,qtaim_lap_CC_new,qtaim_ell_CC_new,qtaim_rho_HB,ald_adch_CHO_C,ald_adch_CHO_O,ald_adch_fukui_plus_CHO_C,ald_adch_fukui_minus_CHO_C,ald_adch_fukui_minus_CHO_O,ald_qtaim_lap_CO,ald_qtaim_ell_CO
13173,,,,,,,,,,,0.379668,-0.266477,0.132465,0.239101,-0.381258,0.053611,0.021804,0.093166,-0.350484,0.08049,0.018814,0.076507,-0.183917,0.162683
176058,,-0.028177,-0.334692,-0.020837,-0.540797,0.45905,-0.046688,-0.094839,-0.017878,-0.020691,0.398024,-0.043896,0.138889,0.231493,-0.338619,0.050716,0.018202,0.109634,-0.309854,0.068683,0.03286,0.129002,-0.057369,0.163336
204649,,,,,,,,,,,0.385521,-0.239495,0.14647,0.23647,-0.364902,0.052686,0.026811,0.002111,-0.328032,-0.008537,0.004362,0.108047,-0.180628,0.181128
17203,,,,,,,,,,,0.385397,-0.222329,0.139132,0.235163,-0.359802,0.047911,0.024864,0.097721,-0.370909,0.067569,0.004903,0.159084,-0.157493,0.173262
132024,,0.136218,-0.409519,0.036983,-0.508442,0.402276,0.076222,0.081815,0.008254,0.0044,0.381796,-0.247029,0.129985,0.240002,-0.385405,0.053398,0.021625,0.114181,-0.338098,0.07524,-0.019169,0.09286,-0.15541,0.157268
