id,error,adch_ketC,adch_ketO,adch_carbC,adch_hydO,adch_hydH,adch_fukui_plus_ketC,adch_fukui_minus_ketC,adch_fukui_plus_carbC,adch_fukui_minus_carbC,qtaim_rho_CO_ket,qtaim_lap_CO_ket,qtaim_ell_CO_ket,qtaim_rho_CC_new,qtaim_lap_CC_new,qtaim_ell_CC_new,qtaim_rho_HB,ald_adch_CHO_C,ald_adch_CHO_O,ald_adch_fukui_plus_CHO_C,ald_adch_fukui_minus_CHO_C,ald_adch_fukui_minus_CHO_O,ald_qtaim_lap_CO,ald_qtaim_ell_CO
195482,,0.19436,-0.336197,0.042501,-0.505341,0.411722,0.074268,0.00397,0.015996,0.000125,0.389886,-0.164107,0.133872,0.238452,-0.375387,0.053182,0.020093,0.121525,-0.35809,0.082398,0.056668,0.093621,-0.075863,0.150184
29115,,0.191653,-0.326055,-0.013665,-0.514627,0.411578,0.10078,0.003168,0.007234,-0.000836,0.397574,-0.107125,0.137271,0.239266,-0.375212,0.044618,,0.09683,-0.303066,0.125698,0.020114,0.087047,-0.021297,0.159626
154387,,0.13493,-0.254076,0.089917,-0.511235,0.418603,0.074484,-0.035302,0.007908,0.027793,0.39799,-0.073923,0.146947,0.23002,-0.3309,0.050759,0.019653,0.108014,-0.30486,0.075499,0.030905,0.117186,-0.081,0.167061
138691,,,,,,,,,,,0.388803,-0.193361,0.149788,0.237082,-0.367712,0.045517,0.022325,0.015223,-0.343195,0.008568,0.019647,0.085748,-0.117017,0.167104
138337,,,,,,,,,,,0.398789,-0.118646,0.131361,0.241482,-0.386607,0.049366,,0.069433,-0.289705,0.077876,-0.030985,0.025902,-0.033036,0.15068
