id,error,adch_ketC,adch_ketO,adch_carbC,adch_hydO,adch_hydH,adch_fukui_plus_ketC,adch_fukui_minus_ketC,adch_fukui_plus_carbC,adch_fukui_minus_carbC,qtaim_rho_CO_ket,qtaim_lap_CO_ket,qtaim_ell_CO_ket,qtaim_rho_CC_new,qtaim_lap_CC_new,qtaim_ell_CC_new,qtaim_rho_HB,ald_adch_CHO_C,ald_adch_CHO_O,ald_adch_fukui_plus_CHO_C,ald_adch_fukui_minus_CHO_C,ald_adch_fukui_minus_CHO_O,ald_qtaim_lap_CO,ald_qtaim_ell_CO
166586,,,,,,,,,,,0.395323,-0.127,0.125119,0.240904,-0.383365,0.048784,0.019125,0.093418,-0.31237,0.093796,0.023363,0.110872,-0.02158,0.151708
110684,,,,,,,,,,,0.396848,-0.108962,0.120356,0.240579,-0.379787,0.042032,,,,,,,-0.044616,0.120737
99776,,,,,,,,,,,0.394313,-0.145875,0.154748,0.24677,-0.406013,0.07219,0.01973,0.083671,-0.299187,0.097324,-0.001895,0.021463,-0.023967,0.139561
208443,,0.173271,-0.323682,-0.00216,-0.524753,0.40478,0.076225,-0.018301,0.012148,0.013421,0.395628,-0.119142,0.125584,0.240457,-0.380674,0.048917,0.019597,0.093848,-0.30824,0.130319,0.019522,0.050508,-0.042922,0.151033
49642,,0.208309,-0.344064,-0.006345,-0.518933,0.419565,0.079694,0.050643,-0.010407,-0.004723,0.399481,-0.105693,0.140049,0.240698,-0.393395,0.038286,,0.100361,-0.309253,0.085293,0.022791,0.086153,-0.028766,0.154513
