id,error,adch_ketC,adch_ketO,adch_carbC,adch_hydO,adch_hydH,adch_fukui_plus_ketC,adch_fukui_minus_ketC,adch_fukui_plus_carbC,adch_fukui_minus_carbC,qtaim_rho_CO_ket,qtaim_lap_CO_ket,qtaim_ell_CO_ket,qtaim_rho_CC_new,qtaim_lap_CC_new,qtaim_ell_CC_new,qtaim_rho_HB,ald_adch_CHO_C,ald_adch_CHO_O,ald_adch_fukui_plus_CHO_C,ald_adch_fukui_minus_CHO_C,ald_adch_fukui_minus_CHO_O,ald_qtaim_lap_CO,ald_qtaim_ell_CO
20854,,0.225779,-0.371029,0.011258,-0.500556,0.403261,0.036889,-0.02977,0.008201,-0.01326,0.384507,-0.239227,0.136171,0.238048,-0.375212,0.053327,0.020986,0.09929,-0.329049,0.067459,0.022738,0.106719,-0.154117,0.159094
74427,,,,,,,,,,,0.391005,-0.239681,0.155023,0.234305,-0.358085,0.047456,0.022592,0.073382,-0.321514,0.059159,0.049731,0.052059,-0.163339,0.181691
139915,,,,,,,,,,,0.386058,-0.218682,0.141014,0.239448,-0.38148,0.051175,0.023923,0.105321,-0.354608,0.037621,0.040374,0.16037,-0.140772,0.168174
168960,,0.221987,-0.277444,0.067732,-0.507222,0.406368,0.009552,0.001834,0.011513,0.023965,0.398853,-0.054194,0.152667,0.230568,-0.333572,0.051766,0.018652,0.102781,-0.282594,0.065148,0.03001,0.094361,-0.023785,0.161694
154651,,0.253694,-0.352025,0.052098,-0.506925,0.409419,0.03424,0.038748,0.009163,-0.008453,0.393626,-0.152923,0.138557,0.238294,-0.373247,0.047707,0.02015,0.106131,-0.323821,0.044266,0.021042,0.071938,-0.067801,0.161151
