id,error,adch_ketC,adch_ketO,adch_carbC,adch_hydO,adch_hydH,adch_fukui_plus_ketC,adch_fukui_minus_ketC,adch_fukui_plus_carbC,adch_fukui_minus_carbC,qtaim_rho_CO_ket,qtaim_lap_CO_ket,qtaim_ell_CO_ket,qtaim_rho_CC_new,qtaim_lap_CC_new,qtaim_ell_CC_new,qtaim_rho_HB,ald_adch_CHO_C,ald_adch_CHO_O,ald_adch_fukui_plus_CHO_C,ald_adch_fukui_minus_CHO_C,ald_adch_fukui_minus_CHO_O,ald_qtaim_lap_CO,ald_qtaim_ell_CO
30313,,0.187863,-0.268937,-0.016415,-0.521031,0.440543,0.09803,0.030355,0.004742,0.025209,0.40394,-0.047663,0.155507,0.235523,-0.35412,0.034683,,-0.140894,-0.193518,0.057626,0.216679,0.134784,-0.005402,0.162885
128159,,,,,,,,,,,0.399606,-0.076283,0.148848,0.234278,-0.353682,0.030372,,0.087881,-0.268973,0.261609,0.015786,0.087755,0.00732,0.157079
48543,,,,,,,,,,,0.40172,-0.106609,0.139964,0.236778,-0.369473,0.014783,,0.10927,-0.292248,0.039805,-0.007126,0.052665,-0.010623,0.151411
52383,,,,,,,,,,,0.398966,-0.101863,0.137388,0.241571,-0.386455,0.047007,,0.092432,-0.289257,0.036029,0.030539,0.089256,-0.017441,0.16339
201938,,0.156385,-0.323279,-0.001971,-0.514102,0.402527,0.24792,0.005192,0.026364,0.00975,0.396395,-0.154139,0.124204,0.24529,-0.4042,0.050861,,0.088765,-0.302517,0.25392,0.03688,0.161281,-0.022776,0.14748
