id,error,adch_ketC,adch_ketO,adch_carbC,adch_hydO,adch_hydH,adch_fukui_plus_ketC,adch_fukui_minus_ketC,adch_fukui_plus_carbC,adch_fukui_minus_carbC,qtaim_rho_CO_ket,qtaim_lap_CO_ket,qtaim_ell_CO_ket,qtaim_rho_CC_new,qtaim_lap_CC_new,qtaim_ell_CC_new,qtaim_rho_HB,ald_adch_CHO_C,ald_adch_CHO_O,ald_adch_fukui_plus_CHO_C,ald_adch_fukui_minus_CHO_C,ald_adch_fukui_minus_CHO_O,ald_qtaim_lap_CO,ald_qtaim_ell_CO
12576,,,,,,,,,,,0.39491,-0.130908,0.133489,0.24255,-0.384074,0.050278,,0.252123,-0.367754,0.146571,0.021072,0.041107,-0.039289,0.150801
161151,,0.23649,-0.326708,0.064545,-0.50779,0.387805,,,,,0.394936,-0.144125,0.138966,0.238203,-0.372331,0.047428,0.020862,0.116869,-0.330954,0.052313,0.036164,0.045157,-0.067404,0.160117
199998,,,,,,,,,,,0.390739,-0.178143,0.143643,0.23758,-0.370096,0.050697,,0.080095,-0.336632,0.04804,0.004609,0.092819,-0.122161,0.17269
79340,,,,,,,,,,,0.401783,-0.034306,0.14439,0.231442,-0.337882,0.053364,,0.122387,-0.305861,0.068213,0.03719,0.130564,-0.05523,0.169754
158252,,0.335551,-0.297876,-0.007632,-0.4547,0.37624,0.090986,0.040398,0.003289,-0.017958,0.397415,-0.095455,0.143994,0.236189,-0.360917,0.053414,,0.116124,-0.296151,0.072044,0.000432,0.124668,-0.070981,0.158592
