id,error,adch_ketC,adch_ketO,adch_carbC,adch_hydO,adch_hydH,adch_fukui_plus_ketC,adch_fukui_minus_ketC,adch_fukui_plus_carbC,adch_fukui_minus_carbC,qtaim_rho_CO_ket,qtaim_lap_CO_ket,qtaim_ell_CO_ket,qtaim_rho_CC_new,qtaim_lap_CC_new,qtaim_ell_CC_new,qtaim_rho_HB,ald_adch_CHO_C,ald_adch_CHO_O,ald_adch_fukui_plus_CHO_C,ald_adch_fukui_minus_CHO_C,ald_adch_fukui_minus_CHO_O,ald_qtaim_lap_CO,ald_qtaim_ell_CO
91346,,,,,,,,,,,0.395178,-0.144556,0.147624,0.233405,-0.350483,0.044382,,0.080351,-0.320617,0.075631,-0.017316,0.081746,-0.088948,0.169403
150389,,0.181807,-0.339371,0.048917,-0.522763,0.413356,0.04366,0.013513,0.013104,-0.003805,0.394029,-0.253593,0.164291,0.237152,-0.369003,0.050493,0.018327,0.087839,-0.331137,0.056792,0.04131,0.157756,-0.16573,0.183231
43830,,,,,,,,,,,0.390856,-0.163943,0.135919,0.237701,-0.370523,0.047588,0.021713,0.105995,-0.321457,0.04707,0.038345,0.135538,-0.078887,0.16237
63901,,,,,,,,,,,0.397665,-0.079774,0.147691,0.236207,-0.363259,0.04775,,0.101818,-0.351934,0.081979,0.022499,0.036363,-0.092522,0.175186
64042,,,,,,,0.044683,-0.009791,0.000671,0.002719,0.395634,-0.167614,0.135804,0.232978,-0.354116,0.044887,,0.055108,-0.323488,0.051775,-0.000892,0.03815,-0.12197,0.171939
