id,error,adch_ketC,adch_ketO,adch_carbC,adch_hydO,adch_hydH,adch_fukui_plus_ketC,adch_fukui_minus_ketC,adch_fukui_plus_carbC,adch_fukui_minus_carbC,qtaim_rho_CO_ket,qtaim_lap_CO_ket,qtaim_ell_CO_ket,qtaim_rho_CC_new,qtaim_lap_CC_new,qtaim_ell_CC_new,qtaim_rho_HB,ald_adch_CHO_C,ald_adch_CHO_O,ald_adch_fukui_plus_CHO_C,ald_adch_fukui_minus_CHO_C,ald_adch_fukui_minus_CHO_O,ald_qtaim_lap_CO,ald_qtaim_ell_CO
146977,,0.176794,-0.333528,0.058711,-0.50579,0.401102,0.080795,0.088638,0.096556,0.07043,0.393012,-0.177327,0.145077,0.236793,-0.365898,0.049318,0.019883,0.106205,-0.322152,0.085677,0.031464,0.134413,-0.101597,0.163605
60861,,0.308001,-0.333655,0.022588,-0.511926,0.416612,0.12678,0.007771,0.013297,0.007384,0.393985,-0.107796,0.132785,0.236904,-0.366276,0.048535,,0.06394,-0.308912,0.039577,0.039522,0.136696,-0.074559,0.160781
89405,,0.27775,-0.364632,0.068613,-0.50006,0.394445,0.058982,0.032946,0.018326,0.038991,0.391204,-0.158709,0.135384,0.237907,-0.371219,0.048271,0.021738,0.1072,-0.319623,0.061528,0.049473,0.160694,-0.075935,0.161787
12423,,0.163369,-0.354882,0.025912,-0.524119,0.414849,0.089623,-0.007701,0.007458,0.004151,0.389583,-0.23901,0.172586,0.234262,-0.354042,0.052926,0.023566,0.105383,-0.338364,0.097691,0.000116,0.11269,-0.150375,0.188759
2930,,0.204736,-0.292215,-0.041787,-0.470105,0.369155,0.045694,0.031002,-0.07485,-0.061466,0.395346,-0.103442,0.146079,0.235255,-0.356575,0.053849,0.018013,0.104858,-0.323598,0.061,0.030421,0.125887,-0.097618,0.162459
