id,error,adch_ketC,adch_ketO,adch_carbC,adch_hydO,adch_hydH,adch_fukui_plus_ketC,adch_fukui_minus_ketC,adch_fukui_plus_carbC,adch_fukui_minus_carbC,qtaim_rho_CO_ket,qtaim_lap_CO_ket,qtaim_ell_CO_ket,qtaim_rho_CC_new,qtaim_lap_CC_new,qtaim_ell_CC_new,qtaim_rho_HB,ald_adch_CHO_C,ald_adch_CHO_O,ald_adch_fukui_plus_CHO_C,ald_adch_fukui_minus_CHO_C,ald_adch_fukui_minus_CHO_O,ald_qtaim_lap_CO,ald_qtaim_ell_CO
143598,,0.188796,-0.351029,-0.016125,-0.523111,0.414795,0.057856,0.010427,-8e-06,0.007204,0.395125,-0.130566,0.132808,0.243669,-0.397465,0.043199,,0.097897,-0.3102,0.084998,0.024173,0.127939,-0.008769,0.150017
165506,,0.186707,-0.331007,-0.018089,-0.519747,0.409301,0.075877,0.019767,0.005813,0.014837,0.397157,-0.108453,0.13231,0.239489,-0.37667,0.045269,,0.098058,-0.311541,0.094075,0.029074,0.138063,-0.012,0.152517
49921,,,,,,,,,,,0.395532,-0.12649,0.143584,0.239285,-0.380012,0.04548,,0.008046,-0.272158,0.100114,-0.06852,0.096981,-0.00093,0.148475
99569,,,,,,,,,,,0.400438,-0.109005,0.145513,0.242136,-0.382113,0.051824,,-0.111104,-0.202722,0.077034,0.087677,0.059868,0.01868,0.146633
179372,,0.175045,-0.326573,0.008571,-0.519371,0.406191,0.036193,0.009673,0.001198,0.026607,0.397806,-0.152073,0.126833,0.238464,-0.372972,0.044394,0.019503,-0.100803,-0.247757,-0.027419,-0.137942,0.196945,-0.048124,0.138678
