id,error,adch_ketC,adch_ketO,adch_carbC,adch_hydO,adch_hydH,adch_fukui_plus_ketC,adch_fukui_minus_ketC,adch_fukui_plus_carbC,adch_fukui_minus_carbC,qtaim_rho_CO_ket,qtaim_lap_CO_ket,qtaim_ell_CO_ket,qtaim_rho_CC_new,qtaim_lap_CC_new,qtaim_ell_CC_new,qtaim_rho_HB,ald_adch_CHO_C,ald_adch_CHO_O,ald_adch_fukui_plus_CHO_C,ald_adch_fukui_minus_CHO_C,ald_adch_fukui_minus_CHO_O,ald_qtaim_lap_CO,ald_qtaim_ell_CO
112621,,,,,,,,,,,0.394937,-0.161388,0.121006,0.239753,-0.38171,0.035488,,0.104428,-0.320524,0.101502,0.038042,0.058646,-0.026687,0.136914
6120,,0.182554,-0.347829,0.007626,-0.485571,0.393416,0.125801,-0.007357,-0.010958,-0.011462,0.392333,-0.173925,0.140162,0.241275,-0.386613,0.049322,,0.094355,-0.321312,0.125671,0.023232,0.142778,-0.072562,0.162586
111608,,,,,,,,,,,0.399099,-0.191761,0.135449,0.23923,-0.373035,0.052115,,0.042462,-0.290096,0.018028,-0.042786,0.131286,-0.100347,0.146873
60706,,,,,,,,,,,0.395735,-0.106859,0.119159,0.238189,-0.364688,0.044212,,0.150198,-0.337431,0.088864,0.050047,0.13011,-0.05253,0.174688
13410,,,,,,,,,,,0.382297,-0.304967,0.137675,0.237614,-0.378376,0.053659,0.022909,0.128882,-0.436824,0.04113,-0.017042,-0.002663,-0.242996,0.161753
