id,error,adch_ketC,adch_ketO,adch_carbC,adch_hydO,adch_hydH,adch_fukui_plus_ketC,adch_fukui_minus_ketC,adch_fukui_plus_carbC,adch_fukui_minus_carbC,qtaim_rho_CO_ket,qtaim_lap_CO_ket,qtaim_ell_CO_ket,qtaim_rho_CC_new,qtaim_lap_CC_new,qtaim_ell_CC_new,qtaim_rho_HB,ald_adch_CHO_C,ald_adch_CHO_O,ald_adch_fukui_plus_CHO_C,ald_adch_fukui_minus_CHO_C,ald_adch_fukui_minus_CHO_O,ald_qtaim_lap_CO,ald_qtaim_ell_CO
36609,,,,,,,,,,,0.395092,-0.114619,0.130305,0.242875,-0.393855,0.043601,,0.100084,-0.307123,0.051869,0.015053,0.075671,-0.003503,0.151121
92328,,,,,,,,,,,0.398579,-0.060953,0.127573,0.237799,-0.361026,0.047591,,0.095403,-0.297815,0.02904,0.008275,0.056936,0.005331,0.141285
38949,,,,,,,,,,,0.394826,-0.124723,0.129295,0.242958,-0.394351,0.040968,,0.097605,-0.316438,0.057486,0.008702,0.057379,-0.016759,0.150153
55327,,,,,,,,,,,0.392345,-0.170914,0.137894,0.239178,-0.378576,0.044937,0.018944,0.097859,-0.335846,0.047787,0.014094,0.067858,-0.088456,0.16286
205659,,0.127111,-0.311364,0.012014,-0.5248,0.404678,0.242967,-0.025897,0.028166,0.020156,0.395842,-0.129046,0.124613,0.240462,-0.380388,0.047889,0.018286,0.093334,-0.317481,0.264099,0.024548,0.123238,-0.030046,0.146745
