id,error,adch_ketC,adch_ketO,adch_carbC,adch_hydO,adch_hydH,adch_fukui_plus_ketC,adch_fukui_minus_ketC,adch_fukui_plus_carbC,adch_fukui_minus_carbC,qtaim_rho_CO_ket,qtaim_lap_CO_ket,qtaim_ell_CO_ket,qtaim_rho_CC_new,qtaim_lap_CC_new,qtaim_ell_CC_new,qtaim_rho_HB,ald_adch_CHO_C,ald_adch_CHO_O,ald_adch_fukui_plus_CHO_C,ald_adch_fukui_minus_CHO_C,ald_adch_fukui_minus_CHO_O,ald_qtaim_lap_CO,ald_qtaim_ell_CO
126214,,,,,,,,,,,0.393338,-0.137607,0.138685,0.237499,-0.368919,0.047414,0.020743,0.108951,-0.306413,0.059991,0.036769,0.117448,-0.054189,0.161477
123330,,,,,,,,,,,0.384016,-0.265201,0.153502,0.234134,-0.358739,0.050937,0.025314,-0.169665,-0.187615,-0.094498,-0.11969,0.138661,-0.172464,0.175236
126628,,0.166699,-0.371218,-0.008327,-0.539192,0.417164,0.033759,-0.003883,-0.015002,-0.001014,0.388488,-0.227476,0.149036,0.233511,-0.35055,0.048878,0.023966,-0.225744,-0.244787,0.037746,-0.05137,0.140165,-0.16832,0.18115
14131,,0.207606,-0.34389,0.0237,-0.528036,0.419091,0.052133,0.002693,0.007689,0.00755,0.390342,-0.143218,0.132909,0.23958,-0.380015,0.050819,0.02226,0.216131,-0.369214,0.067326,0.022458,0.084598,-0.049245,0.157485
150258,,0.212764,-0.367587,0.090171,-0.508814,0.419425,0.105304,0.139873,0.057527,0.048851,0.391993,-0.181646,0.141785,0.237289,-0.368536,0.047468,0.021082,0.103077,-0.321311,0.093357,0.038517,0.145571,-0.098311,0.169289
