id,error,adch_ketC,adch_ketO,adch_carbC,adch_hydO,adch_hydH,adch_fukui_plus_ketC,adch_fukui_minus_ketC,adch_fukui_plus_carbC,adch_fukui_minus_carbC,qtaim_rho_CO_ket,qtaim_lap_CO_ket,qtaim_ell_CO_ket,qtaim_rho_CC_new,qtaim_lap_CC_new,qtaim_ell_CC_new,qtaim_rho_HB,ald_adch_CHO_C,ald_adch_CHO_O,ald_adch_fukui_plus_CHO_C,ald_adch_fukui_minus_CHO_C,ald_adch_fukui_minus_CHO_O,ald_qtaim_lap_CO,ald_qtaim_ell_CO
25768,,0.195422,-0.371178,0.003359,-0.522727,0.40104,0.255349,0.022749,0.027768,0.031766,0.39401,-0.162238,0.125223,0.240568,-0.390094,0.042906,,-0.178553,-0.21759,0.1457,-0.059785,0.216651,-0.035123,0.143441
102768,,0.138109,-0.314144,0.00483,-0.53149,0.429552,0.138141,0.079741,0.008079,0.017735,0.399947,-0.152115,0.134499,0.237698,-0.366523,0.04362,,0.097819,-0.318718,0.1094,0.041357,0.226753,-0.10389,0.153456
16841,,0.197578,-0.334968,-0.00099,-0.508073,0.404396,0.133757,0.010314,0.011818,-0.000253,0.394574,-0.123516,0.131366,0.241009,-0.382406,0.050039,,-0.11661,-0.236662,0.057805,0.012716,0.129348,-0.026497,0.150296
185626,,0.189017,-0.33185,-0.017866,-0.518267,0.409201,0.074942,0.017149,0.005448,0.013737,0.396339,-0.114616,0.132223,0.239554,-0.376523,0.044068,,0.093419,-0.314123,0.105041,0.030607,0.139854,-0.020605,0.149962
109666,,,,,,,,,,,0.39532,-0.125296,0.131989,0.240021,-0.379266,0.037254,,-0.094638,-0.244082,0.046586,-0.207271,0.111305,-0.031585,0.147014
