id,error,adch_ketC,adch_ketO,adch_carbC,adch_hydO,adch_hydH,adch_fukui_plus_ketC,adch_fukui_minus_ketC,adch_fukui_plus_carbC,adch_fukui_minus_carbC,qtaim_rho_CO_ket,qtaim_lap_CO_ket,qtaim_ell_CO_ket,qtaim_rho_CC_new,qtaim_lap_CC_new,qtaim_ell_CC_new,qtaim_rho_HB,ald_adch_CHO_C,ald_adch_CHO_O,ald_adch_fukui_plus_CHO_C,ald_adch_fukui_minus_CHO_C,ald_adch_fukui_minus_CHO_O,ald_qtaim_lap_CO,ald_qtaim_ell_CO
85910,,,,,,,,,,,0.389626,-0.423701,0.086603,0.208845,-0.241183,0.016612,,0.141696,-0.322486,0.051525,0.007299,0.038003,-0.067482,0.157952
152951,,0.16049,-0.308671,0.029698,-0.495828,0.392219,0.063542,-0.018524,-0.00139,-0.001235,0.395398,-0.114247,0.134654,0.233302,-0.348436,0.050538,,0.120085,-0.330475,0.066369,0.018361,0.07308,-0.080371,0.171768
97659,,0.191734,-0.312164,-0.010858,-0.49816,0.387737,0.031673,-0.000633,-0.003707,-0.00481,0.39677,-0.069039,0.136606,0.241657,-0.387651,0.050182,0.019599,0.133431,-0.322228,0.228382,0.29609,-0.021749,0.001715,0.150635
96582,,,,,,,,,,,0.385135,-0.128055,0.125832,0.233755,-0.354998,0.038654,,0.110775,-0.378661,0.080141,0.016843,0.049358,-0.088863,0.159605
44591,,0.190172,-0.287422,0.001507,-0.52544,0.413818,0.098342,0.001636,0.00865,0.002878,0.400563,-0.105185,0.141379,0.24379,-0.40739,0.048782,,0.034762,-0.286151,-0.032202,-0.094483,0.075779,-0.044457,0.153592
