id,error,adch_ketC,adch_ketO,adch_carbC,adch_hydO,adch_hydH,adch_fukui_plus_ketC,adch_fukui_minus_ketC,adch_fukui_plus_carbC,adch_fukui_minus_carbC,qtaim_rho_CO_ket,qtaim_lap_CO_ket,qtaim_ell_CO_ket,qtaim_rho_CC_new,qtaim_lap_CC_new,qtaim_ell_CC_new,qtaim_rho_HB,ald_adch_CHO_C,ald_adch_CHO_O,ald_adch_fukui_plus_CHO_C,ald_adch_fukui_minus_CHO_C,ald_adch_fukui_minus_CHO_O,ald_qtaim_lap_CO,ald_qtaim_ell_CO
176998,,0.084004,-0.32817,0.143392,-0.517817,0.422297,0.041381,-0.024602,0.022495,0.022085,0.392556,-0.232731,0.140736,0.23874,-0.377732,0.05025,0.024831,0.10457,-0.322815,0.083333,0.046866,0.173624,-0.11906,0.158355
36178,,,,,,,,,,,0.393512,-0.146421,0.143826,0.238529,-0.374921,0.051516,0.020983,0.107348,-0.31848,0.081541,0.031458,0.116523,-0.067689,0.16266
62377,,,,,,,,,,,0.392599,-0.152929,0.145201,0.239654,-0.380635,0.051135,0.021562,0.10953,-0.317616,0.083029,0.012268,0.088014,-0.068687,0.161172
180796,,0.221578,-0.292709,0.010148,-0.513402,0.431503,0.094217,0.133215,-0.003646,-0.006223,0.402564,-0.120772,0.144072,0.241456,-0.388475,0.046268,,0.082117,-0.277235,0.010206,0.107497,0.125843,-0.031514,0.15697
184145,,0.213184,-0.322687,0.020006,-0.389488,0.302503,0.080166,0.00805,0.018258,0.04122,0.38888,-0.122692,0.127512,0.235891,-0.362369,0.047961,0.023731,0.110249,-0.312622,0.087474,0.036075,0.11408,-0.047942,0.159735
