id,error,adch_ketC,adch_ketO,adch_carbC,adch_hydO,adch_hydH,adch_fukui_plus_ketC,adch_fukui_minus_ketC,adch_fukui_plus_carbC,adch_fukui_minus_carbC,qtaim_rho_CO_ket,qtaim_lap_CO_ket,qtaim_ell_CO_ket,qtaim_rho_CC_new,qtaim_lap_CC_new,qtaim_ell_CC_new,qtaim_rho_HB,ald_adch_CHO_C,ald_adch_CHO_O,ald_adch_fukui_plus_CHO_C,ald_adch_fukui_minus_CHO_C,ald_adch_fukui_minus_CHO_O,ald_qtaim_lap_CO,ald_qtaim_ell_CO
91399,,0.160507,-0.392328,-0.018007,-0.491366,0.420695,-0.005658,0.01992,0.001004,0.013764,0.403222,-0.449207,0.121281,0.232121,-0.344463,0.028135,,0.055794,-0.349705,-0.022695,0.044681,0.208394,-0.326907,0.14213
185111,,,,,,,,,,,0.397662,-0.118177,0.139983,0.246125,-0.404868,0.052284,,0.09872,-0.298489,0.104049,0.021409,0.075754,-0.016762,0.153552
16939,,,,,,,,,,,0.397171,-0.128905,0.125497,0.242076,-0.386322,0.045313,,0.063283,-0.293965,0.097324,-0.025123,0.028839,-0.027471,0.14985
100889,,,,,,,,,,,0.394562,-0.11881,0.136091,0.245045,-0.40151,0.050454,,0.098553,-0.29713,0.057039,0.014674,0.048791,0.025439,0.145599
92800,,,,,,,,,,,0.397075,-0.138427,0.131553,0.243225,-0.392668,0.044547,,0.092128,-0.314252,0.096768,-0.003241,0.053096,-0.046152,0.144167
