id,error,adch_ketC,adch_ketO,adch_carbC,adch_hydO,adch_hydH,adch_fukui_plus_ketC,adch_fukui_minus_ketC,adch_fukui_plus_carbC,adch_fukui_minus_carbC,qtaim_rho_CO_ket,qtaim_lap_CO_ket,qtaim_ell_CO_ket,qtaim_rho_CC_new,qtaim_lap_CC_new,qtaim_ell_CC_new,qtaim_rho_HB,ald_adch_CHO_C,ald_adch_CHO_O,ald_adch_fukui_plus_CHO_C,ald_adch_fukui_minus_CHO_C,ald_adch_fukui_minus_CHO_O,ald_qtaim_lap_CO,ald_qtaim_ell_CO
88864,,,,,,,,,,,0.398195,-0.133884,0.139036,0.238871,-0.379844,0.045984,,-0.319218,-0.151336,-0.056551,-0.121218,0.12331,-0.031055,0.153458
116853,,,,,,,,,,,0.394912,-0.126481,0.129068,0.242253,-0.389781,0.046308,,0.092384,-0.302989,0.0709,0.004339,0.006222,-0.053192,0.137654
14766,,,,,,,,,,,0.396286,-0.1354,0.137992,0.239723,-0.385477,0.041543,,0.102798,-0.313914,0.268706,0.022557,0.079588,-0.054246,0.146338
189722,,0.120738,-0.333761,0.002447,-0.529077,0.440377,0.085592,0.061865,-0.000763,-0.000558,0.395375,-0.081172,0.130652,0.242631,-0.392676,0.049776,0.018657,0.111684,-0.312243,0.084487,0.013821,0.118986,0.011591,0.149101
151273,,0.192309,-0.310758,-0.010829,-0.516807,0.431727,0.262578,0.048025,0.021211,0.02759,0.400541,-0.075863,0.144728,0.238476,-0.36821,0.048937,,0.033417,-0.270637,0.294532,0.050987,0.197933,-0.024312,0.146985
