id,error,adch_ketC,adch_ketO,adch_carbC,adch_hydO,adch_hydH,adch_fukui_plus_ketC,adch_fukui_minus_ketC,adch_fukui_plus_carbC,adch_fukui_minus_carbC,qtaim_rho_CO_ket,qtaim_lap_CO_ket,qtaim_ell_CO_ket,qtaim_rho_CC_new,qtaim_lap_CC_new,qtaim_ell_CC_new,qtaim_rho_HB,ald_adch_CHO_C,ald_adch_CHO_O,ald_adch_fukui_plus_CHO_C,ald_adch_fukui_minus_CHO_C,ald_adch_fukui_minus_CHO_O,ald_qtaim_lap_CO,ald_qtaim_ell_CO
211010,,0.190977,-0.355896,-0.016567,-0.521921,0.411596,0.060922,0.020869,0.002671,0.017094,0.39535,-0.146147,0.117784,0.24177,-0.388882,0.044466,,0.098287,-0.321584,0.09369,0.04503,0.151597,-0.046363,0.152622
98573,,0.186798,-0.346266,-0.02191,-0.508273,0.374041,0.051068,0.012434,0.004534,0.00668,0.394391,-0.146879,0.132222,0.241926,-0.392612,0.041586,,0.098216,-0.314939,0.083784,0.015175,0.083697,-0.017248,0.138453
108039,,0.179683,-0.340979,-0.021285,-0.500334,0.401136,-0.008344,,0.020475,,0.39447,-0.114948,0.114017,0.237689,-0.363803,0.043564,,0.078607,-0.297003,0.238456,0.124849,0.070265,0.012854,0.147741
111565,,,,,,,,,,,0.394028,-0.160784,0.125067,0.240606,-0.390951,0.047021,,0.138591,-0.324598,0.11858,0.057073,0.097288,-0.016431,0.144453
64541,,,,,,,,,,,0.394757,-0.415518,0.093253,0.230727,-0.337382,0.029803,0.022879,0.019559,-0.263159,0.125774,0.152238,-0.012432,0.007672,0.144145
