id,error,adch_ketC,adch_ketO,adch_carbC,adch_hydO,adch_hydH,adch_fukui_plus_ketC,adch_fukui_minus_ketC,adch_fukui_plus_carbC,adch_fukui_minus_carbC,qtaim_rho_CO_ket,qtaim_lap_CO_ket,qtaim_ell_CO_ket,qtaim_rho_CC_new,qtaim_lap_CC_new,qtaim_ell_CC_new,qtaim_rho_HB,ald_adch_CHO_C,ald_adch_CHO_O,ald_adch_fukui_plus_CHO_C,ald_adch_fukui_minus_CHO_C,ald_adch_fukui_minus_CHO_O,ald_qtaim_lap_CO,ald_qtaim_ell_CO
87644,,,,,,,,,,,0.400066,-0.093428,0.133835,0.237354,-0.363266,0.044634,,0.097499,-0.289124,0.078671,0.01271,0.066022,-0.003307,0.15044
838,,0.179098,-0.320813,-0.024032,-0.495533,0.403321,0.138694,0.011617,0.010352,0.007169,0.398548,-0.112059,0.13161,0.243738,-0.39509,0.049957,,0.165923,-0.329426,0.212201,0.046255,0.085524,-0.038523,0.149955
82683,,0.180006,-0.320562,-0.020922,-0.513847,0.424112,0.246707,0.015268,0.02218,0.016097,0.398842,-0.123412,0.146363,0.240462,-0.378083,0.051122,,0.062155,-0.308141,0.250497,0.039622,0.145902,-0.04568,0.143399
76900,,,,,,,,,,,0.394848,-0.127116,0.133928,0.239908,-0.376832,0.051705,0.021151,0.097519,-0.311031,0.058645,0.003224,0.057928,-0.033161,0.152199
135028,,0.194274,-0.332396,0.001021,-0.517031,0.411015,0.066298,0.022339,0.006648,0.013153,0.396457,-0.104214,0.141341,0.241143,-0.393944,0.045335,,0.093152,-0.295916,0.088624,0.039985,0.122754,-0.026461,0.158157
