id,error,adch_ketC,adch_ketO,adch_carbC,adch_hydO,adch_hydH,adch_fukui_plus_ketC,adch_fukui_minus_ketC,adch_fukui_plus_carbC,adch_fukui_minus_carbC,qtaim_rho_CO_ket,qtaim_lap_CO_ket,qtaim_ell_CO_ket,qtaim_rho_CC_new,qtaim_lap_CC_new,qtaim_ell_CC_new,qtaim_rho_HB,ald_adch_CHO_C,ald_adch_CHO_O,ald_adch_fukui_plus_CHO_C,ald_adch_fukui_minus_CHO_C,ald_adch_fukui_minus_CHO_O,ald_qtaim_lap_CO,ald_qtaim_ell_CO
60538,,,,,,,,,,,0.395498,-0.200143,0.142645,0.239696,-0.381845,0.05056,0.022156,0.086597,-0.315619,0.077983,0.015765,0.100838,-0.095856,0.162602
191894,,0.179951,-0.322282,0.041384,-0.605745,0.503467,-0.057004,-0.045884,-0.012077,-0.010275,0.400857,-0.043465,0.145307,0.227811,-0.321135,0.053101,0.018433,0.113361,-0.302696,0.10448,0.072965,0.1485,-0.050945,0.16282
84804,,,,,,,,,,,0.398003,-0.138079,0.133187,0.240252,-0.380505,0.043324,,0.093328,-0.298291,0.108785,0.001373,0.043692,-0.031955,0.156513
174998,,0.172402,-0.286692,0.062538,-0.509484,0.433516,0.049161,-0.004531,0.022783,0.041356,0.401835,-0.099417,0.157309,0.240266,-0.381955,0.052631,,0.10333,-0.268754,0.080193,0.049107,0.162784,-0.013307,0.168271
43011,,0.193204,-0.315671,-0.009748,-0.510217,0.415753,0.094377,-0.004778,0.004913,0.002673,0.397655,-0.091111,0.145648,0.235344,-0.358918,0.022543,,0.010152,-0.268996,0.040372,-0.029296,0.093984,-0.011918,0.163181
