id,error,adch_ketC,adch_ketO,adch_carbC,adch_hydO,adch_hydH,adch_fukui_plus_ketC,adch_fukui_minus_ketC,adch_fukui_plus_carbC,adch_fukui_minus_carbC,qtaim_rho_CO_ket,qtaim_lap_CO_ket,qtaim_ell_CO_ket,qtaim_rho_CC_new,qtaim_lap_CC_new,qtaim_ell_CC_new,qtaim_rho_HB,ald_adch_CHO_C,ald_adch_CHO_O,ald_adch_fukui_plus_CHO_C,ald_adch_fukui_minus_CHO_C,ald_adch_fukui_minus_CHO_O,ald_qtaim_lap_CO,ald_qtaim_ell_CO
54182,,,,,,,,,,,0.393343,-0.161943,0.14246,0.238022,-0.372664,0.050291,0.021385,-0.11554,-0.302044,0.039649,0.02324,0.088149,-0.087513,0.155098
186851,,0.205335,-0.366113,0.106994,-0.510605,0.431768,0.068706,0.003261,0.033877,0.030092,0.393477,-0.141198,0.138589,0.238482,-0.374344,0.045518,0.02003,0.119086,-0.332744,0.065251,0.030723,0.121052,-0.049849,0.163164
115823,,,,,,,,,,,0.398226,-0.063109,0.150054,0.239327,-0.383487,0.037943,,0.116489,-0.304927,0.045974,0.017133,0.095344,0.008773,0.148576
57977,,,,,,,,,,,0.397724,-0.08675,0.129648,0.236409,-0.366838,0.019371,,0.097245,-0.306433,0.017722,0.009158,0.056676,-0.001986,0.154037
205145,,0.20368,-0.391679,0.008466,-0.503389,0.409712,0.085634,0.038763,0.020634,-0.009168,0.382811,-0.241379,0.131881,0.23978,-0.384388,0.05249,0.020484,0.112065,-0.320334,0.095994,0.031879,0.138324,-0.091058,0.158039
