id,error,adch_ketC,adch_ketO,adch_carbC,adch_hydO,adch_hydH,adch_fukui_plus_ketC,adch_fukui_minus_ketC,adch_fukui_plus_carbC,adch_fukui_minus_carbC,qtaim_rho_CO_ket,qtaim_lap_CO_ket,qtaim_ell_CO_ket,qtaim_rho_CC_new,qtaim_lap_CC_new,qtaim_ell_CC_new,qtaim_rho_HB,ald_adch_CHO_C,ald_adch_CHO_O,ald_adch_fukui_plus_CHO_C,ald_adch_fukui_minus_CHO_C,ald_adch_fukui_minus_CHO_O,ald_qtaim_lap_CO,ald_qtaim_ell_CO
161712,,0.151358,-0.310323,-0.01202,-0.493261,0.382835,0.085615,-0.027047,-0.00821,0.001211,0.39357,-0.098211,0.128467,0.23641,-0.36181,0.052935,,0.154794,-0.327179,0.103061,-0.022322,0.213294,-0.073645,0.158686
127175,,,,,,,,,,,0.387705,-0.22292,0.147365,0.23509,-0.358449,0.049115,0.022714,0.104004,-0.358628,0.051754,0.023166,0.106517,-0.157562,0.174779
54891,,,,,,,,,,,0.39706,-0.104042,0.133938,0.236073,-0.360983,0.047915,,0.144959,-0.388436,0.055547,0.023017,0.054514,-0.101103,0.158877
136734,,0.161829,-0.269906,0.014866,-0.482213,0.396945,0.03868,0.036289,-0.013466,-0.001235,0.398995,-0.105379,0.162454,0.233218,-0.347756,0.046936,,0.112732,-0.30679,0.050728,0.035549,0.12091,-0.087217,0.176446
14707,,,,,,,0.100091,0.021278,0.001803,-0.007399,0.377296,-0.291886,0.138725,0.238952,-0.383314,0.050322,0.022198,0.064997,-0.362419,0.088248,-0.008314,0.059248,-0.220185,0.165781
