id,error,adch_ketC,adch_ketO,adch_carbC,adch_hydO,adch_hydH,adch_fukui_plus_ketC,adch_fukui_minus_ketC,adch_fukui_plus_carbC,adch_fukui_minus_carbC,qtaim_rho_CO_ket,qtaim_lap_CO_ket,qtaim_ell_CO_ket,qtaim_rho_CC_new,qtaim_lap_CC_new,qtaim_ell_CC_new,qtaim_rho_HB,ald_adch_CHO_C,ald_adch_CHO_O,ald_adch_fukui_plus_CHO_C,ald_adch_fukui_minus_CHO_C,ald_adch_fukui_minus_CHO_O,ald_qtaim_lap_CO,ald_qtaim_ell_CO
84060,,0.209334,-0.365148,0.012891,-0.498725,0.394768,0.04816,,0.015101,,0.383533,-0.248644,0.136766,0.23826,-0.376387,0.05347,0.021098,0.09805,-0.338384,0.069892,0.021961,0.083259,-0.162553,0.161585
156169,,0.258052,-0.324727,0.039918,-0.573765,0.469937,0.02037,0.039765,-0.024081,-0.014823,0.400012,-0.07851,0.147058,0.225206,-0.30961,0.039641,,0.06955,-0.289692,-0.055752,0.002456,0.191791,-0.082497,0.170462
135094,,,,,,,,,,,0.389616,-0.214186,0.149664,0.236135,-0.363431,0.048218,0.022152,0.078565,-0.338299,0.08928,0.010442,0.104448,-0.134868,0.177152
209175,,0.170111,-0.306862,0.04705,-0.516912,0.456266,0.033429,0.016086,0.082873,0.101278,0.40028,-0.120396,0.153288,0.240692,-0.384609,0.055225,,0.110859,-0.277323,0.052631,0.03011,0.134663,-0.0209,0.166797
7749,,0.215479,-0.37005,0.092417,-0.513376,0.414639,0.103037,0.066316,0.06307,-0.011284,0.38854,-0.198019,0.137622,0.237168,-0.36862,0.047273,0.022862,0.101253,-0.339061,0.106946,0.033532,0.126612,-0.116154,0.16715
