id,error,adch_ketC,adch_ketO,adch_carbC,adch_hydO,adch_hydH,adch_fukui_plus_ketC,adch_fukui_minus_ketC,adch_fukui_plus_carbC,adch_fukui_minus_carbC,qtaim_rho_CO_ket,qtaim_lap_CO_ket,qtaim_ell_CO_ket,qtaim_rho_CC_new,qtaim_lap_CC_new,qtaim_ell_CC_new,qtaim_rho_HB,ald_adch_CHO_C,ald_adch_CHO_O,ald_adch_fukui_plus_CHO_C,ald_adch_fukui_minus_CHO_C,ald_adch_fukui_minus_CHO_O,ald_qtaim_lap_CO,ald_qtaim_ell_CO
57317,,,,,,,,,,,0.395552,-0.174425,0.139153,0.239382,-0.377529,0.051565,0.018629,0.094399,-0.321613,0.052512,0.034921,0.113394,-0.090506,0.164376
88857,,,,,,,,,,,0.399857,-0.062737,0.126097,0.233965,-0.362335,0.022582,,0.094275,-0.308632,-0.050725,-0.084543,0.084335,-0.001068,0.144348
119228,,,,,,,,,,,0.393833,-0.135165,0.12525,0.241437,-0.387082,0.048472,,-0.203354,-0.216069,0.048434,-0.056567,0.102993,-0.036626,0.146999
144747,,0.087726,-0.319144,0.007747,-0.514163,0.409739,0.084112,0.11038,-0.014071,-0.015898,0.393957,-0.129253,0.12167,0.243862,-0.399651,0.05156,0.020429,0.102307,-0.313265,0.069001,0.033121,0.140272,-0.01725,0.144108
118102,,0.222007,-0.332213,0.014005,-0.526402,0.370545,0.160315,0.000919,0.01224,0.002683,0.398115,-0.08755,0.109796,0.23635,-0.372156,0.02499,,0.060018,-0.32336,0.145601,-0.110705,0.138884,-0.060467,0.163695
