id,error,adch_ketC,adch_ketO,adch_carbC,adch_hydO,adch_hydH,adch_fukui_plus_ketC,adch_fukui_minus_ketC,adch_fukui_plus_carbC,adch_fukui_minus_carbC,qtaim_rho_CO_ket,qtaim_lap_CO_ket,qtaim_ell_CO_ket,qtaim_rho_CC_new,qtaim_lap_CC_new,qtaim_ell_CC_new,qtaim_rho_HB,ald_adch_CHO_C,ald_adch_CHO_O,ald_adch_fukui_plus_CHO_C,ald_adch_fukui_minus_CHO_C,ald_adch_fukui_minus_CHO_O,ald_qtaim_lap_CO,ald_qtaim_ell_CO
176132,,0.217217,-0.195606,0.096159,-0.491399,0.406168,0.045213,-0.007038,0.051775,0.021816,0.391248,-0.155482,0.146722,0.238023,-0.374152,0.047999,0.019464,0.106078,-0.303461,0.069098,0.020239,0.069644,-0.071865,0.169744
135076,,,,,,,,,,,0.395436,-0.167097,0.148974,0.233317,-0.349443,0.04522,0.021163,0.086233,-0.297833,0.082434,0.057664,0.096315,-0.074582,0.16895
79701,,,,,,,,,,,0.397286,-0.115659,0.155281,0.237667,-0.369753,0.050649,0.018593,0.108835,-0.296297,0.041837,0.012342,0.056422,-0.042868,0.166219
198113,,0.206909,-0.34732,0.036486,-0.522612,0.414792,0.062994,0.081902,-0.007646,-0.026096,0.391437,-0.165699,0.144787,0.239295,-0.379403,0.0499,0.019536,0.08553,-0.328746,0.034106,0.008984,0.166007,-0.090306,0.170081
58177,,0.194594,-0.30312,-0.044375,-0.457214,0.368051,0.093018,-0.021436,-0.024592,-0.0207,0.396283,-0.125521,0.140347,0.233008,-0.346919,0.051058,0.019076,0.132785,-0.373981,0.088401,0.00966,0.088016,-0.059492,0.162298
