id,error,adch_ketC,adch_ketO,adch_carbC,adch_hydO,adch_hydH,adch_fukui_plus_ketC,adch_fukui_minus_ketC,adch_fukui_plus_carbC,adch_fukui_minus_carbC,qtaim_rho_CO_ket,qtaim_lap_CO_ket,qtaim_ell_CO_ket,qtaim_rho_CC_new,qtaim_lap_CC_new,qtaim_ell_CC_new,qtaim_rho_HB,ald_adch_CHO_C,ald_adch_CHO_O,ald_adch_fukui_plus_CHO_C,ald_adch_fukui_minus_CHO_C,ald_adch_fukui_minus_CHO_O,ald_qtaim_lap_CO,ald_qtaim_ell_CO
85865,,,,,,,,,,,0.395201,-0.15297,0.141728,0.235353,-0.357847,0.049282,,0.098677,-0.318083,0.041804,0.02576,0.101787,-0.069978,0.149597
51910,,,,,,,,,,,0.382088,-0.319133,0.173031,0.230711,-0.337154,0.051749,0.023439,0.113832,-0.416521,0.083833,0.069397,0.030913,-0.266097,0.201424
50382,,,,,,,,,,,0.390451,-0.199283,0.145707,0.238077,-0.372738,0.04784,0.020236,0.10251,-0.340448,0.03448,0.007156,0.138158,-0.126585,0.170969
52298,,,,,,,,,,,0.380205,-0.291145,0.150487,0.238444,-0.381392,0.051461,0.021073,0.083132,-0.372442,0.033016,0.021908,0.053855,-0.221334,0.170595
95038,,0.168452,-0.294341,0.01355,-0.498969,0.399411,0.06697,0.002149,0.001409,-0.005468,0.397799,-0.087012,0.142702,0.235087,-0.356587,0.049653,,0.049654,-0.429967,0.022384,0.021418,0.128208,-0.468737,0.131341
