id,error,adch_ketC,adch_ketO,adch_carbC,adch_hydO,adch_hydH,adch_fukui_plus_ketC,adch_fukui_minus_ketC,adch_fukui_plus_carbC,adch_fukui_minus_carbC,qtaim_rho_CO_ket,qtaim_lap_CO_ket,qtaim_ell_CO_ket,qtaim_rho_CC_new,qtaim_lap_CC_new,qtaim_ell_CC_new,qtaim_rho_HB,ald_adch_CHO_C,ald_adch_CHO_O,ald_adch_fukui_plus_CHO_C,ald_adch_fukui_minus_CHO_C,ald_adch_fukui_minus_CHO_O,ald_qtaim_lap_CO,ald_qtaim_ell_CO
149335,,0.217322,-0.350021,-0.062559,-0.486673,0.389655,0.062819,0.019686,-0.02738,-0.029272,0.390796,-0.166729,0.138259,0.236577,-0.365245,0.048786,0.020997,0.091093,-0.324275,0.03837,-0.003975,0.104957,-0.08821,0.165376
106765,,0.253115,-0.368007,-0.038119,-0.500732,0.419397,0.061517,0.009537,-0.015914,-0.003209,0.393168,-0.117828,0.146323,0.235456,-0.367442,0.054637,,0.063728,-0.308244,-0.001888,-0.047707,0.13991,-0.068499,0.173496
66440,,,,,,,,,,,0.393114,-0.164167,0.15878,0.227507,-0.325543,0.020912,,0.107019,-0.30431,0.05751,0.016505,0.100145,-0.092536,0.180273
197790,,,,,,,,,,,0.399629,-0.102949,0.130998,0.231749,-0.339873,0.041299,,0.101426,-0.293367,0.085269,0.041739,0.1454,-0.084741,0.151142
36072,,0.175922,-0.334644,0.003202,-0.516771,0.41679,0.044647,0.015933,0.002994,0.019797,0.395356,-0.153835,0.137097,0.237211,-0.367074,0.04744,0.020041,0.110174,-0.311558,0.056078,0.044832,0.157394,-0.084627,0.158369
