id,error,adch_ketC,adch_ketO,adch_carbC,adch_hydO,adch_hydH,adch_fukui_plus_ketC,adch_fukui_minus_ketC,adch_fukui_plus_carbC,adch_fukui_minus_carbC,qtaim_rho_CO_ket,qtaim_lap_CO_ket,qtaim_ell_CO_ket,qtaim_rho_CC_new,qtaim_lap_CC_new,qtaim_ell_CC_new,qtaim_rho_HB,ald_adch_CHO_C,ald_adch_CHO_O,ald_adch_fukui_plus_CHO_C,ald_adch_fukui_minus_CHO_C,ald_adch_fukui_minus_CHO_O,ald_qtaim_lap_CO,ald_qtaim_ell_CO
76532,,0.180408,-0.307476,-0.017828,-0.514342,0.406938,0.163969,,0.015439,,0.39938,-0.105861,0.1418,0.241272,-0.383205,0.048863,,0.08804,-0.288379,0.18563,0.028659,0.08201,-0.027081,0.157417
46863,,,,,,,,,,,0.394753,-0.094,0.127938,0.238021,-0.371826,0.040931,,0.101675,-0.287349,0.112915,0.002717,0.07556,0.013084,0.151828
183027,,0.194597,-0.303779,-0.024213,-0.48143,0.401918,0.035779,0.017437,0.000689,0.020408,0.400187,-0.085537,0.136623,0.238086,-0.368136,0.04855,,0.108653,-0.209873,0.172369,0.025862,0.069652,0.079853,0.120273
203918,,0.186699,-0.319494,0.000753,-0.506812,0.397588,0.125613,0.031826,-0.005189,-0.013157,0.396047,-0.100455,0.127226,0.241511,-0.386089,0.049536,0.019203,-0.069958,-0.244604,0.107678,0.103228,0.113989,-0.005552,0.146259
68580,,0.190234,-0.341264,-0.019137,-0.51542,0.415289,0.1089,0.000333,0.005404,-0.003685,0.395198,-0.132631,0.117724,0.241458,-0.387782,0.046702,,0.087035,-0.305792,0.129715,0.009202,0.028465,-0.05173,0.138646
