id,error,adch_ketC,adch_ketO,adch_carbC,adch_hydO,adch_hydH,adch_fukui_plus_ketC,adch_fukui_minus_ketC,adch_fukui_plus_carbC,adch_fukui_minus_carbC,qtaim_rho_CO_ket,qtaim_lap_CO_ket,qtaim_ell_CO_ket,qtaim_rho_CC_new,qtaim_lap_CC_new,qtaim_ell_CC_new,qtaim_rho_HB,ald_adch_CHO_C,ald_adch_CHO_O,ald_adch_fukui_plus_CHO_C,ald_adch_fukui_minus_CHO_C,ald_adch_fukui_minus_CHO_O,ald_qtaim_lap_CO,ald_qtaim_ell_CO
218636,,,,,,,,,,,0.392383,-0.084439,0.115995,0.234339,-0.351276,0.057598,0.01907,0.089691,-0.331532,0.063656,0.01844,0.089069,-0.086873,0.160525
113269,,,,,,,,,,,0.396757,-0.149911,0.125297,0.243788,-0.396931,0.052507,,-0.258636,-0.187166,0.033654,-0.221226,0.139347,-0.06967,0.149816
178830,,0.195392,-0.33542,-0.019182,-0.515461,0.415636,0.058695,0.027288,-0.011916,0.000654,0.397613,-0.113187,0.13121,0.240125,-0.378562,0.047891,,0.096789,-0.303833,0.061935,0.029413,0.100425,-0.02602,0.153223
131157,,,,,,,,,,,0.396024,-0.111322,0.131845,0.235774,-0.360783,0.052887,0.018141,0.104466,-0.314625,0.073453,0.014774,0.120677,-0.119127,0.159885
105176,,,,,,,0.076789,0.038517,0.002439,0.012844,0.394948,-0.190138,0.148473,0.237107,-0.371464,0.028057,,0.106955,-0.331474,0.078049,0.026378,0.093054,-0.119295,0.158865
