id,error,adch_ketC,adch_ketO,adch_carbC,adch_hydO,adch_hydH,adch_fukui_plus_ketC,adch_fukui_minus_ketC,adch_fukui_plus_carbC,adch_fukui_minus_carbC,qtaim_rho_CO_ket,qtaim_lap_CO_ket,qtaim_ell_CO_ket,qtaim_rho_CC_new,qtaim_lap_CC_new,qtaim_ell_CC_new,qtaim_rho_HB,ald_adch_CHO_C,ald_adch_CHO_O,ald_adch_fukui_plus_CHO_C,ald_adch_fukui_minus_CHO_C,ald_adch_fukui_minus_CHO_O,ald_qtaim_lap_CO,ald_qtaim_ell_CO
176215,,0.115159,-0.293334,-0.071803,-0.421749,0.342755,0.074213,0.003564,-0.032697,-0.011663,0.396366,-0.068359,0.136229,0.234414,-0.353924,0.054608,0.017939,0.072541,-0.310319,0.058878,0.041647,0.131519,-0.054864,0.159806
220567,,,,,,,,,,,0.382878,-0.262253,0.125924,0.237659,-0.372832,0.051912,0.022955,0.099325,-0.358568,0.065286,0.012808,0.043861,-0.153868,0.163549
25230,,0.178819,-0.316889,-0.012373,-0.515654,0.414364,0.017948,-0.063214,0.018387,0.03603,0.398598,-0.083611,0.132058,0.235981,-0.36381,0.016859,,0.097447,-0.30168,0.091051,0.028932,0.135668,-0.000827,0.154872
177433,,0.239066,-0.308829,-0.024316,-0.512287,0.413117,,,,,0.399233,-0.09014,0.161344,0.233644,-0.359459,0.041407,,0.127926,-0.303113,0.04297,0.029895,0.090359,-0.041617,0.163352
188337,,0.197013,-0.352803,0.019283,-0.510275,0.412071,0.045409,0.009812,0.011959,-0.000486,0.395554,-0.288868,0.163327,0.237342,-0.369777,0.051214,,-0.117266,-0.264952,0.010723,0.147192,0.106572,-0.190306,0.174093
