id,error,adch_ketC,adch_ketO,adch_carbC,adch_hydO,adch_hydH,adch_fukui_plus_ketC,adch_fukui_minus_ketC,adch_fukui_plus_carbC,adch_fukui_minus_carbC,qtaim_rho_CO_ket,qtaim_lap_CO_ket,qtaim_ell_CO_ket,qtaim_rho_CC_new,qtaim_lap_CC_new,qtaim_ell_CC_new,qtaim_rho_HB,ald_adch_CHO_C,ald_adch_CHO_O,ald_adch_fukui_plus_CHO_C,ald_adch_fukui_minus_CHO_C,ald_adch_fukui_minus_CHO_O,ald_qtaim_lap_CO,ald_qtaim_ell_CO
135152,,0.230225,-0.350206,0.047475,-0.501476,0.422399,0.071214,0.007551,0.027743,-0.014482,0.395609,-0.159753,0.148024,0.236399,-0.36373,0.046833,0.020124,0.105235,-0.299816,0.073973,0.036422,0.076331,-0.077159,0.169474
21936,,0.247726,-0.326788,0.028646,-0.500658,0.40598,0.02643,-0.000892,0.00256,0.016625,0.397816,-0.099844,0.132906,0.234145,-0.362696,0.036803,,-0.205894,-0.179244,0.010582,-0.064943,0.165248,-0.030277,0.143987
16262,,0.188774,-0.3186,0.043389,-0.524633,0.41689,0.029577,-0.080073,0.027581,0.017884,0.391668,-0.250553,0.164515,0.238867,-0.37965,0.050888,0.019499,0.09045,-0.340326,0.082032,0.016966,0.102077,-0.161635,0.180606
66989,,,,,,,,,,,0.393472,-0.216497,0.139941,0.241883,-0.394548,0.050126,,0.084141,-0.334323,0.062377,0.00836,0.049416,-0.134904,0.151409
15544,,0.182521,-0.337692,-0.031801,-0.495827,0.406662,0.223005,0.017987,0.016604,0.007565,0.398197,-0.16034,0.13359,0.241496,-0.384524,0.058549,0.019286,-0.02469,-0.318942,0.224926,0.022193,0.189454,-0.135325,0.101915
