id,error,adch_ketC,adch_ketO,adch_carbC,adch_hydO,adch_hydH,adch_fukui_plus_ketC,adch_fukui_minus_ketC,adch_fukui_plus_carbC,adch_fukui_minus_carbC,qtaim_rho_CO_ket,qtaim_lap_CO_ket,qtaim_ell_CO_ket,qtaim_rho_CC_new,qtaim_lap_CC_new,qtaim_ell_CC_new,qtaim_rho_HB,ald_adch_CHO_C,ald_adch_CHO_O,ald_adch_fukui_plus_CHO_C,ald_adch_fukui_minus_CHO_C,ald_adch_fukui_minus_CHO_O,ald_qtaim_lap_CO,ald_qtaim_ell_CO
155987,,0.17552,-0.331675,0.006038,-0.512275,0.412971,0.073083,0.0768,-0.015765,-0.003834,0.394407,-0.219995,0.162625,0.234283,-0.353678,0.048887,,0.143282,-0.332155,0.120777,0.112839,0.10595,-0.151359,0.184942
158303,,0.168856,-0.283713,-0.064662,-0.456672,0.361076,0.028785,-0.012667,-0.053386,-0.059494,0.396959,-0.070894,0.140035,0.234735,-0.354614,0.052903,0.018001,0.109521,-0.312982,0.063551,0.028689,0.110845,-0.071214,0.160338
171264,,0.149827,-0.30255,-0.009698,-0.507842,0.42223,0.06121,0.091412,0.066042,0.049426,0.396213,-0.138428,0.142289,0.236609,-0.36364,0.050375,,0.101778,-0.310186,0.068947,0.031812,0.122104,-0.054765,0.147863
114659,,0.070761,-0.427264,0.042358,-0.536357,0.445507,0.101657,-0.042846,0.01608,0.005241,0.386038,-0.263402,0.156153,0.234003,-0.352975,0.054809,0.023121,0.127347,-0.373461,0.086573,-0.026114,0.056115,-0.210878,0.183591
218377,,,,,,,,,,,0.384309,-0.217531,0.142638,0.238805,-0.381838,0.055247,0.024661,0.079181,-0.335198,0.071896,0.005256,0.036851,-0.131151,0.167861
