id,error,adch_ketC,adch_ketO,adch_carbC,adch_hydO,adch_hydH,adch_fukui_plus_ketC,adch_fukui_minus_ketC,adch_fukui_plus_carbC,adch_fukui_minus_carbC,qtaim_rho_CO_ket,qtaim_lap_CO_ket,qtaim_ell_CO_ket,qtaim_rho_CC_new,qtaim_lap_CC_new,qtaim_ell_CC_new,qtaim_rho_HB,ald_adch_CHO_C,ald_adch_CHO_O,ald_adch_fukui_plus_CHO_C,ald_adch_fukui_minus_CHO_C,ald_adch_fukui_minus_CHO_O,ald_qtaim_lap_CO,ald_qtaim_ell_CO
212942,,,,,,,,,,,0.395449,-0.114104,0.124779,0.240071,-0.37941,0.045132,,0.097594,-0.317797,0.116302,0.024901,0.120574,-0.028031,0.151477
74535,,,,,,,,,,,0.397127,-0.115517,0.131863,0.242325,-0.389109,0.045903,,0.094598,-0.291867,0.13328,0.005937,0.028009,-0.025884,0.149984
32003,,,,,,,,,,,0.397481,-0.097213,0.137707,0.241109,-0.383761,0.050474,,0.093419,-0.301761,0.060881,0.016559,0.060524,-0.017147,0.154679
210570,,0.204767,-0.338079,-0.038956,-0.467607,0.375371,-0.004445,0.014459,0.014639,0.03251,0.393641,-0.128293,0.12293,0.240807,-0.384072,0.048,0.021271,0.084524,-0.297462,0.07586,0.036789,0.176371,-0.008447,0.14601
122337,,,,,,,,,,,0.394623,-0.158981,0.125685,0.241208,-0.393661,0.04215,,-0.210914,-0.207751,0.030247,-0.050333,0.145682,-0.03825,0.14178
