id,error,adch_ketC,adch_ketO,adch_carbC,adch_hydO,adch_hydH,adch_fukui_plus_ketC,adch_fukui_minus_ketC,adch_fukui_plus_carbC,adch_fukui_minus_carbC,qtaim_rho_CO_ket,qtaim_lap_CO_ket,qtaim_ell_CO_ket,qtaim_rho_CC_new,qtaim_lap_CC_new,qtaim_ell_CC_new,qtaim_rho_HB,ald_adch_CHO_C,ald_adch_CHO_O,ald_adch_fukui_plus_CHO_C,ald_adch_fukui_minus_CHO_C,ald_adch_fukui_minus_CHO_O,ald_qtaim_lap_CO,ald_qtaim_ell_CO
26440,,,,,,,,,,,0.397073,-0.123427,0.137361,0.24129,-0.382495,0.050604,,0.076279,-0.303752,0.263793,0.04086,0.058042,-0.065943,0.136789
164949,,0.186536,-0.332369,-0.018418,-0.518987,0.409376,0.078634,0.012853,0.005663,0.0087,0.396933,-0.11357,0.131893,0.239697,-0.377522,0.044682,,0.09808,-0.312105,0.102682,0.019932,0.107491,-0.008784,0.148927
19254,,0.190455,-0.34403,-0.014679,-0.512679,0.413678,0.110996,0.01362,0.007624,0.004255,0.396262,-0.175488,0.121095,0.243566,-0.398545,0.044449,,-0.052042,-0.256125,-0.080938,-0.200014,0.209015,-0.029232,0.145421
79948,,0.182495,-0.321114,0.001452,-0.525808,0.421423,0.083761,0.035902,0.004272,0.027581,0.400863,-0.10845,0.141256,0.238341,-0.378356,0.046366,,-0.082721,-0.229101,0.044412,0.031035,0.238896,-0.005214,0.156899
65754,,,,,,,,,,,0.395806,-0.094812,0.12435,0.240997,-0.38384,0.047717,0.020194,-0.061958,-0.238945,0.04507,0.028952,0.075784,0.004966,0.149436
