id,error,adch_ketC,adch_ketO,adch_carbC,adch_hydO,adch_hydH,adch_fukui_plus_ketC,adch_fukui_minus_ketC,adch_fukui_plus_carbC,adch_fukui_minus_carbC,qtaim_rho_CO_ket,qtaim_lap_CO_ket,qtaim_ell_CO_ket,qtaim_rho_CC_new,qtaim_lap_CC_new,qtaim_ell_CC_new,qtaim_rho_HB,ald_adch_CHO_C,ald_adch_CHO_O,ald_adch_fukui_plus_CHO_C,ald_adch_fukui_minus_CHO_C,ald_adch_fukui_minus_CHO_O,ald_qtaim_lap_CO,ald_qtaim_ell_CO
58096,,,,,,,,,,,0.399165,-0.142131,0.128932,0.236645,-0.363741,0.036733,,0.094702,-0.294112,0.101407,,,0.005366,0.143724
47308,,,,,,,,,,,0.399251,-0.083427,0.123539,0.234483,-0.345803,0.045632,,0.110567,-0.297158,0.092273,0.02975,0.125472,0.013795,0.15034
9649,,0.191881,-0.336207,-0.008463,-0.514668,0.409066,0.247404,0.011883,0.020991,0.007733,0.396368,-0.133629,0.132804,0.238612,-0.373904,0.03861,,0.097298,-0.313202,0.252623,0.037524,0.175935,-0.01971,0.149416
209919,,0.174196,-0.289357,0.011828,-0.522402,0.419078,0.091684,0.015149,0.00921,0.007353,0.400808,-0.000515,0.158106,0.239675,-0.384281,0.04426,,0.191719,-0.332131,0.165148,0.156947,0.080621,0.031082,0.154435
98594,,,,,,,0.068341,-0.005504,0.005959,0.022023,0.398432,-0.109013,0.132314,0.237197,-0.371542,0.039165,,-0.116218,-0.241886,0.089876,-0.031825,0.135614,-0.02756,0.139983
