id,error,adch_ketC,adch_ketO,adch_carbC,adch_hydO,adch_hydH,adch_fukui_plus_ketC,adch_fukui_minus_ketC,adch_fukui_plus_carbC,adch_fukui_minus_carbC,qtaim_rho_CO_ket,qtaim_lap_CO_ket,qtaim_ell_CO_ket,qtaim_rho_CC_new,qtaim_lap_CC_new,qtaim_ell_CC_new,qtaim_rho_HB,ald_adch_CHO_C,ald_adch_CHO_O,ald_adch_fukui_plus_CHO_C,ald_adch_fukui_minus_CHO_C,ald_adch_fukui_minus_CHO_O,ald_qtaim_lap_CO,ald_qtaim_ell_CO
83492,,,,,,,,,,,0.392274,-0.178734,0.158481,0.236914,-0.368672,0.052857,0.021821,0.11159,-0.314687,0.04362,0.033394,0.134258,-0.121265,0.188508
219791,,,,,,,,,,,0.389404,-0.234191,0.16151,0.235882,-0.364617,0.053913,0.023924,0.092089,-0.237635,0.072099,-0.051608,0.114455,-0.168798,0.176406
192973,,0.247882,-0.3082,-0.024744,-0.500961,0.414406,0.001952,0.026778,-0.016394,0.020444,0.399582,-0.104298,0.143198,0.227872,-0.322601,0.051087,,0.130259,-0.344724,0.095276,0.041584,0.130548,-0.040776,0.165544
130370,,,,,,,,,,,0.395531,-0.170913,0.140983,0.238902,-0.377316,0.052978,0.019886,0.109859,-0.312935,0.043873,0.022966,0.110155,-0.091935,0.161794
33738,,,,,,,0.100676,-0.001734,0.003458,0.009768,0.39919,-0.117469,0.14125,0.236255,-0.3631,0.03317,,0.043249,-0.288685,0.088233,-0.015871,0.101669,-0.022083,0.150269
