id,error,adch_ketC,adch_ketO,adch_carbC,adch_hydO,adch_hydH,adch_fukui_plus_ketC,adch_fukui_minus_ketC,adch_fukui_plus_carbC,adch_fukui_minus_carbC,qtaim_rho_CO_ket,qtaim_lap_CO_ket,qtaim_ell_CO_ket,qtaim_rho_CC_new,qtaim_lap_CC_new,qtaim_ell_CC_new,qtaim_rho_HB,ald_adch_CHO_C,ald_adch_CHO_O,ald_adch_fukui_plus_CHO_C,ald_adch_fukui_minus_CHO_C,ald_adch_fukui_minus_CHO_O,ald_qtaim_lap_CO,ald_qtaim_ell_CO
97183,,,,,,,,,,,0.400143,-0.092967,0.134501,0.238499,-0.372159,0.034703,,0.100589,-0.280222,0.095576,0.020584,0.065493,-0.006904,0.15634
172411,,0.264782,-0.305317,0.070259,-0.53589,0.463563,0.069864,0.024994,0.020822,0.026745,0.399129,-0.025185,0.155678,0.228678,-0.325696,0.053516,0.019604,0.409826,-0.370106,0.078389,-0.022844,0.133176,-0.015385,0.16695
156371,,0.14111,-0.384043,0.156579,-0.587551,0.474206,0.063735,8.8e-05,0.034972,0.038011,0.390293,-0.133837,0.134084,0.235873,-0.361611,0.048397,0.023595,0.171559,-0.319588,0.051832,0.008716,0.101884,-0.04512,0.160985
123942,,,,,,,,,,,0.389864,-0.173916,0.133977,0.238004,-0.372421,0.047502,0.021866,0.10542,-0.327923,0.088885,0.034996,0.120263,-0.087252,0.161895
149969,,0.304928,-0.302312,-0.063589,-0.301652,0.286643,0.090088,-0.055726,-0.056244,0.033059,0.398101,-0.074099,0.145863,0.236225,-0.361514,0.057361,,0.085632,-0.306128,0.064433,0.023073,0.075585,-0.057602,0.159218
