id,error,adch_ketC,adch_ketO,adch_carbC,adch_hydO,adch_hydH,adch_fukui_plus_ketC,adch_fukui_minus_ketC,adch_fukui_plus_carbC,adch_fukui_minus_carbC,qtaim_rho_CO_ket,qtaim_lap_CO_ket,qtaim_ell_CO_ket,qtaim_rho_CC_new,qtaim_lap_CC_new,qtaim_ell_CC_new,qtaim_rho_HB,ald_adch_CHO_C,ald_adch_CHO_O,ald_adch_fukui_plus_CHO_C,ald_adch_fukui_minus_CHO_C,ald_adch_fukui_minus_CHO_O,ald_qtaim_lap_CO,ald_qtaim_ell_CO
55798,,,,,,,,,,,0.392228,-0.170471,0.143645,0.236784,-0.366309,0.046937,0.020664,0.104755,-0.316853,0.048972,0.018734,0.074178,-0.082759,0.166929
70496,,,,,,,,,,,0.394167,-0.137618,0.150626,0.235343,-0.358655,0.051407,,0.097615,-0.333952,0.064966,0.055902,0.155798,-0.15771,0.17985
85553,,,,,,,,,,,0.393366,-0.186462,0.148534,0.233884,-0.353412,0.055949,0.018011,0.103574,-0.320907,0.048165,0.017895,0.073901,-0.113808,0.170011
48294,,,,,,,,,,,0.395501,-0.097735,0.142262,0.229277,-0.333026,0.022309,,0.125278,-0.323476,0.064301,0.017672,0.067629,-0.076788,0.15953
51600,,0.196408,-0.343759,0.035601,-0.469401,0.360065,0.014275,-0.022921,0.031341,0.023508,0.390376,-0.218808,0.125118,0.241559,-0.391093,0.053396,0.020622,0.126681,-0.34329,0.049609,0.036153,0.09475,-0.129258,0.154432
