id,error,adch_ketC,adch_ketO,adch_carbC,adch_hydO,adch_hydH,adch_fukui_plus_ketC,adch_fukui_minus_ketC,adch_fukui_plus_carbC,adch_fukui_minus_carbC,qtaim_rho_CO_ket,qtaim_lap_CO_ket,qtaim_ell_CO_ket,qtaim_rho_CC_new,qtaim_lap_CC_new,qtaim_ell_CC_new,qtaim_rho_HB,ald_adch_CHO_C,ald_adch_CHO_O,ald_adch_fukui_plus_CHO_C,ald_adch_fukui_minus_CHO_C,ald_adch_fukui_minus_CHO_O,ald_qtaim_lap_CO,ald_qtaim_ell_CO
186495,,,,,,,,,,,0.396474,-0.119043,0.133554,0.239891,-0.377731,0.049193,0.018057,0.109778,-0.292612,0.104213,0.014075,0.052765,-0.033992,0.147833
103773,,0.189232,-0.324313,-0.015452,-0.509799,0.402579,0.047275,0.019277,-0.00056,0.012273,0.396325,-0.100285,0.130817,0.239609,-0.378027,0.044677,,0.095485,-0.304472,0.093745,0.047814,0.109922,-0.015168,0.152671
35926,,0.203924,-0.323533,-0.010122,-0.495262,0.396407,0.056583,-0.004872,-0.005943,-0.006065,0.39762,-0.107458,0.138724,0.240386,-0.380815,0.044324,,0.08698,-0.284974,0.113614,0.062136,0.13283,0.004165,0.165373
176900,,0.195164,-0.336013,0.007392,-0.52663,0.421326,0.03915,0.01186,-0.006532,0.008474,0.390998,-0.158757,0.142744,0.231949,-0.340971,0.049686,0.021137,0.161486,-0.367799,0.119144,0.033008,0.114048,-0.078235,0.162039
39726,,0.203664,-0.295007,0.265675,-0.396108,0.43435,0.04449,0.012935,-0.089711,-0.055418,0.398919,-0.154315,0.186955,0.228761,-0.332409,0.047019,,0.104941,-0.284734,0.070826,0.045746,0.17373,-0.073015,0.181204
