id,error,adch_ketC,adch_ketO,adch_carbC,adch_hydO,adch_hydH,adch_fukui_plus_ketC,adch_fukui_minus_ketC,adch_fukui_plus_carbC,adch_fukui_minus_carbC,qtaim_rho_CO_ket,qtaim_lap_CO_ket,qtaim_ell_CO_ket,qtaim_rho_CC_new,qtaim_lap_CC_new,qtaim_ell_CC_new,qtaim_rho_HB,ald_adch_CHO_C,ald_adch_CHO_O,ald_adch_fukui_plus_CHO_C,ald_adch_fukui_minus_CHO_C,ald_adch_fukui_minus_CHO_O,ald_qtaim_lap_CO,ald_qtaim_ell_CO
16022,,0.185658,-0.326743,0.000114,-0.538488,0.428761,0.130535,0.008962,0.009567,0.002343,0.397496,-0.138695,0.133953,0.242905,-0.389542,0.053429,,0.091162,-0.318369,0.138798,0.031929,0.105011,-0.050744,0.140001
193395,,0.276177,-0.317479,-0.016871,-0.498373,0.412979,0.010117,0.000388,-0.002727,0.003944,0.400445,-0.064354,0.145905,0.231183,-0.344121,0.045951,,0.108599,-0.31264,0.126802,0.069273,0.10841,-0.049837,0.162081
21048,,0.238554,-0.301542,0.02113,-0.507319,0.419323,0.064522,-0.010325,0.013081,0.007049,0.388351,-0.259576,0.169873,0.235659,-0.364322,0.052872,0.023802,0.097986,-0.274171,0.114813,-0.009657,0.111734,-0.184608,0.183761
176579,,0.201403,-0.303772,0.00115,-0.506492,0.408781,0.226539,0.022908,0.01753,0.019321,0.400115,-0.044621,0.141547,0.235186,-0.356162,0.038292,,0.276699,-0.346691,0.251439,-0.007523,0.159266,-0.005317,0.146796
121052,,,,,,,,,,,0.390817,-0.16978,0.129447,0.235818,-0.365263,0.01109,,0.330326,-0.421449,0.134623,0.00139,0.055769,-0.091432,0.159737
