id,dG_orca_kcal
HHPBASULRUAEBX-UHFFFAOYSA-N__DLDKHPYZQGLIRE-UHFFFAOYSA-N,1.5613110294327734
BDDIBWRHMDVPIN-UHFFFAOYSA-N__VMLYBYNXKMHLIJ-UHFFFAOYSA-N,2.7085138906829416
VMLYBYNXKMHLIJ-UHFFFAOYSA-N__BDDIBWRHMDVPIN-UHFFFAOYSA-N,1.628746513224148
FTUFDIMPMVKHBS-UHFFFAOYSA-N__QKQWCELDXZDZOV-UHFFFAOYSA-N,-3.7439833995055896
QKQWCELDXZDZOV-UHFFFAOYSA-N__FTUFDIMPMVKHBS-UHFFFAOYSA-N,2.498717049151204
HLANZWWBTJJTDY-UHFFFAOYSA-N__SHROGGPKNKIIHO-UHFFFAOYSA-N,-10.003479104155206
SHROGGPKNKIIHO-UHFFFAOYSA-N__HLANZWWBTJJTDY-UHFFFAOYSA-N,-4.059016608999631
MFEFAXLQZGNVQU-UHFFFAOYSA-N__PBINDANZCUXLSF-UHFFFAOYSA-N,2.9202121805275376
NUYNQYILQHTROB-AZEWMMITSA-N__QGDFHTIRDQKLOI-UHFFFAOYSA-N,-4.167710583730537
QGDFHTIRDQKLOI-UHFFFAOYSA-N__NUYNQYILQHTROB-AZEWMMITSA-N,-2.455680853087481
HVAXGLYKECRETN-UHFFFAOYSA-N__BFEXGNFZCNYWCG-WCTZXXKLSA-N,-3.6442484104178536
VDYRMZAMOUBBQF-UHFFFAOYSA-N__YUNPQAOWKVWRNR-JMSVASOKSA-N,5.67294086563338
LGSOEPYXMYEXGM-RFSCMCKOSA-N__BLJUHDHHUKVDNK-YYUAWURSSA-N,2.6246188407329067
RXXJVROZNZPDDB-IZZDOVSWSA-N__AQYQKDCDUUPLOK-MRVPVSSYSA-N,2.0016215013178207
LCZMGBIAUHAYSH-UHFFFAOYSA-N__KPRUBLIVKOIMJS-LOFWALOHSA-N,-0.2878320282830159
AQYQKDCDUUPLOK-MRVPVSSYSA-N__RXXJVROZNZPDDB-IZZDOVSWSA-N,11.176661125645824
WTBZQMQNMZJLJJ-UHFFFAOYSA-N__ZRHZPHJEMVVXRB-UHFFFAOYSA-N,1.285362387578298
UJKMAJGWQSTIRE-UHFFFAOYSA-N__GWVDNNYZZVXICN-UHFFFAOYSA-N,-0.7384794900332914
ZRHZPHJEMVVXRB-UHFFFAOYSA-N__WTBZQMQNMZJLJJ-UHFFFAOYSA-N,4.6703716532706405
GWVDNNYZZVXICN-UHFFFAOYSA-N__UJKMAJGWQSTIRE-UHFFFAOYSA-N,0.7539776267486467
QIPXYPDJWBPQTM-UHFFFAOYSA-N__KGZANVKYMKZKFJ-UHFFFAOYSA-N,0.2613761967406043
KGZANVKYMKZKFJ-UHFFFAOYSA-N__QIPXYPDJWBPQTM-UHFFFAOYSA-N,9.333069155002637
WZWLSVKXQRPNAH-UHFFFAOYSA-N__AXAAKJITASNNOH-HTOGSTSBSA-N,-4.436636985289333
AXAAKJITASNNOH-HTOGSTSBSA-N__WZWLSVKXQRPNAH-UHFFFAOYSA-N,4.495578498210826
WVBCPPBODCPLHM-UHFFFAOYSA-N__AOLPIEKVQXKVQJ-NWLBTCKQSA-N,3.358389371692401
AOLPIEKVQXKVQJ-NWLBTCKQSA-N__WVBCPPBODCPLHM-UHFFFAOYSA-N,0.6961836789749835
MPMBCMRXHZCQHX-UHFFFAOYSA-N__QNVKATBMQAEJSG-UHFFFAOYSA-N,-2.1117446351639124
QNVKATBMQAEJSG-UHFFFAOYSA-N__MPMBCMRXHZCQHX-UHFFFAOYSA-N,-1.879096157402172
MRADEDTVQZPRBO-UHFFFAOYSA-N__UJTKRTAWEQKHLE-KEDSGRIDSA-N,3.5599884903962424
GJFZGCMUAROKPQ-KDXUFGMBSA-N__YVVJCDNSWAFOPY-UHFFFAOYSA-N,-0.7605231338196198
MEVCGIMUVDPBLV-HOTGVXAUSA-N__RSCZLGDUXMXYBM-CDHQVMDDSA-N,4.5035062890931865
IVTZYADKRAUNCV-INIZCTEOSA-N__PXVUAZPBOAEWEK-LURJTMIESA-N,2.328185329569796
RSCZLGDUXMXYBM-CDHQVMDDSA-N__MEVCGIMUVDPBLV-HOTGVXAUSA-N,-3.5995443168761043
PXVUAZPBOAEWEK-LURJTMIESA-N__IVTZYADKRAUNCV-INIZCTEOSA-N,1.7703359511592485
GBRNSERMZPFELE-UHFFFAOYSA-N__SADTUYAPSYSRHV-UHFFFAOYSA-N,-1.5108737977321889
ONBRGPYFVXNHBX-UHFFFAOYSA-N__WVCVVOPZRGIURV-UHFFFAOYSA-N,-0.6487166850874975
WVCVVOPZRGIURV-UHFFFAOYSA-N__ONBRGPYFVXNHBX-UHFFFAOYSA-N,-4.361352818634234
IRTFEOOXYHOLAN-UHFFFAOYSA-N__VMQIZDOJIKKIDT-BPGUCPLFSA-N,3.718314438544332
KTKYAAQLYVHFIH-HVOFVXBASA-N__ICAIPPUGFUTBHQ-UHFFFAOYSA-N,-19.810757422898583
GQWTWUGSHKPKKE-UHFFFAOYSA-N__CVXNZMGDZSQVGP-VIFPVBQESA-N,7.134007971927658
CVXNZMGDZSQVGP-VIFPVBQESA-N__GQWTWUGSHKPKKE-UHFFFAOYSA-N,7.301090114080153
JZQSMVXPQPIPHS-UHFFFAOYSA-N__MNGHBEDUOQKDRY-UHFFFAOYSA-N,0.6436274922528141
MNGHBEDUOQKDRY-UHFFFAOYSA-N__JZQSMVXPQPIPHS-UHFFFAOYSA-N,11.891711825010526
MZPYQWAQAOIQBX-UHFFFAOYSA-N__VJCXBFMFEZXGDB-UHFFFAOYSA-N,8.117873557050382
DPMFEJUJXHWAJI-UHFFFAOYSA-N__ILLNQDHTWQZTDM-UHFFFAOYSA-N,5.707075723489781
PTSWTTMMJQPWKS-SFTDATJTSA-N__LFIUMOHGAWHPEA-UHFFFAOYSA-N,6.653189853701899
KUMFUECLVYOXGL-UHFFFAOYSA-N__JWHFDLLQZRVXHZ-HSZRJFAPSA-N,-5.095854584586185
DWOKSHDTRJAXAD-UHFFFAOYSA-N__SJAURTGSRMBPKL-UHFFFAOYSA-N,0.4040359805199547
JWHFDLLQZRVXHZ-HSZRJFAPSA-N__KUMFUECLVYOXGL-UHFFFAOYSA-N,8.634634922011209
NEWGZPIIFXUZQH-UHFFFAOYSA-N__GSVXWDUEOCCGOA-UHFFFAOYSA-N,2.0244673088911203
OUQBDPMAGCEKBV-UHFFFAOYSA-N__MFGWABPEZWYGGK-RXMQYKEDSA-N,-1.2021384925056102
MMUCNOFRPHNRKT-UHFFFAOYSA-N__UYZQZEFDCDBXGH-UHFFFAOYSA-N,5.612858014224207
UYZQZEFDCDBXGH-UHFFFAOYSA-N__MMUCNOFRPHNRKT-UHFFFAOYSA-N,8.103940770965414
VUQUHFIPBKCXJL-UHFFFAOYSA-N__WSJWUIDLGZAXID-HOCLYGCPSA-N,6.96263666039774
WSJWUIDLGZAXID-HOCLYGCPSA-N__VUQUHFIPBKCXJL-UHFFFAOYSA-N,4.685480978319814
DBHMTXCSPMZGHX-UHFFFAOYSA-N__MWOKPBMLGWJNBQ-UHFFFAOYSA-N,4.154215940444499
UVMWGTYRCNZLBW-UHFFFAOYSA-N__YBKNTTHSINFHOW-UHFFFAOYSA-N,7.507526345829254
PGIBYTRYKGDIDJ-UHFFFAOYSA-N__JJCDPUBBKIDNBD-UHFFFAOYSA-N,-4.465842847662138
JJCDPUBBKIDNBD-UHFFFAOYSA-N__PGIBYTRYKGDIDJ-UHFFFAOYSA-N,-0.4698864679054173
YESCCKUNYGXVFE-HOCLYGCPSA-N__FFTZBHLNPZMMTC-UHFFFAOYSA-N,1.4929551435835051
FFTZBHLNPZMMTC-UHFFFAOYSA-N__YESCCKUNYGXVFE-HOCLYGCPSA-N,2.402066394243526
FGLVLTNCWBFEHE-UHFFFAOYSA-N__KFQAFFYAEAARTJ-UHFFFAOYSA-N,-3.2670015215914745
KFQAFFYAEAARTJ-UHFFFAOYSA-N__FGLVLTNCWBFEHE-UHFFFAOYSA-N,1.1647381611739325
IFEAVQSDBJVCPI-UHFFFAOYSA-N__NSPDHYLZBDUHSG-UHFFFAOYSA-N,-2.701036974144129
VNOYFFZMYDIVDQ-KDBVAPGDSA-N__FVNASUYZANWJPM-UHFFFAOYSA-N,7.141453225540759
LWBFEDVQAXNLQJ-XGFXJRETSA-N__SZZUYHFHJSPLMT-UHFFFAOYSA-N,1.464179507457796
SZZUYHFHJSPLMT-UHFFFAOYSA-N__LWBFEDVQAXNLQJ-XGFXJRETSA-N,-1.0321838371895735
VTWOTLSGSGINRJ-UHFFFAOYSA-N__AIYSCACZBXJMCU-UHFFFAOYSA-N,8.245323770240367
AIFNYUSZXRBHHH-UHFFFAOYSA-N__QALXHNDLQQJYII-UHFFFAOYSA-N,11.108822128708496
AIYSCACZBXJMCU-UHFFFAOYSA-N__VTWOTLSGSGINRJ-UHFFFAOYSA-N,2.146321789922273
VGGWOCCGVGWFCQ-VQHVLOKHSA-N__XSBVCLJHHNORNA-LBPRGKRZSA-N,1.583364659831172
JQCORSZKALQZBY-UHFFFAOYSA-N__KEEMHCSHXIQTKW-KPKJPENVSA-N,-0.9577545311479916
KEEMHCSHXIQTKW-KPKJPENVSA-N__JQCORSZKALQZBY-UHFFFAOYSA-N,-1.008724107477868
QPUKHEJAUGWJKT-APROBQCTSA-N__ZOQYANWKSNFGCF-UHFFFAOYSA-N,5.226624618090854
ZOQYANWKSNFGCF-UHFFFAOYSA-N__QPUKHEJAUGWJKT-APROBQCTSA-N,0.8883983931480085
PNXZCWIRQQNXDD-UHFFFAOYSA-N__CSPHIJSXSYZRDY-UHFFFAOYSA-N,4.061045594125352
PNNNRSAQSRJVSB-FSIIMWSLSA-N__GEVCHRNZGFKCML-UHFFFAOYSA-N,0.586996682483904
CSBHVTRVCZIMMX-UHFFFAOYSA-N__GKEKEJAKZNNZPN-UHFFFAOYSA-N,2.478152775194009
XLYCASCOALLEHR-UHFFFAOYSA-N__ZNAWWXGCVLDPOE-UHFFFAOYSA-N,-1.7569750677079068
ZNAWWXGCVLDPOE-UHFFFAOYSA-N__XLYCASCOALLEHR-UHFFFAOYSA-N,-2.47267944525399
YWFUECKBUFORTA-JGVFFNPUSA-N__GOIQBWBMRRTFQY-JTQLQIEISA-N,-1.9230938857095168
DGVXFYWXCMGXSF-UHFFFAOYSA-N__XTVZBTQVYOBCSX-UHFFFAOYSA-N,-1.241180864574343
XTVZBTQVYOBCSX-UHFFFAOYSA-N__DGVXFYWXCMGXSF-UHFFFAOYSA-N,1.9890821586214835
PSPNSTXIPDWTEO-UHFFFAOYSA-N__GEOFYDUMDBGDOC-PKIAMQTDSA-N,-6.64369145068201
FWTJBSRLAFEZMM-UHFFFAOYSA-N__VOAHRWUEPMHQRP-UHFFFAOYSA-N,-1.770524494502846
HNWSUDZIIARMMQ-UHFFFAOYSA-N__KZVDGSDXQYHRFD-UHFFFAOYSA-N,12.955611496259705
RWYXPANDWSXVOD-AREMUKBSSA-N__VNLRTXPZFFRWIV-UHFFFAOYSA-N,0.7460131298751914
VNLRTXPZFFRWIV-UHFFFAOYSA-N__RWYXPANDWSXVOD-AREMUKBSSA-N,1.269663563527407
BJESSOFRDPVZBW-UHFFFAOYSA-N__NYQCIDHZNFBQAK-SCSAIBSYSA-N,-1.884519177715932
NYQCIDHZNFBQAK-SCSAIBSYSA-N__BJESSOFRDPVZBW-UHFFFAOYSA-N,-9.27197651676684
JASOGTNWCYAOGU-UHFFFAOYSA-N__UFKCTJKZCJAPRN-UHFFFAOYSA-N,4.5809086273187365
ONFLKLAKHVYHCV-UHFFFAOYSA-N__XPZJQDHITNHRBM-UHFFFAOYSA-N,1.3449425091962397
XPZJQDHITNHRBM-UHFFFAOYSA-N__ONFLKLAKHVYHCV-UHFFFAOYSA-N,2.1756195565633223
ZURZPPULRFXVLF-UHFFFAOYSA-N__KUZSVETULYBCPD-UHFFFAOYSA-N,-4.152042832484453
XUZGYTJNADQNAD-UHFFFAOYSA-N__IOFQZMOQISWOBW-UHFFFAOYSA-N,5.806730205268928
SKOMBTPCMSAQMG-TZHYSIJRSA-N__XUAHKXBPHAETTE-UHFFFAOYSA-N,-0.2324381416069879
XUAHKXBPHAETTE-UHFFFAOYSA-N__SKOMBTPCMSAQMG-TZHYSIJRSA-N,2.4497336992216674
XMFOLPKCKHQVMK-UHFFFAOYSA-N__DAMUXUOSEKYLAD-UHFFFAOYSA-N,1.3170579574196632
QFGLKZSEIYHSON-UHFFFAOYSA-N__ZCMMJWHYFSLNQB-UHFFFAOYSA-N,1.778656555679193
AZAPZDNVUWOGSQ-DIMJTDRSSA-N__GQUZONOOKMFGGO-UHFFFAOYSA-N,4.315604220437181
BKXJNPHRIWBGQS-UHFFFAOYSA-N__HEMASBZUWDBHHZ-LLVKDONJSA-N,3.3624230018820818
HEMASBZUWDBHHZ-LLVKDONJSA-N__BKXJNPHRIWBGQS-UHFFFAOYSA-N,3.089417956935205
CTAMJENKQZRDON-UHFFFAOYSA-N__NPALSCWRCKJVLK-UHFFFAOYSA-N,-14.653533765529463
NPALSCWRCKJVLK-UHFFFAOYSA-N__CTAMJENKQZRDON-UHFFFAOYSA-N,-7.214570417726487
MWIXVFIUXJHLDT-UHFFFAOYSA-N__YXIDDEUWQUOJOT-YBFXNURJSA-N,-2.7162411086584326
RSLPAYAJVSFQGE-QMMMGPOBSA-N__MKODBMWCZWXBRR-UHFFFAOYSA-N,2.928502028633658
MKODBMWCZWXBRR-UHFFFAOYSA-N__RSLPAYAJVSFQGE-QMMMGPOBSA-N,5.7270596803826725
YXIDDEUWQUOJOT-YBFXNURJSA-N__MWIXVFIUXJHLDT-UHFFFAOYSA-N,-0.7930873644145047
QNJIEENERXXWSN-GUXCAODWSA-N__MGMLSTZDSJOFFF-UHFFFAOYSA-N,-6.5617544945877935
MGMLSTZDSJOFFF-UHFFFAOYSA-N__QNJIEENERXXWSN-GUXCAODWSA-N,-1.6408400986927918
SKQGQRZMZWSVQB-UHFFFAOYSA-N__KGPQENVSPMPRMM-UHFFFAOYSA-N,-4.1991825884930645
KGPQENVSPMPRMM-UHFFFAOYSA-N__SKQGQRZMZWSVQB-UHFFFAOYSA-N,-10.3960453672221
YGYBPMFAFZHHFQ-UHFFFAOYSA-N__VYCZYHLXMWIJTC-UHFFFAOYSA-N,8.166354651454133
LKNWBEJTASVZQD-UHFFFAOYSA-N__NQDGTHDIIWHMAY-UHFFFAOYSA-N,0.8771605181611511
VXLJNCCHHWWOAY-UHFFFAOYSA-N__CSJYBVWYWVLITQ-UHFFFAOYSA-N,2.375706262163022
JGBGVSIJSXTHQF-UCROKIRRSA-N__WKYLEDPQJPTBLO-UHFFFAOYSA-N,-0.9585746623758162
FOLAJDRCRCRBKW-UHFFFAOYSA-N__ANZKSSJWPUCGOP-SECBINFHSA-N,9.109192026409051
TWDBAHYGZMPTCW-UHFFFAOYSA-N__GNTQICZXQYZQNE-VZLNHYCJSA-N,9.553149794761811
JIIYFBWMYGTPSB-MHZLTWQESA-N__XSKLSYMOCPQNLY-UHFFFAOYSA-N,4.688671785342272
OKPAGSRABFBSMH-HXUWFJFHSA-N__JGPUFOOIPFJNQW-SNAWJCMRSA-N,3.475503867572367
JJKFTLIGSMBVNI-UHFFFAOYSA-N__PCRAFMNDVPZTBB-KAZBMEALSA-N,-7.439682627211294
PCRAFMNDVPZTBB-KAZBMEALSA-N__JJKFTLIGSMBVNI-UHFFFAOYSA-N,-2.9152324332907127
XAEPVYIXMGLWCZ-YMBRHYMPSA-N__XRYFHDSQLRUXHE-FOJYNEPKSA-N,-2.8229346280268537
VKHFFKKBBPVWEY-UHFFFAOYSA-N__NKJUFCXHLUELFI-UHFFFAOYSA-N,-0.7665774686800533
NKJUFCXHLUELFI-UHFFFAOYSA-N__VKHFFKKBBPVWEY-UHFFFAOYSA-N,1.5236429689787323
XRYFHDSQLRUXHE-FOJYNEPKSA-N__XAEPVYIXMGLWCZ-YMBRHYMPSA-N,0.2244844934842791
DEMPGUJIVWDEKA-UHFFFAOYSA-N__LTENJJTXSIUPBX-UHFFFAOYSA-N,2.816880540215343
IGWAIBQXEQCUQJ-CGCSKFHYSA-N__RSJLLSAFRPSLNC-UHFFFAOYSA-N,2.944837118732271
WEQYVBXGHCNSAK-UHFFFAOYSA-N__GNGNPCFSQAQMKY-UHFFFAOYSA-N,8.212580959371898
GNGNPCFSQAQMKY-UHFFFAOYSA-N__WEQYVBXGHCNSAK-UHFFFAOYSA-N,6.441271515034419
FBJCCVJUJYKETO-UHFFFAOYSA-N__AMICIQSPZKUZLK-UHFFFAOYSA-N,6.314897832900548
OYEGIJFKCHMYHJ-UHFFFAOYSA-N__QBZJZFJPGCNIQT-UHFFFAOYSA-N,2.635588914972475
QBZJZFJPGCNIQT-UHFFFAOYSA-N__OYEGIJFKCHMYHJ-UHFFFAOYSA-N,5.8777189300507775
NJQIFWLBQYIRJZ-UHFFFAOYSA-N__BTMRTZQGZHCQLQ-UHFFFAOYSA-N,2.2264561314694475
KVOOZKISXYTWCJ-UHFFFAOYSA-N__UGJPFIJPPASNHU-UHFFFAOYSA-N,3.304859837752758
IDAHIBMEKOEBRG-YFKPBYRVSA-N__MSWRTDQJILIIPV-UHFFFAOYSA-N,-0.6625353038939759
PQRCQWDXQLUKDI-BHWOMJMDSA-N__PPJFRBMXXNTNHH-UHFFFAOYSA-N,3.1891943684155386
FWQQPVVDWOFCSM-SECBINFHSA-N__ZEUCXCWFMMQKDX-UHFFFAOYSA-N,-2.703685355864005
ZEUCXCWFMMQKDX-UHFFFAOYSA-N__FWQQPVVDWOFCSM-SECBINFHSA-N,-0.0168621027372718
DBWOUIYFZDEHEM-QVKFZJNVSA-N__IONRHFQTMBULNR-UHFFFAOYSA-N,6.807960481632141
YSXKAOXCJKNOTN-UCNVEGJOSA-N__BNBGNDPBGFQIKZ-GOSISDBHSA-N,5.1215948251186125
JYYURZXQGFQOHI-CUOXSNCUSA-N__GLYXZBDWCIRLOD-LPBNZCGVSA-N,7.469033710049015
ZKVFUYJCVDAPPI-UHFFFAOYSA-N__QVGNPVKFQCSYOY-UHFFFAOYSA-N,-0.7771217839562568
QVGNPVKFQCSYOY-UHFFFAOYSA-N__ZKVFUYJCVDAPPI-UHFFFAOYSA-N,-1.2615619918835612
ZMBCCWVVEFXSGJ-SFHVURJKSA-N__WGUKXZABYQIEQJ-UHFFFAOYSA-N,4.507576956075538
RJVOSZOVANHOIQ-UHFFFAOYSA-N__KCUURXMJIBRQQP-UHFFFAOYSA-N,-2.046160146488257
KCUURXMJIBRQQP-UHFFFAOYSA-N__RJVOSZOVANHOIQ-UHFFFAOYSA-N,-2.037749763191152
QRXHQHZJRQUFIF-UHFFFAOYSA-N__RLQHZPLPGPSZOY-UHFFFAOYSA-N,-1.2340669682007763
RLQHZPLPGPSZOY-UHFFFAOYSA-N__QRXHQHZJRQUFIF-UHFFFAOYSA-N,7.245824044367469
OXBONJSBSQFEEF-MRVPVSSYSA-N__LWOMBLLGGUDDFC-REZTVBANSA-N,5.615414363906674
QROCXZZKIIGDIB-RUZDIDTESA-N__MZIRIMASBFRWLS-UHFFFAOYSA-N,9.880415434144208
SFGVVKJVYWTKMB-UHFFFAOYSA-N__WJRLMCGKCQWDHQ-UHFFFAOYSA-N,-1.0008488366426036
WJRLMCGKCQWDHQ-UHFFFAOYSA-N__SFGVVKJVYWTKMB-UHFFFAOYSA-N,-0.998509874959821
IKQUFUXUFJCPDT-KAVNDROISA-N__VSAGOGCAMQUZLN-SXEFJBAOSA-N,5.492077576139063
VSAGOGCAMQUZLN-SXEFJBAOSA-N__IKQUFUXUFJCPDT-KAVNDROISA-N,9.312463025264968
CVWAVGXPMGINDA-UHFFFAOYSA-N__OEGCVYIEXVDDRA-UHFFFAOYSA-N,2.391715853284725
JDMRZTVPHYCKFK-SSDOTTSWSA-N__HXHDONIUIOOCOB-UHFFFAOYSA-N,0.2962590645180999
AZROOENWIZRJIO-UHFFFAOYSA-N__HMFFYJVFQGWGJN-UHFFFAOYSA-N,1.9516516542909663
HHNIRKNLOCWPKT-FIXSFTCYSA-N__FCKQJZOOWSGXQF-UHFFFAOYSA-N,6.928156453971759
JVXQPBNNBVIELJ-UHFFFAOYSA-N__GMJJPFRYJBOKAH-UHFFFAOYSA-N,0.003823761737134
YQMDWEUEWIIARY-IEBDPFPHSA-N__ILGJWMYHDJLEJB-UHFFFAOYSA-N,6.4052946248802325
ILGJWMYHDJLEJB-UHFFFAOYSA-N__YQMDWEUEWIIARY-IEBDPFPHSA-N,4.175716498502197
JVONTDDAZGEEFP-UHFFFAOYSA-N__QPUOVWMSNKRPBF-APPZFPTMSA-N,6.377789209376632
QPUOVWMSNKRPBF-APPZFPTMSA-N__JVONTDDAZGEEFP-UHFFFAOYSA-N,-0.0956418691892092
OCDCSGMOMPZWIB-UHFFFAOYSA-N__YSJHXIOTVWOVFL-UHFFFAOYSA-N,3.7463756955766336
YSJHXIOTVWOVFL-UHFFFAOYSA-N__OCDCSGMOMPZWIB-UHFFFAOYSA-N,4.478258456158594
UCOPVNMEAHJEPP-GOSISDBHSA-N__CCMHKWPNIQOQER-QMMMGPOBSA-N,3.7325720839043055
SIQCRKPQRNZNQY-YVYGCQPASA-N__VSXXCUHFPOIFLW-RNFRBKRXSA-N,14.406672743068462
GWYCRJDSTMAMCR-UHFFFAOYSA-N__MUFLUWCRMWWJNH-UHFFFAOYSA-N,1.3160901881003122
MUFLUWCRMWWJNH-UHFFFAOYSA-N__GWYCRJDSTMAMCR-UHFFFAOYSA-N,3.802594826815344
KKPZOORNOMLKJN-UHFFFAOYSA-N__WASIEJCSDPOPOG-UHFFFAOYSA-N,2.154650384402465
QJGGICTVRUEPHK-UHFFFAOYSA-N__WXMZIEQBEIEDIC-UHFFFAOYSA-N,4.107009128666505
FRJBIMCKYLRDPN-NBANWCDVSA-N__NSSIBNDGGXMPIG-UHFFFAOYSA-N,5.052846957736478
NSSIBNDGGXMPIG-UHFFFAOYSA-N__FRJBIMCKYLRDPN-NBANWCDVSA-N,3.869391619727089
HAGLHNRCWNTOLE-AWEZNQCLSA-N__MMFQUQGIZGDGHK-UHFFFAOYSA-N,-1.0547082107145334
MMFQUQGIZGDGHK-UHFFFAOYSA-N__HAGLHNRCWNTOLE-AWEZNQCLSA-N,2.09037706625956
MPBRJUVYZHOCKM-UHFFFAOYSA-N__LDLPXYSLNFGDNY-UHFFFAOYSA-N,0.2074875468362396
LDLPXYSLNFGDNY-UHFFFAOYSA-N__MPBRJUVYZHOCKM-UHFFFAOYSA-N,-2.937781939388692
WNGCKHAUEQZELL-DHIUTWEWSA-N__OTVKNTOKCUQMBW-WJDWOHSUSA-N,8.32283318487673
VQLYAWSCAQAXIE-UHFFFAOYSA-N__QKVANWAMRDGNCB-HNQUOIGGSA-N,-0.1686481643022335
AJDFGSKDPDCVJT-AWUSXSSMSA-N__IJMWATVGXSFAPI-WTQRLHSKSA-N,-10.03444362791129
JUWIEFLKUUUYDC-KBPLZSHQSA-N__UFHGAVBAFLTNGL-UHFFFAOYSA-N,4.354561220302513
YBUWNQQEMJWYOU-UHFFFAOYSA-N__AVJKIZPFXSNQGR-UHFFFAOYSA-N,6.213039584732426
KBYGRVPHPPULAZ-UHFFFAOYSA-N__CIJDIUWVFVOEQO-VIFPVBQESA-N,-1.466964577572964
IODALEMIQSPMTO-UHFFFAOYSA-N__YRMHYXNLJWSXPV-UHFFFAOYSA-N,3.9137224194924416
NAJIHPZYGYKJFU-GLGOKHISSA-N__FPRFCVYABRWARQ-ACXHZZMFSA-N,6.089578676175814
FPRFCVYABRWARQ-ACXHZZMFSA-N__NAJIHPZYGYKJFU-GLGOKHISSA-N,-0.8061910040904715
LPDCYGMAGIUPEX-OXQOHEQNSA-N__OZGRFPZYTKHWMZ-SSDOTTSWSA-N,0.8922577789046832
DOBNBRNXWCUUQW-QYNIQEEDSA-N__VEHPBCFRFOQIHD-UHFFFAOYSA-N,0.0490944210707856
VEHPBCFRFOQIHD-UHFFFAOYSA-N__DOBNBRNXWCUUQW-QYNIQEEDSA-N,1.797282087708414
IWPMLMOAVQTZIL-UHFFFAOYSA-N__XQAJDQXVKKNFGO-UHFFFAOYSA-N,-10.03783463940742
SQXZCXNLZWAFNZ-UHFFFAOYSA-N__BMZRMCZALYRPDO-UHFFFAOYSA-N,2.7144771820583564
HNQYPCNEHPSVSL-YKSBVNFPSA-N__QMAUWOGQOJGUJB-UHFFFAOYSA-N,13.403466954045523
QMAUWOGQOJGUJB-UHFFFAOYSA-N__HNQYPCNEHPSVSL-YKSBVNFPSA-N,10.151097151403231
SXPSEXQCYCESNL-UHFFFAOYSA-N__IDQWGCLDHGYJKZ-UHFFFAOYSA-N,1.301778960589758
IDQWGCLDHGYJKZ-UHFFFAOYSA-N__SXPSEXQCYCESNL-UHFFFAOYSA-N,3.94628828675969
AAMZJKGABLTRPA-GRDNDAEWSA-N__UEMDVAXTMKGPQM-UHFFFAOYSA-N,-2.3493891589708418
KNPRUYSBGIPQQJ-UHFFFAOYSA-N__RZMJADJBFVRIFD-UHFFFAOYSA-N,4.501626110244414
RZMJADJBFVRIFD-UHFFFAOYSA-N__KNPRUYSBGIPQQJ-UHFFFAOYSA-N,5.957439431764208
OIJYXIQKCKMBHW-UHFFFAOYSA-N__WCWBJHIPYOABCF-FRFSOERESA-N,2.756036357861609
CIJOWIFHFMNGAF-UHFFFAOYSA-N__RHLROUYSHDNBEQ-UHFFFAOYSA-N,2.105346790867956
JHYNRTOWQBGWSF-UHFFFAOYSA-N__UVFUODFJJIRUOY-GXSJLCMTSA-N,1.9910465277910383
OKNKTICXHOFSKZ-UHFFFAOYSA-N__UIONBCYKDFBKNE-UHFFFAOYSA-N,7.441741570175717
UIONBCYKDFBKNE-UHFFFAOYSA-N__OKNKTICXHOFSKZ-UHFFFAOYSA-N,6.51452426163734
CRQDBRRXNFKMOF-UHFFFAOYSA-N__BHGKCONBEYDQIQ-UHFFFAOYSA-N,4.007025389278311
OOJQGNQBEQFBGK-UHFFFAOYSA-N__GBQCODYBNPUEQE-UHFFFAOYSA-N,5.163196541918885
GBQCODYBNPUEQE-UHFFFAOYSA-N__OOJQGNQBEQFBGK-UHFFFAOYSA-N,-0.1711170543142076
XBDISJHMFAIUJS-UHFFFAOYSA-N__ANILYRSUQMBFQB-UHFFFAOYSA-N,1.8186426246002336
JQAOVDABBORYGW-UHFFFAOYSA-N__KDOZFOMLKAZAQD-UHFFFAOYSA-N,10.655478760815818
KDOZFOMLKAZAQD-UHFFFAOYSA-N__JQAOVDABBORYGW-UHFFFAOYSA-N,7.703546314686067
WIEFWLAWEUALNK-UHFFFAOYSA-N__RGVHGGLFANJEPO-UHFFFAOYSA-N,-1.8181793531519608
XROMMMJXLWJLKH-UHFFFAOYSA-N__DOFUJEDHYCYSRV-UHFFFAOYSA-N,-2.566162308888905
DNIQYWJDPTUBHN-MRXNPFEDSA-N__WHCWHLDTJMWFPF-UHFFFAOYSA-N,-1.899755511950524
WHCWHLDTJMWFPF-UHFFFAOYSA-N__DNIQYWJDPTUBHN-MRXNPFEDSA-N,-1.623337587575797
SRVGLTOBZGHWMD-UHFFFAOYSA-N__DXQLRXVWGGQHNN-UHFFFAOYSA-N,0.1652205298542655
DXQLRXVWGGQHNN-UHFFFAOYSA-N__SRVGLTOBZGHWMD-UHFFFAOYSA-N,5.037491121771549
VGLVKRYEARPNIW-UHFFFAOYSA-N__UWCGPAYEXSULJT-VGOFRKELSA-N,2.546892988411241
SJYXKPAUQJJKMN-UHFFFAOYSA-N__IUWALDZCOLQEAC-OWCLPIDISA-N,3.2422642780709703
TWFMOOQBOOBVCL-UHFFFAOYSA-N__IDZZUIFSNAQJLC-UHFFFAOYSA-N,0.7430584241841219
AOZGZNMWZJRYEF-UHFFFAOYSA-N__OKLQIXUUOMWDSS-UHFFFAOYSA-N,-2.8627037300656784
OKLQIXUUOMWDSS-UHFFFAOYSA-N__AOZGZNMWZJRYEF-UHFFFAOYSA-N,-8.668183169119631
NSTLAFKUPUOFBO-DAFXYXGESA-N__MDVWLSQVKUESGE-UHFFFAOYSA-N,-0.5879280463657593
RQAHEFDNYFGUML-UHFFFAOYSA-N__XVVHPNCSTUWBSY-UHFFFAOYSA-N,-1.2023833277619296
XVVHPNCSTUWBSY-UHFFFAOYSA-N__RQAHEFDNYFGUML-UHFFFAOYSA-N,-3.183983719538729
KAYICJKNGFCHMY-UHFFFAOYSA-N__PYMYPHUHKUWMLA-OVEKKEMJSA-N,0.417462100153664
YTRWKYMBFCPMQW-UHFFFAOYSA-N__QQQNSMCUQGCKBE-MUAVYFROSA-N,2.2496936528382148
VFPUCPVAZOMVLI-OSMVPFSASA-N__HIVQUNZRZVIVAF-UHFFFAOYSA-N,-2.0590104171974715
GCJFSMTUUKUGRS-GOEBONIOSA-N__YODRTCBONYVDAP-APPZFPTMSA-N,5.959156124507819
OPVSKDMFTFIOBW-YFKPBYRVSA-N__XAWBFNYMNMZYAR-UHFFFAOYSA-N,-0.3669269732306159
XAWBFNYMNMZYAR-UHFFFAOYSA-N__OPVSKDMFTFIOBW-YFKPBYRVSA-N,0.3299780059886188
ISKQXGFGMAQMHF-UHFFFAOYSA-N__AONDKFPREGDQJU-UHFFFAOYSA-N,-5.991254999254941
FVTQNKVLOPTSSS-UHFFFAOYSA-N__FDEZPWPLBRQMBM-RTKIROINSA-N,-5.6373016771605045
XNSODZCYFSZGBB-UHFFFAOYSA-N__YRSXFQHXSXZQRF-UHFFFAOYSA-N,-2.3721554065180035
YRSXFQHXSXZQRF-UHFFFAOYSA-N__XNSODZCYFSZGBB-UHFFFAOYSA-N,3.247167471531042
DVBKQARKBXOSRK-UHFFFAOYSA-N__GEQCKHGKYVHXMW-UHFFFAOYSA-N,-1.3703631649446024
IQXHMGSFXYBOKQ-UHFFFAOYSA-N__HYSFKXWXWJAQGO-UHFFFAOYSA-N,5.689276689245428
DFBZIDNPIPZLGT-JQVVWYNYSA-N__SQTFKIKSQNCWGJ-BXKVDMCESA-N,-9.753948828656368
SQTFKIKSQNCWGJ-BXKVDMCESA-N__DFBZIDNPIPZLGT-JQVVWYNYSA-N,-4.034782937647973
DUEDPNZFEOCSHI-UHFFFAOYSA-N__UFXCMYYHMGNRSQ-UHFFFAOYSA-N,-4.882615432202565
UFXCMYYHMGNRSQ-UHFFFAOYSA-N__DUEDPNZFEOCSHI-UHFFFAOYSA-N,-1.537203155349958
RPBLGJIZWYOXAD-UHFFFAOYSA-N__UBFWZBBMHVFOEH-UHFFFAOYSA-N,2.134643740884973
DXALFJQMSCILFR-UHFFFAOYSA-N__MEPVKWLQCNICCR-VHSXEESVSA-N,2.2048493179766817
YADBDZBOLNBCDX-UHFFFAOYSA-N__JTYSWSSEXVZNLW-UHFFFAOYSA-N,3.1776424124209286
MEPVKWLQCNICCR-VHSXEESVSA-N__DXALFJQMSCILFR-UHFFFAOYSA-N,0.5923577488417991
JTYSWSSEXVZNLW-UHFFFAOYSA-N__YADBDZBOLNBCDX-UHFFFAOYSA-N,6.280870605335364
SZSNZKMXTIESOR-UHFFFAOYSA-N__JTGLYPAHWQHKAI-UHFFFAOYSA-N,-0.833927584263042
JTGLYPAHWQHKAI-UHFFFAOYSA-N__SZSNZKMXTIESOR-UHFFFAOYSA-N,0.0625213867917683
LIZUIBKSMYQCGF-UHFFFAOYSA-N__XRDRLUFTCNGXMN-UHFFFAOYSA-N,2.9949760764898268
FCJWRVKJNYBSAG-UHFFFAOYSA-N__IEPNFZPCUOWUQX-UHFFFAOYSA-N,6.141247774706078
XRDRLUFTCNGXMN-UHFFFAOYSA-N__LIZUIBKSMYQCGF-UHFFFAOYSA-N,-0.5146107196548059
LTVMIUHTQIUJKI-GFCCVEGCSA-N__WUJTYXOVIWCQMZ-UHFFFAOYSA-N,1.1984693400198836
GAZBSMBYRZHGGS-UHFFFAOYSA-N__HNYKSEQGRXPQMT-UHFFFAOYSA-N,-1.897049470738412
NWPFYBXYZWNMJY-NKWVEPMBSA-N__RMCINNSDZHVFOY-UHFFFAOYSA-N,2.286331749638366
ROPPEEGNCVNAFI-UHFFFAOYSA-N__HCFSAGANLCYBNQ-INIZCTEOSA-N,3.1524548173332283
HCFSAGANLCYBNQ-INIZCTEOSA-N__ROPPEEGNCVNAFI-UHFFFAOYSA-N,0.5258722659663163
RMCINNSDZHVFOY-UHFFFAOYSA-N__NWPFYBXYZWNMJY-NKWVEPMBSA-N,-1.2502314045651768
LLXFVGUYUVLJFZ-LLVKDONJSA-N__JOZUAQLZAYXPAO-UHFFFAOYSA-N,-4.525157262420444
BOVQYAABTOTQEA-UHFFFAOYSA-N__JWAVLQHTIOGWIE-ZDUSSCGKSA-N,-0.3007003370592556
JWAVLQHTIOGWIE-ZDUSSCGKSA-N__BOVQYAABTOTQEA-UHFFFAOYSA-N,-1.125392692607391
HGBPOPCEDHDPKL-UHFFFAOYSA-N__SCPOTVZQCCZBTL-UHFFFAOYSA-N,12.57679736480626
SCPOTVZQCCZBTL-UHFFFAOYSA-N__HGBPOPCEDHDPKL-UHFFFAOYSA-N,7.455769032570512
QMBDQSXXSRHQLR-UHFFFAOYSA-N__KDYISTMVYQDPBM-UHFFFAOYSA-N,4.587122867965445
CITBQMJWUIHSSB-UHFFFAOYSA-N__QDTMNWPEQQGWQT-YSSFQJQWSA-N,-0.4592081857670921
QDTMNWPEQQGWQT-YSSFQJQWSA-N__CITBQMJWUIHSSB-UHFFFAOYSA-N,-0.8935394337257013
KNVSDPMDAJMCKU-SECBINFHSA-N__GRRZEQSZVAAYMN-UHFFFAOYSA-N,4.249801456226279
GRRZEQSZVAAYMN-UHFFFAOYSA-N__KNVSDPMDAJMCKU-SECBINFHSA-N,7.011021677810591
OATMELRNSTUUGF-UHFFFAOYSA-N__YNPPOGYDRSOCHT-UHFFFAOYSA-N,1.2935865288035828
YNPPOGYDRSOCHT-UHFFFAOYSA-N__OATMELRNSTUUGF-UHFFFAOYSA-N,3.192139134079276
YLLSMOJRPONBJO-UHFFFAOYSA-N__LKBXAYNIPGUYJQ-UHFFFAOYSA-N,6.600188673727467
LKBXAYNIPGUYJQ-UHFFFAOYSA-N__YLLSMOJRPONBJO-UHFFFAOYSA-N,11.161090789150212
BHZVTVMUYWEAAX-UHFFFAOYSA-N__ORYMRBHLECWANP-UHFFFAOYSA-N,1.5441063999625246
ORYMRBHLECWANP-UHFFFAOYSA-N__BHZVTVMUYWEAAX-UHFFFAOYSA-N,4.064359255623812
GTRSVESXWXALDH-UHFFFAOYSA-N__QVHGWBNLHFUUNP-UHFFFAOYSA-N,3.603699587163996
QVHGWBNLHFUUNP-UHFFFAOYSA-N__GTRSVESXWXALDH-UHFFFAOYSA-N,0.0947273995870898
KBSVAZCLQHOLKP-UHFFFAOYSA-N__SZAXXUAOMZGPRC-UHFFFAOYSA-N,5.3028565946097
SZAXXUAOMZGPRC-UHFFFAOYSA-N__KBSVAZCLQHOLKP-UHFFFAOYSA-N,4.573160524756127
IWRIUASFELJVIF-UHFFFAOYSA-N__DFSGZTKGZSLNEC-SOUVJXGZSA-N,6.555869939765886
DFSGZTKGZSLNEC-SOUVJXGZSA-N__IWRIUASFELJVIF-UHFFFAOYSA-N,9.573353443137696
VEYSHCIOUKHOQJ-UHFFFAOYSA-N__APRIJBGPADMXGB-UHFFFAOYSA-N,4.05416381558872
APRIJBGPADMXGB-UHFFFAOYSA-N__VEYSHCIOUKHOQJ-UHFFFAOYSA-N,2.029118304423444
QEILPIZYOWNSEU-UHFFFAOYSA-N__ODEDBOWPLOKJCT-UHFFFAOYSA-N,0.5024702162213024
ODEDBOWPLOKJCT-UHFFFAOYSA-N__QEILPIZYOWNSEU-UHFFFAOYSA-N,5.008919530578131
QCQKOZDRNYRYGJ-LUNZSTNZSA-N__VXDQGXJBFCGCSC-UHFFFAOYSA-N,2.5049705239919486
VXDQGXJBFCGCSC-UHFFFAOYSA-N__QCQKOZDRNYRYGJ-LUNZSTNZSA-N,3.077980844803545
MEKYVFCPMGDGMH-UHFFFAOYSA-N__BFGQUCURJSWPCF-SLPGGIOYSA-N,10.093294855259334
OSAYYCODSRNXSX-UHFFFAOYSA-N__QCZDOBUYIZRDOS-UHFFFAOYSA-N,3.391240925892024
BFGQUCURJSWPCF-SLPGGIOYSA-N__MEKYVFCPMGDGMH-UHFFFAOYSA-N,10.51610999150379
QCZDOBUYIZRDOS-UHFFFAOYSA-N__OSAYYCODSRNXSX-UHFFFAOYSA-N,3.798499408427285
QELCQLRQTBYFDI-UHFFFAOYSA-N__DDNPZMCJAICPTR-UHFFFAOYSA-N,2.542469496900648
RRYMMKHSECYXTG-UHFFFAOYSA-N__QLCNOXACUXKEIJ-UHFFFAOYSA-N,3.9651484920091633
QLCNOXACUXKEIJ-UHFFFAOYSA-N__RRYMMKHSECYXTG-UHFFFAOYSA-N,3.0365406866559925
HHHCMJSKBUSOJG-XGFWRYKXSA-N__UFPQWAPBOYLVOY-UHFFFAOYSA-N,1.7029811400059105
UFPQWAPBOYLVOY-UHFFFAOYSA-N__HHHCMJSKBUSOJG-XGFWRYKXSA-N,3.713424674615209
IGASBOPICDZLDA-UHFFFAOYSA-N__JNNXAZNPVXHUOO-UHFFFAOYSA-N,11.048126682290896
JNNXAZNPVXHUOO-UHFFFAOYSA-N__IGASBOPICDZLDA-UHFFFAOYSA-N,6.546313661094873
KKODYPRBJPRYEE-UHFFFAOYSA-N__MIBCNTLYOALACU-UHFFFAOYSA-N,2.341523372089053
MIBCNTLYOALACU-UHFFFAOYSA-N__KKODYPRBJPRYEE-UHFFFAOYSA-N,-5.01859834151999
QTALJYOCWVOHIU-QFIPXVFZSA-N__FQPAEEIJTFMYPY-BYPYZUCNSA-N,0.6620608623815434
FQPAEEIJTFMYPY-BYPYZUCNSA-N__QTALJYOCWVOHIU-QFIPXVFZSA-N,-2.2912064506457965
ONYZNOAMLXOWBE-UHFFFAOYSA-N__CWULVKODASMJBY-UHFFFAOYSA-N,3.0913119130953195
BEZIJWSTACDUFO-UHFFFAOYSA-N__WNPUSMVNRHDNHG-UHFFFAOYSA-N,4.2814206810304665
WNPUSMVNRHDNHG-UHFFFAOYSA-N__BEZIJWSTACDUFO-UHFFFAOYSA-N,2.8006113160134625
CWULVKODASMJBY-UHFFFAOYSA-N__ONYZNOAMLXOWBE-UHFFFAOYSA-N,2.9748707895404847
BWPSVQXAXDBPMQ-UHFFFAOYSA-N__HXGLRUQNVNWRAE-UHFFFAOYSA-N,4.857838187302313
HXGLRUQNVNWRAE-UHFFFAOYSA-N__BWPSVQXAXDBPMQ-UHFFFAOYSA-N,5.389768113408994
IJMWATVGXSFAPI-WTQRLHSKSA-N__LTQFWVFZCOJHPR-UHFFFAOYSA-N,-6.430709516676879
NXGJUTFZCDKORT-SECBINFHSA-N__KJZCRXGCKLLECU-UHFFFAOYSA-N,1.5705894979157664
QOEFBMMCCQGUFW-UHFFFAOYSA-N__VTWLJEYISJRGTH-UHFFFAOYSA-N,-5.0686888507222605
VTWLJEYISJRGTH-UHFFFAOYSA-N__QOEFBMMCCQGUFW-UHFFFAOYSA-N,3.425712635704146
GECSOHWDIWKMKJ-UHFFFAOYSA-N__JLESQNOMDCCBRA-UHFFFAOYSA-N,4.235478474523185
QFUFLVLIJFDNNG-FXBPXSCXSA-N__MWQMGGIEQKDMFH-UHFFFAOYSA-N,-3.151669181069275
OMECBHHORGRINN-JTQLQIEISA-N__IZKSFQWIDMWHCJ-UHFFFAOYSA-N,0.6471070303740127
IZKSFQWIDMWHCJ-UHFFFAOYSA-N__OMECBHHORGRINN-JTQLQIEISA-N,-3.4177056906464487
XAGYMTVSLHHPCT-HNNXBMFYSA-N__FJAMGODZOIZEKG-HYARGMPZSA-N,5.480967567125833
FJAMGODZOIZEKG-HYARGMPZSA-N__XAGYMTVSLHHPCT-HNNXBMFYSA-N,2.751841750722044
QQWPBGXVOHRBNO-KRWDZBQOSA-N__ZDTDUZHOOLHUGH-UHFFFAOYSA-N,5.683010286747593
ANRHJSMFOLWBDQ-UHFFFAOYSA-N__FHWYIXBLTXSROR-UHFFFAOYSA-N,-1.167431942324629
RHPZKIABLSLIJM-UHFFFAOYSA-N__GIDSRCNDPMTLCS-QPJJXVBHSA-N,5.755732477596553
PRAMPWQGAXZVDN-LURJTMIESA-N__XDCAXWMVBPTODT-UHFFFAOYSA-N,2.9184716176358982
FHWYIXBLTXSROR-UHFFFAOYSA-N__ANRHJSMFOLWBDQ-UHFFFAOYSA-N,-6.583606630443447
XDCAXWMVBPTODT-UHFFFAOYSA-N__PRAMPWQGAXZVDN-LURJTMIESA-N,-0.945088534608622
ZPOPZQNXMXZBCK-AWEZNQCLSA-N__SSVLQZQUBQIFQF-UHFFFAOYSA-N,-1.4390545798286476
CDWVEXHOYQSRJO-UHFFFAOYSA-N__TYNGWHPMOHXNHH-UHFFFAOYSA-N,0.7415600124689049
TYNGWHPMOHXNHH-UHFFFAOYSA-N__CDWVEXHOYQSRJO-UHFFFAOYSA-N,-1.4867445637980548
HACQIPPGKOOETQ-UHFFFAOYSA-N__MUFLUWCRMWWJNH-UHFFFAOYSA-N,3.4797962214767555
MUFLUWCRMWWJNH-UHFFFAOYSA-N__HACQIPPGKOOETQ-UHFFFAOYSA-N,-1.7114546599619052
ZCOXUYADDKQNAP-UHFFFAOYSA-N__CLMYXSXOZCKRFD-UHFFFAOYSA-N,-4.707204467639959
CUAPXTUXPBMDNT-UHFFFAOYSA-N__TYWLYHNCPHBGLQ-UHFFFAOYSA-N,12.823928043842068
QVESQJFDDKJGGX-UHFFFAOYSA-N__SFSKIYGNOLDDSU-UHFFFAOYSA-N,5.798540547700193
UDDZOYUEAAVSOX-UHFFFAOYSA-N__UMEBYMXTCXKKDU-UHFFFAOYSA-N,4.683317030681294
TYWLYHNCPHBGLQ-UHFFFAOYSA-N__CUAPXTUXPBMDNT-UHFFFAOYSA-N,13.499680863125686
GJPBJDRVNHKBOO-UHFFFAOYSA-N__VMCZDXQWQDRERZ-SNVBAGLBSA-N,-3.3954651848235464
PAWJNQVGJMVZMK-UHFFFAOYSA-N__YAVHZNJAESWACC-FLYGSYRRSA-N,-1.3840893749694143
YAVHZNJAESWACC-FLYGSYRRSA-N__PAWJNQVGJMVZMK-UHFFFAOYSA-N,4.139212634589415
VLAFSCYAHZZNJZ-YOEHRIQHSA-N__PFFFDBJDGFKRDD-UHFFFAOYSA-N,0.8387279493695408
YABJOGBGPONFRJ-UHFFFAOYSA-N__KARNWFXMLNSIDP-GFCCVEGCSA-N,10.88777178903858
SRMRXNNXDBBSNL-HXUWFJFHSA-N__XOYJRJGAUOTAGE-UHFFFAOYSA-N,6.080063479893019
XOYJRJGAUOTAGE-UHFFFAOYSA-N__SRMRXNNXDBBSNL-HXUWFJFHSA-N,5.024121883030032
UKBLVSCHMCLGNC-UHFFFAOYSA-N__XJKRAZDUJSUQBC-UHFFFAOYSA-N,5.793044991561144
VGPOVTDTADYLOB-UHFFFAOYSA-N__OCVJDDLXGZMFPC-UHFFFAOYSA-N,2.281829488401367
OCVJDDLXGZMFPC-UHFFFAOYSA-N__VGPOVTDTADYLOB-UHFFFAOYSA-N,-5.372357065396356
QZUYOLXSBQPTQE-UHFFFAOYSA-N__XHIHGJUVBYKBIQ-XCLFUZPHSA-N,-5.1878953023083225
XHIHGJUVBYKBIQ-XCLFUZPHSA-N__QZUYOLXSBQPTQE-UHFFFAOYSA-N,-2.379458460754204
DXRMOTNUDIRBDQ-UHFFFAOYSA-N__MALVIDYNRTYJNC-UHFFFAOYSA-N,-0.8430207312043262
MALVIDYNRTYJNC-UHFFFAOYSA-N__DXRMOTNUDIRBDQ-UHFFFAOYSA-N,1.8118672296245344
ZZEAXSVHLYHJBB-DTWKUNHWSA-N__ZSHRNUXGUODAEH-UHFFFAOYSA-N,4.919061315951754
ZSHRNUXGUODAEH-UHFFFAOYSA-N__ZZEAXSVHLYHJBB-DTWKUNHWSA-N,-6.308039661411619
YHWXUZDCRGBWQG-UGSOOPFHSA-N__LMBNWNOCSFGYTI-UHFFFAOYSA-N,-5.856563586444272
LMBNWNOCSFGYTI-UHFFFAOYSA-N__YHWXUZDCRGBWQG-UGSOOPFHSA-N,-7.50251216241236
LNKRTPMKIUMNRX-VPHXOMNUSA-N__ZWEOHKMEKGYZOJ-KRWDZBQOSA-N,3.331112335689708
ORCYZDUIKKBWRR-UHFFFAOYSA-N__UNMQNRSKTRZURS-SCSAIBSYSA-N,-2.8522029723396654
UNMQNRSKTRZURS-SCSAIBSYSA-N__ORCYZDUIKKBWRR-UHFFFAOYSA-N,4.176217151170573
LVLXWMJNVAVFID-OVMLJTRSSA-N__ORYGZIGZBNULNU-UHFFFAOYSA-N,2.6071948979507185
ORYGZIGZBNULNU-UHFFFAOYSA-N__LVLXWMJNVAVFID-OVMLJTRSSA-N,-0.6023513279341269
VUDVVWRFVHGPGC-PBHICJAKSA-N__RZBPVJLXOJPDLM-UHFFFAOYSA-N,4.321366102449295
VTTMAPMPQGAJEZ-UHFFFAOYSA-N__LISMJUFOWLEDQI-UHFFFAOYSA-N,3.4654456362120336
LISMJUFOWLEDQI-UHFFFAOYSA-N__VTTMAPMPQGAJEZ-UHFFFAOYSA-N,4.919191194771286
AAPZLZBELODCSI-UHFFFAOYSA-N__KKAAMPPUIIKDFE-UHFFFAOYSA-N,3.131354662587048
GOVCEDZKNNIOCW-ZACQAIPSSA-N__JPDFVJNIRGMWND-UHFFFAOYSA-N,-1.1825134231481431
KKAAMPPUIIKDFE-UHFFFAOYSA-N__AAPZLZBELODCSI-UHFFFAOYSA-N,5.757045239358361
JPDFVJNIRGMWND-UHFFFAOYSA-N__GOVCEDZKNNIOCW-ZACQAIPSSA-N,-7.54494217632408
HSHFKSCPDSBLHP-UHFFFAOYSA-N__UCGYKIRAXIWRAJ-YPKPFQOOSA-N,4.4265730894246405
BAFUAIMGXGRJNV-UHFFFAOYSA-N__AONPNXIWTSYSGN-UHFFFAOYSA-N,1.4784866179618956
ZCMVOWSIJJWZIV-UHFFFAOYSA-N__HPHOGHYXBPADAY-UHFFFAOYSA-N,1.7655980651748426
HPHOGHYXBPADAY-UHFFFAOYSA-N__ZCMVOWSIJJWZIV-UHFFFAOYSA-N,0.8511992573036075
AONPNXIWTSYSGN-UHFFFAOYSA-N__BAFUAIMGXGRJNV-UHFFFAOYSA-N,0.6950851918114445
SCIXVAYRBIGSNR-UHFFFAOYSA-N__ZIDZZVWOBHWTHV-UHFFFAOYSA-N,11.890908772261202
XCFSCUOBNNEQIJ-UHFFFAOYSA-N__GKHSWZRMUXQXAL-SVBPBHIXSA-N,0.5633621656234311
XSUVKGWXQAKJBQ-UHFFFAOYSA-N__MICNWMHXEJKBJE-UHFFFAOYSA-N,-0.9522870556895996
WDCYLQXLCLDTMA-UHFFFAOYSA-N__ZOAYSXWVRNOOCY-UHFFFAOYSA-N,4.095489572107304
ZOAYSXWVRNOOCY-UHFFFAOYSA-N__WDCYLQXLCLDTMA-UHFFFAOYSA-N,9.419714042310156
UFXCMYYHMGNRSQ-UHFFFAOYSA-N__BGKHBCOWAFCZJW-UHFFFAOYSA-N,-4.080524005240255
BGKHBCOWAFCZJW-UHFFFAOYSA-N__UFXCMYYHMGNRSQ-UHFFFAOYSA-N,-6.511844816351131
BKSJOIBHYOKDTJ-UHFFFAOYSA-N__HGVSBBRTNYIZOG-UHFFFAOYSA-N,3.747413817409472
GESKWPFFGAJXRE-UHFFFAOYSA-N__YQEORQGAPSYCHL-CRICUBBOSA-N,5.938681851265181
YQEORQGAPSYCHL-CRICUBBOSA-N__GESKWPFFGAJXRE-UHFFFAOYSA-N,5.762143215948663
IXRNBJATGCCQGW-LHSJRXKWSA-N__WHGLGUDBAGAILJ-KZUDCZAMSA-N,12.144394705799682
HFHZCESKBNQESK-UHFFFAOYSA-N__WYLPZSKXYVFPTG-KRWDZBQOSA-N,4.009001463772803
WYLPZSKXYVFPTG-KRWDZBQOSA-N__HFHZCESKBNQESK-UHFFFAOYSA-N,3.314897842276788
WHGLGUDBAGAILJ-KZUDCZAMSA-N__IXRNBJATGCCQGW-LHSJRXKWSA-N,2.426560409217456
USPMNXQVFJTZGC-UHFFFAOYSA-N__YODRTCBONYVDAP-APPZFPTMSA-N,2.0392141053403394
YODRTCBONYVDAP-APPZFPTMSA-N__USPMNXQVFJTZGC-UHFFFAOYSA-N,-0.5063792771101205
RNWORIGFUVXEMI-SQNIBIBYSA-N__IGQGBBWDUSYYBJ-UHFFFAOYSA-N,2.4851510093684444
JHSRQHSQEDMNEX-UHFFFAOYSA-N__QDLYGSIXUVENJS-UHFFFAOYSA-N,3.788271249212841
NUFXDTNAPANSBV-UHFFFAOYSA-N__NMLSBAFOWJHGQW-UHFFFAOYSA-N,-1.1299968955184756
KRUTWRIULXRMPC-UHFFFAOYSA-N__NYBFZUPJBWLJPO-UHFFFAOYSA-N,11.897138481680404
QDLYGSIXUVENJS-UHFFFAOYSA-N__JHSRQHSQEDMNEX-UHFFFAOYSA-N,5.810817569740817
NYBFZUPJBWLJPO-UHFFFAOYSA-N__KRUTWRIULXRMPC-UHFFFAOYSA-N,0.0378211940464896
YWHVCDQBGFBHPU-UHFFFAOYSA-N__NWAWZSODZWQEFE-UHFFFAOYSA-N,0.002670474014537
DFUORKDZYROTFH-UHFFFAOYSA-N__AGLDKTITYNASDH-UHFFFAOYSA-N,-1.0936572613545097
AGLDKTITYNASDH-UHFFFAOYSA-N__DFUORKDZYROTFH-UHFFFAOYSA-N,1.6066180962727683
RKXAVQSRHFYTGN-UHFFFAOYSA-N__CVFHAFBKTPHPRD-UHFFFAOYSA-N,10.945508423102892
CZZYOSFODZNWMO-CVEARBPZSA-N__PYQAKVRDLIXIKV-UHFFFAOYSA-N,-3.1118065841752047
PYQAKVRDLIXIKV-UHFFFAOYSA-N__CZZYOSFODZNWMO-CVEARBPZSA-N,1.7059216877890442
DOXUXWWPICWWHR-UHFFFAOYSA-N__UDDNPIWAYNMUMF-UHFFFAOYSA-N,4.236594567507308
OVBKCUZGZBSTEY-UHFFFAOYSA-N__ZLGMULQFLDCPSQ-UHFFFAOYSA-N,-4.48445187549638
VFFXZXHGARHDLS-UHFFFAOYSA-N__TXMXVUKAKMMJIS-UHFFFAOYSA-N,5.644724946273032
TXMXVUKAKMMJIS-UHFFFAOYSA-N__VFFXZXHGARHDLS-UHFFFAOYSA-N,7.801619246295473
WIKXCMJFZGRKLG-UHFFFAOYSA-N__VSNUMROOPQHVLI-UHFFFAOYSA-N,-0.4415580391981348
VSNUMROOPQHVLI-UHFFFAOYSA-N__WIKXCMJFZGRKLG-UHFFFAOYSA-N,-3.2267037352139
UTYSOFUUMKYSTB-VPUQZLMGSA-N__YASSNEIEYOCMSZ-UHFFFAOYSA-N,11.73987471534777
YASSNEIEYOCMSZ-UHFFFAOYSA-N__UTYSOFUUMKYSTB-VPUQZLMGSA-N,5.466087259032274
SWUDOEKDGTXGQR-UHFFFAOYSA-N__HUYNALFCDQGZCQ-SOFGYWHQSA-N,-3.471208114622934
HUYNALFCDQGZCQ-SOFGYWHQSA-N__SWUDOEKDGTXGQR-UHFFFAOYSA-N,4.23150545471562
MIOWCLFTUUSRGK-DHBOJHSNSA-N__ACMHCEYCNRURST-UHFFFAOYSA-N,8.498605690949361
ACMHCEYCNRURST-UHFFFAOYSA-N__MIOWCLFTUUSRGK-DHBOJHSNSA-N,8.877631022301372
SVUJRGIZGQQCQY-UHFFFAOYSA-N__WPJRFCZKZXBUNI-NGJCXOISSA-N,1.836327049474796
OAXXYVVYBVXYBS-UHFFFAOYSA-N__KQVOFNPPPLVECB-UHFFFAOYSA-N,0.0444508716771851
KQVOFNPPPLVECB-UHFFFAOYSA-N__OAXXYVVYBVXYBS-UHFFFAOYSA-N,0.0923783850177786
KPDYWOSKTDVTBF-QWWZWVQMSA-N__QQHPYHUPOSUAKA-RJRFIUFISA-N,-2.8761945919979275
NWJJFBSWKAAPNW-UHFFFAOYSA-N__UFKHYZXLPOVNPG-UHFFFAOYSA-N,3.343734999291516
UFKHYZXLPOVNPG-UHFFFAOYSA-N__NWJJFBSWKAAPNW-UHFFFAOYSA-N,6.555626589585349
GLYMBEWGHQSOFV-YANBTOMASA-N__ZLRSRVZXYKWVDO-WLYUNCDWSA-N,-2.5109343035440257
ZLRSRVZXYKWVDO-WLYUNCDWSA-N__GLYMBEWGHQSOFV-YANBTOMASA-N,4.373283351884967
PNTUBIZURYUWAW-UHFFFAOYSA-N__OHFHKNXSRIUTDH-UHFFFAOYSA-N,3.3180827303623195
BAKLOXHSFZBOBA-UHFFFAOYSA-N__MPWOEUPPXXAESE-UHFFFAOYSA-N,1.445994734534812
MPWOEUPPXXAESE-UHFFFAOYSA-N__BAKLOXHSFZBOBA-UHFFFAOYSA-N,2.955722445560372
RHHCVGYTRZYRQQ-UHFFFAOYSA-N__PLOVBEXMUYRAQB-UHFFFAOYSA-N,-0.4704894262223539
PLOVBEXMUYRAQB-UHFFFAOYSA-N__RHHCVGYTRZYRQQ-UHFFFAOYSA-N,-0.4246479333498385
ASZAHAZAIPAIBV-UHFFFAOYSA-N__RZFRPWQZZBCFJC-UHFFFAOYSA-N,1.5785942365833123
VPOBZXCLXJPHPH-UHFFFAOYSA-N__YAFCLIOEFBINPU-NRFANRHFSA-N,5.215594145775723
YAFCLIOEFBINPU-NRFANRHFSA-N__VPOBZXCLXJPHPH-UHFFFAOYSA-N,8.111874051213494
RZFRPWQZZBCFJC-UHFFFAOYSA-N__ASZAHAZAIPAIBV-UHFFFAOYSA-N,-1.4957548726243932
YYDVGKHPLKGQMJ-UHFFFAOYSA-N__DDDLDNPJZZRADT-UHFFFAOYSA-N,8.857602152263823
DDDLDNPJZZRADT-UHFFFAOYSA-N__YYDVGKHPLKGQMJ-UHFFFAOYSA-N,8.03542096255551
IJJLRUSZMLMXCN-KVTDHHQDSA-N__ULEVKWKQHIGIQU-UHFFFAOYSA-N,4.6136363575733
ULEVKWKQHIGIQU-UHFFFAOYSA-N__IJJLRUSZMLMXCN-KVTDHHQDSA-N,0.4948031327930101
IUUNSQKFOUDMLF-SFHVURJKSA-N__WAHOIGOXVYLNCX-PWMMMKRESA-N,-2.8288090198139395
OUIMIEOYKQYEGV-UHFFFAOYSA-N__IXMMBPWOHZOEEQ-UHFFFAOYSA-N,3.2155786433752382
IXMMBPWOHZOEEQ-UHFFFAOYSA-N__OUIMIEOYKQYEGV-UHFFFAOYSA-N,1.619202823917994
PZNNCXOJKDJZBN-AATRIKPKSA-N__XWHGVQNTUFEGGV-UHFFFAOYSA-N,4.149226042728617
XWHGVQNTUFEGGV-UHFFFAOYSA-N__PZNNCXOJKDJZBN-AATRIKPKSA-N,1.927777072865088
LEMCNWYTCJPYAJ-UHFFFAOYSA-N__MBBHSCPMZWNRJT-UHFFFAOYSA-N,1.1230470972722222
MVNNPQJPHZWBLH-UHFFFAOYSA-N__BPZMYSHIRKBEKU-UHFFFAOYSA-N,2.162710410236261
BPZMYSHIRKBEKU-UHFFFAOYSA-N__MVNNPQJPHZWBLH-UHFFFAOYSA-N,-1.2597717645963833
JFWXRTNCVPZNOC-HXUWFJFHSA-N__VTVJAPORBYTYAC-HEQLZXTPSA-N,8.076320310706642
VTVJAPORBYTYAC-HEQLZXTPSA-N__JFWXRTNCVPZNOC-HXUWFJFHSA-N,7.235790258294759
YJUBWEPLDCDCPQ-UHFFFAOYSA-N__OGJQWKRGBFTVCX-UHFFFAOYSA-N,-0.0527475792254233
OBRHPMSCWXMOQI-CAWMZFRYSA-N__KQTFKLCUYAEJFV-UHFFFAOYSA-N,-3.09345943247983
LWBZQLHZOMKNDJ-UHFFFAOYSA-N__FTMDRDCYVYPUTI-UHFFFAOYSA-N,0.8672555637857975
FTMDRDCYVYPUTI-UHFFFAOYSA-N__LWBZQLHZOMKNDJ-UHFFFAOYSA-N,2.048580353166429
DUUZFSHSDUBHIK-UHFFFAOYSA-N__RQBIHRVRBVFENU-UHFFFAOYSA-N,8.54382966545586
JKDPFEBZVIXIEZ-IRXDYDNUSA-N__RTNZMCCAPWYVBP-VQVTYTSYSA-N,-0.0492773564109625
WAZCEPQEROTALL-UHFFFAOYSA-N__JFRUSCPOUKIEAD-VAYJURFESA-N,1.8652005124083224
FEFZPJNXPTZDLS-UHFFFAOYSA-N__IQCVYDLBCXPNGM-UXHICEINSA-N,-1.2066287574235763
UKUORCJUCCTSGN-UHFFFAOYSA-N__FCGUYYSBDFQPHX-LJQANCHMSA-N,-0.486994717548301
FCGUYYSBDFQPHX-LJQANCHMSA-N__UKUORCJUCCTSGN-UHFFFAOYSA-N,-3.825515320210155
JLJHTAFOYPSITN-UHFFFAOYSA-N__AINTVFWJKLZCSZ-UHFFFAOYSA-N,0.648633895947165
AINTVFWJKLZCSZ-UHFFFAOYSA-N__JLJHTAFOYPSITN-UHFFFAOYSA-N,2.385610830448635
NWKHTYHGEGDWRV-UHFFFAOYSA-N__HVSDQGAZJVVFKL-HBPOCXIASA-N,-3.66642049774295
HVSDQGAZJVVFKL-HBPOCXIASA-N__NWKHTYHGEGDWRV-UHFFFAOYSA-N,3.012645518842389
GSKQZZVIQOVSJI-UHFFFAOYSA-N__KQSZTYINJDKJML-UHFFFAOYSA-N,-0.9074494915951016
HBUUODNTLZJPOK-UHFFFAOYSA-N__WIWWPBWCNKIWBT-UHFFFAOYSA-N,3.874468909982932
NDPDUXWXBFUXCQ-UHFFFAOYSA-N__KFBLKWDSKSAODG-UHFFFAOYSA-N,5.643446992941156
WPODMBRYUDTPBK-UTSGNWPNSA-N__YVDHZNIQWHUORH-UHFFFAOYSA-N,2.7745161823906868
YVDHZNIQWHUORH-UHFFFAOYSA-N__WPODMBRYUDTPBK-UTSGNWPNSA-N,0.7190528526822654
PAQAXFFZODECLT-YUSALJHKSA-N__ANPNJQUNVUCVED-UHFFFAOYSA-N,12.519365160433598
ANPNJQUNVUCVED-UHFFFAOYSA-N__PAQAXFFZODECLT-YUSALJHKSA-N,12.523979794045562
RWKFWNZFHGZBDA-UHFFFAOYSA-N__YQKPEIKGAWUSDO-AWEZNQCLSA-N,7.019525330743927
YQKPEIKGAWUSDO-AWEZNQCLSA-N__RWKFWNZFHGZBDA-UHFFFAOYSA-N,0.0979959814700128
NVZSDYFJPIAUNO-UHFFFAOYSA-N__PUXPNHYRWWTNCL-UHFFFAOYSA-N,1.2958665075738085
PUXPNHYRWWTNCL-UHFFFAOYSA-N__NVZSDYFJPIAUNO-UHFFFAOYSA-N,8.44534965600498
XDRDWXCHXXBHRR-UHFFFAOYSA-N__GEBZIVIVPSFMBK-UHFFFAOYSA-N,7.844300154047643
XUZGYTJNADQNAD-UHFFFAOYSA-N__FFCACNGQONSWND-UHFFFAOYSA-N,1.6848393863404088
BTPKIEJUPILKDB-UHFFFAOYSA-N__JOWINXZBKVSWQN-UHFFFAOYSA-N,0.8495522614628561
FCIJONRYYVKVMO-CLWVCHIJSA-N__ZLYHHYOHUDPHLT-UHFFFAOYSA-N,0.5582120881773336
ZLYHHYOHUDPHLT-UHFFFAOYSA-N__FCIJONRYYVKVMO-CLWVCHIJSA-N,7.514871432268677
AJYIBOBZJRLCQS-UHFFFAOYSA-N__IMOILNZYIRDORH-UHFFFAOYSA-N,-1.8634486257870944
IMOILNZYIRDORH-UHFFFAOYSA-N__AJYIBOBZJRLCQS-UHFFFAOYSA-N,-2.6519416957144184
UDWUMOZQFOCADW-UHFFFAOYSA-N__KGECFPVHWVTYNB-UHFFFAOYSA-N,-0.3239228668458985
NLMYHQKAJNMJGZ-UHFFFAOYSA-N__BIRMSHAGWPGKLG-UHFFFAOYSA-N,3.452598443163112
NQWFPYCTRMXMJO-BHWOMJMDSA-N__RMSKSZAZBHDQSQ-INIZCTEOSA-N,11.964710179387604
IGLBINVHKGTFGH-UHFFFAOYSA-N__DQMWSEHYSTZEPH-UHFFFAOYSA-N,2.652673705097882
YJWIUPNCTFDITP-UHFFFAOYSA-N__BERZBIGQXSVCBJ-UHFFFAOYSA-N,-2.403478907911388
WQRXNBDKTBIMSG-UHFFFAOYSA-N__AKAIRJIMAPNUKX-UHFFFAOYSA-N,-0.8050143932516516
DXRXFZZWJAMJSB-UHFFFAOYSA-N__MHYUODYXSDLGDO-UHFFFAOYSA-N,4.785152893277791
MHYUODYXSDLGDO-UHFFFAOYSA-N__DXRXFZZWJAMJSB-UHFFFAOYSA-N,3.274068403763105
ZGPCDZZHEWGTEU-GFCCVEGCSA-N__RIVLGEOUAYFARR-UHFFFAOYSA-N,6.168008191317719
CDGBBEIGTBPTSS-FQEVSTJZSA-N__QAMJLJHOJKMLEU-UHFFFAOYSA-N,4.580787613474921
JOIOHNGMABDCPM-UHFFFAOYSA-N__IXYAFKYCLULULA-UHFFFAOYSA-N,-0.3512469627078518
IXYAFKYCLULULA-UHFFFAOYSA-N__JOIOHNGMABDCPM-UHFFFAOYSA-N,-0.6330218487044247
QCPAALHMGPFQGX-UHFFFAOYSA-N__PWVNKDRIXJYUGQ-UHFFFAOYSA-N,3.4527212381775847
OKLUTIDHARRSIC-UHFFFAOYSA-N__YFIWATBQPKOKKT-AAUAJYIVSA-N,0.9635849965949916
YFIWATBQPKOKKT-AAUAJYIVSA-N__OKLUTIDHARRSIC-UHFFFAOYSA-N,0.4130028403392549
XAEPVYIXMGLWCZ-YMBRHYMPSA-N__KQRYXISJLYPWDX-UHFFFAOYSA-N,-9.248757342793462
WIFVMRIJXUPPQB-UHFFFAOYSA-N__GBCFJADNANDUOK-UHFFFAOYSA-N,5.553980496319281
RXQWQTQXWAMHRK-UHFFFAOYSA-N__RHIKSEGESQPGML-YGRLFVJLSA-N,-3.736701482469916
YADFRQVAUKPZGR-ROYUXYFKSA-N__UJTSBNWKOHVYPP-ANFIAMTQSA-N,6.579056924113522
UJTSBNWKOHVYPP-ANFIAMTQSA-N__YADFRQVAUKPZGR-ROYUXYFKSA-N,16.342483923317648
PLYNLYCBNWJESP-BQYQJAHWSA-N__UMUFJAJGKOOIMS-UHFFFAOYSA-N,2.3843246927561887
YPLOJEMOUOYBAN-UHFFFAOYSA-N__YDXYYFSTPUTFQP-UHFFFAOYSA-N,4.093109250382705
XPXHSUOIQNJEQI-GJMOJQLCSA-N__LUUKHFIPGUJJFF-UHFFFAOYSA-N,8.016257006339032
UYGHNNMGGVDROR-UHFFFAOYSA-N__NKVLMFFGFYHDNE-UHFFFAOYSA-N,-4.300439161921422
NKVLMFFGFYHDNE-UHFFFAOYSA-N__UYGHNNMGGVDROR-UHFFFAOYSA-N,-10.71702113324619
ZFZXRNVTYVRULM-RQJHMYQMSA-N__WVVQBOVQRWRKHO-RXMQYKEDSA-N,-6.133903063798139
WVVQBOVQRWRKHO-RXMQYKEDSA-N__ZFZXRNVTYVRULM-RQJHMYQMSA-N,-1.9594058829249368
LDYXQAIZJQGNSI-UHFFFAOYSA-N__UBFYLCGSOQSITA-UHFFFAOYSA-N,0.8564305198911962
UBFYLCGSOQSITA-UHFFFAOYSA-N__LDYXQAIZJQGNSI-UHFFFAOYSA-N,0.0233878300570124
XUFUPMJPCNJAPF-UHFFFAOYSA-N__XACSGTNQJGNCFT-UHFFFAOYSA-N,1.4724509815588662
XACSGTNQJGNCFT-UHFFFAOYSA-N__XUFUPMJPCNJAPF-UHFFFAOYSA-N,2.333425879998389
XXFOVDUFWSXGSH-UHFFFAOYSA-N__WHNUYMKNENCDKE-UHFFFAOYSA-N,7.990954636587762
CHVLMPGQCIVSQJ-UHFFFAOYSA-N__ZQGOCBZEAMNNQS-UHFFFAOYSA-N,2.844042778725806
ZQGOCBZEAMNNQS-UHFFFAOYSA-N__CHVLMPGQCIVSQJ-UHFFFAOYSA-N,0.820863103589207
HMHNSOCZQSVPAO-UHFFFAOYSA-N__OEQWCKDYUQQCRS-UHFFFAOYSA-N,6.359210072749937
OEQWCKDYUQQCRS-UHFFFAOYSA-N__HMHNSOCZQSVPAO-UHFFFAOYSA-N,0.647381483892692
VSSRRJCLRJGEIF-CINCIDGWSA-N__FVPVEDWTXIEELD-SWLSCSKDSA-N,6.573829862713078
NMPZCUGRFCXOHG-UHFFFAOYSA-N__WJBLQKLJRSRMFC-UHFFFAOYSA-N,1.7739359440717395
WJBLQKLJRSRMFC-UHFFFAOYSA-N__NMPZCUGRFCXOHG-UHFFFAOYSA-N,0.6746822785396697
ZGMYHILPAWWKRQ-UHFFFAOYSA-N__UFKGQUIPTDUAOU-UHFFFAOYSA-N,3.5107776467178726
UANRPAQCPYTXJS-UHFFFAOYSA-N__WMDYZKVUMFDBDL-UHFFFAOYSA-N,0.3741256482623805
WMDYZKVUMFDBDL-UHFFFAOYSA-N__UANRPAQCPYTXJS-UHFFFAOYSA-N,-4.909839988964396
BOYHQZSXPYUMTI-UHFFFAOYSA-N__YVOOGOHCKLWCPJ-GDLZYMKVSA-N,4.396642114064385
LILXQCNSFHMWHN-UHFFFAOYSA-N__TZIVJHYBRMGBQX-DTIOYNMSSA-N,11.07911938332141
TZIVJHYBRMGBQX-DTIOYNMSSA-N__LILXQCNSFHMWHN-UHFFFAOYSA-N,3.333019874118786
ZEIADYRNUOOMQT-UHFFFAOYSA-N__XUGHXIOBLFSUMR-UHFFFAOYSA-N,8.226452734289058
XUGHXIOBLFSUMR-UHFFFAOYSA-N__ZEIADYRNUOOMQT-UHFFFAOYSA-N,12.581579638697756
QJXCVGVKLQAVPM-UHFFFAOYSA-N__ZCSLVWZOHIWRJQ-CABCVRRESA-N,-0.1742586668191905
KXMDROVKUDDVIV-UHFFFAOYSA-N__SJFHWFDULBIHSD-UMVBOHGHSA-N,4.808045439182919
UPQAMXZTZUSRPD-OAHLLOKOSA-N__RTJARCWDRDWVIU-UHFFFAOYSA-N,-3.9625951450091024
IXMNTWWTPVIFOP-NSHDSACASA-N__AKKNHKWPJUTFOY-UHFFFAOYSA-N,-2.2107090780897627
OKFYFZDBKYAHNL-UHFFFAOYSA-N__CFSQZHARKNVNGS-LLVKDONJSA-N,1.7844503830503664
CIKYKEWHORXEEF-UHFFFAOYSA-N__IJJLRUSZMLMXCN-VANKVMQKSA-N,3.0919050946098547
IJJLRUSZMLMXCN-VANKVMQKSA-N__CIKYKEWHORXEEF-UHFFFAOYSA-N,5.830654409820404
YGPIWPCHSUOSLM-UHFFFAOYSA-N__YSXKAOXCJKNOTN-SXHSKPAUSA-N,-3.0023717301983583
UZYAXYVYPIYNFA-HNNXBMFYSA-N__GEDNBSARBLBZGB-UHFFFAOYSA-N,4.487290422322248
JXMWXFSVMMJDHJ-IKERNBKFSA-N__NMZPPHOCVPIOML-LPHOPBHVSA-N,7.686115141781368
NMZPPHOCVPIOML-LPHOPBHVSA-N__JXMWXFSVMMJDHJ-IKERNBKFSA-N,15.712586201005417
VFCXZAVBKAAHKN-UHFFFAOYSA-N__AFLGHLWJLWBZIG-UHFFFAOYSA-N,5.384816892297087
PCHRBDBQCWQLPS-UHFFFAOYSA-N__STJKEFUVKRUZCO-UHFFFAOYSA-N,1.3268827477367588
STJKEFUVKRUZCO-UHFFFAOYSA-N__PCHRBDBQCWQLPS-UHFFFAOYSA-N,-3.0395947077263004
FLHGHUDATAJEID-UHFFFAOYSA-N__YANCHEOQDPONGW-UHFFFAOYSA-N,6.736805467920521
YANCHEOQDPONGW-UHFFFAOYSA-N__FLHGHUDATAJEID-UHFFFAOYSA-N,8.80742383018886
KQZSRASWBNYDLL-UHFFFAOYSA-N__MIXUOZLTKHXCMM-SFYZADRCSA-N,5.222478600616239
XKLVCUCGFKDLAI-UHFFFAOYSA-N__BTDVSQDVYIPGHP-UHFFFAOYSA-N,9.4330972916434
PZFGCEANTZEKHN-UHFFFAOYSA-N__LWSGVKXGZSGFDG-SMDDNHRTSA-N,4.778316158615575
YPLKPWULWDMDFI-LBPRGKRZSA-N__VPMUPNHGZZUELS-PSASIEDQSA-N,-0.6025584776357467
HKHIDJPZKVXQFU-UHFFFAOYSA-N__JVMMBISTAIKLJM-UHFFFAOYSA-N,4.015339877928452
MWGNYFUOTJMAHE-SAPNQHFASA-N__LCCSGYNTHZDUKW-SECBINFHSA-N,-1.338144758682874
AJHKVPOTAKARFJ-UHFFFAOYSA-N__SVSJPTSUAWUMRO-UHFFFAOYSA-N,-1.1220279065351184
LCCSGYNTHZDUKW-SECBINFHSA-N__MWGNYFUOTJMAHE-SAPNQHFASA-N,4.834115302761329
SVSJPTSUAWUMRO-UHFFFAOYSA-N__AJHKVPOTAKARFJ-UHFFFAOYSA-N,1.5359842312300185
WBZHVZZWLBUGNX-ZJUUUORDSA-N__WMJIZZGSDNBPEG-UHFFFAOYSA-N,2.015392401800829
WMJIZZGSDNBPEG-UHFFFAOYSA-N__WBZHVZZWLBUGNX-ZJUUUORDSA-N,2.9076710015507268
BMZPVCINEPYQHN-UHFFFAOYSA-N__COQLTPIQSWZRRO-UHFFFAOYSA-N,0.0299154223357329
COQLTPIQSWZRRO-UHFFFAOYSA-N__BMZPVCINEPYQHN-UHFFFAOYSA-N,-2.964285804575463
AJDWTGMWOZLQIJ-UHFFFAOYSA-N__FENDTSPISJAKNP-UHFFFAOYSA-N,-1.6622773684236798
RSSKLEMUZYNJJS-UHFFFAOYSA-N__OCDCSGMOMPZWIB-UHFFFAOYSA-N,2.912315349091411
IXLOVRRUGOPNHY-FXQIFTODSA-N__ZDGATOHYHFVVJI-UHFFFAOYSA-N,-2.1331501803317026
RGOWGQZZDSUFKQ-GOSISDBHSA-N__QMUSTGMXNFFHFT-UHFFFAOYSA-N,-0.5302607530058445
QMUSTGMXNFFHFT-UHFFFAOYSA-N__RGOWGQZZDSUFKQ-GOSISDBHSA-N,-1.9497245344346537
WZYRMLAWNVOIEX-JPCDQAEASA-N__SNGBNOJUWXQKLH-UHFFFAOYSA-N,-1.4880960515308186
UCMDMJXPGFPGCK-UHFFFAOYSA-N__ZUHATERDNSMKOP-UHFFFAOYSA-N,1.7166278534254606
ZUHATERDNSMKOP-UHFFFAOYSA-N__UCMDMJXPGFPGCK-UHFFFAOYSA-N,3.950528371375563
SOARNDQKLFBNOU-CLTKARDFSA-N__WBDLYFXTYNLKIR-UHFFFAOYSA-N,-4.100372588026713
NQVCFCLATMDVCO-UHFFFAOYSA-N__QTCUPRQCCZLUEK-UHFFFAOYSA-N,1.236754639046156
KHLURTKYWJVWEO-UHFFFAOYSA-N__OYXUVHCTUYZTHF-UHFFFAOYSA-N,4.197240722391402
GXWCYNXXUZOCNK-UHFFFAOYSA-N__LWFCXBVXAJDMRY-UHFFFAOYSA-N,4.085914745148675
YTXIEUATJGWTOC-NSHDSACASA-N__PFSRYADEILGEPO-ISARSNTHSA-N,6.142500446935954
OYXUVHCTUYZTHF-UHFFFAOYSA-N__KHLURTKYWJVWEO-UHFFFAOYSA-N,-2.382151394462176
QTCUPRQCCZLUEK-UHFFFAOYSA-N__NQVCFCLATMDVCO-UHFFFAOYSA-N,-0.8760046111349847
LWFCXBVXAJDMRY-UHFFFAOYSA-N__GXWCYNXXUZOCNK-UHFFFAOYSA-N,-0.1885569332143973
HWIGOGQLSZBELI-UHFFFAOYSA-N__FUNLIICVZJZNNO-UHFFFAOYSA-N,4.782127616702818
PFSRYADEILGEPO-ISARSNTHSA-N__YTXIEUATJGWTOC-NSHDSACASA-N,-1.0840010808930107
FUNLIICVZJZNNO-UHFFFAOYSA-N__HWIGOGQLSZBELI-UHFFFAOYSA-N,-2.2143391168026434
NAWYJOZHBQAYCK-UHFFFAOYSA-N__BBVPMVVRZBBECS-IKGGRYGDSA-N,-5.911404316884267
VRKYVFQAHGYNAY-UHFFFAOYSA-N__OWTXJHHBDXUEJV-UHFFFAOYSA-N,0.7919672702080449
OWTXJHHBDXUEJV-UHFFFAOYSA-N__VRKYVFQAHGYNAY-UHFFFAOYSA-N,-6.7073121523903225
DPHCDOBLYISODQ-UHFFFAOYSA-N__YLXFMJVRWPBLGR-UHFFFAOYSA-N,2.6546027818698774
YLXFMJVRWPBLGR-UHFFFAOYSA-N__DPHCDOBLYISODQ-UHFFFAOYSA-N,12.803901509711654
UXMMMGIWMPIECC-ZETCQYMHSA-N__UASWXJPYILFNCS-OCTOJFLBSA-N,2.157516599637627
YRYRZXKWAFWHIE-MRXNPFEDSA-N__RAPAPRJTDXOJDQ-KTSOLCKISA-N,0.3861119415180185
RAPAPRJTDXOJDQ-KTSOLCKISA-N__YRYRZXKWAFWHIE-MRXNPFEDSA-N,4.501580472753456
AQQFYWVWNZTNCN-UHFFFAOYSA-N__CAISAENFZJYWIV-UHFFFAOYSA-N,-0.6102921540536456
CAISAENFZJYWIV-UHFFFAOYSA-N__AQQFYWVWNZTNCN-UHFFFAOYSA-N,2.5976440207550766
QMEXLEAYODTSSC-SNVBAGLBSA-N__UGXBIZRWUPGVRI-UHFFFAOYSA-N,2.826330004363097
UGXBIZRWUPGVRI-UHFFFAOYSA-N__QMEXLEAYODTSSC-SNVBAGLBSA-N,1.6238436428609786
WWZCHHWBRNNVMZ-FFFFSGIJSA-N__WWLVSVCUDGAXON-UHFFFAOYSA-N,4.293491597566724
WWLVSVCUDGAXON-UHFFFAOYSA-N__WWZCHHWBRNNVMZ-FFFFSGIJSA-N,-1.513237834630978
DWJDEJZHYRTMRR-UHFFFAOYSA-N__CROMUEFMDCJCSX-UHFFFAOYSA-N,1.241204325090573
CROMUEFMDCJCSX-UHFFFAOYSA-N__DWJDEJZHYRTMRR-UHFFFAOYSA-N,-4.443456043504792
CLMJVYWFYMGBHN-UHFFFAOYSA-N__VDIWCVRUTZCCSX-UHFFFAOYSA-N,0.2580738944274967
KRFUDAZNCFUUGA-GKCIPKSASA-N__XCSOWVDLYPTVRW-UHFFFAOYSA-N,9.727908221077993
XCSOWVDLYPTVRW-UHFFFAOYSA-N__KRFUDAZNCFUUGA-GKCIPKSASA-N,8.460312149135412
LPTRXWQFROCYKM-UHFFFAOYSA-N__ZIFAGWFRKGTTLD-UHFFFAOYSA-N,4.055228146223296
ZIFAGWFRKGTTLD-UHFFFAOYSA-N__LPTRXWQFROCYKM-UHFFFAOYSA-N,0.4481414023253744
MCOYQXHGIDXVCD-OYMZZIEQSA-N__KASIWZZCXJHQPC-UHFFFAOYSA-N,-0.6130648737915058
LLKZXLCEWFEZHU-UHFFFAOYSA-N__QMTYZTYVZORVRT-UHFFFAOYSA-N,-5.929678465230497
QMTYZTYVZORVRT-UHFFFAOYSA-N__LLKZXLCEWFEZHU-UHFFFAOYSA-N,-1.348850540797774
CXYFOLYGACPTJO-UHFFFAOYSA-N__DSWUJEOJRVGAOW-VKHMYHEASA-N,-0.3108097372239322
DSWUJEOJRVGAOW-VKHMYHEASA-N__CXYFOLYGACPTJO-UHFFFAOYSA-N,4.181579627483686
MNJCJHGNPRZTQZ-AEFFLSMTSA-N__YMNBXYLOSIKZGL-UHFFFAOYSA-N,6.617284708038844
DBRREWVLIQEYBO-UHFFFAOYSA-N__ATGYXQXFCDNCEM-UHFFFAOYSA-N,-3.116170212799673
BOAHWBOESCYXDW-KLLZUTDZSA-N__HTRDCCKEHOAKSG-UHFFFAOYSA-N,1.9301091335504543
WZUQYWSDNPGGEG-GFCCVEGCSA-N__HMKNEZDLKCEHTM-UHFFFAOYSA-N,4.68234483702463
NSMXXGJDZTUNNT-UHFFFAOYSA-N__TUKANODGLOKJPS-XHNCKOQMSA-N,0.7994125740085317
NPSKIHFCSUZXEJ-UHFFFAOYSA-N__UDGZYKWQMMBQAH-UHFFFAOYSA-N,-0.3329779237014643
RBRFYFADGMHELY-UHFFFAOYSA-N__ZNRBWFVBLLUISB-DLBZAZTESA-N,2.3896461850583472
LUQRNHJYRWCBAI-ZETCQYMHSA-N__PEMBPKBSSGOIRP-UHFFFAOYSA-N,1.1469145640743488
PEMBPKBSSGOIRP-UHFFFAOYSA-N__LUQRNHJYRWCBAI-ZETCQYMHSA-N,5.396774966401968
HDBLQRYQANGQJT-UHFFFAOYSA-N__XEVZLJCXXPDLCG-OAQYLSRUSA-N,3.450959928241513
XEVZLJCXXPDLCG-OAQYLSRUSA-N__HDBLQRYQANGQJT-UHFFFAOYSA-N,6.329631384944996
VFROUPLSRQYDIT-UHFFFAOYSA-N__YTXYZRMEBNUIHP-VAYJURFESA-N,-0.9532847600189914
VTACOEYFGMDHGJ-UHFFFAOYSA-N__WSRVGWYGTJCGIB-QRIPLOBPSA-N,3.488546381009804
YLVOSHNWXWMZGS-BRIWLPCBSA-N__SDHZHBLDROIVRL-UHFFFAOYSA-N,-1.0244792280072132
WZZYHFCWZUUKRA-SNOZPFOOSA-N__RQGRXBBPEQHBQG-UHFFFAOYSA-N,0.8202681229264429
RQGRXBBPEQHBQG-UHFFFAOYSA-N__WZZYHFCWZUUKRA-SNOZPFOOSA-N,-1.4480193413372415
RUZTZAFZVHRGHI-AVHHSYQXSA-N__UGNOSDNTOJIOBU-UHFFFAOYSA-N,0.7216756082306532
UGNOSDNTOJIOBU-UHFFFAOYSA-N__RUZTZAFZVHRGHI-AVHHSYQXSA-N,-2.3110248152754687
IGMILUQRUMDBQP-UHFFFAOYSA-N__NWZCRGXMKXCBFH-UHFFFAOYSA-N,-4.692639927164213
NWZCRGXMKXCBFH-UHFFFAOYSA-N__IGMILUQRUMDBQP-UHFFFAOYSA-N,-2.2359648377064074
JUNDMXMVTIBKGT-UHFFFAOYSA-N__VRYALKFFQXWPIH-HSUXUTPPSA-N,-2.039250067901799
CSJJPGVLXZNFKK-UHFFFAOYSA-N__DKHBLFFQKFTFCG-UHFFFAOYSA-N,8.411302724308506
DESWGLIIWXCKEE-UHFFFAOYSA-N__WTBZQMQNMZJLJJ-UHFFFAOYSA-N,1.1797157474026938
DKHBLFFQKFTFCG-UHFFFAOYSA-N__CSJJPGVLXZNFKK-UHFFFAOYSA-N,1.3005041707396745
MEPVKWLQCNICCR-UWVGGRQHSA-N__KKUSZXMBRZAKCI-UHFFFAOYSA-N,4.93816391493218
WIQZXVIJSNVDFD-UHFFFAOYSA-N__GBRNSERMZPFELE-UHFFFAOYSA-N,4.247905993303154
CMROYFSAZGKUKA-UHFFFAOYSA-N__IYOJOSWOUUPBRK-UHFFFAOYSA-N,-4.558302000984314
IYOJOSWOUUPBRK-UHFFFAOYSA-N__CMROYFSAZGKUKA-UHFFFAOYSA-N,-3.701600351784277
UUQBPEYNLLECHH-UHFFFAOYSA-N__XDXJFCPCDBQUSA-UHFFFAOYSA-N,1.3074645664787163
WTQBWGZKPBCSCS-UHFFFAOYSA-N__AAMZJKGABLTRPA-UHFFFAOYSA-N,-1.878696665953009
NVSKZUYSJDTYNF-UHFFFAOYSA-N__OFFLAFDKWULNMX-UHFFFAOYSA-N,0.8205028628848606
VJLBPVIZMUWHCN-IBYPIGCZSA-N__NJMOOUDCDUDSKO-UHFFFAOYSA-N,8.604857422566317
FDXUMKOABDLGMB-UHFFFAOYSA-N__MHBBJCNLTYPPEV-UHFFFAOYSA-N,3.00837066275048
MHBBJCNLTYPPEV-UHFFFAOYSA-N__FDXUMKOABDLGMB-UHFFFAOYSA-N,-0.7076052834540859
MBNPQAPSJFJOLD-UHFFFAOYSA-N__OJHTVLZQFMGITE-UHFFFAOYSA-N,0.3530302457301657
PNQWHJPYUAGNBL-UHFFFAOYSA-N__WMWYOCRLHYBDSY-UHFFFAOYSA-N,5.374163796878513
NNOGNIFIWCJUKD-UHFFFAOYSA-N__CKKMTJBQTYYLDF-IRCOFANPSA-N,8.153035185686978
FDDSZTSQZOAKPZ-OAHLLOKOSA-N__WIWLRAHEKNMDFV-UHFFFAOYSA-N,4.284014466650486
WMWYOCRLHYBDSY-UHFFFAOYSA-N__PNQWHJPYUAGNBL-UHFFFAOYSA-N,1.4733991319263706
WIWLRAHEKNMDFV-UHFFFAOYSA-N__FDDSZTSQZOAKPZ-OAHLLOKOSA-N,-0.7541554129415028
ACZJGYFKGHTPQP-QMMMGPOBSA-N__NLBKNIIYSVUKEI-UHFFFAOYSA-N,-0.5383435846726577
RMPGFLAHXHSXEW-UHFFFAOYSA-N__CLGBYBHCQLFTEH-UHFFFAOYSA-N,5.533931430870507
CLGBYBHCQLFTEH-UHFFFAOYSA-N__RMPGFLAHXHSXEW-UHFFFAOYSA-N,2.7535167221602683
DYFFKYALOACAET-UHFFFAOYSA-N__ZUSDIKXFWHJVEL-AYYIZTPMSA-N,-0.4243111759903842
GTLGXVBTRFOFSN-UHFFFAOYSA-N__QHZJRLQSYAXYEC-UHFFFAOYSA-N,4.580292454488308
QHZJRLQSYAXYEC-UHFFFAOYSA-N__GTLGXVBTRFOFSN-UHFFFAOYSA-N,2.0997296387185496
BGXVLDBNJCJJBX-UHFFFAOYSA-N__IKHAKQKAPIAUOB-SUMWQHHRSA-N,3.146860020721488
IKHAKQKAPIAUOB-SUMWQHHRSA-N__BGXVLDBNJCJJBX-UHFFFAOYSA-N,7.852648950751988
MIFGGSXUKSGBGU-UHFFFAOYSA-N__WVPNWYQTTYDMCS-UHFFFAOYSA-N,2.331783518233279
WVPNWYQTTYDMCS-UHFFFAOYSA-N__MIFGGSXUKSGBGU-UHFFFAOYSA-N,1.4641150645000822
RUZTZAFZVHRGHI-AVHHSYQXSA-N__QHAMIJFCFPMMQE-HOCLYGCPSA-N,0.8686701958107839
QHAMIJFCFPMMQE-HOCLYGCPSA-N__RUZTZAFZVHRGHI-AVHHSYQXSA-N,-1.5931132623434967
PJWACEXJBPNSSO-UHFFFAOYSA-N__VXPHTRNUMRZUSJ-SXZQVLMOSA-N,-2.785811958924933
VXPHTRNUMRZUSJ-SXZQVLMOSA-N__PJWACEXJBPNSSO-UHFFFAOYSA-N,-5.386371262055849
OIKNALODPAWHJJ-POYBYMJQSA-N__SURIACDOORZMLB-CHWSQXEVSA-N,-2.120739673185058
YMDHNPSKXMFQMI-UHFFFAOYSA-N__LRXMWKKHENYHNC-DDYVKQNKSA-N,2.015987641533233
KHSZGLJWCHTFMZ-UHFFFAOYSA-N__QAACILZJHAMPCU-UHFFFAOYSA-N,0.8007905689207758
ULXIGNWJWCAZMP-UHFFFAOYSA-N__UMIHCTLDYFFUAB-VIFPVBQESA-N,6.6320642069026166
MDWXNYIRMDSBQR-UHFFFAOYSA-N__GJRQARWWURMSGJ-XHVSXFFZSA-N,-1.056955351453688
HRJZVCLXMJLSOV-HNNXBMFYSA-N__TXHWBMCYCJJHGD-UHFFFAOYSA-N,4.685671303190767
AEBIAZWAHXFFQW-UHFFFAOYSA-N__UWSCRBDFIUWCBX-SNVBAGLBSA-N,-0.1004145322854771
UWSCRBDFIUWCBX-SNVBAGLBSA-N__AEBIAZWAHXFFQW-UHFFFAOYSA-N,4.35508716862616
ZZIIJKFITLLLMC-UHFFFAOYSA-N__OWVMFJIDMJAFHT-CMDGGOBGSA-N,5.540861795433772
QRDTUXRDHNRXAL-WIUNFGAVSA-N__ONBBXMLJLDNNHY-WCSRMQSCSA-N,3.666727250036908
ONBBXMLJLDNNHY-WCSRMQSCSA-N__QRDTUXRDHNRXAL-WIUNFGAVSA-N,7.748232695112523
HOSPVZCPGGJUMB-UHFFFAOYSA-N__FMFGGCMYDIWHLX-UHFFFAOYSA-N,-1.0168608297675528
YGADYVBMFKARQU-IWOOQVRJSA-N__ZFTDKDURMRONMT-UHFFFAOYSA-N,-3.8928365755136913
ZFTDKDURMRONMT-UHFFFAOYSA-N__YGADYVBMFKARQU-IWOOQVRJSA-N,4.800038673758253
UWHHBRVVAHERMD-UHFFFAOYSA-N__TYFUTHRVUVOENP-UHFFFAOYSA-N,14.0935729401588
ILMHTUXEUGIWEK-AXHNFQJDSA-N__MSHOBVHHUWXVPC-ZFWWWQNUSA-N,7.746836952663643
MSHOBVHHUWXVPC-ZFWWWQNUSA-N__ILMHTUXEUGIWEK-AXHNFQJDSA-N,-0.0356451956925163
FTDSEZIAMKBRFG-UHFFFAOYSA-N__PIIRPQLXOWIRBY-UHFFFAOYSA-N,5.815742944313311
PIIRPQLXOWIRBY-UHFFFAOYSA-N__FTDSEZIAMKBRFG-UHFFFAOYSA-N,4.953284628023562
DVCTUNYVNSLFBI-UHFFFAOYSA-N__FALNZVSOPNJXAY-UHFFFAOYSA-N,9.18991860265202
FALNZVSOPNJXAY-UHFFFAOYSA-N__DVCTUNYVNSLFBI-UHFFFAOYSA-N,-1.2573306916653626
HORLZBYISNAION-UHFFFAOYSA-N__IDNNYMHYEAABCF-UHFFFAOYSA-N,7.408570528855898
IDNNYMHYEAABCF-UHFFFAOYSA-N__HORLZBYISNAION-UHFFFAOYSA-N,7.740941793072311
JUOAGWDTRUAQEF-UHFFFAOYSA-N__JVSRWDWOYRAANL-UHFFFAOYSA-N,2.6492386593249
CZKSGRJPKZHPDJ-UHFFFAOYSA-N__QWFHUQFWEFYSON-UHFFFAOYSA-N,5.223536280548273
PPDJMTZXBLGTOW-UHFFFAOYSA-N__BDFVABHDIMPCDZ-UHFFFAOYSA-N,3.3939328530700346
DUZDFEXRCGNRLA-UHFFFAOYSA-N__MBZHZQSYDVLJOI-UHFFFAOYSA-N,9.130249822074113
MBZHZQSYDVLJOI-UHFFFAOYSA-N__DUZDFEXRCGNRLA-UHFFFAOYSA-N,8.318936426139672
SHGJSMCBKMVFMU-MAPRBKRKSA-N__PLTIYYLJEAXVEQ-UHFFFAOYSA-N,8.325804991518263
GNCCHFLGTJKCIP-OKZBNKHCSA-N__GKKIBGDYMATVGQ-UHFFFAOYSA-N,15.293069475357967
CGZRRNQOKKEVGN-UHFFFAOYSA-N__GUUPBPXKHXKOFN-UHFFFAOYSA-N,11.848215639832045
YYMMQLUJUDBMTC-UHFFFAOYSA-N__PBCOHFYUYRMIOF-UHFFFAOYSA-N,6.388592714428939
ZKDZPGWKPHOQPJ-LJQANCHMSA-N__DKSZCJNEBSTITI-UHFFFAOYSA-N,4.624499695977152
YARQBEZBBDGJFS-UHFFFAOYSA-N__GEUVSJKUTFFXJB-UHFFFAOYSA-N,11.557459442759932
NKAUYEOJVXZPIW-ZZPZHBAMSA-N__UMAYXWVULQJNGH-UHFFFAOYSA-N,4.379772596435121
BIKRJLPGVGFPDA-UHFFFAOYSA-N__DGWDIFPKMGDGQL-UHFFFAOYSA-N,8.93121480780643
OXVXTFFVLYISHA-HNNXBMFYSA-N__PEOGLNXQEQOXCV-UHFFFAOYSA-N,6.950992582192508
PEOGLNXQEQOXCV-UHFFFAOYSA-N__OXVXTFFVLYISHA-HNNXBMFYSA-N,2.3870321817334887
FVYWOZWJZGVPEL-UHFFFAOYSA-N__HZCKOYPYECMVKE-UHFFFAOYSA-N,3.0718514989558505
HZCKOYPYECMVKE-UHFFFAOYSA-N__FVYWOZWJZGVPEL-UHFFFAOYSA-N,-1.784671033123126
KDHGLPPVAVEOHX-UHFFFAOYSA-N__PZDGOHXITZCNMU-UHFFFAOYSA-N,10.723203108647215
NGYYMLQTJUHGOE-UHFFFAOYSA-N__YQCPXGSJPKVAHV-UHFFFAOYSA-N,3.889970122646429
YQCPXGSJPKVAHV-UHFFFAOYSA-N__NGYYMLQTJUHGOE-UHFFFAOYSA-N,4.971290097147065
XKTYXYJLOIYAPV-LBPRGKRZSA-N__SOCBNSVNOIBAOW-UHFFFAOYSA-N,2.111463580809048
IXAFUAIZNPYVPO-LMWSTFAQSA-N__UATVBWGCMVLOQT-UHFFFAOYSA-N,2.217871717080313
XIDAOPBYUINLQY-UHFFFAOYSA-N__PZWRKBCEZZDFQN-UHFFFAOYSA-N,2.4325618614831104
BKCMBMHTVLLYLL-MRTLOADZSA-N__WVBCPPBODCPLHM-UHFFFAOYSA-N,-1.4109151226450485
WVBCPPBODCPLHM-UHFFFAOYSA-N__BKCMBMHTVLLYLL-MRTLOADZSA-N,3.141059395474243
ODSKJFPIGINROX-UHFFFAOYSA-N__FSKDDRAZWSFRIR-UHFFFAOYSA-N,6.402577864755387
FSKDDRAZWSFRIR-UHFFFAOYSA-N__ODSKJFPIGINROX-UHFFFAOYSA-N,13.981432287667053
QGJVZQBSUYHELQ-UHFFFAOYSA-N__PINCIKHUOILDJQ-UHFFFAOYSA-N,2.82982968335642
JQWAENPKGOWVRK-UHFFFAOYSA-N__SVTZFWVDMZFXRF-UHFFFAOYSA-N,3.4029156417307003
SVTZFWVDMZFXRF-UHFFFAOYSA-N__JQWAENPKGOWVRK-UHFFFAOYSA-N,11.188246587695216
PINCIKHUOILDJQ-UHFFFAOYSA-N__QGJVZQBSUYHELQ-UHFFFAOYSA-N,5.955819783304697
BVAZVPDTEPUTGN-UHFFFAOYSA-N__NUCLIXNBNFCAIZ-UHFFFAOYSA-N,3.347611286640232
NUCLIXNBNFCAIZ-UHFFFAOYSA-N__BVAZVPDTEPUTGN-UHFFFAOYSA-N,3.614875126920668
GOZJXLWEWJEBCW-RDPSFJRHSA-N__QUUZLRDPCVBVMD-UHFFFAOYSA-N,3.795077850041641
QUUZLRDPCVBVMD-UHFFFAOYSA-N__GOZJXLWEWJEBCW-RDPSFJRHSA-N,7.796351352123959
CQJBFJGSBFRUPM-UHFFFAOYSA-N__LUJVXLKSWYCMBD-UHFFFAOYSA-N,1.6220745043347615
LUJVXLKSWYCMBD-UHFFFAOYSA-N__CQJBFJGSBFRUPM-UHFFFAOYSA-N,11.542187890071242
BQZDVGDKJQZLFF-UHFFFAOYSA-N__KSBMTZQTEKWSDD-LURJTMIESA-N,6.975035064858056
KSBMTZQTEKWSDD-LURJTMIESA-N__BQZDVGDKJQZLFF-UHFFFAOYSA-N,6.2416575644797705
GVHXRKJMCJBJTE-UHFFFAOYSA-N__LUUSXMZRPWYOQK-UHFFFAOYSA-N,-0.1822732383620384
LUUSXMZRPWYOQK-UHFFFAOYSA-N__GVHXRKJMCJBJTE-UHFFFAOYSA-N,0.5155885284488468
NVUNNZVCKHQQTN-UHFFFAOYSA-N__WUWDJRJVJCBDJO-UHFFFAOYSA-N,0.6021382263010305
WUWDJRJVJCBDJO-UHFFFAOYSA-N__NVUNNZVCKHQQTN-UHFFFAOYSA-N,1.077049674224863
ANRLIOGQQSHLEP-UHFFFAOYSA-N__XBWPQVJANGAQCA-UHFFFAOYSA-N,7.093216129366178
XBWPQVJANGAQCA-UHFFFAOYSA-N__ANRLIOGQQSHLEP-UHFFFAOYSA-N,2.8171883678106058
HZWMMKMOLVKDED-UHFFFAOYSA-N__NOLZDIRHUMKWLW-JKSUJKDBSA-N,-0.9690220274648104
NOLZDIRHUMKWLW-JKSUJKDBSA-N__HZWMMKMOLVKDED-UHFFFAOYSA-N,-6.058967580766073
XWZQIMMTAOAVSO-UHFFFAOYSA-N__IWBBVHGOWGICNE-UHFFFAOYSA-N,7.681709446353987
IWBBVHGOWGICNE-UHFFFAOYSA-N__XWZQIMMTAOAVSO-UHFFFAOYSA-N,3.5851013398085336
UNDBCCAUMZVFAB-UHFFFAOYSA-N__WOMRWXVIZYWROR-QRWMCTBCSA-N,4.994081356917396
WOMRWXVIZYWROR-QRWMCTBCSA-N__UNDBCCAUMZVFAB-UHFFFAOYSA-N,5.715807711836169
DOOIKHIPXOZVEN-UHFFFAOYSA-N__RXHMUBOOGQDSQG-UHFFFAOYSA-N,3.409178527259185
RXHMUBOOGQDSQG-UHFFFAOYSA-N__DOOIKHIPXOZVEN-UHFFFAOYSA-N,9.036171936149794
GEEIDZIBZPTVDU-UHFFFAOYSA-N__IMIHSLBYZAEJPT-UHFFFAOYSA-N,-2.656538773800193
IPHYFOUFLQMDIG-UHFFFAOYSA-N__IDKAIXMCGJJPDJ-UHFFFAOYSA-N,2.206581556040142
IDKAIXMCGJJPDJ-UHFFFAOYSA-N__IPHYFOUFLQMDIG-UHFFFAOYSA-N,4.685935371023834
IMIHSLBYZAEJPT-UHFFFAOYSA-N__GEEIDZIBZPTVDU-UHFFFAOYSA-N,0.0148734071318128
QALSRHTZPRXLDZ-UHFFFAOYSA-N__SDLIXTBMJRXLAV-XAZAIFFQSA-N,9.99296515984514
SDLIXTBMJRXLAV-XAZAIFFQSA-N__QALSRHTZPRXLDZ-UHFFFAOYSA-N,5.920529854664542
IOVBGAAXQMXDGA-QAPCUYQASA-N__VWTJYVUFCSPDKC-CQSZACIVSA-N,4.726664672183778
VWTJYVUFCSPDKC-CQSZACIVSA-N__IOVBGAAXQMXDGA-QAPCUYQASA-N,0.7870784526696281
BSQVJNCDUAEBNR-UHFFFAOYSA-N__AEIBZDJBMOMZEZ-RMIITELYSA-N,4.538660789408834
AEIBZDJBMOMZEZ-RMIITELYSA-N__BSQVJNCDUAEBNR-UHFFFAOYSA-N,1.243340455255772
DQNUNRDTSPKGEC-CYBMUJFWSA-N__KFJTWVSLSUVNTA-UHFFFAOYSA-N,-1.0507941524889943
KFJTWVSLSUVNTA-UHFFFAOYSA-N__DQNUNRDTSPKGEC-CYBMUJFWSA-N,11.533435317120617
XOMGJDKGGPNFFU-UHFFFAOYSA-N__VJGVVBLIMHMMRU-UHFFFAOYSA-N,1.7600361753655165
VJGVVBLIMHMMRU-UHFFFAOYSA-N__XOMGJDKGGPNFFU-UHFFFAOYSA-N,-2.4420335210111994
ONRBCHKACHCAAJ-UHFFFAOYSA-N__HRVYYOQPQLCSTP-QMMMGPOBSA-N,-0.3049858913754233
HRVYYOQPQLCSTP-QMMMGPOBSA-N__ONRBCHKACHCAAJ-UHFFFAOYSA-N,4.766807601761646
OAWHOXLWJKGOSE-UHFFFAOYSA-N__OBFBELPJVWZAIT-UHFFFAOYSA-N,-3.4715973532920987
UYHKCTUEZXVEFZ-UHFFFAOYSA-N__LEIFTXOWZWWNAP-UHFFFAOYSA-N,1.8263325260606096
CQPIDGFJZLDRJJ-UHFFFAOYSA-N__MAJDAQCEKGAOHQ-UHFFFAOYSA-N,3.273367529463891
MAJDAQCEKGAOHQ-UHFFFAOYSA-N__CQPIDGFJZLDRJJ-UHFFFAOYSA-N,2.9896960441762186
XJAPGXZNUGJQHG-UHFFFAOYSA-N__MFBFBINKGNJSTN-UHFFFAOYSA-N,3.958110009406057
JSVNXNXDIQYUAE-UHFFFAOYSA-N__QGRCBUCNANOWTD-UHFFFAOYSA-N,0.7218803433732629
FLPJVCMIKUWSDR-UHFFFAOYSA-N__NWQLFPJDJXDFIF-XERFOLDFSA-N,10.015658006967124
UMCOTXYUBDPQME-UHFFFAOYSA-N__AVNKTYMBWPXHGR-BYPYZUCNSA-N,4.322066176889275
AVNKTYMBWPXHGR-BYPYZUCNSA-N__UMCOTXYUBDPQME-UHFFFAOYSA-N,5.302752697375383
FFDQQGCVKXHJFQ-LEWJYISDSA-N__KALRBENUPISOEM-UHFFFAOYSA-N,4.853263116617113
AHVMMJZHTAVNAU-UHFFFAOYSA-N__SPKFXKSJXGBCBI-VIFPVBQESA-N,4.144049656248688
YLBDAWVAYQESQO-UHFFFAOYSA-N__OLLOAKJITGNJIY-UHFFFAOYSA-N,5.168099965520402
YUSPZMUAWCUFPX-UHFFFAOYSA-N__QDDRIVGRDFWIQU-UHFFFAOYSA-N,4.3287553330285045
DCOQKZXEWDJHEJ-UHFFFAOYSA-N__TYTNEZJLYLQNTD-UHFFFAOYSA-N,1.9972580984117447
QBLCFGUUPHCWQC-WFBICUIVSA-N__JTAIPAJFDBDBJZ-UHFFFAOYSA-N,7.715422939479039
WYYDMMQFLIHELA-UHFFFAOYSA-N__OMNQTJBPFDUXAT-UHFFFAOYSA-N,-0.4897257286078781
OMNQTJBPFDUXAT-UHFFFAOYSA-N__WYYDMMQFLIHELA-UHFFFAOYSA-N,4.785385178120655
WWSRYDAHOXWBLL-UHFFFAOYSA-N__POBHONNZZYNNDT-UHFFFAOYSA-N,5.746315961200126
JZLNQFDRZYMXKQ-UHFFFAOYSA-N__BZMDBYHOMDXCHL-UHFFFAOYSA-N,10.155272792847374
UUXSTNOMLCSKDW-UHFFFAOYSA-N__CUHQOKZVPPRZDW-UHFFFAOYSA-N,6.294352546326007
PYOXAYLLDWMASI-UHFFFAOYSA-N__YRYSLJKZEKVRKU-UHFFFAOYSA-N,10.472644365271206
DFVXRPFPHFEIBG-UHFFFAOYSA-N__LGZQCARYHILGCZ-UHFFFAOYSA-N,11.509254883920145
VNPDSMOEDXRMKI-UHFFFAOYSA-N__LACDJFKKAOSBLM-UHFFFAOYSA-N,5.096622303489661
UPSLNFXWRNIYCT-UHFFFAOYSA-N__ZNBXJVSAWASPOQ-UHFFFAOYSA-N,5.118140161963254
GPSVSFMCGFYTDD-UHFFFAOYSA-N__LBFBERQTZQKJEZ-AMIUJLCOSA-N,0.5771408020978264
LBFBERQTZQKJEZ-AMIUJLCOSA-N__GPSVSFMCGFYTDD-UHFFFAOYSA-N,-2.8771105651527766
NPUYJCKAEXYSIY-UHFFFAOYSA-N__UINPTYYREPNLPD-UHFFFAOYSA-N,-4.652339338354398
UINPTYYREPNLPD-UHFFFAOYSA-N__NPUYJCKAEXYSIY-UHFFFAOYSA-N,-2.3262350274929067
QMXOXBZQLJHSFE-UHFFFAOYSA-N__XRYXODKCVKIHRW-UHFFFAOYSA-N,1.6501733029585153
PZUMXBICJQKMJC-UHFFFAOYSA-N__DKVHBBHVZUMJNY-UHFFFAOYSA-N,-2.081544834049458
ZNFGGKPZALXHHG-UHFFFAOYSA-N__HVFXAIHOZQBMBB-UHFFFAOYSA-N,4.275145824365816
HVFXAIHOZQBMBB-UHFFFAOYSA-N__ZNFGGKPZALXHHG-UHFFFAOYSA-N,8.865760381078978
UUJDAAUXWRPMRE-UHFFFAOYSA-N__IHFFJZXRIPFLFN-UHFFFAOYSA-N,14.55173198163046
GWXJGCJVAKVCOF-UHFFFAOYSA-N__KDLIIUGARJRSIA-UHFFFAOYSA-N,6.271227686899509
PSRZHHRVIKJYJV-UHFFFAOYSA-N__JVDUDZKKQQLGJE-UHFFFAOYSA-N,1.593986779823449
BTSUTIFGGZCLSI-UHFFFAOYSA-N__VXLZPHDAYSUKIP-UHFFFAOYSA-N,-1.5109819306820005
PRMZMNDKZKIMGT-UHFFFAOYSA-N__YQNIBRAZYNODPE-UHFFFAOYSA-N,4.301386115888706
ZXVNSKKDXANMRP-JTQLQIEISA-N__LLQFEHSSXKHYPB-UHFFFAOYSA-N,2.637361697951849
HSBWJICYPGSOCL-UHFFFAOYSA-N__XWBKHYJTLGBWFJ-UHFFFAOYSA-N,3.617983829555636
XWBKHYJTLGBWFJ-UHFFFAOYSA-N__HSBWJICYPGSOCL-UHFFFAOYSA-N,-0.9481873293904016
GLYKOBIUTYJDPJ-UHFFFAOYSA-N__KLWMTYNKTDKTSK-UHFFFAOYSA-N,3.328260004989258
TXZLDHZZDWVHCW-UHFFFAOYSA-N__WROVBYNGYOUUFH-UHFFFAOYSA-N,-1.195832151620866
YTTZFHQACVQGHC-UHFFFAOYSA-N__FJMHRRHAWKVOCQ-UHFFFAOYSA-N,1.9438341963993475
FJMHRRHAWKVOCQ-UHFFFAOYSA-N__YTTZFHQACVQGHC-UHFFFAOYSA-N,4.103231333295736
HLVIFHPHTFGDGT-UHFFFAOYSA-N__ZOLRIDVFRAPNOR-UHFFFAOYSA-N,6.1308806074902975
AUMDKDFUCLVSQA-UHFFFAOYSA-N__VXSLOVALBGDTNB-UHFFFAOYSA-N,5.436639464709537
VXSLOVALBGDTNB-UHFFFAOYSA-N__AUMDKDFUCLVSQA-UHFFFAOYSA-N,7.65982847019396
PDOMPLRPUSHYFA-UHFFFAOYSA-N__LWCAOIHYOJVCGB-UHFFFAOYSA-N,2.2175419205365023
LWCAOIHYOJVCGB-UHFFFAOYSA-N__PDOMPLRPUSHYFA-UHFFFAOYSA-N,0.9836496812714066
JKNJZTKCKWMPFN-UHFFFAOYSA-N__KCMWOWTUEWHAMM-DQADVMEASA-N,4.114215915720518
KCMWOWTUEWHAMM-DQADVMEASA-N__JKNJZTKCKWMPFN-UHFFFAOYSA-N,3.579594041105295
DGYWEQAYTDSZQP-VBVNFKHJSA-N__NTSWOJMUEZHZAL-UHFFFAOYSA-N,2.3572185900674736
GBBGKFJFEQCILG-CMDGGOBGSA-N__LXWZLJXDTKPQFE-UHFFFAOYSA-N,12.998565620003069
NTSWOJMUEZHZAL-UHFFFAOYSA-N__DGYWEQAYTDSZQP-VBVNFKHJSA-N,5.105596565716529
VRTZUNTXASBDKY-UHFFFAOYSA-N__WXHSSETULWATCY-UHFFFAOYSA-N,12.63048728635962
KSWUNRAIUXHSEJ-UHFFFAOYSA-N__QXKIBRIPTOIAEL-UHFFFAOYSA-N,5.679042128374872
WXHSSETULWATCY-UHFFFAOYSA-N__VRTZUNTXASBDKY-UHFFFAOYSA-N,4.199875674794347
MUCQOSUEJNTBTO-UHFFFAOYSA-N__BTUWKBWVPKMCNO-OSMVPFSASA-N,0.3730208914209302
ISTWIJWACRTQGQ-KRWDZBQOSA-N__BKZOAZIVNVYTAP-VIFPVBQESA-N,3.437428393124807
YGSASDPCRZXUEJ-UHFFFAOYSA-N__JTRSNRTUJWGSGH-UHFFFAOYSA-N,4.153127482625432
JTRSNRTUJWGSGH-UHFFFAOYSA-N__YGSASDPCRZXUEJ-UHFFFAOYSA-N,-0.0264480309173763
GZGHFFPTXVUCPP-PHIMTYICSA-N__ZEWLDFUWZBTYFG-UHFFFAOYSA-N,4.390649934658426
ZEWLDFUWZBTYFG-UHFFFAOYSA-N__GZGHFFPTXVUCPP-PHIMTYICSA-N,9.633124910174775
XZOZLMDRFGMARX-INIZCTEOSA-N__XJTXRUSRBUFQTQ-UHFFFAOYSA-N,2.577707918372889
FUDLZTPRGHIKBG-UHFFFAOYSA-N__GDNSFRPCYVYPFE-UHFFFAOYSA-N,0.5589637722288464
GDNSFRPCYVYPFE-UHFFFAOYSA-N__FUDLZTPRGHIKBG-UHFFFAOYSA-N,4.266262669972257
MALCQKDSPIFOAV-UHFFFAOYSA-N__HVBRRJHJTBYQAL-UHFFFAOYSA-N,7.127824243000056
HVBRRJHJTBYQAL-UHFFFAOYSA-N__MALCQKDSPIFOAV-UHFFFAOYSA-N,5.1909617470216745
UICQTAXBNAAHHX-SECBINFHSA-N__BOUZATWESUEJND-UHFFFAOYSA-N,6.47792517527467
WBMZNSDMBCCGOH-UHFFFAOYSA-N__CNGYJVQXFQKXOK-UHFFFAOYSA-N,3.0311039345812043
SMOLRKPFEGOHHR-UHFFFAOYSA-N__GXKFJKUPRWNPME-UHFFFAOYSA-N,0.7750665876032522
QWORAMPSIANPGP-UHFFFAOYSA-N__OLRYWGFYIRSOJO-UHFFFAOYSA-N,-2.382913516633883
VKWIUJUFUCZBDF-UHFFFAOYSA-N__RIYHNESDKMHFQS-UHFFFAOYSA-N,6.885039692850069
JSALBYCNEMLEEV-UHFFFAOYSA-N__BDOCERXOSASXMP-UHFFFAOYSA-N,6.5440165385704425
BDOCERXOSASXMP-UHFFFAOYSA-N__JSALBYCNEMLEEV-UHFFFAOYSA-N,8.340089779657596
BMXPTGBVKMMIJN-UHFFFAOYSA-N__CTAZIJKCCZEJHW-ATNAJCNCSA-N,7.526849161565905
CTAZIJKCCZEJHW-ATNAJCNCSA-N__BMXPTGBVKMMIJN-UHFFFAOYSA-N,3.1948119209225987
UNQBALDEKSPRJI-UHFFFAOYSA-N__RRMNHMMXAZMUHO-JXMROGBWSA-N,2.1912248348225165
QSOXOZVRTGPKTO-UHFFFAOYSA-N__XTPAFFZOTWGLPH-UHFFFAOYSA-N,4.048224571354801
XTPAFFZOTWGLPH-UHFFFAOYSA-N__QSOXOZVRTGPKTO-UHFFFAOYSA-N,3.73154725734135
KBFGXWOJPCGZEZ-UHFFFAOYSA-N__NGJRASKKLNBZOM-UHFFFAOYSA-N,4.040743224842851
WRZUDJGFUUYVPS-UHFFFAOYSA-N__BDXOUKLRMWZONH-UHFFFAOYSA-N,9.561209897214306
ZZPSUQREZWKWMM-UHFFFAOYSA-N__JGXXSYWEBKUHAR-UHFFFAOYSA-N,4.443841164097409
BDXOUKLRMWZONH-UHFFFAOYSA-N__WRZUDJGFUUYVPS-UHFFFAOYSA-N,7.906118710551929
JXEAEDNLWXRMFA-UHFFFAOYSA-N__SCLKAMRNYTZDGS-NVQXNPDNSA-N,9.106992985018
KBOBZYFHVDWIAV-UHFFFAOYSA-N__PBWVWWUOIZITIK-UHFFFAOYSA-N,-1.888904567084419
PBWVWWUOIZITIK-UHFFFAOYSA-N__KBOBZYFHVDWIAV-UHFFFAOYSA-N,1.1031977293224822
XBGSOILLHOYRSJ-UHFFFAOYSA-N__ARINZKJFXNBIHU-UHFFFAOYSA-N,4.398049708226995
ARINZKJFXNBIHU-UHFFFAOYSA-N__XBGSOILLHOYRSJ-UHFFFAOYSA-N,10.005278228485237
WQBPYZUGYLYXQP-VDXVPGQCSA-N__OHPXXHZUQCZVHC-UHFFFAOYSA-N,9.730921076221447
OHPXXHZUQCZVHC-UHFFFAOYSA-N__WQBPYZUGYLYXQP-VDXVPGQCSA-N,9.57933660536497
KNAXGXRTSOCUSW-UHFFFAOYSA-N__WZMXYSQWZCSXPG-UHFFFAOYSA-N,-0.8896023288247646
WZMXYSQWZCSXPG-UHFFFAOYSA-N__KNAXGXRTSOCUSW-UHFFFAOYSA-N,3.4591189056227525
NLNMRCRQCDOORB-UHFFFAOYSA-N__YOHDVKQEGWLMNE-UHFFFAOYSA-N,-0.4064594148855291
WXRODUMCYZUALO-UHFFFAOYSA-N__CDBQXBDHTXAIRA-UHFFFAOYSA-N,5.827343999337385
CDBQXBDHTXAIRA-UHFFFAOYSA-N__WXRODUMCYZUALO-UHFFFAOYSA-N,4.760805739008118
KBNROSHLHSYNBV-UHFFFAOYSA-N__YJNHLGKBKBWMNT-UHFFFAOYSA-N,1.885666323494113
YJNHLGKBKBWMNT-UHFFFAOYSA-N__KBNROSHLHSYNBV-UHFFFAOYSA-N,1.8747980621607103
NHIGHALJCADISO-UHFFFAOYSA-N__WCYKUKNISBRSJU-UHFFFAOYSA-N,2.582550081760168
WCYKUKNISBRSJU-UHFFFAOYSA-N__NHIGHALJCADISO-UHFFFAOYSA-N,8.067465211311495
URRLOJSGMHAWPD-UHFFFAOYSA-N__WCJOUVLLNGNYNV-UHFFFAOYSA-N,2.731485777744413
AOVYKQGXWKQOMX-UHFFFAOYSA-N__AZLYPQVPJVOPPZ-UHFFFAOYSA-N,3.901757330995902
GXAVXHQQZLYQMO-UHFFFAOYSA-N__KFHYJDBDWSUZHB-JFIYKMOQSA-N,0.0873719618477258
JMFDVDRXRIZZGX-ZCFIWIBFSA-N__LSFCCCOTRGHEOS-UHFFFAOYSA-N,-1.7765524792378573
YERMZPQHZAPPBL-UHFFFAOYSA-N__RQYLUTCMYBMHME-UHFFFAOYSA-N,7.201819512762246
LFEHNFNWGHUURY-UHFFFAOYSA-N__FEZARQWSOHNUML-UHFFFAOYSA-N,2.58060837481708
MUZVTMUFEFGAAK-UHFFFAOYSA-N__KQBKLGIZECEKRC-UHFFFAOYSA-N,2.034116191457518
VHXMHIAIWXSFKL-UHFFFAOYSA-N__XBEUHOWSGYZENI-UHFFFAOYSA-N,10.45697826453736
XBEUHOWSGYZENI-UHFFFAOYSA-N__VHXMHIAIWXSFKL-UHFFFAOYSA-N,2.4455136585987858
BIHCWNSZSZZYRO-UHFFFAOYSA-N__DWEVRGVSQMCAFQ-UHFFFAOYSA-N,10.760448768376705
WWAWGQYTYZMULF-UHFFFAOYSA-N__YFWHYAZDDDNOKV-OAHLLOKOSA-N,2.041754015746834
XPKPTXYLURMGTO-UHFFFAOYSA-N__WDCMXCDQFOJIFH-UHFFFAOYSA-N,2.4313432414124083
YFWHYAZDDDNOKV-OAHLLOKOSA-N__WWAWGQYTYZMULF-UHFFFAOYSA-N,6.549651172124227
WDCMXCDQFOJIFH-UHFFFAOYSA-N__XPKPTXYLURMGTO-UHFFFAOYSA-N,2.972456352663874
HMUYWBOJWOJXAR-UHFFFAOYSA-N__SYJVOQQMFOUTMU-UHFFFAOYSA-N,-0.6815651575604731
SYJVOQQMFOUTMU-UHFFFAOYSA-N__HMUYWBOJWOJXAR-UHFFFAOYSA-N,-1.5470314682008903
BABVPQDLEUPIOJ-UHFFFAOYSA-N__ZSFQDYFFYKJZRR-UHFFFAOYSA-N,1.788675028785025
XTCDTRPUKAPOPL-UHFFFAOYSA-N__DMZDZEMMXIPVOS-UHFFFAOYSA-N,9.906296233528836
QDIUDKHTPFFBSG-UHFFFAOYSA-N__RZQDBELSLBLYAP-UHFFFAOYSA-N,3.8993949752140256
JWROZJJFRQDRQB-UHFFFAOYSA-N__NDOLGCHMXTVGGP-UHFFFAOYSA-N,0.0794152016790532
NDOLGCHMXTVGGP-UHFFFAOYSA-N__JWROZJJFRQDRQB-UHFFFAOYSA-N,-0.3706728793865645
AEMGFIKSJBPXOM-UHFFFAOYSA-N__RLRWUFVCWYXNHO-UHFFFAOYSA-N,4.269421792203426
RLRWUFVCWYXNHO-UHFFFAOYSA-N__AEMGFIKSJBPXOM-UHFFFAOYSA-N,5.427132151662996
ISKQXGFGMAQMHF-UHFFFAOYSA-N__GNKRKKJWKJQTNC-UHFFFAOYSA-N,0.2055427575957877
GNKRKKJWKJQTNC-UHFFFAOYSA-N__ISKQXGFGMAQMHF-UHFFFAOYSA-N,-5.555027992456679
DGAIWCVSIPIGAX-UHFFFAOYSA-N__USCWVMIOXQBKDH-UHFFFAOYSA-N,1.883566490330268
USCWVMIOXQBKDH-UHFFFAOYSA-N__DGAIWCVSIPIGAX-UHFFFAOYSA-N,-0.2273747031409963
LXSSFJDOLUQCNV-UHFFFAOYSA-N__CCXCFVRCIONBAR-UHFFFAOYSA-N,2.240359475928825
CCXCFVRCIONBAR-UHFFFAOYSA-N__LXSSFJDOLUQCNV-UHFFFAOYSA-N,-4.406326155337993
HANUKWQYWARMFE-UHFFFAOYSA-N__INCQVICTJBWOLK-UHFFFAOYSA-N,1.6921829099439216
ZYVNPVNUZUVHTO-ARQDHWQXSA-N__DKXVYZNWNZPESY-UHFFFAOYSA-N,12.693310149170914
ZBYSVQDMUUYFPH-UHFFFAOYSA-N__HTBGYIGQRLEJEW-UHFFFAOYSA-N,8.127015826527519
HTBGYIGQRLEJEW-UHFFFAOYSA-N__ZBYSVQDMUUYFPH-UHFFFAOYSA-N,12.122366097183953
LUQOMJBRJHWQEO-UHFFFAOYSA-N__XPDVDZKAWDRGJC-LBPRGKRZSA-N,5.774370833127096
UPKZIHOMBWOIFO-UHFFFAOYSA-N__MWHPEGAIDNYDNN-UHFFFAOYSA-N,3.6875047714452753
AKRUHWOWNQIWSN-UHFFFAOYSA-N__PQNMSFJNTXFGRU-UHFFFAOYSA-N,9.033197244322125
PQNMSFJNTXFGRU-UHFFFAOYSA-N__AKRUHWOWNQIWSN-UHFFFAOYSA-N,4.0147003090727615
LTJIGYLMHFAUHF-UHFFFAOYSA-N__IHNKCUYQHZQTBK-UHFFFAOYSA-N,7.897269502877662
ASIVJQHFZCLCEB-UHFFFAOYSA-N__YHMGCIQTKYZVIV-UHFFFAOYSA-N,7.58195742858277
BPTJMKRTIFNPFN-UHFFFAOYSA-N__PWUIKHABRNBBRM-UHFFFAOYSA-N,8.133576143835434
HTPFCQBRMHUAEU-VIZOYTHASA-N__SXLFGCQCGAACIS-UHFFFAOYSA-N,7.626631703826011
RICKEKXHAKUBQM-UHFFFAOYSA-N__ITOLHPZSCCGIER-UHFFFAOYSA-N,5.396783510670657
AFOLDDFPHIAUKC-UHFFFAOYSA-N__SNAJGSSDOKPWIE-UHFFFAOYSA-N,15.263597203430784
XEHFBRSBPTWJMB-UHFFFAOYSA-N__NWGXZJJKJBKNGD-WUUMULBWSA-N,2.7823543750563315
NWGXZJJKJBKNGD-WUUMULBWSA-N__XEHFBRSBPTWJMB-UHFFFAOYSA-N,3.672318565420422
TXZWERRVOGJLHX-UHFFFAOYSA-N__XJTCLRLNJFDVHM-IBGZPJMESA-N,14.33254779081323
XJTCLRLNJFDVHM-IBGZPJMESA-N__TXZWERRVOGJLHX-UHFFFAOYSA-N,15.99728490173281
QDQCMVLXGYWJKE-UHFFFAOYSA-N__HZHUKZNFLKEFFT-UHFFFAOYSA-N,2.934230201843937
AUKLBAVKVHICBW-UHFFFAOYSA-N__HSEVOKVRULNBKR-UHFFFAOYSA-N,5.474668489251141
LUPOOKUWAUCKSU-UHFFFAOYSA-N__XPBWFKORKFOPSD-UHFFFAOYSA-N,12.914902984733912
HSEVOKVRULNBKR-UHFFFAOYSA-N__AUKLBAVKVHICBW-UHFFFAOYSA-N,-1.7285976165185164
XPBWFKORKFOPSD-UHFFFAOYSA-N__LUPOOKUWAUCKSU-UHFFFAOYSA-N,10.864416334446885
OVYZBNFUCBUYAX-UHFFFAOYSA-N__IVFOHWOOCWACRP-UHFFFAOYSA-N,1.4528399137330024
IVFOHWOOCWACRP-UHFFFAOYSA-N__OVYZBNFUCBUYAX-UHFFFAOYSA-N,2.563061435129442
QJAXAHYEFPEMFY-UHFFFAOYSA-N__OLZIOSWCDJZNFK-UHFFFAOYSA-N,9.603788827194569
ABYCPGYHUTUAIB-UHFFFAOYSA-N__ZWAJDQXQVFJJTE-MRXNPFEDSA-N,4.81912046419954
YQKRPRLKBFXFIB-UHFFFAOYSA-N__GUNZWFFCOPDFCQ-ZIAGYGMSSA-N,3.2977166760336725
BXINOSJUBWNEJY-UHFFFAOYSA-N__CXIUEOSHSNYKQT-UHFFFAOYSA-N,4.258034382277276
CXIUEOSHSNYKQT-UHFFFAOYSA-N__BXINOSJUBWNEJY-UHFFFAOYSA-N,5.680564283182347
CEOWPFMVDPXLRD-UHFFFAOYSA-N__ZHFPMQYWBJJOFV-UHFFFAOYSA-N,9.644783765372711
ZHFPMQYWBJJOFV-UHFFFAOYSA-N__CEOWPFMVDPXLRD-UHFFFAOYSA-N,3.614349170250292
VYLBDMJHHXPDKJ-UHFFFAOYSA-N__SCZRPANTHDNTAF-UHFFFAOYSA-N,7.756286299671826
CCCAQAMBUHWNQF-UHFFFAOYSA-N__IFDZDYOIYBYNJC-UHFFFAOYSA-N,3.8748597136995335
IFDZDYOIYBYNJC-UHFFFAOYSA-N__CCCAQAMBUHWNQF-UHFFFAOYSA-N,9.371978143124856
BRQVTQDWCOTABP-UHFFFAOYSA-N__FPTZBJHPWJQBPN-UHFFFAOYSA-N,3.69261014965841
FPTZBJHPWJQBPN-UHFFFAOYSA-N__BRQVTQDWCOTABP-UHFFFAOYSA-N,0.123211373449569
NFXOOIAGOGQLBO-MVVMVCHASA-N__OVJZJVITAXJCFN-UHFFFAOYSA-N,6.735791862643535
OVJZJVITAXJCFN-UHFFFAOYSA-N__NFXOOIAGOGQLBO-MVVMVCHASA-N,0.6841124150150313
AKRUHWOWNQIWSN-UHFFFAOYSA-N__SVIRSPJEQHMQSZ-UHFFFAOYSA-N,8.04328254054548
SVIRSPJEQHMQSZ-UHFFFAOYSA-N__AKRUHWOWNQIWSN-UHFFFAOYSA-N,9.524306900975745
INQYRQFDMZQCII-UHFFFAOYSA-N__PBABUFWBKKMCAV-UHFFFAOYSA-N,4.853177688911528
JKHYMTAQKCFJGW-UHFFFAOYSA-N__OINVLORQINIMJF-UHFFFAOYSA-N,7.330439796950197
OINVLORQINIMJF-UHFFFAOYSA-N__JKHYMTAQKCFJGW-UHFFFAOYSA-N,5.522378709116977
NAZUXKDOBDBQIE-UHFFFAOYSA-N__SALZWABDWSVABW-UHFFFAOYSA-N,2.9559708116972576
SALZWABDWSVABW-UHFFFAOYSA-N__NAZUXKDOBDBQIE-UHFFFAOYSA-N,4.337411050958904
NRELCSAQBWEHFC-UHFFFAOYSA-N__APVLBAOVYUOJJI-FNORWQNLSA-N,5.176660090855567
RFVWIFCDNQFMFT-UHFFFAOYSA-N__WXHQRSIFNSOVMT-UHFFFAOYSA-N,2.633036255828526
BBCBZZCFKJGWPB-UHFFFAOYSA-N__WHDGGSZNJHLEOH-UHFFFAOYSA-N,4.28765455418354
WHDGGSZNJHLEOH-UHFFFAOYSA-N__BBCBZZCFKJGWPB-UHFFFAOYSA-N,5.5383453247123535
SOCRPEMNSWJTMD-UHFFFAOYSA-N__NFCHFRAZOXFEKZ-UHFFFAOYSA-N,1.2486304787471827
CBXHEDPBKOZZSI-NSHDSACASA-N__RIFZZWJHGZGMTH-UHFFFAOYSA-N,4.98435419016169
RIFZZWJHGZGMTH-UHFFFAOYSA-N__CBXHEDPBKOZZSI-NSHDSACASA-N,2.8676773448819204
ISHWSIBVHQNCOJ-UHFFFAOYSA-N__RBOYYCJHBKUKJJ-UHFFFAOYSA-N,8.90892168491462
RBOYYCJHBKUKJJ-UHFFFAOYSA-N__ISHWSIBVHQNCOJ-UHFFFAOYSA-N,6.40972194789633
LWOALHLRNKXQKM-UHFFFAOYSA-N__CIVRDNPAQSZHPF-UHFFFAOYSA-N,4.747068252551851
CIVRDNPAQSZHPF-UHFFFAOYSA-N__LWOALHLRNKXQKM-UHFFFAOYSA-N,1.946976647714968
OQVGOYOSNQVQLD-UHFFFAOYSA-N__UHLXMHJTOWAXLY-UHFFFAOYSA-N,6.324175551105307
UHLXMHJTOWAXLY-UHFFFAOYSA-N__OQVGOYOSNQVQLD-UHFFFAOYSA-N,3.543735383728884
WLCBMWGGMOQFPZ-UHFFFAOYSA-N__WFQNOQGLVPYRDS-UHFFFAOYSA-N,6.962658405054687
MWAWFIIOYSVVOA-UHFFFAOYSA-N__JPTQFCPGWUKWCX-UHFFFAOYSA-N,2.246303640952108
JPTQFCPGWUKWCX-UHFFFAOYSA-N__MWAWFIIOYSVVOA-UHFFFAOYSA-N,2.6388592527361787
JQSJTGAJRFPMGV-OALUTQOASA-N__JWYJBGFKWDGSHL-VWLOTQADSA-N,12.447792303311692
GJUQNKPGJCXOOU-UHFFFAOYSA-N__PNYFAHZOTZFWGP-UHFFFAOYSA-N,4.203051616755404
JWYJBGFKWDGSHL-VWLOTQADSA-N__JQSJTGAJRFPMGV-OALUTQOASA-N,11.793975209239992
PNYFAHZOTZFWGP-UHFFFAOYSA-N__GJUQNKPGJCXOOU-UHFFFAOYSA-N,4.908900024384253
OPBNFQFGJGBKAN-FSTBSXBUSA-N__WRHFIAQZSCZHQK-UHFFFAOYSA-N,10.99530918857693
WRHFIAQZSCZHQK-UHFFFAOYSA-N__OPBNFQFGJGBKAN-FSTBSXBUSA-N,2.319735655577716
FPKQZDLXIAGOPE-UHFFFAOYSA-N__UQMHWWMZIIQEFH-SECBINFHSA-N,1.5178087806763894
UQMHWWMZIIQEFH-SECBINFHSA-N__FPKQZDLXIAGOPE-UHFFFAOYSA-N,3.066276108775384
CYXSOPQTDUFTJV-UHFFFAOYSA-N__BEFBAEJSHZOAKC-UHFFFAOYSA-N,-1.4241006948871575
BEFBAEJSHZOAKC-UHFFFAOYSA-N__CYXSOPQTDUFTJV-UHFFFAOYSA-N,0.938646391294678
VCUILRLOJMHSMR-MVIOUDGNSA-N__HYDKYHAQPVZNOP-UHFFFAOYSA-N,4.136553728642486
HYDKYHAQPVZNOP-UHFFFAOYSA-N__VCUILRLOJMHSMR-MVIOUDGNSA-N,0.781526008647109
KFPMXRGRVOUGGP-BQYQJAHWSA-N__SUJICNGVSVRGON-XUQKIGAKSA-N,3.586564648604083
SUJICNGVSVRGON-XUQKIGAKSA-N__KFPMXRGRVOUGGP-BQYQJAHWSA-N,6.300291918043733
VWXLTKJCWZRBGO-YFKPBYRVSA-N__WGKZGYWVJYXTQF-UHFFFAOYSA-N,4.099004646821402
XSRXQYVQHMLQEY-UHFFFAOYSA-N__OTPGWDMMDUUSOT-UHFFFAOYSA-N,6.881209072384212
DFSXJMFTYVJFNX-UHFFFAOYSA-N__RUXCYFPILXGOOQ-UHFFFAOYSA-N,2.8391479728727327
BYRMWYXLDWRVHO-UHFFFAOYSA-N__URNHVZDSCZPAMW-UHFFFAOYSA-N,1.0851508019225786
URNHVZDSCZPAMW-UHFFFAOYSA-N__BYRMWYXLDWRVHO-UHFFFAOYSA-N,-1.428102188813095
MDNCPXJMIZIWMS-UHFFFAOYSA-N__VTSIHWQMRXCCOT-UHFFFAOYSA-N,3.4996979199956995
VTSIHWQMRXCCOT-UHFFFAOYSA-N__MDNCPXJMIZIWMS-UHFFFAOYSA-N,1.395505512982799
XFFPSNGANCCBCW-UHFFFAOYSA-N__FLTWLYWVRCEBGB-UHFFFAOYSA-N,0.3416590152612823
HWWOGKWMIOQRRX-UHFFFAOYSA-N__QKOPEQRDHZMMJQ-QXMHVHEDSA-N,2.704785698213004
QKOPEQRDHZMMJQ-QXMHVHEDSA-N__HWWOGKWMIOQRRX-UHFFFAOYSA-N,7.664908948757764
FRYKIPDMAMKMDF-UHFFFAOYSA-N__CFKGGYABZGKDEO-UHFFFAOYSA-N,2.2228976928564146
RQZDUONJBNIZNH-UHFFFAOYSA-N__SQKDYZDLBBSUKS-UHFFFAOYSA-N,2.430949761106564
FYPVFEKKSCOGHJ-UHFFFAOYSA-N__VZUNHYHYJILSNH-UHFFFAOYSA-N,2.623870303612406
VZUNHYHYJILSNH-UHFFFAOYSA-N__FYPVFEKKSCOGHJ-UHFFFAOYSA-N,7.029367943896573
FERLVEKCFKGWOF-DUXPYHPUSA-N__JVLYDFMDYFIFJB-KUUHDYPXSA-N,-0.6595946733569437
CIWRIXPCXPCBKW-UHFFFAOYSA-N__LWWMLWVMGZZYGL-UHFFFAOYSA-N,2.827449931563628
KZJWONLCWKXPDD-UHFFFAOYSA-N__AYRJFVUVGCHPSS-UHFFFAOYSA-N,4.136761599658476
LWWMLWVMGZZYGL-UHFFFAOYSA-N__CIWRIXPCXPCBKW-UHFFFAOYSA-N,-0.744019848847676
RCDOFORIMICXGB-UHFFFAOYSA-N__GNGWLCLWAZJBBV-ZDUSSCGKSA-N,2.954744131682192
GNGWLCLWAZJBBV-ZDUSSCGKSA-N__RCDOFORIMICXGB-UHFFFAOYSA-N,2.7601663805057584
JVLYDFMDYFIFJB-KUUHDYPXSA-N__FERLVEKCFKGWOF-DUXPYHPUSA-N,8.111625765048265
CRJWUVBIDGECLM-UHFFFAOYSA-N__SFZVALXGTALZPQ-UHFFFAOYSA-N,8.948496605215771
SFZVALXGTALZPQ-UHFFFAOYSA-N__CRJWUVBIDGECLM-UHFFFAOYSA-N,-2.2491912629086843
QKFZRMAXMAKAOA-UHFFFAOYSA-N__CWTJEUUGKHHZFN-UHFFFAOYSA-N,0.9032542971168748
QIXLXBADOFQFCC-UHFFFAOYSA-N__WPONLEWKUHGAEI-UHFFFAOYSA-N,4.657719250699924
LLUXLMGMIIVFBU-UHFFFAOYSA-N__RKIKORNQASABHZ-UHFFFAOYSA-N,4.598185399283567
WPONLEWKUHGAEI-UHFFFAOYSA-N__QIXLXBADOFQFCC-UHFFFAOYSA-N,3.737047794694377
GHSXVHVIWHOHSO-UHFFFAOYSA-N__MRMKVDUSMPKGAX-OAQYLSRUSA-N,-1.1222809755189886
MEYGPVWNDAFEBJ-GPFWEFOESA-N__HCGVIAAVISYZPU-UHFFFAOYSA-N,9.136127191574754
LWAMVPUODLCXDN-UHFFFAOYSA-N__AIQXAYXTTSJKFC-UHFFFAOYSA-N,8.792771806785922
AIQXAYXTTSJKFC-UHFFFAOYSA-N__LWAMVPUODLCXDN-UHFFFAOYSA-N,10.256640282146412
AHMFAOXSMZIGBB-FQEVSTJZSA-N__QKNCJGMIWUQWEN-MOENNCHZSA-N,6.985921910790912
UPMCBUJBSJIUAM-UHFFFAOYSA-N__XMVYTPYSDIXKSA-UHFFFAOYSA-N,-0.617392707074461
PNCSIHXMGJJNKD-UHFFFAOYSA-N__KYANSQIWFIOLIH-UHFFFAOYSA-N,3.2282744846800955
LTKZLVBKVJFWAP-UHFFFAOYSA-N__BGNUQQQCSWQESZ-UHFFFAOYSA-N,4.335876060023004
DHFKBQNLCNKAIE-UHFFFAOYSA-N__GJMSJZDRVCUHQT-UHFFFAOYSA-N,10.788462880298963
GHLGBZWPLLEBBH-XFMQDLBBSA-N__HFXWDDFNHNJDKP-UHFFFAOYSA-N,0.924407498110803
HFXWDDFNHNJDKP-UHFFFAOYSA-N__GHLGBZWPLLEBBH-XFMQDLBBSA-N,3.98102566840372
NXVKYUOTGXYRRE-UHFFFAOYSA-N__WGTAWKJMKWLEGK-UHFFFAOYSA-N,4.30880035284124
WGTAWKJMKWLEGK-UHFFFAOYSA-N__NXVKYUOTGXYRRE-UHFFFAOYSA-N,2.784866435351653
KXBVOYGCJUGACL-UHFFFAOYSA-N__FBJCCVJUJYKETO-BBRMVZONSA-N,9.994455229539344
HLPQTQDJEXCBDP-UHFFFAOYSA-N__FJFGRYARPGRTQS-UHFFFAOYSA-N,2.398745980383638
VQOJUZBHMYFQBX-UHFFFAOYSA-N__QOEZQCXMXDRFME-UHFFFAOYSA-N,0.8633360516503046
LMKXMJMRHAPHES-UHFFFAOYSA-N__KQCNIQOOVCFQQN-UHFFFAOYSA-N,3.868083498390144
ICBFHFWQUVFMHF-UHFFFAOYSA-N__DJKVLEKCCRZINA-UHFFFAOYSA-N,2.381859926599268
DJKVLEKCCRZINA-UHFFFAOYSA-N__ICBFHFWQUVFMHF-UHFFFAOYSA-N,-0.4009392514466988
DMYYIYGCKQZCLT-UHFFFAOYSA-N__NACVOLSGFQAFPC-UHFFFAOYSA-N,-1.7535339547187063
RMSJDMKMZCXNEB-UHFFFAOYSA-N__SKSOOXURDAJIPH-UHFFFAOYSA-N,3.0804784152479217
PTQKNSUWBLOMKP-UHFFFAOYSA-N__QLTMBSKFPNWYRY-UHFFFAOYSA-N,8.519276910337922
YBXPINVIVDYVKR-UHFFFAOYSA-N__OFJPDEHDXLJBOU-UHFFFAOYSA-N,1.887794352409338
SJEHDQSNORECQR-BQYQJAHWSA-N__MGPSSFJMWPHEQF-UHFFFAOYSA-N,3.0154480104366987
MGPSSFJMWPHEQF-UHFFFAOYSA-N__SJEHDQSNORECQR-BQYQJAHWSA-N,1.9815846748139505
OGFKMNSELMYAHS-UHFFFAOYSA-N__UBPDBBKOVLFPQZ-UHFFFAOYSA-N,18.88896332736213
LNJBZGHFIAYZHS-UHFFFAOYSA-N__PBVQZXROEZKVPO-UHFFFAOYSA-N,3.505277507439634
KWIFQBLXLJEGGR-UHFFFAOYSA-N__YBEZORYMVISYOA-UHFFFAOYSA-N,5.046096557862451
HMKSYCQTKQDFQP-UHFFFAOYSA-N__HBUYVXWHCZLMLE-UHFFFAOYSA-N,-0.4957286189365391
ABDJRKSCTMVOOR-UHFFFAOYSA-N__CNSNWLAAJWUWGJ-UHFFFAOYSA-N,8.00063932162963
CNSNWLAAJWUWGJ-UHFFFAOYSA-N__ABDJRKSCTMVOOR-UHFFFAOYSA-N,8.661193949626995
OKGOODRCJKUPCF-KRWDZBQOSA-N__JPCJPCMYCWSGSS-YJBOKZPZSA-N,5.738392976464445
PNXZCWIRQQNXDD-UHFFFAOYSA-N__IQYSGMQBWUIFHD-UHFFFAOYSA-N,-2.395318651055001
VZVLSEHPVQUNKC-UHFFFAOYSA-N__UYNATJDXAZUIBH-UHFFFAOYSA-N,2.566701895697096
CDPYSRCWXDFHBW-UHFFFAOYSA-N__WRJMCGCHCCGPDC-UHFFFAOYSA-N,7.12861275917102
FCLAQRRRNCZJOB-UHFFFAOYSA-N__KWXGPKSTJVPLJN-UHFFFAOYSA-N,0.983639300936262
KWXGPKSTJVPLJN-UHFFFAOYSA-N__FCLAQRRRNCZJOB-UHFFFAOYSA-N,3.688575504520699
GJXAUNSIJDJNKA-UHFFFAOYSA-N__JDYJNZIJGFEQBU-UHFFFAOYSA-N,-1.4395268149509288
JDYJNZIJGFEQBU-UHFFFAOYSA-N__GJXAUNSIJDJNKA-UHFFFAOYSA-N,3.257953400511364
LHTHVTVTLKMDSK-UHFFFAOYSA-N__DPTJDPFLHUJXSQ-UHFFFAOYSA-N,3.117027661184669
LPXZKRZDPGDLDF-UHFFFAOYSA-N__PTHPDUXOHRPZAU-UHFFFAOYSA-N,-1.6461044500700324
PTHPDUXOHRPZAU-UHFFFAOYSA-N__LPXZKRZDPGDLDF-UHFFFAOYSA-N,-0.0103907467977498
JWKLQBRAMOKYDJ-UHFFFAOYSA-N__XSUIGYPJBUZGRX-UHFFFAOYSA-N,10.827404662221722
XSUIGYPJBUZGRX-UHFFFAOYSA-N__JWKLQBRAMOKYDJ-UHFFFAOYSA-N,6.645911719232786
LOZOIDHCMWKHSZ-UHFFFAOYSA-N__UOYUAJMRJDTJJK-UHFFFAOYSA-N,8.278635089833866
RLQCPIJTMHULSN-UHFFFAOYSA-N__USPMNXQVFJTZGC-UHFFFAOYSA-N,4.30574252295141
SOUURKOMWLCQRZ-UHFFFAOYSA-N__LOUGXFZIQDPARV-UHFFFAOYSA-N,3.289133791664248
USPMNXQVFJTZGC-UHFFFAOYSA-N__RLQCPIJTMHULSN-UHFFFAOYSA-N,6.129304075809457
HFXWFSWEAKFHNL-UHFFFAOYSA-N__VNIALCYPXMCJBV-UHFFFAOYSA-N,3.393928015462606
VNIALCYPXMCJBV-UHFFFAOYSA-N__HFXWFSWEAKFHNL-UHFFFAOYSA-N,7.172968931139
CAVLCVOHYPZDAM-UHFFFAOYSA-N__GSSHZJWTOWLBBW-YUTBPMSOSA-N,-0.2379220438569283
APGROXPUDTZKIY-UHFFFAOYSA-N__MFDNLKALCTTZTR-UHFFFAOYSA-N,-2.986866739320013
XNKRRYDKBSNUKW-UHFFFAOYSA-N__KJPDFKKTBYKYQP-UHFFFAOYSA-N,8.367940378865034
CQLXVKDYSBBUAV-UHFFFAOYSA-N__LXSFRSDEYUXSCS-RGURZIINSA-N,1.5482331496899846
LXSFRSDEYUXSCS-RGURZIINSA-N__CQLXVKDYSBBUAV-UHFFFAOYSA-N,5.446205279483251
GSSHZJWTOWLBBW-YUTBPMSOSA-N__CAVLCVOHYPZDAM-UHFFFAOYSA-N,7.33945814075205
LEUGWPTYVRTOEO-UHFFFAOYSA-N__QQRNEBQSENRDON-TZMCWYRMSA-N,5.265502771468404
IAGMJZLCUIIDAO-UHFFFAOYSA-N__YFBAKWQKSNTXRV-UHFFFAOYSA-N,4.970556101884054
YTOXOTPJKWBGKL-UHFFFAOYSA-N__YYMBBKSDGFKTCI-UHFFFAOYSA-N,2.753633599700276
YYMBBKSDGFKTCI-UHFFFAOYSA-N__YTOXOTPJKWBGKL-UHFFFAOYSA-N,5.381752573930892
BBBHULMPWUMTLV-SOFGYWHQSA-N__SJLIQPXFVZOSRT-UHFFFAOYSA-N,2.202136154650163
AQALMCLGKLZTCH-ZJUUUORDSA-N__YECQEQWWCMOETO-UHFFFAOYSA-N,9.57271777976664
YECQEQWWCMOETO-UHFFFAOYSA-N__AQALMCLGKLZTCH-ZJUUUORDSA-N,3.3616931501638447
BYYKMKZIRCMSIZ-OAQYLSRUSA-N__YATOCXIXNLHWFQ-UHFFFAOYSA-N,3.3591152313911063
YATOCXIXNLHWFQ-UHFFFAOYSA-N__BYYKMKZIRCMSIZ-OAQYLSRUSA-N,11.631022694938478
XGCJFBQLOMAEHA-UHFFFAOYSA-N__GPTCQPSAUDKAHG-UHFFFAOYSA-N,2.3611771479178647
GPTCQPSAUDKAHG-UHFFFAOYSA-N__XGCJFBQLOMAEHA-UHFFFAOYSA-N,8.024512647764475
MMKXDZYYLZFVBP-KAYWLYCHSA-N__DVPPJQUDUQPTET-UHFFFAOYSA-N,-0.5862666059033494
LJODMDFMMHXAQD-UHFFFAOYSA-N__XLPTYSDPOCRVSJ-UHFFFAOYSA-N,5.755488641664899
XLPTYSDPOCRVSJ-UHFFFAOYSA-N__LJODMDFMMHXAQD-UHFFFAOYSA-N,6.11414741592266
YECJFELFJPWKPS-GFCCVEGCSA-N__YOFVBFNYUKLOLC-UHFFFAOYSA-N,1.363949208179233
QXDQRMZAOJVPQF-UHFFFAOYSA-N__VNMIWVDGHNOXMB-MFCFKLCOSA-N,9.936234298615332
VNMIWVDGHNOXMB-MFCFKLCOSA-N__QXDQRMZAOJVPQF-UHFFFAOYSA-N,14.17457082199068
YJWRPRQAWAXJIC-UHFFFAOYSA-N__KJJJFRXSKKUBAR-UHFFFAOYSA-N,3.765344133865333
TWUNANFOBIKHGE-UHFFFAOYSA-N__CPWMLYGFXKSFRR-UHFFFAOYSA-N,5.720727507297768
BKEFOQWTCPIQAE-UHFFFAOYSA-N__YQBKMKPAKVZXEF-UHFFFAOYSA-N,-3.59661737526069
YQBKMKPAKVZXEF-UHFFFAOYSA-N__BKEFOQWTCPIQAE-UHFFFAOYSA-N,0.602133532799529
QPZQXOGFJXTQKX-UHFFFAOYSA-N__KCQWLULHQBVWKN-UHFFFAOYSA-N,9.49164984461942
KCQWLULHQBVWKN-UHFFFAOYSA-N__QPZQXOGFJXTQKX-UHFFFAOYSA-N,7.450449886341379
OZMMQJGKRNVOCX-UHFFFAOYSA-N__VNFHDQRNQUQRPM-UHFFFAOYSA-N,0.7661037725234245
VNFHDQRNQUQRPM-UHFFFAOYSA-N__OZMMQJGKRNVOCX-UHFFFAOYSA-N,4.433928108258063
QGFIIQKAZWOZEF-UHFFFAOYSA-N__HBIOASKCQSACJZ-SIPOYVIUSA-N,5.606059536617967
OILZEZQERWEKGV-UHFFFAOYSA-N__BUGKLXFWSJVIFJ-ZIAGYGMSSA-N,2.8015493634140616
ZIXDPEUAHLROFS-UHFFFAOYSA-N__MSSPIOBIUVYQDZ-UHFFFAOYSA-N,-0.1360691487246122
UCRAAKZYGWMEMP-IAPIXIRKSA-N__YNQXBZWOELBBQT-UHFFFAOYSA-N,6.788548955142996
CMMDGFXXTCDMQT-UHFFFAOYSA-N__SEQBGRULMRPZNS-UHFFFAOYSA-N,1.881375340878896
FGFAFVREKOIXLY-UHFFFAOYSA-N__HDXWSQGDZOEFAL-KRWDZBQOSA-N,1.7260635916263607
LPZAELPBFFNPGT-UHFFFAOYSA-N__STGPKASWTIWUML-UHFFFAOYSA-N,6.125523618616736
HDXWSQGDZOEFAL-KRWDZBQOSA-N__FGFAFVREKOIXLY-UHFFFAOYSA-N,10.64488082607844
XYVBLIHPMBMXPN-UHFFFAOYSA-N__BKHFMAZIYXOIFV-UHFFFAOYSA-N,-2.099362713496705
WWUTYBUIVGCNFU-UHFFFAOYSA-N__SYIQRURPXGZUGQ-UHFFFAOYSA-N,2.2077527956515666
SYIQRURPXGZUGQ-UHFFFAOYSA-N__WWUTYBUIVGCNFU-UHFFFAOYSA-N,6.408994522008754
GPHCCBPGWBXUJR-UHFFFAOYSA-N__QGJNZARLLQNXMC-UHFFFAOYSA-N,-3.673085807846925
QNBPFVLWNOYDRA-UHFFFAOYSA-N__ORGMINGOIZGLMT-UHFFFAOYSA-N,1.8256427844436207
ORGMINGOIZGLMT-UHFFFAOYSA-N__QNBPFVLWNOYDRA-UHFFFAOYSA-N,5.055549816633152
RSUANEZLDHOKBZ-UHFFFAOYSA-N__PZWUENOVPKZPIC-UHFFFAOYSA-N,10.043055940494469
JQBNAAZURLCIMC-UHFFFAOYSA-N__CXUPCVJCGJSHDV-UHFFFAOYSA-N,-1.238051640898695
QDZWWXKWPHXMEU-UHFFFAOYSA-N__YFHQMTVIQKYRHS-UHFFFAOYSA-N,7.919179574666376
YFHQMTVIQKYRHS-UHFFFAOYSA-N__QDZWWXKWPHXMEU-UHFFFAOYSA-N,5.187108820670492
YWWSTWLNICEXHR-UHFFFAOYSA-N__IGSFIDWIZZWOIL-UHFFFAOYSA-N,3.0837352785367487
SICCPCWPYFZINN-UHFFFAOYSA-N__ZNSREUIGCPVJAW-UHFFFAOYSA-N,6.489743885037073
ZNSREUIGCPVJAW-UHFFFAOYSA-N__SICCPCWPYFZINN-UHFFFAOYSA-N,1.2493678094916838
KNMMZWGGJDRXDG-LBPRGKRZSA-N__ABKYCVDVDLUYCC-UHFFFAOYSA-N,6.730632742693206
SUQUGEFVWCEBNM-ARLHGKGLSA-N__KFAHGIDTPHTXNS-UHFFFAOYSA-N,-0.4881430376114375
KFAHGIDTPHTXNS-UHFFFAOYSA-N__SUQUGEFVWCEBNM-ARLHGKGLSA-N,-0.3795875687939903
XFQZJNCEQHUARG-UHFFFAOYSA-N__TWGAXZULABPGAB-UHFFFAOYSA-N,6.840422756499045
YUIJKQQPHVNLMX-UHFFFAOYSA-N__MSBUXWHBPNPGTG-UHFFFAOYSA-N,0.7174321997616397
PAYBMYBMDOXEGT-UHFFFAOYSA-N__TWFCZUGVMRJAGJ-UHFFFAOYSA-N,0.3362210483449951
TWFCZUGVMRJAGJ-UHFFFAOYSA-N__PAYBMYBMDOXEGT-UHFFFAOYSA-N,1.1885687094643915
GLVPMDFOMOFSGC-UHFFFAOYSA-N__HDCNNWKCZNRAHO-UHFFFAOYSA-N,7.597390354369965
HDCNNWKCZNRAHO-UHFFFAOYSA-N__GLVPMDFOMOFSGC-UHFFFAOYSA-N,5.266035749521717
CTJIVISVEYYFHX-UHFFFAOYSA-N__SVDAFOUTWJGQSO-JZJYNLBNSA-N,5.247923699797396
SVDAFOUTWJGQSO-JZJYNLBNSA-N__CTJIVISVEYYFHX-UHFFFAOYSA-N,3.938369806047618
WSHJXUDTDGAWHY-LBPRGKRZSA-N__FYCOPKBBONURNI-UHFFFAOYSA-N,1.3123722045365378
KEBLLWVNDGQEFM-UHFFFAOYSA-N__OHBIDKUEXHLMNQ-UHFFFAOYSA-N,2.7397310341976384
JVLNRPUIZYLLQQ-UHFFFAOYSA-N__OYBFEPUHSRVSBE-UHFFFAOYSA-N,3.968119442861242
XFHWAQNDUZXGPF-UHFFFAOYSA-N__LCKDSXAASZEOEH-UHFFFAOYSA-N,2.7624160238369497
OZXJYZOFDAFOKA-UHFFFAOYSA-N__YGKAIPKSMWWXOW-UHFFFAOYSA-N,12.507120681149576
YGKAIPKSMWWXOW-UHFFFAOYSA-N__OZXJYZOFDAFOKA-UHFFFAOYSA-N,10.99191502843764
DIJBWVZCLRDCHJ-UHFFFAOYSA-N__MXUFLFIECOAXFH-UHFFFAOYSA-N,6.836795478199399
MXUFLFIECOAXFH-UHFFFAOYSA-N__DIJBWVZCLRDCHJ-UHFFFAOYSA-N,-0.2480913307351455
GRTKRHZVOQHMSY-UHFFFAOYSA-N__FWSASYNQVFBLKD-UHFFFAOYSA-N,1.4949462404788143
FWSASYNQVFBLKD-UHFFFAOYSA-N__GRTKRHZVOQHMSY-UHFFFAOYSA-N,6.209146849761008
YPNGEFMUSFEBOX-KIYNQFGBSA-N__QORLPEBUYRNEAD-UHFFFAOYSA-N,3.697820714639888
MIZDCJVWRWQQIU-UHFFFAOYSA-N__OPDQOKREXYCJHD-JGVPYUGNSA-N,17.110136357007622
IMBKSCCIYDGIDI-UHFFFAOYSA-N__MIBUGDHIUHMDAX-UHFFFAOYSA-N,0.8225702236329199
TVMPATOFWAHPAV-UHFFFAOYSA-N__PEXYNXMCESXESH-UHFFFAOYSA-N,6.213205673661717
IZNYTEOHHOIALU-UHFFFAOYSA-N__PKJFHFAHSSEMEI-UHFFFAOYSA-N,3.386327608419875
PKJFHFAHSSEMEI-UHFFFAOYSA-N__IZNYTEOHHOIALU-UHFFFAOYSA-N,-5.55669978429037
SRWUIJALJXADCI-UHFFFAOYSA-N__UVXYZOMVLNVZMC-UHFFFAOYSA-N,14.414599929704684
LPIJXOLXDWXNSK-UHFFFAOYSA-N__MAOCVDHBCGLDQN-UHFFFAOYSA-N,8.20374226187079
MAOCVDHBCGLDQN-UHFFFAOYSA-N__LPIJXOLXDWXNSK-UHFFFAOYSA-N,3.3827542416455936
QGSPRMBQCFLZLV-UHFFFAOYSA-N__QQQZHLQPDGYFAJ-UHFFFAOYSA-N,-1.5243832412676304
QQQZHLQPDGYFAJ-UHFFFAOYSA-N__QGSPRMBQCFLZLV-UHFFFAOYSA-N,9.220194077997697
DFPCVSATACDYPX-UHFFFAOYSA-N__BVXRRCKMVANQDI-UHFFFAOYSA-N,1.7382113254677345
BVXRRCKMVANQDI-UHFFFAOYSA-N__DFPCVSATACDYPX-UHFFFAOYSA-N,3.410995438754981
OBGJRHWMXKTFID-SECBINFHSA-N__WWJVKJQQFZGSQX-UHFFFAOYSA-N,5.027226119308682
PDFMGVZOHYQZAD-UHFFFAOYSA-N__BYRMWYXLDWRVHO-UHFFFAOYSA-N,1.048346689672891
VTHFTGVDWFXTJD-UHFFFAOYSA-N__RWBVEYVFTZFSSD-UHFFFAOYSA-N,5.934041418839975
RWBVEYVFTZFSSD-UHFFFAOYSA-N__VTHFTGVDWFXTJD-UHFFFAOYSA-N,0.4297770652491571
GVXPCFVWPBMKKE-UHFFFAOYSA-N__YNPMAKOIXHNGCE-UHFFFAOYSA-N,-0.2993715843193183
SXBBUOHMDGHWFM-UHFFFAOYSA-N__OUSPGIGFZOYEPN-UHFFFAOYSA-N,-0.4511393300923171
OUSPGIGFZOYEPN-UHFFFAOYSA-N__SXBBUOHMDGHWFM-UHFFFAOYSA-N,-1.1372360680966815
PGMMNVQTXCVTSZ-UHFFFAOYSA-N__OTWHZCJQMQNFLX-UHFFFAOYSA-N,2.6418726626161138
SSBWXGWXNQDLMO-UHFFFAOYSA-N__VMXITQKCZROBEY-UHFFFAOYSA-N,-2.05983731783688
VMXITQKCZROBEY-UHFFFAOYSA-N__SSBWXGWXNQDLMO-UHFFFAOYSA-N,1.7536593950043518
ODQKIRHPVMTFCR-UHFFFAOYSA-N__WZYATGGRHPWBCT-VTOVKPRRSA-N,2.246083057153807
IRQSXUSKHUAQFO-ZDUSSCGKSA-N__DATHDLBUMDKKQN-UHFFFAOYSA-N,9.266801319874205
CAVZOIPWOMKMEX-UHFFFAOYSA-N__XAUFTJBAXRDAGX-UHFFFAOYSA-N,2.644089876834636
LWWQOCHDGNIKKD-UHFFFAOYSA-N__LISMJUFOWLEDQI-UHFFFAOYSA-N,5.944449327868877
NEQUCCGKAVEKBG-UHFFFAOYSA-N__GVUZMFVSGYDJBU-KOLCDFICSA-N,-0.7751083500715693
RZEHIFFEMXEEFU-CYBMUJFWSA-N__UJMILAIBLQWCES-UHFFFAOYSA-N,11.850030119504654
QDHYJBBBZINWOM-UHFFFAOYSA-N__RSQDNWFOVDOQKQ-UHFFFAOYSA-N,3.881086996360659
GRJFQSLPBBCVBC-UHFFFAOYSA-N__XGHAEWVTLRVPDA-UHFFFAOYSA-N,0.4563357995166411
XGHAEWVTLRVPDA-UHFFFAOYSA-N__GRJFQSLPBBCVBC-UHFFFAOYSA-N,6.006422014650712
ZXAQAAPWUXODNL-UHFFFAOYSA-N__SXJUSRKULDPSER-UHFFFAOYSA-N,-0.9720692765553104
DWOWLCHHOHLBET-OGLMXYFKSA-N__PTXWZLDJJGBMCO-UHFFFAOYSA-N,2.024028791987497
PTXWZLDJJGBMCO-UHFFFAOYSA-N__DWOWLCHHOHLBET-OGLMXYFKSA-N,4.056075870169134
DRSDRQATAGJPIW-KRWDZBQOSA-N__XZCQRDNWQKSUDD-UHFFFAOYSA-N,11.460087520566882
XZCQRDNWQKSUDD-UHFFFAOYSA-N__DRSDRQATAGJPIW-KRWDZBQOSA-N,14.379194626649214
VEZJWQNXDLWTMV-UHFFFAOYSA-N__NZYZNXKTNWAJTB-PKNBQFBNSA-N,5.011694340137289
NZYZNXKTNWAJTB-PKNBQFBNSA-N__VEZJWQNXDLWTMV-UHFFFAOYSA-N,-0.978917001291957
ZQGPAXVSPFAFNP-SECBINFHSA-N__GHUSBDBKHXOZRT-UHFFFAOYSA-N,2.0475384456280885
BADZIZBONOXXJG-UHFFFAOYSA-N__UAJQLZMUPILOBU-UGKGYDQZSA-N,10.492071211219129
MSTRXBNWNQMJRO-UHFFFAOYSA-N__UUGBFMDNZSIJNZ-UHFFFAOYSA-N,1.583717177171235
QKUSOKJDASMZAD-QGZVFWFLSA-N__KSYZILNEGZHINJ-UHFFFAOYSA-N,5.49206113686309
GUBHZUWZTFZWRU-UHFFFAOYSA-N__LXZYPAHTCNJZJU-UHFFFAOYSA-N,4.997661979995811
DVPKGWVDDJEVDL-UHFFFAOYSA-N__ICODFSSQTITYTI-UHFFFAOYSA-N,14.39050514147445
LXZYPAHTCNJZJU-UHFFFAOYSA-N__GUBHZUWZTFZWRU-UHFFFAOYSA-N,14.774864711083833
ICODFSSQTITYTI-UHFFFAOYSA-N__DVPKGWVDDJEVDL-UHFFFAOYSA-N,3.52752599737294
AJECQKYHCZHYIT-UHFFFAOYSA-N__PCPICPGMEBRTKB-UHFFFAOYSA-N,4.306226629120443
PCPICPGMEBRTKB-UHFFFAOYSA-N__AJECQKYHCZHYIT-UHFFFAOYSA-N,-2.767645143811961
IVFOHWOOCWACRP-UHFFFAOYSA-N__LOULBMVUFLBOMD-UHFFFAOYSA-N,-5.79093874475614
LOULBMVUFLBOMD-UHFFFAOYSA-N__IVFOHWOOCWACRP-UHFFFAOYSA-N,1.220285523872334
MLZDZNDNGTTYAM-UHFFFAOYSA-N__IBZHPVHMOMEGSR-LRTDYKAYSA-N,1.9086224777553515
BANPWWOIAZEKPI-UHFFFAOYSA-N__SFBHBXNYXXLNQC-OKILXGFUSA-N,-4.198213199337489
OYSGDZHBMLDEFX-UHFFFAOYSA-N__AJXWRBHJUJOFCT-MNOVXSKESA-N,1.429146552715432
VNNAKSAJEAGVIC-UHFFFAOYSA-N__UVGCMXZLCBASKC-UHFFFAOYSA-N,6.9576827550632565
NPGHNKUSUZBUSQ-ZYXZCXLHSA-N__FNLZRJFSPVDFRL-UHFFFAOYSA-N,2.266429570576094
NZIUICVHDCFFNV-UHFFFAOYSA-N__KCHFYKPIADOPBJ-UHFFFAOYSA-N,4.93306092919846
OZJALDLEPMQXGZ-UHFFFAOYSA-N__FVDBGVXCOUCUJN-UHFFFAOYSA-N,3.802983695802869
KCHFYKPIADOPBJ-UHFFFAOYSA-N__NZIUICVHDCFFNV-UHFFFAOYSA-N,3.449825935303768
WRLZSYDDLMBHHW-UHFFFAOYSA-N__DSBHGIRVYCJWEN-UHFFFAOYSA-N,9.256016778163117
DSBHGIRVYCJWEN-UHFFFAOYSA-N__WRLZSYDDLMBHHW-UHFFFAOYSA-N,5.626750862278963
ZAFHARZLOLQXBR-RGURZIINSA-N__QAOFDUOBZPDQLQ-UHFFFAOYSA-N,3.662324492372927
VDHLWKJCKSCHKL-UHFFFAOYSA-N__SFRLIVXLIZOLPK-UHFFFAOYSA-N,1.9667475207383165
SFRLIVXLIZOLPK-UHFFFAOYSA-N__VDHLWKJCKSCHKL-UHFFFAOYSA-N,2.3786592819574266
PCIZJUKFLBHUQK-UHFFFAOYSA-N__WFIUXAZKESJWFT-UHFFFAOYSA-N,13.833913776665565
WFIUXAZKESJWFT-UHFFFAOYSA-N__PCIZJUKFLBHUQK-UHFFFAOYSA-N,-2.160259706748953
KPFTUGHKKLRMJG-UHFFFAOYSA-N__FLXJYCLKNFZIMY-BUSXIPJBSA-N,13.481871182877638
ZDYSPIWJBFWKCN-UHFFFAOYSA-N__PUTJFIQGLGDLIT-RNDOZLNUSA-N,13.569587593631656
SFMLXZVPILGXKK-UHFFFAOYSA-N__HNHVSRMHIMZZLH-UHFFFAOYSA-N,11.331582612649076
RWAUPDBWECXKKL-UHFFFAOYSA-N__FIUSYIIDRKTEPR-UHFFFAOYSA-N,13.757602346844577
KTMZHOITYCWAQA-UHFFFAOYSA-N__OAYOREDZDMUDMH-UHFFFAOYSA-N,8.43427869263531
NBMDUYBNLUMKFR-HNNXBMFYSA-N__MELQJSJVVBQOKA-UHFFFAOYSA-N,6.794610107783241
OTZSMPIOUGPDMW-UHFFFAOYSA-N__FTZILAQGHINQQR-ZCFIWIBFSA-N,0.6055779108580658
CLXBVFPEGZBNQW-UHFFFAOYSA-N__ZUWDWQBENZNVTO-UHFFFAOYSA-N,8.44594659311972
ZUWDWQBENZNVTO-UHFFFAOYSA-N__CLXBVFPEGZBNQW-UHFFFAOYSA-N,4.5700007140981285
ZQBMKGQMJPYKNE-UHFFFAOYSA-N__OBCJHVLJQJVBSQ-WVDARTDPSA-N,11.930910991604303
DVICGENITYJGKG-UHFFFAOYSA-N__BJRQIXRRYQBELL-UHFFFAOYSA-N,1.392971740347355
BNSVDTUUGQCWSK-XMMPIXPASA-N__BLSFWUOJHCVAHD-UHFFFAOYSA-N,4.303321334926144
BLSFWUOJHCVAHD-UHFFFAOYSA-N__BNSVDTUUGQCWSK-XMMPIXPASA-N,0.7093525641074616
PSIKYMDHQTXTCS-UHFFFAOYSA-N__AZZGEAAWPJOTSX-UHFFFAOYSA-N,2.5656743055819646
MGPNWSNUKDKEBZ-UHFFFAOYSA-N__PJRIHFDEUARMTN-UHFFFAOYSA-N,0.2942661364787656
ZHUZRYIZIIGBDQ-UHFFFAOYSA-N__NFCNWUWPDBEYTH-UHFFFAOYSA-N,0.6366140083183586
PZHDSMNMUKBGSR-UHFFFAOYSA-N__ZAWFBQDVAQVFCG-UHFFFAOYSA-N,7.156535432244375
ZAWFBQDVAQVFCG-UHFFFAOYSA-N__PZHDSMNMUKBGSR-UHFFFAOYSA-N,4.9839959369777
PDLFFURYYVZQGG-UHFFFAOYSA-N__ZMOJKUACDCGEBW-HWKANZROSA-N,6.648397232719497
HWKSJXTXAXFEHF-UHFFFAOYSA-N__YFZPDRRFCYHYPX-UHFFFAOYSA-N,1.1705496876065058
BNTLHGZVZSXPNP-RITPCOANSA-N__SOPPWJSZTYGDAJ-UHFFFAOYSA-N,3.131892684347801
GPCHEBGJZWDKLA-UHFFFAOYSA-N__LONHZIUKGZBGRN-UHFFFAOYSA-N,12.594507338591558
QQQNSMCUQGCKBE-MUAVYFROSA-N__UILIPBRWEVFEAY-UHFFFAOYSA-N,9.56812233164731
LONHZIUKGZBGRN-UHFFFAOYSA-N__GPCHEBGJZWDKLA-UHFFFAOYSA-N,6.14995306899899
ZJGVXYOSLQNTCB-UHFFFAOYSA-N__JIANBSZHHSXGNN-GOSISDBHSA-N,1.994109236379888
JIANBSZHHSXGNN-GOSISDBHSA-N__ZJGVXYOSLQNTCB-UHFFFAOYSA-N,4.182792159721035
PZTJCOKQQCVKLF-UHFFFAOYSA-N__VRKALVLGIAPKEY-UHFFFAOYSA-N,1.039832127350176
VRKALVLGIAPKEY-UHFFFAOYSA-N__PZTJCOKQQCVKLF-UHFFFAOYSA-N,5.017712446625034
SMYUVWFXHQZYNP-UHFFFAOYSA-N__IOUNEKVVDYQQSU-UHFFFAOYSA-N,0.1788581493337565
IOUNEKVVDYQQSU-UHFFFAOYSA-N__SMYUVWFXHQZYNP-UHFFFAOYSA-N,1.5647265659741638
VDXNMIZBZUHESZ-UHFFFAOYSA-N__ZBLWHZMNOKZEAX-UHFFFAOYSA-N,8.969671763815256
ZBLWHZMNOKZEAX-UHFFFAOYSA-N__VDXNMIZBZUHESZ-UHFFFAOYSA-N,1.98000330245808
FCPCHORGKCHENM-UHFFFAOYSA-N__NOTUHJZAXQFASO-UHFFFAOYSA-N,3.011211231696395
NOTUHJZAXQFASO-UHFFFAOYSA-N__FCPCHORGKCHENM-UHFFFAOYSA-N,5.197090346086774
DTQFLSYTDZKYMS-WDHPUFTPSA-N__GLNHCCRCWIHGCL-FNORWQNLSA-N,5.78611368139191
VBFTXZRQKPCFKH-UHFFFAOYSA-N__XOSBZKTUBFYJNJ-UHFFFAOYSA-N,4.835774221441358
GLNHCCRCWIHGCL-FNORWQNLSA-N__DTQFLSYTDZKYMS-WDHPUFTPSA-N,2.216385297261076
XOSBZKTUBFYJNJ-UHFFFAOYSA-N__VBFTXZRQKPCFKH-UHFFFAOYSA-N,5.738361461496996
PXBWJDSRNICCAU-UHFFFAOYSA-N__NLWGECQCWHEOHR-GOSISDBHSA-N,2.7848002325894816
NLWGECQCWHEOHR-GOSISDBHSA-N__PXBWJDSRNICCAU-UHFFFAOYSA-N,6.217252355567996
GDDVERSXIZSSPJ-XHSDSOJGSA-N__LILVVZJBGYMAKS-UHFFFAOYSA-N,-1.620700712286142
JLRJQPYLTYVBQV-UHFFFAOYSA-N__FSIQGHHKPAIAFR-UHFFFAOYSA-N,0.6781845243306401
FSIQGHHKPAIAFR-UHFFFAOYSA-N__JLRJQPYLTYVBQV-UHFFFAOYSA-N,1.0285111252874537
QNBDTBCNQCXDCO-IRXDYDNUSA-N__YFTKNXYSOZLDAE-UHFFFAOYSA-N,-0.192833200830994
MZKFWYOIHTWJPN-UHFFFAOYSA-N__OGQIMPOJYMHLBE-UHFFFAOYSA-N,1.7921155793330732
OGQIMPOJYMHLBE-UHFFFAOYSA-N__MZKFWYOIHTWJPN-UHFFFAOYSA-N,4.213598195350734
AEUAEKWETBCJCF-GOTSBHOMSA-N__DDADBIYXHOKLBY-UHFFFAOYSA-N,4.348756781455994
DDADBIYXHOKLBY-UHFFFAOYSA-N__AEUAEKWETBCJCF-GOTSBHOMSA-N,12.641710171048464
BROLSUHWMYJVTK-UHFFFAOYSA-N__SQTUMQCYFYLACG-UHFFFAOYSA-N,-1.595814902831693
SQTUMQCYFYLACG-UHFFFAOYSA-N__BROLSUHWMYJVTK-UHFFFAOYSA-N,10.197936571113251
JUCRKZFPGMSRHG-SFHVURJKSA-N__XZXACAZJXFLEFM-UHFFFAOYSA-N,1.780448928289852
BFUZWMOATPVJLX-UHFFFAOYSA-N__PENXLTMKEACYNY-UHFFFAOYSA-N,6.927399648452679
GGXHBCZKCJBKML-UHFFFAOYSA-N__GVZCVOKNLHLPTI-QFTDFRCPSA-N,3.228758599552556
WTNZVGUJBBDDCA-FQEVSTJZSA-N__AJBZMYVPFPKCEI-UHFFFAOYSA-N,0.4826201801765104
GVZCVOKNLHLPTI-QFTDFRCPSA-N__GGXHBCZKCJBKML-UHFFFAOYSA-N,5.572790826008095
DZPCYLFVIVBGLW-IBGZPJMESA-N__ZYNIQODSLKISHN-UHFFFAOYSA-N,2.3980174635713927
ZYNIQODSLKISHN-UHFFFAOYSA-N__DZPCYLFVIVBGLW-IBGZPJMESA-N,3.586297641366806
QHERZSJFUQIWFY-UHFFFAOYSA-N__XADWVFJLQPIEMD-UHFFFAOYSA-N,0.113597850482604
XADWVFJLQPIEMD-UHFFFAOYSA-N__QHERZSJFUQIWFY-UHFFFAOYSA-N,0.7280064468376035
KJOKEEBMLQVNNN-UHFFFAOYSA-N__VEGGHHSGHJYWCA-UHFFFAOYSA-N,2.9694256884534043
VEGGHHSGHJYWCA-UHFFFAOYSA-N__KJOKEEBMLQVNNN-UHFFFAOYSA-N,4.741883591110102
GRWXPYWUHYTHFL-UHFFFAOYSA-N__AUHDBUVNAWDTIC-UHFFFAOYSA-N,3.912553588304824
AUHDBUVNAWDTIC-UHFFFAOYSA-N__GRWXPYWUHYTHFL-UHFFFAOYSA-N,6.632967837099473
WIZXJVJBCYPYSQ-UHFFFAOYSA-N__AIVBBLDKCOWIJZ-BBBLOLIVSA-N,-1.863067902636773
LLSVQEIVIRELNN-UHFFFAOYSA-N__DLNOFQSQROLCQA-UHFFFAOYSA-N,2.840940104569672
AIVBBLDKCOWIJZ-BBBLOLIVSA-N__WIZXJVJBCYPYSQ-UHFFFAOYSA-N,0.6272319422985734
NQVCFCLATMDVCO-UHFFFAOYSA-N__ZUPOBQMMBFBDLD-UHFFFAOYSA-N,1.1590802041472268
ZUPOBQMMBFBDLD-UHFFFAOYSA-N__NQVCFCLATMDVCO-UHFFFAOYSA-N,0.2072535634696077
SHYHYFZNZQTOSJ-UHFFFAOYSA-N__XIMVTUCVAOVOPN-UHFFFAOYSA-N,12.01229089824826
KVTWKBKGARQOEB-UHFFFAOYSA-N__UCLONKAMFIKKQR-MRVPVSSYSA-N,3.706851115542086
UCLONKAMFIKKQR-MRVPVSSYSA-N__KVTWKBKGARQOEB-UHFFFAOYSA-N,-0.6145729464536661
HWLRBDAQXSGQEW-UHFFFAOYSA-N__ZTSJINHQOXTRAX-UHFFFAOYSA-N,2.0971937600677264
AXLOGRDFIXPWFY-UHFFFAOYSA-N__UVASZLYNNPQECG-HNNXBMFYSA-N,4.058250537754811
UVASZLYNNPQECG-HNNXBMFYSA-N__AXLOGRDFIXPWFY-UHFFFAOYSA-N,7.054467969950222
JFZWMGUHSJWZJU-UHFFFAOYSA-N__WMNRANXYAMQHGS-UHFFFAOYSA-N,5.175718594472225
DBKPWFQVPZFOJN-UHFFFAOYSA-N__SGBOXDCDSIEPLQ-UHFFFAOYSA-N,1.853651066781762
MFUDZVTVQQXNBK-UHFFFAOYSA-N__SKLHMRHVVDDIOX-YHDSQAASSA-N,5.099846909736857
IEVOUVPXVZWHOE-UHFFFAOYSA-N__SHWDMZIOTPTQEA-RFZPGFLSSA-N,-0.5549705434555398
SHWDMZIOTPTQEA-RFZPGFLSSA-N__IEVOUVPXVZWHOE-UHFFFAOYSA-N,2.653858285993211
SKLHMRHVVDDIOX-YHDSQAASSA-N__MFUDZVTVQQXNBK-UHFFFAOYSA-N,9.88379817495889
QHAVKKKWGZSKGJ-UHFFFAOYSA-N__KGOZTRWYXDCQSU-UHFFFAOYSA-N,3.798277317081238
GGCOZEQTPHSSFZ-UHFFFAOYSA-N__OITZXWFGSMXUBM-UHFFFAOYSA-N,11.97230424013373
DXWDXMJFDHEKKG-UHFFFAOYSA-N__OKFHGQJYGGPCMM-DEWJTGPOSA-N,3.76847119566672
NUUZVOKXGUPBPK-UHFFFAOYSA-N__LUCODOHCGOSJCY-UHFFFAOYSA-N,3.6732228088522025
LUCODOHCGOSJCY-UHFFFAOYSA-N__NUUZVOKXGUPBPK-UHFFFAOYSA-N,-0.0575993994932903
OKFHGQJYGGPCMM-DEWJTGPOSA-N__DXWDXMJFDHEKKG-UHFFFAOYSA-N,9.585168592627628
ZHCMWLDDNJCQTG-UHFFFAOYSA-N__PKRWWLRQLBHUNF-UHFFFAOYSA-N,8.787017726540276
NRVVLIKVURHSAU-UHFFFAOYSA-N__YKTPOIUFSJFMLT-UHFFFAOYSA-N,-0.0094630011874311
YKTPOIUFSJFMLT-UHFFFAOYSA-N__NRVVLIKVURHSAU-UHFFFAOYSA-N,3.160569245722634
RDFAYLCROSXRMD-UHFFFAOYSA-N__FTDGYKPZZYBIIA-UHFFFAOYSA-N,3.2555648125283723
FTDGYKPZZYBIIA-UHFFFAOYSA-N__RDFAYLCROSXRMD-UHFFFAOYSA-N,7.288443804122541
ASIMQASJSFHFIQ-ZETCQYMHSA-N__QXGKOXUQYDZPBE-UHFFFAOYSA-N,2.851776647546519
GHKZBXVSVHWZTE-UHFFFAOYSA-N__CXZDFQCLYKTXHY-UHFFFAOYSA-N,1.680894119336847
CXZDFQCLYKTXHY-UHFFFAOYSA-N__GHKZBXVSVHWZTE-UHFFFAOYSA-N,2.9411166150269263
QGSPRMBQCFLZLV-UHFFFAOYSA-N__UAWLIWBLADRMGA-UHFFFAOYSA-N,3.9664130969945184
XXTRGLCPRZQPHJ-UHFFFAOYSA-N__NPVVBJOSBNANGH-ICLZECGLSA-N,3.293037765471169
NPVVBJOSBNANGH-ICLZECGLSA-N__XXTRGLCPRZQPHJ-UHFFFAOYSA-N,-0.923512343375623
JNFXFWLLFQMCON-UHFFFAOYSA-N__FCYNHTGMAUFCGT-UHFFFAOYSA-N,10.962109971837508
OOJSLHISFYDJJR-UHFFFAOYSA-N__ZMDUPUVNQXQFMS-UHFFFAOYSA-N,3.9707815169983744
ZMDUPUVNQXQFMS-UHFFFAOYSA-N__OOJSLHISFYDJJR-UHFFFAOYSA-N,3.4816021983289653
KMSQYTBBXIHDHE-GOEBONIOSA-N__NYQCIDHZNFBQAK-BYPYZUCNSA-N,-0.4961634123427634
ZFRYWMVDYGIUEE-UHFFFAOYSA-N__NFQOVDXZAYHDJY-UHFFFAOYSA-N,4.104215023751779
NYQCIDHZNFBQAK-BYPYZUCNSA-N__KMSQYTBBXIHDHE-GOEBONIOSA-N,5.234986570667566
NDZPWUBKHNNFIL-UHFFFAOYSA-N__LXRKVSHHHAFMHG-UHFFFAOYSA-N,8.076650511032406
DJLBUNOLXZANMC-UHFFFAOYSA-N__BPQBYHOYWFBEKT-UHFFFAOYSA-N,4.1442011019469644
BPQBYHOYWFBEKT-UHFFFAOYSA-N__DJLBUNOLXZANMC-UHFFFAOYSA-N,1.5518838541915294
RRCHPEBTRVOFJX-UHFFFAOYSA-N__WHVILZRFPJCAFB-UHFFFAOYSA-N,5.84196827671358
UUJDAAUXWRPMRE-UHFFFAOYSA-N__CRJWJEBGNGSAHW-UHFFFAOYSA-N,4.846428859007368
CRJWJEBGNGSAHW-UHFFFAOYSA-N__UUJDAAUXWRPMRE-UHFFFAOYSA-N,8.9447069042699
WHVILZRFPJCAFB-UHFFFAOYSA-N__RRCHPEBTRVOFJX-UHFFFAOYSA-N,3.1167611698038065
KGECFPVHWVTYNB-UHFFFAOYSA-N__HWHZKPKRZFALPA-UHFFFAOYSA-N,8.737211653616418
HWHZKPKRZFALPA-UHFFFAOYSA-N__KGECFPVHWVTYNB-UHFFFAOYSA-N,9.497310445704526
WCHPCQPAVGLJNM-GCHAPIFMSA-N__APGIHQXNSDLKAB-UHFFFAOYSA-N,0.9404321211214864
APGIHQXNSDLKAB-UHFFFAOYSA-N__WCHPCQPAVGLJNM-GCHAPIFMSA-N,-1.2894345658180522
GKPIHXHNFKRSOF-UHFFFAOYSA-N__VPYZGXKLDAOXOB-UHFFFAOYSA-N,-2.3160331722471845
IJVCXCUMWTUXID-UHFFFAOYSA-N__AJXGFJPRYNZDSX-UHFFFAOYSA-N,8.037344386950872
TYRKIYLSXCSEDR-UHFFFAOYSA-N__ZDAREBKMHGPOPP-UHFFFAOYSA-N,1.5224492565473926
ZDAREBKMHGPOPP-UHFFFAOYSA-N__TYRKIYLSXCSEDR-UHFFFAOYSA-N,2.107132471613142
WVLGKSFJLKVAIT-ZHACJKMWSA-N__WJNHTNLWJPESLM-UHFFFAOYSA-N,9.113016475074884
AMRQOEPACPHJLH-IUODEOHRSA-N__GSKLXZDDLHMJDH-UHFFFAOYSA-N,6.406196032421516
GSKLXZDDLHMJDH-UHFFFAOYSA-N__AMRQOEPACPHJLH-IUODEOHRSA-N,2.772243301693433
VLQYZLGOBMJFKH-KRWDZBQOSA-N__YYAOASLWBCYLPZ-UHFFFAOYSA-N,12.955026106595437
YYAOASLWBCYLPZ-UHFFFAOYSA-N__VLQYZLGOBMJFKH-KRWDZBQOSA-N,12.99985974972461
MLIWVHGLDGJZJK-UHFFFAOYSA-N__SXZUOGFGORGJDW-UHFFFAOYSA-N,-2.196873777452781
FXPVWFBGUQUFEE-UHFFFAOYSA-N__NZEGQWJYBFJMLT-UHFFFAOYSA-N,1.0561728065472242
NZEGQWJYBFJMLT-UHFFFAOYSA-N__FXPVWFBGUQUFEE-UHFFFAOYSA-N,-0.8361826417680482
ZUFUYKBQSIPTKF-UHFFFAOYSA-N__NFDISQLDAVFXMZ-IEBWSBKVSA-N,1.809768711890978
GUTOMASGDYMYKW-RYUDHWBXSA-N__QFWOTBBBDFMODC-UHFFFAOYSA-N,12.01684613268129
ANDCFTMCNVBEDB-UHFFFAOYSA-N__PDMPOAQMLHTGFA-UHFFFAOYSA-N,0.9270948945842052
CAJQZQBYBMSELU-UHFFFAOYSA-N__QCGJJJVHPFAPDC-UHFFFAOYSA-N,5.166046337496455
FNVACQBNZJFTQI-UHFFFAOYSA-N__MULLEGQJPXQISM-UHFFFAOYSA-N,8.193705945526292
MULLEGQJPXQISM-UHFFFAOYSA-N__FNVACQBNZJFTQI-UHFFFAOYSA-N,5.70432698255011
QCGJJJVHPFAPDC-UHFFFAOYSA-N__CAJQZQBYBMSELU-UHFFFAOYSA-N,5.605793688291968
JQGBVYGSDZCMAM-UHFFFAOYSA-N__XDQDTCZVCSZIAY-UHFFFAOYSA-N,1.1175472843725058
XDQDTCZVCSZIAY-UHFFFAOYSA-N__JQGBVYGSDZCMAM-UHFFFAOYSA-N,2.745095917721785
OVCSPKKFFUGQNE-UHFFFAOYSA-N__XANJKDSBXXYRNO-UHFFFAOYSA-N,-4.556016707487631
XANJKDSBXXYRNO-UHFFFAOYSA-N__OVCSPKKFFUGQNE-UHFFFAOYSA-N,1.8602676867746748
FHCWFDZNJKWFNC-UHFFFAOYSA-N__XDRHTXYNCZQNHD-FHZGLPGMSA-N,2.5283437883640563
XDRHTXYNCZQNHD-FHZGLPGMSA-N__FHCWFDZNJKWFNC-UHFFFAOYSA-N,4.794461412697623
USUDBFJEEPPNCO-UHFFFAOYSA-N__CAFPPWHYBWDRLZ-UHFFFAOYSA-N,3.782501595824914
CAFPPWHYBWDRLZ-UHFFFAOYSA-N__USUDBFJEEPPNCO-UHFFFAOYSA-N,4.176673026275142
XAUQKOJHYTYNRM-PIJUOVFKSA-N__GRXBIKUKMBJWCM-UHFFFAOYSA-N,0.2785732150637099
HQMHARGHPMPRQN-UHFFFAOYSA-N__SUTYXZWHHCNSRE-UHFFFAOYSA-N,2.584032345692886
SUTYXZWHHCNSRE-UHFFFAOYSA-N__HQMHARGHPMPRQN-UHFFFAOYSA-N,3.5185641644962806
GGJGBOFGUIRZNR-UHFFFAOYSA-N__SNKFFMNUJVHGDX-UHFFFAOYSA-N,4.906084525517896
QLQHLNFDMQILFH-UHFFFAOYSA-N__QISFOKSCOZZOMD-UHFFFAOYSA-N,7.3146742039149855
FTFQAVIOUJQENV-UHFFFAOYSA-N__KXXMSZOGVXMQMM-GWOFURMSSA-N,4.6645037959026014
KXXMSZOGVXMQMM-GWOFURMSSA-N__FTFQAVIOUJQENV-UHFFFAOYSA-N,9.109003685027773
BCZOLXQBCJNDQA-UHFFFAOYSA-N__QFSCVOBIYYAKKB-UHFFFAOYSA-N,5.29167197368275
AQRRGWZVBKEVDR-DVOMOZLQSA-N__PUDOOCDEEOSPOA-UHFFFAOYSA-N,-5.169245331483378
KLEMQQBNKUZKPH-UHFFFAOYSA-N__VJLXPMAWXKLWMS-RTWAWAEBSA-N,11.53920891879692
YFXBRXPVUYOZNL-UHFFFAOYSA-N__VRCXHTXRTABURQ-UHFFFAOYSA-N,6.345739019889482
ALPMDSASXYSZTN-UHFFFAOYSA-N__OQOZTRMUIALKPW-UHFFFAOYSA-N,1.6366495220247854
VFWCKTZDXPDNTB-UHFFFAOYSA-N__RSWADVXCXOLPOZ-IBVKSMDESA-N,4.721062435425838
RSWADVXCXOLPOZ-IBVKSMDESA-N__VFWCKTZDXPDNTB-UHFFFAOYSA-N,5.194542936250899
OQOZTRMUIALKPW-UHFFFAOYSA-N__ALPMDSASXYSZTN-UHFFFAOYSA-N,4.758731093348759
ACHWKVVBZRANAV-UHFFFAOYSA-N__PGZBNGCPXDHVGZ-UHFFFAOYSA-N,3.3432226904511646
PGZBNGCPXDHVGZ-UHFFFAOYSA-N__ACHWKVVBZRANAV-UHFFFAOYSA-N,3.4512151552116386
YYQXWOZDISWXBJ-UHFFFAOYSA-N__IFWXHDQBOQVDQA-UHFFFAOYSA-N,4.04011558845728
IFWXHDQBOQVDQA-UHFFFAOYSA-N__YYQXWOZDISWXBJ-UHFFFAOYSA-N,3.4212594079355485
DEHKKZSLLFIEPD-UHFFFAOYSA-N__WARRFSCLLIAZLK-NJYVYQBISA-N,2.6176750800969506
GFOXAMWQUJBGKY-UHFFFAOYSA-N__XPEUZQZUXGOBSP-SYDCGGLASA-N,-1.6437351003709535
WARRFSCLLIAZLK-NJYVYQBISA-N__DEHKKZSLLFIEPD-UHFFFAOYSA-N,-0.3448221219499898
XPEUZQZUXGOBSP-SYDCGGLASA-N__GFOXAMWQUJBGKY-UHFFFAOYSA-N,-1.0802031500719247
CRHVOKOASLAPMT-UHFFFAOYSA-N__IWVMASWCELCYEY-UHFFFAOYSA-N,10.230976258596638
CEEVJGQXRADXHD-UHFFFAOYSA-N__PVDUFYSUSIUARC-UHFFFAOYSA-N,8.105286675806285
PVDUFYSUSIUARC-UHFFFAOYSA-N__CEEVJGQXRADXHD-UHFFFAOYSA-N,2.420443070675088
KWUPUNJBVSTOTB-UHFFFAOYSA-N__SQYWZBBQNJLFMA-UHFFFAOYSA-N,-0.8247119547389218
PVYKEKQDQZMXCB-UHFFFAOYSA-N__GSAISGLYKDHPRM-LBPRGKRZSA-N,2.647395557861012
SQYWZBBQNJLFMA-UHFFFAOYSA-N__KWUPUNJBVSTOTB-UHFFFAOYSA-N,2.2611767899773647
PYPNNLMAJCSWKR-UHFFFAOYSA-N__YILLWKMEWYADKZ-UHFFFAOYSA-N,1.9117489559990744
YILLWKMEWYADKZ-UHFFFAOYSA-N__PYPNNLMAJCSWKR-UHFFFAOYSA-N,3.3494909708204417
DANSUVYGABZHLD-UHFFFAOYSA-N__NLJCBIYRALWCQB-UHFFFAOYSA-N,0.7753453441106393
KPLIYWNHNIPFQR-UHFFFAOYSA-N__FTKYEZOTWNMYJQ-UHFFFAOYSA-N,2.938932151519844
FTKYEZOTWNMYJQ-UHFFFAOYSA-N__KPLIYWNHNIPFQR-UHFFFAOYSA-N,5.588179191817163
ZMWCNCSLJVRYFP-MRXNPFEDSA-N__UEGRCEURGDLUHE-UHFFFAOYSA-N,9.166959266146682
YYQWNJQKDSNAES-QRTARXTBSA-N__GIHNKERTHMZJMK-UHFFFAOYSA-N,0.9618002041701031
IGGODYZSTIGIEW-UHFFFAOYSA-N__KBFXUCQSGZXTDL-UHFFFAOYSA-N,6.095917293363874
DMKGPMKNIZEIBP-UHFFFAOYSA-N__WKFMUWGPRRDYHS-UHFFFAOYSA-N,3.0969169350926635
KBFXUCQSGZXTDL-UHFFFAOYSA-N__IGGODYZSTIGIEW-UHFFFAOYSA-N,10.034299099511522
OIPJSBVLNNCQPF-UHFFFAOYSA-N__BNOCTEXXFCVCSF-UHFFFAOYSA-N,4.48241083747935
WKFMUWGPRRDYHS-UHFFFAOYSA-N__DMKGPMKNIZEIBP-UHFFFAOYSA-N,1.6881015794796816
BNOCTEXXFCVCSF-UHFFFAOYSA-N__OIPJSBVLNNCQPF-UHFFFAOYSA-N,7.702361675220954
AVTHFOFXQRMEDH-UHFFFAOYSA-N__CBQNVSYPRSYTRR-SNAWJCMRSA-N,9.502738063175702
CBQNVSYPRSYTRR-SNAWJCMRSA-N__AVTHFOFXQRMEDH-UHFFFAOYSA-N,6.094804565895198
ZITJVZZHBLKHQA-UHFFFAOYSA-N__LKJYAWALIJUZPT-UHFFFAOYSA-N,3.3612983701224155
LKJYAWALIJUZPT-UHFFFAOYSA-N__ZITJVZZHBLKHQA-UHFFFAOYSA-N,2.8172713141833454
VRXLRSJDPCPQHP-UHFFFAOYSA-N__CSEYIVOENFVTRU-UHFFFAOYSA-N,5.534904135960533
CSEYIVOENFVTRU-UHFFFAOYSA-N__VRXLRSJDPCPQHP-UHFFFAOYSA-N,6.029909306761114
IGELPBHXNITJDE-MFKWGIFDSA-N__QSKDUNCZHKYFJP-UHFFFAOYSA-N,10.839164907424866
QSKDUNCZHKYFJP-UHFFFAOYSA-N__IGELPBHXNITJDE-MFKWGIFDSA-N,13.991311884107692
SQBMJWBOMZAEPN-UHFFFAOYSA-N__HJIMZQPPMAUHEN-UHFFFAOYSA-N,7.566180550626695
HJIMZQPPMAUHEN-UHFFFAOYSA-N__SQBMJWBOMZAEPN-UHFFFAOYSA-N,5.090695534049256
UWHDLIMDCSYOER-UHFFFAOYSA-N__WKIVLOHKZRFMGU-UHFFFAOYSA-N,-0.4889829028618319
LNUNDBPYLOQONL-UHFFFAOYSA-N__MWNMMFAVAGOITF-UHFFFAOYSA-N,2.7674507921434364
MWNMMFAVAGOITF-UHFFFAOYSA-N__LNUNDBPYLOQONL-UHFFFAOYSA-N,5.44098660818669
RUHODMMCEPRJBN-WDEREUQCSA-N__WELUOUBLTSZCEY-UHFFFAOYSA-N,1.7996061848648424
WELUOUBLTSZCEY-UHFFFAOYSA-N__RUHODMMCEPRJBN-WDEREUQCSA-N,1.9537889871699377
BRZMRZVKWQWYPJ-LURJTMIESA-N__FTKVHTKVAXEXKE-UHFFFAOYSA-N,1.56797724369443
FTKVHTKVAXEXKE-UHFFFAOYSA-N__BRZMRZVKWQWYPJ-LURJTMIESA-N,1.2990745094652716
AEAYPCKDEZKJMI-UHFFFAOYSA-N__ARMMOBIBMUPBCM-DSENJUOYSA-N,-0.8577493543623693
ARMMOBIBMUPBCM-DSENJUOYSA-N__AEAYPCKDEZKJMI-UHFFFAOYSA-N,-2.910669455803679
AZNVNMJKRLXLOV-UHFFFAOYSA-N__KAZCRGQMGUKXEP-UHFFFAOYSA-N,3.209626511291708
KAZCRGQMGUKXEP-UHFFFAOYSA-N__AZNVNMJKRLXLOV-UHFFFAOYSA-N,0.2117675577826351
WCMYXLDFVBYZJC-LLVKDONJSA-N__ZHDRUIVPJYQJEK-UHFFFAOYSA-N,1.7161737347723898
ZHDRUIVPJYQJEK-UHFFFAOYSA-N__WCMYXLDFVBYZJC-LLVKDONJSA-N,0.5241889316045837
AUWCABQCNJBQJU-UHFFFAOYSA-N__OPQUWTLDSZNQSY-UHFFFAOYSA-N,1.0624589174567238
OPQUWTLDSZNQSY-UHFFFAOYSA-N__AUWCABQCNJBQJU-UHFFFAOYSA-N,4.625382457067576
MSNHBGGSWIXHHH-UHFFFAOYSA-N__UXUXTCJLXJVSBG-UHFFFAOYSA-N,9.193069658304244
UXUXTCJLXJVSBG-UHFFFAOYSA-N__MSNHBGGSWIXHHH-UHFFFAOYSA-N,8.089356530638751
RDJQFCFPKMEBHP-UHFFFAOYSA-N__NAQIYXRCQIJCTK-UHFFFAOYSA-N,2.79028219097888
IYARHQYRBZNXRC-UHFFFAOYSA-N__CUTWIGCRGUOVDE-UHFFFAOYSA-N,8.714414720638302
NAQIYXRCQIJCTK-UHFFFAOYSA-N__RDJQFCFPKMEBHP-UHFFFAOYSA-N,3.195757027801464
XFTJDPBUYRGBNT-UHFFFAOYSA-N__AODYRBYBTCGMLT-UHFFFAOYSA-N,10.097590660143972
AODYRBYBTCGMLT-UHFFFAOYSA-N__XFTJDPBUYRGBNT-UHFFFAOYSA-N,15.686173214009886
JPCPSJMLVORFQH-UHFFFAOYSA-N__YTQUXENNPKTYII-UHFFFAOYSA-N,2.995306090619319
YTQUXENNPKTYII-UHFFFAOYSA-N__JPCPSJMLVORFQH-UHFFFAOYSA-N,3.5299120402455126
DAOVHKCWVXYAIV-UHFFFAOYSA-N__VQSZOHHQPOCPGW-UHFFFAOYSA-N,3.871053727927853
VQSZOHHQPOCPGW-UHFFFAOYSA-N__DAOVHKCWVXYAIV-UHFFFAOYSA-N,8.33433587433657
QQTYZKZBVFNAPS-UHFFFAOYSA-N__BHMYGHJUAMCWDP-FVQBIDKESA-N,2.315015963608631
SGWVSDWNFRIZDW-UHFFFAOYSA-N__SPCNSCHIYWOTKD-UHFFFAOYSA-N,5.68458811616651
SPCNSCHIYWOTKD-UHFFFAOYSA-N__SGWVSDWNFRIZDW-UHFFFAOYSA-N,-2.780670340496741
HAPUDYCYMJOVQR-SNVBAGLBSA-N__IQSHGECDDHZYJT-UHFFFAOYSA-N,9.118765083789702
JCJMBRJSASXPSZ-UHFFFAOYSA-N__KHIUEVRJLZLFQA-UHFFFAOYSA-N,4.700114108900696
HICFWYGMGXXPAR-UHFFFAOYSA-N__WHEAJBIXBWEUKP-UHFFFAOYSA-N,-1.8226151027978004
WHEAJBIXBWEUKP-UHFFFAOYSA-N__HICFWYGMGXXPAR-UHFFFAOYSA-N,1.8681533002064523
UXMQKQJNOPFQDR-UHFFFAOYSA-N__JWRJDMVNKGOVGI-UHFFFAOYSA-N,3.126058239651052
LGFLIRUIOHPEKX-UHFFFAOYSA-N__QQFJXZSEYWLQNY-UHFFFAOYSA-N,3.7434818884795336
QQFJXZSEYWLQNY-UHFFFAOYSA-N__LGFLIRUIOHPEKX-UHFFFAOYSA-N,8.985671733726155
KDIYVLXLPNHJRZ-UHFFFAOYSA-N__FZRXCXJMTVYZRQ-UHFFFAOYSA-N,2.094576556877896
FZRXCXJMTVYZRQ-UHFFFAOYSA-N__KDIYVLXLPNHJRZ-UHFFFAOYSA-N,4.835480007789827
HNSVYSSQZWDMTR-UHFFFAOYSA-N__IKHXXTFAHYTFHY-UHFFFAOYSA-N,3.2942413970986872
IKHXXTFAHYTFHY-UHFFFAOYSA-N__HNSVYSSQZWDMTR-UHFFFAOYSA-N,7.803715570622679
CJJJNWRORNPFHO-UHFFFAOYSA-N__CDLPIIUCBRLITB-UHFFFAOYSA-N,3.1925957374894907
CDLPIIUCBRLITB-UHFFFAOYSA-N__CJJJNWRORNPFHO-UHFFFAOYSA-N,-0.5719327665320627
FSKDDRAZWSFRIR-UHFFFAOYSA-N__GBSLKLRCSLWEAQ-UHFFFAOYSA-N,1.7634900387329808
GBSLKLRCSLWEAQ-UHFFFAOYSA-N__FSKDDRAZWSFRIR-UHFFFAOYSA-N,3.2894432811147407
AVCUFLKOSZJVHZ-UHFFFAOYSA-N__JEJZFUVABODMHT-UHFFFAOYSA-N,3.8312138009649233
JEJZFUVABODMHT-UHFFFAOYSA-N__AVCUFLKOSZJVHZ-UHFFFAOYSA-N,-0.0160248021443379
QMZMTFLDQTWANC-APSJDVMNSA-N__XOWPNMQJXCIGKE-UHFFFAOYSA-N,6.649611342417368
DVWKXCDVEVVLJS-UHFFFAOYSA-N__RSBZAOTXPOILQX-UHFFFAOYSA-N,8.231789965383973
RSBZAOTXPOILQX-UHFFFAOYSA-N__DVWKXCDVEVVLJS-UHFFFAOYSA-N,5.670774715992092
ZUHDVKPUOYOTAC-IRXDYDNUSA-N__AVIOXJDBCUBOQZ-UHFFFAOYSA-N,6.602957993992245
NSFPBFNNQWUPNZ-UHFFFAOYSA-N__KTSMHAZTBKTBAM-VHDGCEQUSA-N,-20.840307833353204
KTSMHAZTBKTBAM-VHDGCEQUSA-N__NSFPBFNNQWUPNZ-UHFFFAOYSA-N,-16.120155222681568
ULILIINWLOEKKD-UHFFFAOYSA-N__MYVVWISUTVQKRF-UHFFFAOYSA-N,4.42490689917381
VINZAECKVKIRGF-UHFFFAOYSA-N__KMFQRLZFVOGPAI-CYBMUJFWSA-N,-0.2267371383564437
KMFQRLZFVOGPAI-CYBMUJFWSA-N__VINZAECKVKIRGF-UHFFFAOYSA-N,4.517945903570232
LVGGXMUEOCRJHH-UHFFFAOYSA-N__BWARBGDBYHMXNN-HRCSQODNSA-N,1.2238357683512755
SANRKZROGUQKKQ-UHFFFAOYSA-N__XKDBCTYHTOZWOQ-BJMVGYQFSA-N,1.2079340069862217
BWARBGDBYHMXNN-HRCSQODNSA-N__LVGGXMUEOCRJHH-UHFFFAOYSA-N,2.47811757354038
KLKAXSANZZPWNP-HZPDHXFCSA-N__ATZAADJHQOJCCT-UHFFFAOYSA-N,3.055792074221154
ATZAADJHQOJCCT-UHFFFAOYSA-N__KLKAXSANZZPWNP-HZPDHXFCSA-N,3.648745969021887
CCTZHEHEBNYJBQ-UHFFFAOYSA-N__LJQWSSPPFJXKAJ-UHFFFAOYSA-N,3.7975490476032734
DERVMTJDFXTOTM-DHQZHENYSA-N__SMQUZDBALVYZAC-UHFFFAOYSA-N,-0.804668723047631
MBVKIIKBEZZPES-WOJGMQOQSA-N__NLWGZSIMZBJQSJ-UHFFFAOYSA-N,4.836490580564468
CTMMQQHOFOFSCJ-UHFFFAOYSA-N__KPKJUDRSJPYUKJ-UHFFFAOYSA-N,7.755397718984823
NLWGZSIMZBJQSJ-UHFFFAOYSA-N__MBVKIIKBEZZPES-WOJGMQOQSA-N,5.041346196299795
WIWXFEJFGDCLDQ-UHFFFAOYSA-N__BEPCIIDTVCDMCY-UHFFFAOYSA-N,3.687310568020373
UPKXYZYOVFFBNH-UHFFFAOYSA-N__BDTSMCGLIBEHSH-UHFFFAOYSA-N,9.104245535609865
NPMZHQWSHXVFMB-UHFFFAOYSA-N__PEXLPBSRDDJJOD-UHFFFAOYSA-N,8.47077789914441
DJQFHPIRRQQQLN-UHFFFAOYSA-N__IKCKWWARXSGENG-UHFFFAOYSA-N,3.1329999252330007
IKCKWWARXSGENG-UHFFFAOYSA-N__DJQFHPIRRQQQLN-UHFFFAOYSA-N,-1.1363384985528031
PAYZLGFUXCDECL-UHFFFAOYSA-N__IODYCYMGNDCNBZ-UHFFFAOYSA-N,5.685335638981036
PKSVIQXGZMWETF-UHFFFAOYSA-N__YGHTZXYUWUVEGY-UHFFFAOYSA-N,11.96774584307498
YGHTZXYUWUVEGY-UHFFFAOYSA-N__PKSVIQXGZMWETF-UHFFFAOYSA-N,6.453684626574663
PUGNZYKFTWSUQN-UHFFFAOYSA-N__YJYDYPRWGOQQOX-UHFFFAOYSA-N,6.327342901000164
XAXUEXUMGURXEA-UHFFFAOYSA-N__MZGAJWGWSUMYIU-UHFFFAOYSA-N,-1.7162704181496158
SPAGCZRNVAXQNL-UHFFFAOYSA-N__JFNIXHULCGVJPE-UHFFFAOYSA-N,-0.8059581227061425
JFNIXHULCGVJPE-UHFFFAOYSA-N__SPAGCZRNVAXQNL-UHFFFAOYSA-N,4.0335019008773
HBWIAZOTJDFDQA-UHFFFAOYSA-N__SASQYYYXDNLBOC-UHFFFAOYSA-N,18.581570088836344
OLWVHMFNAZCEDH-UHFFFAOYSA-N__CPWMLYGFXKSFRR-UHFFFAOYSA-N,0.0565411456344338
CPWMLYGFXKSFRR-UHFFFAOYSA-N__OLWVHMFNAZCEDH-UHFFFAOYSA-N,8.685152178194187
JBSHVQKATGVIKT-JWOSDPRPSA-N__YZJVEEYFRFEYLS-UHFFFAOYSA-N,-1.5715494401431025
HGKYVFOYQUSRQN-UHFFFAOYSA-N__SZHUTXUSNAWFLT-KWCYVHTRSA-N,1.191371989146906
YZJVEEYFRFEYLS-UHFFFAOYSA-N__JBSHVQKATGVIKT-JWOSDPRPSA-N,5.246551441692162
SZHUTXUSNAWFLT-KWCYVHTRSA-N__HGKYVFOYQUSRQN-UHFFFAOYSA-N,5.720253667320571
LHCBGVYMBFKLOJ-UHFFFAOYSA-N__YHXRZUTUPQUYOR-UHFFFAOYSA-N,2.489762804521688
YHXRZUTUPQUYOR-UHFFFAOYSA-N__LHCBGVYMBFKLOJ-UHFFFAOYSA-N,3.2831245810779217
JOFQXDYRRPMZSK-UHFFFAOYSA-N__LTSTZDGSNJVQKU-UHFFFAOYSA-N,3.63677138679835
BAXQPTZDYIJBTI-UHFFFAOYSA-N__SJARNJBHFQSFCS-UHFFFAOYSA-N,2.25712425009382
SJARNJBHFQSFCS-UHFFFAOYSA-N__BAXQPTZDYIJBTI-UHFFFAOYSA-N,-1.5199637744500916
BJIVIPZZXXYBRU-UHFFFAOYSA-N__MQSRGWNVEZRLDK-UHFFFAOYSA-N,3.159891422521871
RZYTZNZLPGQEEB-UHFFFAOYSA-N__NHGRSQQMNDLOIB-NWDGAFQWSA-N,9.508705406210527
PTJDAESHYAVRRS-UHFFFAOYSA-N__ILKMXNSAQMGFGJ-UHFFFAOYSA-N,4.2127045630376
OFRDLXKEAPUMIF-UHFFFAOYSA-N__DGBXRNWLWFZPMH-UHFFFAOYSA-N,8.615732824491074
SFMVNIWBKKFGDD-OBJOEFQTSA-N__DVMYMCHZNDQYBW-UHFFFAOYSA-N,10.902764399879688
UUOCPARPMCQWQM-UHFFFAOYSA-N__CZGAYQSDWSLSIA-UHFFFAOYSA-N,11.08523887360782
CZGAYQSDWSLSIA-UHFFFAOYSA-N__UUOCPARPMCQWQM-UHFFFAOYSA-N,4.697997338225336
JEKYQLWDCPBITR-UHFFFAOYSA-N__SKPQUGOIBQKDAJ-UHFFFAOYSA-N,1.1421276154436582
BZVQNNDZPXUUHQ-UHFFFAOYSA-N__ZPNLIEFXFCBGGZ-UHFFFAOYSA-N,5.225067858171214
SKPQUGOIBQKDAJ-UHFFFAOYSA-N__JEKYQLWDCPBITR-UHFFFAOYSA-N,7.986139890637179
RIRUOTVJPURMME-UHFFFAOYSA-N__XMUOXJKVBJPNEA-VKHMYHEASA-N,1.7443495891894347
QDBGOCHBPSTZNA-KJXMEXGPSA-N__AAQKVLYTJVQZSB-UHFFFAOYSA-N,1.518242632614338
AAQKVLYTJVQZSB-UHFFFAOYSA-N__QDBGOCHBPSTZNA-KJXMEXGPSA-N,0.3680496699758466
DUMDWTOBALQSBO-UHFFFAOYSA-N__FRJIMKUTCMLFLR-QMMMGPOBSA-N,-1.0483417626769842
FRJIMKUTCMLFLR-QMMMGPOBSA-N__DUMDWTOBALQSBO-UHFFFAOYSA-N,4.722521677723346
BCQPZVBEHKRBPI-UHFFFAOYSA-N__VPHLWXUHPBXXAD-UHFFFAOYSA-N,3.312355477503804
VPHLWXUHPBXXAD-UHFFFAOYSA-N__BCQPZVBEHKRBPI-UHFFFAOYSA-N,1.9093110887115303
DEWBIMUBHXYWTH-UHFFFAOYSA-N__RTFNQOZYCXABFK-UHFFFAOYSA-N,5.082821137765753
RTFNQOZYCXABFK-UHFFFAOYSA-N__DEWBIMUBHXYWTH-UHFFFAOYSA-N,-9.4444861359229
LWAOQMLKCVRBFW-UHFFFAOYSA-N__BDPZCPHHHRWWSO-UHFFFAOYSA-N,10.13579495123624
BDPZCPHHHRWWSO-UHFFFAOYSA-N__LWAOQMLKCVRBFW-UHFFFAOYSA-N,4.085049175324607
AZIAKTMDKOUAQO-UHFFFAOYSA-N__SWPGDSHGEMJVSG-KLICCBINSA-N,-0.985341481785002
SWPGDSHGEMJVSG-KLICCBINSA-N__AZIAKTMDKOUAQO-UHFFFAOYSA-N,1.275611892070543
BCOVFTRPKRCNEG-SNVBAGLBSA-N__SDBROVTUPVJMEY-UHFFFAOYSA-N,7.870655198047496
SDBROVTUPVJMEY-UHFFFAOYSA-N__BCOVFTRPKRCNEG-SNVBAGLBSA-N,2.988629793722534
GLKGRKQWJOFYQV-UHFFFAOYSA-N__JQEFZWSTLFFLQC-UHFFFAOYSA-N,6.418549331227351
JQEFZWSTLFFLQC-UHFFFAOYSA-N__GLKGRKQWJOFYQV-UHFFFAOYSA-N,3.596638963541304
MFCRGONWXOHPHB-UHFFFAOYSA-N__LMZYYRMFSKXIHA-UHFFFAOYSA-N,2.892529557894353
LMZYYRMFSKXIHA-UHFFFAOYSA-N__MFCRGONWXOHPHB-UHFFFAOYSA-N,-1.0818519563682265
WZATYMWERPMZSB-UHFFFAOYSA-N__RKIRKQFRFADKAG-ATGSNQNLSA-N,9.903711426350114
RKIRKQFRFADKAG-ATGSNQNLSA-N__WZATYMWERPMZSB-UHFFFAOYSA-N,3.9634941384194136
UCFXODWQGCNBHH-DTWKUNHWSA-N__CNZSVWOKDKFHIR-UHFFFAOYSA-N,0.1317394690309646
BLXUJSMABOVKSB-UHFFFAOYSA-N__SFAASPGBXHDIIW-UHFFFAOYSA-N,8.550979582033257
PBTMTXWFZCASOY-UHFFFAOYSA-N__VXFGPFRTMKQRKH-UHFFFAOYSA-N,-0.1975355893879222
SFAASPGBXHDIIW-UHFFFAOYSA-N__BLXUJSMABOVKSB-UHFFFAOYSA-N,9.906666962719113
KEFUZMFOAKIMLO-UHFFFAOYSA-N__JFMQCVQYJULZAL-VZUCSPMQSA-N,26.789147079047986
VXFGPFRTMKQRKH-UHFFFAOYSA-N__PBTMTXWFZCASOY-UHFFFAOYSA-N,7.1939160917615865
HBWLRYUOMJCFMH-UHFFFAOYSA-N__MEDGVVIRXRDDEO-UHFFFAOYSA-N,0.3684534201831847
MEDGVVIRXRDDEO-UHFFFAOYSA-N__HBWLRYUOMJCFMH-UHFFFAOYSA-N,7.749502000519318
BOLUOPIWJXTABS-UHFFFAOYSA-N__GKNYKGRAYBEVCP-UHFFFAOYSA-N,12.362058635589603
ZJYKIRQEZVPCOS-UHFFFAOYSA-N__ZIFAGWFRKGTTLD-UHFFFAOYSA-N,6.524984483650242
RRTRZNVIKNZFBI-UHFFFAOYSA-N__OXWBKZRCFNKKDJ-UHFFFAOYSA-N,5.041061009101092
MTEJHRMVSVAXDR-UHFFFAOYSA-N__NNEVMSLBFGCAKB-UHFFFAOYSA-N,3.792271495909115
NNEVMSLBFGCAKB-UHFFFAOYSA-N__MTEJHRMVSVAXDR-UHFFFAOYSA-N,6.933054009679811
BADVUXHYLDUDKG-UHFFFAOYSA-N__FPHLYXCJCGWHEQ-UHFFFAOYSA-N,-2.494940832739088
NWDZDFOKSUDVJV-UHFFFAOYSA-N__YGOWANUSGLFHIT-UHFFFAOYSA-N,-1.886072185209977
ADSJHOSBGNLJEL-UHFFFAOYSA-N__ABNBALMNGGQBBL-UHFFFAOYSA-N,2.2048954965069214
MQUWYGZIOVQSQK-UHFFFAOYSA-N__KBYXYVJPCOERNR-UHFFFAOYSA-N,5.30595394512193
AINZHCCLJXQMHM-UHFFFAOYSA-N__BRABRPIBFUTRKY-UHFFFAOYSA-N,-1.79573991159393
UAUAPDCWAUSHQT-UHFFFAOYSA-N__HWTAUJTVZYMDFH-UHFFFAOYSA-N,7.587360249846988
MWNOTZSNNWAWBA-BPQIPLTHSA-N__RIOUSHYZFYSXDF-UHFFFAOYSA-N,2.4729388521163984
ADVXYBOSLPKGCP-UHFFFAOYSA-N__JOIFAUQPMLGBDT-UHFFFAOYSA-N,7.856661748931812
JOIFAUQPMLGBDT-UHFFFAOYSA-N__ADVXYBOSLPKGCP-UHFFFAOYSA-N,5.531008608330395
VBMHNNTXEVJGJO-UHFFFAOYSA-N__XOJIDQXQWSUJQU-UHFFFAOYSA-N,3.833914102124075
LYTCYIJZVKPPAK-UHFFFAOYSA-N__QFEJDDXYLXDDGI-KNXBSLHKSA-N,7.539230522361429
XOJIDQXQWSUJQU-UHFFFAOYSA-N__VBMHNNTXEVJGJO-UHFFFAOYSA-N,4.352650495991018
QFEJDDXYLXDDGI-KNXBSLHKSA-N__LYTCYIJZVKPPAK-UHFFFAOYSA-N,12.593230648540748
HMFMQBADZIOXDB-UHFFFAOYSA-N__QVVMOIYYAKNJKJ-UHFFFAOYSA-N,0.2559763379232765
MKFXLPXDLBCJOC-UHFFFAOYSA-N__DTKACNCNVMKPII-UHFFFAOYSA-N,0.4191254348242767
XOIFUGLRZMESGJ-UHFFFAOYSA-N__AVQRHKZLVPSHIE-UHFFFAOYSA-N,2.779195197358648
MYPBZIFMXCTIRH-UHFFFAOYSA-N__PCWQKQGJKTZCBG-UHFFFAOYSA-N,-3.1563334667350325
AVQRHKZLVPSHIE-UHFFFAOYSA-N__XOIFUGLRZMESGJ-UHFFFAOYSA-N,3.169247388675437
PCWQKQGJKTZCBG-UHFFFAOYSA-N__MYPBZIFMXCTIRH-UHFFFAOYSA-N,-0.0884067516233735
PZUOTRFWRXBKOI-UHFFFAOYSA-N__KZMGJGDRFCJAQG-UHFFFAOYSA-N,-3.279274475207889
FGQLNZPHKIUTGP-UHFFFAOYSA-N__FHTFGMUVYZOKIO-UHFFFAOYSA-N,-0.4751833821570163
FHTFGMUVYZOKIO-UHFFFAOYSA-N__FGQLNZPHKIUTGP-UHFFFAOYSA-N,5.109127218852037
OUCVDXYAUYDTTF-UHFFFAOYSA-N__MDWUEYOQQQOKMD-PTNGSMBKSA-N,2.957955074975372
VORXFZVLGZLASB-UHFFFAOYSA-N__QYFUIAXQDNVUKP-UHFFFAOYSA-N,7.667665593265466
YDIDAEUVDRFZSK-UHFFFAOYSA-N__MQDVQACAJARLJR-YIJFEYSDSA-N,12.828679941702314
PQPSRAFGAWMXDI-UHFFFAOYSA-N__OGBLBXKYRLKJCC-UHFFFAOYSA-N,2.3220673676622847
OGBLBXKYRLKJCC-UHFFFAOYSA-N__PQPSRAFGAWMXDI-UHFFFAOYSA-N,7.665219193123563
DPPNRIWLXAUVAL-UHFFFAOYSA-N__CWPCCQLMHHCHLZ-CYBMUJFWSA-N,2.9548983809541403
QKVANWAMRDGNCB-HNQUOIGGSA-N__PKWRTLHKUHAPJQ-UHFFFAOYSA-N,-5.2186946726108685
HBKHIUPFPAOZNT-UHFFFAOYSA-N__NWXJVWVCRYYKCJ-UHFFFAOYSA-N,-0.5235572272228423
DJBWJKUAHLPHOS-UHFFFAOYSA-N__MLMPDHSLKLLTJI-UHFFFAOYSA-N,11.117588901158024
NWXJVWVCRYYKCJ-UHFFFAOYSA-N__HBKHIUPFPAOZNT-UHFFFAOYSA-N,5.664418021928282
HLGHGGKMBIXVPV-UVZNFPTASA-N__XDQWNUYBLHQCLJ-UHFFFAOYSA-N,4.581136403500918
FRQMURMQBJRRMI-UHFFFAOYSA-N__MPRNLRDRSQAMNE-UHFFFAOYSA-N,1.287678567398158
XSHVPIFHQCNAAR-UHFFFAOYSA-N__UIJLCTQXXJAPJH-UHFFFAOYSA-N,1.633427136364315
KQBWIEGTKPLZSQ-CQSZACIVSA-N__QBIRXXWIZRAALG-UHFFFAOYSA-N,2.264865025797464
DOMGCCXKRKKFMP-UHFFFAOYSA-N__MEYGPVWNDAFEBJ-GPFWEFOESA-N,2.601792863133895
MEYGPVWNDAFEBJ-GPFWEFOESA-N__DOMGCCXKRKKFMP-UHFFFAOYSA-N,-1.5244243920704936
ZVOXCJRWMYGIDI-UHFFFAOYSA-N__YIMINGZVOVJXLN-UHFFFAOYSA-N,3.528089419872148
PNHSPKLRXYOFOQ-UHFFFAOYSA-N__MZOPQQXEIPHVJD-AEJSXWLSSA-N,1.9965986198241303
YMKLSAVQBFEGIH-UHFFFAOYSA-N__RWQAVPLSYXUKAW-UHFFFAOYSA-N,4.564066684144556
GZAZBDNMXVEVJR-UHFFFAOYSA-N__XLGUBPHCAUCJRK-UHFFFAOYSA-N,4.178789777688818
AEIWYBLEPZWGQR-SNVBAGLBSA-N__YDXKXLGLFFSVEE-UHFFFAOYSA-N,5.578483954369115
YDXKXLGLFFSVEE-UHFFFAOYSA-N__AEIWYBLEPZWGQR-SNVBAGLBSA-N,3.543295008001483
JOONFXOZUVFKNG-UHFFFAOYSA-N__VTMPOHWTKQMHAA-UHFFFAOYSA-N,-0.4791618943979018
IFCUQMXWNCAIJO-UHFFFAOYSA-N__MPKXWQACOYZNNA-UHFFFAOYSA-N,-1.0225440594781885
MPKXWQACOYZNNA-UHFFFAOYSA-N__IFCUQMXWNCAIJO-UHFFFAOYSA-N,2.30005651368148
CGWKXIRHVJQXDX-UHFFFAOYSA-N__TWGJWNCDCZQDFE-UHFFFAOYSA-N,7.830275943453024
BZVLPQDSNCHXMU-UHFFFAOYSA-N__MHLGMBQJMKRTOH-UHFFFAOYSA-N,1.501103639327413
MHLGMBQJMKRTOH-UHFFFAOYSA-N__BZVLPQDSNCHXMU-UHFFFAOYSA-N,-0.0056437602387052
OXYZYRWCXPQENI-UHFFFAOYSA-N__RZVGCQNUZIBDDH-UHFFFAOYSA-N,8.99214363241711
RZVGCQNUZIBDDH-UHFFFAOYSA-N__OXYZYRWCXPQENI-UHFFFAOYSA-N,3.2929408804883247
QANSZJSMJJPWTK-UHFFFAOYSA-N__VVACQVOVAQXABF-UHFFFAOYSA-N,2.5111311112911885
ZYLURELSJIVZCM-UHFFFAOYSA-N__JDHFMRIQUCGSJL-UHFFFAOYSA-N,5.4472283740641805
DSEOMGZLHGEUMX-GLJUWKHASA-N__DTQAVGTWLTVZLO-UHFFFAOYSA-N,7.177468735726643
DTQAVGTWLTVZLO-UHFFFAOYSA-N__DSEOMGZLHGEUMX-GLJUWKHASA-N,1.2847894357536491
BIIYNQCZDQVPBL-XHDPSFHLSA-N__ITJXZZGBGKBHSH-UHFFFAOYSA-N,-2.4443543899095084
HVFGATFZQSTWAA-UHFFFAOYSA-N__LUBODWVXSZLLHB-UHFFFAOYSA-N,0.4677406461886008
APESEZQDMWTXGC-UHFFFAOYSA-N__XQASKLVOTBYMQU-UHFFFAOYSA-N,1.828005503272557
LUBODWVXSZLLHB-UHFFFAOYSA-N__HVFGATFZQSTWAA-UHFFFAOYSA-N,0.5617515384089588
MGMVYCNDOIPACJ-UHFFFAOYSA-N__XWOCZLCSPVKPBM-UHFFFAOYSA-N,8.451662627260491
XQASKLVOTBYMQU-UHFFFAOYSA-N__APESEZQDMWTXGC-UHFFFAOYSA-N,2.8641115042180174
XWOCZLCSPVKPBM-UHFFFAOYSA-N__MGMVYCNDOIPACJ-UHFFFAOYSA-N,0.7159037600809252
SUAZFURSZBOLEA-UHFFFAOYSA-N__BHMFZALCUWTGHD-UHFFFAOYSA-N,6.302499736841183
ZQGOCBZEAMNNQS-UHFFFAOYSA-N__KSPFZOGGXQYFQB-UHFFFAOYSA-N,1.1629749784315289
MWVPVGQJHGIDCF-UHFFFAOYSA-N__MCQYXZMUPYHHQH-INIZCTEOSA-N,5.150334984505318
MCQYXZMUPYHHQH-INIZCTEOSA-N__MWVPVGQJHGIDCF-UHFFFAOYSA-N,1.6842662707914515
MJKKQNRIAOEZSI-UHFFFAOYSA-N__CKMZNPOVVMFQTE-UHFFFAOYSA-N,11.802805166787977
VIIVLVPTMKVDBN-JTQLQIEISA-N__FZDQJJKTVGYLHM-UHFFFAOYSA-N,11.320126021248443
LATQYZZGNADRLH-UHFFFAOYSA-N__BZHXDDANMUCUDS-UHFFFAOYSA-N,-3.096308403942713
BZHXDDANMUCUDS-UHFFFAOYSA-N__LATQYZZGNADRLH-UHFFFAOYSA-N,10.15203272185837
JVXHLYLDXKGHKB-UHFFFAOYSA-N__NSQHMOCJPAOARD-UHFFFAOYSA-N,4.757840622805267
NSQHMOCJPAOARD-UHFFFAOYSA-N__JVXHLYLDXKGHKB-UHFFFAOYSA-N,6.504057527962712
XMWDWFXMQIKLBC-UHFFFAOYSA-N__GLMWHGAVKFPBLH-UHFFFAOYSA-N,2.5387828632959013
GLMWHGAVKFPBLH-UHFFFAOYSA-N__XMWDWFXMQIKLBC-UHFFFAOYSA-N,4.38247782608831
BRYBZYUXDLOFQC-UHFFFAOYSA-N__YJSXRWPPIARAEQ-UHFFFAOYSA-N,3.727657404060431
VBOKPZGWHQQBKQ-UHFFFAOYSA-N__XKWNAQWZXPPWMO-UHFFFAOYSA-N,-0.3002429854396538
NHZVZOOGUSKXKW-UHFFFAOYSA-N__BOBVRTLKUIGAEY-UHFFFAOYSA-N,1.291014829842398
PJUDZSDIVFGHNX-UHFFFAOYSA-N__KVOGIXFQLCWKAW-UHFFFAOYSA-N,-2.474861416227915
KVOGIXFQLCWKAW-UHFFFAOYSA-N__PJUDZSDIVFGHNX-UHFFFAOYSA-N,1.4548595071473087
JMPCPIOZRJQDTC-UHFFFAOYSA-N__WZBZPTPKJZEMJN-UHFFFAOYSA-N,13.22337366639219
DNLRHBVWFCRQND-UHFFFAOYSA-N__TZGSKKXHANATKT-UNOHTLBESA-N,3.580719194214522
TZGSKKXHANATKT-UNOHTLBESA-N__DNLRHBVWFCRQND-UHFFFAOYSA-N,5.033445338743824
UPTPLMINZJZKFI-UHFFFAOYSA-N__WZJWTJTVMGHXAT-UHFFFAOYSA-N,2.494287179883255
ATRIUHRKWXZQDH-UHFFFAOYSA-N__IVCZVZUALAKETO-UHFFFAOYSA-N,4.177024873808003
LUDOBLAQJPWJBZ-UHFFFAOYSA-N__PVWPPQZFNCQSLD-UHFFFAOYSA-N,3.659663964092888
BOUVODSNTKYCFP-UHFFFAOYSA-N__UHUFDDIPZICJDB-UHFFFAOYSA-N,5.827247401139603
UHUFDDIPZICJDB-UHFFFAOYSA-N__BOUVODSNTKYCFP-UHFFFAOYSA-N,5.763739371717799
UMQFLHSYFSWQOO-UHFFFAOYSA-N__MKPOWNFDXVPIHS-UHFFFAOYSA-N,9.239699564904104
MKPOWNFDXVPIHS-UHFFFAOYSA-N__UMQFLHSYFSWQOO-UHFFFAOYSA-N,5.703853015231784
CGAXCDUGGGIRLC-UHFFFAOYSA-N__PNNNRSAQSRJVSB-YMFWUOAHSA-N,5.983036574183861
PNNNRSAQSRJVSB-YMFWUOAHSA-N__CGAXCDUGGGIRLC-UHFFFAOYSA-N,9.793052008004423
YRRLCCDWWDFKQD-PSLXWICFSA-N__RLDOUJWWJAAPAQ-UHFFFAOYSA-N,6.988447873313159
MFCDTUKKPNHXKS-UHFFFAOYSA-N__KSZFAVOBFMUZSM-UHFFFAOYSA-N,2.194987231333568
KSZFAVOBFMUZSM-UHFFFAOYSA-N__MFCDTUKKPNHXKS-UHFFFAOYSA-N,2.7589770757182723
RLDOUJWWJAAPAQ-UHFFFAOYSA-N__YRRLCCDWWDFKQD-PSLXWICFSA-N,-11.777943095432017
CVXUONKDHXSZMO-UHFFFAOYSA-N__IGTMELXNXJESHX-UHFFFAOYSA-N,5.698306686651032
IGTMELXNXJESHX-UHFFFAOYSA-N__CVXUONKDHXSZMO-UHFFFAOYSA-N,9.272216423101083
RHKGCMGQPWLPBD-UHFFFAOYSA-N__HABMNPBTCPBDMU-UHFFFAOYSA-N,1.634684222515927
VFKKNEDDVAHRTQ-UHFFFAOYSA-N__VAJCRRPXSJTHPD-UHFFFAOYSA-N,0.9404462780306684
GBEVTTNALBWAGL-BTKWVRSESA-N__NJOCLQRXCADRBX-UHFFFAOYSA-N,7.227539305662407
NJOCLQRXCADRBX-UHFFFAOYSA-N__GBEVTTNALBWAGL-BTKWVRSESA-N,1.0136880377337696
HPOCJUDQDRMMPS-UHFFFAOYSA-N__BOCRJLVFMLLCDQ-UHFFFAOYSA-N,5.522398714657942
DTEVWAQVFHBTCY-UHFFFAOYSA-N__MMHZZRKQOBMBGG-UHFFFAOYSA-N,1.691575792102148
SLSVUTOJWIECIR-NSHDSACASA-N__IOMKOAJZQALCGY-UHFFFAOYSA-N,10.61324662916783
ULGMOTAPQZGBCD-XYVMCAHJSA-N__UROMXVHZIAKBSN-UHFFFAOYSA-N,11.955487553520737
UROMXVHZIAKBSN-UHFFFAOYSA-N__ULGMOTAPQZGBCD-XYVMCAHJSA-N,12.24082467432276
MOJWRXSYBHDXLT-UHFFFAOYSA-N__SCWFLMOKPIBMTA-UHFFFAOYSA-N,7.030094140532056
SCWFLMOKPIBMTA-UHFFFAOYSA-N__MOJWRXSYBHDXLT-UHFFFAOYSA-N,4.846528225109039
BPBVIVJQKZBDMU-UHFFFAOYSA-N__RGLXJNSCNUSIDL-UHFFFAOYSA-N,8.999954026692766
LYINITRAVOFRJR-UHFFFAOYSA-N__UBMKUWNLIUQFKO-UHFFFAOYSA-N,1.0659916928730324
UBMKUWNLIUQFKO-UHFFFAOYSA-N__LYINITRAVOFRJR-UHFFFAOYSA-N,2.202552686054459
BFRIGBSLFOSPET-UHFFFAOYSA-N__SUFWZEKLLATLON-UHFFFAOYSA-N,3.4044970591731776
RDNHINBARHNUCZ-UHFFFAOYSA-N__UPRBICFQQUOLDD-UHFFFAOYSA-N,2.5763358448231166
UPRBICFQQUOLDD-UHFFFAOYSA-N__RDNHINBARHNUCZ-UHFFFAOYSA-N,-1.55262604216184
SUFWZEKLLATLON-UHFFFAOYSA-N__BFRIGBSLFOSPET-UHFFFAOYSA-N,8.458675723749753
GYEKHFZVADCTPF-UHFFFAOYSA-N__PDOCBXROUWUZHI-UHFFFAOYSA-N,8.061826273984266
JFRQYQIIUUDBEB-GFCCVEGCSA-N__RIASMWPLWBUUSS-UHFFFAOYSA-N,17.158214311799398
RIASMWPLWBUUSS-UHFFFAOYSA-N__JFRQYQIIUUDBEB-GFCCVEGCSA-N,7.709777817225306
FKSSMAAESZFJRF-UFYCRDLUSA-N__JXVARRGEROSSHX-UHFFFAOYSA-N,0.9041802095143212
JXVARRGEROSSHX-UHFFFAOYSA-N__FKSSMAAESZFJRF-UFYCRDLUSA-N,-2.2754201330381174
NKUANMVQIAGQJP-YWEHKCAJSA-N__WWSZRRAYMUWRBW-UHFFFAOYSA-N,3.142254806786049
AYGIVURBTSRIHJ-UHFFFAOYSA-N__OCTCIABEBPEOIT-UHFFFAOYSA-N,1.3194934739971105
WWSZRRAYMUWRBW-UHFFFAOYSA-N__NKUANMVQIAGQJP-YWEHKCAJSA-N,1.365675750562944
OCTCIABEBPEOIT-UHFFFAOYSA-N__AYGIVURBTSRIHJ-UHFFFAOYSA-N,6.346837001683523
QYZSJIYKSPHJJH-UHFFFAOYSA-N__TUVZPBBMJNTPPJ-UHFFFAOYSA-N,5.973039601468296
PJUSQSAQUFUQMA-UHFFFAOYSA-N__JWLDOKWVOJEDJW-UHFFFAOYSA-N,3.769160760789618
JWLDOKWVOJEDJW-UHFFFAOYSA-N__PJUSQSAQUFUQMA-UHFFFAOYSA-N,2.031332997358963
IXAFUAIZNPYVPO-LMWSTFAQSA-N__SZWCPWDGHUKSFW-UHFFFAOYSA-N,-1.7919946302299157
OEENCUDSJGZFRG-UHFFFAOYSA-N__NMPZCUGRFCXOHG-UHFFFAOYSA-N,9.07832278556314
NMPZCUGRFCXOHG-UHFFFAOYSA-N__OEENCUDSJGZFRG-UHFFFAOYSA-N,15.220696803946415
AFGNNEQJMDEHNC-UHFFFAOYSA-N__SXYYPOZRVFSDMZ-IRXDYDNUSA-N,6.989460057077919
PIOGCFHPLXJYGG-UHFFFAOYSA-N__ZZNPFCDAFNFNMZ-UHFFFAOYSA-N,0.8253835194620855
ZZNPFCDAFNFNMZ-UHFFFAOYSA-N__PIOGCFHPLXJYGG-UHFFFAOYSA-N,-4.139118282089886
LLVDQONPXXZKRB-UHFFFAOYSA-N__XTTRIXBEASWMKF-LBPRGKRZSA-N,9.07767053809679
LBYBTMMPWBTQCM-UHFFFAOYSA-N__MOOKEWWXLLIOKB-UHFFFAOYSA-N,1.8070013725119776
RGPRIZFGSZUXSI-UHFFFAOYSA-N__XJKYWJBNYLBQNH-ODGPQVTHSA-N,3.454399670512259
MOOKEWWXLLIOKB-UHFFFAOYSA-N__LBYBTMMPWBTQCM-UHFFFAOYSA-N,10.498943681868337
PBINDANZCUXLSF-UHFFFAOYSA-N__OLBGJZNAIKMILJ-UHFFFAOYSA-N,-2.389931244559224
NNHXSWKPDYYJHZ-UHFFFAOYSA-N__WSQSAYCSNQOLTK-UHFFFAOYSA-N,5.879802849425906
CEYHQJBRQRXDKF-UHFFFAOYSA-N__JZDXLFZMRZZOCI-UHFFFAOYSA-N,12.614096837184473
JZDXLFZMRZZOCI-UHFFFAOYSA-N__CEYHQJBRQRXDKF-UHFFFAOYSA-N,-3.238203931070489
ZDJBYYMQCLSVEI-UHFFFAOYSA-N__BMHBIVXATLUOBF-UHFFFAOYSA-N,2.1843992498213427
JCUQAGJDNQWZCQ-UHFFFAOYSA-N__KPRCWOUXXUPLHY-UHFFFAOYSA-N,1.996512013089509
SNWLATNUQSWXBN-UHFFFAOYSA-N__TUXBXBDEABKHLI-UHFFFAOYSA-N,2.2584937980088755
INXMTLGJNWWQTC-UHFFFAOYSA-N__MALXCIPEMQKHMN-UHFFFAOYSA-N,-5.791659773981373
MALXCIPEMQKHMN-UHFFFAOYSA-N__INXMTLGJNWWQTC-UHFFFAOYSA-N,7.823831164855448
OYRBYEQPCNADDZ-UHFFFAOYSA-N__PEOPVCMAXPYTCY-UHFFFAOYSA-N,8.734838430749527
PEOPVCMAXPYTCY-UHFFFAOYSA-N__OYRBYEQPCNADDZ-UHFFFAOYSA-N,2.76574039333319
XBMITDMXGPYBEO-UHFFFAOYSA-N__JDWWONDCKQPCGS-UHFFFAOYSA-N,11.143540496288873
PKNFEYATVJGBCJ-UHFFFAOYSA-N__XAZQBICSDXRPGX-UHFFFAOYSA-N,10.325134513181093
HVAFLFRNUVFTBL-UVCATTPVSA-N__JHBBEKGOWGFCRJ-UHFFFAOYSA-N,2.094963981096495
XAZQBICSDXRPGX-UHFFFAOYSA-N__PKNFEYATVJGBCJ-UHFFFAOYSA-N,-2.771152049432157
JHBBEKGOWGFCRJ-UHFFFAOYSA-N__HVAFLFRNUVFTBL-UVCATTPVSA-N,-1.262078691888325
IBHONZHCJOBPFW-UHFFFAOYSA-N__MFMFDTMBXCKFGV-UHFFFAOYSA-N,3.2416971727379167
ZWFDSAIWEQPYKZ-UHFFFAOYSA-N__OBVRCEOPCAOADR-UHFFFAOYSA-N,8.535158236840493
GNFGZJYJMWKEEE-UHFFFAOYSA-N__NKCJGYWSKQEJAM-UHFFFAOYSA-N,2.080889182686973
GTYFXMMGSZDYLF-UHFFFAOYSA-N__BNICSBHTRCRDIX-UHFFFAOYSA-N,4.606128802830328
GQZCBTNTFRJJBA-UHFFFAOYSA-N__STYTXJBJCAJHAV-UHFFFAOYSA-N,6.904331555026
STYTXJBJCAJHAV-UHFFFAOYSA-N__GQZCBTNTFRJJBA-UHFFFAOYSA-N,6.51437362867509
OEKREDVNFQAZOF-UHFFFAOYSA-N__YCVRPUZSCAVCBS-UHFFFAOYSA-N,10.280691238597155
BTOCBJMHWOCONU-UHFFFAOYSA-N__GVWWSKTXUJZPQX-UHFFFAOYSA-N,-7.378095515098423
YCVRPUZSCAVCBS-UHFFFAOYSA-N__OEKREDVNFQAZOF-UHFFFAOYSA-N,5.173895653213484
JJGRALQPQSWCDD-UHFFFAOYSA-N__MBKLPJYPYWDPNK-MLRMMBSGSA-N,-2.418661297626065
NXPRFFCPBSIDKM-UHFFFAOYSA-N__LNMYLTFAGZSQSG-UHFFFAOYSA-N,9.476429247215748
MBKLPJYPYWDPNK-MLRMMBSGSA-N__JJGRALQPQSWCDD-UHFFFAOYSA-N,1.549924429496075
FYGFJMJGISVPMV-UHFFFAOYSA-N__UQUBJYNPPIAQFN-UHFFFAOYSA-N,-3.1462430407551896
UQUBJYNPPIAQFN-UHFFFAOYSA-N__FYGFJMJGISVPMV-UHFFFAOYSA-N,3.4026555848221505
ISCQKJKACRNJOL-UHFFFAOYSA-N__WUYUKWLWNQUQBD-UHFFFAOYSA-N,7.719557291721554
WUYUKWLWNQUQBD-UHFFFAOYSA-N__ISCQKJKACRNJOL-UHFFFAOYSA-N,1.6592254157727993
KGVMAIIEYAZPFK-UHFFFAOYSA-N__YNNZXSKONJMZQU-UHFFFAOYSA-N,0.7065996524426424
GOZJXLWEWJEBCW-GBXCKJPGSA-N__LKRHTLLULGLFQT-UHFFFAOYSA-N,3.181222400291832
LKRHTLLULGLFQT-UHFFFAOYSA-N__GOZJXLWEWJEBCW-GBXCKJPGSA-N,3.146222633643798
YNNZXSKONJMZQU-UHFFFAOYSA-N__KGVMAIIEYAZPFK-UHFFFAOYSA-N,4.2732814949574704
WSRVHFYJWAEMHU-UHFFFAOYSA-N__MNOUMQIYEZHYKJ-UHFFFAOYSA-N,7.891810799189841
MNOUMQIYEZHYKJ-UHFFFAOYSA-N__WSRVHFYJWAEMHU-UHFFFAOYSA-N,7.007925457673812
HAGJJDSIGPHVHI-UHFFFAOYSA-N__XLXFLFJFKMHKNP-UHFFFAOYSA-N,14.471448550374236
KDGOGMPXIYKERF-UHFFFAOYSA-N__ASWKPKOJDBKTHY-UHFFFAOYSA-N,10.595326603301938
XLXFLFJFKMHKNP-UHFFFAOYSA-N__HAGJJDSIGPHVHI-UHFFFAOYSA-N,8.607405812322494
ASWKPKOJDBKTHY-UHFFFAOYSA-N__KDGOGMPXIYKERF-UHFFFAOYSA-N,7.972644386567917
DISSPTMXMCFRGF-UHFFFAOYSA-N__WWZPOOQNZCWCAS-UHFFFAOYSA-N,2.7270143093757566
WWZPOOQNZCWCAS-UHFFFAOYSA-N__DISSPTMXMCFRGF-UHFFFAOYSA-N,1.4845312616987485
BCOCNAIZYSTVGP-BPUTZDHNSA-N__ZRNHEIAVFNGTQR-UHFFFAOYSA-N,2.5388356421629488
ZRNHEIAVFNGTQR-UHFFFAOYSA-N__BCOCNAIZYSTVGP-BPUTZDHNSA-N,7.742494139569592
CACGIEIDECOVOL-UHFFFAOYSA-N__LJGMIRQITADQTL-UHFFFAOYSA-N,1.7903470019638963
UMPPQJSCLKYSSR-ZDLURKLDSA-N__DRLOFZFRSIOTKG-UHFFFAOYSA-N,-4.63557629110632
DRLOFZFRSIOTKG-UHFFFAOYSA-N__UMPPQJSCLKYSSR-ZDLURKLDSA-N,-2.3460429350974
SFATVWGJLRICIN-UHFFFAOYSA-N__HJMJWNBKDHJNAS-UHFFFAOYSA-N,1.091686166861224
HJMJWNBKDHJNAS-UHFFFAOYSA-N__SFATVWGJLRICIN-UHFFFAOYSA-N,3.712959605980546
DUZDFEXRCGNRLA-UHFFFAOYSA-N__FDWUDTVXBICWEG-UHFFFAOYSA-N,-0.5376567858128392
FDWUDTVXBICWEG-UHFFFAOYSA-N__DUZDFEXRCGNRLA-UHFFFAOYSA-N,3.850524684588153
TUNSCGLJGUJBLJ-QRWMCTBCSA-N__UKMBGAFUEQLPSA-UHFFFAOYSA-N,14.608399097817546
GXZKDCPDDBKCGI-UHFFFAOYSA-N__AGNHJNBLSUNQAS-UHFFFAOYSA-N,1.623897710405978
AGNHJNBLSUNQAS-UHFFFAOYSA-N__GXZKDCPDDBKCGI-UHFFFAOYSA-N,4.818830936986895
UWAULTSNRGODLJ-UHFFFAOYSA-N__BAQLXAWQJUALDC-UHFFFAOYSA-N,-1.1768372883001987
BAQLXAWQJUALDC-UHFFFAOYSA-N__UWAULTSNRGODLJ-UHFFFAOYSA-N,0.3944394367268113
UTAQGWLGKIDJKG-WDSKDSINSA-N__WPXCOMLNWQQKRS-UHFFFAOYSA-N,-2.257927780318872
WPXCOMLNWQQKRS-UHFFFAOYSA-N__UTAQGWLGKIDJKG-WDSKDSINSA-N,2.2879112831455384
PHPUZLDPJRFYOI-UHFFFAOYSA-N__KBDHMUXVKMQBSG-UHFFFAOYSA-N,2.854937130151906
KBDHMUXVKMQBSG-UHFFFAOYSA-N__PHPUZLDPJRFYOI-UHFFFAOYSA-N,0.1407332698099868
WAPPVHWOCDWWRE-UHFFFAOYSA-N__WPGNFZUZBHNAOO-UHFFFAOYSA-N,2.594424442163918
WPGNFZUZBHNAOO-UHFFFAOYSA-N__WAPPVHWOCDWWRE-UHFFFAOYSA-N,3.9088833042308737
KEFHUIMQXZXMLZ-JTQLQIEISA-N__VWRXVEIOOGSYOZ-UHFFFAOYSA-N,2.507647122722396
VWRXVEIOOGSYOZ-UHFFFAOYSA-N__KEFHUIMQXZXMLZ-JTQLQIEISA-N,-1.0607421361093698
NKNXZNPOYXHCEF-UHFFFAOYSA-N__DKTNMUOPASFCOT-UHFFFAOYSA-N,0.8975268768957335
KKQINJJEBYOVFC-UHFFFAOYSA-N__NVQWGXQPUNXDIJ-UHFFFAOYSA-N,7.81302343985369
NVQWGXQPUNXDIJ-UHFFFAOYSA-N__KKQINJJEBYOVFC-UHFFFAOYSA-N,3.2502705806445205
VKAFSDJQYBGEDV-AWEZNQCLSA-N__ZDPIBYORENQLQT-JTQLQIEISA-N,4.017370393787278
DBZSEQSAZWHLQT-UHFFFAOYSA-N__OEJIHRLGCJRVLY-UHFFFAOYSA-N,3.4263420096362283
ZDPIBYORENQLQT-JTQLQIEISA-N__VKAFSDJQYBGEDV-AWEZNQCLSA-N,1.3198092881283217
AJDFGSKDPDCVJT-MBQUCRSRSA-N__HLSUTXVQUAQLSH-UHFFFAOYSA-N,0.059087865045972
CEADCJVVHDCORN-UHFFFAOYSA-N__XCPJWHMPQXCHCN-UHFFFAOYSA-N,17.52680727267647
XCPJWHMPQXCHCN-UHFFFAOYSA-N__CEADCJVVHDCORN-UHFFFAOYSA-N,4.455400111512337
IPZPUXATVFMWHV-UHFFFAOYSA-N__NLJASCRUZYABSR-WKHDDYHOSA-N,1.1343351526537115
NLJASCRUZYABSR-WKHDDYHOSA-N__IPZPUXATVFMWHV-UHFFFAOYSA-N,-1.6683382984844723
UAIVWKRILRHHTB-UHFFFAOYSA-N__PZLIMYGJXXJMCL-UHFFFAOYSA-N,1.593119578106769
PZLIMYGJXXJMCL-UHFFFAOYSA-N__UAIVWKRILRHHTB-UHFFFAOYSA-N,2.327114457453555
PGPNKLUCPRFQBP-UHFFFAOYSA-N__VVWPEMZQVDBRGG-UHFFFAOYSA-N,4.007135073507024
VVWPEMZQVDBRGG-UHFFFAOYSA-N__PGPNKLUCPRFQBP-UHFFFAOYSA-N,6.412157019100855
HZSFQVRVTWMUAZ-UHFFFAOYSA-N__YROXKJZFIFCVTB-UHFFFAOYSA-N,3.551104612120089
FOUGSPCHBNOKRN-UHFFFAOYSA-N__NMOBLHDHCRPQJQ-RXMQYKEDSA-N,2.506327477619714
NMOBLHDHCRPQJQ-RXMQYKEDSA-N__FOUGSPCHBNOKRN-UHFFFAOYSA-N,2.256901461474838
KCFCMXFHRKHDFP-UHFFFAOYSA-N__CUMATIJGFOEZCZ-VIFPVBQESA-N,-5.758833335375953
YROXKJZFIFCVTB-UHFFFAOYSA-N__HZSFQVRVTWMUAZ-UHFFFAOYSA-N,7.267829392075077
CUMATIJGFOEZCZ-VIFPVBQESA-N__KCFCMXFHRKHDFP-UHFFFAOYSA-N,13.218118535154703
PZYDEHKREXPOJQ-UHFFFAOYSA-N__LLLMMFSKPRJDIC-UHFFFAOYSA-N,3.0604998777366323
LLLMMFSKPRJDIC-UHFFFAOYSA-N__PZYDEHKREXPOJQ-UHFFFAOYSA-N,0.8820019730751828
SPLIRDHMWICSFK-UHFFFAOYSA-N__PHEQDTOMKNXMHJ-UHFFFAOYSA-N,7.222853979175879
PHEQDTOMKNXMHJ-UHFFFAOYSA-N__SPLIRDHMWICSFK-UHFFFAOYSA-N,10.155872761323026
LOWZOBDZLCIDOW-UHFFFAOYSA-N__JMQIIAKXILYNIW-ILRUXTBWSA-N,5.63187279041574
SFWDZMXLECIUMV-UHFFFAOYSA-N__AVATURWOYKKWAQ-UHFFFAOYSA-N,3.115408647861329
AVATURWOYKKWAQ-UHFFFAOYSA-N__SFWDZMXLECIUMV-UHFFFAOYSA-N,7.670821487095837
ACPDOIZRMKVOKL-UHFFFAOYSA-N__CDJVEGNQNSKOTD-UHFFFAOYSA-N,7.731501867452803
CDJVEGNQNSKOTD-UHFFFAOYSA-N__ACPDOIZRMKVOKL-UHFFFAOYSA-N,3.1859101027426653
NLLHGKKWAZSUHH-UHFFFAOYSA-N__LCLGTAINFPKJFD-UHFFFAOYSA-N,3.8261681794132976
LCLGTAINFPKJFD-UHFFFAOYSA-N__NLLHGKKWAZSUHH-UHFFFAOYSA-N,1.6914338337816472
NVLVDJFDWJRTHK-UHFFFAOYSA-N__VLAPTCZDMOBGCW-UHFFFAOYSA-N,15.642915416274908
VLAPTCZDMOBGCW-UHFFFAOYSA-N__NVLVDJFDWJRTHK-UHFFFAOYSA-N,13.873477430237442
YZQSXQXGPQTDEH-UHFFFAOYSA-N__HSODAAGMKTUNDI-UHFFFAOYSA-N,-3.5667290827918543
HSODAAGMKTUNDI-UHFFFAOYSA-N__YZQSXQXGPQTDEH-UHFFFAOYSA-N,2.027472301843494
MYDQWKSBFBIHME-UHFFFAOYSA-N__BBKWXRDOVYXQJU-UHFFFAOYSA-N,-1.944883116973896
BBKWXRDOVYXQJU-UHFFFAOYSA-N__MYDQWKSBFBIHME-UHFFFAOYSA-N,-2.274161203258056
BFWDJSOTYDJCPF-UHFFFAOYSA-N__LWLCKBSJXITWEU-UHFFFAOYSA-N,7.834598294718236
WMHUAHBFCQTMCI-UHFFFAOYSA-N__IIYAMGNCVYHQKX-UHFFFAOYSA-N,19.194167557765024
IIYAMGNCVYHQKX-UHFFFAOYSA-N__WMHUAHBFCQTMCI-UHFFFAOYSA-N,8.315858088192963
SIXRJSMYXJLWGZ-UHFFFAOYSA-N__XBFNUEWWDYTZBY-UHFFFAOYSA-N,4.630141464557805
XBFNUEWWDYTZBY-UHFFFAOYSA-N__SIXRJSMYXJLWGZ-UHFFFAOYSA-N,5.407240517373571
UABZQCKUYUTCKG-UHFFFAOYSA-N__VDFHNXIBYOZIJK-UHFFFAOYSA-N,5.4106504544722895
HZDNYITXMTYEPC-UHFFFAOYSA-N__GDYMKOFSQOQONO-UHFFFAOYSA-N,9.972869072917796
GDYMKOFSQOQONO-UHFFFAOYSA-N__HZDNYITXMTYEPC-UHFFFAOYSA-N,9.155817141058806
CAICGYKAETYAOO-UHFFFAOYSA-N__UVXDOMFDKPQDOZ-UHFFFAOYSA-N,4.632504826298925
IUHXRNBITQBVAH-UHFFFAOYSA-N__MNQAPGBMXMPHSL-PDFXSYEUSA-N,-1.5235120575189578
MNQAPGBMXMPHSL-PDFXSYEUSA-N__IUHXRNBITQBVAH-UHFFFAOYSA-N,7.83011549455862
DXBOOBQYMUBPPZ-GFCCVEGCSA-N__JBYLTGHHDFVKBU-UHFFFAOYSA-N,6.458829068979645
UVXDOMFDKPQDOZ-UHFFFAOYSA-N__CAICGYKAETYAOO-UHFFFAOYSA-N,8.834353295537118
VDFHNXIBYOZIJK-UHFFFAOYSA-N__UABZQCKUYUTCKG-UHFFFAOYSA-N,5.4714416287449446
JBYLTGHHDFVKBU-UHFFFAOYSA-N__DXBOOBQYMUBPPZ-GFCCVEGCSA-N,4.979495159461031
FBCPFZHGDWGJPR-UHFFFAOYSA-N__KOQRNEGQCQHTEJ-UHFFFAOYSA-N,6.166177719739565
KOQRNEGQCQHTEJ-UHFFFAOYSA-N__FBCPFZHGDWGJPR-UHFFFAOYSA-N,-0.2367285785458513
PPAQGUBYGPCPLW-UHFFFAOYSA-N__SQKZQMJLTVCJCU-JSGCOSHPSA-N,0.0383430595353356
KEWQOVDBKLOQKV-UHFFFAOYSA-N__QIBWYBOOALKYHU-UHFFFAOYSA-N,-0.526108479907213
SQKZQMJLTVCJCU-JSGCOSHPSA-N__PPAQGUBYGPCPLW-UHFFFAOYSA-N,0.0572942152430314
QIBWYBOOALKYHU-UHFFFAOYSA-N__KEWQOVDBKLOQKV-UHFFFAOYSA-N,-7.856046398575259
IHYVINYIPQYQLA-MRVWCRGKSA-N__LORGGYLNAJJKIA-UHFFFAOYSA-N,0.295811337105564
LORGGYLNAJJKIA-UHFFFAOYSA-N__IHYVINYIPQYQLA-MRVWCRGKSA-N,-1.1092123804069234
SBBYRVJIQUTWDR-UHFFFAOYSA-N__SGDBJKXXFUGCNR-RMKNXTFCSA-N,12.140818487725555
SGDBJKXXFUGCNR-RMKNXTFCSA-N__SBBYRVJIQUTWDR-UHFFFAOYSA-N,8.40284896341527
ZDTSFPGDYNGOFT-UHFFFAOYSA-N__JXFAQRYVRGQALU-UHFFFAOYSA-N,1.36908937998367
JXFAQRYVRGQALU-UHFFFAOYSA-N__ZDTSFPGDYNGOFT-UHFFFAOYSA-N,-4.895785309097714
BMUVTQYHPSXEKT-UHFFFAOYSA-N__WFEXAKCQJAQLIO-UHFFFAOYSA-N,9.936348128243647
WFEXAKCQJAQLIO-UHFFFAOYSA-N__BMUVTQYHPSXEKT-UHFFFAOYSA-N,4.2810829068681535
GESOILNSTWRSGU-UHFFFAOYSA-N__ONDFQXLKCRTDPI-UHFFFAOYSA-N,6.069020045677806
ONDFQXLKCRTDPI-UHFFFAOYSA-N__GESOILNSTWRSGU-UHFFFAOYSA-N,3.4454246422411123
PILXCQZKNNLBDH-UHFFFAOYSA-N__GDDVERSXIZSSPJ-UHFFFAOYSA-N,1.9548712778973925
GDDVERSXIZSSPJ-UHFFFAOYSA-N__PILXCQZKNNLBDH-UHFFFAOYSA-N,7.778550913060839
UNXLHEBWSFIDRJ-UHFFFAOYSA-N__RJDMJIQUOIHVCW-UHFFFAOYSA-N,4.514576969102095
BVRXDFFPQAIFFP-UHFFFAOYSA-N__HSECYLPUCWTSKL-UHFFFAOYSA-N,3.7217618575232834
HSECYLPUCWTSKL-UHFFFAOYSA-N__BVRXDFFPQAIFFP-UHFFFAOYSA-N,6.989857857208609
KHKCEEBVSDZACQ-UHFFFAOYSA-N__FYXULNXLIGZIHN-UHFFFAOYSA-N,5.102068146722265
FYXULNXLIGZIHN-UHFFFAOYSA-N__KHKCEEBVSDZACQ-UHFFFAOYSA-N,1.503121826282141
CAIHEBHJSATMRT-UHFFFAOYSA-N__MBZJZNZEWOKZOC-UHFFFAOYSA-N,1.9337532002262483
MBZJZNZEWOKZOC-UHFFFAOYSA-N__CAIHEBHJSATMRT-UHFFFAOYSA-N,-0.3935541609879635
PDATWRYJPMYJDN-UHFFFAOYSA-N__HMJRDJQWGNHTSO-UHFFFAOYSA-N,6.1599589944022695
XHGCSJVRTPIJCE-UHFFFAOYSA-N__SRFVESVVALMLLF-UHFFFAOYSA-N,6.755155420050628
ZNYFTMPILXAUQA-UHFFFAOYSA-N__XJFXKHUAFOOOQU-UHFFFAOYSA-N,4.999455730815579
XJFXKHUAFOOOQU-UHFFFAOYSA-N__ZNYFTMPILXAUQA-UHFFFAOYSA-N,5.947858371724867
XCIBKDINCSRGAC-UHFFFAOYSA-N__GXMFGYSTXBJFQJ-UHFFFAOYSA-N,6.07984175030992
GXMFGYSTXBJFQJ-UHFFFAOYSA-N__XCIBKDINCSRGAC-UHFFFAOYSA-N,-0.8719939203259922
YBENHQZHKDDAQL-UHFFFAOYSA-N__XBOVYLWHTLOKMJ-UHFFFAOYSA-N,6.6066823931233465
CNMDSGOJWOYTNY-ZFWWWQNUSA-N__PBTACDUYKIVDRK-UHFFFAOYSA-N,13.43095100399064
PLGHZCFUYNPFFK-UHFFFAOYSA-N__IRHXAJWKUNWFCP-UHFFFAOYSA-N,-3.4862402043527934
YKNSFTSHMBABAB-UHFFFAOYSA-N__JOTCSIYTHOFIAG-UHFFFAOYSA-N,1.3427128876000944
JOTCSIYTHOFIAG-UHFFFAOYSA-N__YKNSFTSHMBABAB-UHFFFAOYSA-N,7.278919893782884
LPBWBIRHJACREH-UHFFFAOYSA-N__YXRWBJRSHOKHBH-UHFFFAOYSA-N,8.815528661266216
YXRWBJRSHOKHBH-UHFFFAOYSA-N__LPBWBIRHJACREH-UHFFFAOYSA-N,5.453466254360775
QYHWBJTXXUNUAJ-UHFFFAOYSA-N__MVHIRKFJACWJFK-UHFFFAOYSA-N,10.131161813709872
PQASUMRZUQCTOP-UHFFFAOYSA-N__LDPFOYRGFNGOFU-RYUDHWBXSA-N,1.6814393697933212
PNZIXISEXCPEQV-UHFFFAOYSA-N__POZPFFJYBCOBPU-SCSAIBSYSA-N,-3.634661109379108
JVYNDYDWILEHRB-UHFFFAOYSA-N__RROILTOMIQVRBN-UHFFFAOYSA-N,1.835319912770436
RROILTOMIQVRBN-UHFFFAOYSA-N__JVYNDYDWILEHRB-UHFFFAOYSA-N,-5.088393295051027
YFVCUCIYIZUUPF-UHFFFAOYSA-N__YKYTUXGHFZQFLY-OGWOLHLISA-N,5.440308821369107
YDOWNXUXEDCCQF-UHFFFAOYSA-N__LEQVRJDEZZRRJP-UHFFFAOYSA-N,6.078682264677017
YKYTUXGHFZQFLY-OGWOLHLISA-N__YFVCUCIYIZUUPF-UHFFFAOYSA-N,4.57917175268275
DZLMPJYIGLNDTM-UHFFFAOYSA-N__ILMUNGMYDRELIF-UHFFFAOYSA-N,-0.8240650038787802
ILMUNGMYDRELIF-UHFFFAOYSA-N__DZLMPJYIGLNDTM-UHFFFAOYSA-N,6.129368387431026
QJIZXWMIGUBZIE-UHFFFAOYSA-N__QRLFYQDDBWGDKA-UHFFFAOYSA-N,4.951899488560618
QRLFYQDDBWGDKA-UHFFFAOYSA-N__QJIZXWMIGUBZIE-UHFFFAOYSA-N,5.854583215381633
ZYIOFDZYLROEHQ-UHFFFAOYSA-N__OIYBGDGTVSIQFH-SDDRHHMPSA-N,2.6868346487666064
OIYBGDGTVSIQFH-SDDRHHMPSA-N__ZYIOFDZYLROEHQ-UHFFFAOYSA-N,-3.467289130970959
YAEGJCNPPXIAAK-UHFFFAOYSA-N__WYLSMXHYRCZWDQ-UHFFFAOYSA-N,0.1598091046101398
XRPAGQHROSRLNO-HZJYTTRNSA-N__IDYWKUWBKOSWFG-UHFFFAOYSA-N,3.168773924229725
ZBECOVNPTWHWQL-UHFFFAOYSA-N__HIXUGCODQIEBDR-UHFFFAOYSA-N,3.323374048167508
ICSXGSZCQNPJLW-UHFFFAOYSA-N__QVELUVAQPWESJS-UHFFFAOYSA-N,0.8654412987739465
QKUDXALJAKAHNS-LLVKDONJSA-N__IEFJUDYEUSGBGQ-UHFFFAOYSA-N,7.30733789959037
CUOIIVLEPMDYDH-SFHVURJKSA-N__CCJQIHURXZEBNJ-FTNKSUMCSA-N,2.570029333508145
VHPVSIHFZZJSKJ-UHFFFAOYSA-N__MQAYACGCCQGSEP-UVTDQMKNSA-N,6.565908136050674
MQAYACGCCQGSEP-UVTDQMKNSA-N__VHPVSIHFZZJSKJ-UHFFFAOYSA-N,0.5267799541004653
CCJQIHURXZEBNJ-FTNKSUMCSA-N__CUOIIVLEPMDYDH-SFHVURJKSA-N,8.604270365125636
OCKDMRIKKKEMER-UHFFFAOYSA-N__PVHNGFMPKABXCH-UHFFFAOYSA-N,5.1152007217982485
PVHNGFMPKABXCH-UHFFFAOYSA-N__OCKDMRIKKKEMER-UHFFFAOYSA-N,9.052305456941795
QNYFPYGMZRYHEX-UHFFFAOYSA-N__ZIARBKKJXIANNK-UHFFFAOYSA-N,4.864142772377616
JNSNZTAZVSCYIV-UHFFFAOYSA-N__VIRFNALNANHSEH-UHFFFAOYSA-N,23.02498766390602
LMCSWQSFWFLODK-UHFFFAOYSA-N__SOHIUXZWIJKGJS-OXDKNZLUSA-N,2.911737637276784
NBXWVBRUFUVUDZ-UHFFFAOYSA-N__KMNVNSOOILVKGM-UHFFFAOYSA-N,10.687208106553882
ABMAWPRTPYBBDU-UHFFFAOYSA-N__ADCIHVFLVVBMPF-UHFFFAOYSA-N,5.871668823700543
KMNVNSOOILVKGM-UHFFFAOYSA-N__NBXWVBRUFUVUDZ-UHFFFAOYSA-N,6.5679628190441495
VIRFNALNANHSEH-UHFFFAOYSA-N__JNSNZTAZVSCYIV-UHFFFAOYSA-N,3.364878452589586
SOHIUXZWIJKGJS-OXDKNZLUSA-N__LMCSWQSFWFLODK-UHFFFAOYSA-N,7.268823364774359
CWUHFFCMFYWBIO-UHFFFAOYSA-N__NIEBPPZNKIWXFF-UHFFFAOYSA-N,2.1072031039917536
NIEBPPZNKIWXFF-UHFFFAOYSA-N__CWUHFFCMFYWBIO-UHFFFAOYSA-N,7.864720281414436
JDLJGQHBXARJFG-UHFFFAOYSA-N__HEVYLPXSWKEMCI-MIMYLULJSA-N,-0.0302479877821864
HEVYLPXSWKEMCI-MIMYLULJSA-N__JDLJGQHBXARJFG-UHFFFAOYSA-N,-5.63281826283855
CXTLQPJEVYIYJN-UHFFFAOYSA-N__OBAQEIQDVSHNNE-UHFFFAOYSA-N,0.6608065010447213
OBAQEIQDVSHNNE-UHFFFAOYSA-N__CXTLQPJEVYIYJN-UHFFFAOYSA-N,-0.4756715990546223
HDIRLSMEOYUSBR-JRTVQGFMSA-N__VUFIONWVFMFIKQ-UHFFFAOYSA-N,-0.8289474624934864
VUFIONWVFMFIKQ-UHFFFAOYSA-N__HDIRLSMEOYUSBR-JRTVQGFMSA-N,-1.966390313820428
VPGKUSXRSSMHAI-UHFFFAOYSA-N__YYAVCMJNUHJEDW-UHFFFAOYSA-N,5.661938569451247
YYAVCMJNUHJEDW-UHFFFAOYSA-N__VPGKUSXRSSMHAI-UHFFFAOYSA-N,6.264916430433189
MUCQKVWMLQPGDU-UHFFFAOYSA-N__YJVCNEVVHSPHBQ-UHFFFAOYSA-N,3.608614666081413
VQOQGDJGTAECJF-HNNXBMFYSA-N__GLWPNXWVGVWNIQ-UHFFFAOYSA-N,1.252866689481848
GLWPNXWVGVWNIQ-UHFFFAOYSA-N__VQOQGDJGTAECJF-HNNXBMFYSA-N,-0.428158520662447
IXMNTWWTPVIFOP-NSHDSACASA-N__PZUMYPDUSSELPR-UHFFFAOYSA-N,5.462013659280293
PZUMYPDUSSELPR-UHFFFAOYSA-N__IXMNTWWTPVIFOP-NSHDSACASA-N,0.9353690996352684
PLJFOJFXZBNUHN-UHFFFAOYSA-N__FKEUIVWSWTXUPI-CAPFRKAQSA-N,0.3646351958946388
FKEUIVWSWTXUPI-CAPFRKAQSA-N__PLJFOJFXZBNUHN-UHFFFAOYSA-N,7.6721805839782355
YFEXCJBPNVKCIY-UHFFFAOYSA-N__CVEHIOTZQXBXMF-UHFFFAOYSA-N,3.46036999004787
CVEHIOTZQXBXMF-UHFFFAOYSA-N__YFEXCJBPNVKCIY-UHFFFAOYSA-N,0.7116495567938785
KXEPVQFFLXAUBR-UHFFFAOYSA-N__PBDSXJIHSDHRHD-UHFFFAOYSA-N,-0.9485049928572278
QPOOAPRTIDEHSP-GUBZILKMSA-N__CDRDRAQTTAOYDX-UHFFFAOYSA-N,6.234794259252867
LSNIVGINPKCFNN-UHFFFAOYSA-N__YDYJHZSJGDAJQK-UHFFFAOYSA-N,10.78247329109003
QTPYZUQBUYOZKH-UHFFFAOYSA-N__KJJJFRXSKKUBAR-UHFFFAOYSA-N,1.7207332968776174
SIXBABMGEVZGKD-JGVFFNPUSA-N__YAJZHZXKWRTBFO-UHFFFAOYSA-N,-3.94631339778816
JZNCCHGLSKDBKI-UHFFFAOYSA-N__OYKHIAUNDIVXKR-UHFFFAOYSA-N,5.97020635053524
KJJJFRXSKKUBAR-UHFFFAOYSA-N__QTPYZUQBUYOZKH-UHFFFAOYSA-N,8.34794463653287
NLCCWAGNJKYYSS-UHFFFAOYSA-N__BXMWXFMSAWCLKK-UHFFFAOYSA-N,4.513556228441543
BXMWXFMSAWCLKK-UHFFFAOYSA-N__NLCCWAGNJKYYSS-UHFFFAOYSA-N,1.6870184360303735
ADVFSLDPOJWURS-UHFFFAOYSA-N__LCGCZSNNKBYREC-UHFFFAOYSA-N,-0.7087271831936657
LCGCZSNNKBYREC-UHFFFAOYSA-N__ADVFSLDPOJWURS-UHFFFAOYSA-N,0.7151569470950979
RRLYRQGMBUXGLV-UHFFFAOYSA-N__NGCIWKXPZVCAQB-UHFFFAOYSA-N,7.846131691866976
OGOAVGUDYKPVLE-UHFFFAOYSA-N__WOHMULASXKGIGK-UHFFFAOYSA-N,4.276717939628036
NEICTLBDTIYYHS-UHFFFAOYSA-N__WANYSCJGLCSVDW-UHFFFAOYSA-N,1.6443539650572925
NGCIWKXPZVCAQB-UHFFFAOYSA-N__RRLYRQGMBUXGLV-UHFFFAOYSA-N,3.4302415178002272
UFYBLHWNJIWXPO-UHFFFAOYSA-N__WOEXXRKJOPUDSV-UHFFFAOYSA-N,1.4243745333160838
WOEXXRKJOPUDSV-UHFFFAOYSA-N__UFYBLHWNJIWXPO-UHFFFAOYSA-N,8.879730526625481
IMYQJYHMZLWNMX-UHFFFAOYSA-N__HSZFAXHWZDTKPC-UHFFFAOYSA-N,13.92402533479047
HSZFAXHWZDTKPC-UHFFFAOYSA-N__IMYQJYHMZLWNMX-UHFFFAOYSA-N,17.45250324127006
GHOOYAHBABGRGF-QTQOVQFESA-N__WGDYCPHEJNMHMH-UHFFFAOYSA-N,13.47746947618817
WGDYCPHEJNMHMH-UHFFFAOYSA-N__GHOOYAHBABGRGF-QTQOVQFESA-N,14.16409072844819
DGBUZSVPSBJZGR-UHFFFAOYSA-N__STMSFXYBPGSAGU-UHFFFAOYSA-N,8.5800826706986
DZQIQNRISKERPT-UHFFFAOYSA-N__ZNMPKBIPHORQAZ-UHFFFAOYSA-N,1.2266539465891184
STMSFXYBPGSAGU-UHFFFAOYSA-N__DGBUZSVPSBJZGR-UHFFFAOYSA-N,7.533092691528227
DAJQMWAKTVJTBA-UHFFFAOYSA-N__DUPWVAXDUZOEFP-RQNFDYIRSA-N,2.896218001811971
HOAPJLOGOAVSMK-UHFFFAOYSA-N__HGAISDOAIZAVLS-UHFFFAOYSA-N,4.306866421054961
FZJXMZLKXUJECI-UHFFFAOYSA-N__SFRZKAYRXIXVCV-UHFFFAOYSA-N,-0.220004576798652
DUPWVAXDUZOEFP-RQNFDYIRSA-N__DAJQMWAKTVJTBA-UHFFFAOYSA-N,9.66452564435492
HGAISDOAIZAVLS-UHFFFAOYSA-N__HOAPJLOGOAVSMK-UHFFFAOYSA-N,3.176080791066445
ZOYWHFBVFQYLBG-UHFFFAOYSA-N__RLZUQVGLZGRPBE-UHFFFAOYSA-N,4.950917763081629
QBVNUUOYZDXVCA-UHFFFAOYSA-N__DAHQMIOVIVKQBA-UHFFFAOYSA-N,11.095938968924749
DAHQMIOVIVKQBA-UHFFFAOYSA-N__QBVNUUOYZDXVCA-UHFFFAOYSA-N,0.8270146234867068
CLTYBRFLSIXWGB-HOTGVXAUSA-N__ASMQBPLMAYCXTB-UHFFFAOYSA-N,4.855070904067553
HEHQEJAUIGNODI-UHFFFAOYSA-N__UAROHQKARXZIJD-SOFGYWHQSA-N,4.746563019740546
UAROHQKARXZIJD-SOFGYWHQSA-N__HEHQEJAUIGNODI-UHFFFAOYSA-N,5.707708440964724
GJCQTWCYJCUWNM-UHFFFAOYSA-N__DVZYLWSTYLISCW-KEKNWZKVSA-N,10.315120592609777
NQZJSCYCZWGJCM-DEHCKPKBSA-N__UMSWAXAFQKBAOX-UHFFFAOYSA-N,5.00883001425924
NMPURTSSMRCPKE-UHFFFAOYSA-N__SKOMBTPCMSAQMG-TZHYSIJRSA-N,4.778555693912727
UMSWAXAFQKBAOX-UHFFFAOYSA-N__NQZJSCYCZWGJCM-DEHCKPKBSA-N,-8.165223672470447
SKOMBTPCMSAQMG-TZHYSIJRSA-N__NMPURTSSMRCPKE-UHFFFAOYSA-N,10.00124992186812
CBTBZBUZUGINBM-QIUSFHBQSA-N__ADMULDGSPVYURD-UHFFFAOYSA-N,11.22353765034914
ADMULDGSPVYURD-UHFFFAOYSA-N__CBTBZBUZUGINBM-QIUSFHBQSA-N,3.6952944549883417
BGDKUEQEBMSXPY-HYBUGGRVSA-N__CJEAZUAIRXTEKS-UHFFFAOYSA-N,1.995122503507324
CJEAZUAIRXTEKS-UHFFFAOYSA-N__BGDKUEQEBMSXPY-HYBUGGRVSA-N,2.61132968165494
TWGHMAACOULVPF-UHFFFAOYSA-N__XMRZQMDXPYQDAP-XRRVDJEJSA-N,6.9344186713338525
XMRZQMDXPYQDAP-XRRVDJEJSA-N__TWGHMAACOULVPF-UHFFFAOYSA-N,6.466673088019126
MMODGUJRJNWAOG-UHFFFAOYSA-N__DIQGBENLZATDDG-UHFFFAOYSA-N,0.6823764576632065
DIQGBENLZATDDG-UHFFFAOYSA-N__MMODGUJRJNWAOG-UHFFFAOYSA-N,1.3597842803686977
FURVINZRJNFMOQ-UHFFFAOYSA-N__LKZNSUFZXSDBAM-KBPBESRZSA-N,2.078021190668537
LKZNSUFZXSDBAM-KBPBESRZSA-N__FURVINZRJNFMOQ-UHFFFAOYSA-N,0.6375776393720639
ZOPLEHYQTDRMMM-DHZHZOJOSA-N__BMEAVCQQZGDZHK-UHFFFAOYSA-N,5.522143479519436
WEASZFXKEIGBDG-UHFFFAOYSA-N__YOMHMASROFFWBC-UHFFFAOYSA-N,4.368814988356979
WSXPQRXRMAYFRU-UHFFFAOYSA-N__KPLVDRLJXDVZOR-UHFFFAOYSA-N,-6.3217826051308
KPLVDRLJXDVZOR-UHFFFAOYSA-N__WSXPQRXRMAYFRU-UHFFFAOYSA-N,0.7189678458087903
MVXXGGQIORLFPO-UHFFFAOYSA-N__LQVOVRLPKASPDT-UHFFFAOYSA-N,1.7911828859670331
XWUGEMJEFYMFBW-UHFFFAOYSA-N__CBMBBEUMRHVAHW-UHFFFAOYSA-N,4.695086925417051
LCHNTCBTBRRTJC-UHFFFAOYSA-N__WJUOPWSFNGWDAA-UHFFFAOYSA-N,8.645684056150875
WJUOPWSFNGWDAA-UHFFFAOYSA-N__LCHNTCBTBRRTJC-UHFFFAOYSA-N,8.2770904483666
GUZOGDSKFKEACG-UHFFFAOYSA-N__YNTWDWGLNKALFZ-UHFFFAOYSA-N,7.147370509315539
OUTVCEJEOSVJDK-UHFFFAOYSA-N__JZWOVVZTCVFVNJ-UHFFFAOYSA-N,2.5673930940680574
QFLWUNMXVFTVKD-UHFFFAOYSA-N__TXTXTCWCMWLRFF-UHFFFAOYSA-N,3.2463263673263745
TXTXTCWCMWLRFF-UHFFFAOYSA-N__QFLWUNMXVFTVKD-UHFFFAOYSA-N,-0.6055637991781698
GVOLJUIKNSUFMB-UHFFFAOYSA-N__ZILABGYHEIBSGU-UHFFFAOYSA-N,1.661391227692573
ZILABGYHEIBSGU-UHFFFAOYSA-N__GVOLJUIKNSUFMB-UHFFFAOYSA-N,-0.332970203618801
KDYDPXADVNYRMX-MKXPUETBSA-N__QORZWUIINSLCTM-UHFFFAOYSA-N,3.298097191657192
VROSWDHOLSDPBB-UHFFFAOYSA-N__UEMZYXSQHWVRNA-XAMCCFCMSA-N,-0.7718050077702431
UEMZYXSQHWVRNA-XAMCCFCMSA-N__VROSWDHOLSDPBB-UHFFFAOYSA-N,3.627830194812846
BIXCSLSAUODZMX-UHFFFAOYSA-N__CZEXDDITLRLHPZ-UHFFFAOYSA-N,10.153634175910192
NILWIASPKCGJFG-IHBLQFBFSA-N__IZDLHGGHCDVWLM-UHFFFAOYSA-N,0.6319254990170146
CZEXDDITLRLHPZ-UHFFFAOYSA-N__BIXCSLSAUODZMX-UHFFFAOYSA-N,13.107839408782986
LNNFOZZFOQIZFX-UHFFFAOYSA-N__WIWKIPTXSMLUDD-UHFFFAOYSA-N,7.771914290166524
WIWKIPTXSMLUDD-UHFFFAOYSA-N__LNNFOZZFOQIZFX-UHFFFAOYSA-N,3.208547859096228
JEOZJCQGMWLQOE-FZMZJTMJSA-N__SYGIIIFQNSTTQB-UHFFFAOYSA-N,14.491653693742098
SYGIIIFQNSTTQB-UHFFFAOYSA-N__JEOZJCQGMWLQOE-FZMZJTMJSA-N,14.135739424280471
NRVDUIUDZMKCDP-UHFFFAOYSA-N__VHXBJPZEZYTQGR-DMEOUFDRSA-N,1.7047185706624886
IYOIWKRAXKXUPF-UHFFFAOYSA-N__XRFPVNKWUYEGCU-UHFFFAOYSA-N,1.4612125177352169
ZFVQHBHQHYCEIF-UHFFFAOYSA-N__QMOSGIKEGJMSPI-UHFFFAOYSA-N,9.091120686252369
QTGONGDWMAWACY-UHFFFAOYSA-N__JFJTXPQEZLJBTJ-UHFFFAOYSA-N,5.432657290037922
KNLLOJGNLKHLAV-UHFFFAOYSA-N__WXGKRLDYWFQDNJ-UHFFFAOYSA-N,2.233668269918456
BCPBYBMDBWFIAZ-UHFFFAOYSA-N__UTKULGGKHJOMQP-UHFFFAOYSA-N,-3.901408101268479
UTKULGGKHJOMQP-UHFFFAOYSA-N__BCPBYBMDBWFIAZ-UHFFFAOYSA-N,1.9113499974564832
PCRQIRQLPHCOBY-UHFFFAOYSA-N__PGCBTJLVTZCYLO-UHFFFAOYSA-N,-5.671460890131316
PGCBTJLVTZCYLO-UHFFFAOYSA-N__PCRQIRQLPHCOBY-UHFFFAOYSA-N,-0.5161745118009964
IUWALDZCOLQEAC-OWCLPIDISA-N__DBGGDAAQLLDHSS-UHFFFAOYSA-N,-4.205647993214506
XFQUSLMPYDTYAI-UHFFFAOYSA-N__SGPRJYUQAMBOHR-UHFFFAOYSA-N,1.1586597366536204
SGPRJYUQAMBOHR-UHFFFAOYSA-N__XFQUSLMPYDTYAI-UHFFFAOYSA-N,4.180526951522952
VLYIZRYVGGWLMD-UHFFFAOYSA-N__FHVBRJGMVYKZKB-UHFFFAOYSA-N,5.877358347273204
XOBGQNZSJQUVCJ-UHFFFAOYSA-N__GGWKJAMUOOKKFO-UHFFFAOYSA-N,14.036737322480922
GGWKJAMUOOKKFO-UHFFFAOYSA-N__XOBGQNZSJQUVCJ-UHFFFAOYSA-N,2.091567924466134
AYUCTSPXGXMJSX-GUYCJALGSA-N__VHIPUBGATJRVNB-UHFFFAOYSA-N,0.1081374641797381
IWETUJJXYUYJRD-UHFFFAOYSA-N__OQCVDBRDXUNZDT-UHFFFAOYSA-N,7.6904571931115155
OQCVDBRDXUNZDT-UHFFFAOYSA-N__IWETUJJXYUYJRD-UHFFFAOYSA-N,-0.1993578360132919
VHIPUBGATJRVNB-UHFFFAOYSA-N__AYUCTSPXGXMJSX-GUYCJALGSA-N,1.1535110896371958
CGSVSHHAFXGXJO-UHFFFAOYSA-N__XZDDAMQCHRNBJH-UHFFFAOYSA-N,7.245118660266141
XZDDAMQCHRNBJH-UHFFFAOYSA-N__CGSVSHHAFXGXJO-UHFFFAOYSA-N,4.81916414570223
DCSUQZFKAMSCMC-GFCCVEGCSA-N__JHXFDVTUKGPYPL-UHFFFAOYSA-N,12.631454188332505
BTINJENXWFNRDF-DXIQSLLYSA-N__CDUFEFITBFFTLR-UHFFFAOYSA-N,6.6129695470886665
CDUFEFITBFFTLR-UHFFFAOYSA-N__BTINJENXWFNRDF-DXIQSLLYSA-N,10.14643762808166
AQLHAAMPLQHZRM-UHFFFAOYSA-N__IJXMTJPBEWIDBP-UHFFFAOYSA-N,4.580691599512529
IJXMTJPBEWIDBP-UHFFFAOYSA-N__AQLHAAMPLQHZRM-UHFFFAOYSA-N,1.649433953803624
XGASQRYGCJSKFT-UHFFFAOYSA-N__OOIGJACPLGPNCC-UHFFFAOYSA-N,5.059926921872684
BSOVJINMGFJOLJ-ZIFCJYIRSA-N__XIYIFVOQCSBEDB-UHFFFAOYSA-N,7.06425546230049
XIYIFVOQCSBEDB-UHFFFAOYSA-N__BSOVJINMGFJOLJ-ZIFCJYIRSA-N,4.059260951584895
VGWLTFZQCIXUOC-UHFFFAOYSA-N__DNOKCFCYKIRNTD-UHFFFAOYSA-N,2.2014986221110955
UOACPQYTSHKOPJ-UHFFFAOYSA-N__VCABLZKSOXNLOO-UHFFFAOYSA-N,6.125668755400338
WZKHSSNBUWXTOB-KBXCAEBGSA-N__VNDLPESTLAZOQD-UHFFFAOYSA-N,1.3001891250069473
KSCYPJAVJKPJOY-UHFFFAOYSA-N__YEAJRCFUCXSBQK-UHFFFAOYSA-N,7.0058746598331965
YEAJRCFUCXSBQK-UHFFFAOYSA-N__KSCYPJAVJKPJOY-UHFFFAOYSA-N,5.067346877975685
LCOCKLFFBMNHDZ-JTQLQIEISA-N__VCGDIVIDVOOJOW-UHFFFAOYSA-N,7.12707790520709
ZZTYPBXVZPGUEA-UHFFFAOYSA-N__SNTXBRIJXINLMP-UHFFFAOYSA-N,1.0427253831350969
VCGDIVIDVOOJOW-UHFFFAOYSA-N__LCOCKLFFBMNHDZ-JTQLQIEISA-N,8.289210029474354
BWYYDWNBXVCPPH-UHFFFAOYSA-N__SZAAPTJOXXRFHG-GBMDQUGASA-N,3.891117365696112
UNHCVVZADVVTNB-UHFFFAOYSA-N__CLLMQCSPSLGWED-UHFFFAOYSA-N,-0.7124788276190855
SZAAPTJOXXRFHG-GBMDQUGASA-N__BWYYDWNBXVCPPH-UHFFFAOYSA-N,2.275213067802546
OXZXWBBFIALGLY-UHFFFAOYSA-N__JZMVNSOAOXJFJW-UHFFFAOYSA-N,2.6812118383193844
WZAHQNYJICJPPO-UHFFFAOYSA-N__OABPNZBIOFAHMJ-UHFFFAOYSA-N,3.721486988451622
WFMPUXZFRRWLBO-UHFFFAOYSA-N__BZBXXVGRODZYPR-UHFFFAOYSA-N,6.869676124104033
BZBXXVGRODZYPR-UHFFFAOYSA-N__WFMPUXZFRRWLBO-UHFFFAOYSA-N,5.181186370626895
PPCDCZRLFBOSAR-SNVBAGLBSA-N__FCEMFOOGKQYYIR-AWEZNQCLSA-N,-1.7233103731300607
VVDNMYCRCHBSTP-UHFFFAOYSA-N__LAEKEHSZOCQAHK-UHFFFAOYSA-N,4.220009544726242
LAEKEHSZOCQAHK-UHFFFAOYSA-N__VVDNMYCRCHBSTP-UHFFFAOYSA-N,5.502588957147118
FCEMFOOGKQYYIR-AWEZNQCLSA-N__PPCDCZRLFBOSAR-SNVBAGLBSA-N,7.543167321500979
LKOQHRMKZPSECW-UHFFFAOYSA-N__NIXPPRWRNPDVPH-UHFFFAOYSA-N,-0.7287686824392234
NIXPPRWRNPDVPH-UHFFFAOYSA-N__LKOQHRMKZPSECW-UHFFFAOYSA-N,6.307794188878941
QDTWAQBVWNCGTD-UHFFFAOYSA-N__QPGPOHWECDXVSD-UHFFFAOYSA-N,5.523350287755227
QPGPOHWECDXVSD-UHFFFAOYSA-N__QDTWAQBVWNCGTD-UHFFFAOYSA-N,13.338135637082717
RJDMJIQUOIHVCW-UHFFFAOYSA-N__TXANTQFESBPPRW-UHFFFAOYSA-N,-3.1504026611159035
TXANTQFESBPPRW-UHFFFAOYSA-N__RJDMJIQUOIHVCW-UHFFFAOYSA-N,1.7218179283989692
OHBHEABPPWROKD-UHFFFAOYSA-N__PNKKIAKBESSMNZ-UHFFFAOYSA-N,4.0791102504779335
PNKKIAKBESSMNZ-UHFFFAOYSA-N__OHBHEABPPWROKD-UHFFFAOYSA-N,16.497368192611088
PKNNPRVGISCRDL-UHFFFAOYSA-N__PZSDTTBWNJFKDO-UHFFFAOYSA-N,2.875587589726254
JJNWGGMLZDFNFJ-ZETCQYMHSA-N__WOLIMEQXFWSBTE-UHFFFAOYSA-N,-1.5459905343406402
WOLIMEQXFWSBTE-UHFFFAOYSA-N__JJNWGGMLZDFNFJ-ZETCQYMHSA-N,1.8363344910477863
IAYFCEITIBSONQ-UHFFFAOYSA-N__XFOAMZMWUXPPCK-UHFFFAOYSA-N,1.4499352664459042
DFDGXXDFCHBPED-UHFFFAOYSA-N__QWIVSBUSLLCPTK-HHHXNRCGSA-N,7.2148672004585315
CFRRVIUHPJZMCV-UHFFFAOYSA-N__MRVOPUHYIONVFQ-UHFFFAOYSA-N,-0.499785157260177
QWIVSBUSLLCPTK-HHHXNRCGSA-N__DFDGXXDFCHBPED-UHFFFAOYSA-N,7.481991563608634
MRVOPUHYIONVFQ-UHFFFAOYSA-N__CFRRVIUHPJZMCV-UHFFFAOYSA-N,2.6787601105385628
XFOAMZMWUXPPCK-UHFFFAOYSA-N__IAYFCEITIBSONQ-UHFFFAOYSA-N,10.69158226143858
PMPUNYZBCHYZRZ-UHFFFAOYSA-N__XBGNCNAJEXSNMR-UHFFFAOYSA-N,8.963310803930653
AGSJLOBBIKZCSP-UHFFFAOYSA-N__BVJVLSFXTLFUQX-UHFFFAOYSA-N,2.1714225464930963
BVJVLSFXTLFUQX-UHFFFAOYSA-N__AGSJLOBBIKZCSP-UHFFFAOYSA-N,3.364848424624088
PADDOHMKFDQTMN-FXAWDEMLSA-N__SHCBXOSCPTVIHU-UHFFFAOYSA-N,4.646820341174822
SHCBXOSCPTVIHU-UHFFFAOYSA-N__PADDOHMKFDQTMN-FXAWDEMLSA-N,-0.1444783455020273
IBNGNWUMSSVCEX-UHFFFAOYSA-N__ZBTIIZPKPPJKEM-UHFFFAOYSA-N,4.104623082797669
HNUFTQKUFYQMDU-UHFFFAOYSA-N__UXXXKWLALCNURK-LZNKSJHBSA-N,2.903804509124662
PHKSXGGJTJJIAR-UHFFFAOYSA-N__ZCLABCYOWZEDRI-RKCSUWQLSA-N,6.477039036184374
UXXXKWLALCNURK-LZNKSJHBSA-N__HNUFTQKUFYQMDU-UHFFFAOYSA-N,7.995497957955035
SCRJXTPYRRIFTJ-UHFFFAOYSA-N__KOWXWPSWSYLCJP-UHFFFAOYSA-N,-0.0253112654386694
BKSACYANKQFQHJ-UHFFFAOYSA-N__ODUYQPNEZRSMNA-UHFFFAOYSA-N,-0.880446676615436
DAEWNXCSDRFCCG-UHFFFAOYSA-N__XRGBSBGRVPAYLK-UHFFFAOYSA-N,-0.0604745525775368
XRGBSBGRVPAYLK-UHFFFAOYSA-N__DAEWNXCSDRFCCG-UHFFFAOYSA-N,-0.3042031969412254
NFQBSLKKRYADHG-UHFFFAOYSA-N__JGCPQQNYFZXTCZ-UHFFFAOYSA-N,2.634344903294783
NTSHGAIJIVCWSJ-UHFFFAOYSA-N__KECLETSQDHMAET-UHFFFAOYSA-N,0.9624742372423112
KECLETSQDHMAET-UHFFFAOYSA-N__NTSHGAIJIVCWSJ-UHFFFAOYSA-N,0.8895618914889184
WHHWZDYPZGYRCC-UHFFFAOYSA-N__VWBNSWXSPOOISY-UHFFFAOYSA-N,7.232433487080245
PYBDXVHMRBBEFS-UHFFFAOYSA-N__LDJKUNYOQNHJSY-UHFFFAOYSA-N,-1.3737342978128588
KRFUDAZNCFUUGA-GKCIPKSASA-N__HAEVPVJUWZKCMU-UHFFFAOYSA-N,8.498457230883334
FRUMAMVNFSORTK-UHFFFAOYSA-N__BGWFJHBPHRTUOJ-QHCPKHFHSA-N,7.073592454126544
MUYKZVBAHBKYER-UHFFFAOYSA-N__FUICBPHVIUUKRD-UHFFFAOYSA-N,6.731029543998609
CSDDWMSVIDLCAR-ZDUSSCGKSA-N__NUJLGJIGTSGOGJ-UHFFFAOYSA-N,0.2888346622478787
NUJLGJIGTSGOGJ-UHFFFAOYSA-N__CSDDWMSVIDLCAR-ZDUSSCGKSA-N,3.027938436732865
LJRPTOHDNBQPGL-UHFFFAOYSA-N__IJMJOZXGSDXCGE-UHFFFAOYSA-N,14.403586143215072
QPSRUQSZNIAXER-UHFFFAOYSA-N__VUUGJKYCPCCQSO-UHFFFAOYSA-N,5.83261866848497
ZUAGZBIFLDAREU-UHFFFAOYSA-N__JTQRNCJXSFDMNP-UHFFFAOYSA-N,4.879399442063003
VUUGJKYCPCCQSO-UHFFFAOYSA-N__QPSRUQSZNIAXER-UHFFFAOYSA-N,7.0148865461200565
JBZQZACDLUTBGV-NRFANRHFSA-N__ASGMQLXGQYFIER-UHFFFAOYSA-N,7.905656767803104
AXHTYQBZCMTSQQ-UHFFFAOYSA-N__IYOLQFDMTFRGPT-UHFFFAOYSA-N,2.587728190163243
WPQCKWRHQFNURX-UHFFFAOYSA-N__CWWIKDXAVGFYBN-UHFFFAOYSA-N,3.967029608402535
MNBADNSBGCNGGB-ZCFIWIBFSA-N__XLTNZKRBXJWSKK-UHFFFAOYSA-N,6.885327262504975
VJZYXEUWGGCZEU-UHFFFAOYSA-N__MNNPCNYZPMRIMG-UHFFFAOYSA-N,7.0746537246503625
XTVGFINQWAPTME-UHFFFAOYSA-N__YGULGADUSITPAY-UHFFFAOYSA-N,-1.038637230610672
YGULGADUSITPAY-UHFFFAOYSA-N__XTVGFINQWAPTME-UHFFFAOYSA-N,2.785220231524807
LCKUHNKZOHQKQG-UHFFFAOYSA-N__RHEVEOHCGTVYHR-UHFFFAOYSA-N,2.993017428539586
WULLFRHOBVUHFT-UHFFFAOYSA-N__SYNXURVVSRCULH-UHFFFAOYSA-N,-8.901224786826138
RHEVEOHCGTVYHR-UHFFFAOYSA-N__LCKUHNKZOHQKQG-UHFFFAOYSA-N,17.481804840843402
SYNXURVVSRCULH-UHFFFAOYSA-N__WULLFRHOBVUHFT-UHFFFAOYSA-N,0.723485870878735
JMAMMDRJFLCJEW-UHFFFAOYSA-N__BDCVPTQZOPCKRB-UHFFFAOYSA-N,1.4133707347226547
KNPBFLGBPCWAIR-UHFFFAOYSA-N__RTLTZNQWZPPANW-UHFFFAOYSA-N,3.623913812486869
RTLTZNQWZPPANW-UHFFFAOYSA-N__KNPBFLGBPCWAIR-UHFFFAOYSA-N,12.765114349524728
ROUGAYHDQVLRCL-KYZVSKTDSA-N__MWKWIEHLNKXPRQ-UHFFFAOYSA-N,13.34890569215314
MWKWIEHLNKXPRQ-UHFFFAOYSA-N__ROUGAYHDQVLRCL-KYZVSKTDSA-N,14.79000991312265
FGXZAXRSVBSSCB-UHFFFAOYSA-N__QZDAQHFEOPSFAV-UHFFFAOYSA-N,5.527359962118059
QZDAQHFEOPSFAV-UHFFFAOYSA-N__FGXZAXRSVBSSCB-UHFFFAOYSA-N,3.199723484012098
NSXQGRKWJOPMPV-UHFFFAOYSA-N__USOCVWCFCZOOOH-UHFFFAOYSA-N,4.377129691311181
USOCVWCFCZOOOH-UHFFFAOYSA-N__NSXQGRKWJOPMPV-UHFFFAOYSA-N,3.5153600702296406
ZWJRQBYVFFAWRH-UHFFFAOYSA-N__KMZANMIGRSPLJH-UHFFFAOYSA-N,11.206699191684804
BASJOVHABKULBG-UHFFFAOYSA-N__VRYALKFFQXWPIH-ZLUOBGJFSA-N,1.0748389299344183
VRYALKFFQXWPIH-ZLUOBGJFSA-N__BASJOVHABKULBG-UHFFFAOYSA-N,-3.209356934046504
FTMRMHLZVOYISQ-UHFFFAOYSA-N__HDXVFGYNQCBFKD-KVTDHHQDSA-N,0.7114339164709244
QXNPBVLBGFCDIX-UHFFFAOYSA-N__MENNFOHGONWYSA-UHFFFAOYSA-N,8.496365299004655
WAFSHJITGUIDLN-UHFFFAOYSA-N__TYFAJOSFYUAYOJ-UHFFFAOYSA-N,6.464381475762909
DJQVMEDIAQBVKS-UHFFFAOYSA-N__JXENNPDJVAEGFJ-BCCVMWATSA-N,4.814035655323974
DWYSAWFBGWKOCP-UHFFFAOYSA-N__KTUBJBJQVMZLFI-UOWFLXDJSA-N,2.4348532062159487
SHQMPJBZGBKNCE-UHFFFAOYSA-N__IIZILFWLWUMMGJ-UHFFFAOYSA-N,8.974375093127064
KTUBJBJQVMZLFI-UOWFLXDJSA-N__DWYSAWFBGWKOCP-UHFFFAOYSA-N,10.604586280657427
HBODUSKZVUSQPF-UHFFFAOYSA-N__KVSRWNPBUMDYOQ-NTSWFWBYSA-N,2.511324371464326
KVSRWNPBUMDYOQ-NTSWFWBYSA-N__HBODUSKZVUSQPF-UHFFFAOYSA-N,10.138840860855016
QUEKFLVXJKXFTQ-UHFFFAOYSA-N__RZZZTSHSZMEQBN-UHFFFAOYSA-N,10.689937247054322
RZZZTSHSZMEQBN-UHFFFAOYSA-N__QUEKFLVXJKXFTQ-UHFFFAOYSA-N,5.724098431141091
YGSZEXHYAFPGBV-UHFFFAOYSA-N__UAJWBFAWSOKBSH-UHFFFAOYSA-N,0.6332593809291938
JECYYRGQHSDOLW-UHFFFAOYSA-N__GZOMGSHCDJQRLR-UHFFFAOYSA-N,14.893804888446674
WIYKHZRYISKDML-UHFFFAOYSA-N__QBGZTEQRQRDYPP-VWURDIHQSA-N,13.416458754966492
QBGZTEQRQRDYPP-VWURDIHQSA-N__WIYKHZRYISKDML-UHFFFAOYSA-N,12.349241823708375
XUZDKBIJZHRRTD-SFHVURJKSA-N__KKXZRBSOXYRYCP-UHFFFAOYSA-N,8.965866949581958
KKXZRBSOXYRYCP-UHFFFAOYSA-N__XUZDKBIJZHRRTD-SFHVURJKSA-N,9.133279237842144
WRJHWGUBRLRCJE-UHFFFAOYSA-N__YXQPVLRZAYXVRV-UHFFFAOYSA-N,-4.691710785866591
YXQPVLRZAYXVRV-UHFFFAOYSA-N__WRJHWGUBRLRCJE-UHFFFAOYSA-N,-2.0897826930175456
GXJBVBOVDQMGSF-UHFFFAOYSA-N__QXJZVEDJAFYKRR-CQSZACIVSA-N,5.403210282447938
QXJZVEDJAFYKRR-CQSZACIVSA-N__GXJBVBOVDQMGSF-UHFFFAOYSA-N,13.139077939115358
OOABYNSCPWXUIR-UHFFFAOYSA-N__UEEWMWLCGKLNTD-UHFFFAOYSA-N,5.010691475388925
XXFVEZXBAZEGTJ-UHFFFAOYSA-N__PTCAOHUEDACTEB-UHFFFAOYSA-N,-0.8983183744899123
PTCAOHUEDACTEB-UHFFFAOYSA-N__XXFVEZXBAZEGTJ-UHFFFAOYSA-N,1.8261327194833767
XEXCTVIRCXAVSC-UHFFFAOYSA-N__XWJMQXWQVALMCK-UHFFFAOYSA-N,-2.2589622084742507
SXDARIOPLJZBIR-UHFFFAOYSA-N__BYQVWTOTTHTPCF-WAYWQWQTSA-N,1.325024648412864
UOLLBJDOUQSKSL-UHFFFAOYSA-N__WPZCSUVHMRWOQY-UHFFFAOYSA-N,5.163822469864487
WPZCSUVHMRWOQY-UHFFFAOYSA-N__UOLLBJDOUQSKSL-UHFFFAOYSA-N,5.254315535874957
BDTLGCUFVXPMAD-UHFFFAOYSA-N__HEUAKFKRQHLLCM-UHFFFAOYSA-N,8.508549742475441
BNAAQOOCLPEXGA-UHFFFAOYSA-N__AOPAMWUONRPBBY-UHFFFAOYSA-N,-0.1180799396007481
AOPAMWUONRPBBY-UHFFFAOYSA-N__BNAAQOOCLPEXGA-UHFFFAOYSA-N,-4.283683077022788
CRWUHSIOVXZOSS-UHFFFAOYSA-N__VWDVNZFKYAULEW-UHFFFAOYSA-N,10.40755709768804
JYCKFVAHHGNUAF-UHFFFAOYSA-N__YJGIVMSFMVKCSO-UHFFFAOYSA-N,12.360444925364371
JYOGKBXESSHWFA-YKURBOOJSA-N__OBQDPKVGPCABAD-RXMQYKEDSA-N,1.2134012640028573
CUJASLKAMIUJFO-UHFFFAOYSA-N__RCWMFQRSNLPRBY-UHFFFAOYSA-N,10.871976243087095
UHJWUEQGSDRGBS-UHFFFAOYSA-N__LNKQTTQZURKWDO-UHFFFAOYSA-N,2.4571528436587364
FITRDVYZCMTXHR-UHFFFAOYSA-N__GSKRVIHCLQWKKC-UHFFFAOYSA-N,0.752596211781855
GSKRVIHCLQWKKC-UHFFFAOYSA-N__FITRDVYZCMTXHR-UHFFFAOYSA-N,7.350066166114588
OULFGKSBBDKHME-UHFFFAOYSA-N__HMULHJCIMMEIHI-SNVBAGLBSA-N,-4.902177831533256
HMULHJCIMMEIHI-SNVBAGLBSA-N__OULFGKSBBDKHME-UHFFFAOYSA-N,-1.146634204638214
YLBFALALYTWNLV-UHFFFAOYSA-N__QKQCZONKQZMPSS-UHFFFAOYSA-N,-3.4572720409253264
GGVNNZQENCLXQR-GFCCVEGCSA-N__HJXFCJLDBHVXAJ-UHFFFAOYSA-N,5.17824497140602
LLGBEVXHUQOTBJ-UHFFFAOYSA-N__FGVDVJXVFDAKPK-UHFFFAOYSA-N,2.5795493087572448
FGVDVJXVFDAKPK-UHFFFAOYSA-N__LLGBEVXHUQOTBJ-UHFFFAOYSA-N,-4.270401899272982
AYYAJBDRKUFGHD-UHFFFAOYSA-N__KUSGDRZCBNBHDE-UHFFFAOYSA-N,0.3644794442113934
KUSGDRZCBNBHDE-UHFFFAOYSA-N__AYYAJBDRKUFGHD-UHFFFAOYSA-N,9.607086011250388
PSTKEOZTVODBQB-UHFFFAOYSA-N__ADQRPMMEDBKEHT-UHFFFAOYSA-N,6.824603770505787
YJEDGKVDHDYTKP-UHFFFAOYSA-N__YCXQZZPSINXQEO-UHFFFAOYSA-N,8.395453688163144
YCXQZZPSINXQEO-UHFFFAOYSA-N__YJEDGKVDHDYTKP-UHFFFAOYSA-N,-0.7588089884692939
CXMMTTYQALLWHI-UHFFFAOYSA-N__ALNDFFUAQIVVPG-NGJCXOISSA-N,-0.9557222076158582
ALNDFFUAQIVVPG-NGJCXOISSA-N__CXMMTTYQALLWHI-UHFFFAOYSA-N,1.2041481412555122
YCKZDMLTJYRMQJ-UHFFFAOYSA-N__YWMRNXWIDCNHKJ-UHFFFAOYSA-N,2.7646600238516346
YWMRNXWIDCNHKJ-UHFFFAOYSA-N__YCKZDMLTJYRMQJ-UHFFFAOYSA-N,-0.9194784715944964
LVORXUUXFDLGIZ-UHFFFAOYSA-N__VIHVQEWLFAJGKJ-UHFFFAOYSA-N,5.3181205173176
ZSRZDEDEBSHDTI-UHFFFAOYSA-N__AFWDFWMECGTJCN-UHFFFAOYSA-N,8.584288147491405
FUCKBBMRJXIUPE-UHFFFAOYSA-N__LUUSXMZRPWYOQK-UHFFFAOYSA-N,0.1685558455511018
GDIWKKVMJAAJFJ-IYSWYEEDSA-N__VAZHRVTXGPCPLL-UHFFFAOYSA-N,5.616468471723872
VAZHRVTXGPCPLL-UHFFFAOYSA-N__GDIWKKVMJAAJFJ-IYSWYEEDSA-N,5.079639188799072
RCWYBTCBLSAPPD-UHFFFAOYSA-N__ZZZPUTZMIUGNER-UHFFFAOYSA-N,20.59886373991264
QDNMLUFRCYVCDS-UHFFFAOYSA-N__PNGIUFYOMVRRCK-UHFFFAOYSA-N,-0.2931932277605444
CXYCFMJCTLVIRE-UHFFFAOYSA-N__SGCYKZBYOIVRSL-UHFFFAOYSA-N,11.907484442924313
ZZZPUTZMIUGNER-UHFFFAOYSA-N__RCWYBTCBLSAPPD-UHFFFAOYSA-N,7.57426584272386
PNGIUFYOMVRRCK-UHFFFAOYSA-N__QDNMLUFRCYVCDS-UHFFFAOYSA-N,1.018031273942797
SGCYKZBYOIVRSL-UHFFFAOYSA-N__CXYCFMJCTLVIRE-UHFFFAOYSA-N,3.311550551020732
JGBKLYXCAFVOTE-HNNXBMFYSA-N__MEXBGXDXQPZORZ-UHFFFAOYSA-N,0.3205944615276316
MEXBGXDXQPZORZ-UHFFFAOYSA-N__JGBKLYXCAFVOTE-HNNXBMFYSA-N,-0.818548590832366
YMZIYIPABDRYGK-UHFFFAOYSA-N__MXPGMGMEIGGRDW-UHFFFAOYSA-N,3.855567506347103
MXPGMGMEIGGRDW-UHFFFAOYSA-N__YMZIYIPABDRYGK-UHFFFAOYSA-N,7.0304395125010135
IBMMWBVGMQSZBQ-UHFFFAOYSA-N__IVMKFSIGMXKQEG-UHFFFAOYSA-N,2.112350822381025
IVMKFSIGMXKQEG-UHFFFAOYSA-N__IBMMWBVGMQSZBQ-UHFFFAOYSA-N,8.907554623112162
KRBBOOAPNFLNMR-GWAWZDLZSA-N__LVUBHSKGHORVSZ-UHFFFAOYSA-N,11.57635007076807
LVUBHSKGHORVSZ-UHFFFAOYSA-N__KRBBOOAPNFLNMR-GWAWZDLZSA-N,5.840220097038971
FOJQYHSEXFSISE-UHFFFAOYSA-N__PWRIMJGHYRRQDV-UHFFFAOYSA-N,5.968267362343079
IZFGSRBIUVGIMT-UHFFFAOYSA-N__SZMHGHYRSCSKPC-UHFFFAOYSA-N,2.056527982940523
PWRIMJGHYRRQDV-UHFFFAOYSA-N__FOJQYHSEXFSISE-UHFFFAOYSA-N,-1.9680932570751288
SZMHGHYRSCSKPC-UHFFFAOYSA-N__IZFGSRBIUVGIMT-UHFFFAOYSA-N,-2.0301986642028185
DHCLOFDWVMQWGM-UHFFFAOYSA-N__ORCCYWQVFUELNZ-UHFFFAOYSA-N,0.1210740167431821
FPCBMCYTUKJWBD-UHFFFAOYSA-N__BRJQZGYHZKRMTM-UHFFFAOYSA-N,6.2263094471707126
ORCCYWQVFUELNZ-UHFFFAOYSA-N__DHCLOFDWVMQWGM-UHFFFAOYSA-N,0.7120262822175024
LUHUZDLWSHMLBS-GXSJLCMTSA-N__QDIFYBIOYGWTLR-AWEZNQCLSA-N,6.400351868921433
IGZDCOZXFDHFJC-GFCCVEGCSA-N__TZKVHWPENKWZKV-UHFFFAOYSA-N,1.7698397041372176
BVKBVLFYDWPINL-UHFFFAOYSA-N__QNEVOJAPSBTDEH-FTNKSUMCSA-N,1.9019071942128307
IMQGCFVZWPKSMM-UHFFFAOYSA-N__YTKMDBJDCIAJGF-UHFFFAOYSA-N,1.151095876728767
YTKMDBJDCIAJGF-UHFFFAOYSA-N__IMQGCFVZWPKSMM-UHFFFAOYSA-N,2.839468658212309
SQIZVNALSUCSKS-UHFFFAOYSA-N__IKTNSAUHWNYPSB-HBBFGDNQSA-N,5.607667189329162
GDYIFZNWVRRWRO-UHFFFAOYSA-N__VJWIXGYOLNAHOE-IRLDBZIGSA-N,6.182278803214847
IRYQFSVZJGBMNB-UHFFFAOYSA-N__FUBMJZCYDDRLQB-SEYXRHQNSA-N,-2.026226801309024
VJWIXGYOLNAHOE-IRLDBZIGSA-N__GDYIFZNWVRRWRO-UHFFFAOYSA-N,5.159079825958949
VLFBSPUPYFTTNF-VIFPVBQESA-N__NDRZWKYZOORDAX-UHFFFAOYSA-N,7.07095410974117
PSSYITBQYRMZDJ-UHFFFAOYSA-N__ZCSBDIHAHBZQDS-UHFFFAOYSA-N,4.574232439000774
YNKYARIWLUSPGJ-UHFFFAOYSA-N__RIJRDMZTVUQOHI-UHFFFAOYSA-N,3.8452180062325954
AOINKEIIXIOFSA-UHFFFAOYSA-N__HQUGFZZAWKYTEG-UHFFFAOYSA-N,7.4981129136563585
HQUGFZZAWKYTEG-UHFFFAOYSA-N__AOINKEIIXIOFSA-UHFFFAOYSA-N,5.185327010096856
QWGRRQJWYRBYNI-UHFFFAOYSA-N__JTCDNBKTOGJFBY-UHFFFAOYSA-N,10.53739725645299
YRLIKYBIMRCOMP-UHFFFAOYSA-N__MHQNOHDTFUUBLO-UHFFFAOYSA-N,20.078466478297337
AQFDXXPNSSBCJJ-UHFFFAOYSA-N__SBOAKLNAOFQFIV-UHFFFAOYSA-N,13.112750555606109
UIQCERZULKMOFI-UHFFFAOYSA-N__YYVZYIKXEBRMCB-UHFFFAOYSA-N,0.3164275962771153
SEDJLMJOWKYWJS-UHFFFAOYSA-N__NRSLGXNPQQURKW-MSXFZWOLSA-N,-1.689692648666298
SZZUYHFHJSPLMT-UHFFFAOYSA-N__IZQKBAGNFYIDNH-UHFFFAOYSA-N,6.179557087843627
YZDRFORCBVYFKA-UHFFFAOYSA-N__IBZNMTDDWCKZLP-UHFFFAOYSA-N,-0.7210764683640802
IBZNMTDDWCKZLP-UHFFFAOYSA-N__YZDRFORCBVYFKA-UHFFFAOYSA-N,-1.3297803615845334
BXDZRCQJCCOFTK-OAHLLOKOSA-N__RIBAGLHYANHZKR-UHFFFAOYSA-N,8.732538384586931
TWIWVWLXGLWYHP-UHFFFAOYSA-N__DOCVYZCOHHQEDL-UHFFFAOYSA-N,3.6821698531791465
DOCVYZCOHHQEDL-UHFFFAOYSA-N__TWIWVWLXGLWYHP-UHFFFAOYSA-N,-0.7620924387309079
QZHSMFFHFRVEHY-UHFFFAOYSA-N__LIGPYBFRILLHOR-UHFFFAOYSA-N,1.3533991135419674
LIGPYBFRILLHOR-UHFFFAOYSA-N__QZHSMFFHFRVEHY-UHFFFAOYSA-N,7.6426255945356445
UUPTZXUYFAHCQN-UHFFFAOYSA-N__PGYVWKCZXIFDPU-UHFFFAOYSA-N,7.841991873729459
QMIXNYFDBWAJCH-LLVKDONJSA-N__XJWPYCZEMNLDOX-UHFFFAOYSA-N,17.082974366259478
XJWPYCZEMNLDOX-UHFFFAOYSA-N__QMIXNYFDBWAJCH-LLVKDONJSA-N,4.726128590859267
ABFOSAMDGDQJQF-UHFFFAOYSA-N__DBXJHIRENAUZKX-UHFFFAOYSA-N,3.0751544898384657
WYEIRJUKSRGZPQ-UHFFFAOYSA-N__YOHDVKQEGWLMNE-UHFFFAOYSA-N,3.2850999785599155
WRUZAZIVJKOPNS-UHFFFAOYSA-N__UKMJDZUHNPTPGV-UHFFFAOYSA-N,-2.6862591403458684
WXORFWJPFLUGPW-UHFFFAOYSA-N__PVDPDUIGTADGDD-UHFFFAOYSA-N,1.3273098122142133
YXYHVXDGIRFTSI-UHFFFAOYSA-N__DSJPRZOKABVBLR-UHFFFAOYSA-N,-3.899417518232076
JCXWDKFSNAFZMZ-LLVKDONJSA-N__ZJTKREPIFQGZMT-UHFFFAOYSA-N,1.6652696970333083
ZJTKREPIFQGZMT-UHFFFAOYSA-N__JCXWDKFSNAFZMZ-LLVKDONJSA-N,10.456322986209477
OREAVAUZFXSJQB-UHFFFAOYSA-N__OKSDNEFXIIXUIR-UHFFFAOYSA-N,3.89711526881827
LRRVFHLJROWXPR-UHFFFAOYSA-N__NDRMMXZBBWXMBY-UHFFFAOYSA-N,4.081396725571877
FVFQNGBRZGNHNQ-UHFFFAOYSA-N__IGIZPFDITHXNLM-GXSJLCMTSA-N,0.5493855509335852
NPFAZJQUJPBOLZ-UHFFFAOYSA-N__UJEBDLUNURBHNC-NSHDSACASA-N,7.695127559762027
IGIZPFDITHXNLM-GXSJLCMTSA-N__FVFQNGBRZGNHNQ-UHFFFAOYSA-N,14.266309264262096
UJEBDLUNURBHNC-NSHDSACASA-N__NPFAZJQUJPBOLZ-UHFFFAOYSA-N,2.914527080721473
HHDPHIZWHFTXBD-HCYNLOQUSA-N__IJVOGAPPSAUYGV-UHFFFAOYSA-N,9.043232432360018
IJVOGAPPSAUYGV-UHFFFAOYSA-N__HHDPHIZWHFTXBD-HCYNLOQUSA-N,7.326640002382903
GYBGBRBZBFQNNV-UHFFFAOYSA-N__IPQPKAKZIJXUAV-UHFFFAOYSA-N,0.3541034519343844
MLFXZDCTQDKKPB-UHFFFAOYSA-N__WGWOEGRMFKFDOJ-UHFFFAOYSA-N,6.983766669896948
WGWOEGRMFKFDOJ-UHFFFAOYSA-N__MLFXZDCTQDKKPB-UHFFFAOYSA-N,-0.1310479642565595
VQHKVIKDAURKJB-UHFFFAOYSA-N__LURQSTZVGWRFLV-CYBMUJFWSA-N,9.585884234930765
NORNREQTQIRHIQ-UHFFFAOYSA-N__YEWVZTYGRKQMLI-DTWKUNHWSA-N,2.165261592900846
HLMPRBVUIFGDTB-UHFFFAOYSA-N__IOZYZECHDHBKNO-UHFFFAOYSA-N,3.9938570300611262
YEWVZTYGRKQMLI-DTWKUNHWSA-N__NORNREQTQIRHIQ-UHFFFAOYSA-N,-5.649375865472018
IOZYZECHDHBKNO-UHFFFAOYSA-N__HLMPRBVUIFGDTB-UHFFFAOYSA-N,9.940729848511156
ZTZYUVUBYXISCO-UHFFFAOYSA-N__LZMDRWTULZRDJL-UHFFFAOYSA-N,8.832257512534552
RLYMSINRCBDLJL-UHFFFAOYSA-N__OKBHPVOFRDHZPQ-UHFFFAOYSA-N,2.080545556040541
AOFBGNDZXIKFSX-SNVBAGLBSA-N__FHTLVSZERPHHRQ-UHFFFAOYSA-N,5.658306344465973
FHTLVSZERPHHRQ-UHFFFAOYSA-N__AOFBGNDZXIKFSX-SNVBAGLBSA-N,5.051250460108133
MIRLOBXCVYSRTO-JCURWCKSSA-N__SENRIKNMNNCNKQ-UHFFFAOYSA-N,-2.8374351740567483
SENRIKNMNNCNKQ-UHFFFAOYSA-N__MIRLOBXCVYSRTO-JCURWCKSSA-N,6.644757834469347
HINPYWFESVGBLH-UHFFFAOYSA-N__NYVBPQXIDXPHNM-GMAHTHKFSA-N,12.038374735036465
NYVBPQXIDXPHNM-GMAHTHKFSA-N__HINPYWFESVGBLH-UHFFFAOYSA-N,15.204501757271627
MWCAVKZQANGINA-UHFFFAOYSA-N__XOUJFVBHGGMXPP-UHFFFAOYSA-N,7.063172303941212
XOUJFVBHGGMXPP-UHFFFAOYSA-N__MWCAVKZQANGINA-UHFFFAOYSA-N,4.881242371669873
GNKNAKWTYFGWOS-GFCCVEGCSA-N__HZPKEGGFZNNTPR-UHFFFAOYSA-N,0.1921317125834598
VKHVCJMEAOLMTJ-KVTDHHQDSA-N__SQDMBYSFIWLVFG-LLVKDONJSA-N,2.360931161383601
WIDDCLDNBPQKIP-UHFFFAOYSA-N__YONMYGSGTFAPIN-UHFFFAOYSA-N,-2.652627260899092
YONMYGSGTFAPIN-UHFFFAOYSA-N__WIDDCLDNBPQKIP-UHFFFAOYSA-N,4.673053714115092
SQDMBYSFIWLVFG-LLVKDONJSA-N__VKHVCJMEAOLMTJ-KVTDHHQDSA-N,7.621922287394246
FCBNHKLEWSONGD-UHFFFAOYSA-N__ZSFUVEOKFBNKSJ-UHFFFAOYSA-N,1.1292220022800294
ZSFUVEOKFBNKSJ-UHFFFAOYSA-N__FCBNHKLEWSONGD-UHFFFAOYSA-N,6.170765096500201
HZPKEGGFZNNTPR-UHFFFAOYSA-N__GNKNAKWTYFGWOS-GFCCVEGCSA-N,6.681725962591826
FPFMUGUDZLRSAX-UHFFFAOYSA-N__ZILGXZZVBIHQBZ-UHFFFAOYSA-N,2.970538827052009
XZJLYFRZKPSRKS-UHFFFAOYSA-N__WQJSAYDZLALTBS-JTQLQIEISA-N,9.854580608973295
WQJSAYDZLALTBS-JTQLQIEISA-N__XZJLYFRZKPSRKS-UHFFFAOYSA-N,5.254810664149886
ZILGXZZVBIHQBZ-UHFFFAOYSA-N__FPFMUGUDZLRSAX-UHFFFAOYSA-N,8.075547969641232
UFQFZAXJUFBOMR-OUKQBFOZSA-N__YFBCVXAZWPYNOR-VXFCFVAISA-N,11.166512711155658
DLKXOIZSISFVNO-UHFFFAOYSA-N__AWQLNKJBXASXDU-IPJQOSJUSA-N,10.846804041936684
YFBCVXAZWPYNOR-VXFCFVAISA-N__UFQFZAXJUFBOMR-OUKQBFOZSA-N,13.953692077380577
NCJNVNMUNXTXRP-LLVKDONJSA-N__CJYWQSPJGXZIMH-SNAWJCMRSA-N,1.3877365643564377
QOHSXCIEWSJYJG-UHFFFAOYSA-N__BPJLULMXDAFEEV-JSGCOSHPSA-N,4.9996178411371766
USJMNNRMXHKQAM-UHFFFAOYSA-N__KYPVXWJTSKFCJY-UHFFFAOYSA-N,3.674365365748359
KYPVXWJTSKFCJY-UHFFFAOYSA-N__USJMNNRMXHKQAM-UHFFFAOYSA-N,0.2071509970035879
VFRCEBZMVCQMMS-UHFFFAOYSA-N__APWPQZIDGXGRJU-LDUAKDNISA-N,9.89324884296185
APWPQZIDGXGRJU-LDUAKDNISA-N__VFRCEBZMVCQMMS-UHFFFAOYSA-N,6.944849859319786
ORTOCVAFAMBNDI-UHFFFAOYSA-N__RQHFKVXHLUQHDD-UHFFFAOYSA-N,8.326003643464592
RQHFKVXHLUQHDD-UHFFFAOYSA-N__ORTOCVAFAMBNDI-UHFFFAOYSA-N,5.979759090335656
HUGWAOWWHWYINC-UHFFFAOYSA-N__UYNBIGWUHFKTLH-UHFFFAOYSA-N,5.2714093734270255
NZCIJOKFRNXZRV-UHFFFAOYSA-N__NFSHAPFLIAJSPH-UHFFFAOYSA-N,13.125831033321935
UYNBIGWUHFKTLH-UHFFFAOYSA-N__HUGWAOWWHWYINC-UHFFFAOYSA-N,8.172863609623741
NFSHAPFLIAJSPH-UHFFFAOYSA-N__NZCIJOKFRNXZRV-UHFFFAOYSA-N,7.897723882704891
ACEWBUCHHXLAPU-CQSZACIVSA-N__CDWAODSLFNDDEM-VIFPVBQESA-N,4.73834443743706
KURUFHLTPRVKRE-UHFFFAOYSA-N__CXSZQIKMZGQINW-UHFFFAOYSA-N,3.3327511476692657
CXSZQIKMZGQINW-UHFFFAOYSA-N__KURUFHLTPRVKRE-UHFFFAOYSA-N,0.858026050725719
KQBPDUHJQLIKCD-UHFFFAOYSA-N__HFKHXPOAUHLQHF-UHFFFAOYSA-N,8.762043595276657
TWFFGRSGMJYXDU-UHFFFAOYSA-N__ZBCMHSHCGSWZKH-MRVPVSSYSA-N,-0.8475006053359011
ZBCMHSHCGSWZKH-MRVPVSSYSA-N__TWFFGRSGMJYXDU-UHFFFAOYSA-N,2.969016104167556
BUMOVTUAOARJAN-UHFFFAOYSA-N__XBYOFRXXLUSJCI-UHFFFAOYSA-N,4.239896995734753
SDPHUGVPJPXFSU-UHFFFAOYSA-N__QKBSTECBLKHFEI-QNSVNVJESA-N,0.2005108364514495
QKBSTECBLKHFEI-QNSVNVJESA-N__SDPHUGVPJPXFSU-UHFFFAOYSA-N,0.1020479029108449
OAIRLJMOEFCXML-UHFFFAOYSA-N__DJLVBQYFFRKFEP-UHFFFAOYSA-N,-1.1947947924793465
DJLVBQYFFRKFEP-UHFFFAOYSA-N__OAIRLJMOEFCXML-UHFFFAOYSA-N,-4.475037849207566
WIXKSAJCLOBFOW-UHFFFAOYSA-N__DYZBRFCEDMPWER-UHFFFAOYSA-N,6.871223852006358
NNYIWAWKHABQHV-UHFFFAOYSA-N__VDTHLGDHTUTTMX-UHFFFAOYSA-N,1.297082999014488
VDTHLGDHTUTTMX-UHFFFAOYSA-N__NNYIWAWKHABQHV-UHFFFAOYSA-N,3.4660544245411256
APYKNKZLJBHVBS-UHFFFAOYSA-N__XURWCHPWTSSQIT-UHFFFAOYSA-N,-0.9372030382094052
XURWCHPWTSSQIT-UHFFFAOYSA-N__APYKNKZLJBHVBS-UHFFFAOYSA-N,-1.3710042564720262
KEYSLJWGJXGSGI-UHFFFAOYSA-N__QLSCCLPCQYODBK-UHFFFAOYSA-N,7.713900768834179
QLSCCLPCQYODBK-UHFFFAOYSA-N__KEYSLJWGJXGSGI-UHFFFAOYSA-N,3.4031409194585405
WKFARROZUIHXPY-UHFFFAOYSA-N__KCNAGHCYZJDYBB-UHFFFAOYSA-N,1.735283294211762
QKHYBJPOWQBACI-UHFFFAOYSA-N__UWGWNLFVACTZMV-UHFFFAOYSA-N,-3.093798572652186
UWGWNLFVACTZMV-UHFFFAOYSA-N__QKHYBJPOWQBACI-UHFFFAOYSA-N,-0.8761151082067322
MBQBEXSLVVIXMX-IXCJQBJRSA-N__LNPSAUJJJCBHRP-UHFFFAOYSA-N,4.099029563235531
ZXLCJUZKEXLUGO-UHFFFAOYSA-N__OTRKSDOUDRLVEJ-IBGZPJMESA-N,7.344944215719866
OTRKSDOUDRLVEJ-IBGZPJMESA-N__ZXLCJUZKEXLUGO-UHFFFAOYSA-N,-1.8612245137457668
HVAKAEHPWYWLDD-UHFFFAOYSA-N__NLUOKHVBZQMMFQ-UHFFFAOYSA-N,3.715833492930144
NLUOKHVBZQMMFQ-UHFFFAOYSA-N__HVAKAEHPWYWLDD-UHFFFAOYSA-N,6.490895106337751
REVDSAVPDCOBSH-UHFFFAOYSA-N__UKXSPJSWKUWAHP-UHFFFAOYSA-N,8.032490989507842
PFCVOLXGXPZVRK-UHFFFAOYSA-N__OPXQPMSORHSYMU-UHFFFAOYSA-N,7.657989801485454
UKXSPJSWKUWAHP-UHFFFAOYSA-N__REVDSAVPDCOBSH-UHFFFAOYSA-N,3.15479239281687
JDKOAUCCAOJIPX-UHFFFAOYSA-N__RKYPVIMCQNLRRQ-UHFFFAOYSA-N,7.990996713663574
OPXQPMSORHSYMU-UHFFFAOYSA-N__PFCVOLXGXPZVRK-UHFFFAOYSA-N,14.444968348094047
MPCLDDVINWOUIE-UHFFFAOYSA-N__ZDYNRRRALOJLBW-UHFFFAOYSA-N,12.259972217230866
RWAHHXMCOYTNEA-UHFFFAOYSA-N__MPWOEUPPXXAESE-UHFFFAOYSA-N,3.235103926797678
MKXTWLKDKSMNQT-UWJYYQICSA-N__FMRKOEANWFNLNY-UHFFFAOYSA-N,3.0989325264998984
CTUGJUIOILSZOX-UHFFFAOYSA-N__QOIISJKMQBKIBK-UHFFFAOYSA-N,4.490595086831123
QOIISJKMQBKIBK-UHFFFAOYSA-N__CTUGJUIOILSZOX-UHFFFAOYSA-N,5.416491865049792
MLTUMMPWPAYYTG-UHFFFAOYSA-N__VWVPRWORPBEFSO-UHFFFAOYSA-N,5.457960386668048
VWVPRWORPBEFSO-UHFFFAOYSA-N__MLTUMMPWPAYYTG-UHFFFAOYSA-N,6.891951251090502
WTAJBOKTLFNKAF-UHFFFAOYSA-N__FPVMOZQJMURLIY-UHFFFAOYSA-N,7.821678536773152
FPVMOZQJMURLIY-UHFFFAOYSA-N__WTAJBOKTLFNKAF-UHFFFAOYSA-N,8.587241277291422
ROIPHKCRONIZCP-UHFFFAOYSA-N__XLGUBPHCAUCJRK-HNNXBMFYSA-N,4.89918319187833
XLGUBPHCAUCJRK-HNNXBMFYSA-N__ROIPHKCRONIZCP-UHFFFAOYSA-N,5.3558531584860605
SXLZIHPMXWWNJX-UHFFFAOYSA-N__LNFVHLCRDOHHNQ-UHFFFAOYSA-N,4.641365767619936
WRYSNNQALKKVDA-UHFFFAOYSA-N__JDIMFCJGEQWFEM-KWCCSABGSA-N,8.37561637039381
LNFVHLCRDOHHNQ-UHFFFAOYSA-N__SXLZIHPMXWWNJX-UHFFFAOYSA-N,11.932362906900169
JDIMFCJGEQWFEM-KWCCSABGSA-N__WRYSNNQALKKVDA-UHFFFAOYSA-N,11.683580897645491
YFOZPFQSRQPEEE-HNNQXCQYSA-N__VDDDEBICAKWPLP-UHFFFAOYSA-N,19.486237572709904
VDDDEBICAKWPLP-UHFFFAOYSA-N__YFOZPFQSRQPEEE-HNNQXCQYSA-N,7.947546486718744
KCTQPXYHPGJSIE-UHFFFAOYSA-N__OGIBXDAKDPLJFD-UHFFFAOYSA-N,0.0211478722849154
OGIBXDAKDPLJFD-UHFFFAOYSA-N__KCTQPXYHPGJSIE-UHFFFAOYSA-N,5.8730386829414725
BZWBMGXMSXEVKR-UHFFFAOYSA-N__DMZWOPABKPRESI-UHFFFAOYSA-N,4.064252215703188
DMZWOPABKPRESI-UHFFFAOYSA-N__BZWBMGXMSXEVKR-UHFFFAOYSA-N,3.11573194829544
BBFMEJQBSKLCFA-UHFFFAOYSA-N__XUIVSUSKOULLEL-UHFFFAOYSA-N,1.1123303384233911
XUIVSUSKOULLEL-UHFFFAOYSA-N__BBFMEJQBSKLCFA-UHFFFAOYSA-N,15.347088521935786
GGJKVFXJNGRIGR-UHFFFAOYSA-N__VFKKEWGEUOOLER-SABDPVTBSA-N,-2.13298397939929
AYPHPOYYPGRYLH-UHFFFAOYSA-N__RPJWUPSHULGVBC-UHFFFAOYSA-N,3.904986234381961
RPJWUPSHULGVBC-UHFFFAOYSA-N__AYPHPOYYPGRYLH-UHFFFAOYSA-N,-0.0631595243617104
VFKKEWGEUOOLER-SABDPVTBSA-N__GGJKVFXJNGRIGR-UHFFFAOYSA-N,8.766276877450727
AZQMNFAAZUVCHK-UHFFFAOYSA-N__OXINVVQUTHOWSC-UHFFFAOYSA-N,18.3644627902328
OXINVVQUTHOWSC-UHFFFAOYSA-N__AZQMNFAAZUVCHK-UHFFFAOYSA-N,1.9752088035328967
WWHNQCWOFDRUQY-UHFFFAOYSA-N__UJFUDJYGTWVIRJ-UHFFFAOYSA-N,-1.8188500150015552
UJFUDJYGTWVIRJ-UHFFFAOYSA-N__WWHNQCWOFDRUQY-UHFFFAOYSA-N,3.579990502620336
HMVMHFNEJGVMDR-UHFFFAOYSA-N__DBBNCIUANQBYSX-QWRGUYRKSA-N,14.894897975418951
DPBAQZMVTWBPEH-UHFFFAOYSA-N__KDCWANYUAFUZLT-UHFFFAOYSA-N,3.116270077636262
CJCGFSUQDWYZCH-JLISXIFJSA-N__ZYBFDMVDJCIZDO-UHFFFAOYSA-N,5.280886250231722
HREPMFJKNJFQCF-GHMZBOCLSA-N__UZFBCZUNBXLHBH-UHFFFAOYSA-N,3.4395029150100163
UZFBCZUNBXLHBH-UHFFFAOYSA-N__HREPMFJKNJFQCF-GHMZBOCLSA-N,9.0691408771826
ORUAJQHGOPISMD-UHFFFAOYSA-N__XSDHMWAWUPNZLM-UHFFFAOYSA-N,14.027463201930564
KDCWANYUAFUZLT-UHFFFAOYSA-N__DPBAQZMVTWBPEH-UHFFFAOYSA-N,5.46365750355296
ZYBFDMVDJCIZDO-UHFFFAOYSA-N__CJCGFSUQDWYZCH-JLISXIFJSA-N,1.7876713291496993
XSDHMWAWUPNZLM-UHFFFAOYSA-N__ORUAJQHGOPISMD-UHFFFAOYSA-N,6.779141720951747
KQBDYWWWTICLHX-UHFFFAOYSA-N__XBFISBKJMUHAJG-UHFFFAOYSA-N,0.3729108199610439
XBFISBKJMUHAJG-UHFFFAOYSA-N__KQBDYWWWTICLHX-UHFFFAOYSA-N,6.215160911865977
SARUCBUINZTOSL-UHFFFAOYSA-N__ULNGIIOEECCMER-WMZOPIPTSA-N,9.992853899796716
PBSPEVWZRXEBBS-UHFFFAOYSA-N__ZNEHYWXCSVZHFK-UHFFFAOYSA-N,-0.7690209433289616
JAXXGEQWRHJJII-ZCFIWIBFSA-N__NANCHRSBURRFCZ-UHFFFAOYSA-N,9.395429673780038
NANCHRSBURRFCZ-UHFFFAOYSA-N__JAXXGEQWRHJJII-ZCFIWIBFSA-N,11.383595905260693
APWHJDHTLFVWSQ-UHFFFAOYSA-N__BNGWSOWRWSOYJC-UHFFFAOYSA-N,-0.7445266715325878
BNGWSOWRWSOYJC-UHFFFAOYSA-N__APWHJDHTLFVWSQ-UHFFFAOYSA-N,6.563779592491808
UHMGYRQIABFCSU-UHFFFAOYSA-N__UVGJHBXUIXFSNZ-KFJBMODSSA-N,0.4699840545842501
BLBCPGHBCOGIIB-UHFFFAOYSA-N__GHHUMVLKUPIDBC-UHFFFAOYSA-N,2.4599013739683326
GHHUMVLKUPIDBC-UHFFFAOYSA-N__BLBCPGHBCOGIIB-UHFFFAOYSA-N,2.897832371143469
OYJYRFGZMYMMBR-HNNXBMFYSA-N__GIIQXSPIQBHEME-UHFFFAOYSA-N,6.968203245492057
GIIQXSPIQBHEME-UHFFFAOYSA-N__OYJYRFGZMYMMBR-HNNXBMFYSA-N,9.04406592249262
DSJRCEDVKZUMRQ-UHFFFAOYSA-N__YBSNDBBOJDDNPQ-UHFFFAOYSA-N,4.50649861042618
YBSNDBBOJDDNPQ-UHFFFAOYSA-N__DSJRCEDVKZUMRQ-UHFFFAOYSA-N,3.2447130647354325
KGPSWVCZKZIBKP-UHFFFAOYSA-N__OGFHGNVLPADCAK-VYRBHSGPSA-N,4.13811887039062
YMAMJFHSLJXYDV-UHFFFAOYSA-N__QPASYBVRNDPIRI-UHFFFAOYSA-N,2.879687955727356
OGFHGNVLPADCAK-VYRBHSGPSA-N__KGPSWVCZKZIBKP-UHFFFAOYSA-N,4.523261091452109
RKTHZYGSEPUTJK-UHFFFAOYSA-N__LDSUNPIYSWRZLK-UHFFFAOYSA-N,5.664432108211292
JWDZANDHAFYOHP-UHFFFAOYSA-N__OYTKGCLKEWYRHS-HOFKKMOUSA-N,4.982056578533183
QPASYBVRNDPIRI-UHFFFAOYSA-N__YMAMJFHSLJXYDV-UHFFFAOYSA-N,5.5941677180665375
UGUKZMBVDAPDPV-UHFFFAOYSA-N__VUHNDIUIXTUBLL-UHFFFAOYSA-N,7.415175413275898
VUHNDIUIXTUBLL-UHFFFAOYSA-N__UGUKZMBVDAPDPV-UHFFFAOYSA-N,2.337936803856421
WNUICXJBJUCTFV-UHFFFAOYSA-N__LYULKBLYTKXBPU-UHFFFAOYSA-N,14.246741981095935
RNGPGWPEJNQSHS-UHFFFAOYSA-N__UHYMTKYUCJFTRA-UHFFFAOYSA-N,11.953455204734396
UHYMTKYUCJFTRA-UHFFFAOYSA-N__RNGPGWPEJNQSHS-UHFFFAOYSA-N,4.907379231306447
RZYTZNZLPGQEEB-UHFFFAOYSA-N__ZCWJGQWWSNQNQD-UHFFFAOYSA-N,14.791428235614816
ZCWJGQWWSNQNQD-UHFFFAOYSA-N__RZYTZNZLPGQEEB-UHFFFAOYSA-N,-0.122567072569011
WCBQWLMANCPICQ-UHFFFAOYSA-N__PBKHEHLAGUKNBM-UHFFFAOYSA-N,2.7288762087444067
WJBZWNCQEMMYGD-UHFFFAOYSA-N__LVUYMRFXWHRZIB-UHFFFAOYSA-N,3.3879403070500365
KIGJOVMBEQFNES-UHFFFAOYSA-N__PVYBKZHBCCMBPS-UHFFFAOYSA-N,3.425351830204442
PVYBKZHBCCMBPS-UHFFFAOYSA-N__KIGJOVMBEQFNES-UHFFFAOYSA-N,0.7549043164620232
PKFUWHBQVJSMDF-UHFFFAOYSA-N__QBVNUUOYZDXVCA-UHFFFAOYSA-N,8.304473169658536
ANHVXVZNBBSECV-UHFFFAOYSA-N__JMWRMYAZLIDPFG-UHFFFAOYSA-N,3.3750998297653427
JMWRMYAZLIDPFG-UHFFFAOYSA-N__ANHVXVZNBBSECV-UHFFFAOYSA-N,-0.517211455032836
VHMPWJVYXAMEDO-UHFFFAOYSA-N__JFPFGGKGIBLAOP-UHFFFAOYSA-N,3.923462052266895
BUDIJIYEIRUJFM-UHFFFAOYSA-N__YNRBHFJUNDTNGN-UHFFFAOYSA-N,-2.370128401421985
YNRBHFJUNDTNGN-UHFFFAOYSA-N__BUDIJIYEIRUJFM-UHFFFAOYSA-N,2.6674250802632384
RYNGSDUUMCKIOK-UHFFFAOYSA-N__VQTOUPFGKSLFFX-UHFFFAOYSA-N,2.3818813559353256
VQTOUPFGKSLFFX-UHFFFAOYSA-N__RYNGSDUUMCKIOK-UHFFFAOYSA-N,8.98496469383346
QVSUDZZKYJFOFQ-UHFFFAOYSA-N__GBBOIFBZTULSTG-UHFFFAOYSA-N,6.3181422271743655
GBBOIFBZTULSTG-UHFFFAOYSA-N__QVSUDZZKYJFOFQ-UHFFFAOYSA-N,3.249105288184821
JAIKXZQBPNKZRP-UHFFFAOYSA-N__OALQVRZNZXXIPG-UHFFFAOYSA-N,8.030180425824113
OALQVRZNZXXIPG-UHFFFAOYSA-N__JAIKXZQBPNKZRP-UHFFFAOYSA-N,0.4587318163741808
UNOLXNBRDKIKGK-UHFFFAOYSA-N__JXYLPBJZJRAAJO-UHFFFAOYSA-N,2.9837687880572825
JXYLPBJZJRAAJO-UHFFFAOYSA-N__UNOLXNBRDKIKGK-UHFFFAOYSA-N,8.885398720238102
PJUQWIDQSZRDTH-UHFFFAOYSA-N__IFUDEAMSKPFFCC-UHFFFAOYSA-N,7.756942808321896
SZIMITRVRKITLC-UHFFFAOYSA-N__ZJEYVIKKIHPRQQ-UHFFFAOYSA-N,8.182759754061854
ZJEYVIKKIHPRQQ-UHFFFAOYSA-N__SZIMITRVRKITLC-UHFFFAOYSA-N,8.693390122912435
UPDSDOYJKJXTPB-UHFFFAOYSA-N__QENBYCYTRJPDGC-VIFPVBQESA-N,-0.653097248298557
HCCMCGPIYUTCAD-UHFFFAOYSA-N__PYELHMDLNMNHPS-UHFFFAOYSA-N,-7.490104129535944
FVJOLADBOHOUHG-UHFFFAOYSA-N__FGRBLRAJRHNOQA-UHFFFAOYSA-N,4.127528956146825
FGRBLRAJRHNOQA-UHFFFAOYSA-N__FVJOLADBOHOUHG-UHFFFAOYSA-N,-1.654084154755842
IXTUBCRXFCUJQX-UHFFFAOYSA-N__RDQLNGLRPMFADV-UHFFFAOYSA-N,10.061930412658736
RDQLNGLRPMFADV-UHFFFAOYSA-N__IXTUBCRXFCUJQX-UHFFFAOYSA-N,-0.7259174167671808
GLYJNNBXYBYBCX-UHFFFAOYSA-N__TXMVGRMFWFNFMY-UHFFFAOYSA-N,5.056096647974448
TXMVGRMFWFNFMY-UHFFFAOYSA-N__GLYJNNBXYBYBCX-UHFFFAOYSA-N,7.281139905867914
VZFIUFSPDXORKM-PSASIEDQSA-N__YWFVIZXPHSOTMD-UHFFFAOYSA-N,9.088996143701818
YWFVIZXPHSOTMD-UHFFFAOYSA-N__VZFIUFSPDXORKM-PSASIEDQSA-N,0.9725841313621548
JCZRHEAMODDNHH-UHFFFAOYSA-N__VVMZWWMIIKADAG-UHFFFAOYSA-N,-3.870844652343264
VVMZWWMIIKADAG-UHFFFAOYSA-N__JCZRHEAMODDNHH-UHFFFAOYSA-N,8.584278850376256
QHDXDYGKNAQCOZ-UHFFFAOYSA-N__VIRWMPFJSKBFCT-UHFFFAOYSA-N,5.999412039980934
VIRWMPFJSKBFCT-UHFFFAOYSA-N__QHDXDYGKNAQCOZ-UHFFFAOYSA-N,7.4775713961652
ATPIZGMDDYXDKM-UHFFFAOYSA-N__AOADTGOYUGCCDM-DIAVIDTQSA-N,5.961744442235329
AOADTGOYUGCCDM-DIAVIDTQSA-N__ATPIZGMDDYXDKM-UHFFFAOYSA-N,3.312493565438736
QGEVSFZQJPXSRO-UHFFFAOYSA-N__IQNFZKCHDQOZKH-UHFFFAOYSA-N,14.486648686876483
JORMNTPUVVLJKP-UHFFFAOYSA-N__ABFKKQZLJNAQPW-UHFFFAOYSA-N,8.289334956471809
IQNFZKCHDQOZKH-UHFFFAOYSA-N__QGEVSFZQJPXSRO-UHFFFAOYSA-N,1.2899620862517542
DONVCZPIYCTGFE-UHFFFAOYSA-N__UJYSIBDIIVPYPJ-UHFFFAOYSA-N,0.8501825531071375
UJYSIBDIIVPYPJ-UHFFFAOYSA-N__DONVCZPIYCTGFE-UHFFFAOYSA-N,7.664912671042391
ABFKKQZLJNAQPW-UHFFFAOYSA-N__JORMNTPUVVLJKP-UHFFFAOYSA-N,-0.3123384288046605
JEQVROBWRLQFGU-UHFFFAOYSA-N__RZVCJWATILWMDZ-UHFFFAOYSA-N,0.8957212519616115
RZVCJWATILWMDZ-UHFFFAOYSA-N__JEQVROBWRLQFGU-UHFFFAOYSA-N,3.025442696861797
CJNCCQLNPSTMFO-UHFFFAOYSA-N__FGGALUSALMAOKL-UHFFFAOYSA-N,5.131461541128956
FGGALUSALMAOKL-UHFFFAOYSA-N__CJNCCQLNPSTMFO-UHFFFAOYSA-N,8.577678257031257
RHNVXSLNYDENJA-UHFFFAOYSA-N__XTJLKTSIVAZJIR-OHQAAIJDSA-N,0.1577541322633781
XTJLKTSIVAZJIR-OHQAAIJDSA-N__RHNVXSLNYDENJA-UHFFFAOYSA-N,-1.3972861296887682
RIQPABHVNSGMFL-XJKCOSOUSA-N__FMPYHEPJLCCCIV-UHFFFAOYSA-N,-2.7447457381080174
NLIZWGYLOLDHOE-UHFFFAOYSA-N__ZXEWHILPSHJKHH-UHFFFAOYSA-N,9.0727120028957
ZXEWHILPSHJKHH-UHFFFAOYSA-N__NLIZWGYLOLDHOE-UHFFFAOYSA-N,2.505255356633
PMOZOZCOTFVNCU-UHFFFAOYSA-N__VLGDJNDDGZTMHH-VSYUYLJXSA-N,6.198612598214947
VLGDJNDDGZTMHH-VSYUYLJXSA-N__PMOZOZCOTFVNCU-UHFFFAOYSA-N,2.853777704158881
CPWCVWULIDEZGR-UHFFFAOYSA-N__OZGLJPPJZZTVNA-UHFFFAOYSA-N,-4.334032261928237
OZGLJPPJZZTVNA-UHFFFAOYSA-N__CPWCVWULIDEZGR-UHFFFAOYSA-N,6.779340750355729
OLKIOTHQDRANLR-UHFFFAOYSA-N__ZUSMPESWBSJGMG-UHFFFAOYSA-N,5.0607153877492514
ZUSMPESWBSJGMG-UHFFFAOYSA-N__OLKIOTHQDRANLR-UHFFFAOYSA-N,10.96084059623258
GBSBIOHIBORKRX-UHFFFAOYSA-N__SJFUDJGXQXVUPM-UHFFFAOYSA-N,3.629221606093889
SJFUDJGXQXVUPM-UHFFFAOYSA-N__GBSBIOHIBORKRX-UHFFFAOYSA-N,8.015267625482368
WMFXNDULHPKXTF-UHFFFAOYSA-N__WOBKJQNEGODEDH-WQRHYEAKSA-N,8.119266926531221
WOBKJQNEGODEDH-WQRHYEAKSA-N__WMFXNDULHPKXTF-UHFFFAOYSA-N,9.19261629128486
FQAIEEYQKMYHRV-XAMCCFCMSA-N__NPUKLAFNOPNIEO-UHFFFAOYSA-N,7.042352026589707
KVJXSOZTQJVWKL-UHFFFAOYSA-N__AHRJZXFBUCJPCL-UHFFFAOYSA-N,13.897575439984204
NPUKLAFNOPNIEO-UHFFFAOYSA-N__FQAIEEYQKMYHRV-XAMCCFCMSA-N,6.496140056420166
PEWXHOLDAFRIIE-UHFFFAOYSA-N__QJFMHHFIAHRDNY-UHFFFAOYSA-N,12.755265504432804
QJFMHHFIAHRDNY-UHFFFAOYSA-N__PEWXHOLDAFRIIE-UHFFFAOYSA-N,8.773265120090661
MLOAGFPQZDLHMT-UHFFFAOYSA-N__XOVUWPSCSSUWKJ-UHFFFAOYSA-N,2.982198446724754
XOVUWPSCSSUWKJ-UHFFFAOYSA-N__MLOAGFPQZDLHMT-UHFFFAOYSA-N,7.667993038457123
DJRNGEMHPLQJRB-UHFFFAOYSA-N__YUPHHWICWYSCPT-UHFFFAOYSA-N,1.6572059089647282
YUPHHWICWYSCPT-UHFFFAOYSA-N__DJRNGEMHPLQJRB-UHFFFAOYSA-N,5.56984390788692
AEJHTIQRQRXSAN-QMMMGPOBSA-N__JTQJGLVODARYEB-UHFFFAOYSA-N,8.097122118101378
JTQJGLVODARYEB-UHFFFAOYSA-N__AEJHTIQRQRXSAN-QMMMGPOBSA-N,2.9480244006883383
PORSLRXAINXJMJ-RITPCOANSA-N__JAGLMRKKALYSDZ-UHFFFAOYSA-N,3.2677390281880103
JAGLMRKKALYSDZ-UHFFFAOYSA-N__PORSLRXAINXJMJ-RITPCOANSA-N,1.00735064030964
GVZSZDCBURDCCG-UHFFFAOYSA-N__YCGQDHZBOHHYGE-UHFFFAOYSA-N,6.624794828723389
YCGQDHZBOHHYGE-UHFFFAOYSA-N__GVZSZDCBURDCCG-UHFFFAOYSA-N,10.114855068105635
ITEDFSRLOPVSCX-UHFFFAOYSA-N__ZICQNTTYCJZQEK-UHFFFAOYSA-N,3.58102930018156
ZICQNTTYCJZQEK-UHFFFAOYSA-N__ITEDFSRLOPVSCX-UHFFFAOYSA-N,5.225428836312672
FZEJFNTUCAPSNJ-UHFFFAOYSA-N__OYNHEUGSEWDFGZ-UHFFFAOYSA-N,6.586665251489084
DPMASFXREZOGOC-CYZMBNFOSA-N__DEARPFQMHQJLAQ-UHFFFAOYSA-N,4.585082544057487
PCJBUFAFIDVHHV-UHFFFAOYSA-N__BDFJLNPCSGMRRR-UHFFFAOYSA-N,-0.5697445675425342
ZHLGJZLKOWXODF-UHFFFAOYSA-N__ZXEWHILPSHJKHH-UHFFFAOYSA-N,11.529579876121009
ZXEWHILPSHJKHH-UHFFFAOYSA-N__ZHLGJZLKOWXODF-UHFFFAOYSA-N,8.02851664392575
PWFRMGLBHCVFNE-BCXZNTRWSA-N__VQGTZQHEFYJUMA-UHFFFAOYSA-N,3.716620522527194
ZLBFLKOGOFJRJY-UHFFFAOYSA-N__ZWQFCEADRBAJMU-UHFFFAOYSA-N,9.661274712879807
ZWQFCEADRBAJMU-UHFFFAOYSA-N__ZLBFLKOGOFJRJY-UHFFFAOYSA-N,4.922272066770781
WIVTUDWTKNSOGY-UHFFFAOYSA-N__ZGOWCYAVUAONQJ-UHFFFAOYSA-N,16.032844422456797
ZGOWCYAVUAONQJ-UHFFFAOYSA-N__WIVTUDWTKNSOGY-UHFFFAOYSA-N,6.226886001429515
GZKMFAJWUNSXOK-UHFFFAOYSA-N__DGADTZIGHLQBTO-UHFFFAOYSA-N,11.894034649041028
XGLYYTTZDQQNPF-UHFFFAOYSA-N__CMOCEULWRYSFTQ-UHFFFAOYSA-N,3.477392817335636
CMOCEULWRYSFTQ-UHFFFAOYSA-N__XGLYYTTZDQQNPF-UHFFFAOYSA-N,8.784408004659575
HKMHRYKDXAWLLP-UHFFFAOYSA-N__CAYDENSVTORCSY-UHFFFAOYSA-N,2.5009341487983807
CAYDENSVTORCSY-UHFFFAOYSA-N__HKMHRYKDXAWLLP-UHFFFAOYSA-N,4.535593209968318
QMSPSWXYVMMNCB-UHFFFAOYSA-N__DOOOMZRJECJNKG-UHFFFAOYSA-N,1.459216778346197
BGBORFXRDQXLLG-UHFFFAOYSA-N__KTWVTNMDSLTRDI-UHFFFAOYSA-N,6.0443776389098165
KTWVTNMDSLTRDI-UHFFFAOYSA-N__BGBORFXRDQXLLG-UHFFFAOYSA-N,7.337750774943527
MBLCJMARMWXDGU-UHFFFAOYSA-N__QNOIIALWQNWADO-UHFFFAOYSA-N,6.3419629878188095
QNOIIALWQNWADO-UHFFFAOYSA-N__MBLCJMARMWXDGU-UHFFFAOYSA-N,-2.0680625904363694
GAONVNZYWFEICY-UHFFFAOYSA-N__SBDVNGVBUIUJOY-LAEOZQHASA-N,0.7788236334327044
SBDVNGVBUIUJOY-LAEOZQHASA-N__GAONVNZYWFEICY-UHFFFAOYSA-N,-3.816349343167866
DKUVEFKIBFIPAX-UHFFFAOYSA-N__NJKWSFSIELAACY-UHFFFAOYSA-N,19.835307186249068
NJKWSFSIELAACY-UHFFFAOYSA-N__DKUVEFKIBFIPAX-UHFFFAOYSA-N,4.3922992824933855
AKSRCRXMJSIEID-UHFFFAOYSA-N__ZQVDSGVJMZCIHP-UHFFFAOYSA-N,16.73175261780845
GMPZDEWZQCAEDR-OYUORYAFSA-N__VYGZIMRWRFNDLN-UHFFFAOYSA-N,4.494630501152053
FCEWXVZILUGBBK-UHFFFAOYSA-N__ZSTLYEAWFBFZKW-UHFFFAOYSA-N,0.6120024806682495
ZSTLYEAWFBFZKW-UHFFFAOYSA-N__FCEWXVZILUGBBK-UHFFFAOYSA-N,2.4488351061690103
OWLXLVACWNWOKV-UHFFFAOYSA-N__WPXYFFIJKKWGMQ-UHFFFAOYSA-N,10.766677595610812
WPXYFFIJKKWGMQ-UHFFFAOYSA-N__OWLXLVACWNWOKV-UHFFFAOYSA-N,7.910580485014761
BKFRUSRDPSIRSS-UHFFFAOYSA-N__KGPNZSPROLTTEN-UHFFFAOYSA-N,2.871180959679196
ZVSZBOHBWYWVNG-UHFFFAOYSA-N__HJNHMPVRNYXQBE-UHFFFAOYSA-N,1.8831177110871449
VYGZIMRWRFNDLN-UHFFFAOYSA-N__GMPZDEWZQCAEDR-OYUORYAFSA-N,10.674879705649555
KETFGJWYFXSYFJ-UHFFFAOYSA-N__ZVIDJMXPGHSFGI-UHFFFAOYSA-N,-0.9139346358322588
RZLIKIBPPQAUGC-UHFFFAOYSA-N__UGZAAVJQQRNIHN-UHFFFAOYSA-N,9.2025972692413
UGZAAVJQQRNIHN-UHFFFAOYSA-N__RZLIKIBPPQAUGC-UHFFFAOYSA-N,3.163765536724674
XCPJWHMPQXCHCN-UHFFFAOYSA-N__QTWNNALEYVPFFB-UHFFFAOYSA-N,2.003619332097609
QTWNNALEYVPFFB-UHFFFAOYSA-N__XCPJWHMPQXCHCN-UHFFFAOYSA-N,11.752822982153596
SWZUKLYLNVUXAK-UHFFFAOYSA-N__UVZXLQXYMUHINJ-LVXARBLLSA-N,2.341163333561042
UVZXLQXYMUHINJ-LVXARBLLSA-N__SWZUKLYLNVUXAK-UHFFFAOYSA-N,1.4918352228035343
FQDMSPFPWVUVKY-UHFFFAOYSA-N__JKVYOJYWTWVGET-UHFFFAOYSA-N,9.80718799272039
JKVYOJYWTWVGET-UHFFFAOYSA-N__FQDMSPFPWVUVKY-UHFFFAOYSA-N,5.17770446353267
GHKILJGWQPBQGL-UHFFFAOYSA-N__IOGBOPWHYYNZNF-BYPYZUCNSA-N,-4.120371768498004
IOGBOPWHYYNZNF-BYPYZUCNSA-N__GHKILJGWQPBQGL-UHFFFAOYSA-N,-1.873640494099719
HBFAGGYJHPEMOX-UHFFFAOYSA-N__VBYISQBPBGHXCY-UHFFFAOYSA-N,9.613389497625008
VBYISQBPBGHXCY-UHFFFAOYSA-N__HBFAGGYJHPEMOX-UHFFFAOYSA-N,4.061585388424675
KVUGMJGOBSJLAZ-UHFFFAOYSA-N__UBZUOAHZOISTBO-UHFFFAOYSA-N,1.7968411717978068
UBZUOAHZOISTBO-UHFFFAOYSA-N__KVUGMJGOBSJLAZ-UHFFFAOYSA-N,3.1174968625204924
BUDMQVIJNMYPOM-WDSKDSINSA-N__CJNCCQLNPSTMFO-UHFFFAOYSA-N,8.528441070076063
CJNCCQLNPSTMFO-UHFFFAOYSA-N__BUDMQVIJNMYPOM-WDSKDSINSA-N,5.4905438521225465
DYIYQAYJXVOXOB-UHFFFAOYSA-N__UVOAJEAYEYEDDI-UHFFFAOYSA-N,11.29727388328726
UVOAJEAYEYEDDI-UHFFFAOYSA-N__DYIYQAYJXVOXOB-UHFFFAOYSA-N,6.22647938872202
BIRCCQCPGMMGPJ-UHFFFAOYSA-N__NNPQORXNJOMMDX-UHFFFAOYSA-N,4.609560586173538
NNPQORXNJOMMDX-UHFFFAOYSA-N__BIRCCQCPGMMGPJ-UHFFFAOYSA-N,2.360270494992184
AEEWUJXEVQKGMS-UHFFFAOYSA-N__RLQFWGVWXUUTIJ-UHFFFAOYSA-N,5.60147009036781
RLQFWGVWXUUTIJ-UHFFFAOYSA-N__AEEWUJXEVQKGMS-UHFFFAOYSA-N,4.803045600512291
ZHHVPRUEBWLGCP-UHFFFAOYSA-N__MCPYFTYMXITWPU-UHFFFAOYSA-N,6.8096429682657895
RPXFJVMOMIGOIE-UHFFFAOYSA-N__YMRAOZGAEGPSQX-UHFFFAOYSA-N,5.087594554992591
NLFUNSDQVANRFH-UHFFFAOYSA-N__UWUOBCNVYNXBPG-UHFFFAOYSA-N,5.17759178190068
YMRAOZGAEGPSQX-UHFFFAOYSA-N__RPXFJVMOMIGOIE-UHFFFAOYSA-N,7.473941334694998
UWUOBCNVYNXBPG-UHFFFAOYSA-N__NLFUNSDQVANRFH-UHFFFAOYSA-N,5.101579761677297
FXUHWLSYTQSNAP-UHFFFAOYSA-N__QHJCEWCQVLXOPG-UHFFFAOYSA-N,6.2170344919474125
IRZCAGZGDVGSNB-UHFFFAOYSA-N__NIOXVRCNKNYDNN-UHFFFAOYSA-N,4.957942615546921
GBRYHYNRKYJJJK-UHFFFAOYSA-N__GQIDSQSVHSKKPG-SOFGYWHQSA-N,6.752059765993319
GQIDSQSVHSKKPG-SOFGYWHQSA-N__GBRYHYNRKYJJJK-UHFFFAOYSA-N,7.782863747485033
NIOXVRCNKNYDNN-UHFFFAOYSA-N__IRZCAGZGDVGSNB-UHFFFAOYSA-N,10.0432945216249
QHJCEWCQVLXOPG-UHFFFAOYSA-N__FXUHWLSYTQSNAP-UHFFFAOYSA-N,10.10192208751435
LBHPPCCDWYBGQF-UHFFFAOYSA-N__XDWMKIDEFSWTLZ-UHFFFAOYSA-N,4.587176245157448
XDWMKIDEFSWTLZ-UHFFFAOYSA-N__LBHPPCCDWYBGQF-UHFFFAOYSA-N,8.781329087934953
BYRNFQHAJNIHSQ-UHFFFAOYSA-N__KNEXVJAMADGTCT-UHFFFAOYSA-N,7.790248705109493
KNEXVJAMADGTCT-UHFFFAOYSA-N__BYRNFQHAJNIHSQ-UHFFFAOYSA-N,7.667890542902634
MLAMJTHLDDMHCE-UHFFFAOYSA-N__CVGMMFGCJPNXDC-UHFFFAOYSA-N,6.359027705772096
BRMUNADODDDHFR-UHFFFAOYSA-N__KUBHUIYOABTOGH-UHFFFAOYSA-N,5.366809563065695
CVGMMFGCJPNXDC-UHFFFAOYSA-N__MLAMJTHLDDMHCE-UHFFFAOYSA-N,7.451422764857893
KUBHUIYOABTOGH-UHFFFAOYSA-N__BRMUNADODDDHFR-UHFFFAOYSA-N,3.724741285941556
ZNOYVMYSEZNYEL-UHFFFAOYSA-N__XFTVNTHWPKLPKW-UHFFFAOYSA-N,12.19829859476313
LOMRJQANQRYBTL-UHFFFAOYSA-N__NARQMSZOIGXQCR-UHFFFAOYSA-N,9.478975331990492
AZENLINHCWVFQL-UHFFFAOYSA-N__SIDVKYYVWXEKED-UHFFFAOYSA-N,6.525996523594434
SIDVKYYVWXEKED-UHFFFAOYSA-N__AZENLINHCWVFQL-UHFFFAOYSA-N,3.700121379031177
OQQICNRCNAPZTG-UHFFFAOYSA-N__XHDRDKQYMDWZHN-UHFFFAOYSA-N,3.678657211001629
XHDRDKQYMDWZHN-UHFFFAOYSA-N__OQQICNRCNAPZTG-UHFFFAOYSA-N,-2.340630834624265
VAKABUBSGYOQIM-SNVBAGLBSA-N__AJAAEXSZVGOOQY-UHFFFAOYSA-N,18.716053128757164
ZOZWRGRXXIPNKK-UHFFFAOYSA-N__KWPIOSOVDGRDPO-UHFFFAOYSA-N,14.154979579288014
CSGSDNTTWMJGMC-UHFFFAOYSA-N__KOPUBEUECLWLHV-UHFFFAOYSA-N,14.999910907926417
KOPUBEUECLWLHV-UHFFFAOYSA-N__CSGSDNTTWMJGMC-UHFFFAOYSA-N,11.103547914279314
SMBBZGXEZCVOTL-BQYQJAHWSA-N__WFTPXXYCAMZSSJ-UHFFFAOYSA-N,16.41378157635728
WFTPXXYCAMZSSJ-UHFFFAOYSA-N__SMBBZGXEZCVOTL-BQYQJAHWSA-N,13.949101056880178
NLVSDJPPSHFVSM-UHFFFAOYSA-N__JPZUMRWCUWGOHO-UHFFFAOYSA-N,13.673347157563718
DFGATMLFZICVHD-UHFFFAOYSA-N__COPITHNTSGBMEJ-UHFFFAOYSA-N,7.147635148364524
COPITHNTSGBMEJ-UHFFFAOYSA-N__DFGATMLFZICVHD-UHFFFAOYSA-N,9.309058353383048
ARZZZYIWZZPTKD-UHFFFAOYSA-N__BRGLXBOKVIVUHH-UHFFFAOYSA-N,3.190991705832076
BRGLXBOKVIVUHH-UHFFFAOYSA-N__ARZZZYIWZZPTKD-UHFFFAOYSA-N,4.024054610303497
RAYGZDZFBQXWAF-UHFFFAOYSA-N__PCOBZJQJHKMFSO-UHFFFAOYSA-N,2.317494511357268
PCOBZJQJHKMFSO-UHFFFAOYSA-N__RAYGZDZFBQXWAF-UHFFFAOYSA-N,5.650220297881539
QDTNFKXDRHDTJQ-UHFFFAOYSA-N__WSCIMRHEYPGXEN-UHFFFAOYSA-N,9.81559335642283
IJOYLCWEOAMTQF-UHFFFAOYSA-N__MONOTQHMCWNSBD-UHFFFAOYSA-N,16.235029541063568
MONOTQHMCWNSBD-UHFFFAOYSA-N__IJOYLCWEOAMTQF-UHFFFAOYSA-N,13.276815838325208
VLIVZZJLWLXXBN-UHFFFAOYSA-N__MWYVQGTVFMAUOH-UHFFFAOYSA-N,8.782401409457192
MWYVQGTVFMAUOH-UHFFFAOYSA-N__VLIVZZJLWLXXBN-UHFFFAOYSA-N,6.441762936933446
ILTGCKSLANMIOG-UHFFFAOYSA-N__GJMSJZDRVCUHQT-UHFFFAOYSA-N,7.729412173068325
GJMSJZDRVCUHQT-UHFFFAOYSA-N__ILTGCKSLANMIOG-UHFFFAOYSA-N,3.414058490273132
IZQNTHMCBUVGKB-UHFFFAOYSA-N__BUZDGGFWWPZBIN-MSIWLMLLSA-N,1.1656941940642955
ASTKQEKFFUHTPV-UHFFFAOYSA-N__QNNPCBHOMIKFLS-UHFFFAOYSA-N,3.846522974503325
UYRBIYLMRNSBOB-UHFFFAOYSA-N__MCMVWGODYSCGCH-UHFFFAOYSA-N,9.340672557379795
MCMVWGODYSCGCH-UHFFFAOYSA-N__UYRBIYLMRNSBOB-UHFFFAOYSA-N,10.250192203095072
QNNPCBHOMIKFLS-UHFFFAOYSA-N__ASTKQEKFFUHTPV-UHFFFAOYSA-N,-0.2298614988137584
SCXCAKUJMNSZRI-OQHVVPOVSA-N__VKIWLCTYVNPHSB-UHFFFAOYSA-N,9.410177658675115
VKIWLCTYVNPHSB-UHFFFAOYSA-N__SCXCAKUJMNSZRI-OQHVVPOVSA-N,11.983575073430169
JWUFNEBRLYZKFH-UHFFFAOYSA-N__DBYIQHBTFKAWJE-UHFFFAOYSA-N,0.2277961633246879
ZBEOKBCYLGPLIO-UHFFFAOYSA-N__PCMSHRUMDZZNEC-UHFFFAOYSA-N,8.930259694839794
KLJCBJUKSDXDRS-UHFFFAOYSA-N__PFQUZNFYTSGDIA-UHFFFAOYSA-N,4.568333728125759
PFQUZNFYTSGDIA-UHFFFAOYSA-N__KLJCBJUKSDXDRS-UHFFFAOYSA-N,4.820835791575164
DMLJCXUAQKPBKO-UHFFFAOYSA-N__PLOUZGYFHVLPNS-UHFFFAOYSA-N,3.8379077603259097
PLOUZGYFHVLPNS-UHFFFAOYSA-N__DMLJCXUAQKPBKO-UHFFFAOYSA-N,14.583618372188443
ZLMQJCIOHXNJIE-UHFFFAOYSA-N__RCILSDRWCWXYQD-UHFFFAOYSA-N,4.250417173268209
RCILSDRWCWXYQD-UHFFFAOYSA-N__ZLMQJCIOHXNJIE-UHFFFAOYSA-N,5.92207379286635
OCYYSLBCXPWWFV-UHFFFAOYSA-N__YGOHTMYETFNSQD-UHFFFAOYSA-N,4.5746987917476565
IHANCTNEOLISLN-UHFFFAOYSA-N__ORGSMQNHNDGVCI-UHFFFAOYSA-N,7.629707776242068
YGOHTMYETFNSQD-UHFFFAOYSA-N__OCYYSLBCXPWWFV-UHFFFAOYSA-N,6.029687374573643
ORGSMQNHNDGVCI-UHFFFAOYSA-N__IHANCTNEOLISLN-UHFFFAOYSA-N,7.305160090352809
RMRBQIXOKOPBDE-UHFFFAOYSA-N__SXGPNBOYXHLMBK-UHFFFAOYSA-N,5.228171354515867
ICZBDIDBKKETSI-UHFFFAOYSA-N__YHHPPRUQBRJTAV-UHFFFAOYSA-N,10.85636816310906
YHHPPRUQBRJTAV-UHFFFAOYSA-N__ICZBDIDBKKETSI-UHFFFAOYSA-N,8.221818716004387
MUUSXNPXNNXPNT-UHFFFAOYSA-N__ISRSQWIEFFNTDG-UHFFFAOYSA-N,5.644069448361957
ISRSQWIEFFNTDG-UHFFFAOYSA-N__MUUSXNPXNNXPNT-UHFFFAOYSA-N,9.038176241637412
OHNFYNRPNQXCAV-ZYRWRLHKSA-N__WQMFMUXUSKUPGA-UHFFFAOYSA-N,10.61728903640721
WQMFMUXUSKUPGA-UHFFFAOYSA-N__OHNFYNRPNQXCAV-ZYRWRLHKSA-N,6.555334447563526
FTBWNEMIGZTBDL-UHFFFAOYSA-N__XQXIDELHPWXTDD-UHFFFAOYSA-N,8.626382476348713
AQPNAHGNTWDJRT-UHFFFAOYSA-N__LUOMGIJGMNBCIB-UHFFFAOYSA-N,5.470410320411543
LUOMGIJGMNBCIB-UHFFFAOYSA-N__AQPNAHGNTWDJRT-UHFFFAOYSA-N,8.983374180025377
JQKWRKYRXKQDES-UHFFFAOYSA-N__WBEOWEKPANIOBP-UHFFFAOYSA-N,7.148230113225575
WBEOWEKPANIOBP-UHFFFAOYSA-N__JQKWRKYRXKQDES-UHFFFAOYSA-N,0.475834827552605
NOPJFZZFULOMCO-UHFFFAOYSA-N__MEEQDWFWIGBKAE-UHFFFAOYSA-N,2.651959466971461
MEEQDWFWIGBKAE-UHFFFAOYSA-N__NOPJFZZFULOMCO-UHFFFAOYSA-N,7.335262038477824
QWJRKLQMKUWKLX-UHFFFAOYSA-N__YHLCVZQMEBFIRN-UHFFFAOYSA-N,20.03009202563241
YHLCVZQMEBFIRN-UHFFFAOYSA-N__QWJRKLQMKUWKLX-UHFFFAOYSA-N,13.455006900920468
DYNYJBRXKDFILZ-UHFFFAOYSA-N__QGQPSVRAJDVXJR-UHFFFAOYSA-N,8.461928628691325
QGQPSVRAJDVXJR-UHFFFAOYSA-N__DYNYJBRXKDFILZ-UHFFFAOYSA-N,13.628991484830037
YSLXVSVCAIJZIA-UHFFFAOYSA-N__HHHPSUSUQCIPOI-UHFFFAOYSA-N,15.783634455196582
HHHPSUSUQCIPOI-UHFFFAOYSA-N__YSLXVSVCAIJZIA-UHFFFAOYSA-N,5.0375091144666095
YBNYMCGLLZZZIE-UHFFFAOYSA-N__ZWDNVHVBDQOVEZ-UHFFFAOYSA-N,6.315984118929155
KLVCMRCDCITCQJ-UHFFFAOYSA-N__PBASIQXIXVODIC-UHFFFAOYSA-N,21.211907840050053
ZWDNVHVBDQOVEZ-UHFFFAOYSA-N__YBNYMCGLLZZZIE-UHFFFAOYSA-N,2.7560288837577755
DCGKDDVUUMOTDH-UHFFFAOYSA-N__YOIYPKHQYFMJOZ-UHFFFAOYSA-N,12.285369656087624
DQHRETBSHSTHRB-UHFFFAOYSA-N__WOLUAFVTQJWFIE-UHFFFAOYSA-N,0.5034965608902597
WOLUAFVTQJWFIE-UHFFFAOYSA-N__DQHRETBSHSTHRB-UHFFFAOYSA-N,1.7086896157194784
KRKKRSLRUMIRKR-UHFFFAOYSA-N__QFRBYWJADJODEI-UHFFFAOYSA-N,6.350214345231868
QFRBYWJADJODEI-UHFFFAOYSA-N__KRKKRSLRUMIRKR-UHFFFAOYSA-N,6.446514979256317
AMAKBTKKFGWTDL-UHFFFAOYSA-N__DDZJYBCRNHBSEJ-UHFFFAOYSA-N,5.165712900137804
NNSQFWCKTHZGCJ-UHFFFAOYSA-N__BVAYMJRGJHDAAD-UHFFFAOYSA-N,2.921023071711869
LAJLSBXBCRTSBN-UHFFFAOYSA-N__RZCUGFRIWVSQQL-UHFFFAOYSA-N,-0.8537753375130057
RZCUGFRIWVSQQL-UHFFFAOYSA-N__LAJLSBXBCRTSBN-UHFFFAOYSA-N,2.6329473476081096
CWLRQWQJADHFCR-UHFFFAOYSA-N__JZPXIWMYTZXPIF-UHFFFAOYSA-N,8.160323450303371
JZPXIWMYTZXPIF-UHFFFAOYSA-N__CWLRQWQJADHFCR-UHFFFAOYSA-N,6.777819064391893
FZSUPECQQXHGMS-UHFFFAOYSA-N__JODLBRYVTFYYHB-UHFFFAOYSA-N,0.1891572897772982
JODLBRYVTFYYHB-UHFFFAOYSA-N__FZSUPECQQXHGMS-UHFFFAOYSA-N,2.9556366511694088
WLBCMAJNCLOCBF-UHFFFAOYSA-N__OIGWLFMCSZEFRV-UHFFFAOYSA-N,4.967918293044816
VHDGJSJNYBTBTM-UHFFFAOYSA-N__XZHYAVLKSHKOMX-VOTSOKGWSA-N,1.968694506096022
NHPUDKLPCIIKNM-UHFFFAOYSA-N__WTQIIYJGBSLDDD-IBGZPJMESA-N,11.1768668860807
QDXCNIKOTAODNH-UHFFFAOYSA-N__MYMYBFADKSNVHM-UHFFFAOYSA-N,3.683917861353434
IFZKWAZBBACVGL-UHFFFAOYSA-N__SBHWMMRZGSJHAP-UHFFFAOYSA-N,4.664722384190513
LTHCDGGGLDPZAI-UHFFFAOYSA-N__ZCJOHRGREUNSCG-UHFFFAOYSA-N,9.09069595928719
URWJVORMELQWFG-UHFFFAOYSA-N__XCRDGOYYPOMOHP-UHFFFAOYSA-N,6.656695807509582
XCRDGOYYPOMOHP-UHFFFAOYSA-N__URWJVORMELQWFG-UHFFFAOYSA-N,9.49185413902618
GUHOCVVHXDHJKL-UHFFFAOYSA-N__KMZSRVFTIWWOAC-UHFFFAOYSA-N,3.0918535352927177
QQTYBXWNFUHMSN-UHFFFAOYSA-N__QFRPEIAAKXFRKY-UHFFFAOYSA-N,5.292853685586023
BOQWCWROWSFVCB-UHFFFAOYSA-N__XHQNNRWALPLISE-UHFFFAOYSA-N,1.1247070220541755
XHQNNRWALPLISE-UHFFFAOYSA-N__BOQWCWROWSFVCB-UHFFFAOYSA-N,11.04079130866228
NIMJKNQEBXEMBH-UHFFFAOYSA-N__QGFVOCYRZKILDP-UHFFFAOYSA-N,9.945808592810067
QGFVOCYRZKILDP-UHFFFAOYSA-N__NIMJKNQEBXEMBH-UHFFFAOYSA-N,4.483618191605513
KTSYMSLJCMQXIZ-UHFFFAOYSA-N__LTJDXRUTQIEAAJ-JTSKRJEESA-N,3.307789662057426
LTJDXRUTQIEAAJ-JTSKRJEESA-N__KTSYMSLJCMQXIZ-UHFFFAOYSA-N,12.77172371799326
DLJOLTFOJFJPDR-UHFFFAOYSA-N__JUGMYYLMEKSIHU-UHFFFAOYSA-N,3.2896009554706764
JUGMYYLMEKSIHU-UHFFFAOYSA-N__DLJOLTFOJFJPDR-UHFFFAOYSA-N,10.8186913055589
WSFKBLPZJQAPBV-UHFFFAOYSA-N__FLNVCJGNYXWZCS-UHFFFAOYSA-N,-0.6083091220964699
FLNVCJGNYXWZCS-UHFFFAOYSA-N__WSFKBLPZJQAPBV-UHFFFAOYSA-N,1.2406675562666485
CPKWTRQAGAAXRJ-UHFFFAOYSA-N__WPCCFHCYXWIRKP-UHFFFAOYSA-N,10.122501806916
WPCCFHCYXWIRKP-UHFFFAOYSA-N__CPKWTRQAGAAXRJ-UHFFFAOYSA-N,8.52519962283979
ZXXGCVORGXGLMV-UHFFFAOYSA-N__KJKXHZFOTKXHMS-UHFFFAOYSA-N,6.21795050498108
KJKXHZFOTKXHMS-UHFFFAOYSA-N__ZXXGCVORGXGLMV-UHFFFAOYSA-N,1.980450558458752
RAVDWORKRMIHHD-UHFFFAOYSA-N__XACLKLPXINNMPW-UHFFFAOYSA-N,4.975401304622277
NGYLZOMPNDTPQS-UHFFFAOYSA-N__UJWGAXIHKWHINL-TXEJJXNPSA-N,16.83264229529986
XACLKLPXINNMPW-UHFFFAOYSA-N__RAVDWORKRMIHHD-UHFFFAOYSA-N,7.999993887448698
XDXWWGYJSUGHRK-UHFFFAOYSA-N__WRSXTQPDCBFUJW-FNORWQNLSA-N,11.659499207038868
WRSXTQPDCBFUJW-FNORWQNLSA-N__XDXWWGYJSUGHRK-UHFFFAOYSA-N,15.285204329961571
GNYJJXYDUNSUPJ-UHFFFAOYSA-N__OTKZWGJLFLAVTD-UHFFFAOYSA-N,14.56418169850167
OTKZWGJLFLAVTD-UHFFFAOYSA-N__GNYJJXYDUNSUPJ-UHFFFAOYSA-N,12.68352605458158
RHTSJLWPMKELHF-UHFFFAOYSA-N__JJZKUFQAVRXBBS-UHFFFAOYSA-N,5.944813139689305
JJZKUFQAVRXBBS-UHFFFAOYSA-N__RHTSJLWPMKELHF-UHFFFAOYSA-N,7.902412258529903
KNTUUUARDYGWGI-UHFFFAOYSA-N__OVRVUXNSVZYTAS-UHFFFAOYSA-N,1.2248922340125272
OVRVUXNSVZYTAS-UHFFFAOYSA-N__KNTUUUARDYGWGI-UHFFFAOYSA-N,2.5587648885986574
QZMOOODIEFOOGS-UHFFFAOYSA-N__XASXRBMLMIJDCZ-UHFFFAOYSA-N,3.157408539610381
XASXRBMLMIJDCZ-UHFFFAOYSA-N__QZMOOODIEFOOGS-UHFFFAOYSA-N,0.7363108504984103
HOGOMWHAPHDDJM-UHFFFAOYSA-N__OMFFUMDRNYYSFR-UHFFFAOYSA-N,7.945597795489295
OMFFUMDRNYYSFR-UHFFFAOYSA-N__HOGOMWHAPHDDJM-UHFFFAOYSA-N,8.45284597498005
WATXBZCEQLSOMR-UHFFFAOYSA-N__ZBJXHRQMTLDSIW-UHFFFAOYSA-N,4.4699803054587175
ZBJXHRQMTLDSIW-UHFFFAOYSA-N__WATXBZCEQLSOMR-UHFFFAOYSA-N,7.860202557112109
YGMNUSBJXMETGF-UHFFFAOYSA-N__QVPRRGBEBPOWGI-UHFFFAOYSA-N,12.997861271752264
QVPRRGBEBPOWGI-UHFFFAOYSA-N__YGMNUSBJXMETGF-UHFFFAOYSA-N,14.398871597825083
BJLGKPYWAWPCRB-UHFFFAOYSA-N__LJQHJPZKUGXPIS-UHFFFAOYSA-N,13.465523974041297
ABHNJAJFVWIUOX-UHFFFAOYSA-N__PLJHSYHHNMQORK-UHFFFAOYSA-N,7.111102498722138
AZQMVWXLWOXTPU-UHFFFAOYSA-N__UCXSXRQSGTYLED-UHFFFAOYSA-N,2.8901403337764355
UCXSXRQSGTYLED-UHFFFAOYSA-N__AZQMVWXLWOXTPU-UHFFFAOYSA-N,1.3596360411699735
FZOJAUSPQWQVDD-UHFFFAOYSA-N__SDRABADEYFPPGF-UHFFFAOYSA-N,9.56896795093322
NJBMYOBPMLVCSK-UHFFFAOYSA-N__VGXXKQXYFJIVHJ-UHFFFAOYSA-N,8.81833894528151
SDRABADEYFPPGF-UHFFFAOYSA-N__FZOJAUSPQWQVDD-UHFFFAOYSA-N,8.081983412243597
FJCFMZANWVNQNF-UHFFFAOYSA-N__CLVRTWVWWJLTCX-UHFFFAOYSA-N,-1.8384078911896324
MKOLLVRPGGCOHD-ZHACJKMWSA-N__QIBFWJZPVCBPIO-UHFFFAOYSA-N,9.224192878997629
MXLDMWLLQXJTAL-FQEVSTJZSA-N__JUEQQMOCMNIXTQ-UHFFFAOYSA-N,11.334565305423288
JUEQQMOCMNIXTQ-UHFFFAOYSA-N__MXLDMWLLQXJTAL-FQEVSTJZSA-N,12.402704577748748
GBQSNSKQDCNVEA-UHFFFAOYSA-N__LPROFESISOUNEV-UHFFFAOYSA-N,8.034616570120441
LPROFESISOUNEV-UHFFFAOYSA-N__GBQSNSKQDCNVEA-UHFFFAOYSA-N,10.803678747461255
YMHOGHMTRYVNRX-UHFFFAOYSA-N__ZFBWQLXUMPLIJO-UHFFFAOYSA-N,7.976274578518189
WFBJWNJLNIVBTR-UHFFFAOYSA-N__BOHUWZXGMPNZPG-UHFFFAOYSA-N,18.959467282195945
MSOXICKJPCAOTD-YAXRCOADSA-N__DHJLLRSAZHTXRH-UHFFFAOYSA-N,17.320190618594808
HIIRBHSBTHIHAC-UHFFFAOYSA-N__XPQHATWMTQXEOF-UHFFFAOYSA-N,-3.394316625202141
SPWQEANFZBYSRK-UHFFFAOYSA-N__WFXGPYWXERCKBK-MRXNPFEDSA-N,6.138267334906754
XPQHATWMTQXEOF-UHFFFAOYSA-N__HIIRBHSBTHIHAC-UHFFFAOYSA-N,-1.173221472842298
ASCRYGSEVKWKFU-UHFFFAOYSA-N__ZQBDYOAJQLCNAQ-UHFFFAOYSA-N,7.889439399405604
ZQBDYOAJQLCNAQ-UHFFFAOYSA-N__ASCRYGSEVKWKFU-UHFFFAOYSA-N,10.733660105933309
FELQGSIUUJZSFW-UHFFFAOYSA-N__QWWIKBLWNDSPGH-UHFFFAOYSA-N,10.480192492609843
UNSMZTOXCZWILH-UHFFFAOYSA-N__AJUHWPYRNSHSJQ-UHFFFAOYSA-N,7.484436399487834
QWWIKBLWNDSPGH-UHFFFAOYSA-N__FELQGSIUUJZSFW-UHFFFAOYSA-N,0.2303970994522618
AJUHWPYRNSHSJQ-UHFFFAOYSA-N__UNSMZTOXCZWILH-UHFFFAOYSA-N,10.790257112375455
LDEYMPCZYSCATD-UHFFFAOYSA-N__WFLBVNYVZUGTEI-UHFFFAOYSA-N,16.395115187943592
WFLBVNYVZUGTEI-UHFFFAOYSA-N__LDEYMPCZYSCATD-UHFFFAOYSA-N,6.174434096604611
UIAZSGNSSAUGCQ-UHFFFAOYSA-N__GPSHYSOJRNJXHO-UHFFFAOYSA-N,6.022362186166456
GPSHYSOJRNJXHO-UHFFFAOYSA-N__UIAZSGNSSAUGCQ-UHFFFAOYSA-N,3.1087197651666627
GGAXUTCKARKVNY-MDZDMXLPSA-N__SOUIIPBNGSKQKY-UHFFFAOYSA-N,14.27811151570086
SOUIIPBNGSKQKY-UHFFFAOYSA-N__GGAXUTCKARKVNY-MDZDMXLPSA-N,11.556990982927577
ARTNJKQAWKUQKD-UHFFFAOYSA-N__YUYNKNONESNAHN-UHFFFAOYSA-N,-0.6679731862728752
VRWZTTOSMQFIQP-UHFFFAOYSA-N__XPXRJGQKJIBJEJ-UHFFFAOYSA-N,19.67318753579009
XPXRJGQKJIBJEJ-UHFFFAOYSA-N__VRWZTTOSMQFIQP-UHFFFAOYSA-N,14.638608876412606
RKZPASPXSGETME-UHFFFAOYSA-N__HDRMCCPROQNALS-UHFFFAOYSA-N,10.759179815030675
HDRMCCPROQNALS-UHFFFAOYSA-N__RKZPASPXSGETME-UHFFFAOYSA-N,7.505915189489207
HFOCAQPWSXBFFN-UHFFFAOYSA-N__CGOLNJGPTHKAJE-UHFFFAOYSA-N,2.5126349684982907
CGOLNJGPTHKAJE-UHFFFAOYSA-N__HFOCAQPWSXBFFN-UHFFFAOYSA-N,9.63931250877455
HZKVTEXIMCANFB-ZHACJKMWSA-N__AJCRXQFDMKXXAE-VIFPVBQESA-N,16.7074546490318
ZZWHWGZFHPVYFV-PHTUBKJSSA-N__FPNFXFVDVIDQJP-UHFFFAOYSA-N,17.840244316770534
DUSKCSPDKZXLCB-UHFFFAOYSA-N__FZKNQQXVLMTLAW-UHFFFAOYSA-N,3.13885728583972
FKVCOWJRWYEHPO-UHFFFAOYSA-N__FSRHBBRJXOPZNK-TXEJJXNPSA-N,5.011826963532672
FSRHBBRJXOPZNK-TXEJJXNPSA-N__FKVCOWJRWYEHPO-UHFFFAOYSA-N,7.558397172930701
XXWKUFLBAWOMET-UHFFFAOYSA-N__GWCKEPKBJGRTKN-UHFFFAOYSA-N,1.912070495986672
BYOVCCJJDRWHMP-UHFFFAOYSA-N__SPWKQRFVZLCWIC-UHFFFAOYSA-N,6.462835660973772
SPWKQRFVZLCWIC-UHFFFAOYSA-N__BYOVCCJJDRWHMP-UHFFFAOYSA-N,5.139726279704737
PYNYBPYBPJROQR-UHFFFAOYSA-N__ZGAWPJWNILKACK-VKWHMPGMSA-N,9.397872977642022
ALKKRILGIYAWKK-UHFFFAOYSA-N__MAZWBQRJHIIVHR-UHFFFAOYSA-N,4.583132033241022
MAZWBQRJHIIVHR-UHFFFAOYSA-N__ALKKRILGIYAWKK-UHFFFAOYSA-N,4.925725376828559
IGULJPOZKYHQPW-UHFFFAOYSA-N__MKTVQURZAPBXKN-UHFFFAOYSA-N,8.741112859305431
MKTVQURZAPBXKN-UHFFFAOYSA-N__IGULJPOZKYHQPW-UHFFFAOYSA-N,11.256673951011615
ZGAWPJWNILKACK-VKWHMPGMSA-N__PYNYBPYBPJROQR-UHFFFAOYSA-N,5.839834285379961
RJJUDTLKVVDXQW-UHFFFAOYSA-N__QEJRUVAQQPSHTA-UHFFFAOYSA-N,6.167445794182118
QWCLQHKYYRTTCY-UHFFFAOYSA-N__LBBLDOZDKDGMOM-UHFFFAOYSA-N,1.0334389843317342
LBBLDOZDKDGMOM-UHFFFAOYSA-N__QWCLQHKYYRTTCY-UHFFFAOYSA-N,6.811320639763975
IQACROJNDAWUJR-UHFFFAOYSA-N__RRPQPHPFVLFYGD-CEXWTWQISA-N,9.599400367549434
FJZHVXNHAGOCOP-UHFFFAOYSA-N__RRQOLGSUFCQFQN-UHFFFAOYSA-N,7.005236584328678
RRQOLGSUFCQFQN-UHFFFAOYSA-N__FJZHVXNHAGOCOP-UHFFFAOYSA-N,6.372051633183287
AIWNOJRSPRASBJ-UHFFFAOYSA-N__WPUPBKNBTPKBIZ-UHFFFAOYSA-N,4.476538059964002
WPUPBKNBTPKBIZ-UHFFFAOYSA-N__AIWNOJRSPRASBJ-UHFFFAOYSA-N,6.349654496987684
JJJUMPFJXAPNLD-HMTLIYDFSA-N__LPRTTZDBHLVBPA-UHFFFAOYSA-N,13.757424332008403
LPRTTZDBHLVBPA-UHFFFAOYSA-N__JJJUMPFJXAPNLD-HMTLIYDFSA-N,18.78336615910792
FPWQZTGHNCAFLI-UHFFFAOYSA-N__OALYOVAJTRTBEU-UHFFFAOYSA-N,3.096235894691414
OALYOVAJTRTBEU-UHFFFAOYSA-N__FPWQZTGHNCAFLI-UHFFFAOYSA-N,5.751100090990476
AQRIEBRDIYCYOY-UHFFFAOYSA-N__NQSFECMVPUZFNV-UHFFFAOYSA-N,-0.9925756442567046
NQSFECMVPUZFNV-UHFFFAOYSA-N__AQRIEBRDIYCYOY-UHFFFAOYSA-N,4.49152102869181
DXUIVPNAJIFSDN-UHFFFAOYSA-N__SGYKFCYRKWNUDW-UHFFFAOYSA-N,2.6865845643448925
SGYKFCYRKWNUDW-UHFFFAOYSA-N__DXUIVPNAJIFSDN-UHFFFAOYSA-N,-2.0859553162191555
NNBCJDKOBDOIEC-UHFFFAOYSA-N__VTXZCPPSBGVMBE-KWQFWETISA-N,1.827547513663201
VTXZCPPSBGVMBE-KWQFWETISA-N__NNBCJDKOBDOIEC-UHFFFAOYSA-N,3.614352883403453
ZFJLFANWBDMGPW-UHFFFAOYSA-N__DOGKXVSWIIDESW-UHFFFAOYSA-N,14.846002129033744
FAVBBDNPQMGLRL-UHFFFAOYSA-N__ZOCYINMJMFWRHJ-UONOGXRCSA-N,16.638118036814188
HCZLJZVAGQCFOM-UHFFFAOYSA-N__MEKLDRGHMPUCOE-UHFFFAOYSA-N,-0.2246443374904886
HHPZFFINVAJBLM-UHFFFAOYSA-N__YORVLVTTZHYVJZ-UHFFFAOYSA-N,12.91950767389549
AXCHPHYCYCXPCD-UHFFFAOYSA-N__XQJTZUFBDNMEKF-UHFFFAOYSA-N,11.560193054360772
AGBPALAUODHTLH-UHFFFAOYSA-N__LKVNZRUBOOJTNN-UHFFFAOYSA-N,6.29534525124983
XQJTZUFBDNMEKF-UHFFFAOYSA-N__AXCHPHYCYCXPCD-UHFFFAOYSA-N,6.632684447943236
NNUFIVNLOSPUFW-UHFFFAOYSA-N__YYVIXNPUQRDUAU-UHFFFAOYSA-N,6.408297928654322
JCGJPWVNSLUCAL-UHFFFAOYSA-N__ZVCPTWLPMVEPRA-UHFFFAOYSA-N,6.800062999365138
ZVCPTWLPMVEPRA-UHFFFAOYSA-N__JCGJPWVNSLUCAL-UHFFFAOYSA-N,9.43139907684659
UJMILAIBLQWCES-UHFFFAOYSA-N__MYGMULWOOZQJAD-UHFFFAOYSA-N,8.290274204660014
MYGMULWOOZQJAD-UHFFFAOYSA-N__UJMILAIBLQWCES-UHFFFAOYSA-N,6.750740465104052
YEIJXZOVZKAOSC-UHFFFAOYSA-N__GXODKJJTRXKYKJ-UHFFFAOYSA-N,3.9971107910061705
GXODKJJTRXKYKJ-UHFFFAOYSA-N__YEIJXZOVZKAOSC-UHFFFAOYSA-N,6.793737029897705
SHVCPRCLMCMPBM-UHFFFAOYSA-N__QQAITZXVIGIWPR-UHFFFAOYSA-N,10.687846380632086
QQAITZXVIGIWPR-UHFFFAOYSA-N__SHVCPRCLMCMPBM-UHFFFAOYSA-N,4.250666866035696
WCBZNTOCZLIVGQ-UHFFFAOYSA-N__MGVSMMJPRCHOGS-UHFFFAOYSA-N,16.131696398625436
MGVSMMJPRCHOGS-UHFFFAOYSA-N__WCBZNTOCZLIVGQ-UHFFFAOYSA-N,7.61453278879228
KCLHROGDXSQMEK-UHFFFAOYSA-N__LTMVLWKJMNCYKX-UHFFFAOYSA-N,4.863462102870779
LTMVLWKJMNCYKX-UHFFFAOYSA-N__KCLHROGDXSQMEK-UHFFFAOYSA-N,6.462172990511217
IKXNYXKZOJYTTH-UHFFFAOYSA-N__ZQSXOOQZWMFIGD-UHFFFAOYSA-N,6.788707411879972
DCMVZYZBPNVFKW-UHFFFAOYSA-N__PCQIZGSMASPESF-UHFFFAOYSA-N,5.929284328671969
PCQIZGSMASPESF-UHFFFAOYSA-N__DCMVZYZBPNVFKW-UHFFFAOYSA-N,8.34205045885935
QUPVURNJBGAEQX-UHFFFAOYSA-N__YDCAYPVEMIXAFX-UHFFFAOYSA-N,8.756094598923827
YDCAYPVEMIXAFX-UHFFFAOYSA-N__QUPVURNJBGAEQX-UHFFFAOYSA-N,7.981342976082893
LVRAGEUJRNIWMZ-UHFFFAOYSA-N__ZRZOMHAWWMWFCO-UHFFFAOYSA-N,6.455985487221104
ZRZOMHAWWMWFCO-UHFFFAOYSA-N__LVRAGEUJRNIWMZ-UHFFFAOYSA-N,4.366364919791824
UXUSKKRNOQBNJA-UHFFFAOYSA-N__UUJKUXVOECIJEG-YBEGLDIGSA-N,9.830770576373052
UUJKUXVOECIJEG-YBEGLDIGSA-N__UXUSKKRNOQBNJA-UHFFFAOYSA-N,9.240034766133569
NNPWCKDEQUMBBA-UHFFFAOYSA-N__ZMEFAHUUMOSJBW-UHFFFAOYSA-N,4.978616986432227
ZMEFAHUUMOSJBW-UHFFFAOYSA-N__NNPWCKDEQUMBBA-UHFFFAOYSA-N,7.0174482878610736
FGSIIWVVTVXGRG-UHFFFAOYSA-N__IKIBCVVUGNCJEZ-UHFFFAOYSA-N,1.2263654286886767
KDIRRHXJDJHIHH-UHFFFAOYSA-N__QWZZUGASCTXDNL-UHFFFAOYSA-N,18.034333650941875
JLTWBUHNORCASF-UHFFFAOYSA-N__KUVDPLRPFICYOC-UHFFFAOYSA-N,8.850088343252287
KUVDPLRPFICYOC-UHFFFAOYSA-N__JLTWBUHNORCASF-UHFFFAOYSA-N,6.575511164539186
XYEMPKKCSYTEQD-UHFFFAOYSA-N__LNTAIFABWDGGTI-UHFFFAOYSA-N,4.21172292009849
LNTAIFABWDGGTI-UHFFFAOYSA-N__XYEMPKKCSYTEQD-UHFFFAOYSA-N,4.155098350116213
AXEPPMDFYUDBLA-UHFFFAOYSA-N__GVDOQRCRKMUCTO-UHFFFAOYSA-N,1.2255168859072805
GVDOQRCRKMUCTO-UHFFFAOYSA-N__AXEPPMDFYUDBLA-UHFFFAOYSA-N,13.870484887395092
RIWWLJMHYNWZAL-UHFFFAOYSA-N__VIAWVQFFZQDMDH-UHFFFAOYSA-N,7.950265791454631
VIAWVQFFZQDMDH-UHFFFAOYSA-N__RIWWLJMHYNWZAL-UHFFFAOYSA-N,5.490994703851452
LICSBAUTSZQLJI-UHFFFAOYSA-N__ZVEBCFROXFMLRT-UHFFFAOYSA-N,4.429659643763387
RBQRYWMRMNWWGF-UHFFFAOYSA-N__SWERGCGLCVMYBZ-UHFFFAOYSA-N,9.60665912398042
SWERGCGLCVMYBZ-UHFFFAOYSA-N__RBQRYWMRMNWWGF-UHFFFAOYSA-N,8.503585203764366
IHOLJZHJDMDKAD-UHFFFAOYSA-N__JUIVOTYNMBEYFK-UHFFFAOYSA-N,-0.2057454763968546
JUIVOTYNMBEYFK-UHFFFAOYSA-N__IHOLJZHJDMDKAD-UHFFFAOYSA-N,7.915321380530171
QVSLVDLSQYYMJE-UHFFFAOYSA-N__NWWIFSWZTKXJDY-UHFFFAOYSA-N,-2.0929112301211936
NWWIFSWZTKXJDY-UHFFFAOYSA-N__QVSLVDLSQYYMJE-UHFFFAOYSA-N,11.65254724442147
APIIWVONXFWFHW-PDGQHHTCSA-N__TULKLOXFXKEFHV-UHFFFAOYSA-N,8.696445750835167
TULKLOXFXKEFHV-UHFFFAOYSA-N__APIIWVONXFWFHW-PDGQHHTCSA-N,11.991877293386809
GGQFQUVECOSUJT-UHFFFAOYSA-N__OMDLBXGRULHASS-UHFFFAOYSA-N,6.107437620319067
OVQAVFPIAATFTM-UHFFFAOYSA-N__BQWHRGJQYKLCBO-UHFFFAOYSA-N,6.6815925039527855
OMDLBXGRULHASS-UHFFFAOYSA-N__GGQFQUVECOSUJT-UHFFFAOYSA-N,3.998620213484292
BQWHRGJQYKLCBO-UHFFFAOYSA-N__OVQAVFPIAATFTM-UHFFFAOYSA-N,4.501582340851377
CKFMIIMHXOLCSH-UHFFFAOYSA-N__OXEGRXHVIVAZFA-UHFFFAOYSA-N,3.3274525064294105
OXEGRXHVIVAZFA-UHFFFAOYSA-N__CKFMIIMHXOLCSH-UHFFFAOYSA-N,5.904716626773156
OKXDKILDKNFCLV-UHFFFAOYSA-N__CLATYDGNAFPFOT-UHFFFAOYSA-N,15.542438182430566
IKENRZBEGWEAAE-UHFFFAOYSA-N__IJHMHDMCUAGRQS-UHFFFAOYSA-N,15.189854397407572
HJHSEDOWAZKOSX-UHFFFAOYSA-N__DNGRADIJSQKSIR-CYBMUJFWSA-N,1.840886043217687
DNGRADIJSQKSIR-CYBMUJFWSA-N__HJHSEDOWAZKOSX-UHFFFAOYSA-N,5.743346287040952
NDSIODRRUXVDTR-UHFFFAOYSA-N__TYTVHMUXXFGTCF-UHFFFAOYSA-N,3.743161368219717
TYTVHMUXXFGTCF-UHFFFAOYSA-N__NDSIODRRUXVDTR-UHFFFAOYSA-N,4.869887086878493
OUCGILPZHNBEAO-UHFFFAOYSA-N__YMHAKUQAJYPSNJ-UHFFFAOYSA-N,6.978916797769997
YMHAKUQAJYPSNJ-UHFFFAOYSA-N__OUCGILPZHNBEAO-UHFFFAOYSA-N,9.504616807813804
BKZOBSOONHBLJE-UHFFFAOYSA-N__YMVNYTWHBHHHII-UHFFFAOYSA-N,3.2980717046692
YMVNYTWHBHHHII-UHFFFAOYSA-N__BKZOBSOONHBLJE-UHFFFAOYSA-N,12.120173190710368
HQSIMCODZRPQRV-UHFFFAOYSA-N__TYRDEBPBZNDPJB-UHFFFAOYSA-N,10.567078140114896
ZNNSAWOFIMFOLO-UHFFFAOYSA-N__HZCCCKHPFDZRPM-UHFFFAOYSA-N,5.98926481022697
LVCCSAPEYVICEV-UHFFFAOYSA-N__XLQYNCZOPOWVPJ-UHFFFAOYSA-N,9.056452548647622
HNCFZSOXBTYHLK-UHFFFAOYSA-N__PQQACJNAZQAHMF-RUZDIDTESA-N,4.499904013457207
XLQYNCZOPOWVPJ-UHFFFAOYSA-N__LVCCSAPEYVICEV-UHFFFAOYSA-N,1.988532266384694
BFLTUJJODONMMU-UHFFFAOYSA-N__GJQVSFUNZDIMOG-UHFFFAOYSA-N,12.196758751452512
PQQACJNAZQAHMF-RUZDIDTESA-N__HNCFZSOXBTYHLK-UHFFFAOYSA-N,4.426132339735227
GJQVSFUNZDIMOG-UHFFFAOYSA-N__BFLTUJJODONMMU-UHFFFAOYSA-N,6.3306867782298655
PKPPALIWMCCRFK-UHFFFAOYSA-N__ZKEZHPWKUOFRIB-UHFFFAOYSA-N,9.164084844649704
ZKEZHPWKUOFRIB-UHFFFAOYSA-N__PKPPALIWMCCRFK-UHFFFAOYSA-N,14.862745297225912
RIXGSOKWJCHODR-UHFFFAOYSA-N__IHFCTBYGNJBHLU-UHFFFAOYSA-N,4.215203600722866
IHFCTBYGNJBHLU-UHFFFAOYSA-N__RIXGSOKWJCHODR-UHFFFAOYSA-N,7.339355535905343
AYRMJLITHJEHQT-DJKKODMXSA-N__QVHIKDYOFJIAMD-UHFFFAOYSA-N,13.838473473602576
VXXVUFPVRKJELV-UHFFFAOYSA-N__GBVFLIQIOXYPDM-UHFFFAOYSA-N,12.58816164259221
SYYAOFKGRFPPSI-UHFFFAOYSA-N__XROWETDBTWZDFG-UHFFFAOYSA-N,2.867821556962045
PESWJUVJOPERGA-UHFFFAOYSA-N__VSQMBKICJMQJPY-UHFFFAOYSA-N,2.7616786104098896
XROWETDBTWZDFG-UHFFFAOYSA-N__SYYAOFKGRFPPSI-UHFFFAOYSA-N,5.288702751459738
KZMSMCLIIZWKTF-UHFFFAOYSA-N__RDHFNHGTEGNZLU-UHFFFAOYSA-N,12.917395180169896
AMGKYJYCDUZKQM-UHFFFAOYSA-N__PHUPOHLHTDYJJQ-UHFFFAOYSA-N,5.759737049896178
PHUPOHLHTDYJJQ-UHFFFAOYSA-N__AMGKYJYCDUZKQM-UHFFFAOYSA-N,9.391129747537232
GJFNQPUTHYLXKH-UHFFFAOYSA-N__RVDOPTUPODFAGM-UHFFFAOYSA-N,11.553638953939489
RVDOPTUPODFAGM-UHFFFAOYSA-N__GJFNQPUTHYLXKH-UHFFFAOYSA-N,12.212900583090136
FXPGXEFCMZHWPO-ZBJKULKASA-N__ADIXIWZPJIRSLB-UHFFFAOYSA-N,9.74400027282132
ADIXIWZPJIRSLB-UHFFFAOYSA-N__FXPGXEFCMZHWPO-ZBJKULKASA-N,7.401297378739705
DTUVRIPRGRUBNR-UHFFFAOYSA-N__OLNZPFQQOQESJH-UHFFFAOYSA-N,10.219226459575058
PAUDETQORAAMIO-UHFFFAOYSA-N__DLQQUTBXEFQUJF-UHFFFAOYSA-N,3.633376381499199
CILWKPXRZNELLP-UHFFFAOYSA-N__IGLIHNHNEBFOTM-UHFFFAOYSA-N,7.374343572901648
IGLIHNHNEBFOTM-UHFFFAOYSA-N__CILWKPXRZNELLP-UHFFFAOYSA-N,4.648433326661385
HYJDERBGUYBFNV-UHFFFAOYSA-N__FLARGHGESJOQAM-UHFFFAOYSA-N,4.559106896006637
ADUPKHCVWOYVGQ-UHFFFAOYSA-N__KXPALOZGRGUSSO-OKILXGFUSA-N,14.739018260763537
AYWRPIRVFQWGOD-UHFFFAOYSA-N__RVCGXCYKWWYXQQ-UHFFFAOYSA-N,7.463847924152998
RPSLGYAZTMMDPX-UHFFFAOYSA-N__XCVNGBOPQHFHRY-UHFFFAOYSA-N,3.49417949595821
XCVNGBOPQHFHRY-UHFFFAOYSA-N__RPSLGYAZTMMDPX-UHFFFAOYSA-N,5.924566266169951
CYBDOPDECQJEBX-UHFFFAOYSA-N__ALVOQMUNZLWHAR-HAWMADMCSA-N,10.43210741941332
ALVOQMUNZLWHAR-HAWMADMCSA-N__CYBDOPDECQJEBX-UHFFFAOYSA-N,8.961690000911577
UGIILMQDMUONAZ-UHFFFAOYSA-N__YQNXJTPYFWTCTL-UHFFFAOYSA-N,3.0961474665862885
YQNXJTPYFWTCTL-UHFFFAOYSA-N__UGIILMQDMUONAZ-UHFFFAOYSA-N,2.9035721236216685
GAEZZTFAHFBPJD-UHFFFAOYSA-N__GQMBISJVLKHYDU-UHFFFAOYSA-N,5.293269546469721
KYLZSUJKNWODAO-UHFFFAOYSA-N__WOUTYHNTFMHBNC-UHFFFAOYSA-N,2.7096030238023574
WOUTYHNTFMHBNC-UHFFFAOYSA-N__KYLZSUJKNWODAO-UHFFFAOYSA-N,5.939049131330036
GQMBISJVLKHYDU-UHFFFAOYSA-N__GAEZZTFAHFBPJD-UHFFFAOYSA-N,4.759533076218586
ULMXQSPDSVOAKS-UHFFFAOYSA-N__BNXRIRRKBFEOQA-UHFFFAOYSA-N,14.075305426535053
VXZFTUQOYQESLJ-UHFFFAOYSA-N__ZNHIJNTUGVMVFP-UHFFFAOYSA-N,9.280278867488905
GKQLWQIOYSHKGG-UHFFFAOYSA-N__MGTIONZRAGLUBS-UHFFFAOYSA-N,9.697758150205498
MGTIONZRAGLUBS-UHFFFAOYSA-N__GKQLWQIOYSHKGG-UHFFFAOYSA-N,5.105285524773117
WQXQKVBTINUBGZ-UHFFFAOYSA-N__QKZOLELHSIBSNV-UHFFFAOYSA-N,1.058290933173748
QKZOLELHSIBSNV-UHFFFAOYSA-N__WQXQKVBTINUBGZ-UHFFFAOYSA-N,8.97635653756484
FTRNUXDXSIUPGQ-UHFFFAOYSA-N__KPBVMMUCAPAWQF-UHFFFAOYSA-N,2.8570042358610106
KPBVMMUCAPAWQF-UHFFFAOYSA-N__FTRNUXDXSIUPGQ-UHFFFAOYSA-N,6.174882507164847
MDFBWGWRUUZRCQ-UHFFFAOYSA-N__UIZLSKQSHHUMDP-UHFFFAOYSA-N,6.207614811498477
JNVHHRRNPYKIBP-UHFFFAOYSA-N__SQKPNQQKRWVAQR-UHFFFAOYSA-N,6.1819162866356105
UIZLSKQSHHUMDP-UHFFFAOYSA-N__MDFBWGWRUUZRCQ-UHFFFAOYSA-N,9.64920085080414
SQKPNQQKRWVAQR-UHFFFAOYSA-N__JNVHHRRNPYKIBP-UHFFFAOYSA-N,14.310954366901257
NWMWHYVPXFDPGM-BETUJISGSA-N__UHLGGAOKVIIWFL-WYUUTHIRSA-N,8.083841726085572
UHLGGAOKVIIWFL-WYUUTHIRSA-N__NWMWHYVPXFDPGM-BETUJISGSA-N,12.115005659539644
YBELOMUOMACFQD-UHFFFAOYSA-N__SLDXAVCREIXEFT-LSDHHAIUSA-N,0.5503315793769864
SLDXAVCREIXEFT-LSDHHAIUSA-N__YBELOMUOMACFQD-UHFFFAOYSA-N,4.756296466518401
MJZASOUKPMVVHZ-UHFFFAOYSA-N__YIKSMIHVMPYFMH-UHFFFAOYSA-N,5.152571523185952
YIKSMIHVMPYFMH-UHFFFAOYSA-N__MJZASOUKPMVVHZ-UHFFFAOYSA-N,5.802928136574564
SJKUGSIMUQKCOD-UHFFFAOYSA-N__SYKFEBVZLMHGCH-UHFFFAOYSA-N,6.456964060133255
SYKFEBVZLMHGCH-UHFFFAOYSA-N__SJKUGSIMUQKCOD-UHFFFAOYSA-N,8.82019405469278
QCZXFCFXNPVOPB-UHFFFAOYSA-N__PVPURCLEWVGPNE-UHFFFAOYSA-N,3.5048344798778213
PVPURCLEWVGPNE-UHFFFAOYSA-N__QCZXFCFXNPVOPB-UHFFFAOYSA-N,9.236769254348944
DCJDWOHBYHNBHG-UHFFFAOYSA-N__CIMFBSUJENFTFM-UHFFFAOYSA-N,12.509294128400605
CIMFBSUJENFTFM-UHFFFAOYSA-N__DCJDWOHBYHNBHG-UHFFFAOYSA-N,6.393765896906202
MGLXSFXUMXHVEH-UHFFFAOYSA-N__VRTFOLFBFQBYIH-MDZDMXLPSA-N,18.06691962548031
VRTFOLFBFQBYIH-MDZDMXLPSA-N__MGLXSFXUMXHVEH-UHFFFAOYSA-N,9.498264221054267
RKHBMTRNXABAQZ-UHFFFAOYSA-N__KPHZIQUYNCTNII-UHFFFAOYSA-N,6.749906250732159
KPHZIQUYNCTNII-UHFFFAOYSA-N__RKHBMTRNXABAQZ-UHFFFAOYSA-N,2.9014815521172053
SRNORSAXZYSDGJ-UHFFFAOYSA-N__NFFDVYYGSDISTK-UHFFFAOYSA-N,3.03260802392726
NFFDVYYGSDISTK-UHFFFAOYSA-N__SRNORSAXZYSDGJ-UHFFFAOYSA-N,1.440270120812266
BIHCWNSZSZZYRO-UHFFFAOYSA-N__FGYJEQRISUNQBH-UHFFFAOYSA-N,-0.6130135050223542
XKEMUKSXTCAWHW-UHFFFAOYSA-N__NDTXAKWSATZENP-UHFFFAOYSA-N,4.863891947023151
NDTXAKWSATZENP-UHFFFAOYSA-N__XKEMUKSXTCAWHW-UHFFFAOYSA-N,7.397904475746276
LPQFWKNGUFVNCB-UHFFFAOYSA-N__NLHQPGKMBLGYLZ-UCFFOFKASA-N,15.464542849981918
DEEKOVPFJYQLKB-UHFFFAOYSA-N__ZVMSZRAAUPZDTR-UHFFFAOYSA-N,12.322830907771838
DKVWITBBTRFRJP-UHFFFAOYSA-N__XATAFMRZTCRWFC-UHFFFAOYSA-N,2.795112291629988
HMPJGTIRORLMOD-DUXPYHPUSA-N__WMPDTURCSWISOA-UHFFFAOYSA-N,7.269238178749902
WFLBVNYVZUGTEI-UHFFFAOYSA-N__XYPUEWCQZCZEAL-UHFFFAOYSA-N,4.475524516752439
XYPUEWCQZCZEAL-UHFFFAOYSA-N__WFLBVNYVZUGTEI-UHFFFAOYSA-N,10.14422569170704
CCNWDSFHPYCMLU-UHFFFAOYSA-N__PQPOTJSYLQSAQS-UHFFFAOYSA-N,10.001046317457655
PQPOTJSYLQSAQS-UHFFFAOYSA-N__CCNWDSFHPYCMLU-UHFFFAOYSA-N,1.3534782606546871
YCFAVBWDZLXHLM-UHFFFAOYSA-N__OMNXZWWODTURCN-UHFFFAOYSA-N,11.55319046419233
XYYCMKREDBHGEJ-UHFFFAOYSA-N__ALVVITAAHIECLR-UHFFFAOYSA-N,7.382191081230728
ALVVITAAHIECLR-UHFFFAOYSA-N__XYYCMKREDBHGEJ-UHFFFAOYSA-N,11.580457397798837
SSWOVCNYSZNRKR-UHFFFAOYSA-N__VQKIFPQJRDXGDY-UHFFFAOYSA-N,9.861080278374486
RJFASHQVIIGEJI-NVNXTCNLSA-N__VOZJVZWOFPNMPX-UHFFFAOYSA-N,6.68623620109063
VOZJVZWOFPNMPX-UHFFFAOYSA-N__RJFASHQVIIGEJI-NVNXTCNLSA-N,6.499260213835507
AZJDXMHYCQPRET-UHFFFAOYSA-N__UGFHCCOFLHLFDD-UHFFFAOYSA-N,7.92024223224541
UGFHCCOFLHLFDD-UHFFFAOYSA-N__AZJDXMHYCQPRET-UHFFFAOYSA-N,7.299108968769186
VDTVZSPQNVASIS-UHFFFAOYSA-N__ATAZCCIMTKYEJU-UHFFFAOYSA-N,3.1683229231871044
DIVJSMCYHAZZHU-UHFFFAOYSA-N__YLKILPNIHKKDKT-UHFFFAOYSA-N,6.720843471490817
YLKILPNIHKKDKT-UHFFFAOYSA-N__DIVJSMCYHAZZHU-UHFFFAOYSA-N,10.676989805647295
CTAFCKTVMVPWDS-UHFFFAOYSA-N__LIXWYTZPFYZIRZ-UHFFFAOYSA-N,7.857843992528882
XWBOCEMIOZJTGJ-UHFFFAOYSA-N__ZLPLZJKBVIIOBP-UHFFFAOYSA-N,4.932531567954221
RZCWHZIWTKHYNB-UHFFFAOYSA-N__DVWAZVHFKDBHPU-UHFFFAOYSA-N,8.083143430141014
DVWAZVHFKDBHPU-UHFFFAOYSA-N__RZCWHZIWTKHYNB-UHFFFAOYSA-N,8.617439550312335
DRELBLKEYWKKNI-UHFFFAOYSA-N__MVDKLSYAGPFBKB-UHFFFAOYSA-N,11.957715791485963
ZLPLZJKBVIIOBP-UHFFFAOYSA-N__XWBOCEMIOZJTGJ-UHFFFAOYSA-N,9.177952434074424
MVDKLSYAGPFBKB-UHFFFAOYSA-N__DRELBLKEYWKKNI-UHFFFAOYSA-N,6.874921980769675
KLCGAIGJVXNQDL-UHFFFAOYSA-N__PSXFDBIRBIJZCF-UHFFFAOYSA-N,4.27366259463803
PSXFDBIRBIJZCF-UHFFFAOYSA-N__KLCGAIGJVXNQDL-UHFFFAOYSA-N,6.487206284035065
DKTACHKXCHKGEW-UHFFFAOYSA-N__QWCLQHKYYRTTCY-UHFFFAOYSA-N,3.767374467808261
BYWFVQVPVAYXPQ-UHFFFAOYSA-N__LLTIDKWBZOCIBS-UHFFFAOYSA-N,8.343791060274356
XYLZZIYGZNAXQT-UHFFFAOYSA-N__HKTQGZMJVJBTOX-UHFFFAOYSA-N,5.226238225585083
HKTQGZMJVJBTOX-UHFFFAOYSA-N__XYLZZIYGZNAXQT-UHFFFAOYSA-N,7.240980245377921
NGIKJJWELGMWGM-UHFFFAOYSA-N__LEAPJMGEGXYOMX-UHFFFAOYSA-N,4.520538951467781
LEAPJMGEGXYOMX-UHFFFAOYSA-N__NGIKJJWELGMWGM-UHFFFAOYSA-N,3.5184866400733688
SAEQZFNDLQRPEL-UHFFFAOYSA-N__ZBWJXGQMBCJWLK-UHFFFAOYSA-N,10.410654365232352
ZBWJXGQMBCJWLK-UHFFFAOYSA-N__SAEQZFNDLQRPEL-UHFFFAOYSA-N,4.221937489481976
ALPFOQHNNUWYCK-UHFFFAOYSA-N__RIPZFFXIRBCISC-UHFFFAOYSA-N,6.115972878464404
RIPZFFXIRBCISC-UHFFFAOYSA-N__ALPFOQHNNUWYCK-UHFFFAOYSA-N,8.629081398228662
RWICYMZEVUGINB-UHFFFAOYSA-N__WCXCCQXCLPPVHE-UHFFFAOYSA-N,7.733319362862961
GHHINQZIBIKYTC-UHFFFAOYSA-N__MFSNBRRNVLYDDK-UHFFFAOYSA-N,7.339622483288723
MFSNBRRNVLYDDK-UHFFFAOYSA-N__GHHINQZIBIKYTC-UHFFFAOYSA-N,7.906803224833429
GLMNDBWNMZYORV-UHFFFAOYSA-N__JHTLMWHYNDBBKA-UHFFFAOYSA-N,4.785111938872759
JSZPONCUKGXIHD-MHZLTWQESA-N__NIYSVYMABVCUAT-UHFFFAOYSA-N,4.568769337157262
JHTLMWHYNDBBKA-UHFFFAOYSA-N__GLMNDBWNMZYORV-UHFFFAOYSA-N,4.621224945005108
PYCMVOYLLFYCMM-UHFFFAOYSA-N__UBVHIUQORWCNCG-ONEGZZNKSA-N,3.004168058802068
JBDLRSSKGCXUJT-UHFFFAOYSA-N__JWLZKXFBWVYANA-UHFFFAOYSA-N,8.040361362311064
LMHNQPJPQYPVMG-UHFFFAOYSA-N__ZERWPBSFLUHNDA-UHFFFAOYSA-N,9.970982858456232
JWLZKXFBWVYANA-UHFFFAOYSA-N__JBDLRSSKGCXUJT-UHFFFAOYSA-N,4.19606147441412
GCIUJOBNZMWDMF-UHFFFAOYSA-N__GDSQQSZWUFEXSE-UHFFFAOYSA-N,8.981060344067016
GDSQQSZWUFEXSE-UHFFFAOYSA-N__GCIUJOBNZMWDMF-UHFFFAOYSA-N,6.80129834956323
ZERWPBSFLUHNDA-UHFFFAOYSA-N__LMHNQPJPQYPVMG-UHFFFAOYSA-N,5.095539664482437
SWRHPDVXIVMHKV-HNNXBMFYSA-N__FBNKGCMVLRJOHE-UHFFFAOYSA-N,8.326755326160653
AHQDYVPYDZAADJ-UHFFFAOYSA-N__ALTMYWLLXMXJCM-UHFFFAOYSA-N,5.429972303129761
ALTMYWLLXMXJCM-UHFFFAOYSA-N__AHQDYVPYDZAADJ-UHFFFAOYSA-N,7.254128103172806
YYAMJERUYNHTFK-UHFFFAOYSA-N__WINYBTWPKQYTLL-UHFFFAOYSA-N,9.975914587743404
QYESAQSFJUPWNE-UHFFFAOYSA-N__MRUJYKDCABHCCL-UHFFFAOYSA-N,5.457256587232537
WINYBTWPKQYTLL-UHFFFAOYSA-N__YYAMJERUYNHTFK-UHFFFAOYSA-N,6.273328499769639
CJUNXYGXBMTTQY-UHFFFAOYSA-N__WXNCVIXBCVBMNI-UHFFFAOYSA-N,13.881622013148736
WXNCVIXBCVBMNI-UHFFFAOYSA-N__CJUNXYGXBMTTQY-UHFFFAOYSA-N,3.1245884181236843
POWFRMDGKIZTEY-LRUWWLBVSA-N__LMLMRBUXONIGSV-UHFFFAOYSA-N,7.78507581162882
XXFHQTIHKSXGQR-QHCPKHFHSA-N__DZZYUDCWIDZMAF-UHFFFAOYSA-N,8.732660915359647
YJZNIZJOJWGEDE-UHFFFAOYSA-N__PMMKDQVCJXEDCU-UHFFFAOYSA-N,5.548642071428039
PMMKDQVCJXEDCU-UHFFFAOYSA-N__YJZNIZJOJWGEDE-UHFFFAOYSA-N,8.00405189251385
IPQMAJNGPQMDFW-UHFFFAOYSA-N__KHQGURPRWQZDRZ-UHFFFAOYSA-N,8.820723186259281
CGDBVVZBTQCBGD-UHFFFAOYSA-N__QKEMEAAMUKZVAR-UHFFFAOYSA-N,12.85218314160891
KHQGURPRWQZDRZ-UHFFFAOYSA-N__IPQMAJNGPQMDFW-UHFFFAOYSA-N,7.271641856478263
QKEMEAAMUKZVAR-UHFFFAOYSA-N__CGDBVVZBTQCBGD-UHFFFAOYSA-N,9.195780772544358
DOQYHLFMVQITEP-NVMNQCDNSA-N__ZPGJVIROJSRZPZ-UHFFFAOYSA-N,13.193543301367006
LJHUJYOEKWQFDO-UHFFFAOYSA-N__LYZQUFREMUJKPG-UHFFFAOYSA-N,8.992532779842966
LYZQUFREMUJKPG-UHFFFAOYSA-N__LJHUJYOEKWQFDO-UHFFFAOYSA-N,8.227161129062825
ZPGJVIROJSRZPZ-UHFFFAOYSA-N__DOQYHLFMVQITEP-NVMNQCDNSA-N,15.907761946263625
VBSYSLUOPPFQMO-UHFFFAOYSA-N__SSUZAJVJRVCRBO-UHFFFAOYSA-N,9.819104309136703
DQPUEJKHYXCQKU-UHFFFAOYSA-N__SNKAVRGHPUAULT-UHFFFAOYSA-N,1.9346136821123447
QNIBPEAMUKVDKX-QHHAFSJGSA-N__DDLJHFKFSHCBFH-UHFFFAOYSA-N,9.989961095020544
DDLJHFKFSHCBFH-UHFFFAOYSA-N__QNIBPEAMUKVDKX-QHHAFSJGSA-N,14.234347187487842
SDLISEHSQWOELD-UHFFFAOYSA-N__ZSUAWONRUSMTKQ-UHFFFAOYSA-N,4.200447859219266
NXIAJUKATBKQSQ-UHFFFAOYSA-N__RWIQUTTXNIBMEB-UHFFFAOYSA-N,3.785512666837121
RWIQUTTXNIBMEB-UHFFFAOYSA-N__NXIAJUKATBKQSQ-UHFFFAOYSA-N,5.995714375281506
ZSUAWONRUSMTKQ-UHFFFAOYSA-N__SDLISEHSQWOELD-UHFFFAOYSA-N,9.278639128380323
BJENCCAVAIAGOF-UHFFFAOYSA-N__NRWNOGRAAOMYFD-UHFFFAOYSA-N,2.7877531132717293
NRWNOGRAAOMYFD-UHFFFAOYSA-N__BJENCCAVAIAGOF-UHFFFAOYSA-N,8.450834804129132
GIOOIGGTNYRQQH-UHFFFAOYSA-N__IFCIHZDIDATREY-UHFFFAOYSA-N,4.512748277874193
IFCIHZDIDATREY-UHFFFAOYSA-N__GIOOIGGTNYRQQH-UHFFFAOYSA-N,9.03427401579258
LXIZSTNUVNWHHB-MELADBBJSA-N__KBZKXIFGOZBMQX-UHFFFAOYSA-N,9.253609251807752
KBZKXIFGOZBMQX-UHFFFAOYSA-N__LXIZSTNUVNWHHB-MELADBBJSA-N,5.058326671497717
XNOQAKVCSKVXJU-UHFFFAOYSA-N__PWPHJXJEDQDPGP-UHFFFAOYSA-N,13.062596059091945
WIBMMKSIVYCTRM-UHFFFAOYSA-N__KICYVNXXBRCCAR-UHFFFAOYSA-N,12.56778891637317
JABGGCSDFOFRJA-UHFFFAOYSA-N__JMHRKAPPDKPBDT-UHFFFAOYSA-N,10.469796030727982
UCLKMZAHVQNLRJ-IBGZPJMESA-N__LNLNCZCYISOBCV-UHFFFAOYSA-N,3.0841501881786506
CLMXXIMRAPFIOZ-UHFFFAOYSA-N__XKICWXPBTXEOPV-UHFFFAOYSA-N,0.3812156718483548
XKICWXPBTXEOPV-UHFFFAOYSA-N__CLMXXIMRAPFIOZ-UHFFFAOYSA-N,6.38094668316441
MYHKJXDQYXHWSJ-UHFFFAOYSA-N__VDBFWNBKYFINEU-UHFFFAOYSA-N,6.519435443024482
VDBFWNBKYFINEU-UHFFFAOYSA-N__MYHKJXDQYXHWSJ-UHFFFAOYSA-N,5.260234648439556
QNGWDMVIWHHSNX-UHFFFAOYSA-N__LKIZYDGGNNVTEB-UHFFFAOYSA-N,10.236825459954314
LKIZYDGGNNVTEB-UHFFFAOYSA-N__QNGWDMVIWHHSNX-UHFFFAOYSA-N,5.739355383901883
JIDGKDVKMGWLIC-UHFFFAOYSA-N__XRRCIJHEQLWYCK-UHFFFAOYSA-N,7.819224501585351
XRRCIJHEQLWYCK-UHFFFAOYSA-N__JIDGKDVKMGWLIC-UHFFFAOYSA-N,4.422250192126378
IBHMZDWYOXJTLT-UHFFFAOYSA-N__HTRODESYEPWWKX-UHFFFAOYSA-N,16.39969164361516
HTRODESYEPWWKX-UHFFFAOYSA-N__IBHMZDWYOXJTLT-UHFFFAOYSA-N,5.215622238869464
JDDCALMOLZRIFC-UHFFFAOYSA-N__AWIOAXGWNPTNFN-UHFFFAOYSA-N,5.656698386849466
INPUNUGLEGDPFB-UHFFFAOYSA-N__WRVNHTWCLVTSJM-UHFFFAOYSA-N,14.803103446692772
WRVNHTWCLVTSJM-UHFFFAOYSA-N__INPUNUGLEGDPFB-UHFFFAOYSA-N,14.218184356477732
ATPIIUUNWRHZLN-UHFFFAOYSA-N__NYGFPJNVKIGDQO-UHFFFAOYSA-N,14.921456736331766
GHJGGIHWNLOKCS-UHFFFAOYSA-N__CGWVVNYPDVFINP-UHFFFAOYSA-N,6.149471805497712
CGWVVNYPDVFINP-UHFFFAOYSA-N__GHJGGIHWNLOKCS-UHFFFAOYSA-N,12.645273420801946
AHFUWIZVQBFJJK-ZHACJKMWSA-N__GGLYXSROFWLMIH-ADSMNUKGSA-N,9.893475301002836
GGLYXSROFWLMIH-ADSMNUKGSA-N__AHFUWIZVQBFJJK-ZHACJKMWSA-N,15.515042956739196
DPOVHBFAZYEKQM-UHFFFAOYSA-N__VQWQSTGVJDBHFF-UHFFFAOYSA-N,8.617155458318676
VQWQSTGVJDBHFF-UHFFFAOYSA-N__DPOVHBFAZYEKQM-UHFFFAOYSA-N,9.954945829708738
MNLZGFHCFGWITO-UHFFFAOYSA-N__QUFWPEBJUUOCMG-UHFFFAOYSA-N,3.315764732096877
QUFWPEBJUUOCMG-UHFFFAOYSA-N__MNLZGFHCFGWITO-UHFFFAOYSA-N,13.131346842978283
VSIZLMBNUUQDGL-UHFFFAOYSA-N__XHAGHZYHCYTHLG-UHFFFAOYSA-N,1.4648718932758626
FIYHZGFJEOQFEM-SFHVURJKSA-N__ZZRMGJDQGMVPAW-UHFFFAOYSA-N,4.135423039440123
XHAGHZYHCYTHLG-UHFFFAOYSA-N__VSIZLMBNUUQDGL-UHFFFAOYSA-N,10.30105814001183
ZZRMGJDQGMVPAW-UHFFFAOYSA-N__FIYHZGFJEOQFEM-SFHVURJKSA-N,1.6736964891443915
RWDDJUXOKAUJQK-UHFFFAOYSA-N__PPVPIPDBDKUHPZ-UHFFFAOYSA-N,2.504792432751101
YCLVIXVRCXZJIL-VOTSOKGWSA-N__RIQKCLCVGLFAOB-UHFFFAOYSA-N,4.91343600227044
CDRNIUKSKRBYMP-UHFFFAOYSA-N__OBGFYWOIAGVHGY-UHFFFAOYSA-N,2.7102441844578222
OBGFYWOIAGVHGY-UHFFFAOYSA-N__CDRNIUKSKRBYMP-UHFFFAOYSA-N,2.8699162212175096
CGQCKZDJTHOFJY-UHFFFAOYSA-N__GNDJFDHUFAMTEK-UHFFFAOYSA-N,5.4604645405417545
GNDJFDHUFAMTEK-UHFFFAOYSA-N__CGQCKZDJTHOFJY-UHFFFAOYSA-N,5.919904548371934
CYNJGKVNLUADCR-UHFFFAOYSA-N__NCYZDHACMAQSIO-UHFFFAOYSA-N,6.625426244821937
NCYZDHACMAQSIO-UHFFFAOYSA-N__CYNJGKVNLUADCR-UHFFFAOYSA-N,3.1150975945761714
CIDRYPHSDRCGMK-UHFFFAOYSA-N__DMYOBLAHECIDFH-UHFFFAOYSA-N,10.057468354121744
XEPIORKIFKJATD-UHFFFAOYSA-N__JIBJRIUIIPXXGN-UHFFFAOYSA-N,6.0709228063533525
YYQNVZPWVDNYIA-UHFFFAOYSA-N__DOHDNBPLWVGKEZ-UHFFFAOYSA-N,13.854430517282788
RJTFNOSQARGMLM-UHFFFAOYSA-N__SLKDAKFMOIKDQV-UHFFFAOYSA-N,9.742936759666849
DOHDNBPLWVGKEZ-UHFFFAOYSA-N__YYQNVZPWVDNYIA-UHFFFAOYSA-N,9.118789126793503
JCSJOBGDYJXTQN-UHFFFAOYSA-N__SYAIVFMYKWIAGK-UHFFFAOYSA-N,4.305848922706423
UYQUIVNHTRFGKW-UHFFFAOYSA-N__QVZJKUGRRBTCQO-XUHHNZALSA-N,6.921815990658367
QVZJKUGRRBTCQO-XUHHNZALSA-N__UYQUIVNHTRFGKW-UHFFFAOYSA-N,2.363690178145949
RENAOZRIJDDXGF-UHFFFAOYSA-N__RMQSUJHZUJFZBG-UHFFFAOYSA-N,14.88477398517124
RMQSUJHZUJFZBG-UHFFFAOYSA-N__RENAOZRIJDDXGF-UHFFFAOYSA-N,12.042830670855054
NXTUATLTPHVECY-UHFFFAOYSA-N__NWPJULYAPNFGIK-UHFFFAOYSA-N,8.657059149229314
NWPJULYAPNFGIK-UHFFFAOYSA-N__NXTUATLTPHVECY-UHFFFAOYSA-N,4.166669645411564
MJMGRDKAUPHZQX-UHFFFAOYSA-N__UYTHMYPKTOWQEG-UHFFFAOYSA-N,8.52253660880385
UYTHMYPKTOWQEG-UHFFFAOYSA-N__MJMGRDKAUPHZQX-UHFFFAOYSA-N,10.857725263196958
YBBMSZYOWPXMPT-UHFFFAOYSA-N__GREBIZKXZUNYII-UHFFFAOYSA-N,0.1893035851154805
GREBIZKXZUNYII-UHFFFAOYSA-N__YBBMSZYOWPXMPT-UHFFFAOYSA-N,0.4493026349216126
BAGLAGMZTYIUOV-UHFFFAOYSA-N__ZUFVTIKVHPMPJL-UHFFFAOYSA-N,6.195392488001329
ZUFVTIKVHPMPJL-UHFFFAOYSA-N__BAGLAGMZTYIUOV-UHFFFAOYSA-N,7.166680091134335
SDBCRPDSVDJTNU-UHFFFAOYSA-N__KIGXIYJHUBDHPW-UHFFFAOYSA-N,7.709755797697004
KIGXIYJHUBDHPW-UHFFFAOYSA-N__SDBCRPDSVDJTNU-UHFFFAOYSA-N,8.4196045157997
YJURXDOMUKMZAW-UHFFFAOYSA-N__KYYVFDHGBJUFPV-UHFFFAOYSA-N,11.441507108531392
KYYVFDHGBJUFPV-UHFFFAOYSA-N__YJURXDOMUKMZAW-UHFFFAOYSA-N,8.969144578178145
WZFREDPRWHJTPU-UHFFFAOYSA-N__DMQSWMRWBJCGFH-UHFFFAOYSA-N,-4.716089103470982
RKMVOKWKKGVQRB-UHFFFAOYSA-N__SSVMEIZADFTJPV-UHFFFAOYSA-N,8.03438838951425
QYJMZNKHTMUIOX-UHFFFAOYSA-N__OCADRWYFDICNCS-UHFFFAOYSA-N,11.846703393377132
PCSLNEQKFOEKOP-UHFFFAOYSA-N__IQOXQMIBAIPBEG-UHFFFAOYSA-N,14.89791805597651
OCADRWYFDICNCS-UHFFFAOYSA-N__QYJMZNKHTMUIOX-UHFFFAOYSA-N,15.49384016532886
IQOXQMIBAIPBEG-UHFFFAOYSA-N__PCSLNEQKFOEKOP-UHFFFAOYSA-N,8.05188571431601
IHANCTNEOLISLN-UHFFFAOYSA-N__MNSCQKAPNGXYEA-UHFFFAOYSA-N,5.554119272181665
MNSCQKAPNGXYEA-UHFFFAOYSA-N__IHANCTNEOLISLN-UHFFFAOYSA-N,7.980048000345418
LKECBQPCTNPTLI-UHFFFAOYSA-N__MLTVMCMIOPPOQA-UHFFFAOYSA-N,8.49986760350809
MLTVMCMIOPPOQA-UHFFFAOYSA-N__LKECBQPCTNPTLI-UHFFFAOYSA-N,9.317044201547072
RFRVHBNAXMYDEM-UHFFFAOYSA-N__UQGHFLCBXDQTES-UHFFFAOYSA-N,6.386857165995517
UQGHFLCBXDQTES-UHFFFAOYSA-N__RFRVHBNAXMYDEM-UHFFFAOYSA-N,6.706099337220248
IIGQLEXMNTXCHC-UHFFFAOYSA-N__PQBQIPBSSNUHQH-UHFFFAOYSA-N,5.659552207690807
PQBQIPBSSNUHQH-UHFFFAOYSA-N__IIGQLEXMNTXCHC-UHFFFAOYSA-N,9.369301796579778
AXOYSRJGESIEIO-UHFFFAOYSA-N__AJCWGZXCIUPLTN-UHFFFAOYSA-N,7.240055186130365
VVCMNPFOKROOIW-UHFFFAOYSA-N__CNYCMZQIQFWKAR-HWYAHNCWSA-N,7.423582585721738
CNYCMZQIQFWKAR-HWYAHNCWSA-N__VVCMNPFOKROOIW-UHFFFAOYSA-N,13.209730781481882
AJCWGZXCIUPLTN-UHFFFAOYSA-N__AXOYSRJGESIEIO-UHFFFAOYSA-N,7.39300480317923
BWKVIZGKBIZQAM-UHFFFAOYSA-N__RSVSSRGFBZSGBY-UHFFFAOYSA-N,6.688492243081671
RUCRVEVYROEKBX-UHFFFAOYSA-N__TVSBRLLHIJNXMC-UHFFFAOYSA-N,5.621856797144622
RSVSSRGFBZSGBY-UHFFFAOYSA-N__BWKVIZGKBIZQAM-UHFFFAOYSA-N,9.71752633586733
TVSBRLLHIJNXMC-UHFFFAOYSA-N__RUCRVEVYROEKBX-UHFFFAOYSA-N,1.882941615784724
JVBQEJLMYMNVTF-UHFFFAOYSA-N__KUKQLASKCMXGGS-UHFFFAOYSA-N,2.780873193416196
KUKQLASKCMXGGS-UHFFFAOYSA-N__JVBQEJLMYMNVTF-UHFFFAOYSA-N,1.3075625967469815
CNHCNBVDYPICKB-UHFFFAOYSA-N__MHFWQXWNMNZUGM-UHFFFAOYSA-N,1.8636082038393955
MHFWQXWNMNZUGM-UHFFFAOYSA-N__CNHCNBVDYPICKB-UHFFFAOYSA-N,5.854781543589003
RQBYVRCINHVSTL-UHFFFAOYSA-N__KWFDTKCQBSLXBX-UHFFFAOYSA-N,4.336966843226622
QHHNZZIOJJJCTD-CYBMUJFWSA-N__CCFZNLYFOLJJLT-UHFFFAOYSA-N,12.73976771257292
CCFZNLYFOLJJLT-UHFFFAOYSA-N__QHHNZZIOJJJCTD-CYBMUJFWSA-N,13.12388370938664
SVOANPXFGNXLRQ-UHFFFAOYSA-N__DJHBVVJNCJANBX-UHFFFAOYSA-N,8.53546288347577
DJHBVVJNCJANBX-UHFFFAOYSA-N__SVOANPXFGNXLRQ-UHFFFAOYSA-N,6.280711888637004
MJBLQQVLMZVZOS-UHFFFAOYSA-N__WGTZRACDUKHLJD-UHFFFAOYSA-N,8.35256191484529
SEBRDHWJEHUYJV-UHFFFAOYSA-N__HRGFRZJLKCQSOL-UHFFFAOYSA-N,8.700285672553866
HRGFRZJLKCQSOL-UHFFFAOYSA-N__SEBRDHWJEHUYJV-UHFFFAOYSA-N,7.327342403705565
BDOMAZZQZFGBKN-UHFFFAOYSA-N__SAPFFGCIOVFLPF-UHFFFAOYSA-N,10.206922318439812
SAPFFGCIOVFLPF-UHFFFAOYSA-N__BDOMAZZQZFGBKN-UHFFFAOYSA-N,5.780006226375937
PQOHXSHLOXCADJ-UHFFFAOYSA-N__QTMPOCSHALEUFX-UKTKCZHSSA-N,6.121983264869486
CWNKOCKBSAKJGF-UHFFFAOYSA-N__XIKWGNXIHJCTLV-UHFFFAOYSA-N,5.487062283177873
VCHXSNRQGVTBMY-UHFFFAOYSA-N__OESTVLSSUNMTFP-UHFFFAOYSA-N,12.713135830101296
XIKWGNXIHJCTLV-UHFFFAOYSA-N__CWNKOCKBSAKJGF-UHFFFAOYSA-N,7.220972565082491
BWLFHHNWKBWHLQ-UHFFFAOYSA-N__CXFAAFDGWVXLKW-UHFFFAOYSA-N,13.504064043785489
DYXADYQQYUQWLG-UHFFFAOYSA-N__KWMCIGHNBMTOFT-UHFFFAOYSA-N,5.472194650056655
KWMCIGHNBMTOFT-UHFFFAOYSA-N__DYXADYQQYUQWLG-UHFFFAOYSA-N,3.3505989049835603
LKBUIMDWAPDRJE-LRGWBYFTSA-N__CONWMPMXIHFLBY-UHFFFAOYSA-N,9.492913056200338
CMCVULZYDVYHHA-UHFFFAOYSA-N__VOLGHJUUHMACQT-UHFFFAOYSA-N,7.124396669048042
VOLGHJUUHMACQT-UHFFFAOYSA-N__CMCVULZYDVYHHA-UHFFFAOYSA-N,5.703591762814758
GNPPRXBOBKZACL-UHFFFAOYSA-N__HKKJLXAXBKCPPE-UHFFFAOYSA-N,20.394312987898893
HKKJLXAXBKCPPE-UHFFFAOYSA-N__GNPPRXBOBKZACL-UHFFFAOYSA-N,14.024816083420417
UCWVXCBZZYBRAB-UHFFFAOYSA-N__XDHQWFXIMSUNKT-UHFFFAOYSA-N,18.54463367750095
XDHQWFXIMSUNKT-UHFFFAOYSA-N__UCWVXCBZZYBRAB-UHFFFAOYSA-N,14.13856631436365
LGLWWDOZUOOWCO-UHFFFAOYSA-N__IXWNWDFCBVFPFE-UHFFFAOYSA-N,6.001002659157557
RFJXDXZCQJUSGA-UHFFFAOYSA-N__HJLJXWLDUCHEML-UHFFFAOYSA-N,5.018856581766447
HDHGTALTCQIFOI-UHFFFAOYSA-N__WUIAGSOZNZTUNP-TXEJJXNPSA-N,15.544055622930456
HJLJXWLDUCHEML-UHFFFAOYSA-N__RFJXDXZCQJUSGA-UHFFFAOYSA-N,7.221263166740367
MRHPRYRNXHRKAE-UHFFFAOYSA-N__IQGGMUDPFCUYKI-UHFFFAOYSA-N,5.00059791225159
WUIAGSOZNZTUNP-TXEJJXNPSA-N__HDHGTALTCQIFOI-UHFFFAOYSA-N,10.871819213712197
QOCUSJPHQSKJJR-UHFFFAOYSA-N__DSJLVHWLNGTWNZ-UHFFFAOYSA-N,-2.605065564805516
DSJLVHWLNGTWNZ-UHFFFAOYSA-N__QOCUSJPHQSKJJR-UHFFFAOYSA-N,5.216137936339283
NFPMECRFMDYGIR-UHFFFAOYSA-N__SRSRYEWDFOZWEB-HYBUGGRVSA-N,13.60562344708002
AKHJLBRJLLZZJC-UHFFFAOYSA-N__DSXFCTIGVGVYCP-UHFFFAOYSA-N,2.140860766414388
DSXFCTIGVGVYCP-UHFFFAOYSA-N__AKHJLBRJLLZZJC-UHFFFAOYSA-N,8.198638578543106
SRSRYEWDFOZWEB-HYBUGGRVSA-N__NFPMECRFMDYGIR-UHFFFAOYSA-N,6.306496214668093
PAAPEGSKFAKJKO-UHFFFAOYSA-N__RWOHECKURLEDMA-UHFFFAOYSA-N,7.62039371587801
RWOHECKURLEDMA-UHFFFAOYSA-N__PAAPEGSKFAKJKO-UHFFFAOYSA-N,6.355763442929283
ZCMYODVASFKNHE-UHFFFAOYSA-N__RTHKZVDLNDFOIF-UHFFFAOYSA-N,11.123429521150436
FVGCIDKFKNWPPW-UHFFFAOYSA-N__NSOYAFVAQPZIJV-UHFFFAOYSA-N,1.4673370721321832
RZVSGCWXXXCIFD-UHFFFAOYSA-N__HDGPVRHVSOCGSH-UHFFFAOYSA-N,5.043017597834711
QHQYUMKMNYVNJA-UHFFFAOYSA-N__YNLAFFXZYFRUOK-UHFFFAOYSA-N,6.220958283743575
HDGPVRHVSOCGSH-UHFFFAOYSA-N__RZVSGCWXXXCIFD-UHFFFAOYSA-N,6.587942722565481
YNLAFFXZYFRUOK-UHFFFAOYSA-N__QHQYUMKMNYVNJA-UHFFFAOYSA-N,-0.7496037055367027
NRRGLLKAELOYJV-UHFFFAOYSA-N__GWCOQJNRJDGYDG-UHFFFAOYSA-N,7.477056091277023
GWCOQJNRJDGYDG-UHFFFAOYSA-N__NRRGLLKAELOYJV-UHFFFAOYSA-N,11.461706955578409
VRLSBUBAIGVSEZ-UHFFFAOYSA-N__KVWRABFKMYXYFP-UHFFFAOYSA-N,6.100872922547672
KVWRABFKMYXYFP-UHFFFAOYSA-N__VRLSBUBAIGVSEZ-UHFFFAOYSA-N,5.65155470271275
NONYRQLIJKJBGX-UHFFFAOYSA-N__BXUOMJVSQVEGHT-UHFFFAOYSA-N,6.571865881131394
BXUOMJVSQVEGHT-UHFFFAOYSA-N__NONYRQLIJKJBGX-UHFFFAOYSA-N,12.855809378707564
XDOKAJINBHWZRO-UHFFFAOYSA-N__MELCUBPAYMNXNV-KRWDZBQOSA-N,9.652923251214572
MELCUBPAYMNXNV-KRWDZBQOSA-N__XDOKAJINBHWZRO-UHFFFAOYSA-N,3.5906793062034703
FOSOCDXFEAYSDR-UHFFFAOYSA-N__WWEWYJHKOSDIQQ-UHFFFAOYSA-N,10.717129859955223
WWEWYJHKOSDIQQ-UHFFFAOYSA-N__FOSOCDXFEAYSDR-UHFFFAOYSA-N,6.495600510418208
HFGXERVZBCMZMJ-UHFFFAOYSA-N__ZUAMQMVRIHCWES-UHFFFAOYSA-N,5.904046931432025
LEDLCYGKODJZFE-UHFFFAOYSA-N__RHHYCTUECPSRLM-UHFFFAOYSA-N,7.170966922000728
RHHYCTUECPSRLM-UHFFFAOYSA-N__LEDLCYGKODJZFE-UHFFFAOYSA-N,5.491305712620719
ZPXFVEFWWCZQNF-UHFFFAOYSA-N__AJAFTVKMPYGLAO-UHFFFAOYSA-N,7.33644107614606
ZUAMQMVRIHCWES-UHFFFAOYSA-N__HFGXERVZBCMZMJ-UHFFFAOYSA-N,8.320177470448044
AJAFTVKMPYGLAO-UHFFFAOYSA-N__ZPXFVEFWWCZQNF-UHFFFAOYSA-N,3.284417136192524
YQPMLUAVNILZKO-UHFFFAOYSA-N__YLEDGIQUMYQYGG-UHFFFAOYSA-N,13.834977027575784
JBCMRZAMPZKYLM-UHFFFAOYSA-N__GASDTCJNEQYQDB-UHFFFAOYSA-N,9.859124533373937
GASDTCJNEQYQDB-UHFFFAOYSA-N__JBCMRZAMPZKYLM-UHFFFAOYSA-N,3.2600471292197377
GUZIELMPMJDNKI-UHFFFAOYSA-N__MEATWKWSNSDEFL-UHFFFAOYSA-N,9.15222664051786
MEATWKWSNSDEFL-UHFFFAOYSA-N__GUZIELMPMJDNKI-UHFFFAOYSA-N,8.811258931136269
JBUTYFXPMSRJGM-UHFFFAOYSA-N__GWSKLKFAUYVKSJ-UHFFFAOYSA-N,3.906866717065953
GWSKLKFAUYVKSJ-UHFFFAOYSA-N__JBUTYFXPMSRJGM-UHFFFAOYSA-N,0.520003580845273
UYRNVFAOBLKLHS-UHFFFAOYSA-N__GSMIRWKZCYBFMW-UHFFFAOYSA-N,9.593807293217536
IDBIQXDNDDCGHB-UHFFFAOYSA-N__UDPNUKMTLFJBIC-UHFFFAOYSA-N,2.337642282945372
UDPNUKMTLFJBIC-UHFFFAOYSA-N__IDBIQXDNDDCGHB-UHFFFAOYSA-N,10.912996083696816
BCHGKEDTMSEVKZ-UHFFFAOYSA-N__MYRBSVRXUYEZPM-UHFFFAOYSA-N,5.333418322610523
MYRBSVRXUYEZPM-UHFFFAOYSA-N__BCHGKEDTMSEVKZ-UHFFFAOYSA-N,5.5049733457977945
JUDVJAOTEMUMQF-UHFFFAOYSA-N__YPBJKPRJFGQTSI-UHFFFAOYSA-N,8.978207391142856
HSLFSPCTPWGLIT-UHFFFAOYSA-N__RZIUJMGSZAUUFZ-UHFFFAOYSA-N,1.310969164406575
RZIUJMGSZAUUFZ-UHFFFAOYSA-N__HSLFSPCTPWGLIT-UHFFFAOYSA-N,4.330613097413129
HNEQRUBQZIMLQY-DAFODLJHSA-N__UTUHXBSXEGVFBS-UHFFFAOYSA-N,5.453079140611974
UTUHXBSXEGVFBS-UHFFFAOYSA-N__HNEQRUBQZIMLQY-DAFODLJHSA-N,8.298729551859878
JVZBMFSOBSRTFT-UHFFFAOYSA-N__DHFRSTCPYRRWCN-UHFFFAOYSA-N,6.196930908729628
MNYOBCBZESZCBI-UHFFFAOYSA-N__KZCHICDIFMSKTN-UHFFFAOYSA-N,16.3161038084535
KZCHICDIFMSKTN-UHFFFAOYSA-N__MNYOBCBZESZCBI-UHFFFAOYSA-N,11.32058022957535
QMWFPQYDILMNAQ-UHFFFAOYSA-N__PIQVIGIIQHOLMX-UHFFFAOYSA-N,7.947707996931898
DPMDOPDTQJSHSX-UHFFFAOYSA-N__QOJAIPZBZNOLPA-UHFFFAOYSA-N,4.239399676550359
QOJAIPZBZNOLPA-UHFFFAOYSA-N__DPMDOPDTQJSHSX-UHFFFAOYSA-N,6.041720457810956
IFIXCSIDUJEYOW-UHFFFAOYSA-N__WNESRHPOMYTGRC-UHFFFAOYSA-N,4.805722324800376
WNESRHPOMYTGRC-UHFFFAOYSA-N__IFIXCSIDUJEYOW-UHFFFAOYSA-N,6.187385659155788
MNZQODMUTYJYGO-UHFFFAOYSA-N__YBXHFWJSWQAENQ-UHFFFAOYSA-N,7.422394633104419
YBXHFWJSWQAENQ-UHFFFAOYSA-N__MNZQODMUTYJYGO-UHFFFAOYSA-N,10.10495605075179
ONIDJBOCWBDYBC-UHFFFAOYSA-N__PVEPEKSXYIHXGL-UHFFFAOYSA-N,4.258676903592316
PVEPEKSXYIHXGL-UHFFFAOYSA-N__ONIDJBOCWBDYBC-UHFFFAOYSA-N,4.482438942700817
ALWDDHYTVXZWMH-UHFFFAOYSA-N__HFDBSMKZNZGGGZ-UHFFFAOYSA-N,6.251227002304772
HFDBSMKZNZGGGZ-UHFFFAOYSA-N__ALWDDHYTVXZWMH-UHFFFAOYSA-N,3.771692415709993
KWUPUNJBVSTOTB-UHFFFAOYSA-N__JVRXPWBYXIGUJV-VOTSOKGWSA-N,6.129280427170786
VRNZGRYEZBFTEL-UHFFFAOYSA-N__PRBWYXUBXHKRNT-UHFFFAOYSA-N,9.738965699129173
YEYULIUULXRVRA-UHFFFAOYSA-N__AMIAYJANCJPAQD-UHFFFAOYSA-N,5.332957757357413
OGVXOBJOPFDWIY-UHFFFAOYSA-N__QEXXCZLXKVEANV-UHFFFAOYSA-N,4.208123678106289
QEXXCZLXKVEANV-UHFFFAOYSA-N__OGVXOBJOPFDWIY-UHFFFAOYSA-N,10.422724458866696
AMIAYJANCJPAQD-UHFFFAOYSA-N__YEYULIUULXRVRA-UHFFFAOYSA-N,13.122531488853838
HXUPWEPRBZFFJA-ZETCQYMHSA-N__PVYXOIZNPOTUFE-UHFFFAOYSA-N,17.411865674661524
PVYXOIZNPOTUFE-UHFFFAOYSA-N__HXUPWEPRBZFFJA-ZETCQYMHSA-N,8.58065065950086
CLXLHRPEXYUQIC-UHFFFAOYSA-N__ADEYWPGYARPRGH-UHFFFAOYSA-N,3.85431063485625
ADEYWPGYARPRGH-UHFFFAOYSA-N__CLXLHRPEXYUQIC-UHFFFAOYSA-N,3.625771670040969
ACLJTFSOUPNWJP-UHFFFAOYSA-N__LISBROQBHTXNCV-UHFFFAOYSA-N,8.691297957111312
QKOHYJGXNPQMPW-UHFFFAOYSA-N__VTAJTNXBLOCWJR-UHFFFAOYSA-N,5.63702785007457
HKBSHWULWPZCHS-UHFFFAOYSA-N__WOOCNZBPCWQXOR-UHFFFAOYSA-N,9.619227918575245
VGZISVFFOGZZQL-UHFFFAOYSA-N__KXZVHLHHYPYWQD-UHFFFAOYSA-N,6.701934585190407
IKBVYVXNYLXIPC-UHFFFAOYSA-N__MYQMCSVAPIHWPR-UHFFFAOYSA-N,0.918886162990912
HXTWKHXDFATMSP-UHFFFAOYSA-N__SRROXBZCZUIPKD-UHFFFAOYSA-N,1.1855166898256568
SRROXBZCZUIPKD-UHFFFAOYSA-N__HXTWKHXDFATMSP-UHFFFAOYSA-N,11.35201922922954
SOAMWAHKUJUYEU-UHFFFAOYSA-N__ZNCPSVYAUSUVEE-UHFFFAOYSA-N,5.409865896363224
ZNCPSVYAUSUVEE-UHFFFAOYSA-N__SOAMWAHKUJUYEU-UHFFFAOYSA-N,5.066631266277226
XQWHOFSWUKENFK-UHFFFAOYSA-N__OPUDYTDMCXRQJT-UHFFFAOYSA-N,14.13231776359389
OPUDYTDMCXRQJT-UHFFFAOYSA-N__XQWHOFSWUKENFK-UHFFFAOYSA-N,7.289052225195538
IQSHGECDDHZYJT-UHFFFAOYSA-N__OGXZXBMHIPXAKG-UHFFFAOYSA-N,2.739126728846984
OGXZXBMHIPXAKG-UHFFFAOYSA-N__IQSHGECDDHZYJT-UHFFFAOYSA-N,10.790248684889638
FEKCKLHQLUVTER-UHFFFAOYSA-N__YFQMLFWHVXRQGF-UHFFFAOYSA-N,8.135099748690964
GZVXIIRMLOKBHF-UHFFFAOYSA-N__HBJMYMFXDQSEIP-UHFFFAOYSA-N,6.926513512144624
YFQMLFWHVXRQGF-UHFFFAOYSA-N__FEKCKLHQLUVTER-UHFFFAOYSA-N,13.505203953484305
OZXIELFFAREKGC-UHFFFAOYSA-N__CMKAWYMYMUMNPT-UHFFFAOYSA-N,-2.993656698839185
CMKAWYMYMUMNPT-UHFFFAOYSA-N__OZXIELFFAREKGC-UHFFFAOYSA-N,9.073660800170405
HBJMYMFXDQSEIP-UHFFFAOYSA-N__GZVXIIRMLOKBHF-UHFFFAOYSA-N,5.447132456731233
BJDHWPXMEPNUIC-UHFFFAOYSA-N__HYOBEOCPTHWOML-UHFFFAOYSA-N,6.344222937006636
HYOBEOCPTHWOML-UHFFFAOYSA-N__BJDHWPXMEPNUIC-UHFFFAOYSA-N,8.405319044298649
SZWQZJDAZISBQS-UHFFFAOYSA-N__HOGMFECDOWMFBT-UHFFFAOYSA-N,2.94680566447682
HOGMFECDOWMFBT-UHFFFAOYSA-N__SZWQZJDAZISBQS-UHFFFAOYSA-N,-0.924244121797236
MAVNDOJBVAQHCR-UHFFFAOYSA-N__VHBOIZGJICHRAA-UHFFFAOYSA-N,3.1766708076723966
NJKWZSYIJYLNDO-UHFFFAOYSA-N__URGSRYJANOBLBB-UHFFFAOYSA-N,10.636831371127773
VHBOIZGJICHRAA-UHFFFAOYSA-N__MAVNDOJBVAQHCR-UHFFFAOYSA-N,6.075367058748253
NVCSPMZWJJGFTD-UHFFFAOYSA-N__DHRAWOAPCPNHKM-UHFFFAOYSA-N,7.631292521390022
DHRAWOAPCPNHKM-UHFFFAOYSA-N__NVCSPMZWJJGFTD-UHFFFAOYSA-N,9.96236122550121
JSKSCUSGAWSPBW-UHFFFAOYSA-N__IHMHRUWUCGQCFE-UHFFFAOYSA-N,7.58959068899458
URGSRYJANOBLBB-UHFFFAOYSA-N__NJKWZSYIJYLNDO-UHFFFAOYSA-N,11.52864917662455
XXBAIVMBBTZDSG-UHFFFAOYSA-N__MEECLAURYAYFLE-UHFFFAOYSA-N,5.269106734213821
KGWFMEOBDAQZBG-UHFFFAOYSA-N__HVOWJUFCVHBXLB-FQEVSTJZSA-N,11.314244295753792
MEECLAURYAYFLE-UHFFFAOYSA-N__XXBAIVMBBTZDSG-UHFFFAOYSA-N,4.203908706873092
OKFBPFMYCMZMHT-UHFFFAOYSA-N__CXMYKHNMLPIEHF-UHFFFAOYSA-N,8.30908417251454
CONAIKDMSHPZSE-UHFFFAOYSA-N__YCPLORPHEGSRNJ-PGRDOPGGSA-N,7.140580612147149
JHTLMWHYNDBBKA-UHFFFAOYSA-N__AQKFISJDDLZHMJ-UHFFFAOYSA-N,8.393460854934096
DTQMJAWZJOVZNT-UHFFFAOYSA-N__FQRJAKWLBXAANX-UHFFFAOYSA-N,8.91675371241482
PSTGIBLLFFOZOP-UHFFFAOYSA-N__MPYXUBAQHSWCEK-UHFFFAOYSA-N,3.053599505397743
MPYXUBAQHSWCEK-UHFFFAOYSA-N__PSTGIBLLFFOZOP-UHFFFAOYSA-N,1.6423272926890182
LRKPOPZSPFLMRT-UHFFFAOYSA-N__PEWLNKYZUSKOJA-UHFFFAOYSA-N,5.37464374509218
OTDOQRYPYDPPNO-UHFFFAOYSA-N__ZFXVFSSBPQWKNG-UHFFFAOYSA-N,0.0191697436389101
FRSZOTOTFRQGHW-UHFFFAOYSA-N__TZLWQZBDTCNNLM-UHFFFAOYSA-N,12.231437929354746
TZLWQZBDTCNNLM-UHFFFAOYSA-N__FRSZOTOTFRQGHW-UHFFFAOYSA-N,15.71591323203825
ZFXVFSSBPQWKNG-UHFFFAOYSA-N__OTDOQRYPYDPPNO-UHFFFAOYSA-N,5.550064779163434
DRYBGKILXZPPQT-UHFFFAOYSA-N__MLLAPVMZOJTGEV-JXMROGBWSA-N,7.965357393650659
MLLAPVMZOJTGEV-JXMROGBWSA-N__DRYBGKILXZPPQT-UHFFFAOYSA-N,7.848631496951973
BPPUFDCUIVZTPD-UHFFFAOYSA-N__CFMSSLUEBCLOHA-UHFFFAOYSA-N,8.014023023755112
TYVMRQWWYBPVRT-UHFFFAOYSA-N__CDIVCYBGFDDCGF-UHFFFAOYSA-N,8.028477401599003
CFMSSLUEBCLOHA-UHFFFAOYSA-N__BPPUFDCUIVZTPD-UHFFFAOYSA-N,1.696316178110366
GVRUXLDJQNIQMQ-UHFFFAOYSA-N__YWCMCWVUJZISRZ-UHFFFAOYSA-N,5.3470276252753886
RIUPTQUYAUQPDW-UHFFFAOYSA-N__MMZONMVDOQIGPR-UHFFFAOYSA-N,3.189357995630365
MMZONMVDOQIGPR-UHFFFAOYSA-N__RIUPTQUYAUQPDW-UHFFFAOYSA-N,5.123781768817106
YWCMCWVUJZISRZ-UHFFFAOYSA-N__GVRUXLDJQNIQMQ-UHFFFAOYSA-N,5.02631267663964
JNVKKMPOTPNSOB-UHFFFAOYSA-N__UBXJMPLEYKQPOB-UHFFFAOYSA-N,8.252301794129279
UBXJMPLEYKQPOB-UHFFFAOYSA-N__JNVKKMPOTPNSOB-UHFFFAOYSA-N,7.284800359706126
YIMIAVQBZGATQC-UHFFFAOYSA-N__DWRRJARQPULKLT-UHFFFAOYSA-N,3.142327988484114
DWRRJARQPULKLT-UHFFFAOYSA-N__YIMIAVQBZGATQC-UHFFFAOYSA-N,7.040721941436792
SDHHKHNDXVKPCO-UHFFFAOYSA-N__XJCCQMWFBZSHBH-UHFFFAOYSA-N,6.646705816726172
JVBKAKMIYBYBOI-UHFFFAOYSA-N__XBRDLRCIIZMXJI-UHFFFAOYSA-N,10.421444073640297
XJCCQMWFBZSHBH-UHFFFAOYSA-N__SDHHKHNDXVKPCO-UHFFFAOYSA-N,7.143041948083634
MCZVARYOUVLPLJ-UHFFFAOYSA-N__YTFMXEQSNJRNML-UHFFFAOYSA-N,7.690243012681475
HVKSXEYAEAATJI-UHFFFAOYSA-N__PKFXLQNZOZPYSP-UHFFFAOYSA-N,3.849776229008778
PKFXLQNZOZPYSP-UHFFFAOYSA-N__HVKSXEYAEAATJI-UHFFFAOYSA-N,5.61950027815216
XBRDLRCIIZMXJI-UHFFFAOYSA-N__JVBKAKMIYBYBOI-UHFFFAOYSA-N,15.65901919167744
YTFMXEQSNJRNML-UHFFFAOYSA-N__MCZVARYOUVLPLJ-UHFFFAOYSA-N,6.809460566830938
HLPHWWYYIVZEMZ-UHFFFAOYSA-N__WGOXGKJAVADITM-UHFFFAOYSA-N,4.5280997829566445
GUZOEHBTGHHQDN-UHFFFAOYSA-N__HKDZUXXKVJBTOE-UHFFFAOYSA-N,1.602589548313894
HKDZUXXKVJBTOE-UHFFFAOYSA-N__GUZOEHBTGHHQDN-UHFFFAOYSA-N,4.465434476862337
FJHKAUNAIQWLJQ-UHFFFAOYSA-N__YQZQRPNWRDMVFU-UHFFFAOYSA-N,6.969432294337469
YQZQRPNWRDMVFU-UHFFFAOYSA-N__FJHKAUNAIQWLJQ-UHFFFAOYSA-N,9.685784664471118
AJSJXZXNIFCBLZ-FKWGRNQDSA-N__JFGBPQSYUDXNOS-UHFFFAOYSA-N,5.61928595425825
JFGBPQSYUDXNOS-UHFFFAOYSA-N__AJSJXZXNIFCBLZ-FKWGRNQDSA-N,10.045161198319043
JMWLLQHLQMADHR-UHFFFAOYSA-N__JXZQQLVSCFSKET-UHFFFAOYSA-N,9.48869724009264
JXZQQLVSCFSKET-UHFFFAOYSA-N__JMWLLQHLQMADHR-UHFFFAOYSA-N,6.8569980454954695
DMNNQIJOJBROIV-UHFFFAOYSA-N__ATYPCWRRGFKQFS-UHFFFAOYSA-N,8.912554809135147
FLIBXFFLHKMVCF-UHFFFAOYSA-N__DPBZAXYEYVZIKC-UHFFFAOYSA-N,5.337916611089674
DPBZAXYEYVZIKC-UHFFFAOYSA-N__FLIBXFFLHKMVCF-UHFFFAOYSA-N,6.001340090889945
CXFLZKRCHJUUNK-UHFFFAOYSA-N__MYTDKUFZGNDHRL-UHFFFAOYSA-N,4.502809210415674
BLHZNTNSSCXLRY-UHFFFAOYSA-N__ZHIHTNCORCJGCF-UHFFFAOYSA-N,2.292433330482992
ZHIHTNCORCJGCF-UHFFFAOYSA-N__BLHZNTNSSCXLRY-UHFFFAOYSA-N,2.704168917783477
OSKHSCJGTVEQOM-UHFFFAOYSA-N__WKKDUGLKYGNMOU-UHFFFAOYSA-N,4.550966677008039
UUHNOZPVQVDUAW-UHFFFAOYSA-N__XJZDGYOVBRTVHI-UHFFFAOYSA-N,4.517268810672624
XJZDGYOVBRTVHI-UHFFFAOYSA-N__UUHNOZPVQVDUAW-UHFFFAOYSA-N,9.064140108386686
NDEJBQKQPVBWGF-UHFFFAOYSA-N__XFEPBOFQGVRKCL-UHFFFAOYSA-N,14.84745468253338
YNLZITIRTUSLKT-UHFFFAOYSA-N__CIDBGDCEQPTUKY-UHFFFAOYSA-N,-0.4114299344919451
CIDBGDCEQPTUKY-UHFFFAOYSA-N__YNLZITIRTUSLKT-UHFFFAOYSA-N,5.63700964435956
DKJREKXXFUITGO-UHFFFAOYSA-N__VIXDRWLLQNXJFK-UHFFFAOYSA-N,9.023564817796496
VIXDRWLLQNXJFK-UHFFFAOYSA-N__DKJREKXXFUITGO-UHFFFAOYSA-N,11.098964198522616
QHUNSZPDQOWENX-UHFFFAOYSA-N__ZXIMYHZRHWLXTK-UHFFFAOYSA-N,8.898554977268335
XFEPBOFQGVRKCL-UHFFFAOYSA-N__NDEJBQKQPVBWGF-UHFFFAOYSA-N,18.782937308002328
ZXIMYHZRHWLXTK-UHFFFAOYSA-N__QHUNSZPDQOWENX-UHFFFAOYSA-N,24.32425858775208
RIWPDBIVFCXSQV-UHFFFAOYSA-N__UKIVZWPEZTXFGJ-UHFFFAOYSA-N,9.724915601830965
UKIVZWPEZTXFGJ-UHFFFAOYSA-N__RIWPDBIVFCXSQV-UHFFFAOYSA-N,8.166043737067115
PMLSNMRORPURJS-UHFFFAOYSA-N__SLOAIGNZOPYINM-UHFFFAOYSA-N,2.2715190050378933
GZCOXOGMCZZRQY-UHFFFAOYSA-N__HDAWQUUAWOEYMH-UHFFFAOYSA-N,0.1784880165422673
LGGILSLSRSYEPP-UHFFFAOYSA-N__YGSBOYFALYBNKZ-UHFFFAOYSA-N,4.372714697484541
YGSBOYFALYBNKZ-UHFFFAOYSA-N__LGGILSLSRSYEPP-UHFFFAOYSA-N,7.960482378249754
HDAWQUUAWOEYMH-UHFFFAOYSA-N__GZCOXOGMCZZRQY-UHFFFAOYSA-N,6.478140686972384
ZZDNQCJCSPHWOE-UHFFFAOYSA-N__PGZZAFQHUAFSBN-UHFFFAOYSA-N,11.06439078309904
PGZZAFQHUAFSBN-UHFFFAOYSA-N__ZZDNQCJCSPHWOE-UHFFFAOYSA-N,2.166910281165833
ACTMTAXYFOQEHO-UHFFFAOYSA-N__YCLVIXVRCXZJIL-VOTSOKGWSA-N,5.656140893239054
YCLVIXVRCXZJIL-VOTSOKGWSA-N__ACTMTAXYFOQEHO-UHFFFAOYSA-N,4.230141592421435
VRZOTWIYYZQRMF-UHFFFAOYSA-N__SORWIQPKSZSBQM-UHFFFAOYSA-N,9.08214849344368
SORWIQPKSZSBQM-UHFFFAOYSA-N__VRZOTWIYYZQRMF-UHFFFAOYSA-N,10.71074373475274
OKLCTRPDBUSJCY-UHFFFAOYSA-N__ADCWLDJVQOXFEI-UHFFFAOYSA-N,2.021990111315142
ADCWLDJVQOXFEI-UHFFFAOYSA-N__OKLCTRPDBUSJCY-UHFFFAOYSA-N,-1.4553580172744471
PBRYFJPALZOFGV-UHFFFAOYSA-N__OZGSVOHDLRHCQD-UHFFFAOYSA-N,2.8536082401546405
OZGSVOHDLRHCQD-UHFFFAOYSA-N__PBRYFJPALZOFGV-UHFFFAOYSA-N,5.9018590928499925
CQDNDCJOQNCUGJ-UHFFFAOYSA-N__JJHXIXLLUYUBHV-UHFFFAOYSA-N,1.3192542222034005
JJHXIXLLUYUBHV-UHFFFAOYSA-N__CQDNDCJOQNCUGJ-UHFFFAOYSA-N,12.028981299344409
GBALZRJIHUOLIU-KLAILNCOSA-N__NXIAJUKATBKQSQ-UHFFFAOYSA-N,4.005113829580478
NXIAJUKATBKQSQ-UHFFFAOYSA-N__GBALZRJIHUOLIU-KLAILNCOSA-N,14.761540488893674
SYOUIKUARNCIAW-HXUWFJFHSA-N__ZCWYGFCJMBCJGA-FLWNBWAVSA-N,7.303976695620474
ZCWYGFCJMBCJGA-FLWNBWAVSA-N__SYOUIKUARNCIAW-HXUWFJFHSA-N,14.742181907492771
NWZYOUFOQRNNIA-UHFFFAOYSA-N__ZHZJQWAAWGVDGN-UHFFFAOYSA-N,1.3495281688134797
KPQQUDWXWFQUMV-UHFFFAOYSA-N__HSUPSUSDFMXUFH-UHFFFAOYSA-N,3.112101960875709
ZHZJQWAAWGVDGN-UHFFFAOYSA-N__NWZYOUFOQRNNIA-UHFFFAOYSA-N,10.52408832946616
HSUPSUSDFMXUFH-UHFFFAOYSA-N__KPQQUDWXWFQUMV-UHFFFAOYSA-N,6.580522672222911
DURNEXNXJYVRJR-UHFFFAOYSA-N__NJWNFJVILQLLAB-UHFFFAOYSA-N,6.233778861283883
NJWNFJVILQLLAB-UHFFFAOYSA-N__DURNEXNXJYVRJR-UHFFFAOYSA-N,13.270344749695049
JVHYCROBSBRXIQ-UHFFFAOYSA-N__SCMGGYRRGUNYHM-UHFFFAOYSA-N,14.426926881880735
NCHGVAQWMWVASP-WMZOPIPTSA-N__ULDMDTRQLTTWAA-UHFFFAOYSA-N,4.7734626941846905
ULDMDTRQLTTWAA-UHFFFAOYSA-N__NCHGVAQWMWVASP-WMZOPIPTSA-N,6.704602148265222
DFJIAUFCXFHAKB-UHFFFAOYSA-N__VJZYCBVZEKBAGB-UHFFFAOYSA-N,5.754412436345252
VJZYCBVZEKBAGB-UHFFFAOYSA-N__DFJIAUFCXFHAKB-UHFFFAOYSA-N,3.581166928689675
GQLCNVZRYKHINU-BPNWFJGMSA-N__MWZLKWYSCZYESV-WDZFZDKYSA-N,4.340740934147656
MWZLKWYSCZYESV-WDZFZDKYSA-N__GQLCNVZRYKHINU-BPNWFJGMSA-N,6.984898760636459
KGEYURJAKNZPKN-UHFFFAOYSA-N__BBURJMXIGXAZFB-UHFFFAOYSA-N,5.10515498163953
BBURJMXIGXAZFB-UHFFFAOYSA-N__KGEYURJAKNZPKN-UHFFFAOYSA-N,11.01883766059674
ZPIOBZPERBVAHN-UHFFFAOYSA-N__FRBMVJCCDLMRPG-UHFFFAOYSA-N,6.979683993897121
FRBMVJCCDLMRPG-UHFFFAOYSA-N__ZPIOBZPERBVAHN-UHFFFAOYSA-N,7.9273845337519875
IZKAAYOXTAJSOD-UHFFFAOYSA-N__MMGNGSNUNZGURC-UHFFFAOYSA-N,-1.358896023848691
WIZUJMPGICWMBA-UHFFFAOYSA-N__YKBRLKXUWGUYLT-UHFFFAOYSA-N,10.382739837710842
MMGNGSNUNZGURC-UHFFFAOYSA-N__IZKAAYOXTAJSOD-UHFFFAOYSA-N,3.212048270604232
FVQYHIYFHAVCLA-UHFFFAOYSA-N__ZAYJHTQPWWNPHO-UHFFFAOYSA-N,3.3032086347323384
GKOVIJSRIKRCLX-UHFFFAOYSA-N__VPBAMCGWFGHRCP-UHFFFAOYSA-N,7.618714570147658
VPBAMCGWFGHRCP-UHFFFAOYSA-N__GKOVIJSRIKRCLX-UHFFFAOYSA-N,12.851745252136784
RZMOISAIMNJGKK-UHFFFAOYSA-N__UYDDPHBMVNWMHD-UHFFFAOYSA-N,7.498251918518755
UYDDPHBMVNWMHD-UHFFFAOYSA-N__RZMOISAIMNJGKK-UHFFFAOYSA-N,4.851810225110605
PIQGZGXYEQYPKR-UHFFFAOYSA-N__DDPJEYGTTZUHJX-UHFFFAOYSA-N,8.246294401275138
QXAOYBRSEGHMEM-UHFFFAOYSA-N__KZRZRGFZANQSNP-UHFFFAOYSA-N,4.552251016444001
KZRZRGFZANQSNP-UHFFFAOYSA-N__QXAOYBRSEGHMEM-UHFFFAOYSA-N,12.948538561639143
DDPJEYGTTZUHJX-UHFFFAOYSA-N__PIQGZGXYEQYPKR-UHFFFAOYSA-N,7.240759522824161
LFVKQOVWJJEOCV-UHFFFAOYSA-N__JSTVKNGNMIDSNJ-AOOOYVTPSA-N,7.05493384657683
UFUSQJVLUXSZBW-UHFFFAOYSA-N__NCYVAJHXPCYLOI-QMMMGPOBSA-N,4.831057207987684
JSTVKNGNMIDSNJ-AOOOYVTPSA-N__LFVKQOVWJJEOCV-UHFFFAOYSA-N,9.903673634784816
NCYVAJHXPCYLOI-QMMMGPOBSA-N__UFUSQJVLUXSZBW-UHFFFAOYSA-N,9.625421782572555
CBXYHQLGELELNF-UHFFFAOYSA-N__YGPJFEJTRCQJBC-UHFFFAOYSA-N,8.562476696305879
LNIVFMMQIYBRBI-UHFFFAOYSA-N__IAMWNZMKUUQOIU-UHFFFAOYSA-N,7.281285936179602
IAMWNZMKUUQOIU-UHFFFAOYSA-N__LNIVFMMQIYBRBI-UHFFFAOYSA-N,9.286531314611835
YGPJFEJTRCQJBC-UHFFFAOYSA-N__CBXYHQLGELELNF-UHFFFAOYSA-N,4.739527058991159
NAYNLLCHEAMBBM-UHFFFAOYSA-N__GLGMBWRTPIZSFE-UHFFFAOYSA-N,8.473696037314486
GLGMBWRTPIZSFE-UHFFFAOYSA-N__NAYNLLCHEAMBBM-UHFFFAOYSA-N,11.113154306713804
MLVBKVCWWAHXJQ-UHFFFAOYSA-N__PTZCVKJRMZSBLD-XNTDXEJSSA-N,7.236614112021229
PTZCVKJRMZSBLD-XNTDXEJSSA-N__MLVBKVCWWAHXJQ-UHFFFAOYSA-N,3.2657672909965583
SLOAIGNZOPYINM-UHFFFAOYSA-N__VCXLFHIKVLRPPG-WFASDCNBSA-N,9.763411371558416
VCXLFHIKVLRPPG-WFASDCNBSA-N__SLOAIGNZOPYINM-UHFFFAOYSA-N,8.011424756226747
JVPDTEYIYWUHOG-UHFFFAOYSA-N__VKIVWBQWFHTXNX-UHFFFAOYSA-N,6.776492729991963
KRHXCOJQYVTERL-SWLSCSKDSA-N__XUAHCCSBCWOYMB-UHFFFAOYSA-N,13.437267948146676
VKIVWBQWFHTXNX-UHFFFAOYSA-N__JVPDTEYIYWUHOG-UHFFFAOYSA-N,1.607242948275009
UGDUYOBMGCNYAC-UHFFFAOYSA-N__PSUQGZWYGOKRDQ-UHFFFAOYSA-N,8.318616059331266
KEWKKLSCUZGLAI-LLVKDONJSA-N__LSPCMZLSOPKMNR-UHFFFAOYSA-N,1.4392646986117372
GBYIRCXHWOBGHE-UHFFFAOYSA-N__WWORZBCGXBXRTP-UHFFFAOYSA-N,11.944659266315366
WWORZBCGXBXRTP-UHFFFAOYSA-N__GBYIRCXHWOBGHE-UHFFFAOYSA-N,12.3829156658023
LZDLWQCNBFHQFP-UHFFFAOYSA-N__HCEDIEFDQPIHPG-UHFFFAOYSA-N,6.692798964132948
HCEDIEFDQPIHPG-UHFFFAOYSA-N__LZDLWQCNBFHQFP-UHFFFAOYSA-N,9.446550410021882
WPONLEWKUHGAEI-UHFFFAOYSA-N__WFTZGLUZXWTTEX-UHFFFAOYSA-N,1.8468322829382795
WFTZGLUZXWTTEX-UHFFFAOYSA-N__WPONLEWKUHGAEI-UHFFFAOYSA-N,8.574202964613093
DRKUKGKBWVPNTA-UHFFFAOYSA-N__ITNSYZUJKHSVFP-UHFFFAOYSA-N,1.5508256748111815
ITNSYZUJKHSVFP-UHFFFAOYSA-N__DRKUKGKBWVPNTA-UHFFFAOYSA-N,2.475858271045734
WHTHKQZZLCNXKF-UHFFFAOYSA-N__BWIRTEXHWYNCTF-UHFFFAOYSA-N,8.357416350279031
BWIRTEXHWYNCTF-UHFFFAOYSA-N__WHTHKQZZLCNXKF-UHFFFAOYSA-N,4.669547048053164
MFSWFFWWSLVPRF-ZDUSSCGKSA-N__USEVTGNGZRHBKJ-UHFFFAOYSA-N,15.001175892152911
UEGJKTVFGUIHPZ-UHFFFAOYSA-N__MQOAMSCJUHJIPI-UHFFFAOYSA-N,9.779927290339767
USEVTGNGZRHBKJ-UHFFFAOYSA-N__MFSWFFWWSLVPRF-ZDUSSCGKSA-N,6.81730743617151
BIVWWWVNWOXUBD-VZDHWGDASA-N__KAMBUYABGSQMFF-UHFFFAOYSA-N,14.010094327587511
ZGRDQOHQYOADFX-UHFFFAOYSA-N__ZIRVXXJHJBZKAS-UHFFFAOYSA-N,9.965903192949485
ZIRVXXJHJBZKAS-UHFFFAOYSA-N__ZGRDQOHQYOADFX-UHFFFAOYSA-N,11.600289205799331
KAMBUYABGSQMFF-UHFFFAOYSA-N__BIVWWWVNWOXUBD-VZDHWGDASA-N,6.257070834361223
PLTPBPMKURZXKM-UHFFFAOYSA-N__GNAWCYJCGSEWAK-UHFFFAOYSA-N,13.859879687507474
GNAWCYJCGSEWAK-UHFFFAOYSA-N__PLTPBPMKURZXKM-UHFFFAOYSA-N,12.5100151903707
KMLRKDQSQGRKHP-UHFFFAOYSA-N__MVAGJUUXUAFTJU-UHFFFAOYSA-N,20.960636526395376
MVAGJUUXUAFTJU-UHFFFAOYSA-N__KMLRKDQSQGRKHP-UHFFFAOYSA-N,13.633052494004383
COINHGUECMIFMS-UHFFFAOYSA-N__XHGYDZQIWDNKJZ-UHFFFAOYSA-N,14.169057731013917
XHGYDZQIWDNKJZ-UHFFFAOYSA-N__COINHGUECMIFMS-UHFFFAOYSA-N,11.094715629919987
ICFJATIUDUISAK-UHFFFAOYSA-N__MSXNOPKSBXGUAM-UHFFFAOYSA-N,-0.4635172369113302
MSXNOPKSBXGUAM-UHFFFAOYSA-N__ICFJATIUDUISAK-UHFFFAOYSA-N,-0.4729246109994714
GJZXRNBYXSDRQA-UHFFFAOYSA-N__LESJBIYZPAZWGY-UHFFFAOYSA-N,12.317795275685866
LESJBIYZPAZWGY-UHFFFAOYSA-N__GJZXRNBYXSDRQA-UHFFFAOYSA-N,4.628242112843503
NQABFRYSIGLHOK-UHFFFAOYSA-N__OMSHARCVVAGXPE-LSDHQDQOSA-N,9.06369194380528
JWERGOLFCYWFBY-UHFFFAOYSA-N__STYUVKIAWIJVHY-UHFFFAOYSA-N,7.153690137908171
SUOWDERODKCYHY-UHFFFAOYSA-N__KATBBLUIBLHDKC-UHFFFAOYSA-N,7.459980506167382
KATBBLUIBLHDKC-UHFFFAOYSA-N__SUOWDERODKCYHY-UHFFFAOYSA-N,5.949456128211224
HHEKPIJFFXPBMC-UHFFFAOYSA-N__IJHMHDMCUAGRQS-UHFFFAOYSA-N,12.492997917795698
IJHMHDMCUAGRQS-UHFFFAOYSA-N__HHEKPIJFFXPBMC-UHFFFAOYSA-N,2.8153648551219272
SCQQDFQEESNHEH-UHFFFAOYSA-N__VJYBXQQTHKXAKE-UHFFFAOYSA-N,8.204564976090344
VJYBXQQTHKXAKE-UHFFFAOYSA-N__SCQQDFQEESNHEH-UHFFFAOYSA-N,5.5123607745535415
QOCVKBQPEVEQOB-UHFFFAOYSA-N__SQQPTMUNGHSICA-WOJGMQOQSA-N,9.528410414621256
MNTJIKLNWONFFO-UHFFFAOYSA-N__UPLSBZNJZLDFIF-UHFFFAOYSA-N,8.006371764655718
SQQPTMUNGHSICA-WOJGMQOQSA-N__QOCVKBQPEVEQOB-UHFFFAOYSA-N,7.269424891948228
GAWMEMHNMZUTKX-UHFFFAOYSA-N__ZLYQHGORSARJKA-UHFFFAOYSA-N,1.2679970171494543
ZLYQHGORSARJKA-UHFFFAOYSA-N__GAWMEMHNMZUTKX-UHFFFAOYSA-N,3.5841831251644662
CUDHLIBGKIRCSQ-UHFFFAOYSA-N__IKIZWKIPZONCRQ-UHFFFAOYSA-N,8.874339530179975
IKIZWKIPZONCRQ-UHFFFAOYSA-N__CUDHLIBGKIRCSQ-UHFFFAOYSA-N,9.651673427573636
LUXVUDQPUDMSDN-UHFFFAOYSA-N__YPAJKHGQEMLDEA-UHFFFAOYSA-N,6.897856941115429
YPAJKHGQEMLDEA-UHFFFAOYSA-N__LUXVUDQPUDMSDN-UHFFFAOYSA-N,11.640538551183615
KUILKXDVCXJXPR-UHFFFAOYSA-N__QTNIRMMCOVZSFA-UHFFFAOYSA-N,1.4867568237881303
HPEAJJBTDGJJGQ-UHFFFAOYSA-N__SLLDLBMICSUZDO-UHFFFAOYSA-N,6.576393558730214
CHDBIYHLXKCKOW-UHFFFAOYSA-N__FIGQICKSCUFELU-UHFFFAOYSA-N,0.0971158266993566
NNIICZRGYZXGIP-UHFFFAOYSA-N__ILVWVGNANSNAJO-UHFFFAOYSA-N,5.055556350338804
HZUOVLARPVTINO-UHFFFAOYSA-N__GWFODZXJZSTYFW-UHFFFAOYSA-N,2.023400188808105
ILVWVGNANSNAJO-UHFFFAOYSA-N__NNIICZRGYZXGIP-UHFFFAOYSA-N,5.217414883497896
YGQMSOWAUHPBCU-UHFFFAOYSA-N__UJFZULLWTXKDQA-UHFFFAOYSA-N,6.466517549213151
DPTBKKGXEDMJQJ-WJFTUGDTSA-N__MBVFRSJFKMJRHA-UHFFFAOYSA-N,4.67489437448165
RQSCYLTXIJLNBX-UHFFFAOYSA-N__UKWYWBHLUQZDIV-UHFFFAOYSA-N,4.480216848142465
LTJGEYYYFUBXFY-UHFFFAOYSA-N__NZZQNSKJWOXAGC-UHFFFAOYSA-N,7.101091017321982
NZZQNSKJWOXAGC-UHFFFAOYSA-N__LTJGEYYYFUBXFY-UHFFFAOYSA-N,9.679354130459052
CXILGTQRCLEPEN-UHFFFAOYSA-N__OPFVEROVQUBGAB-UHFFFAOYSA-N,7.494738485470789
OPFVEROVQUBGAB-UHFFFAOYSA-N__CXILGTQRCLEPEN-UHFFFAOYSA-N,7.443651187725158
IGMJQVWPZRPXIC-UHFFFAOYSA-N__VTGYWUUVMMKACK-UHFFFAOYSA-N,8.410688726193461
IGPSDJAITXRQBH-UHFFFAOYSA-N__QPURUKFIIJIBLA-UHFFFAOYSA-N,3.276452770869232
VTGYWUUVMMKACK-UHFFFAOYSA-N__IGMJQVWPZRPXIC-UHFFFAOYSA-N,14.4358592208399
QPURUKFIIJIBLA-UHFFFAOYSA-N__IGPSDJAITXRQBH-UHFFFAOYSA-N,7.457282933033301
YZAODMOYHHPCAE-UHFFFAOYSA-N__ZADPKLCFTCXWKL-UHFFFAOYSA-N,12.620790255434835
ZADPKLCFTCXWKL-UHFFFAOYSA-N__YZAODMOYHHPCAE-UHFFFAOYSA-N,10.554201363046609
XTDJAQLFIJVRJQ-UHFFFAOYSA-N__CYQFXWVQUXUOAY-UHFFFAOYSA-N,6.234536612480275
CYQFXWVQUXUOAY-UHFFFAOYSA-N__XTDJAQLFIJVRJQ-UHFFFAOYSA-N,11.20883455987208
NTSWGSRJHHXHBB-UHFFFAOYSA-N__CTSQLZLMLGNOOM-UHFFFAOYSA-N,5.291862843338312
CTSQLZLMLGNOOM-UHFFFAOYSA-N__NTSWGSRJHHXHBB-UHFFFAOYSA-N,9.661467697824897
COZPNOSKUZSEJV-UHFFFAOYSA-N__JZGHRWBJGFLIQU-UHFFFAOYSA-N,4.594967050158519
JZGHRWBJGFLIQU-UHFFFAOYSA-N__COZPNOSKUZSEJV-UHFFFAOYSA-N,9.151749930335834
MVVDIKILHILJIE-UHFFFAOYSA-N__NVGAZDIPQDYAPI-UHFFFAOYSA-N,3.439525645151752
NVGAZDIPQDYAPI-UHFFFAOYSA-N__MVVDIKILHILJIE-UHFFFAOYSA-N,9.621123686118324
BQWLOEWTTHICRI-UHFFFAOYSA-N__SDEXTUZQCCEQMU-UHFFFAOYSA-N,11.73444738394826
LUXUTBXTEFNHKW-UHFFFAOYSA-N__ZXIHWDQJWXUMBS-UHFFFAOYSA-N,4.560493429872772
SDEXTUZQCCEQMU-UHFFFAOYSA-N__BQWLOEWTTHICRI-UHFFFAOYSA-N,10.339510039757451
ZXIHWDQJWXUMBS-UHFFFAOYSA-N__LUXUTBXTEFNHKW-UHFFFAOYSA-N,9.4208071979111
IFNDMZCQOKEROY-UHFFFAOYSA-N__YMOMFCQCQUZEBM-UHFFFAOYSA-N,6.014112538477477
LWGQRXAYOWLWBA-PHIMTYICSA-N__YDEBVBPZMYPBRV-UHFFFAOYSA-N,5.320333327673266
YDEBVBPZMYPBRV-UHFFFAOYSA-N__LWGQRXAYOWLWBA-PHIMTYICSA-N,8.047311177678814
DRIIPDCNYVNURF-UHFFFAOYSA-N__MTVDAUAGGRHQGD-UHFFFAOYSA-N,7.896591005232626
MTVDAUAGGRHQGD-UHFFFAOYSA-N__DRIIPDCNYVNURF-UHFFFAOYSA-N,2.204454163331182
JKDFQWYBDKKTCT-UHFFFAOYSA-N__YMZDSLWURZKOFZ-KEKZHRQWSA-N,16.19785659211966
YMZDSLWURZKOFZ-KEKZHRQWSA-N__JKDFQWYBDKKTCT-UHFFFAOYSA-N,4.890107339182069
CIAQKCHDQSIVLI-UHFFFAOYSA-N__SBTVMIGTFYFRMN-UHFFFAOYSA-N,5.459692736449271
MAWKNWQIURLYHC-UHFFFAOYSA-N__QDELYQWIZDKRMY-UHFFFAOYSA-N,11.48732385513465
QDELYQWIZDKRMY-UHFFFAOYSA-N__MAWKNWQIURLYHC-UHFFFAOYSA-N,10.194466733960494
YYCQRWDSMUIVEY-UHFFFAOYSA-N__AEEWUJXEVQKGMS-UHFFFAOYSA-N,7.221936724691053
WKPURETZKYSZHO-UHFFFAOYSA-N__NVECODUGFUIXOI-UHFFFAOYSA-N,11.990143769284956
UNQWIWYNNGBGGR-UHFFFAOYSA-N__MTVKGBPJOBSWAJ-UHFFFAOYSA-N,4.485387977181609
BIYPFQMGYGOMRB-NVMNQCDNSA-N__NOXRJSNIPKTCHC-UHFFFAOYSA-N,5.020739886287041
MTVKGBPJOBSWAJ-UHFFFAOYSA-N__UNQWIWYNNGBGGR-UHFFFAOYSA-N,8.98196932202055
NOXRJSNIPKTCHC-UHFFFAOYSA-N__BIYPFQMGYGOMRB-NVMNQCDNSA-N,5.262676135354088
OEFJAQOOKUEQIB-UHFFFAOYSA-N__GPXHRGZBYCRJRU-ANRPBIDPSA-N,4.343224965626187
XLQLJFZCEXWWTR-UHFFFAOYSA-N__QADFQYZQJCESJX-UHFFFAOYSA-N,8.13478557223087
QADFQYZQJCESJX-UHFFFAOYSA-N__XLQLJFZCEXWWTR-UHFFFAOYSA-N,6.802446903548809
LDIOYBGOCCPIEM-UHFFFAOYSA-N__CJQBTRGIOYGUFV-UHFFFAOYSA-N,8.39288196772875
CJQBTRGIOYGUFV-UHFFFAOYSA-N__LDIOYBGOCCPIEM-UHFFFAOYSA-N,5.933929433125467
FYPNGISNNBWVFA-UHFFFAOYSA-N__NNPCMXCQHWHBIA-UHFFFAOYSA-N,2.8402037292760016
NNPCMXCQHWHBIA-UHFFFAOYSA-N__FYPNGISNNBWVFA-UHFFFAOYSA-N,7.681004194658897
LFMAQXXYGLWDQG-UHFFFAOYSA-N__SWYHKWWFUKGGKK-UHFFFAOYSA-N,2.968051671970505
SWYHKWWFUKGGKK-UHFFFAOYSA-N__LFMAQXXYGLWDQG-UHFFFAOYSA-N,5.5187090273629975
QTRWLPWSBNQADZ-UHFFFAOYSA-N__UUXBJQCNRHAHJC-UHFFFAOYSA-N,11.223820997985747
UUXBJQCNRHAHJC-UHFFFAOYSA-N__QTRWLPWSBNQADZ-UHFFFAOYSA-N,6.684352042849429
SHFLOIUZUDNHFB-UHFFFAOYSA-N__DGNFHRFHRVWKFS-UHFFFAOYSA-N,6.027668599138821
PAOAPNUZZUCWCX-UHFFFAOYSA-N__XNOHGILLQWQUAS-UHFFFAOYSA-N,4.312139131931411
XEXDLPXRUCRLTN-UHFFFAOYSA-N__WXIWFYPSEZFDBC-UHFFFAOYSA-N,7.981698321965478
GMRJWUGTFZODPQ-UHFFFAOYSA-N__CKQVIVNVLKSGMC-UHFFFAOYSA-N,5.969866069643195
IZGKBOYNQXDICV-UHFFFAOYSA-N__WQMDKGPJHZBLLT-UHFFFAOYSA-N,-0.5601271170470066
XNOHGILLQWQUAS-UHFFFAOYSA-N__PAOAPNUZZUCWCX-UHFFFAOYSA-N,4.702408164180411
WQMDKGPJHZBLLT-UHFFFAOYSA-N__IZGKBOYNQXDICV-UHFFFAOYSA-N,0.5356360887040803
GQBZFVBMFXSZRU-UHFFFAOYSA-N__YFIDTXXPKIODAK-UHFFFAOYSA-N,3.3588342327524447
OJURTZDANNAQAR-UHFFFAOYSA-N__QVNPTLIFHLXVMA-UHFFFAOYSA-N,0.1830607735426058
MXQLRRZMZANIEK-UHFFFAOYSA-N__RUGCOJWVZDCHIH-UHFFFAOYSA-N,13.287880264564928
KEBFNNPDAJCXTD-UHFFFAOYSA-N__UPATZHJEAWQNNX-UHFFFAOYSA-N,11.282641070131785
IZISDFUFZPXVSO-UHFFFAOYSA-N__XCSALMHECBWGDQ-UHFFFAOYSA-N,9.205989130249002
UOSOSXUZWHADGQ-UHFFFAOYSA-N__GDJLZULVDMHXRW-UHFFFAOYSA-N,4.716946174041628
DXCSCUVNSBHYQG-UHFFFAOYSA-N__ITRPHSUOZCYEDP-UHFFFAOYSA-N,7.603174052592612
ITRPHSUOZCYEDP-UHFFFAOYSA-N__DXCSCUVNSBHYQG-UHFFFAOYSA-N,5.825904791330687
HNDVWWSHFNWJOM-UHFFFAOYSA-N__WCUYJDHMLWCMLZ-UHFFFAOYSA-N,-0.7698906021943736
WCUYJDHMLWCMLZ-UHFFFAOYSA-N__HNDVWWSHFNWJOM-UHFFFAOYSA-N,2.0158046333553576
NARHEFNPBNXGIY-UHFFFAOYSA-N__LBYAKGAFOOHZQX-UHFFFAOYSA-N,10.939062261445118
LBYAKGAFOOHZQX-UHFFFAOYSA-N__NARHEFNPBNXGIY-UHFFFAOYSA-N,2.598180873759692
FZLAKPCMAIDKGR-UHFFFAOYSA-N__YUYGSYJSLAEEFZ-UHFFFAOYSA-N,10.163479359855502
YUYGSYJSLAEEFZ-UHFFFAOYSA-N__FZLAKPCMAIDKGR-UHFFFAOYSA-N,11.341613331976449
BKFATRZWUAKIEO-UHFFFAOYSA-N__CYOITVYIQFZMNI-UHFFFAOYSA-N,16.659183184663757
CYOITVYIQFZMNI-UHFFFAOYSA-N__BKFATRZWUAKIEO-UHFFFAOYSA-N,20.69971359958101
NHFXDTJESHUVPB-UHFFFAOYSA-N__LOOVQZYIPHLORY-UHFFFAOYSA-N,5.906607650805696
LHSSVFLZDCAQEB-UHFFFAOYSA-N__LZCXIBGTTJCCAK-UHFFFAOYSA-N,4.029297052300729
LOOVQZYIPHLORY-UHFFFAOYSA-N__NHFXDTJESHUVPB-UHFFFAOYSA-N,3.7277505402916695
LZCXIBGTTJCCAK-UHFFFAOYSA-N__LHSSVFLZDCAQEB-UHFFFAOYSA-N,6.544346887282507
FFUATSIKWBZPAD-UHFFFAOYSA-N__PHUNFSCOUSRJPL-UHFFFAOYSA-N,11.41324022396983
DXDKEUPNLLYIGT-UHFFFAOYSA-N__MBFJJFXWPLDICO-UHFFFAOYSA-N,7.963839449803849
AQDLVJIWBSWMFZ-UHFFFAOYSA-N__DIUVGURADSFLBV-UHFFFAOYSA-N,4.352039651940942
PSXFDBIRBIJZCF-UHFFFAOYSA-N__HSFYCBJMUMTSEX-UHFFFAOYSA-N,14.690467300881526
WSNFMULODBIQJV-UHFFFAOYSA-N__PKGLAUJRXIAYHF-UHFFFAOYSA-N,4.404395928928864
PKGLAUJRXIAYHF-UHFFFAOYSA-N__WSNFMULODBIQJV-UHFFFAOYSA-N,5.290645132419062
DIUVGURADSFLBV-UHFFFAOYSA-N__AQDLVJIWBSWMFZ-UHFFFAOYSA-N,11.782264150029244
IQGOGLLWNYYZAZ-UHFFFAOYSA-N__QQDBQWUHQOGQCJ-UHFFFAOYSA-N,-5.807222779551662
QQDBQWUHQOGQCJ-UHFFFAOYSA-N__IQGOGLLWNYYZAZ-UHFFFAOYSA-N,2.2537229913108394
GJKCROWPMOBSDZ-UHFFFAOYSA-N__IGBRBVSSUVCTIV-UHFFFAOYSA-N,8.494740829417154
IGBRBVSSUVCTIV-UHFFFAOYSA-N__GJKCROWPMOBSDZ-UHFFFAOYSA-N,10.123379104750986
ZIMWPFQXWIAFMT-UHFFFAOYSA-N__FTCTWVDQGHEGKS-UHFFFAOYSA-N,10.326930176186634
FTCTWVDQGHEGKS-UHFFFAOYSA-N__ZIMWPFQXWIAFMT-UHFFFAOYSA-N,8.738426745945494
XQOJKPBSCHBXGP-UHFFFAOYSA-N__KMIDBDKBDCKBCB-UHFFFAOYSA-N,1.4549642359869663
KMIDBDKBDCKBCB-UHFFFAOYSA-N__XQOJKPBSCHBXGP-UHFFFAOYSA-N,1.0820434182848797
DXFWWMNPVCBJPW-KBPBESRZSA-N__XNWCJMRGORGYRB-UHFFFAOYSA-N,3.061878140778642
XNWCJMRGORGYRB-UHFFFAOYSA-N__DXFWWMNPVCBJPW-KBPBESRZSA-N,5.940230388443563
QMQWTWXDEZCPNG-UHFFFAOYSA-N__XMTOCLGVSOOBFD-UHFFFAOYSA-N,14.45276351993274
XMTOCLGVSOOBFD-UHFFFAOYSA-N__QMQWTWXDEZCPNG-UHFFFAOYSA-N,7.753590989785532
SUVLDBQTTBXTBR-JTQLQIEISA-N__WAXHIDSFKPFKBM-UHFFFAOYSA-N,2.225885760496341
WAXHIDSFKPFKBM-UHFFFAOYSA-N__SUVLDBQTTBXTBR-JTQLQIEISA-N,3.907157665434128
ZGZSHBVCATYZLA-UHFFFAOYSA-N__MGHPAKOCAUFSGL-UHFFFAOYSA-N,6.414636596493473
MGHPAKOCAUFSGL-UHFFFAOYSA-N__ZGZSHBVCATYZLA-UHFFFAOYSA-N,10.29898346496057
ZTJDYCBECPCJLJ-UHFFFAOYSA-N__FRPUOYXNMZRWIQ-UHFFFAOYSA-N,5.939405076679008
AZAOIOCXCBTSTK-ARJAWSKDSA-N__VBCMUXJENNRORB-UHFFFAOYSA-N,8.88379031760537
VBCMUXJENNRORB-UHFFFAOYSA-N__AZAOIOCXCBTSTK-ARJAWSKDSA-N,1.1429400789520625
FRPUOYXNMZRWIQ-UHFFFAOYSA-N__ZTJDYCBECPCJLJ-UHFFFAOYSA-N,8.758870533793328
BFPHAXVJMYFYLL-UHFFFAOYSA-N__YAULMYLISVQRLZ-LJQANCHMSA-N,11.6035632857514
YAULMYLISVQRLZ-LJQANCHMSA-N__BFPHAXVJMYFYLL-UHFFFAOYSA-N,3.3001407340497484
FGLLHCCYXMYNML-UHFFFAOYSA-N__JETIZYIEYFSGAH-UHFFFAOYSA-N,5.052735220711703
ISLZKDNNGSVTCN-UHFFFAOYSA-N__DAIUGSVBAHNLSO-UHFFFAOYSA-N,6.065588139059823
DAIUGSVBAHNLSO-UHFFFAOYSA-N__ISLZKDNNGSVTCN-UHFFFAOYSA-N,7.419586739250002
JETIZYIEYFSGAH-UHFFFAOYSA-N__FGLLHCCYXMYNML-UHFFFAOYSA-N,15.069084921431749
JOULOHUCAZHJSB-UHFFFAOYSA-N__JSNAHTROSDIPGL-WMZHIEFXSA-N,4.1276657454876045
JSNAHTROSDIPGL-WMZHIEFXSA-N__JOULOHUCAZHJSB-UHFFFAOYSA-N,1.4852848529422655
QYUJJUZEMQJIIZ-UHFFFAOYSA-N__WZSBOIXTESESIY-UHFFFAOYSA-N,5.140544671531221
WZSBOIXTESESIY-UHFFFAOYSA-N__QYUJJUZEMQJIIZ-UHFFFAOYSA-N,5.057933415269455
GGMXCBSCPJQNAJ-UHFFFAOYSA-N__NLNMRCRQCDOORB-UHFFFAOYSA-N,10.52001338610476
NLNMRCRQCDOORB-UHFFFAOYSA-N__GGMXCBSCPJQNAJ-UHFFFAOYSA-N,8.199896543526853
FMBIEDOBBDHIQY-UHFFFAOYSA-N__FZOUPGOQYBYMRB-OWOJBTEDSA-N,4.974997018512107
FZOUPGOQYBYMRB-OWOJBTEDSA-N__FMBIEDOBBDHIQY-UHFFFAOYSA-N,12.063100274587484
BNYUJVFLCKATAC-UHFFFAOYSA-N__YMVNYTWHBHHHII-UHFFFAOYSA-N,6.723214897028639
PXZHQXWEWDVVOM-UPHRSURJSA-N__JCBYCWLGNVRSED-UHFFFAOYSA-N,-2.3061268464399807
YMVNYTWHBHHHII-UHFFFAOYSA-N__BNYUJVFLCKATAC-UHFFFAOYSA-N,10.33249547417247
SRRPITAESQUHOW-UHFFFAOYSA-N__ZLIKCYOCOGZKKU-UHFFFAOYSA-N,5.055973236942807
ZLIKCYOCOGZKKU-UHFFFAOYSA-N__SRRPITAESQUHOW-UHFFFAOYSA-N,10.60418044904686
WNHZYQMCZAICOC-UHFFFAOYSA-N__VGSSWRSGUDZTPZ-UHFFFAOYSA-N,5.278804473469172
ORNSFBMUSGUHIT-UHFFFAOYSA-N__YOKRVXLOERPAJY-UHFFFAOYSA-N,11.262725709229542
QMVIFZIPGJUYFD-UHFFFAOYSA-N__WRJMCGCHCCGPDC-UHFFFAOYSA-N,5.353703048690505
WRJMCGCHCCGPDC-UHFFFAOYSA-N__QMVIFZIPGJUYFD-UHFFFAOYSA-N,5.4904863861032185
ULKBEIBCPJOMBZ-UHFFFAOYSA-N__BOKRSLBTMZPHQI-UHFFFAOYSA-N,6.77353398462653
BOKRSLBTMZPHQI-UHFFFAOYSA-N__ULKBEIBCPJOMBZ-UHFFFAOYSA-N,0.7224148978883449
FCKCLOAZSVGGNF-UHFFFAOYSA-N__SVPLOZSDDVWNAA-UHFFFAOYSA-N,3.5669971327995933
SVPLOZSDDVWNAA-UHFFFAOYSA-N__FCKCLOAZSVGGNF-UHFFFAOYSA-N,8.628350361417525
GPNANYSMHWPICT-UHFFFAOYSA-N__UTFLMTWXOVXSED-UHFFFAOYSA-N,12.062388893967448
UTFLMTWXOVXSED-UHFFFAOYSA-N__GPNANYSMHWPICT-UHFFFAOYSA-N,10.528820955298878
QHJCEWCQVLXOPG-UHFFFAOYSA-N__UUJKUXVOECIJEG-YBEGLDIGSA-N,7.691717787743069
UUJKUXVOECIJEG-YBEGLDIGSA-N__QHJCEWCQVLXOPG-UHFFFAOYSA-N,7.478337226068263
XRKWGCMKURRWTH-UHFFFAOYSA-N__WWKQCTYZPDATGC-UHFFFAOYSA-N,8.885856385109745
WWKQCTYZPDATGC-UHFFFAOYSA-N__XRKWGCMKURRWTH-UHFFFAOYSA-N,2.594898096372881
OQKVIKJUIWSONY-UHFFFAOYSA-N__PWBUCBIFNPTHHQ-UHFFFAOYSA-N,8.168998104465954
ASIYDTZMRHYFMC-YUVXSKOASA-N__OXYUDZCLBFDMEC-UHFFFAOYSA-N,8.471082341106467
OXYUDZCLBFDMEC-UHFFFAOYSA-N__ASIYDTZMRHYFMC-YUVXSKOASA-N,5.392673853903629
PWBUCBIFNPTHHQ-UHFFFAOYSA-N__OQKVIKJUIWSONY-UHFFFAOYSA-N,15.532429634156738
IKULFYBCDGGVHE-UHFFFAOYSA-N__DSUBWJLEMLVSNA-UHFFFAOYSA-N,23.61578331356091
NENNOXSEACJIPR-UHFFFAOYSA-N__BFOXCSKVDKQBJV-UHFFFAOYSA-N,4.021119918428782
BFOXCSKVDKQBJV-UHFFFAOYSA-N__NENNOXSEACJIPR-UHFFFAOYSA-N,4.611578250137895
OOGYCWSHTHIGKG-UHFFFAOYSA-N__JUJVNEKHJJRRKJ-UHFFFAOYSA-N,8.094114498996836
NZVSAQPZZKZFGG-UHFFFAOYSA-N__WPSCNGMVRZLCEK-UHFFFAOYSA-N,9.43305205229857
WPSCNGMVRZLCEK-UHFFFAOYSA-N__NZVSAQPZZKZFGG-UHFFFAOYSA-N,5.983550120337675
VRLBYZJCWOTOLN-UHFFFAOYSA-N__MOBVWMGOMQHHDJ-UHFFFAOYSA-N,4.924897853323384
MOBVWMGOMQHHDJ-UHFFFAOYSA-N__VRLBYZJCWOTOLN-UHFFFAOYSA-N,0.3239855700455737
OSKHSCJGTVEQOM-UHFFFAOYSA-N__YFXGEHQCQYNCGF-UHFFFAOYSA-N,8.080218624860295
YFXGEHQCQYNCGF-UHFFFAOYSA-N__OSKHSCJGTVEQOM-UHFFFAOYSA-N,5.827161055293781
SNMDXEADUUOCDN-UHFFFAOYSA-N__FPZXOONDYHBZFV-UHFFFAOYSA-N,9.687317077694416
FPZXOONDYHBZFV-UHFFFAOYSA-N__SNMDXEADUUOCDN-UHFFFAOYSA-N,12.32091009975512
IDQDBDVTVGTPLB-UHFFFAOYSA-N__MKROSWULFJQPJR-UHFFFAOYSA-N,6.680047305751532
VAYCODQETWRCND-UHFFFAOYSA-N__WJECXWJKCKYDBQ-UHFFFAOYSA-N,5.195351720207078
MKROSWULFJQPJR-UHFFFAOYSA-N__IDQDBDVTVGTPLB-UHFFFAOYSA-N,12.915068502589962
WJECXWJKCKYDBQ-UHFFFAOYSA-N__VAYCODQETWRCND-UHFFFAOYSA-N,10.150629303735707
TXUYTFLECWVQHY-UHFFFAOYSA-N__FTWAVURZYOKMOA-UHFFFAOYSA-N,3.808634586930748
FTWAVURZYOKMOA-UHFFFAOYSA-N__TXUYTFLECWVQHY-UHFFFAOYSA-N,4.132952821014057
FRTFVWNQZMGESM-UHFFFAOYSA-N__LTCOHFFLECNQHA-UHFFFAOYSA-N,5.31342225668208
LTCOHFFLECNQHA-UHFFFAOYSA-N__FRTFVWNQZMGESM-UHFFFAOYSA-N,17.19306470958665
JCZOZDKEHQUHFY-OAHLLOKOSA-N__IFXYJACXSQMUTD-VAWYXSNFSA-N,3.647567609293563
PNMGKJPBAOUCNG-UHFFFAOYSA-N__IFZUXTGXAPQBMS-UHFFFAOYSA-N,3.8232390158557057
IFZUXTGXAPQBMS-UHFFFAOYSA-N__PNMGKJPBAOUCNG-UHFFFAOYSA-N,4.137969104667825
HBWLKXNWMJNFFO-UHFFFAOYSA-N__FLBSYDGZNRCRCK-UHFFFAOYSA-N,14.353372483370585
ZXDDZRQPCJLDLR-UHFFFAOYSA-N__DLDXLADOMAMLSJ-UHFFFAOYSA-N,16.197480215118485
DLDXLADOMAMLSJ-UHFFFAOYSA-N__ZXDDZRQPCJLDLR-UHFFFAOYSA-N,9.649428710025578
CIHJMJKTHZOPJO-UHFFFAOYSA-N__UBIIDQUTIVFALB-UHFFFAOYSA-N,4.177312207970997
OVLZWLQHLLVLAS-UHFFFAOYSA-N__KFDJERQRZMSDLI-UHFFFAOYSA-N,12.945366800319436
KFDJERQRZMSDLI-UHFFFAOYSA-N__OVLZWLQHLLVLAS-UHFFFAOYSA-N,17.20554293560396
UBIIDQUTIVFALB-UHFFFAOYSA-N__CIHJMJKTHZOPJO-UHFFFAOYSA-N,4.653471920480853
SUVLDBQTTBXTBR-JTQLQIEISA-N__CAULGDAMWGRUOS-UHFFFAOYSA-N,6.977667174807264
LSHSUDZZFARZRI-UHFFFAOYSA-N__HMELSRMEWZUZHS-UHFFFAOYSA-N,2.9325531781090275
HMELSRMEWZUZHS-UHFFFAOYSA-N__LSHSUDZZFARZRI-UHFFFAOYSA-N,5.2082705346863785
OMBCPYUBSRTKNV-UHFFFAOYSA-N__OWIWSQGGONTSKG-UHFFFAOYSA-N,6.990709414300761
OWIWSQGGONTSKG-UHFFFAOYSA-N__OMBCPYUBSRTKNV-UHFFFAOYSA-N,9.019799276851316
NLSKHXRRWKZILN-UHFFFAOYSA-N__CWMQSFOLTHNESK-UHFFFAOYSA-N,4.380690332033991
CONAIKDMSHPZSE-UHFFFAOYSA-N__GGTDKWMNEICJNG-UHFFFAOYSA-N,5.87462523968641
GGTDKWMNEICJNG-UHFFFAOYSA-N__CONAIKDMSHPZSE-UHFFFAOYSA-N,6.652312279996803
JRVPXGYTCAQOBN-UHFFFAOYSA-N__NBHNQJDFKJVMKN-UHFFFAOYSA-N,5.945102577299455
LODKTVUQQZAMKZ-UHFFFAOYSA-N__PSBYLABTXBDZHP-UHFFFAOYSA-N,12.70034749005558
NGIRDQUYUFPTKP-UHFFFAOYSA-N__VCDBQMNYFDWLKL-UHFFFAOYSA-N,3.613215054893847
HXHCCUWOGMBIRD-UHFFFAOYSA-N__MZUNSPCUBXCPBV-UHFFFAOYSA-N,11.139502466302693
MZUNSPCUBXCPBV-UHFFFAOYSA-N__HXHCCUWOGMBIRD-UHFFFAOYSA-N,9.41005635458627
HCDOPLBAEBKCDG-UHFFFAOYSA-N__HEWNESBVCUZBLW-UHFFFAOYSA-N,6.297119715774157
QFOXWVDKQLKVAG-UHFFFAOYSA-N__NGFQYUDCFDHOHR-UHFFFAOYSA-N,10.54797515475937
DOEAQWVTBXXQRL-UHFFFAOYSA-N__WXQKGTVOIGZDIN-UHFFFAOYSA-N,6.7690110972656665
WXQKGTVOIGZDIN-UHFFFAOYSA-N__DOEAQWVTBXXQRL-UHFFFAOYSA-N,9.68645557436839
PWQJFTWWLMZEHQ-UHFFFAOYSA-N__XFIIMENFYOZAFM-UHFFFAOYSA-N,1.7207863561091663
XFIIMENFYOZAFM-UHFFFAOYSA-N__PWQJFTWWLMZEHQ-UHFFFAOYSA-N,5.814796251983893
DOVZOHZOELQDJK-UHFFFAOYSA-N__JWRRYPBWDMHLMX-UHFFFAOYSA-N,-2.0047720488183054
KSLDCDXVFFUPJL-UHFFFAOYSA-N__ROBHGXMQCULBOT-UHFFFAOYSA-N,13.772640063910876
ROBHGXMQCULBOT-UHFFFAOYSA-N__KSLDCDXVFFUPJL-UHFFFAOYSA-N,6.940223023502796
RHYNASIKCXURST-UHFFFAOYSA-N__XRBSUVTUCVHXRB-UHFFFAOYSA-N,3.89188250788574
DUZSQTLLODGVKC-UHFFFAOYSA-N__YYCUKRZTVJXHBB-UHFFFAOYSA-N,4.422197145093895
BUZFLVZFWAYVAY-UHFFFAOYSA-N__MYANOPGERSSIQJ-UHFFFAOYSA-N,3.031686209559944
YYCUKRZTVJXHBB-UHFFFAOYSA-N__DUZSQTLLODGVKC-UHFFFAOYSA-N,4.004503296570917
MYANOPGERSSIQJ-UHFFFAOYSA-N__BUZFLVZFWAYVAY-UHFFFAOYSA-N,6.093693612641572
WZCWCZMCFNWJRK-UHFFFAOYSA-N__KJSRNLDKABLTNS-GFCCVEGCSA-N,2.374340298918567
BMHLYKZAFWNVSK-UHFFFAOYSA-N__NFLMPUVACQLKMA-UHFFFAOYSA-N,5.361269634143545
NFLMPUVACQLKMA-UHFFFAOYSA-N__BMHLYKZAFWNVSK-UHFFFAOYSA-N,6.345358000180577
XHDMXJWGJWMXSH-UHFFFAOYSA-N__ROTSHDPXWSQOBF-UHFFFAOYSA-N,1.6013045066825669
CDVGYHFTFYWREB-UHFFFAOYSA-N__RXGFMYMXSYPGKR-UHFFFAOYSA-N,8.809081035149793
RXGFMYMXSYPGKR-UHFFFAOYSA-N__CDVGYHFTFYWREB-UHFFFAOYSA-N,13.216287066891448
GLPVPPWMXXWFOT-UHFFFAOYSA-N__CKECRTPZNVCSAJ-UHFFFAOYSA-N,4.163980779200387
NNIICZRGYZXGIP-UHFFFAOYSA-N__WWYRSFDVNIVUMK-UHFFFAOYSA-N,5.01110140189068
WWYRSFDVNIVUMK-UHFFFAOYSA-N__NNIICZRGYZXGIP-UHFFFAOYSA-N,3.2940255705081216
MQXWJDBIMKELEI-UHFFFAOYSA-N__ZJHZBXVZOSCAEY-UHFFFAOYSA-N,12.725143170812286
YYIDEFRHINNEIF-UHFFFAOYSA-N__DJTKJGZOFOWBRF-UHFFFAOYSA-N,4.622531898013952
DJTKJGZOFOWBRF-UHFFFAOYSA-N__YYIDEFRHINNEIF-UHFFFAOYSA-N,11.997370354638493
CNYZZSCDBFUABY-UHFFFAOYSA-N__GJOIMQBDBUVFRB-UHFFFAOYSA-N,4.5548124611270575
GJOIMQBDBUVFRB-UHFFFAOYSA-N__CNYZZSCDBFUABY-UHFFFAOYSA-N,11.57672340035693
UCELDWUYVYNEHL-UHFFFAOYSA-N__AXPYCYJTCOIQNK-UHFFFAOYSA-N,4.246011362627427
RLJZAVNBCCJJHJ-OWOJBTEDSA-N__XSQCMCGZMUZEJR-UHFFFAOYSA-N,2.7186754315108925
XSQCMCGZMUZEJR-UHFFFAOYSA-N__RLJZAVNBCCJJHJ-OWOJBTEDSA-N,-0.5142756404873433
AXPYCYJTCOIQNK-UHFFFAOYSA-N__UCELDWUYVYNEHL-UHFFFAOYSA-N,10.100844081726692
RDRDEPADWFILDH-UHFFFAOYSA-N__AJFYSIUFCYWHRY-UHFFFAOYSA-N,11.207990427302764
AJFYSIUFCYWHRY-UHFFFAOYSA-N__RDRDEPADWFILDH-UHFFFAOYSA-N,6.476679329099994
ZQIAXDULHBLZJE-UHFFFAOYSA-N__PBSQBIIHLGJVDX-UHFFFAOYSA-N,8.147607851933264
BQWLOEWTTHICRI-UHFFFAOYSA-N__DVWQSCLLEXMJBR-UHFFFAOYSA-N,15.246263465322976
DZQVUUMXWSONAB-HNNXBMFYSA-N__RPIYMNCMGQDOJN-WPRPVWTQSA-N,5.008941224369966
TUUWFYIUHILAHY-UHFFFAOYSA-N__ZIZJQWNDTYTYSV-UHFFFAOYSA-N,1.5581833848584576
RPIYMNCMGQDOJN-WPRPVWTQSA-N__DZQVUUMXWSONAB-HNNXBMFYSA-N,8.793013657551423
DVWQSCLLEXMJBR-UHFFFAOYSA-N__BQWLOEWTTHICRI-UHFFFAOYSA-N,3.323736091123354
ZIZJQWNDTYTYSV-UHFFFAOYSA-N__TUUWFYIUHILAHY-UHFFFAOYSA-N,5.413564412857091
GANXCXPNTQUWFO-UHFFFAOYSA-N__RYLISNYEHPGSEE-UHFFFAOYSA-N,-0.6448112591636748
RYLISNYEHPGSEE-UHFFFAOYSA-N__GANXCXPNTQUWFO-UHFFFAOYSA-N,6.109079635373877
MWMQZNPJOVHNEN-UHFFFAOYSA-N__QJLMJLANTSJSEM-UHFFFAOYSA-N,0.2565731495517165
QJLMJLANTSJSEM-UHFFFAOYSA-N__MWMQZNPJOVHNEN-UHFFFAOYSA-N,4.262891307961309
MDINWZJKSOARHI-UHFFFAOYSA-N__YGOOABZSWGHYKG-UHFFFAOYSA-N,4.108601693915196
YGOOABZSWGHYKG-UHFFFAOYSA-N__MDINWZJKSOARHI-UHFFFAOYSA-N,6.892672792890529
DMUXFSJMYPGWCI-UHFFFAOYSA-N__YHDOAVFOOMUBHY-UHFFFAOYSA-N,7.048412144378181
YYBNJGVHDMWPRT-NRFANRHFSA-N__RNEBJRMYEZZMOX-UHFFFAOYSA-N,11.101372567826312
RNEBJRMYEZZMOX-UHFFFAOYSA-N__YYBNJGVHDMWPRT-NRFANRHFSA-N,11.94458309919907
SFCFCEYDHFNJIZ-PDBXOOCHSA-N__CZIDDUVGFMODGR-UHFFFAOYSA-N,-0.3859446987425588
RQMSELWNALCXGX-UHFFFAOYSA-N__VKIGUPVRTNKBDL-HWKANZROSA-N,5.460920217179646
VKIGUPVRTNKBDL-HWKANZROSA-N__RQMSELWNALCXGX-UHFFFAOYSA-N,9.240438347908189
USCRHNIUFVRIEB-UHFFFAOYSA-N__FYVMNKUAKTZVJA-UHFFFAOYSA-N,10.364850558057215
FYVMNKUAKTZVJA-UHFFFAOYSA-N__USCRHNIUFVRIEB-UHFFFAOYSA-N,0.4700908183850777
IOEQBEYTLBIJSP-UHFFFAOYSA-N__PSJLOYNGVXRPRR-UHFFFAOYSA-N,7.385621972472643
PSJLOYNGVXRPRR-UHFFFAOYSA-N__IOEQBEYTLBIJSP-UHFFFAOYSA-N,6.861316893274509
NSGOCRZOTVGSPL-UHFFFAOYSA-N__KECMOJDPHUKTEZ-UHFFFAOYSA-N,11.966179409367276
KECMOJDPHUKTEZ-UHFFFAOYSA-N__NSGOCRZOTVGSPL-UHFFFAOYSA-N,9.084569875369892
HXNLLZXEEDFLNH-UHFFFAOYSA-N__CYCQNNZBEPLKDW-UHFFFAOYSA-N,4.400912564224591
CYCQNNZBEPLKDW-UHFFFAOYSA-N__HXNLLZXEEDFLNH-UHFFFAOYSA-N,16.03159761262724
LCHUOONLIYHRRN-UHFFFAOYSA-N__YZXCTNJDIYOLKH-UHFFFAOYSA-N,-2.7226605311761243
YZXCTNJDIYOLKH-UHFFFAOYSA-N__LCHUOONLIYHRRN-UHFFFAOYSA-N,0.0788815717961087
LABRQNXFWMNTNO-UHFFFAOYSA-N__ACQGGUOVNFZREX-UHFFFAOYSA-N,3.419396199771189
ACQGGUOVNFZREX-UHFFFAOYSA-N__LABRQNXFWMNTNO-UHFFFAOYSA-N,3.0617150352700744
NTNUDPWOQDTQEB-UHFFFAOYSA-N__JVUVRYMTBLCQTR-KRWDZBQOSA-N,7.988513610312819
JVUVRYMTBLCQTR-KRWDZBQOSA-N__NTNUDPWOQDTQEB-UHFFFAOYSA-N,9.603892697462529
LKFZIDIRWPHNEA-UHFFFAOYSA-N__RNOFIACGURSZOY-INIZCTEOSA-N,-0.6139246521267848
QNLSLYKWBHYEHK-UHFFFAOYSA-N__KEYHXBNOPNUSQF-UHFFFAOYSA-N,12.398565938711606
RNOFIACGURSZOY-INIZCTEOSA-N__LKFZIDIRWPHNEA-UHFFFAOYSA-N,4.658798295263027
SCIDRZNHQVNCBY-UHFFFAOYSA-N__PXDZIHTWHBUJGQ-UHFFFAOYSA-N,14.16388231147049
ZIYYIMLEMUZVFN-UHFFFAOYSA-N__VEQQSDDMJDGGDX-UHFFFAOYSA-N,2.5866510350285914
NVMILPZUMPAEMK-UHFFFAOYSA-N__TWONBAXIZWSABN-UHFFFAOYSA-N,1.2926515038464503
VEQQSDDMJDGGDX-UHFFFAOYSA-N__ZIYYIMLEMUZVFN-UHFFFAOYSA-N,7.470929371581496
TWONBAXIZWSABN-UHFFFAOYSA-N__NVMILPZUMPAEMK-UHFFFAOYSA-N,6.9636695869265575
ZWJRFEVODHOXJP-CQSZACIVSA-N__ADYXAXDADSXUTK-UHFFFAOYSA-N,8.709963409407193
YANVTZTYJMYLCI-UHFFFAOYSA-N__VREKWDOPSQASGD-UHFFFAOYSA-N,3.546514847980818
ADYXAXDADSXUTK-UHFFFAOYSA-N__ZWJRFEVODHOXJP-CQSZACIVSA-N,10.042580433097552
LAPMNHGLCPMAHE-UHFFFAOYSA-N__LYUCITBSNUZOOL-UHFFFAOYSA-N,3.54904680716445
NYJISRMEPIROMA-UHFFFAOYSA-N__RTFGIUWCHSLEGT-UHFFFAOYSA-N,5.015283922466659
VYCFUNQNAPXXER-UHFFFAOYSA-N__HYQIUMZKIDBXPG-UHFFFAOYSA-N,12.87443280900178
STLHTSDWOYCOFU-UHFFFAOYSA-N__GAZYMIFNCOASEE-UHFFFAOYSA-N,3.6464381449915777
GAZYMIFNCOASEE-UHFFFAOYSA-N__STLHTSDWOYCOFU-UHFFFAOYSA-N,1.5963756358291972
HRRNODMBUNIUES-UHFFFAOYSA-N__DVKYBRDSFYYIJV-UHFFFAOYSA-N,12.119888883057197
LXXAKIHMGMBKAQ-UHFFFAOYSA-N__BKWTZRLYVUDYIT-UHFFFAOYSA-N,4.417114573070475
BKWTZRLYVUDYIT-UHFFFAOYSA-N__LXXAKIHMGMBKAQ-UHFFFAOYSA-N,2.705440043276663
OKFQJNVLPZNUBE-UHFFFAOYSA-N__SKAPDLHPMQQAGK-UHFFFAOYSA-N,4.468548331926245
SKAPDLHPMQQAGK-UHFFFAOYSA-N__OKFQJNVLPZNUBE-UHFFFAOYSA-N,4.342869811361681
FHLPOZUYIJXJFR-UHFFFAOYSA-N__SIBYCTHVAQYUJJ-UHFFFAOYSA-N,13.517442771474249
SIBYCTHVAQYUJJ-UHFFFAOYSA-N__FHLPOZUYIJXJFR-UHFFFAOYSA-N,9.886856378168678
GNNZEHZKGODQLQ-UHFFFAOYSA-N__WLMAVQPBKNDUOP-UHFFFAOYSA-N,4.27199913740604
WLMAVQPBKNDUOP-UHFFFAOYSA-N__GNNZEHZKGODQLQ-UHFFFAOYSA-N,10.414892150573955
IFINRTCKGOVVDC-UHFFFAOYSA-N__CDPKXUOZEAGXIA-UHFFFAOYSA-N,3.9154708113309247
QIORHZJXLNTFFA-UHFFFAOYSA-N__CYQUDJGXCABLPN-UHFFFAOYSA-N,7.619967778066348
JDCLQYZCDKWZIF-UHFFFAOYSA-N__LPQYOQZLKXAJDM-UHFFFAOYSA-N,10.276698723683234
PAKGNMHQNZHTQA-UHFFFAOYSA-N__KULNROVJXZQFNS-UHFFFAOYSA-N,16.159429954428372
UZDBJBSEZUQWJB-CLJLJLNGSA-N__QOWMJZDCNBSUJH-UHFFFAOYSA-N,15.404739879962436
BYJVXIPNUJXWPJ-UHFFFAOYSA-N__GAARVPDOFYSWAV-UHFFFAOYSA-N,12.891205315805204
GAARVPDOFYSWAV-UHFFFAOYSA-N__BYJVXIPNUJXWPJ-UHFFFAOYSA-N,6.903509750920982
QOWMJZDCNBSUJH-UHFFFAOYSA-N__UZDBJBSEZUQWJB-CLJLJLNGSA-N,10.535424397803531
DZQRPTHDXDSFEF-FMQUCBEESA-N__XJPWQYSUBUBXNL-UHFFFAOYSA-N,6.663622237767024
YQNUVGWKMWZMBY-UHFFFAOYSA-N__RGYBOTSIEBUYDL-UHFFFAOYSA-N,7.255571403787826
RGYBOTSIEBUYDL-UHFFFAOYSA-N__YQNUVGWKMWZMBY-UHFFFAOYSA-N,8.014367478653925
BEMXGOJYSQTFNE-UHFFFAOYSA-N__YZGMNOXCRYGEFU-UHFFFAOYSA-N,9.743866412968549
YZGMNOXCRYGEFU-UHFFFAOYSA-N__BEMXGOJYSQTFNE-UHFFFAOYSA-N,8.73767418905437
LUOFRNZCQHYLAU-UHFFFAOYSA-N__COUZLIHFLZUEPK-UHFFFAOYSA-N,9.486579881079866
XIXDJDYAHUVBED-UHFFFAOYSA-N__YLCWLMNABQUAMM-VMPITWQZSA-N,5.3142877628712535
COUZLIHFLZUEPK-UHFFFAOYSA-N__LUOFRNZCQHYLAU-UHFFFAOYSA-N,8.798417726687362
DKDYPEAJSKJHMU-UHFFFAOYSA-N__DDFPPRVWGRJIDB-UHFFFAOYSA-N,2.8809214527374967
YLCWLMNABQUAMM-VMPITWQZSA-N__XIXDJDYAHUVBED-UHFFFAOYSA-N,8.242275544511184
KZJKHVKXZZYJGK-UHFFFAOYSA-N__UATYGGBDCCMOGU-UHFFFAOYSA-N,14.09273725319555
DDFPPRVWGRJIDB-UHFFFAOYSA-N__DKDYPEAJSKJHMU-UHFFFAOYSA-N,11.437583671364225
UATYGGBDCCMOGU-UHFFFAOYSA-N__KZJKHVKXZZYJGK-UHFFFAOYSA-N,11.31217670129731
BVXIXZWREYGVFD-UHFFFAOYSA-N__VXESXNFYMIHUOM-UHFFFAOYSA-N,5.760349839732965
HKHGKGCISMWMQF-UHFFFAOYSA-N__OZYHLQNETLWTGP-UHFFFAOYSA-N,10.9052915562696
OZYHLQNETLWTGP-UHFFFAOYSA-N__HKHGKGCISMWMQF-UHFFFAOYSA-N,10.537575620567685
QIZSXESMLHGUKK-UHFFFAOYSA-N__CZVFIKZRCPZPDX-UHFFFAOYSA-N,11.336770637394746
CZVFIKZRCPZPDX-UHFFFAOYSA-N__QIZSXESMLHGUKK-UHFFFAOYSA-N,9.206824738025333
NTWYKTYYPFLZKK-UHFFFAOYSA-N__YXYNPPMAXLDSAM-UHFFFAOYSA-N,4.354480468620235
UOCAOSFVPPROSQ-UHFFFAOYSA-N__TUKUUQSLPFJLRY-UHFFFAOYSA-N,10.019988303748033
LSIDDGMQHKVZSX-MRXNPFEDSA-N__VRUAYAKBONDNBE-UHFFFAOYSA-N,6.607061653063464
JMAIRIOCDTUOPX-UHFFFAOYSA-N__LBCKQHHUJKTERZ-UHFFFAOYSA-N,3.266559314791389
LBCKQHHUJKTERZ-UHFFFAOYSA-N__JMAIRIOCDTUOPX-UHFFFAOYSA-N,-3.9038931631043865
PJCPTNXWARWUCI-UHFFFAOYSA-N__QWUZMQUDMCOFMF-UHFFFAOYSA-N,1.0281438295278946
QWUZMQUDMCOFMF-UHFFFAOYSA-N__PJCPTNXWARWUCI-UHFFFAOYSA-N,6.730785206692473
CNPPIDXUWOPEJC-UHFFFAOYSA-N__YXDLFXHYMQPLEM-UHFFFAOYSA-N,8.019213760331771
MIJIFYWSAVQYTO-UHFFFAOYSA-N__ISOQCBJGIQFRKR-UHFFFAOYSA-N,9.754176874288095
JPVRTOQTWIZLIC-UHFFFAOYSA-N__RNQGHWRNRNUMRS-UHFFFAOYSA-N,14.832661099812144
PLXFSAZTICFYLH-UHFFFAOYSA-N__MITOSSZKPVENHI-UHFFFAOYSA-N,10.74517905346662
CQGNXKPJPRMRJR-UHFFFAOYSA-N__FGXZTBZCWUEJQF-UHFFFAOYSA-N,12.456261840807658
BNCAAPQBPUDHGX-UHFFFAOYSA-N__LJJSRNRJGWWGCS-UHFFFAOYSA-N,3.9728194172871976
HCPPWXOAKSXFHS-UHFFFAOYSA-N__ODZDQXAKNQRALB-UHFFFAOYSA-N,11.068603749690382
ODZDQXAKNQRALB-UHFFFAOYSA-N__HCPPWXOAKSXFHS-UHFFFAOYSA-N,11.401531972113752
LUXVUDQPUDMSDN-UHFFFAOYSA-N__ABUNLQHETHDPHV-UHFFFAOYSA-N,11.183117814241555
ABUNLQHETHDPHV-UHFFFAOYSA-N__LUXVUDQPUDMSDN-UHFFFAOYSA-N,10.851811681803063
ZLGSCZZBUZXZOY-UHFFFAOYSA-N__UAKGOKCNJZKCIQ-UHFFFAOYSA-N,15.23410029231503
UAKGOKCNJZKCIQ-UHFFFAOYSA-N__ZLGSCZZBUZXZOY-UHFFFAOYSA-N,13.306277527812252
BFIHJUWSVWGONL-UHFFFAOYSA-N__RHBJLTIUHAVVTQ-UHFFFAOYSA-N,8.931941339880561
RHBJLTIUHAVVTQ-UHFFFAOYSA-N__BFIHJUWSVWGONL-UHFFFAOYSA-N,5.6563050754043775
MBUFKLOABHWTFJ-UHFFFAOYSA-N__REIOGPPCRAFEHA-UHFFFAOYSA-N,3.797372009405785
REIOGPPCRAFEHA-UHFFFAOYSA-N__MBUFKLOABHWTFJ-UHFFFAOYSA-N,4.7455150165215
BEEZXTYOZYXCKI-YFHOEESVSA-N__BXSKOVYJIAWQAJ-UHFFFAOYSA-N,11.94195149476204
BXSKOVYJIAWQAJ-UHFFFAOYSA-N__BEEZXTYOZYXCKI-YFHOEESVSA-N,14.550552696199906
SGKBKRRTEMYSHO-UHFFFAOYSA-N__KYWWELADRWQHBG-UHFFFAOYSA-N,3.984117955304772
KYWWELADRWQHBG-UHFFFAOYSA-N__SGKBKRRTEMYSHO-UHFFFAOYSA-N,1.0358258426155666
MXFJBJAUOKZMOV-JOCHJYFZSA-N__NYLVICUSIKUEEV-UHFFFAOYSA-N,1.4133495845383257
NYLVICUSIKUEEV-UHFFFAOYSA-N__MXFJBJAUOKZMOV-JOCHJYFZSA-N,10.245385407939311
JEYSGIFODRNBHL-UHFFFAOYSA-N__KLWMTVVTEFJXNO-UHFFFAOYSA-N,1.7999989753170669
KLWMTVVTEFJXNO-UHFFFAOYSA-N__JEYSGIFODRNBHL-UHFFFAOYSA-N,1.8476509072604148
VXRMKLFTSVBGCS-UHFFFAOYSA-N__LUPGLVATAYWNDF-UHFFFAOYSA-N,4.665475100240213
PWSYBTCJFFJAQO-UHFFFAOYSA-N__XABMWHNEKLVUKZ-UHFFFAOYSA-N,8.182944494863811
LUPGLVATAYWNDF-UHFFFAOYSA-N__VXRMKLFTSVBGCS-UHFFFAOYSA-N,-2.1865105016677417
XZGANOXOAGKZBA-UHFFFAOYSA-N__CSZVTFWYDXYLIG-UHFFFAOYSA-N,-1.0470131981308266
JAVLWKUXJWCOLL-UHFFFAOYSA-N__WJFUPOOSIXSJBR-UHFFFAOYSA-N,3.397813667128343
WJFUPOOSIXSJBR-UHFFFAOYSA-N__JAVLWKUXJWCOLL-UHFFFAOYSA-N,9.61548925723776
VZNZKVXFNJWJQU-UHFFFAOYSA-N__DAAHPDZFLSFYPJ-UHFFFAOYSA-N,7.868292138643463
DAAHPDZFLSFYPJ-UHFFFAOYSA-N__VZNZKVXFNJWJQU-UHFFFAOYSA-N,0.7926326878860142
SIJMMRHNHIOYSY-UHFFFAOYSA-N__OTLPCSJIDGYRJG-UHFFFAOYSA-N,5.237052571683464
PTRHHUMUWHJYOX-UHFFFAOYSA-N__BXAJTODXNKLLEO-UHFFFAOYSA-N,8.936154250327666
BXAJTODXNKLLEO-UHFFFAOYSA-N__PTRHHUMUWHJYOX-UHFFFAOYSA-N,12.061162803074533
QTTYTZWDELHMHT-UHFFFAOYSA-N__RQRMRUKXUCBKPP-UHFFFAOYSA-N,1.0942632189295536
REXNOGRISUMJBB-UHFFFAOYSA-N__OQUMHERMXIEISO-UHFFFAOYSA-N,-1.393422136929818
OQUMHERMXIEISO-UHFFFAOYSA-N__REXNOGRISUMJBB-UHFFFAOYSA-N,1.4505772895967433
ACOYESLDSKWYBS-UHFFFAOYSA-N__MRHGOAKYYORQGQ-UHFFFAOYSA-N,1.5387251576334375
NOADRYSEXCXCPA-UHFFFAOYSA-N__XGXDIEOUMMDTHX-UHFFFAOYSA-N,2.9201072532925423
LTEDIZCXEVNGRJ-UHFFFAOYSA-N__HDFOSIXFWNATQX-UHFFFAOYSA-N,11.189131934702292
HDFOSIXFWNATQX-UHFFFAOYSA-N__LTEDIZCXEVNGRJ-UHFFFAOYSA-N,4.291394386060653
XGXDIEOUMMDTHX-UHFFFAOYSA-N__NOADRYSEXCXCPA-UHFFFAOYSA-N,5.933625207678999
MRHGOAKYYORQGQ-UHFFFAOYSA-N__ACOYESLDSKWYBS-UHFFFAOYSA-N,7.126604089342666
DYYXKYFTJQCTNZ-UHFFFAOYSA-N__IHNLBVPXFQPQRP-UHFFFAOYSA-N,12.41923108396401
IHNLBVPXFQPQRP-UHFFFAOYSA-N__DYYXKYFTJQCTNZ-UHFFFAOYSA-N,10.850965259233622
LQBRGNDXMJUJFG-SUAVODKESA-N__YWYRVKXBPMSZBY-JTQLQIEISA-N,0.9195219302323762
YWYRVKXBPMSZBY-JTQLQIEISA-N__LQBRGNDXMJUJFG-SUAVODKESA-N,7.106657355010679
BISMFXIIDHHVBF-UHFFFAOYSA-N__VADZNOQCWWTFLI-UHFFFAOYSA-N,6.9941573103274015
VADZNOQCWWTFLI-UHFFFAOYSA-N__BISMFXIIDHHVBF-UHFFFAOYSA-N,12.921442683622637
NYEBGGMNLORUCL-UHFFFAOYSA-N__LWJILLXCSXDTAA-UHFFFAOYSA-N,6.560019784679651
LWJILLXCSXDTAA-UHFFFAOYSA-N__NYEBGGMNLORUCL-UHFFFAOYSA-N,9.240424636514604
HJMQBGKEMMQBSW-UHFFFAOYSA-N__DWPHKCZUMXLCTD-UHFFFAOYSA-N,-0.7137049427674541
DWPHKCZUMXLCTD-UHFFFAOYSA-N__HJMQBGKEMMQBSW-UHFFFAOYSA-N,4.438916262862947
XORXIYZGMHSWOT-UHFFFAOYSA-N__MPUAHKMJGSMMIL-UHFFFAOYSA-N,18.082439362389987
MPUAHKMJGSMMIL-UHFFFAOYSA-N__XORXIYZGMHSWOT-UHFFFAOYSA-N,15.09947776812992
BCKVOUKSMGXCMA-UHFFFAOYSA-N__SKPCVWXHPGDJNX-UHFFFAOYSA-N,5.583065647363709
SKPCVWXHPGDJNX-UHFFFAOYSA-N__BCKVOUKSMGXCMA-UHFFFAOYSA-N,6.522936718454652
DXXFMLGWAXJNEL-UHFFFAOYSA-N__XVKUKGBHASDTMI-UHFFFAOYSA-N,6.832641912641819
UBCRHODHXCMQLJ-IWCJZZDYSA-N__OIGXBLBJHDODOS-UHFFFAOYSA-N,3.4828909962738925
OIGXBLBJHDODOS-UHFFFAOYSA-N__UBCRHODHXCMQLJ-IWCJZZDYSA-N,7.555403399694826
UICGEOPAJCZRQZ-UHFFFAOYSA-N__VRSUAXVFGAXYPD-UHFFFAOYSA-N,3.6976378263838257
VRSUAXVFGAXYPD-UHFFFAOYSA-N__UICGEOPAJCZRQZ-UHFFFAOYSA-N,11.47005020705815
DOTYTGMAVGREQO-UHFFFAOYSA-N__HONDBLQMNYRBCY-UHFFFAOYSA-N,6.558289948976134
HONDBLQMNYRBCY-UHFFFAOYSA-N__DOTYTGMAVGREQO-UHFFFAOYSA-N,9.45161154678806
RXOUXRCBLMQZEF-UHFFFAOYSA-N__XUROIUPHORUYIC-UHFFFAOYSA-N,9.213566164237813
RMLHINUDEAUYIP-UHFFFAOYSA-N__WVZLCVZOUFXSJH-UHFFFAOYSA-N,8.177289822810183
PHPIMAQQNGKQPN-UHFFFAOYSA-N__BKFJAEQJRREULH-UHFFFAOYSA-N,7.782753657191501
WVZLCVZOUFXSJH-UHFFFAOYSA-N__RMLHINUDEAUYIP-UHFFFAOYSA-N,8.659909173664218
QTDFCQKKMWDINE-UHFFFAOYSA-N__YLDIEZOVPJZSEB-UHFFFAOYSA-N,9.313025594542946
UTUYPQJLQYAIMD-UHFFFAOYSA-N__TYVMRQWWYBPVRT-UHFFFAOYSA-N,12.664600016251574
FWJYMVWIBIQKBK-UHFFFAOYSA-N__PXKZVPSOSXTRBA-UHFFFAOYSA-N,2.993018686969561
LOPMQEZIXJSPAF-UHFFFAOYSA-N__MBSPGZYVGYAPKD-UHFFFAOYSA-N,3.5905159363104646
MBSPGZYVGYAPKD-UHFFFAOYSA-N__LOPMQEZIXJSPAF-UHFFFAOYSA-N,6.313583976076375
HXCZLUDZLXHJRH-UHFFFAOYSA-N__ILJUTSUIJWMWMY-UHFFFAOYSA-N,6.874800045611011
ILJUTSUIJWMWMY-UHFFFAOYSA-N__HXCZLUDZLXHJRH-UHFFFAOYSA-N,6.666975250955789
XVDAJTSEMFGUGD-UHFFFAOYSA-N__KWBXCAOOXQOCMV-UHFFFAOYSA-N,8.051110699942978
KIUHPDFSBQZXFQ-UHFFFAOYSA-N__OSBWHLHIMHBANG-UHFFFAOYSA-N,14.440355201769393
NLUNLPBZPIJMHI-UHFFFAOYSA-N__TYBCYHWXEUXLFM-FOWTUZBSSA-N,9.27271165439035
TYBCYHWXEUXLFM-FOWTUZBSSA-N__NLUNLPBZPIJMHI-UHFFFAOYSA-N,10.079436519503965
LGHPRLYWKVOQJT-UHFFFAOYSA-N__IGPMMYMLJNDDEQ-UHFFFAOYSA-N,2.512755158833805
IGPMMYMLJNDDEQ-UHFFFAOYSA-N__LGHPRLYWKVOQJT-UHFFFAOYSA-N,8.301923033795099
SCWNJHVRZRMMGA-UHFFFAOYSA-N__WWTUGBCWJDWHFE-UHFFFAOYSA-N,10.890279282388796
GDLULBVWJSNANK-UHFFFAOYSA-N__LYLPKXDIFCUSLN-UHFFFAOYSA-N,14.211811041436071
LYLPKXDIFCUSLN-UHFFFAOYSA-N__GDLULBVWJSNANK-UHFFFAOYSA-N,3.3444928205433624
ORWZEVZUYGTEOW-UHFFFAOYSA-N__XEIFQPKPDMWCPS-UHFFFAOYSA-N,2.2650020512008733
LQZQWZLGRNRHDV-UHFFFAOYSA-N__VGCOTOJIRNZMSX-UHFFFAOYSA-N,9.388758152639276
FPPJMIHRGUHUCJ-UHFFFAOYSA-N__YNDWGXHBJFRYCN-UHFFFAOYSA-N,6.591239084504123
MTUYEWKXSIOKJY-UHFFFAOYSA-N__YOWVDSFLNOVBGM-UHFFFAOYSA-N,2.5452492277485472
YOWVDSFLNOVBGM-UHFFFAOYSA-N__MTUYEWKXSIOKJY-UHFFFAOYSA-N,9.977687179461398
DTTKWUUEILUMOS-UHFFFAOYSA-N__GCYWCEJIAVDFRF-UHFFFAOYSA-N,2.4691589002218364
UCAXZWPSIMVVKX-UHFFFAOYSA-N__PQOKVQUSIUCNCE-INIZCTEOSA-N,3.4614198680707564
CTPGPXMWLMBJQR-UHFFFAOYSA-N__ASQVMBAUEAKBOF-UHFFFAOYSA-N,1.9301668581400453
ASQVMBAUEAKBOF-UHFFFAOYSA-N__CTPGPXMWLMBJQR-UHFFFAOYSA-N,0.6687436386232292
FSVOKYWVYDGMNB-UHFFFAOYSA-N__YBNCVNHQOMIQRJ-QWHCGFSZSA-N,2.766340668711663
YBNCVNHQOMIQRJ-QWHCGFSZSA-N__FSVOKYWVYDGMNB-UHFFFAOYSA-N,-1.754535215111532
DYXJFLKQBAPWDM-UHFFFAOYSA-N__CHRKOOADIPYFAB-UHFFFAOYSA-N,2.298525049488452
CHRKOOADIPYFAB-UHFFFAOYSA-N__DYXJFLKQBAPWDM-UHFFFAOYSA-N,4.3302939331044765
ISUVXAWPPPYVSX-UHFFFAOYSA-N__SROOMKIJZQRSIE-UHFFFAOYSA-N,4.099150143584463
SROOMKIJZQRSIE-UHFFFAOYSA-N__ISUVXAWPPPYVSX-UHFFFAOYSA-N,3.513987708253996
SKXITSHWAIZZLW-ZDUSSCGKSA-N__PIXDTGJXVWDNPG-UHFFFAOYSA-N,-3.438370253054586
QLTNKRKDXTWCQP-UHFFFAOYSA-N__KNOADQWVXYCNRV-UHFFFAOYSA-N,10.76352284706586
PIXDTGJXVWDNPG-UHFFFAOYSA-N__SKXITSHWAIZZLW-ZDUSSCGKSA-N,6.100215411291317
IHVIFUGAQCYWTG-UHFFFAOYSA-N__ADKRIPFKSYYVKA-UHFFFAOYSA-N,15.590211988965285
AKHGFOHHEWGKCF-UHFFFAOYSA-N__ILUJZWURMQUOKS-UHFFFAOYSA-N,-0.6944383715740515
AGFLIUIEUMXSEY-UHFFFAOYSA-N__ATBJCFSHEIOMJV-UHFFFAOYSA-N,11.894566231692398
ILUJZWURMQUOKS-UHFFFAOYSA-N__AKHGFOHHEWGKCF-UHFFFAOYSA-N,14.885759388490303
GVLZTFUWTWYPIR-UHFFFAOYSA-N__UFZVCUNQFNKZKW-UHFFFAOYSA-N,0.3414257313077725
UFZVCUNQFNKZKW-UHFFFAOYSA-N__GVLZTFUWTWYPIR-UHFFFAOYSA-N,0.3985958045739524
IJMRQRGALVMZTQ-UHFFFAOYSA-N__RXAOIZCSQHPWDL-UHFFFAOYSA-N,3.615938410219051
RXAOIZCSQHPWDL-UHFFFAOYSA-N__IJMRQRGALVMZTQ-UHFFFAOYSA-N,4.639019659210596
DKFZMJYREURAII-UHFFFAOYSA-N__RRZXHJHNTDZWCN-UHFFFAOYSA-N,-6.669054740928496
LYVKMHBRZWPGSI-UHFFFAOYSA-N__JSUVKTNZJRVEPW-UHFFFAOYSA-N,17.859518683167167
MBJFFFOGYVESAP-UHFFFAOYSA-N__WTLTWJOCNQRIDB-SFHVURJKSA-N,14.522264180625326
ZARSNCHBDTYSKU-LEWJYISDSA-N__DTIISYYWTCUSCJ-UHFFFAOYSA-N,15.170597237829323
IRUUIBKAUGXDOE-UHFFFAOYSA-N__BGBMNCMJDCAGEM-UHFFFAOYSA-N,7.026788083974196
JHTCJVOSRZCISE-UHFFFAOYSA-N__ZJVDXHSHDRVJOA-UHFFFAOYSA-N,5.172950081628675
ZJVDXHSHDRVJOA-UHFFFAOYSA-N__JHTCJVOSRZCISE-UHFFFAOYSA-N,4.887258428857194
BWFGIOHYRKRUNU-UHFFFAOYSA-N__RQTXBYZLOBACCL-SFHVURJKSA-N,11.868208188719796
IPUDPZNYUIARBZ-UHFFFAOYSA-N__UQCDLGKZORGBCI-UHFFFAOYSA-N,9.794382906567218
UQCDLGKZORGBCI-UHFFFAOYSA-N__IPUDPZNYUIARBZ-UHFFFAOYSA-N,5.716542676318548
RQTXBYZLOBACCL-SFHVURJKSA-N__BWFGIOHYRKRUNU-UHFFFAOYSA-N,2.4883385646977354
QIRQIWLATSBYCV-UHFFFAOYSA-N__YJSZMALPXJAEOV-UHFFFAOYSA-N,9.698850224583952
AVSGCXYCWJRJPO-UHFFFAOYSA-N__PQIQYORFAKRILR-UHFFFAOYSA-N,3.114711163404356
YJSZMALPXJAEOV-UHFFFAOYSA-N__QIRQIWLATSBYCV-UHFFFAOYSA-N,5.781183294287367
PQIQYORFAKRILR-UHFFFAOYSA-N__AVSGCXYCWJRJPO-UHFFFAOYSA-N,9.280243093263904
CQTIAFHKVBHZMH-UHFFFAOYSA-N__DQPNBPQGDAVKTA-UHFFFAOYSA-N,2.2382005629732893
DQPNBPQGDAVKTA-UHFFFAOYSA-N__CQTIAFHKVBHZMH-UHFFFAOYSA-N,2.099515946179814
MWJATKYRMBXNSP-UHFFFAOYSA-N__FGPZXUJPSDHJEP-UHFFFAOYSA-N,5.775236796888256
ANVVHXVNYURAKK-UHFFFAOYSA-N__OWLMLZIIXBPHAS-UHFFFAOYSA-N,6.574891840354692
AUUYYWJEQVXVPJ-UHFFFAOYSA-N__JWROZJJFRQDRQB-UHFFFAOYSA-N,2.906408975776104
FCCMBBCBTYCOGW-UHFFFAOYSA-N__MWQUXLHXNMFUQZ-UHFFFAOYSA-N,3.06934684064006
JWROZJJFRQDRQB-UHFFFAOYSA-N__AUUYYWJEQVXVPJ-UHFFFAOYSA-N,5.390479147675428
VHYPPVUIHSBMOG-UHFFFAOYSA-N__QKGGNUDFUDXOBP-UHFFFAOYSA-N,5.037508082183064
LFSXMNYQYJOAJS-UHFFFAOYSA-N__NXMVXWLGKYVOCT-UHFFFAOYSA-N,3.6644535538570553
UGLSPKSELNZCES-UHFFFAOYSA-N__PPOHBKXHMLFEQL-UHFFFAOYSA-N,5.158969835754831
PGLGLHPSWHGHNT-UHFFFAOYSA-N__SXEIKKZOPGCKLW-UHFFFAOYSA-N,5.856585471497488
SXEIKKZOPGCKLW-UHFFFAOYSA-N__PGLGLHPSWHGHNT-UHFFFAOYSA-N,9.283251849806517
DUCCJHRWDRCXOJ-UHFFFAOYSA-N__PZOQCVSRIPRPOA-UHFFFAOYSA-N,7.815535593603845
PZOQCVSRIPRPOA-UHFFFAOYSA-N__DUCCJHRWDRCXOJ-UHFFFAOYSA-N,6.575494529293421
OUXFZWVJTHPVHP-UHFFFAOYSA-N__RTQJZRLMDACCMP-UHFFFAOYSA-N,3.074168186642093
RTQJZRLMDACCMP-UHFFFAOYSA-N__OUXFZWVJTHPVHP-UHFFFAOYSA-N,2.5835151803401213
MVUIIWKGQNOXGJ-UHFFFAOYSA-N__CRKUDTKDIKKERW-UHFFFAOYSA-N,1.9532889657140564
JTNLQHDXNNUTEW-UHFFFAOYSA-N__ZMODGAASZKLLDT-UHFFFAOYSA-N,4.860934119655276
QUGPKKFFRVROEC-UHFFFAOYSA-N__NPSBYUMJLRAUTN-UHFFFAOYSA-N,11.207670541251703
NPSBYUMJLRAUTN-UHFFFAOYSA-N__QUGPKKFFRVROEC-UHFFFAOYSA-N,9.898118195356528
ZMODGAASZKLLDT-UHFFFAOYSA-N__JTNLQHDXNNUTEW-UHFFFAOYSA-N,2.596742873959913
ASIZJWAQVNOSNV-UHFFFAOYSA-N__LLTYZFVMNFGOTB-AWEZNQCLSA-N,15.617212571587196
RZSDDSVDXRSHQK-UHFFFAOYSA-N__YBVPFTWCOHIYCA-UHFFFAOYSA-N,9.46784532364284
YBVPFTWCOHIYCA-UHFFFAOYSA-N__RZSDDSVDXRSHQK-UHFFFAOYSA-N,9.416726153447186
FCURPBCSDOKQGO-UHFFFAOYSA-N__DDRFGUPGWQSEPH-UHFFFAOYSA-N,5.365105058473215
JZFVJKLUHYVGNA-UHFFFAOYSA-N__HABARMWXJHHKRO-UHFFFAOYSA-N,7.693003222027377
VNBBOJHYJIIJBK-UHFFFAOYSA-N__WMHUKUILVHOVJF-UHFFFAOYSA-N,10.687804281441007
WMHUKUILVHOVJF-UHFFFAOYSA-N__VNBBOJHYJIIJBK-UHFFFAOYSA-N,11.34122538412542
LHTFBEWDJOHMRT-UHFFFAOYSA-N__SSAGWVRMSAWYNC-UHFFFAOYSA-N,2.190690179219267
SSAGWVRMSAWYNC-UHFFFAOYSA-N__LHTFBEWDJOHMRT-UHFFFAOYSA-N,2.380067429001686
BXZVQFINCIWELI-UHFFFAOYSA-N__KYYVFDHGBJUFPV-UHFFFAOYSA-N,11.080339065352918
KYYVFDHGBJUFPV-UHFFFAOYSA-N__BXZVQFINCIWELI-UHFFFAOYSA-N,13.672510474129384
GYTNOXAZCCKLBH-UHFFFAOYSA-N__MBSUHZSORCBZHU-UHFFFAOYSA-N,-0.5991278682564641
MBSUHZSORCBZHU-UHFFFAOYSA-N__GYTNOXAZCCKLBH-UHFFFAOYSA-N,11.905358978737889
CKFRPLIYYYENRM-UHFFFAOYSA-N__ZWAJDQXQVFJJTE-INIZCTEOSA-N,13.311542674911031
FHOYIDUHXVDMBW-UHFFFAOYSA-N__BAMUPYXNRNZMEV-UHFFFAOYSA-N,8.897101328706334
BAMUPYXNRNZMEV-UHFFFAOYSA-N__FHOYIDUHXVDMBW-UHFFFAOYSA-N,7.2464567672642195
QJUXOHWVIDELRC-UHFFFAOYSA-N__ZBRDESMIBPQMNU-UHFFFAOYSA-N,6.655653308708904
ZBRDESMIBPQMNU-UHFFFAOYSA-N__QJUXOHWVIDELRC-UHFFFAOYSA-N,1.3005579482179914
DMBVRPLOYSLLBO-UHFFFAOYSA-N__OWJMNNILOKQPFI-UHFFFAOYSA-N,3.101230256409408
HJJJHZCHYSRRAV-UHFFFAOYSA-N__LXEJABZOIWWHJE-UHFFFAOYSA-N,7.7265458981219455
LXEJABZOIWWHJE-UHFFFAOYSA-N__HJJJHZCHYSRRAV-UHFFFAOYSA-N,11.961513866698334
OWJMNNILOKQPFI-UHFFFAOYSA-N__DMBVRPLOYSLLBO-UHFFFAOYSA-N,5.102505290553228
OGEPZQAUIAZXAX-UHFFFAOYSA-N__NEKUHNNWXNNPKH-UHFFFAOYSA-N,6.829367027836746
NEKUHNNWXNNPKH-UHFFFAOYSA-N__OGEPZQAUIAZXAX-UHFFFAOYSA-N,6.956139068333425
ZPFPBEAPNZQTMG-UHFFFAOYSA-N__WSRKXMDTKQHFLX-UHFFFAOYSA-N,9.902894112036462
WSRKXMDTKQHFLX-UHFFFAOYSA-N__ZPFPBEAPNZQTMG-UHFFFAOYSA-N,8.937689942174819
VOCRYNHRMUAHKM-UHFFFAOYSA-N__MFBXUCNGQIZZLN-UHFFFAOYSA-N,14.174897334060793
PSPUCTNWXJAVAM-UHFFFAOYSA-N__BKDMDXADLGBDAA-UHFFFAOYSA-N,2.4534023013939685
MGLHDYFJQNTTSU-UHFFFAOYSA-N__WKYMIRPBLVWLDT-UHFFFAOYSA-N,-0.0060942452108927
WKYMIRPBLVWLDT-UHFFFAOYSA-N__MGLHDYFJQNTTSU-UHFFFAOYSA-N,0.6462882241359796
WVCFFTMRSUBABJ-UHFFFAOYSA-N__MGZQOPWYQAGKNP-UHFFFAOYSA-N,10.722687457762136
MGZQOPWYQAGKNP-UHFFFAOYSA-N__WVCFFTMRSUBABJ-UHFFFAOYSA-N,11.108305242935495
LFOCPNZCWSZXJK-UHFFFAOYSA-N__KNVMPMOUYCPCJH-UHFFFAOYSA-N,7.575438178325064
KNVMPMOUYCPCJH-UHFFFAOYSA-N__LFOCPNZCWSZXJK-UHFFFAOYSA-N,5.936725350207892
ZFLLAZOHUPBUTN-APSNUPSMSA-N__STKKNHRYIGANOP-UHFFFAOYSA-N,9.31791588631353
JLEIRYAPNPAKIH-UHFFFAOYSA-N__KPNGRZYPLQVRSF-UHFFFAOYSA-N,4.848101877239567
KPNGRZYPLQVRSF-UHFFFAOYSA-N__JLEIRYAPNPAKIH-UHFFFAOYSA-N,2.499827561026924
RBLYLTHHCOXQSF-UHFFFAOYSA-N__BRGVJCFCSSUMMO-UHFFFAOYSA-N,8.003175347668
BRGVJCFCSSUMMO-UHFFFAOYSA-N__RBLYLTHHCOXQSF-UHFFFAOYSA-N,9.342619314878922
AMLMDSSSXXZMRK-UHFFFAOYSA-N__NNBTWXDMWKOGQH-UHFFFAOYSA-N,8.312021564449214
NNBTWXDMWKOGQH-UHFFFAOYSA-N__AMLMDSSSXXZMRK-UHFFFAOYSA-N,3.60461258210591
NMLYGLCBSFKJFI-UHFFFAOYSA-N__ZKUCPOQLSHJFLU-UHFFFAOYSA-N,15.24539518880437
ZKUCPOQLSHJFLU-UHFFFAOYSA-N__NMLYGLCBSFKJFI-UHFFFAOYSA-N,7.785923045186469
PAYBMYBMDOXEGT-UHFFFAOYSA-N__ZQHKFSSRLBJJFW-UHFFFAOYSA-N,10.028373206977085
ZQHKFSSRLBJJFW-UHFFFAOYSA-N__PAYBMYBMDOXEGT-UHFFFAOYSA-N,6.425273121585288
OKZHNSJAHJRNSF-UHFFFAOYSA-N__VOXRPBNXXOLMRM-UHFFFAOYSA-N,17.323387133032373
RXFAPEBUFVQFJC-UHFFFAOYSA-N__NBIBJVOUIIPKCF-FYJGNVAPSA-N,13.405621906798974
NFNBAMMPOAXVCU-VMPITWQZSA-N__MYJSHORNYHNRIP-UHFFFAOYSA-N,5.188334585184885
MYJSHORNYHNRIP-UHFFFAOYSA-N__NFNBAMMPOAXVCU-VMPITWQZSA-N,3.5934511872020325
UIWDVXMMNUZCPL-UHFFFAOYSA-N__ISQKRJGRHQUEOW-UHFFFAOYSA-N,2.696623904131612
IHSPSWZOECSZOH-UHFFFAOYSA-N__NFRUTBTWJDYKMN-UHFFFAOYSA-N,4.638393176885214
NFRUTBTWJDYKMN-UHFFFAOYSA-N__IHSPSWZOECSZOH-UHFFFAOYSA-N,8.232069390628467
MEBIARJFUWUMDG-UHFFFAOYSA-N__IKQWMQSKWAMIFQ-UHFFFAOYSA-N,5.838181214047602
DZWFNJGEHASIJD-UHFFFAOYSA-N__WEBNDBKQEDIBAG-UHFFFAOYSA-N,0.96531753535473
XMRJDGIQAJILNK-UHFFFAOYSA-N__HRZMFEAOIITCOO-UHFFFAOYSA-N,13.148286115509478
YWQLXVKILARFRL-UHFFFAOYSA-N__GEHJAPKCHDTSBA-UHFFFAOYSA-N,10.689310895922404
SCBKXVIVSIUEMG-UHFFFAOYSA-N__JXKLCXIJBUPHNR-UHFFFAOYSA-N,6.342974578323724
JYJAXIHUUFYELJ-UHFFFAOYSA-N__PLOXLMVGJGIFAA-UHFFFAOYSA-N,6.985801235417676
PLOXLMVGJGIFAA-UHFFFAOYSA-N__JYJAXIHUUFYELJ-UHFFFAOYSA-N,6.434482170176963
YEMVBFYSJKRPRL-UHFFFAOYSA-N__BNLQTCDUHATMRL-UHFFFAOYSA-N,8.226329852240312
BNLQTCDUHATMRL-UHFFFAOYSA-N__YEMVBFYSJKRPRL-UHFFFAOYSA-N,3.959201635486668
GTHCVJTYQGMAFU-UHFFFAOYSA-N__DMXSUJWGATXHMY-UHFFFAOYSA-N,0.6042431714442823
DMXSUJWGATXHMY-UHFFFAOYSA-N__GTHCVJTYQGMAFU-UHFFFAOYSA-N,6.320497582475798
IPWXJCOSPVHJLK-UHFFFAOYSA-N__HSYXFEXCFMCNAO-UHFFFAOYSA-N,-1.5432444183760352
HSYXFEXCFMCNAO-UHFFFAOYSA-N__IPWXJCOSPVHJLK-UHFFFAOYSA-N,0.198202627187475
VVLCZNOAJZQSNK-UHFFFAOYSA-N__MSKJLYOFFQURDR-UHFFFAOYSA-N,12.468148371099607
DOJIJDDRNKDSRA-UHFFFAOYSA-N__KOCCXBOHNLTTHQ-QHCPKHFHSA-N,11.184428468061816
FPOPYXIRHBCNBP-UHFFFAOYSA-N__SWUBDVMZGCTLRZ-UHFFFAOYSA-N,3.0729293815400744
SWUBDVMZGCTLRZ-UHFFFAOYSA-N__FPOPYXIRHBCNBP-UHFFFAOYSA-N,7.252114233902736
RYVUCDZIPRHFIW-UHFFFAOYSA-N__QLHBNNVFKASDJS-UHFFFAOYSA-N,6.434036274051131
JXGAIFHWJGFTNR-UHFFFAOYSA-N__RQPMTDCNBTVSGK-UHFFFAOYSA-N,3.9429566618867296
SKZNPWLZCCHQMX-UHFFFAOYSA-N__ZQRRHNUKMNICQQ-UHFFFAOYSA-N,8.457012804988821
FHUZYUCCEJJCDZ-UHFFFAOYSA-N__ZERLHFVFSHBZLK-UHFFFAOYSA-N,2.4907610073006388
ZERLHFVFSHBZLK-UHFFFAOYSA-N__FHUZYUCCEJJCDZ-UHFFFAOYSA-N,4.122042971922939
XYAHMQLGPHEWGM-UHFFFAOYSA-N__HCKNFPPDFUFKNR-UHFFFAOYSA-N,5.362797917376588
OPWARELNXFQRNZ-UHFFFAOYSA-N__OXLUARCJQCOXLQ-UHFFFAOYSA-N,10.014960962033228
OXLUARCJQCOXLQ-UHFFFAOYSA-N__OPWARELNXFQRNZ-UHFFFAOYSA-N,0.2283912254215685
BLKDVIHPMUEAJS-UHFFFAOYSA-N__OHQJBHHLWKVOPS-UHFFFAOYSA-N,4.712797587700518
UGCOSHYCRCACRW-UHFFFAOYSA-N__OTWWDQDXGRWTFB-UHFFFAOYSA-N,5.54963369077766
WPYQIZKWYFIEAJ-UHFFFAOYSA-N__NWTODNUWRPRHKS-UHFFFAOYSA-N,0.8419842880985262
NWTODNUWRPRHKS-UHFFFAOYSA-N__WPYQIZKWYFIEAJ-UHFFFAOYSA-N,4.7631974523775735
BKQHZVKIZMLDBW-UHFFFAOYSA-N__XERRJWKNPWSYJS-UHFFFAOYSA-N,18.64781465870494
BUBLBSYIMSDBHI-UHFFFAOYSA-N__LYTFRWCIYLBWTE-TWOTXZKJSA-N,4.961247416171691
LYTFRWCIYLBWTE-TWOTXZKJSA-N__BUBLBSYIMSDBHI-UHFFFAOYSA-N,12.783306221376758
XERRJWKNPWSYJS-UHFFFAOYSA-N__BKQHZVKIZMLDBW-UHFFFAOYSA-N,15.464428483666032
GKVFXEYCXNIGOA-UHFFFAOYSA-N__CXCFIXRIGMVYSF-UHFFFAOYSA-N,10.756776128741569
LFOIOKMHVHLARR-UHFFFAOYSA-N__YHRJJFZBSSSKQM-UHFFFAOYSA-N,9.731088930091646
YHRJJFZBSSSKQM-UHFFFAOYSA-N__LFOIOKMHVHLARR-UHFFFAOYSA-N,1.1689344385867977
ROIPHKCRONIZCP-UHFFFAOYSA-N__VDDCOXHLECSHOB-UHFFFAOYSA-N,12.573339035724532
VDDCOXHLECSHOB-UHFFFAOYSA-N__ROIPHKCRONIZCP-UHFFFAOYSA-N,4.29250817135244
BYEPRSHSKUXCKJ-UHFFFAOYSA-N__MAUPJWCMXPEKHE-UHFFFAOYSA-N,7.663765990362521
IMPVHNRXSOFJNZ-UHFFFAOYSA-N__ZIYIJFOHYMEGET-KPKJPENVSA-N,2.7061044676224912
MAUPJWCMXPEKHE-UHFFFAOYSA-N__BYEPRSHSKUXCKJ-UHFFFAOYSA-N,12.142421206948944
CCWJLISLEMOMMT-UHFFFAOYSA-N__OVBJOTVZEFISLV-UHFFFAOYSA-N,4.717776308004265
OVBJOTVZEFISLV-UHFFFAOYSA-N__CCWJLISLEMOMMT-UHFFFAOYSA-N,2.247514700027383
CNUTWHJAJAGSPC-UHFFFAOYSA-N__KUKRHPLXVUFDDV-UHFFFAOYSA-N,10.419926296228695
KUKRHPLXVUFDDV-UHFFFAOYSA-N__CNUTWHJAJAGSPC-UHFFFAOYSA-N,9.965817079670652
BKNVVYRQMKQLFC-UHFFFAOYSA-N__KDMDKIMRUXKBHZ-UHFFFAOYSA-N,13.929269772654788
WAXHIDSFKPFKBM-UHFFFAOYSA-N__ZQBWPUQDQJPKFQ-UHFFFAOYSA-N,5.477779037155368
ZQBWPUQDQJPKFQ-UHFFFAOYSA-N__WAXHIDSFKPFKBM-UHFFFAOYSA-N,6.725534700613182
HQDKDARNJNFOCP-UHFFFAOYSA-N__XTWOZGRKKGNJIO-UHFFFAOYSA-N,6.951750029696359
AVYKCGZXYKXUEI-UHFFFAOYSA-N__OZKNFZSDRXGTHN-UHFFFAOYSA-N,10.730622023834584
RADZXHMMFOVZFT-UHFFFAOYSA-N__NDKBDDUTJPPGKS-UHFFFAOYSA-N,3.886459131908565
NDKBDDUTJPPGKS-UHFFFAOYSA-N__RADZXHMMFOVZFT-UHFFFAOYSA-N,6.575604066205925
OULPHKNPUILLFJ-UHFFFAOYSA-N__DJMUPJJISKXBJC-UHFFFAOYSA-N,8.857499239444202
DJMUPJJISKXBJC-UHFFFAOYSA-N__OULPHKNPUILLFJ-UHFFFAOYSA-N,7.173657331857473
DAVYRPLEKYRJBY-UHFFFAOYSA-N__SJZWANGLIFWFBR-UHFFFAOYSA-N,5.732764564648382
NAXNRSWSKHNCMD-UHFFFAOYSA-N__JEUMBZDIZMGIHT-UHFFFAOYSA-N,11.479529754459568
JEUMBZDIZMGIHT-UHFFFAOYSA-N__NAXNRSWSKHNCMD-UHFFFAOYSA-N,18.26319188386488
JWTCDITWFSXTBN-UHFFFAOYSA-N__AXKWOSREARJWBR-UHFFFAOYSA-N,17.68053652162323
AXKWOSREARJWBR-UHFFFAOYSA-N__JWTCDITWFSXTBN-UHFFFAOYSA-N,1.767373499560592
HUWJSTCEZBSJIZ-UHFFFAOYSA-N__RPIOTHRBMOELIP-UHFFFAOYSA-N,5.909626873861648
KXNBDTRAYHBFOU-UHFFFAOYSA-N__TYIBCZPQJOLCCF-UHFFFAOYSA-N,6.458662987612348
QEGCVLRRTPJLGR-UHFFFAOYSA-N__VYKPDQPJVVVCCZ-WMLDXEAASA-N,-0.6451036287587189
VYKPDQPJVVVCCZ-WMLDXEAASA-N__QEGCVLRRTPJLGR-UHFFFAOYSA-N,1.2500027349975882
SDHBVUCFEHUWAD-UHFFFAOYSA-N__WCHBJBRXJVUQLX-UHFFFAOYSA-N,7.381451263874254
WCHBJBRXJVUQLX-UHFFFAOYSA-N__SDHBVUCFEHUWAD-UHFFFAOYSA-N,10.83613990871751
XGTKTGKVQNBCSA-UHFFFAOYSA-N__ZPKPTOAFWKNCEE-UHFFFAOYSA-N,10.839470264602236
ZPKPTOAFWKNCEE-UHFFFAOYSA-N__XGTKTGKVQNBCSA-UHFFFAOYSA-N,7.051895687003336
LYXVXPPDJXZRIX-UHFFFAOYSA-N__HKMUPYCHQCESBN-UHFFFAOYSA-N,5.226472620723701
HKMUPYCHQCESBN-UHFFFAOYSA-N__LYXVXPPDJXZRIX-UHFFFAOYSA-N,7.958680490866925
UTMHOZQQUCAPDM-SNAWJCMRSA-N__YSLGHLDMVQRRRR-KNTRCKAVSA-N,-9.576417247430964
HVGINEQUPMNLOD-UHFFFAOYSA-N__YCQGOICRZSTAAZ-UHFFFAOYSA-N,11.49469903716948
YSLGHLDMVQRRRR-KNTRCKAVSA-N__UTMHOZQQUCAPDM-SNAWJCMRSA-N,-7.263299683652783
HNONAZINNAHQRT-UHFFFAOYSA-N__JBSDKIJNZWAQHW-UHFFFAOYSA-N,7.655779373514653
JBSDKIJNZWAQHW-UHFFFAOYSA-N__HNONAZINNAHQRT-UHFFFAOYSA-N,6.306088522307581
VZDPWSVTSCFJLE-UHFFFAOYSA-N__WXFAZCYUMXZXBA-UHFFFAOYSA-N,6.015119797529196
WXFAZCYUMXZXBA-UHFFFAOYSA-N__VZDPWSVTSCFJLE-UHFFFAOYSA-N,4.789784641751435
QOUXVLCGMXRTPR-UHFFFAOYSA-N__MYTIAZAXXFQBCE-UHFFFAOYSA-N,5.440658099464756
MYTIAZAXXFQBCE-UHFFFAOYSA-N__QOUXVLCGMXRTPR-UHFFFAOYSA-N,4.5763382534879975
HWTZTVSRASJMPL-QGZVFWFLSA-N__WDCJIHWCUAJZPP-UHFFFAOYSA-N,12.878770995082808
CSBFNXIMTWXOMD-UHFFFAOYSA-N__WTZHKYKKOUCAIB-UHFFFAOYSA-N,6.335945630681884
WTZHKYKKOUCAIB-UHFFFAOYSA-N__CSBFNXIMTWXOMD-UHFFFAOYSA-N,8.481628027029785
OVMUYXQMIBNBIY-UHFFFAOYSA-N__XCELPZGCIVHDND-UHFFFAOYSA-N,0.8979181274120485
RFCMYJOBINUNMK-UHFFFAOYSA-N__AODKAVPABUIILS-UHFFFAOYSA-N,11.275359053149376
AODKAVPABUIILS-UHFFFAOYSA-N__RFCMYJOBINUNMK-UHFFFAOYSA-N,-0.1413893962939924
YYLHSPVDJPDPDM-UHFFFAOYSA-N__KIOOSDQBZZDHMO-UHFFFAOYSA-N,5.270067397327489
KIOOSDQBZZDHMO-UHFFFAOYSA-N__YYLHSPVDJPDPDM-UHFFFAOYSA-N,4.021651388791671
GKOHPIXPPDFQOH-UHFFFAOYSA-N__MVAMOVYFPPIZEC-UHFFFAOYSA-N,12.666619273870536
MVAMOVYFPPIZEC-UHFFFAOYSA-N__GKOHPIXPPDFQOH-UHFFFAOYSA-N,8.811814275570862
BCLQXSXTUHMHCE-UHFFFAOYSA-N__FZTQUUUIQHCBMI-UHFFFAOYSA-N,0.8316282228176177
AOKNSGMKZBAINX-UHFFFAOYSA-N__YRHKZTRPLYFWLF-UHFFFAOYSA-N,5.975263492499643
XTVKUSPHSRPAEI-UHFFFAOYSA-N__PPEYASIQZSOUPF-UHFFFAOYSA-N,10.806492439367704
CYCWXKDJRZUITF-UHFFFAOYSA-N__LMYIRJAVWKRLGS-UHFFFAOYSA-N,-0.1269029251327766
LMYIRJAVWKRLGS-UHFFFAOYSA-N__CYCWXKDJRZUITF-UHFFFAOYSA-N,4.577135099694929
JEZUSVWEUHJWAS-UHFFFAOYSA-N__VPYCCTQXLRTUIJ-BQYQJAHWSA-N,22.580128395698576
NNDUUOILNHYNOQ-UHFFFAOYSA-N__VGZNWCWWERCEPK-UHFFFAOYSA-N,4.584039971063659
UCVIPYQHTWRTBR-UHFFFAOYSA-N__LDQNPRRFORXMHN-UHFFFAOYSA-N,1.596269723394771
LDQNPRRFORXMHN-UHFFFAOYSA-N__UCVIPYQHTWRTBR-UHFFFAOYSA-N,-1.880780637691381
XXMGJFYONITSKX-UHFFFAOYSA-N__YNYGHOFSDIDVFK-UHFFFAOYSA-N,13.241130446852624
YNYGHOFSDIDVFK-UHFFFAOYSA-N__XXMGJFYONITSKX-UHFFFAOYSA-N,5.588035024110249
RBBRZIBXKYHODY-VIFPVBQESA-N__MOVLJDRMYFAGRC-UHFFFAOYSA-N,11.589564661948833
MOVLJDRMYFAGRC-UHFFFAOYSA-N__RBBRZIBXKYHODY-VIFPVBQESA-N,12.27995185494097
LUOAHDFFIODEKJ-UHFFFAOYSA-N__FDYADQPZUDULNK-UHFFFAOYSA-N,3.5010075709243167
FDYADQPZUDULNK-UHFFFAOYSA-N__LUOAHDFFIODEKJ-UHFFFAOYSA-N,7.361430045754411
JOPFWTVHGPDMQN-UHFFFAOYSA-N__XENSVBQRWCELNY-UHFFFAOYSA-N,0.603351352725639
XENSVBQRWCELNY-UHFFFAOYSA-N__JOPFWTVHGPDMQN-UHFFFAOYSA-N,6.118160158314941
FBLWAEZAMWZWOU-UHFFFAOYSA-N__JBABFDVKVHNNCW-UHFFFAOYSA-N,5.12502371378752
JBABFDVKVHNNCW-UHFFFAOYSA-N__FBLWAEZAMWZWOU-UHFFFAOYSA-N,12.158558112732097
LJPNDTLXAZBRPK-UHFFFAOYSA-N__ASKBNWVUEJKESI-UHFFFAOYSA-N,18.410355645596585
ASKBNWVUEJKESI-UHFFFAOYSA-N__LJPNDTLXAZBRPK-UHFFFAOYSA-N,10.31148126776804
UCWIJQCZERBKJQ-UHFFFAOYSA-N__QXKIHIUNGRJAIB-UHFFFAOYSA-N,9.116480886924856
OKOYHNWUUORFGT-UHFFFAOYSA-N__MFQACHRGZQGRJZ-UHFFFAOYSA-N,4.918105235477899
QXKIHIUNGRJAIB-UHFFFAOYSA-N__UCWIJQCZERBKJQ-UHFFFAOYSA-N,5.597748841948718
IULPOAPEWLEBKC-UHFFFAOYSA-N__JLXBDFPEAKKWFM-UHFFFAOYSA-N,14.422064103855265
AUHUGJCEWJMMIV-UHFFFAOYSA-N__XIYCEUITOQCBOF-UHFFFAOYSA-N,6.291152797780476
XIYCEUITOQCBOF-UHFFFAOYSA-N__AUHUGJCEWJMMIV-UHFFFAOYSA-N,11.029382968777046
YCPQWOWEEVKCTF-UHFFFAOYSA-N__PVCLUKCHLYPTCS-VKHMYHEASA-N,7.399023357679461
KOLFGIXFJXVCGT-UHFFFAOYSA-N__RUXQSSLYGOAUEC-UHFFFAOYSA-N,10.997082261622989
RUXQSSLYGOAUEC-UHFFFAOYSA-N__KOLFGIXFJXVCGT-UHFFFAOYSA-N,13.302292491781916
GWCOQJNRJDGYDG-UHFFFAOYSA-N__VUHSEOAPLDLTHY-UHFFFAOYSA-N,5.59994772175565
KQNYWMSBXRFLPX-UHFFFAOYSA-N__QMOOCCVUNVPXRD-UHFFFAOYSA-N,6.073617946879513
QMOOCCVUNVPXRD-UHFFFAOYSA-N__KQNYWMSBXRFLPX-UHFFFAOYSA-N,2.3601035108939965
YSULBTWUVQFXMN-UHFFFAOYSA-N__CDGUKHKXKWZSHA-UHFFFAOYSA-N,3.0540626397313666
YHFJRKRLYCGXEG-UHFFFAOYSA-N__AUAWZTHTHAFXIL-UHFFFAOYSA-N,7.8507696269792735
WOPHEEXRJKUYKQ-UHFFFAOYSA-N__VLFAOIGYCCELJB-UHFFFAOYSA-N,13.036103384087088
JOTDFDXHBALFCB-UHFFFAOYSA-N__KLZTVRXPBDQNNQ-UHFFFAOYSA-N,3.1456578666790964
KLZTVRXPBDQNNQ-UHFFFAOYSA-N__JOTDFDXHBALFCB-UHFFFAOYSA-N,9.541704908686118
DZCOHLCHTVMOJU-UHFFFAOYSA-N__PRVVWCZMKNQLTQ-UHFFFAOYSA-N,3.046519772366067
PRVVWCZMKNQLTQ-UHFFFAOYSA-N__DZCOHLCHTVMOJU-UHFFFAOYSA-N,3.705098094479052
NEUFFBRYEGFONJ-UHFFFAOYSA-N__UWGFONONBAIDAF-UHFFFAOYSA-N,2.987650773154596
UWGFONONBAIDAF-UHFFFAOYSA-N__NEUFFBRYEGFONJ-UHFFFAOYSA-N,-0.8861753262313482
MSVFEDAADZYVOO-UHFFFAOYSA-N__YZKRBKHHWJVBEU-UHFFFAOYSA-N,4.517063604617527
YZKRBKHHWJVBEU-UHFFFAOYSA-N__MSVFEDAADZYVOO-UHFFFAOYSA-N,6.382606780659457
AMCDPPZJNBZUKU-UHFFFAOYSA-N__VZXIOENIXSKBHV-UHFFFAOYSA-N,11.985316084619653
ACUFKUOHNWDRSW-UHFFFAOYSA-N__MEMVSDNVZCYQQI-UHFFFAOYSA-N,14.249957031622053
CRQGZXRKUBJILS-UHFFFAOYSA-N__MRSSWEYEWFTJCF-UHFFFAOYSA-N,1.6821324232784025
MRSSWEYEWFTJCF-UHFFFAOYSA-N__CRQGZXRKUBJILS-UHFFFAOYSA-N,3.726124612951442
AAASPVSASLFWTQ-UHFFFAOYSA-N__GXACXWPUCQARQI-UHFFFAOYSA-N,4.074854961117308
GXACXWPUCQARQI-UHFFFAOYSA-N__AAASPVSASLFWTQ-UHFFFAOYSA-N,15.36738879611786
ONRXCVFQCOKDLP-UHFFFAOYSA-N__JKYUBFFRHSNVHI-UHFFFAOYSA-N,3.0789631360766463
JKYUBFFRHSNVHI-UHFFFAOYSA-N__ONRXCVFQCOKDLP-UHFFFAOYSA-N,9.633160669418466
PWWWJGBPYBVRKV-UHFFFAOYSA-N__PYNRSJFRGRBCNV-UHFFFAOYSA-N,2.50572663138202
NBABSUBUBGIMQG-UHFFFAOYSA-N__ONIKWTDNWCZQJF-UHFFFAOYSA-N,5.803598799993628
QCJUEQOQPNTEGD-UHFFFAOYSA-N__YINUKLHHHRKUHS-UHFFFAOYSA-N,9.677746771595537
YINUKLHHHRKUHS-UHFFFAOYSA-N__QCJUEQOQPNTEGD-UHFFFAOYSA-N,6.739625488217343
PYNRSJFRGRBCNV-UHFFFAOYSA-N__PWWWJGBPYBVRKV-UHFFFAOYSA-N,4.988221877382834
BRVVGHIRQLYFDP-UHFFFAOYSA-N__MOELYMOGQIDKNW-UHFFFAOYSA-N,6.366201316217449
TYVIXYHXFXZVMR-UHFFFAOYSA-N__SKTAKOBBDDVNDS-UHFFFAOYSA-N,5.609453553935444
ONIKWTDNWCZQJF-UHFFFAOYSA-N__NBABSUBUBGIMQG-UHFFFAOYSA-N,7.746869999933667
MOELYMOGQIDKNW-UHFFFAOYSA-N__BRVVGHIRQLYFDP-UHFFFAOYSA-N,17.718494059851597
QCYAPMVUYMNNOO-UHFFFAOYSA-N__XVZFTIRSYAHXFM-UHFFFAOYSA-N,4.6456428596365775
XVZFTIRSYAHXFM-UHFFFAOYSA-N__QCYAPMVUYMNNOO-UHFFFAOYSA-N,-0.2732277769222419
MJXQQPDITJYWQW-UHFFFAOYSA-N__NODSTJOFVFWCGG-UHFFFAOYSA-N,6.137159570246448
NODSTJOFVFWCGG-UHFFFAOYSA-N__MJXQQPDITJYWQW-UHFFFAOYSA-N,7.880973895662819
GGYPUNUALKJIKY-UHFFFAOYSA-N__YJEXLGPSBZDTGI-UHFFFAOYSA-N,9.57006363052807
YJEXLGPSBZDTGI-UHFFFAOYSA-N__GGYPUNUALKJIKY-UHFFFAOYSA-N,10.454927473545345
OQXJBUJPAXOHBU-UHFFFAOYSA-N__WJOXQTFPXHJHMN-UHFFFAOYSA-N,0.7012398822533537
WJOXQTFPXHJHMN-UHFFFAOYSA-N__OQXJBUJPAXOHBU-UHFFFAOYSA-N,8.683654411245984
OCYAXINLENRKBI-UHFFFAOYSA-N__GKXUZDWVEZMTJB-UHFFFAOYSA-N,2.136389794569124
GKXUZDWVEZMTJB-UHFFFAOYSA-N__OCYAXINLENRKBI-UHFFFAOYSA-N,2.713611769466696
QUDDIYPEFRNDBI-UHFFFAOYSA-N__ILLDTHKHRCIREF-UHFFFAOYSA-N,4.282232652367193
ILLDTHKHRCIREF-UHFFFAOYSA-N__QUDDIYPEFRNDBI-UHFFFAOYSA-N,6.187000432552574
SNGCFNYGIDHNMY-UHFFFAOYSA-N__SJFBRPUGLDFGAR-UHFFFAOYSA-N,5.077344032749827
SJFBRPUGLDFGAR-UHFFFAOYSA-N__SNGCFNYGIDHNMY-UHFFFAOYSA-N,6.617918180714452
UBFBKCSWFGEYMR-UHFFFAOYSA-N__LDQYNGXNWNBFSX-UHFFFAOYSA-N,2.577610104477533
YHCDQUOZTPPNTQ-UHFFFAOYSA-N__HFDMODULCXSYSN-UHFFFAOYSA-N,7.4531200884094835
HFDMODULCXSYSN-UHFFFAOYSA-N__YHCDQUOZTPPNTQ-UHFFFAOYSA-N,10.131166213078336
LDQYNGXNWNBFSX-UHFFFAOYSA-N__UBFBKCSWFGEYMR-UHFFFAOYSA-N,13.849389903198102
OXDWGDJGIFCYBE-UHFFFAOYSA-N__QVEUNGIXSHTKDF-UHFFFAOYSA-N,18.19371953306698
QVEUNGIXSHTKDF-UHFFFAOYSA-N__OXDWGDJGIFCYBE-UHFFFAOYSA-N,10.354442135526105
VSJNZFRGPZHKGX-UHFFFAOYSA-N__RKQXFXHKZCEVKG-UHFFFAOYSA-N,4.4586737784083095
RKQXFXHKZCEVKG-UHFFFAOYSA-N__VSJNZFRGPZHKGX-UHFFFAOYSA-N,3.933625611933274
BTEZTOQAYNLQPO-UHFFFAOYSA-N__UZZXCUOCRSQIQJ-UHFFFAOYSA-N,11.155331621037936
UZZXCUOCRSQIQJ-UHFFFAOYSA-N__BTEZTOQAYNLQPO-UHFFFAOYSA-N,9.84398239380008
ZPJFWKKDVNGBGA-LSUKLKIZSA-N__QHBAVAHPPLXWPX-UHFFFAOYSA-N,15.445808228695975
MIAKHXORVTXEGJ-UHFFFAOYSA-N__XGJZQSYJKLULPK-UHFFFAOYSA-N,12.423056675489718
KIYXXPGPOOBMTG-UHFFFAOYSA-N__OFJPLKWDPMCDOA-UHFFFAOYSA-N,8.345509171319913
OFJPLKWDPMCDOA-UHFFFAOYSA-N__KIYXXPGPOOBMTG-UHFFFAOYSA-N,7.1168634478267245
KZQXOSNRJVXWEB-UHFFFAOYSA-N__MYJKICUWXGBFNI-UHFFFAOYSA-N,1.0545492994018326
MYJKICUWXGBFNI-UHFFFAOYSA-N__KZQXOSNRJVXWEB-UHFFFAOYSA-N,9.091772275611204
HRVDILGZEUFVNP-UHFFFAOYSA-N__MDCASCGTQFVVNI-UHFFFAOYSA-N,5.244851920311168
MDCASCGTQFVVNI-UHFFFAOYSA-N__HRVDILGZEUFVNP-UHFFFAOYSA-N,6.553784173980065
JSKDQCCZJWWMJN-UHFFFAOYSA-N__ULDMDTRQLTTWAA-UHFFFAOYSA-N,8.642041751241376
ZUGCEQXFHOOZSX-UHFFFAOYSA-N__JXLMFPOIASTBQL-UHFFFAOYSA-N,11.087985503467005
OWMSABWSTXCWHK-UHFFFAOYSA-N__ATTLMEBUBWSYQZ-UHFFFAOYSA-N,7.989008191841302
ATTLMEBUBWSYQZ-UHFFFAOYSA-N__OWMSABWSTXCWHK-UHFFFAOYSA-N,8.931422181942331
BPTAQHBGSFJKET-UHFFFAOYSA-N__MBYIGERHWALVKZ-UHFFFAOYSA-N,5.409031098647684
MBYIGERHWALVKZ-UHFFFAOYSA-N__BPTAQHBGSFJKET-UHFFFAOYSA-N,7.073888669423666
AIWNOJRSPRASBJ-UHFFFAOYSA-N__DMCQXXCSKIDYRC-UHFFFAOYSA-N,6.176592476938933
DMCQXXCSKIDYRC-UHFFFAOYSA-N__AIWNOJRSPRASBJ-UHFFFAOYSA-N,8.960329465894832
MTGHDMSHFPXRNT-UHFFFAOYSA-N__WXBRMOCAAJDUMU-UHFFFAOYSA-N,-0.463955344753872
WXBRMOCAAJDUMU-UHFFFAOYSA-N__MTGHDMSHFPXRNT-UHFFFAOYSA-N,1.849231863242898
ANKXRKXVDIEJKM-UHFFFAOYSA-N__WMWVEMKBVZFEHF-UHFFFAOYSA-N,8.965507030547721
WMFGQHDENCCCSR-UHFFFAOYSA-N__JEIHVBNSVKDDTM-UHFFFAOYSA-N,6.11354657738964
JYYUOLRCRQQGEQ-UHFFFAOYSA-N__XRKDXUYURKXTAV-UHFFFAOYSA-N,10.101816303063108
MLJVFHUCUKJHDK-UHFFFAOYSA-N__MKJZIZWXDYBQGT-UHFFFAOYSA-N,1.5520907168227285
MKJZIZWXDYBQGT-UHFFFAOYSA-N__MLJVFHUCUKJHDK-UHFFFAOYSA-N,5.648562237559189
CDUOKSFQVOOPJH-UHFFFAOYSA-N__ITLMZMRUPGCNPM-UHFFFAOYSA-N,7.945841824037782
ITLMZMRUPGCNPM-UHFFFAOYSA-N__CDUOKSFQVOOPJH-UHFFFAOYSA-N,7.172886222184341
IAKCPWJROLELJT-UHFFFAOYSA-N__YDIDAEUVDRFZSK-UHFFFAOYSA-N,5.09582608107591
YDIDAEUVDRFZSK-UHFFFAOYSA-N__IAKCPWJROLELJT-UHFFFAOYSA-N,2.509982273017432
TUFSSJADAXHRCX-UHFFFAOYSA-N__NPOFJNJGFMQNHM-UHFFFAOYSA-N,6.787750266591728
ZRAYSYFBWZJCQP-UHFFFAOYSA-N__BMBUQMYHBVTHRT-FATZIPQQSA-N,11.734143472253212
NPOFJNJGFMQNHM-UHFFFAOYSA-N__TUFSSJADAXHRCX-UHFFFAOYSA-N,9.425440405064885
BMBUQMYHBVTHRT-FATZIPQQSA-N__ZRAYSYFBWZJCQP-UHFFFAOYSA-N,20.820345026073923
PMDCDJQTEZAIES-UHFFFAOYSA-N__KHFRUXGZVBPVQP-UHFFFAOYSA-N,8.639138541803266
KHFRUXGZVBPVQP-UHFFFAOYSA-N__PMDCDJQTEZAIES-UHFFFAOYSA-N,12.542085178086031
FHQUOOICWZJJJC-UHFFFAOYSA-N__HBCDQYMLPBLRPM-UHFFFAOYSA-N,2.094910332814135
VEOPGYLFCHRSBJ-MRXNPFEDSA-N__LMGZKECVVFRLQY-UHFFFAOYSA-N,-2.190174860847911
HBCDQYMLPBLRPM-UHFFFAOYSA-N__FHQUOOICWZJJJC-UHFFFAOYSA-N,6.407038163273903
YLZGRTNYHJAWLF-RIYZIHGNSA-N__YOAUJAQFSQQOGE-UHFFFAOYSA-N,3.1763590569716245
YOAUJAQFSQQOGE-UHFFFAOYSA-N__YLZGRTNYHJAWLF-RIYZIHGNSA-N,9.092935884599784
AEHMGHZFYICHCR-VMPITWQZSA-N__LJMTWUXXJDSWMN-UHFFFAOYSA-N,11.72338795361847
LJMTWUXXJDSWMN-UHFFFAOYSA-N__AEHMGHZFYICHCR-VMPITWQZSA-N,7.86234256693702
NTNCOGFJGUSLDN-UHFFFAOYSA-N__QQILIRNPNICRTP-UHFFFAOYSA-N,8.008549753098272
FTKNUUUHZKBQBO-UHFFFAOYSA-N__QPZMODZSWODRNJ-UHFFFAOYSA-N,2.1514795231027435
QQILIRNPNICRTP-UHFFFAOYSA-N__NTNCOGFJGUSLDN-UHFFFAOYSA-N,7.374440131363291
QCMRIDRJQRABLU-UHFFFAOYSA-N__RLWPIRCZUWTEAF-UHFFFAOYSA-N,1.998612676217886
RLWPIRCZUWTEAF-UHFFFAOYSA-N__QCMRIDRJQRABLU-UHFFFAOYSA-N,9.319979274018385
IQYICURMGMILNS-UHFFFAOYSA-N__HMVSYULSEAYETO-UHFFFAOYSA-N,10.343435846611046
CEPYDHMCQJOCHC-UHFFFAOYSA-N__BNRALDUKFOQAKR-UHFFFAOYSA-N,0.6654827656226573
HLMVDDICKYMIFS-UHFFFAOYSA-N__JIJNSCFGHPVPML-UHFFFAOYSA-N,6.093561935636896
JIJNSCFGHPVPML-UHFFFAOYSA-N__HLMVDDICKYMIFS-UHFFFAOYSA-N,6.4612786528637765
CQXUPEVFDDJZHK-UHFFFAOYSA-N__OMCYPHLFZPPMMP-UHFFFAOYSA-N,0.612142130583017
OMCYPHLFZPPMMP-UHFFFAOYSA-N__CQXUPEVFDDJZHK-UHFFFAOYSA-N,5.7456484863030415
NLYSELMEEWGJOL-UHFFFAOYSA-N__PRJGYBZDXUMMLF-UHFFFAOYSA-N,2.7949830276148515
PRJGYBZDXUMMLF-UHFFFAOYSA-N__NLYSELMEEWGJOL-UHFFFAOYSA-N,3.95336318500185
FDOUUTGDSHDFGA-UHFFFAOYSA-N__WMVNXGCBSSHPAF-UHFFFAOYSA-N,6.852534057080492
WMVNXGCBSSHPAF-UHFFFAOYSA-N__FDOUUTGDSHDFGA-UHFFFAOYSA-N,-0.7967749807931367
RLOJAHAHGWQRMR-UHFFFAOYSA-N__VAMFXCBCHZYIND-UHFFFAOYSA-N,12.110680893430064
VAMFXCBCHZYIND-UHFFFAOYSA-N__RLOJAHAHGWQRMR-UHFFFAOYSA-N,7.858842788853037
CGLVLAFVRYUDBY-UHFFFAOYSA-N__LUOMGIJGMNBCIB-UHFFFAOYSA-N,0.2895358801184511
LUOMGIJGMNBCIB-UHFFFAOYSA-N__CGLVLAFVRYUDBY-UHFFFAOYSA-N,5.68321677334793
PMFRDNNBXPVOMD-UHFFFAOYSA-N__XQXSECTVYDOZNJ-UHFFFAOYSA-N,5.52669531676225
XQXSECTVYDOZNJ-UHFFFAOYSA-N__PMFRDNNBXPVOMD-UHFFFAOYSA-N,8.38869047234979
IRRAVESJQVZPCY-UHFFFAOYSA-N__XKWRJXBUBPMIPN-UHFFFAOYSA-N,15.53639454921869
GHXPZPBTVGWOSJ-UHFFFAOYSA-N__IFZUXTGXAPQBMS-UHFFFAOYSA-N,-0.6568373245850293
IFZUXTGXAPQBMS-UHFFFAOYSA-N__GHXPZPBTVGWOSJ-UHFFFAOYSA-N,3.2009333618468103
DXXCAUDRFSLKGO-UHFFFAOYSA-N__BUSZIBMKKIGMSX-UHFFFAOYSA-N,8.494016058360254
BUSZIBMKKIGMSX-UHFFFAOYSA-N__DXXCAUDRFSLKGO-UHFFFAOYSA-N,6.529160062315564
HUBHTZOPMIQGCC-UHFFFAOYSA-N__XDWAYUFTYMMLSL-UHFFFAOYSA-N,0.5213283009734643
XDWAYUFTYMMLSL-UHFFFAOYSA-N__HUBHTZOPMIQGCC-UHFFFAOYSA-N,5.468377914981586
ZTUJOVAGDVCLCV-UHFFFAOYSA-N__VFBWLYGRIFDOMR-UHFFFAOYSA-N,1.1154654257834706
HDRFQDDDLHKCNM-UHFFFAOYSA-N__VVLUOLQKNYPQLF-UHFFFAOYSA-N,4.366523165435018
DYJQFEPTNOYBHM-UHFFFAOYSA-N__SMHFUWABTJHONP-UHFFFAOYSA-N,10.637653138171888
VVLUOLQKNYPQLF-UHFFFAOYSA-N__HDRFQDDDLHKCNM-UHFFFAOYSA-N,18.488263478520995
SMHFUWABTJHONP-UHFFFAOYSA-N__DYJQFEPTNOYBHM-UHFFFAOYSA-N,11.809832405133772
WADWVNIIQWLLJN-UHFFFAOYSA-N__CNBCAJHHFUKIOG-UHFFFAOYSA-N,1.062932484488735
VDKIGPZUWZVECP-UHFFFAOYSA-N__IQNFZKCHDQOZKH-UHFFFAOYSA-N,9.358878696146624
JAWBXFKLTXOJMX-UHFFFAOYSA-N__NRSSDSHSMCCSGY-UHFFFAOYSA-N,8.491574457373751
UVXMTNYPODQDMG-UHFFFAOYSA-N__GJJIXCYSFQLSRJ-UHFFFAOYSA-N,9.18984049995057
ATJXOYWILMXBMV-UHFFFAOYSA-N__JLBGYJUBZWUCCJ-UHFFFAOYSA-N,6.308315009385798
JLBGYJUBZWUCCJ-UHFFFAOYSA-N__ATJXOYWILMXBMV-UHFFFAOYSA-N,14.37625893766136
BJIOZNGHZOHWDN-UHFFFAOYSA-N__RPHGWLHFDRHVMP-UHFFFAOYSA-N,7.980581610895339
RPHGWLHFDRHVMP-UHFFFAOYSA-N__BJIOZNGHZOHWDN-UHFFFAOYSA-N,8.66865141878562
FOEHISMZFHYVKM-UHFFFAOYSA-N__LAARUAOHQBQKPZ-UHFFFAOYSA-N,2.880608701641966
RRMNIXHLHQTBHE-UHFFFAOYSA-N__MQOAGMBHFIZKFN-UHFFFAOYSA-N,8.806652193316323
KMVZLYHNUXSUGU-UHFFFAOYSA-N__SRMJYKYNZBBERN-UHFFFAOYSA-N,12.961353921546149
OYYCUCBMEMFULG-UHFFFAOYSA-N__MYVQFHTWOUJOTA-UHFFFAOYSA-N,9.289519102743336
MYVQFHTWOUJOTA-UHFFFAOYSA-N__OYYCUCBMEMFULG-UHFFFAOYSA-N,5.640120798436094
SAULYIJWRLMUHJ-UHFFFAOYSA-N__WDSQMJUDDVDTIQ-UHFFFAOYSA-N,12.08603873520913
XXUINTSAWKNPCU-UHFFFAOYSA-N__PTPMBYVILHYQDS-UHFFFAOYSA-N,7.202575729373196
WDSQMJUDDVDTIQ-UHFFFAOYSA-N__SAULYIJWRLMUHJ-UHFFFAOYSA-N,8.840249098325993
MWPPSFSQUYHPBH-UHFFFAOYSA-N__YDFZDSJWIHVZRI-UHFFFAOYSA-N,7.008948864151332
CPRFCDPXUGZXCZ-UHFFFAOYSA-N__UAHSIHBHRSRXOW-UHFFFAOYSA-N,0.3431796769316046
AUHWYUFHDYHFLW-UHFFFAOYSA-N__DPXNOZWIBSXMTH-UHFFFAOYSA-N,8.053746710525731
DPXNOZWIBSXMTH-UHFFFAOYSA-N__AUHWYUFHDYHFLW-UHFFFAOYSA-N,4.980836205078584
BAJPLTRNMYFCRG-UHFFFAOYSA-N__BSCOUGKXLFFEHX-UHFFFAOYSA-N,9.120547854950615
QBAQGSQXEKWAGB-UHFFFAOYSA-N__WSLSCXZWALDIQG-UHFFFAOYSA-N,13.2079267937195
WSLSCXZWALDIQG-UHFFFAOYSA-N__QBAQGSQXEKWAGB-UHFFFAOYSA-N,8.18303506615223
ZPOTUUKLVZLRCT-UHFFFAOYSA-N__OXZSBLGNIUNZGX-UHFFFAOYSA-N,3.4896882713803783
CATAEVIKQDVMNF-UHFFFAOYSA-N__WFCYFMQRONWGFO-UHFFFAOYSA-N,7.965366333211893
WFCYFMQRONWGFO-UHFFFAOYSA-N__CATAEVIKQDVMNF-UHFFFAOYSA-N,4.180129431043367
WURWHXZYUJTSAK-UHFFFAOYSA-N__YXKSCTNMLWBMTP-UHFFFAOYSA-N,2.0472030012733784
YXKSCTNMLWBMTP-UHFFFAOYSA-N__WURWHXZYUJTSAK-UHFFFAOYSA-N,1.8225263158546487
WVVGGXQKSMQYMO-UHFFFAOYSA-N__XCRASDRMJHTVGX-UHFFFAOYSA-N,2.940943607443676
XCRASDRMJHTVGX-UHFFFAOYSA-N__WVVGGXQKSMQYMO-UHFFFAOYSA-N,8.980454292323742
QQNSSMIZXRYGTA-UHFFFAOYSA-N__FEBUDNCWIJQUSX-UHFFFAOYSA-N,6.394886717848838
FEBUDNCWIJQUSX-UHFFFAOYSA-N__QQNSSMIZXRYGTA-UHFFFAOYSA-N,2.2709756203251343
JUKLWQPNSZDMAC-UHFFFAOYSA-N__GRLDTUZVRJCQCR-UHFFFAOYSA-N,2.31162436969627
GRLDTUZVRJCQCR-UHFFFAOYSA-N__JUKLWQPNSZDMAC-UHFFFAOYSA-N,7.896298544679633
GDZQFQHMUWPXMC-UHFFFAOYSA-N__GMEUVNMWCYDWNB-UHFFFAOYSA-N,2.5524020435659773
GMEUVNMWCYDWNB-UHFFFAOYSA-N__GDZQFQHMUWPXMC-UHFFFAOYSA-N,2.264744568937324
DVPMBMBASCBWEE-UHFFFAOYSA-N__KQRRGYGDDRAEMU-UHFFFAOYSA-N,11.717422412692466
KQRRGYGDDRAEMU-UHFFFAOYSA-N__DVPMBMBASCBWEE-UHFFFAOYSA-N,7.283427732703988
TZPZRBDGTUFTTM-UHFFFAOYSA-N__UDMNXSDHUDGMTR-UHFFFAOYSA-N,6.050598206163412
UDMNXSDHUDGMTR-UHFFFAOYSA-N__TZPZRBDGTUFTTM-UHFFFAOYSA-N,5.767779280360157
VJTQMGSMYFYCOB-UHFFFAOYSA-N__YKFFXAJTMGHIJB-UHFFFAOYSA-N,3.878645428047681
UJFOPIGROKCQRF-UHFFFAOYSA-N__VRDUFAYSDHMXOB-UHFFFAOYSA-N,10.914181042121136
KYGKHNXTJHCIBA-UHFFFAOYSA-N__VVJKYRUTDOXZPM-UHFFFAOYSA-N,11.398648038127469
VVJKYRUTDOXZPM-UHFFFAOYSA-N__KYGKHNXTJHCIBA-UHFFFAOYSA-N,4.888056545978525
DZMCLQRPOQYLRR-UHFFFAOYSA-N__UZEKRBNGALWUBZ-UHFFFAOYSA-N,5.250459261843218
UZEKRBNGALWUBZ-UHFFFAOYSA-N__DZMCLQRPOQYLRR-UHFFFAOYSA-N,5.18121123646127
FUIFWLSYNWANPZ-UHFFFAOYSA-N__DTKVAXKXZQIMPZ-UHFFFAOYSA-N,8.19958502888871
JRVPFVQFPKOXDU-UHFFFAOYSA-N__NDFHLZKIOIQKFL-UHFFFAOYSA-N,4.450121578542424
LKQDWFDVVOZBJX-UHFFFAOYSA-N__IVOYTUNPHREKTI-XSFVSMFZSA-N,10.101694787523783
NDFHLZKIOIQKFL-UHFFFAOYSA-N__JRVPFVQFPKOXDU-UHFFFAOYSA-N,12.091273686266389
JNUZUAGVHBTMKL-UHFFFAOYSA-N__ZJURQWJBYXRTFF-HQOMZVHISA-N,2.650577246152912
ZJURQWJBYXRTFF-HQOMZVHISA-N__JNUZUAGVHBTMKL-UHFFFAOYSA-N,4.804318741348266
NIOWRCGXQAEWDN-UHFFFAOYSA-N__YPUMFVXSTKNWRE-UHFFFAOYSA-N,11.533824416677623
JNMZIVTXVKJIGM-UHFFFAOYSA-N__QDWFKQKLGGIXGM-UHFFFAOYSA-N,3.736490830994274
KLYHPVPGHXEAHH-UHFFFAOYSA-N__NDQDWWAXRXJGEG-UHFFFAOYSA-N,0.4249745037757164
NDQDWWAXRXJGEG-UHFFFAOYSA-N__KLYHPVPGHXEAHH-UHFFFAOYSA-N,-2.1048957843321885
RPBOHZGJDWPXGW-UHFFFAOYSA-N__GNTSIDBYFGIVHV-UHFFFAOYSA-N,6.341644305123579
OZEIFBUUPOEBJF-UHFFFAOYSA-N__HTXDFPCBKVSZBX-UHFFFAOYSA-N,5.759335100370869
MYMWJQCQSRBPAZ-UHFFFAOYSA-N__ZOMHMXAKTGRPGK-UHFFFAOYSA-N,1.1705202165890136
HTXDFPCBKVSZBX-UHFFFAOYSA-N__OZEIFBUUPOEBJF-UHFFFAOYSA-N,10.255991483734144
ZOMHMXAKTGRPGK-UHFFFAOYSA-N__MYMWJQCQSRBPAZ-UHFFFAOYSA-N,10.444903568644822
GGQFQUVECOSUJT-UHFFFAOYSA-N__OEMHAMNNLYLETR-UHFFFAOYSA-N,8.082057735802783
NACHODKHWXOMKA-UHFFFAOYSA-N__LCIPQCTVZCRSRV-UHFFFAOYSA-N,2.698809077681412
HYWZGQMUNYHGNN-UHFFFAOYSA-N__IJOFOMFMHROIRL-UHFFFAOYSA-N,11.301157968336089
LCIPQCTVZCRSRV-UHFFFAOYSA-N__NACHODKHWXOMKA-UHFFFAOYSA-N,8.930928848285568
FLLOUCWMPLXSRE-UHFFFAOYSA-N__LFHUWIMGIYWNLC-UHFFFAOYSA-N,7.769288870870016
QJZSPUFDKMHSHG-UHFFFAOYSA-N__ZBBTZZMCQHIISB-UHFFFAOYSA-N,6.16783060030992
ZBBTZZMCQHIISB-UHFFFAOYSA-N__QJZSPUFDKMHSHG-UHFFFAOYSA-N,5.252931399303656
VVOQOYZDGSPAHQ-UHFFFAOYSA-N__CHYAHMCIYJCLGL-UHFFFAOYSA-N,4.800617074285068
CHYAHMCIYJCLGL-UHFFFAOYSA-N__VVOQOYZDGSPAHQ-UHFFFAOYSA-N,15.107346465238034
LTCOHFFLECNQHA-UHFFFAOYSA-N__OQTFVPRVZDCKGX-UHFFFAOYSA-N,6.210619007373861
RLGNZAHEAVFTDI-UHFFFAOYSA-N__YFZOAJADZQGVPE-UHFFFAOYSA-N,6.353487102262994
AWTKXJUKCIXCBQ-UHFFFAOYSA-N__WHNFBZJHPFVWFB-UHFFFAOYSA-N,2.639331266135084
OQTFVPRVZDCKGX-UHFFFAOYSA-N__LTCOHFFLECNQHA-UHFFFAOYSA-N,5.059599946951456
NRABFEGSDBXKTO-UHFFFAOYSA-N__UPOWSQOICXMPCF-UHFFFAOYSA-N,5.235295689437665
UPOWSQOICXMPCF-UHFFFAOYSA-N__NRABFEGSDBXKTO-UHFFFAOYSA-N,0.92698988973176
GPAPNUHQSOXJTF-UHFFFAOYSA-N__IWUATOSQYWRDST-UHFFFAOYSA-N,3.415917626232286
IWUATOSQYWRDST-UHFFFAOYSA-N__GPAPNUHQSOXJTF-UHFFFAOYSA-N,7.180961564623332
XXVSVRGKVXCLTF-UHFFFAOYSA-N__SBSBXXGZLLANIU-UHFFFAOYSA-N,0.8275885622942756
ZWMFDPODQQACDB-UHFFFAOYSA-N__CLPBUJBJHYASOF-UHFFFAOYSA-N,5.402144867095235
WBAOIPFFSBYZIS-UHFFFAOYSA-N__RLQOKSPACRFWDN-UHFFFAOYSA-N,6.244643398192472
SBSBXXGZLLANIU-UHFFFAOYSA-N__XXVSVRGKVXCLTF-UHFFFAOYSA-N,3.620189423200628
RLQOKSPACRFWDN-UHFFFAOYSA-N__WBAOIPFFSBYZIS-UHFFFAOYSA-N,6.079880737383694
CLPBUJBJHYASOF-UHFFFAOYSA-N__ZWMFDPODQQACDB-UHFFFAOYSA-N,7.395753177005485
LWALXHVEMHTZHP-UHFFFAOYSA-N__VCXSLSDPKXOFGK-UHFFFAOYSA-N,4.8649833515230645
GSFFLGODLKMVMT-UHFFFAOYSA-N__RRVXXEXLBBMMKE-UHFFFAOYSA-N,12.503274725458896
RRVXXEXLBBMMKE-UHFFFAOYSA-N__GSFFLGODLKMVMT-UHFFFAOYSA-N,7.74118932360884
VCXSLSDPKXOFGK-UHFFFAOYSA-N__LWALXHVEMHTZHP-UHFFFAOYSA-N,9.253593355211873
IDTUFQAIQMRLPD-UHFFFAOYSA-N__VYVNPEOHUFEKQU-UHFFFAOYSA-N,16.866683955715672
NJMIFTWJTPGBLQ-UHFFFAOYSA-N__VCCFWVJRSTZWJG-UHFFFAOYSA-N,5.639688656864282
NPLGNJAWCWYZGC-HZPDHXFCSA-N__RDRCOYCILUKHFQ-UHFFFAOYSA-N,8.14739372821818
KGMWWJUVPWTEEC-UHFFFAOYSA-N__JYZFWHLKUOYZQF-UHFFFAOYSA-N,9.811548557167743
ZAWFYSIMENHIBU-UHFFFAOYSA-N__CFWBHRKDBOFBBQ-UHFFFAOYSA-N,8.054659039441441
RLNJRWQOQXGWCL-UHFFFAOYSA-N__RASPNAIOAVIEJJ-UHFFFAOYSA-N,13.309511817763712
HWQRYUBXTYCMPW-UHFFFAOYSA-N__HTQKWQBCKYJKFZ-BQYQJAHWSA-N,5.116087365901346
HTQKWQBCKYJKFZ-BQYQJAHWSA-N__HWQRYUBXTYCMPW-UHFFFAOYSA-N,1.1021571032567972
YWPWMSLAVGYLMR-UHFFFAOYSA-N__CBMTUTXQKMHAER-UHFFFAOYSA-N,0.6493642253551477
NFZGDQMPSVUCFG-UHFFFAOYSA-N__VTTYWJXTXIYEIS-UHFFFAOYSA-N,0.6590034434076237
PZBNNUQNOMHKTK-UHFFFAOYSA-N__HONMPDQUZRBNAO-UHFFFAOYSA-N,18.52623952801174
JMNAGIUSNNOTHU-DEOSSOPVSA-N__WQKQRSOJRJRUQU-UHFFFAOYSA-N,6.097728985086176
IEIYPHPDJBWXMW-UHFFFAOYSA-N__IFCIHZDIDATREY-UHFFFAOYSA-N,4.890907363709422
NHNRVTBKZVUAEZ-UHFFFAOYSA-N__CJFDCQOJGCEDNP-UHFFFAOYSA-N,12.179757022770568
CJFDCQOJGCEDNP-UHFFFAOYSA-N__NHNRVTBKZVUAEZ-UHFFFAOYSA-N,11.048241816648565
IKVFWZXKELLOJV-UHFFFAOYSA-N__DILFYIKBTBYZSL-UHFFFAOYSA-N,8.567681355940618
CKANURAXJNOFGW-UHFFFAOYSA-N__IJXHEDIRCZGVOW-UHFFFAOYSA-N,11.454599857580288
DILFYIKBTBYZSL-UHFFFAOYSA-N__IKVFWZXKELLOJV-UHFFFAOYSA-N,1.0224489501371854
PDGIFKOVZJSVBH-UHFFFAOYSA-N__MQMRHTPUMQPUJD-UHFFFAOYSA-N,0.6665420267248707
UFGYYJGDRNAMFE-UHFFFAOYSA-N__ZZUSIGAONPFNSX-UHFFFAOYSA-N,-0.020124434988702
ZZUSIGAONPFNSX-UHFFFAOYSA-N__UFGYYJGDRNAMFE-UHFFFAOYSA-N,7.889042147234134
IJXHEDIRCZGVOW-UHFFFAOYSA-N__CKANURAXJNOFGW-UHFFFAOYSA-N,16.9959500953447
CKOFBOOKYCDIMZ-UHFFFAOYSA-N__MIRDWVRBZCCJJR-UHFFFAOYSA-N,6.901017890352929
MIRDWVRBZCCJJR-UHFFFAOYSA-N__CKOFBOOKYCDIMZ-UHFFFAOYSA-N,6.387395877467212
IRUPAFSLGJQJJQ-UHFFFAOYSA-N__UFCDJLDTSRGQCI-UHFFFAOYSA-N,4.42726409503609
UFCDJLDTSRGQCI-UHFFFAOYSA-N__IRUPAFSLGJQJJQ-UHFFFAOYSA-N,6.709413739722799
UJVXOKHFROEGJY-UHFFFAOYSA-N__QZGIWFKARUUENO-UHFFFAOYSA-N,5.4801233482356375
QZGIWFKARUUENO-UHFFFAOYSA-N__UJVXOKHFROEGJY-UHFFFAOYSA-N,14.89486182708926
URIUUNCJWMSWNT-UHFFFAOYSA-N__YVNCSXWOQOWBTG-UHFFFAOYSA-N,-1.963887980889188
YVNCSXWOQOWBTG-UHFFFAOYSA-N__URIUUNCJWMSWNT-UHFFFAOYSA-N,7.951297999594002
GNBPEERRFJMBHH-UHFFFAOYSA-N__XBKUDTKSCCPMKU-UHFFFAOYSA-N,2.19558610417614
XBKUDTKSCCPMKU-UHFFFAOYSA-N__GNBPEERRFJMBHH-UHFFFAOYSA-N,12.447718151609523
HJYHSCYDYHOORO-UHFFFAOYSA-N__JOJXHURJWIQMDD-UHFFFAOYSA-N,3.630607663340373
JOJXHURJWIQMDD-UHFFFAOYSA-N__HJYHSCYDYHOORO-UHFFFAOYSA-N,2.502632360242232
KVSRJDIFPXQCFK-UHFFFAOYSA-N__YWYQJKYVZHMZLA-UHFFFAOYSA-N,5.874609864868128
YWYQJKYVZHMZLA-UHFFFAOYSA-N__KVSRJDIFPXQCFK-UHFFFAOYSA-N,11.41335680081356
AOAICJBESKIFPG-UHFFFAOYSA-N__AFVPVABXKYFLGZ-UHFFFAOYSA-N,4.14813532030631
ZMAOUTGUWCYXKL-UHFFFAOYSA-N__OMNZQMMXDULCSM-UHFFFAOYSA-N,4.837020131179589
QQTMSBVBJPSRPA-UHFFFAOYSA-N__AHDMKNSIRXVGHP-UHFFFAOYSA-N,3.879032395407687
SQKPNQQKRWVAQR-UHFFFAOYSA-N__FGCYDSOFSGOQEZ-UHFFFAOYSA-N,12.098933671407693
VFFXTKSOKONZHX-UHFFFAOYSA-N__BZDSUKJDQFZFRU-UHFFFAOYSA-N,6.625822282365927
BBDNGSUETYGCQZ-UHFFFAOYSA-N__XNJMXDJMLBFECC-UHFFFAOYSA-N,5.956879773853991
XNJMXDJMLBFECC-UHFFFAOYSA-N__BBDNGSUETYGCQZ-UHFFFAOYSA-N,6.620053735383357
AARNHUGPSQEGKV-UHFFFAOYSA-N__BFMMIRHVWMOVAF-UHFFFAOYSA-N,-0.4463910367350706
KWZHFOWIGZPAQT-UHFFFAOYSA-N__BPTSZFWXBCOSPG-UHFFFAOYSA-N,9.19139946997002
BFMMIRHVWMOVAF-UHFFFAOYSA-N__AARNHUGPSQEGKV-UHFFFAOYSA-N,9.094722550401722
ASWVEBYWLLRBFP-UHFFFAOYSA-N__FSNBLGADMAAFFD-ZHACJKMWSA-N,6.047731621317949
FSNBLGADMAAFFD-ZHACJKMWSA-N__ASWVEBYWLLRBFP-UHFFFAOYSA-N,6.567125146843407
ZUFUYKBQSIPTKF-UHFFFAOYSA-N__ROVGJVNQHUZXKX-UHFFFAOYSA-N,6.437018022004109
ROVGJVNQHUZXKX-UHFFFAOYSA-N__ZUFUYKBQSIPTKF-UHFFFAOYSA-N,5.660161526643603
RANZXUUCBSWRAN-UHFFFAOYSA-N__LSAZFBYVAFRZOG-UHFFFAOYSA-N,8.909297847968432
LSAZFBYVAFRZOG-UHFFFAOYSA-N__RANZXUUCBSWRAN-UHFFFAOYSA-N,9.0555790193253
APYDLZQBVRAMIM-UHFFFAOYSA-N__RXVACCFHUQLGPP-UHFFFAOYSA-N,7.939905925843609
QRXHSCCXJWKDSK-UHFFFAOYSA-N__CRIOCHQIPYWQRJ-UHFFFAOYSA-N,9.73253245799453
AHLAKISYOUSVNM-UHFFFAOYSA-N__YRTUHGQXTGJWMB-UHFFFAOYSA-N,5.127385204220439
HRRUVLCCIAGUKL-UHFFFAOYSA-N__BZVPZJLASDFCGT-IHWYPQMZSA-N,-2.431036810431864
YRTUHGQXTGJWMB-UHFFFAOYSA-N__AHLAKISYOUSVNM-UHFFFAOYSA-N,6.762520961291944
BHZXVTOCMZYYCI-UHFFFAOYSA-N__GVOFYFFDSOFKPS-UHFFFAOYSA-N,7.86205393146897
GVOFYFFDSOFKPS-UHFFFAOYSA-N__BHZXVTOCMZYYCI-UHFFFAOYSA-N,5.039884235964756
FSSZYLLSDXUOOE-UHFFFAOYSA-N__HIUCOERCUFAKLI-UHFFFAOYSA-N,5.374665098879635
AEWLWUBYCZVTOZ-UHFFFAOYSA-N__VBOPUKQBEGYOMX-UHFFFAOYSA-N,4.598530232139411
VBOPUKQBEGYOMX-UHFFFAOYSA-N__AEWLWUBYCZVTOZ-UHFFFAOYSA-N,8.058263207145437
PYNRSJFRGRBCNV-UHFFFAOYSA-N__YBKIVNFVOSZPTG-UHFFFAOYSA-N,5.971886950736699
UTEOLGREWJBWGV-UHFFFAOYSA-N__MMWMMZMONXTLKP-UHFFFAOYSA-N,7.041927902729235
HDGSVACQWMEYIA-JOCHJYFZSA-N__RPWCVIZMFYRSIL-UHFFFAOYSA-N,5.588140495095431
RPWCVIZMFYRSIL-UHFFFAOYSA-N__HDGSVACQWMEYIA-JOCHJYFZSA-N,4.9899793523177625
JFNOISOIWLCVCY-UHFFFAOYSA-N__JLTLPSWYIAEFKA-UHFFFAOYSA-N,6.733055739533212
HJXIBRHCTLKZNP-UHFFFAOYSA-N__OCSIEHZDHXMLAR-UHFFFAOYSA-N,5.31948131564869
OCSIEHZDHXMLAR-UHFFFAOYSA-N__HJXIBRHCTLKZNP-UHFFFAOYSA-N,-0.5955517673932487
FJPLMEQPBJHNER-UHFFFAOYSA-N__YOIYPKHQYFMJOZ-UHFFFAOYSA-N,15.829573707104323
JVHRZBOVXZLFLC-UHFFFAOYSA-N__QSNYLLAWXNKPQC-UHFFFAOYSA-N,4.926611592894249
YOIYPKHQYFMJOZ-UHFFFAOYSA-N__FJPLMEQPBJHNER-UHFFFAOYSA-N,8.41362675140948
QSNYLLAWXNKPQC-UHFFFAOYSA-N__JVHRZBOVXZLFLC-UHFFFAOYSA-N,1.8610637214940229
KGVJYFIVCXEBQO-UHFFFAOYSA-N__SMCPCKKKCYIUQJ-UHFFFAOYSA-N,12.125963217965449
SMCPCKKKCYIUQJ-UHFFFAOYSA-N__KGVJYFIVCXEBQO-UHFFFAOYSA-N,5.681133388377504
ISMSLKCOKWZRLK-UHFFFAOYSA-N__JYVRAZNHKBWOPP-UHFFFAOYSA-N,7.540230997234275
JYVRAZNHKBWOPP-UHFFFAOYSA-N__ISMSLKCOKWZRLK-UHFFFAOYSA-N,6.004813955303981
BLQSOUSLXWNVBR-UHFFFAOYSA-N__QHYYPYXLZSMXNE-UHFFFAOYSA-N,-3.307389439235015
QHYYPYXLZSMXNE-UHFFFAOYSA-N__BLQSOUSLXWNVBR-UHFFFAOYSA-N,3.9055513450607
PJSUBVBFSZNFNA-UHFFFAOYSA-N__CJFCIBBMTBPTIG-UHFFFAOYSA-N,6.878662577192936
CJFCIBBMTBPTIG-UHFFFAOYSA-N__PJSUBVBFSZNFNA-UHFFFAOYSA-N,16.473768284215737
YBPQUQSDFULNNJ-UHFFFAOYSA-N__NQOPTLVAMAXDFC-UHFFFAOYSA-N,1.1677455252395197
YIJHRYRHKDZGBL-UHFFFAOYSA-N__WDDYNPHKAMAEDE-UHFFFAOYSA-N,0.7139325271888778
WDDYNPHKAMAEDE-UHFFFAOYSA-N__YIJHRYRHKDZGBL-UHFFFAOYSA-N,-3.736996106466641
LTOOPPSBPWTFCE-UHFFFAOYSA-N__IFWLOLSXCBCKRU-UHFFFAOYSA-N,-2.881448679466198
OZOTXPBLBSTRLP-UHFFFAOYSA-N__HTUJYMJSAKQQJD-UHFFFAOYSA-N,14.752627552442108
FKXMFYVOSUHDDC-UHFFFAOYSA-N__BQLPQUGYPRULLN-UHFFFAOYSA-N,9.40753882604174
BRMZPQXINRABQD-UHFFFAOYSA-N__YVRNCAYFGOFEAD-UHFFFAOYSA-N,7.341705684131726
YVRNCAYFGOFEAD-UHFFFAOYSA-N__BRMZPQXINRABQD-UHFFFAOYSA-N,2.662106533500493
YERPFONPEZJCJV-UHFFFAOYSA-N__QTLOYOSKGRNTNQ-UHFFFAOYSA-N,15.333798707318532
FGTCVMFRVPGFFS-UHFFFAOYSA-N__TVOZQSXDVOIYBY-UHFFFAOYSA-N,5.220813549586966
TVOZQSXDVOIYBY-UHFFFAOYSA-N__FGTCVMFRVPGFFS-UHFFFAOYSA-N,5.723109774880416
MZAQCBDOHHPKOV-UHFFFAOYSA-N__MGMSZFZFCXKYHX-UHFFFAOYSA-N,13.390974091788475
FOKOTNYNZLGJGN-UHFFFAOYSA-N__WYHZFMOITCFQLI-UHFFFAOYSA-N,11.403635992553529
WYHZFMOITCFQLI-UHFFFAOYSA-N__FOKOTNYNZLGJGN-UHFFFAOYSA-N,5.051638205354787
ABZGGDBWPOTKLM-UHFFFAOYSA-N__PHKSIVKLKYAKMO-UHFFFAOYSA-N,7.596150794852017
PHKSIVKLKYAKMO-UHFFFAOYSA-N__ABZGGDBWPOTKLM-UHFFFAOYSA-N,3.3631238728996755
VNMPKYRAUUWUOD-UHFFFAOYSA-N__MVORBLZUGBSUNB-UHFFFAOYSA-N,7.153712816756758
QQHSMCFDMYEGOF-UHFFFAOYSA-N__MNBLYACPVWCSLJ-UHFFFAOYSA-N,11.155858175105854
CFBZPKYMLFADQQ-UHFFFAOYSA-N__VHAUZOKFGWIMQA-UHFFFAOYSA-N,-5.264468273970965
ZQRRSJVSSKAYKL-UHFFFAOYSA-N__GEMVINMYMNXFND-UHFFFAOYSA-N,5.623277821836934
GEMVINMYMNXFND-UHFFFAOYSA-N__ZQRRSJVSSKAYKL-UHFFFAOYSA-N,5.735833776409548
VHAUZOKFGWIMQA-UHFFFAOYSA-N__CFBZPKYMLFADQQ-UHFFFAOYSA-N,-6.842289311273867
WIGPBERBKUHDNM-UHFFFAOYSA-N__LKVGYCCMPNETRO-UHFFFAOYSA-N,3.010105849920332
LKVGYCCMPNETRO-UHFFFAOYSA-N__WIGPBERBKUHDNM-UHFFFAOYSA-N,4.427723090961389
XTAVDKZAUDBHFX-UHFFFAOYSA-N__VQBBUQJASQAPDL-UHFFFAOYSA-N,1.6997722642760822
VQBBUQJASQAPDL-UHFFFAOYSA-N__XTAVDKZAUDBHFX-UHFFFAOYSA-N,6.207546873115962
ZEZUKTOXFQFQBL-UHFFFAOYSA-N__XTBIXBKCIIFYDT-UHFFFAOYSA-N,5.877634506877646
QJMVNJCSOPVVOJ-UHFFFAOYSA-N__HUOZNEQSWUSYOX-UHFFFAOYSA-N,7.426038798763863
HUOZNEQSWUSYOX-UHFFFAOYSA-N__QJMVNJCSOPVVOJ-UHFFFAOYSA-N,11.754438701087038
DRTKSOIHJXAMLF-UHFFFAOYSA-N__RPPZKECJAPWGOF-UHFFFAOYSA-N,7.899283722853046
RPPZKECJAPWGOF-UHFFFAOYSA-N__DRTKSOIHJXAMLF-UHFFFAOYSA-N,14.676819066859087
GILIOSKZFBSGEY-UHFFFAOYSA-N__SDWREDSHXOABRO-UHFFFAOYSA-N,9.093649204942666
ZWWBJTNDLKHZIV-UHFFFAOYSA-N__BHMIWCGHBYBPOQ-UHFFFAOYSA-N,10.653356795549833
VVIRVTRASGDRTP-UHFFFAOYSA-N__QPPIFRKGZUYEEB-CQSZACIVSA-N,13.778608222927678
QPPIFRKGZUYEEB-CQSZACIVSA-N__VVIRVTRASGDRTP-UHFFFAOYSA-N,8.024830992952209
FVALBPYZDKQFRG-UHFFFAOYSA-N__FVRDQBLTGUEGOH-UHFFFAOYSA-N,12.201134694570486
LSPCBGGLEHSPGG-UHFFFAOYSA-N__SZHNEDLAROLBKU-UHFFFAOYSA-N,12.172588592719263
SZHNEDLAROLBKU-UHFFFAOYSA-N__LSPCBGGLEHSPGG-UHFFFAOYSA-N,10.079200546476788
FVRDQBLTGUEGOH-UHFFFAOYSA-N__FVALBPYZDKQFRG-UHFFFAOYSA-N,9.957597268899807
NSDYSRJAWFWHCF-UHFFFAOYSA-N__YSSRJWIBESXIFJ-UHFFFAOYSA-N,0.5011868965844615
YSSRJWIBESXIFJ-UHFFFAOYSA-N__NSDYSRJAWFWHCF-UHFFFAOYSA-N,10.2453701666687
QBQJXRDQFMGOOO-UHFFFAOYSA-N__MZYMHBYSKJFOHD-XNIJJKJLSA-N,4.250747885883409
MZYMHBYSKJFOHD-XNIJJKJLSA-N__QBQJXRDQFMGOOO-UHFFFAOYSA-N,10.483155483749652
XWMBTGDQRAOWNU-UHFFFAOYSA-N__MFEASEKWVSFSJU-UHFFFAOYSA-N,15.243013333207726
GHEDKLRRMJTAHC-UHFFFAOYSA-N__UXGIPQQCMQIIFI-UHFFFAOYSA-N,8.954766487443703
UXGIPQQCMQIIFI-UHFFFAOYSA-N__GHEDKLRRMJTAHC-UHFFFAOYSA-N,3.8994845575933583
VFUSEKGJSFQBOQ-UHFFFAOYSA-N__NPYPGRBHKNHNGY-UHFFFAOYSA-N,0.046672282802478
QQKOIRUMNNFKNP-UHFFFAOYSA-N__HJFRTRJXHIIVOX-HNNXBMFYSA-N,8.489519285989596
JKOBAGCUAJLZAB-UHFFFAOYSA-N__BFCUSELMOTXSKV-UHFFFAOYSA-N,10.498172632049103
BFCUSELMOTXSKV-UHFFFAOYSA-N__JKOBAGCUAJLZAB-UHFFFAOYSA-N,4.105119292437767
QIYZYCHTRXUKCO-UHFFFAOYSA-N__HLAPCGKSHHSAQV-UHFFFAOYSA-N,12.479909376568529
HLAPCGKSHHSAQV-UHFFFAOYSA-N__QIYZYCHTRXUKCO-UHFFFAOYSA-N,7.777671993320778
WRRGTJVKCOXDGI-UHFFFAOYSA-N__OKRLQMWDAVXQLD-UHFFFAOYSA-N,14.35131421057006
OKRLQMWDAVXQLD-UHFFFAOYSA-N__WRRGTJVKCOXDGI-UHFFFAOYSA-N,6.103181504061511
ACOWOZLZMNLPNA-UHFFFAOYSA-N__HNWOYLKVSXOVCR-UHFFFAOYSA-N,12.937867791414623
HNWOYLKVSXOVCR-UHFFFAOYSA-N__ACOWOZLZMNLPNA-UHFFFAOYSA-N,5.569077551854546
IUPBESSFHMAEGJ-UHFFFAOYSA-N__UGSHCIBYLANSPO-UHFFFAOYSA-N,10.769737068950263
UGSHCIBYLANSPO-UHFFFAOYSA-N__IUPBESSFHMAEGJ-UHFFFAOYSA-N,17.629731575542504
KERAHCOYVHKLHQ-UHFFFAOYSA-N__RUYXFENLEOWYDV-UHFFFAOYSA-N,11.892924665720166
RUYXFENLEOWYDV-UHFFFAOYSA-N__KERAHCOYVHKLHQ-UHFFFAOYSA-N,6.733721501210577
JFBRYAUUBAOZRW-UHFFFAOYSA-N__OADUCRVXAVLLOI-UHFFFAOYSA-N,7.681167554849721
OADUCRVXAVLLOI-UHFFFAOYSA-N__JFBRYAUUBAOZRW-UHFFFAOYSA-N,3.91267131271684
ZKXOSVAIAQIPNI-UHFFFAOYSA-N__XVFDDJAUACQEMU-UHFFFAOYSA-N,10.13144552803186
XVFDDJAUACQEMU-UHFFFAOYSA-N__ZKXOSVAIAQIPNI-UHFFFAOYSA-N,4.366610585440712
UGFJAGXDPYSEKK-UHFFFAOYSA-N__HYEQAQUHICONOL-UHFFFAOYSA-N,2.972150177507019
HYEQAQUHICONOL-UHFFFAOYSA-N__UGFJAGXDPYSEKK-UHFFFAOYSA-N,4.7900367271053454
NWKNVWNWNISQCR-UHFFFAOYSA-N__RWVRSKIHUVTZJA-UHFFFAOYSA-N,5.460376510440078
RWVRSKIHUVTZJA-UHFFFAOYSA-N__NWKNVWNWNISQCR-UHFFFAOYSA-N,10.658220802898736
FMYYFKHTWRVDSA-UHFFFAOYSA-N__XXAMATRSKPXRNQ-UHFFFAOYSA-N,11.361003431769095
AYDRVKKVDYOYBH-UHFFFAOYSA-N__GTXAHSJCVIYMJT-UHFFFAOYSA-N,3.829820230235165
XXAMATRSKPXRNQ-UHFFFAOYSA-N__FMYYFKHTWRVDSA-UHFFFAOYSA-N,13.48320551636928
GTXAHSJCVIYMJT-UHFFFAOYSA-N__AYDRVKKVDYOYBH-UHFFFAOYSA-N,3.418759328621253
FDBMZERYWBZSQS-UHFFFAOYSA-N__QJUFBVBVKWVNTO-UHFFFAOYSA-N,12.269486028027917
QJUFBVBVKWVNTO-UHFFFAOYSA-N__FDBMZERYWBZSQS-UHFFFAOYSA-N,3.548386049529725
WGFCVFBPBWCIBW-UHFFFAOYSA-N__ILUIMZOPQQUHBP-UHFFFAOYSA-N,11.439835692871243
ILUIMZOPQQUHBP-UHFFFAOYSA-N__WGFCVFBPBWCIBW-UHFFFAOYSA-N,10.205562922573284
WHKYGSUCPZYVBN-UHFFFAOYSA-N__SJVIUBBCHNFVKJ-UHFFFAOYSA-N,2.5964729391607944
SJVIUBBCHNFVKJ-UHFFFAOYSA-N__WHKYGSUCPZYVBN-UHFFFAOYSA-N,10.945443861079442
BSAOPRXIQMWMIR-SECBINFHSA-N__KRXKNYYWEXZFLB-UHFFFAOYSA-N,2.3946759436150287
YZDHGWQBTKQJMA-UHFFFAOYSA-N__UIBZILNKQCTIOI-UHFFFAOYSA-N,11.956624752458657
UIBZILNKQCTIOI-UHFFFAOYSA-N__YZDHGWQBTKQJMA-UHFFFAOYSA-N,4.110092321912855
AHZFYAXICVLVAY-UHFFFAOYSA-N__NEFYPKDVWAFDHA-UHFFFAOYSA-N,9.929964654090842
GMLMIZSGTCAUNO-UHFFFAOYSA-N__KKOVNQVHTWGUIG-UHFFFAOYSA-N,6.472466079647265
NEFYPKDVWAFDHA-UHFFFAOYSA-N__AHZFYAXICVLVAY-UHFFFAOYSA-N,12.787827278949049
KKOVNQVHTWGUIG-UHFFFAOYSA-N__GMLMIZSGTCAUNO-UHFFFAOYSA-N,7.364450625688942
NYAYUOQQXMPXSV-UHFFFAOYSA-N__HKMHRYKDXAWLLP-UHFFFAOYSA-N,6.724828580786891
ZBULWGFKZMHJLU-UHFFFAOYSA-N__IXXQYVDHJRHGIJ-UHFFFAOYSA-N,6.315706263583187
OCOMTHOUDNGXGU-UHFFFAOYSA-N__UECFQJSAMCEFAR-UHFFFAOYSA-N,14.130805010770729
UECFQJSAMCEFAR-UHFFFAOYSA-N__OCOMTHOUDNGXGU-UHFFFAOYSA-N,10.757492735698335
SZASHHLRDNXWEX-UHFFFAOYSA-N__RUZGYKRNODQBSP-UHFFFAOYSA-N,6.236273361201924
RUZGYKRNODQBSP-UHFFFAOYSA-N__SZASHHLRDNXWEX-UHFFFAOYSA-N,5.024596791103238
RNSIEHCQSNGUMF-UHFFFAOYSA-N__VYKACKKAIKLQJO-UHFFFAOYSA-N,1.433623874638301
VYKACKKAIKLQJO-UHFFFAOYSA-N__RNSIEHCQSNGUMF-UHFFFAOYSA-N,9.056121986986946
NVPGAVMKYQCUBL-UHFFFAOYSA-N__XNXCQGXSYZEQIL-UHFFFAOYSA-N,7.915975963011912
XNXCQGXSYZEQIL-UHFFFAOYSA-N__NVPGAVMKYQCUBL-UHFFFAOYSA-N,3.652692545249196
FCAFWHQULKEFDG-ZZAPORBBSA-N__SCAJIVBWNOEIBR-UHFFFAOYSA-N,1.4318963250825725
NDWCISMGKYJGAR-UHFFFAOYSA-N__VXCABIXHLZMQGJ-UHFFFAOYSA-N,10.619285866435542
VXCABIXHLZMQGJ-UHFFFAOYSA-N__NDWCISMGKYJGAR-UHFFFAOYSA-N,10.093273962682185
CPOVHNUWNWMBMF-UHFFFAOYSA-N__XSSZQBUYGSJVQX-UHFFFAOYSA-N,3.4363367487099272
ABMAWPRTPYBBDU-UHFFFAOYSA-N__MGXGHUYBTSQJGQ-UHFFFAOYSA-N,14.916461109263858
LEEIJROYIIGPFU-UHFFFAOYSA-N__RSCPWLYNDDGNMI-UHFFFAOYSA-N,3.753325158812277
SCAJIVBWNOEIBR-UHFFFAOYSA-N__FCAFWHQULKEFDG-ZZAPORBBSA-N,8.533179666174526
RSCPWLYNDDGNMI-UHFFFAOYSA-N__LEEIJROYIIGPFU-UHFFFAOYSA-N,-0.3899445953755742
CGWYPRSATONQFU-UHFFFAOYSA-N__WJJFWYJRNTXLDY-UHFFFAOYSA-N,0.2097236078271276
BIWQLTGQMJGXQN-UHFFFAOYSA-N__LQUZBRFEHIJDHV-UHFFFAOYSA-N,5.173659691029922
WJJFWYJRNTXLDY-UHFFFAOYSA-N__CGWYPRSATONQFU-UHFFFAOYSA-N,7.97095755235833
OTBGTILLAONBGQ-UHFFFAOYSA-N__UOOYCAUZXITAPI-UHFFFAOYSA-N,-0.6107598274386068
LQUZBRFEHIJDHV-UHFFFAOYSA-N__BIWQLTGQMJGXQN-UHFFFAOYSA-N,2.127449647208909
UOOYCAUZXITAPI-UHFFFAOYSA-N__OTBGTILLAONBGQ-UHFFFAOYSA-N,8.102658976711211
JQYHZGXMWTXIHW-UHFFFAOYSA-N__VQQUQHAQFBSRRA-UHFFFAOYSA-N,-2.720432453510905
VQQUQHAQFBSRRA-UHFFFAOYSA-N__JQYHZGXMWTXIHW-UHFFFAOYSA-N,6.020846502999208
VXXXGZJZSQMDLW-UHFFFAOYSA-N__WEMHECAHUNDECE-UHFFFAOYSA-N,3.2213847634813493
WEMHECAHUNDECE-UHFFFAOYSA-N__VXXXGZJZSQMDLW-UHFFFAOYSA-N,6.524117736437948
FMIKPGMNKQXSFQ-UHFFFAOYSA-N__YVYYIKLWAWBZPS-UHFFFAOYSA-N,14.327842829180772
YVYYIKLWAWBZPS-UHFFFAOYSA-N__FMIKPGMNKQXSFQ-UHFFFAOYSA-N,13.414112936195796
FPMAURQPBMLMSS-UHFFFAOYSA-N__BIIMJFZNPPEEMF-UHFFFAOYSA-N,8.35618582577466
BIIMJFZNPPEEMF-UHFFFAOYSA-N__FPMAURQPBMLMSS-UHFFFAOYSA-N,6.002219491744049
MTXFWDNRYICUHQ-UHFFFAOYSA-N__JATJBSMHOZOZFJ-UHFFFAOYSA-N,-2.441339252042563
QXXNRWHFLQAHQA-UHFFFAOYSA-N__QTRBODIVNNWMMB-UHFFFAOYSA-N,2.5537292393198485
QTRBODIVNNWMMB-UHFFFAOYSA-N__QXXNRWHFLQAHQA-UHFFFAOYSA-N,2.733211467049573
IWPWDTDZEBKCAJ-UHFFFAOYSA-N__DJUWIZUEHXRECB-UHFFFAOYSA-N,4.021008708318054
DJUWIZUEHXRECB-UHFFFAOYSA-N__IWPWDTDZEBKCAJ-UHFFFAOYSA-N,2.8488214237875087
BNTLTRRAAWVJOE-UHFFFAOYSA-N__BFOXYLVCYJNOBM-FKWGRNQDSA-N,7.559803335165506
BFOXYLVCYJNOBM-FKWGRNQDSA-N__BNTLTRRAAWVJOE-UHFFFAOYSA-N,15.043659508047613
UOKDSTQJQPUTTH-UHFFFAOYSA-N__LVSFAHMDJNWNST-UHFFFAOYSA-N,9.57651553680454
ZGTLIVDKPRHRFX-UHFFFAOYSA-N__VCMFZTZKBIHUFS-UHFFFAOYSA-N,3.100086725228776
CGYFSFATPGEJGE-UHFFFAOYSA-N__RWWBROIJIWDUCA-UHFFFAOYSA-N,5.965762377149389
RWWBROIJIWDUCA-UHFFFAOYSA-N__CGYFSFATPGEJGE-UHFFFAOYSA-N,4.096890489243069
SEUITHFJJKLYKD-UHFFFAOYSA-N__OBUKLCAHIJXQAP-UHFFFAOYSA-N,5.450263145293565
OBUKLCAHIJXQAP-UHFFFAOYSA-N__SEUITHFJJKLYKD-UHFFFAOYSA-N,9.0941595393178
DYBZBXQHGXFKRJ-UHFFFAOYSA-N__JGCBNBILXJCPPL-UHFFFAOYSA-N,11.352255151605622
JGCBNBILXJCPPL-UHFFFAOYSA-N__DYBZBXQHGXFKRJ-UHFFFAOYSA-N,9.42580732515028
BNTPLLAGJFLBTO-UHFFFAOYSA-N__RQMQKEWHIHVDIR-UHFFFAOYSA-N,3.9322394750718326
RQMQKEWHIHVDIR-UHFFFAOYSA-N__BNTPLLAGJFLBTO-UHFFFAOYSA-N,3.2489427396955985
BTMRTQMTAXTECC-UHFFFAOYSA-N__WVCFFTMRSUBABJ-UHFFFAOYSA-N,11.86883975570153
WVCFFTMRSUBABJ-UHFFFAOYSA-N__BTMRTQMTAXTECC-UHFFFAOYSA-N,9.45236037946839
QTEATMBVKZEMCS-UHFFFAOYSA-N__VKPRMEOOFBYMLY-UHFFFAOYSA-N,0.2499961478450725
NMSWZADJXCWHFU-UHFFFAOYSA-N__VGZNXEHUVCOJCJ-UHFFFAOYSA-N,6.670104067139826
VGZNXEHUVCOJCJ-UHFFFAOYSA-N__NMSWZADJXCWHFU-UHFFFAOYSA-N,2.816119989440294
LBFNBZKKHRKSRL-UHFFFAOYSA-N__LRYZEJWHUMYCNZ-UHFFFAOYSA-N,13.96475133578201
LRYZEJWHUMYCNZ-UHFFFAOYSA-N__LBFNBZKKHRKSRL-UHFFFAOYSA-N,2.081519299263956
HLLCMWSNYVUFLY-UHFFFAOYSA-N__NFKUAQURUWYBML-UHFFFAOYSA-N,4.749448539819438
NFKUAQURUWYBML-UHFFFAOYSA-N__HLLCMWSNYVUFLY-UHFFFAOYSA-N,3.3694108960282283
ZDGPHBNOZAWWAK-UHFFFAOYSA-N__GUOOHPBOONFERC-UHFFFAOYSA-N,-1.10305628450419
GUOOHPBOONFERC-UHFFFAOYSA-N__ZDGPHBNOZAWWAK-UHFFFAOYSA-N,7.751234547126408
DUPPHORFIAGEPA-UHFFFAOYSA-N__REXKEZKOQUPFFF-UHFFFAOYSA-N,3.025639459165655
SVZHCLDBJKNOKE-UHFFFAOYSA-N__UWOYVVRCHLRSPO-UHFFFAOYSA-N,10.088721187894771
CHQXOPIYRWAKGI-UHFFFAOYSA-N__MEHHADIPXQJEOM-UHFFFAOYSA-N,6.698815678785726
AAJUEMYEASRYAK-UHFFFAOYSA-N__JDJGVHBFGFJVHF-UHFFFAOYSA-N,10.031420482035188
JDJGVHBFGFJVHF-UHFFFAOYSA-N__AAJUEMYEASRYAK-UHFFFAOYSA-N,9.975024652960066
PWIVYBISWCSFSW-UHFFFAOYSA-N__AHNLVPGNENSEOA-UHFFFAOYSA-N,19.55464776387895
AHNLVPGNENSEOA-UHFFFAOYSA-N__PWIVYBISWCSFSW-UHFFFAOYSA-N,9.401020523173496
HCNWEIUNQPINOR-UHFFFAOYSA-N__ACVIWPZWEJAKIQ-UHFFFAOYSA-N,17.609995294504838
AEYJSULNKPFTAP-UHFFFAOYSA-N__HXRAUMHOUCLJJD-UHFFFAOYSA-N,4.462884137681131
BQGKJKQPLRHELQ-UHFFFAOYSA-N__OKAHFPIZPJMVRQ-UHFFFAOYSA-N,6.315521665817063
OKAHFPIZPJMVRQ-UHFFFAOYSA-N__BQGKJKQPLRHELQ-UHFFFAOYSA-N,1.906178929840707
WQLPSPGIIJECBY-UHFFFAOYSA-N__CCCWWODVSWCSCE-UHFFFAOYSA-N,-2.2301630237992844
CKEUTKAJQYCNCD-UHFFFAOYSA-N__YMMKBCCXKANIOI-UHFFFAOYSA-N,5.738712062941628
YMMKBCCXKANIOI-UHFFFAOYSA-N__CKEUTKAJQYCNCD-UHFFFAOYSA-N,6.318242905282027
CCCWWODVSWCSCE-UHFFFAOYSA-N__WQLPSPGIIJECBY-UHFFFAOYSA-N,0.2956107510722144
SWSJMZDATRRKMZ-UHFFFAOYSA-N__GIMDQVBYTLJOKO-UHFFFAOYSA-N,8.532955538654537
MCXMMHXTPRAGQL-UHFFFAOYSA-N__VPRDAWXTMNKKCC-ONEGZZNKSA-N,7.203017518622792
VPRDAWXTMNKKCC-ONEGZZNKSA-N__MCXMMHXTPRAGQL-UHFFFAOYSA-N,13.016417865860287
ROHZCCAXHDLEAI-UHFFFAOYSA-N__LLTVYTSQLPNPGT-UHFFFAOYSA-N,17.606685988929044
LLTVYTSQLPNPGT-UHFFFAOYSA-N__ROHZCCAXHDLEAI-UHFFFAOYSA-N,8.276278019957264
RHTVXWJBNAGVJX-UHFFFAOYSA-N__PNHSJGXLWQTTQU-UHFFFAOYSA-N,9.710663901625209
PNHSJGXLWQTTQU-UHFFFAOYSA-N__RHTVXWJBNAGVJX-UHFFFAOYSA-N,10.230695976706611
WWEIWWOBTOWVGI-UHFFFAOYSA-N__YWUFTLWMALVKLV-UHFFFAOYSA-N,2.678183799190989
WYYIWNFHJXVFDF-UHFFFAOYSA-N__XVZLEVAFFBYYPT-UHFFFAOYSA-N,5.896420582397539
XVZLEVAFFBYYPT-UHFFFAOYSA-N__WYYIWNFHJXVFDF-UHFFFAOYSA-N,1.7557292559902418
VNHCXXMKHHEHMJ-UHFFFAOYSA-N__ZXFHYPQBOBUFLI-UHFFFAOYSA-N,4.195394750936702
VRIZZAUCSVTLQB-UHFFFAOYSA-N__GIJKNSZMUDKAAR-UHFFFAOYSA-N,7.428405784697705
GBJBDOWMZMXKCD-UHFFFAOYSA-N__JXBJKGMNVFMXKX-UHFFFAOYSA-N,8.12708591422853
JXBJKGMNVFMXKX-UHFFFAOYSA-N__GBJBDOWMZMXKCD-UHFFFAOYSA-N,0.0287056032848248
VSGVIWDAPRBGHI-UHFFFAOYSA-N__WGDPSZDUKYCXLS-UHFFFAOYSA-N,-2.139581596314845
WGDPSZDUKYCXLS-UHFFFAOYSA-N__VSGVIWDAPRBGHI-UHFFFAOYSA-N,-3.789117511054237
PACHJWHEDJGCGQ-UHFFFAOYSA-N__IAZSIAYRVQAGNW-UHFFFAOYSA-N,3.0023846082031094
IAZSIAYRVQAGNW-UHFFFAOYSA-N__PACHJWHEDJGCGQ-UHFFFAOYSA-N,3.4420608305246563
YOEVGYQEOVJXFD-UHFFFAOYSA-N__QPWMIWSKNIKXSC-UHFFFAOYSA-N,10.899893583813125
JJRXACIIIPBQKK-UHFFFAOYSA-N__IYVVJZAWIFXQND-UHFFFAOYSA-N,7.312284756218863
HTHWEQHAANTZKG-UHFFFAOYSA-N__VNXNBNVPQNUKBV-UHFFFAOYSA-N,7.078609813224295
QMYBCKKNLAJASX-UHFFFAOYSA-N__IYGDOIQOUHSCCE-UHFFFAOYSA-N,-0.7614967300121853
SARQBHWEKFMHPS-UHFFFAOYSA-N__CIAUBFJMQJXXQD-UHFFFAOYSA-N,9.429242057100504
IYGDOIQOUHSCCE-UHFFFAOYSA-N__QMYBCKKNLAJASX-UHFFFAOYSA-N,10.405218003955715
JVAKBKOALOXKKO-UHFFFAOYSA-N__XYABDSJGEJEELM-UHFFFAOYSA-N,11.746259639263272
XYABDSJGEJEELM-UHFFFAOYSA-N__JVAKBKOALOXKKO-UHFFFAOYSA-N,11.848255285869405
DPZSRLQCTMRACF-UHFFFAOYSA-N__LEKFNUHVYFCLDC-UHFFFAOYSA-N,12.63869652489188
LEKFNUHVYFCLDC-UHFFFAOYSA-N__DPZSRLQCTMRACF-UHFFFAOYSA-N,3.791326987069848
NGMHQVCYIHEYIE-UHFFFAOYSA-N__SJRQWZAGEAMWAI-UHFFFAOYSA-N,10.118853816100271
NEHYYNHLQQLBJJ-UHFFFAOYSA-N__DZESSNRQOHHYIB-UHFFFAOYSA-N,3.881980402456025
DZESSNRQOHHYIB-UHFFFAOYSA-N__NEHYYNHLQQLBJJ-UHFFFAOYSA-N,6.628898746864248
SJRQWZAGEAMWAI-UHFFFAOYSA-N__NGMHQVCYIHEYIE-UHFFFAOYSA-N,5.02072444355349
BDFCYSCHFNWCRZ-UHFFFAOYSA-N__PGFWNOREQCWETE-UHFFFAOYSA-N,7.563346095909774
PGFWNOREQCWETE-UHFFFAOYSA-N__BDFCYSCHFNWCRZ-UHFFFAOYSA-N,1.736558294299552
DKMYSBNGVGPTKL-UHFFFAOYSA-N__GDJSOOVZLQCCIY-UHFFFAOYSA-N,10.018510786250776
GDJSOOVZLQCCIY-UHFFFAOYSA-N__DKMYSBNGVGPTKL-UHFFFAOYSA-N,5.69269248624758
MVWSFRAUYYRJGF-UHFFFAOYSA-N__XZJVJHXGVBNBLL-UHFFFAOYSA-N,9.043156623939067
XZJVJHXGVBNBLL-UHFFFAOYSA-N__MVWSFRAUYYRJGF-UHFFFAOYSA-N,14.816245912429109
RWRKUKUUODZQKF-UHFFFAOYSA-N__CYTOIBNGSQJZRU-UHFFFAOYSA-N,0.8039993880069874
CYTOIBNGSQJZRU-UHFFFAOYSA-N__RWRKUKUUODZQKF-UHFFFAOYSA-N,5.337773449413344
AXUOWCPSCMDBRZ-UHFFFAOYSA-N__RTJRYACEWAJAGI-UHFFFAOYSA-N,-0.1016107567970159
RTJRYACEWAJAGI-UHFFFAOYSA-N__AXUOWCPSCMDBRZ-UHFFFAOYSA-N,1.3098264262365773
AOHIQWIMAJZCET-UHFFFAOYSA-N__XRGAPEZVRXEFPE-UHFFFAOYSA-N,8.58718231185706
XRGAPEZVRXEFPE-UHFFFAOYSA-N__AOHIQWIMAJZCET-UHFFFAOYSA-N,15.201078134033535
NPNITCSBEGTGQC-UHFFFAOYSA-N__QIFCESYYLNHTSB-UHFFFAOYSA-N,4.490488927347774
QIFCESYYLNHTSB-UHFFFAOYSA-N__NPNITCSBEGTGQC-UHFFFAOYSA-N,-0.8787839326364442
JJWHJTNFIFAWMC-UHFFFAOYSA-N__WZYPASXBEISNLR-UHFFFAOYSA-N,1.184954965065482
FEJGPTYZJNOGDJ-UHFFFAOYSA-N__SCGAVYKABBMLPK-UWLZSVRSSA-N,8.869845182498548
JMQIQTYBRBQBAF-UHFFFAOYSA-N__LJKMIJNYNUHVLJ-LLVKDONJSA-N,6.607672514841422
LJKMIJNYNUHVLJ-LLVKDONJSA-N__JMQIQTYBRBQBAF-UHFFFAOYSA-N,3.777677978799081
ZMHQBMIYPIJWJZ-UHFFFAOYSA-N__MDNJTHXSOCEIPJ-UHFFFAOYSA-N,4.044879516094817
OYXTUQMIUHOHOU-UHFFFAOYSA-N__QJZWTIQSPGTDBT-UHFFFAOYSA-N,4.85152183811827
QJZWTIQSPGTDBT-UHFFFAOYSA-N__OYXTUQMIUHOHOU-UHFFFAOYSA-N,4.987567788713582
RPFGBQGIFWWWCE-UHFFFAOYSA-N__ZYWXDAARRZRRQW-UHFFFAOYSA-N,8.810431493381255
JGPIYEWUZLVYHJ-UHFFFAOYSA-N__LBZZWYYWDUXPPR-UHFFFAOYSA-N,6.8360910693813
LBZZWYYWDUXPPR-UHFFFAOYSA-N__JGPIYEWUZLVYHJ-UHFFFAOYSA-N,1.6313814393027932
AACLFGRLJZVLOJ-UHFFFAOYSA-N__SVDTVNSCKIMCQF-UHFFFAOYSA-N,6.184459626620485
SVDTVNSCKIMCQF-UHFFFAOYSA-N__AACLFGRLJZVLOJ-UHFFFAOYSA-N,11.882973017386195
NPLYLFMOWMWZMR-UHFFFAOYSA-N__KQEOXVLZTUIEQV-UHFFFAOYSA-N,10.664975226324383
KQEOXVLZTUIEQV-UHFFFAOYSA-N__NPLYLFMOWMWZMR-UHFFFAOYSA-N,1.1942968556369742
LUHPQCBNZOLCFM-UHFFFAOYSA-N__JWBVUBRHNPJPOJ-UHFFFAOYSA-N,8.728841625257958
QDIFYBIOYGWTLR-UHFFFAOYSA-N__JEWYENIYSXMWAK-UHFFFAOYSA-N,3.802622134460445
UKEANZAFHAKNKO-UHFFFAOYSA-N__YEIYSWAXMWCAHY-UHFFFAOYSA-N,7.186364452090669
JWBVUBRHNPJPOJ-UHFFFAOYSA-N__LUHPQCBNZOLCFM-UHFFFAOYSA-N,7.415586741956857
YEIYSWAXMWCAHY-UHFFFAOYSA-N__UKEANZAFHAKNKO-UHFFFAOYSA-N,-1.050578867508427
FWKCIRGFLLKIIX-UHFFFAOYSA-N__HDRFQDDDLHKCNM-UHFFFAOYSA-N,13.862656420381375
HDRFQDDDLHKCNM-UHFFFAOYSA-N__FWKCIRGFLLKIIX-UHFFFAOYSA-N,-0.8296143032531531
YLDIAORQHWLOAI-UHFFFAOYSA-N__LBYDSMJFFKOMOP-UHFFFAOYSA-N,17.829972036316306
MYKHQPWCYZGZCN-XFXZXTDPSA-N__VVMXENKORRRYID-UHFFFAOYSA-N,4.218437843518873
VVMXENKORRRYID-UHFFFAOYSA-N__MYKHQPWCYZGZCN-XFXZXTDPSA-N,0.8074519333045982
OAKFIEICCPJEIG-UHFFFAOYSA-N__QQCVIQAIGRNBSE-UHFFFAOYSA-N,-0.4324009915868611
QQCVIQAIGRNBSE-UHFFFAOYSA-N__OAKFIEICCPJEIG-UHFFFAOYSA-N,2.949641663338686
KEISSZCNJGEVTK-UHFFFAOYSA-N__VYJAQWFELPYIQI-UHFFFAOYSA-N,4.9050967590043095
VYJAQWFELPYIQI-UHFFFAOYSA-N__KEISSZCNJGEVTK-UHFFFAOYSA-N,3.745433098281083
OFYVZJDMJKZFCI-UHFFFAOYSA-N__QIDMGIFNVQEGKA-UHFFFAOYSA-N,11.763762499230754
QIDMGIFNVQEGKA-UHFFFAOYSA-N__OFYVZJDMJKZFCI-UHFFFAOYSA-N,6.280280268129395
HBFYKGNLRFSCCK-UHFFFAOYSA-N__NBBHJRVCKBMDOI-UHFFFAOYSA-N,4.111966974513352
NBBHJRVCKBMDOI-UHFFFAOYSA-N__HBFYKGNLRFSCCK-UHFFFAOYSA-N,14.399911359183868
YDVCAYUZXZECML-UHFFFAOYSA-N__UXDUDZYUTJIJOT-UHFFFAOYSA-N,-3.3805294578708955
LHVWHPVNVADYCH-UHFFFAOYSA-N__MJLLBSOKJNZCMT-UHFFFAOYSA-N,9.400585918924136
IGXPWFDHEAIRAQ-UHFFFAOYSA-N__QKRKQYCFKFKSOG-UHFFFAOYSA-N,13.1711783848311
WQGZGASQLUPRIW-UHFFFAOYSA-N__HPZBVZRLXCGXBT-UHFFFAOYSA-N,13.314201126781612
HPZBVZRLXCGXBT-UHFFFAOYSA-N__WQGZGASQLUPRIW-UHFFFAOYSA-N,8.589124812381499
CRQGZXRKUBJILS-UHFFFAOYSA-N__MSBNCUGZYUGPSE-GZTJUZNOSA-N,10.596631265026543
NYJNTBWXADGVDM-UHFFFAOYSA-N__IGPAJWKVNSDHGF-UHFFFAOYSA-N,0.6048184716961619
IGPAJWKVNSDHGF-UHFFFAOYSA-N__NYJNTBWXADGVDM-UHFFFAOYSA-N,7.85105800719435
YGRZOXQXGJZOAR-VPHXOMNUSA-N__GFJBRTGRTYVAGC-UHFFFAOYSA-N,8.36098415734678
PVFLWPPDHUZOCS-UHFFFAOYSA-N__SXEWPBDCHBRMIA-UHFFFAOYSA-N,-0.7653517292058485
SXEWPBDCHBRMIA-UHFFFAOYSA-N__PVFLWPPDHUZOCS-UHFFFAOYSA-N,3.850741927625836
XUSJRALATPYNNZ-JXOAFFINSA-N__AQRHTQIAGRDELP-UHFFFAOYSA-N,12.146889716580368
GSAPREWSURNXFT-UHFFFAOYSA-N__LQDXIMZPSMJBRX-UHFFFAOYSA-N,9.473948593166371
LQDXIMZPSMJBRX-UHFFFAOYSA-N__GSAPREWSURNXFT-UHFFFAOYSA-N,2.793549041165136
QNICOJKFFUADIG-OWOJBTEDSA-N__CPLIPIMOAZPUTR-UHFFFAOYSA-N,4.152061658996381
CPLIPIMOAZPUTR-UHFFFAOYSA-N__QNICOJKFFUADIG-OWOJBTEDSA-N,8.899920904985686
MDXZZIYKDYVICU-UHFFFAOYSA-N__QVQRRCCPMMPHGS-UHFFFAOYSA-N,7.76377541420663
QVQRRCCPMMPHGS-UHFFFAOYSA-N__MDXZZIYKDYVICU-UHFFFAOYSA-N,10.687738031380706
HXUNHDGPWOVVMG-UHFFFAOYSA-N__QUPHXESXHJZKDR-UHFFFAOYSA-N,4.43354736399123
QUPHXESXHJZKDR-UHFFFAOYSA-N__HXUNHDGPWOVVMG-UHFFFAOYSA-N,3.986272689045749
ZCAIEZCNOYVBDW-UHFFFAOYSA-N__DBBZGJOGVOQDKG-UHFFFAOYSA-N,1.284525676036175
DBBZGJOGVOQDKG-UHFFFAOYSA-N__ZCAIEZCNOYVBDW-UHFFFAOYSA-N,5.675892662096876
QKSNETYRHZRPCF-UHFFFAOYSA-N__WEALZOHFAZETGO-UHFFFAOYSA-N,13.356275302211031
DYHOIWQPIJCGTD-UHFFFAOYSA-N__HBYJGGMZANHCSM-ZZXKWVIFSA-N,0.3305519853884016
HBYJGGMZANHCSM-ZZXKWVIFSA-N__DYHOIWQPIJCGTD-UHFFFAOYSA-N,0.1319846442916637
WEALZOHFAZETGO-UHFFFAOYSA-N__QKSNETYRHZRPCF-UHFFFAOYSA-N,6.3205414948333285
FDIFNSQKLYZLJB-UHFFFAOYSA-N__FBLHYWHUKBKJKN-UHFFFAOYSA-N,7.514135906272561
FBLHYWHUKBKJKN-UHFFFAOYSA-N__FDIFNSQKLYZLJB-UHFFFAOYSA-N,3.997552050702155
CMTAWNVDHVECCC-UHFFFAOYSA-N__OEGRADLSPIXMTF-UHFFFAOYSA-N,-0.399984311692532
OEGRADLSPIXMTF-UHFFFAOYSA-N__CMTAWNVDHVECCC-UHFFFAOYSA-N,5.770798828153823
ZDPSWBBKXCXPMS-UHFFFAOYSA-N__XGEOACJQBOXGAY-UHFFFAOYSA-N,2.476794394988908
XGEOACJQBOXGAY-UHFFFAOYSA-N__ZDPSWBBKXCXPMS-UHFFFAOYSA-N,0.0945199232215894
AXOISOXQFSFKBI-UHFFFAOYSA-N__FGBDHRRWAGHQNB-UHFFFAOYSA-N,3.109004321723587
FGBDHRRWAGHQNB-UHFFFAOYSA-N__AXOISOXQFSFKBI-UHFFFAOYSA-N,10.657776442000404
HNAPECLYUKNYEN-UHFFFAOYSA-N__XZMIDORMXBMWTQ-UHFFFAOYSA-N,12.501389790044444
CFBOXOVPXCZOSE-UHFFFAOYSA-N__MXUYSRHNNZJOLC-UHFFFAOYSA-N,9.75649358337621
XZMIDORMXBMWTQ-UHFFFAOYSA-N__HNAPECLYUKNYEN-UHFFFAOYSA-N,8.805710100106158
MXUYSRHNNZJOLC-UHFFFAOYSA-N__CFBOXOVPXCZOSE-UHFFFAOYSA-N,17.431900060424763
AFTSHJAISDTZPS-UHFFFAOYSA-N__MZOLWXGXOPNSIN-UHFFFAOYSA-N,-3.860208735207244
MZOLWXGXOPNSIN-UHFFFAOYSA-N__AFTSHJAISDTZPS-UHFFFAOYSA-N,-6.807390846812034
FMTSVWMRLGLEPW-UHFFFAOYSA-N__NCEGWDIVWIRBFK-UHFFFAOYSA-N,3.3115817665046747
NCEGWDIVWIRBFK-UHFFFAOYSA-N__FMTSVWMRLGLEPW-UHFFFAOYSA-N,5.820611406889561
CPCNZPLKBUKXDO-OAHLLOKOSA-N__BSHGJCGQMBOWCX-UHFFFAOYSA-N,5.562193711461728
WFZTYAVHMWWDJB-UHFFFAOYSA-N__SHRBFROWWOQWSV-UHFFFAOYSA-N,13.936318527156896
SHRBFROWWOQWSV-UHFFFAOYSA-N__WFZTYAVHMWWDJB-UHFFFAOYSA-N,1.9127328363610472
ZLWAKFDNUBDOHU-UHFFFAOYSA-N__KLKKUJWAWLVAAH-UHFFFAOYSA-N,7.51430273156887
MMPTVIYWBXMOEK-QFZPZEPGSA-N__DXMJWKYZOQEGTC-UHFFFAOYSA-N,1.5015003869141208
DXMJWKYZOQEGTC-UHFFFAOYSA-N__MMPTVIYWBXMOEK-QFZPZEPGSA-N,3.1415278311938253
KHLGXDPWUVVEQY-UHFFFAOYSA-N__PUBNIAQUBCANKE-UHFFFAOYSA-N,7.68484162348774
PUBNIAQUBCANKE-UHFFFAOYSA-N__KHLGXDPWUVVEQY-UHFFFAOYSA-N,12.689740876431747
QOMHSQCQENWSES-UHFFFAOYSA-N__KRXKNYYWEXZFLB-UHFFFAOYSA-N,5.466989476991047
KRXKNYYWEXZFLB-UHFFFAOYSA-N__QOMHSQCQENWSES-UHFFFAOYSA-N,10.876695674381402
UHGMVJYUJHHABR-UHFFFAOYSA-N__KCWQYAKZTDPUNU-UHFFFAOYSA-N,10.624887664597818
CUQUBCQLIJZECY-UHFFFAOYSA-N__SARVZGCUASLYEC-UHFFFAOYSA-N,6.503545320852585
SARVZGCUASLYEC-UHFFFAOYSA-N__CUQUBCQLIJZECY-UHFFFAOYSA-N,11.340977863219734
CXWUEZIOXXIODX-UHFFFAOYSA-N__QYBFWJWMTXJBEM-UHFFFAOYSA-N,13.286235679074151
QYBFWJWMTXJBEM-UHFFFAOYSA-N__CXWUEZIOXXIODX-UHFFFAOYSA-N,17.58262208127915
SLISEMFSMJBQOB-UHFFFAOYSA-N__SWKJWMSANIVYHK-UHFFFAOYSA-N,12.99960081220522
SWKJWMSANIVYHK-UHFFFAOYSA-N__SLISEMFSMJBQOB-UHFFFAOYSA-N,14.429177197658692
GNUYRENFVQQGFB-UHFFFAOYSA-N__OWHVJTZBRVHGIG-UHFFFAOYSA-N,7.0410721306814015
OWHVJTZBRVHGIG-UHFFFAOYSA-N__GNUYRENFVQQGFB-UHFFFAOYSA-N,3.3008131291654808
KOKKBYMOHQRXDD-UHFFFAOYSA-N__XGYYJIZZRYBAEC-UHFFFAOYSA-N,3.0817591323459914
ONNDQWBIOLRUIT-UHFFFAOYSA-N__WCOIKNVAYAGPNS-UHFFFAOYSA-N,8.662823462921935
XGYYJIZZRYBAEC-UHFFFAOYSA-N__KOKKBYMOHQRXDD-UHFFFAOYSA-N,-1.236641381418495
WCOIKNVAYAGPNS-UHFFFAOYSA-N__ONNDQWBIOLRUIT-UHFFFAOYSA-N,4.859844086729892
HBWFOCFFKOGLMT-UHFFFAOYSA-N__FWFZRWJSNUPCET-UHFFFAOYSA-N,13.378136283174332
FWFZRWJSNUPCET-UHFFFAOYSA-N__HBWFOCFFKOGLMT-UHFFFAOYSA-N,7.400135943396415
RKNHQSAONSWCCC-UHFFFAOYSA-N__ZVFWSHGHKWOSEO-UHFFFAOYSA-N,6.090040676210311
ZVFWSHGHKWOSEO-UHFFFAOYSA-N__RKNHQSAONSWCCC-UHFFFAOYSA-N,11.127266691016647
SFIKGBKMOQHADS-UHFFFAOYSA-N__SBFHNKDIOVLFHN-UHFFFAOYSA-N,3.415395231403847
SBFHNKDIOVLFHN-UHFFFAOYSA-N__SFIKGBKMOQHADS-UHFFFAOYSA-N,8.109967878366422
CSMRUMJMLVOJQE-UHFFFAOYSA-N__MAIKGTBVCOUYTE-MRXNPFEDSA-N,0.8730412844851905
GIQRICMGJGTATG-UHFFFAOYSA-N__JMMOTACDLZIZGT-UHFFFAOYSA-N,9.77247668732918
MAIKGTBVCOUYTE-MRXNPFEDSA-N__CSMRUMJMLVOJQE-UHFFFAOYSA-N,3.027062356307602
JMMOTACDLZIZGT-UHFFFAOYSA-N__GIQRICMGJGTATG-UHFFFAOYSA-N,14.325366371110754
GGASNRYGLLPSAX-UHFFFAOYSA-N__LLBZHMGCEMUMFP-UHFFFAOYSA-N,5.5358632279629
LLBZHMGCEMUMFP-UHFFFAOYSA-N__GGASNRYGLLPSAX-UHFFFAOYSA-N,9.47336354957035
GPOMATZJIBEJAT-UHFFFAOYSA-N__PGCBTJLVTZCYLO-UHFFFAOYSA-N,1.4019667222242609
FIQPDSYJSKBHQR-UHFFFAOYSA-N__MKRVONAZYHZQLM-UHFFFAOYSA-N,2.944941449140442
PGCBTJLVTZCYLO-UHFFFAOYSA-N__GPOMATZJIBEJAT-UHFFFAOYSA-N,12.40413789310715
INZOSOMOQMQZHU-UHFFFAOYSA-N__ZUUGBTJTGRTIFK-UHFFFAOYSA-N,17.228514352109645
LHSGSVKOSNCLRU-UHFFFAOYSA-N__NVDBDUHAUOAGQE-UHFFFAOYSA-N,5.3464672902099935
NVDBDUHAUOAGQE-UHFFFAOYSA-N__LHSGSVKOSNCLRU-UHFFFAOYSA-N,3.0872343269596323
ZYATVADWLPJPAU-UHFFFAOYSA-N__YCBAMZYACJJTNC-UHFFFAOYSA-N,4.61928129890989
LPHNJXHUABQCIJ-UHFFFAOYSA-N__BKUPHSQHNKUFFD-UHFFFAOYSA-N,4.9126520297878855
ABUJEYPXSUXJNJ-UHFFFAOYSA-N__CAIHEBHJSATMRT-UHFFFAOYSA-N,1.3570617990958778
CAIHEBHJSATMRT-UHFFFAOYSA-N__ABUJEYPXSUXJNJ-UHFFFAOYSA-N,-0.19887458285147
JNSIVVQGSXLVNF-UHFFFAOYSA-N__KINNIEOBQSTCFI-JHHIBIJLSA-N,10.803664762409094
PHUJCBFFJJYQPL-UHFFFAOYSA-N__DHNIGAXNAIEKOY-UHFFFAOYSA-N,3.171330346393193
JKBMMFQRIDQUBN-UHFFFAOYSA-N__UFMLTLOJABTOBQ-UHFFFAOYSA-N,7.258592641615851
UFMLTLOJABTOBQ-UHFFFAOYSA-N__JKBMMFQRIDQUBN-UHFFFAOYSA-N,5.560067607002683
QNMXNWIPMSDHGZ-UHFFFAOYSA-N__QOJQAFAQTRXNPU-UHFFFAOYSA-N,4.202908596688117
IEMIKJZXMQSJGO-UHFFFAOYSA-N__OYKXZRJHEUEORM-UHFFFAOYSA-N,11.315466234041809
QOJQAFAQTRXNPU-UHFFFAOYSA-N__QNMXNWIPMSDHGZ-UHFFFAOYSA-N,3.568057177138921
OYKXZRJHEUEORM-UHFFFAOYSA-N__IEMIKJZXMQSJGO-UHFFFAOYSA-N,6.206650310458743
MTBOEEVMUDCLAP-UHFFFAOYSA-N__TXOMJJLKPROJRQ-UHFFFAOYSA-N,9.400030530865395
TXOMJJLKPROJRQ-UHFFFAOYSA-N__MTBOEEVMUDCLAP-UHFFFAOYSA-N,1.5036007499882755
AXOXYXLXCUSACV-UHFFFAOYSA-N__HOJHCANEFOZLQN-UHFFFAOYSA-N,8.785387029721907
HOJHCANEFOZLQN-UHFFFAOYSA-N__AXOXYXLXCUSACV-UHFFFAOYSA-N,10.24576868989725
VAJMVRIAMNSSFE-UHFFFAOYSA-N__XWRVIAXTHZKOBW-UHFFFAOYSA-N,9.370156125927537
XWRVIAXTHZKOBW-UHFFFAOYSA-N__VAJMVRIAMNSSFE-UHFFFAOYSA-N,5.724887480932021
WQGNUVLIJZYHJA-UHFFFAOYSA-N__YZSFXNWVNYWGOV-UHFFFAOYSA-N,9.420811699152466
YZSFXNWVNYWGOV-UHFFFAOYSA-N__WQGNUVLIJZYHJA-UHFFFAOYSA-N,3.81407579437556
ZIIHITMYNJROFO-UHFFFAOYSA-N__LYMMGLDZANCEGF-UHFFFAOYSA-N,9.700931777054905
RZXBAPGBXDGXQV-UHFFFAOYSA-N__WDQKLTJTLKXMFS-UHFFFAOYSA-N,9.453876110932525
STDNICFPSOETRR-UHFFFAOYSA-N__IULKFNUYSZGMNW-UHFFFAOYSA-N,8.133710302101617
FKKJUTWCDHQJKJ-UHFFFAOYSA-N__BDESGEUMPURDSM-UHFFFAOYSA-N,6.595280249364929
BDESGEUMPURDSM-UHFFFAOYSA-N__FKKJUTWCDHQJKJ-UHFFFAOYSA-N,8.984514850203986
BXPDTSSMWOBJED-UHFFFAOYSA-N__ACPBSWCRLZZQHU-CQSZACIVSA-N,7.805104700963723
CVHGKQORAUICLG-UHFFFAOYSA-N__TZAFCCJJERWCPG-NSCUHMNNSA-N,4.694761792055426
HMFMMCZEHAYZIP-UHFFFAOYSA-N__QGDTYVKMPDBEOP-UHFFFAOYSA-N,0.0088854512422827
FKRKNQZFXSYBCG-UHFFFAOYSA-N__XNWPDOBUCGZTAQ-UHFFFAOYSA-N,12.799834439384952
QPOCAHQFNZBFRN-UHFFFAOYSA-N__BSSBZZZWPFKUDO-UHFFFAOYSA-N,2.132238047885162
ASZFICZHYLHYOH-UHFFFAOYSA-N__UEOVHOKUVXORJL-UHFFFAOYSA-N,11.802669726193065
BSSBZZZWPFKUDO-UHFFFAOYSA-N__QPOCAHQFNZBFRN-UHFFFAOYSA-N,10.41510751709565
UEOVHOKUVXORJL-UHFFFAOYSA-N__ASZFICZHYLHYOH-UHFFFAOYSA-N,4.640848728252847
XNWPDOBUCGZTAQ-UHFFFAOYSA-N__FKRKNQZFXSYBCG-UHFFFAOYSA-N,9.311690958999574
SIGSQACQTHYSJS-UHFFFAOYSA-N__GXJLARPACOUFKL-UHFFFAOYSA-N,12.333838273914372
GXJLARPACOUFKL-UHFFFAOYSA-N__SIGSQACQTHYSJS-UHFFFAOYSA-N,1.3430737406832904
YDJJDNQOMIESTR-CQSZACIVSA-N__ONCYYUVHFMGTMY-UHFFFAOYSA-N,0.0646268728316226
ONCYYUVHFMGTMY-UHFFFAOYSA-N__YDJJDNQOMIESTR-CQSZACIVSA-N,3.473210133178028
BJURTAOTBLVDCD-UHFFFAOYSA-N__CGSFVSJVTOHBRA-UHFFFAOYSA-N,3.766959458219624
CGSFVSJVTOHBRA-UHFFFAOYSA-N__BJURTAOTBLVDCD-UHFFFAOYSA-N,-2.085177963263753
AMXZWWBHZVPJHR-UHFFFAOYSA-N__OBUKLCAHIJXQAP-UHFFFAOYSA-N,6.324249630397813
OBUKLCAHIJXQAP-UHFFFAOYSA-N__AMXZWWBHZVPJHR-UHFFFAOYSA-N,8.892999422127266
WFTSVRZZVGHBOC-UHFFFAOYSA-N__ZWHJBNHKHQJFCQ-UHFFFAOYSA-N,-1.532909270997823
ZWHJBNHKHQJFCQ-UHFFFAOYSA-N__WFTSVRZZVGHBOC-UHFFFAOYSA-N,7.258878249575324
AMXZFJMWLBPVRU-UHFFFAOYSA-N__UUOOEJLKYOECGV-UHFFFAOYSA-N,21.84515975572152
OHCFWVJMAIWSOQ-UHFFFAOYSA-N__LMQXUXJVESPIQQ-UHFFFAOYSA-N,9.995777764393896
LMQXUXJVESPIQQ-UHFFFAOYSA-N__OHCFWVJMAIWSOQ-UHFFFAOYSA-N,14.545224291022294
JAODQTAZENXTOJ-UHFFFAOYSA-N__JJDZCDLDEWECMC-UHFFFAOYSA-N,3.039255542442416
JJDZCDLDEWECMC-UHFFFAOYSA-N__JAODQTAZENXTOJ-UHFFFAOYSA-N,-1.8008064887868835
YPRXRGFHFWRUDO-UHFFFAOYSA-N__JOTIMGOWEJJIMS-UHFFFAOYSA-N,11.745142004274392
JOTIMGOWEJJIMS-UHFFFAOYSA-N__YPRXRGFHFWRUDO-UHFFFAOYSA-N,14.327975856857485
ZVFWSHGHKWOSEO-UHFFFAOYSA-N__ZNMPKBIPHORQAZ-UHFFFAOYSA-N,1.7739964681329785
JCNGNCPJGSUCMW-UHFFFAOYSA-N__JJOXPAIVTXIKHG-UHFFFAOYSA-N,0.6160829679701382
YMCBIUYEAYAOIC-UHFFFAOYSA-N__ODXTYYIIJBFAKJ-UHFFFAOYSA-N,5.586507144017104
JJOXPAIVTXIKHG-UHFFFAOYSA-N__JCNGNCPJGSUCMW-UHFFFAOYSA-N,2.7435624937594905
ODXTYYIIJBFAKJ-UHFFFAOYSA-N__YMCBIUYEAYAOIC-UHFFFAOYSA-N,0.1779138864019779
SSWXTFMBDMMUOI-UHFFFAOYSA-N__CPEBFEUMAFPORF-UHFFFAOYSA-N,1.01884773988631
CPEBFEUMAFPORF-UHFFFAOYSA-N__SSWXTFMBDMMUOI-UHFFFAOYSA-N,9.732266265562126
WRTSTYLWAFKAQM-UHFFFAOYSA-N__YGUWNSYHYBHIIC-UHFFFAOYSA-N,9.687107465636275
YGUWNSYHYBHIIC-UHFFFAOYSA-N__WRTSTYLWAFKAQM-UHFFFAOYSA-N,-0.3371391782376564
YSGLYGJTIAXBCR-UHFFFAOYSA-N__ITZDKPKANRPSSX-UHFFFAOYSA-N,5.544630871397212
ITZDKPKANRPSSX-UHFFFAOYSA-N__YSGLYGJTIAXBCR-UHFFFAOYSA-N,1.6522844940236023
SYGSCCDAGBRFQF-UHFFFAOYSA-N__ZSDIHYKCGMQREC-UHFFFAOYSA-N,5.159796058739685
ZSDIHYKCGMQREC-UHFFFAOYSA-N__SYGSCCDAGBRFQF-UHFFFAOYSA-N,-1.4965931283827996
ZKMDXGXNOKMRKT-UHFFFAOYSA-N__GVQPDDRRNUMCMR-UHFFFAOYSA-N,11.226943287170052
GVQPDDRRNUMCMR-UHFFFAOYSA-N__ZKMDXGXNOKMRKT-UHFFFAOYSA-N,2.146447251110412
GYXDBDCKCCBONK-UHFFFAOYSA-N__JZMJRVHWYUENCC-UHFFFAOYSA-N,-2.6736862569237174
JZMJRVHWYUENCC-UHFFFAOYSA-N__GYXDBDCKCCBONK-UHFFFAOYSA-N,8.427286418382382
LDNZFRWWDGXECV-UHFFFAOYSA-N__KTCRNXDHETWCBV-UHFFFAOYSA-N,9.642615315458402
XYJRZOCOJQLFPY-UHFFFAOYSA-N__FJIXSTPHJQBSDD-UHFFFAOYSA-N,9.803362295683462
FJIXSTPHJQBSDD-UHFFFAOYSA-N__XYJRZOCOJQLFPY-UHFFFAOYSA-N,8.564470378547123
JYGPREUTAYOPAU-UHFFFAOYSA-N__MGCFGUKZOQKUSP-UHFFFAOYSA-N,6.119968655879438
FAFICEAWMFDFSV-UHFFFAOYSA-N__PVUKGNBRJFTFNJ-UHFFFAOYSA-N,0.9388546956985412
PVUKGNBRJFTFNJ-UHFFFAOYSA-N__FAFICEAWMFDFSV-UHFFFAOYSA-N,-2.6655202000891336
HJQIQYMSRBKSQC-UHFFFAOYSA-N__XGTKTGKVQNBCSA-UHFFFAOYSA-N,9.444955916536014
XGTKTGKVQNBCSA-UHFFFAOYSA-N__HJQIQYMSRBKSQC-UHFFFAOYSA-N,4.921333554806917
AYIIFDAAXPMDAG-UHFFFAOYSA-N__QJLFDUROSXZMQK-HKUMRIAESA-N,13.195246789513323
KHMIDIDBOJEBCL-UHFFFAOYSA-N__BUFVVWZHYCSZFT-UHFFFAOYSA-N,14.734906432776762
BUFVVWZHYCSZFT-UHFFFAOYSA-N__KHMIDIDBOJEBCL-UHFFFAOYSA-N,7.453531907335952
WNMMYCCUAYXFRF-UHFFFAOYSA-N__FLEYURRLBHRZLO-UHFFFAOYSA-N,2.2852636173182246
FLEYURRLBHRZLO-UHFFFAOYSA-N__WNMMYCCUAYXFRF-UHFFFAOYSA-N,4.787261480591335
QJLFDUROSXZMQK-HKUMRIAESA-N__AYIIFDAAXPMDAG-UHFFFAOYSA-N,14.372270211163844
GTPSFCXMRTXXEB-UHFFFAOYSA-N__ZCXCOTXUCSNHQK-UHFFFAOYSA-N,4.438742383938216
XAUFXPZCLGDYKV-UHFFFAOYSA-N__NLNIBKPGQZHZLA-UHFFFAOYSA-N,3.938699022101366
ZCXCOTXUCSNHQK-UHFFFAOYSA-N__GTPSFCXMRTXXEB-UHFFFAOYSA-N,6.6840941149276
SPJDFQRWAVZKOQ-UHFFFAOYSA-N__PWSYBTCJFFJAQO-UHFFFAOYSA-N,3.23982361277424
PFDCHKBPCOMIBW-UHFFFAOYSA-N__AGPAYLYLKBOQNA-UHFFFAOYSA-N,8.34843301137628
GDIQHKIGHKFMGW-UHFFFAOYSA-N__YBUNFPZHXACSJP-UHFFFAOYSA-N,10.664928813871702
AGPAYLYLKBOQNA-UHFFFAOYSA-N__PFDCHKBPCOMIBW-UHFFFAOYSA-N,20.000884027780984
CGCVOPNUQZDSFJ-UHFFFAOYSA-N__BAJDHOJZZDJYDK-UHFFFAOYSA-N,5.248252681928702
GCAFLKNDJNBPIH-UHFFFAOYSA-N__LLTYCWPISCRNKV-UHFFFAOYSA-N,3.764461624175545
NFMNQTJPEKOJKM-UHFFFAOYSA-N__RHJDDGOVWDOLIW-QHCPKHFHSA-N,2.085826885307492
RHJDDGOVWDOLIW-QHCPKHFHSA-N__NFMNQTJPEKOJKM-UHFFFAOYSA-N,5.679749704955136
BAJDHOJZZDJYDK-UHFFFAOYSA-N__CGCVOPNUQZDSFJ-UHFFFAOYSA-N,5.2081612585199935
VJQHDDJVBPJRIK-UHFFFAOYSA-N__IXEGLGIIHUAPTH-UHFFFAOYSA-N,8.929383227040677
LLTYCWPISCRNKV-UHFFFAOYSA-N__GCAFLKNDJNBPIH-UHFFFAOYSA-N,8.340535480241673
RUQNYNPSNRENQG-UHFFFAOYSA-N__HJQIQYMSRBKSQC-UHFFFAOYSA-N,6.450470092118982
HJQIQYMSRBKSQC-UHFFFAOYSA-N__RUQNYNPSNRENQG-UHFFFAOYSA-N,10.67125811981938
ATTPASHHPDBAGO-UHFFFAOYSA-N__MYRVFSLVZSBLFF-UHFFFAOYSA-N,6.79157316397866
MYRVFSLVZSBLFF-UHFFFAOYSA-N__ATTPASHHPDBAGO-UHFFFAOYSA-N,6.962104356788699
FKYXIIXBSQTLFL-UHFFFAOYSA-N__ZKICESLVDZXWOY-UHFFFAOYSA-N,10.025504556993814
ZKICESLVDZXWOY-UHFFFAOYSA-N__FKYXIIXBSQTLFL-UHFFFAOYSA-N,-1.0825028769899545
LBLCBVHLRJBBRR-UHFFFAOYSA-N__NRKSRSDTHWOYLL-UHFFFAOYSA-N,7.353005333477085
NRKSRSDTHWOYLL-UHFFFAOYSA-N__LBLCBVHLRJBBRR-UHFFFAOYSA-N,-1.2757683433809293
XTAVDKZAUDBHFX-UHFFFAOYSA-N__IYXIKSGYYXVAAA-UHFFFAOYSA-N,-0.7214026868005308
IYXIKSGYYXVAAA-UHFFFAOYSA-N__XTAVDKZAUDBHFX-UHFFFAOYSA-N,2.631387803091122
VOKDJFRKXVYPLV-UHFFFAOYSA-N__RXBZGKJSDIJXLX-UHFFFAOYSA-N,9.728243029226435
BRCBRUGOFKGAQZ-QGZVFWFLSA-N__ANNWKGDVQFISPK-UHFFFAOYSA-N,14.3082395557734
KXGVDCDMOPMQMS-UHFFFAOYSA-N__FQKMHYFAWKOURY-UHFFFAOYSA-N,2.1036559825450687
FQKMHYFAWKOURY-UHFFFAOYSA-N__KXGVDCDMOPMQMS-UHFFFAOYSA-N,4.405176249824303
BOYRKJUOPYVFAC-UHFFFAOYSA-N__RZCNAMQXSDRUDM-SWLSCSKDSA-N,9.12692708325771
DXSSRPQKNGWQEP-UHFFFAOYSA-N__NRGNMQYPDXSZOW-BETUJISGSA-N,2.202936417451673
MFDDEKGHCDOSRN-UHFFFAOYSA-N__MHADTXSPUGYWBO-UHFFFAOYSA-N,6.208148937476776
NRGNMQYPDXSZOW-BETUJISGSA-N__DXSSRPQKNGWQEP-UHFFFAOYSA-N,-6.447459005340731
MHADTXSPUGYWBO-UHFFFAOYSA-N__MFDDEKGHCDOSRN-UHFFFAOYSA-N,-0.4679032897021278
LOWXSQXASDFFOX-UHFFFAOYSA-N__USGHYIMSWHNUBB-UHFFFAOYSA-N,6.25804971660174
USGHYIMSWHNUBB-UHFFFAOYSA-N__LOWXSQXASDFFOX-UHFFFAOYSA-N,8.174501062441854
ZNGUHSYODSSZCF-UHFFFAOYSA-N__ZOPCGIAGLDYKQL-UHFFFAOYSA-N,7.582975628341939
CWYPZSAVVGXBIV-UHFFFAOYSA-N__WBPKPIGNLJVSLR-UHFFFAOYSA-N,6.848601342345215
XNFWPKYDJURMBD-UHFFFAOYSA-N__NNWIJFBQPRRVFZ-UHFFFAOYSA-N,-1.9835933534884096
NNWIJFBQPRRVFZ-UHFFFAOYSA-N__XNFWPKYDJURMBD-UHFFFAOYSA-N,12.577373420116125
ZXFDJKWZKMOCFV-UHFFFAOYSA-N__BRCBRUGOFKGAQZ-UHFFFAOYSA-N,12.97184337184366
BVJHWWUEHDNSEK-UHFFFAOYSA-N__YVRNCAYFGOFEAD-UHFFFAOYSA-N,3.2571126440157503
YVRNCAYFGOFEAD-UHFFFAOYSA-N__BVJHWWUEHDNSEK-UHFFFAOYSA-N,4.082247933670864
AJTLOFPNCMFAFA-UHFFFAOYSA-N__IQXHIPKNKSDIAX-UHFFFAOYSA-N,8.260591301517623
SLELSDLPIQSMRL-UHFFFAOYSA-N__JGUAXLXODBEHFY-UHFFFAOYSA-N,11.785344076850809
FAPKTLKSMZVKPX-UHFFFAOYSA-N__AECBRRBZPHMDGU-UHFFFAOYSA-N,-2.389850942458902
CZZMKXJSXCBUGK-UHFFFAOYSA-N__CIYSNAJXLBFVBD-UHFFFAOYSA-N,1.8240332047080223
CIYSNAJXLBFVBD-UHFFFAOYSA-N__CZZMKXJSXCBUGK-UHFFFAOYSA-N,7.685034152501648
YBQASFHARVIYGE-UHFFFAOYSA-N__LZEJTZJTRMSYTF-UHFFFAOYSA-N,10.259174924054488
LZEJTZJTRMSYTF-UHFFFAOYSA-N__YBQASFHARVIYGE-UHFFFAOYSA-N,12.04793790382561
QFEBFLDYSBLNLY-UHFFFAOYSA-N__AOHOQZPDLJHDRM-UHFFFAOYSA-N,2.8395952765282364
AOHOQZPDLJHDRM-UHFFFAOYSA-N__QFEBFLDYSBLNLY-UHFFFAOYSA-N,5.692205308482118
SLICMQAPDJIKAE-UHFFFAOYSA-N__OTXAGKWDUWLTTQ-UHFFFAOYSA-N,3.167791146492112
OTXAGKWDUWLTTQ-UHFFFAOYSA-N__SLICMQAPDJIKAE-UHFFFAOYSA-N,2.62039460898176
QZOCXVWLGSJKIJ-QMMMGPOBSA-N__IWDDILHDCQLNRB-UHFFFAOYSA-N,10.029960410058504
IWDDILHDCQLNRB-UHFFFAOYSA-N__QZOCXVWLGSJKIJ-QMMMGPOBSA-N,8.118873539751549
YDWHZWCDCGVSQP-UHFFFAOYSA-N__DWSMPWFBTVQQNR-XNTDXEJSSA-N,8.165110469702913
JWVSRQWVLJDYJK-UHFFFAOYSA-N__LINSFHUUXGEPLE-UHFFFAOYSA-N,4.723284346498822
LINSFHUUXGEPLE-UHFFFAOYSA-N__JWVSRQWVLJDYJK-UHFFFAOYSA-N,7.3869259143810115
GKNYKGRAYBEVCP-UHFFFAOYSA-N__PVCHYNAHGWAEDB-UHFFFAOYSA-N,9.847420847678231
UICGNBTUPVUFEY-UHFFFAOYSA-N__CZKWWHKKYWAPSA-UHFFFAOYSA-N,14.173111463980394
JIFYZRYMZRLMNW-UHFFFAOYSA-N__CFEKBKCGPASOFI-UHFFFAOYSA-N,4.582757182335881
CFEKBKCGPASOFI-UHFFFAOYSA-N__JIFYZRYMZRLMNW-UHFFFAOYSA-N,8.338511469409992
VXENHVARWXTNRL-UHFFFAOYSA-N__IWYJLBUCLTWLNP-UHFFFAOYSA-N,7.453389633409204
FSMMMQWAIKAMQM-UHFFFAOYSA-N__SQOBPHMPUQLHAF-UHFFFAOYSA-N,7.412136262510449
SQOBPHMPUQLHAF-UHFFFAOYSA-N__FSMMMQWAIKAMQM-UHFFFAOYSA-N,10.80383218246338
CJIIFRCVRUIDTA-UHFFFAOYSA-N__LHSRDVYOHCQRPY-UHFFFAOYSA-N,4.566517473524703
LHSRDVYOHCQRPY-UHFFFAOYSA-N__CJIIFRCVRUIDTA-UHFFFAOYSA-N,-2.235203470592685
ZOZVKOJEPLOGGB-UHFFFAOYSA-N__GQANQQQCENXPCH-UHFFFAOYSA-N,0.820963888563541
GQANQQQCENXPCH-UHFFFAOYSA-N__ZOZVKOJEPLOGGB-UHFFFAOYSA-N,4.973220904973672
UEAIAWUQUNBUBG-UHFFFAOYSA-N__JILXRUCCYVEAMA-UHFFFAOYSA-N,13.5367250626981
QOJFLHGTFOHEKY-UHFFFAOYSA-N__RDYLAODTLSPOKQ-UHFFFAOYSA-N,9.363370313805472
JILXRUCCYVEAMA-UHFFFAOYSA-N__UEAIAWUQUNBUBG-UHFFFAOYSA-N,8.325593567435103
LWWPYMJRIWUEMH-UHFFFAOYSA-N__KPQVEMOXZCLEQC-UHFFFAOYSA-N,-1.1602620627959896
KPQVEMOXZCLEQC-UHFFFAOYSA-N__LWWPYMJRIWUEMH-UHFFFAOYSA-N,3.565496906776489
YAUVGIVCJWZOHH-UHFFFAOYSA-N__DDKVORFUJXUFKH-UHFFFAOYSA-N,7.343969258939064
RDYLAODTLSPOKQ-UHFFFAOYSA-N__QOJFLHGTFOHEKY-UHFFFAOYSA-N,-0.0369637740546411
AGPAYLYLKBOQNA-UHFFFAOYSA-N__YTBKOMOXRUTKCL-UHFFFAOYSA-N,3.394838653559221
YTBKOMOXRUTKCL-UHFFFAOYSA-N__AGPAYLYLKBOQNA-UHFFFAOYSA-N,0.8314396809008116
YOIDIHRFROOZEU-UHFFFAOYSA-N__QBFZJBLHWUUJMP-UHFFFAOYSA-N,6.000475281973706
QBFZJBLHWUUJMP-UHFFFAOYSA-N__YOIDIHRFROOZEU-UHFFFAOYSA-N,7.639875645317716
VMTRXUJWHHNEDZ-UHFFFAOYSA-N__PLTOJRWJSKXEIH-UHFFFAOYSA-N,6.898125369508235
RODVEMSXYQSXQR-UHFFFAOYSA-N__AMPUHRYDQHTDJV-UHFFFAOYSA-N,3.1292335143017924
XAEBLSVZPIGTTK-UHFFFAOYSA-N__HAQXPBTWPOUDHG-UHFFFAOYSA-N,4.034846286756094
CZJIDONFAFMHSG-UHFFFAOYSA-N__VDLQBSZIIISXBW-UHFFFAOYSA-N,16.92172085348753
WRUQZRWBSNBUTG-NTUHNPAUSA-N__LWFYFYZDQKCDPT-UHFFFAOYSA-N,0.2247018123559228
VDLQBSZIIISXBW-UHFFFAOYSA-N__CZJIDONFAFMHSG-UHFFFAOYSA-N,9.128761273054137
MZODIWFFOCWMGO-UHFFFAOYSA-N__NVCSFLYXNVKGEI-UHFFFAOYSA-N,7.065826466948319
NVCSFLYXNVKGEI-UHFFFAOYSA-N__MZODIWFFOCWMGO-UHFFFAOYSA-N,5.141157283304446
LWFYFYZDQKCDPT-UHFFFAOYSA-N__WRUQZRWBSNBUTG-NTUHNPAUSA-N,9.348003370840562
HASGXHNHLSJGAU-UHFFFAOYSA-N__LIEPBEZJZYIXKT-UHFFFAOYSA-N,4.533895707211733
LIEPBEZJZYIXKT-UHFFFAOYSA-N__HASGXHNHLSJGAU-UHFFFAOYSA-N,1.6303668009575265
XVSAFMYSXWIIQL-UHFFFAOYSA-N__XXAHDEUTCNRSMF-UHFFFAOYSA-N,15.31150610962862
XXAHDEUTCNRSMF-UHFFFAOYSA-N__XVSAFMYSXWIIQL-UHFFFAOYSA-N,13.907714175906554
RPQWZPYZKLFTDE-UHFFFAOYSA-N__IGSBHZITBDHSTF-UHFFFAOYSA-N,0.0492133890741468
IGSBHZITBDHSTF-UHFFFAOYSA-N__RPQWZPYZKLFTDE-UHFFFAOYSA-N,2.3361948789497538
BVQGYWOGEDHCFT-UHFFFAOYSA-N__OLPCYSVWQWCLHP-UHFFFAOYSA-N,15.502536075115652
OLPCYSVWQWCLHP-UHFFFAOYSA-N__BVQGYWOGEDHCFT-UHFFFAOYSA-N,7.243794237338588
CHRKOOADIPYFAB-UHFFFAOYSA-N__YZMURYPTTCSUNU-UHFFFAOYSA-N,2.112994313058112
ZKWGCVNKAGNTOR-UHFFFAOYSA-N__KEVFVBALTAKEKT-UHFFFAOYSA-N,5.4768778407792045
KEVFVBALTAKEKT-UHFFFAOYSA-N__ZKWGCVNKAGNTOR-UHFFFAOYSA-N,4.213855031777177
KLDINDNJABDUBQ-UHFFFAOYSA-N__SRMMVGLDQUNMLB-UHFFFAOYSA-N,12.108194066011196
SRMMVGLDQUNMLB-UHFFFAOYSA-N__KLDINDNJABDUBQ-UHFFFAOYSA-N,7.035530479622087
XFDWJKLWRBZBIB-UHFFFAOYSA-N__GLPVBKVWXRYYGS-UHFFFAOYSA-N,5.818080645925309
KJUIFDIKBYRKOI-UHFFFAOYSA-N__VDAOCZMRVIOTCB-UHFFFAOYSA-N,7.234251498489495
VDAOCZMRVIOTCB-UHFFFAOYSA-N__KJUIFDIKBYRKOI-UHFFFAOYSA-N,10.695124970104962
QTXHJWGONQEWSY-UHFFFAOYSA-N__MCTWHRFWWRKZGG-UHFFFAOYSA-N,8.933025741474486
MCTWHRFWWRKZGG-UHFFFAOYSA-N__QTXHJWGONQEWSY-UHFFFAOYSA-N,4.236497743163096
OAHJNKWWWDUEQS-UHFFFAOYSA-N__RYKLHFRNQYWPQZ-UHFFFAOYSA-N,8.292820116650324
HXWFWQOIAAMUJX-UHFFFAOYSA-N__NFLFWMYPKWDCCT-UHFFFAOYSA-N,-0.927569118510956
NFLFWMYPKWDCCT-UHFFFAOYSA-N__HXWFWQOIAAMUJX-UHFFFAOYSA-N,5.000891558182841
KESSGSGWVZVSBE-UHFFFAOYSA-N__XFHXZZAAGSJUCL-IUCAKERBSA-N,8.512545805106067
XFHXZZAAGSJUCL-IUCAKERBSA-N__KESSGSGWVZVSBE-UHFFFAOYSA-N,2.2192793885750137
LHPRNSKHFZPBLF-UHFFFAOYSA-N__LTRRZJRQJBPBLI-UHFFFAOYSA-N,8.341049228999859
XOXDNTDGAIVROH-UHFFFAOYSA-N__HNTBXCOTUDDNEI-UHFFFAOYSA-N,13.033791583303916
JCNGNCPJGSUCMW-UHFFFAOYSA-N__MQFAFRMGXDIHBK-UHFFFAOYSA-N,3.569190822367613
MQFAFRMGXDIHBK-UHFFFAOYSA-N__JCNGNCPJGSUCMW-UHFFFAOYSA-N,1.7468691185234804
WJOVSCGLZZRXDU-UHFFFAOYSA-N__RNCWKOPQPWDUBD-UHFFFAOYSA-N,14.235459182441836
RNCWKOPQPWDUBD-UHFFFAOYSA-N__WJOVSCGLZZRXDU-UHFFFAOYSA-N,13.439608474662878
SPQLCSRTDNLYHW-UHFFFAOYSA-N__WKJDUYDEXJUJML-UHFFFAOYSA-N,7.986410598329175
WKJDUYDEXJUJML-UHFFFAOYSA-N__SPQLCSRTDNLYHW-UHFFFAOYSA-N,4.513013387692987
RISZXRLYGDICRC-UHFFFAOYSA-N__ROBMTGXEEMDZAX-UHFFFAOYSA-N,8.33115071209308
ROBMTGXEEMDZAX-UHFFFAOYSA-N__RISZXRLYGDICRC-UHFFFAOYSA-N,8.144902680207803
CYXXOVYQSKEJLB-UHFFFAOYSA-N__SQEYESBXTMGLSD-UHFFFAOYSA-N,0.2405526738668041
SQEYESBXTMGLSD-UHFFFAOYSA-N__CYXXOVYQSKEJLB-UHFFFAOYSA-N,7.215442329067411
ONJIUTSIJRITRK-UHFFFAOYSA-N__RRKDREVSHIMMEP-UHFFFAOYSA-N,5.956420925886955
NBFGZGFXWYDJPC-UHFFFAOYSA-N__DJBGUCKPEVQBMH-UHFFFAOYSA-N,-0.523408458256488
DJBGUCKPEVQBMH-UHFFFAOYSA-N__NBFGZGFXWYDJPC-UHFFFAOYSA-N,4.70494926531563
OCBGWGRTBDFEHG-UHFFFAOYSA-N__ZEQKSCNCCXBAHX-UHFFFAOYSA-N,2.613412237302892
RRKDREVSHIMMEP-UHFFFAOYSA-N__ONJIUTSIJRITRK-UHFFFAOYSA-N,4.641754682122105
ZEQKSCNCCXBAHX-UHFFFAOYSA-N__OCBGWGRTBDFEHG-UHFFFAOYSA-N,9.555288523898804
FOFGLNKGJPWMQQ-UHFFFAOYSA-N__NINIEBVPQSTZAO-UHFFFAOYSA-N,9.29705927600553
NINIEBVPQSTZAO-UHFFFAOYSA-N__FOFGLNKGJPWMQQ-UHFFFAOYSA-N,10.833337629001717
KWBIDAWOYCRIEH-UHFFFAOYSA-N__BHCVYHXFCJLOQI-UHFFFAOYSA-N,5.36633852502136
BHCVYHXFCJLOQI-UHFFFAOYSA-N__KWBIDAWOYCRIEH-UHFFFAOYSA-N,7.978190138296926
GEAXRGGFEGDQMK-UHFFFAOYSA-N__XSOQQFNOMKQISJ-UHFFFAOYSA-N,13.420037538340134
XSOQQFNOMKQISJ-UHFFFAOYSA-N__GEAXRGGFEGDQMK-UHFFFAOYSA-N,6.859628790433389
FDLXGUBSZCJEGE-WZTLGTBRSA-N__YPWSGZVBJNQMHL-UHFFFAOYSA-N,5.192247853039352
ZGOISIVITVYZHS-UHFFFAOYSA-N__LRFCTXUKEPXUAO-UHFFFAOYSA-N,10.93696423253028
OYRYULZVGWUAAW-GLNLJRCCSA-N__QDZUGVPQHMKMBU-UHFFFAOYSA-N,7.597521474497975
QTRBODIVNNWMMB-UHFFFAOYSA-N__QWDYSUTZONPXFG-UHFFFAOYSA-N,12.79416034727419
LRFCTXUKEPXUAO-UHFFFAOYSA-N__ZGOISIVITVYZHS-UHFFFAOYSA-N,8.618253445962562
QWDYSUTZONPXFG-UHFFFAOYSA-N__QTRBODIVNNWMMB-UHFFFAOYSA-N,8.727429647421589
QDZUGVPQHMKMBU-UHFFFAOYSA-N__OYRYULZVGWUAAW-GLNLJRCCSA-N,1.4086262733702897
LEBXNPPDAKBRIZ-UHFFFAOYSA-N__KLOPYPRHYUHKSR-UHFFFAOYSA-N,1.8764022392081647
KLOPYPRHYUHKSR-UHFFFAOYSA-N__LEBXNPPDAKBRIZ-UHFFFAOYSA-N,4.187060113852443
UCZWIBXZFWOTKF-UHFFFAOYSA-N__OCEGESUGUSWWLX-UHFFFAOYSA-N,13.484030615541926
OCEGESUGUSWWLX-UHFFFAOYSA-N__UCZWIBXZFWOTKF-UHFFFAOYSA-N,10.42044593071524
MHSFCNLYRGQMSC-UHFFFAOYSA-N__YUBVVUNQNJBNLI-UHFFFAOYSA-N,5.088560151451388
YUBVVUNQNJBNLI-UHFFFAOYSA-N__MHSFCNLYRGQMSC-UHFFFAOYSA-N,10.73796690681356
ULJMUXZWPPTHFC-UHFFFAOYSA-N__PKWHXZLXAMWHHS-UHFFFAOYSA-N,-1.345505454005702
GXRHGEASUQUCGB-UHFFFAOYSA-N__JZJMTNIZDROWQU-UHFFFAOYSA-N,4.148216759059966
JZJMTNIZDROWQU-UHFFFAOYSA-N__GXRHGEASUQUCGB-UHFFFAOYSA-N,6.826513527024706
ZFICWEFKSWTQHF-OPVMPGTRSA-N__GRLNIOTWRCIHGU-UHFFFAOYSA-N,-2.9953134358838933
YXXFXRWQFSKPNC-UHFFFAOYSA-N__PRKNNUBFIAXWMI-UHFFFAOYSA-N,4.675986741138314
AACLFGRLJZVLOJ-UHFFFAOYSA-N__JKYKIVRVKABGFL-UHFFFAOYSA-N,5.500713248007624
JKYKIVRVKABGFL-UHFFFAOYSA-N__AACLFGRLJZVLOJ-UHFFFAOYSA-N,9.180905759416197
IPBAMCCUQARTHE-UHFFFAOYSA-N__RDQWXLRKYMCSIE-UHFFFAOYSA-N,7.46287648220136
RDQWXLRKYMCSIE-UHFFFAOYSA-N__IPBAMCCUQARTHE-UHFFFAOYSA-N,7.013460526659248
WTYQIEINANPHHL-UHFFFAOYSA-N__UNIGDMGLJKRXHV-UHFFFAOYSA-N,12.047919252809018
WFJIPVAAEGMHKE-UHFFFAOYSA-N__ANCJMJLYTZZZSR-UHFFFAOYSA-N,18.115929925215674
UNIGDMGLJKRXHV-UHFFFAOYSA-N__WTYQIEINANPHHL-UHFFFAOYSA-N,14.1488826111885
HXNPSLDOTQWUBS-UHFFFAOYSA-N__IWEZSIGBBHLHDR-INIZCTEOSA-N,16.670863339716437
IWEZSIGBBHLHDR-INIZCTEOSA-N__HXNPSLDOTQWUBS-UHFFFAOYSA-N,4.161845370634916
DDNPHBBLFIKASP-UHFFFAOYSA-N__QYOLYQQFXKBBOS-UHFFFAOYSA-N,9.884955775586397
QYOLYQQFXKBBOS-UHFFFAOYSA-N__DDNPHBBLFIKASP-UHFFFAOYSA-N,4.863941405461357
DELVKSDVFWEAPN-UHFFFAOYSA-N__YMMMRRDXMWMVRL-UHFFFAOYSA-N,3.321167971482302
YMMMRRDXMWMVRL-UHFFFAOYSA-N__DELVKSDVFWEAPN-UHFFFAOYSA-N,8.82193130856991
LCPYUJNHRQPONW-UHFFFAOYSA-N__QQKOIRUMNNFKNP-UHFFFAOYSA-N,7.818927174532405
JRTYWRGNMXIUCT-UHFFFAOYSA-N__NHFYSYZFGHVTMX-UHFFFAOYSA-N,15.252081701741274
QQKOIRUMNNFKNP-UHFFFAOYSA-N__LCPYUJNHRQPONW-UHFFFAOYSA-N,9.0759346211945
LRUAAUQKSYOPFG-UHFFFAOYSA-N__GUGOYWVZSBJPPJ-UHFFFAOYSA-N,3.732071238191059
QZTFZXFEKSAUFP-UHFFFAOYSA-N__SRNCOPBKXKHPAZ-UHFFFAOYSA-N,7.746306051804523
SRNCOPBKXKHPAZ-UHFFFAOYSA-N__QZTFZXFEKSAUFP-UHFFFAOYSA-N,0.7935225338515906
TZSASACOSPXJDD-UHFFFAOYSA-N__XCWJCEIOXXHRRS-UHFFFAOYSA-N,6.410394147969684
XCWJCEIOXXHRRS-UHFFFAOYSA-N__TZSASACOSPXJDD-UHFFFAOYSA-N,3.2374483357558352
PKASXZSQFXVMAC-UHFFFAOYSA-N__PMTDVNADDZVVLY-UHFFFAOYSA-N,15.204948222687207
TUGNZWUEPPVKHC-UHFFFAOYSA-N__HMHLNWSGFGWADI-UHFFFAOYSA-N,14.235129331109237
ZTVXKGDBFGBTTF-UHFFFAOYSA-N__VASBESOFIPVIIQ-UHFFFAOYSA-N,5.253757526907508
PMTDVNADDZVVLY-UHFFFAOYSA-N__PKASXZSQFXVMAC-UHFFFAOYSA-N,10.838014100749756
VASBESOFIPVIIQ-UHFFFAOYSA-N__ZTVXKGDBFGBTTF-UHFFFAOYSA-N,3.578568710028916
FQNUGCHDOWXYLP-UHFFFAOYSA-N__LFOHIJOZWNWDIT-UHFFFAOYSA-N,8.914248645608666
LFOHIJOZWNWDIT-UHFFFAOYSA-N__FQNUGCHDOWXYLP-UHFFFAOYSA-N,2.473722267650947
NRWYIJADGQOEEK-SECBINFHSA-N__SJTPHOXIZHRPTM-UHFFFAOYSA-N,6.806752064831776
SJTPHOXIZHRPTM-UHFFFAOYSA-N__NRWYIJADGQOEEK-SECBINFHSA-N,5.590129046309604
QWVFYZAYKGIEFP-UHFFFAOYSA-N__MDRJVNMNXUMBDY-UHFFFAOYSA-N,15.202564105412248
VUFMYDJBTHFNDC-UHFFFAOYSA-N__AGMROXNJKZVLJP-UHFFFAOYSA-N,3.307550300044084
AGMROXNJKZVLJP-UHFFFAOYSA-N__VUFMYDJBTHFNDC-UHFFFAOYSA-N,5.5040903733995705
ZFKDEHVSCYRDHX-UHFFFAOYSA-N__QORZWUIINSLCTM-UHFFFAOYSA-N,10.139910421393305
FHZNTBFOYGKGHD-UHFFFAOYSA-N__PAZYCPGKYQKQFJ-UHFFFAOYSA-N,4.726622879324805
PAZYCPGKYQKQFJ-UHFFFAOYSA-N__FHZNTBFOYGKGHD-UHFFFAOYSA-N,2.568698340919799
QORZWUIINSLCTM-UHFFFAOYSA-N__ZFKDEHVSCYRDHX-UHFFFAOYSA-N,10.628174942797958
CLSZVXRFQJLAHX-UHFFFAOYSA-N__LNUZAPBBEDNDEQ-UHFFFAOYSA-N,4.443401733547942
LNUZAPBBEDNDEQ-UHFFFAOYSA-N__CLSZVXRFQJLAHX-UHFFFAOYSA-N,6.248114655287987
DGBUZSVPSBJZGR-UHFFFAOYSA-N__DNKBQXSXJRGFSH-UHFFFAOYSA-N,4.268732109512921
DNKBQXSXJRGFSH-UHFFFAOYSA-N__DGBUZSVPSBJZGR-UHFFFAOYSA-N,2.0131855714844296
AFRUWIOQTBMYGD-UHFFFAOYSA-N__VMTRXUJWHHNEDZ-UHFFFAOYSA-N,10.045105459359313
VMTRXUJWHHNEDZ-UHFFFAOYSA-N__AFRUWIOQTBMYGD-UHFFFAOYSA-N,7.773528659426684
MDBCGUCVZDRMIS-UHFFFAOYSA-N__GXACXWPUCQARQI-UHFFFAOYSA-N,7.175836173949295
GXACXWPUCQARQI-UHFFFAOYSA-N__MDBCGUCVZDRMIS-UHFFFAOYSA-N,9.18337024956033
NGGSFKGNZMVWRD-UHFFFAOYSA-N__LTOUQFVZNJYYTC-UHFFFAOYSA-N,10.097170654645408
LTOUQFVZNJYYTC-UHFFFAOYSA-N__NGGSFKGNZMVWRD-UHFFFAOYSA-N,2.3178824644874223
KKXQYXBWVDZIKH-UHFFFAOYSA-N__WILLGJVZGSBPHG-UHFFFAOYSA-N,18.92630501043517
LGUNYXAWOHIWSE-UHFFFAOYSA-N__PJBDVSKHJWDNRX-UHFFFAOYSA-N,0.6761703483004295
PJBDVSKHJWDNRX-UHFFFAOYSA-N__LGUNYXAWOHIWSE-UHFFFAOYSA-N,6.416411581867983
GETFDXQGHWNDJS-UHFFFAOYSA-N__RCGIBWUJDMBNKV-UHFFFAOYSA-N,2.548532538898004
RCGIBWUJDMBNKV-UHFFFAOYSA-N__GETFDXQGHWNDJS-UHFFFAOYSA-N,9.356361035195857
KLUNMHOODSYROL-UHFFFAOYSA-N__MOLCHFNKGCGOTD-UHFFFAOYSA-N,1.219851128968935
MOLCHFNKGCGOTD-UHFFFAOYSA-N__KLUNMHOODSYROL-UHFFFAOYSA-N,1.9304132818431805
VMMXKMUKBSVZFO-UHFFFAOYSA-N__QDLDJKGZBQFUNB-UHFFFAOYSA-N,3.644696146961854
YLDRCSLYZBIAGM-UHFFFAOYSA-N__FXNRQHOAFZRSQW-UHFFFAOYSA-N,5.4685998010836965
VSDWDGWNUMZRGI-UHFFFAOYSA-N__YVALYSNZYQUWKV-UHFFFAOYSA-N,9.73883540796694
CICHAZZIQZPTMA-UHFFFAOYSA-N__KPFWORARUGMEIZ-UHFFFAOYSA-N,6.993886609769363
ISVFSGFTLQGSOW-UHFFFAOYSA-N__JXBWMDJCUXOOEN-UHFFFAOYSA-N,5.557975410953583
FEEWXQCTEMVNKJ-UHFFFAOYSA-N__QIJHQLCZLUARSV-UHFFFAOYSA-N,2.068769247592285
JXBWMDJCUXOOEN-UHFFFAOYSA-N__ISVFSGFTLQGSOW-UHFFFAOYSA-N,14.294158947255465
QIJHQLCZLUARSV-UHFFFAOYSA-N__FEEWXQCTEMVNKJ-UHFFFAOYSA-N,15.804746946836891
SQWIGJZIQFBGQM-UHFFFAOYSA-N__QMMWWMHLTDQVAD-UHFFFAOYSA-N,12.953384292646868
PVXGONNYCJUIKI-UHFFFAOYSA-N__QHSGADBNLPGZEJ-UHFFFAOYSA-N,10.902169519056647
QHSGADBNLPGZEJ-UHFFFAOYSA-N__PVXGONNYCJUIKI-UHFFFAOYSA-N,9.726262470469395
QCMFZAXJWJQHHM-UHFFFAOYSA-N__GRLIWQYUVNMLRD-UHFFFAOYSA-N,3.777845029528424
GRLIWQYUVNMLRD-UHFFFAOYSA-N__QCMFZAXJWJQHHM-UHFFFAOYSA-N,-0.9711697335449692
KEMWCYIJQIAPOQ-HYXAFXHYSA-N__WNXPEKPRJDPMDO-UHFFFAOYSA-N,-2.3539362243099684
WNXPEKPRJDPMDO-UHFFFAOYSA-N__KEMWCYIJQIAPOQ-HYXAFXHYSA-N,-3.1940819544903367
FDPROKZJQKDXNR-UHFFFAOYSA-N__DRIZPLDBXQCWMP-UHFFFAOYSA-N,4.524204236778219
DRIZPLDBXQCWMP-UHFFFAOYSA-N__FDPROKZJQKDXNR-UHFFFAOYSA-N,10.948126091640724
XXDPUZRTYLHTOQ-UHFFFAOYSA-N__JFMMOAQXBAPTLZ-UHFFFAOYSA-N,3.9486332953269137
JFMMOAQXBAPTLZ-UHFFFAOYSA-N__XXDPUZRTYLHTOQ-UHFFFAOYSA-N,6.773222335299284
VVRNTRMPWLEEAX-UHFFFAOYSA-N__WPQYFAVNQPSUCL-UHFFFAOYSA-N,5.374082772251049
WPQYFAVNQPSUCL-UHFFFAOYSA-N__VVRNTRMPWLEEAX-UHFFFAOYSA-N,5.960101902335319
LVQGKZRKECGEQU-UHFFFAOYSA-N__YVYVHWGNUNMYDF-NSHDSACASA-N,2.9740218104462923
YVYVHWGNUNMYDF-NSHDSACASA-N__LVQGKZRKECGEQU-UHFFFAOYSA-N,6.088019885646719
FDUSVWZLWHJFQB-UHFFFAOYSA-N__VMIWBHPKGZLMHI-UHFFFAOYSA-N,-1.8985724332524727
VMIWBHPKGZLMHI-UHFFFAOYSA-N__FDUSVWZLWHJFQB-UHFFFAOYSA-N,6.8769433469009
CHVZYBMBXHKWGR-LMXLVEHLSA-N__WBPXPNBAVJTGTC-UHFFFAOYSA-N,4.127081029554216
WBPXPNBAVJTGTC-UHFFFAOYSA-N__CHVZYBMBXHKWGR-LMXLVEHLSA-N,4.47963221738852
ACKLMSYSJQUZLQ-UHFFFAOYSA-N__WLBDZKYKWLIUBT-UHFFFAOYSA-N,-0.7917816908808082
WLBDZKYKWLIUBT-UHFFFAOYSA-N__ACKLMSYSJQUZLQ-UHFFFAOYSA-N,3.909000721169354
UQVRPMCYLZSABM-UHFFFAOYSA-N__KWXAORSAEXBRDK-UHFFFAOYSA-N,-1.4513120041052765
KWXAORSAEXBRDK-UHFFFAOYSA-N__UQVRPMCYLZSABM-UHFFFAOYSA-N,7.348225499969524
IAOASWNFMKQETN-UHFFFAOYSA-N__ZYQXZDDNCMGVQD-UHFFFAOYSA-N,0.7586487997502931
RTFKWBVGPVTJBV-UHFFFAOYSA-N__TZUCFAJUJQVAJF-UHFFFAOYSA-N,13.784854656125049
ZYQXZDDNCMGVQD-UHFFFAOYSA-N__IAOASWNFMKQETN-UHFFFAOYSA-N,8.909212007848806
TZUCFAJUJQVAJF-UHFFFAOYSA-N__RTFKWBVGPVTJBV-UHFFFAOYSA-N,19.71497231070593
INQYIOUZYLVEPY-UHFFFAOYSA-N__LKSBWDJCUBKSLE-UHFFFAOYSA-N,14.318861377708965
OXMAQZAEDHFFMQ-UHFFFAOYSA-N__VGOOENCTKLBWEI-UHFFFAOYSA-N,15.004486392345436
VGOOENCTKLBWEI-UHFFFAOYSA-N__OXMAQZAEDHFFMQ-UHFFFAOYSA-N,7.23852123411259
LKSBWDJCUBKSLE-UHFFFAOYSA-N__INQYIOUZYLVEPY-UHFFFAOYSA-N,9.248765338603556
ILNGPVDKBRMULQ-UHFFFAOYSA-N__VOEHOBFPSXRSPG-UHFFFAOYSA-N,10.610395488839409
VOEHOBFPSXRSPG-UHFFFAOYSA-N__ILNGPVDKBRMULQ-UHFFFAOYSA-N,4.046631312970869
XLGKMJFDRZHAEV-UHFFFAOYSA-N__XTZAYIWSTJBLGR-UHFFFAOYSA-N,7.002334581528017
XTZAYIWSTJBLGR-UHFFFAOYSA-N__XLGKMJFDRZHAEV-UHFFFAOYSA-N,13.731399901033711
CPOUDEPJVBEOLH-UHFFFAOYSA-N__BOJPTTBNZUENOU-UHFFFAOYSA-N,4.361119528759541
BOJPTTBNZUENOU-UHFFFAOYSA-N__CPOUDEPJVBEOLH-UHFFFAOYSA-N,11.66231835114312
UYUUMAIFLCHISV-UHFFFAOYSA-N__LVEQUIPJAHPRML-UHFFFAOYSA-N,3.6804917987301615
LVEQUIPJAHPRML-UHFFFAOYSA-N__UYUUMAIFLCHISV-UHFFFAOYSA-N,9.3258051255075
JYFPILIIGNWHSR-UHFFFAOYSA-N__WDCKOBPCBOKYJU-UHFFFAOYSA-N,0.4452665533617052
NKBYRBWOIDRVBW-UHFFFAOYSA-N__RCJHNCKSKJGTJK-FVKWTLKZSA-N,3.931708589693399
WDCKOBPCBOKYJU-UHFFFAOYSA-N__JYFPILIIGNWHSR-UHFFFAOYSA-N,0.5215610797714948
RCJHNCKSKJGTJK-FVKWTLKZSA-N__NKBYRBWOIDRVBW-UHFFFAOYSA-N,8.304659160900437
OHPKIYPHFWIOCQ-UHFFFAOYSA-N__PAVDPRMTBAZXAG-UHFFFAOYSA-N,12.823158885377454
PAVDPRMTBAZXAG-UHFFFAOYSA-N__OHPKIYPHFWIOCQ-UHFFFAOYSA-N,10.40960264664862
PDISDLVMLHQZSA-UHFFFAOYSA-N__UWTDOHSMOCLXCJ-UHFFFAOYSA-N,6.93490432657026
UWTDOHSMOCLXCJ-UHFFFAOYSA-N__PDISDLVMLHQZSA-UHFFFAOYSA-N,7.703967006399936
KUELDXMAKPXWHI-UHFFFAOYSA-N__WVEIPTSPPLPYMA-UHFFFAOYSA-N,0.5218184625163476
HEJNYPKWDANERF-UHFFFAOYSA-N__DIZBDUFHPCYVLO-UHFFFAOYSA-N,2.9132284506146395
BAYDNZULXDGOGA-UHFFFAOYSA-N__KZVFBQJVPRFXRD-UHFFFAOYSA-N,6.215324254721288
KZVFBQJVPRFXRD-UHFFFAOYSA-N__BAYDNZULXDGOGA-UHFFFAOYSA-N,4.168347488980785
DIZBDUFHPCYVLO-UHFFFAOYSA-N__HEJNYPKWDANERF-UHFFFAOYSA-N,8.08258748003349
AKYJFAHYRMPRDS-UHFFFAOYSA-N__CXBDGTKAOOLNPV-UHFFFAOYSA-N,4.520935453218338
KIHPMFPRBVHZJM-UHFFFAOYSA-N__RPIYMNCMGQDOJN-WPRPVWTQSA-N,4.340672788595037
NXLKUMCXCXSPQE-UHFFFAOYSA-N__MCXVOLVOALJXIJ-UHFFFAOYSA-N,4.64979395085259
MCXVOLVOALJXIJ-UHFFFAOYSA-N__NXLKUMCXCXSPQE-UHFFFAOYSA-N,17.440094891289263
RKRPQCQEHCRJSJ-UHFFFAOYSA-N__JJFJUQXGDIHJNN-UHFFFAOYSA-N,9.57706358848048
QHJGYEJSVXDASL-UHFFFAOYSA-N__JQMJVRGVCYSERP-UHFFFAOYSA-N,4.453707411121434
QUOJOEMVLXEFNC-UHFFFAOYSA-N__RDKHXBPLZZFNGB-UHFFFAOYSA-N,5.825103929776185
PCNUUXJQXBIVBJ-UHFFFAOYSA-N__WEMKCIPNUIQYSM-UHFFFAOYSA-N,9.092465670955496
WEMKCIPNUIQYSM-UHFFFAOYSA-N__PCNUUXJQXBIVBJ-UHFFFAOYSA-N,3.346886975866221
JQMJVRGVCYSERP-UHFFFAOYSA-N__QHJGYEJSVXDASL-UHFFFAOYSA-N,2.089012705016438
GTXAHSJCVIYMJT-UHFFFAOYSA-N__AYQURWPXTYOSOH-UHFFFAOYSA-N,2.53430770374667
AZMWLAXRFBKMPF-UHFFFAOYSA-N__VFOYKVVZWZVPFZ-UHFFFAOYSA-N,1.784643682531606
VFOYKVVZWZVPFZ-UHFFFAOYSA-N__AZMWLAXRFBKMPF-UHFFFAOYSA-N,1.6181834379958329
HNNBEJZGCKMRNC-UHFFFAOYSA-N__HIPSIMIYABTZRW-UHFFFAOYSA-N,5.059052085752161
HIPSIMIYABTZRW-UHFFFAOYSA-N__HNNBEJZGCKMRNC-UHFFFAOYSA-N,-3.5764677539089345
JMZCBGJQBNQABX-UHFFFAOYSA-N__NPSQGOIVEIUWQI-UHFFFAOYSA-N,0.8459939815803617
DRAAXVIBUTXXRR-UHFFFAOYSA-N__QEHQBTNICIDJFL-UHFFFAOYSA-N,15.380679886357928
SYABSDSIKWVSGG-UHFFFAOYSA-N__AUFBODLSRYCLPT-NSHDSACASA-N,11.78520114595798
GCGICYOIXRYVPW-UHFFFAOYSA-N__OKBOSFRIUWLFOR-UHFFFAOYSA-N,14.66173487185038
KEISSZCNJGEVTK-UHFFFAOYSA-N__AQLGCYRSXDCKJO-UHFFFAOYSA-N,-6.411515013000173
AQLGCYRSXDCKJO-UHFFFAOYSA-N__KEISSZCNJGEVTK-UHFFFAOYSA-N,4.869588312773755
XSUIXPVXXBLQHX-UHFFFAOYSA-N__DZGMBBPPVCVYNF-UHFFFAOYSA-N,9.247842148595357
LNJZZUMZTMGUPF-UHFFFAOYSA-N__PVKUDZGLMIFNSN-UHFFFAOYSA-N,2.5164267492779206
PVKUDZGLMIFNSN-UHFFFAOYSA-N__LNJZZUMZTMGUPF-UHFFFAOYSA-N,-2.4805364844779816
YSHRYINUSAHNNX-UHFFFAOYSA-N__JKPASCAAHWDVFF-UHFFFAOYSA-N,4.960571585342376
JKPASCAAHWDVFF-UHFFFAOYSA-N__YSHRYINUSAHNNX-UHFFFAOYSA-N,5.223552624157885
XJWKUBMQCAQEJB-UHFFFAOYSA-N__DGMXKGSZWIOWJL-UHFFFAOYSA-N,4.609076498338774
DGMXKGSZWIOWJL-UHFFFAOYSA-N__XJWKUBMQCAQEJB-UHFFFAOYSA-N,4.07850370520753
HTZBKQMTNVMXQR-UHFFFAOYSA-N__OTCOBQYGTJEXRL-UHFFFAOYSA-N,-0.4800728142858093
OTCOBQYGTJEXRL-UHFFFAOYSA-N__HTZBKQMTNVMXQR-UHFFFAOYSA-N,3.491850815163214
JHUZJYTVEPJXTQ-UHFFFAOYSA-N__NBCUGKMVMSPURM-UHFFFAOYSA-N,7.477420329636727
GINXWWZDLFJDPX-UHFFFAOYSA-N__XIQVRIZBCAOQJI-UHFFFAOYSA-N,11.562395010115846
NBCUGKMVMSPURM-UHFFFAOYSA-N__JHUZJYTVEPJXTQ-UHFFFAOYSA-N,8.834758215927385
XIQVRIZBCAOQJI-UHFFFAOYSA-N__GINXWWZDLFJDPX-UHFFFAOYSA-N,5.867358008614153
MZJUNVWLZJLJLE-UHFFFAOYSA-N__IRODRCKFYRUJNR-UHFFFAOYSA-N,2.152260054449908
IRODRCKFYRUJNR-UHFFFAOYSA-N__MZJUNVWLZJLJLE-UHFFFAOYSA-N,11.919457249648689
KCQNDXYPUDGNKY-UHFFFAOYSA-N__ARKUUUBCVVWBPN-UHFFFAOYSA-N,10.3011654184563
MJBJPEVCSOIZBS-UHFFFAOYSA-N__KLCITRLRMHBGKP-UHFFFAOYSA-N,2.648759478724982
KLCITRLRMHBGKP-UHFFFAOYSA-N__MJBJPEVCSOIZBS-UHFFFAOYSA-N,1.1596292911029753
OARSRCVGBDMFSQ-UHFFFAOYSA-N__HPGKMBPQSZAIQH-UHFFFAOYSA-N,11.341238359366002
HPGKMBPQSZAIQH-UHFFFAOYSA-N__OARSRCVGBDMFSQ-UHFFFAOYSA-N,6.093345851938529
AFGHQMMFWIWJOX-UHFFFAOYSA-N__SPKLTKXTPZLQCA-UHFFFAOYSA-N,7.9571186391569775
SPKLTKXTPZLQCA-UHFFFAOYSA-N__AFGHQMMFWIWJOX-UHFFFAOYSA-N,15.592283905030104
SNOZGLKXWDQEKR-UHFFFAOYSA-N__XQDIIHNSYDSMHE-UHFFFAOYSA-N,9.60217996028393
XQDIIHNSYDSMHE-UHFFFAOYSA-N__SNOZGLKXWDQEKR-UHFFFAOYSA-N,7.879882999956703
RFDDLQSDJJJVMK-UHFFFAOYSA-N__WHEOMQTYIHCDTQ-UHFFFAOYSA-N,14.646644292378395
WHEOMQTYIHCDTQ-UHFFFAOYSA-N__RFDDLQSDJJJVMK-UHFFFAOYSA-N,12.910558440727929
HKTYIAQAANSLEU-UHFFFAOYSA-N__VAMFXCBCHZYIND-UHFFFAOYSA-N,9.029931227881397
VAMFXCBCHZYIND-UHFFFAOYSA-N__HKTYIAQAANSLEU-UHFFFAOYSA-N,1.2149101492226944
GVRBECHIKVJZJH-UHFFFAOYSA-N__PXKGAXXOZRGYDA-UHFFFAOYSA-N,4.0649230647834775
PXKGAXXOZRGYDA-UHFFFAOYSA-N__GVRBECHIKVJZJH-UHFFFAOYSA-N,7.172092507713095
AYEBVWGVDLZDAM-UHFFFAOYSA-N__BXAKAHXEUKDKRE-UHFFFAOYSA-N,13.291594241841258
YQDHUKJQWKAPMN-UHFFFAOYSA-N__FTBRCWUNQDKMRY-UHFFFAOYSA-N,7.182221968849579
FTBRCWUNQDKMRY-UHFFFAOYSA-N__YQDHUKJQWKAPMN-UHFFFAOYSA-N,3.889762637506162
OXOSQONPAQBFAR-UHFFFAOYSA-N__XPNPNOFFLZDBAC-UHFFFAOYSA-N,4.271736441932237
XPNPNOFFLZDBAC-UHFFFAOYSA-N__OXOSQONPAQBFAR-UHFFFAOYSA-N,3.2541187687642927
NHHOKPAYIPGIJV-UHFFFAOYSA-N__RADFRXHHGBRUCC-UHFFFAOYSA-N,-3.3469371084633432
RADFRXHHGBRUCC-UHFFFAOYSA-N__NHHOKPAYIPGIJV-UHFFFAOYSA-N,4.918587592757429
SZALHDIYJICFPT-UHFFFAOYSA-N__AQKKAJDIBSAXQR-UHFFFAOYSA-N,14.64332535210862
VLAPTCZDMOBGCW-UHFFFAOYSA-N__XBEMUZUXZHQHDX-UHFFFAOYSA-N,3.4381716680961114
XBEMUZUXZHQHDX-UHFFFAOYSA-N__VLAPTCZDMOBGCW-UHFFFAOYSA-N,12.889144746726672
FXUBVBZMUMBNME-UHFFFAOYSA-N__SAQKYHXAJSOVIQ-UHFFFAOYSA-N,8.589581964178972
ZORFQZSEPOGNNH-UHFFFAOYSA-N__VWRBZOMHNKMTRP-UHFFFAOYSA-N,3.225626976655905
WDWUGIHTWOOKBH-UHFFFAOYSA-N__BWFFAASUJIJADN-UHFFFAOYSA-N,-0.4568832790492491
BWFFAASUJIJADN-UHFFFAOYSA-N__WDWUGIHTWOOKBH-UHFFFAOYSA-N,8.856812657956047
PDANZVNCDBQSHC-UHFFFAOYSA-N__PWUFCCCWLNQODJ-UHFFFAOYSA-N,3.609927044321704
PWUFCCCWLNQODJ-UHFFFAOYSA-N__PDANZVNCDBQSHC-UHFFFAOYSA-N,8.210392407536867
MBPHSEKNNADBOT-UHFFFAOYSA-N__FNJKEJOWHGHXQE-NITZZGMLSA-N,8.268342815110325
ANLDVJFRUSLOFV-UHFFFAOYSA-N__DRFWJLUOTRCUAI-UHFFFAOYSA-N,1.7802222086466684
AFPQHZLCRZYCOL-UHFFFAOYSA-N__BVDTYDJILPOYSH-UHFFFAOYSA-N,2.538097916482601
DRFWJLUOTRCUAI-UHFFFAOYSA-N__ANLDVJFRUSLOFV-UHFFFAOYSA-N,8.287908300234019
JRSDBDILVCBZMD-UHFFFAOYSA-N__OXAAFGIRIFPYTK-UHFFFAOYSA-N,5.985683785792148
BVDTYDJILPOYSH-UHFFFAOYSA-N__AFPQHZLCRZYCOL-UHFFFAOYSA-N,6.994695669524311
OXAAFGIRIFPYTK-UHFFFAOYSA-N__JRSDBDILVCBZMD-UHFFFAOYSA-N,-1.8693743733595312
XTPUDOQCDZVZSN-UHFFFAOYSA-N__MLNBIFBGWOXIEH-UHFFFAOYSA-N,5.012523900743821
MLNBIFBGWOXIEH-UHFFFAOYSA-N__XTPUDOQCDZVZSN-UHFFFAOYSA-N,16.615517672595683
DUQDJWRERVBOML-UHFFFAOYSA-N__QYDHTHYCYPIHED-UHFFFAOYSA-N,8.063355126578399
QYDHTHYCYPIHED-UHFFFAOYSA-N__DUQDJWRERVBOML-UHFFFAOYSA-N,6.2453039822580285
OIRNMSFNTWAIMN-UHFFFAOYSA-N__NJOVVXGNFCFGTF-UHFFFAOYSA-N,8.51066985683634
NCPDWMLGMNINMS-UHFFFAOYSA-N__IYMRZQKEGDKLAP-UHFFFAOYSA-N,7.950321419695355
PSQJJMWXNFHILK-UHFFFAOYSA-N__BTQMDLVCEBQGSE-UHFFFAOYSA-N,20.669331399171885
FLLHGXVFJYDOIM-UHFFFAOYSA-N__KXRAXZVRJHVBLX-UHFFFAOYSA-N,-3.274845316339356
IJRDMMYFSKHCFT-UHFFFAOYSA-N__JRVZZLPIUSWKMJ-UHFFFAOYSA-N,-0.4827456949406642
NDZDLQLAAXLFLF-UHFFFAOYSA-N__XSTZEXGROWQWCD-UHFFFAOYSA-N,4.564563093535442
XSTZEXGROWQWCD-UHFFFAOYSA-N__NDZDLQLAAXLFLF-UHFFFAOYSA-N,7.569773514023539
NDXHEVHQTWBQAL-UHFFFAOYSA-N__ZWRFLTIUNUEZMV-UHFFFAOYSA-N,3.787515856859257
ATASMJFQRQWXNP-UHFFFAOYSA-N__SWSJMZDATRRKMZ-UHFFFAOYSA-N,17.183725880980745
ZWRFLTIUNUEZMV-UHFFFAOYSA-N__NDXHEVHQTWBQAL-UHFFFAOYSA-N,9.952776144050436
UEYSKSCMBFTNAT-UHFFFAOYSA-N__QUHIKOPMIAJXQC-UHFFFAOYSA-N,5.642776928346422
OMBQYZZXHIBTIS-UHFFFAOYSA-N__NKDHFSAINSZWGF-UHFFFAOYSA-N,6.1906045570961306
NKDHFSAINSZWGF-UHFFFAOYSA-N__OMBQYZZXHIBTIS-UHFFFAOYSA-N,23.45798292115483
HXSHDNZBEUHSGU-UHFFFAOYSA-N__NGHHXRQNCRCNET-UHFFFAOYSA-N,3.018037810101049
NGHHXRQNCRCNET-UHFFFAOYSA-N__HXSHDNZBEUHSGU-UHFFFAOYSA-N,4.747235340948486
FCSYGMXDXMYCGX-UHFFFAOYSA-N__XZEYVIYNVBORHB-UHFFFAOYSA-N,6.054079234068803
CWYREHQUXIWRAT-UHFFFAOYSA-N__FLBAYSCNEFHJMC-UHFFFAOYSA-N,10.108122488142238
VZUCPPVFAQHBGE-UHFFFAOYSA-N__PPJIALJORBKWAF-UHFFFAOYSA-N,7.662515635099125
FLBAYSCNEFHJMC-UHFFFAOYSA-N__CWYREHQUXIWRAT-UHFFFAOYSA-N,6.457795532140825
PPJIALJORBKWAF-UHFFFAOYSA-N__VZUCPPVFAQHBGE-UHFFFAOYSA-N,11.35364445929683
CZPOZYJMEAQKRK-UHFFFAOYSA-N__GMROAXLUUTZXAU-UHFFFAOYSA-N,8.45277286526361
GMROAXLUUTZXAU-UHFFFAOYSA-N__CZPOZYJMEAQKRK-UHFFFAOYSA-N,4.516321941064379
LOMUETVVOJORNB-UHFFFAOYSA-N__LBRDKAUDLAPTHW-UHFFFAOYSA-N,-3.7576242613684334
LBRDKAUDLAPTHW-UHFFFAOYSA-N__LOMUETVVOJORNB-UHFFFAOYSA-N,2.205456157950839
WIQZPMOEQNCTDD-UHFFFAOYSA-N__XFHXZZAAGSJUCL-IUCAKERBSA-N,9.937555681906582
XFHXZZAAGSJUCL-IUCAKERBSA-N__WIQZPMOEQNCTDD-UHFFFAOYSA-N,7.506424931246552
UWOLDYFWCUXLGG-UHFFFAOYSA-N__AGYSFDRXCISIMZ-UHFFFAOYSA-N,10.42416321850421
TVAYXKLCEILMEA-UHFFFAOYSA-N__CGSSEGAYRGNUOL-UHFFFAOYSA-N,4.442454365704156
QMXWMBLMWJWGGA-UHFFFAOYSA-N__YUFQXZMCRVHKOG-UHFFFAOYSA-N,3.7155205243916094
YUFQXZMCRVHKOG-UHFFFAOYSA-N__QMXWMBLMWJWGGA-UHFFFAOYSA-N,8.775765500600611
BPUVCBQXRIGRAX-UHFFFAOYSA-N__QKSOFOGSDFGVNX-UHFFFAOYSA-N,6.646787823342786
QKSOFOGSDFGVNX-UHFFFAOYSA-N__BPUVCBQXRIGRAX-UHFFFAOYSA-N,8.019216239524429
KGPNZSPROLTTEN-UHFFFAOYSA-N__HXNNILDUVYRDPB-UHFFFAOYSA-N,5.322421373757031
HXNNILDUVYRDPB-UHFFFAOYSA-N__KGPNZSPROLTTEN-UHFFFAOYSA-N,6.000280997007678
VIAFBUHYNWLDRJ-LTGZKZEYSA-N__BWERIIFFSDMSQY-CMJOXMDJSA-N,4.1307996551741
BWERIIFFSDMSQY-CMJOXMDJSA-N__VIAFBUHYNWLDRJ-LTGZKZEYSA-N,12.43356252818065
IMZSUNIYNXYXCE-UHFFFAOYSA-N__TUBOMSMIMDWINS-UHFFFAOYSA-N,6.6775054638262406
TUBOMSMIMDWINS-UHFFFAOYSA-N__IMZSUNIYNXYXCE-UHFFFAOYSA-N,4.834520602464078
CNAQKMNSGCUVSZ-UHFFFAOYSA-N__SKIQFYHJFUTTSB-UHFFFAOYSA-N,4.321583675931856
BIGPJKPSUUDWKE-UHFFFAOYSA-N__LLYQMJROMCTUQW-UHFFFAOYSA-N,5.069505513277623
LLYQMJROMCTUQW-UHFFFAOYSA-N__BIGPJKPSUUDWKE-UHFFFAOYSA-N,7.993586595225748
SKIQFYHJFUTTSB-UHFFFAOYSA-N__CNAQKMNSGCUVSZ-UHFFFAOYSA-N,8.161382531130497
ZKCNKEXOZOKWNW-UHFFFAOYSA-N__VRQXPBHGGOREPQ-UHFFFAOYSA-N,1.0801903690176462
VRQXPBHGGOREPQ-UHFFFAOYSA-N__ZKCNKEXOZOKWNW-UHFFFAOYSA-N,4.637406434736481
HISNCQXDVRYJHM-UHFFFAOYSA-N__ZPAASEXUMCLZAV-UHFFFAOYSA-N,7.741440390019703
ZPAASEXUMCLZAV-UHFFFAOYSA-N__HISNCQXDVRYJHM-UHFFFAOYSA-N,6.190166839552364
KJTOVGYDPWUUNQ-UHFFFAOYSA-N__YWSTVGAPRGFXCS-UHFFFAOYSA-N,-3.645514859602374
WZNVUVASHYHTEG-UHFFFAOYSA-N__VSVIXPQJWCVPPA-UHFFFAOYSA-N,5.975371987141063
UNXOIMGEYZKBCR-UHFFFAOYSA-N__YBYNJYHHEDYEEM-UHFFFAOYSA-N,2.681088861460353
DGIMZXQYVDUNKP-UHFFFAOYSA-N__GRLIWQYUVNMLRD-UHFFFAOYSA-N,10.40255718988937
YBYNJYHHEDYEEM-UHFFFAOYSA-N__UNXOIMGEYZKBCR-UHFFFAOYSA-N,1.1036775364978235
GRLIWQYUVNMLRD-UHFFFAOYSA-N__DGIMZXQYVDUNKP-UHFFFAOYSA-N,7.048499533636521
NGSRUBNPADDFMF-UHFFFAOYSA-N__DHALMWMWFSBMGE-UHFFFAOYSA-N,7.476256068533159
DIJWDSOLQUVBTQ-UHFFFAOYSA-N__XXKZXEMFZGYVKP-UHFFFAOYSA-N,4.0475884733117615
XXKZXEMFZGYVKP-UHFFFAOYSA-N__DIJWDSOLQUVBTQ-UHFFFAOYSA-N,5.244671752803541
XNHWTDNJARGUJR-UHFFFAOYSA-N__WVJGIWZVDZCMGP-UHFFFAOYSA-N,3.346034264357184
WVJGIWZVDZCMGP-UHFFFAOYSA-N__XNHWTDNJARGUJR-UHFFFAOYSA-N,0.3188975894128255
DOPYBWXMMZDYJR-UHFFFAOYSA-N__PNZIXISEXCPEQV-UHFFFAOYSA-N,10.887897516894023
NPAFPJRNESEYFZ-UHFFFAOYSA-N__XSQCADUWWGXMTE-UHFFFAOYSA-N,6.756158781607743
XSQCADUWWGXMTE-UHFFFAOYSA-N__NPAFPJRNESEYFZ-UHFFFAOYSA-N,6.328144423087723
HSQYVWGPPWCFGC-UHFFFAOYSA-N__PTLBNBIQTCEFGI-UHFFFAOYSA-N,9.349086777461537
ZXRIOTJGHWELCR-UHFFFAOYSA-N__COGQITZBNJHFFJ-REZTVBANSA-N,1.4145474198259649
COGQITZBNJHFFJ-REZTVBANSA-N__ZXRIOTJGHWELCR-UHFFFAOYSA-N,14.403495660673077
PTLBNBIQTCEFGI-UHFFFAOYSA-N__HSQYVWGPPWCFGC-UHFFFAOYSA-N,1.3204271589831418
DIACVCJXKFMKQV-UHFFFAOYSA-N__LXMSLWLATJELTC-UHFFFAOYSA-N,4.57488671529309
LXMSLWLATJELTC-UHFFFAOYSA-N__DIACVCJXKFMKQV-UHFFFAOYSA-N,13.419570784094162
RYNKZJJDQDTKPQ-UHFFFAOYSA-N__WDNBOIVQZPPTAH-UHFFFAOYSA-N,6.181480699933393
YZWQCMXCWKTOAH-UHFFFAOYSA-N__HXNNILDUVYRDPB-UHFFFAOYSA-N,6.347368428101238
HXNNILDUVYRDPB-UHFFFAOYSA-N__YZWQCMXCWKTOAH-UHFFFAOYSA-N,10.63127685169455
UINPKWRXUAPAMB-UHFFFAOYSA-N__IHMGWZYIJNTURM-UHFFFAOYSA-N,5.700627307858361
NWZYFULWXJMVSD-UHFFFAOYSA-N__WZZUYCMSVGHGFZ-UHFFFAOYSA-N,11.415410896611052
WZZUYCMSVGHGFZ-UHFFFAOYSA-N__NWZYFULWXJMVSD-UHFFFAOYSA-N,9.56266876719061
ALZNSGPSOIGSIV-UHFFFAOYSA-N__JYWPZRFBULNWRN-UHFFFAOYSA-N,7.216406859427708
SCZFZSJLEGINNZ-UHFFFAOYSA-N__FFDNWDGCMGQGGC-UHFFFAOYSA-N,9.806395142313988
BAFWLUTUJXGOJD-UHFFFAOYSA-N__VUBXEKMDMKKRIS-UHFFFAOYSA-N,14.290971683562326
VUBXEKMDMKKRIS-UHFFFAOYSA-N__BAFWLUTUJXGOJD-UHFFFAOYSA-N,5.298206129273043
YSHYNOWWLSEUKJ-UHFFFAOYSA-N__WZSCOSOPJHJYDN-UHFFFAOYSA-N,13.629453473022162
WZSCOSOPJHJYDN-UHFFFAOYSA-N__YSHYNOWWLSEUKJ-UHFFFAOYSA-N,9.432987600994128
FRVAZWWRGPYENR-UHFFFAOYSA-N__UBJDBXHFKIJGCG-UHFFFAOYSA-N,6.585451781707135
VVHGMTFPIQFVBI-UHFFFAOYSA-N__OUHFPEBJQCFZLG-UHFFFAOYSA-N,0.9479191476898208
DMLIBWJCOQNJMU-UHFFFAOYSA-N__JHVZINRAKZUORW-UHFFFAOYSA-N,8.656455913116101
UBJDBXHFKIJGCG-UHFFFAOYSA-N__FRVAZWWRGPYENR-UHFFFAOYSA-N,3.683047234838125
FVIUEFGQEKDTLG-UHFFFAOYSA-N__ZRDMZJIRUYEANH-UHFFFAOYSA-N,3.757152664164568
ZRDMZJIRUYEANH-UHFFFAOYSA-N__FVIUEFGQEKDTLG-UHFFFAOYSA-N,6.36110556228272
WVDOCFSTPSXRAP-UHFFFAOYSA-N__BOAROKQPRQFTFK-QWRGUYRKSA-N,6.460849817024855
BOAROKQPRQFTFK-QWRGUYRKSA-N__WVDOCFSTPSXRAP-UHFFFAOYSA-N,1.539674606523754
QGIVZYLNQHLWMH-UHFFFAOYSA-N__RHJRYZPQSVOKLZ-UHFFFAOYSA-N,9.502424055647705
RHJRYZPQSVOKLZ-UHFFFAOYSA-N__QGIVZYLNQHLWMH-UHFFFAOYSA-N,6.11756865627651
FOFGLNKGJPWMQQ-UHFFFAOYSA-N__UIPRLNAWPCFYOE-UHFFFAOYSA-N,8.36789886365966
UIPRLNAWPCFYOE-UHFFFAOYSA-N__FOFGLNKGJPWMQQ-UHFFFAOYSA-N,5.116453584576111
DDYODBMYOPPUOH-UHFFFAOYSA-N__KQFBHNLXWQSDQN-UHFFFAOYSA-N,10.088474170075717
KQFBHNLXWQSDQN-UHFFFAOYSA-N__DDYODBMYOPPUOH-UHFFFAOYSA-N,3.290504105552242
RQDYGWAJHZPYCF-UHFFFAOYSA-N__WQSAHMPVLAPIRX-UHFFFAOYSA-N,0.5154680051002296
IUULEFLQKHHHOU-UHFFFAOYSA-N__RZLDUZUAOKCELZ-UHFFFAOYSA-N,4.4903485858672365
WQSAHMPVLAPIRX-UHFFFAOYSA-N__RQDYGWAJHZPYCF-UHFFFAOYSA-N,2.6695607846025573
SFATVWGJLRICIN-UHFFFAOYSA-N__PEJXVGHJPKTOSU-HFTWOUSFSA-N,2.996475070906633
RZLDUZUAOKCELZ-UHFFFAOYSA-N__IUULEFLQKHHHOU-UHFFFAOYSA-N,2.8291317644414784
IMVDZFOSXJSXFP-UHFFFAOYSA-N__RQIITJJSHCGVPL-UHFFFAOYSA-N,14.205927281764987
RQIITJJSHCGVPL-UHFFFAOYSA-N__IMVDZFOSXJSXFP-UHFFFAOYSA-N,7.985545552708251
PEJXVGHJPKTOSU-HFTWOUSFSA-N__SFATVWGJLRICIN-UHFFFAOYSA-N,9.577520412972016
OKIIHMYWZZOVHS-UHFFFAOYSA-N__CJHVSQCXPVBGRI-UHFFFAOYSA-N,-0.365468769637214
CZZWDLYCHXZDCN-UHFFFAOYSA-N__GVRZHTJGVJHUQW-UHFFFAOYSA-N,7.046034603041896
GVRZHTJGVJHUQW-UHFFFAOYSA-N__CZZWDLYCHXZDCN-UHFFFAOYSA-N,7.485320700086131
FXOXJAXQMKWKRP-UHFFFAOYSA-N__FRQZDAGNIFXXEQ-UHFFFAOYSA-N,10.916194027137264
GIJYOEFZIISOHU-UHFFFAOYSA-N__QZKDANOPKUEJMM-UHFFFAOYSA-N,-0.1499900139678095
FRQZDAGNIFXXEQ-UHFFFAOYSA-N__FXOXJAXQMKWKRP-UHFFFAOYSA-N,11.260059532710564
VZRMIMIXTWBYNC-UHFFFAOYSA-N__DAVZYLNIFLWJMA-UHFFFAOYSA-N,17.304440009865086
QZKDANOPKUEJMM-UHFFFAOYSA-N__GIJYOEFZIISOHU-UHFFFAOYSA-N,4.013351205008975
DAVZYLNIFLWJMA-UHFFFAOYSA-N__VZRMIMIXTWBYNC-UHFFFAOYSA-N,10.176168281364967
RWXXWRTZIMGXMT-UHFFFAOYSA-N__XRDQATKQMODLQZ-UHFFFAOYSA-N,8.219258358322325
RTLJYRNJNGLTQC-UHFFFAOYSA-N__VBLDBBOISUAEDZ-UHFFFAOYSA-N,9.271833688174953
NXHYGPLWIXHUTP-UHFFFAOYSA-N__YUWFYGOPTQGIQU-UHFFFAOYSA-N,8.267131302030041
YUWFYGOPTQGIQU-UHFFFAOYSA-N__NXHYGPLWIXHUTP-UHFFFAOYSA-N,1.5340326026652067
VSDNNQHHKUMUKF-UHFFFAOYSA-N__PGTFEYHPDNEIMI-UHFFFAOYSA-N,3.396341448163461
PGTFEYHPDNEIMI-UHFFFAOYSA-N__VSDNNQHHKUMUKF-UHFFFAOYSA-N,12.641937939597312
KRHOFUAEAJDXQT-UHFFFAOYSA-N__OWWXSUMRCJNDAA-UHFFFAOYSA-N,2.7419748699172986
OWWXSUMRCJNDAA-UHFFFAOYSA-N__KRHOFUAEAJDXQT-UHFFFAOYSA-N,6.599041128126678
PSUIUBUAXIVHRF-UHFFFAOYSA-N__WZOYHMMSKGEABR-UHFFFAOYSA-N,1.2102149850811126
WZOYHMMSKGEABR-UHFFFAOYSA-N__PSUIUBUAXIVHRF-UHFFFAOYSA-N,10.192667152272495
FANJFOUDYIKSIA-UHFFFAOYSA-N__NRFUAWFDFJIAMG-UHFFFAOYSA-N,1.4186830802221342
NRFUAWFDFJIAMG-UHFFFAOYSA-N__FANJFOUDYIKSIA-UHFFFAOYSA-N,9.639917778279464
CMACOEXSSVXLSN-UHFFFAOYSA-N__NVJNTSNDAYXVDU-UHFFFAOYSA-N,5.356726445681888
NVJNTSNDAYXVDU-UHFFFAOYSA-N__CMACOEXSSVXLSN-UHFFFAOYSA-N,9.414323383443485
ZGHVDOSGSSMDBR-UHFFFAOYSA-N__NXOGZNOIFFKTKW-UHFFFAOYSA-N,14.84764343647138
SMJNJCYAIKTNKK-UHFFFAOYSA-N__GOUWCLPRESMWLS-BOPFTXTBSA-N,11.370282209509115
NXOGZNOIFFKTKW-UHFFFAOYSA-N__ZGHVDOSGSSMDBR-UHFFFAOYSA-N,5.5732026081233474
KHNUXYCJONMJPC-UHFFFAOYSA-N__PXRLHVLBYLZWQQ-UHFFFAOYSA-N,12.31936981613669
PXRLHVLBYLZWQQ-UHFFFAOYSA-N__KHNUXYCJONMJPC-UHFFFAOYSA-N,7.413545203706777
GOUWCLPRESMWLS-BOPFTXTBSA-N__SMJNJCYAIKTNKK-UHFFFAOYSA-N,3.156864999092006
SNOZGLKXWDQEKR-UHFFFAOYSA-N__RDZIOPPNYQTIJM-UHFFFAOYSA-N,3.3386413892534765
RDZIOPPNYQTIJM-UHFFFAOYSA-N__SNOZGLKXWDQEKR-UHFFFAOYSA-N,7.1828242240437365
YVYYIKLWAWBZPS-UHFFFAOYSA-N__LXJSPNAOHFGHSS-UHFFFAOYSA-N,8.58238804692566
LXJSPNAOHFGHSS-UHFFFAOYSA-N__YVYYIKLWAWBZPS-UHFFFAOYSA-N,15.443016952252435
MCQOUZGSZMPWML-UHFFFAOYSA-N__ZGTLIVDKPRHRFX-UHFFFAOYSA-N,-1.046832992670549
ZGTLIVDKPRHRFX-UHFFFAOYSA-N__MCQOUZGSZMPWML-UHFFFAOYSA-N,11.120849092509026
RRFUTHKTIVUUMV-UHFFFAOYSA-N__BCYPRLYZVZHWLV-UHFFFAOYSA-N,10.841376700121598
BCYPRLYZVZHWLV-UHFFFAOYSA-N__RRFUTHKTIVUUMV-UHFFFAOYSA-N,11.35889975347389
GQTPDBKDGPYZLH-UHFFFAOYSA-N__YLJVDJPOZWTWTC-JGCYQJBPSA-N,0.5440689064404137
OZAIBFKRUKMABZ-UHFFFAOYSA-N__IALVNYOHFPZDOW-UHFFFAOYSA-N,9.189820890415549
YLJVDJPOZWTWTC-JGCYQJBPSA-N__GQTPDBKDGPYZLH-UHFFFAOYSA-N,4.970927582208639
LYVPJUBYJWMTCK-UHFFFAOYSA-N__UZCIDAZMEOURKY-UHFFFAOYSA-N,4.404981538889715
IALVNYOHFPZDOW-UHFFFAOYSA-N__OZAIBFKRUKMABZ-UHFFFAOYSA-N,13.409758218882097
TYCBZVMODBWEJI-UHFFFAOYSA-N__LZWBKAJKZMELGK-UHFFFAOYSA-N,-4.6794876565176855
LZWBKAJKZMELGK-UHFFFAOYSA-N__TYCBZVMODBWEJI-UHFFFAOYSA-N,3.204843071497657
UZCIDAZMEOURKY-UHFFFAOYSA-N__LYVPJUBYJWMTCK-UHFFFAOYSA-N,5.19629349866707
AZRBMUXQKKIVOA-UHFFFAOYSA-N__OAIDMAFLVPSLMZ-UHFFFAOYSA-N,0.438468028600011
OAIDMAFLVPSLMZ-UHFFFAOYSA-N__AZRBMUXQKKIVOA-UHFFFAOYSA-N,2.525579179792369
JHOLIOCIYQPIEN-UHFFFAOYSA-N__AFBKQDFMUMWJFH-UHFFFAOYSA-N,6.030060325920115
AFBKQDFMUMWJFH-UHFFFAOYSA-N__JHOLIOCIYQPIEN-UHFFFAOYSA-N,9.13658686001816
RTIOZIBVECFBOW-UHFFFAOYSA-N__GWMACMOWAIEHNQ-UHFFFAOYSA-N,4.327505240794096
ARQVRIPFOWYFDL-UHFFFAOYSA-N__SLWYIXHPUCFILM-UHFFFAOYSA-N,2.1282496564695954
SLWYIXHPUCFILM-UHFFFAOYSA-N__ARQVRIPFOWYFDL-UHFFFAOYSA-N,8.415151221185928
GWMACMOWAIEHNQ-UHFFFAOYSA-N__RTIOZIBVECFBOW-UHFFFAOYSA-N,10.477715324425768
NZXLWKFSCWJQOW-UHFFFAOYSA-N__SLXYUNLGAAQRIA-UHFFFAOYSA-N,8.358196530350165
SLXYUNLGAAQRIA-UHFFFAOYSA-N__NZXLWKFSCWJQOW-UHFFFAOYSA-N,4.506141146899866
FZPBOFAXEXZTEW-UHFFFAOYSA-N__GUDRXGYHTOMVDM-UHFFFAOYSA-N,11.028723032688784
GUDRXGYHTOMVDM-UHFFFAOYSA-N__FZPBOFAXEXZTEW-UHFFFAOYSA-N,11.225453154411673
LPXMXHSHKYSQIT-UHFFFAOYSA-N__WVPJTRIKLKJPTH-UHFFFAOYSA-N,10.344191001332527
LDGWNYJSUDHZKP-UHFFFAOYSA-N__GVMLRZQZEROKTI-UHFFFAOYSA-N,17.91270010420032
WVPJTRIKLKJPTH-UHFFFAOYSA-N__LPXMXHSHKYSQIT-UHFFFAOYSA-N,3.032438197232657
GVMLRZQZEROKTI-UHFFFAOYSA-N__LDGWNYJSUDHZKP-UHFFFAOYSA-N,4.851202793374733
HCSPVNHBHQQBNO-UHFFFAOYSA-N__HFXOCKYNDRXQPY-UHFFFAOYSA-N,3.205237537002932
HFXOCKYNDRXQPY-UHFFFAOYSA-N__HCSPVNHBHQQBNO-UHFFFAOYSA-N,9.000633665699548
LMYKNPMIDRNBDI-UHFFFAOYSA-N__BGHGWLSGUBXJMI-UHFFFAOYSA-N,2.35428582229224
BGHGWLSGUBXJMI-UHFFFAOYSA-N__LMYKNPMIDRNBDI-UHFFFAOYSA-N,3.5851985218493385
BRGDQITVSXTIAD-UHFFFAOYSA-N__MRHMYTTVDDDRIV-UHFFFAOYSA-N,10.771775126043456
MRHMYTTVDDDRIV-UHFFFAOYSA-N__BRGDQITVSXTIAD-UHFFFAOYSA-N,9.966153983632918
PWOLLTRLWOGKLG-UHFFFAOYSA-N__NSNANOZLJKGENU-UHFFFAOYSA-N,16.60112080471629
NSNANOZLJKGENU-UHFFFAOYSA-N__PWOLLTRLWOGKLG-UHFFFAOYSA-N,6.540934444809509
IIZGMFJLNWKEIQ-UHFFFAOYSA-N__PFKNXZSYABFVMU-UHFFFAOYSA-N,3.159989128480461
RTPDUCZFCFMKNT-UHFFFAOYSA-N__BTCRLXYTAHWSAI-UHFFFAOYSA-N,16.828514628145555
PFKNXZSYABFVMU-UHFFFAOYSA-N__IIZGMFJLNWKEIQ-UHFFFAOYSA-N,2.496454267782537
BTCRLXYTAHWSAI-UHFFFAOYSA-N__RTPDUCZFCFMKNT-UHFFFAOYSA-N,16.207271963730044
ZSWFSQPBPOLROW-UHFFFAOYSA-N__CSYCGGVTSGQTHD-UHFFFAOYSA-N,7.92828347080404
CSYCGGVTSGQTHD-UHFFFAOYSA-N__ZSWFSQPBPOLROW-UHFFFAOYSA-N,8.588479015438866
CYFBASNRPLTOSW-UHFFFAOYSA-N__PXNOWOMJMOVHQA-UHFFFAOYSA-N,1.357467093234141
PXNOWOMJMOVHQA-UHFFFAOYSA-N__CYFBASNRPLTOSW-UHFFFAOYSA-N,3.043128014551049
WXUABYQABLFAEC-UHFFFAOYSA-N__OYICHELIVFGDOS-UHFFFAOYSA-N,9.871686997366858
OYICHELIVFGDOS-UHFFFAOYSA-N__WXUABYQABLFAEC-UHFFFAOYSA-N,7.408378371735156
FVZYAROQZUKQBQ-UHFFFAOYSA-N__UIDDNGARXHGDFQ-UHFFFAOYSA-N,6.359658321012657
UIDDNGARXHGDFQ-UHFFFAOYSA-N__FVZYAROQZUKQBQ-UHFFFAOYSA-N,0.1611789718411004
CLYRHBMFJOBLCZ-UHFFFAOYSA-N__OWVUNEDEZDDOAT-UHFFFAOYSA-N,7.46331150239607
OWVUNEDEZDDOAT-UHFFFAOYSA-N__CLYRHBMFJOBLCZ-UHFFFAOYSA-N,7.717890135104939
DONXFSQPECCIHC-UHFFFAOYSA-N__BQMDQEACORECHN-UHFFFAOYSA-N,5.709635164244379
BQMDQEACORECHN-UHFFFAOYSA-N__DONXFSQPECCIHC-UHFFFAOYSA-N,3.8558964681466312
IPMDLMHEFNHTTM-UHFFFAOYSA-N__SVZQITNAMLAJDE-UHFFFAOYSA-N,8.79674080068766
SVZQITNAMLAJDE-UHFFFAOYSA-N__IPMDLMHEFNHTTM-UHFFFAOYSA-N,1.1953092970802526
AIEPJIYAUZQZPD-UHFFFAOYSA-N__OISRQAGRMDOSSO-UHFFFAOYSA-N,2.766543602815545
OISRQAGRMDOSSO-UHFFFAOYSA-N__AIEPJIYAUZQZPD-UHFFFAOYSA-N,11.934934765947345
JHYJDLNHEAHICN-UHFFFAOYSA-N__IAOASWNFMKQETN-UHFFFAOYSA-N,11.90864620393273
IAOASWNFMKQETN-UHFFFAOYSA-N__JHYJDLNHEAHICN-UHFFFAOYSA-N,15.405270543260794
NKCDMSMSWNTPSV-UHFFFAOYSA-N__QVBQPWDJTODNJD-UHFFFAOYSA-N,5.446941908531763
QVBQPWDJTODNJD-UHFFFAOYSA-N__NKCDMSMSWNTPSV-UHFFFAOYSA-N,8.534982038095698
JUZAJSPWXABCEP-UHFFFAOYSA-N__GVBNZVLRCUUSSY-UHFFFAOYSA-N,6.589093393695412
GVBNZVLRCUUSSY-UHFFFAOYSA-N__JUZAJSPWXABCEP-UHFFFAOYSA-N,4.241368703908329
GQVJTHHXTYLTKH-UHFFFAOYSA-N__XVWZMFJEQSNMOZ-UHFFFAOYSA-N,9.687501402444015
XVWZMFJEQSNMOZ-UHFFFAOYSA-N__GQVJTHHXTYLTKH-UHFFFAOYSA-N,3.310539426933912
IXOJNCPSZKBVNP-UHFFFAOYSA-N__XAQQDEPSNCRATB-UHFFFAOYSA-N,5.805039789349333
RETKGSAQBAQJPC-UHFFFAOYSA-N__LGVVWADVOHVYER-UHFFFAOYSA-N,11.621695335380862
XAQQDEPSNCRATB-UHFFFAOYSA-N__IXOJNCPSZKBVNP-UHFFFAOYSA-N,3.687561799725016
LGVVWADVOHVYER-UHFFFAOYSA-N__RETKGSAQBAQJPC-UHFFFAOYSA-N,10.108033455220257
MCWDZDQXZCYEOY-UHFFFAOYSA-N__FKWHTASFHQJJSV-UHFFFAOYSA-N,4.11337660385115
FKWHTASFHQJJSV-UHFFFAOYSA-N__MCWDZDQXZCYEOY-UHFFFAOYSA-N,-1.1192265244137665
IJYRLQFWSXHLJA-ZDUSSCGKSA-N__WUQFTTLUNKDNAG-UHFFFAOYSA-N,4.894574938591947
WUQFTTLUNKDNAG-UHFFFAOYSA-N__IJYRLQFWSXHLJA-ZDUSSCGKSA-N,10.455081518786129
DLDKHPYZQGLIRE-UHFFFAOYSA-N__HHPBASULRUAEBX-UHFFFAOYSA-N,1.6706909910365384
PBINDANZCUXLSF-UHFFFAOYSA-N__MFEFAXLQZGNVQU-UHFFFAOYSA-N,0.323511239965546
FZZWQKONVSNCLT-CILPGNKCSA-N__VWOLCOPMYXCKGO-UHFFFAOYSA-N,6.643701769379768
KGKBFGAWKXDXHO-UHFFFAOYSA-N__XKYUAQLPYBWUJH-UHFFFAOYSA-N,2.3835261259102234
XKYUAQLPYBWUJH-UHFFFAOYSA-N__KGKBFGAWKXDXHO-UHFFFAOYSA-N,4.06213082525577
BFEXGNFZCNYWCG-WCTZXXKLSA-N__HVAXGLYKECRETN-UHFFFAOYSA-N,-3.3903173236838
VWOLCOPMYXCKGO-UHFFFAOYSA-N__FZZWQKONVSNCLT-CILPGNKCSA-N,6.628449298884018
YUNPQAOWKVWRNR-JMSVASOKSA-N__VDYRMZAMOUBBQF-UHFFFAOYSA-N,4.988953597198993
KPRUBLIVKOIMJS-LOFWALOHSA-N__LCZMGBIAUHAYSH-UHFFFAOYSA-N,7.927990057297102
UJTKRTAWEQKHLE-KEDSGRIDSA-N__MRADEDTVQZPRBO-UHFFFAOYSA-N,-4.950502911510134
YVVJCDNSWAFOPY-UHFFFAOYSA-N__GJFZGCMUAROKPQ-KDXUFGMBSA-N,4.035622861610832
BLJUHDHHUKVDNK-YYUAWURSSA-N__LGSOEPYXMYEXGM-RFSCMCKOSA-N,4.917710815130571
QLYOLVKZPSTDFV-UHFFFAOYSA-N__BOQACHNWJIBWQF-ZETCQYMHSA-N,-3.2573233190334494
SADTUYAPSYSRHV-UHFFFAOYSA-N__GBRNSERMZPFELE-UHFFFAOYSA-N,-4.4707141156668895
BOQACHNWJIBWQF-ZETCQYMHSA-N__QLYOLVKZPSTDFV-UHFFFAOYSA-N,-0.0269606534378064
ICAIPPUGFUTBHQ-UHFFFAOYSA-N__KTKYAAQLYVHFIH-HVOFVXBASA-N,-16.900922901140355
VMQIZDOJIKKIDT-BPGUCPLFSA-N__IRTFEOOXYHOLAN-UHFFFAOYSA-N,3.2872017797684165
SJAURTGSRMBPKL-UHFFFAOYSA-N__DWOKSHDTRJAXAD-UHFFFAOYSA-N,-0.4336976024985689
LFIUMOHGAWHPEA-UHFFFAOYSA-N__PTSWTTMMJQPWKS-SFTDATJTSA-N,6.04331239883843
ZOSTYHQCOXCMBY-LSLKUGRBSA-N__XIRSLMFFJKUNII-UHFFFAOYSA-N,10.235781538928014
GSVXWDUEOCCGOA-UHFFFAOYSA-N__NEWGZPIIFXUZQH-UHFFFAOYSA-N,6.221563321038195
XIRSLMFFJKUNII-UHFFFAOYSA-N__ZOSTYHQCOXCMBY-LSLKUGRBSA-N,4.401046903907293
VJCXBFMFEZXGDB-UHFFFAOYSA-N__MZPYQWAQAOIQBX-UHFFFAOYSA-N,3.892875688002425
ILLNQDHTWQZTDM-UHFFFAOYSA-N__DPMFEJUJXHWAJI-UHFFFAOYSA-N,8.587811883685102
MFGWABPEZWYGGK-RXMQYKEDSA-N__OUQBDPMAGCEKBV-UHFFFAOYSA-N,-1.9661942508583528
YBKNTTHSINFHOW-UHFFFAOYSA-N__UVMWGTYRCNZLBW-UHFFFAOYSA-N,-1.2355352420875614
CYNPJSQQEHAYAD-UHFFFAOYSA-N__ZZGZMIFEYNRRPL-RWMBFGLXSA-N,9.980181057369748
ZZGZMIFEYNRRPL-RWMBFGLXSA-N__CYNPJSQQEHAYAD-UHFFFAOYSA-N,1.7012455392092454
LVUCDRASKYBVPF-UHFFFAOYSA-N__JRKFPEJLVJQJGH-UHFFFAOYSA-N,-0.3953793683480738
JRKFPEJLVJQJGH-UHFFFAOYSA-N__LVUCDRASKYBVPF-UHFFFAOYSA-N,2.0207672069466995
MWOKPBMLGWJNBQ-UHFFFAOYSA-N__DBHMTXCSPMZGHX-UHFFFAOYSA-N,3.4586173392371924
KZPZVPULLDVPIZ-LLVKDONJSA-N__SHSXRZROEJCBFB-RXMQYKEDSA-N,1.670227419106006
FVNASUYZANWJPM-UHFFFAOYSA-N__VNOYFFZMYDIVDQ-KDBVAPGDSA-N,-1.1659256224043086
NSPDHYLZBDUHSG-UHFFFAOYSA-N__IFEAVQSDBJVCPI-UHFFFAOYSA-N,-1.5933013444767887
ARECKKLLVPLJBZ-FKBYEOEOSA-N__GYZGPIMCDMSOTN-UHFFFAOYSA-N,-1.593807512371478
SHSXRZROEJCBFB-RXMQYKEDSA-N__KZPZVPULLDVPIZ-LLVKDONJSA-N,1.0101333234742107
GYZGPIMCDMSOTN-UHFFFAOYSA-N__ARECKKLLVPLJBZ-FKBYEOEOSA-N,-0.6776204930909006
QALXHNDLQQJYII-UHFFFAOYSA-N__AIFNYUSZXRBHHH-UHFFFAOYSA-N,7.284747431025987
PNNNRSAQSRJVSB-FSIIMWSLSA-N__HEAQZPUKCBSFPD-MATWNZDUSA-N,1.7576351827158054
XSBVCLJHHNORNA-LBPRGKRZSA-N__VGGWOCCGVGWFCQ-VQHVLOKHSA-N,0.676674696929132
XEKNVQAPZXISLQ-HUROMRQRSA-N__SSNVJJRDTNOBKQ-NSHDSACASA-N,1.4544199824296118
HEAQZPUKCBSFPD-MATWNZDUSA-N__PNNNRSAQSRJVSB-FSIIMWSLSA-N,-0.6604165792278557
ZNZYKNKBJPZETN-LFAXUSOYSA-N__GCWBTUWFUJGQCI-LSDHHAIUSA-N,6.792499523532516
LWGBTWZDQQZTOC-UHFFFAOYSA-N__OVUKEOKMXNPYKX-QFADGXAASA-N,2.80937068662614
CSPHIJSXSYZRDY-UHFFFAOYSA-N__PNXZCWIRQQNXDD-UHFFFAOYSA-N,3.157737307580304
SSNVJJRDTNOBKQ-NSHDSACASA-N__XEKNVQAPZXISLQ-HUROMRQRSA-N,3.2506254787286384
OVUKEOKMXNPYKX-QFADGXAASA-N__LWGBTWZDQQZTOC-UHFFFAOYSA-N,1.96972603629548
GKEKEJAKZNNZPN-UHFFFAOYSA-N__CSBHVTRVCZIMMX-UHFFFAOYSA-N,-2.607560361496159
GCWBTUWFUJGQCI-LSDHHAIUSA-N__ZNZYKNKBJPZETN-LFAXUSOYSA-N,9.213052194326966
GEVCHRNZGFKCML-UHFFFAOYSA-N__PNNNRSAQSRJVSB-FSIIMWSLSA-N,5.92298458848073
WDTQFNKWRRRTQU-UHFFFAOYSA-N__RECLLSQMOGIXAW-AZGAKELHSA-N,3.571432389203661
DUDBKLZOTKDUGP-MOPGFXCFSA-N__SZHLXKSGZMPRPE-QLYZIHHJSA-N,7.278651929525306
MFNMMPBQQHFCGF-UHFFFAOYSA-N__ZXFVWRUHXMFINS-UHFFFAOYSA-N,3.2019430019279422
ZXFVWRUHXMFINS-UHFFFAOYSA-N__MFNMMPBQQHFCGF-UHFFFAOYSA-N,2.6643401774354865
SZHLXKSGZMPRPE-QLYZIHHJSA-N__DUDBKLZOTKDUGP-MOPGFXCFSA-N,10.652989197952564
GOIQBWBMRRTFQY-JTQLQIEISA-N__YWFUECKBUFORTA-JGVFFNPUSA-N,-2.54224464621146
RECLLSQMOGIXAW-AZGAKELHSA-N__WDTQFNKWRRRTQU-UHFFFAOYSA-N,12.192722349292588
JVIPFBPDMAFSJV-UHFFFAOYSA-N__ZXDWXAGVIMHCDP-UHFFFAOYSA-N,5.31798739854026
ZXDWXAGVIMHCDP-UHFFFAOYSA-N__JVIPFBPDMAFSJV-UHFFFAOYSA-N,3.084427509333935
GEOFYDUMDBGDOC-PKIAMQTDSA-N__PSPNSTXIPDWTEO-UHFFFAOYSA-N,-1.884347085883043
UFKCTJKZCJAPRN-UHFFFAOYSA-N__JASOGTNWCYAOGU-UHFFFAOYSA-N,3.3099201685958386
KZVDGSDXQYHRFD-UHFFFAOYSA-N__HNWSUDZIIARMMQ-UHFFFAOYSA-N,18.5920995495024
VOAHRWUEPMHQRP-UHFFFAOYSA-N__FWTJBSRLAFEZMM-UHFFFAOYSA-N,-2.880695395624879
KUZSVETULYBCPD-UHFFFAOYSA-N__ZURZPPULRFXVLF-UHFFFAOYSA-N,1.700152769769382
IOFQZMOQISWOBW-UHFFFAOYSA-N__XUZGYTJNADQNAD-UHFFFAOYSA-N,4.744601648473647
WMHYMUDYUVQOQM-MKJYCQSYSA-N__ZTXUCDDWIFHTIZ-UJURSFKZSA-N,-0.1353366956803768
BOJKJMLRCOIODZ-UHFFFAOYSA-N__KMAVUNZFQXMCCS-UHFFFAOYSA-N,5.045365188608928
DAMUXUOSEKYLAD-UHFFFAOYSA-N__XMFOLPKCKHQVMK-UHFFFAOYSA-N,3.607051136750189
ZCMMJWHYFSLNQB-UHFFFAOYSA-N__QFGLKZSEIYHSON-UHFFFAOYSA-N,0.292730800402037
GQUZONOOKMFGGO-UHFFFAOYSA-N__AZAPZDNVUWOGSQ-DIMJTDRSSA-N,4.814566635013317
PNVZGVJVNKEAIB-ZLUOBGJFSA-N__HYKJREUXJWDJPP-GEVSDDDWSA-N,-6.108219131729213
KMAVUNZFQXMCCS-UHFFFAOYSA-N__BOJKJMLRCOIODZ-UHFFFAOYSA-N,-5.165514849013316
ZTXUCDDWIFHTIZ-UJURSFKZSA-N__WMHYMUDYUVQOQM-MKJYCQSYSA-N,11.61913213538774
HYKJREUXJWDJPP-GEVSDDDWSA-N__PNVZGVJVNKEAIB-ZLUOBGJFSA-N,-5.057176317472164
VYCZYHLXMWIJTC-UHFFFAOYSA-N__YGYBPMFAFZHHFQ-UHFFFAOYSA-N,-2.567377375821096
UTXUQHDKFPKAOH-UHFFFAOYSA-N__FCIJONRYYVKVMO-CLWVCHIJSA-N,4.528426290532363
NQDGTHDIIWHMAY-UHFFFAOYSA-N__LKNWBEJTASVZQD-UHFFFAOYSA-N,-1.1727681060369315
FCIJONRYYVKVMO-CLWVCHIJSA-N__UTXUQHDKFPKAOH-UHFFFAOYSA-N,5.078667138320921
QEHQJVKJNPVSCC-UHFFFAOYSA-N__KIRFOWFHRSSEJN-PUTMMCKPSA-N,-0.2489451229672949
KIRFOWFHRSSEJN-PUTMMCKPSA-N__QEHQJVKJNPVSCC-UHFFFAOYSA-N,3.9144508658211934
WKYLEDPQJPTBLO-UHFFFAOYSA-N__JGBGVSIJSXTHQF-UCROKIRRSA-N,0.5206306495105626
CSJYBVWYWVLITQ-UHFFFAOYSA-N__VXLJNCCHHWWOAY-UHFFFAOYSA-N,-0.0072737961673182
GNTQICZXQYZQNE-VZLNHYCJSA-N__TWDBAHYGZMPTCW-UHFFFAOYSA-N,5.320006393700951
ANZKSSJWPUCGOP-SECBINFHSA-N__FOLAJDRCRCRBKW-UHFFFAOYSA-N,6.054707421766553
JGPUFOOIPFJNQW-SNAWJCMRSA-N__OKPAGSRABFBSMH-HXUWFJFHSA-N,2.02212967861869
XSKLSYMOCPQNLY-UHFFFAOYSA-N__JIIYFBWMYGTPSB-MHZLTWQESA-N,3.621913183626555
ZORNVXMBXYRQAJ-UHFFFAOYSA-N__NWYBKUGLLMBKIW-MRVPVSSYSA-N,0.6323711413166644
NWYBKUGLLMBKIW-MRVPVSSYSA-N__ZORNVXMBXYRQAJ-UHFFFAOYSA-N,3.483526931591378
LTENJJTXSIUPBX-UHFFFAOYSA-N__DEMPGUJIVWDEKA-UHFFFAOYSA-N,2.4297311695003496
KAEPKIOVKOVNSI-FCDRMGDPSA-N__SMEFYIXPDROUNY-UHFFFAOYSA-N,1.282589951914597
SLXHPAYYSVFGEO-UHFFFAOYSA-N__PUZZIVZIPWHELG-UHFFFAOYSA-N,-6.319514782765597
PUZZIVZIPWHELG-UHFFFAOYSA-N__SLXHPAYYSVFGEO-UHFFFAOYSA-N,-5.110682622891852
SMEFYIXPDROUNY-UHFFFAOYSA-N__KAEPKIOVKOVNSI-FCDRMGDPSA-N,11.122118611078449
AMICIQSPZKUZLK-UHFFFAOYSA-N__FBJCCVJUJYKETO-UHFFFAOYSA-N,17.091613496670284
XNRQIZPARARBKE-UHFFFAOYSA-N__CGTXALIYUPMUSM-NSHDSACASA-N,6.952991342241505
CGTXALIYUPMUSM-NSHDSACASA-N__XNRQIZPARARBKE-UHFFFAOYSA-N,3.0188324427125326
ZMFZWQLBRONESN-UHFFFAOYSA-N__DTDGXLQZJOUSMP-UHFFFAOYSA-N,-1.8628923041431016
BTMRTZQGZHCQLQ-UHFFFAOYSA-N__NJQIFWLBQYIRJZ-UHFFFAOYSA-N,-0.1744594904133007
UGJPFIJPPASNHU-UHFFFAOYSA-N__KVOOZKISXYTWCJ-UHFFFAOYSA-N,2.1437397667701834
DTDGXLQZJOUSMP-UHFFFAOYSA-N__ZMFZWQLBRONESN-UHFFFAOYSA-N,0.0412877324576347
AENOSELUAOJMGQ-UHFFFAOYSA-N__ZPMKHSRLVOETCV-UHFFFAOYSA-N,3.14526594806773
ZPMKHSRLVOETCV-UHFFFAOYSA-N__AENOSELUAOJMGQ-UHFFFAOYSA-N,-2.1798786765733777
MSWRTDQJILIIPV-UHFFFAOYSA-N__IDAHIBMEKOEBRG-YFKPBYRVSA-N,-1.3857856455133155
ZMKKCESSUQSKRU-UHFFFAOYSA-N__CLVICWIWAJWJKD-GFCCVEGCSA-N,5.544169929328505
CLVICWIWAJWJKD-GFCCVEGCSA-N__ZMKKCESSUQSKRU-UHFFFAOYSA-N,12.928531714233168
PPJFRBMXXNTNHH-UHFFFAOYSA-N__PQRCQWDXQLUKDI-BHWOMJMDSA-N,-0.2747416101118187
JQSPLENFFQIGHR-WQVCFCJDSA-N__WPYZIVRRBFTFLC-UHFFFAOYSA-N,1.6059801945514374
OXQUMJRGGORBBO-UHFFFAOYSA-N__YWCAXTKWBGBPAE-BZUAXINKSA-N,-0.3314668923020711
YWCAXTKWBGBPAE-BZUAXINKSA-N__OXQUMJRGGORBBO-UHFFFAOYSA-N,6.797913287002315
WPYZIVRRBFTFLC-UHFFFAOYSA-N__JQSPLENFFQIGHR-WQVCFCJDSA-N,1.679016549376067
JKJWQANOKPBPOQ-KUHUBIRLSA-N__FZCIQOGAJPCQHG-UHFFFAOYSA-N,9.58963728916872
DEBUYKQLBQZJHZ-UHFFFAOYSA-N__HUAUYAHUPUFDBK-UHFFFAOYSA-N,4.041871186091483
IONRHFQTMBULNR-UHFFFAOYSA-N__DBWOUIYFZDEHEM-QVKFZJNVSA-N,5.947730519805134
BNBGNDPBGFQIKZ-GOSISDBHSA-N__YSXKAOXCJKNOTN-UCNVEGJOSA-N,5.412160354568817
LRISZWNINXGMJA-UHFFFAOYSA-N__VBKLRCYVMWSXFZ-ZDUSSCGKSA-N,3.576396779457096
VGHDTKBGLIRPHG-UHFFFAOYSA-N__XQMYGBWBVLTERD-UHFFFAOYSA-N,5.069079467529195
HUAUYAHUPUFDBK-UHFFFAOYSA-N__DEBUYKQLBQZJHZ-UHFFFAOYSA-N,10.67236749118943
XQMYGBWBVLTERD-UHFFFAOYSA-N__VGHDTKBGLIRPHG-UHFFFAOYSA-N,-1.4318956163953065
FZCIQOGAJPCQHG-UHFFFAOYSA-N__JKJWQANOKPBPOQ-KUHUBIRLSA-N,5.380586768967738
GLYXZBDWCIRLOD-LPBNZCGVSA-N__JYYURZXQGFQOHI-CUOXSNCUSA-N,9.044764307754315
RKUASVKKEGEDAL-UHFFFAOYSA-N__GSSBFBWLAAETHW-UHFFFAOYSA-N,3.4334698241454435
VBKLRCYVMWSXFZ-ZDUSSCGKSA-N__LRISZWNINXGMJA-UHFFFAOYSA-N,2.0416589880182965
GSSBFBWLAAETHW-UHFFFAOYSA-N__RKUASVKKEGEDAL-UHFFFAOYSA-N,-6.675269986821054
NSKBVJYXMDIQIF-UHFFFAOYSA-N__INPQMXVDNHZYIL-UHFFFAOYSA-N,3.5771393244819425
INPQMXVDNHZYIL-UHFFFAOYSA-N__NSKBVJYXMDIQIF-UHFFFAOYSA-N,12.998450751171273
JQKXKESUEPIJLZ-CVEARBPZSA-N__MEWROBDOTDPSRB-UHFFFAOYSA-N,4.093381064551396
MKBXEMLCGWWVQH-BYPYZUCNSA-N__SJVWENDBALDFLS-UHFFFAOYSA-N,-0.6934588210958036
MEWROBDOTDPSRB-UHFFFAOYSA-N__JQKXKESUEPIJLZ-CVEARBPZSA-N,7.625748185109377
WGUKXZABYQIEQJ-UHFFFAOYSA-N__ZMBCCWVVEFXSGJ-SFHVURJKSA-N,5.738609082563436
HZMBPZQDUKQIOQ-UHFFFAOYSA-N__OAOYVNSJNBFYOM-UHFFFAOYSA-N,4.514877705758342
OAOYVNSJNBFYOM-UHFFFAOYSA-N__HZMBPZQDUKQIOQ-UHFFFAOYSA-N,5.257325051755927
MNDYABMCSWWYEZ-BZNPZCIMSA-N__YGYZVTFJQYYJDL-UHFFFAOYSA-N,-4.273813464982692
FFJVTAPCLJMRMB-UHFFFAOYSA-N__NWFRAMODMPGZOU-UHFFFAOYSA-N,4.760323700973154
SJVWENDBALDFLS-UHFFFAOYSA-N__MKBXEMLCGWWVQH-BYPYZUCNSA-N,1.7184587372036368
YGYZVTFJQYYJDL-UHFFFAOYSA-N__MNDYABMCSWWYEZ-BZNPZCIMSA-N,-6.938990186454996
WBFVRKITCFZXHX-UHFFFAOYSA-N__ACUBISZOWPMWTJ-LXGUWJNJSA-N,0.0115614718368724
ACUBISZOWPMWTJ-LXGUWJNJSA-N__WBFVRKITCFZXHX-UHFFFAOYSA-N,-1.952951860146172
UUQBPEYNLLECHH-UHFFFAOYSA-N__VJEYVLMZVMROHG-ZZHFZYNASA-N,-1.120160210541231
TYSJMCHSDDFHOU-ONGXEEELSA-N__GLORVCNECKUQOY-UHFFFAOYSA-N,-1.16082029933666
GLORVCNECKUQOY-UHFFFAOYSA-N__TYSJMCHSDDFHOU-ONGXEEELSA-N,-0.2383943605916751
LWOMBLLGGUDDFC-REZTVBANSA-N__OXBONJSBSQFEEF-MRVPVSSYSA-N,4.276499302258501
NWFRAMODMPGZOU-UHFFFAOYSA-N__FFJVTAPCLJMRMB-UHFFFAOYSA-N,6.066166142225246
VJEYVLMZVMROHG-ZZHFZYNASA-N__UUQBPEYNLLECHH-UHFFFAOYSA-N,-0.0214202073037909
QLMZJHCDLJSRCA-UHFFFAOYSA-N__VFGDESICHSZOJU-FLIBITNWSA-N,13.040392464076032
MZIRIMASBFRWLS-UHFFFAOYSA-N__QROCXZZKIIGDIB-RUZDIDTESA-N,1.8433981681466567
FIQZXNGXEJJNKM-UHFFFAOYSA-N__PFNMEVNERFMVHP-JKSUJKDBSA-N,-0.1257094121668683
VFGDESICHSZOJU-FLIBITNWSA-N__QLMZJHCDLJSRCA-UHFFFAOYSA-N,8.8403271547994
PFNMEVNERFMVHP-JKSUJKDBSA-N__FIQZXNGXEJJNKM-UHFFFAOYSA-N,8.897810766107883
OEGCVYIEXVDDRA-UHFFFAOYSA-N__CVWAVGXPMGINDA-UHFFFAOYSA-N,4.130228072569775
YMVFUCPOUJWMGN-UHFFFAOYSA-N__KYYKRZPDPYAMSJ-ZCFIWIBFSA-N,2.482149415175757
HXHDONIUIOOCOB-UHFFFAOYSA-N__JDMRZTVPHYCKFK-SSDOTTSWSA-N,-1.3817065866792615
JFOMNOWBUSXBAM-RPPIVITFSA-N__LRESSLRMDZDSJA-UHFFFAOYSA-N,6.331379703589083
LRESSLRMDZDSJA-UHFFFAOYSA-N__JFOMNOWBUSXBAM-RPPIVITFSA-N,-0.3452785880315371
HMFFYJVFQGWGJN-UHFFFAOYSA-N__AZROOENWIZRJIO-UHFFFAOYSA-N,-4.815897034484496
KYYKRZPDPYAMSJ-ZCFIWIBFSA-N__YMVFUCPOUJWMGN-UHFFFAOYSA-N,-0.5012921611129334
YMUOEOZCIWLZEC-UHFFFAOYSA-N__LCLMJMVLZSUTHT-UHFFFAOYSA-N,2.8378949340288178
LCLMJMVLZSUTHT-UHFFFAOYSA-N__YMUOEOZCIWLZEC-UHFFFAOYSA-N,4.705724553204565
CLCBVXUZHSAEON-UHFFFAOYSA-N__UULNMCREDKNTSV-UHFFFAOYSA-N,0.1081990013341785
OBFAUSZXGLZUNA-UHFFFAOYSA-N__HVMGBEUXCXYTQO-UHFFFAOYSA-N,3.585224394784392
UULNMCREDKNTSV-UHFFFAOYSA-N__CLCBVXUZHSAEON-UHFFFAOYSA-N,-4.967727423817292
HVMGBEUXCXYTQO-UHFFFAOYSA-N__OBFAUSZXGLZUNA-UHFFFAOYSA-N,1.8208637388815847
AEPYMMPLKGNMAN-HNNXBMFYSA-N__IQAQDCSPZPRHMO-GFCCVEGCSA-N,2.062433269183497
FCKQJZOOWSGXQF-UHFFFAOYSA-N__HHNIRKNLOCWPKT-FIXSFTCYSA-N,8.010735841292671
YEKCOSRAMKTEDM-UHFFFAOYSA-N__LEMQWZFMSSUXRH-UHFFFAOYSA-N,-4.977521557702967
LEMQWZFMSSUXRH-UHFFFAOYSA-N__YEKCOSRAMKTEDM-UHFFFAOYSA-N,0.3700877897765196
IQAQDCSPZPRHMO-GFCCVEGCSA-N__AEPYMMPLKGNMAN-HNNXBMFYSA-N,6.293078827282835
GMJJPFRYJBOKAH-UHFFFAOYSA-N__JVXQPBNNBVIELJ-UHFFFAOYSA-N,-0.899337715896183
JZWOVVZTCVFVNJ-UHFFFAOYSA-N__KNOIAAZEDXKDDV-UHFFFAOYSA-N,-0.3121901356732232
KNOIAAZEDXKDDV-UHFFFAOYSA-N__JZWOVVZTCVFVNJ-UHFFFAOYSA-N,-1.026399084211417
LQUQCJBNCKJYOF-UHFFFAOYSA-N__XLVLQMBIMUDXLW-JKSUJKDBSA-N,0.3318438334565479
FYDRAMIGNOVTNL-UHFFFAOYSA-N__RKKNLCWZWLSQRG-UHFFFAOYSA-N,7.148519262124493
FUZKWZGNZXBEPS-UHFFFAOYSA-N__VVJCZOQWSZOFFI-UHFFFAOYSA-N,-1.835226146182776
XLVLQMBIMUDXLW-JKSUJKDBSA-N__LQUQCJBNCKJYOF-UHFFFAOYSA-N,1.303801637514201
VVJCZOQWSZOFFI-UHFFFAOYSA-N__FUZKWZGNZXBEPS-UHFFFAOYSA-N,5.8214175062664655
RKKNLCWZWLSQRG-UHFFFAOYSA-N__FYDRAMIGNOVTNL-UHFFFAOYSA-N,4.729540685765891
AZVGXLHKXCFKKZ-UHFFFAOYSA-N__ZPOPZQNXMXZBCK-AWEZNQCLSA-N,0.3126077212623113
ZPOPZQNXMXZBCK-AWEZNQCLSA-N__AZVGXLHKXCFKKZ-UHFFFAOYSA-N,-5.93685665895772
NXDHWWORWZQVSF-NWQNCHOTSA-N__SFOYFBWVCVYGDC-UHFFFAOYSA-N,6.551733507404254
KQKQWHIWJBFSIW-UHFFFAOYSA-N__CZXXNZAJKFNOJB-KZULUSFZSA-N,4.457827916853227
CZXXNZAJKFNOJB-KZULUSFZSA-N__KQKQWHIWJBFSIW-UHFFFAOYSA-N,0.4735851123111294
SFOYFBWVCVYGDC-UHFFFAOYSA-N__NXDHWWORWZQVSF-NWQNCHOTSA-N,3.602582264499743
TVNYKVSEAXYQNR-HHXXYDBFSA-N__MJAQJEUMJZIRKV-UHFFFAOYSA-N,4.6501536234086185
MJAQJEUMJZIRKV-UHFFFAOYSA-N__TVNYKVSEAXYQNR-HHXXYDBFSA-N,-0.669898118287324
GHLHRXCJZZQVFC-GFCCVEGCSA-N__OCXRRPNURJQWGJ-GOSISDBHSA-N,4.223422192015138
OCXRRPNURJQWGJ-GOSISDBHSA-N__GHLHRXCJZZQVFC-GFCCVEGCSA-N,2.7759063559302293
CCMHKWPNIQOQER-QMMMGPOBSA-N__UCOPVNMEAHJEPP-GOSISDBHSA-N,2.927843728504363
HHOVUDIWFGCCLG-UHFFFAOYSA-N__NJRDVWJMOBEKPO-UHFFFAOYSA-N,3.48982813188955
WVMDULGGXQFFPT-UHFFFAOYSA-N__RPULQAJMRZFSBN-UHFFFAOYSA-N,-1.5876944401136102
WASIEJCSDPOPOG-UHFFFAOYSA-N__KKPZOORNOMLKJN-UHFFFAOYSA-N,-1.4983084632490782
RPULQAJMRZFSBN-UHFFFAOYSA-N__WVMDULGGXQFFPT-UHFFFAOYSA-N,5.0105280299473165
NJRDVWJMOBEKPO-UHFFFAOYSA-N__HHOVUDIWFGCCLG-UHFFFAOYSA-N,4.234525845386278
VSXXCUHFPOIFLW-RNFRBKRXSA-N__SIQCRKPQRNZNQY-YVYGCQPASA-N,2.6554651833610627
QVCFVAMBNWVDTM-UHFFFAOYSA-N__UEMZWSAUWIPEOF-UHFFFAOYSA-N,0.0175555206962047
UEMZWSAUWIPEOF-UHFFFAOYSA-N__QVCFVAMBNWVDTM-UHFFFAOYSA-N,-1.5175071340839557
MSIPOOPCNGIGHA-UHFFFAOYSA-N__SUMIQRWMWXOTKM-UHFFFAOYSA-N,2.885304938302609
NLDPYCQPTYIDIM-UHFFFAOYSA-N__IEBSKKJGEXBSOH-UHFFFAOYSA-N,-1.117887028505643
IEBSKKJGEXBSOH-UHFFFAOYSA-N__NLDPYCQPTYIDIM-UHFFFAOYSA-N,-3.3449768717809287
IPGFUSWVIQFWJB-UHFFFAOYSA-N__BSQKVVCZPZXVHQ-IBGZPJMESA-N,2.0768081779592
BSQKVVCZPZXVHQ-IBGZPJMESA-N__IPGFUSWVIQFWJB-UHFFFAOYSA-N,5.388021758814547
WXMZIEQBEIEDIC-UHFFFAOYSA-N__QJGGICTVRUEPHK-UHFFFAOYSA-N,4.35031985984981
AWZCFVFYECJSGE-UHFFFAOYSA-N__ZQXWEJIILPKRDD-UHFFFAOYSA-N,1.8830816756166475
GRTASGQMGAAMPO-LBPRGKRZSA-N__DUDSPKYAUBAHAJ-UHFFFAOYSA-N,1.7002647819508694
ZQXWEJIILPKRDD-UHFFFAOYSA-N__AWZCFVFYECJSGE-UHFFFAOYSA-N,-2.9990366015538688
SUMIQRWMWXOTKM-UHFFFAOYSA-N__MSIPOOPCNGIGHA-UHFFFAOYSA-N,4.817537082921442
DUDSPKYAUBAHAJ-UHFFFAOYSA-N__GRTASGQMGAAMPO-LBPRGKRZSA-N,5.554749565110058
QKVANWAMRDGNCB-HNQUOIGGSA-N__VQLYAWSCAQAXIE-UHFFFAOYSA-N,-2.43063510267635
OTVKNTOKCUQMBW-WJDWOHSUSA-N__WNGCKHAUEQZELL-DHIUTWEWSA-N,8.583277843952292
HEBAMBNZMDBBCN-UHFFFAOYSA-N__BIUYWIKFGQHAFZ-UHFFFAOYSA-N,1.8163332948770083
BIUYWIKFGQHAFZ-UHFFFAOYSA-N__HEBAMBNZMDBBCN-UHFFFAOYSA-N,1.81932736916586
IJMWATVGXSFAPI-WTQRLHSKSA-N__AJDFGSKDPDCVJT-AWUSXSSMSA-N,2.533147070046103
FDZDKYGSFCSSTH-SRQIZXRXSA-N__UGLYOULDVGUXNR-UHFFFAOYSA-N,-0.6280007053993026
UGLYOULDVGUXNR-UHFFFAOYSA-N__FDZDKYGSFCSSTH-SRQIZXRXSA-N,0.1164417561941214
AVJKIZPFXSNQGR-UHFFFAOYSA-N__YBUWNQQEMJWYOU-UHFFFAOYSA-N,8.481975406779538
UFHGAVBAFLTNGL-UHFFFAOYSA-N__JUWIEFLKUUUYDC-KBPLZSHQSA-N,1.0711202064366476
CIJDIUWVFVOEQO-VIFPVBQESA-N__KBYGRVPHPPULAZ-UHFFFAOYSA-N,-2.7935898951240574
BQMWDBYXMLPGLY-UHFFFAOYSA-N__QMQVTLCGBNBAIA-HSZRJFAPSA-N,8.058497604709599
QMQVTLCGBNBAIA-HSZRJFAPSA-N__BQMWDBYXMLPGLY-UHFFFAOYSA-N,10.978222798804396
YRMHYXNLJWSXPV-UHFFFAOYSA-N__IODALEMIQSPMTO-UHFFFAOYSA-N,7.907151006367627
OSJNSIASMGSTCD-UHFFFAOYSA-N__XHHLFMXQFIMLDW-HNNXBMFYSA-N,1.0058797797928074
OZGRFPZYTKHWMZ-SSDOTTSWSA-N__LPDCYGMAGIUPEX-OXQOHEQNSA-N,-0.6711081099799862
APZOTKNESUNLDF-UHFFFAOYSA-N__YBMBQBQEIDNATH-RITPCOANSA-N,-5.52333709557102
XQAJDQXVKKNFGO-UHFFFAOYSA-N__IWPMLMOAVQTZIL-UHFFFAOYSA-N,1.3070115914702565
XHHLFMXQFIMLDW-HNNXBMFYSA-N__OSJNSIASMGSTCD-UHFFFAOYSA-N,1.2917781023646353
BMZRMCZALYRPDO-UHFFFAOYSA-N__SQXZCXNLZWAFNZ-UHFFFAOYSA-N,5.774235366207883
YBMBQBQEIDNATH-RITPCOANSA-N__APZOTKNESUNLDF-UHFFFAOYSA-N,0.7719639955589606
LPQOVQXZSSRPGG-UHFFFAOYSA-N__SGTDAGQEFIZCHS-UHFFFAOYSA-N,5.845624971170591
SGTDAGQEFIZCHS-UHFFFAOYSA-N__LPQOVQXZSSRPGG-UHFFFAOYSA-N,4.211759772264359
UEMDVAXTMKGPQM-UHFFFAOYSA-N__AAMZJKGABLTRPA-GRDNDAEWSA-N,2.0456852729434027
HCSSTOCEIKJNBZ-QHCPKHFHSA-N__ABLUHBDTSLIOBS-UHFFFAOYSA-N,5.530319919257389
ABLUHBDTSLIOBS-UHFFFAOYSA-N__HCSSTOCEIKJNBZ-QHCPKHFHSA-N,3.9674442057198096
GFZDBDKVICWVNR-GXTWGEPZSA-N__AEQLRKFXMLFUHR-UHFFFAOYSA-N,0.4736694861886198
WCWBJHIPYOABCF-FRFSOERESA-N__OIJYXIQKCKMBHW-UHFFFAOYSA-N,2.0764183570878227
PHMMVZKHVFBCKH-UHFFFAOYSA-N__OJZZMRKWADCKOJ-UHFFFAOYSA-N,5.318651808118797
AEQLRKFXMLFUHR-UHFFFAOYSA-N__GFZDBDKVICWVNR-GXTWGEPZSA-N,-1.7028756750132532
FZLVIMFWXMYOFH-UHFFFAOYSA-N__XXYGFYVVUPJJQV-RVJXMIQCSA-N,5.417727269323277
XXYGFYVVUPJJQV-RVJXMIQCSA-N__FZLVIMFWXMYOFH-UHFFFAOYSA-N,0.4090293801525385
RHLROUYSHDNBEQ-UHFFFAOYSA-N__CIJOWIFHFMNGAF-UHFFFAOYSA-N,6.8503248397421554
FZTUDUORYUNSNW-UHFFFAOYSA-N__VAIWVCGCKBMHBD-KDDQHCCQSA-N,4.482723037976096
OJZZMRKWADCKOJ-UHFFFAOYSA-N__PHMMVZKHVFBCKH-UHFFFAOYSA-N,6.436317605134203
VAIWVCGCKBMHBD-KDDQHCCQSA-N__FZTUDUORYUNSNW-UHFFFAOYSA-N,11.218652974786028
UVFUODFJJIRUOY-GXSJLCMTSA-N__JHYNRTOWQBGWSF-UHFFFAOYSA-N,4.723540286329578
NRXZYQITMVTQIB-FPLPWBNLSA-N__JPKLCRYZVAPKTM-UHFFFAOYSA-N,-0.7264577091950362
ANILYRSUQMBFQB-UHFFFAOYSA-N__XBDISJHMFAIUJS-UHFFFAOYSA-N,-2.764330717767352
JPKLCRYZVAPKTM-UHFFFAOYSA-N__NRXZYQITMVTQIB-FPLPWBNLSA-N,-0.3080782831099696
RGVHGGLFANJEPO-UHFFFAOYSA-N__WIEFWLAWEUALNK-UHFFFAOYSA-N,-0.0805136090136158
BHGKCONBEYDQIQ-UHFFFAOYSA-N__CRQDBRRXNFKMOF-UHFFFAOYSA-N,4.534800477985598
DOFUJEDHYCYSRV-UHFFFAOYSA-N__XROMMMJXLWJLKH-UHFFFAOYSA-N,-1.8879932103843384
IUWALDZCOLQEAC-OWCLPIDISA-N__SJYXKPAUQJJKMN-UHFFFAOYSA-N,-2.901871291590136
WZADISVQMVSYHV-UHFFFAOYSA-N__KURLTBZKCILABZ-UHFFFAOYSA-N,4.545924820188082
KURLTBZKCILABZ-UHFFFAOYSA-N__WZADISVQMVSYHV-UHFFFAOYSA-N,4.336048714618073
UWCGPAYEXSULJT-VGOFRKELSA-N__VGLVKRYEARPNIW-UHFFFAOYSA-N,4.3323879219882535
BDIRVSVMIUTSSA-UHFFFAOYSA-N__BGHXVWRXNFRYNQ-UHFFFAOYSA-N,2.38058955559335
BGHXVWRXNFRYNQ-UHFFFAOYSA-N__BDIRVSVMIUTSSA-UHFFFAOYSA-N,-0.0333460735200022
DQBFDFOGYRQCGU-UHFFFAOYSA-N__IUFMSQVJZSHYJM-UHFFFAOYSA-N,3.280768750226931
BAVLGSHPQUYWPQ-UHFFFAOYSA-N__NGHZVTLQDKSVRM-MHZLTWQESA-N,2.6120549941791604
GNSJWUIEMLUXTM-ZAEYVGPMSA-N__PXBDHWPHPJJVGR-UHFFFAOYSA-N,-2.433273730993203
PXBDHWPHPJJVGR-UHFFFAOYSA-N__GNSJWUIEMLUXTM-ZAEYVGPMSA-N,2.1210047280723843
IUFMSQVJZSHYJM-UHFFFAOYSA-N__DQBFDFOGYRQCGU-UHFFFAOYSA-N,1.2517969319036737
NYFPSKTVVXUQEI-UHFFFAOYSA-N__XUAGKAVMQAJKQA-UHFFFAOYSA-N,-0.0111547726658224
KCNGPUCVZMPZTO-UHFFFAOYSA-N__HOSPVZCPGGJUMB-UHFFFAOYSA-N,3.728606469500571
OZYCESILAZOIIH-UHFFFAOYSA-N__WPVFILCDNJKGIR-ZDUSSCGKSA-N,4.361954417504368
WPVFILCDNJKGIR-ZDUSSCGKSA-N__OZYCESILAZOIIH-UHFFFAOYSA-N,0.6385280314428055
WSYSWQHHQLFGRQ-UHFFFAOYSA-N__XHXTXCMCBVJNQH-QHHAFSJGSA-N,3.121000165207159
IDZZUIFSNAQJLC-UHFFFAOYSA-N__TWFMOOQBOOBVCL-UHFFFAOYSA-N,8.739706549112363
XUAGKAVMQAJKQA-UHFFFAOYSA-N__NYFPSKTVVXUQEI-UHFFFAOYSA-N,-0.6499039198860859
HOSPVZCPGGJUMB-UHFFFAOYSA-N__KCNGPUCVZMPZTO-UHFFFAOYSA-N,2.5488651398002227
NGHZVTLQDKSVRM-MHZLTWQESA-N__BAVLGSHPQUYWPQ-UHFFFAOYSA-N,3.4812003685114514
MDVWLSQVKUESGE-UHFFFAOYSA-N__NSTLAFKUPUOFBO-DAFXYXGESA-N,5.821362848457883
XHXTXCMCBVJNQH-QHHAFSJGSA-N__WSYSWQHHQLFGRQ-UHFFFAOYSA-N,0.3684928004093161
RXHTWOUYGYZSGU-UHFFFAOYSA-N__RXGZWGASGHIHFB-UHFFFAOYSA-N,-1.0035503049170833
RXGZWGASGHIHFB-UHFFFAOYSA-N__RXHTWOUYGYZSGU-UHFFFAOYSA-N,6.86927133997234
BIHDWMDZWOAUPD-UHFFFAOYSA-N__VPJZFWBKRUGAMF-YBJDMEARSA-N,2.9186073457292685
PYMYPHUHKUWMLA-OVEKKEMJSA-N__KAYICJKNGFCHMY-UHFFFAOYSA-N,-1.9865253175520727
MLSUJKFFSZWGEF-TVPGTPATSA-N__ZWFHNJBTOPHPPO-UHFFFAOYSA-N,3.848698459925808
YYDDJZUCNNMWEQ-UHFFFAOYSA-N__XTWQHNIRAMDPIF-UHFFFAOYSA-N,4.480690463114666
WVVDYWSPWQTEFQ-UHFFFAOYSA-N__LHYZKYZQBCWZML-UHFFFAOYSA-N,2.4963570585613577
VPJZFWBKRUGAMF-YBJDMEARSA-N__BIHDWMDZWOAUPD-UHFFFAOYSA-N,1.2053596769504389
XTWQHNIRAMDPIF-UHFFFAOYSA-N__YYDDJZUCNNMWEQ-UHFFFAOYSA-N,1.541036646948058
ZWFHNJBTOPHPPO-UHFFFAOYSA-N__MLSUJKFFSZWGEF-TVPGTPATSA-N,1.819228823825916
LHYZKYZQBCWZML-UHFFFAOYSA-N__WVVDYWSPWQTEFQ-UHFFFAOYSA-N,0.7728243311989429
KQRXEQPHXJGWGQ-QWWZWVQMSA-N__TZVTZTBVROMDCK-UHFFFAOYSA-N,-7.180156028900352
TZVTZTBVROMDCK-UHFFFAOYSA-N__KQRXEQPHXJGWGQ-QWWZWVQMSA-N,0.4932961632902555
QQQNSMCUQGCKBE-MUAVYFROSA-N__YTRWKYMBFCPMQW-UHFFFAOYSA-N,4.62251469618934
DHVYLYFSTLOVFO-UHFFFAOYSA-N__FMZJZNDHACPUOH-UHFFFAOYSA-N,-4.40627920819525
FMZJZNDHACPUOH-UHFFFAOYSA-N__DHVYLYFSTLOVFO-UHFFFAOYSA-N,0.6549760475114289
HFZONBHIQMATMI-KUHUBIRLSA-N__NLXCAFMURVDCTA-UHFFFAOYSA-N,2.35303233700531
HIVQUNZRZVIVAF-UHFFFAOYSA-N__VFPUCPVAZOMVLI-OSMVPFSASA-N,-2.828848292031965
YODRTCBONYVDAP-APPZFPTMSA-N__GCJFSMTUUKUGRS-GOEBONIOSA-N,2.7693269413053856
NLXCAFMURVDCTA-UHFFFAOYSA-N__HFZONBHIQMATMI-KUHUBIRLSA-N,5.57430412486431
PXDVVYNWYOWHHA-UHFFFAOYSA-N__IYYDTWBHCDZASG-UHFFFAOYSA-N,2.077528377291242
IYYDTWBHCDZASG-UHFFFAOYSA-N__PXDVVYNWYOWHHA-UHFFFAOYSA-N,2.123460786307648
JBIYMPLWHKNBRD-HWQGJZFYSA-N__YUPVAJWWKRYZCW-UHFFFAOYSA-N,3.708050992211456
YUPVAJWWKRYZCW-UHFFFAOYSA-N__JBIYMPLWHKNBRD-HWQGJZFYSA-N,-3.49284608952425
FDEZPWPLBRQMBM-RTKIROINSA-N__FVTQNKVLOPTSSS-UHFFFAOYSA-N,5.053708330653776
AONDKFPREGDQJU-UHFFFAOYSA-N__ISKQXGFGMAQMHF-UHFFFAOYSA-N,-10.167599039118404
CTYUGMUMTCAAMB-UHFFFAOYSA-N__POOQCHBVFZPCGQ-UHFFFAOYSA-N,6.3035662120145055
KTNRJTODXLKABI-UHFFFAOYSA-N__GSPPOLJWQCVWGV-UHFFFAOYSA-N,1.511519192105641
GSPPOLJWQCVWGV-UHFFFAOYSA-N__KTNRJTODXLKABI-UHFFFAOYSA-N,6.877192647372104
POOQCHBVFZPCGQ-UHFFFAOYSA-N__CTYUGMUMTCAAMB-UHFFFAOYSA-N,-0.2752663838294835
PSIBHSGIMAMGDS-SECBINFHSA-N__XPSNLTULKMDQBL-UHFFFAOYSA-N,7.488697831969978
ZVQQEKOMEAHKRI-SNVBAGLBSA-N__FJOAAIORZKGFTR-UHFFFAOYSA-N,1.8814434357804224
XPSNLTULKMDQBL-UHFFFAOYSA-N__PSIBHSGIMAMGDS-SECBINFHSA-N,4.616559025092533
IGIZPFDITHXNLM-GXSJLCMTSA-N__GCWBTUWFUJGQCI-LSDHHAIUSA-N,5.47503920966665
GXJAVMPOAHTDPR-HOFKKMOUSA-N__CRKAHACVDRTELP-BVPGBDNSSA-N,0.0466077323360356
CRKAHACVDRTELP-BVPGBDNSSA-N__GXJAVMPOAHTDPR-HOFKKMOUSA-N,-0.0184630041571337
FJOAAIORZKGFTR-UHFFFAOYSA-N__ZVQQEKOMEAHKRI-SNVBAGLBSA-N,1.499957276393978
GCWBTUWFUJGQCI-LSDHHAIUSA-N__IGIZPFDITHXNLM-GXSJLCMTSA-N,7.740433830309767
HYSFKXWXWJAQGO-UHFFFAOYSA-N__IQXHMGSFXYBOKQ-UHFFFAOYSA-N,1.46561271523613
OXYOFULKSNCNRY-UHFFFAOYSA-N__ZGUIYFQDNIEIIN-NSHDSACASA-N,-1.590327699985311
GEQCKHGKYVHXMW-UHFFFAOYSA-N__DVBKQARKBXOSRK-UHFFFAOYSA-N,-3.0045451932154337
ZGUIYFQDNIEIIN-NSHDSACASA-N__OXYOFULKSNCNRY-UHFFFAOYSA-N,0.3475193971700356
WPTVBWCOQFNKFC-UHFFFAOYSA-N__FIHPBZMPGOPXPU-QWWZWVQMSA-N,-1.1404236592384354
LZDKOGFLVFONEP-UHFFFAOYSA-N__UQQUQSGYRBEXIW-BHUNQDJPSA-N,-1.3031352473352442
FIHPBZMPGOPXPU-QWWZWVQMSA-N__WPTVBWCOQFNKFC-UHFFFAOYSA-N,-3.541727008390266
UQQUQSGYRBEXIW-BHUNQDJPSA-N__LZDKOGFLVFONEP-UHFFFAOYSA-N,-2.8215103355543008
UBFWZBBMHVFOEH-UHFFFAOYSA-N__RPBLGJIZWYOXAD-UHFFFAOYSA-N,2.454412162057044
JOZUAQLZAYXPAO-UHFFFAOYSA-N__LLXFVGUYUVLJFZ-LLVKDONJSA-N,-5.322356140356907
IEPNFZPCUOWUQX-UHFFFAOYSA-N__FCJWRVKJNYBSAG-UHFFFAOYSA-N,5.054300159784125
KDYISTMVYQDPBM-UHFFFAOYSA-N__QMBDQSXXSRHQLR-UHFFFAOYSA-N,-1.398907304101634
HNYKSEQGRXPQMT-UHFFFAOYSA-N__GAZBSMBYRZHGGS-UHFFFAOYSA-N,-4.764944381112861
WUJTYXOVIWCQMZ-UHFFFAOYSA-N__LTVMIUHTQIUJKI-GFCCVEGCSA-N,4.465532721434664
QCKJPZJMVGCELO-IQMFZBJNSA-N__DZKCTRAWPBJNQD-UHFFFAOYSA-N,6.935825124134718
DZKCTRAWPBJNQD-UHFFFAOYSA-N__QCKJPZJMVGCELO-IQMFZBJNSA-N,13.179869623588356
DDNPZMCJAICPTR-UHFFFAOYSA-N__QELCQLRQTBYFDI-UHFFFAOYSA-N,0.6223433437726296
YZWFWNJKDWHWPB-UHFFFAOYSA-N__KBNJRNZXMHECIW-CHWSQXEVSA-N,3.8889679336264495
KBNJRNZXMHECIW-CHWSQXEVSA-N__YZWFWNJKDWHWPB-UHFFFAOYSA-N,8.674013494598398
JLESQNOMDCCBRA-UHFFFAOYSA-N__GECSOHWDIWKMKJ-UHFFFAOYSA-N,0.5944301608592922
SFSKIYGNOLDDSU-UHFFFAOYSA-N__QVESQJFDDKJGGX-UHFFFAOYSA-N,5.415999688021441
GIDSRCNDPMTLCS-QPJJXVBHSA-N__RHPZKIABLSLIJM-UHFFFAOYSA-N,-0.2140133310849552
LTQFWVFZCOJHPR-UHFFFAOYSA-N__IJMWATVGXSFAPI-WTQRLHSKSA-N,-7.372964057850225
MWQMGGIEQKDMFH-UHFFFAOYSA-N__QFUFLVLIJFDNNG-FXBPXSCXSA-N,-3.1739318680046
KJZCRXGCKLLECU-UHFFFAOYSA-N__NXGJUTFZCDKORT-SECBINFHSA-N,1.5581652477007724
ZDTDUZHOOLHUGH-UHFFFAOYSA-N__QQWPBGXVOHRBNO-KRWDZBQOSA-N,2.624783481611652
UMEBYMXTCXKKDU-UHFFFAOYSA-N__UDDZOYUEAAVSOX-UHFFFAOYSA-N,7.8222784309129745
CLMYXSXOZCKRFD-UHFFFAOYSA-N__ZCOXUYADDKQNAP-UHFFFAOYSA-N,-4.297264825064969
SSVLQZQUBQIFQF-UHFFFAOYSA-N__ZPOPZQNXMXZBCK-AWEZNQCLSA-N,1.047579205476593
VMCZDXQWQDRERZ-SNVBAGLBSA-N__GJPBJDRVNHKBOO-UHFFFAOYSA-N,-1.7091087944994632
GVCNAOUSFUINRO-UHFFFAOYSA-N__RCGQAPUWWHXBOK-SNVBAGLBSA-N,5.877969470760367
RCGQAPUWWHXBOK-SNVBAGLBSA-N__GVCNAOUSFUINRO-UHFFFAOYSA-N,0.9437094330413331
XJKRAZDUJSUQBC-UHFFFAOYSA-N__UKBLVSCHMCLGNC-UHFFFAOYSA-N,8.983881084608113
KARNWFXMLNSIDP-GFCCVEGCSA-N__YABJOGBGPONFRJ-UHFFFAOYSA-N,11.33757835132875
PFFFDBJDGFKRDD-UHFFFAOYSA-N__VLAFSCYAHZZNJZ-YOEHRIQHSA-N,10.179047547032615
ZWEOHKMEKGYZOJ-KRWDZBQOSA-N__LNKRTPMKIUMNRX-VPHXOMNUSA-N,3.179648243219844
RZBPVJLXOJPDLM-UHFFFAOYSA-N__VUDVVWRFVHGPGC-PBHICJAKSA-N,7.122500847144211
UCGYKIRAXIWRAJ-YPKPFQOOSA-N__HSHFKSCPDSBLHP-UHFFFAOYSA-N,4.101164266466696
ZIDZZVWOBHWTHV-UHFFFAOYSA-N__SCIXVAYRBIGSNR-UHFFFAOYSA-N,10.096442395868378
GKHSWZRMUXQXAL-SVBPBHIXSA-N__XCFSCUOBNNEQIJ-UHFFFAOYSA-N,-2.0898998948672283
MICNWMHXEJKBJE-UHFFFAOYSA-N__XSUVKGWXQAKJBQ-UHFFFAOYSA-N,0.4015613067238651
UBZNGFAQLRPYIH-UHFFFAOYSA-N__RUSQZYZPRBXVOR-UHFFFAOYSA-N,6.666057669165027
RUSQZYZPRBXVOR-UHFFFAOYSA-N__UBZNGFAQLRPYIH-UHFFFAOYSA-N,7.573349523714786
IGQGBBWDUSYYBJ-UHFFFAOYSA-N__RNWORIGFUVXEMI-SQNIBIBYSA-N,-2.190845887670734
NMLSBAFOWJHGQW-UHFFFAOYSA-N__NUFXDTNAPANSBV-UHFFFAOYSA-N,-2.478253040602272
HGVSBBRTNYIZOG-UHFFFAOYSA-N__BKSJOIBHYOKDTJ-UHFFFAOYSA-N,-2.108408830648358
LXYMWHMUVWWGOY-YFKPBYRVSA-N__TZLQTNOEKWOZBP-UHFFFAOYSA-N,4.106974945813241
TZLQTNOEKWOZBP-UHFFFAOYSA-N__LXYMWHMUVWWGOY-YFKPBYRVSA-N,-2.629939585860102
WZPJREUGWMGZBG-UHFFFAOYSA-N__UIRZQOFYQKICOZ-UHFFFAOYSA-N,-2.861912394983035
UIRZQOFYQKICOZ-UHFFFAOYSA-N__WZPJREUGWMGZBG-UHFFFAOYSA-N,-4.842437886098202
UDDNPIWAYNMUMF-UHFFFAOYSA-N__DOXUXWWPICWWHR-UHFFFAOYSA-N,-1.5773516495567887
ZLGMULQFLDCPSQ-UHFFFAOYSA-N__OVBKCUZGZBSTEY-UHFFFAOYSA-N,-4.177437037589942
CVFHAFBKTPHPRD-UHFFFAOYSA-N__RKXAVQSRHFYTGN-UHFFFAOYSA-N,0.908323279023978
QQHPYHUPOSUAKA-RJRFIUFISA-N__KPDYWOSKTDVTBF-QWWZWVQMSA-N,-7.308101081440016
WPJRFCZKZXBUNI-NGJCXOISSA-N__SVUJRGIZGQQCQY-UHFFFAOYSA-N,-2.9819205848155463
NWAWZSODZWQEFE-UHFFFAOYSA-N__YWHVCDQBGFBHPU-UHFFFAOYSA-N,2.062060591566947
OGJQWKRGBFTVCX-UHFFFAOYSA-N__YJUBWEPLDCDCPQ-UHFFFAOYSA-N,-0.5872879754935313
MBBHSCPMZWNRJT-UHFFFAOYSA-N__LEMCNWYTCJPYAJ-UHFFFAOYSA-N,2.1219495587244435
WAHOIGOXVYLNCX-PWMMMKRESA-N__IUUNSQKFOUDMLF-SFHVURJKSA-N,-3.711003106492728
KQTFKLCUYAEJFV-UHFFFAOYSA-N__OBRHPMSCWXMOQI-CAWMZFRYSA-N,0.5333891415805125
OHFHKNXSRIUTDH-UHFFFAOYSA-N__PNTUBIZURYUWAW-UHFFFAOYSA-N,-3.964312746404788
FFCXDPNAZWNARC-UHFFFAOYSA-N__OGYLZTVNTDIFHE-PKDNWHCCSA-N,10.396877236234364
GCIAVGNLFPRNHE-UHFFFAOYSA-N__SFVRACZBYCLENG-SUMWQHHRSA-N,-4.758051083590245
LZLASHVOFOBXCU-GHMZBOCLSA-N__VWCSQEBATWOZKK-UHFFFAOYSA-N,3.0290326902497564
QPKZYHYZLXNIDU-UHFFFAOYSA-N__SFONJVBALSHVOL-UHFFFAOYSA-N,0.1956513427569967
PCCGBRLTOXYBON-SQHAQQRYSA-N__UIZLOLXIMADELQ-LBPRGKRZSA-N,2.17709272355972
OGYLZTVNTDIFHE-PKDNWHCCSA-N__FFCXDPNAZWNARC-UHFFFAOYSA-N,-0.6425091604903755
SFVRACZBYCLENG-SUMWQHHRSA-N__GCIAVGNLFPRNHE-UHFFFAOYSA-N,0.9415938744252296
UIZLOLXIMADELQ-LBPRGKRZSA-N__PCCGBRLTOXYBON-SQHAQQRYSA-N,4.731447638639797
SFONJVBALSHVOL-UHFFFAOYSA-N__QPKZYHYZLXNIDU-UHFFFAOYSA-N,0.2061113025613181
GGCOZEQTPHSSFZ-UHFFFAOYSA-N__MUECCMJWJSSBRQ-MFKMUULPSA-N,3.366589435242855
VWCSQEBATWOZKK-UHFFFAOYSA-N__LZLASHVOFOBXCU-GHMZBOCLSA-N,-1.121901349785238
RQBIHRVRBVFENU-UHFFFAOYSA-N__DUUZFSHSDUBHIK-UHFFFAOYSA-N,7.8849709262287
MUECCMJWJSSBRQ-MFKMUULPSA-N__GGCOZEQTPHSSFZ-UHFFFAOYSA-N,6.857049757265263
VQMYUHHEMXBLFA-BGPJRJDNSA-N__IICPATBIPVYNJE-MRTLOADZSA-N,1.8089944681279568
KSRUUKCNGKDLJC-BMFZPTHFSA-N__YVEBUXBCFMSGRW-UHFFFAOYSA-N,-1.516815130217935
YVEBUXBCFMSGRW-UHFFFAOYSA-N__KSRUUKCNGKDLJC-BMFZPTHFSA-N,1.9739674792880624
VCDDHLXCGCQCCJ-UHFFFAOYSA-N__IITMEIXXVPPOON-UHFFFAOYSA-N,-1.6515559852013884
IITMEIXXVPPOON-UHFFFAOYSA-N__VCDDHLXCGCQCCJ-UHFFFAOYSA-N,-4.948218214412237
IICPATBIPVYNJE-MRTLOADZSA-N__VQMYUHHEMXBLFA-BGPJRJDNSA-N,-5.561297486740041
RTNZMCCAPWYVBP-VQVTYTSYSA-N__JKDPFEBZVIXIEZ-IRXDYDNUSA-N,8.707682003417574
JFRUSCPOUKIEAD-VAYJURFESA-N__WAZCEPQEROTALL-UHFFFAOYSA-N,0.1481872475388274
ZBIUQJLCLCVHRZ-KRWDZBQOSA-N__OQZNMXMJEQEAKT-UHFFFAOYSA-N,7.134324525850187
OQZNMXMJEQEAKT-UHFFFAOYSA-N__ZBIUQJLCLCVHRZ-KRWDZBQOSA-N,-5.269699843033337
VXWTZGQQMFNDIJ-UHFFFAOYSA-N__CWULVKODASMJBY-MRVPVSSYSA-N,3.772352046322226
IQCVYDLBCXPNGM-UXHICEINSA-N__FEFZPJNXPTZDLS-UHFFFAOYSA-N,0.8255630901428892
CWULVKODASMJBY-MRVPVSSYSA-N__VXWTZGQQMFNDIJ-UHFFFAOYSA-N,9.885387047814234
SPEQCMRPJVTKDX-UHFFFAOYSA-N__XOMYPXJYUMGVJZ-DGWZTRNLSA-N,-0.3126394645163758
KQSZTYINJDKJML-UHFFFAOYSA-N__GSKQZZVIQOVSJI-UHFFFAOYSA-N,1.279951848514283
QZWGXNYYSLXAAC-MRXNPFEDSA-N__XWQONNFCIVNROV-UHFFFAOYSA-N,2.3762834925782466
WXTKGRMOKACGDM-UHFFFAOYSA-N__GAIMIPIKEIREGT-UHFFFAOYSA-N,5.433260784115013
GAIMIPIKEIREGT-UHFFFAOYSA-N__WXTKGRMOKACGDM-UHFFFAOYSA-N,3.2788387914125203
VRAOHXWLGGQXHJ-UHFFFAOYSA-N__OYITWICZVIKYRE-UHFFFAOYSA-N,-0.4264759850898544
OYITWICZVIKYRE-UHFFFAOYSA-N__VRAOHXWLGGQXHJ-UHFFFAOYSA-N,6.168877930083447
XOMYPXJYUMGVJZ-DGWZTRNLSA-N__SPEQCMRPJVTKDX-UHFFFAOYSA-N,4.085799675567333
XWQONNFCIVNROV-UHFFFAOYSA-N__QZWGXNYYSLXAAC-MRXNPFEDSA-N,0.7303610543576864
LOFJYQHDIZJMQD-UHFFFAOYSA-N__WLJDEQYURTUSDN-UHFFFAOYSA-N,-3.1882913463171576
KFBLKWDSKSAODG-UHFFFAOYSA-N__NDPDUXWXBFUXCQ-UHFFFAOYSA-N,7.101110663382865
VDRCBNMYHQNDKC-VOHIISRTSA-N__QFVOLCWCLOEVDY-UHFFFAOYSA-N,-1.9650171180992555
WLJDEQYURTUSDN-UHFFFAOYSA-N__LOFJYQHDIZJMQD-UHFFFAOYSA-N,-8.01421068370084
QFVOLCWCLOEVDY-UHFFFAOYSA-N__VDRCBNMYHQNDKC-VOHIISRTSA-N,-3.343868976997252
WIWWPBWCNKIWBT-UHFFFAOYSA-N__HBUUODNTLZJPOK-UHFFFAOYSA-N,2.304236656937704
BBXUINQOSQKIQN-UHFFFAOYSA-N__CWBYFRYSTHOPQP-UHFFFAOYSA-N,6.370898512537957
JSMMRYJCNWTDFX-UHFFFAOYSA-N__DHFUNSIHIPPRKL-UHFFFAOYSA-N,4.014814345728503
CVJNTTFGTWKJHJ-UHFFFAOYSA-N__SZHCDLXRKSVFRK-UHFFFAOYSA-N,4.355250219417279
CWBYFRYSTHOPQP-UHFFFAOYSA-N__BBXUINQOSQKIQN-UHFFFAOYSA-N,6.596247046468651
SZHCDLXRKSVFRK-UHFFFAOYSA-N__CVJNTTFGTWKJHJ-UHFFFAOYSA-N,1.6308792102439882
DHFUNSIHIPPRKL-UHFFFAOYSA-N__JSMMRYJCNWTDFX-UHFFFAOYSA-N,9.131862383232924
GEBZIVIVPSFMBK-UHFFFAOYSA-N__XDRDWXCHXXBHRR-UHFFFAOYSA-N,1.7827320584141433
NDXAHDMXXKYSPF-KPKJPENVSA-N__WIQZXVIJSNVDFD-UHFFFAOYSA-N,4.115007577039004
FFCACNGQONSWND-UHFFFAOYSA-N__XUZGYTJNADQNAD-UHFFFAOYSA-N,-3.534856584401916
WIQZXVIJSNVDFD-UHFFFAOYSA-N__NDXAHDMXXKYSPF-KPKJPENVSA-N,4.7663172707872885
WHOZVFZJCCXLBP-UHFFFAOYSA-N__INASNNJAKKNIEL-UHFFFAOYSA-N,3.3222678242991863
INASNNJAKKNIEL-UHFFFAOYSA-N__WHOZVFZJCCXLBP-UHFFFAOYSA-N,-1.688626280359648
JOWINXZBKVSWQN-UHFFFAOYSA-N__BTPKIEJUPILKDB-UHFFFAOYSA-N,-0.6635448918972235
ICPZCFJMCZRIPY-SNAWJCMRSA-N__PTVMSZMCUAZURD-UHFFFAOYSA-N,1.2647740616998562
OEOTYGRYDBMEKD-UHFFFAOYSA-N__SVXUWYQXSGACJS-UHFFFAOYSA-N,4.000688720801884
SVXUWYQXSGACJS-UHFFFAOYSA-N__OEOTYGRYDBMEKD-UHFFFAOYSA-N,-0.0371581875032311
PTVMSZMCUAZURD-UHFFFAOYSA-N__ICPZCFJMCZRIPY-SNAWJCMRSA-N,0.6451574035974719
TUOFDHXKENKOSF-UHFFFAOYSA-N__YSSPUGKTSGKUNC-UHFFFAOYSA-N,1.5849899539970658
KGECFPVHWVTYNB-UHFFFAOYSA-N__UDWUMOZQFOCADW-UHFFFAOYSA-N,0.6131867177782011
YSSPUGKTSGKUNC-UHFFFAOYSA-N__TUOFDHXKENKOSF-UHFFFAOYSA-N,-2.8836771512825297
BIRMSHAGWPGKLG-UHFFFAOYSA-N__NLMYHQKAJNMJGZ-UHFFFAOYSA-N,2.3951381830651144
MHZSFJLSJFHDLM-UHFFFAOYSA-N__QIGVSNBDDVFNJC-VIFPVBQESA-N,9.12498926182418
QIGVSNBDDVFNJC-VIFPVBQESA-N__MHZSFJLSJFHDLM-UHFFFAOYSA-N,1.2034446497929157
DKOYVOVSYGELOG-UHFFFAOYSA-N__RHCVMYNLEYCKIO-HNNXBMFYSA-N,-2.39819608465121
RHCVMYNLEYCKIO-HNNXBMFYSA-N__DKOYVOVSYGELOG-UHFFFAOYSA-N,-6.550344215265071
YSPUBAMYRGNEOI-JBZHPUCOSA-N__MSOHRGQEBXNBDL-UHFFFAOYSA-N,1.8079198762953137
XEIKMOVCRIUTFA-UHFFFAOYSA-N__DTSYAOMPDXMTCO-UHFFFAOYSA-N,-0.9954209363813816
DTSYAOMPDXMTCO-UHFFFAOYSA-N__XEIKMOVCRIUTFA-UHFFFAOYSA-N,-0.4308807322717008
MSOHRGQEBXNBDL-UHFFFAOYSA-N__YSPUBAMYRGNEOI-JBZHPUCOSA-N,4.240640607714175
HOXCORMEOKUFBF-UHFFFAOYSA-N__CQEXBAVDLGLMSR-UHFFFAOYSA-N,0.075270262930042
CQEXBAVDLGLMSR-UHFFFAOYSA-N__HOXCORMEOKUFBF-UHFFFAOYSA-N,3.873465557521612
RMSKSZAZBHDQSQ-INIZCTEOSA-N__NQWFPYCTRMXMJO-BHWOMJMDSA-N,11.34540065289166
DQMWSEHYSTZEPH-UHFFFAOYSA-N__IGLBINVHKGTFGH-UHFFFAOYSA-N,-0.7893148162116228
ABJWROUJBMZZTL-LBPRGKRZSA-N__JVMCXFYYHVLQMZ-UHFFFAOYSA-N,10.880659132475362
OCNJQVRFLPDZIB-UHFFFAOYSA-N__GKKFGBJJRVOGPU-UHFFFAOYSA-N,4.896405342968229
BERZBIGQXSVCBJ-UHFFFAOYSA-N__YJWIUPNCTFDITP-UHFFFAOYSA-N,-7.874162167944642
JVMCXFYYHVLQMZ-UHFFFAOYSA-N__ABJWROUJBMZZTL-LBPRGKRZSA-N,-1.011385154539244
AKAIRJIMAPNUKX-UHFFFAOYSA-N__WQRXNBDKTBIMSG-UHFFFAOYSA-N,0.287890504470623
GKKFGBJJRVOGPU-UHFFFAOYSA-N__OCNJQVRFLPDZIB-UHFFFAOYSA-N,4.497406731510042
QAMJLJHOJKMLEU-UHFFFAOYSA-N__CDGBBEIGTBPTSS-FQEVSTJZSA-N,-0.8200916755989246
UDDNPIWAYNMUMF-UHFFFAOYSA-N__YAKMSXGRIBIKEO-UHFFFAOYSA-N,0.7807657879602403
YOQNQMLKKXTNSH-UHFFFAOYSA-N__QKJGUNQMHNUVOZ-UHFFFAOYSA-N,-2.725380390291792
YAKMSXGRIBIKEO-UHFFFAOYSA-N__UDDNPIWAYNMUMF-UHFFFAOYSA-N,1.8395429195498645
QKJGUNQMHNUVOZ-UHFFFAOYSA-N__YOQNQMLKKXTNSH-UHFFFAOYSA-N,3.7585449833842897
RIVLGEOUAYFARR-UHFFFAOYSA-N__ZGPCDZZHEWGTEU-GFCCVEGCSA-N,7.592777947693947
PWVNKDRIXJYUGQ-UHFFFAOYSA-N__QCPAALHMGPFQGX-UHFFFAOYSA-N,4.427212429137639
IEEMEUJHIJBBTQ-UHFFFAOYSA-N__ALKJUYQHZGPOKO-PKTZIBPZSA-N,7.382746927396502
ALKJUYQHZGPOKO-PKTZIBPZSA-N__IEEMEUJHIJBBTQ-UHFFFAOYSA-N,2.5648780074769326
WACRCOKRMDHCMH-UHFFFAOYSA-N__KECLETSQDHMAET-UHFFFAOYSA-N,0.1479416910394782
KECLETSQDHMAET-UHFFFAOYSA-N__WACRCOKRMDHCMH-UHFFFAOYSA-N,1.3922862263131517
KQRYXISJLYPWDX-UHFFFAOYSA-N__XAEPVYIXMGLWCZ-YMBRHYMPSA-N,-12.004871532408842
RHIKSEGESQPGML-YGRLFVJLSA-N__RXQWQTQXWAMHRK-UHFFFAOYSA-N,-2.0218214898311966
GBCFJADNANDUOK-UHFFFAOYSA-N__WIFVMRIJXUPPQB-UHFFFAOYSA-N,5.010877750919003
FQAVQFBSKPVGFH-SNAWJCMRSA-N__RZVRPNPEKVOYOJ-MSOLQXFVSA-N,4.041013992888121
FYQINTHTMPBEKH-UHFFFAOYSA-N__KTHDPBZAODNHPN-UHFFFAOYSA-N,2.1959317462367003
RZVRPNPEKVOYOJ-MSOLQXFVSA-N__FQAVQFBSKPVGFH-SNAWJCMRSA-N,14.251910999339948
LZLXCWZZYYKQQM-UHFFFAOYSA-N__MMQKGUAJQAMYPY-UHFFFAOYSA-N,3.2599212979219216
MMQKGUAJQAMYPY-UHFFFAOYSA-N__LZLXCWZZYYKQQM-UHFFFAOYSA-N,8.556994443569423
UMUFJAJGKOOIMS-UHFFFAOYSA-N__PLYNLYCBNWJESP-BQYQJAHWSA-N,-2.102564645461047
KTHDPBZAODNHPN-UHFFFAOYSA-N__FYQINTHTMPBEKH-UHFFFAOYSA-N,6.250623365905244
YDXYYFSTPUTFQP-UHFFFAOYSA-N__YPLOJEMOUOYBAN-UHFFFAOYSA-N,5.97244800444123
LUUKHFIPGUJJFF-UHFFFAOYSA-N__XPXHSUOIQNJEQI-GJMOJQLCSA-N,5.5895822723253215
RTBFKMBCLAWEIL-UHFFFAOYSA-N__KOISRVZQVCRZBD-UHFFFAOYSA-N,-1.8425851379167264
QSNJNEFZFNAYOH-UHFFFAOYSA-N__SGKREEMUGAAVBC-UHFFFAOYSA-N,2.830983612635749
SGKREEMUGAAVBC-UHFFFAOYSA-N__QSNJNEFZFNAYOH-UHFFFAOYSA-N,-2.20872920447793
DVDCUNHBUUWOJQ-UHFFFAOYSA-N__AXEGKZKCSIVMLV-UHFFFAOYSA-N,0.5447429486440861
AXEGKZKCSIVMLV-UHFFFAOYSA-N__DVDCUNHBUUWOJQ-UHFFFAOYSA-N,1.481920545665502
KOISRVZQVCRZBD-UHFFFAOYSA-N__RTBFKMBCLAWEIL-UHFFFAOYSA-N,-1.0514334259275344
WCMYXLDFVBYZJC-LLVKDONJSA-N__YICTXCURXAXWBB-UHFFFAOYSA-N,-5.8171976537303545
YICTXCURXAXWBB-UHFFFAOYSA-N__WCMYXLDFVBYZJC-LLVKDONJSA-N,-1.0411370821377277
WHNUYMKNENCDKE-UHFFFAOYSA-N__XXFOVDUFWSXGSH-UHFFFAOYSA-N,8.060698632907615
KAVMQWYPNDASDK-UHFFFAOYSA-N__JSAYEQMQGMOUJV-CKAQCJTGSA-N,0.1862819982942903
JSAYEQMQGMOUJV-CKAQCJTGSA-N__KAVMQWYPNDASDK-UHFFFAOYSA-N,-1.9721836489485844
UFKGQUIPTDUAOU-UHFFFAOYSA-N__ZGMYHILPAWWKRQ-UHFFFAOYSA-N,3.532906530586723
YZAJCJDTOMBDNY-UHFFFAOYSA-N__FDENPRBAIXOAJD-VBKZILBWSA-N,-1.683203392559135
FDENPRBAIXOAJD-VBKZILBWSA-N__YZAJCJDTOMBDNY-UHFFFAOYSA-N,1.285399072096183
FVPVEDWTXIEELD-SWLSCSKDSA-N__VSSRRJCLRJGEIF-CINCIDGWSA-N,4.613069346979193
VNGPQSNOEOWXJC-KXBFYZLASA-N__HIDIQOMLPLPGRZ-UHFFFAOYSA-N,3.8588614496603775
YVOOGOHCKLWCPJ-GDLZYMKVSA-N__BOYHQZSXPYUMTI-UHFFFAOYSA-N,4.719584989981544
ZIKWGXHUQXTBJN-UHFFFAOYSA-N__IUWKJSCLTRFPDS-LBPRGKRZSA-N,3.1495341093692435
IUWKJSCLTRFPDS-LBPRGKRZSA-N__ZIKWGXHUQXTBJN-UHFFFAOYSA-N,4.491029575332035
HIDIQOMLPLPGRZ-UHFFFAOYSA-N__VNGPQSNOEOWXJC-KXBFYZLASA-N,2.450179032192952
ZCSLVWZOHIWRJQ-CABCVRRESA-N__QJXCVGVKLQAVPM-UHFFFAOYSA-N,3.9694125661241615
AKKNHKWPJUTFOY-UHFFFAOYSA-N__IXMNTWWTPVIFOP-NSHDSACASA-N,1.086728763533715
RTJARCWDRDWVIU-UHFFFAOYSA-N__UPQAMXZTZUSRPD-OAHLLOKOSA-N,0.7522478405547902
SJFHWFDULBIHSD-UMVBOHGHSA-N__KXMDROVKUDDVIV-UHFFFAOYSA-N,-2.4163557316357545
URYHGLJASKDYSV-OWCLPIDISA-N__TYDLNYLJYJAORJ-UHFFFAOYSA-N,-6.125800336952673
TYDLNYLJYJAORJ-UHFFFAOYSA-N__URYHGLJASKDYSV-OWCLPIDISA-N,-5.204060544310462
CFSQZHARKNVNGS-LLVKDONJSA-N__OKFYFZDBKYAHNL-UHFFFAOYSA-N,-0.1445748178568118
HFDVZGYNGVRDMR-UHFFFAOYSA-N__VVZBUMZIMCZMMP-UHFFFAOYSA-N,-1.452358478945423
YSXKAOXCJKNOTN-SXHSKPAUSA-N__YGPIWPCHSUOSLM-UHFFFAOYSA-N,-2.0065988705214943
VVZBUMZIMCZMMP-UHFFFAOYSA-N__HFDVZGYNGVRDMR-UHFFFAOYSA-N,-1.0832940094682255
FFGPMZPRXIVDHE-UHFFFAOYSA-N__HIZROSRPLWGMKF-UHFFFAOYSA-N,-2.656050552622213
AFLGHLWJLWBZIG-UHFFFAOYSA-N__VFCXZAVBKAAHKN-UHFFFAOYSA-N,3.923777665077846
GEDNBSARBLBZGB-UHFFFAOYSA-N__UZYAXYVYPIYNFA-HNNXBMFYSA-N,-2.659401062077509
MIXUOZLTKHXCMM-SFYZADRCSA-N__KQZSRASWBNYDLL-UHFFFAOYSA-N,0.2721121502135332
LWSGVKXGZSGFDG-SMDDNHRTSA-N__PZFGCEANTZEKHN-UHFFFAOYSA-N,2.5255141028399173
BTDVSQDVYIPGHP-UHFFFAOYSA-N__XKLVCUCGFKDLAI-UHFFFAOYSA-N,9.783634113684244
PBOSSZQBXVDZFW-NYRJJRHWSA-N__UWXNJSURONAUOF-UHFFFAOYSA-N,0.3786755620477683
HIZROSRPLWGMKF-UHFFFAOYSA-N__FFGPMZPRXIVDHE-UHFFFAOYSA-N,-3.2548033258495344
JVMMBISTAIKLJM-UHFFFAOYSA-N__HKHIDJPZKVXQFU-UHFFFAOYSA-N,2.08448592344259
UWXNJSURONAUOF-UHFFFAOYSA-N__PBOSSZQBXVDZFW-NYRJJRHWSA-N,3.2760381137693995
SNGBNOJUWXQKLH-UHFFFAOYSA-N__WZYRMLAWNVOIEX-JPCDQAEASA-N,1.978021649780107
ZDGATOHYHFVVJI-UHFFFAOYSA-N__IXLOVRRUGOPNHY-FXQIFTODSA-N,0.8969100278375423
FENDTSPISJAKNP-UHFFFAOYSA-N__AJDWTGMWOZLQIJ-UHFFFAOYSA-N,1.7205122707739964
OCDCSGMOMPZWIB-UHFFFAOYSA-N__RSSKLEMUZYNJJS-UHFFFAOYSA-N,17.67693429399878
VPMUPNHGZZUELS-PSASIEDQSA-N__YPLKPWULWDMDFI-LBPRGKRZSA-N,-3.856210261727265
BBVPMVVRZBBECS-IKGGRYGDSA-N__NAWYJOZHBQAYCK-UHFFFAOYSA-N,0.1316452146233412
RAGJIPMOUNKGCX-GFKUXRSRSA-N__FSYZDRPGVPKIQB-UHFFFAOYSA-N,6.643764273684728
FSYZDRPGVPKIQB-UHFFFAOYSA-N__RAGJIPMOUNKGCX-GFKUXRSRSA-N,8.138207341353596
WBDLYFXTYNLKIR-UHFFFAOYSA-N__SOARNDQKLFBNOU-CLTKARDFSA-N,-4.625601382006908
ODHPXLOMSZEXNU-UHFFFAOYSA-N__GYYKOLBKCQIDER-CYBMUJFWSA-N,2.726998246701362
GYYKOLBKCQIDER-CYBMUJFWSA-N__ODHPXLOMSZEXNU-UHFFFAOYSA-N,-3.980226206674217
VDIWCVRUTZCCSX-UHFFFAOYSA-N__CLMJVYWFYMGBHN-UHFFFAOYSA-N,1.0745685348524088
DKUFUXXALQJHDL-UHFFFAOYSA-N__UEBBLCFWOHPBNW-UHFFFAOYSA-N,3.35248068519161
UEBBLCFWOHPBNW-UHFFFAOYSA-N__DKUFUXXALQJHDL-UHFFFAOYSA-N,6.8296149916184685
HHRYJTQDOJCUMQ-DKCNOQQISA-N__AYONTZGQIVZZFF-ZJUUUORDSA-N,3.88214011348528
AYONTZGQIVZZFF-ZJUUUORDSA-N__HHRYJTQDOJCUMQ-DKCNOQQISA-N,-1.834811304741501
UASWXJPYILFNCS-OCTOJFLBSA-N__UXMMMGIWMPIECC-ZETCQYMHSA-N,-1.0991622998062238
YMNBXYLOSIKZGL-UHFFFAOYSA-N__MNJCJHGNPRZTQZ-AEFFLSMTSA-N,4.774210438936612
BFKKXBHJBVUYSJ-UHFFFAOYSA-N__UVEAAAFKWWDSII-UHFFFAOYSA-N,-1.7362082699206838
UVEAAAFKWWDSII-UHFFFAOYSA-N__BFKKXBHJBVUYSJ-UHFFFAOYSA-N,-4.72006644189062
QKUOWIHWOWOIBP-UHFFFAOYSA-N__CVCQDPMDOLDNLX-LIEKJQCSSA-N,1.653021118435043
KASIWZZCXJHQPC-UHFFFAOYSA-N__MCOYQXHGIDXVCD-OYMZZIEQSA-N,2.613466288725149
XOAMZEXCZRPMPJ-KSSFIOAISA-N__VLUOPVAWVSNEQB-UHFFFAOYSA-N,0.9306545264941876
CVCQDPMDOLDNLX-LIEKJQCSSA-N__QKUOWIHWOWOIBP-UHFFFAOYSA-N,4.8621115686626775
ATGYXQXFCDNCEM-UHFFFAOYSA-N__DBRREWVLIQEYBO-UHFFFAOYSA-N,14.326760063617154
HMKNEZDLKCEHTM-UHFFFAOYSA-N__WZUQYWSDNPGGEG-GFCCVEGCSA-N,4.043161613646157
IYKOFDTUURXIKT-UHFFFAOYSA-N__AHFNRXMZYGUBTL-UHFFFAOYSA-N,1.0702972874011945
VLUOPVAWVSNEQB-UHFFFAOYSA-N__XOAMZEXCZRPMPJ-KSSFIOAISA-N,0.2174787798555425
HTRDCCKEHOAKSG-UHFFFAOYSA-N__BOAHWBOESCYXDW-KLLZUTDZSA-N,1.035696391262725
AHFNRXMZYGUBTL-UHFFFAOYSA-N__IYKOFDTUURXIKT-UHFFFAOYSA-N,-2.621222534913436
UDGZYKWQMMBQAH-UHFFFAOYSA-N__NPSKIHFCSUZXEJ-UHFFFAOYSA-N,-0.6789172576680372
UMQFLHSYFSWQOO-UHFFFAOYSA-N__LXDGYEGVHWKMRX-UHFFFAOYSA-N,-0.0776607713741978
TUKANODGLOKJPS-XHNCKOQMSA-N__NSMXXGJDZTUNNT-UHFFFAOYSA-N,-3.820417555070332
NWCHJUDQOGOUEP-UHFFFAOYSA-N__KTZPTLHYBIXTJD-FFIYDZMDSA-N,-0.8587071994917721
KTZPTLHYBIXTJD-FFIYDZMDSA-N__NWCHJUDQOGOUEP-UHFFFAOYSA-N,-2.3497167193045616
ZNRBWFVBLLUISB-DLBZAZTESA-N__RBRFYFADGMHELY-UHFFFAOYSA-N,2.2126451436425123
LFPAZXLVRBZGKE-UHFFFAOYSA-N__KNHIHPOYRBHTLW-UHFFFAOYSA-N,-4.3545181587406665
KNHIHPOYRBHTLW-UHFFFAOYSA-N__LFPAZXLVRBZGKE-UHFFFAOYSA-N,3.573320947455382
LXDGYEGVHWKMRX-UHFFFAOYSA-N__UMQFLHSYFSWQOO-UHFFFAOYSA-N,6.84666140405269
DYMRJIUGHHHPKM-XIVBQZFQSA-N__FGGFWDSDSQVUSR-UHFFFAOYSA-N,4.874810088197587
YTXYZRMEBNUIHP-VAYJURFESA-N__VFROUPLSRQYDIT-UHFFFAOYSA-N,-0.8519836868587721
ZQWGYMNZARKAEC-RXMQYKEDSA-N__BQPTZQCPODXDMU-LSDHHAIUSA-N,2.449498629282079
WSRVGWYGTJCGIB-QRIPLOBPSA-N__VTACOEYFGMDHGJ-UHFFFAOYSA-N,-0.0406425504620754
BQPTZQCPODXDMU-LSDHHAIUSA-N__ZQWGYMNZARKAEC-RXMQYKEDSA-N,0.8391255841351128
VRYALKFFQXWPIH-HSUXUTPPSA-N__JUNDMXMVTIBKGT-UHFFFAOYSA-N,1.4444015251611633
FGGFWDSDSQVUSR-UHFFFAOYSA-N__DYMRJIUGHHHPKM-XIVBQZFQSA-N,1.269565684927063
SDHZHBLDROIVRL-UHFFFAOYSA-N__YLVOSHNWXWMZGS-BRIWLPCBSA-N,-1.8591574721709336
FLDBSUBSTOELCJ-UHFFFAOYSA-N__FNAGBYLXVNTZFT-UHFFFAOYSA-N,1.6554352308593
FNAGBYLXVNTZFT-UHFFFAOYSA-N__FLDBSUBSTOELCJ-UHFFFAOYSA-N,1.5690406514446884
WTBZQMQNMZJLJJ-UHFFFAOYSA-N__DESWGLIIWXCKEE-UHFFFAOYSA-N,3.5774430407065765
NGFIVBMPRXSLAF-UHFFFAOYSA-N__OKCURVWBPDAYOV-UHFFFAOYSA-N,1.803097614079212
KEXJSQAYZNGERM-UHFFFAOYSA-N__URPDYZMNTKFGPM-UHFFFAOYSA-N,3.515838353092438
QIUXGYFNQKHXRU-UHFFFAOYSA-N__PXHVIMNBIIJREX-UHFFFAOYSA-N,25.918283627627765
OKCURVWBPDAYOV-UHFFFAOYSA-N__NGFIVBMPRXSLAF-UHFFFAOYSA-N,3.23794880893386
URPDYZMNTKFGPM-UHFFFAOYSA-N__KEXJSQAYZNGERM-UHFFFAOYSA-N,8.758421144382881
PXHVIMNBIIJREX-UHFFFAOYSA-N__QIUXGYFNQKHXRU-UHFFFAOYSA-N,11.834635160635411
NSCSRAQNARTWDN-HMYSHNHQSA-N__PLMPCCVTDOAXQH-UHFFFAOYSA-N,-1.957218993587193
KKUSZXMBRZAKCI-UHFFFAOYSA-N__MEPVKWLQCNICCR-UWVGGRQHSA-N,2.380705689917741
PLMPCCVTDOAXQH-UHFFFAOYSA-N__NSCSRAQNARTWDN-HMYSHNHQSA-N,3.4510238980038745
RECLLSQMOGIXAW-AZGAKELHSA-N__LYEHYDMDOUVFER-UHFFFAOYSA-N,2.329718845774152
LYEHYDMDOUVFER-UHFFFAOYSA-N__RECLLSQMOGIXAW-AZGAKELHSA-N,-0.5015707962003763
GBRNSERMZPFELE-UHFFFAOYSA-N__WIQZXVIJSNVDFD-UHFFFAOYSA-N,5.831052168716824
FVASYAHDVGNVCV-MYCMQGKASA-N__IKFPPLCXBPYKSW-VIFPVBQESA-N,7.649968330407651
IKFPPLCXBPYKSW-VIFPVBQESA-N__FVASYAHDVGNVCV-MYCMQGKASA-N,10.194927739521416
XDXJFCPCDBQUSA-UHFFFAOYSA-N__UUQBPEYNLLECHH-UHFFFAOYSA-N,-0.9302642807243447
MKXHJQFTROJGDG-CYBMUJFWSA-N__WIVYVDXQBQPWCK-UHFFFAOYSA-N,8.029124925244535
AAMZJKGABLTRPA-UHFFFAOYSA-N__WTQBWGZKPBCSCS-UHFFFAOYSA-N,-2.692468907002925
ACUUWDZYZLDIFD-HXUWFJFHSA-N__RYGUDLAKJCRHCE-UHFFFAOYSA-N,-1.9152749239798097
WIVYVDXQBQPWCK-UHFFFAOYSA-N__MKXHJQFTROJGDG-CYBMUJFWSA-N,7.752842653842613
OFFLAFDKWULNMX-UHFFFAOYSA-N__NVSKZUYSJDTYNF-UHFFFAOYSA-N,1.4235129653564085
RYGUDLAKJCRHCE-UHFFFAOYSA-N__ACUUWDZYZLDIFD-HXUWFJFHSA-N,2.694771761233586
NJMOOUDCDUDSKO-UHFFFAOYSA-N__VJLBPVIZMUWHCN-IBYPIGCZSA-N,6.246925148752203
LQARGGDHYXKMEW-HNNXBMFYSA-N__JWEZOCXAIJTQDE-NSHDSACASA-N,3.474375062876025
OJHTVLZQFMGITE-UHFFFAOYSA-N__MBNPQAPSJFJOLD-UHFFFAOYSA-N,-3.0282099257358066
RNUNZTILBSXBBK-UHFFFAOYSA-N__VGHDTKBGLIRPHG-UHFFFAOYSA-N,-5.500288699391365
VGHDTKBGLIRPHG-UHFFFAOYSA-N__RNUNZTILBSXBBK-UHFFFAOYSA-N,-1.7143157587232682
JWEZOCXAIJTQDE-NSHDSACASA-N__LQARGGDHYXKMEW-HNNXBMFYSA-N,2.650180643956243
AMOHRKKEZIRFEC-UHFFFAOYSA-N__GEAYXMOBIJKRJK-UHFFFAOYSA-N,2.671876169485614
GEAYXMOBIJKRJK-UHFFFAOYSA-N__AMOHRKKEZIRFEC-UHFFFAOYSA-N,1.2907444612987076
CKKMTJBQTYYLDF-IRCOFANPSA-N__NNOGNIFIWCJUKD-UHFFFAOYSA-N,3.260419424598884
NLBKNIIYSVUKEI-UHFFFAOYSA-N__ACZJGYFKGHTPQP-QMMMGPOBSA-N,-1.356392828136718
OCJYUYWUQGFZIS-UHFFFAOYSA-N__YGUFXMBEBRAYEI-UHFFFAOYSA-N,5.097418468689078
ZUSDIKXFWHJVEL-AYYIZTPMSA-N__DYFFKYALOACAET-UHFFFAOYSA-N,-2.581888909285857
YGUFXMBEBRAYEI-UHFFFAOYSA-N__OCJYUYWUQGFZIS-UHFFFAOYSA-N,5.048102684934591
FXQCBRPVURXCSM-XJKSGUPXSA-N__SQQPXMLHFVYQKD-KEKZHRQWSA-N,5.251467265109308
DCUPPEGBYQCCQZ-UHFFFAOYSA-N__RDPSRQAHEBIFRW-LLVKDONJSA-N,2.9305080735939555
SQQPXMLHFVYQKD-KEKZHRQWSA-N__FXQCBRPVURXCSM-XJKSGUPXSA-N,9.490039893775393
RDPSRQAHEBIFRW-LLVKDONJSA-N__DCUPPEGBYQCCQZ-UHFFFAOYSA-N,2.2002450086983014
LRXMWKKHENYHNC-DDYVKQNKSA-N__YMDHNPSKXMFQMI-UHFFFAOYSA-N,-0.871467939257483
SURIACDOORZMLB-CHWSQXEVSA-N__OIKNALODPAWHJJ-POYBYMJQSA-N,-0.945795956453364
QAACILZJHAMPCU-UHFFFAOYSA-N__KHSZGLJWCHTFMZ-UHFFFAOYSA-N,3.4206066623049978
UMIHCTLDYFFUAB-VIFPVBQESA-N__ULXIGNWJWCAZMP-UHFFFAOYSA-N,7.664511978734284
GJRQARWWURMSGJ-XHVSXFFZSA-N__MDWXNYIRMDSBQR-UHFFFAOYSA-N,-0.8817926632114517
TXHWBMCYCJJHGD-UHFFFAOYSA-N__HRJZVCLXMJLSOV-HNNXBMFYSA-N,11.841309709142072
OWVMFJIDMJAFHT-CMDGGOBGSA-N__ZZIIJKFITLLLMC-UHFFFAOYSA-N,13.892554630120223
FMFGGCMYDIWHLX-UHFFFAOYSA-N__HOSPVZCPGGJUMB-UHFFFAOYSA-N,0.6681419229702231
TYFUTHRVUVOENP-UHFFFAOYSA-N__UWHHBRVVAHERMD-UHFFFAOYSA-N,11.15502077185528
OUTIGCRZPOQNIM-UHFFFAOYSA-N__GVCNAOUSFUINRO-UHFFFAOYSA-N,2.3727283551323715
GVCNAOUSFUINRO-UHFFFAOYSA-N__OUTIGCRZPOQNIM-UHFFFAOYSA-N,-1.1506278280976792
BDFVABHDIMPCDZ-UHFFFAOYSA-N__PPDJMTZXBLGTOW-UHFFFAOYSA-N,2.317881929512004
QWFHUQFWEFYSON-UHFFFAOYSA-N__CZKSGRJPKZHPDJ-UHFFFAOYSA-N,5.789292921595203
JVSRWDWOYRAANL-UHFFFAOYSA-N__JUOAGWDTRUAQEF-UHFFFAOYSA-N,3.5764409064753857
DGFPFOGCJFVJBW-UHFFFAOYSA-N__CTIOOBNFQDUUQH-UHFFFAOYSA-N,0.6029005674138713
CTIOOBNFQDUUQH-UHFFFAOYSA-N__DGFPFOGCJFVJBW-UHFFFAOYSA-N,0.291755612124338
GKKIBGDYMATVGQ-UHFFFAOYSA-N__GNCCHFLGTJKCIP-OKZBNKHCSA-N,9.23370584827314
PLTIYYLJEAXVEQ-UHFFFAOYSA-N__SHGJSMCBKMVFMU-MAPRBKRKSA-N,2.525637671246644
PBCOHFYUYRMIOF-UHFFFAOYSA-N__YYMMQLUJUDBMTC-UHFFFAOYSA-N,4.424731928896373
GEUVSJKUTFFXJB-UHFFFAOYSA-N__YARQBEZBBDGJFS-UHFFFAOYSA-N,9.092033520394898
GUUPBPXKHXKOFN-UHFFFAOYSA-N__CGZRRNQOKKEVGN-UHFFFAOYSA-N,7.675182547781223
DKSZCJNEBSTITI-UHFFFAOYSA-N__ZKDZPGWKPHOQPJ-LJQANCHMSA-N,-3.561534652823093
PZDGOHXITZCNMU-UHFFFAOYSA-N__KDHGLPPVAVEOHX-UHFFFAOYSA-N,-1.9414146867800928
UMAYXWVULQJNGH-UHFFFAOYSA-N__NKAUYEOJVXZPIW-ZZPZHBAMSA-N,0.6354850356886741
FSPRAQDCXWGDOK-UHFFFAOYSA-N__WBYMJAKCBKPKIT-UHFFFAOYSA-N,4.173195694900793
HHWZXCWHQXXLQT-UHFFFAOYSA-N__IZDHHLNTNBSEAA-UHFFFAOYSA-N,11.91876195610118
WBYMJAKCBKPKIT-UHFFFAOYSA-N__FSPRAQDCXWGDOK-UHFFFAOYSA-N,7.788908403848989
DGWDIFPKMGDGQL-UHFFFAOYSA-N__BIKRJLPGVGFPDA-UHFFFAOYSA-N,7.751777245623865
IZDHHLNTNBSEAA-UHFFFAOYSA-N__HHWZXCWHQXXLQT-UHFFFAOYSA-N,2.103407102834636
SOCBNSVNOIBAOW-UHFFFAOYSA-N__XKTYXYJLOIYAPV-LBPRGKRZSA-N,3.313849408166752
UATVBWGCMVLOQT-UHFFFAOYSA-N__IXAFUAIZNPYVPO-LMWSTFAQSA-N,-0.5955590648603126
OBFBELPJVWZAIT-UHFFFAOYSA-N__OAWHOXLWJKGOSE-UHFFFAOYSA-N,3.10722910478084
PZWRKBCEZZDFQN-UHFFFAOYSA-N__XIDAOPBYUINLQY-UHFFFAOYSA-N,2.69306618497812
LEIFTXOWZWWNAP-UHFFFAOYSA-N__UYHKCTUEZXVEFZ-UHFFFAOYSA-N,1.9081625746761093
MFBFBINKGNJSTN-UHFFFAOYSA-N__XJAPGXZNUGJQHG-UHFFFAOYSA-N,2.351899177884432
XOGIFCAGQBTOQE-OLZOCXBDSA-N__YDQPPVYWRVQZDU-UHFFFAOYSA-N,7.621944441968349
YDQPPVYWRVQZDU-UHFFFAOYSA-N__XOGIFCAGQBTOQE-OLZOCXBDSA-N,7.715394604401483
QGRCBUCNANOWTD-UHFFFAOYSA-N__JSVNXNXDIQYUAE-UHFFFAOYSA-N,0.2370705924186758
AEZAFOGCZAKGSI-UHFFFAOYSA-N__XYVUYGYGGPMVIN-UHFFFAOYSA-N,0.9508223930117338
XYVUYGYGGPMVIN-UHFFFAOYSA-N__AEZAFOGCZAKGSI-UHFFFAOYSA-N,3.4161329832658165
NWQLFPJDJXDFIF-XERFOLDFSA-N__FLPJVCMIKUWSDR-UHFFFAOYSA-N,13.004795240176472
XCHUNIQSGQFZTF-UHFFFAOYSA-N__ZONINEDVEGYMAZ-UHFFFAOYSA-N,5.618519189164795
ZONINEDVEGYMAZ-UHFFFAOYSA-N__XCHUNIQSGQFZTF-UHFFFAOYSA-N,5.524646957165381
KALRBENUPISOEM-UHFFFAOYSA-N__FFDQQGCVKXHJFQ-LEWJYISDSA-N,1.843095476500895
SPKFXKSJXGBCBI-VIFPVBQESA-N__AHVMMJZHTAVNAU-UHFFFAOYSA-N,5.72318572783533
OLLOAKJITGNJIY-UHFFFAOYSA-N__YLBDAWVAYQESQO-UHFFFAOYSA-N,8.871464890740617
QDDRIVGRDFWIQU-UHFFFAOYSA-N__YUSPZMUAWCUFPX-UHFFFAOYSA-N,6.410203455164909
HZPRHASLIUMXLG-UHFFFAOYSA-N__KDXVWGLOIMNZLG-UHFFFAOYSA-N,2.006187030549853
TYTNEZJLYLQNTD-UHFFFAOYSA-N__DCOQKZXEWDJHEJ-UHFFFAOYSA-N,6.695022207615039
KDXVWGLOIMNZLG-UHFFFAOYSA-N__HZPRHASLIUMXLG-UHFFFAOYSA-N,2.1609062803654604
JTAIPAJFDBDBJZ-UHFFFAOYSA-N__QBLCFGUUPHCWQC-WFBICUIVSA-N,4.342236203925631
IEFLULLMNPFDJI-UHFFFAOYSA-N__CFTLUPRVNAWZAU-YESZJQIVSA-N,-0.4269132211628783
CFTLUPRVNAWZAU-YESZJQIVSA-N__IEFLULLMNPFDJI-UHFFFAOYSA-N,4.736102783138702
GQBWCMYKJANDGC-UHFFFAOYSA-N__BTCVGOAAQFAJJF-GJZGRUSLSA-N,-0.6676293669382701
POBHONNZZYNNDT-UHFFFAOYSA-N__WWSRYDAHOXWBLL-UHFFFAOYSA-N,2.573570328883468
BTCVGOAAQFAJJF-GJZGRUSLSA-N__GQBWCMYKJANDGC-UHFFFAOYSA-N,8.573427551380538
BZMDBYHOMDXCHL-UHFFFAOYSA-N__JZLNQFDRZYMXKQ-UHFFFAOYSA-N,10.584518192798273
XALQCCZBZBLTHQ-UHFFFAOYSA-N__RRDDMVLLDFPZDS-NEPJUHHUSA-N,1.5863645114835776
RRDDMVLLDFPZDS-NEPJUHHUSA-N__XALQCCZBZBLTHQ-UHFFFAOYSA-N,0.6555852538190484
CUHQOKZVPPRZDW-UHFFFAOYSA-N__UUXSTNOMLCSKDW-UHFFFAOYSA-N,5.955814665974823
YRYSLJKZEKVRKU-UHFFFAOYSA-N__PYOXAYLLDWMASI-UHFFFAOYSA-N,2.9798897083352056
QVFAFFUSXQKADI-OWJIYDKWSA-N__OFOZIIVOJOAQJS-UHFFFAOYSA-N,5.5360960287335175
WQRXNBDKTBIMSG-UHFFFAOYSA-N__CKLMODHVWCEMQL-UHFFFAOYSA-N,2.367742064345035
WTXYOAZOYQGRDR-UHFFFAOYSA-N__MLILHWBBQSDYQP-UHFFFAOYSA-N,7.371565951992805
MLILHWBBQSDYQP-UHFFFAOYSA-N__WTXYOAZOYQGRDR-UHFFFAOYSA-N,10.654889246012385
OFOZIIVOJOAQJS-UHFFFAOYSA-N__QVFAFFUSXQKADI-OWJIYDKWSA-N,7.093024548526465
CKLMODHVWCEMQL-UHFFFAOYSA-N__WQRXNBDKTBIMSG-UHFFFAOYSA-N,19.250665473904267
LACDJFKKAOSBLM-UHFFFAOYSA-N__VNPDSMOEDXRMKI-UHFFFAOYSA-N,5.614860316140064
LGZQCARYHILGCZ-UHFFFAOYSA-N__DFVXRPFPHFEIBG-UHFFFAOYSA-N,0.3182298497746053
ZNBXJVSAWASPOQ-UHFFFAOYSA-N__UPSLNFXWRNIYCT-UHFFFAOYSA-N,3.669731958772444
LTPAFHCGOLEOHR-UHFFFAOYSA-N__FRBXKQMKNISXMT-UHFFFAOYSA-N,3.59488861122016
FRBXKQMKNISXMT-UHFFFAOYSA-N__LTPAFHCGOLEOHR-UHFFFAOYSA-N,7.543268973679098
QMKQOYCNHUTDTF-UHFFFAOYSA-N__YXIDDEUWQUOJOT-YBFXNURJSA-N,4.335466579607566
BRBJWENVWVAROE-UHFFFAOYSA-N__YGLSGGAYNSZPPM-YOEHRIQHSA-N,8.98746033083287
YXIDDEUWQUOJOT-YBFXNURJSA-N__QMKQOYCNHUTDTF-UHFFFAOYSA-N,4.447473687995472
XRYXODKCVKIHRW-UHFFFAOYSA-N__QMXOXBZQLJHSFE-UHFFFAOYSA-N,2.938044925571233
YGLSGGAYNSZPPM-YOEHRIQHSA-N__BRBJWENVWVAROE-UHFFFAOYSA-N,4.155898285897144
DKVHBBHVZUMJNY-UHFFFAOYSA-N__PZUMXBICJQKMJC-UHFFFAOYSA-N,-2.840091404912566
WIOBLYQPBQRTMW-UHFFFAOYSA-N__GITQDWGXVXKRIP-UHFFFAOYSA-N,2.319030021502542
WPSGICWDQHELLA-UHFFFAOYSA-N__LNGDJTUKBAHJPW-UHFFFAOYSA-N,10.055350024320132
GITQDWGXVXKRIP-UHFFFAOYSA-N__WIOBLYQPBQRTMW-UHFFFAOYSA-N,-1.163692059939102
IHFFJZXRIPFLFN-UHFFFAOYSA-N__UUJDAAUXWRPMRE-UHFFFAOYSA-N,11.542486953101228
LNGDJTUKBAHJPW-UHFFFAOYSA-N__WPSGICWDQHELLA-UHFFFAOYSA-N,4.303677712022181
KDLIIUGARJRSIA-UHFFFAOYSA-N__GWXJGCJVAKVCOF-UHFFFAOYSA-N,-1.215427806533118
JLJHTAFOYPSITN-UHFFFAOYSA-N__ZYMAIMRCAROPMP-UHFFFAOYSA-N,5.522812053402562
ZYMAIMRCAROPMP-UHFFFAOYSA-N__JLJHTAFOYPSITN-UHFFFAOYSA-N,6.252459215131354
JVDUDZKKQQLGJE-UHFFFAOYSA-N__PSRZHHRVIKJYJV-UHFFFAOYSA-N,0.3203595297014465
YQNIBRAZYNODPE-UHFFFAOYSA-N__PRMZMNDKZKIMGT-UHFFFAOYSA-N,7.627179749652108
VXLZPHDAYSUKIP-UHFFFAOYSA-N__BTSUTIFGGZCLSI-UHFFFAOYSA-N,5.687447684123429
KKWIPLSVTXRAMD-UHFFFAOYSA-N__KMESGQDABXBRPK-UHFFFAOYSA-N,4.513114093195043
LLQFEHSSXKHYPB-UHFFFAOYSA-N__ZXVNSKKDXANMRP-JTQLQIEISA-N,3.7489436203893263
OJLZTQGYNDODCM-JTSKRJEESA-N__IWSXTIKHZMBBTH-UHFFFAOYSA-N,8.51575390765766
WROVBYNGYOUUFH-UHFFFAOYSA-N__TXZLDHZZDWVHCW-UHFFFAOYSA-N,-3.016129815526775
KMESGQDABXBRPK-UHFFFAOYSA-N__KKWIPLSVTXRAMD-UHFFFAOYSA-N,10.13036991725617
UQQYEPWRMPEWIX-ZDUSSCGKSA-N__KHASYKYJBLWJMU-UHFFFAOYSA-N,4.251473686441613
KLWMTYNKTDKTSK-UHFFFAOYSA-N__GLYKOBIUTYJDPJ-UHFFFAOYSA-N,3.2976358473046616
IWSXTIKHZMBBTH-UHFFFAOYSA-N__OJLZTQGYNDODCM-JTSKRJEESA-N,10.946879755577235
HTSBRQWRBKYEJE-UHFFFAOYSA-N__QMCJHJPWZUOUEK-UHFFFAOYSA-N,1.3892937604461943
QMCJHJPWZUOUEK-UHFFFAOYSA-N__HTSBRQWRBKYEJE-UHFFFAOYSA-N,8.20094823685638
ZOLRIDVFRAPNOR-UHFFFAOYSA-N__HLVIFHPHTFGDGT-UHFFFAOYSA-N,2.844797433856297
KHASYKYJBLWJMU-UHFFFAOYSA-N__UQQYEPWRMPEWIX-ZDUSSCGKSA-N,2.797712438385245
UDJXJOJKQSHVPO-UHFFFAOYSA-N__URHPSVBSPDUHRU-UHFFFAOYSA-N,6.7260478928514
SWICLTQXBTYBAO-UGKGYDQZSA-N__QGFIIQKAZWOZEF-UHFFFAOYSA-N,1.2609729467085034
URHPSVBSPDUHRU-UHFFFAOYSA-N__UDJXJOJKQSHVPO-UHFFFAOYSA-N,6.460800002031489
CETJZLCIZLDNTF-UHFFFAOYSA-N__WHXMMGHSJYXCEC-UHFFFAOYSA-N,-0.9381208304162226
QGFIIQKAZWOZEF-UHFFFAOYSA-N__SWICLTQXBTYBAO-UGKGYDQZSA-N,3.7743625675550416
WHXMMGHSJYXCEC-UHFFFAOYSA-N__CETJZLCIZLDNTF-UHFFFAOYSA-N,3.4780238715285567
RIAKQOCSDDCMMQ-UHFFFAOYSA-N__ARXWAZQEZBTNIM-UHFFFAOYSA-N,7.63393254025773
ARXWAZQEZBTNIM-UHFFFAOYSA-N__RIAKQOCSDDCMMQ-UHFFFAOYSA-N,10.114622435910418
AZFYFSRYOPMUGD-UHFFFAOYSA-N__YFIOUUOHZVSUPU-UHFFFAOYSA-N,3.542190185099593
CWWADAHBBFWONP-FOCLMDBBSA-N__NWMUHJSNIAMWHL-UHFFFAOYSA-N,3.86153839260424
LXWZLJXDTKPQFE-UHFFFAOYSA-N__GBBGKFJFEQCILG-CMDGGOBGSA-N,5.778387182447922
NWMUHJSNIAMWHL-UHFFFAOYSA-N__CWWADAHBBFWONP-FOCLMDBBSA-N,2.930159697230442
QXKIBRIPTOIAEL-UHFFFAOYSA-N__KSWUNRAIUXHSEJ-UHFFFAOYSA-N,3.3238452314592024
BTUWKBWVPKMCNO-OSMVPFSASA-N__MUCQOSUEJNTBTO-UHFFFAOYSA-N,0.0063732302902549
XFTDBOYCZMJNJM-XMMPIXPASA-N__JUIVZFJLTBGSRR-UHFFFAOYSA-N,4.801323223788619
IRONYLGHVYCSCB-UHFFFAOYSA-N__JKDZDZMRRZITIN-JBDRJPRFSA-N,5.293929247850806
YFIOUUOHZVSUPU-UHFFFAOYSA-N__AZFYFSRYOPMUGD-UHFFFAOYSA-N,3.3156359044658767
BKZOAZIVNVYTAP-VIFPVBQESA-N__ISTWIJWACRTQGQ-KRWDZBQOSA-N,6.542162456448947
JUIVZFJLTBGSRR-UHFFFAOYSA-N__XFTDBOYCZMJNJM-XMMPIXPASA-N,2.358132005056763
IOYHCIIKLZWIIR-UHFFFAOYSA-N__LDWONQRJZGRISA-UHFFFAOYSA-N,-0.3428421976870643
JKDZDZMRRZITIN-JBDRJPRFSA-N__IRONYLGHVYCSCB-UHFFFAOYSA-N,11.491378613607411
LDWONQRJZGRISA-UHFFFAOYSA-N__IOYHCIIKLZWIIR-UHFFFAOYSA-N,-2.1085231299050475
XJTXRUSRBUFQTQ-UHFFFAOYSA-N__XZOZLMDRFGMARX-INIZCTEOSA-N,7.275886496268216
DTEYJZBWTUUJBT-UHFFFAOYSA-N__MJHFPZIFZPJJOZ-UHFFFAOYSA-N,-2.682548412872209
MJHFPZIFZPJJOZ-UHFFFAOYSA-N__DTEYJZBWTUUJBT-UHFFFAOYSA-N,3.428591754340945
SQKLWSYZULMSDZ-UHFFFAOYSA-N__BRBUKDGULFNUBJ-UHFFFAOYSA-N,2.209008853728668
BOUZATWESUEJND-UHFFFAOYSA-N__UICQTAXBNAAHHX-SECBINFHSA-N,1.3854103485575266
GECHCDFVFRUCCK-UHFFFAOYSA-N__UXWLFNVKCWNVDX-UHFFFAOYSA-N,4.764886963105063
BRBUKDGULFNUBJ-UHFFFAOYSA-N__SQKLWSYZULMSDZ-UHFFFAOYSA-N,6.818359870719146
PJAVTQJYWMPSNE-UHFFFAOYSA-N__KIHXTOVLSZRTHJ-FNORWQNLSA-N,4.314725195827957
GXKFJKUPRWNPME-UHFFFAOYSA-N__SMOLRKPFEGOHHR-UHFFFAOYSA-N,4.813428091609902
UXWLFNVKCWNVDX-UHFFFAOYSA-N__GECHCDFVFRUCCK-UHFFFAOYSA-N,5.228373801513181
CNGYJVQXFQKXOK-UHFFFAOYSA-N__WBMZNSDMBCCGOH-UHFFFAOYSA-N,-2.510659774548084
RUYDDFNIAPNVAW-UHFFFAOYSA-N__ZTSJINHQOXTRAX-UHFFFAOYSA-N,3.960326806288109
OLRYWGFYIRSOJO-UHFFFAOYSA-N__QWORAMPSIANPGP-UHFFFAOYSA-N,6.257326638646799
RIYHNESDKMHFQS-UHFFFAOYSA-N__VKWIUJUFUCZBDF-UHFFFAOYSA-N,8.305608259656156
ANWMNLAAFDCKMT-UHFFFAOYSA-N__RIHLVOIHUNUZNM-ZACQAIPSSA-N,10.979902703801766
KIHXTOVLSZRTHJ-FNORWQNLSA-N__PJAVTQJYWMPSNE-UHFFFAOYSA-N,1.2949142792939328
RIHLVOIHUNUZNM-ZACQAIPSSA-N__ANWMNLAAFDCKMT-UHFFFAOYSA-N,1.2184409222086758
UVOHZPBRPNQOTJ-CHWSQXEVSA-N__FLVFUVIIWLJVNU-UHFFFAOYSA-N,6.038179025052743
ZTSJINHQOXTRAX-UHFFFAOYSA-N__RUYDDFNIAPNVAW-UHFFFAOYSA-N,1.831612966650564
RRMNHMMXAZMUHO-JXMROGBWSA-N__UNQBALDEKSPRJI-UHFFFAOYSA-N,3.358397008022412
FLVFUVIIWLJVNU-UHFFFAOYSA-N__UVOHZPBRPNQOTJ-CHWSQXEVSA-N,6.684687354369864
JGXXSYWEBKUHAR-UHFFFAOYSA-N__ZZPSUQREZWKWMM-UHFFFAOYSA-N,3.0591475704549143
NGJRASKKLNBZOM-UHFFFAOYSA-N__KBFGXWOJPCGZEZ-UHFFFAOYSA-N,9.740532228574578
YZLHXAJTYDJDPP-UHFFFAOYSA-N__RDUWHGYIQCBGOG-UHFFFAOYSA-N,6.391525359072079
MOFRJTLODZILCR-UHFFFAOYSA-N__MSXGQXSUHUIJBC-IDOBQSHNSA-N,-1.865534070116824
SORGVHIGTOUPKF-ZZXKWVIFSA-N__RAKJVDHQBXECIW-UHFFFAOYSA-N,1.107848605860407
RAKJVDHQBXECIW-UHFFFAOYSA-N__SORGVHIGTOUPKF-ZZXKWVIFSA-N,8.58184228068411
OQOGUOGGWYCIGA-UHFFFAOYSA-N__NPJCNJLEQRDLJH-UHFFFAOYSA-N,9.734900209687291
MSXGQXSUHUIJBC-IDOBQSHNSA-N__MOFRJTLODZILCR-UHFFFAOYSA-N,4.6083417732719845
NPJCNJLEQRDLJH-UHFFFAOYSA-N__OQOGUOGGWYCIGA-UHFFFAOYSA-N,7.163735297648167
DHJMFTWUFYTGSE-UHFFFAOYSA-N__OBNYBGRXWHYZIF-UHFFFAOYSA-N,14.16443542839842
RDUWHGYIQCBGOG-UHFFFAOYSA-N__YZLHXAJTYDJDPP-UHFFFAOYSA-N,6.40551864210925
SCLKAMRNYTZDGS-NVQXNPDNSA-N__JXEAEDNLWXRMFA-UHFFFAOYSA-N,0.9211762207579482
VOAHRWUEPMHQRP-UHFFFAOYSA-N__ASEPRUKIEGALCM-UHFFFAOYSA-N,4.172355531950382
ASEPRUKIEGALCM-UHFFFAOYSA-N__VOAHRWUEPMHQRP-UHFFFAOYSA-N,14.04525581390167
OBNYBGRXWHYZIF-UHFFFAOYSA-N__DHJMFTWUFYTGSE-UHFFFAOYSA-N,15.427117031947605
TZNBPFQQOMOZNR-UHFFFAOYSA-N__NVINELIRWPBPJV-IODRSSLRSA-N,-23.628373052097377
HDWORIHRIBKNRS-UHFFFAOYSA-N__UHQDRZHBIAVZGE-UHFFFAOYSA-N,5.601458410582439
UHQDRZHBIAVZGE-UHFFFAOYSA-N__HDWORIHRIBKNRS-UHFFFAOYSA-N,5.483842889070837
ZNRLQJHZUGAULD-UHFFFAOYSA-N__WNUQCKLAJICKKF-UHFFFAOYSA-N,5.777987868919642
NVINELIRWPBPJV-IODRSSLRSA-N__TZNBPFQQOMOZNR-UHFFFAOYSA-N,-26.9393533747528
WNUQCKLAJICKKF-UHFFFAOYSA-N__ZNRLQJHZUGAULD-UHFFFAOYSA-N,9.141759215170454
DOKAFUOWUPRLLT-UHFFFAOYSA-N__MCWPREOEQONOCL-UHFFFAOYSA-N,4.891663147289195
FGFHJFZSUILAOU-UHFFFAOYSA-N__KGLCVWVARFQFKC-UHFFFAOYSA-N,2.3975373639751627
MCWPREOEQONOCL-UHFFFAOYSA-N__DOKAFUOWUPRLLT-UHFFFAOYSA-N,0.2821866932233526
ARXYTVXSACATCP-UHFFFAOYSA-N__FDJJEIYEJJPPHW-UHFFFAOYSA-N,2.4244142189604325
KGLCVWVARFQFKC-UHFFFAOYSA-N__FGFHJFZSUILAOU-UHFFFAOYSA-N,11.40652180947636
FDJJEIYEJJPPHW-UHFFFAOYSA-N__ARXYTVXSACATCP-UHFFFAOYSA-N,7.061267395944676
JQSHJNKNBAPUFA-UHFFFAOYSA-N__VKYMQSQILZKJLI-UHFFFAOYSA-N,6.392458342504801
VKYMQSQILZKJLI-UHFFFAOYSA-N__JQSHJNKNBAPUFA-UHFFFAOYSA-N,8.182375251911951
WCJOUVLLNGNYNV-UHFFFAOYSA-N__URRLOJSGMHAWPD-UHFFFAOYSA-N,2.4517218975903394
AFTJTWZHPCMFMB-UHFFFAOYSA-N__UOLKFYFRSIDUES-UHFFFAOYSA-N,3.871790424820295
UOLKFYFRSIDUES-UHFFFAOYSA-N__AFTJTWZHPCMFMB-UHFFFAOYSA-N,9.707403144266078
YOHDVKQEGWLMNE-UHFFFAOYSA-N__NLNMRCRQCDOORB-UHFFFAOYSA-N,7.9422283279719075
KFHYJDBDWSUZHB-JFIYKMOQSA-N__GXAVXHQQZLYQMO-UHFFFAOYSA-N,1.1276849829461997
AZLYPQVPJVOPPZ-UHFFFAOYSA-N__AOVYKQGXWKQOMX-UHFFFAOYSA-N,4.401919207259142
LSFCCCOTRGHEOS-UHFFFAOYSA-N__JMFDVDRXRIZZGX-ZCFIWIBFSA-N,-0.0548485862461865
POKUPNMGZXIMOZ-QFIPXVFZSA-N__VDAPLJNLRIKFQC-UHFFFAOYSA-N,1.829324048782811
RQYLUTCMYBMHME-UHFFFAOYSA-N__YERMZPQHZAPPBL-UHFFFAOYSA-N,2.930310455143945
VDAPLJNLRIKFQC-UHFFFAOYSA-N__POKUPNMGZXIMOZ-QFIPXVFZSA-N,8.976118899757509
KFDRTFIYUYBBPW-UHFFFAOYSA-N__LANQBEDVZHLSSJ-UHFFFAOYSA-N,9.878628572586496
KBQZHIMFBCJXHA-UHFFFAOYSA-N__VTOLPICRNHYARZ-UHFFFAOYSA-N,-0.0823177722713343
AXLOGRDFIXPWFY-UHFFFAOYSA-N__ZCJDDXXDHKEYGD-UHFFFAOYSA-N,4.627806981430406
FEZARQWSOHNUML-UHFFFAOYSA-N__LFEHNFNWGHUURY-UHFFFAOYSA-N,8.942014255492161
ZCJDDXXDHKEYGD-UHFFFAOYSA-N__AXLOGRDFIXPWFY-UHFFFAOYSA-N,11.814537413564986
VTOLPICRNHYARZ-UHFFFAOYSA-N__KBQZHIMFBCJXHA-UHFFFAOYSA-N,0.8872417179373766
WRMMBJNQHJVUCI-UHFFFAOYSA-N__KGZXWPPCQNCVNW-UHFFFAOYSA-N,2.495243369078611
VGCDZYMVRYGUIV-HJDKKLAYSA-N__RMYDCZQPNJDOGE-UHFFFAOYSA-N,9.810035730008751
KQBKLGIZECEKRC-UHFFFAOYSA-N__MUZVTMUFEFGAAK-UHFFFAOYSA-N,5.319215127318311
KGZXWPPCQNCVNW-UHFFFAOYSA-N__WRMMBJNQHJVUCI-UHFFFAOYSA-N,0.4603457563841606
LANQBEDVZHLSSJ-UHFFFAOYSA-N__KFDRTFIYUYBBPW-UHFFFAOYSA-N,11.503186572354275
RMYDCZQPNJDOGE-UHFFFAOYSA-N__VGCDZYMVRYGUIV-HJDKKLAYSA-N,10.790983313433992
DWEVRGVSQMCAFQ-UHFFFAOYSA-N__BIHCWNSZSZZYRO-UHFFFAOYSA-N,7.555303870653582
ZSFQDYFFYKJZRR-UHFFFAOYSA-N__BABVPQDLEUPIOJ-UHFFFAOYSA-N,1.634860189977843
JSJHDIAJYMMJOU-UHFFFAOYSA-N__HCYYVVYHPJMARK-UHFFFAOYSA-N,1.111360962251616
HCYYVVYHPJMARK-UHFFFAOYSA-N__JSJHDIAJYMMJOU-UHFFFAOYSA-N,2.764192059543916
GDVAHSJSLKYEEV-UHFFFAOYSA-N__JIDKECUVZVNLCX-UHFFFAOYSA-N,5.512701530781127
JIDKECUVZVNLCX-UHFFFAOYSA-N__GDVAHSJSLKYEEV-UHFFFAOYSA-N,0.3878089354094666
DMZDZEMMXIPVOS-UHFFFAOYSA-N__XTCDTRPUKAPOPL-UHFFFAOYSA-N,8.077353759084398
LPLJJBKZMDJUQS-UHFFFAOYSA-N__PFRRYTLSOBFZPS-UHFFFAOYSA-N,1.6135842271423408
RZQDBELSLBLYAP-UHFFFAOYSA-N__QDIUDKHTPFFBSG-UHFFFAOYSA-N,9.294091155479462
PFRRYTLSOBFZPS-UHFFFAOYSA-N__LPLJJBKZMDJUQS-UHFFFAOYSA-N,-2.483645980480281
XVJXVZXSWSLMEK-UHFFFAOYSA-N__KSBPCYWTQQFKHJ-ZDUSSCGKSA-N,7.220781984423517
ZKAOSOCMPBXHQJ-GJZGRUSLSA-N__OFCDDOBCQZHXDK-KCURMNHOSA-N,16.89049866833424
OFCDDOBCQZHXDK-KCURMNHOSA-N__ZKAOSOCMPBXHQJ-GJZGRUSLSA-N,10.685309417049115
IDSFHLWGBIYZAK-UHFFFAOYSA-N__FREAABDNJCOICZ-UHFFFAOYSA-N,7.535742893691193
INCQVICTJBWOLK-UHFFFAOYSA-N__HANUKWQYWARMFE-UHFFFAOYSA-N,7.3385095856038385
KSBPCYWTQQFKHJ-ZDUSSCGKSA-N__XVJXVZXSWSLMEK-UHFFFAOYSA-N,9.711209758896048
FREAABDNJCOICZ-UHFFFAOYSA-N__IDSFHLWGBIYZAK-UHFFFAOYSA-N,1.1798431825566718
DKXVYZNWNZPESY-UHFFFAOYSA-N__ZYVNPVNUZUVHTO-ARQDHWQXSA-N,-0.0232751974353044
VBUZAHLUWZTYIQ-UHFFFAOYSA-N__AAARDYJDWQMKEP-UHFFFAOYSA-N,3.2889494776155845
AAARDYJDWQMKEP-UHFFFAOYSA-N__VBUZAHLUWZTYIQ-UHFFFAOYSA-N,8.160483595861933
UPGDVXNJXYGSOO-UHFFFAOYSA-N__NWBRWTDBLZOLEB-UHFFFAOYSA-N,5.822414343320733
XPDVDZKAWDRGJC-LBPRGKRZSA-N__LUQOMJBRJHWQEO-UHFFFAOYSA-N,3.201026413112624
NWBRWTDBLZOLEB-UHFFFAOYSA-N__UPGDVXNJXYGSOO-UHFFFAOYSA-N,6.214389190598732
WMBUBSRKUVOHCR-UHFFFAOYSA-N__SBABNVSRZXHIGQ-UHFFFAOYSA-N,4.105353713686665
YYVNYXRGZCOERI-UHFFFAOYSA-N__PGYBASJJABDFCC-FBXMBPSZSA-N,1.887183217365165
SBABNVSRZXHIGQ-UHFFFAOYSA-N__WMBUBSRKUVOHCR-UHFFFAOYSA-N,1.2350338934303615
PGYBASJJABDFCC-FBXMBPSZSA-N__YYVNYXRGZCOERI-UHFFFAOYSA-N,2.9140582446442367
MWHPEGAIDNYDNN-UHFFFAOYSA-N__UPKZIHOMBWOIFO-UHFFFAOYSA-N,6.067441877039244
IHNKCUYQHZQTBK-UHFFFAOYSA-N__LTJIGYLMHFAUHF-UHFFFAOYSA-N,7.132654910158672
FISQHQHOKIGTNH-UHFFFAOYSA-N__UADNQLIJSMHFFD-UHFFFAOYSA-N,7.934727969108455
UADNQLIJSMHFFD-UHFFFAOYSA-N__FISQHQHOKIGTNH-UHFFFAOYSA-N,3.946798366309888
PWUIKHABRNBBRM-UHFFFAOYSA-N__BPTJMKRTIFNPFN-UHFFFAOYSA-N,12.964989979463716
SXLFGCQCGAACIS-UHFFFAOYSA-N__HTPFCQBRMHUAEU-VIZOYTHASA-N,2.728962573851912
HZHUKZNFLKEFFT-UHFFFAOYSA-N__QDQCMVLXGYWJKE-UHFFFAOYSA-N,3.739895783383375
SNAJGSSDOKPWIE-UHFFFAOYSA-N__AFOLDDFPHIAUKC-UHFFFAOYSA-N,12.531685774873791
YHMGCIQTKYZVIV-UHFFFAOYSA-N__ASIVJQHFZCLCEB-UHFFFAOYSA-N,9.694743499980168
OLZIOSWCDJZNFK-UHFFFAOYSA-N__QJAXAHYEFPEMFY-UHFFFAOYSA-N,3.827258421720313
GUNZWFFCOPDFCQ-ZIAGYGMSSA-N__YQKRPRLKBFXFIB-UHFFFAOYSA-N,13.902074194453412
ZWAJDQXQVFJJTE-MRXNPFEDSA-N__ABYCPGYHUTUAIB-UHFFFAOYSA-N,-5.865600047500071
SCZRPANTHDNTAF-UHFFFAOYSA-N__VYLBDMJHHXPDKJ-UHFFFAOYSA-N,1.8959340569783127
MPOUWSUWRSDCFM-HYXAFXHYSA-N__XAGCYJBOAFHXSF-NJHZRGNWSA-N,-1.6100249866725669
ITOLHPZSCCGIER-UHFFFAOYSA-N__RICKEKXHAKUBQM-UHFFFAOYSA-N,7.325729635662004
XAGCYJBOAFHXSF-NJHZRGNWSA-N__MPOUWSUWRSDCFM-HYXAFXHYSA-N,-0.3543457609139307
YJBWESIQXKPOGL-UHFFFAOYSA-N__IJVJADSMRKLYET-UHFFFAOYSA-N,6.462846033390225
ALSDVWKOHFALNZ-UHFFFAOYSA-N__IBSIUVCNHVJIDG-HXUWFJFHSA-N,6.9826066638418975
IJVJADSMRKLYET-UHFFFAOYSA-N__YJBWESIQXKPOGL-UHFFFAOYSA-N,5.0649592298201584
PBABUFWBKKMCAV-UHFFFAOYSA-N__INQYRQFDMZQCII-UHFFFAOYSA-N,-4.509751651626325
IBSIUVCNHVJIDG-HXUWFJFHSA-N__ALSDVWKOHFALNZ-UHFFFAOYSA-N,1.9858670539486365
APVLBAOVYUOJJI-FNORWQNLSA-N__NRELCSAQBWEHFC-UHFFFAOYSA-N,9.55968656216502
NFCHFRAZOXFEKZ-UHFFFAOYSA-N__SOCRPEMNSWJTMD-UHFFFAOYSA-N,5.491851011374081
HWGAMVQZOWQLDL-UHFFFAOYSA-N__NJNSTBXUOOVMFG-UHFFFAOYSA-N,8.953849076011828
NJNSTBXUOOVMFG-UHFFFAOYSA-N__HWGAMVQZOWQLDL-UHFFFAOYSA-N,11.10637341502441
WXHQRSIFNSOVMT-UHFFFAOYSA-N__RFVWIFCDNQFMFT-UHFFFAOYSA-N,3.2707186282492824
DETFLSDYBINXTG-INIZCTEOSA-N__HCEDIEFDQPIHPG-UHFFFAOYSA-N,0.7225978820247861
HCEDIEFDQPIHPG-UHFFFAOYSA-N__DETFLSDYBINXTG-INIZCTEOSA-N,1.704933489528394
WFQNOQGLVPYRDS-UHFFFAOYSA-N__WLCBMWGGMOQFPZ-UHFFFAOYSA-N,9.270033891897532
OTPGWDMMDUUSOT-UHFFFAOYSA-N__XSRXQYVQHMLQEY-UHFFFAOYSA-N,4.7570034198762015
WGKZGYWVJYXTQF-UHFFFAOYSA-N__VWXLTKJCWZRBGO-YFKPBYRVSA-N,5.931429916537683
RUXCYFPILXGOOQ-UHFFFAOYSA-N__DFSXJMFTYVJFNX-UHFFFAOYSA-N,1.1331790582898404
VCUCUGYKZBEDAO-UHFFFAOYSA-N__ROEDYLYADKLJDX-KVTDHHQDSA-N,-0.3859669987067011
ROEDYLYADKLJDX-KVTDHHQDSA-N__VCUCUGYKZBEDAO-UHFFFAOYSA-N,4.504268510569572
DRCKRODNWJYUCB-UHFFFAOYSA-N__WHGCRJYUFDZIIC-UHFFFAOYSA-N,4.95328028451398
FBPYDEFREGPRFX-UHFFFAOYSA-N__ADEKXUHMTOMEFI-UHFFFAOYSA-N,4.344995581380833
WHGCRJYUFDZIIC-UHFFFAOYSA-N__DRCKRODNWJYUCB-UHFFFAOYSA-N,4.181108844549645
BLQZCAHEFMEMPM-UHFFFAOYSA-N__UCCSLQAOIXESQX-UHFFFAOYSA-N,9.975745803533904
FLTWLYWVRCEBGB-UHFFFAOYSA-N__XFFPSNGANCCBCW-UHFFFAOYSA-N,0.3695918316797382
ADEKXUHMTOMEFI-UHFFFAOYSA-N__FBPYDEFREGPRFX-UHFFFAOYSA-N,12.347106289085891
HSLAUYBXAVNZJY-UHFFFAOYSA-N__MSLQKWPBXGHVDP-XAYKYTGQSA-N,6.310700057998816
MSLQKWPBXGHVDP-XAYKYTGQSA-N__HSLAUYBXAVNZJY-UHFFFAOYSA-N,8.022215546499234
CFKGGYABZGKDEO-UHFFFAOYSA-N__FRYKIPDMAMKMDF-UHFFFAOYSA-N,1.0843663202895295
UCCSLQAOIXESQX-UHFFFAOYSA-N__BLQZCAHEFMEMPM-UHFFFAOYSA-N,9.093371399819755
VASWZJBLETUNIM-UHFFFAOYSA-N__BDBKUFVAXIWVEW-UHFFFAOYSA-N,10.419327471611671
BDBKUFVAXIWVEW-UHFFFAOYSA-N__VASWZJBLETUNIM-UHFFFAOYSA-N,5.267949512898798
SQKDYZDLBBSUKS-UHFFFAOYSA-N__RQZDUONJBNIZNH-UHFFFAOYSA-N,2.362048140191137
LWJRZVCJSFAFJU-UHFFFAOYSA-N__PZKMKQKFVCKKJI-GICMACPYSA-N,8.106633568985528
PZKMKQKFVCKKJI-GICMACPYSA-N__LWJRZVCJSFAFJU-UHFFFAOYSA-N,1.8446851116195204
CWTJEUUGKHHZFN-UHFFFAOYSA-N__QKFZRMAXMAKAOA-UHFFFAOYSA-N,1.317008192506674
HKVAJHYURALOCU-UHFFFAOYSA-N__LEATVHGXIDFEHW-UHFFFAOYSA-N,0.3408686226456683
AYRJFVUVGCHPSS-UHFFFAOYSA-N__KZJWONLCWKXPDD-UHFFFAOYSA-N,2.60427838589475
MRMKVDUSMPKGAX-OAQYLSRUSA-N__GHSXVHVIWHOHSO-UHFFFAOYSA-N,-2.658659509029351
LEATVHGXIDFEHW-UHFFFAOYSA-N__HKVAJHYURALOCU-UHFFFAOYSA-N,2.150412004017526
XMVYTPYSDIXKSA-UHFFFAOYSA-N__UPMCBUJBSJIUAM-UHFFFAOYSA-N,-0.1275438546480421
QKNCJGMIWUQWEN-MOENNCHZSA-N__AHMFAOXSMZIGBB-FQEVSTJZSA-N,6.22673241005106
NJBMYOBPMLVCSK-UHFFFAOYSA-N__ZALLAXQDWYHHMZ-YMMPFGLASA-N,1.8287044011803864
ZALLAXQDWYHHMZ-YMMPFGLASA-N__NJBMYOBPMLVCSK-UHFFFAOYSA-N,2.223155887516888
RKIKORNQASABHZ-UHFFFAOYSA-N__LLUXLMGMIIVFBU-UHFFFAOYSA-N,4.626163525316327
HCGVIAAVISYZPU-UHFFFAOYSA-N__MEYGPVWNDAFEBJ-GPFWEFOESA-N,0.9087081391558328
NGFVOORKRLBQJQ-INIZCTEOSA-N__KHGVLZLITXPGBW-UHFFFAOYSA-N,7.16590176332374
KHGVLZLITXPGBW-UHFFFAOYSA-N__NGFVOORKRLBQJQ-INIZCTEOSA-N,0.0989572307095698
BGNUQQQCSWQESZ-UHFFFAOYSA-N__LTKZLVBKVJFWAP-UHFFFAOYSA-N,4.1002757920756485
GJMSJZDRVCUHQT-UHFFFAOYSA-N__DHFKBQNLCNKAIE-UHFFFAOYSA-N,4.073353047770747
QOEZQCXMXDRFME-UHFFFAOYSA-N__VQOJUZBHMYFQBX-UHFFFAOYSA-N,4.937691299926701
FBJCCVJUJYKETO-BBRMVZONSA-N__KXBVOYGCJUGACL-UHFFFAOYSA-N,8.65278788508464
KYANSQIWFIOLIH-UHFFFAOYSA-N__PNCSIHXMGJJNKD-UHFFFAOYSA-N,-1.3910398230477905
FJFGRYARPGRTQS-UHFFFAOYSA-N__HLPQTQDJEXCBDP-UHFFFAOYSA-N,2.1458049560131403
HOEMIFLJMACYNB-UHFFFAOYSA-N__DUZDFEXRCGNRLA-UHFFFAOYSA-N,-3.906167385270873
DUZDFEXRCGNRLA-UHFFFAOYSA-N__HOEMIFLJMACYNB-UHFFFAOYSA-N,4.75723299395817
KQCNIQOOVCFQQN-UHFFFAOYSA-N__LMKXMJMRHAPHES-UHFFFAOYSA-N,4.475557747079794
KKQXWQKNWPXKME-UHFFFAOYSA-N__QNTJBVIFZUJKAX-ZDUSSCGKSA-N,3.251955070921269
QNTJBVIFZUJKAX-ZDUSSCGKSA-N__KKQXWQKNWPXKME-UHFFFAOYSA-N,12.523198671079362
NACVOLSGFQAFPC-UHFFFAOYSA-N__DMYYIYGCKQZCLT-UHFFFAOYSA-N,4.511782796058082
SKSOOXURDAJIPH-UHFFFAOYSA-N__RMSJDMKMZCXNEB-UHFFFAOYSA-N,1.268793291855108
NYRPMOIPQNHQBP-ZENAZSQFSA-N__STLKPZPRUKSJEL-UHFFFAOYSA-N,13.132072959998812
STLKPZPRUKSJEL-UHFFFAOYSA-N__NYRPMOIPQNHQBP-ZENAZSQFSA-N,-5.023094630208377
QLTMBSKFPNWYRY-UHFFFAOYSA-N__PTQKNSUWBLOMKP-UHFFFAOYSA-N,6.043573764756708
OFJPDEHDXLJBOU-UHFFFAOYSA-N__YBXPINVIVDYVKR-UHFFFAOYSA-N,5.554388903502262
UBPDBBKOVLFPQZ-UHFFFAOYSA-N__OGFKMNSELMYAHS-UHFFFAOYSA-N,6.644890233929826
PBVQZXROEZKVPO-UHFFFAOYSA-N__LNJBZGHFIAYZHS-UHFFFAOYSA-N,3.848648748660172
HBUYVXWHCZLMLE-UHFFFAOYSA-N__HMKSYCQTKQDFQP-UHFFFAOYSA-N,0.7042775773349224
ZUZCOSPFPWSONP-UHFFFAOYSA-N__YRFVQKSVSRQVOI-UHFFFAOYSA-N,3.530287349864075
YBEZORYMVISYOA-UHFFFAOYSA-N__KWIFQBLXLJEGGR-UHFFFAOYSA-N,3.91742080379409
SAZKSEYBIGBWDX-UHFFFAOYSA-N__CIWNFYMWPZGQBY-UHFFFAOYSA-N,-4.221870743754355
YRFVQKSVSRQVOI-UHFFFAOYSA-N__ZUZCOSPFPWSONP-UHFFFAOYSA-N,5.947094995831597
WRJMCGCHCCGPDC-UHFFFAOYSA-N__CDPYSRCWXDFHBW-UHFFFAOYSA-N,5.200841736400653
JPCJPCMYCWSGSS-YJBOKZPZSA-N__OKGOODRCJKUPCF-KRWDZBQOSA-N,12.801943379972034
UYNATJDXAZUIBH-UHFFFAOYSA-N__VZVLSEHPVQUNKC-UHFFFAOYSA-N,6.441611328652296
IQYSGMQBWUIFHD-UHFFFAOYSA-N__PNXZCWIRQQNXDD-UHFFFAOYSA-N,4.721934242896351
CIWNFYMWPZGQBY-UHFFFAOYSA-N__SAZKSEYBIGBWDX-UHFFFAOYSA-N,6.041601707963993
DRVOBERBIXTABY-UHFFFAOYSA-N__YGCRQAOHADEOEC-GGOJBBCOSA-N,12.225299771929
YGCRQAOHADEOEC-GGOJBBCOSA-N__DRVOBERBIXTABY-UHFFFAOYSA-N,1.5772458073918367
XSPPJSHOBSWMEE-VZUCSPMQSA-N__KRLPGKSPJXKCHV-UHFFFAOYSA-N,9.166762404181448
DPTJDPFLHUJXSQ-UHFFFAOYSA-N__LHTHVTVTLKMDSK-UHFFFAOYSA-N,3.4270049330688903
UOYUAJMRJDTJJK-UHFFFAOYSA-N__LOZOIDHCMWKHSZ-UHFFFAOYSA-N,4.27223191955703
KRLPGKSPJXKCHV-UHFFFAOYSA-N__XSPPJSHOBSWMEE-VZUCSPMQSA-N,8.38681674944654
LOUGXFZIQDPARV-UHFFFAOYSA-N__SOUURKOMWLCQRZ-UHFFFAOYSA-N,2.9778707347904034
XSZHDDOLOVKWQY-UHFFFAOYSA-N__PMXGKWGTFKQXSO-ZROIWOOFSA-N,4.7207795790334925
PMXGKWGTFKQXSO-ZROIWOOFSA-N__XSZHDDOLOVKWQY-UHFFFAOYSA-N,9.147507252169977
QQRNEBQSENRDON-TZMCWYRMSA-N__LEUGWPTYVRTOEO-UHFFFAOYSA-N,2.90308328649786
KJPDFKKTBYKYQP-UHFFFAOYSA-N__XNKRRYDKBSNUKW-UHFFFAOYSA-N,8.711284498922103
SJLIQPXFVZOSRT-UHFFFAOYSA-N__BBBHULMPWUMTLV-SOFGYWHQSA-N,2.852351545229218
YFBAKWQKSNTXRV-UHFFFAOYSA-N__IAGMJZLCUIIDAO-UHFFFAOYSA-N,3.9529282397850256
YOFVBFNYUKLOLC-UHFFFAOYSA-N__YECJFELFJPWKPS-GFCCVEGCSA-N,0.2861520292600941
MFDNLKALCTTZTR-UHFFFAOYSA-N__APGROXPUDTZKIY-UHFFFAOYSA-N,1.0450198947740263
DVPPJQUDUQPTET-UHFFFAOYSA-N__MMKXDZYYLZFVBP-KAYWLYCHSA-N,1.518236681752955
YYFKAZVWJVACRD-UHFFFAOYSA-N__CHYJNWBOFYTOAK-UHFFFAOYSA-N,4.7747709057661885
CHYJNWBOFYTOAK-UHFFFAOYSA-N__YYFKAZVWJVACRD-UHFFFAOYSA-N,8.365754428998057
KJJJFRXSKKUBAR-UHFFFAOYSA-N__YJWRPRQAWAXJIC-UHFFFAOYSA-N,-0.9955659769279068
ZQWRCKVJGVFTGQ-UHFFFAOYSA-N__KLEUAXVEYYUAJX-UHFFFAOYSA-N,7.961889940737595
MNDSDSKHCOGXRZ-MHZLTWQESA-N__SJEVGUBJDYPVPW-UHFFFAOYSA-N,5.377688073255418
CPWMLYGFXKSFRR-UHFFFAOYSA-N__TWUNANFOBIKHGE-UHFFFAOYSA-N,10.58312048030723
SJEVGUBJDYPVPW-UHFFFAOYSA-N__MNDSDSKHCOGXRZ-MHZLTWQESA-N,6.961291094990532
KLEUAXVEYYUAJX-UHFFFAOYSA-N__ZQWRCKVJGVFTGQ-UHFFFAOYSA-N,9.062384295235647
NNUJNQQAIHWULT-OUKQBFOZSA-N__KGPQENVSPMPRMM-UHFFFAOYSA-N,7.563416943805219
KGPQENVSPMPRMM-UHFFFAOYSA-N__NNUJNQQAIHWULT-OUKQBFOZSA-N,3.713364030846176
BUGKLXFWSJVIFJ-ZIAGYGMSSA-N__OILZEZQERWEKGV-UHFFFAOYSA-N,3.610772539619446
FSGBQTJLFMKVHQ-UHFFFAOYSA-N__AEDNYXRSBOBNQI-UHFFFAOYSA-N,1.9206656052471047
HBIOASKCQSACJZ-SIPOYVIUSA-N__QGFIIQKAZWOZEF-UHFFFAOYSA-N,2.940896258659168
YNQXBZWOELBBQT-UHFFFAOYSA-N__UCRAAKZYGWMEMP-IAPIXIRKSA-N,2.415806698327361
VHYNIBQZRYGHEG-UHFFFAOYSA-N__BISUBFNNRJXOQV-HIGDUGLOSA-N,5.731826582880185
MSSPIOBIUVYQDZ-UHFFFAOYSA-N__ZIXDPEUAHLROFS-UHFFFAOYSA-N,2.6496649270820622
AEDNYXRSBOBNQI-UHFFFAOYSA-N__FSGBQTJLFMKVHQ-UHFFFAOYSA-N,6.82543527511554
CTUMOEJPHSITAO-SEYXRHQNSA-N__PWKLLBRXPMPRAI-ZVDOUQERSA-N,1.7875180894753135
PWKLLBRXPMPRAI-ZVDOUQERSA-N__CTUMOEJPHSITAO-SEYXRHQNSA-N,5.249399715882111
STGPKASWTIWUML-UHFFFAOYSA-N__LPZAELPBFFNPGT-UHFFFAOYSA-N,9.493456957054873
SEQBGRULMRPZNS-UHFFFAOYSA-N__CMMDGFXXTCDMQT-UHFFFAOYSA-N,8.457050443887443
QGJNZARLLQNXMC-UHFFFAOYSA-N__GPHCCBPGWBXUJR-UHFFFAOYSA-N,-1.8826802977352952
BISUBFNNRJXOQV-HIGDUGLOSA-N__VHYNIBQZRYGHEG-UHFFFAOYSA-N,2.641240713896353
BKHFMAZIYXOIFV-UHFFFAOYSA-N__XYVBLIHPMBMXPN-UHFFFAOYSA-N,3.161240908894401
PZWUENOVPKZPIC-UHFFFAOYSA-N__RSUANEZLDHOKBZ-UHFFFAOYSA-N,5.454855948141724
HDBLQRYQANGQJT-UHFFFAOYSA-N__JNBHUZBJWNEVSU-UHFFFAOYSA-N,6.707600304247442
JNBHUZBJWNEVSU-UHFFFAOYSA-N__HDBLQRYQANGQJT-UHFFFAOYSA-N,3.293799367292069
ZHJBZIANKVWBRP-ONEGZZNKSA-N__UJQQYHYUZDNOAJ-VAWYXSNFSA-N,6.654971344602931
CXUPCVJCGJSHDV-UHFFFAOYSA-N__JQBNAAZURLCIMC-UHFFFAOYSA-N,2.3031230070484168
UJQQYHYUZDNOAJ-VAWYXSNFSA-N__ZHJBZIANKVWBRP-ONEGZZNKSA-N,4.397695968055401
IGSFIDWIZZWOIL-UHFFFAOYSA-N__YWWSTWLNICEXHR-UHFFFAOYSA-N,1.876577697234228
ABKYCVDVDLUYCC-UHFFFAOYSA-N__KNMMZWGGJDRXDG-LBPRGKRZSA-N,4.4911999957145206
QOJAIPZBZNOLPA-UHFFFAOYSA-N__DEEYYQCWEHINCW-NTSWFWBYSA-N,2.2387400081010984
DEEYYQCWEHINCW-NTSWFWBYSA-N__QOJAIPZBZNOLPA-UHFFFAOYSA-N,3.87874906075488
MSBUXWHBPNPGTG-UHFFFAOYSA-N__YUIJKQQPHVNLMX-UHFFFAOYSA-N,-0.1919365178952635
TWGAXZULABPGAB-UHFFFAOYSA-N__XFQZJNCEQHUARG-UHFFFAOYSA-N,4.210240677781662
FYCOPKBBONURNI-UHFFFAOYSA-N__WSHJXUDTDGAWHY-LBPRGKRZSA-N,-0.2769000656380457
SMGGODAWJMXEOO-UHFFFAOYSA-N__HVUAAWVKLNVXFU-UHFFFAOYSA-N,5.779789613337977
LIKXKQIFBAUODS-UHFFFAOYSA-N__OVPXWCACSURXRK-YHMJZVADSA-N,5.511093847964633
HVUAAWVKLNVXFU-UHFFFAOYSA-N__SMGGODAWJMXEOO-UHFFFAOYSA-N,9.942609637417853
OVPXWCACSURXRK-YHMJZVADSA-N__LIKXKQIFBAUODS-UHFFFAOYSA-N,1.892906252985133
OHBIDKUEXHLMNQ-UHFFFAOYSA-N__KEBLLWVNDGQEFM-UHFFFAOYSA-N,4.307129484712273
LCKDSXAASZEOEH-UHFFFAOYSA-N__XFHWAQNDUZXGPF-UHFFFAOYSA-N,0.4755678948651762
OYBFEPUHSRVSBE-UHFFFAOYSA-N__JVLNRPUIZYLLQQ-UHFFFAOYSA-N,1.3079105551319676
MIBUGDHIUHMDAX-UHFFFAOYSA-N__IMBKSCCIYDGIDI-UHFFFAOYSA-N,4.864084302467891
QORLPEBUYRNEAD-UHFFFAOYSA-N__YPNGEFMUSFEBOX-KIYNQFGBSA-N,8.29511730580591
PEXYNXMCESXESH-UHFFFAOYSA-N__TVMPATOFWAHPAV-UHFFFAOYSA-N,4.255357091695701
OPDQOKREXYCJHD-JGVPYUGNSA-N__MIZDCJVWRWQQIU-UHFFFAOYSA-N,10.790778518294806
BYRMWYXLDWRVHO-UHFFFAOYSA-N__PDFMGVZOHYQZAD-UHFFFAOYSA-N,4.133178312546582
WWJVKJQQFZGSQX-UHFFFAOYSA-N__OBGJRHWMXKTFID-SECBINFHSA-N,0.1328965662864792
UVXYZOMVLNVZMC-UHFFFAOYSA-N__SRWUIJALJXADCI-UHFFFAOYSA-N,1.5072255818401252
YNPMAKOIXHNGCE-UHFFFAOYSA-N__GVXPCFVWPBMKKE-UHFFFAOYSA-N,7.321887580105494
PJIKJXAJINFBGL-UWBLVGDVSA-N__RGRSKNIDRMVMJG-UHFFFAOYSA-N,8.111925827188898
GLXCOYDKEFPEBZ-UHFFFAOYSA-N__YDMFPBKQOUQFHQ-UHFFFAOYSA-N,4.867590650926063
RGRSKNIDRMVMJG-UHFFFAOYSA-N__PJIKJXAJINFBGL-UWBLVGDVSA-N,6.551582707257727
DATHDLBUMDKKQN-UHFFFAOYSA-N__IRQSXUSKHUAQFO-ZDUSSCGKSA-N,12.939777419379642
YDMFPBKQOUQFHQ-UHFFFAOYSA-N__GLXCOYDKEFPEBZ-UHFFFAOYSA-N,8.60802873744301
OTWHZCJQMQNFLX-UHFFFAOYSA-N__PGMMNVQTXCVTSZ-UHFFFAOYSA-N,-0.5863273321409233
WZYATGGRHPWBCT-VTOVKPRRSA-N__ODQKIRHPVMTFCR-UHFFFAOYSA-N,0.4590895951500443
DWEVNDXMQFQAPA-UHFFFAOYSA-N__OCSYHXIXRDIURJ-UHFFFAOYSA-N,1.7215902359694395
PIBDOXNFPCVYQM-UHFFFAOYSA-N__KIVOSHLZWMPXED-UHFFFAOYSA-N,10.59645293080313
XAUFTJBAXRDAGX-UHFFFAOYSA-N__CAVZOIPWOMKMEX-UHFFFAOYSA-N,11.988817768183488
LISMJUFOWLEDQI-UHFFFAOYSA-N__LWWQOCHDGNIKKD-UHFFFAOYSA-N,4.001146350859819
KIVOSHLZWMPXED-UHFFFAOYSA-N__PIBDOXNFPCVYQM-UHFFFAOYSA-N,6.171076382851727
OCSYHXIXRDIURJ-UHFFFAOYSA-N__DWEVNDXMQFQAPA-UHFFFAOYSA-N,4.048331042806081
FLMCCOBDCRTNLO-UHFFFAOYSA-N__GQFRYSRYEBKIAC-MLGOLLRUSA-N,7.777777791540557
UJMILAIBLQWCES-UHFFFAOYSA-N__RZEHIFFEMXEEFU-CYBMUJFWSA-N,4.322656079494598
RSQDNWFOVDOQKQ-UHFFFAOYSA-N__QDHYJBBBZINWOM-UHFFFAOYSA-N,8.140002785203986
GHUSBDBKHXOZRT-UHFFFAOYSA-N__ZQGPAXVSPFAFNP-SECBINFHSA-N,0.4612765334267316
UAJQLZMUPILOBU-UGKGYDQZSA-N__BADZIZBONOXXJG-UHFFFAOYSA-N,4.883432176370392
SXJUSRKULDPSER-UHFFFAOYSA-N__ZXAQAAPWUXODNL-UHFFFAOYSA-N,-0.0885233816864205
GQFRYSRYEBKIAC-MLGOLLRUSA-N__FLMCCOBDCRTNLO-UHFFFAOYSA-N,8.646230548415204
GVUZMFVSGYDJBU-KOLCDFICSA-N__NEQUCCGKAVEKBG-UHFFFAOYSA-N,2.9092957068441585
CVXIPPSJAASVOW-OAHLLOKOSA-N__PHGACOALDHQRLJ-UHFFFAOYSA-N,3.636296663351946
PHGACOALDHQRLJ-UHFFFAOYSA-N__CVXIPPSJAASVOW-OAHLLOKOSA-N,4.102363868264711
BJXUCBAQZJITKD-UHFFFAOYSA-N__CUXNKKBZRGEOKQ-UHFFFAOYSA-N,5.960510790632345
UUGBFMDNZSIJNZ-UHFFFAOYSA-N__MSTRXBNWNQMJRO-UHFFFAOYSA-N,4.441576274929874
YRWMJWDAZPHXRQ-UHFFFAOYSA-N__QEPLHIIYDWWWJD-UHFFFAOYSA-N,17.506278321008114
QEPLHIIYDWWWJD-UHFFFAOYSA-N__YRWMJWDAZPHXRQ-UHFFFAOYSA-N,7.545354800816948
CUXNKKBZRGEOKQ-UHFFFAOYSA-N__BJXUCBAQZJITKD-UHFFFAOYSA-N,2.4907523659387976
KSYZILNEGZHINJ-UHFFFAOYSA-N__QKUSOKJDASMZAD-QGZVFWFLSA-N,0.5050878124921508
CBGYZHAMWLLFRF-UHFFFAOYSA-N__RJAFZMCQIFYPQU-UHFFFAOYSA-N,-0.305324996377373
BDISUOPQOUUITI-UHFFFAOYSA-N__PXFZECOLQARHSM-INIZCTEOSA-N,8.69482736066295
PXFZECOLQARHSM-INIZCTEOSA-N__BDISUOPQOUUITI-UHFFFAOYSA-N,5.935149527927713
LQYIAEXZDSQFAT-UHFFFAOYSA-N__MJLSTICPGHLASE-SSDOTTSWSA-N,8.753116378783814
FQDNRIKBPZWEJX-LLVKDONJSA-N__NRUCNROAYTVHKK-UHFFFAOYSA-N,3.639999394373457
MJLSTICPGHLASE-SSDOTTSWSA-N__LQYIAEXZDSQFAT-UHFFFAOYSA-N,3.4284173733283367
RJAFZMCQIFYPQU-UHFFFAOYSA-N__CBGYZHAMWLLFRF-UHFFFAOYSA-N,1.001572870119714
NRUCNROAYTVHKK-UHFFFAOYSA-N__FQDNRIKBPZWEJX-LLVKDONJSA-N,1.6930254838150245
AXTLEVCKDIMQDV-UHFFFAOYSA-N__XGQBXDHMIVRUNF-JOCHJYFZSA-N,0.5019781378555733
IBZHPVHMOMEGSR-LRTDYKAYSA-N__MLZDZNDNGTTYAM-UHFFFAOYSA-N,1.8387355462622983
IRBPNLSOZVJLPM-UHFFFAOYSA-N__DRRHZRFITLDLDL-UHFFFAOYSA-N,8.001449691607078
DRRHZRFITLDLDL-UHFFFAOYSA-N__IRBPNLSOZVJLPM-UHFFFAOYSA-N,11.607453214081543
SFBHBXNYXXLNQC-OKILXGFUSA-N__BANPWWOIAZEKPI-UHFFFAOYSA-N,-9.065400768650642
XGQBXDHMIVRUNF-JOCHJYFZSA-N__AXTLEVCKDIMQDV-UHFFFAOYSA-N,1.4596412077540375
UVGCMXZLCBASKC-UHFFFAOYSA-N__VNNAKSAJEAGVIC-UHFFFAOYSA-N,4.836125224813114
NXHWHDFSTHRPKM-UHFFFAOYSA-N__VPSSMYHETFDNIS-UHFFFAOYSA-N,2.805976075906138
VPSSMYHETFDNIS-UHFFFAOYSA-N__NXHWHDFSTHRPKM-UHFFFAOYSA-N,1.6725533810073956
QAOFDUOBZPDQLQ-UHFFFAOYSA-N__ZAFHARZLOLQXBR-RGURZIINSA-N,-2.0104428172899453
AJXWRBHJUJOFCT-MNOVXSKESA-N__OYSGDZHBMLDEFX-UHFFFAOYSA-N,4.108819393026736
FNLZRJFSPVDFRL-UHFFFAOYSA-N__NPGHNKUSUZBUSQ-ZYXZCXLHSA-N,2.509633976696913
KHWIMXDJDDJWFF-YIXKLDTESA-N__KNZCAGCZYDUJNP-UHFFFAOYSA-N,8.353579234060174
KNZCAGCZYDUJNP-UHFFFAOYSA-N__KHWIMXDJDDJWFF-YIXKLDTESA-N,1.1684527484749048
PUTJFIQGLGDLIT-RNDOZLNUSA-N__ZDYSPIWJBFWKCN-UHFFFAOYSA-N,3.8760894658817446
FVDBGVXCOUCUJN-UHFFFAOYSA-N__OZJALDLEPMQXGZ-UHFFFAOYSA-N,6.12401895512984
FLXJYCLKNFZIMY-BUSXIPJBSA-N__KPFTUGHKKLRMJG-UHFFFAOYSA-N,6.610198540927224
HNHVSRMHIMZZLH-UHFFFAOYSA-N__SFMLXZVPILGXKK-UHFFFAOYSA-N,1.06874513623165
RNQMAUOXFYWULG-UHFFFAOYSA-N__YHZZZWJJFUKZOE-CKIVDRAYSA-N,0.3181723565035626
FIUSYIIDRKTEPR-UHFFFAOYSA-N__RWAUPDBWECXKKL-UHFFFAOYSA-N,9.166355890065237
ZJKBUEGLIMICIY-UHFFFAOYSA-N__CRWXNWOJTIFVLC-UHFFFAOYSA-N,7.7789075398453615
YHZZZWJJFUKZOE-CKIVDRAYSA-N__RNQMAUOXFYWULG-UHFFFAOYSA-N,3.0269538603820694
MELQJSJVVBQOKA-UHFFFAOYSA-N__NBMDUYBNLUMKFR-HNNXBMFYSA-N,5.345411247592379
OAYOREDZDMUDMH-UHFFFAOYSA-N__KTMZHOITYCWAQA-UHFFFAOYSA-N,6.320961857957148
CRWXNWOJTIFVLC-UHFFFAOYSA-N__ZJKBUEGLIMICIY-UHFFFAOYSA-N,3.487724935136425
OBCJHVLJQJVBSQ-WVDARTDPSA-N__ZQBMKGQMJPYKNE-UHFFFAOYSA-N,18.09800361176564
FTZILAQGHINQQR-ZCFIWIBFSA-N__OTZSMPIOUGPDMW-UHFFFAOYSA-N,0.6262984499293749
VZCULZJNALRGNB-XEZODYMFSA-N__DZTSTFVIUSBYTC-UHFFFAOYSA-N,9.788355422279274
DZTSTFVIUSBYTC-UHFFFAOYSA-N__VZCULZJNALRGNB-XEZODYMFSA-N,0.6585559144617653
UQVSAFIIPCGUTN-UHFFFAOYSA-N__DIQQESKBTLPISF-UHFFFAOYSA-N,-0.4055502660737306
DIQQESKBTLPISF-UHFFFAOYSA-N__UQVSAFIIPCGUTN-UHFFFAOYSA-N,3.3646417920629954
CKBNMAMIEVOZPP-UHFFFAOYSA-N__SSVSYYPIXJGFBY-UHFFFAOYSA-N,-4.849332610055477
BJRQIXRRYQBELL-UHFFFAOYSA-N__DVICGENITYJGKG-UHFFFAOYSA-N,3.7467552143010328
SSVSYYPIXJGFBY-UHFFFAOYSA-N__CKBNMAMIEVOZPP-UHFFFAOYSA-N,-0.664821563257067
USUDBFJEEPPNCO-UHFFFAOYSA-N__JWYJBGFKWDGSHL-VWLOTQADSA-N,9.09508020775764
JWYJBGFKWDGSHL-VWLOTQADSA-N__USUDBFJEEPPNCO-UHFFFAOYSA-N,9.142289892808066
ACBDAJRWKXDVSW-UHFFFAOYSA-N__ZHSNFVKXVRQGKU-UHFFFAOYSA-N,2.422840252151071
KTAJIJJQUXLKCG-UHFFFAOYSA-N__QNMSHQBPAXEEMR-UHFFFAOYSA-N,2.60991493969568
QNMSHQBPAXEEMR-UHFFFAOYSA-N__KTAJIJJQUXLKCG-UHFFFAOYSA-N,6.188713449310938
AZZGEAAWPJOTSX-UHFFFAOYSA-N__PSIKYMDHQTXTCS-UHFFFAOYSA-N,1.081029806587332
ZHSNFVKXVRQGKU-UHFFFAOYSA-N__ACBDAJRWKXDVSW-UHFFFAOYSA-N,2.919392623654573
PJRIHFDEUARMTN-UHFFFAOYSA-N__MGPNWSNUKDKEBZ-UHFFFAOYSA-N,1.0967500266587025
NFCNWUWPDBEYTH-UHFFFAOYSA-N__ZHUZRYIZIIGBDQ-UHFFFAOYSA-N,5.3767712419569085
YFZPDRRFCYHYPX-UHFFFAOYSA-N__HWKSJXTXAXFEHF-UHFFFAOYSA-N,5.094843472341733
HPGOVFXEVNYHSX-ZBFHGGJFSA-N__KNLVIFYODVNWPH-UHFFFAOYSA-N,11.284388580641249
SOPPWJSZTYGDAJ-UHFFFAOYSA-N__BNTLHGZVZSXPNP-RITPCOANSA-N,7.57035950529438
ZMOJKUACDCGEBW-HWKANZROSA-N__PDLFFURYYVZQGG-UHFFFAOYSA-N,12.513780280307133
KNLVIFYODVNWPH-UHFFFAOYSA-N__HPGOVFXEVNYHSX-ZBFHGGJFSA-N,7.214290700560481
RAFXVUOGNFALFQ-UHFFFAOYSA-N__SAISBYQFMULJGT-UHFFFAOYSA-N,20.342168360355824
SAISBYQFMULJGT-UHFFFAOYSA-N__RAFXVUOGNFALFQ-UHFFFAOYSA-N,17.109821841399224
UILIPBRWEVFEAY-UHFFFAOYSA-N__QQQNSMCUQGCKBE-MUAVYFROSA-N,10.594608814819248
KIIJPPPZXFQNGX-UHFFFAOYSA-N__BZJIBYPLUNADBP-UHFFFAOYSA-N,2.538135851155071
BZJIBYPLUNADBP-UHFFFAOYSA-N__KIIJPPPZXFQNGX-UHFFFAOYSA-N,2.2148116006146576
LFJGXMNBJUVGAH-UHFFFAOYSA-N__CHIKJTDDIJELFA-UHFFFAOYSA-N,-1.0202275692598692
ANVJARPTPIVPRC-UHFFFAOYSA-N__FHYFOEYJVAVBOF-UHFFFAOYSA-N,6.700589420568891
FHYFOEYJVAVBOF-UHFFFAOYSA-N__ANVJARPTPIVPRC-UHFFFAOYSA-N,4.528959535110302
CHIKJTDDIJELFA-UHFFFAOYSA-N__LFJGXMNBJUVGAH-UHFFFAOYSA-N,2.597047871086486
UMXRAJZATIVFES-UHFFFAOYSA-N__AEHRXQDJQVVMOH-HZPDHXFCSA-N,3.0984599917514326
AEHRXQDJQVVMOH-HZPDHXFCSA-N__UMXRAJZATIVFES-UHFFFAOYSA-N,10.662062768567392
CYBIWBIFKAUICM-UHFFFAOYSA-N__ORNBKLYSVQXEMN-UHFFFAOYSA-N,-1.9854034165283807
ORNBKLYSVQXEMN-UHFFFAOYSA-N__CYBIWBIFKAUICM-UHFFFAOYSA-N,-0.7851505366994094
HSFRJQJIKUCOQJ-UHFFFAOYSA-N__KXXJYZDAWBFRSK-UHFFFAOYSA-N,0.8012284858586344
KXXJYZDAWBFRSK-UHFFFAOYSA-N__HSFRJQJIKUCOQJ-UHFFFAOYSA-N,5.781635621532552
LILVVZJBGYMAKS-UHFFFAOYSA-N__GDDVERSXIZSSPJ-XHSDSOJGSA-N,-5.79454272683458
YFTKNXYSOZLDAE-UHFFFAOYSA-N__QNBDTBCNQCXDCO-IRXDYDNUSA-N,4.031680520100264
XZXACAZJXFLEFM-UHFFFAOYSA-N__JUCRKZFPGMSRHG-SFHVURJKSA-N,6.8334465139591405
PENXLTMKEACYNY-UHFFFAOYSA-N__BFUZWMOATPVJLX-UHFFFAOYSA-N,6.475865146236668
AJBZMYVPFPKCEI-UHFFFAOYSA-N__WTNZVGUJBBDDCA-FQEVSTJZSA-N,2.199246090668844
XIMVTUCVAOVOPN-UHFFFAOYSA-N__SHYHYFZNZQTOSJ-UHFFFAOYSA-N,3.1585961897479327
DEQICOQRNSROBW-UHFFFAOYSA-N__QHWLKJNRNWOMFD-UHFFFAOYSA-N,12.559652232036134
QHWLKJNRNWOMFD-UHFFFAOYSA-N__DEQICOQRNSROBW-UHFFFAOYSA-N,11.243057676330794
DLNOFQSQROLCQA-UHFFFAOYSA-N__LLSVQEIVIRELNN-UHFFFAOYSA-N,4.884644352623298
ZTSJINHQOXTRAX-UHFFFAOYSA-N__HWLRBDAQXSGQEW-UHFFFAOYSA-N,1.7669290811625666
CWCHYFQASHVKOM-UHFFFAOYSA-N__YOWMLLNMOBJYCL-UHFFFAOYSA-N,4.380266890964522
YOWMLLNMOBJYCL-UHFFFAOYSA-N__CWCHYFQASHVKOM-UHFFFAOYSA-N,9.686329458425698
CKLGXLNGZOKZKG-UHFFFAOYSA-N__IXWMOQFWWWJYLE-UHFFFAOYSA-N,7.516617632769657
WMNRANXYAMQHGS-UHFFFAOYSA-N__JFZWMGUHSJWZJU-UHFFFAOYSA-N,4.456487742434475
SGBOXDCDSIEPLQ-UHFFFAOYSA-N__DBKPWFQVPZFOJN-UHFFFAOYSA-N,0.4585626754668421
XBYHDVVCSZJOSH-UHFFFAOYSA-N__VQERPEDIWUNZRW-UHFFFAOYSA-N,9.009874033360218
KGOZTRWYXDCQSU-UHFFFAOYSA-N__QHAVKKKWGZSKGJ-UHFFFAOYSA-N,-5.562129404120532
VQERPEDIWUNZRW-UHFFFAOYSA-N__XBYHDVVCSZJOSH-UHFFFAOYSA-N,6.634202779948634
CEERYVBLRWBUCX-UHFFFAOYSA-N__VUOVQWKMFZZZJB-UHFFFAOYSA-N,-3.2004959484949604
VUOVQWKMFZZZJB-UHFFFAOYSA-N__CEERYVBLRWBUCX-UHFFFAOYSA-N,1.657446367752585
OITZXWFGSMXUBM-UHFFFAOYSA-N__GGCOZEQTPHSSFZ-UHFFFAOYSA-N,6.465179731853717
QXGKOXUQYDZPBE-UHFFFAOYSA-N__ASIMQASJSFHFIQ-ZETCQYMHSA-N,7.323159426413673
PKRWWLRQLBHUNF-UHFFFAOYSA-N__ZHCMWLDDNJCQTG-UHFFFAOYSA-N,5.962625289285151
UAWLIWBLADRMGA-UHFFFAOYSA-N__QGSPRMBQCFLZLV-UHFFFAOYSA-N,6.387469222318868
FCYNHTGMAUFCGT-UHFFFAOYSA-N__JNFXFWLLFQMCON-UHFFFAOYSA-N,3.394951873162892
IQPNYOIVRYSOFV-UHFFFAOYSA-N__YIQDBIJXFDMGIJ-UHFFFAOYSA-N,6.100945235971858
YIQDBIJXFDMGIJ-UHFFFAOYSA-N__IQPNYOIVRYSOFV-UHFFFAOYSA-N,4.183093814374839
NFQOVDXZAYHDJY-UHFFFAOYSA-N__ZFRYWMVDYGIUEE-UHFFFAOYSA-N,1.125337096683492
AJXGFJPRYNZDSX-UHFFFAOYSA-N__IJVCXCUMWTUXID-UHFFFAOYSA-N,2.989872243705748
LXRKVSHHHAFMHG-UHFFFAOYSA-N__NDZPWUBKHNNFIL-UHFFFAOYSA-N,8.373353681766583
VPYZGXKLDAOXOB-UHFFFAOYSA-N__GKPIHXHNFKRSOF-UHFFFAOYSA-N,-1.0145763777210708
WJNHTNLWJPESLM-UHFFFAOYSA-N__WVLGKSFJLKVAIT-ZHACJKMWSA-N,4.534386501251224
HFDGFISXPXCLPC-UHFFFAOYSA-N__VALHZMLZFXMYGS-UHFFFAOYSA-N,8.717452636444493
VALHZMLZFXMYGS-UHFFFAOYSA-N__HFDGFISXPXCLPC-UHFFFAOYSA-N,3.6256400034518697
MXOPJHJQSNNZJR-UHFFFAOYSA-N__HTEKCLZUFIFXLQ-UHFFFAOYSA-N,10.177899902769203
HTEKCLZUFIFXLQ-UHFFFAOYSA-N__MXOPJHJQSNNZJR-UHFFFAOYSA-N,9.46656202219759
CGNBOYWMVRAVKD-UHFFFAOYSA-N__GNKSLPMGEFSZSC-UHFFFAOYSA-N,0.2450083794726084
GNKSLPMGEFSZSC-UHFFFAOYSA-N__CGNBOYWMVRAVKD-UHFFFAOYSA-N,0.1430196973204391
SXZUOGFGORGJDW-UHFFFAOYSA-N__MLIWVHGLDGJZJK-UHFFFAOYSA-N,-3.004297205820313
NFDISQLDAVFXMZ-IEBWSBKVSA-N__ZUFUYKBQSIPTKF-UHFFFAOYSA-N,7.6884472047852706
XXZKVKMXUPYUTR-UHFFFAOYSA-N__PURAEGKXXRRTTB-UHFFFAOYSA-N,-0.2080940912505677
PURAEGKXXRRTTB-UHFFFAOYSA-N__XXZKVKMXUPYUTR-UHFFFAOYSA-N,6.983348086409986
MKEFBDQCQYWPKD-IUXPMGMMSA-N__PYTXGEUUPDZUCM-UHFFFAOYSA-N,4.674048721380785
PDMPOAQMLHTGFA-UHFFFAOYSA-N__ANDCFTMCNVBEDB-UHFFFAOYSA-N,5.992615357634916
QFWOTBBBDFMODC-UHFFFAOYSA-N__GUTOMASGDYMYKW-RYUDHWBXSA-N,8.904117105922534
PYTXGEUUPDZUCM-UHFFFAOYSA-N__MKEFBDQCQYWPKD-IUXPMGMMSA-N,7.037422249010431
GRXBIKUKMBJWCM-UHFFFAOYSA-N__XAUQKOJHYTYNRM-PIJUOVFKSA-N,1.2965957390658438
QFOIJXMLICJTGK-QGZVFWFLSA-N__IALFFPAESRLBFL-UHFFFAOYSA-N,11.25864377159424
QISFOKSCOZZOMD-UHFFFAOYSA-N__QLQHLNFDMQILFH-UHFFFAOYSA-N,4.183507918664361
AOXQZVSXVVTHHT-ONEGZZNKSA-N__ULYWRZPHIXHNFY-UHFFFAOYSA-N,-1.0987674957947
ULYWRZPHIXHNFY-UHFFFAOYSA-N__AOXQZVSXVVTHHT-ONEGZZNKSA-N,2.544471799957938
SNKFFMNUJVHGDX-UHFFFAOYSA-N__GGJGBOFGUIRZNR-UHFFFAOYSA-N,4.745671220069568
ZWZYDLOUHRRGSV-UHFFFAOYSA-N__RNXLZOBAPNFXJV-UHFFFAOYSA-N,5.461460714423399
RNXLZOBAPNFXJV-UHFFFAOYSA-N__ZWZYDLOUHRRGSV-UHFFFAOYSA-N,5.31179435594673
IALFFPAESRLBFL-UHFFFAOYSA-N__QFOIJXMLICJTGK-QGZVFWFLSA-N,2.259275033762932
QFSCVOBIYYAKKB-UHFFFAOYSA-N__BCZOLXQBCJNDQA-UHFFFAOYSA-N,10.941846780604804
YZXTWWDXAUSNTP-UHFFFAOYSA-N__MDQREIXLCHDJFP-UHFFFAOYSA-N,5.328700622014132
VJLXPMAWXKLWMS-RTWAWAEBSA-N__KLEMQQBNKUZKPH-UHFFFAOYSA-N,-1.1318287817602577
VRCXHTXRTABURQ-UHFFFAOYSA-N__YFXBRXPVUYOZNL-UHFFFAOYSA-N,1.1299057108524524
PUDOOCDEEOSPOA-UHFFFAOYSA-N__AQRRGWZVBKEVDR-DVOMOZLQSA-N,3.21167354511405
MDQREIXLCHDJFP-UHFFFAOYSA-N__YZXTWWDXAUSNTP-UHFFFAOYSA-N,2.761874184410568
ACUUMRNYKDFRNN-UHFFFAOYSA-N__JHVCISCKZSQLRN-UHFFFAOYSA-N,4.855865786153504
JHVCISCKZSQLRN-UHFFFAOYSA-N__ACUUMRNYKDFRNN-UHFFFAOYSA-N,3.4975565760495315
ALYHGPWBQOIRHI-UHFFFAOYSA-N__CMHDTXPOQKERAO-UHFFFAOYSA-N,6.146380016047466
CMHDTXPOQKERAO-UHFFFAOYSA-N__ALYHGPWBQOIRHI-UHFFFAOYSA-N,7.1578024055607
IWVMASWCELCYEY-UHFFFAOYSA-N__CRHVOKOASLAPMT-UHFFFAOYSA-N,3.611301394388423
KTZAZFWCITWBBQ-UHFFFAOYSA-N__ZNBBXOUBULQVSM-UHFFFAOYSA-N,1.6341402092302368
ZNBBXOUBULQVSM-UHFFFAOYSA-N__KTZAZFWCITWBBQ-UHFFFAOYSA-N,4.837213149226234
DBMZOJKHICFJSY-UHFFFAOYSA-N__AAMBGEHUEPTBLL-UHFFFAOYSA-N,6.079960897232917
GSAISGLYKDHPRM-LBPRGKRZSA-N__PVYKEKQDQZMXCB-UHFFFAOYSA-N,11.780262247828984
AAMBGEHUEPTBLL-UHFFFAOYSA-N__DBMZOJKHICFJSY-UHFFFAOYSA-N,6.454936442872406
NLJCBIYRALWCQB-UHFFFAOYSA-N__DANSUVYGABZHLD-UHFFFAOYSA-N,3.44521014385062
GIHNKERTHMZJMK-UHFFFAOYSA-N__YYQWNJQKDSNAES-QRTARXTBSA-N,-4.959299171385257
UEGRCEURGDLUHE-UHFFFAOYSA-N__ZMWCNCSLJVRYFP-MRXNPFEDSA-N,7.910338842917493
KEFORPPEFDMXIE-QNWBLDTISA-N__KOAHYCDZNAPOMR-UHFFFAOYSA-N,0.2969049788856617
KOAHYCDZNAPOMR-UHFFFAOYSA-N__KEFORPPEFDMXIE-QNWBLDTISA-N,11.565651282427694
WKIVLOHKZRFMGU-UHFFFAOYSA-N__UWHDLIMDCSYOER-UHFFFAOYSA-N,0.5311241902048742
MIMFFNIMCFQWAG-UHFFFAOYSA-N__SHCPDQDVONWDND-UHFFFAOYSA-N,1.498489073133365
IODYCYMGNDCNBZ-UHFFFAOYSA-N__DSSYYHMUQSQPHC-GFCCVEGCSA-N,4.672076553869061
SHCPDQDVONWDND-UHFFFAOYSA-N__MIMFFNIMCFQWAG-UHFFFAOYSA-N,2.4742825663331627
MVWFMTSREGHTSS-UHFFFAOYSA-N__LUGFQINXANYVKE-UHFFFAOYSA-N,-0.5659503504453264
LUGFQINXANYVKE-UHFFFAOYSA-N__MVWFMTSREGHTSS-UHFFFAOYSA-N,7.3633547150965715
CUTWIGCRGUOVDE-UHFFFAOYSA-N__IYARHQYRBZNXRC-UHFFFAOYSA-N,9.388636717142946
QCJBTNLORJDOQJ-UHFFFAOYSA-N__LSIAPGFVVVTGNA-MLCCFXAWSA-N,9.48338196710266
LSIAPGFVVVTGNA-MLCCFXAWSA-N__QCJBTNLORJDOQJ-UHFFFAOYSA-N,9.225217321040317
DSSYYHMUQSQPHC-GFCCVEGCSA-N__IODYCYMGNDCNBZ-UHFFFAOYSA-N,5.3542510564212735
BHMYGHJUAMCWDP-FVQBIDKESA-N__QQTYZKZBVFNAPS-UHFFFAOYSA-N,4.764446576676727
JWRJDMVNKGOVGI-UHFFFAOYSA-N__UXMQKQJNOPFQDR-UHFFFAOYSA-N,6.047107793894581
IQIFACBYPJEYMC-UHFFFAOYSA-N__MAJDAQCEKGAOHQ-UHFFFAOYSA-N,3.635066794244183
MAJDAQCEKGAOHQ-UHFFFAOYSA-N__IQIFACBYPJEYMC-UHFFFAOYSA-N,3.980173318657631
OSWTUQCVSFYKDC-JFSACEIJSA-N__PRJMUFFMYTXJRJ-UHFFFAOYSA-N,5.333582470104817
PRJMUFFMYTXJRJ-UHFFFAOYSA-N__OSWTUQCVSFYKDC-JFSACEIJSA-N,6.867744216792008
IQSHGECDDHZYJT-UHFFFAOYSA-N__HAPUDYCYMJOVQR-SNVBAGLBSA-N,1.3746595358373712
KHIUEVRJLZLFQA-UHFFFAOYSA-N__JCJMBRJSASXPSZ-UHFFFAOYSA-N,6.4702259973876215
XOWPNMQJXCIGKE-UHFFFAOYSA-N__QMZMTFLDQTWANC-APSJDVMNSA-N,10.396865424399452
CFRCFNFPYSIRHH-UHFFFAOYSA-N__JRBJIHVQNDHHBR-UHFFFAOYSA-N,4.636293335017941
JRBJIHVQNDHHBR-UHFFFAOYSA-N__CFRCFNFPYSIRHH-UHFFFAOYSA-N,9.117264703102416
AVIOXJDBCUBOQZ-UHFFFAOYSA-N__ZUHDVKPUOYOTAC-IRXDYDNUSA-N,2.466601585600376
WZFILMJVXLPCKQ-SLPGGIOYSA-N__VUYJOXGTUBCUMQ-UHFFFAOYSA-N,-0.2284295849925041
VUYJOXGTUBCUMQ-UHFFFAOYSA-N__WZFILMJVXLPCKQ-SLPGGIOYSA-N,1.1562473147631005
MYVVWISUTVQKRF-UHFFFAOYSA-N__ULILIINWLOEKKD-UHFFFAOYSA-N,4.310127288348368
XKDBCTYHTOZWOQ-BJMVGYQFSA-N__SANRKZROGUQKKQ-UHFFFAOYSA-N,2.2634509544301404
QSJHXLYNVWEOEP-UHFFFAOYSA-N__DFSINNLCCZKUFD-UHFFFAOYSA-N,10.902627654198724
ARCKDKDVYPMOAA-UHFFFAOYSA-N__RWPLUSYOUAXLTH-UHFFFAOYSA-N,4.584574229804892
DFSINNLCCZKUFD-UHFFFAOYSA-N__QSJHXLYNVWEOEP-UHFFFAOYSA-N,2.845807796321892
CXMCMDOKRYFZDP-UHFFFAOYSA-N__ATLLLZXJABDOGR-UHFFFAOYSA-N,2.309914964503524
RWPLUSYOUAXLTH-UHFFFAOYSA-N__ARCKDKDVYPMOAA-UHFFFAOYSA-N,-0.4892381910056361
ATLLLZXJABDOGR-UHFFFAOYSA-N__CXMCMDOKRYFZDP-UHFFFAOYSA-N,-1.205958878026361
SMQUZDBALVYZAC-UHFFFAOYSA-N__DERVMTJDFXTOTM-DHQZHENYSA-N,-2.301919050397828
KPKJUDRSJPYUKJ-UHFFFAOYSA-N__CTMMQQHOFOFSCJ-UHFFFAOYSA-N,11.193488472316403
WHEAJBIXBWEUKP-UHFFFAOYSA-N__WFKDNDCXHZDSBS-ZCFIWIBFSA-N,6.588971402749207
WFKDNDCXHZDSBS-ZCFIWIBFSA-N__WHEAJBIXBWEUKP-UHFFFAOYSA-N,-0.6693641546065422
LJQWSSPPFJXKAJ-UHFFFAOYSA-N__CCTZHEHEBNYJBQ-UHFFFAOYSA-N,7.97266303401753
ZQOVTOORYMVCDI-UHFFFAOYSA-N__ZRDFAXVQYGMMGE-XPKAQORNSA-N,-1.66824659874677
HKIMVRCAIACTTK-PXNSSMCTSA-N__DPZNKTNTYZPVCD-UHFFFAOYSA-N,4.22411914363688
DPZNKTNTYZPVCD-UHFFFAOYSA-N__HKIMVRCAIACTTK-PXNSSMCTSA-N,-0.5571718581175892
MDFFNOMWQARCDB-UHFFFAOYSA-N__JIJHMOLZYHICJG-UHFFFAOYSA-N,8.37746212247934
JIJHMOLZYHICJG-UHFFFAOYSA-N__MDFFNOMWQARCDB-UHFFFAOYSA-N,3.631134869879977
ZRDFAXVQYGMMGE-XPKAQORNSA-N__ZQOVTOORYMVCDI-UHFFFAOYSA-N,-0.2898789430396194
BEPCIIDTVCDMCY-UHFFFAOYSA-N__WIWXFEJFGDCLDQ-UHFFFAOYSA-N,4.702940233652989
AVDGJNQSQVRCKH-UHFFFAOYSA-N__ICFZVLILHCVHJB-UHFFFAOYSA-N,6.672540848710489
ICFZVLILHCVHJB-UHFFFAOYSA-N__AVDGJNQSQVRCKH-UHFFFAOYSA-N,6.2715003871056325
PEXLPBSRDDJJOD-UHFFFAOYSA-N__NPMZHQWSHXVFMB-UHFFFAOYSA-N,6.867693815530074
BDTSMCGLIBEHSH-UHFFFAOYSA-N__UPKXYZYOVFFBNH-UHFFFAOYSA-N,1.0976955327537887
IODYCYMGNDCNBZ-UHFFFAOYSA-N__PAYZLGFUXCDECL-UHFFFAOYSA-N,3.776495814103572
UEEPGOAAMIRRAI-UHFFFAOYSA-N__NLFXJGFNAUSGFL-UHFFFAOYSA-N,29.53199949713081
YJYDYPRWGOQQOX-UHFFFAOYSA-N__PUGNZYKFTWSUQN-UHFFFAOYSA-N,8.567908781346144
NLFXJGFNAUSGFL-UHFFFAOYSA-N__UEEPGOAAMIRRAI-UHFFFAOYSA-N,4.405483390633546
MZGAJWGWSUMYIU-UHFFFAOYSA-N__XAXUEXUMGURXEA-UHFFFAOYSA-N,2.162517777280603
MCQVGVSKTKXMTN-NURAXWSTSA-N__PLSPJIBWNKHJBD-UHFFFAOYSA-N,2.3972780997205505
IFILWLJINXDARU-UHFFFAOYSA-N__KYOODDMDAHAZDH-UHFFFAOYSA-N,-0.91450193791984
KYOODDMDAHAZDH-UHFFFAOYSA-N__IFILWLJINXDARU-UHFFFAOYSA-N,9.77514970574074
XDESJRKUSLURNA-UHFFFAOYSA-N__JURVVSZGQBYHPR-UHFFFAOYSA-N,4.448154795384576
PLSPJIBWNKHJBD-UHFFFAOYSA-N__MCQVGVSKTKXMTN-NURAXWSTSA-N,1.89042815025272
CBBNYMCXWKDTDZ-UHFFFAOYSA-N__DCMDSHPXRLPJFD-UHFFFAOYSA-N,5.379829280015597
YIZWPZKKYYJJMS-UHFFFAOYSA-N__JGHSRMDFLOPIKT-JBACZVJFSA-N,5.913634092145841
SASQYYYXDNLBOC-UHFFFAOYSA-N__HBWIAZOTJDFDQA-UHFFFAOYSA-N,7.410714331377589
MQSRGWNVEZRLDK-UHFFFAOYSA-N__BJIVIPZZXXYBRU-UHFFFAOYSA-N,0.4535733334148532
DCMDSHPXRLPJFD-UHFFFAOYSA-N__CBBNYMCXWKDTDZ-UHFFFAOYSA-N,-6.263822205808823
JURVVSZGQBYHPR-UHFFFAOYSA-N__XDESJRKUSLURNA-UHFFFAOYSA-N,4.405838679230458
NHGRSQQMNDLOIB-NWDGAFQWSA-N__RZYTZNZLPGQEEB-UHFFFAOYSA-N,1.9010146955567675
LTSTZDGSNJVQKU-UHFFFAOYSA-N__JOFQXDYRRPMZSK-UHFFFAOYSA-N,6.488675477988256
JGHSRMDFLOPIKT-JBACZVJFSA-N__YIZWPZKKYYJJMS-UHFFFAOYSA-N,14.325771193195097
ILKMXNSAQMGFGJ-UHFFFAOYSA-N__PTJDAESHYAVRRS-UHFFFAOYSA-N,2.96963563801904
DVMYMCHZNDQYBW-UHFFFAOYSA-N__SFMVNIWBKKFGDD-OBJOEFQTSA-N,6.007004386365905
DGBXRNWLWFZPMH-UHFFFAOYSA-N__OFRDLXKEAPUMIF-UHFFFAOYSA-N,7.670871667633148
ZPNLIEFXFCBGGZ-UHFFFAOYSA-N__BZVQNNDZPXUUHQ-UHFFFAOYSA-N,8.773650806049353
KWIANKIEWOZNNV-UHFFFAOYSA-N__QMVPRCVRLNXMCD-UHFFFAOYSA-N,8.37830449353205
XMUOXJKVBJPNEA-VKHMYHEASA-N__RIRUOTVJPURMME-UHFFFAOYSA-N,4.1893913756416605
QMVPRCVRLNXMCD-UHFFFAOYSA-N__KWIANKIEWOZNNV-UHFFFAOYSA-N,5.140710263081045
GOFHHLLVEMKQBU-UHFFFAOYSA-N__HZXXTOGXRPGVDA-UHFFFAOYSA-N,2.7213276334646217
HZXXTOGXRPGVDA-UHFFFAOYSA-N__GOFHHLLVEMKQBU-UHFFFAOYSA-N,4.379062231619191
SKBUSALTXAAQOZ-JTQLQIEISA-N__PPDHUVOXRFGVJF-PWCSWUJKSA-N,0.2667460645463305
PPDHUVOXRFGVJF-PWCSWUJKSA-N__SKBUSALTXAAQOZ-JTQLQIEISA-N,7.17524365746221
ZQVDSGVJMZCIHP-UHFFFAOYSA-N__GNTQICZXQYZQNE-PBXRRBTRSA-N,3.367817985995406
SJQYOBVDMQAUCU-UHFFFAOYSA-N__HTBNREYQOZPEQT-UHFFFAOYSA-N,6.058876087342401
GNTQICZXQYZQNE-PBXRRBTRSA-N__ZQVDSGVJMZCIHP-UHFFFAOYSA-N,7.509276612970954
JFMQCVQYJULZAL-VZUCSPMQSA-N__KEFUZMFOAKIMLO-UHFFFAOYSA-N,27.169818749024977
OXWBKZRCFNKKDJ-UHFFFAOYSA-N__RRTRZNVIKNZFBI-UHFFFAOYSA-N,1.2195953262528287
CNZSVWOKDKFHIR-UHFFFAOYSA-N__UCFXODWQGCNBHH-DTWKUNHWSA-N,1.922217261890766
HTBNREYQOZPEQT-UHFFFAOYSA-N__SJQYOBVDMQAUCU-UHFFFAOYSA-N,7.211974384268028
GKNYKGRAYBEVCP-UHFFFAOYSA-N__BOLUOPIWJXTABS-UHFFFAOYSA-N,3.2786299754326165
ZIFAGWFRKGTTLD-UHFFFAOYSA-N__ZJYKIRQEZVPCOS-UHFFFAOYSA-N,4.971553112721509
FPHLYXCJCGWHEQ-UHFFFAOYSA-N__BADVUXHYLDUDKG-UHFFFAOYSA-N,3.165463385478163
UWIAXDXZEYLFSF-UHFFFAOYSA-N__GQVSYXPFELPZIK-MRXNPFEDSA-N,3.133239981523016
ABNBALMNGGQBBL-UHFFFAOYSA-N__ADSJHOSBGNLJEL-UHFFFAOYSA-N,4.344094775232105
GQVSYXPFELPZIK-MRXNPFEDSA-N__UWIAXDXZEYLFSF-UHFFFAOYSA-N,0.9621482039320388
YGOWANUSGLFHIT-UHFFFAOYSA-N__NWDZDFOKSUDVJV-UHFFFAOYSA-N,8.76106807016919
KMCMOIPBXQGMLM-UHFFFAOYSA-N__NYBMVTWCKMZNNV-UHFFFAOYSA-N,6.754356823313384
KBYXYVJPCOERNR-UHFFFAOYSA-N__MQUWYGZIOVQSQK-UHFFFAOYSA-N,9.162752669037303
BRABRPIBFUTRKY-UHFFFAOYSA-N__AINZHCCLJXQMHM-UHFFFAOYSA-N,3.920385141860606
NYBMVTWCKMZNNV-UHFFFAOYSA-N__KMCMOIPBXQGMLM-UHFFFAOYSA-N,8.3916918715001
SNZDVVCULLZJTB-UHFFFAOYSA-N__JQPFJXMSGXCGBV-UHFFFAOYSA-N,1.7798881820231882
BWOIDSHBOCCNAF-UHFFFAOYSA-N__BCSXFLFTXODWFR-NQCNTLBGSA-N,3.903421646371553
HWTAUJTVZYMDFH-UHFFFAOYSA-N__UAUAPDCWAUSHQT-UHFFFAOYSA-N,9.081201863964422
JQPFJXMSGXCGBV-UHFFFAOYSA-N__SNZDVVCULLZJTB-UHFFFAOYSA-N,-2.6732172180994294
GVKCCVWNOZJZSI-UHFFFAOYSA-N__MDRJVNMNXUMBDY-UHFFFAOYSA-N,13.376911482814196
BCSXFLFTXODWFR-NQCNTLBGSA-N__BWOIDSHBOCCNAF-UHFFFAOYSA-N,10.052736545127075
MDRJVNMNXUMBDY-UHFFFAOYSA-N__GVKCCVWNOZJZSI-UHFFFAOYSA-N,12.02576260529255
RIOUSHYZFYSXDF-UHFFFAOYSA-N__MWNOTZSNNWAWBA-BPQIPLTHSA-N,-5.025286661844844
QVVMOIYYAKNJKJ-UHFFFAOYSA-N__HMFMQBADZIOXDB-UHFFFAOYSA-N,3.147959363317784
DTKACNCNVMKPII-UHFFFAOYSA-N__MKFXLPXDLBCJOC-UHFFFAOYSA-N,-0.0893017557250561
KZMGJGDRFCJAQG-UHFFFAOYSA-N__PZUOTRFWRXBKOI-UHFFFAOYSA-N,-2.0349115610067363
FHJJAXZYQDJOSN-UHFFFAOYSA-N__SAHFMBKMIWQCRA-UHFFFAOYSA-N,7.71858134831453
MDWUEYOQQQOKMD-PTNGSMBKSA-N__OUCVDXYAUYDTTF-UHFFFAOYSA-N,2.648965801030295
SAHFMBKMIWQCRA-UHFFFAOYSA-N__FHJJAXZYQDJOSN-UHFFFAOYSA-N,7.709010024128679
QYFUIAXQDNVUKP-UHFFFAOYSA-N__VORXFZVLGZLASB-UHFFFAOYSA-N,0.7927225905800049
ZXAKFQFCJXWYOL-UHFFFAOYSA-N__DNMSSFZLGRDMHN-UHFFFAOYSA-N,3.2577252930995693
DNMSSFZLGRDMHN-UHFFFAOYSA-N__ZXAKFQFCJXWYOL-UHFFFAOYSA-N,5.034361510579369
MQDVQACAJARLJR-YIJFEYSDSA-N__YDIDAEUVDRFZSK-UHFFFAOYSA-N,13.762584156294285
NBQHYDKSOOJKOJ-OXJNMPFZSA-N__ALJNYCGSRQOCAN-UHFFFAOYSA-N,9.309562345813289
CWPCCQLMHHCHLZ-CYBMUJFWSA-N__DPPNRIWLXAUVAL-UHFFFAOYSA-N,1.821830397729225
PKWRTLHKUHAPJQ-UHFFFAOYSA-N__QKVANWAMRDGNCB-HNQUOIGGSA-N,-0.1615222212438987
NLTRMCNEIDQPGJ-UHFFFAOYSA-N__REFOWWOQFZKYES-UHFFFAOYSA-N,5.085771885822962
ALJNYCGSRQOCAN-UHFFFAOYSA-N__NBQHYDKSOOJKOJ-OXJNMPFZSA-N,-5.192309599860782
MLMPDHSLKLLTJI-UHFFFAOYSA-N__DJBWJKUAHLPHOS-UHFFFAOYSA-N,2.726173415480135
REFOWWOQFZKYES-UHFFFAOYSA-N__NLTRMCNEIDQPGJ-UHFFFAOYSA-N,12.369068715770602
MPRNLRDRSQAMNE-UHFFFAOYSA-N__FRQMURMQBJRRMI-UHFFFAOYSA-N,4.403668174665257
ZYKLZTJDPZNOBI-UHFFFAOYSA-N__PKCFQNSXOFPLCW-UHFFFAOYSA-N,2.623454942605059
UIJLCTQXXJAPJH-UHFFFAOYSA-N__XSHVPIFHQCNAAR-UHFFFAOYSA-N,10.369694546381975
PKCFQNSXOFPLCW-UHFFFAOYSA-N__ZYKLZTJDPZNOBI-UHFFFAOYSA-N,0.3409060314741846
XDQWNUYBLHQCLJ-UHFFFAOYSA-N__HLGHGGKMBIXVPV-UVZNFPTASA-N,6.095350261082538
QBIRXXWIZRAALG-UHFFFAOYSA-N__KQBWIEGTKPLZSQ-CQSZACIVSA-N,-3.740568839388863
YIMINGZVOVJXLN-UHFFFAOYSA-N__ZVOXCJRWMYGIDI-UHFFFAOYSA-N,2.410015432974084
KHLRIASSIFXMCG-UHFFFAOYSA-N__AVDGFPGBKAMKGQ-UHFFFAOYSA-N,10.168045048959506
MZOPQQXEIPHVJD-AEJSXWLSSA-N__PNHSPKLRXYOFOQ-UHFFFAOYSA-N,7.065199964005801
AVDGFPGBKAMKGQ-UHFFFAOYSA-N__KHLRIASSIFXMCG-UHFFFAOYSA-N,4.281010447697231
RWQAVPLSYXUKAW-UHFFFAOYSA-N__YMKLSAVQBFEGIH-UHFFFAOYSA-N,6.635206059679264
CFFIUJCIWQALFX-UHFFFAOYSA-N__PAFMVDWDZWJAGL-UHFFFAOYSA-N,-0.4111838947383641
XLGUBPHCAUCJRK-UHFFFAOYSA-N__GZAZBDNMXVEVJR-UHFFFAOYSA-N,1.1312895744785674
PAFMVDWDZWJAGL-UHFFFAOYSA-N__CFFIUJCIWQALFX-UHFFFAOYSA-N,10.729691339961487
VTMPOHWTKQMHAA-UHFFFAOYSA-N__JOONFXOZUVFKNG-UHFFFAOYSA-N,3.6215709248449945
KSPFZOGGXQYFQB-UHFFFAOYSA-N__ZQGOCBZEAMNNQS-UHFFFAOYSA-N,2.014127816005818
VVACQVOVAQXABF-UHFFFAOYSA-N__QANSZJSMJJPWTK-UHFFFAOYSA-N,3.7093386930251713
TWGJWNCDCZQDFE-UHFFFAOYSA-N__CGWKXIRHVJQXDX-UHFFFAOYSA-N,-0.6740609188946284
CKMZNPOVVMFQTE-UHFFFAOYSA-N__MJKKQNRIAOEZSI-UHFFFAOYSA-N,6.950708432699157
BHMFZALCUWTGHD-UHFFFAOYSA-N__SUAZFURSZBOLEA-UHFFFAOYSA-N,0.863036159226502
JDHFMRIQUCGSJL-UHFFFAOYSA-N__ZYLURELSJIVZCM-UHFFFAOYSA-N,7.903694377165121
FZDQJJKTVGYLHM-UHFFFAOYSA-N__VIIVLVPTMKVDBN-JTQLQIEISA-N,2.6326845664554863
HZVDMBBXKYYKAH-UHFFFAOYSA-N__SRMMVGLDQUNMLB-UHFFFAOYSA-N,4.350286893550195
ITJXZZGBGKBHSH-UHFFFAOYSA-N__BIIYNQCZDQVPBL-XHDPSFHLSA-N,-2.0411226094931463
SRMMVGLDQUNMLB-UHFFFAOYSA-N__HZVDMBBXKYYKAH-UHFFFAOYSA-N,0.3169580270798232
LCCPXLMMTANDGJ-UHFFFAOYSA-N__JNMODNVUOUTORT-UHFFFAOYSA-N,4.362008018345915
XKWNAQWZXPPWMO-UHFFFAOYSA-N__VBOKPZGWHQQBKQ-UHFFFAOYSA-N,-5.126800275766478
JNMODNVUOUTORT-UHFFFAOYSA-N__LCCPXLMMTANDGJ-UHFFFAOYSA-N,4.407761596116137
MLTAWBGTWWBYMM-UHFFFAOYSA-N__APEAPTSYKXXIFB-UHFFFAOYSA-N,5.550011397049001
APEAPTSYKXXIFB-UHFFFAOYSA-N__MLTAWBGTWWBYMM-UHFFFAOYSA-N,4.111734472726863
YJSXRWPPIARAEQ-UHFFFAOYSA-N__BRYBZYUXDLOFQC-UHFFFAOYSA-N,-3.3570753299560683
WZBZPTPKJZEMJN-UHFFFAOYSA-N__JMPCPIOZRJQDTC-UHFFFAOYSA-N,5.22449391379916
WZJWTJTVMGHXAT-UHFFFAOYSA-N__UPTPLMINZJZKFI-UHFFFAOYSA-N,2.7842374554280034
BOBVRTLKUIGAEY-UHFFFAOYSA-N__NHZVZOOGUSKXKW-UHFFFAOYSA-N,1.309630576865168
IVCZVZUALAKETO-UHFFFAOYSA-N__ATRIUHRKWXZQDH-UHFFFAOYSA-N,-6.391728474592482
ZJNBAXPCALOFAM-UHFFFAOYSA-N__ZYBFDMVDJCIZDO-UHFFFAOYSA-N,0.6083649578639956
PVWPPQZFNCQSLD-UHFFFAOYSA-N__LUDOBLAQJPWJBZ-UHFFFAOYSA-N,1.8417558171538213
ZYBFDMVDJCIZDO-UHFFFAOYSA-N__ZJNBAXPCALOFAM-UHFFFAOYSA-N,6.171463434107065
BMGNYLVTUKHUTL-GFCCVEGCSA-N__BIANSOYLIFPOSB-UHFFFAOYSA-N,0.576509812823912
BIANSOYLIFPOSB-UHFFFAOYSA-N__BMGNYLVTUKHUTL-GFCCVEGCSA-N,0.2777763335436929
HABMNPBTCPBDMU-UHFFFAOYSA-N__RHKGCMGQPWLPBD-UHFFFAOYSA-N,5.211023835579879
LSYRIAXEIRTQAK-UHFFFAOYSA-N__MIQRVSCEWBUIDT-UHFFFAOYSA-N,4.804465479919182
VAJCRRPXSJTHPD-UHFFFAOYSA-N__VFKKNEDDVAHRTQ-UHFFFAOYSA-N,0.2948459701461568
PBWJJBPEYHFDKB-UHFFFAOYSA-N__WMZULRCWJWBIPV-WOJBJXKFSA-N,2.0127708585970554
XAGLXDMGNPEUBG-UHFFFAOYSA-N__FXTJPBSXECBCJT-UHFFFAOYSA-N,9.229281401525734
DKQFLEXGPUVPLB-PBVYKCSPSA-N__NOTGZEPOTRGWIL-UHFFFAOYSA-N,7.755308263875281
IOMKOAJZQALCGY-UHFFFAOYSA-N__SLSVUTOJWIECIR-NSHDSACASA-N,3.002372084256633
WMZULRCWJWBIPV-WOJBJXKFSA-N__PBWJJBPEYHFDKB-UHFFFAOYSA-N,-1.4144102081549437
MMHZZRKQOBMBGG-UHFFFAOYSA-N__DTEVWAQVFHBTCY-UHFFFAOYSA-N,-1.9142984901845976
FXTJPBSXECBCJT-UHFFFAOYSA-N__XAGLXDMGNPEUBG-UHFFFAOYSA-N,17.494846550355252
BOCRJLVFMLLCDQ-UHFFFAOYSA-N__HPOCJUDQDRMMPS-UHFFFAOYSA-N,3.007644838650219
MIQRVSCEWBUIDT-UHFFFAOYSA-N__LSYRIAXEIRTQAK-UHFFFAOYSA-N,9.81222620822613
NOTGZEPOTRGWIL-UHFFFAOYSA-N__DKQFLEXGPUVPLB-PBVYKCSPSA-N,-0.7967935922876078
CCGNSPOEAIHCOZ-UHFFFAOYSA-N__QPQFSFPCXYZUPO-UHFFFAOYSA-N,0.2135287525053042
RGLXJNSCNUSIDL-UHFFFAOYSA-N__BPBVIVJQKZBDMU-UHFFFAOYSA-N,3.337131463760062
PDOCBXROUWUZHI-UHFFFAOYSA-N__GYEKHFZVADCTPF-UHFFFAOYSA-N,0.0773911019582711
QPQFSFPCXYZUPO-UHFFFAOYSA-N__CCGNSPOEAIHCOZ-UHFFFAOYSA-N,0.1657701321670514
TUVZPBBMJNTPPJ-UHFFFAOYSA-N__QYZSJIYKSPHJJH-UHFFFAOYSA-N,-3.355561672119149
SZWCPWDGHUKSFW-UHFFFAOYSA-N__IXAFUAIZNPYVPO-LMWSTFAQSA-N,0.3592133546455847
ODEBATYPLRYZDJ-UHFFFAOYSA-N__BERCGOMNQWWFCI-UHFFFAOYSA-N,4.983494714876894
BERCGOMNQWWFCI-UHFFFAOYSA-N__ODEBATYPLRYZDJ-UHFFFAOYSA-N,5.920934325972231
OOBJVTOFHAHJGE-UHFFFAOYSA-N__UMZVNDADIOENAY-UHFFFAOYSA-N,15.160128967464736
GZYGBCILLANKRS-UHFFFAOYSA-N__UXWNPFUWMDGTBG-UHFFFAOYSA-N,6.064104309865649
UXWNPFUWMDGTBG-UHFFFAOYSA-N__GZYGBCILLANKRS-UHFFFAOYSA-N,5.571388924814332
SXYYPOZRVFSDMZ-IRXDYDNUSA-N__AFGNNEQJMDEHNC-UHFFFAOYSA-N,5.64598934936741
XTTRIXBEASWMKF-LBPRGKRZSA-N__LLVDQONPXXZKRB-UHFFFAOYSA-N,6.863036855795868
XJKYWJBNYLBQNH-ODGPQVTHSA-N__RGPRIZFGSZUXSI-UHFFFAOYSA-N,11.934144425766313
UMZVNDADIOENAY-UHFFFAOYSA-N__OOBJVTOFHAHJGE-UHFFFAOYSA-N,5.286281209447537
WSQSAYCSNQOLTK-UHFFFAOYSA-N__NNHXSWKPDYYJHZ-UHFFFAOYSA-N,-2.90417205100573
OLBGJZNAIKMILJ-UHFFFAOYSA-N__PBINDANZCUXLSF-UHFFFAOYSA-N,3.0328599465556163
BMHBIVXATLUOBF-UHFFFAOYSA-N__ZDJBYYMQCLSVEI-UHFFFAOYSA-N,7.581523349856336
KPKOWHXAXXIABV-UHFFFAOYSA-N__ACUUWDZYZLDIFD-HXUWFJFHSA-N,5.946308140231751
ACUUWDZYZLDIFD-HXUWFJFHSA-N__KPKOWHXAXXIABV-UHFFFAOYSA-N,4.893960223300227
JSSMJKHQQVLGEE-UHFFFAOYSA-N__QKQQKEMBLVEFTA-UHFFFAOYSA-N,2.9903161272710346
QKQQKEMBLVEFTA-UHFFFAOYSA-N__JSSMJKHQQVLGEE-UHFFFAOYSA-N,1.3949189704711171
KPRCWOUXXUPLHY-UHFFFAOYSA-N__JCUQAGJDNQWZCQ-UHFFFAOYSA-N,8.219640913900783
TUXBXBDEABKHLI-UHFFFAOYSA-N__SNWLATNUQSWXBN-UHFFFAOYSA-N,7.067695111259081
JDWWONDCKQPCGS-UHFFFAOYSA-N__XBMITDMXGPYBEO-UHFFFAOYSA-N,1.8430572573262287
DRLYPDKFUOXEEZ-UHFFFAOYSA-N__JIZNIASNBNTIDX-UHFFFAOYSA-N,2.691363650784501
JIZNIASNBNTIDX-UHFFFAOYSA-N__DRLYPDKFUOXEEZ-UHFFFAOYSA-N,2.499649306917843
BNICSBHTRCRDIX-UHFFFAOYSA-N__GTYFXMMGSZDYLF-UHFFFAOYSA-N,5.819469632802481
HUHLNNOFDJDYQR-UHFFFAOYSA-N__TWTHWIFFBDBELB-UHFFFAOYSA-N,0.8233770707198345
TWTHWIFFBDBELB-UHFFFAOYSA-N__HUHLNNOFDJDYQR-UHFFFAOYSA-N,6.246193210351609
GVWWSKTXUJZPQX-UHFFFAOYSA-N__BTOCBJMHWOCONU-UHFFFAOYSA-N,-0.2080965431915112
NKCJGYWSKQEJAM-UHFFFAOYSA-N__GNFGZJYJMWKEEE-UHFFFAOYSA-N,1.6433586223529508
MFMFDTMBXCKFGV-UHFFFAOYSA-N__IBHONZHCJOBPFW-UHFFFAOYSA-N,7.50708592772615
OBVRCEOPCAOADR-UHFFFAOYSA-N__ZWFDSAIWEQPYKZ-UHFFFAOYSA-N,0.6223966017562141
QENDSWBBIIZLGC-UHFFFAOYSA-N__SMRJIBBDNCMTMI-UHFFFAOYSA-N,4.510340742958083
SMRJIBBDNCMTMI-UHFFFAOYSA-N__QENDSWBBIIZLGC-UHFFFAOYSA-N,3.871033325952911
LNMYLTFAGZSQSG-UHFFFAOYSA-N__NXPRFFCPBSIDKM-UHFFFAOYSA-N,4.726395788216492
OEJIHRLGCJRVLY-UHFFFAOYSA-N__DBZSEQSAZWHLQT-UHFFFAOYSA-N,8.18709348584295
LJGMIRQITADQTL-UHFFFAOYSA-N__CACGIEIDECOVOL-UHFFFAOYSA-N,8.624813607250843
ZKKKSDCQNFXVTB-UHFFFAOYSA-N__QFXMSHZBVWVFIW-UHFFFAOYSA-N,2.516411990762164
QFXMSHZBVWVFIW-UHFFFAOYSA-N__ZKKKSDCQNFXVTB-UHFFFAOYSA-N,-1.2098170310709748
DKTNMUOPASFCOT-UHFFFAOYSA-N__NKNXZNPOYXHCEF-UHFFFAOYSA-N,-4.868163625936071
HLSUTXVQUAQLSH-UHFFFAOYSA-N__AJDFGSKDPDCVJT-MBQUCRSRSA-N,-0.1974358378385666
UHNIAFMIXGZCGR-UHFFFAOYSA-N__WIGAFENQEMLGAI-UHFFFAOYSA-N,1.663811866831204
UKMBGAFUEQLPSA-UHFFFAOYSA-N__TUNSCGLJGUJBLJ-QRWMCTBCSA-N,10.527487427444973
FIEKPFCWXKDPTC-UHFFFAOYSA-N__JLXYHKIPOWESFV-NHCUHLMSSA-N,8.045496142841687
WIGAFENQEMLGAI-UHFFFAOYSA-N__UHNIAFMIXGZCGR-UHFFFAOYSA-N,2.8390017521557382
JMQIIAKXILYNIW-ILRUXTBWSA-N__LOWZOBDZLCIDOW-UHFFFAOYSA-N,11.008710790227996
LWLCKBSJXITWEU-UHFFFAOYSA-N__BFWDJSOTYDJCPF-UHFFFAOYSA-N,5.212722471066121
FKHOTSHJOZZIGQ-WIOYSNFSSA-N__ABUOFLMDAODFCK-UHFFFAOYSA-N,-7.573688210738209
ABUOFLMDAODFCK-UHFFFAOYSA-N__FKHOTSHJOZZIGQ-WIOYSNFSSA-N,4.513858884845558
RJDMJIQUOIHVCW-UHFFFAOYSA-N__UNXLHEBWSFIDRJ-UHFFFAOYSA-N,3.978461268764428
SRFVESVVALMLLF-UHFFFAOYSA-N__XHGCSJVRTPIJCE-UHFFFAOYSA-N,3.075368248366302
XBOVYLWHTLOKMJ-UHFFFAOYSA-N__YBENHQZHKDDAQL-UHFFFAOYSA-N,5.364279481753504
HMJRDJQWGNHTSO-UHFFFAOYSA-N__PDATWRYJPMYJDN-UHFFFAOYSA-N,5.17466336897802
PBTACDUYKIVDRK-UHFFFAOYSA-N__CNMDSGOJWOYTNY-ZFWWWQNUSA-N,4.625968188020335
LDPFOYRGFNGOFU-RYUDHWBXSA-N__PQASUMRZUQCTOP-UHFFFAOYSA-N,6.8126676039974265
MYMFZHIQEKCCAP-KRWDZBQOSA-N__AAXFMNPASDVBAJ-UHFFFAOYSA-N,2.271541230238169
IRHXAJWKUNWFCP-UHFFFAOYSA-N__PLGHZCFUYNPFFK-UHFFFAOYSA-N,-2.15823642086996
AAXFMNPASDVBAJ-UHFFFAOYSA-N__MYMFZHIQEKCCAP-KRWDZBQOSA-N,3.446294835867924
MVHIRKFJACWJFK-UHFFFAOYSA-N__QYHWBJTXXUNUAJ-UHFFFAOYSA-N,8.704847174025243
POZPFFJYBCOBPU-SCSAIBSYSA-N__PNZIXISEXCPEQV-UHFFFAOYSA-N,4.088678290760803
LEQVRJDEZZRRJP-UHFFFAOYSA-N__YDOWNXUXEDCCQF-UHFFFAOYSA-N,6.941893146989354
QUUYMBLPPUNHJC-UHFFFAOYSA-N__BSERVJJSENUZQO-UHFFFAOYSA-N,0.9475947068927192
BSERVJJSENUZQO-UHFFFAOYSA-N__QUUYMBLPPUNHJC-UHFFFAOYSA-N,6.794463704151594
PGYRBGKWIQVHGC-LBPRGKRZSA-N__IAAFHGMUHRFRNY-UHFFFAOYSA-N,5.864225908812492
IAAFHGMUHRFRNY-UHFFFAOYSA-N__PGYRBGKWIQVHGC-LBPRGKRZSA-N,1.1792607252339975
LJGFXAKKZLFEDR-UHFFFAOYSA-N__BAJDHOJZZDJYDK-UHFFFAOYSA-N,8.802920512270184
BAJDHOJZZDJYDK-UHFFFAOYSA-N__LJGFXAKKZLFEDR-UHFFFAOYSA-N,3.803437712511698
MLEOMYKJFBHXMB-UHFFFAOYSA-N__UZHKJTSAFMJHKK-UHFFFAOYSA-N,-1.191347059392278
VZCVKSAUODPVJN-UHFFFAOYSA-N__RRDFHGPQEZKYNR-UHFFFAOYSA-N,11.055056529570953
WYLSMXHYRCZWDQ-UHFFFAOYSA-N__YAEGJCNPPXIAAK-UHFFFAOYSA-N,0.9628172578591156
UZHKJTSAFMJHKK-UHFFFAOYSA-N__MLEOMYKJFBHXMB-UHFFFAOYSA-N,6.707275389969629
HIXUGCODQIEBDR-UHFFFAOYSA-N__ZBECOVNPTWHWQL-UHFFFAOYSA-N,1.4795371754941649
ZIARBKKJXIANNK-UHFFFAOYSA-N__QNYFPYGMZRYHEX-UHFFFAOYSA-N,5.90693956756146
RRDFHGPQEZKYNR-UHFFFAOYSA-N__VZCVKSAUODPVJN-UHFFFAOYSA-N,12.428192085663367
QVELUVAQPWESJS-UHFFFAOYSA-N__ICSXGSZCQNPJLW-UHFFFAOYSA-N,1.2766904407523112
IDYWKUWBKOSWFG-UHFFFAOYSA-N__XRPAGQHROSRLNO-HZJYTTRNSA-N,13.5651041335097
FOCOHKLADOVWKA-UHFFFAOYSA-N__UAYLODWTIKTPCG-UHFFFAOYSA-N,6.396188488180764
ADCIHVFLVVBMPF-UHFFFAOYSA-N__ABMAWPRTPYBBDU-UHFFFAOYSA-N,8.668325800742972
IEFJUDYEUSGBGQ-UHFFFAOYSA-N__QKUDXALJAKAHNS-LLVKDONJSA-N,4.104389826951949
UAYLODWTIKTPCG-UHFFFAOYSA-N__FOCOHKLADOVWKA-UHFFFAOYSA-N,4.054251147561387
YAJZHZXKWRTBFO-UHFFFAOYSA-N__SIXBABMGEVZGKD-JGVFFNPUSA-N,2.497247823808604
YJVCNEVVHSPHBQ-UHFFFAOYSA-N__MUCQKVWMLQPGDU-UHFFFAOYSA-N,12.905652314926265
OYKHIAUNDIVXKR-UHFFFAOYSA-N__JZNCCHGLSKDBKI-UHFFFAOYSA-N,-1.1284183915126056
SUOPSARDYRECIH-UHFFFAOYSA-N__LUXDEBBBFVFUEB-SFTDATJTSA-N,2.8395289903701104
LUXDEBBBFVFUEB-SFTDATJTSA-N__SUOPSARDYRECIH-UHFFFAOYSA-N,4.9071167126834325
PBDSXJIHSDHRHD-UHFFFAOYSA-N__KXEPVQFFLXAUBR-UHFFFAOYSA-N,1.399290131269827
CDRDRAQTTAOYDX-UHFFFAOYSA-N__QPOOAPRTIDEHSP-GUBZILKMSA-N,0.5511178412176091
ZHDPUQANZFCVLQ-UHFFFAOYSA-N__XHOMGGSEPFCSHA-UHFFFAOYSA-N,6.334999844650334
XHOMGGSEPFCSHA-UHFFFAOYSA-N__ZHDPUQANZFCVLQ-UHFFFAOYSA-N,8.26036223173506
UXKGZDCSKZZROP-UHFFFAOYSA-N__DIZYYJMORJIGNN-UHFFFAOYSA-N,8.833316095696853
DIZYYJMORJIGNN-UHFFFAOYSA-N__UXKGZDCSKZZROP-UHFFFAOYSA-N,9.640209916020911
PNLJACSVTITBKL-YRGRVCCFSA-N__OESPDHUAQLLXBU-UHFFFAOYSA-N,-1.8369519572645785
OESPDHUAQLLXBU-UHFFFAOYSA-N__PNLJACSVTITBKL-YRGRVCCFSA-N,-1.6411819587575085
TVEFFKAWHWIKKV-UHFFFAOYSA-N__SYNPKRVEXYEANT-UHFFFAOYSA-N,8.871090034984384
YDYJHZSJGDAJQK-UHFFFAOYSA-N__LSNIVGINPKCFNN-UHFFFAOYSA-N,6.301706392051576
SYNPKRVEXYEANT-UHFFFAOYSA-N__TVEFFKAWHWIKKV-UHFFFAOYSA-N,1.884170687815496
IFHCCAYVUZELTC-UHFFFAOYSA-N__MLWGSLDLIKQPMB-NSHDSACASA-N,7.818124658898685
XSTZEXGROWQWCD-UHFFFAOYSA-N__XYADJGJYSULUQW-UHFFFAOYSA-N,2.2579886456686027
HUUXNMHBXOCSMV-UHFFFAOYSA-N__ILALVRPTJBMXNZ-UHFFFAOYSA-N,1.3943390999925092
MLWGSLDLIKQPMB-NSHDSACASA-N__IFHCCAYVUZELTC-UHFFFAOYSA-N,9.641047338533168
WANYSCJGLCSVDW-UHFFFAOYSA-N__NEICTLBDTIYYHS-UHFFFAOYSA-N,0.1749908720297676
ILALVRPTJBMXNZ-UHFFFAOYSA-N__HUUXNMHBXOCSMV-UHFFFAOYSA-N,2.191410681173755
WOHMULASXKGIGK-UHFFFAOYSA-N__OGOAVGUDYKPVLE-UHFFFAOYSA-N,5.505928646530174
XYADJGJYSULUQW-UHFFFAOYSA-N__XSTZEXGROWQWCD-UHFFFAOYSA-N,4.424710843345692
VXFSNIQMVUIVKQ-UHFFFAOYSA-N__UBIIAPDJLVOVQO-NIVTXAMTSA-N,11.614298736708417
CHZHEHDSINZKPQ-YUMQZZPRSA-N__MLCXKBWBIINHSH-UHFFFAOYSA-N,1.9171062998583244
UBIIAPDJLVOVQO-NIVTXAMTSA-N__VXFSNIQMVUIVKQ-UHFFFAOYSA-N,20.075515985065064
YCMJYJNGSFAQEQ-UHFFFAOYSA-N__OTVMKRGJENYFGM-UHFFFAOYSA-N,4.076003590936847
OTVMKRGJENYFGM-UHFFFAOYSA-N__YCMJYJNGSFAQEQ-UHFFFAOYSA-N,10.024395530051198
MLCXKBWBIINHSH-UHFFFAOYSA-N__CHZHEHDSINZKPQ-YUMQZZPRSA-N,5.73833752336236
ZNMPKBIPHORQAZ-UHFFFAOYSA-N__DZQIQNRISKERPT-UHFFFAOYSA-N,3.3523761267821794
FRELALQXJOWBCG-UHFFFAOYSA-N__XGIVDJCPGVAQBQ-UHFFFAOYSA-N,4.219744933785045
XGIVDJCPGVAQBQ-UHFFFAOYSA-N__FRELALQXJOWBCG-UHFFFAOYSA-N,3.532256565772524
LNHBVXLJQGXHOT-UHFFFAOYSA-N__CFFXKHWKLXVQDZ-UHFFFAOYSA-N,4.207323030356472
GKBFJJNBWOFZJK-FQEVSTJZSA-N__RBWKAHQHGHWOJV-UHFFFAOYSA-N,12.21466451026093
RLZUQVGLZGRPBE-UHFFFAOYSA-N__ZOYWHFBVFQYLBG-UHFFFAOYSA-N,-9.488291860025868
SFRZKAYRXIXVCV-UHFFFAOYSA-N__FZJXMZLKXUJECI-UHFFFAOYSA-N,-1.4359087347471102
JWQKRXLFCXDAKI-UHFFFAOYSA-N__GSBKITNPWCPULM-LSLKUGRBSA-N,-0.6719535854453277
CFFXKHWKLXVQDZ-UHFFFAOYSA-N__LNHBVXLJQGXHOT-UHFFFAOYSA-N,9.650306786674626
ASMQBPLMAYCXTB-UHFFFAOYSA-N__CLTYBRFLSIXWGB-HOTGVXAUSA-N,-3.2121221963739885
DVZYLWSTYLISCW-KEKNWZKVSA-N__GJCQTWCYJCUWNM-UHFFFAOYSA-N,2.809181179199624
RBWKAHQHGHWOJV-UHFFFAOYSA-N__GKBFJJNBWOFZJK-FQEVSTJZSA-N,8.995006148624343
PTDSTKUGQBTBNL-UHFFFAOYSA-N__LBAQJMZOZJEZNV-KBPBESRZSA-N,5.086163224158285
GSBKITNPWCPULM-LSLKUGRBSA-N__JWQKRXLFCXDAKI-UHFFFAOYSA-N,8.955239455294684
AHKVYNGYMYYIPI-UHFFFAOYSA-N__AWQLNKJBXASXDU-SFDCBXKLSA-N,11.180385003641382
LBAQJMZOZJEZNV-KBPBESRZSA-N__PTDSTKUGQBTBNL-UHFFFAOYSA-N,2.8091025492987702
AWQLNKJBXASXDU-SFDCBXKLSA-N__AHKVYNGYMYYIPI-UHFFFAOYSA-N,8.909183551636664
USMOXQVZVXZBQW-UHFFFAOYSA-N__SNXJIWQXSLMBFA-UHFFFAOYSA-N,3.8001917511929344
BMEAVCQQZGDZHK-UHFFFAOYSA-N__ZOPLEHYQTDRMMM-DHZHZOJOSA-N,0.106326024856826
YOMHMASROFFWBC-UHFFFAOYSA-N__WEASZFXKEIGBDG-UHFFFAOYSA-N,5.727098750781061
IDNQKJMZWLHRMJ-UHFFFAOYSA-N__YVYCFVQNCQXTFI-UHFFFAOYSA-N,4.319931684751892
CBMBBEUMRHVAHW-UHFFFAOYSA-N__XWUGEMJEFYMFBW-UHFFFAOYSA-N,4.259123187520038
YVYCFVQNCQXTFI-UHFFFAOYSA-N__IDNQKJMZWLHRMJ-UHFFFAOYSA-N,7.868325819908225
JZWOVVZTCVFVNJ-UHFFFAOYSA-N__OUTVCEJEOSVJDK-UHFFFAOYSA-N,7.710825571326581
YNTWDWGLNKALFZ-UHFFFAOYSA-N__GUZOGDSKFKEACG-UHFFFAOYSA-N,2.1048988461550966
LQVOVRLPKASPDT-UHFFFAOYSA-N__MVXXGGQIORLFPO-UHFFFAOYSA-N,2.4452474926690315
SNXJIWQXSLMBFA-UHFFFAOYSA-N__USMOXQVZVXZBQW-UHFFFAOYSA-N,5.631825103053642
QPTAKJJQHQFKSQ-UHFFFAOYSA-N__KWKVHLSIJSCVLG-UHFFFAOYSA-N,0.2979636336015493
KWKVHLSIJSCVLG-UHFFFAOYSA-N__QPTAKJJQHQFKSQ-UHFFFAOYSA-N,1.1363872911074842
IZDLHGGHCDVWLM-UHFFFAOYSA-N__NILWIASPKCGJFG-IHBLQFBFSA-N,-0.6354029886938648
AMXNWTBZCJVGML-UHFFFAOYSA-N__GWDATYULXGOKPC-UHFFFAOYSA-N,10.7028271863442
GUGOYWVZSBJPPJ-UHFFFAOYSA-N__HCAXZCCVAOUTSF-UHFFFAOYSA-N,1.1296334301229878
QORZWUIINSLCTM-UHFFFAOYSA-N__KDYDPXADVNYRMX-MKXPUETBSA-N,3.629896791371456
XRFPVNKWUYEGCU-UHFFFAOYSA-N__IYOIWKRAXKXUPF-UHFFFAOYSA-N,4.407279361112626
GWDATYULXGOKPC-UHFFFAOYSA-N__AMXNWTBZCJVGML-UHFFFAOYSA-N,7.620062954181187
HCAXZCCVAOUTSF-UHFFFAOYSA-N__GUGOYWVZSBJPPJ-UHFFFAOYSA-N,4.455058010890598
VHXBJPZEZYTQGR-DMEOUFDRSA-N__NRVDUIUDZMKCDP-UHFFFAOYSA-N,3.8299662168156976
WXGKRLDYWFQDNJ-UHFFFAOYSA-N__KNLLOJGNLKHLAV-UHFFFAOYSA-N,4.687806377173665
JFJTXPQEZLJBTJ-UHFFFAOYSA-N__QTGONGDWMAWACY-UHFFFAOYSA-N,4.284080851899272
QMOSGIKEGJMSPI-UHFFFAOYSA-N__ZFVQHBHQHYCEIF-UHFFFAOYSA-N,4.589193278051988
QWLVCAJYFLXNKF-UHFFFAOYSA-N__QKOBSOKZIKRTMC-UHFFFAOYSA-N,2.412733552688411
FHVBRJGMVYKZKB-UHFFFAOYSA-N__VLYIZRYVGGWLMD-UHFFFAOYSA-N,2.7062907463628503
DBGGDAAQLLDHSS-UHFFFAOYSA-N__IUWALDZCOLQEAC-OWCLPIDISA-N,-3.6267878288464432
FJUFNDVLYQQPAD-GJZGRUSLSA-N__VHEDOBHWKUYDAG-UHFFFAOYSA-N,9.819170383773011
VHEDOBHWKUYDAG-UHFFFAOYSA-N__FJUFNDVLYQQPAD-GJZGRUSLSA-N,7.612259808219631
FKVUWMKSKUDPCR-QGZVFWFLSA-N__JDMRZTVPHYCKFK-SSDOTTSWSA-N,4.847645231810346
JDMRZTVPHYCKFK-SSDOTTSWSA-N__FKVUWMKSKUDPCR-QGZVFWFLSA-N,5.9547881518030525
OOIGJACPLGPNCC-UHFFFAOYSA-N__XGASQRYGCJSKFT-UHFFFAOYSA-N,3.857386064930839
QKOBSOKZIKRTMC-UHFFFAOYSA-N__QWLVCAJYFLXNKF-UHFFFAOYSA-N,-0.3214676902250136
LYWUOWNXHAMYHA-UHFFFAOYSA-N__PPCPTNQWGIFQBZ-UHFFFAOYSA-N,3.863339071780148
DNOKCFCYKIRNTD-UHFFFAOYSA-N__VGWLTFZQCIXUOC-UHFFFAOYSA-N,10.25716572032081
JHXFDVTUKGPYPL-UHFFFAOYSA-N__DCSUQZFKAMSCMC-GFCCVEGCSA-N,8.752019761929724
ULBSTQBHMUYOQO-UHFFFAOYSA-N__TYQCHKRGRGROSD-UHFFFAOYSA-N,12.617860972740166
VCABLZKSOXNLOO-UHFFFAOYSA-N__UOACPQYTSHKOPJ-UHFFFAOYSA-N,0.9564194603619158
PPCPTNQWGIFQBZ-UHFFFAOYSA-N__LYWUOWNXHAMYHA-UHFFFAOYSA-N,-0.7769663415300375
VNDLPESTLAZOQD-UHFFFAOYSA-N__WZKHSSNBUWXTOB-KBXCAEBGSA-N,0.0150970991950808
DFPYVJNLXGESNO-UHFFFAOYSA-N__PFQCUDYMPHBQHR-UHFFFAOYSA-N,4.412850376964816
SNTXBRIJXINLMP-UHFFFAOYSA-N__ZZTYPBXVZPGUEA-UHFFFAOYSA-N,6.0710865552734825
TYQCHKRGRGROSD-UHFFFAOYSA-N__ULBSTQBHMUYOQO-UHFFFAOYSA-N,0.0022440032249651
PFQCUDYMPHBQHR-UHFFFAOYSA-N__DFPYVJNLXGESNO-UHFFFAOYSA-N,1.4518525424406217
RMXSCMPOCBBIHB-UHFFFAOYSA-N__HKFIJMIGHLNAOH-SECBINFHSA-N,2.2903792533764658
HKFIJMIGHLNAOH-SECBINFHSA-N__RMXSCMPOCBBIHB-UHFFFAOYSA-N,5.444962354449855
CLLMQCSPSLGWED-UHFFFAOYSA-N__UNHCVVZADVVTNB-UHFFFAOYSA-N,6.872623575274458
JZMVNSOAOXJFJW-UHFFFAOYSA-N__OXZXWBBFIALGLY-UHFFFAOYSA-N,1.3082135537518893
OABPNZBIOFAHMJ-UHFFFAOYSA-N__WZAHQNYJICJPPO-UHFFFAOYSA-N,0.4116661998686701
ZBTIIZPKPPJKEM-UHFFFAOYSA-N__IBNGNWUMSSVCEX-UHFFFAOYSA-N,3.166495175210968
KOWXWPSWSYLCJP-UHFFFAOYSA-N__SCRJXTPYRRIFTJ-UHFFFAOYSA-N,10.402839056373873
PZSDTTBWNJFKDO-UHFFFAOYSA-N__PKNNPRVGISCRDL-UHFFFAOYSA-N,2.435346088685616
ODUYQPNEZRSMNA-UHFFFAOYSA-N__BKSACYANKQFQHJ-UHFFFAOYSA-N,5.62362702302853
XBGNCNAJEXSNMR-UHFFFAOYSA-N__PMPUNYZBCHYZRZ-UHFFFAOYSA-N,11.554575462973649
ZCLABCYOWZEDRI-RKCSUWQLSA-N__PHKSXGGJTJJIAR-UHFFFAOYSA-N,8.069392393732608
JGCPQQNYFZXTCZ-UHFFFAOYSA-N__NFQBSLKKRYADHG-UHFFFAOYSA-N,-0.3357380284635598
VWBNSWXSPOOISY-UHFFFAOYSA-N__WHHWZDYPZGYRCC-UHFFFAOYSA-N,3.868139014199708
LDJKUNYOQNHJSY-UHFFFAOYSA-N__PYBDXVHMRBBEFS-UHFFFAOYSA-N,-0.6976317714687695
HAEVPVJUWZKCMU-UHFFFAOYSA-N__KRFUDAZNCFUUGA-GKCIPKSASA-N,9.97547545039956
FUICBPHVIUUKRD-UHFFFAOYSA-N__MUYKZVBAHBKYER-UHFFFAOYSA-N,11.10176786122727
IJMJOZXGSDXCGE-UHFFFAOYSA-N__LJRPTOHDNBQPGL-UHFFFAOYSA-N,6.681885387121377
DGZFGRMCVVIYGH-UHFFFAOYSA-N__YMYNXRKXZLJSFO-LJQANCHMSA-N,1.575406087708818
BGWFJHBPHRTUOJ-QHCPKHFHSA-N__FRUMAMVNFSORTK-UHFFFAOYSA-N,6.377594310604963
YMYNXRKXZLJSFO-LJQANCHMSA-N__DGZFGRMCVVIYGH-UHFFFAOYSA-N,6.3097023475342215
ASGMQLXGQYFIER-UHFFFAOYSA-N__JBZQZACDLUTBGV-NRFANRHFSA-N,-0.8384696765209012
JTQRNCJXSFDMNP-UHFFFAOYSA-N__ZUAGZBIFLDAREU-UHFFFAOYSA-N,2.6341185148812127
IYOLQFDMTFRGPT-UHFFFAOYSA-N__AXHTYQBZCMTSQQ-UHFFFAOYSA-N,-3.2942957989409014
CWWIKDXAVGFYBN-UHFFFAOYSA-N__WPQCKWRHQFNURX-UHFFFAOYSA-N,-2.970769108822489
XLTNZKRBXJWSKK-UHFFFAOYSA-N__MNBADNSBGCNGGB-ZCFIWIBFSA-N,4.476315171184267
MNNPCNYZPMRIMG-UHFFFAOYSA-N__VJZYXEUWGGCZEU-UHFFFAOYSA-N,7.260507312004196
HDXVFGYNQCBFKD-KVTDHHQDSA-N__FTMRMHLZVOYISQ-UHFFFAOYSA-N,1.9877760569077008
NRTFZFFRFHBDQW-UHFFFAOYSA-N__IGHNPONCVXBGIG-UHFFFAOYSA-N,9.66925410388554
IGHNPONCVXBGIG-UHFFFAOYSA-N__NRTFZFFRFHBDQW-UHFFFAOYSA-N,1.9751065232812235
KMZANMIGRSPLJH-UHFFFAOYSA-N__ZWJRQBYVFFAWRH-UHFFFAOYSA-N,9.90490817798972
BDCVPTQZOPCKRB-UHFFFAOYSA-N__JMAMMDRJFLCJEW-UHFFFAOYSA-N,2.356646219303604
UBJZXEJMJNSMOO-QHELBMECSA-N__IEPAGAQTUCUSCM-UHFFFAOYSA-N,10.80662821611466
IEPAGAQTUCUSCM-UHFFFAOYSA-N__UBJZXEJMJNSMOO-QHELBMECSA-N,7.665258189328801
MENNFOHGONWYSA-UHFFFAOYSA-N__QXNPBVLBGFCDIX-UHFFFAOYSA-N,1.6446123379953452
IIZILFWLWUMMGJ-UHFFFAOYSA-N__SHQMPJBZGBKNCE-UHFFFAOYSA-N,3.679595134485399
TYFAJOSFYUAYOJ-UHFFFAOYSA-N__WAFSHJITGUIDLN-UHFFFAOYSA-N,2.230764492546047
OEGRADLSPIXMTF-UHFFFAOYSA-N__OQAAGAPHUNGUAR-APWZRJJASA-N,2.675189651137025
UAJWBFAWSOKBSH-UHFFFAOYSA-N__YGSZEXHYAFPGBV-UHFFFAOYSA-N,4.696574983050085
OQAAGAPHUNGUAR-APWZRJJASA-N__OEGRADLSPIXMTF-UHFFFAOYSA-N,0.2483927144412722
JXENNPDJVAEGFJ-BCCVMWATSA-N__DJQVMEDIAQBVKS-UHFFFAOYSA-N,7.914369985211088
GZOMGSHCDJQRLR-UHFFFAOYSA-N__JECYYRGQHSDOLW-UHFFFAOYSA-N,3.868503303995241
BYECNSXVRLOYJP-UHFFFAOYSA-N__PDZKNPQAPGGAFJ-UHFFFAOYSA-N,6.796820538001238
GTQANIVNPUSUAB-UHFFFAOYSA-N__SXYYPOZRVFSDMZ-IRXDYDNUSA-N,5.912763243336439
SXYYPOZRVFSDMZ-IRXDYDNUSA-N__GTQANIVNPUSUAB-UHFFFAOYSA-N,4.345734545373398
UEEWMWLCGKLNTD-UHFFFAOYSA-N__OOABYNSCPWXUIR-UHFFFAOYSA-N,7.305889261206212
PDZKNPQAPGGAFJ-UHFFFAOYSA-N__BYECNSXVRLOYJP-UHFFFAOYSA-N,-3.062600214486487
XWJMQXWQVALMCK-UHFFFAOYSA-N__XEXCTVIRCXAVSC-UHFFFAOYSA-N,9.48814459379184
PMQMPGAURJPXKS-MYYSRTQBSA-N__YKVVBLRSKTZSAY-UHFFFAOYSA-N,10.628779631384772
BYQVWTOTTHTPCF-WAYWQWQTSA-N__SXDARIOPLJZBIR-UHFFFAOYSA-N,-4.322671397526585
YKVVBLRSKTZSAY-UHFFFAOYSA-N__PMQMPGAURJPXKS-MYYSRTQBSA-N,3.532591759154634
VWDVNZFKYAULEW-UHFFFAOYSA-N__CRWUHSIOVXZOSS-UHFFFAOYSA-N,2.340700674491618
UCBJYZMVWLECAA-UHFFFAOYSA-N__JWEUZDWBSXAJKG-UHFFFAOYSA-N,18.353918762954432
OUPHGQPIQOTSHW-UHFFFAOYSA-N__AYIUVSGXXGAHQH-UHFFFAOYSA-N,3.915897209568156
JWEUZDWBSXAJKG-UHFFFAOYSA-N__UCBJYZMVWLECAA-UHFFFAOYSA-N,17.5041977099341
YJGIVMSFMVKCSO-UHFFFAOYSA-N__JYCKFVAHHGNUAF-UHFFFAOYSA-N,9.405357566251968
AYIUVSGXXGAHQH-UHFFFAOYSA-N__OUPHGQPIQOTSHW-UHFFFAOYSA-N,11.097597939076277
HEUAKFKRQHLLCM-UHFFFAOYSA-N__BDTLGCUFVXPMAD-UHFFFAOYSA-N,1.8100982591743389
KOXBYTGXLUFVLP-UHFFFAOYSA-N__MREOWQNMQOMJGD-VIFPVBQESA-N,3.240921409085405
MREOWQNMQOMJGD-VIFPVBQESA-N__KOXBYTGXLUFVLP-UHFFFAOYSA-N,12.30364470102954
RCWMFQRSNLPRBY-UHFFFAOYSA-N__CUJASLKAMIUJFO-UHFFFAOYSA-N,2.729269166915955
OBQDPKVGPCABAD-RXMQYKEDSA-N__JYOGKBXESSHWFA-YKURBOOJSA-N,2.250285354484757
MZCHFXJOTWGYNJ-UHFFFAOYSA-N__IONWQPBOSUBVFU-UHFFFAOYSA-N,4.837523762560277
LNKQTTQZURKWDO-UHFFFAOYSA-N__UHJWUEQGSDRGBS-UHFFFAOYSA-N,-1.2835793598089575
IONWQPBOSUBVFU-UHFFFAOYSA-N__MZCHFXJOTWGYNJ-UHFFFAOYSA-N,7.637838607738286
LKRGNPVSWIDAEM-UHFFFAOYSA-N__AQYQKDCDUUPLOK-MRVPVSSYSA-N,5.938493752224412
AQYQKDCDUUPLOK-MRVPVSSYSA-N__LKRGNPVSWIDAEM-UHFFFAOYSA-N,10.768552885130967
KQOWZLXSUKJWKI-UHFFFAOYSA-N__FOUAEBDTKCKSDC-RUZDIDTESA-N,4.595472314145215
MAOLKVAGKUEETN-UHFFFAOYSA-N__VIQOVHGBEWYJAM-UHFFFAOYSA-N,-1.550268344069003
QKQCZONKQZMPSS-UHFFFAOYSA-N__YLBFALALYTWNLV-UHFFFAOYSA-N,1.0113141907883405
FOUAEBDTKCKSDC-RUZDIDTESA-N__KQOWZLXSUKJWKI-UHFFFAOYSA-N,-1.7665517091171008
HJXFCJLDBHVXAJ-UHFFFAOYSA-N__GGVNNZQENCLXQR-GFCCVEGCSA-N,-0.3713149353536046
ADQRPMMEDBKEHT-UHFFFAOYSA-N__PSTKEOZTVODBQB-UHFFFAOYSA-N,7.024006881391014
VIHVQEWLFAJGKJ-UHFFFAOYSA-N__LVORXUUXFDLGIZ-UHFFFAOYSA-N,10.917493724198671
VIQOVHGBEWYJAM-UHFFFAOYSA-N__MAOLKVAGKUEETN-UHFFFAOYSA-N,-1.333179987618827
AFWDFWMECGTJCN-UHFFFAOYSA-N__ZSRZDEDEBSHDTI-UHFFFAOYSA-N,0.9938302926639474
LUUSXMZRPWYOQK-UHFFFAOYSA-N__FUCKBBMRJXIUPE-UHFFFAOYSA-N,1.2201581757526287
QDIFYBIOYGWTLR-AWEZNQCLSA-N__LUHUZDLWSHMLBS-GXSJLCMTSA-N,1.284858072051155
TZKVHWPENKWZKV-UHFFFAOYSA-N__IGZDCOZXFDHFJC-GFCCVEGCSA-N,2.91174812619075
PUGPYPDJTNPYIR-UHFFFAOYSA-N__JRXWKNZUEGUWPN-UHFFFAOYSA-N,6.470457496781844
BRJQZGYHZKRMTM-UHFFFAOYSA-N__FPCBMCYTUKJWBD-UHFFFAOYSA-N,13.243257887787127
JRXWKNZUEGUWPN-UHFFFAOYSA-N__PUGPYPDJTNPYIR-UHFFFAOYSA-N,-0.8694656890628125
QNEVOJAPSBTDEH-FTNKSUMCSA-N__BVKBVLFYDWPINL-UHFFFAOYSA-N,1.795105347137578
IKTNSAUHWNYPSB-HBBFGDNQSA-N__SQIZVNALSUCSKS-UHFFFAOYSA-N,1.1269964832797466
FUBMJZCYDDRLQB-SEYXRHQNSA-N__IRYQFSVZJGBMNB-UHFFFAOYSA-N,6.8245441357636
NJLBORVSQFSYSJ-UHFFFAOYSA-N__ZUWFLCXOBWJWDU-DHZHZOJOSA-N,2.050515786650608
ZUWFLCXOBWJWDU-DHZHZOJOSA-N__NJLBORVSQFSYSJ-UHFFFAOYSA-N,2.940062022457366
QIDZSYZQYOITCV-UHFFFAOYSA-N__LXMYZIWCYCQHJD-UHFFFAOYSA-N,4.114777533400001
NDRZWKYZOORDAX-UHFFFAOYSA-N__VLFBSPUPYFTTNF-VIFPVBQESA-N,8.697355374697146
ZCSBDIHAHBZQDS-UHFFFAOYSA-N__PSSYITBQYRMZDJ-UHFFFAOYSA-N,10.086799516669284
RIJRDMZTVUQOHI-UHFFFAOYSA-N__YNKYARIWLUSPGJ-UHFFFAOYSA-N,5.16992521118986
RDFZYUOHJBXMJA-UHFFFAOYSA-N__BPYPXXVKVKHRBS-RUZDIDTESA-N,7.155014070590214
JTCDNBKTOGJFBY-UHFFFAOYSA-N__QWGRRQJWYRBYNI-UHFFFAOYSA-N,3.988022058521669
LXMYZIWCYCQHJD-UHFFFAOYSA-N__QIDZSYZQYOITCV-UHFFFAOYSA-N,9.031464212320612
BPYPXXVKVKHRBS-RUZDIDTESA-N__RDFZYUOHJBXMJA-UHFFFAOYSA-N,11.96715411802906
SBOAKLNAOFQFIV-UHFFFAOYSA-N__AQFDXXPNSSBCJJ-UHFFFAOYSA-N,2.613617826094769
IZQKBAGNFYIDNH-UHFFFAOYSA-N__SZZUYHFHJSPLMT-UHFFFAOYSA-N,2.458363403464046
MHQNOHDTFUUBLO-UHFFFAOYSA-N__YRLIKYBIMRCOMP-UHFFFAOYSA-N,13.01152051739368
NRSLGXNPQQURKW-MSXFZWOLSA-N__SEDJLMJOWKYWJS-UHFFFAOYSA-N,-2.725419270142196
YYVZYIKXEBRMCB-UHFFFAOYSA-N__UIQCERZULKMOFI-UHFFFAOYSA-N,7.788359419764897
RIBAGLHYANHZKR-UHFFFAOYSA-N__BXDZRCQJCCOFTK-OAHLLOKOSA-N,-0.6919375274995901
HHRSJRFWDWEWEV-UHFFFAOYSA-N__OWOPRLCKQASCKA-UHFFFAOYSA-N,6.997400486264082
OWOPRLCKQASCKA-UHFFFAOYSA-N__HHRSJRFWDWEWEV-UHFFFAOYSA-N,3.455096611147708
PGYVWKCZXIFDPU-UHFFFAOYSA-N__UUPTZXUYFAHCQN-UHFFFAOYSA-N,9.00485164503696
RMPKHUJAYKUKPH-RMKNXTFCSA-N__QWQMCXSGLDAWMT-UHFFFAOYSA-N,1.0065289182094543
DBXJHIRENAUZKX-UHFFFAOYSA-N__ABFOSAMDGDQJQF-UHFFFAOYSA-N,2.3049669368360264
WFBFETHFWBUPMQ-FKEBYFGASA-N__HPVOYQOZPPAHEF-UHFFFAOYSA-N,1.7529096911252209
YOHDVKQEGWLMNE-UHFFFAOYSA-N__WYEIRJUKSRGZPQ-UHFFFAOYSA-N,-1.1109573385293317
KNDXKPUSNLHKMT-UHFFFAOYSA-N__MKBZABARCRRUBB-UHFFFAOYSA-N,6.137903749660793
PVDPDUIGTADGDD-UHFFFAOYSA-N__WXORFWJPFLUGPW-UHFFFAOYSA-N,2.290870744046836
BELASFNKJTVFQI-ZDUSSCGKSA-N__PWKLLBRXPMPRAI-ZVDOUQERSA-N,6.414182524710498
HPVOYQOZPPAHEF-UHFFFAOYSA-N__WFBFETHFWBUPMQ-FKEBYFGASA-N,4.213713496500313
PWKLLBRXPMPRAI-ZVDOUQERSA-N__BELASFNKJTVFQI-ZDUSSCGKSA-N,9.993323787633202
QWQMCXSGLDAWMT-UHFFFAOYSA-N__RMPKHUJAYKUKPH-RMKNXTFCSA-N,1.4071195658620976
MKBZABARCRRUBB-UHFFFAOYSA-N__KNDXKPUSNLHKMT-UHFFFAOYSA-N,14.694734931773352
UKMJDZUHNPTPGV-UHFFFAOYSA-N__WRUZAZIVJKOPNS-UHFFFAOYSA-N,-1.0292439338167552
DSJPRZOKABVBLR-UHFFFAOYSA-N__YXYHVXDGIRFTSI-UHFFFAOYSA-N,-1.4737463630044636
OKSDNEFXIIXUIR-UHFFFAOYSA-N__OREAVAUZFXSJQB-UHFFFAOYSA-N,4.540406292280182
WRRJMDDTGLTATH-UHFFFAOYSA-N__CUAYEHJEMGUPOF-UHFFFAOYSA-N,2.3935896644350203
LZMDRWTULZRDJL-UHFFFAOYSA-N__ZTZYUVUBYXISCO-UHFFFAOYSA-N,4.353073360850798
IPQPKAKZIJXUAV-UHFFFAOYSA-N__GYBGBRBZBFQNNV-UHFFFAOYSA-N,-2.585866747225148
GUZWRGXKOKTPNB-UHFFFAOYSA-N__RMHCJIQOFXULDL-FSIIMWSLSA-N,-4.576069346977409
RMHCJIQOFXULDL-FSIIMWSLSA-N__GUZWRGXKOKTPNB-UHFFFAOYSA-N,-8.419699391717637
NDRMMXZBBWXMBY-UHFFFAOYSA-N__LRRVFHLJROWXPR-UHFFFAOYSA-N,11.920537251945488
OKBHPVOFRDHZPQ-UHFFFAOYSA-N__RLYMSINRCBDLJL-UHFFFAOYSA-N,-4.528331524120662
CUAYEHJEMGUPOF-UHFFFAOYSA-N__WRRJMDDTGLTATH-UHFFFAOYSA-N,-6.767540274844163
LURQSTZVGWRFLV-CYBMUJFWSA-N__VQHKVIKDAURKJB-UHFFFAOYSA-N,6.615928938505224
XBYOFRXXLUSJCI-UHFFFAOYSA-N__BUMOVTUAOARJAN-UHFFFAOYSA-N,12.865473932436808
AWQLNKJBXASXDU-IPJQOSJUSA-N__DLKXOIZSISFVNO-UHFFFAOYSA-N,8.418813383392768
CJYWQSPJGXZIMH-SNAWJCMRSA-N__NCJNVNMUNXTXRP-LLVKDONJSA-N,-0.401031242178498
HFKHXPOAUHLQHF-UHFFFAOYSA-N__KQBPDUHJQLIKCD-UHFFFAOYSA-N,0.5027123584089392
CDWAODSLFNDDEM-VIFPVBQESA-N__ACEWBUCHHXLAPU-CQSZACIVSA-N,-2.5612928905764663
BPJLULMXDAFEEV-JSGCOSHPSA-N__QOHSXCIEWSJYJG-UHFFFAOYSA-N,7.176456199901117
DYZBRFCEDMPWER-UHFFFAOYSA-N__WIXKSAJCLOBFOW-UHFFFAOYSA-N,15.936648692553328
LNPSAUJJJCBHRP-UHFFFAOYSA-N__MBQBEXSLVVIXMX-IXCJQBJRSA-N,0.5026456967193289
MPWOEUPPXXAESE-UHFFFAOYSA-N__RWAHHXMCOYTNEA-UHFFFAOYSA-N,2.414632557050357
RKYPVIMCQNLRRQ-UHFFFAOYSA-N__JDKOAUCCAOJIPX-UHFFFAOYSA-N,6.665720258121113
FMRKOEANWFNLNY-UHFFFAOYSA-N__MKXTWLKDKSMNQT-UWJYYQICSA-N,-3.211882452337261
KCNAGHCYZJDYBB-UHFFFAOYSA-N__WKFARROZUIHXPY-UHFFFAOYSA-N,5.303143684862711
ZDYNRRRALOJLBW-UHFFFAOYSA-N__MPCLDDVINWOUIE-UHFFFAOYSA-N,8.19615077491359
ZIMQHXBCBBWBEJ-UHFFFAOYSA-N__ZGOWPCHSOHJRIL-CNZKWPKMSA-N,12.428702366890525
CHBWYBWJDWKHCG-UHFFFAOYSA-N__RCJMAACWTPHNIG-IRXDYDNUSA-N,5.404992025391664
DBBNCIUANQBYSX-QWRGUYRKSA-N__HMVMHFNEJGVMDR-UHFFFAOYSA-N,20.56322605385106
ZGOWPCHSOHJRIL-CNZKWPKMSA-N__ZIMQHXBCBBWBEJ-UHFFFAOYSA-N,7.262111468648534
RCJMAACWTPHNIG-IRXDYDNUSA-N__CHBWYBWJDWKHCG-UHFFFAOYSA-N,5.74854404150491
ZNEHYWXCSVZHFK-UHFFFAOYSA-N__PBSPEVWZRXEBBS-UHFFFAOYSA-N,0.0731386760252154
KGPNZSPROLTTEN-UHFFFAOYSA-N__XCSMDWZXWZKETO-DLBZAZTESA-N,-0.3189835010860383
PBKHEHLAGUKNBM-UHFFFAOYSA-N__WCBQWLMANCPICQ-UHFFFAOYSA-N,14.856347535184478
XCSMDWZXWZKETO-DLBZAZTESA-N__KGPNZSPROLTTEN-UHFFFAOYSA-N,1.1284071672303746
UVGJHBXUIXFSNZ-KFJBMODSSA-N__UHMGYRQIABFCSU-UHFFFAOYSA-N,3.686370616495371
OYTKGCLKEWYRHS-HOFKKMOUSA-N__JWDZANDHAFYOHP-UHFFFAOYSA-N,-1.0709552405348322
LDSUNPIYSWRZLK-UHFFFAOYSA-N__RKTHZYGSEPUTJK-UHFFFAOYSA-N,-0.3703364655984685
ULNGIIOEECCMER-WMZOPIPTSA-N__SARUCBUINZTOSL-UHFFFAOYSA-N,5.820857446429123
LVUYMRFXWHRZIB-UHFFFAOYSA-N__WJBZWNCQEMMYGD-UHFFFAOYSA-N,7.208088865650584
LYULKBLYTKXBPU-UHFFFAOYSA-N__WNUICXJBJUCTFV-UHFFFAOYSA-N,12.369845057487632
QBVNUUOYZDXVCA-UHFFFAOYSA-N__PKFUWHBQVJSMDF-UHFFFAOYSA-N,5.284109921074506
JFPFGGKGIBLAOP-UHFFFAOYSA-N__VHMPWJVYXAMEDO-UHFFFAOYSA-N,4.646631976608181
XPYGMZJSNRUQMZ-YFKPBYRVSA-N__WJQGKLQPJZGFHX-UHFFFAOYSA-N,-2.824998160693708
WJQGKLQPJZGFHX-UHFFFAOYSA-N__XPYGMZJSNRUQMZ-YFKPBYRVSA-N,-3.778654450083236
PYELHMDLNMNHPS-UHFFFAOYSA-N__HCCMCGPIYUTCAD-UHFFFAOYSA-N,-1.2766290289414914
GWECGPALCTXALY-AAAHICMJSA-N__NIURJARCDDIGML-BSWSSELBSA-N,7.881910553225959
IFUDEAMSKPFFCC-UHFFFAOYSA-N__PJUQWIDQSZRDTH-UHFFFAOYSA-N,5.523355108883216
NIURJARCDDIGML-BSWSSELBSA-N__GWECGPALCTXALY-AAAHICMJSA-N,6.541868984728921
QENBYCYTRJPDGC-VIFPVBQESA-N__UPDSDOYJKJXTPB-UHFFFAOYSA-N,3.8082617283257134
FMPYHEPJLCCCIV-UHFFFAOYSA-N__RIQPABHVNSGMFL-XJKCOSOUSA-N,-1.0271036279326378
ZAAHPBIPSKCETK-UHFFFAOYSA-N__MCFODAFHCXSNAV-UHFFFAOYSA-N,7.037721647051029
MCFODAFHCXSNAV-UHFFFAOYSA-N__ZAAHPBIPSKCETK-UHFFFAOYSA-N,5.942173040778603
KIRFOWFHRSSEJN-PUTMMCKPSA-N__GHCGBQMRGSLCGI-UHFFFAOYSA-N,5.911373555904711
GHCGBQMRGSLCGI-UHFFFAOYSA-N__KIRFOWFHRSSEJN-PUTMMCKPSA-N,7.7692238965038625
RQFZBTMJCHJWBQ-UHFFFAOYSA-N__HVPWCAPZDAMFLI-UHFFFAOYSA-N,11.477714316839242
HVPWCAPZDAMFLI-UHFFFAOYSA-N__RQFZBTMJCHJWBQ-UHFFFAOYSA-N,-1.8352007851091208
OSHOZZUXWDBTDV-XZOQPEGZSA-N__DGLOYPFMARTKFF-UHFFFAOYSA-N,5.905247605606423
DGLOYPFMARTKFF-UHFFFAOYSA-N__OSHOZZUXWDBTDV-XZOQPEGZSA-N,-2.1612828301510683
ARBIIGBYRIXUET-UHFFFAOYSA-N__NOPDIZVFKFPLDN-UHFFFAOYSA-N,4.514191057139653
NOPDIZVFKFPLDN-UHFFFAOYSA-N__ARBIIGBYRIXUET-UHFFFAOYSA-N,8.6290996847714
AHRJZXFBUCJPCL-UHFFFAOYSA-N__KVJXSOZTQJVWKL-UHFFFAOYSA-N,1.8575546652712167
ASNHSGGMNWXBEI-LBPRGKRZSA-N__TWFDYYIYZCMWHJ-UHFFFAOYSA-N,4.833182918509635
TWFDYYIYZCMWHJ-UHFFFAOYSA-N__ASNHSGGMNWXBEI-LBPRGKRZSA-N,5.337609616098506
DEARPFQMHQJLAQ-UHFFFAOYSA-N__DPMASFXREZOGOC-CYZMBNFOSA-N,16.53060787729103
OYNHEUGSEWDFGZ-UHFFFAOYSA-N__FZEJFNTUCAPSNJ-UHFFFAOYSA-N,7.153111610396926
DOOOMZRJECJNKG-UHFFFAOYSA-N__QMSPSWXYVMMNCB-UHFFFAOYSA-N,17.684146014897298
BDFJLNPCSGMRRR-UHFFFAOYSA-N__PCJBUFAFIDVHHV-UHFFFAOYSA-N,8.258905629144238
DGADTZIGHLQBTO-UHFFFAOYSA-N__GZKMFAJWUNSXOK-UHFFFAOYSA-N,4.167682815802546
VQGTZQHEFYJUMA-UHFFFAOYSA-N__PWFRMGLBHCVFNE-BCXZNTRWSA-N,3.5419825628446766
ZVIDJMXPGHSFGI-UHFFFAOYSA-N__KETFGJWYFXSYFJ-UHFFFAOYSA-N,-0.8763145869073112
HJNHMPVRNYXQBE-UHFFFAOYSA-N__ZVSZBOHBWYWVNG-UHFFFAOYSA-N,-2.0847157109012056
KGPNZSPROLTTEN-UHFFFAOYSA-N__BKFRUSRDPSIRSS-UHFFFAOYSA-N,7.994497575823628
ZQVDSGVJMZCIHP-UHFFFAOYSA-N__AKSRCRXMJSIEID-UHFFFAOYSA-N,2.348450112673615
TVHIBVAPFDEBIK-UHFFFAOYSA-N__YKMPOFDSZLEGMW-UHFFFAOYSA-N,5.024775245462486
YKMPOFDSZLEGMW-UHFFFAOYSA-N__TVHIBVAPFDEBIK-UHFFFAOYSA-N,5.808029099724529
MIAJAGQFTZBGBC-UHFFFAOYSA-N__MTXUIBNFJIEXPC-UHFFFAOYSA-N,2.011519356835467
MCPYFTYMXITWPU-UHFFFAOYSA-N__ZHHVPRUEBWLGCP-UHFFFAOYSA-N,13.710180632965471
MTXUIBNFJIEXPC-UHFFFAOYSA-N__MIAJAGQFTZBGBC-UHFFFAOYSA-N,4.602251672176582
NARQMSZOIGXQCR-UHFFFAOYSA-N__LOMRJQANQRYBTL-UHFFFAOYSA-N,4.7526516281268325
XFTVNTHWPKLPKW-UHFFFAOYSA-N__ZNOYVMYSEZNYEL-UHFFFAOYSA-N,7.33163305823011
HRMFMMKDNBWZOT-MAGYJKNESA-N__VSUBGVWELBOMCY-UHFFFAOYSA-N,8.979544675881078
AJAAEXSZVGOOQY-UHFFFAOYSA-N__VAKABUBSGYOQIM-SNVBAGLBSA-N,12.55476884579303
KWPIOSOVDGRDPO-UHFFFAOYSA-N__ZOZWRGRXXIPNKK-UHFFFAOYSA-N,5.215627897809337
JPZUMRWCUWGOHO-UHFFFAOYSA-N__NLVSDJPPSHFVSM-UHFFFAOYSA-N,6.8047082865192685
VSUBGVWELBOMCY-UHFFFAOYSA-N__HRMFMMKDNBWZOT-MAGYJKNESA-N,13.196212352299844
BUZDGGFWWPZBIN-MSIWLMLLSA-N__IZQNTHMCBUVGKB-UHFFFAOYSA-N,5.548883382937749
WSCIMRHEYPGXEN-UHFFFAOYSA-N__QDTNFKXDRHDTJQ-UHFFFAOYSA-N,5.648210129280208
SXGPNBOYXHLMBK-UHFFFAOYSA-N__RMRBQIXOKOPBDE-UHFFFAOYSA-N,5.493930033359224
PCMSHRUMDZZNEC-UHFFFAOYSA-N__ZBEOKBCYLGPLIO-UHFFFAOYSA-N,4.096529138138351
XQXIDELHPWXTDD-UHFFFAOYSA-N__FTBWNEMIGZTBDL-UHFFFAOYSA-N,5.088221483975008
DBYIQHBTFKAWJE-UHFFFAOYSA-N__JWUFNEBRLYZKFH-UHFFFAOYSA-N,4.374052544521234
YOIYPKHQYFMJOZ-UHFFFAOYSA-N__DCGKDDVUUMOTDH-UHFFFAOYSA-N,6.797375333513528
PBASIQXIXVODIC-UHFFFAOYSA-N__KLVCMRCDCITCQJ-UHFFFAOYSA-N,5.2084312481079005
QGSPRMBQCFLZLV-UHFFFAOYSA-N__BEQOSXJGKMWYOK-UHFFFAOYSA-N,6.116630630135102
OLURBOMRTBZJEE-UHFFFAOYSA-N__XVPKXYPYOSDMMR-UHFFFAOYSA-N,3.0729452655801914
UUJKUXVOECIJEG-YBEGLDIGSA-N__DFHUNQLRWWMQOP-UHFFFAOYSA-N,11.285654532803
BEQOSXJGKMWYOK-UHFFFAOYSA-N__QGSPRMBQCFLZLV-UHFFFAOYSA-N,16.726867981054063
XVPKXYPYOSDMMR-UHFFFAOYSA-N__OLURBOMRTBZJEE-UHFFFAOYSA-N,9.183241106251742
ISDSECNBJJDFMJ-UHFFFAOYSA-N__KIXXWWZUICHDLA-UHFFFAOYSA-N,7.59910624275995
KIXXWWZUICHDLA-UHFFFAOYSA-N__ISDSECNBJJDFMJ-UHFFFAOYSA-N,3.447968513349069
DFHUNQLRWWMQOP-UHFFFAOYSA-N__UUJKUXVOECIJEG-YBEGLDIGSA-N,5.896796491981866
LOGURRTVZMQXNK-UHFFFAOYSA-N__UUJUUQFTURUNQL-UHFFFAOYSA-N,15.597704290452596
DDZJYBCRNHBSEJ-UHFFFAOYSA-N__AMAKBTKKFGWTDL-UHFFFAOYSA-N,3.964197833841834
UUJUUQFTURUNQL-UHFFFAOYSA-N__LOGURRTVZMQXNK-UHFFFAOYSA-N,7.789797638719828
DZSKOFKEHVSINF-UHFFFAOYSA-N__NBHXDQSTKBOKNO-UHFFFAOYSA-N,6.846633257311594
BVAYMJRGJHDAAD-UHFFFAOYSA-N__NNSQFWCKTHZGCJ-UHFFFAOYSA-N,12.11577200044803
NBHXDQSTKBOKNO-UHFFFAOYSA-N__DZSKOFKEHVSINF-UHFFFAOYSA-N,1.4122219569448515
DJQWDUGHYAUCBQ-UHFFFAOYSA-N__UQOJLUWDQPJKMW-UHFFFAOYSA-N,8.013285801161395
OIGWLFMCSZEFRV-UHFFFAOYSA-N__WLBCMAJNCLOCBF-UHFFFAOYSA-N,0.8649659038795307
UQOJLUWDQPJKMW-UHFFFAOYSA-N__DJQWDUGHYAUCBQ-UHFFFAOYSA-N,7.798738386117146
YUCVTWAGTNBIIP-UHFFFAOYSA-N__KOZAFQQSYQHRDX-UHFFFAOYSA-N,11.902437736226522
KOZAFQQSYQHRDX-UHFFFAOYSA-N__YUCVTWAGTNBIIP-UHFFFAOYSA-N,13.681520734801516
XZHYAVLKSHKOMX-VOTSOKGWSA-N__VHDGJSJNYBTBTM-UHFFFAOYSA-N,6.339097302707976
WTQIIYJGBSLDDD-IBGZPJMESA-N__NHPUDKLPCIIKNM-UHFFFAOYSA-N,4.435901118860799
SBHWMMRZGSJHAP-UHFFFAOYSA-N__IFZKWAZBBACVGL-UHFFFAOYSA-N,5.989715512356802
CLDMKMIKUAPUGR-LBPRGKRZSA-N__HVPIXSUQUHIBRN-UHFFFAOYSA-N,7.5490097568713725
HVPIXSUQUHIBRN-UHFFFAOYSA-N__CLDMKMIKUAPUGR-LBPRGKRZSA-N,10.933945526258157
MYMYBFADKSNVHM-UHFFFAOYSA-N__QDXCNIKOTAODNH-UHFFFAOYSA-N,1.466786463646134
JAKQKCBEUYYTPD-UHFFFAOYSA-N__PJNPVTUDOZHSBT-UHFFFAOYSA-N,6.406191857059294
ZCJOHRGREUNSCG-UHFFFAOYSA-N__LTHCDGGGLDPZAI-UHFFFAOYSA-N,5.610905088920072
PJNPVTUDOZHSBT-UHFFFAOYSA-N__JAKQKCBEUYYTPD-UHFFFAOYSA-N,6.380821245875027
QFRPEIAAKXFRKY-UHFFFAOYSA-N__QQTYBXWNFUHMSN-UHFFFAOYSA-N,9.53678935942693
KMZSRVFTIWWOAC-UHFFFAOYSA-N__GUHOCVVHXDHJKL-UHFFFAOYSA-N,17.648742054880532
REEBWSYYNPPSKV-UHFFFAOYSA-N__KJCKIDCFGOHRMN-UHFFFAOYSA-N,3.740667309536904
ICJIXRJLTWTBFQ-UHFFFAOYSA-N__XATXVWJMWAMSBR-UHFFFAOYSA-N,9.619630952319303
UJWGAXIHKWHINL-TXEJJXNPSA-N__NGYLZOMPNDTPQS-UHFFFAOYSA-N,15.496128304346882
KJCKIDCFGOHRMN-UHFFFAOYSA-N__REEBWSYYNPPSKV-UHFFFAOYSA-N,12.262259492326724
XATXVWJMWAMSBR-UHFFFAOYSA-N__ICJIXRJLTWTBFQ-UHFFFAOYSA-N,4.636030672003641
LJQHJPZKUGXPIS-UHFFFAOYSA-N__BJLGKPYWAWPCRB-UHFFFAOYSA-N,6.76900499673387
PLJHSYHHNMQORK-UHFFFAOYSA-N__ABHNJAJFVWIUOX-UHFFFAOYSA-N,10.39359078543053
VGXXKQXYFJIVHJ-UHFFFAOYSA-N__NJBMYOBPMLVCSK-UHFFFAOYSA-N,7.297767952115497
CLVRTWVWWJLTCX-UHFFFAOYSA-N__FJCFMZANWVNQNF-UHFFFAOYSA-N,5.509153062728761
QIBFWJZPVCBPIO-UHFFFAOYSA-N__MKOLLVRPGGCOHD-ZHACJKMWSA-N,5.475898010364493
XHQOLQNZFVQNGH-UHFFFAOYSA-N__KICYVNXXBRCCAR-UHFFFAOYSA-N,18.034059136998582
WFXGPYWXERCKBK-MRXNPFEDSA-N__SPWQEANFZBYSRK-UHFFFAOYSA-N,8.781468683560309
KICYVNXXBRCCAR-UHFFFAOYSA-N__XHQOLQNZFVQNGH-UHFFFAOYSA-N,10.586911373836656
ZFBWQLXUMPLIJO-UHFFFAOYSA-N__YMHOGHMTRYVNRX-UHFFFAOYSA-N,13.122708704258812
LVOWSEBXGGZZCK-UHFFFAOYSA-N__STFVTOHOIGLSBS-UHFFFAOYSA-N,5.844516922150768
BOHUWZXGMPNZPG-UHFFFAOYSA-N__WFBJWNJLNIVBTR-UHFFFAOYSA-N,9.894117030377336
STFVTOHOIGLSBS-UHFFFAOYSA-N__LVOWSEBXGGZZCK-UHFFFAOYSA-N,9.486326723920287
DHJLLRSAZHTXRH-UHFFFAOYSA-N__MSOXICKJPCAOTD-YAXRCOADSA-N,0.1291294983891917
FPNFXFVDVIDQJP-UHFFFAOYSA-N__ZZWHWGZFHPVYFV-PHTUBKJSSA-N,9.980439721729937
AJCRXQFDMKXXAE-VIFPVBQESA-N__HZKVTEXIMCANFB-ZHACJKMWSA-N,16.007212789639006
YUYNKNONESNAHN-UHFFFAOYSA-N__ARTNJKQAWKUQKD-UHFFFAOYSA-N,-1.7909626708516184
MISSGRDYBFYWEC-UHFFFAOYSA-N__DBEOTDOPQCLETM-UHFFFAOYSA-N,-1.7340886585037365
DBEOTDOPQCLETM-UHFFFAOYSA-N__MISSGRDYBFYWEC-UHFFFAOYSA-N,3.832218857550168
FZKNQQXVLMTLAW-UHFFFAOYSA-N__DUSKCSPDKZXLCB-UHFFFAOYSA-N,12.663832116644974
CNCRXGPNUMFDSK-FQEVSTJZSA-N__AXZLSNRDEBPWTA-UHFFFAOYSA-N,15.926612472659922
RRPQPHPFVLFYGD-CEXWTWQISA-N__IQACROJNDAWUJR-UHFFFAOYSA-N,2.974466537887325
GWCKEPKBJGRTKN-UHFFFAOYSA-N__XXWKUFLBAWOMET-UHFFFAOYSA-N,3.6289574624268615
QEJRUVAQQPSHTA-UHFFFAOYSA-N__RJJUDTLKVVDXQW-UHFFFAOYSA-N,4.674509699975351
AXZLSNRDEBPWTA-UHFFFAOYSA-N__CNCRXGPNUMFDSK-FQEVSTJZSA-N,5.836285909355639
DOGKXVSWIIDESW-UHFFFAOYSA-N__ZFJLFANWBDMGPW-UHFFFAOYSA-N,13.003744168713958
LLEWFFYCSCFJTQ-UHFFFAOYSA-N__QRFXIMJRQDVUTC-UHFFFAOYSA-N,3.192736611377222
ZOCYINMJMFWRHJ-UONOGXRCSA-N__FAVBBDNPQMGLRL-UHFFFAOYSA-N,11.140126562105513
MEKLDRGHMPUCOE-UHFFFAOYSA-N__HCZLJZVAGQCFOM-UHFFFAOYSA-N,1.4208719523004845
YORVLVTTZHYVJZ-UHFFFAOYSA-N__HHPZFFINVAJBLM-UHFFFAOYSA-N,4.63357438562444
QGSRJBAXOBXVCP-UHFFFAOYSA-N__UGNXGHJMNQPGQM-UHFFFAOYSA-N,7.757087249116675
UGNXGHJMNQPGQM-UHFFFAOYSA-N__QGSRJBAXOBXVCP-UHFFFAOYSA-N,1.0481507810896402
QRFXIMJRQDVUTC-UHFFFAOYSA-N__LLEWFFYCSCFJTQ-UHFFFAOYSA-N,13.202748443261273
AOGRYADLPWDYSN-UHFFFAOYSA-N__OHTAODBDCAKZJM-UHFFFAOYSA-N,4.448794755823153
OHTAODBDCAKZJM-UHFFFAOYSA-N__AOGRYADLPWDYSN-UHFFFAOYSA-N,7.84307945457122
LKVNZRUBOOJTNN-UHFFFAOYSA-N__AGBPALAUODHTLH-UHFFFAOYSA-N,4.86359134962174
YYVIXNPUQRDUAU-UHFFFAOYSA-N__NNUFIVNLOSPUFW-UHFFFAOYSA-N,4.613105649901731
GWMYESUTDAKWHQ-UHFFFAOYSA-N__GTTWDIYDIIRRPG-UHFFFAOYSA-N,7.933628395443299
GTTWDIYDIIRRPG-UHFFFAOYSA-N__GWMYESUTDAKWHQ-UHFFFAOYSA-N,10.596960083362202
PSNQHGJVGCUGBC-UHFFFAOYSA-N__XCWJVHNQUCPUNH-UHFFFAOYSA-N,2.847445043396692
XCWJVHNQUCPUNH-UHFFFAOYSA-N__PSNQHGJVGCUGBC-UHFFFAOYSA-N,9.959338163948477
ZQSXOOQZWMFIGD-UHFFFAOYSA-N__IKXNYXKZOJYTTH-UHFFFAOYSA-N,3.292462310983144
KXRCRXMCOAQEEZ-UHFFFAOYSA-N__GJCDGFGEETVUHR-UHFFFAOYSA-N,12.667328224094176
GJCDGFGEETVUHR-UHFFFAOYSA-N__KXRCRXMCOAQEEZ-UHFFFAOYSA-N,12.803973769203129
FZXZYDIZTJREFW-UHFFFAOYSA-N__MNEPNJJKQKTJLZ-UHFFFAOYSA-N,11.791184888603976
MNEPNJJKQKTJLZ-UHFFFAOYSA-N__FZXZYDIZTJREFW-UHFFFAOYSA-N,8.506546955165165
IKIBCVVUGNCJEZ-UHFFFAOYSA-N__FGSIIWVVTVXGRG-UHFFFAOYSA-N,2.0180517090328265
NWJFGAFDIIUSIX-UHFFFAOYSA-N__GINBPTXHRLUAKC-UHFFFAOYSA-N,9.028472268516612
GINBPTXHRLUAKC-UHFFFAOYSA-N__NWJFGAFDIIUSIX-UHFFFAOYSA-N,9.222726251485389
QWZZUGASCTXDNL-UHFFFAOYSA-N__KDIRRHXJDJHIHH-UHFFFAOYSA-N,11.194086160779472
IJHMHDMCUAGRQS-UHFFFAOYSA-N__IKENRZBEGWEAAE-UHFFFAOYSA-N,7.003754132130841
CLATYDGNAFPFOT-UHFFFAOYSA-N__OKXDKILDKNFCLV-UHFFFAOYSA-N,8.717215203310385
ZVEBCFROXFMLRT-UHFFFAOYSA-N__LICSBAUTSZQLJI-UHFFFAOYSA-N,8.463838435575978
BEAWYSOKWXCVDB-UHFFFAOYSA-N__NBMNCQXQMHSXNQ-UHFFFAOYSA-N,3.03985557505234
NBMNCQXQMHSXNQ-UHFFFAOYSA-N__BEAWYSOKWXCVDB-UHFFFAOYSA-N,4.187804971991435
LYELYRFMMNYILX-UHFFFAOYSA-N__QNRPUYIPJQFJKZ-UHFFFAOYSA-N,9.594218708504732
QNRPUYIPJQFJKZ-UHFFFAOYSA-N__LYELYRFMMNYILX-UHFFFAOYSA-N,10.417243028604116
TYRDEBPBZNDPJB-UHFFFAOYSA-N__HQSIMCODZRPQRV-UHFFFAOYSA-N,5.463333653875517
GBVFLIQIOXYPDM-UHFFFAOYSA-N__VXXVUFPVRKJELV-UHFFFAOYSA-N,8.485349109013667
HZCCCKHPFDZRPM-UHFFFAOYSA-N__ZNNSAWOFIMFOLO-UHFFFAOYSA-N,11.155254866796998
QVHIKDYOFJIAMD-UHFFFAOYSA-N__AYRMJLITHJEHQT-DJKKODMXSA-N,18.96384038963744
RDHFNHGTEGNZLU-UHFFFAOYSA-N__KZMSMCLIIZWKTF-UHFFFAOYSA-N,6.569176122604905
OLNZPFQQOQESJH-UHFFFAOYSA-N__DTUVRIPRGRUBNR-UHFFFAOYSA-N,3.296020407023572
VSQMBKICJMQJPY-UHFFFAOYSA-N__PESWJUVJOPERGA-UHFFFAOYSA-N,-1.598436036689027
FREAABDNJCOICZ-UHFFFAOYSA-N__SSNTVBDGYACMQL-UHFFFAOYSA-N,6.766723382789412
FLARGHGESJOQAM-UHFFFAOYSA-N__HYJDERBGUYBFNV-UHFFFAOYSA-N,0.0812710662909881
SSNTVBDGYACMQL-UHFFFAOYSA-N__FREAABDNJCOICZ-UHFFFAOYSA-N,7.062119830584851
DLQQUTBXEFQUJF-UHFFFAOYSA-N__PAUDETQORAAMIO-UHFFFAOYSA-N,7.137450163000406
GVLWVFFWEVJJFG-UHFFFAOYSA-N__UTKJPPDTYPVAMV-SECBINFHSA-N,10.35755919452134
RVCGXCYKWWYXQQ-UHFFFAOYSA-N__AYWRPIRVFQWGOD-UHFFFAOYSA-N,14.129432643230595
KXPALOZGRGUSSO-OKILXGFUSA-N__ADUPKHCVWOYVGQ-UHFFFAOYSA-N,9.801563757836018
UTKJPPDTYPVAMV-SECBINFHSA-N__GVLWVFFWEVJJFG-UHFFFAOYSA-N,8.843319945832107
BNXRIRRKBFEOQA-UHFFFAOYSA-N__ULMXQSPDSVOAKS-UHFFFAOYSA-N,7.286728607155647
SOUHJBKRKUVAAB-UHFFFAOYSA-N__GXIFWBHGMAJQJL-UHFFFAOYSA-N,12.140449638190212
GXIFWBHGMAJQJL-UHFFFAOYSA-N__SOUHJBKRKUVAAB-UHFFFAOYSA-N,8.08437590663864
AGWDSQCYCAOWSP-UHFFFAOYSA-N__UTQNVIKJAJERFZ-UHFFFAOYSA-N,15.149825121035269
KGQJJXWVPSBTEA-UHFFFAOYSA-N__YQEZFOLKLFSPPS-UHFFFAOYSA-N,3.355955731773624
MSWJXOMNFTXHRY-MRXNPFEDSA-N__CASONFBVJNVRPJ-UHFFFAOYSA-N,7.6428498805008145
CASONFBVJNVRPJ-UHFFFAOYSA-N__MSWJXOMNFTXHRY-MRXNPFEDSA-N,11.623309646499273
ZNHIJNTUGVMVFP-UHFFFAOYSA-N__VXZFTUQOYQESLJ-UHFFFAOYSA-N,16.070003285688415
YQEZFOLKLFSPPS-UHFFFAOYSA-N__KGQJJXWVPSBTEA-UHFFFAOYSA-N,5.518273761118119
UTQNVIKJAJERFZ-UHFFFAOYSA-N__AGWDSQCYCAOWSP-UHFFFAOYSA-N,11.366213427032788
VAPYVFRLVPRJLX-UHFFFAOYSA-N__MUCQOSUEJNTBTO-UHFFFAOYSA-N,-0.5590496375313402
MUCQOSUEJNTBTO-UHFFFAOYSA-N__VAPYVFRLVPRJLX-UHFFFAOYSA-N,4.923833540523699
FGYJEQRISUNQBH-UHFFFAOYSA-N__BIHCWNSZSZZYRO-UHFFFAOYSA-N,6.579574812421466
NLHQPGKMBLGYLZ-UCFFOFKASA-N__LPQFWKNGUFVNCB-UHFFFAOYSA-N,4.132379949874459
ZVMSZRAAUPZDTR-UHFFFAOYSA-N__DEEKOVPFJYQLKB-UHFFFAOYSA-N,3.1447644785613025
GDEUGYNRAPLPHR-UHFFFAOYSA-N__ZGSOOPMWUFWJFD-UHFFFAOYSA-N,8.68664755205659
LPRTTZDBHLVBPA-UHFFFAOYSA-N__CGLQYSCZKCPXRX-UHFFFAOYSA-N,10.650872241508967
XATAFMRZTCRWFC-UHFFFAOYSA-N__DKVWITBBTRFRJP-UHFFFAOYSA-N,3.281761915719005
WMPDTURCSWISOA-UHFFFAOYSA-N__HMPJGTIRORLMOD-DUXPYHPUSA-N,1.5698967320004826
ZGSOOPMWUFWJFD-UHFFFAOYSA-N__GDEUGYNRAPLPHR-UHFFFAOYSA-N,8.396275252246188
CGLQYSCZKCPXRX-UHFFFAOYSA-N__LPRTTZDBHLVBPA-UHFFFAOYSA-N,13.705621659911056
VQKIFPQJRDXGDY-UHFFFAOYSA-N__SSWOVCNYSZNRKR-UHFFFAOYSA-N,6.1241338798918585
OMNXZWWODTURCN-UHFFFAOYSA-N__YCFAVBWDZLXHLM-UHFFFAOYSA-N,6.542594570840384
ATAZCCIMTKYEJU-UHFFFAOYSA-N__VDTVZSPQNVASIS-UHFFFAOYSA-N,4.51820569830587
LLTIDKWBZOCIBS-UHFFFAOYSA-N__BYWFVQVPVAYXPQ-UHFFFAOYSA-N,2.892007852848195
LIXWYTZPFYZIRZ-UHFFFAOYSA-N__CTAFCKTVMVPWDS-UHFFFAOYSA-N,12.201712658285128
GRGMDSNNAOXEPK-UHFFFAOYSA-N__ABTPCJVAZOVCKS-UHFFFAOYSA-N,3.257332225207766
QWCLQHKYYRTTCY-UHFFFAOYSA-N__DKTACHKXCHKGEW-UHFFFAOYSA-N,4.619066176868895
ABTPCJVAZOVCKS-UHFFFAOYSA-N__GRGMDSNNAOXEPK-UHFFFAOYSA-N,10.216538067557988
NYCXYFPDKRDQMS-UHFFFAOYSA-N__ZYPKNCYQPNJEAR-UHFFFAOYSA-N,-2.006644433961981
ZYPKNCYQPNJEAR-UHFFFAOYSA-N__NYCXYFPDKRDQMS-UHFFFAOYSA-N,0.3358035413007711
WCXCCQXCLPPVHE-UHFFFAOYSA-N__RWICYMZEVUGINB-UHFFFAOYSA-N,10.30499191406835
UBVHIUQORWCNCG-ONEGZZNKSA-N__PYCMVOYLLFYCMM-UHFFFAOYSA-N,4.718582107754986
FBNKGCMVLRJOHE-UHFFFAOYSA-N__SWRHPDVXIVMHKV-HNNXBMFYSA-N,10.34322898826022
NIYSVYMABVCUAT-UHFFFAOYSA-N__JSZPONCUKGXIHD-MHZLTWQESA-N,7.563488250128727
MRUJYKDCABHCCL-UHFFFAOYSA-N__QYESAQSFJUPWNE-UHFFFAOYSA-N,7.505526736197344
LMLMRBUXONIGSV-UHFFFAOYSA-N__POWFRMDGKIZTEY-LRUWWLBVSA-N,10.512643306061795
SSUZAJVJRVCRBO-UHFFFAOYSA-N__VBSYSLUOPPFQMO-UHFFFAOYSA-N,4.990618942718002
SNKAVRGHPUAULT-UHFFFAOYSA-N__DQPUEJKHYXCQKU-UHFFFAOYSA-N,1.2154451052368636
DZZYUDCWIDZMAF-UHFFFAOYSA-N__XXFHQTIHKSXGQR-QHCPKHFHSA-N,14.401761349553114
PWPHJXJEDQDPGP-UHFFFAOYSA-N__XNOQAKVCSKVXJU-UHFFFAOYSA-N,13.868873376854092
JMHRKAPPDKPBDT-UHFFFAOYSA-N__JABGGCSDFOFRJA-UHFFFAOYSA-N,8.066650699002045
KICYVNXXBRCCAR-UHFFFAOYSA-N__WIBMMKSIVYCTRM-UHFFFAOYSA-N,13.380907832586583
UVDNNYDJLRJEQM-UHFFFAOYSA-N__MSNUDLBGOWFFJU-UHFFFAOYSA-N,7.04207595687312
MSNUDLBGOWFFJU-UHFFFAOYSA-N__UVDNNYDJLRJEQM-UHFFFAOYSA-N,5.6911477235030485
AWIOAXGWNPTNFN-UHFFFAOYSA-N__JDDCALMOLZRIFC-UHFFFAOYSA-N,10.005329311967456
NYGFPJNVKIGDQO-UHFFFAOYSA-N__ATPIIUUNWRHZLN-UHFFFAOYSA-N,8.27909340318218
LNLNCZCYISOBCV-UHFFFAOYSA-N__UCLKMZAHVQNLRJ-IBGZPJMESA-N,11.003170036763125
PPVPIPDBDKUHPZ-UHFFFAOYSA-N__RWDDJUXOKAUJQK-UHFFFAOYSA-N,2.1505574638980303
RIQKCLCVGLFAOB-UHFFFAOYSA-N__YCLVIXVRCXZJIL-VOTSOKGWSA-N,7.144444576441612
JIBJRIUIIPXXGN-UHFFFAOYSA-N__XEPIORKIFKJATD-UHFFFAOYSA-N,11.33721432677373
SYAIVFMYKWIAGK-UHFFFAOYSA-N__JCSJOBGDYJXTQN-UHFFFAOYSA-N,6.166798945979615
SLKDAKFMOIKDQV-UHFFFAOYSA-N__RJTFNOSQARGMLM-UHFFFAOYSA-N,8.931467123729824
DMYOBLAHECIDFH-UHFFFAOYSA-N__CIDRYPHSDRCGMK-UHFFFAOYSA-N,16.12117737129983
VNBKQQMPFAOLHL-UHFFFAOYSA-N__ANVSLIQHYXZDGE-UHFFFAOYSA-N,10.601956057497109
ANVSLIQHYXZDGE-UHFFFAOYSA-N__VNBKQQMPFAOLHL-UHFFFAOYSA-N,6.331298890412097
DMQSWMRWBJCGFH-UHFFFAOYSA-N__WZFREDPRWHJTPU-UHFFFAOYSA-N,-3.674648640547269
SSVMEIZADFTJPV-UHFFFAOYSA-N__RKMVOKWKKGVQRB-UHFFFAOYSA-N,0.3358298549003344
NIOJEKRNDWOICK-UHFFFAOYSA-N__SYDAVWLWYIWUMW-DEOSSOPVSA-N,9.022974918615471
WJMVYDJRNGXURZ-UHFFFAOYSA-N__DPYZKEJKODJKCT-UHFFFAOYSA-N,5.292879152812954
KWFDTKCQBSLXBX-UHFFFAOYSA-N__RQBYVRCINHVSTL-UHFFFAOYSA-N,4.219159891972511
SYDAVWLWYIWUMW-DEOSSOPVSA-N__NIOJEKRNDWOICK-UHFFFAOYSA-N,13.945184745180374
WGTZRACDUKHLJD-UHFFFAOYSA-N__MJBLQQVLMZVZOS-UHFFFAOYSA-N,5.432216124581507
DPYZKEJKODJKCT-UHFFFAOYSA-N__WJMVYDJRNGXURZ-UHFFFAOYSA-N,1.1671260065833635
OESTVLSSUNMTFP-UHFFFAOYSA-N__VCHXSNRQGVTBMY-UHFFFAOYSA-N,14.074876342291754
AIIWXBBCGGOVAI-UHFFFAOYSA-N__NCHACBVQOCCVPY-UHFFFAOYSA-N,11.52739819007732
CONWMPMXIHFLBY-UHFFFAOYSA-N__LKBUIMDWAPDRJE-LRGWBYFTSA-N,10.235105023809565
NCHACBVQOCCVPY-UHFFFAOYSA-N__AIIWXBBCGGOVAI-UHFFFAOYSA-N,7.366418469523484
CXFAAFDGWVXLKW-UHFFFAOYSA-N__BWLFHHNWKBWHLQ-UHFFFAOYSA-N,8.59915820194889
QTMPOCSHALEUFX-UKTKCZHSSA-N__PQOHXSHLOXCADJ-UHFFFAOYSA-N,-1.5619325839775138
RTHKZVDLNDFOIF-UHFFFAOYSA-N__ZCMYODVASFKNHE-UHFFFAOYSA-N,9.708825814762218
IXWNWDFCBVFPFE-UHFFFAOYSA-N__LGLWWDOZUOOWCO-UHFFFAOYSA-N,6.332835652566786
IQGGMUDPFCUYKI-UHFFFAOYSA-N__MRHPRYRNXHRKAE-UHFFFAOYSA-N,9.320566553895835
WNBGBZWWPYXRLA-UHFFFAOYSA-N__UEXUSRWVMVGQCN-UHFFFAOYSA-N,7.267835979927461
AJWAGBRTJHZGCV-UHFFFAOYSA-N__STFPNEMNZWSKAS-UHFFFAOYSA-N,5.182708582506025
STFPNEMNZWSKAS-UHFFFAOYSA-N__AJWAGBRTJHZGCV-UHFFFAOYSA-N,8.141639469837635
UEXUSRWVMVGQCN-UHFFFAOYSA-N__WNBGBZWWPYXRLA-UHFFFAOYSA-N,2.757706784969368
NSOYAFVAQPZIJV-UHFFFAOYSA-N__FVGCIDKFKNWPPW-UHFFFAOYSA-N,4.166820586810435
YLEDGIQUMYQYGG-UHFFFAOYSA-N__YQPMLUAVNILZKO-UHFFFAOYSA-N,3.817615498647386
YLBBOUDMOMKWHO-UHFFFAOYSA-N__ZNSOEVHEUKFQSM-YTXTXJHMSA-N,11.317138735704198
YPBJKPRJFGQTSI-UHFFFAOYSA-N__JUDVJAOTEMUMQF-UHFFFAOYSA-N,6.036535512223708
GSMIRWKZCYBFMW-UHFFFAOYSA-N__UYRNVFAOBLKLHS-UHFFFAOYSA-N,6.872424018528392
ZNSOEVHEUKFQSM-YTXTXJHMSA-N__YLBBOUDMOMKWHO-UHFFFAOYSA-N,15.859741324371544
FQXOTWHOGYXMLX-UHFFFAOYSA-N__KEIXLQHZLOMQDL-UHFFFAOYSA-N,2.575430891205939
KEIXLQHZLOMQDL-UHFFFAOYSA-N__FQXOTWHOGYXMLX-UHFFFAOYSA-N,13.913814582501894
PIQVIGIIQHOLMX-UHFFFAOYSA-N__QMWFPQYDILMNAQ-UHFFFAOYSA-N,5.845940014691792
JVRXPWBYXIGUJV-VOTSOKGWSA-N__KWUPUNJBVSTOTB-UHFFFAOYSA-N,4.285182877862068
DHFRSTCPYRRWCN-UHFFFAOYSA-N__JVZBMFSOBSRTFT-UHFFFAOYSA-N,10.727590511753352
UDSIYZYAYGGGCD-UHFFFAOYSA-N__HNCJSVOTPSGINL-UHFFFAOYSA-N,6.285032592528918
HNCJSVOTPSGINL-UHFFFAOYSA-N__UDSIYZYAYGGGCD-UHFFFAOYSA-N,6.272062960949342
YFCAFEXOODZDEL-UHFFFAOYSA-N__DZGLPAYVELFVFD-UHFFFAOYSA-N,-3.672898471925512
DZGLPAYVELFVFD-UHFFFAOYSA-N__YFCAFEXOODZDEL-UHFFFAOYSA-N,0.6067933845684718
LISBROQBHTXNCV-UHFFFAOYSA-N__ACLJTFSOUPNWJP-UHFFFAOYSA-N,13.398870655415864
PRBWYXUBXHKRNT-UHFFFAOYSA-N__VRNZGRYEZBFTEL-UHFFFAOYSA-N,9.794352104139373
VTAJTNXBLOCWJR-UHFFFAOYSA-N__QKOHYJGXNPQMPW-UHFFFAOYSA-N,6.073072385810561
AQAPDPQGDRYCFJ-UHFFFAOYSA-N__QVGUJPGIHSAWSN-UHFFFAOYSA-N,7.2038735370774925
QVGUJPGIHSAWSN-UHFFFAOYSA-N__AQAPDPQGDRYCFJ-UHFFFAOYSA-N,1.3065401158290133
WOOCNZBPCWQXOR-UHFFFAOYSA-N__HKBSHWULWPZCHS-UHFFFAOYSA-N,5.0029644031601705
MGSKTVUYUQBHSS-UHFFFAOYSA-N__PGZBNGCPXDHVGZ-UHFFFAOYSA-N,6.1985766473531765
PGZBNGCPXDHVGZ-UHFFFAOYSA-N__MGSKTVUYUQBHSS-UHFFFAOYSA-N,7.157668257210718
KXZVHLHHYPYWQD-UHFFFAOYSA-N__VGZISVFFOGZZQL-UHFFFAOYSA-N,6.13456310903594
MYQMCSVAPIHWPR-UHFFFAOYSA-N__IKBVYVXNYLXIPC-UHFFFAOYSA-N,2.0195676042212694
AQKFISJDDLZHMJ-UHFFFAOYSA-N__JHTLMWHYNDBBKA-UHFFFAOYSA-N,4.288007627829552
CXMYKHNMLPIEHF-UHFFFAOYSA-N__OKFBPFMYCMZMHT-UHFFFAOYSA-N,8.937891119969883
IHMHRUWUCGQCFE-UHFFFAOYSA-N__JSKSCUSGAWSPBW-UHFFFAOYSA-N,10.263261247218376
HVOWJUFCVHBXLB-FQEVSTJZSA-N__KGWFMEOBDAQZBG-UHFFFAOYSA-N,10.744047767580112
FQRJAKWLBXAANX-UHFFFAOYSA-N__DTQMJAWZJOVZNT-UHFFFAOYSA-N,11.520448218475916
PEWLNKYZUSKOJA-UHFFFAOYSA-N__LRKPOPZSPFLMRT-UHFFFAOYSA-N,8.938921664969909
YCPLORPHEGSRNJ-PGRDOPGGSA-N__CONAIKDMSHPZSE-UHFFFAOYSA-N,9.996717140565284
CDIVCYBGFDDCGF-UHFFFAOYSA-N__TYVMRQWWYBPVRT-UHFFFAOYSA-N,6.129674420336783
WGOXGKJAVADITM-UHFFFAOYSA-N__HLPHWWYYIVZEMZ-UHFFFAOYSA-N,4.32919409719507
MYTDKUFZGNDHRL-UHFFFAOYSA-N__CXFLZKRCHJUUNK-UHFFFAOYSA-N,6.105729374536975
QHGQXLVGXGRIJG-UHFFFAOYSA-N__VOTCQNVGBOOFMI-UHFFFAOYSA-N,4.799310226930124
VOTCQNVGBOOFMI-UHFFFAOYSA-N__QHGQXLVGXGRIJG-UHFFFAOYSA-N,6.918904666986481
SLOAIGNZOPYINM-UHFFFAOYSA-N__PMLSNMRORPURJS-UHFFFAOYSA-N,1.274191076260485
WKKDUGLKYGNMOU-UHFFFAOYSA-N__OSKHSCJGTVEQOM-UHFFFAOYSA-N,3.6997069794671846
ATYPCWRRGFKQFS-UHFFFAOYSA-N__DMNNQIJOJBROIV-UHFFFAOYSA-N,5.591766792618699
QMQWTWXDEZCPNG-UHFFFAOYSA-N__AYWSGKFANAMGEQ-UHFFFAOYSA-N,7.992846491012872
AYWSGKFANAMGEQ-UHFFFAOYSA-N__QMQWTWXDEZCPNG-UHFFFAOYSA-N,8.574804310584458
OIFMSSOPKSHUFY-UHFFFAOYSA-N__MNTJIKLNWONFFO-UHFFFAOYSA-N,3.750923159703944
MNTJIKLNWONFFO-UHFFFAOYSA-N__OIFMSSOPKSHUFY-UHFFFAOYSA-N,18.214823909332083
SCMGGYRRGUNYHM-UHFFFAOYSA-N__JVHYCROBSBRXIQ-UHFFFAOYSA-N,5.636536495092058
YKBRLKXUWGUYLT-UHFFFAOYSA-N__WIZUJMPGICWMBA-UHFFFAOYSA-N,9.045783886435988
JWJXYNNNIAFTKB-UHFFFAOYSA-N__ZFPWDUHDYCXBSS-UHFFFAOYSA-N,6.801048221838398
ZAYJHTQPWWNPHO-UHFFFAOYSA-N__FVQYHIYFHAVCLA-UHFFFAOYSA-N,15.55698135713381
ZFPWDUHDYCXBSS-UHFFFAOYSA-N__JWJXYNNNIAFTKB-UHFFFAOYSA-N,10.704478034022234
LSPCMZLSOPKMNR-UHFFFAOYSA-N__KEWKKLSCUZGLAI-LLVKDONJSA-N,12.535681789706906
PSUQGZWYGOKRDQ-UHFFFAOYSA-N__UGDUYOBMGCNYAC-UHFFFAOYSA-N,7.333768073143846
XUAHCCSBCWOYMB-UHFFFAOYSA-N__KRHXCOJQYVTERL-SWLSCSKDSA-N,9.977448807855277
OMSHARCVVAGXPE-LSDHQDQOSA-N__NQABFRYSIGLHOK-UHFFFAOYSA-N,19.162664215599232
MQOAMSCJUHJIPI-UHFFFAOYSA-N__UEGJKTVFGUIHPZ-UHFFFAOYSA-N,8.899268003977557
KYISWJUJIRAMEA-UHFFFAOYSA-N__CGWVVNYPDVFINP-UHFFFAOYSA-N,6.560445721849256
BFLTUJJODONMMU-UHFFFAOYSA-N__XOYAUFAIZQRJDB-UHFFFAOYSA-N,8.948389270555722
XOYAUFAIZQRJDB-UHFFFAOYSA-N__BFLTUJJODONMMU-UHFFFAOYSA-N,12.60105715999423
CGWVVNYPDVFINP-UHFFFAOYSA-N__KYISWJUJIRAMEA-UHFFFAOYSA-N,8.720932545531445
FIGQICKSCUFELU-UHFFFAOYSA-N__CHDBIYHLXKCKOW-UHFFFAOYSA-N,2.666759946088712
STYUVKIAWIJVHY-UHFFFAOYSA-N__JWERGOLFCYWFBY-UHFFFAOYSA-N,6.239770423174544
UPLSBZNJZLDFIF-UHFFFAOYSA-N__MNTJIKLNWONFFO-UHFFFAOYSA-N,8.314205893481212
QTNIRMMCOVZSFA-UHFFFAOYSA-N__KUILKXDVCXJXPR-UHFFFAOYSA-N,20.794770046147068
UJFZULLWTXKDQA-UHFFFAOYSA-N__YGQMSOWAUHPBCU-UHFFFAOYSA-N,4.836116431497993
MBVFRSJFKMJRHA-UHFFFAOYSA-N__DPTBKKGXEDMJQJ-WJFTUGDTSA-N,8.869544278336994
SLLDLBMICSUZDO-UHFFFAOYSA-N__HPEAJJBTDGJJGQ-UHFFFAOYSA-N,8.849523190055164
GWFODZXJZSTYFW-UHFFFAOYSA-N__HZUOVLARPVTINO-UHFFFAOYSA-N,-2.459044351908593
UKWYWBHLUQZDIV-UHFFFAOYSA-N__RQSCYLTXIJLNBX-UHFFFAOYSA-N,9.207712632853733
ZGARMGZKPDRTSV-UHFFFAOYSA-N__PFIVLYDSXABVOJ-UHFFFAOYSA-N,5.88876524096272
PFIVLYDSXABVOJ-UHFFFAOYSA-N__ZGARMGZKPDRTSV-UHFFFAOYSA-N,10.568899362946128
SBTVMIGTFYFRMN-UHFFFAOYSA-N__CIAQKCHDQSIVLI-UHFFFAOYSA-N,6.557525383138873
AEEWUJXEVQKGMS-UHFFFAOYSA-N__YYCQRWDSMUIVEY-UHFFFAOYSA-N,6.06425333372828
NVECODUGFUIXOI-UHFFFAOYSA-N__WKPURETZKYSZHO-UHFFFAOYSA-N,13.77422402047125
YMOMFCQCQUZEBM-UHFFFAOYSA-N__IFNDMZCQOKEROY-UHFFFAOYSA-N,8.816104953494785
CKQVIVNVLKSGMC-UHFFFAOYSA-N__GMRJWUGTFZODPQ-UHFFFAOYSA-N,4.212812230496732
DGNFHRFHRVWKFS-UHFFFAOYSA-N__SHFLOIUZUDNHFB-UHFFFAOYSA-N,5.614224593271811
GPXHRGZBYCRJRU-ANRPBIDPSA-N__OEFJAQOOKUEQIB-UHFFFAOYSA-N,-0.1676238164277773
WXIWFYPSEZFDBC-UHFFFAOYSA-N__XEXDLPXRUCRLTN-UHFFFAOYSA-N,13.972745620634656
YFIDTXXPKIODAK-UHFFFAOYSA-N__GQBZFVBMFXSZRU-UHFFFAOYSA-N,7.990931952246029
RUGCOJWVZDCHIH-UHFFFAOYSA-N__MXQLRRZMZANIEK-UHFFFAOYSA-N,10.86503892940788
UPATZHJEAWQNNX-UHFFFAOYSA-N__KEBFNNPDAJCXTD-UHFFFAOYSA-N,5.03952551022747
QVNPTLIFHLXVMA-UHFFFAOYSA-N__OJURTZDANNAQAR-UHFFFAOYSA-N,3.662617787741541
SRKLWQVRRXSUHP-UHFFFAOYSA-N__DSNPBOXAKDWRKA-UHFFFAOYSA-N,5.360390999904436
XCSALMHECBWGDQ-UHFFFAOYSA-N__IZISDFUFZPXVSO-UHFFFAOYSA-N,6.260513514538046
GDJLZULVDMHXRW-UHFFFAOYSA-N__UOSOSXUZWHADGQ-UHFFFAOYSA-N,4.289582628135231
DSNPBOXAKDWRKA-UHFFFAOYSA-N__SRKLWQVRRXSUHP-UHFFFAOYSA-N,3.11218223001715
HSFYCBJMUMTSEX-UHFFFAOYSA-N__PSXFDBIRBIJZCF-UHFFFAOYSA-N,4.306956221590691
PDURQQOSDZCZPZ-UHFFFAOYSA-N__ZBFQRFFYWRFHRC-UHFFFAOYSA-N,3.209456847251319
ZBFQRFFYWRFHRC-UHFFFAOYSA-N__PDURQQOSDZCZPZ-UHFFFAOYSA-N,7.417282970517422
PHUNFSCOUSRJPL-UHFFFAOYSA-N__FFUATSIKWBZPAD-UHFFFAOYSA-N,12.172130110296177
MBFJJFXWPLDICO-UHFFFAOYSA-N__DXDKEUPNLLYIGT-UHFFFAOYSA-N,5.08574338024384
JCBYCWLGNVRSED-UHFFFAOYSA-N__PXZHQXWEWDVVOM-UPHRSURJSA-N,-4.8655322502850336
VGSSWRSGUDZTPZ-UHFFFAOYSA-N__WNHZYQMCZAICOC-UHFFFAOYSA-N,3.41456844761865
YOKRVXLOERPAJY-UHFFFAOYSA-N__ORNSFBMUSGUHIT-UHFFFAOYSA-N,13.965796115736705
JUJVNEKHJJRRKJ-UHFFFAOYSA-N__OOGYCWSHTHIGKG-UHFFFAOYSA-N,12.735519261965935
DSUBWJLEMLVSNA-UHFFFAOYSA-N__IKULFYBCDGGVHE-UHFFFAOYSA-N,17.57928823567679
XSJCYZPJROGBGC-UHFFFAOYSA-N__REFMUVZBSRUILL-UHFFFAOYSA-N,3.4726198715920007
REFMUVZBSRUILL-UHFFFAOYSA-N__XSJCYZPJROGBGC-UHFFFAOYSA-N,9.68758079311002
HYXGRUBSSBDCEA-UHFFFAOYSA-N__XNYDFXQDBNMZHX-UHFFFAOYSA-N,6.098973471171994
XNYDFXQDBNMZHX-UHFFFAOYSA-N__HYXGRUBSSBDCEA-UHFFFAOYSA-N,11.25201356333984
FLBSYDGZNRCRCK-UHFFFAOYSA-N__HBWLKXNWMJNFFO-UHFFFAOYSA-N,4.430283241187989
IFXYJACXSQMUTD-VAWYXSNFSA-N__JCZOZDKEHQUHFY-OAHLLOKOSA-N,3.1432176211443825
NQSSFYDUPWFZSN-UHFFFAOYSA-N__AOIPZEHALCKGIL-UHFFFAOYSA-N,10.34973574267924
CWMQSFOLTHNESK-UHFFFAOYSA-N__NLSKHXRRWKZILN-UHFFFAOYSA-N,13.223877470414632
NBHNQJDFKJVMKN-UHFFFAOYSA-N__JRVPXGYTCAQOBN-UHFFFAOYSA-N,4.412671373718935
CAULGDAMWGRUOS-UHFFFAOYSA-N__SUVLDBQTTBXTBR-JTQLQIEISA-N,5.319255820691866
AOIPZEHALCKGIL-UHFFFAOYSA-N__NQSSFYDUPWFZSN-UHFFFAOYSA-N,15.524444574794313
VCDBQMNYFDWLKL-UHFFFAOYSA-N__NGIRDQUYUFPTKP-UHFFFAOYSA-N,11.136949051958078
PSBYLABTXBDZHP-UHFFFAOYSA-N__LODKTVUQQZAMKZ-UHFFFAOYSA-N,11.862468401713246
HEWNESBVCUZBLW-UHFFFAOYSA-N__HCDOPLBAEBKCDG-UHFFFAOYSA-N,4.825226671058436
NGFQYUDCFDHOHR-UHFFFAOYSA-N__QFOXWVDKQLKVAG-UHFFFAOYSA-N,9.739556577374424
JMKPHZJPMBDRBR-UHFFFAOYSA-N__MOOVBMACADMYSF-UHFFFAOYSA-N,2.0231390520325183
XRBSUVTUCVHXRB-UHFFFAOYSA-N__RHYNASIKCXURST-UHFFFAOYSA-N,7.063465746982732
MOOVBMACADMYSF-UHFFFAOYSA-N__JMKPHZJPMBDRBR-UHFFFAOYSA-N,9.588577484209312
JWRRYPBWDMHLMX-UHFFFAOYSA-N__DOVZOHZOELQDJK-UHFFFAOYSA-N,5.391787279285271
JPVBBCVQMDNWLM-UHFFFAOYSA-N__KCVBIPWKLDBKPR-UHFFFAOYSA-N,7.512215494761162
FKJGDGVWIHKTMX-UHFFFAOYSA-N__GLHIPYCNWMRSBQ-UHFFFAOYSA-N,-0.9966489527292306
CKECRTPZNVCSAJ-UHFFFAOYSA-N__GLPVPPWMXXWFOT-UHFFFAOYSA-N,0.5410265733595271
GLHIPYCNWMRSBQ-UHFFFAOYSA-N__FKJGDGVWIHKTMX-UHFFFAOYSA-N,8.812536217086487
KCVBIPWKLDBKPR-UHFFFAOYSA-N__JPVBBCVQMDNWLM-UHFFFAOYSA-N,10.549720029628505
KJSRNLDKABLTNS-GFCCVEGCSA-N__WZCWCZMCFNWJRK-UHFFFAOYSA-N,11.064487773664444
ROTSHDPXWSQOBF-UHFFFAOYSA-N__XHDMXJWGJWMXSH-UHFFFAOYSA-N,2.555780067693799
ZJHZBXVZOSCAEY-UHFFFAOYSA-N__MQXWJDBIMKELEI-UHFFFAOYSA-N,6.350981293097297
PETXAKQPXVWOQQ-UHFFFAOYSA-N__YTUNWJNUDQTPBY-NSHDSACASA-N,3.624826514793877
YTUNWJNUDQTPBY-NSHDSACASA-N__PETXAKQPXVWOQQ-UHFFFAOYSA-N,2.5220080883936014
PBSQBIIHLGJVDX-UHFFFAOYSA-N__ZQIAXDULHBLZJE-UHFFFAOYSA-N,7.056020804909523
YHDOAVFOOMUBHY-UHFFFAOYSA-N__DMUXFSJMYPGWCI-UHFFFAOYSA-N,5.9026967630532265
KEYHXBNOPNUSQF-UHFFFAOYSA-N__QNLSLYKWBHYEHK-UHFFFAOYSA-N,7.822759818402421
PXDZIHTWHBUJGQ-UHFFFAOYSA-N__SCIDRZNHQVNCBY-UHFFFAOYSA-N,3.430518393225892
DXNUZIXKNAIGNQ-UHFFFAOYSA-N__HAPMRQQHTVOJNL-JAHAZDFLSA-N,11.008735446324042
HAPMRQQHTVOJNL-JAHAZDFLSA-N__DXNUZIXKNAIGNQ-UHFFFAOYSA-N,10.894933988577394
LYUCITBSNUZOOL-UHFFFAOYSA-N__LAPMNHGLCPMAHE-UHFFFAOYSA-N,7.581556849490558
VREKWDOPSQASGD-UHFFFAOYSA-N__YANVTZTYJMYLCI-UHFFFAOYSA-N,8.436701816673764
RTFGIUWCHSLEGT-UHFFFAOYSA-N__NYJISRMEPIROMA-UHFFFAOYSA-N,12.240016863224266
CZIDDUVGFMODGR-UHFFFAOYSA-N__SFCFCEYDHFNJIZ-PDBXOOCHSA-N,7.601501291824913
BEKHFKOLEWTHHP-UHFFFAOYSA-N__WGYNSNDPJZKJQJ-UHFFFAOYSA-N,3.770578898369623
WGYNSNDPJZKJQJ-UHFFFAOYSA-N__BEKHFKOLEWTHHP-UHFFFAOYSA-N,7.212770092394834
HYQIUMZKIDBXPG-UHFFFAOYSA-N__VYCFUNQNAPXXER-UHFFFAOYSA-N,20.122698432383164
DVKYBRDSFYYIJV-UHFFFAOYSA-N__HRRNODMBUNIUES-UHFFFAOYSA-N,15.594026645918746
RDFYEGDCRYKPRD-UHFFFAOYSA-N__IGERKOUMPHECAY-UHFFFAOYSA-N,11.460330767376384
IGERKOUMPHECAY-UHFFFAOYSA-N__RDFYEGDCRYKPRD-UHFFFAOYSA-N,10.78529318754136
CYQUDJGXCABLPN-UHFFFAOYSA-N__QIORHZJXLNTFFA-UHFFFAOYSA-N,13.659561213420702
CDPKXUOZEAGXIA-UHFFFAOYSA-N__IFINRTCKGOVVDC-UHFFFAOYSA-N,1.2836355243092112
KULNROVJXZQFNS-UHFFFAOYSA-N__PAKGNMHQNZHTQA-UHFFFAOYSA-N,9.335119926162252
VXESXNFYMIHUOM-UHFFFAOYSA-N__BVXIXZWREYGVFD-UHFFFAOYSA-N,2.677228962593837
YXYNPPMAXLDSAM-UHFFFAOYSA-N__NTWYKTYYPFLZKK-UHFFFAOYSA-N,1.806267604322811
YNAVMQUFTMSHJO-UHFFFAOYSA-N__PZKSFSDJGDJGNQ-UHFFFAOYSA-N,7.442671358594558
PZKSFSDJGDJGNQ-UHFFFAOYSA-N__YNAVMQUFTMSHJO-UHFFFAOYSA-N,7.130550748181195
LPQYOQZLKXAJDM-UHFFFAOYSA-N__JDCLQYZCDKWZIF-UHFFFAOYSA-N,11.436737901694505
FGJPZPJUSGYOEZ-UIOOFZCWSA-N__NYXNWKHMSRYHAE-UHFFFAOYSA-N,9.017014635130254
VRUAYAKBONDNBE-UHFFFAOYSA-N__LSIDDGMQHKVZSX-MRXNPFEDSA-N,2.4343720321031497
NYXNWKHMSRYHAE-UHFFFAOYSA-N__FGJPZPJUSGYOEZ-UIOOFZCWSA-N,5.823852405043256
TUKUUQSLPFJLRY-UHFFFAOYSA-N__UOCAOSFVPPROSQ-UHFFFAOYSA-N,17.35044786261457
UXTGVBCZAVYGFN-UHFFFAOYSA-N__CBYQDSQGZQSPML-UHFFFAOYSA-N,11.38851078471268
YXDLFXHYMQPLEM-UHFFFAOYSA-N__CNPPIDXUWOPEJC-UHFFFAOYSA-N,2.9162120046001143
CBYQDSQGZQSPML-UHFFFAOYSA-N__UXTGVBCZAVYGFN-UHFFFAOYSA-N,8.599305792171569
RNQGHWRNRNUMRS-UHFFFAOYSA-N__JPVRTOQTWIZLIC-UHFFFAOYSA-N,11.935737274304428
ISOQCBJGIQFRKR-UHFFFAOYSA-N__MIJIFYWSAVQYTO-UHFFFAOYSA-N,2.6647652252147003
LJJSRNRJGWWGCS-UHFFFAOYSA-N__BNCAAPQBPUDHGX-UHFFFAOYSA-N,-1.1308965676534342
MITOSSZKPVENHI-UHFFFAOYSA-N__PLXFSAZTICFYLH-UHFFFAOYSA-N,12.899201267292831
FGXZTBZCWUEJQF-UHFFFAOYSA-N__CQGNXKPJPRMRJR-UHFFFAOYSA-N,0.7934762832683874
XJPWQYSUBUBXNL-UHFFFAOYSA-N__DZQRPTHDXDSFEF-FMQUCBEESA-N,5.882377180745801
OTLPCSJIDGYRJG-UHFFFAOYSA-N__SIJMMRHNHIOYSY-UHFFFAOYSA-N,7.407614012782642
CSZVTFWYDXYLIG-UHFFFAOYSA-N__XZGANOXOAGKZBA-UHFFFAOYSA-N,9.598093184898522
XABMWHNEKLVUKZ-UHFFFAOYSA-N__PWSYBTCJFFJAQO-UHFFFAOYSA-N,7.041288012203434
MEPITEZPLFDRFA-UHFFFAOYSA-N__ZZFRTJCZVYBVMG-UHFFFAOYSA-N,9.144965944863404
RQRMRUKXUCBKPP-UHFFFAOYSA-N__QTTYTZWDELHMHT-UHFFFAOYSA-N,3.7712180259900863
XCBGGOXGNVDHNI-UHFFFAOYSA-N__BGUMERZVCOCUKQ-CVEARBPZSA-N,2.827010624788311
ZZFRTJCZVYBVMG-UHFFFAOYSA-N__MEPITEZPLFDRFA-UHFFFAOYSA-N,14.062492934050637
BGUMERZVCOCUKQ-CVEARBPZSA-N__XCBGGOXGNVDHNI-UHFFFAOYSA-N,4.806976699549037
XJDRMMUEUDYNKV-UHFFFAOYSA-N__LWYNIBLPBDFOCR-UHFFFAOYSA-N,17.02021837052441
JAVHFBUBBGOETF-UHFFFAOYSA-N__FFNNAPFSJHGARR-UHFFFAOYSA-N,15.914679255471972
LWYNIBLPBDFOCR-UHFFFAOYSA-N__XJDRMMUEUDYNKV-UHFFFAOYSA-N,13.061835590856774
FFNNAPFSJHGARR-UHFFFAOYSA-N__JAVHFBUBBGOETF-UHFFFAOYSA-N,8.625370193564633
UKPNXBRDIBAPGP-UHFFFAOYSA-N__PZSGYACKNBOKOL-UHFFFAOYSA-N,1.1729368987358402
POGVELIBSGAVMC-UHFFFAOYSA-N__VKEXEXZPWBONLG-UHFFFAOYSA-N,5.343157161660946
VKEXEXZPWBONLG-UHFFFAOYSA-N__POGVELIBSGAVMC-UHFFFAOYSA-N,5.650279372679459
XVKUKGBHASDTMI-UHFFFAOYSA-N__DXXFMLGWAXJNEL-UHFFFAOYSA-N,5.306934873523929
XUROIUPHORUYIC-UHFFFAOYSA-N__RXOUXRCBLMQZEF-UHFFFAOYSA-N,2.041688668274741
BKFJAEQJRREULH-UHFFFAOYSA-N__PHPIMAQQNGKQPN-UHFFFAOYSA-N,2.916869930696056
YLDIEZOVPJZSEB-UHFFFAOYSA-N__QTDFCQKKMWDINE-UHFFFAOYSA-N,5.361277431201602
TYVMRQWWYBPVRT-UHFFFAOYSA-N__UTUYPQJLQYAIMD-UHFFFAOYSA-N,7.941241083806637
PXKZVPSOSXTRBA-UHFFFAOYSA-N__FWJYMVWIBIQKBK-UHFFFAOYSA-N,4.317475928853717
PZSGYACKNBOKOL-UHFFFAOYSA-N__UKPNXBRDIBAPGP-UHFFFAOYSA-N,6.599211449347164
WEDLLWOEBPPHRF-UHFFFAOYSA-N__HOILYORRZVPIBT-UHFFFAOYSA-N,5.748851629470564
GXBVACOJLSSRJF-UHFFFAOYSA-N__DAWYTDKSMYXJFE-UHFFFAOYSA-N,17.54541087313908
DAWYTDKSMYXJFE-UHFFFAOYSA-N__GXBVACOJLSSRJF-UHFFFAOYSA-N,8.532765385390915
HOILYORRZVPIBT-UHFFFAOYSA-N__WEDLLWOEBPPHRF-UHFFFAOYSA-N,5.590056349435242
FUYDACWLMIPEJT-UHFFFAOYSA-N__OTMXHFNMEPOLMY-NBVRZTHBSA-N,8.163819030053793
GPQXKKNHDDMBNF-UHFFFAOYSA-N__KVPQCHYREQKQTJ-UHFFFAOYSA-N,3.898726830795099
OTMXHFNMEPOLMY-NBVRZTHBSA-N__FUYDACWLMIPEJT-UHFFFAOYSA-N,9.47843584919539
KLSFQOOCTBNIHP-VIFPVBQESA-N__QZFKTDQEKAREPX-UHFFFAOYSA-N,5.904286053387722
QZFKTDQEKAREPX-UHFFFAOYSA-N__KLSFQOOCTBNIHP-VIFPVBQESA-N,2.5744202094244386
WWTUGBCWJDWHFE-UHFFFAOYSA-N__SCWNJHVRZRMMGA-UHFFFAOYSA-N,7.94354826171448
RBVIYPJNGPQROF-UHFFFAOYSA-N__AWUQBSVYZCPJLX-UHFFFAOYSA-N,5.096441464676701
AWUQBSVYZCPJLX-UHFFFAOYSA-N__RBVIYPJNGPQROF-UHFFFAOYSA-N,4.04765023846746
KVPQCHYREQKQTJ-UHFFFAOYSA-N__GPQXKKNHDDMBNF-UHFFFAOYSA-N,8.343708950786084
KWBXCAOOXQOCMV-UHFFFAOYSA-N__XVDAJTSEMFGUGD-UHFFFAOYSA-N,4.2210856535234536
OSBWHLHIMHBANG-UHFFFAOYSA-N__KIUHPDFSBQZXFQ-UHFFFAOYSA-N,6.076525062087618
XEIFQPKPDMWCPS-UHFFFAOYSA-N__ORWZEVZUYGTEOW-UHFFFAOYSA-N,-0.2950693823443004
VGCOTOJIRNZMSX-UHFFFAOYSA-N__LQZQWZLGRNRHDV-UHFFFAOYSA-N,6.251270147048554
YNDWGXHBJFRYCN-UHFFFAOYSA-N__FPPJMIHRGUHUCJ-UHFFFAOYSA-N,7.439907989975898
VNATVMOEPSHEPF-UHFFFAOYSA-N__PNVIXAVSFRLUNN-UHFFFAOYSA-N,6.108033064796031
QKWGWIWWVPGQOS-UHFFFAOYSA-N__ZUDHKBVIMVRNAO-UHFFFAOYSA-N,8.645930557471459
RIVWCXCTIWAFAF-UHFFFAOYSA-N__VAWIBKYEGIEMBD-UHFFFAOYSA-N,13.963805114864456
YXRXTCJXFNYBJI-UHFFFAOYSA-N__FBHONJSRQSOXDL-UHFFFAOYSA-N,7.520647865911801
FBHONJSRQSOXDL-UHFFFAOYSA-N__YXRXTCJXFNYBJI-UHFFFAOYSA-N,4.717174691370579
ZUDHKBVIMVRNAO-UHFFFAOYSA-N__QKWGWIWWVPGQOS-UHFFFAOYSA-N,14.949465859050012
PNVIXAVSFRLUNN-UHFFFAOYSA-N__VNATVMOEPSHEPF-UHFFFAOYSA-N,9.989153566640756
JZTYNZNLRGOALY-UHFFFAOYSA-N__CLXVNYOCBUQNEX-UHFFFAOYSA-N,15.075687499300845
CLXVNYOCBUQNEX-UHFFFAOYSA-N__JZTYNZNLRGOALY-UHFFFAOYSA-N,12.47333077806834
BLJLZCWHROQTGE-UHFFFAOYSA-N__QOOBHKBWYGUNKZ-UHFFFAOYSA-N,10.67500377650086
QOOBHKBWYGUNKZ-UHFFFAOYSA-N__BLJLZCWHROQTGE-UHFFFAOYSA-N,6.591338770706434
GCYWCEJIAVDFRF-UHFFFAOYSA-N__DTTKWUUEILUMOS-UHFFFAOYSA-N,13.40903881698374
VAWIBKYEGIEMBD-UHFFFAOYSA-N__RIVWCXCTIWAFAF-UHFFFAOYSA-N,12.724624994149808
KNOADQWVXYCNRV-UHFFFAOYSA-N__QLTNKRKDXTWCQP-UHFFFAOYSA-N,9.02096849312992
PQOKVQUSIUCNCE-INIZCTEOSA-N__UCAXZWPSIMVVKX-UHFFFAOYSA-N,7.766580823731939
MODNEWBHXOIJFU-UHFFFAOYSA-N__UUCQHCUQOUCHSC-UHFFFAOYSA-N,4.710230004747034
ADKRIPFKSYYVKA-UHFFFAOYSA-N__IHVIFUGAQCYWTG-UHFFFAOYSA-N,8.435144483612037
ATBJCFSHEIOMJV-UHFFFAOYSA-N__AGFLIUIEUMXSEY-UHFFFAOYSA-N,8.965544811626103
UUCQHCUQOUCHSC-UHFFFAOYSA-N__MODNEWBHXOIJFU-UHFFFAOYSA-N,8.93449209425805
FFAJJRLYSWXSII-UHFFFAOYSA-N__LYDVDWPMGHKDLL-UHFFFAOYSA-N,8.47396323146143
VUGMIEVDQWEEQZ-UHFFFAOYSA-N__KUTICNPQANTURJ-UHFFFAOYSA-N,3.1081009327971487
KUTICNPQANTURJ-UHFFFAOYSA-N__VUGMIEVDQWEEQZ-UHFFFAOYSA-N,4.963412272426615
LYDVDWPMGHKDLL-UHFFFAOYSA-N__FFAJJRLYSWXSII-UHFFFAOYSA-N,8.812732789627097
OHOZDJHIIQDBNB-UHFFFAOYSA-N__XIOWKXPTCVWPDM-UHFFFAOYSA-N,9.540687819969376
CQJIAKFZIWLBMJ-UHFFFAOYSA-N__SBSPCARDKYUULR-UHFFFAOYSA-N,11.548759778514366
WTLTWJOCNQRIDB-SFHVURJKSA-N__MBJFFFOGYVESAP-UHFFFAOYSA-N,16.913760129906493
HGIIRYAVMDETAU-UHFFFAOYSA-N__KCNAGHCYZJDYBB-UHFFFAOYSA-N,2.412789430403602
SBSPCARDKYUULR-UHFFFAOYSA-N__CQJIAKFZIWLBMJ-UHFFFAOYSA-N,6.136656709761129
RRZXHJHNTDZWCN-UHFFFAOYSA-N__DKFZMJYREURAII-UHFFFAOYSA-N,1.0093212850782909
JSUVKTNZJRVEPW-UHFFFAOYSA-N__LYVKMHBRZWPGSI-UHFFFAOYSA-N,11.58234478351342
KCNAGHCYZJDYBB-UHFFFAOYSA-N__HGIIRYAVMDETAU-UHFFFAOYSA-N,6.952085244266321
YLDAOZQTXCOUKP-UHFFFAOYSA-N__YBIMTNSRPFCZCB-AWEZNQCLSA-N,9.595841596208658
BGBMNCMJDCAGEM-UHFFFAOYSA-N__IRUUIBKAUGXDOE-UHFFFAOYSA-N,12.596432380040904
SOOSDIVUNKDGIF-UHFFFAOYSA-N__FHTRQEYBMORTQQ-UHFFFAOYSA-N,1.103817471271485
XIOWKXPTCVWPDM-UHFFFAOYSA-N__OHOZDJHIIQDBNB-UHFFFAOYSA-N,10.258003060221846
YBIMTNSRPFCZCB-AWEZNQCLSA-N__YLDAOZQTXCOUKP-UHFFFAOYSA-N,9.424650683968622
FHTRQEYBMORTQQ-UHFFFAOYSA-N__SOOSDIVUNKDGIF-UHFFFAOYSA-N,10.665510402135762
FGPZXUJPSDHJEP-UHFFFAOYSA-N__MWJATKYRMBXNSP-UHFFFAOYSA-N,7.76247582465395
DTIISYYWTCUSCJ-UHFFFAOYSA-N__ZARSNCHBDTYSKU-LEWJYISDSA-N,7.60076762700678
XGBWTMMOYHATHN-UHFFFAOYSA-N__OUJMZZKDTIHAMX-UHFFFAOYSA-N,5.815317553890154
OWLMLZIIXBPHAS-UHFFFAOYSA-N__ANVVHXVNYURAKK-UHFFFAOYSA-N,7.577289821346739
ADWLCNLUYCAUHF-LEWJYISDSA-N__RTHCMFVOZHACHF-UHFFFAOYSA-N,10.368020124115745
FRKOHBKJSUTJEN-UHFFFAOYSA-N__PWIFGZZYACPMJL-OAHLLOKOSA-N,13.06530950649262
RTHCMFVOZHACHF-UHFFFAOYSA-N__ADWLCNLUYCAUHF-LEWJYISDSA-N,14.526889140211685
PWIFGZZYACPMJL-OAHLLOKOSA-N__FRKOHBKJSUTJEN-UHFFFAOYSA-N,8.439743458474238
QKGGNUDFUDXOBP-UHFFFAOYSA-N__VHYPPVUIHSBMOG-UHFFFAOYSA-N,12.03917541610186
MWQUXLHXNMFUQZ-UHFFFAOYSA-N__FCCMBBCBTYCOGW-UHFFFAOYSA-N,1.1160069745724537
OUJMZZKDTIHAMX-UHFFFAOYSA-N__XGBWTMMOYHATHN-UHFFFAOYSA-N,6.663516170953773
QRRIMMYRGDDMOA-UUAKLTOTSA-N__IGSFIDWIZZWOIL-UHFFFAOYSA-N,4.103051585978162
XSPQXOVULWOLMR-UHFFFAOYSA-N__IHOLJZHJDMDKAD-UHFFFAOYSA-N,14.276113300400802
IGSFIDWIZZWOIL-UHFFFAOYSA-N__QRRIMMYRGDDMOA-UUAKLTOTSA-N,12.833767144876454
CRKUDTKDIKKERW-UHFFFAOYSA-N__MVUIIWKGQNOXGJ-UHFFFAOYSA-N,1.272979251283611
IHOLJZHJDMDKAD-UHFFFAOYSA-N__XSPQXOVULWOLMR-UHFFFAOYSA-N,9.298082962704871
NXMVXWLGKYVOCT-UHFFFAOYSA-N__LFSXMNYQYJOAJS-UHFFFAOYSA-N,3.6534410469852703
OCVNKBRHURNESA-UHFFFAOYSA-N__MRECNAJJSMYCCO-UHFFFAOYSA-N,8.684530048224493
DDRFGUPGWQSEPH-UHFFFAOYSA-N__FCURPBCSDOKQGO-UHFFFAOYSA-N,6.392848759132908
PPOHBKXHMLFEQL-UHFFFAOYSA-N__UGLSPKSELNZCES-UHFFFAOYSA-N,6.175409840688882
MRECNAJJSMYCCO-UHFFFAOYSA-N__OCVNKBRHURNESA-UHFFFAOYSA-N,10.391284269197175
HABARMWXJHHKRO-UHFFFAOYSA-N__JZFVJKLUHYVGNA-UHFFFAOYSA-N,8.29934198264462
LLTYZFVMNFGOTB-AWEZNQCLSA-N__ASIZJWAQVNOSNV-UHFFFAOYSA-N,9.965980249384833
YHJDQOUNLFCBNN-UHFFFAOYSA-N__IPLCRNPZANWHTR-UHFFFAOYSA-N,4.44416535249512
IPLCRNPZANWHTR-UHFFFAOYSA-N__YHJDQOUNLFCBNN-UHFFFAOYSA-N,3.387970771471009
PJDINVOBBLCGMU-UHFFFAOYSA-N__POPLFUNMABSFMZ-UHFFFAOYSA-N,3.487482938695525
POPLFUNMABSFMZ-UHFFFAOYSA-N__PJDINVOBBLCGMU-UHFFFAOYSA-N,0.7593505059402067
PJYMYJTXAMCHSO-UHFFFAOYSA-N__ZREKDVHZHDQKEQ-UHFFFAOYSA-N,14.236694400091013
ZREKDVHZHDQKEQ-UHFFFAOYSA-N__PJYMYJTXAMCHSO-UHFFFAOYSA-N,9.970259960134324
ZWAJDQXQVFJJTE-INIZCTEOSA-N__CKFRPLIYYYENRM-UHFFFAOYSA-N,13.978806686525983
MFBXUCNGQIZZLN-UHFFFAOYSA-N__VOCRYNHRMUAHKM-UHFFFAOYSA-N,-0.9396079443694538
BKDMDXADLGBDAA-UHFFFAOYSA-N__PSPUCTNWXJAVAM-UHFFFAOYSA-N,6.586100288911287
GSLBKRAQKXSYPM-UHFFFAOYSA-N__RIAFHJLJZWTPMN-UHFFFAOYSA-N,-0.5685594694353395
RIAFHJLJZWTPMN-UHFFFAOYSA-N__GSLBKRAQKXSYPM-UHFFFAOYSA-N,2.313098311654392
ZSHTXHYXRBEOJJ-UHFFFAOYSA-N__ATWDCZQRRACMOC-UHFFFAOYSA-N,6.535185708396865
UOSSAWKNHYOVQD-UHFFFAOYSA-N__WUXZDYUOJIDKRZ-UHFFFAOYSA-N,-1.1873086239119932
ATWDCZQRRACMOC-UHFFFAOYSA-N__ZSHTXHYXRBEOJJ-UHFFFAOYSA-N,12.519292342852689
KPHFHULYMUNNPP-UHFFFAOYSA-N__RATDHCCBNAFHLV-UHFFFAOYSA-N,4.488831584344776
HBDQQPRIDHPUDO-UHFFFAOYSA-N__AOYGYCKFNGGDRE-UHFFFAOYSA-N,9.097280318742833
STKKNHRYIGANOP-UHFFFAOYSA-N__ZFLLAZOHUPBUTN-APSNUPSMSA-N,11.039800700265673
WUXZDYUOJIDKRZ-UHFFFAOYSA-N__UOSSAWKNHYOVQD-UHFFFAOYSA-N,-4.340125015856805
RATDHCCBNAFHLV-UHFFFAOYSA-N__KPHFHULYMUNNPP-UHFFFAOYSA-N,-0.0075528425987086
DPUFQPWACHSKHE-UHFFFAOYSA-N__IGZMMPLVVVLEMN-UHFFFAOYSA-N,3.072405332632418
IGZMMPLVVVLEMN-UHFFFAOYSA-N__DPUFQPWACHSKHE-UHFFFAOYSA-N,0.2729635031318426
AEYDLFXGUYRQEY-UHFFFAOYSA-N__OKENCBQTIXMSDB-UHFFFAOYSA-N,11.451638503184183
AOYGYCKFNGGDRE-UHFFFAOYSA-N__HBDQQPRIDHPUDO-UHFFFAOYSA-N,9.591580935763316
MMCWDEVKIJLOBO-UHFFFAOYSA-N__APCIXKSWFIRIKA-UHFFFAOYSA-N,10.981577256762089
APCIXKSWFIRIKA-UHFFFAOYSA-N__MMCWDEVKIJLOBO-UHFFFAOYSA-N,13.065241626323193
ISQKRJGRHQUEOW-UHFFFAOYSA-N__UIWDVXMMNUZCPL-UHFFFAOYSA-N,8.076774378066563
VOXRPBNXXOLMRM-UHFFFAOYSA-N__OKZHNSJAHJRNSF-UHFFFAOYSA-N,7.607964853417282
XUOXEOXOHYCURP-UHFFFAOYSA-N__ZIAMUSYLZGTZID-UHFFFAOYSA-N,4.472759955978264
PIPRHPUUDHAAGO-UHFFFAOYSA-N__CMTDLPWZKMIVRG-UHFFFAOYSA-N,12.0149680923074
CMTDLPWZKMIVRG-UHFFFAOYSA-N__PIPRHPUUDHAAGO-UHFFFAOYSA-N,7.403079274492784
OKENCBQTIXMSDB-UHFFFAOYSA-N__AEYDLFXGUYRQEY-UHFFFAOYSA-N,11.46944224398518
IKQWMQSKWAMIFQ-UHFFFAOYSA-N__MEBIARJFUWUMDG-UHFFFAOYSA-N,4.882424108613333
ZIAMUSYLZGTZID-UHFFFAOYSA-N__XUOXEOXOHYCURP-UHFFFAOYSA-N,10.768919732735364
NBIBJVOUIIPKCF-FYJGNVAPSA-N__RXFAPEBUFVQFJC-UHFFFAOYSA-N,8.489568368182923
WEBNDBKQEDIBAG-UHFFFAOYSA-N__DZWFNJGEHASIJD-UHFFFAOYSA-N,1.720724511980566
HRZMFEAOIITCOO-UHFFFAOYSA-N__XMRJDGIQAJILNK-UHFFFAOYSA-N,8.949308988538501
VPVDFMWHSPTOHO-UHFFFAOYSA-N__FCBGLSWJDIOVTP-UHFFFAOYSA-N,2.1010382903225016
FCBGLSWJDIOVTP-UHFFFAOYSA-N__VPVDFMWHSPTOHO-UHFFFAOYSA-N,5.647725250218297
GEHJAPKCHDTSBA-UHFFFAOYSA-N__YWQLXVKILARFRL-UHFFFAOYSA-N,8.959692211080702
JXKLCXIJBUPHNR-UHFFFAOYSA-N__SCBKXVIVSIUEMG-UHFFFAOYSA-N,6.913045162911109
ZGRSFWHYQROXSU-UHFFFAOYSA-N__FHTRQEYBMORTQQ-UHFFFAOYSA-N,-0.2783232420744007
FHTRQEYBMORTQQ-UHFFFAOYSA-N__ZGRSFWHYQROXSU-UHFFFAOYSA-N,9.197146519772604
MSKJLYOFFQURDR-UHFFFAOYSA-N__VVLCZNOAJZQSNK-UHFFFAOYSA-N,11.366156151347427
ZQRRHNUKMNICQQ-UHFFFAOYSA-N__SKZNPWLZCCHQMX-UHFFFAOYSA-N,7.636407135366277
KOCCXBOHNLTTHQ-QHCPKHFHSA-N__DOJIJDDRNKDSRA-UHFFFAOYSA-N,10.613860967001896
QLHBNNVFKASDJS-UHFFFAOYSA-N__RYVUCDZIPRHFIW-UHFFFAOYSA-N,2.4548490993599583
RQPMTDCNBTVSGK-UHFFFAOYSA-N__JXGAIFHWJGFTNR-UHFFFAOYSA-N,8.40407180721642
OHQJBHHLWKVOPS-UHFFFAOYSA-N__BLKDVIHPMUEAJS-UHFFFAOYSA-N,7.628076607441119
WBGSXOIEQCLHKW-UHFFFAOYSA-N__BQOIDMGTZKMHQT-UHFFFAOYSA-N,5.505224988846384
HCKNFPPDFUFKNR-UHFFFAOYSA-N__XYAHMQLGPHEWGM-UHFFFAOYSA-N,7.523848902635906
RBXFDVQGUFUNSQ-UHFFFAOYSA-N__PTDQMLIYAOHEQV-UHFFFAOYSA-N,12.752960086900131
YALWOMGWLLPRTP-UHFFFAOYSA-N__MBSAWYUGDVNIKO-UHFFFAOYSA-N,13.501534976493913
PTDQMLIYAOHEQV-UHFFFAOYSA-N__RBXFDVQGUFUNSQ-UHFFFAOYSA-N,8.127169348706593
OTWWDQDXGRWTFB-UHFFFAOYSA-N__UGCOSHYCRCACRW-UHFFFAOYSA-N,4.7600670989685305
KYTCVSRBDYHFPU-UHFFFAOYSA-N__AUGGROQJQWTINF-UHFFFAOYSA-N,6.28339873658047
BQOIDMGTZKMHQT-UHFFFAOYSA-N__WBGSXOIEQCLHKW-UHFFFAOYSA-N,5.778435216948357
CKLYAPQDFMGYQM-UHFFFAOYSA-N__ZYKLLQYNKLSBQB-UHFFFAOYSA-N,1.9401480505432256
AUGGROQJQWTINF-UHFFFAOYSA-N__KYTCVSRBDYHFPU-UHFFFAOYSA-N,1.398409592549617
MBSAWYUGDVNIKO-UHFFFAOYSA-N__YALWOMGWLLPRTP-UHFFFAOYSA-N,12.780859225977505
ZYKLLQYNKLSBQB-UHFFFAOYSA-N__CKLYAPQDFMGYQM-UHFFFAOYSA-N,8.805731411803269
OYYBDZIMAKLYCM-UHFFFAOYSA-N__GNPRJEADYYMEQU-UHFFFAOYSA-N,6.0818775931656095
CXCFIXRIGMVYSF-UHFFFAOYSA-N__GKVFXEYCXNIGOA-UHFFFAOYSA-N,9.357734241403946
KDMDKIMRUXKBHZ-UHFFFAOYSA-N__BKNVVYRQMKQLFC-UHFFFAOYSA-N,13.032893881853177
ZIYIJFOHYMEGET-KPKJPENVSA-N__IMPVHNRXSOFJNZ-UHFFFAOYSA-N,11.70695732906637
MTJONZDRVMFTPW-UHFFFAOYSA-N__ZSSAJECRKYGLBD-UHFFFAOYSA-N,-3.432287341489481
OZKNFZSDRXGTHN-UHFFFAOYSA-N__AVYKCGZXYKXUEI-UHFFFAOYSA-N,8.780201079459527
ZSSAJECRKYGLBD-UHFFFAOYSA-N__MTJONZDRVMFTPW-UHFFFAOYSA-N,2.14028997482319
SJZWANGLIFWFBR-UHFFFAOYSA-N__DAVYRPLEKYRJBY-UHFFFAOYSA-N,9.6195260463435
GNPRJEADYYMEQU-UHFFFAOYSA-N__OYYBDZIMAKLYCM-UHFFFAOYSA-N,13.748285070136104
XTWOZGRKKGNJIO-UHFFFAOYSA-N__HQDKDARNJNFOCP-UHFFFAOYSA-N,18.342878192452147
TYIBCZPQJOLCCF-UHFFFAOYSA-N__KXNBDTRAYHBFOU-UHFFFAOYSA-N,1.6876943213631184
RPIOTHRBMOELIP-UHFFFAOYSA-N__HUWJSTCEZBSJIZ-UHFFFAOYSA-N,10.543549612307546
YCQGOICRZSTAAZ-UHFFFAOYSA-N__HVGINEQUPMNLOD-UHFFFAOYSA-N,11.319618951015231
XFNUWVZNWKQQJG-UHFFFAOYSA-N__IHSLWHGAUMBSKZ-UHFFFAOYSA-N,1.9022496762872383
WDCJIHWCUAJZPP-UHFFFAOYSA-N__HWTZTVSRASJMPL-QGZVFWFLSA-N,4.440391602077843
XCELPZGCIVHDND-UHFFFAOYSA-N__OVMUYXQMIBNBIY-UHFFFAOYSA-N,9.613605926178847
FZTQUUUIQHCBMI-UHFFFAOYSA-N__BCLQXSXTUHMHCE-UHFFFAOYSA-N,2.4230409000358257
IHSLWHGAUMBSKZ-UHFFFAOYSA-N__XFNUWVZNWKQQJG-UHFFFAOYSA-N,8.355770290912787
MARAFYTULVZFMA-UHFFFAOYSA-N__DGCGVRGKNNRDCZ-UHFFFAOYSA-N,5.573014760768573
DGCGVRGKNNRDCZ-UHFFFAOYSA-N__MARAFYTULVZFMA-UHFFFAOYSA-N,12.761623142747132
YRHKZTRPLYFWLF-UHFFFAOYSA-N__AOKNSGMKZBAINX-UHFFFAOYSA-N,3.1081958790559
ZXHXIFYGSIVABD-UHFFFAOYSA-N__XFGDNRXJGBDRNM-UHFFFAOYSA-N,9.49223732010997
PPEYASIQZSOUPF-UHFFFAOYSA-N__XTVKUSPHSRPAEI-UHFFFAOYSA-N,10.88022469341277
XFGDNRXJGBDRNM-UHFFFAOYSA-N__ZXHXIFYGSIVABD-UHFFFAOYSA-N,12.578798973444195
JQHIAQPDHHSQOJ-UHFFFAOYSA-N__BJLSCCQUTMEPLZ-UHFFFAOYSA-N,11.342311949662454
BJLSCCQUTMEPLZ-UHFFFAOYSA-N__JQHIAQPDHHSQOJ-UHFFFAOYSA-N,5.104438162946924
DFFHATHVIPXZOI-UHFFFAOYSA-N__IZSREVLGTVVDFD-UHFFFAOYSA-N,11.192491073177685
IZSREVLGTVVDFD-UHFFFAOYSA-N__DFFHATHVIPXZOI-UHFFFAOYSA-N,7.397624816008621
KAXHXCNJBHQQHP-UHFFFAOYSA-N__MLNBIFBGWOXIEH-UHFFFAOYSA-N,8.897051263025727
MLNBIFBGWOXIEH-UHFFFAOYSA-N__KAXHXCNJBHQQHP-UHFFFAOYSA-N,4.8593959670924125
VDNBZUGPYIJRTD-UHFFFAOYSA-N__APCIXKSWFIRIKA-UHFFFAOYSA-N,9.867060655219678
VPYCCTQXLRTUIJ-BQYQJAHWSA-N__JEZUSVWEUHJWAS-UHFFFAOYSA-N,17.879871314242745
XUJXDUOZVFOZFJ-UHFFFAOYSA-N__WRAHATHKLJGCQC-UHFFFAOYSA-N,5.296127338214081
WRAHATHKLJGCQC-UHFFFAOYSA-N__XUJXDUOZVFOZFJ-UHFFFAOYSA-N,7.741572891638443
VGZNWCWWERCEPK-UHFFFAOYSA-N__NNDUUOILNHYNOQ-UHFFFAOYSA-N,-4.312646986043793
HDHGNGRKTKUKCN-UHFFFAOYSA-N__QZJMSMSAKJUOHQ-XMMPIXPASA-N,13.201037964550707
QZJMSMSAKJUOHQ-XMMPIXPASA-N__HDHGNGRKTKUKCN-UHFFFAOYSA-N,11.115344541877276
APCIXKSWFIRIKA-UHFFFAOYSA-N__VDNBZUGPYIJRTD-UHFFFAOYSA-N,18.41982373729021
JLXBDFPEAKKWFM-UHFFFAOYSA-N__IULPOAPEWLEBKC-UHFFFAOYSA-N,7.567707454937233
MFQACHRGZQGRJZ-UHFFFAOYSA-N__OKOYHNWUUORFGT-UHFFFAOYSA-N,6.022533307674213
PVCLUKCHLYPTCS-VKHMYHEASA-N__YCPQWOWEEVKCTF-UHFFFAOYSA-N,8.519050972647742
VUHSEOAPLDLTHY-UHFFFAOYSA-N__GWCOQJNRJDGYDG-UHFFFAOYSA-N,5.888430169856629
BQVDFLMFJZZZIJ-UHFFFAOYSA-N__QDNMLUFRCYVCDS-CYBMUJFWSA-N,3.2604639807246736
QDNMLUFRCYVCDS-CYBMUJFWSA-N__BQVDFLMFJZZZIJ-UHFFFAOYSA-N,1.1243856072675191
CDGUKHKXKWZSHA-UHFFFAOYSA-N__YSULBTWUVQFXMN-UHFFFAOYSA-N,4.54919092223629
VLFAOIGYCCELJB-UHFFFAOYSA-N__WOPHEEXRJKUYKQ-UHFFFAOYSA-N,15.908740933872682
TUPDFCREPGZJTC-UHFFFAOYSA-N__OCHHLJQIJQNPSH-UHFFFAOYSA-N,16.478371225486566
AUAWZTHTHAFXIL-UHFFFAOYSA-N__YHFJRKRLYCGXEG-UHFFFAOYSA-N,-0.911991271385654
OCHHLJQIJQNPSH-UHFFFAOYSA-N__TUPDFCREPGZJTC-UHFFFAOYSA-N,0.3645505604149534
CWBYOSFLIRXWPU-BSHIDLADSA-N__FNOCSIPGOLQSDE-UHFFFAOYSA-N,-0.9369406681510412
FNOCSIPGOLQSDE-UHFFFAOYSA-N__CWBYOSFLIRXWPU-BSHIDLADSA-N,5.061880222779642
SZCXAZKBIIUIHU-UHFFFAOYSA-N__TXXSBHRUVZDVJS-AWEZNQCLSA-N,5.411870254642121
MRWHUCDVBSYEKR-UHFFFAOYSA-N__AUFKVJZHFXKOPJ-UHFFFAOYSA-N,7.6290793210209396
AUFKVJZHFXKOPJ-UHFFFAOYSA-N__MRWHUCDVBSYEKR-UHFFFAOYSA-N,4.765696809450085
VZXIOENIXSKBHV-UHFFFAOYSA-N__AMCDPPZJNBZUKU-UHFFFAOYSA-N,1.572705151413495
TXXSBHRUVZDVJS-AWEZNQCLSA-N__SZCXAZKBIIUIHU-UHFFFAOYSA-N,4.866884720791682
SKTAKOBBDDVNDS-UHFFFAOYSA-N__TYVIXYHXFXZVMR-UHFFFAOYSA-N,10.25785455699538
MEMVSDNVZCYQQI-UHFFFAOYSA-N__ACUFKUOHNWDRSW-UHFFFAOYSA-N,14.964859865536024
KGIYGLYDKBRZLL-UHFFFAOYSA-N__NFVPBPFJXROBDV-UHFFFAOYSA-N,10.429881943930177
NFVPBPFJXROBDV-UHFFFAOYSA-N__KGIYGLYDKBRZLL-UHFFFAOYSA-N,4.020625073799973
QHBAVAHPPLXWPX-UHFFFAOYSA-N__ZPJFWKKDVNGBGA-LSUKLKIZSA-N,14.15928430154728
XGTYJNQIKQSCFT-UHFFFAOYSA-N__MXHTVXKDGYBBCP-UHFFFAOYSA-N,2.655323735403829
XGJZQSYJKLULPK-UHFFFAOYSA-N__MIAKHXORVTXEGJ-UHFFFAOYSA-N,2.024027943474678
MXHTVXKDGYBBCP-UHFFFAOYSA-N__XGTYJNQIKQSCFT-UHFFFAOYSA-N,8.510120040504852
OCZBBBOPHVVSCP-UHFFFAOYSA-N__SSSUMSQUKAQPQL-ZDUSSCGKSA-N,8.22069234641285
SSSUMSQUKAQPQL-ZDUSSCGKSA-N__OCZBBBOPHVVSCP-UHFFFAOYSA-N,14.99456611448062
WMWVEMKBVZFEHF-UHFFFAOYSA-N__ANKXRKXVDIEJKM-UHFFFAOYSA-N,6.977612426968147
ULDMDTRQLTTWAA-UHFFFAOYSA-N__JSKDQCCZJWWMJN-UHFFFAOYSA-N,12.18429517993787
JXLMFPOIASTBQL-UHFFFAOYSA-N__ZUGCEQXFHOOZSX-UHFFFAOYSA-N,3.546009174790361
XHRZVODJZBMDSB-UHFFFAOYSA-N__YKJDFALICHKAGV-UHFFFAOYSA-N,8.188890020332652
YKJDFALICHKAGV-UHFFFAOYSA-N__XHRZVODJZBMDSB-UHFFFAOYSA-N,1.8484752312573152
JEIHVBNSVKDDTM-UHFFFAOYSA-N__WMFGQHDENCCCSR-UHFFFAOYSA-N,10.142478551592612
VASFHRFLPMZJIZ-UHFFFAOYSA-N__BUYKUSRHEDJMJM-UHFFFAOYSA-N,10.469423444782777
BUYKUSRHEDJMJM-UHFFFAOYSA-N__VASFHRFLPMZJIZ-UHFFFAOYSA-N,10.342415843744302
XRKDXUYURKXTAV-UHFFFAOYSA-N__JYYUOLRCRQQGEQ-UHFFFAOYSA-N,4.616987869492203
LMGZKECVVFRLQY-UHFFFAOYSA-N__VEOPGYLFCHRSBJ-MRXNPFEDSA-N,-0.4214280967234632
QPZMODZSWODRNJ-UHFFFAOYSA-N__FTKNUUUHZKBQBO-UHFFFAOYSA-N,3.892414432324978
QHAJQICQPNHEKP-UHFFFAOYSA-N__QJNYZRKGUSHFBP-UHFFFAOYSA-N,7.249083037427752
HMVSYULSEAYETO-UHFFFAOYSA-N__IQYICURMGMILNS-UHFFFAOYSA-N,9.269629180817557
NXHYGPLWIXHUTP-UHFFFAOYSA-N__AWPVFZVWMQUMET-UHFFFAOYSA-N,6.591572823700484
AWPVFZVWMQUMET-UHFFFAOYSA-N__NXHYGPLWIXHUTP-UHFFFAOYSA-N,8.071206565360965
QJNYZRKGUSHFBP-UHFFFAOYSA-N__QHAJQICQPNHEKP-UHFFFAOYSA-N,5.333584832728622
LQOMZXJODCLNAQ-UHFFFAOYSA-N__MCBGJVYDFYCDRM-UHFFFAOYSA-N,7.260588324575273
BNRALDUKFOQAKR-UHFFFAOYSA-N__CEPYDHMCQJOCHC-UHFFFAOYSA-N,12.50965781366464
MCBGJVYDFYCDRM-UHFFFAOYSA-N__LQOMZXJODCLNAQ-UHFFFAOYSA-N,3.1842458761134367
XKWRJXBUBPMIPN-UHFFFAOYSA-N__IRRAVESJQVZPCY-UHFFFAOYSA-N,11.079462849097116
WAXIFTYIZYXYDW-UHFFFAOYSA-N__QXFKCXGEMRCIGA-UHFFFAOYSA-N,6.107162347108754
HWHLPPBFZSHTQM-UHFFFAOYSA-N__CPMWRVJYYVHXKX-UHFFFAOYSA-N,3.183069808596765
QXFKCXGEMRCIGA-UHFFFAOYSA-N__WAXIFTYIZYXYDW-UHFFFAOYSA-N,5.641420555779437
CPMWRVJYYVHXKX-UHFFFAOYSA-N__HWHLPPBFZSHTQM-UHFFFAOYSA-N,8.839058953301077
UOKPIJWFKFLVMD-UHFFFAOYSA-N__ICJISCSIRIDCBK-UHFFFAOYSA-N,9.630211738380048
RHUCEXMXMUPSOI-UHFFFAOYSA-N__GRMOVGXFMXBTKJ-UHFFFAOYSA-N,0.8028716051786139
IXOHYKUPUXXNBN-UHFFFAOYSA-N__LLJARTGZTFKFQR-UHFFFAOYSA-N,11.605278048260327
VFBWLYGRIFDOMR-UHFFFAOYSA-N__ZTUJOVAGDVCLCV-UHFFFAOYSA-N,5.128009788271264
GRMOVGXFMXBTKJ-UHFFFAOYSA-N__RHUCEXMXMUPSOI-UHFFFAOYSA-N,3.660417450895277
ICJISCSIRIDCBK-UHFFFAOYSA-N__UOKPIJWFKFLVMD-UHFFFAOYSA-N,16.886781717482048
IQNFZKCHDQOZKH-UHFFFAOYSA-N__VDKIGPZUWZVECP-UHFFFAOYSA-N,1.7897355147876168
CNBCAJHHFUKIOG-UHFFFAOYSA-N__WADWVNIIQWLLJN-UHFFFAOYSA-N,5.174361872840734
LCFBDXCVYRGHIK-UHFFFAOYSA-N__GWBMKLKIZVKPGO-UHFFFAOYSA-N,12.434656546276967
RDXXIKJOFIDJQO-UHFFFAOYSA-N__CHHIPTJPXUMPJH-UHFFFAOYSA-N,-1.337946023839968
GWBMKLKIZVKPGO-UHFFFAOYSA-N__LCFBDXCVYRGHIK-UHFFFAOYSA-N,8.551338880627272
LLJARTGZTFKFQR-UHFFFAOYSA-N__IXOHYKUPUXXNBN-UHFFFAOYSA-N,7.849182195468557
CHHIPTJPXUMPJH-UHFFFAOYSA-N__RDXXIKJOFIDJQO-UHFFFAOYSA-N,5.517059276744838
NRSSDSHSMCCSGY-UHFFFAOYSA-N__JAWBXFKLTXOJMX-UHFFFAOYSA-N,10.086799810730984
GJJIXCYSFQLSRJ-UHFFFAOYSA-N__UVXMTNYPODQDMG-UHFFFAOYSA-N,10.656747581398909
PTPMBYVILHYQDS-UHFFFAOYSA-N__XXUINTSAWKNPCU-UHFFFAOYSA-N,6.043850089797608
LAARUAOHQBQKPZ-UHFFFAOYSA-N__FOEHISMZFHYVKM-UHFFFAOYSA-N,11.801774376379836
HCSPVNHBHQQBNO-UHFFFAOYSA-N__CNAQVWRTCCSNCB-UHFFFAOYSA-N,6.304720815524091
GXMJIXLNFGMAAD-UHFFFAOYSA-N__WDXUNWOGFNCZJP-UHFFFAOYSA-N,13.156180465113382
MQOAGMBHFIZKFN-UHFFFAOYSA-N__RRMNIXHLHQTBHE-UHFFFAOYSA-N,9.945619298974218
YDFZDSJWIHVZRI-UHFFFAOYSA-N__MWPPSFSQUYHPBH-UHFFFAOYSA-N,6.32407673224946
UAHSIHBHRSRXOW-UHFFFAOYSA-N__CPRFCDPXUGZXCZ-UHFFFAOYSA-N,-7.1719871970279225
SRMJYKYNZBBERN-UHFFFAOYSA-N__KMVZLYHNUXSUGU-UHFFFAOYSA-N,7.414903607739294
CNAQVWRTCCSNCB-UHFFFAOYSA-N__HCSPVNHBHQQBNO-UHFFFAOYSA-N,9.887683820489425
WDXUNWOGFNCZJP-UHFFFAOYSA-N__GXMJIXLNFGMAAD-UHFFFAOYSA-N,6.781538057838588
MRHFKFGKYYBSEK-UHFFFAOYSA-N__NIYYLXDRLQFYMS-UHFFFAOYSA-N,6.08094654018159
BSCOUGKXLFFEHX-UHFFFAOYSA-N__BAJPLTRNMYFCRG-UHFFFAOYSA-N,8.161997581504167
NIYYLXDRLQFYMS-UHFFFAOYSA-N__MRHFKFGKYYBSEK-UHFFFAOYSA-N,8.750333865692774
CZNLHTHCBLCWTF-UHFFFAOYSA-N__GLQUYQUJPVTSJH-UHFFFAOYSA-N,7.9947966077495645
GLQUYQUJPVTSJH-UHFFFAOYSA-N__CZNLHTHCBLCWTF-UHFFFAOYSA-N,5.440547350492995
BFXBHCIOPNJXSL-UHFFFAOYSA-N__CMWQEXDTUCVVKM-UHFFFAOYSA-N,7.338966126377914
CMWQEXDTUCVVKM-UHFFFAOYSA-N__BFXBHCIOPNJXSL-UHFFFAOYSA-N,12.4878657076297
VFZXTUHPVRTEQD-UHFFFAOYSA-N__ZOWVMSQGVTWAMX-UHFFFAOYSA-N,11.35399630711505
JIOFCVRNOYCRSV-UHFFFAOYSA-N__DQQURTPRQNENPF-UHFFFAOYSA-N,10.311380334692764
ZOWVMSQGVTWAMX-UHFFFAOYSA-N__VFZXTUHPVRTEQD-UHFFFAOYSA-N,7.2297417533751425
OXZSBLGNIUNZGX-UHFFFAOYSA-N__ZPOTUUKLVZLRCT-UHFFFAOYSA-N,8.473339643096953
DQQURTPRQNENPF-UHFFFAOYSA-N__JIOFCVRNOYCRSV-UHFFFAOYSA-N,0.9883779033839468
DSTHWNJNDZREJW-UHFFFAOYSA-N__POCLJTHDOHYNBI-UHFFFAOYSA-N,13.737280936318044
POCLJTHDOHYNBI-UHFFFAOYSA-N__DSTHWNJNDZREJW-UHFFFAOYSA-N,6.034794964242038
YKFFXAJTMGHIJB-UHFFFAOYSA-N__VJTQMGSMYFYCOB-UHFFFAOYSA-N,7.866606532187838
VRDUFAYSDHMXOB-UHFFFAOYSA-N__UJFOPIGROKCQRF-UHFFFAOYSA-N,5.465730335475149
ABUZJCPYSCQXPA-UHFFFAOYSA-N__PTGUBAWBZSKPAK-UHFFFAOYSA-N,1.2155777006671349
CRHQTDDQHVAHRL-UHFFFAOYSA-N__POOOQXJDZKXXOC-UHFFFAOYSA-N,6.6610599096861005
POOOQXJDZKXXOC-UHFFFAOYSA-N__CRHQTDDQHVAHRL-UHFFFAOYSA-N,7.719874886203018
PTGUBAWBZSKPAK-UHFFFAOYSA-N__ABUZJCPYSCQXPA-UHFFFAOYSA-N,7.521997455584025
OTTFLADYRUPSKQ-UHFFFAOYSA-N__KKGVGALWBRZQIT-UHFFFAOYSA-N,4.662532668093737
RSSDORQFZDLMLV-UHFFFAOYSA-N__QQUYXMXAEBBVAJ-UHFFFAOYSA-N,17.08865217694521
KKGVGALWBRZQIT-UHFFFAOYSA-N__OTTFLADYRUPSKQ-UHFFFAOYSA-N,13.732260799400208
QDWFKQKLGGIXGM-UHFFFAOYSA-N__JNMZIVTXVKJIGM-UHFFFAOYSA-N,3.201593919659406
YPUMFVXSTKNWRE-UHFFFAOYSA-N__NIOWRCGXQAEWDN-UHFFFAOYSA-N,7.473017669065898
DTKVAXKXZQIMPZ-UHFFFAOYSA-N__FUIFWLSYNWANPZ-UHFFFAOYSA-N,6.932096970188147
GNTSIDBYFGIVHV-UHFFFAOYSA-N__RPBOHZGJDWPXGW-UHFFFAOYSA-N,9.074188981351185
OEMHAMNNLYLETR-UHFFFAOYSA-N__GGQFQUVECOSUJT-UHFFFAOYSA-N,3.543282876565309
QQUYXMXAEBBVAJ-UHFFFAOYSA-N__RSSDORQFZDLMLV-UHFFFAOYSA-N,17.6298079936314
IPROARAVDNVOJZ-UHFFFAOYSA-N__ZSXNFHIAZCEFCX-OAHLLOKOSA-N,8.00251548876915
LFHUWIMGIYWNLC-UHFFFAOYSA-N__FLLOUCWMPLXSRE-UHFFFAOYSA-N,15.355707693105009
OZIUYSDVVJNCTD-UHFFFAOYSA-N__CMWOXUDGVIIZIJ-UHFFFAOYSA-N,10.207895777874423
IVOYTUNPHREKTI-XSFVSMFZSA-N__LKQDWFDVVOZBJX-UHFFFAOYSA-N,14.758071665476177
IJOFOMFMHROIRL-UHFFFAOYSA-N__HYWZGQMUNYHGNN-UHFFFAOYSA-N,5.813328739718333
AZHHBELZSSVKIT-UHFFFAOYSA-N__MEILJCMLVHEYKJ-UHFFFAOYSA-N,5.469434178965879
CMWOXUDGVIIZIJ-UHFFFAOYSA-N__OZIUYSDVVJNCTD-UHFFFAOYSA-N,13.332558236410552
ZSXNFHIAZCEFCX-OAHLLOKOSA-N__IPROARAVDNVOJZ-UHFFFAOYSA-N,3.526501178514657
MEILJCMLVHEYKJ-UHFFFAOYSA-N__AZHHBELZSSVKIT-UHFFFAOYSA-N,7.348013923362368
WHNFBZJHPFVWFB-UHFFFAOYSA-N__AWTKXJUKCIXCBQ-UHFFFAOYSA-N,8.299190115400839
VZFZOLYMIDEOQI-UHFFFAOYSA-N__JCSWKULOSYFZFU-UHFFFAOYSA-N,8.70555946693567
JCSWKULOSYFZFU-UHFFFAOYSA-N__VZFZOLYMIDEOQI-UHFFFAOYSA-N,11.111812362503056
YFZOAJADZQGVPE-UHFFFAOYSA-N__RLGNZAHEAVFTDI-UHFFFAOYSA-N,4.569833239540413
DUXAPESARLQWSV-UHFFFAOYSA-N__MVMKLFYOGQGHTC-UHFFFAOYSA-N,7.355258319352385
MVMKLFYOGQGHTC-UHFFFAOYSA-N__DUXAPESARLQWSV-UHFFFAOYSA-N,7.6926270999938176
RCEZFNIFGMLGMH-UHFFFAOYSA-N__FRCKVJFWFAWVHR-UHFFFAOYSA-N,4.881496181586494
LRDUTEYUSIBVDP-UHFFFAOYSA-N__XDBSCTGTGSWTDQ-UHFFFAOYSA-N,7.157145238874457
VCCFWVJRSTZWJG-UHFFFAOYSA-N__NJMIFTWJTPGBLQ-UHFFFAOYSA-N,8.050757536979827
VYVNPEOHUFEKQU-UHFFFAOYSA-N__IDTUFQAIQMRLPD-UHFFFAOYSA-N,8.885142991429788
FRCKVJFWFAWVHR-UHFFFAOYSA-N__RCEZFNIFGMLGMH-UHFFFAOYSA-N,3.925054105083472
XDBSCTGTGSWTDQ-UHFFFAOYSA-N__LRDUTEYUSIBVDP-UHFFFAOYSA-N,2.9023849513165416
JYZFWHLKUOYZQF-UHFFFAOYSA-N__KGMWWJUVPWTEEC-UHFFFAOYSA-N,7.144580099647743
RDRCOYCILUKHFQ-UHFFFAOYSA-N__NPLGNJAWCWYZGC-HZPDHXFCSA-N,8.160622302168239
HUZQWFWSZXRSIW-UHFFFAOYSA-N__QLRQPPXMOUXNQV-UHFFFAOYSA-N,4.375349977835479
RASPNAIOAVIEJJ-UHFFFAOYSA-N__RLNJRWQOQXGWCL-UHFFFAOYSA-N,0.7945738025680107
QLRQPPXMOUXNQV-UHFFFAOYSA-N__HUZQWFWSZXRSIW-UHFFFAOYSA-N,6.345300105410447
CFWBHRKDBOFBBQ-UHFFFAOYSA-N__ZAWFYSIMENHIBU-UHFFFAOYSA-N,0.1290785332593144
QCYVIXVSXYXYPT-UHFFFAOYSA-N__HKCPFAMYWWFMAI-UHFFFAOYSA-N,10.531078505907756
CBMTUTXQKMHAER-UHFFFAOYSA-N__YWPWMSLAVGYLMR-UHFFFAOYSA-N,6.025034592199166
HKCPFAMYWWFMAI-UHFFFAOYSA-N__QCYVIXVSXYXYPT-UHFFFAOYSA-N,7.4436892788453
HONMPDQUZRBNAO-UHFFFAOYSA-N__PZBNNUQNOMHKTK-UHFFFAOYSA-N,6.014536939135472
WQKQRSOJRJRUQU-UHFFFAOYSA-N__JMNAGIUSNNOTHU-DEOSSOPVSA-N,9.0934533552859
PCUGTGXPDQGQIO-UHFFFAOYSA-N__HJEZQUVNPYMLNJ-PHIMTYICSA-N,5.752975656594761
BNWBAFRTMMYLTG-YQYDADCPSA-N__QUNHWSGXYFHGTO-ZDUSSCGKSA-N,21.404388682342866
VTTYWJXTXIYEIS-UHFFFAOYSA-N__NFZGDQMPSVUCFG-UHFFFAOYSA-N,3.663748943076641
QUNHWSGXYFHGTO-ZDUSSCGKSA-N__BNWBAFRTMMYLTG-YQYDADCPSA-N,11.21235853020224
IFCIHZDIDATREY-UHFFFAOYSA-N__IEIYPHPDJBWXMW-UHFFFAOYSA-N,14.056826443884212
HJEZQUVNPYMLNJ-PHIMTYICSA-N__PCUGTGXPDQGQIO-UHFFFAOYSA-N,5.164640312518978
GRJJCQMWPQLNCM-UHFFFAOYSA-N__UTPUQYGCSRVMAC-UHFFFAOYSA-N,5.23938320818137
MQMRHTPUMQPUJD-UHFFFAOYSA-N__PDGIFKOVZJSVBH-UHFFFAOYSA-N,3.90392555526316
AFVPVABXKYFLGZ-UHFFFAOYSA-N__AOAICJBESKIFPG-UHFFFAOYSA-N,9.361069756851572
AHDMKNSIRXVGHP-UHFFFAOYSA-N__QQTMSBVBJPSRPA-UHFFFAOYSA-N,5.499158551085604
UTPUQYGCSRVMAC-UHFFFAOYSA-N__GRJJCQMWPQLNCM-UHFFFAOYSA-N,4.844640686656438
FGCYDSOFSGOQEZ-UHFFFAOYSA-N__SQKPNQQKRWVAQR-UHFFFAOYSA-N,9.44774143088267
BZDSUKJDQFZFRU-UHFFFAOYSA-N__VFFXTKSOKONZHX-UHFFFAOYSA-N,9.129582680118787
MWDGLMHLTQALKT-UHFFFAOYSA-N__IMDMBQJUJZSQHR-UHFFFAOYSA-N,4.69496866374675
IMDMBQJUJZSQHR-UHFFFAOYSA-N__MWDGLMHLTQALKT-UHFFFAOYSA-N,10.807765297342293
OMNZQMMXDULCSM-UHFFFAOYSA-N__ZMAOUTGUWCYXKL-UHFFFAOYSA-N,9.258129344797748
BPTSZFWXBCOSPG-UHFFFAOYSA-N__KWZHFOWIGZPAQT-UHFFFAOYSA-N,3.909198921750237
CRIOCHQIPYWQRJ-UHFFFAOYSA-N__QRXHSCCXJWKDSK-UHFFFAOYSA-N,10.708101290625088
RXVACCFHUQLGPP-UHFFFAOYSA-N__APYDLZQBVRAMIM-UHFFFAOYSA-N,5.293164649625381
BZVPZJLASDFCGT-IHWYPQMZSA-N__HRRUVLCCIAGUKL-UHFFFAOYSA-N,-1.199381212719058
UXQCMCVDFSTUPU-UHFFFAOYSA-N__FOUVXDZLFOEROU-UHFFFAOYSA-N,7.935000554529213
HIUCOERCUFAKLI-UHFFFAOYSA-N__FSSZYLLSDXUOOE-UHFFFAOYSA-N,0.7214656304858889
YZAUQJGDEGLWTI-UHFFFAOYSA-N__LRYCZFKAEGDZKS-UHFFFAOYSA-N,13.669957898024691
FOUVXDZLFOEROU-UHFFFAOYSA-N__UXQCMCVDFSTUPU-UHFFFAOYSA-N,7.535456354322322
MMWMMZMONXTLKP-UHFFFAOYSA-N__UTEOLGREWJBWGV-UHFFFAOYSA-N,13.120009942322174
YBKIVNFVOSZPTG-UHFFFAOYSA-N__PYNRSJFRGRBCNV-UHFFFAOYSA-N,4.209982384743924
LRYCZFKAEGDZKS-UHFFFAOYSA-N__YZAUQJGDEGLWTI-UHFFFAOYSA-N,11.121471503841974
JLTLPSWYIAEFKA-UHFFFAOYSA-N__JFNOISOIWLCVCY-UHFFFAOYSA-N,9.359606042989958
QQIHBUCQJVUCGC-UHFFFAOYSA-N__JCZCBJNLPSXCDP-UHFFFAOYSA-N,7.1468071047939015
NQOPTLVAMAXDFC-UHFFFAOYSA-N__YBPQUQSDFULNNJ-UHFFFAOYSA-N,3.210202305356076
JCZCBJNLPSXCDP-UHFFFAOYSA-N__QQIHBUCQJVUCGC-UHFFFAOYSA-N,5.58438098983438
AJRKOIBWXYPMOY-UHFFFAOYSA-N__IQGQBFYWTXSZND-UHFFFAOYSA-N,-2.09330990066595
MMXGGEJPJWFRGX-UHFFFAOYSA-N__XVONJPBUHJJBTM-UHFFFAOYSA-N,6.221314354650187
XVONJPBUHJJBTM-UHFFFAOYSA-N__MMXGGEJPJWFRGX-UHFFFAOYSA-N,10.44095414575474
CDWCYHCBULSCFK-UPHRSURJSA-N__ZJUUPNHTEDZROU-UHFFFAOYSA-N,-5.795222060579351
IQGQBFYWTXSZND-UHFFFAOYSA-N__AJRKOIBWXYPMOY-UHFFFAOYSA-N,-0.1501421754159684
ZJUUPNHTEDZROU-UHFFFAOYSA-N__CDWCYHCBULSCFK-UPHRSURJSA-N,-5.245624992963846
BQLPQUGYPRULLN-UHFFFAOYSA-N__FKXMFYVOSUHDDC-UHFFFAOYSA-N,6.36269157570551
MGMSZFZFCXKYHX-UHFFFAOYSA-N__MZAQCBDOHHPKOV-UHFFFAOYSA-N,2.7753939469291256
HTUJYMJSAKQQJD-UHFFFAOYSA-N__OZOTXPBLBSTRLP-UHFFFAOYSA-N,6.198052624270444
QTLOYOSKGRNTNQ-UHFFFAOYSA-N__YERPFONPEZJCJV-UHFFFAOYSA-N,11.02042784923907
IFWLOLSXCBCKRU-UHFFFAOYSA-N__LTOOPPSBPWTFCE-UHFFFAOYSA-N,6.100728960298714
MVORBLZUGBSUNB-UHFFFAOYSA-N__VNMPKYRAUUWUOD-UHFFFAOYSA-N,3.4852628385774684
MNBLYACPVWCSLJ-UHFFFAOYSA-N__QQHSMCFDMYEGOF-UHFFFAOYSA-N,11.713502818944509
XTBIXBKCIIFYDT-UHFFFAOYSA-N__ZEZUKTOXFQFQBL-UHFFFAOYSA-N,17.704828959443198
RYYYZXDXVNJMRC-UHFFFAOYSA-N__ZACNYJHWXXRQNB-UHFFFAOYSA-N,4.906796706068504
ZACNYJHWXXRQNB-UHFFFAOYSA-N__RYYYZXDXVNJMRC-UHFFFAOYSA-N,7.44968146973693
HBWFTFSZMSBSGR-UHFFFAOYSA-N__FWEJZUAMXLEJKJ-UHFFFAOYSA-N,8.718954692826888
FWEJZUAMXLEJKJ-UHFFFAOYSA-N__HBWFTFSZMSBSGR-UHFFFAOYSA-N,3.43445292819024
SDWREDSHXOABRO-UHFFFAOYSA-N__GILIOSKZFBSGEY-UHFFFAOYSA-N,6.683935552108688
SUZBQTODMKEJHY-IOIVPGQXSA-N__GXLYBHIIQMAZRQ-UHFFFAOYSA-N,3.688380796082997
SDWFVRDJUOWDPP-UHFFFAOYSA-N__JHSNBAAOAWUPSQ-UHFFFAOYSA-N,4.243744924749215
LCPFIMIFIMVNSZ-UHFFFAOYSA-N__DPLGWONNJCISKN-UHFFFAOYSA-N,10.464719889895257
JHSNBAAOAWUPSQ-UHFFFAOYSA-N__SDWFVRDJUOWDPP-UHFFFAOYSA-N,5.609392167878209
KPZPSYIWSMYCIS-UHFFFAOYSA-N__JYIJFNMNINGVKC-UHFFFAOYSA-N,7.695258798955776
GXLYBHIIQMAZRQ-UHFFFAOYSA-N__SUZBQTODMKEJHY-IOIVPGQXSA-N,20.356669298753346
BHMIWCGHBYBPOQ-UHFFFAOYSA-N__ZWWBJTNDLKHZIV-UHFFFAOYSA-N,9.405334539837009
JYIJFNMNINGVKC-UHFFFAOYSA-N__KPZPSYIWSMYCIS-UHFFFAOYSA-N,1.833706678736818
NJAFSKWPDIOUOT-UHFFFAOYSA-N__ZJXFEIFCPUNQEK-UHFFFAOYSA-N,15.43815321428174
DPLGWONNJCISKN-UHFFFAOYSA-N__LCPFIMIFIMVNSZ-UHFFFAOYSA-N,8.525258879624946
ZJXFEIFCPUNQEK-UHFFFAOYSA-N__NJAFSKWPDIOUOT-UHFFFAOYSA-N,0.5756681986840143
MFEASEKWVSFSJU-UHFFFAOYSA-N__XWMBTGDQRAOWNU-UHFFFAOYSA-N,11.156932938795515
NPYPGRBHKNHNGY-UHFFFAOYSA-N__VFUSEKGJSFQBOQ-UHFFFAOYSA-N,14.701890800781603
HJFRTRJXHIIVOX-HNNXBMFYSA-N__QQKOIRUMNNFKNP-UHFFFAOYSA-N,5.554989652860823
MJGDHZDCWVIJAX-UHFFFAOYSA-N__CUZDXQPDCKROOY-UHFFFAOYSA-N,4.954665318893741
CUZDXQPDCKROOY-UHFFFAOYSA-N__MJGDHZDCWVIJAX-UHFFFAOYSA-N,-1.1779283316792204
KRXKNYYWEXZFLB-UHFFFAOYSA-N__BSAOPRXIQMWMIR-SECBINFHSA-N,10.20156156205234
IXXQYVDHJRHGIJ-UHFFFAOYSA-N__ZBULWGFKZMHJLU-UHFFFAOYSA-N,16.59625875135815
XSSZQBUYGSJVQX-UHFFFAOYSA-N__CPOVHNUWNWMBMF-UHFFFAOYSA-N,7.45877975337678
HKMHRYKDXAWLLP-UHFFFAOYSA-N__NYAYUOQQXMPXSV-UHFFFAOYSA-N,4.549338209051785
MGXGHUYBTSQJGQ-UHFFFAOYSA-N__ABMAWPRTPYBBDU-UHFFFAOYSA-N,13.77459302574087
VCMFZTZKBIHUFS-UHFFFAOYSA-N__ZGTLIVDKPRHRFX-UHFFFAOYSA-N,2.156339272192849
RBFYEYXGYMBECO-UHFFFAOYSA-N__PFDZZYCARMPEEG-UHFFFAOYSA-N,4.867634449282964
PFDZZYCARMPEEG-UHFFFAOYSA-N__RBFYEYXGYMBECO-UHFFFAOYSA-N,5.984398867649612
VKPRMEOOFBYMLY-UHFFFAOYSA-N__QTEATMBVKZEMCS-UHFFFAOYSA-N,18.580024852397084
JATJBSMHOZOZFJ-UHFFFAOYSA-N__MTXFWDNRYICUHQ-UHFFFAOYSA-N,7.824983120668315
HDFHDRXKEHDYII-UHFFFAOYSA-N__MZCFRBHKCMTFLL-UHFFFAOYSA-N,7.368374460859561
MZCFRBHKCMTFLL-UHFFFAOYSA-N__HDFHDRXKEHDYII-UHFFFAOYSA-N,5.068072563177807
VNBDQBWYXSYSMY-UHFFFAOYSA-N__FAKVQZXSPFAMCO-UHFFFAOYSA-N,14.538622218665376
FAKVQZXSPFAMCO-UHFFFAOYSA-N__VNBDQBWYXSYSMY-UHFFFAOYSA-N,8.341870788588508
QKIVDUMTHCUACW-UHFFFAOYSA-N__LQESUDCUFBIXDY-UHFFFAOYSA-N,16.527513964133192
UWOYVVRCHLRSPO-UHFFFAOYSA-N__SVZHCLDBJKNOKE-UHFFFAOYSA-N,18.811260298209003
REXKEZKOQUPFFF-UHFFFAOYSA-N__DUPPHORFIAGEPA-UHFFFAOYSA-N,7.431889675887987
LVSFAHMDJNWNST-UHFFFAOYSA-N__UOKDSTQJQPUTTH-UHFFFAOYSA-N,11.913108131561614
LQESUDCUFBIXDY-UHFFFAOYSA-N__QKIVDUMTHCUACW-UHFFFAOYSA-N,6.525556786070807
MEHHADIPXQJEOM-UHFFFAOYSA-N__CHQXOPIYRWAKGI-UHFFFAOYSA-N,-1.6991168903531768
YGDZXAHVTSHQJG-UHFFFAOYSA-N__KQPWHEXYMUOLCC-JMIUGGIZSA-N,8.23326902267446
KQPWHEXYMUOLCC-JMIUGGIZSA-N__YGDZXAHVTSHQJG-UHFFFAOYSA-N,14.607835788962271
HXRAUMHOUCLJJD-UHFFFAOYSA-N__AEYJSULNKPFTAP-UHFFFAOYSA-N,9.420555498004871
ACVIWPZWEJAKIQ-UHFFFAOYSA-N__HCNWEIUNQPINOR-UHFFFAOYSA-N,15.506384238551934
CTSCBBDCQWLNNO-MDZDMXLPSA-N__KEPBOKYUOZJHMW-UHFFFAOYSA-N,12.337787909753064
KEPBOKYUOZJHMW-UHFFFAOYSA-N__CTSCBBDCQWLNNO-MDZDMXLPSA-N,19.346558940698763
MSQLBBLHPXEPNU-UHFFFAOYSA-N__CYDXKVKHWPPFBY-UHFFFAOYSA-N,5.7230889980160455
LUCWDNUUQHWRMW-NSCUHMNNSA-N__ZWWMPCBWNHQSJR-UHFFFAOYSA-N,23.95962911914062
ZWWMPCBWNHQSJR-UHFFFAOYSA-N__LUCWDNUUQHWRMW-NSCUHMNNSA-N,10.246415664584807
CYDXKVKHWPPFBY-UHFFFAOYSA-N__MSQLBBLHPXEPNU-UHFFFAOYSA-N,12.666476209786737
YWUFTLWMALVKLV-UHFFFAOYSA-N__WWEIWWOBTOWVGI-UHFFFAOYSA-N,1.0462217364917898
GIJKNSZMUDKAAR-UHFFFAOYSA-N__VRIZZAUCSVTLQB-UHFFFAOYSA-N,5.4851114917115495
GIMDQVBYTLJOKO-UHFFFAOYSA-N__SWSJMZDATRRKMZ-UHFFFAOYSA-N,4.69464899899103
ZXFHYPQBOBUFLI-UHFFFAOYSA-N__VNHCXXMKHHEHMJ-UHFFFAOYSA-N,1.961334817945212
VQJLNBOREIWNLH-UHFFFAOYSA-N__PTDQMLIYAOHEQV-UHFFFAOYSA-N,15.22673263253824
QPWMIWSKNIKXSC-UHFFFAOYSA-N__YOEVGYQEOVJXFD-UHFFFAOYSA-N,3.3260396486908137
PGIGZUMTFBAOEN-UHFFFAOYSA-N__ZTFWSXHRRVMJEK-UHFFFAOYSA-N,1.854151514063523
ULIVHKYYYVQUMO-UHFFFAOYSA-N__ZFXFKHXTIOETOW-UHFFFAOYSA-N,2.9290413992829585
ZTFWSXHRRVMJEK-UHFFFAOYSA-N__PGIGZUMTFBAOEN-UHFFFAOYSA-N,17.317813545246086
IYVVJZAWIFXQND-UHFFFAOYSA-N__JJRXACIIIPBQKK-UHFFFAOYSA-N,5.3687124678471685
VNXNBNVPQNUKBV-UHFFFAOYSA-N__HTHWEQHAANTZKG-UHFFFAOYSA-N,6.703164909087914
CIAUBFJMQJXXQD-UHFFFAOYSA-N__SARQBHWEKFMHPS-UHFFFAOYSA-N,10.53931439519038
SYHUUTHFMYZULL-UHFFFAOYSA-N__QUFVSOQPZHYUNE-UHFFFAOYSA-N,7.733597055911411
ZFXFKHXTIOETOW-UHFFFAOYSA-N__ULIVHKYYYVQUMO-UHFFFAOYSA-N,6.468035608202023
PTDQMLIYAOHEQV-UHFFFAOYSA-N__VQJLNBOREIWNLH-UHFFFAOYSA-N,18.806651750432884
QUFVSOQPZHYUNE-UHFFFAOYSA-N__SYHUUTHFMYZULL-UHFFFAOYSA-N,17.82577524240497
WZYPASXBEISNLR-UHFFFAOYSA-N__JJWHJTNFIFAWMC-UHFFFAOYSA-N,0.532025882248354
MDNJTHXSOCEIPJ-UHFFFAOYSA-N__ZMHQBMIYPIJWJZ-UHFFFAOYSA-N,5.3736122977893
SCGAVYKABBMLPK-UWLZSVRSSA-N__FEJGPTYZJNOGDJ-UHFFFAOYSA-N,18.342455080186745
JEWYENIYSXMWAK-UHFFFAOYSA-N__QDIFYBIOYGWTLR-UHFFFAOYSA-N,8.101291386639254
ZYWXDAARRZRRQW-UHFFFAOYSA-N__RPFGBQGIFWWWCE-UHFFFAOYSA-N,8.62503973213605
UXDUDZYUTJIJOT-UHFFFAOYSA-N__YDVCAYUZXZECML-UHFFFAOYSA-N,2.745223651075156
MJLLBSOKJNZCMT-UHFFFAOYSA-N__LHVWHPVNVADYCH-UHFFFAOYSA-N,8.212735852840142
LFKQKUSNFIZECZ-SNAWJCMRSA-N__AGZMNSCTDHNPRJ-UHFFFAOYSA-N,9.697386961731086
LBYDSMJFFKOMOP-UHFFFAOYSA-N__YLDIAORQHWLOAI-UHFFFAOYSA-N,8.918242582034814
AGZMNSCTDHNPRJ-UHFFFAOYSA-N__LFKQKUSNFIZECZ-SNAWJCMRSA-N,3.391245893694164
QKRKQYCFKFKSOG-UHFFFAOYSA-N__IGXPWFDHEAIRAQ-UHFFFAOYSA-N,13.856203646687105
MSBNCUGZYUGPSE-GZTJUZNOSA-N__CRQGZXRKUBJILS-UHFFFAOYSA-N,6.228463459954019
AQRHTQIAGRDELP-UHFFFAOYSA-N__XUSJRALATPYNNZ-JXOAFFINSA-N,12.587191492457464
GFJBRTGRTYVAGC-UHFFFAOYSA-N__YGRZOXQXGJZOAR-VPHXOMNUSA-N,4.3021574900889545
NLSKHXRRWKZILN-UHFFFAOYSA-N__GGBJFDSCKAZSQX-UHFFFAOYSA-N,12.965306797057288
GGBJFDSCKAZSQX-UHFFFAOYSA-N__NLSKHXRRWKZILN-UHFFFAOYSA-N,11.652229706369605
BSHGJCGQMBOWCX-UHFFFAOYSA-N__CPCNZPLKBUKXDO-OAHLLOKOSA-N,6.45881130300173
IEXIUDWXGZHVPD-UHFFFAOYSA-N__ZJRPYWGVKXEOJX-UHFFFAOYSA-N,2.8977801190477903
ZJRPYWGVKXEOJX-UHFFFAOYSA-N__IEXIUDWXGZHVPD-UHFFFAOYSA-N,6.804775040236922
KLKKUJWAWLVAAH-UHFFFAOYSA-N__ZLWAKFDNUBDOHU-UHFFFAOYSA-N,4.838311126525882
VQHFIZBBUFCHRZ-UHFFFAOYSA-N__ODXTYYIIJBFAKJ-UHFFFAOYSA-N,6.385547728800245
ODXTYYIIJBFAKJ-UHFFFAOYSA-N__VQHFIZBBUFCHRZ-UHFFFAOYSA-N,10.819988617453202
MKRVONAZYHZQLM-UHFFFAOYSA-N__FIQPDSYJSKBHQR-UHFFFAOYSA-N,3.3988919649801907
KCWQYAKZTDPUNU-UHFFFAOYSA-N__UHGMVJYUJHHABR-UHFFFAOYSA-N,6.706955618061879
ZUUGBTJTGRTIFK-UHFFFAOYSA-N__INZOSOMOQMQZHU-UHFFFAOYSA-N,3.987818067807448
YCBAMZYACJJTNC-UHFFFAOYSA-N__ZYATVADWLPJPAU-UHFFFAOYSA-N,5.17328674803018
NGJFMEISBLSZOG-WTKPLQERSA-N__PJMRMDRCDQIOHO-UHFFFAOYSA-N,5.314836219969958
MFMMFTVFMSLGAM-UHFFFAOYSA-N__BFOXYLVCYJNOBM-FKWGRNQDSA-N,4.791658513040986
NTGWDQXRKUTMOQ-UHFFFAOYSA-N__IEKVYYQAEPIYBN-UHFFFAOYSA-N,11.529944525396624
PJMRMDRCDQIOHO-UHFFFAOYSA-N__NGJFMEISBLSZOG-WTKPLQERSA-N,12.707323347932531
BFOXYLVCYJNOBM-FKWGRNQDSA-N__MFMMFTVFMSLGAM-UHFFFAOYSA-N,1.677476248208102
IEKVYYQAEPIYBN-UHFFFAOYSA-N__NTGWDQXRKUTMOQ-UHFFFAOYSA-N,10.455288734833546
DZPUDASEDNLXER-UHFFFAOYSA-N__AMPNCCBPCSVJER-UHFFFAOYSA-N,7.279080379845203
BKUPHSQHNKUFFD-UHFFFAOYSA-N__LPHNJXHUABQCIJ-UHFFFAOYSA-N,3.522085014861784
AMPNCCBPCSVJER-UHFFFAOYSA-N__DZPUDASEDNLXER-UHFFFAOYSA-N,2.5226207487490724
OYQOCQDMBQOENM-UHFFFAOYSA-N__BMIPSQBOXZEKFL-UHFFFAOYSA-N,5.281500495752389
DHNIGAXNAIEKOY-UHFFFAOYSA-N__PHUJCBFFJJYQPL-UHFFFAOYSA-N,2.2698869281555867
KINNIEOBQSTCFI-JHHIBIJLSA-N__JNSIVVQGSXLVNF-UHFFFAOYSA-N,26.67166987126104
BMIPSQBOXZEKFL-UHFFFAOYSA-N__OYQOCQDMBQOENM-UHFFFAOYSA-N,6.65970910310353
IKNALVVCZSACRL-UHFFFAOYSA-N__OPCDRZOUJCZCQL-UHFFFAOYSA-N,15.00142779288002
AEVHUFJVSIXURJ-UHFFFAOYSA-N__CPJQBFKGMOOZHY-UHFFFAOYSA-N,14.639504449447342
CPJQBFKGMOOZHY-UHFFFAOYSA-N__AEVHUFJVSIXURJ-UHFFFAOYSA-N,7.904109972166251
OPCDRZOUJCZCQL-UHFFFAOYSA-N__IKNALVVCZSACRL-UHFFFAOYSA-N,4.883333146064067
OUZOHGKJLABKFM-UHFFFAOYSA-N__DHPPXMXBVNDJTQ-UHFFFAOYSA-N,14.614746258988935
BLUSXJLREUZROL-UHFFFAOYSA-N__JPIGKZAIPJQTPI-UHFFFAOYSA-N,-0.3632334111983892
PQKPLLKCVZKMEP-UHFFFAOYSA-N__NPNGOZRGZSHGKF-UHFFFAOYSA-N,9.629111615186202
DHPPXMXBVNDJTQ-UHFFFAOYSA-N__OUZOHGKJLABKFM-UHFFFAOYSA-N,12.939222334906432
LYMMGLDZANCEGF-UHFFFAOYSA-N__ZIIHITMYNJROFO-UHFFFAOYSA-N,9.846833722607638
WDQKLTJTLKXMFS-UHFFFAOYSA-N__RZXBAPGBXDGXQV-UHFFFAOYSA-N,11.731222081212866
IULKFNUYSZGMNW-UHFFFAOYSA-N__STDNICFPSOETRR-UHFFFAOYSA-N,10.733512094664505
YOGQDNMRNNZONT-UHFFFAOYSA-N__XTQAXESWLDLFBY-UHFFFAOYSA-N,10.114796387886866
JPIGKZAIPJQTPI-UHFFFAOYSA-N__BLUSXJLREUZROL-UHFFFAOYSA-N,-0.766462013579687
NPNGOZRGZSHGKF-UHFFFAOYSA-N__PQKPLLKCVZKMEP-UHFFFAOYSA-N,4.482142701864129
FBASFHRZAWVYQU-UHFFFAOYSA-N__ZGLMXPPJWMMDFS-UHFFFAOYSA-N,0.1955914455565397
ZGLMXPPJWMMDFS-UHFFFAOYSA-N__FBASFHRZAWVYQU-UHFFFAOYSA-N,14.802271916971492
XTQAXESWLDLFBY-UHFFFAOYSA-N__YOGQDNMRNNZONT-UHFFFAOYSA-N,7.500437195867626
QGDTYVKMPDBEOP-UHFFFAOYSA-N__HMFMMCZEHAYZIP-UHFFFAOYSA-N,-5.520399341445359
TZAFCCJJERWCPG-NSCUHMNNSA-N__CVHGKQORAUICLG-UHFFFAOYSA-N,5.431784447287602
UUOOEJLKYOECGV-UHFFFAOYSA-N__AMXZFJMWLBPVRU-UHFFFAOYSA-N,17.489644654415365
ACPBSWCRLZZQHU-CQSZACIVSA-N__BXPDTSSMWOBJED-UHFFFAOYSA-N,15.38070745767407
ZNMPKBIPHORQAZ-UHFFFAOYSA-N__ZVFWSHGHKWOSEO-UHFFFAOYSA-N,9.135166395412792
RHJRYZPQSVOKLZ-UHFFFAOYSA-N__BMBUASQQWUXWAB-UHFFFAOYSA-N,8.43596123177488
RMOGEDZZZBNKFR-SNVBAGLBSA-N__GNIKFBRAEJGDGL-UHFFFAOYSA-N,25.15059599627918
XBUHYTXQIKNGFY-UHFFFAOYSA-N__VBGCORPPGAPTGI-UHFFFAOYSA-N,10.260011835918116
VBGCORPPGAPTGI-UHFFFAOYSA-N__XBUHYTXQIKNGFY-UHFFFAOYSA-N,16.78816361802739
GNIKFBRAEJGDGL-UHFFFAOYSA-N__RMOGEDZZZBNKFR-SNVBAGLBSA-N,15.678102189326893
BDHIBJIGOOTZMS-UHFFFAOYSA-N__KRJBCDNSYUPOJU-ZDUSSCGKSA-N,7.206310668782753
KRJBCDNSYUPOJU-ZDUSSCGKSA-N__BDHIBJIGOOTZMS-UHFFFAOYSA-N,10.19485696310822
BMBUASQQWUXWAB-UHFFFAOYSA-N__RHJRYZPQSVOKLZ-UHFFFAOYSA-N,10.987434085746347
DEFFPCKNNNFXEG-IZZDOVSWSA-N__KGUOIIWRGHKJDF-UHFFFAOYSA-N,9.42745946864022
MGCFGUKZOQKUSP-UHFFFAOYSA-N__JYGPREUTAYOPAU-UHFFFAOYSA-N,8.979847300039609
KTCRNXDHETWCBV-UHFFFAOYSA-N__LDNZFRWWDGXECV-UHFFFAOYSA-N,12.226571679945906
IUIJEIVZAYQUPS-UHFFFAOYSA-N__TYLPXMKTCGADHU-UHFFFAOYSA-N,9.532566594488635
LJNRJIKCVPVLAU-UHFFFAOYSA-N__ULJLVGNYDGXFLI-UHFFFAOYSA-N,10.16557682946813
TYLPXMKTCGADHU-UHFFFAOYSA-N__IUIJEIVZAYQUPS-UHFFFAOYSA-N,8.202114050522962
KGUOIIWRGHKJDF-UHFFFAOYSA-N__DEFFPCKNNNFXEG-IZZDOVSWSA-N,7.661189884898915
ULJLVGNYDGXFLI-UHFFFAOYSA-N__LJNRJIKCVPVLAU-UHFFFAOYSA-N,18.491614146849507
NLNIBKPGQZHZLA-UHFFFAOYSA-N__XAUFXPZCLGDYKV-UHFFFAOYSA-N,3.4100620003184954
PWSYBTCJFFJAQO-UHFFFAOYSA-N__SPJDFQRWAVZKOQ-UHFFFAOYSA-N,5.483832705846917
IXEGLGIIHUAPTH-UHFFFAOYSA-N__VJQHDDJVBPJRIK-UHFFFAOYSA-N,5.348162150977027
YBUNFPZHXACSJP-UHFFFAOYSA-N__GDIQHKIGHKFMGW-UHFFFAOYSA-N,7.125653635848557
BABUCKCQRABTDO-UHFFFAOYSA-N__BXBWUXNGBQZUCM-UHFFFAOYSA-N,3.90300089437575
BXBWUXNGBQZUCM-UHFFFAOYSA-N__BABUCKCQRABTDO-UHFFFAOYSA-N,3.618048085318323
RXBZGKJSDIJXLX-UHFFFAOYSA-N__VOKDJFRKXVYPLV-UHFFFAOYSA-N,10.185006451238632
ANNWKGDVQFISPK-UHFFFAOYSA-N__BRCBRUGOFKGAQZ-QGZVFWFLSA-N,15.12514994650568
PDAONFPMUKQOGK-UHFFFAOYSA-N__ODMRQARNLBXKBH-UHFFFAOYSA-N,8.303982817424988
GMJLTVLMPGJATB-UHFFFAOYSA-N__CUVXSGWOXXDSJS-UHFFFAOYSA-N,7.145047721525537
ODMRQARNLBXKBH-UHFFFAOYSA-N__PDAONFPMUKQOGK-UHFFFAOYSA-N,13.951069689230962
RZCNAMQXSDRUDM-SWLSCSKDSA-N__BOYRKJUOPYVFAC-UHFFFAOYSA-N,9.297555822867764
MILHUGHQGAKREB-UHFFFAOYSA-N__DJMPNQYLNHTTFJ-UHFFFAOYSA-N,8.255831354485288
BAUUMSJGRIPVBL-UHFFFAOYSA-N__DCZJJBASQSMYHA-QAZZFAKDSA-N,15.397295645149702
CUVXSGWOXXDSJS-UHFFFAOYSA-N__GMJLTVLMPGJATB-UHFFFAOYSA-N,9.754509203957278
DJMPNQYLNHTTFJ-UHFFFAOYSA-N__MILHUGHQGAKREB-UHFFFAOYSA-N,5.90817493131407
JYIJFNMNINGVKC-UHFFFAOYSA-N__SWSJMZDATRRKMZ-UHFFFAOYSA-N,7.435547943382467
SWSJMZDATRRKMZ-UHFFFAOYSA-N__JYIJFNMNINGVKC-UHFFFAOYSA-N,11.311734845416556
DCZJJBASQSMYHA-QAZZFAKDSA-N__BAUUMSJGRIPVBL-UHFFFAOYSA-N,2.617854191208259
WBPKPIGNLJVSLR-UHFFFAOYSA-N__CWYPZSAVVGXBIV-UHFFFAOYSA-N,9.2455131276533
ZOPCGIAGLDYKQL-UHFFFAOYSA-N__ZNGUHSYODSSZCF-UHFFFAOYSA-N,3.76411031204614
BRCBRUGOFKGAQZ-UHFFFAOYSA-N__ZXFDJKWZKMOCFV-UHFFFAOYSA-N,10.30287498002538
IQXHIPKNKSDIAX-UHFFFAOYSA-N__AJTLOFPNCMFAFA-UHFFFAOYSA-N,11.470868014470897
JGUAXLXODBEHFY-UHFFFAOYSA-N__SLELSDLPIQSMRL-UHFFFAOYSA-N,6.978277378085343
YFTKXCCXRRYZDJ-UHFFFAOYSA-N__JKBMMFQRIDQUBN-UHFFFAOYSA-N,-2.68553613137629
LSBGCXYIPDHQAD-UHFFFAOYSA-N__ZWOURDWSVHROKB-UHFFFAOYSA-N,9.92164245349075
AECBRRBZPHMDGU-UHFFFAOYSA-N__FAPKTLKSMZVKPX-UHFFFAOYSA-N,8.895072557099938
ZWOURDWSVHROKB-UHFFFAOYSA-N__LSBGCXYIPDHQAD-UHFFFAOYSA-N,3.17771265535684
JKBMMFQRIDQUBN-UHFFFAOYSA-N__YFTKXCCXRRYZDJ-UHFFFAOYSA-N,0.7241838062731162
DWSMPWFBTVQQNR-XNTDXEJSSA-N__YDWHZWCDCGVSQP-UHFFFAOYSA-N,9.825956442087922
CZKWWHKKYWAPSA-UHFFFAOYSA-N__UICGNBTUPVUFEY-UHFFFAOYSA-N,8.065815185108585
PVCHYNAHGWAEDB-UHFFFAOYSA-N__GKNYKGRAYBEVCP-UHFFFAOYSA-N,13.180184853448509
DDKVORFUJXUFKH-UHFFFAOYSA-N__YAUVGIVCJWZOHH-UHFFFAOYSA-N,0.8433899024454515
DIXQECLPRSNVSZ-UHFFFAOYSA-N__QISJVRLCFRFTEF-UHFFFAOYSA-N,-4.059741704651565
IWYJLBUCLTWLNP-UHFFFAOYSA-N__VXENHVARWXTNRL-UHFFFAOYSA-N,11.383415690240914
OZAHFDHOHYGNMD-UHFFFAOYSA-N__DDKZBXCIQRFKOZ-UHFFFAOYSA-N,14.000718344692668
UISDXZGTPMXKMW-UHFFFAOYSA-N__JMKVIGKBPYUUTQ-UHFFFAOYSA-N,-0.0730442715191415
PTDRBHYQZCDMTC-YPIYEQTHSA-N__YXOKXDSZKRUPAZ-UHFFFAOYSA-N,4.28626693517124
QISJVRLCFRFTEF-UHFFFAOYSA-N__DIXQECLPRSNVSZ-UHFFFAOYSA-N,4.2992001456899525
YXOKXDSZKRUPAZ-UHFFFAOYSA-N__PTDRBHYQZCDMTC-YPIYEQTHSA-N,6.819063410121932
DDKZBXCIQRFKOZ-UHFFFAOYSA-N__OZAHFDHOHYGNMD-UHFFFAOYSA-N,6.850519251193237
JMKVIGKBPYUUTQ-UHFFFAOYSA-N__UISDXZGTPMXKMW-UHFFFAOYSA-N,10.345645728406115
PLTOJRWJSKXEIH-UHFFFAOYSA-N__VMTRXUJWHHNEDZ-UHFFFAOYSA-N,8.154640437821719
KLYXVKDSFXQAKR-OUKQBFOZSA-N__OPCZWHDJCISWJJ-UHFFFAOYSA-N,9.209191925564792
AMPUHRYDQHTDJV-UHFFFAOYSA-N__RODVEMSXYQSXQR-UHFFFAOYSA-N,6.642210599344073
OPCZWHDJCISWJJ-UHFFFAOYSA-N__KLYXVKDSFXQAKR-OUKQBFOZSA-N,3.665588337950608
HAQXPBTWPOUDHG-UHFFFAOYSA-N__XAEBLSVZPIGTTK-UHFFFAOYSA-N,6.108124586969549
WAEQSZYTTWLNEC-UHFFFAOYSA-N__ABEGFTOQWDEXGT-RZHJWEHMSA-N,15.41368868009882
ABEGFTOQWDEXGT-RZHJWEHMSA-N__WAEQSZYTTWLNEC-UHFFFAOYSA-N,12.296221774917656
LMHTZGICTMJTJZ-SECBINFHSA-N__YNLOEJPTEMCTPB-UHFFFAOYSA-N,19.23111604317958
YNLOEJPTEMCTPB-UHFFFAOYSA-N__LMHTZGICTMJTJZ-SECBINFHSA-N,15.84048284708014
QIDZSYZQYOITCV-UHFFFAOYSA-N__VSJUNORYUVVHBK-UHFFFAOYSA-N,10.961148330729706
FXXKCODLXWBDQM-UHFFFAOYSA-N__XLAUHFFTAYGGRL-UHFFFAOYSA-N,13.111810480449634
XLAUHFFTAYGGRL-UHFFFAOYSA-N__FXXKCODLXWBDQM-UHFFFAOYSA-N,3.792427262074293
YZMURYPTTCSUNU-UHFFFAOYSA-N__CHRKOOADIPYFAB-UHFFFAOYSA-N,-3.057168876228816
GLPVBKVWXRYYGS-UHFFFAOYSA-N__XFDWJKLWRBZBIB-UHFFFAOYSA-N,1.1984455515556602
VSJUNORYUVVHBK-UHFFFAOYSA-N__QIDZSYZQYOITCV-UHFFFAOYSA-N,10.696550219241118
YXOCOFRHIXJKHG-UHFFFAOYSA-N__RGVGOUASTIZUGK-UHFFFAOYSA-N,2.258068503180738
WEWUHFLNFUYNPM-UHFFFAOYSA-N__RDVJYMRYBSGZJD-UHFFFAOYSA-N,7.422725346789712
RGVGOUASTIZUGK-UHFFFAOYSA-N__YXOCOFRHIXJKHG-UHFFFAOYSA-N,-0.6381554351533628
RDVJYMRYBSGZJD-UHFFFAOYSA-N__WEWUHFLNFUYNPM-UHFFFAOYSA-N,5.957915089473592
RYKLHFRNQYWPQZ-UHFFFAOYSA-N__OAHJNKWWWDUEQS-UHFFFAOYSA-N,1.4152038080548444
LTRRZJRQJBPBLI-UHFFFAOYSA-N__LHPRNSKHFZPBLF-UHFFFAOYSA-N,0.8268308001829302
HNTBXCOTUDDNEI-UHFFFAOYSA-N__XOXDNTDGAIVROH-UHFFFAOYSA-N,13.251451716901418
BKYGZWYBDGHTDO-IBGZPJMESA-N__WRDCWFBIAMEBLF-UHFFFAOYSA-N,12.03513610186078
QLSNHLNKKURCMN-UHFFFAOYSA-N__VNRIGTINNWVQES-UHFFFAOYSA-N,8.36054402602874
VNRIGTINNWVQES-UHFFFAOYSA-N__QLSNHLNKKURCMN-UHFFFAOYSA-N,10.785782954719114
KWTFUZKKXVGIQD-UHFFFAOYSA-N__MQWRKYRXBOAZJT-UHFFFAOYSA-N,5.122710447618286
MQWRKYRXBOAZJT-UHFFFAOYSA-N__KWTFUZKKXVGIQD-UHFFFAOYSA-N,17.394531816417885
WRDCWFBIAMEBLF-UHFFFAOYSA-N__BKYGZWYBDGHTDO-IBGZPJMESA-N,7.240076464797256
PKWHXZLXAMWHHS-UHFFFAOYSA-N__ULJMUXZWPPTHFC-UHFFFAOYSA-N,7.90847582366031
YPWSGZVBJNQMHL-UHFFFAOYSA-N__FDLXGUBSZCJEGE-WZTLGTBRSA-N,21.101749053826943
PRKNNUBFIAXWMI-UHFFFAOYSA-N__YXXFXRWQFSKPNC-UHFFFAOYSA-N,7.372421122790761
ZLQGITSKRNWIOT-UHFFFAOYSA-N__HXRNIYMNTVKMEO-UHFFFAOYSA-N,4.939293556084954
GRLNIOTWRCIHGU-UHFFFAOYSA-N__ZFICWEFKSWTQHF-OPVMPGTRSA-N,0.4966509371038832
HXRNIYMNTVKMEO-UHFFFAOYSA-N__ZLQGITSKRNWIOT-UHFFFAOYSA-N,15.80335268653887
NHFYSYZFGHVTMX-UHFFFAOYSA-N__JRTYWRGNMXIUCT-UHFFFAOYSA-N,13.785624466276614
GUGOYWVZSBJPPJ-UHFFFAOYSA-N__LRUAAUQKSYOPFG-UHFFFAOYSA-N,7.313965220732464
ANCJMJLYTZZZSR-UHFFFAOYSA-N__WFJIPVAAEGMHKE-UHFFFAOYSA-N,8.70234815388951
RGFCDQAMOOUSJY-UHFFFAOYSA-N__APZPUTTUUIROIN-KRWDZBQOSA-N,6.506275757771321
APZPUTTUUIROIN-KRWDZBQOSA-N__RGFCDQAMOOUSJY-UHFFFAOYSA-N,11.961444303485823
CKHRUSQNNGUXCQ-UHFFFAOYSA-N__KNIGIFWBHGECDA-UHFFFAOYSA-N,9.490856777340731
KNIGIFWBHGECDA-UHFFFAOYSA-N__CKHRUSQNNGUXCQ-UHFFFAOYSA-N,12.83365431521486
YMECWUIIHCJPDA-UHFFFAOYSA-N__ZEIQPSPPHWIOTC-UHFFFAOYSA-N,11.879349877280855
ZEIQPSPPHWIOTC-UHFFFAOYSA-N__YMECWUIIHCJPDA-UHFFFAOYSA-N,10.009516860413491
HYAHTAXCLZRFJD-UHFFFAOYSA-N__SAIOUSWUIVBSTH-UHFFFAOYSA-N,-1.214491255551292
SAIOUSWUIVBSTH-UHFFFAOYSA-N__HYAHTAXCLZRFJD-UHFFFAOYSA-N,6.667121485869358
IQJFZIKQIHGAFT-UHFFFAOYSA-N__YKGKSQIRQBMGQW-UHFFFAOYSA-N,13.312581854424302
WILLGJVZGSBPHG-UHFFFAOYSA-N__KKXQYXBWVDZIKH-UHFFFAOYSA-N,11.53354923442526
MOWOESFWAMHGPC-CALCHBBNSA-N__IWGSWVGHXIHEHR-UHFFFAOYSA-N,11.079423931080049
IWGSWVGHXIHEHR-UHFFFAOYSA-N__MOWOESFWAMHGPC-CALCHBBNSA-N,4.699740935260131
HMHLNWSGFGWADI-UHFFFAOYSA-N__TUGNZWUEPPVKHC-UHFFFAOYSA-N,12.148449541319176
MDRJVNMNXUMBDY-UHFFFAOYSA-N__QWVFYZAYKGIEFP-UHFFFAOYSA-N,11.546194686310551
IYWVWQMAAICHEP-UHFFFAOYSA-N__AKHRLBWJVADTSK-UHFFFAOYSA-N,5.046591241263836
YKGKSQIRQBMGQW-UHFFFAOYSA-N__IQJFZIKQIHGAFT-UHFFFAOYSA-N,14.317132549605503
FXNRQHOAFZRSQW-UHFFFAOYSA-N__YLDRCSLYZBIAGM-UHFFFAOYSA-N,14.886156793542469
AGOREGKALWDODW-UHFFFAOYSA-N__UNINEOVGFNPSGX-UHFFFAOYSA-N,6.201772176876672
UNINEOVGFNPSGX-UHFFFAOYSA-N__AGOREGKALWDODW-UHFFFAOYSA-N,6.669123489942519
QDLDJKGZBQFUNB-UHFFFAOYSA-N__VMMXKMUKBSVZFO-UHFFFAOYSA-N,7.364715314318928
WVEIPTSPPLPYMA-UHFFFAOYSA-N__KUELDXMAKPXWHI-UHFFFAOYSA-N,4.555630839327684
AKHRLBWJVADTSK-UHFFFAOYSA-N__IYWVWQMAAICHEP-UHFFFAOYSA-N,5.64879061306508
JJEPPXSQPSJWLV-UHFFFAOYSA-N__AJKWEHGAJASCDG-UHFFFAOYSA-N,5.528934077099702
AJKWEHGAJASCDG-UHFFFAOYSA-N__JJEPPXSQPSJWLV-UHFFFAOYSA-N,10.063902123739906
KPFWORARUGMEIZ-UHFFFAOYSA-N__CICHAZZIQZPTMA-UHFFFAOYSA-N,12.759764733452815
YVALYSNZYQUWKV-UHFFFAOYSA-N__VSDWDGWNUMZRGI-UHFFFAOYSA-N,16.39975380620359
QMMWWMHLTDQVAD-UHFFFAOYSA-N__SQWIGJZIQFBGQM-UHFFFAOYSA-N,15.833298256333878
WENFXKIXMGOAAU-UHFFFAOYSA-N__KVRDZGPGQHJMDI-PKOBYXMFSA-N,14.702738404020891
KVRDZGPGQHJMDI-PKOBYXMFSA-N__WENFXKIXMGOAAU-UHFFFAOYSA-N,19.935302665918584
CTPMBWKRKRBPEL-UHFFFAOYSA-N__SEGXVZSIOAYCCG-UHFFFAOYSA-N,4.950882589678467
RPIYMNCMGQDOJN-WPRPVWTQSA-N__KIHPMFPRBVHZJM-UHFFFAOYSA-N,10.734644050286873
SEGXVZSIOAYCCG-UHFFFAOYSA-N__CTPMBWKRKRBPEL-UHFFFAOYSA-N,6.959631682355336
JJFJUQXGDIHJNN-UHFFFAOYSA-N__RKRPQCQEHCRJSJ-UHFFFAOYSA-N,8.65133499400617
FRIYHVYKMQDPDP-UHFFFAOYSA-N__JMAFFXXMWFDISF-UHFFFAOYSA-N,4.646576178650626
JMAFFXXMWFDISF-UHFFFAOYSA-N__FRIYHVYKMQDPDP-UHFFFAOYSA-N,-1.4772415595187265
AYQURWPXTYOSOH-UHFFFAOYSA-N__GTXAHSJCVIYMJT-UHFFFAOYSA-N,0.0877222433343961
RDKHXBPLZZFNGB-UHFFFAOYSA-N__QUOJOEMVLXEFNC-UHFFFAOYSA-N,5.440554454915189
RFKIFKLSSNOPOL-UHFFFAOYSA-N__HNFMTFDSWOSUNH-WMLDXEAASA-N,0.7584797951015287
HNFMTFDSWOSUNH-WMLDXEAASA-N__RFKIFKLSSNOPOL-UHFFFAOYSA-N,5.215355025960213
NPSQGOIVEIUWQI-UHFFFAOYSA-N__JMZCBGJQBNQABX-UHFFFAOYSA-N,3.751485807598126
HHQSTQZVKPFVNL-UHFFFAOYSA-N__DATXYELGYDZZTP-UHFFFAOYSA-N,13.523228668025675
DATXYELGYDZZTP-UHFFFAOYSA-N__HHQSTQZVKPFVNL-UHFFFAOYSA-N,17.616374357232793
OUJMZZKDTIHAMX-UHFFFAOYSA-N__RFBUIHKFNSZYCD-UHFFFAOYSA-N,10.8130279608967
QEHQBTNICIDJFL-UHFFFAOYSA-N__DRAAXVIBUTXXRR-UHFFFAOYSA-N,8.74483910256436
RFBUIHKFNSZYCD-UHFFFAOYSA-N__OUJMZZKDTIHAMX-UHFFFAOYSA-N,9.605354984532788
DZGMBBPPVCVYNF-UHFFFAOYSA-N__XSUIXPVXXBLQHX-UHFFFAOYSA-N,4.656330717542402
OIIHAUYKICHNQI-UHFFFAOYSA-N__NONSLAHHIUTILS-UHFFFAOYSA-N,1.549701521740015
OKBOSFRIUWLFOR-UHFFFAOYSA-N__GCGICYOIXRYVPW-UHFFFAOYSA-N,10.93598509496545
AUFBODLSRYCLPT-NSHDSACASA-N__SYABSDSIKWVSGG-UHFFFAOYSA-N,12.31908383321645
ZQJYJPBYNJWKBA-UHFFFAOYSA-N__IPZSDYRKNCPMCF-UHFFFAOYSA-N,1.7960500546575429
NONSLAHHIUTILS-UHFFFAOYSA-N__OIIHAUYKICHNQI-UHFFFAOYSA-N,12.947837064830862
IPZSDYRKNCPMCF-UHFFFAOYSA-N__ZQJYJPBYNJWKBA-UHFFFAOYSA-N,2.8534717069229085
BXAKAHXEUKDKRE-UHFFFAOYSA-N__AYEBVWGVDLZDAM-UHFFFAOYSA-N,1.4892138097231324
ARKUUUBCVVWBPN-UHFFFAOYSA-N__KCQNDXYPUDGNKY-UHFFFAOYSA-N,0.6548108606709722
IWTQEBZOMNHAJX-UHFFFAOYSA-N__SDNHGMGTFNKOGT-UHFFFAOYSA-N,-1.2037514133585252
SDNHGMGTFNKOGT-UHFFFAOYSA-N__IWTQEBZOMNHAJX-UHFFFAOYSA-N,4.467183108544447
SAQKYHXAJSOVIQ-UHFFFAOYSA-N__FXUBVBZMUMBNME-UHFFFAOYSA-N,3.755846060434248
AQKKAJDIBSAXQR-UHFFFAOYSA-N__SZALHDIYJICFPT-UHFFFAOYSA-N,2.8606501238002995
IYMRZQKEGDKLAP-UHFFFAOYSA-N__NCPDWMLGMNINMS-UHFFFAOYSA-N,7.383509053206527
GDFZQLLKBBGJSX-UHFFFAOYSA-N__OGLYCNQKIHFKSD-UHFFFAOYSA-N,5.647247913104149
VWRBZOMHNKMTRP-UHFFFAOYSA-N__ZORFQZSEPOGNNH-UHFFFAOYSA-N,10.399686995903837
FNJKEJOWHGHXQE-NITZZGMLSA-N__MBPHSEKNNADBOT-UHFFFAOYSA-N,6.206555254765095
NJOVVXGNFCFGTF-UHFFFAOYSA-N__OIRNMSFNTWAIMN-UHFFFAOYSA-N,7.355996902462997
BTQMDLVCEBQGSE-UHFFFAOYSA-N__PSQJJMWXNFHILK-UHFFFAOYSA-N,9.078253876962505
OGLYCNQKIHFKSD-UHFFFAOYSA-N__GDFZQLLKBBGJSX-UHFFFAOYSA-N,0.7606503460374485
QGZBDARGEUMWDB-UHFFFAOYSA-N__NQFIAVOTJLTSHY-UHFFFAOYSA-N,5.928768173059447
JRVZZLPIUSWKMJ-UHFFFAOYSA-N__IJRDMMYFSKHCFT-UHFFFAOYSA-N,0.244374972857441
NQFIAVOTJLTSHY-UHFFFAOYSA-N__QGZBDARGEUMWDB-UHFFFAOYSA-N,0.1206850234821303
QUHIKOPMIAJXQC-UHFFFAOYSA-N__UEYSKSCMBFTNAT-UHFFFAOYSA-N,6.282301033010743
SWSJMZDATRRKMZ-UHFFFAOYSA-N__ATASMJFQRQWXNP-UHFFFAOYSA-N,14.802685584876878
XZEYVIYNVBORHB-UHFFFAOYSA-N__FCSYGMXDXMYCGX-UHFFFAOYSA-N,1.2364775038017854
KXRAXZVRJHVBLX-UHFFFAOYSA-N__FLLHGXVFJYDOIM-UHFFFAOYSA-N,1.3419062869200469
FNJZGMGFZPRPSI-UHFFFAOYSA-N__NNEVQIAYORUJGV-UHFFFAOYSA-N,4.814737996507381
NNEVQIAYORUJGV-UHFFFAOYSA-N__FNJZGMGFZPRPSI-UHFFFAOYSA-N,1.1073068449075494
CGSSEGAYRGNUOL-UHFFFAOYSA-N__TVAYXKLCEILMEA-UHFFFAOYSA-N,7.078824673734434
AGYSFDRXCISIMZ-UHFFFAOYSA-N__UWOLDYFWCUXLGG-UHFFFAOYSA-N,6.072957529819885
VJKHAGPCDWMBBT-UHFFFAOYSA-N__QXPOAOGLUIEYST-UHFFFAOYSA-N,8.66435720684219
QXPOAOGLUIEYST-UHFFFAOYSA-N__VJKHAGPCDWMBBT-UHFFFAOYSA-N,1.5621985819025863
XFMALEMAJOQTQH-UHFFFAOYSA-N__OJYOXEAOVJKWQT-UHFFFAOYSA-N,9.48168376350616
OJYOXEAOVJKWQT-UHFFFAOYSA-N__XFMALEMAJOQTQH-UHFFFAOYSA-N,10.489865729791276
YWSTVGAPRGFXCS-UHFFFAOYSA-N__KJTOVGYDPWUUNQ-UHFFFAOYSA-N,8.214861277433107
VSVIXPQJWCVPPA-UHFFFAOYSA-N__WZNVUVASHYHTEG-UHFFFAOYSA-N,-1.6916103658249024
XUGDKMSBFUNPAT-UHFFFAOYSA-N__OQUTVBJUSOBKKN-UHFFFAOYSA-N,4.929933000514315
DHALMWMWFSBMGE-UHFFFAOYSA-N__NGSRUBNPADDFMF-UHFFFAOYSA-N,3.7610319979981854
OQUTVBJUSOBKKN-UHFFFAOYSA-N__XUGDKMSBFUNPAT-UHFFFAOYSA-N,9.410912345503895
PNZIXISEXCPEQV-UHFFFAOYSA-N__DOPYBWXMMZDYJR-UHFFFAOYSA-N,4.439236600921507
SEBGHNGVCVSWID-UHFFFAOYSA-N__KYCVAVHRZNCCDL-UHFFFAOYSA-N,4.048034572755361
GYNIZSOEXVXECH-QGOAFFKASA-N__BJIOZNGHZOHWDN-UHFFFAOYSA-N,8.441681248161661
KYCVAVHRZNCCDL-UHFFFAOYSA-N__SEBGHNGVCVSWID-UHFFFAOYSA-N,9.078780333152531
WDNBOIVQZPPTAH-UHFFFAOYSA-N__RYNKZJJDQDTKPQ-UHFFFAOYSA-N,3.761893008938516
BJIOZNGHZOHWDN-UHFFFAOYSA-N__GYNIZSOEXVXECH-QGOAFFKASA-N,8.356357387875589
HNHMKUIDFBVQLP-UHFFFAOYSA-N__MDCMYYVQAFSWMX-UHFFFAOYSA-N,8.995234002352635
MAIKGTBVCOUYTE-MRXNPFEDSA-N__DTVILWHCHUHGAV-UHFFFAOYSA-N,6.34432742728678
MDCMYYVQAFSWMX-UHFFFAOYSA-N__HNHMKUIDFBVQLP-UHFFFAOYSA-N,10.830629967097304
DTVILWHCHUHGAV-UHFFFAOYSA-N__MAIKGTBVCOUYTE-MRXNPFEDSA-N,5.215824432183275
IHMGWZYIJNTURM-UHFFFAOYSA-N__UINPKWRXUAPAMB-UHFFFAOYSA-N,4.142799513077828
YLOKCKRQRUAURL-NRFANRHFSA-N__MDDCXIMUTMGVNZ-UHFFFAOYSA-N,20.61672036259501
FFDNWDGCMGQGGC-UHFFFAOYSA-N__SCZFZSJLEGINNZ-UHFFFAOYSA-N,6.50780579602907
MDDCXIMUTMGVNZ-UHFFFAOYSA-N__YLOKCKRQRUAURL-NRFANRHFSA-N,8.564984856253012
WLHUDFOVMNSELN-UHFFFAOYSA-N__IWMHPTYNURWUEH-GQCTYLIASA-N,-3.193476574908471
CJHVSQCXPVBGRI-UHFFFAOYSA-N__OKIIHMYWZZOVHS-UHFFFAOYSA-N,7.437779242029171
XOIKZLJYBYQBLH-UHFFFAOYSA-N__JMZBSVKYVRUBNH-UHFFFAOYSA-N,7.396397050419353
JMZBSVKYVRUBNH-UHFFFAOYSA-N__XOIKZLJYBYQBLH-UHFFFAOYSA-N,6.1674031781358725
JYWPZRFBULNWRN-UHFFFAOYSA-N__ALZNSGPSOIGSIV-UHFFFAOYSA-N,2.41949081300331
XRDQATKQMODLQZ-UHFFFAOYSA-N__RWXXWRTZIMGXMT-UHFFFAOYSA-N,19.747799413054693
OUHFPEBJQCFZLG-UHFFFAOYSA-N__VVHGMTFPIQFVBI-UHFFFAOYSA-N,-0.439230845476429
IHMGWZYIJNTURM-UHFFFAOYSA-N__XTAKODOJKWYJHU-UHFFFAOYSA-N,8.876337827092499
JHVZINRAKZUORW-UHFFFAOYSA-N__DMLIBWJCOQNJMU-UHFFFAOYSA-N,4.572548046744591
IWMHPTYNURWUEH-GQCTYLIASA-N__WLHUDFOVMNSELN-UHFFFAOYSA-N,6.038558082923535
VBLDBBOISUAEDZ-UHFFFAOYSA-N__RTLJYRNJNGLTQC-UHFFFAOYSA-N,9.179365460673775
XTAKODOJKWYJHU-UHFFFAOYSA-N__IHMGWZYIJNTURM-UHFFFAOYSA-N,10.219399398101606
