id,dG_true,pred_gnn_gnn_attentive_full_seed0,pred_gnn_gnn_default_full_seed0
10000,3.1914225,2.942823,3.211413
100000,4.6140656,4.5395465,4.670264
100007,7.3753395,7.208149,6.2502584
10001,3.140081,2.8968782,3.1451912
100017,-4.393177,-4.676857,-4.9043818
100018,5.047232,6.0617948,6.2414293
100019,16.310404,18.119099,17.401348
100029,110.18817,109.821434,110.46342
100030,2.1007285,1.5431423,1.3798237
100040,-33.01204,-34.475266,-34.07076
100041,-33.388,-34.21187,-33.862206
100043,24.293962,23.76364,22.256474
100045,8.925964,8.110389,7.671024
100048,-5.5107307,-5.8119235,-5.195585
100056,-1.3793602,-1.2163467,-1.728756
100072,5.9581547,5.641007,5.0563765
100081,-0.39944315,-0.12271452,-0.7829943
100104,4.301551,4.25036,3.943204
100114,0.77967644,1.4601951,1.2733111
100125,2.1114902,2.1760087,2.330305
100126,4.506667,3.912807,3.4336834
100129,-3.7296762,-4.4729457,-4.465675
100135,-0.88157916,-1.8325274,-1.4754789
100136,8.364346,8.80394,8.656364
100137,4.17613,3.4973054,3.6102276
100140,8.622145,7.725958,7.7278275
100150,6.4871345,7.238608,6.708219
100153,3.8681858,3.3670273,3.3114314
100154,3.6254427,3.343799,3.349265
100161,5.084274,4.533203,3.985715
100170,9.341799,7.65425,6.781134
100172,2.479462,2.4070828,2.1290278
100174,1.7978873,1.7943549,1.6802111
100183,-11.281134,-9.947126,-10.343664
100184,-9.829432,-9.013744,-9.274498
100193,7.768569,7.275583,7.328007
100199,-2.4373052,-2.5146663,-2.3624694
100203,2.435493,1.9222417,1.8610859
100206,-3.6370854,-4.517327,-4.4617925
100229,-4.4160686,-4.203908,-5.6589766
100230,1.7615867,1.5998693,2.2323947
100232,1.7713962,2.6155148,2.4119625
100233,1.7731171,2.9179468,3.2195282
100234,9.557244,8.707796,7.7888203
100236,0.7481022,0.22822857,-0.1177516
100237,2.617331,3.5717125,2.9437618
100238,-10.4821,-10.897414,-11.0176525
100248,-1.3233514,-0.39808416,-0.70262384
100251,2.4185185,2.4520907,2.448454
100255,2.949143,4.5021973,3.2994075
100257,8.45019,7.552699,7.8867044
100291,9.58503,9.038564,9.181234
100292,-2.5854735,-2.2484474,-2.785781
100297,-0.4519223,-3.5561037,-3.5028386
100299,10.314372,10.283638,10.741853
100301,1.3067093,1.2371945,0.5966139
100303,0.010127068,-0.43771124,-0.2561679
100311,5.5657806,5.308209,4.9780307
100313,2.6650994,2.430039,2.2614498
100315,-2.2523417,-2.0537252,-2.3990297
100317,-2.698831,-2.1725106,-2.141294
100322,13.428701,13.43107,13.184153
100323,1.1172638,1.5314474,1.379211
100325,1.1055701,0.25250673,0.1474371
100327,3.206149,3.6437984,3.2667007
100331,9.582211,8.922875,8.380252
100334,-11.30571,-12.116171,-11.873869
100336,5.584889,6.1085696,5.780473
100337,2.8516073,3.9053488,3.529564
100339,8.937075,8.670482,7.9850683
100341,14.206602,13.555909,13.240937
100346,12.657597,13.031448,12.292942
100352,-6.7622395,-7.458369,-7.3236046
100360,5.016797,4.4104414,4.5506196
100362,5.081654,5.115743,4.3267956
100367,-32.685463,-32.73629,-32.832024
100375,10.524332,10.315418,10.511248
100396,1.698432,3.7095013,3.688736
100398,-3.6352463,-2.1594362,-3.0791283
100399,0.09256935,0.81203794,0.37201023
100429,6.882058,7.0558023,6.634761
100430,-2.56157,-3.6488101,-4.367404
100433,-4.9413486,-5.8133416,-6.4229527
100438,18.48299,17.506851,16.740416
100443,5.805655,5.5014253,5.469997
100444,2.9389353,2.8068004,2.712556
100453,-1.7123754,-1.2178388,-1.6808624
100455,1.0381913,0.79043293,0.8991914
100457,9.211409,8.68412,8.651944
100478,-58.526028,-58.83896,-57.99506
100482,9.678296,8.963842,8.560144
100508,-3.6362007,-2.8837063,-3.2720687
100519,-0.5899658,0.35008955,-0.10999107
100527,-1.9457368,-2.4828582,-2.516913
100528,-0.6536088,-1.1548121,-1.2655299
100532,-9.603227,-8.748126,-8.7448
100541,3.5034018,3.7478704,3.6243968
100554,0.29391384,1.5753245,1.4014707
100555,1.7596002,1.8408875,1.9032097
100557,-6.3499556,-8.503648,-8.601897
100559,-7.4224057,-5.53668,-6.628572
100563,9.020813,9.973559,9.756105
100564,-1.6875944,-2.145269,-3.3586655
100565,8.849397,8.488688,8.105833
100589,1.4760442,-0.2518649,-0.4080863
100598,-64.68753,-64.510925,-64.672646
100599,6.1780434,5.9140925,5.75757
100600,5.403395,3.8425312,4.069839
100603,-0.37010574,0.23841238,0.26026678
100611,0.48806858,1.4894152,0.38444662
100614,11.801196,11.08956,10.826382
100615,12.30532,12.913792,12.864491
100638,0.63364697,1.3763227,1.5988255
100644,-4.2888913,-4.9328566,-4.985643
100655,2.3140993,2.0041575,1.4225221
100664,4.590058,4.1108546,3.595149
100666,2.7738528,3.4823556,3.050219
100669,6.0702333,5.9521384,5.4600077
100674,-5.0433884,-4.559898,-4.4771214
100675,1.5254879,0.70808744,0.7880893
100676,-0.45174408,-0.15591049,0.46853256
10068,5.8709397,5.2023134,5.3723135
100681,0.5905626,0.42199755,-0.08916569
100722,-0.64777136,-0.9481845,-0.8097205
100724,0.12747669,1.3335581,1.7943296
100727,2.2609525,3.3700042,2.9771686
100733,4.429339,4.512353,4.5399184
100735,-9.189119,-10.937185,-11.299244
100740,-54.97557,-55.52076,-56.09003
100741,-0.7577605,-0.75904894,-0.38477993
100750,3.0906644,3.431879,3.600278
100753,-5.8657417,-6.4887815,-6.8191323
100756,3.763173,2.6249475,2.795905
100757,3.5346267,2.7595248,1.9993639
100770,0.39186454,-0.89947414,-0.914294
100778,10.144502,9.238721,10.27539
100784,0.2645793,0.5531106,0.5351329
100792,4.2348204,4.153536,4.0375824
100793,9.998563,10.066683,9.427891
100798,6.593967,5.5271115,5.657224
100799,-1.4899974,-0.5666399,-0.122495174
100808,4.8808136,5.5101466,5.971219
100811,3.1627474,3.2001262,2.780076
100812,3.13653,3.5421891,3.0230088
100815,4.130172,5.028631,4.727911
100816,1.0218024,2.124051,1.858717
100821,-35.4562,-35.41921,-35.96501
100833,-2.0340574,-3.2509077,-2.831498
100848,11.678534,7.5113215,7.3279333
100878,1.3164492,0.5014086,0.54429436
100899,7.597098,7.602417,7.209108
10090,6.6975975,7.1519737,6.9236417
100901,0.0220685,0.32615232,-0.84382915
100906,-63.09104,-63.585552,-63.547062
100913,1.4778781,1.5798221,1.6525049
100937,-0.8617885,-1.5297439,-1.181176
100939,-3.5093498,-3.776857,-4.050727
100947,-0.94298553,1.6988225,0.9669795
100949,14.357945,13.661196,13.80094
100955,10.848171,9.697801,9.603819
100957,9.277974,7.4708047,7.4615173
100963,8.349844,7.8383336,7.882547
100972,13.538519,11.962713,11.631981
100984,3.6061425,4.5987186,3.6346622
100985,2.2616491,2.9252396,1.7961297
100995,-1.2703137,-0.4350047,0.8505206
101,-0.7750454,-0.7744765,-0.7201061
101018,-4.0493355,-4.3956494,-4.2263365
101020,3.313425,3.2336826,3.862842
101023,12.579981,11.070344,11.740267
101045,7.0281644,7.1505876,7.7396154
101046,4.3132854,4.8310094,4.880725
101047,4.65994,3.747015,4.9006877
101060,12.74658,13.225666,13.303289
101067,2.9354944,4.072906,3.6922555
101068,4.521122,2.4942012,1.9248209
101069,14.453639,14.171895,14.291826
101071,11.648251,12.333708,12.8214
101084,-4.01964,-5.1867037,-5.321473
101086,4.0679107,2.5436583,2.3083773
101088,4.753789,3.5310159,3.8029752
101107,8.202375,8.965144,8.298185
101108,9.764948,8.659615,8.669382
101110,4.4028306,6.234025,6.067588
101112,11.582688,12.68012,12.330772
101122,7.254976,6.4868116,6.0600057
101129,13.631711,14.237679,13.973566
101140,9.919022,9.861431,9.645647
101145,-5.112846,-5.305742,-5.453391
101148,0.07910347,-0.29296637,-0.84225607
101168,6.8488426,5.2965384,5.001185
101169,-1.5399134,-1.2297122,-1.6410654
101181,-3.3953311,-3.48191,-3.648318
1012,6.770831,6.828671,6.8439684
101206,-2.801085,-5.480331,-5.637415
101208,10.27812,9.649315,9.577295
101210,-1.2397668,-0.996155,-1.4475062
101212,9.801615,9.540655,9.6437
101214,14.108192,14.168625,15.01286
101217,-2.2220733,-1.9550836,-1.6242397
101219,-0.91879535,-1.1835616,-0.82482314
101220,-1.9618635,-1.8789206,-1.7475033
101222,-1.2374759,-0.7883253,-0.46711302
101227,0.7021971,1.0414696,0.48626566
101230,4.0425377,3.0694823,2.7710605
101231,19.40159,18.930824,17.9118
101234,5.7232866,4.874428,3.6034436
101239,-4.117654,-4.448738,-4.657707
101244,1.1795483,1.4235134,1.7999306
101246,-3.4209197,-2.0831516,-1.8167775
10125,1.3785658,2.0618548,2.0847201
101250,-3.4799361,-3.8161077,-3.7541847
101257,6.6065335,6.434333,6.5599484
101262,-4.7734203,-4.983073,-5.110753
101264,6.025741,6.498924,6.6761355
101265,-2.9331617,-2.4234338,-2.5312572
101267,2.6747665,1.2928772,2.1792598
101272,6.3479457,5.9688005,6.440158
101278,-1.6759439,-1.0388932,-0.7853117
101282,12.314515,11.495348,12.024471
101302,-0.5318465,0.39187813,-0.110385895
101303,6.8146305,7.1067705,6.3714943
101316,10.302546,9.219442,10.418861
101321,7.729691,8.199402,7.525862
101327,-3.8096302,-4.207189,-4.236947
101330,10.948196,9.721567,10.061643
101331,16.08828,15.379467,15.4249325
101336,8.618412,9.818449,9.924524
101342,18.24063,17.856812,18.161922
101348,3.7849436,2.8242521,3.4761257
101358,2.2054224,3.806172,3.9749956
101359,2.1925454,2.7582917,2.7881012
101360,-1.4279935,-0.8080895,-0.85415673
101361,3.8472333,5.2751026,4.7473397
101363,8.8466625,8.099283,8.173959
101365,10.501844,10.109822,9.947789
101367,-2.3513794,-2.3514624,-2.2656288
101397,0.3698964,-0.18607092,-0.17218208
101398,2.374785,2.7360115,2.9322743
101399,-0.04283905,-0.4110589,-0.311337
101403,3.2527995,3.1750455,3.2341142
101407,-5.7574244,-5.77902,-5.625171
101431,-3.2808297,-4.5481777,-3.4343507
101438,-5.2844424,-5.1388927,-5.027278
101439,-2.0686278,-1.8941746,-1.702735
101443,-2.2141943,-2.1821938,-2.0419497
101479,0.057126522,1.3275962,0.71814203
101480,7.070271,7.259381,7.090221
101481,11.61152,11.098364,11.262207
101482,10.320606,10.421099,9.909306
101485,-0.9880729,0.39527416,-0.63635826
101486,-3.0019174,-1.652461,-2.065309
101487,-1.7215903,-1.8014963,-2.009012
101488,-4.3283577,-4.0613832,-4.552285
101491,0.67151785,0.7174187,0.69204426
101520,2.0993528,3.690638,3.6363873
101524,6.280622,7.018005,6.668402
101525,4.2399435,4.927965,4.479578
101528,6.527674,5.8350306,6.1925745
101533,-1.7986658,-1.8165696,-2.3735883
101542,-3.4209557,-3.3107715,-3.2690167
101546,3.6241975,4.097109,4.461116
101555,2.039556,2.3009024,2.584508
101557,0.9412761,1.4172416,1.2428327
101559,-1.354372,-1.6022811,-2.34838
101564,21.323143,23.995918,23.97179
101569,12.523954,12.270397,12.1626425
101585,7.543909,5.584811,5.527391
101588,13.159592,12.948273,13.353191
101591,-0.6430311,0.04834938,-0.5360775
101607,-5.7233596,-6.0181623,-5.885389
101614,3.6401992,3.02139,3.1498303
101624,-6.7388573,-7.718294,-7.6946297
101628,1.0756116,0.12177324,0.5773306
101645,5.6779757,6.012017,6.7419977
101661,17.31866,17.006533,16.586496
101662,6.998279,7.8923025,7.930344
101668,-39.10385,-38.904808,-38.44075
101678,3.028987,3.345458,3.9148216
101704,4.3282747,4.5526314,4.0630593
101705,6.1927195,7.136489,5.927668
101707,5.0902367,3.9137087,4.48841
101709,4.9905405,4.578638,4.3576164
101747,3.324645,2.500661,2.305685
101749,-3.543252,-2.5702248,-2.8749766
101750,-1.5196447,-0.7342324,-0.41143465
101751,4.136088,4.660334,4.7339773
101756,-53.791115,-52.575684,-52.342144
101767,11.90701,11.813074,11.695812
101772,1.2468567,1.4521599,1.1516685
101777,1.0949521,0.320966,0.11933756
101779,-0.4873395,0.15872622,0.73387814
101780,-7.412404,-7.071166,-6.882292
101789,4.44233,4.39348,3.9464965
101798,14.54853,13.91266,14.031744
1018,16.57634,15.355066,15.324229
101803,-5.6590557,-5.892524,-5.8391094
101823,3.6136293,3.3872652,3.4244957
101824,1.202693,1.5617952,1.3985748
101826,-2.3605957,-1.6381497,-2.562604
101894,-18.984838,-19.103567,-19.146461
101895,1.3847818,3.0970545,3.3832126
101898,1.904635,1.493453,1.6056962
101899,12.024181,11.656158,10.902416
101906,-0.10953331,-0.6611719,-0.28227854
101921,-0.39933228,-1.9608941,-1.9200716
101930,-14.118696,-12.940613,-12.905214
101934,7.9930325,6.499662,6.8509903
101935,-2.2512105,-1.347254,-1.5118268
101944,1.6633699,1.0034819,0.5169234
101958,0.14524889,0.4353323,0.4116106
101981,-1.4929147,-1.0272593,-0.69038296
101982,10.208946,11.625324,11.868952
101983,-2.2139635,-1.5609088,-1.8403411
101984,4.347269,3.3872428,3.9004245
101985,2.5937414,3.167091,3.0935512
101997,12.491444,11.718217,11.470193
102001,4.635197,3.866859,3.6995883
102002,0.80652523,0.19906092,0.11699343
102010,-7.652876,-7.955256,-7.834149
102013,8.6030855,9.050313,9.174575
102015,-7.6328573,-7.082391,-7.547761
102016,2.9158754,2.7200985,2.4782615
102022,2.9227142,4.0102267,4.132272
102023,16.764267,17.140507,17.258795
102028,9.693409,8.843826,8.276895
102042,2.911543,3.2438383,3.6460514
102051,7.598196,6.8749537,6.9918137
10207,-0.08179951,0.26998568,0.49320316
102083,-0.4080057,0.28666687,1.030469
102092,4.5692143,4.6271605,4.6374416
102098,-1.391285,-1.6893845,-1.4010587
102101,6.279113,5.4778566,5.2314734
102102,-4.316101,-3.881754,-3.3755403
102159,-2.4442506,-3.7442408,-4.0897493
102175,3.1663642,2.2451339,2.4557834
102181,-4.619062,-5.2944603,-4.811966
102182,2.6440582,2.346375,2.8738022
102202,11.551719,12.801725,12.8562565
102203,4.747658,3.76821,3.8379817
102209,14.755888,14.930294,14.784424
102222,1.320754,1.1265287,0.89756346
102223,7.9048247,7.983298,8.31365
102224,5.517848,5.446271,5.499118
102229,12.902,11.164422,11.792931
102230,5.5333824,6.206398,6.117547
102233,12.56328,12.682958,12.5267725
102235,4.9846587,2.3162751,2.6097493
10224,-1.4850204,-1.3917744,-1.3435113
102256,-7.3160596,-6.7119517,-7.0629296
102271,-9.200712,-8.44578,-8.660127
102284,0.7391825,2.6109428,2.3342886
102329,-3.439146,-5.720168,-5.7529407
102331,-3.6202385,-3.795595,-4.0377607
102395,8.186613,8.61227,8.809404
102396,-17.492245,-18.253021,-17.497988
102413,0.51705456,0.45417404,-0.042299747
102429,4.2672186,3.3488426,3.3834696
102432,4.8052893,3.8873844,4.1002827
102435,3.63815,3.014678,2.52249
102449,-1.981894,-2.4270382,-2.419149
102455,8.16294,7.960503,7.8122315
102473,2.3569784,2.1127229,2.2204914
102480,10.102919,10.261553,9.534309
102509,7.4111004,7.16735,6.9262085
102516,18.195147,18.385956,17.92329
102524,5.1356077,4.9366903,4.716822
102542,7.338652,7.3098373,7.01733
102546,0.9695687,1.6964369,1.1956983
102561,7.5368066,7.532213,7.540079
102564,6.0874953,5.83127,6.5081615
102566,-0.86009216,-0.79710054,-1.4319983
102571,-1.0486395,-1.397455,-1.5025785
102575,-4.02985,-3.8522043,-3.5347438
102577,-11.024215,-10.410634,-10.360417
102578,6.182649,4.791814,5.4658356
102579,9.373499,9.063705,9.559784
102583,6.2635045,5.956107,5.838607
102584,8.389382,7.887861,8.765131
102588,7.537845,7.417489,7.431538
102600,-2.6790133,-2.5917525,-2.7810183
102601,1.4998031,2.0454535,1.9297147
102602,11.696346,11.297957,11.107624
102604,9.259413,9.143909,9.236733
102607,17.177727,16.836374,16.762333
102609,6.8248057,5.433728,6.0705576
102614,0.605134,1.0293007,0.9314308
102617,8.535476,12.633876,13.297784
102619,2.9811249,3.2772646,3.521792
102621,5.175313,5.3234134,5.777832
102632,0.6214776,1.0985088,1.1631126
102648,10.520403,9.913795,10.286549
102656,9.162224,7.7776227,7.6349072
102664,-1.9395087,-2.052756,-2.2864244
102666,16.277899,16.083502,16.984018
102677,0.5190716,0.13398886,0.13681746
102682,1.5654402,1.5881023,1.6857586
102693,7.731107,7.3022175,7.2237115
102694,8.871402,9.730949,8.821357
102696,13.099863,11.68103,12.57094
102698,3.1063528,3.9677114,3.1859622
102703,0.685966,1.0202436,0.8355384
102707,3.4982715,3.581068,3.3818126
102708,3.6885924,2.6270704,2.8634148
102714,6.9133554,6.7712636,6.9075365
102716,15.497785,14.112355,15.345107
102719,3.3532915,3.4946227,2.9160204
102726,-41.907673,-42.1787,-42.325336
102729,6.62835,6.2094717,6.431343
102738,7.9587193,7.300517,6.994125
102740,4.044853,5.316129,5.534638
102743,-0.9434786,-0.673625,-0.57385254
102753,1.4832458,1.218636,1.0549312
102756,17.928692,17.95369,17.79652
102758,13.050896,12.37379,12.747105
102759,5.134471,4.558695,4.4857163
102767,1.0171499,0.38457012,-0.18093014
102772,8.752057,9.225236,9.752418
102790,12.991616,11.932425,11.424049
102792,83.121544,82.585815,82.71502
102800,7.02771,7.1703296,6.979231
102811,-0.6255622,-0.17396784,-0.23999977
102815,6.3205004,5.756509,6.312704
102817,10.8683405,8.865389,9.183258
102819,5.9071236,5.9868193,5.1400166
102822,0.867959,0.85712147,0.59609604
102838,-49.15634,-51.79336,-51.47751
102842,2.7426639,2.4858322,2.2839494
102845,4.5635962,4.424039,5.057266
102851,10.066836,10.867105,9.837421
102867,7.912612,7.7491837,7.7367945
102876,-52.104103,-52.20319,-52.42611
102880,-0.08353472,0.49310303,0.34165478
102882,-0.03605795,0.50543976,0.29923344
102884,-3.5806494,-3.7463617,-3.9966216
102886,-8.74729,-10.75203,-10.827866
102888,4.3388696,3.2559352,3.2268186
102892,9.118179,10.323139,10.251179
102895,4.2753005,3.8747487,3.9990206
102900,12.667597,12.832425,12.552334
102903,10.257786,10.246874,10.135797
102911,-3.7082822,-3.4418695,-3.4757211
102929,-63.34777,-63.145668,-62.871307
102934,11.910676,12.200468,12.2374
102935,2.9123669,3.9906552,3.7561264
102937,5.570639,4.821184,4.059129
102940,12.4224615,12.433672,12.488385
102942,3.3688626,2.246193,2.4524398
102954,6.6573105,7.0478916,7.1271935
102958,14.91706,14.827987,14.720123
102969,6.578537,8.051197,8.185173
102970,4.291677,4.59688,4.621849
102973,0.35970545,0.4136467,0.12192297
102974,10.654468,10.144172,10.428123
102976,19.211771,17.955929,18.15925
102981,-3.1015766,-2.6439483,-3.0040243
102982,2.7178383,1.8328934,2.0849566
102990,6.8621993,7.581907,7.6111016
102991,1.6317225,1.0644236,1.6953063
102993,6.8945985,7.2859845,7.154728
103002,12.329605,11.944048,12.18969
103007,10.865418,9.636057,10.094276
103012,9.220753,8.779286,8.859483
103013,9.22034,8.364977,7.017277
103015,6.8980966,6.1634555,5.157001
103018,12.498272,11.746082,12.723015
103029,9.023937,8.974416,9.266729
103031,-7.553298,-5.603738,-5.567128
103033,-1.9378242,-1.0253892,-0.97311306
103042,12.951151,13.572275,14.449705
103044,-2.223522,-1.328965,-1.87654
103052,-1.596395,-0.028923035,-1.5680494
103064,2.3434725,3.279017,2.202238
103066,16.50703,15.084112,15.069659
103067,5.1202846,3.891098,3.9564934
103072,15.1835575,18.345211,18.211245
103074,-4.738046,-3.7182136,-3.4256902
103077,2.6346955,3.2348166,3.0986915
103080,19.896841,19.905024,20.236553
103084,16.252134,16.191195,16.136
103085,6.2833,5.583343,5.3816166
103115,-31.999794,-31.006344,-31.351215
103116,-1.779304,-0.6276798,-0.60313034
103122,-10.598651,-12.842134,-13.856579
103125,-0.89295626,-0.794065,-0.9710808
103128,8.398029,8.261498,9.001906
103139,4.163043,3.4877923,3.4181235
103140,4.674301,4.7995996,4.506728
103143,4.7413335,4.854078,4.0672107
103145,4.4151535,5.5001335,6.1133256
103149,2.789084,3.1367521,3.2086368
103154,4.1478806,5.2060843,5.6638575
103159,5.710276,5.1584897,5.804062
103160,7.460581,6.5407057,6.5478344
103161,6.742105,7.6562467,7.18695
103162,8.507038,10.327208,9.603605
103164,5.8204737,6.5195346,6.4712415
103165,0.81538725,1.3516138,0.4893856
103166,8.450205,7.168799,6.4007864
103169,-35.631996,-36.04737,-35.634346
103174,-3.1986802,-2.6491377,-2.7137558
103177,3.0708838,2.821926,3.0484586
103185,6.6462197,7.664912,7.286877
103187,10.1350765,11.624008,11.881775
103188,1.311502,1.1341255,1.0051045
103193,-0.41372395,-0.35454178,-0.19373655
103194,1.8853412,1.9082379,1.8946505
103198,3.2497845,4.848131,4.1667185
103199,6.252289,5.1383715,5.254597
103215,-3.7917702,-3.341643,-3.022661
103216,14.077967,13.522686,13.15796
103220,13.580407,13.145949,13.126826
103243,-51.816204,-50.663406,-50.310257
103247,1.920691,1.9734745,1.8186703
103249,-0.5974221,0.41262293,1.0814567
103252,7.316674,6.5313354,6.50067
103253,11.314915,11.200817,10.72291
103263,6.4674444,5.7681603,6.031349
103268,-62.07717,-61.20152,-61.312874
103274,7.3278093,7.960697,7.9409013
103276,6.262359,6.4603357,5.757402
103277,-46.620564,-46.656956,-47.45925
103287,2.0649023,2.164926,2.2551365
103295,4.9982643,4.248699,5.065775
103297,3.0300622,2.8449702,2.5808988
103298,10.339972,10.810055,11.800913
103313,19.265684,17.686237,17.944632
103315,-12.880273,-13.513363,-13.309464
103318,5.049201,3.8389864,3.6629229
103319,-1.0529313,0.22883224,0.21319866
103330,-1.563024,-0.94970894,-0.49917555
103341,1.8171349,2.9067292,2.3475685
103348,9.913567,8.886648,9.746585
103351,-6.0911627,-7.603463,-7.139087
103365,4.5639215,3.9571958,3.8132396
103368,-0.2636559,-0.9734609,-0.83034587
103383,-1.4083991,-1.2063565,-1.497735
103384,-2.9926934,-3.6785026,-3.4103084
103388,11.355868,11.619457,11.2772
103389,13.601688,14.101883,13.58573
103390,9.498985,9.861359,9.726595
103394,1.7379928,2.0609875,2.4009275
103398,9.74377,8.996075,8.728487
103410,10.472158,10.675653,10.549089
103415,-1.4400587,-1.889379,-2.8631597
103423,3.8495364,3.6718202,3.7068954
103430,0.3449402,1.0645432,1.2016549
103441,-8.441436,-7.330557,-7.567091
103442,7.305068,7.213509,7.1882915
103444,5.6154857,5.612389,5.1879396
103447,1.1875215,2.3414836,1.7138448
103468,14.365435,15.467194,15.333517
103469,2.2366343,2.1362371,2.0676336
103471,0.14429283,1.4274049,1.0846701
103473,5.8234878,5.6226254,5.328415
103478,-3.6853151,-2.984353,-3.4351344
103485,3.5528631,3.528099,3.870174
103502,-4.359067,-3.825396,-3.7592335
103507,8.185681,8.169351,8.251183
103515,18.314796,17.45084,18.155441
103517,5.8332944,6.192411,6.037375
103541,3.951572,3.92947,4.0579996
103549,-44.079582,-42.627174,-42.89374
103551,8.321951,8.3058,8.597385
103552,7.813988,7.8427677,8.082243
103553,7.974347,7.9389687,7.977941
103554,-50.558678,-50.470955,-50.42693
103563,4.5314536,3.7175083,3.705934
103575,-40.02228,-39.51025,-39.01199
103576,0.8649688,0.25599957,0.54226875
103589,5.524613,5.5967345,5.7745833
103590,3.9386177,3.9604874,3.8744745
103591,0.62099814,-0.5058842,-0.3426156
103592,7.560438,7.173656,7.1965127
103595,-21.100353,-20.140188,-20.223026
103600,-1.0541034,-1.281157,-1.3511586
103605,7.3661127,7.4039845,6.981197
103606,7.1099596,5.603545,5.1279316
103607,6.829233,7.1768465,8.073116
103608,1.6408806,1.9220271,1.7202892
103609,-2.437047,-2.8348002,-3.2520022
103611,-3.1176212,-1.6646264,-1.8856518
103614,-1.1453242,-1.2252703,-0.9898033
103616,-0.74894476,-0.6750703,-0.61629295
103621,6.6201625,6.6778703,6.8495636
103624,0.895535,1.6787786,2.1307797
103626,4.506312,5.6787524,5.69992
103640,6.9667163,9.153384,9.104366
103641,3.6521778,3.5488148,3.3335733
103643,3.8522305,4.569285,4.550853
103645,0.14951086,0.28368425,0.41089535
103649,6.5323825,6.8798676,6.629369
103671,5.5262637,6.1704345,6.472516
103672,-1.1647718,-0.9803765,-0.7794993
103690,13.699125,13.24723,13.685409
103691,-0.9779873,0.28638458,1.4239283
103692,5.978985,5.8642364,6.209905
1037,1.9944401,2.1646543,2.128901
103713,11.089371,10.13756,9.839279
103715,-4.040303,-4.334857,-4.4250145
103716,-1.6914339,-1.7956872,-2.0044665
103717,-2.6882396,-3.137013,-3.5253906
103718,3.6995144,4.05447,3.9370074
103721,8.058963,6.9016647,7.4832234
103736,-3.4545572,-3.2690933,-3.6626637
103740,-4.958333,-5.248566,-5.37595
103743,-6.008686,-6.0717134,-6.3378115
103747,-62.947567,-64.19028,-63.499287
103765,14.237135,15.128429,15.115009
103767,-1.0484457,-1.6346283,-1.4059935
103768,-8.696505,-8.037922,-8.252097
103780,2.9149036,2.4466872,2.6170535
103795,29.047058,29.816204,29.831495
103800,-5.664017,-5.924224,-5.728845
103832,14.5475025,14.200461,14.797049
103836,9.233022,9.076656,9.336651
103843,8.332896,7.972575,7.9280005
103850,-3.8283086,-3.8449602,-3.5137115
103858,0.579134,0.3883376,0.141294
103863,2.4367957,1.2331109,1.5773683
103871,15.708085,15.524805,15.648039
103872,-6.0395355,-4.808096,-5.209692
103892,0.6921706,0.47275877,-0.3082447
103894,-0.95628476,-1.1197069,-1.168412
103896,7.3614182,6.674497,6.4950776
103897,0.90036154,1.4122744,1.282372
103898,5.328236,4.734854,4.76272
103899,1.9768794,1.0415196,1.4127178
103904,1.3060701,0.45138836,0.61512136
103906,2.5852933,2.212398,2.398212
103907,2.5042653,1.8705864,2.298853
103909,-13.394646,-12.559986,-12.269536
103912,5.411286,5.390971,5.430959
103933,4.6549606,5.0614834,5.515333
103935,7.18949,6.534443,6.6776896
103937,-32.186207,-31.994644,-31.857668
103938,2.4109151,0.038211823,0.3934269
103950,12.981319,14.013156,14.040332
103959,0.18791723,-0.051393986,-0.020560265
103964,12.481932,12.406023,12.397593
103977,2.0873013,1.2985706,1.2105551
103990,9.847893,9.853296,9.436614
104005,-6.091554,-5.600072,-4.701781
104016,-0.9604697,-1.6024809,-0.95251083
104024,0.6650219,1.5278687,1.0392399
104036,3.958568,5.3382,5.050918
104037,-0.93857336,-1.6974688,-1.5935144
104057,4.472282,4.540122,4.4223714
104062,1.7814293,0.55799866,1.3112617
104084,3.198132,3.1685967,3.326213
104105,8.252169,8.248028,8.132374
104106,15.5323925,16.498444,15.867622
104111,-2.5603688,-2.1993377,-1.9491012
104115,-1.4789782,-1.5051484,-1.3821731
104122,-1.0925689,-1.3343592,-1.158721
104127,10.970182,10.617717,10.673929
104128,12.944641,12.804304,12.4058075
104152,0.21374655,-0.77806854,-1.6445999
104190,-2.7503815,-2.9820418,-2.8956814
104210,24.447014,23.087612,22.97863
104216,0.06735706,-0.43370914,-0.41785812
104217,-0.67836285,0.0017142296,0.033645153
104224,-3.0531023,-3.065183,-3.417031
104265,10.733725,10.501167,10.738083
104267,2.8589659,2.3326268,2.6375818
104268,41.041416,40.9985,40.976795
104273,6.5496907,6.502007,6.655402
104278,2.9217386,2.4886737,2.5634794
104279,5.714743,5.278001,5.368792
104280,-4.8401914,-5.1463084,-4.9981756
104284,13.161134,12.735842,12.759142
104288,9.480993,11.355195,11.85026
104293,6.4204245,6.915285,5.6343865
104295,2.802434,2.4827003,1.7635059
104299,7.453293,7.788621,8.2106905
104310,-0.8872113,-1.0836263,-0.43446255
104313,-4.8614917,-4.900465,-4.4863076
104323,3.8712778,3.0462995,2.9121833
104324,4.5964017,4.399579,4.226322
104325,4.4243674,4.5612864,4.43912
104331,7.4757667,7.703495,7.983738
104337,10.074455,10.090324,9.493855
104348,7.3545337,7.230225,7.4790783
104367,-1.9703343,-3.7881186,-3.3627446
104368,7.709458,7.446151,7.418566
104375,6.5047684,8.583371,8.191008
104383,7.4883533,7.623068,7.9944954
104387,2.1883101,2.0636175,1.368876
104403,0.37660122,1.113193,1.2567143
104416,7.8110456,7.668458,7.4777884
104420,7.120593,7.3341937,6.519358
104435,8.873121,8.695652,8.706094
104442,1.7656908,0.44950438,0.18688059
104459,23.200275,23.404165,23.263401
104474,14.777746,14.816541,14.828134
104480,8.122535,7.52597,7.0884027
104483,9.813732,11.602165,11.418655
104484,8.359859,9.984056,9.788075
104485,8.007868,9.4420595,9.455412
104499,7.577563,8.417749,8.508177
104505,13.470588,12.614975,12.572504
104566,7.650329,7.7072606,7.917287
104574,10.589628,10.18023,8.103131
104587,-0.2514434,-0.23650694,0.25660515
104588,1.1779318,1.2078452,1.8772693
104599,0.36073065,0.45090437,0.61088085
104613,11.233057,10.784272,11.072292
104614,3.7597184,3.4917345,3.8651338
104624,5.6248155,6.3049316,6.695983
104625,-0.43438244,-1.3054338,-0.8498144
104626,4.213735,5.163999,5.840708
104651,6.1542253,5.0443854,4.6371007
104656,0.6086397,1.1658373,1.8210511
104661,8.179007,8.081489,8.162934
104688,3.5487204,3.200591,3.378728
104700,12.270491,12.482023,12.470627
104714,-1.4723663,-1.7463465,-1.7784452
104724,-3.0202057,-2.5203016,-2.9911015
104728,13.774044,14.963814,15.186366
104729,10.469075,10.613967,10.955427
104757,8.6274395,9.102974,8.65851
104759,-0.7446184,0.07449436,-0.008340359
104761,1.8617496,2.8521767,2.6227627
104762,-38.786636,-39.27712,-39.282818
104763,11.919659,9.474668,10.1677685
104764,5.469038,4.861192,4.9690022
104766,6.962985,6.7254696,6.95714
104769,2.334772,1.754467,1.920507
104770,11.031341,10.1147785,10.414799
104771,8.712199,8.611641,8.973349
104772,12.571953,11.998965,12.161672
104776,-37.083214,-36.981815,-37.164337
104779,7.474901,7.632318,7.735682
104784,10.086952,10.11677,10.122864
104786,8.569845,8.411694,8.595282
104794,5.909164,5.949742,6.0287514
104799,7.6392894,7.67759,7.819042
104806,6.1468897,5.9662747,6.145172
104808,7.2805676,7.000607,6.8898726
104812,7.4412084,7.305174,7.48478
104814,5.966045,5.994475,5.908867
104815,10.246504,10.389155,10.338342
104819,10.876631,10.574174,11.019968
104834,-11.8131275,-11.642165,-11.06884
104837,1.6752892,2.366189,1.9964623
104850,6.1756263,7.1722383,6.846932
104866,9.290715,9.130812,9.243156
104870,-35.439793,-35.598217,-35.591118
104877,8.36631,7.749382,6.758812
104880,-39.81721,-40.919525,-40.41274
104892,-81.93729,-81.68626,-81.7953
104898,2.494657,2.507771,2.6407633
104900,0.19866276,0.13255358,-0.03730297
104915,9.526158,8.6557255,9.530767
104926,6.3777165,6.2707863,7.0661497
104941,15.484332,16.77028,16.541206
104946,2.2083673,1.9749088,2.3734417
104952,3.4752984,3.714271,2.898182
104965,10.687179,10.723385,10.310623
104967,16.618961,16.38825,16.35039
104977,4.260204,4.1025014,4.335173
104986,4.22571,4.0277395,4.016474
104992,6.45012,6.932542,6.927399
104994,8.959528,9.251425,9.239067
104998,-1.3393011,-0.26362514,-0.5012455
105005,-2.2206137,-2.43694,-2.970853
105009,-51.217205,-50.80385,-50.63735
105022,3.9393508,3.4797373,2.8073306
105023,18.74313,17.86912,17.711964
105024,10.003545,9.968743,10.197883
105025,5.3786,5.3816814,4.882703
105030,-43.87261,-43.921238,-43.802975
105032,11.984491,12.045475,12.006991
105033,-40.943703,-40.685394,-41.34429
105044,14.069763,13.2688675,13.436747
105045,14.921944,13.818693,14.1881485
105046,6.5267315,6.368486,7.025787
105056,6.3371153,6.7715592,5.5913677
105057,14.713389,15.748514,15.725773
105059,9.5764065,10.50683,9.960656
105062,12.017039,11.390612,11.398094
105064,14.48476,15.735297,15.330022
105065,10.037411,9.166325,9.0078945
105067,9.604811,10.419691,9.370529
105068,12.084802,12.738697,12.683926
105070,16.036991,15.926929,16.002754
105071,7.8963213,7.6688833,7.8893886
105076,3.0187664,2.2369995,2.4903264
105079,-2.082068,-3.9053884,-4.251691
105090,7.888633,7.5959206,8.269777
105092,16.984253,17.06442,16.706484
105109,9.796719,8.889011,8.814871
105114,10.646774,10.248539,10.199234
105115,7.7384853,7.754059,7.718594
105137,0.6254771,-0.28850842,-0.46315813
105148,8.193401,7.6999893,8.216285
105149,10.0415535,9.183136,9.731984
105150,6.4362507,6.337081,6.0290728
105157,4.3018208,4.2512965,4.0369573
105186,3.279866,2.0372028,2.4950957
105188,-4.3279953,-4.86673,-4.5324616
105189,-4.0840597,-4.4493227,-3.995562
105206,3.1750503,2.9906898,2.8431244
105208,5.3555093,5.071998,5.135957
105209,2.7270494,2.6379895,2.497746
105210,-3.9057274,-3.2476573,-2.9629421
105212,4.3093467,3.8458476,3.4860601
105213,2.624867,2.4386954,2.3361316
105214,17.995634,18.906933,18.402916
105215,3.27833,3.0192747,3.1345792
105216,-3.9402838,-2.5297751,-1.9320935
105218,5.3165746,4.485962,4.658319
105220,-61.305805,-60.95828,-61.200726
105237,7.088389,6.832375,6.7503896
105238,6.9517336,7.399275,7.262965
105239,7.129148,7.84535,7.874037
105243,-3.4728806,-3.466552,-3.3786776
105255,-2.4023845,-2.7937577,-2.637462
105256,9.894473,10.243701,10.603878
105259,8.917456,9.4965315,9.559734
10526,8.90386,8.833027,8.87706
105260,3.2635703,3.2084055,3.8773012
105261,2.437684,3.0378618,3.0630593
105263,5.849458,6.134529,5.7965975
105273,-0.17925978,-0.7150984,-0.11839628
105275,17.822664,17.109133,17.152721
105278,5.061066,5.3077564,5.0395317
105279,11.112383,10.846594,10.826613
105282,2.0760198,2.920661,2.8913007
105283,6.801866,7.061209,6.964908
105287,12.160921,11.861828,11.595692
105289,0.5073757,0.28804398,0.53942966
105290,4.3680835,6.037501,6.377784
105306,10.657901,10.22904,10.263978
105315,8.374689,8.382019,8.980159
105336,15.837435,16.011353,17.21816
105337,17.797686,17.492561,17.702541
105339,-10.939863,-11.566391,-11.578014
105340,3.909441,6.6070304,5.970072
105349,3.1808152,3.5067444,3.5374417
105377,9.278986,9.494253,10.70695
105380,6.8690753,6.1703243,5.681114
105385,1.8111131,1.3717241,1.3233848
105386,0.09453344,0.48171616,0.50723124
105391,2.0810213,2.6264644,2.3638353
105397,5.660403,4.993601,4.56174
105414,0.32411242,0.90451,0.91706705
105425,2.3358326,2.494576,1.8684316
105427,3.3182611,3.2755551,3.025834
105445,-1.970901,-1.8689919,-1.7709827
105453,5.1427827,5.1510077,5.144448
105466,7.8043175,8.149023,8.672595
105474,7.6385493,7.5808177,7.507357
105476,6.6979637,6.6148105,6.552249
105477,6.2797284,6.1838975,6.06545
105478,6.69768,6.8021903,6.6682186
105489,6.3422813,6.232385,6.1981354
105503,-0.7636037,-1.5431786,-1.5181909
105504,-23.509424,-23.647257,-23.876705
105505,1.397438,1.2112503,1.1393871
105513,10.585902,11.007734,10.898388
105514,8.471272,9.253456,8.747668
105515,6.7608314,7.954726,7.940794
105522,4.7848186,4.9850435,4.966828
105524,4.84597,4.3278294,4.806928
105539,9.530386,10.368146,9.921956
105547,8.560793,7.8644066,7.3183236
105556,4.707784,4.540111,4.583592
105579,8.32242,7.438189,7.7229447
105582,-7.0534673,-6.751406,-6.1809554
105592,13.481108,13.392967,13.548955
105598,11.400942,10.500515,10.951588
105602,-36.746647,-36.5325,-36.775135
105605,9.032749,9.058556,8.960323
105630,9.1012535,11.5324,9.7003
105633,7.2873917,7.5619717,7.6910243
105636,-2.9136903,-2.9336555,-2.2906268
105637,0.15396786,-0.05197382,0.03796196
105657,-13.624435,-14.430552,-15.408901
105658,4.9390745,4.963009,5.007221
105665,16.627407,17.421837,17.192503
105666,12.881992,14.564899,13.902702
105690,14.622313,14.065878,14.200451
105701,8.19578,8.237059,8.066963
105702,9.230488,9.160608,9.1795025
105703,7.875479,7.936026,7.716153
105704,8.220139,8.064413,7.8355517
105718,10.679858,10.801668,10.576856
105722,14.795343,13.837326,14.307329
105726,7.695535,7.4278946,7.898778
105728,7.01706,6.8235335,6.829431
105731,6.999118,6.860294,6.307326
105746,4.0150647,4.3613906,4.229055
105753,16.968897,17.169924,16.77396
105762,5.09777,5.464324,5.2618446
105781,-0.9951253,-0.23584223,-0.15011454
105783,1.2447462,2.0538,1.8194122
105785,-4.237054,-3.7181478,-3.8849726
105787,9.431089,10.807437,10.936876
105793,5.7771983,5.8591995,5.7645464
105805,0.4055724,0.55131674,0.20016241
105822,5.379553,5.265646,5.6390867
105824,7.171421,7.112093,7.4617124
105833,4.6205688,4.4196315,4.602115
105847,11.177076,10.247978,9.556147
105848,6.052289,5.949161,6.7178006
105854,-2.0485046,-2.2042134,-1.7594545
105856,-0.75984097,-1.2471075,-1.4349384
105862,0.5557418,0.59087324,0.5382223
105874,4.1565247,5.9234543,5.4040155
105877,8.166666,9.957575,10.218514
105887,2.6903787,1.9286761,1.8257031
105898,3.7917433,3.7613115,3.6417174
105899,7.1609263,7.083218,6.8338866
105908,9.791829,10.131998,10.286105
105910,9.58582,9.532734,9.841555
105911,7.646507,7.3827868,7.62524
105920,-0.8913517,-1.2073584,-1.3148031
105922,1.541955,1.9817076,1.8369231
105942,10.221701,10.245443,9.741924
105943,1.7684402,2.001202,1.9452319
105945,-1.9309838,-2.0686138,-1.8272688
105952,-1.8070538,-2.0530527,-1.9260128
105954,1.0503111,1.26929,1.5172234
105955,-1.6516261,-2.154417,-1.7542653
105956,-2.0056698,-2.1672146,-1.9533737
105960,-1.7126393,-1.6519108,-1.5142179
105961,5.7448854,5.6715465,5.739083
105967,3.4821553,3.3565803,2.9724574
105971,1.4047928,1.1518617,1.5967054
105973,1.9392471,1.8337793,2.537125
105975,3.0976005,2.392488,2.542779
105976,2.9988608,3.0307255,3.2593288
105977,-5.4019103,-5.435247,-5.011921
105979,9.250349,8.780538,8.860882
105981,-1.9200816,-2.122407,-1.7855997
105982,8.234533,8.247009,8.000137
105984,2.7665834,1.9836268,2.4906845
105992,1.5226893,1.4548545,1.6935792
105993,1.7145181,1.6170654,2.0425115
105995,2.431993,2.173808,2.674244
105997,-33.817078,-33.885414,-33.906498
105998,1.211412,1.0190334,0.99089956
105999,-1.0002072,-1.4144938,-0.9109404
106005,2.121842,2.3974137,2.581232
106006,-1.968466,-1.9551842,-1.9655511
106008,2.7274313,2.8746743,2.936933
106009,7.694031,7.2481084,7.4417353
106014,3.0991077,2.8066225,2.8331828
106016,-2.1103008,-2.2101734,-1.8860757
106022,3.5207071,2.9463801,3.399757
106032,13.988836,13.67026,13.555311
106034,17.561594,18.669325,17.60336
106036,-1.2954807,-0.3149686,-0.2687626
106039,12.585562,12.687104,12.717366
106046,11.89413,10.875299,10.804913
106054,-9.797062,-8.872319,-8.65013
106058,8.3483925,7.577822,8.020826
106059,10.894598,10.542047,10.808243
106065,29.83847,30.32726,30.597515
106069,3.5222101,3.2732859,3.3169594
106073,6.002656,5.777113,5.7641335
106087,36.50959,36.693096,36.57972
106089,3.6769433,3.456574,3.3464584
106100,5.1145573,4.9322033,5.165395
106101,3.669465,3.640047,3.8457217
106103,4.2139535,4.1676188,4.3874435
106116,4.588044,4.5956597,4.541718
106131,-68.57513,-68.68522,-68.87999
106147,9.751045,7.746406,7.2618794
106152,8.008608,8.321895,7.6069207
106183,1.3979144,1.2133684,1.4756689
106185,-2.5008109,-1.5669248,-2.1481984
106190,11.501329,12.663518,13.259016
106192,0.3357253,0.81414557,0.7854295
106194,-55.180977,-54.92002,-54.835953
106195,9.410667,8.258106,9.167362
106199,1.2510607,0.5959492,1.6304464
106200,-3.2036695,-3.3438115,-3.206605
106204,5.6509943,5.627483,5.5241184
106212,-5.2640414,-6.0248947,-5.4106593
106213,-59.23873,-58.322445,-58.89908
106217,3.228849,3.3593688,2.990333
106223,26.947983,26.863346,26.536118
106232,-45.682213,-47.335625,-47.302856
106251,-49.680763,-49.11306,-49.062393
106254,3.6767883,4.4117923,4.359046
106268,-0.79868364,-0.8594775,-0.3229618
106271,7.0727015,6.5479665,6.315326
106272,-2.0897467,-1.836582,-1.6580107
106274,-1.4269667,-2.9105415,-1.5872617
106280,-0.37823343,-0.30642462,-0.7262726
106290,4.891866,4.64775,4.253409
106296,15.560672,14.308886,14.638479
106303,0.86256313,0.2884946,0.75461674
106304,-65.769684,-65.314316,-65.16424
106306,5.388816,4.2189097,4.6568108
106316,12.1803055,10.587544,10.809683
106323,-0.83534384,-0.066082,-0.29901505
106328,3.5703378,2.5607605,3.2239366
106355,1.4130797,1.1491313,1.4318275
106356,-36.45541,-36.885563,-36.897797
106358,-36.35576,-36.56381,-36.255974
106379,-29.003235,-29.755713,-29.824482
106396,-46.603043,-46.231136,-46.335007
106397,4.3554063,4.443532,4.3036437
106398,1.5969763,2.0729685,2.107885
106402,-2.4811814,-4.3577576,-5.085328
106419,0.05844927,1.661334,1.0888128
106446,10.036021,10.157724,10.517088
106472,-55.662346,-56.768127,-56.674835
106474,-54.123608,-51.787354,-51.69969
106486,1.7920842,2.2766385,2.0979476
106488,27.367352,26.549297,26.748245
106512,1.1211915,1.818315,1.6795354
106527,24.402525,23.082907,23.559511
106528,18.685528,17.658337,18.326176
106532,23.772373,22.810131,22.547485
106534,-38.464565,-38.601326,-37.726986
106549,16.401407,16.269527,17.036602
10657,3.1997533,2.9923706,3.2805076
106579,1.6122766,0.46569872,0.28938055
106585,-0.5750027,-1.3825476,-1.3497632
106588,-1.6899261,-2.1783457,-2.8981028
106598,4.0016994,4.1249976,4.1901374
10660,2.2949133,2.2918787,2.180513
106613,12.945266,13.495901,13.52355
106618,-6.7085705,-4.6259933,-4.980163
106623,12.794025,11.37355,10.801413
106628,8.268584,8.584329,8.192909
106632,20.07033,21.947083,21.329575
106633,-1.0282571,-0.52162004,-0.15084243
106641,-44.162422,-41.71322,-41.07679
106642,0.061389446,-0.26184988,-0.0073623657
106664,1.9566507,2.0879989,1.9455571
106671,9.765652,7.186283,8.195989
106675,-2.5464916,-1.8391395,-2.3603349
106676,7.3787837,6.4900384,6.5828323
106684,6.656053,5.267619,5.5638294
106692,6.231141,6.865299,6.8045316
106694,-0.17068148,-0.42061567,0.010568142
106705,-30.413004,-30.118404,-29.441484
106709,-35.198795,-35.31581,-34.945755
106711,21.55128,20.92378,21.300064
106712,17.561703,16.393581,17.03648
106714,-26.563416,-26.580914,-26.133333
106717,-24.794735,-24.800846,-24.60136
106723,-1.4783072,-1.7963452,-2.0168462
106737,-34.278294,-34.403744,-34.577023
106743,11.294586,11.3026,11.21262
106745,10.8612585,11.388792,11.52182
106746,8.638339,9.333279,9.31668
106749,8.724163,9.016343,8.984703
106761,-45.90937,-46.16214,-46.146435
106762,-2.9117448,-3.0951045,-2.97603
106763,7.1965985,6.521562,6.4669056
10678,21.080215,21.14867,21.159115
106780,2.6476564,2.3502693,2.650364
106784,-61.58474,-62.150818,-62.86311
106796,11.170417,10.831972,11.041311
106799,-14.574226,-14.341836,-14.758564
106801,13.915777,12.962461,13.097444
106805,-48.047184,-47.92296,-47.864162
106819,9.731131,10.03595,10.301645
106825,-35.68763,-35.35888,-35.23583
106837,-40.89486,-41.1722,-41.196754
106838,14.95688,15.962597,16.09428
106841,9.532036,10.135916,10.227107
106845,4.0486593,3.808197,4.021076
106859,3.587206,3.3514237,3.2598
106861,10.642254,10.53069,10.385975
106863,4.315189,4.188419,3.9224157
106865,4.649184,4.843442,4.821756
106868,2.4729462,2.5960002,2.6399937
106890,19.54728,19.611837,17.922863
106891,26.538164,24.999908,24.535137
106937,3.5717092,3.670147,3.6772323
106969,-49.87742,-49.910404,-49.96789
106971,3.685141,3.6395764,3.5324116
106985,20.05134,19.912954,20.682673
106990,-1.8273714,-3.143997,-3.7376058
107009,10.042608,11.329781,11.326781
107010,9.075328,10.417788,10.359716
107033,-37.481377,-37.248848,-37.713856
107034,9.818242,9.710024,10.154444
107035,10.169605,9.939749,9.936998
107040,11.62863,11.679492,12.019903
107041,11.403466,11.298917,10.886539
107042,11.023481,10.758475,10.998457
107075,8.384692,8.5827465,8.984615
107097,-49.336178,-50.03531,-49.92482
1071,7.793924,7.1833086,7.7676
107104,10.076518,12.7327,11.979927
107106,15.992622,15.392164,15.219908
107113,8.687785,9.086388,9.26108
107117,5.5641613,5.8959193,5.908653
107126,-20.088232,-23.49503,-22.5313
107141,4.934341,4.732502,4.5741167
107144,-1.6407232,-1.4673948,-1.3989453
107155,11.620726,11.73031,11.600905
107169,0.4919362,-0.18025923,-0.54837036
107176,-24.345669,-23.804605,-25.351154
107178,0.5000138,0.4866748,-0.18547773
107183,10.444866,10.219812,10.470238
107188,-48.965904,-48.225662,-48.04924
107190,-23.200203,-21.796848,-21.537512
107191,-11.189403,-10.320977,-10.56933
107196,12.390962,12.653709,12.320226
107214,10.7351465,10.40139,10.678003
107217,5.77179,5.4607277,5.7606583
107225,-44.360256,-44.97216,-44.774082
107253,3.8060884,2.9197102,2.9875565
107264,4.001177,3.8986044,3.9511476
107265,5.6252036,5.8935328,5.756797
107270,-37.5802,-36.94947,-37.127342
107283,-0.7243972,-0.51950455,-0.22942495
107302,17.836782,18.363552,17.582153
107321,8.731079,9.383806,9.470909
107322,10.097742,10.306533,10.153383
107333,5.665639,4.843213,4.914332
107345,2.038601,1.3458805,1.2554135
107348,2.70254,2.428617,2.501287
107350,3.7928429,2.8785415,2.6957197
107365,-39.07075,-39.948494,-41.69947
107383,14.430641,14.666145,15.308745
107389,22.739105,22.455135,23.263687
107398,10.287262,10.2446,10.167526
107405,10.175127,9.566532,9.272896
107410,12.059576,13.143006,13.625734
107445,-8.072424,-7.6710234,-8.129498
107456,7.5332513,7.573345,7.5952554
107468,14.58219,15.500807,15.563604
107480,9.867134,9.677898,8.649059
107483,4.537692,2.9498248,2.9731436
107489,9.091629,8.735968,9.0982485
107492,6.796025,7.0213757,7.444303
107500,3.3185685,3.4117517,2.5768056
107518,-0.57912445,0.4280181,0.39980745
107522,6.5933847,6.4903483,6.721555
107523,5.5350814,4.3132615,4.926045
107535,11.000111,10.39405,10.413189
107544,11.477066,11.5329485,11.445619
107561,0.9762945,0.6541467,0.36804914
107563,6.5246897,7.3063703,7.991699
107572,10.964117,12.379931,13.044334
107575,3.8275943,3.3646193,3.7180762
107579,-1.993062,-0.95970106,-1.5463767
107581,1.0585704,-0.32687378,0.6072798
107614,2.9154725,2.820695,2.8294015
107618,4.1776805,3.9967418,3.8518696
107621,-47.265766,-47.31285,-47.455532
107626,5.2223577,4.920509,4.9130254
107629,-26.19444,-26.486399,-26.404066
107634,-42.994556,-43.59821,-43.453228
107641,19.03436,21.292583,21.412601
107645,11.892976,11.960311,12.526339
107667,4.4922123,5.0654445,5.632807
107670,11.929489,9.940322,10.0718155
107720,4.935265,6.390111,6.8948355
107738,8.065763,8.160798,8.440966
107745,8.525454,8.644581,8.920788
107778,10.662149,9.947725,9.581442
107802,9.23703,8.999928,9.2619915
107819,11.807488,12.411564,12.465563
107822,6.1809125,5.8647275,5.9442043
107836,11.814627,11.86293,11.957734
107838,6.050398,8.801121,7.9948597
107846,1.3643026,2.2839842,2.1370296
107858,-4.802149,-4.1935263,-4.6193514
107871,4.057753,3.6623802,4.263358
107879,-44.809956,-44.483887,-44.738297
107890,6.6926975,6.527362,6.860602
107893,4.127527,4.79714,4.916601
107905,6.081854,6.277755,6.55019
107911,3.016758,2.764144,3.2176633
107913,7.563259,10.0615015,10.159584
107948,5.33038,4.2438707,3.9356606
107976,3.9706268,3.7073255,2.6947765
107978,5.4373636,5.489175,5.450341
107988,4.2972026,4.720559,4.752069
107998,-38.938816,-38.998394,-39.019463
108003,12.21693,12.515783,12.195366
108014,6.5939097,6.4630833,6.5611234
108016,-33.323383,-33.158276,-32.276276
108018,0.42447138,0.827085,1.2054529
108034,-0.73209286,0.5701742,0.06934643
108050,8.4096775,8.4326725,8.19482
108052,9.987961,10.054499,10.09151
108053,10.32811,10.454451,10.453045
108054,11.43725,12.037991,12.008722
108055,11.675741,11.290854,11.049209
108058,3.4630418,3.3131485,3.5835433
108061,25.984423,27.992924,27.220495
108084,11.153011,11.287903,11.086874
108085,5.8003864,5.840412,5.920187
1081,12.540302,13.678968,13.693345
108117,5.2402596,5.070857,5.004602
108159,9.441781,9.450975,9.798159
108172,11.866232,14.164334,13.581419
108196,6.613167,6.006875,5.906661
108198,15.69479,13.992241,14.439665
1082,8.431199,7.9189415,7.405186
108200,-29.678398,-27.581831,-27.872362
108213,9.474331,9.9148445,9.97706
108218,0.92191505,1.0550919,1.094748
108226,2.9286723,2.0895748,2.3796844
108270,10.405664,10.745106,10.777332
108281,7.559979,7.6659555,7.9936333
108290,9.551887,9.182299,9.5531845
108292,7.811431,8.506696,8.643351
108366,-3.1208234,-2.988823,-2.9976335
108370,7.910864,7.588738,7.526398
108380,-0.1263361,0.30009937,0.49263477
1084,34.261375,33.39405,33.084793
10842,6.2848735,6.4245634,6.516561
108420,7.5822678,7.5588756,7.4016657
108442,29.436451,30.738409,30.270329
108499,6.9079576,6.6936316,6.8054023
108506,3.1163034,3.0719018,3.229617
108515,11.43749,11.182521,11.190649
108524,3.8568945,4.0933146,4.50563
108526,8.868102,9.166116,9.075096
108528,5.7324867,5.6563363,5.2905903
108536,11.466145,11.94304,11.724495
108547,10.629099,11.056528,11.34787
108553,5.7783036,5.7289524,5.634809
108563,19.625172,20.680664,20.732937
108565,23.80197,23.55983,23.569557
108568,-34.797806,-35.106117,-35.08933
108585,18.0978,18.468864,18.529436
108588,14.271145,15.45578,15.563873
108607,10.393581,11.000178,10.689285
108609,6.720876,7.5075645,7.3518357
108611,7.0530972,6.7030387,6.734312
108612,15.800274,15.190334,14.653902
108613,10.17375,10.144252,9.934458
108614,24.83813,23.132685,23.25333
108628,9.832848,9.813505,9.766556
108629,-59.965866,-64.11953,-64.59971
108632,8.447047,9.517641,9.094489
108639,25.693996,24.909512,24.997925
108651,15.4111595,14.213542,12.883812
108657,-5.8399696,-4.623729,-4.718129
108658,6.1879573,4.6817675,4.829925
108660,6.576481,7.508918,7.1005106
108663,12.70873,12.99416,13.06018
108666,13.572418,12.554989,13.255672
108667,5.6370773,5.708133,6.1305556
108669,20.122469,20.590809,20.284458
10875,5.351558,6.3364697,6.0897856
108781,-2.0880616,-2.513748,-2.3394506
108825,0.987257,0.58127165,0.8925762
108847,4.451425,4.378072,4.276585
108878,0.51665926,0.8369212,0.8702984
10896,0.34076834,0.3502798,0.3387189
108969,6.009552,6.484455,6.9993296
108972,4.4444227,4.3378935,4.4347143
108974,4.842475,4.756764,4.3871303
108992,-27.434925,-27.492004,-27.38608
109010,7.484676,7.329323,7.4088197
109023,-32.601124,-33.167816,-33.194218
109035,12.385822,12.285457,12.111013
109062,4.587752,4.419886,4.5553393
109124,8.180981,8.20254,8.181111
109141,-0.77430964,-0.6443677,-0.7708497
109185,-20.719025,-20.665043,-20.553972
109188,0.26230526,0.42508888,0.43503094
10920,3.5497007,3.6771636,3.875782
109245,12.052481,11.969456,11.898212
109259,13.897547,13.8651085,13.554335
109272,10.44298,10.204115,10.138798
109276,6.460594,6.337186,6.228443
109277,9.608879,9.5051365,9.729296
109286,4.6233487,4.764327,5.001071
109321,-0.48261595,0.08958864,-0.12483263
109334,6.340504,6.547895,6.513521
109343,-5.2668257,-4.7839847,-4.4505477
109349,12.277916,10.937119,11.198692
109372,3.5867448,3.7378404,3.7778997
109391,-2.461654,-2.088198,-2.0615299
109394,-4.485321,-3.098016,-2.810632
109415,-0.75243807,-0.12405777,-0.20043421
109475,-2.5367374,-2.794787,-2.7357392
109478,9.189217,9.141655,9.195535
109493,-0.52598476,-0.31274176,-0.632823
109495,-5.259324,-5.6847277,-5.393016
109517,1.7318134,2.0955014,2.2735295
109520,7.313876,7.743494,7.9688067
109553,2.6029048,2.71495,2.9240832
109560,6.547003,7.5055695,7.7116213
109561,15.803297,16.236324,16.54012
109562,19.563557,18.946877,18.9235
109566,1.2022681,1.306416,1.7351179
109567,-7.1137333,-6.994565,-7.029332
10957,6.36121,6.1813626,5.7603745
109570,3.127195,3.2630768,2.8721213
109571,4.186754,4.3527613,4.3750653
109581,-0.6029377,-0.40086603,-0.46904182
109602,2.142199,2.5701847,2.4326587
109619,0.44710827,0.594429,0.87910414
109623,-4.7288513,-3.3148992,-3.489949
109653,5.2384405,4.0975122,3.9104414
109663,9.46187,9.528559,9.545046
109681,3.1871362,1.7915831,2.7827392
109710,-6.694311,-6.193323,-6.841873
109734,-0.15890265,-0.4867363,-0.24882793
109737,-22.595776,-22.879642,-22.926907
109745,-20.783865,-20.858648,-20.811459
109748,-27.25871,-26.943228,-27.282166
109749,-1.6913307,-1.5998099,-1.7087514
109796,-22.3256,-22.282158,-22.10818
109805,-2.5943599,-3.211711,-2.7801175
109809,6.419565,6.931039,7.244879
109815,0.8558173,1.126307,1.308145
109821,6.297256,6.0258365,5.993918
109827,-2.6754174,-2.754125,-2.827026
109851,1.3392029,1.4333787,1.4753332
109857,1.3395267,1.2700267,1.667706
109861,-2.4229417,-2.5234714,-2.5434947
109879,1.0819778,1.1668382,1.110683
109881,-1.6137528,-1.8407917,-1.8669815
109901,-1.9159358,-2.630593,-2.7911232
109973,1.1447835,1.6907668,1.5610485
109974,1.4598217,2.0930643,2.01233
109980,5.8811173,5.7043176,5.7850313
109983,4.700555,4.664539,4.921475
110019,12.259752,12.142772,12.393327
110037,-4.4572706,-4.6354227,-4.581604
110053,16.302662,15.663404,16.151144
110057,6.207302,6.1617203,6.230059
110066,5.4690704,5.490054,5.3878794
110067,4.7859144,6.610974,6.925766
110068,-0.6156688,-0.2928028,-0.3295803
110071,11.542795,11.609985,11.507464
110081,7.4719343,7.203374,7.2958193
110088,0.68362284,0.25489187,0.25640202
110154,7.2951274,7.391035,7.485541
110185,-0.4972782,-0.2219472,-0.21841145
110204,2.8313508,1.8144975,1.6426301
110263,-1.9158423,-2.155289,-2.1154401
110278,0.48691702,0.5962362,0.5930872
110312,4.213264,4.62857,4.559247
110316,-7.8244185,-7.158817,-7.20398
110317,5.6721225,5.643539,5.709431
110319,-3.9399855,-3.5988076,-3.8149993
110333,3.50252,3.516869,3.2784529
110355,3.8689213,5.7040954,6.050436
110395,4.3961244,4.573097,4.3487825
110399,2.3017578,2.179627,2.2100878
110423,1.7298832,2.3076491,2.1774373
110436,7.943303,8.223905,8.3850155
110448,15.668214,15.633078,15.818528
110450,34.93509,34.812153,34.082397
110462,2.593952,1.7939563,1.6886721
110469,8.009103,5.610206,5.4501495
110472,2.387432,2.6039681,2.8120556
110475,1.2504992,1.3095007,1.1219206
110478,2.1429648,3.4274988,2.182191
110480,4.0034275,4.93958,4.6314406
110492,-0.20786619,-0.8416395,-0.71011114
110504,4.3546133,2.6734223,2.979024
110505,6.086426,4.9061,6.0914483
110509,1.9050183,1.0116673,1.7897196
11051,-4.2078853,-3.605142,-3.655558
110527,9.077694,9.62675,9.225961
110529,5.5416913,5.1610174,5.125588
110543,17.763227,14.902805,14.135839
110546,-0.748374,-0.4942851,0.0758276
110557,5.6555257,7.744897,7.6738524
110563,-0.8586545,-0.41848898,-0.2804947
110584,-3.6590571,-2.2939348,-2.5616565
110595,4.1617346,4.236862,4.095996
110601,3.1577573,3.9238029,3.853526
110603,1.9950349,0.60088015,0.6127567
110619,-6.934614,-4.8865166,-4.10095
110620,-45.99981,-47.60615,-47.854973
110622,-4.049477,-5.6987033,-5.7687435
110626,7.2439327,8.553244,8.281675
110631,1.0223231,1.068995,1.6408229
110637,-46.20404,-47.66626,-48.39649
110638,0.825881,1.4217949,0.8750973
110648,40.901165,40.723793,40.380028
110658,-49.65132,-50.091545,-49.6306
110661,9.155607,8.542524,8.419161
110679,0.30805922,2.7953753,2.8174605
110688,-1.5678585,-2.3887417,-1.872812
110694,14.101691,12.490465,12.356926
1107,3.3611608,2.777864,3.0379124
110702,-1.6407056,-2.0502434,-1.9471817
110709,1.8968902,2.208727,2.190185
110714,16.647135,15.461306,15.9591875
110733,9.490842,9.746201,10.189196
110751,-20.737162,-20.404877,-20.612213
110771,8.605286,8.476463,8.782732
110775,10.857379,10.892834,11.081362
110776,6.030764,6.578006,6.1136417
110790,-45.316677,-45.194965,-45.203506
110805,16.449223,15.453351,15.251519
110806,4.092422,4.2381983,4.518772
110835,3.385188,3.6086383,3.513188
110866,-27.68202,-27.12246,-26.51377
110869,7.8964996,8.183302,8.507157
110878,2.4307036,2.985867,2.562066
110879,1.7623482,0.5401182,0.66605043
110880,-3.9891016,-5.551577,-5.954737
110885,5.2758174,5.212183,5.181174
110893,-18.283741,-19.018147,-19.08434
110895,5.3064837,5.64168,5.364891
11090,0.44602013,0.4887662,0.86725473
110910,7.8542156,6.8960056,6.6931043
110913,22.882187,22.331476,22.857477
110920,-3.6823437,-4.347705,-4.4135995
110935,9.060383,9.57135,9.074875
110937,-0.7472887,-0.65967226,-0.87952375
110951,1.087059,1.5232038,1.1113596
110959,14.968729,14.783724,14.942192
110986,5.1261477,4.3977733,5.252245
110991,9.976228,9.756485,9.903267
110993,-1.5843279,-0.9811609,-1.6090605
111002,9.303762,9.013666,9.188774
111026,-1.1883464,-1.5847645,-1.8409524
111030,6.429275,6.7399726,6.561577
111031,2.2073135,1.8049335,1.7772975
111033,8.011102,7.746301,7.477231
111034,9.281685,8.833853,8.643501
111065,8.768339,8.826541,8.977402
111068,13.935896,13.632849,13.592847
111078,4.236014,4.197432,4.1576343
111079,2.450585,2.1401968,2.6508384
111082,-0.89745736,-1.3141358,-1.5042303
111089,3.0719666,4.0943456,3.685367
111091,-3.1445336,-3.6287694,-3.5484223
1111,12.639206,12.36986,12.310959
111119,0.4938898,1.7938433,1.8298831
111128,-17.078495,-17.071184,-17.130344
111129,2.1724963,2.0714421,2.1792946
111132,-8.057164,-6.7207046,-6.4781466
111135,-35.26488,-34.93756,-35.125065
111136,-0.3960023,0.11832285,0.20397425
111146,10.961315,10.877445,11.0926285
111155,2.0025892,2.0898962,2.2547684
111156,5.4376707,4.5341415,4.9896097
111160,-1.1087077,-1.165736,-1.6900709
111176,12.337391,12.492443,13.129543
111180,6.519027,6.961828,7.1309795
111182,9.00808,9.489591,9.757841
111191,-20.003891,-20.215977,-20.07106
111210,-3.124465,-3.6136498,-3.2345762
111211,1.888082,1.5149665,1.7980309
111224,-18.58935,-19.799503,-19.946142
111227,9.753992,10.896357,10.923327
111229,4.838999,5.0670247,5.0983844
111235,0.11821222,-0.17677116,0.34354353
111240,12.070221,13.597381,13.442565
111243,-0.57724714,-0.6203165,-0.58043385
111258,-1.2819939,-1.1783624,-1.3037329
111264,10.924547,12.286421,11.921864
111269,5.9018564,5.503977,6.0603914
111283,-40.350544,-41.222206,-41.593864
111293,5.2158365,5.132897,5.08328
111302,-35.888504,-36.874207,-37.662533
111303,-43.252506,-42.0628,-42.96585
111310,-1.1219072,-0.58760834,-0.553349
111313,0.45563698,0.5616894,1.0075359
111321,7.830573,7.0549397,6.9825625
111325,0.8105955,0.4762559,0.3834486
111330,22.736076,23.25587,23.201982
111333,7.0206776,5.5674014,5.3758125
111334,4.8063965,4.842992,5.0400767
111363,-29.741936,-29.17071,-29.252474
111364,-33.226463,-33.509247,-32.965004
111378,3.2294092,3.2335267,3.4136934
111395,-39.587254,-39.92299,-39.803703
111396,-1.8662527,-1.6091745,-1.7383845
111402,11.865793,12.288639,11.740807
111420,20.35486,21.303001,20.686857
111442,8.032035,7.3788147,9.498425
111443,7.9091353,7.863037,7.899221
111459,-6.2754536,-5.946512,-6.22288
111465,9.356162,8.242585,9.0050335
111466,-22.07777,-21.876844,-21.915401
111479,3.4173594,3.3283153,2.624353
111488,15.447239,16.774694,16.970106
111506,-1.8703196,-2.177633,-2.107443
111513,-3.1609185,-2.615297,-2.6545308
111520,15.619085,14.6382885,14.746147
111524,-4.032635,-4.1200294,-3.7557418
111533,5.8157787,5.760066,5.9580574
111534,-1.806114,-1.5229542,-1.7057569
111541,17.465723,17.438248,17.684046
111542,7.227416,7.405554,7.584751
111553,0.83861446,0.91743946,1.0391297
111556,15.036213,15.098955,15.044199
111560,7.5690174,7.846074,7.7870183
111569,6.292901,6.035481,6.2664676
111570,-1.9910665,-1.8822045,-1.9295831
111580,6.7425056,5.6880827,5.4915013
111583,16.399885,18.333382,18.780172
111586,-0.038431644,0.14883757,0.25815868
111605,2.8666782,2.939764,3.1847534
111614,0.39691257,0.34763193,0.51677895
111618,-2.396839,-2.5765154,-2.5979507
111623,8.054882,9.310038,9.433093
111630,6.0181274,4.6988463,4.5356317
111644,-0.39945173,0.27678442,0.2584362
111654,-36.576653,-37.296593,-36.976624
111659,15.82585,15.485851,14.809261
111662,0.26876163,0.46978188,0.6101303
111668,0.1614976,0.48801136,0.3564024
111686,5.6208644,4.9533434,5.274141
111701,7.772088,8.199385,8.211575
111705,9.599742,9.648395,10.535475
111713,3.8911915,3.780354,3.8654132
111715,-40.0332,-38.98004,-39.18542
111730,3.0930486,4.084154,3.826311
111748,-17.627922,-17.478912,-17.800388
111752,15.393238,14.867434,15.216654
111770,-1.6997788,-1.8426855,-2.0301063
111771,2.7073307,2.9411097,3.451222
111786,-33.979,-33.729088,-33.977943
111788,-49.150543,-49.374264,-48.963055
111792,-0.13689041,-0.017723083,0.10580158
111803,8.330699,8.093977,7.94749
111805,2.2450256,1.0698862,1.6513906
111817,-9.277374,-10.338589,-10.598905
111824,-2.9927511,-2.7094297,-2.7335434
111828,-3.3200743,-2.7444308,-2.9117467
111837,-0.92983246,-0.7829361,-0.3420105
111844,12.283762,14.161052,13.104063
111850,5.9748516,5.6679635,5.931378
111860,14.421471,15.008513,15.331413
111875,5.036085,4.051494,3.9267073
111877,8.380581,8.655765,8.567997
111887,3.7212892,3.8071022,3.7321472
111911,0.8868804,1.8883581,1.4165783
111926,6.163192,5.857882,6.1750703
111943,23.41548,24.06998,23.044727
111946,6.0111485,6.1823344,6.265305
111985,5.2354302,5.2120347,4.8452506
111991,21.117952,20.992157,21.225939
111992,20.408085,20.087711,20.49213
111996,4.9395485,4.838522,5.022541
111997,-25.944508,-23.540361,-23.292824
112019,-1.0524106,0.026497364,0.12333822
112024,-27.760817,-27.983013,-27.874737
112047,9.833548,10.963352,11.474491
112048,10.509346,9.970686,9.73567
112066,14.037729,13.669065,13.755495
112083,-14.303509,-14.647903,-14.597936
112104,3.6033943,3.2819684,4.475829
112105,-4.0310454,-2.9635172,-1.8266287
112127,15.542172,15.109834,15.0303545
112131,-30.382069,-29.572136,-29.724068
112158,-4.569565,-5.3128448,-4.7364306
112160,16.793663,16.335426,16.535755
112162,-6.0168257,-6.146024,-6.1564436
112176,4.2328706,4.305754,4.2181416
112177,5.2808185,5.7502227,6.3155193
112201,7.681761,7.5559483,7.6131063
112203,0.41199636,0.337852,0.623127
112216,13.464249,13.55452,13.863211
112229,17.594917,18.080616,18.199245
112230,2.44133,2.6070757,2.6340976
112232,7.3210907,7.295987,7.004218
112233,9.997192,10.347041,10.276438
112242,-26.21496,-25.56105,-26.477627
112247,-3.162082,-3.1267998,-2.9118035
112265,7.0536695,7.3647385,7.6036344
112274,18.260513,18.02711,18.148285
112280,9.756692,10.251279,9.698308
112291,11.172361,11.682381,12.2005005
112298,20.844719,20.554441,20.32596
112299,8.188869,9.057612,8.014851
112304,1.113955,0.9746814,0.8099079
112312,46.47637,46.90728,46.532764
112313,21.007364,21.455524,21.305777
112317,1.5469267,0.48464775,0.69120455
112346,8.186365,8.6028595,8.767904
112350,6.952889,7.1612067,7.169321
112366,-29.66894,-29.618069,-29.609528
112383,0.46149206,-0.11004591,-0.029586792
112394,-1.9386797,-1.4958968,-1.4664636
112396,15.353594,15.709756,15.079014
112397,1.6391182,1.5793633,1.7770724
1124,1.0889854,0.21614695,0.37995243
112413,12.263157,13.350447,13.654543
112431,10.783396,11.057386,10.981163
112439,-8.862555,-8.87861,-9.118446
112446,7.5274644,7.704483,6.880043
112448,8.382053,9.113773,9.291001
112451,-0.42914104,-0.112188816,-0.19654131
112469,15.1323805,15.459741,15.571331
112479,7.602216,7.0269823,6.9689617
112481,4.4090705,3.779224,3.751669
112495,-24.244505,-23.945686,-23.911755
112503,-35.692425,-36.246067,-36.788807
112523,5.1172457,4.428639,4.415778
112528,11.983192,9.630032,9.832726
112537,13.836404,13.813602,14.001801
112539,-24.077984,-23.787922,-23.718754
112560,-29.678955,-27.683834,-27.803936
112568,-3.5060656,-3.566848,-3.6125357
112582,7.6614017,7.5959077,7.7342796
112612,6.22558,6.1139684,6.2303033
112649,-0.7997117,-1.1479716,-0.8677511
112688,6.8010163,6.7310367,7.0498357
11270,3.4115856,3.3722878,3.6268067
112714,10.333087,9.538883,9.974134
112747,12.476018,11.123077,11.11784
112753,5.351951,5.392763,5.617883
112754,0.27953482,0.16272211,0.099524975
112815,4.631029,4.338583,4.710325
112816,7.4107814,7.190945,7.3905396
112830,1.945148,1.9125824,1.8652587
112833,7.0148783,6.453598,6.4914746
112837,13.2316065,14.1566105,14.597968
112846,-0.5589981,0.06140566,0.36006355
112855,3.291866,2.9792495,2.9468312
11286,2.8927293,3.6349149,3.7625413
112869,5.781345,5.7502193,5.808428
112875,14.863848,15.0770235,14.3860035
112880,17.195015,16.471737,16.71891
112885,11.312741,11.041698,11.110371
112887,17.08733,16.786129,16.997307
112890,19.208952,19.428268,19.05647
112893,-15.285798,-15.430389,-15.8323765
112895,7.4118853,7.412148,7.5195394
112926,-7.3085027,-6.9653707,-6.8721614
112931,-2.5560286,-2.709535,-2.5285618
112933,4.6140814,4.8750253,4.522134
112936,-0.7318189,-1.4164362,-1.1515312
112937,4.437193,4.9877176,4.8931265
112969,5.2226653,7.19586,7.4532623
112992,15.743238,15.5325165,15.592846
112995,-2.7315028,-1.7333457,-1.7478654
113026,3.655086,4.2631407,4.4019494
113036,-0.03398943,0.48635578,0.5719652
113043,4.6819663,4.8081875,5.8315086
113047,-1.4143736,-2.069012,-2.037111
113067,-56.60855,-56.551983,-56.77024
113070,3.2103033,3.0145698,2.8428612
113083,-43.609184,-43.041264,-43.80601
113111,14.881957,15.040454,15.585091
113114,-5.4816494,-5.317832,-5.4657793
113128,6.47228,6.568923,6.6517286
113132,7.919929,7.52389,7.577006
113136,7.466683,7.0364757,7.0058775
113137,7.9785013,7.9904413,7.753793
113138,7.492157,7.4570284,7.492108
113141,2.487577,0.61687756,0.71062756
113154,12.441004,12.249294,12.436739
113162,10.9323845,10.190906,10.121051
113163,1.3421967,1.6871271,1.5769594
113185,16.062742,16.745287,16.712978
113194,8.280439,8.182407,8.338055
113195,9.492674,9.152916,9.200197
113211,24.132206,24.507607,24.448332
113219,9.095803,9.0694,8.941938
113221,3.59336,3.3518987,3.4999657
113233,-1.8583319,-1.9078515,-1.8703301
113245,4.2890654,4.6373963,4.93419
113253,21.869978,21.061523,20.924692
113258,11.201464,9.8135,9.853584
113259,0.36151457,0.92820454,0.14608526
113260,5.4867473,4.8518186,4.2991843
113271,10.869707,11.036239,11.160223
113279,-3.2546268,-3.185089,-3.3156652
113280,3.4051318,3.3240066,3.3183565
113293,0.18593836,0.44340992,1.0013199
113309,11.270629,11.557141,11.4971485
113325,12.009396,12.149656,12.326944
113336,-36.449017,-37.18902,-37.35663
11336,3.4975414,3.7686634,3.6962605
113390,-5.124106,-4.375432,-4.5743804
113393,-2.214716,-1.6336465,-1.7661781
113409,7.367235,7.083957,7.434965
113410,5.205142,5.3355274,5.36524
113434,3.4815574,4.141945,4.739483
113438,13.461935,14.014189,13.826829
113457,0.6692333,0.27751875,0.42125654
113471,-34.144424,-34.166687,-34.108353
113504,11.665105,11.500597,12.877258
113507,-54.716034,-56.084908,-56.65875
11351,-0.065858364,-0.7186246,-0.47759008
113515,-8.642338,-8.434745,-8.077923
113517,11.921358,12.130325,12.55442
113523,5.4480553,5.5320725,5.57513
113551,-6.369516,-6.6039586,-6.5687084
113553,14.8245945,13.025394,13.087492
113559,1.7286863,1.7149649,1.6040416
113566,15.073693,14.988062,15.0378685
113583,8.811355,8.916269,9.267237
113617,3.202283,3.0548167,3.1605916
113625,2.584009,1.3350573,0.97142696
113627,5.8344297,5.2144594,5.1780186
113632,3.876738,3.9457066,3.8258495
113641,3.5565553,3.8561702,3.8198519
113642,15.875524,16.019852,15.835866
113683,12.233673,12.432081,11.938925
113686,7.4325876,7.4053774,7.431954
113689,9.810055,10.13961,9.958963
113690,13.67679,12.786354,12.952609
113694,18.985983,19.270042,19.191837
113698,2.0976825,2.0054202,2.1851673
113711,-0.98030376,-0.7852826,0.18373585
113715,10.793426,10.801001,10.203691
113728,1.3862648,1.2737298,1.3474312
113744,13.4482,14.076431,13.839378
113747,3.716331,3.5929952,3.3282633
11377,-2.4889657,-2.377545,-2.2691104
113771,5.1974216,5.2295985,5.2392526
113785,1.1104941,-0.33628607,-0.11963606
113790,3.5694408,3.6469584,3.3043952
113792,-0.64627314,-0.5291095,-0.3991623
113813,1.9687493,1.5265667,1.4775691
113821,8.896185,8.995811,8.966167
113828,-21.542055,-22.252596,-22.099915
113853,7.839654,7.322362,7.518589
113854,33.299194,34.877728,34.504883
113864,-3.5373063,-5.6160645,-6.033193
113872,9.513958,8.80089,8.687992
113873,-38.730164,-39.52733,-39.715675
113874,-44.30393,-42.954025,-43.47851
113878,16.710152,16.226921,16.148335
113902,-27.252377,-29.71862,-30.232035
113904,1.6351724,2.1820989,1.7846589
113905,-2.2632842,-2.9406939,-1.6713471
113907,13.35762,12.114796,12.122451
113909,-2.4974725,-2.9138496,-2.7845504
113915,10.7523155,11.017664,11.402721
113916,0.58647585,0.27083397,0.010448933
113919,2.8391461,6.2470775,5.7820544
113930,28.823324,28.176735,27.186049
113940,-1.211514,-1.9698858,-1.842999
113945,6.3653083,6.5151987,6.501478
113948,1.3426557,1.3186145,1.3613873
113987,23.723295,22.968754,23.137909
114002,-47.720963,-47.04734,-46.741093
114023,10.843004,10.404081,10.631604
114028,6.3203173,4.9743547,5.10483
114032,4.437564,4.776119,4.4774303
114045,-1.996274,-1.4483023,-1.5616751
114051,17.93097,17.842768,17.468397
114053,7.678542,7.551868,7.262878
114080,-4.027081,-4.1741385,-4.0284853
114088,0.8026123,1.2216258,1.7914419
114115,3.4847636,3.3452163,3.19135
114141,-2.3449385,-3.03852,-2.79236
114143,11.9418125,12.288586,12.389369
114162,-12.720219,-12.91124,-12.541473
114168,12.004023,12.976333,13.52059
114176,9.811951,9.629238,9.637522
11418,4.5746737,3.9745693,3.8660207
114183,6.9828286,7.395251,7.5107875
114184,-5.46038,-6.1569123,-5.8730693
114194,10.038193,9.693752,9.460487
114201,-1.112462,-2.321435,-2.328844
114218,-1.486589,-0.2845521,-0.4584856
114224,8.118553,8.964795,8.844243
114225,8.8046875,8.369312,8.445597
114227,-0.049170494,1.2651663,1.2453725
114238,-0.9587827,-1.1361675,-1.2330408
114269,-1.4697146,0.05234289,0.46583223
114283,12.653676,13.407185,13.518494
114322,4.6494117,6.0568504,6.71023
114349,8.128196,8.258654,8.605022
114385,0.93056965,-0.039918423,0.20115852
114389,10.460249,9.168112,9.639364
114390,0.25584078,1.2050619,0.4145999
114402,3.4794583,3.3976665,3.5765123
114419,17.197277,16.101995,16.387383
114452,3.396037,3.9443355,3.6114564
114464,8.35973,8.379408,8.312033
114502,-22.096796,-22.102537,-22.168066
114519,-2.5431023,-2.5245657,-2.5764303
114532,-2.3913918,-1.5369658,-1.3208528
114538,-0.46322203,-0.40460587,-0.39455175
114546,8.675535,8.776381,8.447265
114564,6.50038,6.9128623,6.9388375
114567,-7.3552604,-7.837173,-7.4518886
114568,3.111245,2.045425,2.04247
114575,4.761539,4.7469397,4.937983
114592,-35.773888,-35.845825,-35.88972
114595,2.0452905,1.8385086,1.814589
114596,3.1879911,3.2579618,3.6006699
114603,2.5839539,2.1684737,2.4015622
114610,12.310658,11.924729,11.929316
114625,-0.030478477,0.4872284,0.17461538
114647,0.17095661,0.10660601,0.16659021
114657,2.995995,2.9560232,2.9820418
114659,6.5408883,7.195674,6.9899516
114660,-0.6410186,-1.5782378,-1.3309047
114663,8.722242,8.755155,9.111147
114664,12.204063,12.213612,12.409482
114680,7.450182,7.539961,7.676075
114681,1.5597887,0.2498455,1.2027674
114685,6.2065363,5.998027,6.5396743
11469,3.1685762,3.38978,3.4548998
114692,4.6216936,4.416444,4.763042
1147,-7.49253,-8.580226,-8.884272
114701,20.776867,19.975807,20.029942
114738,-0.61531353,-0.6401906,-0.32921934
114741,-3.1119041,-3.480515,-3.418898
114742,1.345665,1.0193596,1.1442165
114757,7.7839684,7.854554,7.9188094
11476,1.6195416,1.8702092,1.650217
114763,6.357568,6.304769,6.2852983
114769,14.354858,15.093828,15.752816
114770,6.9056153,7.207588,7.309745
114771,10.334084,10.175554,10.178601
114777,4.8974447,5.323696,5.439654
11478,7.3743806,7.0055757,7.0686154
114784,7.613494,7.721686,7.3510785
114789,14.658056,14.906559,14.482383
114790,11.10417,11.223749,11.139457
114791,10.935797,10.952109,10.849322
114794,0.14365768,0.72700167,0.95227766
114821,-29.52917,-28.86537,-29.137001
114836,9.728856,6.7481174,6.8121834
114856,1.5952525,1.6651759,1.6581578
114858,2.5570927,2.7283854,2.8464332
114871,26.231594,24.994995,24.807255
114876,11.92363,11.755091,12.598366
114897,8.758251,8.960085,9.4377575
114905,0.15616798,-0.33886147,-0.18060398
114912,6.2763186,5.1734233,5.3065343
114923,11.60375,11.840252,11.548001
114928,4.877249,5.009273,5.0116167
114934,2.4487724,1.1603303,1.2364616
114943,2.3955193,3.6000433,3.0386276
114949,0.32144833,1.1971841,1.7304249
11495,-1.9580445,-2.314259,-2.5561566
114954,8.957035,9.063738,7.5228605
114955,-5.827236,-5.380841,-6.300437
114958,9.822307,10.591013,10.788446
114963,3.8305988,2.7268887,2.436006
114985,-22.785898,-21.87284,-22.85886
115000,10.237492,10.003892,10.18783
115008,1.5768332,1.6614861,1.8645191
115010,16.477556,16.314829,16.338375
115018,-19.930115,-19.900711,-20.396002
115025,1.1538715,1.0864348,0.6574626
115033,5.399152,3.958757,4.5339847
115034,2.1707597,2.9984531,3.0817795
115047,18.122173,18.111383,18.385698
115049,9.112684,10.080764,9.921034
11505,-1.3886037,-0.5162735,-0.40419436
115058,6.938034,8.175606,8.201848
115067,0.7362771,0.51254606,0.399889
115072,5.540433,4.373107,4.8955235
115075,1.4020681,2.0678034,1.8979793
11508,6.8936963,7.4303503,7.3842406
115081,-1.9695606,-1.571271,-2.107216
115083,6.3788934,6.6839275,6.5425262
115087,30.893227,30.19974,30.699518
115095,-33.92955,-33.85661,-33.65528
115096,8.0954,8.180123,8.1247
115103,1.817205,1.2960753,0.63590956
115112,1.1479478,1.5960364,1.528636
115113,3.7482014,5.9977574,5.8365016
115125,-17.418713,-17.745632,-17.568556
115134,0.14590025,0.17688131,0.4736929
115137,3.9214244,3.4238453,3.4418888
115147,0.88836765,1.165164,1.7579722
115154,8.882092,6.914409,6.663652
115159,5.0373025,5.069886,4.817827
115161,-6.9402328,-6.3415723,-5.9696507
115167,16.793755,16.732895,16.964752
115172,2.4093401,2.2437122,1.683281
115176,3.732637,2.560718,2.9838476
115177,31.270035,33.679848,35.11758
115183,13.097811,12.314236,12.501813
115185,12.659815,10.940186,11.64569
115193,9.669431,10.005281,9.918789
115194,3.4369497,3.8455439,3.8803368
115196,-0.34820986,0.17057514,0.11101484
115213,27.435781,26.701462,26.030943
115215,2.578443,2.1340952,2.4245896
115226,5.9512277,5.06784,5.0602026
115258,4.871291,4.968151,4.61492
11528,6.526284,6.481914,6.51717
115280,4.526408,4.3378086,4.5503306
115295,9.733025,10.000499,9.894356
115310,-2.3451765,-2.4549086,-1.9983013
115320,-3.8734567,-3.3254936,-3.9297764
115337,6.534051,6.29753,6.232644
115346,-29.488092,-28.885162,-28.978708
115347,5.70323,6.13598,6.400748
115372,2.3509402,1.9857998,2.3233275
115375,0.83575726,1.090517,0.7748356
115393,-23.166327,-22.72326,-23.381758
115396,0.6317122,0.51789856,-0.06926584
11540,-33.901756,-33.901474,-33.90937
115400,0.87030125,0.084786415,-0.051169395
115402,15.16829,15.65601,15.317406
115405,1.6276135,1.6672139,2.1350465
115416,9.57012,9.839413,10.154104
115428,9.338436,7.927487,9.522039
115432,-6.1223373,-5.700887,-4.92598
115441,5.39157,5.785561,5.110378
115444,-4.937307,-4.683852,-5.020039
115481,-16.488897,-15.035903,-15.237608
115489,6.925342,6.1798315,6.3639364
11549,4.162622,4.470257,4.8394794
115503,-2.9163682,-3.0276506,-3.5049489
115507,-0.70527077,-0.81308603,-0.5184884
115511,6.5891533,6.5538974,6.7877
115519,-0.77343297,-0.8161347,-0.8253176
115521,10.386482,10.265858,10.1768675
115524,-1.5364738,-1.3156495,-1.0750442
115538,-2.732939,-2.7491152,-2.6699207
115544,2.5885344,1.5356379,2.0082598
115553,12.721276,12.781761,13.157542
115578,9.615024,9.159661,9.455046
115579,10.201212,10.076927,10.250672
115580,-0.7499571,-0.31990004,0.018587112
115581,1.1418133,1.3788848,1.6988535
115583,1.937252,2.463749,2.8437948
115589,-0.36812353,-0.5068035,-0.12018108
115590,1.3540287,1.1499224,1.3630247
115591,-0.95288944,-1.2982545,-1.1153803
115605,11.811365,12.484075,12.41374
115607,-20.60865,-20.502148,-20.557402
115614,12.975119,13.608913,13.500132
11564,-28.306036,-27.414494,-26.882378
115645,-7.829953,-7.432314,-7.360203
115646,18.415369,18.366808,18.567232
11565,5.261291,4.762601,4.9227166
115654,3.1843,3.3802419,3.5249171
115656,0.95677567,1.0059528,1.2166061
115657,-27.593567,-27.789017,-27.60837
115658,30.770512,28.96829,29.777462
11566,7.3253326,6.6169586,6.8651037
115665,3.2397132,3.861113,3.720251
115673,3.365941,3.2627707,3.2760267
115675,4.355856,4.047553,4.2315526
115684,7.6798983,7.595444,7.701867
11569,-4.664659,-4.7533946,-4.9014797
115704,20.530863,20.963152,21.042023
115714,7.5719547,8.1584015,8.649694
115731,5.0197124,4.2454915,4.1967363
115752,1.8497124,1.578084,2.351032
115783,-0.061161995,0.008541584,0.05670452
115810,-5.482077,-3.4525871,-3.7659798
115827,11.335674,11.795834,11.87578
115828,-0.5379789,-0.57760596,-0.30277896
115831,1.2046118,1.2820764,1.5845971
115838,23.995964,22.907616,22.647306
115839,4.1756988,4.7398133,4.3387256
11584,2.0004883,2.1277537,2.475934
115859,-0.13991022,-0.900857,-1.1344528
115871,10.110425,9.955329,9.642107
115877,2.1523461,0.3729434,-0.098510265
115879,6.7459188,6.8018584,6.4995184
115890,7.307848,7.6262665,7.6098547
1159,-5.0059023,-5.3679495,-4.888067
115940,-20.941233,-21.009647,-21.340797
115953,5.3210325,5.1519747,4.9185934
115959,10.447646,11.276163,10.799327
115976,16.708485,16.892918,16.513302
115977,-3.4158578,-2.979156,-2.8156214
11599,10.356693,10.114128,10.135422
116000,5.326879,5.3978534,5.4018884
116002,4.0863514,4.435288,4.521485
116016,20.357481,20.024485,19.66278
116024,9.874361,10.5829315,11.125912
116032,-4.077537,-4.063551,-3.764534
116040,8.92723,9.2220545,9.382277
116046,0.79831266,1.5305777,1.5186386
116049,-2.254567,-2.2487862,-2.1571739
116052,5.0514603,5.042231,4.989827
116061,1.3077793,1.204535,1.1627088
116062,-5.1372876,-4.859367,-4.681996
116066,13.753056,13.801868,14.217199
116069,16.1303,16.66124,16.883041
116070,11.464993,11.783884,11.669548
116074,-3.268039,-4.1936655,-4.0505204
116075,0.42578173,1.2574635,1.7092185
116077,0.94834185,1.1062903,0.9723978
116078,7.161534,7.308304,7.284355
116082,2.9155583,3.0766158,3.019422
116096,5.1340747,4.6852884,5.2299004
116109,13.426041,9.751783,9.04746
116113,7.7032385,7.585951,7.4608765
116146,9.009409,9.050176,9.119549
116160,8.656604,8.568942,9.001002
116168,-1.3910353,-1.9104798,-1.9434373
116186,5.3414345,5.303138,5.5094504
116202,-0.72205544,0.119989395,-0.556417
116210,2.7699127,2.2490044,2.3368134
116246,5.316021,7.015113,7.5781317
116248,22.380232,23.281078,22.668331
116258,9.177326,10.38042,10.057413
116259,-46.955357,-46.431667,-46.67071
116272,0.18038607,-0.6080518,-0.8354478
116273,0.0052218437,-0.1180253,-0.20154238
116298,22.852095,21.264713,21.276312
116299,5.828822,6.074995,5.9876
116300,5.3321776,5.8601584,5.5902705
116301,8.043938,8.340391,8.455931
116349,2.1045504,2.4813147,2.4968386
116354,13.231971,13.193077,13.1956005
116360,20.322924,17.669147,17.873745
116361,28.898106,29.27933,29.97425
116365,20.76141,21.836449,22.071198
116374,-45.464615,-46.32229,-45.901035
116386,18.83234,20.434464,19.960545
116396,12.048992,12.56639,12.271167
116400,-6.280122,-6.1610975,-6.2748938
116412,5.7820773,5.793396,5.80536
116418,13.505734,13.649618,13.716574
116420,11.915578,12.336321,12.326853
116424,1.3774903,0.30407906,0.29736567
116456,26.709343,26.240707,25.880089
116469,10.30154,11.547352,11.261961
116473,11.082141,8.582117,8.485835
116485,-31.52466,-31.415422,-31.817692
116487,-30.413797,-30.5416,-30.510439
1165,-0.84416914,-1.3907819,-1.4802818
116501,6.7671895,6.0448136,6.293289
116510,3.5204487,2.4880815,3.1502366
116511,9.908468,9.296778,9.583654
11652,4.454985,4.665475,4.6313725
116529,-6.253315,-6.6665106,-5.852113
116533,-45.96763,-46.151672,-46.19084
116542,-1.8669634,-1.0788007,-1.3105412
116544,72.15077,68.551445,67.77947
116560,2.6155806,3.1588326,3.3624873
116571,9.937321,9.848984,10.394193
116587,-1.5397735,-1.1748328,-0.52519464
116606,-46.80083,-46.30645,-46.21026
11661,1.790329,1.7078538,1.5725636
116611,3.9186745,3.7473826,3.785737
116615,1.1240697,0.50245523,0.88907886
11662,6.9556475,6.845004,6.826017
116623,12.934509,12.435643,12.5312805
116631,9.688347,9.442885,9.475649
116632,6.7770433,7.0109587,7.1280613
116649,1.3719907,0.9539609,1.3827419
116707,6.408604,6.167004,6.1938906
116729,-54.29592,-55.36016,-55.749393
116733,-38.82544,-38.677467,-38.021435
116734,0.04327011,0.09633398,0.060378075
116739,10.156205,10.487921,9.943368
116740,6.535617,6.584742,6.7763977
116749,7.5715294,6.712305,6.6229763
116757,9.974451,8.5679245,9.217406
116758,0.8451693,-0.9703982,-0.6737013
116762,10.585329,10.2087555,10.220539
116773,-0.9019556,-0.67773056,-0.79277754
116776,-36.96043,-35.3861,-35.375916
116780,-0.7944238,-0.845958,-0.6435249
116782,-0.46344757,-0.41244078,-0.32548046
116815,20.07079,20.300375,20.216194
116825,0.57820845,1.0022821,1.2419543
116838,5.1943555,5.0099506,4.854085
116839,3.8194299,4.1047854,4.482515
116842,-0.62463856,-0.4686551,-0.10428047
116881,14.227005,14.944077,14.65242
116889,0.41582966,0.6584096,0.4881153
116914,-1.8068209,-2.1570382,-2.5314531
116918,13.035462,12.085424,12.268625
116934,-0.49351025,-0.9635534,-0.89230156
116935,0.3713808,0.07888985,0.2583928
116939,1.7051024,1.3422046,1.474946
116944,0.559299,1.0268002,1.1722775
116947,5.7414293,5.5162864,5.867795
116948,8.621867,8.819372,8.82791
116986,9.523603,8.206934,7.950752
116997,2.5349717,2.9592533,3.6740098
117005,33.968174,33.50236,32.218796
117015,-3.3885972,-2.9425585,-2.6192605
117016,13.612526,13.404842,13.734116
117024,5.313848,5.7391276,5.5743184
117026,0.25381708,-0.06500292,0.32510853
117031,3.9817138,2.9275398,2.8967266
117043,-1.5247145,0.4863448,0.29396152
117049,-0.39910746,-1.4647036,-1.3925605
117052,-7.6298676,-6.936222,-5.682929
117061,31.203085,31.056437,32.67693
117068,11.326704,11.570848,11.963143
117070,29.020391,29.005198,26.769268
117087,1.6094651,2.626048,2.558711
117100,0.53512096,0.5282588,0.7193537
117101,-0.31063986,-0.18038225,-0.32641506
117112,3.1360273,2.2654476,2.9481392
117114,0.06910372,0.11807585,0.40203333
117115,7.8417425,7.8839726,8.047313
117131,11.882766,11.979715,13.024926
117141,-0.76913595,-0.30972576,-0.36210012
117142,0.29579592,0.5238433,0.857389
117153,1.6919103,1.7491007,1.7276974
117158,-10.3079605,-8.894012,-8.430502
117169,0.28315258,0.28916788,0.32790518
117173,1.0925269,0.83264256,1.2494297
117174,-3.5311527,-1.8886524,-1.7693497
117178,4.9646597,4.43722,4.3603487
117183,11.102139,11.019922,10.589098
117187,2.2524576,1.871295,2.2647362
117196,3.9406102,2.7361174,2.3795714
117197,12.562099,13.102452,12.0178385
117212,6.532564,6.433406,6.5151987
117216,9.201746,8.81528,8.654003
117219,4.703084,3.0878787,3.1890688
117221,5.5195675,5.56904,5.616492
117238,3.6796007,3.7682042,3.9235888
117239,2.0686083,2.344586,2.705215
117244,-1.5513747,-1.5688689,-1.7037723
117250,-1.8630159,-2.0619156,-1.9962223
117252,5.132112,6.386723,6.7716784
117256,-2.1379855,-1.8480937,-1.9520571
117258,-6.482284,-6.477656,-6.6337886
11726,5.399869,5.235647,5.2895284
117260,12.09403,13.283916,12.91605
117272,4.6897497,3.298441,2.9763212
117317,-6.2016077,-7.966074,-7.6808786
117323,3.6505055,3.8445168,3.4859428
117326,-1.7309222,-1.0235372,-1.5218415
117330,12.613403,12.866389,12.750419
117335,2.1450596,2.3474307,1.7021394
117344,-1.6458092,-1.799159,-2.2827878
117350,0.16291237,2.292121,0.5854168
117358,-3.8412187,-4.014795,-3.7483447
117370,0.4896474,0.23688745,0.7136636
1174,-5.8660297,-5.955084,-5.6056004
117434,20.310743,20.101982,20.092564
117436,2.1067753,2.8417978,2.8329968
117441,7.0337653,7.182288,7.246307
117442,11.035053,10.249989,10.399012
117443,6.267105,6.5607224,6.703976
117444,-0.691689,-0.6224332,-0.23467588
117448,1.4037032,1.3390632,0.9663954
117460,-3.1873486,-1.5039041,-1.3834207
117463,-6.4237556,-6.366827,-5.8819895
117487,4.9114327,4.9238987,6.4725904
11749,5.792039,5.376013,5.6067204
117524,22.737213,22.523268,23.821363
117528,5.503004,5.3159075,5.386529
117550,9.9478245,10.063398,10.046977
117551,21.031483,21.373354,20.955883
117561,3.413875,3.1961002,3.2647052
117578,19.540075,19.280697,19.5887
117579,4.7137427,5.0142837,5.239721
117585,-7.3446593,-8.525337,-8.143131
117587,22.112862,22.203661,22.537766
117588,5.2060857,5.2868385,5.5617414
117589,9.060927,8.455708,8.5023155
117590,19.761724,19.634054,19.359589
117597,-2.926104,-2.1221824,-2.3188214
117605,5.902747,4.991408,5.0142937
117609,8.747148,8.417534,8.5636425
117617,0.43827963,1.3083916,0.5073843
117619,14.100971,15.044764,14.771297
117627,12.16799,13.031427,12.969475
117630,1.1231031,0.06415844,1.0446758
117632,10.438006,9.892818,10.198499
117638,8.639293,8.604853,8.551514
117639,7.4358134,6.923892,7.0326242
117645,20.990921,20.308847,21.826181
117646,8.206144,7.656891,7.746944
117648,22.62536,22.367197,22.319704
117659,-1.9126277,-2.8179388,-2.5906181
117660,-26.993883,-27.055737,-26.844225
117672,8.219992,7.869425,7.719809
117679,-23.180529,-23.168116,-23.134752
117698,-5.632643,-6.089355,-6.112047
117700,11.600541,11.690638,11.7937565
117710,14.044244,14.125218,13.268187
117713,8.1564865,7.9175324,7.5936365
117718,4.011875,4.5608735,4.579505
117723,-1.474627,-1.2391067,-0.7667594
117734,13.1707,13.07684,13.21561
117745,-1.4800174,-1.8278272,-1.6671636
117764,8.328974,8.20932,8.437838
117778,8.160713,8.238451,8.61198
117781,7.104112,7.5615773,7.2835894
117782,6.3344617,6.4209833,6.2737656
117790,20.351553,19.543783,19.394215
117800,8.126338,7.786696,7.413778
117809,0.28718758,0.9232421,1.2102757
117811,-1.7733905,-1.9742949,-2.0093048
117825,11.877817,11.769236,11.886962
117835,9.670976,10.160046,9.956842
117839,-1.8207293,-1.8560977,-1.9030256
117864,9.230445,9.078411,8.930069
117865,9.135215,9.520067,9.537871
117867,11.151632,11.48769,11.0857315
117868,12.8194275,12.926165,12.634233
117876,-41.01148,-40.983303,-40.99447
117886,13.021347,12.906193,13.216595
117887,6.903467,6.1011195,6.0105047
117893,9.144825,8.960707,8.672998
117895,5.2952914,6.1134977,5.7009783
117902,-0.5731387,-0.8094468,-0.6174321
117919,-36.45863,-37.2938,-35.532192
11793,6.049889,5.8908243,5.961757
117940,9.212669,7.5746074,9.020655
117941,12.1410055,12.269712,12.129515
117963,-1.8513329,-2.2783196,-1.9318521
117970,12.697995,12.483267,12.732193
117982,2.713099,2.7585506,2.760738
117986,12.208633,12.278772,11.949352
117992,9.468695,9.318975,9.403465
118004,26.110188,26.042534,25.905437
118007,-4.7606597,-4.4556866,-4.433374
118022,-3.2032905,-4.214091,-4.7748685
118041,13.909825,12.977411,12.867164
118052,11.998882,12.735115,10.15937
118058,13.555527,13.183459,13.363121
118067,20.689642,20.56488,21.052845
118072,17.934519,18.196808,18.267246
118088,-5.4301186,-7.3682146,-6.5765276
118102,3.8949518,3.9762783,3.880724
118108,-2.2885103,-2.8988075,-2.9749336
118114,2.0756712,2.4699202,2.5742583
118115,-2.8639026,-3.7380028,-3.6277375
118120,-0.14575148,0.8960924,0.8278804
118126,0.43422604,0.6922798,0.08554411
118130,-7.224147,-8.475829,-8.060064
118133,8.633665,7.290571,7.9669766
118143,6.461408,7.0585575,5.868483
118148,12.740189,9.969496,9.844607
118158,8.5692425,8.890974,9.374579
118173,-42.58851,-42.895927,-43.477566
118179,-5.2776246,-5.4767118,-5.2523646
118192,-4.599,-5.764306,-5.9681773
11820,-25.95578,-25.37119,-25.436954
118202,-0.31305504,-0.2813487,-0.23370075
118207,-2.778001,-3.5998924,-2.9722512
11822,2.165419,3.240881,3.1030946
118223,0.1517148,-1.313262,0.2701478
118230,-3.9227457,-3.9019828,-3.8446412
118235,-1.9397249,-1.2678556,-0.99775505
118238,-0.5614805,-0.75683737,-0.7835889
11824,-57.21877,-57.064808,-57.20326
118250,6.328258,5.963668,6.3330736
118255,5.7057343,5.1028285,5.5404363
118272,-3.4138718,-3.4755607,-3.1525693
118275,9.006016,8.262834,8.8811455
118288,-7.9595604,-8.313188,-7.818794
118293,-14.530928,-12.926414,-13.357048
118295,-1.2771015,0.3043208,0.27622652
118300,-3.5786555,-2.3829477,-1.8417523
118309,-8.059555,-9.054617,-8.776484
11832,2.864036,2.56293,2.7095823
118332,0.5000739,1.2984047,1.0774279
118335,9.577099,9.965997,10.224568
118356,9.845989,10.025591,9.008099
118358,0.01946497,-0.19246721,-0.11171007
11836,-0.07073307,0.062722206,0.3612032
118360,12.885571,12.82513,13.330632
118392,-7.224119,-7.8270097,-7.7669725
118403,-34.479904,-34.481556,-34.73787
118404,-21.636831,-21.408028,-21.73596
118409,10.394714,10.561329,10.539316
118419,10.404977,11.25227,11.183032
118420,-4.758234,-4.336621,-4.425734
118422,5.190526,5.376592,4.8680205
118441,12.611767,12.596073,12.696204
118444,-34.835777,-34.717712,-34.662083
118456,3.4974928,3.697658,3.9094806
118457,1.1546164,1.2947664,1.6138182
118460,2.5326228,2.8962255,3.119348
118464,8.806761,9.027933,8.968622
118478,3.8567939,4.5266356,3.9673705
118479,0.25170088,-0.8689251,-0.71155643
118504,1.1517196,1.3215299,1.070569
118510,-2.0996375,-1.8555119,-2.6286771
118515,-1.4307349,-1.2252414,-1.2963688
118516,-9.538886,-8.740803,-8.912184
118519,-7.3960958,-6.3280354,-6.8135247
118520,3.0842361,1.839026,1.8313036
118536,3.6671963,3.010548,3.208168
118541,8.578934,7.659705,7.341032
118549,1.259839,2.4512076,1.9770699
118558,3.7385917,4.925572,5.014049
118560,-5.257621,-4.791251,-4.448949
118573,3.7509003,3.743487,3.920826
118585,5.265578,5.2389,5.340722
118590,-30.81064,-30.73449,-30.651833
118610,1.4861021,1.7805576,1.5297251
118612,12.777254,12.552868,11.4693775
118615,6.375761,6.12386,6.411616
118621,0.69278955,0.75887775,0.6323304
118632,6.16722,6.633798,6.224699
118633,6.512554,7.010459,7.4312315
118645,6.6264143,6.7490144,6.8014526
118656,7.3733325,9.213708,9.4213505
118665,16.261295,15.689714,15.500316
118675,16.799587,15.37145,15.627977
118677,10.147203,10.3146,10.312893
118680,16.60848,17.688671,17.165714
118684,2.3184133,3.0655084,2.5718691
118686,10.169655,9.292997,8.498142
118691,4.504647,4.4876204,4.8137145
118695,11.10115,11.284129,10.558755
118708,7.120853,6.6245794,5.851855
118709,18.864021,19.064844,18.524015
118712,9.140815,9.041074,9.163654
118717,9.48814,9.632739,9.397924
118729,5.550598,5.226377,5.323517
118736,6.0232472,6.3454423,6.209889
118745,5.3006687,4.8499274,4.832596
118751,6.4859524,6.477637,6.3683615
118756,-2.6551542,-2.310443,-2.4220428
118758,8.828367,8.502602,8.402985
118765,1.2062011,0.9844713,1.5745778
118772,8.770916,8.408726,8.472004
118789,12.554474,13.197323,13.170713
118802,21.78386,21.854628,21.749664
118805,17.227669,17.710825,17.915184
118819,-25.687836,-26.019958,-26.047882
11882,6.191776,6.330076,6.364797
118835,16.576736,18.102879,18.432259
118836,19.472296,19.944069,20.119574
118838,7.4047527,7.383543,7.3353558
118842,16.998959,16.967722,17.615324
118869,4.771348,4.7318783,4.9163036
118875,3.3766565,3.6907516,3.3784819
118882,17.872955,18.34663,18.67712
118887,14.265509,14.492244,14.42737
118890,6.7761025,6.0981693,6.3181844
118894,11.668427,11.662342,11.620773
118895,7.2325935,7.5523634,6.1564145
118899,22.510124,20.797392,21.204174
118913,-0.22453451,0.33278608,0.31179428
118921,-0.28037357,-0.82187414,-0.846426
118945,15.1833,15.571934,15.318653
118947,12.358585,12.229193,12.400896
118963,2.8318186,2.9310522,2.704093
119000,3.3470278,3.371376,3.5404382
119033,8.290972,8.707743,8.631378
119049,0.18004704,-0.47665167,-0.4528823
119077,5.4842124,5.508539,5.667931
11908,2.9420538,2.8714705,2.9908433
119086,-2.649818,-2.97502,-3.6686044
119098,-45.919506,-45.45562,-44.99545
119111,9.317476,9.54187,9.879052
119113,-51.083725,-50.98332,-50.583252
119119,14.928202,14.5604,14.160217
119140,12.943775,12.334607,12.463984
119141,9.665768,9.395086,9.799328
119143,2.0557413,3.6032124,3.3363042
119148,1.3024902,2.2652054,2.8275883
119150,11.63431,11.720701,11.882788
119151,9.618534,9.924373,10.132266
119183,1.0164337,1.6212516,1.5173225
119213,2.4929695,2.2208996,2.5394583
119219,6.179824,6.310167,6.612315
119229,9.994728,9.461271,9.527047
119230,1.6279001,2.3968382,2.2143888
119237,6.1545296,7.2267528,6.8596992
119242,17.99141,18.249857,17.776733
119243,12.672819,12.992758,13.225833
119245,8.108316,8.320473,8.260206
119251,4.3907633,4.9303865,4.473525
119252,5.102581,5.3566546,5.320302
119253,4.8431816,5.0824003,5.0561733
119254,5.75729,5.9401946,5.9675617
119255,4.3502617,4.639249,4.664612
119259,4.6514673,4.594469,4.236662
119262,4.589513,4.694683,4.6991735
119265,25.432947,23.624802,24.052818
119318,18.052563,19.108644,18.48399
119324,-1.0546675,-0.35376453,-1.0433631
119333,7.8815556,8.031708,7.451709
119341,6.8749547,6.9633403,7.3459935
119342,7.723978,8.597733,8.93
119389,1.9651818,2.802054,2.4955215
119390,0.16542244,0.41159868,-0.1719327
119391,3.8460207,4.05234,4.2134933
119392,1.1614442,0.9226489,0.74848604
119393,6.7258544,7.449484,6.9816575
119395,-45.420322,-45.7368,-46.031593
119411,9.261029,9.614431,10.16287
119425,8.8213005,8.701399,8.79694
119444,19.300467,17.621063,18.285276
119460,1.4936342,0.5515156,0.82202625
119462,-36.922325,-36.45528,-36.878155
119465,1.1653967,0.24634981,0.19904709
119470,12.368303,12.078778,11.33831
119476,7.044235,6.7223396,6.416788
119477,-41.095825,-41.806538,-41.603577
119480,6.491127,5.691721,5.363014
119491,8.024943,8.729795,9.2677355
119492,18.832382,19.288721,19.741514
119497,1.9720802,2.0829258,1.494277
119499,7.149105,6.640935,6.8192096
119509,-0.0004863739,0.5875368,0.49025202
119531,-1.1224794,-1.094573,-0.72271013
119556,-30.074862,-30.553082,-30.59752
119559,2.5873313,1.9738679,1.7553377
119568,-3.673068,-3.90585,-4.312511
119582,2.0481439,2.9901662,2.7194076
119583,-13.280472,-13.949511,-13.945651
119584,18.614422,18.690338,19.132904
119588,-1.7177031,-1.2295439,-1.0022986
119599,-3.516594,-3.5961623,-3.3013663
119601,7.42651,6.759571,6.7484403
119604,23.635262,23.98907,24.012102
119609,-0.37151957,0.09030247,0.11415434
119621,10.700571,10.728308,10.822049
119639,2.690578,2.6771903,2.9092684
119644,6.0111156,3.905713,4.076255
119645,2.5423198,2.3973365,2.4073367
119675,5.9096794,5.99995,6.11924
119678,-0.8881149,-0.0028295517,-0.2150526
119683,3.8756213,4.2089877,4.3698926
119689,0.5075841,0.96068716,1.323709
119693,1.4874091,1.4067111,1.6544247
119695,-47.14175,-47.46379,-47.17125
119713,6.0427785,5.943826,6.337714
119720,4.943651,5.4006677,5.6248565
119763,1.280159,0.73840237,0.34922886
119766,5.066231,5.7866306,5.6236076
119770,13.258976,12.89169,13.118222
119773,-0.35021687,0.08572674,-0.38990068
119777,-2.0985193,-1.8654618,-2.2217226
119781,2.6729975,2.5967212,2.8347015
119789,6.914637,6.622649,6.688816
119797,-29.791857,-30.048172,-30.008478
119798,3.628139,3.090189,2.6899366
119805,8.03289,7.513904,7.936506
119806,8.77157,8.826929,8.822855
119812,-1.476376,-1.4279947,-1.2181587
119813,0.8861828,-0.0059337616,-0.35724735
119852,-3.4203458,-3.2178054,-3.2700267
119857,5.0363464,5.2129974,5.036489
119861,7.661967,6.6885796,7.000842
119862,-50.407455,-51.983246,-51.548294
119863,15.820755,15.790801,16.300953
119876,0.76942444,0.38904524,0.45375395
119878,9.447317,9.013381,8.474604
119881,-10.640707,-10.090672,-9.931818
119885,-4.3278575,-4.839829,-3.7868295
119938,-4.9157686,-5.224392,-4.6962385
119948,3.1766582,2.382975,1.7902737
119957,10.443817,9.571276,10.1241
119962,-25.439396,-25.362873,-25.140358
119968,7.4754877,7.5943093,7.6476903
119976,12.496866,12.242881,12.658144
120004,7.8786826,6.854387,6.6792183
120007,-0.2675295,-0.56438684,-0.37154007
120008,7.136676,5.786469,5.928097
120014,0.46220255,-0.26672506,-0.18835783
120022,16.210363,15.262964,14.960461
12004,6.04753,5.9428005,5.9046607
120051,4.806607,4.718314,4.681664
120053,1.3362632,0.53718805,0.23602057
120056,-1.6341281,-1.128562,-1.0145831
120084,0.25379658,-0.83509016,-1.4279361
120085,1.7014813,0.6090741,1.646409
120091,5.769351,4.5054407,4.9417157
12011,5.40229,5.535515,5.92121
120110,-36.94583,-37.148384,-36.967026
120116,-5.5015764,-5.0581703,-5.018828
120122,16.459106,16.236897,16.529417
120135,3.235574,1.9112029,1.8642263
120136,-0.1824975,-0.39144945,-0.0024785995
120142,-0.032901287,-0.57269573,-0.79473734
120154,5.4836574,5.3813143,5.7564206
120155,7.7499933,6.834419,7.0950503
120156,-8.043604,-8.050463,-7.914486
120157,6.5828776,6.2318525,6.526973
120159,2.2716246,2.8280463,2.758932
120164,1.2625914,1.0509892,1.9311571
120180,8.540987,8.459186,8.738455
120188,9.147402,10.043644,9.836392
120191,8.773304,8.4366865,8.58306
1202,9.139528,8.8894825,9.021485
120215,24.022478,23.660349,22.928045
120241,8.036067,9.513403,9.601839
120250,-1.4336121,-1.5499423,-1.2706573
120260,-0.030934334,0.28762197,0.5000644
120270,11.924128,11.227158,11.256583
120271,13.980484,12.892411,12.256407
120279,2.8441992,2.882822,2.159706
120288,6.3086214,5.1654367,4.9330807
120292,11.048337,12.413593,12.326475
120297,2.6919727,2.288684,4.006574
120301,7.377983,7.6157856,7.293611
120304,7.851106,7.2016983,7.9276032
120306,18.150246,17.313585,17.550114
120314,6.503885,5.7675853,6.251451
120320,14.367208,14.390161,14.542888
120322,-1.6346207,-1.3035984,-1.6317787
120324,-1.6810341,-0.98068285,-1.1675162
120329,6.9486403,6.8733854,6.9965124
120341,6.4219384,8.519633,8.965298
120411,2.3019743,3.420004,3.4180627
120413,13.4465475,12.087694,11.525807
120420,-32.64132,-31.720737,-32.021614
120422,3.2538838,3.1257935,2.7234197
120424,-6.0632563,-7.138253,-7.849993
120428,-9.046373,-8.585159,-8.207927
120429,-7.0123,-5.877237,-6.1871443
120434,2.482688,2.6829638,2.6702824
120472,12.718172,11.768936,11.760618
120483,-9.357216,-10.039431,-10.03167
120485,-6.1525073,-5.4939923,-5.622376
120519,-52.096977,-51.230534,-51.894024
12052,14.766323,14.670557,14.604219
120532,6.0499754,5.178043,5.071884
120549,6.994504,7.129403,7.423025
120554,3.7443185,2.802638,2.7636828
120567,13.5507145,13.741705,13.535887
120568,-41.753574,-41.485756,-41.428215
120574,8.6281805,8.268034,8.304103
120581,2.5392947,2.681994,2.7766285
120582,-1.9616063,-1.9078686,-1.8589866
120583,8.62834,8.965315,8.144999
120592,2.129314,2.0250463,1.7042155
120598,-45.14817,-46.60019,-46.310623
120606,13.321996,12.621372,12.3086195
120619,1.0677438,2.1434293,1.8638806
120621,6.574202,6.2825775,6.443632
120624,15.013969,14.363652,14.225771
120629,-0.4654045,0.9256878,0.47169018
120630,-46.88291,-46.318035,-46.584877
120633,4.7465043,5.7507954,6.0752487
120637,10.350828,9.7068405,9.861195
120649,-5.3778157,-5.067673,-4.411509
120657,-42.92397,-43.38502,-43.48369
120664,0.6026306,1.4669738,1.739399
120665,1.4127989,1.2489567,1.4378147
120666,9.707328,10.113766,10.139963
120709,10.502423,9.064746,9.465462
120717,1.9811177,2.456768,2.6019626
120723,21.000042,21.056913,21.129131
120733,4.5349793,6.283197,5.650427
120735,11.331583,11.660394,11.871916
120738,15.7111,16.254145,15.988055
120740,0.061152935,2.366168,1.9636517
120746,3.200904,3.00671,2.8603191
120759,6.326072,3.8751655,3.1791692
120761,-59.53589,-59.97412,-60.167088
120796,5.1277423,5.3002343,5.40081
120806,-3.2818105,-2.9771101,-3.0731323
120810,10.827486,10.516462,10.422513
120811,11.660849,11.774649,11.72324
120830,3.9083714,4.538476,4.6362095
120833,14.057343,14.407091,13.719521
120840,-2.5791593,-2.7543435,-2.310598
120854,2.5641341,2.2992043,1.9951258
120856,-0.16610527,0.38820505,0.603117
120859,1.6286392,1.7886915,1.983912
12086,10.446401,10.291752,10.482054
120860,-3.3368948,-2.5827568,-2.584047
120870,2.2723608,1.6040277,2.1977725
120895,-5.2896953,-5.6094184,-5.3906946
120911,6.4784937,6.6878657,6.323056
120944,4.336415,4.2936826,4.228137
120955,-4.5890355,-4.218282,-4.173222
120964,6.376833,6.0381637,6.068451
120966,6.8713593,6.092814,6.077971
120989,1.0530715,1.0056949,1.3148389
120998,-0.48232746,-0.89618015,-1.7465391
121006,1.0592313,0.94212866,1.2648025
121010,6.2244077,5.680852,5.8548717
121015,-2.928347,-1.4177523,-1.2597585
121018,7.5137906,7.373996,6.9894123
121027,0.9365473,0.50956726,0.26656914
121079,-5.6475387,-6.3591647,-6.0553503
121088,1.1407337,1.0139012,0.9330764
121094,2.113369,1.4229932,2.126853
121096,7.4936213,8.436813,8.03087
121099,7.7746468,7.3761215,7.6888175
1211,-2.3511882,-3.1536121,-3.2610826
121103,-3.8805246,-2.8143587,-2.9619508
121105,3.6879926,2.9805484,3.0922093
121119,11.186643,10.169422,10.429683
121137,-7.715658,-7.153551,-6.7352285
121139,2.933063,3.822535,3.5757575
121154,-0.8235817,-0.9592705,-1.1057415
121158,1.8238907,1.964972,1.8468409
121161,-5.683315,-4.471609,-4.404487
121193,-1.3590269,-1.6352649,-1.6129904
121230,0.23376608,-0.48211718,0.30747128
121237,2.5901837,3.290084,3.241642
121248,1.1174698,1.2805529,1.4636269
121266,8.766613,8.582692,8.628477
121272,6.1733847,5.3092017,4.839143
121283,-1.028789,-0.6811991,-0.6698017
121289,3.476636,2.9125838,3.0732532
121304,-6.427478,-8.158228,-8.413113
121326,4.872998,4.0654593,4.653359
121336,2.7420993,3.1605039,2.0842433
121352,-0.99553514,-2.4847944,-1.7839129
121358,-6.91967,-6.260597,-6.125967
121377,27.205667,26.865477,26.254686
121387,5.0372,4.5069304,4.297948
121406,1.7786074,0.9266896,0.95065737
121407,0.18293285,-0.9579582,-1.720532
121409,2.5205941,2.610889,2.3723674
12141,-3.408847,-3.1432612,-3.5152214
121428,-0.34986973,0.14666367,0.103505135
121441,7.927362,6.91553,6.925658
121447,3.5563793,3.1714725,4.260482
121475,6.563134,7.22758,7.52617
121513,5.4438667,5.3727508,5.729234
121537,10.435411,8.825684,9.0375805
121553,5.7072988,5.855129,5.841421
121556,4.0006504,1.9074764,2.4203835
121559,1.2456946,1.056416,1.5245266
121561,11.315184,10.8047695,10.801764
121562,4.551151,4.4346676,4.6374483
121569,-2.2963746,-2.1036475,-2.2293642
121580,5.1685925,6.490624,6.462357
121586,11.647392,11.476897,12.24055
121623,2.9872012,4.2691016,3.9442348
121625,-4.7739644,-4.6412635,-4.64501
121633,-4.9759965,-4.56836,-5.0464244
121636,9.609552,9.952112,10.055813
121653,6.2336307,5.7468777,5.5576863
121663,7.298839,6.555999,7.2922916
121664,13.923925,14.147533,14.119181
121669,11.950394,10.94198,11.58869
121671,6.028441,6.074851,6.1776457
121676,-0.058639526,-0.44919586,-0.14557981
121678,10.455729,9.967082,9.655334
121697,6.2902207,6.2678375,6.5276785
121705,-0.73411965,-0.98575425,-1.0157068
121706,8.509565,7.8931265,7.875647
121708,16.796349,16.733202,16.522549
121712,12.570948,11.7696905,11.309512
121724,16.326307,15.934287,16.32202
121725,9.984943,10.117758,9.840686
121726,12.902748,13.253742,13.217348
121727,3.3227382,3.2527647,3.6555276
121733,-4.016836,-4.1706195,-4.3583593
121754,-3.0675044,-2.3412728,-2.860857
121758,-0.728086,-0.55891514,-1.089932
121759,6.0054765,6.064397,6.1515527
121760,3.2725296,2.8716621,2.3554482
121768,0.9597268,1.4498448,1.2102671
121775,10.581121,8.508499,10.04837
121779,4.767793,4.862524,4.7860894
121785,-0.20956564,-0.6278987,-0.6737547
121786,0.74025965,0.41861534,0.38073874
121789,-1.1149464,-1.2231307,-1.131854
121805,-2.0197406,-1.7123837,-2.1661987
121809,13.257419,14.299553,14.348798
121820,-0.38959217,0.40088987,0.14661407
121825,3.7987127,3.1005359,4.0338097
121834,2.9260545,2.3788633,2.5404305
121836,10.557142,11.010989,10.43471
121837,-29.611605,-29.305206,-29.732666
121838,5.132075,4.6696286,4.6413455
121840,-46.94129,-46.88481,-47.223995
121841,0.07727146,0.67550087,0.66397285
121847,4.5195847,4.20232,4.2680383
121849,15.697573,15.788931,15.395015
121853,6.8799477,7.018993,6.5704975
121855,8.40065,8.167456,8.08934
121864,6.035153,6.2475615,6.114632
121867,8.531248,8.444223,8.138461
121899,6.4908905,6.440439,6.5465775
1219,9.11278,9.101657,9.165862
121914,-1.6199374,-1.9535499,-1.8548765
121934,2.420271,3.6127515,3.7354393
121941,5.881423,4.986849,5.198335
121946,0.60746336,0.72557783,0.88571024
121964,4.085587,4.1696787,3.9563193
121980,6.0452523,5.7586403,5.692881
121985,-1.5767622,-1.8312502,-1.6077161
121991,-4.0643196,-5.468146,-5.2601357
121996,6.092496,6.640007,6.3386106
122,-0.717062,-0.6609721,-0.59176445
122009,11.118412,10.924121,11.071835
122010,15.313905,15.615411,15.622946
122035,1.7646718,1.5293822,1.899756
122040,18.168861,17.218613,17.677383
122048,-0.9777174,-0.7043319,-0.72563124
122057,10.089023,10.288549,9.83863
122075,-0.5254898,-0.2843747,-0.39161873
122085,6.617869,6.0300255,6.037627
122087,4.182947,3.878787,3.9060817
122101,1.432148,0.9902415,0.8508496
122126,-2.8205855,-2.7049372,-2.547564
122128,2.748666,2.9658284,3.153483
122134,5.732865,5.370016,5.090095
122138,5.6930013,6.7595634,7.0608797
122139,4.604096,3.12436,3.4453878
122144,1.5452142,1.535274,1.7149806
122152,10.978458,10.148596,10.724961
122167,-1.6251068,-1.953301,-1.9039273
122175,3.3323302,3.8393607,3.8635702
122176,-1.7213054,-1.7066689,-1.7306051
122184,7.437419,6.987422,7.243193
122186,2.1738012,1.5252712,1.5784988
122193,12.450733,13.026278,12.940082
122208,1.811584,2.869009,2.732604
122209,-2.3256626,-2.7890124,-2.9749541
122211,-9.197769,-8.546985,-8.8758135
122214,9.279005,9.249847,9.064434
122224,14.243492,14.481428,14.648378
122250,15.247884,14.764034,15.07634
122253,6.0091195,6.7616987,6.057197
122255,17.398098,18.174704,18.243862
12226,3.8717566,3.875287,4.0935574
122265,6.226318,6.263522,6.9278383
122284,-24.00483,-24.179482,-23.712349
122289,-29.423277,-29.212242,-28.807747
12230,6.0531917,6.144802,6.066156
122304,12.584467,12.484394,12.492868
122305,13.714432,13.763422,13.678778
122327,-8.269867,-8.901779,-9.330718
12234,4.98336,4.855887,5.1156373
122341,-0.71847034,-1.2333605,-1.2516501
122344,8.394883,8.003271,7.6408815
122347,-4.4285426,-5.33535,-6.249652
12235,1.8818026,1.4407892,1.8545284
122363,3.597279,4.208168,4.516512
122371,12.484783,12.3410225,12.36468
122377,14.503233,13.877329,14.433876
122410,-4.140588,-4.520811,-4.001624
122416,5.323016,5.0386877,4.977772
122420,-1.2520871,-1.2166185,-1.0313845
122422,-0.43032026,0.07646799,0.14356661
122426,8.867857,9.070186,9.074049
122432,5.846648,5.671287,5.6780987
122434,-0.754807,-0.44766283,-0.8914027
122445,6.156336,5.735794,5.8720455
12245,8.514606,8.224691,8.237994
122453,15.967307,14.950462,14.861963
122454,-2.23475,-3.2420003,-2.7317097
122497,2.4104953,2.7931142,2.5559587
122504,3.1638222,2.2318697,3.1420355
122508,2.609623,0.3462081,0.87641287
122511,1.6043105,1.5133281,2.1838167
122529,2.4692721,2.9683523,3.138599
122530,7.2100143,7.485562,7.455297
122533,4.750245,4.696984,4.6955614
122539,9.357927,9.437111,9.408852
122540,13.551121,14.243364,13.811575
122583,9.770147,9.686842,9.477943
122602,1.6679602,2.144013,2.0855842
122618,2.9698257,3.153561,2.833064
122620,8.002715,7.769848,7.847372
122627,7.221885,7.1990824,7.3624086
122629,16.491169,16.615076,15.657885
12263,3.514546,3.2813954,3.4060946
122632,-4.3435645,-4.2299156,-3.877563
122652,8.500632,8.141245,7.8319716
122659,6.2657876,5.9379253,5.712741
122660,1.1574874,1.6179118,1.247612
122699,0.22711611,-0.08636141,0.042990685
122705,12.1348,12.516187,12.926044
122725,3.8761888,4.0336494,4.452892
122778,7.674349,7.0849166,7.3028135
122782,8.884236,8.547377,8.504513
122798,9.1878,9.383874,8.925586
122807,15.014116,14.267436,14.817081
122824,5.12824,5.1006246,5.2248073
122836,1.4343901,1.1486893,1.2864013
122839,18.469751,17.380192,17.272976
122840,20.676136,20.623913,20.547651
122847,-31.951242,-32.97715,-32.647915
122864,2.5791893,2.4947953,2.7486935
122870,0.9014163,1.0168867,0.93308735
122875,12.911917,11.871932,11.590656
122887,13.946371,14.101345,13.959011
122899,10.841673,10.942278,10.726332
122903,-38.666927,-37.771854,-38.260147
122912,16.157627,15.58902,16.021004
122920,-32.02847,-31.18097,-31.183992
122940,13.837927,13.966059,14.084877
122946,3.6945477,4.1552567,4.226386
122949,3.010553,3.9321733,4.0061736
122952,5.8938007,5.697092,6.0746155
122966,1.4397082,1.1890388,1.2583294
122967,3.329533,3.2722034,3.4000807
122977,1.82323,1.8016534,1.9789717
122978,-25.458187,-26.234856,-26.417526
12298,-3.2737758,-3.214194,-2.916538
122980,14.412622,14.24038,14.266335
122981,-3.9520357,-3.900108,-3.4828045
122986,10.973408,11.173473,11.791937
122987,4.428965,4.079896,4.64928
122992,4.680008,6.010938,5.533746
122994,19.044003,19.548641,19.644928
122997,23.835804,23.788462,23.042141
123001,-3.2100122,-3.0046408,-2.9515412
123014,8.795376,9.161557,9.28133
123018,6.938014,6.0066648,6.9377174
123029,9.328932,11.365511,11.412371
123037,5.6493287,5.9891486,5.9620404
123043,9.46326,9.454533,9.5211525
123048,5.431239,4.710961,5.100243
123083,7.339528,8.216785,7.8175645
12309,6.672512,6.7338376,6.7672424
123092,11.145344,11.9663105,11.677881
123096,5.613338,5.97844,6.0308867
123106,3.7268136,3.6411724,3.7655501
123110,-45.24434,-44.976944,-44.30348
123112,10.192508,10.709702,10.431151
123116,8.616104,9.851437,10.036936
123122,8.131363,7.3140182,8.179103
123130,14.725382,14.18016,13.3292885
123144,16.532192,16.866295,16.88483
123145,7.5589285,7.690243,7.6919975
123147,-2.6490362,-2.1953933,-2.6328814
123162,10.8936615,10.795355,10.820452
123176,-3.646654,-3.466497,-4.3603377
123194,-8.219698,-7.258669,-7.923255
123198,1.223465,2.2601762,2.0308075
123208,-2.1817627,-1.8280292,-1.6805964
123209,-3.7983327,-4.080414,-4.0542674
123210,-3.9363894,-3.801365,-4.1027627
123215,8.82988,8.985579,8.968418
123225,-42.381306,-42.678497,-41.858467
123229,49.063988,51.772007,47.817078
123231,6.307256,6.1903896,6.4006686
123232,14.516485,13.851465,14.777079
123233,8.065771,8.811827,8.454758
123234,5.002147,5.143361,5.158281
123238,6.0073752,6.118501,5.9625845
123241,9.034351,9.141083,9.312201
123242,9.557222,10.161062,10.082466
123253,4.645072,4.958521,5.0511966
123263,6.415511,6.6691995,6.8265824
123264,9.978231,9.299658,9.501762
123267,-32.72284,-33.254715,-33.174107
123269,19.426558,18.3547,18.826553
123270,-31.094872,-31.774776,-31.647503
123272,5.521642,5.559691,5.684366
123277,3.9330335,3.8499103,3.4461737
123281,6.431163,6.2413664,6.3220224
123315,3.3174143,4.064239,4.183798
123320,0.75643396,-0.37526703,0.3063655
123324,0.5844917,0.53745127,0.9345088
123333,11.7220955,11.687135,11.771178
123334,13.215544,12.994705,13.119147
123335,10.242891,10.179752,10.363387
123336,10.992371,10.302821,10.49302
123346,8.35121,8.096853,7.8795805
123358,21.579454,20.823986,20.38213
123363,18.178572,17.505753,17.643644
123365,7.8131337,7.868774,7.915635
123366,12.5079975,11.994003,11.707455
123367,9.100141,9.170797,8.994913
123368,14.1448965,14.060224,13.898872
123369,11.867701,11.10968,11.300613
123372,4.8282886,4.1894717,4.4749904
123383,-1.6491015,-2.2132823,-1.6935179
123387,7.5430975,6.2934265,6.41133
123409,-32.863945,-33.49438,-33.209896
123411,18.318233,17.661547,17.550566
123412,9.64323,9.640683,9.69058
123422,-7.7524695,-7.1236577,-6.969221
123424,7.2000084,8.845064,8.657577
123428,4.057159,5.197192,4.9545727
123432,-34.798225,-35.556686,-34.92916
123435,-2.5024846,-1.7510054,-1.8100383
123436,4.3801184,5.240418,4.653266
123455,8.016201,8.337073,8.504679
123456,8.427935,8.466513,9.072898
123462,10.229841,10.265669,10.152367
123472,7.3215895,7.0813313,6.5853148
123473,2.1819024,3.3093374,2.6527996
123474,12.089816,11.322506,10.918789
12357,-3.621064,-3.8741953,-3.8271902
123626,11.478275,11.678731,11.883202
123635,13.794641,15.165582,14.392241
123639,-22.531168,-23.087482,-22.66514
123642,11.456872,11.33882,10.979958
123655,9.745672,10.025906,9.831096
123681,1.5223823,1.6994328,1.6118002
123702,8.634029,8.558978,8.417551
123713,11.295488,12.018936,11.883358
123724,12.205562,12.239715,12.212292
123730,4.989374,4.8654284,4.9921474
123739,7.44152,5.1943073,5.7167444
123740,4.909876,4.5146775,5.176759
123749,12.242485,12.168478,11.664631
123750,23.942284,23.073395,24.05478
123752,6.1402965,6.8108935,6.5274315
123753,-36.310303,-36.087997,-36.412216
123758,13.427224,13.633781,13.1684
123759,11.177147,12.129051,11.68496
123767,-40.686317,-40.665287,-40.56053
123770,3.135165,0.93462086,1.1758733
123772,1.9206672,1.7877998,1.8392081
123776,19.957441,20.332691,19.71294
123780,2.9136548,1.7913952,1.4612298
123783,15.343058,15.824272,15.555289
123784,13.2899475,15.716846,15.3425865
123794,-0.20137644,0.3647771,-0.17852068
123806,3.2202635,4.078491,4.0558176
123813,6.576412,7.0079584,6.9148893
123815,8.354159,8.206369,8.783363
123816,12.520796,13.301073,13.376069
123827,10.123426,9.842796,10.207663
123832,14.282032,13.366261,14.246604
123839,4.6310554,4.3212757,4.3716273
123845,4.624302,4.906905,4.8740444
123869,14.296972,15.946599,15.772243
123876,-1.559473,-0.9698496,-1.0824275
123890,0.19122076,0.43470335,1.0242572
123894,13.992207,13.0483265,12.863004
123895,-39.740105,-38.996582,-38.7547
123925,11.196428,12.043304,12.175703
123940,9.26419,9.3265,9.38483
123944,12.317284,12.8029,12.801285
123946,9.672689,11.157541,11.203746
123947,11.3543625,11.540665,11.301697
123949,12.682337,12.988243,12.988505
123956,20.952394,20.81926,22.585821
123958,-2.0876532,-2.9875383,-2.870987
123984,12.401434,11.70478,11.520137
123990,-2.0735383,-2.2461028,-2.3808808
124001,-0.7851362,-0.5514002,-0.92035246
124005,-0.61510897,-0.6747751,-0.71014595
124014,10.579506,11.451885,11.567892
124023,-0.988399,0.07769632,-0.491004
124039,0.72879505,1.1590753,0.94201756
124051,-1.278321,-1.120404,-1.0589888
124054,0.7152934,0.62875366,0.46786356
124058,-5.787994,-5.6309624,-5.284997
124067,-5.088895,-4.914183,-4.6995115
124074,13.226783,12.146162,12.18754
124083,16.724796,16.027811,15.360138
124086,1.304028,1.7250018,1.8272853
124097,5.1643553,4.696147,4.250746
124108,8.6371975,8.721677,8.685839
124109,11.593753,12.777796,12.6389885
124131,6.788934,6.7098575,6.7803173
124136,6.8408437,6.7826986,6.9140077
124151,-1.4569125,-1.7051272,-1.7194939
124165,6.0243196,4.3903737,5.134491
124166,8.045898,7.125154,8.177528
124167,0.91337776,0.7272892,1.7029872
124168,4.0000095,3.005947,3.7482767
124170,-2.4628263,-2.8489823,-2.198905
124202,6.223142,4.9918113,4.7171326
124206,17.177094,16.543438,16.185156
124215,15.291639,14.825361,14.850758
124219,9.5214,9.362011,9.468357
124221,15.167505,14.997308,15.200272
124222,-34.356495,-35.039536,-34.70305
124224,7.966143,7.5424833,8.074297
124228,8.705691,10.525211,9.320337
124232,5.0973253,4.9742117,4.7676363
124238,1.9868302,0.02924776,1.0039248
124241,9.895544,10.843689,10.624306
124242,8.376945,8.3022,8.187735
124243,11.695091,12.977032,12.606553
124244,12.26474,11.632694,11.535387
124247,-2.3866925,-1.8762374,-1.5229378
124259,-36.732365,-36.336224,-36.305855
124263,10.91117,10.817324,10.761858
124267,14.7544,14.763515,15.564358
124275,8.611694,8.384542,8.322158
124306,17.619995,16.827696,16.547106
124317,-43.84624,-44.40384,-44.217747
124318,9.551889,9.987952,9.931504
124319,6.2707844,6.3910646,6.3889103
12432,1.091063,1.1797795,1.2621698
124320,1.4883642,1.4830022,1.42798
124321,11.595036,12.525581,12.2511215
124322,10.625458,11.782103,11.52885
124323,7.37493,8.000354,8.102299
124328,10.569069,10.259259,10.664222
124349,3.7509394,2.3289514,2.4591136
124350,-5.7536497,-5.795409,-5.763275
124354,13.289627,11.806853,10.896858
124371,9.423357,8.962217,8.923029
124372,-2.7318397,-2.3632922,-2.2863927
124376,-3.5381713,-3.4120421,-3.2878294
124377,5.33818,5.384312,5.042661
124378,2.7566419,2.8777103,2.9596953
124380,-1.0986342,-1.0642195,-1.0222144
124383,6.411792,6.950362,7.296269
124398,3.7426257,3.0120144,3.9560404
124417,1.6012802,1.4106765,1.6021504
124427,17.306442,17.414669,17.880777
124428,16.827837,16.94611,17.482115
124429,16.238846,16.425522,17.413902
124432,21.591753,21.194132,21.739044
124433,3.7626157,2.6670384,2.8008218
124434,16.118938,17.093163,17.254341
124461,-6.5628524,-6.529869,-6.85025
124467,3.404581,4.126876,3.8769903
124478,4.8543587,4.539311,5.321006
124485,12.55094,12.542512,12.014809
124489,-41.67653,-42.392296,-41.970993
124499,-23.455597,-24.443363,-23.79689
124507,12.37249,13.293209,13.069027
124509,-22.549868,-22.55116,-22.810658
124512,10.012436,9.582733,10.565321
124513,7.9873056,8.147561,8.409362
124514,11.310135,9.97301,10.698275
124518,-6.6638484,-6.299256,-6.856888
124520,12.076067,12.829258,12.568386
124521,11.336428,11.304175,11.421795
124522,12.255607,11.821079,11.9904995
124523,-19.310963,-18.804834,-19.045324
124524,11.582199,11.31874,11.5034485
124525,12.683204,12.357584,12.623792
124528,15.9049835,15.707512,15.581181
124533,25.358747,25.53541,24.82383
124555,9.732389,9.725493,9.844822
124562,6.8458767,7.746808,7.9867105
124565,-35.3669,-34.76503,-34.763
124566,-0.6698847,-1.0645444,-1.0956948
124569,-17.931879,-17.903822,-17.649082
124571,8.452981,8.801453,8.687813
124572,-0.93984556,-0.50972605,-0.15621042
124586,-20.419857,-21.87378,-21.642813
124611,3.985859,3.891737,4.0282965
124612,8.792007,9.226921,9.399571
124614,12.07887,11.730429,12.188578
124621,-3.8206854,-4.0981917,-4.3129745
124626,-2.190636,-1.9359038,-2.21437
124636,10.196066,9.805574,9.585171
124647,-42.541027,-40.9764,-41.17162
124648,0.12576008,-0.9282062,-0.4361732
12465,5.1502566,4.9730773,5.301751
124652,32.960464,33.367542,33.774834
12466,0.7080002,0.8493929,0.8634362
124666,14.873472,14.800078,14.894943
124672,10.472961,10.402866,10.637481
124674,3.8570118,4.0007467,3.8058343
124687,8.964613,8.386738,8.5863495
124688,6.824419,6.507662,6.489714
124691,-43.13458,-42.95128,-42.37268
124695,11.724739,11.182613,11.049618
124700,3.1485343,2.4607105,2.3482866
124704,21.560827,21.033358,21.426605
124731,6.1072497,7.305829,7.674665
124777,11.990126,12.1259775,12.147375
124781,-1.3945127,-1.2213326,-1.4315548
124791,5.2435527,5.332781,5.2494793
124793,-26.072395,-24.774214,-25.191023
124802,7.718464,7.3770537,7.768508
124805,8.6133175,8.598122,8.524816
124806,2.0004416,2.6315913,2.219499
124807,-39.004025,-39.618343,-39.808434
124811,-4.6151056,-3.6479945,-3.833231
124813,1.4399366,1.8159657,1.5160923
124817,2.3846927,1.3747816,2.0227194
124825,7.541342,7.840786,7.434415
124830,-25.458195,-24.870075,-24.524664
124831,11.653821,11.529409,10.642649
124832,11.8174715,10.806751,10.589973
124835,9.895565,9.92211,9.681823
124836,14.566898,14.810926,15.068516
124839,14.761559,14.614447,14.818931
124840,16.570786,17.00527,16.949999
124850,-1.6198511,-0.5807791,-0.9634633
124869,21.214756,22.117802,21.361973
124871,12.041407,12.572975,12.066651
124889,13.693588,12.86288,12.979508
12489,-2.7742133,-2.926952,-2.855147
124891,-44.974617,-45.177547,-44.623814
124900,-42.668453,-42.297184,-42.325172
124903,-26.772844,-26.702696,-26.77877
124904,13.377886,13.809693,13.290597
124909,-30.994265,-30.70927,-30.82887
124919,24.737017,25.773598,26.052189
124926,8.900194,8.447802,8.415337
124933,2.1360784,2.573822,2.0481906
124934,-0.07469988,-0.5228839,-0.6577816
124947,8.4324255,8.325827,8.545284
124950,12.218152,12.277031,12.261879
124964,5.1885877,5.2716775,5.2002735
124966,4.2089157,4.110691,4.1403527
124967,12.164239,12.229874,11.774713
124968,11.444138,11.34952,11.601776
124979,-4.6435456,-5.7377243,-6.0320454
124995,-2.7786906,-3.3761606,-3.4514513
125000,-17.550306,-17.31826,-17.458448
125005,2.9020014,2.4718838,2.1439862
125009,3.4959445,3.3308487,2.679779
125010,19.82893,20.80941,20.565205
125012,-44.030792,-42.59497,-42.077065
125020,-39.506718,-39.56286,-39.206566
125022,2.1224542,2.0056973,2.3447642
125027,-10.646116,-10.070778,-10.484443
125028,37.853046,37.575504,37.49305
125047,-2.3914907,-1.7919233,-1.6982195
125048,-4.3391137,-3.4748557,-3.8848925
125049,4.5589924,4.2936745,4.994688
125069,2.8266063,2.7076545,2.9463968
125083,-42.652588,-44.222088,-43.80628
125108,14.1292515,12.534634,12.643917
125113,4.4172425,2.5692005,2.3744416
125141,-3.9665737,-4.726459,-4.744101
125144,7.072685,6.541266,6.6082935
125153,9.112084,8.567182,9.082386
125154,5.071494,4.9855537,5.2197924
125156,4.6517463,5.484418,5.5039396
125157,6.945803,6.404784,6.597691
125158,-0.8990779,-0.8319049,-0.7807846
125190,8.043684,7.909919,8.315975
125207,13.8549,13.226969,13.711974
125208,8.955796,9.22568,9.208607
125212,-1.4365506,-1.7186131,-1.3480892
125220,9.039669,9.921673,9.953207
12523,18.388187,18.219175,18.36371
125235,1.2630539,2.4826565,2.3822136
125236,3.8285084,3.9858675,3.860289
125240,19.6162,19.08821,19.177755
125248,7.3228393,8.216699,7.2023916
125249,1.5350847,0.51182747,1.282474
125263,3.9299583,3.081513,3.3535347
125264,4.148919,3.2092326,2.618699
125266,17.943554,17.37821,18.164127
125268,14.843876,14.318985,14.48981
125272,-33.17816,-33.52425,-33.697952
125273,15.304263,15.615997,15.56604
125276,8.304289,8.287122,8.158117
125277,11.460821,11.698479,11.66198
125278,13.602406,13.839472,13.9531765
125279,26.675482,26.208868,27.320335
12528,-5.67023,-6.0823474,-6.632505
125284,10.001812,10.047284,9.921972
12529,-37.112385,-36.08825,-36.841496
125312,10.799437,11.415313,11.093445
125314,-42.800762,-43.597908,-44.636227
125315,15.809907,18.021086,16.058315
125324,-7.4392304,-6.4755225,-6.628871
125337,9.418291,9.025341,9.061148
12535,3.8961754,4.8790655,4.9969487
125361,13.585188,12.687684,12.194969
12537,-0.2148447,0.1707735,-0.44280958
125370,2.3003945,2.805626,2.6325102
125372,5.4594374,10.413898,8.583086
125379,17.433657,17.358095,17.675661
125380,4.8652587,5.0438776,4.8574686
125383,-44.124863,-43.703815,-42.835617
125390,11.682309,11.888828,11.573618
125393,16.227348,16.133377,16.88559
125399,-35.394405,-35.287716,-35.145172
125402,6.811153,6.735866,6.6666317
125411,8.443519,7.9106636,7.6572437
125413,6.803225,6.2671967,6.0129766
125426,-7.63444,-8.709399,-8.181637
12543,12.735145,14.445826,15.322392
125434,-34.700745,-34.65443,-35.27092
125443,-2.3028855,-0.13724613,-0.36010933
125445,-28.522987,-27.902742,-27.365736
125448,0.15702343,-2.4174979,-2.0165737
125449,1.4641833,1.2623401,1.3550968
125464,9.7745495,9.770313,9.794226
125470,13.191633,13.065673,13.119825
125485,14.335379,14.962562,15.018047
125496,2.8911223,3.9933305,3.7902436
125502,4.0764966,4.274395,4.239393
125506,4.219693,4.230104,4.1623535
12552,13.209957,12.148048,13.78832
125529,98.97613,98.49256,98.225235
125550,4.862765,4.8852253,4.1571884
12556,16.843876,16.063358,16.30826
125573,15.392481,12.215925,12.128526
125574,6.655016,6.309545,6.744568
125576,11.021244,11.511044,11.507885
125581,-32.636555,-32.775497,-32.01199
125590,1.4224992,1.7158484,1.5403056
125591,2.6632776,2.8790045,2.7901673
125609,-180.44673,-181.8984,-182.31943
125622,24.617496,24.103127,24.591303
125625,11.382093,12.639862,12.19343
125643,-42.239395,-42.15412,-41.915154
125644,16.459517,18.336695,18.58561
125645,9.620441,8.970681,9.256252
125646,6.1772165,5.961179,5.941866
125647,5.139285,5.7871175,5.0128765
125649,-34.356308,-34.751144,-35.1902
125653,9.7317295,9.591052,9.382734
125654,-47.59795,-48.43349,-47.72581
125658,2.9514284,2.8721204,2.985252
125682,10.745913,10.550077,10.497757
1257,-15.862383,-15.657667,-15.800332
125724,19.538914,20.113024,20.647627
125733,17.562813,18.080845,18.57586
125757,-40.47022,-40.54992,-39.86318
125762,8.122006,8.334806,8.217435
125782,9.997427,10.310892,9.954588
125787,-31.106133,-31.416412,-31.300705
125810,9.361431,9.425613,9.276498
125853,11.994163,11.327702,11.2918625
125863,-1.4585507,-1.4055779,-1.4453104
125880,11.3946,10.860868,10.805077
125881,3.9703636,4.242479,4.2463517
125885,1.8311272,1.9858012,2.0556126
125906,3.2106009,3.048429,3.4078288
12592,-23.908384,-24.889853,-25.381184
125921,6.1944985,5.821953,5.7918134
125923,3.6396742,3.8203177,4.0074134
12594,-3.4776983,-3.4057288,-3.6733885
125947,14.083697,14.574998,15.135342
125950,-36.762283,-36.418068,-36.60064
125953,13.854889,14.582966,14.734349
125960,4.1387005,3.658361,3.4988518
125971,5.2479353,5.731529,4.8921824
125983,16.107246,15.9232025,16.070587
125999,10.26252,11.315293,10.332663
12602,-0.5755944,-0.85676,-0.6467476
126023,-35.076523,-35.337368,-35.326553
126033,-19.011269,-18.501812,-19.612844
126040,-34.515182,-34.925777,-34.638386
126066,19.330725,18.870667,18.83498
126097,13.0930805,12.653034,11.78613
12614,-1.262311,-1.1459894,-1.1121778
126152,3.5447092,3.3361192,3.6225529
126153,3.9584465,3.9031467,3.9837947
126155,-43.267303,-42.961426,-42.738865
126157,11.964109,11.835171,12.023162
126166,-39.568,-39.43238,-39.659462
126182,-0.30777955,-1.6705096,-1.6973245
126265,14.00326,14.467847,14.53102
126318,10.845928,11.053239,10.598515
126323,-40.437355,-39.87281,-39.579018
126324,15.107521,14.658628,14.915506
126327,7.881289,7.7076154,7.825878
126333,11.0042305,11.7157135,11.312057
126334,9.426912,10.507338,9.666537
12635,51.041355,51.51393,52.34805
12637,2.9615202,4.025221,3.7292876
126401,17.277893,17.837254,17.502134
126407,4.2396555,6.046748,5.7447715
126423,11.404484,11.869975,12.014912
126478,-30.356133,-30.247196,-30.431767
126500,-27.248459,-26.016167,-26.086843
126518,4.5797615,3.3425741,3.4201322
126530,16.388151,16.830936,16.913525
12654,2.1822515,2.0006971,2.0761151
126554,-27.60257,-27.323168,-27.35063
126576,17.212622,18.075085,17.796537
126587,15.307423,15.774649,15.102419
126596,-23.654522,-23.83778,-23.98202
126616,-15.681449,-15.579903,-15.996443
126629,11.61768,11.063781,10.632328
12664,-38.436256,-38.402485,-38.269802
12667,7.272667,7.424042,7.569752
12669,3.5402803,3.4904199,3.512937
12671,3.3349643,3.218018,3.2993846
126716,29.041452,28.975288,28.444065
126765,3.0634437,2.9033327,2.8361716
12679,8.201368,7.774736,8.05227
126792,18.10637,18.252752,18.11694
12680,-34.542496,-34.56086,-34.8469
12704,18.16885,18.088692,18.241362
127053,19.083454,19.553898,19.056461
127066,17.79531,17.60329,18.70503
127079,1.0452828,2.1690874,2.8250659
127089,2.9307423,2.7482715,2.884097
127090,4.350128,4.130931,4.2972326
127091,3.330954,3.1875076,3.3444352
12710,-0.28996468,-0.15444422,-0.3316536
127151,12.320456,12.524946,12.535404
127161,8.946873,9.574888,9.286535
127170,3.4637785,3.606369,3.9057744
127187,16.176619,16.718142,16.485695
127191,17.101236,17.661976,17.338236
127202,9.633545,8.961317,9.028199
127243,14.53011,13.487711,13.053499
127268,2.8307605,2.8172207,3.0610867
127283,16.0915,17.438784,17.43311
127292,5.759375,5.4333234,5.4792643
127301,-23.723507,-24.567982,-24.33808
12740,11.627327,11.367283,11.268101
12746,14.048364,13.689981,13.77224
12747,16.587902,16.401714,16.690178
127479,8.837257,9.471363,9.331308
12751,21.009481,19.405674,19.107058
127543,9.534408,9.012393,9.268059
127564,3.406497,3.2561588,3.3876762
12758,19.765594,19.444387,19.25732
127582,4.286876,4.085614,4.130377
127590,7.6203675,8.275984,8.026386
12760,26.884201,26.445763,26.401005
127623,13.073184,13.157131,13.26671
127628,1.1924157,0.8560238,1.5430031
12765,-53.775024,-54.309902,-53.92942
12766,17.188139,16.626444,16.919485
127667,11.699826,12.203299,12.010721
12767,28.444376,28.587486,28.045301
12774,-30.618042,-30.888113,-30.979805
12778,29.00187,28.732277,27.917856
12780,13.437801,13.407111,13.317751
12782,5.8375664,5.7492094,5.9195824
12787,-34.458138,-34.81818,-34.176125
12790,-3.7402308,-2.7775743,-3.1962073
127989,10.659542,10.552958,9.352055
128,-2.9896994,-2.6623006,-2.9132419
128021,9.371261,8.216173,7.7826023
128028,8.785582,9.428034,9.52423
128031,13.240265,12.290606,11.907381
128042,3.790619,3.7867522,3.9150648
128043,5.538427,7.3776193,7.497736
128049,13.6499195,13.995831,13.706484
12809,5.799175,5.3890967,5.867407
128092,7.947745,7.976306,7.713094
128122,4.787329,4.708805,4.8790855
128124,9.099911,8.601148,8.30261
128126,-45.346287,-45.419746,-45.7702
128136,-0.6752033,-1.3228636,-1.3181267
128140,28.479,27.454504,27.518852
128168,14.710691,13.472489,13.16846
128170,23.467163,22.894375,22.814198
128173,-2.3588924,-2.6750307,-2.3387752
128192,10.082236,11.110915,11.2719345
128204,8.372404,8.269136,8.98681
128221,-50.095867,-50.378075,-50.07633
12823,9.751857,10.459676,10.164267
128246,-2.6095555,-2.5336058,-2.2351706
128251,2.289524,4.0528846,3.6200857
128283,3.7411523,4.7761855,4.3929844
12829,4.160059,4.1593647,4.2980328
128317,4.1403666,3.7531328,3.9662538
12833,19.185978,19.048975,19.33543
128341,22.645842,23.329185,23.392555
128349,0.70672274,0.86099195,0.39222574
128374,9.361536,10.607508,10.382337
128375,25.996534,24.406685,25.65629
128380,-0.28000355,0.06041193,-0.037419796
12839,7.167239,6.8128004,7.216389
128391,14.058123,14.07789,14.877819
128409,5.728598,5.801231,6.397213
128417,-34.38176,-34.18106,-34.717175
128418,-0.047884464,-0.19605303,-0.39574337
128419,3.1226635,3.124527,3.7375135
128442,-0.13272667,-0.6534414,-0.91466045
128443,0.78381395,0.7995577,0.77237606
128447,-3.2722204,-2.5114338,-3.7534091
128460,-2.0139835,-2.4440076,-2.8067472
128463,8.840818,8.9461,8.379673
128468,-39.174755,-38.2875,-38.637394
128482,3.8804717,5.4678855,5.922866
128490,5.2390466,4.58166,4.0105286
128513,-44.06436,-47.443275,-47.199345
128524,3.9927263,3.6412158,3.53411
128539,3.798606,3.9212146,3.8226323
128557,13.112585,13.687751,13.373634
128565,10.871693,10.72032,11.166464
128574,9.694605,9.60095,9.628687
128577,8.456045,9.661188,10.026566
128595,-30.475826,-30.233665,-30.421364
128607,6.1794705,6.905637,6.553207
128613,-29.23571,-29.387115,-29.569822
128618,3.4153605,2.914205,2.9067717
128631,-38.165543,-39.188843,-39.199516
128632,-0.96402216,-0.2414546,0.3124504
128684,-16.913532,-16.815506,-17.094313
12869,23.545832,23.67331,23.371574
128729,8.524606,7.8222623,8.293932
128742,2.6117253,2.7166395,2.7297378
128778,8.758499,8.256198,8.751545
128780,-4.662218,-4.2821026,-4.0828924
128781,1.4904413,1.4755049,1.2945743
128782,-1.3255496,-1.1286259,-0.7732773
128784,-0.7654195,-1.4212031,-0.91477156
128786,19.324356,21.665852,22.627338
128792,8.387512,8.185516,8.353556
12880,26.178501,26.065577,25.724163
128830,5.99892,5.3317995,5.0331793
12884,18.184006,19.270908,19.557972
128846,5.4916134,6.396649,5.729745
128853,-45.12609,-43.680977,-44.370354
12886,8.460417,8.381844,8.824312
128865,66.400856,65.18747,65.46015
128866,-33.767887,-33.787292,-33.5099
128869,5.309928,5.4997206,5.478519
128871,-27.858366,-27.620148,-27.65003
128873,18.25116,20.00034,20.00828
12889,11.343851,11.324631,11.48849
128946,5.909297,4.258626,4.4966702
128986,1.896373,1.0792136,1.3743472
129016,15.193786,15.354553,14.794481
12902,14.004894,14.114056,14.274345
12903,3.447012,3.9733105,4.1011515
129044,9.223158,9.294658,9.344806
129047,6.17701,6.0866895,5.6147547
129129,-28.099789,-28.956848,-29.238174
12915,10.411402,10.788969,11.102576
129163,-6.32997,-6.0656576,-7.3791637
129179,9.380689,9.95665,10.05463
129180,10.936998,10.962599,10.859125
129184,6.4565377,6.700491,6.3958097
129189,7.1572504,7.0937567,6.593888
129191,8.726286,8.572863,7.817139
129193,1.1721869,1.9378085,1.96947
129198,5.7447104,5.9210715,5.678839
129200,5.255622,5.82568,5.441108
129214,8.975497,8.362367,8.420435
12922,3.3875842,3.3168206,3.4666147
129220,5.7971573,5.1452465,5.1755047
129229,16.351631,15.672583,14.581361
12924,-40.855198,-41.28329,-41.08786
129283,2.1931605,2.413638,2.7450666
129284,3.1299405,3.0752258,3.3859568
129299,14.207822,13.513123,13.345673
129316,-29.623287,-30.339865,-29.978388
129384,8.140089,7.478877,7.4930897
129392,0.63768625,-0.4964602,0.5688739
129394,3.3404822,2.4333541,3.038159
129396,-51.35043,-52.431778,-52.23215
129405,15.464271,15.145772,14.972604
12941,15.46488,15.639599,16.166603
12942,3.5701303,3.5609531,3.5443993
12943,10.135216,9.376185,9.173504
129431,14.697792,15.508295,15.070057
129444,-37.902477,-39.390297,-39.72016
129446,10.562383,10.828753,10.660279
129464,20.098377,20.380026,20.21212
129475,3.488725,2.516479,2.2410564
129486,29.973671,29.341047,30.002483
12951,-40.906116,-40.229763,-40.093235
12954,7.370077,7.240694,7.2361083
12961,13.015918,13.978085,13.735687
12965,11.526767,12.107245,11.855869
12971,10.076467,9.81312,9.96352
129728,-47.605625,-47.08648,-47.541378
129738,10.449277,8.861658,8.860708
12976,12.461842,11.754858,12.686438
129844,-2.2346125,-1.0774331,-0.9398422
129851,2.867693,1.409564,1.756443
129853,4.5931273,5.34841,5.2092657
129874,-0.68065405,-1.145123,-0.9040365
12991,4.0922995,4.2527666,4.0656576
129947,-27.478306,-27.059767,-27.157204
129952,0.20027447,1.6851549,0.54081535
129987,5.7088494,5.6151123,5.7393055
130008,-1.5289421,-1.2539644,-1.1430407
13002,16.811367,15.308823,15.307477
13003,-43.29725,-43.271004,-42.86139
130035,15.074656,15.2077875,15.652899
13004,14.634234,14.027668,14.613589
13014,22.307915,23.03029,23.306255
130160,3.7229614,3.5732718,3.6808243
13017,26.125935,26.787766,27.22842
13034,4.6525273,4.8893275,5.033796
13036,5.7096004,5.6784215,5.570406
130422,23.174406,24.792576,25.020262
130427,10.366644,10.158646,10.600419
130440,-40.37838,-42.50885,-42.443634
130446,-38.12309,-39.069477,-39.80248
130461,8.176388,8.591686,7.8464484
130465,12.261689,13.135412,13.247862
130470,7.1360707,6.8457913,7.3291006
130484,13.228373,12.780265,12.910185
130524,12.578757,12.824948,13.5513115
130532,12.324692,12.901502,13.186541
13057,-46.280605,-46.78672,-46.58804
13065,23.016031,25.082693,25.491047
130689,14.736673,13.592398,13.621858
13071,1.5276761,4.168227,3.9480262
130718,11.496203,11.517176,11.509274
130730,9.970121,10.085383,10.186968
130736,10.934537,10.878142,10.759227
13077,11.78032,11.280712,11.308822
13089,46.774765,47.99399,47.209507
130934,7.447736,7.768314,7.484496
131042,18.251904,18.569965,19.151346
131043,12.153711,13.358042,13.601657
131044,15.211942,14.53252,14.627214
13116,8.048399,8.347218,8.393467
131233,-15.095754,-15.0298,-15.042473
13134,10.276276,10.638539,10.3973675
131366,5.339582,4.842317,5.0421405
131367,4.1301813,4.5223355,4.8915915
131385,22.767166,22.149086,22.379223
131386,4.6394873,4.2776966,4.6414757
131398,6.50421,6.258169,6.2578435
131399,-27.98558,-28.336819,-28.180965
131400,6.2615085,6.423401,6.452602
131413,8.351323,7.691726,8.04789
131429,-3.1874208,-2.890533,-2.9887605
131447,-8.80552,-8.297608,-8.457016
131489,-9.950156,-9.816511,-9.10733
131490,-13.754449,-12.711954,-12.580623
131500,-18.3694,-20.085762,-20.255865
131513,-6.469462,-6.831071,-6.9024687
131549,6.876505,8.487251,7.687584
131569,12.329103,11.968271,12.561781
13161,6.4606285,7.2128577,6.937429
131656,-29.048412,-29.824083,-30.008595
131657,-40.118187,-39.892185,-39.94523
131662,22.33014,21.984911,23.007048
131664,20.202454,19.199705,19.310024
131665,-40.158165,-40.40674,-40.79204
131666,-28.631943,-29.431168,-29.321499
131670,17.518673,18.046211,18.813042
131671,-40.283897,-41.06098,-40.235756
131672,15.245384,14.912167,15.388323
131673,15.512688,16.578014,16.18998
131676,4.4490814,3.9273028,3.894794
131707,10.171294,10.22896,10.330954
131708,14.333633,14.951942,14.86174
131719,3.9738603,4.083556,4.8669467
131722,1.7874079,2.1283326,2.4871454
131729,-0.2856388,-0.09759045,0.28771162
131734,11.869261,12.682198,12.420238
131736,-1.2883315,-0.7326932,-0.9586878
131750,5.748453,4.503223,3.7695293
131759,14.371147,14.238768,14.189184
13176,4.7462716,4.698935,4.691761
131762,8.767073,8.527917,8.57933
131777,7.305248,6.9908223,7.1322103
131779,15.334218,11.804621,11.752297
13178,10.743417,10.734183,11.435713
131808,11.852949,12.586678,12.564474
131809,7.3449135,8.131741,8.34371
131823,18.514536,18.300856,19.031944
13185,5.693805,5.442236,5.828891
131873,24.873571,23.534742,23.390211
131876,7.0099053,6.850018,6.9996343
13188,18.573902,18.937145,18.740505
131884,14.9350605,14.689763,14.828411
131890,14.469139,16.417486,15.910614
131896,6.9034557,6.0488777,5.8863773
131910,9.857882,9.722496,8.873931
131919,12.793277,12.206177,11.971434
131921,-13.368023,-12.183559,-12.350061
131922,-6.2178636,-5.241523,-5.1262326
131925,10.358543,10.111298,10.226645
131926,9.377888,8.135231,8.169439
132065,7.5584793,7.6902194,7.855192
132066,-35.6483,-35.9325,-35.38108
132067,9.245983,9.732321,9.7347355
132069,0.33568048,0.3170209,0.10215378
132087,6.750297,7.214755,7.1954384
132088,9.643067,12.403749,12.41994
132097,15.314775,14.523617,14.0359125
132106,8.046005,8.5701275,8.392922
132124,2.582179,1.7388167,2.1970625
132151,5.8138404,5.3089933,5.43384
132152,3.79642,4.0481625,3.9863896
132153,6.6652822,7.0085726,6.9268312
132154,7.6438923,8.48632,8.355494
132181,6.769165,6.406379,6.418816
132187,9.394887,10.1122265,10.034494
132207,-8.016754,-9.110493,-9.116659
132213,6.539719,5.659438,5.6687155
132246,7.7515426,8.017744,7.6569138
132248,7.1015043,7.7344666,7.997136
13229,3.235122,3.2830558,3.5287743
13239,10.09284,10.2122965,10.133921
132407,16.168749,16.00666,15.825228
132408,7.529248,6.887675,6.676881
132546,11.15052,11.324824,11.690538
132562,11.905696,11.327561,11.260872
13258,14.664536,14.918419,15.396379
13265,-52.76976,-53.042675,-53.70808
13271,2.304957,1.5431643,1.9210019
132733,6.223953,6.483316,6.3313046
13275,-48.930565,-49.16763,-49.62587
13278,16.268692,16.65932,15.986631
13279,1.6481476,2.943893,2.2070084
13285,3.0482087,2.6504502,2.4354286
13286,8.379908,8.720554,8.409754
132891,-6.9602575,-7.0260983,-7.15582
132899,-6.157385,-5.2598934,-4.9724026
132912,-7.81711,-8.435974,-8.335695
132915,-4.0913534,-3.9041297,-3.9732254
132916,-24.774105,-24.322485,-23.898699
13299,5.6282,5.4841433,5.672598
133001,16.085342,15.944044,15.124883
133006,7.2193265,8.662567,8.930004
133029,13.58454,12.955326,13.003307
13303,6.0716615,7.399766,6.326902
133033,26.710018,26.049892,26.51761
133048,3.8555684,4.9354663,5.209112
133049,5.93776,5.8366423,5.54118
133050,-28.21614,-28.150116,-28.354362
133051,4.178376,4.14281,4.0493097
13307,15.714279,14.964721,14.852431
133089,2.2626429,3.2251377,3.1288023
133095,4.1451764,3.8135738,3.6445374
133096,16.805588,17.178766,16.723083
133098,4.707576,4.487487,4.7869244
133099,2.8900557,3.2536092,3.3459015
133102,17.082315,15.819629,16.17265
133105,4.77539,4.3543205,4.8056183
133107,7.258116,6.0186806,5.968748
133108,4.5615473,4.483263,4.4298496
133111,-44.88141,-45.08178,-44.674812
133116,5.591009,5.4830384,5.3923016
133121,16.465868,14.805332,14.378735
133124,-18.79988,-18.35675,-18.32441
133125,3.693009,3.511149,3.5574226
133126,-44.726425,-44.69025,-44.87358
133130,8.8225975,8.080521,7.983828
133149,14.801458,14.478272,14.336511
133166,9.0035305,8.822113,9.2108
133170,2.4743342,2.3448339,1.444942
133175,17.830164,17.810925,17.764763
133197,8.214164,8.721875,8.767101
133199,7.4276505,7.8267865,7.404583
133204,15.974259,14.258089,13.919214
133205,6.493616,6.7643657,6.1574173
133209,7.6697984,7.1772985,6.998222
133227,11.140688,11.298872,12.529129
13326,5.6140113,5.072154,5.124804
13350,10.470076,10.097716,10.367483
133666,-15.35652,-15.210194,-15.594763
13372,-68.13961,-67.5171,-67.11412
133743,12.910818,13.550079,13.625925
133744,2.933124,3.296257,3.448721
133765,9.648407,9.337638,9.44725
133766,5.929509,7.3421803,7.5110416
13377,5.898994,4.89786,4.498247
13380,-1.2268863,-0.944366,-1.4391322
13382,-3.3891315,-3.8852205,-3.8564968
13384,5.9337244,5.834234,5.9347897
133842,5.8813267,5.7777386,5.86343
13385,11.980548,14.077223,13.724287
13386,5.099296,7.3076205,6.8026876
133881,11.471018,12.109263,12.165367
13390,13.594763,13.075867,13.132709
133904,5.5879374,6.5426016,6.5105705
133913,15.686592,16.703371,16.911308
13396,18.258984,18.638695,19.906437
134,-2.3828726,-2.680046,-2.7574863
134000,17.02856,16.934265,16.97314
134003,11.843344,11.450398,11.5787945
134004,14.49645,14.686245,14.716616
134025,12.261302,11.272875,11.83175
134055,14.738248,13.455547,13.854337
134062,21.55314,20.847267,21.122892
134073,23.452353,23.221077,22.740978
13409,9.478368,9.865412,9.816507
13412,5.7352204,5.478434,5.5740514
134179,11.606586,11.643244,11.061364
134181,-19.97588,-19.814892,-19.905327
134201,14.810217,14.722068,14.960324
13422,4.8117104,4.6966624,4.659735
134297,8.064868,8.182733,8.253204
134305,12.907949,13.05172,13.169475
134310,12.316166,12.932905,12.804672
134311,17.112799,16.374653,15.963612
13432,14.314541,14.391477,14.020058
134332,5.260294,6.173283,5.885215
13437,11.87294,11.745327,11.914532
134409,7.133253,7.23203,7.216275
134410,15.296594,15.200494,15.131465
13443,1.4838171,1.2751632,1.5088778
13445,1.5875859,1.378335,1.5777245
13447,-43.755905,-43.352776,-42.998642
134474,1.1321635,1.9725075,1.8776641
134501,-4.1291494,-2.972503,-3.0608737
134516,2.126452,1.8617582,1.788135
13452,8.965506,8.971258,8.977284
134523,-35.7394,-35.20288,-35.281418
134525,-3.1834967,-2.6768024,-2.6083477
134528,-25.085459,-24.111181,-24.343554
13453,8.974884,8.720522,8.747423
134532,6.5475063,5.9447336,5.689708
13454,9.879049,9.883478,9.921297
134544,-2.609445,-1.991406,-2.1695633
134639,-30.1231,-30.971525,-31.465282
13477,21.837551,20.829885,21.824495
13478,13.137854,15.408953,14.736359
13483,18.739704,17.617422,17.710548
13485,-2.6805522,-0.65795493,-1.625293
13487,10.024166,9.751177,9.645784
13495,-8.658278,-5.36486,-6.7060695
13498,19.039198,18.806557,18.271057
134983,1.8477521,1.3135309,1.4516563
134984,6.3579664,6.441497,6.3616486
134985,6.930558,6.5922294,6.8001757
135018,-1.9904597,-2.172249,-2.7633479
135058,-2.1780803,-2.3178093,-2.6396863
13507,5.4997683,5.103822,5.5023193
13508,11.954821,11.48181,11.089713
135170,0.9896622,0.95824003,0.86836433
135188,10.3624935,10.667013,10.751751
135215,9.630931,9.858427,10.983946
13522,5.303138,6.767899,6.5304546
13523,11.536885,10.6765785,10.83425
13525,-48.351006,-49.38104,-49.184467
135252,25.6521,25.71415,25.86836
135259,7.561831,7.43133,7.4609885
13527,13.564494,13.450993,13.232656
135273,10.195278,10.23213,10.404179
13528,21.824848,22.857948,22.91939
13532,17.923964,17.919088,17.946064
13533,10.76124,10.766932,10.479289
135334,5.235572,4.9134626,4.8287587
13536,5.3936987,5.2596316,5.409398
13537,4.503559,4.7348294,5.0848866
135371,8.467055,7.396694,7.3444295
135372,6.385587,6.3764515,6.3060894
135376,9.871254,9.34295,9.084835
135378,6.8342977,7.139021,6.976724
135381,9.587086,9.753498,9.745935
135395,6.937294,7.1729093,7.086893
135396,10.481834,10.470308,10.5216675
135398,13.19181,12.576954,12.450023
13545,-42.55785,-42.255886,-42.330196
135451,-30.619,-30.168339,-30.118843
135456,6.989496,7.399127,7.1758842
135492,14.105099,14.403421,14.612961
135498,9.182629,9.286602,9.19047
13550,27.13562,27.071972,26.659725
135530,6.8060474,6.1864986,6.251257
135546,8.552557,8.980939,9.032104
135552,-31.705154,-31.786818,-31.782328
135557,7.619503,6.3960285,6.3481092
135577,-23.320347,-23.662968,-23.690355
135594,8.744547,8.380474,8.392918
135603,17.619602,17.065493,17.294273
13561,8.513783,8.2181225,8.372421
13566,20.415642,20.890223,20.196194
135668,7.165736,7.282959,7.116225
135669,10.394859,10.404509,10.778744
13569,13.275116,13.984932,13.787318
13571,14.929891,14.901923,14.014091
13581,-50.107777,-49.033443,-50.107018
13591,14.455961,14.8187,14.855351
13597,19.509954,19.478073,19.868303
13598,0.96057177,1.103549,1.0688324
135983,6.585246,6.6156626,6.655729
135984,9.226603,9.447926,8.72859
135985,8.826701,8.912322,8.904482
135986,6.87187,6.845399,6.7814145
136012,8.347999,7.6224604,7.4593716
136013,9.756651,9.737761,9.545877
136018,14.445944,14.313217,13.577691
136088,10.707058,10.822561,10.509218
136092,5.3122888,6.5635753,5.8359213
136112,11.314048,11.04905,11.365263
136113,-0.59548664,1.0276132,1.0605521
136148,3.5882225,3.6665602,3.9219613
136176,3.8633022,2.9142647,3.1352608
136179,-22.919834,-23.374905,-23.675034
136190,10.433676,10.65638,9.908663
13622,5.970296,4.8213124,4.3887444
13627,9.579491,9.634833,9.595369
136288,9.780058,9.922424,9.693007
136300,7.9080324,7.2920156,7.1234612
136309,6.2717276,6.2505026,5.9156446
13632,11.66731,11.347111,12.065611
136378,6.5125356,6.507118,6.618663
13645,5.8409944,5.8105793,5.5278997
13647,20.981974,20.59013,20.88601
136480,9.963353,10.021318,10.21655
136565,3.738144,4.7825556,4.4046493
136569,10.481405,9.602638,9.613342
136618,5.7634964,5.7320538,5.8666687
136659,12.275263,12.256367,12.047468
136660,12.952465,12.965335,12.916241
13668,14.3701935,14.234394,14.529156
136735,7.415044,7.412257,7.193972
136736,3.5244012,4.7230396,5.1569276
13676,15.270241,14.035581,14.561481
1368,-21.421991,-21.476517,-21.366814
13686,10.546282,10.996894,11.238315
136904,20.339191,19.87008,21.12696
136914,3.4682565,3.9598036,3.8761392
136925,3.2432914,3.4838495,3.4675193
136937,3.8129487,3.8767323,3.9850645
136944,10.323179,11.562723,11.515003
136949,11.579676,10.8744335,11.279488
136953,8.219383,8.195684,8.982933
13696,-0.8482022,-1.211051,-0.93794155
137073,6.652396,6.5009522,6.432599
137130,13.221794,13.132274,13.463213
137131,3.6438737,3.3065395,3.489624
137132,8.565838,8.580548,8.557604
137138,7.5271153,8.267262,8.444287
137223,5.965819,6.3394885,6.7879686
137242,13.105364,14.035367,14.090164
137247,16.85174,16.36293,16.537819
137250,6.1357336,7.2815614,7.261219
13730,4.6471133,4.3452516,4.4333577
137309,15.926791,15.904843,16.131178
137319,-32.9687,-33.123978,-32.915367
137324,17.018217,16.771214,17.114523
137328,1.5443239,2.3890247,2.9507785
137335,14.701542,13.404298,13.518074
137339,7.2169223,7.230217,7.1861286
137343,16.99326,16.6547,16.890568
13739,6.3152823,6.5650153,6.525858
13740,14.29586,14.088751,13.936028
13742,20.491821,22.077154,21.961514
13750,-34.008224,-33.865124,-33.939404
137503,1.490284,1.2255988,1.5008202
13758,12.820763,13.161053,13.228722
13759,8.284393,8.548845,8.410131
13761,-40.779644,-41.724667,-42.50996
137615,-7.0402603,-6.7775764,-6.8891554
13762,3.3338442,2.5814953,3.4148226
137622,-0.14881516,0.023510456,-0.45275402
137629,10.239937,10.389349,10.503036
137636,11.726893,10.639105,10.513308
137638,2.05476,3.4350123,2.7604609
13766,28.956867,27.846056,27.771847
13767,-5.5824556,-7.019697,-7.30651
137705,0.35248756,0.2598138,0.80656433
137706,2.8721528,2.1929474,2.7545133
13771,4.8348846,5.7026157,4.956193
13772,12.018699,11.975017,12.278931
137725,3.0952597,2.6504073,3.0112095
137737,5.390906,5.417452,5.752848
137738,1.5955634,1.3917217,2.030129
137743,0.9447808,1.0103292,1.1073875
137752,1.8237886,2.3491454,2.3315072
13776,10.198061,8.531999,8.664818
137760,-39.65588,-40.110497,-39.575764
137765,1.2806911,1.4642491,1.7126579
13777,6.5218115,5.6216197,4.7220616
137778,-1.7157235,-1.4207587,-1.2355309
137796,1.5257273,1.4339795,1.6284671
13783,-56.496277,-55.72222,-56.276672
13784,3.031633,2.9873958,2.8911228
137857,4.303315,4.3292437,3.9388776
13787,6.105918,6.1565037,6.1728606
137880,9.204005,8.590262,8.901357
13797,0.45643187,0.47658253,0.79382324
13799,2.5549521,2.9262424,2.6088557
137996,5.5782256,5.8054113,5.8421035
137997,15.833873,15.621332,15.660183
137998,6.4745097,6.7121816,6.7152586
13805,7.067943,6.584827,6.4752164
13809,-52.701416,-53.197323,-53.686443
13811,13.2352085,12.906281,13.7362
13813,9.581516,11.358496,11.348161
138149,5.664772,5.3084397,5.418431
138150,8.599331,8.016769,7.890621
138175,-0.20312262,-0.7309394,-0.6578536
138178,18.532816,17.981838,17.958645
13819,-51.677704,-52.30501,-51.362816
138192,-6.810628,-7.833516,-8.192191
13822,10.212987,11.137885,10.661083
138234,9.057047,10.710964,10.986734
13824,9.744476,9.4149275,10.436776
13826,4.681683,4.06527,3.677175
138268,9.254292,9.559059,9.682795
138269,12.140736,12.362272,12.486698
13827,-42.820045,-42.999996,-42.484486
138270,10.309349,10.992652,11.133911
138284,7.6523046,7.6260366,6.835071
138285,12.496082,12.333328,12.31498
138286,7.336331,7.486276,7.6148715
13829,-11.508882,-13.284337,-13.5696
138299,11.179029,10.707794,10.481075
138309,18.476768,17.92987,18.142624
138329,1.0499101,1.1582823,1.539989
13834,19.4635,19.056858,19.635736
138348,7.8480415,7.9651375,8.393915
138392,3.8960967,3.5624838,3.515727
138398,4.3578296,6.8066463,6.369283
13841,20.383879,20.025957,20.662262
138414,-36.04018,-34.915565,-35.186623
13843,6.53509,6.72251,6.7103243
138434,4.565326,4.855117,5.148533
138435,6.916718,6.7916236,6.467213
138444,10.057496,9.217533,9.22066
138470,1.3688946,1.2594151,1.1496749
13852,15.683683,14.239693,14.315873
13862,6.5412707,6.465492,6.731223
13863,-47.928482,-48.397655,-47.9255
138653,11.253164,10.905643,10.495537
138661,9.814457,9.470687,9.81513
138692,6.718242,8.042788,8.395927
138708,20.631365,21.64392,21.45828
138731,11.544329,11.877171,11.639514
138734,4.9768076,6.2193203,6.2510376
138737,19.089325,17.717186,17.814777
13880,-46.026108,-46.692554,-46.929077
138829,4.234442,4.2494264,5.0555677
13887,22.944544,22.018797,22.355509
138900,9.286802,9.322615,9.499126
139075,7.7368894,7.4740987,7.4310937
139084,5.5392604,5.5209527,5.386984
139107,9.278072,8.9296665,8.936839
13911,-44.711365,-45.26554,-44.985207
13916,24.4813,23.986254,23.97171
13920,11.041296,11.06615,11.483612
13924,24.546436,24.023914,24.534285
13926,16.76288,16.16097,16.51512
139336,2.0038786,2.0644832,2.3164759
139340,3.9971232,3.9483104,4.087104
139344,4.753358,4.8266077,4.816067
13936,14.811177,14.697889,14.813682
13938,-61.00235,-60.497456,-60.629887
139392,7.3151946,7.319481,7.0514407
139400,3.2674732,3.5626435,3.469149
139405,5.381508,5.3925605,5.024605
139435,3.6484284,3.7444572,3.625928
139436,10.637816,11.484946,11.776967
139529,7.4201903,7.419692,7.3636165
13956,6.0371437,6.037292,5.9994755
139561,4.595428,4.572295,4.720653
139596,10.774231,11.201242,11.142929
13960,-42.609306,-43.56564,-42.866787
13961,7.3263974,7.709767,7.851632
139614,7.0693216,6.7125406,6.614706
139620,16.886757,18.010378,18.214348
13964,9.469732,9.980927,9.813879
139703,7.157049,6.3278327,6.23714
139712,6.4093604,6.3197823,6.2966375
139724,5.014842,4.9130707,5.0049415
139746,8.001381,7.925834,7.9436083
13978,-0.9547639,0.43490648,0.39577913
1398,9.636253,9.863448,9.927214
13980,26.425896,27.068327,26.535818
13983,2.751657,3.0136328,3.2272706
139837,9.937559,10.47007,10.056994
13992,6.7860737,6.879363,6.252366
13996,15.037539,12.490593,12.9224615
14001,31.982555,32.04263,31.589672
14015,5.7402215,5.6626983,5.68426
14019,9.811018,9.672905,9.224615
140190,4.197519,4.0069566,4.0386453
140193,9.613369,10.238255,10.338383
140201,7.7856207,6.9967117,7.1575007
140213,7.444725,6.873429,6.921108
140237,9.958967,9.7067375,10.344019
14030,-2.7526786,-4.281102,-4.7292433
14040,-58.999054,-59.93076,-60.264526
14041,9.231268,9.522726,9.765693
14042,7.5827713,7.1372366,7.1150546
14050,-14.434978,-14.488983,-14.39477
140732,4.8837514,5.565264,5.4271455
14091,2.9196887,2.6361022,2.4432263
14094,-49.932335,-49.873135,-50.34404
14099,11.555929,13.330735,13.140254
14103,14.436462,11.994673,12.439092
14104,9.632337,9.712442,9.894224
141208,6.698739,7.3156185,7.8934984
14123,-4.2022314,-4.1822853,-3.997784
14128,-2.0036583,-1.8533044,-2.0452752
141361,15.660971,16.92244,17.184193
141832,8.122822,8.15737,8.32996
141948,7.12836,7.170169,7.2234974
141968,11.523775,10.870322,11.094824
142036,8.668656,7.753609,7.580679
14214,8.291054,8.445206,8.720119
14220,-57.95746,-56.820534,-55.99379
142209,-5.373784,-4.797098,-4.817186
14221,8.70166,8.209855,8.307127
142229,-0.51157475,-0.14918709,0.09266853
142306,11.977709,12.291768,12.07976
142336,7.5612316,7.425903,7.709309
14236,-24.548159,-26.065456,-25.211803
14238,-13.681044,-14.043775,-14.214779
14239,12.28044,11.63936,11.365987
142502,7.6814933,7.78751,7.68426
142528,2.3048577,1.998241,2.0352573
142565,4.1524377,4.0868416,4.4028125
142567,1.5308819,1.0013804,1.1752505
142568,0.6221242,0.39354324,0.39533997
142589,5.986091,5.729245,6.399794
142612,-2.3448286,-2.799347,-2.7607718
142615,0.95319366,1.0313678,1.0772471
142638,-0.09828663,-0.24350166,0.04582405
142657,2.284771,1.9649434,2.1112857
142674,-3.9273474,-3.4670303,-3.3893545
142681,3.9421835,3.3111424,3.591021
14272,1.5558896,1.9103127,1.8266869
142785,2.025228,1.431632,1.8646479
142786,0.8859024,0.59964657,0.9373193
142797,5.274879,5.4615645,5.6226234
142803,0.5273938,1.0198674,1.2977371
142812,-30.99829,-31.580181,-30.900635
142824,1.726975,1.2080736,1.4652429
142825,0.41429043,0.5785146,0.7788644
142835,1.6486611,1.3983941,1.3529096
142838,-0.5630121,-0.71713257,-0.39635277
14286,27.727497,27.826134,28.497665
14294,-42.60082,-43.05623,-42.876072
142948,-1.4502976,-1.7240403,-1.46475
142951,3.3979998,3.9219494,3.581894
142968,3.8126898,3.9182258,4.318887
142981,4.2448783,3.9441757,4.0594
142982,-2.1072612,-2.18081,-1.9116302
142993,2.28796,2.7076316,2.54181
142996,1.2819581,1.6846886,1.7962847
142997,1.5833764,1.1971459,1.3606033
142998,1.5090404,1.2081265,1.3937778
143015,-29.79055,-29.174873,-27.906748
143016,-1.35853,-1.8690553,-0.78143215
143017,-1.6767826,-1.7100973,-1.3248763
143074,3.3395796,3.6372638,4.0391083
143320,11.203484,12.60627,12.222996
143321,9.585785,9.167599,9.2082205
143366,9.23295,9.058103,9.272915
143387,7.947079,7.8130856,8.150839
143388,3.8788939,3.58634,3.854032
143398,2.967462,2.48103,2.495471
143399,3.9264686,3.043933,3.0035558
143402,2.6539297,2.08567,2.0845633
143405,3.986711,3.8393526,3.9984612
143407,11.810146,11.54779,11.610954
143408,4.9607925,4.730007,4.93034
143411,5.6672993,6.124549,6.156354
143412,-3.0517762,-2.5505903,-2.5062015
143423,3.6668782,3.7709908,3.7946758
143424,7.3562665,7.180124,6.7947407
143436,6.7947736,8.656614,8.43755
143460,4.458374,4.907636,5.0738506
143461,4.5348806,5.179108,5.266174
143464,6.7595544,6.570986,7.4712443
143465,5.320871,4.8007255,5.2326975
143470,2.117247,1.7461596,2.556911
143510,-20.979502,-21.347507,-20.541626
143525,6.0051317,5.91133,5.9820766
143527,8.827295,7.7871337,7.5879
14372,7.6327906,7.8846655,7.9800653
143726,24.493982,24.319572,23.913965
143727,26.004778,26.082817,25.35619
143730,24.92858,24.832138,24.500618
143739,26.81623,27.337862,26.841473
143740,26.773388,27.007576,26.53469
14381,-30.826561,-29.974236,-29.850136
143885,-0.25236464,-0.17468596,-0.24106026
144011,6.633601,6.3117847,6.7570047
144012,2.6045303,2.7977614,2.5161362
14406,29.311626,29.626663,30.118246
144095,12.02651,12.112801,12.641078
14415,26.257725,25.340649,25.303627
14416,4.2213492,3.3146186,3.4169993
144168,5.8603516,5.755378,5.926092
14419,10.790558,9.714006,9.396865
14423,11.684931,12.4569645,12.155445
14428,17.944891,18.55152,18.854061
14432,-27.826561,-27.866627,-27.890255
14445,-38.827484,-38.883453,-38.782455
14467,-14.117377,-15.148884,-15.118244
144673,12.114518,13.024502,12.543842
144675,-11.026327,-11.815312,-11.530469
144677,3.2291303,3.067223,3.3665667
14469,15.70496,14.719004,14.506905
14475,23.238379,24.281055,25.103159
14501,12.801479,10.427546,10.3873825
14508,30.568289,30.481731,29.516582
14515,23.727655,22.782742,22.367178
145169,-24.227087,-24.765224,-24.642963
145170,-24.66993,-24.685009,-24.8199
145174,5.1883664,5.176046,5.87402
145175,4.3350034,4.3536105,5.0184054
14530,-54.20025,-52.453457,-52.988808
14538,15.386972,16.631414,16.370588
1454,0.3298664,0.78116083,0.8009515
145422,8.966847,8.673096,8.768164
145423,-19.141054,-19.300865,-18.951612
145424,19.104378,19.021832,19.35576
145458,11.717799,11.961687,11.951727
145459,11.524173,12.191172,11.840912
145460,11.195847,11.455521,11.067823
145496,13.394693,13.502795,12.347979
145497,-58.835335,-58.347668,-59.783985
14550,14.33854,14.103342,13.864578
14552,25.739023,25.659534,25.787476
145522,13.8482,13.233865,13.4978285
145525,11.693024,11.019497,11.326878
145532,15.888172,16.090504,16.253866
145540,13.518785,13.3110485,13.029691
145565,13.6402445,12.20598,12.126884
145566,14.09236,12.726135,12.650277
145567,8.309303,7.869494,8.054369
145580,6.7019463,6.5239515,6.4927225
145581,10.1044235,9.935505,9.981104
145614,13.708454,13.974707,14.00818
145632,7.1091833,7.341357,7.2172318
145639,7.919335,8.183567,7.80433
145640,13.733659,13.698118,13.316631
145658,4.8027315,4.7124333,4.4619293
14566,31.996592,32.439358,32.929794
1457,-4.806918,-4.979641,-4.8048725
145717,7.8287587,7.6026187,7.1768465
145743,-5.047283,-5.565028,-5.2241273
14578,7.9566164,7.734013,7.8960624
14582,-71.68942,-70.20172,-71.3243
14585,26.41846,27.857094,27.374527
14588,4.7501497,5.2893004,5.699888
14592,15.329382,15.893768,16.201761
145998,4.1668158,3.990127,4.0569572
14622,5.2412033,4.1221714,3.4239702
146276,-22.409973,-22.277811,-22.17139
146296,5.8371925,6.407773,7.189399
14631,2.0688038,2.8456416,2.778339
146321,1.8040524,2.0616493,2.579464
146377,-6.978855,-5.832338,-5.7704325
146414,2.1503682,1.9382563,1.5169501
146415,3.1210718,3.1593475,2.7164025
146416,1.7514057,2.8717246,2.4395719
146417,7.0388436,7.107098,7.2003665
14642,1.8398275,2.1018686,2.0496616
146508,-3.4053898,-3.3985243,-3.515771
146599,11.904001,11.704374,11.696547
1466,9.054562,8.920782,9.056239
146600,10.358154,10.400045,10.442563
146601,11.161891,10.943056,11.060774
14668,8.525906,8.3216715,8.447926
146714,-18.111319,-18.332993,-18.247133
146739,4.161855,4.5230293,4.7434196
14680,2.6565123,2.7004862,2.6098313
146817,-1.885643,-1.9106617,-1.5199556
14683,3.3399138,3.215819,3.2534695
146842,1.0062656,1.3930049,1.5724998
146870,0.9250665,-0.023136139,0.33489943
14700,6.01777,6.200261,6.1801133
147071,12.428939,11.48259,11.734808
147128,10.23864,9.725033,9.387588
147225,-28.798685,-28.568342,-28.473228
147226,3.911816,4.0494695,3.9755168
147227,2.610478,2.713581,2.720148
147228,-28.32161,-28.200481,-28.144758
147229,1.008848,1.1110258,1.2004223
147230,2.191189,2.082468,2.0453167
147259,1.7476273,0.9892144,0.5831461
147276,4.793426,4.4982767,4.6275964
147312,3.9853716,4.6026473,4.8081517
147325,1.7295299,1.0343299,0.8420057
147362,0.8002114,0.046830654,0.06748533
147363,-3.3000576,-3.252819,-4.1043625
147364,1.4142284,1.0821676,0.84138966
147365,8.4502,7.6931806,7.313086
147366,2.0293462,0.8247571,0.53535557
147367,12.484037,12.185471,11.8716955
147368,11.08476,11.168491,12.853008
147416,6.9863806,7.242529,6.973378
147423,1.1987538,1.0555458,0.9276333
14746,12.666874,11.560204,11.190189
147481,-40.299946,-41.728416,-41.350933
147484,7.702397,7.947373,7.4796853
147485,8.551558,8.838396,8.739061
14752,20.01448,19.978024,20.010239
147586,7.4670544,6.6484137,6.552859
147603,10.885267,10.228558,10.383953
147640,7.876575,7.8482876,7.732754
147795,7.529727,5.578605,5.147308
147799,5.3480763,4.8993773,5.113025
147800,8.811102,7.6375103,7.887695
14781,11.795193,12.098554,12.026391
14783,17.221212,18.308002,18.27237
147884,2.167655,3.098866,3.2262049
147926,-93.597404,-93.48613,-93.355804
147927,1.8691111,1.9068923,1.9020052
14794,12.43923,13.36489,13.356992
14796,20.154148,21.427282,21.117523
147963,2.0205984,1.8535933,2.1084623
14798,-29.776104,-29.9904,-29.87033
1480,-1.910409,-1.4530706,-1.6272788
14804,9.526472,9.385514,9.353725
148070,4.668337,4.625705,4.657839
148073,0.47750807,0.12141085,0.4639349
148098,5.8296204,5.88704,5.9267764
148099,2.8607244,2.7454667,2.705841
148155,2.6029396,2.4128256,2.7715669
148156,4.176126,4.117162,4.3074064
14817,16.346075,16.756615,17.516838
148196,3.9058661,4.249549,4.154811
148217,5.5671744,4.9815826,4.9123607
148232,14.71289,15.252111,14.531366
148252,2.6637192,2.8410459,2.5277567
148284,2.5789585,2.615282,2.7709746
14832,12.263311,11.70805,11.477581
14839,-4.0475316,-3.7822247,-3.6987844
148433,4.851651,4.719545,5.516707
148434,5.8403387,5.5123215,6.195804
148436,6.398781,6.367568,7.3084674
148437,5.3174977,5.456946,6.2474213
148479,-5.1783504,-4.332368,-4.5728817
148497,17.607315,17.146687,17.004276
148528,4.179438,3.8497777,4.7771015
148627,9.881697,9.154177,9.295822
148672,1.7904143,2.3297753,2.4650059
148673,11.697135,11.32966,11.403076
148674,7.381818,8.94685,9.270143
148675,13.203812,13.982279,14.155258
148676,13.81189,13.766542,12.621847
148684,-0.5182228,-1.2360578,-1.398654
148698,5.1916647,5.501863,5.3531065
148699,11.014984,11.939936,11.812055
148713,-29.51872,-29.295908,-29.469837
148718,-1.8324671,-1.5367613,-1.4581351
148723,7.2796335,7.206616,7.300596
148726,3.5426931,3.0255923,3.364618
148749,11.991747,10.176981,10.996771
148765,-0.51815224,-0.14371014,-1.165554
148771,8.998579,9.754639,9.903978
148772,8.984919,9.04778,8.901084
148773,-4.969618,-6.3063474,-5.589113
148783,10.327892,10.052443,10.339832
148793,11.446559,11.963589,11.502525
148797,-1.5953288,-1.0273571,-0.855464
14880,-1.7519951,-1.6091499,-1.514462
148809,-1.5173287,-1.8885131,-1.819139
148822,1.0985816,1.1318998,0.8643551
148847,-29.9813,-30.587091,-30.612766
148898,1.7090015,2.1134758,3.1732812
148904,-6.166389,-6.3951902,-6.6444807
148928,6.682987,7.2659345,7.3773084
148943,-1.6585641,-1.1646528,-0.96247244
148944,0.15094805,-0.4311304,-0.38087273
148945,-2.4913397,-2.4645753,-2.6912332
148946,-1.1215813,-1.9576595,-1.9505675
148963,23.486885,23.017738,22.523489
149019,-4.880271,-5.441795,-5.74225
14905,0.3104515,1.1212201,1.2434745
14906,5.1298842,5.080779,5.1170096
149107,6.675462,6.527628,5.7792454
149113,13.08627,14.358286,14.928547
149114,-0.21730351,0.080664635,-0.7198646
149119,0.7971802,1.6575553,1.2424674
149122,2.864283,2.7521725,3.7636619
149128,-4.696312,-4.26565,-4.12029
149133,-61.84249,-59.07525,-60.055832
149138,14.539596,13.649052,14.304745
149148,0.08176136,-1.1362071,-1.2661114
149150,2.2750635,2.720151,2.9627948
149161,4.7315445,4.2744126,4.130937
149166,13.157171,12.513067,13.138195
149169,12.249894,12.546247,12.606951
149170,1.8405018,2.1265001,1.7631464
149171,13.522472,12.252677,13.183802
149181,6.9390397,7.483901,7.2610188
149185,1.4851141,1.3255754,1.2804761
149194,31.378605,30.385532,30.022419
149202,2.9879608,3.3041153,3.4962854
14921,-21.182108,-21.426691,-21.814049
14922,11.775263,9.792311,10.199702
149220,18.949957,16.344633,17.144691
149221,30.963026,27.958168,28.116928
149222,31.701227,31.521362,32.05611
149225,16.576332,16.627876,16.56859
14928,-1.8842916,-1.4806895,-1.7958403
14933,5.6078544,6.3796306,6.278933
149339,2.157989,2.120359,2.2481976
149340,3.3003974,3.2683702,3.2334776
149342,4.6640463,4.365394,4.385928
149351,-30.812897,-30.848024,-30.834978
149353,4.607726,4.9152837,5.061891
149400,-6.590969,-6.6500826,-6.8374133
14943,18.728518,19.650166,19.511646
14955,2.8337584,0.7968359,0.28444147
14959,3.8190389,3.6853313,3.2629738
14965,-11.138226,-11.873798,-11.109127
14974,-5.5819793,-7.0701575,-6.874562
14976,-4.649281,-5.5209823,-5.6959205
149760,1.3141136,1.2822781,1.2534041
149763,8.017653,7.894226,7.770893
14977,0.5800953,0.90107536,0.8752346
14982,-7.4667826,-7.41436,-7.807452
149863,2.1345448,2.2206292,2.3382273
149864,4.011685,3.8475232,3.8393497
14987,3.8260465,3.8123703,3.785161
14991,1.0347414,1.2960644,1.2088823
14992,11.630889,12.272123,12.155291
14997,0.68396187,2.1153078,2.1850042
149988,7.635098,7.503615,7.5625453
15,-4.5734754,-3.8293219,-4.12046
150,22.658121,22.887964,22.455122
15000,-0.2898898,-0.625329,-0.52427864
150000,6.4634686,5.9880714,6.314017
150017,9.392562,9.271293,9.402346
150019,14.111291,14.905374,14.618066
15002,2.5924602,2.0523033,2.4213119
150021,12.76387,12.517014,12.416491
150022,8.881855,9.628086,9.915237
150023,13.709957,14.594799,14.356972
150024,11.507441,11.50691,11.356607
150026,8.013782,7.8761544,8.086733
15006,7.6096606,7.549751,7.619556
15007,-7.630044,-8.501343,-8.220448
15008,10.205973,10.78665,10.425304
150120,13.33301,12.826111,12.91835
150123,8.738464,8.36656,8.331717
150131,6.365157,6.395836,6.586022
15015,3.8867316,3.5344362,3.4219937
150202,6.6234727,6.5772433,6.8013396
15021,22.318523,20.766117,21.398891
150243,6.0973315,6.0846653,6.191187
150282,6.2293506,6.1342607,6.2993226
150283,5.3232617,5.3942013,5.6095343
150346,6.946297,6.8410716,6.872626
150347,6.384102,6.405813,6.2717595
150348,8.912072,7.881238,7.9862933
150367,6.261424,5.9209986,5.950704
150368,9.827536,10.068853,10.009668
150383,6.5092635,6.8283334,6.7327924
15039,8.247227,8.198471,8.470085
150425,6.6265087,6.4762974,6.641041
150499,6.3785973,6.442384,6.626983
150581,5.4103103,5.702258,5.6547956
150584,4.173386,4.1866045,3.9348874
15060,-2.2192702,-2.879834,-3.1147249
150671,8.666185,8.459787,8.597822
15070,10.254109,9.703802,9.683786
15091,8.100418,5.782681,5.744529
150934,4.990648,4.877749,4.84453
15099,1.4024582,2.1013622,1.4943867
15101,0.27331734,-0.013648987,0.012720108
151133,2.9268317,2.9482317,3.1681056
151135,3.462912,3.833416,3.86374
151137,4.666733,4.873396,4.9396462
151169,-1.348649,-0.6955371,-0.6216731
151171,-6.39558,-5.6728463,-5.775859
151191,-15.105468,-16.092728,-16.565643
151193,-2.6753867,-2.9569743,-2.9506152
151206,-3.3649888,-3.1267433,-3.1212802
151236,1.2049913,1.4028091,1.3726497
151299,0.31873322,0.41909313,0.60240984
151307,-2.9683585,-2.6386476,-2.6280313
151324,-1.3682606,-2.423065,-2.2410028
151367,-2.5017939,-3.1064959,-2.959425
151370,7.844551,7.6801767,7.9261575
151374,-1.7202857,-2.102935,-2.184076
151430,-6.9853106,-6.884308,-6.4499493
151524,-2.1850913,-2.528951,-2.373103
151527,9.560416,8.800795,8.81855
151528,-0.47584152,-1.0705781,-1.059783
151585,4.256965,3.3210573,3.351204
15159,5.5339756,3.367022,3.940734
15190,-16.957895,-17.407776,-17.214857
151950,-0.8142562,-0.9201169,-0.7051878
15196,-3.1985579,-3.0151052,-3.2250738
15199,6.7280164,8.037019,7.848355
15201,2.6188908,2.099753,1.6201739
152063,-1.0839596,-0.81880236,-0.7611003
152127,-2.5451484,-2.6744404,-2.6269326
15213,5.7606916,5.7708225,5.7580395
152277,1.272193,1.5520382,1.7958145
152278,8.203468,7.74011,8.19364
152279,5.507931,5.280981,5.5418973
152280,9.748745,9.760178,9.952179
15230,19.461576,19.221859,19.367437
152325,4.6087255,5.1744695,5.217822
152326,4.080246,4.7336764,4.709452
152327,3.5308886,4.4049454,4.3023915
152328,1.0231423,0.6066656,0.862463
152329,3.3821177,3.140038,3.398932
152330,3.3294291,3.170754,3.466826
152340,7.2690554,7.1774783,7.2543206
152341,6.85138,6.7237034,6.809842
152342,10.63198,10.513402,10.788116
152343,7.138983,7.1722903,7.212214
152344,5.8161144,5.555978,5.6335006
152345,6.9012027,6.551582,6.666554
152346,5.1819773,5.0068216,5.1134996
152347,6.66273,6.393557,6.5177355
152368,6.7340612,8.140304,8.832451
152369,5.3679748,5.149757,5.054297
152370,5.1202846,4.9812536,4.927248
152386,0.68593454,0.84917116,0.73108435
152494,4.3834133,4.392773,4.531591
152495,2.9227653,3.1605825,3.3317637
152496,9.736679,8.871541,9.452864
152576,-2.6551425,-3.2993343,-3.2320015
152637,9.929959,9.892546,9.971802
152638,16.8126,16.957954,16.962112
152639,19.344347,20.30135,20.87555
15268,0.32183218,-1.0869632,-1.1775012
15278,-5.4660864,-5.0021577,-5.277764
15279,-10.159803,-9.958551,-9.841682
15286,1.9420776,2.2549381,2.3318052
15288,1.64993,0.9691405,0.8874836
152909,2.9478874,2.840613,2.9549022
152910,3.1094651,3.0430608,3.084084
15295,-14.163069,-16.27322,-16.332708
152957,7.8475113,7.791819,7.4106393
1530,0.43299913,0.5001445,0.5692549
15300,-1.2372904,-0.17677307,-1.4004931
153011,7.8481164,7.722533,7.70198
153032,10.3682785,12.310316,12.104408
153046,7.444075,7.3115993,7.4060025
153049,10.729836,9.613634,10.340058
153050,9.740847,9.691759,9.804459
15308,-0.31139565,-0.7915044,-0.80492353
15309,1.7523642,1.9702363,1.9768276
15314,-10.045482,-10.019436,-9.623944
153140,7.3851624,7.344405,7.67529
153141,3.5542774,3.021595,3.0362139
153142,4.018403,4.063055,3.913251
153143,6.620433,6.5715585,6.4622755
153144,8.748924,8.698183,9.007583
15319,-3.6196547,-2.7830858,-2.9297752
153239,3.9827614,4.3218727,4.329919
153241,3.6305766,3.1830268,3.2847557
15326,2.9148054,2.3239665,2.3315506
15339,1.9453297,2.3093653,2.221734
1534,-3.7805266,-3.4882612,-3.5697231
15340,16.254353,13.525866,13.302108
153412,4.653325,4.4746685,4.488149
153434,4.976908,4.7350593,4.838301
153447,4.041325,4.137903,4.1142955
15345,7.6561112,8.466218,8.643419
153506,1.2174244,1.205131,1.254138
153546,9.932205,10.073843,10.084356
15356,8.075192,7.6489515,7.6743164
15359,-2.4012592,-2.264476,-2.0199893
15364,10.657005,9.62463,9.146489
15367,-3.6136053,-2.4907892,-2.201115
153780,7.0631204,6.898243,7.225665
153812,7.6410546,7.3437095,7.1198907
15383,2.4791756,1.2245846,1.7491732
15385,1.5345693,2.0508428,1.7846313
153853,7.678916,7.5376253,7.5738006
153858,4.879567,4.7237577,4.760986
154014,11.948601,11.8840275,12.018421
154015,-1.855828,-2.0910208,-1.9738867
154016,4.714267,4.2579007,4.5384684
154017,8.2652235,8.530449,8.328754
154019,9.615374,9.744431,9.906474
154022,7.453228,7.221745,7.299588
154025,10.684275,10.40691,11.086651
154028,8.87052,8.494432,8.602696
154039,14.277002,14.264477,14.44384
154040,13.855688,13.8691025,13.926119
154045,7.6420546,7.6258893,7.73137
154054,7.2479763,6.7989464,6.8437276
154058,6.693712,6.7205396,6.728123
154090,2.6121988,2.7287636,2.2228484
154179,-26.389132,-26.01302,-25.999205
154180,5.644792,5.36511,5.498638
154181,2.930162,2.6502013,2.742885
154182,5.3469,5.105905,5.1521554
154192,-22.575329,-22.545938,-22.336824
154193,3.8393288,4.158009,3.732822
15421,4.633575,4.934338,4.895021
15428,0.10097265,0.8699117,0.7807956
154339,11.292593,11.722779,12.103128
154354,13.456764,12.7722435,12.82419
15441,6.9381466,8.914328,9.082158
15446,-3.283664,-2.9037998,-3.240822
15448,-6.450747,-6.609796,-6.5224137
154510,3.6154032,2.7856255,2.9949083
154616,4.320922,3.5989218,3.587575
154617,3.7661386,3.7650433,3.8952718
154618,3.932664,4.0114007,3.9517856
154619,7.052385,6.9451017,6.958538
15493,1.6288958,0.93896484,1.4941716
155045,-25.784054,-26.240427,-26.065704
15507,5.85335,5.926334,5.7013106
155072,10.497593,11.478294,11.58135
1551,-0.70189285,-0.57584906,-0.5994673
155186,-30.708454,-29.450155,-29.445213
155195,8.8024845,9.782075,10.097197
155203,7.0754433,6.970428,6.7884603
15521,6.6440473,6.9135866,6.742512
1553,-0.50785303,-1.4310851,-1.3706079
15540,8.510836,8.681391,8.851387
1555,1.7255449,1.314795,1.2709098
15553,-0.5998988,-2.232452,-1.681406
15556,-4.6299205,-5.298432,-5.3220296
1557,-0.47915506,-0.71025276,-0.70306444
15575,-6.5789766,-6.5451064,-6.3182464
155804,7.85223,6.8676505,7.340924
155805,8.816469,8.844125,8.674821
15594,15.167527,14.653333,14.886471
15595,-33.998802,-35.631245,-35.59262
15608,1.8998375,2.1967435,2.2826366
156089,4.0585027,4.0423656,3.986536
15609,4.643381,4.7059536,4.881937
1562,6.6894436,6.525531,6.541683
15628,-36.369595,-36.185265,-36.21686
1563,7.3640037,7.6896024,7.439002
15632,-5.057355,-5.5741377,-5.6737423
15637,5.914631,4.9996967,4.9356766
15640,5.2410727,5.3609095,5.399182
156687,5.816243,6.072822,5.762581
157012,-0.45652962,-0.95933104,-1.2355433
15706,17.651398,17.145031,17.919868
15736,5.0853195,5.1372285,5.373131
15754,7.6578226,7.0746994,6.9886923
157543,6.8397393,7.888376,8.301458
157546,9.519423,9.56967,9.483986
15757,9.063288,9.167562,9.026373
157588,6.659418,6.519164,6.652401
15759,5.613924,4.61446,5.7434225
157595,12.054454,11.906063,11.822898
15760,8.622763,8.019733,7.8308315
15771,-48.90583,-48.055557,-47.65709
15772,13.440975,12.513752,12.638688
158122,2.6592326,2.8388352,2.7478642
158169,8.981481,11.116758,10.097456
1584,0.23003769,0.7905712,0.9225817
15848,2.5902705,1.995182,2.4844694
158519,5.558715,6.2728076,6.252197
15856,-3.1150737,-3.2532516,-3.1565003
15861,10.541719,10.81365,10.881053
15883,2.5131102,2.3786945,2.3944635
15901,15.780775,15.674504,15.859281
15911,7.659792,7.5889635,7.7116976
159151,6.184853,6.18022,6.3743763
15916,2.1186483,2.188815,2.2438588
15921,4.922443,4.766942,4.78939
15926,10.364343,9.5175495,9.770399
15952,17.055279,17.075344,17.59032
15958,3.9966955,5.0445275,5.349658
15959,10.149147,10.183828,10.325968
159675,1.8931322,1.9386868,1.9098802
159872,7.324045,6.6725893,6.460228
15990,-2.856982,-1.9493377,-2.113333
15995,8.987271,9.334192,9.062286
15999,0.37893486,0.94716215,1.1160634
16004,-1.2875876,-1.2218704,-1.1684303
160071,9.475855,10.034821,10.453301
160088,-0.81071806,-0.78484297,-0.8235154
160089,1.087542,1.1784103,0.8901012
16016,3.4166536,4.158572,4.128156
16018,-2.0402458,-1.7496126,-1.3531654
160287,7.309785,8.206348,8.337381
16036,-31.923962,-31.881363,-31.806227
16039,-1.047195,-1.945838,-1.9278646
16045,-3.6742835,-5.1317472,-5.493286
160579,0.71250916,1.7918024,2.2011395
160593,9.011387,9.887882,9.8050785
160718,8.33972,6.845311,7.2271566
160727,5.897294,6.116105,6.3588405
160763,7.6585426,8.179747,8.312756
160887,9.792323,9.60784,9.954503
160944,8.579009,8.612745,8.677236
160977,1.3673759,0.41858578,0.3605137
1610,-2.1162348,-1.3264799,-1.4412732
16101,10.709608,10.709316,10.917452
16102,6.3894286,6.1543636,6.027103
161032,12.614344,13.040169,12.896904
161033,5.0334754,4.3274345,4.2246523
161048,5.1464157,5.7010007,6.412096
16114,1.549942,1.5470386,1.2899933
161204,15.116982,14.940421,14.762262
161214,10.381932,11.838658,11.562906
161216,-23.692196,-22.11581,-22.028141
161219,16.15862,15.6456,15.531126
161232,5.01667,4.922158,4.952364
161233,4.891034,4.6463556,4.679239
161254,3.123919,3.0367885,3.0956016
161255,5.0619583,4.7927155,4.837801
161407,1.0594468,1.0813537,1.3349166
161415,6.565517,5.654453,5.9953237
16148,6.474128,6.9678345,6.817377
16185,-2.8983765,-2.5092998,-2.747867
16199,13.049422,13.307355,12.40148
16200,0.9546323,1.0816436,1.1906147
162012,9.991104,9.934244,9.877123
16210,3.504766,3.5561476,3.6597652
16217,2.8140302,2.7166328,2.6341662
16223,0.33227587,-0.9190788,-1.0232859
16228,9.015865,8.934362,8.921162
1625,7.8049207,9.454144,8.830009
16251,10.942663,11.398006,11.431179
1626,-39.79137,-39.057526,-39.329205
162649,18.185799,17.276302,17.30505
162656,8.974316,9.782877,9.91899
162690,5.499022,5.8964543,6.258511
16272,5.289982,5.729966,5.0194197
1629,7.8584094,8.211931,8.257334
1631,1.1882758,3.0778375,2.4524617
16323,0.13123846,0.146976,0.19062424
163243,3.4517107,3.594195,3.6253772
1634,6.3355937,8.5755,8.223282
16354,-0.67670345,-0.851511,-0.8615074
163695,4.5537076,4.4797735,4.450265
163696,4.1996546,4.0781174,4.1771674
1637,8.31497,7.594326,7.4534845
16374,-27.83827,-27.42028,-27.455496
163758,2.1829152,2.426948,2.3164759
16383,6.446884,6.69318,6.237252
16394,1.6333237,1.4554567,1.7345476
16407,4.1564093,4.456476,4.1823416
16438,-1.7278771,-1.8726015,-1.9556465
1645,-31.962677,-32.374603,-32.237694
16456,11.6681595,11.740917,11.812975
164656,-2.886446,-3.3134723,-2.615817
164665,-6.235655,-5.0497856,-5.107328
16481,-1.247572,-1.2054563,-0.84166527
16506,22.431992,21.23798,21.867395
16536,11.560516,11.109656,11.157176
16550,-3.7551436,-4.026215,-4.151133
16553,-0.17466164,-0.12844515,0.4050665
16563,1.5000379,1.1050739,1.0931776
16571,5.3876452,3.069408,3.3777456
16585,-6.366061,-6.4158654,-6.414669
16613,1.0875316,0.65721273,0.4573369
16628,-4.5623665,-4.2526226,-4.3302975
16640,17.758593,18.09745,17.949394
16642,-27.584866,-26.900124,-27.134321
16648,4.5069356,4.939421,4.9841914
1665,14.080184,16.836071,16.139896
16660,2.1114354,1.5546885,1.4331574
16680,-3.0494394,-2.9888558,-2.9725294
16687,-3.2270956,-2.6204777,-2.502067
16689,-1.2852724,-1.4209826,-1.4011033
16724,-0.36254072,-0.29597902,-0.29202557
16734,5.605981,5.7626715,5.7791
1675,-45.575928,-45.88734,-45.670876
1676,-46.69537,-46.676735,-46.77082
16803,5.080228,4.9302135,5.0970125
16806,-1.8902144,-2.0098743,-1.9379482
16812,3.1320014,3.2069273,3.5775938
16819,-32.79633,-33.64856,-33.38081
16826,-2.3538492,-2.504645,-2.690035
16842,1.2586565,0.9018073,0.484941
16855,-39.624477,-40.189526,-39.922207
16864,12.391002,13.388239,10.372967
16866,11.309168,12.03216,11.997293
16872,-1.8912196,-2.1024103,-2.0782375
16884,19.461199,18.94048,18.596478
1689,-4.189601,-2.988229,-2.797445
16892,1.9234362,2.0006552,3.1010447
16914,2.8243427,2.9204407,2.9991345
16915,19.163229,18.912527,19.036583
16922,1.8240881,3.331088,3.3301086
1693,14.932617,12.786042,12.60754
16931,7.5432677,8.314255,8.029657
16933,6.875574,7.8160286,7.638837
16936,1.9187675,1.8653822,1.8301663
16945,16.248058,16.771854,17.932262
1696,-53.168022,-53.63116,-53.460438
1697,8.802355,7.112658,7.1729918
16971,4.3352637,4.298865,4.2654147
16974,-2.2577403,-2.1510446,-2.1280763
17015,16.610914,16.172523,15.701714
17017,2.4895139,3.132402,3.272931
17019,2.5568857,2.2370806,2.318287
17063,9.532542,8.880812,9.171541
170735,-29.54536,-30.265371,-29.865658
170739,0.65288067,-0.20831537,0.017558098
170762,12.600883,12.745447,13.374273
170764,-3.6142316,-2.5238285,-2.325077
17079,12.159104,12.566683,12.214027
17081,13.882983,13.976457,13.998328
17083,3.2178636,2.7843623,2.716722
17084,-36.71279,-36.687283,-36.68518
17085,4.861896,4.5308027,4.2086754
17088,11.955619,11.417416,11.670106
170881,-0.03542185,1.2904029,0.99980736
17090,8.552359,8.644473,8.430672
170903,-27.1475,-27.278782,-26.858974
170905,2.1202044,2.0506248,2.1870499
17091,9.355669,9.380096,9.298669
17094,18.152925,17.659428,17.898512
17097,9.096798,9.618994,9.726099
171008,-2.740337,-3.4229703,-3.125279
17103,8.034797,8.477146,8.531375
17109,12.598121,13.662576,13.171253
1711,28.113361,27.567217,27.506096
17111,13.338398,13.33993,13.282242
17114,1.3752546,0.6348262,0.59446955
17115,11.84751,11.747683,11.956186
17121,7.996225,7.570937,7.6418514
171239,5.251898,5.250159,5.0547156
17127,11.158879,11.986407,11.635962
171296,9.843712,9.927647,9.998064
171382,10.704538,10.668177,10.657267
17139,14.796391,14.762588,14.750037
17140,11.126474,10.88785,10.469549
171428,7.239039,7.3974,7.3149214
17144,24.90701,25.163649,26.022467
171550,6.0158176,7.3516493,6.8381295
171567,8.069545,7.7329617,7.8105507
171570,9.600708,8.981667,9.33667
171575,13.935534,13.8157,13.807964
171597,-2.9348104,-2.2449257,-2.1586092
17172,-24.850494,-24.968191,-24.62107
17173,-2.018212,-2.376292,-2.1356876
17181,-0.8002882,-0.8553233,-1.0032682
17183,-4.312682,-3.5927346,-3.477719
17185,-0.16049576,0.06779289,0.06291771
17191,14.981928,14.296894,14.63946
17195,13.162367,13.100393,13.053042
17196,13.473873,13.771673,13.809006
17197,5.0826244,4.8111444,4.5065765
172057,2.2603502,2.394394,2.4693923
172064,3.300097,3.2619305,3.2411008
172070,-25.932957,-26.138725,-26.167011
172073,-20.2801,-20.751575,-20.532433
172074,-0.7012758,-0.844769,-0.54014015
172077,1.8194003,2.0291843,2.039867
172086,3.6754856,4.0079103,3.7872577
172104,-1.8357296,-1.7056751,-1.4854984
172113,-4.502857,-4.456931,-4.2823257
172115,-3.0560522,-3.2296762,-3.2855997
17266,-3.6845336,-3.4706006,-3.2536812
17288,-3.1937432,-3.0655923,-2.5102344
17295,8.867172,9.730127,9.401165
17317,6.2660813,5.7038407,5.6465526
17324,-3.581114,-3.6626828,-3.4992292
17331,5.1617894,5.631853,5.2882624
17348,-2.1712084,-1.7668862,-1.7782297
17373,-2.2074018,-2.013175,-2.152059
1738,7.2521195,8.135527,7.83065
17393,-1.7148385,-1.9215598,-2.0052667
17395,-1.6981511,-1.5720367,-0.88871765
17406,-5.5112267,-5.765101,-5.734798
17412,1.4193602,2.1256146,2.437189
17413,12.94829,13.146351,12.676302
17414,0.15511417,0.2551012,-0.15875578
17443,17.295544,18.764673,18.649973
17447,16.196299,16.406906,16.364376
17461,25.894186,26.844826,26.88479
17462,38.01502,36.636444,37.224266
17465,27.412893,28.63808,29.00619
17477,16.859394,18.250942,17.640915
17478,22.942669,23.858397,23.750828
17481,16.536432,16.358707,16.088322
17489,27.667007,27.058104,26.185383
17490,21.918497,21.885147,21.445965
17495,33.83373,32.143074,31.044266
1753,-5.5773935,-6.987509,-7.1589108
17530,3.4729729,3.5375185,3.3805943
17531,15.108889,14.509808,14.938915
17532,3.7338762,3.7056828,3.8449144
175327,-1.2934561,-1.780694,-1.7165117
17536,-28.192757,-28.078049,-28.58937
175363,0.42048454,0.73630047,1.0489998
175364,3.0068307,3.6442895,4.122438
175368,11.109629,11.265315,11.3977
175369,3.0488153,2.4913425,2.3763466
175373,0.58874416,0.56859255,0.6215677
17548,14.716593,14.181179,13.951181
1755,-19.982574,-18.227604,-17.785923
17555,22.02503,22.68287,23.272947
17556,22.369648,22.967712,22.828041
1756,-6.2983055,-7.62936,-7.970789
175601,-0.5449271,-1.2529898,-0.8204284
1757,-6.5138392,-8.176143,-7.949684
175777,9.425953,9.785368,9.82147
17583,4.6530123,4.548911,4.369224
17585,4.3867874,4.3986454,4.3157215
17588,15.794714,15.218522,14.988739
17593,-3.3299055,-2.8091493,-3.0411053
17600,24.516626,24.698837,26.040726
17601,5.2005057,5.735098,5.59297
17604,1.5399046,1.3917527,1.3532586
17608,-0.26485348,-0.60009,-1.0902224
17609,8.787124,9.545939,9.235178
1761,-3.62261,-3.448337,-4.1022644
17621,10.452248,10.164555,10.404449
176238,5.6418486,5.80002,6.0594926
17633,6.7140174,6.7641,6.6559634
17644,11.381087,11.152918,11.108585
176474,10.312258,10.346456,10.277064
176475,6.341449,6.593619,6.9806294
17649,7.347252,7.2487655,7.3290863
176523,5.202629,5.360326,5.4578524
17690,-16.76242,-16.858732,-16.858047
17704,-4.718544,-4.858728,-4.5403986
177124,1.9044113,1.2693486,0.95386696
177128,-1.019856,0.043471336,0.14348507
177156,-36.382515,-36.720585,-36.319614
177168,2.6631093,2.6870403,2.9248233
177170,4.054461,4.03743,4.18273
17719,-1.0679626,-0.9261122,-0.7385454
17730,15.648785,15.712339,15.628619
177382,2.6996064,3.11696,3.6733189
177395,8.593846,8.749845,8.705635
177398,-2.0934408,-3.9345222,-3.9576063
177402,12.959129,13.595452,13.052048
177403,-26.804672,-26.232504,-26.813446
177404,14.560606,14.628,14.175392
177405,10.551387,10.446934,11.144175
17743,7.498605,7.568228,7.55853
177430,17.792622,17.530346,17.027403
177435,9.991994,9.327389,9.335567
177436,7.925716,7.7498055,7.687197
177437,4.7883883,4.459356,4.5279565
177490,9.328669,8.779642,8.451947
177491,4.540495,4.453083,4.4809785
17786,7.2003016,7.4726377,7.467521
1780,-33.63442,-33.92586,-34.43213
17805,6.247061,6.598883,6.5723543
17819,8.636296,8.727801,9.22859
17829,11.554226,11.788711,11.994682
17832,-3.9725826,-4.395239,-3.7454689
178328,2.3270373,2.334115,1.6066046
178330,2.1981058,2.2476974,1.7708621
178356,13.413685,13.9705305,13.508999
178361,11.204049,10.044313,9.592224
178362,4.267527,4.4972696,4.375106
178370,17.2149,19.009314,18.79118
178372,9.465244,10.642534,9.982827
178377,8.063541,7.7866087,7.7294836
178380,-4.826154,-4.4653406,-3.9833422
178418,1.1595187,1.0906549,1.2506647
178419,-1.6827574,-1.7841048,-1.6395607
178420,6.353397,6.945142,6.744659
178427,6.8104033,6.4296856,6.3286753
178435,-2.163564,-1.3883765,-1.3243096
178453,-1.0294781,-0.80740166,-1.2144647
178476,14.224844,13.642902,13.510329
178496,10.950493,11.217897,11.831601
178512,11.338148,10.876522,11.591417
178532,10.742437,11.209082,11.187878
178533,3.1327252,3.2094388,3.3257113
17867,2.5413423,2.2179904,2.3525329
17885,-19.357412,-19.461706,-19.105646
1791,6.9232616,4.5218825,4.747469
17911,6.958247,6.8312464,6.96924
1793,11.847066,11.767948,11.638132
17935,-1.7563593,-1.9365385,-1.7251961
17941,5.95722,6.290486,6.0500193
17993,5.97367,6.0669756,6.402009
18006,4.2315993,4.5859694,4.489687
18034,4.8823104,4.042116,3.837047
18039,2.1897712,2.210843,2.499405
18042,9.183815,8.992581,8.885332
18072,0.30705452,0.3413024,0.40656757
18085,6.2697487,6.2404947,6.2045593
18095,10.585522,10.618957,10.664903
18105,3.616127,3.6128817,3.56382
181197,3.6494122,3.5207539,3.5159807
181288,20.360018,20.874237,20.557228
18129,4.756204,4.749524,4.6743374
181297,2.1819496,1.5638976,1.540041
181298,2.6153188,2.7159495,3.025485
181305,6.61363,6.30574,6.5558114
181313,-27.881605,-27.883135,-27.776325
181316,4.04265,4.3308496,4.0362687
18156,-19.442047,-20.05174,-19.749691
181565,15.817669,15.583448,16.264956
181567,18.42902,18.290398,18.840542
181568,17.447838,17.758839,18.09533
181605,7.955495,8.3192005,7.68085
181618,3.9673977,3.865631,3.817295
181650,10.167566,10.1200485,10.322073
181717,-3.7063715,-3.4500525,-3.4178731
181722,4.3155804,4.875064,4.7663417
181740,-42.559143,-42.37177,-42.276188
181762,-8.7732935,-8.108424,-8.16133
181767,11.234317,10.665979,10.633165
181785,0.120541096,2.1229935,2.6299977
181786,6.6636405,6.4267883,6.207512
181803,9.328344,9.7284565,8.9742985
181805,-2.9954994,-3.1234763,-3.2004178
181814,6.111392,6.1131773,4.898933
181815,11.348782,9.749069,10.029858
181819,0.03507948,0.6097355,0.34219265
181830,2.3035712,2.019877,2.5156922
181833,-2.5716813,-1.4505908,-2.024326
181848,-0.9030552,-1.1285825,0.8502302
181854,-49.23946,-48.113483,-48.185524
181856,-8.206646,-7.5780964,-7.792549
181858,1.3877807,1.1147218,1.4261913
181859,7.377587,7.3610406,7.466943
181864,10.643694,11.241174,11.148632
181870,-2.6913223,-1.8553925,-1.325252
181876,7.443021,7.429789,7.1742415
181882,2.9653592,3.0968184,2.7651548
18189,-0.2392304,-0.40534258,-0.30939627
181912,3.9443455,3.626617,4.1194725
181926,9.604412,8.673035,8.561856
181928,-3.1693392,-3.3246293,-2.8617244
181929,-3.0969493,-3.4458163,-3.2454293
181940,18.869955,19.955042,19.50388
181942,1.899384,2.118482,1.8465719
181953,3.4796958,3.9447746,3.8454156
181956,6.181865,5.402507,5.4698744
181961,-41.198456,-42.543655,-42.00558
181968,5.594209,5.995012,6.426848
181970,17.833141,15.140598,13.701045
181977,2.9925632,2.0222082,1.8246055
181978,11.374792,11.884642,11.577744
181983,7.280326,7.5043736,6.76741
181984,7.7581205,8.111479,8.251621
181991,4.890195,5.6951647,5.655711
181996,10.786989,9.67937,10.498192
18205,-0.31347036,-0.9296713,-0.76131487
182116,16.814213,16.056232,16.578125
182138,5.670272,5.3685884,5.5185027
182145,4.063427,5.8716016,5.7042956
182148,7.0056977,6.944796,7.1661334
182151,3.6128435,3.55472,3.0687604
182152,17.430147,15.50418,15.282861
182162,3.7728856,3.1083775,2.671536
182188,-25.953953,-26.3699,-26.090813
182198,-1.9751863,-1.6634302,-1.8173637
18228,7.3817635,7.0205503,7.4760885
182331,-4.590936,-4.443603,-4.2767205
182368,-1.8965313,-3.3806798,-2.8273017
182391,0.043245316,0.07048988,0.21095991
182511,5.457132,5.537487,5.380389
182520,5.8255706,5.806241,5.8908916
182521,5.205784,5.398019,6.6324944
182523,-1.4326301,-2.4464002,-2.5104756
182530,-0.9087758,-1.0708299,-0.73816633
182534,4.969596,5.6390395,5.620716
182537,16.08816,13.707302,14.905755
182538,5.3519325,6.2164555,6.1313367
182539,12.636667,13.2842655,13.6666765
18254,6.5856967,6.506631,6.6086736
182559,8.024329,6.015196,5.5220995
182567,15.86693,15.874403,16.73378
182568,22.051807,22.78906,21.711424
182579,-45.731876,-46.05432,-46.822292
18264,1.1267257,1.2531514,1.292705
182654,3.7283921,2.912043,3.423627
182657,-0.38428307,-0.78176594,-1.0443702
182683,5.555684,4.4267025,4.3728223
182688,14.091818,15.603544,15.651757
182690,10.226795,8.8264675,8.619374
182701,5.608659,5.521557,5.023833
182718,-6.793809,-8.13863,-8.378136
182728,0.95020056,0.12236214,-0.22650051
182743,4.5016794,4.672895,4.476094
182745,5.09618,4.7788944,4.8837047
182746,8.091837,6.892168,8.337654
182749,-2.1792068,-2.146872,-2.452084
182763,-47.2126,-47.25341,-47.568798
182767,18.19821,19.19308,19.574192
182772,15.676764,12.449865,13.208746
182773,7.3333344,6.4637585,7.0114703
182790,7.607911,7.442409,8.360206
182795,9.926765,9.592588,10.046797
182803,-4.941686,-4.841615,-4.991033
182814,8.596489,8.3495865,7.27027
182818,-2.1793504,-1.9685049,-1.829484
182830,-8.83996,-6.2759657,-6.2531023
182837,4.984266,5.008912,4.8928576
182842,9.967665,9.696235,10.050287
182856,5.484844,5.3378706,4.503981
182857,10.9816265,11.30595,10.916449
182862,8.352172,8.44878,7.9026036
182867,3.2363286,3.2989697,2.9855862
182874,-7.7864122,-7.3063574,-7.1423736
182877,3.143601,3.079474,3.0694017
182890,-1.5780954,-0.97330284,-1.6070452
182896,13.737942,13.06735,13.543967
18291,2.6250758,2.549398,2.603701
182913,7.6675315,7.811041,7.979222
182917,14.190758,13.386677,14.465483
182924,-1.8946064,-1.4039557,-1.5486505
182933,12.68568,13.278134,13.420203
182936,9.82506,8.738407,8.719683
182938,19.217567,18.477577,18.225151
182940,29.304495,27.945868,26.626156
182943,0.21836138,0.91675854,0.89466953
182950,12.661175,14.307632,13.517889
182955,4.7838745,4.319878,3.9626894
182960,7.789912,7.107383,6.8125696
182961,5.5922112,5.1746836,5.1265326
182975,10.905147,9.380474,10.154669
182976,-0.021276474,0.14320946,0.4030862
182978,1.657311,1.2551332,1.2425666
182982,0.6282401,0.7030139,0.677618
182989,-5.098938,-5.8968663,-5.8875995
183015,-9.238574,-7.7891264,-8.322761
183018,-2.3587625,-3.6353433,-3.4182055
183021,-1.2115872,-0.9410002,-1.3151896
183022,13.71247,12.63253,12.902737
183040,15.806581,15.678325,15.648789
183044,8.725946,8.349678,8.64451
183047,-1.7622793,-1.1574156,-1.5311549
18306,-1.1493335,-0.83015394,-0.8757386
183069,4.209438,4.2382474,3.983923
183078,1.2209806,1.6019821,1.5086436
183114,4.2088633,4.713679,5.5144086
183126,11.67835,12.625014,12.735006
183185,12.314713,11.606549,11.581666
183186,-8.812632,-7.941044,-8.266723
183187,16.345173,13.713902,15.016633
183202,8.298336,8.286283,8.543748
183203,17.54342,17.501774,18.076954
183213,11.7551985,11.2574625,11.492921
183216,2.9259691,3.896151,3.940032
183222,4.7024865,4.0731716,4.285622
183236,4.86744,4.8538227,5.0478168
183241,8.72602,8.35376,8.346567
18357,3.678626,4.2504387,3.8953156
183673,-1.6590364,-1.586415,-1.1394885
18371,15.24399,15.637283,15.917793
183732,8.358144,7.4199815,7.3923545
183734,7.414914,7.9543285,7.2640996
183824,15.2747555,13.7087555,15.243185
183826,0.49719,0.61803675,0.6998153
183864,9.84552,9.775533,9.603537
183894,4.91889,4.877983,4.945139
183940,0.8145027,1.028914,1.0824156
183943,6.4692135,6.1637087,6.3386264
18395,8.992016,6.5517206,6.687861
183990,7.9708323,8.069328,7.669202
184010,8.137907,7.471828,7.137232
184057,5.927682,5.7129917,5.619019
18406,1.5742593,1.5945206,1.5988097
184069,5.750555,5.6548886,5.960843
184090,3.2574248,3.3914862,3.3729014
184133,3.7128015,3.6609578,3.5610008
184134,5.6728354,5.5160265,5.3257394
184135,1.9173188,1.8362641,1.9325337
184154,-31.195415,-30.83048,-30.354326
184157,3.5776,3.6425185,3.93999
184158,4.5885277,4.436943,4.623185
184232,8.61829,8.946596,8.94338
18426,10.017282,10.860802,10.929562
18427,7.6572695,8.062785,7.7433877
18429,7.668361,7.9939113,8.275343
184336,3.395553,3.447681,3.0587716
184362,7.301412,6.973908,7.2814665
184384,1.2101164,1.0105314,1.1064463
184414,4.8591876,4.8367276,4.703312
184416,6.490778,5.8446455,5.752216
184432,9.797972,9.698571,9.588341
184455,12.289003,12.192383,12.284306
184470,0.849102,0.05957079,0.271904
184569,-1.2493458,-1.059803,-0.7722926
184575,3.0247297,2.6915932,2.9325848
184578,-0.3169942,-0.8290148,-0.62995005
184594,3.6200566,3.210168,3.4480147
184595,4.177569,3.877914,4.097428
18460,3.9364948,3.62188,3.775291
184608,-3.5730634,-3.702066,-3.2723746
184611,0.006611347,-0.9589453,-0.7050595
184618,-0.15097189,-0.022344112,0.37409878
184661,0.23315191,-0.25640678,0.13130522
18468,11.056666,10.781424,11.091555
184683,7.202543,6.0906568,6.5192986
184736,4.8099766,4.662743,4.5065045
184809,9.193136,9.017097,9.256448
184862,6.329288,6.093566,5.9184732
184868,0.30858374,-0.37671137,-1.0393453
184991,4.0485587,3.562233,3.309114
185029,10.160487,9.802309,10.498381
185139,-0.4131508,-4.205228,-4.0342913
185181,5.9025917,7.9998064,7.3344793
18520,0.8178253,-0.766202,0.20738459
185221,9.419717,8.194846,8.016051
185307,22.067272,24.05056,23.529034
185327,6.741856,6.829976,6.840293
185329,11.654249,11.304982,11.905349
185371,-1.9568,-2.1627855,-2.001853
185428,2.1895347,3.0623217,3.2603278
185469,11.702087,12.680994,12.9821825
185541,-3.34474,-3.8409,-3.9219265
185544,4.8478827,4.7069535,4.6601353
185563,1.4186273,0.7501054,1.1154208
18560,9.670851,9.549168,8.9849415
185656,4.694925,4.527296,4.886792
185657,10.106503,10.558737,10.644583
18572,3.0350056,2.9122338,2.932754
185774,16.6422,18.973661,18.277777
185775,6.075907,5.7591267,6.4142776
185805,1.2726073,0.8948059,1.4731708
185966,8.80705,8.292136,8.673063
186003,16.610607,16.209654,16.171852
186085,6.281637,6.5570216,6.2474117
186096,2.3982806,2.4552388,2.7957087
186100,22.870335,23.346811,23.309801
186153,0.9212642,0.34111834,0.63499784
186177,2.381186,1.1880374,1.0726252
18621,7.7885795,7.4997125,7.553511
18622,10.528577,10.050908,10.242658
186309,-20.973923,-21.369072,-21.339785
186342,5.703076,5.6629443,5.7960825
186357,1.345922,0.95631504,1.5291581
186435,4.4066505,4.3718147,4.6325703
18644,9.525789,9.738325,9.8255825
186440,3.128017,3.4832792,3.388708
186567,9.118616,10.241713,10.481078
186577,2.3669953,1.9526911,2.4782376
186637,5.2661047,6.943311,6.197217
186643,8.203901,9.500799,10.673273
186648,4.6920676,6.284456,6.8880935
186650,6.0378623,5.457159,5.0022936
186652,15.68997,16.179947,16.431322
186660,5.327818,5.760405,5.743505
186665,7.280409,7.223258,7.1928453
186677,15.717319,16.069023,16.02095
186703,19.72583,19.725506,18.969835
186705,10.158964,10.280265,9.923576
186715,-44.643536,-45.130608,-45.522728
186717,-42.628525,-43.58879,-43.69101
186727,7.3024707,7.3715544,7.352786
186729,13.631891,13.777227,13.405699
186730,9.211136,6.6369066,6.464605
186731,6.8202505,7.2370367,5.875823
186735,17.50385,15.695374,14.978693
186739,7.5744386,8.812519,8.950953
186743,12.037987,11.416895,11.043077
186744,5.139432,4.730486,4.5119677
186747,7.313381,7.0569897,6.8936005
186753,7.611082,5.7598667,5.392009
186764,1.8511028,2.2566538,1.4191122
18678,-15.946651,-16.444736,-16.351223
18684,-27.029629,-27.311806,-27.162834
18697,-17.461037,-17.582905,-17.277815
186994,12.422699,12.409899,12.811797
186998,9.939553,9.359432,9.377822
187000,14.976185,15.378506,15.578709
187002,15.572466,15.809347,16.207085
187004,9.804396,9.710983,9.690741
187013,11.57099,10.998364,11.146588
18702,0.59122276,0.7588115,0.6756754
187025,0.83094454,1.179532,0.13918304
187035,8.106342,7.3819885,7.5166836
187045,8.696903,9.200139,9.304282
187047,11.364987,10.465326,10.09675
187052,9.896589,9.198208,9.400905
187083,14.252542,14.410516,14.402369
187100,2.5926647,2.140666,2.8444996
187206,4.4398637,4.381408,4.5709376
18721,2.9104996,2.922903,2.8417344
18722,-1.9117312,-1.6343565,-1.7882013
187230,4.7657275,4.1364617,4.625257
18724,4.975235,4.4525814,4.6141124
18726,13.015949,12.2593,12.009516
187261,7.771571,7.604361,7.4823103
18729,1.2560067,1.3171563,1.3736973
187314,9.07323,8.895714,9.060652
187320,4.738985,4.759718,4.8029857
18735,-4.4541483,-4.348197,-4.422495
187357,6.248172,6.1990256,6.3018975
187378,-25.15615,-24.838423,-24.887325
187385,6.4614086,6.4307694,6.437306
187388,6.5737014,6.0622168,6.4836445
187476,24.605255,23.986475,23.908518
187477,11.842475,11.604605,11.194646
187522,40.699867,42.19133,41.78322
187526,8.686089,9.034529,8.828283
187529,9.167391,10.7703085,10.922052
187530,1.040245,2.1076956,2.4330754
187531,5.0567827,6.3135223,6.963568
187533,3.6329238,3.2286153,3.7154074
187534,9.304266,8.606684,8.9179
187536,-3.5868487,-3.7772102,-4.1251726
187540,18.836525,20.655743,20.760845
187543,18.599966,18.748161,18.649483
187544,1.0254631,1.2586424,1.1602132
187545,11.601732,10.39793,10.479724
187547,-40.3796,-39.43555,-39.27342
187548,3.1986928,3.461553,3.7584224
187563,4.3539157,4.7891436,4.8061314
187588,8.159565,8.002121,7.968749
187596,6.9118752,6.8969293,6.6783957
187602,11.857941,12.180551,12.771931
187644,5.202312,5.2322707,5.3961596
187664,16.890345,16.956644,17.143364
187672,10.034393,10.250299,10.122572
187686,8.913167,9.703401,9.3863325
187736,7.2865486,7.8470745,8.09588
187743,9.666629,9.053038,9.199774
187755,-35.534695,-35.75893,-35.7145
187763,8.786633,8.958197,9.189982
187764,9.485601,9.549238,9.441712
187771,13.286932,13.37091,14.195091
187796,4.875667,4.875744,4.907042
187798,15.725649,15.560925,15.54911
187813,4.7306023,5.8403664,5.6712523
187830,11.95924,11.561468,10.705083
187841,8.495411,9.166288,9.065588
18786,2.6235228,2.45083,2.6542115
187873,1.4544415,0.6742339,1.0373211
187884,9.500856,9.579163,9.689973
187896,10.642505,10.376001,10.525325
187902,7.3220425,7.211761,7.0442276
187915,4.211207,3.999236,4.07566
187931,6.851723,6.7254243,6.8055716
187946,6.108257,5.8802276,5.712159
18795,4.7246137,4.047244,4.232062
187968,5.598267,5.200072,5.2533545
187972,17.06903,18.160992,17.460436
188000,7.0351663,6.9805574,7.0578914
188001,7.206295,7.652623,7.907403
188010,6.9728966,7.1805315,6.93699
188011,5.338047,5.88954,5.533049
188023,4.2961164,4.0556507,3.7052174
188025,17.887054,17.06017,16.643402
188027,13.987957,13.570942,13.703371
188072,5.8026953,5.6519933,5.5551653
188080,6.192922,6.1232243,5.7741423
188094,5.00758,5.362169,5.528584
188102,7.288921,7.175602,7.8656588
188107,6.1804156,6.7973766,7.1989703
188119,12.730453,12.846322,12.636635
188120,7.9050794,7.846492,8.017876
188127,4.59288,4.4271445,4.369901
188133,13.862038,14.007867,14.486449
188147,8.434593,8.37361,8.547722
188149,5.2782516,4.8957396,4.6825147
18815,13.783226,14.004484,14.235596
188177,9.097871,9.705719,9.550046
188179,-40.376858,-39.874084,-39.862305
188192,5.013226,4.6554184,4.9772263
188214,10.423737,10.998058,11.016638
188215,6.8019934,7.406413,7.3239393
188218,10.740725,11.022867,11.189101
188221,14.999611,16.007412,15.943609
188222,7.922386,8.139431,8.099184
188224,5.714686,5.517658,5.6905704
188226,7.267186,8.41151,8.629008
188229,7.0988755,7.0447106,6.734832
188241,17.171124,17.73691,19.09811
188251,3.8902912,3.860055,4.017941
188257,5.290141,5.2292795,5.405933
188262,5.7775283,5.737376,5.9547124
188281,9.655791,9.454927,9.298262
188308,-23.729645,-24.255676,-24.155773
188323,8.87522,9.320279,9.323166
188347,8.811699,7.8780556,8.309845
188357,15.905143,15.980734,17.37827
188362,7.484608,7.5245156,7.5518546
188368,8.493122,8.571851,8.744337
188369,7.889783,7.27734,7.95335
188370,5.331501,4.928131,4.9266663
188371,8.341751,8.79998,8.840406
18838,3.7336054,3.8816886,4.382601
188393,5.664194,5.7809787,6.2444153
188396,5.3476653,5.1074347,4.7595773
188400,7.444491,7.073679,6.82156
188429,-38.01361,-38.408756,-38.349117
188430,5.3167367,5.1929493,5.178271
188445,8.866554,9.327047,9.055834
18853,8.022557,8.06699,7.878513
188534,10.213672,10.458469,10.284943
18859,1.7841868,2.0300083,2.3204803
188595,7.128348,6.9143667,6.736064
188599,-29.851025,-30.128456,-30.266214
188608,3.9367032,3.6937957,3.333722
188661,5.3838873,5.498792,5.4778867
188680,11.640821,11.753773,11.741468
188681,12.31447,12.11178,12.376051
188682,7.8496203,8.581476,8.7576
188698,9.039819,9.016054,9.510963
188700,11.664669,11.794142,12.183341
188705,-26.500706,-26.558426,-26.338617
18871,4.734732,4.449088,4.536813
18882,4.50928,3.8371134,4.1568146
188908,17.421144,18.40617,18.609674
188920,-36.7441,-36.141296,-35.580154
18898,10.6625595,10.823217,10.93591
18917,2.3264651,2.0640488,2.1733274
189295,-0.9527836,-0.9503999,-0.6972761
189319,16.57576,16.967281,16.97917
18932,3.5825238,3.3719249,3.6843657
189331,7.10463,7.5326247,6.82445
18972,6.2785835,5.938876,6.39476
18976,17.718475,17.775936,18.171968
18988,11.009703,10.860009,10.73457
18989,0.11573362,2.5738158,2.9587712
18990,14.286493,13.420368,14.683367
18992,-3.1317625,-4.8727794,-6.216636
19,-0.40104628,-0.48013592,-0.48581982
19000,1.6819997,0.3292346,1.3914413
190090,6.3881617,5.3305473,5.199949
190092,-3.9056706,-3.5037313,-3.8229122
19012,1.2475476,1.3182702,1.451025
190158,2.823225,3.2591238,3.3472028
19026,2.4351695,0.012336731,0.58130646
19027,-3.2665749,-2.9060187,-2.9496384
19033,-2.6537533,-0.662518,-0.5530729
19035,-1.9855359,-4.155058,-3.8607552
19045,-53.218445,-52.11116,-51.72952
19055,8.414724,9.505139,9.10121
19062,3.9233499,3.9534526,3.958529
19064,28.525703,26.918411,27.741173
19069,12.9007,13.176756,13.329178
19077,11.4335785,11.704881,12.464291
19080,16.237175,15.950932,15.727267
19081,-86.70195,-82.79756,-81.87245
19086,0.9269948,-0.3400383,-0.1367364
19087,9.625429,9.861747,10.005388
19088,15.674685,16.927588,15.15361
190954,3.318626,2.9331217,2.8892145
19101,4.6390853,4.218168,4.2861843
19112,0.48112965,0.28132296,0.25581074
191146,3.0203753,2.7129745,2.8111095
19117,1.6616745,1.6050863,1.2744594
191170,3.4482727,2.1572218,2.2489986
191194,3.3689566,3.3894057,3.387885
19121,7.0403333,6.4465785,6.6947637
191218,-34.293564,-34.563293,-34.33219
191242,4.7465444,4.615365,4.5421424
19126,-3.4937062,-2.7921104,-2.8407383
191266,5.7633376,6.3033323,5.7875514
191313,-6.511859,-6.6024103,-6.659942
19135,0.38246536,0.1363616,0.09820032
19139,-1.2183132,-1.5676546,-1.7279558
19149,-4.7726903,-4.8741417,-4.5671797
19150,0.8800907,0.5720191,1.1308079
19152,-6.2424283,-6.5289516,-6.1468253
19153,3.748373,3.7468004,4.3403625
19154,-2.4334147,-2.0224812,-2.0559256
191585,5.5311584,5.222479,5.3469276
191587,4.450141,4.418584,4.5175138
19159,3.2460918,3.7312884,4.2111826
191592,-2.249154,-2.2733312,-2.2804422
191595,1.0505781,1.5984035,1.5165067
191596,3.7633095,3.9508862,3.785089
191597,1.9288163,1.217699,1.747788
191598,7.6293573,8.0818615,8.506402
191620,-0.12569427,-0.40780592,0.1181345
19163,-4.019492,-4.4170985,-4.254233
191668,-2.202051,-3.0457885,-2.9188025
19167,-0.76688623,-0.61308,-0.56266356
19168,6.2605863,6.970958,6.9467115
191688,23.41404,22.380154,23.300758
191690,-21.201702,-20.682562,-20.505753
191708,11.191448,11.742338,11.794903
19171,6.992692,4.8491635,4.5565977
19177,1.0021462,1.6832156,2.009326
19180,2.293673,1.9788442,2.1827402
19185,5.045134,4.5187826,4.392534
19186,-4.466038,-5.670558,-5.9349737
19188,9.1888685,8.99509,8.859005
19189,8.739859,8.483702,8.490781
19196,-10.41728,-10.596064,-9.770626
19208,0.6043947,0.39927983,1.4287095
19209,0.8038435,0.34299374,1.334291
1921,5.0763736,5.055902,4.96211
19213,12.615636,11.3604145,11.56707
19220,10.4760475,10.467884,9.658951
19225,21.952614,22.22715,21.689611
19226,-9.030775,-9.512416,-9.357632
19230,5.715508,5.918562,5.8040514
19239,3.950665,2.5028682,2.1162705
19266,5.5702147,5.1107635,4.924736
19279,-1.9963961,-2.5672035,-1.6531038
19283,3.7305923,4.493737,4.734135
19290,10.8562975,10.596204,10.968586
193,-6.041334,-6.1139145,-6.105128
19300,-1.3204432,-1.5343018,-1.3340511
19304,-4.8202543,-4.8390193,-4.668171
19310,9.2275,8.928299,8.980864
19323,7.8119564,6.4002748,6.782025
19331,-1.712059,-1.4935784,-1.0972257
19350,8.29571,7.943817,8.118392
19352,10.823625,10.267221,10.598713
19428,8.207285,5.7557216,6.494093
19430,-6.6184244,-6.928062,-6.764192
19432,-32.45083,-32.06378,-32.04782
19436,5.15586,5.9791374,5.246063
19448,1.0871167,0.088534355,-0.25502872
19459,10.0637865,9.712586,10.300461
19469,16.818808,17.03012,17.045841
19479,-30.276566,-30.874664,-30.97897
194828,7.3419695,7.240775,7.446966
194836,-2.169335,-2.5212054,-2.0376263
19487,1.0004663,0.38750648,0.30528927
19488,3.6755376,4.0324783,4.183327
19490,-33.83924,-34.37546,-34.286186
195,3.0576186,3.159254,3.3273687
195057,6.585286,5.2220473,5.133843
19511,20.637442,19.627974,19.633297
195424,12.449011,11.473655,12.116257
195448,0.63823605,-0.4634452,-0.23892498
19545,28.51638,27.780922,27.767012
19546,10.634834,11.600977,11.718183
1956,-54.382877,-52.92965,-53.627224
19564,-0.8449266,-1.8073847,-1.9061677
195648,3.3952975,3.617898,3.313099
19565,17.376722,17.733608,15.912533
195658,24.458944,24.066673,24.043587
19566,6.054122,7.8331156,7.7143826
195670,-28.235556,-28.227991,-27.874277
195674,14.783844,14.520868,14.730746
195686,0.09977293,1.1268125,1.0788279
195687,5.3134418,5.3968177,5.323674
195700,11.460651,10.990343,11.029478
195707,4.0891647,2.788103,2.7850323
195708,4.7055793,4.8429255,4.9850225
195709,12.6089525,12.246925,12.129904
195710,-0.7035613,-0.011525631,-0.44212723
195711,4.6165533,4.642438,4.8406034
19582,6.2831526,8.800913,9.085016
195847,5.542058,5.0130553,4.912613
19589,5.218522,5.335014,5.7478557
1960,-58.38204,-58.234425,-58.101395
19601,-26.505136,-26.026789,-25.837587
1961,9.555404,10.039078,9.35989
19610,6.1064215,6.1217213,6.0374117
196274,4.0039287,3.997107,4.0292845
196285,6.185315,5.3875866,5.540406
196385,8.787582,8.481718,8.418417
196409,6.6830363,6.5361476,6.4902754
196461,-1.8851697,-2.770099,-2.7899754
196577,5.328487,4.90741,4.6612215
196581,14.107256,13.986189,13.787892
196582,4.2676163,4.189763,4.1696153
196584,5.4105372,5.4256697,5.4565697
196687,18.42274,18.60348,18.543776
196688,6.455514,6.706942,6.4949026
196690,11.01354,10.601473,10.658852
1967,10.899939,10.524946,10.758079
196727,23.407495,23.762276,24.47734
196787,12.016249,11.256912,11.057366
19680,5.8716526,4.5903883,5.613572
196836,4.5818343,4.624397,4.9678397
196839,2.919016,3.4724212,3.138256
19688,6.3792543,6.367648,6.2320027
196899,9.408724,9.697898,9.885608
196903,-36.55098,-36.385445,-35.29698
196904,7.097603,6.9514313,6.891803
196924,5.030003,4.556833,4.828521
19694,19.591713,19.300526,19.456524
196943,11.959324,12.490506,12.293692
19695,18.714542,18.731697,18.947876
19699,2.2549872,1.2510767,1.6438622
19706,1.435884,1.3118005,1.7249036
197122,11.690866,12.544628,12.2028675
197123,5.0200734,3.050869,2.6565843
197124,5.5339184,5.459604,5.464686
197125,-2.94306,-3.2881951,-3.5120559
197146,0.6055145,1.1075268,1.2325301
197147,4.174166,4.875215,5.0317
197148,5.229191,6.144259,6.0675697
197161,16.645456,15.908985,16.285542
197163,2.3140383,2.8721514,3.0657115
1972,6.223467,6.7103596,7.011275
19720,-1.8984771,-1.85109,-1.8187995
197332,8.057493,8.976745,9.24549
197340,13.320703,13.484784,13.634973
197361,16.395594,16.131235,16.335218
19738,-4.0354133,-5.242065,-4.8011227
197381,-34.719257,-36.086567,-35.71274
197382,4.64035,4.795941,4.6336527
197386,13.236778,13.422012,13.217145
197387,15.100716,15.04987,14.901536
19739,13.848217,14.595297,14.471771
197398,8.001288,8.332424,7.7579255
19747,6.3385234,7.2208385,6.634648
19752,12.354399,12.292932,11.421084
197549,7.053626,7.1312366,7.0826683
19761,10.143686,10.240489,9.853636
197864,10.284195,10.048868,10.267155
19801,6.9686832,7.4605336,7.650309
198024,-3.5396957,-3.2139525,-3.4418654
19803,5.900887,5.0987387,5.4559817
198055,11.41164,11.480553,11.360266
198165,-49.74197,-49.2853,-49.343224
198168,-40.976955,-40.758842,-40.604187
198264,-1.6603098,-1.5171828,-1.2848315
198276,4.2987227,5.4793506,5.643276
19830,-4.055056,-4.6093874,-5.1300197
198354,-0.7475786,-1.6316018,-1.4221706
198398,8.734213,10.086092,9.025559
1984,16.654612,15.281482,15.032732
19840,16.436115,16.272144,16.405874
198401,5.7724257,6.014821,5.910273
198506,-0.5138483,-1.2406197,-1.2775674
198562,3.583696,2.926177,3.0587568
19858,-26.421474,-27.306076,-26.594551
198581,5.701494,5.5447464,6.045175
1986,13.095892,12.652059,12.848091
198602,9.56295,9.300631,9.401127
198603,8.449009,7.869377,7.8479137
198609,3.4072647,4.2668247,3.9800959
198617,5.1083593,5.352042,5.0769672
198630,-35.0282,-35.368954,-34.528328
198635,11.504015,11.291838,11.278321
198637,12.2104845,11.948494,11.921364
198640,6.1067176,5.6168013,5.7486963
198650,2.1869516,1.6311097,1.8588982
198671,11.3657,11.820971,11.663864
19868,23.64872,22.421057,22.46452
198684,-2.2322636,-2.1565533,-2.7182064
198688,0.2878685,0.3863902,1.0040622
198697,0.9065578,0.61192846,0.2504487
198698,6.6538706,6.6190357,6.1524343
198710,2.4764924,3.2459538,3.2008047
198712,-47.47197,-45.712933,-45.889626
198719,-16.727783,-16.430462,-16.731415
198729,24.862293,25.019985,25.399511
198732,32.978508,31.77312,31.893578
198733,23.316244,22.559874,23.178734
198734,15.752483,16.14019,17.009554
198735,12.34012,12.379284,12.603451
198745,23.4869,22.961254,22.629414
198752,3.8547544,3.9674878,3.5684104
198757,16.771868,16.306461,15.457811
198760,15.872238,16.109291,16.41999
198775,-32.054817,-31.898163,-31.953192
198778,-35.236027,-35.228085,-35.199154
198783,-32.69136,-32.284065,-31.828112
19883,24.103321,22.656559,22.88878
198846,19.25812,18.437296,18.822077
198866,102.53899,101.04912,101.26269
198874,11.722876,12.163903,12.127209
198879,22.4216,21.954403,22.004122
198880,17.93762,18.344189,18.822208
198882,1.6713614,1.3728023,1.5762687
198884,18.336464,19.025753,19.135834
198888,8.3681755,8.277678,8.406081
198892,5.6555443,5.6405616,5.6863203
1989,4.660588,5.5149236,5.7255373
19892,13.662702,13.665477,13.707811
198942,11.646025,11.634396,11.746941
198943,10.728726,10.591287,10.657632
198954,13.068565,12.919442,12.745517
19896,5.051029,5.133835,4.722546
19897,8.27831,7.790577,7.755069
198998,-19.835636,-19.93943,-20.00217
1990,3.6879144,3.9354239,2.8046484
199014,10.294416,10.006752,10.199961
199015,12.32374,11.942123,11.997152
199039,11.784902,11.102636,11.094572
199064,17.810503,17.278364,17.32947
199074,14.800444,14.468601,13.923279
199077,21.961878,21.364655,21.555681
199133,13.004008,13.967647,13.615442
199140,6.449712,6.9331913,7.1955614
199145,12.967937,13.963191,13.239598
199162,-7.63305,-7.3617973,-6.9829054
199173,4.918796,5.0939856,5.2255993
199181,19.725094,20.369709,19.294691
199214,18.559612,18.42622,18.34338
199217,10.790675,10.2867155,10.104534
199223,6.037825,6.1718435,6.3063016
199227,8.104831,8.284706,8.110214
199245,9.837072,9.515287,9.619474
199246,12.397395,12.469118,12.386999
199273,15.829518,15.588413,14.968066
199274,14.007545,15.752796,15.963719
199277,36.688248,34.993816,36.2363
199278,-106.31685,-106.87323,-106.88906
19934,11.010675,11.3170595,11.5618305
19935,7.914963,8.143524,8.499023
199375,0.21689367,0.44763708,0.3431263
199379,7.091895,10.654965,10.328518
199397,3.2409015,3.5621376,3.8907166
199405,10.380594,10.723408,11.346031
199409,13.944878,13.501518,13.924761
199414,23.812576,21.117155,21.919815
199430,7.704195,7.7107882,7.6019278
199475,-49.791702,-48.695858,-48.06805
199520,-28.682112,-27.574703,-27.337952
199548,8.3741865,8.236969,7.9984407
199571,6.4555483,6.533221,6.566985
199579,27.100851,27.13666,26.455008
199613,-33.089745,-33.054924,-32.98376
199620,5.399345,5.570184,5.3958316
199630,8.6635,7.5288153,7.219081
199632,2.403442,4.2238417,2.4427967
199635,12.202108,12.43512,12.477486
199638,5.098513,4.5887227,4.6972594
199649,3.9089732,3.610571,3.6925817
199654,-87.9438,-88.13415,-87.52164
199659,18.750763,19.041481,18.792004
199673,12.697364,12.322592,12.563089
199684,16.88982,16.27578,16.186731
199689,1.1432261,-0.41890097,-0.3644321
199695,7.075808,7.141234,6.832102
199699,15.724917,16.707077,17.255276
199709,2.7328482,2.5927944,2.4101548
199715,9.995457,9.863265,9.866945
199721,8.9568205,9.038059,8.760797
199727,14.982931,14.84905,14.074924
199728,11.037053,10.022366,9.935238
199735,12.142005,12.188974,12.532679
199737,20.233278,19.906578,20.447681
199738,11.821509,11.898949,11.43738
199739,11.849157,12.133276,11.636162
199752,-15.843662,-15.89467,-16.070246
199763,16.374273,16.18734,16.958714
199765,13.960293,13.54492,13.973582
199766,-13.951231,-14.664387,-14.966919
199768,5.198893,5.385722,5.5610023
199772,10.800415,11.507944,11.193834
199776,-5.6857324,-8.528463,-9.395003
199781,10.122715,6.6713996,6.072512
199783,12.51096,9.764561,9.870981
199784,14.606943,14.481912,14.208009
199785,6.2070994,5.949657,6.250327
199813,5.8401127,4.6243844,4.5853753
199815,4.3222184,4.257291,4.1055994
199817,2.893178,1.7472811,2.0108435
199819,14.350121,13.789844,13.992934
199822,5.0791616,4.991295,5.347988
199824,9.219374,9.08411,8.840954
199826,5.3401985,5.738892,5.9176607
199843,3.3592038,3.6118097,3.594768
199853,6.69383,6.595274,6.5850606
19986,16.254847,16.354378,16.69711
199863,14.647634,14.446996,14.4128475
19987,16.290817,16.192032,16.589264
199872,11.616924,12.420686,12.534391
199876,5.277807,5.3309956,5.302112
199884,13.302925,15.188076,15.207222
199887,5.7338862,5.6923437,5.7761416
199888,11.330372,10.821497,10.925072
199890,26.789726,27.230211,28.246325
199911,8.533609,8.472055,8.634525
199913,5.5827703,5.440128,5.408725
199915,9.14374,9.237329,8.954758
199917,8.99955,8.497146,8.638257
199919,7.273486,6.9305162,6.5737944
199928,-51.211697,-51.953808,-51.058746
199929,0.99287176,0.9950905,1.5949721
199930,28.692562,27.882065,28.27024
199931,-42.51655,-43.255497,-42.76613
199932,-2.3518534,-1.6588898,-1.8697591
199934,3.5401454,2.8299346,2.1781182
199936,-52.5756,-52.16377,-52.109074
199949,-50.01571,-49.921013,-49.887043
199950,0.6649513,0.22673416,0.8173933
199956,8.588503,8.127001,8.410851
199966,4.398998,4.7559443,5.0944076
19997,9.10696,8.943447,8.855991
199978,13.410413,13.785477,13.82933
199986,13.085283,12.735874,12.599497
200012,17.820654,17.89325,18.448606
200015,9.657589,9.252056,8.970112
200040,-45.451916,-44.925484,-45.04438
200043,9.01387,8.656456,8.719385
200059,0.54134345,-0.4668274,-0.55037785
20007,-5.2120886,-5.3142066,-5.16397
200074,-1.5596633,-1.4332962,-1.0901423
200077,-0.8379023,-0.5176008,-0.010401487
200090,9.014906,9.381674,9.776257
200099,14.0373,14.236943,14.637984
2001,16.66961,15.437912,15.639943
20010,5.6114225,5.644213,6.1798916
200103,1.5891833,1.5810513,1.9796782
200112,-1.0512009,-1.008048,-1.0125666
200118,-3.1643496,-3.1837835,-3.1655898
200124,-19.107887,-19.685701,-19.694506
200126,10.420401,11.043332,10.738407
200127,12.505085,12.540867,12.059907
200129,-19.51629,-19.837683,-19.283602
200145,-29.91096,-30.33377,-29.839148
200155,4.050703,3.9916148,4.126622
200180,-0.059097767,-0.6172211,-0.97361684
200183,3.178185,3.8872857,3.8488936
200213,13.455658,12.641455,12.750997
200221,2.3550873,2.066423,2.1832848
200224,11.175373,11.397787,11.371039
200279,1.6320896,0.86957216,0.82320404
200320,4.5790925,5.482351,5.2968736
200321,10.38671,11.501503,11.2575035
200331,5.911084,5.735342,5.835031
200355,13.350892,13.347702,13.1687765
20036,-18.074224,-17.6319,-17.285526
200365,3.964778,3.9342184,3.6487513
200373,16.443518,15.743759,16.075378
200389,13.671622,13.521008,14.019624
200413,3.4505696,3.410658,3.55613
200429,5.320908,5.4567304,5.7704296
20043,6.9047327,7.3421726,7.1928816
200439,17.315578,17.269629,18.292948
20048,1.4232898,1.7127042,2.4628515
20049,7.3369107,7.5788326,8.373091
20050,6.2178774,6.5331187,6.2161283
200512,12.380012,12.1650915,13.030053
200515,11.928995,11.776796,12.47051
200534,18.226933,18.08474,18.282974
200563,11.895115,11.6288185,12.143555
2006,18.15864,17.869444,17.741663
200612,11.186348,10.963019,11.296311
200613,10.572835,10.552551,10.862202
200614,14.435352,13.142793,13.843612
200616,5.721317,5.071152,5.392333
200638,7.679046,7.2274103,6.9382377
200645,17.651714,18.016768,18.0489
200660,23.291117,23.221962,23.89177
200675,1.1984601,1.0127068,0.8328085
200676,-27.493614,-27.604427,-27.694239
200711,-44.325222,-45.02718,-44.965324
200717,7.6342854,7.734102,7.8723407
200719,24.553728,23.231705,23.713476
200732,4.4599314,4.0562763,3.9858243
200742,-26.120756,-25.484848,-25.302729
200744,-29.249657,-29.056673,-28.769686
200768,37.356823,36.616974,36.182804
200776,10.887775,11.209968,10.859625
200777,-6.228947,-4.630503,-4.9051967
200779,8.163183,8.263798,7.304205
200799,16.942503,17.335396,17.030378
200805,7.398822,7.2134385,7.1687064
20083,-20.967659,-20.89896,-20.792694
200832,-4.658997,-4.34482,-4.1358814
200841,14.95482,15.262979,15.04103
200842,17.082563,17.118559,17.082237
200845,11.234994,10.674836,11.008809
20086,11.847656,10.716919,10.535645
200865,-9.013554,-9.05143,-9.2837715
200869,10.709429,10.880306,10.957682
200871,-3.0940223,-2.7744675,-2.8524137
200875,16.96318,17.09384,16.76453
200879,18.471115,17.9329,17.49994
20088,-32.449486,-32.306484,-32.412727
200882,9.025095,8.801069,9.034196
200888,-34.800568,-34.06843,-34.45745
200889,27.740276,26.930304,27.134924
200890,-44.52804,-44.36641,-44.69042
2009,5.057781,4.95732,5.035029
200910,22.069818,21.360003,21.188732
200937,8.755955,9.5151615,8.92781
200962,-1.004868,-1.3998532,-1.4750304
200965,4.881402,5.3831816,4.8797684
200982,9.28367,9.228066,10.047017
200991,8.646088,8.38868,8.184797
200999,5.0802584,5.2299113,5.7213345
201006,7.090019,6.8271785,6.423642
201008,9.869379,9.831011,8.669445
201009,8.465209,8.25724,7.504762
201025,13.371322,13.392498,13.155724
201040,12.868064,13.280695,13.164568
201048,3.3703222,3.5242672,3.2596135
201053,3.7242112,3.3828301,3.0235882
201067,-18.676823,-20.113918,-20.115253
201072,9.386231,10.087759,9.978268
201080,-34.136894,-33.937405,-34.101585
201090,12.084237,12.285738,12.33053
201094,5.053215,5.921575,6.1575575
201095,12.416959,12.781095,13.678535
201096,12.499445,12.516317,12.841627
20110,6.125323,6.1598816,6.6485023
201110,10.548623,10.3274,9.498442
201116,16.181194,15.998816,16.107101
20112,14.160368,14.1112,14.221472
20114,5.421509,5.619615,5.2710543
20115,4.074064,4.265399,4.149081
201151,16.76929,17.276583,16.752705
201155,-1.2442777,-1.6987326,-1.7008231
201156,7.2181067,7.2852693,6.72574
20116,4.7062907,4.681301,5.094479
20117,-23.415245,-23.555685,-23.5796
201171,6.2825413,6.0027237,5.935696
20118,-0.3427391,-0.62970257,-0.82310486
201184,15.218147,15.298425,14.955015
201192,8.617879,8.513744,8.443934
201200,16.178371,16.802162,16.885738
201204,4.082759,3.152462,3.4390202
201212,4.853759,4.1081734,4.1645722
201218,-37.861908,-37.63099,-37.499775
20123,9.630137,9.105153,9.103445
20126,1.7956157,2.1436229,2.3943605
201267,24.603231,23.610485,23.954212
201268,6.9469295,6.0268884,5.9933143
201279,9.581075,10.101497,9.56806
201282,7.1303725,8.211779,7.8338213
201295,4.7777658,4.678405,5.0026097
201296,-0.19631863,-0.22314787,-0.11897707
201298,-5.9039717,-6.11828,-6.1295867
201302,-3.7184057,-1.374616,-1.523204
201304,19.95732,21.411196,20.03246
201307,-4.1067724,-4.0013657,-3.8146229
201335,5.6525908,5.895669,6.201229
201338,12.688383,13.12794,13.7062025
201342,8.996285,8.55762,8.519296
201357,7.213777,6.9602046,7.3188524
201375,14.459059,14.885472,15.200523
201376,-1.0308316,-1.4000556,-1.3196895
20138,21.383522,21.869596,21.777205
201383,12.329227,12.6158905,12.714169
201393,-6.5004525,-5.633846,-5.8885508
201396,17.27501,17.518595,17.935085
201404,22.589882,22.458267,22.064821
201406,2.344842,2.531713,2.5144353
201410,3.889227,4.3299284,4.375963
201417,-2.1429713,-4.4937468,-4.3017387
201449,5.8470845,5.880039,6.067267
201452,14.544598,14.728039,15.322723
201475,7.605473,9.101185,8.574584
201479,3.9913783,3.9884844,4.041145
201517,8.45246,7.9667425,7.9337444
201527,14.804623,15.296658,14.887466
201545,2.6171422,2.7995296,2.8154984
201547,18.960787,18.62132,18.159245
201549,4.871807,4.2854586,4.338074
201550,24.358322,25.719685,25.595879
201559,-38.12377,-38.196255,-38.11188
201565,9.167503,9.41762,9.204413
201578,14.640966,14.873463,14.797367
201591,5.235275,5.4639173,5.460675
2016,9.712923,9.563292,9.683019
201624,8.024883,7.620451,7.6716323
201625,7.509013,7.552805,7.5122366
201632,11.761091,12.232848,12.352648
201640,11.130204,11.253107,11.195392
201646,-1.7902997,-2.3450673,-2.78911
201648,-101.674866,-100.91812,-100.73318
201668,4.6442842,5.270758,5.100754
201696,0.50541925,0.82731247,1.1562147
201698,0.9327812,0.8916669,1.2654309
201720,5.434861,5.1106143,5.293469
201733,18.86692,19.202072,19.16999
201738,10.891136,11.153931,10.708465
201741,18.955256,17.807636,18.412153
201743,2.0219636,2.1635094,1.881701
201745,-17.838226,-18.514868,-18.321877
201746,7.407272,7.5913405,7.6786833
201775,-0.75909233,-0.36744118,-0.114094734
201793,10.26343,10.413496,10.352318
201794,-0.07780886,0.6622262,0.492373
2018,22.111984,21.608236,22.653963
201805,-2.294932,-2.246704,-2.4267354
201826,0.8781142,1.1458845,1.2225504
201832,9.005335,9.083685,8.780418
201833,9.287397,7.5732875,7.117139
201836,11.568895,12.142416,11.780284
201839,3.3575954,3.459538,3.5952168
201840,7.309523,7.095722,6.7809324
201850,9.896516,9.417681,9.745518
201861,-1.4484482,-1.1499147,-0.98090553
201866,11.780588,10.942799,11.052801
201877,9.469682,8.900346,8.544287
201885,15.23452,15.104099,15.495266
201886,9.449209,9.01379,8.757553
201892,-3.634089,-3.0048513,-2.997365
201898,-0.5778692,-1.3369205,-1.4362724
2019,9.432627,9.303942,9.402184
20190,9.680137,9.563639,9.453996
201901,-6.018557,-6.538273,-6.4645157
201935,15.682888,15.899616,16.05423
201939,-0.07415342,-0.45980978,-0.549489
20195,-1.1971254,-1.2906895,-0.9217639
201953,7.1925178,7.071666,7.08683
201984,3.9255483,3.5321412,2.6631522
201987,-0.68233633,-0.94044924,-1.1302075
20200,3.9786782,3.693048,4.2871823
202017,30.73164,29.428839,30.035568
202023,-2.2904525,-2.489049,-2.3315444
202027,11.126259,10.870782,11.073377
202034,13.051642,13.02619,12.912771
202052,16.82946,16.827724,16.63993
202059,-1.7734838,-0.9537976,-0.91875696
202073,-1.9844575,-2.1325011,-2.5897803
202075,-39.217545,-39.1579,-39.048077
202081,3.6039157,3.3587909,3.3566213
202087,5.1541314,5.1091976,5.062182
202095,10.152845,9.859566,9.766092
202097,3.71317,3.1614952,3.665658
20210,4.9699297,4.58437,4.7000194
202106,0.1298151,-0.11620617,-0.2037158
202128,-3.7867446,-4.252219,-4.4041524
202133,2.3740125,2.414084,2.4423518
202141,5.4145346,6.6699376,6.8168263
202145,-0.7564292,-0.6808033,-0.74634314
202154,-0.77513266,-1.6136303,-1.4203501
202158,8.215862,7.998204,8.203811
202162,8.298515,7.843942,8.048985
202163,16.614548,14.954405,15.111466
202182,3.4470344,3.617251,3.7079048
202195,6.520714,5.7080927,5.4946074
202196,2.879233,5.6113586,4.9765472
202198,2.2983863,3.159615,2.3716588
202201,5.197375,3.204255,3.4627013
202212,9.289791,7.343285,7.6230197
202215,12.588968,12.647662,12.987574
202223,18.5192,17.766863,18.957417
202234,-0.77689457,-0.5320816,-0.4957919
202250,12.575802,12.478777,12.522203
202256,5.1769943,5.7167034,5.5904226
202258,16.240303,16.138643,15.988987
202260,18.672512,18.668343,18.565844
202262,-32.74655,-32.852142,-32.460552
202263,6.590619,6.9686656,6.92965
202267,2.519086,2.1313152,2.0463762
202268,9.865135,9.815918,9.296905
202276,8.408087,8.004203,8.262611
202277,4.7985635,5.140909,4.9042797
202281,10.414442,10.512859,10.663016
202283,8.6685295,9.354038,9.48372
202286,5.789718,5.625891,5.6658287
202306,20.829967,22.565228,22.52802
202307,3.144991,3.1231074,3.2348123
202309,-40.91394,-40.523315,-40.52829
202337,13.412462,11.719242,12.359247
202345,-1.7301471,-2.314799,-1.8880823
20235,3.3163853,3.083064,3.4002647
202365,8.957906,8.772818,8.470709
202369,22.374336,22.592194,22.594137
202393,1.3199573,1.4703212,1.3071351
202436,4.465027,5.1725645,5.251366
20245,11.273298,12.339985,13.129521
202456,15.551986,15.731022,15.738329
202466,-2.741187,-4.474021,-5.189011
202470,-33.098644,-31.568626,-32.393543
202471,6.7477355,6.840067,6.3214846
202473,7.576901,7.6939306,7.998135
202529,11.304386,11.369799,10.956757
202541,12.528154,12.978552,13.032006
202542,7.218997,7.2961106,7.5908976
202561,4.761365,4.403832,4.027636
202575,7.553833,7.614892,6.8995323
202576,2.8858833,3.0644188,2.3034902
202578,15.346035,15.365081,15.753736
202579,4.6850615,5.253885,5.4220595
202581,10.627771,11.371287,11.507507
2026,14.9352455,13.934807,14.173234
202600,1.4300804,0.7518711,0.17686081
202622,1.3603725,0.5351639,0.24848175
202624,2.8388863,3.280427,3.289658
202627,4.961776,4.0904703,4.232811
202633,5.547868,4.979007,4.7883034
202657,11.09968,11.513554,12.058743
202659,18.93906,19.093893,19.796133
202662,9.026128,9.88661,9.700245
202663,11.555833,11.745643,12.123068
202664,12.018396,13.252136,12.944515
202665,15.508226,16.067982,16.62123
202676,-4.972746,-4.6294055,-4.950107
202691,-10.435076,-11.3199215,-10.942467
202699,7.3831687,7.01076,7.102078
202700,1.4218884,0.46416807,1.0357285
20271,4.72113,4.7976985,4.812989
202721,-28.289948,-28.20536,-28.374964
202722,-38.130814,-37.83207,-37.882366
202726,7.050741,6.475141,6.3393807
202731,2.008799,1.9140162,2.0262566
202746,-2.911862,-3.5251098,-3.5108743
202749,19.215261,19.971638,20.230743
202751,5.563191,5.5379825,5.412882
202761,3.5500898,3.9571543,3.5535235
202763,-16.911129,-16.660545,-16.728981
202781,4.531188,4.882113,5.096392
202864,15.337778,15.720707,15.333549
202868,14.334105,14.460045,14.295018
202869,14.483347,14.092197,14.435223
202871,12.231941,12.3190155,12.689837
202874,7.391757,7.700631,7.7565837
202880,11.277103,11.064465,10.226093
202890,21.026104,21.821537,21.091595
2029,7.711333,6.8748,7.2444277
202902,10.240378,11.100452,11.324321
202906,4.7641535,4.700057,4.686609
202909,-43.83925,-41.983402,-42.757954
202910,-39.68731,-40.885605,-41.30494
202913,12.497719,14.252564,13.409027
202918,3.8517132,3.7431273,3.8735557
202951,14.148734,13.359697,12.788487
20296,5.009879,5.063083,5.204347
202978,4.738533,4.8240776,4.9776053
202989,13.141422,13.812721,13.6293335
202996,-0.7198105,-1.0805068,-1.4079127
202998,-8.130157,-6.136376,-6.392947
203004,-3.0781727,-3.3918924,-3.93328
203014,-3.4685254,-3.352363,-3.3610287
203016,-1.8821449,-2.0971394,-1.9169788
203018,2.1563358,2.1476307,1.9692054
203043,0.6164851,0.71234226,0.5807266
20306,9.068562,8.85171,8.464659
20307,-1.9518623,-2.013712,-2.4082513
203079,-0.20795488,-0.33261776,-0.01020813
203119,-42.437244,-41.937256,-42.04319
203137,3.8461852,3.7699084,3.5637026
203138,17.420403,18.007347,17.929907
20314,-3.0257661,-2.7910278,-2.0646207
203155,2.4509368,2.4908257,2.3445296
203163,3.6256127,3.5772457,3.557506
203174,6.500865,6.386335,6.572848
203184,4.180019,3.9623857,4.047772
203279,5.584738,5.546543,6.2509193
203306,14.628548,15.117481,14.935307
203310,10.297902,10.013897,10.585363
203317,-29.28859,-28.662918,-28.681173
203319,1.0345292,1.5642962,1.3416677
203326,11.49008,11.142416,11.450529
203329,-1.0685263,-0.43903923,-0.47797775
203340,14.926777,15.105001,14.460838
203341,9.817633,12.870245,11.468546
203348,9.703909,10.452692,10.039181
203350,4.5396686,4.4973984,4.7415724
203351,5.9642863,5.937748,6.1270137
203354,5.169687,4.6913967,4.90826
203355,-13.91867,-15.571163,-15.808207
203373,7.773122,7.066802,7.640751
203381,-5.796398,-5.489236,-5.4171863
203394,15.945124,16.019596,16.365988
203409,11.627499,10.8792095,11.68775
203417,-20.826553,-20.77083,-20.80081
203418,16.926691,17.378761,17.46297
20342,10.48057,10.313114,10.4987545
203447,6.9805617,7.0276194,6.8303113
203459,8.283838,8.202906,8.112689
20347,11.317923,11.13962,11.092052
203472,8.518267,9.073764,9.345174
203500,0.60748863,0.57584,0.5586505
203502,1.7384143,2.6268792,2.4430523
203509,9.501162,8.901114,8.966717
203512,4.2033997,4.1705723,4.0333095
20352,8.02371,7.9798207,8.024672
203526,-18.359388,-18.474804,-18.430683
203548,8.8207245,7.873361,8.368158
203555,-10.623196,-10.350164,-10.280602
203558,0.26145887,1.4261179,1.9291935
203565,-1.9982,-2.3572803,-2.219769
203580,10.667373,10.875668,10.509419
203581,5.1989207,5.399445,5.249231
203591,-6.70869,-5.131964,-5.3879395
203595,4.9835567,5.042435,5.0130496
2036,7.5155826,7.9581113,7.219379
203605,-4.7201595,-5.6520653,-5.1987753
203635,-1.1910331,-0.86522555,-0.53458524
203639,11.640898,11.880533,11.63606
203642,10.601276,10.170261,10.396675
203651,14.195273,13.787453,14.216379
203654,13.315127,12.858379,11.900988
203676,3.1239672,2.9503622,3.3412719
203701,24.00595,23.698177,22.918182
203731,5.2681155,5.3026137,5.439728
20377,2.3833919,2.385714,2.4955926
20378,14.6089115,14.320915,14.239857
203789,6.2858524,5.422872,5.145363
203797,2.7427936,3.1097798,2.7413964
203801,9.818897,10.1661625,10.082935
203803,16.291626,16.484058,15.769917
203808,-18.445852,-18.219738,-18.06958
203828,14.145386,13.646627,13.669304
203835,5.767862,4.9031878,5.255313
203837,-42.953903,-42.39624,-43.281506
20384,3.3140552,2.6438365,3.0764842
203841,9.627819,10.638703,10.546766
203846,6.139766,4.452378,5.145384
203854,4.9318027,5.707692,4.7262993
203856,7.168975,7.3252783,7.3113747
203891,14.21822,13.572384,13.866869
203971,2.5220857,2.2426944,2.4410472
203982,-0.95575213,-1.210787,-1.2800462
204004,-2.3157856,-3.2629056,-3.6006021
204011,13.131805,13.134348,13.435266
204018,8.790894,8.434948,8.5001745
204039,9.144482,9.075277,9.074428
204049,1.9044383,2.2166152,2.2650137
204052,4.5162597,4.373099,4.382524
20407,5.6663938,5.4018326,5.51453
204091,17.621084,17.769764,18.095476
204097,12.362534,11.825089,12.109402
204111,3.254259,3.1815844,3.310111
204126,11.356073,11.229799,10.319629
204149,3.9524412,4.349926,4.113989
204199,10.356491,10.413083,10.333111
204204,6.8542485,6.64246,6.9003096
204228,10.033287,10.056966,9.991159
204253,5.692112,5.715089,5.5898695
204258,5.9412956,6.113562,6.1774893
204354,-32.445145,-33.61329,-33.179283
204361,-25.75313,-25.935778,-27.057585
204377,10.974768,11.155835,11.053345
204384,7.5228157,7.616982,7.809666
204392,11.610021,11.054523,11.230793
204454,9.010845,8.91171,8.833252
204455,-0.7908902,0.6420593,0.051012516
204524,7.288315,7.0727572,7.2392898
204544,-34.630653,-34.849964,-34.405857
204549,0.008915424,-0.25929403,-0.3416505
204552,3.8184729,3.7166677,4.000579
204558,8.215864,8.090801,8.199367
204561,17.0311,16.78949,16.93772
204585,27.079832,27.39186,27.552599
204605,2.822538,2.7053208,2.794374
204608,15.949989,15.74205,16.13968
204630,19.756737,18.859806,19.439495
204655,4.4120445,4.1913404,4.3417873
204693,12.423195,11.930809,11.808668
204750,-0.9298513,-0.9831145,-0.98332334
204763,4.646267,4.6594286,4.661885
204767,0.5194621,0.1972847,-0.3333249
204788,7.541972,7.5336695,7.5933075
204831,8.4821415,8.154053,8.984355
204836,-1.9198494,-2.859309,-2.614331
20484,-22.301308,-22.701485,-22.66942
204848,-21.957455,-22.4635,-23.182882
20485,4.299263,4.538759,4.64986
20486,6.6444254,6.6695395,6.5851192
204880,12.54126,13.8689995,14.325723
204881,6.857411,7.243082,7.1094866
20489,3.908564,3.8287687,3.774458
204890,12.572433,11.870842,11.340836
204893,-34.772713,-34.67145,-34.698345
204916,4.7322526,5.548922,5.355769
204917,11.2994,10.164847,9.729874
204962,1.0617247,1.1402483,0.7414317
205004,15.180687,14.832777,14.666117
20501,15.040224,14.410015,15.174019
205033,15.58445,15.594909,15.53127
20507,7.5738516,7.244682,7.754548
2051,-51.090946,-51.01245,-50.654076
20515,5.979949,5.310428,5.2489853
205166,5.471887,4.9678707,5.4185495
205171,2.8405519,2.71416,2.9498572
205188,18.994953,19.318735,18.954779
205208,9.106042,9.182416,9.315559
205215,19.784534,19.736328,19.85941
20523,16.529196,16.897976,16.270988
205248,4.705039,5.653383,5.604236
205282,13.646738,13.634663,13.938932
205285,9.502047,9.385705,9.283883
205309,3.8329206,3.2160463,3.4349453
205318,9.939564,10.228552,10.567091
205320,-47.72836,-48.403316,-48.24254
205325,2.7587187,2.4547596,2.1107106
205338,15.8056,14.891495,14.462448
205345,2.0645013,2.3137732,2.3810697
205363,16.675236,17.049892,16.054352
205368,-0.9648781,-1.0311437,-0.6956434
20538,-67.985374,-68.00184,-68.28069
20539,-7.7044377,-7.6125264,-7.869639
205390,5.216949,5.158483,5.0918756
205391,6.6064334,6.6786776,6.7048073
20540,-36.82646,-36.520573,-36.66472
20541,18.046814,19.405273,19.362349
205416,-0.9214897,-0.8689141,-1.1384487
205417,8.775154,8.8976345,9.109467
20542,3.0338564,2.6512175,2.3451138
205425,-27.578882,-27.502548,-27.372387
20543,5.375358,5.127639,5.3768125
205436,1.027096,1.0775659,1.3329084
205438,3.1469922,3.874754,3.8179617
205439,6.8825197,6.5108747,6.5472455
20544,16.793415,15.737726,15.628783
205453,12.442101,12.608697,12.766482
205454,16.070065,15.940366,16.081198
205461,-39.362022,-39.297264,-39.42874
205464,-0.8099699,-0.7348561,-0.34777927
205485,2.4602857,2.3301358,2.548924
205486,4.3668113,4.323134,4.4634995
20549,9.515633,10.746351,9.993697
205490,16.705555,17.172125,17.323565
205496,6.545543,6.4645658,6.5268245
205506,3.599389,3.4523582,3.0818887
205507,11.620191,11.065513,11.173464
205511,-70.04949,-70.66279,-71.13549
205513,9.37252,10.075102,10.157587
205525,4.41056,4.209063,4.362452
205526,5.4908853,5.51872,5.774502
20553,11.251204,11.293427,11.634222
205532,8.292098,8.48947,8.159958
205548,12.548127,12.796809,12.841539
205553,9.733473,9.341786,9.436854
205558,8.190001,8.050932,8.243359
205560,9.363035,8.94293,8.808296
205565,6.7614565,6.8345885,6.8102913
205569,-31.502308,-31.456158,-31.89678
205573,1.5952954,1.476893,0.8196478
205576,11.366831,11.469476,11.404229
205585,6.640105,6.809867,6.4952774
205586,7.9657564,7.8683243,7.982244
205587,10.662725,11.073274,10.96246
20559,5.0472813,4.8063736,4.893714
205595,15.955784,15.979073,15.952041
205598,8.506622,8.403774,8.776859
20560,6.128828,5.9907966,5.916048
205608,1.5034409,1.6438079,1.8584566
20561,5.676902,5.410495,5.311251
205617,-5.0536003,-4.8659215,-4.6405296
205618,2.7595181,2.9222155,2.709941
205620,11.662642,11.681133,11.640288
205622,10.90326,11.313959,11.188449
205626,10.134601,10.871667,10.741224
205634,5.6912484,5.8042126,5.5185757
205635,12.018486,11.659834,11.581582
205642,0.7001705,0.62454224,0.4004259
205647,3.898683,3.9545813,3.6108918
205652,3.5805163,3.7667336,3.57295
205674,12.946056,13.529829,12.914562
205677,12.432327,12.734275,11.727072
20568,5.999729,5.8280816,5.801958
20569,8.480037,7.898692,8.095672
205696,7.9710593,8.507348,8.073503
205698,10.076286,9.452467,9.25705
2057,2.5754824,2.421558,2.3018646
205708,6.641613,6.8739004,6.4390373
205725,-29.633047,-29.023727,-28.867994
205747,2.383954,2.102584,1.2089572
205754,20.801388,20.869102,20.692493
205756,5.8376427,5.484043,5.9931765
205757,17.533035,17.97015,18.67599
20576,5.664375,5.512094,5.491711
205766,7.767012,8.443324,7.561579
20577,13.160156,12.472065,12.48241
205771,6.1036053,6.2747545,6.183977
205775,7.317825,7.0098677,6.636069
205777,14.906242,16.903929,16.784342
205779,7.9124427,6.8653674,6.9996424
205780,-4.742871,-4.7704015,-4.835986
205781,9.8816185,9.188702,9.924301
205782,2.9532313,2.2889156,2.5573835
205788,4.788984,5.3163447,5.3128753
20579,15.990563,15.987707,16.231684
2058,-41.945145,-41.909225,-41.992268
205813,-40.27475,-40.627827,-40.792572
205814,-38.274784,-38.50738,-38.80168
205818,1.5546021,2.136714,1.5835996
205826,7.15604,7.1616645,7.227364
205828,12.753424,12.56141,12.399714
205830,17.598015,18.158499,17.876448
205831,-148.57181,-148.05405,-148.03416
205834,6.534345,4.662259,5.5174885
205835,10.573811,9.927231,9.982023
205836,13.958387,15.404086,15.646345
20584,6.991854,6.394148,6.1792455
205853,12.289547,13.010551,12.603342
205855,16.506292,15.676951,15.486964
205856,11.876502,9.621656,10.140022
205858,2.6987906,1.9091444,2.1788354
205860,9.255795,9.465009,9.090845
20587,6.1331964,6.189485,6.098797
205873,-2.6842105,-2.6184785,-1.9099252
205876,8.271202,8.480204,8.361045
2059,-48.132668,-47.45006,-48.04885
205906,11.452941,11.5507555,11.285704
20592,11.310482,10.752663,10.883114
205923,4.3770556,4.4059243,4.337215
205933,4.0997458,3.7892904,3.7257485
205937,5.350245,5.1953344,5.0337806
205938,8.480185,9.270676,9.06941
205939,20.698105,20.415407,19.860468
205943,3.159587,2.5473866,2.5898156
205954,10.593466,11.058844,10.956392
205958,7.160709,7.806021,7.7156444
205964,14.24123,14.117868,14.50845
20597,9.314705,9.726492,8.659155
205970,-2.3874173,-2.6253667,-2.7899013
205977,5.6420403,7.294732,7.259149
205985,3.2313056,3.243166,3.3344865
205995,-31.19064,-31.429373,-30.746899
206,-0.6367569,-1.0592518,-1.0215282
206002,6.05914,6.276695,6.2040205
206024,2.4273653,2.198227,2.3494396
20605,41.849735,39.88481,39.766087
206063,-27.61988,-27.82004,-28.131569
206064,99.778366,99.5258,99.51913
206067,8.187569,7.925241,7.8898416
206075,-41.606533,-41.91076,-42.10472
206078,6.186542,6.501035,6.7244024
20608,16.36517,16.66524,16.285925
206082,-4.695697,-4.6764,-4.8493757
206083,1.3803616,0.7485118,0.7426181
206088,-7.8536253,-7.167759,-7.6574163
206104,12.235055,12.294425,12.451208
206109,-59.295765,-58.719162,-59.677227
206123,7.449855,7.3127484,7.404824
206125,7.0275364,7.057637,7.301958
20613,9.80481,11.2991905,10.396574
206132,8.694893,7.6760225,7.906162
20614,-21.634056,-21.729115,-22.22844
206170,7.055314,6.74947,6.060374
206185,0.5461135,0.5243597,0.658762
206199,-45.861923,-45.884495,-45.536102
206205,1.1013947,1.0671744,1.0879202
206225,12.63494,12.248172,12.285734
206231,-0.068621635,0.05724287,0.5624633
206241,8.793818,8.85362,8.998676
206263,8.845725,8.502613,8.525288
206275,4.7719593,4.761634,4.7126307
206281,-18.372051,-18.319117,-17.889235
206309,4.6754065,4.3105025,4.117948
206320,5.3731847,5.2716064,5.8535414
20633,16.272585,15.590659,16.257147
206354,-4.532653,-4.3884935,-4.5052404
206359,0.6115022,1.1397691,1.5494714
206361,0.9948096,0.9261899,0.92139816
206371,8.683914,9.048264,8.920517
206378,6.635428,6.684461,6.6859403
206381,2.5899348,2.7627769,2.8783765
206387,8.819406,9.288725,9.254639
206388,9.386932,9.59668,9.395603
206394,8.736698,9.029686,9.127871
206407,8.679098,8.966608,8.699403
20642,25.940872,25.224413,24.782116
206420,4.4447904,4.102647,4.3420243
206421,1.0704284,1.235949,1.2048388
206422,6.6846213,6.255476,6.1867695
206431,3.3286943,3.304298,3.4518166
206435,4.0920587,4.2051353,4.2521877
206451,16.543339,17.443611,17.185232
20647,20.061556,19.99718,19.843187
2065,11.100128,10.597415,10.536097
206517,8.285074,8.144168,8.270971
206521,-7.2909603,-7.0110054,-7.0954733
206524,-44.30015,-43.94992,-44.498203
206547,-3.1617563,-2.6268065,-2.1107543
20655,43.70678,43.22879,42.461807
20656,20.038082,19.291737,19.537197
206565,11.615261,12.583918,12.482689
20658,25.846674,24.837448,24.626408
206589,9.642854,9.723455,9.667368
2066,15.243005,15.53888,15.677456
20660,-24.595991,-26.207804,-25.555477
206613,2.0075846,2.2414913,2.189084
206637,-2.2614853,-2.1378973,-1.9036391
20664,-57.694695,-57.45864,-57.869576
20665,12.257635,13.216819,13.38763
206652,-21.169563,-21.482008,-21.40964
206678,8.646601,8.66843,8.767736
206694,9.047542,9.03845,9.161659
206729,2.8168283,2.9388285,2.6482348
206734,0.6811342,1.2717156,0.72654676
206760,-4.593044,-4.249659,-4.2487855
206764,4.223943,3.788591,3.8048983
206765,6.791629,6.6306124,6.4548044
206766,8.54711,8.386412,8.154873
206823,0.034025192,0.17040777,0.012142181
206844,4.4284935,4.0023193,4.2740016
206848,1.0653334,0.925982,0.89369535
206849,6.3581233,6.774202,6.493762
206861,7.8422256,6.819664,7.323684
206863,17.561598,17.508732,18.397812
206884,15.727533,15.64945,15.30925
206890,-0.77127504,-1.1024294,-0.92379236
206891,1.1205478,1.2442117,1.1261754
206900,-1.1069422,-1.4452295,-1.3177066
206905,1.0463033,1.3333797,1.3082871
206906,-1.0360842,-1.0100746,-1.0289245
206914,6.245544,7.227106,6.9895806
206919,2.9182734,3.2661805,3.2295575
206936,9.054454,9.03691,9.177885
206947,4.8592043,5.234897,5.1799607
206953,8.431214,8.32559,8.186167
206968,10.411354,10.756463,10.71653
206969,-1.3670292,-1.6079059,-1.5026135
206980,18.311823,18.123535,17.684155
206989,-32.814335,-33.070415,-32.95272
207,-2.3597114,-2.484066,-2.454978
20700,3.1152601,3.3367271,3.261887
207008,-2.3753037,-2.6612015,-2.5801554
20701,7.606119,8.283548,7.526654
207029,8.105784,7.9915953,8.029505
207032,2.1479616,1.7860188,1.8184428
20704,15.871641,16.489101,16.636978
207046,5.975587,5.962225,6.205317
207050,1.9262595,1.4062939,1.4493556
207061,-1.6100161,0.33328652,-0.44194293
207077,8.826118,8.71982,9.0225525
207104,17.168112,15.431604,15.08495
207112,1.1560173,0.89402676,1.0043106
207122,4.6920257,4.58359,4.594302
207123,6.074847,6.0830264,6.119228
207144,-19.340889,-19.18746,-19.312088
207146,8.442467,8.59491,8.521197
207156,-16.418446,-15.872939,-16.07965
207167,5.996333,6.6754,6.005015
207172,6.347559,6.0046225,6.611663
207174,2.52138,2.4638324,2.4697437
2072,4.660113,4.8538938,4.543139
207203,7.933314,8.074305,8.100088
207219,0.84673405,0.26200342,0.7307887
207226,5.5620117,5.5428257,6.219645
20723,20.060162,19.988722,20.080256
207241,11.34569,11.085416,11.846509
20725,-36.61294,-35.837902,-35.79621
207265,12.974222,12.74916,12.767969
207295,-1.0900011,-0.8820262,-1.2715025
207322,24.104067,25.221577,25.532057
207325,5.4479456,6.4943733,5.686575
207349,10.684445,10.137811,10.462275
207352,11.25853,11.781773,11.692421
207363,5.9697304,5.6729875,5.3549743
207392,9.503024,9.09183,9.272048
207397,12.0411215,11.75872,11.82221
207398,21.87909,21.808537,22.175169
207399,17.725624,17.244392,17.363182
207400,6.491665,7.8851976,8.201584
207403,8.416529,8.555301,8.83465
207407,-29.933865,-30.304081,-29.899862
207410,-2.8975008,-2.7400372,-3.4011037
207415,9.897694,9.531797,9.701248
207424,-48.5315,-48.179028,-48.405632
207439,5.458519,5.6969175,5.8695536
207450,4.8349557,6.0455327,5.9139886
207452,-0.08634329,0.3998232,0.3895712
207471,23.10618,22.697344,22.533855
207473,-2.1424358,-2.3354938,-2.4416664
207487,23.913645,24.129627,24.544792
207497,4.721012,4.4092636,4.939062
207500,6.6695676,6.759699,6.8754406
207510,6.682436,6.8875065,6.841754
207536,1.1359568,0.078884125,-0.074323654
207540,10.652679,9.916996,9.81805
207547,9.431219,9.404654,9.609227
207548,-35.162243,-34.952553,-35.26458
207549,11.529639,12.278988,12.673061
207550,-47.25335,-48.15298,-48.706085
207566,12.132135,11.489241,11.422911
207573,7.0162296,6.5408125,6.678313
207574,12.258516,11.512579,11.975742
207575,9.367722,8.952036,8.08143
207599,15.602312,14.946596,15.633958
207600,18.33479,19.274853,19.84928
207655,4.3976536,4.7644644,5.088513
207659,9.478127,10.402737,11.148861
20768,2.0759716,2.4982526,2.4138632
207682,13.098646,13.219906,13.262971
207684,7.159911,5.526629,5.464813
207692,16.531902,17.355705,17.37933
207702,2.9920983,2.011375,2.2221851
207719,21.428791,21.115654,21.008972
207721,2.4583483,2.6347847,2.7767115
207724,5.1210356,3.9431353,4.5979924
207726,4.4169874,4.830289,5.2867856
20773,15.432819,15.257544,15.109071
207732,12.058956,12.866375,12.645403
207735,4.3327274,4.559107,4.3505936
207738,3.3469853,3.9609418,4.3043
207742,10.883255,9.809954,9.944944
207750,13.191557,12.470001,12.263687
207768,18.393564,18.023592,18.118513
207769,14.425527,14.440883,14.450551
207773,2.5744758,2.7611766,2.8008695
207779,-0.96819353,-0.40910625,-0.049688816
207793,9.814678,7.987707,8.391596
2078,14.813089,13.5462,13.790353
207810,-0.596323,-0.50855684,-0.64822435
207820,11.937267,11.496716,11.948373
207839,18.883781,18.827759,18.835014
20784,16.264956,16.070936,15.990751
207842,0.072627544,-0.275465,-0.34635878
207843,7.491575,7.223002,7.073821
207863,8.8976755,8.9103,8.557318
207874,25.115036,25.494759,25.70438
207878,8.556919,8.684375,8.576328
207884,7.0644503,7.0398955,6.9316225
207891,9.554773,9.423443,9.4677515
2079,21.271114,19.992466,20.148767
207910,-0.8440814,-0.51903963,-0.7263799
207911,-4.097539,-3.9910583,-4.5252266
207915,2.8095355,2.758903,2.8773975
207947,-48.641266,-48.823055,-48.75046
207949,4.4528146,4.380065,4.352703
207974,9.633293,9.741403,9.742424
207982,-26.26698,-26.594908,-26.759169
207986,1.777504,1.5706024,1.63382
208017,4.9890575,4.8560243,5.0051117
208032,8.997679,8.360129,9.258365
208047,7.263469,6.9497457,7.7289934
208048,13.790182,13.8958435,14.440088
208057,14.187634,13.285431,13.706204
208060,6.206049,5.8655443,5.698207
208089,15.671239,15.39801,15.805647
208096,-7.5802803,-7.8917847,-8.162797
208102,1.8757095,1.1039853,1.6210852
208105,28.884682,28.325275,27.982944
208116,18.177746,18.875587,19.453594
208134,11.817914,11.461855,11.758219
208142,10.242966,10.508445,10.33107
208149,1.5145097,1.8929892,2.1331482
208156,4.3271236,4.469422,4.615776
208163,6.5025063,7.044133,6.587991
208168,9.944306,10.014034,10.310001
208169,9.983858,9.01313,9.873777
208175,8.569834,9.783165,9.94254
208176,18.895206,17.960157,18.31663
208181,7.131974,7.565881,8.032091
208183,13.556219,15.21277,14.325945
20819,1.4843874,1.3344402,0.83858156
208191,8.6396885,7.493711,8.094494
208198,-0.066036224,-0.058608532,0.09636402
208223,8.302642,8.973394,9.470764
208235,-12.547128,-11.348715,-10.737883
208242,4.869317,4.8551545,4.988019
208247,6.8061957,6.7871847,6.8322606
208252,12.516886,12.062653,11.893526
20826,6.941461,6.939448,7.1238484
208260,15.1032715,14.808836,14.420473
208261,15.8768425,17.964598,16.810762
208270,7.174644,6.647796,6.867129
208275,15.294853,14.341536,14.212715
208276,8.300784,8.269905,8.572872
208281,10.848246,9.850127,9.373845
208307,5.181423,4.9767914,4.9229636
208318,7.0872498,7.682281,7.5098104
208343,4.5946083,4.495952,4.3286057
208346,7.1969967,7.8166075,7.292188
208351,3.4165974,2.4138722,2.2278676
208354,-3.2913666,-3.006505,-3.3403888
208395,7.5170436,7.7125387,7.9060664
20840,11.2773695,11.239366,11.389452
208405,8.283152,8.286877,8.310383
208409,17.41418,17.730234,17.923094
208411,18.545425,18.688286,18.994902
208412,17.779823,17.85942,18.288551
208414,9.416255,9.278233,9.298687
208425,7.4401774,7.4602804,7.256556
208438,20.440289,21.64044,22.192339
208439,8.84388,8.642461,9.162369
208441,-38.505325,-36.71718,-36.546947
20845,2.862183,2.9958262,2.8796816
208454,6.372932,6.4498835,6.186519
208465,8.052831,7.241868,7.18156
208466,5.6844363,5.605264,5.4665656
208467,-8.045462,-7.431961,-7.324858
20847,3.7366095,2.4219294,2.3092012
208496,1.5496426,1.4126124,2.023737
208497,-3.1251366,-3.0689642,-2.692644
208520,10.706423,10.366511,10.971396
208521,17.349436,17.74269,17.168259
20857,5.7522936,5.611279,5.625894
208589,6.8364496,6.8052673,7.307894
20860,9.183901,8.708687,8.502013
208625,-1.6892791,-1.8350077,-1.6991229
208629,3.0830827,2.4234033,2.3057303
208644,11.622544,10.64079,10.829809
208647,3.4107423,3.3565478,3.435514
208658,7.6000423,7.668372,7.7469044
208661,18.130814,17.319109,17.401217
20867,-4.3587866,-4.2173786,-3.9480948
208706,1.6769195,1.5047975,1.4532752
208721,4.4493833,5.0705557,5.7822857
20879,0.66986656,0.6422806,0.854764
208791,-0.108327866,-0.120372295,0.042954445
20884,-40.494896,-39.560455,-39.5232
208871,16.92443,17.218805,17.01612
208880,-1.2937586,-2.138818,-2.1611683
208890,0.7478299,0.9002514,0.873229
20891,-3.1027594,-3.4883647,-3.4379792
208929,0.50732803,0.73025846,1.01896
20893,9.82587,9.114389,9.312682
208930,4.690873,5.177172,5.169807
208935,-1.2331252,-1.3539782,-0.99958754
208969,8.830762,8.218786,8.098282
208970,-0.38488007,-0.16542435,0.0114040375
208980,-33.63983,-33.321335,-33.32042
208987,1.9369502,1.6245327,1.6876831
208999,7.781185,7.822829,7.791134
209000,0.10842991,-0.6387849,-0.5578184
20902,2.0509014,2.2779942,2.4921994
209033,0.36446333,0.9033537,0.88998556
209057,2.3916583,3.0738773,3.0516558
209074,9.727024,9.3955555,9.286476
209086,2.1447906,2.4106364,1.7290487
209092,-2.8576295,-2.5513422,-2.750655
209113,7.959652,8.123642,8.176896
209116,6.572532,6.6392198,6.497558
209128,5.566386,5.47574,5.7250814
20914,16.112492,15.968172,15.950482
209164,6.6602817,6.7176723,6.946854
209165,7.553855,7.7481112,8.003479
209173,5.5544853,5.5020957,5.8421407
209180,4.4731545,4.6348677,4.563373
209182,-1.968179,-2.307665,-2.3214338
209216,-1.2625399,-1.0827327,-0.98526716
209219,5.7882338,7.244675,7.3372145
209233,8.948309,8.111559,8.200869
209251,10.151054,9.167263,9.419395
209253,1.8927574,1.880835,1.6778626
209286,-2.3855174,-2.4495332,-2.2548058
209322,0.51244354,0.34957266,0.68183756
209323,3.1102004,2.3234515,2.4073434
209333,-0.9099369,-0.75897217,-0.6975703
209338,-0.35305023,-0.8212755,-1.0114233
209345,-8.022653,-8.85847,-8.318116
209358,5.69514,5.6509466,5.6675696
209380,0.7418966,0.7501941,0.7511239
209400,7.6579003,9.292201,9.114289
209443,6.9020653,7.6837473,7.6748867
209444,4.9503984,5.532015,5.5943565
209445,3.565929,4.327405,4.062121
20945,3.2857876,2.787703,3.1497865
209450,-2.0475204,-2.114958,-1.9156487
209454,5.3880053,5.4715137,5.4347463
209470,9.947676,9.918709,9.719815
209475,20.190697,19.306633,20.095562
209476,16.578655,15.811916,16.302925
209481,5.122689,5.3213515,5.4305058
209486,6.050794,7.0807967,6.500789
209501,10.091283,11.021326,10.389147
209504,14.672006,14.327453,14.362885
209506,1.7125444,2.2580218,2.4013157
209514,-1.4157987,-1.4057307,-1.3655248
20955,9.269328,8.2466545,8.050637
209554,-4.4885473,-2.7521544,-2.091854
209562,-2.7575445,-3.342814,-3.1294942
209571,13.707498,14.294865,14.519973
209576,-28.181864,-28.364496,-28.42612
209615,1.5893111,2.9096794,2.7114854
209617,0.2976303,0.29651594,0.14525795
20962,5.4655404,5.36742,5.3047686
209651,-0.5073576,-1.0435963,-1.0773482
209657,-4.088205,-3.809293,-3.548322
20966,23.572777,22.551035,22.465052
209676,0.8811164,0.8221321,0.91798496
209678,2.4012523,1.1443381,1.4848919
209681,7.261796,6.950039,7.1119223
209682,5.1450343,4.8781834,5.0424385
209683,-29.570053,-29.912678,-29.65391
209684,6.1647205,5.992665,6.154823
209692,6.721838,7.2142177,7.0140786
209693,29.385057,28.952187,29.071468
209694,26.331747,27.389538,27.262438
209697,15.657396,13.863329,12.495735
209704,2.9376545,2.8215704,2.6746125
20971,7.757168,8.347294,8.430032
209714,2.847911,2.9084063,2.7032228
209753,2.5006852,2.5976486,2.542953
209757,-17.617014,-17.720211,-17.513058
209759,-4.1152325,-4.4748497,-4.179511
209765,1.9422646,1.7041101,1.5352459
20980,0.6193371,0.4979062,0.47267675
209808,14.59121,13.61882,13.48984
209813,8.6766815,9.340895,9.327471
20982,-2.61656,-2.4347982,-2.3658638
209820,11.143318,11.28583,11.600126
209821,14.988768,15.142899,15.297054
209822,10.930063,11.301895,11.331391
209828,-2.652216,-1.9992504,-1.4697928
209836,-0.32736588,-0.20095158,-0.85567045
209851,1.0830455,0.8296647,0.8758192
209866,23.635206,21.82658,21.619081
20989,7.3830853,7.978694,7.9487915
209899,-1.2297387,-1.3926649,-1.433207
209906,-0.44377422,0.2886734,0.44471645
20991,3.0848632,2.739953,2.9601974
209926,-1.7065105,-1.6334238,-1.278944
20993,6.7828107,6.937559,6.576896
209934,-3.9178567,-3.9621515,-4.399561
209953,14.84858,14.508749,15.109284
209958,5.406044,4.7644215,5.127405
209964,2.2919912,3.1368833,3.033193
209972,6.1982055,6.3646183,6.0782523
210006,4.886238,4.984164,5.408364
210037,-0.6847305,-0.7748885,-0.5347438
210042,7.18105,7.7913976,8.106834
210044,-32.969772,-33.626335,-33.672474
210049,5.3815513,5.3666377,5.58842
210055,-19.674238,-20.036402,-19.973536
210062,8.865929,8.92157,8.905462
210102,6.0966287,6.188576,6.207401
210106,-0.22463894,0.61134577,0.34776688
210151,3.2332644,3.4605165,4.21778
210153,10.037386,9.980679,11.083002
210164,2.7472334,3.0633206,3.5847392
210167,-1.2963452,-0.53556824,-0.39108515
210190,-0.24111891,-0.45850325,-0.383286
210198,4.3620358,4.281528,4.7917686
210218,-4.0186615,-4.0871744,-3.9256601
210223,0.4123497,0.6875043,0.101940155
210227,-62.84677,-62.571682,-63.157974
210246,6.236476,6.2577944,6.6831727
210273,11.189848,11.80118,11.535845
210274,4.565136,4.8108473,4.3387327
210278,11.552019,11.831297,11.914732
21028,-1.2141467,-3.1425376,-2.6692843
210280,16.01668,18.472652,18.342903
21031,15.302122,14.01802,13.931612
210314,4.623131,4.6150136,4.4682083
210325,7.258464,7.082807,7.232574
210362,0.5471082,0.08857918,0.9657812
21037,-2.8713193,-2.3688617,-2.4739685
210371,6.996504,7.0106874,7.0764055
210376,8.175659,9.863696,8.772676
21038,0.72687197,-0.25033903,-0.31135798
210392,2.2058067,2.3678598,2.6254916
210394,2.8375964,2.9261293,2.6775837
210396,1.5579967,2.4783487,2.5747948
210422,4.547448,3.8631806,3.797082
210425,9.05312,8.5384245,8.866624
210452,8.425462,8.264788,9.05423
210453,8.483971,8.741985,8.751632
210462,7.983376,8.178351,8.140423
210470,-3.8736463,-3.9570422,-4.2599683
210472,-4.4234543,-4.482531,-4.445203
210476,-1.4660935,-1.4430337,-0.8166051
210477,4.209528,4.3548155,4.276046
210478,4.693935,4.5873017,4.7358193
210480,3.818263,3.8022022,3.901805
210481,3.2130127,3.1724157,3.2531228
210484,13.128769,13.152445,13.13628
210490,4.3124824,4.3592334,4.633965
21051,-7.913067,-7.244875,-7.6075554
210510,1.3324656,1.4918237,1.5146441
210538,-1.3852191,-0.7008705,-1.2330217
210580,3.0745654,3.2316632,2.985671
210585,-1.6369295,-1.2787108,-1.3758969
210593,11.78019,11.706303,11.492688
210600,0.28031015,-0.10815287,0.6537199
210611,14.651939,14.768573,14.822952
210622,-18.921972,-18.928541,-18.870169
210652,-0.5527115,-0.49096966,-0.693799
210675,10.1133995,10.212727,10.170768
210678,9.427542,9.091862,8.860559
210679,9.114643,8.796375,8.806811
21068,0.4209361,-0.06809664,0.0052289963
210699,6.833755,6.827338,7.0025854
2107,6.6162844,6.610596,6.809972
210739,14.026828,14.509035,14.573603
21074,-1.7763381,-1.6885309,-1.6773787
210741,-2.9912362,-3.1070657,-2.8815122
210747,-6.9217696,-7.2266746,-7.0862403
210765,-5.315617,-5.6715193,-5.6602583
210769,4.517028,4.42358,4.413703
210786,1.574019,0.03278637,0.68005514
210798,-24.959656,-25.031713,-24.827614
210815,8.610086,7.9581017,8.298918
210822,4.2008963,4.1009135,3.839847
210823,5.2893414,5.4638677,5.657325
210825,7.2268867,7.3592663,6.915869
210830,1.3494577,1.5081182,1.5186167
210832,9.008225,9.071766,9.682003
210840,10.900926,10.710287,9.6825695
210841,4.236282,5.096195,5.268219
210842,0.59418964,0.14202929,-0.6916752
21085,-38.28372,-37.153263,-36.696793
210850,-69.69689,-66.88338,-66.91699
210858,14.484927,14.727268,14.95332
210869,9.550055,9.771115,9.701418
210875,12.76353,12.943277,13.142218
210890,-6.8602276,-7.037133,-7.09793
210891,-5.03397,-4.183938,-4.724259
2109,2.3683817,1.5757895,1.0798378
21091,-0.10308647,-0.50686026,-0.33188534
21092,0.8009453,1.46386,1.3907828
210921,0.5421152,0.537982,0.4188323
210986,14.670074,14.488352,14.678888
210987,8.750536,8.547449,8.750473
210992,3.3496537,3.7577543,3.628366
210993,-4.826573,-4.1470304,-3.9375458
2110,7.5157804,6.924812,6.9690895
211007,5.923051,6.1449413,6.049277
211017,-1.7694292,-1.990972,-2.5017238
211025,-1.1727011,-1.51389,-1.3293188
211074,4.4088545,4.6827607,5.242566
211077,6.0198936,5.7616386,5.647249
211090,-0.090379715,0.3767166,0.27253485
21110,11.606195,11.303574,11.379084
211107,-2.015417,-1.5168142,-1.5624571
211137,-7.6939726,-7.6254396,-7.6752768
211138,-1.8320186,-2.0936196,-2.298395
211146,4.7594137,4.1646996,4.612271
211151,11.192556,10.958147,10.700893
211156,-2.1520057,-1.509912,-1.4410143
211180,-0.020477295,-0.6633806,-0.75421953
211253,6.3252535,6.580749,6.6235876
211263,-2.5662632,-3.8038697,-3.9364266
211267,2.389048,2.7101521,2.8174896
211269,0.98645735,0.2500739,-0.12629747
211272,1.8138919,1.3943434,0.99011326
211276,5.385244,5.463357,5.866072
211283,-2.462699,-2.6158319,-3.0070748
211286,-1.7868848,-1.8400998,-2.0029693
2113,8.826693,8.683453,8.837081
211300,2.9408283,2.7950006,2.7952933
211309,-2.859294,-3.193962,-2.889596
211330,7.70991,7.6386256,7.6865215
211332,-0.73034143,-0.9709797,-1.0378957
211344,-2.7178981,-3.1999824,-3.1677434
211348,-1.9300838,-0.95407534,-0.7490125
211365,8.900539,8.998394,9.152266
211370,17.147924,16.897154,16.834175
21138,10.0275755,10.15695,10.477959
211392,-9.2523365,-8.058968,-7.4069858
2114,10.826333,10.641811,11.4427805
211417,10.48476,10.425309,10.567588
211435,6.0162635,6.099656,6.678832
211449,7.495151,7.252125,7.368436
211454,7.080076,7.5415897,6.6087575
211470,1.4272814,1.1110387,0.9952655
211472,8.231232,8.187245,8.178316
211476,-1.0739608,-1.1932478,-0.9699073
211480,-0.49522114,0.41079617,0.35358334
211539,8.3486595,8.43251,7.967908
211541,-25.11968,-25.185436,-24.77013
211543,6.248372,6.671004,6.525157
211544,7.9086576,8.296875,8.010249
211547,9.385586,9.215608,9.035336
211580,13.138081,13.079224,13.124096
211583,6.9804807,6.7612805,6.809367
211584,6.511891,6.623108,6.5538907
211594,-1.0126562,-0.62534714,-0.63802195
211599,0.562227,0.65836096,0.5264468
211610,-2.0452297,-2.361797,-2.2556798
211628,9.715422,11.242104,11.060673
21164,2.058735,2.0286427,1.9985027
211649,-47.126724,-46.970455,-46.874264
211664,0.6254959,0.52922344,0.64193773
211665,3.2527747,5.184422,5.438325
211675,11.154528,11.731569,11.933732
211699,-1.5871596,-1.6362743,-1.6545501
211719,7.683371,6.7564,6.910004
211720,2.39929,3.3896942,3.7165713
211726,17.000515,15.485252,15.684628
211731,-2.1778266,-1.8889315,-2.411681
211742,-6.826081,-6.128094,-5.6058235
211752,2.9477186,3.868466,3.3565497
211753,10.187375,10.1817665,10.271255
211757,-1.2063508,-1.2604661,-0.62305593
211759,2.835487,3.1203923,3.2278805
211781,9.538284,9.338836,9.555353
211802,-1.1328478,-0.3532734,-0.3917141
211805,-4.1141844,-4.7064795,-4.448598
211823,-4.2785683,-4.1417885,-4.3237514
211841,8.204449,8.131487,8.13329
211842,6.716975,6.4834166,6.451085
211850,-4.697887,-4.75217,-4.819562
211860,-2.8649483,-2.6324458,-2.9873824
211870,6.9971447,6.926141,6.4106054
211894,0.51743174,0.7184181,0.5165825
211903,-49.805508,-51.020878,-50.781868
211904,17.298922,20.482613,20.709843
211916,-44.60888,-45.94188,-45.86654
21192,0.68301296,1.0764928,1.3361917
211921,6.9307775,7.0743656,6.731279
211922,2.0527,2.8178282,2.4181938
211924,-0.846539,-0.43181944,-0.63295984
211926,4.383642,4.796286,4.706692
211928,10.319201,9.976858,10.050485
211929,3.6680508,4.132096,3.287942
21193,3.2364655,3.7613945,3.956337
211946,1.3608828,3.3546882,3.8470206
211950,-2.295187,-2.4606118,-2.8983798
211956,0.0071611404,0.36249352,0.26071453
21196,4.805468,4.565172,4.43082
211971,7.17856,4.999409,5.3927207
211973,-5.2714887,-5.2715087,-5.3231874
211993,4.981266,5.1338863,5.2485967
211995,7.4845614,6.7123876,6.7808943
211997,2.2388787,1.8138583,1.7153764
211998,-1.3265576,-1.2115374,-1.2049747
212002,6.6911306,6.7958207,6.9167814
212006,11.3040695,11.013496,10.972572
212019,3.2640004,1.9944749,2.1791735
212041,10.330654,10.662941,10.360563
212042,7.4730787,7.663372,7.574305
212043,10.07584,9.798674,9.773511
212044,7.697269,7.6999803,7.512212
212045,11.418707,11.758359,11.84013
212046,12.27013,11.749298,11.838327
212082,-4.927423,-5.5934825,-5.692274
212088,3.618496,3.5660586,3.4204407
212089,4.5876265,4.4564996,4.383221
21210,5.2639403,5.284894,5.396594
212104,7.1524825,7.6487217,7.398802
212105,9.620793,9.230204,9.091509
212106,4.5951495,4.8065095,4.640804
212108,5.7838526,6.326138,6.1167703
212109,16.705936,16.207796,16.113884
212113,-4.5243964,-4.7537346,-4.2009068
212116,16.221077,16.249008,16.445608
212127,-2.0923347,-2.2023497,-2.0900087
212131,-3.9355998,-3.0700378,-2.7035375
212132,7.438749,7.357777,7.37158
212149,7.1204357,7.064429,6.740506
212159,3.9139752,3.4400482,3.508295
212183,-4.216363,-4.349425,-3.883006
212185,2.114225,2.6375237,2.5182986
212198,4.584729,4.457103,4.1966667
2122,14.239731,12.235781,12.8529
212215,16.71053,16.982224,17.046072
212216,17.776335,18.2547,18.44002
212220,6.545819,6.325616,6.415224
212223,5.644476,5.3819423,5.628721
212235,0.076640606,-0.53201675,-0.4014635
212237,-3.0882113,-3.587371,-3.3747308
212254,8.377045,8.205313,8.298732
212255,7.745701,8.157879,8.012625
212256,10.091202,9.4871025,9.518417
212281,-3.018013,-3.2456894,-2.859858
212282,-0.413862,-1.452359,-1.0164726
212303,-2.3460884,-2.5609646,-2.3591442
212319,-19.823627,-18.49805,-19.136974
212320,-14.160345,-14.180006,-14.236118
212347,11.314774,11.613596,11.076179
212348,10.198773,10.613663,9.981747
212349,10.2575865,10.066122,9.446969
212350,9.570175,9.624834,9.514103
21236,7.512018,7.599857,8.204867
212361,45.779953,45.106342,46.059937
212362,15.9873085,16.539188,16.316
212363,5.2290215,5.6296964,5.469343
212364,5.7589803,6.1885934,6.137887
212365,4.8065896,5.322131,5.33192
212366,12.798988,13.210119,13.451706
212367,19.606064,19.433266,19.574903
212394,7.2104607,7.2741485,7.984051
212397,4.772035,4.643077,4.726269
212402,8.274059,8.652401,8.442508
212405,5.63047,5.947255,5.844255
212413,4.0859847,3.9459267,3.6144266
212421,1.3306737,0.9845009,0.8772335
212422,1.4120955,1.4050345,1.5162697
212426,11.308805,11.422448,10.967712
212460,5.984052,5.7038817,5.8909636
212466,10.759231,11.15406,11.419858
212467,11.312094,10.226091,10.402833
212476,6.9376597,6.2036266,6.296382
212477,5.55754,4.784311,4.7145233
212478,10.515858,10.068481,9.765184
212479,8.525739,6.8118124,6.4436507
212480,2.7249656,3.439651,3.3965125
212481,11.593744,11.135296,11.501153
212500,3.2850122,3.2387772,2.9181232
21255,5.065377,4.750438,4.7373004
212568,2.7983694,2.580203,2.7791443
212571,3.2446742,2.926755,3.3450446
212580,1.6909833,1.6033354,1.8738675
212582,4.6981554,4.611458,4.977712
212584,13.522303,13.605263,13.204357
212622,2.333837,2.0774226,1.693871
212626,6.3434806,6.0070734,5.2946305
212633,6.5071144,6.503641,6.5119925
212635,6.4621844,7.1241426,6.7594123
212636,7.3469577,7.561521,7.7706585
212655,-1.5095305,-0.71863127,-0.47922087
212677,21.325254,21.347092,21.07589
212678,7.073018,6.8898125,6.825152
212686,5.190645,3.788124,3.9240322
21269,5.7609596,5.887796,5.896945
212700,2.6695008,2.1683817,2.3087478
212706,22.992237,23.18164,22.729
212712,6.727338,6.845832,6.808001
212728,9.031645,9.969889,8.674841
21273,-1.0115733,-1.0388584,-1.0096054
212735,1.8580732,1.7370267,2.0777588
212752,0.108230114,0.07569599,-0.044752598
212753,5.7619615,6.109596,6.25288
212754,5.5260267,5.4366775,5.539813
212755,14.786495,15.303785,14.521322
212756,16.816078,17.10069,17.052422
212764,22.212315,22.599583,22.2417
212766,6.808105,6.819917,6.9795246
212776,-4.8378644,-3.989802,-3.8668146
212781,18.769493,20.331806,19.327848
212792,2.9775715,3.1551328,3.6648989
212817,10.033625,9.901943,10.177478
21282,4.0766354,3.9352093,4.0293684
212835,-3.2149646,-2.7177927,-2.9033291
212843,-5.1738453,-5.196435,-4.696549
21287,-63.530228,-63.054726,-64.63516
212878,9.046779,9.255671,8.472828
212893,4.3355637,4.3449864,4.5827174
212905,12.536835,12.524781,12.731684
212906,15.651476,16.764217,16.984243
212909,4.448179,4.344242,4.5480566
212915,11.526083,11.457739,10.967392
212927,8.640833,9.543961,8.652004
212941,9.472109,9.952489,9.772806
212947,4.0748386,3.6707501,3.9763064
212997,14.089811,13.303486,13.508329
2130,-43.829132,-43.608414,-43.40368
213004,4.514438,4.3349943,4.3642855
213009,9.665304,9.204441,9.46299
213028,4.5326695,4.5850973,4.651833
213031,6.056344,6.099773,6.1731377
213040,18.41201,18.148136,18.058094
213042,-2.277503,-1.9393668,-1.5046458
213045,7.7011313,7.8919315,7.783696
213047,20.419003,21.562,20.775547
213050,4.8114505,5.6931524,5.744097
213066,-0.6797328,-0.20184088,-0.3360653
213079,13.282383,13.3611145,13.2301035
213089,3.7534633,3.7933965,3.3114038
213119,7.0752945,6.442933,6.268984
213125,-1.2396357,-2.1189423,-2.3882413
213127,-16.95304,-15.734291,-15.705522
21313,15.106293,14.193201,14.434011
213134,4.2286115,4.2830515,4.167377
213162,0.21174526,-0.12612581,0.06750202
21317,14.7435,14.228701,14.328646
213177,7.5337176,7.337645,7.347816
213178,-21.745712,-21.658377,-21.805393
213183,9.074989,8.600393,8.848143
213200,-2.9115775,-1.9688389,-1.3234074
213214,9.751336,10.179128,10.16206
213215,4.38767,5.3699117,5.3236847
213220,-9.168787,-8.386376,-8.932042
213232,-1.8347776,-1.6370246,-2.1094697
213245,5.550543,5.2900124,5.1560783
213247,11.665104,11.076658,11.286421
213272,4.263493,3.8698125,3.9146318
213291,5.415925,5.3526382,5.5528064
213299,7.175684,7.0684724,7.078331
213320,3.358912,2.8216758,2.689763
213335,8.444691,8.95415,8.82649
213336,14.872761,13.957748,14.337835
21335,-33.277103,-33.151516,-33.086143
213356,8.951633,9.042513,8.5176
213363,-1.0029474,-2.6670809,-2.9046526
213368,-2.3889859,-2.1323993,-2.1844676
21337,14.703807,12.76929,11.743331
213379,-22.719082,-22.624352,-22.45713
213381,-22.888924,-21.735691,-21.520311
213382,-3.4740925,-3.5981555,-3.2996821
213402,10.551046,10.310326,10.365445
213403,8.342102,8.374485,8.138748
213414,-28.91458,-29.28919,-29.181835
213457,6.0368686,6.0618963,6.7643833
213458,3.459391,3.587943,3.5816193
213462,7.9145966,7.76443,7.7537026
213463,3.0668797,3.661899,3.8057652
213467,-40.47449,-38.58242,-38.346313
213471,4.6209474,3.9247289,3.7954578
213472,5.1548476,4.12699,4.303909
213473,37.660263,39.05018,39.24646
213474,-0.29455972,-1.648171,-1.6295738
213475,12.66979,13.415346,13.118885
213477,-38.90525,-36.504486,-36.059456
21348,2.6879516,1.9394217,1.9728551
213513,23.917099,23.318249,23.561195
21352,4.680108,4.649909,4.267262
213545,1.6967201,0.96417046,0.8541279
213562,-1.9102316,-1.9575315,-1.825964
213586,8.306578,7.3715196,7.8516498
213587,10.715983,10.318651,10.326535
213590,8.433317,8.602774,8.37867
213591,7.2340646,7.023068,7.2243705
2136,10.703581,10.592836,10.399017
21360,3.7550077,3.6519651,3.9215326
213602,-1.0394292,-1.2608614,-1.2294111
213608,5.1719055,5.1789737,4.935297
213615,-1.9608805,-2.0642836,-1.9508183
213617,19.84647,18.781544,19.177017
213632,0.19220257,0.7975836,0.47782087
213634,1.7353144,1.4907608,1.6445999
213639,11.732907,11.478803,11.87282
213658,-6.1476393,-5.9540253,-6.142597
213660,-3.439695,-4.055083,-4.0093784
2137,9.95528,9.999716,9.886276
213707,5.7761106,5.743388,5.7807837
21371,6.421983,6.318429,6.5623674
213724,2.835001,2.7320251,2.7949524
213725,4.4944773,4.943907,4.7792373
213731,-2.867969,-2.243701,-2.2747607
213736,-4.7638416,-4.31248,-4.0406528
213737,3.632813,4.075915,3.9256964
213744,0.62264776,0.28530407,0.37177992
213755,-36.07924,-35.924667,-36.018116
21377,1.2010717,0.50183725,0.5528431
213775,1.1949759,1.3390126,1.2162313
213798,8.968809,9.305213,9.259001
213813,-3.4531407,-3.9926615,-3.7089043
213820,1.2253218,1.8292794,1.9350843
213823,7.2103767,6.7243795,6.4561048
213838,6.174569,6.7080693,6.9354534
21384,-32.594154,-32.834927,-32.38487
213863,1.7507563,1.7246065,2.1771302
213874,2.796432,2.4672165,2.643688
213879,6.2151947,5.7747297,5.976625
213885,7.9449563,7.429417,7.6518483
21389,9.563778,8.35032,8.586978
21391,6.8485785,6.822414,6.8788104
213918,5.791256,5.700172,5.925623
213929,21.423758,21.321127,21.309036
213930,24.728268,24.877728,23.922005
213933,3.4528131,3.3628812,3.512681
21394,4.7355127,3.9925468,4.068688
213940,7.8822737,7.71528,7.9425306
21396,5.0768847,4.6733503,4.6138473
213970,-1.3282061,-1.3261347,-1.1562982
21398,4.600032,4.5840297,4.539549
213989,2.7942066,2.2110324,2.2869873
213996,-3.462985,-4.2654614,-3.719561
214001,-1.4754069,-1.4075973,-1.6600964
214005,5.123962,5.4423,5.5560355
214053,9.216888,10.59325,10.78316
21406,12.763915,12.046667,12.28813
214086,2.5234265,2.340826,2.4397607
21409,11.298008,11.737588,11.521454
214122,9.3973465,9.558451,9.681876
214161,4.1861076,4.5052776,4.6954727
214190,7.6842113,7.667161,7.6772714
214217,8.720439,8.28053,8.3152685
214223,8.179388,8.093004,8.329811
21423,5.846709,5.8376203,5.9179807
214239,-42.490387,-42.810913,-42.99456
214241,4.5792236,4.059218,4.3893857
214243,6.826757,6.2898617,5.9777484
214251,5.8019967,5.915694,6.078476
214255,5.1540713,6.003525,5.258391
214256,10.504627,10.681808,10.5651045
214267,2.4647937,2.099392,1.8824568
214280,14.530428,15.005806,15.39364
214287,8.254007,7.769895,7.8630323
21429,7.787751,7.548758,7.4905496
214308,12.548425,12.322517,12.165834
21431,11.24062,10.889905,11.000393
214319,4.1798577,4.072399,3.923133
214324,7.414459,7.6600814,7.5922704
214333,-0.8669596,-1.7154384,-1.3627896
214341,3.5584183,3.8299227,3.465383
214346,-4.731493,-4.2670527,-4.0464087
21436,24.858997,22.950176,23.457167
214370,5.5737686,5.555958,5.5837216
214374,-19.405745,-19.413902,-19.442719
21438,-3.2368646,-2.4190836,-2.8239326
214383,5.3669744,7.193782,7.180451
214392,10.937201,11.152715,11.155884
214431,-19.639688,-19.498999,-18.683079
214435,2.2631392,1.9523711,2.079784
214437,1.6413994,1.5359306,1.7276926
214445,6.6164064,6.5908575,6.5186324
214446,-0.33305693,-0.4054408,-0.4825201
214450,3.861189,3.56737,3.6630487
214456,-31.01228,-30.679707,-30.490232
214466,2.783443,3.3495378,3.8162975
214469,3.5447721,4.2406473,4.224653
21447,-2.8716962,-3.2327797,-3.0205748
214480,6.1226144,5.7313924,5.3779016
214485,0.15823197,0.06506872,0.15718603
214487,-1.0781007,-0.8967819,-1.0653348
214489,5.2851467,5.46489,5.5995307
214495,4.916737,5.768493,5.6856713
214497,-3.4133372,-3.287488,-3.1091433
214498,4.870618,4.987782,4.77242
214500,10.014215,9.685049,10.042429
21452,8.787613,9.679847,9.458404
214548,-2.8203905,-2.4085066,-2.718778
214569,-0.074243546,-0.42040682,-0.20181274
214585,1.706686,4.454685,4.7580204
214587,18.131678,18.814123,19.6378
214588,20.519901,21.321602,21.76606
214591,12.051855,12.326139,12.6978655
214597,3.1997495,3.196282,3.8430004
214598,7.9132504,9.242212,8.600746
21462,12.48514,12.889498,12.753841
214635,7.8412075,7.5869274,8.092731
214640,7.1132007,7.2663054,7.213226
214653,3.3342576,3.039238,2.999216
214658,17.065977,18.344809,18.112804
214662,-27.794651,-26.597208,-26.6904
214665,4.697864,4.350606,5.041827
214668,5.336472,4.8928204,5.0016923
214679,1.6878681,1.7574701,1.3882942
214683,-31.759703,-32.923355,-32.929955
214696,10.107645,10.014902,9.808022
214698,8.764738,9.1474695,9.177563
214728,8.524485,8.219249,8.392534
214743,9.032162,8.78133,8.814781
214747,0.31540442,-0.70041966,-0.9412806
214749,2.7073116,1.9957032,1.7691813
214762,-0.24902773,-0.6263919,-0.01134634
214769,-1.4537125,-1.3800306,-1.0073729
214771,7.028853,7.8611712,8.630804
214776,4.8726077,5.0518436,5.055123
214778,11.244856,11.112522,11.217855
214793,-4.913354,-4.5076156,-4.619136
214811,5.815686,5.687805,6.011553
214823,6.094205,6.06031,6.209814
214829,8.616437,6.799983,7.0703115
214830,-5.9263644,-5.783178,-6.2568665
214835,-24.900547,-24.969555,-24.901255
214876,10.605446,10.32267,10.177673
214877,11.13427,11.5201235,11.695295
214878,6.451809,6.4190774,6.59799
214892,-2.4700856,-1.3206401,-1.4582787
214897,0.0028643608,-0.10828829,0.3344264
214902,-2.0266287,-1.7026579,-1.9399416
214903,-4.2903433,-3.0162826,-3.469132
214906,5.965973,6.214945,6.194733
214907,6.2513256,6.2079377,6.539434
214908,5.8774962,5.825625,5.74491
214909,4.875433,4.9976387,4.921189
214910,5.062169,5.1576157,5.030499
214911,-39.7631,-39.639828,-39.69636
214912,-37.149445,-37.080173,-37.50858
214914,6.0509953,5.3313627,5.083246
214915,-0.43130207,-0.9217787,-0.56859446
214917,8.649899,8.600853,8.789051
214919,1.2168527,1.2990088,1.3046341
214922,-2.112721,-1.3056931,-1.8120914
214928,-29.06905,-29.5529,-29.513214
21493,-5.208265,-6.6634674,-6.3779106
214942,8.6329155,8.653791,8.854996
214943,5.663944,5.4677353,5.5195327
214956,8.725462,9.64941,9.420277
214963,2.2740936,1.4939098,1.3512754
214972,-0.33150244,-0.68223906,-0.93897104
214983,-1.5616636,-1.773922,-1.6943493
214988,-2.325567,-2.1415818,-2.3593614
214990,2.7899208,3.1107135,3.0410743
214991,-2.6669445,-1.847054,-2.2038045
215007,-1.8021886,-1.3939607,-1.4279492
215008,-2.562182,-3.0090294,-2.1867633
215009,-35.99284,-36.1628,-35.89778
215010,-37.049496,-39.308464,-38.65396
215019,1.5975232,1.6080313,1.3868418
215024,-0.49176073,-0.4471798,-0.20547342
215032,-2.0037901,-2.0578759,-2.4085858
215043,10.784175,9.442835,9.1462555
215045,21.908894,22.683022,22.966225
215046,21.055946,21.578,22.024477
215060,0.7219379,0.008717537,0.263345
215062,9.974491,10.214383,10.188871
215063,6.7892523,6.3134713,6.2649965
215064,9.288181,9.219269,9.697257
215065,5.517641,4.911192,5.043446
215075,8.660572,9.170971,9.302553
215076,15.606699,16.007692,15.766308
215078,-41.71385,-41.087402,-41.44589
215084,11.753974,10.285351,10.410337
215088,-6.8313713,-7.456544,-6.9382668
215107,11.026611,10.039688,10.334175
215108,33.928555,33.325703,32.809467
215119,7.8491836,7.4690123,7.4213705
21512,-4.945087,-4.3629537,-4.500951
215125,12.750004,12.338582,12.879518
215135,-1.3752117,-1.9677148,-1.6059165
21514,6.090458,6.0711565,5.829183
215144,-2.2460973,-2.2609212,-2.3232114
215167,24.075077,23.695522,24.089188
215170,16.077494,16.051376,16.114708
215173,8.589359,8.401452,8.753695
215180,25.125278,24.198511,24.406933
215184,-29.195356,-29.668423,-29.44858
215192,3.3495812,3.2969313,3.3308558
215207,-0.8757925,0.09497881,-1.0276732
215215,-1.3136206,-1.23911,-0.6492057
215217,21.53682,21.698387,22.09209
215223,9.838842,9.917163,10.71904
215231,-3.5886598,-4.2112575,-3.6767058
215237,8.770012,8.590161,9.258459
215244,1.7576637,3.049952,3.0594378
215245,-55.215958,-52.41439,-52.58379
215248,4.1949353,4.1487308,4.0509048
215249,11.557477,12.441288,12.613164
215251,8.645775,7.8508196,7.6378407
215252,8.397029,7.567025,7.4657207
215255,4.4076605,5.613278,5.182867
215265,4.498342,3.5052185,3.8919992
215269,7.884072,7.389412,7.405819
215273,-2.4548988,-2.6883597,-2.4600153
215300,0.6200876,0.72605276,0.92796755
215306,3.8695474,3.897029,3.9753594
215318,4.517694,3.8049927,3.765768
215322,6.9358296,8.083173,8.216177
215326,-8.926175,-8.190503,-7.6302357
215328,9.940628,10.3775425,9.759845
215329,-16.734383,-16.637327,-16.59348
215330,-2.427172,-2.6358478,-2.3953106
215337,6.040621,5.4085426,5.330061
215346,5.441699,3.242,3.6582065
215350,0.12605095,-0.32243252,0.183887
215353,4.459824,4.1828165,3.455153
215354,13.453475,12.982821,13.151743
215359,0.6187,-0.107820034,0.27885723
215360,5.9107842,5.70317,5.806528
215369,6.268447,6.5554743,6.518669
21537,14.669891,14.757784,14.668119
215374,17.052032,16.470842,17.338715
215388,-3.205422,-3.3052864,-3.163929
21539,8.50156,8.758434,8.879187
215399,11.76535,12.191093,11.889669
215400,-1.007266,-0.6138792,-1.2248297
215402,10.733635,10.515122,10.464695
215404,11.538954,10.544995,10.510195
215406,0.16218567,1.2329817,1.2582464
215407,5.0216103,3.9827962,4.1673594
215409,10.198963,9.305224,9.569698
215410,4.8320518,4.757296,4.7908897
215440,-0.3037901,0.43229055,0.5202627
215441,10.633704,10.482745,10.913275
215443,1.0969963,0.6212907,0.7154975
215444,3.8241148,3.6505919,3.77253
215451,6.7554955,7.4152656,7.7346697
215453,4.443783,4.5364003,4.3712506
215473,7.746013,6.782321,7.1570234
215474,14.676044,13.923523,14.219861
215475,8.684656,7.951821,8.146388
215476,8.519452,8.296859,8.470684
215478,8.075041,7.99651,8.012268
215481,-0.95178723,-1.4615858,-1.3371398
215482,-2.6808157,-3.153658,-2.765905
215485,7.468511,7.473863,7.366071
215486,10.129921,10.486741,10.925959
215502,4.069514,4.0454493,4.074783
215506,9.039938,8.31666,7.5283537
215514,-0.6960738,-1.4400008,-1.855252
215523,3.1985564,4.7262087,4.759279
215524,-3.0954258,-3.1696336,-3.2489197
215525,1.183434,0.8117199,0.5468259
215526,2.230352,2.560485,2.5976624
215527,8.535784,7.907887,7.9410377
215584,14.395431,13.531333,13.484926
215600,0.8310952,1.0973296,1.0658855
215602,-49.280384,-47.93554,-48.699673
215609,-44.862167,-44.64055,-44.913036
215617,-75.368416,-75.067856,-74.52451
215633,6.17223,6.635296,7.0983896
215640,11.367598,11.164791,10.992266
215644,10.003044,9.679299,9.2871685
215650,2.4147096,2.4883475,1.8053913
215651,-42.69082,-42.514732,-42.180557
215652,11.226128,11.1643305,11.63192
215654,5.4306116,6.060347,6.0161166
215655,6.854822,8.226809,8.959982
215662,16.772099,16.732922,16.607664
215686,17.454008,17.84188,17.5367
215689,1.5351954,2.4771476,2.687255
215696,-34.95981,-35.515305,-34.86334
215700,-36.133442,-35.017067,-36.148125
215706,0.26011515,1.2309709,1.3073158
215709,-27.161226,-27.051847,-26.738369
215710,-27.514156,-27.7293,-27.1992
215712,11.073921,10.6223,10.080135
215726,5.7395773,6.577371,5.9555206
215731,-43.886185,-44.113533,-43.109795
215733,11.594731,11.460493,11.601038
215735,10.272608,10.511012,10.331934
215770,-0.40063858,0.054635525,-0.23253441
215775,-34.608097,-35.211914,-34.96084
215778,6.419681,6.3482,6.3623886
215779,11.1128235,11.754536,11.322991
215781,8.331369,8.175281,8.179939
215802,-3.6540303,-3.9256573,-3.6620955
215811,-5.466446,-5.6903834,-5.1587048
215814,1.1820145,1.1656957,1.2198777
215818,3.5286016,3.4432354,3.6790433
215831,-2.1413145,-2.0879922,-2.38762
215851,21.881124,21.643785,21.21965
215853,6.669881,6.8244376,6.586999
215854,-42.37851,-43.891396,-42.933468
215866,-0.7518234,-0.58162737,-1.1911798
215902,11.184226,11.415185,11.77265
215905,7.2152524,7.5791335,7.7310247
215915,9.7883625,9.427349,9.301056
215951,12.880718,12.736921,12.921194
215952,27.91165,26.640581,26.887266
215967,13.110546,13.070417,13.108025
215979,13.844359,15.411815,14.432283
215988,5.4628725,7.6506925,7.283575
215989,-7.9411573,-6.422716,-6.9465675
215995,6.4007354,6.4867754,6.740425
215996,7.7326155,7.6558666,7.682292
216001,1.071495,0.6876044,0.29213142
216042,-4.274283,-4.7542367,-4.518771
216053,-6.0257473,-4.119674,-3.908607
216055,5.647372,5.4967103,5.3638687
216066,9.124414,8.513981,8.816049
216075,-4.960511,-4.84208,-4.718301
216091,14.063595,14.349085,14.336295
2161,-59.522537,-58.496124,-59.540047
216124,4.4313917,4.22786,4.5332956
216125,3.4019818,3.2397227,3.4154644
21614,4.4785137,4.373493,4.617961
21615,3.4859643,4.201174,4.112925
216156,13.993883,14.153475,14.249508
216166,1.1219621,1.0279536,0.92388153
216182,8.983571,8.766697,8.979144
216208,14.878573,14.489891,14.656545
216235,12.378251,12.831369,14.029832
216238,21.833023,22.340038,22.297663
216242,-6.6054916,-7.3099513,-6.473341
216270,10.281059,9.73338,10.294034
216277,8.636063,8.375381,8.388983
216291,6.913753,6.614235,6.6769743
216311,5.105631,4.5951166,4.4069643
216323,5.947447,5.54651,5.673578
216328,-0.72326803,-0.5119252,-0.3059559
216339,-0.4543872,-0.3940277,-0.24647284
216342,2.280333,2.235376,2.4892097
216355,-2.7366016,-2.159341,-2.1431901
216368,15.479374,15.163393,15.070776
216375,2.178523,1.9310122,1.9115219
216378,-13.982235,-13.033824,-13.170067
216385,18.946583,18.587984,17.94884
216391,4.96478,5.0301843,5.237051
216396,11.464371,11.435669,12.201126
216397,1.28858,1.5945978,1.6237831
216400,2.6869693,2.4625258,2.575757
216401,5.1679053,5.5012836,5.270711
216403,6.8760457,5.900893,5.913307
216404,2.805313,2.6591167,2.7140222
216405,5.4925566,5.560891,5.6132565
216455,3.463594,3.4739628,3.8477745
216465,2.873742,2.4786205,3.0619636
216498,5.304453,5.617376,5.972528
216505,6.2435327,7.0250235,7.511868
216506,7.596073,7.5151052,7.8338127
216514,-47.525124,-47.734734,-47.790974
216521,6.738549,6.4403505,6.410598
216527,5.4846344,5.578165,5.575761
216557,2.0266166,1.7001047,1.9834027
216558,5.000293,4.850397,5.0769815
216559,2.229723,1.9078164,1.955544
216560,-6.0079603,-5.765301,-5.8152237
216561,1.4466085,1.0895605,1.3182588
216577,-6.031159,-6.067672,-5.887907
216579,13.908398,13.720492,13.637257
216604,6.0144286,5.6461825,6.246705
216606,3.4257193,2.3719168,2.0346675
216607,1.4691515,0.35914755,0.0936203
216617,2.4261622,3.5389867,2.840217
216619,14.524139,15.056128,15.060276
216621,22.120314,21.6927,21.85189
216627,3.7136126,3.1615195,2.8094492
216628,-7.3928046,-8.357517,-8.658556
216633,7.838962,7.6073704,6.916044
216642,11.560806,11.802963,11.489355
216644,3.6527715,3.9921207,4.059348
216649,-44.282734,-45.086567,-45.04401
216655,13.36808,12.392799,12.661501
216685,3.1729755,3.7039614,3.5522375
216695,-40.24766,-39.15275,-39.884537
216699,2.3575044,3.0821514,2.6406178
2167,12.211165,11.448692,11.424619
216706,-4.3512316,-3.0367272,-2.6536586
21671,-1.0176134,-1.0855818,-1.0278878
216739,-0.49398804,-0.47512007,-0.30043507
216764,6.849623,7.058078,6.8073764
216779,-3.6765118,-3.7012649,-3.7418327
21678,3.4601727,3.873108,3.5957208
216795,-5.8659196,-6.7201896,-7.355115
2168,9.50433,10.139698,10.445381
216805,-3.0270405,-2.9511037,-2.5679574
216810,3.3710957,2.5806756,2.061018
216819,6.4309096,6.557646,5.7908707
216820,11.658745,11.998337,12.105181
216824,-3.9529076,-2.2576795,-2.29628
216831,8.040228,7.391654,7.0056877
216842,-46.769848,-46.081814,-45.562134
216851,5.563279,5.249895,4.7376904
216852,11.088542,11.348089,10.837738
216853,-41.563618,-41.5912,-41.88221
216854,-2.2806897,-2.6395278,-3.1459365
216857,-2.635604,-0.991148,-1.0680499
216863,3.0846043,3.352293,3.5287905
216865,-1.1432221,-1.7612107,-2.1547606
216867,8.343488,9.060987,8.929688
216886,5.4652834,4.328401,4.628589
216890,5.871295,5.357068,4.7318635
216904,4.05075,4.449518,4.6506214
216905,-4.6230636,-5.3671646,-4.9537425
216915,1.882052,3.7027922,3.5635471
216927,8.637209,7.894816,7.4684563
216930,-38.119774,-35.799206,-36.381134
216937,0.5872476,-0.9178195,-0.7048898
216939,-2.042487,-2.5283267,-2.5979526
216942,-2.9073071,-2.3934126,-2.4303951
216944,5.3766394,8.201651,7.09866
216957,11.428722,11.844832,12.527895
216962,0.17995739,2.5594573,2.1487403
216963,0.07839346,0.29452467,0.2563362
216965,0.33400726,-0.19972897,-0.34583092
216967,17.967445,18.026123,18.114384
216970,-34.73441,-34.9847,-35.18081
216971,0.75972414,0.14735031,0.5023589
216973,-2.4567492,-2.3744514,-2.1671731
216977,4.7401485,4.508523,4.8644266
216995,-5.50318,-5.920993,-6.2563004
217007,-1.9590585,-2.7284162,-3.251889
217014,6.193273,4.6152735,4.9761105
217018,8.700428,8.96153,8.943569
217019,7.905166,7.8287807,7.8546267
217032,0.16477633,0.6412606,0.6955104
217034,-2.9251642,-3.6660671,-3.843872
217038,4.09896,3.8541102,3.9123368
217045,12.491369,11.427368,11.0378275
217046,4.729067,3.6098137,2.9796896
217052,6.255647,6.0515532,5.6673756
217055,2.3299007,2.8448868,2.4181242
21707,6.9358397,7.3376083,7.301189
217075,8.838974,9.079064,9.59496
217082,3.1671638,3.456111,3.4672642
217083,4.3593354,4.200195,4.244492
21709,4.7112107,4.829495,4.6761203
217091,-2.887816,-2.899251,-2.9461932
217098,-3.3852801,-4.033211,-3.9667816
217110,-20.668543,-24.903843,-23.101467
217122,3.6478386,3.075326,3.7736192
21713,8.587327,8.893431,8.886211
217133,10.665887,12.238841,11.994607
217139,6.8596616,6.5663157,7.037653
217181,9.124594,9.664856,9.942365
217189,4.2297688,4.207062,4.388401
217190,6.2359056,6.9302597,6.5915213
217191,4.4820194,4.2547426,4.253248
217194,6.5969677,6.072805,6.0463014
217195,9.449699,9.395327,9.345671
217199,-1.2803752,-1.5085552,-1.3659
217209,2.706821,2.7389946,2.8112297
217217,9.590279,9.518883,9.723785
217221,6.4416666,6.6740484,6.664891
217233,0.9227452,1.1643815,0.9150052
217235,6.4299006,6.132717,6.1091194
217240,3.5572176,3.8952036,3.102768
217262,12.646294,11.52869,11.944004
217269,8.584791,8.790709,8.295906
217281,-4.025037,-3.5265865,-3.2557654
217285,-2.824118,-1.747937,-2.0841253
217290,4.5639396,4.2745395,4.347173
217293,3.5678377,3.4486828,3.6052089
217294,3.9267387,3.7558222,3.8364825
217295,-0.8196368,-0.41036415,-0.43508005
217299,2.0825272,2.6501913,2.8379917
217308,6.618264,6.2780094,6.5398006
217325,-0.4785509,0.08335829,-0.20296717
217329,-49.79595,-49.6222,-50.20395
217358,4.972595,4.810495,4.7732263
217367,3.4348254,4.085575,3.632156
217370,-46.94535,-46.923172,-46.805702
217371,2.8365502,3.5428748,3.0601134
217372,8.347014,7.6782546,7.8998847
217373,-52.057137,-51.141884,-51.591515
217390,1.557889,1.6861033,1.3620777
217396,-1.4944515,-1.5313826,-2.138558
217405,6.9282837,7.115554,7.3474507
217408,1.2850292,0.0443511,0.12078428
217462,8.322939,8.254276,8.48587
217464,-34.430317,-34.374886,-34.416687
217471,2.3533616,2.476335,2.5256443
217472,7.496628,7.372273,7.659554
217473,1.790647,2.7727022,2.6152992
217475,-3.223499,-2.2197587,-2.9410498
217493,-38.117344,-38.5179,-38.729656
217495,-1.6528339,-2.0997882,-2.0450687
217499,2.6039515,2.582077,2.4317417
217509,6.485948,5.895422,5.748973
217517,20.111702,20.991055,20.772848
217529,-8.687117,-8.225604,-8.808399
217532,2.3935437,2.3217654,2.5697203
217545,7.586084,7.426642,7.3010073
217547,9.152461,8.697106,8.5934305
217548,-0.21103096,-0.9536891,-0.5764885
217558,0.60193276,0.36776972,-0.017767906
217559,0.36902523,0.21262479,-0.62033796
217560,3.3378048,5.4679646,5.480235
217574,-1.7093563,-0.8621392,-0.90258265
217580,15.236208,18.294544,18.384968
217581,23.620869,24.277534,23.990198
217588,5.5709243,5.4517903,5.1234207
217589,3.6853228,4.4543457,4.9740286
217596,-5.4366846,-5.3125277,-5.065375
21760,9.689934,8.735834,8.786866
217630,2.6603193,3.2304235,2.7128649
217631,8.536557,8.043328,7.9335113
217633,7.2086844,6.823041,6.475476
217634,6.9066286,6.790819,6.8992267
217641,11.424175,11.004341,10.891748
217653,6.752978,6.727603,6.508964
217654,11.373034,11.039526,10.851114
217666,-0.5927534,-0.3256011,-0.4807701
217674,3.4889297,3.5369635,3.892932
217683,9.402004,9.645963,9.948517
217684,8.412894,8.405104,8.537363
217685,12.271014,13.071352,13.491061
217687,3.888771,3.6279764,3.8345819
217691,2.5601683,2.491911,2.629879
217696,3.3324928,4.7699747,5.106825
2177,11.404322,11.814651,11.934
217711,1.4857087,0.9520998,0.9139471
217722,8.270767,8.745376,9.482693
217724,1.8731918,1.8439817,1.536602
217726,-40.33297,-40.01348,-39.945797
217727,-0.9531512,-0.04288912,0.6807542
217731,12.512106,12.536506,12.299725
217734,12.573064,13.595471,12.733361
21776,-2.3747118,-2.4069092,-2.1683037
217766,-2.8545823,-3.0870628,-3.199069
217775,14.6762295,15.232592,15.656454
217779,14.319445,14.024541,14.829124
21778,-0.7390766,-0.7712598,-0.43873692
217807,5.4954805,6.278141,6.559855
217811,-0.8007617,-1.1755619,-0.8611531
217814,0.5940256,0.21172905,0.21197987
217819,4.565864,4.573525,4.6846166
217825,11.922522,12.291898,12.198369
217833,2.2316656,2.5317283,2.5198855
217843,17.993244,17.791225,17.470713
217850,1.7001219,2.2300878,2.0969095
217851,-1.4920125,-1.0407243,-1.3915167
217874,9.14932,8.570161,8.90256
217876,11.137682,10.891267,11.067287
217927,4.2745943,4.8831835,5.1670423
217951,5.787961,7.0332375,7.02869
217954,10.636244,11.31149,11.022872
217981,9.403194,9.143367,9.462229
218000,0.14242172,-0.13592243,-0.04755974
218011,3.9984522,4.3741355,4.8329506
218012,9.075558,9.216007,9.551308
218015,-0.09304905,0.023412228,0.13813543
218055,1.3826017,1.3422489,1.2301817
218058,2.1443915,1.7248292,1.6906195
21808,-4.549285,-3.6667113,-3.8952184
218081,-1.8653998,-1.307786,-0.74908876
218088,8.731419,7.7351575,7.6696167
218095,13.781357,13.046654,13.24231
218100,1.2719817,2.2010446,2.4613543
218108,9.750935,9.77326,10.253778
218112,16.112337,15.237215,15.518854
218113,0.93226576,1.8918238,2.1971393
218117,5.514115,4.5983105,5.148764
218129,-0.24554586,0.0062332153,0.28721
218140,0.34574795,2.9469085,2.607788
218152,5.2255177,5.4554367,5.6074047
21816,-1.4043548,-1.9077032,-1.5031364
218167,17.22736,17.125906,17.042246
218172,12.497391,12.908563,12.822693
218173,11.496658,10.961456,11.223509
218174,14.536215,14.428793,14.497696
218175,7.166186,8.070749,8.503401
218176,11.299546,10.118938,10.348709
218177,9.977072,9.91526,10.500839
218178,11.690281,11.342663,11.138469
218185,-3.3564403,-4.0096903,-4.348983
218190,16.56029,16.119392,15.995903
218198,-1.7299879,-1.4266775,-1.7299078
218214,6.22378,7.361871,7.500792
218235,3.2955189,3.023666,3.2744837
218248,2.5419364,2.4269361,2.198545
218250,3.1800141,3.380896,3.2300348
218251,2.903358,2.9517813,2.72752
218263,0.30886865,0.2582786,0.61789656
218268,5.930949,5.987428,6.4399767
218274,5.1970277,5.523083,5.519518
218276,3.1438618,2.333147,2.7428317
21830,9.843061,9.798286,9.7434845
218313,4.809309,4.208896,4.953395
218314,-28.483425,-28.002651,-27.935516
218349,2.0517588,1.1304259,1.3987269
218355,4.771048,4.711346,4.742943
218363,1.9229169,1.5428476,1.7470236
218364,9.595985,9.078992,9.466923
218384,-9.776262,-10.024395,-9.953055
218399,4.9669766,5.159727,5.2421994
218405,-30.971222,-30.230865,-30.256645
218407,6.9218874,7.0696716,7.088835
218413,19.64853,19.996357,19.952988
218419,5.355249,5.7435527,5.806057
218421,9.803654,9.640192,9.342022
218439,-0.44711208,0.9933257,0.8611131
21844,-6.123876,-6.2200713,-6.04439
218447,5.756211,6.378877,6.7069755
218455,-5.5673933,-5.1179247,-5.5844197
218456,-0.2681775,-0.30052614,0.12862587
21847,-3.0411727,-3.104224,-2.9644606
218493,1.554522,3.0466795,2.8183994
218498,-3.4303305,-5.3987036,-4.989071
218499,-0.8697829,-0.5041876,-0.6171303
218508,0.83607006,0.65641403,1.4523177
218509,-25.577316,-25.90149,-25.952984
218539,7.303572,7.6544914,7.5475655
218544,9.957247,10.463723,10.628409
218563,12.614422,13.180124,13.256004
218576,1.8996849,1.880219,1.8774495
218587,5.9511113,5.5981216,5.9245496
218589,4.4820356,4.6469555,4.748729
21859,16.769835,17.15575,16.964634
218596,7.644523,7.6697493,7.6789427
218597,11.237036,10.639051,10.973556
218600,8.266422,7.988798,7.794535
21861,-5.079811,-4.4613333,-4.2816114
218610,-0.31470037,0.56266236,0.121534586
218616,5.949368,6.0308886,6.0922556
218626,-0.9874866,-1.2630107,-2.1121123
218632,4.251092,3.86518,4.216141
218640,1.0037327,0.472641,0.53486633
218644,0.48412514,1.2630024,1.3288174
218658,4.3432684,5.026155,4.988499
218672,0.000957489,-0.4522376,-0.5421295
218674,-3.2613535,-4.837314,-4.848645
218678,25.921413,25.410925,26.001083
21868,-4.189957,-4.8564878,-4.808968
218682,9.943659,10.706073,10.51078
218683,7.707338,7.344377,7.507055
218699,14.60276,13.951582,14.5573845
218701,-63.13202,-64.41216,-63.217056
218705,-5.5733857,-5.1795406,-5.2363462
218709,7.9286995,7.8882523,7.8787456
218726,-2.0806181,-1.2002203,-1.1039412
218728,-2.1349523,-1.2948334,-1.0970752
218741,8.446991,8.574444,8.340992
218742,13.36055,12.294158,12.101976
218743,20.064034,19.58177,19.936361
218744,8.666572,8.807071,8.476288
218752,8.825558,9.163299,9.304535
218758,8.717752,8.2074,8.328531
218775,7.486764,8.523584,8.846136
218783,9.372776,9.508545,9.576416
218795,0.9097595,0.80622387,0.80268097
218797,13.818186,14.445185,14.681862
21880,-1.266875,-1.7082074,-1.5387862
218800,-0.9057007,-1.5801673,-1.3420796
218837,2.4124627,2.3287497,2.2184272
218839,1.002852,0.3055029,0.5529394
218840,1.2712231,1.6383371,1.398458
218848,-37.25879,-36.79209,-37.040726
218865,6.2867155,5.980988,6.048683
218866,12.865185,13.407917,13.2504
218903,5.699645,6.157557,5.976765
218904,5.9968967,5.596144,5.8740025
218909,8.508104,8.563755,8.567074
21891,-3.3490064,-3.1587837,-3.3635957
218911,3.7205758,3.2976289,3.7219682
21892,-1.681762,-1.648413,-1.2873294
218921,3.0130463,3.3077645,3.2104325
218940,11.333353,9.865872,10.111328
218947,10.969086,11.220179,10.331152
218948,-4.966007,-4.8521814,-5.008478
218971,-7.697323,-7.4879284,-7.428214
218972,-0.13642454,-0.5335984,-0.31860876
218980,13.782122,14.079981,14.05752
218982,13.174967,13.299888,13.368462
218983,12.827249,13.027491,13.204479
218985,18.345383,18.79308,19.840494
218988,11.590144,11.18701,11.19405
219005,4.9851456,4.5307875,4.6872096
219018,3.7028446,3.7923532,4.702035
219028,-10.149635,-10.081795,-10.279785
21903,6.4919086,6.2753267,6.328273
219032,14.510058,13.669335,14.089588
219033,11.703505,9.992157,10.078955
219068,1.5353193,1.5341139,1.6937528
219073,1.9861727,1.8381925,1.6244559
219087,5.8841314,5.70029,6.097567
219092,8.340687,8.140451,8.570077
219093,-3.2839754,-2.0068834,-2.2388904
21910,-2.3454633,-1.858911,-2.1271348
219109,10.738514,11.471693,11.300449
219111,11.89132,11.889551,11.647431
219125,2.790701,2.5930758,3.3064423
219131,9.473663,9.775295,10.122792
219132,7.4939384,8.077099,8.593773
219148,9.886545,10.252414,10.079172
219150,15.428892,15.050861,15.456306
219153,-4.4685254,-4.8712525,-4.559295
219157,7.984125,8.138235,7.811503
219158,9.443147,9.443502,9.515074
219171,18.717087,18.375168,18.013351
219197,7.585726,6.979304,6.4942665
219210,12.359446,12.210497,12.645286
219271,2.1711674,2.2993603,2.4882631
219294,10.277943,10.39887,9.966429
219315,16.482775,16.686884,15.572983
219331,10.585404,10.221759,9.925179
219335,8.570803,8.271722,7.501751
219358,6.6840553,6.7641497,6.9458084
219364,12.709545,12.498747,12.388166
219376,18.544071,18.090431,18.05315
219378,-1.7728777,-0.68099976,-0.59286404
21938,2.8015263,2.6493957,2.7159472
219386,3.6300235,3.955367,4.2234635
219387,8.014467,7.9478774,8.050367
219389,4.1774473,3.6002598,4.1647625
219390,3.0188441,2.9522867,2.7048974
219391,6.420886,6.2486997,5.9446745
219393,-58.67341,-56.38159,-56.177605
219408,-6.0640974,-5.990509,-6.059217
219409,15.126292,14.577244,14.556603
21941,6.3995886,6.803503,6.3909316
219413,-1.6077471,-1.3044033,-1.352171
219427,5.763066,5.598553,5.7143917
219436,9.4582405,9.706073,9.405422
219442,7.433513,7.3358126,7.240776
219456,4.696599,4.977927,4.940424
219458,12.855984,13.390095,14.579342
21946,-10.300081,-10.839764,-10.434044
219460,-57.278755,-55.7397,-55.586746
219461,1.8112826,2.3049526,2.6459327
219463,5.852835,6.218792,6.50637
219464,18.582977,17.935843,18.902418
219465,9.897436,10.741809,10.946704
219471,9.052906,8.906395,9.795561
219474,10.731203,10.787035,10.581348
219490,1.2470565,0.8327513,-0.5895357
219495,6.4530444,6.2918077,6.5722957
219506,6.0986443,6.1860137,6.0311174
219509,9.915379,9.8488865,9.561362
219527,12.518803,11.331925,11.63339
219535,-3.226192,-3.2977977,-3.7580757
219538,11.133719,11.14543,11.0847
219576,8.698501,7.994777,7.9506507
219577,8.82565,9.954526,10.083706
219578,5.6783614,5.710512,6.404461
219580,10.170288,9.750912,10.016179
219582,2.81039,2.7968397,3.2008429
219606,-0.99155045,-0.75658035,-0.5959053
219607,-2.403133,-2.9237652,-2.427322
219610,7.021151,7.108345,7.1445208
219616,-2.1065116,-1.7480445,-2.106781
219625,-32.513702,-29.492596,-30.24075
219635,8.177826,9.03396,9.1513405
219655,-5.0285487,-5.419532,-5.5049114
219675,5.6403456,4.676954,5.0307527
219682,3.9192758,3.7632961,3.3833337
219700,0.76489353,-0.14041042,0.21700859
219708,-0.0070586205,-0.7731466,-0.5456567
219709,5.9879684,6.633372,6.928359
219716,15.477474,14.976663,14.931135
219720,-1.2261071,-1.0662308,-1.1666226
219723,-1.2561691,-1.1910923,-1.2277582
219749,3.1149354,3.0102634,3.1087866
219752,15.361036,15.72851,15.83526
219758,8.741989,9.051146,9.379534
219762,4.4910526,4.347516,4.4517956
219771,6.8271174,6.8753448,6.910033
219772,7.461525,7.3578324,7.434267
219773,8.103807,7.8906293,8.007057
219775,6.717878,6.737829,6.6422644
219779,-3.1118577,-2.9001272,-3.0620506
219782,2.8929915,3.2678924,3.559936
219790,11.756664,11.410383,11.370039
21980,-2.0869553,-1.753453,-1.8776004
219801,22.546782,21.55098,21.278362
219804,-3.5511463,-2.506233,-2.5037334
219855,0.9637742,1.8247757,1.21661
219858,-0.38886404,-0.481009,-0.22433996
219865,5.525863,4.8486547,4.9133625
219878,6.0090175,5.7854443,5.8858557
219891,2.4602337,5.619066,6.171322
219892,-7.778105,-8.469884,-8.392689
219897,4.7697754,5.0954137,4.850913
219898,6.902775,6.7229137,6.9278584
21993,-2.2100525,-2.073825,-1.9748602
219933,-4.6096296,-4.4010973,-4.682725
219934,0.77436876,2.0581598,2.0460134
219938,24.80842,23.807564,24.109802
219951,7.7395396,7.141171,7.2674556
219955,12.38031,10.616114,10.553751
219956,7.5606604,7.8009453,7.4757886
219959,9.382846,9.115291,9.6853485
21996,-3.4827878,-3.0188172,-3.375612
219966,-1.7704258,-2.5892892,-2.1933355
219969,7.1285596,7.317941,7.3791146
220015,-0.32241917,-1.1975312,-0.68181324
22002,-0.7903013,-0.8427625,-0.62173986
220033,2.6105986,1.9696474,2.4538722
220053,6.471552,6.58772,6.429275
22006,-22.094261,-21.727884,-22.088202
220060,-4.5171967,-3.5421088,-3.6786296
220065,-3.3024244,-3.9214349,-4.6943913
220067,2.3542466,2.2575908,1.735785
220069,-1.9959097,-1.2656579,-1.3587627
220075,-2.4039893,-2.250474,-1.9497576
220079,1.1812587,1.6456547,1.7750702
220087,-0.096348286,-0.09737539,-0.58733034
220092,1.2242808,1.0982542,1.1633139
220094,8.084884,7.8284125,8.433943
220095,1.6492324,2.1148057,1.722054
220101,0.47736835,0.19205284,0.54947567
22011,10.966572,12.644603,12.803658
220126,-4.8414025,-5.3089476,-5.571374
220131,24.14917,24.874485,25.300533
220133,19.196697,19.390038,19.38699
220136,30.337914,30.940369,31.15001
220146,15.640293,15.99148,15.949528
220147,18.305132,18.640396,18.68262
220168,33.35221,33.572334,33.965984
220175,28.117092,28.07407,28.554968
220201,20.145584,20.670845,20.829506
220213,25.025959,24.5719,24.624203
220227,18.606426,18.01314,18.169891
220232,-45.93172,-46.049423,-46.120075
220255,8.040418,8.710213,8.638709
220257,3.783658,3.743195,3.7841458
220259,8.21281,8.234711,8.787088
220282,4.9539313,4.6349096,4.7113957
220283,-42.045235,-42.12673,-42.10811
22029,2.3990068,1.94842,2.0256577
220300,19.76072,19.404179,19.037521
220306,5.3424315,5.860005,5.719838
220309,10.243929,10.580639,10.583573
220310,11.423645,11.498808,11.694051
220311,10.973948,10.909264,11.065993
220313,7.586342,7.4672656,7.497897
220314,10.385646,8.961441,9.093842
220339,6.8047895,5.8785753,6.9313536
220346,6.7995358,7.1494546,8.301525
220351,-16.024784,-19.238094,-17.724243
22036,0.2764368,0.091679096,0.011558056
220368,4.0583158,3.5545936,3.824481
220383,4.7854657,4.449083,4.742392
220388,13.676563,12.490332,12.642366
220389,22.216387,22.0177,22.367939
220394,-4.159025,-3.3052673,-3.6582146
220398,4.391321,4.8302193,5.288642
2204,6.6115766,6.0962467,6.3884764
220402,-1.8462269,-2.1640499,-2.435743
220405,7.9023943,7.8075247,7.8570933
220407,-0.7911372,-1.7956216,-1.3468158
22041,-3.355317,-3.167379,-3.3119745
220426,5.4266744,5.647119,5.7277975
220427,10.02416,9.792379,9.832397
220428,1.0258327,1.3264666,1.4888415
220429,-41.85182,-42.100433,-41.75501
220430,13.601781,13.823185,13.796761
220433,3.2210355,2.9696493,3.224949
220443,2.1229024,2.1527781,2.2294474
220453,8.470248,8.836353,8.540083
220455,7.2831964,7.104234,7.5590124
220464,2.3144207,2.3489323,2.838039
220467,0.5687256,0.7947774,0.7491393
220473,23.174604,22.721203,23.062601
220475,0.6769626,0.099099636,0.12528467
220491,-10.20174,-11.347885,-10.949519
220545,2.5845494,2.6730924,3.082016
220546,1.5754266,1.0218625,1.5281587
220556,11.309215,11.358703,11.459664
220570,11.494692,11.687138,11.496071
220571,10.855366,10.188453,10.189103
220580,-2.0561876,-2.8974876,-2.6174564
220599,6.496337,6.386878,6.3165026
2206,13.699156,14.125319,13.645379
22060,9.815916,9.67828,10.422916
220605,13.133591,12.814018,12.288839
220607,4.506273,4.480072,4.750988
220615,-2.3684587,-2.1165676,-2.4399705
220633,14.423765,14.486229,14.610575
220634,3.7173276,2.3730488,2.8083239
220645,6.1802278,6.3440304,6.305111
220646,0.9136634,0.6774583,0.8261428
220664,-2.7458346,-2.8745892,-3.1161554
220676,-4.601162,-4.5865207,-4.843063
220678,2.3740015,3.052311,2.3773313
220689,-0.1208992,-0.3553176,-0.5556793
220690,2.959746,3.1534953,3.508811
220696,23.30909,21.558533,22.366213
22070,-1.5430532,-0.95509005,-0.86761284
220701,5.4850616,5.304309,5.3660326
220703,7.5972877,7.620722,7.7281294
220704,4.3724146,4.459951,4.6110373
220705,6.867235,6.643054,6.7608466
220706,7.6636147,8.112208,7.930581
220728,6.0181894,6.0454674,5.813058
220738,9.930578,9.8285885,10.683893
220739,8.116677,7.730519,7.583058
220777,-2.3915293,-3.1433604,-3.2276452
220781,0.7133386,-2.2520347,-2.0601354
220791,2.3249445,2.321003,2.349625
220806,13.492778,13.306133,13.4725685
220838,-1.0303493,-0.9547539,-0.728508
220839,9.9819565,10.704316,10.461596
220847,-3.612207,-2.1407266,-2.2781806
22092,5.252704,5.4987116,5.5994663
22093,2.0093267,1.1540189,1.3881063
22108,-0.31327748,-1.0468974,-1.1680388
22110,-2.2114882,-2.5692983,-2.4194527
22124,-1.3015475,-0.5726118,-0.7475109
22133,-2.301617,-2.605694,-2.6471407
22138,3.278955,3.2970366,3.4290562
22161,10.104273,9.790385,10.367565
22166,14.360934,14.545565,14.351118
22172,-2.630276,-2.8431852,-2.4448364
22177,6.3482223,6.144126,6.333062
22179,-0.3610096,0.62451506,0.08145523
22184,-1.20931,-1.87955,-1.7104487
22232,-28.851917,-28.786858,-29.194544
22240,3.6090655,3.6069827,3.666576
22312,1.2557878,1.2812324,1.1468849
22335,3.2024803,4.0264616,3.9753428
22357,-1.413595,-1.8239858,-2.0254862
22376,-1.5990305,-1.0426688,-0.9605837
22394,0.64648294,0.9720235,0.8551669
224,-0.88331366,-0.454278,-0.6382518
22414,-26.805508,-27.417366,-27.287308
22426,7.199901,7.2493916,7.1853075
2243,14.907523,14.540283,14.309406
22458,-1.3359709,-1.8144069,-1.6075578
22461,-31.419645,-31.605865,-31.646492
22486,1.4036856,1.5466704,1.6674094
22487,13.481409,12.4146805,12.7533455
22503,-2.1436586,-1.59344,-1.3807354
22517,-2.4418986,-2.5326798,-2.5771582
22549,0.5689559,1.1041832,1.1661553
22569,-1.6988053,-1.2776556,-0.06427717
2258,6.326273,7.5838165,7.116512
22599,3.6960912,3.1814628,3.213449
2265,8.164432,8.50485,7.945017
22650,8.927851,8.808712,8.845684
227,-2.8590097,-2.7570658,-2.7972274
22706,-34.4388,-34.616024,-34.359398
2271,-12.010447,-11.798969,-11.854024
22729,0.07195425,0.16529417,0.3415289
22751,-5.05618,-4.3362617,-4.5043764
22753,1.3665981,1.624526,1.9177575
22764,3.2336168,3.2985682,3.1289215
2277,5.182088,5.1948643,5.2566385
22792,5.893559,5.9181757,5.8716
2281,13.439211,13.506948,13.03975
22820,2.0377722,1.4426165,1.5194612
22821,-6.713428,-7.3206863,-7.608465
22831,2.9307404,2.5613875,2.8092313
22839,2.8599453,2.5125976,2.4155917
22841,5.527201,5.101602,5.429979
22847,-2.9874427,-3.412501,-3.3958619
22853,-8.327481,-8.125856,-8.197769
22854,-0.48100805,-0.81003094,-0.5711055
22866,-1.3362281,-1.4471614,-1.346947
2287,12.06019,11.722582,11.4497
22876,9.361879,9.292088,9.7214
2289,14.224779,13.671819,13.668681
22894,-1.814081,-2.5672882,-2.544864
2290,13.76058,13.413442,13.288523
2293,12.0168295,12.117735,11.859982
22933,1.3167701,1.7002721,1.6559777
22936,0.7139206,0.40023184,0.7583194
22957,1.1858001,1.2347746,1.1448092
22958,3.248979,3.5847497,3.7679763
2296,10.3406315,10.181028,9.9922905
2297,-49.33038,-49.673534,-50.014835
2299,-48.85562,-49.083424,-49.484898
22999,1.650269,1.3171296,0.49435806
2302,13.412338,12.788408,12.925953
23022,-2.9373298,-3.364293,-3.6970596
23035,1.4107289,1.9656076,1.6399164
2304,13.205811,13.609358,13.605126
23042,8.355897,8.067576,7.766165
23043,21.122044,22.078924,21.86941
23050,4.629756,5.474944,5.470044
23057,-32.405376,-31.969107,-32.21908
23067,-1.5534339,-1.4007301,-1.2835727
23073,11.945356,11.131397,11.463621
23076,15.141449,14.986046,14.708283
23077,-18.830872,-18.298492,-18.044338
2308,29.03848,28.540144,27.839262
23123,-1.6775801,-1.9305832,-1.4193251
23137,-4.575145,-4.7254133,-4.825803
23141,1.2700515,0.8282232,1.253128
2315,21.970648,23.099575,22.802568
23150,-7.2814507,-6.809205,-7.0305276
23160,14.434277,14.500355,14.8754225
23183,-3.0339055,-3.3499193,-3.0617328
23222,2.9813557,2.8590627,2.871336
23227,-8.3851595,-8.203779,-8.272661
23235,-0.05689287,0.17292738,0.34165382
23260,9.233786,9.530852,9.861097
23264,-4.787505,-4.9616604,-5.145367
23269,-5.1972084,-6.157607,-6.6951113
23280,-3.9021983,-4.409245,-4.070164
23289,4.567325,4.7643995,4.7986994
23316,-25.165562,-23.817118,-23.901035
23325,3.2541173,3.2937493,3.0731711
23332,2.5160623,1.9312944,1.8384094
23347,-0.5548029,-0.47157192,-0.51805735
23359,0.2645936,0.24582767,0.08346224
23360,0.33338356,-0.59803677,-0.5739207
23365,-1.805378,-2.0801702,-1.8630843
23369,3.401353,2.8311253,2.5727196
2338,11.14356,10.979412,10.931118
23395,3.2110777,3.1963248,3.1064138
23456,-1.8623013,-2.0111341,-2.1024933
23469,4.615641,4.3218427,3.8429136
2348,7.942109,7.774544,7.916774
23524,1.668931,1.6621342,1.5526786
23525,8.323151,8.664961,8.461245
23526,-5.890164,-5.702082,-5.3616266
23535,6.8850284,6.553347,6.1663265
23554,10.138386,9.726255,9.949228
23560,10.350927,9.987658,10.072921
23571,0.76726866,0.2292924,0.009308338
23572,0.4265461,0.54593754,0.43181133
23577,-2.2153404,-2.4092681,-2.440346
23589,7.0008793,7.2320213,7.4929113
23592,3.7131634,3.8357801,3.9250922
23603,-0.7000952,-0.5236654,-0.5590496
2361,1.5877099,1.4401913,1.4457002
23631,7.6681156,7.5364485,7.5143404
23640,15.9871025,15.396606,15.280607
23646,-1.0446324,-1.598414,-1.2617159
23648,1.0307789,0.19772625,0.30971766
23684,-1.8504596,-1.5306201,-1.4942522
23687,1.291666,1.1145859,1.052
23697,5.801453,5.719684,5.613832
23727,5.1132455,5.708265,5.30516
23743,-2.7840264,-3.0524757,-2.2738929
23750,-0.8793278,-1.4254727,-1.475019
23756,10.512407,10.20397,10.787724
23761,-0.54469585,-0.33145857,-0.2204833
23764,0.9284458,2.1946096,1.5913339
23770,-4.4257927,-3.8927202,-4.081928
2378,11.746441,11.869392,12.173945
23784,1.9059916,2.1624303,1.8080721
23790,-6.4036345,-6.5178003,-6.3711457
23793,4.811385,4.382402,4.267204
23801,27.629364,29.620153,30.051498
23803,18.200691,20.201155,19.671518
23806,4.313301,3.881806,3.6137981
23816,5.2103796,6.3679953,6.2662115
23830,-3.5005617,-3.400446,-3.5710669
23850,2.9820743,2.6580777,2.7185163
23854,-3.6857994,-3.7997277,-3.5268614
23855,-2.2662272,-2.310896,-2.8255897
23858,-0.80118656,-0.19747734,-0.46688557
23866,0.32596493,-0.37652683,-0.21092224
23867,-4.474535,-4.426132,-4.025238
23868,2.1753802,2.1173348,2.2439055
23869,6.2615685,6.2537117,6.4579115
23877,-0.9642277,-1.4368963,-1.4478979
23892,0.9817605,1.7336392,2.01758
23909,-1.5563262,-0.7323725,-1.7861888
23921,-1.2214847,-2.2477412,-1.8582292
23922,-3.440079,-3.8561647,-3.6424372
23923,-1.3612905,-1.3039842,-1.0061207
23941,1.9036651,1.6917286,1.6225252
23956,-1.2887168,-0.7695112,-0.8036933
23960,-4.228316,-4.288855,-4.042021
23962,-4.1445355,-4.7567444,-4.691669
23966,-3.15324,-3.272906,-3.1479619
23985,-2.170751,-2.7901387,-2.7271495
23988,1.8172321,2.115069,2.0622911
23997,10.1144085,10.54936,10.717178
24006,-6.654772,-6.411331,-6.290109
24022,5.6105385,5.913803,5.958629
24031,1.690146,1.9943576,2.2522488
24035,-4.3032026,-2.8148108,-3.705573
24038,-1.7738833,-2.2885656,-3.0014815
24049,3.8366008,3.7422795,4.3415136
24057,7.0811386,7.0005913,7.018445
24064,2.293913,3.220644,3.6677198
24068,7.964054,7.5239167,8.406207
24080,5.124307,5.3967595,5.254336
24083,-4.36538,-3.762372,-3.7292356
24103,1.2162175,2.620953,2.5143008
24120,-13.133198,-12.143599,-11.918877
24123,-2.4097455,-3.0393636,-2.9836543
24127,10.421501,11.5120735,10.498317
24130,-39.78353,-39.377514,-39.894493
24134,2.013856,2.3999448,2.8633509
24149,-1.7039132,-1.3935661,-0.9539566
24163,-11.173713,-10.560286,-9.295969
24168,21.769278,21.599094,21.512085
24170,0.28210735,0.85589886,1.0262938
24174,7.407122,7.813302,7.7731028
24180,-6.7957053,-8.798313,-9.034857
24182,-0.69638276,-1.349199,-0.5312855
24183,9.357464,10.057829,10.241907
24184,14.79482,13.839659,14.140444
24186,8.5041485,7.1161156,7.189308
2421,15.975168,14.893976,15.424286
24217,-5.2156477,-4.6324635,-4.1924415
24236,6.361777,5.8491225,6.59935
24240,-1.1251483,-0.84982157,-0.6822138
24242,0.047222614,-0.18903351,-0.45674753
24246,-0.014607906,-0.39769554,-0.3879118
24247,5.350353,5.3323364,5.363943
24270,18.047846,17.737156,18.042498
24276,0.13561487,-0.079481125,-0.2305417
24278,-3.091641,-2.8969345,-2.9978662
24297,-24.435507,-23.193125,-22.997046
24305,5.8244114,5.7878556,5.970444
2433,-26.269934,-25.829468,-26.222408
24334,-2.3021932,-3.148744,-3.2223163
24338,7.105347,7.11839,6.8257046
24345,-5.0377913,-5.259997,-5.0176497
24356,-3.2792149,-2.977467,-2.9781818
24359,6.647847,6.976276,7.1355095
24360,-0.67831993,-0.49335575,-0.67491865
24365,-7.8712626,-8.6014185,-8.459338
24366,-1.287219,-1.5565901,-1.4514232
24372,10.202232,10.434842,10.491802
24408,-2.243186,-2.1660738,-2.204083
24415,9.244405,9.291008,9.361505
24427,0.6315453,-0.4170575,-0.53567076
24431,8.104085,7.9723334,7.7955675
24445,22.453266,21.788097,22.713087
24452,10.915378,10.024958,9.132586
24461,9.175097,9.223344,8.831904
24466,13.350994,13.405108,13.719504
24471,-0.82991314,-0.51882076,-0.5225439
24482,-6.83514,-6.250431,-6.272953
24491,0.841455,1.052568,0.8125124
24499,-2.7452443,-2.5336473,-2.3194435
24507,-0.14453173,0.17316818,-0.027285576
24517,5.6104083,6.1682982,6.21663
24531,-2.7545593,-1.8530066,-1.7773535
24535,-8.173438,-8.535836,-8.816212
24546,-1.6817956,-3.222949,-3.5065298
24548,-0.566741,-1.3218966,-1.6055455
24550,43.214714,42.007233,41.566254
24551,27.612839,27.207336,26.532566
24554,-0.45739222,-0.7869625,-0.47141314
24569,-37.1927,-38.68035,-39.006645
24572,7.840637,5.8997707,5.9428124
24576,-10.6303425,-9.6672,-8.953508
24580,2.9833841,4.162247,3.8039393
24586,8.205755,7.9471283,8.304846
24590,6.4305086,7.976446,8.130822
24593,9.622498,10.013299,9.808214
24601,2.5197253,2.7646427,3.0389547
24614,-1.4361439,-1.3905692,-1.5448432
24619,5.317634,5.326666,5.7503195
24646,9.887063,10.072042,9.898554
2465,0.08791399,-0.14784908,0.31026602
24656,-3.3231912,-3.1689034,-2.9967375
24664,-1.1462035,-1.5034752,-1.1869421
24676,-1.166595,-1.0136771,-1.2726488
24679,2.053924,2.181775,2.5667949
24695,-9.448156,-9.237091,-8.838976
24717,3.7079535,4.6059294,4.1229634
2472,11.670245,12.783569,12.74392
24723,4.6114836,4.5560436,4.1243443
24724,6.9576254,6.496497,6.6688056
24757,0.6867256,1.3214326,1.2304907
24760,6.403402,6.2591496,6.3640223
24793,8.530741,8.299867,8.396001
24817,-5.1623187,-5.6735053,-5.5260835
24826,10.142059,10.156964,10.181076
2483,29.051838,28.60911,29.313665
24833,1.4453177,1.198585,1.263845
2484,21.349236,21.401861,21.913284
24845,-0.26096392,0.013566017,0.08809042
24872,5.4728613,5.411191,5.4717536
24875,11.311644,10.078095,10.325939
24904,-1.3146529,-2.1328654,-1.5210528
24907,1.7320571,1.9600353,1.9764018
24910,-5.069232,-5.0146103,-4.637689
24948,8.507525,8.418528,8.367727
24971,7.0543284,7.2247515,7.752432
24992,4.771739,4.831915,4.985688
25005,5.2915955,5.308342,5.3892055
25022,-1.4001489,-1.5542264,-1.7882762
25026,-3.391152,-1.2869306,-1.6577115
25054,0.8910489,0.98210144,1.0635676
25056,3.93335,3.8832426,3.416789
25058,1.2502131,1.134016,0.9582257
25060,5.896972,6.668975,6.711709
25066,-7.700949,-6.439411,-6.024213
25082,-2.2863505,-2.0983007,-2.238963
25083,13.264341,10.738346,10.138248
25087,-0.89522266,-1.1654897,-1.1961231
25112,5.849182,5.1019382,4.5840054
25114,0.74131584,1.6966858,1.5944786
25128,8.348715,7.8180113,7.785246
25135,2.5245967,2.4098687,2.5874968
25136,-3.4346638,-3.3792033,-3.5594482
25139,6.9852495,6.8046904,7.409931
25141,11.559652,9.450559,9.69261
25145,-8.337684,-12.932335,-12.847048
25148,-3.713969,-4.335232,-4.0466013
25155,0.03952408,0.72784853,0.27685213
25169,2.5602393,2.3537083,2.607914
25170,1.4378667,1.5298691,1.1258607
25172,-4.0923305,-3.2752655,-4.100561
25177,1.8450351,1.838562,1.4745865
2518,2.9910622,4.023986,4.1865854
25187,15.296027,15.675738,15.235282
2519,-0.59633064,-0.7237773,-1.0686812
25196,1.1937513,-0.30231142,-0.5216098
25215,8.305235,6.1248055,7.4433856
25233,1.3714366,2.7319384,2.5306473
25246,-6.403084,-5.657611,-5.281051
25247,-3.3283412,-3.1451304,-2.7869413
2526,3.572177,3.3224812,3.4099298
25261,0.6787367,1.4558485,0.42497587
2528,-3.813281,-3.4326077,-3.4703236
25296,1.1933475,0.84299517,0.84214497
253,-4.351858,-4.4767194,-4.3318048
25308,5.264309,3.6951303,3.7049108
25316,-5.6202602,-5.4352155,-4.645992
25321,3.372118,1.1689627,1.7973771
2536,13.156762,12.969389,13.106609
25368,7.940753,7.973627,8.2283945
25391,-2.054072,-3.1175947,-2.941564
25398,4.1651306,2.4936142,2.8531694
2541,2.7281394,4.595288,4.512779
25417,-4.8376875,-5.3081923,-5.2771034
25423,3.3393826,2.9996958,2.72055
2543,10.868364,12.36496,12.9295025
25447,-0.117509365,-0.46309566,-0.7323518
25452,8.69751,5.8144336,6.6936035
25453,-1.81896,-2.9711492,-2.5153048
25456,1.941586,2.246539,1.901979
25462,-3.5222342,-3.6771042,-3.6715295
25485,5.376166,5.180643,5.026059
25486,7.2094827,7.9888415,7.5297365
25493,-3.3090405,-3.0495424,-3.087574
25508,0.93254614,1.4920001,1.201343
25518,-6.833053,-6.3178964,-6.47164
25521,4.829966,5.038483,5.1037726
25522,-0.59939146,-0.33510303,-0.6250715
25523,-1.0336676,-1.3694925,-1.2594428
25525,6.0794396,6.208254,6.558738
25527,-2.868457,-2.5484555,-2.3352773
25542,5.006186,4.2677355,4.036528
25550,-1.4635084,-0.48974395,-0.2583301
25573,4.746774,4.5116043,4.815905
2559,2.3369813,2.3611956,2.6811938
2560,26.10135,28.270609,27.804953
25601,12.562282,12.279835,12.31794
25603,1.7213974,1.6723781,1.6123166
25623,16.175688,16.099466,16.20456
25629,-5.0124307,-4.029035,-3.9653196
25631,-2.7563071,-3.6590319,-3.322041
25637,9.785275,9.282309,9.04332
25638,9.538919,9.8635025,9.802006
2568,0.31119752,1.0509052,0.5567434
25683,9.717413,10.234026,9.830824
25702,21.585493,22.20016,22.447773
25712,10.484246,10.762028,11.360104
25714,15.8415365,15.859993,16.304848
25734,-1.2850063,-1.6846569,-1.8841126
25736,-28.567028,-28.197392,-28.133162
25746,5.80063,5.831049,6.7344685
2575,4.387831,4.316105,4.545835
25753,1.9305716,2.0412674,1.7906041
25756,-4.764571,-4.730425,-4.879183
25769,-4.700081,-5.178135,-5.278876
25770,-1.5568943,-1.6432567,-1.8740954
25810,9.729142,9.837749,9.917615
25829,5.635443,5.583388,5.3914485
25833,4.890207,5.1199155,4.4492188
25849,-2.6319213,-2.4773188,-2.3683844
25861,2.0357323,1.8678389,2.5793052
25872,3.532926,3.6848035,3.8204079
25873,4.4979897,4.585895,4.4484816
25886,3.103128,4.6498723,4.378951
25896,16.283226,15.991013,16.435232
25907,10.167896,9.498785,9.474518
25909,10.090977,9.549384,10.3088455
25915,3.7058759,4.250558,4.455473
25936,2.8031588,2.8147979,2.9105577
25948,-18.250862,-18.611094,-18.826105
2595,5.404235,3.9166732,4.2643476
25951,0.087275505,-0.04140234,0.18799782
2600,24.576206,23.816292,24.179115
26000,0.29129267,-0.020552158,-0.154881
26017,7.7060537,7.287339,7.062473
26022,2.7731752,2.8537483,2.958335
26031,6.072501,3.7405887,2.638032
26034,-2.1864853,-3.5991545,-3.4433904
26062,17.712955,18.451458,19.114355
26064,5.0641356,4.860701,4.9628425
26074,5.3611574,5.432587,5.889926
26079,12.412931,12.195225,12.124634
26096,1.663517,2.3128963,1.754745
26099,10.825459,11.277475,10.984024
26106,10.313111,10.0773945,10.074732
26129,0.6356921,0.78913116,0.19385767
26141,1.7426381,0.8554282,0.3970089
26153,-0.22630453,-0.09091234,0.021641731
2616,5.580077,5.6513925,5.611718
26171,-5.79139,-5.385124,-5.7491846
26182,-2.0512586,-2.017655,-1.920896
26197,-21.943953,-23.467575,-22.398294
26200,-1.150238,-1.2589979,-0.903327
26201,6.6295047,6.9321957,6.5506277
26207,3.0962453,2.3643527,2.4602785
26209,-2.7327955,-2.8966334,-2.490184
26231,5.5242147,4.903331,5.2707214
26233,-0.8883519,-0.6966219,-0.9639864
26244,-4.18151,-3.9683862,-3.4194741
26253,-2.340689,-2.697169,-2.645388
26256,4.060673,3.9635463,3.6049113
26260,-6.016501,-6.3213124,-6.1749954
26262,8.914194,9.674923,9.371382
26266,18.95687,18.69415,18.548012
26267,-3.2245686,-4.3950768,-4.3171616
26271,-3.0037389,-2.3805876,-2.327052
26278,0.31784964,-0.001390934,0.27463722
26296,17.777128,19.742195,19.668314
26304,0.5234647,-0.22256374,-0.6267352
26308,5.117155,5.05322,5.0243516
26314,-0.39463615,-2.244204,-2.3823857
26315,-5.9002204,-4.6585717,-5.000725
26320,10.842171,10.547131,10.346136
26335,-1.225218,-1.7543848,-1.939513
26339,4.332581,5.230426,5.922245
26350,4.7095623,6.06522,7.0882597
26361,5.9578204,6.2557693,6.535589
26391,0.75113463,0.5841441,0.67238
26392,7.22981,8.18779,7.7864003
26402,14.040514,13.667851,13.08194
26416,2.891283,3.7376156,3.0157595
26417,3.2928772,4.0851564,3.6744719
26419,8.533589,7.0885005,6.896395
26438,9.91173,10.392124,10.008713
26450,7.2363067,7.794396,7.897223
26456,-1.360369,-1.5151608,-1.7419322
26471,1.1894574,1.1216259,1.2755294
26474,-29.442307,-28.726933,-29.856258
26489,3.5215082,2.9816918,2.850371
26504,-1.145093,-1.3340526,-1.1719985
26505,2.651205,2.384224,2.4309344
26515,-0.45163548,-2.6761642,-3.0777307
26538,4.992252,4.49364,4.1297264
26539,6.533003,6.6709695,6.7577505
26541,3.8209019,3.7796667,3.330821
26549,-11.230396,-10.2980995,-10.515615
26557,-4.1588893,-3.7427998,-3.944292
26580,3.920154,3.0091324,3.4346032
26592,-0.57152843,-0.9322901,-0.87572575
26611,-1.6319122,-0.9017906,-1.0437522
26643,-4.862694,-3.6720738,-4.631572
26671,11.504338,11.434196,10.832151
26676,9.852214,10.215595,10.377056
26680,-44.797417,-45.47892,-45.278893
26681,-4.6042895,-4.2015696,-5.09979
26685,3.6504822,3.356597,4.2547894
26688,16.887085,17.11568,18.942959
26697,-7.099687,-7.5957727,-6.9619956
26727,1.4062381,1.0669808,1.0863109
26730,2.4427404,1.6972113,2.7487202
26734,7.376193,6.421586,6.3433237
26735,-0.78860426,-0.5116706,-0.3647995
26762,-0.93724155,-1.4911718,-1.5283551
26766,2.659665,2.8527007,3.2772007
26769,0.4339533,0.9634962,1.0380616
26774,2.0596004,1.0120959,1.2020478
26808,15.244516,15.698568,15.415897
26819,-11.333601,-8.796238,-8.655562
26828,12.221376,11.585794,11.815199
26848,10.167364,10.301443,10.376715
26852,8.531458,8.753616,8.87994
26853,9.588099,9.950477,8.9777
26863,-0.8803854,-0.7619319,-0.81430674
26931,5.5929785,4.627298,4.422924
26941,0.25708628,-0.33882666,-0.21761274
26944,-1.9918227,-1.8377414,-1.8492007
26951,-2.2873476,-2.3029487,-2.2348416
26959,2.5968642,3.0066414,3.4023113
26963,6.7793446,6.2137933,6.776675
26982,4.89779,4.7862163,5.501692
26983,2.005021,1.865921,1.9990697
26985,-3.5969336,-3.242502,-3.60206
26991,7.536731,7.31634,7.4656634
27002,-2.466744,-1.1884832,-1.1224303
27003,-2.6460748,-3.2988186,-2.8266616
27037,11.838956,12.60654,12.661023
27044,2.4158673,4.467829,2.8465147
27050,2.1988745,1.1353488,1.4877863
27068,-10.684608,-11.4645195,-10.712593
27072,13.6231365,14.166821,13.819985
27077,-1.3955054,-0.57684183,-1.2088075
27078,4.052063,5.8702574,6.5873604
27084,0.67358685,1.530642,1.2117796
27089,25.786558,24.307116,25.3837
27125,-4.4560013,-4.569444,-4.6923957
27143,3.9160075,2.79384,3.4648314
27152,6.5539675,7.126543,7.36014
27166,-3.8000414,-3.4411242,-3.14941
27167,5.7574677,6.0695724,5.947236
27168,7.9620543,7.833309,7.0511556
27174,9.681034,10.806311,10.753608
27179,-2.9343266,-3.182135,-3.9392962
27191,-2.131292,-1.2731526,-1.760752
27193,-34.21986,-32.892296,-34.125458
27208,0.89172745,0.22589254,-0.35452652
27217,-4.459683,-4.9452353,-4.3251467
27220,4.039326,3.2095141,3.7095227
27235,6.8234763,6.852592,6.7960906
27254,-2.7015862,-2.5249615,-2.631905
27256,23.386524,23.458511,23.669086
27258,-0.7734523,-1.2996349,-0.9046407
27264,10.981127,11.10482,11.257403
2727,5.7138195,5.690156,5.8348227
27281,6.488787,7.124727,7.602351
27286,-6.12048,-5.715386,-5.516032
27292,-3.3977318,-5.717812,-5.4069653
27294,-0.45884943,-0.74097633,-0.532887
27297,3.279293,4.0054116,4.419198
2730,6.866499,7.0787168,6.8953915
27300,4.235427,3.53327,3.010222
27301,11.673334,11.759992,11.832951
27307,6.8547964,5.8358364,5.782324
27317,4.423122,3.6383233,3.9905725
27328,5.3986897,4.6925535,4.945723
27338,-1.2453921,-1.588134,-1.4320953
27342,-0.2859211,-1.3156261,-1.5091438
27346,0.5171337,0.13425541,-0.7221365
27347,-1.8695076,-2.2328951,-2.8853042
27365,-2.916742,-2.7998888,-2.3355987
27374,3.2387242,3.0461545,2.9400597
27375,-0.75092316,-0.41438007,-1.1778755
27390,6.2328744,5.9173937,6.1741104
27395,3.5293732,3.8412871,3.648014
27407,-20.075968,-19.148602,-19.630123
27418,12.636301,12.31399,12.461047
27426,0.99068546,0.9089985,0.811368
27434,-7.89447,-7.592781,-7.244279
27440,8.331491,8.335695,8.453564
27441,8.664179,8.713816,8.390852
27457,0.39555883,0.41901255,0.7383671
27459,11.008496,11.215597,10.935333
27477,-0.4901421,-0.6882942,-1.0653136
27482,-1.5944297,-1.0245993,-0.2302835
27484,-5.050986,-5.0270357,-5.4914927
2749,-4.5037603,-4.911855,-4.842268
27493,0.8591423,-0.5461464,-0.8276639
27496,8.859192,8.144964,7.2979894
275,-1.1722324,-2.093587,-1.9392986
27512,9.416773,9.537071,9.408594
27515,15.009054,14.260271,13.879419
27516,13.989359,12.779151,12.491301
27519,9.697765,8.868095,8.708661
27529,-5.2133274,-4.4142118,-3.4931846
27547,15.983426,14.535902,14.60865
27549,-1.6693807,-1.4388161,-2.0380092
27566,36.783356,37.989685,37.74269
27572,-7.504037,-5.852757,-6.0288696
27586,1.0724845,1.6472311,1.7555971
27593,7.2195272,6.9091263,6.904261
27595,2.109263,2.7630672,2.7693849
27599,5.4217186,5.5561996,5.5091853
27611,7.3921776,7.721466,7.7476645
27615,-31.722042,-31.868279,-32.092285
27616,-35.22974,-35.295856,-35.050705
27632,-3.1537106,-2.8450434,-2.7631834
27669,7.4702563,8.567369,8.3723955
27682,11.802759,11.143223,11.3997555
27708,7.0828705,7.961301,8.023257
27718,3.9681778,4.5187335,5.260872
2772,-1.575947,-1.8945901,-1.8035877
27730,0.21281004,0.6345105,0.7062645
27732,1.5821276,1.4354365,1.3259139
27742,13.675882,12.825657,12.077297
27753,0.37666893,-0.22008276,-0.77540874
27754,10.502249,10.682299,10.478989
2776,-4.2257433,-5.2155213,-4.9288216
27772,15.185334,14.493742,14.103683
27773,-50.16307,-50.428623,-50.06828
27785,-2.6825895,-1.7019339,-1.9400945
27792,0.007338524,0.17245102,0.22824812
27797,12.3666725,12.801035,12.45233
27799,6.040321,5.975855,6.0246544
27802,-0.36811113,-0.38023758,-0.26501417
2781,0.7583513,1.1225271,1.1229548
27823,27.303564,26.856522,27.175974
27833,18.339367,18.066605,17.837112
27843,6.4087977,6.1454873,5.797063
27845,12.559301,12.51943,12.510256
27849,-20.181381,-20.28133,-20.22368
27854,11.076597,11.676453,11.562191
27856,22.852438,23.250631,23.320124
27859,10.422102,10.670038,10.34148
27893,-37.227486,-37.202385,-37.230717
27963,-2.2592506,-1.9762058,-1.892859
27976,2.583971,3.7749805,3.5301552
27985,0.36504984,0.65559673,0.47206736
27986,-3.1566927,-3.9684868,-3.949232
27997,7.3154883,8.017078,8.330265
27998,6.5708413,6.6339707,6.6557755
27999,7.0543137,7.1289825,7.0939527
28026,14.437901,17.530321,17.166561
28028,27.961788,26.153656,26.419188
28034,3.991856,6.120432,6.423172
28053,3.1918154,3.1669765,3.3657517
28065,-38.36387,-37.900486,-38.046448
28066,13.568666,13.989568,14.315872
28067,13.170411,14.10091,13.843821
28069,2.659738,2.3955054,2.6042738
28070,4.9445496,4.15221,3.7810888
28088,17.601297,17.624975,17.911888
28097,14.574148,14.807932,14.870058
28104,-45.589455,-45.203724,-45.0261
28106,14.727064,15.147583,15.228459
28108,10.82373,10.737912,10.686527
28120,15.118427,15.310696,15.256458
28124,-35.4974,-34.263893,-34.402733
28131,-35.75252,-34.705463,-34.45126
28137,13.497646,13.215529,13.48274
28138,19.997036,20.73497,21.16215
28147,12.312809,11.572865,11.403788
28151,14.936706,15.279401,15.455875
28155,15.276074,14.847067,15.334221
28162,16.304083,16.382305,16.613546
28164,14.476395,14.880489,15.054157
28166,12.999759,12.745816,12.54724
28172,14.424189,14.157938,14.071375
28185,9.258579,9.695984,10.035585
28186,14.903683,15.172339,15.181039
28195,-45.64322,-46.12076,-46.487564
28196,14.529957,14.725014,14.802071
28205,11.816818,12.663756,12.67518
28218,7.5086336,8.566078,8.643997
28221,16.417978,15.858956,15.782279
28230,14.441225,15.648838,15.5501585
28236,17.959805,19.019691,19.0359
28237,-37.479473,-39.188595,-38.489525
28239,7.082689,6.9356103,7.130017
28244,7.870731,8.822151,8.8263
28245,14.729313,14.038864,14.091429
28246,16.36771,16.66555,16.754751
28249,16.90035,17.972715,17.842693
28250,-33.58599,-34.110886,-34.204735
28255,-39.13627,-38.028286,-37.962227
28256,16.990019,17.613186,17.826866
28262,13.069426,12.843227,12.851356
28271,19.592384,19.48215,19.62551
28274,16.235046,16.435736,16.405624
28278,-33.955482,-33.66894,-33.447052
28279,15.652756,15.5254755,15.553331
28287,15.605827,15.615955,15.956362
28293,10.322258,10.6422,10.638918
28299,12.324469,13.441725,12.833906
28301,15.888298,16.14113,16.420013
28318,9.172604,9.794619,9.992834
28319,16.692072,16.637943,16.497467
28338,15.3212385,15.460333,14.8779335
28342,16.65236,15.949096,16.156319
28352,11.412218,11.614434,11.253163
28354,16.345533,16.022507,16.161057
28366,-39.669815,-39.85727,-39.66147
28368,11.501236,11.741674,11.735541
28370,11.845606,12.099097,12.681518
28372,8.587292,8.395139,8.588398
28377,10.142308,10.060911,9.625227
28383,15.835051,15.838388,15.910518
28389,6.346378,6.381692,6.2004614
28392,13.949694,13.831825,13.895838
28396,11.108219,11.927516,11.808916
28399,-37.698387,-37.5766,-37.378147
28410,12.920227,12.627678,12.544334
28417,-45.507793,-45.402946,-45.144646
28419,13.128563,13.423224,13.43078
28429,10.499247,11.151403,11.095662
28435,-44.893883,-43.867207,-44.188393
28436,58.63847,58.72906,58.797615
28448,11.404867,11.652662,11.57682
2845,5.923603,6.4233155,6.251237
28452,13.552347,14.038582,14.003164
28458,16.99661,16.727861,16.701927
28462,10.054073,10.05019,10.454231
28464,3.5835543,3.8160625,3.3561053
28476,12.849281,12.737606,12.47183
28483,16.519958,16.591541,16.546093
28484,12.055367,12.307905,12.699942
28487,8.739094,8.530262,7.942077
28501,14.810306,14.8679285,14.732329
28518,-31.643858,-31.838,-31.64891
28525,11.160213,11.208151,10.972025
28530,9.892712,9.764616,9.774463
28531,-0.34332085,-0.70145226,-0.6441779
28534,-54.37011,-54.29574,-55.03356
28539,10.983452,11.31292,11.02113
28540,12.659477,12.922988,12.896882
28556,12.779936,13.032717,13.102363
28563,-36.661373,-35.42714,-35.62683
28570,22.896381,24.065659,24.260353
28573,16.517035,16.565317,16.408815
28578,16.008348,15.80594,15.930069
28581,14.102454,13.834778,13.935297
28609,19.559052,19.269354,19.540766
28610,14.563957,14.7938385,14.848117
28612,17.848558,18.087414,18.127905
28616,-43.543385,-43.485664,-43.490753
28617,10.21814,11.876602,12.091802
28626,19.235523,19.538778,19.432726
28630,15.363876,15.52285,15.496125
28646,17.805363,18.36107,18.471355
28648,15.224606,15.303566,15.47205
28649,14.636107,14.563732,14.483581
28656,15.685513,14.775514,14.6007805
28657,23.268055,22.780876,22.76358
28659,15.418037,15.325304,15.345546
28661,14.827056,14.937539,14.890541
28666,9.84445,10.559679,10.649183
28669,10.674343,10.89151,10.941164
28674,14.091123,13.480054,13.40427
28678,16.101456,16.176424,16.115303
28679,13.024739,13.7924,14.045073
28680,13.813324,13.662773,13.434469
28684,19.016312,19.575888,19.718498
28685,14.069473,14.063977,14.115253
28697,16.962757,16.889229,16.914131
28699,11.605207,10.769056,10.802003
28718,12.268665,11.960501,11.854731
28720,-33.70524,-33.57755,-33.56969
28721,12.109069,11.961557,11.966963
28739,13.32057,12.797947,12.849304
28750,17.112255,16.998852,17.069054
28753,13.307449,13.621716,13.536212
28756,17.20917,16.774273,16.951717
28762,20.924816,20.505539,20.36029
28764,10.866343,10.779072,10.936226
28766,10.332525,10.334664,10.40356
28772,13.526599,13.477949,13.650886
28774,20.240192,19.887772,19.907963
28781,18.99794,18.673882,18.63732
28786,20.761473,19.676031,19.470217
28792,15.487436,15.604212,15.8167
28802,14.049107,14.26037,14.158754
28803,19.42176,19.058142,18.759636
28805,11.017836,10.778731,10.792646
28807,20.443272,20.151136,19.675688
28812,21.863281,21.958864,22.290028
28813,16.269928,16.380903,16.291168
28818,11.303988,11.247946,11.242916
28821,8.436556,8.071827,8.247719
28825,11.572547,11.584035,11.555847
28842,13.4433155,13.39645,13.250374
28903,5.5048957,7.0097685,6.874206
28912,14.144222,11.304707,11.34919
28916,-39.994938,-41.098495,-42.1763
28938,16.9449,19.046259,20.454565
28964,3.7952747,3.9650183,3.8418036
28969,-2.461421,-2.8167467,-2.2569323
28973,-6.250882,-6.8417697,-6.0050764
28979,3.0777497,3.0937567,2.6388845
28996,9.716289,9.817737,9.671091
28997,7.179694,7.3655195,7.829841
29000,2.209207,1.9772577,1.8065786
29004,-3.2869864,-2.9919105,-2.9617438
2903,-4.1213512,-3.9911149,-3.894263
29037,11.930657,11.156403,11.135004
2904,-1.541636,-2.4273143,-2.4076934
29040,1.9575577,1.9731364,2.3461342
29097,1.8028164,1.65025,3.0103054
29109,14.574142,14.782818,14.537594
29116,17.286308,17.1907,17.322792
29131,-10.282536,-9.933301,-10.192446
29142,0.44195032,1.0335231,0.8200722
29157,10.577827,10.521185,10.587166
29158,3.0023866,3.454906,3.3729992
29159,-0.048881054,-0.55169725,-0.4715395
29169,10.669741,10.958046,11.279004
29178,3.875321,3.9328914,3.9557881
29198,0.22200489,0.5333557,0.8602786
29212,10.797021,10.59143,9.639234
29246,4.7594223,4.8516293,4.8893986
29248,-3.6446545,-4.493396,-4.465933
29282,-13.520386,-13.757189,-13.494507
29288,0.18405628,-0.40810728,-0.4365883
29289,10.3142605,9.505573,9.714338
29294,2.6724844,3.2492394,3.3164473
29309,3.5149975,3.4293432,3.6335182
29314,8.7800045,8.255966,8.478225
29320,18.791517,18.815262,18.72992
29394,-2.3857403,-2.4475956,-2.5017009
29495,7.2475147,7.4761333,7.1972003
29502,18.81809,18.661245,18.804283
29504,0.4476986,0.6245837,0.777956
29507,4.8455014,4.659895,5.1391
29512,20.189398,20.559195,20.602749
29518,13.222153,13.279558,13.375383
29522,7.1807966,7.819554,7.1174297
29523,4.533356,4.688791,4.152584
29530,6.9710813,7.1932964,7.223014
29536,-28.92365,-29.822268,-30.538809
29538,7.371474,9.177567,8.882129
29544,9.048283,7.8064137,8.136808
29549,-11.165564,-10.329949,-9.816338
29555,6.9583144,5.833486,6.0341268
29558,14.388052,14.895133,14.70648
29566,7.8856397,5.1769958,4.856176
29570,2.5887275,2.274005,2.096568
29581,20.141216,19.89759,21.187136
29582,9.51195,9.634796,10.068557
29583,6.677422,6.350674,6.44874
29589,2.0099535,2.1790972,2.224527
29604,7.152003,7.132319,7.030761
29607,-1.092448,-2.0383022,-2.4131753
29633,-48.882187,-47.24317,-47.32372
29650,-32.01266,-31.53754,-31.964933
29660,6.411178,6.525328,6.4745126
29684,-4.6353893,-4.3609147,-3.9711237
2970,11.157942,11.262026,11.345211
29721,6.8024316,5.9658766,5.666349
29738,11.3274555,11.327724,11.572127
29739,12.898154,12.4613695,12.291739
29746,-7.985801,-7.76268,-8.282669
29787,8.654806,8.049599,8.052376
29791,9.725069,9.451381,10.065062
29815,12.495293,11.905212,11.274025
29832,7.579779,7.8986664,8.136612
29875,22.41312,23.150068,22.42325
29877,-23.9484,-24.116627,-23.854668
29889,9.9714775,9.94682,10.020827
29893,1.718349,1.5307765,2.0034542
29901,12.171047,12.1045265,12.566339
29911,9.832393,8.644101,9.231294
29918,12.277988,12.652111,12.977083
29922,-63.104378,-63.245014,-62.94819
29934,7.3783765,7.479764,7.11141
29943,-0.08977842,0.23734808,0.014587879
29947,9.859831,9.242474,9.190063
29958,13.335797,12.476578,12.962171
29969,2.6528997,2.6881285,2.6405125
29978,10.696055,8.7346,8.724201
30004,15.486998,15.294804,14.790295
30008,10.561895,9.831961,10.751973
30021,-8.431478,-8.273744,-8.393329
30024,4.050219,4.209536,4.223354
30038,7.598261,7.582994,7.7546268
30107,9.05276,8.415503,8.451914
30111,7.9661646,7.6148424,7.687281
30114,5.8793564,5.6898327,6.0476947
30126,11.263792,11.000016,11.0360565
30148,9.853145,9.847008,9.675453
30173,4.047133,3.93265,4.0553393
30180,1.9509802,1.4644055,1.4942493
30190,-3.3307705,-3.7243886,-3.4263973
30192,1.8701358,1.7029996,1.4480906
30221,-1.6497128,-1.7130511,-1.7637165
30238,12.144809,12.216353,12.532751
30239,8.859926,8.904655,9.130737
30258,0.33549118,0.4242239,0.39638996
30287,8.227711,7.7010345,7.885974
30291,19.431904,19.001965,19.176773
30312,13.635933,13.257887,13.461687
30345,8.702073,8.106663,8.031315
30347,5.1818824,5.095511,5.3980446
30372,9.352831,9.456054,9.156569
30373,6.290347,6.771347,6.7308197
30374,5.0027714,4.707873,5.0412827
30400,8.995007,9.426463,9.371946
30427,10.411118,10.575906,10.965864
30440,3.0294356,3.1184797,3.143674
30469,-2.1070466,-2.0023632,-2.096498
30470,-2.155779,-1.816,-2.136073
30518,-44.67746,-43.48265,-43.255333
30524,6.5079885,7.000992,6.7296734
30535,16.949528,17.1574,17.077435
30561,39.339096,38.882732,38.534313
30573,7.3202477,7.0499573,7.0434327
30575,18.289404,19.32351,19.07419
30582,-4.9687448,-4.933927,-5.0869145
30614,2.864277,3.2515807,3.0404096
30619,-3.3322673,-3.3759465,-3.300961
30645,-2.1432664,-2.0273411,-1.9109662
30646,-4.2182164,-4.29337,-4.4537106
30659,5.1985965,6.0562296,5.6604996
30661,-8.061674,-8.171077,-8.485886
30662,8.377954,7.73536,7.951242
30669,6.929851,6.8565907,6.9592524
3067,2.5628128,2.4196653,2.556992
30672,-0.6420939,-2.4236171,-2.215543
30685,8.759056,9.153048,9.280254
30762,22.320293,22.44698,22.30729
30776,-13.873592,-14.547977,-14.411819
30777,3.894567,4.432443,4.1152167
30778,-43.890594,-46.03015,-45.676487
30841,4.0042105,3.7215033,3.4317794
30850,4.2110314,6.2809696,5.838285
30910,17.001842,17.02296,17.24936
30932,7.9650927,7.338657,7.9114304
30938,13.17446,13.528984,13.326792
30951,-36.48307,-35.27106,-34.69524
30991,5.202306,5.303615,5.279882
31015,3.2507162,2.807262,2.7032185
31025,8.309664,8.305088,8.366352
31062,-67.144844,-66.1519,-65.76085
31063,2.5835814,2.8475246,3.2679453
31065,10.344257,10.080708,10.465588
31066,-1.9483645,-2.271773,-2.050964
31075,2.023408,1.2648892,1.2283916
31082,4.827658,5.670843,5.7414417
31098,-1.9484284,-2.4124959,-2.8415143
31106,6.0823836,5.8741064,5.745674
31170,5.1555495,4.738833,5.1798882
3119,7.2784038,7.6273723,7.8761587
31246,-0.58934736,-0.1130743,0.22433472
31248,2.5308414,3.169054,3.3573985
31250,7.3543806,7.500281,7.300101
31253,1.5342059,1.8237,1.2974105
31254,6.0927625,6.3766284,5.9561486
31281,11.02626,11.162035,11.143726
31282,10.710861,10.348829,9.243319
31288,19.822393,20.358683,20.368586
31289,19.242004,19.636307,19.649532
31290,1.1387415,1.3020782,1.2206507
31291,-1.4464467,-1.1498444,-1.2809136
31306,4.8636746,4.8902125,4.7702765
3131,-12.710716,-13.019321,-12.607853
31311,3.1128173,3.3597388,3.2491236
31314,6.004893,7.1922865,7.175823
31338,18.44153,17.90639,17.66903
31359,9.891457,8.588045,8.768529
31361,2.2927985,1.9899912,2.173667
31378,14.362101,14.933728,15.055653
31384,-0.477983,-0.566483,-0.6198807
31385,-0.07429123,0.07963991,0.062803745
31387,1.6896229,1.4453883,1.5729809
31408,3.5693312,3.5578852,3.9317088
3144,-21.997711,-22.132835,-21.884361
31452,-2.3797069,-2.8527987,-3.2419856
31454,-3.9215922,-3.9936752,-3.5012007
31455,4.8705277,4.087974,4.119529
3148,-2.7470813,-2.4344878,-2.4621782
31493,5.3390026,5.095849,5.1259284
31503,9.992268,8.376448,8.9660225
31516,16.375149,15.835613,16.150948
31519,17.38473,18.426405,18.965118
31521,13.509081,13.584686,13.803747
31522,8.78937,9.776246,9.056261
31529,5.582462,5.149509,6.1703877
31591,6.972388,7.6483164,7.4587307
31630,0.16676903,1.1808066,0.86004114
31635,17.873539,18.448923,17.972591
31708,6.1998706,7.9181533,7.791635
31709,13.41832,13.446332,12.959157
31761,8.972933,9.926739,9.845093
31764,28.657776,30.040886,29.768314
31765,13.494183,13.781794,12.458558
31783,4.986536,3.4389672,4.1371136
31784,6.997824,5.9027786,6.10209
31802,-0.34763622,-0.8524723,-0.9927583
31810,3.8386312,3.7788725,3.7895412
31811,3.58884,3.5258594,3.4718528
31816,10.079673,10.029876,10.36222
31817,-0.022943497,-0.18166208,-0.17721272
3182,-3.0869284,-2.9982724,-2.9450955
31825,-41.189224,-41.333237,-41.02547
31827,2.4103503,1.9915128,1.6939964
31830,14.005531,14.756446,13.885492
31832,7.9457736,7.1648054,6.254063
31840,17.437016,17.294441,17.269592
31847,6.4881153,6.493063,6.9126678
31880,8.472563,8.959439,8.310171
31906,-1.102737,-0.5875945,-0.63841105
31913,2.3537626,2.413271,2.0084438
31935,5.842118,6.5885844,6.941438
31941,-5.394682,-6.017852,-6.264
31948,5.7142253,6.6187763,6.649564
31955,12.392071,12.227217,12.526359
31956,12.410711,12.814766,11.626083
31957,14.169671,13.889364,13.92634
31958,7.3123446,7.315542,7.2983117
31959,19.847036,21.48873,21.204231
31960,14.627258,14.740578,15.135901
31962,12.969897,13.245868,12.064344
31976,17.015852,16.928225,18.248459
31980,-1.0540409,-1.5144606,-1.1513109
32,3.5617404,3.4505625,3.6659675
32003,-40.172924,-39.905544,-39.94978
32004,5.5474534,5.667234,5.6720343
32010,8.284176,7.8858542,7.84011
32017,13.74889,12.198609,12.001221
32036,4.3853936,4.475975,4.996847
32041,11.039471,11.215492,11.678531
32043,6.8034043,6.3881564,6.358151
32044,7.7265396,6.8707995,6.8153143
32052,12.781275,13.479073,14.231735
32104,18.573816,18.769024,18.954035
32109,5.3613853,6.1379213,5.255572
32120,6.775806,6.683086,6.6726584
32126,-2.0476255,-2.7239199,-2.5680466
32129,-19.828962,-19.766146,-19.317116
32139,10.830296,10.897269,10.65793
32213,12.179913,12.287309,12.146414
32214,5.999797,5.617945,5.551482
32215,11.511756,10.684551,10.920679
32216,0.80203915,1.3785028,1.9894991
32217,-12.713576,-12.660942,-11.082619
32218,8.114418,7.890279,7.9446716
32220,4.756214,4.8613796,5.3367906
32227,15.175833,15.762972,15.5936
32233,15.06617,14.179482,14.655277
32241,7.811347,5.8475204,6.2226763
32249,16.057549,16.726345,17.31665
32257,21.943367,22.145203,22.114662
32270,-2.0597498,-2.4190052,-2.565871
32303,-6.7714353,-6.5581193,-6.6540484
32319,4.4863257,3.1378212,3.6940536
32326,-0.33735657,-0.1355195,-0.16818476
32340,-9.021421,-7.6323013,-9.22735
32434,-0.7683623,-1.9762166,-1.782944
32438,-16.064054,-15.800734,-15.975433
32447,7.97651,8.191924,8.305476
32460,7.704394,7.2877846,7.4522605
32463,-34.80922,-34.630352,-34.351665
32473,6.1127787,6.389908,6.014362
32480,13.958318,13.77869,14.193434
32532,-8.939631,-9.245967,-8.795408
32535,10.497915,9.927466,10.441225
32550,0.81426716,-0.12232113,-0.31091595
32551,-0.5563855,0.44249105,0.45702934
32560,4.0245056,3.1084943,3.1533823
32606,-4.512566,-4.95149,-4.7901535
32615,-0.6342983,-0.821712,-0.52005816
32664,15.973919,15.522123,15.366394
32665,1.8938637,1.8298903,2.0178685
32666,9.891684,11.514761,11.482331
32669,-29.851768,-29.722092,-29.84552
32672,2.5609713,2.840993,3.2502093
32675,6.933739,6.850331,6.861837
32708,-2.1253653,-3.160759,-3.2467208
32736,19.205866,19.285318,19.508133
32738,15.341259,13.909229,14.221977
32782,-42.377716,-42.322952,-41.879173
32806,-36.02692,-35.613567,-35.29427
32882,-0.5901377,-1.7547534,-1.6246035
32884,20.154491,19.846296,20.167503
32895,-1.8037543,-0.99207544,-1.4316716
32908,13.900836,15.160797,14.790341
32920,5.374123,5.8441405,5.7441936
32929,4.905211,3.5930572,2.2286758
32930,14.549936,14.989081,13.913168
32952,18.074919,19.044807,18.584686
32960,7.986692,7.165568,7.387727
32961,16.406258,16.470493,16.933725
32963,4.9848857,5.902377,6.3255405
32964,6.1831164,7.0570154,7.4890785
32966,4.2820854,4.6989136,5.1122093
32968,3.8648286,6.4868097,5.898377
32973,1.165731,1.0112419,1.0186124
3298,15.560237,14.396429,14.955174
32983,-3.322339,-5.580885,-5.000225
32990,3.806014,3.827302,3.348524
33,-5.3746586,-5.3819256,-5.3284183
33026,8.637049,8.889814,8.7118025
33029,1.5060425,1.1454167,1.0070105
3303,9.022936,9.069334,8.90754
33046,14.068443,13.488781,13.315138
33048,12.646885,13.151548,12.589346
3310,1.5359588,1.8289657,1.8694305
33104,2.7524834,3.5248485,3.4533138
33106,4.2884293,4.820218,4.6516337
33107,5.0688486,5.033876,5.0486565
33116,-34.398766,-35.044334,-35.07101
3313,-2.8678348,-3.0619662,-3.1900156
33146,18.979073,19.289465,18.989405
33147,18.741909,20.807243,20.684532
33244,2.481896,2.9505787,2.9125047
33256,12.096779,12.779086,12.629666
33270,11.633299,11.7993965,12.138313
33271,12.862722,12.789603,12.859568
33274,19.391273,21.344284,21.87673
33275,10.569977,11.654182,12.008724
33282,19.914145,18.982143,19.016644
33285,8.741177,8.169825,7.8657074
33291,16.738905,17.59573,17.498837
3331,4.131396,4.1274977,4.5777016
3332,5.724094,5.653069,5.2252483
33334,9.808082,10.8944435,10.561318
33338,2.822535,2.545343,2.8383346
33339,19.116947,19.084015,19.204357
33370,7.586412,7.1143036,7.2786865
33371,11.379173,11.100843,11.585836
33388,12.678556,12.786125,12.61548
33407,-35.84464,-36.62768,-35.97613
33408,4.705673,4.6526384,4.5882306
33430,15.266365,15.414017,15.480693
33442,-2.801707,-3.798385,-3.6746705
33468,24.669737,25.237024,25.00934
33469,8.6305485,6.5991516,5.7630916
33476,-7.99761,-7.586053,-7.873086
33480,11.3716755,11.298237,11.362881
33484,7.1865296,5.5160713,5.3914275
33510,8.000532,8.95918,8.904089
33535,3.9495797,4.0901685,4.1271944
33553,8.490772,8.483269,8.598181
33554,8.5082,7.8700633,7.6688356
33555,6.185995,5.5668864,5.0457797
33570,8.528408,7.973878,7.9604635
33590,9.645489,9.5078335,9.458178
33591,8.65099,8.797794,9.011799
33593,11.380929,10.496012,10.890867
336,-61.062614,-61.244312,-60.539635
33634,6.7571783,6.7702947,6.0347033
33660,14.031546,14.665596,15.072568
33666,7.152844,5.4299483,5.4278126
33667,13.079214,13.568151,13.308039
33701,5.824406,5.5125937,5.6655436
33702,7.4159155,7.257883,6.8632693
33711,-6.6042004,-7.5047684,-7.58353
33759,4.912569,5.217829,5.015089
33761,9.7675085,9.787477,9.300692
33776,7.0107064,7.2408667,7.4511046
33779,12.744463,12.797293,12.750527
33784,1.2711897,2.305891,2.2168858
33805,3.959546,5.11267,5.160893
33806,4.6548676,5.333827,5.1909976
33813,0.64497566,0.21532154,0.45407534
33814,5.943087,6.078256,6.1428685
3382,-1.3982844,-2.0851893,-1.8568544
33823,2.1544957,2.6846304,2.3817878
33834,3.5502,3.5293074,3.4596176
33843,8.50161,7.9895735,7.7271466
33851,4.2086744,4.523225,4.784817
33854,8.855385,8.8443775,8.176208
3388,26.867771,24.724459,25.05014
33884,8.964836,10.092919,9.634022
33892,2.3083735,3.0619664,2.9965687
33897,-7.295231,-9.443493,-9.089344
33963,8.881542,9.443903,8.672577
33974,3.8436346,4.797449,4.785028
33986,12.829376,12.243409,12.352706
33994,0.9143028,1.0897646,1.4476061
33995,7.380085,7.10621,6.675738
33999,-35.33564,-33.856133,-33.7889
34,-3.3519309,-3.2020223,-2.6225612
34012,4.3338485,4.443037,4.414615
34013,15.654012,15.052029,14.76195
34018,20.967062,20.890219,20.291044
34033,14.109799,15.257226,15.376631
34035,11.898357,12.79214,12.592607
3415,-4.6971407,-5.0501757,-5.4860463
34151,12.448835,13.24613,13.140084
3417,-38.407852,-38.176216,-37.93509
3421,1.5025339,1.8809648,1.8050904
34278,4.6284018,4.66776,4.708812
34290,11.291114,11.631152,11.314943
34293,-1.3317344,-1.2877333,-1.3997905
34295,12.499539,12.502979,12.6243305
34351,6.030616,5.8352814,5.9828444
3436,1.8816042,1.4049592,1.3604279
34414,15.902217,15.839025,16.413254
34415,13.296482,14.3302,14.606752
34416,15.377498,15.2534485,15.264493
34417,21.389776,21.454798,21.211737
34430,15.998699,16.288284,15.968731
34435,12.627174,13.237908,13.173191
34436,11.228247,11.456032,11.509935
3448,10.228818,10.068805,10.118135
3449,2.2925415,3.4214926,3.31179
34497,-0.70311,-0.6911452,-0.7610228
345,-0.44761562,-0.3566122,-0.14693499
3452,4.9687376,7.1548476,6.999627
34573,17.646912,17.474823,17.357817
34574,16.855518,17.831024,18.009655
34584,1.9827313,2.7685838,3.0995135
3462,4.9687424,5.1840076,5.5581574
3466,11.442604,13.435662,13.699005
34697,2.0238452,2.139248,1.9455962
34698,2.7936912,2.7730746,2.8800387
34717,-2.2458067,-1.664813,-1.3515635
34738,5.0513573,5.088801,5.0837817
3474,7.1843963,6.4252653,6.671549
34755,5.3302407,5.379358,5.4425726
34765,-3.3195999,-4.2550654,-4.47926
34766,5.8826456,6.702389,6.336501
34769,16.254608,16.50886,17.284023
34776,-8.584605,-10.79318,-10.183592
34777,3.6241322,3.663434,3.5012512
34787,-0.33040047,-0.4480214,-0.15477896
34793,2.9226656,2.8818102,2.8809438
3480,4.092237,4.7637615,4.301319
34817,2.5237427,2.4908624,2.8087049
34821,8.238248,7.6398344,7.90025
34824,5.6787033,5.0938697,5.089376
34834,7.3035126,5.7706084,4.3343873
34845,7.9550714,8.613716,7.7139444
34847,5.338518,6.6360373,6.164074
34848,-4.4456363,-4.240873,-4.2646413
34855,4.5633426,4.75806,4.907792
34856,7.0810413,7.184563,6.942509
34885,-4.3236485,-5.0791936,-4.8567715
34888,11.203391,11.058372,10.933994
34907,-2.890718,-2.8484957,-3.4544318
3491,3.5289512,2.777474,3.3929935
34918,16.16973,16.139908,16.707312
34920,0.42306685,-0.40628862,-0.1793561
34928,11.871861,10.769957,10.942099
34959,8.333693,8.228958,8.847847
34965,9.288271,8.264835,8.678744
34969,1.1188135,0.79027224,1.1518626
34971,6.1054235,6.5634093,6.604149
34975,-4.7083216,-4.8750877,-4.669976
34979,8.316472,9.390604,9.786545
35025,1.7394743,1.4007177,0.8966179
35028,-42.64119,-42.968956,-43.17919
35034,10.633112,11.033289,11.549348
35036,12.387485,13.482474,13.666462
35038,5.314656,6.050755,6.3756785
35051,-19.862694,-19.901752,-19.307217
35056,-1.7465825,-1.0434089,-1.094202
35077,7.793321,7.97684,7.961689
35087,24.495745,24.022915,23.423393
35113,2.1550913,1.5837383,1.1120648
35114,16.297451,15.544355,15.27916
35120,-10.091866,-10.16253,-10.583672
35129,7.8267183,5.9925632,6.52827
3513,10.658871,10.41119,10.317341
35130,-1.2591691,-0.034705162,0.0840168
35132,-46.387363,-46.065605,-45.770447
35134,6.445918,5.742346,5.887223
3514,-30.58905,-30.79082,-30.67472
35140,17.629366,17.045444,17.934954
35151,7.471927,6.8697863,7.108279
35157,-0.29618645,1.4632473,0.14553833
35160,13.68995,14.216827,13.8604
35161,13.924983,14.372412,14.785078
35167,6.688237,6.6126385,6.612405
35172,13.266086,11.683685,12.617212
35174,6.8459964,7.3963246,7.0042763
35181,22.553268,21.69137,22.3414
35210,9.934114,9.800429,9.805465
35238,0.6886406,0.038517,0.53650856
35239,6.19329,5.8525057,5.9534345
35248,1.3756304,0.84232473,0.9269943
35277,17.794436,17.240263,17.564537
35279,21.307625,20.714808,21.03239
35303,10.20155,9.961313,9.824538
35308,7.650975,8.660176,8.445468
35329,-5.1949577,-5.0261106,-5.449214
35345,10.208694,11.788197,12.012686
35352,2.915369,3.132327,2.5207396
35355,8.551281,9.541996,9.993699
35362,-10.358035,-10.809783,-10.575502
35364,19.197208,19.3413,18.422775
35369,-12.7854805,-12.59305,-12.951616
35387,6.017673,5.8232164,5.920109
35392,-2.9071958,-2.680517,-2.3552215
35396,5.5542417,5.2990227,5.7019067
35398,-8.759013,-9.064147,-8.800132
35404,9.080425,10.045795,9.475264
35418,-32.032986,-33.93434,-34.08984
35433,23.041498,23.798157,22.987247
35439,-40.54171,-40.253498,-40.478912
35440,-12.416943,-10.262146,-9.9774065
35450,11.498373,11.296249,11.230525
35451,14.997215,15.198919,15.603453
35457,6.3478904,6.9938884,7.1807523
35470,-4.8314667,-6.0762663,-5.7806435
35485,11.331298,11.165531,11.094527
3549,21.167164,20.714796,20.801128
35505,-2.570499,-2.9171295,-2.809836
35514,-2.4653223,-2.2013314,-2.7303493
35552,6.997686,6.5630155,6.7971787
35554,1.7503948,1.2444339,1.2692981
3561,-2.4376645,-1.6768141,-2.1969342
3566,-30.807878,-30.880447,-31.301613
35689,-6.178855,-6.2252717,-6.4033947
35695,-6.543976,-6.165275,-6.3416867
357,-3.5535755,-3.208675,-3.247415
35703,-5.1375356,-5.305889,-5.179558
35720,-5.7873387,-6.0851,-5.6058307
35723,-44.289906,-42.85496,-44.12886
35727,1.0987449,1.1118231,0.8194618
35748,-0.21998882,-1.2765117,-0.49431753
35766,4.1680155,4.0628896,4.3111773
35767,5.904904,5.75736,5.767564
3577,8.343321,8.411754,8.32538
35778,-0.7575383,-1.1237006,-0.88283825
35779,8.401473,7.705006,8.094091
35781,2.1974356,1.613008,2.590382
35782,2.4187222,2.1641254,2.3540802
35790,15.091198,14.625244,15.0211
35802,10.462039,10.250153,10.058886
35806,1.3959332,0.5260701,1.0479255
35812,10.18791,9.746328,9.826396
35824,-1.4596424,-2.1378012,-1.7710209
35829,8.180405,8.665994,9.019304
35838,12.771715,11.662859,12.199121
35842,-4.318375,-3.2494786,-4.026125
35843,-4.7005987,-4.037076,-3.7734802
35845,7.2053914,7.808444,6.0895658
35851,22.81284,22.41387,22.460613
35865,4.2442007,3.445364,1.7173514
35873,-47.61605,-48.189903,-49.114002
35874,5.7872977,6.255261,5.7484746
35876,6.2156224,5.393015,5.567578
35881,-2.325499,-2.5607414,-2.2729068
35884,2.0916846,1.570466,1.1673107
35886,12.927579,13.25322,12.381157
35896,10.849839,9.886583,9.176325
35899,10.2155075,10.5861,10.169103
35903,-1.1921928,-0.346879,-0.8559668
35904,1.4668267,0.40682507,0.4391384
35908,14.003982,13.919471,13.599653
35915,23.181355,22.979021,22.899296
35920,0.68514824,1.2096949,1.3397655
35927,18.700624,19.114824,18.49188
3593,18.646248,19.120804,18.110312
35931,10.49593,11.193829,11.905561
35935,7.339442,7.0260386,6.693466
35938,20.302414,19.127113,19.20435
35967,-0.36260128,-2.3236835,-2.0766141
35970,0.26262712,0.59743166,0.91283417
35978,7.5823793,6.110937,6.3956933
35985,-1.1134458,-1.9741807,-1.4848304
35988,13.459045,13.371595,14.171232
35991,0.67056227,1.7387948,1.5142479
35996,0.24445248,0.7246094,0.96786547
360,-2.7068636,-2.7649548,-2.91869
36008,-32.531593,-31.90133,-31.562864
36010,7.8858643,8.638126,9.196494
36011,7.108222,7.4262624,7.459321
36012,15.617315,15.868998,16.856304
36013,28.876308,27.999226,28.526512
36014,8.196394,7.892873,8.386074
36016,-1.5332949,-1.7575543,-1.7685916
36020,10.456011,9.369465,9.486107
36025,6.3282337,5.4292765,5.6623545
3603,12.776152,11.955606,11.6900425
36036,3.4586167,3.3608434,3.5621386
36039,13.962447,14.400999,14.671182
36040,12.099762,14.470253,13.946775
36049,15.417876,15.3018,15.143572
36050,-0.90785265,-1.4217229,-1.8652992
36057,3.3853781,3.7092307,3.5293417
36066,1.8921914,1.3306837,1.6246958
36093,6.0702724,6.5236835,6.158833
36101,1.6122761,1.2883563,0.9038367
36113,13.292883,12.258736,13.1968
36137,7.448498,6.6181765,6.0877447
36152,7.6045766,5.1225195,4.6728992
36160,2.7294478,2.913508,3.1058655
36170,1.0708995,0.44201946,0.55585814
36181,9.678789,9.597402,9.419329
36188,2.4972837,2.584781,2.926309
36192,10.67037,10.919088,10.706001
362,-1.5300546,-3.5027318,-3.5883036
36205,11.448595,11.279391,11.476106
36214,-47.10403,-44.439262,-46.231285
36227,7.1124377,6.6424055,6.7318215
36229,6.8336086,7.246669,7.250138
3623,14.700426,15.020308,15.403534
36239,12.979139,12.07814,12.581593
36240,10.911243,10.344919,11.284216
36242,3.9910922,4.058142,4.1207447
36249,-3.908675,-5.02162,-5.239706
3626,6.86037,7.084214,6.993204
36296,-1.8936558,-2.7430015,-1.9893031
36297,3.484654,3.5370045,3.9029498
36309,-0.37559986,0.60697126,0.48162174
36359,3.1753073,4.194378,4.1815877
36360,5.634528,4.52656,4.692823
36361,3.8727002,4.7037625,4.661519
36362,3.5345287,2.628192,2.9068155
36363,18.51561,17.75614,17.856995
36367,4.237914,4.3625774,4.7824926
36369,-43.167297,-40.77394,-41.576218
36376,14.57769,13.9911785,14.174524
36379,19.684835,18.640072,18.732412
36386,5.605025,4.9815283,4.985545
3639,10.72786,10.666558,10.844221
36397,5.8961525,5.795005,5.762282
36398,4.1066084,4.1312,4.151052
36424,-0.5624547,-0.4442911,-0.7476764
36425,3.6991782,3.574685,3.6367826
36429,-50.6044,-51.562088,-51.722614
36438,9.467806,10.678568,10.77024
3644,5.6444364,5.9073815,5.8081837
36445,9.037279,8.949231,9.14796
36455,5.3493695,3.9521542,4.8083453
36463,13.888361,13.852893,13.019714
36472,-0.9153409,-1.0160298,-0.8468704
36502,4.9666862,4.985846,4.7543077
36503,4.379907,3.9257698,4.04335
36506,6.0269966,6.046719,6.514306
3652,3.858634,4.082371,3.8478608
36556,-2.0560699,-1.8848734,-1.9809818
3656,15.226534,15.585941,15.452668
36561,7.474707,7.267157,7.336424
36562,11.773071,10.898044,11.466349
36563,5.5651526,5.2607794,5.3869805
36564,10.093653,10.096985,10.180277
36566,10.523571,10.261946,10.531784
36567,7.7287116,7.7648597,8.004818
3659,5.1004224,5.133171,5.3273773
36608,4.4354415,4.636485,4.476028
3661,17.059433,16.895842,17.446396
36613,16.67387,16.750195,17.086664
36626,7.440565,7.650261,7.417245
36627,6.943194,7.427496,7.3753786
36709,12.184744,14.276765,13.545263
36710,6.2731037,6.168455,6.443676
3672,4.4511228,4.731361,4.551758
36722,0.20351934,-1.0041108,-0.006240368
36729,9.466942,9.364761,9.691929
36730,14.483813,14.307416,13.821104
36759,4.054106,4.087123,4.317715
36760,4.244433,4.457338,4.7301626
36761,15.880552,17.187595,16.371437
36762,15.557781,16.378836,16.836744
36774,-1.390089,-1.5059209,-0.81938124
36779,4.6585774,4.642877,4.5597563
36785,0.9128752,0.38050175,0.25384855
36847,-43.775436,-45.067337,-44.542038
36849,5.924513,5.4320874,6.341358
36873,-3.0289016,-3.1379194,-2.9287539
36880,26.260887,26.144741,26.169304
36884,11.014877,11.132296,10.96858
3689,10.728258,9.54188,9.561625
36899,11.427458,10.785308,10.688665
36973,13.755886,13.300602,13.228844
3700,-51.84984,-53.88375,-54.40359
37009,-4.9444356,-5.795479,-5.993019
37011,2.4488764,1.9509835,1.9018483
37014,2.4083145,1.9253912,1.7414551
37019,5.429121,4.9665775,4.681981
37023,7.0697336,7.075147,7.0369368
37049,12.953314,12.607847,12.226883
3705,7.944485,7.6392984,7.686786
37050,13.24737,12.995692,12.7299595
37051,12.332842,12.324903,11.881622
37055,-12.785885,-13.317947,-12.6985445
37056,12.280664,11.84528,12.202878
37060,-48.73428,-48.85711,-49.264603
37062,-52.19176,-52.129364,-51.9942
37065,0.23508215,0.039306164,-0.06292486
37069,48.756844,46.99982,47.364613
3707,8.786995,8.317329,8.421156
3708,8.857756,8.43639,8.875422
37108,-3.2637122,-3.0710824,-3.1592448
37114,-3.324443,-2.3039033,-2.0661466
37118,12.243382,11.147768,10.479921
3712,21.522934,19.949453,21.391014
37120,12.24947,12.561039,12.682821
37121,8.910528,9.197972,9.50492
37122,9.267839,9.835676,9.953218
37126,3.5520644,3.5189724,3.5551977
37127,1.8561034,2.0148973,1.818049
37137,5.1610174,5.3353844,5.607628
37138,8.826027,9.331324,9.441388
37139,25.712574,26.656532,26.348196
37140,14.721367,15.011406,14.266487
37142,29.938147,29.624422,28.731934
37144,18.834362,17.807596,16.887371
3715,16.720898,16.24868,16.026035
37154,3.2824926,2.5977316,2.3519297
3717,7.1233,6.57732,7.1925807
37184,4.980044,5.0217757,5.3320217
37190,5.1068234,5.729738,6.321313
37193,-1.6456742,-1.3590798,-1.150639
37197,15.938087,15.424091,14.656196
37201,9.6538925,10.014295,9.928919
37206,5.9536386,5.784355,5.8851123
37213,11.51277,10.336109,10.823311
37220,8.831841,8.638333,8.403978
37221,10.518888,10.275261,9.593185
3723,6.2091107,6.2053914,6.654848
37236,9.297099,9.518015,8.828712
37240,9.500333,8.957721,8.289907
37262,10.530756,10.868522,11.083521
37263,2.6881428,3.6712556,3.738649
37267,7.487743,7.6945868,7.45723
37280,6.201347,6.6219645,6.6403975
37313,2.4790182,2.9442358,2.8611183
3732,5.3772736,5.1309114,5.191513
37335,6.3225846,6.049244,5.819292
3735,15.842389,15.779383,15.608422
37357,-1.5131655,-0.9284854,-0.96139526
37358,7.297952,9.518304,9.058009
3736,15.398952,15.901509,15.279129
3738,5.819866,4.8816013,4.8323913
3739,16.549309,15.94882,15.903627
37393,12.502251,11.761802,11.089613
3741,-35.27762,-37.21873,-36.894512
37410,-1.8474956,-2.298925,-2.0922413
37411,-0.3201661,-0.2855053,-0.32298708
3742,11.221046,11.415071,11.399019
37421,-3.4825163,-3.0318785,-3.0478215
37430,24.081175,24.167208,23.906668
37431,6.0706415,6.1387377,6.1075416
37435,10.340331,9.786,10.374905
37456,6.343584,6.2819877,6.1745443
37458,-6.5113206,-6.5417466,-6.6965823
37459,10.298538,10.86009,11.872187
37485,8.774162,8.956379,8.373142
37494,15.149857,14.996315,15.407898
37509,10.58117,8.931978,10.351957
37512,2.061522,1.2080965,1.300375
37524,2.712596,1.9327216,2.0544786
37531,8.923649,9.332841,9.303898
37547,4.0502367,3.6569095,4.0532846
37549,7.373064,7.2381306,7.2173476
37563,4.0609293,3.9565563,4.003036
37564,4.453843,4.3287845,4.3530893
37568,7.32886,7.2474236,7.246287
37569,3.805142,3.609305,3.6765327
37574,-35.371616,-35.390656,-35.462708
3759,13.496668,13.654972,13.698408
37596,5.6676455,5.501638,5.4252944
37597,18.230515,19.262653,17.959845
37598,11.86816,13.077758,12.715247
3760,27.559155,26.013521,26.155527
37601,16.797657,16.502539,16.319817
3761,16.217737,15.651419,15.69685
37626,4.2837315,4.302338,3.9706182
37638,7.5908694,6.578407,7.5994062
37640,7.0152426,5.62042,4.6844726
37641,3.5543423,3.6135907,3.2123308
37652,8.055721,7.3944707,6.5286865
37654,15.422985,12.510444,13.275724
37655,5.6662974,5.304328,4.9740667
37671,6.715964,6.117362,5.957435
37677,13.213381,11.196378,11.321974
3768,6.707673,7.8664904,7.813414
37693,4.021055,3.9858317,3.941637
37702,-4.411723,-5.154072,-4.8632116
37723,9.120096,8.031076,8.142578
37733,6.573686,7.033677,7.174194
37735,6.2833443,6.0312657,5.8559217
37736,-3.220185,-2.7293165,-2.4196622
37737,-3.1186812,-2.8721616,-2.1712844
37738,-53.611225,-54.185196,-53.565044
37740,3.6838984,3.5575304,3.9024315
37741,0.9957938,0.79148436,0.8561592
3775,-35.46853,-35.821175,-36.11942
3776,-32.181797,-33.695213,-33.712196
37781,9.630213,11.390987,12.344252
37786,4.2502894,3.9861283,4.022662
37805,17.244354,17.164349,16.870768
37806,6.693781,6.7368793,6.8910656
37808,3.8404121,4.3516173,4.4686036
37809,-1.6605186,-1.1072774,-0.90032864
37814,1.2915888,1.6312542,2.0852242
37817,11.277258,11.3885765,10.747276
3782,-46.855755,-47.566093,-47.089973
37824,2.1910634,2.2759786,1.8563404
37896,-20.612514,-20.557705,-21.488297
37900,7.8432856,9.281105,9.018665
37901,2.461885,2.017497,1.9890609
37908,7.473492,7.2141476,7.2296247
37925,21.409172,21.329153,20.99498
37944,17.400526,15.796682,16.024126
37949,8.608555,8.252356,8.363922
37955,7.432789,6.1510553,6.3290286
37959,1.8787408,1.9899898,2.5181413
37986,6.7565074,6.58539,6.4621835
38029,-4.9859896,-7.3316145,-7.2751436
3803,23.9721,23.799902,23.850622
38038,5.9771414,5.9153533,5.9170737
38039,9.266335,8.89621,9.135954
38053,6.4930186,6.507525,6.501792
38055,2.9440103,2.4311457,2.1161675
38060,2.9921122,1.4217567,2.3170457
38075,4.129342,3.8062243,5.0023427
38083,8.454463,8.639317,9.073487
38084,12.67255,12.924034,12.975672
38085,7.5122604,7.8453045,7.949481
38086,10.991108,10.948225,11.0868845
38098,-20.818455,-21.258802,-20.524776
38106,17.416588,17.10666,17.9007
38112,6.752325,6.56975,6.580037
38114,7.5912814,7.9362073,8.11795
38115,3.9518917,3.412119,4.182355
38117,7.22777,7.189974,7.7853355
38118,2.2501693,4.815444,5.136871
38119,8.351517,7.695596,7.791233
3812,1.2015452,1.5046749,1.3270702
38120,6.4951572,6.599821,6.8799257
38122,-46.431164,-46.30384,-46.00441
38125,6.583931,6.7361774,7.2052975
38126,3.1379511,2.8919501,2.8557558
38127,8.162619,8.09617,8.746427
38129,9.907323,9.148769,9.219036
38130,7.902981,7.569403,8.081865
38137,-3.7304945,-4.4795384,-4.380077
38138,6.408162,6.7026796,6.5170126
38139,-28.2485,-28.285076,-28.004124
38140,-0.7649548,-0.6019068,-0.33959532
38141,-1.4285445,-0.022854805,-0.17058945
38143,-4.4385715,-3.6025157,-4.174461
38145,-0.1567955,0.6460819,0.80715466
38147,2.5260105,3.3131838,2.961513
38148,5.290919,5.907855,5.96417
38149,12.734964,12.348651,12.320931
38151,9.477794,9.810895,9.848109
38158,16.599289,16.679422,16.535284
38159,178.34949,178.6944,178.19643
38200,1.6978817,1.3971925,1.9707375
38230,5.655958,6.4376316,6.67351
38234,9.395939,9.602928,9.5900135
3824,1.2998095,2.525856,2.2564597
38265,1.1003294,1.4508524,1.2627988
38276,10.048995,9.551603,9.295252
38279,9.4340725,8.735115,9.079649
38283,10.330692,10.333101,10.465651
38311,-0.21175241,-0.08180857,-0.18772411
38328,17.504913,18.294985,18.969833
38331,6.485608,5.695478,5.924721
38336,10.761184,11.716894,11.167534
38342,9.764872,10.233779,10.401988
38345,11.772209,11.312002,11.39312
38347,5.824468,5.601708,5.4635806
38349,7.8870773,7.3043303,7.2807775
38350,5.7947803,5.915947,6.0610404
38353,6.131609,6.3966165,6.422334
38354,13.760462,12.805743,13.012935
3836,11.138592,11.560146,11.184015
38381,5.7296653,5.7668514,5.438093
38394,-39.390507,-39.46433,-39.48007
38399,2.4511228,2.291554,2.2537236
38407,11.922488,12.501415,12.363605
38410,14.4178295,14.464032,14.406687
38415,-37.51459,-37.874744,-37.51182
38422,11.920392,12.892507,12.256561
38431,-16.7267,-16.608139,-16.285633
38432,8.150272,7.78633,7.415612
38437,9.984774,11.05681,10.885829
38451,-44.980923,-45.48124,-45.35974
38467,0.0226655,0.5270033,0.6349492
38473,8.314455,9.993515,10.093571
38474,11.750014,11.706177,11.8057575
38475,7.129211,9.871668,9.398422
38481,12.898897,13.782826,13.361684
38483,7.062016,8.035693,7.4726233
38502,13.166616,12.104436,12.150051
3852,-0.5360122,0.41464758,0.22393608
38552,6.4763966,5.649402,5.3804173
38553,11.210165,10.10203,10.123799
38560,5.349357,5.1720643,5.4569583
38563,7.088419,6.8018565,7.0341687
38564,6.04761,5.784475,6.1361537
38569,16.17085,15.59584,15.819904
38575,9.461332,8.921452,8.838596
38591,15.994178,16.82009,16.596006
38593,16.253895,16.742418,16.83929
38594,17.01073,17.416185,17.684536
38596,6.536248,6.637801,6.4252486
38602,7.8275695,7.974972,7.7365885
38608,8.151516,7.537906,7.475953
38611,2.814179,3.19178,3.3181071
38615,2.8853748,2.0009365,2.088596
3864,4.340491,4.7302995,5.3256865
38641,2.8806262,2.6106825,2.7931242
38648,4.700074,4.404126,4.393124
38673,8.213946,7.9975038,7.850185
38674,14.678526,12.78737,12.890589
38675,-19.850147,-19.749727,-19.649601
38688,6.9351625,7.124865,7.391621
38689,15.788631,17.316563,17.011307
38692,19.623478,20.248396,19.69769
38695,5.7876487,5.7937827,5.6749845
38696,1.4634218,2.5584416,2.6608872
38699,9.897963,9.808123,9.785717
38712,-1.3785686,-2.1951504,-2.0583792
38719,11.755478,12.432833,11.954649
38729,4.2469673,4.394542,4.669515
38766,6.427899,6.0262327,6.5198164
38786,0.1265235,0.036250114,0.44233942
38787,5.584922,5.5060353,5.6325884
38802,2.4693503,2.7290711,2.828977
38804,6.6782975,6.3111863,6.7188754
38811,-35.90242,-36.013268,-35.811825
38813,9.046063,8.470057,8.293616
38816,5.9320326,5.351703,5.557191
38839,4.482022,2.5573463,2.9388027
38844,3.1101747,3.1237426,3.2925344
38851,7.1542645,6.326912,5.8934035
38852,20.405684,19.558773,19.023626
38872,7.9418373,8.002076,7.29887
38873,4.481989,5.860723,6.037739
38876,3.9110942,4.1105247,4.5749965
38878,5.630616,4.202309,3.9830956
38880,9.991373,9.664091,10.178571
38882,14.775883,14.333419,15.255441
38884,-42.1374,-41.919456,-42.26978
38893,-8.385453,-8.561661,-8.661895
38911,18.101238,18.962223,18.84879
38924,3.1029854,3.6151495,3.6583443
3893,7.703546,9.168453,8.849605
38942,2.9138799,2.7729397,2.4128418
38943,-0.35052156,-0.6084938,-0.5385561
38945,1.3530889,1.4467864,1.4552746
38948,1.840064,2.207872,2.785427
38949,1.0904241,0.75332403,1.1058736
38950,2.531589,2.2782688,2.38873
38952,2.2467513,3.4317346,2.9252548
38967,10.304885,9.186607,9.133789
38972,-2.8203065,-2.0938518,-1.9036419
38978,3.424901,4.003655,4.476196
38987,0.22147751,1.5636144,1.9431028
38988,8.984158,9.208379,9.290028
3902,11.04595,11.555715,11.41524
39024,-4.996315,-4.865093,-4.657567
39043,4.8575997,4.480919,4.754578
39044,-32.96523,-32.76216,-32.32121
3905,7.1022635,7.2126837,7.286184
3907,7.7805643,8.773669,8.71944
39080,16.861546,17.66893,17.774086
39116,4.4774146,4.9922066,4.791669
39120,6.5662217,5.949319,5.9566965
39125,13.987762,14.265139,14.4383545
39135,14.410248,14.363341,13.992645
39151,22.211185,21.811005,21.366405
39159,16.958815,16.938913,16.712734
39169,14.24971,14.397806,14.302383
39174,11.271872,12.445023,12.380247
39175,14.640696,15.362419,15.242891
39176,-55.545452,-56.033882,-56.099735
39177,5.3444443,5.5648947,5.1087084
39192,-1.4170632,-0.39095402,-0.6002798
39193,16.512909,17.421366,16.449764
39195,9.816137,9.85195,9.916803
39199,9.09066,9.702147,9.296392
39203,10.630223,11.521154,10.817364
3921,-10.446045,-10.756841,-11.339312
39225,4.59496,4.1766706,4.1445603
39226,-2.486902,-2.1600254,-2.287863
39302,-4.421416,-4.915221,-4.6436186
39312,4.633973,4.1600485,4.0953298
3939,2.494317,2.0246043,2.4846048
3950,4.6712356,4.5302606,4.373
39559,-2.1658986,-2.5618083,-2.8165753
39571,13.481896,12.743582,12.755132
39572,19.397057,19.96942,19.4958
39604,23.325676,21.433668,21.477276
39620,1.1176162,1.4231253,1.5823627
39657,10.749984,10.707233,11.205923
39658,10.49692,10.113604,10.34438
39666,9.211941,8.5396595,9.195528
39673,9.749848,10.310228,10.50555
3968,2.8344367,2.7355866,2.3299084
39684,10.428358,9.818066,10.718609
39685,6.363919,6.4378376,6.5790133
39687,5.801119,5.678966,5.8554068
39699,2.3245063,2.615696,2.6787286
39716,6.803832,6.365253,6.341638
39721,2.2564254,2.3821092,2.4896164
39739,-3.1000466,-3.0043974,-2.7629085
3974,18.887547,18.673853,18.996311
3976,10.8014,11.428862,10.74938
3979,14.055209,14.336275,14.78211
3981,2.0991015,2.3289132,2.4657598
39847,4.4717884,4.4514914,4.5190916
39848,3.3963542,3.4054222,3.4866338
39849,3.566845,3.5125098,3.625074
3990,-66.46455,-64.15473,-64.425385
3991,0.3875785,2.9546194,3.040101
39983,-0.20786333,-0.35249996,-0.6183667
40001,-33.350082,-33.218273,-33.0086
40005,4.761648,4.6605754,4.42017
4004,8.629809,8.874102,8.924357
4005,4.1003523,3.2795558,3.5463934
40086,11.357958,9.804383,9.693711
40087,20.67903,21.30995,20.976591
40096,8.41358,8.4771385,8.436519
40101,10.075033,10.531004,10.922606
40106,-6.3161097,-5.740637,-5.605274
40107,11.787842,12.2473345,12.867973
40180,11.411772,12.130783,12.50091
402,9.736863,9.822977,9.756075
4025,-52.508263,-49.73333,-50.221577
4031,5.3741145,5.1481957,5.1298
4032,20.37758,18.956436,18.531372
4038,12.273747,11.514822,11.445683
40423,-0.89496994,-1.1838231,-0.93482065
40428,-1.8259687,-1.8543892,-1.3021717
40436,0.10255098,0.30033255,0.73976326
40508,7.798622,7.6128707,7.327338
4063,-49.769604,-50.58143,-50.83342
4068,-29.58836,-29.466667,-29.292358
40685,-0.038605213,0.13144302,0.36088657
4069,10.512815,10.595212,10.550552
40691,-0.48344707,-0.7655659,-0.3133893
4070,11.740173,12.531844,12.377759
40788,-2.8459275,-2.970442,-2.682109
40812,6.436024,6.495235,6.5159764
4091,6.2180777,6.837053,6.6124964
40939,-29.467596,-29.657671,-29.57706
4094,1.6408968,2.4308944,2.7884407
4096,3.3538985,3.6804008,4.4435396
40964,2.2833905,2.2265,2.6857696
40977,-15.296703,-15.197747,-15.306829
4102,-1.5333457,-0.6920738,-1.1317625
4103,8.105463,9.830471,9.828468
41040,11.718132,11.776266,12.236162
41070,12.092052,11.008009,10.586679
41081,4.9985147,5.36078,4.1611457
41088,-3.140165,-2.7810338,-3.5550091
41093,11.412836,11.05728,11.335504
41105,8.713629,10.145379,8.559469
41108,5.1170063,4.8820767,3.8516898
41114,4.419469,4.581776,4.517853
41129,1.2855434,1.2176847,1.5311832
41139,6.62338,6.302988,6.4718018
4114,-3.8906536,-2.469058,-2.0792217
41141,5.870553,5.061325,5.3435307
41142,6.349031,6.4885883,6.0625186
41152,4.7398677,5.2035723,4.919557
4116,7.7330637,8.439829,8.406298
41166,-0.012126923,-0.6120968,-0.69660425
41171,6.546395,6.2983246,6.4779572
41174,4.451866,4.1810226,4.032189
4118,1.7861166,2.823247,3.104568
41182,7.0537453,6.9766436,6.951156
41187,8.514036,8.39513,8.354544
41216,12.483302,13.122779,12.333187
41218,15.313635,14.784581,14.824528
41220,3.0746627,3.0019174,3.5909605
41225,2.326563,2.7097983,2.3176508
41241,0.8330045,1.4164028,1.4140263
41243,13.082223,13.316476,13.448211
41250,8.655811,8.571874,8.547499
41268,-50.16887,-50.340565,-49.811386
41271,4.0092683,4.304829,4.5608854
41272,4.6940722,4.4146714,4.7004
41283,6.9332004,7.956834,7.519636
41284,14.920727,14.918773,15.144339
41319,4.589579,4.920405,4.8981347
41329,16.175642,15.561272,15.617163
41348,9.9122715,10.854986,10.238268
41352,14.129684,13.108645,12.47048
41353,8.748959,8.069139,8.593064
41383,6.815827,6.2193007,6.415229
41386,10.824961,9.824438,10.335806
41402,5.660653,5.8236675,5.6949887
4143,21.381578,21.697403,22.007751
41436,6.687913,6.767795,6.84198
41450,15.606403,14.7648115,14.993115
41458,0.77110004,0.45325613,1.1492901
41491,-1.0835419,-0.90926933,-1.5122886
41492,5.2247815,5.2230473,5.08826
41495,1.4674039,1.2492023,0.90271425
41520,9.69689,9.255928,9.474857
41530,-0.020035744,-1.0314612,-0.23477316
41540,-36.746353,-36.974606,-37.54865
41543,-1.3008177,-3.1766276,-2.5498562
41561,7.447084,7.232067,6.995778
41562,6.6489286,6.679056,6.7535233
41587,6.011995,8.372282,7.2607145
41629,5.409875,5.7138033,5.627399
41641,15.670805,16.12778,16.24481
41644,18.499983,18.460861,18.580463
41646,16.276909,16.74583,16.924292
41649,12.942845,12.610872,12.753962
41650,16.167328,15.415782,15.803561
41655,7.6376233,7.3635817,7.4880447
41656,5.800502,5.724022,5.5756946
41666,11.512346,9.048438,9.147434
41676,3.4592752,2.847221,3.4865675
41677,-60.367817,-59.42389,-59.520466
41680,10.244309,9.464502,8.651774
41687,8.036883,8.319354,8.076161
4169,-50.526264,-49.728615,-49.526318
41691,7.118658,7.303079,6.943572
41692,13.297482,9.889717,9.812892
41693,2.848044,3.424191,3.0054188
41694,8.40791,7.637474,7.9085026
41697,4.182975,2.0458553,1.8564496
41701,3.141274,1.2042079,0.6908457
41705,3.051396,5.018238,4.685587
41706,11.440447,14.14131,13.923592
41708,-29.361446,-27.824833,-28.1161
41712,6.2182617,4.517016,5.687755
41713,3.3404326,2.9408064,3.5985289
41717,3.9232755,3.531065,4.2397056
41720,5.1441636,3.460618,4.2104445
41725,7.8079934,7.7306023,7.875943
41732,2.5634537,2.622817,2.955421
4174,8.735928,8.252312,7.588169
41740,12.7401085,12.793585,13.433928
4175,12.418533,10.835642,10.685678
41756,14.951802,15.514352,15.634436
41759,3.8668423,4.006362,4.02878
41763,6.6335106,5.4132595,5.9331155
41770,0.9010296,1.5581317,1.6527891
41786,9.582329,9.099078,8.836929
41794,13.424693,13.615723,13.551805
4180,7.0716677,6.7820454,6.8723674
4181,7.477247,6.577548,6.7474093
41814,4.848312,5.164609,5.105418
41817,1.4286103,1.0689397,1.0959787
41818,3.1890593,3.5126758,3.84514
4182,13.38682,14.505397,14.86805
41820,4.3481812,4.1842723,4.354378
41824,4.7656765,4.057475,4.03951
41843,10.4549675,9.45863,9.735735
4185,-61.84502,-58.115166,-57.92969
4186,-71.06613,-70.743004,-71.133156
41863,6.89454,6.9766884,7.155961
41873,1.151648,0.61965084,0.6824665
41880,14.382249,13.1372,13.02904
41891,12.7565155,14.0524,13.312175
41894,-52.540306,-51.52355,-51.72593
41895,11.272054,11.556059,10.40719
4190,16.294113,15.781652,15.754698
41903,5.56928,6.1158648,5.76617
41909,4.8253565,5.2042103,4.7624545
4191,6.6063247,6.278002,6.5881987
41913,4.4616146,4.06254,4.2631545
41914,11.901497,10.711118,10.695996
41916,12.788308,14.253332,14.320444
41917,8.111803,6.997158,6.495259
4192,10.073334,9.953833,9.869778
4193,8.831877,8.740003,8.79567
41930,3.3527884,4.2510104,3.6644359
41945,16.654518,16.572578,16.694078
41947,12.985262,12.215618,11.979479
41948,15.196571,14.080988,13.952071
41949,10.905142,10.801743,10.982279
41950,14.475068,12.950626,12.735485
41953,10.28439,9.845859,9.883759
41959,10.377566,10.61259,10.831842
41961,22.82309,21.71533,21.817932
41964,11.044844,10.960754,11.140614
41971,15.298069,15.454365,15.750763
41974,23.625036,23.872627,23.381187
41975,13.369748,13.105575,12.896406
41976,14.547278,13.996187,14.04307
41985,7.3128653,7.252565,7.399451
41987,12.12332,11.785689,12.300629
4199,-43.254013,-44.619053,-43.910717
41993,4.469682,3.8241253,3.7565017
42005,3.5355873,3.0142527,3.4607677
42006,2.6197414,2.9355307,2.7619505
42016,4.848782,4.5500507,5.012629
42017,4.258031,3.7126513,3.5743618
42038,16.148846,17.730843,16.960117
42040,14.401478,14.9653845,14.595399
42041,2.050171,2.2181687,2.4568906
42043,-0.3081751,0.106259346,0.2077508
4205,-42.691883,-43.63167,-43.94887
42055,2.1395278,2.2461505,1.9835792
42057,4.0364776,2.9133143,2.841735
42060,6.2280264,6.756996,6.651979
42061,7.5625143,7.7513247,7.578125
42064,9.109275,8.913062,9.734846
42083,6.7442427,6.610665,6.7643566
42085,12.523169,13.399266,13.6354265
42090,18.120382,16.713842,18.010248
42097,-26.275438,-26.214056,-26.242334
42101,1.4271333,0.50048447,0.38844156
42112,6.832561,6.9721613,6.858911
42120,10.743704,11.439226,11.999681
42121,18.729254,18.346416,17.557375
42125,6.545096,6.377593,6.3598156
4214,-29.46482,-31.189705,-31.274193
42140,9.702705,9.382194,9.544443
42141,5.5249543,5.567655,5.837117
42147,17.500864,18.23343,17.842003
42149,-33.60559,-33.460567,-33.62477
42151,11.427609,11.396168,11.780893
42166,11.672698,10.50739,9.569803
42184,2.4259915,1.780499,2.3601599
42188,4.0352077,4.1078744,4.0611253
42206,7.261835,6.8593717,7.0214953
42207,1.392106,2.1723742,2.175506
42208,5.1285954,5.0469093,5.046469
42212,27.833172,28.461363,27.505041
42250,1.1666331,2.1392574,2.4031205
42271,9.687323,8.712913,9.199135
42272,2.0971632,2.6743002,3.5318012
42273,7.6773963,5.1307607,6.207331
42287,4.9694915,7.5589485,6.7292027
42296,5.3453417,6.5031734,6.474906
42297,19.950583,20.569191,20.30242
42299,9.948364,9.7827835,9.7141905
4231,-68.90947,-69.06213,-69.11027
42335,4.6356516,5.9402037,5.467383
42339,9.06652,8.859901,9.564112
42342,5.6125283,6.2809744,7.000319
42354,6.0884557,6.3762436,6.3276653
42359,8.0726185,8.004559,8.094456
4238,15.869598,14.552568,15.2267
4239,7.070546,4.706256,4.24459
42392,6.4037633,5.720604,5.5843163
42407,5.5392265,5.1478453,5.2808695
42419,3.773539,3.7367778,3.66157
42430,6.3971877,6.4570694,6.534758
42434,5.4887257,5.077989,5.396019
42443,-0.97694373,-1.1849048,-1.2919791
42446,9.936421,10.311918,10.43181
42450,4.6328363,4.6168714,4.8053045
4246,-51.78759,-52.054756,-52.595375
4247,5.5546656,5.2121754,5.5222554
42476,9.863432,9.179262,8.58415
42499,7.724902,7.5832796,7.953743
4250,10.612001,10.95578,10.670025
42539,4.459471,4.630061,5.5098596
42545,8.295479,9.244198,9.182764
4256,-50.82815,-51.011223,-49.661507
42572,14.448563,14.006744,13.217723
42577,14.58251,14.792555,14.733645
42581,14.748632,15.029419,15.697946
42585,2.3622975,2.480939,2.8415937
42590,10.055346,11.0949745,11.129944
42591,7.6880836,8.428789,8.408905
42593,14.426091,13.848549,14.257114
42604,6.3400273,6.968781,6.4060287
42613,-32.661674,-33.009914,-33.358013
42616,13.608164,14.275078,13.178329
42624,10.286756,8.049481,8.172747
42640,7.828166,7.3990273,7.9558063
42647,7.262165,6.7310605,6.2300324
42651,7.071685,7.367764,7.1426935
42708,5.5037622,4.859557,5.0202494
42710,9.465504,9.6287565,9.484459
42723,15.210651,15.713113,15.9672985
42732,4.4328394,3.7430954,4.373041
42738,3.9679031,3.9468966,4.11172
4274,4.3667865,4.144413,4.035203
42765,3.7044806,3.8748884,3.8086438
42766,1.3821206,1.1674776,1.4452314
42769,22.294363,19.18796,19.669996
42785,9.64249,9.191444,9.364324
42790,8.074348,7.4265437,7.112086
42791,6.019784,4.682873,4.37965
4280,-31.667387,-31.090199,-31.025862
42801,10.110222,9.021804,9.0147085
42802,3.8233619,3.7874713,3.7360916
42807,5.4790287,5.3251433,5.7408385
42830,3.3556418,3.7311058,3.523189
42856,3.4463859,3.1185384,3.42096
42868,3.422237,3.2693996,3.2556562
42874,9.271585,8.838295,9.263198
42908,17.691586,18.006367,18.82138
4291,17.689648,18.649216,18.609756
42930,-26.860508,-27.385012,-27.692284
42989,0.7920561,0.36513186,0.5065141
43,1.3169808,1.2575731,1.3323407
4300,15.487677,14.873923,14.821537
43001,12.927166,13.1339035,13.79055
43011,5.983176,5.8047376,5.8694997
43018,4.7775865,4.7966332,4.6797895
43019,-3.5819063,-3.303485,-3.4049082
43032,-0.79532623,-1.0339518,-0.75391054
4304,9.671251,9.874262,9.74275
43046,-29.211445,-28.609692,-28.02705
43047,15.187433,15.58774,15.640855
43053,6.436919,6.289135,6.3286724
43055,7.237167,6.773573,6.431617
43057,4.179897,4.145591,3.9742122
43076,9.590971,10.474356,10.333836
4308,15.361789,14.883878,15.020343
43099,10.521022,10.400261,10.693838
4310,29.871998,31.431068,31.063526
43122,10.707167,9.767843,9.547757
43127,3.1663108,3.055759,2.9799185
43129,0.45196676,0.9785676,0.80306673
43133,-1.0333064,-1.8901126,-1.791506
43134,-2.6336904,-1.3464403,-1.5734134
43140,-0.54202986,-0.75872517,-0.92738676
4315,-48.04814,-48.771805,-47.961494
43150,8.036154,9.268091,9.412194
43172,10.911076,11.214937,10.934645
43180,-33.388252,-33.088825,-33.404827
43182,8.454169,9.986321,8.988502
43191,19.210396,19.361614,19.651817
43205,4.730119,5.9029837,6.0159087
4323,31.808918,30.59716,31.021801
43243,21.218655,20.167944,20.179722
4325,29.034672,28.67698,28.694359
4326,17.175545,17.465199,17.90445
43263,11.184306,10.642683,10.749323
43285,3.3055902,2.9434009,2.588122
43286,1.0863829,-1.2184267,-1.6479592
43287,0.9961057,1.467689,1.1869397
43288,9.892193,9.029313,8.39382
43289,-54.34051,-56.94841,-56.753086
43290,3.228176,2.9153795,2.827228
43291,11.519239,9.872989,10.77406
43293,3.0138469,2.531827,2.1810575
43294,6.3520794,7.4473658,6.45789
43295,9.025152,8.466927,8.627735
43297,9.282955,9.337219,8.981583
43302,-42.893185,-41.745056,-42.061604
43304,8.929136,10.219403,10.2935505
43308,5.5877504,5.2354693,5.026425
43309,3.3716803,3.5758982,3.7541757
43321,-11.2223625,-10.658257,-10.830438
43337,-55.357086,-56.953365,-56.771286
43338,-43.074394,-42.986893,-43.166492
43339,5.2887683,5.6193233,5.8092823
43341,-1.1709394,-0.7853937,-0.42646503
43355,8.933723,11.218374,10.895114
43360,-6.1424565,-7.509119,-7.6848707
43363,1.8625455,1.9676094,2.2975655
43374,11.142101,11.338964,11.153906
43375,-54.564297,-54.477184,-54.45448
43377,0.42245197,1.054419,1.2376451
43380,5.2881904,5.8127217,5.5994434
43397,12.023611,12.378932,11.492146
43398,10.014963,10.905645,10.477189
43408,7.3579407,5.1675386,6.461591
43409,2.7971783,4.314558,4.4328313
43412,6.1394,4.9821157,5.168956
43413,-0.9713161,-1.7195275,-1.1948683
43415,9.685846,9.988441,9.873661
43417,1.6713004,1.4156818,1.648757
43418,13.623285,15.091899,14.718163
4343,16.092707,15.64706,15.834656
43430,3.475676,3.0230951,2.748633
43433,2.6045856,1.93924,1.5163164
43434,1.2635565,1.2658114,1.3770723
43439,3.7453122,2.1353936,2.4890924
43470,-26.02305,-25.763887,-25.7885
43479,1.9438572,1.6541109,1.536809
43481,-0.735229,-1.8242431,-1.4513192
43492,6.5555882,6.123109,6.5367045
43497,5.141438,5.401161,5.634549
43498,3.639439,3.6168823,3.522081
43531,-2.4972835,-2.0669093,-1.9249654
43582,1.0420725,0.6910355,-0.7834377
43583,2.3446364,3.9658575,2.8138642
43584,-0.2457614,3.7752414,3.0256066
43585,-4.1423993,-4.6502213,-4.1831436
43608,12.447886,9.034199,9.050409
43617,7.5983243,7.7093487,7.652409
43618,2.52287,2.4260283,2.2766738
43620,6.336104,5.8053026,5.947594
43621,6.451358,6.513164,6.543322
43624,-26.921663,-26.937742,-26.866993
43628,1.9001727,1.6781201,1.4315648
43631,-8.377998,-8.454187,-8.249313
43632,7.0797772,5.805149,5.788277
43638,5.591872,5.577755,5.5452156
4364,5.6616263,5.168005,5.752379
43641,2.7739391,2.843141,2.930089
43642,4.070213,3.974102,3.9136477
43643,10.06772,10.125418,9.85042
43649,6.391404,6.828312,7.038373
43653,-2.7213025,-1.7099948,-2.8366356
43659,97.22755,97.42064,96.2165
43667,7.165436,7.5858054,6.3926826
43669,12.971207,13.84676,13.985546
43690,-1.3828702,-1.0963082,-1.1494803
43723,-18.786743,-20.398254,-20.706633
43747,9.325214,9.258547,9.052314
43748,0.06797266,-0.5656729,-0.5440688
4375,-45.547676,-46.5084,-46.259186
43751,14.029501,14.6532135,14.672956
4378,-30.019512,-30.205534,-30.14053
43785,-2.2759004,-2.7183027,-2.3405542
43788,7.840878,7.217006,8.060879
43795,-4.800814,-4.8886514,-5.1499286
4380,20.60112,20.879913,20.992243
43808,3.767632,4.7304378,4.63755
4383,22.420425,22.568108,22.560383
4384,22.896591,23.513561,23.598904
4385,18.574127,18.852806,19.373083
43876,0.39385414,1.4603124,0.5827613
4389,8.70191,9.083958,9.323599
43931,16.200813,17.279228,18.003021
43933,11.208761,11.276818,12.060186
43936,6.485341,7.1054316,5.8719373
43939,3.8818908,4.0408335,3.8082428
43940,18.42406,18.478947,18.691162
43964,-7.400299,-7.11857,-6.979269
43971,-7.8245206,-8.410827,-8.444166
43976,4.040393,3.5361066,3.2478728
43978,-10.540659,-11.339748,-11.088318
43990,13.251556,12.384118,13.338911
44,-6.228385,-6.1533127,-6.5548673
4401,14.181228,13.872313,13.6067915
44011,1.5615692,0.53102875,0.3433733
44012,-72.94031,-71.48349,-71.64917
4402,12.456146,12.859594,12.328985
4404,8.574606,9.075621,9.242044
44059,12.185077,11.882052,12.172031
44060,20.638128,22.02745,21.287544
44083,10.812723,11.695946,12.0722275
44087,5.9665413,4.953004,4.3656707
44093,-51.378727,-51.565807,-51.95374
44102,9.316358,9.7100115,9.754545
44121,-9.389171,-8.74243,-8.638899
44123,5.3683605,5.001076,4.8591413
44147,-45.05417,-45.28381,-45.510574
4415,6.5244265,5.50522,6.0795536
44155,5.766224,6.567129,6.8884277
44163,8.972687,9.103096,9.12348
44165,-2.6880374,-1.8157411,-1.5492625
44166,-53.13106,-53.020897,-52.73471
44206,7.3338046,7.061549,7.6108522
4421,8.92737,8.361467,9.044083
44228,2.359333,2.560165,2.4502025
44240,14.092241,15.056381,15.006977
44241,-31.621548,-32.311676,-31.549015
44242,8.545472,8.275966,8.748033
44243,10.873355,10.112375,10.684613
4425,12.725087,12.910395,13.382635
44261,3.2291565,4.331516,4.4949203
44263,1.6314425,1.3226438,0.9585204
44265,-3.5219603,-3.8687983,-3.526929
44270,7.163238,6.5542035,5.9627776
44272,15.093615,13.650455,14.3226385
44290,11.375027,12.4006815,12.359142
44325,-2.2412844,-1.2909031,-2.05725
44336,6.1042476,5.216449,5.011136
4436,0.8621712,0.885756,1.1311059
44369,11.645169,11.773638,11.34701
44385,4.01125,3.7666383,3.8035097
44387,17.318594,16.672832,17.839533
44389,9.20158,9.231604,9.458832
44390,14.562493,11.796011,12.523833
44392,14.109806,14.082866,13.421254
44393,24.83353,24.69951,24.583439
44402,7.152078,6.9307556,6.7921543
44404,0.20891333,-0.6335139,-0.74537945
44405,7.046037,7.7334347,7.5286117
44415,7.5410485,7.490989,7.467858
44428,5.622415,6.4855757,6.5816875
44434,6.4784894,7.523117,6.8648453
44436,3.8651524,3.4965215,3.859764
44447,-1.9847317,-1.9335873,-2.2740228
44448,-5.155966,-6.5659523,-6.465416
44450,1.1166143,0.7423644,0.9645128
44456,20.085785,19.345621,19.397411
44458,2.5129092,2.321724,2.0563436
44488,6.7904654,6.2812176,7.2166
44510,6.1232305,5.1231465,4.8795958
44512,8.225063,8.306574,8.07195
44513,-46.636436,-46.003937,-46.428772
44542,9.001916,8.472076,8.357756
44544,1.8387923,1.7043095,1.8498788
44548,8.02618,8.043957,7.7487893
44549,1.6845436,2.3887625,1.6539888
44550,-54.33816,-58.297516,-57.98465
44565,8.143379,8.750755,8.184855
44566,4.172467,4.2398252,3.615388
44567,-0.50095177,-0.32800627,0.082267284
44568,-3.510558,-1.9990432,-1.9917986
44580,2.3275266,2.0596266,0.9469061
44582,-5.01344,-5.30457,-5.0707936
44588,10.76152,10.627438,10.222997
44598,4.1882887,3.7397103,4.0933366
44609,14.628269,14.269957,14.121023
44621,2.128478,1.0226145,1.3259811
44632,14.628307,13.446868,14.218969
44695,11.893957,12.389614,12.48364
44696,9.124451,9.090912,9.261612
44702,-33.08093,-33.620743,-33.778313
44703,-32.233433,-31.542627,-31.72509
44719,11.608735,11.623992,11.765831
44724,13.183025,12.955835,12.703535
44734,24.132595,23.4101,23.379799
44736,20.397715,21.307007,21.382645
44737,7.448647,7.5813007,7.6377144
44741,14.900238,14.865858,14.757681
44743,-40.144135,-40.12536,-39.841763
44744,19.467361,18.146095,17.92243
44750,17.920303,17.285273,17.35457
44753,-30.432135,-30.4785,-30.653076
44758,13.931047,14.053011,14.061581
44760,23.702175,22.728905,22.58379
44761,8.106871,8.2414255,8.014627
44767,14.041901,13.701855,13.670263
44777,-31.57117,-30.592693,-30.853971
44791,-32.837147,-32.718964,-32.508575
4480,15.761215,15.538163,15.431868
4481,4.7593527,4.0297346,3.6763515
44820,13.315748,14.413173,15.2976465
44828,13.020762,13.627038,13.2641735
44829,15.321444,15.386197,15.297497
44831,10.645184,10.537633,10.426281
44841,6.8188004,6.8768663,6.9158397
44844,-30.539967,-28.914305,-29.02
4485,8.709223,8.953788,8.91787
44858,12.248897,12.135752,12.224659
4487,7.4951057,7.2746673,7.3194346
44878,7.084969,6.1544166,6.8756843
4488,5.6241827,5.3931704,5.3974314
44898,-1.9518126,-2.9484372,-3.3132277
44899,19.222952,17.674541,17.690971
44902,8.800987,7.404084,6.7706223
44903,10.835499,10.383153,9.7830105
44906,-3.9811487,-4.903144,-5.7951536
44927,0.1633892,0.19393587,-0.029340267
44933,23.804932,24.79044,25.163374
44934,26.505836,25.562243,27.363213
44951,0.7472515,1.1849113,1.4558625
44953,1.497808,0.8357024,0.89581156
44973,7.250622,7.0250964,7.111476
44981,-0.3275051,0.24051237,0.056118965
45,-3.3247654,-3.3821533,-4.2407255
4500,28.978605,29.1912,28.714914
45003,11.750859,10.475689,10.086038
45004,4.423273,4.2559476,4.381137
4501,21.970238,20.39701,20.53066
45123,-1.8266687,-0.6151035,-2.3602858
45189,11.09424,12.125259,12.157194
452,5.746169,5.3867183,5.502595
45205,22.071663,22.740887,22.615604
4523,9.945918,10.175651,10.365044
45235,-1.4900045,-0.07734299,-0.62685823
4537,14.904707,15.3964615,15.569303
45395,11.644634,11.093948,11.603886
45450,9.565405,9.583406,10.184531
45467,-3.815401,-3.1232352,-3.1433167
45483,10.160198,10.558146,11.095311
45495,1.171917,0.49568796,0.41761637
45497,4.1055765,3.3387828,3.9606495
45498,6.7765393,6.4214406,6.1884933
45503,8.504906,8.523464,8.635948
45504,-3.8727155,-5.961964,-6.2370625
45505,4.943994,5.228518,5.0955753
45506,7.130256,7.265143,7.110829
45517,-47.60358,-47.40813,-47.486404
45518,3.4076452,2.806377,3.254561
45532,8.243108,8.079475,8.343586
45535,9.528233,10.43232,10.665308
45537,10.772409,9.809115,10.32012
45541,10.0294485,9.54976,9.98012
45549,4.5967107,4.8710847,4.397353
45553,5.0557137,4.62552,4.809152
45554,7.6156406,7.972767,8.176134
45564,-1.22084,-0.41160488,-1.1127219
45565,10.649301,10.389124,10.063723
45571,14.264568,12.995176,13.77061
45572,19.572182,17.951729,18.630575
45589,4.4952836,5.487296,5.6495943
45590,3.6638558,3.5516868,3.1934128
45605,8.290585,9.27375,8.047825
45607,3.040357,4.1137066,3.882288
45616,7.435843,7.999474,7.544464
45629,0.15662813,0.4481063,0.55019426
45637,-0.07095909,1.1459427,0.41049242
45646,4.8309345,6.022866,6.205845
45656,-0.16293764,0.19585085,0.33055782
45677,2.2623086,1.8574982,2.034175
45680,5.9587107,6.7288218,5.523437
45687,2.3894286,2.5835075,2.6239605
45689,5.703232,5.5962157,5.5517616
45690,-6.072551,-6.960011,-7.0649366
45695,-2.5872374,-3.2781525,-2.838118
4570,4.971965,7.1347346,6.769162
45711,5.249716,4.9439588,5.0140076
45712,-3.7436223,-4.1079583,-4.037245
45716,4.4135327,4.228532,4.3343263
45733,-0.9356594,1.5761867,1.1783252
45734,-2.9368284,-3.164837,-3.5476587
45751,6.2054577,6.3531027,6.5199804
45752,14.49061,13.474472,14.032063
45754,5.5151134,4.5317507,5.5503254
45756,7.772816,7.0901513,8.212027
45759,7.981417,7.172257,8.2852335
45762,-28.391546,-28.765675,-28.231564
45791,6.87653,7.673384,7.6174397
45796,15.7283945,17.009146,16.908844
45800,8.308859,7.7972183,7.5367365
45804,6.8256364,7.0206804,6.758068
45806,2.7984943,3.9100056,3.9280624
45813,11.379208,11.70238,11.289244
45815,-47.277473,-55.023785,-54.53207
45818,1.5617895,1.6630139,1.8187323
45822,5.7143693,5.6271896,6.3825336
45824,4.977358,6.572179,6.9525704
45858,11.057683,10.905516,10.654249
45862,13.253646,12.605169,12.644867
45871,3.180367,3.2045383,3.3609557
45886,8.86447,9.015691,8.963897
45896,-31.969193,-31.525936,-31.842163
4590,15.300033,14.806797,14.727273
45918,-3.1173134,-3.1720285,-2.897174
45931,-16.816395,-16.089783,-16.014492
45941,-72.25996,-69.19342,-69.55949
45972,6.4595785,6.456415,6.4633927
45987,-39.43676,-38.166348,-38.58356
45995,3.7829947,3.6608534,3.4970632
45996,6.7805862,6.627666,6.792553
45997,6.4539332,6.7946587,6.4558887
45998,18.784851,16.840622,17.496607
46,-3.4129622,-3.4995692,-3.4737117
46000,18.295277,19.252722,19.367134
46009,0.6510334,0.27634907,0.3020892
46011,5.1867914,5.929924,5.9304276
46025,0.34487867,0.383471,0.40105486
46031,4.642699,4.9177055,4.8462286
46032,6.8071127,5.7247443,5.9901447
46050,24.679525,24.4555,24.591404
46059,-47.352257,-48.374123,-47.960705
46069,11.049902,11.995502,11.692741
46079,12.590061,12.736775,12.77994
4608,3.6261082,3.6046891,3.7416391
46086,15.944403,15.786784,15.714764
46091,5.9997845,5.5090666,5.999289
46099,-28.800152,-29.058887,-28.759275
46107,-25.08576,-24.795502,-25.539782
46108,14.333311,14.935318,14.847092
46112,2.9040647,3.662263,3.6845503
46119,8.439995,8.871176,8.655357
46123,8.818003,11.2146225,10.501897
46125,0.16468859,1.0539317,0.26107168
46139,-7.273794,-7.1402493,-6.999283
46150,-5.6506147,-4.636896,-4.6787324
46171,4.197971,5.149211,5.2763596
46179,2.679368,2.7055578,2.751821
46180,-1.2766166,-2.054359,-1.2518992
46213,4.4419427,4.542854,4.832192
46233,14.736482,13.731104,13.643551
46234,12.285786,10.951481,10.84518
46243,10.980648,11.505375,11.544876
4625,12.125616,12.480191,12.44991
46265,6.039037,5.854925,5.908486
46273,-11.235121,-9.58676,-9.991187
46275,11.897303,8.77583,9.13117
46276,7.0789385,6.5253096,6.6038246
46293,4.0523095,4.067508,3.8849473
46295,7.6559725,8.981345,10.076017
46298,-0.19091845,0.8500962,0.6417136
46300,27.4151,26.343475,26.074003
46301,15.920365,17.19572,16.923973
46313,10.888781,9.419328,9.516623
46330,-8.96812,-8.774837,-8.827332
46336,7.9095716,8.284573,7.852085
46364,11.134871,10.507963,10.370721
46376,9.7472105,10.673655,10.114639
46377,-3.9882548,-4.1423135,-4.3755813
46406,13.3114,13.82078,13.81295
46429,2.9331727,2.3966432,2.445765
4645,9.517485,9.52887,9.526511
46484,19.828896,20.725899,20.1929
46485,5.465255,5.8716874,5.201758
46489,18.230854,18.060955,17.306263
46499,-1.6287322,0.46206856,0.5117712
46504,15.284862,14.956912,14.651567
46508,5.8249745,6.0451655,5.457447
46513,3.367931,3.2963238,3.6237197
46515,6.876917,7.9365473,6.9713335
46519,8.123632,6.6771107,6.167331
46529,3.8098812,3.507749,2.9927058
46553,9.7312155,11.715483,10.747754
46653,6.881459,6.2167997,6.0162077
46656,-62.679157,-64.13906,-63.568188
46659,2.7907758,2.246686,1.798089
46660,2.2281165,2.0040302,2.162665
46662,4.0272007,4.5043364,4.673062
46672,7.8025327,7.7019,7.6330366
46673,8.950295,8.085863,7.9403515
46676,4.952244,4.90188,4.647483
46689,11.557268,9.432792,9.275542
46697,-4.5522017,-3.7217155,-4.007834
46702,7.3139095,7.71364,7.9828835
46709,-13.649799,-12.511149,-12.770593
46730,-3.7691648,-2.5826418,-2.9223459
46748,2.5013833,2.2825403,1.085341
46768,20.051783,20.709957,20.33964
46798,14.661976,16.595535,15.855949
46804,12.587753,12.2821665,12.3280945
46810,1.3714457,1.5208836,1.1150904
46823,4.442348,4.1452303,4.108275
46847,10.116793,10.389713,9.919372
46853,11.953781,12.470539,11.939281
46854,13.691114,15.1812,14.231925
46883,9.195429,9.334027,9.386278
46889,10.894056,10.201241,10.391493
46917,-55.35919,-55.81265,-55.817104
46918,13.618336,17.6215,16.825602
46938,3.5001287,2.103787,1.7273135
46942,-10.141769,-8.058187,-8.225804
46944,-57.18064,-57.542637,-57.836708
46954,-28.698246,-28.002321,-28.36273
46964,-6.005325,-5.382684,-5.301137
46991,2.794745,2.897933,2.7551599
47002,10.484887,10.309458,10.017456
47039,-6.6896114,-6.2993693,-5.619493
47046,14.919726,14.270677,14.348631
47055,2.658368,3.574389,3.0368495
47060,-2.5935678,-3.8283257,-4.1648293
47063,11.640703,11.621456,11.557157
47064,-26.567442,-25.6835,-26.027227
47065,3.7319546,4.2351737,4.1287374
47069,13.999012,15.676485,15.679433
4707,16.417236,16.610722,16.387276
47070,12.472925,10.837052,10.71381
47077,24.166851,22.48596,22.25287
47089,11.604091,11.319265,11.319922
4709,12.738944,13.079014,12.752319
47093,16.871933,17.036861,17.005312
47096,11.927238,11.425428,11.618629
47098,8.885355,8.170628,8.36577
47102,-0.17036152,-0.26017237,-0.6141534
47106,1.4134598,0.92001677,1.2119169
47115,2.4285035,4.0574064,3.76978
47125,4.723698,7.514092,4.563736
47136,10.709152,10.230911,10.156332
47137,0.58970785,2.997908,3.431172
47141,-6.8742485,-6.280121,-6.3444157
47143,1.2279768,0.38019753,-0.43083
47148,27.647356,28.408564,27.49013
47158,14.479,16.973392,15.190807
47159,-5.161936,-6.2300477,-5.8538237
47160,12.479671,11.647735,12.349155
47170,16.390211,15.35976,15.4756775
47198,-5.397176,-4.774537,-4.565179
47201,-5.529413,-5.75786,-5.778551
47216,7.3497963,6.668155,6.5580316
47218,7.998673,10.704014,11.536259
47220,10.753019,11.240351,11.892714
47231,27.37633,27.610931,27.493923
47245,-43.134083,-43.468594,-43.53497
47246,2.887762,2.8595886,2.1507554
47255,-0.4081745,-0.6885061,-0.7617769
47259,4.7087226,5.4707184,6.245836
47272,6.8006897,6.595767,6.649937
47274,5.147022,5.0592594,5.0723457
47294,16.819023,16.001722,15.328434
47295,-19.580128,-21.403202,-21.481037
47296,17.031227,15.836117,16.038939
47297,9.529553,10.165485,9.444975
47301,7.8811045,7.5607424,7.5000515
47302,0.8813944,0.7405844,1.1396446
47304,-2.8179824,-2.6859643,-2.4079788
47319,0.38710928,0.84576035,0.09112644
4733,16.455856,16.627298,16.228615
47332,-1.659801,-0.5836935,-0.39056587
47344,-41.523335,-40.9196,-41.455986
47354,7.615157,7.619354,8.190777
47357,10.93162,10.4488735,10.610727
47358,3.1589298,2.3339972,2.39647
47359,-1.7231815,-0.96942496,-1.3723786
47366,-2.9970582,-3.1664364,-3.6887352
47369,0.87484217,0.21803713,0.16332674
47371,13.801514,13.706858,13.9317465
47374,-37.557228,-37.611984,-37.75964
47381,9.4998665,9.231,9.4022875
47387,4.425235,4.452919,4.077812
47394,13.375576,13.473291,13.291871
47398,15.555641,16.760624,17.318508
47405,7.3014164,7.4332576,7.339363
47408,9.006285,8.541254,8.220161
4741,6.4727764,5.0456724,4.374602
4742,-9.223459,-9.741067,-9.174271
47424,7.7095127,7.251811,7.1674175
47446,-3.7018209,-3.9030175,-3.8800755
47466,3.4467583,3.6173108,2.8124506
47481,11.038683,11.215722,11.415884
47493,-36.400772,-36.39765,-36.423874
47494,-46.94063,-46.240353,-45.901924
47496,14.669918,14.733028,15.084243
47498,-18.545303,-16.396545,-16.51013
47499,7.481771,7.1931643,6.565475
47506,17.051802,17.303204,18.356428
47507,18.466238,18.213173,18.610949
47510,10.441101,9.895298,10.888726
47511,12.223749,12.848597,13.625576
47515,14.4688635,13.354618,14.397652
47519,-25.14081,-25.305447,-25.363981
47525,-30.361423,-26.8669,-26.34529
47526,1.6912751,2.7943716,2.9380689
47533,9.067001,9.211872,9.867674
47546,-36.2862,-35.539745,-37.286446
47553,-56.00168,-56.776108,-55.99496
47558,-53.34253,-51.962242,-52.285934
47564,-52.3669,-52.2637,-51.99386
47568,-58.621197,-59.028893,-59.209927
47597,-9.491335,-9.031345,-10.047409
47615,8.7228775,8.519525,8.547495
47650,2.0616922,2.672752,3.1784215
47655,12.180548,12.281744,12.380285
47664,5.6946483,5.5968747,5.708031
47686,-32.271103,-32.73309,-32.95925
4780,-0.30784988,-0.36241674,-0.36259317
47805,6.149076,6.1662254,6.544255
4782,7.8951025,8.232335,8.076086
47821,10.662022,9.038576,9.504495
47823,4.2693467,2.1300125,3.296318
4783,-7.1154613,-6.8155036,-6.9110126
47831,7.2728896,7.7533836,7.8960457
47837,-60.669727,-58.368645,-59.146942
47839,8.742207,7.7566724,8.013753
47844,6.55879,6.3858914,6.245263
47847,10.700836,10.184303,10.3367405
47853,8.059372,7.8251443,7.9974413
47859,10.800734,10.942978,10.85526
47864,2.627162,3.8611655,4.0219946
47867,-49.036293,-47.996834,-47.85175
4787,-0.7550483,-0.856915,-0.9635701
47881,-43.568924,-43.6373,-42.621357
47882,-37.46306,-37.495922,-37.41056
47884,11.23661,11.251576,11.079794
47888,-61.261433,-61.60195,-61.200264
4789,-4.5251637,-4.2401333,-4.312685
47890,10.668688,12.401833,12.415312
47892,0.62059927,0.4677658,0.7566061
47893,-68.5817,-67.78006,-67.71404
47933,-8.546473,-8.9519615,-8.507065
4794,9.454323,10.416746,10.348547
47961,0.4801104,-1.3695416,-1.345851
47981,23.568424,24.864065,23.85445
47990,-14.3006935,-12.335888,-13.367914
47995,-8.8632,-6.3922405,-7.2662077
47996,-8.56568,-9.169392,-10.090281
47999,5.9251623,5.1045985,4.2669673
48006,-1.953301,-1.4392319,-2.1749983
48008,-48.912712,-48.511333,-49.14396
48033,1.9509373,0.9522104,0.45386267
48036,3.341659,3.6490989,3.6116133
48042,2.7176037,2.4490104,2.359538
48045,11.454235,11.148815,11.3609295
48047,9.23823,9.288628,9.307875
48049,9.556386,9.468367,9.613757
48063,14.537678,14.167872,13.945412
48065,11.751713,10.539438,10.452549
48066,-32.63032,-32.516922,-33.13194
48067,9.185503,8.758692,9.088921
48068,-51.278362,-50.880978,-51.167732
48069,5.2479644,4.655459,4.0901475
48072,12.164238,12.043948,11.652791
48077,-53.502617,-52.953087,-53.407425
48085,11.859596,12.76329,11.398266
48086,10.34026,10.760701,10.88327
48091,4.903354,6.925583,6.3315578
48103,2.5305562,2.3315454,2.1629963
48109,-42.859375,-41.214413,-42.73629
48111,-34.40462,-36.15857,-35.956646
48112,51.83193,51.69713,51.689453
48113,-29.079239,-27.843742,-27.730764
48114,5.6013093,5.9267917,5.7816668
48116,10.129253,10.041397,10.061502
48117,8.162493,8.149911,8.147091
48118,16.182055,16.171043,16.131233
4814,-0.8028662,-1.303621,-1.665374
48140,-4.5408998,-4.1866226,-4.186768
4816,-1.1279097,-1.5859828,-1.0219455
48173,-49.220737,-48.197727,-49.609825
48175,23.183643,23.441807,23.048748
48180,1.9632878,3.478046,3.6441464
48183,-0.79630184,-1.2214065,-0.28324986
4826,-3.0061855,-2.975113,-3.0165248
48264,14.553854,15.23748,15.391007
48291,7.203097,7.5262146,6.814438
48297,-13.153702,-16.192905,-15.045052
48302,6.151084,5.7611175,5.1654444
48304,-41.19612,-40.598553,-40.17058
48311,3.4589412,2.8114333,2.342783
48327,10.986753,10.169327,10.044398
48328,0.31179953,0.29527378,0.17721415
48329,5.905838,5.941615,5.868203
48332,6.6523,6.8237395,6.5650797
48334,-38.50217,-40.71395,-40.85539
48336,4.113951,3.5492482,4.0565543
48345,12.690197,12.157661,12.639083
48380,13.319392,13.148073,13.455099
48395,5.0930023,5.6626773,5.6292453
48406,15.003824,14.704004,15.249245
48407,2.1448355,2.4300675,2.0765066
48418,15.915554,15.597561,15.613668
48425,16.99653,16.818573,16.599125
48426,31.64428,32.879128,32.499996
48427,-6.4867587,-5.388492,-5.776902
48432,2.0087705,0.93234015,1.4916954
48448,5.6272464,4.8507643,6.0043316
4845,8.775177,8.331717,8.812741
48457,3.345491,4.2594066,4.2313547
48469,3.6785412,2.6521835,2.5688672
48481,9.941897,10.401358,10.037483
48488,25.10326,25.515442,25.050102
48494,-14.915892,-15.561331,-15.420103
48497,-0.57139254,-0.8591094,-0.72376394
48499,3.3485656,4.9134316,5.4445996
48502,17.2499,18.246208,17.46713
48518,0.5652771,0.59024,0.23795748
48522,-37.93078,-37.604427,-37.71598
48538,-3.2452054,-2.9545722,-2.6325393
48546,-47.66737,-48.41675,-48.324936
48555,9.417736,8.025185,7.466874
4857,13.369322,13.816137,13.374611
48570,3.5283806,3.2408888,3.5883245
48571,9.730089,9.805963,9.425673
48572,-0.35229874,-0.19833803,-0.39853668
48576,-2.4027839,-2.037221,-3.0695353
48582,17.690607,17.333332,16.941778
48592,-53.69379,-53.16191,-53.32681
48601,12.800343,12.926,13.146065
48607,14.99648,14.676073,14.284684
48616,-37.508194,-37.020317,-37.039417
48618,-52.32518,-50.72844,-50.68376
48632,3.3183904,1.3592453,1.6852546
48653,7.223942,6.9243174,6.987775
48680,4.3830457,5.4552884,5.7728286
48690,-53.96418,-53.850018,-52.89774
48693,23.877438,23.463299,23.142677
48712,6.039393,5.9978967,6.206114
48713,1.6720061,-0.4159088,-0.8439956
4873,-54.225082,-54.404457,-54.741997
48750,-38.925888,-39.896786,-39.777378
48765,3.501635,3.311048,3.6031814
48779,-1.2619896,-3.230885,-2.91466
48780,-41.07055,-44.406044,-44.19333
4880,13.103717,13.324669,13.165977
48808,5.156072,4.5244026,4.903
48812,2.7172484,2.0973616,2.1467142
48826,5.7378855,3.7595253,3.6913567
48827,-0.38934016,0.4154775,0.06008458
48859,1.2949088,-0.6078787,-1.6360464
48871,-32.193787,-32.88153,-32.30628
48878,23.12469,23.714743,24.537086
48884,16.533943,16.613811,16.090878
48898,0.50248766,0.5166578,0.09181118
48936,15.304969,13.667179,13.906528
48951,10.431772,10.577809,10.67091
48952,6.905398,6.021852,6.211867
48958,6.084681,6.0910726,6.186809
48976,10.864959,12.079128,12.157427
48980,11.651699,11.890972,11.546285
48993,8.102232,8.400389,8.115339
49029,10.572873,9.881142,9.822512
49030,9.543191,9.884599,9.6243515
49041,-44.90118,-43.66584,-43.564915
49045,4.699033,4.3406696,4.0743604
49049,-45.784893,-46.17379,-46.78857
49054,6.010215,5.9495687,6.066034
49073,20.185402,19.711502,21.038486
49105,8.243079,8.88123,8.543181
49107,-40.33947,-40.84508,-41.085186
49119,-3.9645827,-4.055644,-4.410596
49126,1.6170855,1.9090881,1.3720942
49130,-24.419617,-24.300003,-23.974127
49138,3.1370187,3.4367213,3.383987
49140,3.3401613,3.4959083,3.4356294
49142,0.87986135,0.95547295,0.84132004
49146,5.6780953,5.745357,5.5960097
49150,8.137867,8.173749,8.195918
49151,1.0873742,1.072484,1.0901551
49157,1.6572509,2.6397896,2.9411116
49160,-1.4856825,-1.3335385,-1.3521333
49183,2.6355777,2.3992414,2.0394564
49188,-33.744343,-34.296097,-34.039227
49191,-7.4455457,-6.8460627,-7.2615867
49193,17.864738,18.56663,18.744904
4920,-0.15693855,0.3488388,0.36216497
49226,3.6098258,3.3780928,3.4672365
4924,3.8462043,3.0317736,2.659029
49240,-39.776966,-40.01761,-41.649902
49245,-0.39094496,0.010320187,-0.0988822
49256,-0.029230595,-0.07630968,-0.40090704
49265,-26.613274,-27.03697,-26.904253
49266,-24.638412,-25.700872,-25.546558
49278,26.266582,23.291945,23.842255
49289,-5.3189416,-6.709358,-5.6459403
49293,4.3807535,3.4681473,3.688785
49299,12.935866,11.589221,11.505196
493,-4.419983,-4.247427,-4.3783646
49304,7.769517,7.835118,6.1738987
49305,-27.85437,-27.327358,-27.29718
49309,6.05482,5.240395,5.070124
49313,1.0464344,0.7815037,1.1581917
49338,-34.8102,-33.654064,-33.949627
49341,5.3894105,6.4518485,6.491718
49343,-43.46489,-44.107647,-44.167038
49344,-46.532696,-47.676163,-47.890987
49358,16.614197,14.484892,15.046144
49386,12.848642,12.754692,13.001828
49389,6.279731,6.7132545,6.4362683
49391,-0.5628309,1.1036973,0.92836523
49406,5.2870154,6.423812,6.258101
49414,-36.260063,-36.379982,-36.584297
49415,-43.324512,-42.584396,-43.494034
49416,2.27879,2.153562,2.1001601
49421,-43.019455,-42.550194,-43.1895
49437,-23.081089,-23.029032,-22.797684
49456,-196.25533,-193.32362,-193.43326
49484,9.514679,9.08354,9.055633
4950,1.7023034,2.695549,3.7834454
49504,30.22395,31.901295,31.75717
49507,23.760494,23.228487,23.96291
4951,-0.1857996,-3.453621,-2.9720578
49515,4.866103,4.7943215,4.902421
49517,-5.4516234,-5.8281984,-6.4020677
49523,12.08725,12.008976,11.777996
49526,-39.15134,-38.678246,-39.062935
49528,132.60054,131.08125,131.49078
49541,2.5915093,2.5068989,2.450674
49555,0.12850714,0.44592524,0.6292963
49567,7.555356,6.9878445,7.453429
4957,4.882214,5.626646,5.7054524
49571,-59.068027,-58.954803,-58.990948
49575,0.2003107,1.8738055,1.333704
49577,12.325895,13.197342,12.880592
49578,6.338405,6.4004116,6.172657
4958,15.778291,14.664157,15.212772
49582,9.398205,8.999916,8.775461
49583,24.738123,24.154654,23.707815
49600,3.322619,2.4431295,2.382369
49606,8.381332,9.156621,8.936509
49607,15.828024,15.18665,16.051954
49610,-3.039694,-3.367358,-3.3037174
49616,10.413718,11.489447,11.244995
49625,8.282316,8.076088,8.011779
49641,5.712907,4.8234544,4.5757494
49643,-5.058364,-4.4468265,-4.9412074
49645,9.541982,8.499638,7.8195586
4965,10.188183,10.084252,10.05106
49657,3.0048537,3.696722,3.1919274
49662,-47.333893,-47.698364,-46.896015
49664,-3.870839,-3.1829019,-3.4684796
49691,4.2481284,4.1483135,4.07494
49692,6.6792984,8.762655,8.295034
4972,17.301142,17.656548,17.825996
49727,-25.712248,-26.629744,-26.393082
49733,15.231945,14.874758,14.6640625
49737,-36.648712,-37.644558,-37.63168
49740,5.9661455,6.4509544,5.5707984
49741,3.9722404,5.5988145,4.8799386
49753,8.240992,8.107186,7.7097034
49764,-27.707836,-27.018164,-27.1885
49766,-64.69892,-61.89624,-62.43213
49768,12.215687,11.134943,11.404543
49776,-60.858524,-60.039368,-60.496006
49779,-8.516937,-6.5303097,-7.0758324
49790,22.27618,21.070091,20.745949
49794,11.08209,9.645076,9.767778
49797,12.774931,11.238644,11.000444
49800,19.592962,20.4539,19.676159
49815,11.629897,11.863661,11.848034
49829,1.9425931,2.0744333,1.90523
49830,7.2554297,7.8232226,7.5551524
49831,3.3507476,2.8117466,2.6465697
49832,-34.62846,-36.317448,-36.443413
49834,-72.356865,-73.62227,-72.856834
49835,0.20908117,0.23378658,0.9849858
49840,6.9168887,6.926585,6.5621934
49842,7.783149,7.3125033,7.2068715
49859,-12.436005,-12.543562,-12.721651
49878,7.7040014,5.9024467,5.8503504
49881,9.104025,8.930826,9.542471
49884,1.9257107,1.6622953,1.9580927
49885,10.497606,12.022896,12.106623
49890,12.324746,13.035594,13.044467
49893,1.0053291,1.0015006,1.4342651
49896,14.156784,13.915846,13.8606205
49903,-0.9591832,-1.2726297,-1.9431105
49919,-1.7243605,-0.64364386,-1.2924342
49923,5.0770245,5.1061397,5.4065704
49933,-53.732853,-52.924114,-52.44252
49935,8.577116,8.724952,8.798901
49940,-0.6913519,-0.10577726,-0.3851676
49941,7.0837364,6.1900334,5.9131103
4995,23.15332,24.419704,24.161491
49967,0.03832531,1.072546,0.6182928
49976,7.963838,8.948843,8.122812
49982,-6.351372,-6.052516,-6.3516393
49983,4.679304,4.3992243,4.5755925
49989,5.4312925,7.2576947,6.666927
49992,4.121283,3.5049257,2.995841
50001,0.9727373,2.6009579,2.7919517
50004,8.251909,8.198394,8.326656
50007,12.055369,12.247924,10.780802
50019,8.278774,8.259592,7.698999
50024,9.023642,10.395258,10.364943
50032,-60.307915,-60.106762,-60.17147
50033,-42.709747,-41.967297,-41.844555
50041,12.663142,12.765709,11.730209
50052,0.31562424,0.45658445,0.3035016
50055,9.28613,9.485842,9.596487
50056,-66.70394,-65.5746,-65.6833
50063,-49.885563,-48.736706,-48.86965
50066,-3.0858772,-3.177924,-4.0155153
50071,-23.788301,-22.913162,-23.279072
50082,3.3711352,3.4406457,3.393342
50084,0.36927938,-0.31237125,0.41365767
50085,12.197907,12.631199,12.141786
50145,3.0577512,2.7637544,2.527719
50146,11.060065,11.586614,11.393862
50150,-57.022156,-58.133766,-58.773712
50156,-71.85043,-74.239655,-73.94279
50167,-168.64352,-168.62672,-168.01048
50183,9.3551655,10.039441,9.917835
50195,13.937099,15.518455,14.737073
50196,10.99712,10.734631,10.774324
50197,9.591232,9.764239,8.892286
502,15.626393,13.964388,14.375951
50204,1.3831406,1.8285694,2.5553117
50205,-1.3699057,-1.2945392,-1.0491192
50218,-4.3088837,-4.468754,-4.6741095
50220,7.5915046,7.4675198,8.012978
50226,5.6579556,5.30203,5.396229
50235,6.394663,6.861251,6.5742116
50238,-7.0648904,-7.042922,-7.3709745
50243,5.257142,4.7627773,3.596902
50245,-3.4011621,-5.9999437,-6.5182695
50258,5.8056784,5.4853907,4.308311
50261,-0.2850032,-1.8704939,-0.3800497
50263,6.2933583,5.347188,4.9480734
50264,-1.1086147,-1.0593913,-1.0608957
50265,2.7625346,2.791669,2.8603182
50267,9.782368,8.7453575,8.501638
50268,6.543216,6.4188175,5.9921875
50270,8.863483,8.809055,6.8601246
50301,7.630495,7.136397,7.749121
50303,6.4317946,5.859168,5.718773
50306,-13.910926,-12.586332,-12.804663
50350,-26.066233,-25.897911,-26.085854
50352,4.4527025,3.9628344,4.042819
50361,5.194225,4.067262,4.2285337
50364,0.57990694,2.746584,2.8643255
50376,3.0887675,2.573563,3.468974
50379,4.41728,2.416387,3.2900095
50382,-0.29104137,-0.01583004,-0.43613482
50393,9.4093075,10.649421,10.05781
50394,5.97436,6.286909,6.1745996
50403,6.0771976,5.4081306,5.376397
50409,8.52663,8.749609,8.76236
50427,-4.279029,-5.1884737,-4.724742
50449,9.482328,9.567507,9.746094
50453,2.1178308,2.2047205,2.252182
50469,13.059195,11.868298,12.227748
50475,9.393778,9.432867,9.488068
50476,-0.9415965,-1.6231122,-1.4144635
50480,11.956791,12.045893,11.772356
50494,6.888875,6.5469995,6.4983473
50518,17.946514,16.356976,16.75462
50523,17.54848,16.136257,16.347975
50531,6.550056,5.7981243,5.9116564
50533,3.513142,1.8235035,2.4661894
50536,-3.0448332,-2.743815,-2.8131886
50543,7.768745,8.384416,7.895208
50545,12.351959,11.40263,11.068727
50546,10.014626,9.482273,9.558022
50547,16.882069,15.059296,15.106447
50552,9.762522,10.401046,10.522961
50560,4.5289464,4.6398063,5.2640924
50562,-1.3453658,-1.3031356,-1.4419811
50565,10.577353,9.497978,9.263792
50570,10.214702,9.148216,9.782229
50577,5.2822046,6.2818084,6.7801037
50595,6.447339,6.075393,5.9292207
50603,-9.448713,-7.968608,-10.773952
50606,8.47723,8.787596,8.84061
50644,6.3254085,5.1940517,5.398192
50645,-0.6160464,-0.5513191,-0.79263115
50649,7.0718975,7.1917458,6.974403
50659,-0.027493,-0.8066325,-0.6698804
50660,8.478231,8.628023,8.654311
50667,3.1479812,3.387886,3.3943076
50669,22.337547,22.762512,21.702353
50672,2.2290363,2.5933418,2.7052302
50703,3.040495,2.37083,2.4806342
50736,-25.854357,-24.195099,-22.763134
50738,-53.08804,-52.337524,-51.66295
50739,-68.19594,-67.84156,-66.69126
50740,12.73953,14.183955,14.786131
50741,16.493448,16.464622,16.338364
50743,5.9085817,3.8737493,4.915985
50744,7.8285317,8.789711,8.582467
50747,-46.636124,-45.18888,-44.920925
50748,4.2112427,4.607395,4.9115553
50750,-43.77443,-44.142212,-44.48069
50752,17.14302,19.161413,19.400648
50753,8.339517,6.856458,7.315793
50754,-44.614784,-44.304157,-44.356285
50767,5.0568647,4.2447767,4.629093
50768,10.930307,11.1694975,11.169634
50802,-32.311882,-31.65757,-31.876108
50805,3.0815907,2.099543,2.0466452
50815,-41.714573,-42.786957,-42.09508
50857,-41.966076,-43.507835,-43.425224
50867,-2.292989,-2.3719475,-2.457517
50871,3.5239978,4.2257137,4.3893337
50880,-2.708464,-2.7627273,-3.2990546
50887,7.742203,8.785014,8.807493
50890,-7.67371,-8.867092,-8.737678
50891,10.701263,10.1670685,10.631411
50896,6.163367,6.412811,6.6973033
50904,7.57693,7.76837,7.191034
50905,-51.496265,-48.390812,-48.423325
50915,11.111509,11.185528,10.536743
50926,-46.952297,-47.947685,-47.31613
50933,10.993667,10.198555,10.3047905
50940,-3.3201146,-3.4653172,-3.7348833
50952,6.7801476,7.3775225,6.9497046
50972,7.9879174,7.599202,7.281439
50976,12.475222,12.256941,12.402651
50979,8.014697,5.7610946,5.4302244
50983,2.913403,5.36422,4.863479
50984,-57.33729,-57.2857,-57.011215
50993,1.489955,2.5328965,2.455256
51019,-46.192192,-46.665962,-46.143894
51041,6.3562827,6.439032,6.6669054
51043,-0.30337334,0.08985233,-0.3415041
51052,2.7186718,2.8167343,2.6510258
51062,11.734152,11.9167,11.472046
51088,21.29089,21.091164,21.747627
51093,13.32719,12.516986,11.942478
51095,13.698309,13.8494835,13.724294
51107,-2.8592668,-1.4904103,-1.2834859
51140,21.569284,20.693192,20.818726
51141,4.9301667,4.6629257,4.4043574
51152,6.1806636,6.691393,6.380236
51164,-24.001457,-23.77046,-23.359287
51168,9.90614,10.778097,10.801592
51171,12.839767,12.771811,14.142952
51176,-0.37272215,0.35540247,0.10024881
51182,6.4594245,6.3257313,6.8108134
51183,-41.540764,-43.93363,-42.696407
51185,5.0629067,6.7635074,6.973824
51186,-1.2817936,-0.96150637,-1.780971
51188,-52.21158,-53.61625,-52.520947
51191,21.51909,19.341433,20.273325
51208,3.6191912,2.9363837,3.7291641
51209,2.255496,1.9158039,2.4915318
51211,0.3068204,0.25571823,0.5803633
51214,6.2257,5.3183804,5.1598353
51224,27.948664,28.095736,28.137384
51226,-32.83867,-33.477943,-33.063587
51236,-0.4320736,0.19793367,0.07777071
51240,-3.400858,-3.0400834,-3.5547957
51255,-48.986675,-48.519543,-49.177322
51262,11.866779,10.281017,10.45711
51269,12.115225,11.912491,12.406286
51272,1.2855186,1.1524186,1.0928116
51277,10.468938,10.202324,9.594973
51282,7.026819,5.830289,6.05402
51283,7.8194385,7.8910155,7.7399845
51290,12.383196,12.814148,13.057665
51298,4.957531,3.7469935,4.0532155
51326,17.55425,16.39521,17.245987
51327,5.711013,6.6816673,6.7742324
51350,-2.6028872,-3.2306833,-2.222857
51378,0.03823328,-0.121850014,-0.7569866
51379,2.1688747,1.4056039,1.3230991
51381,1.4155536,2.0691438,2.4302416
51386,8.388886,8.628473,8.460209
51388,6.428271,6.8338532,6.0429206
51389,8.093233,8.5318165,8.58862
51390,8.811918,8.478804,8.708832
51394,-50.25192,-50.048645,-50.19413
51415,-1.5051484,-1.2632818,-0.6595316
51417,9.910324,9.135387,9.568805
51420,8.361547,7.15118,6.9700994
51423,1.9294014,1.5621176,1.8042507
51429,0.3066311,-0.17628574,-0.07628679
51452,15.329732,15.948754,15.55928
51460,-0.17324352,-1.0941215,-0.9842286
51466,12.038769,12.004255,12.271812
51499,9.649751,9.310379,9.8642845
51500,9.676956,9.689472,9.948367
51538,-54.12102,-55.238304,-55.020847
51542,28.538628,30.901072,30.393414
51565,6.3639975,6.081728,6.127328
51574,-0.11317539,0.35307217,-0.020329475
51593,-35.47944,-35.482964,-35.515068
51596,14.434065,14.07459,13.896906
51597,-0.38932133,-0.46896553,-0.12385321
51600,11.236532,11.323565,11.061798
51615,4.1085944,2.9677615,3.1844587
51616,5.995378,6.8356256,6.9315877
51617,8.770351,9.412312,9.252302
51625,2.6729975,2.9663014,2.7019525
51626,-177.97023,-177.0397,-177.04993
51628,19.098488,20.277264,20.477123
51629,10.371545,11.763178,11.471485
51632,19.908136,18.923992,19.178139
51633,13.34693,12.923138,13.262961
51641,9.854559,9.659888,9.01787
51671,-25.752316,-25.659771,-25.613201
51676,2.1335278,2.132537,1.9827876
51682,13.187874,13.491734,13.577644
51685,13.282309,12.719477,12.890252
51698,11.113504,10.925447,10.280725
517,11.212766,10.6178465,10.757084
51701,4.6534166,5.41204,5.2410755
51708,-28.441694,-28.080276,-28.288366
51717,-50.788223,-49.589645,-49.907112
51726,7.281147,7.219297,7.3014307
51727,3.1426163,3.3019023,3.3606167
51742,7.125183,7.2177677,7.118863
51770,-53.5521,-54.095497,-53.92819
51783,4.2343426,4.450194,5.203207
51784,3.499559,4.556889,4.905079
51786,2.0169225,0.88117886,0.718956
51787,20.435404,19.13583,19.218372
51792,12.79064,13.726376,13.948022
51795,-2.3364086,-1.5124168,-1.717207
51801,4.430695,5.026271,4.442099
51807,12.709288,11.751312,11.247982
51814,16.739517,17.049683,17.011879
51815,10.959678,11.15678,10.603941
51822,-0.41648006,0.7337022,0.6702676
51846,14.25947,14.312084,14.678904
51852,25.95996,26.363607,27.018501
51867,12.525909,12.784196,12.486668
51869,13.0463705,12.946642,12.466225
51870,6.5691957,6.333992,6.180607
51872,-0.5057063,0.012594223,0.34392738
51874,2.922954,3.7874842,3.8662357
51875,4.0376806,4.687784,4.5524898
51876,6.0469666,6.2626,6.569914
51884,11.028862,10.422636,9.940243
51892,19.27831,18.586748,18.573397
51902,7.775656,8.382755,8.354773
51914,6.728863,7.799833,7.713303
51921,23.768902,22.635057,22.19012
51934,-1.1069374,-1.2385306,-0.97030544
51940,5.6603494,5.49541,5.6928134
51951,11.27441,10.19896,10.925669
51952,-52.03877,-52.160896,-52.128693
51956,8.005468,7.238224,7.0888476
51973,2.3848515,0.9845896,1.6523485
51974,3.2181826,3.1293516,3.0487285
52013,10.16559,10.319086,10.360922
52024,4.6627755,4.6508718,4.3901196
52044,16.157648,18.11553,17.685507
52053,6.6611834,6.9176846,6.9533005
52057,-0.08455038,4.5266037,1.3560486
5206,14.0845,14.581275,14.471642
52061,11.785024,11.8838215,10.559725
52063,3.5623584,3.711266,2.2024574
52071,-2.6592314,-3.0875742,-3.034283
52074,-3.023575,-3.5229714,-3.398009
52075,15.6427555,16.499926,16.712097
5212,15.648565,15.584051,15.277712
52124,21.198788,19.721945,19.168129
52125,-50.54068,-48.809624,-48.002514
52128,-61.640354,-61.916,-60.92029
52140,3.7753377,3.4424114,4.682022
52144,13.270874,12.383613,12.567236
52145,15.585829,16.918165,16.228401
5215,5.1729326,4.6959405,4.551123
52156,9.925271,9.759737,9.95998
5216,17.173178,17.57698,17.114403
52165,1.0140872,0.78327084,1.8240628
52166,15.701818,15.415624,16.135384
52167,11.748375,11.310055,11.581186
52170,9.556505,9.02096,9.162662
52177,16.286436,15.548193,16.162632
52181,10.242947,10.596547,10.692033
52186,26.097223,25.838924,26.08257
52187,26.192173,27.928976,27.720392
52194,-0.4506383,-0.13574219,0.17422199
52195,-41.923206,-42.683586,-42.82047
522,21.241072,21.644205,21.302698
52204,-33.097824,-32.953243,-32.956604
52206,-2.0213656,-2.5263805,-2.6448503
52208,3.5427532,5.4743323,5.2103457
5221,15.032859,15.116499,15.281565
52212,2.6525023,1.9011316,1.6169353
52218,8.533531,8.353138,8.442026
52228,4.5437965,5.8623004,5.514548
52244,20.818367,21.1556,21.646378
52248,12.891449,12.844617,13.036684
52250,8.52992,8.534341,9.157375
52253,12.74597,13.133624,13.255615
52257,0.37318945,1.0716829,1.5525069
5226,12.333694,14.40671,13.849443
52263,-2.3318443,-1.6021357,-2.0390158
52270,5.916519,5.795008,5.31504
52275,6.712357,7.038255,7.2363687
52276,5.8435564,5.2237225,5.4577274
52281,-38.49614,-40.15076,-41.297028
52289,6.620028,6.474523,6.096038
52292,14.799463,14.715608,14.399146
52294,22.717424,21.493763,22.2244
52299,-43.891586,-45.03322,-44.403255
52300,11.28553,11.0281105,11.378904
52301,-51.26972,-50.336536,-49.546783
52302,0.16313553,0.027653217,0.2473917
52305,-2.2968807,-2.6780624,-2.909513
52306,15.767975,15.53047,15.462968
52307,15.544659,12.8461075,12.9806385
52310,14.794863,15.00568,15.089052
52314,19.888035,19.169615,19.417358
52318,-36.27018,-36.3758,-36.3781
52325,-43.470394,-43.377773,-43.401325
52328,-46.797405,-46.564686,-47.3079
52339,-1.7214756,-1.9337134,-1.6184692
52341,-52.148148,-52.687466,-52.942062
52342,0.2721653,0.86324215,0.89179945
52347,-0.078474045,-0.060279846,0.07054758
52360,8.932349,9.34602,9.343095
52365,-48.135483,-48.209896,-47.981262
5238,13.304675,14.084073,13.858873
52389,17.601034,17.358557,18.021776
52392,6.614916,7.976513,8.310175
52394,4.4648857,4.385269,4.1975894
52396,5.1068482,4.9739695,4.872424
52406,11.472424,11.347069,11.6828165
52409,2.065547,2.0973954,0.834435
52418,-9.510166,-8.903414,-8.771486
52460,2.44212,0.41134214,0.59240866
52465,-35.374687,-35.806824,-36.279972
52473,1.5393853,2.55341,0.68001604
52474,-8.3959465,-7.926646,-7.640724
52476,2.4019303,2.947927,1.3033977
52477,-6.917513,-6.738366,-6.536011
52478,10.630989,9.914723,10.386327
52482,3.5038776,2.3823156,2.574319
52483,-2.8186536,-3.0641532,-2.7586675
52496,5.0901337,5.213301,5.159632
52498,7.437528,3.8461833,3.940391
52504,1.6131854,2.3737097,1.7013135
52506,22.764498,22.733154,22.507551
52522,9.790114,10.75371,10.394851
52527,19.541931,18.187351,18.021297
52528,13.886581,14.683076,14.890934
52529,12.01,12.07061,12.107122
52546,14.571106,14.289282,14.309239
52548,11.506292,11.358744,11.387594
52551,10.218355,10.17981,10.182949
52552,13.410075,12.745024,13.070759
52556,13.830395,13.531106,13.584282
52557,11.031679,10.982687,10.998749
52560,17.89627,15.409897,16.430523
52563,-3.8691678,-5.683806,-5.2162867
52569,-34.704094,-35.029743,-34.83182
52574,6.3363523,6.6121893,6.738338
52577,4.4779077,3.9955435,4.2720704
52578,2.8518777,2.5333467,2.2551608
52591,6.189337,5.955348,6.216097
52592,10.825596,12.567032,13.199169
5260,18.535488,17.929039,18.713737
5261,-50.646904,-50.99614,-51.39628
52610,13.865999,13.24296,11.98753
52623,-38.474564,-38.375862,-38.63791
52640,3.4295006,3.9340138,3.713757
52641,0.75654316,1.0569124,0.8735876
52646,0.01862812,0.027990341,-0.65470123
52647,17.835161,17.72368,17.063904
5265,-53.421413,-52.09071,-52.388145
52655,-29.867043,-30.541704,-30.606205
52662,9.971671,10.172305,10.250924
52668,5.5390534,5.709613,6.1844544
52677,-28.87897,-29.20227,-29.380733
52678,-33.617752,-33.423855,-33.62013
52680,4.376381,3.6523929,3.4887977
52683,8.224382,7.5832105,7.620889
52684,10.580254,10.066369,9.495543
52686,-4.3494673,-4.1124763,-4.5057173
52693,0.3695302,-0.35801458,-0.0011138916
52705,16.14401,15.0491295,15.622852
52709,-1.6759701,-1.7057157,-1.169023
52716,5.4262066,5.2565656,5.366001
52720,6.6742535,7.5960307,6.6501
52721,9.38146,9.449633,9.40105
5274,-50.558945,-50.171143,-49.749992
52744,2.6874838,2.0659246,2.4354897
52755,5.5394015,4.7023253,4.8920765
52756,12.528963,13.211037,12.825584
52759,3.7993703,5.483204,5.13909
52766,-4.8842964,-4.18811,-4.6658363
52767,-36.741043,-35.7588,-35.836956
5277,14.662496,16.033699,15.42667
52773,-40.16895,-39.06988,-38.773174
52774,1.7825055,1.5178738,1.6216669
52781,-2.2301407,-1.800622,-2.3285103
52784,-1.8661354,-1.7333968,-1.2250092
52800,-70.82632,-69.88731,-70.1775
52817,11.176943,10.622552,10.728031
52819,13.278468,12.844311,11.854982
52821,11.961876,11.284691,11.298356
52822,-2.67595,-2.4624147,-2.3504863
52824,1.7371058,2.4833708,3.1718626
52825,2.6129508,3.000677,3.5689096
52843,9.565926,9.511986,9.587713
52846,11.777983,13.045044,13.03257
52847,0.54665565,-0.051756382,0.09045076
52848,-0.6879182,0.010941029,-0.040918827
5285,-46.93739,-46.561855,-46.8379
5286,8.482422,8.245364,8.848524
5287,6.8176684,6.7856426,6.896096
52886,-34.630955,-35.373573,-34.54664
52892,-0.25727892,0.05787468,0.29713392
52910,26.50135,26.661537,26.729132
52913,14.062622,14.540808,14.70768
52921,0.84908485,1.1105738,0.8999438
52923,5.390934,5.1764026,5.3281636
5293,17.688795,18.888428,18.513176
52938,1.102418,0.67757225,1.0336108
52939,6.639258,6.933569,6.837336
52944,9.989326,9.038319,9.270851
5295,10.852897,10.104837,11.251274
52965,16.74714,17.741892,17.790804
52967,-5.703495,-5.563928,-6.143642
52988,0.9069514,1.6175284,1.5933795
52992,5.6112895,4.379103,3.7924218
52994,7.9130597,8.984833,8.663636
52995,12.273088,12.7403755,12.2835865
52997,3.7555308,3.6948996,4.065853
53008,0.14084768,0.6966758,0.76364803
5302,11.121078,11.19643,11.366434
53020,6.7095265,6.333452,6.3079457
5303,10.686293,9.451344,9.651529
53038,14.744836,15.256559,15.330301
53051,7.0325956,8.382277,8.455658
53060,19.920902,21.981112,21.646847
53061,15.156086,14.435047,14.794014
53067,6.9468465,6.5912476,6.78577
53071,4.462308,4.4128046,4.7008743
53085,21.563967,21.893742,21.864414
53089,5.630431,4.591998,4.6185336
53090,1.4815397,1.3371849,1.8673949
53095,2.021051,2.5380816,2.1209674
53096,4.5965843,3.3401031,3.1726818
53098,10.760234,11.998436,12.454163
53101,-42.29715,-41.95745,-42.115597
53108,197.13094,197.5312,198.26962
53116,-44.00957,-43.408707,-43.630512
53120,2.1006274,2.419888,2.5983114
5313,15.025009,14.461355,14.866241
53137,-53.168545,-54.692017,-55.28145
53138,-3.3034246,-2.7720177,-3.0248358
5314,7.2131457,7.2996736,7.382011
53140,0.2965622,-0.81063414,-0.66058064
53141,2.0239897,2.363922,2.3477874
53143,-46.23656,-46.787113,-46.545437
53147,-0.12531567,0.31553602,-0.00858593
53151,1.3474789,1.8031883,1.9179015
53158,10.332388,11.76386,12.134804
53160,-5.9758134,-6.132199,-5.860787
53162,-4.572272,-5.7665377,-5.8230286
53167,2.1951256,2.615847,2.9731493
53168,-0.67337394,-0.79302025,-0.96069384
53169,-39.54968,-38.645576,-38.504196
53174,-38.84212,-39.122692,-38.994183
53175,-3.761763,-1.2290168,-0.44110727
53181,1.635745,1.6509204,1.6815658
53183,3.5203032,3.4513526,2.8435316
53184,0.9043703,1.7424035,1.8045073
53187,-0.89904547,-0.9660611,-1.2519145
53195,-48.82225,-49.40406,-48.939934
53214,6.2313194,6.265766,6.311822
53216,15.065966,15.263851,14.784412
53217,-7.2113667,-6.4333363,-6.688063
53218,-3.1444228,-2.3314273,-2.6462677
53219,-0.026381016,0.40181684,0.48669338
53220,-1.3142166,-0.59811974,-0.9609804
53227,-0.8279369,-1.408376,-1.2806566
53228,-2.347269,-2.4320183,-2.6096516
53232,-54.17716,-54.5645,-54.85838
53234,-4.4189568,-4.4826775,-4.195221
53245,-3.3921738,-3.554471,-3.602779
53248,-41.429928,-41.53403,-41.749454
53250,15.09869,14.471698,14.451336
53252,15.696439,14.2340355,14.443327
53254,17.472696,16.57763,16.608894
53259,11.963585,11.211184,11.076564
53266,11.761723,11.05061,11.169914
53277,5.3843265,4.604261,4.045229
53288,-53.59171,-54.691925,-53.45301
5329,-2.3935912,-1.4439313,-2.1680362
53291,16.181644,14.746099,15.196904
5330,2.367774,2.6907659,2.7750974
53303,2.584124,2.5665975,2.2813935
53304,4.4824176,4.5825014,4.302662
53307,13.51583,14.453499,14.555991
53312,4.3051863,4.3491263,4.250366
53339,10.658271,8.647777,9.431433
53344,7.916848,7.683805,7.910853
5335,22.653143,22.436115,21.586025
53364,3.1449637,2.7819796,2.8254242
53371,4.44903,4.749184,4.5872984
53377,12.272374,12.716486,12.533772
53403,7.8071065,7.4591994,7.577215
53407,11.048117,12.315838,12.236822
53476,3.683301,2.1182384,2.3083735
53481,15.468863,15.964424,16.26866
53485,6.6237264,8.359356,8.301557
53487,2.628923,2.8638487,2.928978
53496,-0.18829751,1.817388,2.2582166
53497,11.670015,10.989473,12.076849
53498,15.7824,16.007147,16.457022
53499,19.178022,19.412006,19.75048
53514,-1.9379554,-1.877564,-1.7883353
53517,9.568687,9.805157,9.512053
53518,-29.612896,-29.872826,-29.718792
53524,14.606123,14.299273,14.303196
53526,10.882101,11.097244,11.187576
53548,29.235287,28.170088,28.012436
5355,18.67226,18.818674,19.363253
53554,-37.711803,-37.935837,-37.886024
53564,-0.76347685,-0.78015995,-0.4423704
53578,-1.3017397,-0.49273586,-1.4120297
53581,2.65834,2.2405686,2.6022744
53582,4.5846186,3.2042532,3.5080953
53616,2.3279986,2.5256472,2.853922
53619,1.085846,0.9272194,0.9100752
53620,9.548645,8.908501,8.824041
53623,-3.919122,-3.9246132,-4.1147466
53626,-2.5516355,-2.847308,-2.3242552
53629,4.676148,5.4485435,4.463903
53630,1.9577651,3.2538285,2.9207654
53641,3.260046,2.7377934,2.0574493
53647,-51.04513,-52.706173,-52.831963
53651,-5.075568,-4.4599094,-4.5622225
53652,-0.26680803,-0.34867764,-0.40209866
53662,-1.3233848,-1.548573,-1.3753824
53668,1.1977959,1.0735464,1.2445045
53672,-46.027317,-46.16255,-46.385075
53673,13.473043,12.004528,12.344104
53687,-3.0117614,-2.8961732,-3.145778
53689,5.4141927,4.5598526,4.347464
53690,-0.8706112,-0.3595872,-0.008259296
53693,6.9752197,7.905331,7.694362
53698,-2.1563067,-1.4112387,-1.7420282
5370,1.702729,1.0163069,1.2328978
53703,-0.07781839,0.2745428,-0.2599206
53713,-7.0139303,-7.3320045,-7.420384
53716,2.9190083,3.0002766,2.8797836
53719,12.320126,12.022511,11.971659
53725,11.400447,9.701001,9.749901
53726,9.808498,7.434377,7.9459896
53775,6.8587165,8.056044,8.36783
53779,-2.104961,-1.6619534,-1.3222222
53788,11.780243,10.998658,11.150225
53790,1.8606324,2.2718167,1.3548279
53792,4.33621,4.2127194,3.566771
53797,13.894221,15.600373,15.651867
53802,9.544271,11.026764,10.590551
53815,6.4648414,6.8941727,6.4737997
53820,3.6212125,4.5034623,4.276094
53827,18.821396,18.518871,18.748919
53831,10.743613,10.126932,10.718755
53834,-3.9594798,-3.7191563,-3.5254369
53836,16.542358,16.684162,17.3722
53839,6.0865793,4.6161976,5.097197
53841,3.5045562,3.6927767,3.425867
5385,22.906775,23.379625,23.578386
53854,-38.3689,-37.576035,-37.97416
53856,3.9675276,3.18849,2.7978497
53863,1.8778706,2.091724,2.227293
53873,11.748327,11.416386,11.18178
53882,7.8079247,8.582737,8.230675
53899,4.0974646,3.1268964,2.9183636
53900,-43.647194,-43.600822,-43.26608
53901,14.979619,14.292734,14.389718
53902,17.399523,16.503258,16.228765
53914,11.784386,11.18575,10.995092
53915,13.288911,15.065172,14.49407
53916,19.493046,19.163496,18.990774
53931,0.04830861,-0.35570264,-1.5266755
53932,-39.54439,-39.121487,-38.756504
53934,-47.00193,-47.320946,-47.699505
53937,11.14516,11.582495,11.878598
53938,4.84528,5.7252502,5.8692627
53939,10.445359,10.302457,10.495033
53940,11.098987,11.6436615,11.372846
53946,9.69425,9.748442,9.727102
53955,4.866444,4.853871,5.100986
5396,28.985662,27.93685,28.011578
53963,6.3813396,7.153718,6.9484153
53967,3.8124933,3.885099,4.145777
53970,5.7609324,6.0766053,6.320962
53972,-1.2367964,0.636827,0.685097
53973,2.8195815,3.9125013,4.1738477
5398,-1.9688909,-2.0459955,-2.0845659
53995,2.0357914,1.6790428,1.2758698
54000,3.0000901,2.899201,2.9957738
54001,2.6783829,2.737042,2.7855263
54005,-1.171186,-1.110816,-1.4081783
54018,2.327486,2.923985,2.332312
54035,11.8638525,11.778605,11.804796
54039,3.89851,3.6178088,3.9687896
5407,-18.763752,-19.997637,-20.205975
54080,8.720606,8.575977,8.355595
54082,-3.950951,-3.6927538,-4.291109
54101,-48.181984,-49.35242,-49.720245
54102,2.5277646,2.5328138,1.6125636
54103,7.668374,9.594728,8.51145
54139,5.22662,5.202544,4.839422
54144,-8.1221075,-8.569693,-8.057322
5415,-50.682625,-52.24342,-52.20469
54151,10.662287,10.349806,10.076139
54171,11.093924,11.083639,10.899929
54173,10.020218,10.144026,9.943905
54196,7.5641627,7.3165755,7.7277703
54208,6.0924106,5.6626806,5.8768215
54221,1.9375129,2.053658,2.1892896
54222,0.35336018,0.88887215,0.52384996
54229,-47.522053,-48.663597,-49.014587
54245,12.595045,14.801816,14.689838
54260,-18.642551,-17.542656,-17.308277
5427,16.71029,17.148298,17.114206
54273,6.199605,5.519554,5.53592
54276,6.4221153,5.7884555,6.3826194
54279,-3.9045615,-4.8782754,-4.4123173
54280,-32.540943,-32.5075,-32.527245
54282,-6.3047476,-7.3526106,-7.2769794
54285,12.046394,11.292946,11.985535
54287,7.19146,7.8402653,8.536965
54292,-31.987473,-33.425873,-33.72331
54296,22.750374,23.29081,22.433355
54297,-0.77756166,-1.8308921,-1.7845988
543,-1.5944786,-1.9158344,-1.7831583
5430,22.610914,21.825703,22.161633
54319,7.462378,5.0528736,5.4693365
5432,11.472767,10.890108,10.579159
54324,10.887103,10.579588,10.929893
54325,12.241863,11.079179,11.610144
54329,3.9854736,7.1948566,7.1497474
54330,7.714483,6.8986864,7.158662
54345,14.250175,14.273173,14.216018
54353,3.060194,2.4238672,2.3713303
54373,-3.7796917,-3.6819105,-3.352448
54377,6.2392893,5.9381003,5.924157
54379,10.807171,10.363604,11.01932
54397,13.6093445,13.956625,13.910128
54404,2.110979,1.7207661,1.8461232
54405,12.922609,11.107574,10.811158
54408,10.771445,9.939732,10.022505
54413,13.071255,12.527245,11.779818
54419,5.706103,6.4223967,6.269536
54420,23.595894,22.737797,22.541265
54438,20.184322,19.75807,19.942965
5444,6.408662,6.1317506,5.8043475
54449,0.07567549,0.8668122,0.20347357
5445,6.2981834,5.9186397,5.8877735
54465,30.401096,28.947567,29.34776
54466,-0.4762001,-0.4923234,-1.0148883
54470,14.035303,14.926136,15.116584
54473,-2.119189,-2.1415527,-2.9214203
5449,7.9808483,7.4468055,7.6040144
54498,3.562213,2.9924164,3.1745958
54502,10.419735,10.742073,10.372408
54509,-0.48747158,1.0334964,0.98896265
54511,29.546934,25.867977,24.374048
54522,5.191124,3.5422869,3.5430822
54525,4.5953155,4.773357,4.4989586
54532,13.795174,12.464679,12.816904
54533,-0.46677685,-0.6550908,-0.18561172
5454,5.280193,5.3001184,5.404978
54551,13.957352,13.512876,13.967183
54552,15.649269,15.007624,16.143969
54558,4.8208976,4.8315825,4.816198
54565,-0.30473852,1.1847835,0.33897924
54566,5.200983,5.282204,5.4835405
54574,21.308138,20.405869,19.593918
54575,-0.51926684,-0.43831134,-1.4997809
54579,-36.264885,-36.336853,-36.327682
54587,9.837834,9.019621,9.117571
54588,-7.6822853,-6.715656,-7.497264
54589,-4.6940517,-3.1132922,-3.6689487
54598,12.783693,11.166697,11.415355
54605,4.24832,4.4695215,4.3392262
54607,12.728659,12.54422,12.636168
54614,9.163467,8.4067745,8.448961
54619,10.225671,9.85989,9.781538
54646,-0.9139364,-1.3123996,-1.526036
54656,10.596708,10.182192,10.621784
54659,13.908041,13.362652,13.35585
54673,-1.8286831,-1.8369296,-1.5733602
54680,-4.548548,-4.7065187,-4.654622
54688,16.719923,14.841941,14.765249
54690,-3.383915,-2.6381621,-2.998558
54691,2.226738,1.5082717,1.1204548
54692,6.7699127,6.243975,7.0395436
54697,7.8173904,8.105553,8.461527
54707,7.7197495,7.0726233,6.115913
54709,-4.5738745,-4.6703873,-3.9479206
54710,-1.8590502,-3.5720015,-3.8571362
54731,-42.15859,-42.989964,-42.07671
54747,10.249785,10.651274,10.25452
54749,11.772844,10.986295,10.7153635
54753,1.4089766,0.38203192,0.8657417
54754,5.209957,4.368088,4.550593
54757,10.575524,10.467237,10.577296
54758,4.7162266,4.5056005,4.540578
54775,21.76558,21.680817,22.219275
54776,6.638576,5.6368937,6.2413645
54777,4.947256,4.9261312,5.4152093
5479,7.444596,7.9603696,7.716476
54790,5.0400777,4.0069733,4.236985
54793,-52.18979,-52.99477,-52.348396
54798,13.41411,13.812613,13.911133
5480,-2.1445315,-1.8800085,-2.003082
54802,12.594603,13.2234535,12.862524
5481,-0.30020952,-0.28577042,-0.27456808
54817,14.105362,13.477132,12.619964
54831,2.493246,3.7681332,2.9114308
54854,1.6678591,2.8029804,2.7386818
5486,-8.482834,-8.630505,-8.124008
54861,15.813442,14.22869,13.234362
54867,-2.086998,-3.9390264,-4.2603683
54870,1.9593141,-0.98012686,-1.2663507
54882,3.300734,2.8885636,2.9234457
54886,2.6553802,3.727858,4.2023706
54887,5.819026,6.655998,5.5223136
54889,6.9530106,6.5849485,6.066916
54895,7.330624,7.3392053,7.807479
54896,8.478072,8.620685,8.551491
54899,0.6820431,0.26185083,0.23655844
549,19.492249,19.50692,19.90726
54901,10.753904,10.530666,10.519016
54908,7.12143,7.492662,7.169222
54922,14.188178,13.55699,13.599542
54932,9.532003,9.315929,8.415512
54961,3.9642806,3.2614932,3.4472442
54962,1.787396,1.3983855,1.2911277
54964,3.5802827,3.773942,3.6122513
54977,8.98226,9.600855,9.257934
54986,13.391676,12.917414,13.400357
54991,12.73839,13.017487,13.059275
54992,15.265929,14.9466505,15.349371
54998,5.128667,2.1533628,2.1303716
54999,3.537301,3.1059012,2.5453734
55,-0.99893856,-0.38687992,-0.44935322
55012,4.6226945,5.3063703,4.8625946
55016,1.0626173,0.685956,-0.06474829
55017,7.7231016,7.223512,7.56763
55021,10.968534,10.780092,10.50614
55041,13.677954,13.088005,13.510403
55052,4.8080926,5.176022,4.8510427
55061,9.147603,8.729004,9.154119
55068,5.2991366,5.1759605,5.79203
55069,5.2522516,4.0332994,4.1982636
55070,-16.29639,-18.15961,-17.508675
55073,-40.144093,-42.562103,-42.08004
55082,9.415359,11.071682,10.158115
55094,23.007856,22.410553,22.221203
55098,6.004393,5.000005,5.076836
55100,-9.8068285,-8.500467,-8.609874
55111,10.094736,10.042355,10.144709
55113,7.165415,7.011266,6.998229
55121,14.452206,13.741147,13.624565
55200,7.561996,7.295397,7.0978527
55205,18.061428,17.123396,16.127705
55223,17.621347,17.35612,17.24169
55228,-0.30696678,-0.08609295,0.060792685
55237,6.4755464,4.855631,6.019448
55238,6.7864122,5.849346,6.331505
55239,-42.058983,-43.21059,-42.473083
55285,-18.822777,-18.13702,-18.053703
55294,12.983452,12.775408,12.899509
55295,9.333651,9.12483,9.480373
55296,11.375913,10.93309,11.109026
55311,-43.33795,-43.317688,-43.14786
55312,2.7884593,2.9404325,2.9603333
55321,-49.498344,-49.879402,-49.425865
55322,1.7442563,1.2112937,1.0781517
55323,7.395678,7.297677,7.3634663
55330,12.299015,12.560489,12.684289
55336,-7.2645664,-6.733368,-7.084171
55338,-2.0925522,-1.8990126,-1.8876581
55346,-4.818657,-3.7793083,-3.6146636
55351,15.873126,15.807993,16.13134
55370,8.872948,8.52663,8.959408
55376,19.861895,19.697563,19.398735
55382,9.080402,8.964672,9.121813
55397,11.552915,9.595326,9.638653
55399,10.863408,9.3972,9.224604
55405,-1.5878534,-2.546605,-2.3733435
55415,0.2976389,0.018247128,0.73263216
55416,5.942428,4.923451,4.5351653
55420,4.2119823,4.4133697,5.2781844
55425,9.738083,9.629712,10.116911
55426,13.82741,13.664978,14.119123
55427,9.051926,8.716065,9.218055
55430,8.8115635,8.482189,8.737102
55439,-13.617047,-13.790474,-13.763337
55440,6.081328,4.7062063,4.830189
55441,7.188182,5.9079833,6.1389427
55443,11.795187,11.375035,11.822462
55444,0.28054523,0.86866856,0.51996803
55448,7.003241,6.9472876,7.1964927
55459,8.4537525,8.514584,8.022099
55475,9.3090725,9.579522,9.843332
55482,-27.157688,-27.444698,-28.014513
55484,16.958218,17.160946,16.780405
55486,14.73077,15.311811,15.873779
55488,11.175589,11.81313,11.792269
55526,14.797163,15.579973,15.509914
55528,3.3380518,3.0433474,2.8968267
55534,7.982182,8.186899,7.9507747
55544,0.3154192,1.1396763,-0.12733603
55563,0.076749325,0.07897949,-0.7841778
55569,3.8642025,3.5381823,3.8354607
55571,5.0014467,4.3011274,5.223707
55574,6.1561246,5.9576435,5.6356163
55581,-26.399551,-26.309227,-26.034962
55586,-45.792484,-47.099457,-46.84508
55588,19.519432,18.6777,18.330542
55589,5.915902,6.414911,5.0227604
55602,15.854488,15.179596,15.745689
55614,13.739195,13.950694,14.304475
55618,10.581902,10.969061,11.199236
55645,10.780111,10.799339,10.706015
55671,5.6724524,6.125304,6.035626
55672,3.9909492,4.077051,4.069486
55681,-2.3216133,-2.2028313,-2.1971412
55711,2.663526,2.5103416,2.3957949
55717,5.2105165,5.251255,5.1250663
55737,-0.70196867,-0.8175554,-0.42608547
55738,1.7446761,1.2986884,1.2513666
55739,5.7443056,5.0926523,5.028569
55743,-15.149911,-14.805413,-14.434078
55746,18.858986,17.747787,17.38708
55748,-5.0787225,-4.5130253,-4.394898
55749,11.002822,11.085569,11.462519
55759,24.3434,23.183527,23.656107
55760,22.240385,21.919415,22.44593
55762,1.609545,1.3619754,-0.04344368
55763,7.8648596,7.7661448,6.1230674
55764,5.506254,5.3112082,3.9780374
55765,0.58084774,0.67717266,-0.110588074
55775,-3.4306262,-3.4144723,-3.5755584
55776,4.58815,4.117569,4.5023727
55778,-35.89628,-35.821926,-35.87126
55791,6.686246,7.117,7.0671988
55816,7.36646,7.6318026,7.017225
55817,-0.64809036,0.95273495,1.0976868
55862,5.061855,5.07605,5.174336
55863,1.1815286,1.2215433,1.3478146
55865,9.261494,9.555479,8.943017
55867,6.1167784,6.0152535,5.970122
55880,5.834804,6.157678,5.9689984
55891,5.5327044,5.338968,5.08457
55897,7.8534207,7.8116837,7.8755193
55910,14.160072,11.344265,11.836512
55920,9.837063,9.72242,9.712387
55936,2.84908,2.646494,2.7124062
55942,1.8654208,3.361957,3.360622
56305,10.708623,11.073162,11.077148
56307,4.158981,4.037746,4.0480113
56313,11.173588,11.120981,11.144623
56314,-36.039524,-38.297935,-37.452396
56332,6.552162,6.720588,6.3050623
56353,26.91778,28.772478,28.338242
56354,5.415443,5.370425,5.3277445
56365,2.9774885,3.7546272,3.6134653
56367,9.493187,9.83613,9.659559
56368,4.8950114,5.0356264,4.606951
56372,15.933462,15.734432,16.001625
56389,9.978792,9.691969,10.323202
56396,0.4458537,1.5901008,1.3514619
56399,7.0703797,6.9477553,6.325196
56409,14.213985,13.861877,14.1546955
56415,-0.67771864,-1.9126332,-2.5890543
56416,-48.897446,-48.531162,-48.64904
56454,17.010284,17.161053,16.396399
56460,-5.2108746,-4.8714614,-5.1373086
56472,16.008635,15.412619,15.062686
56475,12.258152,11.185092,9.450487
56490,23.024343,22.661785,21.976536
56491,2.066441,5.017722,4.4331727
56501,9.11079,8.649502,8.416269
56503,6.24838,6.119965,6.1008782
56505,17.74362,18.337564,17.985542
56508,5.5582447,5.664651,4.9658175
56509,8.212328,8.292721,8.335616
56520,0.5203967,1.2983751,1.4804673
56522,8.616893,8.871155,9.019249
56526,10.438929,10.328619,10.280565
56528,7.87805,8.153572,6.8938193
5653,1.85569,1.7520308,1.7980547
56534,-43.44027,-44.320087,-43.071297
56535,-3.0614917,-2.7585576,-2.70834
56537,11.613845,11.354374,11.873394
56538,-51.218815,-51.980045,-50.49687
56551,-5.036295,-4.298337,-4.4265003
56567,-0.35687828,-1.3685169,-1.6637645
56573,8.091859,7.848002,7.4292555
56611,8.702005,9.681924,9.69551
56625,5.518944,7.1610203,7.5351706
56626,-65.888054,-65.86839,-65.73606
56627,8.923213,7.0951447,7.7247415
56635,22.135632,18.916214,19.270382
56648,1.4274993,1.1298823,1.033225
56650,6.902024,7.7073355,6.833568
56653,9.18841,8.261976,9.345361
56696,3.9726305,4.0039053,3.9791727
56697,6.8556776,6.258649,5.8874702
56698,-1.3345938,-1.3256989,-1.2171025
56703,5.776099,5.6261015,5.389248
56708,5.752092,6.1718745,6.009278
56709,7.545469,8.330442,8.44918
56711,9.525131,10.93317,10.050641
56714,4.9778357,4.288865,4.518854
56719,-0.8197806,-1.78667,-1.9614885
56722,4.4161487,2.67455,3.3003383
56725,8.873629,10.649584,10.509016
56726,8.898112,8.724876,8.628749
56728,0.4789858,2.8849788,2.9083772
56729,1.7963123,2.1610918,3.10229
56731,8.142996,7.776186,7.0546255
56736,2.7167673,2.513258,2.3010745
56738,6.514614,6.1700234,6.8201904
56739,11.462015,9.703943,9.755175
56746,2.6241145,2.237803,2.3445015
56770,3.1547062,1.6738906,1.7266321
56773,8.093651,7.7187595,8.455091
56804,6.074267,6.8408318,6.7418146
56806,5.441945,6.2186747,5.8849473
56809,10.408145,10.764009,10.748146
56822,13.89196,14.324301,14.404411
56823,-55.4576,-54.166454,-53.910995
56834,23.621584,23.685604,23.379929
56839,-6.731991,-6.9434752,-7.022351
56875,6.5718265,6.6296124,6.2334905
56886,2.8288293,2.101676,1.9305515
56888,-55.49132,-54.906124,-55.26152
56919,3.3464966,2.320919,2.0994549
56920,-46.49117,-45.890316,-46.13189
56927,-1.2752752,-0.65665483,-1.3302155
56930,2.7350526,2.7141414,2.8991308
56932,1.6998453,1.2466097,1.4846902
56934,-2.105134,-2.90243,-2.6381474
56949,3.3171172,3.0134864,3.0772204
56956,3.9944878,6.627743,6.8846273
56962,-43.9829,-44.842865,-45.269062
56980,11.718622,13.000016,13.307516
57,-0.29335403,-0.31216097,-0.24063921
57006,1.8308463,1.2652454,0.89659977
57011,4.579629,4.042609,4.389012
57036,15.102144,14.705911,14.424516
57044,2.833055,2.0990214,2.9815392
57049,1.2570019,1.2391624,1.2993665
57068,18.247627,18.642683,18.16074
57073,-64.14906,-64.97551,-64.697716
57075,4.6909037,4.4883657,3.868184
57076,3.234641,5.35743,4.666772
57111,4.722153,5.0113235,4.8771496
57162,-8.578114,-8.944491,-8.599302
57214,4.8323555,4.3836155,4.715316
57223,4.994083,4.3610563,4.3586907
57225,-46.113686,-46.896873,-47.00104
57226,4.739865,5.0508995,4.2914553
57227,-57.67549,-58.730534,-58.300316
57229,-40.019928,-40.462173,-40.633675
57248,1.2380304,2.682187,2.986506
57253,14.559219,16.85838,16.563305
57254,11.108,9.750196,9.898096
5734,5.304543,5.7947397,6.176943
57340,4.35833,4.541551,5.022173
57343,4.287297,4.5308895,4.8180275
57368,-45.740746,-45.676888,-45.935635
57370,-1.2050762,1.3471355,0.8428769
57380,-44.78256,-44.83166,-45.00573
57385,1.3739171,1.0539274,1.307437
57386,7.308377,6.9565907,6.842945
57388,-1.1420021,-1.167377,-1.196116
5742,-1.4516702,-2.413175,-1.9627113
57420,2.3922577,2.9799294,2.8929095
57421,13.43442,11.830196,12.84362
57433,-42.48563,-42.509983,-41.29349
57434,5.7550426,5.832511,5.8034735
57441,12.196961,13.626917,12.862132
57447,6.2034945,5.726847,6.071648
57448,5.5104523,6.163005,5.9036927
57458,12.370611,11.952156,11.982088
57468,-37.824726,-37.890297,-37.820026
57482,3.3641443,3.0417604,3.6113725
57488,9.466061,12.650124,11.078026
575,12.965345,12.225068,13.046435
57502,6.4743834,5.7426777,5.547156
57505,8.841265,8.008235,8.769526
57517,3.1661134,3.690744,4.1234145
57518,10.145809,10.134329,10.508249
57519,3.054453,3.4106617,3.7502108
57531,0.28095818,0.9535117,0.9865308
57566,-19.476946,-19.97465,-19.669233
57567,7.426528,7.1926937,7.56784
57569,6.838485,6.9307613,7.214058
57582,-21.64105,-21.467178,-21.426647
57593,7.382005,6.7459116,7.127161
57599,8.931499,8.710145,8.854134
57610,-0.3644638,-0.19458628,0.12733889
57622,2.3526273,2.8951893,3.1803164
57628,2.34898,2.0890217,2.151626
57633,7.724566,7.61738,7.577199
57641,-0.82338095,-2.240738,-1.7959547
57642,1.8417993,2.0514264,2.2990484
57647,0.8985491,1.4502106,0.73566437
57649,-1.1785531,-0.24280024,-0.021945953
57657,15.395832,16.196693,16.98371
57671,6.722457,6.4847474,5.9046555
57672,31.463833,31.956944,31.574478
57677,-1.4545953,0.21594024,-0.70609164
57678,0.47280025,0.9817934,0.5283327
57690,-29.946678,-28.271412,-28.797764
57716,-34.332794,-34.02854,-34.908024
57719,6.1000767,6.029545,7.0757093
57729,7.96353,9.353508,9.150798
57731,3.4033365,3.4499402,3.2468667
57783,15.14723,15.992754,15.706407
57822,-3.5735373,-6.2854576,-7.097686
57828,29.009321,28.583958,28.946941
57832,1.2653928,0.5508671,1.2772756
57851,1.6700587,1.693192,1.4922657
57853,-5.768712,-7.241253,-7.7806063
57872,9.197022,9.934185,10.778379
57874,8.799357,8.433889,8.108494
57895,8.101282,7.652192,8.461136
57941,4.043433,5.078759,5.4389267
57952,7.6290536,5.2944818,5.60049
57957,-0.30105257,-0.11169243,0.118460655
57969,8.877563,8.500577,8.4092655
57979,4.9458184,5.3147097,3.9852138
57981,13.511835,13.657082,13.365102
57982,6.579147,6.9177957,7.378531
57983,7.071365,6.936437,6.5992837
57989,-45.756588,-44.977615,-44.134544
5801,0.66979074,0.95795584,0.7950311
58027,4.327997,3.748723,4.150607
58051,-29.544622,-29.040956,-28.95253
58053,-36.534084,-35.728523,-36.48304
5806,8.031669,8.189969,8.266968
58060,2.1447597,1.1895189,1.2003045
58068,7.9298573,7.5244503,7.445755
58077,8.408261,7.394528,9.045883
58092,4.1042933,3.8878512,3.735538
58099,8.917129,8.769018,9.099576
58107,6.469389,5.2588935,5.138089
58108,9.286207,9.590999,9.8200035
58112,1.4981165,1.5552115,1.4607863
58117,1.0400872,1.3907638,1.2257571
58121,3.0373616,3.8335934,3.4303408
58122,-2.3292766,-3.3935604,-3.5839581
58137,-10.061101,-8.519135,-8.24119
58142,-38.07337,-38.648266,-38.776855
58159,1.6648707,4.128935,4.035345
58162,0.107069016,2.837675,1.8923721
58165,12.913669,12.769091,12.506775
58166,-31.670002,-33.095253,-32.321053
58181,0.6979394,0.8527632,0.6810117
58187,-25.263441,-23.433811,-23.284462
5819,0.03851986,-0.13633299,-0.12276316
58201,-1.2947078,-1.5523973,-1.6205101
58217,-66.95357,-67.02353,-66.30996
58220,13.4872265,12.854965,13.089449
58221,2.9747772,2.421589,2.507749
58222,12.582291,11.612999,11.320484
58226,6.2850795,8.0426235,7.325976
58227,13.683027,12.539878,12.472248
58240,-56.316875,-55.592476,-56.013824
58253,17.968945,17.535265,17.910835
58274,-20.75777,-25.953901,-24.41946
58287,15.909316,17.468164,17.674469
58290,19.001316,19.091545,19.092596
58294,-3.4085166,-3.7625337,-3.8271623
58297,12.94018,13.250439,13.27666
58299,-36.67097,-36.494396,-36.32712
58314,-33.01294,-34.51661,-34.40216
58316,0.109306335,1.2950125,1.3840914
58320,11.031183,10.571622,10.635494
58329,2.1531796,3.1450615,3.9453225
58337,-4.557102,-5.3848314,-5.0479794
58350,-20.094078,-19.384663,-19.42699
58351,13.799149,13.004677,13.158471
58362,11.232967,10.515752,10.562034
58365,23.303646,20.68774,20.67754
58372,15.3252945,13.940454,14.010607
58374,3.5601,3.6888895,3.7335353
58378,7.3160443,7.000493,6.992709
58385,5.25267,4.519202,4.7424097
58388,1.2515697,2.569539,1.9759746
58390,-0.8298998,-0.6440358,-1.2765431
58391,9.865746,5.3483863,6.178566
58396,0.4796567,0.7204547,0.8869457
58399,-45.992424,-45.989296,-46.28332
58409,-3.1904452,-1.634578,-2.8900506
58413,17.547264,15.456888,15.647207
58427,4.5286536,4.9662433,4.0888634
58433,7.372595,9.144207,9.54188
58443,17.661787,16.645338,16.384237
58514,-42.98048,-44.79978,-44.986305
58553,5.818297,5.6195545,4.957905
58562,-46.449013,-47.95566,-48.423965
58566,-31.425503,-32.808453,-32.470493
5857,1.770011,1.8625884,1.8082728
58574,3.0329201,2.6026492,2.7996106
58579,3.004025,3.2761374,2.0227938
58585,13.783335,14.713195,13.440658
58588,-34.389336,-34.37641,-33.99121
58589,5.510409,5.192105,5.31164
58594,-46.417023,-45.435745,-44.644157
58595,-36.823563,-37.519917,-36.838345
58599,5.6065974,5.7974253,5.2262926
58605,34.96884,33.49125,33.52202
58610,4.456337,3.8476171,4.992241
58625,2.1864762,1.7184496,2.088138
58627,7.6165314,6.819793,7.213668
58632,6.337221,6.134381,6.66628
58652,-1.2243781,-0.43925142,0.3155365
58668,3.9510002,3.9415593,3.7984314
5867,-1.5609536,-2.1895838,-2.1529741
58686,-1.1900201,-0.8223071,-0.5143118
58689,15.963935,16.685259,15.755817
58695,-43.93874,-45.480286,-45.033474
58699,-0.5400858,-0.42365503,-0.7101164
58704,-40.622086,-40.912937,-40.211166
58720,4.0148396,4.948957,4.940115
58725,3.2746878,3.3818908,3.3572226
58727,9.226662,8.781368,8.806412
58732,15.292575,15.419145,15.651348
58753,7.475867,7.998812,8.239296
58772,11.890969,12.425629,11.130926
58784,9.056917,8.812561,8.667606
58791,-33.23346,-32.83284,-33.291195
58803,0.4789629,1.6522145,1.523139
58808,5.240169,4.2764835,4.140924
58818,6.0170794,6.380571,5.9709287
58828,1.3087721,1.4753804,1.4982376
58833,11.038832,10.054592,9.986715
58834,8.291233,7.9429083,8.050053
58845,1.3346739,1.1295872,1.3293977
58848,-0.6728635,-0.6905956,-0.786016
58850,9.854779,10.089903,9.6644125
58862,2.0590868,3.2868643,2.920712
58868,4.2882175,3.7661757,3.7386155
58891,8.504665,8.53167,8.671156
58898,0.9931302,1.7896419,1.5850248
58913,2.9995594,3.2139635,2.5164828
58915,10.043306,10.091818,9.994844
58925,4.72017,4.043176,4.011536
58931,0.32139778,0.009887695,0.10638881
58943,13.19493,13.039774,13.256371
58945,16.262466,16.068668,16.286442
58949,5.104385,4.7691255,4.0230145
58973,-0.19778204,-0.47476387,-0.38054657
58987,-4.355847,-3.4592345,-3.6245296
58997,1.0418406,-0.38799667,0.6604204
59008,14.203286,15.496624,15.307056
59009,8.462303,8.234781,8.658339
59019,17.932192,17.985788,19.057339
59025,5.7636337,5.963996,4.9611964
59036,9.902158,9.927008,10.080318
59039,-21.405842,-23.007362,-22.269615
59040,-40.215244,-40.49525,-40.811974
59048,2.0400968,1.7899704,1.5121875
5909,0.9376097,0.653008,0.7534003
59091,5.2308717,6.199739,6.113888
59158,8.568951,8.389902,8.30153
59164,10.29522,10.094159,9.749032
59192,24.515118,24.152008,23.552101
59193,-39.822914,-39.11992,-39.23172
59232,-4.535535,-4.3411484,-4.113039
5935,-18.798965,-18.57183,-18.865238
59429,-0.497499,-0.2830286,-0.35787725
59642,1.773593,1.8025613,2.0738697
59654,-42.121014,-41.2059,-41.82762
5966,4.117151,4.150996,4.1003118
59667,15.159477,16.269396,16.225452
59670,14.873826,14.32832,14.174868
59675,18.873356,17.266876,16.854172
59686,-37.288956,-36.676006,-36.92542
59687,19.210323,20.585121,20.63903
59692,7.4052396,6.512384,7.2013125
59698,17.746567,17.755018,18.958277
59699,-29.757397,-29.146112,-28.885872
59700,-36.194736,-35.407986,-35.339645
59702,24.900059,25.413006,25.565296
59704,10.456417,10.745629,10.44228
59705,15.848213,15.386502,15.115566
59706,16.85211,18.390736,18.686098
59708,26.008993,26.312555,26.514193
59712,-47.72226,-48.409195,-48.553085
59713,11.061096,9.876999,10.286268
59716,24.380756,26.93923,26.183088
59728,-2.7967517,-3.6061423,-4.053097
59752,12.141181,11.8369465,11.551075
59785,4.9339557,4.3302574,4.607693
59786,2.8954253,2.9853225,2.645269
59801,4.967225,5.3590765,4.889581
59819,14.5866165,14.907882,14.870272
59836,13.719706,15.58159,16.00118
59837,6.5757093,6.491926,5.797578
59843,11.407472,11.8685055,11.651243
59846,14.405987,15.68246,15.620764
59849,21.33024,22.977081,22.824703
59853,-24.30487,-24.723455,-24.690727
59855,14.030656,13.327864,13.396677
59866,1.3668866,1.9362044,2.0731854
59868,10.491909,10.786646,11.199461
59869,6.0099635,5.8644876,6.0045114
59877,12.446558,11.992109,12.195126
59884,0.16109324,0.35419083,0.23239756
59890,7.1858044,7.1684785,7.6464343
59892,-54.413956,-55.62428,-55.723354
59906,9.367192,9.662665,9.458722
59917,-57.52584,-58.441673,-59.301563
59928,-35.85585,-35.918472,-36.114307
59931,1.0667863,0.8927789,0.5765195
59945,12.681694,11.638512,11.657232
59946,9.04336,8.908156,9.044923
59949,-24.597494,-25.031828,-25.128563
59975,-56.099384,-56.657112,-56.39525
59980,4.6532264,4.5526123,4.552212
60015,4.485933,4.3967724,4.381151
60027,11.578447,11.540901,11.67674
60037,3.69529,3.5003147,3.3565702
60067,3.070685,2.8694825,3.1092348
60088,5.32989,5.207041,5.3838277
60091,7.529379,7.598307,7.742188
60104,6.446153,6.318759,6.377852
60113,-37.121277,-37.19791,-36.87374
60148,-44.068478,-44.101574,-44.14409
60155,7.9131994,7.825404,7.8862734
60160,15.530252,16.065565,15.790433
60162,-45.543365,-45.525124,-44.793777
60174,-46.10869,-43.877365,-44.068466
60223,-0.96258783,-2.0150394,-1.5820155
60236,9.780876,9.359338,9.434782
60246,9.440977,9.278122,9.19603
60247,-2.4271579,-1.9489937,-1.6503344
60272,-1.4527469,-0.910254,-1.9274783
60277,13.692512,14.237904,14.487591
60284,9.499156,8.464878,8.645127
60295,-2.6941736,-2.6955497,-2.23644
60328,5.0470657,6.7988033,6.78663
60329,-34.36378,-34.809353,-34.412235
60344,8.512992,8.596457,8.782532
60353,32.459354,32.330856,32.284206
60354,5.2420335,5.336033,5.585156
60355,4.5591054,4.959412,4.981527
60364,5.6703386,5.600033,5.8941784
60366,7.3865595,7.2144966,7.231594
60376,-0.3027606,0.6546955,1.2121267
60387,10.823734,11.529972,11.401471
60391,10.981501,11.160824,11.329025
60393,17.606031,16.08733,16.189728
60394,-42.24517,-41.711136,-41.519966
60419,-39.417057,-40.31677,-40.144012
60423,17.81083,17.34736,17.71219
60424,15.192023,13.463446,13.55628
60437,-36.452545,-36.4796,-36.46766
60442,11.351935,10.662561,10.341227
60446,12.703367,11.306899,11.3914795
60487,-62.15124,-61.262573,-61.192303
60489,2.4233088,1.0932722,2.0731483
60490,12.515211,12.188728,11.9666
60511,2.0630965,2.6776237,3.19982
60512,-44.152798,-42.33088,-41.908253
60525,12.534709,12.128906,11.974588
60534,8.193885,8.463989,8.696463
60560,6.948477,7.190753,7.2298865
60570,9.299763,6.617615,7.356242
60582,15.322619,14.713068,15.65399
60585,2.5893555,2.6891422,2.8145452
60591,-43.32883,-44.299637,-43.748047
60592,13.571008,11.494801,12.40691
60594,-3.3849697,-1.5814228,-1.9624257
606,-2.9704757,-3.004825,-2.9101133
60600,-39.920128,-40.203648,-40.444016
60601,5.9269876,5.7146115,5.7910213
60613,10.735842,11.201175,10.526365
60619,-27.690868,-26.396908,-27.078918
60620,-33.39476,-33.213284,-34.231705
60621,-51.80282,-50.22937,-50.42314
60625,-29.22294,-27.914373,-27.43027
60626,-32.59043,-32.09077,-31.475721
60627,21.523087,22.18455,22.373741
6063,5.074074,5.6318398,5.449016
60654,-31.706259,-31.64812,-32.165764
60655,11.093693,11.632234,11.335318
60672,-53.878147,-53.62307,-53.03608
60686,4.131479,3.1350136,2.347909
60693,8.775411,8.768344,8.605392
60724,-45.38166,-44.488224,-44.36255
60736,13.66101,13.673486,13.577761
60738,-5.4480557,-5.525416,-5.2033706
60744,-1.8639698,-1.0830765,-0.7842536
60750,-2.6857862,-2.8150773,-3.737215
60762,2.430798,1.8538389,1.5278702
60766,4.1772127,4.8247957,4.974657
60767,-29.342,-29.11826,-29.041618
60768,4.585721,4.64561,4.816386
60803,16.25579,16.636974,16.313206
60804,5.586477,5.8119082,5.785082
60806,-1.29084,-1.9668704,-1.3521162
60809,6.8209076,7.4443345,6.4601164
60829,-44.555,-44.261215,-44.073406
60835,-29.840498,-31.630701,-31.6623
60836,-43.883793,-42.998974,-43.037247
60838,-44.3836,-44.136345,-44.198593
60846,11.765133,11.547745,11.203514
60875,-2.361312,-0.5492401,-0.99578094
60897,3.5320854,3.3536062,3.5014534
60927,9.964508,9.865854,9.650398
60929,8.168894,7.7239184,7.474763
60934,3.900948,4.626613,4.419252
60939,1.4169126,1.4288778,0.6137247
60944,0.4638481,0.35188675,0.51289845
60945,-1.028933,-1.0032444,-0.42996454
60946,-9.384142,-8.1080265,-10.393917
60953,9.701746,9.688339,8.766008
60954,14.2065525,13.951004,13.145934
60955,12.873062,13.101414,13.02392
60957,-3.8745825,-2.232653,-2.5254266
60958,-5.344678,-6.508223,-6.64607
60962,-16.440308,-14.6435585,-15.867488
60981,7.697176,8.020895,8.4653
60982,4.8276134,3.9106936,3.8013978
60984,6.027654,6.916253,6.998994
61000,-33.89466,-37.10121,-36.87029
61002,16.320538,15.861762,15.759799
61007,15.826487,15.341124,15.031059
61012,-50.036873,-47.801773,-48.664536
61013,22.489202,22.339142,22.884459
61028,10.941937,10.357122,10.913328
61051,10.089857,10.504776,10.188409
61062,4.8353333,5.7084303,5.707173
61064,11.461613,12.4889965,13.180241
61065,4.7318597,4.501673,4.756718
61110,-1.9578483,-1.5385611,-1.7678115
61111,-1.5703421,-1.1228495,-0.75398636
61133,-22.21989,-22.594837,-22.507118
61134,-49.28955,-48.18692,-48.457413
61150,0.96349525,0.8515954,0.9623513
61154,4.5609775,4.0983133,3.5214167
61157,-8.483733,-7.877647,-8.313572
61176,10.015444,10.080805,10.752661
61191,-29.857277,-27.723137,-28.45345
61192,27.425655,26.77169,27.746704
61194,27.219023,28.027882,28.700031
61207,4.7429414,4.316268,4.611926
61208,-13.939312,-16.120531,-15.716629
61215,24.241058,27.918709,27.631628
61221,11.667614,10.823555,11.040776
61223,12.286091,11.970474,11.67897
61224,-1.2723682,-1.4729192,-1.4251072
61244,0.015686989,-0.2222228,0.06976938
61246,-43.308887,-42.99506,-43.35839
61256,-61.15762,-62.440155,-62.612926
61265,-46.321476,-46.73944,-47.21385
61266,14.872421,13.807955,13.6267605
61267,5.9817457,4.5090365,4.9180403
61295,12.940674,13.018847,13.674998
61296,6.654814,6.531124,6.7052073
61299,6.479587,6.450717,6.6613855
61315,4.6833496,3.8687558,3.7018986
61316,-36.31964,-35.453243,-35.428066
61323,12.500647,12.497961,13.076942
61325,6.5191407,6.140816,6.005478
61334,-41.425552,-41.056652,-41.358143
61335,15.625811,14.720791,15.00528
61341,6.3889723,7.658206,7.1629896
61351,-48.242966,-47.68678,-47.445488
61352,-38.3002,-38.022007,-37.86351
61371,11.400402,11.46417,11.164234
61376,-42.374466,-41.640217,-42.498104
61377,-1.0282011,-0.460217,-0.66053534
61390,-3.6449645,-3.1493971,-3.0395653
61397,5.237238,6.0982814,6.112727
61413,-3.1084094,-4.2581606,-3.3903213
61414,7.2204037,7.2049904,7.586211
61415,4.8656344,4.7342253,5.0621486
61417,-34.447746,-34.46549,-34.996326
61419,-0.8717294,-0.3219018,-0.08722353
61423,-31.596045,-31.83134,-31.073463
61424,4.10945,3.2442856,2.9982471
61430,8.524411,8.4975815,7.6904507
61431,21.527464,21.07692,21.130001
61453,-35.776344,-36.40001,-36.039307
61462,-12.498987,-12.606317,-12.858185
61479,5.803969,4.5446706,5.6286716
61480,8.688066,8.457439,8.255838
61526,8.513367,8.6428585,8.357096
61527,4.534819,4.234367,4.5414867
61533,3.6443138,3.810011,3.9122996
61573,-9.855821,-12.354433,-12.614618
61585,1.5611343,1.7125497,1.9035397
61595,11.060931,10.346024,10.267951
61597,6.4915495,7.0629053,7.0861554
61600,-30.697098,-30.861332,-30.385403
61640,-41.467888,-40.583576,-40.726795
61648,9.9174595,10.221699,10.181488
61652,9.491241,9.379557,9.555102
61664,2.1840796,2.1683378,2.4842124
61666,-34.915524,-35.45388,-35.50552
61675,9.664613,8.204535,8.669479
6168,0.21168947,0.6654682,0.48191118
61682,4.2112694,4.084623,4.3266115
61726,4.1273103,4.623867,4.484459
61798,-6.257507,-4.944405,-5.4170504
61799,12.087955,12.715824,12.970999
61800,2.0392547,3.6985846,2.168036
61826,1.8373208,2.231163,2.8819723
6183,1.5258293,1.5970812,1.6308737
61836,10.429018,11.46203,11.77013
61848,7.252575,7.5755486,7.3258166
61895,-30.168837,-30.798512,-30.965645
61899,9.684481,10.283326,10.582327
619,-2.7808375,-3.2003794,-3.0030875
61900,10.311972,10.686201,10.56929
61901,7.7296786,7.177206,7.278755
61907,-41.87798,-41.473705,-41.968407
61915,1.5576763,1.5282993,1.652183
61916,13.30471,12.636697,12.746117
61923,-1.1903262,-0.124835014,0.21756458
61939,-24.959127,-24.448864,-24.33889
61951,4.2405005,3.067531,3.3008182
61955,0.9475794,1.6263428,1.7855983
61957,3.6550102,3.9115148,3.9089332
61961,3.979024,3.9590864,3.9371767
61962,7.909317,7.973343,7.9246755
61964,14.772519,15.050625,14.992193
61971,5.6248875,5.586573,5.5434184
61974,4.5856895,4.321951,4.755846
62005,7.9866962,7.6429634,8.115187
62018,-40.220455,-40.845562,-41.000973
62022,14.028118,15.505571,14.920219
62023,9.428164,9.103103,9.116697
62041,12.385723,11.316145,11.611991
62044,17.515652,16.579395,18.795036
62045,35.800117,37.661064,39.063313
62046,-33.473736,-36.414597,-35.13686
62048,19.026485,16.177574,16.949293
62049,10.665139,9.170032,8.847677
62051,-30.954268,-30.722382,-30.749609
62067,5.9127884,4.1116257,3.590335
62074,-28.659805,-28.116589,-28.235134
62156,5.756648,6.8501487,7.0487404
62157,6.7283144,7.803294,8.213526
62163,8.842853,9.373953,10.251997
62169,6.0463967,5.7020917,6.9950156
62183,7.1083617,7.425397,7.4444
62196,-64.7644,-64.85928,-64.12201
62215,11.90831,11.711557,11.634692
62240,-33.17008,-33.183178,-33.117157
62241,28.536465,27.771198,28.27718
62247,4.0058966,3.1175613,3.496903
62249,-52.30778,-52.387897,-52.83155
62259,-34.149025,-33.54717,-33.95323
62261,-4.7757187,-3.6873674,-2.845521
62276,7.84883,7.669721,7.4343452
62285,15.353552,14.843417,15.183834
62290,-17.217266,-18.083569,-17.681889
62291,-5.387865,-6.166824,-6.3266034
62294,8.239314,8.979011,8.490862
62295,26.87127,25.633343,24.828848
62307,7.363096,7.8638988,7.786053
62308,6.3363304,5.7507753,5.5611553
62310,6.9443192,6.664673,7.046927
62320,17.489462,16.43123,16.326326
62323,3.0539122,2.9455185,2.7952108
62327,13.926262,13.895477,14.122776
62345,9.540115,9.404518,9.501953
62346,9.668109,9.585148,9.525566
62356,11.669637,11.452326,11.458911
62359,9.978225,10.235936,10.412383
62360,10.729815,10.640431,10.744191
62362,4.6441603,4.4298244,4.2425694
62377,14.300327,14.113834,13.889668
62383,7.25218,7.7707043,7.797264
62387,5.351507,5.395736,5.3940196
62421,22.320614,21.715803,22.305317
62427,4.29118,4.4684353,4.092962
62438,1.8823667,1.2162571,2.817504
62443,-37.360962,-36.06045,-35.87254
62465,2.8291006,2.7944036,3.085384
62466,5.392285,5.2425857,5.290269
62467,4.735197,4.8663187,4.7743645
62473,3.698266,3.1786332,3.3837085
62484,-1.3763514,-2.321837,-2.3813548
62491,148.09282,143.9366,142.7328
62513,9.038086,10.332823,9.9352255
62523,7.380069,6.5769596,7.0780797
62533,13.022576,13.342302,13.077227
62546,4.590863,4.4959354,4.341057
62570,-30.634851,-31.112411,-31.154034
62599,7.032406,6.9070835,6.511113
62709,3.0059953,3.2686715,2.9700837
62794,11.503258,10.847878,10.813017
62795,11.444618,11.301086,11.509594
62811,-40.826508,-40.299908,-40.49354
62813,-30.082844,-30.500648,-30.20384
62880,-32.681385,-32.665756,-33.041607
62883,3.0305457,2.7423296,3.0638323
62892,3.0277014,3.0480046,3.131308
62935,-28.107239,-28.354645,-28.018372
62938,6.008942,5.6167183,5.720982
62955,10.473436,10.150938,10.52327
62964,-31.65796,-31.82603,-31.970085
62982,2.6583314,2.547996,2.3900652
63004,5.936084,6.6209,6.3864856
63018,1.1297989,0.93038607,1.117578
63029,4.734339,5.0201406,4.455163
63040,5.9097886,5.86833,5.499593
63041,5.8556037,6.4542036,6.214598
63051,9.929147,8.260586,9.02854
63066,4.853985,4.3773413,4.288812
63082,2.118319,2.2379918,2.1225471
63098,1.6658435,1.5890179,2.0422816
63107,1.75531,1.8545437,1.827868
63122,-30.409143,-30.629194,-30.610352
63146,6.58516,6.50573,6.43674
63148,3.3556433,3.0533686,3.2859979
6315,1.1793165,1.2458315,1.6129541
63182,3.0822825,2.9287105,3.1187258
63198,3.4976268,3.4699745,2.8675632
632,-1.4872742,-0.7714162,-0.9308281
63201,2.4963427,2.2627716,2.66395
63241,4.5416594,4.476323,4.634367
63255,3.3785882,4.31839,3.8625755
63260,3.9196634,4.0473475,4.1486773
63272,0.4221487,0.4687009,0.77183294
63289,9.356091,9.078993,9.108743
63294,8.224873,8.632731,8.827538
63306,2.5914125,3.7394733,3.8779206
63327,1.4156804,1.5118351,1.5391474
63337,1.4408822,1.7472115,1.9129853
63389,12.869824,10.793591,10.741585
63391,7.530495,6.907623,6.911797
63402,6.818736,6.9249496,6.629267
63410,1.0388675,1.0632305,1.1727324
63412,2.729467,4.0106707,3.8695893
63423,3.4360194,3.6659613,3.7082038
63449,5.438988,5.380085,5.4144697
63451,5.919394,5.2783976,4.999196
63460,6.12128,6.2206097,6.0957313
63470,8.265835,7.885645,8.094475
63517,2.8339105,1.9297261,2.22229
63530,-53.69515,-54.001785,-54.34293
63534,7.3007827,7.179916,7.2113905
63537,4.7810206,4.452241,4.2171736
63543,5.2268505,5.1915,4.622479
63571,25.542297,25.704933,26.324846
63576,5.2724485,5.2680035,5.731857
63579,2.3001924,1.8777823,1.9641228
63594,-5.9940085,-5.9902844,-5.6308517
63601,14.741874,15.118754,15.643114
63628,12.382748,11.901421,12.192774
63637,10.221723,11.426699,11.636608
63648,18.351217,17.585484,17.543549
63651,12.436634,13.132058,13.390787
63652,18.863127,17.766012,17.688648
63678,2.7535143,3.003489,3.4344988
63687,-0.20611858,-0.22679424,-0.16449833
63701,6.1653256,5.7023354,5.7864575
63707,7.944413,6.9867797,6.824143
63708,7.532246,7.1400437,7.2476015
63723,-26.56484,-27.19553,-27.087883
63726,3.4401116,3.587306,3.8351526
63727,6.620632,6.1496277,6.0077114
63732,3.1844444,3.044467,3.61409
63733,-35.267525,-35.965767,-35.26198
63745,9.850683,11.559573,11.930553
63750,6.834027,6.405739,7.0736203
63753,1.8429246,0.23252678,-0.82012033
63779,-41.929325,-43.883945,-43.409847
6378,10.240583,10.325523,10.3236265
63780,5.133991,4.3415875,4.357939
63782,15.727913,14.660114,14.330324
63797,6.593962,7.5904546,6.5662594
63801,-42.65314,-41.473934,-41.49439
63802,8.448545,10.190079,9.830616
63803,9.965617,10.913473,10.315041
63806,13.913408,15.692985,14.71408
63817,0.5315566,1.5429959,1.4118204
63828,4.549927,4.658361,4.5956545
63834,7.6175323,6.6508436,6.9172297
63842,1.4092889,1.2928567,1.513619
63845,18.075962,17.543219,18.106102
63847,0.8873248,1.1836367,1.2666559
63852,-1.5065866,-1.3290439,-0.93526506
63857,17.402884,16.824224,17.051376
63884,4.930162,5.166181,5.0212746
63894,-2.696863,-2.262336,-2.3361385
63895,0.21131659,-0.21328545,-0.6252079
63897,12.251282,10.401047,10.287753
63901,8.284317,7.3271255,7.1004305
63905,20.985495,20.948792,20.600388
63909,2.1299715,2.3339105,2.3354816
63914,-1.4546609,0.23250675,0.2082839
63917,6.8016806,7.2280636,7.4469757
63932,-28.270054,-29.159882,-29.546125
63935,13.887526,14.258652,14.269678
63937,6.726211,6.3921347,6.5356646
6394,7.611017,7.2319055,7.5179305
63940,5.373711,5.325775,5.1678066
63942,15.509924,16.16677,15.609049
63944,-42.81752,-40.92301,-40.47669
63956,-40.073315,-39.284325,-39.793808
63969,11.188534,10.670719,11.725057
63976,-13.824377,-14.437358,-14.813711
63989,9.951395,9.555356,9.790735
63993,15.42959,13.452845,14.39805
63994,9.843216,9.281603,9.220747
64026,-45.39345,-45.484722,-45.30191
64027,2.643231,3.001083,3.0950384
64038,-40.54397,-41.15116,-41.21418
64045,1.2862225,2.1193242,2.507678
64048,1.8521905,1.5327287,2.3644795
64052,26.76496,27.084116,28.199797
64064,19.294619,19.908533,20.281477
64100,0.29791117,-0.14770699,-0.02843666
64101,-2.2803826,-2.6432953,-2.3465643
64116,3.1220698,2.6762214,2.4844308
64119,-5.4989147,-6.2685194,-6.1128135
64127,11.220701,10.335747,10.168898
64131,0.5221944,0.776175,1.3915339
64166,9.15642,7.616034,7.968548
64169,-1.883615,-1.3944974,-1.651712
64173,3.690113,3.6666508,3.785717
64181,6.6217065,6.9982643,6.8830795
64190,13.0168295,13.45075,13.902689
64194,-0.30722094,-0.60077286,-0.7834859
64222,2.532061,1.9434853,1.6815791
64229,11.279077,11.883794,11.7108965
64242,12.45878,12.638024,12.515218
64246,-11.208969,-10.957687,-11.136908
64247,-34.659733,-34.450268,-34.314606
64248,8.179462,7.8665314,8.356586
64255,17.257761,17.296026,18.315027
64259,12.451955,11.532608,11.004799
64294,14.023364,13.943258,13.927736
64295,11.721699,11.690474,12.918381
64297,-55.303337,-55.880497,-56.709602
64298,0.34436655,1.1275735,0.439435
64303,2.1437702,2.9685445,2.9832869
64308,5.9733076,5.0588384,4.9304028
64318,9.993962,11.161383,10.9325
64323,5.495722,5.8203316,5.9328628
64328,-0.5041504,0.11896849,1.326231
64339,6.1234665,6.030912,6.003189
64345,12.484401,11.672266,11.54237
64359,5.543582,4.969536,4.9845896
64372,2.6977582,2.6423678,2.777113
64413,4.423621,3.4373894,4.020117
64418,6.5764456,6.698455,6.7115445
64423,2.2379866,1.9036503,1.885952
64427,37.487682,37.407284,36.552532
64433,8.913408,8.238668,8.3699875
64448,1.3793945,1.4752202,1.5572767
6445,0.03352976,-0.17584753,-0.031085014
64459,12.032036,12.089752,12.3442135
64470,-66.04582,-65.701805,-65.96443
64476,16.890238,15.8228245,15.904499
64490,6.055265,7.2370167,7.2769656
64493,13.236792,12.204868,11.871348
64495,1.0727549,1.9018488,2.6506171
64500,-2.2824857,-1.5661204,-1.5507543
64503,1.5147328,1.3668056,1.6104708
64506,-0.08702803,1.0811329,1.2734036
64520,-3.9432962,-3.3294156,-2.7336318
64541,3.130906,4.6855364,4.5877542
64547,-33.21682,-33.92554,-33.512966
64552,3.364945,3.1671257,3.436077
64558,-27.536982,-26.982687,-26.2847
64559,19.945362,18.638363,18.543373
64564,-36.295086,-32.811077,-33.990505
64566,4.738904,4.663464,4.4785047
64574,19.065838,19.674465,19.346457
64586,12.122623,10.251595,9.224643
64588,-0.5216818,0.52393484,-0.11194134
64589,13.29889,12.987429,12.864639
64594,1.7073798,1.9520884,2.020131
64602,7.0784345,8.169676,7.660788
64606,15.001398,14.483258,15.0002
64608,20.469732,19.513344,20.195274
64616,-26.998238,-27.468433,-27.621218
64625,7.3760796,6.6003723,7.1824203
64632,16.872564,15.921135,15.559928
64640,-34.331158,-35.367634,-34.036804
64642,-3.5293937,-4.006104,-3.799368
64646,9.413817,9.664793,9.645707
64654,1.0969563,1.8768315,1.3026304
64666,10.595858,9.435476,9.582932
64697,24.72596,23.81052,22.559538
64699,1.3129506,1.3798013,1.763751
64701,19.871254,19.38525,19.100388
64705,10.055868,9.144114,9.049473
64706,-0.13164377,1.1335006,0.85119104
64709,-28.61483,-28.356333,-28.36402
64710,4.214526,4.416896,5.0585713
64712,5.7839127,7.362553,7.3445253
64750,8.793794,7.0980453,8.253295
64755,18.190718,17.316244,17.564379
64760,-4.0827,-4.3115153,-4.307325
64771,7.954092,8.105154,8.457666
64783,-32.92103,-36.944794,-34.363434
64786,0.16840124,-0.44574785,0.11199808
64800,0.46977472,0.7658315,0.6574125
64811,-29.625875,-30.635921,-30.048939
64831,8.520818,8.680729,7.9479084
6484,7.0648127,7.199983,7.2404866
64841,7.6165433,8.339333,8.439116
64855,7.52343,7.2186513,7.3884068
64859,9.474514,10.521754,10.974546
64861,8.980089,8.7535,8.896446
64875,23.048004,24.450575,24.534672
64881,0.19286823,-0.7317128,-0.61370516
64896,-39.12392,-39.413692,-39.807507
64899,9.013534,9.043762,8.502538
64914,15.858373,15.013207,15.0840435
64919,-0.48907185,-0.76360273,-0.90498495
64921,11.396491,13.440212,13.240561
64929,-59.758266,-60.968643,-59.921085
64946,-44.67633,-45.719475,-45.567215
64950,10.109099,10.04627,9.308167
64957,5.972293,5.5111723,6.0204096
64960,-1.658443,-1.0667171,-1.6027923
64963,6.4092627,6.184272,6.000162
64966,6.2265644,5.408637,5.9105186
64980,10.894699,10.929348,10.677225
64981,-1.1284881,-0.7152548,-1.1919837
64982,3.0945973,3.5641155,3.6736274
64994,0.12738943,-0.6051216,-1.1083264
64996,13.024582,13.272846,13.577541
65017,5.089078,4.957316,5.1411557
65019,12.010117,12.446085,12.854076
65020,11.545061,12.986978,12.922287
65030,17.464443,17.961353,16.678917
65047,-0.72972536,-0.4055667,-0.4352088
65048,-39.271385,-39.857807,-38.990276
65049,4.848047,4.8228903,4.975175
65111,8.913458,8.888852,8.467391
65115,11.875086,12.915651,12.277967
65121,27.5453,27.599363,27.246536
65124,-10.046474,-8.907623,-8.992958
65125,5.1048746,4.4465346,4.287732
65134,10.39204,8.762154,9.202594
65143,5.1616797,5.1005354,4.2708864
65180,11.447373,11.224955,11.302411
65184,5.9447904,7.330571,7.469014
65185,10.595993,10.332563,10.380419
65192,6.504527,6.760145,6.5857267
65198,9.635661,10.948446,11.141208
65199,-8.947867,-7.8129377,-6.9555387
65203,1.0428939,1.2028451,0.8680916
65231,7.056843,6.7020655,6.8477173
65232,1.655407,2.1642065,2.026523
65253,1.8988256,1.6449361,2.2373567
65266,14.019642,14.137032,14.434168
65283,0.21245766,-0.361454,-0.56981564
6529,-16.99726,-17.134863,-17.08715
65295,5.005827,5.3274317,5.4818945
65299,-18.87435,-18.475513,-19.084518
65300,2.671197,2.2192678,2.531177
65306,6.838421,6.7657228,6.8039403
6531,-4.1987762,-3.4908626,-3.4268901
65312,5.9117703,6.072765,5.968751
65314,7.5481524,7.9790463,7.5927286
65315,9.593182,9.394129,9.486334
65316,8.396408,7.051312,7.111758
65340,5.231098,4.9140325,5.4812856
65378,2.7721262,2.2042847,2.421586
65401,13.476332,12.565364,12.948268
65411,14.564075,14.547154,14.69118
65412,16.112743,16.812548,16.200203
65417,6.2349343,5.494378,5.898555
65430,2.3989682,2.8920357,2.7636197
65433,13.359093,12.808246,13.188805
65449,17.76334,19.036266,18.636904
65454,-44.86573,-44.94912,-45.06581
65456,4.696208,5.1333666,5.3612003
65458,6.824889,7.021863,7.706491
65462,12.444253,13.053118,14.114517
65473,-22.15945,-21.723677,-21.996536
65474,19.422342,20.622383,20.557707
65476,5.944767,4.798702,4.637173
65493,3.522482,4.176921,4.357989
65496,0.40473986,-0.052440643,0.17801714
65497,2.0199304,2.5474749,2.9005413
65508,-69.67983,-67.90233,-68.76958
65551,16.751556,17.098415,18.264086
65558,10.517359,10.292609,10.823552
65559,8.42889,8.192229,8.342237
65560,6.1196237,5.8113422,5.8922515
65572,-2.570214,-2.652424,-2.3550646
65573,-7.9545774,-8.449581,-8.566838
65581,3.9984336,4.5209517,4.366798
65582,7.747318,6.9716744,7.1980586
65585,-1.5890357,-1.5225313,-1.7365878
65610,4.9129024,4.2953978,4.587335
65618,13.160116,12.1212635,11.653899
65622,8.255447,8.886467,8.551091
65626,12.233019,12.408491,12.282316
65636,5.3272066,5.696396,5.2626038
65637,14.607201,13.432234,14.439308
65638,4.403423,4.653091,4.5002623
65639,3.6554232,3.873273,2.9380813
65645,8.086009,8.653559,8.620787
65647,5.877405,5.9927607,5.8407736
65649,13.45405,13.361837,13.1557865
65659,6.138104,6.4171658,6.417722
65726,4.9900823,4.2596784,4.699198
65731,3.6855168,3.161107,3.2794127
65745,16.671303,15.612886,16.301449
65756,8.412303,7.322254,7.6964273
65759,9.181705,9.248692,9.455096
65765,6.2881455,7.39638,6.647416
65770,12.258553,12.542418,11.9827
65771,37.570488,37.28792,37.315956
65772,7.8691072,7.494535,7.6942487
65777,19.302933,16.952118,17.077187
65784,9.770098,10.955152,10.341328
65795,19.317217,18.963617,19.007313
65800,6.864966,7.013685,8.966961
65815,2.982078,1.6877813,2.3309326
65830,10.825752,10.126848,10.886003
65835,-49.685642,-50.367744,-50.235836
65836,5.278579,5.1614532,4.972001
65842,9.523602,8.440922,8.426107
65844,-43.04437,-44.445847,-44.42713
65845,7.7169423,6.933679,6.75205
65849,3.9742413,4.409994,5.146456
6585,3.2605243,2.8770332,3.009221
65877,19.217054,19.49411,19.208534
65882,14.0928,14.486898,14.021989
65884,12.293275,11.543613,11.323108
65885,-43.339905,-44.778427,-45.58788
65889,6.4990582,6.2021074,5.2991996
65890,22.113855,20.568537,21.597181
65892,15.601927,12.371446,13.637022
65898,9.094421,8.252978,8.42458
65900,5.406094,5.7457747,5.140522
65901,10.693258,10.993261,10.866844
65904,11.394543,11.709597,11.665791
65909,3.6531844,7.2026772,6.9565187
65928,-39.245785,-39.72602,-39.604527
65930,34.632317,33.576317,33.084274
65949,9.955537,10.3476715,9.912739
65957,13.675581,13.826106,13.868486
65979,9.813831,10.074034,9.962828
65995,3.3564386,2.9976025,3.2359614
65998,8.938604,8.93903,8.320585
66005,6.9974575,6.9373755,6.770113
66009,1.0685492,1.0734587,1.851315
66016,15.929996,15.499487,15.795869
66019,3.5414448,4.0440354,4.7335677
66024,-181.71677,-183.21747,-182.43758
66031,-34.98344,-34.881126,-34.796253
6607,-3.2132704,-2.479242,-3.0541427
66107,8.469833,8.960226,8.123639
66108,11.553301,9.655233,9.767769
66115,7.92462,6.735321,6.9709134
66119,8.655418,7.049693,7.8585825
66150,0.63451815,1.2132134,1.3236256
66161,0.45150852,0.70842266,0.46795607
66187,3.074903,2.4774146,2.46035
66190,-50.595917,-49.89732,-49.55745
66192,10.029123,10.382618,10.4070015
66201,6.389209,5.3735676,6.1311145
66203,5.722748,4.7889323,6.106723
66204,1.1320329,0.280797,0.98437405
66207,4.8834844,5.305069,5.1491375
66211,30.655388,28.801352,28.596931
66218,-26.665092,-26.968372,-26.734356
66219,9.454937,9.441769,9.19978
66225,23.84961,24.021355,24.258942
66226,-53.08598,-52.310783,-51.649017
66230,-0.19940996,-1.0051126,-0.5858779
66244,-0.37535954,0.46054745,-0.3697629
66248,11.253392,11.732466,12.050206
66249,12.583519,12.388721,12.406633
66250,0.5848346,-0.16999245,-0.22316837
66251,18.499197,18.225416,18.12319
66254,-9.687128,-7.5860295,-7.6267505
66258,2.4283004,3.29387,3.195736
66259,7.3952675,7.94234,7.8423376
66263,-45.925377,-47.01467,-47.59524
66266,6.338946,5.91856,6.736835
66270,-9.760647,-9.491395,-8.924809
66279,0.77853584,1.040669,1.1473231
66285,1.6677036,1.4959006,1.3961711
66286,3.2582288,3.0214458,3.2537918
66290,24.704094,25.351654,25.211342
66298,5.500378,4.9536057,5.132098
663,3.5764303,4.1536303,3.920703
66306,3.8605084,3.7871928,3.8620806
66319,17.50304,17.47284,18.925694
66324,19.915676,19.257515,18.82638
66337,8.365726,7.7248597,7.479211
6635,0.9591756,1.0278134,0.9646621
66351,9.221417,9.046482,9.137288
66364,24.877094,25.973408,24.904438
66383,6.6430426,7.8155675,7.796383
66394,-3.718368,-3.5426822,-2.9715533
664,-0.1822381,-0.2942109,-0.56713295
66401,-0.11671853,-0.06411052,-0.136976
66402,-37.90661,-38.37391,-37.457066
66418,10.328992,9.289484,9.426309
66435,3.9342566,4.1652746,4.393217
66437,2.839707,4.5519724,4.532542
66440,4.7669725,5.6174994,5.986264
66445,3.5550506,4.029193,4.3154316
66446,5.476868,6.030194,6.124175
66449,7.872566,8.01021,7.8368616
66450,3.7798154,3.3294327,3.5373533
66451,12.766117,12.7161,12.275011
66456,-5.8477006,-4.3731914,-4.1005
66463,-2.161548,-2.4310358,-2.3538506
66466,-0.82791376,-0.8292589,-0.79933596
66467,9.98225,9.637846,9.674311
66469,3.2041826,3.1980267,3.1189923
66470,1.3890367,1.5739775,1.4746089
66477,1.6707082,1.8635468,1.9578547
66486,9.670891,9.64259,10.046218
66493,-32.77343,-34.647827,-34.584953
66501,4.5814266,4.315296,4.148524
66503,0.3443842,-0.17826843,-0.48738003
66505,-41.094852,-40.700897,-40.535194
66507,32.78859,31.773848,32.521366
66514,10.167368,7.4703298,8.357502
66522,12.799992,12.224281,11.491636
66536,-3.4445121,-4.896053,-4.8911242
66537,10.198849,9.74959,9.493795
66542,6.481606,6.440056,6.3924737
66543,7.683027,7.2238326,7.1577373
66544,-36.61883,-35.930325,-36.23363
66546,7.2298803,8.020327,8.116804
66548,0.6328182,0.94833183,0.8921056
66557,-5.0806513,-4.707318,-4.552505
66565,-46.428665,-46.347496,-46.17993
66570,1.988553,2.104093,2.5818596
66575,4.975423,4.5109897,4.754101
66577,7.366333,6.8091097,6.078421
66578,11.617413,11.278211,11.938967
66579,9.344236,9.213345,9.416104
66711,-7.6847014,-7.0911813,-7.209644
66712,2.4837584,3.8228774,3.8351583
66714,-15.944958,-14.393849,-14.642466
66718,13.27734,13.664282,14.276181
6672,3.6592045,3.280261,3.4522104
66724,21.069609,21.56726,21.293373
66725,16.26247,16.159512,15.794533
66728,-49.50342,-49.238094,-49.975403
66737,5.5696983,6.1282797,6.0850463
66841,-3.3879595,-4.045165,-4.4485273
66848,1.3111839,1.6508212,1.6119137
66855,6.010489,7.4816027,7.2730083
66878,-1.4283347,-1.066947,-1.172234
6688,-1.181169,-1.0296702,-0.6977639
66897,-33.778618,-33.899662,-32.200436
66902,9.008076,8.188179,8.3076515
66903,7.727441,6.043415,5.32847
66911,11.22786,12.246807,13.855618
66927,15.854869,17.543552,17.656303
66931,2.3784676,1.18543,1.8108096
66944,-8.126928,-6.2015,-6.7907276
66955,-49.279858,-49.898552,-48.98014
66956,2.44344,2.2785149,2.371933
66964,23.511066,25.058445,24.959404
6698,2.057444,2.5191069,2.3052654
66981,-52.134888,-52.233566,-52.647728
66996,9.518774,9.967885,9.86068
67004,-33.121296,-33.30929,-33.747265
67023,147.48682,147.236,146.87978
67024,9.594568,9.246125,8.99859
67036,15.617026,15.063032,15.593481
67037,10.590853,9.90044,10.297495
6704,6.086622,6.887569,6.411597
67047,9.51025,10.444478,11.339993
67093,2.5807269,1.6848888,1.3935213
67098,-54.998543,-54.90757,-55.606308
67102,9.675116,8.955872,8.535774
67105,12.264726,13.915442,13.849491
67106,4.1630225,2.7832088,2.5386047
67108,15.644718,16.908207,16.904387
6712,-2.7551596,-3.2165167,-2.6150558
67136,-6.4118886,-6.1306868,-6.565736
6715,0.820745,0.35191965,0.66554594
6716,24.68195,25.450485,25.82779
67202,6.085982,5.1864634,5.3867
67207,14.180954,14.720734,14.660681
67208,11.977659,12.276299,12.644283
67219,-2.4542556,-1.9259558,-2.2988586
67234,2.1885805,1.8307347,2.2503085
67236,15.843735,16.391018,15.6921
67244,8.856119,9.412865,8.647995
67249,11.044089,11.124962,10.872674
67251,7.8880014,6.810407,6.06088
67256,-59.11363,-60.322975,-60.1147
67257,12.315759,12.85623,13.40993
67262,-48.77388,-47.302246,-47.51419
67263,3.197846,2.8419757,3.1400113
6728,16.951397,17.147411,16.913996
67289,8.762747,9.956651,9.812999
67300,-7.7601156,-8.016352,-7.9784536
67304,-3.1713364,-1.7067602,-0.5158937
6736,-4.277138,-3.5424209,-4.0558567
67370,-3.8220382,-3.911005,-3.904697
67393,7.736519,7.5299735,7.6615424
67406,2.2313719,2.2829902,1.7669797
6746,3.751789,4.30706,4.4803057
67516,9.32415,8.522036,8.44042
67518,-2.352531,-3.3728828,-3.6254358
67533,6.562706,7.3908105,7.309966
67613,-51.930473,-53.030315,-52.543118
67614,1.2065549,1.0235367,1.3795614
67615,10.728372,11.674796,11.461355
67625,-11.319312,-8.866627,-10.11979
67651,7.500301,7.3095927,7.288832
67668,2.5792356,3.0963235,2.8277707
67669,1.6752176,1.4628458,1.6398258
67672,7.98996,6.0815697,6.7773123
67685,10.463845,10.051275,9.822666
67704,13.943609,14.150513,14.448172
67712,19.262283,21.96774,21.476347
67719,10.324974,9.960559,10.465212
67720,11.481678,11.274032,11.572661
67758,0.4185524,0.14782953,0.48602247
67759,-4.124766,-3.7871656,-3.8881378
67763,1.9703326,2.5244007,2.398326
67768,4.356683,4.577827,5.21287
67770,1.6054382,0.5963421,0.9652262
67771,4.54251,4.330009,4.47214
67772,2.2472782,2.956708,3.6103806
6781,20.27453,19.947678,19.966383
67837,9.470478,9.881461,9.793991
6784,2.858615,1.9484038,2.4586391
6785,12.793116,12.084259,12.114938
67858,3.9133143,4.2172003,4.4094553
67892,2.6752315,3.433681,3.7345824
67893,4.587574,3.7728987,4.5762467
67894,8.358971,8.497316,8.672024
67896,-3.8709755,-3.2847867,-2.3021374
67905,33.016968,31.174522,30.90051
67909,7.9193897,7.943821,8.161448
67912,6.7867546,6.7735076,6.6555185
67915,8.479214,7.889167,8.071274
67916,3.5975418,2.9072433,3.1617374
67924,4.587796,4.4601293,4.8186197
67933,-1.1549087,-0.86322355,-0.39185858
67949,5.459068,5.489996,5.9694257
67950,2.9729729,2.88901,2.9328585
67951,0.47680807,1.0065403,0.7824335
67961,-49.917957,-50.051132,-49.900063
67966,6.1836114,5.084223,4.8352733
67968,9.915249,11.243401,10.623433
67971,-8.549627,-7.2153163,-7.9595137
67972,0.75176525,0.87095785,0.7189503
67978,-1.0164187,-0.9355757,-1.130934
67982,4.403249,7.2964654,6.5895295
67983,-46.844643,-47.192425,-47.91143
67987,3.7125719,2.5161538,2.3385563
67990,11.768881,11.091957,10.747378
67992,-1.6401439,-0.44052505,-0.7908573
68000,4.819604,4.7495246,5.261448
68001,14.8350525,16.942032,17.24876
68002,16.226267,16.951979,16.7432
68004,9.130718,8.107292,7.9847765
68005,3.7852716,4.0073013,3.9599
68007,4.993784,5.0467486,5.2362547
6801,15.1482725,14.285488,12.609424
68013,9.33231,10.009781,10.026045
68016,4.676402,4.415879,5.4450197
68017,2.3258185,1.8336267,2.3747778
68021,-51.61345,-51.801556,-52.01422
68040,7.1470823,7.2214584,6.8903303
68042,10.525757,10.572258,10.5567665
68045,-44.26838,-44.988266,-44.85317
68046,0.0691762,0.5825062,-0.11767483
68048,-7.908243,-7.9656935,-7.856306
68049,2.981822,2.915578,2.974422
6805,9.542116,11.710028,11.113891
6806,-3.206368,-1.6600866,-2.1556334
6810,14.32028,18.081963,17.70763
68104,9.835496,9.784546,10.041155
68121,12.879428,12.285053,12.394737
68132,2.0100265,1.9530234,2.1736436
68137,18.17118,18.417162,18.268585
68140,-6.309528,-5.179242,-5.739005
68141,1.2161725,0.20990181,-0.021386147
68180,6.7243376,6.4966125,6.7122293
6819,0.933939,0.20938921,0.597867
68198,-8.763839,-7.202177,-8.269586
6820,-0.27045155,-0.0747447,-0.033153534
68204,19.756077,19.830612,19.932114
68207,18.46265,19.102587,19.318945
68218,21.291319,22.627832,22.31294
68236,10.584721,10.772707,10.375368
68237,7.291365,6.849447,6.418063
68242,2.1799064,4.216979,3.388294
68246,6.7013235,5.972086,6.7059565
68256,-51.63277,-51.553623,-51.81099
68257,19.792356,19.293169,20.400103
6828,10.853568,10.537327,10.741606
68280,9.698406,10.53462,10.288441
68281,4.1668773,3.575263,3.8498554
68283,-0.35620165,0.4574294,-0.10712767
68284,1.6198087,1.9640722,2.1377907
68285,-0.60536194,-0.81712437,-1.0563655
68287,0.43240547,1.4810882,1.4596434
68289,1.829174,2.3707933,2.1584344
68291,-1.3138587,-1.4918339,-1.475435
68292,9.529846,9.553211,9.379179
68294,13.332413,13.057347,13.691196
68303,4.501845,4.4502954,4.5428085
68313,-29.305517,-29.681839,-29.55297
68314,3.299501,3.366189,3.4034295
68316,12.470354,12.869248,12.704844
68322,-3.652707,-3.630713,-4.3528037
68333,5.7370377,5.712628,5.7016296
68336,15.025193,15.192493,15.229039
6834,3.2074876,3.1448727,3.0814052
68348,0.06375313,0.17350483,-0.033211708
68350,16.355717,14.436434,14.130808
68357,6.7297416,7.6456413,8.023269
68360,3.1537814,3.4025097,3.4054675
68364,-1.6373987,-2.0327525,-1.9350634
68366,5.9059987,5.589825,5.99252
68374,-3.2382014,-3.8521066,-3.8184824
68379,-42.953243,-43.771324,-43.677624
68384,11.460389,11.3246155,11.292772
68386,9.7451725,8.507395,8.815983
68393,7.9183664,7.3682,7.223939
68396,6.912113,6.692564,6.260066
68398,4.599217,4.2677617,4.1236696
68404,7.818836,8.297287,8.33162
68407,2.81877,3.1029687,2.7579603
68416,0.6573138,0.2119894,0.30875254
68419,0.27428293,-0.5313511,-0.6409583
68422,2.2045996,1.1824346,1.8230419
68427,4.23332,4.273222,4.244165
68428,5.8359103,5.8870764,5.823374
68430,-4.79325,-4.3357415,-4.8238926
68433,6.3410177,6.0235596,5.8772964
68441,4.244611,4.7399964,4.8135433
68457,7.9173784,8.150792,8.200754
68462,3.9057794,3.694303,3.9666033
68484,8.189787,8.715822,8.258635
68485,8.714445,8.773007,8.973435
68489,18.389755,17.035767,16.661407
68490,3.164783,3.974697,3.210968
68499,-30.35202,-30.307474,-30.344757
6851,3.2249799,2.4789839,2.3365498
68526,-1.5120158,-1.3886776,-2.7724109
68531,8.914548,10.591589,10.650214
68532,-1.3915083,-1.8334558,-2.4210699
68549,-2.9513102,-3.1340399,-2.9318047
68553,-39.97514,-39.346077,-39.46016
68555,19.681051,18.349346,18.177517
68569,7.883226,8.747215,8.576973
68571,5.2104235,4.5956974,4.5193925
68572,-0.5884671,1.8821726,1.2661996
68574,7.399449,6.927389,7.3437014
68584,10.090412,10.204056,10.187213
68589,-34.809242,-34.015564,-34.662415
68592,7.694772,8.067072,8.285004
68593,10.084785,10.064348,10.208572
68595,-7.2001133,-6.8508573,-6.9445963
68598,-25.653387,-25.958399,-25.875143
68604,15.158693,14.814765,14.9760475
68606,5.1853447,4.8929253,4.9030805
68614,6.768001,6.5400753,6.7042212
68620,12.049956,11.716359,11.674843
68703,10.0337925,11.077915,10.574398
6874,12.869047,12.527426,12.328695
68790,6.416856,6.0827937,6.252914
68792,-29.908066,-32.70748,-32.462067
68794,-62.91048,-63.244316,-62.97907
68798,9.754099,9.859257,9.995652
68800,-0.5086477,-1.6498599,-1.8809309
68804,15.408074,15.292423,15.271997
68807,-38.195183,-38.67019,-38.805416
68825,4.2256293,4.2972684,3.6204715
68828,-37.63102,-38.803875,-39.255104
6883,10.97127,10.015147,9.713734
68830,7.629206,7.6244473,7.6920996
68831,9.928354,11.902454,12.024054
68832,1.1793208,1.432189,1.326643
68833,18.97093,17.755793,18.334839
68834,3.2512913,3.9342718,3.8422089
68836,6.866554,5.9665995,6.3786974
68841,3.7251766,2.9107242,2.3701668
68845,-10.626731,-8.797225,-8.431204
68846,12.278971,11.801318,13.228184
68847,7.930886,8.04797,8.76153
68851,9.299908,9.116415,8.961677
68854,10.253546,10.359099,10.167777
68863,8.308334,7.072255,7.3230352
68864,-45.167686,-43.303642,-44.15037
68869,-48.646244,-49.5613,-50.7235
6887,10.739758,10.733756,10.831462
68900,12.569445,12.256581,12.991411
68903,14.1196995,13.486501,14.086405
68905,14.020908,13.634998,13.82765
68906,-36.74947,-37.03605,-36.77325
68908,14.898371,17.212282,17.055386
68911,12.867243,12.040004,11.663595
68913,10.768634,9.39912,9.628265
68914,11.792021,11.903576,11.365766
68920,1.1492233,1.511581,1.2655001
68924,6.0476,6.57742,6.6086802
68926,-30.796122,-30.81791,-30.355238
68932,12.582676,14.31675,13.219019
68940,4.782883,5.3974404,4.97972
68943,10.194129,9.451624,9.770384
6895,7.9703317,7.9430885,7.738163
69004,1.4556007,1.5851898,1.8095436
69013,-7.3331404,-8.016357,-8.276688
6906,19.043434,19.00434,19.29576
69126,15.37967,15.962668,16.70063
69136,-0.6706209,-0.7684388,-0.58084345
69147,-0.2398014,-0.60798883,-0.55767965
69155,14.613863,13.209764,13.357127
69156,-39.49003,-40.751537,-40.18137
69166,3.3995495,3.782888,3.1366124
69167,-1.1388788,-0.910512,-0.8439517
69188,14.838706,15.851539,17.104912
69191,20.181387,19.949675,20.202238
69198,6.932851,6.381064,6.393289
69200,1.6317625,1.6677303,1.7629457
69203,9.577267,11.242988,11.930423
69205,9.841589,10.1674795,9.909706
69206,15.870173,17.579498,17.95122
69208,29.176739,30.05984,30.04971
69215,-39.14166,-39.60389,-40.36572
69218,20.320974,22.519238,23.775509
69219,7.8459797,7.9580317,8.037971
69220,2.170632,2.5188565,2.5171933
69221,-1.9076946,-1.8964064,-2.045448
69222,0.19820929,0.5873766,-0.07895708
69224,10.947432,11.146185,11.806847
69226,1.8879547,1.9476371,2.6202059
69227,5.102033,5.5605817,5.1536894
69274,18.244827,18.630135,18.812403
69283,3.664753,3.745512,3.8112135
69284,3.6157188,3.7157454,3.6885152
69285,5.568315,5.6904454,5.6870832
69294,-5.201322,-4.7911677,-4.8397655
69297,14.445592,15.704134,15.11228
69304,20.053915,19.34511,19.429897
69313,2.9715548,3.4338446,3.2336063
69329,5.4577227,4.4158473,4.5566325
69330,-0.30210924,-0.02238655,-0.06429815
69331,4.002378,3.709745,3.2864037
69335,23.854002,23.182611,24.408268
69341,6.7912493,5.7190423,5.3129125
69342,-2.3335164,-2.519211,-2.361894
69343,12.488989,12.365204,12.489086
69352,8.847501,9.25198,9.369628
69353,19.147614,20.20937,19.305897
69355,1.3425059,1.0201001,1.0759902
69356,0.8606992,0.5510602,0.58228207
69388,33.02443,30.831303,30.150173
69389,1.1258979,0.48312664,-0.4708619
69390,14.039295,15.832514,16.058329
69400,4.976186,5.809684,5.794152
6941,-51.059654,-51.38636,-51.656124
69413,-39.976067,-38.990196,-39.06183
6943,10.046316,10.431144,8.845276
69440,25.963314,27.78731,26.826735
69504,-38.5418,-36.552994,-36.91514
69514,-53.26262,-53.208805,-53.219753
69515,5.117561,4.3277273,4.094138
69527,0.17703438,1.2084975,1.1165357
69529,10.351921,10.231732,10.108811
69554,-34.045494,-34.202988,-33.929176
6957,10.470102,10.63857,10.516455
6958,22.211222,21.836351,22.673668
6959,10.613571,10.597118,10.618034
69602,-9.7866955,-9.05871,-8.958481
69607,3.9884038,4.4920535,4.6562834
69724,1.4358659,0.5675378,0.25162554
69725,-2.2989345,-2.6419983,-2.5171952
69738,7.8928742,8.843045,8.690653
69739,4.135213,4.0330496,3.9640903
69740,3.8101645,3.7013407,3.4519196
69751,11.766281,10.812029,11.357355
69763,16.239182,16.612366,16.607773
69766,5.2359934,5.50782,5.4691377
69799,-0.91967297,-1.9056826,-1.6472344
69800,2.4181628,3.4233294,3.05299
69802,-4.183054,-4.6622353,-4.356922
69804,4.1967845,4.3708367,4.374599
69807,12.50975,12.85912,13.491406
69808,7.1844773,7.718915,7.6945105
69809,1.6647539,1.7765398,1.8212175
69810,2.2593346,2.2936692,2.594664
69811,0.4517107,0.6666117,0.662117
69812,-38.49583,-38.37869,-38.44272
69823,-47.71144,-43.87749,-43.552177
69824,10.939751,9.834095,9.954117
6983,5.180355,5.4950366,5.505964
69855,-2.398985,-2.2968245,-2.0576253
69858,-1.2088447,-3.4839544,-3.1201434
69877,5.9959846,5.684144,5.6981
69879,15.83502,16.904785,17.162601
6988,7.717052,7.4273167,7.4760623
69897,9.776224,10.1583805,9.68971
69902,14.342912,14.786583,14.344654
69905,0.49096823,-0.2389102,0.2905469
6991,-42.27224,-41.857674,-41.877262
69910,-0.81179667,-0.8074298,0.03320408
69925,8.057009,7.844398,8.227401
69926,6.219678,5.2564335,4.9309516
69927,4.7624955,5.3802304,4.8354764
69928,11.505453,12.806166,12.575833
69929,-3.764635,-2.909371,-3.067237
69930,5.7056823,6.0137935,5.9104996
69931,-39.35249,-38.927963,-38.987495
69932,6.2955904,5.9894323,5.185202
69937,10.11813,10.329042,10.268362
69939,6.167594,3.042448,2.0849013
69940,12.890638,13.198299,11.99663
69942,13.758341,13.912351,12.473306
69943,15.951607,14.893166,14.42594
69952,15.62044,15.944584,15.194695
69957,7.063203,8.078421,8.275793
69958,3.3145857,4.65286,4.8876925
69961,8.659464,7.53677,7.506528
69962,12.958015,13.715725,13.2755375
69986,7.4579678,8.444666,8.298864
69992,12.875399,13.8098545,13.342308
7,-4.59181,-4.2626786,-4.4041696
70,0.1459589,-0.038654804,0.107486725
70004,19.449537,19.078133,18.890919
7013,11.29299,12.074077,11.55611
7014,8.215927,8.026958,7.877457
70202,10.847921,10.963538,11.507598
70206,17.86535,18.225943,18.610933
7025,25.182537,25.103722,24.505014
7027,4.151179,4.1024537,4.108283
70308,20.671244,20.641891,21.45861
70321,10.419893,10.14409,10.980488
70322,0.35536957,0.27534246,0.5530572
70333,-1.4193854,-1.1045017,-1.2776303
70373,-47.432022,-47.23764,-46.63973
7041,-36.96225,-36.900032,-37.072372
70418,2.300904,-0.113049746,-0.1664002
70443,5.8802943,5.0545363,5.172057
70507,40.395367,39.206215,38.701332
7051,11.511803,11.545466,11.504134
7052,16.302237,15.557592,16.797226
70525,3.3776855,3.0750394,3.0991416
7053,-55.89234,-55.307514,-54.219704
70532,9.783137,9.150732,9.0627575
70534,-1.7386689,-2.3089838,-2.62249
70536,6.625267,7.275009,7.0431647
70537,6.1130943,6.7537103,7.031185
70538,3.5563855,3.1153994,2.376165
7054,10.642244,10.421754,9.302465
70589,12.525677,13.062265,13.108351
70600,13.422177,13.568203,13.022608
70631,-0.41977072,-0.5855112,-0.30985165
70714,11.242348,10.823324,11.146927
7073,5.7103963,5.304466,5.996628
7074,-1.2815065,0.20642424,-0.13842344
7077,14.508165,13.859756,13.3298645
70813,4.926505,4.7099257,4.9860353
70835,12.027861,14.155453,13.517706
70859,12.587386,14.150168,14.511636
70860,12.490523,11.458912,11.436007
70861,13.431193,13.00623,12.818416
7087,9.744139,9.668467,9.316995
70873,4.45619,4.5396085,4.245143
70875,2.4302459,1.8921294,2.0125027
70877,15.321165,15.303421,15.580092
70878,15.500866,14.968705,15.117002
70891,4.7977633,3.7140903,3.400918
70892,-5.881354,-4.8813934,-5.287703
70894,4.4327874,7.091623,6.0323005
70897,9.351197,10.355348,9.20514
70902,8.198321,9.29401,9.223314
70903,12.534397,11.310265,11.328358
70904,16.094322,14.08828,14.688057
70916,2.958364,2.9437428,2.6232762
70920,-28.537346,-29.272137,-29.324146
70925,13.526709,13.233172,13.004786
71003,8.290243,7.9997096,7.015133
71063,2.8907452,2.986525,2.989046
7107,25.922731,25.808292,25.613792
71082,-1.7140794,-0.51224566,-0.8248482
71091,-55.504955,-52.282845,-52.002735
7111,5.8697968,5.5909433,5.741938
71168,3.2883663,2.6796446,3.016488
71175,11.815262,11.549047,11.453427
71200,7.839685,6.824077,7.237904
71203,-2.5313187,-3.2429705,-2.9804215
71204,1.184278,-0.015420437,-0.015633583
71205,1.395998,1.6900215,1.8738651
71211,4.7487063,5.928404,4.8549347
71213,7.392906,7.3034267,7.7552233
71214,7.4772882,7.921224,7.7195945
71217,-29.113655,-28.514946,-28.307373
7124,12.104858,12.050114,12.323276
7126,7.046614,6.7525086,5.3345475
7127,4.702635,4.43021,4.525358
7128,19.187838,16.29985,16.036274
7135,5.83772,5.1213512,5.136397
71469,17.250021,16.598192,16.60559
7151,11.938911,11.643394,11.885486
71536,-10.431838,-8.498174,-8.14971
71627,-40.77215,-40.95575,-40.688194
71670,4.3875046,4.2572255,4.480833
71673,5.9965773,5.921249,6.173131
71685,7.8841095,8.329246,7.964859
7169,8.294973,8.723645,9.197584
71697,9.776618,10.702679,10.342438
7170,8.803862,9.351143,9.3816395
7173,24.336557,24.153303,23.716728
7174,18.43988,17.900803,17.884861
7194,1.6275206,1.9309659,1.7485528
7195,12.279036,11.643106,11.699905
7200,-55.75182,-53.532005,-54.575085
7201,15.301249,15.85453,15.962982
7203,8.355461,8.436256,8.273508
7209,-49.581036,-49.50757,-49.149494
7214,-52.603252,-52.21447,-52.392746
7216,-44.3626,-44.95908,-44.780273
7218,18.632439,19.41933,18.943153
7235,1.7473431,1.4054928,1.7451077
7238,-41.4021,-41.754948,-41.600384
72392,5.760644,3.8084984,4.1010656
7242,0.9075234,0.19789648,0.07871199
7243,-42.020176,-41.293137,-41.586636
7245,3.66964,3.286518,3.6131067
7246,4.8152385,4.573928,4.563704
7251,0.14679146,0.55099463,0.39864206
7258,-2.8803525,-4.598223,-4.936594
72590,16.471645,17.582281,17.557789
726,8.874945,8.630976,8.654755
7260,13.86427,13.508241,13.63722
7262,14.126118,13.9549465,14.131109
72688,9.48633,9.114668,8.832773
72694,5.0250254,5.3456783,5.4933186
7274,12.007961,11.839312,11.770922
7275,6.7743616,7.002701,6.974366
7279,-57.10794,-56.83694,-56.505005
7282,-5.760829,-3.7817771,-3.918984
72828,2.3236604,1.8179283,1.4149222
7290,6.4065,5.4710445,5.0001173
7299,-27.983593,-28.104258,-28.33038
7301,-1.0129623,1.7560997,2.2746358
7313,5.6185985,5.1428924,4.84578
7328,-3.8246295,-3.9755123,-3.7770655
73319,5.3887024,5.5051794,5.452509
73354,11.819849,11.786528,12.103966
73360,-0.41397142,-0.4406519,-0.6414962
7338,5.5231967,5.4229627,5.2886896
73395,14.599096,15.745186,15.0728035
73399,15.419957,15.449215,15.533787
73469,7.955114,8.132576,8.063243
73497,1.9885964,1.5833745,2.2660847
73498,19.278803,18.13667,17.810482
7360,11.543593,10.848349,10.558485
7386,1.5306029,2.191915,1.6485634
74006,6.2494903,6.832466,7.235779
7402,31.721983,30.189882,30.443283
74079,1.8552909,2.047515,2.1602044
7408,6.523,6.5267525,6.4699864
7415,13.69149,13.106372,13.183331
7427,13.295513,13.336775,13.691827
7430,-8.503765,-6.3164067,-6.2327642
7437,-31.490505,-32.06918,-31.61348
74394,1.2506232,1.0893717,1.181642
74417,-4.271657,-4.820468,-4.792159
74423,5.5138407,5.639267,5.6852474
7445,-0.5868826,-2.0019174,-2.4822102
74453,14.534334,15.577519,14.5229
74482,1.3779716,1.0249791,2.2920914
74497,5.5197725,4.8442593,4.8530893
74522,5.3583,5.1454124,5.6327777
7454,188.87923,188.53651,189.29448
74588,0.06063986,0.3789091,0.36017036
7464,10.112132,10.549649,10.123026
7466,15.844674,15.458527,15.318527
7471,10.995764,11.533434,12.014795
74727,-5.5564466,-5.2210984,-5.0627418
74731,9.567774,7.9969535,7.8158875
74737,12.330114,11.182732,11.128437
74743,4.100745,3.2044988,2.5590272
74746,25.63129,24.359644,24.264553
74747,21.790792,21.359518,20.943424
7477,4.9143453,4.714929,5.0155864
74770,11.798309,10.759872,10.980392
74774,5.4200315,2.2589636,2.5035295
74775,9.783684,9.601235,9.6605
74776,9.101964,8.821652,8.918928
74781,9.606741,9.584153,10.063563
74929,-1.6635132,-1.9889255,-1.8657737
7495,10.692925,10.825188,11.041127
74960,5.156311,5.2552814,5.1699142
7497,17.045895,16.834698,17.068497
74979,10.6331215,9.771825,10.20771
74994,-30.5415,-30.902979,-31.154388
75018,8.546597,8.750536,8.691687
75054,11.953599,9.78635,9.925058
7506,3.398078,3.2597055,3.4284873
75061,23.379072,24.112576,24.082308
75090,0.7036352,0.35622358,0.7596421
75093,5.6308722,5.613295,5.6611404
7514,33.240604,32.68994,32.712547
7517,13.491528,12.978798,12.637607
75261,6.1002083,6.310302,5.8524475
75271,10.558723,11.675737,11.304485
75289,5.768816,6.077489,6.170453
7530,-23.402771,-22.860004,-22.788414
75515,12.977671,13.049472,13.360617
75537,10.020533,9.016584,8.795145
75548,8.428436,7.5016947,7.48102
75551,10.7241535,10.40385,10.500618
75557,-13.916952,-14.039169,-14.3480015
75575,12.87506,12.428083,12.455872
75578,7.125062,7.626581,7.9009304
75593,-34.329865,-33.813843,-34.24946
75605,-2.8999913,-2.874519,-2.5718162
75607,2.4986265,2.0260448,2.0206356
75608,13.909481,13.253723,13.545849
75629,13.429314,11.802559,11.651954
75639,3.7272305,4.2092166,4.5017896
75643,21.152206,20.570831,20.319656
75644,31.516197,28.584206,28.27983
75648,8.669585,10.1182,9.5546055
75657,11.565466,12.104734,11.6410265
75659,-12.784394,-13.017273,-12.668422
75660,9.2254715,8.916899,9.1835575
75661,11.700208,12.368898,12.224016
75662,10.274704,10.259092,10.406316
7568,-32.04105,-32.061188,-32.147972
75692,2.1844673,2.0879006,2.0274801
75696,7.9577394,8.491833,8.163229
75698,16.581032,17.162445,16.968227
75869,7.520004,8.683574,8.46833
75877,-0.08291006,0.91816473,0.805964
75897,-3.3932095,-4.210151,-4.737011
76046,5.4992986,4.7053328,4.285079
76053,2.0175972,2.0902476,2.4015489
76054,10.460636,10.427031,10.682676
76057,29.561659,27.858261,28.38895
76060,20.585527,20.049137,20.128765
76077,16.413128,16.449686,16.766151
76085,-2.3333182,-1.1969132,-1.0644813
76087,-0.6892104,-0.67071295,-0.9025507
7609,12.772187,12.79134,12.868971
76093,18.8639,18.523952,18.819931
76096,12.724047,13.421192,12.531105
76114,13.177923,13.500115,12.924392
76115,6.29923,5.9935665,5.940918
7612,7.6949077,7.550792,7.538259
76135,6.764171,6.818198,6.6801276
76144,11.153503,10.486503,11.930484
76145,38.42027,37.70791,39.19078
76163,2.728685,2.437601,2.880979
76168,5.931338,6.0596,5.998512
76173,5.6623936,5.4333076,5.5164475
76175,6.634047,2.1082854,2.9375691
7618,8.743406,8.133829,8.514114
7619,13.203518,13.04762,13.248622
76191,3.1005774,4.218236,3.8282752
76208,12.594988,12.991314,12.802979
76221,8.171021,9.304105,8.945049
7623,1.8597226,2.0630398,2.1575274
76257,3.5329008,3.3841467,3.3173718
76260,1.9328041,3.6158447,3.407268
76268,5.535876,6.571789,6.320249
7628,10.73661,10.6184435,10.45754
76302,4.9544997,4.8123126,4.866548
76308,8.173189,8.216675,8.304633
76332,-2.5927663,-2.8387594,-2.7519202
76359,9.499761,8.910217,8.710392
76369,4.5645595,3.7725334,3.917808
76370,13.527197,12.862011,12.803577
76384,9.983002,9.891993,10.021826
76389,-1.6368313,-1.1520877,-1.3771634
76390,5.246796,4.5546975,4.8120112
76393,6.983494,7.100475,6.5108647
76399,5.0354176,5.4321504,5.0212946
76400,9.673963,10.819409,10.655066
76404,8.091627,8.564016,8.9768305
76411,15.945971,14.394984,14.379502
76424,10.149387,8.065077,8.305853
76427,1.162591,1.0291042,1.0117993
76443,1.5003281,1.1603837,0.82451916
76458,-54.715508,-56.438293,-56.112175
76462,11.67223,10.19764,10.817983
76467,6.260724,6.472723,6.737003
76475,24.329676,24.31179,22.990719
76477,26.540245,25.88099,26.06563
76481,-2.085571,-3.0647557,-2.9855049
76484,4.180464,4.01051,3.9725876
76485,4.807294,4.4807153,4.4784
7649,13.863863,14.188854,14.58467
76495,4.549864,4.388036,4.4461884
76504,-5.602607,-3.797135,-4.4251213
76517,-2.9833326,-3.544805,-3.5593815
76524,13.844917,14.362323,15.030006
76525,-1.6768966,-1.647614,-1.8049817
76530,14.382493,14.347685,14.052092
76531,4.640202,3.7482066,3.3810625
76539,15.484369,15.0228405,15.192852
76540,11.415657,10.608388,10.815705
76548,12.279404,12.298895,12.08243
7655,5.1308136,5.045106,5.4492817
76553,11.304096,11.934185,12.7255335
76565,2.0942147,1.8755503,2.15759
76567,11.99965,11.7268505,10.807386
76569,6.7326784,5.400302,4.980449
76580,5.3470135,5.1083026,5.3471384
76586,5.6332755,4.8316617,4.13829
7659,-0.7436366,-0.39878893,-0.31210613
76590,20.45385,19.807604,20.424156
76591,10.52746,9.703897,9.056545
76594,-42.938213,-43.11309,-43.06372
76595,-6.1399384,-5.021061,-5.17377
76596,-6.481101,-6.160372,-6.59614
7660,21.220564,21.80999,22.048794
7663,-23.609032,-23.062069,-23.21671
76713,2.8342986,2.6548276,2.5049734
76731,5.2624173,4.5676556,4.9080033
76732,2.3461337,2.0250463,2.4741411
76733,-53.353443,-53.3925,-53.999306
76734,22.962202,23.014214,21.497486
76736,21.453121,21.694515,21.268677
76738,34.703827,34.359135,33.44655
76740,44.806034,43.088787,43.053043
76741,30.462914,29.294262,29.287952
76749,8.536781,9.278502,8.872653
76751,8.099259,9.404514,9.136227
76755,5.600541,4.436676,4.4560366
76771,16.2401,15.810007,15.767269
76775,-3.3021739,-2.8339074,-2.6339967
76781,8.694366,8.998472,8.863944
76807,6.090152,6.024419,6.473796
76809,9.081352,8.976413,10.249448
76827,15.22678,14.092282,15.595892
76834,16.024591,16.027567,16.469275
76838,0.20419693,0.39639854,0.3126936
76841,-0.19815493,-0.6245489,-0.43768215
76843,-0.3466053,-0.3739009,-0.42252684
76844,-0.035250664,0.088056564,0.28233337
76853,-1.4329562,-1.7338943,-1.7056122
76857,0.64897203,1.3067608,1.261436
76858,7.561985,7.679057,7.3352127
76864,3.036336,3.5206623,3.2233033
76866,0.50498295,0.23325348,-0.17216969
76869,-42.389797,-41.76259,-41.794243
76871,-44.75603,-44.226486,-44.572166
76876,-14.116941,-14.096344,-13.719381
76896,-43.201023,-43.00466,-43.117046
76900,1.1005044,0.1318698,0.0905509
76901,1.389751,-0.09444666,0.40753126
76911,7.101466,4.8565636,5.6385984
76912,2.1241412,1.8747606,1.8403659
76930,15.54432,15.862139,14.374459
76933,10.469463,10.616501,10.652832
76939,6.468595,7.12278,6.780458
76940,0.14465809,0.09891176,0.0242486
76966,-0.8585329,0.23122549,0.18201351
7699,5.9918284,5.9747863,5.7889395
77006,10.037684,9.679174,9.661562
77019,12.513807,11.856044,11.993229
7704,3.545354,3.590057,3.783885
77046,17.502647,16.54979,17.083153
77050,8.436521,10.088436,9.782005
77051,-7.3792014,-7.537791,-7.364792
77055,5.1815414,8.895678,6.8662596
77068,7.021987,6.251988,6.4404583
77070,-0.41365814,-0.26526356,-0.16597939
77072,0.6664038,-0.09818983,-0.25653696
77087,3.0642238,4.596991,4.455658
77104,7.1516666,7.6050963,7.3661304
77108,19.089464,18.926186,19.157318
77116,15.923723,17.445646,17.345295
77125,-10.269792,-9.176554,-9.534981
77127,2.3200045,2.3759513,2.796667
77128,-0.3582077,0.29958677,-0.04663229
77144,9.8312235,7.6338315,8.346527
77146,-2.230803,-2.1096463,-2.0997577
77156,-0.06671095,-0.29775143,-0.13501883
77159,-52.952084,-52.863792,-52.77449
77170,13.9087105,15.48658,14.359915
77174,6.4335103,6.3605556,6.53648
77175,-42.50182,-42.522415,-42.835796
77181,5.119506,6.516092,6.3099756
77183,-7.711922,-7.7197604,-7.6504354
77184,-32.86247,-32.973186,-33.1469
77193,9.566818,10.278147,10.67902
77199,-55.02193,-54.469326,-54.29071
77208,3.536714,6.1789703,4.6598687
77209,7.7774262,7.8769884,8.314987
77224,15.023373,14.427283,13.995988
77235,15.742025,15.72991,14.980391
77237,-35.44099,-35.063503,-35.3034
7724,24.593441,25.36623,25.658571
77240,0.68527126,-0.7228911,-0.73560023
77254,8.183604,8.501588,9.179876
77257,-0.22523165,0.15921926,0.36539125
77259,0.88633204,1.9601035,1.8494229
77275,10.3456135,10.570482,10.816202
77276,4.19778,6.641721,6.9505033
77277,-2.5701346,-2.69833,-2.1338549
77281,6.202558,7.3824067,6.5651536
77282,4.384127,5.9394817,5.1561923
77286,1.466136,1.4681058,0.962203
77290,9.910151,8.86929,8.126202
77314,-42.297817,-42.18935,-41.37025
77315,-6.7416697,-5.7502346,-5.446204
77316,-0.085758686,1.7961688,1.6315646
77318,15.142519,14.670874,14.557959
77320,6.9237757,8.211582,7.7820606
77325,15.227655,15.485335,15.454161
77326,0.17015743,0.26368856,0.20386171
77335,1.4601083,1.443975,1.247242
77345,9.7078085,8.837139,8.8528805
77361,-37.971836,-37.722626,-37.691032
77362,2.976725,3.6525068,3.2851968
77365,7.4849925,8.920081,8.696276
77370,21.681713,21.06636,21.243246
77376,-5.609432,-2.0119245,-1.8655946
77380,-3.3571906,-3.7460551,-3.49831
77382,8.253488,8.441739,8.181328
77384,20.34781,22.715786,22.270874
77388,-1.7022662,-2.1121716,-2.3575087
77391,-11.942991,-11.996601,-12.704512
77392,4.911256,3.760098,4.008089
77394,3.1401968,4.137836,4.119664
77397,1.039844,0.7410011,0.62456226
77399,17.75356,16.53959,17.029072
77421,6.9711537,7.272888,7.42905
77425,3.0992417,3.390872,2.3882937
77426,11.244905,10.916241,11.385851
77429,0.05943346,1.5226684,0.9339614
77431,2.7179527,3.3908782,2.6857839
77442,4.0353117,3.822289,3.2101164
77449,17.25771,15.8657055,15.532267
77452,8.246094,6.246847,6.213619
77464,0.6602287,1.2753863,1.3775563
77467,5.1146746,5.3075624,5.082195
77471,0.64231205,0.5138502,0.8743582
77484,7.640014,7.182939,6.961877
77486,0.34739637,0.60532475,0.52027225
77503,1.6148093,0.001121521,0.44063663
77504,3.599237,3.1023011,3.702599
77506,2.3255782,1.1425853,1.5737185
77513,7.7791457,7.691472,7.588882
77526,1.4930792,0.7887955,0.7034621
77531,12.375666,13.033203,13.185868
77533,18.228777,17.599422,17.62769
77535,12.425955,13.282467,13.162241
77550,12.352325,12.375831,11.433316
77580,-33.045597,-33.940994,-33.096996
77583,-37.354668,-37.634636,-37.35507
77586,2.554974,3.0815177,3.2740817
77589,11.789583,12.025052,11.632479
77591,6.820237,7.883854,7.7414036
77592,11.084157,10.811276,10.779367
77598,10.877817,9.148052,8.158354
77619,11.419582,11.655642,11.676043
77625,0.14798641,0.040866375,0.11251116
77626,-1.328248,-1.1674724,-1.7282424
77630,11.8486805,12.8505745,11.819725
77634,14.118105,12.960869,13.222588
77635,-4.2552533,-3.6703339,-4.1779385
77660,9.885638,9.937853,11.613593
77671,17.053888,17.453325,17.58288
77672,6.371044,6.417513,6.3345866
77681,16.025011,15.105451,13.957714
77682,10.177767,8.564692,8.38892
77683,15.029053,14.540342,14.619707
77689,-1.4076524,-1.1758022,-0.5798507
77702,6.5481906,8.47118,9.08851
77703,5.7960677,3.8487291,5.382886
77705,-3.650701,-2.8781133,-2.2874498
77709,8.864149,8.807654,8.900553
77710,12.715607,13.686113,13.3046875
77734,4.703383,5.1063347,5.574686
77736,1.0683193,1.2083497,1.0362272
77747,5.2382183,5.793619,5.8221636
77762,13.087778,12.428225,12.432426
77769,9.381355,9.53015,9.858905
77772,3.453096,3.9708982,4.1065383
77790,-4.5220475,-4.9993997,-4.682013
77798,20.874863,19.140345,20.865597
77802,4.2846546,3.322164,3.4961696
77808,9.574453,8.855463,9.629704
77817,5.100912,5.9260764,5.833916
77821,8.192391,8.17272,8.029723
77826,11.299112,10.297833,10.694469
77829,13.035959,11.516778,11.876663
77830,9.61471,10.2841015,10.272022
77832,4.927537,5.1985807,5.351986
77833,-0.4401102,-0.19402838,-0.4380479
77834,7.77773,9.170216,8.756598
77837,-54.507595,-53.980476,-53.965626
77838,6.458969,6.4181404,7.000632
77845,11.088299,8.784561,8.87999
77846,6.298898,5.8804884,5.7655
77847,4.037784,3.906384,4.372093
77852,11.163771,11.280762,11.177044
77859,6.4519763,7.543973,7.800796
77866,11.842059,10.1432,11.05451
77867,-4.1217575,-5.7714405,-6.749035
77872,4.223363,3.7177482,3.3693762
77875,8.743359,8.947948,8.90185
77876,6.010323,5.958957,5.8203354
77884,15.416047,13.592552,13.865307
77885,6.894314,7.800898,7.716628
77890,0.63159513,1.8080149,2.5452008
77896,-5.7033696,-4.0322547,-4.229557
77897,5.883981,7.6359515,7.3286133
77902,20.668552,20.766987,20.199373
77910,-44.65331,-44.544632,-44.970795
77911,4.9481664,4.302634,4.4448195
77955,8.926935,8.403061,8.108126
77958,-4.043256,-2.8360045,-2.4913752
7796,2.5454488,2.5049405,2.6207676
77967,10.181059,10.611038,9.970024
77968,13.071696,13.482649,12.61858
77969,-26.651403,-26.731659,-27.277792
77970,1.4832373,1.6676376,1.1728592
77991,3.2620764,4.1482067,4.6975274
77994,2.6001387,4.142081,4.4289327
78000,-34.43672,-34.81746,-34.560524
78008,3.1388044,2.6858163,3.098977
78021,22.52368,22.566366,22.949919
78029,23.96947,22.935032,24.384624
78042,11.038742,11.036959,11.322895
78045,-35.907265,-36.4118,-36.586193
78059,2.7367926,2.1189427,2.0710492
78069,-2.9311168,-2.502926,-2.384537
78073,-0.053634167,-0.88428307,-0.22787762
78077,9.401354,8.855208,8.545872
78084,6.5910854,5.89216,5.3050637
7809,11.51461,11.461588,11.689526
78097,-1.2849317,-1.9761524,-1.5562673
78102,-2.3949707,-1.7246797,-1.7754381
78103,-3.0025513,-3.4872658,-3.5981357
78120,-4.7480726,-4.8959756,-4.7648396
78125,-0.10884094,-0.017322063,0.018431187
78131,-41.998398,-38.667618,-38.377567
78132,9.409218,8.877781,9.290274
78141,4.9947677,6.4415555,5.9375563
78147,2.4205775,2.938477,2.8383532
78156,11.759502,12.927739,13.071628
78158,13.513411,13.528374,14.100487
78159,14.981701,14.855445,14.916154
7816,8.194192,8.263154,8.252526
78162,15.653109,14.522326,14.357069
7817,8.583439,8.6957855,8.652409
78171,15.834712,14.440352,14.289814
78174,-42.463127,-42.10496,-42.99255
78176,15.649893,16.692787,16.831429
7818,8.3441,8.4115095,8.335129
78183,6.3286867,6.102906,5.7773175
7819,8.563959,8.656363,8.666727
7820,8.337908,8.1803875,8.500632
78209,6.232869,6.243067,6.190518
7821,8.500356,8.509933,8.601595
78215,10.099377,10.30817,11.332832
78216,-40.804676,-41.26626,-41.448944
78217,10.2596655,10.058743,9.880625
78241,22.837154,23.198982,22.278404
78251,11.277108,10.33757,10.353843
78256,9.162231,9.478382,9.140067
78280,5.3123364,5.18694,5.340582
78287,1.9074194,0.67704105,0.5765681
78295,-1.2867057,-2.0440686,-1.754008
78296,1.809608,1.3606648,1.3200612
78302,-64.17031,-63.643223,-64.36031
78305,16.658733,17.920616,18.58674
78317,-29.913824,-29.991844,-30.524212
78318,2.3605871,2.3418193,1.6863413
78326,-2.0090086,-1.888447,-0.92173123
78328,6.259186,6.433834,6.163569
78330,9.273613,8.869686,9.264105
78342,9.116377,10.622675,9.779228
78344,9.291243,10.11588,9.509535
78351,10.310951,10.181622,9.8863735
78371,-46.62822,-46.639397,-46.700035
78374,8.382549,8.136564,7.581687
78375,14.7410555,14.555714,13.699423
78377,4.6346455,3.457529,2.572989
78388,5.30103,3.967173,3.788752
78389,3.1377819,0.8725805,0.5728116
78392,-41.56984,-39.863457,-40.01816
784,5.5652547,5.910817,5.4225707
78443,16.480377,19.28465,18.16683
78446,9.723385,8.090023,8.4312
78457,14.714055,14.0234165,14.293161
78458,0.9451585,-0.5529456,-0.50564003
78460,14.644378,14.120953,15.117777
78469,1.8717079,2.17782,1.9822893
78478,16.582277,16.045399,15.64896
78479,10.82426,11.58984,11.111456
7848,2.7221308,2.564392,2.6848445
78489,10.338469,9.66386,9.749403
78491,-65.70316,-65.74898,-65.50372
78498,-6.462616,-5.879881,-6.271721
78506,-54.622414,-54.551903,-54.559174
78508,-52.046925,-51.24482,-51.074764
78510,8.457626,7.7206316,7.987895
78537,18.96707,18.838749,18.892746
78543,-48.55728,-49.0084,-48.782955
78549,-2.2194183,-1.840081,-1.6433966
7855,1.9828396,4.2034264,4.350246
78559,-44.52966,-43.68628,-43.460915
78590,3.3083653,5.094431,4.1737695
78593,-40.13873,-39.67483,-39.45368
78594,-2.4255512,-2.5065043,-1.9079349
78599,7.021182,7.331056,7.118141
78600,6.2220397,8.590454,8.139934
78601,-3.3406727,-3.333193,-3.121277
78603,7.2888355,7.553482,7.537638
78604,4.664356,4.1594267,4.616293
78606,-4.5866694,-3.626727,-3.9101267
78614,4.7720594,4.445429,4.632284
78615,15.759141,14.816482,14.248077
78616,5.997535,5.381392,5.871865
78622,7.289201,6.631881,6.9105415
78624,7.0059204,7.3477798,7.40492
78625,8.848548,9.140947,9.345834
78638,5.7360396,5.4741597,5.2656016
78644,8.871825,7.438333,7.2494135
78657,10.049423,11.445039,11.178202
78660,1.4917512,1.7526741,1.4386611
78663,-41.531704,-41.302277,-41.100983
78676,8.534393,8.274908,8.091648
78677,3.4050756,2.5819197,2.8420053
78682,-2.0649686,-2.0832114,-3.0110164
78696,6.02143,5.6488423,5.255969
78701,10.540652,10.259693,10.762663
78706,19.344305,19.520239,19.558147
78707,12.334616,11.141516,11.142774
78708,23.961088,24.446983,24.973303
78709,12.617542,12.573189,12.737681
78710,11.948305,12.488716,12.30769
78712,10.23874,10.024579,9.988427
78713,7.751142,7.4374537,7.4635577
78714,12.886548,10.950922,10.791902
78717,12.253424,12.389029,11.936295
78720,2.7371922,2.716743,2.7583365
78722,8.725368,8.766997,9.065895
78729,0.8329525,1.0788541,1.1514125
78733,3.331932,3.3391933,3.6505575
78734,0.963109,1.5921826,1.5693865
78735,12.464431,11.046537,10.81609
78738,3.244741,3.6596599,3.6208735
7874,6.2148056,5.4238734,5.658857
78764,4.1137004,3.840929,4.284944
78779,8.524651,8.139146,8.449612
78791,1.720809,1.6984873,1.6925693
78793,16.780218,15.33407,15.612152
78798,5.414727,5.967571,5.266635
78805,7.418435,6.728072,6.708115
7881,4.8285394,6.0539584,6.3828917
7882,5.132805,4.8676867,4.6208973
78824,-3.0827231,-2.1034937,-2.2159576
78829,19.321915,19.110912,18.815016
78850,6.5402665,7.0910583,6.5354514
78861,4.0900154,4.1267047,4.306207
78864,12.670277,13.715733,13.228594
78871,-49.246395,-51.54698,-50.838432
78877,-50.599995,-50.428894,-50.529587
78881,-6.7770767,-6.3809586,-6.412899
78884,10.685587,10.3717785,10.582703
78888,8.654848,8.467319,8.435112
78892,4.7520547,4.443128,4.032773
78894,7.289189,6.5019155,6.5456634
78898,18.404213,18.634567,18.420639
78899,6.3462663,6.0909886,6.494332
78908,-3.3080711,-3.7661133,-3.7688637
78915,13.039137,12.422006,12.641094
7895,2.666462,2.7840562,2.9645395
78973,0.8866496,1.2199717,0.5942621
78982,24.705175,24.945824,25.00995
78984,16.896858,18.947521,17.900963
78991,0.7499294,0.7960086,1.3414669
78994,-56.516846,-56.100437,-56.13567
7902,5.8276896,6.148403,6.133341
79034,13.037773,13.50694,12.587969
79035,-4.648358,-4.541187,-4.637058
7904,14.579088,15.190778,14.932982
79040,-2.2691453,-2.283304,-2.1169803
79043,6.0609016,6.7759995,6.9409432
79045,-30.744915,-32.627388,-32.3554
79048,11.233484,10.343658,10.376325
79055,17.34325,17.359385,16.89179
79056,9.673162,9.721941,9.953787
79061,7.4747667,6.8352766,6.883031
79088,-1.626461,-1.493196,-0.9136524
79093,10.620987,10.112501,10.281839
79101,-1.0291576,-0.76899433,-0.30463696
79104,0.46414042,0.70234776,0.6251745
79106,5.393932,5.264882,5.226013
79111,7.2402306,7.521512,7.3303633
79113,10.144424,10.265714,10.315995
79114,-40.982357,-40.68536,-41.2135
79124,-37.140476,-37.205112,-37.153732
79130,7.454155,7.4355984,7.093297
79137,16.559923,14.90371,14.972861
79138,13.864785,11.331532,11.76269
79139,13.014916,11.4684,12.012226
79151,5.5974317,5.4187975,5.4990225
79173,0.008067608,-0.04042816,0.09652138
79182,3.094737,2.9055128,2.9785447
79183,-1.5881448,-0.4845929,-0.68701696
79189,2.4771976,4.7308283,4.599157
79193,5.249954,5.26694,5.3128085
79196,-5.6865845,-4.9927444,-4.4251113
79198,-1.5995193,-1.3859138,-1.3543506
79199,3.5465322,2.4905825,3.0959578
7920,1.9219027,1.6886897,1.8586216
79200,-1.7230642,-1.9694264,-1.2409914
79205,9.422319,9.446455,9.844124
7921,2.6656036,3.2264047,3.1935549
7923,-43.51063,-43.668552,-43.45902
7924,5.852125,4.685916,5.0430565
79240,5.659532,4.8099337,5.26133
79243,5.7057424,5.088361,5.6053534
79245,4.733258,5.043779,5.481206
79253,14.527025,14.770081,15.28525
79256,10.455523,10.046417,10.025362
79257,5.202642,5.8485584,6.4110446
79258,-44.52443,-44.375008,-43.473175
79259,20.539253,19.61166,19.394182
7926,3.789936,4.72067,4.80393
79260,-5.848873,-5.4781313,-5.311294
79264,7.1324215,9.318466,8.329321
7927,7.1553397,6.632779,6.7370434
7929,-8.377466,-5.5648093,-5.6820126
79294,7.8671703,6.8432326,6.924887
79299,3.7870202,4.2785954,4.077732
7931,4.2552567,4.29933,4.1901894
7933,5.838842,6.161579,6.377685
79336,9.192859,8.030859,8.131094
79338,13.727737,14.263148,14.055967
7934,13.551391,14.004965,14.082071
79342,4.014199,3.8533359,3.7560053
79354,9.977518,9.712348,9.876475
79364,3.3131924,3.6495028,3.711969
79365,-1.0963473,-0.24521732,-0.1676321
79366,10.03377,10.642212,11.013748
79372,-54.394768,-53.470863,-53.386158
79374,13.111122,11.860171,11.99687
79384,7.5879884,6.5977364,6.6542416
79385,2.1346369,3.250236,3.3100133
79386,13.528748,14.697288,13.395956
79392,7.6085873,7.7463307,7.6792374
794,-1.3232064,-0.5551963,-0.7038641
79408,-24.071833,-24.140963,-24.178543
79413,16.428726,15.003794,13.866375
79417,20.29281,21.045307,21.191338
79443,10.039276,9.138301,9.619419
79444,-39.354237,-39.60389,-39.679157
79445,-45.769722,-46.59542,-46.01345
79447,-6.27652,-5.718801,-5.3570075
79449,13.593376,13.949036,13.071882
79468,2.3271418,1.620264,1.9182253
79475,-58.077595,-58.20614,-58.29978
7948,12.763264,13.507757,13.077491
79480,11.586071,10.217535,10.681225
79485,1.7156019,0.32566023,1.3285394
79491,3.1524587,3.2923913,3.1648788
79493,6.027547,6.3502235,6.1172433
79494,-1.3493876,-0.7692585,-0.82093716
79504,8.275495,9.957684,9.642499
79505,8.693993,9.069809,9.554211
79523,6.194968,6.5406446,6.6438785
79524,12.980452,14.23645,14.422556
79525,16.923222,16.70392,16.377094
79530,-44.75618,-44.11824,-43.365437
79531,7.5657663,8.944859,8.759125
79532,15.194977,15.237189,15.221187
79533,12.429974,11.993429,12.730264
79536,11.113081,11.388338,11.50578
79538,-39.223076,-37.549595,-37.00241
79539,5.559404,6.85266,6.1228514
79540,5.5201206,6.2778406,6.224493
79542,14.376766,13.65794,14.025426
79545,4.575137,4.3522954,4.1205463
79548,-1.6595461,-1.6339185,-1.6109498
79553,-8.735308,-7.1068497,-6.649969
79554,-26.82909,-27.805416,-28.003735
79558,2.8571734,2.6037426,1.998548
79562,0.05611372,0.50545025,-0.32416296
79568,12.845566,12.924448,13.046056
79569,12.856408,14.462976,13.1413965
79588,8.560413,7.239357,7.319947
79589,18.803438,19.258434,19.370422
79590,20.63282,20.722713,20.76857
79615,9.807867,9.804831,9.838802
79616,8.636232,8.702333,8.8683405
79617,2.2014942,1.6308255,1.9721217
79622,10.077621,10.234417,10.75704
79624,-43.978065,-44.67934,-44.690212
79625,9.32547,9.4411545,9.743315
79626,2.7462182,3.0464697,2.242282
79628,7.3322253,7.774177,7.357877
79630,-56.240902,-56.04711,-55.48303
79632,-6.178834,-7.327692,-7.211928
79636,8.57126,8.740387,8.9773245
79640,2.660397,2.573894,2.735557
79641,8.521662,8.725941,8.981075
79650,5.4795856,5.3744264,5.1132393
79651,5.40089,5.388878,5.4561067
79652,-34.557407,-34.828693,-35.180244
79654,7.3423157,7.368094,7.20247
79673,4.7815742,4.395213,5.248582
79675,6.007425,5.0640926,5.097514
79678,17.247746,17.804121,18.285877
79681,15.599652,15.165066,15.278315
79684,-5.6458483,-5.790264,-5.977521
79685,8.150161,8.135696,8.742987
79692,12.614035,12.576998,13.088295
79697,20.318316,20.195978,20.0181
79703,4.717623,3.0627599,2.6000643
79704,14.549824,14.993288,15.163884
79707,2.5885324,3.8044586,3.358089
79712,-17.203712,-17.534986,-17.844116
79713,2.2655768,3.5616817,2.5415573
79714,10.612724,9.987005,10.044179
79727,5.990522,7.0464764,7.5474653
79740,8.514384,8.937485,8.153843
79743,7.6634836,7.5511894,7.7456956
79758,-22.335863,-22.464836,-22.380323
79760,-2.1399407,-1.7739086,-1.2877927
79766,0.35281086,1.1341386,1.5901055
79769,-29.602722,-29.927193,-30.05737
79771,-1.2863524,-1.9134219,-1.6865962
79772,6.1411405,6.549979,6.545293
79780,11.233187,12.08174,12.204271
79790,-4.505364,-4.1874733,-4.0619082
79794,1.7165265,1.4869351,1.6085949
79797,1.2080874,0.58314514,0.69707346
79798,4.154946,3.728105,4.071068
79807,12.038638,12.23911,12.1774645
7981,14.575431,13.535501,13.342713
79812,18.401081,18.517708,18.568462
79813,8.64085,8.332323,8.465414
79831,6.731675,6.6075816,6.5714808
79837,7.5967064,9.341518,10.087715
79839,12.607275,11.279783,11.738733
79841,12.578903,13.378561,12.582745
79844,0.78250647,1.938312,2.029172
79851,1.7049627,1.5992355,2.102715
79852,2.4595377,2.1189303,1.9788728
79859,7.3606625,7.496913,8.781738
79862,5.9747777,5.7331376,5.4822626
79865,11.485383,10.104575,10.592642
79867,9.635046,9.274514,8.956976
79871,18.088682,19.376686,19.969542
79872,19.569847,19.340065,20.429722
79875,5.9636226,5.712757,5.9938827
79879,26.376677,26.187645,25.982327
79882,9.329546,9.971249,9.870453
79902,8.642477,10.057402,9.948856
79905,4.735609,4.4916625,4.7375894
79908,8.846132,8.896923,9.076115
7992,-38.547077,-36.659386,-36.170498
79920,-31.990112,-33.07171,-32.637974
79924,2.6970987,1.4572587,-0.3506322
79925,4.147626,5.154811,5.9449177
79945,-6.7867546,-6.902091,-7.0895133
79946,2.925126,3.036025,3.312447
79953,5.0665784,5.281467,5.396269
79967,-20.899706,-21.660091,-20.97948
79976,2.8159938,2.9680471,3.431148
79978,8.915444,8.871232,9.814304
79983,10.326349,11.645446,11.403306
79990,9.220997,9.365725,9.455376
79997,9.893265,8.782043,8.800829
8,-0.10690594,0.18137884,0.23994017
80004,11.221394,11.204708,11.205891
80018,7.7890797,7.8599143,8.125746
80030,19.668854,19.809649,19.956636
80036,4.048037,4.3436036,4.828508
80038,6.0385447,5.9717493,5.905798
80039,4.8992443,3.9336452,3.1730328
80051,3.4435043,5.5893974,5.126941
80096,6.8738003,6.5818353,6.8881574
80099,4.0609436,2.4093819,2.9993334
80100,2.5541725,3.4258986,3.2483206
80101,1.0889034,3.0436974,2.9465947
80104,0.79569197,0.62107944,0.4706211
80118,5.0139284,4.807457,5.3391776
80126,19.084238,18.039833,18.132164
80141,-1.8952749,-2.003114,-1.9593728
80143,7.2501802,7.3324285,7.505304
80154,5.1070657,5.2485733,5.4883413
80164,5.1878605,5.739404,6.277849
80179,5.58265,5.939662,6.1179037
80183,5.39328,4.8021107,3.8849907
80184,4.152827,3.8190923,4.0643616
80192,6.5892215,6.456719,6.711493
8020,11.906189,11.646431,11.441177
80208,2.3679323,2.7024665,2.9489331
80212,24.59771,23.762281,23.877214
80215,-2.2904038,-2.7649846,-2.467132
80218,7.414821,7.621848,7.498504
80239,2.2354612,2.101303,2.1415634
80250,10.409723,10.315195,10.696171
80264,0.7233257,1.9382243,2.4455962
80282,8.969864,10.978552,10.754335
80291,8.189287,7.5132008,7.5562596
80299,9.394055,8.589457,8.414637
80311,6.346094,6.2754927,6.1972513
80313,-0.7831607,-0.5819969,-0.8092637
80322,15.165115,15.391087,15.52545
80323,-6.0472717,-6.8515015,-6.6050153
80330,1.4699564,0.12702656,0.9062829
80339,-51.731094,-51.605427,-52.4636
80346,4.6572213,5.321663,4.7352386
80358,4.3133955,4.1258564,4.093354
80364,11.726667,9.457424,7.9697104
80370,25.765553,25.98077,26.387081
80379,-20.287378,-20.166862,-19.836927
80389,4.740517,5.298071,5.2476234
80405,14.05455,14.673914,15.123675
80406,10.608311,10.992058,10.924878
80408,-3.4184313,-3.4063735,-3.4647336
80415,20.942804,21.606043,20.385197
80423,2.1308994,1.6099429,2.0944648
80433,2.5456185,2.1917453,2.2868958
80438,-2.4386907,-2.6454787,-2.3454833
80444,4.9392166,4.7928896,5.1132126
80449,7.541999,7.2375617,6.893596
80451,0.024937153,2.060472,1.2788815
80484,1.9006925,2.7586966,2.8982797
80489,10.824289,11.727305,11.858267
80492,5.7949796,5.686126,5.9653783
80513,11.148275,10.290794,10.119815
80516,2.419541,3.1248255,2.9688993
80523,5.7683797,5.679155,5.900358
80525,-2.8135653,-2.6381297,-2.1978526
80528,1.2211733,1.5541658,1.3526506
80536,7.884525,7.937566,7.9240847
8054,-47.99934,-48.94716,-49.439903
80567,-53.773773,-56.091736,-56.1669
80574,7.347756,7.423278,7.734963
80579,19.47894,18.449827,18.334742
80581,10.88664,10.167122,11.028103
80612,6.2326746,5.6743813,5.7273574
80615,-0.23084974,1.6119385,1.9369903
80619,8.442265,8.3585205,8.59264
80628,-32.321922,-32.399487,-31.962225
80645,-0.40889263,-1.5714545,-1.0309358
80649,-57.026024,-56.59979,-56.983818
80662,4.0626993,4.0297313,3.9569435
80699,-0.61485624,0.48900747,0.35007
80700,4.4639297,2.7825828,3.1816196
80745,13.677925,8.985722,9.269941
80753,-37.959694,-38.249153,-37.56304
80754,7.013062,6.879943,7.005315
80755,1.8771491,1.3025947,1.3090091
8078,4.782987,4.76512,4.6423535
80782,10.1451645,8.835194,9.020885
8079,5.2712164,5.1528144,4.9779086
80792,10.848245,12.391207,12.075382
80805,9.342276,9.371552,9.141443
80807,1.5333028,1.4760919,1.9479246
80822,12.363245,12.206135,12.507931
80849,-1.4472377,-1.3907421,-1.8644669
8087,0.17290688,-0.46948338,-0.90561676
80875,4.225574,4.766964,5.9891014
80881,7.898735,8.0180645,7.9427543
80884,0.8318982,0.55473566,0.26484203
80886,5.114634,5.503199,5.341473
80892,-58.12532,-54.537983,-53.950974
80906,18.456158,20.627268,20.112305
80907,6.3120346,6.2395177,6.051863
80910,6.144866,6.2182455,6.128917
80912,5.704868,6.4291487,6.3903956
80918,16.298964,16.750069,17.677605
80922,-34.769176,-35.632053,-35.618362
80925,-2.112835,-1.9095783,-1.4640598
80927,15.656031,15.632191,15.25538
80937,9.771825,9.719767,9.867716
80941,5.888707,5.092767,5.135829
8096,27.327766,27.415985,26.930387
80960,15.340241,15.344717,14.935822
80966,19.145145,19.419008,19.140793
80972,5.4656453,5.4012294,5.361455
80987,12.527128,12.974356,13.081704
80990,9.855325,10.171963,10.015369
81015,5.810197,6.112925,6.2622657
81016,7.2142906,6.2641745,6.3646417
81017,-51.4311,-51.48064,-50.483437
81018,3.5906034,2.422196,2.5803118
81026,-48.306187,-48.83566,-48.660862
81028,-30.514019,-31.606054,-31.480663
81029,18.634075,18.01189,18.079594
81041,2.968049,4.656146,4.422091
81047,7.9560347,6.753877,6.640954
81050,5.4925833,5.2568784,5.492797
81056,2.0885625,2.3071938,2.441885
81065,9.690916,8.137301,7.990608
81071,-0.37550783,-0.82255316,-0.26749563
81100,0.67558384,0.069784164,0.22136497
81110,6.063393,5.6939287,4.9997993
81124,-6.795307,-7.013438,-7.8935957
81129,9.153677,8.668418,8.827787
81159,6.9125843,7.649595,7.789469
81182,12.292412,12.9896755,12.779749
81196,-2.8319998,-2.7835832,-2.6683078
81201,-56.185326,-55.93856,-55.726524
81211,11.174968,11.121277,11.376474
81225,-4.598256,-5.216894,-4.8772497
81229,1.2140927,1.1410036,2.017871
8126,-0.6055846,-0.069728374,0.010568142
81263,7.322885,7.2602425,7.675579
81278,-2.049131,-1.3195271,-1.2324967
81298,8.053301,7.5399356,6.8752937
8130,-3.261411,-3.39164,-3.4747412
81303,-0.58813953,-0.26428032,-0.3054533
81320,-34.75161,-34.600605,-35.031857
81323,7.45468,6.759508,6.331497
81324,5.830916,6.8170023,6.592267
81339,8.606036,8.296513,8.524862
81352,5.142032,5.103634,5.3161697
81364,-0.27588034,-0.09503126,-0.29581976
81365,4.9042935,2.7770448,3.517847
81369,-1.4286718,-1.8546681,-2.4108157
81376,6.6320977,7.073223,6.0423727
81428,3.18858,3.1209636,3.5161433
81442,3.6118455,3.3698316,3.5154018
81450,-59.3387,-56.421566,-57.540802
81451,4.3552217,2.9016495,3.1159153
81454,-23.213184,-23.689823,-23.576378
81456,6.1952257,6.011649,6.332543
81481,-6.8963327,-7.0561366,-6.8348775
81485,16.67217,17.440205,17.445362
81489,10.289553,9.805427,9.704867
8150,2.1659946,2.9197226,2.6687088
81522,11.026008,11.040371,10.806976
81546,1.4839716,-1.4139867,-0.9660115
81547,-0.40222502,-0.120156765,-0.06640816
81552,4.4392624,3.872202,3.654129
81555,7.9252405,8.753447,8.856808
81556,8.276693,8.609594,7.5787444
81560,-3.6359181,-4.0998354,-4.2361407
81571,3.972879,3.3096132,3.3100939
81572,-44.475445,-43.734283,-43.819508
81580,-43.86621,-45.299362,-45.037903
81586,-45.66242,-46.51258,-46.12763
81596,11.225545,8.266268,8.252153
81599,-36.948658,-37.861008,-37.572617
81605,3.6846423,4.6068625,4.631633
81606,8.405676,8.454992,8.410984
81611,4.955815,4.2180033,4.5460205
81619,5.8564076,5.6162133,5.6046214
81622,6.346645,7.035016,6.5679026
81630,5.785619,5.6717143,5.6185184
81636,3.8521361,3.6530447,4.320416
81637,3.938591,3.275034,4.385044
81643,9.576429,11.171055,10.689492
81646,9.0787735,9.650332,9.920626
81657,-1.1469002,1.3162441,1.5792451
81659,-3.6741245,-4.1879067,-5.1131415
81660,-0.016117573,-0.6324606,-0.61002874
81663,7.284338,7.3440027,7.524472
81667,4.3007555,4.005574,3.7762232
81670,11.232964,11.649392,11.744365
81672,1.2179666,1.9795704,2.0023384
81679,-46.781364,-46.688766,-47.064156
81680,7.3684077,7.069983,7.044417
81682,13.331153,12.936476,13.458521
81687,-0.1318841,0.00014686584,-0.3253126
81691,6.9252944,6.542278,7.390685
81693,2.1586752,2.1393404,2.784752
81696,3.5028486,3.3440251,3.4593587
81706,12.579662,12.327677,12.674246
81708,10.927536,12.797764,13.296787
81714,7.3082323,6.208267,6.794101
81734,12.244163,10.901768,11.264065
81736,11.427301,11.397682,11.410897
81740,16.094229,16.499842,16.610174
81743,-10.797891,-10.781921,-10.994771
81752,3.5896382,3.1765437,2.94595
81764,-0.5171132,1.0715823,1.449573
81768,3.625272,3.5671396,3.5884895
81775,15.013168,14.946912,14.907608
81778,5.772154,3.8172092,3.7726665
81781,12.936943,12.827196,12.5252285
81796,8.464327,9.384663,9.5170555
81822,2.2127256,2.8178697,2.1655579
81834,5.186065,4.3218226,5.205278
81846,-44.2588,-44.062492,-43.345284
81849,36.470898,35.630207,35.591877
81851,3.5468469,3.7541456,4.0925126
81854,10.457207,10.250365,10.726421
81858,5.610192,5.5918827,6.012583
8186,25.831768,25.571869,25.568739
81860,-40.98926,-41.2141,-40.599937
81861,8.858953,9.043129,9.91131
81862,7.6138616,8.226701,7.952709
81864,4.1360636,4.6532564,4.705962
81865,12.518116,12.346174,11.875224
81866,-50.94184,-51.77548,-50.839798
81867,3.3395696,2.606742,2.7388406
81869,4.8584385,5.463705,5.684206
81876,-51.99237,-49.778,-50.1942
81878,7.079614,7.1323028,7.382363
81881,16.89689,18.626728,18.946793
81882,17.973087,20.0058,20.394337
81883,-51.054146,-50.345226,-50.08101
81894,0.107317924,0.35303736,0.45173883
81897,-2.3104577,-2.1818118,-2.2621737
81904,2.6358814,2.6060095,2.6350327
81908,10.778427,9.745834,9.08987
8191,21.157866,21.308094,21.61765
81911,0.069271564,-0.28090477,-0.5343442
81913,2.9860816,4.861613,3.7851562
81915,-8.390555,-6.582794,-6.9847975
81947,11.328445,11.127983,11.160592
81949,2.0711365,3.3136244,3.1534476
81955,1.5763388,1.5339088,0.97032166
81958,15.631037,16.159689,16.211636
81959,-72.44977,-72.740234,-73.030876
81966,5.080187,4.968602,5.22836
81967,-84.83971,-84.372894,-84.33037
81968,-3.1744418,-2.7481232,-2.622069
81969,-3.0107646,-2.63899,-2.9904141
81972,11.004757,10.964702,10.880795
81978,0.17283154,1.0301628,0.22995901
81987,30.83065,31.525219,32.26473
81991,19.513687,20.61532,20.426786
81996,22.78588,24.1445,23.803278
81999,-35.040504,-37.710873,-36.913834
820,1.2614841,1.1039224,1.0156364
82001,8.698332,8.519297,8.1968
82004,14.592552,14.793346,15.178682
82008,6.3549757,6.0127087,5.8656754
82016,11.120051,11.641117,11.80423
82022,-0.667943,-0.7452307,-0.905221
82032,5.5207624,4.830326,5.0075493
82035,13.853985,14.653566,15.017856
82041,2.3011947,2.2527657,2.8382192
82042,5.5907497,5.0570273,5.46524
82044,1.1417336,0.8496828,0.8822131
82049,5.6497364,5.5998044,5.7122803
82051,8.01575,8.624394,8.390677
82055,4.200253,3.5457187,3.405375
82059,7.107738,6.934963,7.094502
82060,6.974719,7.5342093,7.6343427
82068,8.898379,9.051346,8.613226
82072,7.3900847,8.0113945,7.5981708
8208,10.910999,11.761649,11.888733
82087,8.462055,8.540657,8.71674
82094,4.084053,4.2181244,4.1184597
82097,8.529882,8.362772,8.900528
82099,9.220312,9.362068,9.330276
82103,-46.3331,-47.390594,-47.14924
82104,6.4516006,6.9644594,6.8193955
82121,13.467123,12.818076,13.508024
82122,8.9961605,9.063257,9.245045
82127,6.7145147,6.821311,6.882626
82129,-45.896503,-45.621468,-45.80927
82134,2.65197,1.8312058,2.0766602
82136,3.125245,2.6101303,2.2137136
82148,14.099638,14.003782,13.919125
82162,5.818444,5.972854,6.117425
82163,4.528096,3.7169943,3.9068284
82167,-41.45804,-41.290115,-40.910736
82172,2.99192,2.1888342,2.2297716
82173,10.927257,11.427649,11.506149
82175,-41.90026,-41.366135,-40.96589
82178,8.6020775,8.659502,8.666418
82181,9.052673,8.876167,9.414145
82185,7.0582314,7.182114,7.1274395
82190,8.083248,8.535886,8.31358
82191,8.440291,8.130067,8.465206
82195,8.742272,9.179649,9.293598
82200,2.1558027,2.5298295,2.4287624
82203,9.609669,9.66967,9.536318
82207,9.183153,9.11251,9.261116
82210,6.9805174,6.695161,6.712143
82212,8.045496,8.475323,8.409702
82215,7.482954,7.6583276,7.6751695
82217,14.566741,15.510731,16.153183
82222,9.389859,9.662798,9.647745
82223,7.767883,7.7614417,7.841503
82227,12.214579,12.39012,12.698652
82231,-2.3983085,-2.2599614,-2.615723
82232,5.7667036,6.9744205,6.017745
82244,14.169661,14.501233,14.523447
82245,-35.760582,-35.34654,-35.91021
82248,-22.690357,-22.429098,-22.811289
82255,14.141105,12.810453,12.488063
8226,10.502792,10.677275,10.639946
82261,-62.293724,-61.439278,-61.05017
82269,16.690086,15.835847,16.075794
82271,8.248606,8.090366,7.915791
82273,12.2072735,12.895958,12.984662
82274,12.645343,14.734116,14.914457
82280,12.328928,12.09545,12.537991
82281,10.787428,12.195457,11.266634
82282,7.8133793,8.200943,8.157658
82298,11.96026,11.732954,11.562811
82300,11.643515,11.345058,11.5826435
82301,14.517227,13.573332,13.221861
82316,-42.105118,-43.505215,-43.533787
82317,7.623661,5.61159,6.6826525
82330,7.2359786,6.286892,6.333011
82333,22.29938,23.096848,22.409775
82342,-51.450676,-51.543205,-51.21837
82343,11.616234,12.131237,12.183664
82354,4.273432,2.5479388,2.821206
82357,16.089384,17.119276,17.352983
82360,-0.4244156,1.3118386,1.1027384
82361,5.672328,8.126127,8.019293
82362,8.151247,9.07675,8.955717
82363,-1.3521464,-1.8289206,-0.85362935
82365,-9.382126,-8.574495,-8.703659
82367,23.762476,20.41261,20.637867
82368,-16.956959,-13.716848,-14.4874525
82369,-26.094254,-24.466276,-24.081781
82373,1.0922275,1.5235596,1.8821015
82374,3.9164681,4.2073555,4.133507
82380,-8.553919,-9.155334,-9.34416
82394,9.300053,7.827031,8.262924
82419,-62.371593,-62.74339,-62.75545
8242,11.474033,12.908213,12.627848
82420,-1.9548392,-0.9387741,-0.8258457
82434,-59.330967,-59.410717,-59.280087
8244,5.030693,5.026355,4.986827
82444,-46.23101,-45.526,-45.708076
82446,5.5293846,5.0805182,5.4140277
82459,4.9545636,5.7915993,5.575034
82466,22.73634,21.589949,21.282776
82468,9.6147785,10.696064,10.56286
82480,7.0547357,7.948204,7.5574784
82484,-1.7186174,-0.9459405,-1.0456061
82492,-8.504959,-8.562213,-7.8533297
82496,-5.2166786,-5.433808,-6.2439327
82499,-0.1488452,-1.4831252,-1.2784786
82511,12.447101,11.215505,10.83814
82513,16.739668,16.896517,16.85261
82514,10.840802,10.399761,10.890955
82517,-50.44346,-49.94687,-50.542957
82518,12.663794,12.967854,12.932661
82519,27.821918,27.610973,27.717812
82520,13.238371,13.5435,13.621605
82525,23.395266,24.078255,24.315075
82533,2.901445,3.4658766,3.2219963
82543,-35.915836,-35.83253,-35.762466
82557,-38.009686,-34.86524,-37.059563
82559,24.250322,23.700344,23.67585
82560,10.9916935,11.833576,11.617345
82561,-55.064854,-52.098457,-52.69242
82574,27.3353,28.701067,27.666737
82576,17.398577,16.735172,16.638916
82577,8.626717,10.80658,9.838889
82593,6.961199,6.8860483,7.09294
82595,5.740853,5.5886445,6.047959
8260,16.937462,17.58043,17.701351
82612,1.7339973,1.6460042,1.6626306
82613,-1.3034425,-0.76406574,-0.69300413
82616,4.9278846,5.0796266,5.1268396
82630,16.817108,16.189796,16.413609
82633,8.862253,9.290359,9.752003
82636,3.7406106,4.3039284,5.084235
82639,-66.05836,-66.47108,-66.97426
82644,5.2896843,6.3505554,6.312675
82656,18.731167,17.99595,17.919771
82658,-3.799677,-4.390642,-4.424495
82660,16.424116,19.040522,18.794966
82661,-47.270935,-48.14847,-48.087555
82671,-41.17432,-41.608932,-42.636173
82684,11.830618,11.133274,11.183365
82688,14.513189,13.791514,14.88526
82689,13.524418,13.206798,13.989044
82690,5.7812057,6.5397673,6.6909046
82698,16.54503,17.762924,17.420141
82710,4.5211973,4.8766813,5.447905
82714,2.912291,3.382084,3.4877706
82715,1.9571643,1.9481401,1.4734912
82723,-46.46515,-45.130154,-44.51101
82728,8.563377,8.479739,8.973011
82729,0.1162262,1.1750727,1.4536824
82731,3.0350404,3.0673065,3.1627593
82732,3.5703049,3.4298215,3.7474413
82734,2.8981047,2.537115,2.729537
82745,16.091398,16.219486,16.109606
82748,12.935352,12.504891,12.623133
82749,9.278706,8.487045,8.419729
82751,6.6242948,6.7523513,5.908144
82752,-1.7509637,-1.3057413,-0.9119692
82754,-2.9921076,-2.389517,-2.6949031
82759,-44.491756,-43.283756,-43.568287
82760,8.563051,8.826321,9.5553665
82762,5.8514075,6.70837,6.435134
82778,1.6548667,1.4524136,1.9956636
8278,-1.7617352,-2.302428,-2.3626297
82787,2.5447245,2.4927921,3.4197135
82790,-0.36551666,-0.4788351,-0.078697205
82800,-2.6341903,-3.5990865,-3.0363224
82807,15.487879,14.842835,14.861324
82810,11.205984,11.037983,10.882818
82830,-42.945316,-46.105766,-46.11432
82834,2.67524,2.8374825,4.4437366
82841,5.401806,5.54582,5.3104978
82857,7.1577463,6.87894,6.6955357
82867,1.1046052,1.1870437,1.3030457
82873,15.481703,15.257458,14.996208
8288,11.639318,12.484527,12.661861
82881,8.87002,9.543383,9.258306
82883,7.933596,7.9955597,7.9121428
82884,-22.112228,-22.174387,-22.128632
8289,18.20804,18.7247,18.635881
82901,5.625333,5.1655602,4.927621
82918,4.473869,3.993556,4.580511
82928,15.037818,15.053113,14.626561
82930,-48.59014,-48.905594,-49.145206
8294,18.603907,17.134005,16.207838
8296,11.616304,11.186655,11.035038
82974,-51.61963,-51.380802,-51.67502
82986,-55.064346,-53.648937,-53.83466
83001,1.4240584,0.58105755,0.8540168
8301,17.808292,17.13881,17.009789
83011,4.3049097,4.4791527,4.213399
83015,-5.84779,-4.6856537,-4.7617273
83023,-52.775986,-52.09669,-51.243053
83028,13.55172,15.278324,15.41444
83029,6.086641,6.4769335,6.520846
8303,-31.606356,-30.965076,-30.691538
83031,-56.840588,-56.98312,-57.169117
83048,4.7028623,4.450284,4.00858
83060,3.286097,3.0638437,3.314733
83061,2.4431014,1.8589802,1.9205532
83065,4.811134,5.3966427,5.1935143
83088,-35.11293,-34.41871,-34.759274
83095,3.1089911,4.8627505,4.665856
83112,-60.772717,-62.349194,-62.367165
83117,2.5999222,2.3960042,2.481975
8312,-45.663593,-45.110806,-44.79492
83132,-28.986967,-29.055887,-28.995434
83135,-64.15077,-63.85423,-62.70236
83146,3.0791683,3.3269053,3.4671364
83161,2.4950185,2.5881677,2.207512
83164,4.585179,4.713167,4.704843
83173,-47.965336,-47.768135,-48.126762
83181,6.1301355,6.525568,6.5564575
83183,9.738327,9.2242365,9.30052
83192,18.358711,19.202963,18.065063
83206,-3.5712986,-3.4916782,-2.9597416
83216,-5.103558,-3.414597,-3.1870613
83218,-2.6762583,-3.4386313,-4.362612
83220,-5.7308116,-5.1522837,-5.0572944
83222,6.3014207,5.7578564,6.047028
83226,15.221752,15.050825,15.003515
83242,-32.381927,-33.051796,-33.097984
83246,17.152308,17.479156,17.042591
8325,2.2122145,2.3652806,2.2237725
83261,3.6852093,3.5623446,3.3170795
83262,-56.10155,-56.5966,-56.33469
83277,3.8474674,3.6376462,3.6033826
83307,4.7742004,4.9628468,4.805783
83311,6.560285,7.5734277,7.298775
83316,4.479077,5.181565,4.8295665
83320,0.9831233,0.64011383,1.424078
83334,4.825408,4.7832723,4.9133134
8336,5.4823766,4.7283936,5.2934527
83363,0.14406109,1.2925472,0.95766544
83367,10.22238,9.953249,10.159304
83398,4.98648,4.846282,4.634127
83412,15.317016,16.033047,15.782244
83417,-46.366444,-47.10758,-47.61174
83423,-67.02892,-66.089714,-66.44681
83429,6.8857613,7.294399,7.49846
83430,9.899371,9.344992,9.007885
83436,2.893334,2.6058712,2.898332
83441,-47.22586,-48.004314,-47.63607
83443,7.59048,7.384732,7.9149427
83450,5.1351867,5.304796,5.8596253
83452,6.2650347,6.399345,6.181894
83457,8.543613,8.7577095,8.922482
83475,15.919714,16.214432,15.802782
83476,14.621981,13.862544,13.189795
83477,2.2425628,2.9218369,2.77781
83478,-47.93543,-47.68668,-48.440147
83479,11.318274,11.670882,11.3798065
83489,6.2930017,6.571608,6.0637746
83491,-38.08245,-38.12061,-38.10012
83492,11.852634,11.617014,11.862085
83512,11.63287,10.621662,10.268387
83523,5.247197,5.0674157,4.723857
8354,-5.582237,-6.4833384,-6.469176
83543,11.699617,11.558815,12.014732
83544,4.066614,3.6958346,3.646577
83551,-10.702954,-10.024429,-10.543394
83552,6.4523396,5.7913494,5.76118
83564,4.9775515,4.547765,4.868947
83575,18.615362,18.862255,18.946255
8358,4.7252107,4.0038013,3.9976268
83583,7.1419654,7.1214876,7.3189716
83593,-35.802704,-36.65249,-36.002186
83608,-60.5324,-60.348457,-60.03489
83610,4.552711,4.6889195,4.451601
83615,8.957857,8.677977,8.996731
83616,8.798466,8.331202,8.054767
83617,7.3682323,7.629395,7.9132886
83622,28.286177,26.141895,26.342136
83623,15.214642,14.37487,14.300233
83624,20.564173,20.808193,20.943539
83661,13.982056,14.34586,14.234355
83680,23.80624,23.41992,23.943
83691,5.957148,4.087371,4.55486
83704,-1.3788707,-1.5621235,-1.4835241
83737,-42.875805,-41.522423,-42.048695
83745,13.4810295,13.539537,13.554319
83803,7.535884,7.425553,7.4583373
83807,2.0115242,0.9666228,-0.74223447
83810,3.0994627,2.5032732,1.0871816
83813,8.305031,9.161749,9.4567795
83819,6.722916,6.0687313,5.166386
83827,8.377845,10.899467,9.672867
83830,-36.610256,-36.939644,-36.62632
83831,6.2547503,6.1799746,6.6045985
83832,5.2148275,5.1403127,5.431233
83834,8.84196,9.292243,9.759273
83848,5.5432405,6.4491057,6.437103
83874,-28.162207,-27.426018,-27.38058
83877,5.39444,4.4144073,4.44358
83910,1.6849046,0.69543505,0.42670918
83911,2.7724972,2.474228,2.665608
83922,5.629139,5.6087027,5.743967
83923,11.299536,11.145182,11.163925
83924,10.557745,10.889428,10.555296
83932,-44.781666,-44.82111,-44.793674
83942,2.1624303,2.2954998,1.9803209
83947,13.90611,13.697229,13.634069
83949,-37.585083,-37.586124,-37.26314
83950,16.67434,16.737436,16.760311
83955,1.684413,1.6325469,2.3012033
83956,-0.20741606,-0.39943933,0.27897644
83957,4.4206953,4.0956097,3.4508753
83960,5.874496,5.665834,5.4649014
83967,10.820735,11.282398,10.797535
83977,2.7547584,2.0910926,1.8716135
83979,5.1054306,5.7237434,5.218895
83990,3.8853745,4.6012964,3.9085708
83995,-43.644215,-43.133945,-43.03196
84001,13.8030205,13.104605,13.271887
84010,7.8315787,7.850745,8.116715
84019,-0.5069094,-0.31917238,-0.34026194
84021,-66.95994,-66.0652,-65.38309
84025,0.31372023,2.0797791,2.0500417
84028,8.858167,9.033989,8.925462
84032,8.8112755,8.847311,9.009289
84033,8.595011,8.647501,7.9109406
84038,9.807226,9.721455,9.885263
84049,2.3572087,2.217598,2.165495
84051,-1.0766125,-1.2056317,-1.2240524
84069,8.54545,8.533101,8.522856
84070,5.2569027,5.3025513,5.2306504
84075,-17.599796,-17.575048,-17.362629
84081,-51.679066,-52.48798,-52.56408
84107,13.260134,13.405381,13.631513
84115,3.9817007,1.6045957,1.4930377
84117,-0.83397293,-1.1166778,-0.9917135
84123,2.1089926,2.5348105,2.8279843
84124,6.3812804,5.297744,5.512911
84126,2.2807732,2.250434,2.4940743
84129,7.1516323,7.267096,7.196766
84135,-18.021801,-18.014227,-18.332348
84139,7.2962146,8.485126,8.477259
8414,5.3837633,6.0195446,6.513764
84140,1.7550216,1.7346377,2.1824708
84141,9.218295,8.33872,8.088584
84147,15.591015,15.899021,15.940602
8415,-6.9693437,-6.85328,-6.949808
84151,-51.26975,-50.361084,-51.125732
84158,10.442244,9.98406,10.495295
84168,15.415928,16.002384,15.902556
84174,9.227488,8.711313,8.998251
8418,-0.088000774,-0.19953585,-0.487648
84187,9.882208,8.99926,8.816502
84190,-113.89639,-113.801476,-113.38206
84195,11.383788,11.0964985,10.70446
84196,16.941772,17.136692,17.0067
84197,15.450504,14.664209,14.524331
84198,12.326235,12.189735,11.865553
84199,8.582586,7.8887105,7.5500965
8420,4.1483397,3.5679545,3.59102
84200,15.290511,14.534866,14.831413
84206,21.64803,22.343063,22.151443
84215,6.977577,8.860121,9.130186
84222,3.767058,3.4426265,3.88511
84225,6.660861,6.9773207,7.0066204
84237,17.674587,17.034534,17.313763
84238,5.510107,6.820729,6.2548246
84239,3.8871398,3.5449343,3.8670387
84241,4.9339643,4.741171,4.8670464
84253,21.179342,19.951754,20.214363
84259,5.7233143,5.937665,5.3269653
84266,8.664185,8.832685,8.666571
84267,21.380621,19.493614,19.761057
84273,1.7047615,1.7666645,2.1261997
84277,9.948278,10.02751,10.571823
84278,13.265881,13.671417,13.3072605
84288,4.960195,6.1739526,6.4937735
84289,7.519823,8.9627075,8.537654
84296,16.808067,15.034992,14.985447
843,-5.41311,-5.2525377,-5.3464384
84302,7.773187,7.6518025,7.619973
84303,4.8488984,4.200242,4.2599297
84310,-56.127705,-56.295307,-56.088535
84322,4.533964,4.7630625,4.3901834
84332,-34.80935,-36.06417,-36.23935
84334,9.055265,10.427618,10.017684
84339,14.992199,13.78505,14.802919
84342,9.608484,8.442419,8.166733
84349,-3.2115507,-3.2747788,-2.9436798
84354,8.201693,8.278968,7.998505
84356,1.7515066,1.6674604,1.4268847
84364,2.165811,2.6447778,2.4143224
84384,-44.43301,-44.57934,-44.44981
84386,3.926889,3.012505,2.7014904
84389,5.3525105,5.2248735,4.948194
84404,8.148645,8.132469,7.9480743
84406,-0.80997944,-0.64326096,-0.9659672
84416,8.257082,8.955686,8.949176
84429,9.568042,8.959322,8.196732
84437,1.2163758,0.32939863,1.0143719
84438,-53.8575,-54.47271,-53.56776
84439,2.5574722,2.110547,3.1698127
84440,5.3588367,4.7145596,5.700149
84441,-51.115093,-51.95641,-51.05928
84442,2.9531198,2.7333255,3.6882052
84443,-42.21428,-43.916878,-42.52811
84445,-53.383686,-52.53074,-52.525692
84447,-129.33539,-129.7253,-129.65549
84448,-0.44526148,-1.2201443,-0.7865057
8445,1.7251239,2.3673635,2.3844843
84466,3.6979265,4.2123833,3.4690495
84467,-2.380314,-2.181916,-1.675741
84469,-34.47111,-34.583065,-34.552464
8447,-18.553707,-19.058681,-18.94172
84470,6.0835543,5.87666,5.952624
84474,8.015205,7.7999125,7.528
84477,4.143885,4.9540396,4.840311
84491,7.268972,9.630455,8.875487
84505,7.8972583,8.526604,7.8244653
84513,6.84124,6.7213097,7.5613704
84525,0.66305494,0.60518456,0.47602797
84529,3.934002,4.3964467,4.753127
84532,0.53471184,0.5610542,0.53987503
84537,7.068187,7.397522,7.681443
84539,7.204243,6.961174,6.98203
84566,-62.108776,-61.37469,-61.913403
84567,5.6464443,4.909416,4.7307277
84575,-56.336746,-56.54486,-56.363525
84576,-48.134735,-48.561832,-48.65632
84589,-33.576202,-32.935158,-32.312828
84593,18.870518,19.431004,19.314768
84596,10.648765,11.199457,11.242245
84599,0.9568863,1.5171595,0.51060534
84612,-43.328785,-42.32138,-42.620056
84615,7.1663556,7.604138,8.147714
84618,5.57146,7.8773465,8.389149
84619,18.46,18.444256,18.461971
84620,2.7664766,5.5582485,6.1559873
84621,22.784845,22.699816,22.291603
84622,14.714815,14.890778,14.9399805
84628,13.475861,13.939989,14.159481
84632,18.936327,18.221064,17.89149
84634,15.284224,15.050396,15.42201
84652,-38.51968,-38.83065,-38.5945
84657,17.056656,17.398314,17.135729
84659,3.102571,3.404808,3.2609158
84660,0.19720888,-0.14873838,-0.2295556
84665,17.362354,17.652233,17.205536
84667,1.9818811,2.1891952,1.9958825
84669,7.8743906,7.013454,7.104206
84698,-4.2991815,-4.4216247,-4.8829427
84703,5.5614176,5.531612,5.429141
84708,12.29422,12.34707,12.476001
84718,3.7915287,3.10739,3.5469732
84729,2.92589,3.3816743,3.2790384
84732,7.703972,6.242598,6.9168844
84736,8.133987,7.363919,7.9521165
84738,8.443096,8.6739235,8.593626
84739,5.1865892,5.203572,5.340824
8475,2.7420197,1.797998,2.2314649
84754,16.935074,14.762085,16.17685
84772,-40.54132,-40.528946,-40.265717
84775,19.100634,18.057861,17.923826
84777,5.8289523,5.6360106,5.5591016
84781,2.4232154,2.530796,2.926681
84784,3.454527,3.156981,3.3950639
84789,19.928894,20.975468,20.514862
84795,5.0976787,5.3124657,5.168009
84806,13.49732,14.896757,14.611317
8481,-5.135699,-5.356555,-5.4000382
84818,11.364344,11.707867,11.660564
8482,8.105297,8.688715,8.486773
84839,13.063684,13.890814,13.660053
84841,8.897949,8.24686,8.45641
84844,7.4208193,7.1632414,7.2599244
84846,6.767477,6.6094403,6.7057776
84847,6.921598,7.2854333,7.482799
84863,11.774172,10.953115,11.844654
84864,7.6380854,8.206846,8.0734005
84870,4.872954,3.9044762,4.0223584
84873,9.780828,9.345861,9.58466
84897,7.4118853,6.973909,7.1632376
84899,2.1547294,1.4222155,2.3998404
84908,5.7538643,3.8189101,3.0885386
8492,3.0846086,2.6637158,3.1424608
84922,4.329959,4.290383,4.462415
84925,3.2910595,4.0297346,4.0309486
84939,-2.525455,-0.76812935,-0.87918425
84942,20.407019,25.386354,23.520739
84953,9.556505,8.368041,8.300598
84957,6.976204,7.6619453,7.4033837
84982,9.321442,9.239983,8.984837
84983,10.6904335,10.857712,10.652927
85001,29.712706,29.024296,29.183325
85009,10.863579,10.543341,10.620365
85012,12.495497,12.546793,12.573286
85014,-3.648946,-2.768161,-2.8182442
85018,10.22727,11.091012,10.983106
85056,1.3930588,0.91985226,0.9783063
85062,32.081146,29.802711,29.822876
85063,8.327896,8.183391,7.753437
85079,1.2584782,1.2113581,1.4238048
85117,9.436292,10.397207,11.107223
85124,7.232422,5.901479,5.7916937
85125,7.661328,7.4225874,7.68212
8513,-0.016879082,0.42396164,0.58762884
85152,5.8976684,5.2093835,4.8372035
85153,1.7111874,1.9166279,1.3064299
85158,11.887703,12.350288,12.318316
85177,-0.33743715,-0.55003786,-0.39348269
85184,-4.7917495,-4.5859222,-4.6262336
85185,-2.1120296,-2.1725602,-2.26167
85196,-1.9843738,-2.1170843,-2.1320093
85206,-2.644159,-2.713608,-2.8341157
85215,1.2925572,1.3646975,1.0767622
85216,-10.044313,-10.981127,-11.09939
85217,-41.409924,-41.90031,-41.607273
85250,-48.97075,-48.36144,-48.57511
85252,9.374658,9.341735,9.178112
85260,4.2932796,4.394307,3.9970694
85261,2.697895,0.37902355,0.73921156
85263,4.69374,4.2157993,4.9683356
85266,11.31828,11.629249,12.038165
85281,4.857397,4.044837,3.8986144
85284,2.963365,2.707017,2.694386
85292,2.1680574,1.9294267,2.359675
85293,3.6589956,3.6495762,4.201714
85294,6.6811886,6.619091,6.404618
85298,1.7801509,1.5176258,2.163074
85299,5.630825,5.857233,5.5261054
85302,10.137818,10.16399,10.082333
85305,3.251319,3.232122,2.6778216
85312,6.5385914,6.434915,6.527178
85314,5.9585476,6.035549,5.943898
85340,6.571978,6.417573,6.828447
85341,5.8861094,5.58866,5.5273423
85355,14.205675,15.074216,14.434587
85356,10.48424,10.406718,10.907608
85361,3.5483294,3.3261766,3.6002564
85362,-3.429688,-2.943554,-3.05858
85370,-0.51198864,-0.669827,-0.6932745
85371,22.23325,22.019272,22.36878
85400,3.4912066,2.0795465,2.972005
85405,2.0651207,2.0187984,2.324254
8541,14.384042,14.976549,14.137005
85413,-62.738163,-60.493916,-61.214863
85415,-45.039833,-45.902557,-45.971348
85418,5.4861875,5.549377,5.1047335
85422,-0.20485616,-2.3614814,-1.6431434
85433,28.300768,26.144478,27.08355
8544,13.471727,13.538453,13.698751
85456,5.9272037,5.6480484,5.115307
85458,44.452377,44.183956,44.409172
85462,0.6645932,0.59706926,0.8625083
85464,0.39678764,-0.56464195,-0.44881487
85482,8.876066,8.4440975,8.154892
85491,11.581808,10.982129,10.704777
85492,-36.650856,-36.620625,-36.83425
85504,12.528979,12.626451,12.648114
85509,8.505102,7.9891343,8.258034
85515,12.500076,12.979255,13.016855
85541,9.906921,9.669495,9.645875
85542,7.284244,6.460334,7.2051764
85550,2.5077157,3.0761719,2.1915488
85559,1.466259,1.241746,1.2886152
85569,8.911962,8.723771,7.9132614
85581,15.275881,14.96653,14.369702
85588,6.771036,6.5053277,6.386714
85591,2.5425496,2.343011,2.8421383
85600,-3.857652,-3.797703,-3.603463
85601,6.4521303,6.27596,6.2407584
85644,6.8560677,6.8923626,7.067434
85650,13.302284,12.403533,12.862759
85657,7.961318,7.493966,7.869592
85661,15.642544,15.192417,14.857716
85663,-0.07714367,0.0019202232,0.16793394
85669,3.4767942,3.7030807,3.793048
85673,13.660545,15.040747,16.075523
85680,4.0505886,6.634231,7.115762
8569,27.569695,26.969387,27.016296
85691,1.1095037,0.6297126,0.77149963
85694,14.340701,14.067241,13.547456
85699,5.6353536,6.5521836,6.2762957
85704,-1.7750261,-2.3600757,-1.964567
85707,4.707374,2.5060039,1.9245868
85727,6.4751863,6.3803744,6.3091917
85738,10.465612,11.038142,11.030654
85742,-29.016409,-28.957077,-28.876404
85743,-1.9670291,-1.5832839,-1.1466374
85769,7.1108394,7.232251,7.1033096
85791,-0.38850498,-0.7566023,-0.5368705
85799,-48.97764,-49.885418,-50.32275
85805,10.914704,10.898659,11.052306
85814,10.145712,9.687458,10.022625
85825,3.3327303,3.2730112,3.0886216
85831,-2.3623133,-3.6822157,-3.990941
85834,20.098228,20.424362,21.478977
85859,7.3012085,7.831372,7.135157
8586,3.8263998,4.372932,4.619337
85865,5.865958,5.177905,5.2145514
8587,22.653982,23.300236,23.06115
85870,6.758434,6.8004675,6.7034283
85890,6.082275,5.6654534,6.7659483
85897,3.316153,4.0546923,4.106985
85899,10.395128,8.671045,10.247509
85900,-2.5999577,-2.3968403,-2.0282552
85905,0.4073763,0.07913399,-0.15498304
85906,8.815861,10.18428,9.3005705
85908,9.398594,9.643806,9.489321
85914,8.913454,9.491034,9.39917
85915,5.6343036,4.8978167,5.4193006
85918,15.589069,13.909124,14.524894
85921,7.0825405,5.8964405,7.1504903
85922,7.3150506,7.132116,7.5030155
85939,9.81382,9.361429,9.454035
85940,-1.2841873,-1.189126,-1.4513488
85946,6.942271,7.5796075,7.588578
86003,7.09129,6.922098,7.304533
8601,12.473921,11.230331,11.45215
86013,6.6246705,7.297923,6.7286897
86019,19.649744,19.075924,18.628624
86026,-28.606169,-28.861427,-28.597658
86029,4.857996,4.377515,4.4469185
86035,-3.4017715,-4.1161485,-2.6537008
86037,0.8686738,0.43200445,-0.31298065
86060,20.640781,22.506227,22.260586
86072,-1.0079508,-0.43940592,-0.54518795
86077,0.020774364,-0.6125517,-0.57469416
86092,3.033762,2.9938517,2.8855686
86097,8.45565,8.697907,8.696831
86111,-27.655367,-28.073181,-27.705692
86115,6.6135335,6.720241,6.728877
86118,5.031604,4.8954964,4.945286
86123,-54.990437,-55.205803,-55.19301
86124,10.788712,10.113394,10.109425
86128,6.7275176,6.657522,6.859684
86129,6.545954,6.431376,6.751259
86130,-1.4270883,-2.6099482,-2.0433283
86145,16.9114,17.879194,17.499655
86151,18.98882,19.673235,19.056053
86152,3.47268,2.9883494,2.4899106
86153,3.9820647,4.3140845,4.262665
86166,-45.71357,-47.07083,-47.185738
86167,1.377162,1.2535958,2.1639628
86179,-124.48132,-125.24451,-125.430534
86182,2.2341146,1.5972176,1.8541565
86194,13.70605,13.299744,13.215656
86198,-46.914684,-47.804398,-47.623764
86199,12.774233,11.968487,12.182623
86203,0.7173581,0.6411028,0.69744587
86206,2.7957964,2.7545052,3.1063967
86207,10.8428,10.460797,10.587517
86220,10.725957,10.855825,10.810558
86239,10.722182,10.312239,10.980043
86252,7.9555864,7.961994,7.8206506
86254,7.475103,7.3258653,7.5837283
86256,10.936055,10.941008,10.938034
86261,16.450066,16.13696,16.367018
86279,11.747696,11.974942,11.874095
86281,12.285545,12.389628,12.244276
86282,12.973227,13.92892,13.702766
86283,7.7224383,7.523942,7.311316
86291,11.650166,10.918398,10.9107685
86298,12.167049,12.582478,12.286673
86302,4.6997547,4.5143447,4.2319474
86310,6.067539,6.756592,6.8165684
86313,12.10482,12.6636505,12.659771
86314,-39.98401,-40.498245,-40.89772
86315,13.847128,13.400552,13.4670315
86325,2.5105495,2.054451,2.0941005
86334,-35.575516,-36.07305,-36.76449
86344,12.844221,13.806054,13.862798
86348,10.596523,11.360725,11.590017
86352,11.23324,11.840916,11.7316475
86355,-51.205864,-50.941414,-51.54325
86361,7.6550097,7.408021,7.28031
86364,7.9566154,8.316834,8.445131
86370,-44.18157,-45.028103,-44.919228
86372,7.6016154,8.341393,7.48055
86373,7.6242833,7.0237503,7.136174
86374,5.742438,6.850179,6.625784
86393,-5.6138387,-5.511604,-5.7487664
8640,8.340618,9.14436,9.638856
86403,17.27809,16.922386,17.23006
86406,7.240652,7.880327,8.0088825
86411,6.871276,6.704653,6.8148203
86412,4.401059,4.017005,4.0741644
86415,1.1195126,1.1549935,1.0525799
86431,10.030891,9.9751,10.365665
86435,6.439165,8.137152,7.22025
86439,12.9985,12.228088,12.190674
86447,-2.45744,-3.4474816,-3.808097
86448,19.646158,19.400951,19.330359
86452,6.249585,9.304754,9.068884
86471,5.4846654,5.023544,4.8442903
86490,-1.8593116,-1.7051778,-1.6848307
86500,1.7634945,1.9131083,1.935432
86503,-1.4773889,-1.2477083,-1.1005392
86505,3.2815719,3.6480403,4.185015
86510,14.839464,15.610455,15.338749
86518,0.6888075,1.8041143,1.4371862
86526,10.39253,9.32345,9.762684
86530,1.813942,2.0382519,2.4685798
86538,8.5620575,7.961858,8.080889
86550,-5.0673704,-4.2741323,-3.7821755
86554,7.1265225,6.5761905,7.130582
86564,6.073584,5.92537,6.2744856
86565,8.031033,7.6833715,8.171759
86567,16.361685,15.648365,16.65058
86580,7.894424,7.0154104,7.5521836
86581,7.181509,7.25341,7.604502
86590,7.287189,7.629072,7.405102
86603,4.861951,4.6526146,4.3832674
86611,1.1934557,0.9050398,1.0652809
86628,6.3088055,6.594701,6.6237826
86631,4.0981164,4.4444537,4.776223
86638,-3.2137945,-3.1127102,-2.9737394
86641,9.3173065,9.974228,10.445375
86642,20.96005,20.597883,21.047276
86644,6.8241034,6.499874,6.308755
86645,9.0679,9.65447,10.048555
86654,7.402343,7.3099737,7.995414
86674,0.42749357,0.09791803,-0.22274351
86678,-43.62935,-44.78643,-44.686485
86679,6.085571,6.262937,6.19176
86684,1.5069976,2.1823783,1.2760653
86693,8.722603,8.904591,8.770065
86695,10.158558,8.958577,8.503284
86696,11.5961075,11.273874,11.519961
86709,8.50637,6.567181,7.3810315
86711,-39.540855,-39.654457,-40.018753
86716,-3.102308,-2.7369955,-1.4891889
86717,1.344552,1.0376291,1.432128
86730,-28.592094,-29.206985,-28.622723
86731,-47.15299,-45.577538,-46.144974
86742,14.097372,14.881774,15.086632
86750,4.832862,4.882437,4.8662505
86757,24.567837,23.768608,23.600674
86758,-44.03844,-44.480495,-44.230255
86762,6.252362,6.320669,6.407672
86770,6.252078,4.9765596,3.930995
86771,-0.3249755,-0.06075573,0.5700059
86774,9.515793,9.7038,9.715486
86777,15.624053,15.725163,16.097857
86781,4.079844,4.074465,4.103692
86789,2.1985116,2.7091088,3.9683213
8679,0.81411123,1.8476176,1.5354042
86801,10.096628,9.189797,9.418996
86803,10.738137,10.81643,11.1409235
86804,-2.1536994,-0.67112446,-0.61595726
86809,5.418747,5.547517,5.5097256
8681,10.05052,10.207335,9.836573
86819,27.532078,27.224087,26.940613
86825,17.155396,18.96648,17.759329
86831,4.9964714,5.276642,5.3264413
86833,4.103249,4.743335,4.890892
86834,11.890598,12.017656,12.0341215
86836,13.101483,13.266591,13.269934
86837,9.17958,11.742243,10.718065
86844,7.5035114,7.1813188,7.4843774
86845,5.1798406,5.195337,5.2011704
86847,-0.105541706,1.6383734,1.780045
86866,4.4924707,3.408729,3.692747
86867,8.594244,8.479369,8.812473
86869,8.454733,10.408781,9.573278
86878,9.079839,8.666133,8.982729
86880,6.825776,7.097301,7.148682
86887,3.6873507,4.595122,3.6820889
86892,11.805102,12.891627,12.32213
86895,8.4276705,8.248199,7.831298
86897,-0.9233017,-1.3970919,-1.3904152
86905,2.9862857,2.9229865,3.0492392
86907,9.0998745,9.192869,8.766953
86908,0.53884315,1.1310973,1.0780725
8691,9.169937,10.142332,9.604849
86912,-53.343594,-52.32005,-52.713627
86914,3.4475641,2.816473,3.6416688
86916,3.404047,4.134055,4.229956
86921,3.0843606,2.7522311,2.7024832
86922,12.797179,12.408758,12.382861
86926,-44.203297,-43.616592,-43.720024
86928,5.5441594,5.365898,5.518423
86931,1.3511796,1.5303249,1.3759627
86932,13.3126545,13.873049,13.085791
86952,8.417243,8.941454,8.583855
86953,10.629379,9.19986,8.906351
86954,1.2140627,1.2609553,1.1920013
86965,0.6593299,0.50002813,1.1083918
86967,6.1103625,5.6166763,5.749755
86972,17.900738,17.012733,18.129784
86980,13.307606,13.3009205,13.440017
86981,7.643526,8.603413,7.6074395
86986,-3.9626784,-4.4211845,-4.8708587
8699,13.698618,13.572641,13.513561
86991,6.099563,6.1123524,6.5945053
87,-4.1557145,-3.8750966,-4.462894
8700,9.299515,8.277799,9.586785
87000,5.3254185,5.251693,5.14302
87005,-45.15107,-45.642002,-46.0468
87013,-2.2772026,-3.393918,-3.366362
87018,7.5958815,7.463602,7.658507
87022,6.334544,5.487304,5.515398
87030,12.03922,11.771801,11.835245
87031,7.513674,6.2971153,6.3395004
87037,5.625942,4.7910466,4.2747808
87039,-4.3288336,-4.400812,-4.4789195
87042,10.076124,9.348829,9.294842
87048,12.135431,11.591524,11.813837
87056,12.8745165,13.692133,13.650051
87058,-28.91618,-29.147102,-28.830471
87067,8.212378,7.953003,8.261543
87069,-0.587389,-0.97674084,-1.2777963
87073,10.559799,10.611155,11.174623
87085,8.902201,8.247237,8.511515
87087,4.791046,4.532009,4.7359886
87091,-57.471573,-56.93013,-57.316677
87094,4.5547323,4.5101914,4.0539865
87097,0.58496857,0.19766617,0.46329737
87103,8.098803,8.061947,8.324087
87106,0.29918575,0.35971212,0.14720774
87117,4.0955653,4.0489583,3.8984747
8712,7.923787,7.729659,7.737514
87120,6.789376,5.7270193,6.04818
87128,3.0776749,5.3087645,4.5428467
8713,9.017,11.063822,10.698528
87136,-0.18367004,0.359416,0.63962984
87141,10.594465,11.018225,10.945603
87145,2.1675835,2.0277414,2.7017431
87147,5.488837,5.214693,4.912364
87152,14.3152275,13.575207,13.7390785
87155,9.364542,8.8278475,9.075207
87162,20.116957,20.007101,19.58084
87167,-2.434188,-2.3653388,-2.418809
87172,-18.259962,-18.322802,-18.346981
87175,5.220118,6.504154,6.0857916
87190,11.625488,9.763605,8.886147
87204,-0.31516314,-0.492589,-0.48788214
87205,0.13714457,0.33921623,0.015306473
87218,15.808918,14.680322,14.251839
87223,10.443478,11.34514,11.097058
87225,0.6267085,2.0084186,1.9778113
87228,4.22385,3.6596303,3.304791
87237,4.5866804,5.2364717,5.2850637
87241,59.037277,58.177536,58.460102
87252,6.684588,6.2600355,6.499772
87255,1.5644207,2.6238036,2.4474454
87256,5.4398274,5.572325,5.586322
8729,3.3872576,3.7026,3.2164092
8730,5.157112,5.045807,4.0660095
87312,5.181676,4.884331,4.693945
87331,7.552343,9.040513,8.6352
87336,10.924017,11.47971,12.598576
87376,1.670145,1.6967254,1.1708074
87389,5.8391113,6.276636,6.635371
87451,14.021479,14.941526,14.46203
87452,21.668665,20.93266,20.09732
87456,6.710446,6.3471255,6.1621456
87462,0.8687682,1.0704293,0.8522582
87463,4.548935,4.3161736,4.275229
87476,6.3068957,6.7502913,6.3310747
875,-0.24029112,0.43857145,0.29284
8752,5.97191,6.5452685,6.0125217
87544,2.1147146,2.1980252,2.2742357
87551,4.050626,3.382379,3.2434673
87557,2.231773,2.0059376,2.0716553
87581,-56.67702,-57.0701,-56.823887
87588,-48.698616,-49.278534,-49.015182
87596,24.982695,25.946333,26.363047
87602,3.6288028,2.7266722,2.7013106
87617,-5.519885,-5.430313,-5.403722
87619,4.2284975,5.0810094,5.3583455
87621,-5.416507,-7.061867,-6.805917
87624,3.9253387,2.6760583,2.4814377
87639,7.110014,6.2278943,6.776133
87640,14.296806,13.410161,13.754017
8766,2.2621665,1.0413232,1.3142047
87668,0.092182636,-0.36857653,0.17590666
87684,5.732723,6.158393,6.2795978
87692,1.7790036,1.872695,1.8653336
87693,10.389397,10.491365,10.245014
87753,-43.40819,-44.020252,-43.777477
87795,6.105645,6.451856,6.445885
87797,-0.16909456,0.04099369,-0.3578453
87798,-0.95326567,-0.330328,-0.6183672
87799,3.7498527,4.9507565,4.3005376
87803,0.9702072,1.3921928,1.1153793
87804,1.4762497,1.8634734,1.9097428
87806,-0.69020224,-0.13523197,-0.2049408
87808,-36.70775,-36.341587,-36.516228
87814,3.108808,2.6808448,2.6541762
87836,-61.209538,-61.452076,-62.218002
87837,3.253974,3.9913535,3.529878
87838,3.58065,3.3402994,3.0863488
87840,10.358192,9.632696,10.20451
87857,1.9434476,1.9208937,2.3203845
87867,10.022509,10.111839,9.708908
8787,7.892825,8.969671,8.542854
87877,-50.745064,-50.37677,-50.47966
87889,-46.887344,-47.005875,-47.11338
87941,7.999275,8.1489,8.445087
87942,5.721203,4.9491854,5.022407
87947,13.760326,13.9953,14.032417
87959,-1.4736009,-1.3215857,-1.5826559
87991,14.412855,13.500542,13.401845
87993,-1.9630208,-1.6455321,-1.928227
87994,-0.7431507,-0.91912365,-0.1028986
87997,4.668417,4.3439918,4.9352226
87998,0.7174015,0.52554464,-0.25859928
88016,2.5572433,2.7285185,2.261929
88019,6.785242,6.792902,7.0175023
88031,7.3599005,6.913152,7.5718517
88035,2.695138,3.1215053,3.2004452
88051,-26.441364,-26.668924,-26.845947
88060,12.99781,12.186675,12.075645
88082,6.443544,6.110911,6.0668573
88085,16.979479,17.130402,17.195568
88088,13.795208,13.591072,13.728538
88118,-25.422308,-25.527658,-24.931705
88126,0.39167833,1.1769676,1.2196622
88128,-43.566265,-44.197655,-44.228443
88129,0.26395988,0.05918932,-0.040795326
88161,9.540909,8.679509,10.2945175
88168,-39.172173,-39.51623,-39.282963
88169,16.846172,15.712424,16.55489
88173,-43.26167,-42.736954,-42.314182
88183,6.499481,6.1808944,5.934885
88186,7.588658,7.7526875,7.5558605
88198,-0.87640715,-0.33021927,-0.9100218
88199,5.0133123,5.0947056,5.2726307
88205,4.3754435,4.135423,4.0538516
88210,-0.08961105,-0.52935696,-0.9862046
88211,-2.415953,-2.4150054,-2.7491028
88230,5.1065917,5.2822704,5.385943
8824,12.6230545,12.373169,12.321537
88247,4.139146,4.4939876,4.32862
88258,1.6592498,0.9543748,1.2889943
88270,11.876222,13.27199,13.579853
88287,1.770895,2.3283596,2.29958
88293,-2.0828838,-1.5320926,-1.109767
88309,20.263262,20.285933,20.536713
88312,7.432027,7.756679,7.776214
88316,3.5849366,3.8962512,4.120994
88319,-4.7065644,-4.8536587,-5.0929794
88328,7.3675256,7.3044305,7.405682
88344,10.987831,10.818217,10.871277
88345,10.604262,10.434328,10.673334
88350,-9.432306,-10.727077,-10.227136
88351,9.533992,11.47991,11.505896
88371,4.426024,4.449129,4.3014975
88375,3.4470453,3.3742375,3.216312
88395,5.5817347,5.5333104,5.3994884
88408,15.2349415,15.328256,14.741556
88412,-46.786926,-46.690243,-46.783646
88421,7.675809,7.9295173,7.549627
88434,2.5832152,2.4572716,2.6830273
88435,13.037705,13.666648,13.444496
88445,-3.85174,-4.2507496,-4.329217
88452,6.15312,6.148413,6.076574
88457,8.348074,8.768884,9.110786
88458,15.174234,14.817847,14.867069
88470,16.123297,16.867298,16.8468
88472,12.037121,13.239795,12.502309
88486,-1.8564281,-1.8651519,-2.038756
88487,-2.2604437,-3.321453,-3.8048034
88488,11.770014,11.742411,11.657241
88492,-4.024486,-4.216436,-4.0100045
88494,14.255904,14.142894,14.271238
88503,14.057236,14.932997,13.850833
88506,-1.9298885,-2.2244146,-1.8563607
88507,0.18633127,0.049835682,0.06778288
88514,-37.509193,-38.00541,-38.98715
88516,-40.0806,-40.585396,-41.105495
88528,1.9938574,1.868504,1.8588438
88538,7.8124795,8.20479,8.068788
88539,5.4996257,6.586874,6.1706915
8854,11.908956,11.624454,11.2605915
88540,5.2716904,6.149772,5.910284
88546,0.617332,0.5488925,0.93394995
88553,14.637501,15.726452,17.05825
88554,14.789188,12.143692,12.898867
88556,0.47789097,1.0024409,1.5053144
88596,-40.736626,-41.527695,-41.978447
88598,12.0787325,12.35343,12.419662
886,-0.63716364,-0.2355752,-0.27441168
88601,-3.0202985,-3.2402916,-3.1571836
88620,12.119683,12.262075,12.079897
88623,8.37372,8.7334385,9.248338
88625,11.422228,11.355351,11.922389
88626,17.113152,17.309067,17.446579
88628,13.830148,13.416561,13.869506
88632,-37.775215,-38.007294,-37.92253
88633,12.321995,12.472958,12.190521
88637,10.887058,11.214419,10.939154
88638,24.493141,26.558504,27.500725
88663,18.990437,18.554989,18.745853
88675,0.102565765,-0.37935352,-0.23368263
88682,7.1234303,6.238631,6.520061
88689,7.0063496,5.7060747,5.9388313
887,6.4098835,6.270754,6.0913696
88704,3.549665,3.1473627,3.2381024
88705,7.5000744,6.651369,5.629556
88707,-2.7539067,-2.4244642,-2.4616728
88711,8.066489,7.2647753,7.5860777
88718,17.794174,16.25151,16.145054
88719,2.1581173,3.000474,2.7578068
88721,-2.1170304,-2.6104267,-2.8785746
88724,1.5582104,1.297863,1.0770097
88726,-45.501617,-45.702835,-46.197845
88755,8.409124,8.318659,8.474253
88764,7.8428574,7.116453,7.488132
88776,-53.17711,-54.64468,-54.428932
88779,7.039278,5.976162,6.4458957
8878,11.916818,11.780722,11.607843
88804,4.3597217,4.6914244,4.783128
88838,30.022728,30.334444,30.738186
88840,8.109362,7.6432405,7.7929273
88854,6.070526,5.8225822,4.8761845
88858,-1.0526114,-0.84404564,-0.4227605
88859,0.423285,0.23716259,0.1823988
88864,2.9702544,3.2021012,3.252245
88879,1.4631791,1.8700233,1.9200935
88882,-41.315296,-41.447456,-41.393127
88888,3.0412216,2.9069142,2.899263
88890,-48.37516,-48.268776,-48.122353
88892,-9.122351,-7.5533223,-7.713843
88893,24.486881,26.389843,26.474518
88897,1.7122836,1.7423201,2.0014215
88898,0.10516071,-0.06673145,-0.13718414
88901,4.282942,4.4522433,4.4765534
88905,3.170896,4.2415547,4.2012367
88914,8.038446,8.231116,8.178968
88919,-2.9992132,-2.0890427,-1.7465043
88931,10.459555,12.468078,11.54926
88934,8.67603,8.146145,8.252379
88942,-2.435403,-1.7460787,-1.853576
88953,17.212326,18.192116,17.210335
88962,3.9836478,4.8127713,5.2198625
88973,3.6652198,3.565136,3.5510306
88978,-4.0449824,-4.545437,-4.6645722
88987,6.8892775,7.6431246,7.2564354
88991,4.863854,4.907323,4.1797786
88992,12.140086,9.866774,9.5227165
88994,12.707106,12.15756,12.29164
88996,11.865847,12.006497,11.688834
88997,15.104677,14.531365,14.568128
89000,5.1350727,5.8545275,5.686951
89004,16.21065,15.282185,15.402865
89006,-0.13553381,-0.15977383,-0.12128973
89011,-40.774,-39.748642,-39.250717
89012,0.05682683,-1.6973257,-1.628005
89019,-2.2420511,-0.9758105,-0.32378078
89020,5.972999,5.6309767,6.364782
89030,13.731617,14.703482,15.387596
89039,7.042651,7.0512123,6.964268
8904,-1.3033102,-1.1473405,-1.1780238
89051,10.3006115,10.144573,10.34495
89069,12.202183,12.111206,12.108044
89070,7.6138144,7.540213,7.7515864
89076,1.1350346,2.7160969,1.9066272
89081,9.987801,8.673014,7.4532285
89086,16.448494,16.710693,16.589457
89087,17.59332,15.865077,16.23208
89088,13.541586,13.246641,13.734006
89095,-7.495197,-6.299928,-6.7950783
89097,22.534271,24.083118,23.896372
89099,-28.86449,-28.224077,-28.073093
89101,19.491404,17.526722,17.208868
89105,9.655994,8.616881,8.558415
89110,5.161295,3.9570441,4.574573
89111,6.1111946,5.0231194,5.442129
89123,12.127655,11.859964,11.709456
89125,5.3927445,5.7909837,5.726056
89132,8.121218,9.025974,8.558126
89133,-2.9304228,-1.8718872,-1.932302
89136,2.3080854,2.0472646,1.851573
89137,8.887512,8.032482,8.275707
89138,-0.525692,-1.090795,-1.2579026
89139,10.123309,9.296733,8.944107
89142,5.7731714,5.504025,5.5467296
89148,10.572624,10.37724,10.13504
89150,16.182076,14.592763,15.606959
89152,13.687066,13.450971,13.573028
89155,10.863858,12.115068,11.631962
89158,8.365074,8.243903,8.177847
89161,-5.2761335,-4.305951,-3.9320092
89162,1.2041883,1.5856943,1.7322488
89164,16.12988,15.126106,16.545654
89165,11.210871,10.672615,10.576389
89166,6.232215,6.371371,5.847114
89169,15.137912,14.488029,14.609705
89173,-0.9955931,-0.8360009,-0.8194022
89177,19.240406,18.565971,19.431519
89190,16.998753,18.067802,18.621742
89196,14.390543,14.988254,14.403265
89197,14.674958,13.240953,13.663195
89198,4.906781,5.2850113,4.8101506
89200,11.422211,12.996981,12.620842
89203,8.88471,9.194201,9.39621
89209,13.689541,13.621084,13.454275
89211,-43.697624,-42.963215,-43.303356
89212,6.0123487,5.0632596,4.98951
89218,25.305088,25.316093,25.408968
89222,14.358682,13.693884,13.993617
89227,7.1919284,7.134057,7.151735
89235,-6.6190577,-6.961507,-6.4102993
89252,18.795204,18.253399,17.282288
89253,14.0860615,13.290321,14.319234
89256,10.460884,11.470663,10.995006
89257,6.3986235,5.9261775,6.378742
89260,4.6760263,4.474413,4.55313
89262,3.7394218,4.2019467,4.341467
89289,-2.7414417,-1.4476733,-0.9874654
89290,6.795942,6.7050076,7.3177752
89291,5.899388,5.684284,6.216085
89293,3.5955353,3.772213,4.0894074
8932,10.712641,10.126642,9.986293
89326,4.9939466,3.4675226,3.7010646
89327,3.9170408,4.412671,5.0091324
89330,2.1238632,4.447457,3.7876315
89336,-6.5579786,-7.8686867,-8.405714
89339,-1.2077613,-1.5445266,-0.8882656
89356,-41.100334,-41.031033,-41.42446
89361,4.150589,4.527086,4.3547106
89371,-0.0060067177,-0.8363857,-0.3566184
89372,-42.589733,-44.07003,-44.095108
89377,8.214912,6.8882613,7.1675053
89387,5.2935734,6.8932214,6.93807
89394,6.5207844,5.5697727,5.245493
89422,9.077668,9.525104,9.561724
89423,10.145652,8.601406,9.367224
89435,2.4781227,3.487823,3.123612
8944,-3.7746596,-3.1659222,-3.2603197
89440,-1.9090896,-1.3357134,-1.816927
89453,8.766255,8.510562,8.614526
8946,16.445507,15.677375,15.881838
89460,5.145555,5.677913,5.8002415
8947,4.7020683,5.812656,5.9741316
89477,3.5049496,3.3755412,2.2992802
89480,3.9486933,3.2750854,2.5045147
89484,6.6575484,6.247018,6.255646
89488,4.3735194,3.864252,3.3484597
89490,8.491303,8.728781,8.959875
89491,3.7805514,4.345029,4.9602075
89492,9.620509,8.468624,8.267195
89493,4.8292017,3.4631925,3.711524
89497,8.659195,6.878243,6.7478414
89500,-23.814331,-23.936092,-24.095478
89506,5.099604,5.078426,5.044342
89509,18.746681,17.261795,17.731676
89519,-0.058077812,-0.38835907,-0.26511002
89544,-7.230053,-6.273529,-6.949067
8955,-0.7127404,-0.5305972,-0.5638275
8958,8.928646,8.772295,8.885527
89583,9.878305,8.894533,8.038127
89584,2.3385882,2.7195902,2.7850952
89607,4.066892,4.797802,4.8978353
89620,3.8621335,3.2398033,3.976097
89629,11.554938,12.890142,12.268222
89646,-0.5341301,-0.023021221,0.22785187
89663,-2.4305303,-2.0723555,-1.4523017
89665,-1.0891042,-0.14383364,-0.18975925
89681,11.440687,11.362215,11.26153
89682,6.8366394,6.656519,6.9592795
89687,5.577961,5.5762396,5.654514
89691,-6.7997394,-9.9066925,-10.276676
89699,4.062761,3.6600657,4.0225205
89705,3.972208,4.0902996,4.055337
89713,2.89318,3.688837,3.8923378
89734,11.437367,11.83749,11.98414
89738,1.2516699,2.4212098,2.5435276
89770,0.3619609,2.024603,2.342225
89778,10.765972,11.795759,11.831573
89780,-5.192015,-3.5774713,-4.623845
89797,9.743666,10.244216,10.795681
89803,8.928938,9.122235,9.378069
89806,15.399158,14.105973,14.465688
89807,11.5090275,10.237247,10.2343025
8982,18.771442,19.38314,19.023682
89826,3.1944606,4.105915,3.897901
89840,-0.927886,-1.1821327,0.5505345
89848,13.480589,12.65196,13.034556
8985,23.961746,24.603458,25.107105
89854,8.610793,8.525657,8.672277
89858,17.928347,17.14637,16.793861
8986,1.2013221,1.4387851,1.3513432
89861,20.35128,17.901257,17.725739
89869,13.616722,12.855915,13.707443
89870,8.000488,8.330603,8.156158
89871,17.763031,18.6348,18.645016
89874,14.298021,13.908779,14.270849
89879,1.9985566,1.3711119,1.2953901
89881,7.8832126,7.573456,7.425191
89884,-1.7077138,-1.096123,-1.2858956
89890,4.543993,4.5985713,4.5688596
89900,-0.7338774,-1.2613478,-1.1964312
89905,20.487453,20.027111,19.608835
89906,14.905748,15.269101,15.169876
89914,0.5888066,-0.14421654,-1.0597682
89918,20.269844,19.14213,18.091179
89936,-63.93791,-63.834408,-64.115906
89939,4.5288405,4.7522345,5.301427
89951,1.8240018,2.3877277,1.7888885
89966,13.053589,12.476389,13.042484
89973,19.992657,20.20089,20.190191
89982,-3.4400787,-4.2135243,-4.9259624
89989,29.323963,31.047993,30.889427
89991,7.89458,7.66804,7.432826
89994,-49.224876,-49.836266,-49.775208
89996,6.463495,6.9533677,6.4862514
89998,6.1460557,5.510174,5.7381797
90001,-2.6580606,-2.2845721,0.06380701
90003,-2.1407015,-2.2980874,-2.3131282
90004,3.7360969,2.5594034,3.4027324
90021,31.406973,32.57297,33.18127
90026,4.2906375,3.9991984,4.2257557
90034,-53.52596,-50.912697,-52.234676
90041,3.1701045,3.1755538,3.1917253
90046,1.6370416,1.9821482,1.3630829
90048,5.747712,5.228426,5.122022
90052,0.9713445,1.8763385,1.6174641
90053,11.043221,11.686712,11.688353
90055,7.8589444,7.239499,7.281803
90069,6.5521083,6.888666,6.646546
90070,7.45894,7.6350718,7.369265
90072,3.9546227,4.073443,3.9652338
90074,34.91849,34.555496,34.13605
90075,19.286827,18.646328,18.353113
90077,33.191742,33.408894,33.12361
90078,35.736824,35.53491,36.091064
90079,24.41278,23.026707,24.506535
90105,2.9458432,2.4806361,2.4096441
90106,12.490459,13.079415,12.319981
90107,5.7744446,5.7402077,5.558678
90120,8.347845,8.225794,7.8445053
90121,6.2326493,5.949597,5.798715
90123,3.25591,3.490323,3.1373978
90125,7.9529243,8.117915,8.409543
90128,0.7850199,0.64980316,0.72588253
90136,7.185615,6.429786,6.450304
90137,2.0766082,2.0992026,2.4006052
90140,6.499686,6.2159824,6.3640294
90164,-42.401264,-43.844875,-43.756023
90166,-9.559015,-8.499522,-9.020041
90171,0.86530256,0.43297148,0.044272423
90172,0.27363205,4.4458065,3.8803744
9018,5.986102,4.6871924,4.99556
90182,10.67945,12.397341,12.411233
90185,-55.91996,-55.051315,-54.965805
90188,18.110424,17.424654,17.127144
90191,-2.113243,-0.4373188,-0.41052008
90195,-1.0018396,-1.1533041,-1.3554096
9020,6.793811,6.582641,6.3661337
90220,15.658491,14.819321,14.892308
90223,0.5779352,0.8950515,0.48245573
90224,3.2705595,3.5584464,3.3898206
90226,7.100816,7.4186788,7.3122783
90228,5.977047,5.7649684,5.540211
90255,4.7574024,4.2324066,3.817408
9026,1.1081314,0.8928976,1.226656
90262,-1.2153568,-2.1565557,-2.2371454
90264,1.043005,0.79496,0.73904514
90265,-2.0043468,-1.1351943,-1.0521045
90272,0.1965785,1.2583528,0.950006
90275,15.2621765,17.086246,16.695295
90279,18.47088,18.374504,18.59879
90283,-63.26129,-62.845165,-63.232582
90286,1.9150653,1.8930116,1.8360677
90293,8.038749,7.7188277,7.391747
90298,5.488227,5.592269,5.592413
90305,0.6240487,1.1457224,1.3260522
90323,14.161228,13.328791,12.723398
90325,10.792002,10.438232,10.8356285
90330,-4.5526724,-3.7532933,-4.1171885
90332,11.790619,11.475914,10.814144
90336,-64.63148,-65.335815,-65.00692
90340,9.873762,9.161321,8.778111
90344,8.361455,7.528032,7.856729
90360,12.988575,14.5669,14.513254
90366,-0.8418093,-1.300828,-0.7722502
90382,13.267588,14.034249,13.510492
90384,8.314564,8.262237,8.191389
90397,11.314333,11.671381,12.063389
90398,16.199635,15.027325,15.6423645
90401,4.701871,4.4247127,3.7418098
9041,11.126814,10.762604,10.561743
90411,12.847332,11.675779,11.289807
90415,-0.8447714,0.7614975,0.89963484
90417,10.768805,10.733218,10.90816
90420,2.7185874,2.3216457,1.7404819
90422,-1.3241429,-0.4414811,-0.69601107
90423,-1.0353734,-0.4029839,-0.9229095
90424,0.75032425,0.54020166,0.3618703
90427,-52.116642,-52.64714,-53.01408
9043,12.280768,12.11082,12.075232
90435,2.8437738,5.1529555,5.1781616
90436,-0.8954866,-0.5853298,-1.113159
90463,-1.388063,-0.20992565,-0.015796661
90468,8.536394,9.038437,9.256918
90477,9.90831,9.771803,10.699024
90483,8.769358,8.993185,9.520612
90484,10.404493,10.377197,10.484059
90486,9.483221,9.573528,10.2028675
90489,11.634556,11.721733,11.824112
9049,14.552013,14.605266,14.651781
90492,16.306349,15.714554,15.826542
90493,8.036227,7.8762913,7.994956
90495,6.6303935,7.198836,6.9015274
90497,8.9802265,8.972956,8.985052
90499,8.156721,7.6635494,7.9048896
90510,7.205105,6.7578826,6.78918
90517,7.5895414,7.684402,7.957158
90518,19.830061,18.235588,18.367785
9052,9.809609,8.928465,8.73925
90522,4.3436775,2.9491534,2.8370342
90533,6.5333085,7.804473,7.881061
90542,2.3844924,1.3833404,1.061369
90548,-0.95964193,-0.90658,-0.7992816
90549,-1.154357,-0.96451664,-1.0386391
90550,0.3488989,0.1661315,0.017018795
90552,-0.26835203,-0.7580571,-0.86740303
90555,0.20321798,-0.4123845,-0.33307457
90557,-1.5224488,-2.0832784,-1.7636979
90561,0.6331277,-0.07415247,-0.08845806
90563,1.1738458,1.316742,1.3832016
90572,-0.9368129,-0.5964508,-0.68281937
90574,-1.1493902,-1.5500917,-1.6493053
90579,-1.5820603,-1.8714385,-1.8881984
90580,-4.3556767,-3.9618788,-4.1334534
90581,-0.4916172,-0.53227043,-0.5632572
90583,0.33616495,0.07588005,-0.110212326
90584,-43.139824,-43.073654,-43.214813
90587,-0.7029009,-1.3662047,-1.1922474
90594,0.24861765,0.3074956,0.34918547
90604,-2.7688265,-2.3613105,-2.422536
90606,-0.79162836,-1.1674676,-0.83650017
90611,-54.604424,-54.764435,-54.70171
90621,-0.20272732,0.25789833,-0.10792351
90625,1.588901,1.9344621,1.939775
90629,1.437542,1.755692,1.6249576
90630,-6.6884427,-4.7280307,-4.8477154
90633,0.21386623,-0.3496213,0.1219368
90648,-1.7365901,-1.9078605,-1.6965244
90657,3.3017616,3.6766562,3.7324967
90669,-1.6705775,0.054634094,-0.061222076
90670,-9.10886,-7.118966,-7.1466336
90672,7.1980944,6.3230276,7.2468715
90688,-0.43483782,-0.25449562,-0.24115086
90693,-0.79234123,-0.76867914,-1.3986831
90705,-7.25766,-7.554675,-6.9631157
90722,6.5405946,5.460001,5.216939
9073,15.155039,14.895863,14.76123
90744,-36.206,-36.937588,-36.664616
90745,5.8029933,5.5247135,5.5446887
90746,-38.371197,-38.826706,-38.818523
90750,3.5085053,3.4239511,3.0970697
90754,-2.309774,-1.2186766,-1.0018096
90755,1.0551057,1.2868733,1.3031449
90757,-0.7390351,-0.7617674,-0.55912113
90758,9.036146,9.665424,9.040878
90760,-1.3458211,-1.059777,-0.71573424
90776,8.628226,6.9838395,7.8971195
90777,8.331406,7.5615883,8.094721
90778,5.125917,4.756567,4.917084
90779,5.5209136,4.969255,5.866795
90781,2.942356,3.2222857,3.1433024
90783,10.213831,9.189695,9.04455
90795,13.782778,13.752172,13.163326
90796,13.037065,13.583825,13.695168
90798,6.334678,6.581426,6.48269
90805,8.475975,7.833987,8.208989
90819,15.521421,15.012781,14.881016
90820,7.7813716,7.593338,7.503904
90830,-1.0042286,-0.5425606,-1.2235265
90861,12.215868,13.075293,12.230188
90862,10.71998,10.46014,10.0575485
90863,8.708948,10.484701,9.881224
90865,5.5445094,5.8280425,5.68926
90872,10.3745,10.9952755,10.718306
90887,4.30111,4.556695,4.1005726
90939,-63.406784,-63.60225,-63.684273
90943,5.501825,5.09193,4.5044465
90948,6.1958866,5.7466455,5.559977
90950,7.899832,7.369079,6.8751755
90951,2.880733,4.361808,4.002957
90952,0.6295047,1.4702849,1.7095323
90956,-55.22136,-55.88774,-55.46594
90960,-67.26831,-66.07644,-66.07959
90963,3.0483925,2.5443673,2.8506346
90965,2.6164541,4.5621505,4.241859
90970,10.099464,10.2039995,10.016394
90971,-1.4880655,-1.6126764,-1.3799064
90979,1.9966888,1.7861171,1.6659322
90985,6.386847,6.896718,6.7214327
90986,-15.253233,-14.947481,-14.571674
90995,-4.020442,-4.5913143,-4.3497314
90999,8.919884,8.320321,8.90835
91,2.919942,2.5774179,2.629434
91008,8.464174,7.911722,8.119852
91009,5.4430246,4.866109,5.2748213
91021,-2.1303065,-2.0004537,-1.9703548
91033,-0.7239914,-0.9275546,-1.0066328
91038,-1.4875054,-1.7510004,-1.9718924
91042,-0.5508466,-0.7480688,-1.3262768
91048,7.4132204,7.4433246,7.77256
91052,-2.0350003,-0.73721886,-0.6390438
91056,9.79655,8.483127,9.206022
91058,3.005821,1.0719662,1.5297713
91084,5.174362,3.9132528,3.987897
91087,11.5040245,11.94821,12.193162
91088,1.4565339,3.0287285,2.7676325
91091,11.781023,11.884544,12.32176
91133,3.5514688,3.2559762,3.0622911
91134,5.983517,5.327178,5.1252913
91135,18.571575,19.02386,18.485458
91137,6.4702625,6.023447,5.7794175
91138,14.229275,15.387495,15.527508
91147,1.1450648,1.2791176,0.8096838
91150,6.7197356,6.8674107,6.695535
9118,6.468675,5.417753,5.6608186
91180,3.9523273,3.9294443,3.9104123
91184,10.559177,9.312363,8.794629
91190,6.0146427,3.944087,4.0257854
91196,6.279766,6.126893,6.22233
91217,7.8510785,7.8742704,7.8680515
91236,-1.2885275,-1.399631,-1.5162759
9124,-0.22171545,-0.43852282,-0.64544964
91241,19.615946,19.396603,19.191545
91249,2.6319113,3.442051,3.6168735
91266,11.219474,11.239943,11.912861
9128,21.249847,21.176157,21.065907
91281,4.6605554,3.7578845,3.4046755
91300,-0.777164,-0.8325386,-0.7406044
91301,8.360176,8.435043,8.410393
91303,2.4362788,1.8273797,1.764173
91310,10.219883,9.813229,9.786468
91311,4.011687,3.9423976,3.9239101
9132,3.002655,3.385099,3.5996299
91320,5.8702,5.391106,4.514104
91325,6.2705655,6.216288,6.069725
91351,1.6706829,2.479024,2.2926483
91355,-0.9088001,-1.2469387,-1.4504561
91357,6.9881616,7.31043,7.041131
91374,-6.365963,-7.18557,-5.5712967
9138,7.659148,7.765289,8.1700325
91395,1.5977135,1.6023097,1.212585
91404,10.766613,11.134697,10.988013
91436,5.5549865,5.0547466,4.7805986
91460,12.377698,12.386005,12.666296
91470,-6.348933,-6.6379776,-6.240713
91505,4.405371,4.3458004,4.416649
91521,1.6669221,1.9410467,2.02039
91536,10.372765,10.108509,10.468474
91560,0.87259054,1.8550014,1.8795304
91566,-46.211227,-46.429733,-46.08069
91568,-1.7857318,-0.95088243,-1.204504
91570,6.33049,6.4435205,6.3808274
91571,-52.80078,-52.240597,-52.2425
91575,-7.078522,-6.797168,-6.6061473
91577,10.767263,9.908133,9.703867
91591,14.321023,11.699495,11.140552
91593,27.232239,26.4497,26.650307
91596,5.8189545,5.792532,6.342065
91601,4.820982,3.2754517,3.6841283
91602,7.444767,7.294983,7.3250012
91610,-0.2038312,-1.7282615,-1.3149037
91618,10.827106,10.822838,11.029685
91624,9.975105,9.5365925,9.549017
91631,-35.765656,-34.571053,-34.72795
91650,-8.860709,-9.914088,-9.836704
91651,9.055875,9.319794,9.236027
91652,10.9587,11.209032,11.200951
91659,-1.1228757,-0.9352393,-0.8211565
9168,22.493355,21.783667,21.412098
91681,-2.2973835,-2.659866,-2.2044017
91684,-1.6765337,-1.7334933,-1.6076579
9169,16.48753,16.622631,16.08413
91692,5.0709524,4.7421107,4.757373
91693,3.626463,4.000479,4.123453
917,7.629008,7.7380953,7.571432
91715,8.242562,7.294404,6.6959314
91720,0.35567522,0.64853716,0.68531704
91722,9.759115,9.849524,10.041406
91724,4.0497775,3.6577158,2.899765
91725,2.0034232,3.1061592,3.2847424
9173,27.350916,27.730862,28.240833
91733,3.779654,5.502269,5.5812635
91735,-47.351654,-47.508926,-47.660805
91745,7.23297,6.943609,6.9589996
91746,6.414306,6.0199857,6.3469076
91747,14.085293,13.732319,13.562702
91750,6.616059,6.5933886,6.374758
91753,6.0639143,5.756689,5.6393323
91757,5.3787913,5.269496,5.3995895
91762,2.4776125,2.738128,3.087368
91767,6.088124,5.063593,5.4386897
91779,1.5922666,0.7947326,1.1972198
91780,-57.5391,-57.177937,-57.494152
91781,3.7753673,4.222605,3.9799795
91786,-1.1493089,-1.8777125,-2.2537048
91788,11.752679,11.617111,11.664459
91797,3.2466054,4.066684,2.991076
91801,15.705717,15.8130245,15.846132
91802,4.752006,4.676813,4.8697615
91805,3.647492,3.6237578,3.795885
9181,15.592645,15.491279,14.78629
91813,14.686755,15.4149065,14.976154
91823,1.572197,1.4671001,2.1970005
91828,5.815364,5.6410446,5.7587857
91829,6.8534894,5.850545,5.9131947
91833,9.88476,9.300604,9.167526
91841,11.860583,11.803854,12.099152
91848,4.650651,4.1115103,4.387824
91850,5.3671227,5.286155,4.983597
91851,9.4519825,10.105352,10.479506
91854,4.058079,5.0762153,4.996058
9188,21.30207,21.201477,21.20572
91894,1.9287682,1.2541885,1.5475664
91910,5.3765216,5.378158,5.5968666
91911,7.43533,7.619415,7.4106684
91915,18.811588,17.805145,18.778841
9192,13.865645,15.140055,14.797633
91922,7.227953,7.1086435,6.995207
9193,9.142756,10.918922,10.984522
91930,23.078684,22.659851,22.47198
91931,9.667763,10.0324955,10.49457
91932,6.796693,6.4319205,5.829253
91935,7.361525,7.2876067,7.2978487
9194,16.887045,17.442131,17.792889
91947,15.507079,16.103436,17.116295
91948,10.058264,9.116688,9.757364
91950,-2.0577278,-1.9375348,-1.4234295
91960,9.170555,8.822807,9.127716
91968,16.085756,16.025454,15.98606
91970,14.732517,14.153395,14.237631
91971,-45.27287,-44.77413,-45.116375
91972,14.453449,14.418369,14.3444805
91973,15.153284,15.567581,15.226635
91975,13.08356,11.4144125,11.486362
91976,9.616657,9.811231,10.033795
9198,16.202106,16.893932,16.442457
91980,16.225464,15.997519,15.957141
91983,-47.41179,-46.3962,-46.816376
91990,-55.34091,-54.7902,-54.838043
91991,16.066196,17.02423,17.457886
91992,12.060719,11.805498,12.329876
92016,-3.5385947,-3.5693936,-3.3259454
92020,-2.404995,-2.4736576,-1.6536937
92030,2.2679753,2.3482304,2.2087364
92037,-8.09841,-5.7873745,-5.882615
92038,2.2536535,3.5088987,3.7124724
9205,40.373398,41.07233,40.590706
92068,-0.33856058,-0.80423784,-0.47149706
92087,13.519499,13.369986,13.272278
92088,13.6524725,14.458704,14.845873
92089,3.3364682,2.6792674,3.1845016
92090,-3.2805147,-3.529202,-3.9385133
92096,1.366972,1.8980737,1.9364438
92097,-3.376147,-4.8849945,-4.8123426
92098,4.867411,3.184547,2.8488007
9211,5.6711144,5.327034,5.2560368
92113,-0.04082012,0.82963514,0.17333555
92120,25.767742,24.487545,25.164707
92129,-2.775634,-2.0637267,-2.1435773
92131,3.6882725,3.701458,2.8598065
92133,16.962664,16.557007,16.812674
92138,5.466759,5.2884007,5.133638
92140,21.499115,21.71015,22.316347
9215,14.605171,14.67083,14.474806
92159,7.9972596,7.571287,7.516382
92160,4.942836,5.7553134,5.7314057
92162,6.6621714,7.1734695,7.057612
92165,7.157014,6.908641,6.8768005
92167,4.3079524,4.342061,4.333014
92168,5.6745386,5.542504,5.5906973
92169,2.392838,2.0096745,1.6317654
92171,2.2556815,2.267724,2.772903
92175,8.322075,8.724375,8.695945
92176,8.266427,8.759172,8.531908
92182,2.9377904,2.2258368,2.0120215
92187,17.277773,16.127281,16.231495
92190,16.500647,17.167183,16.637608
92202,-38.266468,-37.59725,-37.687454
92208,7.6727514,7.449182,7.1359024
92209,-43.147583,-43.372974,-43.58762
92210,8.591438,9.114073,8.521
92214,5.690081,4.333048,5.613599
92215,14.661337,16.507114,16.374802
92218,6.6332817,6.0765,6.431693
9222,21.55809,21.403591,21.033804
92220,6.154008,6.376658,6.777313
92226,-13.439898,-13.783936,-13.188206
92229,1.6647453,1.9062343,2.246037
92235,6.355587,7.2133846,6.7375526
92245,16.457785,16.552109,16.61224
92259,10.60392,10.184509,10.324297
92276,-1.4061356,-1.8725319,-1.7783794
92278,2.574554,2.580646,3.1208706
9228,-19.67458,-20.035404,-19.34207
92280,10.80284,9.709038,9.643995
92281,8.057487,7.9471745,7.4146905
92282,-45.001915,-45.443596,-45.07119
92284,2.1422343,2.4380736,2.6067233
92286,11.819989,10.305662,10.298703
92287,-30.126892,-30.508265,-30.64644
9229,23.365166,24.698475,25.077372
92290,9.069555,7.2745614,7.34955
92307,11.844565,11.482155,11.339149
92320,8.419741,9.981642,9.172407
92323,16.09449,15.813631,15.733621
92326,0.53057384,2.2394948,1.6131353
92328,2.8356736,2.8123684,1.2239871
92335,-1.1430335,-1.7096138,-1.6310701
92336,-0.65946007,-1.3113799,0.036958218
9234,-32.969616,-34.473427,-34.80634
92344,-0.44898844,-0.85675,-0.9591408
92347,4.475306,4.3043675,4.2499647
92350,-0.27832747,-0.019088268,-0.21443701
92355,-0.27578163,-0.111307144,-0.13252449
92358,2.393393,2.570773,2.1162229
92359,0.12980223,0.5510316,0.5040045
92363,-2.4842634,-1.6016049,-1.6360407
9238,15.765953,15.699808,15.350271
92381,1.0490475,1.1322551,1.0042071
92388,-7.218199,-7.624859,-7.557243
92392,2.5175204,2.6164389,2.9269323
92416,1.7849002,1.9920483,1.7951202
92429,-0.7227664,-1.0236115,-0.72520065
92431,8.914861,7.570126,7.968091
92433,8.562472,7.56921,7.940188
92434,6.6131773,5.7951765,6.2136045
92435,9.96409,8.26741,8.925879
92436,6.5563507,4.8890843,6.3078723
92437,7.362201,6.9823623,8.027279
92438,8.039259,6.5945616,7.4022574
92480,9.896349,9.719435,9.939886
92485,-15.554097,-16.49023,-15.241187
92495,11.819149,10.526953,12.302925
92496,11.167971,11.274098,11.480526
92497,9.581001,10.135907,10.054536
92499,-0.14702415,0.8807235,1.2605367
92500,-3.1950629,-4.0166206,-3.5860956
92504,-3.7807584,-3.3274837,-3.2871165
92505,6.3348694,6.3455296,6.592038
92506,8.817767,9.316964,9.711721
92517,16.710194,15.683439,15.081202
92519,19.294245,19.752808,18.32754
92520,20.21674,19.855936,18.729025
92523,17.021389,17.637194,16.343576
92524,11.509937,11.993586,10.717415
92525,11.388083,11.165031,10.554159
92527,15.1504,15.247351,15.694941
92528,2.27979,2.8594313,2.9405303
92533,15.566908,15.158117,13.900984
92536,-0.5825014,-0.26116323,-0.9747267
92543,10.016965,9.785967,9.625811
92544,10.399868,9.519441,9.288196
92546,4.960915,4.85,5.201387
92548,21.323444,21.925648,22.344883
9255,5.0598164,4.9256587,5.10694
92557,10.374398,10.195163,10.284372
92558,13.331467,12.139199,12.504818
92563,-62.29705,-63.46453,-63.77573
92567,10.189446,9.876918,9.565465
92570,-4.5852365,-3.404145,-3.0834348
92572,5.7641096,3.642951,3.9615397
92582,123.15996,123.17137,123.05886
92587,8.891786,8.775618,8.653641
92590,1.3097453,1.098989,1.0859995
92595,18.817629,17.994726,18.57755
926,6.9144907,10.301673,9.575197
9260,0.625422,0.45615244,0.60197496
9262,14.526819,14.377665,14.769928
92621,5.825972,4.8474126,4.882668
92623,16.01679,13.077568,13.577948
92625,-5.006873,-5.7277894,-5.882607
9263,4.70056,4.8447175,5.0166655
92630,0.49966574,0.9749837,0.7843008
92632,4.886318,5.501233,5.751997
92641,1.331986,1.064776,1.0407186
92645,5.9841223,6.899092,6.5432563
92648,16.45871,15.711283,15.201511
92649,15.224833,12.406857,11.531105
92651,-3.3350954,-2.7808852,-2.7419777
92652,3.4242182,3.4749465,3.7513518
92664,-5.480663,-5.5335326,-5.743962
92666,3.0031724,4.146521,4.0277514
92667,-3.2097888,-3.7373142,-3.6924276
92668,5.0449753,5.3870583,5.4547596
92669,0.9708481,0.7099495,0.7829108
92670,3.6367435,5.1180916,5.862796
92682,13.115597,12.890326,13.453947
92683,15.639709,15.262344,16.01031
9269,15.229008,16.878765,16.368492
92700,13.623998,14.667584,13.8451805
92702,-0.502851,1.4242301,1.6418743
92719,-1.2027917,-1.4575729,-0.8316202
92721,-0.929307,0.17987347,0.22511578
92723,4.7754126,5.954401,5.8607306
92724,0.5733237,0.76716566,0.015080452
92726,-2.3081145,-1.7285757,-2.474762
92729,3.3165345,5.3136606,4.6072497
92733,-2.8774626,-2.468241,-2.9888813
92735,4.769506,4.3211775,4.5485907
92736,1.5862765,1.1280789,1.4116468
92737,21.896582,22.706036,22.59084
92743,9.6150875,9.409921,10.165965
92745,12.368211,12.928885,13.048189
92746,17.125263,16.292366,16.570541
92751,21.009542,20.50626,20.650019
92752,9.6100025,9.785297,9.525829
92755,9.190533,7.5834537,6.332755
92767,6.264448,6.8792763,6.453449
92768,13.581587,13.250002,13.23356
92779,21.765003,20.630579,20.439022
92794,5.2593064,5.0262513,4.956247
92811,9.437513,9.933041,10.08203
92813,8.361797,8.665438,9.51875
92819,4.5817885,3.8388157,3.432403
92829,3.0216866,3.0392542,2.492167
92838,0.33131838,-0.1865902,-0.44339037
92844,9.411427,10.049683,9.959986
92846,1.8687387,0.9911585,0.62075853
92847,7.853753,8.017666,8.644363
9286,16.473658,16.529762,16.3778
92869,-4.192457,-3.5869012,-4.2784476
9287,21.757074,21.405733,20.701797
92875,11.86905,12.483415,12.060713
92879,-35.400734,-35.555946,-35.162136
9289,23.174896,22.308876,21.965647
92904,-1.4196832,-1.3043859,-1.7015245
92913,17.838104,15.256735,15.017676
92917,5.7438393,5.917933,5.8078046
9294,22.199738,21.558928,22.13711
92942,-0.8154943,-1.6858919,-1.5124195
92944,4.2504025,3.5784287,3.3278852
92946,8.86198,9.077162,8.936826
9295,-48.96026,-48.023468,-47.70958
92952,3.5359182,4.404425,4.2035503
92956,1.0676112,2.1569018,1.8922586
92964,-41.346992,-41.398712,-41.46383
9297,-61.683464,-59.79691,-60.16047
92970,10.126805,11.4910755,10.858156
92973,5.970908,6.6144876,6.2996507
92975,4.898279,4.8242774,4.717367
92979,-1.05263,0.25565767,0.48523092
9298,8.940943,9.576105,9.389134
92982,-63.86762,-64.074684,-64.75917
92986,1.4197068,1.231163,1.8072853
92987,12.119857,12.559246,12.382111
92997,6.8590813,6.257012,6.585568
92998,7.395979,7.2645135,7.716086
9300,13.639683,15.43998,14.899388
93001,-42.235146,-42.880695,-42.627617
93002,28.186361,26.370924,26.828394
9301,4.0209956,4.427635,3.8721213
93012,13.815763,14.047965,13.903033
93013,8.713677,10.083696,9.403213
9302,0.7640209,0.7346716,0.5656686
93021,5.6916347,5.079539,5.3591704
93027,11.727392,12.206683,12.542205
93033,19.329716,17.323833,17.3244
93036,5.9056287,8.25128,8.10619
93042,-8.92672,-9.932571,-9.138233
93043,-56.40019,-56.245102,-55.439896
93051,3.3761644,3.8336883,3.0622025
93056,-2.8254998,-2.2589457,-2.5541666
93057,7.244564,6.2662306,5.9298162
93061,-100.676735,-101.360176,-101.46089
93065,12.880125,12.539214,12.215813
93067,11.394297,10.926776,11.319143
93074,12.190686,11.105824,10.807054
9309,7.7962112,8.549131,8.516018
93096,6.6986814,7.485259,7.5106177
93099,7.1900544,7.7068605,7.435701
9310,-57.30699,-56.45684,-56.684517
93103,5.894082,5.4004745,5.3009486
93104,8.676088,8.90886,8.897396
93106,7.0269685,6.3997293,7.3512053
93109,9.8137245,10.0234165,11.15485
93113,-3.8732839,-4.016411,-3.6274037
93130,-1.6504688,-2.0669866,-1.5772033
93133,23.766907,24.125128,25.030838
93134,18.501785,19.596996,19.272257
93139,-3.1203492,-2.2430894,-2.2912457
9314,12.2726555,13.659918,13.972052
93140,9.667586,10.7101555,10.6427
93141,11.267395,9.723394,10.3099
93145,4.3087373,4.6130157,4.5885043
93150,-0.41384602,-0.81377745,-0.90520287
93163,2.28621,1.91746,1.964612
93170,6.748172,6.0979652,6.2784095
93173,6.819074,6.5971446,6.8464694
93175,-30.24036,-30.26484,-30.314098
93176,5.530319,5.1855803,5.379079
93221,-27.098797,-29.267664,-28.865881
93222,23.847944,22.027771,21.74926
93227,3.6418638,3.4144683,3.8584485
9323,6.1821203,6.1227903,6.569222
93230,7.8800735,7.680022,7.59035
93238,17.667454,16.967892,16.808722
93243,0.32435322,-0.66369295,-0.55991745
93244,-11.304577,-12.5641575,-11.326806
93250,10.571444,10.313455,10.985452
93268,0.6867881,-0.1915226,0.6039996
9327,4.174438,4.193888,4.2450767
9328,10.192223,10.106785,10.178236
93285,23.594063,24.4662,24.554087
93286,27.557377,27.638697,27.95973
93288,5.871313,5.4585695,5.810807
9329,8.433841,8.828324,8.72052
93293,6.20063,5.9599385,6.1038494
93294,8.304396,8.177549,8.012154
9330,4.135744,3.9770398,3.7396445
93317,13.374309,13.460012,12.425821
9332,3.0069904,2.7652845,2.8970404
93330,13.685854,12.545977,13.122281
93344,1.7565737,2.1315613,2.098153
93357,11.551367,11.45195,11.9464035
9337,5.1418505,4.466426,4.18536
9338,19.876856,20.443504,20.442415
9340,4.965362,4.9257717,4.8928742
93402,7.5146556,7.56404,8.172202
93413,-0.018959522,-0.48316336,-0.2562089
93422,5.257366,4.8565536,4.420615
93432,-48.428326,-46.48338,-47.155083
93433,5.7611613,7.7791796,7.544042
93434,15.637537,15.890579,14.3349285
93435,10.081188,8.714004,8.6269455
9344,10.567472,11.140202,11.176325
93441,20.287416,19.427498,19.450542
93445,11.220026,10.680587,10.935068
93446,-60.621925,-60.464054,-60.41953
93453,6.398835,7.4566503,7.2753396
93458,-7.5054655,-8.103334,-7.8341985
93459,13.445274,14.304486,13.231887
93468,8.505115,8.882117,8.656393
93479,8.732012,9.659084,9.006015
9349,1.4546614,0.742548,0.9895191
93490,-0.47581053,-1.2597203,0.061761856
93501,1.140619,-0.88758063,-0.13969493
93508,2.9593182,1.8697939,1.0087528
93535,21.296282,19.134487,17.960865
93554,3.9598284,3.8518744,4.2054334
93557,-2.8909247,-1.2393067,-1.3372452
9361,7.1363764,7.7300205,6.767213
9369,-3.582981,-3.5931249,-3.0586467
93801,9.16197,8.730256,8.33486
93804,-0.69676566,0.39975214,0.42192054
93819,3.4605246,3.137816,2.9063597
93824,-43.573853,-41.27081,-41.572662
93825,23.360819,22.839382,23.358852
93830,-59.355362,-60.041393,-59.52126
93840,-2.9292786,-2.5921957,-2.4403818
93842,2.9781446,3.2625356,4.009608
93850,1.7074842,2.2546773,2.4394608
93855,-50.431335,-50.700123,-51.435402
93860,-59.176586,-59.749138,-59.903545
93862,0.019239426,-0.5852976,-0.55529785
93863,4.459143,4.7998695,5.208434
93864,-2.579108,-2.0144613,-2.2046463
93866,-3.2109988,-2.739135,-2.7544591
93879,9.190646,9.614599,9.482842
93888,-4.9070435,-5.517162,-5.487858
9391,13.426161,12.94515,13.125592
93919,9.416405,11.490801,11.4105425
93920,5.612046,5.460139,5.205825
93930,6.2886133,5.8492155,6.0565987
93964,6.5971985,5.4640403,5.2035985
93965,6.7089157,6.951604,6.829288
93972,11.570969,11.662866,11.46236
93973,13.5742,13.186853,13.756209
93980,9.144571,10.181831,10.039414
93989,6.733116,7.2069817,7.295598
93992,2.8098335,1.9445815,1.6761065
940,-62.46176,-63.344955,-63.203712
9414,11.345131,11.358831,11.360836
94203,10.556309,10.0932045,10.049411
94204,7.617657,7.1490955,7.12096
94205,8.238837,7.679946,7.7079673
94206,7.003972,6.544518,6.7294436
94208,6.062725,6.036172,6.7106924
94253,7.008084,6.424779,6.433186
94255,6.546813,6.9071894,7.0041733
9426,7.272212,6.749734,6.9266706
9427,6.6982656,5.638527,5.7484484
94273,-0.7981882,0.3248701,-0.09263325
94274,-53.51818,-55.155922,-54.137447
9428,6.1801333,4.7223654,5.2949095
94281,10.575125,10.612197,10.843681
94297,10.510561,9.006023,8.658625
94298,10.260344,9.784485,9.557708
94302,-1.2590356,-1.5530343,-1.543273
94305,1.852623,0.9547162,1.0556788
94321,13.130486,15.60836,15.559961
94326,6.3684673,6.6110225,6.831368
94331,4.2699995,3.1332078,2.9007597
94333,12.679049,12.855973,13.169018
94336,17.877516,18.847782,18.632612
94338,3.5188527,4.7256656,4.6727476
94339,6.514217,7.146331,6.9086246
94341,-5.4999256,-4.8988237,-5.1978464
94347,16.654299,17.013386,17.179184
94352,2.5578113,2.2311492,1.7062235
94372,25.094627,22.18584,22.413471
94377,6.046684,5.4982195,5.9407597
94378,13.838287,13.403244,12.90045
9438,28.660604,28.988865,28.981756
94381,7.093321,7.195911,6.8755646
94383,11.735235,11.626335,11.32145
9441,7.096314,8.063337,7.7172346
94417,7.703095,8.497866,7.80781
94419,5.1959825,5.998131,5.6018443
94421,10.568716,10.176346,9.821697
94422,-3.809612,-0.4678476,-2.0241873
94424,-58.290665,-58.11837,-58.142
94435,7.398176,6.652685,6.3731413
94436,23.510727,21.247332,20.306002
94467,2.1893668,2.561287,2.67421
94468,3.208675,3.010602,3.460137
94469,6.1029487,5.581242,5.8672533
94480,6.464738,5.9030843,6.0743656
94483,4.795309,4.6110845,5.174463
94486,3.4910765,3.620242,3.7739906
9449,-5.2778125,-5.406017,-5.2618985
94493,6.8130836,7.530184,7.8423333
94501,3.984984,4.2310596,3.705748
94502,-43.66125,-44.098118,-44.13929
94504,7.215103,7.166728,6.914844
94506,5.3348637,5.2899003,5.2916937
94511,-0.08937693,-2.7529447,-2.6458414
94533,-36.664936,-36.687115,-36.38459
94538,16.264797,16.24635,16.230005
94548,7.9486895,7.4979076,7.601053
94549,10.373972,9.888078,9.666371
94551,6.4683404,5.9516687,5.971539
94558,8.170424,8.253631,8.660124
94562,5.0812073,5.2484055,5.124733
94563,8.507248,8.359682,8.384453
94564,2.9619946,1.7024999,1.4920945
94565,4.645747,4.2678423,4.5507646
94571,7.9948096,7.5017257,7.7318716
94574,6.3152924,9.86073,10.422358
94592,-2.5698447,-2.4924607,-2.525886
94597,1.2552862,0.9171181,0.87576294
94599,-4.1679397,-4.2194257,-3.7966108
94603,-4.9860644,-4.867575,-4.710032
94607,3.4268856,3.1121044,2.8971639
94610,6.741705,8.7171135,8.391577
94611,-46.09916,-44.858837,-45.379807
94630,2.2530322,2.316218,2.118568
94651,9.518887,10.078917,10.317686
94652,-40.107002,-39.722145,-39.453766
94658,-38.732048,-39.114574,-38.972107
94661,15.103775,15.350904,15.496746
94662,8.9026165,8.905592,9.1586685
94663,8.532751,8.589851,8.773804
94666,-49.742367,-49.13657,-49.177597
94669,5.9189377,6.688359,5.5487223
94677,2.1658506,2.217587,2.6182098
94678,-1.5371656,-2.338862,-2.0861807
94691,16.464891,15.653622,15.2685585
94730,4.0943403,1.6903362,1.8259149
94735,6.315768,6.108619,6.1994963
94742,11.324363,11.3902235,11.111488
94747,1.5089893,0.11863613,0.03782177
94748,11.434594,10.631878,11.00128
94754,6.2488146,6.6939683,6.291663
94755,2.9451408,2.2468162,2.082519
94760,0.23457766,0.13858843,-0.0656724
94761,4.897095,5.095597,5.2179384
94762,4.326332,3.6947107,3.1591053
94763,1.157803,1.0724883,1.1774983
94767,12.859852,12.788633,12.776878
94778,10.05609,10.335697,10.153652
94782,-39.976025,-39.90543,-40.01508
94805,19.384869,20.468517,20.135105
94820,1.2533712,0.9302583,1.1414537
94822,1.0781674,0.891242,0.77629614
94831,-33.599144,-33.709873,-33.55573
94859,18.17168,18.635841,18.424078
94874,7.6400285,9.664715,8.911365
94878,10.43988,11.392925,10.885006
94879,11.467781,11.257861,10.654148
94882,21.607988,20.99137,20.104445
94883,11.197135,11.629444,11.807062
94891,10.364695,10.306509,9.854823
94892,5.17242,5.1499786,5.0298266
94893,5.935928,5.8195686,5.7839713
94894,-5.684024,-6.242142,-6.9857717
94895,-2.8764553,-4.12716,-4.388332
94897,7.564684,7.464195,7.406489
94904,10.857548,10.823132,10.571423
94905,5.257658,5.2358336,5.4509993
94908,-30.661348,-31.26644,-31.300388
94911,1.1779728,0.6741085,0.9124422
94912,1.2556129,1.3998218,1.0042944
94918,2.3906245,2.3428664,2.4766207
94926,0.32009983,2.5478678,2.165813
94929,8.22382,8.819842,9.045312
94934,9.326238,9.737953,9.207706
94954,-4.050947,-5.3162417,-5.3727603
94956,4.173841,4.161516,4.249894
94971,20.955536,21.721771,21.337173
94973,21.728157,22.608534,23.1949
94986,2.4714222,3.7995763,2.5940466
94987,10.441055,10.354082,10.519034
94996,8.157963,7.838155,8.653858
94999,14.725927,14.320858,14.5188675
95004,8.554361,9.886408,9.030071
95006,0.5589769,0.014285326,-0.41305542
95007,13.115248,10.862179,11.976927
95026,10.846622,9.774766,9.667988
95027,8.860021,10.37448,10.61956
95029,-40.99687,-40.59753,-40.274906
95032,9.231432,9.655171,9.651334
95034,7.957995,7.2874565,7.0431476
95044,9.380297,10.213814,10.278783
95056,-4.744724,-5.85249,-5.539988
95067,7.675548,7.7718606,7.698326
95073,3.1557965,2.809039,3.095304
95082,8.023595,7.7052627,7.8645287
95086,-0.68971395,-0.18334484,-0.168324
95087,7.321134,7.140908,7.065774
951,33.582314,32.565754,32.759747
95104,4.1851907,4.1571536,3.813685
95105,7.9422197,8.275846,7.9646535
95107,15.996096,16.681585,17.537989
95111,15.05621,14.549395,15.2112875
95113,10.50498,11.310567,11.292175
95129,6.5358014,6.311898,6.003162
9513,1.8995104,1.9419045,2.1052566
95130,10.001093,9.82806,10.339907
95131,6.3282766,5.7873487,5.9795675
95132,10.371256,10.198577,10.430706
95133,7.732318,7.235278,7.0975137
95137,8.052458,8.1214485,8.536942
95144,3.408102,2.8467064,2.7210836
95149,11.291629,12.038628,12.497959
95152,6.372234,6.3586745,6.0470285
95157,6.4743056,6.1371546,6.2604866
95168,8.677813,9.055249,9.997078
95182,-2.1001487,-2.5709033,-3.0044432
95183,4.090919,4.4494824,4.1126146
95221,3.9195304,2.8840265,2.2570796
95230,5.869153,5.474106,5.5007186
95231,2.1812243,3.1549144,3.549724
95232,-2.3791661,-2.6120028,-2.5400248
95233,-41.066666,-41.27943,-41.115875
95236,11.4293,12.239323,12.053071
95237,9.290406,8.972443,9.521114
95251,1.023273,1.2436728,1.5663981
95253,-27.130104,-27.09144,-26.76878
95259,4.7853556,4.183685,5.0449195
95262,12.350346,12.251743,13.713803
95276,6.0955834,6.2235904,5.4346304
95287,1.4671273,1.2062559,1.2733684
953,-0.93131065,-0.79292345,-0.486876
95300,4.827278,4.779651,5.1605487
95302,20.109928,18.675007,18.33252
95303,6.187822,6.2573385,6.470187
95304,4.307642,3.7261806,4.2460165
95320,-0.22045946,-0.7230239,-0.47316837
95321,-38.32327,-39.379208,-39.036858
95331,1.2446814,1.1001282,1.2574778
95337,-0.2219882,0.29114866,2.1018753
9534,-5.816777,-5.344504,-5.2274475
9535,-4.273364,-4.503388,-4.5307946
95355,8.137438,7.542393,7.642416
95356,7.5323153,6.9397383,6.674435
95360,6.362673,6.2066636,6.2562523
95363,2.44902,1.912046,2.5036874
95371,-47.567547,-49.951164,-50.50307
95384,3.241485,2.7954173,3.5052648
9539,-3.5389156,-3.352614,-3.3993192
95397,9.024794,8.538485,8.819023
95431,2.192861,2.0075355,2.2671864
95432,20.278612,21.90604,20.722902
95436,1.6004744,1.7616401,1.767314
95438,3.980287,3.9565883,3.9089327
95441,-63.68379,-63.144142,-63.11354
95446,-9.949145,-7.3046565,-6.5200367
95447,9.766512,9.984903,10.164951
95463,-57.69195,-56.851482,-57.243404
95465,-39.130962,-38.974373,-38.38588
95480,5.1301084,4.864078,5.575292
95490,9.669515,10.37072,10.646013
95503,3.2615862,2.891643,2.9056044
95506,1.6596532,1.3744988,1.8520818
95509,3.842764,3.9859443,3.6715856
95512,4.9552417,5.4467564,4.9413643
95514,6.2152786,5.84285,5.4210095
95521,2.9405627,3.1654487,3.1798863
95526,5.8015347,6.4453955,6.511891
95529,7.542557,7.8861246,8.012768
95532,9.433189,9.985395,9.851837
95533,11.217125,11.805442,12.047594
95557,8.49157,8.565482,8.280575
95562,8.09753,8.038712,8.378827
95564,11.191618,11.667513,11.744718
95573,25.018158,25.837196,25.113232
95580,-0.9030819,-0.4239235,-0.78313446
95583,13.790752,13.108311,13.046598
95601,19.30999,18.837431,19.028091
95605,7.1255293,6.9034443,6.8469005
95607,6.6904097,6.320488,6.6911774
95609,3.4339762,4.844879,4.8926115
95612,1.337275,1.1512003,1.1146822
95617,6.2243886,6.11754,5.7649193
95618,-2.8304157,-2.7249756,-2.1101527
95621,2.7938695,2.4154453,2.9240832
95626,5.5451536,5.0147614,6.261875
95661,7.968033,7.2105656,7.753945
95663,6.327664,6.0101037,6.207731
95669,2.3306017,3.9228764,4.370959
95672,1.3136754,1.3626304,1.6475439
95677,7.3290024,7.4173613,7.4473624
95682,5.392026,3.9963946,3.8944044
95683,6.246077,6.6543264,6.5737567
95684,1.2742901,2.1119218,1.7167082
95700,5.797219,6.7381487,6.43974
95704,5.2812195,6.3077064,5.9793453
95706,2.2065673,2.3202405,2.3987527
95710,0.9055743,1.5792246,1.696537
95729,1.308361,1.6727009,2.3751774
95730,2.487639,2.8315911,3.134427
95733,5.5950527,5.4935856,5.694118
95743,3.216302,3.6378007,3.373156
95750,-52.209095,-51.680573,-51.938404
95751,18.732658,19.099087,18.769
95756,13.643564,13.169882,12.89797
95757,6.523275,6.851421,5.774097
95758,8.815306,9.135899,9.841571
95759,3.1828318,4.5612564,4.9663134
95768,3.522026,3.446732,3.7115507
95769,5.7511096,5.540268,5.8078465
95795,0.7913346,2.5975094,2.7428222
958,-3.2604506,-1.8615696,-3.0444648
95804,-53.949696,-55.545147,-56.79803
95805,0.28823185,0.17382145,0.29058075
95806,17.558695,17.441746,17.106821
95810,3.9091778,3.380165,3.2752986
95819,1.5367236,1.493815,1.640645
95820,10.197787,10.691875,10.670082
95821,1.3612409,1.0899429,0.9693713
95825,0.71217203,0.18835545,0.21939611
95827,22.91686,21.6528,22.327465
95830,13.315144,14.436587,14.504191
95845,-40.417053,-40.14963,-40.842052
95856,3.4804368,2.6157122,2.9816742
95878,8.101996,8.60928,9.33289
95880,7.8354225,7.375741,7.513753
95888,7.3500524,6.355314,6.4661627
95894,11.382805,10.818144,11.228315
95902,6.1160393,6.2707496,6.18999
95903,4.4583817,3.812891,3.8319569
95909,4.640974,3.8058982,3.973978
95920,21.381964,20.40961,20.621695
95947,21.957806,22.40955,22.225658
95953,9.247545,9.160981,9.076627
95956,6.717843,6.7959256,7.39046
95968,11.105381,12.261187,12.195886
95970,6.189781,6.023046,6.011773
95982,2.2042632,2.9706411,3.0746098
96010,-9.132617,-9.288063,-9.130776
96017,13.8406925,13.667259,14.210551
96024,-4.9852924,-6.7948446,-6.9620256
96027,5.3184214,4.728869,4.6653633
96039,3.054926,3.5085492,3.9664736
96046,-24.773964,-23.727432,-25.28893
96052,11.725052,11.097088,11.172801
96053,17.62753,16.51573,16.220444
96054,13.9097395,13.49197,13.494513
96055,13.828551,13.676935,13.569138
96058,5.588506,5.723813,5.8637424
96067,2.1706738,2.1028924,2.59206
96078,5.6243,5.651589,5.4541245
96083,7.7665043,7.7015266,9.270618
96098,4.3218,4.1244493,3.7336926
96108,22.97573,21.17509,22.570011
96111,-4.682952,-4.21141,-4.4482236
96113,15.303793,14.597347,14.649622
96120,-0.2980318,-0.5905061,-0.8079934
96122,4.4925585,3.2211676,2.5143442
96123,8.796051,9.087351,8.566435
96133,1.7610822,1.2907743,2.1739836
96135,4.4435782,4.8108606,4.426937
96136,8.514826,7.5285635,7.6217995
96179,6.8596683,6.5482826,6.97088
962,2.330585,2.3998594,2.3466744
96200,23.78347,20.721355,21.518808
96234,-2.163474,-2.3531122,-1.9531417
96251,8.932159,7.5914555,7.9056587
96254,-1.3274894,-1.4635711,-1.9278674
96260,-0.90867186,-0.9133282,-0.81721306
96277,-13.053844,-12.146248,-11.817675
96284,19.024906,17.398067,17.846434
96301,2.751751,4.309429,3.8641124
96304,0.7231927,0.07916641,-0.017531872
96308,16.342157,17.002647,16.049768
96334,13.701268,13.339246,13.885625
96339,-9.012689,-9.767231,-10.598104
96360,6.312343,5.1182218,4.732926
96362,8.374595,8.040813,7.5382624
96399,-41.10754,-41.54103,-41.13074
96403,8.895244,8.515125,8.911886
96405,6.3162794,5.6135745,5.822213
96443,0.7147784,2.2137485,1.5065427
96455,5.848987,5.1094356,4.617831
96456,2.70662,1.1132889,0.96223783
96457,1.5478816,0.45358753,0.7123532
96459,11.25579,10.190786,6.283003
96464,8.124104,8.794842,9.365086
96474,4.492677,5.112432,5.1981473
96479,9.055675,9.043131,8.429955
96484,-0.40652227,0.6747217,-0.42269802
96485,4.268272,3.9388723,3.9915113
96487,10.0540695,9.593492,9.2536745
96492,11.123602,11.779421,11.437346
96509,7.083687,5.977563,6.6550293
96519,-0.15236425,-0.6137738,-0.9544263
9652,-19.12941,-18.959568,-18.811981
96523,0.9977312,1.5247579,1.6044769
96533,8.008434,10.401099,10.790798
96539,2.0776267,2.2390904,1.9680562
96545,-5.268535,-3.834826,-3.9863648
96548,-1.0891726,-1.4532816,-1.3107626
9655,3.5938668,3.6359448,3.8128662
96558,3.876552,2.526095,1.8721123
96559,-57.11421,-56.07567,-56.29976
9656,5.410609,5.577154,5.584045
96561,-2.180958,-1.6074693,-1.9208314
96564,5.381215,3.6097946,3.0110016
96568,-54.884182,-54.315098,-54.900887
96569,1.9833097,2.747013,2.5401602
96570,2.5941463,2.6474962,2.4782166
96571,-1.373595,-1.3805773,-2.115803
96572,-2.5327246,-2.120127,-3.652992
96585,10.0490265,10.382236,10.26556
96592,21.601868,21.943558,20.770744
96599,1.1972289,0.8028326,0.6804352
96602,-6.5407786,-7.369248,-7.3432193
96643,2.7062445,3.027893,3.2338924
96649,10.08384,10.072723,10.71381
96670,2.8152056,4.114229,3.252984
96672,-8.313391,-7.390437,-8.374623
96674,13.823919,12.624939,12.880783
96680,-28.217064,-27.833038,-27.613209
96687,9.643663,10.874207,10.994808
96689,5.374304,5.189757,5.088274
96691,1.7972994,2.4722662,2.3226843
96713,-31.203373,-30.998592,-31.37005
96723,4.5481663,4.7268224,5.1500673
96726,20.88633,18.416973,18.603615
96727,4.577768,3.66916,4.3277297
96739,2.0547004,2.3905792,2.096171
96756,6.155959,6.9586706,7.8572607
96757,10.551634,10.113544,10.18856
96762,10.322758,10.49523,10.799589
96763,11.075432,11.4611,10.7611475
96764,13.421493,13.413117,13.192493
96765,5.9553785,5.8283105,5.762317
96766,11.905119,11.576485,11.735146
96773,7.7015657,8.076849,8.005859
96783,19.43617,20.112503,20.694626
96799,8.166174,8.991392,8.334969
96805,-64.08094,-63.004456,-62.218613
96812,4.6112866,4.1159563,4.923206
96828,16.84726,15.8195915,15.994504
96831,9.281303,10.54102,10.5946865
96833,5.9165673,5.8596206,5.7604194
96836,6.452625,6.5372386,6.528023
96843,-59.709553,-58.274403,-58.12482
96845,4.0427804,4.862802,5.5037346
96846,14.69628,14.369274,14.7705345
96873,25.659258,27.53899,27.66981
96881,8.10783,8.410755,8.58772
96884,-44.365646,-44.58905,-44.174606
96893,-32.080643,-32.231987,-32.14718
96905,14.319824,14.4229145,14.718464
96907,8.465372,8.472137,8.641104
96915,-1.8826277,-2.7842758,-1.7264068
96936,31.41955,30.672861,30.502857
96946,5.00932,4.683365,4.7901664
96952,15.353388,13.726172,14.622927
96956,-1.0405016,-1.7892208,-2.1081562
96957,-49.769936,-49.630436,-49.712868
96959,4.0332346,3.9039328,2.7779994
96975,-60.803715,-60.780254,-61.09492
96985,0.5531583,0.83021545,0.9832721
96986,-0.81337833,-0.52918625,-0.29813385
96987,13.580299,15.052793,14.611704
96989,8.29698,8.146095,7.952363
96998,22.392267,19.630104,19.306282
96999,9.776281,11.5902195,11.551125
97003,2.3785257,2.5143156,3.5690112
97006,-0.7399483,-0.58299255,-1.1108713
97010,9.22825,8.830396,9.709193
97012,6.4803047,5.78998,6.558594
97021,-43.729877,-42.93572,-42.785004
97022,-36.112507,-37.69033,-37.47235
97023,15.44478,15.714467,16.183193
97044,8.520554,6.49877,6.847817
97049,7.752616,8.914757,9.058978
9705,9.137508,9.137502,9.215207
97057,3.1134355,0.9249258,1.2014399
97060,13.967075,12.624496,12.369023
97063,4.488783,2.7362857,2.9857883
97065,8.313409,7.2836933,7.7022333
97072,-1.8238378,-1.5603905,-1.6916795
97073,21.628426,20.964321,19.884764
97086,8.392681,7.9672213,8.232044
97092,5.44756,7.0731044,7.148531
97093,25.669565,27.359035,27.466019
97101,19.094946,20.16548,19.971397
97102,15.258071,15.291183,15.196548
97107,-40.316895,-40.94494,-40.2075
97108,24.894192,24.230688,25.583908
97110,-31.335382,-32.45706,-31.608639
97112,-52.920277,-53.351997,-52.889122
97117,-17.70763,-20.288517,-20.34213
97118,7.7364936,7.312372,6.6685157
97132,6.559989,7.0764885,6.6606054
97139,5.3971825,3.9512858,5.841084
97147,21.777676,21.608885,22.465607
97150,-49.927486,-50.730724,-50.153915
97182,6.679919,6.548324,6.2425375
97187,-52.510708,-51.3049,-51.37523
97188,4.8144,4.4516234,4.5560217
97191,-2.713965,-1.2274327,-1.0695572
97194,15.989923,14.991559,15.131783
97199,14.678395,15.505785,15.847015
97200,0.7438607,1.1109114,0.9352603
97218,3.7535777,3.843316,3.7845511
97220,16.998537,17.05214,17.091
97221,7.0984273,7.0267096,6.7333508
97225,0.24794626,0.23739529,0.58496094
97227,1.1743889,1.9352689,1.8545113
97235,5.216392,5.172007,5.1516447
97241,7.383852,7.8580885,7.884685
97251,2.0325918,2.2392287,2.9731145
97252,1.3911533,2.063356,2.034443
97256,7.608985,7.445149,7.3748927
97262,1.6945605,3.3261209,2.8399022
97263,7.855056,6.4683785,6.4207478
97264,6.56489,5.797708,5.950234
97265,20.440113,20.880468,20.81411
97267,8.360994,8.491546,8.3571825
97268,19.007658,18.839424,17.754642
97269,8.989788,9.266058,8.814287
97270,24.38459,24.297806,24.309086
97272,-30.438316,-30.45565,-31.736866
97307,3.744009,3.467577,3.9472704
97308,-38.756844,-38.045765,-38.107426
97311,-2.7326953,-2.2877162,-3.005152
97321,0.38191605,-0.48388577,-0.4890418
97326,4.50338,4.6549883,4.3488903
97327,4.7844253,4.659516,4.3165507
97328,8.508311,8.425449,8.765564
97344,7.9151177,8.392601,8.294216
97352,6.3555484,6.629742,6.3035073
97356,-0.9056814,-0.7459142,-0.65081763
97365,6.31534,6.1758046,6.1596947
97387,5.0554457,4.4909015,5.1438994
974,8.156305,8.011986,7.9420033
97450,5.4737744,5.6102147,5.808407
97458,3.683321,4.198163,4.3073177
97460,19.920998,18.826866,18.617756
97472,5.7691817,6.565346,6.429619
97476,3.9947824,3.8137064,3.9326625
97487,-0.3614297,0.0011849403,0.5056596
97490,3.5674758,3.6523914,2.8310046
97494,-0.0007150173,-1.5406685,-2.2263565
97498,6.567679,7.336842,7.450961
97504,-1.8136139,-2.1687417,-2.6371956
97507,6.875894,7.2483263,7.3903913
97508,25.714874,24.795538,24.425531
97510,25.85855,25.279202,24.337955
97513,-33.79201,-34.49763,-35.09678
97514,-34.34892,-35.708023,-36.528725
97517,-0.4701662,-1.190805,-0.9829898
97539,-0.8741417,-0.8237605,-0.52359295
97541,-1.4986436,-1.9069774,-2.3318174
97546,3.4529939,3.2454963,2.310155
97566,15.447917,15.708511,14.586913
97567,7.6928835,10.060225,8.493477
97585,21.655142,23.399323,23.045387
97586,-5.439221,-6.100616,-6.5860567
97590,6.7477336,7.835481,7.9911823
97608,-7.291211,-6.5101886,-6.504449
97615,-1.0192184,-0.9201236,-0.7992439
97619,5.4730835,3.5338564,4.020391
97623,3.6032634,3.5341206,3.6340795
97635,8.856817,8.788315,8.533346
97636,14.690144,13.0113535,13.053015
97647,3.4991512,3.6688023,3.9040027
97650,1.4972768,1.8975272,1.0499268
97663,-69.429245,-70.23021,-70.146805
97666,-4.1843843,-3.9818773,-4.74181
97667,-28.354618,-28.403955,-28.693367
97668,-6.770032,-5.6134124,-6.22116
97674,13.454922,13.889723,13.474861
97678,9.197135,8.693819,8.647959
97685,3.3750591,3.7339568,4.8820415
97688,5.415924,5.888716,5.7510576
977,-39.224754,-39.30306,-39.74243
97702,14.314247,14.656924,14.254023
97704,-36.08879,-37.425056,-36.279003
97705,-9.153977,-8.04773,-8.229475
97715,6.805061,6.3757954,7.3801017
97717,2.1135979,0.9882045,0.9529753
97721,-1.8276353,-2.4321194,-2.021418
97735,-2.2622204,-0.21952009,-0.68505096
97737,-6.9849744,-7.0247006,-6.598328
97739,-4.70403,-3.332016,-4.4876313
97742,15.370039,16.155334,15.571903
97745,12.204041,13.200669,13.3374405
97750,-2.238863,-1.10988,-1.4914312
97752,-42.403446,-40.792656,-40.805122
97754,-1.2972045,-2.0569673,-3.0251074
97764,16.512266,16.75927,16.999214
97768,-0.7430601,-0.32390594,-0.7922993
97772,-3.8792188,-3.279011,-2.8251226
97774,-47.172916,-46.34956,-46.74918
97776,-7.644449,-8.184924,-8.157541
97778,2.3119435,1.7401891,1.7260547
97779,9.01781,8.66378,9.898513
97781,6.649313,7.8027296,8.067208
97782,0.7697215,1.0147047,1.6821847
97783,-42.96974,-42.643364,-43.537075
97784,-0.18165684,-1.2367823,-1.3358715
97795,-32.20854,-32.64539,-31.531166
978,8.443808,8.039619,8.083189
97802,4.106062,4.181602,4.247297
97803,1.2591481,0.7990022,0.6677699
97808,-52.937836,-54.307446,-53.808426
97816,1.9942307,1.6072268,1.6737771
97825,1.8667555,3.5165772,3.8692813
97826,1.9105587,1.5571351,1.4940538
97828,6.781709,7.65843,7.446219
97830,-4.8084536,-4.611164,-4.4228997
97831,-6.2296004,-6.633415,-7.018679
97836,6.838547,6.716203,7.2022533
97837,-41.74401,-39.853725,-40.440678
97838,2.2334843,0.7981298,-0.15225029
97841,-1.3862386,-1.6595187,-1.9679117
97842,-55.672325,-55.412735,-55.078697
97849,-2.4820223,-2.0308013,-2.6663513
97851,-4.376084,-4.2766023,-3.9811592
97852,3.9793494,4.303455,3.792779
97853,0.058483124,0.554132,0.40980196
97859,5.239639,5.267794,5.3413124
97860,2.2052135,1.8924723,1.9135075
97861,-6.4568267,-6.414364,-6.3943133
97862,-8.072501,-8.338104,-7.9257746
97864,4.9473605,4.3733864,4.5608635
97865,1.2461867,1.4954576,1.4167542
97873,8.211717,7.475711,7.5838766
97876,4.865735,4.3107123,4.72565
97880,4.952012,6.9969454,7.9233937
97881,69.08148,72.24096,73.13418
97882,-2.484037,-1.904355,-1.8046775
97889,3.566029,3.4588556,3.4850287
97893,9.500773,10.097691,9.766928
97905,-3.8677564,-3.5027099,-3.4966345
97910,8.65082,7.232863,7.4403877
97916,10.432055,9.281356,8.711455
97924,3.8809772,3.3751621,3.4238944
97931,-6.082228,-6.2452,-5.858
97932,91.19193,91.487976,91.52716
97939,-1.8417196,-1.2570276,-0.9930253
97952,-45.592243,-45.992157,-45.84845
97960,11.864016,12.869392,13.419002
97972,0.9521587,0.6202507,0.19465685
97974,-1.6022158,-2.9135652,-2.4775662
97981,3.4833708,3.6710463,3.4926863
97990,1.3969741,0.5361271,0.18468809
98006,2.207941,2.704689,2.7029862
98009,-1.9063187,-1.2923441,-1.1365561
98015,-0.23290157,-0.3707652,-0.12115431
98031,0.9345648,0.8342514,0.4142046
98034,-2.7806997,-2.0350814,-2.5031729
98052,10.724329,9.100787,10.655845
98055,-5.1323137,-4.6752796,-4.779706
98060,-0.65600824,0.012035847,-0.06591797
98082,-2.8756227,-3.035194,-3.4232063
98083,1.5431318,1.7632251,1.7546182
98085,4.5139995,4.485983,4.507697
98087,2.2509727,3.4990888,3.5129833
98093,3.6562796,2.7910304,2.529933
98101,12.369589,11.367158,11.371826
98103,-3.1192133,-2.213454,-2.3120158
98119,3.870512,4.140553,4.000216
98122,-0.5020828,0.79127884,0.5749488
98127,-32.454273,-33.489452,-32.924545
98130,9.034275,7.1691823,6.893928
98143,-1.8213224,-2.0640378,-2.4582791
98159,5.506929,4.6905327,4.458901
98163,12.428882,12.839909,12.49289
98166,3.4742517,4.9031916,4.4364395
98170,14.112616,12.122419,12.231943
98171,6.24311,6.839699,6.3381605
98187,18.374714,15.995413,16.499832
98189,15.294441,15.433712,15.291388
98198,15.151791,14.88706,15.037359
98201,5.2253046,7.0202723,7.1071787
98209,1.4864607,0.8032017,0.8177514
98210,14.450662,16.441042,16.59989
98213,15.628519,15.238517,15.571213
98214,-34.534782,-34.407413,-33.783318
98215,5.4839807,5.9853764,5.304883
98218,-0.795645,-0.35127902,-1.0474427
9822,1.6003585,0.9914565,1.0306406
98222,8.47081,7.612357,8.18745
98233,2.4732008,1.5848923,1.6039367
98234,4.669878,4.7302327,4.8137155
98235,5.898336,5.1141863,4.754964
98243,2.533194,2.6059074,2.396234
98244,1.9129467,1.4458089,1.7695088
98250,2.390946,2.129745,2.589137
98251,0.6116862,0.5869646,0.7307205
98258,5.0118012,5.4614334,4.958002
98261,6.6569753,8.180729,7.044237
98263,11.099403,10.135525,9.83749
98264,-6.4669676,-4.718274,-4.99032
98281,1.3095965,0.92543554,1.4787087
98312,-14.868206,-16.130701,-15.731062
98317,4.2592845,4.01989,3.7300243
98318,0.986413,1.0071735,1.1444354
98327,18.011562,16.455305,16.436562
98336,2.2610855,1.3734388,1.890872
98340,1.9784908,2.5332384,1.9480562
98341,0.9762621,2.0191264,2.0790377
98350,26.09593,25.608835,26.01181
98357,2.607933,1.7855301,1.8263249
98364,13.270418,12.420262,11.276413
98370,-53.345222,-52.36165,-52.220882
98373,12.173202,13.079089,12.484894
98374,3.0079265,3.470745,3.6988611
98379,-45.105923,-45.845947,-45.653084
98383,-59.602306,-58.658123,-58.102955
98385,1.9194274,1.4057937,1.4555383
98386,5.3129816,6.1969824,5.359364
98394,0.3491063,-0.20824528,0.06962061
98397,-0.97683907,-0.8585181,-0.47666264
98404,-2.3545308,-3.1454148,-3.026166
98406,0.24416065,0.9679022,0.68581676
98417,1.439753,0.8666811,1.3823671
98418,-35.339214,-35.232967,-35.07149
98422,6.798616,6.045311,6.362319
98425,2.1901374,2.278368,2.1209488
98440,3.9137769,4.1231823,4.1290765
98443,14.165866,13.365493,13.222549
98473,11.657785,11.731199,11.0938
98474,-1.6515799,0.07885456,0.122148514
98475,-1.6129489,-1.8282065,-1.495522
98476,7.528387,9.145644,9.33638
98496,-0.73771334,-0.19918156,0.17241955
98497,-1.3982131,-0.7750051,-0.8226001
98499,10.569378,12.53904,11.878258
98512,9.256771,9.157536,9.171278
98516,5.5201178,4.981654,4.9168463
98523,-0.939657,-2.1642954,-2.2482035
98531,-1.2714732,-1.9130709,-1.8966897
98547,3.084557,3.1605368,2.5240583
98549,-24.385277,-25.17073,-25.007387
98553,-0.8210473,-1.4802213,-1.2049494
98554,5.710261,5.2927337,5.4618297
98557,-27.404608,-27.518772,-27.205881
98558,-2.3755617,-1.6123171,-1.5553608
98559,-0.45141792,-0.4865737,-0.37649965
98561,4.476274,3.6768408,3.9846168
98567,-58.45273,-58.187202,-58.248894
98583,-1.8477702,-1.7311144,-1.4885097
98585,-0.9800477,-1.052217,-1.3347602
98600,1.9602218,2.9522552,2.7242522
98606,12.503969,13.103535,13.028023
98615,-6.6272955,-6.7787285,-6.8431735
98619,12.090964,12.981409,12.406076
98627,9.820248,9.410849,10.4840355
98646,-4.5719137,-4.037338,-3.878261
98650,-29.661938,-28.49367,-29.113474
98654,-4.6214285,-5.178987,-4.4188337
98673,3.6250167,3.1976671,3.665897
98683,-2.6363173,-3.1100678,-3.4882054
98691,-9.961521,-9.771367,-9.557198
98703,4.1386704,4.379751,4.0775604
98709,2.5825255,1.6197405,1.0755019
98724,8.123625,8.274412,8.610924
98734,7.1889296,6.4494195,6.6211963
98735,0.30966234,0.80805445,0.3508072
98742,-3.0996943,-3.0966444,-3.5388856
98746,1.4567204,1.2849007,1.2871857
98755,-8.287846,-7.869261,-7.601735
98760,-2.070683,-3.0946498,-3.271824
98761,-0.68137646,-0.79765606,-0.8520522
98762,-2.879483,-2.9815862,-2.9318302
98765,-2.259834,-2.3603222,-2.0380075
98787,15.542011,12.351372,12.810614
98788,13.582146,13.665417,13.994654
988,5.5810385,6.618607,6.2719502
98821,4.3538384,3.4282365,3.440467
98835,5.44884,4.5982265,4.2899218
98840,-5.4668293,-5.19701,-5.562063
98863,2.5136375,3.2161531,2.67178
98865,9.21061,8.503883,7.8059936
98866,5.758805,6.2267656,5.476301
98868,-3.959362,-3.0343478,-3.1685934
98869,10.526378,10.45137,9.715286
98873,6.1090264,4.831737,4.50581
98876,2.6493921,2.5913992,3.297699
98882,5.5266953,5.4862447,4.510773
98892,2.0529604,0.8908825,0.5303793
98900,-0.8765001,-0.13840842,0.47620845
98908,-1.197113,-1.2956924,-1.4900775
98910,0.27576494,-0.66174054,-0.7338784
98911,3.6861718,2.4533396,2.2346048
98922,-1.3375139,-1.1466761,-0.86550283
98924,5.789362,6.775358,7.17676
98969,4.446351,5.36734,5.1069775
98974,-1.0434744,-0.21175838,-0.058504343
98975,-3.051205,-2.8625567,-2.7496526
98977,-4.324723,-5.23053,-5.660937
98981,7.2240205,7.6583614,7.4497375
98982,5.661175,4.9516907,5.217035
99000,0.6775751,0.87246513,1.1484847
99010,4.4504128,4.4937644,3.6458182
99015,-0.6642287,0.10516906,-0.9228308
99018,4.8565187,4.2519383,3.9377236
99028,-2.1671379,-1.4002402,-1.3464115
99029,4.038898,3.8754258,3.824688
99030,1.2887464,3.3073587,2.9287539
99031,4.199489,4.4853773,4.4370656
99032,15.62765,16.010593,15.611213
99033,11.042545,10.759295,11.168687
99034,13.711059,14.480665,15.05542
99035,29.748589,30.521105,31.182615
99036,16.30575,16.537788,17.263765
99037,7.776699,9.347553,9.836799
99038,1.2059379,2.379148,2.2845025
99039,-0.7264476,-0.68376875,-1.0617938
99046,-1.7391455,-1.6996424,-1.6067288
99051,5.4662037,5.7977214,5.570274
99052,-0.72067165,-0.84885263,-0.6429658
9906,-1.8640137,-2.2005816,-2.0204415
99071,16.525219,17.1113,16.821674
99095,3.2689524,5.129734,4.944817
99096,3.8978748,3.520299,3.0509996
99101,7.58479,9.02986,8.572657
99120,7.6183414,7.9777822,7.709549
99129,-0.63493824,-0.5470495,-0.025447369
99130,7.3554754,8.342306,8.628449
99134,-1.0694256,-0.9711909,-0.8660269
99135,2.7297792,1.7536135,2.1177185
99136,10.647064,10.104471,10.8737545
99152,-1.431169,-1.8602586,-1.561965
99156,4.376247,3.7498713,4.322116
99167,0.98716164,2.4282575,1.7187705
99168,7.061793,7.432152,7.3941383
99177,0.0013260841,0.15103054,-0.16768599
99178,3.962113,4.217197,3.933251
99185,1.2648025,1.3239832,1.4586544
99186,-3.0053985,-2.8964474,-3.0585616
99198,-4.6436057,-4.460039,-4.29346
99201,-1.4984677,-1.2865255,-1.3546216
99202,-3.9645183,-3.1444376,-3.2048786
99215,2.4278357,2.8328395,2.3287864
99243,8.585535,8.519589,8.242954
99255,5.5273156,7.6023383,7.7538567
99273,0.81788445,1.3290501,1.3497753
99274,2.3755932,1.2795911,1.2231078
99281,6.418887,6.2657905,6.2581835
99282,11.0101385,10.135502,10.926382
99283,5.7648764,5.835367,5.857336
99289,4.375875,4.3934493,4.5893965
99293,3.9579017,3.8595452,3.7396388
99294,-2.0307655,-2.1034193,-2.1145678
99303,4.7563396,5.5125165,5.64301
99305,-0.20463943,-0.21895742,0.037753105
99306,6.005888,6.068971,6.2732377
99309,11.837706,12.503749,12.432922
99313,6.6317945,7.490929,7.482277
99314,3.2390647,3.3915071,2.9691825
99316,4.877415,4.9318523,4.2788954
99332,-4.3928337,-4.896768,-4.2009325
99334,-1.8085124,-2.8719456,-2.3182514
99336,-4.7470427,-5.076338,-5.107609
99346,19.302685,19.38994,19.799866
99351,5.2090697,4.554187,4.6470766
99352,7.522551,8.650803,8.33736
99356,9.027524,9.342236,9.110638
99357,1.1188817,2.1366549,2.1089106
99359,4.471136,5.666791,5.299707
99360,7.637677,6.079005,5.883622
99361,22.035929,21.65145,22.226969
99362,9.208278,6.7813115,6.487145
99364,-47.292862,-46.943012,-46.677456
99384,2.2153196,1.5083537,1.2840242
99387,9.968899,10.019098,10.305515
99393,9.27039,10.278837,10.725092
99418,2.710586,1.9393682,2.2171664
99421,-0.3028226,-0.3363495,-0.27489567
99444,10.891726,11.205581,11.262969
99445,0.2655692,2.8482332,3.9064014
99447,-1.6557207,2.094141,1.9210134
99451,-4.8932695,-4.1932735,-3.8912594
99457,-3.8091435,-4.0617704,-4.4954844
99469,13.266315,13.055035,12.990022
99470,0.18196535,-1.336618,-1.1059113
99478,14.653101,13.883352,14.838934
99483,-5.1027656,-4.939657,-4.104386
99490,1.1433735,1.3194518,1.5602226
99492,17.564842,18.369677,17.324492
99505,1.1349142,0.5392189,0.52147627
99509,11.555363,11.321877,11.274489
9951,-1.0789299,-1.0922875,-0.9777236
99511,18.81921,18.416054,18.906475
99519,-7.3239,-7.115244,-7.2296896
9952,8.589201,8.319002,8.573095
99524,11.362421,10.886574,10.905535
99530,4.6637826,5.30595,5.2135034
99545,-2.1201096,-1.7092576,-1.9640765
99549,0.19688272,1.3332372,1.369576
99552,4.366624,3.9248724,3.6001458
99558,7.8489785,7.8824725,8.043045
99567,1.6071467,3.0388484,2.6794825
99568,3.694416,3.9657526,3.8670306
99595,2.3689756,2.7400331,3.089738
99596,1.3421054,1.3016567,0.89265347
99625,9.639716,9.899504,9.7465105
99630,6.1160235,5.083194,4.656687
99642,-0.41818857,-0.14903831,-0.751729
99645,9.789638,9.077632,8.957162
99653,14.966051,15.165626,14.982076
99657,6.8864336,6.0777373,5.628926
99658,5.427399,6.309226,6.332362
99659,11.789894,12.3304825,12.143794
99677,28.342102,28.350626,28.413221
99680,19.557724,21.477226,21.437283
99685,14.93125,13.101695,12.7314205
99686,5.3113728,5.101796,4.665295
99709,-179.33394,-177.40521,-177.43248
99713,2.7953892,3.3776693,3.480187
99714,-36.10068,-36.255867,-36.023487
99716,5.714703,5.109603,5.047591
99720,3.1614423,2.1273508,2.2932148
99722,-48.218754,-47.179302,-47.549034
99723,-54.45962,-53.117115,-53.082508
99725,5.1706223,4.541712,4.071821
99728,3.298287,3.4816437,2.623175
99733,1.3152914,1.3647966,1.518785
99736,9.6138935,9.172122,9.552845
99737,-2.0595553,-1.9398515,-1.9291308
99738,-5.603154,-3.4335203,-3.9277782
99743,0.3374133,1.177825,1.0028226
99747,3.0548224,3.18602,2.9337668
99753,-2.4639475,-2.2829692,-2.93558
99754,4.690164,4.7540455,4.1357718
99763,8.269559,8.251485,7.7206497
99765,9.706945,9.840565,9.425081
99774,9.217566,9.14724,9.18972
99775,-1.4473457,-1.5204525,-1.3962703
99782,25.276268,22.047874,21.783522
99792,3.086522,3.7545533,3.447061
99793,-1.5103726,-1.8925471,-1.838984
99798,4.8719873,5.6452956,5.0857444
99805,3.6548877,3.1747532,3.4127626
99806,3.5207682,3.9178953,4.809512
99824,-4.289473,-3.6798282,-3.868997
99831,-0.28732204,-0.913908,-0.6655979
99839,-3.549873,-2.9437578,-2.720422
99842,-2.2108936,-0.4029274,-0.63272095
99844,4.0394063,4.661927,4.985202
99845,1.4821739,1.3896585,1.3646622
99846,6.7112556,7.2441506,7.670914
99847,0.78618526,1.341887,1.3510041
99849,0.34805822,0.0499568,0.42841625
99867,11.44509,11.376552,11.431227
99869,-2.7454214,-1.8067055,-2.6837692
99873,0.23502064,1.1922755,0.9430356
99874,2.89358,1.864439,2.3903275
99876,-1.8626597,-1.8209937,-1.8393414
99877,1.6446624,2.0288997,2.4965816
99892,5.1085935,3.6873322,3.87151
99899,4.030604,4.302187,4.455386
99906,-0.9851155,2.35457,2.1005192
99907,9.774176,9.136927,9.016251
99908,7.055067,6.735912,6.6214585
99914,18.4058,18.693714,18.703125
99915,6.59142,6.7323675,6.63434
99917,17.471212,16.886684,16.426865
99923,-5.226136,-4.508026,-4.5468016
99936,1.0139356,1.0475817,1.6354752
99937,4.55138,3.6125088,3.7872744
99944,-31.472387,-32.05514,-31.998713
99945,13.495062,13.746322,14.401307
99951,1.9372764,1.6356587,1.7605667
99952,-50.139923,-49.954502,-49.84232
99957,0.44997168,0.7054496,0.42489815
99958,4.763973,4.2379117,4.1910415
99960,6.8183594,6.4975624,6.565219
99963,6.7849903,6.2116833,5.8663106
99964,5.937208,4.9749255,4.5618315
99965,1.8722391,2.4893067,1.6408446
99977,3.8495235,4.091756,3.173957
99980,6.6553082,7.3398685,7.000985
99986,-3.8999627,-3.8972762,-4.1359215
9999,-31.09618,-31.102192,-31.121147
99994,6.092322,6.296581,6.0896363
99998,11.579243,12.266729,12.654627
99999,5.558495,7.396304,6.9948726
