ald_idx,name,smiles_raw,InChIKey,cho_class,xtb_risk,smiles_canonical,scaffold,scaffold_split_legacy,computable
0,furan-2-carbaldehyde,C1=COC(=C1)C=O,HYBBIBNJHNGZAN-UHFFFAOYSA-N,aromatic_hetero,,O=Cc1ccco1,c1ccoc1,train,
1,4-hydroxy-3-methoxybenzaldehyde,COC1=C(C=CC(=C1)C=O)O,MWOOGOJBHIARFG-UHFFFAOYSA-N,aromatic_carbo,,COc1cc(C=O)ccc1O,c1ccccc1,train,
2,acetaldehyde,CC=O,IKHGUXGNUITLKF-UHFFFAOYSA-N,aliphatic,,CC=O,__no_ring__CC=O,train,
3,benzaldehyde,C1=CC=C(C=C1)C=O,HUMNYLRZRPPJDN-UHFFFAOYSA-N,aromatic_carbo,,O=Cc1ccccc1,c1ccccc1,train,
4,butanal,CCCC=O,ZTQSAGDEMFDKMZ-UHFFFAOYSA-N,aliphatic,,CCCC=O,__no_ring__CCCC=O,train,
5,hexanal,CCCCCC=O,JARKCYVAAOWBJS-UHFFFAOYSA-N,aliphatic,,CCCCCC=O,__no_ring__CCCCCC=O,validation,
6,heptanal,CCCCCCC=O,FXHGMKSSBGDXIY-UHFFFAOYSA-N,aliphatic,,CCCCCCC=O,__no_ring__CCCCCCC=O,train,
7,3-methylbutanal,CC(C)CC=O,YGHRJJRRZDOVPD-UHFFFAOYSA-N,aliphatic,,CC(C)CC=O,__no_ring__CC(C)CC=O,test,
8,nonanal,CCCCCCCCC=O,GYHFUZHODSMOHU-UHFFFAOYSA-N,aliphatic,,CCCCCCCCC=O,__no_ring__CCCCCCCCC=O,test,
9,5-(hydroxymethyl)furan-2-carbaldehyde,C1=C(OC(=C1)C=O)CO,NOEGNKMFWQHSLB-UHFFFAOYSA-N,aromatic_hetero,,O=Cc1ccc(CO)o1,c1ccoc1,train,
10,4-hydroxybenzaldehyde,C1=CC(=CC=C1C=O)O,RGHHSNMVTDWUBI-UHFFFAOYSA-N,aromatic_carbo,,O=Cc1ccc(O)cc1,c1ccccc1,train,
11,3-hydroxy-5-(hydroxymethyl)-2-methylpyridine-4-carbaldehyde,CC1=NC=C(C(=C1O)C=O)CO,RADKZDMFGJYCBB-UHFFFAOYSA-N,aromatic_hetero,,Cc1ncc(CO)c(C=O)c1O,c1ccncc1,train,
12,"7-hydroxy-3,7-dimethyloctanal",CC(CCCC(C)(C)O)CC=O,WPFVBOQKRVRMJB-UHFFFAOYSA-N,aliphatic,,CC(CC=O)CCCC(C)(C)O,__no_ring__CC(CCCC(C)(C)O)CC=O,validation,
13,"3,4-dihydroxybenzaldehyde",C1=CC(=C(C=C1C=O)O)O,IBGBGRVKPALMCQ-UHFFFAOYSA-N,aromatic_carbo,,O=Cc1ccc(O)c(O)c1,c1ccccc1,train,
14,"3,7-dimethyloct-6-enal",CC(CCC=C(C)C)CC=O,NEHNMFOYXAPHSD-UHFFFAOYSA-N,aliphatic,,CC(C)=CCCC(C)CC=O,__no_ring__CC(CCC=C(C)C)CC=O,test,
15,propanal,CCC=O,NBBJYMSMWIIQGU-UHFFFAOYSA-N,aliphatic,,CCC=O,__no_ring__CCC=O,test,
16,2-methylpropanal,CC(C)C=O,AMIMRNSIRUDHCM-UHFFFAOYSA-N,aliphatic,,CC(C)C=O,__no_ring__CC(C)C=O,validation,
17,2-hydroxybenzaldehyde,C1=CC=C(C(=C1)C=O)O,SMQUZDBALVYZAC-UHFFFAOYSA-N,aromatic_carbo,,O=Cc1ccccc1O,c1ccccc1,train,
18,decanal,CCCCCCCCCC=O,KSMVZQYAVGTKIV-UHFFFAOYSA-N,aliphatic,,CCCCCCCCCC=O,__no_ring__CCCCCCCCCC=O,train,
19,3-methylsulfanylpropanal,CSCCC=O,CLUWOWRTHNNBBU-UHFFFAOYSA-N,aliphatic,,CSCCC=O,__no_ring__CSCCC=O,test,
20,3-ethoxy-4-hydroxybenzaldehyde,CCOC1=C(C=CC(=C1)C=O)O,CBOQJANXLMLOSS-UHFFFAOYSA-N,aromatic_carbo,,CCOc1cc(C=O)ccc1O,c1ccccc1,train,
21,2-phenylacetaldehyde,C1=CC=C(C=C1)CC=O,DTUQWGWMVIHBKE-UHFFFAOYSA-N,aliphatic,,O=CCc1ccccc1,c1ccccc1,train,
22,(4-formyl-5-hydroxy-6-methyl-3-pyridinyl)methyl dihydrogen phosphate,CC1=NC=C(C(=C1O)C=O)COP(=O)(O)O,NGVDGCNFYWLIFO-UHFFFAOYSA-N,aromatic_hetero,phosphorus,Cc1ncc(COP(=O)(O)O)c(C=O)c1O,c1ccncc1,train,
23,3-(4-tert-butylphenyl)-2-methylpropanal,CC(CC1=CC=C(C=C1)C(C)(C)C)C=O,SDQFDHOLCGWZPU-UHFFFAOYSA-N,aliphatic,,CC(C=O)Cc1ccc(C(C)(C)C)cc1,c1ccccc1,train,
24,2-methylbutanal,CCC(C)C=O,BYGQBDHUGHBGMD-UHFFFAOYSA-N,aliphatic,,CCC(C)C=O,__no_ring__CCC(C)C=O,validation,
25,2-methyl-3-(4-propan-2-ylphenyl)propanal,CC(C)C1=CC=C(C=C1)CC(C)C=O,ZFNVDHOSLNRHNN-UHFFFAOYSA-N,aliphatic,,CC(C=O)Cc1ccc(C(C)C)cc1,c1ccccc1,train,
26,octanal,CCCCCCCC=O,NUJGJRNETVAIRJ-UHFFFAOYSA-N,aliphatic,,CCCCCCCC=O,__no_ring__CCCCCCCC=O,train,
27,4-methylbenzaldehyde,CC1=CC=C(C=C1)C=O,FXLOVSHXALFLKQ-UHFFFAOYSA-N,aromatic_carbo,,Cc1ccc(C=O)cc1,c1ccccc1,train,
28,pentanal,CCCCC=O,HGBOYTHUEUWSSQ-UHFFFAOYSA-N,aliphatic,,CCCCC=O,__no_ring__CCCCC=O,train,
29,"1,3-benzodioxole-5-carbaldehyde",C1OC2=C(O1)C=C(C=C2)C=O,SATCULPHIDQDRE-UHFFFAOYSA-N,aromatic_carbo,,O=Cc1ccc2c(c1)OCO2,c1ccc2c(c1)OCO2,train,
30,1H-indole-3-carbaldehyde,C1=CC=C2C(=C1)C(=CN2)C=O,OLNJUISKUQQNIM-UHFFFAOYSA-N,aromatic_hetero,,O=Cc1c[nH]c2ccccc12,c1ccc2[nH]ccc2c1,train,
31,"2,4,5-trimethoxybenzaldehyde",COC1=CC(=C(C=C1C=O)OC)OC,IAJBQAYHSQIQRE-UHFFFAOYSA-N,aromatic_carbo,,COc1cc(OC)c(OC)cc1C=O,c1ccccc1,train,
32,dodecanal,CCCCCCCCCCCC=O,HFJRKMMYBMWEAD-UHFFFAOYSA-N,aliphatic,,CCCCCCCCCCCC=O,__no_ring__CCCCCCCCCCCC=O,test,
33,2-chloroacetaldehyde,C(C=O)Cl,QSKPIOLLBIHNAC-UHFFFAOYSA-N,aliphatic,,O=CCCl,__no_ring__C(C=O)Cl,test,
34,"2,3-dihydroxypropanal",C(C(C=O)O)O,MNQZXJOMYWMBOU-UHFFFAOYSA-N,aliphatic,,O=CC(O)CO,__no_ring__C(C(C=O)O)O,test,
35,"N-[(2R,3R,4S,5R)-3,4,5,6-tetrahydroxy-1-oxohexan-2-yl]acetamide",CC(=O)N[C@@H](C=O)[C@H]([C@@H]([C@@H](CO)O)O)O,MBLBDJOUHNCFQT-LXGUWJNJSA-N,aliphatic,,CC(=O)N[C@@H](C=O)[C@@H](O)[C@H](O)[C@H](O)CO,__no_ring__CC(=O)N[C@@H](C=O)[C@H]([C@@H]([C@@H](CO)O)O)O,train,
36,"2,2,2-trichloroacetaldehyde",C(=O)C(Cl)(Cl)Cl,HFFLGKNGCAIQMO-UHFFFAOYSA-N,aliphatic,,O=CC(Cl)(Cl)Cl,__no_ring__C(=O)C(Cl)(Cl)Cl,test,
37,pyridine-3-carbaldehyde,C1=CC(=CN=C1)C=O,QJZUKDFHGGYHMC-UHFFFAOYSA-N,aromatic_hetero,,O=Cc1cccnc1,c1ccncc1,train,
38,3-phenoxybenzaldehyde,C1=CC=C(C=C1)OC2=CC=CC(=C2)C=O,MRLGCTNJRREZHZ-UHFFFAOYSA-N,aromatic_carbo,,O=Cc1cccc(Oc2ccccc2)c1,c1ccc(Oc2ccccc2)cc1,train,
39,"2,2-dichloroacetaldehyde",C(=O)C(Cl)Cl,NWQWQKUXRJYXFH-UHFFFAOYSA-N,aliphatic,,O=CC(Cl)Cl,__no_ring__C(=O)C(Cl)Cl,train,
40,3-phenylpropanal,C1=CC=C(C=C1)CCC=O,YGCZTXZTJXYWCO-UHFFFAOYSA-N,aliphatic,,O=CCCc1ccccc1,c1ccccc1,train,
41,2-methylbenzaldehyde,CC1=CC=CC=C1C=O,BTFQKIATRPGRBS-UHFFFAOYSA-N,aromatic_carbo,,Cc1ccccc1C=O,c1ccccc1,train,
42,4-methoxybenzaldehyde,COC1=CC=C(C=C1)C=O,ZRSNZINYAWTAHE-UHFFFAOYSA-N,aromatic_carbo,,COc1ccc(C=O)cc1,c1ccccc1,train,
43,2-ethylhexanal,CCCCC(CC)C=O,LGYNIFWIKSEESD-UHFFFAOYSA-N,aliphatic,,CCCCC(C=O)CC,__no_ring__CCCCC(CC)C=O,test,
44,"(3R,4S,5R)-3,4,5,6-tetrahydroxyhexanal",C(C=O)[C@H]([C@@H]([C@@H](CO)O)O)O,VRYALKFFQXWPIH-PBXRRBTRSA-N,aliphatic,,O=CC[C@@H](O)[C@H](O)[C@H](O)CO,__no_ring__C(C=O)[C@H]([C@@H]([C@@H](CO)O)O)O,test,
45,2-hydroxyacetaldehyde,C(C=O)O,WGCNASOHLSPBMP-UHFFFAOYSA-N,aliphatic,,O=CCO,__no_ring__C(C=O)O,test,
46,(Z)-dec-4-enal,CCCCC/C=C\CCC=O,CWRKZMLUDFBPAO-SREVYHEPSA-N,aliphatic,,CCCCC/C=C\CCC=O,__no_ring__CCCCC/C=C\CCC=O,test,
47,"11-(1-methylpiperidin-4-ylidene)-5,6-dihydroimidazo[2,1-b][3]benzazepine-3-carbaldehyde",CN1CCC(=C2C3=CC=CC=C3CCN4C2=NC=C4C=O)CC1,MWTBKTRZPHJQLH-UHFFFAOYSA-N,aromatic_hetero,,CN1CCC(=C2c3ccccc3CCn3c(C=O)cnc32)CC1,c1ccc2c(c1)CCn1ccnc1C2=C1CCNCC1,validation,
48,naphthalene-1-carbaldehyde,C1=CC=C2C(=C1)C=CC=C2C=O,SQAINHDHICKHLX-UHFFFAOYSA-N,aromatic_carbo,,O=Cc1cccc2ccccc12,c1ccc2ccccc2c1,train,
49,4-ethylbenzaldehyde,CCC1=CC=C(C=C1)C=O,QNGNSVIICDLXHT-UHFFFAOYSA-N,aromatic_carbo,,CCc1ccc(C=O)cc1,c1ccccc1,train,
50,4-propan-2-ylbenzaldehyde,CC(C)C1=CC=C(C=C1)C=O,WTWBUQJHJGUZCY-UHFFFAOYSA-N,aromatic_carbo,,CC(C)c1ccc(C=O)cc1,c1ccccc1,train,
51,2-phenylpropanal,CC(C=O)C1=CC=CC=C1,IQVAERDLDAZARL-UHFFFAOYSA-N,aliphatic,,CC(C=O)c1ccccc1,c1ccccc1,train,
52,"3,4-dimethoxybenzaldehyde",COC1=C(C=C(C=C1)C=O)OC,WJUFSDZVCOTFON-UHFFFAOYSA-N,aromatic_carbo,,COc1ccc(C=O)cc1OC,c1ccccc1,train,
53,3-nitrobenzaldehyde,C1=CC(=CC(=C1)[N+](=O)[O-])C=O,ZETIVVHRRQLWFW-UHFFFAOYSA-N,aromatic_carbo,nitro,O=Cc1cccc([N+](=O)[O-])c1,c1ccccc1,train,
54,1-methylpyrrole-2-carbaldehyde,CN1C=CC=C1C=O,OUKQTRFCDKSEPL-UHFFFAOYSA-N,aromatic_hetero,,Cn1cccc1C=O,c1cc[nH]c1,train,
55,"2,6-dimethylhept-5-enal",CC(CCC=C(C)C)C=O,YGFGZTXGYTUXBA-UHFFFAOYSA-N,aliphatic,,CC(C)=CCCC(C)C=O,__no_ring__CC(CCC=C(C)C)C=O,test,
56,"2-(2,6,6-trimethylcyclohexen-1-yl)acetaldehyde",CC1=C(C(CCC1)(C)C)CC=O,VHTFHZGAMYUZEP-UHFFFAOYSA-N,aliphatic,,CC1=C(CC=O)C(C)(C)CCC1,C1=CCCCC1,train,
57,undecanal,CCCCCCCCCCC=O,KMPQYAYAQWNLME-UHFFFAOYSA-N,aliphatic,,CCCCCCCCCCC=O,__no_ring__CCCCCCCCCCC=O,test,
58,3-hydroxy-4-methoxybenzaldehyde,COC1=C(C=C(C=C1)C=O)O,JVTZFYYHCGSXJV-UHFFFAOYSA-N,aromatic_carbo,,COc1ccc(C=O)cc1O,c1ccccc1,train,
59,5-methylfuran-2-carbaldehyde,CC1=CC=C(O1)C=O,OUDFNZMQXZILJD-UHFFFAOYSA-N,aromatic_hetero,,Cc1ccc(C=O)o1,c1ccoc1,train,
60,benzyl N-[(2S)-4-methyl-1-[[(2S)-4-methyl-1-[[(2S)-4-methyl-1-oxopentan-2-yl]amino]-1-oxopentan-2-yl]amino]-1-oxopentan-2-yl]carbamate,CC(C)C[C@@H](C=O)NC(=O)[C@H](CC(C)C)NC(=O)[C@H](CC(C)C)NC(=O)OCC1=CC=CC=C1,TZYWCYJVHRLUCT-VABKMULXSA-N,aliphatic,,CC(C)C[C@@H](C=O)NC(=O)[C@H](CC(C)C)NC(=O)[C@H](CC(C)C)NC(=O)OCc1ccccc1,c1ccccc1,train,
61,"(2R)-2-[(2S,3R,4S)-3,4-dihydroxy-5-oxooxolan-2-yl]-2-hydroxyacetaldehyde",C(=O)[C@@H]([C@@H]1[C@@H]([C@@H](C(=O)O1)O)O)O,UYUXSRADSPPKRZ-SKNVOMKLSA-N,aliphatic,,O=C[C@H](O)[C@H]1OC(=O)[C@@H](O)[C@H]1O,O=C1CCCO1,train,
62,oxirane-2-carbaldehyde,C1C(O1)C=O,IWYRWIUNAVNFPE-UHFFFAOYSA-N,aliphatic,,O=CC1CO1,C1CO1,train,
63,thiophene-2-carbaldehyde,C1=CSC(=C1)C=O,CNUDBTRUORMMPA-UHFFFAOYSA-N,aromatic_hetero,,O=Cc1cccs1,c1ccsc1,train,
64,3-methylbenzaldehyde,CC1=CC(=CC=C1)C=O,OVWYEQOVUDKZNU-UHFFFAOYSA-N,aromatic_carbo,,Cc1cccc(C=O)c1,c1ccccc1,train,
65,4-chlorobenzaldehyde,C1=CC(=CC=C1C=O)Cl,AVPYQKSLYISFPO-UHFFFAOYSA-N,aromatic_carbo,,O=Cc1ccc(Cl)cc1,c1ccccc1,train,
66,4-nitrobenzaldehyde,C1=CC(=CC=C1C=O)[N+](=O)[O-],BXRFQSNOROATLV-UHFFFAOYSA-N,aromatic_carbo,nitro,O=Cc1ccc([N+](=O)[O-])cc1,c1ccccc1,train,
67,"(2R,3S,4R,5R)-2,3,4,5,6-pentahydroxyhexanal",C([C@H]([C@H]([C@@H]([C@H](C=O)O)O)O)O)O,GZCGUPFRVQAUEE-SLPGGIOYSA-N,aliphatic,,O=C[C@H](O)[C@@H](O)[C@H](O)[C@H](O)CO,__no_ring__C([C@H]([C@H]([C@@H]([C@H](C=O)O)O)O)O)O,train,
68,2-ethylbutanal,CCC(CC)C=O,UNNGUFMVYQJGTD-UHFFFAOYSA-N,aliphatic,,CCC(C=O)CC,__no_ring__CCC(CC)C=O,train,
69,(4-formyl-2-methoxyphenyl) 2-methylpropanoate,CC(C)C(=O)OC1=C(C=C(C=C1)C=O)OC,BGKAKRUFBSTALK-UHFFFAOYSA-N,aromatic_carbo,,COc1cc(C=O)ccc1OC(=O)C(C)C,c1ccccc1,train,
70,undec-10-enal,C=CCCCCCCCCC=O,OFHHDSQXFXLTKC-UHFFFAOYSA-N,aliphatic,,C=CCCCCCCCCC=O,__no_ring__C=CCCCCCCCCC=O,test,
71,3-methoxybenzaldehyde,COC1=CC=CC(=C1)C=O,WMPDAIZRQDCGFH-UHFFFAOYSA-N,aromatic_carbo,,COc1cccc(C=O)c1,c1ccccc1,train,
72,1H-pyrrole-2-carbaldehyde,C1=CNC(=C1)C=O,ZSKGQVFRTSEPJT-UHFFFAOYSA-N,aromatic_hetero,,O=Cc1ccc[nH]1,c1cc[nH]c1,train,
73,2-methylpentanal,CCCC(C)C=O,FTZILAQGHINQQR-UHFFFAOYSA-N,aliphatic,,CCCC(C)C=O,__no_ring__CCCC(C)C=O,validation,
74,2-methylundecanal,CCCCCCCCCC(C)C=O,NFAVNWJJYQAGNB-UHFFFAOYSA-N,aliphatic,,CCCCCCCCCC(C)C=O,__no_ring__CCCCCCCCCC(C)C=O,validation,
75,(4-formyl-2-methoxyphenyl) acetate,CC(=O)OC1=C(C=C(C=C1)C=O)OC,PZSJOBKRSVRODF-UHFFFAOYSA-N,aromatic_carbo,,COc1cc(C=O)ccc1OC(C)=O,c1ccccc1,train,
76,5-methylthiophene-2-carbaldehyde,CC1=CC=C(S1)C=O,VAUMDUIUEPIGHM-UHFFFAOYSA-N,aromatic_hetero,,Cc1ccc(C=O)s1,c1ccsc1,train,
77,4-(dimethylamino)benzaldehyde,CN(C)C1=CC=C(C=C1)C=O,BGNGWHSBYQYVRX-UHFFFAOYSA-N,aromatic_carbo,,CN(C)c1ccc(C=O)cc1,c1ccccc1,train,
78,"4-hydroxy-3,5-dimethoxybenzaldehyde",COC1=CC(=CC(=C1O)OC)C=O,KCDXJAYRVLXPFO-UHFFFAOYSA-N,aromatic_carbo,,COc1cc(C=O)cc(OC)c1O,c1ccccc1,train,
79,4-formylbenzoic acid,C1=CC(=CC=C1C=O)C(=O)O,GOUHYARYYWKXHS-UHFFFAOYSA-N,aromatic_carbo,,O=Cc1ccc(C(=O)O)cc1,c1ccccc1,train,
80,"2,3,4-trihydroxybenzaldehyde",C1=CC(=C(C(=C1C=O)O)O)O,CRPNQSVBEWWHIJ-UHFFFAOYSA-N,aromatic_carbo,,O=Cc1ccc(O)c(O)c1O,c1ccccc1,train,
81,3-hydroxybenzaldehyde,C1=CC(=CC(=C1)O)C=O,IAVREABSGIHHMO-UHFFFAOYSA-N,aromatic_carbo,,O=Cc1cccc(O)c1,c1ccccc1,train,
82,"(3R)-3,7-dimethyloct-6-enal",C[C@H](CCC=C(C)C)CC=O,NEHNMFOYXAPHSD-SNVBAGLBSA-N,aliphatic,,CC(C)=CCC[C@@H](C)CC=O,__no_ring__C[C@H](CCC=C(C)C)CC=O,test,
83,"2,4,6-trimethylbenzaldehyde",CC1=CC(=C(C(=C1)C)C=O)C,HIKRJHFHGKZKRI-UHFFFAOYSA-N,aromatic_carbo,,Cc1cc(C)c(C=O)c(C)c1,c1ccccc1,train,
84,2-hydroxy-6-[[2-(2-propan-2-ylpyrazol-3-yl)-3-pyridinyl]methoxy]benzaldehyde,CC(C)N1C(=CC=N1)C2=C(C=CC=N2)COC3=CC=CC(=C3C=O)O,FWCVZAQENIZVMY-UHFFFAOYSA-N,aromatic_carbo,,CC(C)n1nccc1-c1ncccc1COc1cccc(O)c1C=O,c1ccc(OCc2cccnc2-c2ccn[nH]2)cc1,train,
85,"3,4,5,6,6,7-hexachloropentacyclo[6.3.0.02,4.03,7.05,9]undecane-10-carbaldehyde",C1C(C2C3C1C4C5(C2(C(C3(C45Cl)Cl)(Cl)Cl)Cl)Cl)C=O,HCTWZIFNBBCVGM-UHFFFAOYSA-N,aliphatic,,O=CC1CC2C3C1C1(Cl)C(Cl)(Cl)C3(Cl)C3(Cl)C2C13Cl,C1CC2C3C1C1CC3C3C1C23,validation,
86,pyridine-2-carbaldehyde,C1=CC=NC(=C1)C=O,CSDSSGBPEUDDEE-UHFFFAOYSA-N,aromatic_hetero,,O=Cc1ccccn1,c1ccncc1,train,
87,"(2S,3R,4S,5R)-2,3,4,5-tetrahydroxy-6-oxohexanoic acid",C(=O)[C@@H]([C@H]([C@H]([C@@H](C(=O)O)O)O)O)O,IAJILQKETJEXLJ-RSJOWCBRSA-N,aliphatic,,O=C[C@H](O)[C@@H](O)[C@@H](O)[C@H](O)C(=O)O,__no_ring__C(=O)[C@@H]([C@H]([C@H]([C@@H](C(=O)O)O)O)O)O,test,
88,"(3-hydroxy-4-methoxycarbonyl-2,5-dimethylphenyl) 3-formyl-2,4-dihydroxy-6-methylbenzoate",CC1=CC(=C(C(=C1C(=O)OC2=C(C(=C(C(=C2)C)C(=O)OC)O)C)O)C=O)O,YLOYKYXNDHOHHT-UHFFFAOYSA-N,aromatic_carbo,,COC(=O)c1c(C)cc(OC(=O)c2c(C)cc(O)c(C=O)c2O)c(C)c1O,O=C(Oc1ccccc1)c1ccccc1,train,
89,dec-4-enal,CCCCCC=CCCC=O,CWRKZMLUDFBPAO-UHFFFAOYSA-N,aliphatic,,CCCCCC=CCCC=O,__no_ring__CCCCCC=CCCC=O,validation,
90,3-(4-hydroxy-3-methoxyphenyl)propanal,COC1=C(C=CC(=C1)CCC=O)O,KIEATOGEYUWTSR-UHFFFAOYSA-N,aliphatic,,COc1cc(CCC=O)ccc1O,c1ccccc1,train,
91,4-oxobutanoic acid,C(CC(=O)O)C=O,UIUJIQZEACWQSV-UHFFFAOYSA-N,aliphatic,,O=CCCC(=O)O,__no_ring__C(CC(=O)O)C=O,test,
92,"(2R)-2,3-dihydroxypropanal",C([C@H](C=O)O)O,MNQZXJOMYWMBOU-VKHMYHEASA-N,aliphatic,,O=C[C@H](O)CO,__no_ring__C([C@H](C=O)O)O,train,
93,4-methylpentanal,CC(C)CCC=O,JGEGJYXHCFUMJF-UHFFFAOYSA-N,aliphatic,,CC(C)CCC=O,__no_ring__CC(C)CCC=O,validation,
94,3-methylhexanal,CCCC(C)CC=O,ZSJUABCTGCNBPF-UHFFFAOYSA-N,aliphatic,,CCCC(C)CC=O,__no_ring__CCCC(C)CC=O,train,
95,(Z)-hex-3-enal,CC/C=C\CC=O,GXANMBISFKBPEX-ARJAWSKDSA-N,aliphatic,,CC/C=C\CC=O,__no_ring__CC/C=C\CC=O,train,
96,2-chlorobenzaldehyde,C1=CC=C(C(=C1)C=O)Cl,FPYUJUBAXZAQNL-UHFFFAOYSA-N,aromatic_carbo,,O=Cc1ccccc1Cl,c1ccccc1,train,
97,"(2R,3S,4R)-2,3,4,5-tetrahydroxypentanal",C([C@H]([C@@H]([C@H](C=O)O)O)O)O,PYMYPHUHKUWMLA-VPENINKCSA-N,aliphatic,,O=C[C@H](O)[C@@H](O)[C@H](O)CO,__no_ring__C([C@H]([C@@H]([C@H](C=O)O)O)O)O,validation,
98,"3,5,5-trimethylhexanal",CC(CC=O)CC(C)(C)C,WTPYRCJDOZVZON-UHFFFAOYSA-N,aliphatic,,CC(CC=O)CC(C)(C)C,__no_ring__CC(CC=O)CC(C)(C)C,train,
99,4-ethoxybenzaldehyde,CCOC1=CC=C(C=C1)C=O,JRHHJNMASOIRDS-UHFFFAOYSA-N,aromatic_carbo,,CCOc1ccc(C=O)cc1,c1ccccc1,train,
100,1-benzofuran-2-carbaldehyde,C1=CC=C2C(=C1)C=C(O2)C=O,ADDZHRRCUWNSCS-UHFFFAOYSA-N,aromatic_hetero,,O=Cc1cc2ccccc2o1,c1ccc2occc2c1,train,
101,"3,7-dimethyloctanal",CC(C)CCCC(C)CC=O,UCSIFMPORANABL-UHFFFAOYSA-N,aliphatic,,CC(C)CCCC(C)CC=O,__no_ring__CC(C)CCCC(C)CC=O,test,
102,2-methoxybenzaldehyde,COC1=CC=CC=C1C=O,PKZJLOCLABXVMC-UHFFFAOYSA-N,aromatic_carbo,,COc1ccccc1C=O,c1ccccc1,train,
103,"2,4-dimethylbenzaldehyde",CC1=CC(=C(C=C1)C=O)C,GISVICWQYMUPJF-UHFFFAOYSA-N,aromatic_carbo,,Cc1ccc(C=O)c(C)c1,c1ccccc1,train,
104,cyclohex-3-ene-1-carbaldehyde,C1CC(CC=C1)C=O,DCFDVJPDXYGCOK-UHFFFAOYSA-N,aliphatic,,O=CC1CC=CCC1,C1=CCCCC1,train,
105,"3,4,5-trimethoxybenzaldehyde",COC1=CC(=CC(=C1OC)OC)C=O,OPHQOIGEOHXOGX-UHFFFAOYSA-N,aromatic_carbo,,COc1cc(C=O)cc(OC)c1OC,c1ccccc1,train,
106,benzyl (2S)-2-[(2S)-2-formylpyrrolidine-1-carbonyl]pyrrolidine-1-carboxylate,C1C[C@H](N(C1)C(=O)[C@@H]2CCCN2C(=O)OCC3=CC=CC=C3)C=O,ORZXYSPOAVJYRU-HOTGVXAUSA-N,aliphatic,,O=C[C@@H]1CCCN1C(=O)[C@@H]1CCCN1C(=O)OCc1ccccc1,O=C([C@@H]1CCCN1C(=O)OCc1ccccc1)N1CCCC1,validation,
107,2-nitrobenzaldehyde,C1=CC=C(C(=C1)C=O)[N+](=O)[O-],CMWKITSNTDAEDT-UHFFFAOYSA-N,aromatic_carbo,nitro,O=Cc1ccccc1[N+](=O)[O-],c1ccccc1,train,
108,4-(diethylamino)benzaldehyde,CCN(CC)C1=CC=C(C=C1)C=O,MNFZZNNFORDXSV-UHFFFAOYSA-N,aromatic_carbo,,CCN(CC)c1ccc(C=O)cc1,c1ccccc1,train,
109,"3,5-ditert-butyl-4-hydroxybenzaldehyde",CC(C)(C)C1=CC(=CC(=C1O)C(C)(C)C)C=O,DOZRDZLFLOODMB-UHFFFAOYSA-N,aromatic_carbo,,CC(C)(C)c1cc(C=O)cc(C(C)(C)C)c1O,c1ccccc1,train,
110,2-hydroxy-3-methoxybenzaldehyde,COC1=CC=CC(=C1O)C=O,JJVNINGBHGBWJH-UHFFFAOYSA-N,aromatic_carbo,,COc1cccc(C=O)c1O,c1ccccc1,train,
111,"2-[(1R)-2,2,3-trimethylcyclopent-3-en-1-yl]acetaldehyde",CC1=CC[C@@H](C1(C)C)CC=O,OGCGGWYLHSJRFY-SECBINFHSA-N,aliphatic,,CC1=CC[C@H](CC=O)C1(C)C,C1=CCCC1,train,
112,"5-chloro-2,4-dihydroxy-6-methyl-3-[(2E,4E)-3-methyl-5-[(1R,2R,6R)-1,2,6-trimethyl-3-oxocyclohexyl]penta-2,4-dienyl]benzaldehyde",C[C@@H]1CCC(=O)[C@@H]([C@@]1(C)/C=C/C(=C/CC2=C(C(=C(C(=C2O)Cl)C)C=O)O)/C)C,SETVRSKZJJWOPA-FLDGXQSCSA-N,aromatic_carbo,,CC(/C=C/[C@@]1(C)[C@H](C)CCC(=O)[C@@H]1C)=C\Cc1c(O)c(Cl)c(C)c(C=O)c1O,O=C1CCCC(/C=C/C=C/Cc2ccccc2)C1,train,
113,"(2S,3S,4R,5R)-2,3,4,5,6-pentahydroxyhexanal",C([C@H]([C@H]([C@@H]([C@@H](C=O)O)O)O)O)O,GZCGUPFRVQAUEE-KVTDHHQDSA-N,aliphatic,,O=C[C@@H](O)[C@@H](O)[C@H](O)[C@H](O)CO,__no_ring__C([C@H]([C@H]([C@@H]([C@@H](C=O)O)O)O)O)O,test,
114,"3,4,5-trihydroxybenzaldehyde",C1=C(C=C(C(=C1O)O)O)C=O,RGZHEOWNTDJLAQ-UHFFFAOYSA-N,aromatic_carbo,,O=Cc1cc(O)c(O)c(O)c1,c1ccccc1,train,
115,"(2S,3R,4R)-2,3,4,5-tetrahydroxypentanal",C([C@H]([C@H]([C@@H](C=O)O)O)O)O,PYMYPHUHKUWMLA-WDCZJNDASA-N,aliphatic,,O=C[C@@H](O)[C@H](O)[C@H](O)CO,__no_ring__C([C@H]([C@H]([C@@H](C=O)O)O)O)O,train,
116,"2,5-dihydroxybenzaldehyde",C1=CC(=C(C=C1O)C=O)O,CLFRCXCBWIQVRN-UHFFFAOYSA-N,aromatic_carbo,,O=Cc1cc(O)ccc1O,c1ccccc1,train,
117,"3-(1,3-benzodioxol-5-yl)-2-methylpropanal",CC(CC1=CC2=C(C=C1)OCO2)C=O,BOPPSUHPZARXTH-UHFFFAOYSA-N,aliphatic,,CC(C=O)Cc1ccc2c(c1)OCO2,c1ccc2c(c1)OCO2,train,
118,2-hydroxy-4-methoxybenzaldehyde,COC1=CC(=C(C=C1)C=O)O,WZUODJNEIXSNEU-UHFFFAOYSA-N,aromatic_carbo,,COc1ccc(C=O)c(O)c1,c1ccccc1,train,
119,"(2R,3R,4S,5R)-2,3,4,6-tetrahydroxy-5-sulfanylhexanal",C([C@H]([C@H]([C@@H]([C@H](C=O)O)O)O)S)O,IJJLRUSZMLMXCN-SLPGGIOYSA-N,aliphatic,,O=C[C@H](O)[C@@H](O)[C@H](O)[C@H](S)CO,__no_ring__C([C@H]([C@H]([C@@H]([C@H](C=O)O)O)O)S)O,test,
120,"2,2,2-trifluoroacetaldehyde",C(=O)C(F)(F)F,JVTSHOJDBRTPHD-UHFFFAOYSA-N,aliphatic,,O=CC(F)(F)F,__no_ring__C(=O)C(F)(F)F,validation,
121,benzyl N-[(2S)-3-methyl-1-oxo-1-[[(2S)-1-oxo-3-phenylpropan-2-yl]amino]butan-2-yl]carbamate,CC(C)[C@@H](C(=O)N[C@@H](CC1=CC=CC=C1)C=O)NC(=O)OCC2=CC=CC=C2,NGBKFLTYGSREKK-PMACEKPBSA-N,aliphatic,,CC(C)[C@H](NC(=O)OCc1ccccc1)C(=O)N[C@H](C=O)Cc1ccccc1,O=C(CNC(=O)OCc1ccccc1)NCCc1ccccc1,train,
122,dec-9-enal,C=CCCCCCCCC=O,AKMSQWLDTSOVME-UHFFFAOYSA-N,aliphatic,,C=CCCCCCCCC=O,__no_ring__C=CCCCCCCCC=O,test,
123,"(2S)-2-[(2R,3R,4S)-3,4-dihydroxyoxolan-2-yl]-2-hydroxyacetaldehyde",C1[C@@H]([C@H]([C@@H](O1)[C@@H](C=O)O)O)O,WZYRMLAWNVOIEX-MOJAZDJTSA-N,aliphatic,,O=C[C@@H](O)[C@@H]1OC[C@H](O)[C@H]1O,C1CCOC1,train,
124,"2-(3,7-dimethyloct-6-enoxy)acetaldehyde",CC(CCC=C(C)C)CCOCC=O,LMETVDMCIJNNKH-UHFFFAOYSA-N,aliphatic,,CC(C)=CCCC(C)CCOCC=O,__no_ring__CC(CCC=C(C)C)CCOCC=O,validation,
125,4-ethoxy-3-methoxybenzaldehyde,CCOC1=C(C=C(C=C1)C=O)OC,BERFDQAMXIBOHM-UHFFFAOYSA-N,aromatic_carbo,,CCOc1ccc(C=O)cc1OC,c1ccccc1,train,
126,2-methyl-3-(4-methylphenyl)propanal,CC1=CC=C(C=C1)CC(C)C=O,SGVBCLGVIOFAFT-UHFFFAOYSA-N,aliphatic,,Cc1ccc(CC(C)C=O)cc1,c1ccccc1,train,
127,(2-ethoxy-4-formylphenyl) 2-methylpropanoate,CCOC1=C(C=CC(=C1)C=O)OC(=O)C(C)C,BTCQMCOBMIXUCG-UHFFFAOYSA-N,aromatic_carbo,,CCOc1cc(C=O)ccc1OC(=O)C(C)C,c1ccccc1,train,
128,pent-4-enal,C=CCCC=O,QUMSUJWRUHPEEJ-UHFFFAOYSA-N,aliphatic,,C=CCCC=O,__no_ring__C=CCCC=O,test,
129,2-(4-methylphenyl)propanal,CC1=CC=C(C=C1)C(C)C=O,JTZWVKUZBNHSSW-UHFFFAOYSA-N,aliphatic,,Cc1ccc(C(C)C=O)cc1,c1ccccc1,train,
130,2-hydroxy-4-methylbenzaldehyde,CC1=CC(=C(C=C1)C=O)O,JODRRPJMQDFCBJ-UHFFFAOYSA-N,aromatic_carbo,,Cc1ccc(C=O)c(O)c1,c1ccccc1,train,
131,"2,6,6-trimethylcyclohex-2-ene-1-carbaldehyde",CC1=CCCC(C1C=O)(C)C,ZVZRJSHOOULAGB-UHFFFAOYSA-N,aliphatic,,CC1=CCCC(C)(C)C1C=O,C1=CCCCC1,train,
132,2-(4-methylcyclohex-3-en-1-yl)propanal,CC1=CCC(CC1)C(C)C=O,UMEJBWOWZDRULR-UHFFFAOYSA-N,aliphatic,,CC1=CCC(C(C)C=O)CC1,C1=CCCCC1,train,
133,1-ethylpyrrole-2-carbaldehyde,CCN1C=CC=C1C=O,DVLGEHCERRWDIX-UHFFFAOYSA-N,aromatic_hetero,,CCn1cccc1C=O,c1cc[nH]c1,train,
134,(Z)-non-6-enal,CC/C=C\CCCCC=O,RTNPCOBSXBGDMO-ARJAWSKDSA-N,aliphatic,,CC/C=C\CCCCC=O,__no_ring__CC/C=C\CCCCC=O,test,
135,(Z)-hept-4-enal,CC/C=C\CCC=O,VVGOCOMZRGWHPI-ARJAWSKDSA-N,aliphatic,,CC/C=C\CCC=O,__no_ring__CC/C=C\CCC=O,train,
136,pyridine-4-carbaldehyde,C1=CN=CC=C1C=O,BGUWFUQJCDRPTL-UHFFFAOYSA-N,aromatic_hetero,,O=Cc1ccncc1,c1ccncc1,train,
137,"2,4,6-trihydroxybenzaldehyde",C1=C(C=C(C(=C1O)C=O)O)O,BTQAJGSMXCDDAJ-UHFFFAOYSA-N,aromatic_carbo,,O=Cc1c(O)cc(O)cc1O,c1ccccc1,train,
138,"2,5-dimethoxybenzaldehyde",COC1=CC(=C(C=C1)OC)C=O,AFUKNJHPZAVHGQ-UHFFFAOYSA-N,aromatic_carbo,,COc1ccc(OC)c(C=O)c1,c1ccccc1,train,
139,4-[bis(2-chloroethyl)amino]benzaldehyde,C1=CC(=CC=C1C=O)N(CCCl)CCCl,PXUFHXLGUJLBMI-UHFFFAOYSA-N,aromatic_carbo,,O=Cc1ccc(N(CCCl)CCCl)cc1,c1ccccc1,train,
140,"2,2,2-tribromoacetaldehyde",C(=O)C(Br)(Br)Br,YTGSYRVSBPFKMQ-UHFFFAOYSA-N,aliphatic,,O=CC(Br)(Br)Br,__no_ring__C(=O)C(Br)(Br)Br,validation,
141,2-hydroxynaphthalene-1-carbaldehyde,C1=CC=C2C(=C1)C=CC(=C2C=O)O,NTCCNERMXRIPTR-UHFFFAOYSA-N,aromatic_carbo,,O=Cc1c(O)ccc2ccccc12,c1ccc2ccccc2c1,train,
142,3-(4-tert-butylphenyl)propanal,CC(C)(C)C1=CC=C(C=C1)CCC=O,FZJUFJKVIYFBSY-UHFFFAOYSA-N,aliphatic,,CC(C)(C)c1ccc(CCC=O)cc1,c1ccccc1,train,
143,2-hydroxy-5-methoxybenzaldehyde,COC1=CC(=C(C=C1)O)C=O,FZHSPPYCNDYIKD-UHFFFAOYSA-N,aromatic_carbo,,COc1ccc(O)c(C=O)c1,c1ccccc1,train,
144,"2,3,4,5-tetrahydroxypentanal",C(C(C(C(C=O)O)O)O)O,PYMYPHUHKUWMLA-UHFFFAOYSA-N,aliphatic,,O=CC(O)C(O)C(O)CO,__no_ring__C(C(C(C(C=O)O)O)O)O,test,
145,4-aminobenzaldehyde,C1=CC(=CC=C1C=O)N,VATYWCRQDJIRAI-UHFFFAOYSA-N,aromatic_carbo,,Nc1ccc(C=O)cc1,c1ccccc1,train,
146,"2,6-dichlorobenzaldehyde",C1=CC(=C(C(=C1)Cl)C=O)Cl,DMIYKWPEFRFTPY-UHFFFAOYSA-N,aromatic_carbo,,O=Cc1c(Cl)cccc1Cl,c1ccccc1,train,
147,3-bromobenzaldehyde,C1=CC(=CC(=C1)Br)C=O,SUISZCALMBHJQX-UHFFFAOYSA-N,aromatic_carbo,,O=Cc1cccc(Br)c1,c1ccccc1,train,
148,5-nitrofuran-2-carbaldehyde,C1=C(OC(=C1)[N+](=O)[O-])C=O,SXINBFXPADXIEY-UHFFFAOYSA-N,aromatic_hetero,nitro,O=Cc1ccc([N+](=O)[O-])o1,c1ccoc1,train,
149,"2,4-dihydroxybenzaldehyde",C1=CC(=C(C=C1O)O)C=O,IUNJCFABHJZSKB-UHFFFAOYSA-N,aromatic_carbo,,O=Cc1ccc(O)cc1O,c1ccccc1,train,
150,"5-chloro-3-[(2E,6E)-7-[(2S)-5,5-dimethyl-4-oxooxolan-2-yl]-3-methylocta-2,6-dienyl]-2,4-dihydroxy-6-methylbenzaldehyde",CC1=C(C(=C(C(=C1Cl)O)C/C=C(\C)/CC/C=C(\C)/[C@@H]2CC(=O)C(O2)(C)C)O)C=O,VGYPZLGWVQQOST-JUERRSSISA-N,aromatic_carbo,,C/C(=C\Cc1c(O)c(Cl)c(C)c(C=O)c1O)CC/C=C(\C)[C@@H]1CC(=O)C(C)(C)O1,O=C1CO[C@H](/C=C/CC/C=C/Cc2ccccc2)C1,test,
151,"(3S,5S,8R,9S,10S,13R,14S,17R)-3,5,14-trihydroxy-13-methyl-17-(6-oxopyran-3-yl)-2,3,4,6,7,8,9,11,12,15,16,17-dodecahydro-1H-cyclopenta[a]phenanthrene-10-carbaldehyde",C[C@]12CC[C@H]3[C@H]([C@]1(CC[C@@H]2C4=COC(=O)C=C4)O)CC[C@]5([C@@]3(CC[C@@H](C5)O)C=O)O,TVKPTWJPKVSGJB-XHCIOXAKSA-N,aliphatic,,C[C@]12CC[C@H]3[C@@H](CC[C@]4(O)C[C@@H](O)CC[C@]34C=O)[C@@]1(O)CC[C@@H]2c1ccc(=O)oc1,O=c1ccc([C@H]2CCC3C2CC[C@@H]2C4CCCCC4CC[C@@H]32)co1,train,
152,3-chlorobenzaldehyde,C1=CC(=CC(=C1)Cl)C=O,SRWILAKSARHZPR-UHFFFAOYSA-N,aromatic_carbo,,O=Cc1cccc(Cl)c1,c1ccccc1,train,
153,anthracene-9-carbaldehyde,C1=CC=C2C(=C1)C=C3C=CC=CC3=C2C=O,YMNKUHIVVMFOFO-UHFFFAOYSA-N,aromatic_carbo,,O=Cc1c2ccccc2cc2ccccc12,c1ccc2cc3ccccc3cc2c1,train,
154,"(3S)-3,7-dimethyloct-6-enal",C[C@@H](CCC=C(C)C)CC=O,NEHNMFOYXAPHSD-JTQLQIEISA-N,aliphatic,,CC(C)=CCC[C@H](C)CC=O,__no_ring__C[C@@H](CCC=C(C)C)CC=O,test,
155,1-methoxyindole-3-carbaldehyde,CON1C=C(C2=CC=CC=C21)C=O,NFGIENSPALNOON-UHFFFAOYSA-N,aromatic_hetero,,COn1cc(C=O)c2ccccc21,c1ccc2[nH]ccc2c1,train,
156,thiophene-3-carbaldehyde,C1=CSC=C1C=O,RBIGKSZIQCTIJF-UHFFFAOYSA-N,aromatic_hetero,,O=Cc1ccsc1,c1ccsc1,train,
157,"2-(2,2,3-trimethylcyclopent-3-en-1-yl)acetaldehyde",CC1=CCC(C1(C)C)CC=O,OGCGGWYLHSJRFY-UHFFFAOYSA-N,aliphatic,,CC1=CCC(CC=O)C1(C)C,C1=CCCC1,train,
158,"3-hydroxy-1-methoxy-9,10-dioxoanthracene-2-carbaldehyde",COC1=C2C(=CC(=C1C=O)O)C(=O)C3=CC=CC=C3C2=O,IPDMWUNUULAXLU-UHFFFAOYSA-N,aromatic_carbo,,COc1c(C=O)c(O)cc2c1C(=O)c1ccccc1C2=O,O=C1c2ccccc2C(=O)c2ccccc21,train,
159,"13,17-dihydroxy-5-methoxy-7,12-dimethyl-9,15-dioxo-2,10,16-trioxatetracyclo[9.7.0.03,8.014,18]octadeca-1(11),3(8),4,6,12,14(18)-hexaene-4-carbaldehyde",CC1=CC(=C(C2=C1C(=O)OC3=C(O2)C4=C(C(=C3C)O)C(=O)OC4O)C=O)OC,SKCUFZLDTAYNBZ-UHFFFAOYSA-N,aromatic_carbo,,COc1cc(C)c2c(c1C=O)Oc1c(c(C)c(O)c3c1C(O)OC3=O)OC2=O,O=C1Oc2ccc3c(c2Oc2ccccc21)COC3=O,train,
160,1H-indole-4-carbaldehyde,C1=CC(=C2C=CNC2=C1)C=O,JFDDFGLNZWNJTK-UHFFFAOYSA-N,aromatic_carbo,,O=Cc1cccc2[nH]ccc12,c1ccc2[nH]ccc2c1,train,
161,"4-[[(E)-3-carboxyprop-2-enoyl]oxymethyl]-10-formyl-3,9-dihydroxy-1,7-dimethyl-6-oxobenzo[b][1,4]benzodioxepine-2-carboxylic acid",CC1=CC(=C(C2=C1C(=O)OC3=C(O2)C(=C(C(=C3COC(=O)/C=C/C(=O)O)O)C(=O)O)C)C=O)O,VEGGRTFDFMUBPD-ONEGZZNKSA-N,aromatic_carbo,,Cc1cc(O)c(C=O)c2c1C(=O)Oc1c(COC(=O)/C=C/C(=O)O)c(O)c(C(=O)O)c(C)c1O2,O=C1Oc2ccccc2Oc2ccccc21,train,
162,"2,3,4,5,6-pentahydroxyhexanal",C(C(C(C(C(C=O)O)O)O)O)O,GZCGUPFRVQAUEE-UHFFFAOYSA-N,aliphatic,,O=CC(O)C(O)C(O)C(O)CO,__no_ring__C(C(C(C(C(C=O)O)O)O)O)O,train,
163,methyl 4-formylbenzoate,COC(=O)C1=CC=C(C=C1)C=O,FEIOASZZURHTHB-UHFFFAOYSA-N,aromatic_carbo,,COC(=O)c1ccc(C=O)cc1,c1ccccc1,train,
164,3-phenylbutanal,CC(CC=O)C1=CC=CC=C1,MYHGOWDLVRDUFA-UHFFFAOYSA-N,aliphatic,,CC(CC=O)c1ccccc1,c1ccccc1,train,
165,(2S)-2-amino-3-(1H-imidazol-5-yl)propanal,C1=C(NC=N1)C[C@@H](C=O)N,VYOIELONWKIZJS-YFKPBYRVSA-N,aliphatic,,N[C@H](C=O)Cc1cnc[nH]1,c1c[nH]cn1,train,
166,"[(2R,3R)-2,3-dihydroxy-4-oxobutyl] dihydrogen phosphate",C([C@H]([C@H](C=O)O)O)OP(=O)(O)O,NGHMDNPXVRFFGS-IUYQGCFVSA-N,aliphatic,phosphorus,O=C[C@H](O)[C@H](O)COP(=O)(O)O,__no_ring__C([C@H]([C@H](C=O)O)O)OP(=O)(O)O,train,
167,"[(2R,3R,4S)-2,3,4-trihydroxy-5-oxopentyl] dihydrogen phosphate",C([C@H]([C@H]([C@@H](C=O)O)O)O)OP(=O)(O)O,PPQRONHOSHZGFQ-WDCZJNDASA-N,aliphatic,phosphorus,O=C[C@@H](O)[C@H](O)[C@H](O)COP(=O)(O)O,__no_ring__C([C@H]([C@H]([C@@H](C=O)O)O)O)OP(=O)(O)O,train,
168,"(2R,3R,4S,5S)-2,3,4,5-tetrahydroxyhexanal",C[C@@H]([C@@H]([C@H]([C@H](C=O)O)O)O)O,PNNNRSAQSRJVSB-BXKVDMCESA-N,aliphatic,,C[C@H](O)[C@H](O)[C@@H](O)[C@@H](O)C=O,__no_ring__C[C@@H]([C@@H]([C@H]([C@H](C=O)O)O)O)O,validation,
169,"(2R,3S,4S,5R)-2,3,4,5,6-pentahydroxyhexanal",C([C@H]([C@@H]([C@@H]([C@H](C=O)O)O)O)O)O,GZCGUPFRVQAUEE-KCDKBNATSA-N,aliphatic,,O=C[C@H](O)[C@@H](O)[C@@H](O)[C@H](O)CO,__no_ring__C([C@H]([C@@H]([C@@H]([C@H](C=O)O)O)O)O)O,test,
170,"2-(3,4-dihydroxyphenyl)acetaldehyde",C1=CC(=C(C=C1CC=O)O)O,IADQVXRMSNIUEL-UHFFFAOYSA-N,aliphatic,,O=CCc1ccc(O)c(O)c1,c1ccccc1,train,
171,7-hydroxy-4-methyl-2-oxochromene-8-carbaldehyde,CC1=CC(=O)OC2=C1C=CC(=C2C=O)O,RTHHSXOVIJWFQP-UHFFFAOYSA-N,aromatic_carbo,,Cc1cc(=O)oc2c(C=O)c(O)ccc12,O=c1ccc2ccccc2o1,train,
172,benzyl N-[(2S)-4-methyl-1-oxo-1-[[(2S)-1-oxohexan-2-yl]amino]pentan-2-yl]carbamate,CCCC[C@@H](C=O)NC(=O)[C@H](CC(C)C)NC(=O)OCC1=CC=CC=C1,PGGUOGKHUUUWAF-ROUUACIJSA-N,aliphatic,,CCCC[C@@H](C=O)NC(=O)[C@H](CC(C)C)NC(=O)OCc1ccccc1,c1ccccc1,train,
173,(3S)-3-[[(2S)-2-[[(2S)-2-[[(2S)-2-acetamido-3-(4-hydroxyphenyl)propanoyl]amino]-3-methylbutanoyl]amino]propanoyl]amino]-4-oxobutanoic acid,C[C@@H](C(=O)N[C@@H](CC(=O)O)C=O)NC(=O)[C@H](C(C)C)NC(=O)[C@H](CC1=CC=C(C=C1)O)NC(=O)C,LPIARALSGDVZEP-SJVNDZIOSA-N,aliphatic,,CC(=O)N[C@@H](Cc1ccc(O)cc1)C(=O)N[C@H](C(=O)N[C@@H](C)C(=O)N[C@H](C=O)CC(=O)O)C(C)C,c1ccccc1,train,
174,"(2R,3S,4R,5R)-3,4,5,6-tetrahydroxy-2-[(2R,3R,4S,5S,6R)-3,4,5-trihydroxy-6-(hydroxymethyl)oxan-2-yl]oxyhexanal",C([C@@H]1[C@H]([C@@H]([C@H]([C@H](O1)O[C@@H](C=O)[C@H]([C@@H]([C@@H](CO)O)O)O)O)O)O)O,PZDOWFGHCNHPQD-OQPGPFOOSA-N,aliphatic,,O=C[C@H](O[C@H]1O[C@H](CO)[C@@H](O)[C@H](O)[C@H]1O)[C@@H](O)[C@H](O)[C@H](O)CO,C1CCOCC1,train,
175,2-methyloctanal,CCCCCCC(C)C=O,ZKPFRIDJMMOODR-UHFFFAOYSA-N,aliphatic,,CCCCCCC(C)C=O,__no_ring__CCCCCCC(C)C=O,validation,
176,2-(4-methylphenyl)acetaldehyde,CC1=CC=C(C=C1)CC=O,CIXAYNMKFFQEFU-UHFFFAOYSA-N,aliphatic,,Cc1ccc(CC=O)cc1,c1ccccc1,train,
177,3-phenylpent-4-enal,C=CC(CC=O)C1=CC=CC=C1,XQTAGXUFCZLHIQ-UHFFFAOYSA-N,aliphatic,,C=CC(CC=O)c1ccccc1,c1ccccc1,train,
178,2-(4-propan-2-ylphenyl)acetaldehyde,CC(C)C1=CC=C(C=C1)CC=O,FSKGFRBHGXIDSA-UHFFFAOYSA-N,aliphatic,,CC(C)c1ccc(CC=O)cc1,c1ccccc1,train,
179,3-(4-propan-2-ylphenyl)propanal,CC(C)C1=CC=C(C=C1)CCC=O,RLEFOSDUWZYGOS-UHFFFAOYSA-N,aliphatic,,CC(C)c1ccc(CCC=O)cc1,c1ccccc1,train,
180,2-methylhexanal,CCCCC(C)C=O,BHVGMUDWABJNRC-UHFFFAOYSA-N,aliphatic,,CCCCC(C)C=O,__no_ring__CCCCC(C)C=O,train,
181,2-methyl-3-sulfanylpentanal,CCC(C(C)C=O)S,FSAGSGCELJTQFN-UHFFFAOYSA-N,aliphatic,,CCC(S)C(C)C=O,__no_ring__CCC(C(C)C=O)S,validation,
182,2-phenylpent-4-enal,C=CCC(C=O)C1=CC=CC=C1,PBWQZEMADHTUIF-UHFFFAOYSA-N,aliphatic,,C=CCC(C=O)c1ccccc1,c1ccccc1,train,
183,3-(5-methylfuran-2-yl)butanal,CC1=CC=C(O1)C(C)CC=O,DFSVNSCDOZSUCT-UHFFFAOYSA-N,aliphatic,,Cc1ccc(C(C)CC=O)o1,c1ccoc1,train,
184,(E)-hex-4-enal,C/C=C/CCC=O,DPCMFIRORYQTCL-NSCUHMNNSA-N,aliphatic,,C/C=C/CCC=O,__no_ring__C/C=C/CCC=O,validation,
185,3-methyl-2-phenylbutanal,CC(C)C(C=O)C1=CC=CC=C1,UKEXEDXJYSMZGZ-UHFFFAOYSA-N,aliphatic,,CC(C)C(C=O)c1ccccc1,c1ccccc1,train,
186,3-methylsulfanylheptanal,CCCCC(CC=O)SC,RQOSXGWCILNIKB-UHFFFAOYSA-N,aliphatic,,CCCCC(CC=O)SC,__no_ring__CCCCC(CC=O)SC,train,
187,8-methylnonanal,CC(C)CCCCCCC=O,WDMOXLRWVGEXJV-UHFFFAOYSA-N,aliphatic,,CC(C)CCCCCCC=O,__no_ring__CC(C)CCCCCCC=O,validation,
188,4-formylbenzonitrile,C1=CC(=CC=C1C=O)C#N,WZWIQYMTQZCSKI-UHFFFAOYSA-N,aromatic_carbo,,N#Cc1ccc(C=O)cc1,c1ccccc1,train,
189,naphthalene-2-carbaldehyde,C1=CC=C2C=C(C=CC2=C1)C=O,PJKVFARRVXDXAD-UHFFFAOYSA-N,aromatic_carbo,,O=Cc1ccc2ccccc2c1,c1ccc2ccccc2c1,train,
190,2-formylbenzoic acid,C1=CC=C(C(=C1)C=O)C(=O)O,DYNFCHNNOHNJFG-UHFFFAOYSA-N,aromatic_carbo,,O=Cc1ccccc1C(=O)O,c1ccccc1,train,
191,2-sulfanylacetaldehyde,C(C=O)S,FLJWVVUJGVNXMZ-UHFFFAOYSA-N,aliphatic,,O=CCS,__no_ring__C(C=O)S,validation,
192,"3,4-dihydroxy-5-nitrobenzaldehyde",C1=C(C=C(C(=C1[N+](=O)[O-])O)O)C=O,BBFJODMCHICIAA-UHFFFAOYSA-N,aromatic_carbo,nitro,O=Cc1cc(O)c(O)c([N+](=O)[O-])c1,c1ccccc1,train,
193,2-methoxyacetaldehyde,COCC=O,YSEFYOVWKJXNCH-UHFFFAOYSA-N,aliphatic,,COCC=O,__no_ring__COCC=O,test,
194,4-propylbenzaldehyde,CCCC1=CC=C(C=C1)C=O,MAUCRURSQMOFGV-UHFFFAOYSA-N,aromatic_carbo,,CCCc1ccc(C=O)cc1,c1ccccc1,train,
195,2-methyldecanal,CCCCCCCCC(C)C=O,LBICMZLDYMBIGA-UHFFFAOYSA-N,aliphatic,,CCCCCCCCC(C)C=O,__no_ring__CCCCCCCCC(C)C=O,test,
196,(E)-hex-3-enal,CC/C=C/CC=O,GXANMBISFKBPEX-ONEGZZNKSA-N,aliphatic,,CC/C=C/CC=O,__no_ring__CC/C=C/CC=O,test,
197,5-chloro-2-hydroxybenzaldehyde,C1=CC(=C(C=C1Cl)C=O)O,FUGKCSRLAQKUHG-UHFFFAOYSA-N,aromatic_carbo,,O=Cc1cc(Cl)ccc1O,c1ccccc1,train,
198,2-hydroxy-5-nitrobenzaldehyde,C1=CC(=C(C=C1[N+](=O)[O-])C=O)O,IHFRMUGEILMHNU-UHFFFAOYSA-N,aromatic_carbo,nitro,O=Cc1cc([N+](=O)[O-])ccc1O,c1ccccc1,train,
199,4-(diethylamino)-2-hydroxybenzaldehyde,CCN(CC)C1=CC(=C(C=C1)C=O)O,XFVZSRRZZNLWBW-UHFFFAOYSA-N,aromatic_carbo,,CCN(CC)c1ccc(C=O)c(O)c1,c1ccccc1,train,
200,"10-formyl-9-hydroxy-3-methoxy-4,7-dimethyl-6-oxobenzo[b][1,4]benzodioxepine-1-carboxylic acid",CC1=CC(=C(C2=C1C(=O)OC3=C(O2)C(=CC(=C3C)OC)C(=O)O)C=O)O,FUCWJKJZOHOLEO-UHFFFAOYSA-N,aromatic_carbo,,COc1cc(C(=O)O)c2c(c1C)OC(=O)c1c(C)cc(O)c(C=O)c1O2,O=C1Oc2ccccc2Oc2ccccc21,train,
201,"(2R,3S,4S)-2,3,4,5-tetrahydroxypentanal",C([C@@H]([C@@H]([C@H](C=O)O)O)O)O,PYMYPHUHKUWMLA-VAYJURFESA-N,aliphatic,,O=C[C@H](O)[C@@H](O)[C@@H](O)CO,__no_ring__C([C@@H]([C@@H]([C@H](C=O)O)O)O)O,train,
202,"(3Z,6Z)-nona-3,6-dienal",CC/C=C\C/C=C\CC=O,FIDBXHOCOXRPRO-CWWKMNTPSA-N,aliphatic,,CC/C=C\C/C=C\CC=O,__no_ring__CC/C=C\C/C=C\CC=O,train,
203,"2,2-dimethylpropanal",CC(C)(C)C=O,FJJYHTVHBVXEEQ-UHFFFAOYSA-N,aliphatic,,CC(C)(C)C=O,__no_ring__CC(C)(C)C=O,train,
204,"(2S,3S,4S,5R)-2,3,4,5-tetrahydroxy-6-oxohexanoic acid",C(=O)[C@@H]([C@H]([C@@H]([C@@H](C(=O)O)O)O)O)O,IAJILQKETJEXLJ-QTBDOELSSA-N,aliphatic,,O=C[C@H](O)[C@@H](O)[C@H](O)[C@H](O)C(=O)O,__no_ring__C(=O)[C@@H]([C@H]([C@@H]([C@@H](C(=O)O)O)O)O)O,validation,
205,2-aminobenzaldehyde,C1=CC=C(C(=C1)C=O)N,FXWFZIRWWNPPOV-UHFFFAOYSA-N,aromatic_carbo,,Nc1ccccc1C=O,c1ccccc1,train,
206,3-methylsulfanylhexanal,CCCC(CC=O)SC,VIVJHDGDCOQORO-UHFFFAOYSA-N,aliphatic,,CCCC(CC=O)SC,__no_ring__CCCC(CC=O)SC,test,
207,2-methylsulfanylacetaldehyde,CSCC=O,NCNSBFDGXBKAKB-UHFFFAOYSA-N,aliphatic,,CSCC=O,__no_ring__CSCC=O,test,
208,3-bromo-4-hydroxy-5-methoxybenzaldehyde,COC1=C(C(=CC(=C1)C=O)Br)O,KLSHZDPXXKAHIJ-UHFFFAOYSA-N,aromatic_carbo,,COc1cc(C=O)cc(Br)c1O,c1ccccc1,train,
209,"3,4-dimethylbenzaldehyde",CC1=C(C=C(C=C1)C=O)C,POQJHLBMLVTHAU-UHFFFAOYSA-N,aromatic_carbo,,Cc1ccc(C=O)cc1C,c1ccccc1,train,
210,"(2R,3S,4S,5R)-2,3,4,5-tetrahydroxyhexanal",C[C@H]([C@@H]([C@@H]([C@H](C=O)O)O)O)O,PNNNRSAQSRJVSB-DPYQTVNSSA-N,aliphatic,,C[C@@H](O)[C@H](O)[C@H](O)[C@@H](O)C=O,__no_ring__C[C@H]([C@@H]([C@@H]([C@H](C=O)O)O)O)O,validation,
211,"2,6-dihydroxy-4-methylbenzaldehyde",CC1=CC(=C(C(=C1)O)C=O)O,JASONGFGOLHLGB-UHFFFAOYSA-N,aromatic_carbo,,Cc1cc(O)c(C=O)c(O)c1,c1ccccc1,train,
212,4-tert-butylbenzaldehyde,CC(C)(C)C1=CC=C(C=C1)C=O,OTXINXDGSUFPNU-UHFFFAOYSA-N,aromatic_carbo,,CC(C)(C)c1ccc(C=O)cc1,c1ccccc1,train,
213,2-ethoxybenzaldehyde,CCOC1=CC=CC=C1C=O,DUVJMSPTZMCSTQ-UHFFFAOYSA-N,aromatic_carbo,,CCOc1ccccc1C=O,c1ccccc1,train,
214,2-(2-formylphenoxy)acetic acid,C1=CC=C(C(=C1)C=O)OCC(=O)O,ANWMNLAAFDCKMT-UHFFFAOYSA-N,aromatic_carbo,,O=Cc1ccccc1OCC(=O)O,c1ccccc1,train,
215,3-(trifluoromethyl)benzaldehyde,C1=CC(=CC(=C1)C(F)(F)F)C=O,NMTUHPSKJJYGML-UHFFFAOYSA-N,aromatic_carbo,,O=Cc1cccc(C(F)(F)F)c1,c1ccccc1,train,
216,4-phenylbenzaldehyde,C1=CC=C(C=C1)C2=CC=C(C=C2)C=O,ISDBWOPVZKNQDW-UHFFFAOYSA-N,aromatic_carbo,,O=Cc1ccc(-c2ccccc2)cc1,c1ccc(-c2ccccc2)cc1,train,
217,"2,4-dichlorobenzaldehyde",C1=CC(=C(C=C1Cl)Cl)C=O,YSFBEAASFUWWHU-UHFFFAOYSA-N,aromatic_carbo,,O=Cc1ccc(Cl)cc1Cl,c1ccccc1,train,
218,"3,4-dichlorobenzaldehyde",C1=CC(=C(C=C1C=O)Cl)Cl,ZWUSBSHBFFPRNE-UHFFFAOYSA-N,aromatic_carbo,,O=Cc1ccc(Cl)c(Cl)c1,c1ccccc1,train,
219,4-fluorobenzaldehyde,C1=CC(=CC=C1C=O)F,UOQXIWFBQSVDPP-UHFFFAOYSA-N,aromatic_carbo,,O=Cc1ccc(F)cc1,c1ccccc1,train,
220,1-methyl-2-phenylindole-3-carbaldehyde,CN1C2=CC=CC=C2C(=C1C3=CC=CC=C3)C=O,YJOWMBICANYBLV-UHFFFAOYSA-N,aromatic_hetero,,Cn1c(-c2ccccc2)c(C=O)c2ccccc21,c1ccc(-c2cc3ccccc3[nH]2)cc1,train,
221,"3,5-dimethyl-1-phenylpyrazole-4-carbaldehyde",CC1=C(C(=NN1C2=CC=CC=C2)C)C=O,VOMRTQQGXWPTJK-UHFFFAOYSA-N,aromatic_hetero,,Cc1nn(-c2ccccc2)c(C)c1C=O,c1ccc(-n2cccn2)cc1,train,
222,"2,4-dimethylcyclohex-3-ene-1-carbaldehyde",CC1C=C(CCC1C=O)C,MZZRKEIUNOYYDF-UHFFFAOYSA-N,aliphatic,,CC1=CC(C)C(C=O)CC1,C1=CCCCC1,train,
223,"2,4-dimethoxybenzaldehyde",COC1=CC(=C(C=C1)C=O)OC,LWRSYTXEQUUTKW-UHFFFAOYSA-N,aromatic_carbo,,COc1ccc(C=O)c(OC)c1,c1ccccc1,train,
224,"7-methoxy-3,7-dimethyloctanal",CC(CCCC(C)(C)OC)CC=O,IDWULKZGRNHZNR-UHFFFAOYSA-N,aliphatic,,COC(C)(C)CCCC(C)CC=O,__no_ring__CC(CCCC(C)(C)OC)CC=O,test,
225,(2S)-N-[(2S)-5-(diaminomethylideneamino)-1-oxopentan-2-yl]-1-[(2R)-2-(methylamino)-3-phenylpropanoyl]pyrrolidine-2-carboxamide,CN[C@H](CC1=CC=CC=C1)C(=O)N2CCC[C@H]2C(=O)N[C@@H](CCCN=C(N)N)C=O,KAGLWQUWUNBAOO-KSZLIROESA-N,aliphatic,,CN[C@H](Cc1ccccc1)C(=O)N1CCC[C@H]1C(=O)N[C@H](C=O)CCCN=C(N)N,O=C(CCc1ccccc1)N1CCCC1,train,
226,2-hydroxy-3-oxopropanoic acid,C(=O)C(C(=O)O)O,QWBAFPFNGRFSFB-UHFFFAOYSA-N,aliphatic,,O=CC(O)C(=O)O,__no_ring__C(=O)C(C(=O)O)O,train,
227,4-aminobutanal,C(CC=O)CN,DZQLQEYLEYWJIB-UHFFFAOYSA-N,aliphatic,,NCCCC=O,__no_ring__C(CC=O)CN,test,
228,5-aminopentanal,C(CCN)CC=O,SZBGXBOFCGNPEU-UHFFFAOYSA-N,aliphatic,,NCCCCC=O,__no_ring__C(CCN)CC=O,validation,
229,2-(1H-indol-3-yl)acetaldehyde,C1=CC=C2C(=C1)C(=CN2)CC=O,WHOOUMGHGSPMGR-UHFFFAOYSA-N,aliphatic,,O=CCc1c[nH]c2ccccc12,c1ccc2[nH]ccc2c1,train,
230,[(2R)-2-hydroxy-3-oxopropyl] dihydrogen phosphate,C([C@H](C=O)O)OP(=O)(O)O,LXJXRIRHZLFYRP-VKHMYHEASA-N,aliphatic,phosphorus,O=C[C@H](O)COP(=O)(O)O,__no_ring__C([C@H](C=O)O)OP(=O)(O)O,train,
231,"(2R,3R,4R)-2,3,4,5-tetrahydroxypentanal",C([C@H]([C@H]([C@H](C=O)O)O)O)O,PYMYPHUHKUWMLA-LMVFSUKVSA-N,aliphatic,,O=C[C@H](O)[C@H](O)[C@H](O)CO,__no_ring__C([C@H]([C@H]([C@H](C=O)O)O)O)O,test,
232,"6-[(3E,5E,7S)-5,7-dimethyl-2-oxonona-3,5-dienyl]-2,4-dihydroxy-3-methylbenzaldehyde",CC[C@H](C)/C=C(\C)/C=C/C(=O)CC1=CC(=C(C(=C1C=O)O)C)O,SRUILBLGVMJFPG-YDROHTJRSA-N,aromatic_carbo,,CC[C@H](C)/C=C(C)/C=C/C(=O)Cc1cc(O)c(C)c(O)c1C=O,c1ccccc1,train,
233,"4-[(2S,3R,4S,5S,6R)-3,4,5-trihydroxy-6-(hydroxymethyl)oxan-2-yl]oxybenzaldehyde",C1=CC(=CC=C1C=O)O[C@H]2[C@@H]([C@H]([C@@H]([C@H](O2)CO)O)O)O,OLZAGZCCJJBKNZ-UJPOAAIJSA-N,aromatic_carbo,,O=Cc1ccc(O[C@@H]2O[C@H](CO)[C@@H](O)[C@H](O)[C@H]2O)cc1,c1ccc(O[C@H]2CCCCO2)cc1,train,
234,"5-chloro-3-[(2E)-3,7-dimethylocta-2,6-dienyl]-2,4-dihydroxy-6-methylbenzaldehyde",CC1=C(C(=C(C(=C1Cl)O)C/C=C(\C)/CCC=C(C)C)O)C=O,UEUMAXMCCDEOIJ-XYOKQWHBSA-N,aromatic_carbo,,CC(C)=CCC/C(C)=C/Cc1c(O)c(Cl)c(C)c(C=O)c1O,c1ccccc1,train,
235,"5,13,17-trihydroxy-12-(hydroxymethyl)-7-methyl-9,15-dioxo-2,10,16-trioxatetracyclo[9.7.0.03,8.014,18]octadeca-1(11),3(8),4,6,12,14(18)-hexaene-4-carbaldehyde",CC1=CC(=C(C2=C1C(=O)OC3=C(O2)C4=C(C(=C3CO)O)C(=O)OC4O)C=O)O,QQTKVXCQLZIJPP-UHFFFAOYSA-N,aromatic_carbo,,Cc1cc(O)c(C=O)c2c1C(=O)Oc1c(CO)c(O)c3c(c1O2)C(O)OC3=O,O=C1Oc2ccc3c(c2Oc2ccccc21)COC3=O,train,
236,"5,11-dihydroindolo[3,2-b]carbazole-12-carbaldehyde",C1=CC=C2C(=C1)C3=CC4=C(C5=CC=CC=C5N4)C(=C3N2)C=O,ZUDXFBWDXVNRKF-UHFFFAOYSA-N,aromatic_carbo,,O=Cc1c2[nH]c3ccccc3c2cc2[nH]c3ccccc3c12,c1ccc2c(c1)[nH]c1cc3c(cc12)[nH]c1ccccc13,train,
237,"[(2R,3R,4S,5S)-2,3,4,5-tetrahydroxy-6-oxohexyl] dihydrogen phosphate",C([C@H]([C@H]([C@@H]([C@@H](C=O)O)O)O)O)OP(=O)(O)O,VFRROHXSMXFLSN-KVTDHHQDSA-N,aliphatic,phosphorus,O=C[C@@H](O)[C@@H](O)[C@H](O)[C@H](O)COP(=O)(O)O,__no_ring__C([C@H]([C@H]([C@@H]([C@@H](C=O)O)O)O)O)OP(=O)(O)O,train,
238,(2S)-2-amino-6-oxohexanoic acid,C(CC=O)C[C@@H](C(=O)O)N,GFXYTQPNNXGICT-YFKPBYRVSA-N,aliphatic,,N[C@@H](CCCC=O)C(=O)O,__no_ring__C(CC=O)C[C@@H](C(=O)O)N,validation,
239,benzyl N-[(2S)-1-[[(2S)-1-(4-hydroxyphenyl)-3-oxopropan-2-yl]amino]-1-oxo-3-phenylpropan-2-yl]carbamate,C1=CC=C(C=C1)C[C@@H](C(=O)N[C@@H](CC2=CC=C(C=C2)O)C=O)NC(=O)OCC3=CC=CC=C3,QVDJMLQSYRSZKC-UPVQGACJSA-N,aliphatic,,O=C[C@H](Cc1ccc(O)cc1)NC(=O)[C@H](Cc1ccccc1)NC(=O)OCc1ccccc1,O=C(N[C@@H](Cc1ccccc1)C(=O)NCCc1ccccc1)OCc1ccccc1,train,
240,"6,6-dimethylbicyclo[3.1.1]heptane-2-carbaldehyde",CC1(C2CCC(C1C2)C=O)C,OOCLVMCVOWKECB-UHFFFAOYSA-N,aliphatic,,CC1(C)C2CCC(C=O)C1C2,C1CC2CC(C1)C2,train,
241,2-(4-hydroxy-3-methoxyphenyl)-5-(3-hydroxypropyl)-7-methoxy-1-benzofuran-3-carbaldehyde,COC1=CC(=CC2=C1OC(=C2C=O)C3=CC(=C(C=C3)O)OC)CCCO,PHJUPBDWRVMJQA-UHFFFAOYSA-N,aromatic_hetero,,COc1cc(-c2oc3c(OC)cc(CCCO)cc3c2C=O)ccc1O,c1ccc(-c2cc3ccccc3o2)cc1,train,
242,2-methyl-4-phenylbutanal,CC(CCC1=CC=CC=C1)C=O,RLFLIPVJQTWXKR-UHFFFAOYSA-N,aliphatic,,CC(C=O)CCc1ccccc1,c1ccccc1,train,
243,2-methyl-2-(methyldisulfanyl)propanal,CC(C)(C=O)SSC,VLBWEJJOETYCSE-UHFFFAOYSA-N,aliphatic,,CSSC(C)(C)C=O,__no_ring__CC(C)(C=O)SSC,train,
244,4-ethyloctanal,CCCCC(CC)CCC=O,OWCKBMRUMZFWED-UHFFFAOYSA-N,aliphatic,,CCCCC(CC)CCC=O,__no_ring__CCCCC(CC)CCC=O,validation,
245,cyclohexanecarbaldehyde,C1CCC(CC1)C=O,KVFDZFBHBWTVID-UHFFFAOYSA-N,aliphatic,,O=CC1CCCCC1,C1CCCCC1,train,
246,"(2R,3R,4R)-2,3,5-trihydroxy-4-[(2S,3R,4S,5R)-3,4,5-trihydroxyoxan-2-yl]oxypentanal",C1[C@H]([C@@H]([C@H]([C@@H](O1)O[C@H](CO)[C@@H]([C@H](C=O)O)O)O)O)O,SQNRKWHRVIAKLP-RSZZQXBVSA-N,aliphatic,,O=C[C@H](O)[C@@H](O)[C@@H](CO)O[C@@H]1OC[C@@H](O)[C@H](O)[C@H]1O,C1CCOCC1,train,
247,3-phenylbenzaldehyde,C1=CC=C(C=C1)C2=CC=CC(=C2)C=O,KFKSIUOALVIACE-UHFFFAOYSA-N,aromatic_carbo,,O=Cc1cccc(-c2ccccc2)c1,c1ccc(-c2ccccc2)cc1,train,
248,"(1R,2R,5S)-2-methyl-5-prop-1-en-2-ylcyclopentane-1-carbaldehyde",C[C@@H]1CC[C@@H]([C@@H]1C=O)C(=C)C,JCDLXWAYWSJVTP-OPRDCNLKSA-N,aliphatic,,C=C(C)[C@H]1CC[C@@H](C)[C@H]1C=O,C1CCCC1,train,
249,2-(4-methoxyphenyl)acetaldehyde,COC1=CC=C(C=C1)CC=O,NRIVMXXOUOBRAG-UHFFFAOYSA-N,aliphatic,,COc1ccc(CC=O)cc1,c1ccccc1,train,
250,5-ethylthiophene-2-carbaldehyde,CCC1=CC=C(S1)C=O,CLQXZICUPGZTPE-UHFFFAOYSA-N,aromatic_hetero,,CCc1ccc(C=O)s1,c1ccsc1,train,
251,3-sulfanylhexanal,CCCC(CC=O)S,MMODARXIJRCRGL-UHFFFAOYSA-N,aliphatic,,CCCC(S)CC=O,__no_ring__CCCC(CC=O)S,validation,
252,(E)-undec-4-enal,CCCCCC/C=C/CCC=O,QGNDNDFXCNBMKI-BQYQJAHWSA-N,aliphatic,,CCCCCC/C=C/CCC=O,__no_ring__CCCCCC/C=C/CCC=O,validation,
253,(Z)-dodec-4-enal,CCCCCCC/C=C\CCC=O,MMCDSVCBSAMNPL-HJWRWDBZSA-N,aliphatic,,CCCCCCC/C=C\CCC=O,__no_ring__CCCCCCC/C=C\CCC=O,test,
254,6-methylheptanal,CC(C)CCCCC=O,LCEHKIHBHIJPCD-UHFFFAOYSA-N,aliphatic,,CC(C)CCCCC=O,__no_ring__CC(C)CCCCC=O,validation,
255,"2-chloro-4-oxopyrido[1,2-a]pyrimidine-3-carbaldehyde",C1=CC2=NC(=C(C(=O)N2C=C1)C=O)Cl,VHLHXLJSHPMFCL-UHFFFAOYSA-N,aromatic_hetero,,O=Cc1c(Cl)nc2ccccn2c1=O,O=c1ccnc2ccccn12,train,
256,"3,5-dibromo-2-hydroxybenzaldehyde",C1=C(C=C(C(=C1C=O)O)Br)Br,JHZOXYGFQMROFJ-UHFFFAOYSA-N,aromatic_carbo,,O=Cc1cc(Br)cc(Br)c1O,c1ccccc1,train,
257,"2,3-dimethylpentanal",CCC(C)C(C)C=O,BOHKXQAJUVXBDQ-UHFFFAOYSA-N,aliphatic,,CCC(C)C(C)C=O,__no_ring__CCC(C)C(C)C=O,test,
258,4-phenoxybenzaldehyde,C1=CC=C(C=C1)OC2=CC=C(C=C2)C=O,QWLHJVDRPZNVBS-UHFFFAOYSA-N,aromatic_carbo,,O=Cc1ccc(Oc2ccccc2)cc1,c1ccc(Oc2ccccc2)cc1,train,
259,2-fluorobenzaldehyde,C1=CC=C(C(=C1)C=O)F,ZWDVQMVZZYIAHO-UHFFFAOYSA-N,aromatic_carbo,,O=Cc1ccccc1F,c1ccccc1,train,
260,2-chloro-5-nitrobenzaldehyde,C1=CC(=C(C=C1[N+](=O)[O-])C=O)Cl,VFVHWCKUHAEDMY-UHFFFAOYSA-N,aromatic_carbo,nitro,O=Cc1cc([N+](=O)[O-])ccc1Cl,c1ccccc1,train,
261,"3-hydroxy-2,2-dimethylpropanal",CC(C)(CO)C=O,JJMOMMLADQPZNY-UHFFFAOYSA-N,aliphatic,,CC(C)(C=O)CO,__no_ring__CC(C)(CO)C=O,train,
262,4-bromobenzaldehyde,C1=CC(=CC=C1C=O)Br,ZRYZBQLXDKPBDU-UHFFFAOYSA-N,aromatic_carbo,,O=Cc1ccc(Br)cc1,c1ccccc1,train,
263,2-cyclohexylpropanal,CC(C=O)C1CCCCC1,UQURIQWAEZGLAC-UHFFFAOYSA-N,aliphatic,,CC(C=O)C1CCCCC1,C1CCCCC1,train,
264,(2-ethoxy-4-formylphenyl) acetate,CCOC1=C(C=CC(=C1)C=O)OC(=O)C,XRZFVPCFHPIMAD-UHFFFAOYSA-N,aromatic_carbo,,CCOc1cc(C=O)ccc1OC(C)=O,c1ccccc1,train,
265,"3,4-dihydroxy-5-methoxybenzaldehyde",COC1=CC(=CC(=C1O)O)C=O,RRKMWVISRMWBAL-UHFFFAOYSA-N,aromatic_carbo,,COc1cc(C=O)cc(O)c1O,c1ccccc1,train,
266,"5-chloro-2,4-dihydroxy-6-methyl-3-[(2E,6E)-3,7,11-trimethyldodeca-2,6,10-trienyl]benzaldehyde",CC1=C(C(=C(C(=C1Cl)O)C/C=C(\C)/CC/C=C(\C)/CCC=C(C)C)O)C=O,MHWOMRMBQGSTFS-JTCWOHKRSA-N,aromatic_carbo,,CC(C)=CCC/C(C)=C/CC/C(C)=C/Cc1c(O)c(Cl)c(C)c(C=O)c1O,c1ccccc1,train,
267,3-oxododecanal,CCCCCCCCCC(=O)CC=O,QBDCOUHKEVYWLO-UHFFFAOYSA-N,aliphatic,,CCCCCCCCCC(=O)CC=O,__no_ring__CCCCCCCCCC(=O)CC=O,validation,
268,"(2R,3R,4R,5R)-2,3,5,6-tetrahydroxy-4-[(2S,3R,4S,5R,6R)-3,4,5-trihydroxy-6-(hydroxymethyl)oxan-2-yl]oxyhexanal",C([C@@H]1[C@@H]([C@@H]([C@H]([C@@H](O1)O[C@H]([C@@H](CO)O)[C@@H]([C@H](C=O)O)O)O)O)O)O,DKXNBNKWCZZMJT-JVCRWLNRSA-N,aliphatic,,O=C[C@H](O)[C@@H](O)[C@H](O[C@@H]1O[C@H](CO)[C@H](O)[C@H](O)[C@H]1O)[C@H](O)CO,C1CCOCC1,train,
269,"2,3-dibromopropanal",C(C(C=O)Br)Br,ZMDDOWQHSDJXDW-UHFFFAOYSA-N,aliphatic,,O=CC(Br)CBr,__no_ring__C(C(C=O)Br)Br,train,
270,"(3S,5S,8R,9S,10R,13R,14S,17R)-3,14-dihydroxy-13-methyl-17-(6-oxopyran-3-yl)-1,2,3,4,5,6,7,8,9,11,12,15,16,17-tetradecahydrocyclopenta[a]phenanthrene-10-carbaldehyde",C[C@]12CC[C@H]3[C@H]([C@]1(CC[C@@H]2C4=COC(=O)C=C4)O)CC[C@@H]5[C@@]3(CC[C@@H](C5)O)C=O,STSJQAAJJHGCMJ-XZOYFZSUSA-N,aliphatic,,C[C@]12CC[C@H]3[C@@H](CC[C@H]4C[C@@H](O)CC[C@@]43C=O)[C@@]1(O)CC[C@@H]2c1ccc(=O)oc1,O=c1ccc([C@H]2CCC3C2CC[C@@H]2C4CCCC[C@@H]4CC[C@@H]32)co1,train,
271,(7-formylcyclopenta[c]pyran-4-yl)methyl acetate,CC(=O)OCC1=COC=C2C1=CC=C2C=O,QIUOVIRIFZOCLL-UHFFFAOYSA-N,aromatic_carbo,,CC(=O)OCc1cocc2c(C=O)ccc1-2,c1cc2ccocc-2c1,train,
272,2-(4-hydroxyphenyl)acetaldehyde,C1=CC(=CC=C1CC=O)O,IPRPPFIAVHPVJH-UHFFFAOYSA-N,aliphatic,,O=CCc1ccc(O)cc1,c1ccccc1,train,
273,N-(3-oxopropyl)acetamide,CC(=O)NCCC=O,ARJPPNFIEQKVBB-UHFFFAOYSA-N,aliphatic,,CC(=O)NCCC=O,__no_ring__CC(=O)NCCC=O,validation,
274,2-amino-4-oxo-3H-pteridine-6-carbaldehyde,C1=C(N=C2C(=O)NC(=NC2=N1)N)C=O,LLJAQDVNMGLRBD-UHFFFAOYSA-N,aromatic_hetero,,Nc1nc2ncc(C=O)nc2c(=O)[nH]1,O=c1[nH]cnc2nccnc12,train,
275,"(2R,3R)-2,3,4-trihydroxybutanal",C([C@H]([C@H](C=O)O)O)O,YTBSYETUWUMLBZ-IUYQGCFVSA-N,aliphatic,,O=C[C@H](O)[C@H](O)CO,__no_ring__C([C@H]([C@H](C=O)O)O)O,test,
276,3-hydroxypropanal,C(CO)C=O,AKXKFZDCRYJKTF-UHFFFAOYSA-N,aliphatic,,O=CCCO,__no_ring__C(CO)C=O,validation,
277,3-methylsulfanylbutanal,CC(CC=O)SC,NCBDFIPMWRKPDU-UHFFFAOYSA-N,aliphatic,,CSC(C)CC=O,__no_ring__CC(CC=O)SC,train,
278,(E)-non-4-enal,CCCC/C=C/CCC=O,QPULDJYQYDGZEI-AATRIKPKSA-N,aliphatic,,CCCC/C=C/CCC=O,__no_ring__CCCC/C=C/CCC=O,validation,
279,"2,6-dimethyloctanal",CCC(C)CCCC(C)C=O,CBOBADCVMLMQRW-UHFFFAOYSA-N,aliphatic,,CCC(C)CCCC(C)C=O,__no_ring__CCC(C)CCCC(C)C=O,train,
280,(E)-undec-9-enal,C/C=C/CCCCCCCC=O,ZFMUIJVOIVHGCF-NSCUHMNNSA-N,aliphatic,,C/C=C/CCCCCCCC=O,__no_ring__C/C=C/CCCCCCCC=O,train,
281,"(3E)-3,7-dimethylocta-3,6-dienal",CC(=CC/C=C(\C)/CC=O)C,OJLMARCQPSGYNE-UXBLZVDNSA-N,aliphatic,,CC(C)=CC/C=C(\C)CC=O,__no_ring__CC(=CC/C=C(\C)/CC=O)C,validation,
282,(4-formylphenyl) acetate,CC(=O)OC1=CC=C(C=C1)C=O,SEVSMVUOKAMPDO-UHFFFAOYSA-N,aromatic_carbo,,CC(=O)Oc1ccc(C=O)cc1,c1ccccc1,train,
283,"2,4,6-trimethylcyclohex-3-ene-1-carbaldehyde",CC1CC(=CC(C1C=O)C)C,YJSUCBQWLKRPDL-UHFFFAOYSA-N,aliphatic,,CC1=CC(C)C(C=O)C(C)C1,C1=CCCCC1,train,
284,furan-3-carbaldehyde,C1=COC=C1C=O,AZVSIHIBYRHSLB-UHFFFAOYSA-N,aromatic_hetero,,O=Cc1ccoc1,c1ccoc1,train,
285,2-bromo-5-hydroxybenzaldehyde,C1=CC(=C(C=C1O)C=O)Br,SCRQAWQJSSKCFN-UHFFFAOYSA-N,aromatic_carbo,,O=Cc1cc(O)ccc1Br,c1ccccc1,train,
286,3-methylimidazole-4-carbaldehyde,CN1C=NC=C1C=O,BNYKZFOZWZMEJD-UHFFFAOYSA-N,aromatic_hetero,,Cn1cncc1C=O,c1c[nH]cn1,train,
287,2-(4-bromo-2-formylphenoxy)acetic acid,C1=CC(=C(C=C1Br)C=O)OCC(=O)O,KXRYNWDCFUKVNN-UHFFFAOYSA-N,aromatic_carbo,,O=Cc1cc(Br)ccc1OCC(=O)O,c1ccccc1,train,
288,5-bromopyridine-3-carbaldehyde,C1=C(C=NC=C1Br)C=O,NGUVGKAEOFPLDT-UHFFFAOYSA-N,aromatic_hetero,,O=Cc1cncc(Br)c1,c1ccncc1,train,
289,1-methylindole-3-carbaldehyde,CN1C=C(C2=CC=CC=C21)C=O,KXYBYRKRRGSZCX-UHFFFAOYSA-N,aromatic_hetero,,Cn1cc(C=O)c2ccccc21,c1ccc2[nH]ccc2c1,train,
290,2-(trifluoromethyl)benzaldehyde,C1=CC=C(C(=C1)C=O)C(F)(F)F,ZDVRPKUWYQVVDX-UHFFFAOYSA-N,aromatic_carbo,,O=Cc1ccccc1C(F)(F)F,c1ccccc1,train,
291,"2,3-dihydroxybenzaldehyde",C1=CC(=C(C(=C1)O)O)C=O,IXWOUPGDGMCKGT-UHFFFAOYSA-N,aromatic_carbo,,O=Cc1cccc(O)c1O,c1ccccc1,train,
292,3-formylbenzoic acid,C1=CC(=CC(=C1)C(=O)O)C=O,UHDNUPHSDMOGCR-UHFFFAOYSA-N,aromatic_carbo,,O=Cc1cccc(C(=O)O)c1,c1ccccc1,train,
293,hept-4-enal,CCC=CCCC=O,VVGOCOMZRGWHPI-UHFFFAOYSA-N,aliphatic,,CCC=CCCC=O,__no_ring__CCC=CCCC=O,validation,
294,6-methoxynaphthalene-2-carbaldehyde,COC1=CC2=C(C=C1)C=C(C=C2)C=O,VZBLASFLFFMMCM-UHFFFAOYSA-N,aromatic_carbo,,COc1ccc2cc(C=O)ccc2c1,c1ccc2ccccc2c1,train,
295,10-chloroanthracene-9-carbaldehyde,C1=CC=C2C(=C1)C(=C3C=CC=CC3=C2Cl)C=O,SHYBXXMECBHHFH-UHFFFAOYSA-N,aromatic_carbo,,O=Cc1c2ccccc2c(Cl)c2ccccc12,c1ccc2cc3ccccc3cc2c1,train,
296,4-oxochromene-3-carbaldehyde,C1=CC=C2C(=C1)C(=O)C(=CO2)C=O,FSMYWBQIMDSGQP-UHFFFAOYSA-N,aromatic_hetero,,O=Cc1coc2ccccc2c1=O,O=c1ccoc2ccccc12,train,
297,"4,5-dimethoxy-2-nitrobenzaldehyde",COC1=C(C=C(C(=C1)C=O)[N+](=O)[O-])OC,YWSPWKXREVSQCA-UHFFFAOYSA-N,aromatic_carbo,nitro,COc1cc(C=O)c([N+](=O)[O-])cc1OC,c1ccccc1,train,
298,5-bromo-2-hydroxy-3-methoxybenzaldehyde,COC1=CC(=CC(=C1O)C=O)Br,MMFKBTPDEVLIOR-UHFFFAOYSA-N,aromatic_carbo,,COc1cc(Br)cc(C=O)c1O,c1ccccc1,train,
299,2-hydroxy-3-methoxy-5-nitrobenzaldehyde,COC1=CC(=CC(=C1O)C=O)[N+](=O)[O-],HGKHVFKBOHFYSS-UHFFFAOYSA-N,aromatic_carbo,nitro,COc1cc([N+](=O)[O-])cc(C=O)c1O,c1ccccc1,train,
300,5-(3-nitrophenyl)furan-2-carbaldehyde,C1=CC(=CC(=C1)[N+](=O)[O-])C2=CC=C(O2)C=O,DXUACWQWQDJZMY-UHFFFAOYSA-N,aromatic_hetero,nitro,O=Cc1ccc(-c2cccc([N+](=O)[O-])c2)o1,c1ccc(-c2ccco2)cc1,train,
301,5-(2-chloro-4-nitrophenyl)furan-2-carbaldehyde,C1=CC(=C(C=C1[N+](=O)[O-])Cl)C2=CC=C(O2)C=O,YLWXKADRQFEWGM-UHFFFAOYSA-N,aromatic_hetero,nitro,O=Cc1ccc(-c2ccc([N+](=O)[O-])cc2Cl)o1,c1ccc(-c2ccco2)cc1,train,
302,"1-benzyl-2,3-dihydroindole-5-carbaldehyde",C1CN(C2=C1C=C(C=C2)C=O)CC3=CC=CC=C3,FMKZOIZMBARGMS-UHFFFAOYSA-N,aromatic_carbo,,O=Cc1ccc2c(c1)CCN2Cc1ccccc1,c1ccc(CN2CCc3ccccc32)cc1,train,
303,4-methylsulfanylbenzaldehyde,CSC1=CC=C(C=C1)C=O,QRVYABWJVXXOTN-UHFFFAOYSA-N,aromatic_carbo,,CSc1ccc(C=O)cc1,c1ccccc1,train,
304,3-bromo-4-fluorobenzaldehyde,C1=CC(=C(C=C1C=O)Br)F,FAHZIKXYYRGSHF-UHFFFAOYSA-N,aromatic_carbo,,O=Cc1ccc(F)c(Br)c1,c1ccccc1,train,
305,4-hydroxy-2-methoxybenzaldehyde,COC1=C(C=CC(=C1)O)C=O,WBIZZNFQJPOKDK-UHFFFAOYSA-N,aromatic_carbo,,COc1cc(O)ccc1C=O,c1ccccc1,train,
306,1-benzofuran-5-carbaldehyde,C1=CC2=C(C=CO2)C=C1C=O,LLLBDLDNTMMZHL-UHFFFAOYSA-N,aromatic_carbo,,O=Cc1ccc2occc2c1,c1ccc2occc2c1,train,
307,"3,5-dichloro-2-hydroxybenzaldehyde",C1=C(C=C(C(=C1C=O)O)Cl)Cl,FABVMBDCVAJXMB-UHFFFAOYSA-N,aromatic_carbo,,O=Cc1cc(Cl)cc(Cl)c1O,c1ccccc1,train,
308,2-hydroxy-3-nitrobenzaldehyde,C1=CC(=C(C(=C1)[N+](=O)[O-])O)C=O,NUGOTBXFVWXVTE-UHFFFAOYSA-N,aromatic_carbo,nitro,O=Cc1cccc([N+](=O)[O-])c1O,c1ccccc1,train,
309,(4-formylphenyl)boronic acid,B(C1=CC=C(C=C1)C=O)(O)O,VXWBQOJISHAKKM-UHFFFAOYSA-N,aromatic_carbo,boron,O=Cc1ccc(B(O)O)cc1,c1ccccc1,train,
310,quinoline-4-carbaldehyde,C1=CC=C2C(=C1)C(=CC=N2)C=O,MGCGJBXTNWUHQE-UHFFFAOYSA-N,aromatic_hetero,,O=Cc1ccnc2ccccc12,c1ccc2ncccc2c1,train,
311,"7-methoxy-1,3-benzodioxole-5-carbaldehyde",COC1=CC(=CC2=C1OCO2)C=O,LOFRBHZYZCIOJO-UHFFFAOYSA-N,aromatic_carbo,,COc1cc(C=O)cc2c1OCO2,c1ccc2c(c1)OCO2,train,
312,2-methyl-1H-indole-3-carbaldehyde,CC1=C(C2=CC=CC=C2N1)C=O,CYZIVXOEJNAIBS-UHFFFAOYSA-N,aromatic_hetero,,Cc1[nH]c2ccccc2c1C=O,c1ccc2[nH]ccc2c1,train,
313,"4-hydroxy-3,5-dimethylbenzaldehyde",CC1=CC(=CC(=C1O)C)C=O,UYGBSRJODQHNLQ-UHFFFAOYSA-N,aromatic_carbo,,Cc1cc(C=O)cc(C)c1O,c1ccccc1,train,
314,(2S)-2-amino-4-oxobutanoic acid,C(C=O)[C@@H](C(=O)O)N,HOSWPDPVFBCLSY-VKHMYHEASA-N,aliphatic,,N[C@@H](CC=O)C(=O)O,__no_ring__C(C=O)[C@@H](C(=O)O)N,train,
315,2-(5-hydroxy-1H-indol-3-yl)acetaldehyde,C1=CC2=C(C=C1O)C(=CN2)CC=O,OBFAPCIUSYHFIE-UHFFFAOYSA-N,aliphatic,,O=CCc1c[nH]c2ccc(O)cc12,c1ccc2[nH]ccc2c1,train,
316,"(2S,3S,4R,5R)-5-(6-aminopurin-9-yl)-3,4-dihydroxyoxolane-2-carbaldehyde",C1=NC(=C2C(=N1)N(C=N2)[C@H]3[C@@H]([C@@H]([C@H](O3)C=O)O)O)N,CWNMDMYGRVHXDR-KQYNXXCUSA-N,aliphatic,,Nc1ncnc2c1ncn2[C@@H]1O[C@H](C=O)[C@@H](O)[C@H]1O,c1ncc2ncn([C@H]3CCCO3)c2n1,train,
317,"2,3,8-trihydroxy-6-methyl-4-propan-2-ylnaphthalene-1-carbaldehyde",CC1=CC2=C(C(=C1)O)C(=C(C(=C2C(C)C)O)O)C=O,WWHRTLINNBKCGL-UHFFFAOYSA-N,aromatic_carbo,,Cc1cc(O)c2c(C=O)c(O)c(O)c(C(C)C)c2c1,c1ccc2ccccc2c1,train,
318,9H-carbazole-3-carbaldehyde,C1=CC=C2C(=C1)C3=C(N2)C=CC(=C3)C=O,WRBOHOGDAJPJOQ-UHFFFAOYSA-N,aromatic_carbo,,O=Cc1ccc2[nH]c3ccccc3c2c1,c1ccc2c(c1)[nH]c1ccccc12,train,
319,"(1R,4aS,10aR)-1,4a-dimethyl-7-propan-2-yl-2,3,4,9,10,10a-hexahydrophenanthrene-1-carbaldehyde",CC(C)C1=CC2=C(C=C1)[C@]3(CCC[C@@]([C@@H]3CC2)(C)C=O)C,YCLCHPWRGSDZKL-SLFFLAALSA-N,aliphatic,,CC(C)c1ccc2c(c1)CC[C@H]1[C@](C)(C=O)CCC[C@]21C,c1ccc2c(c1)CC[C@H]1CCCCC21,train,
320,4-methyl-7-prop-1-en-2-ylazulene-1-carbaldehyde,CC1=C2C=CC(=C2C=C(C=C1)C(=C)C)C=O,PUEUPUYRYIOTKZ-UHFFFAOYSA-N,aromatic_carbo,,C=C(C)c1ccc(C)c2ccc(C=O)c-2c1,c1ccc2cccc-2cc1,train,
321,2-(5-ethenyl-5-methyloxolan-2-yl)propanal,CC(C=O)C1CCC(O1)(C)C=C,YPZQHCLBLRWNMJ-UHFFFAOYSA-N,aliphatic,,C=CC1(C)CCC(C(C)C=O)O1,C1CCOC1,train,
322,2-butyl-5-chloro-3-[[4-[2-(2H-tetrazol-5-yl)phenyl]phenyl]methyl]imidazole-4-carbaldehyde,CCCCC1=NC(=C(N1CC2=CC=C(C=C2)C3=CC=CC=C3C4=NNN=N4)C=O)Cl,FQZSMTSTFMNWQF-UHFFFAOYSA-N,aromatic_hetero,,CCCCc1nc(Cl)c(C=O)n1Cc1ccc(-c2ccccc2-c2nn[nH]n2)cc1,c1ccc(-c2nn[nH]n2)c(-c2ccc(Cn3ccnc3)cc2)c1,train,
323,1-methoxy-9H-carbazole-3-carbaldehyde,COC1=CC(=CC2=C1NC3=CC=CC=C32)C=O,FWNZQNAJETXQPP-UHFFFAOYSA-N,aromatic_carbo,,COc1cc(C=O)cc2c1[nH]c1ccccc12,c1ccc2c(c1)[nH]c1ccccc12,train,
324,"2,3-dihydroxy-6-methyl-5,8-dioxo-4-propan-2-ylnaphthalene-1-carbaldehyde",CC1=CC(=O)C2=C(C(=C(C(=C2C1=O)C(C)C)O)O)C=O,CERPPXZGSNEVMI-UHFFFAOYSA-N,aromatic_carbo,,CC1=CC(=O)c2c(C=O)c(O)c(O)c(C(C)C)c2C1=O,O=C1C=CC(=O)c2ccccc21,train,
325,2-hydroxy-1-(3-methylbut-2-enyl)-9H-carbazole-3-carbaldehyde,CC(=CCC1=C(C(=CC2=C1NC3=CC=CC=C32)C=O)O)C,ICYHRFZZQCYWNF-UHFFFAOYSA-N,aromatic_carbo,,CC(C)=CCc1c(O)c(C=O)cc2c1[nH]c1ccccc12,c1ccc2c(c1)[nH]c1ccccc12,train,
326,"(3S)-3-[[(2S)-1-[(2S)-2-[(4-amino-3-chlorobenzoyl)amino]-3,3-dimethylbutanoyl]pyrrolidine-2-carbonyl]amino]-4-oxobutanoic acid",CC(C)(C)[C@@H](C(=O)N1CCC[C@H]1C(=O)N[C@@H](CC(=O)O)C=O)NC(=O)C2=CC(=C(C=C2)N)Cl,SOZONDBMOYWSRW-QANKJYHBSA-N,aliphatic,,CC(C)(C)[C@H](NC(=O)c1ccc(N)c(Cl)c1)C(=O)N1CCC[C@H]1C(=O)N[C@H](C=O)CC(=O)O,O=C(NCC(=O)N1CCCC1)c1ccccc1,train,
327,N-[(2S)-3-cyclohexyl-1-oxo-1-[[(2S)-1-oxo-3-[(3S)-2-oxopyrrolidin-3-yl]propan-2-yl]amino]propan-2-yl]-1H-indole-2-carboxamide,C1CCC(CC1)C[C@@H](C(=O)N[C@@H](C[C@@H]2CCNC2=O)C=O)NC(=O)C3=CC4=CC=CC=C4N3,HPKJGHVHQWJOOT-ZJOUEHCJSA-N,aliphatic,,O=C[C@H](C[C@@H]1CCNC1=O)NC(=O)[C@H](CC1CCCCC1)NC(=O)c1cc2ccccc2[nH]1,O=C(N[C@@H](CC1CCCCC1)C(=O)NCC[C@@H]1CCNC1=O)c1cc2ccccc2[nH]1,validation,
328,2-[4-[3-(propan-2-ylamino)-2-pyridinyl]piperazine-1-carbonyl]-1H-indole-6-carbaldehyde,CC(C)NC1=C(N=CC=C1)N2CCN(CC2)C(=O)C3=CC4=C(N3)C=C(C=C4)C=O,UZTKGCXQSQAXHT-UHFFFAOYSA-N,aromatic_carbo,,CC(C)Nc1cccnc1N1CCN(C(=O)c2cc3ccc(C=O)cc3[nH]2)CC1,O=C(c1cc2ccccc2[nH]1)N1CCN(c2ccccn2)CC1,validation,
329,"diethyl 5-formyl-3-methyl-1H-pyrrole-2,4-dicarboxylate",CCOC(=O)C1=C(NC(=C1C)C(=O)OCC)C=O,WPKKEQCPXUTCDZ-UHFFFAOYSA-N,aromatic_hetero,,CCOC(=O)c1[nH]c(C=O)c(C(=O)OCC)c1C,c1cc[nH]c1,train,
330,"5,13,17-trihydroxy-7,12-dimethyl-9,15-dioxo-2,10,16-trioxatetracyclo[9.7.0.03,8.014,18]octadeca-1(11),3(8),4,6,12,14(18)-hexaene-4-carbaldehyde",CC1=CC(=C(C2=C1C(=O)OC3=C(O2)C4=C(C(=C3C)O)C(=O)OC4O)C=O)O,IEVVSJFLBYOUCJ-UHFFFAOYSA-N,aromatic_carbo,,Cc1cc(O)c(C=O)c2c1C(=O)Oc1c(C)c(O)c3c(c1O2)C(O)OC3=O,O=C1Oc2ccc3c(c2Oc2ccccc21)COC3=O,train,
331,5-(5-thiophen-2-ylthiophen-2-yl)thiophene-2-carbaldehyde,C1=CSC(=C1)C2=CC=C(S2)C3=CC=C(S3)C=O,PMPDDPJYARBNGV-UHFFFAOYSA-N,aromatic_hetero,,O=Cc1ccc(-c2ccc(-c3cccs3)s2)s1,c1csc(-c2ccc(-c3cccs3)s2)c1,train,
332,"methyl 3-formyl-2,4-dihydroxy-6-methylbenzoate",CC1=CC(=C(C(=C1C(=O)OC)O)C=O)O,PXFMUVDLJWXOQM-UHFFFAOYSA-N,aromatic_carbo,,COC(=O)c1c(C)cc(O)c(C=O)c1O,c1ccccc1,train,
333,"3-chloro-2,6-dihydroxy-4-methylbenzaldehyde",CC1=CC(=C(C(=C1Cl)O)C=O)O,IOTAGSGSURFFDS-UHFFFAOYSA-N,aromatic_carbo,,Cc1cc(O)c(C=O)c(O)c1Cl,c1ccccc1,train,
334,(2S)-2-methylbutanal,CC[C@H](C)C=O,BYGQBDHUGHBGMD-YFKPBYRVSA-N,aliphatic,,CC[C@H](C)C=O,__no_ring__CC[C@H](C)C=O,validation,
335,N-[(4-chlorophenyl)methyl]-4-[(2S)-2-formylpyrrolidin-1-yl]-4-oxobutanamide,C1C[C@H](N(C1)C(=O)CCC(=O)NCC2=CC=C(C=C2)Cl)C=O,KGDFDVHLEYUZLN-AWEZNQCLSA-N,aliphatic,,O=C[C@@H]1CCCN1C(=O)CCC(=O)NCc1ccc(Cl)cc1,O=C(CCC(=O)N1CCCC1)NCc1ccccc1,train,
336,"(2R,4aS,6aR,6aS,14aS,14bR)-9-formyl-10,11-dihydroxy-2,4a,6a,6a,14a-pentamethyl-8-oxo-1,3,4,5,6,13,14,14b-octahydropicene-2-carboxylic acid",C[C@]12CC[C@@](C[C@H]1[C@@]3(CC[C@]4(C5=CC(=C(C(=C5C(=O)C=C4[C@]3(CC2)C)C=O)O)O)C)C)(C)C(=O)O,ZDZSFWLPCFRASW-CPISFEQASA-N,aromatic_carbo,,C[C@@]1(C(=O)O)CC[C@]2(C)CC[C@]3(C)C4=CC(=O)c5c(cc(O)c(O)c5C=O)[C@]4(C)CC[C@@]3(C)[C@@H]2C1,O=C1C=C2C(CCC3C2CCC2CCCC[C@H]23)c2ccccc21,test,
337,(Z)-dec-5-enal,CCCC/C=C\CCCC=O,FJVGFBFLXXDIAP-WAYWQWQTSA-N,aliphatic,,CCCC/C=C\CCCC=O,__no_ring__CCCC/C=C\CCCC=O,train,
338,oct-6-enal,CC=CCCCCC=O,KVNBGNGISDIZRP-UHFFFAOYSA-N,aliphatic,,CC=CCCCCC=O,__no_ring__CC=CCCCCC=O,train,
339,"2-ethenyl-2,5-dimethylhex-4-enal",CC(=CCC(C)(C=C)C=O)C,FGBSITKWTRVADL-UHFFFAOYSA-N,aliphatic,,C=CC(C)(C=O)CC=C(C)C,__no_ring__CC(=CCC(C)(C=C)C=O)C,validation,
340,"1,2-dimethylcyclohex-3-ene-1-carbaldehyde",CC1C=CCCC1(C)C=O,CYGGTUUCLIFNIU-UHFFFAOYSA-N,aliphatic,,CC1C=CCCC1(C)C=O,C1=CCCCC1,train,
341,6-methyloctanal,CCC(C)CCCCC=O,ANZKSSJWPUCGOP-UHFFFAOYSA-N,aliphatic,,CCC(C)CCCCC=O,__no_ring__CCC(C)CCCCC=O,test,
342,5-hydroxy-2-nitrobenzaldehyde,C1=CC(=C(C=C1O)C=O)[N+](=O)[O-],XLYPHUGUKGMURE-UHFFFAOYSA-N,aromatic_carbo,nitro,O=Cc1cc(O)ccc1[N+](=O)[O-],c1ccccc1,train,
343,"6-nitro-1,3-benzodioxole-5-carbaldehyde",C1OC2=C(O1)C=C(C(=C2)C=O)[N+](=O)[O-],NRZWECORTTWSEF-UHFFFAOYSA-N,aromatic_carbo,nitro,O=Cc1cc2c(cc1[N+](=O)[O-])OCO2,c1ccc2c(c1)OCO2,train,
344,"2,2-diphenylacetaldehyde",C1=CC=C(C=C1)C(C=O)C2=CC=CC=C2,HLLGFGBLKOIZOM-UHFFFAOYSA-N,aliphatic,,O=CC(c1ccccc1)c1ccccc1,c1ccc(Cc2ccccc2)cc1,train,
345,3-ethoxypropanal,CCOCCC=O,RKSGQXSDRYHVTM-UHFFFAOYSA-N,aliphatic,,CCOCCC=O,__no_ring__CCOCCC=O,test,
346,4-fluoro-2-nitrobenzaldehyde,C1=CC(=C(C=C1F)[N+](=O)[O-])C=O,ORCGMGUNVGVHDN-UHFFFAOYSA-N,aromatic_carbo,nitro,O=Cc1ccc(F)cc1[N+](=O)[O-],c1ccccc1,train,
347,5-bromo-2-nitrobenzaldehyde,C1=CC(=C(C=C1Br)C=O)[N+](=O)[O-],UFRVBZVJVRHSNR-UHFFFAOYSA-N,aromatic_carbo,nitro,O=Cc1cc(Br)ccc1[N+](=O)[O-],c1ccccc1,train,
348,3-ethoxy-2-hydroxybenzaldehyde,CCOC1=CC=CC(=C1O)C=O,OFQBYHLLIJGMNP-UHFFFAOYSA-N,aromatic_carbo,,CCOc1cccc(C=O)c1O,c1ccccc1,train,
349,"1-azatricyclo[7.3.1.05,13]trideca-5,7,9(13)-triene-7-carbaldehyde",C1CC2=CC(=CC3=C2N(C1)CCC3)C=O,XIIVBURSIWWDEO-UHFFFAOYSA-N,aromatic_carbo,,O=Cc1cc2c3c(c1)CCCN3CCC2,c1cc2c3c(c1)CCCN3CCC2,train,
350,2-phenylbenzaldehyde,C1=CC=C(C=C1)C2=CC=CC=C2C=O,LCRCBXLHWTVPEQ-UHFFFAOYSA-N,aromatic_carbo,,O=Cc1ccccc1-c1ccccc1,c1ccc(-c2ccccc2)cc1,train,
351,3-hydroxybutanal,CC(CC=O)O,HSJKGGMUJITCBW-UHFFFAOYSA-N,aliphatic,,CC(O)CC=O,__no_ring__CC(CC=O)O,validation,
352,"3,4-dihydro-2H-pyran-2-carbaldehyde",C1CC(OC=C1)C=O,NPWYTMFWRRIFLK-UHFFFAOYSA-N,aliphatic,,O=CC1CCC=CO1,C1=COCCC1,train,
353,3-(4-methoxyphenyl)-2-methylpropanal,CC(CC1=CC=C(C=C1)OC)C=O,VLFBSPUPYFTTNF-UHFFFAOYSA-N,aliphatic,,COc1ccc(CC(C)C=O)cc1,c1ccccc1,train,
354,4-ethoxy-3-hydroxybenzaldehyde,CCOC1=C(C=C(C=C1)C=O)O,BCLVKHGKEGFPJV-UHFFFAOYSA-N,aromatic_carbo,,CCOc1ccc(C=O)cc1O,c1ccccc1,train,
355,4-propoxybenzaldehyde,CCCOC1=CC=C(C=C1)C=O,FGXZWMCBNMMYPL-UHFFFAOYSA-N,aromatic_carbo,,CCCOc1ccc(C=O)cc1,c1ccccc1,train,
356,"3-(4-ethylphenyl)-2,2-dimethylpropanal",CCC1=CC=C(C=C1)CC(C)(C)C=O,JFTSYAALCNQOKO-UHFFFAOYSA-N,aliphatic,,CCc1ccc(CC(C)(C)C=O)cc1,c1ccccc1,train,
357,"8-methoxytricyclo[5.2.1.02,6]decane-4-carbaldehyde",COC1CC2CC1C3C2CC(C3)C=O,UOGMZEGKCNHMBF-UHFFFAOYSA-N,aliphatic,,COC1CC2CC1C1CC(C=O)CC21,C1CC2C3CCC(C3)C2C1,test,
358,2-[(E)-hex-3-enoxy]acetaldehyde,CC/C=C/CCOCC=O,WNAJHTHKGZCCGS-ONEGZZNKSA-N,aliphatic,,CC/C=C/CCOCC=O,__no_ring__CC/C=C/CCOCC=O,train,
359,1-ethenylcyclohex-3-ene-1-carbaldehyde,C=CC1(CCC=CC1)C=O,HCJAFBYGZGXACK-UHFFFAOYSA-N,aliphatic,,C=CC1(C=O)CC=CCC1,C1=CCCCC1,train,
360,4-hydroxyhexanal,CCC(CCC=O)O,HAPLZPWSLJPZBM-UHFFFAOYSA-N,aliphatic,,CCC(O)CCC=O,__no_ring__CCC(CCC=O)O,test,
361,"2,3,4-trihydroxy-6-(hydroxymethyl)benzaldehyde",C1=C(C(=C(C(=C1O)O)O)C=O)CO,MGMUFSXXHCQPGA-UHFFFAOYSA-N,aromatic_carbo,,O=Cc1c(CO)cc(O)c(O)c1O,c1ccccc1,train,
362,"(2R,3S,4R,5R)-2-fluoro-3,4,5,6-tetrahydroxyhexanal",C([C@H]([C@H]([C@@H]([C@H](C=O)F)O)O)O)O,AOYNUTHNTBLRMT-SLPGGIOYSA-N,aliphatic,,O=C[C@H](F)[C@@H](O)[C@H](O)[C@H](O)CO,__no_ring__C([C@H]([C@H]([C@@H]([C@H](C=O)F)O)O)O)O,test,
363,3-formyl-2-hydroxybenzoic acid,C1=CC(=C(C(=C1)C(=O)O)O)C=O,YOEUNKPREOJHBW-UHFFFAOYSA-N,aromatic_carbo,,O=Cc1cccc(C(=O)O)c1O,c1ccccc1,train,
364,"2,4-dioxo-1H-pyrimidine-5-carbaldehyde",C1=C(C(=O)NC(=O)N1)C=O,OHAMXGZMZZWRCA-UHFFFAOYSA-N,aromatic_hetero,,O=Cc1c[nH]c(=O)[nH]c1=O,O=c1cc[nH]c(=O)[nH]1,train,
365,(2-hydroxy-3-oxopropyl) dihydrogen phosphate,C(C(C=O)O)OP(=O)(O)O,LXJXRIRHZLFYRP-UHFFFAOYSA-N,aliphatic,phosphorus,O=CC(O)COP(=O)(O)O,__no_ring__C(C(C=O)O)OP(=O)(O)O,train,
366,4-hydroxy-3-methylbenzaldehyde,CC1=C(C=CC(=C1)C=O)O,BAKYASSDAXQKKY-UHFFFAOYSA-N,aromatic_carbo,,Cc1cc(C=O)ccc1O,c1ccccc1,train,
367,"(2S,3R,4S)-2,3,4,5-tetrahydroxypentanal",C([C@@H]([C@H]([C@@H](C=O)O)O)O)O,PYMYPHUHKUWMLA-WISUUJSJSA-N,aliphatic,,O=C[C@@H](O)[C@H](O)[C@@H](O)CO,__no_ring__C([C@@H]([C@H]([C@@H](C=O)O)O)O)O,train,
368,6-oxo-1H-pyridine-3-carbaldehyde,C1=CC(=O)NC=C1C=O,BUMAFTGGYPBHHK-UHFFFAOYSA-N,aromatic_hetero,,O=Cc1ccc(=O)[nH]c1,O=c1cccc[nH]1,train,
369,4-methylsulfanylbutanal,CSCCCC=O,RZBUXNXJKZHGLL-UHFFFAOYSA-N,aliphatic,,CSCCCC=O,__no_ring__CSCCCC=O,validation,
370,(E)-oct-5-enal,CC/C=C/CCCC=O,ZUSUVEKHEZURSD-ONEGZZNKSA-N,aliphatic,,CC/C=C/CCCC=O,__no_ring__CC/C=C/CCCC=O,test,
371,(Z)-hex-4-enal,C/C=C\CCC=O,DPCMFIRORYQTCL-IHWYPQMZSA-N,aliphatic,,C/C=C\CCC=O,__no_ring__C/C=C\CCC=O,test,
372,3-chloro-4-hydroxy-5-methoxybenzaldehyde,COC1=C(C(=CC(=C1)C=O)Cl)O,ONIVKFDMLVBDRK-UHFFFAOYSA-N,aromatic_carbo,,COc1cc(C=O)cc(Cl)c1O,c1ccccc1,train,
373,3-hydroxynaphthalene-2-carbaldehyde,C1=CC=C2C=C(C(=CC2=C1)C=O)O,QCUNDLUTTXSPFM-UHFFFAOYSA-N,aromatic_carbo,,O=Cc1cc2ccccc2cc1O,c1ccc2ccccc2c1,train,
374,4-(trifluoromethyl)benzaldehyde,C1=CC(=CC=C1C=O)C(F)(F)F,BEOBZEOPTQQELP-UHFFFAOYSA-N,aromatic_carbo,,O=Cc1ccc(C(F)(F)F)cc1,c1ccccc1,train,
375,6-hydroxy-1H-indole-3-carbaldehyde,C1=CC2=C(C=C1O)NC=C2C=O,FAFBOYSDWMRMLQ-UHFFFAOYSA-N,aromatic_hetero,,O=Cc1c[nH]c2cc(O)ccc12,c1ccc2[nH]ccc2c1,train,
376,3-(4-methylcyclohex-3-en-1-yl)butanal,CC1=CCC(CC1)C(C)CC=O,VJYFMQREUJXCQV-UHFFFAOYSA-N,aliphatic,,CC1=CCC(C(C)CC=O)CC1,C1=CCCCC1,train,
377,"2,4,5-trimethylbenzaldehyde",CC1=CC(=C(C=C1C)C=O)C,LROJZZICACKNJL-UHFFFAOYSA-N,aromatic_carbo,,Cc1cc(C)c(C=O)cc1C,c1ccccc1,train,
378,"3,5-dimethylbenzaldehyde",CC1=CC(=CC(=C1)C=O)C,NBEFMISJJNGCIZ-UHFFFAOYSA-N,aromatic_carbo,,Cc1cc(C)cc(C=O)c1,c1ccccc1,train,
379,5-oxopentanoic acid,C(CC=O)CC(=O)O,VBKPPDYGFUZOAJ-UHFFFAOYSA-N,aliphatic,,O=CCCCC(=O)O,__no_ring__C(CC=O)CC(=O)O,train,
380,2-methylpent-4-enal,CC(CC=C)C=O,RCQKLWAPRHHRNN-UHFFFAOYSA-N,aliphatic,,C=CCC(C)C=O,__no_ring__CC(CC=C)C=O,train,
381,"2,4-difluorobenzaldehyde",C1=CC(=C(C=C1F)F)C=O,WCGPCBACLBHDCI-UHFFFAOYSA-N,aromatic_carbo,,O=Cc1ccc(F)cc1F,c1ccccc1,train,
382,1-[(4-chlorophenyl)methyl]indole-3-carbaldehyde,C1=CC=C2C(=C1)C(=CN2CC3=CC=C(C=C3)Cl)C=O,ZDRQMXCSSAPUMM-UHFFFAOYSA-N,aromatic_hetero,,O=Cc1cn(Cc2ccc(Cl)cc2)c2ccccc12,c1ccc(Cn2ccc3ccccc32)cc1,train,
383,5-methoxypyridine-3-carbaldehyde,COC1=CN=CC(=C1)C=O,YOVIXSRXKCZJRN-UHFFFAOYSA-N,aromatic_hetero,,COc1cncc(C=O)c1,c1ccncc1,train,
384,4-methoxypyridine-3-carbaldehyde,COC1=C(C=NC=C1)C=O,QWUFIMUCFQUBOT-UHFFFAOYSA-N,aromatic_hetero,,COc1ccncc1C=O,c1ccncc1,train,
385,5-methylpyridine-3-carbaldehyde,CC1=CC(=CN=C1)C=O,BCSGDXYJDSJMFA-UHFFFAOYSA-N,aromatic_hetero,,Cc1cncc(C=O)c1,c1ccncc1,train,
386,6-fluoropyridine-3-carbaldehyde,C1=CC(=NC=C1C=O)F,PZPNGWWKCSJKOS-UHFFFAOYSA-N,aromatic_hetero,,O=Cc1ccc(F)nc1,c1ccncc1,train,
387,cycloheptanecarbaldehyde,C1CCCC(CC1)C=O,UGBFRCHGZFHSBC-UHFFFAOYSA-N,aliphatic,,O=CC1CCCCCC1,C1CCCCCC1,train,
388,"1,3-benzodioxole-4-carbaldehyde",C1OC2=CC=CC(=C2O1)C=O,QZMQKPGVXNSITP-UHFFFAOYSA-N,aromatic_carbo,,O=Cc1cccc2c1OCO2,c1ccc2c(c1)OCO2,train,
389,1H-indole-2-carbaldehyde,C1=CC=C2C(=C1)C=C(N2)C=O,SBNOTUDDIXOFSN-UHFFFAOYSA-N,aromatic_hetero,,O=Cc1cc2ccccc2[nH]1,c1ccc2[nH]ccc2c1,train,
390,acridine-9-carbaldehyde,C1=CC=C2C(=C1)C(=C3C=CC=CC3=N2)C=O,ISOCABSXIKQOOV-UHFFFAOYSA-N,aromatic_hetero,,O=Cc1c2ccccc2nc2ccccc12,c1ccc2nc3ccccc3cc2c1,train,
391,2-phenylmethoxybenzaldehyde,C1=CC=C(C=C1)COC2=CC=CC=C2C=O,PBEJTRAJWCNHRS-UHFFFAOYSA-N,aromatic_carbo,,O=Cc1ccccc1OCc1ccccc1,c1ccc(COc2ccccc2)cc1,train,
392,8-hydroxyquinoline-2-carbaldehyde,C1=CC2=C(C(=C1)O)N=C(C=C2)C=O,SLBPIHCMXPQAIQ-UHFFFAOYSA-N,aromatic_hetero,,O=Cc1ccc2cccc(O)c2n1,c1ccc2ncccc2c1,train,
393,"2,4,5-trihydroxybenzaldehyde",C1=C(C(=CC(=C1O)O)O)C=O,WNCNWLVQSHZVKV-UHFFFAOYSA-N,aromatic_carbo,,O=Cc1cc(O)c(O)cc1O,c1ccccc1,train,
394,(4-formyl-2-methoxyphenyl) methanesulfonate,COC1=C(C=CC(=C1)C=O)OS(=O)(=O)C,ZNASTXYIFMYILW-UHFFFAOYSA-N,aromatic_carbo,,COc1cc(C=O)ccc1OS(C)(=O)=O,c1ccccc1,train,
395,3-hydroxy-2-methoxybenzaldehyde,COC1=C(C=CC=C1O)C=O,GRIWJVSWLJHHEM-UHFFFAOYSA-N,aromatic_carbo,,COc1c(O)cccc1C=O,c1ccccc1,train,
396,4-hydroxy-3-nitrobenzaldehyde,C1=CC(=C(C=C1C=O)[N+](=O)[O-])O,YTHJCZRFJGXPTL-UHFFFAOYSA-N,aromatic_carbo,nitro,O=Cc1ccc(O)c([N+](=O)[O-])c1,c1ccccc1,train,
397,1H-imidazole-5-carbaldehyde,C1=C(NC=N1)C=O,ZQEXIXXJFSQPNA-UHFFFAOYSA-N,aromatic_hetero,,O=Cc1cnc[nH]1,c1c[nH]cn1,train,
398,2-cyclohexylacetaldehyde,C1CCC(CC1)CC=O,JJMDTERTPNYIGZ-UHFFFAOYSA-N,aliphatic,,O=CCC1CCCCC1,C1CCCCC1,train,
399,4-butylbenzaldehyde,CCCCC1=CC=C(C=C1)C=O,ARIREUPIXAKDAY-UHFFFAOYSA-N,aromatic_carbo,,CCCCc1ccc(C=O)cc1,c1ccccc1,train,
400,(Z)-oct-5-enal,CC/C=C\CCCC=O,ZUSUVEKHEZURSD-ARJAWSKDSA-N,aliphatic,,CC/C=C\CCCC=O,__no_ring__CC/C=C\CCCC=O,validation,
401,"(2R,3S)-3-pentyloxirane-2-carbaldehyde",CCCCC[C@H]1[C@@H](O1)C=O,YWFUECKBUFORTA-YUMQZZPRSA-N,aliphatic,,CCCCC[C@@H]1O[C@H]1C=O,C1CO1,train,
402,"2,2-dimethylhexanal",CCCCC(C)(C)C=O,PGEITMLMCONAGQ-UHFFFAOYSA-N,aliphatic,,CCCCC(C)(C)C=O,__no_ring__CCCCC(C)(C)C=O,test,
403,8-hydroxyquinoline-5-carbaldehyde,C1=CC2=C(C=CC(=C2N=C1)O)C=O,LIADJWREMDHKHQ-UHFFFAOYSA-N,aromatic_carbo,,O=Cc1ccc(O)c2ncccc12,c1ccc2ncccc2c1,train,
404,"thieno[2,3-b]pyridine-2-carbaldehyde",C1=CC2=C(N=C1)SC(=C2)C=O,HGZQKYOLRLVMHZ-UHFFFAOYSA-N,aromatic_hetero,,O=Cc1cc2cccnc2s1,c1cnc2sccc2c1,train,
405,1-benzothiophene-2-carbaldehyde,C1=CC=C2C(=C1)C=C(S2)C=O,NXSVNPSWARVMAY-UHFFFAOYSA-N,aromatic_hetero,,O=Cc1cc2ccccc2s1,c1ccc2sccc2c1,train,
406,1-[(4-methylphenyl)methyl]indole-3-carbaldehyde,CC1=CC=C(C=C1)CN2C=C(C3=CC=CC=C32)C=O,RDJOPYUWTRUVCS-UHFFFAOYSA-N,aromatic_hetero,,Cc1ccc(Cn2cc(C=O)c3ccccc32)cc1,c1ccc(Cn2ccc3ccccc32)cc1,train,
407,2-(3-formyl-2-methylindol-1-yl)acetic acid,CC1=C(C2=CC=CC=C2N1CC(=O)O)C=O,SPDRKMLFDFIREG-UHFFFAOYSA-N,aromatic_hetero,,Cc1c(C=O)c2ccccc2n1CC(=O)O,c1ccc2[nH]ccc2c1,train,
408,3-(5-methylfuran-2-yl)-1-phenylpyrazole-4-carbaldehyde,CC1=CC=C(O1)C2=NN(C=C2C=O)C3=CC=CC=C3,SSPIACVNXSPAPC-UHFFFAOYSA-N,aromatic_hetero,,Cc1ccc(-c2nn(-c3ccccc3)cc2C=O)o1,c1ccc(-n2ccc(-c3ccco3)n2)cc1,train,
409,1-phenyl-3-pyridin-3-ylpyrazole-4-carbaldehyde,C1=CC=C(C=C1)N2C=C(C(=N2)C3=CN=CC=C3)C=O,FDZVXJJNBAJELS-UHFFFAOYSA-N,aromatic_hetero,,O=Cc1cn(-c2ccccc2)nc1-c1cccnc1,c1ccc(-n2ccc(-c3cccnc3)n2)cc1,train,
410,1-phenyl-3-pyridin-4-ylpyrazole-4-carbaldehyde,C1=CC=C(C=C1)N2C=C(C(=N2)C3=CC=NC=C3)C=O,RPXJROJLJRFFOF-UHFFFAOYSA-N,aromatic_hetero,,O=Cc1cn(-c2ccccc2)nc1-c1ccncc1,c1ccc(-n2ccc(-c3ccncc3)n2)cc1,train,
411,2-pyrazol-1-ylbenzaldehyde,C1=CC=C(C(=C1)C=O)N2C=CC=N2,KIGZYDJKBTYFBZ-UHFFFAOYSA-N,aromatic_carbo,,O=Cc1ccccc1-n1cccn1,c1ccc(-n2cccn2)cc1,train,
412,"4-chloro-2-(2-methoxyanilino)-1,3-thiazole-5-carbaldehyde",COC1=CC=CC=C1NC2=NC(=C(S2)C=O)Cl,WDVNWTFTIIZYPV-UHFFFAOYSA-N,aromatic_hetero,,COc1ccccc1Nc1nc(Cl)c(C=O)s1,c1ccc(Nc2nccs2)cc1,train,
413,4-(4-fluorobenzoyl)-1-methylpyrrole-2-carbaldehyde,CN1C=C(C=C1C=O)C(=O)C2=CC=C(C=C2)F,GNMRXQTZWYXHMO-UHFFFAOYSA-N,aromatic_hetero,,Cn1cc(C(=O)c2ccc(F)cc2)cc1C=O,O=C(c1ccccc1)c1cc[nH]c1,train,
414,4-pyrazol-1-ylbenzaldehyde,C1=CN(N=C1)C2=CC=C(C=C2)C=O,PPGRDLZPSDHBIC-UHFFFAOYSA-N,aromatic_carbo,,O=Cc1ccc(-n2cccn2)cc1,c1ccc(-n2cccn2)cc1,train,
415,2-fluoro-6-pyrrolidin-1-ylbenzaldehyde,C1CCN(C1)C2=C(C(=CC=C2)F)C=O,GCJAQWVHRQAPGF-UHFFFAOYSA-N,aromatic_carbo,,O=Cc1c(F)cccc1N1CCCC1,c1ccc(N2CCCC2)cc1,train,
416,"1-(1,1-dioxothiolan-3-yl)-3,5-dimethylpyrazole-4-carbaldehyde",CC1=C(C(=NN1C2CCS(=O)(=O)C2)C)C=O,DSQPOUMYQKHAFR-UHFFFAOYSA-N,aromatic_hetero,,Cc1nn(C2CCS(=O)(=O)C2)c(C)c1C=O,O=S1(=O)CCC(n2cccn2)C1,validation,
417,4-phenylmethoxy-1H-indole-3-carbaldehyde,C1=CC=C(C=C1)COC2=CC=CC3=C2C(=CN3)C=O,WURDDLFAUSUSLT-UHFFFAOYSA-N,aromatic_hetero,,O=Cc1c[nH]c2cccc(OCc3ccccc3)c12,c1ccc(COc2cccc3[nH]ccc23)cc1,train,
418,"1,5-dimethyl-3-oxo-2-phenylpyrazole-4-carbaldehyde",CC1=C(C(=O)N(N1C)C2=CC=CC=C2)C=O,QFYZFYDOEJZMDX-UHFFFAOYSA-N,aromatic_hetero,,Cc1c(C=O)c(=O)n(-c2ccccc2)n1C,O=c1cc[nH]n1-c1ccccc1,train,
419,"2-hydroxy-3,5-diiodobenzaldehyde",C1=C(C=C(C(=C1C=O)O)I)I,MYWSBJKVOUZCIA-UHFFFAOYSA-N,aromatic_carbo,,O=Cc1cc(I)cc(I)c1O,c1ccccc1,train,
420,5-methoxy-1H-indole-3-carbaldehyde,COC1=CC2=C(C=C1)NC=C2C=O,TUWARWGEOHQXCO-UHFFFAOYSA-N,aromatic_hetero,,COc1ccc2[nH]cc(C=O)c2c1,c1ccc2[nH]ccc2c1,train,
421,4-formyl-N-propan-2-ylbenzamide,CC(C)NC(=O)C1=CC=C(C=C1)C=O,OMFHZDXZIJJKFP-UHFFFAOYSA-N,aromatic_carbo,,CC(C)NC(=O)c1ccc(C=O)cc1,c1ccccc1,train,
422,4-iodobenzaldehyde,C1=CC(=CC=C1C=O)I,NIEBHDXUIJSHSL-UHFFFAOYSA-N,aromatic_carbo,,O=Cc1ccc(I)cc1,c1ccccc1,train,
423,4-pyrrolidin-1-ylbenzaldehyde,C1CCN(C1)C2=CC=C(C=C2)C=O,DATXHLPRESKQJK-UHFFFAOYSA-N,aromatic_carbo,,O=Cc1ccc(N2CCCC2)cc1,c1ccc(N2CCCC2)cc1,train,
424,1-benzothiophene-5-carbaldehyde,C1=CC2=C(C=CS2)C=C1C=O,QHHRWAPVYHRAJA-UHFFFAOYSA-N,aromatic_carbo,,O=Cc1ccc2sccc2c1,c1ccc2sccc2c1,train,
425,1-benzothiophene-3-carbaldehyde,C1=CC=C2C(=C1)C(=CS2)C=O,WDJLPQCBTBZTRH-UHFFFAOYSA-N,aromatic_hetero,,O=Cc1csc2ccccc12,c1ccc2sccc2c1,train,
426,4-propan-2-yloxybenzaldehyde,CC(C)OC1=CC=C(C=C1)C=O,WDANSDASCKBVKH-UHFFFAOYSA-N,aromatic_carbo,,CC(C)Oc1ccc(C=O)cc1,c1ccccc1,train,
427,7-methyl-1H-indole-3-carbaldehyde,CC1=C2C(=CC=C1)C(=CN2)C=O,KTUFZHVVJBHGKZ-UHFFFAOYSA-N,aromatic_hetero,,Cc1cccc2c(C=O)c[nH]c12,c1ccc2[nH]ccc2c1,train,
428,1-benzylindole-3-carbaldehyde,C1=CC=C(C=C1)CN2C=C(C3=CC=CC=C32)C=O,OXCITQLDOUGVRZ-UHFFFAOYSA-N,aromatic_hetero,,O=Cc1cn(Cc2ccccc2)c2ccccc12,c1ccc(Cn2ccc3ccccc32)cc1,train,
429,6-bromo-2-hydroxy-3-methoxybenzaldehyde,COC1=C(C(=C(C=C1)Br)C=O)O,JUPJZUTYDWXZAQ-UHFFFAOYSA-N,aromatic_carbo,,COc1ccc(Br)c(C=O)c1O,c1ccccc1,train,
430,1H-indole-5-carbaldehyde,C1=CC2=C(C=CN2)C=C1C=O,ADZUEEUKBYCSEY-UHFFFAOYSA-N,aromatic_carbo,,O=Cc1ccc2[nH]ccc2c1,c1ccc2[nH]ccc2c1,train,
431,3-nitro-4-pyrrolidin-1-ylbenzaldehyde,C1CCN(C1)C2=C(C=C(C=C2)C=O)[N+](=O)[O-],AONHBESCCBXPAD-UHFFFAOYSA-N,aromatic_carbo,nitro,O=Cc1ccc(N2CCCC2)c([N+](=O)[O-])c1,c1ccc(N2CCCC2)cc1,train,
432,"6-methoxy-1,3-benzodioxole-5-carbaldehyde",COC1=CC2=C(C=C1C=O)OCO2,NCIYDDIPUGCVKX-UHFFFAOYSA-N,aromatic_carbo,,COc1cc2c(cc1C=O)OCO2,c1ccc2c(c1)OCO2,train,
433,ethyl 4-(5-formylfuran-2-yl)benzoate,CCOC(=O)C1=CC=C(C=C1)C2=CC=C(O2)C=O,UWLKFGFYBKJASW-UHFFFAOYSA-N,aromatic_hetero,,CCOC(=O)c1ccc(-c2ccc(C=O)o2)cc1,c1ccc(-c2ccco2)cc1,train,
434,2-phenyl-1H-indole-3-carbaldehyde,C1=CC=C(C=C1)C2=C(C3=CC=CC=C3N2)C=O,IFIFXODAHZPTEY-UHFFFAOYSA-N,aromatic_hetero,,O=Cc1c(-c2ccccc2)[nH]c2ccccc12,c1ccc(-c2cc3ccccc3[nH]2)cc1,train,
435,1-[(3-fluorophenyl)methyl]indole-3-carbaldehyde,C1=CC=C2C(=C1)C(=CN2CC3=CC(=CC=C3)F)C=O,LOQNMLHIQHBGJV-UHFFFAOYSA-N,aromatic_hetero,,O=Cc1cn(Cc2cccc(F)c2)c2ccccc12,c1ccc(Cn2ccc3ccccc32)cc1,train,
436,6-bromo-2-hydroxynaphthalene-1-carbaldehyde,C1=CC2=C(C=CC(=C2C=O)O)C=C1Br,GSZLSWQEDNSDKG-UHFFFAOYSA-N,aromatic_carbo,,O=Cc1c(O)ccc2cc(Br)ccc12,c1ccc2ccccc2c1,train,
437,2-amino-4-oxochromene-3-carbaldehyde,C1=CC=C2C(=C1)C(=O)C(=C(O2)N)C=O,TVGIYZVZBKAJRR-UHFFFAOYSA-N,aromatic_hetero,,Nc1oc2ccccc2c(=O)c1C=O,O=c1ccoc2ccccc12,train,
438,4-(4-methylpiperazin-1-yl)benzaldehyde,CN1CCN(CC1)C2=CC=C(C=C2)C=O,PFODEVGLOVUVHS-UHFFFAOYSA-N,aromatic_carbo,,CN1CCN(c2ccc(C=O)cc2)CC1,c1ccc(N2CCNCC2)cc1,train,
439,"3-phenyl-2,1-benzoxazole-5-carbaldehyde",C1=CC=C(C=C1)C2=C3C=C(C=CC3=NO2)C=O,HBKIUYNVKNTXMD-UHFFFAOYSA-N,aromatic_carbo,,O=Cc1ccc2noc(-c3ccccc3)c2c1,c1ccc(-c2onc3ccccc23)cc1,train,
440,5-(4-fluorophenyl)furan-2-carbaldehyde,C1=CC(=CC=C1C2=CC=C(O2)C=O)F,CKQKBILGSICMPT-UHFFFAOYSA-N,aromatic_hetero,,O=Cc1ccc(-c2ccc(F)cc2)o1,c1ccc(-c2ccco2)cc1,train,
441,1-phenyltriazole-4-carbaldehyde,C1=CC=C(C=C1)N2C=C(N=N2)C=O,AQBWYVZHTYJMES-UHFFFAOYSA-N,aromatic_hetero,,O=Cc1cn(-c2ccccc2)nn1,c1ccc(-n2ccnn2)cc1,train,
442,2-amino-6-fluoro-4-oxochromene-3-carbaldehyde,C1=CC2=C(C=C1F)C(=O)C(=C(O2)N)C=O,XXNARJSQOPJACL-UHFFFAOYSA-N,aromatic_hetero,,Nc1oc2ccc(F)cc2c(=O)c1C=O,O=c1ccoc2ccccc12,train,
443,(3-formylthiophen-2-yl)boronic acid,B(C1=C(C=CS1)C=O)(O)O,HYXMHAHVUFTVFZ-UHFFFAOYSA-N,aromatic_hetero,boron,O=Cc1ccsc1B(O)O,c1ccsc1,train,
444,"1-methyl-3,4-dihydro-2H-quinoline-6-carbaldehyde",CN1CCCC2=C1C=CC(=C2)C=O,XPXZIZIGEKZVMQ-UHFFFAOYSA-N,aromatic_carbo,,CN1CCCc2cc(C=O)ccc21,c1ccc2c(c1)CCCN2,train,
445,5-chloro-2-hydroxy-3-methoxybenzaldehyde,COC1=CC(=CC(=C1O)C=O)Cl,PQKYPMGTDHNSRL-UHFFFAOYSA-N,aromatic_carbo,,COc1cc(Cl)cc(C=O)c1O,c1ccccc1,train,
446,"1H-pyrrolo[2,3-b]pyridine-3-carbaldehyde",C1=CC2=C(NC=C2C=O)N=C1,KAIWRKYDYWYFIT-UHFFFAOYSA-N,aromatic_hetero,,O=Cc1c[nH]c2ncccc12,c1cnc2[nH]ccc2c1,train,
447,tert-butyl N-[(2S)-1-oxo-3-phenylpropan-2-yl]carbamate,CC(C)(C)OC(=O)N[C@@H](CC1=CC=CC=C1)C=O,ZJTYRNPLVNMVPQ-LBPRGKRZSA-N,aliphatic,,CC(C)(C)OC(=O)N[C@H](C=O)Cc1ccccc1,c1ccccc1,train,
448,tert-butyl N-[(2S)-1-oxopropan-2-yl]carbamate,C[C@@H](C=O)NC(=O)OC(C)(C)C,OEQRZPWMXXJEKU-LURJTMIESA-N,aliphatic,,C[C@@H](C=O)NC(=O)OC(C)(C)C,__no_ring__C[C@@H](C=O)NC(=O)OC(C)(C)C,train,
449,5-bromo-1-benzothiophene-3-carbaldehyde,C1=CC2=C(C=C1Br)C(=CS2)C=O,LQLMHAYNFMAEHI-UHFFFAOYSA-N,aromatic_hetero,,O=Cc1csc2ccc(Br)cc12,c1ccc2sccc2c1,train,
450,1-methylindole-5-carbaldehyde,CN1C=CC2=C1C=CC(=C2)C=O,XIVDZBIBWGQOTI-UHFFFAOYSA-N,aromatic_carbo,,Cn1ccc2cc(C=O)ccc21,c1ccc2[nH]ccc2c1,train,
451,4-(dimethylamino)-2-hydroxybenzaldehyde,CN(C)C1=CC(=C(C=C1)C=O)O,KURCTZNCAHYQOV-UHFFFAOYSA-N,aromatic_carbo,,CN(C)c1ccc(C=O)c(O)c1,c1ccccc1,train,
452,"thieno[2,3-c]pyridine-2-carbaldehyde",C1=CN=CC2=C1C=C(S2)C=O,WVSKUUMKOLSXHM-UHFFFAOYSA-N,aromatic_hetero,,O=Cc1cc2ccncc2s1,c1cc2ccsc2cn1,test,
453,5-phenylmethoxy-1H-indole-3-carbaldehyde,C1=CC=C(C=C1)COC2=CC3=C(C=C2)NC=C3C=O,DJGNUBADRQIDNQ-UHFFFAOYSA-N,aromatic_hetero,,O=Cc1c[nH]c2ccc(OCc3ccccc3)cc12,c1ccc(COc2ccc3[nH]ccc3c2)cc1,train,
454,2-chloro-4-hydroxy-5-methoxybenzaldehyde,COC1=C(C=C(C(=C1)C=O)Cl)O,ZOKLABLCKDZYOP-UHFFFAOYSA-N,aromatic_carbo,,COc1cc(C=O)c(Cl)cc1O,c1ccccc1,train,
455,"2,6-dinitrobenzaldehyde",C1=CC(=C(C(=C1)[N+](=O)[O-])C=O)[N+](=O)[O-],WHFZQNNDIJKLIO-UHFFFAOYSA-N,aromatic_carbo,nitro,O=Cc1c([N+](=O)[O-])cccc1[N+](=O)[O-],c1ccccc1,train,
456,"2,3,4,5,6-pentafluorobenzaldehyde",C(=O)C1=C(C(=C(C(=C1F)F)F)F)F,QJXCFMJTJYCLFG-UHFFFAOYSA-N,aromatic_carbo,,O=Cc1c(F)c(F)c(F)c(F)c1F,c1ccccc1,train,
457,"2-hydroxy-4,6-dimethoxybenzaldehyde",COC1=CC(=C(C(=C1)OC)C=O)O,FQRQWPNYJOFDLO-UHFFFAOYSA-N,aromatic_carbo,,COc1cc(O)c(C=O)c(OC)c1,c1ccccc1,train,
458,5-nitrothiophene-2-carbaldehyde,C1=C(SC(=C1)[N+](=O)[O-])C=O,CHTSWZNXEKOLPM-UHFFFAOYSA-N,aromatic_hetero,nitro,O=Cc1ccc([N+](=O)[O-])s1,c1ccsc1,train,
459,9-ethylcarbazole-3-carbaldehyde,CCN1C2=C(C=C(C=C2)C=O)C3=CC=CC=C31,QGJXVBICNCIWEL-UHFFFAOYSA-N,aromatic_carbo,,CCn1c2ccccc2c2cc(C=O)ccc21,c1ccc2c(c1)[nH]c1ccccc12,train,
460,pyrene-1-carbaldehyde,C1=CC2=C3C(=C1)C=CC4=C(C=CC(=C43)C=C2)C=O,RCYFOPUXRMOLQM-UHFFFAOYSA-N,aromatic_carbo,,O=Cc1ccc2ccc3cccc4ccc1c2c34,c1cc2ccc3cccc4ccc(c1)c2c34,train,
461,5-phenyl-1H-pyrazole-4-carbaldehyde,C1=CC=C(C=C1)C2=C(C=NN2)C=O,OCCFXKQCKSLEII-UHFFFAOYSA-N,aromatic_hetero,,O=Cc1cn[nH]c1-c1ccccc1,c1ccc(-c2ccn[nH]2)cc1,train,
462,(2-formylphenyl)boronic acid,B(C1=CC=CC=C1C=O)(O)O,DGUWACLYDSWXRZ-UHFFFAOYSA-N,aromatic_carbo,boron,O=Cc1ccccc1B(O)O,c1ccccc1,train,
463,4-hydroxynaphthalene-1-carbaldehyde,C1=CC=C2C(=C1)C(=CC=C2O)C=O,LORPDGZOLAPNHP-UHFFFAOYSA-N,aromatic_carbo,,O=Cc1ccc(O)c2ccccc12,c1ccc2ccccc2c1,train,
464,6-chloro-4-oxochromene-3-carbaldehyde,C1=CC2=C(C=C1Cl)C(=O)C(=CO2)C=O,LIGLNCRTMDRUAO-UHFFFAOYSA-N,aromatic_hetero,,O=Cc1coc2ccc(Cl)cc2c1=O,O=c1ccoc2ccccc12,train,
465,"1,3-diphenylpyrazole-4-carbaldehyde",C1=CC=C(C=C1)C2=NN(C=C2C=O)C3=CC=CC=C3,LZGBMIZREYTWRI-UHFFFAOYSA-N,aromatic_hetero,,O=Cc1cn(-c2ccccc2)nc1-c1ccccc1,c1ccc(-c2ccn(-c3ccccc3)n2)cc1,train,
466,5-bromo-2-hydroxy-3-nitrobenzaldehyde,C1=C(C=C(C(=C1C=O)O)[N+](=O)[O-])Br,YEYPSUQQZNDKDE-UHFFFAOYSA-N,aromatic_carbo,nitro,O=Cc1cc(Br)cc([N+](=O)[O-])c1O,c1ccccc1,train,
467,"3,5-ditert-butyl-2-hydroxybenzaldehyde",CC(C)(C)C1=CC(=C(C(=C1)C(C)(C)C)O)C=O,RRIQVLZDOZPJTH-UHFFFAOYSA-N,aromatic_carbo,,CC(C)(C)c1cc(C=O)c(O)c(C(C)(C)C)c1,c1ccccc1,train,
468,6-methyl-4-oxochromene-3-carbaldehyde,CC1=CC2=C(C=C1)OC=C(C2=O)C=O,GBWMIOYSMWCYIZ-UHFFFAOYSA-N,aromatic_hetero,,Cc1ccc2occ(C=O)c(=O)c2c1,O=c1ccoc2ccccc12,train,
469,5-fluoro-1-methylindole-3-carbaldehyde,CN1C=C(C2=C1C=CC(=C2)F)C=O,ZBZJEWSFESAGMQ-UHFFFAOYSA-N,aromatic_hetero,,Cn1cc(C=O)c2cc(F)ccc21,c1ccc2[nH]ccc2c1,train,
470,6-methoxy-1-methylindole-3-carbaldehyde,CN1C=C(C2=C1C=C(C=C2)OC)C=O,WRHNJAIUBFJMEM-UHFFFAOYSA-N,aromatic_hetero,,COc1ccc2c(C=O)cn(C)c2c1,c1ccc2[nH]ccc2c1,train,
471,1H-indole-6-carbaldehyde,C1=CC(=CC2=C1C=CN2)C=O,VSPBWOAEHQDXRD-UHFFFAOYSA-N,aromatic_carbo,,O=Cc1ccc2cc[nH]c2c1,c1ccc2[nH]ccc2c1,train,
472,2-chloro-6-fluorobenzaldehyde,C1=CC(=C(C(=C1)Cl)C=O)F,OACPOWYLLGHGCR-UHFFFAOYSA-N,aromatic_carbo,,O=Cc1c(F)cccc1Cl,c1ccccc1,train,
473,5-bromo-2-hydroxybenzaldehyde,C1=CC(=C(C=C1Br)C=O)O,MKKSTJKBKNCMRV-UHFFFAOYSA-N,aromatic_carbo,,O=Cc1cc(Br)ccc1O,c1ccccc1,train,
474,4-chloro-3-nitrobenzaldehyde,C1=CC(=C(C=C1C=O)[N+](=O)[O-])Cl,HETBKLHJEWXWBM-UHFFFAOYSA-N,aromatic_carbo,nitro,O=Cc1ccc(Cl)c([N+](=O)[O-])c1,c1ccccc1,train,
475,6-bromo-1H-indole-3-carbaldehyde,C1=CC2=C(C=C1Br)NC=C2C=O,WCCLQCBKBPTODV-UHFFFAOYSA-N,aromatic_hetero,,O=Cc1c[nH]c2cc(Br)ccc12,c1ccc2[nH]ccc2c1,train,
476,3-hydroxy-5-methoxybenzaldehyde,COC1=CC(=CC(=C1)O)C=O,FGQOOHJZONJGDT-UHFFFAOYSA-N,aromatic_carbo,,COc1cc(O)cc(C=O)c1,c1ccccc1,train,
477,"2,3-dichlorobenzaldehyde",C1=CC(=C(C(=C1)Cl)Cl)C=O,LLMLNAVBOAMOEE-UHFFFAOYSA-N,aromatic_carbo,,O=Cc1cccc(Cl)c1Cl,c1ccccc1,train,
478,3-(4-methylphenyl)propanal,CC1=CC=C(C=C1)CCC=O,ABGZWIFTZXUDGF-UHFFFAOYSA-N,aliphatic,,Cc1ccc(CCC=O)cc1,c1ccccc1,train,
479,3-fluorobenzaldehyde,C1=CC(=CC(=C1)F)C=O,PIKNVEVCWAAOMJ-UHFFFAOYSA-N,aromatic_carbo,,O=Cc1cccc(F)c1,c1ccccc1,train,
480,2-hydroxy-5-methylbenzaldehyde,CC1=CC(=C(C=C1)O)C=O,ILEIUTCVWLYZOM-UHFFFAOYSA-N,aromatic_carbo,,Cc1ccc(O)c(C=O)c1,c1ccccc1,train,
481,5-formyl-2-hydroxybenzoic acid,C1=CC(=C(C=C1C=O)C(=O)O)O,UTCFOFWMEPQCSR-UHFFFAOYSA-N,aromatic_carbo,,O=Cc1ccc(O)c(C(=O)O)c1,c1ccccc1,train,
482,N-(4-formylphenyl)acetamide,CC(=O)NC1=CC=C(C=C1)C=O,SKLUWKYNZNXSLX-UHFFFAOYSA-N,aromatic_carbo,,CC(=O)Nc1ccc(C=O)cc1,c1ccccc1,train,
483,"3,4-diethoxybenzaldehyde",CCOC1=C(C=C(C=C1)C=O)OCC,SSTRYEXQYQGGAS-UHFFFAOYSA-N,aromatic_carbo,,CCOc1ccc(C=O)cc1OCC,c1ccccc1,train,
484,"2,3,4-trimethoxybenzaldehyde",COC1=C(C(=C(C=C1)C=O)OC)OC,UCTUXUGXIFRVGX-UHFFFAOYSA-N,aromatic_carbo,,COc1ccc(C=O)c(OC)c1OC,c1ccccc1,train,
485,"2-hydroxy-3,5-dinitrobenzaldehyde",C1=C(C=C(C(=C1C=O)O)[N+](=O)[O-])[N+](=O)[O-],FLJXIBHYDIMYRS-UHFFFAOYSA-N,aromatic_carbo,nitro,O=Cc1cc([N+](=O)[O-])cc([N+](=O)[O-])c1O,c1ccccc1,train,
486,4-phenylmethoxybenzaldehyde,C1=CC=C(C=C1)COC2=CC=C(C=C2)C=O,ZVTWZSXLLMNMQC-UHFFFAOYSA-N,aromatic_carbo,,O=Cc1ccc(OCc2ccccc2)cc1,c1ccc(COc2ccccc2)cc1,train,
487,4-hydroxy-3-iodo-5-methoxybenzaldehyde,COC1=C(C(=CC(=C1)C=O)I)O,FBBCSYADXYILEH-UHFFFAOYSA-N,aromatic_carbo,,COc1cc(C=O)cc(I)c1O,c1ccccc1,train,
488,2-bromobenzaldehyde,C1=CC=C(C(=C1)C=O)Br,NDOPHXWIAZIXPR-UHFFFAOYSA-N,aromatic_carbo,,O=Cc1ccccc1Br,c1ccccc1,train,
489,4-hydroxy-3-methoxy-5-nitrobenzaldehyde,COC1=CC(=CC(=C1O)[N+](=O)[O-])C=O,ZEHYRTJBFMZHCY-UHFFFAOYSA-N,aromatic_carbo,nitro,COc1cc(C=O)cc([N+](=O)[O-])c1O,c1ccccc1,train,
490,"3,5,6-trimethylcyclohex-3-ene-1-carbaldehyde",CC1C=C(CC(C1C)C=O)C,DEMWVPUIZCCHPT-UHFFFAOYSA-N,aliphatic,,CC1=CC(C)C(C)C(C=O)C1,C1=CCCCC1,train,
491,cyclopropanecarbaldehyde,C1CC1C=O,JMYVMOUINOAAPA-UHFFFAOYSA-N,aliphatic,,O=CC1CC1,C1CC1,train,
492,"3,5-dibromo-4-hydroxybenzaldehyde",C1=C(C=C(C(=C1Br)O)Br)C=O,SXRHGLQCOLNZPT-UHFFFAOYSA-N,aromatic_carbo,,O=Cc1cc(Br)c(O)c(Br)c1,c1ccccc1,train,
493,3-methylpentanal,CCC(C)CC=O,YJWJGLQYQJGEEP-UHFFFAOYSA-N,aliphatic,,CCC(C)CC=O,__no_ring__CCC(C)CC=O,test,
494,"2,4,6-trimethoxybenzaldehyde",COC1=CC(=C(C(=C1)OC)C=O)OC,CRBZVDLXAIFERF-UHFFFAOYSA-N,aromatic_carbo,,COc1cc(OC)c(C=O)c(OC)c1,c1ccccc1,train,
495,3-bromo-4-hydroxybenzaldehyde,C1=CC(=C(C=C1C=O)Br)O,UOTMHAOCAJROQF-UHFFFAOYSA-N,aromatic_carbo,,O=Cc1ccc(O)c(Br)c1,c1ccccc1,train,
496,"3,5-dimethoxybenzaldehyde",COC1=CC(=CC(=C1)C=O)OC,VFZRZRDOXPRTSC-UHFFFAOYSA-N,aromatic_carbo,,COc1cc(C=O)cc(OC)c1,c1ccccc1,train,
497,"3-bromo-4,5-dihydroxybenzaldehyde",C1=C(C=C(C(=C1O)O)Br)C=O,GVSGSHGXUXLQNS-UHFFFAOYSA-N,aromatic_carbo,,O=Cc1cc(O)c(O)c(Br)c1,c1ccccc1,train,
498,2-methyl-3-phenylpropanal,CC(CC1=CC=CC=C1)C=O,HEPHYCJJLAUKSB-UHFFFAOYSA-N,aliphatic,,CC(C=O)Cc1ccccc1,c1ccccc1,train,
499,3-bromo-4-methoxybenzaldehyde,COC1=C(C=C(C=C1)C=O)Br,QMPNFQLVIGPNEI-UHFFFAOYSA-N,aromatic_carbo,,COc1ccc(C=O)cc1Br,c1ccccc1,train,
500,"2,2,4-trimethylcyclohex-3-ene-1-carbaldehyde",CC1=CC(C(CC1)C=O)(C)C,FDSNFOIVNIUNDP-UHFFFAOYSA-N,aliphatic,,CC1=CC(C)(C)C(C=O)CC1,C1=CCCCC1,train,
501,3-(3-tert-butylphenyl)-2-methylpropanal,CC(CC1=CC(=CC=C1)C(C)(C)C)C=O,GLZRHVTZLDNUQP-UHFFFAOYSA-N,aliphatic,,CC(C=O)Cc1cccc(C(C)(C)C)c1,c1ccccc1,train,
502,2-oxoethylphosphonic acid,C(C=O)P(=O)(O)O,YEMKIGUKNDOZEG-UHFFFAOYSA-N,aliphatic,phosphorus,O=CCP(=O)(O)O,__no_ring__C(C=O)P(=O)(O)O,test,
503,(Z)-non-3-enal,CCCCC/C=C\CC=O,YXEAENVLZOODMT-SREVYHEPSA-N,aliphatic,,CCCCC/C=C\CC=O,__no_ring__CCCCC/C=C\CC=O,validation,
504,3-aminopropanal,C(CN)C=O,PCXDJQZLDDHMGX-UHFFFAOYSA-N,aliphatic,,NCCC=O,__no_ring__C(CN)C=O,validation,
505,3-oxopropanoic acid,C(C=O)C(=O)O,OAKURXIZZOAYBC-UHFFFAOYSA-N,aliphatic,,O=CCC(=O)O,__no_ring__C(C=O)C(=O)O,validation,
506,2-(1H-imidazol-5-yl)acetaldehyde,C1=C(NC=N1)CC=O,MQSRGWNVEZRLDK-UHFFFAOYSA-N,aliphatic,,O=CCc1cnc[nH]1,c1c[nH]cn1,train,
507,"2-(3,4-dihydroxyphenyl)-2-hydroxyacetaldehyde",C1=CC(=C(C=C1C(C=O)O)O)O,YUGMCLJIWGEKCK-UHFFFAOYSA-N,aliphatic,,O=CC(O)c1ccc(O)c(O)c1,c1ccccc1,train,
508,(2S)-2-acetamido-5-oxopentanoic acid,CC(=O)N[C@@H](CCC=O)C(=O)O,BCPSFKBPHHBDAI-LURJTMIESA-N,aliphatic,,CC(=O)N[C@@H](CCC=O)C(=O)O,__no_ring__CC(=O)N[C@@H](CCC=O)C(=O)O,train,
509,(2S)-2-hydroxypropanal,C[C@@H](C=O)O,BSABBBMNWQWLLU-VKHMYHEASA-N,aliphatic,,C[C@H](O)C=O,__no_ring__C[C@@H](C=O)O,train,
510,N-(4-oxobutyl)acetamide,CC(=O)NCCCC=O,DDSLGZOYEPKPSJ-UHFFFAOYSA-N,aliphatic,,CC(=O)NCCCC=O,__no_ring__CC(=O)NCCCC=O,validation,
511,"3-(3,5-ditert-butyl-4-hydroxyphenyl)-2,2-dimethylpropanal",CC(C)(C)C1=CC(=CC(=C1O)C(C)(C)C)CC(C)(C)C=O,XGWATTXMMMANFJ-UHFFFAOYSA-N,aliphatic,,CC(C)(C=O)Cc1cc(C(C)(C)C)c(O)c(C(C)(C)C)c1,c1ccccc1,train,
512,benzyl N-[(2S)-4-methyl-1-[[(2S)-4-methyl-1-oxo-1-[[(2S)-1-oxopentan-2-yl]amino]pentan-2-yl]amino]-1-oxopentan-2-yl]carbamate,CCC[C@@H](C=O)NC(=O)[C@H](CC(C)C)NC(=O)[C@H](CC(C)C)NC(=O)OCC1=CC=CC=C1,QEJRGURBLQWEOU-FKBYEOEOSA-N,aliphatic,,CCC[C@@H](C=O)NC(=O)[C@H](CC(C)C)NC(=O)[C@H](CC(C)C)NC(=O)OCc1ccccc1,c1ccccc1,train,
513,"2,4-dihydroxy-3,6-dimethylbenzaldehyde",CC1=CC(=C(C(=C1C=O)O)C)O,XOAAGSCMGLMPKG-UHFFFAOYSA-N,aromatic_carbo,,Cc1cc(O)c(C)c(O)c1C=O,c1ccccc1,train,
514,"[(2R,3R,4R)-2,3,4-trihydroxy-5-oxopentyl] dihydrogen phosphate",C([C@H]([C@H]([C@H](C=O)O)O)O)OP(=O)(O)O,PPQRONHOSHZGFQ-LMVFSUKVSA-N,aliphatic,phosphorus,O=C[C@H](O)[C@H](O)[C@H](O)COP(=O)(O)O,__no_ring__C([C@H]([C@H]([C@H](C=O)O)O)O)OP(=O)(O)O,validation,
515,"[(2R,3R,4S,5R)-2,3,4,5-tetrahydroxy-6-oxohexyl] dihydrogen phosphate",C([C@H]([C@H]([C@@H]([C@H](C=O)O)O)O)O)OP(=O)(O)O,VFRROHXSMXFLSN-SLPGGIOYSA-N,aliphatic,phosphorus,O=C[C@H](O)[C@@H](O)[C@H](O)[C@H](O)COP(=O)(O)O,__no_ring__C([C@H]([C@H]([C@@H]([C@H](C=O)O)O)O)O)OP(=O)(O)O,validation,
516,"2,8-dihydroxy-3-methoxy-6-methyl-4-propan-2-ylnaphthalene-1-carbaldehyde",CC1=CC2=C(C(=C1)O)C(=C(C(=C2C(C)C)OC)O)C=O,XOXRFBVTHNRDNY-UHFFFAOYSA-N,aromatic_carbo,,COc1c(O)c(C=O)c2c(O)cc(C)cc2c1C(C)C,c1ccc2ccccc2c1,train,
517,"6-methyl-9-methylidene-2-oxo-7,8-dihydroazuleno[4,5-b]furan-3-carbaldehyde",CC1=C2CCC(=C)C2=C3C(=C(C(=O)O3)C=O)C=C1,PATCUDSVUMFCMB-UHFFFAOYSA-N,aromatic_hetero,,C=C1CCc2c(C)ccc3c(C=O)c(=O)oc-3c21,C=C1CCc2cccc3cc(=O)oc-3c21,test,
518,"2,3,4-trihydroxy-6-methyl-5-[(2E,6E)-3,7,11-trimethyldodeca-2,6,10-trienyl]benzaldehyde",CC1=C(C(=C(C(=C1C=O)O)O)O)C/C=C(\C)/CC/C=C(\C)/CCC=C(C)C,XQTQSUUULVXJPG-JTCWOHKRSA-N,aromatic_carbo,,CC(C)=CCC/C(C)=C/CC/C(C)=C/Cc1c(C)c(C=O)c(O)c(O)c1O,c1ccccc1,train,
519,4-methyl-7-propan-2-ylazulene-1-carbaldehyde,CC1=C2C=CC(=C2C=C(C=C1)C(C)C)C=O,VAMFCHMEVQNLHP-UHFFFAOYSA-N,aromatic_carbo,,Cc1ccc(C(C)C)cc2c(C=O)ccc1-2,c1ccc2cccc-2cc1,train,
520,"4-chloro-3,5-dimethoxybenzaldehyde",COC1=CC(=CC(=C1Cl)OC)C=O,GTEZQOCVTNORJP-UHFFFAOYSA-N,aromatic_carbo,,COc1cc(C=O)cc(OC)c1Cl,c1ccccc1,train,
521,4-prop-1-en-2-ylbenzaldehyde,CC(=C)C1=CC=C(C=C1)C=O,IRWAASJGTLXGMV-UHFFFAOYSA-N,aromatic_carbo,,C=C(C)c1ccc(C=O)cc1,c1ccccc1,train,
522,"5-chloro-2,4-dihydroxy-3-[(2E,6E)-7-[(2S,4S)-4-hydroxy-5,5-dimethyloxolan-2-yl]-3-methylocta-2,6-dienyl]-6-methylbenzaldehyde",CC1=C(C(=C(C(=C1Cl)O)C/C=C(\C)/CC/C=C(\C)/[C@@H]2C[C@@H](C(O2)(C)C)O)O)C=O,YHXSUSPTGLHIRR-UZFWGDPLSA-N,aromatic_carbo,,C/C(=C\Cc1c(O)c(Cl)c(C)c(C=O)c1O)CC/C=C(\C)[C@@H]1C[C@H](O)C(C)(C)O1,C(=C\Cc1ccccc1)/CC/C=C/[C@@H]1CCCO1,test,
523,4-(3-aminopropylamino)butanal,C(CC=O)CNCCCN,JNZUMEMWAPJNLC-UHFFFAOYSA-N,aliphatic,,NCCCNCCCC=O,__no_ring__C(CC=O)CNCCCN,validation,
524,2-bromoacetaldehyde,C(C=O)Br,NMPVEAUIHMEAQP-UHFFFAOYSA-N,aliphatic,,O=CCBr,__no_ring__C(C=O)Br,train,
525,"5-chloro-2,4-dihydroxy-6-methyl-3-[(E)-3-methyl-5-[(1S,2R,6R)-1,2,6-trimethyl-3-oxocyclohexyl]pent-2-enyl]benzaldehyde",C[C@@H]1CCC(=O)[C@@H]([C@@]1(C)CC/C(=C/CC2=C(C(=C(C(=C2O)Cl)C)C=O)O)/C)C,IJEHYEVNWOYGMS-WGUBEYSISA-N,aromatic_carbo,,C/C(=C\Cc1c(O)c(Cl)c(C)c(C=O)c1O)CC[C@@]1(C)[C@H](C)CCC(=O)[C@@H]1C,O=C1CCCC(CC/C=C/Cc2ccccc2)C1,train,
526,2-hydroxy-9H-carbazole-3-carbaldehyde,C1=CC=C2C(=C1)C3=C(N2)C=C(C(=C3)C=O)O,NEAHWGSQUXSRNW-UHFFFAOYSA-N,aromatic_carbo,,O=Cc1cc2c(cc1O)[nH]c1ccccc12,c1ccc2c(c1)[nH]c1ccccc12,train,
527,6-methoxy-9H-carbazole-3-carbaldehyde,COC1=CC2=C(C=C1)NC3=C2C=C(C=C3)C=O,MPGLRLBJCNRDKU-UHFFFAOYSA-N,aromatic_carbo,,COc1ccc2[nH]c3ccc(C=O)cc3c2c1,c1ccc2c(c1)[nH]c1ccccc12,train,
528,"1,6-dimethoxy-9H-carbazole-3-carbaldehyde",COC1=CC2=C(C=C1)NC3=C2C=C(C=C3OC)C=O,YUERFEQINUDZDT-UHFFFAOYSA-N,aromatic_carbo,,COc1ccc2[nH]c3c(OC)cc(C=O)cc3c2c1,c1ccc2c(c1)[nH]c1ccccc12,train,
529,"2,7-dihydroxy-1-(3-methylbut-2-enyl)-9H-carbazole-3-carbaldehyde",CC(=CCC1=C(C(=CC2=C1NC3=C2C=CC(=C3)O)C=O)O)C,NRWURNOYKGONNZ-UHFFFAOYSA-N,aromatic_carbo,,CC(C)=CCc1c(O)c(C=O)cc2c1[nH]c1cc(O)ccc12,c1ccc2c(c1)[nH]c1ccccc12,train,
530,hex-3-enal,CCC=CCC=O,GXANMBISFKBPEX-UHFFFAOYSA-N,aliphatic,,CCC=CCC=O,__no_ring__CCC=CCC=O,test,
531,"(3S,4R)-3,4,5-trihydroxypentanal",C(C=O)[C@@H]([C@@H](CO)O)O,ASJSAQIRZKANQN-CRCLSJGQSA-N,aliphatic,,O=CC[C@H](O)[C@H](O)CO,__no_ring__C(C=O)[C@@H]([C@@H](CO)O)O,train,
532,"4-(2,4-dichlorophenoxy)-3-hydroxybenzaldehyde",C1=CC(=C(C=C1C=O)O)OC2=C(C=C(C=C2)Cl)Cl,GKHZEXMYTPRFKV-UHFFFAOYSA-N,aromatic_carbo,,O=Cc1ccc(Oc2ccc(Cl)cc2Cl)c(O)c1,c1ccc(Oc2ccccc2)cc1,train,
533,"(3S)-3-[[(4S,7S)-7-(isoquinoline-1-carbonylamino)-6,10-dioxo-2,3,4,7,8,9-hexahydro-1H-pyridazino[1,2-a]diazepine-4-carbonyl]amino]-4-oxobutanoic acid",C1C[C@H](N2C(=O)[C@H](CCC(=O)N2C1)NC(=O)C3=NC=CC4=CC=CC=C43)C(=O)N[C@@H](CC(=O)O)C=O,CUVNEENHHCPUBW-SZMVWBNQSA-N,aliphatic,,O=C[C@H](CC(=O)O)NC(=O)[C@@H]1CCCN2C(=O)CC[C@H](NC(=O)c3nccc4ccccc34)C(=O)N12,O=C(N[C@H]1CCC(=O)N2CCCCN2C1=O)c1nccc2ccccc12,train,
534,[(2S)-2-hydroxy-3-oxopropyl] dihydrogen phosphate,C([C@@H](C=O)O)OP(=O)(O)O,LXJXRIRHZLFYRP-GSVOUGTGSA-N,aliphatic,phosphorus,O=C[C@@H](O)COP(=O)(O)O,__no_ring__C([C@@H](C=O)O)OP(=O)(O)O,validation,
535,(Z)-dodec-9-enal,CC/C=C\CCCCCCCC=O,QGUDMPDYXLMJNK-ARJAWSKDSA-N,aliphatic,,CC/C=C\CCCCCCCC=O,__no_ring__CC/C=C\CCCCCCCC=O,validation,
536,tert-butyl N-[(2S)-1-(3-chloro-2-formylanilino)-3-methyl-1-oxobutan-2-yl]carbamate,CC(C)[C@@H](C(=O)NC1=C(C(=CC=C1)Cl)C=O)NC(=O)OC(C)(C)C,GBHYPZDGTWSQFR-AWEZNQCLSA-N,aromatic_carbo,,CC(C)[C@H](NC(=O)OC(C)(C)C)C(=O)Nc1cccc(Cl)c1C=O,c1ccccc1,train,
537,[(2R)-3-methyl-1-phenylbutan-2-yl] N-[(2S)-1-oxohexan-2-yl]carbamate,CCCC[C@@H](C=O)NC(=O)O[C@H](CC1=CC=CC=C1)C(C)C,ZLZXUNHJWVLGTE-DLBZAZTESA-N,aliphatic,,CCCC[C@@H](C=O)NC(=O)O[C@H](Cc1ccccc1)C(C)C,c1ccccc1,train,
538,(1-benzylcyclopentyl) N-[(2S)-1-oxohexan-2-yl]carbamate,CCCC[C@@H](C=O)NC(=O)OC1(CCCC1)CC2=CC=CC=C2,ONABDOMWRCXLPX-KRWDZBQOSA-N,aliphatic,,CCCC[C@@H](C=O)NC(=O)OC1(Cc2ccccc2)CCCC1,c1ccc(CC2CCCC2)cc1,train,
539,4-(3-formylphenyl)benzenesulfonamide,C1=CC(=CC(=C1)C2=CC=C(C=C2)S(=O)(=O)N)C=O,JBAOMUKVIWMCLG-UHFFFAOYSA-N,aromatic_carbo,,NS(=O)(=O)c1ccc(-c2cccc(C=O)c2)cc1,c1ccc(-c2ccccc2)cc1,train,
540,"3-(2,4-diamino-6-methylquinazolin-7-yl)-4-ethoxybenzaldehyde",CCOC1=C(C=C(C=C1)C=O)C2=CC3=C(C=C2C)C(=NC(=N3)N)N,BDVALXKNVWZHIQ-UHFFFAOYSA-N,aromatic_carbo,,CCOc1ccc(C=O)cc1-c1cc2nc(N)nc(N)c2cc1C,c1ccc(-c2ccc3cncnc3c2)cc1,train,
541,N-[(2S)-1-[[(2R)-1-benzylsulfanyl-3-oxopropan-2-yl]amino]-1-oxo-3-phenylpropan-2-yl]morpholine-4-carboxamide,C1COCCN1C(=O)N[C@@H](CC2=CC=CC=C2)C(=O)N[C@@H](CSCC3=CC=CC=C3)C=O,MWTQNXVXPLTHJB-YADHBBJMSA-N,aliphatic,,O=C[C@H](CSCc1ccccc1)NC(=O)[C@H](Cc1ccccc1)NC(=O)N1CCOCC1,O=C(NCCSCc1ccccc1)[C@H](Cc1ccccc1)NC(=O)N1CCOCC1,validation,
542,(2S)-2-[(4-fluorophenyl)sulfonylamino]-3-methyl-N-[(2S)-4-methyl-1-oxopentan-2-yl]butanamide,CC(C)C[C@@H](C=O)NC(=O)[C@H](C(C)C)NS(=O)(=O)C1=CC=C(C=C1)F,WSJWUIDLGZAXID-HOCLYGCPSA-N,aliphatic,,CC(C)C[C@@H](C=O)NC(=O)[C@@H](NS(=O)(=O)c1ccc(F)cc1)C(C)C,c1ccccc1,train,
543,7-[(3-chlorophenyl)methoxy]-2-oxochromene-4-carbaldehyde,C1=CC(=CC(=C1)Cl)COC2=CC3=C(C=C2)C(=CC(=O)O3)C=O,ZOCADHRNWNJARU-UHFFFAOYSA-N,aromatic_hetero,,O=Cc1cc(=O)oc2cc(OCc3cccc(Cl)c3)ccc12,O=c1ccc2ccc(OCc3ccccc3)cc2o1,test,
544,"4-[4-(5-hydroxy-2-methylanilino)quinolin-7-yl]-1,3-thiazole-2-carbaldehyde",CC1=C(C=C(C=C1)O)NC2=C3C=CC(=CC3=NC=C2)C4=CSC(=N4)C=O,VKQPTVJDZIILPG-UHFFFAOYSA-N,aromatic_hetero,,Cc1ccc(O)cc1Nc1ccnc2cc(-c3csc(C=O)n3)ccc12,c1ccc(Nc2ccnc3cc(-c4cscn4)ccc23)cc1,train,
545,"(1R,4aS,10aR)-6-hydroxy-1,4a-dimethyl-7-propan-2-yl-2,3,4,9,10,10a-hexahydrophenanthrene-1-carbaldehyde",CC(C)C1=C(C=C2C(=C1)CC[C@@H]3[C@@]2(CCC[C@@]3(C)C=O)C)O,BYISLTMARMJFNI-SLFFLAALSA-N,aliphatic,,CC(C)c1cc2c(cc1O)[C@@]1(C)CCC[C@@](C)(C=O)[C@@H]1CC2,c1ccc2c(c1)CC[C@H]1CCCCC21,train,
546,4-hexylbenzaldehyde,CCCCCCC1=CC=C(C=C1)C=O,KRNAJRBXIMJEFF-UHFFFAOYSA-N,aromatic_carbo,,CCCCCCc1ccc(C=O)cc1,c1ccccc1,train,
547,"[(E,2R)-5-(3-formyl-2,6-dihydroxy-4-methylphenyl)-3-methyl-1-[(1S,2R,6R)-1,2,6-trimethyl-3-oxocyclohexyl]pent-3-en-2-yl] propanoate",CCC(=O)O[C@H](C[C@]1([C@@H](CCC(=O)[C@@H]1C)C)C)/C(=C/CC2=C(C=C(C(=C2O)C=O)C)O)/C,VLFRJRBSRCFKPU-AXNCTASFSA-N,aromatic_carbo,,CCC(=O)O[C@H](C[C@@]1(C)[C@H](C)CCC(=O)[C@@H]1C)/C(C)=C/Cc1c(O)cc(C)c(C=O)c1O,O=C1CCCC(CC/C=C/Cc2ccccc2)C1,train,
548,"2-[3-(2,3-dihydroxy-3-methylbutoxy)-2-hydroxy-5-methylbenzoyl]-6-hydroxy-3-(3-methylbut-2-enyl)benzaldehyde",CC1=CC(=C(C(=C1)OCC(C(C)(C)O)O)O)C(=O)C2=C(C=CC(=C2C=O)O)CC=C(C)C,AXMCRMUBMNEKLN-UHFFFAOYSA-N,aromatic_carbo,,CC(C)=CCc1ccc(O)c(C=O)c1C(=O)c1cc(C)cc(OCC(O)C(C)(C)O)c1O,O=C(c1ccccc1)c1ccccc1,train,
549,"6-hydroxy-2-[3-(2-hydroxypropan-2-yl)-7-methyl-2,3-dihydro-1,4-benzodioxine-5-carbonyl]-3-(3-methylbut-2-enyl)benzaldehyde",CC1=CC(=C2C(=C1)OCC(O2)C(C)(C)O)C(=O)C3=C(C=CC(=C3C=O)O)CC=C(C)C,DYNXQZCWMXLZCW-UHFFFAOYSA-N,aromatic_carbo,,CC(C)=CCc1ccc(O)c(C=O)c1C(=O)c1cc(C)cc2c1OC(C(C)(C)O)CO2,O=C(c1ccccc1)c1cccc2c1OCCO2,test,
550,4-pentylbenzaldehyde,CCCCCC1=CC=C(C=C1)C=O,NQVZPRUSNWNSQH-UHFFFAOYSA-N,aromatic_carbo,,CCCCCc1ccc(C=O)cc1,c1ccccc1,train,
551,4-hydroxy-3-(3-methylbut-3-en-1-ynyl)benzaldehyde,CC(=C)C#CC1=C(C=CC(=C1)C=O)O,SFCYVTIQMNZUCZ-UHFFFAOYSA-N,aromatic_carbo,,C=C(C)C#Cc1cc(C=O)ccc1O,c1ccccc1,train,
552,benzyl N-[(2S)-1-oxo-1-[[(2S)-1-oxo-3-phenylpropan-2-yl]amino]-3-phenylpropan-2-yl]carbamate,C1=CC=C(C=C1)C[C@@H](C=O)NC(=O)[C@H](CC2=CC=CC=C2)NC(=O)OCC3=CC=CC=C3,OIKITZBTDSAJQH-ZEQRLZLVSA-N,aliphatic,,O=C[C@H](Cc1ccccc1)NC(=O)[C@H](Cc1ccccc1)NC(=O)OCc1ccccc1,O=C(N[C@@H](Cc1ccccc1)C(=O)NCCc1ccccc1)OCc1ccccc1,train,
553,"8-(dipropylamino)-6,7,8,9-tetrahydro-3H-benzo[e]indole-1-carbaldehyde",CCCN(CCC)C1CCC2=C(C1)C3=C(C=C2)NC=C3C=O,DSEPKSLFXGYPIU-UHFFFAOYSA-N,aromatic_hetero,,CCCN(CCC)C1CCc2ccc3[nH]cc(C=O)c3c2C1,c1cc2c3c(ccc2[nH]1)CCCC3,train,
554,4-[(4-chlorophenyl)methoxy]-3-ethoxybenzaldehyde,CCOC1=C(C=CC(=C1)C=O)OCC2=CC=C(C=C2)Cl,RKDKWRMABXGUPQ-UHFFFAOYSA-N,aromatic_carbo,,CCOc1cc(C=O)ccc1OCc1ccc(Cl)cc1,c1ccc(COc2ccccc2)cc1,train,
555,"2-chloro-5-(3-formyl-2,5-dimethylpyrrol-1-yl)benzoic acid",CC1=CC(=C(N1C2=CC(=C(C=C2)Cl)C(=O)O)C)C=O,SHUWDTVLRJIUBG-UHFFFAOYSA-N,aromatic_hetero,,Cc1cc(C=O)c(C)n1-c1ccc(Cl)c(C(=O)O)c1,c1ccc(-n2cccc2)cc1,train,
556,"8-[prop-2-enyl(propyl)amino]-6,7,8,9-tetrahydro-3H-benzo[e]indole-1-carbaldehyde",CCCN(CC=C)C1CCC2=C(C1)C3=C(C=C2)NC=C3C=O,DBGOPRYLVZPMHQ-UHFFFAOYSA-N,aromatic_hetero,,C=CCN(CCC)C1CCc2ccc3[nH]cc(C=O)c3c2C1,c1cc2c3c(ccc2[nH]1)CCCC3,train,
557,"8-[propyl(2-thiophen-2-ylethyl)amino]-6,7,8,9-tetrahydro-3H-benzo[e]indole-1-carbaldehyde",CCCN(CCC1=CC=CS1)C2CCC3=C(C2)C4=C(C=C3)NC=C4C=O,NATZFOMSDOBVCC-UHFFFAOYSA-N,aromatic_hetero,,CCCN(CCc1cccs1)C1CCc2ccc3[nH]cc(C=O)c3c2C1,c1csc(CCNC2CCc3ccc4[nH]ccc4c3C2)c1,validation,
558,"8-(dipropylamino)-4-fluoro-6,7,8,9-tetrahydro-3H-benzo[e]indole-1-carbaldehyde",CCCN(CCC)C1CCC2=CC(=C3C(=C2C1)C(=CN3)C=O)F,ICOOOYKBBQSJND-UHFFFAOYSA-N,aromatic_hetero,,CCCN(CCC)C1CCc2cc(F)c3[nH]cc(C=O)c3c2C1,c1cc2c3c(ccc2[nH]1)CCCC3,train,
559,4-[[2-[(E)-3-hydroxybut-1-enyl]-5-oxooxolan-3-yl]amino]benzaldehyde,CC(/C=C/C1C(CC(=O)O1)NC2=CC=C(C=C2)C=O)O,RYJWSNUDETVRFF-FARCUNLSSA-N,aromatic_carbo,,CC(O)/C=C/C1OC(=O)CC1Nc1ccc(C=O)cc1,O=C1CC(Nc2ccccc2)CO1,validation,
560,"1-[(2R,4S,5R)-4-hydroxy-5-(hydroxymethyl)oxolan-2-yl]-2,4-dioxopyrimidine-5-carbaldehyde",C1[C@@H]([C@H](O[C@H]1N2C=C(C(=O)NC2=O)C=O)CO)O,MVORBLZUGBSUNB-XLPZGREQSA-N,aromatic_hetero,,O=Cc1cn([C@H]2C[C@H](O)[C@@H](CO)O2)c(=O)[nH]c1=O,O=c1ccn([C@H]2CCCO2)c(=O)[nH]1,train,
561,4-[bis(2-chloroethyl)amino]-2-methylbenzaldehyde,CC1=C(C=CC(=C1)N(CCCl)CCCl)C=O,ZQIAXDULHBLZJE-UHFFFAOYSA-N,aromatic_carbo,,Cc1cc(N(CCCl)CCCl)ccc1C=O,c1ccccc1,train,
562,"2,3-dihydroxy-6-methyl-4-propan-2-ylnaphthalene-1-carbaldehyde",CC1=CC2=C(C=C1)C(=C(C(=C2C(C)C)O)O)C=O,IRZGFNNJSDSKMZ-UHFFFAOYSA-N,aromatic_carbo,,Cc1ccc2c(C=O)c(O)c(O)c(C(C)C)c2c1,c1ccc2ccccc2c1,train,
563,1-[2-(2-methoxyphenoxy)ethyl]indole-3-carbaldehyde,COC1=CC=CC=C1OCCN2C=C(C3=CC=CC=C32)C=O,PUNPSTCJCHVHQR-UHFFFAOYSA-N,aromatic_hetero,,COc1ccccc1OCCn1cc(C=O)c2ccccc21,c1ccc(OCCn2ccc3ccccc32)cc1,train,
564,1-[(4-bromophenyl)methyl]indole-3-carbaldehyde,C1=CC=C2C(=C1)C(=CN2CC3=CC=C(C=C3)Br)C=O,BQCRUIDKXQZWMN-UHFFFAOYSA-N,aromatic_hetero,,O=Cc1cn(Cc2ccc(Br)cc2)c2ccccc12,c1ccc(Cn2ccc3ccccc32)cc1,train,
565,"2-(4-fluorophenyl)imidazo[1,2-a]pyridine-3-carbaldehyde",C1=CC2=NC(=C(N2C=C1)C=O)C3=CC=C(C=C3)F,UNQZNGMFGRJLEG-UHFFFAOYSA-N,aromatic_hetero,,O=Cc1c(-c2ccc(F)cc2)nc2ccccn12,c1ccc(-c2cn3ccccc3n2)cc1,train,
566,1-[(2-chloro-6-fluorophenyl)methyl]indole-3-carbaldehyde,C1=CC=C2C(=C1)C(=CN2CC3=C(C=CC=C3Cl)F)C=O,HZVNCLOGBOUPGY-UHFFFAOYSA-N,aromatic_hetero,,O=Cc1cn(Cc2c(F)cccc2Cl)c2ccccc12,c1ccc(Cn2ccc3ccccc32)cc1,train,
567,"4-(1,3-dihydroisoindol-2-yl)-2-methoxybenzaldehyde",COC1=C(C=CC(=C1)N2CC3=CC=CC=C3C2)C=O,RWIGWDSWXVRXBV-UHFFFAOYSA-N,aromatic_carbo,,COc1cc(N2Cc3ccccc3C2)ccc1C=O,c1ccc(N2Cc3ccccc3C2)cc1,train,
568,4-[(3-formylindol-1-yl)methyl]benzonitrile,C1=CC=C2C(=C1)C(=CN2CC3=CC=C(C=C3)C#N)C=O,SDRLOLMVFBYXQU-UHFFFAOYSA-N,aromatic_hetero,,N#Cc1ccc(Cn2cc(C=O)c3ccccc32)cc1,c1ccc(Cn2ccc3ccccc32)cc1,train,
569,"2-chloro-9-methyl-4-oxopyrido[1,2-a]pyrimidine-3-carbaldehyde",CC1=CC=CN2C1=NC(=C(C2=O)C=O)Cl,GRPNAYGQWRHKDA-UHFFFAOYSA-N,aromatic_hetero,,Cc1cccn2c(=O)c(C=O)c(Cl)nc12,O=c1ccnc2ccccn12,train,
570,1-methoxy-2-phenylindole-3-carbaldehyde,CON1C2=CC=CC=C2C(=C1C3=CC=CC=C3)C=O,BPVFSHVFYDLETP-UHFFFAOYSA-N,aromatic_hetero,,COn1c(-c2ccccc2)c(C=O)c2ccccc21,c1ccc(-c2cc3ccccc3[nH]2)cc1,train,
571,"4-[[(1R,4aS,6S,8aR)-6-bromo-5,5,8a-trimethyl-2-methylidene-3,4,4a,6,7,8-hexahydro-1H-naphthalen-1-yl]methyl]-2,5-dihydroxybenzaldehyde",C[C@]12CC[C@@H](C([C@H]1CCC(=C)[C@H]2CC3=CC(=C(C=C3O)C=O)O)(C)C)Br,KYHAUNCXNLJHDG-ALOBAPJISA-N,aromatic_carbo,,C=C1CC[C@@H]2C(C)(C)[C@@H](Br)CC[C@]2(C)[C@@H]1Cc1cc(O)c(C=O)cc1O,C=C1CC[C@@H]2CCCCC2[C@@H]1Cc1ccccc1,train,
572,"(1S,4R,5S,8R,9R,12S,13R,14R,16R,18S)-5-hydroxy-9,16-dimethyl-8-(6-oxopyran-3-yl)-15,17,20-trioxahexacyclo[14.3.1.114,18.01,13.04,12.05,9]henicosane-13-carbaldehyde",C[C@]12CC[C@H]3[C@H]([C@]1(CC[C@@H]2C4=COC(=O)C=C4)O)CC[C@@]56[C@@]3([C@H]7C[C@@H](C5)O[C@](O7)(O6)C)C=O,QMZMTFLDQTWANC-PYFUVDDASA-N,aliphatic,,C[C@@]12O[C@H]3C[C@@H](O1)[C@]1(C=O)[C@H]4CC[C@]5(C)[C@@H](c6ccc(=O)oc6)CC[C@]5(O)[C@@H]4CC[C@@]1(C3)O2,O=c1ccc([C@H]2CCC3C2CC[C@@H]2C4[C@H]5C[C@H]6C[C@]4(CC[C@@H]32)OC(O6)O5)co1,validation,
573,6-hydroxy-4-(4-hydroxy-3-methoxyphenyl)-7-methoxynaphthalene-2-carbaldehyde,COC1=C(C=CC(=C1)C2=CC(=CC3=CC(=C(C=C32)O)OC)C=O)O,ASJBFNXTDMUMBC-UHFFFAOYSA-N,aromatic_carbo,,COc1cc(-c2cc(C=O)cc3cc(OC)c(O)cc23)ccc1O,c1ccc(-c2cccc3ccccc23)cc1,train,
574,"3,6-dihydroxy-4-(4-hydroxy-3-methoxyphenyl)-7-methoxynaphthalene-2-carbaldehyde",COC1=CC2=CC(=C(C(=C2C=C1O)C3=CC(=C(C=C3)O)OC)O)C=O,FEHGMZDBZVCEBR-UHFFFAOYSA-N,aromatic_carbo,,COc1cc(-c2c(O)c(C=O)cc3cc(OC)c(O)cc23)ccc1O,c1ccc(-c2cccc3ccccc23)cc1,train,
575,"(2S,7S,10R)-15,16-dihydroxy-2,6,6,10-tetramethyl-12-oxatetracyclo[9.7.0.02,7.013,18]octadeca-1(11),13,15,17-tetraene-14-carbaldehyde",C[C@@H]1CC[C@@H]2[C@](CCCC2(C)C)(C3=C1OC4=C(C(=C(C=C34)O)O)C=O)C,NVDJGYXDFMEUPO-KGFDFFDMSA-N,aromatic_carbo,,C[C@@H]1CC[C@H]2C(C)(C)CCC[C@]2(C)c2c1oc1c(C=O)c(O)c(O)cc21,c1ccc2c3c(oc2c1)CCC[C@H]1CCCCC31,test,
576,"(12R)-12-ethyl-9-oxo-8,16-diazatetracyclo[10.6.1.02,7.016,19]nonadeca-1(19),2,4,6,17-pentaene-17-carbaldehyde",CC[C@]12CCCN3C1=C(C=C3C=O)C4=CC=CC=C4NC(=O)CC2,SPTWAVJFKXKKPY-HXUWFJFHSA-N,aromatic_hetero,,CC[C@]12CCCn3c(C=O)cc(c31)-c1ccccc1NC(=O)CC2,O=C1CCC2CCCn3ccc(c32)-c2ccccc2N1,validation,
577,6-hydroxy-4-(4-hydroxy-3-methoxyphenyl)-5-methoxynaphthalene-2-carbaldehyde,COC1=C(C=CC(=C1)C2=C3C(=CC(=C2)C=O)C=CC(=C3OC)O)O,HWWOGKWMIOQRRX-UHFFFAOYSA-N,aromatic_carbo,,COc1cc(-c2cc(C=O)cc3ccc(O)c(OC)c23)ccc1O,c1ccc(-c2cccc3ccccc23)cc1,train,
578,(7-formylcyclopenta[c]pyran-4-yl)methyl 3-methylbutanoate,CC(C)CC(=O)OCC1=COC=C2C1=CC=C2C=O,LTVSLKWNAZKBEX-UHFFFAOYSA-N,aromatic_carbo,,CC(C)CC(=O)OCc1cocc2c(C=O)ccc1-2,c1cc2ccocc-2c1,train,
579,"4-hydroxy-3,5-di(propan-2-yl)benzaldehyde",CC(C)C1=CC(=CC(=C1O)C(C)C)C=O,WVGDLTQPAQUBMO-UHFFFAOYSA-N,aromatic_carbo,,CC(C)c1cc(C=O)cc(C(C)C)c1O,c1ccccc1,train,
580,"2,3,8-trihydroxy-7-methoxy-6-methyl-4-propan-2-ylnaphthalene-1-carbaldehyde",CC1=CC2=C(C(=C(C(=C2C(C)C)O)O)C=O)C(=C1OC)O,JYLMHTHQKBETEO-UHFFFAOYSA-N,aromatic_carbo,,COc1c(C)cc2c(C(C)C)c(O)c(O)c(C=O)c2c1O,c1ccc2ccccc2c1,train,
581,"8-chloro-9-hydroxy-3-methoxy-1,4,7-trimethyl-6-oxobenzo[b][1,4]benzodioxepine-10-carbaldehyde",CC1=CC(=C(C2=C1OC3=C(C(=C(C(=C3C(=O)O2)C)Cl)O)C=O)C)OC,LVGKNESDSKGROR-UHFFFAOYSA-N,aromatic_carbo,,COc1cc(C)c2c(c1C)OC(=O)c1c(C)c(Cl)c(O)c(C=O)c1O2,O=C1Oc2ccccc2Oc2ccccc21,train,
582,"3,13-diazapentacyclo[11.7.0.02,10.04,9.014,19]icosa-1(20),2(10),4,6,8,11,14,16,18-nonaene-20-carbaldehyde",C1=CC=C2C(=C1)C3=C(N2)C4=C(C5=CC=CC=C5N4C=C3)C=O,NSKFTNZGUJVDEK-UHFFFAOYSA-N,aromatic_hetero,,O=Cc1c2ccccc2n2ccc3c4ccccc4[nH]c3c12,c1ccc2c(c1)cc1c3[nH]c4ccccc4c3ccn21,validation,
583,"1-(1,3-benzodioxol-5-yl)-6,7-dimethoxy-3-(methoxymethyl)naphthalene-2-carbaldehyde",COCC1=C(C(=C2C=C(C(=CC2=C1)OC)OC)C3=CC4=C(C=C3)OCO4)C=O,OAJXGLZYGJVAHO-UHFFFAOYSA-N,aromatic_carbo,,COCc1cc2cc(OC)c(OC)cc2c(-c2ccc3c(c2)OCO3)c1C=O,c1ccc2c(-c3ccc4c(c3)OCO4)cccc2c1,train,
584,"ethyl 3-formyl-2,4-dihydroxy-6-methylbenzoate",CCOC(=O)C1=C(C(=C(C=C1C)O)C=O)O,HUXJGSHUVDWZAM-UHFFFAOYSA-N,aromatic_carbo,,CCOC(=O)c1c(C)cc(O)c(C=O)c1O,c1ccccc1,train,
585,"10-formyl-3,9-dihydroxy-1,4,7-trimethyl-6-oxobenzo[b][1,4]benzodioxepine-2-carboxylic acid",CC1=CC(=C(C2=C1C(=O)OC3=C(O2)C(=C(C(=C3C)O)C(=O)O)C)C=O)O,FOKAHYDSEWGOHN-UHFFFAOYSA-N,aromatic_carbo,,Cc1cc(O)c(C=O)c2c1C(=O)Oc1c(C)c(O)c(C(=O)O)c(C)c1O2,O=C1Oc2ccccc2Oc2ccccc21,train,
586,"methyl 10-formyl-3,9-dihydroxy-1,4,7-trimethyl-6-oxobenzo[b][1,4]benzodioxepine-2-carboxylate",CC1=CC(=C(C2=C1C(=O)OC3=C(O2)C(=C(C(=C3C)O)C(=O)OC)C)C=O)O,HTAATVDZOHXHBE-UHFFFAOYSA-N,aromatic_carbo,,COC(=O)c1c(C)c2c(c(C)c1O)OC(=O)c1c(C)cc(O)c(C=O)c1O2,O=C1Oc2ccccc2Oc2ccccc21,train,
587,2-hydroxy-4-propan-2-ylbenzaldehyde,CC(C)C1=CC(=C(C=C1)C=O)O,NSLDZVUVKUIYNL-UHFFFAOYSA-N,aromatic_carbo,,CC(C)c1ccc(C=O)c(O)c1,c1ccccc1,train,
588,"9,10-dihydroxy-8-methoxy-1-oxo-3-[(E)-prop-1-enyl]-6H-pyrano[4,3-c]isochromene-7-carbaldehyde",C/C=C/C1=CC2=C(C3=C(C(=C(C(=C3CO2)C=O)OC)O)O)C(=O)O1,SHZXMBWJQUATLH-ONEGZZNKSA-N,aromatic_carbo,,C/C=C/c1cc2c(c(=O)o1)-c1c(O)c(O)c(OC)c(C=O)c1CO2,O=c1occc2c1-c1ccccc1CO2,train,
589,(5-formylfuran-2-yl)methyl hydrogen sulfate,C1=C(OC(=C1)C=O)COS(=O)(=O)O,WVMJEBICTINBRO-UHFFFAOYSA-N,aromatic_hetero,,O=Cc1ccc(COS(=O)(=O)O)o1,c1ccoc1,train,
590,2-[4-formyl-3-methyl-N-(2-methylsulfonyloxyethyl)anilino]ethyl methanesulfonate,CC1=C(C=CC(=C1)N(CCOS(=O)(=O)C)CCOS(=O)(=O)C)C=O,CQVKMVQRSNNAGO-UHFFFAOYSA-N,aromatic_carbo,,Cc1cc(N(CCOS(C)(=O)=O)CCOS(C)(=O)=O)ccc1C=O,c1ccccc1,train,
591,4-[(2-formyl-3-hydroxyphenoxy)methyl]benzoic acid,C1=CC(=C(C(=C1)OCC2=CC=C(C=C2)C(=O)O)C=O)O,XEDONBRPTABQFB-UHFFFAOYSA-N,aromatic_carbo,,O=Cc1c(O)cccc1OCc1ccc(C(=O)O)cc1,c1ccc(COc2ccccc2)cc1,train,
592,"(2S,3S,4S,5S)-2,3,4,5-tetrahydroxy-6-oxohexanoic acid",C(=O)[C@H]([C@H]([C@@H]([C@@H](C(=O)O)O)O)O)O,IAJILQKETJEXLJ-MBMOQRBOSA-N,aliphatic,,O=C[C@@H](O)[C@@H](O)[C@H](O)[C@H](O)C(=O)O,__no_ring__C(=O)[C@H]([C@H]([C@@H]([C@@H](C(=O)O)O)O)O)O,validation,
593,4-oxo-7-(4-phenylphenyl)chromene-3-carbaldehyde,C1=CC=C(C=C1)C2=CC=C(C=C2)C3=CC4=C(C=C3)C(=O)C(=CO4)C=O,LWZMEMOPULJQIN-UHFFFAOYSA-N,aromatic_hetero,,O=Cc1coc2cc(-c3ccc(-c4ccccc4)cc3)ccc2c1=O,O=c1ccoc2cc(-c3ccc(-c4ccccc4)cc3)ccc12,validation,
594,"[11-acetyl-9-acetyloxy-8-(carbamoyloxymethyl)-4-formyl-14-oxa-1,11-diazatetracyclo[7.4.1.02,7.010,12]tetradeca-2(7),3,5-trien-6-yl] acetate",CC(=O)N1C2C1C3(C(C4=C(C=C(C=C4OC(=O)C)C=O)N(C2)O3)COC(=O)N)OC(=O)C,FBXPCVIKIBWXAE-UHFFFAOYSA-N,aromatic_carbo,,CC(=O)Oc1cc(C=O)cc2c1C(COC(N)=O)C1(OC(C)=O)ON2CC2C1N2C(C)=O,c1ccc2c(c1)CC1ON2CC2NC21,train,
595,"3-ethoxy-4-[(2S,3R,4S,5S,6R)-3,4,5-trihydroxy-6-(hydroxymethyl)oxan-2-yl]oxybenzaldehyde",CCOC1=C(C=CC(=C1)C=O)O[C@H]2[C@@H]([C@H]([C@@H]([C@H](O2)CO)O)O)O,SWESETWDPGZBCR-UXXRCYHCSA-N,aromatic_carbo,,CCOc1cc(C=O)ccc1O[C@@H]1O[C@H](CO)[C@@H](O)[C@H](O)[C@H]1O,c1ccc(O[C@H]2CCCCO2)cc1,train,
596,3-(2-methylfuran-3-yl)sulfanylbutanal,CC1=C(C=CO1)SC(C)CC=O,KOVPWECWUZGDHY-UHFFFAOYSA-N,aliphatic,,Cc1occc1SC(C)CC=O,c1ccoc1,train,
597,3-hydroxy-2-sulfanylpropanal,C(C(C=O)S)O,KFXMMDJTEXOROR-UHFFFAOYSA-N,aliphatic,,O=CC(S)CO,__no_ring__C(C(C=O)S)O,validation,
598,"2-oxo-3H-1,3-benzoxazole-6-carbaldehyde",C1=CC2=C(C=C1C=O)OC(=O)N2,IMJHZVCEOBDHMM-UHFFFAOYSA-N,aromatic_carbo,,O=Cc1ccc2[nH]c(=O)oc2c1,O=c1[nH]c2ccccc2o1,train,
599,4-phenylsulfanylbenzaldehyde,C1=CC=C(C=C1)SC2=CC=C(C=C2)C=O,VDNBWBPUFMZCEW-UHFFFAOYSA-N,aromatic_carbo,,O=Cc1ccc(Sc2ccccc2)cc1,c1ccc(Sc2ccccc2)cc1,train,
600,"2-(1,3-dioxoisoindol-2-yl)acetaldehyde",C1=CC=C2C(=C1)C(=O)N(C2=O)CC=O,LMRDBJZQDUVCQH-UHFFFAOYSA-N,aliphatic,,O=CCN1C(=O)c2ccccc2C1=O,O=C1NC(=O)c2ccccc21,train,
601,4-phenylpiperidine-4-carbaldehyde,C1CNCCC1(C=O)C2=CC=CC=C2,XCENPWBBAXQVCG-UHFFFAOYSA-N,aliphatic,,O=CC1(c2ccccc2)CCNCC1,c1ccc(C2CCNCC2)cc1,train,
602,"6-bromo-1,3-benzodioxole-5-carbaldehyde",C1OC2=C(O1)C=C(C(=C2)C=O)Br,CSQUXTSIDQURDV-UHFFFAOYSA-N,aromatic_carbo,,O=Cc1cc2c(cc1Br)OCO2,c1ccc2c(c1)OCO2,train,
603,"2,4,6-tribromo-3-hydroxybenzaldehyde",C1=C(C(=C(C(=C1Br)O)Br)C=O)Br,FAWOIFAFFUDNJX-UHFFFAOYSA-N,aromatic_carbo,,O=Cc1c(Br)cc(Br)c(O)c1Br,c1ccccc1,train,
604,"2,3,6-trichlorobenzaldehyde",C1=CC(=C(C(=C1Cl)C=O)Cl)Cl,AURSMWWOMOVHBM-UHFFFAOYSA-N,aromatic_carbo,,O=Cc1c(Cl)ccc(Cl)c1Cl,c1ccccc1,train,
605,"2,2,3-trichloropropanal",C(C(C=O)(Cl)Cl)Cl,VMVQOWJGWBIGEU-UHFFFAOYSA-N,aliphatic,,O=CC(Cl)(Cl)CCl,__no_ring__C(C(C=O)(Cl)Cl)Cl,validation,
606,3-methoxybutanal,CC(CC=O)OC,VVXNMKJDQVBOLT-UHFFFAOYSA-N,aliphatic,,COC(C)CC=O,__no_ring__CC(CC=O)OC,test,
607,"2,4-dihydroxy-3-methylbenzaldehyde",CC1=C(C=CC(=C1O)C=O)O,AOPMHYFEQDBXPZ-UHFFFAOYSA-N,aromatic_carbo,,Cc1c(O)ccc(C=O)c1O,c1ccccc1,train,
608,3-sulfanyloctanal,CCCCCC(CC=O)S,CQZARDZYAZYHBT-UHFFFAOYSA-N,aliphatic,,CCCCCC(S)CC=O,__no_ring__CCCCCC(CC=O)S,train,
609,6-methylcyclohex-3-ene-1-carbaldehyde,CC1CC=CCC1C=O,BOPCAWBPVSVBMM-UHFFFAOYSA-N,aliphatic,,CC1CC=CCC1C=O,C1=CCCCC1,train,
610,4-fluoro-3-phenoxybenzaldehyde,C1=CC=C(C=C1)OC2=C(C=CC(=C2)C=O)F,JDICMOLUAHZVDS-UHFFFAOYSA-N,aromatic_carbo,,O=Cc1ccc(F)c(Oc2ccccc2)c1,c1ccc(Oc2ccccc2)cc1,train,
611,3-ethylsulfanylbutanal,CCSC(C)CC=O,SIWPVNYSXLWJNM-UHFFFAOYSA-N,aliphatic,,CCSC(C)CC=O,__no_ring__CCSC(C)CC=O,train,
612,"[(3S,5S,8R,9S,10S,13R,14S,17R)-10-formyl-5,14-dihydroxy-13-methyl-17-(6-oxopyran-3-yl)-2,3,4,6,7,8,9,11,12,15,16,17-dodecahydro-1H-cyclopenta[a]phenanthren-3-yl] 3-methylbut-2-enoate",CC(=CC(=O)O[C@H]1CC[C@@]2([C@H]3CC[C@@]4([C@H](CC[C@@]4([C@@H]3CC[C@@]2(C1)O)O)C5=COC(=O)C=C5)C)C=O)C,RIOSSPWEPWYRLD-SBQWKNPYSA-N,aliphatic,,CC(C)=CC(=O)O[C@H]1CC[C@]2(C=O)[C@H]3CC[C@]4(C)[C@@H](c5ccc(=O)oc5)CC[C@]4(O)[C@@H]3CC[C@]2(O)C1,O=c1ccc([C@H]2CCC3C2CC[C@@H]2C4CCCCC4CC[C@@H]32)co1,train,
613,2-fluoroacetaldehyde,C(C=O)F,YYDWYJJLVYDJLV-UHFFFAOYSA-N,aliphatic,,O=CCF,__no_ring__C(C=O)F,train,
614,"(2R,3R,4R,5R)-2,3,5,6-tetrahydroxy-4-[(2R,3R,4S,5S,6R)-3,4,5-trihydroxy-6-(hydroxymethyl)oxan-2-yl]oxyhexanal",C([C@@H]1[C@H]([C@@H]([C@H]([C@H](O1)O[C@H]([C@@H](CO)O)[C@@H]([C@H](C=O)O)O)O)O)O)O,DKXNBNKWCZZMJT-WUJBLJFYSA-N,aliphatic,,O=C[C@H](O)[C@@H](O)[C@H](O[C@H]1O[C@H](CO)[C@@H](O)[C@H](O)[C@H]1O)[C@H](O)CO,C1CCOCC1,train,
615,N-(2-formylphenyl)formamide,C1=CC=C(C(=C1)C=O)NC=O,PVIMSPYDDGDCTG-UHFFFAOYSA-N,aromatic_carbo,,O=CNc1ccccc1C=O,c1ccccc1,train,
616,4-oxo-4-pyridin-3-ylbutanal,C1=CC(=CN=C1)C(=O)CCC=O,CFONOJVUTZAMCB-UHFFFAOYSA-N,aliphatic,,O=CCCC(=O)c1cccnc1,c1ccncc1,train,
617,3-hydroxy-4-methylbenzaldehyde,CC1=C(C=C(C=C1)C=O)O,DHVJHJQBQKKPNB-UHFFFAOYSA-N,aromatic_carbo,,Cc1ccc(C=O)cc1O,c1ccccc1,train,
618,6-amino-2-oxo-1H-pyrimidine-5-carbaldehyde,C1=NC(=O)NC(=C1C=O)N,FHSISDGOVSHJRW-UHFFFAOYSA-N,aromatic_hetero,,Nc1[nH]c(=O)ncc1C=O,O=c1nccc[nH]1,train,
619,4-hydroxybutanal,C(CC=O)CO,PIAOXUVIBAKVSP-UHFFFAOYSA-N,aliphatic,,O=CCCCO,__no_ring__C(CC=O)CO,test,
620,"(2S,3R,4R,5S)-2,3,4,5,6-pentahydroxyhexanal",C([C@@H]([C@H]([C@H]([C@@H](C=O)O)O)O)O)O,GZCGUPFRVQAUEE-DPYQTVNSSA-N,aliphatic,,O=C[C@@H](O)[C@H](O)[C@H](O)[C@@H](O)CO,__no_ring__C([C@@H]([C@H]([C@H]([C@@H](C=O)O)O)O)O)O,train,
621,"1,3,4-trimethylcyclohex-3-ene-1-carbaldehyde",CC1=C(CC(CC1)(C)C=O)C,HPPUQZZCHCEJEW-UHFFFAOYSA-N,aliphatic,,CC1=C(C)CC(C)(C=O)CC1,C1=CCCCC1,train,
622,6-oxohexanoic acid,C(CCC(=O)O)CC=O,PNPPVRALIYXJBW-UHFFFAOYSA-N,aliphatic,,O=CCCCCC(=O)O,__no_ring__C(CCC(=O)O)CC=O,validation,
623,1-hydroxynaphthalene-2-carbaldehyde,C1=CC=C2C(=C1)C=CC(=C2O)C=O,OITQDWKMIPXGFL-UHFFFAOYSA-N,aromatic_carbo,,O=Cc1ccc2ccccc2c1O,c1ccc2ccccc2c1,train,
624,2-hydroxy-3-methylbenzaldehyde,CC1=C(C(=CC=C1)C=O)O,IPPQNXSAJZOTJZ-UHFFFAOYSA-N,aromatic_carbo,,Cc1cccc(C=O)c1O,c1ccccc1,train,
625,"6,7-dihydro-5H-pyrrolizine-3-carbaldehyde",C1CC2=CC=C(N2C1)C=O,XDRGCZAFSAFSLR-UHFFFAOYSA-N,aromatic_hetero,,O=Cc1ccc2n1CCC2,c1cc2n(c1)CCC2,train,
626,"2,4-dihydroxy-6-methylbenzaldehyde",CC1=CC(=CC(=C1C=O)O)O,LJFQTUKKYWDRAT-UHFFFAOYSA-N,aromatic_carbo,,Cc1cc(O)cc(O)c1C=O,c1ccccc1,train,
627,"2-amino-3,5-dibromobenzaldehyde",C1=C(C=C(C(=C1C=O)N)Br)Br,RCPAZWISSAVDEA-UHFFFAOYSA-N,aromatic_carbo,,Nc1c(Br)cc(Br)cc1C=O,c1ccccc1,train,
628,"2,4-dioxo-1H-pyrimidine-6-carbaldehyde",C1=C(NC(=O)NC1=O)C=O,VUQNLIDVEFIQLP-UHFFFAOYSA-N,aromatic_hetero,,O=Cc1cc(=O)[nH]c(=O)[nH]1,O=c1cc[nH]c(=O)[nH]1,train,
629,2-butoxyacetaldehyde,CCCCOCC=O,RPLPGIHCAYAYKX-UHFFFAOYSA-N,aliphatic,,CCCCOCC=O,__no_ring__CCCCOCC=O,train,
630,5-[(2-chlorophenyl)methyl]-2-hydroxy-3-nitrobenzaldehyde,C1=CC=C(C(=C1)CC2=CC(=C(C(=C2)[N+](=O)[O-])O)C=O)Cl,WWNPAYUIEZTOAI-UHFFFAOYSA-N,aromatic_carbo,nitro,O=Cc1cc(Cc2ccccc2Cl)cc([N+](=O)[O-])c1O,c1ccc(Cc2ccccc2)cc1,train,
631,pyrazine-2-carbaldehyde,C1=CN=C(C=N1)C=O,DXBWJLDFSICTIH-UHFFFAOYSA-N,aromatic_hetero,,O=Cc1cnccn1,c1cnccn1,train,
632,5-hydroxypentanal,C(CCO)CC=O,CNRGMQRNYAIBTN-UHFFFAOYSA-N,aliphatic,,O=CCCCCO,__no_ring__C(CCO)CC=O,test,
633,quinoline-2-carbaldehyde,C1=CC=C2C(=C1)C=CC(=N2)C=O,WPYJKGWLDJECQD-UHFFFAOYSA-N,aromatic_hetero,,O=Cc1ccc2ccccc2n1,c1ccc2ncccc2c1,train,
634,4-methylsulfonylbenzaldehyde,CS(=O)(=O)C1=CC=C(C=C1)C=O,PSVPUHBSBYJSMQ-UHFFFAOYSA-N,aromatic_carbo,,CS(=O)(=O)c1ccc(C=O)cc1,c1ccccc1,train,
635,2-bromo-3-hydroxy-4-methoxybenzaldehyde,COC1=C(C(=C(C=C1)C=O)Br)O,QPDFBPIHEDAUKK-UHFFFAOYSA-N,aromatic_carbo,,COc1ccc(C=O)c(Br)c1O,c1ccccc1,train,
636,4-imidazol-1-ylbenzaldehyde,C1=CC(=CC=C1C=O)N2C=CN=C2,DCICUQFMCRPKHZ-UHFFFAOYSA-N,aromatic_carbo,,O=Cc1ccc(-n2ccnc2)cc1,c1ccc(-n2ccnc2)cc1,train,
637,2-chloropyridine-3-carbaldehyde,C1=CC(=C(N=C1)Cl)C=O,KHPAGGHFIDLUMB-UHFFFAOYSA-N,aromatic_hetero,,O=Cc1cccnc1Cl,c1ccncc1,train,
638,4-(benzimidazol-1-yl)benzaldehyde,C1=CC=C2C(=C1)N=CN2C3=CC=C(C=C3)C=O,RAYKWSXEKZURTM-UHFFFAOYSA-N,aromatic_carbo,,O=Cc1ccc(-n2cnc3ccccc32)cc1,c1ccc(-n2cnc3ccccc32)cc1,train,
639,4-octylbenzaldehyde,CCCCCCCCC1=CC=C(C=C1)C=O,IHKVZPVHTKOSLW-UHFFFAOYSA-N,aromatic_carbo,,CCCCCCCCc1ccc(C=O)cc1,c1ccccc1,train,
640,(5-formylfuran-2-yl)methyl acetate,CC(=O)OCC1=CC=C(O1)C=O,QAVITTVTXPZTSE-UHFFFAOYSA-N,aromatic_hetero,,CC(=O)OCc1ccc(C=O)o1,c1ccoc1,train,
641,3-(4-hydroxyphenyl)propanal,C1=CC(=CC=C1CCC=O)O,REEQXZCFSBLNDH-UHFFFAOYSA-N,aliphatic,,O=CCCc1ccc(O)cc1,c1ccccc1,train,
642,"(2R,3S,4R,5R)-2,3,4,5-tetrahydroxy-6-[(2R,3R,4S,5S,6R)-3,4,5-trihydroxy-6-(hydroxymethyl)oxan-2-yl]oxyhexanal",C([C@@H]1[C@H]([C@@H]([C@H]([C@@H](O1)OC[C@H]([C@H]([C@@H]([C@H](C=O)O)O)O)O)O)O)O)O,AYRXSINWFIIFAE-UDKQPYHCSA-N,aliphatic,,O=C[C@H](O)[C@@H](O)[C@H](O)[C@H](O)CO[C@@H]1O[C@H](CO)[C@@H](O)[C@H](O)[C@H]1O,C1CCOCC1,train,
643,undec-9-enal,CC=CCCCCCCCC=O,ZFMUIJVOIVHGCF-UHFFFAOYSA-N,aliphatic,,CC=CCCCCCCCC=O,__no_ring__CC=CCCCCCCCC=O,train,
644,(E)-oct-6-enal,C/C=C/CCCCC=O,KVNBGNGISDIZRP-NSCUHMNNSA-N,aliphatic,,C/C=C/CCCCC=O,__no_ring__C/C=C/CCCCC=O,test,
645,8-methyldecanal,CCC(C)CCCCCCC=O,VXUUJYSSICSSIX-UHFFFAOYSA-N,aliphatic,,CCC(C)CCCCCCC=O,__no_ring__CCC(C)CCCCCCC=O,test,
646,"deca-4,7-dienal",CCC=CCC=CCCC=O,MZLGFRRNMCCNBB-UHFFFAOYSA-N,aliphatic,,CCC=CCC=CCCC=O,__no_ring__CCC=CCC=CCCC=O,train,
647,2-hydroxypropanal,CC(C=O)O,BSABBBMNWQWLLU-UHFFFAOYSA-N,aliphatic,,CC(O)C=O,__no_ring__CC(C=O)O,train,
648,2-methylsulfanyl-1H-indole-3-carbaldehyde,CSC1=C(C2=CC=CC=C2N1)C=O,QSSMEVWVRIEBSR-UHFFFAOYSA-N,aromatic_hetero,,CSc1[nH]c2ccccc2c1C=O,c1ccc2[nH]ccc2c1,train,
649,2-phenoxybenzaldehyde,C1=CC=C(C=C1)OC2=CC=CC=C2C=O,IMPIIVKYTNMBCD-UHFFFAOYSA-N,aromatic_carbo,,O=Cc1ccccc1Oc1ccccc1,c1ccc(Oc2ccccc2)cc1,train,
650,4-(5-formylfuran-2-yl)benzenesulfonamide,C1=CC(=CC=C1C2=CC=C(O2)C=O)S(=O)(=O)N,CTFUCNXKRYTIQE-UHFFFAOYSA-N,aromatic_hetero,,NS(=O)(=O)c1ccc(-c2ccc(C=O)o2)cc1,c1ccc(-c2ccco2)cc1,train,
651,1-[(2-nitrophenyl)methyl]pyrrole-2-carbaldehyde,C1=CC=C(C(=C1)CN2C=CC=C2C=O)[N+](=O)[O-],AKFAPUIPEQSHJL-UHFFFAOYSA-N,aromatic_hetero,nitro,O=Cc1cccn1Cc1ccccc1[N+](=O)[O-],c1ccc(Cn2cccc2)cc1,train,
652,"3-(3-formyl-2,5-dimethylpyrrol-1-yl)-2-methylbenzoic acid",CC1=CC(=C(N1C2=CC=CC(=C2C)C(=O)O)C)C=O,LQCHZVZBSQAVDA-UHFFFAOYSA-N,aromatic_hetero,,Cc1c(C(=O)O)cccc1-n1c(C)cc(C=O)c1C,c1ccc(-n2cccc2)cc1,train,
653,"2-chloro-5,7-dimethylquinoline-3-carbaldehyde",CC1=CC(=C2C=C(C(=NC2=C1)Cl)C=O)C,DIMGKYRNZAHUIS-UHFFFAOYSA-N,aromatic_hetero,,Cc1cc(C)c2cc(C=O)c(Cl)nc2c1,c1ccc2ncccc2c1,train,
654,"2-(4-methylpiperazin-1-yl)-1,3-thiazole-5-carbaldehyde",CN1CCN(CC1)C2=NC=C(S2)C=O,TUJAFVJUJXMFEG-UHFFFAOYSA-N,aromatic_hetero,,CN1CCN(c2ncc(C=O)s2)CC1,c1csc(N2CCNCC2)n1,train,
655,1-benzyl-3-(4-methylphenyl)pyrazole-4-carbaldehyde,CC1=CC=C(C=C1)C2=NN(C=C2C=O)CC3=CC=CC=C3,DXDSVGUXUANIKU-UHFFFAOYSA-N,aromatic_hetero,,Cc1ccc(-c2nn(Cc3ccccc3)cc2C=O)cc1,c1ccc(Cn2ccc(-c3ccccc3)n2)cc1,train,
656,3-methyl-5-phenoxy-1-phenylpyrazole-4-carbaldehyde,CC1=NN(C(=C1C=O)OC2=CC=CC=C2)C3=CC=CC=C3,PPEYODGHGWCLLE-UHFFFAOYSA-N,aromatic_hetero,,Cc1nn(-c2ccccc2)c(Oc2ccccc2)c1C=O,c1ccc(Oc2ccnn2-c2ccccc2)cc1,train,
657,N-ethyl-2-(4-formyl-2-methoxyphenoxy)acetamide,CCNC(=O)COC1=C(C=C(C=C1)C=O)OC,DEKHHYUNIVIVFV-UHFFFAOYSA-N,aromatic_carbo,,CCNC(=O)COc1ccc(C=O)cc1OC,c1ccccc1,train,
658,4-(azepan-1-yl)benzaldehyde,C1CCCN(CC1)C2=CC=C(C=C2)C=O,MIMHJRMSIZFETH-UHFFFAOYSA-N,aromatic_carbo,,O=Cc1ccc(N2CCCCCC2)cc1,c1ccc(N2CCCCCC2)cc1,train,
659,2-(4-methoxyphenoxy)benzaldehyde,COC1=CC=C(C=C1)OC2=CC=CC=C2C=O,ZPGJUBFCROCTOT-UHFFFAOYSA-N,aromatic_carbo,,COc1ccc(Oc2ccccc2C=O)cc1,c1ccc(Oc2ccccc2)cc1,train,
660,4-(3-formylphenyl)benzoic acid,C1=CC(=CC(=C1)C2=CC=C(C=C2)C(=O)O)C=O,ZIJAWDBNCZHVRY-UHFFFAOYSA-N,aromatic_carbo,,O=Cc1cccc(-c2ccc(C(=O)O)cc2)c1,c1ccc(-c2ccccc2)cc1,train,
661,1-pyridin-3-ylpyrrole-2-carbaldehyde,C1=CC(=CN=C1)N2C=CC=C2C=O,LNJLQAHCCSBMCK-UHFFFAOYSA-N,aromatic_hetero,,O=Cc1cccn1-c1cccnc1,c1cncc(-n2cccc2)c1,train,
662,1-(4-chlorophenyl)-3-phenylpyrazole-4-carbaldehyde,C1=CC=C(C=C1)C2=NN(C=C2C=O)C3=CC=C(C=C3)Cl,FFROWSGMCWMYFW-UHFFFAOYSA-N,aromatic_hetero,,O=Cc1cn(-c2ccc(Cl)cc2)nc1-c1ccccc1,c1ccc(-c2ccn(-c3ccccc3)n2)cc1,train,
663,tert-butyl N-[(2S)-1-oxobutan-2-yl]carbamate,CC[C@@H](C=O)NC(=O)OC(C)(C)C,NBDAUFXJXMBQRC-ZETCQYMHSA-N,aliphatic,,CC[C@@H](C=O)NC(=O)OC(C)(C)C,__no_ring__CC[C@@H](C=O)NC(=O)OC(C)(C)C,test,
664,tert-butyl N-[(2S)-1-oxopentan-2-yl]carbamate,CCC[C@@H](C=O)NC(=O)OC(C)(C)C,POQXUDBUMCSVHF-QMMMGPOBSA-N,aliphatic,,CCC[C@@H](C=O)NC(=O)OC(C)(C)C,__no_ring__CCC[C@@H](C=O)NC(=O)OC(C)(C)C,test,
665,"2,4-dihydroxy-5-methylbenzaldehyde",CC1=CC(=C(C=C1O)O)C=O,JATWPRIBCRVOHC-UHFFFAOYSA-N,aromatic_carbo,,Cc1cc(C=O)c(O)cc1O,c1ccccc1,train,
666,3-(3-formyl-4-hydroxyphenyl)propanoic acid,C1=CC(=C(C=C1CCC(=O)O)C=O)O,YMGULNJHSFAVDD-UHFFFAOYSA-N,aromatic_carbo,,O=Cc1cc(CCC(=O)O)ccc1O,c1ccccc1,train,
667,"2,5,8,11,14-pentaoxabicyclo[13.4.0]nonadeca-1(15),16,18-triene-17-carbaldehyde",C1COCCOC2=C(C=C(C=C2)C=O)OCCOCCO1,MBJIKIAWNPEHOR-UHFFFAOYSA-N,aromatic_carbo,,O=Cc1ccc2c(c1)OCCOCCOCCOCCO2,c1ccc2c(c1)OCCOCCOCCOCCO2,validation,
668,"5-(3,4-dimethoxyphenyl)-1H-pyrazole-4-carbaldehyde",COC1=C(C=C(C=C1)C2=C(C=NN2)C=O)OC,MVOHBLRFSWSWBD-UHFFFAOYSA-N,aromatic_hetero,,COc1ccc(-c2[nH]ncc2C=O)cc1OC,c1ccc(-c2ccn[nH]2)cc1,train,
669,3-chloro-1H-indole-2-carbaldehyde,C1=CC=C2C(=C1)C(=C(N2)C=O)Cl,IHPBJLYJOIUBDY-UHFFFAOYSA-N,aromatic_hetero,,O=Cc1[nH]c2ccccc2c1Cl,c1ccc2[nH]ccc2c1,train,
670,4-methoxy-3-(pyridin-2-ylsulfanylmethyl)benzaldehyde,COC1=C(C=C(C=C1)C=O)CSC2=CC=CC=N2,ZNIMAFXWOSZUPB-UHFFFAOYSA-N,aromatic_carbo,,COc1ccc(C=O)cc1CSc1ccccn1,c1ccc(CSc2ccccn2)cc1,train,
671,3-(4-methoxyphenyl)-1-phenylpyrazole-4-carbaldehyde,COC1=CC=C(C=C1)C2=NN(C=C2C=O)C3=CC=CC=C3,KGEVSOCXYXEMSM-UHFFFAOYSA-N,aromatic_hetero,,COc1ccc(-c2nn(-c3ccccc3)cc2C=O)cc1,c1ccc(-c2ccn(-c3ccccc3)n2)cc1,train,
672,"2-(2-chloroanilino)-4-oxopyrido[1,2-a]pyrimidine-3-carbaldehyde",C1=CC=C(C(=C1)NC2=C(C(=O)N3C=CC=CC3=N2)C=O)Cl,MXFVDRQFTYWPFW-UHFFFAOYSA-N,aromatic_hetero,,O=Cc1c(Nc2ccccc2Cl)nc2ccccn2c1=O,O=c1cc(Nc2ccccc2)nc2ccccn12,train,
673,4-(2-morpholin-4-yl-2-oxoethoxy)benzaldehyde,C1COCCN1C(=O)COC2=CC=C(C=C2)C=O,KHQZOOBUOHUYHO-UHFFFAOYSA-N,aromatic_carbo,,O=Cc1ccc(OCC(=O)N2CCOCC2)cc1,O=C(COc1ccccc1)N1CCOCC1,train,
674,"2-piperidin-1-yl-1,3-thiazole-5-carbaldehyde",C1CCN(CC1)C2=NC=C(S2)C=O,NWOAHSDBLWFXAG-UHFFFAOYSA-N,aromatic_hetero,,O=Cc1cnc(N2CCCCC2)s1,c1csc(N2CCCCC2)n1,train,
675,"2,5-dimethyl-1-propylpyrrole-3-carbaldehyde",CCCN1C(=CC(=C1C)C=O)C,GETOENOXCMONOE-UHFFFAOYSA-N,aromatic_hetero,,CCCn1c(C)cc(C=O)c1C,c1cc[nH]c1,train,
676,"2-(4-methoxyphenyl)-1,3-thiazole-4-carbaldehyde",COC1=CC=C(C=C1)C2=NC(=CS2)C=O,YZUAAQCBGVFCRK-UHFFFAOYSA-N,aromatic_hetero,,COc1ccc(-c2nc(C=O)cs2)cc1,c1ccc(-c2nccs2)cc1,train,
677,"2,4-dinitrobenzaldehyde",C1=CC(=C(C=C1[N+](=O)[O-])[N+](=O)[O-])C=O,ZILXIZUBLXVYPI-UHFFFAOYSA-N,aromatic_carbo,nitro,O=Cc1ccc([N+](=O)[O-])cc1[N+](=O)[O-],c1ccccc1,train,
678,5-(chloromethyl)furan-2-carbaldehyde,C1=C(OC(=C1)C=O)CCl,KAZRCBVXUOCTIO-UHFFFAOYSA-N,aromatic_hetero,,O=Cc1ccc(CCl)o1,c1ccoc1,train,
679,3-phenylmethoxybenzaldehyde,C1=CC=C(C=C1)COC2=CC=CC(=C2)C=O,JAICGBJIBWDEIZ-UHFFFAOYSA-N,aromatic_carbo,,O=Cc1cccc(OCc2ccccc2)c1,c1ccc(COc2ccccc2)cc1,train,
680,7-(diethylamino)-2-oxochromene-3-carbaldehyde,CCN(CC)C1=CC2=C(C=C1)C=C(C(=O)O2)C=O,HWQSZPUCHJKWLS-UHFFFAOYSA-N,aromatic_hetero,,CCN(CC)c1ccc2cc(C=O)c(=O)oc2c1,O=c1ccc2ccccc2o1,train,
681,quinoline-8-carbaldehyde,C1=CC2=C(C(=C1)C=O)N=CC=C2,OVZQVGZERAFSPI-UHFFFAOYSA-N,aromatic_carbo,,O=Cc1cccc2cccnc12,c1ccc2ncccc2c1,train,
682,5-phenylthiophene-2-carbaldehyde,C1=CC=C(C=C1)C2=CC=C(S2)C=O,APWHJDHTLFVWSQ-UHFFFAOYSA-N,aromatic_hetero,,O=Cc1ccc(-c2ccccc2)s1,c1ccc(-c2cccs2)cc1,train,
683,"3-hydroxy-2,4,6-triiodobenzaldehyde",C1=C(C(=C(C(=C1I)O)I)C=O)I,PYEXBDXARWXOHC-UHFFFAOYSA-N,aromatic_carbo,,O=Cc1c(I)cc(I)c(O)c1I,c1ccccc1,train,
684,2-hydroxy-5-iodobenzaldehyde,C1=CC(=C(C=C1I)C=O)O,PDFVIWFKGYODKD-UHFFFAOYSA-N,aromatic_carbo,,O=Cc1cc(I)ccc1O,c1ccccc1,train,
685,"2-amino-4,6-dichloropyrimidine-5-carbaldehyde",C(=O)C1=C(N=C(N=C1Cl)N)Cl,GOJUJUVQIVIZAV-UHFFFAOYSA-N,aromatic_hetero,,Nc1nc(Cl)c(C=O)c(Cl)n1,c1cncnc1,train,
686,"3,6-dimethoxy-2-nitrobenzaldehyde",COC1=C(C(=C(C=C1)OC)[N+](=O)[O-])C=O,IOHYBMYWODOPEY-UHFFFAOYSA-N,aromatic_carbo,nitro,COc1ccc(OC)c([N+](=O)[O-])c1C=O,c1ccccc1,train,
687,ethyl 3-formyl-4-hydroxybenzoate,CCOC(=O)C1=CC(=C(C=C1)O)C=O,WOANOAGQWVVXQR-UHFFFAOYSA-N,aromatic_carbo,,CCOC(=O)c1ccc(O)c(C=O)c1,c1ccccc1,train,
688,4-piperidin-1-ylbenzaldehyde,C1CCN(CC1)C2=CC=C(C=C2)C=O,ILJVPSVCFVQUAD-UHFFFAOYSA-N,aromatic_carbo,,O=Cc1ccc(N2CCCCC2)cc1,c1ccc(N2CCCCC2)cc1,train,
689,2-bromo-5-methoxybenzaldehyde,COC1=CC(=C(C=C1)Br)C=O,XNHKTMIWQCNZST-UHFFFAOYSA-N,aromatic_carbo,,COc1ccc(Br)c(C=O)c1,c1ccccc1,train,
690,5-thiophen-2-ylthiophene-2-carbaldehyde,C1=CSC(=C1)C2=CC=C(S2)C=O,FYBWRAXKYXTOQC-UHFFFAOYSA-N,aromatic_hetero,,O=Cc1ccc(-c2cccs2)s1,c1csc(-c2cccs2)c1,train,
691,3-bromo-5-chloro-2-hydroxybenzaldehyde,C1=C(C=C(C(=C1C=O)O)Br)Cl,KNOYZLVIXXBBIB-UHFFFAOYSA-N,aromatic_carbo,,O=Cc1cc(Cl)cc(Br)c1O,c1ccccc1,train,
692,3-fluoro-2-hydroxybenzaldehyde,C1=CC(=C(C(=C1)F)O)C=O,NWDHTEIVMDYWQJ-UHFFFAOYSA-N,aromatic_carbo,,O=Cc1cccc(F)c1O,c1ccccc1,train,
693,5-bromofuran-2-carbaldehyde,C1=C(OC(=C1)Br)C=O,WJTFHWXMITZNHS-UHFFFAOYSA-N,aromatic_hetero,,O=Cc1ccc(Br)o1,c1ccoc1,train,
694,3-(5-formylfuran-2-yl)benzoic acid,C1=CC(=CC(=C1)C(=O)O)C2=CC=C(O2)C=O,WOAXPFPTVKBPAC-UHFFFAOYSA-N,aromatic_hetero,,O=Cc1ccc(-c2cccc(C(=O)O)c2)o1,c1ccc(-c2ccco2)cc1,train,
695,3-(4-chlorophenyl)-1-phenylpyrazole-4-carbaldehyde,C1=CC=C(C=C1)N2C=C(C(=N2)C3=CC=C(C=C3)Cl)C=O,FTUHJYUSTWIPBN-UHFFFAOYSA-N,aromatic_hetero,,O=Cc1cn(-c2ccccc2)nc1-c1ccc(Cl)cc1,c1ccc(-c2ccn(-c3ccccc3)n2)cc1,train,
696,"5-(1,3-benzothiazol-2-yl)furan-2-carbaldehyde",C1=CC=C2C(=C1)N=C(S2)C3=CC=C(O3)C=O,WTVOYONXUGCDPY-UHFFFAOYSA-N,aromatic_hetero,,O=Cc1ccc(-c2nc3ccccc3s2)o1,c1coc(-c2nc3ccccc3s2)c1,validation,
697,4-[(4-nitrophenyl)methoxy]benzaldehyde,C1=CC(=CC=C1COC2=CC=C(C=C2)C=O)[N+](=O)[O-],RIYUFYPNHRLRON-UHFFFAOYSA-N,aromatic_carbo,nitro,O=Cc1ccc(OCc2ccc([N+](=O)[O-])cc2)cc1,c1ccc(COc2ccccc2)cc1,train,
698,5-(4-methoxyphenyl)-1H-pyrazole-4-carbaldehyde,COC1=CC=C(C=C1)C2=C(C=NN2)C=O,QSGGFCPKXTULQQ-UHFFFAOYSA-N,aromatic_hetero,,COc1ccc(-c2[nH]ncc2C=O)cc1,c1ccc(-c2ccn[nH]2)cc1,train,
699,2-chloro-7-methylquinoline-3-carbaldehyde,CC1=CC2=NC(=C(C=C2C=C1)C=O)Cl,YBNADSVXXWMWKH-UHFFFAOYSA-N,aromatic_hetero,,Cc1ccc2cc(C=O)c(Cl)nc2c1,c1ccc2ncccc2c1,train,
700,(4-formyl-2-methoxyphenyl) thiophene-2-carboxylate,COC1=C(C=CC(=C1)C=O)OC(=O)C2=CC=CS2,ZOLFWKYWRIZFDP-UHFFFAOYSA-N,aromatic_carbo,,COc1cc(C=O)ccc1OC(=O)c1cccs1,O=C(Oc1ccccc1)c1cccs1,train,
701,4-(diethylamino)-2-methoxybenzaldehyde,CCN(CC)C1=CC(=C(C=C1)C=O)OC,FJBDMJZBYSCLLJ-UHFFFAOYSA-N,aromatic_carbo,,CCN(CC)c1ccc(C=O)c(OC)c1,c1ccccc1,train,
702,2-hydroxy-5-phenylmethoxybenzaldehyde,C1=CC=C(C=C1)COC2=CC(=C(C=C2)O)C=O,QIQZAISWDRNIFG-UHFFFAOYSA-N,aromatic_carbo,,O=Cc1cc(OCc2ccccc2)ccc1O,c1ccc(COc2ccccc2)cc1,train,
703,6-methoxy-1H-indole-3-carbaldehyde,COC1=CC2=C(C=C1)C(=CN2)C=O,JTEFJNIWWXTBMP-UHFFFAOYSA-N,aromatic_hetero,,COc1ccc2c(C=O)c[nH]c2c1,c1ccc2[nH]ccc2c1,train,
704,4-hexoxy-3-methoxybenzaldehyde,CCCCCCOC1=C(C=C(C=C1)C=O)OC,DYJXODUYQQLNDC-UHFFFAOYSA-N,aromatic_carbo,,CCCCCCOc1ccc(C=O)cc1OC,c1ccccc1,train,
705,3-methoxy-4-prop-2-enoxybenzaldehyde,COC1=C(C=CC(=C1)C=O)OCC=C,DGWCHURQYFMBFC-UHFFFAOYSA-N,aromatic_carbo,,C=CCOc1ccc(C=O)cc1OC,c1ccccc1,train,
706,4-(3-methylphenyl)benzaldehyde,CC1=CC(=CC=C1)C2=CC=C(C=C2)C=O,LUJIYJCRJKYCRK-UHFFFAOYSA-N,aromatic_carbo,,Cc1cccc(-c2ccc(C=O)cc2)c1,c1ccc(-c2ccccc2)cc1,train,
707,4-bromo-1H-indole-3-carbaldehyde,C1=CC2=C(C(=C1)Br)C(=CN2)C=O,IPAFHZDRYAWZOB-UHFFFAOYSA-N,aromatic_hetero,,O=Cc1c[nH]c2cccc(Br)c12,c1ccc2[nH]ccc2c1,train,
708,"1,3-thiazole-5-carbaldehyde",C1=C(SC=N1)C=O,ZXRLWHGLEJGMNO-UHFFFAOYSA-N,aromatic_hetero,,O=Cc1cncs1,c1cscn1,train,
709,5-bromo-4-hydroxy-3-methoxy-2-nitrobenzaldehyde,COC1=C(C(=CC(=C1O)Br)C=O)[N+](=O)[O-],XAZNBZJAJJLBJC-UHFFFAOYSA-N,aromatic_carbo,nitro,COc1c(O)c(Br)cc(C=O)c1[N+](=O)[O-],c1ccccc1,train,
710,tert-butyl N-(2-oxoethyl)carbamate,CC(C)(C)OC(=O)NCC=O,ACNRTYKOPZDRCO-UHFFFAOYSA-N,aliphatic,,CC(C)(C)OC(=O)NCC=O,__no_ring__CC(C)(C)OC(=O)NCC=O,train,
711,2-bromopyridine-3-carbaldehyde,C1=CC(=C(N=C1)Br)C=O,GNFWMEFWZWXLIN-UHFFFAOYSA-N,aromatic_hetero,,O=Cc1cccnc1Br,c1ccncc1,train,
712,5-pyridin-3-ylfuran-2-carbaldehyde,C1=CC(=CN=C1)C2=CC=C(O2)C=O,UAFODGXPXFMOJK-UHFFFAOYSA-N,aromatic_hetero,,O=Cc1ccc(-c2cccnc2)o1,c1cncc(-c2ccco2)c1,train,
713,"3,5-dichloro-4-hydroxybenzaldehyde",C1=C(C=C(C(=C1Cl)O)Cl)C=O,LIYGCLJYTHRBQV-UHFFFAOYSA-N,aromatic_carbo,,O=Cc1cc(Cl)c(O)c(Cl)c1,c1ccccc1,train,
714,3-chloro-4-hydroxybenzaldehyde,C1=CC(=C(C=C1C=O)Cl)O,VGSOCYWCRMXQAB-UHFFFAOYSA-N,aromatic_carbo,,O=Cc1ccc(O)c(Cl)c1,c1ccccc1,train,
715,9H-fluorene-2-carbaldehyde,C1C2=CC=CC=C2C3=C1C=C(C=C3)C=O,MNQGEQSXFDKAPY-UHFFFAOYSA-N,aromatic_carbo,,O=Cc1ccc2c(c1)Cc1ccccc1-2,c1ccc2c(c1)Cc1ccccc1-2,train,
716,"2,3-dimethoxybenzaldehyde",COC1=CC=CC(=C1OC)C=O,JIVGSHFYXPRRSZ-UHFFFAOYSA-N,aromatic_carbo,,COc1cccc(C=O)c1OC,c1ccccc1,train,
717,"6-formyl-2,3-dimethoxybenzoic acid",COC1=C(C(=C(C=C1)C=O)C(=O)O)OC,HVXXOIGTXJOVON-UHFFFAOYSA-N,aromatic_carbo,,COc1ccc(C=O)c(C(=O)O)c1OC,c1ccccc1,train,
718,4-(trifluoromethoxy)benzaldehyde,C1=CC(=CC=C1C=O)OC(F)(F)F,XQNVDQZWOBPLQZ-UHFFFAOYSA-N,aromatic_carbo,,O=Cc1ccc(OC(F)(F)F)cc1,c1ccccc1,train,
719,cyclopentanecarbaldehyde,C1CCC(C1)C=O,VELDYOPRLMJFIK-UHFFFAOYSA-N,aliphatic,,O=CC1CCCC1,C1CCCC1,train,
720,"4-hydroxy-3,5-diiodobenzaldehyde",C1=C(C=C(C(=C1I)O)I)C=O,WHLUEIMENHLCMY-UHFFFAOYSA-N,aromatic_carbo,,O=Cc1cc(I)c(O)c(I)c1,c1ccccc1,train,
721,3-methoxy-4-phenylmethoxybenzaldehyde,COC1=C(C=CC(=C1)C=O)OCC2=CC=CC=C2,JSHLOPGSDZTEGQ-UHFFFAOYSA-N,aromatic_carbo,,COc1cc(C=O)ccc1OCc1ccccc1,c1ccc(COc2ccccc2)cc1,train,
722,"2-bromo-4,5-dimethoxybenzaldehyde",COC1=C(C=C(C(=C1)C=O)Br)OC,UQQROBHFUDBOOK-UHFFFAOYSA-N,aromatic_carbo,,COc1cc(Br)c(C=O)cc1OC,c1ccccc1,train,
723,2-methoxynaphthalene-1-carbaldehyde,COC1=C(C2=CC=CC=C2C=C1)C=O,YIQGLTKAOHRZOL-UHFFFAOYSA-N,aromatic_carbo,,COc1ccc2ccccc2c1C=O,c1ccc2ccccc2c1,train,
724,"2-chloro-3,4-dimethoxybenzaldehyde",COC1=C(C(=C(C=C1)C=O)Cl)OC,SAWHDJTZESXNMM-UHFFFAOYSA-N,aromatic_carbo,,COc1ccc(C=O)c(Cl)c1OC,c1ccccc1,train,
725,"3,4-bis(phenylmethoxy)benzaldehyde",C1=CC=C(C=C1)COC2=C(C=C(C=C2)C=O)OCC3=CC=CC=C3,XDDLXZHBWVFPRG-UHFFFAOYSA-N,aromatic_carbo,,O=Cc1ccc(OCc2ccccc2)c(OCc2ccccc2)c1,c1ccc(COc2ccccc2OCc2ccccc2)cc1,train,
726,"2,2-dimethylpent-4-enal",CC(C)(CC=C)C=O,DXSDIWHOOOBQTJ-UHFFFAOYSA-N,aliphatic,,C=CCC(C)(C)C=O,__no_ring__CC(C)(CC=C)C=O,test,
727,4-methoxy-3-phenylmethoxybenzaldehyde,COC1=C(C=C(C=C1)C=O)OCC2=CC=CC=C2,VQVQZFHUXRSRBZ-UHFFFAOYSA-N,aromatic_carbo,,COc1ccc(C=O)cc1OCc1ccccc1,c1ccc(COc2ccccc2)cc1,train,
728,"3-bromo-4,5-dimethoxybenzaldehyde",COC1=C(C(=CC(=C1)C=O)Br)OC,ICVODPFGWCUVJC-UHFFFAOYSA-N,aromatic_carbo,,COc1cc(C=O)cc(Br)c1OC,c1ccccc1,train,
729,5-(4-nitrophenyl)furan-2-carbaldehyde,C1=CC(=CC=C1C2=CC=C(O2)C=O)[N+](=O)[O-],RTSOJVJDKNKNFU-UHFFFAOYSA-N,aromatic_hetero,nitro,O=Cc1ccc(-c2ccc([N+](=O)[O-])cc2)o1,c1ccc(-c2ccco2)cc1,train,
730,"4,5-dimethoxy-2-methylbenzaldehyde",CC1=CC(=C(C=C1C=O)OC)OC,RMIZEUOAFVZZJG-UHFFFAOYSA-N,aromatic_carbo,,COc1cc(C)c(C=O)cc1OC,c1ccccc1,train,
731,4-methoxynaphthalene-1-carbaldehyde,COC1=CC=C(C2=CC=CC=C21)C=O,MVXMNHYVCLMLDD-UHFFFAOYSA-N,aromatic_carbo,,COc1ccc(C=O)c2ccccc12,c1ccc2ccccc2c1,train,
732,3-ethoxybenzaldehyde,CCOC1=CC=CC(=C1)C=O,QZMGMXBYJZVAJN-UHFFFAOYSA-N,aromatic_carbo,,CCOc1cccc(C=O)c1,c1ccccc1,train,
733,3-formylbenzonitrile,C1=CC(=CC(=C1)C#N)C=O,HGZJJKZPPMFIBU-UHFFFAOYSA-N,aromatic_carbo,,N#Cc1cccc(C=O)c1,c1ccccc1,train,
734,4-prop-2-enoxybenzaldehyde,C=CCOC1=CC=C(C=C1)C=O,TYNJQOJWNMZQFZ-UHFFFAOYSA-N,aromatic_carbo,,C=CCOc1ccc(C=O)cc1,c1ccccc1,train,
735,3-methoxy-2-nitrobenzaldehyde,COC1=CC=CC(=C1[N+](=O)[O-])C=O,GDTUACILWWLIJF-UHFFFAOYSA-N,aromatic_carbo,nitro,COc1cccc(C=O)c1[N+](=O)[O-],c1ccccc1,train,
736,2-formylbenzonitrile,C1=CC=C(C(=C1)C=O)C#N,QVTPWONEVZJCCS-UHFFFAOYSA-N,aromatic_carbo,,N#Cc1ccccc1C=O,c1ccccc1,train,
737,4-dodecoxybenzaldehyde,CCCCCCCCCCCCOC1=CC=C(C=C1)C=O,ZBEGLEYBWGNZJA-UHFFFAOYSA-N,aromatic_carbo,,CCCCCCCCCCCCOc1ccc(C=O)cc1,c1ccccc1,train,
738,4-methylnaphthalene-1-carbaldehyde,CC1=CC=C(C2=CC=CC=C12)C=O,LANRGTXVAPBSIA-UHFFFAOYSA-N,aromatic_carbo,,Cc1ccc(C=O)c2ccccc12,c1ccc2ccccc2c1,train,
739,3-hydroxy-2-methylpentanal,CCC(C(C)C=O)O,YWUGUGHGGWKGEG-UHFFFAOYSA-N,aliphatic,,CCC(O)C(C)C=O,__no_ring__CCC(C(C)C=O)O,validation,
740,2H-triazole-4-carbaldehyde,C1=NNN=C1C=O,MOLKLIYWXFEEJM-UHFFFAOYSA-N,aromatic_hetero,,O=Cc1cn[nH]n1,c1cn[nH]n1,train,
741,5-methoxy-2-nitrobenzaldehyde,COC1=CC(=C(C=C1)[N+](=O)[O-])C=O,BNTDDWPHSMILHQ-UHFFFAOYSA-N,aromatic_carbo,nitro,COc1ccc([N+](=O)[O-])c(C=O)c1,c1ccccc1,train,
742,"1,3-benzothiazole-2-carbaldehyde",C1=CC=C2C(=C1)N=C(S2)C=O,RHKPJTFLRQNNGJ-UHFFFAOYSA-N,aromatic_hetero,,O=Cc1nc2ccccc2s1,c1ccc2scnc2c1,train,
743,3-iodobenzaldehyde,C1=CC(=CC(=C1)I)C=O,RZODAQZAFOBFLS-UHFFFAOYSA-N,aromatic_carbo,,O=Cc1cccc(I)c1,c1ccccc1,train,
744,2-(methylamino)benzaldehyde,CNC1=CC=CC=C1C=O,LIZGLUQDMOJDMM-UHFFFAOYSA-N,aromatic_carbo,,CNc1ccccc1C=O,c1ccccc1,train,
745,"6,8-dichloro-4-oxochromene-3-carbaldehyde",C1=C(C=C(C2=C1C(=O)C(=CO2)C=O)Cl)Cl,IHCCHRKNCOFDAJ-UHFFFAOYSA-N,aromatic_hetero,,O=Cc1coc2c(Cl)cc(Cl)cc2c1=O,O=c1ccoc2ccccc12,train,
746,2-oxo-1H-quinoline-3-carbaldehyde,C1=CC=C2C(=C1)C=C(C(=O)N2)C=O,VWHKEYXRRNSJTN-UHFFFAOYSA-N,aromatic_hetero,,O=Cc1cc2ccccc2[nH]c1=O,O=c1ccc2ccccc2[nH]1,train,
747,9-methylcarbazole-3-carbaldehyde,CN1C2=C(C=C(C=C2)C=O)C3=CC=CC=C31,PNTJHESWOJBCRP-UHFFFAOYSA-N,aromatic_carbo,,Cn1c2ccccc2c2cc(C=O)ccc21,c1ccc2c(c1)[nH]c1ccccc12,train,
748,6-bromo-4-oxochromene-3-carbaldehyde,C1=CC2=C(C=C1Br)C(=O)C(=CO2)C=O,PCEZXSJBHMOQFT-UHFFFAOYSA-N,aromatic_hetero,,O=Cc1coc2ccc(Br)cc2c1=O,O=c1ccoc2ccccc12,train,
749,2-bromo-5-hydroxy-4-methoxybenzaldehyde,COC1=C(C=C(C(=C1)Br)C=O)O,AHYSXUDLJOFNAB-UHFFFAOYSA-N,aromatic_carbo,,COc1cc(Br)c(C=O)cc1O,c1ccccc1,train,
750,5-(4-bromophenyl)furan-2-carbaldehyde,C1=CC(=CC=C1C2=CC=C(O2)C=O)Br,QRTAOOSYSVHQGT-UHFFFAOYSA-N,aromatic_hetero,,O=Cc1ccc(-c2ccc(Br)cc2)o1,c1ccc(-c2ccco2)cc1,train,
751,5-(4-chlorophenyl)furan-2-carbaldehyde,C1=CC(=CC=C1C2=CC=C(O2)C=O)Cl,ROJGJNINTRCMBL-UHFFFAOYSA-N,aromatic_hetero,,O=Cc1ccc(-c2ccc(Cl)cc2)o1,c1ccc(-c2ccco2)cc1,train,
752,6-fluoro-4-oxochromene-3-carbaldehyde,C1=CC2=C(C=C1F)C(=O)C(=CO2)C=O,VHRMOTNEBIKURN-UHFFFAOYSA-N,aromatic_hetero,,O=Cc1coc2ccc(F)cc2c1=O,O=c1ccoc2ccccc12,train,
753,6-nitro-4-oxochromene-3-carbaldehyde,C1=CC2=C(C=C1[N+](=O)[O-])C(=O)C(=CO2)C=O,JBDRQGWTNRIJRV-UHFFFAOYSA-N,aromatic_hetero,nitro,O=Cc1coc2ccc([N+](=O)[O-])cc2c1=O,O=c1ccoc2ccccc12,train,
754,4-butoxy-3-ethoxybenzaldehyde,CCCCOC1=C(C=C(C=C1)C=O)OCC,GVCSYUPPGUVAPK-UHFFFAOYSA-N,aromatic_carbo,,CCCCOc1ccc(C=O)cc1OCC,c1ccccc1,train,
755,(5-formyl-2-methoxyphenyl)boronic acid,B(C1=C(C=CC(=C1)C=O)OC)(O)O,NKKNXLPHCRLBDY-UHFFFAOYSA-N,aromatic_carbo,boron,COc1ccc(C=O)cc1B(O)O,c1ccccc1,train,
756,2-oxochromene-6-carbaldehyde,C1=CC2=C(C=CC(=O)O2)C=C1C=O,RQCHYJGDSCWRSQ-UHFFFAOYSA-N,aromatic_carbo,,O=Cc1ccc2oc(=O)ccc2c1,O=c1ccc2ccccc2o1,train,
757,1-(4-nitrophenyl)triazole-4-carbaldehyde,C1=CC(=CC=C1N2C=C(N=N2)C=O)[N+](=O)[O-],YGHWZZLJKCSTCA-UHFFFAOYSA-N,aromatic_hetero,nitro,O=Cc1cn(-c2ccc([N+](=O)[O-])cc2)nn1,c1ccc(-n2ccnn2)cc1,train,
758,1-(4-chlorophenyl)triazole-4-carbaldehyde,C1=CC(=CC=C1N2C=C(N=N2)C=O)Cl,QMQRIACXYRMOBZ-UHFFFAOYSA-N,aromatic_hetero,,O=Cc1cn(-c2ccc(Cl)cc2)nn1,c1ccc(-n2ccnn2)cc1,train,
759,(3-formyl-4-methoxyphenyl)boronic acid,B(C1=CC(=C(C=C1)OC)C=O)(O)O,YJQDBKGGRPJSOI-UHFFFAOYSA-N,aromatic_carbo,boron,COc1ccc(B(O)O)cc1C=O,c1ccccc1,train,
760,6-methyl-1H-indole-3-carbaldehyde,CC1=CC2=C(C=C1)C(=CN2)C=O,LZERQSJGPXFAKB-UHFFFAOYSA-N,aromatic_hetero,,Cc1ccc2c(C=O)c[nH]c2c1,c1ccc2[nH]ccc2c1,train,
761,1-(4-methoxyphenyl)triazole-4-carbaldehyde,COC1=CC=C(C=C1)N2C=C(N=N2)C=O,KQTUSCSEMYSWFX-UHFFFAOYSA-N,aromatic_hetero,,COc1ccc(-n2cc(C=O)nn2)cc1,c1ccc(-n2ccnn2)cc1,train,
762,"3,5-dichlorobenzaldehyde",C1=C(C=C(C=C1Cl)Cl)C=O,CASRSOJWLARCRX-UHFFFAOYSA-N,aromatic_carbo,,O=Cc1cc(Cl)cc(Cl)c1,c1ccccc1,train,
763,"2,5-dimethyl-1-phenylpyrrole-3-carbaldehyde",CC1=CC(=C(N1C2=CC=CC=C2)C)C=O,LNROIXNEIZSESG-UHFFFAOYSA-N,aromatic_hetero,,Cc1cc(C=O)c(C)n1-c1ccccc1,c1ccc(-n2cccc2)cc1,train,
764,3-(4-formyl-N-methylanilino)propanenitrile,CN(CCC#N)C1=CC=C(C=C1)C=O,DNRTTXXWWAKULZ-UHFFFAOYSA-N,aromatic_carbo,,CN(CCC#N)c1ccc(C=O)cc1,c1ccccc1,train,
765,"2,4,6-trinitrobenzaldehyde",C1=C(C=C(C(=C1[N+](=O)[O-])C=O)[N+](=O)[O-])[N+](=O)[O-],HWFUMAYINFTNSZ-UHFFFAOYSA-N,aromatic_carbo,nitro,O=Cc1c([N+](=O)[O-])cc([N+](=O)[O-])cc1[N+](=O)[O-],c1ccccc1,train,
766,4-(dipropylamino)benzaldehyde,CCCN(CCC)C1=CC=C(C=C1)C=O,HDOZLDYBGNJMMZ-UHFFFAOYSA-N,aromatic_carbo,,CCCN(CCC)c1ccc(C=O)cc1,c1ccccc1,train,
767,2-chloro-4-(dimethylamino)benzaldehyde,CN(C)C1=CC(=C(C=C1)C=O)Cl,XSQFAWMDRFSIMY-UHFFFAOYSA-N,aromatic_carbo,,CN(C)c1ccc(C=O)c(Cl)c1,c1ccccc1,train,
768,4-(N-phenylanilino)benzaldehyde,C1=CC=C(C=C1)N(C2=CC=CC=C2)C3=CC=C(C=C3)C=O,UESSERYYFWCTBU-UHFFFAOYSA-N,aromatic_carbo,,O=Cc1ccc(N(c2ccccc2)c2ccccc2)cc1,c1ccc(N(c2ccccc2)c2ccccc2)cc1,train,
769,4-hexoxybenzaldehyde,CCCCCCOC1=CC=C(C=C1)C=O,GWXUVWKBVROFDM-UHFFFAOYSA-N,aromatic_carbo,,CCCCCCOc1ccc(C=O)cc1,c1ccccc1,train,
770,8-formylnaphthalene-1-carboxylic acid,C1=CC2=C(C(=C1)C=O)C(=CC=C2)C(=O)O,HLHDIWAOQIRETC-UHFFFAOYSA-N,aromatic_carbo,,O=Cc1cccc2cccc(C(=O)O)c12,c1ccc2ccccc2c1,train,
771,4-(2-hydroxyethoxy)benzaldehyde,C1=CC(=CC=C1C=O)OCCO,VCDGTEZSUNFOKA-UHFFFAOYSA-N,aromatic_carbo,,O=Cc1ccc(OCCO)cc1,c1ccccc1,train,
772,bicyclo[2.2.1]hept-5-ene-2-carbaldehyde,C1C2CC(C1C=C2)C=O,AJIBZRIAUXVGQJ-UHFFFAOYSA-N,aliphatic,,O=CC1CC2C=CC1C2,C1=CC2CCC1C2,train,
773,"6-hydroxy-1-azatricyclo[7.3.1.05,13]trideca-5(13),6,8-triene-7-carbaldehyde",C1CC2=CC(=C(C3=C2N(C1)CCC3)O)C=O,NRZXBDYODHLZBF-UHFFFAOYSA-N,aromatic_carbo,,O=Cc1cc2c3c(c1O)CCCN3CCC2,c1cc2c3c(c1)CCCN3CCC2,train,
774,oxolane-3-carbaldehyde,C1COCC1C=O,GSUBXIVOZXWGKF-UHFFFAOYSA-N,aliphatic,,O=CC1CCOC1,C1CCOC1,train,
775,"1-ethyl-2,5-dimethylpyrrole-3-carbaldehyde",CCN1C(=CC(=C1C)C=O)C,NWDZDFOKSUDVJV-UHFFFAOYSA-N,aromatic_hetero,,CCn1c(C)cc(C=O)c1C,c1cc[nH]c1,train,
776,1-acetylindole-3-carbaldehyde,CC(=O)N1C=C(C2=CC=CC=C21)C=O,LCJLFGSKHBDOAY-UHFFFAOYSA-N,aromatic_hetero,,CC(=O)n1cc(C=O)c2ccccc21,c1ccc2[nH]ccc2c1,train,
777,methyl 2-formylbenzoate,COC(=O)C1=CC=CC=C1C=O,YRMODRRGEUGHTF-UHFFFAOYSA-N,aromatic_carbo,,COC(=O)c1ccccc1C=O,c1ccccc1,train,
778,5-hydroxy-2-methoxybenzaldehyde,COC1=C(C=C(C=C1)O)C=O,HWNIBJPEJAWOTR-UHFFFAOYSA-N,aromatic_carbo,,COc1ccc(O)cc1C=O,c1ccccc1,train,
779,5-chloro-1H-indole-3-carbaldehyde,C1=CC2=C(C=C1Cl)C(=CN2)C=O,YXEXOIGXNYITQH-UHFFFAOYSA-N,aromatic_hetero,,O=Cc1c[nH]c2ccc(Cl)cc12,c1ccc2[nH]ccc2c1,train,
780,"2,2-dimethylchromene-6-carbaldehyde",CC1(C=CC2=C(O1)C=CC(=C2)C=O)C,ZDSKIIMVDTYOLV-UHFFFAOYSA-N,aromatic_carbo,,CC1(C)C=Cc2cc(C=O)ccc2O1,C1=Cc2ccccc2OC1,train,
781,"2-hydroxy-4,5-dimethoxybenzaldehyde",COC1=C(C=C(C(=C1)C=O)O)OC,XIKGRPKDQDFXLF-UHFFFAOYSA-N,aromatic_carbo,,COc1cc(O)c(C=O)cc1OC,c1ccccc1,train,
782,6-chloro-1H-indole-3-carbaldehyde,C1=CC2=C(C=C1Cl)NC=C2C=O,CTNIXLBHXMSZKL-UHFFFAOYSA-N,aromatic_hetero,,O=Cc1c[nH]c2cc(Cl)ccc12,c1ccc2[nH]ccc2c1,train,
783,2-formylbenzenesulfonic acid,C1=CC=C(C(=C1)C=O)S(=O)(=O)O,SHHKMWMIKILKQW-UHFFFAOYSA-N,aromatic_carbo,,O=Cc1ccccc1S(=O)(=O)O,c1ccccc1,train,
784,2-chloro-2-methylpropanal,CC(C)(C=O)Cl,UJZCIPIWDBMTLY-UHFFFAOYSA-N,aliphatic,,CC(C)(Cl)C=O,__no_ring__CC(C)(C=O)Cl,test,
785,"2,2,3,3,4,4,4-heptafluorobutanal",C(=O)C(C(C(F)(F)F)(F)F)(F)F,IQJZGNJYXIIMGP-UHFFFAOYSA-N,aliphatic,,O=CC(F)(F)C(F)(F)C(F)(F)F,__no_ring__C(=O)C(C(C(F)(F)F)(F)F)(F)F,train,
786,6-methylpyridine-2-carbaldehyde,CC1=NC(=CC=C1)C=O,AHISYUZBWDSPQL-UHFFFAOYSA-N,aromatic_hetero,,Cc1cccc(C=O)n1,c1ccncc1,train,
787,2-phenoxyacetaldehyde,C1=CC=C(C=C1)OCC=O,XFFILAFLGDUMBF-UHFFFAOYSA-N,aliphatic,,O=CCOc1ccccc1,c1ccccc1,train,
788,4-butoxybenzaldehyde,CCCCOC1=CC=C(C=C1)C=O,XHWMNHADTZZHGI-UHFFFAOYSA-N,aromatic_carbo,,CCCCOc1ccc(C=O)cc1,c1ccccc1,train,
789,5-chlorothiophene-2-carbaldehyde,C1=C(SC(=C1)Cl)C=O,VWYFITBWBRVBSW-UHFFFAOYSA-N,aromatic_hetero,,O=Cc1ccc(Cl)s1,c1ccsc1,train,
790,3-(3-propan-2-ylphenyl)butanal,CC(C)C1=CC(=CC=C1)C(C)CC=O,OHRBQTOZYGEWCJ-UHFFFAOYSA-N,aliphatic,,CC(C)c1cccc(C(C)CC=O)c1,c1ccccc1,train,
791,4-octoxybenzaldehyde,CCCCCCCCOC1=CC=C(C=C1)C=O,KVOWZHASDIKNFK-UHFFFAOYSA-N,aromatic_carbo,,CCCCCCCCOc1ccc(C=O)cc1,c1ccccc1,train,
792,undec-8-enal,CCC=CCCCCCCC=O,DWQXOILNGUCNSH-UHFFFAOYSA-N,aliphatic,,CCC=CCCCCCCC=O,__no_ring__CCC=CCCCCCCC=O,train,
793,"3,5-dimethylcyclohex-3-ene-1-carbaldehyde",CC1CC(CC(=C1)C)C=O,ZHDQGHCZWWDMRS-UHFFFAOYSA-N,aliphatic,,CC1=CC(C)CC(C=O)C1,C1=CCCCC1,train,
794,"5,9-dimethyldeca-4,8-dienal",CC(=CCCC(=CCCC=O)C)C,MMLYERLRGHVBEK-UHFFFAOYSA-N,aliphatic,,CC(C)=CCCC(C)=CCCC=O,__no_ring__CC(=CCCC(=CCCC=O)C)C,test,
795,2-(4-methylphenoxy)acetaldehyde,CC1=CC=C(C=C1)OCC=O,KWNAUDMYKHHEOA-UHFFFAOYSA-N,aliphatic,,Cc1ccc(OCC=O)cc1,c1ccccc1,train,
796,3-methyl-5-phenylpentanal,CC(CCC1=CC=CC=C1)CC=O,DFJMIMVMOIFPQG-UHFFFAOYSA-N,aliphatic,,CC(CC=O)CCc1ccccc1,c1ccccc1,train,
797,7-methyl-3-methylideneoct-6-enal,CC(=CCCC(=C)CC=O)C,ODULZPPCXSTHDT-UHFFFAOYSA-N,aliphatic,,C=C(CC=O)CCC=C(C)C,__no_ring__CC(=CCCC(=C)CC=O)C,train,
798,2-methyl-3-[4-(2-methylpropyl)phenyl]propanal,CC(C)CC1=CC=C(C=C1)CC(C)C=O,YLIXVKUWWOQREC-UHFFFAOYSA-N,aliphatic,,CC(C)Cc1ccc(CC(C)C=O)cc1,c1ccccc1,train,
799,2-hydroxy-5-nonylbenzaldehyde,CCCCCCCCCC1=CC(=C(C=C1)O)C=O,JYWIGMQDJSGOMD-UHFFFAOYSA-N,aromatic_carbo,,CCCCCCCCCc1ccc(O)c(C=O)c1,c1ccccc1,train,
800,"3-(6,6-dimethyl-2-bicyclo[3.1.1]hept-2-enyl)propanal",CC1(C2CC=C(C1C2)CCC=O)C,DDFGFKGJBOILQZ-UHFFFAOYSA-N,aliphatic,,CC1(C)C2CC=C(CCC=O)C1C2,C1=CC2CC(C1)C2,validation,
801,"4-(1,1,2,2-tetrafluoroethoxy)benzaldehyde",C1=CC(=CC=C1C=O)OC(C(F)F)(F)F,ZTBIQWAGWYPSHC-UHFFFAOYSA-N,aromatic_carbo,,O=Cc1ccc(OC(F)(F)C(F)F)cc1,c1ccccc1,train,
802,non-8-enal,C=CCCCCCCC=O,QPOZUISHEWOWQL-UHFFFAOYSA-N,aliphatic,,C=CCCCCCCC=O,__no_ring__C=CCCCCCCC=O,test,
803,"3-(1,3-benzodioxol-5-yl)propanal",C1OC2=C(O1)C=C(C=C2)CCC=O,IDCKZBGINKOTOL-UHFFFAOYSA-N,aliphatic,,O=CCCc1ccc2c(c1)OCO2,c1ccc2c(c1)OCO2,train,
804,"2,2,3,3,4,4,5,5-octafluoropentanal",C(=O)C(C(C(C(F)F)(F)F)(F)F)(F)F,BQFRALWVZATVGY-UHFFFAOYSA-N,aliphatic,,O=CC(F)(F)C(F)(F)C(F)(F)C(F)F,__no_ring__C(=O)C(C(C(C(F)F)(F)F)(F)F)(F)F,train,
805,(Z)-dec-7-enal,CC/C=C\CCCCCC=O,UZFFFFWQKMPLAC-ARJAWSKDSA-N,aliphatic,,CC/C=C\CCCCCC=O,__no_ring__CC/C=C\CCCCCC=O,train,
806,(E)-dec-4-enal,CCCCC/C=C/CCC=O,CWRKZMLUDFBPAO-VOTSOKGWSA-N,aliphatic,,CCCCC/C=C/CCC=O,__no_ring__CCCCC/C=C/CCC=O,train,
807,"6,8-dimethylnon-7-enal",CC(CCCCC=O)C=C(C)C,MSRUKASFIHGGTH-UHFFFAOYSA-N,aliphatic,,CC(C)=CC(C)CCCCC=O,__no_ring__CC(CCCCC=O)C=C(C)C,validation,
808,(E)-4-methyl-5-(4-methylphenyl)pent-4-enal,CC1=CC=C(C=C1)/C=C(\C)/CCC=O,LBKHGAIELUNYML-ZRDIBKRKSA-N,aliphatic,,C/C(=C\c1ccc(C)cc1)CCC=O,c1ccccc1,train,
809,5-methyl-1H-pyrrole-2-carbaldehyde,CC1=CC=C(N1)C=O,LFWLUDLUCDRDAF-UHFFFAOYSA-N,aromatic_hetero,,Cc1ccc(C=O)[nH]1,c1cc[nH]c1,train,
810,5-methylhexanal,CC(C)CCCC=O,GEKRISJWBAIIAA-UHFFFAOYSA-N,aliphatic,,CC(C)CCCC=O,__no_ring__CC(C)CCCC=O,train,
811,"2,5-dimethylbenzaldehyde",CC1=CC(=C(C=C1)C)C=O,SMUVABOERCFKRW-UHFFFAOYSA-N,aromatic_carbo,,Cc1ccc(C)c(C=O)c1,c1ccccc1,train,
812,4-ethenylbenzaldehyde,C=CC1=CC=C(C=C1)C=O,QBFNGLBSVFKILI-UHFFFAOYSA-N,aromatic_carbo,,C=Cc1ccc(C=O)cc1,c1ccccc1,train,
813,3-chloro-4-methoxybenzaldehyde,COC1=C(C=C(C=C1)C=O)Cl,WYVGYYIZXPXHAZ-UHFFFAOYSA-N,aromatic_carbo,,COc1ccc(C=O)cc1Cl,c1ccccc1,train,
814,3-methylthiophene-2-carbaldehyde,CC1=C(SC=C1)C=O,BSQKBHXYEKVKMN-UHFFFAOYSA-N,aromatic_hetero,,Cc1ccsc1C=O,c1ccsc1,train,
815,"2-hydroxy-3,4-dimethoxybenzaldehyde",COC1=C(C(=C(C=C1)C=O)O)OC,UIOMNPYQUBMBOJ-UHFFFAOYSA-N,aromatic_carbo,,COc1ccc(C=O)c(O)c1OC,c1ccccc1,train,
816,5-ethylfuran-2-carbaldehyde,CCC1=CC=C(O1)C=O,XADGZBXFWQHBDB-UHFFFAOYSA-N,aromatic_hetero,,CCc1ccc(C=O)o1,c1ccoc1,train,
817,3-ethylbenzaldehyde,CCC1=CC(=CC=C1)C=O,LLYXUFQXCNIGDG-UHFFFAOYSA-N,aromatic_carbo,,CCc1cccc(C=O)c1,c1ccccc1,train,
818,"3-hydroxy-2,4-dimethoxybenzaldehyde",COC1=C(C(=C(C=C1)C=O)OC)O,COBXDAOIDYGHGK-UHFFFAOYSA-N,aromatic_carbo,,COc1ccc(C=O)c(OC)c1O,c1ccccc1,train,
819,2-ethylbenzaldehyde,CCC1=CC=CC=C1C=O,NTWBHJYRDKBGBR-UHFFFAOYSA-N,aromatic_carbo,,CCc1ccccc1C=O,c1ccccc1,train,
820,4-oxopentanal,CC(=O)CCC=O,KEHNRUNQZGRQHU-UHFFFAOYSA-N,aliphatic,,CC(=O)CCC=O,__no_ring__CC(=O)CCC=O,test,
821,3-propan-2-ylbenzaldehyde,CC(C)C1=CC=CC(=C1)C=O,FFQXEFNKZVGJDI-UHFFFAOYSA-N,aromatic_carbo,,CC(C)c1cccc(C=O)c1,c1ccccc1,train,
822,"4-hydroxy-2,6-dimethoxybenzaldehyde",COC1=CC(=CC(=C1C=O)OC)O,HZWPJAZIRZFCGX-UHFFFAOYSA-N,aromatic_carbo,,COc1cc(O)cc(OC)c1C=O,c1ccccc1,train,
823,"2,3-dihydro-1H-indene-4-carbaldehyde",C1CC2=C(C1)C(=CC=C2)C=O,VAZZQRFSDNZKPO-UHFFFAOYSA-N,aromatic_carbo,,O=Cc1cccc2c1CCC2,c1ccc2c(c1)CCC2,train,
824,1H-indole-7-carbaldehyde,C1=CC2=C(C(=C1)C=O)NC=C2,XQVZDADGTFJAFM-UHFFFAOYSA-N,aromatic_carbo,,O=Cc1cccc2cc[nH]c12,c1ccc2[nH]ccc2c1,train,
825,"2,3,4-trimethylbenzaldehyde",CC1=C(C(=C(C=C1)C=O)C)C,RPZOPDOUASNMNP-UHFFFAOYSA-N,aromatic_carbo,,Cc1ccc(C=O)c(C)c1C,c1ccccc1,train,
826,(E)-hept-4-enal,CC/C=C/CCC=O,VVGOCOMZRGWHPI-ONEGZZNKSA-N,aliphatic,,CC/C=C/CCC=O,__no_ring__CC/C=C/CCC=O,train,
827,4-propan-2-ylcyclohex-3-ene-1-carbaldehyde,CC(C)C1=CCC(CC1)C=O,MGJVBPPEWVKZTN-UHFFFAOYSA-N,aliphatic,,CC(C)C1=CCC(C=O)CC1,C1=CCCCC1,train,
828,1-(3-methylbutyl)pyrrole-2-carbaldehyde,CC(C)CCN1C=CC=C1C=O,JVGRNRKMDAVBIH-UHFFFAOYSA-N,aromatic_hetero,,CC(C)CCn1cccc1C=O,c1cc[nH]c1,train,
829,"(3Z)-3,7-dimethylocta-3,6-dienal",CC(=CC/C=C(/C)\CC=O)C,OJLMARCQPSGYNE-POHAHGRESA-N,aliphatic,,CC(C)=CC/C=C(/C)CC=O,__no_ring__CC(=CC/C=C(/C)\CC=O)C,validation,
830,"3,7-dimethylocta-3,6-dienal",CC(=CCC=C(C)CC=O)C,OJLMARCQPSGYNE-UHFFFAOYSA-N,aliphatic,,CC(C)=CCC=C(C)CC=O,__no_ring__CC(=CCC=C(C)CC=O)C,test,
831,7-methyloctanal,CC(C)CCCCCC=O,JRPPVSMCCSLJPL-UHFFFAOYSA-N,aliphatic,,CC(C)CCCCCC=O,__no_ring__CC(C)CCCCCC=O,validation,
832,2-hydroxy-2-(4-hydroxy-3-methoxyphenyl)acetaldehyde,COC1=C(C=CC(=C1)C(C=O)O)O,VISAJVAPYPFKCL-UHFFFAOYSA-N,aliphatic,,COc1cc(C(O)C=O)ccc1O,c1ccccc1,train,
833,(4S)-4-amino-5-oxopentanoic acid,C(CC(=O)O)[C@@H](C=O)N,MPUUQNGXJSEWTF-BYPYZUCNSA-N,aliphatic,,N[C@H](C=O)CCC(=O)O,__no_ring__C(CC(=O)O)[C@@H](C=O)N,train,
834,"(1S,12S,13R,14R,15E)-15-ethylidene-3,17-diazapentacyclo[12.3.1.02,10.04,9.012,17]octadeca-2(10),4,6,8-tetraene-13-carbaldehyde",C/C=C\1/CN2[C@H]3C[C@@H]1[C@H]([C@@H]2CC4=C3NC5=CC=CC=C45)C=O,MHASSCPGKAMILD-VICVVEARSA-N,aliphatic,,C/C=C1/CN2[C@H]3C[C@@H]1[C@@H](C=O)[C@@H]2Cc1c3[nH]c2ccccc12,C=C1CN2[C@H]3Cc4c([nH]c5ccccc45)[C@@H]2C[C@@H]1C3,train,
835,"(1S,12S,13S,14R,15E)-15-ethylidene-3,17-diazapentacyclo[12.3.1.02,10.04,9.012,17]octadeca-2(10),4,6,8-tetraene-13-carbaldehyde",C/C=C\1/CN2[C@H]3C[C@@H]1[C@@H]([C@@H]2CC4=C3NC5=CC=CC=C45)C=O,MHASSCPGKAMILD-MIOJWWSHSA-N,aliphatic,,C/C=C1/CN2[C@H]3C[C@@H]1[C@H](C=O)[C@@H]2Cc1c3[nH]c2ccccc12,C=C1CN2[C@H]3Cc4c([nH]c5ccccc45)[C@@H]2C[C@@H]1C3,train,
836,3-bis(2-chloroethylamino)phosphoryloxypropanal,C(COP(=O)(NCCCl)NCCCl)C=O,IPTJZZUYNOWWHM-UHFFFAOYSA-N,aliphatic,phosphorus,O=CCCOP(=O)(NCCCl)NCCCl,__no_ring__C(COP(=O)(NCCCl)NCCCl)C=O,validation,
837,benzyl N-[(2S)-4-methyl-1-[[(2S)-4-methyl-1-oxo-1-[[(2S)-1-oxohexan-2-yl]amino]pentan-2-yl]amino]-1-oxopentan-2-yl]carbamate,CCCC[C@@H](C=O)NC(=O)[C@H](CC(C)C)NC(=O)[C@H](CC(C)C)NC(=O)OCC1=CC=CC=C1,RNPDUXVFGTULLP-VABKMULXSA-N,aliphatic,,CCCC[C@@H](C=O)NC(=O)[C@H](CC(C)C)NC(=O)[C@H](CC(C)C)NC(=O)OCc1ccccc1,c1ccccc1,train,
838,"N-[(2S,3R,4S,5R)-3,4,5,6-tetrahydroxy-1-oxohexan-2-yl]acetamide",CC(=O)N[C@H](C=O)[C@H]([C@@H]([C@@H](CO)O)O)O,MBLBDJOUHNCFQT-WCTZXXKLSA-N,aliphatic,,CC(=O)N[C@H](C=O)[C@@H](O)[C@H](O)[C@H](O)CO,__no_ring__CC(=O)N[C@H](C=O)[C@H]([C@@H]([C@@H](CO)O)O)O,train,
839,2-aminoacetaldehyde,C(C=O)N,LYIIBVSRGJSHAV-UHFFFAOYSA-N,aliphatic,,NCC=O,__no_ring__C(C=O)N,train,
840,"[(2R,3R,4R,5R)-2,3,4,5-tetrahydroxy-6-oxohexyl] dihydrogen phosphate",C([C@H]([C@H]([C@H]([C@H](C=O)O)O)O)O)OP(=O)(O)O,VFRROHXSMXFLSN-BGPJRJDNSA-N,aliphatic,phosphorus,O=C[C@H](O)[C@H](O)[C@H](O)[C@H](O)COP(=O)(O)O,__no_ring__C([C@H]([C@H]([C@H]([C@H](C=O)O)O)O)O)OP(=O)(O)O,train,
841,(3-oxo-2-phenylpropyl) carbamate,C1=CC=C(C=C1)C(COC(=O)N)C=O,XUCMSYZLYLONTH-UHFFFAOYSA-N,aliphatic,,NC(=O)OCC(C=O)c1ccccc1,c1ccccc1,train,
842,5-formyl-3-hydroxy-2-methylpyridine-4-carboxylic acid,CC1=NC=C(C(=C1O)C(=O)O)C=O,JTWNWNJMNSJYDL-UHFFFAOYSA-N,aromatic_hetero,,Cc1ncc(C=O)c(C(=O)O)c1O,c1ccncc1,train,
843,2-methyl-3-oxopropanoic acid,CC(C=O)C(=O)O,VOKUMXABRRXHAR-UHFFFAOYSA-N,aliphatic,,CC(C=O)C(=O)O,__no_ring__CC(C=O)C(=O)O,test,
844,2-(4-hydroxy-3-methoxyphenyl)acetaldehyde,COC1=C(C=CC(=C1)CC=O)O,GOQGGGANVKPMNH-UHFFFAOYSA-N,aliphatic,,COc1cc(CC=O)ccc1O,c1ccccc1,train,
845,2-(1-methylimidazol-4-yl)acetaldehyde,CN1C=C(N=C1)CC=O,GCQHUBANENYTLB-UHFFFAOYSA-N,aliphatic,,Cn1cnc(CC=O)c1,c1c[nH]cn1,train,
846,(2R)-2-hydroxypropanal,C[C@H](C=O)O,BSABBBMNWQWLLU-GSVOUGTGSA-N,aliphatic,,C[C@@H](O)C=O,__no_ring__C[C@H](C=O)O,validation,
847,(2S)-2-(3-carboxypropanoylamino)-5-oxopentanoic acid,C(C[C@@H](C(=O)O)NC(=O)CCC(=O)O)C=O,XTOKIEIBKARFSZ-LURJTMIESA-N,aliphatic,,O=CCC[C@H](NC(=O)CCC(=O)O)C(=O)O,__no_ring__C(C[C@@H](C(=O)O)NC(=O)CCC(=O)O)C=O,train,
848,"(2S,4R)-2-amino-4-hydroxy-5-oxopentanoic acid",C([C@H](C=O)O)[C@@H](C(=O)O)N,XCXUZPXOFFRGGP-DMTCNVIQSA-N,aliphatic,,N[C@@H](C[C@@H](O)C=O)C(=O)O,__no_ring__C([C@H](C=O)O)[C@@H](C(=O)O)N,train,
849,(2S)-2-methyl-3-oxopropanoic acid,C[C@@H](C=O)C(=O)O,VOKUMXABRRXHAR-VKHMYHEASA-N,aliphatic,,C[C@@H](C=O)C(=O)O,__no_ring__C[C@@H](C=O)C(=O)O,validation,
850,"trans-(1R,3R)-2,2-dimethyl-3-(2-methylprop-1-enyl)cyclopropane-1-carbaldehyde",CC(=C[C@@H]1[C@H](C1(C)C)C=O)C,NQLKPDBZZUIQGM-RKDXNWHRSA-N,aliphatic,,CC(C)=C[C@@H]1[C@@H](C=O)C1(C)C,C1CC1,train,
851,2-amino-6-oxohexanoic acid,C(CC=O)CC(C(=O)O)N,GFXYTQPNNXGICT-UHFFFAOYSA-N,aliphatic,,NC(CCCC=O)C(=O)O,__no_ring__C(CC=O)CC(C(=O)O)N,train,
852,3-methoxy-5-(1H-pyrrol-2-yl)-1H-pyrrole-2-carbaldehyde,COC1=C(NC(=C1)C2=CC=CN2)C=O,MQCYELLGZFKAFD-UHFFFAOYSA-N,aromatic_hetero,,COc1cc(-c2ccc[nH]2)[nH]c1C=O,c1c[nH]c(-c2ccc[nH]2)c1,train,
853,"(2S)-2,3-dihydroxypropanal",C([C@@H](C=O)O)O,MNQZXJOMYWMBOU-GSVOUGTGSA-N,aliphatic,,O=C[C@@H](O)CO,__no_ring__C([C@@H](C=O)O)O,validation,
854,"(1S,2S,5S,7S,9R,10S,11R,14S)-9-hydroxy-7-(2-hydroxypropan-2-yl)-1,2-dimethyl-6-oxa-23-azahexacyclo[12.10.0.02,11.05,10.016,24.017,22]tetracosa-16(24),17,19,21-tetraene-10-carbaldehyde",C[C@]12CC[C@H]3[C@]([C@@H]1CC[C@@H]4[C@@]2(C5=C(C4)C6=CC=CC=C6N5)C)([C@@H](C[C@H](O3)C(C)(C)O)O)C=O,BKWWGNDKMSPYIS-KYYKPQATSA-N,aliphatic,,CC(C)(O)[C@@H]1C[C@@H](O)[C@]2(C=O)[C@H](CC[C@@]3(C)[C@H]2CC[C@H]2Cc4c([nH]c5ccccc45)[C@@]23C)O1,c1ccc2c3c([nH]c2c1)C1C2CC[C@@H]4OCCCC4[C@@H]2CC[C@H]1C3,validation,
855,"1,3-dimethyl-5-phenoxypyrazole-4-carbaldehyde",CC1=NN(C(=C1C=O)OC2=CC=CC=C2)C,WCLPDOWYSKMISR-UHFFFAOYSA-N,aromatic_hetero,,Cc1nn(C)c(Oc2ccccc2)c1C=O,c1ccc(Oc2ccn[nH]2)cc1,train,
856,2-methyl-3-phenylbenzaldehyde,CC1=C(C=CC=C1C2=CC=CC=C2)C=O,IFMFMTSKMLYKOB-UHFFFAOYSA-N,aromatic_carbo,,Cc1c(C=O)cccc1-c1ccccc1,c1ccc(-c2ccccc2)cc1,train,
857,3-methyl-5-phenoxy-1H-pyrazole-4-carbaldehyde,CC1=NNC(=C1C=O)OC2=CC=CC=C2,XSJFXIGFPGGEMK-UHFFFAOYSA-N,aromatic_hetero,,Cc1n[nH]c(Oc2ccccc2)c1C=O,c1ccc(Oc2ccn[nH]2)cc1,train,
858,"1-hydroxy-1-methyl-2H-[1,3]thiazolo[3,2-a]indole-4-carbaldehyde",CC1(CSC2=C(C3=CC=CC=C3N21)C=O)O,ZIEFIDANMCIAOW-UHFFFAOYSA-N,aromatic_hetero,,CC1(O)CSc2c(C=O)c3ccccc3n21,c1ccc2c(c1)cc1n2CCS1,validation,
859,"2-(3,4-dihydroxyphenyl)-1,3-benzodioxole-5-carbaldehyde",C1=CC2=C(C=C1C=O)OC(O2)C3=CC(=C(C=C3)O)O,GVZIWSSFZNAGTN-UHFFFAOYSA-N,aromatic_carbo,,O=Cc1ccc2c(c1)OC(c1ccc(O)c(O)c1)O2,c1ccc(C2Oc3ccccc3O2)cc1,train,
860,2-methyl-5-(1-oxopropan-2-yl)cyclopentane-1-carboxylic acid,CC1CCC(C1C(=O)O)C(C)C=O,RGTMAXSVLBZNEL-UHFFFAOYSA-N,aliphatic,,CC(C=O)C1CCC(C)C1C(=O)O,C1CCCC1,train,
861,"4,5-dihydroxy-2-methyl-3-[(2E,6E)-3,7,11-trimethyldodeca-2,6,10-trienyl]benzaldehyde",CC1=C(C(=C(C=C1C=O)O)O)C/C=C(\C)/CC/C=C(\C)/CCC=C(C)C,ZLQKZPMAXCSTJG-VZRGJMDUSA-N,aromatic_carbo,,CC(C)=CCC/C(C)=C/CC/C(C)=C/Cc1c(C)c(C=O)cc(O)c1O,c1ccccc1,train,
862,"2,3-dihydroxy-7,10a-dimethyl-8-(3-methylbut-2-enyl)-9,10-dioxo-4-propan-2-yl-8,8a-dihydro-5H-anthracene-1-carbaldehyde",CC1=CCC2(C(C1CC=C(C)C)C(=O)C3=C(C(=C(C(=C3C2=O)C(C)C)O)O)C=O)C,FMJIKKXSIVRJGO-UHFFFAOYSA-N,aromatic_carbo,,CC(C)=CCC1C(C)=CCC2(C)C(=O)c3c(c(C=O)c(O)c(O)c3C(C)C)C(=O)C12,O=C1c2ccccc2C(=O)C2CC=CCC12,validation,
863,"3-methoxy-4-[(2S,3R,4S,5S,6R)-3,4,5-trihydroxy-6-(hydroxymethyl)oxan-2-yl]oxybenzaldehyde",COC1=C(C=CC(=C1)C=O)O[C@H]2[C@@H]([C@H]([C@@H]([C@H](O2)CO)O)O)O,LPRNQMUKVDHCFX-RKQHYHRCSA-N,aromatic_carbo,,COc1cc(C=O)ccc1O[C@@H]1O[C@H](CO)[C@@H](O)[C@H](O)[C@H]1O,c1ccc(O[C@H]2CCCCO2)cc1,train,
864,"2,8-dihydroxy-7-methoxy-6-methyl-4-propan-2-ylnaphthalene-1-carbaldehyde",CC1=CC2=C(C(=C(C=C2C(C)C)O)C=O)C(=C1OC)O,WDKQNEBNLKMOLB-UHFFFAOYSA-N,aromatic_carbo,,COc1c(C)cc2c(C(C)C)cc(O)c(C=O)c2c1O,c1ccc2ccccc2c1,train,
865,"10-hydroxy-2,2,5,8-tetramethyl-4,7-dioxo-3H-chromeno[7,6-b][1,4]benzodioxepine-11-carbaldehyde",CC1=CC(=C(C2=C1C(=O)OC3=C(O2)C=C4C(=C3C)C(=O)CC(O4)(C)C)C=O)O,OMOOHFQAZTVBPK-UHFFFAOYSA-N,aromatic_carbo,,Cc1cc(O)c(C=O)c2c1C(=O)Oc1c(cc3c(c1C)C(=O)CC(C)(C)O3)O2,O=C1CCOc2cc3c(cc21)OC(=O)c1ccccc1O3,train,
866,"4,6-dihydroxy-2,3-dimethylbenzaldehyde",CC1=C(C(=C(C=C1O)O)C=O)C,LQIYIUJTJNQJTJ-UHFFFAOYSA-N,aromatic_carbo,,Cc1c(O)cc(O)c(C=O)c1C,c1ccccc1,train,
867,"4-[(2E)-3,7-dimethylocta-2,6-dienoxy]-3-methoxybenzaldehyde",CC(=CCC/C(=C/COC1=C(C=C(C=C1)C=O)OC)/C)C,SRLAFDUAEAXGBA-XNTDXEJSSA-N,aromatic_carbo,,COc1cc(C=O)ccc1OC/C=C(\C)CCC=C(C)C,c1ccccc1,train,
868,"2,4-dihydroxy-6-methyl-3-[(2E,6E)-3,7,11-trimethyldodeca-2,6,10-trienyl]benzaldehyde",CC1=CC(=C(C(=C1C=O)O)C/C=C(\C)/CC/C=C(\C)/CCC=C(C)C)O,QAPOXOGEDXIOHD-VZRGJMDUSA-N,aromatic_carbo,,CC(C)=CCC/C(C)=C/CC/C(C)=C/Cc1c(O)cc(C)c(C=O)c1O,c1ccccc1,train,
869,"2,4-dihydroxy-3-methyl-6-(2-oxopropyl)benzaldehyde",CC1=C(C=C(C(=C1O)C=O)CC(=O)C)O,NYFZWIIIOFTTKN-UHFFFAOYSA-N,aromatic_carbo,,CC(=O)Cc1cc(O)c(C)c(O)c1C=O,c1ccccc1,train,
870,"3,3,4,4,5,5,6,6,7,7,8,8,8-tridecafluorooctanal",C(C=O)C(C(C(C(C(C(F)(F)F)(F)F)(F)F)(F)F)(F)F)(F)F,WJSFZGPTEQNWCB-UHFFFAOYSA-N,aliphatic,,O=CCC(F)(F)C(F)(F)C(F)(F)C(F)(F)C(F)(F)C(F)(F)F,__no_ring__C(C=O)C(C(C(C(C(C(F)(F)F)(F)F)(F)F)(F)F)(F)F)(F)F,validation,
871,"3,3,4,4,5,5,6,6,7,7,8,8,9,9,10,10,10-heptadecafluorodecanal",C(C=O)C(C(C(C(C(C(C(C(F)(F)F)(F)F)(F)F)(F)F)(F)F)(F)F)(F)F)(F)F,KDGIOTBLYAPNRR-UHFFFAOYSA-N,aliphatic,,O=CCC(F)(F)C(F)(F)C(F)(F)C(F)(F)C(F)(F)C(F)(F)C(F)(F)C(F)(F)F,__no_ring__C(C=O)C(C(C(C(C(C(C(C(F)(F)F)(F)F)(F)F)(F)F)(F)F)(F)F)(F)F)(F)F,validation,
872,"2,2,3,3,4,4,5,5,6,6,7,7,7-tridecafluoroheptanal",C(=O)C(C(C(C(C(C(F)(F)F)(F)F)(F)F)(F)F)(F)F)(F)F,YYYONDXERNIFKX-UHFFFAOYSA-N,aliphatic,,O=CC(F)(F)C(F)(F)C(F)(F)C(F)(F)C(F)(F)C(F)(F)F,__no_ring__C(=O)C(C(C(C(C(C(F)(F)F)(F)F)(F)F)(F)F)(F)F)(F)F,train,
873,"(2R,3S,4R,5R)-3,4,5,6-tetrahydroxy-2-[(2S,3R,4S,5S,6R)-3,4,5-trihydroxy-6-(hydroxymethyl)oxan-2-yl]oxyhexanal",C([C@@H]1[C@H]([C@@H]([C@H]([C@@H](O1)O[C@@H](C=O)[C@H]([C@@H]([C@@H](CO)O)O)O)O)O)O)O,PZDOWFGHCNHPQD-VNNZMYODSA-N,aliphatic,,O=C[C@H](O[C@@H]1O[C@H](CO)[C@@H](O)[C@H](O)[C@H]1O)[C@@H](O)[C@H](O)[C@H](O)CO,C1CCOCC1,train,
874,2-methyl-5-prop-1-en-2-ylcyclopentane-1-carbaldehyde,CC1CCC(C1C=O)C(=C)C,JCDLXWAYWSJVTP-UHFFFAOYSA-N,aliphatic,,C=C(C)C1CCC(C)C1C=O,C1CCCC1,train,
875,4-oxononanal,CCCCCC(=O)CCC=O,MGOKSQNXXRPCMD-UHFFFAOYSA-N,aliphatic,,CCCCCC(=O)CCC=O,__no_ring__CCCCCC(=O)CCC=O,test,
876,5-hydroxy-4-(hydroxymethyl)-6-methylpyridine-3-carbaldehyde,CC1=NC=C(C(=C1O)CO)C=O,GNKXHPULSPWUAK-UHFFFAOYSA-N,aromatic_hetero,,Cc1ncc(C=O)c(CO)c1O,c1ccncc1,train,
877,4-methylcyclopenta[c]pyran-7-carbaldehyde,CC1=COC=C2C1=CC=C2C=O,IHEBZQKYPSMVBZ-UHFFFAOYSA-N,aromatic_carbo,,Cc1cocc2c(C=O)ccc1-2,c1cc2ccocc-2c1,train,
878,"3-(7-methoxy-2-oxochromen-8-yl)-2,2-dimethylpropanal",CC(C)(CC1=C(C=CC2=C1OC(=O)C=C2)OC)C=O,VCYVDHAWDPDCKW-UHFFFAOYSA-N,aliphatic,,COc1ccc2ccc(=O)oc2c1CC(C)(C)C=O,O=c1ccc2ccccc2o1,train,
879,"2,3,6-trimethylbenzaldehyde",CC1=C(C(=C(C=C1)C)C=O)C,NHMDCMLCZRILTI-UHFFFAOYSA-N,aromatic_carbo,,Cc1ccc(C)c(C=O)c1C,c1ccccc1,train,
880,8-methoxy-9H-carbazole-3-carbaldehyde,COC1=CC=CC2=C1NC3=C2C=C(C=C3)C=O,KSTPFEFAPRYLOZ-UHFFFAOYSA-N,aromatic_carbo,,COc1cccc2c1[nH]c1ccc(C=O)cc12,c1ccc2c(c1)[nH]c1ccccc12,train,
881,"3-(2,3-dimethyl-3-tricyclo[2.2.1.02,6]heptanyl)propanal",CC1(C2CC3C1(C3C2)C)CCC=O,GBXFUOBZYUTFOP-UHFFFAOYSA-N,aliphatic,,CC1(CCC=O)C2CC3C(C2)C31C,C1C2CC3C1C3C2,train,
882,4-[[(6-chloro-5-formyl-2-methylsulfanylpyrimidin-4-yl)amino]methyl]benzenesulfonamide,CSC1=NC(=C(C(=N1)Cl)C=O)NCC2=CC=C(C=C2)S(=O)(=O)N,NPWLBLGDDVPXFE-UHFFFAOYSA-N,aromatic_hetero,,CSc1nc(Cl)c(C=O)c(NCc2ccc(S(N)(=O)=O)cc2)n1,c1ccc(CNc2ccncn2)cc1,train,
883,5-[2-(trifluoromethoxy)phenyl]furan-2-carbaldehyde,C1=CC=C(C(=C1)C2=CC=C(O2)C=O)OC(F)(F)F,UTGWIIGCXFJJHZ-UHFFFAOYSA-N,aromatic_hetero,,O=Cc1ccc(-c2ccccc2OC(F)(F)F)o1,c1ccc(-c2ccco2)cc1,train,
884,"4-[3,4,5-trihydroxy-6-(hydroxymethyl)oxan-2-yl]oxybenzaldehyde",C1=CC(=CC=C1C=O)OC2C(C(C(C(O2)CO)O)O)O,OLZAGZCCJJBKNZ-UHFFFAOYSA-N,aromatic_carbo,,O=Cc1ccc(OC2OC(CO)C(O)C(O)C2O)cc1,c1ccc(OC2CCCCO2)cc1,train,
885,"(2S,3R,4R,5S)-2,3,4,5-tetrahydroxyhexanal",C[C@@H]([C@H]([C@H]([C@@H](C=O)O)O)O)O,PNNNRSAQSRJVSB-KCDKBNATSA-N,aliphatic,,C[C@H](O)[C@@H](O)[C@@H](O)[C@H](O)C=O,__no_ring__C[C@@H]([C@H]([C@H]([C@@H](C=O)O)O)O)O,test,
886,"2-ethyl-5-methoxy-10-oxo-2,4,9,15-tetrazatricyclo[9.4.0.03,8]pentadeca-1(11),3(8),4,6,12,14-hexaene-7-carbaldehyde",CCN1C2=C(C=CC=N2)C(=O)NC3=C1N=C(C=C3C=O)OC,HIKOPTDSAVXYGS-UHFFFAOYSA-N,aromatic_hetero,,CCN1c2ncccc2C(=O)Nc2c(C=O)cc(OC)nc21,O=C1Nc2cccnc2Nc2ncccc21,test,
887,"2-ethyl-5-(3-methoxyphenyl)-10-oxo-2,4,9,15-tetrazatricyclo[9.4.0.03,8]pentadeca-1(11),3(8),4,6,12,14-hexaene-7-carbaldehyde",CCN1C2=C(C=CC=N2)C(=O)NC3=C1N=C(C=C3C=O)C4=CC(=CC=C4)OC,VUNUSYZETCBSHP-UHFFFAOYSA-N,aromatic_hetero,,CCN1c2ncccc2C(=O)Nc2c(C=O)cc(-c3cccc(OC)c3)nc21,O=C1Nc2ccc(-c3ccccc3)nc2Nc2ncccc21,test,
888,"(6R)-6-[(1R,2S)-2-hydroxycyclopentyl]-7-oxoheptanimidamide",C1C[C@@H]([C@H](C1)O)[C@@H](CCCCC(=N)N)C=O,FCDJKFJACUMSOZ-AXFHLTTASA-N,aliphatic,,N=C(N)CCCC[C@@H](C=O)[C@H]1CCC[C@@H]1O,C1CCCC1,train,
889,"(2R,4S)-2-[(1R)-1-[[(2Z)-2-(2-amino-1,3-thiazol-4-yl)-2-methoxyiminoacetyl]amino]-2-oxoethyl]-5,5-dimethyl-1,3-thiazolidine-4-carboxylic acid",CC1([C@@H](N[C@H](S1)[C@@H](C=O)NC(=O)/C(=N\OC)/C2=CSC(=N2)N)C(=O)O)C,YVNKGXXVZIQNIV-RKMXGKDGSA-N,aliphatic,,CO/N=C(\C(=O)N[C@H](C=O)[C@@H]1N[C@@H](C(=O)O)C(C)(C)S1)c1csc(N)n1,N=C(C(=O)NC[C@@H]1NCCS1)c1cscn1,validation,
890,tert-butyl N-[(2S)-4-methyl-1-oxopentan-2-yl]carbamate,CC(C)C[C@@H](C=O)NC(=O)OC(C)(C)C,RQSBRFZHUKLKNO-VIFPVBQESA-N,aliphatic,,CC(C)C[C@@H](C=O)NC(=O)OC(C)(C)C,__no_ring__CC(C)C[C@@H](C=O)NC(=O)OC(C)(C)C,train,
891,"3-(4-chlorophenyl)-2,1-benzoxazole-5-carbaldehyde",C1=CC(=CC=C1C2=C3C=C(C=CC3=NO2)C=O)Cl,WYJJMTQGJWFVPV-UHFFFAOYSA-N,aromatic_carbo,,O=Cc1ccc2noc(-c3ccc(Cl)cc3)c2c1,c1ccc(-c2onc3ccccc23)cc1,train,
892,"2,5-dimethyl-1-(4-methyl-2-pyridinyl)pyrrole-3-carbaldehyde",CC1=CC(=NC=C1)N2C(=CC(=C2C)C=O)C,PIGJZPZYWKFDBR-UHFFFAOYSA-N,aromatic_hetero,,Cc1ccnc(-n2c(C)cc(C=O)c2C)c1,c1ccc(-n2cccc2)nc1,train,
893,5-[[4-[[(2S)-1-carboxy-3-oxopropan-2-yl]carbamoyl]phenyl]methylsulfamoyl]-2-hydroxybenzoic acid,C1=CC(=CC=C1CNS(=O)(=O)C2=CC(=C(C=C2)O)C(=O)O)C(=O)N[C@@H](CC(=O)O)C=O,FMTZTJFXNZOBIQ-ZDUSSCGKSA-N,aliphatic,,O=C[C@H](CC(=O)O)NC(=O)c1ccc(CNS(=O)(=O)c2ccc(O)c(C(=O)O)c2)cc1,O=S(=O)(NCc1ccccc1)c1ccccc1,train,
894,5-[[5-[[(2S)-1-carboxy-3-oxopropan-2-yl]carbamoyl]-2-pyridinyl]methylsulfamoyl]-2-hydroxybenzoic acid,C1=CC(=C(C=C1S(=O)(=O)NCC2=NC=C(C=C2)C(=O)N[C@@H](CC(=O)O)C=O)C(=O)O)O,BZEURKGKCWHMON-LBPRGKRZSA-N,aliphatic,,O=C[C@H](CC(=O)O)NC(=O)c1ccc(CNS(=O)(=O)c2ccc(O)c(C(=O)O)c2)nc1,O=S(=O)(NCc1ccccn1)c1ccccc1,validation,
895,5-[[5-[[(2S)-1-carboxy-3-oxopropan-2-yl]carbamoyl]thiophen-2-yl]methylsulfamoyl]-2-hydroxybenzoic acid,C1=CC(=C(C=C1S(=O)(=O)NCC2=CC=C(S2)C(=O)N[C@@H](CC(=O)O)C=O)C(=O)O)O,VUJHWZDCLPHWMO-VIFPVBQESA-N,aliphatic,,O=C[C@H](CC(=O)O)NC(=O)c1ccc(CNS(=O)(=O)c2ccc(O)c(C(=O)O)c2)s1,O=S(=O)(NCc1cccs1)c1ccccc1,train,
896,"5-[[5-[[(2S)-1-carboxy-3-oxopropan-2-yl]carbamoyl]-1,3-thiazol-2-yl]methylsulfamoyl]-2-hydroxybenzoic acid",C1=CC(=C(C=C1S(=O)(=O)NCC2=NC=C(S2)C(=O)N[C@@H](CC(=O)O)C=O)C(=O)O)O,ZCWWDSIBHPKSBQ-QMMMGPOBSA-N,aliphatic,,O=C[C@H](CC(=O)O)NC(=O)c1cnc(CNS(=O)(=O)c2ccc(O)c(C(=O)O)c2)s1,O=S(=O)(NCc1nccs1)c1ccccc1,train,
897,"5-[[3-[[(2S)-1-carboxy-3-oxopropan-2-yl]carbamoyl]-1,2-oxazol-5-yl]methylsulfamoyl]-2-hydroxybenzoic acid",C1=CC(=C(C=C1S(=O)(=O)NCC2=CC(=NO2)C(=O)N[C@@H](CC(=O)O)C=O)C(=O)O)O,JETOFKFBJLQWCA-QMMMGPOBSA-N,aliphatic,,O=C[C@H](CC(=O)O)NC(=O)c1cc(CNS(=O)(=O)c2ccc(O)c(C(=O)O)c2)on1,O=S(=O)(NCc1ccno1)c1ccccc1,validation,
898,5-[[5-[[(2S)-1-carboxy-3-oxopropan-2-yl]carbamoyl]-4-methylthiophen-2-yl]methylsulfamoyl]-2-hydroxybenzoic acid,CC1=C(SC(=C1)CNS(=O)(=O)C2=CC(=C(C=C2)O)C(=O)O)C(=O)N[C@@H](CC(=O)O)C=O,IEEBOWICSGFLHF-JTQLQIEISA-N,aliphatic,,Cc1cc(CNS(=O)(=O)c2ccc(O)c(C(=O)O)c2)sc1C(=O)N[C@H](C=O)CC(=O)O,O=S(=O)(NCc1cccs1)c1ccccc1,train,
899,3-[[5-[[(2S)-1-carboxy-3-oxopropan-2-yl]carbamoyl]-2-pyridinyl]methylsulfamoyl]benzoic acid,C1=CC(=CC(=C1)S(=O)(=O)NCC2=NC=C(C=C2)C(=O)N[C@@H](CC(=O)O)C=O)C(=O)O,MENAYYMPBRSAAE-AWEZNQCLSA-N,aliphatic,,O=C[C@H](CC(=O)O)NC(=O)c1ccc(CNS(=O)(=O)c2cccc(C(=O)O)c2)nc1,O=S(=O)(NCc1ccccn1)c1ccccc1,validation,
900,(3S)-4-oxo-3-[[6-[[[3-(2H-tetrazol-5-yl)phenyl]sulfonylamino]methyl]pyridine-3-carbonyl]amino]butanoic acid,C1=CC(=CC(=C1)S(=O)(=O)NCC2=NC=C(C=C2)C(=O)N[C@@H](CC(=O)O)C=O)C3=NNN=N3,DWMVUTWXNPMAGJ-AWEZNQCLSA-N,aliphatic,,O=C[C@H](CC(=O)O)NC(=O)c1ccc(CNS(=O)(=O)c2cccc(-c3nn[nH]n3)c2)nc1,O=S(=O)(NCc1ccccn1)c1cccc(-c2nn[nH]n2)c1,validation,
901,6-methoxy-3-phenylbenzimidazole-5-carbaldehyde,COC1=CC2=C(C=C1C=O)N(C=N2)C3=CC=CC=C3,RIWYYSANHUHQRG-UHFFFAOYSA-N,aromatic_carbo,,COc1cc2ncn(-c3ccccc3)c2cc1C=O,c1ccc(-n2cnc3ccccc32)cc1,train,
902,"5-chloro-2-hydroxy-4-methoxy-6-methyl-3-[(2E,4E)-3-methyl-5-[(1R,2R,6R)-1,2,6-trimethyl-3-oxocyclohexyl]penta-2,4-dienyl]benzaldehyde",C[C@@H]1CCC(=O)[C@@H]([C@@]1(C)/C=C/C(=C/CC2=C(C(=C(C(=C2OC)Cl)C)C=O)O)/C)C,XUAAAHFMBMDZCQ-UMXIGZEWSA-N,aromatic_carbo,,COc1c(Cl)c(C)c(C=O)c(O)c1C/C=C(C)/C=C/[C@@]1(C)[C@H](C)CCC(=O)[C@@H]1C,O=C1CCCC(/C=C/C=C/Cc2ccccc2)C1,train,
903,"2-[(E)-[(4-phenyl-1,3-thiazol-2-yl)hydrazinylidene]methyl]benzaldehyde",C1=CC=C(C=C1)C2=CSC(=N2)N/N=C/C3=CC=CC=C3C=O,IGARVLMWRSOJOY-VCHYOVAHSA-N,aromatic_carbo,,O=Cc1ccccc1/C=N/Nc1nc(-c2ccccc2)cs1,C(=N\Nc1nc(-c2ccccc2)cs1)/c1ccccc1,validation,
904,5-ethyl-2-propyl-3-[[4-[2-(2H-tetrazol-5-yl)phenyl]phenyl]methyl]imidazole-4-carbaldehyde,CCCC1=NC(=C(N1CC2=CC=C(C=C2)C3=CC=CC=C3C4=NNN=N4)C=O)CC,ODISHMFPJYIVHR-UHFFFAOYSA-N,aromatic_hetero,,CCCc1nc(CC)c(C=O)n1Cc1ccc(-c2ccccc2-c2nn[nH]n2)cc1,c1ccc(-c2nn[nH]n2)c(-c2ccc(Cn3ccnc3)cc2)c1,train,
905,"2-O-tert-butyl 4-O-ethyl 3-ethyl-5-formyl-1H-pyrrole-2,4-dicarboxylate",CCC1=C(NC(=C1C(=O)OCC)C=O)C(=O)OC(C)(C)C,BNPQXRAHFOXOEJ-UHFFFAOYSA-N,aromatic_hetero,,CCOC(=O)c1c(C=O)[nH]c(C(=O)OC(C)(C)C)c1CC,c1cc[nH]c1,train,
906,(3S)-3-[[(2S)-2-[[(2S)-3-methyl-2-(phenylmethoxycarbonylamino)butanoyl]amino]propanoyl]amino]-4-oxobutanoic acid,C[C@@H](C(=O)N[C@@H](CC(=O)O)C=O)NC(=O)[C@H](C(C)C)NC(=O)OCC1=CC=CC=C1,YYQWNJQKDSNAES-QRTARXTBSA-N,aliphatic,,CC(C)[C@H](NC(=O)OCc1ccccc1)C(=O)N[C@@H](C)C(=O)N[C@H](C=O)CC(=O)O,c1ccccc1,train,
907,2-(1H-indol-3-ylmethyl)-1H-indole-3-carbaldehyde,C1=CC=C2C(=C1)C(=CN2)CC3=C(C4=CC=CC=C4N3)C=O,GBEJDLJINBVBFG-UHFFFAOYSA-N,aromatic_hetero,,O=Cc1c(Cc2c[nH]c3ccccc23)[nH]c2ccccc12,c1ccc2[nH]c(Cc3c[nH]c4ccccc34)cc2c1,validation,
908,tert-butyl N-[(2S)-1-oxohexan-2-yl]carbamate,CCCC[C@@H](C=O)NC(=O)OC(C)(C)C,OBMGXPJNZKYOQY-VIFPVBQESA-N,aliphatic,,CCCC[C@@H](C=O)NC(=O)OC(C)(C)C,__no_ring__CCCC[C@@H](C=O)NC(=O)OC(C)(C)C,train,
909,4-[(5-formylimidazol-1-yl)methyl]benzonitrile,C1=CC(=CC=C1CN2C=NC=C2C=O)C#N,AMUOEEKBBOOOCV-UHFFFAOYSA-N,aromatic_hetero,,N#Cc1ccc(Cn2cncc2C=O)cc1,c1ccc(Cn2ccnc2)cc1,train,
910,tert-butyl N-[(2S)-1-oxo-1-(2-oxoethylamino)-3-phenylpropan-2-yl]carbamate,CC(C)(C)OC(=O)N[C@@H](CC1=CC=CC=C1)C(=O)NCC=O,WFIHUJGSDBPSIV-ZDUSSCGKSA-N,aliphatic,,CC(C)(C)OC(=O)N[C@@H](Cc1ccccc1)C(=O)NCC=O,c1ccccc1,train,
911,"(3S)-3-[[(4S,7S)-7-benzamido-6,10-dioxo-2,3,4,7,8,9-hexahydro-1H-pyridazino[1,2-a]diazepine-4-carbonyl]amino]-4-oxobutanoic acid",C1C[C@H](N2C(=O)[C@H](CCC(=O)N2C1)NC(=O)C3=CC=CC=C3)C(=O)N[C@@H](CC(=O)O)C=O,ZSSVHWRQXAVPBV-JYJNAYRXSA-N,aliphatic,,O=C[C@H](CC(=O)O)NC(=O)[C@@H]1CCCN2C(=O)CC[C@H](NC(=O)c3ccccc3)C(=O)N12,O=C(N[C@H]1CCC(=O)N2CCCCN2C1=O)c1ccccc1,train,
912,N-[2-(1-benzylpiperidin-4-yl)ethyl]-4-formylbenzamide,C1CN(CCC1CCNC(=O)C2=CC=C(C=C2)C=O)CC3=CC=CC=C3,RFIGHRHRDRSKGU-UHFFFAOYSA-N,aromatic_carbo,,O=Cc1ccc(C(=O)NCCC2CCN(Cc3ccccc3)CC2)cc1,O=C(NCCC1CCN(Cc2ccccc2)CC1)c1ccccc1,train,
913,"7,10-dimethyl-2,4-dioxobenzo[g]pteridine-8-carbaldehyde",CC1=CC2=C(C=C1C=O)N(C3=NC(=O)NC(=O)C3=N2)C,JDEMVNYMYPJJIM-UHFFFAOYSA-N,aromatic_carbo,,Cc1cc2nc3c(=O)[nH]c(=O)nc-3n(C)c2cc1C=O,O=c1nc2[nH]c3ccccc3nc-2c(=O)[nH]1,train,
914,"4-[(3,6-dimethyl-4-pentan-3-yloxy-2-pyridinyl)oxy]-3,5-dimethylbenzaldehyde",CCC(CC)OC1=C(C(=NC(=C1)C)OC2=C(C=C(C=C2C)C=O)C)C,HMAJCKVSHDTRKG-UHFFFAOYSA-N,aromatic_carbo,,CCC(CC)Oc1cc(C)nc(Oc2c(C)cc(C=O)cc2C)c1C,c1ccc(Oc2ccccn2)cc1,train,
915,3-bromo-7-hydroxy-4-methyl-2-oxochromene-8-carbaldehyde,CC1=C(C(=O)OC2=C1C=CC(=C2C=O)O)Br,YMUFHKSSNMFQIZ-UHFFFAOYSA-N,aromatic_carbo,,Cc1c(Br)c(=O)oc2c(C=O)c(O)ccc12,O=c1ccc2ccccc2o1,train,
916,"1,10-dihydropyrrolo[2,3-a]carbazole-3-carbaldehyde",C1=CC=C2C(=C1)C3=C(N2)C4=C(C=C3)C(=CN4)C=O,VWNCOFUKBTYAON-UHFFFAOYSA-N,aromatic_hetero,,O=Cc1c[nH]c2c1ccc1c3ccccc3[nH]c12,c1ccc2c(c1)[nH]c1c2ccc2cc[nH]c21,train,
917,"7-(2,4-difluorophenyl)-1,10-dihydropyrrolo[2,3-a]carbazole-3-carbaldehyde",C1=CC2=C(C=C1C3=C(C=C(C=C3)F)F)C4=C(N2)C5=C(C=C4)C(=CN5)C=O,BFWHRHJPPAUSLJ-UHFFFAOYSA-N,aromatic_hetero,,O=Cc1c[nH]c2c1ccc1c3cc(-c4ccc(F)cc4F)ccc3[nH]c12,c1ccc(-c2ccc3[nH]c4c(ccc5cc[nH]c54)c3c2)cc1,test,
918,benzyl N-[(2S)-1-oxo-1-[[(2S)-1-oxo-3-[(3S)-2-oxopyrrolidin-3-yl]propan-2-yl]amino]-3-phenylpropan-2-yl]carbamate,C1CNC(=O)[C@@H]1C[C@@H](C=O)NC(=O)[C@H](CC2=CC=CC=C2)NC(=O)OCC3=CC=CC=C3,JKMYXNKXJWIHOA-ACRUOGEOSA-N,aliphatic,,O=C[C@H](C[C@@H]1CCNC1=O)NC(=O)[C@H](Cc1ccccc1)NC(=O)OCc1ccccc1,O=C(N[C@@H](Cc1ccccc1)C(=O)NCC[C@@H]1CCNC1=O)OCc1ccccc1,train,
919,(2S)-2-[[(E)-3-(4-chloro-2-fluorophenyl)prop-2-enoyl]amino]-N-[(2S)-1-oxo-3-[(3S)-2-oxopyrrolidin-3-yl]propan-2-yl]-3-phenylpropanamide,C1CNC(=O)[C@@H]1C[C@@H](C=O)NC(=O)[C@H](CC2=CC=CC=C2)NC(=O)/C=C/C3=C(C=C(C=C3)Cl)F,HXAHMXYAYHWWRI-ZCTWNQIISA-N,aliphatic,,O=C[C@H](C[C@@H]1CCNC1=O)NC(=O)[C@H](Cc1ccccc1)NC(=O)/C=C/c1ccc(Cl)cc1F,O=C(/C=C/c1ccccc1)N[C@@H](Cc1ccccc1)C(=O)NCC[C@@H]1CCNC1=O,validation,
920,benzyl N-[(2S)-4-methyl-1-oxo-1-[[(2S)-1-oxo-3-(2-oxopyrrolidin-3-yl)propan-2-yl]amino]pentan-2-yl]carbamate,CC(C)C[C@@H](C(=O)N[C@@H](CC1CCNC1=O)C=O)NC(=O)OCC2=CC=CC=C2,QYENXTYKACLCGO-FQECFTEESA-N,aliphatic,,CC(C)C[C@H](NC(=O)OCc1ccccc1)C(=O)N[C@H](C=O)CC1CCNC1=O,O=C(CNC(=O)OCc1ccccc1)NCCC1CCNC1=O,validation,
921,"6-ethyl-4-methoxy-2-pyridin-3-ylsulfanyl-7H-pyrrolo[2,3-d]pyrimidine-5-carbaldehyde",CCC1=C(C2=C(N1)N=C(N=C2OC)SC3=CN=CC=C3)C=O,LEMXQPJEGCAOFY-UHFFFAOYSA-N,aromatic_hetero,,CCc1[nH]c2nc(Sc3cccnc3)nc(OC)c2c1C=O,c1cncc(Sc2ncc3cc[nH]c3n2)c1,validation,
922,"7-formyl-8-hydroxy-5-oxo-2,4-dihydro-1H-chromeno[3,4-c]pyridine-3-carboximidamide",C1CN(CC2=C1C3=C(C(=C(C=C3)O)C=O)OC2=O)C(=N)N,YPBDMIVAGFLWPR-UHFFFAOYSA-N,aromatic_carbo,,N=C(N)N1CCc2c(c(=O)oc3c(C=O)c(O)ccc23)C1,O=c1oc2ccccc2c2c1CNCC2,train,
923,7-hydroxy-6-methoxy-3-[2-(2-methoxyethoxy)ethyl]-4-methyl-2-oxochromene-8-carbaldehyde,CC1=C(C(=O)OC2=C(C(=C(C=C12)OC)O)C=O)CCOCCOC,QSVDQIXSUDHAOF-UHFFFAOYSA-N,aromatic_carbo,,COCCOCCc1c(C)c2cc(OC)c(O)c(C=O)c2oc1=O,O=c1ccc2ccccc2o1,train,
924,7-hydroxy-6-methoxy-4-methyl-3-(2-morpholin-4-yl-2-oxoethyl)-2-oxochromene-8-carbaldehyde,CC1=C(C(=O)OC2=C(C(=C(C=C12)OC)O)C=O)CC(=O)N3CCOCC3,IFDGMRMUJYGWQQ-UHFFFAOYSA-N,aromatic_carbo,,COc1cc2c(C)c(CC(=O)N3CCOCC3)c(=O)oc2c(C=O)c1O,O=C(Cc1cc2ccccc2oc1=O)N1CCOCC1,validation,
925,4-methoxy-N-[(2S)-4-methyl-1-oxo-1-[[(2S)-1-oxo-3-[(3S)-2-oxopyrrolidin-3-yl]propan-2-yl]amino]pentan-2-yl]-1H-indole-2-carboxamide,CC(C)C[C@@H](C(=O)N[C@@H](C[C@@H]1CCNC1=O)C=O)NC(=O)C2=CC3=C(N2)C=CC=C3OC,QCRLRBSKQJIUTG-MPGHIAIKSA-N,aliphatic,,COc1cccc2[nH]c(C(=O)N[C@@H](CC(C)C)C(=O)N[C@H](C=O)C[C@@H]3CCNC3=O)cc12,O=C(CNC(=O)c1cc2ccccc2[nH]1)NCC[C@@H]1CCNC1=O,train,
926,"(3S)-4-oxo-3-[[6-[[[3-(5-oxo-4H-1,2,4-oxadiazol-3-yl)phenyl]sulfonylamino]methyl]pyridine-3-carbonyl]amino]butanoic acid",C1=CC(=CC(=C1)S(=O)(=O)NCC2=NC=C(C=C2)C(=O)N[C@@H](CC(=O)O)C=O)C3=NOC(=O)N3,IOBPWVWEMXSDBY-AWEZNQCLSA-N,aliphatic,,O=C[C@H](CC(=O)O)NC(=O)c1ccc(CNS(=O)(=O)c2cccc(-c3noc(=O)[nH]3)c2)nc1,O=c1[nH]c(-c2cccc(S(=O)(=O)NCc3ccccn3)c2)no1,test,
927,benzyl N-[(2S)-4-methyl-1-oxo-1-[[(2S)-1-oxo-3-[(3S)-2-oxopyrrolidin-3-yl]propan-2-yl]amino]pentan-2-yl]carbamate,CC(C)C[C@@H](C(=O)N[C@@H](C[C@@H]1CCNC1=O)C=O)NC(=O)OCC2=CC=CC=C2,QYENXTYKACLCGO-BZSNNMDCSA-N,aliphatic,,CC(C)C[C@H](NC(=O)OCc1ccccc1)C(=O)N[C@H](C=O)C[C@@H]1CCNC1=O,O=C(CNC(=O)OCc1ccccc1)NCC[C@@H]1CCNC1=O,train,
928,N-[(2S)-4-methyl-1-oxo-1-[[(2S)-1-oxo-3-[(3S)-2-oxopyrrolidin-3-yl]propan-2-yl]amino]pentan-2-yl]-1H-indole-2-carboxamide,CC(C)C[C@@H](C(=O)N[C@@H](C[C@@H]1CCNC1=O)C=O)NC(=O)C2=CC3=CC=CC=C3N2,HXJZYYCILNIXEI-BQFCYCMXSA-N,aliphatic,,CC(C)C[C@H](NC(=O)c1cc2ccccc2[nH]1)C(=O)N[C@H](C=O)C[C@@H]1CCNC1=O,O=C(CNC(=O)c1cc2ccccc2[nH]1)NCC[C@@H]1CCNC1=O,train,
929,N-[(2S)-1-oxo-1-[[(2S)-1-oxo-3-[(3S)-2-oxopyrrolidin-3-yl]propan-2-yl]amino]-3-phenylpropan-2-yl]-1H-indole-2-carboxamide,C1CNC(=O)[C@@H]1C[C@@H](C=O)NC(=O)[C@H](CC2=CC=CC=C2)NC(=O)C3=CC4=CC=CC=C4N3,BRFDPJYHCJVJEP-ZJOUEHCJSA-N,aliphatic,,O=C[C@H](C[C@@H]1CCNC1=O)NC(=O)[C@H](Cc1ccccc1)NC(=O)c1cc2ccccc2[nH]1,O=C(N[C@@H](Cc1ccccc1)C(=O)NCC[C@@H]1CCNC1=O)c1cc2ccccc2[nH]1,train,
930,N-[(2S)-3-(3-fluorophenyl)-1-oxo-1-[[(2S)-1-oxo-3-[(3S)-2-oxopyrrolidin-3-yl]propan-2-yl]amino]propan-2-yl]-1H-indole-2-carboxamide,C1CNC(=O)[C@@H]1C[C@@H](C=O)NC(=O)[C@H](CC2=CC(=CC=C2)F)NC(=O)C3=CC4=CC=CC=C4N3,HCRBVFBQANEDDM-CUWPLCDZSA-N,aliphatic,,O=C[C@H](C[C@@H]1CCNC1=O)NC(=O)[C@H](Cc1cccc(F)c1)NC(=O)c1cc2ccccc2[nH]1,O=C(N[C@@H](Cc1ccccc1)C(=O)NCC[C@@H]1CCNC1=O)c1cc2ccccc2[nH]1,train,
931,"(1R,2R,5S)-3-[3-(3-fluorophenyl)propanoyl]-6,6-dimethyl-N-[(2S)-1-oxo-3-[(3S)-2-oxopyrrolidin-3-yl]propan-2-yl]-3-azabicyclo[3.1.0]hexane-2-carboxamide",CC1([C@@H]2[C@H]1[C@@H](N(C2)C(=O)CCC3=CC(=CC=C3)F)C(=O)N[C@@H](C[C@@H]4CCNC4=O)C=O)C,PTPKDVBJZQYYAA-NMKBPFOZSA-N,aliphatic,,CC1(C)[C@@H]2[C@H](C(=O)N[C@H](C=O)C[C@@H]3CCNC3=O)N(C(=O)CCc3cccc(F)c3)C[C@@H]21,O=C1NCC[C@H]1CCNC(=O)[C@H]1[C@H]2C[C@H]2CN1C(=O)CCc1ccccc1,validation,
932,"(1R,2R,5S)-3-[2-(3,5-difluorophenoxy)acetyl]-6,6-dimethyl-N-[(2S)-1-oxo-3-[(3S)-2-oxopyrrolidin-3-yl]propan-2-yl]-3-azabicyclo[3.1.0]hexane-2-carboxamide",CC1([C@@H]2[C@H]1[C@@H](N(C2)C(=O)COC3=CC(=CC(=C3)F)F)C(=O)N[C@@H](C[C@@H]4CCNC4=O)C=O)C,XEPIMNAFLOXIEZ-SDSHWIHHSA-N,aliphatic,,CC1(C)[C@@H]2[C@H](C(=O)N[C@H](C=O)C[C@@H]3CCNC3=O)N(C(=O)COc3cc(F)cc(F)c3)C[C@@H]21,O=C1NCC[C@H]1CCNC(=O)[C@H]1[C@H]2C[C@H]2CN1C(=O)COc1ccccc1,validation,
933,"(1R,2R,5S)-3-[2-(3,4-difluorophenoxy)acetyl]-6,6-dimethyl-N-[(2S)-1-oxo-3-[(3S)-2-oxopyrrolidin-3-yl]propan-2-yl]-3-azabicyclo[3.1.0]hexane-2-carboxamide",CC1([C@@H]2[C@H]1[C@@H](N(C2)C(=O)COC3=CC(=C(C=C3)F)F)C(=O)N[C@@H](C[C@@H]4CCNC4=O)C=O)C,YAZLWQBKWOGOIO-RAQRGPQBSA-N,aliphatic,,CC1(C)[C@@H]2[C@H](C(=O)N[C@H](C=O)C[C@@H]3CCNC3=O)N(C(=O)COc3ccc(F)c(F)c3)C[C@@H]21,O=C1NCC[C@H]1CCNC(=O)[C@H]1[C@H]2C[C@H]2CN1C(=O)COc1ccccc1,validation,
934,"(1R,2R,5S)-6,6-dimethyl-N-[(2S)-1-oxo-3-[(3S)-2-oxopyrrolidin-3-yl]propan-2-yl]-3-[2-[4-(trifluoromethyl)phenoxy]acetyl]-3-azabicyclo[3.1.0]hexane-2-carboxamide",CC1([C@@H]2[C@H]1[C@@H](N(C2)C(=O)COC3=CC=C(C=C3)C(F)(F)F)C(=O)N[C@@H](C[C@@H]4CCNC4=O)C=O)C,DYCMIBQYGBOZHW-HRSMJWBKSA-N,aliphatic,,CC1(C)[C@@H]2[C@H](C(=O)N[C@H](C=O)C[C@@H]3CCNC3=O)N(C(=O)COc3ccc(C(F)(F)F)cc3)C[C@@H]21,O=C1NCC[C@H]1CCNC(=O)[C@H]1[C@H]2C[C@H]2CN1C(=O)COc1ccccc1,validation,
935,"(1R,2R,5S)-3-[2-(3-fluoro-4-methoxyphenoxy)acetyl]-6,6-dimethyl-N-[(2S)-1-oxo-3-[(3S)-2-oxopyrrolidin-3-yl]propan-2-yl]-3-azabicyclo[3.1.0]hexane-2-carboxamide",CC1([C@@H]2[C@H]1[C@@H](N(C2)C(=O)COC3=CC(=C(C=C3)OC)F)C(=O)N[C@@H](C[C@@H]4CCNC4=O)C=O)C,ITLIZQKXLAJTCO-DNJHYJLBSA-N,aliphatic,,COc1ccc(OCC(=O)N2C[C@H]3[C@@H]([C@@H]2C(=O)N[C@H](C=O)C[C@@H]2CCNC2=O)C3(C)C)cc1F,O=C1NCC[C@H]1CCNC(=O)[C@H]1[C@H]2C[C@H]2CN1C(=O)COc1ccccc1,validation,
936,"(3R,3aR,6aR)-2-[3-(3-fluorophenyl)propanoyl]-N-[(2S)-1-oxo-3-[(3S)-2-oxopyrrolidin-3-yl]propan-2-yl]-3,3a,4,5,6,6a-hexahydro-1H-cyclopenta[c]pyrrole-3-carboxamide",C1C[C@H]2CN([C@H]([C@@H]2C1)C(=O)N[C@@H](C[C@@H]3CCNC3=O)C=O)C(=O)CCC4=CC(=CC=C4)F,FIOKKXQKMFIASF-LGLZLGMKSA-N,aliphatic,,O=C[C@H](C[C@@H]1CCNC1=O)NC(=O)[C@H]1[C@@H]2CCC[C@H]2CN1C(=O)CCc1cccc(F)c1,O=C1NCC[C@H]1CCNC(=O)[C@H]1[C@@H]2CCC[C@H]2CN1C(=O)CCc1ccccc1,validation,
937,"(3R,3aR,6aR)-2-[3-(3,4-difluorophenyl)propanoyl]-N-[(2S)-1-oxo-3-[(3S)-2-oxopyrrolidin-3-yl]propan-2-yl]-3,3a,4,5,6,6a-hexahydro-1H-cyclopenta[c]pyrrole-3-carboxamide",C1C[C@H]2CN([C@H]([C@@H]2C1)C(=O)N[C@@H](C[C@@H]3CCNC3=O)C=O)C(=O)CCC4=CC(=C(C=C4)F)F,CYRUHAHDZRPFIU-UDDBWUTJSA-N,aliphatic,,O=C[C@H](C[C@@H]1CCNC1=O)NC(=O)[C@H]1[C@@H]2CCC[C@H]2CN1C(=O)CCc1ccc(F)c(F)c1,O=C1NCC[C@H]1CCNC(=O)[C@H]1[C@@H]2CCC[C@H]2CN1C(=O)CCc1ccccc1,validation,
938,"(3R,3aR,6aR)-2-[3-(3,5-difluorophenyl)propanoyl]-N-[(2S)-1-oxo-3-[(3S)-2-oxopyrrolidin-3-yl]propan-2-yl]-3,3a,4,5,6,6a-hexahydro-1H-cyclopenta[c]pyrrole-3-carboxamide",C1C[C@H]2CN([C@H]([C@@H]2C1)C(=O)N[C@@H](C[C@@H]3CCNC3=O)C=O)C(=O)CCC4=CC(=CC(=C4)F)F,ZUAZJPLYYVHKFN-LQKXZRDHSA-N,aliphatic,,O=C[C@H](C[C@@H]1CCNC1=O)NC(=O)[C@H]1[C@@H]2CCC[C@H]2CN1C(=O)CCc1cc(F)cc(F)c1,O=C1NCC[C@H]1CCNC(=O)[C@H]1[C@@H]2CCC[C@H]2CN1C(=O)CCc1ccccc1,validation,
939,"(3R,3aR,6aR)-2-[2-(4-chloro-2-fluorophenoxy)acetyl]-N-[(2S)-1-oxo-3-[(3S)-2-oxopyrrolidin-3-yl]propan-2-yl]-3,3a,4,5,6,6a-hexahydro-1H-cyclopenta[c]pyrrole-3-carboxamide",C1C[C@H]2CN([C@H]([C@@H]2C1)C(=O)N[C@@H](C[C@@H]3CCNC3=O)C=O)C(=O)COC4=C(C=C(C=C4)Cl)F,QRFWUTDNKUVKKL-IEBLYUSBSA-N,aliphatic,,O=C[C@H](C[C@@H]1CCNC1=O)NC(=O)[C@H]1[C@@H]2CCC[C@H]2CN1C(=O)COc1ccc(Cl)cc1F,O=C1NCC[C@H]1CCNC(=O)[C@H]1[C@@H]2CCC[C@H]2CN1C(=O)COc1ccccc1,validation,
940,N-[(2S)-3-methyl-1-[[(2S)-4-methyl-1-oxo-1-[[(2S)-1-oxo-3-[(3S)-2-oxopiperidin-3-yl]propan-2-yl]amino]pentan-2-yl]amino]-1-oxobutan-2-yl]furan-2-carboxamide,CC(C)C[C@@H](C(=O)N[C@@H](C[C@@H]1CCCNC1=O)C=O)NC(=O)[C@H](C(C)C)NC(=O)C2=CC=CO2,BLZXYDNCPITFHC-JPLJXNOCSA-N,aliphatic,,CC(C)C[C@H](NC(=O)[C@@H](NC(=O)c1ccco1)C(C)C)C(=O)N[C@H](C=O)C[C@@H]1CCCNC1=O,O=C(CNC(=O)CNC(=O)c1ccco1)NCC[C@@H]1CCCNC1=O,test,
941,"N-[5-cyano-4-(2-methoxyethylamino)-2-pyridinyl]-5-formyl-1-propylpyrrolo[3,2-b]pyridine-3-carboxamide",CCCN1C=C(C2=C1C=CC(=N2)C=O)C(=O)NC3=NC=C(C(=C3)NCCOC)C#N,VENQMPULOCFARJ-UHFFFAOYSA-N,aromatic_hetero,,CCCn1cc(C(=O)Nc2cc(NCCOC)c(C#N)cn2)c2nc(C=O)ccc21,O=C(Nc1ccccn1)c1c[nH]c2cccnc12,train,
942,"(2R)-5-methyl-2-[(1R)-2-oxo-1-[(2-thiophen-2-ylacetyl)amino]ethyl]-3,6-dihydro-2H-1,3-thiazine-4-carboxylic acid",CC1=C(N[C@H](SC1)[C@@H](C=O)NC(=O)CC2=CC=CS2)C(=O)O,SFVACKBZMIZHCK-ZWNOBZJWSA-N,aliphatic,,CC1=C(C(=O)O)N[C@@H]([C@@H](C=O)NC(=O)Cc2cccs2)SC1,O=C(Cc1cccs1)NC[C@@H]1NC=CCS1,train,
943,4-[5-[[(2S)-1-carboxy-3-oxopropan-2-yl]carbamoyl]-3-pyridinyl]benzoic acid,C1=CC(=CC=C1C2=CC(=CN=C2)C(=O)N[C@@H](CC(=O)O)C=O)C(=O)O,JNRAPROKLOUIRA-AWEZNQCLSA-N,aliphatic,,O=C[C@H](CC(=O)O)NC(=O)c1cncc(-c2ccc(C(=O)O)cc2)c1,c1ccc(-c2cccnc2)cc1,train,
944,"(2S,3S)-3-formyl-2-[[(4-methylphenyl)sulfonylamino]methyl]pentanoic acid",CC[C@H](C=O)[C@@H](CNS(=O)(=O)C1=CC=C(C=C1)C)C(=O)O,IDDWUPNJUMHKFQ-DGCLKSJQSA-N,aliphatic,,CC[C@H](C=O)[C@@H](CNS(=O)(=O)c1ccc(C)cc1)C(=O)O,c1ccccc1,train,
945,"(2S,3S)-3-formyl-2-[[(4-nitrophenyl)sulfonylamino]methyl]pentanoic acid",CC[C@H](C=O)[C@@H](CNS(=O)(=O)C1=CC=C(C=C1)[N+](=O)[O-])C(=O)O,JPQYVEFTAZEPOD-BXKDBHETSA-N,aliphatic,nitro,CC[C@H](C=O)[C@@H](CNS(=O)(=O)c1ccc([N+](=O)[O-])cc1)C(=O)O,c1ccccc1,train,
946,"2-(1,3-benzodioxol-5-yl)-7-methoxy-3-methyl-1-benzofuran-5-carbaldehyde",CC1=C(OC2=C1C=C(C=C2OC)C=O)C3=CC4=C(C=C3)OCO4,HCCYBFOBGKSPJH-UHFFFAOYSA-N,aromatic_carbo,,COc1cc(C=O)cc2c(C)c(-c3ccc4c(c3)OCO4)oc12,c1ccc2oc(-c3ccc4c(c3)OCO4)cc2c1,train,
947,"7-methoxy-3-methyl-2-(3,4,5-trimethoxyphenyl)-1-benzofuran-5-carbaldehyde",CC1=C(OC2=C1C=C(C=C2OC)C=O)C3=CC(=C(C(=C3)OC)OC)OC,ABGNFLATGXMICB-UHFFFAOYSA-N,aromatic_carbo,,COc1cc(-c2oc3c(OC)cc(C=O)cc3c2C)cc(OC)c1OC,c1ccc(-c2cc3ccccc3o2)cc1,train,
948,"2-(7,8-dimethyl-2,4-dioxobenzo[g]pteridin-10-yl)acetaldehyde",CC1=CC2=C(C=C1C)N(C3=NC(=O)NC(=O)C3=N2)CC=O,AUZWNAFEXXLJDA-UHFFFAOYSA-N,aliphatic,,Cc1cc2nc3c(=O)[nH]c(=O)nc-3n(CC=O)c2cc1C,O=c1nc2[nH]c3ccccc3nc-2c(=O)[nH]1,train,
949,"3,6-dihydroxy-8,8-dimethyl-1-oxo-3,4,7,9-tetrahydrocyclopenta[h]isochromene-5-carbaldehyde",CC1(CC2=C3C(=C(C(=C2C1)O)C=O)CC(OC3=O)O)C,BDEDPKFUFGCVCJ-UHFFFAOYSA-N,aromatic_carbo,,CC1(C)Cc2c(O)c(C=O)c3c(c2C1)C(=O)OC(O)C3,O=C1OCCc2ccc3c(c21)CCC3,train,
950,"5-[(3R)-8,8-dimethyl-3,4-dihydro-2H-pyrano[2,3-f]chromen-3-yl]-2,4-dihydroxybenzaldehyde",CC1(C=CC2=C(O1)C=CC3=C2OC[C@H](C3)C4=C(C=C(C(=C4)C=O)O)O)C,XIEKVEQDEUJPTD-AWEZNQCLSA-N,aromatic_carbo,,CC1(C)C=Cc2c(ccc3c2OC[C@@H](c2cc(C=O)c(O)cc2O)C3)O1,C1=Cc2c(ccc3c2OC[C@@H](c2ccccc2)C3)OC1,validation,
951,"3-[[(1aR,4R,4aR,7R,7aS,7bR)-4-hydroxy-1,1,4,7-tetramethyl-1a,2,3,4a,5,6,7a,7b-octahydrocyclopropa[h]azulen-7-yl]methyl]-2,4,6-trihydroxy-5-(3-methylbutanoyl)benzaldehyde",CC(C)CC(=O)C1=C(C(=C(C(=C1O)C=O)O)C[C@]2(CC[C@@H]3[C@@H]2[C@H]4[C@H](C4(C)C)CC[C@@]3(C)O)C)O,FIAVDQNPFGKTBO-WQHFGFHISA-N,aromatic_carbo,,CC(C)CC(=O)c1c(O)c(C=O)c(O)c(C[C@@]2(C)CC[C@@H]3[C@@H]2[C@H]2[C@@H](CC[C@@]3(C)O)C2(C)C)c1O,c1ccc(CC2CC[C@H]3CCC[C@H]4C[C@H]4[C@H]23)cc1,test,
952,"[(2R,3S,4S,5R)-2,3,4,5-tetrahydroxy-6-oxohexyl] dihydrogen phosphate",C([C@H]([C@@H]([C@@H]([C@H](C=O)O)O)O)O)OP(=O)(O)O,VFRROHXSMXFLSN-KCDKBNATSA-N,aliphatic,phosphorus,O=C[C@H](O)[C@@H](O)[C@@H](O)[C@H](O)COP(=O)(O)O,__no_ring__C([C@H]([C@@H]([C@@H]([C@H](C=O)O)O)O)O)OP(=O)(O)O,validation,
953,9-oxononanoic acid,C(CCCC=O)CCCC(=O)O,WLGDDELKYAWBBL-UHFFFAOYSA-N,aliphatic,,O=CCCCCCCCC(=O)O,__no_ring__C(CCCC=O)CCCC(=O)O,test,
954,"(3R,3aR,6aR)-2-[2-(3,4-dichlorophenoxy)acetyl]-N-[(2S)-1-oxo-3-[(3S)-2-oxopyrrolidin-3-yl]propan-2-yl]-3,3a,4,5,6,6a-hexahydro-1H-cyclopenta[c]pyrrole-3-carboxamide",C1C[C@H]2CN([C@H]([C@@H]2C1)C(=O)N[C@@H](C[C@@H]3CCNC3=O)C=O)C(=O)COC4=CC(=C(C=C4)Cl)Cl,LQMJXKADORALLN-YIBSWQHHSA-N,aliphatic,,O=C[C@H](C[C@@H]1CCNC1=O)NC(=O)[C@H]1[C@@H]2CCC[C@H]2CN1C(=O)COc1ccc(Cl)c(Cl)c1,O=C1NCC[C@H]1CCNC(=O)[C@H]1[C@@H]2CCC[C@H]2CN1C(=O)COc1ccccc1,validation,
955,"2,3-dibromo-6-hydroxy-5-methoxybenzaldehyde",COC1=CC(=C(C(=C1O)C=O)Br)Br,NEQRDPRMCZPVJM-UHFFFAOYSA-N,aromatic_carbo,,COc1cc(Br)c(Br)c(C=O)c1O,c1ccccc1,train,
956,"[(2R,3R,4S,5R)-2,3,4,5-tetrahydroxy-6-oxohexyl] 3,4,5-trihydroxybenzoate",C1=C(C=C(C(=C1O)O)O)C(=O)OC[C@H]([C@H]([C@@H]([C@H](C=O)O)O)O)O,SMZJCCHIPATQCN-LUTQBAROSA-N,aliphatic,,O=C[C@H](O)[C@@H](O)[C@H](O)[C@H](O)COC(=O)c1cc(O)c(O)c(O)c1,c1ccccc1,train,
957,"3,5-dihydroxy-4-methoxybenzaldehyde",COC1=C(C=C(C=C1O)C=O)O,UAFQVVYJCLAIGY-UHFFFAOYSA-N,aromatic_carbo,,COc1c(O)cc(C=O)cc1O,c1ccccc1,train,
958,"2,3,4,5,6,7-hexahydroxyheptanal",C(C(C(C(C(C(C=O)O)O)O)O)O)O,YPZMPEPLWKRVLD-UHFFFAOYSA-N,aliphatic,,O=CC(O)C(O)C(O)C(O)C(O)CO,__no_ring__C(C(C(C(C(C(C=O)O)O)O)O)O)O,test,
959,"2,3,4,5-tetrahydroxyhexanal",CC(C(C(C(C=O)O)O)O)O,PNNNRSAQSRJVSB-UHFFFAOYSA-N,aliphatic,,CC(O)C(O)C(O)C(O)C=O,__no_ring__CC(C(C(C(C=O)O)O)O)O,test,
960,5-(5-prop-1-ynylthiophen-2-yl)thiophene-2-carbaldehyde,CC#CC1=CC=C(S1)C2=CC=C(S2)C=O,ZEAXBOPUTILUGH-UHFFFAOYSA-N,aromatic_hetero,,CC#Cc1ccc(-c2ccc(C=O)s2)s1,c1csc(-c2cccs2)c1,train,
961,(E)-dodec-5-enal,CCCCCC/C=C/CCCC=O,MXYKXSMSECVABY-BQYQJAHWSA-N,aliphatic,,CCCCCC/C=C/CCCC=O,__no_ring__CCCCCC/C=C/CCCC=O,train,
962,(E)-dodec-7-enal,CCCC/C=C/CCCCCC=O,HTUHYXDEKCWDCI-AATRIKPKSA-N,aliphatic,,CCCC/C=C/CCCCCC=O,__no_ring__CCCC/C=C/CCCCCC=O,test,
963,"(E)-6-[2,6-dihydroxy-3-[(E)-3-(4-hydroxyphenyl)prop-2-enoyl]phenyl]-4-methylhex-4-enal",C/C(=C\CC1=C(C=CC(=C1O)C(=O)/C=C/C2=CC=C(C=C2)O)O)/CCC=O,SXDGLCCGJJGJRY-FEUCYYSJSA-N,aliphatic,,C/C(=C\Cc1c(O)ccc(C(=O)/C=C/c2ccc(O)cc2)c1O)CCC=O,O=C(/C=C/c1ccccc1)c1ccccc1,train,
964,4-prop-1-en-2-ylcyclohexane-1-carbaldehyde,CC(=C)C1CCC(CC1)C=O,AOVAKEPXEOVCEW-UHFFFAOYSA-N,aliphatic,,C=C(C)C1CCC(C=O)CC1,C1CCCCC1,train,
965,"[5-acetamido-3,4-diacetyloxy-6-(4-formylphenoxy)oxan-2-yl]methyl acetate",CC(=O)NC1C(C(C(OC1OC2=CC=C(C=C2)C=O)COC(=O)C)OC(=O)C)OC(=O)C,FVQYHIYFHAVCLA-UHFFFAOYSA-N,aromatic_carbo,,CC(=O)NC1C(Oc2ccc(C=O)cc2)OC(COC(C)=O)C(OC(C)=O)C1OC(C)=O,c1ccc(OC2CCCCO2)cc1,train,
966,"8-[methyl(propyl)amino]-6,7,8,9-tetrahydro-3H-benzo[e]indole-1-carbaldehyde",CCCN(C)C1CCC2=C(C1)C3=C(C=C2)NC=C3C=O,LJZGVNXOVBOMKA-UHFFFAOYSA-N,aromatic_hetero,,CCCN(C)C1CCc2ccc3[nH]cc(C=O)c3c2C1,c1cc2c3c(ccc2[nH]1)CCCC3,train,
967,"8-(propylamino)-6,7,8,9-tetrahydro-3H-benzo[e]indole-1-carbaldehyde",CCCNC1CCC2=C(C1)C3=C(C=C2)NC=C3C=O,HUISJGMFDCMBAG-UHFFFAOYSA-N,aromatic_hetero,,CCCNC1CCc2ccc3[nH]cc(C=O)c3c2C1,c1cc2c3c(ccc2[nH]1)CCCC3,train,
968,2-[(3S)-3-(benzylsulfonylamino)-2-oxoazepan-1-yl]-N-[(2S)-5-(diaminomethylideneamino)-1-oxopentan-2-yl]acetamide,C1CCN(C(=O)[C@H](C1)NS(=O)(=O)CC2=CC=CC=C2)CC(=O)N[C@@H](CCCN=C(N)N)C=O,PTYYNQHOHSWREY-ROUUACIJSA-N,aliphatic,,NC(N)=NCCC[C@@H](C=O)NC(=O)CN1CCCC[C@H](NS(=O)(=O)Cc2ccccc2)C1=O,O=C1NCCCC[C@@H]1NS(=O)(=O)Cc1ccccc1,train,
969,"(2S)-1-[(2S)-1-[2-(2,3-dihydro-1H-inden-2-yl)acetyl]pyrrolidine-2-carbonyl]pyrrolidine-2-carbaldehyde",C1C[C@H](N(C1)C(=O)[C@@H]2CCCN2C(=O)CC3CC4=CC=CC=C4C3)C=O,VAGWIGXOAMJJED-OALUTQOASA-N,aliphatic,,O=C[C@@H]1CCCN1C(=O)[C@@H]1CCCN1C(=O)CC1Cc2ccccc2C1,O=C([C@@H]1CCCN1C(=O)CC1Cc2ccccc2C1)N1CCCC1,validation,
970,"8-[cyclopropylmethyl(propyl)amino]-6,7,8,9-tetrahydro-3H-benzo[e]indole-1-carbaldehyde",CCCN(CC1CC1)C2CCC3=C(C2)C4=C(C=C3)NC=C4C=O,LEMZVNAIJCRNJV-UHFFFAOYSA-N,aromatic_hetero,,CCCN(CC1CC1)C1CCc2ccc3[nH]cc(C=O)c3c2C1,c1cc2c3c(ccc2[nH]1)CCC(NCC1CC1)C3,test,
971,"(3S)-3-[[(4S,7S)-7-[(2-fluorobenzoyl)amino]-6,10-dioxo-2,3,4,7,8,9-hexahydro-1H-pyridazino[1,2-a]diazepine-4-carbonyl]amino]-4-oxobutanoic acid",C1C[C@H](N2C(=O)[C@H](CCC(=O)N2C1)NC(=O)C3=CC=CC=C3F)C(=O)N[C@@H](CC(=O)O)C=O,KXAUXHBXAIZBIR-RCBQFDQVSA-N,aliphatic,,O=C[C@H](CC(=O)O)NC(=O)[C@@H]1CCCN2C(=O)CC[C@H](NC(=O)c3ccccc3F)C(=O)N12,O=C(N[C@H]1CCC(=O)N2CCCCN2C1=O)c1ccccc1,train,
972,3-[[(2S)-2-[[(2S)-2-[[(2S)-2-acetamido-3-(4-hydroxyphenyl)propanoyl]amino]-3-methylbutanoyl]amino]propanoyl]amino]-4-oxobutanoic acid,C[C@@H](C(=O)NC(CC(=O)O)C=O)NC(=O)[C@H](C(C)C)NC(=O)[C@H](CC1=CC=C(C=C1)O)NC(=O)C,LPIARALSGDVZEP-CHZONSDFSA-N,aliphatic,,CC(=O)N[C@@H](Cc1ccc(O)cc1)C(=O)N[C@H](C(=O)N[C@@H](C)C(=O)NC(C=O)CC(=O)O)C(C)C,c1ccccc1,train,
973,(4-bromophenyl)methyl N-[4-methyl-1-oxo-1-(1-oxohexan-2-ylamino)pentan-2-yl]carbamate,CCCCC(C=O)NC(=O)C(CC(C)C)NC(=O)OCC1=CC=C(C=C1)Br,UEDKSAKLZBMNMA-UHFFFAOYSA-N,aliphatic,,CCCCC(C=O)NC(=O)C(CC(C)C)NC(=O)OCc1ccc(Br)cc1,c1ccccc1,train,
974,"6-[4-[4-(2-methoxyphenyl)piperazin-1-yl]butoxy]pyrazolo[1,5-a]pyridine-3-carbaldehyde",COC1=CC=CC=C1N2CCN(CC2)CCCCOC3=CN4C(=C(C=N4)C=O)C=C3,ZYJQELHTQSMKFH-UHFFFAOYSA-N,aromatic_hetero,,COc1ccccc1N1CCN(CCCCOc2ccc3c(C=O)cnn3c2)CC1,c1ccc(N2CCN(CCCCOc3ccc4ccnn4c3)CC2)cc1,test,
975,"10-[(2-fluorophenyl)methyl]-7-methyl-9-oxo-3-thia-7,10,11-triazatricyclo[6.4.0.02,6]dodeca-1(8),2(6),4,11-tetraene-4-carbaldehyde",CN1C2=C(C3=C1C(=O)N(N=C3)CC4=CC=CC=C4F)SC(=C2)C=O,WZZCTWMITOXLPX-UHFFFAOYSA-N,aromatic_hetero,,Cn1c2cc(C=O)sc2c2cnn(Cc3ccccc3F)c(=O)c21,O=c1c2[nH]c3ccsc3c2cnn1Cc1ccccc1,validation,
976,benzyl N-[1-oxo-1-[(1-oxo-3-phenylpropan-2-yl)amino]-3-phenylpropan-2-yl]carbamate,C1=CC=C(C=C1)CC(C=O)NC(=O)C(CC2=CC=CC=C2)NC(=O)OCC3=CC=CC=C3,OIKITZBTDSAJQH-UHFFFAOYSA-N,aliphatic,,O=CC(Cc1ccccc1)NC(=O)C(Cc1ccccc1)NC(=O)OCc1ccccc1,O=C(NC(Cc1ccccc1)C(=O)NCCc1ccccc1)OCc1ccccc1,validation,
977,(2S)-3-methyl-2-(naphthalen-1-ylsulfonylamino)-N-[(2S)-1-oxo-3-phenylpropan-2-yl]pentanamide,CCC(C)[C@@H](C(=O)N[C@@H](CC1=CC=CC=C1)C=O)NS(=O)(=O)C2=CC=CC3=CC=CC=C32,RCRDLQNAUGVQKY-ZCAYSAGXSA-N,aliphatic,,CCC(C)[C@H](NS(=O)(=O)c1cccc2ccccc12)C(=O)N[C@H](C=O)Cc1ccccc1,O=C(CNS(=O)(=O)c1cccc2ccccc12)NCCc1ccccc1,test,
978,2-[5-[[(2S)-1-methylpyrrolidin-2-yl]methoxy]-3-pyridinyl]benzaldehyde,CN1CCC[C@H]1COC2=CN=CC(=C2)C3=CC=CC=C3C=O,GBZIRLKKAZTVBX-INIZCTEOSA-N,aromatic_carbo,,CN1CCC[C@H]1COc1cncc(-c2ccccc2C=O)c1,c1ccc(-c2cncc(OC[C@@H]3CCCN3)c2)cc1,test,
979,N-[2-[3-(3-formylphenyl)-7-methoxynaphthalen-1-yl]ethyl]acetamide,CC(=O)NCCC1=C2C=C(C=CC2=CC(=C1)C3=CC=CC(=C3)C=O)OC,UPVFDHUOFQXFQX-UHFFFAOYSA-N,aromatic_carbo,,COc1ccc2cc(-c3cccc(C=O)c3)cc(CCNC(C)=O)c2c1,c1ccc(-c2ccc3ccccc3c2)cc1,train,
980,4-[[4-amino-6-[(2R)-butan-2-yl]oxy-5-formylpyrimidin-2-yl]amino]benzenesulfonamide,CC[C@@H](C)OC1=NC(=NC(=C1C=O)N)NC2=CC=C(C=C2)S(=O)(=O)N,SVOFPTVACXACGU-SECBINFHSA-N,aromatic_hetero,,CC[C@@H](C)Oc1nc(Nc2ccc(S(N)(=O)=O)cc2)nc(N)c1C=O,c1ccc(Nc2ncccn2)cc1,train,
981,4-methyl-N-[(2S)-1-oxo-1-[[(2S)-1-oxo-4-phenylbutan-2-yl]amino]-3-phenylpropan-2-yl]piperazine-1-carboxamide,CN1CCN(CC1)C(=O)N[C@@H](CC2=CC=CC=C2)C(=O)N[C@@H](CCC3=CC=CC=C3)C=O,BUMLVPVZNAMULE-GOTSBHOMSA-N,aliphatic,,CN1CCN(C(=O)N[C@@H](Cc2ccccc2)C(=O)N[C@H](C=O)CCc2ccccc2)CC1,O=C(NCCCc1ccccc1)[C@H](Cc1ccccc1)NC(=O)N1CCNCC1,train,
982,"N-(5-cyano-4-propan-2-yloxy-2-pyridinyl)-7-formyl-6-[[methyl(methylsulfonyl)amino]methyl]-3,4-dihydro-2H-1,8-naphthyridine-1-carboxamide",CC(C)OC1=CC(=NC=C1C#N)NC(=O)N2CCCC3=CC(=C(N=C32)C=O)CN(C)S(=O)(=O)C,QHHNXXQTDZYPIK-UHFFFAOYSA-N,aromatic_hetero,,CC(C)Oc1cc(NC(=O)N2CCCc3cc(CN(C)S(C)(=O)=O)c(C=O)nc32)ncc1C#N,O=C(Nc1ccccn1)N1CCCc2cccnc21,train,
983,"N-(5-cyano-4-propan-2-yloxy-2-pyridinyl)-7-formyl-6-[(2-oxopyrrolidin-1-yl)methyl]-3,4-dihydro-2H-1,8-naphthyridine-1-carboxamide",CC(C)OC1=CC(=NC=C1C#N)NC(=O)N2CCCC3=CC(=C(N=C32)C=O)CN4CCCC4=O,KLEFUSZBZSSQHZ-UHFFFAOYSA-N,aromatic_hetero,,CC(C)Oc1cc(NC(=O)N2CCCc3cc(CN4CCCC4=O)c(C=O)nc32)ncc1C#N,O=C1CCCN1Cc1cnc2c(c1)CCCN2C(=O)Nc1ccccn1,train,
984,"N-[5-cyano-4-(2-methoxyethylamino)-2-pyridinyl]-7-formyl-6-[[(2-methoxyacetyl)-methylamino]methyl]-3,4-dihydro-2H-1,8-naphthyridine-1-carboxamide",CN(CC1=C(N=C2C(=C1)CCCN2C(=O)NC3=NC=C(C(=C3)NCCOC)C#N)C=O)C(=O)COC,FXBQEWDXXHAXIW-UHFFFAOYSA-N,aromatic_hetero,,COCCNc1cc(NC(=O)N2CCCc3cc(CN(C)C(=O)COC)c(C=O)nc32)ncc1C#N,O=C(Nc1ccccn1)N1CCCc2cccnc21,train,
985,"N-[5-cyano-4-(2-methoxyethylamino)-2-pyridinyl]-6-(difluoromethyl)-7-formyl-3,4-dihydro-2H-1,8-naphthyridine-1-carboxamide",COCCNC1=CC(=NC=C1C#N)NC(=O)N2CCCC3=CC(=C(N=C32)C=O)C(F)F,DZGMBBPPVCVYNF-UHFFFAOYSA-N,aromatic_hetero,,COCCNc1cc(NC(=O)N2CCCc3cc(C(F)F)c(C=O)nc32)ncc1C#N,O=C(Nc1ccccn1)N1CCCc2cccnc21,train,
986,"6-[[acetyl(methyl)amino]methyl]-N-[5-cyano-4-(propan-2-ylamino)-2-pyridinyl]-7-formyl-3,4-dihydro-2H-1,8-naphthyridine-1-carboxamide",CC(C)NC1=CC(=NC=C1C#N)NC(=O)N2CCCC3=CC(=C(N=C32)C=O)CN(C)C(=O)C,JSQVANACZJNWAP-UHFFFAOYSA-N,aromatic_hetero,,CC(=O)N(C)Cc1cc2c(nc1C=O)N(C(=O)Nc1cc(NC(C)C)c(C#N)cn1)CCC2,O=C(Nc1ccccn1)N1CCCc2cccnc21,train,
987,"6-[[acetyl(ethyl)amino]methyl]-N-[5-cyano-4-(2-methoxyethylamino)-2-pyridinyl]-7-formyl-3,4-dihydro-2H-1,8-naphthyridine-1-carboxamide",CCN(CC1=C(N=C2C(=C1)CCCN2C(=O)NC3=NC=C(C(=C3)NCCOC)C#N)C=O)C(=O)C,LYVKHZZBBRVBSG-UHFFFAOYSA-N,aromatic_hetero,,CCN(Cc1cc2c(nc1C=O)N(C(=O)Nc1cc(NCCOC)c(C#N)cn1)CCC2)C(C)=O,O=C(Nc1ccccn1)N1CCCc2cccnc21,train,
988,"N-[5-cyano-4-(2-methoxyethylamino)-2-pyridinyl]-7-formyl-6-[(3-oxomorpholin-4-yl)methyl]-3,4-dihydro-2H-1,8-naphthyridine-1-carboxamide",COCCNC1=CC(=NC=C1C#N)NC(=O)N2CCCC3=CC(=C(N=C32)C=O)CN4CCOCC4=O,ZTYSXMGILYNNJX-UHFFFAOYSA-N,aromatic_hetero,,COCCNc1cc(NC(=O)N2CCCc3cc(CN4CCOCC4=O)c(C=O)nc32)ncc1C#N,O=C1COCCN1Cc1cnc2c(c1)CCCN2C(=O)Nc1ccccn1,test,
989,"N-(5-cyano-4-propan-2-yloxy-2-pyridinyl)-7-formyl-3,4-dihydro-2H-1,8-naphthyridine-1-carboxamide",CC(C)OC1=CC(=NC=C1C#N)NC(=O)N2CCCC3=C2N=C(C=C3)C=O,KYVKVDHCJPYHLM-UHFFFAOYSA-N,aromatic_hetero,,CC(C)Oc1cc(NC(=O)N2CCCc3ccc(C=O)nc32)ncc1C#N,O=C(Nc1ccccn1)N1CCCc2cccnc21,train,
990,(2-formyl-6-methoxyphenyl) morpholine-4-carboxylate,COC1=CC=CC(=C1OC(=O)N2CCOCC2)C=O,SKAPDLHPMQQAGK-UHFFFAOYSA-N,aromatic_carbo,,COc1cccc(C=O)c1OC(=O)N1CCOCC1,O=C(Oc1ccccc1)N1CCOCC1,train,
991,1-[2-(4-methoxyphenoxy)ethyl]indole-3-carbaldehyde,COC1=CC=C(C=C1)OCCN2C=C(C3=CC=CC=C32)C=O,SFRCPMXTOWXILH-UHFFFAOYSA-N,aromatic_hetero,,COc1ccc(OCCn2cc(C=O)c3ccccc32)cc1,c1ccc(OCCn2ccc3ccccc32)cc1,train,
992,"2-(1,4-dioxa-8-azaspiro[4.5]decan-8-yl)-4-oxopyrido[1,2-a]pyrimidine-3-carbaldehyde",C1CN(CCC12OCCO2)C3=C(C(=O)N4C=CC=CC4=N3)C=O,CDRNEASQBFJLAH-UHFFFAOYSA-N,aromatic_hetero,,O=Cc1c(N2CCC3(CC2)OCCO3)nc2ccccn2c1=O,O=c1cc(N2CCC3(CC2)OCCO3)nc2ccccn12,train,
993,2-chloro-2-dimorpholin-4-ylphosphorylacetaldehyde,C1COCCN1P(=O)(C(C=O)Cl)N2CCOCC2,IOUXCLUCHATUGT-UHFFFAOYSA-N,aliphatic,phosphorus,O=CC(Cl)P(=O)(N1CCOCC1)N1CCOCC1,O=[PH](N1CCOCC1)N1CCOCC1,validation,
994,"1-[4-(cyclopentylamino)-3-nitrophenyl]-2,5-dimethylpyrrole-3-carbaldehyde",CC1=CC(=C(N1C2=CC(=C(C=C2)NC3CCCC3)[N+](=O)[O-])C)C=O,WCCJMTHTCWZRTG-UHFFFAOYSA-N,aromatic_hetero,nitro,Cc1cc(C=O)c(C)n1-c1ccc(NC2CCCC2)c([N+](=O)[O-])c1,c1ccn(-c2ccc(NC3CCCC3)cc2)c1,train,
995,"2,4-dihydroxy-3-[(Z)-3-hydroxy-3-phenylprop-2-enoyl]-6-methoxy-5-methylbenzaldehyde",CC1=C(C(=C(C(=C1OC)C=O)O)C(=O)/C=C(/C2=CC=CC=C2)\O)O,FYPNXPAVVGQFNL-JYRVWZFOSA-N,aromatic_carbo,,COc1c(C)c(O)c(C(=O)/C=C(\O)c2ccccc2)c(O)c1C=O,O=C(/C=C/c1ccccc1)c1ccccc1,train,
996,"(1S,4R,5S,7S,8R,9R,12S,13R,14R,16R,18S)-5,7-dihydroxy-9,16-dimethyl-8-(6-oxopyran-3-yl)-15,17,20-trioxahexacyclo[14.3.1.114,18.01,13.04,12.05,9]henicosane-13-carbaldehyde",C[C@]12CC[C@H]3[C@H]([C@]1(C[C@@H]([C@@H]2C4=COC(=O)C=C4)O)O)CC[C@@]56[C@@]3([C@H]7C[C@@H](C5)O[C@](O7)(O6)C)C=O,BAHOJFZMHXQESK-JOBIDQOPSA-N,aliphatic,,C[C@@]12O[C@H]3C[C@@H](O1)[C@]1(C=O)[C@H]4CC[C@]5(C)[C@@H](c6ccc(=O)oc6)[C@@H](O)C[C@]5(O)[C@@H]4CC[C@@]1(C3)O2,O=c1ccc([C@H]2CCC3C2CC[C@@H]2C4[C@H]5C[C@H]6C[C@]4(CC[C@@H]32)OC(O6)O5)co1,validation,
997,(2S)-N-[(2S)-5-(diaminomethylideneamino)-1-oxopentan-2-yl]-2-[[(2R)-2-hydroxy-3-(4-hydroxyphenyl)propanoyl]amino]-4-(4-hydroxyphenyl)butanamide,C1=CC(=CC=C1CC[C@@H](C(=O)N[C@@H](CCCN=C(N)N)C=O)NC(=O)[C@@H](CC2=CC=C(C=C2)O)O)O,XZGYPANYOCFBHU-YUXAGFNASA-N,aliphatic,,NC(N)=NCCC[C@@H](C=O)NC(=O)[C@H](CCc1ccc(O)cc1)NC(=O)[C@H](O)Cc1ccc(O)cc1,O=C(CCc1ccccc1)NCCCc1ccccc1,train,
998,benzyl N-[(2S)-1-[[(2S)-1-(4-hydroxyphenyl)-3-oxopropan-2-yl]amino]-3-methyl-1-oxobutan-2-yl]carbamate,CC(C)[C@@H](C(=O)N[C@@H](CC1=CC=C(C=C1)O)C=O)NC(=O)OCC2=CC=CC=C2,SMHWTXZVZOFOFA-ICSRJNTNSA-N,aliphatic,,CC(C)[C@H](NC(=O)OCc1ccccc1)C(=O)N[C@H](C=O)Cc1ccc(O)cc1,O=C(CNC(=O)OCc1ccccc1)NCCc1ccccc1,train,
999,benzyl N-[(2S)-1-oxo-1-[[(2S)-1-oxo-3-phenylpropan-2-yl]amino]propan-2-yl]carbamate,C[C@@H](C(=O)N[C@@H](CC1=CC=CC=C1)C=O)NC(=O)OCC2=CC=CC=C2,BSQXGCSIDWZSHW-YJBOKZPZSA-N,aliphatic,,C[C@H](NC(=O)OCc1ccccc1)C(=O)N[C@H](C=O)Cc1ccccc1,O=C(CNC(=O)OCc1ccccc1)NCCc1ccccc1,train,
1000,benzyl N-[(2S)-4-methyl-1-[[(2S)-4-methyl-1-oxopentan-2-yl]amino]-1-oxopentan-2-yl]carbamate,CC(C)C[C@@H](C=O)NC(=O)[C@H](CC(C)C)NC(=O)OCC1=CC=CC=C1,YURCDSVPGYKHDQ-ROUUACIJSA-N,aliphatic,,CC(C)C[C@@H](C=O)NC(=O)[C@H](CC(C)C)NC(=O)OCc1ccccc1,c1ccccc1,train,
1001,benzyl N-[(2S)-4-methyl-1-[[(2S)-4-methyl-1-oxo-1-[[(2S)-1-oxopropan-2-yl]amino]pentan-2-yl]amino]-1-oxopentan-2-yl]carbamate,C[C@@H](C=O)NC(=O)[C@H](CC(C)C)NC(=O)[C@H](CC(C)C)NC(=O)OCC1=CC=CC=C1,IGLIFRZQNUZPJL-IHPCNDPISA-N,aliphatic,,CC(C)C[C@H](NC(=O)OCc1ccccc1)C(=O)N[C@@H](CC(C)C)C(=O)N[C@@H](C)C=O,c1ccccc1,train,
1002,"2-(2,6-difluorophenyl)-1-[(2,6-difluorophenyl)methyl]benzimidazole-4-carbaldehyde",C1=CC(=C2C(=C1)N(C(=N2)C3=C(C=CC=C3F)F)CC4=C(C=CC=C4F)F)C=O,DABSVOFHWWOBPI-UHFFFAOYSA-N,aromatic_carbo,,O=Cc1cccc2c1nc(-c1c(F)cccc1F)n2Cc1c(F)cccc1F,c1ccc(Cn2c(-c3ccccc3)nc3ccccc32)cc1,train,
1003,"4-[[4-amino-6-(4-formyl-2,6-dimethylphenoxy)-1,3,5-triazin-2-yl]amino]benzonitrile",CC1=CC(=CC(=C1OC2=NC(=NC(=N2)NC3=CC=C(C=C3)C#N)N)C)C=O,SEFNHVPFQAGLEC-UHFFFAOYSA-N,aromatic_carbo,,Cc1cc(C=O)cc(C)c1Oc1nc(N)nc(Nc2ccc(C#N)cc2)n1,c1ccc(Nc2ncnc(Oc3ccccc3)n2)cc1,validation,
1004,3-(4-fluorophenyl)-1-phenylpyrazole-4-carbaldehyde,C1=CC=C(C=C1)N2C=C(C(=N2)C3=CC=C(C=C3)F)C=O,AQESLSBUZSGPEX-UHFFFAOYSA-N,aromatic_hetero,,O=Cc1cn(-c2ccccc2)nc1-c1ccc(F)cc1,c1ccc(-c2ccn(-c3ccccc3)n2)cc1,train,
1005,"4-oxo-2-thiomorpholin-4-ylpyrido[1,2-a]pyrimidine-3-carbaldehyde",C1CSCCN1C2=C(C(=O)N3C=CC=CC3=N2)C=O,ZCUGTGSUXDAESR-UHFFFAOYSA-N,aromatic_hetero,,O=Cc1c(N2CCSCC2)nc2ccccn2c1=O,O=c1cc(N2CCSCC2)nc2ccccn12,train,
1006,"9-methyl-4-oxo-2-thiomorpholin-4-ylpyrido[1,2-a]pyrimidine-3-carbaldehyde",CC1=CC=CN2C1=NC(=C(C2=O)C=O)N3CCSCC3,VMBSDWQLZDNPDS-UHFFFAOYSA-N,aromatic_hetero,,Cc1cccn2c(=O)c(C=O)c(N3CCSCC3)nc12,O=c1cc(N2CCSCC2)nc2ccccn12,train,
1007,4-(2-formylpyrrol-1-yl)benzenesulfonamide,C1=CN(C(=C1)C=O)C2=CC=C(C=C2)S(=O)(=O)N,GLIUQFSIKLMRCN-UHFFFAOYSA-N,aromatic_hetero,,NS(=O)(=O)c1ccc(-n2cccc2C=O)cc1,c1ccc(-n2cccc2)cc1,train,
1008,3-methoxy-4-(pyridin-4-ylmethoxy)benzaldehyde,COC1=C(C=CC(=C1)C=O)OCC2=CC=NC=C2,JSFYMQUBZVFHHJ-UHFFFAOYSA-N,aromatic_carbo,,COc1cc(C=O)ccc1OCc1ccncc1,c1ccc(OCc2ccncc2)cc1,train,
1009,1-[(3-methylphenyl)methyl]indole-3-carbaldehyde,CC1=CC(=CC=C1)CN2C=C(C3=CC=CC=C32)C=O,GRXZPUPSNRQSLN-UHFFFAOYSA-N,aromatic_hetero,,Cc1cccc(Cn2cc(C=O)c3ccccc32)c1,c1ccc(Cn2ccc3ccccc32)cc1,train,
1010,"4-(1,3-dihydroisoindol-2-yl)-2-methylbenzaldehyde",CC1=C(C=CC(=C1)N2CC3=CC=CC=C3C2)C=O,MNXZNQDPLSPRGP-UHFFFAOYSA-N,aromatic_carbo,,Cc1cc(N2Cc3ccccc3C2)ccc1C=O,c1ccc(N2Cc3ccccc3C2)cc1,train,
1011,"3-[(1,3-dioxoisoindol-2-yl)methyl]-4-methoxybenzaldehyde",COC1=C(C=C(C=C1)C=O)CN2C(=O)C3=CC=CC=C3C2=O,YRHPTEBYNCHWPW-UHFFFAOYSA-N,aromatic_carbo,,COc1ccc(C=O)cc1CN1C(=O)c2ccccc2C1=O,O=C1c2ccccc2C(=O)N1Cc1ccccc1,train,
1012,5-benzoyl-1H-indole-3-carbaldehyde,C1=CC=C(C=C1)C(=O)C2=CC3=C(C=C2)NC=C3C=O,PFVQGXDIFWNNSC-UHFFFAOYSA-N,aromatic_hetero,,O=Cc1c[nH]c2ccc(C(=O)c3ccccc3)cc12,O=C(c1ccccc1)c1ccc2[nH]ccc2c1,test,
1013,"7-methyl-2-morpholin-4-yl-4-oxopyrido[1,2-a]pyrimidine-3-carbaldehyde",CC1=CN2C(=NC(=C(C2=O)C=O)N3CCOCC3)C=C1,FEWCVLOMZJNYMB-UHFFFAOYSA-N,aromatic_hetero,,Cc1ccc2nc(N3CCOCC3)c(C=O)c(=O)n2c1,O=c1cc(N2CCOCC2)nc2ccccn12,validation,
1014,(4-formyl-2-methoxyphenyl) pyridine-3-carboxylate,COC1=C(C=CC(=C1)C=O)OC(=O)C2=CN=CC=C2,NIEKGVVKLQOETF-UHFFFAOYSA-N,aromatic_carbo,,COc1cc(C=O)ccc1OC(=O)c1cccnc1,O=C(Oc1ccccc1)c1cccnc1,test,
1015,2-methoxy-4-pyrrolidin-1-ylbenzaldehyde,COC1=C(C=CC(=C1)N2CCCC2)C=O,FKOMMOONHLWVTE-UHFFFAOYSA-N,aromatic_carbo,,COc1cc(N2CCCC2)ccc1C=O,c1ccc(N2CCCC2)cc1,train,
1016,"2-(4-methylphenyl)imidazo[1,2-a]pyridine-3-carbaldehyde",CC1=CC=C(C=C1)C2=C(N3C=CC=CC3=N2)C=O,PJWGCWHPWZXGCC-UHFFFAOYSA-N,aromatic_hetero,,Cc1ccc(-c2nc3ccccn3c2C=O)cc1,c1ccc(-c2cn3ccccc3n2)cc1,train,
1017,"ethyl 6-formyl-2,4-dimethylthieno[3,2-b]pyrrole-5-carboxylate",CCOC(=O)C1=C(C2=C(N1C)C=C(S2)C)C=O,XBWYWSXMFBXRNM-UHFFFAOYSA-N,aromatic_hetero,,CCOC(=O)c1c(C=O)c2sc(C)cc2n1C,c1cc2sccc2[nH]1,train,
1018,"2-(4-benzylpiperazin-1-yl)-1,3-thiazole-5-carbaldehyde",C1CN(CCN1CC2=CC=CC=C2)C3=NC=C(S3)C=O,ICEJWPVGLIEGTK-UHFFFAOYSA-N,aromatic_hetero,,O=Cc1cnc(N2CCN(Cc3ccccc3)CC2)s1,c1ccc(CN2CCN(c3nccs3)CC2)cc1,test,
1019,2-amino-4-[benzyl(methyl)amino]-6-chloropyrimidine-5-carbaldehyde,CN(CC1=CC=CC=C1)C2=C(C(=NC(=N2)N)Cl)C=O,HGFDFNJDAKPAFL-UHFFFAOYSA-N,aromatic_hetero,,CN(Cc1ccccc1)c1nc(N)nc(Cl)c1C=O,c1ccc(CNc2ccncn2)cc1,train,
1020,2-amino-4-chloro-6-piperidin-1-ylpyrimidine-5-carbaldehyde,C1CCN(CC1)C2=C(C(=NC(=N2)N)Cl)C=O,NNTQTAQGKYJYSU-UHFFFAOYSA-N,aromatic_hetero,,Nc1nc(Cl)c(C=O)c(N2CCCCC2)n1,c1cc(N2CCCCC2)ncn1,train,
1021,5-chloro-3-methyl-1-[(4-methylphenyl)methyl]pyrazole-4-carbaldehyde,CC1=CC=C(C=C1)CN2C(=C(C(=N2)C)C=O)Cl,FSGGXKDCIYEBKS-UHFFFAOYSA-N,aromatic_hetero,,Cc1ccc(Cn2nc(C)c(C=O)c2Cl)cc1,c1ccc(Cn2cccn2)cc1,train,
1022,"N-(1,3-benzodioxol-5-yl)-2-(4-formyl-2-methoxyphenoxy)acetamide",COC1=C(C=CC(=C1)C=O)OCC(=O)NC2=CC3=C(C=C2)OCO3,BQFWUHCAYRRMFC-UHFFFAOYSA-N,aromatic_carbo,,COc1cc(C=O)ccc1OCC(=O)Nc1ccc2c(c1)OCO2,O=C(COc1ccccc1)Nc1ccc2c(c1)OCO2,train,
1023,"4-methyl-2-morpholin-4-yl-1,3-thiazole-5-carbaldehyde",CC1=C(SC(=N1)N2CCOCC2)C=O,MJRSIYGQMLZBIH-UHFFFAOYSA-N,aromatic_hetero,,Cc1nc(N2CCOCC2)sc1C=O,c1csc(N2CCOCC2)n1,train,
1024,"4-amino-1-methyl-3-(2-methylpropyl)-2,6-dioxopyrimidine-5-carbaldehyde",CC(C)CN1C(=C(C(=O)N(C1=O)C)C=O)N,YQEUPOYACKBOGQ-UHFFFAOYSA-N,aromatic_hetero,,CC(C)Cn1c(N)c(C=O)c(=O)n(C)c1=O,O=c1cc[nH]c(=O)[nH]1,train,
1025,2-amino-6-methoxy-4-oxochromene-3-carbaldehyde,COC1=CC2=C(C=C1)OC(=C(C2=O)C=O)N,FMYYFKHTWRVDSA-UHFFFAOYSA-N,aromatic_hetero,,COc1ccc2oc(N)c(C=O)c(=O)c2c1,O=c1ccoc2ccccc12,train,
1026,3-pyrimidin-2-yloxybenzaldehyde,C1=CC(=CC(=C1)OC2=NC=CC=N2)C=O,DWRSRAYKUJFONM-UHFFFAOYSA-N,aromatic_carbo,,O=Cc1cccc(Oc2ncccn2)c1,c1ccc(Oc2ncccn2)cc1,train,
1027,4-pyrimidin-2-yloxybenzaldehyde,C1=CN=C(N=C1)OC2=CC=C(C=C2)C=O,CGSRJSIAGKSMHU-UHFFFAOYSA-N,aromatic_carbo,,O=Cc1ccc(Oc2ncccn2)cc1,c1ccc(Oc2ncccn2)cc1,train,
1028,2-(2-formylphenoxy)benzonitrile,C1=CC=C(C(=C1)C=O)OC2=CC=CC=C2C#N,WPJDNBMSANPKFI-UHFFFAOYSA-N,aromatic_carbo,,N#Cc1ccccc1Oc1ccccc1C=O,c1ccc(Oc2ccccc2)cc1,train,
1029,"2-(4-ethylpiperazin-1-yl)-4-oxopyrido[1,2-a]pyrimidine-3-carbaldehyde",CCN1CCN(CC1)C2=C(C(=O)N3C=CC=CC3=N2)C=O,GMZLSUYJTQDLMD-UHFFFAOYSA-N,aromatic_hetero,,CCN1CCN(c2nc3ccccn3c(=O)c2C=O)CC1,O=c1cc(N2CCNCC2)nc2ccccn12,validation,
1030,"7-methyl-2-(4-methylpiperazin-1-yl)-4-oxopyrido[1,2-a]pyrimidine-3-carbaldehyde",CC1=CN2C(=NC(=C(C2=O)C=O)N3CCN(CC3)C)C=C1,DFCILDZWKMPHIM-UHFFFAOYSA-N,aromatic_hetero,,Cc1ccc2nc(N3CCN(C)CC3)c(C=O)c(=O)n2c1,O=c1cc(N2CCNCC2)nc2ccccn12,validation,
1031,ethyl 4-[5-(5-formyl-1-methylpyrrol-3-yl)-5-oxopentoxy]benzoate,CCOC(=O)C1=CC=C(C=C1)OCCCCC(=O)C2=CN(C(=C2)C=O)C,SZCPOFPXTZWMJN-UHFFFAOYSA-N,aromatic_hetero,,CCOC(=O)c1ccc(OCCCCC(=O)c2cc(C=O)n(C)c2)cc1,O=C(CCCCOc1ccccc1)c1cc[nH]c1,train,
1032,1-(2-methoxyphenyl)pyrrole-2-carbaldehyde,COC1=CC=CC=C1N2C=CC=C2C=O,IDXACMSARNPHFV-UHFFFAOYSA-N,aromatic_hetero,,COc1ccccc1-n1cccc1C=O,c1ccc(-n2cccc2)cc1,train,
1033,"2-(1,2,4-triazol-1-yl)benzaldehyde",C1=CC=C(C(=C1)C=O)N2C=NC=N2,IUOWYKORVDKYFG-UHFFFAOYSA-N,aromatic_carbo,,O=Cc1ccccc1-n1cncn1,c1ccc(-n2cncn2)cc1,train,
1034,1-[(4-ethenylphenyl)methyl]-3-formylindole-2-carboxylic acid,C=CC1=CC=C(C=C1)CN2C3=CC=CC=C3C(=C2C(=O)O)C=O,RPPZKECJAPWGOF-UHFFFAOYSA-N,aromatic_hetero,,C=Cc1ccc(Cn2c(C(=O)O)c(C=O)c3ccccc32)cc1,c1ccc(Cn2ccc3ccccc32)cc1,train,
1035,1-[(2-fluorophenyl)methyl]-3-formylindole-2-carboxylic acid,C1=CC=C(C(=C1)CN2C3=CC=CC=C3C(=C2C(=O)O)C=O)F,YZRPZFQKDOFYAD-UHFFFAOYSA-N,aromatic_hetero,,O=Cc1c(C(=O)O)n(Cc2ccccc2F)c2ccccc12,c1ccc(Cn2ccc3ccccc32)cc1,train,
1036,2-benzylsulfanylpyridine-3-carbaldehyde,C1=CC=C(C=C1)CSC2=C(C=CC=N2)C=O,UMBWHNVNGRJLHG-UHFFFAOYSA-N,aromatic_hetero,,O=Cc1cccnc1SCc1ccccc1,c1ccc(CSc2ccccn2)cc1,train,
1037,"1,10-phenanthroline-2-carbaldehyde",C1=CC2=C(C3=C(C=C2)C=CC(=N3)C=O)N=C1,SURLLZFZRLZTBI-UHFFFAOYSA-N,aromatic_hetero,,O=Cc1ccc2ccc3cccnc3c2n1,c1cnc2c(c1)ccc1cccnc12,test,
1038,2-hydroxy-3-methoxy-5-methylbenzaldehyde,CC1=CC(=C(C(=C1)OC)O)C=O,NDGVJTXAOLGFKK-UHFFFAOYSA-N,aromatic_carbo,,COc1cc(C)cc(C=O)c1O,c1ccccc1,train,
1039,"2-(2,4-dihydroxyphenyl)-4-hydroxy-6-methoxy-1-benzofuran-3-carbaldehyde",COC1=CC(=C2C(=C1)OC(=C2C=O)C3=C(C=C(C=C3)O)O)O,MYAHOBWCBIQQLV-UHFFFAOYSA-N,aromatic_hetero,,COc1cc(O)c2c(C=O)c(-c3ccc(O)cc3O)oc2c1,c1ccc(-c2cc3ccccc3o2)cc1,train,
1040,7-hydroxy-1-(4-hydroxy-3-methoxyphenyl)-6-methoxynaphthalene-2-carbaldehyde,COC1=C(C=CC(=C1)C2=C(C=CC3=CC(=C(C=C32)O)OC)C=O)O,TWPBLWBNALQAFO-UHFFFAOYSA-N,aromatic_carbo,,COc1cc(-c2c(C=O)ccc3cc(OC)c(O)cc23)ccc1O,c1ccc(-c2cccc3ccccc23)cc1,train,
1041,"3,7-dihydroxy-1-(4-hydroxy-3-methoxyphenyl)-6-methoxynaphthalene-2-carbaldehyde",COC1=CC2=CC(=C(C(=C2C=C1O)C3=CC(=C(C=C3)O)OC)C=O)O,VEMAKQNXRTXQPD-UHFFFAOYSA-N,aromatic_carbo,,COc1cc(-c2c(C=O)c(O)cc3cc(OC)c(O)cc23)ccc1O,c1ccc(-c2cccc3ccccc23)cc1,train,
1042,"1,6-dihydroxy-4-(4-hydroxy-3-methoxyphenyl)-7-methoxynaphthalene-2-carbaldehyde",COC1=CC2=C(C(=CC(=C2C=C1O)C3=CC(=C(C=C3)O)OC)C=O)O,WFANYWPAAJRIFF-UHFFFAOYSA-N,aromatic_carbo,,COc1cc(-c2cc(C=O)c(O)c3cc(OC)c(O)cc23)ccc1O,c1ccc(-c2cccc3ccccc23)cc1,train,
1043,5-hydroxy-6-(3-methylbut-2-enyl)-2-[(E)-pent-1-enyl]-1-benzofuran-4-carbaldehyde,CCC/C=C/C1=CC2=C(O1)C=C(C(=C2C=O)O)CC=C(C)C,SBYYFNVKZGJIPR-VOTSOKGWSA-N,aromatic_carbo,,CCC/C=C/c1cc2c(C=O)c(O)c(CC=C(C)C)cc2o1,c1ccc2occc2c1,train,
1044,"5-chloro-3-[(2E,6E)-7-[(2R)-5,5-dimethyl-4-oxooxolan-2-yl]-3-methylocta-2,6-dienyl]-2,4-dihydroxy-6-methylbenzaldehyde",CC1=C(C(=C(C(=C1Cl)O)C/C=C(\C)/CC/C=C(\C)/[C@H]2CC(=O)C(O2)(C)C)O)C=O,VGYPZLGWVQQOST-LWTYEDPSSA-N,aromatic_carbo,,C/C(=C\Cc1c(O)c(Cl)c(C)c(C=O)c1O)CC/C=C(\C)[C@H]1CC(=O)C(C)(C)O1,O=C1CO[C@@H](/C=C/CC/C=C/Cc2ccccc2)C1,validation,
1045,"5-hydroxy-6-(3-methylbut-2-enyl)-2-[(1E,3E)-penta-1,3-dienyl]-1-benzofuran-4-carbaldehyde",C/C=C/C=C/C1=CC2=C(O1)C=C(C(=C2C=O)O)CC=C(C)C,SEKUOZUOBHHCMJ-YTXTXJHMSA-N,aromatic_carbo,,C/C=C/C=C/c1cc2c(C=O)c(O)c(CC=C(C)C)cc2o1,c1ccc2occc2c1,train,
1046,6-methoxy-5-nonanoyl-4-oxopyran-2-carbaldehyde,CCCCCCCCC(=O)C1=C(OC(=CC1=O)C=O)OC,YTVPBUCDNKECDB-UHFFFAOYSA-N,aromatic_hetero,,CCCCCCCCC(=O)c1c(OC)oc(C=O)cc1=O,O=c1ccocc1,train,
1047,2-[2-(4-nitrophenoxy)ethoxy]benzaldehyde,C1=CC=C(C(=C1)C=O)OCCOC2=CC=C(C=C2)[N+](=O)[O-],LTDCPGJYBBEHIM-UHFFFAOYSA-N,aromatic_carbo,nitro,O=Cc1ccccc1OCCOc1ccc([N+](=O)[O-])cc1,c1ccc(OCCOc2ccccc2)cc1,train,
1048,"2-(1,4-dioxonaphthalen-2-yl)-2-methylpropanal",CC(C)(C=O)C1=CC(=O)C2=CC=CC=C2C1=O,RBXCNNSCGNJMLF-UHFFFAOYSA-N,aliphatic,,CC(C)(C=O)C1=CC(=O)c2ccccc2C1=O,O=C1C=CC(=O)c2ccccc21,train,
1049,1-(3-nitrophenyl)pyrrole-2-carbaldehyde,C1=CC(=CC(=C1)[N+](=O)[O-])N2C=CC=C2C=O,PMFWIANLJTWYNH-UHFFFAOYSA-N,aromatic_hetero,nitro,O=Cc1cccn1-c1cccc([N+](=O)[O-])c1,c1ccc(-n2cccc2)cc1,train,
1050,4-(5-formylfuran-2-yl)benzoic acid,C1=CC(=CC=C1C2=CC=C(O2)C=O)C(=O)O,LBIJVLPGGBXNPM-UHFFFAOYSA-N,aromatic_hetero,,O=Cc1ccc(-c2ccc(C(=O)O)cc2)o1,c1ccc(-c2ccco2)cc1,train,
1051,"2,5-diphenyl-1H-pyrrole-3-carbaldehyde",C1=CC=C(C=C1)C2=CC(=C(N2)C3=CC=CC=C3)C=O,IWYHVTRFSJPFOF-UHFFFAOYSA-N,aromatic_hetero,,O=Cc1cc(-c2ccccc2)[nH]c1-c1ccccc1,c1ccc(-c2ccc(-c3ccccc3)[nH]2)cc1,train,
1052,2-phenylmethoxynaphthalene-1-carbaldehyde,C1=CC=C(C=C1)COC2=C(C3=CC=CC=C3C=C2)C=O,VEMDBXGFPCYWJJ-UHFFFAOYSA-N,aromatic_carbo,,O=Cc1c(OCc2ccccc2)ccc2ccccc12,c1ccc(COc2ccc3ccccc3c2)cc1,train,
1053,3-[(4-fluorophenyl)methoxy]benzaldehyde,C1=CC(=CC(=C1)OCC2=CC=C(C=C2)F)C=O,APCQACNSEVZMIQ-UHFFFAOYSA-N,aromatic_carbo,,O=Cc1cccc(OCc2ccc(F)cc2)c1,c1ccc(COc2ccccc2)cc1,train,
1054,1-[(2-fluorophenyl)methyl]indole-3-carbaldehyde,C1=CC=C(C(=C1)CN2C=C(C3=CC=CC=C32)C=O)F,BIXFNGJGIDLTPF-UHFFFAOYSA-N,aromatic_hetero,,O=Cc1cn(Cc2ccccc2F)c2ccccc12,c1ccc(Cn2ccc3ccccc32)cc1,train,
1055,"4-oxo-2-phenylsulfanylpyrido[1,2-a]pyrimidine-3-carbaldehyde",C1=CC=C(C=C1)SC2=C(C(=O)N3C=CC=CC3=N2)C=O,OAPVVLFPLFMDPK-UHFFFAOYSA-N,aromatic_hetero,,O=Cc1c(Sc2ccccc2)nc2ccccn2c1=O,O=c1cc(Sc2ccccc2)nc2ccccn12,train,
1056,5-(dimethylamino)furan-2-carbaldehyde,CN(C)C1=CC=C(O1)C=O,ZLQGITSKRNWIOT-UHFFFAOYSA-N,aromatic_hetero,,CN(C)c1ccc(C=O)o1,c1ccoc1,train,
1057,1-[(4-fluorophenyl)methyl]indole-3-carbaldehyde,C1=CC=C2C(=C1)C(=CN2CC3=CC=C(C=C3)F)C=O,NZBLQHFUUZBVFC-UHFFFAOYSA-N,aromatic_hetero,,O=Cc1cn(Cc2ccc(F)cc2)c2ccccc12,c1ccc(Cn2ccc3ccccc32)cc1,train,
1058,"2-(4,6-dimethoxypyrimidin-2-yl)oxybenzaldehyde",COC1=CC(=NC(=N1)OC2=CC=CC=C2C=O)OC,OLJJNJSCMNETTB-UHFFFAOYSA-N,aromatic_carbo,,COc1cc(OC)nc(Oc2ccccc2C=O)n1,c1ccc(Oc2ncccn2)cc1,train,
1059,1-(4-fluorophenyl)indole-3-carbaldehyde,C1=CC=C2C(=C1)C(=CN2C3=CC=C(C=C3)F)C=O,RVYKBUHPOPVEPZ-UHFFFAOYSA-N,aromatic_hetero,,O=Cc1cn(-c2ccc(F)cc2)c2ccccc12,c1ccc(-n2ccc3ccccc32)cc1,train,
1060,"1-[(2,4-dichlorophenyl)methyl]indole-3-carbaldehyde",C1=CC=C2C(=C1)C(=CN2CC3=C(C=C(C=C3)Cl)Cl)C=O,HLTLQNRYXOUOAX-UHFFFAOYSA-N,aromatic_hetero,,O=Cc1cn(Cc2ccc(Cl)cc2Cl)c2ccccc12,c1ccc(Cn2ccc3ccccc32)cc1,train,
1061,N-(4-fluorophenyl)-2-(3-formylindol-1-yl)acetamide,C1=CC=C2C(=C1)C(=CN2CC(=O)NC3=CC=C(C=C3)F)C=O,IHPRFXABLADVBE-UHFFFAOYSA-N,aromatic_hetero,,O=Cc1cn(CC(=O)Nc2ccc(F)cc2)c2ccccc12,O=C(Cn1ccc2ccccc21)Nc1ccccc1,train,
1062,1-[(4-nitrophenyl)methyl]indole-3-carbaldehyde,C1=CC=C2C(=C1)C(=CN2CC3=CC=C(C=C3)[N+](=O)[O-])C=O,JAWFXXLBXDAJAJ-UHFFFAOYSA-N,aromatic_hetero,nitro,O=Cc1cn(Cc2ccc([N+](=O)[O-])cc2)c2ccccc12,c1ccc(Cn2ccc3ccccc32)cc1,train,
1063,1-oxobenzo[f]chromene-2-carbaldehyde,C1=CC=C2C(=C1)C=CC3=C2C(=O)C(=CO3)C=O,PSQJJMWXNFHILK-UHFFFAOYSA-N,aromatic_hetero,,O=Cc1coc2ccc3ccccc3c2c1=O,O=c1ccoc2ccc3ccccc3c12,train,
1064,methyl 5-fluoro-3-formyl-1H-indole-2-carboxylate,COC(=O)C1=C(C2=C(N1)C=CC(=C2)F)C=O,RFUMCHQBRAGPMS-UHFFFAOYSA-N,aromatic_hetero,,COC(=O)c1[nH]c2ccc(F)cc2c1C=O,c1ccc2[nH]ccc2c1,train,
1065,ethyl 2-(4-bromo-2-formyl-6-methoxyphenoxy)acetate,CCOC(=O)COC1=C(C=C(C=C1OC)Br)C=O,CDFJGOAIKJRSEA-UHFFFAOYSA-N,aromatic_carbo,,CCOC(=O)COc1c(C=O)cc(Br)cc1OC,c1ccccc1,train,
1066,2-amino-6-methyl-4-oxochromene-3-carbaldehyde,CC1=CC2=C(C=C1)OC(=C(C2=O)C=O)N,ZUOLPKRXZRWAFV-UHFFFAOYSA-N,aromatic_hetero,,Cc1ccc2oc(N)c(C=O)c(=O)c2c1,O=c1ccoc2ccccc12,train,
1067,3-[(4-bromophenyl)methoxy]benzaldehyde,C1=CC(=CC(=C1)OCC2=CC=C(C=C2)Br)C=O,ZYCYRFSDPSJVJO-UHFFFAOYSA-N,aromatic_carbo,,O=Cc1cccc(OCc2ccc(Br)cc2)c1,c1ccc(COc2ccccc2)cc1,train,
1068,2-hydroxy-4-(methoxymethoxy)benzaldehyde,COCOC1=CC(=C(C=C1)C=O)O,VYLBFPQDUSNVCA-UHFFFAOYSA-N,aromatic_carbo,,COCOc1ccc(C=O)c(O)c1,c1ccccc1,train,
1069,2-(5-formylfuran-2-yl)benzoic acid,C1=CC=C(C(=C1)C2=CC=C(O2)C=O)C(=O)O,IOKDFDKKAQANIA-UHFFFAOYSA-N,aromatic_hetero,,O=Cc1ccc(-c2ccccc2C(=O)O)o1,c1ccc(-c2ccco2)cc1,train,
1070,2-(4-methoxyphenyl)-1H-indole-3-carbaldehyde,COC1=CC=C(C=C1)C2=C(C3=CC=CC=C3N2)C=O,QIMWZVMNUAWWSJ-UHFFFAOYSA-N,aromatic_hetero,,COc1ccc(-c2[nH]c3ccccc3c2C=O)cc1,c1ccc(-c2cc3ccccc3[nH]2)cc1,train,
1071,tert-butyl N-[(2S)-3-methyl-1-oxobutan-2-yl]carbamate,CC(C)[C@@H](C=O)NC(=O)OC(C)(C)C,YMNBXYLOSIKZGL-MRVPVSSYSA-N,aliphatic,,CC(C)[C@@H](C=O)NC(=O)OC(C)(C)C,__no_ring__CC(C)[C@@H](C=O)NC(=O)OC(C)(C)C,test,
1072,"methyl 8-formyl-8,9-dihydroxy-5-oxocarbazole-1-carboxylate",COC(=O)C1=CC=CC2=C1N(C3=C2C(=O)C=CC3(C=O)O)O,RDPBKZPRYZVBHR-UHFFFAOYSA-N,aliphatic,,COC(=O)c1cccc2c3c(n(O)c12)C(O)(C=O)C=CC3=O,O=C1C=CCc2[nH]c3ccccc3c21,validation,
1073,"(8R,9S,13S,14S,17S)-3,17-dihydroxy-13-methyl-6,7,8,9,11,12,14,15,16,17-decahydrocyclopenta[a]phenanthrene-2-carbaldehyde",C[C@]12CC[C@H]3[C@H]([C@@H]1CC[C@@H]2O)CCC4=CC(=C(C=C34)C=O)O,GRWCHGOKIWOAEF-NNYOOSKESA-N,aromatic_carbo,,C[C@]12CC[C@@H]3c4cc(C=O)c(O)cc4CC[C@H]3[C@@H]1CC[C@@H]2O,c1ccc2c(c1)CC[C@@H]1[C@@H]2CCC2CCC[C@H]21,train,
1074,"8-[benzyl(propyl)amino]-6,7,8,9-tetrahydro-3H-benzo[e]indole-1-carbaldehyde",CCCN(CC1=CC=CC=C1)C2CCC3=C(C2)C4=C(C=C3)NC=C4C=O,UERVOFQYSXXVIG-UHFFFAOYSA-N,aromatic_hetero,,CCCN(Cc1ccccc1)C1CCc2ccc3[nH]cc(C=O)c3c2C1,c1ccc(CNC2CCc3ccc4[nH]ccc4c3C2)cc1,validation,
1075,"5-chloro-3-[(2E,6E)-7-(5,5-dimethyl-4-oxofuran-2-yl)-3-methylocta-2,6-dienyl]-2,4-dihydroxy-6-methylbenzaldehyde",CC1=C(C(=C(C(=C1Cl)O)C/C=C(\C)/CC/C=C(\C)/C2=CC(=O)C(O2)(C)C)O)C=O,NBIWEELILKYZAL-UAUIHIKDSA-N,aromatic_carbo,,C/C(=C\Cc1c(O)c(Cl)c(C)c(C=O)c1O)CC/C=C(\C)C1=CC(=O)C(C)(C)O1,O=C1C=C(/C=C/CC/C=C/Cc2ccccc2)OC1,train,
1076,5-methoxy-2-(4-methoxyphenyl)-1H-indole-3-carbaldehyde,COC1=CC=C(C=C1)C2=C(C3=C(N2)C=CC(=C3)OC)C=O,KHFBMBBEXQAWTP-UHFFFAOYSA-N,aromatic_hetero,,COc1ccc(-c2[nH]c3ccc(OC)cc3c2C=O)cc1,c1ccc(-c2cc3ccccc3[nH]2)cc1,train,
1077,benzyl N-[(2S)-3-methyl-1-oxo-1-[(1-oxo-3-phenylpropan-2-yl)amino]butan-2-yl]carbamate,CC(C)[C@@H](C(=O)NC(CC1=CC=CC=C1)C=O)NC(=O)OCC2=CC=CC=C2,NGBKFLTYGSREKK-ANYOKISRSA-N,aliphatic,,CC(C)[C@H](NC(=O)OCc1ccccc1)C(=O)NC(C=O)Cc1ccccc1,O=C(CNC(=O)OCc1ccccc1)NCCc1ccccc1,train,
1078,"(19S)-19-ethyl-19-hydroxy-7-methoxy-14,18-dioxo-17-oxa-3,13-diazapentacyclo[11.8.0.02,11.04,9.015,20]henicosa-1(21),2,4(9),5,7,10,15(20)-heptaene-10-carbaldehyde",CC[C@@]1(C2=C(COC1=O)C(=O)N3CC4=C(C5=C(C=CC(=C5)OC)N=C4C3=C2)C=O)O,FQJGWKURACUHSX-QFIPXVFZSA-N,aromatic_hetero,,CC[C@@]1(O)C(=O)OCc2c1cc1n(c2=O)Cc2c-1nc1ccc(OC)cc1c2C=O,O=C1Cc2cc3n(c(=O)c2CO1)Cc1cc2ccccc2nc1-3,train,
1079,2-(4-hydroxyphenyl)-1H-indole-3-carbaldehyde,C1=CC=C2C(=C1)C(=C(N2)C3=CC=C(C=C3)O)C=O,RDWXPWLANYTDNL-UHFFFAOYSA-N,aromatic_hetero,,O=Cc1c(-c2ccc(O)cc2)[nH]c2ccccc12,c1ccc(-c2cc3ccccc3[nH]2)cc1,train,
1080,"(1R,2S,11R,13S)-6,8-dihydroxy-2,14,14-trimethyl-7-(3-methylbutanoyl)-3-oxatetracyclo[11.1.1.02,11.04,9]pentadeca-4,6,8-triene-5-carbaldehyde",CC(C)CC(=O)C1=C(C(=C2C(=C1O)C[C@H]3C[C@H]4C[C@@H]([C@]3(O2)C)C4(C)C)C=O)O,XPIQRNXFCGGGHZ-UTNBYVNNSA-N,aromatic_carbo,,CC(C)CC(=O)c1c(O)c(C=O)c2c(c1O)C[C@H]1C[C@H]3C[C@H](C3(C)C)[C@@]1(C)O2,c1ccc2c(c1)C[C@H]1C[C@H]3C[C@H](C3)C1O2,validation,
1081,"(1R,12R,13R,16S,18R)-6-hydroxy-16,18-dimethyl-2,9-dioxo-17-oxapentacyclo[11.4.1.01,10.03,8.012,16]octadeca-3(8),4,6,10-tetraene-18-carbaldehyde",C[C@]12CC[C@@H]3[C@H]1C=C4C(=O)C5=C(C=CC(=C5)O)C(=O)[C@]4([C@]3(C)C=O)O2,NMLFNFAGOHGLMD-ACTXYHSCSA-N,aliphatic,,C[C@]12CC[C@@H]3[C@H]1C=C1C(=O)c4cc(O)ccc4C(=O)[C@@]1(O2)[C@]3(C)C=O,O=C1C2=C[C@H]3C4CC[C@H]3C[C@]2(O4)C(=O)c2ccccc21,test,
1082,"3,9-dihydroxy-10-(3-methylbut-2-enyl)-6H-[1]benzofuro[3,2-c]chromene-2-carbaldehyde",CC(=CCC1=C(C=CC2=C1OC3=C2COC4=C3C=C(C(=C4)O)C=O)O)C,AGFXXWXSPAYWMF-UHFFFAOYSA-N,aromatic_carbo,,CC(C)=CCc1c(O)ccc2c3c(oc12)-c1cc(C=O)c(O)cc1OC3,c1ccc2c(c1)OCc1c-2oc2ccccc12,test,
1083,"(1S,9R)-5,6,12,13,14-pentahydroxy-4,11-dimethyl-16-oxo-8,17-dioxatetracyclo[7.7.1.02,7.010,15]heptadeca-2(7),3,5,10,12,14-hexaene-3-carbaldehyde",CC1=C(C2=C(C(=C1O)O)O[C@@H]3C4=C(C(=C(C(=C4C(=O)[C@H]2O3)O)O)O)C)C=O,AHNFXMBOWJVAPB-FUHWJXTLSA-N,aromatic_carbo,,Cc1c(O)c(O)c2c(c1C=O)[C@@H]1O[C@H](O2)c2c(C)c(O)c(O)c(O)c2C1=O,O=C1c2ccccc2[C@H]2Oc3ccccc3[C@@H]1O2,validation,
1084,"(1S,4R,5S,8R,9R,11S,12S,13R,14R,16R,18S)-5,11-dihydroxy-9,16-dimethyl-10-oxo-8-(6-oxopyran-3-yl)-15,17,20-trioxahexacyclo[14.3.1.114,18.01,13.04,12.05,9]henicosane-13-carbaldehyde",C[C@@]12[C@H](CC[C@@]1([C@@H]3CC[C@]45C[C@@H]6C[C@H]([C@@]4([C@H]3[C@@H](C2=O)O)C=O)O[C@@](O6)(O5)C)O)C7=COC(=O)C=C7,PHOLEJIIASOWOL-XOGNUPMYSA-N,aliphatic,,C[C@@]12O[C@H]3C[C@@H](O1)[C@]1(C=O)[C@H]4[C@H](O)C(=O)[C@]5(C)[C@@H](c6ccc(=O)oc6)CC[C@]5(O)[C@@H]4CC[C@@]1(C3)O2,O=C1C[C@@H]2C3[C@H]4C[C@H]5C[C@]3(CC[C@H]2C2CC[C@H](c3ccc(=O)oc3)C12)OC(O5)O4,test,
1085,2-(3-formylindol-1-yl)-N-phenylacetamide,C1=CC=C(C=C1)NC(=O)CN2C=C(C3=CC=CC=C32)C=O,CVNRWJPNNAPGIN-UHFFFAOYSA-N,aromatic_hetero,,O=Cc1cn(CC(=O)Nc2ccccc2)c2ccccc12,O=C(Cn1ccc2ccccc21)Nc1ccccc1,train,
1086,10-methylanthracene-9-carbaldehyde,CC1=C2C=CC=CC2=C(C3=CC=CC=C13)C=O,KVWSVUPNZVIFBN-UHFFFAOYSA-N,aromatic_carbo,,Cc1c2ccccc2c(C=O)c2ccccc12,c1ccc2cc3ccccc3cc2c1,train,
1087,4-(5-formylfuran-2-yl)benzenesulfonic acid,C1=CC(=CC=C1C2=CC=C(O2)C=O)S(=O)(=O)O,KUJZJDRDSDDLRJ-UHFFFAOYSA-N,aromatic_hetero,,O=Cc1ccc(-c2ccc(S(=O)(=O)O)cc2)o1,c1ccc(-c2ccco2)cc1,train,
1088,1-(4-methylphenyl)sulfonylindole-3-carbaldehyde,CC1=CC=C(C=C1)S(=O)(=O)N2C=C(C3=CC=CC=C32)C=O,OIPHRFQIBIQGJF-UHFFFAOYSA-N,aromatic_hetero,,Cc1ccc(S(=O)(=O)n2cc(C=O)c3ccccc32)cc1,O=S(=O)(c1ccccc1)n1ccc2ccccc21,train,
1089,"2-phenylimidazo[1,2-a]pyridine-3-carbaldehyde",C1=CC=C(C=C1)C2=C(N3C=CC=CC3=N2)C=O,GDQWGRMPXASNTI-UHFFFAOYSA-N,aromatic_hetero,,O=Cc1c(-c2ccccc2)nc2ccccn12,c1ccc(-c2cn3ccccc3n2)cc1,train,
1090,2-(2-ethoxy-4-formylphenoxy)acetamide,CCOC1=C(C=CC(=C1)C=O)OCC(=O)N,SVAIFXRICURVNE-UHFFFAOYSA-N,aromatic_carbo,,CCOc1cc(C=O)ccc1OCC(N)=O,c1ccccc1,train,
1091,"7-chloro-2,3-dihydro-[1,4]dioxino[2,3-g]quinoline-8-carbaldehyde",C1COC2=CC3=NC(=C(C=C3C=C2O1)C=O)Cl,QRUKDHRPKVWTHQ-UHFFFAOYSA-N,aromatic_hetero,,O=Cc1cc2cc3c(cc2nc1Cl)OCCO3,c1cnc2cc3c(cc2c1)OCCO3,validation,
1092,"1,3-dihydroxy-9,10-dioxoanthracene-2-carbaldehyde",C1=CC=C2C(=C1)C(=O)C3=CC(=C(C(=C3C2=O)O)C=O)O,NSGZEHPFOUCUHD-UHFFFAOYSA-N,aromatic_carbo,,O=Cc1c(O)cc2c(c1O)C(=O)c1ccccc1C2=O,O=C1c2ccccc2C(=O)c2ccccc21,train,
1093,2-hydroxy-7-methoxy-1-(3-methylbut-2-enyl)-9H-carbazole-3-carbaldehyde,CC(=CCC1=C(C(=CC2=C1NC3=C2C=CC(=C3)OC)C=O)O)C,RJWKVZMWLOWCMX-UHFFFAOYSA-N,aromatic_carbo,,COc1ccc2c(c1)[nH]c1c(CC=C(C)C)c(O)c(C=O)cc12,c1ccc2c(c1)[nH]c1ccccc12,train,
1094,"3,4,5,6-tetrahydroxyhexanal",C(C=O)C(C(C(CO)O)O)O,VRYALKFFQXWPIH-UHFFFAOYSA-N,aliphatic,,O=CCC(O)C(O)C(O)CO,__no_ring__C(C=O)C(C(C(CO)O)O)O,test,
1095,"9,10-dioxoanthracene-2-carbaldehyde",C1=CC=C2C(=C1)C(=O)C3=C(C2=O)C=C(C=C3)C=O,XBWFYFHSIFEXMY-UHFFFAOYSA-N,aromatic_carbo,,O=Cc1ccc2c(c1)C(=O)c1ccccc1C2=O,O=C1c2ccccc2C(=O)c2ccccc21,train,
1096,1-hydroxy-9H-carbazole-3-carbaldehyde,C1=CC=C2C(=C1)C3=C(N2)C(=CC(=C3)C=O)O,OYSFFQUIYNEZKX-UHFFFAOYSA-N,aromatic_carbo,,O=Cc1cc(O)c2[nH]c3ccccc3c2c1,c1ccc2c(c1)[nH]c1ccccc12,train,
1097,"2-(3,4-dihydroxyphenyl)-7-hydroxy-1-benzofuran-4-carbaldehyde",C1=CC(=C(C=C1C2=CC3=C(C=CC(=C3O2)O)C=O)O)O,XQXIDELHPWXTDD-UHFFFAOYSA-N,aromatic_carbo,,O=Cc1ccc(O)c2oc(-c3ccc(O)c(O)c3)cc12,c1ccc(-c2cc3ccccc3o2)cc1,train,
1098,"2-(2,4-dihydroxyphenyl)-6-methoxy-7-(3-methylbut-2-enyl)-1-benzofuran-3-carbaldehyde",CC(=CCC1=C(C=CC2=C1OC(=C2C=O)C3=C(C=C(C=C3)O)O)OC)C,GBYUYYCUGKCGMM-UHFFFAOYSA-N,aromatic_hetero,,COc1ccc2c(C=O)c(-c3ccc(O)cc3O)oc2c1CC=C(C)C,c1ccc(-c2cc3ccccc3o2)cc1,train,
1099,"4,6-dihydroxy-2-methyl-3-[(2E,6E)-3,7,11-trimethyldodeca-2,6,10-trienyl]benzaldehyde",CC1=C(C(=CC(=C1C=O)O)O)C/C=C(\C)/CC/C=C(\C)/CCC=C(C)C,OYFBMJVJPUPJQG-VZRGJMDUSA-N,aromatic_carbo,,CC(C)=CCC/C(C)=C/CC/C(C)=C/Cc1c(O)cc(O)c(C=O)c1C,c1ccccc1,train,
1100,"3-[(E)-5-(2,5-dihydroxyphenyl)-3-methylpent-3-enyl]-6-hydroxy-2,4-dimethylbenzaldehyde",CC1=CC(=C(C(=C1CC/C(=C/CC2=C(C=CC(=C2)O)O)/C)C)C=O)O,BCYBPYQVUROVFP-YIXHJXPBSA-N,aromatic_carbo,,C/C(=C\Cc1cc(O)ccc1O)CCc1c(C)cc(O)c(C=O)c1C,C(=C\Cc1ccccc1)/CCc1ccccc1,train,
1101,"5-[(E)-5-(2,5-dihydroxyphenyl)-3-methylpent-3-enyl]-2,3-dihydroxy-4,6-dimethylbenzaldehyde",CC1=C(C(=C(C(=C1C=O)O)O)C)CC/C(=C/CC2=C(C=CC(=C2)O)O)/C,KTKUNEUPWDRROX-UUILKARUSA-N,aromatic_carbo,,C/C(=C\Cc1cc(O)ccc1O)CCc1c(C)c(O)c(O)c(C=O)c1C,C(=C\Cc1ccccc1)/CCc1ccccc1,train,
1102,"4-(acetyloxymethyl)-10-formyl-3,9-dihydroxy-1,7-dimethyl-6-oxobenzo[b][1,4]benzodioxepine-2-carboxylic acid",CC1=CC(=C(C2=C1C(=O)OC3=C(O2)C(=C(C(=C3COC(=O)C)O)C(=O)O)C)C=O)O,SKXNIRUDASOCCN-UHFFFAOYSA-N,aromatic_carbo,,CC(=O)OCc1c(O)c(C(=O)O)c(C)c2c1OC(=O)c1c(C)cc(O)c(C=O)c1O2,O=C1Oc2ccccc2Oc2ccccc21,train,
1103,"3-formyl-2,4-dihydroxy-6-methylbenzoic acid",CC1=CC(=C(C(=C1C(=O)O)O)C=O)O,KCOOTJRKKIDHTM-UHFFFAOYSA-N,aromatic_carbo,,Cc1cc(O)c(C=O)c(O)c1C(=O)O,c1ccccc1,train,
1104,"2-(3,5-dichloro-2-hydroxy-6-methoxy-4-methylbenzoyl)-4,6-dihydroxy-3-(3-methylbut-2-enyl)benzaldehyde",CC1=C(C(=C(C(=C1Cl)OC)C(=O)C2=C(C(=CC(=C2C=O)O)O)CC=C(C)C)O)Cl,ACRANQNXYMAQKJ-UHFFFAOYSA-N,aromatic_carbo,,COc1c(Cl)c(C)c(Cl)c(O)c1C(=O)c1c(C=O)c(O)cc(O)c1CC=C(C)C,O=C(c1ccccc1)c1ccccc1,train,
1105,"2-(2,4-dihydroxyphenyl)-4-hydroxy-6-methoxy-5-(3-methylbut-2-enyl)-1-benzofuran-3-carbaldehyde",CC(=CCC1=C(C=C2C(=C1O)C(=C(O2)C3=C(C=C(C=C3)O)O)C=O)OC)C,PXSWSGDFRGTMGP-UHFFFAOYSA-N,aromatic_hetero,,COc1cc2oc(-c3ccc(O)cc3O)c(C=O)c2c(O)c1CC=C(C)C,c1ccc(-c2cc3ccccc3o2)cc1,train,
1106,"2,7-dihydroxy-1,9,10-trimethoxy-7H-benzo[c]fluorene-6-carbaldehyde",COC1=C(C=C2C(=C1)C(C3=C(C=C4C=CC(=C(C4=C23)OC)O)C=O)O)OC,NFTOWXYLSPBKQL-UHFFFAOYSA-N,aromatic_carbo,,COc1cc2c(cc1OC)C(O)c1c(C=O)cc3ccc(O)c(OC)c3c1-2,c1ccc2c(c1)Cc1ccc3ccccc3c1-2,validation,
1107,"2-hydroxy-1,9,10-trimethoxy-7-oxobenzo[c]fluorene-6-carbaldehyde",COC1=C(C=C2C(=C1)C3=C4C(=CC(=C3C2=O)C=O)C=CC(=C4OC)O)OC,QVEOPFCOJVKSRP-UHFFFAOYSA-N,aromatic_carbo,,COc1cc2c(cc1OC)-c1c(c(C=O)cc3ccc(O)c(OC)c13)C2=O,O=C1c2ccccc2-c2c1ccc1ccccc21,test,
1108,"2,4-dihydroxy-6-methyl-3-[(E)-3-methyl-5-[(1S,2R,6R)-1,2,6-trimethyl-3-oxocyclohexyl]pent-2-enyl]benzaldehyde",C[C@@H]1CCC(=O)[C@@H]([C@@]1(C)CC/C(=C/CC2=C(C=C(C(=C2O)C=O)C)O)/C)C,JSPPDMSCDGJJOM-YDMRWXCBSA-N,aromatic_carbo,,C/C(=C\Cc1c(O)cc(C)c(C=O)c1O)CC[C@@]1(C)[C@H](C)CCC(=O)[C@@H]1C,O=C1CCCC(CC/C=C/Cc2ccccc2)C1,train,
1109,"(2R,3S)-2-(4-hydroxy-3-methoxyphenyl)-3-(hydroxymethyl)-7-methoxy-2,3-dihydro-1-benzofuran-5-carbaldehyde",COC1=CC(=CC2=C1O[C@H]([C@@H]2CO)C3=CC(=C(C=C3)O)OC)C=O,FHRVWMUANLCTEE-DYVFJYSZSA-N,aromatic_carbo,,COc1cc([C@@H]2Oc3c(OC)cc(C=O)cc3[C@H]2CO)ccc1O,c1ccc([C@H]2Cc3ccccc3O2)cc1,train,
1110,7-methoxy-9H-carbazole-3-carbaldehyde,COC1=CC2=C(C=C1)C3=C(N2)C=CC(=C3)C=O,IBDBRUPJUXYODT-UHFFFAOYSA-N,aromatic_carbo,,COc1ccc2c(c1)[nH]c1ccc(C=O)cc12,c1ccc2c(c1)[nH]c1ccccc12,train,
1111,"6-(4-hydroxy-2-methoxyphenyl)furo[2,3-f][1,3]benzodioxole-7-carbaldehyde",COC1=C(C=CC(=C1)O)C2=C(C3=CC4=C(C=C3O2)OCO4)C=O,DIWHINIZDYGBCS-UHFFFAOYSA-N,aromatic_hetero,,COc1cc(O)ccc1-c1oc2cc3c(cc2c1C=O)OCO3,c1ccc(-c2cc3cc4c(cc3o2)OCO4)cc1,test,
1112,"(6R,6aS,10aS)-5-hydroxy-7,7,10a-trimethyl-4-propan-2-yl-6a,8,9,10-tetrahydro-6H-indeno[2,1-g][1,3]benzodioxole-6-carbaldehyde",CC(C)C1=C(C2=C(C3=C1OCO3)[C@]4(CCCC([C@@H]4[C@H]2C=O)(C)C)C)O,WZYATGGRHPWBCT-VTOVKPRRSA-N,aliphatic,,CC(C)c1c(O)c2c(c3c1OCO3)[C@@]1(C)CCCC(C)(C)[C@@H]1[C@H]2C=O,c1cc2c(c3c1C[C@H]1CCCCC31)OCO2,train,
1113,"9,10-dihydroxy-8-methoxy-1-oxo-6-propan-2-yloxy-3-[(E)-prop-1-enyl]-6H-pyrano[4,3-c]isochromene-7-carbaldehyde",C/C=C/C1=CC2=C(C3=C(C(=C(C(=C3C(O2)OC(C)C)C=O)OC)O)O)C(=O)O1,BNFPYGWOFGPTQR-AATRIKPKSA-N,aromatic_carbo,,C/C=C/c1cc2c(c(=O)o1)-c1c(O)c(O)c(OC)c(C=O)c1C(OC(C)C)O2,O=c1occc2c1-c1ccccc1CO2,train,
1114,3-oxodecanal,CCCCCCCC(=O)CC=O,FPWYXHKGPQQAAG-UHFFFAOYSA-N,aliphatic,,CCCCCCCC(=O)CC=O,__no_ring__CCCCCCCC(=O)CC=O,validation,
1115,"5-chloro-3-[(2E,6E,10S)-10,11-dihydroxy-3,7,11-trimethyldodeca-2,6-dienyl]-2,4-dihydroxy-6-methylbenzaldehyde",CC1=C(C(=C(C(=C1Cl)O)C/C=C(\C)/CC/C=C(\C)/CC[C@@H](C(C)(C)O)O)O)C=O,DVURAWKKNXOYHO-LHDPSMIPSA-N,aromatic_carbo,,C/C(=C\Cc1c(O)c(Cl)c(C)c(C=O)c1O)CC/C=C(\C)CC[C@H](O)C(C)(C)O,c1ccccc1,train,
1116,"9,10-dihydroxy-6,8-dimethoxy-1-oxo-3-[(E)-prop-1-enyl]-6H-pyrano[4,3-c]isochromene-7-carbaldehyde",C/C=C/C1=CC2=C(C3=C(C(=C(C(=C3C(O2)OC)C=O)OC)O)O)C(=O)O1,LNBDQNHIHNAAHW-SNAWJCMRSA-N,aromatic_carbo,,C/C=C/c1cc2c(c(=O)o1)-c1c(O)c(O)c(OC)c(C=O)c1C(OC)O2,O=c1occc2c1-c1ccccc1CO2,train,
1117,"8-methoxy-3,3-dimethyl-11H-pyrano[3,2-a]carbazole-5-carbaldehyde",CC1(C=CC2=C(O1)C(=CC3=C2NC4=C3C=C(C=C4)OC)C=O)C,QBWFLAHUWCLAKK-UHFFFAOYSA-N,aromatic_carbo,,COc1ccc2[nH]c3c4c(c(C=O)cc3c2c1)OC(C)(C)C=C4,C1=Cc2c(ccc3c2[nH]c2ccccc23)OC1,train,
1118,"2,7-dihydroxy-6-methoxy-1-(3-methylbut-2-enyl)-9H-carbazole-3-carbaldehyde",CC(=CCC1=C(C(=CC2=C1NC3=CC(=C(C=C32)OC)O)C=O)O)C,MQUWQKZFHAMFOL-UHFFFAOYSA-N,aromatic_carbo,,COc1cc2c(cc1O)[nH]c1c(CC=C(C)C)c(O)c(C=O)cc12,c1ccc2c(c1)[nH]c1ccccc12,train,
1119,1-hydroxy-2-(3-methylbut-2-enyl)-9H-carbazole-3-carbaldehyde,CC(=CCC1=C(C2=C(C=C1C=O)C3=CC=CC=C3N2)O)C,QVEMARUSFKFNJG-UHFFFAOYSA-N,aromatic_carbo,,CC(C)=CCc1c(C=O)cc2c([nH]c3ccccc32)c1O,c1ccc2c(c1)[nH]c1ccccc12,train,
1120,"2,7-dihydroxy-6-methoxy-9H-carbazole-3-carbaldehyde",COC1=C(C=C2C(=C1)C3=C(N2)C=C(C(=C3)C=O)O)O,SSKMMRPVAASZHW-UHFFFAOYSA-N,aromatic_carbo,,COc1cc2c(cc1O)[nH]c1cc(O)c(C=O)cc12,c1ccc2c(c1)[nH]c1ccccc12,train,
1121,"3-[(2E)-3,7-dimethylocta-2,6-dienyl]-2,4-dihydroxy-6-methylbenzaldehyde",CC1=CC(=C(C(=C1C=O)O)C/C=C(\C)/CCC=C(C)C)O,SXOCWLUWTFGULD-MDWZMJQESA-N,aromatic_carbo,,CC(C)=CCC/C(C)=C/Cc1c(O)cc(C)c(C=O)c1O,c1ccccc1,train,
1122,"2-(2-hydroxyphenyl)-5-methyl-1,3-thiazole-4-carbaldehyde",CC1=C(N=C(S1)C2=CC=CC=C2O)C=O,MJVDHWKRLKYQTC-UHFFFAOYSA-N,aromatic_hetero,,Cc1sc(-c2ccccc2O)nc1C=O,c1ccc(-c2nccs2)cc1,train,
1123,"(2,3-dihydroxy-4-oxobutyl) dihydrogen phosphate",C(C(C(C=O)O)O)OP(=O)(O)O,NGHMDNPXVRFFGS-UHFFFAOYSA-N,aliphatic,phosphorus,O=CC(O)C(O)COP(=O)(O)O,__no_ring__C(C(C(C=O)O)O)OP(=O)(O)O,test,
1124,methyl 9-oxononanoate,COC(=O)CCCCCCCC=O,JMLYDLZRFNYHHO-UHFFFAOYSA-N,aliphatic,,COC(=O)CCCCCCCC=O,__no_ring__COC(=O)CCCCCCCC=O,test,
1125,"2-[(2S,3R,4S,5S,6R)-3,4,5-trihydroxy-6-(hydroxymethyl)oxan-2-yl]oxybenzaldehyde",C1=CC=C(C(=C1)C=O)O[C@H]2[C@@H]([C@H]([C@@H]([C@H](O2)CO)O)O)O,BGOFCVIGEYGEOF-UJPOAAIJSA-N,aromatic_carbo,,O=Cc1ccccc1O[C@@H]1O[C@H](CO)[C@@H](O)[C@H](O)[C@H]1O,c1ccc(O[C@H]2CCCCO2)cc1,train,
1126,"2,8-dichloro-9-hydroxy-3-methoxy-1,4,7-trimethyl-6-oxobenzo[b][1,4]benzodioxepine-10-carbaldehyde",CC1=C2C(=C(C(=C1Cl)O)C=O)OC3=C(C(=C(C(=C3OC2=O)C)OC)Cl)C,SNNDIPJEAQAKTJ-UHFFFAOYSA-N,aromatic_carbo,,COc1c(C)c2c(c(C)c1Cl)Oc1c(C=O)c(O)c(Cl)c(C)c1C(=O)O2,O=C1Oc2ccccc2Oc2ccccc21,train,
1127,2-hydroxy-7-methoxy-9H-carbazole-3-carbaldehyde,COC1=CC2=C(C=C1)C3=C(N2)C=C(C(=C3)C=O)O,JLWFCPLXNANORV-UHFFFAOYSA-N,aromatic_carbo,,COc1ccc2c(c1)[nH]c1cc(O)c(C=O)cc12,c1ccc2c(c1)[nH]c1ccccc12,train,
1128,"5,7-dihydroxy-6-methyl-4-oxo-2-phenylchromene-8-carbaldehyde",CC1=C(C(=C2C(=C1O)C(=O)C=C(O2)C3=CC=CC=C3)C=O)O,TXZFBUWNWNHMCS-UHFFFAOYSA-N,aromatic_carbo,,Cc1c(O)c(C=O)c2oc(-c3ccccc3)cc(=O)c2c1O,O=c1cc(-c2ccccc2)oc2ccccc12,train,
1129,"1,6,6-trimethylbicyclo[2.1.1]hexane-5-carbaldehyde",CC1(C2CCC1(C2C=O)C)C,AGTSNXAZDKAPHU-UHFFFAOYSA-N,aliphatic,,CC1(C)C2CCC1(C)C2C=O,C1CC2CC1C2,validation,
1130,cyclopenta[c]pyran-7-carbaldehyde,C1=COC=C2C1=CC=C2C=O,VRMFZTBAWYVGGB-UHFFFAOYSA-N,aromatic_carbo,,O=Cc1ccc2ccocc1-2,c1cc2ccocc-2c1,train,
1131,"1-hydroxy-9,10-dioxoanthracene-2-carbaldehyde",C1=CC=C2C(=C1)C(=O)C3=C(C2=O)C(=C(C=C3)C=O)O,AWRYPIXTWQTPSZ-UHFFFAOYSA-N,aromatic_carbo,,O=Cc1ccc2c(c1O)C(=O)c1ccccc1C2=O,O=C1c2ccccc2C(=O)c2ccccc21,train,
1132,"[(1R,4aR,5R,8aR)-4a-formyl-5-[2-(furan-3-yl)ethyl]-1-methyl-6-methylidene-3,4,5,7,8,8a-hexahydro-2H-naphthalen-1-yl]methyl acetate",CC(=O)OC[C@@]1(CCC[C@@]2([C@@H]1CCC(=C)[C@H]2CCC3=COC=C3)C=O)C,OPDQOKREXYCJHD-YUMYIRISSA-N,aliphatic,,C=C1CC[C@@H]2[C@](C)(COC(C)=O)CCC[C@@]2(C=O)[C@@H]1CCc1ccoc1,C=C1CC[C@@H]2CCCCC2[C@@H]1CCc1ccoc1,validation,
1133,3-methyl-3-(4-methylpent-3-enyl)oxirane-2-carbaldehyde,CC(=CCCC1(C(O1)C=O)C)C,KXDDDNKGVUBFQS-UHFFFAOYSA-N,aliphatic,,CC(C)=CCCC1(C)OC1C=O,C1CO1,train,
1134,6-hydroxy-5-(3-methylbut-2-enyl)-9H-carbazole-3-carbaldehyde,CC(=CCC1=C(C=CC2=C1C3=C(N2)C=CC(=C3)C=O)O)C,GCNGRDPCOLMSIC-UHFFFAOYSA-N,aromatic_carbo,,CC(C)=CCc1c(O)ccc2[nH]c3ccc(C=O)cc3c12,c1ccc2c(c1)[nH]c1ccccc12,train,
1135,2-hydroxy-6-methoxy-9H-carbazole-3-carbaldehyde,COC1=CC2=C(C=C1)NC3=C2C=C(C(=C3)O)C=O,INFFNJXOAJWVCS-UHFFFAOYSA-N,aromatic_carbo,,COc1ccc2[nH]c3cc(O)c(C=O)cc3c2c1,c1ccc2c(c1)[nH]c1ccccc12,train,
1136,"2,7-dimethoxy-9H-carbazole-3-carbaldehyde",COC1=CC2=C(C=C1)C3=C(N2)C=C(C(=C3)C=O)OC,KSAHTWWUVLYPSK-UHFFFAOYSA-N,aromatic_carbo,,COc1ccc2c(c1)[nH]c1cc(OC)c(C=O)cc12,c1ccc2c(c1)[nH]c1ccccc12,train,
1137,2-methoxy-9H-carbazole-3-carbaldehyde,COC1=CC2=C(C=C1C=O)C3=CC=CC=C3N2,SIUSRUNIJUFYPR-UHFFFAOYSA-N,aromatic_carbo,,COc1cc2[nH]c3ccccc3c2cc1C=O,c1ccc2c(c1)[nH]c1ccccc12,train,
1138,"2,4,6-trihydroxy-3-methyl-5-(3-phenylpropanoyl)benzaldehyde",CC1=C(C(=C(C(=C1O)C(=O)CCC2=CC=CC=C2)O)C=O)O,HKKGGXRAYMJKFW-UHFFFAOYSA-N,aromatic_carbo,,Cc1c(O)c(C=O)c(O)c(C(=O)CCc2ccccc2)c1O,O=C(CCc1ccccc1)c1ccccc1,train,
1139,"8-hydroxy-10H-furo[3,2-a]carbazole-4-carbaldehyde",C1=CC2=C(C=C1O)NC3=C2C=C(C4=C3C=CO4)C=O,YBJULDBBRCYNQP-UHFFFAOYSA-N,aromatic_carbo,,O=Cc1cc2c3ccc(O)cc3[nH]c2c2ccoc12,c1ccc2c(c1)[nH]c1c3ccoc3ccc21,test,
1140,"1-methoxy-6-methyl-3-oxo-1,2-dihydroindene-4-carbaldehyde",CC1=CC(=C2C(=O)CC(C2=C1)OC)C=O,VNNRAAJVRAAXSH-UHFFFAOYSA-N,aromatic_carbo,,COC1CC(=O)c2c(C=O)cc(C)cc21,O=C1CCc2ccccc21,train,
1141,"3,5-dimethoxy-4-(3-methylbut-2-enoxy)benzaldehyde",CC(=CCOC1=C(C=C(C=C1OC)C=O)OC)C,RUHPVABIDKCXIA-UHFFFAOYSA-N,aromatic_carbo,,COc1cc(C=O)cc(OC)c1OCC=C(C)C,c1ccccc1,train,
1142,"3,7-dimethyloct-7-enal",CC(CCCC(=C)C)CC=O,KQZAHMIZMBERJX-UHFFFAOYSA-N,aliphatic,,C=C(C)CCCC(C)CC=O,__no_ring__CC(CCCC(=C)C)CC=O,train,
1143,4-methylcyclohex-3-ene-1-carbaldehyde,CC1=CCC(CC1)C=O,YPHGCKOZJCGDTF-UHFFFAOYSA-N,aliphatic,,CC1=CCC(C=O)CC1,C1=CCCCC1,train,
1144,"2,3,5,6-tetrahydroxy-4-[3,4,5-trihydroxy-6-(hydroxymethyl)oxan-2-yl]oxyhexanal",C(C1C(C(C(C(O1)OC(C(CO)O)C(C(C=O)O)O)O)O)O)O,DKXNBNKWCZZMJT-UHFFFAOYSA-N,aliphatic,,O=CC(O)C(O)C(OC1OC(CO)C(O)C(O)C1O)C(O)CO,C1CCOCC1,train,
1145,"(2R,3R,4S)-2,3,4,5-tetrahydroxypentanal",C([C@@H]([C@H]([C@H](C=O)O)O)O)O,PYMYPHUHKUWMLA-YUPRTTJUSA-N,aliphatic,,O=C[C@H](O)[C@H](O)[C@@H](O)CO,__no_ring__C([C@@H]([C@H]([C@H](C=O)O)O)O)O,validation,
1146,(4-formylphenyl) furan-2-carboxylate,C1=COC(=C1)C(=O)OC2=CC=C(C=C2)C=O,ALUHEYPQVPMFBV-UHFFFAOYSA-N,aromatic_carbo,,O=Cc1ccc(OC(=O)c2ccco2)cc1,O=C(Oc1ccccc1)c1ccco1,train,
1147,"(2S,3R,4R,5S)-2-fluoro-3,4,5-trihydroxyhexanal",C[C@@H]([C@H]([C@H]([C@@H](C=O)F)O)O)O,SQTFKIKSQNCWGJ-KCDKBNATSA-N,aliphatic,,C[C@H](O)[C@@H](O)[C@@H](O)[C@H](F)C=O,__no_ring__C[C@@H]([C@H]([C@H]([C@@H](C=O)F)O)O)O,test,
1148,"2-[4-(3-formyl-2,5-dimethylpyrrol-1-yl)phenoxy]acetic acid",CC1=CC(=C(N1C2=CC=C(C=C2)OCC(=O)O)C)C=O,ZUJFOJPVRRGGKE-UHFFFAOYSA-N,aromatic_hetero,,Cc1cc(C=O)c(C)n1-c1ccc(OCC(=O)O)cc1,c1ccc(-n2cccc2)cc1,train,
1149,1-propan-2-ylcyclohex-3-ene-1-carbaldehyde,CC(C)C1(CCC=CC1)C=O,HSRWOAPOKHRLIT-UHFFFAOYSA-N,aliphatic,,CC(C)C1(C=O)CC=CCC1,C1=CCCCC1,train,
1150,2-hydroxy-6-[[(3S)-4-[2-(2-hydroxyethyl)pyridine-3-carbonyl]morpholin-3-yl]methoxy]benzaldehyde,C1COC[C@H](N1C(=O)C2=C(N=CC=C2)CCO)COC3=CC=CC(=C3C=O)O,NIWBSQAKKNNWBT-AWEZNQCLSA-N,aromatic_carbo,,O=Cc1c(O)cccc1OC[C@@H]1COCCN1C(=O)c1cccnc1CCO,O=C(c1cccnc1)N1CCOC[C@H]1COc1ccccc1,validation,
1151,"(1S,4R,5S,8R,9R,11R,12S,13R,14R,16R,18S)-5,11-dihydroxy-9,16-dimethyl-8-(6-oxopyran-3-yl)-15,17,20-trioxahexacyclo[14.3.1.114,18.01,13.04,12.05,9]henicosane-13-carbaldehyde",C[C@]12C[C@H]([C@H]3[C@H]([C@]1(CC[C@@H]2C4=COC(=O)C=C4)O)CC[C@@]56[C@@]3([C@H]7C[C@@H](C5)O[C@](O7)(O6)C)C=O)O,BMRNQSAXDJQXEL-BGJAGFQLSA-N,aliphatic,,C[C@@]12O[C@H]3C[C@@H](O1)[C@]1(C=O)[C@H]4[C@H](O)C[C@]5(C)[C@@H](c6ccc(=O)oc6)CC[C@]5(O)[C@@H]4CC[C@@]1(C3)O2,O=c1ccc([C@H]2CCC3C2CC[C@@H]2C4[C@H]5C[C@H]6C[C@]4(CC[C@@H]32)OC(O6)O5)co1,validation,
1152,3-methylsulfanyldecanal,CCCCCCCC(CC=O)SC,WZRMFIROSHXUJB-UHFFFAOYSA-N,aliphatic,,CCCCCCCC(CC=O)SC,__no_ring__CCCCCCCC(CC=O)SC,train,
1153,oxolane-2-carbaldehyde,C1CC(OC1)C=O,BBNYLDSWVXSNOQ-UHFFFAOYSA-N,aliphatic,,O=CC1CCCO1,C1CCOC1,train,
1154,3-formyl-1H-indole-5-carbonitrile,C1=CC2=C(C=C1C#N)C(=CN2)C=O,NVBCFOQYDFKXJJ-UHFFFAOYSA-N,aromatic_hetero,,N#Cc1ccc2[nH]cc(C=O)c2c1,c1ccc2[nH]ccc2c1,train,
1155,"5-hexyl-2,4-dihydroxybenzaldehyde",CCCCCCC1=CC(=C(C=C1O)O)C=O,UBCGVJPYIHKJRH-UHFFFAOYSA-N,aromatic_carbo,,CCCCCCc1cc(C=O)c(O)cc1O,c1ccccc1,train,
1156,1-benzyl-4-phenylpiperidine-4-carbaldehyde,C1CN(CCC1(C=O)C2=CC=CC=C2)CC3=CC=CC=C3,ZBQJTCFWWZXZBG-UHFFFAOYSA-N,aliphatic,,O=CC1(c2ccccc2)CCN(Cc2ccccc2)CC1,c1ccc(CN2CCC(c3ccccc3)CC2)cc1,train,
1157,2-(4-chloro-2-formylphenoxy)acetic acid,C1=CC(=C(C=C1Cl)C=O)OCC(=O)O,VXVIICNFYDEOJG-UHFFFAOYSA-N,aromatic_carbo,,O=Cc1cc(Cl)ccc1OCC(=O)O,c1ccccc1,train,
1158,5-methoxy-1-benzofuran-2-carbaldehyde,COC1=CC2=C(C=C1)OC(=C2)C=O,OPAYERWEZXLSFC-UHFFFAOYSA-N,aromatic_hetero,,COc1ccc2oc(C=O)cc2c1,c1ccc2occc2c1,train,
1159,"3,3,3-trifluoropropanal",C(C=O)C(F)(F)F,UTMIEQASUFFADK-UHFFFAOYSA-N,aliphatic,,O=CCC(F)(F)F,__no_ring__C(C=O)C(F)(F)F,test,
1160,"3-(1,3-dioxoisoindol-2-yl)propanal",C1=CC=C2C(=C1)C(=O)N(C2=O)CCC=O,IBSDSIHTMABATG-UHFFFAOYSA-N,aliphatic,,O=CCCN1C(=O)c2ccccc2C1=O,O=C1NC(=O)c2ccccc21,train,
1161,2-methoxypropanal,CC(C=O)OC,HZVKHMQXJYFYRF-UHFFFAOYSA-N,aliphatic,,COC(C)C=O,__no_ring__CC(C=O)OC,validation,
1162,methyl 3-formyl-4-hydroxybenzoate,COC(=O)C1=CC(=C(C=C1)O)C=O,ADSJCWKOKYOJSZ-UHFFFAOYSA-N,aromatic_carbo,,COC(=O)c1ccc(O)c(C=O)c1,c1ccccc1,train,
1163,"3-ethyl-5,5,8,8-tetramethyl-6,7-dihydronaphthalene-2-carbaldehyde",CCC1=CC2=C(C=C1C=O)C(CCC2(C)C)(C)C,QCWQUWUCARNNRI-UHFFFAOYSA-N,aromatic_carbo,,CCc1cc2c(cc1C=O)C(C)(C)CCC2(C)C,c1ccc2c(c1)CCCC2,train,
1164,3-propylbicyclo[2.2.1]hept-5-ene-2-carbaldehyde,CCCC1C2CC(C1C=O)C=C2,RPJGEHBYOXRURE-UHFFFAOYSA-N,aliphatic,,CCCC1C2C=CC(C2)C1C=O,C1=CC2CCC1C2,train,
1165,"dodeca-3,6-dienal",CCCCCC=CCC=CCC=O,KPYAJCQYTVRFPU-UHFFFAOYSA-N,aliphatic,,CCCCCC=CCC=CCC=O,__no_ring__CCCCCC=CCC=CCC=O,test,
1166,"2-[(2E)-3,7-dimethylocta-2,6-dienoxy]acetaldehyde",CC(=CCC/C(=C/COCC=O)/C)C,LAUVMIDRJMQUQL-KPKJPENVSA-N,aliphatic,,CC(C)=CCC/C(C)=C/COCC=O,__no_ring__CC(=CCC/C(=C/COCC=O)/C)C,test,
1167,3-sulfanyldecanal,CCCCCCCC(CC=O)S,DLYFTLLHGRPIFM-UHFFFAOYSA-N,aliphatic,,CCCCCCCC(S)CC=O,__no_ring__CCCCCCCC(CC=O)S,train,
1168,"2,3-dichloropropanal",C(C(C=O)Cl)Cl,IZRKUJREXIKAQM-UHFFFAOYSA-N,aliphatic,,O=CC(Cl)CCl,__no_ring__C(C(C=O)Cl)Cl,validation,
1169,"2,5-dimethyl-3,4-dihydropyran-2-carbaldehyde",CC1=COC(CC1)(C)C=O,DYVJZCIYRQUXBA-UHFFFAOYSA-N,aliphatic,,CC1=COC(C)(C=O)CC1,C1=COCCC1,train,
1170,3-methyl-2-nitroimidazole-4-carbaldehyde,CN1C(=CN=C1[N+](=O)[O-])C=O,PTLILCRCEWAQGA-UHFFFAOYSA-N,aromatic_hetero,nitro,Cn1c(C=O)cnc1[N+](=O)[O-],c1c[nH]cn1,train,
1171,ethyl 4-oxobutanoate,CCOC(=O)CCC=O,QFMPHCGACBODIJ-UHFFFAOYSA-N,aliphatic,,CCOC(=O)CCC=O,__no_ring__CCOC(=O)CCC=O,validation,
1172,5-formylfuran-2-carboxylic acid,C1=C(OC(=C1)C(=O)O)C=O,SHNRXUWGUKDPMA-UHFFFAOYSA-N,aromatic_hetero,,O=Cc1ccc(C(=O)O)o1,c1ccoc1,train,
1173,3-hydroxy-5-methylbenzaldehyde,CC1=CC(=CC(=C1)O)C=O,BTLHCFVCIGAAPF-UHFFFAOYSA-N,aromatic_carbo,,Cc1cc(O)cc(C=O)c1,c1ccccc1,train,
1174,"3,3,4,4,4-pentafluorobutanal",C(C=O)C(C(F)(F)F)(F)F,UNBXLINXSUCFBI-UHFFFAOYSA-N,aliphatic,,O=CCC(F)(F)C(F)(F)F,__no_ring__C(C=O)C(C(F)(F)F)(F)F,test,
1175,"2-(3,4-dimethoxyphenyl)acetaldehyde",COC1=C(C=C(C=C1)CC=O)OC,RIVVYJWUHXMGSK-UHFFFAOYSA-N,aliphatic,,COc1ccc(CC=O)cc1OC,c1ccccc1,train,
1176,"3,5-dihydroxybenzaldehyde",C1=C(C=C(C=C1O)O)C=O,HAQLHRYUDBKTJG-UHFFFAOYSA-N,aromatic_carbo,,O=Cc1cc(O)cc(O)c1,c1ccccc1,train,
1177,4-pyridin-2-ylbenzaldehyde,C1=CC=NC(=C1)C2=CC=C(C=C2)C=O,NMLYGLCBSFKJFI-UHFFFAOYSA-N,aromatic_carbo,,O=Cc1ccc(-c2ccccn2)cc1,c1ccc(-c2ccccn2)cc1,train,
1178,(Z)-oct-6-enal,C/C=C\CCCCC=O,KVNBGNGISDIZRP-IHWYPQMZSA-N,aliphatic,,C/C=C\CCCCC=O,__no_ring__C/C=C\CCCCC=O,validation,
1179,"(2R,3R,4R)-2,3,5-trihydroxy-4-[(2S,3R,4S,5R,6R)-3,4,5-trihydroxy-6-(hydroxymethyl)oxan-2-yl]oxypentanal",C([C@@H]1[C@@H]([C@@H]([C@H]([C@@H](O1)O[C@H](CO)[C@@H]([C@H](C=O)O)O)O)O)O)O,BYZQBCIYLALLPA-NOPGXMAYSA-N,aliphatic,,O=C[C@H](O)[C@@H](O)[C@@H](CO)O[C@@H]1O[C@H](CO)[C@H](O)[C@H](O)[C@H]1O,C1CCOCC1,train,
1180,2-chloro-4-fluorobenzaldehyde,C1=CC(=C(C=C1F)Cl)C=O,KMQWNQKESAHDKD-UHFFFAOYSA-N,aromatic_carbo,,O=Cc1ccc(F)cc1Cl,c1ccccc1,train,
1181,4-chloro-2-fluorobenzaldehyde,C1=CC(=C(C=C1Cl)F)C=O,UVGYSEIWAOOIJR-UHFFFAOYSA-N,aromatic_carbo,,O=Cc1ccc(Cl)cc1F,c1ccccc1,train,
1182,2-fluoro-4-methoxybenzaldehyde,COC1=CC(=C(C=C1)C=O)F,UNWQNFJBBWXFBG-UHFFFAOYSA-N,aromatic_carbo,,COc1ccc(C=O)c(F)c1,c1ccccc1,train,
1183,"2,4,6-trifluorobenzaldehyde",C1=C(C=C(C(=C1F)C=O)F)F,KPJIEPBITZLHPQ-UHFFFAOYSA-N,aromatic_carbo,,O=Cc1c(F)cc(F)cc1F,c1ccccc1,train,
1184,"1,3-thiazole-2-carbaldehyde",C1=CSC(=N1)C=O,ZGTFNNUASMWGTM-UHFFFAOYSA-N,aromatic_hetero,,O=Cc1nccs1,c1cscn1,train,
1185,2-(4-phenylphenyl)acetaldehyde,C1=CC=C(C=C1)C2=CC=C(C=C2)CC=O,OIDMZCMVYZLDLI-UHFFFAOYSA-N,aliphatic,,O=CCc1ccc(-c2ccccc2)cc1,c1ccc(-c2ccccc2)cc1,train,
1186,4-formyl-N-methylbenzamide,CNC(=O)C1=CC=C(C=C1)C=O,PUQLPZUXDZETND-UHFFFAOYSA-N,aromatic_carbo,,CNC(=O)c1ccc(C=O)cc1,c1ccccc1,train,
1187,"2,2-dimethyl-4H-1,3-benzodioxine-6-carbaldehyde",CC1(OCC2=C(O1)C=CC(=C2)C=O)C,KNGWEAQJZJKFLI-UHFFFAOYSA-N,aromatic_carbo,,CC1(C)OCc2cc(C=O)ccc2O1,c1ccc2c(c1)COCO2,train,
1188,"(2S,3S,4S)-2,3,4,5-tetrahydroxypentanal",C([C@@H]([C@@H]([C@@H](C=O)O)O)O)O,PYMYPHUHKUWMLA-MROZADKFSA-N,aliphatic,,O=C[C@@H](O)[C@@H](O)[C@@H](O)CO,__no_ring__C([C@@H]([C@@H]([C@@H](C=O)O)O)O)O,test,
1189,"1-[(2R,3R,4S,5R)-5-(1-amino-2-oxoethyl)-3,4-dihydroxyoxolan-2-yl]-2,4-dioxopyrimidine-5-carboxylic acid",C1=C(C(=O)NC(=O)N1[C@H]2[C@@H]([C@@H]([C@H](O2)C(C=O)N)O)O)C(=O)O,YEBIHIICWDDQOL-YBHNRIQQSA-N,aliphatic,,NC(C=O)[C@H]1O[C@@H](n2cc(C(=O)O)c(=O)[nH]c2=O)[C@H](O)[C@@H]1O,O=c1ccn([C@H]2CCCO2)c(=O)[nH]1,train,
1190,3-heptyloxirane-2-carbaldehyde,CCCCCCCC1C(O1)C=O,ZAYNCWQGQVRPDV-UHFFFAOYSA-N,aliphatic,,CCCCCCCC1OC1C=O,C1CO1,train,
1191,"(2R,3S)-3-butyloxirane-2-carbaldehyde",CCCC[C@H]1[C@@H](O1)C=O,JSGLRFSEKUNPRD-BQBZGAKWSA-N,aliphatic,,CCCC[C@@H]1O[C@H]1C=O,C1CO1,train,
1192,(4-formyl-2-methoxyphenyl) 2-hydroxypropanoate,CC(C(=O)OC1=C(C=C(C=C1)C=O)OC)O,QZXCQBNFILFNOE-UHFFFAOYSA-N,aromatic_carbo,,COc1cc(C=O)ccc1OC(=O)C(C)O,c1ccccc1,train,
1193,"3-(2,3-dihydro-1,4-benzodioxin-6-yl)-1-phenylpyrazole-4-carbaldehyde",C1COC2=C(O1)C=CC(=C2)C3=NN(C=C3C=O)C4=CC=CC=C4,HCMYNNSDZGWJRF-UHFFFAOYSA-N,aromatic_hetero,,O=Cc1cn(-c2ccccc2)nc1-c1ccc2c(c1)OCCO2,c1ccc(-n2ccc(-c3ccc4c(c3)OCCO4)n2)cc1,validation,
1194,"1-(2-methoxyphenyl)-2,5-dimethylpyrrole-3-carbaldehyde",CC1=CC(=C(N1C2=CC=CC=C2OC)C)C=O,LJUKIOLDWAYBCI-UHFFFAOYSA-N,aromatic_hetero,,COc1ccccc1-n1c(C)cc(C=O)c1C,c1ccc(-n2cccc2)cc1,train,
1195,1-benzyl-3-(4-ethylphenyl)pyrazole-4-carbaldehyde,CCC1=CC=C(C=C1)C2=NN(C=C2C=O)CC3=CC=CC=C3,RRDFHGPQEZKYNR-UHFFFAOYSA-N,aromatic_hetero,,CCc1ccc(-c2nn(Cc3ccccc3)cc2C=O)cc1,c1ccc(Cn2ccc(-c3ccccc3)n2)cc1,train,
1196,"4-[(3,5-dimethyl-1,2-oxazol-4-yl)methoxy]-3-methoxybenzaldehyde",CC1=C(C(=NO1)C)COC2=C(C=C(C=C2)C=O)OC,KRSBKCIZARFCOA-UHFFFAOYSA-N,aromatic_carbo,,COc1cc(C=O)ccc1OCc1c(C)noc1C,c1ccc(OCc2cnoc2)cc1,train,
1197,3-methoxy-4-(2-morpholin-4-yl-2-oxoethoxy)benzaldehyde,COC1=C(C=CC(=C1)C=O)OCC(=O)N2CCOCC2,BQTSMYCTOXDRPF-UHFFFAOYSA-N,aromatic_carbo,,COc1cc(C=O)ccc1OCC(=O)N1CCOCC1,O=C(COc1ccccc1)N1CCOCC1,train,
1198,2-(4-chloro-2-formyl-6-methoxyphenoxy)acetic acid,COC1=CC(=CC(=C1OCC(=O)O)C=O)Cl,BUWMPGOSLRJIOT-UHFFFAOYSA-N,aromatic_carbo,,COc1cc(Cl)cc(C=O)c1OCC(=O)O,c1ccccc1,train,
1199,2-(2-formylpyrrol-1-yl)-4-methoxypyridine-3-carbonitrile,COC1=C(C(=NC=C1)N2C=CC=C2C=O)C#N,IKVREFKXPJNUEL-UHFFFAOYSA-N,aromatic_hetero,,COc1ccnc(-n2cccc2C=O)c1C#N,c1ccc(-n2cccc2)nc1,train,
1200,2-[4-(trifluoromethoxy)phenyl]benzaldehyde,C1=CC=C(C(=C1)C=O)C2=CC=C(C=C2)OC(F)(F)F,GFDYSHSBKDFJJD-UHFFFAOYSA-N,aromatic_carbo,,O=Cc1ccccc1-c1ccc(OC(F)(F)F)cc1,c1ccc(-c2ccccc2)cc1,train,
1201,2-morpholin-4-ylpyrimidine-5-carbaldehyde,C1COCCN1C2=NC=C(C=N2)C=O,XDMVIYFKCVJZHK-UHFFFAOYSA-N,aromatic_hetero,,O=Cc1cnc(N2CCOCC2)nc1,c1cnc(N2CCOCC2)nc1,train,
1202,"1-cyclopropyl-2,5-dimethylpyrrole-3-carbaldehyde",CC1=CC(=C(N1C2CC2)C)C=O,ZBULWGFKZMHJLU-UHFFFAOYSA-N,aromatic_hetero,,Cc1cc(C=O)c(C)n1C1CC1,c1ccn(C2CC2)c1,test,
1203,"1-(1,3-benzodioxol-5-yl)-2,5-dimethylpyrrole-3-carbaldehyde",CC1=CC(=C(N1C2=CC3=C(C=C2)OCO3)C)C=O,QPFVKFZJNJFLCL-UHFFFAOYSA-N,aromatic_hetero,,Cc1cc(C=O)c(C)n1-c1ccc2c(c1)OCO2,c1ccn(-c2ccc3c(c2)OCO3)c1,validation,
1204,5-pyrimidin-2-ylsulfanylfuran-2-carbaldehyde,C1=CN=C(N=C1)SC2=CC=C(O2)C=O,BVGQOPQJOBCDBN-UHFFFAOYSA-N,aromatic_hetero,,O=Cc1ccc(Sc2ncccn2)o1,c1cnc(Sc2ccco2)nc1,validation,
1205,1-benzyl-3-pyridin-3-ylpyrazole-4-carbaldehyde,C1=CC=C(C=C1)CN2C=C(C(=N2)C3=CN=CC=C3)C=O,WLALNLLKMJDSEF-UHFFFAOYSA-N,aromatic_hetero,,O=Cc1cn(Cc2ccccc2)nc1-c1cccnc1,c1ccc(Cn2ccc(-c3cccnc3)n2)cc1,train,
1206,3-methoxy-4-(2-oxo-2-pyrrolidin-1-ylethoxy)benzaldehyde,COC1=C(C=CC(=C1)C=O)OCC(=O)N2CCCC2,WQPVWMPVTAJJCJ-UHFFFAOYSA-N,aromatic_carbo,,COc1cc(C=O)ccc1OCC(=O)N1CCCC1,O=C(COc1ccccc1)N1CCCC1,train,
1207,"2-(2,6-dimethylmorpholin-4-yl)-9-methyl-4-oxopyrido[1,2-a]pyrimidine-3-carbaldehyde",CC1CN(CC(O1)C)C2=C(C(=O)N3C=CC=C(C3=N2)C)C=O,IMLOGWSHQKSZPM-UHFFFAOYSA-N,aromatic_hetero,,Cc1cccn2c(=O)c(C=O)c(N3CC(C)OC(C)C3)nc12,O=c1cc(N2CCOCC2)nc2ccccn12,validation,
1208,4-methoxy-3-[(4-methyl-2-nitrophenoxy)methyl]benzaldehyde,CC1=CC(=C(C=C1)OCC2=C(C=CC(=C2)C=O)OC)[N+](=O)[O-],ANVVHXVNYURAKK-UHFFFAOYSA-N,aromatic_carbo,nitro,COc1ccc(C=O)cc1COc1ccc(C)cc1[N+](=O)[O-],c1ccc(COc2ccccc2)cc1,train,
1209,1-(4-methoxyphenyl)pyrrole-2-carbaldehyde,COC1=CC=C(C=C1)N2C=CC=C2C=O,VBOUNTHJXKGWSS-UHFFFAOYSA-N,aromatic_hetero,,COc1ccc(-n2cccc2C=O)cc1,c1ccc(-n2cccc2)cc1,train,
1210,3-methoxy-4-phenacyloxybenzaldehyde,COC1=C(C=CC(=C1)C=O)OCC(=O)C2=CC=CC=C2,YCEPMNIGSKPMIO-UHFFFAOYSA-N,aromatic_carbo,,COc1cc(C=O)ccc1OCC(=O)c1ccccc1,O=C(COc1ccccc1)c1ccccc1,train,
1211,2-chloropropanal,CC(C=O)Cl,UAARVZGODBESIF-UHFFFAOYSA-N,aliphatic,,CC(Cl)C=O,__no_ring__CC(C=O)Cl,test,
1212,isoquinoline-1-carbaldehyde,C1=CC=C2C(=C1)C=CN=C2C=O,HORFVOWTVOJVAN-UHFFFAOYSA-N,aromatic_hetero,,O=Cc1nccc2ccccc12,c1ccc2cnccc2c1,train,
1213,"N,N-diethyl-2-(4-formyl-2-methoxyphenoxy)acetamide",CCN(CC)C(=O)COC1=C(C=C(C=C1)C=O)OC,BGIJJLSDXQBYJQ-UHFFFAOYSA-N,aromatic_carbo,,CCN(CC)C(=O)COc1ccc(C=O)cc1OC,c1ccccc1,train,
1214,5-(diethylamino)furan-2-carbaldehyde,CCN(CC)C1=CC=C(O1)C=O,CSLVNCXGGVYESC-UHFFFAOYSA-N,aromatic_hetero,,CCN(CC)c1ccc(C=O)o1,c1ccoc1,train,
1215,"3-(3-formyl-2,5-dimethylpyrrol-1-yl)-4-methylbenzoic acid",CC1=C(C=C(C=C1)C(=O)O)N2C(=CC(=C2C)C=O)C,JROHLCMQZNZGHG-UHFFFAOYSA-N,aromatic_hetero,,Cc1ccc(C(=O)O)cc1-n1c(C)cc(C=O)c1C,c1ccc(-n2cccc2)cc1,train,
1216,"2-chloro-6,7-dimethylquinoline-3-carbaldehyde",CC1=CC2=CC(=C(N=C2C=C1C)Cl)C=O,MRKMNOLGKUJUSJ-UHFFFAOYSA-N,aromatic_hetero,,Cc1cc2cc(C=O)c(Cl)nc2cc1C,c1ccc2ncccc2c1,train,
1217,"3-(3-formyl-2,5-dimethylpyrrol-1-yl)benzoic acid",CC1=CC(=C(N1C2=CC=CC(=C2)C(=O)O)C)C=O,NSUJXPAWDKAXDQ-UHFFFAOYSA-N,aromatic_hetero,,Cc1cc(C=O)c(C)n1-c1cccc(C(=O)O)c1,c1ccc(-n2cccc2)cc1,train,
1218,5-(5-formylfuran-2-yl)-2-hydroxybenzoic acid,C1=CC(=C(C=C1C2=CC=C(O2)C=O)C(=O)O)O,CYEKBFDCMORSFM-UHFFFAOYSA-N,aromatic_hetero,,O=Cc1ccc(-c2ccc(O)c(C(=O)O)c2)o1,c1ccc(-c2ccco2)cc1,train,
1219,"1-cyclohexyl-2,5-dimethylpyrrole-3-carbaldehyde",CC1=CC(=C(N1C2CCCCC2)C)C=O,HRRUKGPVBSKOJH-UHFFFAOYSA-N,aromatic_hetero,,Cc1cc(C=O)c(C)n1C1CCCCC1,c1ccn(C2CCCCC2)c1,test,
1220,4-(3-chlorophenyl)benzaldehyde,C1=CC(=CC(=C1)Cl)C2=CC=C(C=C2)C=O,SQMLKQSDIZEGRP-UHFFFAOYSA-N,aromatic_carbo,,O=Cc1ccc(-c2cccc(Cl)c2)cc1,c1ccc(-c2ccccc2)cc1,train,
1221,4-(4-fluorophenyl)benzaldehyde,C1=CC(=CC=C1C=O)C2=CC=C(C=C2)F,ZVMXCNFUJPLQFT-UHFFFAOYSA-N,aromatic_carbo,,O=Cc1ccc(-c2ccc(F)cc2)cc1,c1ccc(-c2ccccc2)cc1,train,
1222,4-(4-methylsulfanylphenyl)benzaldehyde,CSC1=CC=C(C=C1)C2=CC=C(C=C2)C=O,AIQQOUGEPPIVBV-UHFFFAOYSA-N,aromatic_carbo,,CSc1ccc(-c2ccc(C=O)cc2)cc1,c1ccc(-c2ccccc2)cc1,train,
1223,"2-(3,5-dimethylphenoxy)benzaldehyde",CC1=CC(=CC(=C1)OC2=CC=CC=C2C=O)C,SZCIXTZUAFRBSJ-UHFFFAOYSA-N,aromatic_carbo,,Cc1cc(C)cc(Oc2ccccc2C=O)c1,c1ccc(Oc2ccccc2)cc1,train,
1224,"1,8-naphthyridine-2-carbaldehyde",C1=CC2=C(N=C1)N=C(C=C2)C=O,TXEQVJDZTRPUKO-UHFFFAOYSA-N,aromatic_hetero,,O=Cc1ccc2cccnc2n1,c1cnc2ncccc2c1,train,
1225,"methyl 2-(3-formyl-4-oxopyrido[1,2-a]pyrimidin-2-yl)sulfanylacetate",COC(=O)CSC1=C(C(=O)N2C=CC=CC2=N1)C=O,XYHFNDKCLPKBLV-UHFFFAOYSA-N,aromatic_hetero,,COC(=O)CSc1nc2ccccn2c(=O)c1C=O,O=c1ccnc2ccccn12,train,
1226,5-bromo-3-chloro-2-hydroxybenzaldehyde,C1=C(C=C(C(=C1C=O)O)Cl)Br,XXFFEGBFFXHMTF-UHFFFAOYSA-N,aromatic_carbo,,O=Cc1cc(Br)cc(Cl)c1O,c1ccccc1,train,
1227,4-(3-hydroxyphenyl)benzaldehyde,C1=CC(=CC(=C1)O)C2=CC=C(C=C2)C=O,NNZHMXXGNYZGLA-UHFFFAOYSA-N,aromatic_carbo,,O=Cc1ccc(-c2cccc(O)c2)cc1,c1ccc(-c2ccccc2)cc1,train,
1228,"4-(1,2,4-triazol-1-yl)benzaldehyde",C1=CC(=CC=C1C=O)N2C=NC=N2,TVEJNWMWDIXPAX-UHFFFAOYSA-N,aromatic_carbo,,O=Cc1ccc(-n2cncn2)cc1,c1ccc(-n2cncn2)cc1,train,
1229,"3,5-difluoro-2-hydroxybenzaldehyde",C1=C(C=C(C(=C1C=O)O)F)F,QGSAZWCEHUYVMW-UHFFFAOYSA-N,aromatic_carbo,,O=Cc1cc(F)cc(F)c1O,c1ccccc1,train,
1230,3-(2-fluorophenyl)benzaldehyde,C1=CC=C(C(=C1)C2=CC=CC(=C2)C=O)F,JEZDTHCXEQVVLE-UHFFFAOYSA-N,aromatic_carbo,,O=Cc1cccc(-c2ccccc2F)c1,c1ccc(-c2ccccc2)cc1,train,
1231,5-methyl-1-benzothiophene-2-carbaldehyde,CC1=CC2=C(C=C1)SC(=C2)C=O,SIHFZJLPKQUYAH-UHFFFAOYSA-N,aromatic_hetero,,Cc1ccc2sc(C=O)cc2c1,c1ccc2sccc2c1,train,
1232,"2,3-dihydro-1,4-benzodioxine-5-carbaldehyde",C1COC2=C(C=CC=C2O1)C=O,BJXUCBAQZJITKD-UHFFFAOYSA-N,aromatic_carbo,,O=Cc1cccc2c1OCCO2,c1ccc2c(c1)OCCO2,train,
1233,6-(4-fluorophenoxy)pyridine-3-carbaldehyde,C1=CC(=CC=C1OC2=NC=C(C=C2)C=O)F,CXDXKVFZZZMJQB-UHFFFAOYSA-N,aromatic_hetero,,O=Cc1ccc(Oc2ccc(F)cc2)nc1,c1ccc(Oc2ccccn2)cc1,train,
1234,"4-chloro-2-(4-methylanilino)-1,3-thiazole-5-carbaldehyde",CC1=CC=C(C=C1)NC2=NC(=C(S2)C=O)Cl,JDOIRYXVHWRKDR-UHFFFAOYSA-N,aromatic_hetero,,Cc1ccc(Nc2nc(Cl)c(C=O)s2)cc1,c1ccc(Nc2nccs2)cc1,train,
1235,3-[(3-methylphenyl)methoxy]benzaldehyde,CC1=CC(=CC=C1)COC2=CC=CC(=C2)C=O,KUBQGVFWIDMJLR-UHFFFAOYSA-N,aromatic_carbo,,Cc1cccc(COc2cccc(C=O)c2)c1,c1ccc(COc2ccccc2)cc1,train,
1236,5-(3-formylphenyl)furan-2-carboxylic acid,C1=CC(=CC(=C1)C2=CC=C(O2)C(=O)O)C=O,SXOFEMGZZUPVOF-UHFFFAOYSA-N,aromatic_carbo,,O=Cc1cccc(-c2ccc(C(=O)O)o2)c1,c1ccc(-c2ccco2)cc1,train,
1237,3-formyl-1-methylindole-2-carboxylic acid,CN1C2=CC=CC=C2C(=C1C(=O)O)C=O,XYANKXSPJQBIDM-UHFFFAOYSA-N,aromatic_hetero,,Cn1c(C(=O)O)c(C=O)c2ccccc21,c1ccc2[nH]ccc2c1,train,
1238,1-benzothiophene-7-carbaldehyde,C1=CC2=C(C(=C1)C=O)SC=C2,WSSVAOKEXMFMIO-UHFFFAOYSA-N,aromatic_carbo,,O=Cc1cccc2ccsc12,c1ccc2sccc2c1,train,
1239,1-methylindole-6-carbaldehyde,CN1C=CC2=C1C=C(C=C2)C=O,QGAKKGIWURKKHV-UHFFFAOYSA-N,aromatic_carbo,,Cn1ccc2ccc(C=O)cc21,c1ccc2[nH]ccc2c1,train,
1240,5-(2-formylphenyl)furan-2-carboxylic acid,C1=CC=C(C(=C1)C=O)C2=CC=C(O2)C(=O)O,DRZVKINNROAUIT-UHFFFAOYSA-N,aromatic_carbo,,O=Cc1ccccc1-c1ccc(C(=O)O)o1,c1ccc(-c2ccco2)cc1,train,
1241,5-formyl-1H-pyrazole-3-carboxylic acid,C1=C(NN=C1C(=O)O)C=O,JPBGDPHHWRAINS-UHFFFAOYSA-N,aromatic_hetero,,O=Cc1cc(C(=O)O)n[nH]1,c1cn[nH]c1,train,
1242,8-hydroxyquinoline-7-carbaldehyde,C1=CC2=C(C(=C(C=C2)C=O)O)N=C1,HGNLFMRNEFPDHZ-UHFFFAOYSA-N,aromatic_carbo,,O=Cc1ccc2cccnc2c1O,c1ccc2ncccc2c1,train,
1243,1-(benzenesulfonyl)indole-3-carbaldehyde,C1=CC=C(C=C1)S(=O)(=O)N2C=C(C3=CC=CC=C32)C=O,ZLARITBCJILRBL-UHFFFAOYSA-N,aromatic_hetero,,O=Cc1cn(S(=O)(=O)c2ccccc2)c2ccccc12,O=S(=O)(c1ccccc1)n1ccc2ccccc21,train,
1244,"1,3-dimethyl-2,4-dioxopyrimidine-5-carbaldehyde",CN1C=C(C(=O)N(C1=O)C)C=O,KGJFRZOATIXYPW-UHFFFAOYSA-N,aromatic_hetero,,Cn1cc(C=O)c(=O)n(C)c1=O,O=c1cc[nH]c(=O)[nH]1,train,
1245,"2,3-dihydro-1-benzofuran-5-carbaldehyde",C1COC2=C1C=C(C=C2)C=O,WEBVDBDZSOJGPB-UHFFFAOYSA-N,aromatic_carbo,,O=Cc1ccc2c(c1)CCO2,c1ccc2c(c1)CCO2,train,
1246,3-(4-methylphenyl)benzaldehyde,CC1=CC=C(C=C1)C2=CC=CC(=C2)C=O,VEEXIHQTCQUWED-UHFFFAOYSA-N,aromatic_carbo,,Cc1ccc(-c2cccc(C=O)c2)cc1,c1ccc(-c2ccccc2)cc1,train,
1247,3-hydroxypyridine-2-carbaldehyde,C1=CC(=C(N=C1)C=O)O,ICDSWZBXIZCMHR-UHFFFAOYSA-N,aromatic_hetero,,O=Cc1ncccc1O,c1ccncc1,train,
1248,5-ethyl-2-hydroxybenzaldehyde,CCC1=CC(=C(C=C1)O)C=O,XSTCLZHMZASDDK-UHFFFAOYSA-N,aromatic_carbo,,CCc1ccc(O)c(C=O)c1,c1ccccc1,train,
1249,"2,6-dihydroxybenzaldehyde",C1=CC(=C(C(=C1)O)C=O)O,DGXAGETVRDOQFP-UHFFFAOYSA-N,aromatic_carbo,,O=Cc1c(O)cccc1O,c1ccccc1,train,
1250,cyclobutanecarbaldehyde,C1CC(C1)C=O,INVYSLWXPIEDIQ-UHFFFAOYSA-N,aliphatic,,O=CC1CCC1,C1CCC1,train,
1251,1-(4-bromophenyl)triazole-4-carbaldehyde,C1=CC(=CC=C1N2C=C(N=N2)C=O)Br,BTQYPLKFLNXZTD-UHFFFAOYSA-N,aromatic_hetero,,O=Cc1cn(-c2ccc(Br)cc2)nn1,c1ccc(-n2ccnn2)cc1,train,
1252,2-butyl-5-chloro-1H-imidazole-4-carbaldehyde,CCCCC1=NC(=C(N1)Cl)C=O,JLVIHQCWASNXCK-UHFFFAOYSA-N,aromatic_hetero,,CCCCc1nc(C=O)c(Cl)[nH]1,c1c[nH]cn1,train,
1253,5-bromo-1H-indole-3-carbaldehyde,C1=CC2=C(C=C1Br)C(=CN2)C=O,PEENKJZANBYXNB-UHFFFAOYSA-N,aromatic_hetero,,O=Cc1c[nH]c2ccc(Br)cc12,c1ccc2[nH]ccc2c1,train,
1254,1H-benzimidazole-2-carbaldehyde,C1=CC=C2C(=C1)NC(=N2)C=O,DQOSJWYZDQIMGM-UHFFFAOYSA-N,aromatic_hetero,,O=Cc1nc2ccccc2[nH]1,c1ccc2[nH]cnc2c1,train,
1255,3-cyclohexylpropanal,C1CCC(CC1)CCC=O,RKFNAZGRJVNWEW-UHFFFAOYSA-N,aliphatic,,O=CCCC1CCCCC1,C1CCCCC1,train,
1256,5-bromothiophene-2-carbaldehyde,C1=C(SC(=C1)Br)C=O,GFBVUFQNHLUCPX-UHFFFAOYSA-N,aromatic_hetero,,O=Cc1ccc(Br)s1,c1ccsc1,train,
1257,"4,4-dimethyl-5-oxopentanenitrile",CC(C)(CCC#N)C=O,HKJVKIURQSVEQB-UHFFFAOYSA-N,aliphatic,,CC(C)(C=O)CCC#N,__no_ring__CC(C)(CCC#N)C=O,test,
1258,5-chloro-2-nitrobenzaldehyde,C1=CC(=C(C=C1Cl)C=O)[N+](=O)[O-],SWGPIDCNYAYXMJ-UHFFFAOYSA-N,aromatic_carbo,nitro,O=Cc1cc(Cl)ccc1[N+](=O)[O-],c1ccccc1,train,
1259,quinoline-3-carbaldehyde,C1=CC=C2C(=C1)C=C(C=N2)C=O,RYGIHSLRMNXWCN-UHFFFAOYSA-N,aromatic_hetero,,O=Cc1cnc2ccccc2c1,c1ccc2ncccc2c1,train,
1260,bicyclo[2.2.1]heptane-2-carbaldehyde,C1CC2CC1CC2C=O,UAQYREPFSVCDHT-UHFFFAOYSA-N,aliphatic,,O=CC1CC2CCC1C2,C1CC2CCC1C2,train,
1261,4-bromothiophene-2-carbaldehyde,C1=C(SC=C1Br)C=O,PDONIKHDXYHTLS-UHFFFAOYSA-N,aromatic_hetero,,O=Cc1cc(Br)cs1,c1ccsc1,train,
1262,2-ethoxynaphthalene-1-carbaldehyde,CCOC1=C(C2=CC=CC=C2C=C1)C=O,IMNKQTWVJHODOS-UHFFFAOYSA-N,aromatic_carbo,,CCOc1ccc2ccccc2c1C=O,c1ccc2ccccc2c1,train,
1263,1-benzylpiperidine-4-carbaldehyde,C1CN(CCC1C=O)CC2=CC=CC=C2,SGIBOXBBPQRZDM-UHFFFAOYSA-N,aliphatic,,O=CC1CCN(Cc2ccccc2)CC1,c1ccc(CN2CCCCC2)cc1,train,
1264,"2,6-dimethoxybenzaldehyde",COC1=C(C(=CC=C1)OC)C=O,WXSGQHKHUYTJNB-UHFFFAOYSA-N,aromatic_carbo,,COc1cccc(OC)c1C=O,c1ccccc1,train,
1265,3-(5-methylfuran-2-yl)propanal,CC1=CC=C(O1)CCC=O,WPBUABKBDHGOAJ-UHFFFAOYSA-N,aliphatic,,Cc1ccc(CCC=O)o1,c1ccoc1,train,
1266,2-phenylmethoxyacetaldehyde,C1=CC=C(C=C1)COCC=O,NFNOAHXEQXMCGT-UHFFFAOYSA-N,aliphatic,,O=CCOCc1ccccc1,c1ccccc1,train,
1267,"3,5-bis(trifluoromethyl)benzaldehyde",C1=C(C=C(C=C1C(F)(F)F)C(F)(F)F)C=O,LDWLIXZSDPXYDR-UHFFFAOYSA-N,aromatic_carbo,,O=Cc1cc(C(F)(F)F)cc(C(F)(F)F)c1,c1ccccc1,train,
1268,"ethyl 4-formyl-3,5-dimethyl-1H-pyrrole-2-carboxylate",CCOC(=O)C1=C(C(=C(N1)C)C=O)C,CLJUICOFPKFFGJ-UHFFFAOYSA-N,aromatic_hetero,,CCOC(=O)c1[nH]c(C)c(C=O)c1C,c1cc[nH]c1,train,
1269,1-benzylimidazole-2-carbaldehyde,C1=CC=C(C=C1)CN2C=CN=C2C=O,AKFHFMMKMUJLBU-UHFFFAOYSA-N,aromatic_hetero,,O=Cc1nccn1Cc1ccccc1,c1ccc(Cn2ccnc2)cc1,train,
1270,1-methylimidazole-2-carbaldehyde,CN1C=CN=C1C=O,UEBFLTZXUXZPJO-UHFFFAOYSA-N,aromatic_hetero,,Cn1ccnc1C=O,c1c[nH]cn1,train,
1271,"6-chloro-1,3-benzodioxole-5-carbaldehyde",C1OC2=C(O1)C=C(C(=C2)C=O)Cl,VRNADRCOROWLJC-UHFFFAOYSA-N,aromatic_carbo,,O=Cc1cc2c(cc1Cl)OCO2,c1ccc2c(c1)OCO2,train,
1272,2-hydroxy-3-prop-2-enylbenzaldehyde,C=CCC1=C(C(=CC=C1)C=O)O,INLWEXRRMUMHKB-UHFFFAOYSA-N,aromatic_carbo,,C=CCc1cccc(C=O)c1O,c1ccccc1,train,
1273,2-acetylbenzaldehyde,CC(=O)C1=CC=CC=C1C=O,VDEAMZDXUCYOQJ-UHFFFAOYSA-N,aromatic_carbo,,CC(=O)c1ccccc1C=O,c1ccccc1,train,
1274,6-methoxyquinoline-4-carbaldehyde,COC1=CC2=C(C=CN=C2C=C1)C=O,PDGKZDPIWAKVLH-UHFFFAOYSA-N,aromatic_hetero,,COc1ccc2nccc(C=O)c2c1,c1ccc2ncccc2c1,train,
1275,4-hydroxy-5-methoxy-2-nitrobenzaldehyde,COC1=C(C=C(C(=C1)C=O)[N+](=O)[O-])O,INFACQKUQJGVFF-UHFFFAOYSA-N,aromatic_carbo,nitro,COc1cc(C=O)c([N+](=O)[O-])cc1O,c1ccccc1,train,
1276,"1,2-dihydroacenaphthylene-5-carbaldehyde",C1CC2=CC=C(C3=CC=CC1=C23)C=O,VNEOTRCBGZQYJT-UHFFFAOYSA-N,aromatic_carbo,,O=Cc1ccc2c3c(cccc13)CC2,c1cc2c3c(cccc3c1)CC2,train,
1277,dibenzofuran-2-carbaldehyde,C1=CC=C2C(=C1)C3=C(O2)C=CC(=C3)C=O,OVJMIWIVPWPZMN-UHFFFAOYSA-N,aromatic_carbo,,O=Cc1ccc2oc3ccccc3c2c1,c1ccc2c(c1)oc1ccccc12,train,
1278,2-(4-methoxyphenyl)propanal,CC(C=O)C1=CC=C(C=C1)OC,JDZPCXLQZLJIPR-UHFFFAOYSA-N,aliphatic,,COc1ccc(C(C)C=O)cc1,c1ccccc1,train,
1279,"2,5-dimethyl-1H-pyrrole-3-carbaldehyde",CC1=CC(=C(N1)C)C=O,GTWDXQPFVZMHNZ-UHFFFAOYSA-N,aromatic_hetero,,Cc1cc(C=O)c(C)[nH]1,c1cc[nH]c1,train,
1280,4-phenylmethoxybutanal,C1=CC=C(C=C1)COCCCC=O,QTISZPXYPZNBQB-UHFFFAOYSA-N,aliphatic,,O=CCCCOCc1ccccc1,c1ccccc1,train,
1281,"3-chloro-4,5-dimethoxybenzaldehyde",COC1=C(C(=CC(=C1)C=O)Cl)OC,AMZCHEDPEAQEMC-UHFFFAOYSA-N,aromatic_carbo,,COc1cc(C=O)cc(Cl)c1OC,c1ccccc1,train,
1282,2-phenyltriazole-4-carbaldehyde,C1=CC=C(C=C1)N2N=CC(=N2)C=O,VZJJIEBMUWCKJY-UHFFFAOYSA-N,aromatic_hetero,,O=Cc1cnn(-c2ccccc2)n1,c1ccc(-n2nccn2)cc1,train,
1283,5-fluoro-1H-indole-3-carbaldehyde,C1=CC2=C(C=C1F)C(=CN2)C=O,YUAJKGBLPVLADK-UHFFFAOYSA-N,aromatic_hetero,,O=Cc1c[nH]c2ccc(F)cc12,c1ccc2[nH]ccc2c1,train,
1284,5-methyl-1H-indole-3-carbaldehyde,CC1=CC2=C(C=C1)NC=C2C=O,ZTNQWTPWKNDRNF-UHFFFAOYSA-N,aromatic_hetero,,Cc1ccc2[nH]cc(C=O)c2c1,c1ccc2[nH]ccc2c1,train,
1285,4-(2-bromoethoxy)benzaldehyde,C1=CC(=CC=C1C=O)OCCBr,XFHTVCMRNSBQCF-UHFFFAOYSA-N,aromatic_carbo,,O=Cc1ccc(OCCBr)cc1,c1ccccc1,train,
1286,6-fluoro-1H-indole-3-carbaldehyde,C1=CC2=C(C=C1F)NC=C2C=O,CWCYUOSLRVAKQZ-UHFFFAOYSA-N,aromatic_hetero,,O=Cc1c[nH]c2cc(F)ccc12,c1ccc2[nH]ccc2c1,train,
1287,3-(2-methoxyphenyl)propanal,COC1=CC=CC=C1CCC=O,FIMNMFRUQUMXEV-UHFFFAOYSA-N,aliphatic,,COc1ccccc1CCC=O,c1ccccc1,train,
1288,1-methylindole-2-carbaldehyde,CN1C2=CC=CC=C2C=C1C=O,IBNGPIOSWCMJGG-UHFFFAOYSA-N,aromatic_hetero,,Cn1c(C=O)cc2ccccc21,c1ccc2[nH]ccc2c1,train,
1289,"2-(1,3-benzodioxol-5-yl)acetaldehyde",C1OC2=C(O1)C=C(C=C2)CC=O,RRMZTAWQQFJQHL-UHFFFAOYSA-N,aliphatic,,O=CCc1ccc2c(c1)OCO2,c1ccc2c(c1)OCO2,train,
1290,N-(5-formylthiophen-2-yl)acetamide,CC(=O)NC1=CC=C(S1)C=O,RYHPGKJBLSYSCH-UHFFFAOYSA-N,aromatic_hetero,,CC(=O)Nc1ccc(C=O)s1,c1ccsc1,train,
1291,2-(2-methoxyphenyl)acetaldehyde,COC1=CC=CC=C1CC=O,VKQKGJHUFQGOIX-UHFFFAOYSA-N,aliphatic,,COc1ccccc1CC=O,c1ccccc1,train,
1292,3-formyl-4-hydroxybenzoic acid,C1=CC(=C(C=C1C(=O)O)C=O)O,NXZBZWZORYEIJL-UHFFFAOYSA-N,aromatic_carbo,,O=Cc1cc(C(=O)O)ccc1O,c1ccccc1,train,
1293,2-chloro-4-nitrobenzaldehyde,C1=CC(=C(C=C1[N+](=O)[O-])Cl)C=O,GVBXZIANHMNKAK-UHFFFAOYSA-N,aromatic_carbo,nitro,O=Cc1ccc([N+](=O)[O-])cc1Cl,c1ccccc1,train,
1294,5-hydroxypyridine-2-carbaldehyde,C1=CC(=NC=C1O)C=O,HSODMUBHOXGNNQ-UHFFFAOYSA-N,aromatic_hetero,,O=Cc1ccc(O)cn1,c1ccncc1,train,
1295,"2-chloro-4,5-dimethoxybenzaldehyde",COC1=C(C=C(C(=C1)C=O)Cl)OC,KTLBJNXLHDMIRZ-UHFFFAOYSA-N,aromatic_carbo,,COc1cc(Cl)c(C=O)cc1OC,c1ccccc1,train,
1296,4-methoxy-2-methylbenzaldehyde,CC1=C(C=CC(=C1)OC)C=O,WICYVKGMEJSDAO-UHFFFAOYSA-N,aromatic_carbo,,COc1ccc(C=O)c(C)c1,c1ccccc1,train,
1297,5-hydroxy-4-methoxy-2-nitrobenzaldehyde,COC1=C(C=C(C(=C1)[N+](=O)[O-])C=O)O,PTULGYAZUWPSQM-UHFFFAOYSA-N,aromatic_carbo,nitro,COc1cc([N+](=O)[O-])c(C=O)cc1O,c1ccccc1,train,
1298,2-(2-formyl-4-methoxyphenoxy)acetic acid,COC1=CC(=C(C=C1)OCC(=O)O)C=O,BTPORJVAKLIAGD-UHFFFAOYSA-N,aromatic_carbo,,COc1ccc(OCC(=O)O)c(C=O)c1,c1ccccc1,train,
1299,"3,5-dimethyl-1,2-oxazole-4-carbaldehyde",CC1=C(C(=NO1)C)C=O,TVAYXKLCEILMEA-UHFFFAOYSA-N,aromatic_hetero,,Cc1noc(C)c1C=O,c1cnoc1,train,
1300,4-morpholin-4-ylbenzaldehyde,C1COCCN1C2=CC=C(C=C2)C=O,FOAQOAXQMISINY-UHFFFAOYSA-N,aromatic_carbo,,O=Cc1ccc(N2CCOCC2)cc1,c1ccc(N2CCOCC2)cc1,train,
1301,4-(dimethylamino)-2-methoxybenzaldehyde,CN(C)C1=CC(=C(C=C1)C=O)OC,HGDRXADJVGVGBC-UHFFFAOYSA-N,aromatic_carbo,,COc1cc(N(C)C)ccc1C=O,c1ccccc1,train,
1302,4-(dimethylamino)-2-nitrobenzaldehyde,CN(C)C1=CC(=C(C=C1)C=O)[N+](=O)[O-],DHLFXZQEAWYQLC-UHFFFAOYSA-N,aromatic_carbo,nitro,CN(C)c1ccc(C=O)c([N+](=O)[O-])c1,c1ccccc1,train,
1303,ethyl 2-(4-formylphenoxy)acetate,CCOC(=O)COC1=CC=C(C=C1)C=O,CGEOWJVEIAILOR-UHFFFAOYSA-N,aromatic_carbo,,CCOC(=O)COc1ccc(C=O)cc1,c1ccccc1,train,
1304,5-phenyl-2H-triazole-4-carbaldehyde,C1=CC=C(C=C1)C2=NNN=C2C=O,LLGIAYKTCWJZHF-UHFFFAOYSA-N,aromatic_hetero,,O=Cc1n[nH]nc1-c1ccccc1,c1ccc(-c2cn[nH]n2)cc1,train,
1305,"2-oxo-1,3-dihydroindole-3-carbaldehyde",C1=CC=C2C(=C1)C(C(=O)N2)C=O,NEWVVIDKMOJCCS-UHFFFAOYSA-N,aliphatic,,O=CC1C(=O)Nc2ccccc21,O=C1Cc2ccccc2N1,train,
1306,2-chloro-1H-indole-3-carbaldehyde,C1=CC=C2C(=C1)C(=C(N2)Cl)C=O,XYSSNBNFOBVMAU-UHFFFAOYSA-N,aromatic_hetero,,O=Cc1c(Cl)[nH]c2ccccc12,c1ccc2[nH]ccc2c1,train,
1307,methyl 5-formyl-1H-pyrrole-2-carboxylate,COC(=O)C1=CC=C(N1)C=O,PRCYHYGREGWAAN-UHFFFAOYSA-N,aromatic_hetero,,COC(=O)c1ccc(C=O)[nH]1,c1cc[nH]c1,train,
1308,"5-bromo-2,3-dimethoxybenzaldehyde",COC1=CC(=CC(=C1OC)C=O)Br,RVMWFOFQRYTRHZ-UHFFFAOYSA-N,aromatic_carbo,,COc1cc(Br)cc(C=O)c1OC,c1ccccc1,train,
1309,N-(2-formylphenyl)acetamide,CC(=O)NC1=CC=CC=C1C=O,OWMJAQBUFVTERI-UHFFFAOYSA-N,aromatic_carbo,,CC(=O)Nc1ccccc1C=O,c1ccccc1,train,
1310,2-[N-(2-acetyloxyethyl)-4-formylanilino]ethyl acetate,CC(=O)OCCN(CCOC(=O)C)C1=CC=C(C=C1)C=O,HYLXLGFSGXFLFE-UHFFFAOYSA-N,aromatic_carbo,,CC(=O)OCCN(CCOC(C)=O)c1ccc(C=O)cc1,c1ccccc1,train,
1311,2-prop-2-enylbenzaldehyde,C=CCC1=CC=CC=C1C=O,FZTDYEUXQXNEER-UHFFFAOYSA-N,aromatic_carbo,,C=CCc1ccccc1C=O,c1ccccc1,train,
1312,"6-phenylimidazo[2,1-b][1,3]thiazole-5-carbaldehyde",C1=CC=C(C=C1)C2=C(N3C=CSC3=N2)C=O,RRHHDLZBYCPJAW-UHFFFAOYSA-N,aromatic_hetero,,O=Cc1c(-c2ccccc2)nc2sccn12,c1ccc(-c2cn3ccsc3n2)cc1,train,
1313,5-(chloromethyl)-2-hydroxybenzaldehyde,C1=CC(=C(C=C1CCl)C=O)O,WFACWTZLXIFJCM-UHFFFAOYSA-N,aromatic_carbo,,O=Cc1cc(CCl)ccc1O,c1ccccc1,train,
1314,2-chloro-2-phenylpropanal,CC(C=O)(C1=CC=CC=C1)Cl,GUXSRVZDSMGGJX-UHFFFAOYSA-N,aliphatic,,CC(Cl)(C=O)c1ccccc1,c1ccccc1,train,
1315,4-methoxy-2-nitrobenzaldehyde,COC1=CC(=C(C=C1)C=O)[N+](=O)[O-],KLTDQLIGNSBZPO-UHFFFAOYSA-N,aromatic_carbo,nitro,COc1ccc(C=O)c([N+](=O)[O-])c1,c1ccccc1,train,
1316,4-(chloromethyl)benzaldehyde,C1=CC(=CC=C1CCl)C=O,FNIFQOISPAAFQF-UHFFFAOYSA-N,aromatic_carbo,,O=Cc1ccc(CCl)cc1,c1ccccc1,train,
1317,"1,2,3,4-tetrahydronaphthalene-1-carbaldehyde",C1CC(C2=CC=CC=C2C1)C=O,ZXDOJLXKYNWBMK-UHFFFAOYSA-N,aliphatic,,O=CC1CCCc2ccccc21,c1ccc2c(c1)CCCC2,train,
1318,4-hydroxy-2-methylbenzaldehyde,CC1=C(C=CC(=C1)O)C=O,JDWWIEFMFPWBST-UHFFFAOYSA-N,aromatic_carbo,,Cc1cc(O)ccc1C=O,c1ccccc1,train,
1319,"2,3-dibromo-4-hydroxy-5-methoxybenzaldehyde",COC1=C(C(=C(C(=C1)C=O)Br)Br)O,WKLKGSHBXNPUDU-UHFFFAOYSA-N,aromatic_carbo,,COc1cc(C=O)c(Br)c(Br)c1O,c1ccccc1,train,
1320,5-methoxy-2-nitro-4-phenylmethoxybenzaldehyde,COC1=C(C=C(C(=C1)C=O)[N+](=O)[O-])OCC2=CC=CC=C2,WKDLWHKMVQVRNO-UHFFFAOYSA-N,aromatic_carbo,nitro,COc1cc(C=O)c([N+](=O)[O-])cc1OCc1ccccc1,c1ccc(COc2ccccc2)cc1,train,
1321,3-ethoxy-4-phenylmethoxybenzaldehyde,CCOC1=C(C=CC(=C1)C=O)OCC2=CC=CC=C2,NCOFQZRLIYPMNJ-UHFFFAOYSA-N,aromatic_carbo,,CCOc1cc(C=O)ccc1OCc1ccccc1,c1ccc(COc2ccccc2)cc1,train,
1322,1-(4-nitrophenyl)pyrrole-2-carbaldehyde,C1=CN(C(=C1)C=O)C2=CC=C(C=C2)[N+](=O)[O-],HAWFRXCIWBFGHH-UHFFFAOYSA-N,aromatic_hetero,nitro,O=Cc1cccn1-c1ccc([N+](=O)[O-])cc1,c1ccc(-n2cccc2)cc1,train,
1323,4-[(4-methylphenyl)methoxy]benzaldehyde,CC1=CC=C(C=C1)COC2=CC=C(C=C2)C=O,PQBHYFMKHRCUDY-UHFFFAOYSA-N,aromatic_carbo,,Cc1ccc(COc2ccc(C=O)cc2)cc1,c1ccc(COc2ccccc2)cc1,train,
1324,"3,4-dimethyl-1H-pyrrole-2-carbaldehyde",CC1=CNC(=C1C)C=O,LRJDGBKOYYAJJF-UHFFFAOYSA-N,aromatic_hetero,,Cc1c[nH]c(C=O)c1C,c1cc[nH]c1,train,
1325,4-[(4-chlorophenyl)methoxy]benzaldehyde,C1=CC(=CC=C1COC2=CC=C(C=C2)C=O)Cl,LYEQERPOWVBIQS-UHFFFAOYSA-N,aromatic_carbo,,O=Cc1ccc(OCc2ccc(Cl)cc2)cc1,c1ccc(COc2ccccc2)cc1,train,
1326,2-fluoro-4-hydroxybenzaldehyde,C1=CC(=C(C=C1O)F)C=O,ONRPXRPUBXXCCM-UHFFFAOYSA-N,aromatic_carbo,,O=Cc1ccc(O)cc1F,c1ccccc1,train,
1327,2-fluoro-3-hydroxybenzaldehyde,C1=CC(=C(C(=C1)O)F)C=O,JHPNLGYUKQTWHN-UHFFFAOYSA-N,aromatic_carbo,,O=Cc1cccc(O)c1F,c1ccccc1,train,
1328,3-methylquinoxaline-2-carbaldehyde,CC1=NC2=CC=CC=C2N=C1C=O,AZIGGTBMCCWNPW-UHFFFAOYSA-N,aromatic_hetero,,Cc1nc2ccccc2nc1C=O,c1ccc2nccnc2c1,train,
1329,"2-amino-6,7-dimethyl-4-oxochromene-3-carbaldehyde",CC1=CC2=C(C=C1C)OC(=C(C2=O)C=O)N,VHPOBVWIUYMENY-UHFFFAOYSA-N,aromatic_hetero,,Cc1cc2oc(N)c(C=O)c(=O)c2cc1C,O=c1ccoc2ccccc12,train,
1330,"5-(2,4-difluorophenyl)furan-2-carbaldehyde",C1=CC(=C(C=C1F)F)C2=CC=C(O2)C=O,JOKLUPUCUUTVHJ-UHFFFAOYSA-N,aromatic_hetero,,O=Cc1ccc(-c2ccc(F)cc2F)o1,c1ccc(-c2ccco2)cc1,train,
1331,quinoxaline-2-carbaldehyde,C1=CC=C2C(=C1)N=CC(=N2)C=O,UJEHWLFUEQHEEZ-UHFFFAOYSA-N,aromatic_hetero,,O=Cc1cnc2ccccc2n1,c1ccc2nccnc2c1,train,
1332,5-phenyl-1H-pyrrole-2-carbaldehyde,C1=CC=C(C=C1)C2=CC=C(N2)C=O,AWLDDDPIAFHCFV-UHFFFAOYSA-N,aromatic_hetero,,O=Cc1ccc(-c2ccccc2)[nH]1,c1ccc(-c2ccc[nH]2)cc1,train,
1333,"1,2-dimethylindole-3-carbaldehyde",CC1=C(C2=CC=CC=C2N1C)C=O,HYGUWHAXRMPCCP-UHFFFAOYSA-N,aromatic_hetero,,Cc1c(C=O)c2ccccc2n1C,c1ccc2[nH]ccc2c1,train,
1334,7-methoxy-2-oxo-1H-quinoline-3-carbaldehyde,COC1=CC2=C(C=C1)C=C(C(=O)N2)C=O,VUKFTGRTRKQOKY-UHFFFAOYSA-N,aromatic_hetero,,COc1ccc2cc(C=O)c(=O)[nH]c2c1,O=c1ccc2ccccc2[nH]1,train,
1335,2-(2-methoxyphenyl)benzaldehyde,COC1=CC=CC=C1C2=CC=CC=C2C=O,ZYNNXRUYVVQLOW-UHFFFAOYSA-N,aromatic_carbo,,COc1ccccc1-c1ccccc1C=O,c1ccc(-c2ccccc2)cc1,train,
1336,3-(trifluoromethoxy)benzaldehyde,C1=CC(=CC(=C1)OC(F)(F)F)C=O,FQEVHRCPXFKJHF-UHFFFAOYSA-N,aromatic_carbo,,O=Cc1cccc(OC(F)(F)F)c1,c1ccccc1,train,
1337,5-(4-fluorophenyl)-1H-pyrazole-4-carbaldehyde,C1=CC(=CC=C1C2=C(C=NN2)C=O)F,CMXTUUXWJBLVEH-UHFFFAOYSA-N,aromatic_hetero,,O=Cc1cn[nH]c1-c1ccc(F)cc1,c1ccc(-c2ccn[nH]2)cc1,train,
1338,6-chloro-7-methyl-4-oxochromene-3-carbaldehyde,CC1=CC2=C(C=C1Cl)C(=O)C(=CO2)C=O,NULJNFUEBPQUNB-UHFFFAOYSA-N,aromatic_hetero,,Cc1cc2occ(C=O)c(=O)c2cc1Cl,O=c1ccoc2ccccc12,train,
1339,2-methyl-5-nitro-1H-indole-3-carbaldehyde,CC1=C(C2=C(N1)C=CC(=C2)[N+](=O)[O-])C=O,IKBFYOQMSYXGBI-UHFFFAOYSA-N,aromatic_hetero,nitro,Cc1[nH]c2ccc([N+](=O)[O-])cc2c1C=O,c1ccc2[nH]ccc2c1,train,
1340,5-(2-chlorophenyl)furan-2-carbaldehyde,C1=CC=C(C(=C1)C2=CC=C(O2)C=O)Cl,ONQOZTFAOFZDFK-UHFFFAOYSA-N,aromatic_hetero,,O=Cc1ccc(-c2ccccc2Cl)o1,c1ccc(-c2ccco2)cc1,train,
1341,5-(3-chlorophenyl)furan-2-carbaldehyde,C1=CC(=CC(=C1)Cl)C2=CC=C(O2)C=O,FIGLPGGFAIZKFQ-UHFFFAOYSA-N,aromatic_hetero,,O=Cc1ccc(-c2cccc(Cl)c2)o1,c1ccc(-c2ccco2)cc1,train,
1342,5-(4-chlorophenyl)-1H-pyrazole-4-carbaldehyde,C1=CC(=CC=C1C2=C(C=NN2)C=O)Cl,XSFZGZIGMMWQKR-UHFFFAOYSA-N,aromatic_hetero,,O=Cc1cn[nH]c1-c1ccc(Cl)cc1,c1ccc(-c2ccn[nH]2)cc1,train,
1343,3-bromo-5-ethoxy-4-hydroxybenzaldehyde,CCOC1=C(C(=CC(=C1)C=O)Br)O,GWEFTCNMUHHQLP-UHFFFAOYSA-N,aromatic_carbo,,CCOc1cc(C=O)cc(Br)c1O,c1ccccc1,train,
1344,2-(4-fluorophenyl)-1H-indole-3-carbaldehyde,C1=CC=C2C(=C1)C(=C(N2)C3=CC=C(C=C3)F)C=O,RLQLBZDVAGJSFK-UHFFFAOYSA-N,aromatic_hetero,,O=Cc1c(-c2ccc(F)cc2)[nH]c2ccccc12,c1ccc(-c2cc3ccccc3[nH]2)cc1,train,
1345,1-phenyl-3-thiophen-2-ylpyrazole-4-carbaldehyde,C1=CC=C(C=C1)N2C=C(C(=N2)C3=CC=CS3)C=O,HVDFEBGVPKLCCY-UHFFFAOYSA-N,aromatic_hetero,,O=Cc1cn(-c2ccccc2)nc1-c1cccs1,c1ccc(-n2ccc(-c3cccs3)n2)cc1,train,
1346,5-[2-chloro-5-(trifluoromethyl)phenyl]furan-2-carbaldehyde,C1=CC(=C(C=C1C(F)(F)F)C2=CC=C(O2)C=O)Cl,BDUFOVWZBTVLPY-UHFFFAOYSA-N,aromatic_hetero,,O=Cc1ccc(-c2cc(C(F)(F)F)ccc2Cl)o1,c1ccc(-c2ccco2)cc1,train,
1347,2-ethynylbenzaldehyde,C#CC1=CC=CC=C1C=O,ZEDSAJWVTKUHHK-UHFFFAOYSA-N,aromatic_carbo,,C#Cc1ccccc1C=O,c1ccccc1,train,
1348,2-pyridin-4-ylbenzaldehyde,C1=CC=C(C(=C1)C=O)C2=CC=NC=C2,HPSCYFZOYJSYGZ-UHFFFAOYSA-N,aromatic_carbo,,O=Cc1ccccc1-c1ccncc1,c1ccc(-c2ccncc2)cc1,train,
1349,"5-bromo-2,4-dimethoxybenzaldehyde",COC1=CC(=C(C=C1C=O)Br)OC,PXDIELLGFUEAIX-UHFFFAOYSA-N,aromatic_carbo,,COc1cc(OC)c(C=O)cc1Br,c1ccccc1,train,
1350,5-(2-nitrophenyl)furan-2-carbaldehyde,C1=CC=C(C(=C1)C2=CC=C(O2)C=O)[N+](=O)[O-],QBYRUURYXPVDAK-UHFFFAOYSA-N,aromatic_hetero,nitro,O=Cc1ccc(-c2ccccc2[N+](=O)[O-])o1,c1ccc(-c2ccco2)cc1,train,
1351,5-methyl-3-oxo-2-phenyl-1H-pyrazole-4-carbaldehyde,CC1=C(C(=O)N(N1)C2=CC=CC=C2)C=O,RWBBDSAYSNJJHM-UHFFFAOYSA-N,aromatic_hetero,,Cc1[nH]n(-c2ccccc2)c(=O)c1C=O,O=c1cc[nH]n1-c1ccccc1,train,
1352,5-[2-(trifluoromethyl)phenyl]furan-2-carbaldehyde,C1=CC=C(C(=C1)C2=CC=C(O2)C=O)C(F)(F)F,BECHPBVVELWRBW-UHFFFAOYSA-N,aromatic_hetero,,O=Cc1ccc(-c2ccccc2C(F)(F)F)o1,c1ccc(-c2ccco2)cc1,train,
1353,"6,8-dibromo-4-oxochromene-3-carbaldehyde",C1=C(C=C(C2=C1C(=O)C(=CO2)C=O)Br)Br,XTEURQCXJDIUCR-UHFFFAOYSA-N,aromatic_hetero,,O=Cc1coc2c(Br)cc(Br)cc2c1=O,O=c1ccoc2ccccc12,train,
1354,4-oxo-6-propan-2-ylchromene-3-carbaldehyde,CC(C)C1=CC2=C(C=C1)OC=C(C2=O)C=O,FRRYMYQANNFABF-UHFFFAOYSA-N,aromatic_hetero,,CC(C)c1ccc2occ(C=O)c(=O)c2c1,O=c1ccoc2ccccc12,train,
1355,6-methoxy-4-oxochromene-3-carbaldehyde,COC1=CC2=C(C=C1)OC=C(C2=O)C=O,ILFXSWVYDSZVBC-UHFFFAOYSA-N,aromatic_hetero,,COc1ccc2occ(C=O)c(=O)c2c1,O=c1ccoc2ccccc12,train,
1356,2-chloro-6-methoxyquinoline-3-carbaldehyde,COC1=CC2=CC(=C(N=C2C=C1)Cl)C=O,TZQOMBXDCIPJKW-UHFFFAOYSA-N,aromatic_hetero,,COc1ccc2nc(Cl)c(C=O)cc2c1,c1ccc2ncccc2c1,train,
1357,2-chloro-6-methylquinoline-3-carbaldehyde,CC1=CC2=CC(=C(N=C2C=C1)Cl)C=O,FSLNYYZJXMGKHK-UHFFFAOYSA-N,aromatic_hetero,,Cc1ccc2nc(Cl)c(C=O)cc2c1,c1ccc2ncccc2c1,train,
1358,2-chloro-8-methylquinoline-3-carbaldehyde,CC1=C2C(=CC=C1)C=C(C(=N2)Cl)C=O,YPBRSXNRWFUUOE-UHFFFAOYSA-N,aromatic_hetero,,Cc1cccc2cc(C=O)c(Cl)nc12,c1ccc2ncccc2c1,train,
1359,2-chloroquinoline-3-carbaldehyde,C1=CC=C2C(=C1)C=C(C(=N2)Cl)C=O,SDKQWXCBSNMYBN-UHFFFAOYSA-N,aromatic_hetero,,O=Cc1cc2ccccc2nc1Cl,c1ccc2ncccc2c1,train,
1360,5-iodofuran-2-carbaldehyde,C1=C(OC(=C1)I)C=O,QPGPCPKDVSPJAY-UHFFFAOYSA-N,aromatic_hetero,,O=Cc1ccc(I)o1,c1ccoc1,train,
1361,5-(1H-benzimidazol-2-ylsulfanyl)furan-2-carbaldehyde,C1=CC=C2C(=C1)NC(=N2)SC3=CC=C(O3)C=O,CATAEVIKQDVMNF-UHFFFAOYSA-N,aromatic_hetero,,O=Cc1ccc(Sc2nc3ccccc3[nH]2)o1,c1coc(Sc2nc3ccccc3[nH]2)c1,train,
1362,benzyl 4-ethyl-5-formyl-3-methyl-1H-pyrrole-2-carboxylate,CCC1=C(NC(=C1C)C(=O)OCC2=CC=CC=C2)C=O,XVXYAGCYQBAFHM-UHFFFAOYSA-N,aromatic_hetero,,CCc1c(C=O)[nH]c(C(=O)OCc2ccccc2)c1C,O=C(OCc1ccccc1)c1ccc[nH]1,train,
1363,5-chloro-3-methyl-1-(4-methylphenyl)pyrazole-4-carbaldehyde,CC1=CC=C(C=C1)N2C(=C(C(=N2)C)C=O)Cl,KQWYKJSWCFJJFS-UHFFFAOYSA-N,aromatic_hetero,,Cc1ccc(-n2nc(C)c(C=O)c2Cl)cc1,c1ccc(-n2cccn2)cc1,train,
1364,2-[(4-nitrophenyl)methoxy]benzaldehyde,C1=CC=C(C(=C1)C=O)OCC2=CC=C(C=C2)[N+](=O)[O-],AXZLBQBZZLPIMB-UHFFFAOYSA-N,aromatic_carbo,nitro,O=Cc1ccccc1OCc1ccc([N+](=O)[O-])cc1,c1ccc(COc2ccccc2)cc1,train,
1365,5-[3-(trifluoromethyl)phenyl]furan-2-carbaldehyde,C1=CC(=CC(=C1)C(F)(F)F)C2=CC=C(O2)C=O,MRVWKXZQBOFMAW-UHFFFAOYSA-N,aromatic_hetero,,O=Cc1ccc(-c2cccc(C(F)(F)F)c2)o1,c1ccc(-c2ccco2)cc1,train,
1366,"4-[(2,4-dichlorophenyl)methoxy]-3-methoxybenzaldehyde",COC1=C(C=CC(=C1)C=O)OCC2=C(C=C(C=C2)Cl)Cl,INKHIZKVRPGGLJ-UHFFFAOYSA-N,aromatic_carbo,,COc1cc(C=O)ccc1OCc1ccc(Cl)cc1Cl,c1ccc(COc2ccccc2)cc1,train,
1367,4-[(4-fluorophenyl)methoxy]benzaldehyde,C1=CC(=CC=C1COC2=CC=C(C=C2)C=O)F,QGULWBQOCMQNFD-UHFFFAOYSA-N,aromatic_carbo,,O=Cc1ccc(OCc2ccc(F)cc2)cc1,c1ccc(COc2ccccc2)cc1,train,
1368,5-thiophen-2-yl-1H-pyrazole-4-carbaldehyde,C1=CSC(=C1)C2=C(C=NN2)C=O,DDQIKYLVCQKLHT-UHFFFAOYSA-N,aromatic_hetero,,O=Cc1cn[nH]c1-c1cccs1,c1csc(-c2ccn[nH]2)c1,test,
1369,4-[(4-fluorophenyl)methoxy]-3-methoxybenzaldehyde,COC1=C(C=CC(=C1)C=O)OCC2=CC=C(C=C2)F,PGCCPVWYLPJNBO-UHFFFAOYSA-N,aromatic_carbo,,COc1cc(C=O)ccc1OCc1ccc(F)cc1,c1ccc(COc2ccccc2)cc1,train,
1370,quinoxaline-6-carbaldehyde,C1=CC2=NC=CN=C2C=C1C=O,UGOIXUFOAODGNI-UHFFFAOYSA-N,aromatic_carbo,,O=Cc1ccc2nccnc2c1,c1ccc2nccnc2c1,train,
1371,2-aminopyrimidine-5-carbaldehyde,C1=C(C=NC(=N1)N)C=O,DPOYRRAYGKTRAU-UHFFFAOYSA-N,aromatic_hetero,,Nc1ncc(C=O)cn1,c1cncnc1,train,
1372,2-(3-formylindol-1-yl)acetic acid,C1=CC=C2C(=C1)C(=CN2CC(=O)O)C=O,ZUUGBTJTGRTIFK-UHFFFAOYSA-N,aromatic_hetero,,O=Cc1cn(CC(=O)O)c2ccccc12,c1ccc2[nH]ccc2c1,train,
1373,"4-bromo-2,5-dimethoxybenzaldehyde",COC1=CC(=C(C=C1C=O)OC)Br,BIFWGDWGCZLCHF-UHFFFAOYSA-N,aromatic_carbo,,COc1cc(C=O)c(OC)cc1Br,c1ccccc1,train,
1374,"2-bromo-3,4,5-trimethoxybenzaldehyde",COC1=C(C(=C(C(=C1)C=O)Br)OC)OC,LADPQZFHJVANIP-UHFFFAOYSA-N,aromatic_carbo,,COc1cc(C=O)c(Br)c(OC)c1OC,c1ccccc1,train,
1375,5-bromo-3-tert-butyl-2-hydroxybenzaldehyde,CC(C)(C)C1=CC(=CC(=C1O)C=O)Br,DTEMRMZXDSDCPQ-UHFFFAOYSA-N,aromatic_carbo,,CC(C)(C)c1cc(Br)cc(C=O)c1O,c1ccccc1,train,
1376,2-(2-ethoxy-4-formylphenoxy)acetic acid,CCOC1=C(C=CC(=C1)C=O)OCC(=O)O,BALVFSVIEQRSSY-UHFFFAOYSA-N,aromatic_carbo,,CCOc1cc(C=O)ccc1OCC(=O)O,c1ccccc1,train,
1377,"4,5-dibromothiophene-2-carbaldehyde",C1=C(SC(=C1Br)Br)C=O,CHRAVDVWAPGZOY-UHFFFAOYSA-N,aromatic_hetero,,O=Cc1cc(Br)c(Br)s1,c1ccsc1,train,
1378,5-formylthiophene-2-carboxylic acid,C1=C(SC(=C1)C(=O)O)C=O,VFEAMMGYJFFXKV-UHFFFAOYSA-N,aromatic_hetero,,O=Cc1ccc(C(=O)O)s1,c1ccsc1,train,
1379,2-phenylpyrimidine-5-carbaldehyde,C1=CC=C(C=C1)C2=NC=C(C=N2)C=O,AUTGLFSBJLERMV-UHFFFAOYSA-N,aromatic_hetero,,O=Cc1cnc(-c2ccccc2)nc1,c1ccc(-c2ncccn2)cc1,train,
1380,2-methoxyquinoline-3-carbaldehyde,COC1=NC2=CC=CC=C2C=C1C=O,HMZDGMVJEGFPHU-UHFFFAOYSA-N,aromatic_hetero,,COc1nc2ccccc2cc1C=O,c1ccc2ncccc2c1,train,
1381,2-(2-bromo-4-formylphenoxy)acetic acid,C1=CC(=C(C=C1C=O)Br)OCC(=O)O,PGUJGPKJZJCFJB-UHFFFAOYSA-N,aromatic_carbo,,O=Cc1ccc(OCC(=O)O)c(Br)c1,c1ccccc1,train,
1382,2-(2-chloro-6-ethoxy-4-formylphenoxy)acetic acid,CCOC1=C(C(=CC(=C1)C=O)Cl)OCC(=O)O,XHFZCETYAOULCG-UHFFFAOYSA-N,aromatic_carbo,,CCOc1cc(C=O)cc(Cl)c1OCC(=O)O,c1ccccc1,train,
1383,4-[(4-formylphenoxy)methyl]benzoic acid,C1=CC(=CC=C1COC2=CC=C(C=C2)C=O)C(=O)O,ZKWZTMPNUCKOTL-UHFFFAOYSA-N,aromatic_carbo,,O=Cc1ccc(OCc2ccc(C(=O)O)cc2)cc1,c1ccc(COc2ccccc2)cc1,train,
1384,5-methoxy-1-methylindole-3-carbaldehyde,CN1C=C(C2=C1C=CC(=C2)OC)C=O,OFNAEHQJIMREFJ-UHFFFAOYSA-N,aromatic_hetero,,COc1ccc2c(c1)c(C=O)cn2C,c1ccc2[nH]ccc2c1,train,
1385,1-phenylpyrrole-2-carbaldehyde,C1=CC=C(C=C1)N2C=CC=C2C=O,LXEQKKWJDGVPRW-UHFFFAOYSA-N,aromatic_hetero,,O=Cc1cccn1-c1ccccc1,c1ccc(-n2cccc2)cc1,train,
1386,5-(4-methylphenyl)furan-2-carbaldehyde,CC1=CC=C(C=C1)C2=CC=C(O2)C=O,RNXBPIBAPRFYIS-UHFFFAOYSA-N,aromatic_hetero,,Cc1ccc(-c2ccc(C=O)o2)cc1,c1ccc(-c2ccco2)cc1,train,
1387,5-(4-chloro-2-nitrophenyl)furan-2-carbaldehyde,C1=CC(=C(C=C1Cl)[N+](=O)[O-])C2=CC=C(O2)C=O,QUHBWTNARIJFIJ-UHFFFAOYSA-N,aromatic_hetero,nitro,O=Cc1ccc(-c2ccc(Cl)cc2[N+](=O)[O-])o1,c1ccc(-c2ccco2)cc1,train,
1388,2-(4-methoxyphenyl)benzaldehyde,COC1=CC=C(C=C1)C2=CC=CC=C2C=O,RMFQIZQKPSRFAC-UHFFFAOYSA-N,aromatic_carbo,,COc1ccc(-c2ccccc2C=O)cc1,c1ccc(-c2ccccc2)cc1,train,
1389,2-[3-(trifluoromethyl)phenyl]benzaldehyde,C1=CC=C(C(=C1)C=O)C2=CC(=CC=C2)C(F)(F)F,STRFWILZQHGWOK-UHFFFAOYSA-N,aromatic_carbo,,O=Cc1ccccc1-c1cccc(C(F)(F)F)c1,c1ccc(-c2ccccc2)cc1,train,
1390,4-(chloromethyl)thiophene-2-carbaldehyde,C1=C(SC=C1CCl)C=O,RXGWEJJMCNQFAB-UHFFFAOYSA-N,aromatic_hetero,,O=Cc1cc(CCl)cs1,c1ccsc1,train,
1391,3-iodo-4-methoxybenzaldehyde,COC1=C(C=C(C=C1)C=O)I,RVWOHBWQJGLXIJ-UHFFFAOYSA-N,aromatic_carbo,,COc1ccc(C=O)cc1I,c1ccccc1,train,
1392,4-hydroxy-3-methoxy-5-prop-2-enylbenzaldehyde,COC1=CC(=CC(=C1O)CC=C)C=O,IJGXTTPJTDSRBO-UHFFFAOYSA-N,aromatic_carbo,,C=CCc1cc(C=O)cc(OC)c1O,c1ccccc1,train,
1393,4-prop-2-ynoxybenzaldehyde,C#CCOC1=CC=C(C=C1)C=O,GSSBOYWRKTVVQX-UHFFFAOYSA-N,aromatic_carbo,,C#CCOc1ccc(C=O)cc1,c1ccccc1,train,
1394,5-(2-bromophenyl)furan-2-carbaldehyde,C1=CC=C(C(=C1)C2=CC=C(O2)C=O)Br,FWPDRAIMKVWEGB-UHFFFAOYSA-N,aromatic_hetero,,O=Cc1ccc(-c2ccccc2Br)o1,c1ccc(-c2ccco2)cc1,train,
1395,4-[(3-bromophenyl)methoxy]benzaldehyde,C1=CC(=CC(=C1)Br)COC2=CC=C(C=C2)C=O,RNVLQBDBEJCTRG-UHFFFAOYSA-N,aromatic_carbo,,O=Cc1ccc(OCc2cccc(Br)c2)cc1,c1ccc(COc2ccccc2)cc1,train,
1396,"3,5-dichloro-4-prop-2-ynoxybenzaldehyde",C#CCOC1=C(C=C(C=C1Cl)C=O)Cl,GBYFSVNODFASGY-UHFFFAOYSA-N,aromatic_carbo,,C#CCOc1c(Cl)cc(C=O)cc1Cl,c1ccccc1,train,
1397,3-bromo-5-methoxy-4-prop-2-enoxybenzaldehyde,COC1=C(C(=CC(=C1)C=O)Br)OCC=C,NYCZXYRKJNJTDT-UHFFFAOYSA-N,aromatic_carbo,,C=CCOc1c(Br)cc(C=O)cc1OC,c1ccccc1,train,
1398,5-morpholin-4-ylthiophene-2-carbaldehyde,C1COCCN1C2=CC=C(S2)C=O,MWCGENRKAMIZLZ-UHFFFAOYSA-N,aromatic_hetero,,O=Cc1ccc(N2CCOCC2)s1,c1csc(N2CCOCC2)c1,test,
1399,4-ethoxy-2-hydroxybenzaldehyde,CCOC1=CC(=C(C=C1)C=O)O,YQHAGJMEOJLAJT-UHFFFAOYSA-N,aromatic_carbo,,CCOc1ccc(C=O)c(O)c1,c1ccccc1,train,
1400,2-methylacridine-9-carbaldehyde,CC1=CC2=C(C3=CC=CC=C3N=C2C=C1)C=O,PIBZGMVFXCKDER-UHFFFAOYSA-N,aromatic_hetero,,Cc1ccc2nc3ccccc3c(C=O)c2c1,c1ccc2nc3ccccc3cc2c1,train,
1401,5-(2-phenylethynyl)thiophene-2-carbaldehyde,C1=CC=C(C=C1)C#CC2=CC=C(S2)C=O,YFMUACLZRVJOBK-UHFFFAOYSA-N,aromatic_hetero,,O=Cc1ccc(C#Cc2ccccc2)s1,C(#Cc1cccs1)c1ccccc1,train,
1402,6-bromopyridine-2-carbaldehyde,C1=CC(=NC(=C1)Br)C=O,QWFHFNGMCPMOCD-UHFFFAOYSA-N,aromatic_hetero,,O=Cc1cccc(Br)n1,c1ccncc1,train,
1403,2-tert-butyl-1H-indole-3-carbaldehyde,CC(C)(C)C1=C(C2=CC=CC=C2N1)C=O,HKBWAYDAIZSXQS-UHFFFAOYSA-N,aromatic_hetero,,CC(C)(C)c1[nH]c2ccccc2c1C=O,c1ccc2[nH]ccc2c1,train,
1404,4-methyl-1H-indole-3-carbaldehyde,CC1=C2C(=CC=C1)NC=C2C=O,OXMKZTMGJSTKPG-UHFFFAOYSA-N,aromatic_hetero,,Cc1cccc2[nH]cc(C=O)c12,c1ccc2[nH]ccc2c1,train,
1405,"1,3-thiazole-4-carbaldehyde",C1=C(N=CS1)C=O,WRFKSVINLIQRKF-UHFFFAOYSA-N,aromatic_hetero,,O=Cc1cscn1,c1cscn1,train,
1406,6-chloropyridine-3-carbaldehyde,C1=CC(=NC=C1C=O)Cl,AFWWKZCPPRPDQK-UHFFFAOYSA-N,aromatic_hetero,,O=Cc1ccc(Cl)nc1,c1ccncc1,train,
1407,tert-butyl 3-formylindole-1-carboxylate,CC(C)(C)OC(=O)N1C=C(C2=CC=CC=C21)C=O,GDYHUGFAKMUUQL-UHFFFAOYSA-N,aromatic_hetero,,CC(C)(C)OC(=O)n1cc(C=O)c2ccccc21,c1ccc2[nH]ccc2c1,train,
1408,5-phenylfuran-2-carbaldehyde,C1=CC=C(C=C1)C2=CC=C(O2)C=O,BMJHNNPEPBZULA-UHFFFAOYSA-N,aromatic_hetero,,O=Cc1ccc(-c2ccccc2)o1,c1ccc(-c2ccco2)cc1,train,
1409,3-benzylimidazole-4-carbaldehyde,C1=CC=C(C=C1)CN2C=NC=C2C=O,QONDAZCJAPQGRX-UHFFFAOYSA-N,aromatic_hetero,,O=Cc1cncn1Cc1ccccc1,c1ccc(Cn2ccnc2)cc1,train,
1410,(5-formylthiophen-2-yl)boronic acid,B(C1=CC=C(S1)C=O)(O)O,DEQOVKFWRPOPQP-UHFFFAOYSA-N,aromatic_hetero,boron,O=Cc1ccc(B(O)O)s1,c1ccsc1,train,
1411,2-amino-5-chlorobenzaldehyde,C1=CC(=C(C=C1Cl)C=O)N,KUIFMGITZFDQMP-UHFFFAOYSA-N,aromatic_carbo,,Nc1ccc(Cl)cc1C=O,c1ccccc1,train,
1412,3-fluoro-4-methylbenzaldehyde,CC1=C(C=C(C=C1)C=O)F,UFPBMVRONDLOGK-UHFFFAOYSA-N,aromatic_carbo,,Cc1ccc(C=O)cc1F,c1ccccc1,train,
1413,"5-methyl-3-phenyl-1,2-oxazole-4-carbaldehyde",CC1=C(C(=NO1)C2=CC=CC=C2)C=O,SMSBKEHQYUYAHK-UHFFFAOYSA-N,aromatic_hetero,,Cc1onc(-c2ccccc2)c1C=O,c1ccc(-c2ccon2)cc1,train,
1414,2-(trifluoromethoxy)benzaldehyde,C1=CC=C(C(=C1)C=O)OC(F)(F)F,CPHXLFKIUVVIOQ-UHFFFAOYSA-N,aromatic_carbo,,O=Cc1ccccc1OC(F)(F)F,c1ccccc1,train,
1415,"5-chloro-1,3-dimethylpyrazole-4-carbaldehyde",CC1=NN(C(=C1C=O)Cl)C,SZRSMNYUEXXEBL-UHFFFAOYSA-N,aromatic_hetero,,Cc1nn(C)c(Cl)c1C=O,c1cn[nH]c1,train,
1416,"3-iodo-4,5-dimethoxybenzaldehyde",COC1=C(C(=CC(=C1)C=O)I)OC,MVPNBXPAUYYZAF-UHFFFAOYSA-N,aromatic_carbo,,COc1cc(C=O)cc(I)c1OC,c1ccccc1,train,
1417,2-(2-formylphenyl)benzoic acid,C1=CC=C(C(=C1)C=O)C2=CC=CC=C2C(=O)O,NXEWGTWUNXITOI-UHFFFAOYSA-N,aromatic_carbo,,O=Cc1ccccc1-c1ccccc1C(=O)O,c1ccc(-c2ccccc2)cc1,train,
1418,4-chloro-7-(diethylamino)-2-oxochromene-3-carbaldehyde,CCN(CC)C1=CC2=C(C=C1)C(=C(C(=O)O2)C=O)Cl,CYXXVTLWYIGJJW-UHFFFAOYSA-N,aromatic_hetero,,CCN(CC)c1ccc2c(Cl)c(C=O)c(=O)oc2c1,O=c1ccc2ccccc2o1,train,
1419,9-methylcarbazole-2-carbaldehyde,CN1C2=CC=CC=C2C3=C1C=C(C=C3)C=O,QOBHAZPUGZRPSV-UHFFFAOYSA-N,aromatic_carbo,,Cn1c2ccccc2c2ccc(C=O)cc21,c1ccc2c(c1)[nH]c1ccccc12,train,
1420,"3,5-dichloro-2-methoxybenzaldehyde",COC1=C(C=C(C=C1Cl)Cl)C=O,OYKSTJSVNQYCRE-UHFFFAOYSA-N,aromatic_carbo,,COc1c(Cl)cc(Cl)cc1C=O,c1ccccc1,train,
1421,3-bromo-5-chloro-4-hydroxybenzaldehyde,C1=C(C=C(C(=C1Cl)O)Br)C=O,ITSXSHQWMYYQQY-UHFFFAOYSA-N,aromatic_carbo,,O=Cc1cc(Cl)c(O)c(Br)c1,c1ccccc1,train,
1422,4-(4-chlorophenoxy)benzaldehyde,C1=CC(=CC=C1C=O)OC2=CC=C(C=C2)Cl,BLCXBCYVCDPFEU-UHFFFAOYSA-N,aromatic_carbo,,O=Cc1ccc(Oc2ccc(Cl)cc2)cc1,c1ccc(Oc2ccccc2)cc1,train,
1423,2-pyridin-3-ylbenzaldehyde,C1=CC=C(C(=C1)C=O)C2=CN=CC=C2,DTUANRRVVJRTJS-UHFFFAOYSA-N,aromatic_carbo,,O=Cc1ccccc1-c1cccnc1,c1ccc(-c2cccnc2)cc1,train,
1424,(2-formylphenyl) 4-methylbenzenesulfonate,CC1=CC=C(C=C1)S(=O)(=O)OC2=CC=CC=C2C=O,IPWGJYLXLDJKOC-UHFFFAOYSA-N,aromatic_carbo,,Cc1ccc(S(=O)(=O)Oc2ccccc2C=O)cc1,O=S(=O)(Oc1ccccc1)c1ccccc1,train,
1425,4-methyl-5-oxo-4-phenylpentanenitrile,CC(CCC#N)(C=O)C1=CC=CC=C1,RNDCUHACESDKAR-UHFFFAOYSA-N,aliphatic,,CC(C=O)(CCC#N)c1ccccc1,c1ccccc1,train,
1426,"2,4-dibromo-5-hydroxybenzaldehyde",C1=C(C(=CC(=C1O)Br)Br)C=O,YYYLLTIYDVSUDA-UHFFFAOYSA-N,aromatic_carbo,,O=Cc1cc(O)c(Br)cc1Br,c1ccccc1,train,
1427,(4-formyl-2-methoxyphenyl) benzoate,COC1=C(C=CC(=C1)C=O)OC(=O)C2=CC=CC=C2,QOIUOGAGPASFII-UHFFFAOYSA-N,aromatic_carbo,,COc1cc(C=O)ccc1OC(=O)c1ccccc1,O=C(Oc1ccccc1)c1ccccc1,train,
1428,3-formyl-1H-indole-2-carboxylic acid,C1=CC=C2C(=C1)C(=C(N2)C(=O)O)C=O,PRFDLSPESODVAW-UHFFFAOYSA-N,aromatic_hetero,,O=Cc1c(C(=O)O)[nH]c2ccccc12,c1ccc2[nH]ccc2c1,train,
1429,2-pyrrol-1-ylbenzaldehyde,C1=CC=C(C(=C1)C=O)N2C=CC=C2,BITJMALLHCGYKF-UHFFFAOYSA-N,aromatic_carbo,,O=Cc1ccccc1-n1cccc1,c1ccc(-n2cccc2)cc1,train,
1430,(E)-3-(4-formylphenyl)prop-2-enoic acid,C1=CC(=CC=C1/C=C/C(=O)O)C=O,LBOUHDMYVURTMA-AATRIKPKSA-N,aromatic_carbo,,O=Cc1ccc(/C=C/C(=O)O)cc1,c1ccccc1,train,
1431,4-(2-methoxyethoxy)benzaldehyde,COCCOC1=CC=C(C=C1)C=O,IQCSLVHAFGNDGO-UHFFFAOYSA-N,aromatic_carbo,,COCCOc1ccc(C=O)cc1,c1ccccc1,train,
1432,"6-hydroxy-1,3-benzodioxole-5-carbaldehyde",C1OC2=C(O1)C=C(C(=C2)C=O)O,SXMMQAVECVAGBF-UHFFFAOYSA-N,aromatic_carbo,,O=Cc1cc2c(cc1O)OCO2,c1ccc2c(c1)OCO2,train,
1433,3-formylbenzamide,C1=CC(=CC(=C1)C(=O)N)C=O,AYYCJLDODRZCOB-UHFFFAOYSA-N,aromatic_carbo,,NC(=O)c1cccc(C=O)c1,c1ccccc1,train,
1434,7-hydroxy-2-oxochromene-8-carbaldehyde,C1=CC(=C(C2=C1C=CC(=O)O2)C=O)O,KRBBYDYXQBJMCQ-UHFFFAOYSA-N,aromatic_carbo,,O=Cc1c(O)ccc2ccc(=O)oc12,O=c1ccc2ccccc2o1,train,
1435,3-bromo-2-hydroxybenzaldehyde,C1=CC(=C(C(=C1)Br)O)C=O,STBGLXMINLWCNL-UHFFFAOYSA-N,aromatic_carbo,,O=Cc1cccc(Br)c1O,c1ccccc1,train,
1436,1-(4-fluorophenyl)triazole-4-carbaldehyde,C1=CC(=CC=C1N2C=C(N=N2)C=O)F,VDZWNFKDNJZMGG-UHFFFAOYSA-N,aromatic_hetero,,O=Cc1cn(-c2ccc(F)cc2)nn1,c1ccc(-n2ccnn2)cc1,train,
1437,2-(4-chlorophenyl)acetaldehyde,C1=CC(=CC=C1CC=O)Cl,MWSNYBOKRSGWAN-UHFFFAOYSA-N,aliphatic,,O=CCc1ccc(Cl)cc1,c1ccccc1,train,
1438,2-(3-chlorophenyl)acetaldehyde,C1=CC(=CC(=C1)Cl)CC=O,CNBOFJGDTDMTEX-UHFFFAOYSA-N,aliphatic,,O=CCc1cccc(Cl)c1,c1ccccc1,train,
1439,6-bromopyridine-3-carbaldehyde,C1=CC(=NC=C1C=O)Br,PVUKGNBRJFTFNJ-UHFFFAOYSA-N,aromatic_hetero,,O=Cc1ccc(Br)nc1,c1ccncc1,train,
1440,3-diethoxyphosphorylpropanal,CCOP(=O)(CCC=O)OCC,FUBLLKKWKHVTTK-UHFFFAOYSA-N,aliphatic,phosphorus,CCOP(=O)(CCC=O)OCC,__no_ring__CCOP(=O)(CCC=O)OCC,validation,
1441,1-benzofuran-3-carbaldehyde,C1=CC=C2C(=C1)C(=CO2)C=O,XUMWJQJGCFTJOE-UHFFFAOYSA-N,aromatic_hetero,,O=Cc1coc2ccccc12,c1ccc2occc2c1,train,
1442,3-bromo-1-benzothiophene-2-carbaldehyde,C1=CC=C2C(=C1)C(=C(S2)C=O)Br,GQUZXULTSUGIRF-UHFFFAOYSA-N,aromatic_hetero,,O=Cc1sc2ccccc2c1Br,c1ccc2sccc2c1,train,
1443,3-formyl-1H-indole-4-carboxylic acid,C1=CC(=C2C(=C1)NC=C2C=O)C(=O)O,GLURRHBQBOQINO-UHFFFAOYSA-N,aromatic_hetero,,O=Cc1c[nH]c2cccc(C(=O)O)c12,c1ccc2[nH]ccc2c1,train,
1444,methyl 3-oxo-2-phenylpropanoate,COC(=O)C(C=O)C1=CC=CC=C1,ORJFSDFCHJQCOH-UHFFFAOYSA-N,aliphatic,,COC(=O)C(C=O)c1ccccc1,c1ccccc1,train,
1445,5-formylthiophene-2-carbonitrile,C1=C(SC(=C1)C#N)C=O,PZIFYWVUYHMYOA-UHFFFAOYSA-N,aromatic_hetero,,N#Cc1ccc(C=O)s1,c1ccsc1,train,
1446,2-ethylpent-4-enal,CCC(CC=C)C=O,UADJTDURPOSPRM-UHFFFAOYSA-N,aliphatic,,C=CCC(C=O)CC,__no_ring__CCC(CC=C)C=O,train,
1447,1H-imidazole-2-carbaldehyde,C1=CN=C(N1)C=O,XYHKNCXZYYTLRG-UHFFFAOYSA-N,aromatic_hetero,,O=Cc1ncc[nH]1,c1c[nH]cn1,train,
1448,4-phenylbutanal,C1=CC=C(C=C1)CCCC=O,NHFRGTVSKOPUBK-UHFFFAOYSA-N,aliphatic,,O=CCCCc1ccccc1,c1ccccc1,train,
1449,2-bromo-4-hydroxy-5-methoxybenzaldehyde,COC1=C(C=C(C(=C1)C=O)Br)O,FVNRNBGSHCWQPD-UHFFFAOYSA-N,aromatic_carbo,,COc1cc(C=O)c(Br)cc1O,c1ccccc1,train,
1450,2-chloro-4-hydroxy-3-methoxybenzaldehyde,COC1=C(C=CC(=C1Cl)C=O)O,TZGDDUJFJAZQEB-UHFFFAOYSA-N,aromatic_carbo,,COc1c(O)ccc(C=O)c1Cl,c1ccccc1,train,
1451,3-fluoro-4-methoxybenzaldehyde,COC1=C(C=C(C=C1)C=O)F,SOQCZBSZZLWDGU-UHFFFAOYSA-N,aromatic_carbo,,COc1ccc(C=O)cc1F,c1ccccc1,train,
1452,3-hydroxy-4-nitrobenzaldehyde,C1=CC(=C(C=C1C=O)O)[N+](=O)[O-],AUBBVPIQUDFRQI-UHFFFAOYSA-N,aromatic_carbo,nitro,O=Cc1ccc([N+](=O)[O-])c(O)c1,c1ccccc1,train,
1453,hex-5-enal,C=CCCCC=O,USLRUYZDOLMIRJ-UHFFFAOYSA-N,aliphatic,,C=CCCCC=O,__no_ring__C=CCCCC=O,train,
1454,8-oxooctanoic acid,C(CCCC(=O)O)CCC=O,UEXYJHLCLUYOFA-UHFFFAOYSA-N,aliphatic,,O=CCCCCCCC(=O)O,__no_ring__C(CCCC(=O)O)CCC=O,test,
1455,"3,3-dimethylbutanal",CC(C)(C)CC=O,LTNUSYNQZJZUSY-UHFFFAOYSA-N,aliphatic,,CC(C)(C)CC=O,__no_ring__CC(C)(C)CC=O,validation,
1456,3-methoxy-4-(methoxymethoxy)benzaldehyde,COCOC1=C(C=C(C=C1)C=O)OC,QWQRYWWOQOUPQQ-UHFFFAOYSA-N,aromatic_carbo,,COCOc1ccc(C=O)cc1OC,c1ccccc1,train,
1457,methyl 6-oxohexanoate,COC(=O)CCCCC=O,FDNFXHCDOASWAY-UHFFFAOYSA-N,aliphatic,,COC(=O)CCCCC=O,__no_ring__COC(=O)CCCCC=O,test,
1458,methyl 4-oxobutanoate,COC(=O)CCC=O,DLZVZNAPRCRXEG-UHFFFAOYSA-N,aliphatic,,COC(=O)CCC=O,__no_ring__COC(=O)CCC=O,train,
1459,4-[2-(dimethylamino)ethoxy]benzaldehyde,CN(C)CCOC1=CC=C(C=C1)C=O,CBOKAZFQZOQTOC-UHFFFAOYSA-N,aromatic_carbo,,CN(C)CCOc1ccc(C=O)cc1,c1ccccc1,train,
1460,oct-7-enal,C=CCCCCCC=O,LIINGNMKNRSOGW-UHFFFAOYSA-N,aliphatic,,C=CCCCCCC=O,__no_ring__C=CCCCCCC=O,train,
1461,4-[(2-methylpropan-2-yl)oxy]benzaldehyde,CC(C)(C)OC1=CC=C(C=C1)C=O,VWSFZYXXQDKXKQ-UHFFFAOYSA-N,aromatic_carbo,,CC(C)(C)Oc1ccc(C=O)cc1,c1ccccc1,train,
1462,2-prop-2-enoxybenzaldehyde,C=CCOC1=CC=CC=C1C=O,BXCJDECTRRMSCV-UHFFFAOYSA-N,aromatic_carbo,,C=CCOc1ccccc1C=O,c1ccccc1,train,
1463,(3-formylphenyl) acetate,CC(=O)OC1=CC=CC(=C1)C=O,GVUMZPWBUAGJBP-UHFFFAOYSA-N,aromatic_carbo,,CC(=O)Oc1cccc(C=O)c1,c1ccccc1,train,
1464,"2,3-dihydro-1H-indene-5-carbaldehyde",C1CC2=C(C1)C=C(C=C2)C=O,YNGGRNROMJXLCP-UHFFFAOYSA-N,aromatic_carbo,,O=Cc1ccc2c(c1)CCC2,c1ccc2c(c1)CCC2,train,
1465,4-methoxy-3-methylbenzaldehyde,CC1=C(C=CC(=C1)C=O)OC,MYLBIQHZWFWSMH-UHFFFAOYSA-N,aromatic_carbo,,COc1ccc(C=O)cc1C,c1ccccc1,train,
1466,"2,2-dimethylbutanal",CCC(C)(C)C=O,QYPLKDUOPJZROX-UHFFFAOYSA-N,aliphatic,,CCC(C)(C)C=O,__no_ring__CCC(C)(C)C=O,test,
1467,3-methoxypropanal,COCCC=O,OXGJKCALURPRCN-UHFFFAOYSA-N,aliphatic,,COCCC=O,__no_ring__COCCC=O,train,
1468,"3,6-dichloro-2-hydroxybenzaldehyde",C1=CC(=C(C(=C1Cl)C=O)O)Cl,JQZDVFAQNRLCDC-UHFFFAOYSA-N,aromatic_carbo,,O=Cc1c(Cl)ccc(Cl)c1O,c1ccccc1,train,
1469,2-chloro-4-hydroxybenzaldehyde,C1=CC(=C(C=C1O)Cl)C=O,ZMOMCILMBYEGLD-UHFFFAOYSA-N,aromatic_carbo,,O=Cc1ccc(O)cc1Cl,c1ccccc1,train,
1470,6-hydroxyhexanal,C(CCC=O)CCO,FPFTWHJPEMPAGE-UHFFFAOYSA-N,aliphatic,,O=CCCCCCO,__no_ring__C(CCC=O)CCO,validation,
1471,"2,3-dihydro-1,4-benzodioxine-6-carbaldehyde",C1COC2=C(O1)C=CC(=C2)C=O,CWKXDPPQCVWXAG-UHFFFAOYSA-N,aromatic_carbo,,O=Cc1ccc2c(c1)OCCO2,c1ccc2c(c1)OCCO2,train,
1472,3-bromo-2-hydroxy-5-nitrobenzaldehyde,C1=C(C=C(C(=C1C=O)O)Br)[N+](=O)[O-],BESBCGANGAEHPM-UHFFFAOYSA-N,aromatic_carbo,nitro,O=Cc1cc([N+](=O)[O-])cc(Br)c1O,c1ccccc1,train,
1473,3-chloro-2-hydroxybenzaldehyde,C1=CC(=C(C(=C1)Cl)O)C=O,DOHOPUBZLWVZMZ-UHFFFAOYSA-N,aromatic_carbo,,O=Cc1cccc(Cl)c1O,c1ccccc1,train,
1474,4-chloro-2-hydroxybenzaldehyde,C1=CC(=C(C=C1Cl)O)C=O,QNZWAJZEJAOVPN-UHFFFAOYSA-N,aromatic_carbo,,O=Cc1ccc(Cl)cc1O,c1ccccc1,train,
1475,2-hydroxy-5-methoxy-3-nitrobenzaldehyde,COC1=CC(=C(C(=C1)[N+](=O)[O-])O)C=O,CCHTVTHOPTTYSY-UHFFFAOYSA-N,aromatic_carbo,nitro,COc1cc(C=O)c(O)c([N+](=O)[O-])c1,c1ccccc1,train,
1476,"2,6-dichloro-4-hydroxybenzaldehyde",C1=C(C=C(C(=C1Cl)C=O)Cl)O,WWFRBIPLCLSKNH-UHFFFAOYSA-N,aromatic_carbo,,O=Cc1c(Cl)cc(O)cc1Cl,c1ccccc1,train,
1477,"2,4-dichloro-6-hydroxybenzaldehyde",C1=C(C=C(C(=C1O)C=O)Cl)Cl,XFYKHXQQNRESHU-UHFFFAOYSA-N,aromatic_carbo,,O=Cc1c(O)cc(Cl)cc1Cl,c1ccccc1,train,
1478,2-chloro-6-hydroxybenzaldehyde,C1=CC(=C(C(=C1)Cl)C=O)O,MVTWVXYIKIVAOJ-UHFFFAOYSA-N,aromatic_carbo,,O=Cc1c(O)cccc1Cl,c1ccccc1,train,
1479,2-methylthiophene-3-carbaldehyde,CC1=C(C=CS1)C=O,NSYHYZOBGJOIMD-UHFFFAOYSA-N,aromatic_hetero,,Cc1sccc1C=O,c1ccsc1,train,
1480,methyl 8-oxooctanoate,COC(=O)CCCCCCC=O,HVAXGLYKECRETN-UHFFFAOYSA-N,aliphatic,,COC(=O)CCCCCCC=O,__no_ring__COC(=O)CCCCCCC=O,test,
1481,methyl 5-oxopentanoate,COC(=O)CCCC=O,YBTZROCKNUIONO-UHFFFAOYSA-N,aliphatic,,COC(=O)CCCC=O,__no_ring__COC(=O)CCCC=O,train,
1482,"1,5-dimethylpyrazole-4-carbaldehyde",CC1=C(C=NN1C)C=O,SGNRGSSHBKKIJR-UHFFFAOYSA-N,aromatic_hetero,,Cc1c(C=O)cnn1C,c1cn[nH]c1,train,
1483,"4-methyl-1,3-thiazole-5-carbaldehyde",CC1=C(SC=N1)C=O,JJVIEMFQPALZOZ-UHFFFAOYSA-N,aromatic_hetero,,Cc1ncsc1C=O,c1cscn1,train,
1484,"2,6-dimethylbenzaldehyde",CC1=C(C(=CC=C1)C)C=O,QOJQBWSZHCKOLL-UHFFFAOYSA-N,aromatic_carbo,,Cc1cccc(C)c1C=O,c1ccccc1,train,
1485,methyl 6-formylpyridine-3-carboxylate,COC(=O)C1=CN=C(C=C1)C=O,BZOWIADSJYMJJJ-UHFFFAOYSA-N,aromatic_hetero,,COC(=O)c1ccc(C=O)nc1,c1ccncc1,train,
1486,5-fluoro-2-nitrobenzaldehyde,C1=CC(=C(C=C1F)C=O)[N+](=O)[O-],KKAFVHUJZPVWND-UHFFFAOYSA-N,aromatic_carbo,nitro,O=Cc1cc(F)ccc1[N+](=O)[O-],c1ccccc1,train,
1487,2-(4-tert-butylphenyl)propanal,CC(C=O)C1=CC=C(C=C1)C(C)(C)C,SNOVXNPIRUDJNG-UHFFFAOYSA-N,aliphatic,,CC(C=O)c1ccc(C(C)(C)C)cc1,c1ccccc1,train,
1488,"4-methoxy-2,3-dimethylbenzaldehyde",CC1=C(C=CC(=C1C)OC)C=O,MAFDJCNDRCNZFM-UHFFFAOYSA-N,aromatic_carbo,,COc1ccc(C=O)c(C)c1C,c1ccccc1,train,
1489,3-fluoro-4-hydroxy-5-methoxybenzaldehyde,COC1=C(C(=CC(=C1)C=O)F)O,OOGOFUKAJDPHDJ-UHFFFAOYSA-N,aromatic_carbo,,COc1cc(C=O)cc(F)c1O,c1ccccc1,train,
1490,2-chloro-3-hydroxy-4-methoxybenzaldehyde,COC1=C(C(=C(C=C1)C=O)Cl)O,DTMJGFBJQBQOIA-UHFFFAOYSA-N,aromatic_carbo,,COc1ccc(C=O)c(Cl)c1O,c1ccccc1,train,
1491,5-chloro-3-methyl-1-phenylpyrazole-4-carbaldehyde,CC1=NN(C(=C1C=O)Cl)C2=CC=CC=C2,DKZPJLZXLKAMDO-UHFFFAOYSA-N,aromatic_hetero,,Cc1nn(-c2ccccc2)c(Cl)c1C=O,c1ccc(-n2cccn2)cc1,train,
1492,"4,5-dimethylfuran-2-carbaldehyde",CC1=C(OC(=C1)C=O)C,JPTPEPVCVXGNJM-UHFFFAOYSA-N,aromatic_hetero,,Cc1cc(C=O)oc1C,c1ccoc1,train,
1493,4-methoxy-3-nitrobenzaldehyde,COC1=C(C=C(C=C1)C=O)[N+](=O)[O-],YTCRQCGRYCKYNO-UHFFFAOYSA-N,aromatic_carbo,nitro,COc1ccc(C=O)cc1[N+](=O)[O-],c1ccccc1,train,
1494,"4-methoxy-2,3,6-trimethylbenzaldehyde",CC1=CC(=C(C(=C1C=O)C)C)OC,BTOFIDLWQJCUJG-UHFFFAOYSA-N,aromatic_carbo,,COc1cc(C)c(C=O)c(C)c1C,c1ccccc1,train,
1495,1-phenylpyrazole-4-carbaldehyde,C1=CC=C(C=C1)N2C=C(C=N2)C=O,PHVRLPFVPVKYOI-UHFFFAOYSA-N,aromatic_hetero,,O=Cc1cnn(-c2ccccc2)c1,c1ccc(-n2cccn2)cc1,train,
1496,"4,5-dibromofuran-2-carbaldehyde",C1=C(OC(=C1Br)Br)C=O,CRHHCCZDQZBLPL-UHFFFAOYSA-N,aromatic_hetero,,O=Cc1cc(Br)c(Br)o1,c1ccoc1,train,
1497,2-(4-methylphenoxy)benzaldehyde,CC1=CC=C(C=C1)OC2=CC=CC=C2C=O,VPSRCJKQVYKILL-UHFFFAOYSA-N,aromatic_carbo,,Cc1ccc(Oc2ccccc2C=O)cc1,c1ccc(Oc2ccccc2)cc1,train,
1498,5-tert-butyl-2-hydroxybenzaldehyde,CC(C)(C)C1=CC(=C(C=C1)O)C=O,ZVCQQLGWGRTXGC-UHFFFAOYSA-N,aromatic_carbo,,CC(C)(C)c1ccc(O)c(C=O)c1,c1ccccc1,train,
1499,"(3S)-7-hydroxy-3,7-dimethyloctanal",C[C@@H](CCCC(C)(C)O)CC=O,WPFVBOQKRVRMJB-VIFPVBQESA-N,aliphatic,,C[C@H](CC=O)CCCC(C)(C)O,__no_ring__C[C@@H](CCCC(C)(C)O)CC=O,train,
1500,"2,5-dimethylthiophene-3-carbaldehyde",CC1=CC(=C(S1)C)C=O,WVIQPBIZBQRJAD-UHFFFAOYSA-N,aromatic_hetero,,Cc1cc(C=O)c(C)s1,c1ccsc1,train,
1501,5-chloro-1-methyl-3-phenylpyrazole-4-carbaldehyde,CN1C(=C(C(=N1)C2=CC=CC=C2)C=O)Cl,LIUUTPYWKXCVCS-UHFFFAOYSA-N,aromatic_hetero,,Cn1nc(-c2ccccc2)c(C=O)c1Cl,c1ccc(-c2cc[nH]n2)cc1,train,
1502,"4,5,6,7-tetrafluoro-1H-indole-3-carbaldehyde",C1=C(C2=C(N1)C(=C(C(=C2F)F)F)F)C=O,BHGCCJJOMNIVOA-UHFFFAOYSA-N,aromatic_hetero,,O=Cc1c[nH]c2c(F)c(F)c(F)c(F)c12,c1ccc2[nH]ccc2c1,train,
1503,methyl 7-oxoheptanoate,COC(=O)CCCCCC=O,NJVFYRBRYZXABC-UHFFFAOYSA-N,aliphatic,,COC(=O)CCCCCC=O,__no_ring__COC(=O)CCCCCC=O,test,
1504,4-bromobutanal,C(CC=O)CBr,GMZBZKVJMOEKGM-UHFFFAOYSA-N,aliphatic,,O=CCCCBr,__no_ring__C(CC=O)CBr,validation,
1505,(5-formyl-2-methoxyphenyl) acetate,CC(=O)OC1=C(C=CC(=C1)C=O)OC,ZVPGTXJXZIXWGR-UHFFFAOYSA-N,aromatic_carbo,,COc1ccc(C=O)cc1OC(C)=O,c1ccccc1,train,
1506,"4-(2,2,2-trifluoroethoxy)benzaldehyde",C1=CC(=CC=C1C=O)OCC(F)(F)F,VQGWQLMGMVUITG-UHFFFAOYSA-N,aromatic_carbo,,O=Cc1ccc(OCC(F)(F)F)cc1,c1ccccc1,train,
1507,5-(5-methylthiophen-2-yl)thiophene-2-carbaldehyde,CC1=CC=C(S1)C2=CC=C(S2)C=O,HLFSBWRCOPCECM-UHFFFAOYSA-N,aromatic_hetero,,Cc1ccc(-c2ccc(C=O)s2)s1,c1csc(-c2cccs2)c1,train,
1508,hept-6-enal,C=CCCCCC=O,IOXPXHVBWFDRGS-UHFFFAOYSA-N,aliphatic,,C=CCCCCC=O,__no_ring__C=CCCCCC=O,test,
1509,"(4E)-hepta-4,6-dienal",C=C/C=C/CCC=O,LRXHBCFIMDSOLD-ONEGZZNKSA-N,aliphatic,,C=C/C=C/CCC=O,__no_ring__C=C/C=C/CCC=O,validation,
1510,3-methoxypyridine-2-carbaldehyde,COC1=C(N=CC=C1)C=O,GHKILJGWQPBQGL-UHFFFAOYSA-N,aromatic_hetero,,COc1cccnc1C=O,c1ccncc1,train,
1511,4-[(E)-2-phenylethenyl]benzaldehyde,C1=CC=C(C=C1)/C=C/C2=CC=C(C=C2)C=O,CLXSBHRRZNBTRT-VOTSOKGWSA-N,aromatic_carbo,,O=Cc1ccc(/C=C/c2ccccc2)cc1,C(=C\c1ccccc1)/c1ccccc1,train,
1512,2-thiophen-2-ylacetaldehyde,C1=CSC(=C1)CC=O,JTGKLBDOZYMAEA-UHFFFAOYSA-N,aliphatic,,O=CCc1cccs1,c1ccsc1,train,
1513,1-benzylpyrazole-4-carbaldehyde,C1=CC=C(C=C1)CN2C=C(C=N2)C=O,WOXHPHOZJMLUFE-UHFFFAOYSA-N,aromatic_hetero,,O=Cc1cnn(Cc2ccccc2)c1,c1ccc(Cn2cccn2)cc1,train,
1514,"4-chloro-2-(dimethylamino)-1,3-thiazole-5-carbaldehyde",CN(C)C1=NC(=C(S1)C=O)Cl,WQEAFACWNKVEMO-UHFFFAOYSA-N,aromatic_hetero,,CN(C)c1nc(Cl)c(C=O)s1,c1cscn1,train,
1515,4-(2-hydroxypropan-2-yl)benzaldehyde,CC(C)(C1=CC=C(C=C1)C=O)O,RCUMJJBGXUQSOF-UHFFFAOYSA-N,aromatic_carbo,,CC(C)(O)c1ccc(C=O)cc1,c1ccccc1,train,
1516,3-methoxynaphthalene-2-carbaldehyde,COC1=CC2=CC=CC=C2C=C1C=O,OQDOWNJLYIFTHK-UHFFFAOYSA-N,aromatic_carbo,,COc1cc2ccccc2cc1C=O,c1ccc2ccccc2c1,train,
1517,3-methoxy-4-nitrobenzaldehyde,COC1=C(C=CC(=C1)C=O)[N+](=O)[O-],WUTIWOZYHHSBBU-UHFFFAOYSA-N,aromatic_carbo,nitro,COc1cc(C=O)ccc1[N+](=O)[O-],c1ccccc1,train,
1518,4-amino-2-methylpyrimidine-5-carbaldehyde,CC1=NC=C(C(=N1)N)C=O,NOHYIPRJOCCNMG-UHFFFAOYSA-N,aromatic_hetero,,Cc1ncc(C=O)c(N)n1,c1cncnc1,train,
1519,3-(hydroxymethyl)benzaldehyde,C1=CC(=CC(=C1)C=O)CO,CDNQOMJEQKBLBN-UHFFFAOYSA-N,aromatic_carbo,,O=Cc1cccc(CO)c1,c1ccccc1,train,
1520,2-chloro-6-methoxypyridine-3-carbaldehyde,COC1=NC(=C(C=C1)C=O)Cl,QXHZQUBXMXEKMX-UHFFFAOYSA-N,aromatic_hetero,,COc1ccc(C=O)c(Cl)n1,c1ccncc1,train,
1521,2-fluoro-6-nitrobenzaldehyde,C1=CC(=C(C(=C1)F)C=O)[N+](=O)[O-],LMTKLMMRJDNPFT-UHFFFAOYSA-N,aromatic_carbo,nitro,O=Cc1c(F)cccc1[N+](=O)[O-],c1ccccc1,train,
1522,1-methyltriazole-4-carbaldehyde,CN1C=C(N=N1)C=O,FRJSHBUKQSGJNG-UHFFFAOYSA-N,aromatic_hetero,,Cn1cc(C=O)nn1,c1c[nH]nn1,train,
1523,5-chloro-1-methylpyrazole-4-carbaldehyde,CN1C(=C(C=N1)C=O)Cl,BRTDPKPJDXNQEX-UHFFFAOYSA-N,aromatic_hetero,,Cn1ncc(C=O)c1Cl,c1cn[nH]c1,train,
1524,5-chloro-1-phenyl-3-propan-2-ylpyrazole-4-carbaldehyde,CC(C)C1=NN(C(=C1C=O)Cl)C2=CC=CC=C2,OSPKUZNNNGNAAC-UHFFFAOYSA-N,aromatic_hetero,,CC(C)c1nn(-c2ccccc2)c(Cl)c1C=O,c1ccc(-n2cccn2)cc1,train,
1525,"3,6-dimethylcyclohex-3-ene-1-carbaldehyde",CC1CC=C(CC1C=O)C,YLGCZMOAYIGIPX-UHFFFAOYSA-N,aliphatic,,CC1=CCC(C)C(C=O)C1,C1=CCCCC1,train,
1526,"2,2,6-trimethylcyclohexane-1-carbaldehyde",CC1CCCC(C1C=O)(C)C,MPLGIGIOVUTMJA-UHFFFAOYSA-N,aliphatic,,CC1CCCC(C)(C)C1C=O,C1CCCCC1,train,
1527,"3-(2-ethylphenyl)-2,2-dimethylpropanal",CCC1=CC=CC=C1CC(C)(C)C=O,ITJHALDCYCTNNJ-UHFFFAOYSA-N,aliphatic,,CCc1ccccc1CC(C)(C)C=O,c1ccccc1,train,
1528,2-(4-tert-butyl-2-methylphenoxy)acetaldehyde,CC1=C(C=CC(=C1)C(C)(C)C)OCC=O,FNNIBABFMNWSRX-UHFFFAOYSA-N,aliphatic,,Cc1cc(C(C)(C)C)ccc1OCC=O,c1ccccc1,train,
1529,"2,6-dimethylcyclohex-2-ene-1-carbaldehyde",CC1CCC=C(C1C=O)C,ZTNFZIHZMITMGE-UHFFFAOYSA-N,aliphatic,,CC1=CCCC(C)C1C=O,C1=CCCCC1,train,
1530,5-ethyl-2-methylnonanal,CCCCC(CC)CCC(C)C=O,VITZPKQAMWMVFA-UHFFFAOYSA-N,aliphatic,,CCCCC(CC)CCC(C)C=O,__no_ring__CCCCC(CC)CCC(C)C=O,test,
1531,"2-(3,4-dimethylphenyl)acetaldehyde",CC1=C(C=C(C=C1)CC=O)C,ZEDGDXNOJMGMMM-UHFFFAOYSA-N,aliphatic,,Cc1ccc(CC=O)cc1C,c1ccccc1,train,
1532,"6-methoxy-2,6-dimethylheptanal",CC(CCCC(C)(C)OC)C=O,QMXBURPYNWBMJR-UHFFFAOYSA-N,aliphatic,,COC(C)(C)CCCC(C)C=O,__no_ring__CC(CCCC(C)(C)OC)C=O,train,
1533,"4,8-dimethyldeca-4,9-dienal",CC(CCC=C(C)CCC=O)C=C,QVEOSYKPYFNQAZ-UHFFFAOYSA-N,aliphatic,,C=CC(C)CCC=C(C)CCC=O,__no_ring__CC(CCC=C(C)CCC=O)C=C,validation,
1534,"2,5,6-trimethylhept-4-enal",CC(C)C(=CCC(C)C=O)C,XHOFTJRCBBQRFB-UHFFFAOYSA-N,aliphatic,,CC(=CCC(C)C=O)C(C)C,__no_ring__CC(C)C(=CCC(C)C=O)C,test,
1535,2-decoxyacetaldehyde,CCCCCCCCCCOCC=O,SWBGVIRRFYDZBQ-UHFFFAOYSA-N,aliphatic,,CCCCCCCCCCOCC=O,__no_ring__CCCCCCCCCCOCC=O,validation,
1536,2-(4-tert-butylphenoxy)acetaldehyde,CC(C)(C)C1=CC=C(C=C1)OCC=O,MNRZECIRFMLTEY-UHFFFAOYSA-N,aliphatic,,CC(C)(C)c1ccc(OCC=O)cc1,c1ccccc1,train,
1537,"2,2,3,3,4,4,5,5,5-nonafluoropentanal",C(=O)C(C(C(C(F)(F)F)(F)F)(F)F)(F)F,ILSWGKFIWBVLDG-UHFFFAOYSA-N,aliphatic,,O=CC(F)(F)C(F)(F)C(F)(F)C(F)(F)F,__no_ring__C(=O)C(C(C(C(F)(F)F)(F)F)(F)F)(F)F,validation,
1538,"4,6-dimethylcyclohex-3-ene-1-carbaldehyde",CC1CC(=CCC1C=O)C,CHVQGLOTUNUPHU-UHFFFAOYSA-N,aliphatic,,CC1=CCC(C=O)C(C)C1,C1=CCCCC1,train,
1539,(E)-dec-6-enal,CCC/C=C/CCCCC=O,BHAHVSKDYRPNIR-SNAWJCMRSA-N,aliphatic,,CCC/C=C/CCCCC=O,__no_ring__CCC/C=C/CCCCC=O,train,
1540,(E)-dec-7-enal,CC/C=C/CCCCCC=O,UZFFFFWQKMPLAC-ONEGZZNKSA-N,aliphatic,,CC/C=C/CCCCCC=O,__no_ring__CC/C=C/CCCCCC=O,test,
1541,(Z)-dodec-3-enal,CCCCCCCC/C=C\CC=O,HBBONAOKVLYWBI-KTKRTIGZSA-N,aliphatic,,CCCCCCCC/C=C\CC=O,__no_ring__CCCCCCCC/C=C\CC=O,train,
1542,5-dodecyl-2-hydroxybenzaldehyde,CCCCCCCCCCCCC1=CC(=C(C=C1)O)C=O,GGHYSWAOXYBGNK-UHFFFAOYSA-N,aromatic_carbo,,CCCCCCCCCCCCc1ccc(O)c(C=O)c1,c1ccccc1,train,
1543,(Z)-dec-6-enal,CCC/C=C\CCCCC=O,BHAHVSKDYRPNIR-PLNGDYQASA-N,aliphatic,,CCC/C=C\CCCCC=O,__no_ring__CCC/C=C\CCCCC=O,test,
1544,(E)-dec-8-enal,C/C=C/CCCCCCC=O,DGJAEYIZIUUWSJ-NSCUHMNNSA-N,aliphatic,,C/C=C/CCCCCCC=O,__no_ring__C/C=C/CCCCCCC=O,validation,
1545,"2,2-dimethyl-3-(3-methylphenyl)propanal",CC1=CC(=CC=C1)CC(C)(C)C=O,OZGQYEVKWKGACN-UHFFFAOYSA-N,aliphatic,,Cc1cccc(CC(C)(C)C=O)c1,c1ccccc1,train,
1546,(Z)-dec-8-enal,C/C=C\CCCCCCC=O,DGJAEYIZIUUWSJ-IHWYPQMZSA-N,aliphatic,,C/C=C\CCCCCCC=O,__no_ring__C/C=C\CCCCCCC=O,validation,
1547,2-(4-methylidenecyclohexyl)propanal,CC(C=O)C1CCC(=C)CC1,JNRATHVXQNNAQX-UHFFFAOYSA-N,aliphatic,,C=C1CCC(C(C)C=O)CC1,C=C1CCCCC1,train,
1548,"6-hydroxy-2,6-dimethylheptanal",CC(CCCC(C)(C)O)C=O,RZMKWPVZPKIDLU-UHFFFAOYSA-N,aliphatic,,CC(C=O)CCCC(C)(C)O,__no_ring__CC(CCCC(C)(C)O)C=O,validation,
1549,"3-(4,4-dimethylcyclohexen-1-yl)propanal",CC1(CCC(=CC1)CCC=O)C,IHMKWBJKOWYASH-UHFFFAOYSA-N,aliphatic,,CC1(C)CC=C(CCC=O)CC1,C1=CCCCC1,train,
1550,"(6R,7R)-3,5,5,6,7,8,8-heptamethyl-6,7-dihydronaphthalene-2-carbaldehyde",C[C@@H]1[C@H](C(C2=C(C1(C)C)C=C(C(=C2)C=O)C)(C)C)C,ZIASQZKMMDNGSU-CHWSQXEVSA-N,aromatic_carbo,,Cc1cc2c(cc1C=O)C(C)(C)[C@H](C)[C@@H](C)C2(C)C,c1ccc2c(c1)CCCC2,train,
1551,"6-methoxy-2,6-dimethyloctanal",CCC(C)(CCCC(C)C=O)OC,XMLIBBMPASIZBW-UHFFFAOYSA-N,aliphatic,,CCC(C)(CCCC(C)C=O)OC,__no_ring__CCC(C)(CCCC(C)C=O)OC,test,
1552,"(4Z,7Z)-deca-4,7-dienal",CC/C=C\C/C=C\CCC=O,MZLGFRRNMCCNBB-CWWKMNTPSA-N,aliphatic,,CC/C=C\C/C=C\CCC=O,__no_ring__CC/C=C\C/C=C\CCC=O,test,
1553,"2-(8-tricyclo[5.2.1.02,6]decanyl)acetaldehyde",C1CC2C(C1)C3CC2CC3CC=O,BFTAXJRKNXWMMX-UHFFFAOYSA-N,aliphatic,,O=CCC1CC2CC1C1CCCC21,C1CC2C3CCC(C3)C2C1,test,
1554,"(1S,2R,5R)-2,5-dimethylcyclohex-3-ene-1-carbaldehyde",C[C@@H]1C[C@@H]([C@@H](C=C1)C)C=O,HPEDKIIUXMEXNR-DJLDLDEBSA-N,aliphatic,,C[C@@H]1C=C[C@H](C)C[C@@H]1C=O,C1=CCCCC1,train,
1555,4-heptoxy-3-methylbutanal,CCCCCCCOCC(C)CC=O,SUMGKDNQUWFTJW-UHFFFAOYSA-N,aliphatic,,CCCCCCCOCC(C)CC=O,__no_ring__CCCCCCCOCC(C)CC=O,test,
1556,3-[(4R)-4-propan-2-ylcyclohexen-1-yl]propanal,CC(C)[C@@H]1CCC(=CC1)CCC=O,VZZSYXAVGYODQG-LBPRGKRZSA-N,aliphatic,,CC(C)[C@H]1CC=C(CCC=O)CC1,C1=CCCCC1,train,
1557,"9-methyltricyclo[5.2.1.02,6]decane-8-carbaldehyde",CC1C2CC(C1C=O)C3C2CCC3,QAJOFHCKLGLYPO-UHFFFAOYSA-N,aliphatic,,CC1C(C=O)C2CC1C1CCCC21,C1CC2C3CCC(C3)C2C1,test,
1558,"3-(4-hydroxy-3,5-dimethoxyphenyl)propanal",COC1=CC(=CC(=C1O)OC)CCC=O,DPEYEJOFAHQWJI-UHFFFAOYSA-N,aliphatic,,COc1cc(CCC=O)cc(OC)c1O,c1ccccc1,train,
1559,2-(dimethylamino)benzaldehyde,CN(C)C1=CC=CC=C1C=O,DGPBVJWCIDNDPN-UHFFFAOYSA-N,aromatic_carbo,,CN(C)c1ccccc1C=O,c1ccccc1,train,
1560,"4-formylbenzene-1,3-disulfonic acid",C1=CC(=C(C=C1S(=O)(=O)O)S(=O)(=O)O)C=O,PQYVGRGYAZDHFY-UHFFFAOYSA-N,aromatic_carbo,,O=Cc1ccc(S(=O)(=O)O)cc1S(=O)(=O)O,c1ccccc1,train,
1561,"2,2-dimethyl-3-phenylpropanal",CC(C)(CC1=CC=CC=C1)C=O,KYUNECWPKRYPJM-UHFFFAOYSA-N,aliphatic,,CC(C)(C=O)Cc1ccccc1,c1ccccc1,train,
1562,"3-(dimethylamino)-2,2-dimethylpropanal",CC(C)(CN(C)C)C=O,NYUOVICEZDPRBR-UHFFFAOYSA-N,aliphatic,,CN(C)CC(C)(C)C=O,__no_ring__CC(C)(CN(C)C)C=O,test,
1563,2-methyl-2-methylsulfanylpropanal,CC(C)(C=O)SC,DIPLXSBTYRDLGV-UHFFFAOYSA-N,aliphatic,,CSC(C)(C)C=O,__no_ring__CC(C)(C=O)SC,test,
1564,"5,5,7,8,8-pentamethyl-6,7-dihydronaphthalene-2-carbaldehyde",CC1CC(C2=C(C1(C)C)C=C(C=C2)C=O)(C)C,IQAZVEUAPIOTDC-UHFFFAOYSA-N,aromatic_carbo,,CC1CC(C)(C)c2ccc(C=O)cc2C1(C)C,c1ccc2c(c1)CCCC2,train,
1565,4-tert-butylcyclohexane-1-carbaldehyde,CC(C)(C)C1CCC(CC1)C=O,MXGRYXNVQNESIN-UHFFFAOYSA-N,aliphatic,,CC(C)(C)C1CCC(C=O)CC1,C1CCCCC1,train,
1566,2-(4-formylphenoxy)acetic acid,C1=CC(=CC=C1C=O)OCC(=O)O,OYNIIKHNXNPSAG-UHFFFAOYSA-N,aromatic_carbo,,O=Cc1ccc(OCC(=O)O)cc1,c1ccccc1,train,
1567,2-methoxy-5-nitrobenzaldehyde,COC1=C(C=C(C=C1)[N+](=O)[O-])C=O,YWVSKFXYEWMHEO-UHFFFAOYSA-N,aromatic_carbo,nitro,COc1ccc([N+](=O)[O-])cc1C=O,c1ccccc1,train,
1568,3-cyclohex-3-en-1-ylpropanal,C1CC(CC=C1)CCC=O,OXUBYKXQGDQVQR-UHFFFAOYSA-N,aliphatic,,O=CCCC1CC=CCC1,C1=CCCCC1,train,
1569,"2,3,5-trichlorobenzaldehyde",C1=C(C=C(C(=C1C=O)Cl)Cl)Cl,DJYRZTCLVDKWBL-UHFFFAOYSA-N,aromatic_carbo,,O=Cc1cc(Cl)cc(Cl)c1Cl,c1ccccc1,train,
1570,"4,8-dimethylnon-7-enal",CC(CCC=C(C)C)CCC=O,JYZBGRBGMXAFMK-UHFFFAOYSA-N,aliphatic,,CC(C)=CCCC(C)CCC=O,__no_ring__CC(CCC=C(C)C)CCC=O,train,
1571,3-(chloromethyl)-4-methoxybenzaldehyde,COC1=C(C=C(C=C1)C=O)CCl,LNKDOOILNUKDMI-UHFFFAOYSA-N,aromatic_carbo,,COc1ccc(C=O)cc1CCl,c1ccccc1,train,
1572,"2-(2,4-dimethylphenyl)acetaldehyde",CC1=CC(=C(C=C1)CC=O)C,OVRAXHLRVJRNPG-UHFFFAOYSA-N,aliphatic,,Cc1ccc(CC=O)c(C)c1,c1ccccc1,train,
1573,"2,6,6-trimethylbicyclo[3.1.1]heptane-3-carbaldehyde",CC1C(CC2CC1C2(C)C)C=O,VUNCLQCPKWLBRY-UHFFFAOYSA-N,aliphatic,,CC1C(C=O)CC2CC1C2(C)C,C1CC2CC(C1)C2,train,
1574,"2,3,5,5-tetramethylhexanal",CC(CC(C)(C)C)C(C)C=O,COJYJCJUBHUSDJ-UHFFFAOYSA-N,aliphatic,,CC(C=O)C(C)CC(C)(C)C,__no_ring__CC(CC(C)(C)C)C(C)C=O,test,
1575,"3-(1,1,2,2-tetrafluoroethoxy)benzaldehyde",C1=CC(=CC(=C1)OC(C(F)F)(F)F)C=O,LAFOZKQZOGJYKC-UHFFFAOYSA-N,aromatic_carbo,,O=Cc1cccc(OC(F)(F)C(F)F)c1,c1ccccc1,train,
1576,(4-formylphenyl) propanoate,CCC(=O)OC1=CC=C(C=C1)C=O,NKXPJXVTMWLHBC-UHFFFAOYSA-N,aromatic_carbo,,CCC(=O)Oc1ccc(C=O)cc1,c1ccccc1,train,
1577,2-(2-phenylethoxy)acetaldehyde,C1=CC=C(C=C1)CCOCC=O,IPTBGLHPPBSVHE-UHFFFAOYSA-N,aliphatic,,O=CCOCCc1ccccc1,c1ccccc1,train,
1578,"2,2-dimethoxyacetaldehyde",COC(C=O)OC,OGFKTAMJLKHRAZ-UHFFFAOYSA-N,aliphatic,,COC(C=O)OC,__no_ring__COC(C=O)OC,train,
1579,"5,5-dimethoxypentanal",COC(CCCC=O)OC,USXHLNDEUDDSKZ-UHFFFAOYSA-N,aliphatic,,COC(CCCC=O)OC,__no_ring__COC(CCCC=O)OC,validation,
1580,"1-methoxy-3,5,5,8,8-pentamethyl-6,7-dihydronaphthalene-2-carbaldehyde",CC1=CC2=C(C(=C1C=O)OC)C(CCC2(C)C)(C)C,WPUPOYSDTDHCGJ-UHFFFAOYSA-N,aromatic_carbo,,COc1c(C=O)c(C)cc2c1C(C)(C)CCC2(C)C,c1ccc2c(c1)CCCC2,train,
1581,4-(2-methylpropyl)benzaldehyde,CC(C)CC1=CC=C(C=C1)C=O,LXPWGAZYJHUWPM-UHFFFAOYSA-N,aromatic_carbo,,CC(C)Cc1ccc(C=O)cc1,c1ccccc1,train,
1582,(Z)-undec-8-enal,CC/C=C\CCCCCCC=O,DWQXOILNGUCNSH-ARJAWSKDSA-N,aliphatic,,CC/C=C\CCCCCCC=O,__no_ring__CC/C=C\CCCCCCC=O,validation,
1583,3-(2-hydroxyethoxy)benzaldehyde,C1=CC(=CC(=C1)OCCO)C=O,LIUCHRXQRHVSJI-UHFFFAOYSA-N,aromatic_carbo,,O=Cc1cccc(OCCO)c1,c1ccccc1,train,
1584,7-oxoheptyl acetate,CC(=O)OCCCCCCC=O,XQZFZMLSXDDOGF-UHFFFAOYSA-N,aliphatic,,CC(=O)OCCCCCCC=O,__no_ring__CC(=O)OCCCCCCC=O,test,
1585,2-methyl-5-phenylpentanal,CC(CCCC1=CC=CC=C1)C=O,AHSQPFFBBHOZGR-UHFFFAOYSA-N,aliphatic,,CC(C=O)CCCc1ccccc1,c1ccccc1,train,
1586,"2,5,7,7-tetramethyloctanal",CC(CCC(C)C=O)CC(C)(C)C,HZAYXCABCQOHLC-UHFFFAOYSA-N,aliphatic,,CC(C=O)CCC(C)CC(C)(C)C,__no_ring__CC(CCC(C)C=O)CC(C)(C)C,train,
1587,"2,4-dimethylpentanal",CC(C)CC(C)C=O,GPTMCJMLSOIYGU-UHFFFAOYSA-N,aliphatic,,CC(C)CC(C)C=O,__no_ring__CC(C)CC(C)C=O,validation,
1588,"2,3-dimethylbenzaldehyde",CC1=C(C(=CC=C1)C=O)C,UIFVCPMLQXKEEU-UHFFFAOYSA-N,aromatic_carbo,,Cc1cccc(C=O)c1C,c1ccccc1,train,
1589,5-(methoxymethyl)furan-2-carbaldehyde,COCC1=CC=C(O1)C=O,ASHVULSQMDWKFO-UHFFFAOYSA-N,aromatic_hetero,,COCc1ccc(C=O)o1,c1ccoc1,train,
1590,"(2R)-2-[(2R,3R,4R,5R)-2-acetamido-4,5,6-trihydroxy-1-oxohexan-3-yl]oxypropanoic acid",C[C@H](C(=O)O)O[C@H]([C@H](C=O)NC(=O)C)[C@@H]([C@@H](CO)O)O,SOARVSUSWULNDI-TVVSKHENSA-N,aliphatic,,CC(=O)N[C@@H](C=O)[C@@H](O[C@H](C)C(=O)O)[C@H](O)[C@H](O)CO,__no_ring__C[C@H](C(=O)O)O[C@H]([C@H](C=O)NC(=O)C)[C@@H]([C@@H](CO)O)O,validation,
1591,"2-[(1S)-2,2,3-trimethylcyclopent-3-en-1-yl]acetaldehyde",CC1=CC[C@H](C1(C)C)CC=O,OGCGGWYLHSJRFY-VIFPVBQESA-N,aliphatic,,CC1=CC[C@@H](CC=O)C1(C)C,C1=CCCC1,train,
1592,"3-hydroxy-4,5-dimethoxybenzaldehyde",COC1=CC(=CC(=C1OC)O)C=O,NVLTWXMZECWWPC-UHFFFAOYSA-N,aromatic_carbo,,COc1cc(C=O)cc(O)c1OC,c1ccccc1,train,
1593,4-methoxy-1H-indole-3-carbaldehyde,COC1=CC=CC2=C1C(=CN2)C=O,GDVCEQRAPMIJBG-UHFFFAOYSA-N,aromatic_hetero,,COc1cccc2[nH]cc(C=O)c12,c1ccc2[nH]ccc2c1,train,
1594,"3,4-dimethylcyclohex-3-ene-1-carbaldehyde",CC1=C(CC(CC1)C=O)C,NOJNKSAQZMVMFF-UHFFFAOYSA-N,aliphatic,,CC1=C(C)CC(C=O)CC1,C1=CCCCC1,train,
1595,2-(4-formylphenoxy)acetamide,C1=CC(=CC=C1C=O)OCC(=O)N,FLPJVCMIKUWSDR-UHFFFAOYSA-N,aromatic_carbo,,NC(=O)COc1ccc(C=O)cc1,c1ccccc1,train,
1596,"10-formyl-3,9-dihydroxy-4-(hydroxymethyl)-1,7-dimethyl-6-oxobenzo[b][1,4]benzodioxepine-2-carboxylic acid",CC1=CC(=C(C2=C1C(=O)OC3=C(O2)C(=C(C(=C3CO)O)C(=O)O)C)C=O)O,VOXMONAUSQZPTP-UHFFFAOYSA-N,aromatic_carbo,,Cc1cc(O)c(C=O)c2c1C(=O)Oc1c(CO)c(O)c(C(=O)O)c(C)c1O2,O=C1Oc2ccccc2Oc2ccccc21,train,
1597,4-nitro-1H-indole-3-carbaldehyde,C1=CC2=C(C(=C1)[N+](=O)[O-])C(=CN2)C=O,CGXVTWQTGQAMMX-UHFFFAOYSA-N,aromatic_hetero,nitro,O=Cc1c[nH]c2cccc([N+](=O)[O-])c12,c1ccc2[nH]ccc2c1,train,
1598,4-chloro-3-methoxybenzaldehyde,COC1=C(C=CC(=C1)C=O)Cl,BZCOHGUBYSDFET-UHFFFAOYSA-N,aromatic_carbo,,COc1cc(C=O)ccc1Cl,c1ccccc1,train,
1599,"[(2R,3R,4R)-4-formyl-2,3,4-trihydroxy-5-(3,4,5-trihydroxybenzoyl)oxypentyl] 3,4,5-trihydroxybenzoate",C1=C(C=C(C(=C1O)O)O)C(=O)OC[C@H]([C@H]([C@](COC(=O)C2=CC(=C(C(=C2)O)O)O)(C=O)O)O)O,STINYPFJROKCKD-WIBUTAKZSA-N,aliphatic,,O=C[C@@](O)(COC(=O)c1cc(O)c(O)c(O)c1)[C@H](O)[C@H](O)COC(=O)c1cc(O)c(O)c(O)c1,O=C(OCCCCCOC(=O)c1ccccc1)c1ccccc1,validation,
1600,"4-methoxy-3-[(2,4,6-trichlorophenoxy)methyl]benzaldehyde",COC1=C(C=C(C=C1)C=O)COC2=C(C=C(C=C2Cl)Cl)Cl,OUOCMYLFNSTZGI-UHFFFAOYSA-N,aromatic_carbo,,COc1ccc(C=O)cc1COc1c(Cl)cc(Cl)cc1Cl,c1ccc(COc2ccccc2)cc1,train,
1601,"4-methyl-2-piperidin-1-yl-1,3-thiazole-5-carbaldehyde",CC1=C(SC(=N1)N2CCCCC2)C=O,VMRLGMBBXTUOSO-UHFFFAOYSA-N,aromatic_hetero,,Cc1nc(N2CCCCC2)sc1C=O,c1csc(N2CCCCC2)n1,train,
1602,"4-chloro-2-(4-methoxyanilino)-1,3-thiazole-5-carbaldehyde",COC1=CC=C(C=C1)NC2=NC(=C(S2)C=O)Cl,NINIDNJOARBXJV-UHFFFAOYSA-N,aromatic_hetero,,COc1ccc(Nc2nc(Cl)c(C=O)s2)cc1,c1ccc(Nc2nccs2)cc1,train,
1603,3-(4-tert-butylphenoxy)benzaldehyde,CC(C)(C)C1=CC=C(C=C1)OC2=CC=CC(=C2)C=O,YZIHNHLGGMSWAD-UHFFFAOYSA-N,aromatic_carbo,,CC(C)(C)c1ccc(Oc2cccc(C=O)c2)cc1,c1ccc(Oc2ccccc2)cc1,train,
1604,"3-(3,4-dichlorophenoxy)benzaldehyde",C1=CC(=CC(=C1)OC2=CC(=C(C=C2)Cl)Cl)C=O,ABQHJSHFFLAGHF-UHFFFAOYSA-N,aromatic_carbo,,O=Cc1cccc(Oc2ccc(Cl)c(Cl)c2)c1,c1ccc(Oc2ccccc2)cc1,train,
1605,4-[benzyl(ethyl)amino]benzaldehyde,CCN(CC1=CC=CC=C1)C2=CC=C(C=C2)C=O,YVBIDCBDRUUGEA-UHFFFAOYSA-N,aromatic_carbo,,CCN(Cc1ccccc1)c1ccc(C=O)cc1,c1ccc(CNc2ccccc2)cc1,train,
1606,2-(benzenesulfonyl)benzaldehyde,C1=CC=C(C=C1)S(=O)(=O)C2=CC=CC=C2C=O,CWKMIEALBOKDCD-UHFFFAOYSA-N,aromatic_carbo,,O=Cc1ccccc1S(=O)(=O)c1ccccc1,O=S(=O)(c1ccccc1)c1ccccc1,train,
1607,3-(N-ethyl-4-formyl-3-methylanilino)propanenitrile,CCN(CCC#N)C1=CC(=C(C=C1)C=O)C,VTXVKMVZEXXUIC-UHFFFAOYSA-N,aromatic_carbo,,CCN(CCC#N)c1ccc(C=O)c(C)c1,c1ccccc1,train,
1608,3-[N-(2-cyanoethyl)-4-formylanilino]propanenitrile,C1=CC(=CC=C1C=O)N(CCC#N)CCC#N,VWILPRABHZNINB-UHFFFAOYSA-N,aromatic_carbo,,N#CCCN(CCC#N)c1ccc(C=O)cc1,c1ccccc1,train,
1609,3-[2-methyl-4-(2-methylpropyl)phenyl]propanal,CC1=C(C=CC(=C1)CC(C)C)CCC=O,UKZXPOJABTXLMK-UHFFFAOYSA-N,aliphatic,,Cc1cc(CC(C)C)ccc1CCC=O,c1ccccc1,train,
1610,"5,9-dimethyldec-4-enal",CC(C)CCCC(=CCCC=O)C,GUPPEAFTCCFGGC-UHFFFAOYSA-N,aliphatic,,CC(=CCCC=O)CCCC(C)C,__no_ring__CC(C)CCCC(=CCCC=O)C,test,
1611,"9-hydroxy-5,9-dimethyldec-4-enal",CC(=CCCC=O)CCCC(C)(C)O,IVCJGAUQMMORNE-UHFFFAOYSA-N,aliphatic,,CC(=CCCC=O)CCCC(C)(C)O,__no_ring__CC(=CCCC=O)CCCC(C)(C)O,train,
1612,5-(2-formyl-3-hydroxyphenoxy)pentanoic acid,C1=CC(=C(C(=C1)OCCCCC(=O)O)C=O)O,NSUDGNLOXMLAEB-UHFFFAOYSA-N,aromatic_carbo,,O=Cc1c(O)cccc1OCCCCC(=O)O,c1ccccc1,train,
1613,"methyl (1S,12S,13R,14S,15E)-15-ethylidene-13-formyl-3,17-diazapentacyclo[12.3.1.02,10.04,9.012,17]octadeca-2(10),4,6,8-tetraene-13-carboxylate",C/C=C\1/CN2[C@H]3C[C@@H]1[C@@]([C@@H]2CC4=C3NC5=CC=CC=C45)(C=O)C(=O)OC,BRJNQOSDCDNITN-QZQCDTMFSA-N,aliphatic,,C/C=C1/CN2[C@H]3Cc4c([nH]c5ccccc45)[C@@H]2C[C@@H]1[C@@]3(C=O)C(=O)OC,C=C1CN2[C@H]3Cc4c([nH]c5ccccc45)[C@@H]2C[C@@H]1C3,train,
1614,2-hydroxy-2-(1H-indol-3-yl)acetaldehyde,C1=CC=C2C(=C1)C(=CN2)C(C=O)O,XKZDNWMDLGQXML-UHFFFAOYSA-N,aliphatic,,O=CC(O)c1c[nH]c2ccccc12,c1ccc2[nH]ccc2c1,train,
1615,3-[amino-[bis(2-chloroethyl)amino]phosphoryl]oxypropanal,C(COP(=O)(N)N(CCCl)CCCl)C=O,QMGUSPDJTPDFSF-UHFFFAOYSA-N,aliphatic,phosphorus,NP(=O)(OCCC=O)N(CCCl)CCCl,__no_ring__C(COP(=O)(N)N(CCCl)CCCl)C=O,train,
1616,(2S)-2-amino-3-(4-hydroxyphenyl)propanal,C1=CC(=CC=C1C[C@@H](C=O)N)O,DXGAIOIQACHYRK-QMMMGPOBSA-N,aliphatic,,N[C@H](C=O)Cc1ccc(O)cc1,c1ccccc1,train,
1617,(Z)-12-oxododec-9-enoic acid,C(CCC/C=C\CC=O)CCCC(=O)O,KIHXTOVLSZRTHJ-ALCCZGGFSA-N,aliphatic,,O=CC/C=C\CCCCCCCC(=O)O,__no_ring__C(CCC/C=C\CC=O)CCCC(=O)O,test,
1618,1-(4-fluorophenyl)-1-(3-oxopropyl)-3H-2-benzofuran-5-carbonitrile,C1C2=C(C=CC(=C2)C#N)C(O1)(CCC=O)C3=CC=C(C=C3)F,BBYAFETUIKMLSF-UHFFFAOYSA-N,aliphatic,,N#Cc1ccc2c(c1)COC2(CCC=O)c1ccc(F)cc1,c1ccc(C2OCc3ccccc32)cc1,train,
1619,"5-(2,5-dioxo-4-phenylimidazolidin-4-yl)-2-hydroxybenzaldehyde",C1=CC=C(C=C1)C2(C(=O)NC(=O)N2)C3=CC(=C(C=C3)O)C=O,IVKHYRHKQDQYFC-UHFFFAOYSA-N,aromatic_carbo,,O=Cc1cc(C2(c3ccccc3)NC(=O)NC2=O)ccc1O,O=C1NC(=O)C(c2ccccc2)(c2ccccc2)N1,train,
1620,2-hydroxy-2-methylpropanal,CC(C)(C=O)O,HNVAGBIANFAIIL-UHFFFAOYSA-N,aliphatic,,CC(C)(O)C=O,__no_ring__CC(C)(C=O)O,train,
1621,2-amino-3-(1H-imidazol-5-yl)propanal,C1=C(NC=N1)CC(C=O)N,VYOIELONWKIZJS-UHFFFAOYSA-N,aliphatic,,NC(C=O)Cc1cnc[nH]1,c1c[nH]cn1,train,
1622,"[(2R,3S)-2,3-dihydroxy-5-oxopentyl] dihydrogen phosphate",C(C=O)[C@@H]([C@@H](COP(=O)(O)O)O)O,ALQNUOMIEBHXQG-CRCLSJGQSA-N,aliphatic,phosphorus,O=CC[C@H](O)[C@H](O)COP(=O)(O)O,__no_ring__C(C=O)[C@@H]([C@@H](COP(=O)(O)O)O)O,train,
1623,"[(2R,3S,4R,5R)-5-acetamido-2,3,4-trihydroxy-6-oxohexyl] dihydrogen phosphate",CC(=O)N[C@@H](C=O)[C@H]([C@@H]([C@@H](COP(=O)(O)O)O)O)O,QDSLHWJDSQGPEE-LXGUWJNJSA-N,aliphatic,phosphorus,CC(=O)N[C@@H](C=O)[C@@H](O)[C@H](O)[C@H](O)COP(=O)(O)O,__no_ring__CC(=O)N[C@@H](C=O)[C@H]([C@@H]([C@@H](COP(=O)(O)O)O)O)O,train,
1624,"(2S,3R)-2,3,4-trihydroxybutanal",C([C@H]([C@@H](C=O)O)O)O,YTBSYETUWUMLBZ-QWWZWVQMSA-N,aliphatic,,O=C[C@@H](O)[C@H](O)CO,__no_ring__C([C@H]([C@@H](C=O)O)O)O,validation,
1625,"methyl 2-[(2R,3E,12bS)-3-ethylidene-2,4,6,7,12,12b-hexahydro-1H-indolo[2,3-a]quinolizin-2-yl]-3-oxopropanoate",C/C=C\1/CN2CCC3=C([C@@H]2C[C@@H]1C(C=O)C(=O)OC)NC4=CC=CC=C34,AUOFTPXWUVYOOQ-VJBMQPMPSA-N,aliphatic,,C/C=C1/CN2CCc3c([nH]c4ccccc34)[C@@H]2C[C@@H]1C(C=O)C(=O)OC,C=C1CC[C@H]2c3[nH]c4ccccc4c3CCN2C1,test,
1626,"(2R,3S,4S)-2,3,4-trihydroxy-5-methylsulfanylpentanal",CSC[C@H]([C@H]([C@H](C=O)O)O)O,ACWASDPGAVYCNI-JKUQZMGJSA-N,aliphatic,,CSC[C@@H](O)[C@@H](O)[C@@H](O)C=O,__no_ring__CSC[C@H]([C@H]([C@H](C=O)O)O)O,test,
1627,3-amino-4-hydroxybenzaldehyde,C1=CC(=C(C=C1C=O)N)O,LMGGPKYAWHDOLR-UHFFFAOYSA-N,aromatic_carbo,,Nc1cc(C=O)ccc1O,c1ccccc1,train,
1628,(2S)-2-amino-5-[[(2R)-1-(carboxymethylamino)-1-oxo-3-(2-oxoethylsulfanyl)propan-2-yl]amino]-5-oxopentanoic acid,C(CC(=O)N[C@@H](CSCC=O)C(=O)NCC(=O)O)[C@@H](C(=O)O)N,VKLQBAQSSOPXGF-YUMQZZPRSA-N,aliphatic,,N[C@@H](CCC(=O)N[C@@H](CSCC=O)C(=O)NCC(=O)O)C(=O)O,__no_ring__C(CC(=O)N[C@@H](CSCC=O)C(=O)NCC(=O)O)[C@@H](C(=O)O)N,validation,
1629,"2-[(2R,3R,12bS)-3-ethenyl-1,2,3,4,6,7,12,12b-octahydroindolo[2,3-a]quinolizin-2-yl]acetaldehyde",C=C[C@H]1CN2CCC3=C([C@@H]2C[C@@H]1CC=O)NC4=CC=CC=C34,SERYQFDKEYVUFP-DEYYWGMASA-N,aliphatic,,C=C[C@H]1CN2CCc3c([nH]c4ccccc34)[C@@H]2C[C@@H]1CC=O,c1ccc2c3c([nH]c2c1)[C@@H]1CCCCN1CC3,test,
1630,5-oxooctanal,CCCC(=O)CCCC=O,NKKMPIXWEPUSCG-UHFFFAOYSA-N,aliphatic,,CCCC(=O)CCCC=O,__no_ring__CCCC(=O)CCCC=O,validation,
1631,"[(S)-(2-formyl-3,4-dimethoxyphenyl)-[(5R)-4-methoxy-6-methyl-7,8-dihydro-5H-[1,3]dioxolo[4,5-g]isoquinolin-5-yl]methyl] acetate",CC(=O)O[C@H]([C@H]1C2=C(C3=C(C=C2CCN1C)OCO3)OC)C4=C(C(=C(C=C4)OC)OC)C=O,JUUOWVIBIPDOSQ-IRLDBZIGSA-N,aromatic_carbo,,COc1ccc([C@H](OC(C)=O)[C@H]2c3c(cc4c(c3OC)OCO4)CCN2C)c(C=O)c1OC,c1ccc(C[C@@H]2NCCc3cc4c(cc32)OCO4)cc1,test,
1632,"[(2R,3S,4R,5S)-5-acetamido-2,3,4-trihydroxy-6-oxohexyl] dihydrogen phosphate",CC(=O)N[C@H](C=O)[C@H]([C@@H]([C@@H](COP(=O)(O)O)O)O)O,QDSLHWJDSQGPEE-WCTZXXKLSA-N,aliphatic,phosphorus,CC(=O)N[C@H](C=O)[C@@H](O)[C@H](O)[C@H](O)COP(=O)(O)O,__no_ring__CC(=O)N[C@H](C=O)[C@H]([C@@H]([C@@H](COP(=O)(O)O)O)O)O,train,
1633,(2S)-2-amino-5-oxo-5-(4-oxobutylamino)pentanoic acid,C(CC=O)CNC(=O)CC[C@@H](C(=O)O)N,JZNLEPLZUABCSQ-ZETCQYMHSA-N,aliphatic,,N[C@@H](CCC(=O)NCCCC=O)C(=O)O,__no_ring__C(CC=O)CNC(=O)CC[C@@H](C(=O)O)N,test,
1634,"[(S)-(2-formyl-3,4-dimethoxyphenyl)-[(5R)-4-hydroxy-6-methyl-7,8-dihydro-5H-[1,3]dioxolo[4,5-g]isoquinolin-5-yl]methyl] acetate",CC(=O)O[C@H]([C@H]1C2=C(C3=C(C=C2CCN1C)OCO3)O)C4=C(C(=C(C=C4)OC)OC)C=O,XKBBRFAPWMBHPG-KNQAVFIVSA-N,aromatic_carbo,,COc1ccc([C@H](OC(C)=O)[C@H]2c3c(cc4c(c3O)OCO4)CCN2C)c(C=O)c1OC,c1ccc(C[C@@H]2NCCc3cc4c(cc32)OCO4)cc1,test,
1635,"methyl (1S,12S,13R,14R,15E)-15-ethylidene-13-formyl-3,17-diazapentacyclo[12.3.1.02,10.04,9.012,17]octadeca-2(10),4,6,8-tetraene-13-carboxylate",C/C=C\1/CN2[C@H]3C[C@H]1[C@@]([C@@H]2CC4=C3NC5=CC=CC=C45)(C=O)C(=O)OC,BRJNQOSDCDNITN-VDMSZYBVSA-N,aliphatic,,C/C=C1/CN2[C@H]3Cc4c([nH]c5ccccc45)[C@@H]2C[C@H]1[C@@]3(C=O)C(=O)OC,,,
1636,"(2R,3S,4R,5R)-2,3,4,5-tetrahydroxy-6-[(2R,3R,4R,5R,6S)-3,4,5-trihydroxy-6-methyloxan-2-yl]oxyhexanal",C[C@H]1[C@@H]([C@H]([C@H]([C@@H](O1)OC[C@H]([C@H]([C@@H]([C@H](C=O)O)O)O)O)O)O)O,CPYCUQCIDSHOHI-IFLAJBTPSA-N,aliphatic,,C[C@@H]1O[C@@H](OC[C@@H](O)[C@@H](O)[C@H](O)[C@@H](O)C=O)[C@H](O)[C@H](O)[C@H]1O,C1CCOCC1,train,
1637,"(2R)-2,3,4-trihydroxy-3-(hydroxymethyl)butanal",C(C(CO)([C@H](C=O)O)O)O,AVGPOAXYRRIZMM-BYPYZUCNSA-N,aliphatic,,O=C[C@H](O)C(O)(CO)CO,__no_ring__C(C(CO)([C@H](C=O)O)O)O,test,
1638,"4,9-dihydroxy-3-methoxy-1,7-dimethyl-2-(3-methylbut-2-enoyl)-6-oxobenzo[b][1,4]benzodioxepine-10-carbaldehyde",CC1=CC(=C(C2=C1C(=O)OC3=C(O2)C(=C(C(=C3O)OC)C(=O)C=C(C)C)C)C=O)O,RPSLZGPKLQLZGH-UHFFFAOYSA-N,aromatic_carbo,,COc1c(O)c2c(c(C)c1C(=O)C=C(C)C)Oc1c(C=O)c(O)cc(C)c1C(=O)O2,O=C1Oc2ccccc2Oc2ccccc21,train,
1639,"8-chloro-4,9-dihydroxy-3-methoxy-1,7-dimethyl-2-(3-methylbut-2-enoyl)-6-oxobenzo[b][1,4]benzodioxepine-10-carbaldehyde",CC1=C2C(=C(C(=C1Cl)O)C=O)OC3=C(C(=C(C(=C3C)C(=O)C=C(C)C)OC)O)OC2=O,JTGLZOMMRQOKBM-UHFFFAOYSA-N,aromatic_carbo,,COc1c(O)c2c(c(C)c1C(=O)C=C(C)C)Oc1c(C=O)c(O)c(Cl)c(C)c1C(=O)O2,O=C1Oc2ccccc2Oc2ccccc21,train,
1640,"9-chloro-8,13-dihydroxy-2,2,5,10-tetramethyl-4,11-dioxo-3H-chromeno[6,7-b][1,4]benzodioxepine-7-carbaldehyde",CC1=C2C(=O)CC(OC2=C(C3=C1OC4=C(C(=C(C(=C4C(=O)O3)C)Cl)O)C=O)O)(C)C,BUWVABSQGVRXOI-UHFFFAOYSA-N,aromatic_carbo,,Cc1c2c(c(O)c3c1C(=O)CC(C)(C)O3)OC(=O)c1c(C)c(Cl)c(O)c(C=O)c1O2,O=C1CCOc2cc3c(cc21)Oc1ccccc1C(=O)O3,train,
1641,2-bromo-1H-indole-3-carbaldehyde,C1=CC=C2C(=C1)C(=C(N2)Br)C=O,WIRLVLFYTTULCM-UHFFFAOYSA-N,aromatic_hetero,,O=Cc1c(Br)[nH]c2ccccc12,c1ccc2[nH]ccc2c1,train,
1642,"2,9-dihydroxy-4,7-dimethyl-3-(3-methylbut-2-enyl)-6-oxobenzo[b][1,4]benzodioxepine-10-carbaldehyde",CC1=CC(=C(C2=C1C(=O)OC3=C(O2)C=C(C(=C3C)CC=C(C)C)O)C=O)O,FMQCQXQSBWELFR-UHFFFAOYSA-N,aromatic_carbo,,CC(C)=CCc1c(O)cc2c(c1C)OC(=O)c1c(C)cc(O)c(C=O)c1O2,O=C1Oc2ccccc2Oc2ccccc21,train,
1643,"2,6-dihydroxy-9H-carbazole-3-carbaldehyde",C1=CC2=C(C=C1O)C3=C(N2)C=C(C(=C3)C=O)O,RCFXXMDGOAHNQH-UHFFFAOYSA-N,aromatic_carbo,,O=Cc1cc2c(cc1O)[nH]c1ccc(O)cc12,c1ccc2c(c1)[nH]c1ccccc12,train,
1644,"(2'R,3R,4S,4aR,5R,5'S,7R,8R,8aS)-4-(carboxymethyl)-4-formyl-5'-(furan-3-yl)-2',3,5-trihydroxy-7,8a-bis(hydroxymethyl)spiro[1,2,3,5,6,7-hexahydronaphthalene-8,3'-oxolane]-4a-carboxylic acid",C1C[C@@]2([C@@]3(C[C@H](O[C@H]3O)C4=COC=C4)[C@@H](C[C@H]([C@@]2([C@]([C@@H]1O)(CC(=O)O)C=O)C(=O)O)O)CO)CO,DGMXGJQMPUKDQN-VLGBJMDQSA-N,aliphatic,,O=C[C@]1(CC(=O)O)[C@H](O)CC[C@]2(CO)[C@@]3(C[C@@H](c4ccoc4)O[C@H]3O)[C@H](CO)C[C@@H](O)[C@@]21C(=O)O,c1cc([C@@H]2C[C@]3(CCCC4CCCCC43)CO2)co1,validation,
1645,"7-hydroxy-3-[2-hydroxy-4-methoxy-3-(3-methylbut-2-enyl)phenyl]-5-methoxy-3,4-dihydro-2H-chromene-8-carbaldehyde",CC(=CCC1=C(C=CC(=C1O)C2CC3=C(C=C(C(=C3OC2)C=O)O)OC)OC)C,KZQAGRHRFKIERV-UHFFFAOYSA-N,aromatic_carbo,,COc1ccc(C2COc3c(C=O)c(O)cc(OC)c3C2)c(O)c1CC=C(C)C,c1ccc(C2COc3ccccc3C2)cc1,test,
1646,"2,2,3,3,3-pentafluoropropanal",C(=O)C(C(F)(F)F)(F)F,IRPGOXJVTQTAAN-UHFFFAOYSA-N,aliphatic,,O=CC(F)(F)C(F)(F)F,__no_ring__C(=O)C(C(F)(F)F)(F)F,train,
1647,"3-methoxy-4-[3,4,5-trihydroxy-6-(hydroxymethyl)oxan-2-yl]oxybenzaldehyde",COC1=C(C=CC(=C1)C=O)OC2C(C(C(C(O2)CO)O)O)O,LPRNQMUKVDHCFX-UHFFFAOYSA-N,aromatic_carbo,,COc1cc(C=O)ccc1OC1OC(CO)C(O)C(O)C1O,c1ccc(OC2CCCCO2)cc1,train,
1648,4-(4-fluorophenyl)-4-oxobutanal,C1=CC(=CC=C1C(=O)CCC=O)F,IUPCCVUTZAKOGW-UHFFFAOYSA-N,aliphatic,,O=CCCC(=O)c1ccc(F)cc1,c1ccccc1,train,
1649,2-(4-methylcyclohexen-1-yl)propanal,CC1CCC(=CC1)C(C)C=O,SPXGCTAVKRKSKR-UHFFFAOYSA-N,aliphatic,,CC1CC=C(C(C)C=O)CC1,C1=CCCCC1,train,
1650,but-3-ynal,C#CCC=O,OGQNOIVDVXRWRE-UHFFFAOYSA-N,aliphatic,,C#CCC=O,__no_ring__C#CCC=O,train,
1651,"3,3-dimethyl-11H-pyrano[3,2-a]carbazole-5-carbaldehyde",CC1(C=CC2=C(O1)C(=CC3=C2NC4=CC=CC=C43)C=O)C,UBTAPPWQYRWQOH-UHFFFAOYSA-N,aromatic_carbo,,CC1(C)C=Cc2c(c(C=O)cc3c2[nH]c2ccccc23)O1,C1=Cc2c(ccc3c2[nH]c2ccccc23)OC1,train,
1652,methyl 3-formyl-1H-indole-2-sulfinate,COS(=O)C1=C(C2=CC=CC=C2N1)C=O,OWWULYVDNVCJLP-UHFFFAOYSA-N,aromatic_hetero,,COS(=O)c1[nH]c2ccccc2c1C=O,c1ccc2[nH]ccc2c1,train,
1653,"3,4,5-trimethylbenzaldehyde",CC1=CC(=CC(=C1C)C)C=O,SYBPMJLJCUCJGM-UHFFFAOYSA-N,aromatic_carbo,,Cc1cc(C=O)cc(C)c1C,c1ccccc1,train,
1654,1-oxoisochromene-3-carbaldehyde,C1=CC=C2C(=C1)C=C(OC2=O)C=O,ALHVSADYXQWYJH-UHFFFAOYSA-N,aromatic_hetero,,O=Cc1cc2ccccc2c(=O)o1,O=c1occc2ccccc12,train,
1655,"3-methyl-3-(4-methylpent-3-enyl)-11H-pyrano[3,2-a]carbazole-5-carbaldehyde",CC(=CCCC1(C=CC2=C(O1)C(=CC3=C2NC4=CC=CC=C43)C=O)C)C,VEZSSHVWEILOAM-UHFFFAOYSA-N,aromatic_carbo,,CC(C)=CCCC1(C)C=Cc2c(c(C=O)cc3c2[nH]c2ccccc23)O1,C1=Cc2c(ccc3c2[nH]c2ccccc23)OC1,train,
1656,"N-[(2R,3S,4R,5S)-3,4,5,6-tetrahydroxy-1-oxohexan-2-yl]acetamide",CC(=O)N[C@@H](C=O)[C@@H]([C@H]([C@H](CO)O)O)O,MBLBDJOUHNCFQT-XAMCCFCMSA-N,aliphatic,,CC(=O)N[C@@H](C=O)[C@H](O)[C@@H](O)[C@@H](O)CO,__no_ring__CC(=O)N[C@@H](C=O)[C@@H]([C@H]([C@H](CO)O)O)O,train,
1657,"4-[(2S,3R,4R,5S,6R)-3,4,5-trihydroxy-6-(hydroxymethyl)oxan-2-yl]oxybenzaldehyde",C1=CC(=CC=C1C=O)O[C@H]2[C@@H]([C@@H]([C@@H]([C@H](O2)CO)O)O)O,OLZAGZCCJJBKNZ-SYLRKERUSA-N,aromatic_carbo,,O=Cc1ccc(O[C@@H]2O[C@H](CO)[C@@H](O)[C@@H](O)[C@H]2O)cc1,c1ccc(O[C@H]2CCCCO2)cc1,train,
1658,"[(2R,3S,5R)-5-(5-formyl-2,4-dioxopyrimidin-1-yl)-3-hydroxyoxolan-2-yl]methyl dihydrogen phosphate",C1[C@@H]([C@H](O[C@H]1N2C=C(C(=O)NC2=O)C=O)COP(=O)(O)O)O,LVYWYEBCBRVIEG-XLPZGREQSA-N,aromatic_hetero,phosphorus,O=Cc1cn([C@H]2C[C@H](O)[C@@H](COP(=O)(O)O)O2)c(=O)[nH]c1=O,O=c1ccn([C@H]2CCCO2)c(=O)[nH]1,train,
1659,1-benzyl-3-(imidazol-1-ylmethyl)-5-nitroindole-2-carbaldehyde,C1=CC=C(C=C1)CN2C3=C(C=C(C=C3)[N+](=O)[O-])C(=C2C=O)CN4C=CN=C4,QEODFJMVDIPNKP-UHFFFAOYSA-N,aromatic_hetero,nitro,O=Cc1c(Cn2ccnc2)c2cc([N+](=O)[O-])ccc2n1Cc1ccccc1,c1ccc(Cn2cc(Cn3ccnc3)c3ccccc32)cc1,train,
1660,(3S)-4-oxo-3-[[6-[[[4-(quinoxalin-2-ylamino)benzoyl]amino]methyl]pyridine-3-carbonyl]amino]butanoic acid,C1=CC=C2C(=C1)N=CC(=N2)NC3=CC=C(C=C3)C(=O)NCC4=NC=C(C=C4)C(=O)N[C@@H](CC(=O)O)C=O,GOTFAMYWTAZALY-FQEVSTJZSA-N,aliphatic,,O=C[C@H](CC(=O)O)NC(=O)c1ccc(CNC(=O)c2ccc(Nc3cnc4ccccc4n3)cc2)nc1,O=C(NCc1ccccn1)c1ccc(Nc2cnc3ccccc3n2)cc1,train,
1661,5-[[5-[[(2S)-1-carboxy-3-oxopropan-2-yl]carbamoyl]pyrazin-2-yl]methylsulfamoyl]-2-hydroxybenzoic acid,C1=CC(=C(C=C1S(=O)(=O)NCC2=CN=C(C=N2)C(=O)N[C@@H](CC(=O)O)C=O)C(=O)O)O,WZOPGEGZMUAACK-VIFPVBQESA-N,aliphatic,,O=C[C@H](CC(=O)O)NC(=O)c1cnc(CNS(=O)(=O)c2ccc(O)c(C(=O)O)c2)cn1,O=S(=O)(NCc1cnccn1)c1ccccc1,validation,
1662,"4-(2,4-dichloroanilino)-6,7-dimethoxyquinoline-3-carbaldehyde",COC1=C(C=C2C(=C1)C(=C(C=N2)C=O)NC3=C(C=C(C=C3)Cl)Cl)OC,SKRRXMAIMHHNCD-UHFFFAOYSA-N,aromatic_hetero,,COc1cc2ncc(C=O)c(Nc3ccc(Cl)cc3Cl)c2cc1OC,c1ccc(Nc2ccnc3ccccc23)cc1,train,
1663,(3S)-3-[[2-(3-methyl-4-propan-2-ylphenoxy)phenyl]sulfonylamino]-4-oxobutanoic acid,CC1=C(C=CC(=C1)OC2=CC=CC=C2S(=O)(=O)N[C@@H](CC(=O)O)C=O)C(C)C,LYHMKIWUMWSZLE-HNNXBMFYSA-N,aliphatic,,Cc1cc(Oc2ccccc2S(=O)(=O)N[C@H](C=O)CC(=O)O)ccc1C(C)C,c1ccc(Oc2ccccc2)cc1,train,
1664,"2-oxido-4-phenyl-1,2,5-oxadiazol-2-ium-3-carbaldehyde",C1=CC=C(C=C1)C2=NO[N+](=C2C=O)[O-],MNNADPGXJASGIU-UHFFFAOYSA-N,aromatic_hetero,n_oxide,O=Cc1c(-c2ccccc2)no[n+]1[O-],c1ccc(-c2c[nH+]on2)cc1,train,
1665,5-[[5-[[(2S)-1-carboxy-3-oxopropan-2-yl]carbamoyl]pyrimidin-2-yl]methylsulfamoyl]-2-hydroxybenzoic acid,C1=CC(=C(C=C1S(=O)(=O)NCC2=NC=C(C=N2)C(=O)N[C@@H](CC(=O)O)C=O)C(=O)O)O,USLNDGYXFRVAEJ-JTQLQIEISA-N,aliphatic,,O=C[C@H](CC(=O)O)NC(=O)c1cnc(CNS(=O)(=O)c2ccc(O)c(C(=O)O)c2)nc1,O=S(=O)(NCc1ncccn1)c1ccccc1,test,
1666,4-[[4-formyl-2-(3-methoxyphenyl)phenyl]methoxy-(3-methylimidazol-4-yl)methyl]benzonitrile,CN1C=NC=C1C(C2=CC=C(C=C2)C#N)OCC3=C(C=C(C=C3)C=O)C4=CC(=CC=C4)OC,OBUCNJQMVYNQBD-UHFFFAOYSA-N,aromatic_carbo,,COc1cccc(-c2cc(C=O)ccc2COC(c2ccc(C#N)cc2)c2cncn2C)c1,c1ccc(-c2ccccc2COC(c2ccccc2)c2cnc[nH]2)cc1,train,
1667,"2-[2-(2,3,4-trifluorophenyl)phenoxy]acetaldehyde",C1=CC=C(C(=C1)C2=C(C(=C(C=C2)F)F)F)OCC=O,SHBOZVYTDQJORM-UHFFFAOYSA-N,aliphatic,,O=CCOc1ccccc1-c1ccc(F)c(F)c1F,c1ccc(-c2ccccc2)cc1,train,
1668,"2-[2-[2,3-difluoro-4-(2-methylpropyl)phenyl]phenoxy]acetaldehyde",CC(C)CC1=C(C(=C(C=C1)C2=CC=CC=C2OCC=O)F)F,DKFPXJJEONKADI-UHFFFAOYSA-N,aliphatic,,CC(C)Cc1ccc(-c2ccccc2OCC=O)c(F)c1F,c1ccc(-c2ccccc2)cc1,train,
1669,"2-[2-(2,3-difluoro-4-propylphenyl)phenoxy]acetaldehyde",CCCC1=C(C(=C(C=C1)C2=CC=CC=C2OCC=O)F)F,WMMHHGWEKUWSLN-UHFFFAOYSA-N,aliphatic,,CCCc1ccc(-c2ccccc2OCC=O)c(F)c1F,c1ccc(-c2ccccc2)cc1,train,
1670,5-[5-[[(2S)-1-carboxy-3-oxopropan-2-yl]carbamoyl]octylsulfamoyl]-2-hydroxybenzoic acid,CCCC(CCCCNS(=O)(=O)C1=CC(=C(C=C1)O)C(=O)O)C(=O)N[C@@H](CC(=O)O)C=O,JKGLLROZZOXBOO-KZUDCZAMSA-N,aliphatic,,CCCC(CCCCNS(=O)(=O)c1ccc(O)c(C(=O)O)c1)C(=O)N[C@H](C=O)CC(=O)O,c1ccccc1,train,
1671,5-[[5-[[(2S)-1-carboxy-3-oxopropan-2-yl]carbamoyl]-6-methylheptyl]sulfamoyl]-2-hydroxybenzoic acid,CC(C)C(CCCCNS(=O)(=O)C1=CC(=C(C=C1)O)C(=O)O)C(=O)N[C@@H](CC(=O)O)C=O,OUPLZEATDHGVRD-CFMCSPIPSA-N,aliphatic,,CC(C)C(CCCCNS(=O)(=O)c1ccc(O)c(C(=O)O)c1)C(=O)N[C@H](C=O)CC(=O)O,c1ccccc1,train,
1672,5-[[5-[[(2S)-1-carboxy-3-oxopropan-2-yl]carbamoyl]-7-methyloctyl]sulfamoyl]-2-hydroxybenzoic acid,CC(C)CC(CCCCNS(=O)(=O)C1=CC(=C(C=C1)O)C(=O)O)C(=O)N[C@@H](CC(=O)O)C=O,WUXRERCPLYVVGX-LOACHALJSA-N,aliphatic,,CC(C)CC(CCCCNS(=O)(=O)c1ccc(O)c(C(=O)O)c1)C(=O)N[C@H](C=O)CC(=O)O,c1ccccc1,train,
1673,5-[[6-[[(2S)-1-carboxy-3-oxopropan-2-yl]amino]-6-oxo-5-phenylhexyl]carbamoyl]-2-hydroxybenzoic acid,C1=CC=C(C=C1)C(CCCCNC(=O)C2=CC(=C(C=C2)O)C(=O)O)C(=O)N[C@@H](CC(=O)O)C=O,JSVOUHNVRPMUNH-ZENAZSQFSA-N,aliphatic,,O=C[C@H](CC(=O)O)NC(=O)C(CCCCNC(=O)c1ccc(O)c(C(=O)O)c1)c1ccccc1,O=C(NCCCCCc1ccccc1)c1ccccc1,train,
1674,(3S)-3-[[2-(4-butan-2-ylphenoxy)phenyl]sulfonylamino]-4-oxobutanoic acid,CCC(C)C1=CC=C(C=C1)OC2=CC=CC=C2S(=O)(=O)N[C@@H](CC(=O)O)C=O,UNMXZMXSKXKBNS-WMCAAGNKSA-N,aliphatic,,CCC(C)c1ccc(Oc2ccccc2S(=O)(=O)N[C@H](C=O)CC(=O)O)cc1,c1ccc(Oc2ccccc2)cc1,train,
1675,1-(5-chloro-4-formyl-2-methoxyphenyl)-3-(5-cyanopyrazin-2-yl)urea,COC1=C(C=C(C(=C1)C=O)Cl)NC(=O)NC2=NC=C(N=C2)C#N,YTIZDTKSGSSUMG-UHFFFAOYSA-N,aromatic_carbo,,COc1cc(C=O)c(Cl)cc1NC(=O)Nc1cnc(C#N)cn1,O=C(Nc1ccccc1)Nc1cnccn1,test,
1676,1-(5-cyanopyrazin-2-yl)-3-(4-formyl-2-methoxyphenyl)urea,COC1=C(C=CC(=C1)C=O)NC(=O)NC2=NC=C(N=C2)C#N,CDGIKPAPLWNDJU-UHFFFAOYSA-N,aromatic_carbo,,COc1cc(C=O)ccc1NC(=O)Nc1cnc(C#N)cn1,O=C(Nc1ccccc1)Nc1cnccn1,test,
1677,"4-[(2S,3R,4R,5R)-3,4,5-trihydroxyoxan-2-yl]oxybenzaldehyde",C1[C@H]([C@H]([C@H]([C@@H](O1)OC2=CC=C(C=C2)C=O)O)O)O,QGBRWWHJQCFYEI-KKOKHZNYSA-N,aromatic_carbo,,O=Cc1ccc(O[C@@H]2OC[C@@H](O)[C@@H](O)[C@H]2O)cc1,c1ccc(O[C@H]2CCCCO2)cc1,train,
1678,N-[(2S)-3-methyl-1-[[(2S)-4-methyl-1-oxopentan-2-yl]amino]-1-oxobutan-2-yl]furan-2-carboxamide,CC(C)C[C@@H](C=O)NC(=O)[C@H](C(C)C)NC(=O)C1=CC=CO1,SQKZQMJLTVCJCU-JSGCOSHPSA-N,aliphatic,,CC(C)C[C@@H](C=O)NC(=O)[C@@H](NC(=O)c1ccco1)C(C)C,c1ccoc1,train,
1679,N-[(2S)-3-methyl-1-[[(2S)-4-methyl-1-oxopentan-2-yl]amino]-1-oxobutan-2-yl]thiophene-2-carboxamide,CC(C)C[C@@H](C=O)NC(=O)[C@H](C(C)C)NC(=O)C1=CC=CS1,KAWBOPKLHZHXET-JSGCOSHPSA-N,aliphatic,,CC(C)C[C@@H](C=O)NC(=O)[C@@H](NC(=O)c1cccs1)C(C)C,c1ccsc1,train,
1680,N-[(2S)-3-methyl-1-[[(2S)-4-methyl-1-oxopentan-2-yl]amino]-1-oxobutan-2-yl]-1H-pyrrole-2-carboxamide,CC(C)C[C@@H](C=O)NC(=O)[C@H](C(C)C)NC(=O)C1=CC=CN1,QQXHCWVASSFMJS-JSGCOSHPSA-N,aliphatic,,CC(C)C[C@@H](C=O)NC(=O)[C@@H](NC(=O)c1ccc[nH]1)C(C)C,c1cc[nH]c1,train,
1681,5-methyl-N-[(2S)-3-methyl-1-[[(2S)-4-methyl-1-oxopentan-2-yl]amino]-1-oxobutan-2-yl]-1H-pyrrole-2-carboxamide,CC1=CC=C(N1)C(=O)N[C@@H](C(C)C)C(=O)N[C@@H](CC(C)C)C=O,KGATUYHLXBXDBX-ZFWWWQNUSA-N,aliphatic,,Cc1ccc(C(=O)N[C@H](C(=O)N[C@H](C=O)CC(C)C)C(C)C)[nH]1,c1cc[nH]c1,train,
1682,methyl 5-[[(2S)-3-methyl-1-[[(2S)-4-methyl-1-oxopentan-2-yl]amino]-1-oxobutan-2-yl]carbamoyl]-1H-pyrrole-2-carboxylate,CC(C)C[C@@H](C=O)NC(=O)[C@H](C(C)C)NC(=O)C1=CC=C(N1)C(=O)OC,OHADBCSEOORETK-WFASDCNBSA-N,aliphatic,,COC(=O)c1ccc(C(=O)N[C@H](C(=O)N[C@H](C=O)CC(C)C)C(C)C)[nH]1,c1cc[nH]c1,train,
1683,N-[1-(3-amino-3-oxopropyl)-5-[benzoyl(methyl)amino]benzimidazol-2-yl]-5-formylthiophene-2-carboxamide,CN(C1=CC2=C(C=C1)N(C(=N2)NC(=O)C3=CC=C(S3)C=O)CCC(=O)N)C(=O)C4=CC=CC=C4,KARRXYMCFAILBZ-UHFFFAOYSA-N,aromatic_hetero,,CN(C(=O)c1ccccc1)c1ccc2c(c1)nc(NC(=O)c1ccc(C=O)s1)n2CCC(N)=O,O=C(Nc1ccc2[nH]c(NC(=O)c3cccs3)nc2c1)c1ccccc1,validation,
1684,[(2S)-1-phenylpropan-2-yl] N-[(2S)-1-oxohexan-2-yl]carbamate,CCCC[C@@H](C=O)NC(=O)O[C@@H](C)CC1=CC=CC=C1,WNKGMQLRHKONID-ZFWWWQNUSA-N,aliphatic,,CCCC[C@@H](C=O)NC(=O)O[C@@H](C)Cc1ccccc1,c1ccccc1,train,
1685,(2S)-2-[[(E)-3-[4-(dimethylamino)phenyl]prop-2-enoyl]amino]-N-[(2S)-1-oxo-3-[(3S)-2-oxopyrrolidin-3-yl]propan-2-yl]-3-phenylpropanamide,CN(C)C1=CC=C(C=C1)/C=C/C(=O)N[C@@H](CC2=CC=CC=C2)C(=O)N[C@@H](C[C@@H]3CCNC3=O)C=O,RQJRDCFIIZZHMK-XNUWVNOVSA-N,aliphatic,,CN(C)c1ccc(/C=C/C(=O)N[C@@H](Cc2ccccc2)C(=O)N[C@H](C=O)C[C@@H]2CCNC2=O)cc1,O=C(/C=C/c1ccccc1)N[C@@H](Cc1ccccc1)C(=O)NCC[C@@H]1CCNC1=O,validation,
1686,4-[(6-chloro-5-formyl-2-methylsulfanylpyrimidin-4-yl)amino]benzenesulfonamide,CSC1=NC(=C(C(=N1)Cl)C=O)NC2=CC=C(C=C2)S(=O)(=O)N,KJYFMIWARJDIAU-UHFFFAOYSA-N,aromatic_hetero,,CSc1nc(Cl)c(C=O)c(Nc2ccc(S(N)(=O)=O)cc2)n1,c1ccc(Nc2ccncn2)cc1,train,
1687,"2,4-diamino-6-(3-formylphenyl)-7H-pyrrolo[2,3-d]pyrimidine-5-carbonitrile",C1=CC(=CC(=C1)C2=C(C3=C(N=C(N=C3N2)N)N)C#N)C=O,GUABVUFADFGUJA-UHFFFAOYSA-N,aromatic_carbo,,N#Cc1c(-c2cccc(C=O)c2)[nH]c2nc(N)nc(N)c12,c1ccc(-c2cc3cncnc3[nH]2)cc1,validation,
1688,"2-amino-6-(3-formylphenyl)-4-pyrrolidin-1-yl-7H-pyrrolo[2,3-d]pyrimidine-5-carbonitrile",C1CCN(C1)C2=NC(=NC3=C2C(=C(N3)C4=CC=CC(=C4)C=O)C#N)N,YJUYKLYWYFTFQN-UHFFFAOYSA-N,aromatic_carbo,,N#Cc1c(-c2cccc(C=O)c2)[nH]c2nc(N)nc(N3CCCC3)c12,c1ccc(-c2cc3c(N4CCCC4)ncnc3[nH]2)cc1,train,
1689,"N-[(2S)-3-(4-fluorophenyl)-1-oxo-1-[[(2S)-1-oxo-3-[(3S)-2-oxopiperidin-3-yl]propan-2-yl]amino]propan-2-yl]-5-methyl-1,2-oxazole-3-carboxamide",CC1=CC(=NO1)C(=O)N[C@@H](CC2=CC=C(C=C2)F)C(=O)N[C@@H](C[C@@H]3CCCNC3=O)C=O,WADSSBASHJFVSS-SZMVWBNQSA-N,aliphatic,,Cc1cc(C(=O)N[C@@H](Cc2ccc(F)cc2)C(=O)N[C@H](C=O)C[C@@H]2CCCNC2=O)no1,O=C(N[C@@H](Cc1ccccc1)C(=O)NCC[C@@H]1CCCNC1=O)c1ccon1,test,
1690,(2S)-4-methyl-N-[(2S)-1-oxo-3-[(3S)-2-oxopiperidin-3-yl]propan-2-yl]-2-[[(E)-3-phenylprop-2-enoyl]amino]pentanamide,CC(C)C[C@@H](C(=O)N[C@@H](C[C@@H]1CCCNC1=O)C=O)NC(=O)/C=C/C2=CC=CC=C2,PGSZEJLOKWOQSW-VRXHGMAYSA-N,aliphatic,,CC(C)C[C@H](NC(=O)/C=C/c1ccccc1)C(=O)N[C@H](C=O)C[C@@H]1CCCNC1=O,O=C(/C=C/c1ccccc1)NCC(=O)NCC[C@@H]1CCCNC1=O,test,
1691,"2-[[7-[(2R,3R,4S,5R)-5-[(R)-(4-chlorophenyl)-hydroxymethyl]-3,4-dihydroxyoxolan-2-yl]pyrrolo[2,3-d]pyrimidin-4-yl]amino]acetaldehyde",C1=CC(=CC=C1[C@H]([C@@H]2[C@H]([C@H]([C@@H](O2)N3C=CC4=C(N=CN=C43)NCC=O)O)O)O)Cl,XDGPGIJAAMLWOB-PPLBCVRQSA-N,aliphatic,,O=CCNc1ncnc2c1ccn2[C@@H]1O[C@H]([C@H](O)c2ccc(Cl)cc2)[C@@H](O)[C@H]1O,c1ccc(C[C@@H]2CC[C@H](n3ccc4cncnc43)O2)cc1,train,
1692,(2S)-4-methyl-N-[(2S)-1-oxo-3-[(3S)-2-oxopyrrolidin-3-yl]propan-2-yl]-2-[[(E)-3-phenylprop-2-enoyl]amino]pentanamide,CC(C)C[C@@H](C(=O)N[C@@H](C[C@@H]1CCNC1=O)C=O)NC(=O)/C=C/C2=CC=CC=C2,WLXCENLBBWQJML-MRUBZEKTSA-N,aliphatic,,CC(C)C[C@H](NC(=O)/C=C/c1ccccc1)C(=O)N[C@H](C=O)C[C@@H]1CCNC1=O,O=C(/C=C/c1ccccc1)NCC(=O)NCC[C@@H]1CCNC1=O,test,
1693,"benzyl (3S,3aS,6aR)-3-[[(2S)-1-oxo-3-[(3S)-2-oxopyrrolidin-3-yl]propan-2-yl]carbamoyl]-3,3a,4,5,6,6a-hexahydro-1H-cyclopenta[c]pyrrole-2-carboxylate",C1C[C@H]2CN([C@@H]([C@H]2C1)C(=O)N[C@@H](C[C@@H]3CCNC3=O)C=O)C(=O)OCC4=CC=CC=C4,XXWDDQJFYNJUCB-HVTWWXFQSA-N,aliphatic,,O=C[C@H](C[C@@H]1CCNC1=O)NC(=O)[C@@H]1[C@H]2CCC[C@H]2CN1C(=O)OCc1ccccc1,O=C1NCC[C@H]1CCNC(=O)[C@@H]1[C@H]2CCC[C@H]2CN1C(=O)OCc1ccccc1,test,
1694,"benzyl (1R,2S,5S)-6,6-dimethyl-2-[[(2S)-1-oxo-3-[(3S)-2-oxopyrrolidin-3-yl]propan-2-yl]carbamoyl]-3-azabicyclo[3.1.0]hexane-3-carboxylate",CC1([C@@H]2[C@H]1[C@H](N(C2)C(=O)OCC3=CC=CC=C3)C(=O)N[C@@H](C[C@@H]4CCNC4=O)C=O)C,YVCYGQVRUNWVOI-VMXHOPILSA-N,aliphatic,,CC1(C)[C@@H]2[C@@H](C(=O)N[C@H](C=O)C[C@@H]3CCNC3=O)N(C(=O)OCc3ccccc3)C[C@@H]21,O=C1NCC[C@H]1CCNC(=O)[C@@H]1[C@H]2C[C@H]2CN1C(=O)OCc1ccccc1,train,
1695,5-fluoro-N-[(2S)-1-oxo-1-[[(2S)-1-oxo-3-(2-oxopyrrolidin-3-yl)propan-2-yl]amino]-3-phenylpropan-2-yl]-1H-indole-2-carboxamide,C1CNC(=O)C1C[C@@H](C=O)NC(=O)[C@H](CC2=CC=CC=C2)NC(=O)C3=CC4=C(N3)C=CC(=C4)F,WWAZVLVSGQAIIE-BPWGJPQNSA-N,aliphatic,,O=C[C@H](CC1CCNC1=O)NC(=O)[C@H](Cc1ccccc1)NC(=O)c1cc2cc(F)ccc2[nH]1,O=C(N[C@@H](Cc1ccccc1)C(=O)NCCC1CCNC1=O)c1cc2ccccc2[nH]1,train,
1696,(2S)-N-[(2S)-1-oxo-3-[(3S)-2-oxopiperidin-3-yl]propan-2-yl]-2-[[(E)-3-phenylprop-2-enoyl]amino]hexanamide,CCCC[C@@H](C(=O)N[C@@H](C[C@@H]1CCCNC1=O)C=O)NC(=O)/C=C/C2=CC=CC=C2,MBIWELOVLSUPFE-GITLDSMSSA-N,aliphatic,,CCCC[C@H](NC(=O)/C=C/c1ccccc1)C(=O)N[C@H](C=O)C[C@@H]1CCCNC1=O,O=C(/C=C/c1ccccc1)NCC(=O)NCC[C@@H]1CCCNC1=O,test,
1697,(2S)-N-[(2S)-1-oxo-3-[(3S)-2-oxopyrrolidin-3-yl]propan-2-yl]-2-[[(E)-3-phenylprop-2-enoyl]amino]hexanamide,CCCC[C@@H](C(=O)N[C@@H](C[C@@H]1CCNC1=O)C=O)NC(=O)/C=C/C2=CC=CC=C2,GJOOPPJNXSQMMK-BMBPZZTMSA-N,aliphatic,,CCCC[C@H](NC(=O)/C=C/c1ccccc1)C(=O)N[C@H](C=O)C[C@@H]1CCNC1=O,O=C(/C=C/c1ccccc1)NCC(=O)NCC[C@@H]1CCNC1=O,test,
1698,"(2R)-3-[3-(3-fluorophenyl)propanoyl]-6,6-dimethyl-N-[(2S)-1-oxo-3-[(3S)-2-oxopyrrolidin-3-yl]propan-2-yl]-3-azabicyclo[3.1.0]hexane-2-carboxamide",CC1(C2C1[C@@H](N(C2)C(=O)CCC3=CC(=CC=C3)F)C(=O)N[C@@H](C[C@@H]4CCNC4=O)C=O)C,PTPKDVBJZQYYAA-APQHSKLGSA-N,aliphatic,,CC1(C)C2CN(C(=O)CCc3cccc(F)c3)[C@@H](C(=O)N[C@H](C=O)C[C@@H]3CCNC3=O)C21,O=C1NCC[C@H]1CCNC(=O)[C@H]1C2CC2CN1C(=O)CCc1ccccc1,validation,
1699,"(2R)-3-[2-(3,5-difluorophenoxy)acetyl]-6,6-dimethyl-N-[(2S)-1-oxo-3-[(3S)-2-oxopyrrolidin-3-yl]propan-2-yl]-3-azabicyclo[3.1.0]hexane-2-carboxamide",CC1(C2C1[C@@H](N(C2)C(=O)COC3=CC(=CC(=C3)F)F)C(=O)N[C@@H](C[C@@H]4CCNC4=O)C=O)C,XEPIMNAFLOXIEZ-APKUBHKFSA-N,aliphatic,,CC1(C)C2CN(C(=O)COc3cc(F)cc(F)c3)[C@@H](C(=O)N[C@H](C=O)C[C@@H]3CCNC3=O)C21,O=C1NCC[C@H]1CCNC(=O)[C@H]1C2CC2CN1C(=O)COc1ccccc1,train,
1700,"(2R)-3-[2-(3,4-difluorophenoxy)acetyl]-6,6-dimethyl-N-[(2S)-1-oxo-3-[(3S)-2-oxopyrrolidin-3-yl]propan-2-yl]-3-azabicyclo[3.1.0]hexane-2-carboxamide",CC1(C2C1[C@@H](N(C2)C(=O)COC3=CC(=C(C=C3)F)F)C(=O)N[C@@H](C[C@@H]4CCNC4=O)C=O)C,YAZLWQBKWOGOIO-XHMNWDEZSA-N,aliphatic,,CC1(C)C2CN(C(=O)COc3ccc(F)c(F)c3)[C@@H](C(=O)N[C@H](C=O)C[C@@H]3CCNC3=O)C21,O=C1NCC[C@H]1CCNC(=O)[C@H]1C2CC2CN1C(=O)COc1ccccc1,train,
1701,"(2R)-6,6-dimethyl-N-[(2S)-1-oxo-3-[(3S)-2-oxopyrrolidin-3-yl]propan-2-yl]-3-[2-[3-(trifluoromethyl)phenoxy]acetyl]-3-azabicyclo[3.1.0]hexane-2-carboxamide",CC1(C2C1[C@@H](N(C2)C(=O)COC3=CC=CC(=C3)C(F)(F)F)C(=O)N[C@@H](C[C@@H]4CCNC4=O)C=O)C,WWTGAXOPYHRLCU-KEDSGRIDSA-N,aliphatic,,CC1(C)C2CN(C(=O)COc3cccc(C(F)(F)F)c3)[C@@H](C(=O)N[C@H](C=O)C[C@@H]3CCNC3=O)C21,O=C1NCC[C@H]1CCNC(=O)[C@H]1C2CC2CN1C(=O)COc1ccccc1,train,
1702,"(2R)-3-[2-(3-fluoro-4-methoxyphenoxy)acetyl]-6,6-dimethyl-N-[(2S)-1-oxo-3-[(3S)-2-oxopyrrolidin-3-yl]propan-2-yl]-3-azabicyclo[3.1.0]hexane-2-carboxamide",CC1(C2C1[C@@H](N(C2)C(=O)COC3=CC(=C(C=C3)OC)F)C(=O)N[C@@H](C[C@@H]4CCNC4=O)C=O)C,ITLIZQKXLAJTCO-QYGSUQHWSA-N,aliphatic,,COc1ccc(OCC(=O)N2CC3C([C@@H]2C(=O)N[C@H](C=O)C[C@@H]2CCNC2=O)C3(C)C)cc1F,O=C1NCC[C@H]1CCNC(=O)[C@H]1C2CC2CN1C(=O)COc1ccccc1,train,
1703,"(3R)-2-[3-(3-fluorophenyl)propanoyl]-N-[(2S)-1-oxo-3-[(3S)-2-oxopyrrolidin-3-yl]propan-2-yl]-3,3a,4,5,6,6a-hexahydro-1H-cyclopenta[c]pyrrole-3-carboxamide",C1CC2CN([C@H](C2C1)C(=O)N[C@@H](C[C@@H]3CCNC3=O)C=O)C(=O)CCC4=CC(=CC=C4)F,FIOKKXQKMFIASF-BOWKIEJJSA-N,aliphatic,,O=C[C@H](C[C@@H]1CCNC1=O)NC(=O)[C@H]1C2CCCC2CN1C(=O)CCc1cccc(F)c1,O=C1NCC[C@H]1CCNC(=O)[C@H]1C2CCCC2CN1C(=O)CCc1ccccc1,test,
1704,"(3R)-2-[3-(3,4-difluorophenyl)propanoyl]-N-[(2S)-1-oxo-3-[(3S)-2-oxopyrrolidin-3-yl]propan-2-yl]-3,3a,4,5,6,6a-hexahydro-1H-cyclopenta[c]pyrrole-3-carboxamide",C1CC2CN([C@H](C2C1)C(=O)N[C@@H](C[C@@H]3CCNC3=O)C=O)C(=O)CCC4=CC(=C(C=C4)F)F,CYRUHAHDZRPFIU-JHURZTRMSA-N,aliphatic,,O=C[C@H](C[C@@H]1CCNC1=O)NC(=O)[C@H]1C2CCCC2CN1C(=O)CCc1ccc(F)c(F)c1,O=C1NCC[C@H]1CCNC(=O)[C@H]1C2CCCC2CN1C(=O)CCc1ccccc1,test,
1705,"(3R)-2-[3-(3,5-difluorophenyl)propanoyl]-N-[(2S)-1-oxo-3-[(3S)-2-oxopyrrolidin-3-yl]propan-2-yl]-3,3a,4,5,6,6a-hexahydro-1H-cyclopenta[c]pyrrole-3-carboxamide",C1CC2CN([C@H](C2C1)C(=O)N[C@@H](C[C@@H]3CCNC3=O)C=O)C(=O)CCC4=CC(=CC(=C4)F)F,ZUAZJPLYYVHKFN-KIONQJINSA-N,aliphatic,,O=C[C@H](C[C@@H]1CCNC1=O)NC(=O)[C@H]1C2CCCC2CN1C(=O)CCc1cc(F)cc(F)c1,O=C1NCC[C@H]1CCNC(=O)[C@H]1C2CCCC2CN1C(=O)CCc1ccccc1,test,
1706,"(3R)-2-[2-(4-chloro-2-fluorophenoxy)acetyl]-N-[(2S)-1-oxo-3-[(3S)-2-oxopyrrolidin-3-yl]propan-2-yl]-3,3a,4,5,6,6a-hexahydro-1H-cyclopenta[c]pyrrole-3-carboxamide",C1CC2CN([C@H](C2C1)C(=O)N[C@@H](C[C@@H]3CCNC3=O)C=O)C(=O)COC4=C(C=C(C=C4)Cl)F,QRFWUTDNKUVKKL-ZNNOGEEPSA-N,aliphatic,,O=C[C@H](C[C@@H]1CCNC1=O)NC(=O)[C@H]1C2CCCC2CN1C(=O)COc1ccc(Cl)cc1F,O=C1NCC[C@H]1CCNC(=O)[C@H]1C2CCCC2CN1C(=O)COc1ccccc1,validation,
1707,methyl 3-chloro-5-[1-(3-chloro-4-methoxy-5-methoxycarbonylphenyl)-6-oxohex-1-enyl]-2-methoxybenzoate,COC1=C(C=C(C=C1Cl)C(=CCCCC=O)C2=CC(=C(C(=C2)Cl)OC)C(=O)OC)C(=O)OC,AMHXOMTWYGECAQ-UHFFFAOYSA-N,aliphatic,,COC(=O)c1cc(C(=CCCCC=O)c2cc(Cl)c(OC)c(C(=O)OC)c2)cc(Cl)c1OC,C=C(c1ccccc1)c1ccccc1,train,
1708,N-[(2S)-1-oxo-3-phenylpropan-2-yl]benzamide,C1=CC=C(C=C1)C[C@@H](C=O)NC(=O)C2=CC=CC=C2,HIVDFHSZNYCJQH-HNNXBMFYSA-N,aliphatic,,O=C[C@H](Cc1ccccc1)NC(=O)c1ccccc1,O=C(NCCc1ccccc1)c1ccccc1,train,
1709,(3S)-3-[(5-bromopyridine-3-carbonyl)amino]-4-oxobutanoic acid,C1=C(C=NC=C1Br)C(=O)N[C@@H](CC(=O)O)C=O,FBMPVEGAIMRCBG-QMMMGPOBSA-N,aliphatic,,O=C[C@H](CC(=O)O)NC(=O)c1cncc(Br)c1,c1ccncc1,train,
1710,5-[[4-[[(2S)-1-carboxy-3-oxopropan-2-yl]carbamoyl]thiophen-2-yl]methylsulfamoyl]-2-hydroxybenzoic acid,C1=CC(=C(C=C1S(=O)(=O)NCC2=CC(=CS2)C(=O)N[C@@H](CC(=O)O)C=O)C(=O)O)O,XXUAWKHXQZNZAZ-JTQLQIEISA-N,aliphatic,,O=C[C@H](CC(=O)O)NC(=O)c1csc(CNS(=O)(=O)c2ccc(O)c(C(=O)O)c2)c1,O=S(=O)(NCc1cccs1)c1ccccc1,train,
1711,5-[[5-[[(2S)-1-carboxy-3-oxopropan-2-yl]carbamoyl]thiophen-3-yl]methylsulfamoyl]-2-hydroxybenzoic acid,C1=CC(=C(C=C1S(=O)(=O)NCC2=CSC(=C2)C(=O)N[C@@H](CC(=O)O)C=O)C(=O)O)O,XTYAXJSXJWVVFZ-JTQLQIEISA-N,aliphatic,,O=C[C@H](CC(=O)O)NC(=O)c1cc(CNS(=O)(=O)c2ccc(O)c(C(=O)O)c2)cs1,O=S(=O)(NCc1ccsc1)c1ccccc1,test,
1712,5-[[6-[[(2S)-1-carboxy-3-oxopropan-2-yl]amino]-6-oxohexyl]sulfamoyl]-2-hydroxybenzoic acid,C1=CC(=C(C=C1S(=O)(=O)NCCCCCC(=O)N[C@@H](CC(=O)O)C=O)C(=O)O)O,PLGQJIHCXVKCOL-NSHDSACASA-N,aliphatic,,O=C[C@H](CC(=O)O)NC(=O)CCCCCNS(=O)(=O)c1ccc(O)c(C(=O)O)c1,c1ccccc1,train,
1713,(3S)-3-[[6-(benzenesulfonamidomethyl)pyridine-3-carbonyl]amino]-4-oxobutanoic acid,C1=CC=C(C=C1)S(=O)(=O)NCC2=NC=C(C=C2)C(=O)N[C@@H](CC(=O)O)C=O,OKXHJSNMCKNGQC-AWEZNQCLSA-N,aliphatic,,O=C[C@H](CC(=O)O)NC(=O)c1ccc(CNS(=O)(=O)c2ccccc2)nc1,O=S(=O)(NCc1ccccn1)c1ccccc1,validation,
1714,(3S)-3-[[6-[[(4-hydroxyphenyl)sulfonylamino]methyl]pyridine-3-carbonyl]amino]-4-oxobutanoic acid,C1=CC(=CC=C1O)S(=O)(=O)NCC2=NC=C(C=C2)C(=O)N[C@@H](CC(=O)O)C=O,PQNSMYHJDHIPKV-ZDUSSCGKSA-N,aliphatic,,O=C[C@H](CC(=O)O)NC(=O)c1ccc(CNS(=O)(=O)c2ccc(O)cc2)nc1,O=S(=O)(NCc1ccccn1)c1ccccc1,validation,
1715,(3S)-3-[[6-[[(3-methylsulfonylphenyl)sulfonylamino]methyl]pyridine-3-carbonyl]amino]-4-oxobutanoic acid,CS(=O)(=O)C1=CC(=CC=C1)S(=O)(=O)NCC2=NC=C(C=C2)C(=O)N[C@@H](CC(=O)O)C=O,IVOJLNSQLGMYAO-AWEZNQCLSA-N,aliphatic,,CS(=O)(=O)c1cccc(S(=O)(=O)NCc2ccc(C(=O)N[C@H](C=O)CC(=O)O)cn2)c1,O=S(=O)(NCc1ccccn1)c1ccccc1,validation,
1716,(3S)-3-[[6-[[[3-(methanesulfonamido)phenyl]sulfonylamino]methyl]pyridine-3-carbonyl]amino]-4-oxobutanoic acid,CS(=O)(=O)NC1=CC(=CC=C1)S(=O)(=O)NCC2=NC=C(C=C2)C(=O)N[C@@H](CC(=O)O)C=O,YSLPNYJYCBRIOX-HNNXBMFYSA-N,aliphatic,,CS(=O)(=O)Nc1cccc(S(=O)(=O)NCc2ccc(C(=O)N[C@H](C=O)CC(=O)O)cn2)c1,O=S(=O)(NCc1ccccn1)c1ccccc1,validation,
1717,(3S)-3-[[6-[[[4-(methanesulfonamido)phenyl]sulfonylamino]methyl]pyridine-3-carbonyl]amino]-4-oxobutanoic acid,CS(=O)(=O)NC1=CC=C(C=C1)S(=O)(=O)NCC2=NC=C(C=C2)C(=O)N[C@@H](CC(=O)O)C=O,UMHYHMWMJNTZIX-HNNXBMFYSA-N,aliphatic,,CS(=O)(=O)Nc1ccc(S(=O)(=O)NCc2ccc(C(=O)N[C@H](C=O)CC(=O)O)cn2)cc1,O=S(=O)(NCc1ccccn1)c1ccccc1,validation,
1718,3-(benzimidazol-1-yl)benzaldehyde,C1=CC=C2C(=C1)N=CN2C3=CC=CC(=C3)C=O,ANWNECNSXDZRMH-UHFFFAOYSA-N,aromatic_carbo,,O=Cc1cccc(-n2cnc3ccccc32)c1,c1ccc(-n2cnc3ccccc32)cc1,train,
1719,1-phenylbenzimidazole-5-carbaldehyde,C1=CC=C(C=C1)N2C=NC3=C2C=CC(=C3)C=O,CVLRLLPCDQDBIQ-UHFFFAOYSA-N,aromatic_carbo,,O=Cc1ccc2c(c1)ncn2-c1ccccc1,c1ccc(-n2cnc3ccccc32)cc1,train,
1720,"4-(3-bromoanilino)-6,7-dimethoxyquinoline-3-carbaldehyde",COC1=C(C=C2C(=C1)C(=C(C=N2)C=O)NC3=CC(=CC=C3)Br)OC,ZCPJQXKRMPRGNF-UHFFFAOYSA-N,aromatic_hetero,,COc1cc2ncc(C=O)c(Nc3cccc(Br)c3)c2cc1OC,c1ccc(Nc2ccnc3ccccc23)cc1,train,
1721,benzyl N-[(2S)-1-oxo-3-phenylpropan-2-yl]carbamate,C1=CC=C(C=C1)C[C@@H](C=O)NC(=O)OCC2=CC=CC=C2,HZDPJHOWPIVWMR-INIZCTEOSA-N,aliphatic,,O=C[C@H](Cc1ccccc1)NC(=O)OCc1ccccc1,O=C(NCCc1ccccc1)OCc1ccccc1,train,
1722,(3S)-4-oxo-3-(pyridine-3-carbonylamino)butanoic acid,C1=CC(=CN=C1)C(=O)N[C@@H](CC(=O)O)C=O,TYYUPHATWJPXOW-QMMMGPOBSA-N,aliphatic,,O=C[C@H](CC(=O)O)NC(=O)c1cccnc1,c1ccncc1,train,
1723,(3S)-4-oxo-3-[(2-phenylphenyl)sulfonylamino]butanoic acid,C1=CC=C(C=C1)C2=CC=CC=C2S(=O)(=O)N[C@@H](CC(=O)O)C=O,BNTOPIQKUZXNNH-ZDUSSCGKSA-N,aliphatic,,O=C[C@H](CC(=O)O)NS(=O)(=O)c1ccccc1-c1ccccc1,c1ccc(-c2ccccc2)cc1,train,
1724,"diethyl 3-ethyl-5-formyl-1H-pyrrole-2,4-dicarboxylate",CCC1=C(NC(=C1C(=O)OCC)C=O)C(=O)OCC,YSDNTJBORIAYFL-UHFFFAOYSA-N,aromatic_hetero,,CCOC(=O)c1[nH]c(C=O)c(C(=O)OCC)c1CC,c1cc[nH]c1,train,
1725,"4-[6-(3,4,5-trimethoxyanilino)pyrazin-2-yl]benzaldehyde",COC1=CC(=CC(=C1OC)OC)NC2=NC(=CN=C2)C3=CC=C(C=C3)C=O,NCCTXSAAPZYIRK-UHFFFAOYSA-N,aromatic_carbo,,COc1cc(Nc2cncc(-c3ccc(C=O)cc3)n2)cc(OC)c1OC,c1ccc(Nc2cncc(-c3ccccc3)n2)cc1,train,
1726,N-(1-oxo-3-phenylpropan-2-yl)benzamide,C1=CC=C(C=C1)CC(C=O)NC(=O)C2=CC=CC=C2,HIVDFHSZNYCJQH-UHFFFAOYSA-N,aliphatic,,O=CC(Cc1ccccc1)NC(=O)c1ccccc1,O=C(NCCc1ccccc1)c1ccccc1,train,
1727,3-(6-morpholin-4-yl-4-oxopyran-2-yl)benzaldehyde,C1COCCN1C2=CC(=O)C=C(O2)C3=CC=CC(=C3)C=O,JXTKUJIDCHLXDV-UHFFFAOYSA-N,aromatic_carbo,,O=Cc1cccc(-c2cc(=O)cc(N3CCOCC3)o2)c1,O=c1cc(-c2ccccc2)oc(N2CCOCC2)c1,validation,
1728,5-methoxy-2-(pyridin-3-ylmethoxy)benzaldehyde,COC1=CC(=C(C=C1)OCC2=CN=CC=C2)C=O,GXQNKVDAAINMNE-UHFFFAOYSA-N,aromatic_carbo,,COc1ccc(OCc2cccnc2)c(C=O)c1,c1ccc(OCc2cccnc2)cc1,train,
1729,methyl 3-(5-formyl-6-hydroxynaphthalen-2-yl)benzoate,COC(=O)C1=CC=CC(=C1)C2=CC3=C(C=C2)C(=C(C=C3)O)C=O,WXSWAZIIQXYJAM-UHFFFAOYSA-N,aromatic_carbo,,COC(=O)c1cccc(-c2ccc3c(C=O)c(O)ccc3c2)c1,c1ccc(-c2ccc3ccccc3c2)cc1,train,
1730,5-(5-thiophen-2-ylthiophen-2-yl)thiophene-3-carbaldehyde,C1=CSC(=C1)C2=CC=C(S2)C3=CC(=CS3)C=O,IAQDUXQCKAZHSN-UHFFFAOYSA-N,aromatic_hetero,,O=Cc1csc(-c2ccc(-c3cccs3)s2)c1,c1csc(-c2ccc(-c3cccs3)s2)c1,train,
1731,N-(6-formyl-4-oxo-3H-pteridin-2-yl)acetamide,CC(=O)NC1=NC2=NC=C(N=C2C(=O)N1)C=O,DDBCPKAHJKOGKK-UHFFFAOYSA-N,aromatic_hetero,,CC(=O)Nc1nc2ncc(C=O)nc2c(=O)[nH]1,O=c1[nH]cnc2nccnc12,train,
1732,cyclohexylmethyl (2-formylphenyl) hydrogen phosphate,C1CCC(CC1)COP(=O)(O)OC2=CC=CC=C2C=O,YBEVTZVQKMYQPM-UHFFFAOYSA-N,aromatic_carbo,phosphorus,O=Cc1ccccc1OP(=O)(O)OCC1CCCCC1,O=[PH](OCC1CCCCC1)Oc1ccccc1,validation,
1733,(2-formylphenyl) dihydrogen phosphate,C1=CC=C(C(=C1)C=O)OP(=O)(O)O,BYNSFVCWJXZPOW-UHFFFAOYSA-N,aromatic_carbo,phosphorus,O=Cc1ccccc1OP(=O)(O)O,c1ccccc1,train,
1734,(2-formyl-6-methoxyphenyl) dihydrogen phosphate,COC1=CC=CC(=C1OP(=O)(O)O)C=O,CGEZBCISRKFHLZ-UHFFFAOYSA-N,aromatic_carbo,phosphorus,COc1cccc(C=O)c1OP(=O)(O)O,c1ccccc1,train,
1735,benzyl (2-formylphenyl) hydrogen phosphate,C1=CC=C(C=C1)COP(=O)(O)OC2=CC=CC=C2C=O,PWDTUFYQEUEVQD-UHFFFAOYSA-N,aromatic_carbo,phosphorus,O=Cc1ccccc1OP(=O)(O)OCc1ccccc1,O=[PH](OCc1ccccc1)Oc1ccccc1,validation,
1736,"3-hydroxy-2,5-dimethylpyridine-4-carbaldehyde",CC1=CN=C(C(=C1C=O)O)C,SOYIPVHKLPDELX-UHFFFAOYSA-N,aromatic_hetero,,Cc1cnc(C)c(O)c1C=O,c1ccncc1,train,
1737,9H-carbazole-2-carbaldehyde,C1=CC=C2C(=C1)C3=C(N2)C=C(C=C3)C=O,LCENSQOWDHIKAN-UHFFFAOYSA-N,aromatic_carbo,,O=Cc1ccc2c(c1)[nH]c1ccccc12,c1ccc2c(c1)[nH]c1ccccc12,train,
1738,"(2R,3S,4R,5R)-2,4,5,6-tetrahydroxy-3-methoxyhexanal",CO[C@H]([C@H](C=O)O)[C@@H]([C@@H](CO)O)O,RMTFNDVZYPHUEF-XZBKPIIZSA-N,aliphatic,,CO[C@@H]([C@H](O)[C@H](O)CO)[C@@H](O)C=O,__no_ring__CO[C@H]([C@H](C=O)O)[C@@H]([C@@H](CO)O)O,test,
1739,(3R)-3-hydroxybutanal,C[C@H](CC=O)O,HSJKGGMUJITCBW-SCSAIBSYSA-N,aliphatic,,C[C@@H](O)CC=O,__no_ring__C[C@H](CC=O)O,train,
1740,"(2R,3R,4R,5R)-2,3,4,5,6-pentahydroxyhexanal",C([C@H]([C@H]([C@H]([C@H](C=O)O)O)O)O)O,GZCGUPFRVQAUEE-BGPJRJDNSA-N,aliphatic,,O=C[C@H](O)[C@H](O)[C@H](O)[C@H](O)CO,__no_ring__C([C@H]([C@H]([C@H]([C@H](C=O)O)O)O)O)O,test,
1741,"5-chloro-2,4-dihydroxy-3-[(2E,6E,8S)-8-hydroxy-3,7-dimethylnona-2,6-dienyl]-6-methylbenzaldehyde",CC1=C(C(=C(C(=C1Cl)O)C/C=C(\C)/CC/C=C(\C)/[C@H](C)O)O)C=O,OFCDDOBCQZHXDK-KCURMNHOSA-N,aromatic_carbo,,C/C(=C\Cc1c(O)c(Cl)c(C)c(C=O)c1O)CC/C=C(\C)[C@H](C)O,c1ccccc1,train,
1742,"(1R,2R,5S)-3-[2-(2,4-dichlorophenoxy)acetyl]-6,6-dimethyl-N-[(2S)-1-oxo-3-[(3S)-2-oxopyrrolidin-3-yl]propan-2-yl]-3-azabicyclo[3.1.0]hexane-2-carboxamide",CC1([C@@H]2[C@H]1[C@@H](N(C2)C(=O)COC3=C(C=C(C=C3)Cl)Cl)C(=O)N[C@@H](C[C@@H]4CCNC4=O)C=O)C,BDFIPRXCQILSGM-CHLBVFHESA-N,aliphatic,,CC1(C)[C@@H]2[C@H](C(=O)N[C@H](C=O)C[C@@H]3CCNC3=O)N(C(=O)COc3ccc(Cl)cc3Cl)C[C@@H]21,O=C1NCC[C@H]1CCNC(=O)[C@H]1[C@H]2C[C@H]2CN1C(=O)COc1ccccc1,validation,
1743,(2S)-N-[5-(diaminomethylideneamino)-1-oxopentan-2-yl]-1-[(2R)-2-(methylamino)-3-phenylpropanoyl]pyrrolidine-2-carboxamide,CN[C@H](CC1=CC=CC=C1)C(=O)N2CCC[C@H]2C(=O)NC(CCCN=C(N)N)C=O,KAGLWQUWUNBAOO-RWZMTBSZSA-N,aliphatic,,CN[C@H](Cc1ccccc1)C(=O)N1CCC[C@H]1C(=O)NC(C=O)CCCN=C(N)N,O=C(CCc1ccccc1)N1CCCC1,train,
1744,N-[(2S)-4-methyl-1-oxo-1-[[(2S)-1-oxo-3-[(3S)-2-oxopyrrolidin-3-yl]propan-2-yl]amino]pentan-2-yl]-1H-benzimidazole-2-carboxamide,CC(C)C[C@@H](C(=O)N[C@@H](C[C@@H]1CCNC1=O)C=O)NC(=O)C2=NC3=CC=CC=C3N2,CQAHVFTUINWYCR-ZQIUZPCESA-N,aliphatic,,CC(C)C[C@H](NC(=O)c1nc2ccccc2[nH]1)C(=O)N[C@H](C=O)C[C@@H]1CCNC1=O,O=C(CNC(=O)c1nc2ccccc2[nH]1)NCC[C@@H]1CCNC1=O,train,
1745,"N-[(2S)-1-[[(2S)-5-(dimethylamino)-1,5-dioxopentan-2-yl]amino]-4-methyl-1-oxopentan-2-yl]-4-methoxy-1H-indole-2-carboxamide",CC(C)C[C@@H](C(=O)N[C@@H](CCC(=O)N(C)C)C=O)NC(=O)C1=CC2=C(N1)C=CC=C2OC,SEEIOOYGXIFSRU-YJBOKZPZSA-N,aliphatic,,COc1cccc2[nH]c(C(=O)N[C@@H](CC(C)C)C(=O)N[C@H](C=O)CCC(=O)N(C)C)cc12,c1ccc2[nH]ccc2c1,train,
1746,"4-(1,3-dihydroisoindole-2-carbonyl)-5-hydroxy-2-propan-2-ylbenzaldehyde",CC(C)C1=CC(=C(C=C1C=O)O)C(=O)N2CC3=CC=CC=C3C2,SVCSVCKMYMUSOV-UHFFFAOYSA-N,aromatic_carbo,,CC(C)c1cc(C(=O)N2Cc3ccccc3C2)c(O)cc1C=O,O=C(c1ccccc1)N1Cc2ccccc2C1,train,
1747,"(1R,2R,5S)-6,6-dimethyl-3-(naphthalene-2-carbonyl)-N-[(2S)-1-oxo-3-[(3S)-2-oxopyrrolidin-3-yl]propan-2-yl]-3-azabicyclo[3.1.0]hexane-2-carboxamide",CC1([C@@H]2[C@H]1[C@@H](N(C2)C(=O)C3=CC4=CC=CC=C4C=C3)C(=O)N[C@@H](C[C@@H]5CCNC5=O)C=O)C,HIKUMVQVEVEKEC-JFZIVLOISA-N,aliphatic,,CC1(C)[C@@H]2[C@H](C(=O)N[C@H](C=O)C[C@@H]3CCNC3=O)N(C(=O)c3ccc4ccccc4c3)C[C@@H]21,O=C1NCC[C@H]1CCNC(=O)[C@H]1[C@H]2C[C@H]2CN1C(=O)c1ccc2ccccc2c1,validation,
1748,"(1R,2R,5S)-6,6-dimethyl-3-(2-naphthalen-2-yloxyacetyl)-N-[(2S)-1-oxo-3-[(3S)-2-oxopyrrolidin-3-yl]propan-2-yl]-3-azabicyclo[3.1.0]hexane-2-carboxamide",CC1([C@@H]2[C@H]1[C@@H](N(C2)C(=O)COC3=CC4=CC=CC=C4C=C3)C(=O)N[C@@H](C[C@@H]5CCNC5=O)C=O)C,SVAHUSOLVZWUTO-ZGJXEWGXSA-N,aliphatic,,CC1(C)[C@@H]2[C@H](C(=O)N[C@H](C=O)C[C@@H]3CCNC3=O)N(C(=O)COc3ccc4ccccc4c3)C[C@@H]21,O=C1NCC[C@H]1CCNC(=O)[C@H]1[C@H]2C[C@H]2CN1C(=O)COc1ccc2ccccc2c1,train,
1749,"(1R,2R,5S)-3-[2-(3,4-dimethoxyphenoxy)acetyl]-6,6-dimethyl-N-[(2S)-1-oxo-3-[(3S)-2-oxopyrrolidin-3-yl]propan-2-yl]-3-azabicyclo[3.1.0]hexane-2-carboxamide",CC1([C@@H]2[C@H]1[C@@H](N(C2)C(=O)COC3=CC(=C(C=C3)OC)OC)C(=O)N[C@@H](C[C@@H]4CCNC4=O)C=O)C,XWPVHYBRIIHPSA-UIWDYIBASA-N,aliphatic,,COc1ccc(OCC(=O)N2C[C@H]3[C@@H]([C@@H]2C(=O)N[C@H](C=O)C[C@@H]2CCNC2=O)C3(C)C)cc1OC,O=C1NCC[C@H]1CCNC(=O)[C@H]1[C@H]2C[C@H]2CN1C(=O)COc1ccccc1,validation,
1750,"(1R,2R,5S)-3-[2-(4-chlorophenoxy)acetyl]-6,6-dimethyl-N-[(2S)-1-oxo-3-[(3S)-2-oxopyrrolidin-3-yl]propan-2-yl]-3-azabicyclo[3.1.0]hexane-2-carboxamide",CC1([C@@H]2[C@H]1[C@@H](N(C2)C(=O)COC3=CC=C(C=C3)Cl)C(=O)N[C@@H](C[C@@H]4CCNC4=O)C=O)C,UJTKRTAWEQKHLE-HRSMJWBKSA-N,aliphatic,,CC1(C)[C@@H]2[C@H](C(=O)N[C@H](C=O)C[C@@H]3CCNC3=O)N(C(=O)COc3ccc(Cl)cc3)C[C@@H]21,O=C1NCC[C@H]1CCNC(=O)[C@H]1[C@H]2C[C@H]2CN1C(=O)COc1ccccc1,validation,
1751,"(1R,2R,5S)-3-[2-(3,4-dichlorophenoxy)acetyl]-6,6-dimethyl-N-[(2S)-1-oxo-3-[(3S)-2-oxopyrrolidin-3-yl]propan-2-yl]-3-azabicyclo[3.1.0]hexane-2-carboxamide",CC1([C@@H]2[C@H]1[C@@H](N(C2)C(=O)COC3=CC(=C(C=C3)Cl)Cl)C(=O)N[C@@H](C[C@@H]4CCNC4=O)C=O)C,WUFNYTJVPNYFBX-RAQRGPQBSA-N,aliphatic,,CC1(C)[C@@H]2[C@H](C(=O)N[C@H](C=O)C[C@@H]3CCNC3=O)N(C(=O)COc3ccc(Cl)c(Cl)c3)C[C@@H]21,O=C1NCC[C@H]1CCNC(=O)[C@H]1[C@H]2C[C@H]2CN1C(=O)COc1ccccc1,validation,
1752,"(3R,3aR,6aR)-N-[(2S)-1-oxo-3-[(3S)-2-oxopyrrolidin-3-yl]propan-2-yl]-2-(pyridine-3-carbonyl)-3,3a,4,5,6,6a-hexahydro-1H-cyclopenta[c]pyrrole-3-carboxamide",C1C[C@H]2CN([C@H]([C@@H]2C1)C(=O)N[C@@H](C[C@@H]3CCNC3=O)C=O)C(=O)C4=CN=CC=C4,QGGYUARATLXVFL-OGCZYDBJSA-N,aliphatic,,O=C[C@H](C[C@@H]1CCNC1=O)NC(=O)[C@H]1[C@@H]2CCC[C@H]2CN1C(=O)c1cccnc1,O=C1NCC[C@H]1CCNC(=O)[C@H]1[C@@H]2CCC[C@H]2CN1C(=O)c1cccnc1,validation,
1753,"(3R,3aR,6aR)-2-(1H-indole-2-carbonyl)-N-[(2S)-1-oxo-3-[(3S)-2-oxopyrrolidin-3-yl]propan-2-yl]-3,3a,4,5,6,6a-hexahydro-1H-cyclopenta[c]pyrrole-3-carboxamide",C1C[C@H]2CN([C@H]([C@@H]2C1)C(=O)N[C@@H](C[C@@H]3CCNC3=O)C=O)C(=O)C4=CC5=CC=CC=C5N4,LWCOBWFCZRXIAT-ARWBCWGVSA-N,aliphatic,,O=C[C@H](C[C@@H]1CCNC1=O)NC(=O)[C@H]1[C@@H]2CCC[C@H]2CN1C(=O)c1cc2ccccc2[nH]1,O=C1NCC[C@H]1CCNC(=O)[C@H]1[C@@H]2CCC[C@H]2CN1C(=O)c1cc2ccccc2[nH]1,test,
1754,"(3R,3aR,6aR)-N-[(2S)-1-oxo-3-[(3S)-2-oxopyrrolidin-3-yl]propan-2-yl]-2-(pyrazolo[1,5-a]pyridine-2-carbonyl)-3,3a,4,5,6,6a-hexahydro-1H-cyclopenta[c]pyrrole-3-carboxamide",C1C[C@H]2CN([C@H]([C@@H]2C1)C(=O)N[C@@H](C[C@@H]3CCNC3=O)C=O)C(=O)C4=NN5C=CC=CC5=C4,CFLPDEMDXINBKA-ZMHQTACCSA-N,aliphatic,,O=C[C@H](C[C@@H]1CCNC1=O)NC(=O)[C@H]1[C@@H]2CCC[C@H]2CN1C(=O)c1cc2ccccn2n1,O=C1NCC[C@H]1CCNC(=O)[C@H]1[C@@H]2CCC[C@H]2CN1C(=O)c1cc2ccccn2n1,validation,
1755,"(3R,3aR,6aR)-N-[(2S)-1-oxo-3-[(3S)-2-oxopyrrolidin-3-yl]propan-2-yl]-2-[(E)-3-phenylprop-2-enoyl]-3,3a,4,5,6,6a-hexahydro-1H-cyclopenta[c]pyrrole-3-carboxamide",C1C[C@H]2CN([C@H]([C@@H]2C1)C(=O)N[C@@H](C[C@@H]3CCNC3=O)C=O)C(=O)/C=C/C4=CC=CC=C4,PPIGFETZIJRNNZ-ZWFCGKQCSA-N,aliphatic,,O=C[C@H](C[C@@H]1CCNC1=O)NC(=O)[C@H]1[C@@H]2CCC[C@H]2CN1C(=O)/C=C/c1ccccc1,O=C1NCC[C@H]1CCNC(=O)[C@H]1[C@@H]2CCC[C@H]2CN1C(=O)/C=C/c1ccccc1,test,
1756,"(3R,3aR,6aR)-2-[(E)-3-(2,4-dimethoxyphenyl)prop-2-enoyl]-N-[(2S)-1-oxo-3-[(3S)-2-oxopyrrolidin-3-yl]propan-2-yl]-3,3a,4,5,6,6a-hexahydro-1H-cyclopenta[c]pyrrole-3-carboxamide",COC1=CC(=C(C=C1)/C=C/C(=O)N2C[C@@H]3CCC[C@H]3[C@@H]2C(=O)N[C@@H](C[C@@H]4CCNC4=O)C=O)OC,YMZJOZDEQYMIOV-LYZLUOBASA-N,aliphatic,,COc1ccc(/C=C/C(=O)N2C[C@@H]3CCC[C@H]3[C@@H]2C(=O)N[C@H](C=O)C[C@@H]2CCNC2=O)c(OC)c1,O=C1NCC[C@H]1CCNC(=O)[C@H]1[C@@H]2CCC[C@H]2CN1C(=O)/C=C/c1ccccc1,test,
1757,"(3R,3aR,6aR)-2-[(E)-3-[4-(methylamino)phenyl]prop-2-enoyl]-N-[(2S)-1-oxo-3-[(3S)-2-oxopyrrolidin-3-yl]propan-2-yl]-3,3a,4,5,6,6a-hexahydro-1H-cyclopenta[c]pyrrole-3-carboxamide",CNC1=CC=C(C=C1)/C=C/C(=O)N2C[C@@H]3CCC[C@H]3[C@@H]2C(=O)N[C@@H](C[C@@H]4CCNC4=O)C=O,BWMFPBJOOWNMDC-DLSZSEFPSA-N,aliphatic,,CNc1ccc(/C=C/C(=O)N2C[C@@H]3CCC[C@H]3[C@@H]2C(=O)N[C@H](C=O)C[C@@H]2CCNC2=O)cc1,O=C1NCC[C@H]1CCNC(=O)[C@H]1[C@@H]2CCC[C@H]2CN1C(=O)/C=C/c1ccccc1,test,
1758,"(3R,3aR,6aR)-2-[3-[4-(dimethylamino)phenyl]propanoyl]-N-[(2S)-1-oxo-3-[(3S)-2-oxopyrrolidin-3-yl]propan-2-yl]-3,3a,4,5,6,6a-hexahydro-1H-cyclopenta[c]pyrrole-3-carboxamide",CN(C)C1=CC=C(C=C1)CCC(=O)N2C[C@@H]3CCC[C@H]3[C@@H]2C(=O)N[C@@H](C[C@@H]4CCNC4=O)C=O,NXGBAEZSUURIHI-YBKYHCMSSA-N,aliphatic,,CN(C)c1ccc(CCC(=O)N2C[C@@H]3CCC[C@H]3[C@@H]2C(=O)N[C@H](C=O)C[C@@H]2CCNC2=O)cc1,O=C1NCC[C@H]1CCNC(=O)[C@H]1[C@@H]2CCC[C@H]2CN1C(=O)CCc1ccccc1,validation,
1759,"(3R,3aR,6aR)-2-[2-(4-methoxyphenoxy)acetyl]-N-[(2S)-1-oxo-3-[(3S)-2-oxopyrrolidin-3-yl]propan-2-yl]-3,3a,4,5,6,6a-hexahydro-1H-cyclopenta[c]pyrrole-3-carboxamide",COC1=CC=C(C=C1)OCC(=O)N2C[C@@H]3CCC[C@H]3[C@@H]2C(=O)N[C@@H](C[C@@H]4CCNC4=O)C=O,IDEWJDIVGHDEFX-JMSVCZPOSA-N,aliphatic,,COc1ccc(OCC(=O)N2C[C@@H]3CCC[C@H]3[C@@H]2C(=O)N[C@H](C=O)C[C@@H]2CCNC2=O)cc1,O=C1NCC[C@H]1CCNC(=O)[C@H]1[C@@H]2CCC[C@H]2CN1C(=O)COc1ccccc1,validation,
1760,"(3R,3aR,6aR)-2-[2-(4-methoxyphenoxy)propanoyl]-N-[(2S)-1-oxo-3-[(3S)-2-oxopyrrolidin-3-yl]propan-2-yl]-3,3a,4,5,6,6a-hexahydro-1H-cyclopenta[c]pyrrole-3-carboxamide",CC(C(=O)N1C[C@@H]2CCC[C@H]2[C@@H]1C(=O)N[C@@H](C[C@@H]3CCNC3=O)C=O)OC4=CC=C(C=C4)OC,KDVUTHOMPYFSDW-ZJBBTEJYSA-N,aliphatic,,COc1ccc(OC(C)C(=O)N2C[C@@H]3CCC[C@H]3[C@@H]2C(=O)N[C@H](C=O)C[C@@H]2CCNC2=O)cc1,O=C1NCC[C@H]1CCNC(=O)[C@H]1[C@@H]2CCC[C@H]2CN1C(=O)COc1ccccc1,validation,
1761,"(3R,3aR,6aR)-2-[2-(2,3-dihydro-1,4-benzodioxin-6-yloxy)acetyl]-N-[(2S)-1-oxo-3-[(3S)-2-oxopyrrolidin-3-yl]propan-2-yl]-3,3a,4,5,6,6a-hexahydro-1H-cyclopenta[c]pyrrole-3-carboxamide",C1C[C@H]2CN([C@H]([C@@H]2C1)C(=O)N[C@@H](C[C@@H]3CCNC3=O)C=O)C(=O)COC4=CC5=C(C=C4)OCCO5,LXKAJKLRKRVRCL-UGECPWBJSA-N,aliphatic,,O=C[C@H](C[C@@H]1CCNC1=O)NC(=O)[C@H]1[C@@H]2CCC[C@H]2CN1C(=O)COc1ccc2c(c1)OCCO2,O=C1NCC[C@H]1CCNC(=O)[C@H]1[C@@H]2CCC[C@H]2CN1C(=O)COc1ccc2c(c1)OCCO2,test,
1762,"(3R,3aR,6aR)-2-[2-(4-chlorophenoxy)acetyl]-N-[(2S)-1-oxo-3-[(3S)-2-oxopyrrolidin-3-yl]propan-2-yl]-3,3a,4,5,6,6a-hexahydro-1H-cyclopenta[c]pyrrole-3-carboxamide",C1C[C@H]2CN([C@H]([C@@H]2C1)C(=O)N[C@@H](C[C@@H]3CCNC3=O)C=O)C(=O)COC4=CC=C(C=C4)Cl,PTTIGZHWNGKYAO-IAMJSIAXSA-N,aliphatic,,O=C[C@H](C[C@@H]1CCNC1=O)NC(=O)[C@H]1[C@@H]2CCC[C@H]2CN1C(=O)COc1ccc(Cl)cc1,O=C1NCC[C@H]1CCNC(=O)[C@H]1[C@@H]2CCC[C@H]2CN1C(=O)COc1ccccc1,validation,
1763,"(3R,3aR,6aR)-2-[2-(2,4-dichlorophenoxy)acetyl]-N-[(2S)-1-oxo-3-[(3S)-2-oxopyrrolidin-3-yl]propan-2-yl]-3,3a,4,5,6,6a-hexahydro-1H-cyclopenta[c]pyrrole-3-carboxamide",C1C[C@H]2CN([C@H]([C@@H]2C1)C(=O)N[C@@H](C[C@@H]3CCNC3=O)C=O)C(=O)COC4=C(C=C(C=C4)Cl)Cl,HKJKOHDJUKCNRG-IEBLYUSBSA-N,aliphatic,,O=C[C@H](C[C@@H]1CCNC1=O)NC(=O)[C@H]1[C@@H]2CCC[C@H]2CN1C(=O)COc1ccc(Cl)cc1Cl,O=C1NCC[C@H]1CCNC(=O)[C@H]1[C@@H]2CCC[C@H]2CN1C(=O)COc1ccccc1,validation,
1764,"(3R,3aR,6aR)-2-[2-(4-chloro-2-methylphenoxy)acetyl]-N-[(2S)-1-oxo-3-[(3S)-2-oxopyrrolidin-3-yl]propan-2-yl]-3,3a,4,5,6,6a-hexahydro-1H-cyclopenta[c]pyrrole-3-carboxamide",CC1=C(C=CC(=C1)Cl)OCC(=O)N2C[C@@H]3CCC[C@H]3[C@@H]2C(=O)N[C@@H](C[C@@H]4CCNC4=O)C=O,SBNACRDYLQAFAN-XYUVSRFXSA-N,aliphatic,,Cc1cc(Cl)ccc1OCC(=O)N1C[C@@H]2CCC[C@H]2[C@@H]1C(=O)N[C@H](C=O)C[C@@H]1CCNC1=O,O=C1NCC[C@H]1CCNC(=O)[C@H]1[C@@H]2CCC[C@H]2CN1C(=O)COc1ccccc1,validation,
1765,4-heptylbenzaldehyde,CCCCCCCC1=CC=C(C=C1)C=O,JRFVBFVDDUPPNQ-UHFFFAOYSA-N,aromatic_carbo,,CCCCCCCc1ccc(C=O)cc1,c1ccccc1,train,
1766,2-hydroxy-5-pyrimidin-5-ylbenzaldehyde,C1=CC(=C(C=C1C2=CN=CN=C2)C=O)O,HPQAHGRGPPOWML-UHFFFAOYSA-N,aromatic_carbo,,O=Cc1cc(-c2cncnc2)ccc1O,c1ccc(-c2cncnc2)cc1,train,
1767,"3-(5-formyl-6-hydroxynaphthalen-2-yl)-N,N-dimethylbenzamide",CN(C)C(=O)C1=CC=CC(=C1)C2=CC3=C(C=C2)C(=C(C=C3)O)C=O,NWWPDKVVFKCCIV-UHFFFAOYSA-N,aromatic_carbo,,CN(C)C(=O)c1cccc(-c2ccc3c(C=O)c(O)ccc3c2)c1,c1ccc(-c2ccc3ccccc3c2)cc1,train,
1768,3-(5-formyl-6-hydroxynaphthalen-2-yl)-N-propan-2-ylbenzamide,CC(C)NC(=O)C1=CC=CC(=C1)C2=CC3=C(C=C2)C(=C(C=C3)O)C=O,LCESLTUVSXEGCC-UHFFFAOYSA-N,aromatic_carbo,,CC(C)NC(=O)c1cccc(-c2ccc3c(C=O)c(O)ccc3c2)c1,c1ccc(-c2ccc3ccccc3c2)cc1,train,
1769,2-hydroxy-6-[5-(4-methylpiperazine-1-carbonyl)furan-2-yl]naphthalene-1-carbaldehyde,CN1CCN(CC1)C(=O)C2=CC=C(O2)C3=CC4=C(C=C3)C(=C(C=C4)O)C=O,XYOMDLUIYINLEM-UHFFFAOYSA-N,aromatic_carbo,,CN1CCN(C(=O)c2ccc(-c3ccc4c(C=O)c(O)ccc4c3)o2)CC1,O=C(c1ccc(-c2ccc3ccccc3c2)o1)N1CCNCC1,train,
1770,N-ethyl-3-[8-formyl-7-hydroxy-5-(2-methoxyethoxy)-4-methyl-2-oxochromen-3-yl]propanamide,CCNC(=O)CCC1=C(C2=C(C=C(C(=C2OC1=O)C=O)O)OCCOC)C,LPHJXGTWAKQUGZ-UHFFFAOYSA-N,aromatic_carbo,,CCNC(=O)CCc1c(C)c2c(OCCOC)cc(O)c(C=O)c2oc1=O,O=c1ccc2ccccc2o1,train,
1771,3-(4-bromophenyl)-7-hydroxy-2-oxochromene-8-carbaldehyde,C1=CC(=CC=C1C2=CC3=C(C(=C(C=C3)O)C=O)OC2=O)Br,DJSPMRZGTUKARX-UHFFFAOYSA-N,aromatic_carbo,,O=Cc1c(O)ccc2cc(-c3ccc(Br)cc3)c(=O)oc12,O=c1oc2ccccc2cc1-c1ccccc1,train,
1772,(E)-non-3-enal,CCCCC/C=C/CC=O,YXEAENVLZOODMT-VOTSOKGWSA-N,aliphatic,,CCCCC/C=C/CC=O,__no_ring__CCCCC/C=C/CC=O,train,
1773,hex-4-enal,CC=CCCC=O,DPCMFIRORYQTCL-UHFFFAOYSA-N,aliphatic,,CC=CCCC=O,__no_ring__CC=CCCC=O,test,
1774,7-methoxy-2-oxochromene-6-carbaldehyde,COC1=C(C=C2C=CC(=O)OC2=C1)C=O,JZYCZVLVWUCHTP-UHFFFAOYSA-N,aromatic_carbo,,COc1cc2oc(=O)ccc2cc1C=O,O=c1ccc2ccccc2o1,train,
1775,(E)-oct-3-enal,CCCC/C=C/CC=O,WDWAUVJQFVTKEW-AATRIKPKSA-N,aliphatic,,CCCC/C=C/CC=O,__no_ring__CCCC/C=C/CC=O,train,
1776,(E)-dec-5-enal,CCCC/C=C/CCCC=O,FJVGFBFLXXDIAP-AATRIKPKSA-N,aliphatic,,CCCC/C=C/CCCC=O,__no_ring__CCCC/C=C/CCCC=O,test,
1777,2-(4-chlorophenoxy)-1-methylindole-3-carbaldehyde,CN1C2=CC=CC=C2C(=C1OC3=CC=C(C=C3)Cl)C=O,URRIPQAQAGKDQV-UHFFFAOYSA-N,aromatic_hetero,,Cn1c(Oc2ccc(Cl)cc2)c(C=O)c2ccccc21,c1ccc(Oc2cc3ccccc3[nH]2)cc1,train,
1778,"(8S)-8-(dipropylamino)-6,7,8,9-tetrahydro-3H-benzo[e]indole-1-carbaldehyde",CCCN(CCC)[C@H]1CCC2=C(C1)C3=C(C=C2)NC=C3C=O,DSEPKSLFXGYPIU-INIZCTEOSA-N,aromatic_hetero,,CCCN(CCC)[C@H]1CCc2ccc3[nH]cc(C=O)c3c2C1,c1cc2c3c(ccc2[nH]1)CCCC3,train,
1779,"(8R)-8-[4-(4,4-dimethyl-2,6-dioxopiperidin-1-yl)butyl-propylamino]-6,7,8,9-tetrahydro-3H-benzo[e]indole-1-carbaldehyde",CCCN(CCCCN1C(=O)CC(CC1=O)(C)C)[C@@H]2CCC3=C(C2)C4=C(C=C3)NC=C4C=O,NLXASJVETPACMT-OAQYLSRUSA-N,aromatic_hetero,,CCCN(CCCCN1C(=O)CC(C)(C)CC1=O)[C@@H]1CCc2ccc3[nH]cc(C=O)c3c2C1,O=C1CCCC(=O)N1CCCCN[C@@H]1CCc2ccc3[nH]ccc3c2C1,train,
1780,"8-[2-phenylethyl(propyl)amino]-6,7,8,9-tetrahydro-3H-benzo[e]indole-1-carbaldehyde",CCCN(CCC1=CC=CC=C1)C2CCC3=C(C2)C4=C(C=C3)NC=C4C=O,GVFSLSBQCUQRBA-UHFFFAOYSA-N,aromatic_hetero,,CCCN(CCc1ccccc1)C1CCc2ccc3[nH]cc(C=O)c3c2C1,c1ccc(CCNC2CCc3ccc4[nH]ccc4c3C2)cc1,test,
1781,"(2S)-1-[(2S)-1-[2-[(2S)-1,2,3,4-tetrahydronaphthalen-2-yl]acetyl]pyrrolidine-2-carbonyl]pyrrolidine-2-carbaldehyde",C1C[C@H](N(C1)C(=O)[C@@H]2CCCN2C(=O)C[C@H]3CCC4=CC=CC=C4C3)C=O,GNTGRUJNKMQHEX-VDGAXYAQSA-N,aliphatic,,O=C[C@@H]1CCCN1C(=O)[C@@H]1CCCN1C(=O)C[C@H]1CCc2ccccc2C1,O=C([C@@H]1CCCN1C(=O)C[C@H]1CCc2ccccc2C1)N1CCCC1,validation,
1782,"8-[3-phenylpropyl(propyl)amino]-6,7,8,9-tetrahydro-3H-benzo[e]indole-1-carbaldehyde",CCCN(CCCC1=CC=CC=C1)C2CCC3=C(C2)C4=C(C=C3)NC=C4C=O,YXESVSAQXNVTIV-UHFFFAOYSA-N,aromatic_hetero,,CCCN(CCCc1ccccc1)C1CCc2ccc3[nH]cc(C=O)c3c2C1,c1ccc(CCCNC2CCc3ccc4[nH]ccc4c3C2)cc1,train,
1783,"(8S)-8-(dipropylamino)-4-fluoro-6,7,8,9-tetrahydro-3H-benzo[e]indole-1-carbaldehyde",CCCN(CCC)[C@H]1CCC2=CC(=C3C(=C2C1)C(=CN3)C=O)F,ICOOOYKBBQSJND-HNNXBMFYSA-N,aromatic_hetero,,CCCN(CCC)[C@H]1CCc2cc(F)c3[nH]cc(C=O)c3c2C1,c1cc2c3c(ccc2[nH]1)CCCC3,train,
1784,"8-(azepan-1-yl)-6,7,8,9-tetrahydro-3H-benzo[e]indole-1-carbaldehyde",C1CCCN(CC1)C2CCC3=C(C2)C4=C(C=C3)NC=C4C=O,DDSJSYAJAKFVHY-UHFFFAOYSA-N,aromatic_hetero,,O=Cc1c[nH]c2ccc3c(c12)CC(N1CCCCCC1)CC3,c1cc2c3c(ccc2[nH]1)CCC(N1CCCCCC1)C3,train,
1785,"(2S)-1-[(4R)-3-[2-[(2S)-1,2,3,4-tetrahydronaphthalen-2-yl]acetyl]-1,3-thiazolidine-4-carbonyl]pyrrolidine-2-carbaldehyde",C1C[C@H](N(C1)C(=O)[C@@H]2CSCN2C(=O)C[C@H]3CCC4=CC=CC=C4C3)C=O,QQUGRXGRJLMHGE-SNRMKQJTSA-N,aliphatic,,O=C[C@@H]1CCCN1C(=O)[C@@H]1CSCN1C(=O)C[C@H]1CCc2ccccc2C1,O=C([C@@H]1CSCN1C(=O)C[C@H]1CCc2ccccc2C1)N1CCCC1,validation,
1786,"(1R,12S)-4-methyl-7-oxo-10-(5,6,7-trimethoxy-1H-indole-2-carbonyl)-5,10-diazatetracyclo[7.4.0.01,12.02,6]trideca-2(6),3,8-triene-3-carbaldehyde",CC1=C(C2=C(N1)C(=O)C=C3[C@@]24C[C@@H]4CN3C(=O)C5=CC6=CC(=C(C(=C6N5)OC)OC)OC)C=O,HTKHEDKLZOJYCY-SHZVTRLKSA-N,aromatic_hetero,,COc1cc2cc(C(=O)N3C[C@H]4C[C@@]45C3=CC(=O)c3[nH]c(C)c(C=O)c35)[nH]c2c(OC)c1OC,O=C1C=C2N(C(=O)c3cc4ccccc4[nH]3)C[C@H]3C[C@@]23c2cc[nH]c21,train,
1787,"(2S)-1-[(4R)-3-[2-(2,3-dihydro-1H-inden-2-yl)acetyl]-1,3-thiazolidine-4-carbonyl]pyrrolidine-2-carbaldehyde",C1C[C@H](N(C1)C(=O)[C@@H]2CSCN2C(=O)CC3CC4=CC=CC=C4C3)C=O,PXBNLQKLEFHKCH-ROUUACIJSA-N,aliphatic,,O=C[C@@H]1CCCN1C(=O)[C@@H]1CSCN1C(=O)CC1Cc2ccccc2C1,O=C([C@@H]1CSCN1C(=O)CC1Cc2ccccc2C1)N1CCCC1,train,
1788,"8-[3-(3-chlorophenoxy)propyl-propylamino]-6,7,8,9-tetrahydro-3H-benzo[e]indole-1-carbaldehyde",CCCN(CCCOC1=CC(=CC=C1)Cl)C2CCC3=C(C2)C4=C(C=C3)NC=C4C=O,KTENZVQFGHICMF-UHFFFAOYSA-N,aromatic_hetero,,CCCN(CCCOc1cccc(Cl)c1)C1CCc2ccc3[nH]cc(C=O)c3c2C1,c1ccc(OCCCNC2CCc3ccc4[nH]ccc4c3C2)cc1,validation,
1789,"8-pyrrolidin-1-yl-6,7,8,9-tetrahydro-3H-benzo[e]indole-1-carbaldehyde",C1CCN(C1)C2CCC3=C(C2)C4=C(C=C3)NC=C4C=O,JPRFHSQJEMXCKR-UHFFFAOYSA-N,aromatic_hetero,,O=Cc1c[nH]c2ccc3c(c12)CC(N1CCCC1)CC3,c1cc2c3c(ccc2[nH]1)CCC(N1CCCC1)C3,train,
1790,"(8R)-8-(dipropylamino)-4-fluoro-6,7,8,9-tetrahydro-3H-benzo[e]indole-1-carbaldehyde",CCCN(CCC)[C@@H]1CCC2=CC(=C3C(=C2C1)C(=CN3)C=O)F,ICOOOYKBBQSJND-OAHLLOKOSA-N,aromatic_hetero,,CCCN(CCC)[C@@H]1CCc2cc(F)c3[nH]cc(C=O)c3c2C1,c1cc2c3c(ccc2[nH]1)CCCC3,train,
1791,"(4R)-3-[(4R)-3-[2-[(2S)-1,2,3,4-tetrahydronaphthalen-2-yl]acetyl]-1,3-thiazolidine-4-carbonyl]-1,3-thiazolidine-4-carbaldehyde",C1CC2=CC=CC=C2C[C@H]1CC(=O)N3CSC[C@H]3C(=O)N4CSC[C@H]4C=O,XQPDOJIXUPYASU-QGTPRVQTSA-N,aliphatic,,O=C[C@@H]1CSCN1C(=O)[C@@H]1CSCN1C(=O)C[C@H]1CCc2ccccc2C1,O=C([C@@H]1CSCN1C(=O)C[C@H]1CCc2ccccc2C1)N1CCSC1,test,
1792,"(8R)-8-(dipropylamino)-6,7,8,9-tetrahydro-3H-benzo[e]indole-1-carbaldehyde",CCCN(CCC)[C@@H]1CCC2=C(C1)C3=C(C=C2)NC=C3C=O,DSEPKSLFXGYPIU-MRXNPFEDSA-N,aromatic_hetero,,CCCN(CCC)[C@@H]1CCc2ccc3[nH]cc(C=O)c3c2C1,c1cc2c3c(ccc2[nH]1)CCCC3,train,
1793,"3-[4-[4-(2,3-dihydro-1,4-benzodioxin-6-yl)piperazin-1-yl]butyl]-1H-indole-5-carbaldehyde",C1CN(CCN1CCCCC2=CNC3=C2C=C(C=C3)C=O)C4=CC5=C(C=C4)OCCO5,QJAPFMHRCXYIEW-UHFFFAOYSA-N,aromatic_carbo,,O=Cc1ccc2[nH]cc(CCCCN3CCN(c4ccc5c(c4)OCCO5)CC3)c2c1,c1ccc2c(CCCCN3CCN(c4ccc5c(c4)OCCO5)CC3)c[nH]c2c1,test,
1794,N-[(2S)-3-methyl-2-[1-[(2S)-1-oxohexan-2-yl]triazol-4-yl]butan-2-yl]thiophene-3-carboxamide,CCCC[C@@H](C=O)N1C=C(N=N1)[C@](C)(C(C)C)NC(=O)C2=CSC=C2,MLBBEGOWTVCESA-YJBOKZPZSA-N,aliphatic,,CCCC[C@@H](C=O)n1cc([C@@](C)(NC(=O)c2ccsc2)C(C)C)nn1,O=C(NCc1c[nH]nn1)c1ccsc1,train,
1795,"(8R)-8-[3-phenylpropyl(propyl)amino]-6,7,8,9-tetrahydro-3H-benzo[e]indole-1-carbaldehyde",CCCN(CCCC1=CC=CC=C1)[C@@H]2CCC3=C(C2)C4=C(C=C3)NC=C4C=O,YXESVSAQXNVTIV-JOCHJYFZSA-N,aromatic_hetero,,CCCN(CCCc1ccccc1)[C@@H]1CCc2ccc3[nH]cc(C=O)c3c2C1,c1ccc(CCCN[C@@H]2CCc3ccc4[nH]ccc4c3C2)cc1,train,
1796,5-(2-formylpyrrol-1-yl)-2-propyl-3-[[4-[2-(2H-tetrazol-5-yl)phenyl]phenyl]methyl]imidazole-4-carboxylic acid,CCCC1=NC(=C(N1CC2=CC=C(C=C2)C3=CC=CC=C3C4=NNN=N4)C(=O)O)N5C=CC=C5C=O,ARRMWIVDLZMNDS-UHFFFAOYSA-N,aromatic_hetero,,CCCc1nc(-n2cccc2C=O)c(C(=O)O)n1Cc1ccc(-c2ccccc2-c2nn[nH]n2)cc1,c1ccc(-c2nn[nH]n2)c(-c2ccc(Cn3cnc(-n4cccc4)c3)cc2)c1,train,
1797,"4,9-dimethoxy-5-oxofuro[3,2-g]chromene-6-carbaldehyde",COC1=C2C(=C(C3=C1C=CO3)OC)OC=C(C2=O)C=O,UELAHFBJLGTYAF-UHFFFAOYSA-N,aromatic_hetero,,COc1c2occc2c(OC)c2c(=O)c(C=O)coc12,O=c1ccoc2cc3occc3cc12,validation,
1798,(2S)-N-[(2S)-1-(1H-indol-2-yl)-3-oxopropan-2-yl]-3-methyl-2-(naphthalen-1-ylsulfonylamino)pentanamide,CCC(C)[C@@H](C(=O)N[C@@H](CC1=CC2=CC=CC=C2N1)C=O)NS(=O)(=O)C3=CC=CC4=CC=CC=C43,LBJZOWAHNPGWGP-CZOSNNJRSA-N,aliphatic,,CCC(C)[C@H](NS(=O)(=O)c1cccc2ccccc12)C(=O)N[C@H](C=O)Cc1cc2ccccc2[nH]1,O=C(CNS(=O)(=O)c1cccc2ccccc12)NCCc1cc2ccccc2[nH]1,validation,
1799,(3R)-3-[[(2R)-2-[[(2R)-2-[[(2R)-2-formamido-3-(4-hydroxyphenyl)propanoyl]amino]-3-methylbutanoyl]amino]propanoyl]amino]-4-oxobutanoic acid,C[C@H](C(=O)N[C@H](CC(=O)O)C=O)NC(=O)[C@@H](C(C)C)NC(=O)[C@@H](CC1=CC=C(C=C1)O)NC=O,MFPYHOBGSVPOTQ-LRCYWBKYSA-N,aliphatic,,CC(C)[C@@H](NC(=O)[C@@H](Cc1ccc(O)cc1)NC=O)C(=O)N[C@H](C)C(=O)N[C@@H](C=O)CC(=O)O,c1ccccc1,train,
1800,[(2S)-1-phenylbutan-2-yl] N-[(2S)-1-oxohexan-2-yl]carbamate,CCCC[C@@H](C=O)NC(=O)O[C@@H](CC)CC1=CC=CC=C1,QQPGHYGBHVMSNJ-HOTGVXAUSA-N,aliphatic,,CCCC[C@@H](C=O)NC(=O)O[C@@H](CC)Cc1ccccc1,c1ccccc1,train,
1801,(2S)-3-methyl-N-[(2S)-3-methyl-1-oxobutan-2-yl]-2-(naphthalen-1-ylsulfonylamino)pentanamide,CCC(C)[C@@H](C(=O)N[C@H](C=O)C(C)C)NS(=O)(=O)C1=CC=CC2=CC=CC=C21,OSWTUQCVSFYKDC-JFSACEIJSA-N,aliphatic,,CCC(C)[C@H](NS(=O)(=O)c1cccc2ccccc12)C(=O)N[C@H](C=O)C(C)C,c1ccc2ccccc2c1,train,
1802,(2S)-3-methyl-N-[(2S)-4-methyl-1-oxopentan-2-yl]-2-(naphthalen-1-ylsulfonylamino)pentanamide,CCC(C)[C@@H](C(=O)N[C@@H](CC(C)C)C=O)NS(=O)(=O)C1=CC=CC2=CC=CC=C21,IMOSLUWKGNEVCI-NOXARIMGSA-N,aliphatic,,CCC(C)[C@H](NS(=O)(=O)c1cccc2ccccc12)C(=O)N[C@H](C=O)CC(C)C,c1ccc2ccccc2c1,train,
1803,(2S)-N-[(2R)-1-(1H-indol-3-yl)-3-oxopropan-2-yl]-3-methyl-2-(naphthalen-1-ylsulfonylamino)butanamide,CC(C)[C@@H](C(=O)N[C@H](CC1=CNC2=CC=CC=C21)C=O)NS(=O)(=O)C3=CC=CC4=CC=CC=C43,JTLMIAYFCQRTPH-NLFFAJNJSA-N,aliphatic,,CC(C)[C@H](NS(=O)(=O)c1cccc2ccccc12)C(=O)N[C@@H](C=O)Cc1c[nH]c2ccccc12,O=C(CNS(=O)(=O)c1cccc2ccccc12)NCCc1c[nH]c2ccccc12,validation,
1804,"(3S)-3-[2-[3-[(4-methyl-1,2,5-oxadiazol-3-yl)methylamino]-2-oxopyrazin-1-yl]butanoylamino]-4-oxobutanoic acid",CCC(C(=O)N[C@@H](CC(=O)O)C=O)N1C=CN=C(C1=O)NCC2=NON=C2C,BPPAKSZSGBPOEH-NUHJPDEHSA-N,aliphatic,,CCC(C(=O)N[C@H](C=O)CC(=O)O)n1ccnc(NCc2nonc2C)c1=O,O=c1[nH]ccnc1NCc1cnon1,train,
1805,(3S)-3-[[(2S)-2-[[(2S)-3-methyl-2-(naphthalene-2-carbonylamino)butanoyl]amino]propanoyl]amino]-4-oxobutanoic acid,C[C@@H](C(=O)N[C@@H](CC(=O)O)C=O)NC(=O)[C@H](C(C)C)NC(=O)C1=CC2=CC=CC=C2C=C1,QSDGPAGGGCSJBM-DCPHZVHLSA-N,aliphatic,,CC(C)[C@H](NC(=O)c1ccc2ccccc2c1)C(=O)N[C@@H](C)C(=O)N[C@H](C=O)CC(=O)O,c1ccc2ccccc2c1,train,
1806,(3S)-3-[[(2S)-4-[2-(3-chloroanilino)ethylamino]-4-oxo-2-propan-2-ylbutanoyl]amino]-4-oxobutanoic acid,CC(C)[C@H](CC(=O)NCCNC1=CC(=CC=C1)Cl)C(=O)N[C@@H](CC(=O)O)C=O,RWWJWXSUNCUWBU-HOTGVXAUSA-N,aliphatic,,CC(C)[C@H](CC(=O)NCCNc1cccc(Cl)c1)C(=O)N[C@H](C=O)CC(=O)O,c1ccccc1,train,
1807,(3S)-3-[[(2S)-4-(2-naphthalen-1-ylethylamino)-4-oxo-2-propan-2-ylbutanoyl]amino]-4-oxobutanoic acid,CC(C)[C@H](CC(=O)NCCC1=CC=CC2=CC=CC=C21)C(=O)N[C@@H](CC(=O)O)C=O,SZOLXGQNVDIICQ-ICSRJNTNSA-N,aliphatic,,CC(C)[C@H](CC(=O)NCCc1cccc2ccccc12)C(=O)N[C@H](C=O)CC(=O)O,c1ccc2ccccc2c1,train,
1808,"(3S)-3-[[(2S)-4-[2-(1,2-dimethylindol-3-yl)ethylamino]-4-oxo-2-propan-2-ylbutanoyl]amino]-4-oxobutanoic acid",CC1=C(C2=CC=CC=C2N1C)CCNC(=O)C[C@@H](C(C)C)C(=O)N[C@@H](CC(=O)O)C=O,OMLDOUTZZAOFDF-LPHOPBHVSA-N,aliphatic,,Cc1c(CCNC(=O)C[C@H](C(=O)N[C@H](C=O)CC(=O)O)C(C)C)c2ccccc2n1C,c1ccc2[nH]ccc2c1,train,
1809,"(3S)-3-[[(7S)-7-[(2-fluorobenzoyl)amino]-6,10-dioxo-2,3,4,7,8,9-hexahydro-1H-pyridazino[1,2-a]diazepine-4-carbonyl]amino]-4-oxobutanoic acid",C1CC(N2C(=O)[C@H](CCC(=O)N2C1)NC(=O)C3=CC=CC=C3F)C(=O)N[C@@H](CC(=O)O)C=O,KXAUXHBXAIZBIR-MUWBKCKESA-N,aliphatic,,O=C[C@H](CC(=O)O)NC(=O)C1CCCN2C(=O)CC[C@H](NC(=O)c3ccccc3F)C(=O)N12,O=C(N[C@H]1CCC(=O)N2CCCCN2C1=O)c1ccccc1,train,
1810,"5-[4-[2-[4-(2-methoxyphenyl)piperazin-1-yl]ethyl]triazol-1-yl]pyrazolo[1,5-a]pyridine-3-carbaldehyde",COC1=CC=CC=C1N2CCN(CC2)CCC3=CN(N=N3)C4=CC5=C(C=NN5C=C4)C=O,UHYDZQALANMGBP-UHFFFAOYSA-N,aromatic_hetero,,COc1ccccc1N1CCN(CCc2cn(-c3ccn4ncc(C=O)c4c3)nn2)CC1,c1ccc(N2CCN(CCc3cn(-c4ccn5nccc5c4)nn3)CC2)cc1,validation,
1811,"1-[4-(3-oxobenzo[f]chromen-2-yl)-1,3-thiazol-2-yl]-3-phenylpyrazole-4-carbaldehyde",C1=CC=C(C=C1)C2=NN(C=C2C=O)C3=NC(=CS3)C4=CC5=C(C=CC6=CC=CC=C65)OC4=O,KFSIRGRDADUFSL-UHFFFAOYSA-N,aromatic_hetero,,O=Cc1cn(-c2nc(-c3cc4c(ccc5ccccc54)oc3=O)cs2)nc1-c1ccccc1,O=c1oc2ccc3ccccc3c2cc1-c1csc(-n2ccc(-c3ccccc3)n2)n1,test,
1812,2-[[4-[(2-amino-4-oxo-3H-quinazolin-6-yl)methyl-ethynylamino]benzoyl]amino]-5-oxopentanoic acid,C#CN(CC1=CC2=C(C=C1)N=C(NC2=O)N)C3=CC=C(C=C3)C(=O)NC(CCC=O)C(=O)O,SNCKXYAIQODZOE-UHFFFAOYSA-N,aliphatic,,C#CN(Cc1ccc2nc(N)[nH]c(=O)c2c1)c1ccc(C(=O)NC(CCC=O)C(=O)O)cc1,O=c1[nH]cnc2ccc(CNc3ccccc3)cc12,validation,
1813,"4-[4-(2,3-dichlorophenyl)piperazin-1-yl]-N-(3-formylpyrazolo[1,5-a]pyridin-5-yl)butanamide",C1CN(CCN1CCCC(=O)NC2=CC3=C(C=NN3C=C2)C=O)C4=C(C(=CC=C4)Cl)Cl,PMBZPLQKUNCRDH-UHFFFAOYSA-N,aromatic_hetero,,O=Cc1cnn2ccc(NC(=O)CCCN3CCN(c4cccc(Cl)c4Cl)CC3)cc12,O=C(CCCN1CCN(c2ccccc2)CC1)Nc1ccn2nccc2c1,train,
1814,"6-[4-[[(2S)-5-hydroxy-1,2,3,4-tetrahydronaphthalen-2-yl]-propylamino]butoxy]pyrazolo[1,5-a]pyridine-3-carbaldehyde",CCCN(CCCCOC1=CN2C(=C(C=N2)C=O)C=C1)[C@H]3CCC4=C(C3)C=CC=C4O,NWVXCTHMKYPUKK-NRFANRHFSA-N,aromatic_hetero,,CCCN(CCCCOc1ccc2c(C=O)cnn2c1)[C@H]1CCc2c(O)cccc2C1,c1ccc2c(c1)CC[C@H](NCCCCOc1ccc3ccnn3c1)C2,validation,
1815,"5-[4-[[(2S)-5-hydroxy-1,2,3,4-tetrahydronaphthalen-2-yl]-propylamino]butoxy]pyrazolo[1,5-a]pyridine-3-carbaldehyde",CCCN(CCCCOC1=CC2=C(C=NN2C=C1)C=O)[C@H]3CCC4=C(C3)C=CC=C4O,IYWXUSILGIBAQW-NRFANRHFSA-N,aromatic_hetero,,CCCN(CCCCOc1ccn2ncc(C=O)c2c1)[C@H]1CCc2c(O)cccc2C1,c1ccc2c(c1)CC[C@H](NCCCCOc1ccn3nccc3c1)C2,train,
1816,"5-[4-[4-(2-methoxyphenyl)piperazin-1-yl]butoxy]pyrazolo[1,5-a]pyridine-2-carbaldehyde",COC1=CC=CC=C1N2CCN(CC2)CCCCOC3=CC4=CC(=NN4C=C3)C=O,XTFRBHHJAHSVNA-UHFFFAOYSA-N,aromatic_hetero,,COc1ccccc1N1CCN(CCCCOc2ccn3nc(C=O)cc3c2)CC1,c1ccc(N2CCN(CCCCOc3ccn4nccc4c3)CC2)cc1,test,
1817,"5-[4-[4-(5-hydroxy-3-oxo-4H-1,4-benzoxazin-8-yl)piperazin-1-yl]butoxy]pyrazolo[1,5-a]pyridine-3-carbaldehyde",C1CN(CCN1CCCCOC2=CC3=C(C=NN3C=C2)C=O)C4=C5C(=C(C=C4)O)NC(=O)CO5,QUUFDJZHDLIECK-UHFFFAOYSA-N,aromatic_hetero,,O=Cc1cnn2ccc(OCCCCN3CCN(c4ccc(O)c5c4OCC(=O)N5)CC3)cc12,O=C1COc2c(cccc2N2CCN(CCCCOc3ccn4nccc4c3)CC2)N1,validation,
1818,"5-[4-[4-(8-hydroxy-2-oxo-1H-quinolin-5-yl)piperazin-1-yl]butoxy]pyrazolo[1,5-a]pyridine-3-carbaldehyde",C1CN(CCN1CCCCOC2=CC3=C(C=NN3C=C2)C=O)C4=C5C=CC(=O)NC5=C(C=C4)O,NHLHTGDNMWUOMW-UHFFFAOYSA-N,aromatic_hetero,,O=Cc1cnn2ccc(OCCCCN3CCN(c4ccc(O)c5[nH]c(=O)ccc45)CC3)cc12,O=c1ccc2c(N3CCN(CCCCOc4ccn5nccc5c4)CC3)cccc2[nH]1,test,
1819,"3-(4-methoxyphenyl)-4-oxo-1H-indeno[2,1-d]pyrazole-5-carbaldehyde",COC1=CC=C(C=C1)C2=NNC3=C2C(=O)C4=C(C=CC=C43)C=O,TVZCIMNGAOZHSH-UHFFFAOYSA-N,aromatic_carbo,,COc1ccc(-c2n[nH]c3c2C(=O)c2c(C=O)cccc2-3)cc1,O=C1c2ccccc2-c2[nH]nc(-c3ccccc3)c21,validation,
1820,"[(2Z)-2-[(2R,5Z,9S,10Z)-2,9-dihydroxy-10-[1-(methoxycarbonylamino)ethylidene]-2-(2-oxoethyl)cyclodec-5-en-3,7-diyn-1-ylidene]ethyl] 4-nitrobenzoate",C/C(=C\1/[C@H](C#C/C=C\C#C[C@@](/C1=C\COC(=O)C2=CC=C(C=C2)[N+](=O)[O-])(CC=O)O)O)/NC(=O)OC,VPFAMYNCVGNJHA-IPOPKSLLSA-N,aliphatic,nitro,COC(=O)N/C(C)=C1/C(=C/COC(=O)c2ccc([N+](=O)[O-])cc2)[C@@](O)(CC=O)C#C/C=C\C#C[C@@H]1O,C=C1CC#C/C=C\C#CC/C1=C\COC(=O)c1ccccc1,train,
1821,"5-methyl-11H-indolo[3,2-b]carbazole-6-carbaldehyde",CN1C2=CC=CC=C2C3=CC4=C(C5=CC=CC=C5N4)C(=C31)C=O,XGYBLMVBSSQZRI-UHFFFAOYSA-N,aromatic_carbo,,Cn1c2ccccc2c2cc3[nH]c4ccccc4c3c(C=O)c21,c1ccc2c(c1)[nH]c1cc3c(cc12)[nH]c1ccccc13,train,
1822,"N-(4-formyl-1,2,3,10-tetramethoxy-9-oxo-6,7-dihydro-5H-benzo[a]heptalen-7-yl)acetamide",CC(=O)NC1CCC2=C(C(=C(C(=C2C3=CC=C(C(=O)C=C13)OC)OC)OC)OC)C=O,JUWAUXATKRGHCK-UHFFFAOYSA-N,aromatic_carbo,,COc1c(C=O)c2c(c(OC)c1OC)-c1ccc(OC)c(=O)cc1C(NC(C)=O)CC2,O=c1cccc2c(c1)CCCc1ccccc1-2,test,
1823,N-[(2S)-1-[[(2S)-4-methyl-1-oxopentan-2-yl]amino]-3-naphthalen-1-yl-1-oxopropan-2-yl]pyrazine-2-carboxamide,CC(C)C[C@@H](C=O)NC(=O)[C@H](CC1=CC=CC2=CC=CC=C21)NC(=O)C3=NC=CN=C3,CEKLWWPHVYLUIA-FPOVZHCZSA-N,aliphatic,,CC(C)C[C@@H](C=O)NC(=O)[C@H](Cc1cccc2ccccc12)NC(=O)c1cnccn1,O=C(NCCc1cccc2ccccc12)c1cnccn1,test,
1824,4-(1-methylimidazol-2-yl)sulfanyl-3-nitrobenzaldehyde,CN1C=CN=C1SC2=C(C=C(C=C2)C=O)[N+](=O)[O-],UURVCBPJISXKEZ-UHFFFAOYSA-N,aromatic_carbo,nitro,Cn1ccnc1Sc1ccc(C=O)cc1[N+](=O)[O-],c1ccc(Sc2ncc[nH]2)cc1,train,
1825,"4-(imidazo[1,2-a]pyridin-2-ylmethoxy)benzaldehyde",C1=CC2=NC(=CN2C=C1)COC3=CC=C(C=C3)C=O,DJDDDYGGKVCWQO-UHFFFAOYSA-N,aromatic_carbo,,O=Cc1ccc(OCc2cn3ccccc3n2)cc1,c1ccc(OCc2cn3ccccc3n2)cc1,train,
1826,"N-(3,4-dimethylphenyl)-2-(3-formylindol-1-yl)acetamide",CC1=C(C=C(C=C1)NC(=O)CN2C=C(C3=CC=CC=C32)C=O)C,CCNSNJUWVRKWIK-UHFFFAOYSA-N,aromatic_hetero,,Cc1ccc(NC(=O)Cn2cc(C=O)c3ccccc32)cc1C,O=C(Cn1ccc2ccccc21)Nc1ccccc1,train,
1827,"4-oxo-2-[3-(trifluoromethyl)anilino]pyrido[1,2-a]pyrimidine-3-carbaldehyde",C1=CC2=NC(=C(C(=O)N2C=C1)C=O)NC3=CC=CC(=C3)C(F)(F)F,KKTRDLDCCQNKIF-UHFFFAOYSA-N,aromatic_hetero,,O=Cc1c(Nc2cccc(C(F)(F)F)c2)nc2ccccn2c1=O,O=c1cc(Nc2ccccc2)nc2ccccn12,train,
1828,1-[2-(2-methylphenoxy)ethyl]indole-3-carbaldehyde,CC1=CC=CC=C1OCCN2C=C(C3=CC=CC=C32)C=O,VLODCKSYZHDUEN-UHFFFAOYSA-N,aromatic_hetero,,Cc1ccccc1OCCn1cc(C=O)c2ccccc21,c1ccc(OCCn2ccc3ccccc32)cc1,train,
1829,1-[2-(4-methylphenoxy)ethyl]indole-3-carbaldehyde,CC1=CC=C(C=C1)OCCN2C=C(C3=CC=CC=C32)C=O,MOQFAKITSOFEFT-UHFFFAOYSA-N,aromatic_hetero,,Cc1ccc(OCCn2cc(C=O)c3ccccc32)cc1,c1ccc(OCCn2ccc3ccccc32)cc1,train,
1830,2-methyl-1-(2-phenoxyethyl)indole-3-carbaldehyde,CC1=C(C2=CC=CC=C2N1CCOC3=CC=CC=C3)C=O,LXNOIWGACXKKNF-UHFFFAOYSA-N,aromatic_hetero,,Cc1c(C=O)c2ccccc2n1CCOc1ccccc1,c1ccc(OCCn2ccc3ccccc32)cc1,train,
1831,1-[2-(3-methoxyphenoxy)ethyl]indole-3-carbaldehyde,COC1=CC(=CC=C1)OCCN2C=C(C3=CC=CC=C32)C=O,IDJJAKXNKDYCBP-UHFFFAOYSA-N,aromatic_hetero,,COc1cccc(OCCn2cc(C=O)c3ccccc32)c1,c1ccc(OCCn2ccc3ccccc32)cc1,train,
1832,"2,5-dimethoxy-4-pyrrolidin-1-ylbenzaldehyde",COC1=CC(=C(C=C1C=O)OC)N2CCCC2,PVYKEKQDQZMXCB-UHFFFAOYSA-N,aromatic_carbo,,COc1cc(N2CCCC2)c(OC)cc1C=O,c1ccc(N2CCCC2)cc1,train,
1833,1-[(2-fluorophenyl)methyl]-2-methylindole-3-carbaldehyde,CC1=C(C2=CC=CC=C2N1CC3=CC=CC=C3F)C=O,ZFMYJECEAQBHKA-UHFFFAOYSA-N,aromatic_hetero,,Cc1c(C=O)c2ccccc2n1Cc1ccccc1F,c1ccc(Cn2ccc3ccccc32)cc1,train,
1834,1-naphthalen-2-ylpyrrole-2-carbaldehyde,C1=CC=C2C=C(C=CC2=C1)N3C=CC=C3C=O,JXZGHRSZIIBRJQ-UHFFFAOYSA-N,aromatic_hetero,,O=Cc1cccn1-c1ccc2ccccc2c1,c1ccc2cc(-n3cccc3)ccc2c1,test,
1835,"(2-formyl-3,5-dimethoxyphenyl) morpholine-4-carboxylate",COC1=CC(=C(C(=C1)OC(=O)N2CCOCC2)C=O)OC,HSMVEBHDVWJJBG-UHFFFAOYSA-N,aromatic_carbo,,COc1cc(OC)c(C=O)c(OC(=O)N2CCOCC2)c1,O=C(Oc1ccccc1)N1CCOCC1,train,
1836,"1-(2-ethoxyphenyl)-2,5-dimethylpyrrole-3-carbaldehyde",CCOC1=CC=CC=C1N2C(=CC(=C2C)C=O)C,AWSCFJVLUPPASC-UHFFFAOYSA-N,aromatic_hetero,,CCOc1ccccc1-n1c(C)cc(C=O)c1C,c1ccc(-n2cccc2)cc1,train,
1837,"1-(2,5-dimethoxyphenyl)-2,5-dimethylpyrrole-3-carbaldehyde",CC1=CC(=C(N1C2=C(C=CC(=C2)OC)OC)C)C=O,RVYUZOBWBARGQJ-UHFFFAOYSA-N,aromatic_hetero,,COc1ccc(OC)c(-n2c(C)cc(C=O)c2C)c1,c1ccc(-n2cccc2)cc1,train,
1838,"ethyl 4-(3-formyl-4-oxopyrido[1,2-a]pyrimidin-2-yl)piperazine-1-carboxylate",CCOC(=O)N1CCN(CC1)C2=C(C(=O)N3C=CC=CC3=N2)C=O,HHKXRGZMFJZKGH-UHFFFAOYSA-N,aromatic_hetero,,CCOC(=O)N1CCN(c2nc3ccccn3c(=O)c2C=O)CC1,O=c1cc(N2CCNCC2)nc2ccccn12,validation,
1839,1-[4-(furan-2-yl)pyrimidin-2-yl]pyrrole-2-carbaldehyde,C1=CN(C(=C1)C=O)C2=NC=CC(=N2)C3=CC=CO3,IOSXYJXHRLBSBR-UHFFFAOYSA-N,aromatic_hetero,,O=Cc1cccn1-c1nccc(-c2ccco2)n1,c1coc(-c2ccnc(-n3cccc3)n2)c1,test,
1840,[4-(4-formylpyrimidin-2-yl)phenyl] furan-2-carboxylate,C1=COC(=C1)C(=O)OC2=CC=C(C=C2)C3=NC=CC(=N3)C=O,WZBKNJWWXYWYIO-UHFFFAOYSA-N,aromatic_hetero,,O=Cc1ccnc(-c2ccc(OC(=O)c3ccco3)cc2)n1,O=C(Oc1ccc(-c2ncccn2)cc1)c1ccco1,validation,
1841,4-(2-chloro-5-fluoropyrimidin-4-yl)oxybenzaldehyde,C1=CC(=CC=C1C=O)OC2=NC(=NC=C2F)Cl,PMAZFSFWXFXAGA-UHFFFAOYSA-N,aromatic_carbo,,O=Cc1ccc(Oc2nc(Cl)ncc2F)cc1,c1ccc(Oc2ccncn2)cc1,train,
1842,"2-[(4-amino-6-anilino-1,3,5-triazin-2-yl)methoxy]benzaldehyde",C1=CC=C(C=C1)NC2=NC(=NC(=N2)N)COC3=CC=CC=C3C=O,MDYSHFNSGFAZIF-UHFFFAOYSA-N,aromatic_carbo,,Nc1nc(COc2ccccc2C=O)nc(Nc2ccccc2)n1,c1ccc(Nc2ncnc(COc3ccccc3)n2)cc1,test,
1843,3-(4-fluorobenzoyl)-2-methylindolizine-1-carbaldehyde,CC1=C(N2C=CC=CC2=C1C=O)C(=O)C3=CC=C(C=C3)F,PMCPFWPFWORCTE-UHFFFAOYSA-N,aromatic_hetero,,Cc1c(C=O)c2ccccn2c1C(=O)c1ccc(F)cc1,O=C(c1ccccc1)c1ccc2ccccn12,train,
1844,"1-[2-(2,3-dihydroindol-1-yl)-2-oxoethyl]indole-3-carbaldehyde",C1CN(C2=CC=CC=C21)C(=O)CN3C=C(C4=CC=CC=C43)C=O,WNNUHYIGJUHJSO-UHFFFAOYSA-N,aromatic_hetero,,O=Cc1cn(CC(=O)N2CCc3ccccc32)c2ccccc12,O=C(Cn1ccc2ccccc21)N1CCc2ccccc21,validation,
1845,"dimethyl 5-(3-formyl-2,5-dimethylpyrrol-1-yl)benzene-1,3-dicarboxylate",CC1=CC(=C(N1C2=CC(=CC(=C2)C(=O)OC)C(=O)OC)C)C=O,VXWAFFKYYPGUPG-UHFFFAOYSA-N,aromatic_hetero,,COC(=O)c1cc(C(=O)OC)cc(-n2c(C)cc(C=O)c2C)c1,c1ccc(-n2cccc2)cc1,train,
1846,"N-(2,5-dimethoxyphenyl)-2-(3-formylindol-1-yl)acetamide",COC1=CC(=C(C=C1)OC)NC(=O)CN2C=C(C3=CC=CC=C32)C=O,AUINKFQAFUWXSR-UHFFFAOYSA-N,aromatic_hetero,,COc1ccc(OC)c(NC(=O)Cn2cc(C=O)c3ccccc32)c1,O=C(Cn1ccc2ccccc21)Nc1ccccc1,train,
1847,"[2-(2,4-difluoroanilino)-2-oxoethyl] 4-formylbenzoate",C1=CC(=CC=C1C=O)C(=O)OCC(=O)NC2=C(C=C(C=C2)F)F,FJBYCPZINIEBFQ-UHFFFAOYSA-N,aromatic_carbo,,O=Cc1ccc(C(=O)OCC(=O)Nc2ccc(F)cc2F)cc1,O=C(COC(=O)c1ccccc1)Nc1ccccc1,train,
1848,[2-(furan-2-ylmethylamino)-2-oxoethyl] 4-formylbenzoate,C1=COC(=C1)CNC(=O)COC(=O)C2=CC=C(C=C2)C=O,DELPLTZHIGRHMW-UHFFFAOYSA-N,aromatic_carbo,,O=Cc1ccc(C(=O)OCC(=O)NCc2ccco2)cc1,O=C(COC(=O)c1ccccc1)NCc1ccco1,train,
1849,"2-(1,4-dioxa-8-azaspiro[4.5]decan-8-yl)-9-methyl-4-oxopyrido[1,2-a]pyrimidine-3-carbaldehyde",CC1=CC=CN2C1=NC(=C(C2=O)C=O)N3CCC4(CC3)OCCO4,RCTRFTHTQPVVOI-UHFFFAOYSA-N,aromatic_hetero,,Cc1cccn2c(=O)c(C=O)c(N3CCC4(CC3)OCCO4)nc12,O=c1cc(N2CCC3(CC2)OCCO3)nc2ccccn12,train,
1850,"2-(2,4-difluorophenoxy)-1-methylindole-3-carbaldehyde",CN1C2=CC=CC=C2C(=C1OC3=C(C=C(C=C3)F)F)C=O,RGESBTLCWJTUDK-UHFFFAOYSA-N,aromatic_hetero,,Cn1c(Oc2ccc(F)cc2F)c(C=O)c2ccccc21,c1ccc(Oc2cc3ccccc3[nH]2)cc1,train,
1851,2-bromo-2-dimorpholin-4-ylphosphorylacetaldehyde,C1COCCN1P(=O)(C(C=O)Br)N2CCOCC2,KNCFQXHOZHPNFY-UHFFFAOYSA-N,aliphatic,phosphorus,O=CC(Br)P(=O)(N1CCOCC1)N1CCOCC1,O=[PH](N1CCOCC1)N1CCOCC1,validation,
1852,"2-[2-(1,3-dioxoisoindol-2-yl)ethoxy]-3-methoxybenzaldehyde",COC1=CC=CC(=C1OCCN2C(=O)C3=CC=CC=C3C2=O)C=O,UKSOQBFWPNTWGF-UHFFFAOYSA-N,aromatic_carbo,,COc1cccc(C=O)c1OCCN1C(=O)c2ccccc2C1=O,O=C1c2ccccc2C(=O)N1CCOc1ccccc1,test,
1853,2-(3-quinolin-8-yloxypropoxy)benzaldehyde,C1=CC=C(C(=C1)C=O)OCCCOC2=CC=CC3=C2N=CC=C3,QGNFGIXTKZKYFC-UHFFFAOYSA-N,aromatic_carbo,,O=Cc1ccccc1OCCCOc1cccc2cccnc12,c1ccc(OCCCOc2cccc3cccnc23)cc1,train,
1854,"(11S)-11-methyl-10-(3-methylbut-2-enyl)-2-sulfanylidene-1,3,10-triazatricyclo[6.4.1.04,13]trideca-4(13),5,7-triene-7-carbaldehyde",C[C@H]1CN2C3=C(C=CC(=C3CN1CC=C(C)C)C=O)NC2=S,APLAIMUMZMFTNC-LBPRGKRZSA-N,aromatic_carbo,,CC(C)=CCN1Cc2c(C=O)ccc3[nH]c(=S)n(c23)C[C@@H]1C,S=c1[nH]c2cccc3c2n1CCNC3,train,
1855,3-[5-(dimethylamino)-3-ethyl-2-methyl-6-oxo-1H-pyridine-4-carbonyl]benzaldehyde,CCC1=C(NC(=O)C(=C1C(=O)C2=CC=CC(=C2)C=O)N(C)C)C,RMWVPPAUBDAKSN-UHFFFAOYSA-N,aromatic_carbo,,CCc1c(C)[nH]c(=O)c(N(C)C)c1C(=O)c1cccc(C=O)c1,O=C(c1ccccc1)c1cc[nH]c(=O)c1,validation,
1856,1-(2-hydroxy-3-piperidin-1-ylpropyl)indole-3-carbaldehyde,C1CCN(CC1)CC(CN2C=C(C3=CC=CC=C32)C=O)O,SJDBPDLGPTYOHG-UHFFFAOYSA-N,aromatic_hetero,,O=Cc1cn(CC(O)CN2CCCCC2)c2ccccc12,c1ccc2c(c1)ccn2CCCN1CCCCC1,validation,
1857,5-(4-methylpiperidin-1-yl)furan-2-carbaldehyde,CC1CCN(CC1)C2=CC=C(O2)C=O,RQILMBASKZCFER-UHFFFAOYSA-N,aromatic_hetero,,CC1CCN(c2ccc(C=O)o2)CC1,c1coc(N2CCCCC2)c1,train,
1858,3-ethoxy-4-[2-(2-methyl-5-nitroimidazol-1-yl)ethoxy]benzaldehyde,CCOC1=C(C=CC(=C1)C=O)OCCN2C(=NC=C2[N+](=O)[O-])C,YPVWNZIPADCUIV-UHFFFAOYSA-N,aromatic_carbo,nitro,CCOc1cc(C=O)ccc1OCCn1c([N+](=O)[O-])cnc1C,c1ccc(OCCn2ccnc2)cc1,train,
1859,"3-(4,6-dimethoxypyrimidin-2-yl)oxy-4-methoxybenzaldehyde",COC1=C(C=C(C=C1)C=O)OC2=NC(=CC(=N2)OC)OC,HHVYGZSQIKEKAV-UHFFFAOYSA-N,aromatic_carbo,,COc1cc(OC)nc(Oc2cc(C=O)ccc2OC)n1,c1ccc(Oc2ncccn2)cc1,train,
1860,"1-[2-(3,5-dimethylpiperidin-1-yl)-2-oxoethyl]indole-3-carbaldehyde",CC1CC(CN(C1)C(=O)CN2C=C(C3=CC=CC=C32)C=O)C,FTYSRBBUOHXXNJ-UHFFFAOYSA-N,aromatic_hetero,,CC1CC(C)CN(C(=O)Cn2cc(C=O)c3ccccc32)C1,O=C(Cn1ccc2ccccc21)N1CCCCC1,train,
1861,methyl 5-(2-formylpyrrol-1-yl)-1-phenylpyrazole-4-carboxylate,COC(=O)C1=C(N(N=C1)C2=CC=CC=C2)N3C=CC=C3C=O,YATPYLLWQHHCIQ-UHFFFAOYSA-N,aromatic_hetero,,COC(=O)c1cnn(-c2ccccc2)c1-n1cccc1C=O,c1ccc(-n2nccc2-n2cccc2)cc1,train,
1862,N-(3-ethylphenyl)-2-(3-formylindol-1-yl)acetamide,CCC1=CC(=CC=C1)NC(=O)CN2C=C(C3=CC=CC=C32)C=O,AZZHMNPMHVCPJV-UHFFFAOYSA-N,aromatic_hetero,,CCc1cccc(NC(=O)Cn2cc(C=O)c3ccccc32)c1,O=C(Cn1ccc2ccccc21)Nc1ccccc1,train,
1863,"4-[5-(4-methoxyphenyl)-3-phenyl-3,4-dihydropyrazol-2-yl]benzaldehyde",COC1=CC=C(C=C1)C2=NN(C(C2)C3=CC=CC=C3)C4=CC=C(C=C4)C=O,ZOJHEOXUAKSTAO-UHFFFAOYSA-N,aromatic_carbo,,COc1ccc(C2=NN(c3ccc(C=O)cc3)C(c3ccccc3)C2)cc1,c1ccc(C2=NN(c3ccccc3)C(c3ccccc3)C2)cc1,train,
1864,"2-[4-(1,3-benzodioxol-5-ylmethyl)piperazin-1-yl]-5-nitrobenzaldehyde",C1CN(CCN1CC2=CC3=C(C=C2)OCO3)C4=C(C=C(C=C4)[N+](=O)[O-])C=O,ALOTVOANVRBLLQ-UHFFFAOYSA-N,aromatic_carbo,nitro,O=Cc1cc([N+](=O)[O-])ccc1N1CCN(Cc2ccc3c(c2)OCO3)CC1,c1ccc(N2CCN(Cc3ccc4c(c3)OCO4)CC2)cc1,train,
1865,2-(2-formyl-4-methoxyphenoxy)-N-pentan-3-ylacetamide,CCC(CC)NC(=O)COC1=C(C=C(C=C1)OC)C=O,GMJGMTFHEJVEMK-UHFFFAOYSA-N,aromatic_carbo,,CCC(CC)NC(=O)COc1ccc(OC)cc1C=O,c1ccccc1,train,
1866,ethyl 1-ethyl-3-formylindole-2-carboxylate,CCN1C2=CC=CC=C2C(=C1C(=O)OCC)C=O,NZLSLNOZESEFMD-UHFFFAOYSA-N,aromatic_hetero,,CCOC(=O)c1c(C=O)c2ccccc2n1CC,c1ccc2[nH]ccc2c1,train,
1867,"(E)-3-(4-formylphenyl)-N-[(1S)-1-(5-methyl-4-oxothieno[2,3-d][1,3]oxazin-2-yl)ethyl]prop-2-enamide",CC1=CSC2=C1C(=O)OC(=N2)[C@H](C)NC(=O)/C=C/C3=CC=C(C=C3)C=O,SKAVJECRXZJIAF-GUOLPTJISA-N,aromatic_carbo,,Cc1csc2nc([C@H](C)NC(=O)/C=C/c3ccc(C=O)cc3)oc(=O)c12,O=C(/C=C/c1ccccc1)NCc1nc2sccc2c(=O)o1,test,
1868,4-[(3-fluorophenyl)methylamino]-2-oxo-1H-quinoline-3-carbaldehyde,C1=CC=C2C(=C1)C(=C(C(=O)N2)C=O)NCC3=CC(=CC=C3)F,NEENUQOFMIWPOF-UHFFFAOYSA-N,aromatic_hetero,,O=Cc1c(NCc2cccc(F)c2)c2ccccc2[nH]c1=O,O=c1cc(NCc2ccccc2)c2ccccc2[nH]1,test,
1869,4-(benzylamino)-2-oxo-1H-quinoline-3-carbaldehyde,C1=CC=C(C=C1)CNC2=C(C(=O)NC3=CC=CC=C32)C=O,HCJXALVZZSXZFZ-UHFFFAOYSA-N,aromatic_hetero,,O=Cc1c(NCc2ccccc2)c2ccccc2[nH]c1=O,O=c1cc(NCc2ccccc2)c2ccccc2[nH]1,test,
1870,4-[(4-fluorophenyl)methylamino]-2-oxo-1H-quinoline-3-carbaldehyde,C1=CC=C2C(=C1)C(=C(C(=O)N2)C=O)NCC3=CC=C(C=C3)F,XIASDGBYVUVVDM-UHFFFAOYSA-N,aromatic_hetero,,O=Cc1c(NCc2ccc(F)cc2)c2ccccc2[nH]c1=O,O=c1cc(NCc2ccccc2)c2ccccc2[nH]1,test,
1871,4-[2-(3-fluorophenyl)ethylamino]-2-oxo-1H-quinoline-3-carbaldehyde,C1=CC=C2C(=C1)C(=C(C(=O)N2)C=O)NCCC3=CC(=CC=C3)F,XHJNULGPIQJZKZ-UHFFFAOYSA-N,aromatic_hetero,,O=Cc1c(NCCc2cccc(F)c2)c2ccccc2[nH]c1=O,O=c1cc(NCCc2ccccc2)c2ccccc2[nH]1,train,
1872,4-[(4-chlorophenyl)methylamino]-2-oxo-1H-quinoline-3-carbaldehyde,C1=CC=C2C(=C1)C(=C(C(=O)N2)C=O)NCC3=CC=C(C=C3)Cl,XEUVHCGNKSWIEL-UHFFFAOYSA-N,aromatic_hetero,,O=Cc1c(NCc2ccc(Cl)cc2)c2ccccc2[nH]c1=O,O=c1cc(NCc2ccccc2)c2ccccc2[nH]1,test,
1873,2-oxo-4-[3-(2-oxopyrrolidin-1-yl)propylamino]-1H-quinoline-3-carbaldehyde,C1CC(=O)N(C1)CCCNC2=C(C(=O)NC3=CC=CC=C32)C=O,KITXEEDPQOWKDR-UHFFFAOYSA-N,aromatic_hetero,,O=Cc1c(NCCCN2CCCC2=O)c2ccccc2[nH]c1=O,O=C1CCCN1CCCNc1cc(=O)[nH]c2ccccc12,train,
1874,4-[3-(4-methylpiperazin-1-yl)propylamino]-2-oxo-1H-quinoline-3-carbaldehyde,CN1CCN(CC1)CCCNC2=C(C(=O)NC3=CC=CC=C32)C=O,OOLDWBZNVMRCRO-UHFFFAOYSA-N,aromatic_hetero,,CN1CCN(CCCNc2c(C=O)c(=O)[nH]c3ccccc23)CC1,O=c1cc(NCCCN2CCNCC2)c2ccccc2[nH]1,validation,
1875,4-(2-morpholin-4-ylethylamino)-2-oxo-1H-quinoline-3-carbaldehyde,C1COCCN1CCNC2=C(C(=O)NC3=CC=CC=C32)C=O,KDQLTYOPZJTGMV-UHFFFAOYSA-N,aromatic_hetero,,O=Cc1c(NCCN2CCOCC2)c2ccccc2[nH]c1=O,O=c1cc(NCCN2CCOCC2)c2ccccc2[nH]1,test,
1876,4-[(2-fluorophenyl)methylamino]-2-oxo-1H-quinoline-3-carbaldehyde,C1=CC=C(C(=C1)CNC2=C(C(=O)NC3=CC=CC=C32)C=O)F,QJUJOQIVOCOTAP-UHFFFAOYSA-N,aromatic_hetero,,O=Cc1c(NCc2ccccc2F)c2ccccc2[nH]c1=O,O=c1cc(NCc2ccccc2)c2ccccc2[nH]1,test,
1877,"2-[[(2S,5R)-5-(5-methyl-2,4-dioxopyrimidin-1-yl)-2,5-dihydrofuran-2-yl]methoxy]-2-oxo-4H-1,3,2lambda5-benzodioxaphosphinine-6-carbaldehyde",CC1=CN(C(=O)NC1=O)[C@H]2C=C[C@H](O2)COP3(=O)OCC4=C(O3)C=CC(=C4)C=O,UJAJPOYOPQQARS-CCWRPAJNSA-N,aromatic_carbo,phosphorus,Cc1cn([C@H]2C=C[C@@H](COP3(=O)OCc4cc(C=O)ccc4O3)O2)c(=O)[nH]c1=O,O=c1ccn([C@H]2C=C[C@@H](COP3(=O)OCc4ccccc4O3)O2)c(=O)[nH]1,train,
1878,"8-methyl-2-[[(2S,5R)-5-(5-methyl-2,4-dioxopyrimidin-1-yl)-2,5-dihydrofuran-2-yl]methoxy]-2-oxo-4H-1,3,2lambda5-benzodioxaphosphinine-6-carbaldehyde",CC1=CC(=CC2=C1OP(=O)(OC2)OC[C@@H]3C=C[C@@H](O3)N4C=C(C(=O)NC4=O)C)C=O,XZCROKDHIICKSV-HZZXRAHOSA-N,aromatic_carbo,phosphorus,Cc1cc(C=O)cc2c1OP(=O)(OC[C@@H]1C=C[C@H](n3cc(C)c(=O)[nH]c3=O)O1)OC2,O=c1ccn([C@H]2C=C[C@@H](COP3(=O)OCc4ccccc4O3)O2)c(=O)[nH]1,train,
1879,"4-[4-[2-(2,4-difluorophenyl)-2-hydroxy-3-(1,2,4-triazol-1-yl)propyl]piperazin-1-yl]benzaldehyde",C1CN(CCN1CC(CN2C=NC=N2)(C3=C(C=C(C=C3)F)F)O)C4=CC=C(C=C4)C=O,DMWFJBPGIWIXKH-UHFFFAOYSA-N,aromatic_carbo,,O=Cc1ccc(N2CCN(CC(O)(Cn3cncn3)c3ccc(F)cc3F)CC2)cc1,c1ccc(C(CN2CCN(c3ccccc3)CC2)Cn2cncn2)cc1,train,
1880,"[(8R,9S,10S,12S)-11-acetyl-8-(carbamoyloxymethyl)-4-formyl-6-methoxy-14-oxa-1,11-diazatetracyclo[7.4.1.02,7.010,12]tetradeca-2(7),3,5-trien-9-yl] acetate",CC(=O)N1[C@@H]2[C@H]1[C@@]3([C@H](C4=C(C=C(C=C4OC)C=O)N(C2)O3)COC(=O)N)OC(=O)C,BUZDGGFWWPZBIN-MSIWLMLLSA-N,aromatic_carbo,,COc1cc(C=O)cc2c1[C@H](COC(N)=O)[C@]1(OC(C)=O)ON2C[C@H]2[C@@H]1N2C(C)=O,c1ccc2c(c1)CC1ON2C[C@@H]2N[C@H]12,train,
1881,"3-tert-butyl-6-oxo-1-phenyl-7H-pyrazolo[5,4-b]pyridine-5-carbaldehyde",CC(C)(C)C1=NN(C2=C1C=C(C(=O)N2)C=O)C3=CC=CC=C3,YBLCYZKVVSGECJ-UHFFFAOYSA-N,aromatic_hetero,,CC(C)(C)c1nn(-c2ccccc2)c2[nH]c(=O)c(C=O)cc12,O=c1ccc2cnn(-c3ccccc3)c2[nH]1,train,
1882,4-methoxy-3-[(3-methyl-4-nitrophenoxy)methyl]benzaldehyde,CC1=C(C=CC(=C1)OCC2=C(C=CC(=C2)C=O)OC)[N+](=O)[O-],JJHMHLVFWHXKEK-UHFFFAOYSA-N,aromatic_carbo,nitro,COc1ccc(C=O)cc1COc1ccc([N+](=O)[O-])c(C)c1,c1ccc(COc2ccccc2)cc1,train,
1883,2-(dimethylamino)-7-methylquinoline-3-carbaldehyde,CC1=CC2=NC(=C(C=C2C=C1)C=O)N(C)C,QNSLAQISKFRUTN-UHFFFAOYSA-N,aromatic_hetero,,Cc1ccc2cc(C=O)c(N(C)C)nc2c1,c1ccc2ncccc2c1,train,
1884,propan-2-yl 3-(5-formylfuran-2-yl)benzoate,CC(C)OC(=O)C1=CC=CC(=C1)C2=CC=C(O2)C=O,AVRHUFUUKKLAMR-UHFFFAOYSA-N,aromatic_hetero,,CC(C)OC(=O)c1cccc(-c2ccc(C=O)o2)c1,c1ccc(-c2ccco2)cc1,train,
1885,"2,5-dimethyl-1-[4-[(5-nitro-2-pyridinyl)oxy]phenyl]pyrrole-3-carbaldehyde",CC1=CC(=C(N1C2=CC=C(C=C2)OC3=NC=C(C=C3)[N+](=O)[O-])C)C=O,HIHAGLHIENBLBC-UHFFFAOYSA-N,aromatic_hetero,nitro,Cc1cc(C=O)c(C)n1-c1ccc(Oc2ccc([N+](=O)[O-])cn2)cc1,c1ccc(Oc2ccc(-n3cccc3)cc2)nc1,validation,
1886,"methyl 3-(3-formyl-2,5-dimethylpyrrol-1-yl)-2-methylbenzoate",CC1=CC(=C(N1C2=CC=CC(=C2C)C(=O)OC)C)C=O,RFHOSFSEXNNOFX-UHFFFAOYSA-N,aromatic_hetero,,COC(=O)c1cccc(-n2c(C)cc(C=O)c2C)c1C,c1ccc(-n2cccc2)cc1,train,
1887,"4-methoxy-3-[(2,3,5,6-tetrafluorophenoxy)methyl]benzaldehyde",COC1=C(C=C(C=C1)C=O)COC2=C(C(=CC(=C2F)F)F)F,SOOBMJKCWOLEOI-UHFFFAOYSA-N,aromatic_carbo,,COc1ccc(C=O)cc1COc1c(F)c(F)cc(F)c1F,c1ccc(COc2ccccc2)cc1,train,
1888,"ethyl 3-(3-formyl-2,5-dimethylpyrrol-1-yl)benzoate",CCOC(=O)C1=CC(=CC=C1)N2C(=CC(=C2C)C=O)C,BIIKXXGHWXUQPQ-UHFFFAOYSA-N,aromatic_hetero,,CCOC(=O)c1cccc(-n2c(C)cc(C=O)c2C)c1,c1ccc(-n2cccc2)cc1,train,
1889,"methyl 3-(3-formyl-2,5-dimethylpyrrol-1-yl)-4-methylbenzoate",CC1=C(C=C(C=C1)C(=O)OC)N2C(=CC(=C2C)C=O)C,KZXQAAPFOWYLMH-UHFFFAOYSA-N,aromatic_hetero,,COC(=O)c1ccc(C)c(-n2c(C)cc(C=O)c2C)c1,c1ccc(-n2cccc2)cc1,train,
1890,4-[(4-chlorophenyl)methoxy]-3-ethoxy-5-prop-2-enylbenzaldehyde,CCOC1=CC(=CC(=C1OCC2=CC=C(C=C2)Cl)CC=C)C=O,IEUQVOJFMFUAJA-UHFFFAOYSA-N,aromatic_carbo,,C=CCc1cc(C=O)cc(OCC)c1OCc1ccc(Cl)cc1,c1ccc(COc2ccccc2)cc1,train,
1891,2-(2-bromo-6-ethoxy-4-formylphenoxy)-N-(2-phenylethyl)acetamide,CCOC1=C(C(=CC(=C1)C=O)Br)OCC(=O)NCCC2=CC=CC=C2,YWMOLHWTENOPIH-UHFFFAOYSA-N,aromatic_carbo,,CCOc1cc(C=O)cc(Br)c1OCC(=O)NCCc1ccccc1,O=C(COc1ccccc1)NCCc1ccccc1,train,
1892,(4-formylphenyl) 4-acetamidobenzenesulfonate,CC(=O)NC1=CC=C(C=C1)S(=O)(=O)OC2=CC=C(C=C2)C=O,UJDZRORFHYYPJG-UHFFFAOYSA-N,aromatic_carbo,,CC(=O)Nc1ccc(S(=O)(=O)Oc2ccc(C=O)cc2)cc1,O=S(=O)(Oc1ccccc1)c1ccccc1,train,
1893,"2,5-dimethyl-1-(3-nitro-4-pyrrolidin-1-ylphenyl)pyrrole-3-carbaldehyde",CC1=CC(=C(N1C2=CC(=C(C=C2)N3CCCC3)[N+](=O)[O-])C)C=O,SXSFLAZCMCLLEC-UHFFFAOYSA-N,aromatic_hetero,nitro,Cc1cc(C=O)c(C)n1-c1ccc(N2CCCC2)c([N+](=O)[O-])c1,c1ccn(-c2ccc(N3CCCC3)cc2)c1,test,
1894,2-phenylcyclopenta[b]chromene-1-carbaldehyde,C1=CC=C(C=C1)C2=C(C3=CC4=CC=CC=C4OC3=C2)C=O,ASILSMUZNACBBY-UHFFFAOYSA-N,aromatic_carbo,,O=Cc1c(-c2ccccc2)cc2oc3ccccc3cc1-2,c1ccc(-c2cc3cc4ccccc4oc-3c2)cc1,test,
1895,"ethyl 1-(4-amino-1,2,5-oxadiazol-3-yl)-5-[(2-formyl-6-methoxyphenoxy)methyl]triazole-4-carboxylate",CCOC(=O)C1=C(N(N=N1)C2=NON=C2N)COC3=C(C=CC=C3OC)C=O,YGYZKJBKDLRWNT-UHFFFAOYSA-N,aromatic_carbo,,CCOC(=O)c1nnn(-c2nonc2N)c1COc1c(C=O)cccc1OC,c1ccc(OCc2cnnn2-c2cnon2)cc1,validation,
1896,3-[(3-bromophenyl)methoxy]benzaldehyde,C1=CC(=CC(=C1)Br)COC2=CC=CC(=C2)C=O,VLPAVSIRLRIOPD-UHFFFAOYSA-N,aromatic_carbo,,O=Cc1cccc(OCc2cccc(Br)c2)c1,c1ccc(COc2ccccc2)cc1,train,
1897,3-[(3S)-1-propylpiperidin-3-yl]benzaldehyde,CCCN1CCC[C@H](C1)C2=CC=CC(=C2)C=O,UQOWIEJFNPPPBP-OAHLLOKOSA-N,aromatic_carbo,,CCCN1CCC[C@@H](c2cccc(C=O)c2)C1,c1ccc([C@@H]2CCCNC2)cc1,train,
1898,"8-(dipropylamino)-4-fluoro-3-methyl-6,7,8,9-tetrahydrobenzo[e]indole-1-carbaldehyde",CCCN(CCC)C1CCC2=CC(=C3C(=C2C1)C(=CN3C)C=O)F,JYSLVWOAWZHHQD-UHFFFAOYSA-N,aromatic_hetero,,CCCN(CCC)C1CCc2cc(F)c3c(c(C=O)cn3C)c2C1,c1cc2c3c(ccc2[nH]1)CCCC3,train,
1899,"(8S)-8-(dimethylamino)-6,7,8,9-tetrahydro-3H-benzo[e]indole-1-carbaldehyde",CN(C)[C@H]1CCC2=C(C1)C3=C(C=C2)NC=C3C=O,POFUCJDEJGFAAC-LBPRGKRZSA-N,aromatic_hetero,,CN(C)[C@H]1CCc2ccc3[nH]cc(C=O)c3c2C1,c1cc2c3c(ccc2[nH]1)CCCC3,train,
1900,"5-chloro-3-[(2E)-3,7-dimethylocta-2,6-dienyl]-2,4-dimethoxy-6-methylbenzaldehyde",CC1=C(C(=C(C(=C1Cl)OC)C/C=C(\C)/CCC=C(C)C)OC)C=O,PXCIAEWMZOKYNO-GXDHUFHOSA-N,aromatic_carbo,,COc1c(Cl)c(C)c(C=O)c(OC)c1C/C=C(\C)CCC=C(C)C,c1ccccc1,train,
1901,"7-(dipropylamino)-5,6,7,8-tetrahydro-1H-benzo[f]indole-3-carbaldehyde",CCCN(CCC)C1CCC2=CC3=C(C=C2C1)NC=C3C=O,UQEPLPAEGWFYQH-UHFFFAOYSA-N,aromatic_hetero,,CCCN(CCC)C1CCc2cc3c(C=O)c[nH]c3cc2C1,c1cc2cc3c(cc2[nH]1)CCCC3,train,
1902,"8-(dipropylamino)-3-methyl-6,7,8,9-tetrahydrobenzo[e]indole-1-carbaldehyde",CCCN(CCC)C1CCC2=C(C1)C3=C(C=C2)N(C=C3C=O)C,WZFMGRURRVAGFE-UHFFFAOYSA-N,aromatic_hetero,,CCCN(CCC)C1CCc2ccc3c(c(C=O)cn3C)c2C1,c1cc2c3c(ccc2[nH]1)CCCC3,train,
1903,benzyl N-[(2S)-1-oxo-1-[[(2S)-1-oxopropan-2-yl]amino]-3-phenylpropan-2-yl]carbamate,C[C@@H](C=O)NC(=O)[C@H](CC1=CC=CC=C1)NC(=O)OCC2=CC=CC=C2,IJJYXVOSNQSZOF-YJBOKZPZSA-N,aliphatic,,C[C@@H](C=O)NC(=O)[C@H](Cc1ccccc1)NC(=O)OCc1ccccc1,O=C(NCCc1ccccc1)OCc1ccccc1,train,
1904,"2,4-dihydroxy-6-(hydroxymethyl)-3-[(6-hydroxy-1,2,5,5-tetramethyl-2,3,4,4a,6,7-hexahydronaphthalen-1-yl)methyl]benzaldehyde",CC1CCC2C(=CCC(C2(C)C)O)C1(C)CC3=C(C=C(C(=C3O)C=O)CO)O,KCAICXOYUFVURO-UHFFFAOYSA-N,aromatic_carbo,,CC1CCC2C(=CCC(O)C2(C)C)C1(C)Cc1c(O)cc(CO)c(C=O)c1O,C1=C2C(CCC1)CCCC2Cc1ccccc1,validation,
1905,2-[7-methoxy-3-(2-methylbut-3-en-2-yl)-2-oxochromen-6-yl]acetaldehyde,CC(C)(C=C)C1=CC2=CC(=C(C=C2OC1=O)OC)CC=O,WBCIDUFESHWRBT-UHFFFAOYSA-N,aliphatic,,C=CC(C)(C)c1cc2cc(CC=O)c(OC)cc2oc1=O,O=c1ccc2ccccc2o1,train,
1906,"7,17-diazatetracyclo[8.7.0.03,7.011,16]heptadeca-1(10),3,5,11,13,15-hexaene-6-carbaldehyde",C1CN2C(=CC=C2C=O)CC3=C1C4=CC=CC=C4N3,MDQZFCLIEVPXEO-UHFFFAOYSA-N,aromatic_hetero,,O=Cc1ccc2n1CCc1c([nH]c3ccccc13)C2,c1ccc2c3c([nH]c2c1)Cc1cccn1CC3,validation,
1907,benzyl N-[4-methyl-1-oxo-1-(1-oxohexan-2-ylamino)pentan-2-yl]carbamate,CCCCC(C=O)NC(=O)C(CC(C)C)NC(=O)OCC1=CC=CC=C1,PGGUOGKHUUUWAF-UHFFFAOYSA-N,aliphatic,,CCCCC(C=O)NC(=O)C(CC(C)C)NC(=O)OCc1ccccc1,c1ccccc1,train,
1908,3-hydroxy-4-methoxy-5-nitrobenzaldehyde,COC1=C(C=C(C=C1O)C=O)[N+](=O)[O-],PYLFOUFNUBQBGP-UHFFFAOYSA-N,aromatic_carbo,nitro,COc1c(O)cc(C=O)cc1[N+](=O)[O-],c1ccccc1,train,
1909,"(19S)-19-ethyl-19-hydroxy-14,18-dioxo-17-oxa-3,13-diazapentacyclo[11.8.0.02,11.04,9.015,20]henicosa-1(21),2,4,6,8,10,15(20)-heptaene-10-carbaldehyde",CC[C@@]1(C2=C(COC1=O)C(=O)N3CC4=C(C5=CC=CC=C5N=C4C3=C2)C=O)O,XKIDBQHJMYSFPX-NRFANRHFSA-N,aromatic_hetero,,CC[C@@]1(O)C(=O)OCc2c1cc1n(c2=O)Cc2c-1nc1ccccc1c2C=O,O=C1Cc2cc3n(c(=O)c2CO1)Cc1cc2ccccc2nc1-3,train,
1910,"(1'R,2R,5'S)-5,7-dihydroxy-6',6'-dimethyl-6-(3-methylbutanoyl)spiro[3,4-dihydrochromene-2,2'-bicyclo[3.1.1]heptane]-8-carbaldehyde",CC(C)CC(=O)C1=C(C(=C2C(=C1O)CC[C@]3(O2)CC[C@H]4C[C@@H]3C4(C)C)C=O)O,XREJXBXJCWWRFP-OLJPZDALSA-N,aromatic_carbo,,CC(C)CC(=O)c1c(O)c(C=O)c2c(c1O)CC[C@@]1(CC[C@H]3C[C@@H]1C3(C)C)O2,c1ccc2c(c1)CC[C@@]1(CC[C@H]3C[C@@H]1C3)O2,train,
1911,"N-[(7S)-4-formyl-1,2,3,10-tetramethoxy-9-oxo-6,7-dihydro-5H-benzo[a]heptalen-7-yl]acetamide",CC(=O)N[C@H]1CCC2=C(C(=C(C(=C2C3=CC=C(C(=O)C=C13)OC)OC)OC)OC)C=O,JUWAUXATKRGHCK-KRWDZBQOSA-N,aromatic_carbo,,COc1c(C=O)c2c(c(OC)c1OC)-c1ccc(OC)c(=O)cc1[C@@H](NC(C)=O)CC2,O=c1cccc2c(c1)CCCc1ccccc1-2,test,
1912,4-(naphthalen-2-ylmethoxy)benzaldehyde,C1=CC=C2C=C(C=CC2=C1)COC3=CC=C(C=C3)C=O,QYZMPNYHVXWFTP-UHFFFAOYSA-N,aromatic_carbo,,O=Cc1ccc(OCc2ccc3ccccc3c2)cc1,c1ccc(OCc2ccc3ccccc3c2)cc1,train,
1913,"2-(azepan-1-yl)-9-methyl-4-oxopyrido[1,2-a]pyrimidine-3-carbaldehyde",CC1=CC=CN2C1=NC(=C(C2=O)C=O)N3CCCCCC3,GEOGCSVWNQFJRI-UHFFFAOYSA-N,aromatic_hetero,,Cc1cccn2c(=O)c(C=O)c(N3CCCCCC3)nc12,O=c1cc(N2CCCCCC2)nc2ccccn12,train,
1914,"9-methyl-4-oxo-2-piperidin-1-ylpyrido[1,2-a]pyrimidine-3-carbaldehyde",CC1=CC=CN2C1=NC(=C(C2=O)C=O)N3CCCCC3,UIOZEXLUWLVZRO-UHFFFAOYSA-N,aromatic_hetero,,Cc1cccn2c(=O)c(C=O)c(N3CCCCC3)nc12,O=c1cc(N2CCCCC2)nc2ccccn12,train,
1915,"2-[(2,4-dichlorophenyl)methoxy]naphthalene-1-carbaldehyde",C1=CC=C2C(=C1)C=CC(=C2C=O)OCC3=C(C=C(C=C3)Cl)Cl,MBLSKTHLXLXJBL-UHFFFAOYSA-N,aromatic_carbo,,O=Cc1c(OCc2ccc(Cl)cc2Cl)ccc2ccccc12,c1ccc(COc2ccc3ccccc3c2)cc1,train,
1916,1-[(3-chlorophenyl)methyl]indole-3-carbaldehyde,C1=CC=C2C(=C1)C(=CN2CC3=CC(=CC=C3)Cl)C=O,NANCGWIQWABHDC-UHFFFAOYSA-N,aromatic_hetero,,O=Cc1cn(Cc2cccc(Cl)c2)c2ccccc12,c1ccc(Cn2ccc3ccccc32)cc1,train,
1917,ethyl 2-(3-formylindol-1-yl)acetate,CCOC(=O)CN1C=C(C2=CC=CC=C21)C=O,YBKKLZGZHIBOBZ-UHFFFAOYSA-N,aromatic_hetero,,CCOC(=O)Cn1cc(C=O)c2ccccc21,c1ccc2[nH]ccc2c1,train,
1918,1-[[3-(trifluoromethyl)phenyl]methyl]indole-3-carbaldehyde,C1=CC=C2C(=C1)C(=CN2CC3=CC(=CC=C3)C(F)(F)F)C=O,SFIVSAJWGJMMDD-UHFFFAOYSA-N,aromatic_hetero,,O=Cc1cn(Cc2cccc(C(F)(F)F)c2)c2ccccc12,c1ccc(Cn2ccc3ccccc32)cc1,train,
1919,2-hydroxy-5-thiophen-2-ylbenzaldehyde,C1=CSC(=C1)C2=CC(=C(C=C2)O)C=O,JDXKZIUDWWNBDM-UHFFFAOYSA-N,aromatic_carbo,,O=Cc1cc(-c2cccs2)ccc1O,c1ccc(-c2cccs2)cc1,train,
1920,"5-(2,2,6,6-tetramethyl-1,3-dihydropyridin-4-yl)thiophene-2-carbaldehyde",CC1(CC(=CC(N1)(C)C)C2=CC=C(S2)C=O)C,SCSNIOQJNLWHLG-UHFFFAOYSA-N,aromatic_hetero,,CC1(C)C=C(c2ccc(C=O)s2)CC(C)(C)N1,C1=C(c2cccs2)CCNC1,train,
1921,(4-formylphenyl) pyridine-3-carboxylate,C1=CC(=CN=C1)C(=O)OC2=CC=C(C=C2)C=O,MEASBTFUQUJCEP-UHFFFAOYSA-N,aromatic_carbo,,O=Cc1ccc(OC(=O)c2cccnc2)cc1,O=C(Oc1ccccc1)c1cccnc1,test,
1922,3-ethoxy-4-hydroxy-5-prop-2-enylbenzaldehyde,CCOC1=CC(=CC(=C1O)CC=C)C=O,GCRUTWYFGMDAHH-UHFFFAOYSA-N,aromatic_carbo,,C=CCc1cc(C=O)cc(OCC)c1O,c1ccccc1,train,
1923,2-propan-2-yloxynaphthalene-1-carbaldehyde,CC(C)OC1=C(C2=CC=CC=C2C=C1)C=O,RIUGCNDMPSXTTC-UHFFFAOYSA-N,aromatic_carbo,,CC(C)Oc1ccc2ccccc2c1C=O,c1ccc2ccccc2c1,train,
1924,1-[(3-nitrophenyl)methyl]indole-3-carbaldehyde,C1=CC=C2C(=C1)C(=CN2CC3=CC(=CC=C3)[N+](=O)[O-])C=O,QTPRVUJWBJZGNE-UHFFFAOYSA-N,aromatic_hetero,nitro,O=Cc1cn(Cc2cccc([N+](=O)[O-])c2)c2ccccc12,c1ccc(Cn2ccc3ccccc32)cc1,train,
1925,"2-(azepan-1-yl)-4-oxopyrido[1,2-a]pyrimidine-3-carbaldehyde",C1CCCN(CC1)C2=C(C(=O)N3C=CC=CC3=N2)C=O,KKQXUFZAOHBMOK-UHFFFAOYSA-N,aromatic_hetero,,O=Cc1c(N2CCCCCC2)nc2ccccn2c1=O,O=c1cc(N2CCCCCC2)nc2ccccn12,train,
1926,"4-(1,3-dihydroisoindol-2-yl)benzaldehyde",C1C2=CC=CC=C2CN1C3=CC=C(C=C3)C=O,GSAVXYHVHQTGEA-UHFFFAOYSA-N,aromatic_carbo,,O=Cc1ccc(N2Cc3ccccc3C2)cc1,c1ccc(N2Cc3ccccc3C2)cc1,train,
1927,1-(4-hydroxyphenyl)pyrrole-2-carbaldehyde,C1=CN(C(=C1)C=O)C2=CC=C(C=C2)O,NROKDIKTPVGYEO-UHFFFAOYSA-N,aromatic_hetero,,O=Cc1cccn1-c1ccc(O)cc1,c1ccc(-n2cccc2)cc1,train,
1928,"4-(2,6-diphenylpyrimidin-4-yl)oxybenzaldehyde",C1=CC=C(C=C1)C2=CC(=NC(=N2)C3=CC=CC=C3)OC4=CC=C(C=C4)C=O,LIFZPHDRVIMFLU-UHFFFAOYSA-N,aromatic_carbo,,O=Cc1ccc(Oc2cc(-c3ccccc3)nc(-c3ccccc3)n2)cc1,c1ccc(Oc2cc(-c3ccccc3)nc(-c3ccccc3)n2)cc1,validation,
1929,"2-anilino-4-chloro-1,3-thiazole-5-carbaldehyde",C1=CC=C(C=C1)NC2=NC(=C(S2)C=O)Cl,DASSFVQGPUWYCE-UHFFFAOYSA-N,aromatic_hetero,,O=Cc1sc(Nc2ccccc2)nc1Cl,c1ccc(Nc2nccs2)cc1,train,
1930,4-[(5-chlorothiadiazol-4-yl)methoxy]benzaldehyde,C1=CC(=CC=C1C=O)OCC2=C(SN=N2)Cl,BUCQKDJJDPGCLD-UHFFFAOYSA-N,aromatic_carbo,,O=Cc1ccc(OCc2nnsc2Cl)cc1,c1ccc(OCc2csnn2)cc1,validation,
1931,6-(4-methylphenoxy)pyridine-3-carbaldehyde,CC1=CC=C(C=C1)OC2=NC=C(C=C2)C=O,SISORSWVBWIJDU-UHFFFAOYSA-N,aromatic_hetero,,Cc1ccc(Oc2ccc(C=O)cn2)cc1,c1ccc(Oc2ccccn2)cc1,train,
1932,"3-(4-methylphenyl)-2,1-benzoxazole-5-carbaldehyde",CC1=CC=C(C=C1)C2=C3C=C(C=CC3=NO2)C=O,AKCMMYWXXNCXES-UHFFFAOYSA-N,aromatic_carbo,,Cc1ccc(-c2onc3ccc(C=O)cc23)cc1,c1ccc(-c2onc3ccccc23)cc1,train,
1933,"5-(3-chlorophenoxy)-1,3-dimethylpyrazole-4-carbaldehyde",CC1=NN(C(=C1C=O)OC2=CC(=CC=C2)Cl)C,GNDGZRZKOITABU-UHFFFAOYSA-N,aromatic_hetero,,Cc1nn(C)c(Oc2cccc(Cl)c2)c1C=O,c1ccc(Oc2ccn[nH]2)cc1,train,
1934,"2-(2,6-dimethylmorpholin-4-yl)-4-oxopyrido[1,2-a]pyrimidine-3-carbaldehyde",CC1CN(CC(O1)C)C2=C(C(=O)N3C=CC=CC3=N2)C=O,AKQKJDUVFYNXTA-UHFFFAOYSA-N,aromatic_hetero,,CC1CN(c2nc3ccccn3c(=O)c2C=O)CC(C)O1,O=c1cc(N2CCOCC2)nc2ccccn12,validation,
1935,benzyl N-[(2S)-4-methyl-1-[[(2S)-4-methylsulfanyl-1-oxobutan-2-yl]amino]-1-oxopentan-2-yl]carbamate,CC(C)C[C@@H](C(=O)N[C@@H](CCSC)C=O)NC(=O)OCC1=CC=CC=C1,RXCRNUBYZRKEGC-IRXDYDNUSA-N,aliphatic,,CSCC[C@@H](C=O)NC(=O)[C@H](CC(C)C)NC(=O)OCc1ccccc1,c1ccccc1,train,
1936,"4-(1,3-benzodioxol-5-ylmethoxy)benzaldehyde",C1OC2=C(O1)C=C(C=C2)COC3=CC=C(C=C3)C=O,TVUMBXRKAGTQAE-UHFFFAOYSA-N,aromatic_carbo,,O=Cc1ccc(OCc2ccc3c(c2)OCO3)cc1,c1ccc(OCc2ccc3c(c2)OCO3)cc1,train,
1937,"2-(1,3-benzodioxol-5-ylmethoxy)benzaldehyde",C1OC2=C(O1)C=C(C=C2)COC3=CC=CC=C3C=O,ZASDUQWLROGIHF-UHFFFAOYSA-N,aromatic_carbo,,O=Cc1ccccc1OCc1ccc2c(c1)OCO2,c1ccc(OCc2ccc3c(c2)OCO3)cc1,train,
1938,3-methyl-4-pyrrolidin-1-ylbenzaldehyde,CC1=C(C=CC(=C1)C=O)N2CCCC2,OOQCMWBRBGSKQX-UHFFFAOYSA-N,aromatic_carbo,,Cc1cc(C=O)ccc1N1CCCC1,c1ccc(N2CCCC2)cc1,train,
1939,1-[(3-bromophenyl)methyl]indole-3-carbaldehyde,C1=CC=C2C(=C1)C(=CN2CC3=CC(=CC=C3)Br)C=O,PSPUCTNWXJAVAM-UHFFFAOYSA-N,aromatic_hetero,,O=Cc1cn(Cc2cccc(Br)c2)c2ccccc12,c1ccc(Cn2ccc3ccccc32)cc1,train,
1940,4-pyrazin-2-yloxybenzaldehyde,C1=CC(=CC=C1C=O)OC2=NC=CN=C2,CVXVCLKXSLVETE-UHFFFAOYSA-N,aromatic_carbo,,O=Cc1ccc(Oc2cnccn2)cc1,c1ccc(Oc2cnccn2)cc1,train,
1941,5-butyl-2-(4-methoxyphenyl)-1H-indole-3-carbaldehyde,CCCCC1=CC2=C(C=C1)NC(=C2C=O)C3=CC=C(C=C3)OC,QTKSFCOYXUARHC-UHFFFAOYSA-N,aromatic_hetero,,CCCCc1ccc2[nH]c(-c3ccc(OC)cc3)c(C=O)c2c1,c1ccc(-c2cc3ccccc3[nH]2)cc1,train,
1942,5-butyl-2-[4-(trifluoromethyl)phenyl]-1H-indole-3-carbaldehyde,CCCCC1=CC2=C(C=C1)NC(=C2C=O)C3=CC=C(C=C3)C(F)(F)F,OGNGXVKOWRXVPZ-UHFFFAOYSA-N,aromatic_hetero,,CCCCc1ccc2[nH]c(-c3ccc(C(F)(F)F)cc3)c(C=O)c2c1,c1ccc(-c2cc3ccccc3[nH]2)cc1,train,
1943,5-methyl-2-(4-methylphenyl)-1H-indole-3-carbaldehyde,CC1=CC=C(C=C1)C2=C(C3=C(N2)C=CC(=C3)C)C=O,HRYXXVTZSHXDIJ-UHFFFAOYSA-N,aromatic_hetero,,Cc1ccc(-c2[nH]c3ccc(C)cc3c2C=O)cc1,c1ccc(-c2cc3ccccc3[nH]2)cc1,train,
1944,2-(4-methoxyphenyl)-5-methyl-1H-indole-3-carbaldehyde,CC1=CC2=C(C=C1)NC(=C2C=O)C3=CC=C(C=C3)OC,RXIGTUZWKFVEOL-UHFFFAOYSA-N,aromatic_hetero,,COc1ccc(-c2[nH]c3ccc(C)cc3c2C=O)cc1,c1ccc(-c2cc3ccccc3[nH]2)cc1,train,
1945,1-(4-methylphenyl)-3-phenylpyrazole-4-carbaldehyde,CC1=CC=C(C=C1)N2C=C(C(=N2)C3=CC=CC=C3)C=O,XWZQNZAELZZGBP-UHFFFAOYSA-N,aromatic_hetero,,Cc1ccc(-n2cc(C=O)c(-c3ccccc3)n2)cc1,c1ccc(-c2ccn(-c3ccccc3)n2)cc1,train,
1946,5-(2-formylpyrrol-1-yl)-1-phenylpyrazole-4-carboxylic acid,C1=CC=C(C=C1)N2C(=C(C=N2)C(=O)O)N3C=CC=C3C=O,FSDBBTBXAMNMDO-UHFFFAOYSA-N,aromatic_hetero,,O=Cc1cccn1-c1c(C(=O)O)cnn1-c1ccccc1,c1ccc(-n2nccc2-n2cccc2)cc1,train,
1947,2-(4-methoxyphenyl)-5-propan-2-yl-1H-indole-3-carbaldehyde,CC(C)C1=CC2=C(C=C1)NC(=C2C=O)C3=CC=C(C=C3)OC,PHQJIOVLQCHKHD-UHFFFAOYSA-N,aromatic_hetero,,COc1ccc(-c2[nH]c3ccc(C(C)C)cc3c2C=O)cc1,c1ccc(-c2cc3ccccc3[nH]2)cc1,train,
1948,2-amino-4-methylpentanal,CC(C)CC(C=O)N,ZOFRRNUENOHELM-UHFFFAOYSA-N,aliphatic,,CC(C)CC(N)C=O,__no_ring__CC(C)CC(C=O)N,train,
1949,"1-[(2,5-dimethylphenyl)methyl]-3-formylindole-2-carboxylic acid",CC1=CC(=C(C=C1)C)CN2C3=CC=CC=C3C(=C2C(=O)O)C=O,YVVVFQXSOPFZIX-UHFFFAOYSA-N,aromatic_hetero,,Cc1ccc(C)c(Cn2c(C(=O)O)c(C=O)c3ccccc32)c1,c1ccc(Cn2ccc3ccccc32)cc1,train,
1950,(2S)-1-[(2R)-2-amino-3-phenylpropanoyl]-N-[(2S)-5-(diaminomethylideneamino)-1-oxopentan-2-yl]pyrrolidine-2-carboxamide,C1C[C@H](N(C1)C(=O)[C@@H](CC2=CC=CC=C2)N)C(=O)N[C@@H](CCCN=C(N)N)C=O,GHXMSCWAYSZCMW-BBWFWOEESA-N,aliphatic,,NC(N)=NCCC[C@@H](C=O)NC(=O)[C@@H]1CCCN1C(=O)[C@H](N)Cc1ccccc1,O=C(CCc1ccccc1)N1CCCC1,train,
1951,"methyl 1-formyl-9H-pyrido[3,4-b]indole-3-carboxylate",COC(=O)C1=NC(=C2C(=C1)C3=CC=CC=C3N2)C=O,XYPDYIWLMBBKKB-UHFFFAOYSA-N,aromatic_hetero,,COC(=O)c1cc2c([nH]c3ccccc32)c(C=O)n1,c1ccc2c(c1)[nH]c1cnccc12,train,
1952,3-methoxy-4-pyrrolidin-1-ylbenzaldehyde,COC1=C(C=CC(=C1)C=O)N2CCCC2,DHEGLVHUQIEQEA-UHFFFAOYSA-N,aromatic_carbo,,COc1cc(C=O)ccc1N1CCCC1,c1ccc(N2CCCC2)cc1,train,
1953,(2S)-N-[(2S)-1-(1H-indol-3-yl)-3-oxopropan-2-yl]-3-methyl-2-(naphthalen-1-ylsulfonylamino)pentanamide,CCC(C)[C@@H](C(=O)N[C@@H](CC1=CNC2=CC=CC=C21)C=O)NS(=O)(=O)C3=CC=CC4=CC=CC=C43,FFPHAWVFZQFOJA-PSHWQTJJSA-N,aliphatic,,CCC(C)[C@H](NS(=O)(=O)c1cccc2ccccc12)C(=O)N[C@H](C=O)Cc1c[nH]c2ccccc12,O=C(CNS(=O)(=O)c1cccc2ccccc12)NCCc1c[nH]c2ccccc12,validation,
1954,3-chloro-4-pyrrolidin-1-ylbenzaldehyde,C1CCN(C1)C2=C(C=C(C=C2)C=O)Cl,HLQYXSCBWPVORZ-UHFFFAOYSA-N,aromatic_carbo,,O=Cc1ccc(N2CCCC2)c(Cl)c1,c1ccc(N2CCCC2)cc1,train,
1955,3-methyl-4-piperidin-1-ylbenzaldehyde,CC1=C(C=CC(=C1)C=O)N2CCCCC2,PFELXGCZCNQNEM-UHFFFAOYSA-N,aromatic_carbo,,Cc1cc(C=O)ccc1N1CCCCC1,c1ccc(N2CCCCC2)cc1,train,
1956,"(2S)-N-[(2S)-5-(diaminomethylideneamino)-1-oxopentan-2-yl]-1-[(1R)-1,2,3,4-tetrahydroisoquinoline-1-carbonyl]pyrrolidine-2-carboxamide",C1C[C@H](N(C1)C(=O)[C@H]2C3=CC=CC=C3CCN2)C(=O)N[C@@H](CCCN=C(N)N)C=O,GBNKGLWEDJOYBL-RYQLBKOJSA-N,aliphatic,,NC(N)=NCCC[C@@H](C=O)NC(=O)[C@@H]1CCCN1C(=O)[C@@H]1NCCc2ccccc21,O=C([C@@H]1NCCc2ccccc21)N1CCCC1,test,
1957,2-hydroxy-4-morpholin-4-ylbenzaldehyde,C1COCCN1C2=CC(=C(C=C2)C=O)O,QOZQSTNLPIFIAO-UHFFFAOYSA-N,aromatic_carbo,,O=Cc1ccc(N2CCOCC2)cc1O,c1ccc(N2CCOCC2)cc1,train,
1958,(3S)-3-[[(2S)-4-methyl-2-[[2-(naphthalen-1-ylamino)acetyl]amino]pentanoyl]amino]-4-oxobutanoic acid,CC(C)C[C@@H](C(=O)N[C@@H](CC(=O)O)C=O)NC(=O)CNC1=CC=CC2=CC=CC=C21,UUXBTSRITCUIRR-LPHOPBHVSA-N,aliphatic,,CC(C)C[C@H](NC(=O)CNc1cccc2ccccc12)C(=O)N[C@H](C=O)CC(=O)O,c1ccc2ccccc2c1,train,
1959,(3S)-3-[[(2S)-4-methyl-2-[(2-naphthalen-1-yloxyacetyl)amino]pentanoyl]amino]-4-oxobutanoic acid,CC(C)C[C@@H](C(=O)N[C@@H](CC(=O)O)C=O)NC(=O)COC1=CC=CC2=CC=CC=C21,GCIXFQFILPSHQY-WMZOPIPTSA-N,aliphatic,,CC(C)C[C@H](NC(=O)COc1cccc2ccccc12)C(=O)N[C@H](C=O)CC(=O)O,c1ccc2ccccc2c1,train,
1960,"2-methyl-7-oxo-8-[[4-[2-(2H-tetrazol-5-yl)phenyl]phenyl]methyl]-5,6-dihydropyrido[2,3-d]pyrimidine-4-carbaldehyde",CC1=NC(=C2CCC(=O)N(C2=N1)CC3=CC=C(C=C3)C4=CC=CC=C4C5=NNN=N5)C=O,DKMLYADVVLIQTK-UHFFFAOYSA-N,aromatic_hetero,,Cc1nc(C=O)c2c(n1)N(Cc1ccc(-c3ccccc3-c3nn[nH]n3)cc1)C(=O)CC2,O=C1CCc2cncnc2N1Cc1ccc(-c2ccccc2-c2nn[nH]n2)cc1,test,
1961,"2-(8-formyl-1-oxo-3-phenyl-9H-pyrido[3,4-b]indol-2-yl)-N-(1,1,1-trifluoro-4-methyl-2-oxopentan-3-yl)acetamide",CC(C)C(C(=O)C(F)(F)F)NC(=O)CN1C(=CC2=C(C1=O)NC3=C(C=CC=C23)C=O)C4=CC=CC=C4,JSCBYIGJPOTTRE-UHFFFAOYSA-N,aromatic_carbo,,CC(C)C(NC(=O)Cn1c(-c2ccccc2)cc2c([nH]c3c(C=O)cccc32)c1=O)C(=O)C(F)(F)F,O=c1[nH]c(-c2ccccc2)cc2c1[nH]c1ccccc12,test,
1962,"4-(4-methylphenyl)sulfanylthieno[2,3-c]pyridine-2-carbaldehyde",CC1=CC=C(C=C1)SC2=C3C=C(SC3=CN=C2)C=O,YUDWJDUKAOPKOV-UHFFFAOYSA-N,aromatic_hetero,,Cc1ccc(Sc2cncc3sc(C=O)cc23)cc1,c1ccc(Sc2cncc3sccc23)cc1,validation,
1963,(3S)-3-[[(2S)-4-methyl-2-[[2-(naphthalen-1-ylamino)-2-oxoacetyl]amino]pentanoyl]amino]-4-oxobutanoic acid,CC(C)C[C@@H](C(=O)N[C@@H](CC(=O)O)C=O)NC(=O)C(=O)NC1=CC=CC2=CC=CC=C21,CUDGJBLALZRKFR-YJBOKZPZSA-N,aliphatic,,CC(C)C[C@H](NC(=O)C(=O)Nc1cccc2ccccc12)C(=O)N[C@H](C=O)CC(=O)O,c1ccc2ccccc2c1,train,
1964,"4-tert-butyl-N-[4-(3-methoxyphenyl)sulfanyl-5-(4-oxobutyl)-1,2-oxazol-3-yl]benzenesulfonamide",CC(C)(C)C1=CC=C(C=C1)S(=O)(=O)NC2=NOC(=C2SC3=CC=CC(=C3)OC)CCCC=O,KTTOCKMTBJPGAX-UHFFFAOYSA-N,aliphatic,,COc1cccc(Sc2c(NS(=O)(=O)c3ccc(C(C)(C)C)cc3)noc2CCCC=O)c1,O=S(=O)(Nc1nocc1Sc1ccccc1)c1ccccc1,validation,
1965,1-[3-(dimethylamino)propyl]-1-(4-fluorophenyl)-3H-2-benzofuran-5-carbaldehyde,CN(C)CCCC1(C2=C(CO1)C=C(C=C2)C=O)C3=CC=C(C=C3)F,GRNCGIVYWGYYLT-UHFFFAOYSA-N,aromatic_carbo,,CN(C)CCCC1(c2ccc(F)cc2)OCc2cc(C=O)ccc21,c1ccc(C2OCc3ccccc32)cc1,train,
1966,(2R)-N'-hydroxy-2-(2-methylpropyl)-N-[(2S)-1-oxo-1-[[(2S)-1-oxopropan-2-yl]amino]-3-phenylpropan-2-yl]butanediamide,C[C@@H](C=O)NC(=O)[C@H](CC1=CC=CC=C1)NC(=O)[C@H](CC(C)C)CC(=O)NO,FAFCWIZUCJNALJ-UAGQMJEPSA-N,aliphatic,,CC(C)C[C@H](CC(=O)NO)C(=O)N[C@@H](Cc1ccccc1)C(=O)N[C@@H](C)C=O,c1ccccc1,train,
1967,"2,3,4,5-tetrahydro-1H-[1,4]diazepino[1,7-a]indole-11-carbaldehyde",C1CNCCN2C1=C(C3=CC=CC=C32)C=O,OFYVZJDMJKZFCI-UHFFFAOYSA-N,aromatic_hetero,,O=Cc1c2n(c3ccccc13)CCNCC2,c1ccc2c(c1)cc1n2CCNCC1,test,
1968,"2-(1-benzothiophen-3-yl)-6-methoxy-5-(1,3-oxazol-5-yl)-1H-indole-3-carbaldehyde",COC1=C(C=C2C(=C1)NC(=C2C=O)C3=CSC4=CC=CC=C43)C5=CN=CO5,NSAYRHJLZNHLSQ-UHFFFAOYSA-N,aromatic_hetero,,COc1cc2[nH]c(-c3csc4ccccc34)c(C=O)c2cc1-c1cnco1,c1ccc2c(-c3cc4cc(-c5cnco5)ccc4[nH]3)csc2c1,train,
1969,"4-(2,6-dioxo-1,3-dipropyl-7H-purin-8-yl)bicyclo[2.2.2]octane-1-carbaldehyde",CCCN1C2=C(C(=O)N(C1=O)CCC)NC(=N2)C34CCC(CC3)(CC4)C=O,SQUUDKCIIGURPO-UHFFFAOYSA-N,aliphatic,,CCCn1c(=O)c2[nH]c(C34CCC(C=O)(CC3)CC4)nc2n(CCC)c1=O,O=c1[nH]c(=O)c2[nH]c(C34CCC(CC3)CC4)nc2[nH]1,validation,
1970,"7-[3-[4-(6-fluoro-1,2-benzoxazol-3-yl)piperidin-1-yl]propoxy]-4-oxochromene-3-carbaldehyde",C1CN(CCC1C2=NOC3=C2C=CC(=C3)F)CCCOC4=CC5=C(C=C4)C(=O)C(=CO5)C=O,KXQSQOALQLSOII-UHFFFAOYSA-N,aromatic_hetero,,O=Cc1coc2cc(OCCCN3CCC(c4noc5cc(F)ccc45)CC3)ccc2c1=O,O=c1ccoc2cc(OCCCN3CCC(c4noc5ccccc45)CC3)ccc12,validation,
1971,"6-(4-methylpiperazin-1-yl)pyrrolo[2,1-b][1,3]benzothiazepine-3-carbaldehyde",CN1CCN(CC1)C2=CN3C(=CC=C3SC4=CC=CC=C42)C=O,BNUHYEGPJNDGQR-UHFFFAOYSA-N,aromatic_hetero,,CN1CCN(C2=Cn3c(C=O)ccc3Sc3ccccc32)CC1,C1=C(N2CCNCC2)c2ccccc2Sc2cccn21,train,
1972,"3-[5,5-bis(4-fluorophenyl)-1,4-dihydroimidazol-2-yl]benzaldehyde",C1C(NC(=N1)C2=CC=CC(=C2)C=O)(C3=CC=C(C=C3)F)C4=CC=C(C=C4)F,OWVQJXYAZRFFKR-UHFFFAOYSA-N,aromatic_carbo,,O=Cc1cccc(C2=NCC(c3ccc(F)cc3)(c3ccc(F)cc3)N2)c1,c1ccc(C2=NCC(c3ccccc3)(c3ccccc3)N2)cc1,test,
1973,"(2S,3S)-N-[(2S)-1-(1H-indol-3-yl)-3-oxopropan-2-yl]-3-methyl-2-(naphthalen-1-ylsulfonylamino)pentanamide",CC[C@H](C)[C@@H](C(=O)N[C@@H](CC1=CNC2=CC=CC=C21)C=O)NS(=O)(=O)C3=CC=CC4=CC=CC=C43,FFPHAWVFZQFOJA-JCWFFFCVSA-N,aliphatic,,CC[C@H](C)[C@H](NS(=O)(=O)c1cccc2ccccc12)C(=O)N[C@H](C=O)Cc1c[nH]c2ccccc12,O=C(CNS(=O)(=O)c1cccc2ccccc12)NCCc1c[nH]c2ccccc12,validation,
1974,6-formyl-2-(trifluoromethyl)-2H-chromene-3-carboxylic acid,C1=CC2=C(C=C1C=O)C=C(C(O2)C(F)(F)F)C(=O)O,DEIAIXWIMOETNX-UHFFFAOYSA-N,aromatic_carbo,,O=Cc1ccc2c(c1)C=C(C(=O)O)C(C(F)(F)F)O2,C1=Cc2ccccc2OC1,train,
1975,5-[5-[4-(hydroxymethyl)thiophen-2-yl]thiophen-2-yl]thiophene-2-carbaldehyde,C1=C(SC(=C1)C2=CC=C(S2)C3=CC(=CS3)CO)C=O,AQVQVNYCRHLHNK-UHFFFAOYSA-N,aromatic_hetero,,O=Cc1ccc(-c2ccc(-c3cc(CO)cs3)s2)s1,c1csc(-c2ccc(-c3cccs3)s2)c1,train,
1976,"(2S)-N-[(2S)-5-(diaminomethylideneamino)-1-oxopentan-2-yl]-1-[(3R)-1,2,3,4-tetrahydroisoquinoline-3-carbonyl]pyrrolidine-2-carboxamide",C1C[C@H](N(C1)C(=O)[C@H]2CC3=CC=CC=C3CN2)C(=O)N[C@@H](CCCN=C(N)N)C=O,WXVYOXMMXUJYLQ-KSZLIROESA-N,aliphatic,,NC(N)=NCCC[C@@H](C=O)NC(=O)[C@@H]1CCCN1C(=O)[C@H]1Cc2ccccc2CN1,O=C([C@H]1Cc2ccccc2CN1)N1CCCC1,validation,
1977,tert-butyl N-[(1R)-2-[(2S)-2-[[(2S)-5-(diaminomethylideneamino)-1-oxopentan-2-yl]carbamoyl]pyrrolidin-1-yl]-2-oxo-1-phenylethyl]carbamate,CC(C)(C)OC(=O)N[C@H](C1=CC=CC=C1)C(=O)N2CCC[C@H]2C(=O)N[C@@H](CCCN=C(N)N)C=O,VDEXCODLWRXIIG-GBESFXJTSA-N,aliphatic,,CC(C)(C)OC(=O)N[C@@H](C(=O)N1CCC[C@H]1C(=O)N[C@H](C=O)CCCN=C(N)N)c1ccccc1,O=C(Cc1ccccc1)N1CCCC1,train,
1978,6-methoxy-2-(4-methoxyphenyl)-1H-indole-3-carbaldehyde,COC1=CC=C(C=C1)C2=C(C3=C(N2)C=C(C=C3)OC)C=O,OISNBKYGHVZZNL-UHFFFAOYSA-N,aromatic_hetero,,COc1ccc(-c2[nH]c3cc(OC)ccc3c2C=O)cc1,c1ccc(-c2cc3ccccc3[nH]2)cc1,train,
1979,3-[3-(dimethylamino)propyl]-N-[4-(4-formyl-2-methylphenyl)phenyl]-4-methoxybenzamide,CC1=C(C=CC(=C1)C=O)C2=CC=C(C=C2)NC(=O)C3=CC(=C(C=C3)OC)CCCN(C)C,ZTBUTAAOIRETCY-UHFFFAOYSA-N,aromatic_carbo,,COc1ccc(C(=O)Nc2ccc(-c3ccc(C=O)cc3C)cc2)cc1CCCN(C)C,O=C(Nc1ccc(-c2ccccc2)cc1)c1ccccc1,train,
1980,"1-(3,5-dichlorophenyl)-3-[[4-[4-(3-formylphenyl)phenyl]-1-methylpiperidin-4-yl]methyl]urea",CN1CCC(CC1)(CNC(=O)NC2=CC(=CC(=C2)Cl)Cl)C3=CC=C(C=C3)C4=CC=CC(=C4)C=O,VLFGKNPSRVKEEZ-UHFFFAOYSA-N,aromatic_carbo,,CN1CCC(CNC(=O)Nc2cc(Cl)cc(Cl)c2)(c2ccc(-c3cccc(C=O)c3)cc2)CC1,O=C(NCC1(c2ccc(-c3ccccc3)cc2)CCNCC1)Nc1ccccc1,validation,
1981,"2-[4-(4-fluorophenyl)-5-oxo-3-(2-phenoxypyrimidin-4-yl)-1,2-oxazol-2-yl]acetaldehyde",C1=CC=C(C=C1)OC2=NC=CC(=N2)C3=C(C(=O)ON3CC=O)C4=CC=C(C=C4)F,XXWLPWNCHXTDFX-UHFFFAOYSA-N,aliphatic,,O=CCn1oc(=O)c(-c2ccc(F)cc2)c1-c1ccnc(Oc2ccccc2)n1,O=c1o[nH]c(-c2ccnc(Oc3ccccc3)n2)c1-c1ccccc1,train,
1982,benzyl N-[(2S)-4-methyl-1-oxo-1-[[(2S)-1-oxo-3-phenylpropan-2-yl]amino]pentan-2-yl]carbamate,CC(C)C[C@@H](C(=O)N[C@@H](CC1=CC=CC=C1)C=O)NC(=O)OCC2=CC=CC=C2,CSKGFHNQMOIAFM-SFTDATJTSA-N,aliphatic,,CC(C)C[C@H](NC(=O)OCc1ccccc1)C(=O)N[C@H](C=O)Cc1ccccc1,O=C(CNC(=O)OCc1ccccc1)NCCc1ccccc1,train,
1983,tert-butyl N-[(2S)-1-oxo-4-phenylbutan-2-yl]carbamate,CC(C)(C)OC(=O)N[C@@H](CCC1=CC=CC=C1)C=O,JMHGMBRMIWBUPG-ZDUSSCGKSA-N,aliphatic,,CC(C)(C)OC(=O)N[C@H](C=O)CCc1ccccc1,c1ccccc1,train,
1984,"(3S)-3-[[(4S,7S)-6,10-dioxo-7-(phenylmethoxycarbonylamino)-2,3,4,7,8,9-hexahydro-1H-pyridazino[1,2-a]diazepine-4-carbonyl]amino]-4-oxobutanoic acid",C1C[C@H](N2C(=O)[C@H](CCC(=O)N2C1)NC(=O)OCC3=CC=CC=C3)C(=O)N[C@@H](CC(=O)O)C=O,CUKNPNWUDXMULC-ULQDDVLXSA-N,aliphatic,,O=C[C@H](CC(=O)O)NC(=O)[C@@H]1CCCN2C(=O)CC[C@H](NC(=O)OCc3ccccc3)C(=O)N12,O=C(N[C@H]1CCC(=O)N2CCCCN2C1=O)OCc1ccccc1,test,
1985,N-[(2S)-4-methyl-1-oxo-1-[[(2S)-1-oxo-4-phenylbutan-2-yl]amino]pentan-2-yl]morpholine-4-carboxamide,CC(C)C[C@@H](C(=O)N[C@@H](CCC1=CC=CC=C1)C=O)NC(=O)N2CCOCC2,XNRCJIGMJOWOAZ-OALUTQOASA-N,aliphatic,,CC(C)C[C@H](NC(=O)N1CCOCC1)C(=O)N[C@H](C=O)CCc1ccccc1,O=C(CNC(=O)N1CCOCC1)NCCCc1ccccc1,test,
1986,"4-[[3-[[[(E)-6,6-dimethylhept-2-en-4-ynyl]-ethylamino]methyl]phenoxy]methyl-dimethylsilyl]benzaldehyde",CCN(C/C=C/C#CC(C)(C)C)CC1=CC(=CC=C1)OC[Si](C)(C)C2=CC=C(C=C2)C=O,YGVVXGLFJQYZKU-CSKARUKUSA-N,aromatic_carbo,,CCN(C/C=C/C#CC(C)(C)C)Cc1cccc(OC[Si](C)(C)c2ccc(C=O)cc2)c1,c1ccc(OC[SiH2]c2ccccc2)cc1,test,
1987,2-methyl-1-(2-morpholin-4-ylethyl)indole-3-carbaldehyde,CC1=C(C2=CC=CC=C2N1CCN3CCOCC3)C=O,VLPKXRQLMVWESP-UHFFFAOYSA-N,aromatic_hetero,,Cc1c(C=O)c2ccccc2n1CCN1CCOCC1,c1ccc2c(c1)ccn2CCN1CCOCC1,train,
1988,"2-(2,4-dichlorophenyl)sulfanyl-5-[(E)-3-morpholin-4-yl-3-oxoprop-1-enyl]benzaldehyde",C1COCCN1C(=O)/C=C/C2=CC(=C(C=C2)SC3=C(C=C(C=C3)Cl)Cl)C=O,JFWCMDPBPZTELG-QHHAFSJGSA-N,aromatic_carbo,,O=Cc1cc(/C=C/C(=O)N2CCOCC2)ccc1Sc1ccc(Cl)cc1Cl,O=C(/C=C/c1ccc(Sc2ccccc2)cc1)N1CCOCC1,train,
1989,1-(3-cyclopentyloxy-4-methoxyphenyl)-4-oxocyclohexane-1-carbaldehyde,COC1=C(C=C(C=C1)C2(CCC(=O)CC2)C=O)OC3CCCC3,YSOVAOCYUZMBPS-UHFFFAOYSA-N,aliphatic,,COc1ccc(C2(C=O)CCC(=O)CC2)cc1OC1CCCC1,O=C1CCC(c2cccc(OC3CCCC3)c2)CC1,test,
1990,2-[4-[(E)-3-(4-acetylpiperazin-1-yl)-3-oxoprop-1-enyl]-2-nitrophenyl]sulfanylbenzaldehyde,CC(=O)N1CCN(CC1)C(=O)/C=C/C2=CC(=C(C=C2)SC3=CC=CC=C3C=O)[N+](=O)[O-],JOGGIPBFAFXTJX-VQHVLOKHSA-N,aromatic_carbo,nitro,CC(=O)N1CCN(C(=O)/C=C/c2ccc(Sc3ccccc3C=O)c([N+](=O)[O-])c2)CC1,O=C(/C=C/c1ccc(Sc2ccccc2)cc1)N1CCNCC1,test,
1991,N-[(2S)-1-(1H-indol-3-yl)-3-oxopropan-2-yl]-2-propylpentanamide,CCCC(CCC)C(=O)N[C@@H](CC1=CNC2=CC=CC=C21)C=O,UHXBCZCBBZGVER-INIZCTEOSA-N,aliphatic,,CCCC(CCC)C(=O)N[C@H](C=O)Cc1c[nH]c2ccccc12,c1ccc2[nH]ccc2c1,train,
1992,2-benzyl-N-[(2S)-1-(1H-indol-3-yl)-3-oxopropan-2-yl]-3-phenylpropanamide,C1=CC=C(C=C1)CC(CC2=CC=CC=C2)C(=O)N[C@@H](CC3=CNC4=CC=CC=C43)C=O,OZZFIASWBWOQRN-DEOSSOPVSA-N,aliphatic,,O=C[C@H](Cc1c[nH]c2ccccc12)NC(=O)C(Cc1ccccc1)Cc1ccccc1,O=C(NCCc1c[nH]c2ccccc12)C(Cc1ccccc1)Cc1ccccc1,train,
1993,2-(3-formyl-5-phenylmethoxyindol-1-yl)-N-methyl-N-(2-phenylethyl)acetamide,CN(CCC1=CC=CC=C1)C(=O)CN2C=C(C3=C2C=CC(=C3)OCC4=CC=CC=C4)C=O,QIDZSYZQYOITCV-UHFFFAOYSA-N,aromatic_hetero,,CN(CCc1ccccc1)C(=O)Cn1cc(C=O)c2cc(OCc3ccccc3)ccc21,O=C(Cn1ccc2cc(OCc3ccccc3)ccc21)NCCc1ccccc1,validation,
1994,(2R)-2-(methanesulfonamido)-4-methyl-N-[(2S)-1-oxo-3-phenylpropan-2-yl]pentanamide,CC(C)C[C@H](C(=O)N[C@@H](CC1=CC=CC=C1)C=O)NS(=O)(=O)C,HDCRFJSGYYLECM-LSDHHAIUSA-N,aliphatic,,CC(C)C[C@@H](NS(C)(=O)=O)C(=O)N[C@H](C=O)Cc1ccccc1,c1ccccc1,train,
1995,N-[2-[4-(4-formylphenyl)phenyl]propyl]propane-2-sulfonamide,CC(C)S(=O)(=O)NCC(C)C1=CC=C(C=C1)C2=CC=C(C=C2)C=O,ROWZLJVYZYQWLP-UHFFFAOYSA-N,aromatic_carbo,,CC(CNS(=O)(=O)C(C)C)c1ccc(-c2ccc(C=O)cc2)cc1,c1ccc(-c2ccccc2)cc1,train,
1996,(2S)-3-benzylsulfanyl-2-(methanesulfonamido)-N-[(2S)-1-oxo-3-phenylpropan-2-yl]propanamide,CS(=O)(=O)N[C@H](CSCC1=CC=CC=C1)C(=O)N[C@@H](CC2=CC=CC=C2)C=O,ZWWFTIUCCNWEGY-RBUKOAKNSA-N,aliphatic,,CS(=O)(=O)N[C@H](CSCc1ccccc1)C(=O)N[C@H](C=O)Cc1ccccc1,O=C(CCSCc1ccccc1)NCCc1ccccc1,train,
1997,1-(4-fluorophenyl)-2-methyl-5-(4-methylsulfonylphenyl)pyrrole-3-carbaldehyde,CC1=C(C=C(N1C2=CC=C(C=C2)F)C3=CC=C(C=C3)S(=O)(=O)C)C=O,ZGCJSQLGNBMGHW-UHFFFAOYSA-N,aromatic_hetero,,Cc1c(C=O)cc(-c2ccc(S(C)(=O)=O)cc2)n1-c1ccc(F)cc1,c1ccc(-c2cccn2-c2ccccc2)cc1,train,
1998,1-butyl-3-methyl-5-[[4-[2-(2H-tetrazol-5-yl)phenyl]phenyl]methyl]pyrazole-4-carbaldehyde,CCCCN1C(=C(C(=N1)C)C=O)CC2=CC=C(C=C2)C3=CC=CC=C3C4=NNN=N4,HGOSFEKMGFXCPD-UHFFFAOYSA-N,aromatic_hetero,,CCCCn1nc(C)c(C=O)c1Cc1ccc(-c2ccccc2-c2nn[nH]n2)cc1,c1ccc(-c2nn[nH]n2)c(-c2ccc(Cc3ccn[nH]3)cc2)c1,validation,
1999,(2S)-3-methyl-N-[(2S)-4-methyl-1-oxopentan-2-yl]-2-[(4-methylphenyl)sulfonylamino]butanamide,CC1=CC=C(C=C1)S(=O)(=O)N[C@@H](C(C)C)C(=O)N[C@@H](CC(C)C)C=O,WNGTUUXLXGGYON-RDJZCZTQSA-N,aliphatic,,Cc1ccc(S(=O)(=O)N[C@H](C(=O)N[C@H](C=O)CC(C)C)C(C)C)cc1,c1ccccc1,train,
