{
  "model": "triple_gnn_gine_h128_l4_scaffold_disjoint",
  "init_from_homo": "data/cross_benzoin/homo_v6/viz_gxtb_20260625/gnn_dual_champion275_ALIGNEDV2_state_20260713.pt",
  "extra_val_frac": 0.1,
  "n_train": 17717,
  "n_val": 2453,
  "n_test": 450,
  "gnn_scaffold_disjoint_holdout_mae": 2.5232036113739014,
  "stacking_common_n": 450,
  "ensemble_only_mae": 2.2564226527604547,
  "gnn_only_mae": 2.5232036113739014,
  "best_blend_w_gnn": 0.25,
  "best_blend_mae": 2.2150666756991284
}