{
  "model": "xgb",
  "target": "dG_orca_kcal",
  "baseline": "dG_gxtb_kcal",
  "n_samples": 2354,
  "n_pairs": 1179,
  "n_features": 150,
  "folds": 5,
  "repeats": 20,
  "cv_delta_learning": {
    "MAE": 3.1470321146221885,
    "RMSE": 4.356045810749431,
    "R2": 0.7489371971718042
  },
  "cv_gxtb_baseline": {
    "MAE": 5.533650210808538,
    "RMSE": 7.270544190749009,
    "R2": 0.30059081239192853
  },
  "cv_xtb_baseline": {
    "MAE": 16.155681345746725,
    "RMSE": 17.1074133464191,
    "R2": -2.872275013380927
  },
  "frozen_holdout_candidates_v3": {
    "n_train": 1515,
    "n_test": 29,
    "delta": {
      "MAE": 3.611962022556616,
      "RMSE": 4.396181612993189,
      "R2": 0.8309687540012332
    },
    "gxtb_baseline": {
      "MAE": 5.315198304509104,
      "RMSE": 7.330420757897835,
      "R2": 0.5300263071920199
    }
  },
  "feature_medians": {
    "donor_G_xtb": -78.632407481372,
    "donor_G_gxtb": -1507.2396431858806,
    "donor_xtb_energy": -78.850898112833,
    "donor_xtb_HOMO": -10.28655,
    "donor_xtb_LUMO": -7.9483,
    "donor_xtb_gap": 2.32055,
    "donor_xtb_IP": 7.5406,
    "donor_xtb_EA": 0.8109,
    "donor_xtb_mu": -4.13755,
    "donor_xtb_eta": 3.34195,
    "donor_xtb_omega": 2.588671,
    "donor_xtb_dipole": 5.141,
    "donor_mulliken_CHO_C": 0.208534,
    "donor_mulliken_CHO_O": -0.329908,
    "donor_fukui_plus_CHO_C": 0.0356405,
    "donor_fukui_minus_CHO_C": 0.001521,
    "donor_fukui_0_CHO_C": 0.018679,
    "donor_dual_descriptor_CHO_C": 0.033956,
    "donor_wbo_CO": 1.8903705,
    "donor_pa_CHO_O": 54.603449999999995,
    "donor_vbur_CHO_C": 51.12835,
    "donor_sterimol_L": 8.25045,
    "donor_sterimol_B1": 2.2972,
    "donor_sterimol_B5": 8.8694,
    "donor_SASA_total": 578.14355,
    "donor_P_int": 19.86135,
    "donor_bde_gxtb_kcal": 78.258,
    "acceptor_G_xtb": -78.6093997721235,
    "acceptor_G_gxtb": -1507.2396431858806,
    "acceptor_xtb_energy": -78.850898112833,
    "acceptor_xtb_HOMO": -10.28655,
    "acceptor_xtb_LUMO": -7.949199999999999,
    "acceptor_xtb_gap": 2.3207,
    "acceptor_xtb_IP": 7.5406,
    "acceptor_xtb_EA": 0.8094,
    "acceptor_xtb_mu": -4.1370249999999995,
    "acceptor_xtb_eta": 3.34195,
    "acceptor_xtb_omega": 2.588117,
    "acceptor_xtb_dipole": 5.135,
    "acceptor_mulliken_CHO_C": 0.208494,
    "acceptor_mulliken_CHO_O": -0.329852,
    "acceptor_fukui_plus_CHO_C": 0.035669,
    "acceptor_fukui_minus_CHO_C": 0.001528,
    "acceptor_fukui_0_CHO_C": 0.018687,
    "acceptor_dual_descriptor_CHO_C": 0.0339635,
    "acceptor_wbo_CO": 1.890429,
    "acceptor_pa_CHO_O": 54.6207,
    "acceptor_vbur_CHO_C": 51.1321,
    "acceptor_sterimol_L": 8.2528,
    "acceptor_sterimol_B1": 2.2978,
    "acceptor_sterimol_B5": 8.8689,
    "acceptor_SASA_total": 578.07145,
    "acceptor_P_int": 19.86185,
    "acceptor_bde_gxtb_kcal": 78.264,
    "xtb_energy": -154.770360624747,
    "xtb_HOMO": -9.8695,
    "xtb_LUMO": -8.02025,
    "xtb_gap": 1.8501500000000002,
    "xtb_IP": 6.782500000000001,
    "xtb_EA": 1.3038500000000002,
    "xtb_mu": -4.0276,
    "xtb_eta": 2.72775,
    "xtb_omega": 3.000459,
    "xtb_dipole": 6.9695,
    "mulliken_ketC": 0.2184375,
    "mulliken_ketO": -0.36231,
    "mulliken_carbC": 0.0935935,
    "mulliken_hydO": -0.4407005,
    "mulliken_hydH": 0.3177625,
    "wbo_CO_ket": 1.8283844999999999,
    "wbo_CC_new": 0.9546905,
    "wbo_CO_carb": 1.0097075,
    "fukui_plus_ketC": 0.0297335,
    "fukui_minus_ketC": 0.0013835000000000002,
    "fukui_0_ketC": 0.0157465,
    "dual_ketC": 0.0280305,
    "fukui_plus_carbC": -0.0021765,
    "fukui_minus_carbC": -0.0002835,
    "fukui_0_carbC": -0.0011805000000000001,
    "dual_carbC": -0.002029,
    "pa_ketO": 60.723,
    "vbur_ketC": 76.96055,
    "vbur_carbC": 75.41495,
    "sterimol_L": 8.823599999999999,
    "sterimol_B1": 2.94435,
    "sterimol_B5": 11.1067,
    "SASA_total": 921.5904,
    "P_int": 22.2387,
    "hb_dist": 2.14845,
    "hb_angle": 111.83785,
    "dih_core": -0.56165,
    "bde_gxtb_kcal": 44.725,
    "product_MW": 753.461,
    "product_LogP": 5.7884,
    "product_TPSA": 145.31,
    "product_HBD": 3.0,
    "product_HBA": 9.0,
    "product_RotBonds": 12.0,
    "product_ArRings": 3.0,
    "product_ArHetRings": 1.0,
    "product_AlRings": 2.0,
    "product_Rings": 5.0,
    "product_Heteroatoms": 14.0,
    "product_FractionCSP3": 0.37931,
    "product_BertzCT": 1995.366348,
    "product_Kappa2": 14.913502,
    "product_NumStereocenters": 3.0,
    "product_n_CHO": 0.0,
    "donor_MW": 389.423,
    "donor_LogP": 3.1383,
    "donor_TPSA": 69.39,
    "donor_HBD": 1.0,
    "donor_HBA": 5.0,
    "donor_RotBonds": 5.0,
    "donor_ArRings": 1.0,
    "donor_ArHetRings": 0.0,
    "donor_AlRings": 1.0,
    "donor_Rings": 3.0,
    "donor_Heteroatoms": 7.0,
    "donor_FractionCSP3": 0.344828,
    "donor_BertzCT": 852.641266,
    "donor_Kappa2": 7.503201000000001,
    "donor_NumStereocenters": 1.0,
    "donor_n_CHO": 1.0,
    "acceptor_MW": 389.423,
    "acceptor_LogP": 3.1383,
    "acceptor_TPSA": 69.39,
    "acceptor_HBD": 1.0,
    "acceptor_HBA": 5.0,
    "acceptor_RotBonds": 5.0,
    "acceptor_ArRings": 1.0,
    "acceptor_ArHetRings": 0.0,
    "acceptor_AlRings": 1.0,
    "acceptor_Rings": 3.0,
    "acceptor_Heteroatoms": 7.0,
    "acceptor_FractionCSP3": 0.344828,
    "acceptor_BertzCT": 852.504342,
    "acceptor_Kappa2": 7.497318,
    "acceptor_NumStereocenters": 1.0,
    "acceptor_n_CHO": 1.0,
    "interaction_gap_HOMOd_LUMOa": -2.34525,
    "interaction_fukui_match": 4.01628125e-05,
    "interaction_absdiff_xtb_gap": 0.5347499999999998,
    "interaction_absdiff_xtb_dipole": 2.2780000000000005,
    "interaction_absdiff_sterimol_L": 2.2310999999999996,
    "interaction_absdiff_sterimol_B1": 0.4991000000000001,
    "interaction_absdiff_sterimol_B5": 2.3687000000000005,
    "interaction_absdiff_SASA_total": 106.09320000000002,
    "interaction_absdiff_MW": 76.92700000000002,
    "interaction_absdiff_TPSA": 27.379999999999995
  },
  "ablations": [
    {
      "block": "2D_only",
      "n_feats": 48,
      "MAE": 4.391119520106228,
      "RMSE": 5.874349164620259,
      "R2": 0.5434198673370491
    },
    {
      "block": "aldehydes_only",
      "n_feats": 54,
      "MAE": 3.994159634284935,
      "RMSE": 5.392710328446762,
      "R2": 0.6152207167314998
    },
    {
      "block": "product_only",
      "n_feats": 54,
      "MAE": 3.698948733220162,
      "RMSE": 5.023285256072044,
      "R2": 0.666133243367405
    },
    {
      "block": "donor+acceptor",
      "n_feats": 102,
      "MAE": 4.011644716685328,
      "RMSE": 5.414788182719639,
      "R2": 0.6120636806684692
    },
    {
      "block": "all_raw_blocks",
      "n_feats": 140,
      "MAE": 3.1263498029595858,
      "RMSE": 4.325262552608332,
      "R2": 0.7524730751001587
    },
    {
      "block": "all+interaction",
      "n_feats": 150,
      "MAE": 3.1470321146221885,
      "RMSE": 4.356045810749431,
      "R2": 0.7489371971718042
    }
  ]
}