model,train_mae,val_mae,test_mae,test_r2
XGB_d10,0.5620261972377082,1.5852946601393902,1.591233351540883,0.8585087171590813
Ensemble_MLP+XGB8+XGB10,1.0419063495303829,1.584583444561779,1.591290183021673,0.8628069205661038
MLP_256-128,1.4518944882982556,1.6832364886756275,1.6735520645593627,0.850596189384617
XGB_d8,1.2002546953192634,1.6777804691838103,1.6804464541112716,0.850672102996524
MLP_512-256-128,1.5443450728354315,1.701750315421178,1.7005847355770278,0.8480130952397502
Ridge72,2.102814261598633,2.0972325098136784,2.1093643988561785,0.7854883028159398
