id,nconf_ok,error,dG_std_kcal,dG_range_kcal,single_minus_boltz_kcal
191858,5,,1.3385656140528324,3.711189741967246,-0.9653799756715128
104412,5,,2.601299794400327,6.374213510891423,-0.13756387965802278
