id,nconf_ok,error,dG_std_kcal,dG_range_kcal,single_minus_boltz_kcal
55368,5,,2.013623926616919,5.366839688271284,-1.414983271482844
105290,5,,3.531245704869241,8.37836604192853,-0.12093505539176587
