id,nconf_ok,error,dG_std_kcal,dG_range_kcal,single_minus_boltz_kcal
166456,5,,0.9782029536074616,2.477157042361796,-0.6995738306285839
76082,5,,5.156776285792109,13.968306075781584,-0.00023021101424471776
