id,nconf_ok,error,dG_std_kcal,dG_range_kcal,single_minus_boltz_kcal
160842,5,,2.001600494044277,5.614462936297059,-0.9493524313348082
3763,5,,3.083495677664861,7.04584843525663,-0.0048102538294865025
