id,nconf_ok,error,dG_std_kcal,dG_range_kcal,single_minus_boltz_kcal
49390,5,,2.7258545146024633,7.243768021464348,0.4950099296526109
198797,5,,1.1594893884129136,3.076036363840103,-0.2376154758100395
