id,nconf_ok,error,dG_std_kcal,dG_range_kcal,single_minus_boltz_kcal
16778,5,,1.0515777603354084,3.0689907512860373,0.5379434988757444
170879,5,,4.26858116750512,12.566597922239453,0.3201583263560197
