id,nconf_ok,error,dG_std_kcal,dG_range_kcal,single_minus_boltz_kcal
7498,5,,2.271611896205827,6.947905306471512,-0.1514002172909258
112736,5,,1.9642289177810257,5.304318951093592,-0.33986070090034365
