id,nconf_ok,error,dG_std_kcal,dG_range_kcal,single_minus_boltz_kcal
110184,5,,2.8057925869456706,7.7718815779080614,-0.0767654584168683
84579,5,,5.1642291271220895,13.632583033759147,-5.1106246795239676e-05
