id,nconf_ok,error,dG_std_kcal,dG_range_kcal,single_minus_boltz_kcal
11955,5,,1.4745533243421654,3.890106024220586,-1.374238364767494
179231,5,,1.4270239135143437,3.867941204458475,-0.17141062495607595
