id,nconf_ok,error,dG_std_kcal,dG_range_kcal,single_minus_boltz_kcal
197210,5,,3.5364760110966174,10.481021757470444,-0.01363126164339505
121024,5,,2.0180178248915337,6.2951120412908494,-0.5742207656625024
