id,nconf_ok,error,dG_std_kcal,dG_range_kcal,single_minus_boltz_kcal
69465,5,,2.831908445177577,6.988612210843712,0.5539999080588263
179848,5,,1.7234721069673238,4.743727804161608,0.028559962247665327
