pid,grp,donor_smiles,acceptor_smiles,prod_smiles,label,gxtb_stored,round,new_scaffold_split,prod_heavy
XXMDTWIPAQQDDV-UHFFFAOYSA-N__YNFCZWUXOROWPC-UHFFFAOYSA-N,holdout,Cc1oc(-c2ccccc2)nc1CCC(=O)c1ccc(C=O)nc1,O=Cc1cc(F)ccc1SCC1CCCO1,Cc1oc(-c2ccccc2)nc1CCC(=O)c1ccc(C(=O)C(O)c2cc(F)ccc2SCC2CCCO2)nc1,2.3474195145969494,0.5287,round1,test,40
YNFCZWUXOROWPC-UHFFFAOYSA-N__XXMDTWIPAQQDDV-UHFFFAOYSA-N,holdout,O=Cc1cc(F)ccc1SCC1CCCO1,Cc1oc(-c2ccccc2)nc1CCC(=O)c1ccc(C=O)nc1,Cc1oc(-c2ccccc2)nc1CCC(=O)c1ccc(C(O)C(=O)c2cc(F)ccc2SCC2CCCO2)nc1,2.433554066031206,3.6086,round1,test,40
FKVIJRPKBQIPBO-UHFFFAOYSA-N__ORVKHRNDGSSICU-UHFFFAOYSA-N,holdout,Cn1c(C2CC23CCN(c2cccc(OCc4ccc(C#N)cc4F)n2)CC3)nc2cc(C=O)oc21,Cc1ccnc(Nc2c(C=O)cccc2-c2ccccc2F)c1[N+](=O)[O-],Cc1ccnc(Nc2c(-c3ccccc3F)cccc2C(O)C(=O)c2cc3nc(C4CC45CCN(c4cccc(OCc6ccc(C#N)cc6F)n4)CC5)n(C)c3o2)c1[N+](=O)[O-],3.9636432306966887,3.2582,round1,test,62
ORVKHRNDGSSICU-UHFFFAOYSA-N__FKVIJRPKBQIPBO-UHFFFAOYSA-N,holdout,Cc1ccnc(Nc2c(C=O)cccc2-c2ccccc2F)c1[N+](=O)[O-],Cn1c(C2CC23CCN(c2cccc(OCc4ccc(C#N)cc4F)n2)CC3)nc2cc(C=O)oc21,Cc1ccnc(Nc2c(C(=O)C(O)c3cc4nc(C5CC56CCN(c5cccc(OCc7ccc(C#N)cc7F)n5)CC6)n(C)c4o3)cccc2-c2ccccc2F)c1[N+](=O)[O-],15.866664109177076,0.0174,round1,test,62
HTPMQCREKYXQGU-UHFFFAOYSA-N__COPMILBJICBDOE-MHLNXUHPSA-N,holdout,COc1cccc(-c2c(C=O)cc3c4c(ccc(OC)c24)C=CC3=O)c1,COC(=O)Cc1[nH]c2ccccc2c1CCN(Cc1ccccc1)[C@H]1C=CC[C@@H](C)[C@@H]1C=O,COC(=O)Cc1[nH]c2ccccc2c1CCN(Cc1ccccc1)C1C=CCC(C)C1C(O)C(=O)c1cc2c3c(ccc(OC)c3c1-c1cccc(OC)c1)C=CC2=O,13.75974160146882,-0.4841,round1,test,59
COPMILBJICBDOE-MHLNXUHPSA-N__HTPMQCREKYXQGU-UHFFFAOYSA-N,holdout,COC(=O)Cc1[nH]c2ccccc2c1CCN(Cc1ccccc1)[C@H]1C=CC[C@@H](C)[C@@H]1C=O,COc1cccc(-c2c(C=O)cc3c4c(ccc(OC)c24)C=CC3=O)c1,COC(=O)Cc1[nH]c2ccccc2c1CCN(Cc1ccccc1)C1C=CCC(C)C1C(=O)C(O)c1cc2c3c(ccc(OC)c3c1-c1cccc(OC)c1)C=CC2=O,8.200687542243434,-4.7455,round1,test,59
KBJUYJHOJLRYGD-UHFFFAOYSA-N__SPOMMIQLONEYFA-OEMAIJDKSA-N,holdout,Cn1cnnc1-c1cc(F)ccc1-c1cccc(-c2nc3ccc(C=O)cc3s2)c1,Cc1cc(C(F)(F)F)nn1C(C=O)c1nc(C2=NO[C@@H](c3ccccc3)C2)cs1,Cc1cc(C(F)(F)F)nn1C(c1nc(C2=NOC(c3ccccc3)C2)cs1)C(O)C(=O)c1ccc2nc(-c3cccc(-c4ccc(F)cc4-c4nncn4C)c3)sc2c1,-0.6982396630594949,-1.7151,round1,test,59
SPOMMIQLONEYFA-OEMAIJDKSA-N__KBJUYJHOJLRYGD-UHFFFAOYSA-N,holdout,Cc1cc(C(F)(F)F)nn1C(C=O)c1nc(C2=NO[C@@H](c3ccccc3)C2)cs1,Cn1cnnc1-c1cc(F)ccc1-c1cccc(-c2nc3ccc(C=O)cc3s2)c1,Cc1cc(C(F)(F)F)nn1C(C(=O)C(O)c1ccc2nc(-c3cccc(-c4ccc(F)cc4-c4nncn4C)c3)sc2c1)c1nc(C2=NOC(c3ccccc3)C2)cs1,11.17924526508619,-1.9294,round1,test,59
IJIMLODXDFZQRB-UHFFFAOYSA-N__SAUXNXJPLASOMO-UHFFFAOYSA-N,holdout,O=CC1NC(=O)C=C(C(F)(F)F)N1,O=CCCCCS(=O)CCCC(F)(F)C(F)(F)F,O=C1C=C(C(F)(F)F)NC(C(=O)C(O)CCCCS(=O)CCCC(F)(F)C(F)(F)F)N1,13.395962570703034,5.9262,round2,test,31
SAUXNXJPLASOMO-UHFFFAOYSA-N__IJIMLODXDFZQRB-UHFFFAOYSA-N,holdout,O=CCCCCS(=O)CCCC(F)(F)C(F)(F)F,O=CC1NC(=O)C=C(C(F)(F)F)N1,O=C1C=C(C(F)(F)F)NC(C(O)C(=O)CCCCS(=O)CCCC(F)(F)C(F)(F)F)N1,5.048951183842153,1.4644,round2,test,31
GIEADKTXJGDWNU-UHFFFAOYSA-N__FFUBFJLZUYMTMH-UHFFFAOYSA-N,holdout,O=Cc1ccc(C2=NOC(c3cc(Cl)c(F)c(Cl)c3)(C(F)(F)F)C2)c2c1SCC2,O=CC1(C2=CC(=O)ONOC2=O)C=CC=CO1,O=C1C=C(C2(C(O)C(=O)c3ccc(C4=NOC(c5cc(Cl)c(F)c(Cl)c5)(C(F)(F)F)C4)c4c3SCC4)C=CC=CO2)C(=O)ONO1,3.526977956683292,1.9242,round2,test,46
FFUBFJLZUYMTMH-UHFFFAOYSA-N__GIEADKTXJGDWNU-UHFFFAOYSA-N,holdout,O=CC1(C2=CC(=O)ONOC2=O)C=CC=CO1,O=Cc1ccc(C2=NOC(c3cc(Cl)c(F)c(Cl)c3)(C(F)(F)F)C2)c2c1SCC2,O=C1C=C(C2(C(=O)C(O)c3ccc(C4=NOC(c5cc(Cl)c(F)c(Cl)c5)(C(F)(F)F)C4)c4c3SCC4)C=CC=CO2)C(=O)ONO1,18.85568299717749,12.3457,round2,test,46
YLYWXJACXNRETH-SECBINFHSA-N__GOYCBKVVHGALFQ-RZAIGCCYSA-N,holdout,CC(C)OC(=O)NN(C(=O)OC(C)C)[C@H](C)C=O,C=C1CO[C@H]([C@@](C=O)(NC(=O)[C@@H](C(=O)O)c2ccc(O)cc2)OC)N=C1C(=O)O,C=C1COC(C(NC(=O)C(C(=O)O)c2ccc(O)cc2)(OC)C(O)C(=O)C(C)N(NC(=O)OC(C)C)C(=O)OC(C)C)N=C1C(=O)O,6.096656619262066,0.0408,round2,test,47
GOYCBKVVHGALFQ-RZAIGCCYSA-N__YLYWXJACXNRETH-SECBINFHSA-N,holdout,C=C1CO[C@H]([C@@](C=O)(NC(=O)[C@@H](C(=O)O)c2ccc(O)cc2)OC)N=C1C(=O)O,CC(C)OC(=O)NN(C(=O)OC(C)C)[C@H](C)C=O,C=C1COC(C(NC(=O)C(C(=O)O)c2ccc(O)cc2)(OC)C(=O)C(O)C(C)N(NC(=O)OC(C)C)C(=O)OC(C)C)N=C1C(=O)O,2.801044030656022,-3.6672,round2,test,47
DWKCIXIGPTUFJU-UHFFFAOYSA-N__JMTVCVJCIPCHEX-WYJDJGQOSA-N,holdout,C=CC1(F)C(N)OC2(C=O)C(C(F)(F)F)C(O)(C(C)=O)C12,C=C(S/C=C\C)C1=NC(c2ccc(F)c(F)c2)C(C2=CC=N2)=C2C[C@@](N)(CCC=O)CN12,C=CC1(F)C(N)OC2(C(=O)C(O)CCC3(N)CC4=C(C5=CC=N5)C(c5ccc(F)c(F)c5)N=C(C(=C)SC=CC)N4C3)C(C(F)(F)F)C(O)(C(C)=O)C12,-1.086993182928172,7.2837,round2,test,53
JMTVCVJCIPCHEX-WYJDJGQOSA-N__DWKCIXIGPTUFJU-UHFFFAOYSA-N,holdout,C=C(S/C=C\C)C1=NC(c2ccc(F)c(F)c2)C(C2=CC=N2)=C2C[C@@](N)(CCC=O)CN12,C=CC1(F)C(N)OC2(C=O)C(C(F)(F)F)C(O)(C(C)=O)C12,C=CC1(F)C(N)OC2(C(O)C(=O)CCC3(N)CC4=C(C5=CC=N5)C(c5ccc(F)c(F)c5)N=C(C(=C)SC=CC)N4C3)C(C(F)(F)F)C(O)(C(C)=O)C12,9.406697388681293,9.8517,round2,test,53
GVEXSPLQOBFUPX-UHFFFAOYSA-N__XPXHSUOIQNJEQI-GJMOJQLCSA-N,holdout,CC(C=O)NNC1=Nc2ccc(Cl)cc2C(c2ccccc2F)=NC1,C[C@H]1OC=C2C(=O)OCC[C@H]2[C@@H]1C=O,CC(NNC1=Nc2ccc(Cl)cc2C(c2ccccc2F)=NC1)C(=O)C(O)C1C(C)OC=C2C(=O)OCCC21,-2.861201564248388,-2.044,round2,test,39
XPXHSUOIQNJEQI-GJMOJQLCSA-N__GVEXSPLQOBFUPX-UHFFFAOYSA-N,holdout,C[C@H]1OC=C2C(=O)OCC[C@H]2[C@@H]1C=O,CC(C=O)NNC1=Nc2ccc(Cl)cc2C(c2ccccc2F)=NC1,CC(NNC1=Nc2ccc(Cl)cc2C(c2ccccc2F)=NC1)C(O)C(=O)C1C(C)OC=C2C(=O)OCCC21,-2.80785785418802,-2.0881,round2,test,39
FYXDAYQQMWSHPJ-GUBZILKMSA-N__GMBOJSOBSILDFR-UHFFFAOYSA-N,holdout,CC(C)C[C@H](NC(=O)[C@@H](N)COP(=O)(O)O)C(=O)N[C@@H](C)C=O,Cc1ccc(OC(C)CN)c(-c2cc(NSc3cc(C=O)cc(Cl)c3O)c(F)cc2F)c1,Cc1ccc(OC(C)CN)c(-c2cc(NSc3cc(C(O)C(=O)C(C)NC(=O)C(CC(C)C)NC(=O)C(N)COP(=O)(O)O)cc(Cl)c3O)c(F)cc2F)c1,12.412728561194132,-7.154,round2,test,55
GMBOJSOBSILDFR-UHFFFAOYSA-N__FYXDAYQQMWSHPJ-GUBZILKMSA-N,holdout,Cc1ccc(OC(C)CN)c(-c2cc(NSc3cc(C=O)cc(Cl)c3O)c(F)cc2F)c1,CC(C)C[C@H](NC(=O)[C@@H](N)COP(=O)(O)O)C(=O)N[C@@H](C)C=O,Cc1ccc(OC(C)CN)c(-c2cc(NSc3cc(C(=O)C(O)C(C)NC(=O)C(CC(C)C)NC(=O)C(N)COP(=O)(O)O)cc(Cl)c3O)c(F)cc2F)c1,8.828896514307969,-4.8518,round2,test,55
SAUXNXJPLASOMO-UHFFFAOYSA-N__KKZKJADYHRMRGQ-UHFFFAOYSA-N,holdout,O=CCCCCS(=O)CCCC(F)(F)C(F)(F)F,O=CCNNc1ccc(-n2nc(C(F)(F)F)cc2C2=CC3Nc4ccccc4SC3C=C2)cc1,O=C(CCCCS(=O)CCCC(F)(F)C(F)(F)F)C(O)CNNc1ccc(-n2nc(C(F)(F)F)cc2C2=CC3Nc4ccccc4SC3C=C2)cc1,-0.4463186198685114,2.7438,round2,test,52
KKZKJADYHRMRGQ-UHFFFAOYSA-N__SAUXNXJPLASOMO-UHFFFAOYSA-N,holdout,O=CCNNc1ccc(-n2nc(C(F)(F)F)cc2C2=CC3Nc4ccccc4SC3C=C2)cc1,O=CCCCCS(=O)CCCC(F)(F)C(F)(F)F,O=C(CNNc1ccc(-n2nc(C(F)(F)F)cc2C2=CC3Nc4ccccc4SC3C=C2)cc1)C(O)CCCCS(=O)CCCC(F)(F)C(F)(F)F,11.455839747543116,9.3108,round2,test,52
GOTVZLCAAOTCQW-UHFFFAOYSA-N__OJHBHLAYFBTMCJ-UHFFFAOYSA-N,holdout,CC(C=O)c1ccccc1C1(C(C)C)OOC(c2ccccc2)(C(F)(F)F)O1,CN=CC(=CN)CC1(C=O)CC(=CN)C(=Nc2ccc(F)cc2)C=C1CCSN,CN=CC(=CN)CC1(C(O)C(=O)C(C)c2ccccc2C2(C(C)C)OOC(c3ccccc3)(C(F)(F)F)O2)CC(=CN)C(=Nc2ccc(F)cc2)C=C1CCSN,19.13580238622506,9.1967,round2,test,57
OJHBHLAYFBTMCJ-UHFFFAOYSA-N__GOTVZLCAAOTCQW-UHFFFAOYSA-N,holdout,CN=CC(=CN)CC1(C=O)CC(=CN)C(=Nc2ccc(F)cc2)C=C1CCSN,CC(C=O)c1ccccc1C1(C(C)C)OOC(c2ccccc2)(C(F)(F)F)O1,CN=CC(=CN)CC1(C(=O)C(O)C(C)c2ccccc2C2(C(C)C)OOC(c3ccccc3)(C(F)(F)F)O2)CC(=CN)C(=Nc2ccc(F)cc2)C=C1CCSN,11.635262477217262,5.1295,round2,test,57
CANJVNKHFCZXRA-IVDSTZBUSA-N__NJWANPFHLPZSAO-JJSJIGTDSA-N,holdout,O=C[C@@H]1C(C2CCOC2)N(c2c(F)cc(C=CC(=O)O)cc2F)C23CCN=CC2=CCCC13,CCC=C(/C=C1\CN=C(NC2OC2C)S1)c1cc(C(F)(F)F)cc(S(O)(O)NCC=O)c1,CCC=C(C=C1CN=C(NC2OC2C)S1)c1cc(C(F)(F)F)cc(S(O)(O)NCC(O)C(=O)C2C(C3CCOC3)N(c3c(F)cc(C=CC(=O)O)cc3F)C34CCN=CC3=CCCC24)c1,9.950300936991075,11.0307,round2,test,65
NJWANPFHLPZSAO-JJSJIGTDSA-N__CANJVNKHFCZXRA-IVDSTZBUSA-N,holdout,CCC=C(/C=C1\CN=C(NC2OC2C)S1)c1cc(C(F)(F)F)cc(S(O)(O)NCC=O)c1,O=C[C@@H]1C(C2CCOC2)N(c2c(F)cc(C=CC(=O)O)cc2F)C23CCN=CC2=CCCC13,CCC=C(C=C1CN=C(NC2OC2C)S1)c1cc(C(F)(F)F)cc(S(O)(O)NCC(=O)C(O)C2C(C3CCOC3)N(c3c(F)cc(C=CC(=O)O)cc3F)C34CCN=CC3=CCCC24)c1,5.987946137981974,3.7274,round2,test,65
LANSWQSXJDUPKJ-QIFXQWQBSA-N__GMABTRNMZXLVKQ-UHFFFAOYSA-N,holdout,C=C(F)/C(=C\C/C=C(\C)C1=CCC=C(/C(C)=c2\cccc\c2=C(/O)CC=O)C=C1)C(C)=O,O=CC1C(F)C(F)CN1c1ccc(-c2ccccc2)cc1N(c1ccccc1)c1ccccc1,C=C(F)C(=CCC=C(C)C1=CCC=C(C(C)=c2ccccc2=C(O)CC(=O)C(O)C2C(F)C(F)CN2c2ccc(-c3ccccc3)cc2N(c2ccccc2)c2ccccc2)C=C1)C(C)=O,1.443191211655711,-6.6589,round2,test,66
GMABTRNMZXLVKQ-UHFFFAOYSA-N__LANSWQSXJDUPKJ-QIFXQWQBSA-N,holdout,O=CC1C(F)C(F)CN1c1ccc(-c2ccccc2)cc1N(c1ccccc1)c1ccccc1,C=C(F)/C(=C\C/C=C(\C)C1=CCC=C(/C(C)=c2\cccc\c2=C(/O)CC=O)C=C1)C(C)=O,C=C(F)C(=CCC=C(C)C1=CCC=C(C(C)=c2ccccc2=C(O)CC(O)C(=O)C2C(F)C(F)CN2c2ccc(-c3ccccc3)cc2N(c2ccccc2)c2ccccc2)C=C1)C(C)=O,5.7672952903319405,-1.0208,round2,test,66
QFCDRBBFRKLMHQ-UHFFFAOYSA-N__UDEOXCMHZRZDQX-FIZQUBDPSA-N,holdout,CN1c2c(C=O)c(C(F)(F)F)c3c(c2=CCC1CC(F)(F)F)=CC=N3,CCOC(=O)/C=C/[C@H]1[C@@H]([C@@H](C=O)OC(CC)CC)OC(=O)N1C(c1ccccc1)c1ccccc1,CCOC(=O)C=CC1C(C(OC(CC)CC)C(O)C(=O)c2c(C(F)(F)F)c3c(c4c2N(C)C(CC(F)(F)F)CC=4)=CC=N3)OC(=O)N1C(c1ccccc1)c1ccccc1,13.150167664934026,8.7183,round2,test,60
UDEOXCMHZRZDQX-FIZQUBDPSA-N__QFCDRBBFRKLMHQ-UHFFFAOYSA-N,holdout,CCOC(=O)/C=C/[C@H]1[C@@H]([C@@H](C=O)OC(CC)CC)OC(=O)N1C(c1ccccc1)c1ccccc1,CN1c2c(C=O)c(C(F)(F)F)c3c(c2=CCC1CC(F)(F)F)=CC=N3,CCOC(=O)C=CC1C(C(OC(CC)CC)C(=O)C(O)c2c(C(F)(F)F)c3c(c4c2N(C)C(CC(F)(F)F)CC=4)=CC=N3)OC(=O)N1C(c1ccccc1)c1ccccc1,13.161919491854158,8.1478,round2,test,60
PBBISWMMBXAYNP-UHFFFAOYSA-N__HEWKRXBEFZRQOD-DCIOMXRHSA-N,holdout,O=CC1CN(C2CCN(C(=O)Cc3ccc(C(F)(F)F)cc3)CC2)c2c(cccc2[N+](=O)[O-])N1,C=CCOC(=O)N(COC)[C@]1(C=O)[C@@H]2[C@@H](CC(=O)O)[C@@H]2C[C@H]1OCc1ccc(F)cc1,C=CCOC(=O)N(COC)C1(C(O)C(=O)C2CN(C3CCN(C(=O)Cc4ccc(C(F)(F)F)cc4)CC3)c3c(cccc3[N+](=O)[O-])N2)C(OCc2ccc(F)cc2)CC2C(CC(=O)O)C21,26.451502723501203,12.3389,round2,test,65
HEWKRXBEFZRQOD-DCIOMXRHSA-N__PBBISWMMBXAYNP-UHFFFAOYSA-N,holdout,C=CCOC(=O)N(COC)[C@]1(C=O)[C@@H]2[C@@H](CC(=O)O)[C@@H]2C[C@H]1OCc1ccc(F)cc1,O=CC1CN(C2CCN(C(=O)Cc3ccc(C(F)(F)F)cc3)CC2)c2c(cccc2[N+](=O)[O-])N1,C=CCOC(=O)N(COC)C1(C(=O)C(O)C2CN(C3CCN(C(=O)Cc4ccc(C(F)(F)F)cc4)CC3)c3c(cccc3[N+](=O)[O-])N2)C(OCc2ccc(F)cc2)CC2C(CC(=O)O)C21,10.508112133608892,9.0142,round2,test,65
JERQKJRGNCNVDS-UHFFFAOYSA-N__SGGBMBZZNKFDFM-UHFFFAOYSA-N,holdout,O=CC(c1cc(F)c(Cl)cc1Cl)N1CCC(c2ccc(O)cc2)=N1,CN(c1cc(F)cc(C=O)c1)C1CCS(=O)(=O)C1,CN(c1cc(F)cc(C(O)C(=O)C(c2cc(F)c(Cl)cc2Cl)N2CCC(c3ccc(O)cc3)=N2)c1)C1CCS(=O)(=O)C1,4.8102732955528,-1.6442,round2,test,42
SGGBMBZZNKFDFM-UHFFFAOYSA-N__JERQKJRGNCNVDS-UHFFFAOYSA-N,holdout,CN(c1cc(F)cc(C=O)c1)C1CCS(=O)(=O)C1,O=CC(c1cc(F)c(Cl)cc1Cl)N1CCC(c2ccc(O)cc2)=N1,CN(c1cc(F)cc(C(=O)C(O)C(c2cc(F)c(Cl)cc2Cl)N2CCC(c3ccc(O)cc3)=N2)c1)C1CCS(=O)(=O)C1,2.8060493493468868,-1.347,round2,test,42
ZRZNQXAGFQZVGC-UHFFFAOYSA-N__MYEPMFFTEGGJIX-UHFFFAOYSA-N,holdout,CC1CC=C(N2CCC(C3CC3CCOc3ccc(S(C)(=O)=O)c(F)c3)CC2)ON=C1CC=O,COc1cccc(N2CCN(CC(=O)NC3c4c(O)c(C)cc(C=O)c4CC3(C)C)CC2)c1,COc1cccc(N2CCN(CC(=O)NC3c4c(O)c(C)cc(C(O)C(=O)CC5=NOC(N6CCC(C7CC7CCOc7ccc(S(C)(=O)=O)c(F)c7)CC6)=CCC5C)c4CC3(C)C)CC2)c1,24.513522547161976,7.938,round2,test,67
MYEPMFFTEGGJIX-UHFFFAOYSA-N__ZRZNQXAGFQZVGC-UHFFFAOYSA-N,holdout,COc1cccc(N2CCN(CC(=O)NC3c4c(O)c(C)cc(C=O)c4CC3(C)C)CC2)c1,CC1CC=C(N2CCC(C3CC3CCOc3ccc(S(C)(=O)=O)c(F)c3)CC2)ON=C1CC=O,COc1cccc(N2CCN(CC(=O)NC3c4c(O)c(C)cc(C(=O)C(O)CC5=NOC(N6CCC(C7CC7CCOc7ccc(S(C)(=O)=O)c(F)c7)CC6)=CCC5C)c4CC3(C)C)CC2)c1,6.162835045937032,2.7463,round2,test,67
ZIHMKXOMCSCWJB-AHRBEJICSA-N__KQXJCTJAUZBYPX-UHFFFAOYSA-N,holdout,C[C@@H]1C[C@@H]2[C@@](C)(CC[C@@]3(C)[C@@]2(C)CC=C2c4cc(O)c(O)c(C=O)c4C=C[C@]23C)CC1=O,C#Cc1cc(C=C2SC(C(=O)OCCC)=C(C(=O)OCCC)S2)c(C#C)cc1C=O,C#Cc1cc(C(O)C(=O)c2c(O)c(O)cc3c2C=CC2(C)C3=CCC3(C)C4CC(C)C(=O)CC4(C)CCC23C)c(C#C)cc1C=C1SC(C(=O)OCCC)=C(C(=O)OCCC)S1,2.4353697492023243,-1.6043,round2,test,62
KQXJCTJAUZBYPX-UHFFFAOYSA-N__ZIHMKXOMCSCWJB-AHRBEJICSA-N,holdout,C#Cc1cc(C=C2SC(C(=O)OCCC)=C(C(=O)OCCC)S2)c(C#C)cc1C=O,C[C@@H]1C[C@@H]2[C@@](C)(CC[C@@]3(C)[C@@]2(C)CC=C2c4cc(O)c(O)c(C=O)c4C=C[C@]23C)CC1=O,C#Cc1cc(C(=O)C(O)c2c(O)c(O)cc3c2C=CC2(C)C3=CCC3(C)C4CC(C)C(=O)CC4(C)CCC23C)c(C#C)cc1C=C1SC(C(=O)OCCC)=C(C(=O)OCCC)S1,8.382607327860997,-0.9475,round2,test,62
OYYGRMILZWWSGT-UHFFFAOYSA-N__MGCXCSKQXCAPKV-UHFFFAOYSA-N,holdout,Cc1nn(-c2cc(N(CCNC=O)CCN3N=CCC3c3cc(F)cc(F)c3)ncn2)c(C)c1C=O,Cc1cc(CCN2C(=O)C=CC2=O)c(NC(=O)CF)c(SC2CC3CCC2CC3)c1C=O,Cc1cc(CCN2C(=O)C=CC2=O)c(NC(=O)CF)c(SC2CC3CCC2CC3)c1C(O)C(=O)c1c(C)nn(-c2cc(N(CCNC=O)CCN3N=CCC3c3cc(F)cc(F)c3)ncn2)c1C,14.894966731638272,9.4899,round2,test,68
MGCXCSKQXCAPKV-UHFFFAOYSA-N__OYYGRMILZWWSGT-UHFFFAOYSA-N,holdout,Cc1cc(CCN2C(=O)C=CC2=O)c(NC(=O)CF)c(SC2CC3CCC2CC3)c1C=O,Cc1nn(-c2cc(N(CCNC=O)CCN3N=CCC3c3cc(F)cc(F)c3)ncn2)c(C)c1C=O,Cc1cc(CCN2C(=O)C=CC2=O)c(NC(=O)CF)c(SC2CC3CCC2CC3)c1C(=O)C(O)c1c(C)nn(-c2cc(N(CCNC=O)CCN3N=CCC3c3cc(F)cc(F)c3)ncn2)c1C,10.908025927993537,6.1244,round2,test,68
JMRSNPNPWBKPKL-YQAGWJQESA-N__UABNFQMUMDNFGQ-UHFFFAOYSA-N,holdout,C=C=C(Cc1ccc2c(c1)C(C)(C)C1=C2CC(C)=CC=C1)N1C[C@@](F)(CF)CC1C=O,CC1CC(C)(C)OC(c2c3c(c(C=O)n2-c2ccccc2)C(C)(C)CC3(C)C#N)O1,C=C=C(Cc1ccc2c(c1)C(C)(C)C1=C2CC(C)=CC=C1)N1CC(F)(CF)CC1C(=O)C(O)c1c2c(c(C3OC(C)CC(C)(C)O3)n1-c1ccccc1)C(C)(C#N)CC2(C)C,7.440456871402352,3.8572,round2,test,61
UABNFQMUMDNFGQ-UHFFFAOYSA-N__JMRSNPNPWBKPKL-YQAGWJQESA-N,holdout,CC1CC(C)(C)OC(c2c3c(c(C=O)n2-c2ccccc2)C(C)(C)CC3(C)C#N)O1,C=C=C(Cc1ccc2c(c1)C(C)(C)C1=C2CC(C)=CC=C1)N1C[C@@](F)(CF)CC1C=O,C=C=C(Cc1ccc2c(c1)C(C)(C)C1=C2CC(C)=CC=C1)N1CC(F)(CF)CC1C(O)C(=O)c1c2c(c(C3OC(C)CC(C)(C)O3)n1-c1ccccc1)C(C)(C#N)CC2(C)C,6.171293518523361,-0.4279,round2,test,61
WMSJJWWWPAFMSO-VLPQCYEHSA-N__KKZKJADYHRMRGQ-UHFFFAOYSA-N,holdout,C=C/C(=C/F)[C@H]1C(C(=O)Nc2ccc(C=O)cc2)NC(CC)(CCC)C1c1ccc(C)cc1NC=O,O=CCNNc1ccc(-n2nc(C(F)(F)F)cc2C2=CC3Nc4ccccc4SC3C=C2)cc1,C=CC(=CF)C1C(C(=O)Nc2ccc(C(=O)C(O)CNNc3ccc(-n4nc(C(F)(F)F)cc4C4=CC5Nc6ccccc6SC5C=C4)cc3)cc2)NC(CC)(CCC)C1c1ccc(C)cc1NC=O,4.743099047699011,9.9951,round2,test,70
KKZKJADYHRMRGQ-UHFFFAOYSA-N__WMSJJWWWPAFMSO-VLPQCYEHSA-N,holdout,O=CCNNc1ccc(-n2nc(C(F)(F)F)cc2C2=CC3Nc4ccccc4SC3C=C2)cc1,C=C/C(=C/F)[C@H]1C(C(=O)Nc2ccc(C=O)cc2)NC(CC)(CCC)C1c1ccc(C)cc1NC=O,C=CC(=CF)C1C(C(=O)Nc2ccc(C(O)C(=O)CNNc3ccc(-n4nc(C(F)(F)F)cc4C4=CC5Nc6ccccc6SC5C=C4)cc3)cc2)NC(CC)(CCC)C1c1ccc(C)cc1NC=O,9.023539023120948,10.921,round2,test,70
KHXWBRBPYHSXTH-CKIVDRAYSA-N__VBUQVCNUAFTHCE-RAZAXZTQSA-N,holdout,O=C[C@H]1NCC(=S)C1C(=O)[C@H]1NCC(=S)C1C(=O)CC1=Cc2ccccc2C1,Cn1ccc(NC(=O)[C@@H]2CCN2S(=O)(=O)C2CC(C=O)CC3C(F)NNC32)cc1=O,Cn1ccc(NC(=O)C2CCN2S(=O)(=O)C2CC(C(O)C(=O)C3NCC(=S)C3C(=O)C3NCC(=S)C3C(=O)CC3=Cc4ccccc4C3)CC3C(F)NNC32)cc1=O,4.917200194327072,-4.122,round2,test,58
VBUQVCNUAFTHCE-RAZAXZTQSA-N__KHXWBRBPYHSXTH-CKIVDRAYSA-N,holdout,Cn1ccc(NC(=O)[C@@H]2CCN2S(=O)(=O)C2CC(C=O)CC3C(F)NNC32)cc1=O,O=C[C@H]1NCC(=S)C1C(=O)[C@H]1NCC(=S)C1C(=O)CC1=Cc2ccccc2C1,Cn1ccc(NC(=O)C2CCN2S(=O)(=O)C2CC(C(=O)C(O)C3NCC(=S)C3C(=O)C3NCC(=S)C3C(=O)CC3=Cc4ccccc4C3)CC3C(F)NNC32)cc1=O,-6.495132016913575,-10.0013,round2,test,58
LNMBZQKQQOYTMN-UHFFFAOYSA-N__JCQKYERSYYJGIJ-RKDXNWHRSA-N,holdout,NN1C(=O)c2cc(Br)cc(Br)c2NC1SCC=O,NC(=O)[C@H](N)CNC(=O)c1ccnc(C2=N[C@H](C=O)CS2)c1,NC(=O)C(N)CNC(=O)c1ccnc(C2=NC(C(O)C(=O)CSC3Nc4c(Br)cc(Br)cc4C(=O)N3N)CS2)c1,5.97787323785106,-4.3309,round2,test,40
JCQKYERSYYJGIJ-RKDXNWHRSA-N__LNMBZQKQQOYTMN-UHFFFAOYSA-N,holdout,NC(=O)[C@H](N)CNC(=O)c1ccnc(C2=N[C@H](C=O)CS2)c1,NN1C(=O)c2cc(Br)cc(Br)c2NC1SCC=O,NC(=O)C(N)CNC(=O)c1ccnc(C2=NC(C(=O)C(O)CSC3Nc4c(Br)cc(Br)cc4C(=O)N3N)CS2)c1,0.3113643205366778,-1.894,round2,test,40
VEMMJYZFHIONBG-UHFFFAOYSA-N__JMTVCVJCIPCHEX-WYJDJGQOSA-N,holdout,Cc1nnn(-c2ccc(C(F)F)cc2)c1COc1ccc(-n2cnc(C=O)c2)nn1,C=C(S/C=C\C)C1=NC(c2ccc(F)c(F)c2)C(C2=CC=N2)=C2C[C@@](N)(CCC=O)CN12,C=C(SC=CC)C1=NC(c2ccc(F)c(F)c2)C(C2=CC=N2)=C2CC(N)(CCC(O)C(=O)c3cn(-c4ccc(OCc5c(C)nnn5-c5ccc(C(F)F)cc5)nn4)cn3)CN12,4.180769633893796,4.5369,round2,test,62
JMTVCVJCIPCHEX-WYJDJGQOSA-N__VEMMJYZFHIONBG-UHFFFAOYSA-N,holdout,C=C(S/C=C\C)C1=NC(c2ccc(F)c(F)c2)C(C2=CC=N2)=C2C[C@@](N)(CCC=O)CN12,Cc1nnn(-c2ccc(C(F)F)cc2)c1COc1ccc(-n2cnc(C=O)c2)nn1,C=C(SC=CC)C1=NC(c2ccc(F)c(F)c2)C(C2=CC=N2)=C2CC(N)(CCC(=O)C(O)c3cn(-c4ccc(OCc5c(C)nnn5-c5ccc(C(F)F)cc5)nn4)cn3)CN12,10.077119068198988,4.6914,round2,test,62
MSEGSYMVTMWEDB-UHFFFAOYSA-N__RTSFIEXZIAALMT-UHFFFAOYSA-N,holdout,C=C1C(C)=C(C(C)(F)F)N(C)C(=O)N1c1cc(SCC=O)c(Cl)cc1F,CCCc1c(S(=O)(=O)Nc2ccc(C#N)cc2F)c[nH]c1CC=O,C=C1C(C)=C(C(C)(F)F)N(C)C(=O)N1c1cc(SCC(=O)C(O)Cc2[nH]cc(S(=O)(=O)Nc3ccc(C#N)cc3F)c2CCC)c(Cl)cc1F,2.6865848213100154,-0.3091,round2,test,50
RTSFIEXZIAALMT-UHFFFAOYSA-N__MSEGSYMVTMWEDB-UHFFFAOYSA-N,holdout,CCCc1c(S(=O)(=O)Nc2ccc(C#N)cc2F)c[nH]c1CC=O,C=C1C(C)=C(C(C)(F)F)N(C)C(=O)N1c1cc(SCC=O)c(Cl)cc1F,C=C1C(C)=C(C(C)(F)F)N(C)C(=O)N1c1cc(SCC(O)C(=O)Cc2[nH]cc(S(=O)(=O)Nc3ccc(C#N)cc3F)c2CCC)c(Cl)cc1F,7.497715392606057,1.1057,round2,test,50
LEHCBSZHTPGIBD-UHFFFAOYSA-N__DEBQIOFGENFHOT-INSVYWFGSA-N,holdout,C#CCNC(=O)c1cc(Nc2cc(C3CC3)[nH]n2)nc(N2CCN(Cc3cccc(C=O)c3)CC2)n1,COc1c(O)cc2c(c1OC)-c1ccc(SC)c(=O)cc1[C@@H](NC(C)=O)CC2C=O,C#CCNC(=O)c1cc(Nc2cc(C3CC3)[nH]n2)nc(N2CCN(Cc3cccc(C(=O)C(O)C4CC(NC(C)=O)c5cc(=O)c(SC)ccc5-c5c4cc(O)c(OC)c5OC)c3)CC2)n1,8.719009320958211,4.5638,round2,test,66
DEBQIOFGENFHOT-INSVYWFGSA-N__LEHCBSZHTPGIBD-UHFFFAOYSA-N,holdout,COc1c(O)cc2c(c1OC)-c1ccc(SC)c(=O)cc1[C@@H](NC(C)=O)CC2C=O,C#CCNC(=O)c1cc(Nc2cc(C3CC3)[nH]n2)nc(N2CCN(Cc3cccc(C=O)c3)CC2)n1,C#CCNC(=O)c1cc(Nc2cc(C3CC3)[nH]n2)nc(N2CCN(Cc3cccc(C(O)C(=O)C4CC(NC(C)=O)c5cc(=O)c(SC)ccc5-c5c4cc(O)c(OC)c5OC)c3)CC2)n1,2.900177354527826,1.6057,round2,test,66
CLZASMWCUMBFSM-LICLKQGHSA-N__UDCTUROYUUENFP-UHFFFAOYSA-N,holdout,C=C1CCC(NC)c2c3c(nc(/C=C(/F)CC)c21)-c1cc(C(C=O)CC)c(COC)c(=O)n1C3,Cc1cc(Cl)cc(C=O)c1N1C=C2C(=O)NC(N3CCOCC3)NC2N1,C=C1CCC(NC)c2c3c(nc(C=C(F)CC)c21)-c1cc(C(CC)C(=O)C(O)c2cc(Cl)cc(C)c2N2C=C4C(=O)NC(N5CCOCC5)NC4N2)c(COC)c(=O)n1C3,6.542778102222649,-1.9761,round2,test,60
UDCTUROYUUENFP-UHFFFAOYSA-N__CLZASMWCUMBFSM-LICLKQGHSA-N,holdout,Cc1cc(Cl)cc(C=O)c1N1C=C2C(=O)NC(N3CCOCC3)NC2N1,C=C1CCC(NC)c2c3c(nc(/C=C(/F)CC)c21)-c1cc(C(C=O)CC)c(COC)c(=O)n1C3,C=C1CCC(NC)c2c3c(nc(C=C(F)CC)c21)-c1cc(C(CC)C(O)C(=O)c2cc(Cl)cc(C)c2N2C=C4C(=O)NC(N5CCOCC5)NC4N2)c(COC)c(=O)n1C3,11.863329450606226,1.2959,round2,test,60
ZLZWAXBVZOQQPM-UHFFFAOYSA-N__WVHRAVATCKTJDN-TWMUNHRGSA-N,holdout,O=Cc1ccc(OP2(=O)OCCCO2)c(C(=O)OCOC(=O)CCC(=O)OF)c1,CCC1(C)OCc2cnc(C(=O)N[C@H](C=O)CCn3nc([C@@H]4CC4(F)F)cc3N(C)C)cc21,CCC1(C)OCc2cnc(C(=O)NC(CCn3nc(C4CC4(F)F)cc3N(C)C)C(O)C(=O)c3ccc(OP4(=O)OCCCO4)c(C(=O)OCOC(=O)CCC(=O)OF)c3)cc21,8.437024008990369,4.1646,round2,test,62
WVHRAVATCKTJDN-TWMUNHRGSA-N__ZLZWAXBVZOQQPM-UHFFFAOYSA-N,holdout,CCC1(C)OCc2cnc(C(=O)N[C@H](C=O)CCn3nc([C@@H]4CC4(F)F)cc3N(C)C)cc21,O=Cc1ccc(OP2(=O)OCCCO2)c(C(=O)OCOC(=O)CCC(=O)OF)c1,CCC1(C)OCc2cnc(C(=O)NC(CCn3nc(C4CC4(F)F)cc3N(C)C)C(=O)C(O)c3ccc(OP4(=O)OCCCO4)c(C(=O)OCOC(=O)CCC(=O)OF)c3)cc21,9.578877831163048,4.6749,round2,test,62
XLTVUDWCZABOIH-UHFFFAOYSA-N__MFUWKLKLGDWHFU-UHFFFAOYSA-N,holdout,C=C1CC23CC1CCC2C1=CC(C)C(C(C)O)C(C)(C=O)C1C3C(=O)NCc1ccc(F)c(Cl)c1,COc1cc(B(O)O)c(C=O)cc1-c1c[nH]c2ncc(-c3cncc(C(=O)N(C)C)c3)cc12,C=C1CC23CC1CCC2C1=CC(C)C(C(C)O)C(C)(C(=O)C(O)c2cc(-c4c[nH]c5ncc(-c6cncc(C(=O)N(C)C)c6)cc45)c(OC)cc2B(O)O)C1C3C(=O)NCc1ccc(F)c(Cl)c1,12.912572915028871,4.2964,round2,test,68
MFUWKLKLGDWHFU-UHFFFAOYSA-N__XLTVUDWCZABOIH-UHFFFAOYSA-N,holdout,COc1cc(B(O)O)c(C=O)cc1-c1c[nH]c2ncc(-c3cncc(C(=O)N(C)C)c3)cc12,C=C1CC23CC1CCC2C1=CC(C)C(C(C)O)C(C)(C=O)C1C3C(=O)NCc1ccc(F)c(Cl)c1,C=C1CC23CC1CCC2C1=CC(C)C(C(C)O)C(C)(C(O)C(=O)c2cc(-c4c[nH]c5ncc(-c6cncc(C(=O)N(C)C)c6)cc45)c(OC)cc2B(O)O)C1C3C(=O)NCc1ccc(F)c(Cl)c1,17.76290649912015,8.7318,round2,test,68
CWJKDZGESUOPSV-UHFFFAOYSA-N__RPVSGCNZVIJFSR-UHFFFAOYSA-N,holdout,C=Cc1ccc(F)cc1C(C)(C)CC(=O)C(=O)Nc1ccc2c(c1)C(C)=NOC2C=O,C=C(N=S(N)(=O)c1sc(C)nc1C)Nc1c(C(C)C)cc(F)cc1C(C)C=O,C=Cc1ccc(F)cc1C(C)(C)CC(=O)C(=O)Nc1ccc2c(c1)C(C)=NOC2C(=O)C(O)C(C)c1cc(F)cc(C(C)C)c1NC(=C)N=S(N)(=O)c1sc(C)nc1C,0.7842372866115308,-6.2343,round2,test,59
RPVSGCNZVIJFSR-UHFFFAOYSA-N__CWJKDZGESUOPSV-UHFFFAOYSA-N,holdout,C=C(N=S(N)(=O)c1sc(C)nc1C)Nc1c(C(C)C)cc(F)cc1C(C)C=O,C=Cc1ccc(F)cc1C(C)(C)CC(=O)C(=O)Nc1ccc2c(c1)C(C)=NOC2C=O,C=Cc1ccc(F)cc1C(C)(C)CC(=O)C(=O)Nc1ccc2c(c1)C(C)=NOC2C(O)C(=O)C(C)c1cc(F)cc(C(C)C)c1NC(=C)N=S(N)(=O)c1sc(C)nc1C,-6.375481682404284,-14.3264,round2,test,59
UGADGQDYUVBKEO-UHFFFAOYSA-N__POAOBAZVADLAIR-UHFFFAOYSA-N,holdout,C#Cc1ccc(N2NC(c3c(F)cccc3Cl)=NC2C=O)cc1,C=CC(=Cc1cccc(Cl)c1)C1=Cc2ccccc2C(C=O)N1c1ccc(C(F)(F)F)cn1,C#Cc1ccc(N2NC(c3c(F)cccc3Cl)=NC2C(=O)C(O)C2c3ccccc3C=C(C(C=C)=Cc3cccc(Cl)c3)N2c2ccc(C(F)(F)F)cn2)cc1,6.76388826796747,1.182,round2,test,56
POAOBAZVADLAIR-UHFFFAOYSA-N__UGADGQDYUVBKEO-UHFFFAOYSA-N,holdout,C=CC(=Cc1cccc(Cl)c1)C1=Cc2ccccc2C(C=O)N1c1ccc(C(F)(F)F)cn1,C#Cc1ccc(N2NC(c3c(F)cccc3Cl)=NC2C=O)cc1,C#Cc1ccc(N2NC(c3c(F)cccc3Cl)=NC2C(O)C(=O)C2c3ccccc3C=C(C(C=C)=Cc3cccc(Cl)c3)N2c2ccc(C(F)(F)F)cn2)cc1,9.065230344629835,-1.9365,round2,test,56
QWKTZIDRAPHMCH-UHFFFAOYSA-N__QAPOSPOTJMNSNV-RPBOFIJWSA-N,holdout,CC(C)C1NOC(C2CCN(C3NN(C)c4c(-c5ccc(C=O)c(F)c5)cc(F)cc43)CC2)N1C,Cc1ccc(S(=O)(=O)N2CC[C@H](C=O)[C@@H](Cc3cn(-c4ccccc4)nc3-c3ccccc3)C2)cc1,Cc1ccc(S(=O)(=O)N2CCC(C(O)C(=O)c3ccc(-c4cc(F)cc5c4N(C)NC5N4CCC(C5ONC(C(C)C)N5C)CC4)cc3F)C(Cc3cn(-c4ccccc4)nc3-c3ccccc3)C2)cc1,17.760544682451386,15.4184,round2,test,71
QAPOSPOTJMNSNV-RPBOFIJWSA-N__QWKTZIDRAPHMCH-UHFFFAOYSA-N,holdout,Cc1ccc(S(=O)(=O)N2CC[C@H](C=O)[C@@H](Cc3cn(-c4ccccc4)nc3-c3ccccc3)C2)cc1,CC(C)C1NOC(C2CCN(C3NN(C)c4c(-c5ccc(C=O)c(F)c5)cc(F)cc43)CC2)N1C,Cc1ccc(S(=O)(=O)N2CCC(C(=O)C(O)c3ccc(-c4cc(F)cc5c4N(C)NC5N4CCC(C5ONC(C(C)C)N5C)CC4)cc3F)C(Cc3cn(-c4ccccc4)nc3-c3ccccc3)C2)cc1,10.104018288852142,2.9603,round2,test,71
YHQFISOOVYLPRR-HFIQGDHTSA-N__HSJRAEQQVXRGGM-UHFFFAOYSA-N,holdout,CC(C)OC(=O)OCOP1(=O)OC[C@@](CF)(O[C@H](CO)n2ccc(=O)[nH]c2=O)[C@H](C=O)O1,C=C1C(C=O)C(=C)N(c2cc(CC)c(=NC)n(C(=C)C(F)F)c2)C1c1ccc(Cl)cc1,C=C1C(C(O)C(=O)C2OP(=O)(OCOC(=O)OC(C)C)OCC2(CF)OC(CO)n2ccc(=O)[nH]c2=O)C(=C)N(c2cc(CC)c(=NC)n(C(=C)C(F)F)c2)C1c1ccc(Cl)cc1,1.5368401030105678,-1.1411,round2,test,63
HSJRAEQQVXRGGM-UHFFFAOYSA-N__YHQFISOOVYLPRR-HFIQGDHTSA-N,holdout,C=C1C(C=O)C(=C)N(c2cc(CC)c(=NC)n(C(=C)C(F)F)c2)C1c1ccc(Cl)cc1,CC(C)OC(=O)OCOP1(=O)OC[C@@](CF)(O[C@H](CO)n2ccc(=O)[nH]c2=O)[C@H](C=O)O1,C=C1C(C(=O)C(O)C2OP(=O)(OCOC(=O)OC(C)C)OCC2(CF)OC(CO)n2ccc(=O)[nH]c2=O)C(=C)N(c2cc(CC)c(=NC)n(C(=C)C(F)F)c2)C1c1ccc(Cl)cc1,-6.8757750882846524,-5.1591,round2,test,63
PZYTZBGMEHZTNR-GVCQLOIVSA-N__FBQVUKRVTNANAI-UHFFFAOYSA-N,holdout,C=NCc1cc(F)c2n[nH]c(C3N=CC(F)=C(N[C@@H]4C(C=O)C5=CC[C@@H]4CC5)N3)c2c1,CC1C=c2[nH]c(C3C=CC(F)=CC3)c(CCC=O)c2=CC1F,C=NCc1cc(F)c2n[nH]c(C3N=CC(F)=C(NC4C5CC=C(CC5)C4C(=O)C(O)CCc4c(C5C=CC(F)=CC5)[nH]c5c4=CC(F)C(C)C=5)N3)c2c1,4.387583971629836,0.2926,round2,test,53
FBQVUKRVTNANAI-UHFFFAOYSA-N__PZYTZBGMEHZTNR-GVCQLOIVSA-N,holdout,CC1C=c2[nH]c(C3C=CC(F)=CC3)c(CCC=O)c2=CC1F,C=NCc1cc(F)c2n[nH]c(C3N=CC(F)=C(N[C@@H]4C(C=O)C5=CC[C@@H]4CC5)N3)c2c1,C=NCc1cc(F)c2n[nH]c(C3N=CC(F)=C(NC4C5CC=C(CC5)C4C(O)C(=O)CCc4c(C5C=CC(F)=CC5)[nH]c5c4=CC(F)C(C)C=5)N3)c2c1,1.045804869434828,1.3153,round2,test,53
XYJSVSPFUQNEGI-UHFFFAOYSA-N__NSKBVJYXMDIQIF-UHFFFAOYSA-N,holdout,Cc1ccc(N(C(=S)N(C)c2ccc(=N)n(C(=N)C(F)(F)F)n2)C2(C=O)CCC2)cc1,CC(F)c1ccc2cc(C(=O)C3C=NN(C)C3C=O)c(C(F)(F)F)nc2n1,Cc1ccc(N(C(=S)N(C)c2ccc(=N)n(C(=N)C(F)(F)F)n2)C2(C(=O)C(O)C3C(C(=O)c4cc5ccc(C(C)F)nc5nc4C(F)(F)F)C=NN3C)CCC2)cc1,11.236298072796451,4.0003,round2,test,58
NSKBVJYXMDIQIF-UHFFFAOYSA-N__XYJSVSPFUQNEGI-UHFFFAOYSA-N,holdout,CC(F)c1ccc2cc(C(=O)C3C=NN(C)C3C=O)c(C(F)(F)F)nc2n1,Cc1ccc(N(C(=S)N(C)c2ccc(=N)n(C(=N)C(F)(F)F)n2)C2(C=O)CCC2)cc1,Cc1ccc(N(C(=S)N(C)c2ccc(=N)n(C(=N)C(F)(F)F)n2)C2(C(O)C(=O)C3C(C(=O)c4cc5ccc(C(C)F)nc5nc4C(F)(F)F)C=NN3C)CCC2)cc1,9.40150905881629,7.2506,round2,test,58
SGCLSPFAYOHOOF-RYUDHWBXSA-N__IMJXZJWZJYUUQK-UHFFFAOYSA-N,holdout,O=CC1(S(=O)(=O)c2nc3n(n2)[C@H](c2ccccc2)C[C@@H]3F)CC1,O=C=Nc1nc(C=O)nc(C(=O)c2cccc(F)c2NS(=O)(=O)C(F)F)n1,O=C=Nc1nc(C(=O)c2cccc(F)c2NS(=O)(=O)C(F)F)nc(C(O)C(=O)C2(S(=O)(=O)c3nc4n(n3)C(c3ccccc3)CC4F)CC2)n1,-3.3992578965845355,-5.8277,round2,test,50
IMJXZJWZJYUUQK-UHFFFAOYSA-N__SGCLSPFAYOHOOF-RYUDHWBXSA-N,holdout,O=C=Nc1nc(C=O)nc(C(=O)c2cccc(F)c2NS(=O)(=O)C(F)F)n1,O=CC1(S(=O)(=O)c2nc3n(n2)[C@H](c2ccccc2)C[C@@H]3F)CC1,O=C=Nc1nc(C(=O)c2cccc(F)c2NS(=O)(=O)C(F)F)nc(C(=O)C(O)C2(S(=O)(=O)c3nc4n(n3)C(c3ccccc3)CC4F)CC2)n1,11.64912794300573,4.2779,round2,test,50
LCIIKJHWZSTBSU-GFOSZDOHSA-N__OYYGRMILZWWSGT-UHFFFAOYSA-N,holdout,COC(=O)[C@@]1(C)CCC[C@]2(C)C(CCc3ccoc3C(NC(C=O)C(C)C)OC)=C(C)CC[C@@H]12,Cc1nn(-c2cc(N(CCNC=O)CCN3N=CCC3c3cc(F)cc(F)c3)ncn2)c(C)c1C=O,COC(=O)C1(C)CCCC2(C)C(CCc3ccoc3C(NC(C(=O)C(O)c3c(C)nn(-c4cc(N(CCNC=O)CCN5N=CCC5c5cc(F)cc(F)c5)ncn4)c3C)C(C)C)OC)=C(C)CCC12,15.68188523657396,11.2441,round2,test,70
OYYGRMILZWWSGT-UHFFFAOYSA-N__LCIIKJHWZSTBSU-GFOSZDOHSA-N,holdout,Cc1nn(-c2cc(N(CCNC=O)CCN3N=CCC3c3cc(F)cc(F)c3)ncn2)c(C)c1C=O,COC(=O)[C@@]1(C)CCC[C@]2(C)C(CCc3ccoc3C(NC(C=O)C(C)C)OC)=C(C)CC[C@@H]12,COC(=O)C1(C)CCCC2(C)C(CCc3ccoc3C(NC(C(C)C)C(O)C(=O)c3c(C)nn(-c4cc(N(CCNC=O)CCN5N=CCC5c5cc(F)cc(F)c5)ncn4)c3C)OC)=C(C)CCC12,18.520776604303126,16.5527,round2,test,70
LIACHHAMDVIFGQ-UHFFFAOYSA-N__UCKSNGSIFWQHDC-UHFFFAOYSA-N,holdout,Cc1nc(C(C=O)c2nc3c(Br)c(-c4ccc(F)cc4)nc(N)n3n2)cs1,CN(C)c1cc(-c2ccnc(Nc3ccnn3C)c2)cc2nnc(C(CC=O)Cc3ccc(F)cc3)n12,Cc1nc(C(C(=O)C(O)CC(Cc2ccc(F)cc2)c2nnc3cc(-c4ccnc(Nc5ccnn5C)c4)cc(N(C)C)n23)c2nc3c(Br)c(-c4ccc(F)cc4)nc(N)n3n2)cs1,13.404810504823336,-0.4839,round2,test,64
UCKSNGSIFWQHDC-UHFFFAOYSA-N__LIACHHAMDVIFGQ-UHFFFAOYSA-N,holdout,CN(C)c1cc(-c2ccnc(Nc3ccnn3C)c2)cc2nnc(C(CC=O)Cc3ccc(F)cc3)n12,Cc1nc(C(C=O)c2nc3c(Br)c(-c4ccc(F)cc4)nc(N)n3n2)cs1,Cc1nc(C(c2nc3c(Br)c(-c4ccc(F)cc4)nc(N)n3n2)C(O)C(=O)CC(Cc2ccc(F)cc2)c2nnc3cc(-c4ccnc(Nc5ccnn5C)c4)cc(N(C)C)n23)cs1,5.257758641806322,-0.071,round2,test,64
BDZSNXFYQFYOSR-UHFFFAOYSA-N__ADWSFKXHBAUKKO-UHFFFAOYSA-N,holdout,O=CC12CNCCn3c(NC4CCOC5(CCC5)C4)nc(c31)CC(F)C2,CC(C)c1c2cc(-c3nc(Nc4ccc5c(n4)CCC(C(O)C=O)N5)ncc3F)cc(F)c2nn1C,CC(C)c1c2cc(-c3nc(Nc4ccc5c(n4)CCC(C(O)C(O)C(=O)C46CNCCn7c(NC8CCOC9(CCC9)C8)nc(c74)CC(F)C6)N5)ncc3F)cc(F)c2nn1C,5.924587138343984,6.1826,round2,test,62
ADWSFKXHBAUKKO-UHFFFAOYSA-N__BDZSNXFYQFYOSR-UHFFFAOYSA-N,holdout,CC(C)c1c2cc(-c3nc(Nc4ccc5c(n4)CCC(C(O)C=O)N5)ncc3F)cc(F)c2nn1C,O=CC12CNCCn3c(NC4CCOC5(CCC5)C4)nc(c31)CC(F)C2,CC(C)c1c2cc(-c3nc(Nc4ccc5c(n4)CCC(C(O)C(=O)C(O)C46CNCCn7c(NC8CCOC9(CCC9)C8)nc(c74)CC(F)C6)N5)ncc3F)cc(F)c2nn1C,14.161532415786178,12.6305,round2,test,62
CQMKAAYYGYCZQK-OYEZDFTHSA-N__UDWWPNAYVMKKLY-SDQPKGBYSA-N,holdout,O=CC(CN[C@@H]1C(=O)NC[C@H]1O)Cc1c(-c2ccc(F)cc2)[nH]c2c(F)c(F)ccc12,N/C=C\N(N)C[C@H]1CN(c2ccc(-n3ccc(C=O)c3)c(F)c2)C(=O)O1,NC=CN(N)CC1CN(c2ccc(-n3ccc(C(O)C(=O)C(CNC4C(=O)NCC4O)Cc4c(-c5ccc(F)cc5)[nH]c5c(F)c(F)ccc45)c3)c(F)c2)C(=O)O1,17.606377028675464,7.9897,round2,test,57
UDWWPNAYVMKKLY-SDQPKGBYSA-N__CQMKAAYYGYCZQK-OYEZDFTHSA-N,holdout,N/C=C\N(N)C[C@H]1CN(c2ccc(-n3ccc(C=O)c3)c(F)c2)C(=O)O1,O=CC(CN[C@@H]1C(=O)NC[C@H]1O)Cc1c(-c2ccc(F)cc2)[nH]c2c(F)c(F)ccc12,NC=CN(N)CC1CN(c2ccc(-n3ccc(C(=O)C(O)C(CNC4C(=O)NCC4O)Cc4c(-c5ccc(F)cc5)[nH]c5c(F)c(F)ccc45)c3)c(F)c2)C(=O)O1,13.12796975047388,5.9615,round2,test,57
GQUWKGQZTWHIIQ-UHFFFAOYSA-N__WVHRAVATCKTJDN-TWMUNHRGSA-N,holdout,Nc1nc(OCc2ccc(C=O)cc2)c2[nH]cnc2n1,CCC1(C)OCc2cnc(C(=O)N[C@H](C=O)CCn3nc([C@@H]4CC4(F)F)cc3N(C)C)cc21,CCC1(C)OCc2cnc(C(=O)NC(CCn3nc(C4CC4(F)F)cc3N(C)C)C(O)C(=O)c3ccc(COc4nc(N)nc5nc[nH]c45)cc3)cc21,1.8713243671068085,2.2873,round2,test,53
WVHRAVATCKTJDN-TWMUNHRGSA-N__GQUWKGQZTWHIIQ-UHFFFAOYSA-N,holdout,CCC1(C)OCc2cnc(C(=O)N[C@H](C=O)CCn3nc([C@@H]4CC4(F)F)cc3N(C)C)cc21,Nc1nc(OCc2ccc(C=O)cc2)c2[nH]cnc2n1,CCC1(C)OCc2cnc(C(=O)NC(CCn3nc(C4CC4(F)F)cc3N(C)C)C(=O)C(O)c3ccc(COc4nc(N)nc5nc[nH]c45)cc3)cc21,8.428901223741319,0.415,round2,test,53
WRUQZRWBSNBUTG-NTUHNPAUSA-N__GVIPQRZWCDGLDH-UHFFFAOYSA-N,holdout,O=Cc1ccc(/C=C/C=C2C=C(c3ccccc3)OC(c3ccccc3)=C2)s1,O=CC1C=Nc2ncncc2C1=O,O=C(c1ccc(C=CC=C2C=C(c3ccccc3)OC(c3ccccc3)=C2)s1)C(O)C1C=Nc2ncncc2C1=O,-3.5079949184666948,3.1501,round2,test,41
GVIPQRZWCDGLDH-UHFFFAOYSA-N__WRUQZRWBSNBUTG-NTUHNPAUSA-N,holdout,O=CC1C=Nc2ncncc2C1=O,O=Cc1ccc(/C=C/C=C2C=C(c3ccccc3)OC(c3ccccc3)=C2)s1,O=C1c2cncnc2N=CC1C(=O)C(O)c1ccc(C=CC=C2C=C(c3ccccc3)OC(c3ccccc3)=C2)s1,10.168794894733036,6.7394,round2,test,41
WYQUANWLVUGJFV-UHFFFAOYSA-N__DZZHIBPTMNCBJH-UHFFFAOYSA-N,holdout,O=Cc1occ2c(O)c3c(O)ccc(O)c3c(O)c12,CCOCCOc1c2ncc(c1C=O)CSCCCCCSC2,CCOCCOc1c2ncc(c1C(O)C(=O)c1occ3c(O)c4c(O)ccc(O)c4c(O)c13)CSCCCCCSC2,0.1146292459929578,-0.716,round2,test,42
DZZHIBPTMNCBJH-UHFFFAOYSA-N__WYQUANWLVUGJFV-UHFFFAOYSA-N,holdout,CCOCCOc1c2ncc(c1C=O)CSCCCCCSC2,O=Cc1occ2c(O)c3c(O)ccc(O)c3c(O)c12,CCOCCOc1c2ncc(c1C(=O)C(O)c1occ3c(O)c4c(O)ccc(O)c4c(O)c13)CSCCCCCSC2,9.982364502147805,2.3871,round2,test,42
WDPWRSUKBJUUOY-YNNMVLHISA-N__AAFZMYRURFKHSW-UHFFFAOYSA-N,holdout,Cc1cc(C=O)cc(-c2cc(-c3cnc(/C=C\C(=N)C(F)F)[nH]3)ncn2)c1,O=Cc1cc(C2Sc3ccccc3S2)[nH]c1C1Sc2ccccc2S1,Cc1cc(C(=O)C(O)c2cc(C3Sc4ccccc4S3)[nH]c2C2Sc3ccccc3S2)cc(-c2cc(-c3cnc(C=CC(=N)C(F)F)[nH]3)ncn2)c1,8.475138699583054,1.4947,round2,test,52
AAFZMYRURFKHSW-UHFFFAOYSA-N__WDPWRSUKBJUUOY-YNNMVLHISA-N,holdout,O=Cc1cc(C2Sc3ccccc3S2)[nH]c1C1Sc2ccccc2S1,Cc1cc(C=O)cc(-c2cc(-c3cnc(/C=C\C(=N)C(F)F)[nH]3)ncn2)c1,Cc1cc(-c2cc(-c3cnc(C=CC(=N)C(F)F)[nH]3)ncn2)cc(C(O)C(=O)c2cc(C3Sc4ccccc4S3)[nH]c2C2Sc3ccccc3S2)c1,3.620836273614658,-0.0075,round2,test,52
UDWWPNAYVMKKLY-SDQPKGBYSA-N__ANLIYTCSBMIRPS-UHFFFAOYSA-N,holdout,N/C=C\N(N)C[C@H]1CN(c2ccc(-n3ccc(C=O)c3)c(F)c2)C(=O)O1,O=CCC(O)C(c1cc(F)c(F)cc1F)N1CCn2c(nnc2C(F)(F)F)C1,NC=CN(N)CC1CN(c2ccc(-n3ccc(C(=O)C(O)CC(O)C(c4cc(F)c(F)cc4F)N4CCn5c(nnc5C(F)(F)F)C4)c3)c(F)c2)C(=O)O1,3.297472964660904,-0.5455,round2,test,54
ANLIYTCSBMIRPS-UHFFFAOYSA-N__UDWWPNAYVMKKLY-SDQPKGBYSA-N,holdout,O=CCC(O)C(c1cc(F)c(F)cc1F)N1CCn2c(nnc2C(F)(F)F)C1,N/C=C\N(N)C[C@H]1CN(c2ccc(-n3ccc(C=O)c3)c(F)c2)C(=O)O1,NC=CN(N)CC1CN(c2ccc(-n3ccc(C(O)C(=O)CC(O)C(c4cc(F)c(F)cc4F)N4CCn5c(nnc5C(F)(F)F)C4)c3)c(F)c2)C(=O)O1,8.626689801071363,4.6628,round2,test,54
NTUWSPVODPXFAC-UHFFFAOYSA-N__SWHZOJQOWGMPRT-UHFFFAOYSA-N,holdout,CC1=NC(=NO1)C(C)(CC(=O)C2=NC=C(C(=C2)OCC(F)(F)F)C3CC3)C=O,CC(C)(C)OC(=O)NCCN1N=C2C=C(C3=C(C2=N1)CC(C3)C=O)F,Cc1nc(C(C)(CC(=O)c2cc(OCC(F)(F)F)c(C3CC3)cn2)C(=O)C(O)C2Cc3c(F)cc4nn(CCNC(=O)OC(C)(C)C)nc4c3C2)no1,7.028478781364055,6.4044,round3,test,53
SWHZOJQOWGMPRT-UHFFFAOYSA-N__NTUWSPVODPXFAC-UHFFFAOYSA-N,holdout,CC(C)(C)OC(=O)NCCN1N=C2C=C(C3=C(C2=N1)CC(C3)C=O)F,CC1=NC(=NO1)C(C)(CC(=O)C2=NC=C(C(=C2)OCC(F)(F)F)C3CC3)C=O,Cc1nc(C(C)(CC(=O)c2cc(OCC(F)(F)F)c(C3CC3)cn2)C(O)C(=O)C2Cc3c(F)cc4nn(CCNC(=O)OC(C)(C)C)nc4c3C2)no1,6.667091203578301,5.3622,round3,test,53
HNOJYPHDGFZXLR-UHFFFAOYSA-N__YTVFVMBPXNLDGS-VAWYXSNFSA-N,holdout,CC(C)(C)OC(=O)NC1(CC2(C1)CC2)C=O,C1CC(C1)C2=CSC(=N2)/C=C/C3=CC(=CC=C3)NC(CC4=CC=CC=C4C(=O)O)C=O,CC(C)(C)OC(=O)NC1(C(=O)C(O)C(Cc2ccccc2C(=O)O)Nc2cccc(C=Cc3nc(C4CCC4)cs3)c2)CC2(CC2)C1,-0.0798561220127138,4.4217,round3,test,47
YTVFVMBPXNLDGS-VAWYXSNFSA-N__HNOJYPHDGFZXLR-UHFFFAOYSA-N,holdout,C1CC(C1)C2=CSC(=N2)/C=C/C3=CC(=CC=C3)NC(CC4=CC=CC=C4C(=O)O)C=O,CC(C)(C)OC(=O)NC1(CC2(C1)CC2)C=O,CC(C)(C)OC(=O)NC1(C(O)C(=O)C(Cc2ccccc2C(=O)O)Nc2cccc(C=Cc3nc(C4CCC4)cs3)c2)CC2(CC2)C1,3.0644042867862566,0.4025,round3,test,47
WBBXHBDVNMDEBY-SCVMZPAESA-N__YMTBEVQJVHDOIJ-UHFFFAOYSA-N,holdout,CCCCC(=O)N[C@@H](C=O)[C@H]([C@@H]([C@@H](CO)O)O)O,CC(C)C(CN(C)C)N1C(C=C(C(=N1)C(=O)NCC2=CC=C(C=C2)F)O)C=O,CCCCC(=O)NC(C(=O)C(O)C1C=C(O)C(C(=O)NCc2ccc(F)cc2)=NN1C(CN(C)C)C(C)C)C(O)C(O)C(O)CO,3.668300110440913,-15.7863,round3,test,46
YMTBEVQJVHDOIJ-UHFFFAOYSA-N__WBBXHBDVNMDEBY-SCVMZPAESA-N,holdout,CC(C)C(CN(C)C)N1C(C=C(C(=N1)C(=O)NCC2=CC=C(C=C2)F)O)C=O,CCCCC(=O)N[C@@H](C=O)[C@H]([C@@H]([C@@H](CO)O)O)O,CCCCC(=O)NC(C(O)C(=O)C1C=C(O)C(C(=O)NCc2ccc(F)cc2)=NN1C(CN(C)C)C(C)C)C(O)C(O)C(O)CO,-3.363325546576075,-18.0896,round3,test,46
CWANDFKKZFHRJF-VANKVMQKSA-N__HKQAARLVBHZFFC-SJORKVTESA-N,holdout,C[C@H]([C@@H]([C@@H]([C@](C=O)(O)F)O)O)O,C1=CC=C(C=C1)C(=O)C([C@H]([C@H](C(C=O)(F)F)O)O)(C(=O)C2=CC=CC=C2)O,CC(O)C(O)C(O)C(O)(F)C(=O)C(O)C(F)(F)C(O)C(O)C(O)(C(=O)c1ccccc1)C(=O)c1ccccc1,2.136030690589449,-1.1008,round3,test,39
HKQAARLVBHZFFC-SJORKVTESA-N__CWANDFKKZFHRJF-VANKVMQKSA-N,holdout,C1=CC=C(C=C1)C(=O)C([C@H]([C@H](C(C=O)(F)F)O)O)(C(=O)C2=CC=CC=C2)O,C[C@H]([C@@H]([C@@H]([C@](C=O)(O)F)O)O)O,CC(O)C(O)C(O)C(O)(F)C(O)C(=O)C(F)(F)C(O)C(O)C(O)(C(=O)c1ccccc1)C(=O)c1ccccc1,-4.245260560261632,-1.5093,round3,test,39
PMDNXTNFZNADQS-VWLOTQADSA-N__PJVCFMWHRGYLTG-UHFFFAOYSA-N,holdout,C1COCCC1[C@@H](C2=CC=CC=C2F)N3C4=CC(=C(C=C4C5=C3C=C(C=N5)CC=O)F)Cl,C1C(C(C2=C(S1)NC(=O)S2)C3=CC=C(C=C3)OCC4=CC=CC=C4)C=O,O=C(Cc1cnc2c3cc(F)c(Cl)cc3n(C(c3ccccc3F)C3CCOCC3)c2c1)C(O)C1CSc2[nH]c(=O)sc2C1c1ccc(OCc2ccccc2)cc1,3.03022719426494,2.5765,round3,test,58
NZBKEKFOSFBCCB-UHFFFAOYSA-N__VFQYZXIEEHIJLX-UHFFFAOYSA-N,holdout,CNC(=O)C(CCC=O)N1CC2=C(C1=O)C=CC(=C2)C3=NC4=C(C=CN4)C(=C3)CN5CCC(CC5)F,CC(CCCCC=O)CCCC=C,C=CCCCC(C)CCCCC(O)C(=O)CCC(C(=O)NC)N1Cc2cc(-c3cc(CN4CCC(F)CC4)c4cc[nH]c4n3)ccc2C1=O,4.706186202533747,3.9106,round3,test,49
PJVCFMWHRGYLTG-UHFFFAOYSA-N__PMDNXTNFZNADQS-VWLOTQADSA-N,holdout,C1C(C(C2=C(S1)NC(=O)S2)C3=CC=C(C=C3)OCC4=CC=CC=C4)C=O,C1COCCC1[C@@H](C2=CC=CC=C2F)N3C4=CC(=C(C=C4C5=C3C=C(C=N5)CC=O)F)Cl,O=C(C(O)Cc1cnc2c3cc(F)c(Cl)cc3n(C(c3ccccc3F)C3CCOCC3)c2c1)C1CSc2[nH]c(=O)sc2C1c1ccc(OCc2ccccc2)cc1,6.839832410018932,4.0697,round3,test,58
VFQYZXIEEHIJLX-UHFFFAOYSA-N__NZBKEKFOSFBCCB-UHFFFAOYSA-N,holdout,CC(CCCCC=O)CCCC=C,CNC(=O)C(CCC=O)N1CC2=C(C1=O)C=CC(=C2)C3=NC4=C(C=CN4)C(=C3)CN5CCC(CC5)F,C=CCCCC(C)CCCCC(=O)C(O)CCC(C(=O)NC)N1Cc2cc(-c3cc(CN4CCC(F)CC4)c4cc[nH]c4n3)ccc2C1=O,2.820038477995669,2.7774,round3,test,49
WBKLOYGKXCLHTR-UHFFFAOYSA-N__JRXWKNZUEGUWPN-UHFFFAOYSA-N,holdout,CC1=NC=C(C=C1)C2=NC(=C3C(NC=CC3=C2)C=O)NC4=CC(=C(C=C4)N5CCOCC5)F,CC(CC=O)C(C(=O)O)F,Cc1ccc(-c2cc3c(c(Nc4ccc(N5CCOCC5)c(F)c4)n2)C(C(=O)C(O)CC(C)C(F)C(=O)O)NC=C3)cn1,4.710313501147842,5.7698,round3,test,43
JRXWKNZUEGUWPN-UHFFFAOYSA-N__WBKLOYGKXCLHTR-UHFFFAOYSA-N,holdout,CC(CC=O)C(C(=O)O)F,CC1=NC=C(C=C1)C2=NC(=C3C(NC=CC3=C2)C=O)NC4=CC(=C(C=C4)N5CCOCC5)F,Cc1ccc(-c2cc3c(c(Nc4ccc(N5CCOCC5)c(F)c4)n2)C(C(O)C(=O)CC(C)C(F)C(=O)O)NC=C3)cn1,6.324161263073999,3.011,round3,test,43
JKCNVWCBCHCRGO-RDABAPPSSA-N__RDIQQEGTEKMUPW-UHFFFAOYSA-N,holdout,C1C[C@H](CN(C1)C(C(C=O)C2=CC=C(C=C2)NC3=NC=C(C=N3)C4=CC=C(C=C4)OC(F)F)O)O,C1=CC=C2C(=C1)C=CC3=C2N(C(=NC4=CC=CC=C4C=O)C=C3)O,O=C(C(O)c1ccccc1N=c1ccc2ccc3ccccc3c2n1O)C(c1ccc(Nc2ncc(-c3ccc(OC(F)F)cc3)cn2)cc1)C(O)N1CCCC(O)C1,-1.1704170005762295,-2.6467,round3,test,59
RDIQQEGTEKMUPW-UHFFFAOYSA-N__JKCNVWCBCHCRGO-RDABAPPSSA-N,holdout,C1=CC=C2C(=C1)C=CC3=C2N(C(=NC4=CC=CC=C4C=O)C=C3)O,C1C[C@H](CN(C1)C(C(C=O)C2=CC=C(C=C2)NC3=NC=C(C=N3)C4=CC=C(C=C4)OC(F)F)O)O,O=C(c1ccccc1N=c1ccc2ccc3ccccc3c2n1O)C(O)C(c1ccc(Nc2ncc(-c3ccc(OC(F)F)cc3)cn2)cc1)C(O)N1CCCC(O)C1,4.128708351868351,-5.47,round3,test,59
IPNLTLQHCGGDCS-CQSZACIVSA-N__ZRWRFUHSJYAXIJ-UHFFFAOYSA-N,holdout,COC1=C(C(=CC(=C1)C2=CN=C3N2C=CC(=C3)OC[C@@H]4CCCNC4)OC(F)F)C=O,C(C=O)C(C(F)(F)F)(Br)Br,COc1cc(-c2cnc3cc(OCC4CCCNC4)ccn23)cc(OC(F)F)c1C(=O)C(O)CC(Br)(Br)C(F)(F)F,3.614301559792248,5.9783,round3,test,41
ZRWRFUHSJYAXIJ-UHFFFAOYSA-N__IPNLTLQHCGGDCS-CQSZACIVSA-N,holdout,C(C=O)C(C(F)(F)F)(Br)Br,COC1=C(C(=CC(=C1)C2=CN=C3N2C=CC(=C3)OC[C@@H]4CCCNC4)OC(F)F)C=O,COc1cc(-c2cnc3cc(OCC4CCCNC4)ccn23)cc(OC(F)F)c1C(O)C(=O)CC(Br)(Br)C(F)(F)F,5.356709367560086,5.9561,round3,test,41
IIJAQEXWPIAVJU-RVQMFNDTSA-N__MHDBTMMIJGXGOF-AAORUROXSA-N,holdout,C1=CC(=NC=C1O)[C@H](C[C@H](C(=O)N[C@H]([C@H]2[C@@H]([C@@H]([C@@H](O2)N3C=C(NC3=O)C=O)O)O)C(=O)O)N)O,CCOP(=O)([C@H]1CC=C[C@@H]([C@@]12C3=C(C=CC(=C3)F)N(C2=O)C(=O)OC(C)(C)C)CC=O)OCC,CCOP(=O)(OCC)C1CC=CC(CC(O)C(=O)c2cn(C3OC(C(NC(=O)C(N)CC(O)c4ccc(O)cn4)C(=O)O)C(O)C3O)c(=O)[nH]2)C12C(=O)N(C(=O)OC(C)(C)C)c1ccc(F)cc12,3.5938453693465444,7.6733,round3,test,68
MHDBTMMIJGXGOF-AAORUROXSA-N__IIJAQEXWPIAVJU-RVQMFNDTSA-N,holdout,CCOP(=O)([C@H]1CC=C[C@@H]([C@@]12C3=C(C=CC(=C3)F)N(C2=O)C(=O)OC(C)(C)C)CC=O)OCC,C1=CC(=NC=C1O)[C@H](C[C@H](C(=O)N[C@H]([C@H]2[C@@H]([C@@H]([C@@H](O2)N3C=C(NC3=O)C=O)O)O)C(=O)O)N)O,CCOP(=O)(OCC)C1CC=CC(CC(=O)C(O)c2cn(C3OC(C(NC(=O)C(N)CC(O)c4ccc(O)cn4)C(=O)O)C(O)C3O)c(=O)[nH]2)C12C(=O)N(C(=O)OC(C)(C)C)c1ccc(F)cc12,7.2856468135223,12.6271,round3,test,68
UHUDKFRKFJWSKT-WDSKDSINSA-N__LBIJCTZUQPDPIY-UHFFFAOYSA-N,holdout,C[C@@H](C[C@H](CC=O)NC(=O)C(F)(F)F)O,C1CC(C1)C2=C(C(=NN2)C(F)(F)F)C=O,CC(O)CC(CC(=O)C(O)c1c(C(F)(F)F)n[nH]c1C1CCC1)NC(=O)C(F)(F)F,8.0411190861844,8.4064,round3,test,30
LBIJCTZUQPDPIY-UHFFFAOYSA-N__UHUDKFRKFJWSKT-WDSKDSINSA-N,holdout,C1CC(C1)C2=C(C(=NN2)C(F)(F)F)C=O,C[C@@H](C[C@H](CC=O)NC(=O)C(F)(F)F)O,CC(O)CC(CC(O)C(=O)c1c(C(F)(F)F)n[nH]c1C1CCC1)NC(=O)C(F)(F)F,6.671244605411574,6.5297,round3,test,30
GMUINPOVQMNENA-UHFFFAOYSA-N__ZRZVLMMRTDOQKG-UHFFFAOYSA-N,holdout,CC1(CC1)NS(=O)(=O)C2=CC3=C(C=C2)N(C(=O)N3C4=CC=C(S4)C=O)C,C(C(C=O)O)[N+](=O)[O-],Cn1c(=O)n(-c2ccc(C(=O)C(O)C(O)C[N+](=O)[O-])s2)c2cc(S(=O)(=O)NC3(C)CC3)ccc21,-4.278403335952965,-1.4977,round3,test,34
ZRZVLMMRTDOQKG-UHFFFAOYSA-N__GMUINPOVQMNENA-UHFFFAOYSA-N,holdout,C(C(C=O)O)[N+](=O)[O-],CC1(CC1)NS(=O)(=O)C2=CC3=C(C=C2)N(C(=O)N3C4=CC=C(S4)C=O)C,Cn1c(=O)n(-c2ccc(C(O)C(=O)C(O)C[N+](=O)[O-])s2)c2cc(S(=O)(=O)NC3(C)CC3)ccc21,5.874216990449232,8.1498,round3,test,34
PZERAWLHKRECLP-UHFFFAOYSA-N__HNPRLDIJKHZNSL-WDSKDSINSA-N,holdout,C1C2CNC3=NN=C(C=C3N2CC1OC4=NC=C(C=C4)C=O)C5=C(C(=CC=C5)F)O,C(C=O)[C@@H](C[C@@H](CO)O)O,O=C(c1ccc(OC2CC3CNc4nnc(-c5cccc(F)c5O)cc4N3C2)nc1)C(O)CC(O)CC(O)CO,3.4453435635382563,8.1067,round3,test,40
HNPRLDIJKHZNSL-WDSKDSINSA-N__PZERAWLHKRECLP-UHFFFAOYSA-N,holdout,C(C=O)[C@@H](C[C@@H](CO)O)O,C1C2CNC3=NN=C(C=C3N2CC1OC4=NC=C(C=C4)C=O)C5=C(C(=CC=C5)F)O,O=C(CC(O)CC(O)CO)C(O)c1ccc(OC2CC3CNc4nnc(-c5cccc(F)c5O)cc4N3C2)nc1,2.4113204914893664,8.6296,round3,test,40
DGVOSAOXUJRINT-UHFFFAOYSA-N__JZEBIZSENOXNQJ-XMMPIXPASA-N,holdout,C1C2CN(C=CN2CN1)C3=C(C=CC(=C3)F)C=O,CS(=O)(=O)C(=C1CN(C1)[C@H](C2=CC=C(C=C2)C=O)C3=CC=C(C=C3)Cl)C4=CC(=CC(=C4)F)F,CS(=O)(=O)C(=C1CN(C(c2ccc(Cl)cc2)c2ccc(C(O)C(=O)c3ccc(F)cc3N3C=CN4CNCC4C3)cc2)C1)c1cc(F)cc(F)c1,11.78829720244179,2.4628,round3,test,51
JZEBIZSENOXNQJ-XMMPIXPASA-N__DGVOSAOXUJRINT-UHFFFAOYSA-N,holdout,CS(=O)(=O)C(=C1CN(C1)[C@H](C2=CC=C(C=C2)C=O)C3=CC=C(C=C3)Cl)C4=CC(=CC(=C4)F)F,C1C2CN(C=CN2CN1)C3=C(C=CC(=C3)F)C=O,CS(=O)(=O)C(=C1CN(C(c2ccc(Cl)cc2)c2ccc(C(=O)C(O)c3ccc(F)cc3N3C=CN4CNCC4C3)cc2)C1)c1cc(F)cc(F)c1,8.178713930584594,3.9368,round3,test,51
HKWCEXZUDQTIRD-UHFFFAOYSA-N__MREJZELNCWSZEI-UHFFFAOYSA-N,holdout,CC1=CC=C(C=C1)CNC(=O)C2CCN(CC2)C(=O)C3CCN(CC3)C4=CC=C(C=C4)C=O,CC(C)(C)CN1CCC(CC1)C2=COC3=C2C=C(C=C3)NC(=O)C4=CC=CC=C4C=O,Cc1ccc(CNC(=O)C2CCN(C(=O)C3CCN(c4ccc(C(=O)C(O)c5ccccc5C(=O)Nc5ccc6occ(C7CCN(CC(C)(C)C)CC7)c6c5)cc4)CC3)CC2)cc1,2.891300730629637,3.3844,round3,test,64
MREJZELNCWSZEI-UHFFFAOYSA-N__HKWCEXZUDQTIRD-UHFFFAOYSA-N,holdout,CC(C)(C)CN1CCC(CC1)C2=COC3=C2C=C(C=C3)NC(=O)C4=CC=CC=C4C=O,CC1=CC=C(C=C1)CNC(=O)C2CCN(CC2)C(=O)C3CCN(CC3)C4=CC=C(C=C4)C=O,Cc1ccc(CNC(=O)C2CCN(C(=O)C3CCN(c4ccc(C(O)C(=O)c5ccccc5C(=O)Nc5ccc6occ(C7CCN(CC(C)(C)C)CC7)c6c5)cc4)CC3)CC2)cc1,17.75546881228098,16.6135,round3,test,64
YWYRVKXBPMSZBY-UHFFFAOYSA-N__ZLLYBUQOJMPGKQ-UHFFFAOYSA-N,holdout,CC(=O)OCC1CCCN1C(=O)OC2=CC(=C(C(=C2)F)C=O)F,CC1=C(NC2=C1C(=CN=C2NCCC3=CC=CC=C3C=O)F)C,CC(=O)OCC1CCCN1C(=O)Oc1cc(F)c(C(=O)C(O)c2ccccc2CCNc2ncc(F)c3c(C)c(C)[nH]c23)c(F)c1,5.9287150233693255,4.1311,round3,test,46
ZLLYBUQOJMPGKQ-UHFFFAOYSA-N__YWYRVKXBPMSZBY-UHFFFAOYSA-N,holdout,CC1=C(NC2=C1C(=CN=C2NCCC3=CC=CC=C3C=O)F)C,CC(=O)OCC1CCCN1C(=O)OC2=CC(=C(C(=C2)F)C=O)F,CC(=O)OCC1CCCN1C(=O)Oc1cc(F)c(C(O)C(=O)c2ccccc2CCNc2ncc(F)c3c(C)c(C)[nH]c23)c(F)c1,5.777180888285057,2.6153,round3,test,46
DWDBBWXFNOEALL-UHFFFAOYSA-N__KXMZVZSANYLVJL-QLYXXIJNSA-N,holdout,CCN1CCN(CC1)C2=NC(=CC3=CC=CC=C32)C4=CC(=C(C=C4)C=O)F,CC(=NCC1(CC1)C2=CC=C(C=C2)F)N/N=C(/C=C)\C3=CC=CC(=C3)C=O,C=CC(=NNC(C)=NCC1(c2ccc(F)cc2)CC1)c1cccc(C(O)C(=O)c2ccc(-c3cc4ccccc4c(N4CCN(CC)CC4)n3)cc2F)c1,15.443281374928512,3.2013,round3,test,54
KXMZVZSANYLVJL-QLYXXIJNSA-N__DWDBBWXFNOEALL-UHFFFAOYSA-N,holdout,CC(=NCC1(CC1)C2=CC=C(C=C2)F)N/N=C(/C=C)\C3=CC=CC(=C3)C=O,CCN1CCN(CC1)C2=NC(=CC3=CC=CC=C32)C4=CC(=C(C=C4)C=O)F,C=CC(=NNC(C)=NCC1(c2ccc(F)cc2)CC1)c1cccc(C(=O)C(O)c2ccc(-c3cc4ccccc4c(N4CCN(CC)CC4)n3)cc2F)c1,14.297696289616882,3.9352,round3,test,54
DOZZDBKGOKGEAB-UHFFFAOYSA-N__QZEUHYUQYMNXDY-UHFFFAOYSA-N,holdout,CC(=O)C1=CC(=C2N1C=CC(=C2)OC)C(=O)NC3=CC(=CC(=C3F)C4=CN(N=C4)C)C=O,CS(=O)(=O)N1CC(C1)NC2=CC(=NC=C2C#N)NC(=O)N3C4CC(C4)(C5=C3N=C(C=C5)C=O)F,COc1ccn2c(C(C)=O)cc(C(=O)Nc3cc(C(=O)C(O)c4ccc5c(n4)N(C(=O)Nc4cc(NC6CN(S(C)(=O)=O)C6)c(C#N)cn4)C4CC5(F)C4)cc(-c4cnn(C)c4)c3F)c2c1,21.521257953095773,-2.4515,round3,test,66
QZEUHYUQYMNXDY-UHFFFAOYSA-N__DOZZDBKGOKGEAB-UHFFFAOYSA-N,holdout,CS(=O)(=O)N1CC(C1)NC2=CC(=NC=C2C#N)NC(=O)N3C4CC(C4)(C5=C3N=C(C=C5)C=O)F,CC(=O)C1=CC(=C2N1C=CC(=C2)OC)C(=O)NC3=CC(=CC(=C3F)C4=CN(N=C4)C)C=O,COc1ccn2c(C(C)=O)cc(C(=O)Nc3cc(C(O)C(=O)c4ccc5c(n4)N(C(=O)Nc4cc(NC6CN(S(C)(=O)=O)C6)c(C#N)cn4)C4CC5(F)C4)cc(-c4cnn(C)c4)c3F)c2c1,9.319895670322866,0.4464,round3,test,66
WADTXFVULLCAHK-UHFFFAOYSA-N__VWDDISWWOTUKBN-UHFFFAOYSA-N,holdout,CC(C)(C)OC(=O)N1C2=CC=CC=C2SC3=NC(=CN=C31)C=O,CN1C(=CC=N1)C2=NN=C(C3=CC=CC=C32)N4CCC(CC4)N(C)C(=O)C5=CC=C(C=C5)C=O,CN(C(=O)c1ccc(C(O)C(=O)c2cnc3c(n2)Sc2ccccc2N3C(=O)OC(C)(C)C)cc1)C1CCN(c2nnc(-c3ccnn3C)c3ccccc23)CC1,4.635663004136897,3.3909,round3,test,57
VWDDISWWOTUKBN-UHFFFAOYSA-N__WADTXFVULLCAHK-UHFFFAOYSA-N,holdout,CN1C(=CC=N1)C2=NN=C(C3=CC=CC=C32)N4CCC(CC4)N(C)C(=O)C5=CC=C(C=C5)C=O,CC(C)(C)OC(=O)N1C2=CC=CC=C2SC3=NC(=CN=C31)C=O,CN(C(=O)c1ccc(C(=O)C(O)c2cnc3c(n2)Sc2ccccc2N3C(=O)OC(C)(C)C)cc1)C1CCN(c2nnc(-c3ccnn3C)c3ccccc23)CC1,3.4771717275257807,4.5342,round3,test,57
RGUHJVDDKVEHIW-UHFFFAOYSA-N__LJFIFMREBAPVSN-UHFFFAOYSA-N,holdout,C1=CC(=CC(=C1)Br)NNC(=O)C2=CC(=C(C(=C2)F)O)C=O,C1C(CN(C1C(=O)NC2=CC=NC(=O)N2)C(=O)CN3C4=C(C=C(C=C4)C5=CN=NC=C5)C(=N3)C=O)F,O=C(NNc1cccc(Br)c1)c1cc(F)c(O)c(C(=O)C(O)c2nn(CC(=O)N3CC(F)CC3C(=O)Nc3ccnc(=O)[nH]3)c3ccc(-c4ccnnc4)cc23)c1,15.504280512459218,-0.7683,round3,test,57
LJFIFMREBAPVSN-UHFFFAOYSA-N__RGUHJVDDKVEHIW-UHFFFAOYSA-N,holdout,C1C(CN(C1C(=O)NC2=CC=NC(=O)N2)C(=O)CN3C4=C(C=C(C=C4)C5=CN=NC=C5)C(=N3)C=O)F,C1=CC(=CC(=C1)Br)NNC(=O)C2=CC(=C(C(=C2)F)O)C=O,O=C(NNc1cccc(Br)c1)c1cc(F)c(O)c(C(O)C(=O)c2nn(CC(=O)N3CC(F)CC3C(=O)Nc3ccnc(=O)[nH]3)c3ccc(-c4ccnnc4)cc23)c1,8.847053907604229,1.2869,round3,test,57
KDHWWKAFVYQSCW-UHFFFAOYSA-N__KVHDANCBLMYBDM-UHFFFAOYSA-N,holdout,C1=CC=C2C=CC(=C2C=C1)OC(=O)C3=C(C=CC(=C3C=O)CC[N+](=O)[O-])F,CC(C1=C(N=C2C=C(C=CC2=C1)F)C=O)N3C(=O)C4=CC=CC=C4C3=O,CC(c1cc2ccc(F)cc2nc1C(O)C(=O)c1c(CC[N+](=O)[O-])ccc(F)c1C(=O)Oc1ccc2cccccc1-2)N1C(=O)c2ccccc2C1=O,5.007150013666847,-9.811,round3,test,53
KVHDANCBLMYBDM-UHFFFAOYSA-N__KDHWWKAFVYQSCW-UHFFFAOYSA-N,holdout,CC(C1=C(N=C2C=C(C=CC2=C1)F)C=O)N3C(=O)C4=CC=CC=C4C3=O,C1=CC=C2C=CC(=C2C=C1)OC(=O)C3=C(C=CC(=C3C=O)CC[N+](=O)[O-])F,CC(c1cc2ccc(F)cc2nc1C(=O)C(O)c1c(CC[N+](=O)[O-])ccc(F)c1C(=O)Oc1ccc2cccccc1-2)N1C(=O)c2ccccc2C1=O,10.242591430865094,-7.8076,round3,test,53
SZSKOPHEJFKGLA-UHFFFAOYSA-N__CHRXUARTJPVYLW-UHFFFAOYSA-N,holdout,C1C2=NC(=NN2C3=C(C(=C(C=C3)Cl)Cl)C(=N1)C4=C(C=CC=C4F)F)C=O,CNCC1(CCOCC1)N2C=C(C(=O)C(=C2C=O)O)C(=O)NCC3=C(C=C(C=C3)F)F,CNCC1(n2cc(C(=O)NCc3ccc(F)cc3F)c(=O)c(O)c2C(O)C(=O)c2nc3n(n2)-c2ccc(Cl)c(Cl)c2C(c2c(F)cccc2F)=NC3)CCOCC1,6.170681504647052,7.2249,round3,test,57
CHRXUARTJPVYLW-UHFFFAOYSA-N__SZSKOPHEJFKGLA-UHFFFAOYSA-N,holdout,CNCC1(CCOCC1)N2C=C(C(=O)C(=C2C=O)O)C(=O)NCC3=C(C=C(C=C3)F)F,C1C2=NC(=NN2C3=C(C(=C(C=C3)Cl)Cl)C(=N1)C4=C(C=CC=C4F)F)C=O,CNCC1(n2cc(C(=O)NCc3ccc(F)cc3F)c(=O)c(O)c2C(=O)C(O)c2nc3n(n2)-c2ccc(Cl)c(Cl)c2C(c2c(F)cccc2F)=NC3)CCOCC1,2.9165945721636204,3.8087,round3,test,57
HFHBKZVTGPODJB-UHFFFAOYSA-N__JNSVSGMMMTZTNL-UHFFFAOYSA-N,holdout,CCC1=NC2=C(C=C1)C=C(N2CC(C)(F)F)C3=C(N4C(=CC(=CC4=N3)C=O)OC)C,CC1=CC=C(C=C1)SC2=C(C=C(C=C2)C3=NN(C(=C3)C=O)C4=CC=CC=C4)[N+](=O)[O-],CCc1ccc2cc(-c3nc4cc(C(=O)C(O)c5cc(-c6ccc(Sc7ccc(C)cc7)c([N+](=O)[O-])c6)nn5-c5ccccc5)cc(OC)n4c3C)n(CC(C)(F)F)c2n1,4.675308518007935,3.2918,round3,test,60
JNSVSGMMMTZTNL-UHFFFAOYSA-N__HFHBKZVTGPODJB-UHFFFAOYSA-N,holdout,CC1=CC=C(C=C1)SC2=C(C=C(C=C2)C3=NN(C(=C3)C=O)C4=CC=CC=C4)[N+](=O)[O-],CCC1=NC2=C(C=C1)C=C(N2CC(C)(F)F)C3=C(N4C(=CC(=CC4=N3)C=O)OC)C,CCc1ccc2cc(-c3nc4cc(C(O)C(=O)c5cc(-c6ccc(Sc7ccc(C)cc7)c([N+](=O)[O-])c6)nn5-c5ccccc5)cc(OC)n4c3C)n(CC(C)(F)F)c2n1,8.98548099326655,6.0893,round3,test,60
HGMNTGNJUVQMAX-FQEVSTJZSA-N__VAXUPEPBRNLDDF-UHFFFAOYSA-N,holdout,C1C[C@H](N(C1)C(=O)CN2C=C(C3=CC=CC=C32)C=O)C(=O)NC4=CC(=CC=C4)OC(F)(F)F,CCN1C(=NN=C1SC2=C(C=C(O2)C=O)Br)COC3=CC=CC=C3F,CCn1c(COc2ccccc2F)nnc1Sc1oc(C(O)C(=O)c2cn(CC(=O)N3CCCC3C(=O)Nc3cccc(OC(F)(F)F)c3)c3ccccc23)cc1Br,21.142693453485823,4.0056,round3,test,58
VAXUPEPBRNLDDF-UHFFFAOYSA-N__HGMNTGNJUVQMAX-FQEVSTJZSA-N,holdout,CCN1C(=NN=C1SC2=C(C=C(O2)C=O)Br)COC3=CC=CC=C3F,C1C[C@H](N(C1)C(=O)CN2C=C(C3=CC=CC=C32)C=O)C(=O)NC4=CC(=CC=C4)OC(F)(F)F,CCn1c(COc2ccccc2F)nnc1Sc1oc(C(=O)C(O)c2cn(CC(=O)N3CCCC3C(=O)Nc3cccc(OC(F)(F)F)c3)c3ccccc23)cc1Br,14.032099117990416,-2.1416,round3,test,58
UHLMXHXAVUNYPC-UHFFFAOYSA-N__XIDVBVCDJWPBFU-UHFFFAOYSA-N,holdout,CC1CN(CC(O1)C)C2=C(N=C3C(=C2Cl)ON=C3C4=CC(=C(C=C4)C#N)F)C=O,CCCC1=C(C2=C(C=C1O)OC3=CC(=C(N3C2=O)C=O)Cl)O,CCCc1c(O)cc2oc3cc(Cl)c(C(O)C(=O)c4nc5c(-c6ccc(C#N)c(F)c6)noc5c(Cl)c4N4CC(C)OC(C)C4)n3c(=O)c2c1O,15.17734588011042,0.1124,round3,test,51
XIDVBVCDJWPBFU-UHFFFAOYSA-N__UHLMXHXAVUNYPC-UHFFFAOYSA-N,holdout,CCCC1=C(C2=C(C=C1O)OC3=CC(=C(N3C2=O)C=O)Cl)O,CC1CN(CC(O1)C)C2=C(N=C3C(=C2Cl)ON=C3C4=CC(=C(C=C4)C#N)F)C=O,CCCc1c(O)cc2oc3cc(Cl)c(C(=O)C(O)c4nc5c(-c6ccc(C#N)c(F)c6)noc5c(Cl)c4N4CC(C)OC(C)C4)n3c(=O)c2c1O,11.564204959155187,2.7142,round3,test,51
CRLFTKITXPMUMZ-UHFFFAOYSA-N__XTJSAFHBGDWJMM-UHFFFAOYSA-N,holdout,CCC(CC)NC1=C(C(=NC(=N1)C)N2CCC3=C2C(=CC(=C3)OC)Cl)C=O,CSC1=CC=C(C=C1)C2=C(OC(=O)C(=C2)C3=CC=CC=C3)C=O,CCC(CC)Nc1nc(C)nc(N2CCc3cc(OC)cc(Cl)c32)c1C(=O)C(O)c1oc(=O)c(-c2ccccc2)cc1-c1ccc(SC)cc1,5.275983970346156,-1.0932,round3,test,50
XTJSAFHBGDWJMM-UHFFFAOYSA-N__CRLFTKITXPMUMZ-UHFFFAOYSA-N,holdout,CSC1=CC=C(C=C1)C2=C(OC(=O)C(=C2)C3=CC=CC=C3)C=O,CCC(CC)NC1=C(C(=NC(=N1)C)N2CCC3=C2C(=CC(=C3)OC)Cl)C=O,CCC(CC)Nc1nc(C)nc(N2CCc3cc(OC)cc(Cl)c32)c1C(O)C(=O)c1oc(=O)c(-c2ccccc2)cc1-c1ccc(SC)cc1,13.01310444456215,4.958,round3,test,50
NUOMEJFAIBSLLB-KRWDZBQOSA-N__PMTZJVFGALVXPB-UHFFFAOYSA-N,holdout,C1OC2=C(O1)C=C(C=C2)[C@@H](C(F)(F)F)NC3=C(C(=O)C3=O)NC4=CSC(=C4O)C=O,COC(=O)CN(CCN1CCOCC1)S(=O)(=O)C2=C(C=CS2)C=O,COC(=O)CN(CCN1CCOCC1)S(=O)(=O)c1sccc1C(O)C(=O)c1scc(Nc2c(NC(c3ccc4c(c3)OCO4)C(F)(F)F)c(=O)c2=O)c1O,4.678914589764993,0.0571,round3,test,54
PMTZJVFGALVXPB-UHFFFAOYSA-N__NUOMEJFAIBSLLB-KRWDZBQOSA-N,holdout,COC(=O)CN(CCN1CCOCC1)S(=O)(=O)C2=C(C=CS2)C=O,C1OC2=C(O1)C=C(C=C2)[C@@H](C(F)(F)F)NC3=C(C(=O)C3=O)NC4=CSC(=C4O)C=O,COC(=O)CN(CCN1CCOCC1)S(=O)(=O)c1sccc1C(=O)C(O)c1scc(Nc2c(NC(c3ccc4c(c3)OCO4)C(F)(F)F)c(=O)c2=O)c1O,19.990642753857102,8.0149,round3,test,54
ZMAVHCQIROTNQP-AEFFLSMTSA-N__NQPPJKGYVRVYFS-UHFFFAOYSA-N,holdout,C[C@H](CC=O)CC(=O)CC[C@H]1CC(=O)CN(C1)C(=O)OCC2=CC=CC=C2,CCC(CC=O)C(OC)OC,CCC(CC(O)C(=O)CC(C)CC(=O)CCC1CC(=O)CN(C(=O)OCc2ccccc2)C1)C(OC)OC,-0.2599485563021372,1.1121,round4,test,38
MNDACYSEJXGHML-IUCAKERBSA-N__RSBXSZATCNRAHC-UHFFFAOYSA-N,holdout,C1=CC=C(C=C1)[C@H]2[C@@H](O2)C=O,CN1C(N(C2=CN=C(N=C21)C3=CC=CC=C3OC)C(=O)N4CCN(CC4)C5=CC=C(C=C5)F)C=O,COc1ccccc1-c1ncc2c(n1)N(C)C(C(O)C(=O)C1OC1c1ccccc1)N2C(=O)N1CCN(c2ccc(F)cc2)CC1,-6.882155784260672,-6.2922,round4,test,46
RSBXSZATCNRAHC-UHFFFAOYSA-N__MNDACYSEJXGHML-IUCAKERBSA-N,holdout,CN1C(N(C2=CN=C(N=C21)C3=CC=CC=C3OC)C(=O)N4CCN(CC4)C5=CC=C(C=C5)F)C=O,C1=CC=C(C=C1)[C@H]2[C@@H](O2)C=O,COc1ccccc1-c1ncc2c(n1)N(C)C(C(=O)C(O)C1OC1c1ccccc1)N2C(=O)N1CCN(c2ccc(F)cc2)CC1,-0.4584782319619336,3.5591,round4,test,46
WUVSUOOLQSTBAA-UHFFFAOYSA-N__QAGXBYLNOFBBRK-KGSLCBSSSA-N,holdout,CC(CC=O)OCC=C,CC1(O[C@H]2[C@@H]([C@@H](O[C@]2(O1)COCC3=CC=CC=C3)C=O)OCC4=CC=CC=C4)C,C=CCOC(C)CC(=O)C(O)C1OC2(COCc3ccccc3)OC(C)(C)OC2C1OCc1ccccc1,-2.0143101574440934,-4.3924,round4,test,38
CAYHQLNHBOZWBE-XVFXJTQSSA-N__TXBXMXDFPMDNTO-UHFFFAOYSA-N,holdout,C1CCOC(C1)O[C@H]2CCC([C@H]2CC=O)C=CCCOC3=CC=CC(=C3)C(F)(F)F,C1CN(C(CN1C2=C(C=CC(=C2)F)N)C=O)C3=CC4=CC=CC=C4N3,Nc1ccc(F)cc1N1CCN(c2cc3ccccc3[nH]2)C(C(O)C(=O)CC2C(C=CCCOc3cccc(C(F)(F)F)c3)CCC2OC2CCCCO2)C1,6.736861736861902,0.9762,round4,test,55
IVBUMEAAAWEYJF-UHFFFAOYSA-N__ASJSAQIRZKANQN-BRJRFNKRSA-N,holdout,CN1C(=CC(=O)N(C1=O)C2=NC(=CC=C2)OC3=C(C=CN=C3)OCC=O)C(F)(F)F,C(C=O)C([C@@H](CO)O)O,Cn1c(C(F)(F)F)cc(=O)n(-c2cccc(Oc3cnccc3OCC(=O)C(O)CC(O)C(O)CO)n2)c1=O,-0.3934542646549551,11.7173,round4,test,39
LSLGLSGVMDLTIM-UHFFFAOYSA-N__NZUWWTCSYMIHIK-UHFFFAOYSA-N,holdout,C1CC2(C1C2)C=O,C1=CC(=CC=C1C2=CC(=C(C(=C2)F)F)F)C(C=O)NC(=O)C3=CC(=C(C=C3)O)F,O=C(NC(c1ccc(-c2cc(F)c(F)c(F)c2)cc1)C(O)C(=O)C12CCC1C2)c1ccc(O)c(F)c1,0.8475093509961903,-0.1063,round4,test,36
NZUWWTCSYMIHIK-UHFFFAOYSA-N__LSLGLSGVMDLTIM-UHFFFAOYSA-N,holdout,C1=CC(=CC=C1C2=CC(=C(C(=C2)F)F)F)C(C=O)NC(=O)C3=CC(=C(C=C3)O)F,C1CC2(C1C2)C=O,O=C(NC(C(=O)C(O)C12CCC1C2)c1ccc(-c2cc(F)c(F)c(F)c2)cc1)c1ccc(O)c(F)c1,5.751448240779522,2.8656,round4,test,36
VVVJWWHBXUASAA-UHFFFAOYSA-N__JRIOKBXQMHEJOZ-RSJOWCBRSA-N,holdout,C1CC(C(=O)C2=C1C=C(C=C2)C3=CN=C(C=N3)NC4=CC5=C(C=C4)OCO5)(CC=O)CC(F)(F)F,C(=O)[C@@H]([C@H]([C@H]([C@@H](C(=O)N)O)O)O)O,NC(=O)C(O)C(O)C(O)C(O)C(O)C(=O)CC1(CC(F)(F)F)CCc2cc(-c3cnc(Nc4ccc5c(c4)OCO5)cn3)ccc2C1=O,-5.914428142769131,-2.8654,round4,test,48
JRIOKBXQMHEJOZ-RSJOWCBRSA-N__VVVJWWHBXUASAA-UHFFFAOYSA-N,holdout,C(=O)[C@@H]([C@H]([C@H]([C@@H](C(=O)N)O)O)O)O,C1CC(C(=O)C2=C1C=C(C=C2)C3=CN=C(C=N3)NC4=CC5=C(C=C4)OCO5)(CC=O)CC(F)(F)F,NC(=O)C(O)C(O)C(O)C(O)C(=O)C(O)CC1(CC(F)(F)F)CCc2cc(-c3cnc(Nc4ccc5c(c4)OCO5)cn3)ccc2C1=O,-2.070390612125099,2.8884,round4,test,48
GZTPFJMFQHEPFD-UHFFFAOYSA-N__RVICDIQCDUVBFK-UHFFFAOYSA-N,holdout,CC1(C(CC(=C2C3=C(C=CC(=C3)F)NC2=O)O1)C4=CC=C(C=C4)C=O)C,CCOC(=O)CCCCCCCC=O,CCOC(=O)CCCCCCCC(O)C(=O)c1ccc(C2CC(=C3C(=O)Nc4ccc(F)cc43)OC2(C)C)cc1,2.366151321108904,4.8489,round4,test,40
RVICDIQCDUVBFK-UHFFFAOYSA-N__GZTPFJMFQHEPFD-UHFFFAOYSA-N,holdout,CCOC(=O)CCCCCCCC=O,CC1(C(CC(=C2C3=C(C=CC(=C3)F)NC2=O)O1)C4=CC=C(C=C4)C=O)C,CCOC(=O)CCCCCCCC(=O)C(O)c1ccc(C2CC(=C3C(=O)Nc4ccc(F)cc43)OC2(C)C)cc1,2.6692117285156423,2.3924,round4,test,40
XECJSRYRDPJDQS-UHFFFAOYSA-N__FKIFGYYVOWKXND-UHFFFAOYSA-N,holdout,CC(C(CN(C)C)C=O)O[Si](C)(C)C,CN1CCN(CC1)C2CCN(C2)C3=NC4=C(S3)C(=C(C=C4)O)C=O,CC(O[Si](C)(C)C)C(CN(C)C)C(=O)C(O)c1c(O)ccc2nc(N3CCC(N4CCN(C)CC4)C3)sc12,8.227541846220623,3.4752,round4,test,38
ISFPOYGLWCETEJ-UHFFFAOYSA-N__KTPZCXDQUCSAKY-UHFFFAOYSA-N,holdout,CC1=NC(=CC=C1)N2CCN(CC2)C(=O)C3CCN(CC3)C4=CC=C(C=C4)C=O,CC1=CC(=CC2=C1C(N(C2)C3CC3)(C)C=O)CC4CCN(CC4)CC5=CC=CC=C5F,Cc1cccc(N2CCN(C(=O)C3CCN(c4ccc(C(=O)C(O)C5(C)c6c(C)cc(CC7CCN(Cc8ccccc8F)CC7)cc6CN5C5CC5)cc4)CC3)CC2)n1,19.047675158152103,14.1243,round4,test,60
KTPZCXDQUCSAKY-UHFFFAOYSA-N__ISFPOYGLWCETEJ-UHFFFAOYSA-N,holdout,CC1=CC(=CC2=C1C(N(C2)C3CC3)(C)C=O)CC4CCN(CC4)CC5=CC=CC=C5F,CC1=NC(=CC=C1)N2CCN(CC2)C(=O)C3CCN(CC3)C4=CC=C(C=C4)C=O,Cc1cccc(N2CCN(C(=O)C3CCN(c4ccc(C(O)C(=O)C5(C)c6c(C)cc(CC7CCN(Cc8ccccc8F)CC7)cc6CN5C5CC5)cc4)CC3)CC2)n1,23.36804226167288,13.2534,round4,test,60
YCIQQOQPLZTTSA-YUMQZZPRSA-N__PRBGIXFLIUNIAI-FQEVSTJZSA-N,holdout,C(C[C@@H](C=O)NC(=O)[C@H](CCC(=O)N)N)CN=C(N)N,C1=CC=C(C=C1)C[C@@H](CC2=CC=C(C=C2)C=O)N3C=CC=C3,NC(=O)CCC(N)C(=O)NC(CCCN=C(N)N)C(=O)C(O)c1ccc(CC(Cc2ccccc2)n2cccc2)cc1,11.574930802313236,3.8525,round4,test,42
RMFNLHCCVXSVHX-UHFFFAOYSA-N__ZIKKNFIAPUCBTO-UHFFFAOYSA-N,holdout,CC1CN(CC(O1)C)C2=C(C3=C(C=C2C=O)C(=NO3)N(C)CC4=CC=CC=C4)F,COC1=CC2=C(C=CN=C2C(=C1)F)NC(=O)C3(CCN(CC3)CCC4=CC5=C(C=N4)OCCO5)C=O,COc1cc(F)c2nccc(NC(=O)C3(C(O)C(=O)c4cc5c(N(C)Cc6ccccc6)noc5c(F)c4N4CC(C)OC(C)C4)CCN(CCc4cc5c(cn4)OCCO5)CC3)c2c1,10.103881164215393,-2.1738,round4,test,65
ZIKKNFIAPUCBTO-UHFFFAOYSA-N__RMFNLHCCVXSVHX-UHFFFAOYSA-N,holdout,COC1=CC2=C(C=CN=C2C(=C1)F)NC(=O)C3(CCN(CC3)CCC4=CC5=C(C=N4)OCCO5)C=O,CC1CN(CC(O1)C)C2=C(C3=C(C=C2C=O)C(=NO3)N(C)CC4=CC=CC=C4)F,COc1cc(F)c2nccc(NC(=O)C3(C(=O)C(O)c4cc5c(N(C)Cc6ccccc6)noc5c(F)c4N4CC(C)OC(C)C4)CCN(CCc4cc5c(cn4)OCCO5)CC3)c2c1,15.79750782983221,3.4972,round4,test,65
GABYQEFKOMRHPE-UHFFFAOYSA-N__YBASAXQCIKLCQO-UHFFFAOYSA-N,holdout,CC1=C(C=CC(=C1)F)CNC2=C3C(=C(C=C2)C=O)C(=C(N3CCOC)C)C,CN(CC=O)C1=CC(=CC(=C1N(C)C=O)C2=CC(=C(C(=C2)F)OCC3=NC=NN3)OC)C(F)(F)F,COCCn1c(C)c(C)c2c(C(=O)C(O)CN(C)c3cc(C(F)(F)F)cc(-c4cc(F)c(OCc5ncn[nH]5)c(OC)c4)c3N(C)C=O)ccc(NCc3ccc(F)cc3C)c21,9.384445604429429,6.3907,round4,test,62
YBASAXQCIKLCQO-UHFFFAOYSA-N__GABYQEFKOMRHPE-UHFFFAOYSA-N,holdout,CN(CC=O)C1=CC(=CC(=C1N(C)C=O)C2=CC(=C(C(=C2)F)OCC3=NC=NN3)OC)C(F)(F)F,CC1=C(C=CC(=C1)F)CNC2=C3C(=C(C=C2)C=O)C(=C(N3CCOC)C)C,COCCn1c(C)c(C)c2c(C(O)C(=O)CN(C)c3cc(C(F)(F)F)cc(-c4cc(F)c(OCc5ncn[nH]5)c(OC)c4)c3N(C)C=O)ccc(NCc3ccc(F)cc3C)c21,17.217472491217258,10.7061,round4,test,62
XKAHTFJISBCBPN-UHFFFAOYSA-N__FFHCHDIRBSNJGE-UHFFFAOYSA-N,holdout,C1CN2CC1C(C2)C(=O)CC=O,CC1=C(C(=NC(=N1)CC2CCN(CC2)C3=CC(=CC=C3)F)C=O)O,Cc1nc(CC2CCN(c3cccc(F)c3)CC2)nc(C(O)C(=O)CC(=O)C2CN3CCC2C3)c1O,3.4969701384783543,3.643,round4,test,36
JOTIMGOWEJJIMS-UHFFFAOYSA-N__PAIVGFRXYIGODL-UHFFFAOYSA-N,holdout,CC1=CC=C(S1)C2=NC(=C(C(=C2C=O)CNC)F)NC3CCOCC3N,CC(=CCC(C=O)C(=C)C)C,C=C(C)C(CC=C(C)C)C(O)C(=O)c1c(-c2ccc(C)s2)nc(NC2CCOCC2N)c(F)c1CNC,5.879872245026102,1.4944,round4,test,37
PAIVGFRXYIGODL-UHFFFAOYSA-N__JOTIMGOWEJJIMS-UHFFFAOYSA-N,holdout,CC(=CCC(C=O)C(=C)C)C,CC1=CC=C(S1)C2=NC(=C(C(=C2C=O)CNC)F)NC3CCOCC3N,C=C(C)C(CC=C(C)C)C(=O)C(O)c1c(-c2ccc(C)s2)nc(NC2CCOCC2N)c(F)c1CNC,9.231345452831246,2.2046,round4,test,37
DJQVMEDIAQBVKS-UHFFFAOYSA-N__JGZNVKIZGUJXTJ-WRSVWVKZSA-N,holdout,C1C=C(C=NC(=N1)CN2C=C(N=C2C=O)C(F)(F)F)Cl,C[C@H](C(F)(F)F)OC1=CC=C(C=C1)N2CCC3(C2=O)CCC(CC3)C=O,CC(Oc1ccc(N2CCC3(CCC(C(O)C(=O)c4nc(C(F)(F)F)cn4CC4=NCC=C(Cl)C=N4)CC3)C2=O)cc1)C(F)(F)F,1.8528039829658656,-0.8985,round4,test,46
JGZNVKIZGUJXTJ-WRSVWVKZSA-N__DJQVMEDIAQBVKS-UHFFFAOYSA-N,holdout,C[C@H](C(F)(F)F)OC1=CC=C(C=C1)N2CCC3(C2=O)CCC(CC3)C=O,C1C=C(C=NC(=N1)CN2C=C(N=C2C=O)C(F)(F)F)Cl,CC(Oc1ccc(N2CCC3(CCC(C(=O)C(O)c4nc(C(F)(F)F)cn4CC4=NCC=C(Cl)C=N4)CC3)C2=O)cc1)C(F)(F)F,4.115554510110523,1.0792,round4,test,46
DMBULRMPQRGKQQ-UHFFFAOYSA-N__JVFTUMXKGWOPIQ-UHFFFAOYSA-N,holdout,C1CC1N(CC=O)C(=O)C2=CC=C(C=C2)C3=NOC(=N3)C(F)(F)F,C1=CC=C2C(=C1)C=C(S2)C3=CN=CC(=C3)C=O,O=C(CN(C(=O)c1ccc(-c2noc(C(F)(F)F)n2)cc1)C1CC1)C(O)c1cncc(-c2cc3ccccc3s2)c1,11.082822935318667,4.7837,round4,test,41
LDTADWAOSPRJTQ-UHFFFAOYSA-N__YHHPBYNAHAIMNQ-YRNVUSSQSA-N,holdout,C1=CSC(=N1)C2=CC=C(O2)C=O,C/C(=C\CCC(C)(C=C)O)/CCC=O,C=CC(C)(O)CCC=C(C)CCC(O)C(=O)c1ccc(-c2nccs2)o1,1.1428335442939264,0.285,round4,test,26
CZCWLUXYZGZTEN-FBQUQXAYSA-N__MBUGWEHNZAMDRR-UHFFFAOYSA-N,holdout,C1=CC(=C(C=C1F)F)N2C=C(C(=O)C3=CC(=C(N=C32)NC[C@H]4[C@H](C4N)C=O)F)C(=O)O,CC1=CN=C(N=C1N2C=C(N=C2)C=O)NC3CCC(CC3)(F)F,Cc1cnc(NC2CCC(F)(F)CC2)nc1-n1cnc(C(O)C(=O)C2C(N)C2CNc2nc3c(cc2F)c(=O)c(C(=O)O)cn3-c2ccc(F)cc2F)c1,0.7544028816266258,-6.3225,round4,test,54
KVPNYSIPWNAPHK-UHFFFAOYSA-N__GVUZZHHJLVEEQA-UHFFFAOYSA-N,holdout,C1=CC(=CC(=C1)C(=O)NC2=CC=C(C=C2)F)C3=CC=C(O3)C=O,C(=O)C(C(C(C(F)(F)F)(C(F)(F)F)C(F)(F)F)(F)F)(F)F,O=C(Nc1ccc(F)cc1)c1cccc(-c2ccc(C(=O)C(O)C(F)(F)C(F)(F)C(C(F)(F)F)(C(F)(F)F)C(F)(F)F)o2)c1,-7.78555695413819,1.6264,round4,test,44
BANPAEPLIQARSI-UHFFFAOYSA-N__YIQOYCAGWYTVOY-UHFFFAOYSA-N,holdout,C1=CC=C2C(=C1)N(C3=CC=CC=C3S2)C4=CC=C(C=C4)C=O,C1C(=NOC1(C(F)(F)F)O)C2=CC=C(C=C2)CC3=CC=C(S3)C=O,O=C(c1ccc(N2c3ccccc3Sc3ccccc32)cc1)C(O)c1ccc(Cc2ccc(C3=NOC(O)(C(F)(F)F)C3)cc2)s1,7.696901661310632,6.0223,round4,test,46
YIQOYCAGWYTVOY-UHFFFAOYSA-N__BANPAEPLIQARSI-UHFFFAOYSA-N,holdout,C1C(=NOC1(C(F)(F)F)O)C2=CC=C(C=C2)CC3=CC=C(S3)C=O,C1=CC=C2C(=C1)N(C3=CC=CC=C3S2)C4=CC=C(C=C4)C=O,O=C(c1ccc(Cc2ccc(C3=NOC(O)(C(F)(F)F)C3)cc2)s1)C(O)c1ccc(N2c3ccccc3Sc3ccccc32)cc1,2.6877258528948738,1.4424,round4,test,46
DEKSVNFABRPRCO-UHFFFAOYSA-N__SCVBLDNJTKXINC-UHFFFAOYSA-N,holdout,CN1CCN(CC1)C(=O)COC2=C(C=C(C=C2)F)C=O,CC(=O)NCC1CN(C(=O)O1)C2=CC(=C(C=C2)C3=CN=C(C=C3)C=O)F,CC(=O)NCC1CN(c2ccc(-c3ccc(C(O)C(=O)c4cc(F)ccc4OCC(=O)N4CCN(C)CC4)nc3)c(F)c2)C(=O)O1,10.824739430309965,2.7163,round4,test,46
TYZWHQCFTCLLJT-UHFFFAOYSA-N__ZCXKEBZAVBVJRB-UHFFFAOYSA-N,holdout,COC1=C(C=C(C(=C1)OCC(=O)N2CCOCC2)C=O)C3=CC=CS3,C1C2=CNC(=C2C3=C(C=C(C=C3)Cl)C(=N1)C4=CC=CC=C4)C=O,COc1cc(OCC(=O)N2CCOCC2)c(C(=O)C(O)c2[nH]cc3c2-c2ccc(Cl)cc2C(c2ccccc2)=NC3)cc1-c1cccs1,14.996792249070031,7.7694,round4,test,48
ZCXKEBZAVBVJRB-UHFFFAOYSA-N__TYZWHQCFTCLLJT-UHFFFAOYSA-N,holdout,C1C2=CNC(=C2C3=C(C=C(C=C3)Cl)C(=N1)C4=CC=CC=C4)C=O,COC1=C(C=C(C(=C1)OCC(=O)N2CCOCC2)C=O)C3=CC=CS3,COc1cc(OCC(=O)N2CCOCC2)c(C(O)C(=O)c2[nH]cc3c2-c2ccc(Cl)cc2C(c2ccccc2)=NC3)cc1-c1cccs1,8.094486569941703,8.1264,round4,test,48
FAYXPCSIZKNCKR-UHFFFAOYSA-N__MIXXOILOBQPFHF-UHFFFAOYSA-N,holdout,C=C1CCC(CC1)OC2=C(C3=C(C=C2)C=C(C=C3)C=O)C(F)F,C1=CC(=CC(=C1)N2C(=C(SC2=O)C=O)Cl)C(F)(F)F,C=C1CCC(Oc2ccc3cc(C(=O)C(O)c4sc(=O)n(-c5cccc(C(F)(F)F)c5)c4Cl)ccc3c2C(F)F)CC1,3.794616985875742,2.4114,round4,test,42
MIXXOILOBQPFHF-UHFFFAOYSA-N__FAYXPCSIZKNCKR-UHFFFAOYSA-N,holdout,C1=CC(=CC(=C1)N2C(=C(SC2=O)C=O)Cl)C(F)(F)F,C=C1CCC(CC1)OC2=C(C3=C(C=C2)C=C(C=C3)C=O)C(F)F,C=C1CCC(Oc2ccc3cc(C(O)C(=O)c4sc(=O)n(-c5cccc(C(F)(F)F)c5)c4Cl)ccc3c2C(F)F)CC1,4.4579845010692285,3.9321,round4,test,42
GPLXURYGVXHCHI-UHFFFAOYSA-N__ZQQIJYNZXGEEFH-UHFFFAOYSA-N,holdout,CCOC(=O)C1=CC=C(C=C1)OCCCCC2=CN(C(=C2)C=O)C,CC1=CC(=C(C=C1)NC2=C(C=C(C(=C2F)F)CC3=C(C(=CC=C3)C4CCC4)F)C=O)F,CCOC(=O)c1ccc(OCCCCc2cc(C(=O)C(O)c3cc(Cc4cccc(C5CCC5)c4F)c(F)c(F)c3Nc3ccc(C)cc3F)n(C)c2)cc1,8.099837151951363,-3.3292,round4,test,55
CGTDFUKQEGGPJF-UHFFFAOYSA-N__IBZMBRYBBZCLOP-UHFFFAOYSA-N,holdout,CC(C)(C)OC(=O)N(C1=NC(=C(C=C1)C=O)F)C2=CC3CCCC3N=C2,C1=CC(=CC=C1C=O)C2(NN2)C(F)(F)F,CC(C)(C)OC(=O)N(C1=CC2CCCC2N=C1)c1ccc(C(=O)C(O)c2ccc(C3(C(F)(F)F)NN3)cc2)c(F)n1,6.138124456947885,2.5515,round4,test,41
IBZMBRYBBZCLOP-UHFFFAOYSA-N__CGTDFUKQEGGPJF-UHFFFAOYSA-N,holdout,C1=CC(=CC=C1C=O)C2(NN2)C(F)(F)F,CC(C)(C)OC(=O)N(C1=NC(=C(C=C1)C=O)F)C2=CC3CCCC3N=C2,CC(C)(C)OC(=O)N(C1=CC2CCCC2N=C1)c1ccc(C(O)C(=O)c2ccc(C3(C(F)(F)F)NN3)cc2)c(F)n1,9.526258696831844,6.1435,round4,test,41
OOYOEIQSDYOICW-UHFFFAOYSA-N__WLRLZSAINYTZQZ-UHFFFAOYSA-N,holdout,CC(C)C1=C(C(=CC(=N1)C2=CC=CC=C2CC3=CC=CC=C3)C4=CC=C(C=C4)F)C=O,CC1=CC(=C2C(=C1)C(=O)C(=CO2)C=O)CCCC3=CC=CC=C3,Cc1cc(CCCc2ccccc2)c2occ(C(O)C(=O)c3c(-c4ccc(F)cc4)cc(-c4ccccc4Cc4ccccc4)nc3C(C)C)c(=O)c2c1,4.202039295947335,1.1485,round4,test,54
MBDVTIVIOBOLDR-UHFFFAOYSA-N__GBYONEKVKONQAH-UHFFFAOYSA-N,holdout,C1=CC=C(C(=C1)C2=NC(=CN2S(=O)(=O)C3=CC=CS3)C=O)F,CC1=NN(C(=C1C=O)SC2=CC(=NN2C)C(F)(F)F)C,Cc1nn(C)c(Sc2cc(C(F)(F)F)nn2C)c1C(O)C(=O)c1cn(S(=O)(=O)c2cccs2)c(-c2ccccc2F)n1,7.646843883272761,3.2859,round4,test,42
IWEZSIGBBHLHDR-UHFFFAOYSA-N__DRYWIORKGANXKR-UHFFFAOYSA-N,holdout,CC(=O)NCC1CN(C(=O)O1)C2=CC(=C(C=C2)N3CCN(CC3)C4=CC=C(S4)C=O)F,C1=CC(=CC(=C1)C(F)(F)F)C2=NC=NC3=C2N=C(C=C3)C=O,CC(=O)NCC1CN(c2ccc(N3CCN(c4ccc(C(=O)C(O)c5ccc6ncnc(-c7cccc(C(F)(F)F)c7)c6n5)s4)CC3)c(F)c2)C(=O)O1,-1.711576981352988,-1.7884,round4,test,53
DRYWIORKGANXKR-UHFFFAOYSA-N__IWEZSIGBBHLHDR-UHFFFAOYSA-N,holdout,C1=CC(=CC(=C1)C(F)(F)F)C2=NC=NC3=C2N=C(C=C3)C=O,CC(=O)NCC1CN(C(=O)O1)C2=CC(=C(C=C2)N3CCN(CC3)C4=CC=C(S4)C=O)F,CC(=O)NCC1CN(c2ccc(N3CCN(c4ccc(C(O)C(=O)c5ccc6ncnc(-c7cccc(C(F)(F)F)c7)c6n5)s4)CC3)c(F)c2)C(=O)O1,16.573197928539187,6.2474,round4,test,53
IFJKBCDMYVXDQZ-UHFFFAOYSA-N__JMFDTRPOJRFSSB-UHFFFAOYSA-N,holdout,C1=CC(=CC(=C1)N2C(=C(N=N2)C=O)C3=CC=CO3)C(F)(F)F,CCOC(=O)C1=CN(C2=C(C1=O)C=C(O2)C=O)C,CCOC(=O)c1cn(C)c2oc(C(O)C(=O)c3nnn(-c4cccc(C(F)(F)F)c4)c3-c3ccco3)cc2c1=O,4.012180489957392,3.3969,round4,test,40
JMFDTRPOJRFSSB-UHFFFAOYSA-N__IFJKBCDMYVXDQZ-UHFFFAOYSA-N,holdout,CCOC(=O)C1=CN(C2=C(C1=O)C=C(O2)C=O)C,C1=CC(=CC(=C1)N2C(=C(N=N2)C=O)C3=CC=CO3)C(F)(F)F,CCOC(=O)c1cn(C)c2oc(C(=O)C(O)c3nnn(-c4cccc(C(F)(F)F)c4)c3-c3ccco3)cc2c1=O,2.7673906730055844,2.2958,round4,test,40
QILIGOZWLIMYKZ-UHFFFAOYSA-N__VLSJEIIEWIUYQJ-UHFFFAOYSA-N,holdout,CCOC1=NC2=CC(=C(C=C2N=C1C(=O)OCC)N3C=C(N=C3)C=O)Cl,C1=C(N=CC2=C1C3=C(N2CC(F)(F)F)C(=NC=N3)Cl)C=O,CCOC(=O)c1nc2cc(-n3cnc(C(=O)C(O)c4cc5c6ncnc(Cl)c6n(CC(F)(F)F)c5cn4)c3)c(Cl)cc2nc1OCC,1.5068768828790864,0.401,round4,test,47
VLSJEIIEWIUYQJ-UHFFFAOYSA-N__QILIGOZWLIMYKZ-UHFFFAOYSA-N,holdout,C1=C(N=CC2=C1C3=C(N2CC(F)(F)F)C(=NC=N3)Cl)C=O,CCOC1=NC2=CC(=C(C=C2N=C1C(=O)OCC)N3C=C(N=C3)C=O)Cl,CCOC(=O)c1nc2cc(-n3cnc(C(O)C(=O)c4cc5c6ncnc(Cl)c6n(CC(F)(F)F)c5cn4)c3)c(Cl)cc2nc1OCC,8.46360224339365,5.7945,round4,test,47
CSWNZXFTWQXDNB-UHFFFAOYSA-N__MVQCCSAPMQXQPU-UHFFFAOYSA-N,holdout,CC1=CC(=C(N1C2(CC2)C(F)(F)F)C)C=O,C1=CC(=NC=C1C2=NOC(=N2)C(F)(F)F)C=O,Cc1cc(C(=O)C(O)c2ccc(-c3noc(C(F)(F)F)n3)cn2)c(C)n1C1(C(F)(F)F)CC1,-0.0981771930322143,0.9712,round4,test,33
MVQCCSAPMQXQPU-UHFFFAOYSA-N__CSWNZXFTWQXDNB-UHFFFAOYSA-N,holdout,C1=CC(=NC=C1C2=NOC(=N2)C(F)(F)F)C=O,CC1=CC(=C(N1C2(CC2)C(F)(F)F)C)C=O,Cc1cc(C(O)C(=O)c2ccc(-c3noc(C(F)(F)F)n3)cn2)c(C)n1C1(C(F)(F)F)CC1,7.501971726734653,5.5084,round4,test,33
DWUMUIUDTJWVEG-DHMWGJHJSA-N__CXGZVPBBPFHINO-UHFFFAOYSA-N,holdout,COC1=CC=C(C=C1)[C@H]2[C@@H]3C[C@H]([C@@H]2C=O)C=C3,C1CCOC(C1)OCCCC(C=O)C2=CC(=CC(=C2)C(F)(F)F)C(F)(F)F,COc1ccc(C2C3C=CC(C3)C2C(=O)C(O)C(CCCOC2CCCCO2)c2cc(C(F)(F)F)cc(C(F)(F)F)c2)cc1,-2.6522331526623724,-1.6495,round4,test,44
CXGZVPBBPFHINO-UHFFFAOYSA-N__DWUMUIUDTJWVEG-DHMWGJHJSA-N,holdout,C1CCOC(C1)OCCCC(C=O)C2=CC(=CC(=C2)C(F)(F)F)C(F)(F)F,COC1=CC=C(C=C1)[C@H]2[C@@H]3C[C@H]([C@@H]2C=O)C=C3,COc1ccc(C2C3C=CC(C3)C2C(O)C(=O)C(CCCOC2CCCCO2)c2cc(C(F)(F)F)cc(C(F)(F)F)c2)cc1,-2.334592561296793,2.1046,round4,test,44
JKCNVWCBCHCRGO-RDABAPPSSA-N__CNEIALWNXLKTMB-HOTGVXAUSA-N,holdout,C1C[C@H](CN(C1)C(C(C=O)C2=CC=C(C=C2)NC3=NC=C(C=N3)C4=CC=C(C=C4)OC(F)F)O)O,C1=CC=C(C=C1)[C@H]2[C@@H](C(=O)N2C3=CC=CC=C3)CC=O,O=C(C(O)CC1C(=O)N(c2ccccc2)C1c1ccccc1)C(c1ccc(Nc2ncc(-c3ccc(OC(F)F)cc3)cn2)cc1)C(O)N1CCCC(O)C1,-5.911213648192268,-3.8464,round4,test,55
CNEIALWNXLKTMB-HOTGVXAUSA-N__JKCNVWCBCHCRGO-RDABAPPSSA-N,holdout,C1=CC=C(C=C1)[C@H]2[C@@H](C(=O)N2C3=CC=CC=C3)CC=O,C1C[C@H](CN(C1)C(C(C=O)C2=CC=C(C=C2)NC3=NC=C(C=N3)C4=CC=C(C=C4)OC(F)F)O)O,O=C(CC1C(=O)N(c2ccccc2)C1c1ccccc1)C(O)C(c1ccc(Nc2ncc(-c3ccc(OC(F)F)cc3)cn2)cc1)C(O)N1CCCC(O)C1,-5.130460343942987,-5.2032,round4,test,55
DPHYUCRDVAZZOE-ICDJNDDTSA-N__XDRYDOZPCGGPBR-QXXBNALYSA-N,holdout,C/C=C/C=C/C=C/CCCCC=O,C1CC1CC[C@H](CCC(F)(F)F)N2CCC(CC2C3=CC=C(C=C3)C(F)(F)F)C(CO)C=O,CC=CC=CC=CCCCCC(=O)C(O)C(CO)C1CCN(C(CCC2CC2)CCC(F)(F)F)C(c2ccc(C(F)(F)F)cc2)C1,8.268134654384351,6.1132,round4,test,46
JAAFXLIBVGYSRZ-UHFFFAOYSA-N__CDYASQVVGJAAIH-UHFFFAOYSA-N,holdout,CC1=CC=C(C=C1)C2=NN(C(=O)C(C2)(CNCC(C(C)C)O)C=O)C3=CC(=CC=C3)F,CC(C)(C)OC(=O)NCC(C=O)F,Cc1ccc(C2=NN(c3cccc(F)c3)C(=O)C(CNCC(O)C(C)C)(C(=O)C(O)C(F)CNC(=O)OC(C)(C)C)C2)cc1,-1.0301538722862291,-2.4168,round4,test,44
NQPPJKGYVRVYFS-UHFFFAOYSA-N__ZMAVHCQIROTNQP-AEFFLSMTSA-N,holdout,CCC(CC=O)C(OC)OC,C[C@H](CC=O)CC(=O)CC[C@H]1CC(=O)CN(C1)C(=O)OCC2=CC=CC=C2,CCC(CC(=O)C(O)CC(C)CC(=O)CCC1CC(=O)CN(C(=O)OCc2ccccc2)C1)C(OC)OC,-2.239061135745995,2.0246,round4,test,38
NGIOJMNVLKXHJE-UHFFFAOYSA-N__NIGWQRBPDVUQBY-UHFFFAOYSA-N,holdout,CN1C=C(C=N1)SN2CCC3=CC(=NC4=CC=C(C=C4)F)C(=CN)CC3(C2)C=O,C1=CC(=CC(=C1)F)C2(C(O2)C=O)C3=CC(=CC=C3)F,Cn1cc(SN2CCC3=CC(=Nc4ccc(F)cc4)C(=CN)CC3(C(=O)C(O)C3OC3(c3cccc(F)c3)c3cccc(F)c3)C2)cn1,4.460900658710225,1.4597,round4,test,48
TXBXMXDFPMDNTO-UHFFFAOYSA-N__CAYHQLNHBOZWBE-XVFXJTQSSA-N,holdout,C1CN(C(CN1C2=C(C=CC(=C2)F)N)C=O)C3=CC4=CC=CC=C4N3,C1CCOC(C1)O[C@H]2CCC([C@H]2CC=O)C=CCCOC3=CC=CC(=C3)C(F)(F)F,Nc1ccc(F)cc1N1CCN(c2cc3ccccc3[nH]2)C(C(=O)C(O)CC2C(C=CCCOc3cccc(C(F)(F)F)c3)CCC2OC2CCCCO2)C1,9.564026905411898,1.5057,round4,test,55
ASJSAQIRZKANQN-BRJRFNKRSA-N__IVBUMEAAAWEYJF-UHFFFAOYSA-N,holdout,C(C=O)C([C@@H](CO)O)O,CN1C(=CC(=O)N(C1=O)C2=NC(=CC=C2)OC3=C(C=CN=C3)OCC=O)C(F)(F)F,Cn1c(C(F)(F)F)cc(=O)n(-c2cccc(Oc3cnccc3OCC(O)C(=O)CC(O)C(O)CO)n2)c1=O,-0.1576361341927799,1.2057,round4,test,39
FKIFGYYVOWKXND-UHFFFAOYSA-N__XECJSRYRDPJDQS-UHFFFAOYSA-N,holdout,CN1CCN(CC1)C2CCN(C2)C3=NC4=C(S3)C(=C(C=C4)O)C=O,CC(C(CN(C)C)C=O)O[Si](C)(C)C,CC(O[Si](C)(C)C)C(CN(C)C)C(O)C(=O)c1c(O)ccc2nc(N3CCC(N4CCN(C)CC4)C3)sc12,13.97772304091746,8.4821,round4,test,38
DRLLUSPWXGBKPT-JCKWVBRZSA-N__OPHSUAWZBZXNNE-UHFFFAOYSA-N,holdout,CC1=CC(=C(C(=C1)[C@H]2C[C@@H]3CC[C@]2(C3(C)C)C)O)C=O,COC1=CC=C(C=C1)CN2C(CC3=CSC(=C3C2C4=C(C=CC(=C4)F)Cl)N)C=O,COc1ccc(CN2C(c3cc(F)ccc3Cl)c3c(csc3N)CC2C(O)C(=O)c2cc(C)cc(C3CC4CCC3(C)C4(C)C)c2O)cc1,-2.207726312263832,-3.4469,round4,test,49
PRBGIXFLIUNIAI-FQEVSTJZSA-N__YCIQQOQPLZTTSA-YUMQZZPRSA-N,holdout,C1=CC=C(C=C1)C[C@@H](CC2=CC=C(C=C2)C=O)N3C=CC=C3,C(C[C@@H](C=O)NC(=O)[C@H](CCC(=O)N)N)CN=C(N)N,NC(=O)CCC(N)C(=O)NC(CCCN=C(N)N)C(O)C(=O)c1ccc(CC(Cc2ccccc2)n2cccc2)cc1,6.163878599207861,3.3446,round4,test,42
CCUJUMKOKSNUCP-UHFFFAOYSA-N__NUMBKGNLQMQSFB-VUWPPUDQSA-N,holdout,C1CN(CCC1C(=O)NC2=NN=C(C=C2Br)Cl)C3=CC=C(C=C3)C=O,C[C@H]1C2=NN=C(N2C3=C(C4=C(S3)CC(C4)C=O)C(=N1)C5=C(C=CC=C5F)F)C6CC6,CC1N=C(c2c(F)cccc2F)c2c(sc3c2CC(C(O)C(=O)c2ccc(N4CCC(C(=O)Nc5nnc(Cl)cc5Br)CC4)cc2)C3)-n2c(C3CC3)nnc21,1.1430050050926686,3.0501,round4,test,55
FVZWSHNUKKVEJF-UHFFFAOYSA-N__BIKRJLPGVGFPDA-UHFFFAOYSA-N,holdout,C1=CC(=CC=C1C(F)(F)F)N2C(=C(SC2=O)C=O)Cl,CCC(C=O)N1CC2=C(S1=O)C=C(S2)C3=CC(=C(C=C3)OCC4=CC=CC=C4)F,CCC(C(O)C(=O)c1sc(=O)n(-c2ccc(C(F)(F)F)cc2)c1Cl)N1Cc2sc(-c3ccc(OCc4ccccc4)c(F)c3)cc2S1=O,1.6829255277963446,5.9272,round4,test,48
FFHCHDIRBSNJGE-UHFFFAOYSA-N__XKAHTFJISBCBPN-UHFFFAOYSA-N,holdout,CC1=C(C(=NC(=N1)CC2CCN(CC2)C3=CC(=CC=C3)F)C=O)O,C1CN2CC1C(C2)C(=O)CC=O,Cc1nc(CC2CCN(c3cccc(F)c3)CC2)nc(C(=O)C(O)CC(=O)C2CN3CCC2C3)c1O,-1.780954965169425,2.3299,round4,test,36
YHHPBYNAHAIMNQ-YRNVUSSQSA-N__LDTADWAOSPRJTQ-UHFFFAOYSA-N,holdout,C/C(=C\CCC(C)(C=C)O)/CCC=O,C1=CSC(=N1)C2=CC=C(O2)C=O,C=CC(C)(O)CCC=C(C)CCC(=O)C(O)c1ccc(-c2nccs2)o1,2.7258294135162364,2.6677,round4,test,26
MBUGWEHNZAMDRR-UHFFFAOYSA-N__CZCWLUXYZGZTEN-FBQUQXAYSA-N,holdout,CC1=CN=C(N=C1N2C=C(N=C2)C=O)NC3CCC(CC3)(F)F,C1=CC(=C(C=C1F)F)N2C=C(C(=O)C3=CC(=C(N=C32)NC[C@H]4[C@H](C4N)C=O)F)C(=O)O,Cc1cnc(NC2CCC(F)(F)CC2)nc1-n1cnc(C(=O)C(O)C2C(N)C2CNc2nc3c(cc2F)c(=O)c(C(=O)O)cn3-c2ccc(F)cc2F)c1,2.3999156946124254,2.9329,round4,test,54
GVUZZHHJLVEEQA-UHFFFAOYSA-N__KVPNYSIPWNAPHK-UHFFFAOYSA-N,holdout,C(=O)C(C(C(C(F)(F)F)(C(F)(F)F)C(F)(F)F)(F)F)(F)F,C1=CC(=CC(=C1)C(=O)NC2=CC=C(C=C2)F)C3=CC=C(O3)C=O,O=C(Nc1ccc(F)cc1)c1cccc(-c2ccc(C(O)C(=O)C(F)(F)C(F)(F)C(C(F)(F)F)(C(F)(F)F)C(F)(F)F)o2)c1,6.598694526406251,9.6958,round4,test,44
AMRQOEPACPHJLH-IUODEOHRSA-N__IHFCTBYGNJBHLU-UHFFFAOYSA-N,holdout,C1CC[C@@H]2[C@H](C1)CCCN2C3=C(C=C(C=C3)F)C=O,COC1=CC=C(C=C1)C2=NC3=C(C4=C(S3)C=C(C=C4)C=O)C(=O)N2CC5=CC=CC=C5,COc1ccc(-c2nc3sc4cc(C(O)C(=O)c5cc(F)ccc5N5CCCC6CCCCC65)ccc4c3c(=O)n2Cc2ccccc2)cc1,6.688014281674967,3.6384,round4,test,50
SCVBLDNJTKXINC-UHFFFAOYSA-N__DEKSVNFABRPRCO-UHFFFAOYSA-N,holdout,CC(=O)NCC1CN(C(=O)O1)C2=CC(=C(C=C2)C3=CN=C(C=C3)C=O)F,CN1CCN(CC1)C(=O)COC2=C(C=C(C=C2)F)C=O,CC(=O)NCC1CN(c2ccc(-c3ccc(C(=O)C(O)c4cc(F)ccc4OCC(=O)N4CCN(C)CC4)nc3)c(F)c2)C(=O)O1,9.457180957999354,5.3202,round4,test,46
ZQQIJYNZXGEEFH-UHFFFAOYSA-N__GPLXURYGVXHCHI-UHFFFAOYSA-N,holdout,CC1=CC(=C(C=C1)NC2=C(C=C(C(=C2F)F)CC3=C(C(=CC=C3)C4CCC4)F)C=O)F,CCOC(=O)C1=CC=C(C=C1)OCCCCC2=CN(C(=C2)C=O)C,CCOC(=O)c1ccc(OCCCCc2cc(C(O)C(=O)c3cc(Cc4cccc(C5CCC5)c4F)c(F)c(F)c3Nc3ccc(C)cc3F)n(C)c2)cc1,14.400977533161536,9.9166,round4,test,55
GWKJSDLWRMTNQG-UHFFFAOYSA-N__GPYDUSJZIYFWHD-UHFFFAOYSA-N,holdout,C1C(O1)COC2=C(C3=C(C=C2)NN=C3)C=O,CC(=O)OC1=CC(=C(C=C1)C2=C(C3=CC4=C(C=C3O2)OCO4)C=O)OC,COc1cc(OC(C)=O)ccc1-c1oc2cc3c(cc2c1C(O)C(=O)c1c(OCC2CO2)ccc2[nH]ncc12)OCO3,8.30683524528993,2.4946,round4,test,42
WLRLZSAINYTZQZ-UHFFFAOYSA-N__OOYOEIQSDYOICW-UHFFFAOYSA-N,holdout,CC1=CC(=C2C(=C1)C(=O)C(=CO2)C=O)CCCC3=CC=CC=C3,CC(C)C1=C(C(=CC(=N1)C2=CC=CC=C2CC3=CC=CC=C3)C4=CC=C(C=C4)F)C=O,Cc1cc(CCCc2ccccc2)c2occ(C(=O)C(O)c3c(-c4ccc(F)cc4)cc(-c4ccccc4Cc4ccccc4)nc3C(C)C)c(=O)c2c1,10.249547490442527,-0.0062,round4,test,54
KTDAPFOQCDDTNH-UHFFFAOYSA-N__JWVVRXLSJSGFOD-UHFFFAOYSA-N,holdout,C1=CC(=CC(=C1)F)C2=NC3=COC(=C3O2)C=O,C1=CC=C(C(=C1)C2=CC=C(O2)C=O)SCC3=C(C(=CC=C3)Cl)F,O=C(c1occ2nc(-c3cccc(F)c3)oc12)C(O)c1ccc(-c2ccccc2SCc2cccc(Cl)c2F)o1,5.717944172089548,2.6142,round4,test,40
JWVVRXLSJSGFOD-UHFFFAOYSA-N__KTDAPFOQCDDTNH-UHFFFAOYSA-N,holdout,C1=CC=C(C(=C1)C2=CC=C(O2)C=O)SCC3=C(C(=CC=C3)Cl)F,C1=CC(=CC(=C1)F)C2=NC3=COC(=C3O2)C=O,O=C(c1ccc(-c2ccccc2SCc2cccc(Cl)c2F)o1)C(O)c1occ2nc(-c3cccc(F)c3)oc12,6.417979881533423,4.1067,round4,test,40
ZMLVQUKXZPBCCO-UHFFFAOYSA-N__SGGCSXYJKYZSGF-UHFFFAOYSA-N,holdout,C1=CC=C2C(=C1)C(C3=CC=CC=C32)COC(=O)NCC#CC4=NC=C(C(=C4)C=O)F,C1=CC(=CC(=C1)C(=O)O)CN2C(=C(SC2=O)C=O)Cl,O=C(NCC#Cc1cc(C(=O)C(O)c2sc(=O)n(Cc3cccc(C(=O)O)c3)c2Cl)c(F)cn1)OCC1c2ccccc2-c2ccccc21,4.249939106350284,4.8754,round4,test,49
SGGCSXYJKYZSGF-UHFFFAOYSA-N__ZMLVQUKXZPBCCO-UHFFFAOYSA-N,holdout,C1=CC(=CC(=C1)C(=O)O)CN2C(=C(SC2=O)C=O)Cl,C1=CC=C2C(=C1)C(C3=CC=CC=C32)COC(=O)NCC#CC4=NC=C(C(=C4)C=O)F,O=C(NCC#Cc1cc(C(O)C(=O)c2sc(=O)n(Cc3cccc(C(=O)O)c3)c2Cl)c(F)cn1)OCC1c2ccccc2-c2ccccc21,-1.183533989312113,1.0486,round4,test,49
GBYONEKVKONQAH-UHFFFAOYSA-N__MBDVTIVIOBOLDR-UHFFFAOYSA-N,holdout,CC1=NN(C(=C1C=O)SC2=CC(=NN2C)C(F)(F)F)C,C1=CC=C(C(=C1)C2=NC(=CN2S(=O)(=O)C3=CC=CS3)C=O)F,Cc1nn(C)c(Sc2cc(C(F)(F)F)nn2C)c1C(=O)C(O)c1cn(S(=O)(=O)c2cccs2)c(-c2ccccc2F)n1,6.860469637173557,5.4854,round4,test,42
QXEMQBCINBEWCH-UHFFFAOYSA-N__MXEVHLWGLKNRQQ-UHFFFAOYSA-N,holdout,C1=CC=C(C=C1)COC2=C(C(=NC(=C2)C=O)C(=O)NCC3=CC=C(C=C3)F)OCC4=CC=CC=C4,CN(C)N(C)CC1(CCOCC1)N2C=C(C(=O)C(=C2C=O)O)C(=O)NCC3=C(C=C(C=C3)F)F,CN(C)N(C)CC1(n2cc(C(=O)NCc3ccc(F)cc3F)c(=O)c(O)c2C(O)C(=O)c2cc(OCc3ccccc3)c(OCc3ccccc3)c(C(=O)NCc3ccc(F)cc3)n2)CCOCC1,8.114297551211472,-3.8781,round4,test,69
MXEVHLWGLKNRQQ-UHFFFAOYSA-N__QXEMQBCINBEWCH-UHFFFAOYSA-N,holdout,CN(C)N(C)CC1(CCOCC1)N2C=C(C(=O)C(=C2C=O)O)C(=O)NCC3=C(C=C(C=C3)F)F,C1=CC=C(C=C1)COC2=C(C(=NC(=C2)C=O)C(=O)NCC3=CC=C(C=C3)F)OCC4=CC=CC=C4,CN(C)N(C)CC1(n2cc(C(=O)NCc3ccc(F)cc3F)c(=O)c(O)c2C(=O)C(O)c2cc(OCc3ccccc3)c(OCc3ccccc3)c(C(=O)NCc3ccc(F)cc3)n2)CCOCC1,3.805749798367784,-5.8084,round4,test,69
FYEUNHYDTXLVGK-UHFFFAOYSA-N__YGVQWHLDCDFGRO-XOKHGSTOSA-N,holdout,C1CN(C(=O)C2=C1C=C(C=C2)OCCC=O)CCCC3=CC=CC=C3,C[C@H]([C@H]1C[C@@H](OC(O1)(C)C)CC=O)OCC2=CC=C(C=C2)OC,COc1ccc(COC(C)C2CC(CC(O)C(=O)CCOc3ccc4c(c3)CCN(CCCc3ccccc3)C4=O)OC(C)(C)O2)cc1,-5.044774781062145,2.3212,round4,test,48
YGVQWHLDCDFGRO-XOKHGSTOSA-N__FYEUNHYDTXLVGK-UHFFFAOYSA-N,holdout,C[C@H]([C@H]1C[C@@H](OC(O1)(C)C)CC=O)OCC2=CC=C(C=C2)OC,C1CN(C(=O)C2=C1C=C(C=C2)OCCC=O)CCCC3=CC=CC=C3,COc1ccc(COC(C)C2CC(CC(=O)C(O)CCOc3ccc4c(c3)CCN(CCCc3ccccc3)C4=O)OC(C)(C)O2)cc1,0.3291300149474394,3.7211,round4,test,48
XDRYDOZPCGGPBR-QXXBNALYSA-N__DPHYUCRDVAZZOE-ICDJNDDTSA-N,holdout,C1CC1CC[C@H](CCC(F)(F)F)N2CCC(CC2C3=CC=C(C=C3)C(F)(F)F)C(CO)C=O,C/C=C/C=C/C=C/CCCCC=O,CC=CC=CC=CCCCCC(O)C(=O)C(CO)C1CCN(C(CCC2CC2)CCC(F)(F)F)C(c2ccc(C(F)(F)F)cc2)C1,4.520028130271436,4.6073,round4,test,46
CDYASQVVGJAAIH-UHFFFAOYSA-N__JAAFXLIBVGYSRZ-UHFFFAOYSA-N,holdout,CC(C)(C)OC(=O)NCC(C=O)F,CC1=CC=C(C=C1)C2=NN(C(=O)C(C2)(CNCC(C(C)C)O)C=O)C3=CC(=CC=C3)F,Cc1ccc(C2=NN(c3cccc(F)c3)C(=O)C(CNCC(O)C(C)C)(C(O)C(=O)C(F)CNC(=O)OC(C)(C)C)C2)cc1,-1.674524182794435,-4.7082,round4,test,44
AXUHVXNETATJCI-UHFFFAOYSA-N__POAOBAZVADLAIR-UHFFFAOYSA-N,holdout,C1CCC(C1)C2(CC2C=O)C3=CC=C(C=C3)F,C=CC(=CC1=CC(=CC=C1)Cl)C2=CC3=CC=CC=C3C(N2C4=NC=C(C=C4)C(F)(F)F)C=O,C=CC(=Cc1cccc(Cl)c1)C1=Cc2ccccc2C(C(O)C(=O)C2CC2(c2ccc(F)cc2)C2CCCC2)N1c1ccc(C(F)(F)F)cn1,0.6430462519831658,-3.2274,round4,test,50
QAGXBYLNOFBBRK-KGSLCBSSSA-N__WUVSUOOLQSTBAA-UHFFFAOYSA-N,holdout,CC1(O[C@H]2[C@@H]([C@@H](O[C@]2(O1)COCC3=CC=CC=C3)C=O)OCC4=CC=CC=C4)C,CC(CC=O)OCC=C,C=CCOC(C)CC(O)C(=O)C1OC2(COCc3ccccc3)OC(C)(C)OC2C1OCc1ccccc1,2.0135695565294767,3.9707,round4,test,38
POAOBAZVADLAIR-UHFFFAOYSA-N__AXUHVXNETATJCI-UHFFFAOYSA-N,holdout,C=CC(=CC1=CC(=CC=C1)Cl)C2=CC3=CC=CC=C3C(N2C4=NC=C(C=C4)C(F)(F)F)C=O,C1CCC(C1)C2(CC2C=O)C3=CC=C(C=C3)F,C=CC(=Cc1cccc(Cl)c1)C1=Cc2ccccc2C(C(=O)C(O)C2CC2(c2ccc(F)cc2)C2CCCC2)N1c1ccc(C(F)(F)F)cn1,4.741162670606369,3.2403,round4,test,50
NIGWQRBPDVUQBY-UHFFFAOYSA-N__NGIOJMNVLKXHJE-UHFFFAOYSA-N,holdout,C1=CC(=CC(=C1)F)C2(C(O2)C=O)C3=CC(=CC=C3)F,CN1C=C(C=N1)SN2CCC3=CC(=NC4=CC=C(C=C4)F)C(=CN)CC3(C2)C=O,Cn1cc(SN2CCC3=CC(=Nc4ccc(F)cc4)C(=CN)CC3(C(O)C(=O)C3OC3(c3cccc(F)c3)c3cccc(F)c3)C2)cn1,2.536692169586759,3.8526,round4,test,48
OPHSUAWZBZXNNE-UHFFFAOYSA-N__DRLLUSPWXGBKPT-JCKWVBRZSA-N,holdout,COC1=CC=C(C=C1)CN2C(CC3=CSC(=C3C2C4=C(C=CC(=C4)F)Cl)N)C=O,CC1=CC(=C(C(=C1)[C@H]2C[C@@H]3CC[C@]2(C3(C)C)C)O)C=O,COc1ccc(CN2C(C(=O)C(O)c3cc(C)cc(C4CC5CCC4(C)C5(C)C)c3O)Cc3csc(N)c3C2c2cc(F)ccc2Cl)cc1,7.567414107562073,1.8836,round4,test,49
NUMBKGNLQMQSFB-VUWPPUDQSA-N__CCUJUMKOKSNUCP-UHFFFAOYSA-N,holdout,C[C@H]1C2=NN=C(N2C3=C(C4=C(S3)CC(C4)C=O)C(=N1)C5=C(C=CC=C5F)F)C6CC6,C1CN(CCC1C(=O)NC2=NN=C(C=C2Br)Cl)C3=CC=C(C=C3)C=O,CC1N=C(c2c(F)cccc2F)c2c(sc3c2CC(C(=O)C(O)c2ccc(N4CCC(C(=O)Nc5nnc(Cl)cc5Br)CC4)cc2)C3)-n2c(C3CC3)nnc21,12.99744923581083,9.8105,round4,test,55
BIKRJLPGVGFPDA-UHFFFAOYSA-N__FVZWSHNUKKVEJF-UHFFFAOYSA-N,holdout,CCC(C=O)N1CC2=C(S1=O)C=C(S2)C3=CC(=C(C=C3)OCC4=CC=CC=C4)F,C1=CC(=CC=C1C(F)(F)F)N2C(=C(SC2=O)C=O)Cl,CCC(C(=O)C(O)c1sc(=O)n(-c2ccc(C(F)(F)F)cc2)c1Cl)N1Cc2sc(-c3ccc(OCc4ccccc4)c(F)c3)cc2S1=O,9.536547137909697,6.561,round4,test,48
JVFTUMXKGWOPIQ-UHFFFAOYSA-N__DMBULRMPQRGKQQ-UHFFFAOYSA-N,holdout,C1=CC=C2C(=C1)C=C(S2)C3=CN=CC(=C3)C=O,C1CC1N(CC=O)C(=O)C2=CC=C(C=C2)C3=NOC(=N3)C(F)(F)F,O=C(c1cncc(-c2cc3ccccc3s2)c1)C(O)CN(C(=O)c1ccc(-c2noc(C(F)(F)F)n2)cc1)C1CC1,2.601292298070508,3.8839,round4,test,41
PMLMWTWOCBIDEI-UHFFFAOYSA-N__JYILRXNTUCTUQK-UHFFFAOYSA-N,holdout,C1C(=O)N(C(=O)N1)CC2=CC=C(C=C2)C=O,COC1=C(C=C(C=C1)C=O)CSC2=NN=C(N2C3CC3)C4=CC=CC=C4F,COc1ccc(C(O)C(=O)c2ccc(CN3C(=O)CNC3=O)cc2)cc1CSc1nnc(-c2ccccc2F)n1C1CC1,10.514309052723194,3.1852,round4,test,43
JYILRXNTUCTUQK-UHFFFAOYSA-N__PMLMWTWOCBIDEI-UHFFFAOYSA-N,holdout,COC1=C(C=C(C=C1)C=O)CSC2=NN=C(N2C3CC3)C4=CC=CC=C4F,C1C(=O)N(C(=O)N1)CC2=CC=C(C=C2)C=O,COc1ccc(C(=O)C(O)c2ccc(CN3C(=O)CNC3=O)cc2)cc1CSc1nnc(-c2ccccc2F)n1C1CC1,5.595945426757707,3.9768,round4,test,43
IHFCTBYGNJBHLU-UHFFFAOYSA-N__AMRQOEPACPHJLH-IUODEOHRSA-N,holdout,COC1=CC=C(C=C1)C2=NC3=C(C4=C(S3)C=C(C=C4)C=O)C(=O)N2CC5=CC=CC=C5,C1CC[C@@H]2[C@H](C1)CCCN2C3=C(C=C(C=C3)F)C=O,COc1ccc(-c2nc3sc4cc(C(=O)C(O)c5cc(F)ccc5N5CCCC6CCCCC65)ccc4c3c(=O)n2Cc2ccccc2)cc1,4.499138602103389,0.3763,round4,test,50
GPYDUSJZIYFWHD-UHFFFAOYSA-N__GWKJSDLWRMTNQG-UHFFFAOYSA-N,holdout,CC(=O)OC1=CC(=C(C=C1)C2=C(C3=CC4=C(C=C3O2)OCO4)C=O)OC,C1C(O1)COC2=C(C3=C(C=C2)NN=C3)C=O,COc1cc(OC(C)=O)ccc1-c1oc2cc3c(cc2c1C(=O)C(O)c1c(OCC2CO2)ccc2[nH]ncc12)OCO3,13.04819002671766,-0.1789,round4,test,42
XLEKCIPCCBHYDA-UHFFFAOYSA-N__NEHUREOOPMIPGG-UHFFFAOYSA-N,holdout,C1=CC=C(C=C1)COC2=CC3=C(C=C2)C(=C(S3)C4=CC=C(C=C4)F)OC5=CC=C(C=C5)OCC=O,C1CC2=C(C=CC(=C2)C3=CN=C(C=C3)C(F)(F)F)N(C1)C4=CC(=C(C=C4)C5=NC(ON5)C=O)Cl,O=C(COc1ccc(Oc2c(-c3ccc(F)cc3)sc3cc(OCc4ccccc4)ccc23)cc1)C(O)C1N=C(c2ccc(N3CCCc4cc(-c5ccc(C(F)(F)F)nc5)ccc43)cc2Cl)NO1,-6.176760935483307,-6.3915,round5,test,69
NEHUREOOPMIPGG-UHFFFAOYSA-N__XLEKCIPCCBHYDA-UHFFFAOYSA-N,holdout,C1CC2=C(C=CC(=C2)C3=CN=C(C=C3)C(F)(F)F)N(C1)C4=CC(=C(C=C4)C5=NC(ON5)C=O)Cl,C1=CC=C(C=C1)COC2=CC3=C(C=C2)C(=C(S3)C4=CC=C(C=C4)F)OC5=CC=C(C=C5)OCC=O,O=C(C(O)COc1ccc(Oc2c(-c3ccc(F)cc3)sc3cc(OCc4ccccc4)ccc23)cc1)C1N=C(c2ccc(N3CCCc4cc(-c5ccc(C(F)(F)F)nc5)ccc43)cc2Cl)NO1,-0.4650737745368767,-1.8734,round5,test,69
UOOLKNCKPGBCKJ-UHFFFAOYSA-N__QXZLWXLHXKWFQL-UHFFFAOYSA-N,holdout,CCN(C1CCN(C1)N2CCC(CC2)(C=O)C3=CC=C(C=C3)Cl)C(=O)OC4=CC=C(C=C4)F,CNC1=C(N(C(=N1)OC2=CC(=CC=C2)OC(F)(F)F)CC3=CC=C(C=C3)Cl)C(=O)NCCC=O,CCN(C(=O)Oc1ccc(F)cc1)C1CCN(N2CCC(C(=O)C(O)CCNC(=O)c3c(NC)nc(Oc4cccc(OC(F)(F)F)c4)n3Cc3ccc(Cl)cc3)(c3ccc(Cl)cc3)CC2)C1,10.062445672246287,6.0734,round5,test,67
QXZLWXLHXKWFQL-UHFFFAOYSA-N__UOOLKNCKPGBCKJ-UHFFFAOYSA-N,holdout,CNC1=C(N(C(=N1)OC2=CC(=CC=C2)OC(F)(F)F)CC3=CC=C(C=C3)Cl)C(=O)NCCC=O,CCN(C1CCN(C1)N2CCC(CC2)(C=O)C3=CC=C(C=C3)Cl)C(=O)OC4=CC=C(C=C4)F,CCN(C(=O)Oc1ccc(F)cc1)C1CCN(N2CCC(c3ccc(Cl)cc3)(C(O)C(=O)CCNC(=O)c3c(NC)nc(Oc4cccc(OC(F)(F)F)c4)n3Cc3ccc(Cl)cc3)CC2)C1,4.916164513163525,1.2127,round5,test,67
XMTCKNXTTXDPJX-UWTATZPHSA-N__RSLLMRKKPRKJNB-FKSUSPILSA-N,holdout,C(=O)[C@H](C(=O)O)N,C[C@@H]([C@H]([C@H]([C@@H](C=O)OC)O)OC)O,COC(C(C)O)C(O)C(OC)C(O)C(=O)C(N)C(=O)O,-6.473113778288755,-7.5842,round5,test,20
DLXQOEMPGBXWLY-UHFFFAOYSA-N__SEQBGRULMRPZNS-UHFFFAOYSA-N,holdout,CCCCCC(CC=O)CC(C1=CC=CC=C1)C(=O)OCC2=CC=CC=C2,COC1=CC2=C(C(=C1)OC)C(=O)C(O2)(C3=CC=C(C=C3)Br)C(CC=O)C4=CC(=CC=C4)F,CCCCCC(CC(=O)C(O)CC(c1cccc(F)c1)C1(c2ccc(Br)cc2)Oc2cc(OC)cc(OC)c2C1=O)CC(C(=O)OCc1ccccc1)c1ccccc1,0.9468817334028152,-1.4308,round5,test,59
DKMHDLGRAJXZCT-UHFFFAOYSA-N__SYTIDGYCWXVPDQ-UHFFFAOYSA-N,holdout,C=C1N(C(C2(N1C3=CC=C(C=C3)CCCC=O)CCC2)O)C4=CC(=C(C=C4)C#N)C(F)(F)F,CC(CSCCCCCCC(F)(F)F)C=O,C=C1N(c2ccc(C#N)c(C(F)(F)F)c2)C(O)C2(CCC2)N1c1ccc(CCCC(=O)C(O)C(C)CSCCCCCCC(F)(F)F)cc1,-2.757223634037147,1.4616,round5,test,49
AVCWHDXGRHTNGT-UHFFFAOYSA-N__FSADGTBYAFTOCO-UHFFFAOYSA-N,holdout,C1C(CC1C2=NC(=C3N2C=CN=C3N)C4=CC(=CC=C4)OCC5=CC=CC=C5)C=O,C(=O)C(C(=O)C(=O)O)O,Nc1nccn2c(C3CC(C(=O)C(O)C(O)C(=O)C(=O)O)C3)nc(-c3cccc(OCc4ccccc4)c3)c12,-2.118632833833604,1.3272,round5,test,39
FSADGTBYAFTOCO-UHFFFAOYSA-N__AVCWHDXGRHTNGT-UHFFFAOYSA-N,holdout,C(=O)C(C(=O)C(=O)O)O,C1C(CC1C2=NC(=C3N2C=CN=C3N)C4=CC(=CC=C4)OCC5=CC=CC=C5)C=O,Nc1nccn2c(C3CC(C(O)C(=O)C(O)C(=O)C(=O)O)C3)nc(-c3cccc(OCc4ccccc4)c3)c12,0.98064325945883,-2.117,round5,test,39
ONPHXFYCKYFLLS-ZHACJKMWSA-N__IUSUPGUYBHINDX-UHFFFAOYSA-N,holdout,CC1CC(C(C(C1C)/C=C/C2=NC=C(C=C2)C3=CC=CC=C3F)C(C)O)(C=O)O,C1=CC=C(C(=C1)C(C=O)C2=COC3=C(C2=O)C=CC(=C3)O)O,CC(O)C1C(C=Cc2ccc(-c3ccccc3F)cn2)C(C)C(C)CC1(O)C(=O)C(O)C(c1ccccc1O)c1coc2cc(O)ccc2c1=O,-4.700366774173952,-7.4826,round5,test,51
BRMIXYOIDAOOIX-PNDDCTNVSA-N__WVPZWTBESUCAJX-UHFFFAOYSA-N,holdout,COC1=C2C(=CN=C1)O[C@@]3([C@]2([C@@H]([C@@H]([C@H]3C4=CC=CC=C4)C=O)O)O)C5=CC=C(C=C5)C(F)(F)F,CC(C)C1=CC=CC=C1C2=NC=C3C(=N2)N(C(N3)C=O)OC(C)C4=CC=C(C=C4)F,COc1cncc2c1C1(O)C(O)C(C(=O)C(O)C3Nc4cnc(-c5ccccc5C(C)C)nc4N3OC(C)c3ccc(F)cc3)C(c3ccccc3)C1(c1ccc(C(F)(F)F)cc1)O2,-6.416706230548199,-3.8061,round5,test,64
WVPZWTBESUCAJX-UHFFFAOYSA-N__BRMIXYOIDAOOIX-PNDDCTNVSA-N,holdout,CC(C)C1=CC=CC=C1C2=NC=C3C(=N2)N(C(N3)C=O)OC(C)C4=CC=C(C=C4)F,COC1=C2C(=CN=C1)O[C@@]3([C@]2([C@@H]([C@@H]([C@H]3C4=CC=CC=C4)C=O)O)O)C5=CC=C(C=C5)C(F)(F)F,COc1cncc2c1C1(O)C(O)C(C(O)C(=O)C3Nc4cnc(-c5ccccc5C(C)C)nc4N3OC(C)c3ccc(F)cc3)C(c3ccccc3)C1(c1ccc(C(F)(F)F)cc1)O2,-1.3503356586698998,-4.656,round5,test,64
OGIVEXIVTQQIPV-OKZBNKHCSA-N__SWUNBOGECJQRAW-JKSUJKDBSA-N,holdout,C1CC[C@H]([C@H](C1)C(=O)N2CCC[C@H]2C=O)C(=O)OCC3=CC=CC=C3,C1=CC=C(C=C1)CN2[C@H]([C@H](C2=O)N3C(=O)C4=CC=CC=C4C3=O)C=O,O=C(OCc1ccccc1)C1CCCCC1C(=O)N1CCCC1C(=O)C(O)C1C(N2C(=O)c3ccccc3C2=O)C(=O)N1Cc1ccccc1,0.2706043804591774,-7.0411,round5,test,50
SWUNBOGECJQRAW-JKSUJKDBSA-N__OGIVEXIVTQQIPV-OKZBNKHCSA-N,holdout,C1=CC=C(C=C1)CN2[C@H]([C@H](C2=O)N3C(=O)C4=CC=CC=C4C3=O)C=O,C1CC[C@H]([C@H](C1)C(=O)N2CCC[C@H]2C=O)C(=O)OCC3=CC=CC=C3,O=C(OCc1ccccc1)C1CCCCC1C(=O)N1CCCC1C(O)C(=O)C1C(N2C(=O)c3ccccc3C2=O)C(=O)N1Cc1ccccc1,0.2935944721655654,-7.2193,round5,test,50
BHXFGVIQYHRFSQ-UHFFFAOYSA-N__MVUSYFZPZUJZAU-UHFFFAOYSA-N,holdout,CCN1C(C(=O)N(C1=O)CC2=C(C=CC(=C2)Cl)F)C3=C(C=CC(=C3)Cl)N(CC=O)C(=O)C,CCC1(CCC2=C(C1=O)C=CC(=C2)C3=NC=C(C=C3)NC4=CN=C(C=C4)C(F)(F)F)CC=O,CCN1C(=O)N(Cc2cc(Cl)ccc2F)C(=O)C1c1cc(Cl)ccc1N(CC(=O)C(O)CC1(CC)CCc2cc(-c3ccc(Nc4ccc(C(F)(F)F)nc4)cn3)ccc2C1=O)C(C)=O,2.1144619010862926,-4.3158,round5,test,65
MVUSYFZPZUJZAU-UHFFFAOYSA-N__BHXFGVIQYHRFSQ-UHFFFAOYSA-N,holdout,CCC1(CCC2=C(C1=O)C=CC(=C2)C3=NC=C(C=C3)NC4=CN=C(C=C4)C(F)(F)F)CC=O,CCN1C(C(=O)N(C1=O)CC2=C(C=CC(=C2)Cl)F)C3=C(C=CC(=C3)Cl)N(CC=O)C(=O)C,CCN1C(=O)N(Cc2cc(Cl)ccc2F)C(=O)C1c1cc(Cl)ccc1N(CC(O)C(=O)CC1(CC)CCc2cc(-c3ccc(Nc4ccc(C(F)(F)F)nc4)cn3)ccc2C1=O)C(C)=O,4.01809675243492,-3.7166,round5,test,65
XLGNWLVSZFABJG-LUTIACGYSA-N__ULEVKWKQHIGIQU-UHFFFAOYSA-N,holdout,CC(C[C@@H](C(=O)NC(C)(C)CC1=CC=C(C=C1)F)NC(=O)C2=CC=C(C=C2)C3=NN(C=C3)C)C=O,CC1=CC2=C(CCN2)C(=C1CC=O)C3=CC(=C4C(=C3C)CCCO4)F,Cc1cc2c(c(-c3cc(F)c4c(c3C)CCCO4)c1CC(O)C(=O)C(C)CC(NC(=O)c1ccc(-c3ccn(C)n3)cc1)C(=O)NC(C)(C)Cc1ccc(F)cc1)CCN2,-0.1182578796017122,-4.602,round5,test,60
ULEVKWKQHIGIQU-UHFFFAOYSA-N__XLGNWLVSZFABJG-LUTIACGYSA-N,holdout,CC1=CC2=C(CCN2)C(=C1CC=O)C3=CC(=C4C(=C3C)CCCO4)F,CC(C[C@@H](C(=O)NC(C)(C)CC1=CC=C(C=C1)F)NC(=O)C2=CC=C(C=C2)C3=NN(C=C3)C)C=O,Cc1cc2c(c(-c3cc(F)c4c(c3C)CCCO4)c1CC(=O)C(O)C(C)CC(NC(=O)c1ccc(-c3ccn(C)n3)cc1)C(=O)NC(C)(C)Cc1ccc(F)cc1)CCN2,1.865796513405254,-4.8782,round5,test,60
DLROQONKWFTULX-UHFFFAOYSA-N__RCLPEWUTLHKIPM-UHFFFAOYSA-N,holdout,CCCCNC(C)CC=O,C(C=O)C(C(C(C(C(F)(F)Cl)(F)F)(F)F)(F)F)(F)F,CCCCNC(C)CC(=O)C(O)CC(F)(F)C(F)(F)C(F)(F)C(F)(F)C(F)(F)Cl,-4.179192255269607,2.0267,round5,test,29
SVAQNPABCZRVFL-UHFFFAOYSA-N__BUINBYHSMCIDIA-HCVVJDORSA-N,holdout,CN(CC1=CC=C(C=C1)NSC2=CC=CC=C2F)C(=NC(C=O)(C3=CC=CC=C3)C4=CC=CC=C4)N,C[C@@]12CC3=C(C[C@@H]1C2(F)F)C(=NN3)C(=O)NC4=CN(N=C4)C5CCC(CC5)C=O,CN(Cc1ccc(NSc2ccccc2F)cc1)C(N)=NC(C(=O)C(O)C1CCC(n2cc(NC(=O)c3n[nH]c4c3CC3C(F)(F)C3(C)C4)cn2)CC1)(c1ccccc1)c1ccccc1,8.649130437139116,6.8472,round5,test,65
NHILUXLDLNWQLL-UHFFFAOYSA-N__XGTLTQWYERGEOY-UHFFFAOYSA-N,holdout,CC(C)CC(C(=O)NC(CCC1=CC=CC=C1)C=O)NC(=O)OCC2=CC=CC=C2,CC1(CCN(CC1)C(=O)C2=C(C=CC(=C2)CC3=NNC(C4=CC=CC=C43)C=O)F)O,CC(C)CC(NC(=O)OCc1ccccc1)C(=O)NC(CCc1ccccc1)C(=O)C(O)C1NN=C(Cc2ccc(F)c(C(=O)N3CCC(C)(O)CC3)c2)c2ccccc21,3.855493657338721,-0.3737,round5,test,60
YVPPXSBJJNMJOU-UHFFFAOYSA-N__MGXCYUSPGOPKIR-UHFFFAOYSA-N,holdout,C1CC1C2=NN=C3N2C4=C(C5=C(S4)CC(C5)C=O)C(=NC3)C6=C(C=CC=C6F)F,C1CC2C1C(C3=CC=CC=C3N2)C(C(C=O)C(=O)C4=CC=C(C=C4)F)(C(=O)O)N,NC(C(=O)O)(C(C(=O)c1ccc(F)cc1)C(O)C(=O)C1Cc2sc3c(c2C1)C(c1c(F)cccc1F)=NCc1nnc(C2CC2)n1-3)C1c2ccccc2NC2CCC21,-2.470868854729255,-3.2173,round5,test,58
XHWUCEASPYLAIG-UHFFFAOYSA-N__YMCSXQTXZJYNGN-FHDQPZTMSA-N,holdout,CCN1C=CC2=C(OC(=C(C=CC(=C21)C3=CC=CC(=C3)C=O)C(=O)NC)C4=CC=C(C=C4)F)C,C[C@H]1CN(CCN1C2=CC(=CC(=C2)F)F)CC(CC3(C(=O)NC(=O)N3)C4=COC=N4)C=O,CCn1ccc2c(C)oc(-c3ccc(F)cc3)c(C(=O)NC)ccc(-c3cccc(C(=O)C(O)C(CN4CCN(c5cc(F)cc(F)c5)C(C)C4)CC4(c5cocn5)NC(=O)NC4=O)c3)c21,0.7534500217062172,-10.2185,round5,test,66
YMCSXQTXZJYNGN-FHDQPZTMSA-N__XHWUCEASPYLAIG-UHFFFAOYSA-N,holdout,C[C@H]1CN(CCN1C2=CC(=CC(=C2)F)F)CC(CC3(C(=O)NC(=O)N3)C4=COC=N4)C=O,CCN1C=CC2=C(OC(=C(C=CC(=C21)C3=CC=CC(=C3)C=O)C(=O)NC)C4=CC=C(C=C4)F)C,CCn1ccc2c(C)oc(-c3ccc(F)cc3)c(C(=O)NC)ccc(-c3cccc(C(O)C(=O)C(CN4CCN(c5cc(F)cc(F)c5)C(C)C4)CC4(c5cocn5)NC(=O)NC4=O)c3)c21,0.5965170987542117,-21.3466,round5,test,66
MFMGRPSKVVJIDV-JOCHJYFZSA-N__BRNJAHPTWFIDAS-UHFFFAOYSA-N,holdout,CC(C)(C)C1=CC(=C(C=C1)OC[C@@H](CN2CCC3(CC2)CC4=C(O3)C=CC(=C4)Cl)O)C=O,C1C(=O)NS(=O)(=O)N1C2=C(C=C3C=CC(=CC3=C2F)OCCCCC=O)OCC4=CC=CC=C4,CC(C)(C)c1ccc(OCC(O)CN2CCC3(CC2)Cc2cc(Cl)ccc2O3)c(C(=O)C(O)CCCCOc2ccc3cc(OCc4ccccc4)c(N4CC(=O)NS4(=O)=O)c(F)c3c2)c1,7.210165762144646,4.836,round5,test,66
BGJPEIUDKQMQIJ-UHFFFAOYSA-N__KQXJCTJAUZBYPX-UHFFFAOYSA-N,holdout,CC(C1=C(C=CC(=C1)OCC2=C(CCOC2)C3CCCC3)CCC=O)(F)F,CCCOC(=O)C1=C(SC(=CC2=CC(=C(C=C2C#C)C=O)C#C)S1)C(=O)OCCC,C#Cc1cc(C(O)C(=O)CCc2ccc(OCC3=C(C4CCCC4)CCOC3)cc2C(C)(F)F)c(C#C)cc1C=C1SC(C(=O)OCCC)=C(C(=O)OCCC)S1,11.597680116629258,-1.7532,round5,test,57
RELUMLJTOTXIOL-KEJFTWOCSA-N__NGEUJVZUMQQHGS-UHFFFAOYSA-N,holdout,CC(C)(C)[Si](C1=CC=CC=C1)(C2=CC=CC=C2)OC[C@@H]3[C@H]([C@H]4C[C@@H](O[C@H]4O3)OC)C=O,CC1=C(C(=CC=C1)C=O)NC(=O)CN2CCC(CC2)CC3=CC=CC=C3,COC1CC2C(O1)OC(CO[Si](c1ccccc1)(c1ccccc1)C(C)(C)C)C2C(=O)C(O)c1cccc(C)c1NC(=O)CN1CCC(Cc2ccccc2)CC1,9.347732566126751,11.0106,round5,test,57
NGYYMLQTJUHGOE-UHFFFAOYSA-N__IVTFZSRXVLJEIZ-UHFFFAOYSA-N,holdout,CCCCCC1C2=C(C(N1)C=O)C(=CC(=C2)NC3=NC=NC(=C3OC(F)F)N)C,CC(=O)N1CCC(CC1)C(=O)NC2=NC=C(C=N2)C3=CC=CC(=C3F)C=O,CCCCCC1NC(C(=O)C(O)c2cccc(-c3cnc(NC(=O)C4CCN(C(C)=O)CC4)nc3)c2F)c2c(C)cc(Nc3ncnc(N)c3OC(F)F)cc21,20.38883172128928,13.0306,round5,test,56
IVTFZSRXVLJEIZ-UHFFFAOYSA-N__NGYYMLQTJUHGOE-UHFFFAOYSA-N,holdout,CC(=O)N1CCC(CC1)C(=O)NC2=NC=C(C=N2)C3=CC=CC(=C3F)C=O,CCCCCC1C2=C(C(N1)C=O)C(=CC(=C2)NC3=NC=NC(=C3OC(F)F)N)C,CCCCCC1NC(C(O)C(=O)c2cccc(-c3cnc(NC(=O)C4CCN(C(C)=O)CC4)nc3)c2F)c2c(C)cc(Nc3ncnc(N)c3OC(F)F)cc21,13.797133514945523,11.196,round5,test,56
PFSOSKUSTPEJCM-UHFFFAOYSA-N__RBEGMPAFDRYYIG-ZXXMMSQZSA-N,holdout,CC(C)(C)C1=CC=C(C=C1)N2C3=C(C=C(C=C3)C4=CC=C(S4)C5=CC=C(C=C5)C=O)C6=CC=CC=C62,C([C@H]([C@@H]([C@H]([C@@H](C=O)Cl)O)O)O)O,CC(C)(C)c1ccc(-n2c3ccccc3c3cc(-c4ccc(-c5ccc(C(=O)C(O)C(Cl)C(O)C(O)C(O)CO)cc5)s4)ccc32)cc1,-5.23819764536823,-2.5303,round5,test,48
RBEGMPAFDRYYIG-ZXXMMSQZSA-N__PFSOSKUSTPEJCM-UHFFFAOYSA-N,holdout,C([C@H]([C@@H]([C@H]([C@@H](C=O)Cl)O)O)O)O,CC(C)(C)C1=CC=C(C=C1)N2C3=C(C=C(C=C3)C4=CC=C(S4)C5=CC=C(C=C5)C=O)C6=CC=CC=C62,CC(C)(C)c1ccc(-n2c3ccccc3c3cc(-c4ccc(-c5ccc(C(O)C(=O)C(Cl)C(O)C(O)C(O)CO)cc5)s4)ccc32)cc1,-1.626649291231161,-0.8413,round5,test,48
CZXDSNKKFLOUOD-UHFFFAOYSA-N__UUXFCTBPGRICST-UHFFFAOYSA-N,holdout,C1CC(C(N(C1)C2C(CO2)N3CCC4=C(C3)NN=C4C=O)Cl)C5=CC=C(C=C5)F,C1CC1C(C=O)OC2=CC=C(C=C2)CC=NOCC3=CSC(=N3)C(F)(F)F,O=C(c1n[nH]c2c1CCN(C1COC1N1CCCC(c3ccc(F)cc3)C1Cl)C2)C(O)C(Oc1ccc(CC=NOCc2csc(C(F)(F)F)n2)cc1)C1CC1,5.598795021871092,-1.4422,round5,test,56
UUXFCTBPGRICST-UHFFFAOYSA-N__CZXDSNKKFLOUOD-UHFFFAOYSA-N,holdout,C1CC1C(C=O)OC2=CC=C(C=C2)CC=NOCC3=CSC(=N3)C(F)(F)F,C1CC(C(N(C1)C2C(CO2)N3CCC4=C(C3)NN=C4C=O)Cl)C5=CC=C(C=C5)F,O=C(C(O)c1n[nH]c2c1CCN(C1COC1N1CCCC(c3ccc(F)cc3)C1Cl)C2)C(Oc1ccc(CC=NOCc2csc(C(F)(F)F)n2)cc1)C1CC1,5.634161228774588,-3.1347,round5,test,56
QTLOYOSKGRNTNQ-XLUWADSXSA-N__VNTBKCIYXAOXDV-UHFFFAOYSA-N,holdout,C1=CC(=CC=C1C2=C(C3=C(O2)C=CC(=C3)/C=C/C(=O)C4=C(C=C(C=C4)O)O)C=O)O,CCOC(=O)C1C(N=C(C(C1C2=CC=CC=C2C(F)(F)F)C(=O)OCC)C)C=O,CCOC(=O)C1C(C)=NC(C(O)C(=O)c2c(-c3ccc(O)cc3)oc3ccc(C=CC(=O)c4ccc(O)cc4O)cc23)C(C(=O)OCC)C1c1ccccc1C(F)(F)F,8.297353637744475,4.5887,round5,test,59
VNTBKCIYXAOXDV-UHFFFAOYSA-N__QTLOYOSKGRNTNQ-XLUWADSXSA-N,holdout,CCOC(=O)C1C(N=C(C(C1C2=CC=CC=C2C(F)(F)F)C(=O)OCC)C)C=O,C1=CC(=CC=C1C2=C(C3=C(O2)C=CC(=C3)/C=C/C(=O)C4=C(C=C(C=C4)O)O)C=O)O,CCOC(=O)C1C(C)=NC(C(=O)C(O)c2c(-c3ccc(O)cc3)oc3ccc(C=CC(=O)c4ccc(O)cc4O)cc23)C(C(=O)OCC)C1c1ccccc1C(F)(F)F,11.872653111920652,5.5152,round5,test,59
TWLBMGJXMCEYFN-AWEZNQCLSA-N__LBGPZUKQSJHJML-UHFFFAOYSA-N,holdout,C1[C@@H](OC(=O)N1C2=CC(=C(C=C2)N3C=CC(=C3)C=O)F)CN4C=CN=N4,C1CC2=C(C=CC=C2N(C1)CCOC3=CC=CC=C3)CNC4=CC(=C(C=C4)CCC=O)F,O=C(c1ccn(-c2ccc(N3CC(Cn4ccnn4)OC3=O)cc2F)c1)C(O)CCc1ccc(NCc2cccc3c2CCCN3CCOc2ccccc2)cc1F,6.720198755413976,-3.2544,round5,test,58
LBGPZUKQSJHJML-UHFFFAOYSA-N__TWLBMGJXMCEYFN-AWEZNQCLSA-N,holdout,C1CC2=C(C=CC=C2N(C1)CCOC3=CC=CC=C3)CNC4=CC(=C(C=C4)CCC=O)F,C1[C@@H](OC(=O)N1C2=CC(=C(C=C2)N3C=CC(=C3)C=O)F)CN4C=CN=N4,O=C(CCc1ccc(NCc2cccc3c2CCCN3CCOc2ccccc2)cc1F)C(O)c1ccn(-c2ccc(N3CC(Cn4ccnn4)OC3=O)cc2F)c1,9.729516072683904,8.4508,round5,test,58
NPABCQFFQVXDLG-UHFFFAOYSA-N__WYPHOQDLVAXAIR-VCOUNFBDSA-N,holdout,C1=CN=C2C(=C1C=O)C(=O)C3=C(C2=O)C=C(S3)[N+](=O)[O-],C[C@H]1CN(CCN1CC[C@H]2CC3(CCN(CC3)C[C@@H](C=O)NC(=O)O)C(=O)O2)C4=CC=C(C=C4)F,CC1CN(c2ccc(F)cc2)CCN1CCC1CC2(CCN(CC(NC(=O)O)C(O)C(=O)c3ccnc4c3C(=O)c3sc([N+](=O)[O-])cc3C4=O)CC2)C(=O)O1,-2.861062608895652,0.8298,round5,test,55
WYPHOQDLVAXAIR-VCOUNFBDSA-N__NPABCQFFQVXDLG-UHFFFAOYSA-N,holdout,C[C@H]1CN(CCN1CC[C@H]2CC3(CCN(CC3)C[C@@H](C=O)NC(=O)O)C(=O)O2)C4=CC=C(C=C4)F,C1=CN=C2C(=C1C=O)C(=O)C3=C(C2=O)C=C(S3)[N+](=O)[O-],CC1CN(c2ccc(F)cc2)CCN1CCC1CC2(CCN(CC(NC(=O)O)C(=O)C(O)c3ccnc4c3C(=O)c3sc([N+](=O)[O-])cc3C4=O)CC2)C(=O)O1,-3.59595327793544,-0.1404,round5,test,55
ZHTSFFDKBMTMHL-KZXIYFNPSA-N__DVZOTPTWGMMMMR-UHFFFAOYSA-N,holdout,C[C@@H]1[C@H]2CN(CCC2CC3=C1C4=C(N3)C=CC(=C4)C(F)(F)F)CCC(C)(C)C=O,CCCCNC1=NC=NC2=C1C(=CN2)C3=CC(=NC(=C3C=O)F)NC4=CN=C(C=C4)CC,CCCCNc1ncnc2[nH]cc(-c3cc(Nc4ccc(CC)nc4)nc(F)c3C(O)C(=O)C(C)(C)CCN3CCC4Cc5[nH]c6ccc(C(F)(F)F)cc6c5C(C)C4C3)c12,4.862081049452916,6.9399,round5,test,61
DVZOTPTWGMMMMR-UHFFFAOYSA-N__ZHTSFFDKBMTMHL-KZXIYFNPSA-N,holdout,CCCCNC1=NC=NC2=C1C(=CN2)C3=CC(=NC(=C3C=O)F)NC4=CN=C(C=C4)CC,C[C@@H]1[C@H]2CN(CCC2CC3=C1C4=C(N3)C=CC(=C4)C(F)(F)F)CCC(C)(C)C=O,CCCCNc1ncnc2[nH]cc(-c3cc(Nc4ccc(CC)nc4)nc(F)c3C(=O)C(O)C(C)(C)CCN3CCC4Cc5[nH]c6ccc(C(F)(F)F)cc6c5C(C)C4C3)c12,12.160798416358416,8.5385,round5,test,61
WILBMIGTHHPJGE-UHFFFAOYSA-N__GZDRFXRXSHSAQU-UHFFFAOYSA-N,holdout,CN(CC1=C(C=CN=C1C2=C(C=CC=N2)O)C=O)C3=CC=C(C=C3)F,C1CN(CCN1)C2=C(C=C(C=C2)F)NC(C3=CC=CC=C3)C(C=O)NC(=O)C4=CC=CC=C4F,CN(Cc1c(C(=O)C(O)C(NC(=O)c2ccccc2F)C(Nc2cc(F)ccc2N2CCNCC2)c2ccccc2)ccnc1-c1ncccc1O)c1ccc(F)cc1,3.526261181222464,-0.5801,round5,test,59
GZDRFXRXSHSAQU-UHFFFAOYSA-N__WILBMIGTHHPJGE-UHFFFAOYSA-N,holdout,C1CN(CCN1)C2=C(C=C(C=C2)F)NC(C3=CC=CC=C3)C(C=O)NC(=O)C4=CC=CC=C4F,CN(CC1=C(C=CN=C1C2=C(C=CC=N2)O)C=O)C3=CC=C(C=C3)F,CN(Cc1c(C(O)C(=O)C(NC(=O)c2ccccc2F)C(Nc2cc(F)ccc2N2CCNCC2)c2ccccc2)ccnc1-c1ncccc1O)c1ccc(F)cc1,10.25738472480376,5.3581,round5,test,59
HMGYKXSHMZADER-UHFFFAOYSA-N__UTIOXIXWTMRAJY-UHFFFAOYSA-N,holdout,COC1=CC2=C(C=C1)C3=C(N2)C(=C(C(=C3)C=O)O)C4=C(C=C5C6=CC=CC=C6NC5=C4O)C(=O)OC,C1CCC(C1)OC2=C3C(=C(C=C2)C=O)C4=C(O3)C=CC(=C4)[N+](=O)[O-],COC(=O)c1cc2c([nH]c3ccccc32)c(O)c1-c1c(O)c(C(=O)C(O)c2ccc(OC3CCCC3)c3oc4ccc([N+](=O)[O-])cc4c23)cc2c1[nH]c1cc(OC)ccc12,6.600295712899026,2.8617,round5,test,60
UTIOXIXWTMRAJY-UHFFFAOYSA-N__HMGYKXSHMZADER-UHFFFAOYSA-N,holdout,C1CCC(C1)OC2=C3C(=C(C=C2)C=O)C4=C(O3)C=CC(=C4)[N+](=O)[O-],COC1=CC2=C(C=C1)C3=C(N2)C(=C(C(=C3)C=O)O)C4=C(C=C5C6=CC=CC=C6NC5=C4O)C(=O)OC,COC(=O)c1cc2c([nH]c3ccccc32)c(O)c1-c1c(O)c(C(O)C(=O)c2ccc(OC3CCCC3)c3oc4ccc([N+](=O)[O-])cc4c23)cc2c1[nH]c1cc(OC)ccc12,21.81340874440642,2.2346,round5,test,60
PLHQJMMJHRNBBU-UHFFFAOYSA-N__MCUSXPKPSJJCRJ-UHFFFAOYSA-N,holdout,CC1=CC=C(O1)C2=C3C(=C(C4=CC=CC=C42)C=O)C=C(O3)C,CC1=C(C(=C(C(=C1F)NSC2=CC=CC(=C2)C=O)F)C)C(=O)N3CCCCC3,Cc1ccc(-c2c3ccccc3c(C(=O)C(O)c3cccc(SNc4c(F)c(C)c(C(=O)N5CCCCC5)c(C)c4F)c3)c3cc(C)oc23)o1,12.660731352819784,1.8689,round5,test,50
VHXBGYVNTJKZTQ-UHFFFAOYSA-N__LSDMECALDBHJTM-UHFFFAOYSA-N,holdout,COC1=C(C=CC(=C1)C2=CC=CC=C2C=O)OCCCN3CCC(CC3)C4=NOC5=C4C(=CC=C5)F,CN1CCN(CC1)C2=C(C=C(C=C2)NC(=O)C3CCN(CC3)C4=CC=C(C=C4)C=O)F,COc1cc(-c2ccccc2C(=O)C(O)c2ccc(N3CCC(C(=O)Nc4ccc(N5CCN(C)CC5)c(F)c4)CC3)cc2)ccc1OCCCN1CCC(c2noc3cccc(F)c23)CC1,22.55743746960848,14.3966,round5,test,67
LSDMECALDBHJTM-UHFFFAOYSA-N__VHXBGYVNTJKZTQ-UHFFFAOYSA-N,holdout,CN1CCN(CC1)C2=C(C=C(C=C2)NC(=O)C3CCN(CC3)C4=CC=C(C=C4)C=O)F,COC1=C(C=CC(=C1)C2=CC=CC=C2C=O)OCCCN3CCC(CC3)C4=NOC5=C4C(=CC=C5)F,COc1cc(-c2ccccc2C(O)C(=O)c2ccc(N3CCC(C(=O)Nc4ccc(N5CCN(C)CC5)c(F)c4)CC3)cc2)ccc1OCCCN1CCC(c2noc3cccc(F)c23)CC1,10.18589644715998,7.4009,round5,test,67
FNDWKBHKLMHYNH-UHFFFAOYSA-N__NBYDKJUGTVRMPV-FQEVSTJZSA-N,holdout,C1=C(C=C(C=C1C=O)OC(F)(F)F)CC2=CN(N=C2)PI,CC(=O)NC[C@H]1CN(C(=O)O1)C2=CC(=C(C=C2)N3CCN(CC3)C(=O)C=CC4=CC=C(O4)C=O)F,CC(=O)NCC1CN(c2ccc(N3CCN(C(=O)C=Cc4ccc(C(O)C(=O)c5cc(Cc6cnn(PI)c6)cc(OC(F)(F)F)c5)o4)CC3)c(F)c2)C(=O)O1,21.544747542340254,10.8376,round5,test,56
OTLPCSJIDGYRJG-UHFFFAOYSA-N__CPNNNJZYRQEVNU-UHFFFAOYSA-N,holdout,C1C(C=NC2=CC=CC=C21)C3=C4N=C(C=C(N4N=C3)N(SF)SF)C=O,C=C(COC1=C(C=CC(=C1)Cl)C=O)C2=CC=C(C=C2)Cl,C=C(COc1cc(Cl)ccc1C(O)C(=O)c1cc(N(SF)SF)n2ncc(C3C=Nc4ccccc4C3)c2n1)c1ccc(Cl)cc1,16.55535360579704,5.3152,round5,test,46
NVUREPBDWVLORQ-UHFFFAOYSA-N__WLTXYFHYNJZDPO-YYODJPADSA-N,holdout,C1C2CC1(C3=C(N2C(=O)NC4=NC=C(C(=C4)NC5CNC5)C#N)N=C(C=C3)C=O)F,C1C[C@H]2C=C[C@@H]1C2NC3=C(C(=C(C(=C3F)F)C=O)F)F,N#Cc1cnc(NC(=O)N2c3nc(C(=O)C(O)c4c(F)c(F)c(NC5C6C=CC5CC6)c(F)c4F)ccc3C3(F)CC2C3)cc1NC1CNC1,6.719408986591541,4.6761,round5,test,50
WLTXYFHYNJZDPO-YYODJPADSA-N__NVUREPBDWVLORQ-UHFFFAOYSA-N,holdout,C1C[C@H]2C=C[C@@H]1C2NC3=C(C(=C(C(=C3F)F)C=O)F)F,C1C2CC1(C3=C(N2C(=O)NC4=NC=C(C(=C4)NC5CNC5)C#N)N=C(C=C3)C=O)F,N#Cc1cnc(NC(=O)N2c3nc(C(O)C(=O)c4c(F)c(F)c(NC5C6C=CC5CC6)c(F)c4F)ccc3C3(F)CC2C3)cc1NC1CNC1,13.940793505860322,1.853,round5,test,50
OGJQIOIIMVVCNI-NVLHYJFRSA-N__HMYUHDIGJAXXGU-UHFFFAOYSA-N,holdout,C[C@]12CC[C@H]3[C@H]([C@@H]1CC[C@@H]2OCC4=CC=CC=C4)CCC5=CC(=C(C=C35)C=O)OCC6=CC=CC=C6,CNCNC1=NC(=NC2=C1C3=C(N2)C(=CC(=C3)F)NC)OC4=CN=CC(=C4)C=O,CNCNc1nc(Oc2cncc(C(O)C(=O)c3cc4c(cc3OCc3ccccc3)CCC3C4CCC4(C)C(OCc5ccccc5)CCC34)c2)nc2[nH]c3c(NC)cc(F)cc3c12,3.7567387394367375,6.3427,round5,test,65
HMYUHDIGJAXXGU-UHFFFAOYSA-N__OGJQIOIIMVVCNI-NVLHYJFRSA-N,holdout,CNCNC1=NC(=NC2=C1C3=C(N2)C(=CC(=C3)F)NC)OC4=CN=CC(=C4)C=O,C[C@]12CC[C@H]3[C@H]([C@@H]1CC[C@@H]2OCC4=CC=CC=C4)CCC5=CC(=C(C=C35)C=O)OCC6=CC=CC=C6,CNCNc1nc(Oc2cncc(C(=O)C(O)c3cc4c(cc3OCc3ccccc3)CCC3C4CCC4(C)C(OCc5ccccc5)CCC34)c2)nc2[nH]c3c(NC)cc(F)cc3c12,11.92327212746945,7.09,round5,test,65
QRPZPCSXPJIVIJ-UHFFFAOYSA-N__AURNBZNZWOPUSH-UHFFFAOYSA-N,holdout,CS(=O)(=O)C1=NN=C(C=C1)N2C(=C(C(=N2)C(F)F)C=O)NCC3=CC=CC=C3,CC(C1=C(C=CC(=C1)F)OCCNC(=O)OC(C)(C)C)OC2=NN3C(=NC=C3C=O)C=C2,CC(Oc1ccc2ncc(C(O)C(=O)c3c(C(F)F)nn(-c4ccc(S(C)(=O)=O)nn4)c3NCc3ccccc3)n2n1)c1cc(F)ccc1OCCNC(=O)OC(C)(C)C,12.65382721846013,4.3453,round5,test,60
AURNBZNZWOPUSH-UHFFFAOYSA-N__IHMYPEVMLKWGJZ-UHFFFAOYSA-N,holdout,CC(C1=C(C=CC(=C1)F)OCCNC(=O)OC(C)(C)C)OC2=NN3C(=NC=C3C=O)C=C2,C1=CC=C(C=C1)C(=C(CC2=CC=C(C=C2)S(=O)(=O)N)C(=NC3=NC(=CS3)C=O)C(F)(F)F)N,CC(Oc1ccc2ncc(C(=O)C(O)c3csc(N=C(C(Cc4ccc(S(N)(=O)=O)cc4)=C(N)c4ccccc4)C(F)(F)F)n3)n2n1)c1cc(F)ccc1OCCNC(=O)OC(C)(C)C,11.658395313691546,2.1075,round5,test,65
IHMYPEVMLKWGJZ-UHFFFAOYSA-N__AURNBZNZWOPUSH-UHFFFAOYSA-N,holdout,C1=CC=C(C=C1)C(=C(CC2=CC=C(C=C2)S(=O)(=O)N)C(=NC3=NC(=CS3)C=O)C(F)(F)F)N,CC(C1=C(C=CC(=C1)F)OCCNC(=O)OC(C)(C)C)OC2=NN3C(=NC=C3C=O)C=C2,CC(Oc1ccc2ncc(C(O)C(=O)c3csc(N=C(C(Cc4ccc(S(N)(=O)=O)cc4)=C(N)c4ccccc4)C(F)(F)F)n3)n2n1)c1cc(F)ccc1OCCNC(=O)OC(C)(C)C,8.49365892320997,-3.4523,round5,test,65
QRPZPCSXPJIVIJ-UHFFFAOYSA-N__GQARTARCLXCWLH-UHFFFAOYSA-N,holdout,CS(=O)(=O)C1=NN=C(C=C1)N2C(=C(C(=N2)C(F)F)C=O)NCC3=CC=CC=C3,CC1=CC=C(C=C1)S(=O)(=O)NC2=C(SC(=C2)C=O)C3=CC=C(C=C3)F,Cc1ccc(S(=O)(=O)Nc2cc(C(O)C(=O)c3c(C(F)F)nn(-c4ccc(S(C)(=O)=O)nn4)c3NCc3ccccc3)sc2-c2ccc(F)cc2)cc1,11.41446220470489,5.8897,round5,test,53
GQARTARCLXCWLH-UHFFFAOYSA-N__QRPZPCSXPJIVIJ-UHFFFAOYSA-N,holdout,CC1=CC=C(C=C1)S(=O)(=O)NC2=C(SC(=C2)C=O)C3=CC=C(C=C3)F,CS(=O)(=O)C1=NN=C(C=C1)N2C(=C(C(=N2)C(F)F)C=O)NCC3=CC=CC=C3,Cc1ccc(S(=O)(=O)Nc2cc(C(=O)C(O)c3c(C(F)F)nn(-c4ccc(S(C)(=O)=O)nn4)c3NCc3ccccc3)sc2-c2ccc(F)cc2)cc1,9.542565664872852,3.6839,round5,test,53
ANCJMJLYTZZZSR-UHFFFAOYSA-N__VQYIVPLDQGLTLA-UHFFFAOYSA-N,holdout,CC(C1=CC(=C(C=C1)C(C2CC2)N3C(=C(C(=N3)CO)C=O)NC(=NC)N(C)C)F)(F)F,CC(C)C1=C(C(=C(N1)C2=CC=CC=C2)C3=CC(=C(C=C3)F)OC4=CC=CC=C4)C=O,CN=C(Nc1c(C(=O)C(O)c2c(C(C)C)[nH]c(-c3ccccc3)c2-c2ccc(F)c(Oc3ccccc3)c2)c(CO)nn1C(c1ccc(C(C)(F)F)cc1F)C1CC1)N(C)C,8.83298260932792,3.578,round5,test,61
VQYIVPLDQGLTLA-UHFFFAOYSA-N__ANCJMJLYTZZZSR-UHFFFAOYSA-N,holdout,CC(C)C1=C(C(=C(N1)C2=CC=CC=C2)C3=CC(=C(C=C3)F)OC4=CC=CC=C4)C=O,CC(C1=CC(=C(C=C1)C(C2CC2)N3C(=C(C(=N3)CO)C=O)NC(=NC)N(C)C)F)(F)F,CN=C(Nc1c(C(O)C(=O)c2c(C(C)C)[nH]c(-c3ccccc3)c2-c2ccc(F)c(Oc3ccccc3)c2)c(CO)nn1C(c1ccc(C(C)(F)F)cc1F)C1CC1)N(C)C,15.138148133602076,3.3382,round5,test,61
ADACZSUCPQRGNU-OQMKEHIESA-N__MTUYEWKXSIOKJY-UHFFFAOYSA-N,holdout,CC(=O)O[C@@H]1CO[C@H]([C@@H]([C@H]1OC(=O)C)OC(=O)C)NC2=C(C(=O)NC(=N2)SC)C=O,C1=CC(=CC=C1CN2C(=NC3=C2N=C(NC3=O)N)C=O)F,CSc1nc(NC2OCC(OC(C)=O)C(OC(C)=O)C2OC(C)=O)c(C(=O)C(O)c2nc3c(=O)[nH]c(N)nc3n2Cc2ccc(F)cc2)c(=O)[nH]1,7.173232089963294,-1.0319,round5,test,51
MTUYEWKXSIOKJY-UHFFFAOYSA-N__ADACZSUCPQRGNU-OQMKEHIESA-N,holdout,C1=CC(=CC=C1CN2C(=NC3=C2N=C(NC3=O)N)C=O)F,CC(=O)O[C@@H]1CO[C@H]([C@@H]([C@H]1OC(=O)C)OC(=O)C)NC2=C(C(=O)NC(=N2)SC)C=O,CSc1nc(NC2OCC(OC(C)=O)C(OC(C)=O)C2OC(C)=O)c(C(O)C(=O)c2nc3c(=O)[nH]c(N)nc3n2Cc2ccc(F)cc2)c(=O)[nH]1,11.020682498394368,2.6795,round5,test,51
RSLLMRKKPRKJNB-FKSUSPILSA-N__XMTCKNXTTXDPJX-UWTATZPHSA-N,holdout,C[C@@H]([C@H]([C@H]([C@@H](C=O)OC)O)OC)O,C(=O)[C@H](C(=O)O)N,COC(C(=O)C(O)C(N)C(=O)O)C(O)C(OC)C(C)O,-3.4981170243308206,-5.5503,round5,test,20
SEQBGRULMRPZNS-UHFFFAOYSA-N__DLXQOEMPGBXWLY-UHFFFAOYSA-N,holdout,COC1=CC2=C(C(=C1)OC)C(=O)C(O2)(C3=CC=C(C=C3)Br)C(CC=O)C4=CC(=CC=C4)F,CCCCCC(CC=O)CC(C1=CC=CC=C1)C(=O)OCC2=CC=CC=C2,CCCCCC(CC(O)C(=O)CC(c1cccc(F)c1)C1(c2ccc(Br)cc2)Oc2cc(OC)cc(OC)c2C1=O)CC(C(=O)OCc1ccccc1)c1ccccc1,7.794308457851375,3.6666,round5,test,59
SYTIDGYCWXVPDQ-UHFFFAOYSA-N__DKMHDLGRAJXZCT-UHFFFAOYSA-N,holdout,CC(CSCCCCCCC(F)(F)F)C=O,C=C1N(C(C2(N1C3=CC=C(C=C3)CCCC=O)CCC2)O)C4=CC(=C(C=C4)C#N)C(F)(F)F,C=C1N(c2ccc(C#N)c(C(F)(F)F)c2)C(O)C2(CCC2)N1c1ccc(CCCC(O)C(=O)C(C)CSCCCCCCC(F)(F)F)cc1,-3.4423915006928136,0.6225,round5,test,49
IUSUPGUYBHINDX-UHFFFAOYSA-N__ONPHXFYCKYFLLS-ZHACJKMWSA-N,holdout,C1=CC=C(C(=C1)C(C=O)C2=COC3=C(C2=O)C=CC(=C3)O)O,CC1CC(C(C(C1C)/C=C/C2=NC=C(C=C2)C3=CC=CC=C3F)C(C)O)(C=O)O,CC(O)C1C(C=Cc2ccc(-c3ccccc3F)cn2)C(C)C(C)CC1(O)C(O)C(=O)C(c1ccccc1O)c1coc2cc(O)ccc2c1=O,1.282214027063602,-8.1522,round5,test,51
RCLPEWUTLHKIPM-UHFFFAOYSA-N__DLROQONKWFTULX-UHFFFAOYSA-N,holdout,C(C=O)C(C(C(C(C(F)(F)Cl)(F)F)(F)F)(F)F)(F)F,CCCCNC(C)CC=O,CCCCNC(C)CC(O)C(=O)CC(F)(F)C(F)(F)C(F)(F)C(F)(F)C(F)(F)Cl,-1.5957022007252462,3.2644,round5,test,29
BUINBYHSMCIDIA-HCVVJDORSA-N__SVAQNPABCZRVFL-UHFFFAOYSA-N,holdout,C[C@@]12CC3=C(C[C@@H]1C2(F)F)C(=NN3)C(=O)NC4=CN(N=C4)C5CCC(CC5)C=O,CN(CC1=CC=C(C=C1)NSC2=CC=CC=C2F)C(=NC(C=O)(C3=CC=CC=C3)C4=CC=CC=C4)N,CN(Cc1ccc(NSc2ccccc2F)cc1)C(N)=NC(c1ccccc1)(c1ccccc1)C(O)C(=O)C1CCC(n2cc(NC(=O)c3n[nH]c4c3CC3C(F)(F)C3(C)C4)cn2)CC1,3.892297135522331,-1.3985,round5,test,65
XGTLTQWYERGEOY-UHFFFAOYSA-N__NHILUXLDLNWQLL-UHFFFAOYSA-N,holdout,CC1(CCN(CC1)C(=O)C2=C(C=CC(=C2)CC3=NNC(C4=CC=CC=C43)C=O)F)O,CC(C)CC(C(=O)NC(CCC1=CC=CC=C1)C=O)NC(=O)OCC2=CC=CC=C2,CC(C)CC(NC(=O)OCc1ccccc1)C(=O)NC(CCc1ccccc1)C(O)C(=O)C1NN=C(Cc2ccc(F)c(C(=O)N3CCC(C)(O)CC3)c2)c2ccccc21,5.289176971819511,8.1126,round5,test,60
XMZCXDHDZDLJBC-RRKCRQDMSA-N__JKAUXWVZYOXNPW-IGVQRDAMSA-N,holdout,CO[C@H](CO)[C@@H]([C@H](C=O)OC)O,C1CNC(=O)[C@@H]1C[C@@H](C=O)NC(=O)[C@@H]2[C@@H]3C[C@H](N2C(=O)C4=CC5=CC=CC=C5N4)[C@H](C3)F,COC(CO)C(O)C(OC)C(=O)C(O)C(CC1CCNC1=O)NC(=O)C1C2CC(F)C(C2)N1C(=O)c1cc2ccccc2[nH]1,4.337923143212327,9.4558,round5,test,44
JKAUXWVZYOXNPW-IGVQRDAMSA-N__XMZCXDHDZDLJBC-RRKCRQDMSA-N,holdout,C1CNC(=O)[C@@H]1C[C@@H](C=O)NC(=O)[C@@H]2[C@@H]3C[C@H](N2C(=O)C4=CC5=CC=CC=C5N4)[C@H](C3)F,CO[C@H](CO)[C@@H]([C@H](C=O)OC)O,COC(CO)C(O)C(OC)C(O)C(=O)C(CC1CCNC1=O)NC(=O)C1C2CC(F)C(C2)N1C(=O)c1cc2ccccc2[nH]1,5.901373632727303,6.7341,round5,test,44
MGXCYUSPGOPKIR-UHFFFAOYSA-N__YVPPXSBJJNMJOU-UHFFFAOYSA-N,holdout,C1CC2C1C(C3=CC=CC=C3N2)C(C(C=O)C(=O)C4=CC=C(C=C4)F)(C(=O)O)N,C1CC1C2=NN=C3N2C4=C(C5=C(S4)CC(C5)C=O)C(=NC3)C6=C(C=CC=C6F)F,NC(C(=O)O)(C(C(=O)c1ccc(F)cc1)C(=O)C(O)C1Cc2sc3c(c2C1)C(c1c(F)cccc1F)=NCc1nnc(C2CC2)n1-3)C1c2ccccc2NC2CCC21,2.9534514979513857,-0.9961,round5,test,58
BRNJAHPTWFIDAS-UHFFFAOYSA-N__MFMGRPSKVVJIDV-JOCHJYFZSA-N,holdout,C1C(=O)NS(=O)(=O)N1C2=C(C=C3C=CC(=CC3=C2F)OCCCCC=O)OCC4=CC=CC=C4,CC(C)(C)C1=CC(=C(C=C1)OC[C@@H](CN2CCC3(CC2)CC4=C(O3)C=CC(=C4)Cl)O)C=O,CC(C)(C)c1ccc(OCC(O)CN2CCC3(CC2)Cc2cc(Cl)ccc2O3)c(C(O)C(=O)CCCCOc2ccc3cc(OCc4ccccc4)c(N4CC(=O)NS4(=O)=O)c(F)c3c2)c1,-3.0278769062130046,-1.6199,round5,test,66
MAHUNCFPSRMTEC-UHFFFAOYSA-N__NECCJAHQUVVSKI-UHFFFAOYSA-N,holdout,COC1=C(C=C(C=C1)C=O)CN2C3=CC=CC=C3N=N2,CC1=CC(=CC=C1)NC(=O)NCC(=O)N(C2=CC=CC=C2OC(F)(F)F)C(C=O)C(C)(C)C,COc1ccc(C(=O)C(O)C(N(C(=O)CNC(=O)Nc2cccc(C)c2)c2ccccc2OC(F)(F)F)C(C)(C)C)cc1Cn1nnc2ccccc21,12.52819222330728,-5.3057,round5,test,53
KQXJCTJAUZBYPX-UHFFFAOYSA-N__BGJPEIUDKQMQIJ-UHFFFAOYSA-N,holdout,CCCOC(=O)C1=C(SC(=CC2=CC(=C(C=C2C#C)C=O)C#C)S1)C(=O)OCCC,CC(C1=C(C=CC(=C1)OCC2=C(CCOC2)C3CCCC3)CCC=O)(F)F,C#Cc1cc(C(=O)C(O)CCc2ccc(OCC3=C(C4CCCC4)CCOC3)cc2C(C)(F)F)c(C#C)cc1C=C1SC(C(=O)OCCC)=C(C(=O)OCCC)S1,5.115662681026513,2.8014,round5,test,57
NECCJAHQUVVSKI-UHFFFAOYSA-N__MAHUNCFPSRMTEC-UHFFFAOYSA-N,holdout,CC1=CC(=CC=C1)NC(=O)NCC(=O)N(C2=CC=CC=C2OC(F)(F)F)C(C=O)C(C)(C)C,COC1=C(C=C(C=C1)C=O)CN2C3=CC=CC=C3N=N2,COc1ccc(C(O)C(=O)C(N(C(=O)CNC(=O)Nc2cccc(C)c2)c2ccccc2OC(F)(F)F)C(C)(C)C)cc1Cn1nnc2ccccc21,8.975567447395713,-7.7652,round5,test,53
NGEUJVZUMQQHGS-UHFFFAOYSA-N__RELUMLJTOTXIOL-KEJFTWOCSA-N,holdout,CC1=C(C(=CC=C1)C=O)NC(=O)CN2CCC(CC2)CC3=CC=CC=C3,CC(C)(C)[Si](C1=CC=CC=C1)(C2=CC=CC=C2)OC[C@@H]3[C@H]([C@H]4C[C@@H](O[C@H]4O3)OC)C=O,COC1CC2C(O1)OC(CO[Si](c1ccccc1)(c1ccccc1)C(C)(C)C)C2C(O)C(=O)c1cccc(C)c1NC(=O)CN1CCC(Cc2ccccc2)CC1,4.794784780262267,1.876,round5,test,57
IXLOVRRUGOPNHY-FXQIFTODSA-N__RPVIFCITANOBNN-UHFFFAOYSA-N,holdout,COC[C@@H]([C@@H]([C@H](C=O)OC)OC)O,C1=CC(=CC=C1C2=C(C3=C(N2)C(=CC(=C3)F)F)N4C=C(N=N4)C=O)F,COCC(O)C(OC)C(OC)C(=O)C(O)c1cn(-c2c(-c3ccc(F)cc3)[nH]c3c(F)cc(F)cc23)nn1,1.306742891131018,1.9686,round5,test,38
RPVIFCITANOBNN-UHFFFAOYSA-N__IXLOVRRUGOPNHY-FXQIFTODSA-N,holdout,C1=CC(=CC=C1C2=C(C3=C(N2)C(=CC(=C3)F)F)N4C=C(N=N4)C=O)F,COC[C@@H]([C@@H]([C@H](C=O)OC)OC)O,COCC(O)C(OC)C(OC)C(O)C(=O)c1cn(-c2c(-c3ccc(F)cc3)[nH]c3c(F)cc(F)cc23)nn1,2.4156400924002224,1.6307,round5,test,38
ZAACGSZWWVLDTP-UHFFFAOYSA-N__VAKDUZCAARAULJ-UHFFFAOYSA-N,holdout,COC1=NN=C(C=C1CN2C(=O)C=C(N=C2OC3=CC(=CC(=C3)C#N)Cl)C(F)(F)F)C=O,B1(OC(C(O1)(C)C)(C)C)C(CC=O)C2=CC=CC=C2,COc1nnc(C(=O)C(O)CC(B2OC(C)(C)C(C)(C)O2)c2ccccc2)cc1Cn1c(Oc2cc(Cl)cc(C#N)c2)nc(C(F)(F)F)cc1=O,2.111189622600988,2.459,round5,test,51
VAKDUZCAARAULJ-UHFFFAOYSA-N__ZAACGSZWWVLDTP-UHFFFAOYSA-N,holdout,B1(OC(C(O1)(C)C)(C)C)C(CC=O)C2=CC=CC=C2,COC1=NN=C(C=C1CN2C(=O)C=C(N=C2OC3=CC(=CC(=C3)C#N)Cl)C(F)(F)F)C=O,COc1nnc(C(O)C(=O)CC(B2OC(C)(C)C(C)(C)O2)c2ccccc2)cc1Cn1c(Oc2cc(Cl)cc(C#N)c2)nc(C(F)(F)F)cc1=O,6.019013789503799,-3.2689,round5,test,51
KLEMWJAENDROHL-YAUNCSCZSA-N__JKENXCNDSIIEMA-FCHUYYIVSA-N,holdout,C1=C2C(=C(C(=C1Cl)Cl)[C@H]3[C@@H]([C@@H]([C@H](O3)CF)O)O)C(=C(N2)Cl)C=O,C1=CC=C(C=C1)[C@H](CC=O)[C@H](C(=O)C2=CC=CC=C2)NC3=CC=C(C=C3)Br,O=C(c1c(Cl)[nH]c2cc(Cl)c(Cl)c(C3OC(CF)C(O)C3O)c12)C(O)CC(c1ccccc1)C(Nc1ccc(Br)cc1)C(=O)c1ccccc1,7.578016788092856,6.7235,round5,test,50
JKENXCNDSIIEMA-FCHUYYIVSA-N__KLEMWJAENDROHL-YAUNCSCZSA-N,holdout,C1=CC=C(C=C1)[C@H](CC=O)[C@H](C(=O)C2=CC=CC=C2)NC3=CC=C(C=C3)Br,C1=C2C(=C(C(=C1Cl)Cl)[C@H]3[C@@H]([C@@H]([C@H](O3)CF)O)O)C(=C(N2)Cl)C=O,O=C(CC(c1ccccc1)C(Nc1ccc(Br)cc1)C(=O)c1ccccc1)C(O)c1c(Cl)[nH]c2cc(Cl)c(Cl)c(C3OC(CF)C(O)C3O)c12,5.359491403104061,4.9907,round5,test,50
MCUSXPKPSJJCRJ-UHFFFAOYSA-N__PLHQJMMJHRNBBU-UHFFFAOYSA-N,holdout,CC1=C(C(=C(C(=C1F)NSC2=CC=CC(=C2)C=O)F)C)C(=O)N3CCCCC3,CC1=CC=C(O1)C2=C3C(=C(C4=CC=CC=C42)C=O)C=C(O3)C,Cc1ccc(-c2c3ccccc3c(C(O)C(=O)c3cccc(SNc4c(F)c(C)c(C(=O)N5CCCCC5)c(C)c4F)c3)c3cc(C)oc23)o1,9.776045322221274,-0.2317,round5,test,50
NBYDKJUGTVRMPV-FQEVSTJZSA-N__FNDWKBHKLMHYNH-UHFFFAOYSA-N,holdout,CC(=O)NC[C@H]1CN(C(=O)O1)C2=CC(=C(C=C2)N3CCN(CC3)C(=O)C=CC4=CC=C(O4)C=O)F,C1=C(C=C(C=C1C=O)OC(F)(F)F)CC2=CN(N=C2)PI,CC(=O)NCC1CN(c2ccc(N3CCN(C(=O)C=Cc4ccc(C(=O)C(O)c5cc(Cc6cnn(PI)c6)cc(OC(F)(F)F)c5)o4)CC3)c(F)c2)C(=O)O1,17.307850081581567,13.5938,round5,test,56
CPNNNJZYRQEVNU-UHFFFAOYSA-N__OTLPCSJIDGYRJG-UHFFFAOYSA-N,holdout,C=C(COC1=C(C=CC(=C1)Cl)C=O)C2=CC=C(C=C2)Cl,C1C(C=NC2=CC=CC=C21)C3=C4N=C(C=C(N4N=C3)N(SF)SF)C=O,C=C(COc1cc(Cl)ccc1C(=O)C(O)c1cc(N(SF)SF)n2ncc(C3C=Nc4ccccc4C3)c2n1)c1ccc(Cl)cc1,15.23193983064882,3.7123,round5,test,46
AURNBZNZWOPUSH-UHFFFAOYSA-N__QRPZPCSXPJIVIJ-UHFFFAOYSA-N,holdout,CC(C1=C(C=CC(=C1)F)OCCNC(=O)OC(C)(C)C)OC2=NN3C(=NC=C3C=O)C=C2,CS(=O)(=O)C1=NN=C(C=C1)N2C(=C(C(=N2)C(F)F)C=O)NCC3=CC=CC=C3,CC(Oc1ccc2ncc(C(=O)C(O)c3c(C(F)F)nn(-c4ccc(S(C)(=O)=O)nn4)c3NCc3ccccc3)n2n1)c1cc(F)ccc1OCCNC(=O)OC(C)(C)C,12.40424442034597,3.6325,round5,test,60
FGPDPZPQBIFSDA-UHFFFAOYSA-N__CYDWMMLKYVFHAZ-UHFFFAOYSA-N,holdout,C1C2CC3CC1CC(C2)(C3)C4=C(C5=C(N4)C(=CC=C5)F)C=O,COC1=CC=CC=C1C(=O)NCC2=CC=C(C=C2)C3=NN(C(=C3C=O)N)C4=CC(=C(C=C4)F)F,COc1ccccc1C(=O)NCc1ccc(-c2nn(-c3ccc(F)c(F)c3)c(N)c2C(O)C(=O)c2c(C34CC5CC(CC(C5)C3)C4)[nH]c3c(F)cccc23)cc1,26.91557989854457,9.8527,round5,test,56
CYDWMMLKYVFHAZ-UHFFFAOYSA-N__FGPDPZPQBIFSDA-UHFFFAOYSA-N,holdout,COC1=CC=CC=C1C(=O)NCC2=CC=C(C=C2)C3=NN(C(=C3C=O)N)C4=CC(=C(C=C4)F)F,C1C2CC3CC1CC(C2)(C3)C4=C(C5=C(N4)C(=CC=C5)F)C=O,COc1ccccc1C(=O)NCc1ccc(-c2nn(-c3ccc(F)c(F)c3)c(N)c2C(=O)C(O)c2c(C34CC5CC(CC(C5)C3)C4)[nH]c3c(F)cccc23)cc1,22.79843836519968,9.714,round5,test,56
QWBWDVDEAGKENZ-UHFFFAOYSA-N__PFLPFKSORSLUOY-UHFFFAOYSA-N,holdout,C1=CC(=C(N=C1)SC2=NC=C(C=C2)C(F)(F)F)C=O,CCOC1=C(C(=C(C=C1C(C)N2C3=NC=NC(=C3C(=N2)C=O)N)Cl)F)C4CN(C4)C(C)(C)C,CCOc1c(C(C)n2nc(C(O)C(=O)c3cccnc3Sc3ccc(C(F)(F)F)cn3)c3c(N)ncnc32)cc(Cl)c(F)c1C1CN(C(C)(C)C)C1,10.516772974148292,-0.5292,round5,test,52
PFLPFKSORSLUOY-UHFFFAOYSA-N__QWBWDVDEAGKENZ-UHFFFAOYSA-N,holdout,CCOC1=C(C(=C(C=C1C(C)N2C3=NC=NC(=C3C(=N2)C=O)N)Cl)F)C4CN(C4)C(C)(C)C,C1=CC(=C(N=C1)SC2=NC=C(C=C2)C(F)(F)F)C=O,CCOc1c(C(C)n2nc(C(=O)C(O)c3cccnc3Sc3ccc(C(F)(F)F)cn3)c3c(N)ncnc32)cc(Cl)c(F)c1C1CN(C(C)(C)C)C1,2.310068004997836,-4.4603,round5,test,52
DLZIUYOHALCDSB-UHFFFAOYSA-N__GMQZLZQOLRFEDD-UHFFFAOYSA-N,holdout,CN1CC(C1)NC2=CC(=NC=C2C#N)NC(=O)N3C4CC(C4)(C5=C3N=C(C=C5)C=O)F,CCCCC1=CN(C(=O)N1CC2=C(C=CN=C2)C3=CC=CC=C3C4=NNN=N4)C5=C(C=CN5CC)C=O,CCCCc1cn(-c2c(C(O)C(=O)c3ccc4c(n3)N(C(=O)Nc3cc(NC5CN(C)C5)c(C#N)cn3)C3CC4(F)C3)ccn2CC)c(=O)n1Cc1cnccc1-c1ccccc1-c1nn[nH]n1,11.13980813423522,3.2716,round5,test,68
GMQZLZQOLRFEDD-UHFFFAOYSA-N__DLZIUYOHALCDSB-UHFFFAOYSA-N,holdout,CCCCC1=CN(C(=O)N1CC2=C(C=CN=C2)C3=CC=CC=C3C4=NNN=N4)C5=C(C=CN5CC)C=O,CN1CC(C1)NC2=CC(=NC=C2C#N)NC(=O)N3C4CC(C4)(C5=C3N=C(C=C5)C=O)F,CCCCc1cn(-c2c(C(=O)C(O)c3ccc4c(n3)N(C(=O)Nc3cc(NC5CN(C)C5)c(C#N)cn3)C3CC4(F)C3)ccn2CC)c(=O)n1Cc1cnccc1-c1ccccc1-c1nn[nH]n1,-1.004160002682985,2.6777,round5,test,68
XLYCASCOALLEHR-UHFFFAOYSA-N__ZNAWWXGCVLDPOE-UHFFFAOYSA-N,holdout,CC(C)N1CC(C(=O)C2=CC(=C(N=C21)Cl)F)C=O,CCCCCCCC(C)OCC=O,CCCCCCCC(C)OCC(O)C(=O)C1CN(C(C)C)c2nc(Cl)c(F)cc2C1=O,-1.7569750677079068,2.0474,round6,test,31
ZNAWWXGCVLDPOE-UHFFFAOYSA-N__XLYCASCOALLEHR-UHFFFAOYSA-N,holdout,CCCCCCCC(C)OCC=O,CC(C)N1CC(C(=O)C2=CC(=C(N=C21)Cl)F)C=O,CCCCCCCC(C)OCC(=O)C(O)C1CN(C(C)C)c2nc(Cl)c(F)cc2C1=O,-2.47267944525399,1.9327,round6,test,31
BJESSOFRDPVZBW-UHFFFAOYSA-N__NYQCIDHZNFBQAK-SCSAIBSYSA-N,holdout,CCC(C(C=O)(F)F)OC(=C)C=C,C[C@@](CF)(C=O)F,C=CC(=C)OC(CC)C(F)(F)C(=O)C(O)C(C)(F)CF,-1.884519177715932,2.6777,round6,test,20
NYQCIDHZNFBQAK-SCSAIBSYSA-N__BJESSOFRDPVZBW-UHFFFAOYSA-N,holdout,C[C@@](CF)(C=O)F,CCC(C(C=O)(F)F)OC(=C)C=C,C=CC(=C)OC(CC)C(F)(F)C(O)C(=O)C(C)(F)CF,-9.27197651676684,-2.4963,round6,test,20
NAJIHPZYGYKJFU-GLGOKHISSA-N__FPRFCVYABRWARQ-ACXHZZMFSA-N,holdout,CC(C1=C[C@@H](C2=C(C=CC=C2O1)C3=CC=C(C=C3)F)C=O)O,C/C(=N/N(C1=CC(=C(C=C1)OC)C2=CC=CC=N2)N)/C(C=O)C(=O)NC3=CC=CC(=C3)C(C)(F)F,COc1ccc(N(N)N=C(C)C(C(=O)Nc2cccc(C(C)(F)F)c2)C(O)C(=O)C2C=C(C(C)O)Oc3cccc(-c4ccc(F)cc4)c32)cc1-c1ccccn1,6.089578676175814,-3.0539,round6,test,57
FPRFCVYABRWARQ-ACXHZZMFSA-N__NAJIHPZYGYKJFU-GLGOKHISSA-N,holdout,C/C(=N/N(C1=CC(=C(C=C1)OC)C2=CC=CC=N2)N)/C(C=O)C(=O)NC3=CC=CC(=C3)C(C)(F)F,CC(C1=C[C@@H](C2=C(C=CC=C2O1)C3=CC=C(C=C3)F)C=O)O,COc1ccc(N(N)N=C(C)C(C(=O)Nc2cccc(C(C)(F)F)c2)C(=O)C(O)C2C=C(C(C)O)Oc3cccc(-c4ccc(F)cc4)c32)cc1-c1ccccn1,-0.8061910040904715,-10.4365,round6,test,57
KBSVAZCLQHOLKP-UHFFFAOYSA-N__SZAXXUAOMZGPRC-UHFFFAOYSA-N,holdout,CC(C(=O)NC(CO)C(C(C=O)N)O)N,COC1=NC=C(C(=C1)C2=NNC(=C2)C(=O)N3CCC(CC34CC4)C=O)F,COc1cc(-c2cc(C(=O)N3CCC(C(O)C(=O)C(N)C(O)C(CO)NC(=O)C(C)N)CC34CC4)[nH]n2)c(F)cn1,5.3028565946097,4.71,round6,test,41
SZAXXUAOMZGPRC-UHFFFAOYSA-N__KBSVAZCLQHOLKP-UHFFFAOYSA-N,holdout,COC1=NC=C(C(=C1)C2=NNC(=C2)C(=O)N3CCC(CC34CC4)C=O)F,CC(C(=O)NC(CO)C(C(C=O)N)O)N,COc1cc(-c2cc(C(=O)N3CCC(C(=O)C(O)C(N)C(O)C(CO)NC(=O)C(C)N)CC34CC4)[nH]n2)c(F)cn1,4.573160524756127,6.1738,round6,test,41
IJJLRUSZMLMXCN-KVTDHHQDSA-N__ULEVKWKQHIGIQU-UHFFFAOYSA-N,holdout,C([C@H]([C@H]([C@@H]([C@@H](C=O)O)O)O)S)O,CC1=CC2=C(CCN2)C(=C1CC=O)C3=CC(=C4C(=C3C)CCCO4)F,Cc1cc2c(c(-c3cc(F)c4c(c3C)CCCO4)c1CC(O)C(=O)C(O)C(O)C(O)C(S)CO)CCN2,4.6136363575733,7.7741,round6,test,37
ULEVKWKQHIGIQU-UHFFFAOYSA-N__IJJLRUSZMLMXCN-KVTDHHQDSA-N,holdout,CC1=CC2=C(CCN2)C(=C1CC=O)C3=CC(=C4C(=C3C)CCCO4)F,C([C@H]([C@H]([C@@H]([C@@H](C=O)O)O)O)S)O,Cc1cc2c(c(-c3cc(F)c4c(c3C)CCCO4)c1CC(=O)C(O)C(O)C(O)C(O)C(S)CO)CCN2,0.4948031327930101,3.7039,round6,test,37
QJXCVGVKLQAVPM-UHFFFAOYSA-N__ZCSLVWZOHIWRJQ-CABCVRRESA-N,holdout,COC1=CC2=NC(=CN2C=C1NC(=O)C3=NC(=CC=C3)C(F)(F)F)C4CCN(CC4)CC=O,C1[C@H](CN([C@@H]1C=O)C(=O)CN2C3=C(C=C(C=C3)C#CC4=NC=CC=N4)C(=N2)C(=O)N)F,COc1cc2nc(C3CCN(CC(=O)C(O)C4CC(F)CN4C(=O)Cn4nc(C(N)=O)c5cc(C#Cc6ncccn6)ccc54)CC3)cn2cc1NC(=O)c1cccc(C(F)(F)F)n1,-0.1742586668191905,-2.1743,round6,test,64
IXAFUAIZNPYVPO-LMWSTFAQSA-N__UATVBWGCMVLOQT-UHFFFAOYSA-N,holdout,C1C[C@H](CN(C1)C2CC(C2)SC3=C(C=CC(=C3)F)F)C=O,C1=CC=C(C=C1)N2C=C(C(=N2)C3=CC=C(C=C3)C=O)C(=O)NC4=CC(=CC=C4)F,O=C(Nc1cccc(F)c1)c1cn(-c2ccccc2)nc1-c1ccc(C(O)C(=O)C2CCCN(C3CC(Sc4cc(F)ccc4F)C3)C2)cc1,2.217871717080313,-4.9547,round6,test,50
XZOZLMDRFGMARX-INIZCTEOSA-N__XJTXRUSRBUFQTQ-UHFFFAOYSA-N,holdout,COC1=CC2=C(C=C(S2)[C@H](CC=O)SCC3=CC=CC=C3)C(=C1OC)F,C1=CC(=C(C=C1C=O)C(=CC#N)C2=CC3=C(S2)C=NN3)F,COc1cc2sc(C(CC(=O)C(O)c3ccc(F)c(C(=CC#N)c4cc5[nH]ncc5s4)c3)SCc3ccccc3)cc2c(F)c1OC,2.577707918372889,-3.0127,round6,test,47
BPTJMKRTIFNPFN-UHFFFAOYSA-N__PWUIKHABRNBBRM-UHFFFAOYSA-N,holdout,C1=CC(=C(C(=C1)O)C=O)C2(NC=CS2)N,CC(=O)OC(C=O)C1C(=O)N(CCO1)C2=CC(=C(C=C2)F)C(=O)N3CCOCC3,CC(=O)OC(C(O)C(=O)c1c(O)cccc1C1(N)NC=CS1)C1OCCN(c2ccc(F)c(C(=O)N3CCOCC3)c2)C1=O,8.133576143835434,-0.9619,round6,test,44
FHCWFDZNJKWFNC-UHFFFAOYSA-N__XDRHTXYNCZQNHD-FHZGLPGMSA-N,holdout,C1COCCN1C2=CC=C(C=C2)C#CC3=CC(=C(C(=C3)F)O)C=O,CCOP(=O)(C(C[C@@H]1C(C[C@@H](O1)N2C=NC(=C2O)C(=O)N)C=O)(F)F)OCC,CCOP(=O)(OCC)C(F)(F)CC1OC(n2cnc(C(N)=O)c2O)CC1C(O)C(=O)c1cc(C#Cc2ccc(N3CCOCC3)cc2)cc(F)c1O,2.5283437883640563,8.1065,round6,test,52
XDRHTXYNCZQNHD-FHZGLPGMSA-N__FHCWFDZNJKWFNC-UHFFFAOYSA-N,holdout,CCOP(=O)(C(C[C@@H]1C(C[C@@H](O1)N2C=NC(=C2O)C(=O)N)C=O)(F)F)OCC,C1COCCN1C2=CC=C(C=C2)C#CC3=CC(=C(C(=C3)F)O)C=O,CCOP(=O)(OCC)C(F)(F)CC1OC(n2cnc(C(N)=O)c2O)CC1C(=O)C(O)c1cc(C#Cc2ccc(N3CCOCC3)cc2)cc(F)c1O,4.794461412697623,4.3014,round6,test,52
DSEOMGZLHGEUMX-GLJUWKHASA-N__DTQAVGTWLTVZLO-UHFFFAOYSA-N,holdout,CC[C@@H]1CN2CCC3=C([C@@H]2C[C@@H]1CC=O)NC4=CC=CC=C34,C1=CC=C2C(=C1)C=C(C=N2)C3=CN(N=N3)CC4=CC=C(O4)C=O,CCC1CN2CCc3c([nH]c4ccccc34)C2CC1CC(=O)C(O)c1ccc(Cn2cc(-c3cnc4ccccc4c3)nn2)o1,7.177468735726643,-2.393,round6,test,45
DTQAVGTWLTVZLO-UHFFFAOYSA-N__DSEOMGZLHGEUMX-GLJUWKHASA-N,holdout,C1=CC=C2C(=C1)C=C(C=N2)C3=CN(N=N3)CC4=CC=C(O4)C=O,CC[C@@H]1CN2CCC3=C([C@@H]2C[C@@H]1CC=O)NC4=CC=CC=C34,CCC1CN2CCc3c([nH]c4ccccc34)C2CC1CC(O)C(=O)c1ccc(Cn2cc(-c3cnc4ccccc4c3)nn2)o1,1.2847894357536491,4.6806,round6,test,45
SUAZFURSZBOLEA-UHFFFAOYSA-N__BHMFZALCUWTGHD-UHFFFAOYSA-N,holdout,C1CC1N2C(N(N=C2C3=CC=C(C=C3)Cl)CC4=NC(=NN4)CC5=CC=CC=C5F)C=O,CC(C)C1=NN(C=C1COC2=NN(C(=C2)C=O)C)C3=NC=C(C=C3)C(F)(F)F,CC(C)c1nn(-c2ccc(C(F)(F)F)cn2)cc1COc1cc(C(O)C(=O)C2N(Cc3nc(Cc4ccccc4F)n[nH]3)N=C(c3ccc(Cl)cc3)N2C2CC2)n(C)n1,6.302499736841183,2.3155,round6,test,59
LMCSWQSFWFLODK-UHFFFAOYSA-N__SOHIUXZWIJKGJS-OXDKNZLUSA-N,holdout,C1=CC=C(C(=C1)CN2C3=C(C=CC=N3)C(=N2)C=O)F,CC(C1=CC(=CC(=C1)C(F)(F)F)C(F)(F)F)O[C@@H]2[C@@H]([C@H](CCO2)C=O)C3=CC(=C(C=C3)F)F,CC(OC1OCCC(C(O)C(=O)c2nn(Cc3ccccc3F)c3ncccc23)C1c1ccc(F)c(F)c1)c1cc(C(F)(F)F)cc(C(F)(F)F)c1,2.911737637276784,0.3889,round6,test,52
ABMAWPRTPYBBDU-UHFFFAOYSA-N__ADCIHVFLVVBMPF-UHFFFAOYSA-N,holdout,CC1(CCCN1C)C2=CC=C(C=C2)C3=C(C4=C(C=C(C=C4N3C)F)C(=O)OC)C=O,CC(CCCCC=O)C(F)(F)F,COC(=O)c1cc(F)cc2c1c(C(=O)C(O)CCCCC(C)C(F)(F)F)c(-c1ccc(C3(C)CCCN3C)cc1)n2C,5.871668823700543,4.8113,round6,test,42
SOHIUXZWIJKGJS-OXDKNZLUSA-N__LMCSWQSFWFLODK-UHFFFAOYSA-N,holdout,CC(C1=CC(=CC(=C1)C(F)(F)F)C(F)(F)F)O[C@@H]2[C@@H]([C@H](CCO2)C=O)C3=CC(=C(C=C3)F)F,C1=CC=C(C(=C1)CN2C3=C(C=CC=N3)C(=N2)C=O)F,CC(OC1OCCC(C(=O)C(O)c2nn(Cc3ccccc3F)c3ncccc23)C1c1ccc(F)c(F)c1)c1cc(C(F)(F)F)cc(C(F)(F)F)c1,7.268823364774359,2.2191,round6,test,52
IXMNTWWTPVIFOP-NSHDSACASA-N__PZUMYPDUSSELPR-UHFFFAOYSA-N,holdout,CCN1C2=C(C[C@H](C(=C)C2)C=O)C3=C1C=CC=C3F,C1=CC=C(C=C1)N(C2=C(NC3=CC=CC=C32)C=O)C(=O)CCl,C=C1Cc2c(c3c(F)cccc3n2CC)CC1C(=O)C(O)c1[nH]c2ccccc2c1N(C(=O)CCl)c1ccccc1,5.462013659280293,1.5714,round6,test,41
PZUMYPDUSSELPR-UHFFFAOYSA-N__IXMNTWWTPVIFOP-NSHDSACASA-N,holdout,C1=CC=C(C=C1)N(C2=C(NC3=CC=CC=C32)C=O)C(=O)CCl,CCN1C2=C(C[C@H](C(=C)C2)C=O)C3=C1C=CC=C3F,C=C1Cc2c(c3c(F)cccc3n2CC)CC1C(O)C(=O)c1[nH]c2ccccc2c1N(C(=O)CCl)c1ccccc1,0.9353690996352684,3.0678,round6,test,41
DAJQMWAKTVJTBA-UHFFFAOYSA-N__DUPWVAXDUZOEFP-RQNFDYIRSA-N,holdout,C1CN(CC2=C1C3=C(C=C2)NC(=C3)C=O)CC4(CCOC4)F,C[C@@H]1CC2=C([C@H](N1CC(F)F)C3=C(C=C(C=C3F)N4CCC(C4)C=O)F)NC5=CC=CC=C25,CC1Cc2c([nH]c3ccccc23)C(c2c(F)cc(N3CCC(C(O)C(=O)c4cc5c6c(ccc5[nH]4)CN(CC4(F)CCOC4)CC6)C3)cc2F)N1CC(F)F,2.896218001811971,4.8061,round6,test,55
DUPWVAXDUZOEFP-RQNFDYIRSA-N__DAJQMWAKTVJTBA-UHFFFAOYSA-N,holdout,C[C@@H]1CC2=C([C@H](N1CC(F)F)C3=C(C=C(C=C3F)N4CCC(C4)C=O)F)NC5=CC=CC=C25,C1CN(CC2=C1C3=C(C=C2)NC(=C3)C=O)CC4(CCOC4)F,CC1Cc2c([nH]c3ccccc23)C(c2c(F)cc(N3CCC(C(=O)C(O)c4cc5c6c(ccc5[nH]4)CN(CC4(F)CCOC4)CC6)C3)cc2F)N1CC(F)F,9.66452564435492,3.2958,round6,test,55
HNUFTQKUFYQMDU-UHFFFAOYSA-N__UXXXKWLALCNURK-LZNKSJHBSA-N,holdout,C1CC2=NC=C(N2C1C3=CC(=C(C=C3)C#N)F)C=O,CO[C@H](C[C@@H]1CCC[C@H](O1)CC=O)C[C@@H]2C[C@@H](C[C@@H](O2)CC=C)OCC3=CC=CC=C3,C=CCC1CC(OCc2ccccc2)CC(CC(CC2CCCC(CC(O)C(=O)c3cnc4n3C(c3ccc(C#N)c(F)c3)CC4)O2)OC)O1,2.903804509124662,4.4817,round6,test,50
UXXXKWLALCNURK-LZNKSJHBSA-N__HNUFTQKUFYQMDU-UHFFFAOYSA-N,holdout,CO[C@H](C[C@@H]1CCC[C@H](O1)CC=O)C[C@@H]2C[C@@H](C[C@@H](O2)CC=C)OCC3=CC=CC=C3,C1CC2=NC=C(N2C1C3=CC(=C(C=C3)C#N)F)C=O,C=CCC1CC(OCc2ccccc2)CC(CC(CC2CCCC(CC(=O)C(O)c3cnc4n3C(c3ccc(C#N)c(F)c3)CC4)O2)OC)O1,7.995497957955035,0.988,round6,test,50
QUEKFLVXJKXFTQ-UHFFFAOYSA-N__RZZZTSHSZMEQBN-UHFFFAOYSA-N,holdout,C1=CC(=CC=C1C2C(C(=O)N2)N(C3=CC=C(C=C3)F)C(C=O)C4=CC=C(C=C4)F)O,C1C(CN1C2=C(SC=C2)C=O)(F)F,O=C(C(O)c1sccc1N1CC(F)(F)C1)C(c1ccc(F)cc1)N(c1ccc(F)cc1)C1C(=O)NC1c1ccc(O)cc1,10.689937247054322,2.7498,round6,test,43
RZZZTSHSZMEQBN-UHFFFAOYSA-N__QUEKFLVXJKXFTQ-UHFFFAOYSA-N,holdout,C1C(CN1C2=C(SC=C2)C=O)(F)F,C1=CC(=CC=C1C2C(C(=O)N2)N(C3=CC=C(C=C3)F)C(C=O)C4=CC=C(C=C4)F)O,O=C(c1sccc1N1CC(F)(F)C1)C(O)C(c1ccc(F)cc1)N(c1ccc(F)cc1)C1C(=O)NC1c1ccc(O)cc1,5.724098431141091,-1.9303,round6,test,43
HLMPRBVUIFGDTB-UHFFFAOYSA-N__IOZYZECHDHBKNO-UHFFFAOYSA-N,holdout,CC1(OCC2=C(O1)C(=NC=C2COC3=CC=C(C=C3)F)C=O)C,CC(C)NC(=O)C1CCC(CC1)N2C3=CC(=NC=C3N=C2NC(=O)C4=CC=C(C=C4)F)OCC=O,CC(C)NC(=O)C1CCC(n2c(NC(=O)c3ccc(F)cc3)nc3cnc(OCC(O)C(=O)c4ncc(COc5ccc(F)cc5)c5c4OC(C)(C)OC5)cc32)CC1,3.9938570300611262,-2.7927,round6,test,58
IOZYZECHDHBKNO-UHFFFAOYSA-N__HLMPRBVUIFGDTB-UHFFFAOYSA-N,holdout,CC(C)NC(=O)C1CCC(CC1)N2C3=CC(=NC=C3N=C2NC(=O)C4=CC=C(C=C4)F)OCC=O,CC1(OCC2=C(O1)C(=NC=C2COC3=CC=C(C=C3)F)C=O)C,CC(C)NC(=O)C1CCC(n2c(NC(=O)c3ccc(F)cc3)nc3cnc(OCC(=O)C(O)c4ncc(COc5ccc(F)cc5)c5c4OC(C)(C)OC5)cc32)CC1,9.940729848511156,-3.3403,round6,test,58
UCLKMZAHVQNLRJ-IBGZPJMESA-N__LNLNCZCYISOBCV-UHFFFAOYSA-N,holdout,COC(=O)NC[C@H]1CN(C(=O)O1)C2=CC(=C(C=C2)N3CCN(CC3)C4=CC=C(C=C4)C=O)F,C=C1CN(C(=O)S1)C2=NOC3=C2C=C(C(=C3F)F)C=O,C=C1CN(c2noc3c(F)c(F)c(C(O)C(=O)c4ccc(N5CCN(c6ccc(N7CC(CNC(=O)OC)OC7=O)cc6F)CC5)cc4)cc23)C(=O)S1,3.0841501881786506,6.0481,round6,test,53
WKPURETZKYSZHO-UHFFFAOYSA-N__NVECODUGFUIXOI-UHFFFAOYSA-N,holdout,C1CCN2C(C1)CCC2C3=CC=C(C=C3)C4=CC=C(C=C4)C=O,CN1CCN(CC1)C(=O)C2=NC=CC(=C2)C3=CC4=C(C=C3)C(=C(C=C4)O)C=O,CN1CCN(C(=O)c2cc(-c3ccc4c(C(O)C(=O)c5ccc(-c6ccc(C7CCC8CCCCN87)cc6)cc5)c(O)ccc4c3)ccn2)CC1,11.990143769284956,11.598,round6,test,51
OVLZWLQHLLVLAS-UHFFFAOYSA-N__KFDJERQRZMSDLI-UHFFFAOYSA-N,holdout,C1CC2=CC(=C(C=C2C1CC3=CN=CN3)O)C=O,C1C2CC3CC1CC(C2)(C3)C4=C(C5=C(N4)C(=CC(=C5)Cl)F)C=O,O=C(c1cc2c(cc1O)C(Cc1cnc[nH]1)CC2)C(O)c1c(C23CC4CC(CC(C4)C2)C3)[nH]c2c(F)cc(Cl)cc12,12.945366800319436,6.4928,round6,test,41
KFDJERQRZMSDLI-UHFFFAOYSA-N__OVLZWLQHLLVLAS-UHFFFAOYSA-N,holdout,C1C2CC3CC1CC(C2)(C3)C4=C(C5=C(N4)C(=CC(=C5)Cl)F)C=O,C1CC2=CC(=C(C=C2C1CC3=CN=CN3)O)C=O,O=C(c1c(C23CC4CC(CC(C4)C2)C3)[nH]c2c(F)cc(Cl)cc12)C(O)c1cc2c(cc1O)C(Cc1cnc[nH]1)CC2,17.20554293560396,8.4518,round6,test,41
PLXFSAZTICFYLH-UHFFFAOYSA-N__MITOSSZKPVENHI-UHFFFAOYSA-N,holdout,CC(C)(C)OC(=O)N1C=C(C2=CC=CC=C21)C#CC3=C(C4=CC=CC=C4N3C(=O)OC(C)(C)C)C=O,COC1=C(C=CC(=C1)C=O)OCCCN2N=C3C=CC=CC3=N2,COc1cc(C(O)C(=O)c2c(C#Cc3cn(C(=O)OC(C)(C)C)c4ccccc34)n(C(=O)OC(C)(C)C)c3ccccc23)ccc1OCCCn1nc2ccccc2n1,10.74517905346662,7.9524,round6,test,59
LQBRGNDXMJUJFG-SUAVODKESA-N__YWYRVKXBPMSZBY-JTQLQIEISA-N,holdout,C[C@]12CC[C@@H](CC1=CC[C@@H]3[C@@H]2CC[C@]4([C@H]3CC=C4C5=NN(C=C5C=O)C6=CC=C(C=C6)C#N)C)O,CC(=O)OC[C@@H]1CCCN1C(=O)OC2=CC(=C(C(=C2)F)C=O)F,CC(=O)OCC1CCCN1C(=O)Oc1cc(F)c(C(O)C(=O)c2cn(-c3ccc(C#N)cc3)nc2C2=CCC3C4CC=C5CC(O)CCC5(C)C4CCC23C)c(F)c1,0.9195219302323762,1.674,round6,test,58
YWYRVKXBPMSZBY-JTQLQIEISA-N__LQBRGNDXMJUJFG-SUAVODKESA-N,holdout,CC(=O)OC[C@@H]1CCCN1C(=O)OC2=CC(=C(C(=C2)F)C=O)F,C[C@]12CC[C@@H](CC1=CC[C@@H]3[C@@H]2CC[C@]4([C@H]3CC=C4C5=NN(C=C5C=O)C6=CC=C(C=C6)C#N)C)O,CC(=O)OCC1CCCN1C(=O)Oc1cc(F)c(C(=O)C(O)c2cn(-c3ccc(C#N)cc3)nc2C2=CCC3C4CC=C5CC(O)CCC5(C)C4CCC23C)c(F)c1,7.106657355010679,8.0235,round6,test,58
HYWZGQMUNYHGNN-UHFFFAOYSA-N__IJOFOMFMHROIRL-UHFFFAOYSA-N,holdout,CN1CCC2=CC3=C(C=C2C1CC4=C(C5=C(C=C4)OCO5)C=O)OCO3,CC1(C=CC=C(C1COC2=CC(=C(N=C2)C=O)NC(=O)OC(C)(C)C)Cl)F,CN1CCc2cc3c(cc2C1Cc1ccc2c(c1C(=O)C(O)c1ncc(OCC4C(Cl)=CC=CC4(C)F)cc1NC(=O)OC(C)(C)C)OCO2)OCO3,11.301157968336089,8.1859,round6,test,53
AAJUEMYEASRYAK-UHFFFAOYSA-N__JDJGVHBFGFJVHF-UHFFFAOYSA-N,holdout,C1=CC=C2C(=C1)C=CC=C2C3=C(C=CS3)C=O,C1=CC2=NON=C2C=C1COC3=C(C=C(C(=O)N3)C(F)(F)F)C=O,O=C(c1ccsc1-c1cccc2ccccc12)C(O)c1cc(C(F)(F)F)c(=O)[nH]c1OCc1ccc2nonc2c1,10.031420482035188,3.8879,round6,test,41
JDJGVHBFGFJVHF-UHFFFAOYSA-N__AAJUEMYEASRYAK-UHFFFAOYSA-N,holdout,C1=CC2=NON=C2C=C1COC3=C(C=C(C(=O)N3)C(F)(F)F)C=O,C1=CC=C2C(=C1)C=CC=C2C3=C(C=CS3)C=O,O=C(c1cc(C(F)(F)F)c(=O)[nH]c1OCc1ccc2nonc2c1)C(O)c1ccsc1-c1cccc2ccccc12,9.975024652960066,2.2116,round6,test,41
DPZSRLQCTMRACF-UHFFFAOYSA-N__LEKFNUHVYFCLDC-UHFFFAOYSA-N,holdout,C1=CC=C(C=C1)C2=NN(C=C2C=O)C3=NC=CS3,C1=CC=C2C(=C1)C3=C(N2CCCCN4C=C(N=N4)CO)C5=C(C=C3)C(=CN5)C=O,O=C(c1cn(-c2nccs2)nc1-c1ccccc1)C(O)c1c[nH]c2c1ccc1c3ccccc3n(CCCCn3cc(CO)nn3)c12,12.63869652489188,8.0713,round6,test,47
LEKFNUHVYFCLDC-UHFFFAOYSA-N__DPZSRLQCTMRACF-UHFFFAOYSA-N,holdout,C1=CC=C2C(=C1)C3=C(N2CCCCN4C=C(N=N4)CO)C5=C(C=C3)C(=CN5)C=O,C1=CC=C(C=C1)C2=NN(C=C2C=O)C3=NC=CS3,O=C(c1c[nH]c2c1ccc1c3ccccc3n(CCCCn3cc(CO)nn3)c12)C(O)c1cn(-c2nccs2)nc1-c1ccccc1,3.791326987069848,2.0743,round6,test,47
GSAPREWSURNXFT-UHFFFAOYSA-N__LQDXIMZPSMJBRX-UHFFFAOYSA-N,holdout,CC(=O)OCC1=CN=C2C(=C1C=O)C(=O)NC(=O)N2,C1=CC=C2C(=C1)N=C3N2C=C(N3)C=O,CC(=O)OCc1cnc2[nH]c(=O)[nH]c(=O)c2c1C(=O)C(O)c1cn2c(nc3ccccc32)[nH]1,9.473948593166371,2.5805,round6,test,33
LQDXIMZPSMJBRX-UHFFFAOYSA-N__GSAPREWSURNXFT-UHFFFAOYSA-N,holdout,C1=CC=C2C(=C1)N=C3N2C=C(N3)C=O,CC(=O)OCC1=CN=C2C(=C1C=O)C(=O)NC(=O)N2,CC(=O)OCc1cnc2[nH]c(=O)[nH]c(=O)c2c1C(O)C(=O)c1cn2c(nc3ccccc32)[nH]1,2.793549041165136,0.6217,round6,test,33
SLISEMFSMJBQOB-UHFFFAOYSA-N__SWKJWMSANIVYHK-UHFFFAOYSA-N,holdout,CN(C)C(=O)N=C1N(C=C(S1)C=O)C2=CC3=C(C=C2)OC(O3)(F)F,CC1=CC=C(C=C1)C2=NC(=C(O2)C)CCC(C3=CC=C(S3)C=O)O[Si](C)(C)C(C)(C)C,Cc1ccc(-c2nc(CCC(O[Si](C)(C)C(C)(C)C)c3ccc(C(O)C(=O)c4cn(-c5ccc6c(c5)OC(F)(F)O6)c(=NC(=O)N(C)C)s4)s3)c(C)o2)cc1,12.99960081220522,0.0377,round6,test,55
SWKJWMSANIVYHK-UHFFFAOYSA-N__SLISEMFSMJBQOB-UHFFFAOYSA-N,holdout,CC1=CC=C(C=C1)C2=NC(=C(O2)C)CCC(C3=CC=C(S3)C=O)O[Si](C)(C)C(C)(C)C,CN(C)C(=O)N=C1N(C=C(S1)C=O)C2=CC3=C(C=C2)OC(O3)(F)F,Cc1ccc(-c2nc(CCC(O[Si](C)(C)C(C)(C)C)c3ccc(C(=O)C(O)c4cn(-c5ccc6c(c5)OC(F)(F)O6)c(=NC(=O)N(C)C)s4)s3)c(C)o2)cc1,14.429177197658692,2.9804,round6,test,55
ZYATVADWLPJPAU-UHFFFAOYSA-N__YCBAMZYACJJTNC-UHFFFAOYSA-N,holdout,C1=CC(=NC=C1F)C2=CN=C(N2)C=O,C1CC2=C(C1)C(=O)NC3=C2C=CC(=C3F)CNCCNCCCC4=CN=C(C=C4)C=O,O=C(c1ncc(-c2ccc(F)cn2)[nH]1)C(O)c1ccc(CCCNCCNCc2ccc3c4c(c(=O)[nH]c3c2F)CCC4)cn1,4.61928129890989,3.8512,round6,test,45
KXGVDCDMOPMQMS-UHFFFAOYSA-N__FQKMHYFAWKOURY-UHFFFAOYSA-N,holdout,C1=CC(=C(C(=C1)C(F)(F)F)F)CC(=O)NC2=CC(=C(N=C2)N3C=C(N=C3)C=O)F,C1=CN2C(=C(N=C2C(F)(F)F)C=O)C=N1,O=C(Cc1cccc(C(F)(F)F)c1F)Nc1cnc(-n2cnc(C(=O)C(O)c3nc(C(F)(F)F)n4ccncc34)c2)c(F)c1,2.1036559825450687,2.3166,round6,test,44
FQKMHYFAWKOURY-UHFFFAOYSA-N__KXGVDCDMOPMQMS-UHFFFAOYSA-N,holdout,C1=CN2C(=C(N=C2C(F)(F)F)C=O)C=N1,C1=CC(=C(C(=C1)C(F)(F)F)F)CC(=O)NC2=CC(=C(N=C2)N3C=C(N=C3)C=O)F,O=C(Cc1cccc(C(F)(F)F)c1F)Nc1cnc(-n2cnc(C(O)C(=O)c3nc(C(F)(F)F)n4ccncc34)c2)c(F)c1,4.405176249824303,4.3154,round6,test,44
XOXDNTDGAIVROH-UHFFFAOYSA-N__HNTBXCOTUDDNEI-UHFFFAOYSA-N,holdout,CCC1=CC2=C(N=C1C=O)N(C3CC2(C3)F)C(=O)NC4=NC=C(C(=C4)NCCOC)C#N,C1=CC=C(C=C1)C2=C(SC(=O)N2)C=O,CCc1cc2c(nc1C(=O)C(O)c1sc(=O)[nH]c1-c1ccccc1)N(C(=O)Nc1cc(NCCOC)c(C#N)cn1)C1CC2(F)C1,13.033791583303916,0.5958,round6,test,46
MDBCGUCVZDRMIS-UHFFFAOYSA-N__GXACXWPUCQARQI-UHFFFAOYSA-N,holdout,CN1C=NC2=C1C=C(C=C2)C3=C(N=C(C4=NC(=CN34)C=O)N)C5=CC=C(C=C5)F,C1C(=O)NC(=O)N(C1=O)C2=NC3=CC=CC=C3C=C2C=O,Cn1cnc2ccc(-c3c(-c4ccc(F)cc4)nc(N)c4nc(C(=O)C(O)c5cc6ccccc6nc5N5C(=O)CC(=O)NC5=O)cn34)cc21,7.175836173949295,3.1619,round6,test,50
GXACXWPUCQARQI-UHFFFAOYSA-N__MDBCGUCVZDRMIS-UHFFFAOYSA-N,holdout,C1C(=O)NC(=O)N(C1=O)C2=NC3=CC=CC=C3C=C2C=O,CN1C=NC2=C1C=C(C=C2)C3=C(N=C(C4=NC(=CN34)C=O)N)C5=CC=C(C=C5)F,Cn1cnc2ccc(-c3c(-c4ccc(F)cc4)nc(N)c4nc(C(O)C(=O)c5cc6ccccc6nc5N5C(=O)CC(=O)NC5=O)cn34)cc21,9.18337024956033,3.3143,round6,test,50
VSDWDGWNUMZRGI-UHFFFAOYSA-N__YVALYSNZYQUWKV-UHFFFAOYSA-N,holdout,CC(C)(C)OC(=O)N1CCCC(C1)(CN2C=C(N=N2)C=O)F,CCCCC1=C(N(C(=O)N1CC2=CC=C(C=C2)C3=CC=CC=C3C4=NNN=N4)C5CCCCC5)C=O,CCCCc1c(C(O)C(=O)c2cn(CC3(F)CCCN(C(=O)OC(C)(C)C)C3)nn2)n(C2CCCCC2)c(=O)n1Cc1ccc(-c2ccccc2-c2nn[nH]n2)cc1,9.73883540796694,4.8614,round6,test,58
FRVAZWWRGPYENR-UHFFFAOYSA-N__UBJDBXHFKIJGCG-UHFFFAOYSA-N,holdout,C1CN(CC2=NC(=CC(=C21)C3=CC=CC=C3Cl)C=O)CC4=NC(=NC=C4)C(F)(F)F,C1CCC(C1)N2C(=C(N=N2)C=O)C(F)F,O=C(c1cc(-c2ccccc2Cl)c2c(n1)CN(Cc1ccnc(C(F)(F)F)n1)CC2)C(O)c1nnn(C2CCCC2)c1C(F)F,6.585451781707135,2.6476,round6,test,45
UBJDBXHFKIJGCG-UHFFFAOYSA-N__FRVAZWWRGPYENR-UHFFFAOYSA-N,holdout,C1CCC(C1)N2C(=C(N=N2)C=O)C(F)F,C1CN(CC2=NC(=CC(=C21)C3=CC=CC=C3Cl)C=O)CC4=NC(=NC=C4)C(F)(F)F,O=C(c1nnn(C2CCCC2)c1C(F)F)C(O)c1cc(-c2ccccc2Cl)c2c(n1)CN(Cc1ccnc(C(F)(F)F)n1)CC2,3.683047234838125,1.2223,round6,test,45
OXQUMJRGGORBBO-UHFFFAOYSA-N__YWCAXTKWBGBPAE-BZUAXINKSA-N,holdout,C1CC2CC(CC1N2C(=O)O)(C(=O)NC(CCC=O)C3=CC(=CC(=C3)F)F)O,C1CCC(CC1)[C@H](C(=O)O)N2C[C@@H]([C@H](C2)C3=CSC=C3)C=O,O=C(CCC(NC(=O)C1(O)CC2CCC(C1)N2C(=O)O)c1cc(F)cc(F)c1)C(O)C1CN(C(C(=O)O)C2CCCCC2)CC1c1ccsc1,-0.3314668923020711,-0.8866,round6,test,50
YWCAXTKWBGBPAE-BZUAXINKSA-N__OXQUMJRGGORBBO-UHFFFAOYSA-N,holdout,C1CCC(CC1)[C@H](C(=O)O)N2C[C@@H]([C@H](C2)C3=CSC=C3)C=O,C1CC2CC(CC1N2C(=O)O)(C(=O)NC(CCC=O)C3=CC(=CC(=C3)F)F)O,O=C(C(O)CCC(NC(=O)C1(O)CC2CCC(C1)N2C(=O)O)c1cc(F)cc(F)c1)C1CN(C(C(=O)O)C2CCCCC2)CC1c1ccsc1,6.797913287002315,2.0532,round6,test,50
FZLVIMFWXMYOFH-UHFFFAOYSA-N__XXYGFYVVUPJJQV-RVJXMIQCSA-N,holdout,CC(=O)N(CC1=C(C=CC(C1)C=O)O)C2=C(C=CC(=C2)F)OC3=CC=CC=C3,C[C@]1(CC[C@H]([C@@H]1C=O)C2(C=CC(=O)O2)C)O,CC(=O)N(CC1=C(O)C=CC(C(=O)C(O)C2C(C3(C)C=CC(=O)O3)CCC2(C)O)C1)c1cc(F)ccc1Oc1ccccc1,5.417727269323277,5.0245,round6,test,44
XXYGFYVVUPJJQV-RVJXMIQCSA-N__FZLVIMFWXMYOFH-UHFFFAOYSA-N,holdout,C[C@]1(CC[C@H]([C@@H]1C=O)C2(C=CC(=O)O2)C)O,CC(=O)N(CC1=C(C=CC(C1)C=O)O)C2=C(C=CC(=C2)F)OC3=CC=CC=C3,CC(=O)N(CC1=C(O)C=CC(C(O)C(=O)C2C(C3(C)C=CC(=O)O3)CCC2(C)O)C1)c1cc(F)ccc1Oc1ccccc1,0.4090293801525385,4.1857,round6,test,44
ZCSLVWZOHIWRJQ-CABCVRRESA-N__QJXCVGVKLQAVPM-UHFFFAOYSA-N,holdout,C1[C@H](CN([C@@H]1C=O)C(=O)CN2C3=C(C=C(C=C3)C#CC4=NC=CC=N4)C(=N2)C(=O)N)F,COC1=CC2=NC(=CN2C=C1NC(=O)C3=NC(=CC=C3)C(F)(F)F)C4CCN(CC4)CC=O,COc1cc2nc(C3CCN(CC(O)C(=O)C4CC(F)CN4C(=O)Cn4nc(C(N)=O)c5cc(C#Cc6ncccn6)ccc54)CC3)cn2cc1NC(=O)c1cccc(C(F)(F)F)n1,3.9694125661241615,1.6194,round6,test,64
UATVBWGCMVLOQT-UHFFFAOYSA-N__IXAFUAIZNPYVPO-LMWSTFAQSA-N,holdout,C1=CC=C(C=C1)N2C=C(C(=N2)C3=CC=C(C=C3)C=O)C(=O)NC4=CC(=CC=C4)F,C1C[C@H](CN(C1)C2CC(C2)SC3=C(C=CC(=C3)F)F)C=O,O=C(Nc1cccc(F)c1)c1cn(-c2ccccc2)nc1-c1ccc(C(=O)C(O)C2CCCN(C3CC(Sc4cc(F)ccc4F)C3)C2)cc1,-0.5955590648603126,-1.4231,round6,test,50
XJTXRUSRBUFQTQ-UHFFFAOYSA-N__XZOZLMDRFGMARX-INIZCTEOSA-N,holdout,C1=CC(=C(C=C1C=O)C(=CC#N)C2=CC3=C(S2)C=NN3)F,COC1=CC2=C(C=C(S2)[C@H](CC=O)SCC3=CC=CC=C3)C(=C1OC)F,COc1cc2sc(C(CC(O)C(=O)c3ccc(F)c(C(=CC#N)c4cc5[nH]ncc5s4)c3)SCc3ccccc3)cc2c(F)c1OC,7.275886496268216,6.2801,round6,test,47
PWUIKHABRNBBRM-UHFFFAOYSA-N__BPTJMKRTIFNPFN-UHFFFAOYSA-N,holdout,CC(=O)OC(C=O)C1C(=O)N(CCO1)C2=CC(=C(C=C2)F)C(=O)N3CCOCC3,C1=CC(=C(C(=C1)O)C=O)C2(NC=CS2)N,CC(=O)OC(C(=O)C(O)c1c(O)cccc1C1(N)NC=CS1)C1OCCN(c2ccc(F)c(C(=O)N3CCOCC3)c2)C1=O,12.964989979463716,4.9739,round6,test,44
BWOIDSHBOCCNAF-UHFFFAOYSA-N__BCSXFLFTXODWFR-NQCNTLBGSA-N,holdout,C1CC1CC2=CC(=NC3=C(C=NN23)C=O)NC4=CC(=CC(=C4)F)F,C1CN(CCC1CC2=CC=C(C=C2)F)C[C@H]3CN(C(O3)C=O)C4=CC=C(C=C4)O,O=C(c1cnn2c(CC3CC3)cc(Nc3cc(F)cc(F)c3)nc12)C(O)C1OC(CN2CCC(Cc3ccc(F)cc3)CC2)CN1c1ccc(O)cc1,3.903421646371553,-4.2864,round6,test,53
BCSXFLFTXODWFR-NQCNTLBGSA-N__BWOIDSHBOCCNAF-UHFFFAOYSA-N,holdout,C1CN(CCC1CC2=CC=C(C=C2)F)C[C@H]3CN(C(O3)C=O)C4=CC=C(C=C4)O,C1CC1CC2=CC(=NC3=C(C=NN23)C=O)NC4=CC(=CC(=C4)F)F,O=C(C(O)c1cnn2c(CC3CC3)cc(Nc3cc(F)cc(F)c3)nc12)C1OC(CN2CCC(Cc3ccc(F)cc3)CC2)CN1c1ccc(O)cc1,10.052736545127075,2.507,round6,test,53
BHMFZALCUWTGHD-UHFFFAOYSA-N__SUAZFURSZBOLEA-UHFFFAOYSA-N,holdout,CC(C)C1=NN(C=C1COC2=NN(C(=C2)C=O)C)C3=NC=C(C=C3)C(F)(F)F,C1CC1N2C(N(N=C2C3=CC=C(C=C3)Cl)CC4=NC(=NN4)CC5=CC=CC=C5F)C=O,CC(C)c1nn(-c2ccc(C(F)(F)F)cn2)cc1COc1cc(C(=O)C(O)C2N(Cc3nc(Cc4ccccc4F)n[nH]3)N=C(c3ccc(Cl)cc3)N2C2CC2)n(C)n1,0.863036159226502,-0.0247,round6,test,59
ADCIHVFLVVBMPF-UHFFFAOYSA-N__ABMAWPRTPYBBDU-UHFFFAOYSA-N,holdout,CC(CCCCC=O)C(F)(F)F,CC1(CCCN1C)C2=CC=C(C=C2)C3=C(C4=C(C=C(C=C4N3C)F)C(=O)OC)C=O,COC(=O)c1cc(F)cc2c1c(C(O)C(=O)CCCCC(C)C(F)(F)F)c(-c1ccc(C3(C)CCCN3C)cc1)n2C,8.668325800742972,6.92,round6,test,42
OUPHGQPIQOTSHW-UHFFFAOYSA-N__AYIUVSGXXGAHQH-UHFFFAOYSA-N,holdout,CC1=CC=C(C=C1)S(=O)(=O)N2C=NC(=C2C)C=O,C1=CC=C(C=C1)CCC(C=O)NC(=O)C2=CC=CC=N2,Cc1ccc(S(=O)(=O)n2cnc(C(=O)C(O)C(CCc3ccccc3)NC(=O)c3ccccn3)c2C)cc1,3.915897209568156,-4.061,round6,test,38
AYIUVSGXXGAHQH-UHFFFAOYSA-N__OUPHGQPIQOTSHW-UHFFFAOYSA-N,holdout,C1=CC=C(C=C1)CCC(C=O)NC(=O)C2=CC=CC=N2,CC1=CC=C(C=C1)S(=O)(=O)N2C=NC(=C2C)C=O,Cc1ccc(S(=O)(=O)n2cnc(C(O)C(=O)C(CCc3ccccc3)NC(=O)c3ccccn3)c2C)cc1,11.097597939076277,-0.309,round6,test,38
LNLNCZCYISOBCV-UHFFFAOYSA-N__UCLKMZAHVQNLRJ-IBGZPJMESA-N,holdout,C=C1CN(C(=O)S1)C2=NOC3=C2C=C(C(=C3F)F)C=O,COC(=O)NC[C@H]1CN(C(=O)O1)C2=CC(=C(C=C2)N3CCN(CC3)C4=CC=C(C=C4)C=O)F,C=C1CN(c2noc3c(F)c(F)c(C(=O)C(O)c4ccc(N5CCN(c6ccc(N7CC(CNC(=O)OC)OC7=O)cc6F)CC5)cc4)cc23)C(=O)S1,11.003170036763125,6.5104,round6,test,53
NVECODUGFUIXOI-UHFFFAOYSA-N__WKPURETZKYSZHO-UHFFFAOYSA-N,holdout,CN1CCN(CC1)C(=O)C2=NC=CC(=C2)C3=CC4=C(C=C3)C(=C(C=C4)O)C=O,C1CCN2C(C1)CCC2C3=CC=C(C=C3)C4=CC=C(C=C4)C=O,CN1CCN(C(=O)c2cc(-c3ccc4c(C(=O)C(O)c5ccc(-c6ccc(C7CCC8CCCCN87)cc6)cc5)c(O)ccc4c3)ccn2)CC1,13.77422402047125,6.5906,round6,test,51
MITOSSZKPVENHI-UHFFFAOYSA-N__PLXFSAZTICFYLH-UHFFFAOYSA-N,holdout,COC1=C(C=CC(=C1)C=O)OCCCN2N=C3C=CC=CC3=N2,CC(C)(C)OC(=O)N1C=C(C2=CC=CC=C21)C#CC3=C(C4=CC=CC=C4N3C(=O)OC(C)(C)C)C=O,COc1cc(C(=O)C(O)c2c(C#Cc3cn(C(=O)OC(C)(C)C)c4ccccc34)n(C(=O)OC(C)(C)C)c3ccccc23)ccc1OCCCn1nc2ccccc2n1,12.899201267292831,2.5262,round6,test,59
IJOFOMFMHROIRL-UHFFFAOYSA-N__HYWZGQMUNYHGNN-UHFFFAOYSA-N,holdout,CC1(C=CC=C(C1COC2=CC(=C(N=C2)C=O)NC(=O)OC(C)(C)C)Cl)F,CN1CCC2=CC3=C(C=C2C1CC4=C(C5=C(C=C4)OCO5)C=O)OCO3,CN1CCc2cc3c(cc2C1Cc1ccc2c(c1C(O)C(=O)c1ncc(OCC4C(Cl)=CC=CC4(C)F)cc1NC(=O)OC(C)(C)C)OCO2)OCO3,5.813328739718333,3.6942,round6,test,53
HDFHDRXKEHDYII-UHFFFAOYSA-N__MZCFRBHKCMTFLL-UHFFFAOYSA-N,holdout,C1C2=C(CO1)N(N=C2C=O)C3=CC=CC=C3F,CC1=CC(=NC(=N1)N2C(=CC(=N2)C=O)C)NC3CCC(CC3)(F)F,Cc1cc(NC2CCC(F)(F)CC2)nc(-n2nc(C(O)C(=O)c3nn(-c4ccccc4F)c4c3COC4)cc2C)n1,7.368374460859561,2.69,round6,test,41
MZCFRBHKCMTFLL-UHFFFAOYSA-N__HDFHDRXKEHDYII-UHFFFAOYSA-N,holdout,CC1=CC(=NC(=N1)N2C(=CC(=N2)C=O)C)NC3CCC(CC3)(F)F,C1C2=C(CO1)N(N=C2C=O)C3=CC=CC=C3F,Cc1cc(NC2CCC(F)(F)CC2)nc(-n2nc(C(=O)C(O)c3nn(-c4ccccc4F)c4c3COC4)cc2C)n1,5.068072563177807,1.4385,round6,test,41
YCBAMZYACJJTNC-UHFFFAOYSA-N__ZYATVADWLPJPAU-UHFFFAOYSA-N,holdout,C1CC2=C(C1)C(=O)NC3=C2C=CC(=C3F)CNCCNCCCC4=CN=C(C=C4)C=O,C1=CC(=NC=C1F)C2=CN=C(N2)C=O,O=C(c1ccc(CCCNCCNCc2ccc3c4c(c(=O)[nH]c3c2F)CCC4)cn1)C(O)c1ncc(-c2ccc(F)cn2)[nH]1,5.17328674803018,2.0581,round6,test,45
HNTBXCOTUDDNEI-UHFFFAOYSA-N__XOXDNTDGAIVROH-UHFFFAOYSA-N,holdout,C1=CC=C(C=C1)C2=C(SC(=O)N2)C=O,CCC1=CC2=C(N=C1C=O)N(C3CC2(C3)F)C(=O)NC4=NC=C(C(=C4)NCCOC)C#N,CCc1cc2c(nc1C(O)C(=O)c1sc(=O)[nH]c1-c1ccccc1)N(C(=O)Nc1cc(NCCOC)c(C#N)cn1)C1CC2(F)C1,13.251451716901418,0.1049,round6,test,46
YVALYSNZYQUWKV-UHFFFAOYSA-N__VSDWDGWNUMZRGI-UHFFFAOYSA-N,holdout,CCCCC1=C(N(C(=O)N1CC2=CC=C(C=C2)C3=CC=CC=C3C4=NNN=N4)C5CCCCC5)C=O,CC(C)(C)OC(=O)N1CCCC(C1)(CN2C=C(N=N2)C=O)F,CCCCc1c(C(=O)C(O)c2cn(CC3(F)CCCN(C(=O)OC(C)(C)C)C3)nn2)n(C2CCCCC2)c(=O)n1Cc1ccc(-c2ccccc2-c2nn[nH]n2)cc1,16.39975380620359,8.2973,round6,test,58
QAIJMKLVIVRPAR-UHFFFAOYSA-N__ZQYULIXQISCKLV-UHFFFAOYSA-N,holdout,CC1(CC2=C(C(=O)C1)C(=NO2)CC(C=O)C3=CC(=CC=C3)[N+](=O)[O-])C,CC1=NOC(C1C=O)C2=CC=CC=C2,CC1=NOC(c2ccccc2)C1C(O)C(=O)C(Cc1noc2c1C(=O)CC(C)(C)C2)c1cccc([N+](=O)[O-])c1,-4.175265688078901,-5.1574,round7,test,39
GAOHPGKVCIOCHV-UHFFFAOYSA-N__JJYUTVUHNPIWGF-UHFFFAOYSA-N,holdout,COCOCC=O,C1CCOC(C1)OC2(CC2)C=O,COCOCC(=O)C(O)C1(OC2CCCCO2)CC1,-1.873188820360644,-1.9197,round7,test,19
JJYUTVUHNPIWGF-UHFFFAOYSA-N__GAOHPGKVCIOCHV-UHFFFAOYSA-N,holdout,C1CCOC(C1)OC2(CC2)C=O,COCOCC=O,COCOCC(O)C(=O)C1(OC2CCCCO2)CC1,-1.953648797928038,-1.2248,round7,test,19
CKOHTPKVTMIPBA-UHFFFAOYSA-N__FCPHRPNJDNFKRP-UHFFFAOYSA-N,holdout,C1CC(=O)NC(=O)C1NC(=O)C2=C(C=C(C=C2)N3CCC(CC3)C=O)F,CC1=CC(=NN1CC(C=O)N2CCC(CC2)C3=NC(=CS3)CCl)C(F)(F)F,Cc1cc(C(F)(F)F)nn1CC(C(O)C(=O)C1CCN(c2ccc(C(=O)NC3CCC(=O)NC3=O)c(F)c2)CC1)N1CCC(c2nc(CCl)cs2)CC1,3.341696580007337,3.4139,round7,test,53
FCPHRPNJDNFKRP-UHFFFAOYSA-N__CKOHTPKVTMIPBA-UHFFFAOYSA-N,holdout,CC1=CC(=NN1CC(C=O)N2CCC(CC2)C3=NC(=CS3)CCl)C(F)(F)F,C1CC(=O)NC(=O)C1NC(=O)C2=C(C=C(C=C2)N3CCC(CC3)C=O)F,Cc1cc(C(F)(F)F)nn1CC(C(=O)C(O)C1CCN(c2ccc(C(=O)NC3CCC(=O)NC3=O)c(F)c2)CC1)N1CCC(c2nc(CCl)cs2)CC1,4.450969244489193,6.2343,round7,test,53
SUUCOGNUSPOGOY-UHFFFAOYSA-N__BOLOHUXVFXRCQK-UHFFFAOYSA-N,holdout,COC1=C(C=C2C(=C1)C(=NC=N2)OC3=CC=C(C=C3)CC(=O)NC4=C(C=CC(=C4)C=O)F)OC,CC(C=O)(C1C(=O)N(CCO1)C2=CC=CC(=N2)C(F)(F)F)O,COc1cc2ncnc(Oc3ccc(CC(=O)Nc4cc(C(=O)C(O)C(C)(O)C5OCCN(c6cccc(C(F)(F)F)n6)C5=O)ccc4F)cc3)c2cc1OC,3.3670532959559574,5.1136,round7,test,56
BOLOHUXVFXRCQK-UHFFFAOYSA-N__SUUCOGNUSPOGOY-UHFFFAOYSA-N,holdout,CC(C=O)(C1C(=O)N(CCO1)C2=CC=CC(=N2)C(F)(F)F)O,COC1=C(C=C2C(=C1)C(=NC=N2)OC3=CC=C(C=C3)CC(=O)NC4=C(C=CC(=C4)C=O)F)OC,COc1cc2ncnc(Oc3ccc(CC(=O)Nc4cc(C(O)C(=O)C(C)(O)C5OCCN(c6cccc(C(F)(F)F)n6)C5=O)ccc4F)cc3)c2cc1OC,5.335799336614286,5.7226,round7,test,56
JSHBMDIJOGPLJT-FVMZRBCSSA-N__UWQQZAOIJAEVDJ-UHFFFAOYSA-N,holdout,CC(=O)C(C[C@@H]1C/C=C\2/[C@](CCNC1)(C3=CC=CC=C3N2)O)C=O,C1C(=O)COC2=C(O1)C=CC(=C2)C=O,CC(=O)C(CC1CC=C2Nc3ccccc3C2(O)CCNC1)C(=O)C(O)c1ccc2c(c1)OCC(=O)CO2,5.843836336325244,7.1091,round7,test,38
OBWGFHSWWYLPLD-UHFFFAOYSA-N__GCEGLMFBNPWYQO-SLPGGIOYSA-N,holdout,C1CC2=C(C1C3=C(C=C(C=C3)F)C=O)N=CC=C2,C([C@@H]([C@H]([C@@H]([C@@H](C=O)O)O)F)O)O,O=C(c1cc(F)ccc1C1CCc2cccnc21)C(O)C(O)C(O)C(F)C(O)CO,5.052209378041956,-0.5692,round7,test,30
QVRKJZUJNTYHPY-UHFFFAOYSA-N__WGHJLRMUHZIXGD-UHFFFAOYSA-N,holdout,C1CC(CCC1CC=O)C2CCC(=CC2)C3=C(C(=C(C=C3)C4CO4)F)F,C1=CC(=CC(=C1)OCC2=CC3=[N+](ON=C3C=C2)[O-])C=O,O=C(CC1CCC(C2CC=C(c3ccc(C4CO4)c(F)c3F)CC2)CC1)C(O)c1cccc(OCc2ccc3no[n+]([O-])c3c2)c1,1.3352825113544702,4.3099,round7,test,46
KOEKQWTUXKVUEU-FSEBUJBSSA-N__MAPSRSTXYJBBJE-UHFFFAOYSA-N,holdout,C(/C=C(\C=C/N)/C(F)(F)F)C=O,C1=CC2=C(C(=C1)C=O)ONC=C2,NC=CC(=CCC(=O)C(O)c1cccc2c1ONC=C2)C(F)(F)F,0.6144009153664193,0.7784,round7,test,24
MAPSRSTXYJBBJE-UHFFFAOYSA-N__KOEKQWTUXKVUEU-FSEBUJBSSA-N,holdout,C1=CC2=C(C(=C1)C=O)ONC=C2,C(/C=C(\C=C/N)/C(F)(F)F)C=O,NC=CC(=CCC(O)C(=O)c1cccc2c1ONC=C2)C(F)(F)F,-0.9611904286440728,5.7063,round7,test,24
PPPCDLWSEAOPAD-UHFFFAOYSA-N__YSHRYINUSAHNNX-UHFFFAOYSA-N,holdout,CC(C)(CCC=O)C#C,B1(C2=CC(=CC(=C2CO1)C3=CC=C(O3)C=O)F)O,C#CC(C)(C)CCC(=O)C(O)c1ccc(-c2cc(F)cc3c2COB3O)o1,1.0561944451222338,0.0298,round7,test,27
BHEOEEMPNRAZGY-UHFFFAOYSA-N__TWLHKDDYOQKYSA-UHFFFAOYSA-N,holdout,C1CC1N2C=C(C=N2)C3=C(C=NC=C3C=CC(=O)NC4=CC=C(C=C4)C=O)F,C1COC2(CCOCC2)CC1OC3=C(C=C(C=C3)C=O)F,O=C(C=Cc1cncc(F)c1-c1cnn(C2CC2)c1)Nc1ccc(C(=O)C(O)c2ccc(OC3CCOC4(CCOCC4)C3)c(F)c2)cc1,15.78634115066387,7.2667,round7,test,49
TWLHKDDYOQKYSA-UHFFFAOYSA-N__BHEOEEMPNRAZGY-UHFFFAOYSA-N,holdout,C1COC2(CCOCC2)CC1OC3=C(C=C(C=C3)C=O)F,C1CC1N2C=C(C=N2)C3=C(C=NC=C3C=CC(=O)NC4=CC=C(C=C4)C=O)F,O=C(C=Cc1cncc(F)c1-c1cnn(C2CC2)c1)Nc1ccc(C(O)C(=O)c2ccc(OC3CCOC4(CCOCC4)C3)c(F)c2)cc1,13.408236308769336,11.5889,round7,test,49
CPKJCEOMHFMSOU-UHFFFAOYSA-N__HOGKKXAYBTWLGR-UHFFFAOYSA-N,holdout,CC1=NN2C(=C(N=C2C(F)(F)F)C=O)C=C1,C1CCOC(C1)COC2=C(C=CC=C2F)C=O,Cc1ccc2c(C(=O)C(O)c3cccc(F)c3OCC3CCCCO3)nc(C(F)(F)F)n2n1,3.0339782518510754,0.9575,round7,test,33
HOGKKXAYBTWLGR-UHFFFAOYSA-N__CPKJCEOMHFMSOU-UHFFFAOYSA-N,holdout,C1CCOC(C1)COC2=C(C=CC=C2F)C=O,CC1=NN2C(=C(N=C2C(F)(F)F)C=O)C=C1,Cc1ccc2c(C(O)C(=O)c3cccc(F)c3OCC3CCCCO3)nc(C(F)(F)F)n2n1,11.630881093030458,7.5307,round7,test,33
SGAVGXBTRRFBPJ-UHFFFAOYSA-N__USFGOCJGKMWGEB-UHFFFAOYSA-N,holdout,CC1CCC(CNC1)COC2=C(C=C(C=C2)C=O)F,CC(C)(C)NC1=NC=C(C(=C1)C(F)F)C2=C(N=C(S2)C=O)C(=O)N3C4CCC3CC4,CC1CCC(COc2ccc(C(=O)C(O)c3nc(C(=O)N4C5CCC4CC5)c(-c4cnc(NC(C)(C)C)cc4C(F)F)s3)cc2F)CNC1,6.106755119739545,0.3521,round7,test,49
YSDFIHXJIJIAAL-UHFFFAOYSA-N__NYSJBGFOVAYLTL-UHFFFAOYSA-N,holdout,C1=CC=C(C=C1)OC2=CC3=C(C=C2)NC=C3C=O,C1=CC(=C(C=C1C=O)[N+](=O)[O-])OCC(=O)NCCC2=CNC3=C2C=CC(=C3)F,O=C(COc1ccc(C(O)C(=O)c2c[nH]c3ccc(Oc4ccccc4)cc23)cc1[N+](=O)[O-])NCCc1c[nH]c2cc(F)ccc12,1.997027714982381,2.7012,round7,test,46
NYSJBGFOVAYLTL-UHFFFAOYSA-N__YSDFIHXJIJIAAL-UHFFFAOYSA-N,holdout,C1=CC(=C(C=C1C=O)[N+](=O)[O-])OCC(=O)NCCC2=CNC3=C2C=CC(=C3)F,C1=CC=C(C=C1)OC2=CC3=C(C=C2)NC=C3C=O,O=C(COc1ccc(C(=O)C(O)c2c[nH]c3ccc(Oc4ccccc4)cc23)cc1[N+](=O)[O-])NCCc1c[nH]c2cc(F)ccc12,12.148649707162472,5.3829,round7,test,46
UOHIQZBFOLANRK-UHFFFAOYSA-N__IPPAHYCJFKIFHC-UHFFFAOYSA-N,holdout,C1=CC=C(C=C1)C=CC2=NN(C=C2C=O)C3=NC=C(C=C3)C(F)(F)F,C1CCC(C1)C2=C(C=C(C=C2)COC3=CC4=C(C=C3)NC(=C4)C=O)C(F)(F)F,O=C(c1cn(-c2ccc(C(F)(F)F)cn2)nc1C=Cc1ccccc1)C(O)c1cc2cc(OCc3ccc(C4CCCC4)c(C(F)(F)F)c3)ccc2[nH]1,9.86944791443188,7.6189,round7,test,53
ZQYULIXQISCKLV-UHFFFAOYSA-N__QAIJMKLVIVRPAR-UHFFFAOYSA-N,holdout,CC1=NOC(C1C=O)C2=CC=CC=C2,CC1(CC2=C(C(=O)C1)C(=NO2)CC(C=O)C3=CC(=CC=C3)[N+](=O)[O-])C,CC1=NOC(c2ccccc2)C1C(=O)C(O)C(Cc1noc2c1C(=O)CC(C)(C)C2)c1cccc([N+](=O)[O-])c1,1.5662959726870151,0.8669,round7,test,39
LSQSAWNMBQIDQM-UHFFFAOYSA-N__NZSLDAJAPFWZBZ-UHFFFAOYSA-N,holdout,CCC(CC)(C=O)C(=O)OC,CC12CC(=CC=C1N(C(=O)O2)C3=CC=CC=C3)CCC=O,CCC(CC)(C(=O)OC)C(=O)C(O)CCC1=CC=C2N(c3ccccc3)C(=O)OC2(C)C1,2.628970771594432,5.6843,round7,test,32
NZSLDAJAPFWZBZ-UHFFFAOYSA-N__LSQSAWNMBQIDQM-UHFFFAOYSA-N,holdout,CC12CC(=CC=C1N(C(=O)O2)C3=CC=CC=C3)CCC=O,CCC(CC)(C=O)C(=O)OC,CCC(CC)(C(=O)OC)C(O)C(=O)CCC1=CC=C2N(c3ccccc3)C(=O)OC2(C)C1,2.41023240649088,5.2559,round7,test,32
SAYBZWYDTUFZLV-YVMONPNESA-N__GAALIZYIJVFJCC-UHFFFAOYSA-N,holdout,CC(C(C=O)OC)/C(=C/C(=O)OC)/OC,CC1=C(CC(CC1)(CC2=CC=CC=C2)C=O)C,COC(=O)C=C(OC)C(C)C(OC)C(=O)C(O)C1(Cc2ccccc2)CCC(C)=C(C)C1,-1.2111392097984046,-0.3452,round7,test,32
GAALIZYIJVFJCC-UHFFFAOYSA-N__SAYBZWYDTUFZLV-YVMONPNESA-N,holdout,CC1=C(CC(CC1)(CC2=CC=CC=C2)C=O)C,CC(C(C=O)OC)/C(=C/C(=O)OC)/OC,COC(=O)C=C(OC)C(C)C(OC)C(O)C(=O)C1(Cc2ccccc2)CCC(C)=C(C)C1,-3.57266786874039,-3.6374,round7,test,32
UWQQZAOIJAEVDJ-UHFFFAOYSA-N__JSHBMDIJOGPLJT-FVMZRBCSSA-N,holdout,C1C(=O)COC2=C(O1)C=CC(=C2)C=O,CC(=O)C(C[C@@H]1C/C=C\2/[C@](CCNC1)(C3=CC=CC=C3N2)O)C=O,CC(=O)C(CC1CC=C2Nc3ccccc3C2(O)CCNC1)C(O)C(=O)c1ccc2c(c1)OCC(=O)CO2,3.9218560252417696,4.8745,round7,test,38
GCEGLMFBNPWYQO-SLPGGIOYSA-N__OBWGFHSWWYLPLD-UHFFFAOYSA-N,holdout,C([C@@H]([C@H]([C@@H]([C@@H](C=O)O)O)F)O)O,C1CC2=C(C1C3=C(C=C(C=C3)F)C=O)N=CC=C2,O=C(C(O)c1cc(F)ccc1C1CCc2cccnc21)C(O)C(O)C(F)C(O)CO,2.763488188483479,1.6218,round7,test,30
WGHJLRMUHZIXGD-UHFFFAOYSA-N__QVRKJZUJNTYHPY-UHFFFAOYSA-N,holdout,C1=CC(=CC(=C1)OCC2=CC3=[N+](ON=C3C=C2)[O-])C=O,C1CC(CCC1CC=O)C2CCC(=CC2)C3=C(C(=C(C=C3)C4CO4)F)F,O=C(c1cccc(OCc2ccc3no[n+]([O-])c3c2)c1)C(O)CC1CCC(C2CC=C(c3ccc(C4CO4)c(F)c3F)CC2)CC1,3.5387794738952256,6.0221,round7,test,46
YSHRYINUSAHNNX-UHFFFAOYSA-N__PPPCDLWSEAOPAD-UHFFFAOYSA-N,holdout,B1(C2=CC(=CC(=C2CO1)C3=CC=C(O3)C=O)F)O,CC(C)(CCC=O)C#C,C#CC(C)(C)CCC(O)C(=O)c1ccc(-c2cc(F)cc3c2COB3O)o1,-1.9862074345020573,-0.9918,round7,test,27
USFGOCJGKMWGEB-UHFFFAOYSA-N__SGAVGXBTRRFBPJ-UHFFFAOYSA-N,holdout,CC(C)(C)NC1=NC=C(C(=C1)C(F)F)C2=C(N=C(S2)C=O)C(=O)N3C4CCC3CC4,CC1CCC(CNC1)COC2=C(C=C(C=C2)C=O)F,CC1CCC(COc2ccc(C(O)C(=O)c3nc(C(=O)N4C5CCC4CC5)c(-c4cnc(NC(C)(C)C)cc4C(F)F)s3)cc2F)CNC1,8.109508618199364,2.4481,round7,test,49
IPPAHYCJFKIFHC-UHFFFAOYSA-N__UOHIQZBFOLANRK-UHFFFAOYSA-N,holdout,C1CCC(C1)C2=C(C=C(C=C2)COC3=CC4=C(C=C3)NC(=C4)C=O)C(F)(F)F,C1=CC=C(C=C1)C=CC2=NN(C=C2C=O)C3=NC=C(C=C3)C(F)(F)F,O=C(c1cc2cc(OCc3ccc(C4CCCC4)c(C(F)(F)F)c3)ccc2[nH]1)C(O)c1cn(-c2ccc(C(F)(F)F)cn2)nc1C=Cc1ccccc1,7.433486810721351,7.3847,round7,test,53
BHZMIMWLXCEQDL-UHFFFAOYSA-N__ZAVYLQGLQYIKKF-LFRDXLMFSA-N,train_round1,CC(C)(C)OC(=O)N1CCN(Cc2ccccc2)CC1C=O,O=C[C@H](O)[C@@H](O)[C@@H](O)C(=O)CO,CC(C)(C)OC(=O)N1CCN(Cc2ccccc2)CC1C(=O)C(O)C(O)C(O)C(O)C(=O)CO,-4.0834609226954655,0.9795,round1,mixed,34
RDLHQGLJEDJKHG-UHFFFAOYSA-N__ZLUOQEHPPOJAOM-UHFFFAOYSA-N,train_round1,C=C=CCN(CCC=O)C(=O)OC(C)(C)C,O=CC1CCN(c2ccc(F)cc2O)CC1,C=C=CCN(CCC(=O)C(O)C1CCN(c2ccc(F)cc2O)CC1)C(=O)OC(C)(C)C,0.1174899944057036,-1.0201,round1,train,32
OVZSTMLKLFDZAD-UHFFFAOYSA-N__XGGBCMGCZQMIQF-UHFFFAOYSA-N,train_round1,CC(CC=O)N(N)c1nc(N(C)c2ccc3[nH]ncc3c2)c(C(N)=O)cc1F,COc1c(C(C)CC=O)cc(Cl)c(F)c1C,COc1c(C(C)CC(O)C(=O)CC(C)N(N)c2nc(N(C)c3ccc4[nH]ncc4c3)c(C(N)=O)cc2F)cc(Cl)c(F)c1C,1.0238986389251392,-3.3163,round1,mixed,44
LHQVRCNKIKXXHV-LSDHHAIUSA-N__DNYHWAFTTRLRTJ-UHFFFAOYSA-N,train_round1,CC(=O)O[C@H](C=O)[C@H](Cc1ccccc1)NC(=O)OC(C)(C)C,O=CC(O)CNC(=O)OCc1ccccc1,CC(=O)OC(C(=O)C(O)C(O)CNC(=O)OCc1ccccc1)C(Cc1ccccc1)NC(=O)OC(C)(C)C,-6.398911306176344,-8.8878,round1,train,39
RTMVZAZNAONVCQ-UHFFFAOYSA-N__JQIBLPXNGGGPDV-UHFFFAOYSA-N,train_round1,CCOC(=O)CC(C)CCC=O,Cc1ccccc1OCCC=O,CCOC(=O)CC(C)CCC(=O)C(O)CCOc1ccccc1C,1.039477444497534,-1.2442,round1,train,24
PTRGVAIZHRFCHD-UHFFFAOYSA-N__PSQUMGMPOOWFFA-UHFFFAOYSA-N,train_round1,O=CC12CCCC=C1SC(C(=O)c1cccc3ccccc13)C2,NN1C=CCN(c2ccc(F)cc2)C1C=O,NN1C=CCN(c2ccc(F)cc2)C1C(O)C(=O)C12CCCC=C1SC(C(=O)c1cccc3ccccc13)C2,0.5894235101873578,-5.4547,round1,mixed,39
FIAHPTJTOFELSF-UHFFFAOYSA-N__CATUAIJPMONMQO-ZDUSSCGKSA-N,train_round1,CC(C)S(=O)(=O)c1ccc(C(F)(F)C=O)cc1,CN(C)c1cccc2c(S(=O)(=O)N[C@H](C=O)CCCN=C(N)N)cccc12,CC(C)S(=O)(=O)c1ccc(C(F)(F)C(=O)C(O)C(CCCN=C(N)N)NS(=O)(=O)c2cccc3c(N(C)C)cccc23)cc1,1.67352617034945,-0.591,round1,train,44
CVFPGSFHMSWTJO-UHFFFAOYSA-N__WIXJLVCGPRNAPC-UHFFFAOYSA-N,train_round1,Cc1ccc(CC(F)C=O)cc1,Cc1cc(Cl)c(OC(F)F)c(C=O)c1,Cc1ccc(CC(F)C(=O)C(O)c2cc(C)cc(Cl)c2OC(F)F)cc1,-0.3664865148919961,1.0265,round1,train,26
IUHPSLZZALBBDU-UHFFFAOYSA-N__CALTVSOZAJMIGE-VXUIKNBNSA-N,train_round1,CC(F)c1ccccc1CCC=O,CC(=O)O[C@@H]([C@@H](O)[C@H](O)C=O)[C@H](C)O,CC(=O)OC(C(C)O)C(O)C(O)C(O)C(=O)CCc1ccccc1C(C)F,0.0309106372709084,3.4944,round1,mixed,27
LIZIYRVVNJDYTN-UHFFFAOYSA-N__AGDNIICUNPJAJY-UHFFFAOYSA-N,train_round1,CC1COCCN1c1ccc(F)cc1C=O,O=Cc1cc(-c2cccc(C(=O)NCc3ccccc3)c2)ccc1O,CC1COCCN1c1ccc(F)cc1C(=O)C(O)c1cc(-c2cccc(C(=O)NCc3ccccc3)c2)ccc1O,6.879705469145971,4.8141,round1,train,41
VXWAFFKYYPGUPG-UHFFFAOYSA-N__SRHMIFSAKOFAQT-UHFFFAOYSA-N,train_round1,COC(=O)c1cc(C(=O)OC)cc(-n2c(C)cc(C=O)c2C)c1,CC(C)(C)OC(=O)Nc1cc(C(F)(F)F)ccc1CCC=O,COC(=O)c1cc(C(=O)OC)cc(-n2c(C)cc(C(=O)C(O)CCc3ccc(C(F)(F)F)cc3NC(=O)OC(C)(C)C)c2C)c1,3.006116737761112,2.0002,round1,train,45
VMHCAWQZKIWDEK-UHFFFAOYSA-N__ICMHHHVASVLFAN-UHFFFAOYSA-N,train_round1,COC(C=O)(CBr)c1ccc(C(F)(F)F)cc1,Cc1cc(F)ccc1-n1cc(C=O)c(-c2ccc(Br)o2)n1,COC(CBr)(C(=O)C(O)c1cn(-c2ccc(F)cc2C)nc1-c1ccc(Br)o1)c1ccc(C(F)(F)F)cc1,6.562195237856647,1.5589,round1,train,38
ZUVZRSWLRTVFLQ-UHFFFAOYSA-N__STTHGMDNIRTDSP-UHFFFAOYSA-N,train_round1,COc1ccc(-c2csc(C=O)c2)cc1CNC(=O)c1ccc(Cl)cc1F,CN1CCC2OC(=O)N(C)C2(CC=O)C1,COc1ccc(-c2csc(C(=O)C(O)CC34CN(C)CCC3OC(=O)N4C)c2)cc1CNC(=O)c1ccc(Cl)cc1F,3.747596304594485,-7.1675,round1,mixed,42
CMVSPFUYTQLKBI-UHFFFAOYSA-N__CFAOMNVLPGEHGZ-UHFFFAOYSA-N,train_round1,O=CCC1CCC(c2ccc(F)cc2)CC1,Cc1cc(C)c(C(O)C=O)c(F)c1,Cc1cc(C)c(C(O)C(O)C(=O)CC2CCC(c3ccc(F)cc3)CC2)c(F)c1,3.658157538233309,2.2606,round1,train,29
JLNYVZJIXMULBB-UHFFFAOYSA-N__YZHASECIFLRNPV-SSAZZLEASA-N,train_round1,O=Cc1ccc(N2CCC(C(=O)N(Cc3ccc([N+](=O)[O-])cc3)C3CC3)CC2)cc1,Cc1cc(Oc2c(C=O)c(C(F)(F)F)nn2C)cc(C)c1C1C(=O)[C@@H]2[C@H](C1=O)[C@H]1CC[C@@H]2O1,Cc1cc(Oc2c(C(O)C(=O)c3ccc(N4CCC(C(=O)N(Cc5ccc([N+](=O)[O-])cc5)C5CC5)CC4)cc3)c(C(F)(F)F)nn2C)cc(C)c1C1C(=O)C2C3CCC(O3)C2C1=O,5.454647087859949,4.6565,round1,train,63
UIUIAQNKTVOVFY-UHFFFAOYSA-N__RKHLWKQBMZUXJF-UHFFFAOYSA-N,train_round1,CC1C2CC(N(C)C(Cn3cc(C(=O)NCc4ccc(F)cc4F)c(=O)c(O)c3C=O)O2)C1(F)F,O=Cc1ncc(-c2c(F)c(F)c(F)c(F)c2F)cc1F,CC1C2CC(N(C)C(Cn3cc(C(=O)NCc4ccc(F)cc4F)c(=O)c(O)c3C(=O)C(O)c3ncc(-c4c(F)c(F)c(F)c(F)c4F)cc3F)O2)C1(F)F,4.790580051393491,5.8655,round1,train,55
YVUBNSSWSOVSEN-UHFFFAOYSA-N__YZFBSRWYFQIBFN-UHFFFAOYSA-N,train_round1,O=Cc1cc([N+](=O)[O-])ccc1Sc1ccc(Cl)cc1Cl,O=Cc1cc(F)ncc1-c1ccc(Cl)cc1Cl,O=C(c1cc([N+](=O)[O-])ccc1Sc1ccc(Cl)cc1Cl)C(O)c1cc(F)ncc1-c1ccc(Cl)cc1Cl,3.505127243338619,-0.5366,round1,train,37
BACFTJKEXDBESE-UHFFFAOYSA-N__QBJRHRRRHXBGLG-UHFFFAOYSA-N,train_round1,O=CC(C(=O)Nc1cccc(-c2ccccc2)c1)N1CCN(C(=O)c2ccccc2C(F)(F)F)CC1,CCS(=O)(=O)c1cc(C=O)cnc1-c1nc2cc(C(F)(F)F)cnc2n1C,CCS(=O)(=O)c1cc(C(O)C(=O)C(C(=O)Nc2cccc(-c3ccccc3)c2)N2CCN(C(=O)c3ccccc3C(F)(F)F)CC2)cnc1-c1nc2cc(C(F)(F)F)cnc2n1C,5.163699956569967,1.5129,round1,mixed,63
PWDZOVSBTJAABH-UHFFFAOYSA-N__LYOXJJQOHIJFPD-UHFFFAOYSA-N,train_round1,O=Cc1c(OC(F)F)ccc(Cl)c1F,COc1cc(OCCCCCCCCCCCCCBr)cc(O)c1C=O,COc1cc(OCCCCCCCCCCCCCBr)cc(O)c1C(O)C(=O)c1c(OC(F)F)ccc(Cl)c1F,10.331954437173549,5.5976,round1,train,40
AERBPVKCWDAIIB-UHFFFAOYSA-N__JASFYLCGBIKWNT-ZDUSSCGKSA-N,train_round1,CC(=O)Nc1ccccc1Oc1cccc(F)c1C=O,C[C@H](OC(=O)COc1ccc(C=O)cc1)C(=O)NCc1ccc(F)cc1,CC(=O)Nc1ccccc1Oc1cccc(F)c1C(=O)C(O)c1ccc(OCC(=O)OC(C)C(=O)NCc2ccc(F)cc2)cc1,12.577777754237824,7.5437,round1,train,46
UDYQQOWAOFCYIV-UHFFFAOYSA-N__RRZCXAVADGOJCY-UHFFFAOYSA-N,train_round1,O=Cc1ccc(C(=O)NCCc2ccccc2)cc1,Cc1cc(NC(=O)C2CCN(c3ccc(C=O)cc3)CC2)ncc1I,Cc1cc(NC(=O)C2CCN(c3ccc(C(O)C(=O)c4ccc(C(=O)NCCc5ccccc5)cc4)cc3)CC2)ncc1I,9.611344039693718,5.2657,round1,train,44
LMUQTIMOIJDYMJ-UHFFFAOYSA-N__ZSLYPWDYNSFTKL-UHFFFAOYSA-N,train_round1,O=CC1(O)C=CC(c2ccccc2Cl)=CC1F,CC1(C)C(O)C1(O)C=O,CC1(C)C(O)C1(O)C(O)C(=O)C1(O)C=CC(c2ccccc2Cl)=CC1F,9.061354908968552,8.6317,round1,train,26
IVXCAMJPPIEWPL-UHFFFAOYSA-N__BMYJEFXPGLCOTQ-UHFFFAOYSA-N,train_round1,O=Cc1ccc(OCC2CCCCO2)c(F)c1,NCCOc1ccc(F)cc1C1CCCN1c1ccn2ncc(C=O)c2n1,NCCOc1ccc(F)cc1C1CCCN1c1ccn2ncc(C(O)C(=O)c3ccc(OCC4CCCCO4)c(F)c3)c2n1,18.655647523803008,13.9246,round1,mixed,44
QBMARTBTGPLUBB-UHFFFAOYSA-N__KLTDWPQEFAFYEG-UHFFFAOYSA-N,train_round1,Cc1cn2c(s1)c(C=O)c(=O)c1cc(F)c(F)cc12,O=Cc1ccc(F)c(C(=O)N2CCC(N(Cc3ccccc3)C(=O)O)C2)c1,Cc1cn2c(s1)c(C(=O)C(O)c1ccc(F)c(C(=O)N3CCC(N(Cc4ccccc4)C(=O)O)C3)c1)c(=O)c1cc(F)c(F)cc12,7.24813996672283,9.4539,round1,mixed,46
YIRVSMGLMINZSQ-UHFFFAOYSA-N__YHFKIOHWVZCIQL-UHFFFAOYSA-N,train_round1,N#Cc1ccc(-n2c(C=O)cnc2C(F)(F)Br)cc1,CC1Nc2cc(Cc3ccc(F)cc3)c(C=O)nc2OC1N1CCC1O[Si](C)(C)C(C)(C)C,CC1Nc2cc(Cc3ccc(F)cc3)c(C(O)C(=O)c3cnc(C(F)(F)Br)n3-c3ccc(C#N)cc3)nc2OC1N1CCC1O[Si](C)(C)C(C)(C)C,15.602383998520128,7.6129,round1,mixed,52
OTSVJVJKJKWJIM-UHFFFAOYSA-N__RUSGOYZIEBVYFJ-UHFFFAOYSA-N,train_round1,COc1cncc(C=O)c1F,Cc1cc(-n2c(C)cc(C=O)c2C)ccc1I,COc1cncc(C(=O)C(O)c2cc(C)n(-c3ccc(I)c(C)c3)c2C)c1F,9.477902416066971,9.234,round1,train,28
AFILYHYLBWROND-YUMQZZPRSA-N__CYFPFOYKFRTYFE-UHFFFAOYSA-N,train_round10,C[C@@H](C(=O)NCC=O)NC(=O)[C@H](CN1C=C(N=N1)P(=O)(O)O)NC(=O)CN,CC1C(CC2(C1C2)C(C)C)C=O,CC(NC(=O)C(Cn1cc(P(=O)(O)O)nn1)NC(=O)CN)C(=O)NCC(=O)C(O)C1CC2(C(C)C)CC2C1C,2.1313656706611908,1.6645,round10,train,39
TVBLHQDIZCXNFT-FJGDRVTGSA-N__QSXQHBKWSNXBEZ-UHFFFAOYSA-N,train_round10,C([C@@H]1[C@H]([C@H]([C@@H](O1)N2C(=C(C(=O)NC2=O)F)C=O)O)O)O,C1=C(C(=CS1)F)C=O,O=C(c1c(F)c(=O)[nH]c(=O)n1C1OC(CO)C(O)C1O)C(O)c1cscc1F,1.0867620812520398,6.2796,round10,train,28
MCXMMHXTPRAGQL-UHFFFAOYSA-N__NNVQFBXFUJKFEW-UHFFFAOYSA-N,train_round10,C1=CC(=C(N=C1)C2=NOC(=C2)C=O)F,CN(CC(CC=O)(C1=CC(=C(C=C1)Cl)Cl)N(C)C(=O)O)C(=O)C(F)(F)Cl,CN(CC(CC(O)C(=O)c1cc(-c2ncccc2F)no1)(c1ccc(Cl)c(Cl)c1)N(C)C(=O)O)C(=O)C(F)(F)Cl,-2.692945628527943,2.786,round10,train,40
HHXNCUALZFMSFF-UHFFFAOYSA-N__FPNWXSAZLKXYOD-UHFFFAOYSA-N,train_round10,CC(CCC1=CC2=C(C=C1Br)OC(O2)(F)F)C=O,CC1=CC(=C(C=C1)OC(F)F)CCC=O,Cc1ccc(OC(F)F)c(CCC(O)C(=O)C(C)CCc2cc3c(cc2Br)OC(F)(F)O3)c1,0.0483419597746821,-0.688,round10,train,33
VDAHAWZIEWBMJS-UHFFFAOYSA-N__PGDNPRWIXYELEV-UHFFFAOYSA-N,train_round10,CN1C(OC2=C1C(=CC(=C2)[N+](=O)[O-])F)C=O,CNC(=O)C(CCC=O)N1CC2=C(C1=O)SC(=C2)CNC(=O)NC3=CC(=C(C=C3)F)N(C)C,CNC(=O)C(CCC(O)C(=O)C1Oc2cc([N+](=O)[O-])cc(F)c2N1C)N1Cc2cc(CNC(=O)Nc3ccc(F)c(N(C)C)c3)sc2C1=O,-2.0011946641282288,-0.9666,round10,train,49
FFZVFTLTPGZJMT-UHFFFAOYSA-N__HIXUDGYLBZFUKJ-MPHOGZCYSA-N,train_round10,CNCC1CCN(CC1)C2=NC(=CC(=N2)OCC(F)(F)F)C=O,C[C@H](CC(=O)[C@H](C(C)C)NC(=O)C1=CC2=CC=CC=C2C=C1)C(=O)N[C@@H](CC(=O)O)C=O,CNCC1CCN(c2nc(OCC(F)(F)F)cc(C(=O)C(O)C(CC(=O)O)NC(=O)C(C)CC(=O)C(NC(=O)c3ccc4ccccc4c3)C(C)C)n2)CC1,-4.011320779323363,-0.9964,round10,train,55
UPDWKUQWTAJPNJ-UHFFFAOYSA-N__BUIXWYJJGFPKMS-UHFFFAOYSA-N,train_round10,CSC1=CC2=NN(C=C2C=C1N3C(C=CC=C3C(F)(F)F)C(=O)O)C4CCC(CC4)C=O,CCOP(=O)(C(C1=C(C=C(C=C1)C=O)Br)(F)F)OCC,CCOP(=O)(OCC)C(F)(F)c1ccc(C(O)C(=O)C2CCC(n3cc4cc(N5C(C(F)(F)F)=CC=CC5C(=O)O)c(SC)cc4n3)CC2)cc1Br,-5.967621257142174,-1.3253,round10,train,52
MUUAHBMMGUMBOG-UHFFFAOYSA-N__OCKZOGWOUYZAPU-UHFFFAOYSA-N,train_round10,CC(CC1=CC=C(C=C1)F)NS(=O)(=O)C2=CC=C(O2)C=O,CCOC(=O)C1=C2C=CC(=CN2C(=C1C(=O)OC)C(=O)OC)C=O,CCOC(=O)c1c(C(=O)OC)c(C(=O)OC)n2cc(C(O)C(=O)c3ccc(S(=O)(=O)NC(C)Cc4ccc(F)cc4)o3)ccc12,2.482256732999668,4.5343,round10,train,45
HOCOFESCURVVBA-CVEARBPZSA-N__NWAFNEBXHPVCDE-UHFFFAOYSA-N,train_round10,CC(C)(C)[Si](C)(C)O[C@@H](CCC1=CC=CC=C1)[C@@H](C=O)Cl,COC1=CC2=C(C(=C1)OC)C(=O)OC2CCC=O,COc1cc(OC)c2c(c1)C(CCC(O)C(=O)C(Cl)C(CCc1ccccc1)O[Si](C)(C)C(C)(C)C)OC2=O,1.8979771900957696,2.7669,round10,train,39
NYZHMTXKRRJSCN-UHFFFAOYSA-N__JOFOGUYFRVLJBP-UHFFFAOYSA-N,train_round10,C1=CC(=C(C(=C1)OCCI)OCCI)C=O,C1=C(C(=NC(=C1I)C(F)F)C=O)CBr,O=C(c1cccc(OCCI)c1OCCI)C(O)c1nc(C(F)F)c(I)cc1CBr,1.8255593030241235,-1.808,round10,train,30
RCXJLPYOJRZNDH-UHFFFAOYSA-N__WNGTUUXLXGGYON-RDJZCZTQSA-N,train_round10,C1=CC=C(C(=C1)CCN2N=C3C=CC=CC3=[N+]2[O-])C=O,CC1=CC=C(C=C1)S(=O)(=O)N[C@@H](C(C)C)C(=O)N[C@@H](CC(C)C)C=O,Cc1ccc(S(=O)(=O)NC(C(=O)NC(CC(C)C)C(O)C(=O)c2ccccc2CCn2nc3ccccc3[n+]2[O-])C(C)C)cc1,2.9419636061727243,-1.5761,round10,train,45
AFGXEMKLFPHIBT-UHFFFAOYSA-N__FDRBZYABCFFEQL-UHFFFAOYSA-N,train_round10,C1CC2C(C1)N(C3=CC=CC=C3C2C(CC=O)(C(=O)O)N)C(=O)C4=CC(=CC(=C4)F)F,CC1=NC(=NN1C2=CC=CC=C2F)C=O,Cc1nc(C(O)C(=O)CC(N)(C(=O)O)C2c3ccccc3N(C(=O)c3cc(F)cc(F)c3)C3CCCC32)nn1-c1ccccc1F,1.0415580970198373,1.7959,round10,train,46
NNDBGIRIBMKZCF-UHFFFAOYSA-N__SBGXFFDZDWJSHO-UHFFFAOYSA-N,train_round10,CC(CC=O)C1=CC2=C(C(=C1F)Br)OCCO2,CC1=C(C(=C(C(=C1OC)OC)C=O)[N+](=O)[O-])OC,COc1c(C)c(OC)c([N+](=O)[O-])c(C(O)C(=O)CC(C)c2cc3c(c(Br)c2F)OCCO3)c1OC,-6.936282571777378,-8.8642,round10,train,35
KIJUPVMEPMXFPQ-UHFFFAOYSA-N__KYUFVBFSSDTLJA-UHFFFAOYSA-N,train_round10,CC1=C(C(=NN1)C2=CC=C(C=C2)C=O)C(F)(F)F,C(C=O)P(=O)(O)OF,Cc1[nH]nc(-c2ccc(C(=O)C(O)CP(=O)(O)OF)cc2)c1C(F)(F)F,2.7445744799849874,5.1928,round10,train,26
HTMFFZLKBRFNKV-UHFFFAOYSA-N__ZJUUPNHTEDZROU-UHFFFAOYSA-N,train_round10,C1CC1C(=O)NC2=NC=C(N=C2)C3=CC(=C(N=C3)C#N)NC(CC=O)CNCC(F)F,C1=CC=C(C=C1)C2=C3C=CC=C(C3=NC=C2C=O)C(F)(F)F,N#Cc1ncc(-c2cnc(NC(=O)C3CC3)cn2)cc1NC(CNCC(F)F)CC(=O)C(O)c1cnc2c(C(F)(F)F)cccc2c1-c1ccccc1,-4.387046747873487,-5.265,round10,train,53
IXSHOLSLOFZFOZ-WAYWQWQTSA-N__QIGDYLHBVLKZMR-GOSISDBHSA-N,train_round10,CCCC(CN(C)/C=C\C1=CC(=C(C=C1C=O)F)C2=NC=C(C=N2)C(F)(F)F)O,C1C=C[C@](C2=C1C=C(C=C2)C3=CC(=CC=C3)OC(F)(F)F)(C=O)NC(=O)O,CCCC(O)CN(C)C=Cc1cc(-c2ncc(C(F)(F)F)cn2)c(F)cc1C(=O)C(O)C1(NC(=O)O)C=CCc2cc(-c3cccc(OC(F)(F)F)c3)ccc21,-1.8172507155830264,-11.8627,round10,train,56
QLMKSEBQHLJGOC-UHFFFAOYSA-N__UEEPGOAAMIRRAI-UHFFFAOYSA-N,train_round10,CC1=C(C=C(C=C1)CCC(C)C)CC(C)C=O,C(C=O)OP=O,Cc1ccc(CCC(C)C)cc1CC(C)C(=O)C(O)COP=O,-2.6532617925392428,0.4188,round10,train,23
WKKOCXZBBJAIKT-SFHVURJKSA-N__DKEUGABRFJHEKY-UHFFFAOYSA-N,train_round10,CCNC[C@H](CC=O)N(CC1=C(C=CC(=C1)Cl)C(F)(F)F)C2=CC(=C(C=C2)C#N)Cl,COC1=NC=C(C(=C1C(F)F)C=O)CN,CCNCC(CC(=O)C(O)c1c(CN)cnc(OC)c1C(F)F)N(Cc1cc(Cl)ccc1C(F)(F)F)c1ccc(C#N)c(Cl)c1,0.6463447752966907,-4.8786,round10,train,45
XDMYTIKBGXZIHU-UHFFFAOYSA-N__ITLVVYDWLFQZBF-UHFFFAOYSA-N,train_round10,CCOC1=C(C=CC(=C1)C=O)OCCC=C(C)C,C1=CC=C2C(=C1)C=NC(=N2)C3=C(C(=CC=C3)F)C=O,CCOc1cc(C(=O)C(O)c2c(F)cccc2-c2ncc3ccccc3n2)ccc1OCCC=C(C)C,1.8433522665566189,-5.0388,round10,train,37
NPQBAQUARWGDDI-UHFFFAOYSA-N__QMMMZQIWRCMTHM-UHFFFAOYSA-N,train_round10,C1=CC(=CC=C1CC(=O)NC2=C(C=CC(=C2)CC(C=O)C(=O)O)O)C(F)(F)F,CC1(C(NC2=NC(=NC(=C21)N)C3=NN(C4=CC=CC=C43)CCC(F)(F)F)C=O)C5=CC=CC=C5,CC1(c2ccccc2)c2c(N)nc(-c3nn(CCC(F)(F)F)c4ccccc34)nc2NC1C(O)C(=O)C(Cc1ccc(O)c(NC(=O)Cc2ccc(C(F)(F)F)cc2)c1)C(=O)O,1.0304401088899735,2.0996,round10,train,62
PZHWOMFDHRQXIY-UHFFFAOYSA-N__VAAMDCGJBWJFIH-UHFFFAOYSA-N,train_round10,C1=CC(=C(C=C1C2=CN(C3=C2C(=O)N(C=C3)CC=O)CCF)Cl)Cl,CN1C(N(C2=NC(=NC=C21)CCC3=CC(=CC=C3)F)C(=O)N4CCCC4)C=O,CN1c2cnc(CCc3cccc(F)c3)nc2N(C(=O)N2CCCC2)C1C(O)C(=O)Cn1ccc2c(c(-c3ccc(Cl)c(Cl)c3)cn2CCF)c1=O,-0.7790894269699155,-0.822,round10,train,52
FSFWLRWVHZDHKB-UHFFFAOYSA-N__SIMSMNOWDKVOTJ-UHFFFAOYSA-N,train_round10,CC(C#N)(C1=CC(=C(C=C1)OC)C=O)C(F)(F)F,C(=O)C(NC=O)O,COc1ccc(C(C)(C#N)C(F)(F)F)cc1C(=O)C(O)C(O)NC=O,-0.4150777988939583,-0.1716,round10,train,25
ZXIVTEOFEVWICJ-UHFFFAOYSA-N__FKKDWKHUOBEUEQ-UHFFFAOYSA-N,train_round10,CN1C(=C(C=N1)C2=C(C=CC(=C2)F)C(=O)O)C=O,C1=CC(=CC=C1C2=C(C(C3=C(O2)C=CC(=C3)F)C=O)C4=CC=C(C=C4)Cl)S(=O)(=O)N,Cn1ncc(-c2cc(F)ccc2C(=O)O)c1C(=O)C(O)C1C(c2ccc(Cl)cc2)=C(c2ccc(S(N)(=O)=O)cc2)Oc2ccc(F)cc21,2.8906313286368097,-2.2316,round10,train,48
FJTVNFHITYQZAB-UHFFFAOYSA-N__KQZOIGTXBUAJIZ-UHFFFAOYSA-N,train_round10,CC1(CCC1)N(C2=CC=C(C=C2)C=O)C(=S)N(C=O)C3=CC(=C(C=C3)C#N)C(F)(F)F,C1=C(C=C(C2=C1SC=C2C=O)I)F,CC1(N(C(=S)N(C=O)c2ccc(C#N)c(C(F)(F)F)c2)c2ccc(C(=O)C(O)c3csc4cc(F)cc(I)c34)cc2)CCC1,1.1007399349674982,4.291,round10,train,44
MCLDMMNUKHTOOG-UHFFFAOYSA-N__GWODESDTZZJFFK-HHRBVKQXSA-N,train_round10,B(C1=CN=C(C=C1C=O)F)(O)O,C/C(=N\OCC1=CC=CC=C1N2C(N(N=C2Cl)C)C=O)/C(=N/OC)/C3=C(C=C(C=C3)F)F,CON=C(C(C)=NOCc1ccccc1N1C(Cl)=NN(C)C1C(O)C(=O)c1cc(F)ncc1B(O)O)c1ccc(F)cc1F,-1.4120970964358734,2.1342,round10,train,44
JYPFTOPPKDHQEW-STHAYSLISA-N__SHYBXXMECBHHFH-UHFFFAOYSA-N,train_round10,C(=O)[C@@H]([C@H](C(=O)O)O)O,C1=CC=C2C(=C1)C(=C3C=CC=CC3=C2Cl)C=O,O=C(O)C(O)C(O)C(=O)C(O)c1c2ccccc2c(Cl)c2ccccc12,0.564560558929169,4.4729,round10,train,26
AIQRXNNMBUMUCO-UHFFFAOYSA-N__XUHDARAZKHUJCX-UHFFFAOYSA-N,train_round10,C1CCN(CC1)C2=CC(=C(C=C2)[N+](=O)[O-])C=O,CN(CC1CCOCC1)C2=CC(=CC(=C2)C=O)F,CN(CC1CCOCC1)c1cc(F)cc(C(O)C(=O)c2cc(N3CCCCC3)ccc2[N+](=O)[O-])c1,1.1875850437631783,2.6516,round10,train,35
ZKBLCVLGESGREK-UHFFFAOYSA-N__QIGMLTIYMZUIGQ-UHFFFAOYSA-N,train_round10,CC1=CC(=C(C=C1SCC(F)(F)F)N2C(=CC(=N2)OCC(C(F)(F)F)(F)F)C=O)F,CC1=CC(=CN=C1N(CCO)CC(F)(F)F)C=O,Cc1cc(F)c(-n2nc(OCC(F)(F)C(F)(F)F)cc2C(=O)C(O)c2cnc(N(CCO)CC(F)(F)F)c(C)c2)cc1SCC(F)(F)F,6.899325843646484,10.4951,round10,train,48
QVIQSNBTVYWDOM-UHFFFAOYSA-N__LNHORZQFVGFGQT-UHFFFAOYSA-N,train_round10,C1=CC(=CC(=C1)NC2=NC(=NC=C2F)NC3=CC=C(C=C3)N=CC(=O)O)NCC=O,CN1CCCC(C1)N(C)C2=C(C(=CC=C2)F)C=O,CN1CCCC(N(C)c2cccc(F)c2C(O)C(=O)CNc2cccc(Nc3nc(Nc4ccc(N=CC(=O)O)cc4)ncc3F)c2)C1,5.388022346866604,5.8314,round10,train,48
CZGVAISJIQNQEJ-UHFFFAOYSA-N__WVWQLHNVPGVUEI-UHFFFAOYSA-N,train_round10,C1=C(C=C(C(=C1F)C=O)F)Br,CCCCCC(=O)NCC#CC1=C2C=CC=C(C2=C(C=C1)C=O)C(=O)N(C)OSC(F)(F)F,CCCCCC(=O)NCC#Cc1ccc(C(O)C(=O)c2c(F)cc(Br)cc2F)c2c(C(=O)N(C)OSC(F)(F)F)cccc12,6.675631271936672,6.5148,round10,train,44
NSEWYYRAZPDLLM-UHFFFAOYSA-N__CUAQIPBWBTXUJN-ICSRJNTNSA-N,train_round10,C1=CC(=CC=C1C#N)S(=O)(=O)N2C=C(C=C2C3=CC=C(C=C3)F)C=O,CCCCC[C@@H](CF)C1=CC=C(C=C1)N2[C@H](COC2=O)COCC3=CC=C(S3)C=O,CCCCCC(CF)c1ccc(N2C(=O)OCC2COCc2ccc(C(O)C(=O)c3cc(-c4ccc(F)cc4)n(S(=O)(=O)c4ccc(C#N)cc4)c3)s2)cc1,3.967234010674722,6.4736,round10,train,55
IQAPEXKVGNQPIF-FSUQMGBSSA-N__AARGHQMLJBJJIH-BYYSACJXSA-N,train_round10,CCCC[C@](C)(CC=O)/C=C/[C@](C)(CCC)C1=CC=C(C=C1)C,C[C@@H]1[C@@H]2[C@@H](C[C@@H]3C[C@@H](CC[C@H]3[C@@H]2C=CC4=NC=C(C=C4)C5=CC(=CC=C5)F)C=O)C(=O)O1,CCCCC(C)(C=CC(C)(CCC)c1ccc(C)cc1)CC(=O)C(O)C1CCC2C(C1)CC1C(=O)OC(C)C1C2C=Cc1ccc(-c2cccc(F)c2)cn1,3.778932420606936,1.9071,round10,train,55
VESSUIJHICUABD-UHFFFAOYSA-N__DLWHSWMQKUVFPL-UHFFFAOYSA-N,train_round10,C1=CC(=C(C=C1F)C=O)CC#N,CC12C3C(C(=O)N(C3=O)C4=CC=CC(=C4)C(=O)OC)C(C5=CC=CC=C51)(C6=CC=CC=C26)C=O,COC(=O)c1cccc(N2C(=O)C3C(C2=O)C2(C(O)C(=O)c4cc(F)ccc4CC#N)c4ccccc4C3(C)c3ccccc32)c1,6.652933234575778,4.1042,round10,train,46
ZGKYFBPXFJGUMH-KDOFPFPSSA-N__KQLVDQGYNCCFKH-UHFFFAOYSA-N,train_round10,CC1=CC=C(C=C1)C[C@@H](C)N[C@](C=O)(C2=CC(=CC=C2)C(F)(F)F)O,CC(CC=O)C1=C(C=CC(=C1Cl)F)F,Cc1ccc(CC(C)NC(O)(C(=O)C(O)CC(C)c2c(F)ccc(F)c2Cl)c2cccc(C(F)(F)F)c2)cc1,3.638727835706415,6.4957,round10,train,39
ITCZAMDBHOSUFO-UHFFFAOYSA-N__WUTFYJZAGOCMPF-UHFFFAOYSA-N,train_round10,C1=CC=C(C(=C1)C2=C(C=C(N2)C3=CC=C(C=C3)C(F)(F)F)C=O)[N+](=O)[O-],CCCNC1=CC2=C(C=C1C(F)(F)F)NC(=O)CN2C(C=O)P(=O)(O)O,CCCNc1cc2c(cc1C(F)(F)F)NC(=O)CN2C(C(O)C(=O)c1cc(-c2ccc(C(F)(F)F)cc2)[nH]c1-c1ccccc1[N+](=O)[O-])P(=O)(O)O,7.033058286374107,3.9237,round10,train,52
JJPUDKWGRNMOHZ-UHFFFAOYSA-N__XNAPBHONYGRLLU-UHFFFAOYSA-N,train_round10,CC1=C2C(=NC=NN2C=C1C=O)OC3=C(C=C(C=C3)C(C(=O)N)C(=O)NC4=CC=C(C=C4)F)F,CC(C=O)NCC(=O)NC(CC1=CC=C(C=C1)C2=CC=C(C=C2)F)C(=O)N,Cc1c(C(=O)C(O)C(C)NCC(=O)NC(Cc2ccc(-c3ccc(F)cc3)cc2)C(N)=O)cn2ncnc(Oc3ccc(C(C(N)=O)C(=O)Nc4ccc(F)cc4)cc3F)c12,4.051413166386952,2.6866,round10,train,61
KHKSZEFNUFKCDR-UHFFFAOYSA-N__MHZSLRLPJZCQSV-UHFFFAOYSA-N,train_round10,C1=CC=C(C(=C1)N2C=CC=C2C=O)OC(F)F,C1CCN(C(C1)C=O)S(=O)(=O)C2=C(C=C(C=C2)F)Cl,O=C(c1cccn1-c1ccccc1OC(F)F)C(O)C1CCCCN1S(=O)(=O)c1ccc(F)cc1Cl,5.925780132813914,-3.5969,round10,train,36
RBHBMCRKBGEHET-UHFFFAOYSA-N__JIGPDEPZWLFELQ-UUKAEXBLSA-N,train_round10,C1=CC=C(C=C1)COC2=C(C=CC(=C2)C=O)[N+](=O)[O-],CN(CC1CCC[C@H]1O)P(=C)(NC2(CCCC2)C=O)OC3=CC=C(C=C3)F,C=P(NC1(C(O)C(=O)c2ccc([N+](=O)[O-])c(OCc3ccccc3)c2)CCCC1)(Oc1ccc(F)cc1)N(C)CC1CCCC1O,6.991516950028523,3.8229,round10,train,46
ISZWPWMNDCASGD-UHFFFAOYSA-N__FVUYCCLAHUCUIX-UHFFFAOYSA-N,train_round10,CCC(C(C(C=O)(O)O)(O)O)O,COC1=CC=C(C=C1)C2=CC3=CC=CC=C3N=C2C=O,CCC(O)C(O)(O)C(O)(O)C(=O)C(O)c1nc2ccccc2cc1-c1ccc(OC)cc1,4.724564793362609,-4.4295,round10,train,32
QPQJFSLLRPMWCC-UHFFFAOYSA-N__JQYFWLXBWNFFOT-XPQZIERPSA-N,train_round10,CCNCC1=CN(N=C1C(F)(F)F)CC=O,CCC[C@@H](C(C=O)N1C2=CC=CC=C2C3=CC=CC=C31)C(=O)NC(CC(=O)O)C(=O)CF,CCCC(C(=O)NC(CC(=O)O)C(=O)CF)C(C(O)C(=O)Cn1cc(CNCC)c(C(F)(F)F)n1)n1c2ccccc2c2ccccc21,5.908230515966317,4.0019,round10,train,48
TXLFVIRNNPCVFA-ZIVSUXNBSA-N__XJLDRHDSLAHIFD-LURJTMIESA-N,train_round10,C[C@@H]([C@H](C1=C(C=C(C=C1)F)F)C(C)C)OC[C@@](C)(C=O)NC(=O)C2=NC=CC(=C2OC(=O)C)OC,CC1([C@@H](OC(O1)(C)C)C=O)C,COc1ccnc(C(=O)NC(C)(COC(C)C(c2ccc(F)cc2F)C(C)C)C(=O)C(O)C2OC(C)(C)OC2(C)C)c1OC(C)=O,5.520708499238203,-3.3084,round10,train,46
XKTYXYJLOIYAPV-LBPRGKRZSA-N__LXKAJKLRKRVRCL-GBLYOYEHSA-N,train_round10,CC(C)(C)OC(=O)N[C@@H](CC=O)C1=CC=CC=C1F,C1C[C@H]2CN([C@@H]([C@H]2C1)C(=O)N[C@@H](C[C@@H]3CCNC3=O)C=O)C(=O)COC4=CC5=C(C=C4)OCCO5,CC(C)(C)OC(=O)NC(CC(=O)C(O)C(CC1CCNC1=O)NC(=O)C1C2CCCC2CN1C(=O)COc1ccc2c(c1)OCCO2)c1ccccc1F,3.2506080961295614,-3.7727,round10,train,54
XTGGXFRBSOEQNE-UHFFFAOYSA-N__ICUVWWKPLAEYKC-MOPGFXCFSA-N,train_round10,CC(=O)C1=C(C=C(C(=C1)[N+](=O)[O-])C=O)F,CC(C)(C)OC(=O)N[C@@H]1CC[C@@H](C1)N2C=C(C3=C2C=CC(=C3)C=O)C4=CC=C(C=C4)OC(F)(F)F,CC(=O)c1cc([N+](=O)[O-])c(C(=O)C(O)c2ccc3c(c2)c(-c2ccc(OC(F)(F)F)cc2)cn3C2CCC(NC(=O)OC(C)(C)C)C2)cc1F,6.946235733865636,7.6925,round10,train,50
MRWRRDYHQMMGIN-UHFFFAOYSA-N__MJGDHZDCWVIJAX-UHFFFAOYSA-N,train_round10,CC(C)(C)S(=O)NCC1=C(C=CC(=C1SC2=C(C=CC=N2)C=O)Cl)C(F)(F)F,CCC(CC)(C1=C(N=C2C=C(C(=CC2=C1)OC)OC)C=O)P(=O)(O)O,CCC(CC)(c1cc2cc(OC)c(OC)cc2nc1C(O)C(=O)c1cccnc1Sc1c(Cl)ccc(C(F)(F)F)c1CNS(=O)C(C)(C)C)P(=O)(O)O,6.105422306850788,-4.6797,round10,train,53
SWUFAIHHCVOESU-UHFFFAOYSA-N__JCTZAADKOVINBU-UHFFFAOYSA-N,train_round10,C1=CC(=C(C=C1F)F)S(=O)(=O)CC2=CC=C(O2)C=O,COC1=CC(=CC(=C1OC)OC)CCC=O,COc1cc(CCC(O)C(=O)c2ccc(CS(=O)(=O)c3ccc(F)cc3F)o2)cc(OC)c1OC,6.844574344809166,-0.1036,round10,train,35
OUPLZEATDHGVRD-CFMCSPIPSA-N__HMTDUDXULJGPSM-UHFFFAOYSA-N,train_round10,CC(C)C(CCCCNS(=O)(=O)C1=CC(=C(C=C1)O)C(=O)O)C(=O)N[C@@H](CC(=O)O)C=O,CC1(C(=O)N(C(=S)N1C2=CC(=C(C=C2)OCC=O)F)C3=CC(=C(C=C3)C#N)C(F)(F)F)C,CC(C)C(CCCCNS(=O)(=O)c1ccc(O)c(C(=O)O)c1)C(=O)NC(CC(=O)O)C(=O)C(O)COc1ccc(N2C(=S)N(c3ccc(C#N)c(C(F)(F)F)c3)C(=O)C2(C)C)cc1F,6.054591925146558,6.7863,round10,train,64
YPMHADFYMSVDBN-UHFFFAOYSA-N__OWRXWQRJVAXPNG-UHFFFAOYSA-N,train_round10,CC1=CC(=CC(=C1)CSC2=C(C=C(C=C2)F)C=O)C,C1=CC(=C(C(=C1O)Cl)C=O)Br,Cc1cc(C)cc(CSc2ccc(F)cc2C(=O)C(O)c2c(Br)ccc(O)c2Cl)c1,4.188986286747333,3.6122,round10,train,30
MVXMTPLIHPOGTI-MVSXKZRCSA-N__YOKKIYNZWQZNIE-TUVJXNFZSA-N,train_round10,C/C(=C/C(=N)OC1=C(C=C(C=C1Cl)C(F)(F)F)Cl)/NC(=O)NCC=O,CCCC(OC(=O)[C@H]1C[C@H]([C@@H](N1CC2=CC=CC=C2)CNC(=O)C)C=O)F,CCCC(F)OC(=O)C1CC(C(O)C(=O)CNC(=O)NC(C)=CC(=N)Oc2c(Cl)cc(C(F)(F)F)cc2Cl)C(CNC(C)=O)N1Cc1ccccc1,6.022741561569663,8.9289,round10,train,52
ARXSCPRNJYRDAI-UHFFFAOYSA-N__MQWZJOSNNICZJE-JRTVQGFMSA-N,train_round10,C1CN(CCN1CC2=C(C=CC=C2Cl)F)C(=O)COC3=CC=CC=C3C=O,CC(=O)N[C@H](C=O)[C@@H]([C@@H]([C@H](C(=O)O)O)O)O,CC(=O)NC(C(O)C(=O)c1ccccc1OCC(=O)N1CCN(Cc2c(F)cccc2Cl)CC1)C(O)C(O)C(O)C(=O)O,4.220962081121711,4.9287,round10,train,43
JLECXOBTFPUQNI-UHFFFAOYSA-N__ZAEQRDGQBTXBCA-ONTIZHBOSA-N,train_round10,COCC1=C(C=CC(=C1OC)C=O)F,C1CNC(=O)[C@@H]1C[C@@H](C=O)NC(=O)[C@H](CC2=CC=CC=C2)NC(=O)C3=CC4=C(C=C3)NC=C4,COCc1c(F)ccc(C(=O)C(O)C(CC2CCNC2=O)NC(=O)C(Cc2ccccc2)NC(=O)c2ccc3[nH]ccc3c2)c1OC,4.904179019339083,3.5432,round10,train,47
BRLSPUFYAUBUDI-UHFFFAOYSA-N__VXBRBIHMKHUIIT-UHFFFAOYSA-N,train_round10,C1=CC(=CC=C1CCC=O)C(F)(F)P,CC(C)C(C(=O)O)NC(=O)C(CCCC=O)N1C(=O)C2=CC=CC=C2C1=O,CC(C)C(NC(=O)C(CCCC(O)C(=O)CCc1ccc(C(F)(F)P)cc1)N1C(=O)c2ccccc2C1=O)C(=O)O,5.476015917263124,6.5289,round10,train,41
KCNXFIHGBWPBAW-BPUTZDHNSA-N__RVPOCGAUEMTWBQ-RRFJBIMHSA-N,train_round10,CC(C)C[C@@H](C(=O)N[C@@H](CC1=CC=C(C=C1)O)C=O)NC(=O)[C@H](CC(=O)O)N,COC1=CC2=NC3=C(C=C2C=C1)C(=NN3)N=COC[C@H]([C@@H]([C@H](C=O)O)O)O,COc1ccc2cc3c(N=COCC(O)C(O)C(O)C(O)C(=O)C(Cc4ccc(O)cc4)NC(=O)C(CC(C)C)NC(=O)C(N)CC(=O)O)n[nH]c3nc2c1,13.45466882570518,3.1336,round10,train,55
UWTORELOBFSJAE-UHFFFAOYSA-N__KKJYBRIXUZFZGB-UHFFFAOYSA-N,train_round10,C1CC2CC1CC2(CCCF)C=O,C1=CC2=C3C(=C1)OC4=CC(=CC5=C4N3C6=C(O2)C=CC=C6O5)C=O,O=C(C(O)c1cc2c3c(c1)Oc1cccc4c1N3c1c(cccc1O2)O4)C1(CCCF)CC2CCC1C2,8.216060638959458,4.4553,round10,train,37
JUNXQHOOPWYGTK-UHFFFAOYSA-N__BJDOFIRPQXHGMY-UHFFFAOYSA-N,train_round10,C1=C(C(=NC(=C1I)I)C(F)F)C=O,CC(C)CCN1C=C(C(=N1)C2=C(C=CC=C2F)F)C=O,CC(C)CCn1cc(C(O)C(=O)c2cc(I)c(I)nc2C(F)F)c(-c2c(F)cccc2F)n1,9.318085992017185,2.6965,round10,train,33
HBVCOVSTEVRHBT-UHFFFAOYSA-N__GYQWBNNKXKNVNA-CQSZACIVSA-N,train_round10,C1=C(C(=C(C(=N1)C(F)(F)F)O)C=O)COP(=O)(O)O,CS(=O)(=O)C1=CC=C(C=C1)[C@@H](CC=O)C2=CC(=C(C=C2)F)F,CS(=O)(=O)c1ccc(C(CC(O)C(=O)c2c(COP(=O)(O)O)cnc(C(F)(F)F)c2O)c2ccc(F)c(F)c2)cc1,22.267826449520825,11.2001,round10,train,41
JAWBJKXJTZXDJD-UHFFFAOYSA-N__LAYLPEQPAYIKMD-UHFFFAOYSA-N,train_round10,COC(=O)C1=C(SC(=N1)C(F)(F)F)C=O,CC1(CC2=C(C(=O)C1)C(=C(O2)NC3CCCCC3)C=O)C,COC(=O)c1nc(C(F)(F)F)sc1C(=O)C(O)c1c(NC2CCCCC2)oc2c1C(=O)CC(C)(C)C2,22.035440132899524,10.8769,round10,train,36
JVYKTRWJLDKAJY-UHFFFAOYSA-N__HEEKLELBOLERPL-UHFFFAOYSA-N,train_round10,COC1=C(C=C(C(=N1)OC(F)(F)F)C=O)C(F)(F)F,CCC1CN(C2=CC=CC3=C2N1C(=C3)C4=NC5=C(N4CC)C(=CC(=C5)C=O)F)CCCOC,CCC1CN(CCCOC)c2cccc3cc(-c4nc5cc(C(O)C(=O)c6cc(C(F)(F)F)c(OC)nc6OC(F)(F)F)cc(F)c5n4CC)n1c23,11.413298433632812,9.7112,round10,train,52
VKEXEXZPWBONLG-UHFFFAOYSA-N__COMGGPBAACZFNX-UHFFFAOYSA-N,train_round10,C1=CC(=C2C=CN(C2=C1)CC3=C(C=CC(=C3)F)Cl)C=O,C1CC(=O)NC(=O)C1C2=C(C=C(C=C2F)N3CCC(CC3)N4C=C(C=N4)C=O)F,O=C1CCC(c2c(F)cc(N3CCC(n4cc(C(O)C(=O)c5cccc6c5ccn6Cc5cc(F)ccc5Cl)cn4)CC3)cc2F)C(=O)N1,14.242444810129914,3.8661,round10,train,49
YKCWHOXFFMFYLR-UHFFFAOYSA-N__WHFZQNNDIJKLIO-UHFFFAOYSA-N,train_round10,CC1CN(CCO1)C2=C(C3=C(C=C2C=O)C(=NO3)N4CC(OC4=O)C)F,C1=CC(=C(C(=C1)[N+](=O)[O-])C=O)[N+](=O)[O-],CC1CN(c2c(C(=O)C(O)c3c([N+](=O)[O-])cccc3[N+](=O)[O-])cc3c(N4CC(C)OC4=O)noc3c2F)CCO1,12.281238563635316,4.7512,round10,train,40
RYOIWFRWOZSNJR-UHFFFAOYSA-N__LIYBPFULAXNZPY-UHFFFAOYSA-N,train_round10,CC1=CC(=CC=C1)C2=CC(=CC(=C2)C=O)C(F)(F)F,CN(C)P(=NOC1=CC=C(C=C1)C=O)(N(C)C)N(C)C,Cc1cccc(-c2cc(C(=O)C(O)c3ccc(ON=P(N(C)C)(N(C)C)N(C)C)cc3)cc(C(F)(F)F)c2)c1,9.453787056608672,6.3979,round10,train,39
UPIOIYBCDUSIRC-OAHLLOKOSA-N__COINOHRFHXECEV-UHFFFAOYSA-N,train_round10,C1CCC(CC1)(C[C@@](C=O)(C(F)(F)F)O)C2=CC=CC=C2,CC1=C(C=CC=C1C2=CC=CC=C2)COC3=CC(=C(C4=C3CCC4)C=O)OCC(F)(F)F,Cc1c(COc2cc(OCC(F)(F)F)c(C(O)C(=O)C(O)(CC3(c4ccccc4)CCCCC3)C(F)(F)F)c3c2CCC3)cccc1-c1ccccc1,10.0566276060442,5.1272,round10,train,53
NWOBBPUMHHBHEZ-UHFFFAOYSA-N__AOJWEMFTDBQELV-UHFFFAOYSA-N,train_round10,CC(=O)C1=C(C(=CC=C1)F)C2=CC=C(O2)C=O,CC(=O)NC(C=O)C(C(C(CO)OCC1=CC=CC=C1)OCC2=CC=CC=C2)OCC3=CC=CC=C3,CC(=O)NC(C(O)C(=O)c1ccc(-c2c(F)cccc2C(C)=O)o1)C(OCc1ccccc1)C(OCc1ccccc1)C(CO)OCc1ccccc1,10.855632590100168,6.3311,round10,train,53
ITLIZQKXLAJTCO-XAHGZOFNSA-N__MPNCDBSMIUTQKT-UHFFFAOYSA-N,train_round10,CC1([C@@H]2[C@H]1[C@H](N(C2)C(=O)COC3=CC(=C(C=C3)OC)F)C(=O)N[C@@H](C[C@@H]4CCNC4=O)C=O)C,C1=CC(=NC(=C1)Cl)NN=CC2=CC=C(S2)C=O,COc1ccc(OCC(=O)N2CC3C(C2C(=O)NC(CC2CCNC2=O)C(=O)C(O)c2ccc(C=NNc4cccc(Cl)n4)s2)C3(C)C)cc1F,7.871601973130813,-1.4001,round10,train,51
RKMZWIHFEGKHAV-UHFFFAOYSA-N__MYWSBJKVOUZCIA-UHFFFAOYSA-N,train_round10,CC(=O)C1=C(C=C(C=C1OC(F)F)C=O)C(F)(F)F,C1=C(C=C(C(=C1C=O)O)I)I,CC(=O)c1c(OC(F)F)cc(C(=O)C(O)c2cc(I)cc(I)c2O)cc1C(F)(F)F,8.586678655364844,7.781,round10,train,30
BENNFQPTNZHMSP-UPHRSURJSA-N__PYTLDRWOIRGNPZ-VBKZILBWSA-N,train_round10,C1=C(C=C(C=C1C2=NN(C=N2)/C=C\C3=NN=C(O3)C(F)(F)F)C(F)(F)F)C=O,CC1(CCC[C@]2([C@H]1CCC3=CC(=C(C(=C32)O)O)C(C)(C)O)C=O)C,CC(C)(O)c1cc2c(c(O)c1O)C1(C(O)C(=O)c3cc(-c4ncn(C=Cc5nnc(C(F)(F)F)o5)n4)cc(C(F)(F)F)c3)CCCC(C)(C)C1CC2,8.28215928060329,10.815,round10,train,52
CXVNEBRVQGZTBV-UHFFFAOYSA-N__KYFFEDBBVGGFNA-UHFFFAOYSA-N,train_round10,CCCC1=C(C=CC(=C1)C(C(F)(F)F)(C(F)(F)F)OCOC)OC2=CC(=C(C=C2)[N+](=O)[O-])C=O,C1=CC=C(C=C1)COC2=C(C=C(C(=C2)C=O)N)OCC3=CC=CC=C3,CCCc1cc(C(OCOC)(C(F)(F)F)C(F)(F)F)ccc1Oc1ccc([N+](=O)[O-])c(C(=O)C(O)c2cc(OCc3ccccc3)c(OCc3ccccc3)cc2N)c1,14.302085406156756,11.1789,round10,train,59
BYOIMDAZLMWTJK-RDJZCZTQSA-N__SFRISXGGUGTTKO-UHFFFAOYSA-N,train_round10,CC1=C[C@@H]([C@](CC1)(C)C=O)NC(=O)OCC2=CC=CC=C2,CC1=C(C=CC(=C1C=O)C(=O)O)F,CC1=CC(NC(=O)OCc2ccccc2)C(C)(C(=O)C(O)c2c(C(=O)O)ccc(F)c2C)CC1,10.920797724536172,6.7737,round10,train,34
FXXKCODLXWBDQM-UHFFFAOYSA-N__ZIYYIMLEMUZVFN-UHFFFAOYSA-N,train_round10,CC(C)(C)OC(=O)NCC1=NN(C2=NC=CC(=C12)C=O)C3=CC=C(C=C3)OC(F)(F)F,CN1C(=CC(=N1)C=O)C2=CC=CC=C2C(F)(F)F,Cn1nc(C(O)C(=O)c2ccnc3c2c(CNC(=O)OC(C)(C)C)nn3-c2ccc(OC(F)(F)F)cc2)cc1-c1ccccc1C(F)(F)F,14.367673636878097,2.604,round10,train,49
RDTGDRSFONNDHI-UHFFFAOYSA-N__FQJOHHMQLQHYEH-MZFJOGFUSA-N,train_round10,C1=C(N=NN1CC=O)CCCF,CC1=CC(=CC(=C1OC2=C(C=C(C=C2)C(C)C)C3=CN(CC4=C3NC(=C4)C=O)/C(=N\N=C)/C)C)F,C=NN=C(C)N1C=C(c2cc(C(C)C)ccc2Oc2c(C)cc(F)cc2C)c2[nH]c(C(O)C(=O)Cn3cc(CCCF)nn3)cc2C1,8.670358941612532,-1.0065,round10,train,47
OAYMJRXJBPQEFQ-UHFFFAOYSA-N__KVEGPVAWUQUKAA-UHFFFAOYSA-N,train_round10,C1=CC(=C(C(=C1C2=CSC(=C2)C=O)F)F)F,COC(C(C(COP(O)O)O)F)N1C=C(C(=NC1=O)NO)C=O,COC(C(F)C(O)COP(O)O)n1cc(C(O)C(=O)c2cc(-c3ccc(F)c(F)c3F)cs2)c(NO)nc1=O,11.883443838914944,11.8954,round10,train,39
IWOAXVDOUSEMGH-RTBURBONSA-N__KZJRHNIMAIKCTM-YKSBVNFPSA-N,train_round10,CCCC[C@@H]1CC[C@H](N1C(=O)OCC2=CC=CC=C2)CCCC=O,CCCCCC[C@H](C=O)[C@H](C1=CC=CC=C1)C2=C(NC3=CC=CC=C32)C,CCCCCCC(C(O)C(=O)CCCC1CCC(CCCC)N1C(=O)OCc1ccccc1)C(c1ccccc1)c1c(C)[nH]c2ccccc12,11.58879440050316,5.9321,round10,train,50
LQIRHIGPILJQHV-BYPYZUCNSA-N__NPZNBTODPFDHGM-SSDOTTSWSA-N,train_round10,C(C=O)[C@@H](COP(=O)(O)O)O,C[C@H](CC(=O)O)OC1=C(C=C(C=C1)C=O)F,CC(CC(=O)O)Oc1ccc(C(O)C(=O)CC(O)COP(=O)(O)O)cc1F,15.52254554539218,6.6057,round10,train,27
JSOJBFZXZOBOHZ-UHFFFAOYSA-N__TXKRBWNOIPZKDW-UHFFFAOYSA-N,train_round10,CN1CCN(CC1)C(=O)C2=CC=CC(=C2)C3=CC4=C(C=C3)C(=C(C=C4)O)C=O,CC1=CC(=CC=C1)C2=NC3=C(N2CC4=CC=C(C=C4)SF)C(=NC(=N3)C=O)NCC5=CC=CC=C5,Cc1cccc(-c2nc3nc(C(O)C(=O)c4c(O)ccc5cc(-c6cccc(C(=O)N7CCN(C)CC7)c6)ccc45)nc(NCc4ccccc4)c3n2Cc2ccc(SF)cc2)c1,10.823478456936645,-0.7556,round10,train,63
DBVLHKDXRDKSSP-UHFFFAOYSA-N__OMSZHIDONRQQDN-UHFFFAOYSA-N,train_round10,CC1=C(C(=C(S1)C)S(=O)(=O)F)C=O,CC(O)OC1=C(C=C(C=C1I)C=O)OC,COc1cc(C(O)C(=O)c2c(C)sc(C)c2S(=O)(=O)F)cc(I)c1OC(C)O,12.943029765589715,16.0892,round10,train,28
JVBLGSBOWKXINB-UHFFFAOYSA-N__ULXCDRQBYQEXKE-UHFFFAOYSA-N,train_round10,CC(C)C1=NC(=NC(=C1C(CC=O)O)C2=CC=C(C=C2)F)CNS(=O)(=O)C,C1CC(CN(C1)C2=CC(=C(C=C2)C=O)C(F)(F)F)C(=O)N,CC(C)c1nc(CNS(C)(=O)=O)nc(-c2ccc(F)cc2)c1C(O)CC(=O)C(O)c1ccc(N2CCCC(C(N)=O)C2)cc1C(F)(F)F,13.788321268443989,4.6001,round10,train,48
ZABKSHOMIMTDQX-VOAQMLOASA-N__XSPVAGFWZHZFDK-UHFFFAOYSA-N,train_round10,CC(C)C1=NC(=NC(=C1/C=C/[C@H](CC(CC=O)O)O)C2=CC=C(C=C2)F)N(C)S(=O)(=O)C,C1CC(CSC1)C(C=O)C2=CC(=CC=C2)C(F)(F)F,CC(C)c1nc(N(C)S(C)(=O)=O)nc(-c2ccc(F)cc2)c1C=CC(O)CC(O)CC(=O)C(O)C(c1cccc(C(F)(F)F)c1)C1CCCSC1,8.736061470734489,7.2644,round10,train,51
VPRDAWXTMNKKCC-ONEGZZNKSA-N__AGWYYNMCHCBMLP-UHFFFAOYSA-N,train_round10,CC1=CC(=CC(=C1)P(=O)(C2=C(NC3=C2C(=C(C=C3)Cl)F)C=O)OC)/C=C/C#N,CCOC(C=O)(C1CCCCC1)C(C(F)(F)F)(F)F,CCOC(C1CCCCC1)(C(O)C(=O)c1[nH]c2ccc(Cl)c(F)c2c1P(=O)(OC)c1cc(C)cc(C=CC#N)c1)C(F)(F)C(F)(F)F,11.054085693506265,6.8128,round10,train,47
UHZSCILDVOANIS-UHFFFAOYSA-N__BNGVAPYDCACDMV-UHFFFAOYSA-N,train_round10,CCOP(=O)(CC1=CN=C(C(=C1C=O)O)C)O,CC(C)(C)C(C=O)C1CC1(C(=O)N)F,CCOP(=O)(O)Cc1cnc(C)c(O)c1C(=O)C(O)C(C1CC1(F)C(N)=O)C(C)(C)C,7.701074870004174,7.4207,round10,train,31
NGDBNOOCLHWAJI-UHFFFAOYSA-N__AJKZTIRGIQHOLH-UHFFFAOYSA-N,train_round10,C1=CC=C(C=C1)CNC2=C(C(=O)OC3=CC=CC=C32)C=O,CC(CC1=CC(=C(C=C1)C2=CC(=C(S2)NC3=CC=CC(=N3)C=O)C(=O)N)F)O,CC(O)Cc1ccc(-c2cc(C(N)=O)c(Nc3cccc(C(O)C(=O)c4c(NCc5ccccc5)c5ccccc5oc4=O)n3)s2)c(F)c1,11.811800661239676,5.9007,round10,train,49
YLOGARSZCGKSFN-UHFFFAOYSA-N__ZPMIFRPXMSSEKS-UHFFFAOYSA-N,train_round10,CCOC(=O)C(CC#C)(CC#CC1=CC(=NC(=C1C=O)Cl)Cl)C(=O)OCC,C1CC1N(CC(F)(F)F)C2=NC(=C(S2)C=O)Cl,C#CCC(CC#Cc1cc(Cl)nc(Cl)c1C(=O)C(O)c1sc(N(CC(F)(F)F)C2CC2)nc1Cl)(C(=O)OCC)C(=O)OCC,11.09379074780858,3.8972,round10,train,44
OIGCPJAPIIJFHU-UHFFFAOYSA-N__LZERJBRFHJBIJG-UHFFFAOYSA-N,train_round10,C1C(CC1(F)P)COC2=C(C=C3C=C(C(=O)NC3=C2)C=O)Cl,CS(=O)(=O)C(C1=NC2=C(S1)C=C(C(=C2)F)C3=C(N=CC=C3)C=O)C(=O)NCC(=O)NC4CC4,CS(=O)(=O)C(C(=O)NCC(=O)NC1CC1)c1nc2cc(F)c(-c3cccnc3C(O)C(=O)c3cc4cc(Cl)c(OCC5CC(F)(P)C5)cc4[nH]c3=O)cc2s1,17.258896443012528,2.1778,round10,train,55
YMWYSWXWDNMUIX-UHFFFAOYSA-N__OGINCWQHOWZVOM-DWZYQQQCSA-N,train_round10,COC1=C(C=CC(=C1OC)O)C=O,CC(C)[C@@](COC[C@@]1(C[C@H]([C@@H](O1)N2C=C(C(=O)NC2=O)F)O)F)(C=O)N,COc1c(O)ccc(C(=O)C(O)C(N)(COCC2(F)CC(O)C(n3cc(F)c(=O)[nH]c3=O)O2)C(C)C)c1OC,7.5642015146840675,5.5566,round10,train,39
MVEMKFRAIIOQQU-UHFFFAOYSA-N__JLPVYGOWRYGRTK-UHFFFAOYSA-N,train_round10,CC1=CC(=C2C(=C1)C(=C(N2)C3=C(C=CC(=C3)F)OC)C=O)C,CCOC(=O)C1=C(SC(=C1C=O)C2=CC=C(C=C2)N)N(CC3=C(C=CC=C3F)F)C(=O)OCC,CCOC(=O)c1c(N(Cc2c(F)cccc2F)C(=O)OCC)sc(-c2ccc(N)cc2)c1C(O)C(=O)c1c(-c2cc(F)ccc2OC)[nH]c2c(C)cc(C)cc12,11.26280596881148,1.1081,round10,train,56
BTAANNDAXIYWAN-UHFFFAOYSA-N__KRCDZVCKWRELBZ-UHFFFAOYSA-N,train_round10,C1=CC(=CC(=C1)C2=CC=CO2)C=O,C1=CC(=CC=C1CCN[NH+](CCC=O)[O-])F,O=C(c1cccc(-c2ccco2)c1)C(O)CC[NH+]([O-])NCCc1ccc(F)cc1,9.19176547976253,12.3546,round10,train,29
IJSPTKRNDMJNRO-UHFFFAOYSA-N__GBYLDZZVCDTXRB-UHFFFAOYSA-N,train_round10,C1=CC(=C2C3=C(C=C(C=C3)CS(=O)(=O)N)C(OC2=C1)C4=CC=C(S4)Br)C=O,C1=CC2=C(C(=C1)C=O)N(C=C2)CC3=C(C=CC(=C3)F)Cl,NS(=O)(=O)Cc1ccc2c(c1)C(c1ccc(Br)s1)Oc1cccc(C(=O)C(O)c3cccc4ccn(Cc5cc(F)ccc5Cl)c34)c1-2,14.388912474602543,0.729,round10,train,47
IBSDSIHTMABATG-UHFFFAOYSA-N__XBXJTPSFKRCJDK-UHFFFAOYSA-N,train_round10,C1=CC=C2C(=C1)C(=O)N(C2=O)CCC=O,CCCC(C(=O)NC(CC1=CC=C(C=C1)F)(CO)C=O)N,CCCC(N)C(=O)NC(CO)(Cc1ccc(F)cc1)C(O)C(=O)CCN1C(=O)c2ccccc2C1=O,9.500216702483613,-1.5149,round10,train,36
QBIYPKAIVDLVSW-UHFFFAOYSA-N__JAIHJERSFUCHCR-UHFFFAOYSA-N,train_round10,COC1=C(C2=C(C=C1)N(C=C2C=O)CCCCCI)OCC3=CC=CC=C3,CN(C=O)C1=CC(=CC(=C1N(C)SF)C=O)C(=O)OC,COC(=O)c1cc(C(O)C(=O)c2cn(CCCCCI)c3ccc(OC)c(OCc4ccccc4)c23)c(N(C)SF)c(N(C)C=O)c1,7.386274156660796,-5.8526,round10,train,47
XLOXKCYHBWIYMT-UHFFFAOYSA-N__YZORQXKBQQFSQX-UHFFFAOYSA-N,train_round10,C1CN(CCC1(CC2=CC=C(C=C2)F)C=O)C(=O)O,CN(C)C(=O)COC1=CC=CC(=C1)NC2=NC=C(C=C2)C3=CC=C(C=C3)C=O,CN(C)C(=O)COc1cccc(Nc2ccc(-c3ccc(C(O)C(=O)C4(Cc5ccc(F)cc5)CCN(C(=O)O)CC4)cc3)cn2)c1,7.989998270184921,6.7829,round10,train,47
KPFFUEQNZWTKRL-UHFFFAOYSA-N__KMHKLPSJBYDOMD-UHFFFAOYSA-N,train_round10,COC1=CC=CC(=C1)CC(C=O)C2=CC(=CC=C2)F,C1=CC(=C(C=C1C#N)S(=O)(=O)C(F)(F)F)C=O,COc1cccc(CC(C(=O)C(O)c2ccc(C#N)cc2S(=O)(=O)C(F)(F)F)c2cccc(F)c2)c1,8.54768897284602,6.2004,round10,train,36
TTYBINWVOOMOSG-CRJDYXPCSA-N__IDISAUXNSSEXKT-UHFFFAOYSA-N,train_round2,C[C@H]1NC(=O)[C@@H]2C[C@@]2(F)/C=C\CCCn2c(C=O)cc3ccc1nc32,CCS(=O)(=O)N(Cc1ccc(F)c(CF)c1)C1Sc2ccccc2C1C=O,CCS(=O)(=O)N(Cc1ccc(F)c(CF)c1)C1Sc2ccccc2C1C(O)C(=O)c1cc2ccc3nc2n1CCCC=CC1(F)CC1C(=O)NC3C,0.3104328711900204,1.3585,round2,train,52
DFCMSTRURPAZPS-QAGHZCBJSA-N__MHGMQGNKXPPLSW-BFLSOPEQSA-N,train_round2,O=C[C@H]1[C@@H]2Cc3cc(OCc4cc(Br)c(C(F)(F)F)cc4F)ncc3[C@H]12,O=CCn1nc(C(=O)N2CC[C@H](O)[C@H](F)C2)c2c1C[C@H]1C[C@@H]21,O=C(C(O)Cn1nc(C(=O)N2CCC(O)C(F)C2)c2c1CC1CC21)C1C2Cc3cc(OCc4cc(Br)c(C(F)(F)F)cc4F)ncc3C21,-0.5773115121902972,-3.293,round2,mixed,48
XJCGMVKVVSVDJW-WXLQGSQKSA-N__AKYQNKFCBYNIMA-UHFFFAOYSA-N,train_round2,COCO[C@@H]1COC(=O)/C1=C/CC(C)(C)C=O,O=CC(C(=O)O)N(CCN(CC(=O)O)CC(=O)O)CC(=O)O,COCOC1COC(=O)C1=CCC(C)(C)C(=O)C(O)C(C(=O)O)N(CCN(CC(=O)O)CC(=O)O)CC(=O)O,-0.7807943036695809,0.882,round2,mixed,39
QVRUUTAYBHGFIV-UHFFFAOYSA-N__URAVTRKNLVKLQH-UHFFFAOYSA-N,train_round2,NN=Cc1ccc(OC(=O)C(N)(CC(=O)C(N)CC=O)c2c(F)c(F)c(F)c(F)c2F)cc1,CC1C(=C(N)C(F)(F)F)C(=NCC=O)C(F)(F)C1C,CC1C(=C(N)C(F)(F)F)C(=NCC(O)C(=O)CC(N)C(=O)CC(N)(C(=O)Oc2ccc(C=NN)cc2)c2c(F)c(F)c(F)c(F)c2F)C(F)(F)C1C,-6.0016037228382535,0.4048,round2,mixed,52
AZVREHGCEACGJQ-UHFFFAOYSA-N__KRLQJVJQJNKVMY-UHFFFAOYSA-N,train_round2,O=CC1C=Cc2ccc(F)c3c2N1CC3(O)CN1CCC(NCc2ccc3c(n2)NC(=O)CO3)CC1,O=COCCn1cc(-c2cc3nccc(Oc4ccc(NC(=O)C5(C=O)CC5)cc4F)c3s2)cn1,O=COCCn1cc(-c2cc3nccc(Oc4ccc(NC(=O)C5(C(O)C(=O)C6C=Cc7ccc(F)c8c7N6CC8(O)CN6CCC(NCc7ccc8c(n7)NC(=O)CO8)CC6)CC5)cc4F)c3s2)cn1,-0.4065564324172904,2.2685,round2,mixed,71
GZLRJVFMTYRTKK-UZSULEHISA-N__ZQLJWQJAUZNTPI-UHFFFAOYSA-N,train_round2,CNC(C=O)C1(OC(=O)C(C)(C)C)C[C@@H](c2ccc(F)c(F)c2)[C@H]([N+](=O)[O-])CN1,O=CC1ON=C(c2nonc2[N+](=O)[O-])N1c1ccc(F)c(C(F)F)c1,CNC(C(=O)C(O)C1ON=C(c2nonc2[N+](=O)[O-])N1c1ccc(F)c(C(F)F)c1)C1(OC(=O)C(C)(C)C)CC(c2ccc(F)c(F)c2)C([N+](=O)[O-])CN1,1.123382226306043,-0.3394,round2,train,54
OTXWAFISFSRKAO-PKWKYYQNSA-N__JKYNBWMXPRBUKD-UHFFFAOYSA-N,train_round2,CC(=O)OC[C@H](F)C1O[C@@H](OP(=O)(O)n2ccnc2)C(OC(C)=O)C(C=O)[C@@H]1OC(C)=O,CCN=C(Br)C(=CN)CN1C=CNC1c1ccc(F)cc1C=O,CCN=C(Br)C(=CN)CN1C=CNC1c1ccc(F)cc1C(O)C(=O)C1C(OC(C)=O)C(OP(=O)(O)n2ccnc2)OC(C(F)COC(C)=O)C1OC(C)=O,-18.60811698804789,-23.4607,round2,train,55
XKCOYOSUWJTEEM-PXYINDEMSA-N__GBJQPSBGSKNYHV-YVMONPNESA-N,train_round2,C[C@@H]1N=C(c2c(F)cccc2Cl)c2c(sc3c2CC(C=O)C3)-n2c(-c3cccnn3)nnc21,C=CC(C=O)C1(O)CCOC(=O)/C1=C/N,C=CC(C(O)C(=O)C1Cc2sc3c(c2C1)C(c1c(F)cccc1Cl)=NC(C)c1nnc(-c2cccnn2)n1-3)C1(O)CCOC(=O)C1=CN,1.2519073569937973,5.2841,round2,mixed,48
BIRGRKHUTYCUGY-UHFFFAOYSA-N__ULQBUIWZJOUOEJ-UHFFFAOYSA-N,train_round2,CC(=O)Nc1c(C(C)=O)[se]c(NC=O)c1C=O,O=CC1c2ccc([nH]2)C=c2ccc([nH]2)=CC2C=C3CCC(C3=N2)c2ccc1[nH]2,CC(=O)Nc1c(C(C)=O)[se]c(NC=O)c1C(=O)C(O)C1c2ccc([nH]2)C=c2ccc([nH]2)=CC2C=C3CCC(C3=N2)c2ccc1[nH]2,0.9039178207293204,-0.4496,round2,train,45
HYJBPRJTKVNBTC-UHFFFAOYSA-N__SINZAPLRMZPKMO-UHFFFAOYSA-N,train_round2,CCNC(C)(C=O)OC1(F)C=CC(N(CC)c2ncc3c(C)c(C(=O)O)sc3n2)=CC1,C#CC(=O)NC(O)C=O,C#CC(=O)NC(O)C(O)C(=O)C(C)(NCC)OC1(F)C=CC(N(CC)c2ncc3c(C)c(C(=O)O)sc3n2)=CC1,-4.0745570162280345,-7.4216,round2,mixed,40
LGIVJWHJMTWMAD-UHFFFAOYSA-N__OZKJIHZUCXCVOT-UHFFFAOYSA-N,train_round2,O=CC1C(=S(=O)=O)C1(C(F)(F)F)C(F)(F)F,COC1CN(C2(Br)C(C(F)(F)F)=NN(CC=O)C2C)CCN1Cl,COC1CN(C2(Br)C(C(F)(F)F)=NN(CC(O)C(=O)C3C(=S(=O)=O)C3(C(F)(F)F)C(F)(F)F)C2C)CCN1Cl,-30.93357733131988,-30.4394,round2,mixed,39
QURLESTYEHDFCQ-UHFFFAOYSA-N__XEBSUYXXYLPNIZ-DWIBLYGDSA-N,train_round2,O=Cc1ccc2n1Cc1ccccc1OC21CCNCC1,CC/C=C(F)\C(=C/C=C(C)C)c1csc(C(CC=O)N=C(N)N(C)C)c1,CCC=C(F)C(=CC=C(C)C)c1csc(C(CC(O)C(=O)c2ccc3n2Cc2ccccc2OC32CCNCC2)N=C(N)N(C)C)c1,-1.5923485152323942,-1.0253,round2,train,47
FPYLAJYYFJDRIK-UHFFFAOYSA-N__PYGFQXTUJSQFJP-UHFFFAOYSA-N,train_round2,O=Cc1cc(=O)c(OC(c2ccccc2)c2ccccc2)cn1OC(c1ccccc1)c1ccccc1,COc1cc(OC)nc(SC(C=O)CCC(Cl)CCl)n1,COc1cc(OC)nc(SC(CCC(Cl)CCl)C(O)C(=O)c2cc(=O)c(OC(c3ccccc3)c3ccccc3)cn2OC(c2ccccc2)c2ccccc2)n1,0.4023807707127127,-5.5121,round2,mixed,57
IDPLKIVSDYPFER-UHFFFAOYSA-N__OTUMFFRYZUTOHT-UHFFFAOYSA-N,train_round2,O=CC(Cl)c1c(O)c(Cl)c(Cl)c(O)c1Cl,N#CC(=NOCC=O)C(N)=O,N#CC(=NOCC(O)C(=O)C(Cl)c1c(O)c(Cl)c(Cl)c(O)c1Cl)C(N)=O,2.856878166717076,6.0888,round2,train,26
DDNOJUSJEFKHEA-UTISWFAOSA-N__HSJRAEQQVXRGGM-UHFFFAOYSA-N,train_round2,N=C/C(F)=C\C=C\CC(CCNC=O)c1ccc(OI)cc1C=O,C=C1C(C=O)C(=C)N(c2cc(CC)c(=NC)n(C(=C)C(F)F)c2)C1c1ccc(Cl)cc1,C=C1C(C(O)C(=O)c2cc(OI)ccc2C(CC=CC=C(F)C=N)CCNC=O)C(=C)N(c2cc(CC)c(=NC)n(C(=C)C(F)F)c2)C1c1ccc(Cl)cc1,-7.564426280978546,-6.4284,round2,mixed,55
NGQZHJLHRBRFMW-UHFFFAOYSA-N__ASLNMMUYIWRQOM-UHFFFAOYSA-N,train_round2,O=CCCn1sc2c(c1=O)CCC2,O=COC(c1ccccc1)N1CCOC(F)(C=O)C1,O=COC(c1ccccc1)N1CCOC(F)(C(O)C(=O)CCn2sc3c(c2=O)CCC3)C1,-5.212641826678553,-0.9146,round2,train,32
SGJZJSJZZNHWNN-FQEVSTJZSA-N__DNROWLSFCIYGRD-VDVWYFBOSA-N,train_round2,CCC(CC)NC[C@H](CC=O)N(Cc1cccc(F)c1F)c1ccc(C#N)c(Cl)c1,COc1ccc(-c2oc3cc(O[C@@H](O)[C@@H](O)[C@H](O)[C@H](O)C=O)cc(O)c3c(=O)c2O)cc1O,CCC(CC)NCC(CC(=O)C(O)C(O)C(O)C(O)C(O)Oc1cc(O)c2c(=O)c(O)c(-c3ccc(OC)c(O)c3)oc2c1)N(Cc1cccc(F)c1F)c1ccc(C#N)c(Cl)c1,0.6605608538014419,-0.413,round2,train,63
IWHYBOZMEALTDQ-NNXAEHONSA-N__XEOIFVGQYISCAV-WWJWFVIOSA-N,train_round2,CSC(O)[C@@H](O)[C@@H](O)[C@@H](O)C=O,C[C@@H](O)[C@@H](O)[C@@H](O)C[C@H](O)[C@@](O)(C[C@@H](O)C=O)[C@@H](C)O,CSC(O)C(O)C(O)C(O)C(=O)C(O)C(O)CC(O)(C(C)O)C(O)CC(O)C(O)C(C)O,-1.52383635128521,-0.5875,round2,mixed,32
ZHYWPCWWYQXRBD-UHFFFAOYSA-N__KLJVKVUDKXGCRQ-UHFFFAOYSA-N,train_round2,C=NC(=Nc1ccc(F)cc1OC1CCCCC1N(C)S(C)(=O)=O)C(C)=C(C)CC=O,O=Cc1oc(CF)cc(=O)c1OCC1=CCCC=C1,C=NC(=Nc1ccc(F)cc1OC1CCCCC1N(C)S(C)(=O)=O)C(C)=C(C)CC(=O)C(O)c1oc(CF)cc(=O)c1OCC1=CCCC=C1,-1.3895028517968295,-2.607,round2,mixed,50
WRMWPMGWABLVNI-PVFLNQBWSA-N__NMGFMTBTYROYPO-UHFFFAOYSA-N,train_round2,CC(=O)N[C@@H]1[C@@H](O)[C@H](O)[C@@H](C=O)O[C@@H]1O,O=Cc1cccc(C(=O)c2cc3c4c(c2O)C(=O)c2ccccc2OP34=O)c1O,CC(=O)NC1C(O)OC(C(=O)C(O)c2cccc(C(=O)c3cc4c5c(c3O)C(=O)c3ccccc3OP45=O)c2O)C(O)C1O,2.952430175302639,3.4194,round2,mixed,44
SBBWYPBMMXFXRS-JTQLQIEISA-N__AXRWQAUUTZEPPM-SHABUIRWSA-N,train_round2,CNC(=O)[C@H](N1C(=O)c2cc(F)cc(NC)c2C1(O)O)C(O)(O)C(O)(O)C=O,C[C@H]1ONC(c2c(Cl)cccc2Cl)[C@H]1C(=O)N[C@H](C=O)[C@@H]1N[C@@H](C(O)O)C(C)(C)S1,CNC(=O)C(N1C(=O)c2cc(F)cc(NC)c2C1(O)O)C(O)(O)C(O)(O)C(=O)C(O)C(NC(=O)C1C(C)ONC1c1c(Cl)cccc1Cl)C1NC(C(O)O)C(C)(C)S1,5.103740456695235,0.9012,round2,mixed,58
VDDSNGFFLHVZJS-UHFFFAOYSA-N__LCHQJTVSDWHBDI-DCWQJPKNSA-N,train_round2,CC1=CNCC(c2cc(F)cc(CNC3C=C(N(C)CCC(C#N)(C=O)C4CC4)C=C(C)N3)c2)=C1,CCC(O)(c1cc(F)c([C@@H](OCCO)N(C)CC2=NCC(C#N)=CN2)c(C=O)c1)C1CCCCC1,CCC(O)(c1cc(F)c(C(OCCO)N(C)CC2=NCC(C#N)=CN2)c(C(O)C(=O)C(C#N)(CCN(C)C2=CC(NCc3cc(F)cc(C4=CC(C)=CNC4)c3)NC(C)=C2)C2CC2)c1)C1CCCCC1,7.021032393951204,-10.8518,round2,mixed,70
ULXIGNWJWCAZMP-UHFFFAOYSA-N__DEBQIOFGENFHOT-INSVYWFGSA-N,train_round2,CNc1cc(C(=O)NCCCN2CCc3ccccc3C2)ccc1OC1(C=O)CC(F)C1,COc1c(O)cc2c(c1OC)-c1ccc(SC)c(=O)cc1[C@@H](NC(C)=O)CC2C=O,CNc1cc(C(=O)NCCCN2CCc3ccccc3C2)ccc1OC1(C(=O)C(O)C2CC(NC(C)=O)c3cc(=O)c(SC)ccc3-c3c2cc(O)c(OC)c3OC)CC(F)C1,6.125729545272806,-4.3933,round2,mixed,62
OXSJRTPNEMJVKX-UOODXVIRSA-N__OLKIOTHQDRANLR-UHFFFAOYSA-N,train_round2,NC(C=O)[C@H]1NC(=O)[C@@H](O)[C@H]1O,CN1CCc2cc(C(C=O)N3C(=O)CC(C(N)=O)C3Nc3ccc(C(C)(C)C)c(F)c3)ccc21,CN1CCc2cc(C(C(O)C(=O)C(N)C3NC(=O)C(O)C3O)N3C(=O)CC(C(N)=O)C3Nc3ccc(C(C)(C)C)c(F)c3)ccc21,6.750472908052727,4.6035,round2,mixed,46
OOMGBXVJNPEOTG-UHFFFAOYSA-N__FUNLRYKSFWHEJI-UHFFFAOYSA-N,train_round2,C#Cc1csc(C=O)c1OC(F)F,NNC(=O)c1c(C=O)c(=O)c2cc(O)c(O)cc2n1CC(=O)O,C#Cc1csc(C(=O)C(O)c2c(C(=O)NN)n(CC(=O)O)c3cc(O)c(O)cc3c2=O)c1OC(F)F,6.26878656745509,17.0724,round2,train,36
UWAUQFYLBRSXNQ-UHFFFAOYSA-N__GIRHGLFKNXHLNO-RDRPBHBLSA-N,train_round2,Cc1cc(C=O)c2c(c1)C=CC1(O2)N(C)c2ccc(N3C(=O)CCC3=O)cc2C1(C)C,Cc1c[nH]c2c(-c3c(F)cc4c(c3F)/C(=N/OC(C)(C)C=O)CC(C)(C)N4)cccc12,Cc1cc2c(c(C(=O)C(O)C(C)(C)ON=C3CC(C)(C)Nc4cc(F)c(-c5cccc6c(C)c[nH]c56)c(F)c43)c1)OC1(C=C2)N(C)c2ccc(N3C(=O)CCC3=O)cc2C1(C)C,4.798818327270012,-2.7733,round2,mixed,62
JIMCDCCEGWBAPQ-UHFFFAOYSA-N__PSJHTRWXAMBNAW-LMSMQVJYSA-N,train_round2,O=CC1(CC(F)(F)F)NC=CS1,C=C1CC(C)(CCC(C)(F)F)C(C=O)(N=C(N)N(C)C)/C1=C/C(=C\C)c1cccc(C#N)c1,C=C1CC(C)(CCC(C)(F)F)C(N=C(N)N(C)C)(C(O)C(=O)C2(CC(F)(F)F)NC=CS2)C1=CC(=CC)c1cccc(C#N)c1,6.990087467317059,4.9475,round2,mixed,45
UOYXCWSPBUWMJV-HLKLPANWSA-N__UZBLDLKIJWHYQF-OAPZVAQESA-N,train_round2,CCCN(C(C)(C)C/C=C\C(=C/N)C(F)(F)F)S(=O)(=O)c1ccc2c(c1)C(C=O)CC2,CCC(/C=C/C(=O)NC(C)C=O)=C\c1ccc2c(c1)OCO2,CCCN(C(C)(C)CC=CC(=CN)C(F)(F)F)S(=O)(=O)c1ccc2c(c1)C(C(=O)C(O)C(C)NC(=O)C=CC(=Cc1ccc3c(c1)OCO3)CC)CC2,5.615864036463864,1.9844,round2,train,53
SRRNMFWZBVFMDV-IHWYPQMZSA-N__UMEBYMXTCXKKDU-UHFFFAOYSA-N,train_round2,CC(=O)OOC(=O)/C=C\C(=O)OOC(=O)C(CC=O)OS(=O)O,C=CC(=NC=CC)c1ccc(C=C2CCCN3C2=NOC3(CC=O)c2ccc(F)cc2)cc1OC,C=CC(=NC=CC)c1ccc(C=C2CCCN3C2=NOC3(CC(O)C(=O)CC(OS(=O)O)C(=O)OOC(=O)C=CC(=O)OOC(C)=O)c2ccc(F)cc2)cc1OC,6.617828220235411,3.2085,round2,mixed,58
BRUHZPUQRKDCRL-UHFFFAOYSA-N__WRUQZRWBSNBUTG-NTUHNPAUSA-N,train_round2,O=CC(CN=CCc1ccc(F)c(F)c1)(c1csc2ccc(Cl)cc12)P1(=O)OCCCO1,O=Cc1ccc(/C=C/C=C2C=C(c3ccccc3)OC(c3ccccc3)=C2)s1,O=C(C(O)c1ccc(C=CC=C2C=C(c3ccccc3)OC(c3ccccc3)=C2)s1)C(CN=CCc1ccc(F)c(F)c1)(c1csc2ccc(Cl)cc12)P1(=O)OCCCO1,3.8960159450556207,3.0738,round2,mixed,60
KVQCRAUYBOSVGL-UHFFFAOYSA-N__HSUQYQOKSHONQW-UHFFFAOYSA-N,train_round2,Cc1cc(C=O)cc2c1Oc1c(Cl)cc(N3CCNCC3)cc1CS2(=O)=O,O=CC1(CC(F)(F)F)Nc2ccc(CO)cc2NC1=O,Cc1cc(C(=O)C(O)C2(CC(F)(F)F)Nc3ccc(CO)cc3NC2=O)cc2c1Oc1c(Cl)cc(N3CCNCC3)cc1CS2(=O)=O,4.137720448464257,-0.6425,round2,train,47
PQTHJJSDNGSRSM-LBWZTGJMSA-N__ZRWLWJGVTPRWLF-KPKJPENVSA-N,train_round2,C=C1C=C(Cn2cc(C=O)c(C#N)n2)/C=C(/F)CN=C/C(Cl)=C\1,C=C(F)/C=C(\C(=C)Cl)C(=O)c1c([N+](=O)[O-])cc(CCC=O)c(NC)c1Br,C=C(F)C=C(C(=C)Cl)C(=O)c1c([N+](=O)[O-])cc(CCC(O)C(=O)c2cn(CC3=CC(=C)C=C(Cl)C=NCC(F)=C3)nc2C#N)c(NC)c1Br,5.977375394962899,2.4978,round2,train,49
JTHINULQZVFUAW-UHFFFAOYSA-N__ZZPSUKHDMDAFMD-KXQVWALASA-N,train_round2,CNC(C=O)CC1=C(F)C2CC2C=C1,O=CC1(CN[C@H]2C[C@H](C(=O)N[C@H](c3c(F)ccc(Cl)c3F)C34CCC(F)(CC3)C4)C[C@H]2O)CC1,CNC(CC1=C(F)C2CC2C=C1)C(=O)C(O)C1(CNC2CC(C(=O)NC(c3c(F)ccc(Cl)c3F)C34CCC(F)(CC3)C4)CC2O)CC1,5.187977025778192,3.2733,round2,mixed,48
GIEADKTXJGDWNU-UHFFFAOYSA-N__FQGZXTMIIVMYRW-UBKPWBPPSA-N,train_round2,O=Cc1ccc(C2=NOC(c3cc(Cl)c(F)c(Cl)c3)(C(F)(F)F)C2)c2c1SCC2,O=CC(c1ccc(F)c(-c2ncnc3cc(C/C4=C/CCCCCC4)sc23)c1)c1nccs1,O=C(c1ccc(C2=NOC(c3cc(Cl)c(F)c(Cl)c3)(C(F)(F)F)C2)c2c1SCC2)C(O)C(c1ccc(F)c(-c2ncnc3cc(CC4=CCCCCCC4)sc23)c1)c1nccs1,3.9059862741547824,3.9324,round2,mixed,62
KTZPTLHYBIXTJD-FFIYDZMDSA-N__BWEKWXHYEYXLEF-UHFFFAOYSA-N,train_round2,O=CC12[C@@H]3C4CC(=O)N1c1ccccc1[C@@]21CCN2CC(=CCO4)[C@@H]3C[C@H]21,C=C(N=C(N=C(N)c1ccccc1)c1ccc(C=O)cc1)c1ccc(C(F)(F)F)cc1O,C=C(N=C(N=C(N)c1ccccc1)c1ccc(C(O)C(=O)C23C4C5CC(=O)N2c2ccccc2C32CCN3CC(=CCO5)C4CC32)cc1)c1ccc(C(F)(F)F)cc1O,3.380033757452633,-0.8709,round2,mixed,59
FYKDDEUSNJAKNY-UHFFFAOYSA-N__VQOQIFUAFHMMQG-UHFFFAOYSA-N,train_round2,CNc1c(Br)cc(C(Br)C=O)cc1C#N,CNc1cc(NPI)c(C=N)cc1N(CC=O)c1ccc(F)cc1,CNc1cc(NPI)c(C=N)cc1N(CC(O)C(=O)C(Br)c1cc(Br)c(NC)c(C#N)c1)c1ccc(F)cc1,4.658034628018962,6.5202,round2,train,39
HVHWAUKBKXJNQH-NVNXTCNLSA-N__OGKOSDQMTOTFOA-WMCAAGNKSA-N,train_round2,CCS(=O)c1ccc(-n2cncn2)nc1-c1nc(/C=C(\N(C)OC)C(F)(F)F)c(C=O)n1C,CCC(C)c1nc(CN(CC)C(=O)C[C@H](N)CNCC(F)(F)CCC=O)c(C)c(C(F)(F)F)n1,CCC(C)c1nc(CN(CC)C(=O)CC(N)CNCC(F)(F)CCC(O)C(=O)c2c(C=C(N(C)OC)C(F)(F)F)nc(-c3nc(-n4cncn4)ccc3S(=O)CC)n2C)c(C)c(C(F)(F)F)n1,16.021838167214014,9.4007,round2,train,67
PUBJGNVNWPETNZ-VTJTWBMFSA-N__ZPNAKCXCWNCKRB-UHFFFAOYSA-N,train_round2,COC/C(=C\C=C(/C)OCCOCCC(F)(F)C=O)Cc1c(C)nc(N)[nH]c1=O,C#CC(=CC=C(C)F)c1nc(N(C)S(C)(=O)=O)nc(C(C)C)c1C=O,C#CC(=CC=C(C)F)c1nc(N(C)S(C)(=O)=O)nc(C(C)C)c1C(O)C(=O)C(F)(F)CCOCCOC(C)=CC=C(COC)Cc1c(C)nc(N)[nH]c1=O,11.292414338370996,-2.9098,round2,train,54
MFUWKLKLGDWHFU-UHFFFAOYSA-N__WJZSTRFQVDSASH-UHFFFAOYSA-N,train_round2,COc1cc(B(O)O)c(C=O)cc1-c1c[nH]c2ncc(-c3cncc(C(=O)N(C)C)c3)cc12,Cc1ccccc1CC(C=O)N(C)C(=O)C(Cc1c[nH]c2ccc(F)c([N+](=O)[O-])c12)N(C)C,COc1cc(B(O)O)c(C(=O)C(O)C(Cc2ccccc2C)N(C)C(=O)C(Cc2c[nH]c3ccc(F)c([N+](=O)[O-])c23)N(C)C)cc1-c1c[nH]c2ncc(-c3cncc(C(=O)N(C)C)c3)cc12,9.78472521584707,4.2076,round2,mixed,66
FYKDDEUSNJAKNY-UHFFFAOYSA-N__LDFKULXKYPZSIU-UHFFFAOYSA-N,train_round2,CNc1c(Br)cc(C(Br)C=O)cc1C#N,C=C1c2cc(F)c(C=O)c3c2=C(C(F)CC=3C(C)=O)C(O)N1C,C=C1c2cc(F)c(C(O)C(=O)C(Br)c3cc(Br)c(NC)c(C#N)c3)c3c2=C(C(F)CC=3C(C)=O)C(O)N1C,11.274771503251658,-2.9484,round2,mixed,38
LHICNIQDUSLKGT-WRWGMCAJSA-N__CZUQOQXRSODZJV-WKWWZUSTSA-N,train_round2,O=C[C@H](OP(=O)(O)OP(=O)(O)O)[C@@H](O)[C@H](OC(=O)c1ccccc1O)[C@H](O)CO,C#C[C@]1(OC)CC[C@H]2[C@@H]3CCC4=CC(=O)CCC4=C3[C@@H](c3ccc(C=O)cc3)C[C@@]21C,C#CC1(OC)CCC2C3CCC4=CC(=O)CCC4=C3C(c3ccc(C(O)C(=O)C(OP(=O)(O)OP(=O)(O)O)C(O)C(OC(=O)c4ccccc4O)C(O)CO)cc3)CC21C,11.795904025551224,23.8644,round2,train,60
YLIUOQLKDHZJFT-UHFFFAOYSA-N__RFORICRWERWQSD-UHFFFAOYSA-N,train_round2,O=Cc1ccc2ccccc2c1C#Cc1ccccc1,C[Si](C)(C)Nc1cc(C=O)cc(C(=O)N(Cl)Cl)c1,C[Si](C)(C)Nc1cc(C(=O)N(Cl)Cl)cc(C(O)C(=O)c2ccc3ccccc3c2C#Cc2ccccc2)c1,7.916029281919488,1.5617,round2,mixed,38
OJHBHLAYFBTMCJ-UHFFFAOYSA-N__UGOOKYBEVBCZMR-YGWIHHTISA-N,train_round2,CN=CC(=CN)CC1(C=O)CC(=CN)C(=Nc2ccc(F)cc2)C=C1CCSN,CSC[S@](=O)C[C@H](C=O)NC(=O)CCc1c(C)[nH]c(=O)[nH]c1=O,CN=CC(=CN)CC1(C(=O)C(O)C(CS(=O)CSC)NC(=O)CCc2c(C)[nH]c(=O)[nH]c2=O)CC(=CN)C(=Nc2ccc(F)cc2)C=C1CCSN,19.573925195094752,5.6727,round2,mixed,52
REZZXLSXARRMEG-UHFFFAOYSA-N__NSMCAMLRIVACSR-XLQDAESGSA-N,train_round2,O=CCC=C(C(=O)C(=O)O)[N+](=O)[O-],O=Cc1ccccc1NC1c2ccccc2N2C3c4ccccc4N[C@@H]2c2ccccc2N13,O=C(O)C(=O)C(=CCC(=O)C(O)c1ccccc1NC1c2ccccc2N2C3Nc4ccccc4C2N1c1ccccc13)[N+](=O)[O-],11.41493486914869,10.0478,round2,train,46
JTZDOIPOADJMFK-DEOSSOPVSA-N__UYAAPKUAWFEOMC-FUZSOAMUSA-N,train_round2,COC(=O)[C@@H](OC(C)(C)C)c1c(C)nc2c(cc(C=O)n2C)c1-c1cc(F)c2c(c1C)CCCO2,CN1CCC2(CC(=N/C=C\N)N(Cc3ccc(C(F)(F)F)o3)C2=O)/C1=C/c1occc1C=O,COC(=O)C(OC(C)(C)C)c1c(C)nc2c(cc(C(=O)C(O)c3ccoc3C=C3N(C)CCC34CC(=NC=CN)N(Cc3ccc(C(F)(F)F)o3)C4=O)n2C)c1-c1cc(F)c2c(c1C)CCCO2,13.839207257201087,3.4867,round2,mixed,68
ZLZBQVKAILZNML-UGLNBITBSA-N__NJUZPESHHVWZAR-UHFFFAOYSA-N,train_round2,C=C/C=C\C=C\N1C(=O)C2C(F)=CC=CC2N=C1C(CC)Nc1nc(SC)nc(N=CN)c1C=O,CC1(C=O)C=C2OC(F)(F)C(=O)NC2=CC1,C=CC=CC=CN1C(=O)C2C(F)=CC=CC2N=C1C(CC)Nc1nc(SC)nc(N=CN)c1C(=O)C(O)C1(C)C=C2OC(F)(F)C(=O)NC2=CC1,14.90294319693699,11.0271,round2,mixed,51
OEVQTUTXOVDNJO-GEEOIBTQSA-N__DZZHIBPTMNCBJH-UHFFFAOYSA-N,train_round2,C[C@H](NS(=O)(=O)O)[C@@H](C=O)NC(=O)/C(=N\OC(C)(C)C(=O)O)c1csc(N)n1,CCOCCOc1c2ncc(c1C=O)CSCCCCCSC2,CCOCCOc1c2ncc(c1C(O)C(=O)C(NC(=O)C(=NOC(C)(C)C(=O)O)c1csc(N)n1)C(C)NS(=O)(=O)O)CSCCCCCSC2,9.14820052980398,4.3353,round2,mixed,51
RMATZYQNGMLMLR-UHFFFAOYSA-N__DLZZIKVJNKUFQG-UHFFFAOYSA-N,train_round2,CC1ON=C(c2ccccc2C(F)(F)F)C1(C=O)N1CCN(Cl)CC1CCCCl,NCCCC1(c2cccc(F)c2)SC(c2cc(F)ccc2F)=NN1CC=O,CC1ON=C(c2ccccc2C(F)(F)F)C1(C(=O)C(O)CN1N=C(c2cc(F)ccc2F)SC1(CCCN)c1cccc(F)c1)N1CCN(Cl)CC1CCCCl,7.390827281725485,4.2251,round2,mixed,56
IQQOHGFJUOHFHE-UHFFFAOYSA-N__GOGWJKYVERXMNN-UHFFFAOYSA-N,train_round2,CC(C)(C)n1nc(-c2ccc(NS(=O)C(F)F)cc2)c(C=O)c1Nc1cccc(C#N)n1,COc1ccc(-n2nc(C(F)(F)F)c3c2C(=O)N(c2ccc(C4(C=O)CC4)cc2)CC32CC2)cc1,COc1ccc(-n2nc(C(F)(F)F)c3c2C(=O)N(c2ccc(C4(C(O)C(=O)c5c(-c6ccc(NS(=O)C(F)F)cc6)nn(C(C)(C)C)c5Nc5cccc(C#N)n5)CC4)cc2)CC32CC2)cc1,27.536075798913203,13.0722,round2,mixed,67
GTTXZKNGOCZNQO-IAGOWNOFSA-N__JTNRRLKTCKRRQL-UHFFFAOYSA-N,train_round2,CS(=O)(=O)N[C@H]1C(F)(F)O[C@@]1(C=O)Cc1cccc(-c2cc(F)cc(F)c2)c1,CCCN(CCO)c1cc(-c2cc(C(=O)Nc3cccc(C(F)(F)F)c3)ccc2C=O)ccc1CC,CCCN(CCO)c1cc(-c2cc(C(=O)Nc3cccc(C(F)(F)F)c3)ccc2C(O)C(=O)C2(Cc3cccc(-c4cc(F)cc(F)c4)c3)OC(F)(F)C2NS(C)(=O)=O)ccc1CC,12.82632065844428,2.6825,round2,mixed,64
QDZJKOQKRJZBKX-UHFFFAOYSA-N__ZRMYUDWZIGLETQ-UHFFFAOYSA-N,train_round2,O=Cc1nc(-c2ccc(C(F)(F)F)cc2)sc1COC1=CC(F)C(c2noc(=O)[nH]2)C=C1,COC(C)CCCN(C(=O)C1CCC(C)CC1)c1cc(C2=CCC(C(F)(F)F)CC2)sc1C=O,COC(C)CCCN(C(=O)C1CCC(C)CC1)c1cc(C2=CCC(C(F)(F)F)CC2)sc1C(O)C(=O)c1nc(-c2ccc(C(F)(F)F)cc2)sc1COC1=CC(F)C(c2noc(=O)[nH]2)C=C1,8.54357263398704,5.6038,round2,mixed,66
JSGQLAPYRZRKIQ-OWWADGOUSA-N__VDDSNGFFLHVZJS-UHFFFAOYSA-N,train_round2,N#C[C@H](C[C@@H]1CCCNC1=O)NC[C@@](C=O)(CC1CC1)NC(=O)c1cc2cc(F)c(Cl)cc2[nH]1,CC1=CNCC(c2cc(F)cc(CNC3C=C(N(C)CCC(C#N)(C=O)C4CC4)C=C(C)N3)c2)=C1,CC1=CNCC(c2cc(F)cc(CNC3C=C(N(C)CCC(C#N)(C4CC4)C(O)C(=O)C(CNC(C#N)CC4CCCNC4=O)(CC4CC4)NC(=O)c4cc5cc(F)c(Cl)cc5[nH]4)C=C(C)N3)c2)=C1,18.87772908434401,-7.0659,round2,mixed,69
QAPAENGYHGVLOU-UHFFFAOYSA-N__NYHIRSOXACGRJJ-UHFFFAOYSA-N,train_round2,CCCCc1nc(C=O)c(Cl)n1Cc1cn(CC(=O)Nc2nc(-c3ccc(C)cc3)cs2)nn1,CCC1C=C(Cc2ccc(F)cc2F)SC(c2cn3c(c(O)c2=O)C(C=O)NC2COCC23)=N1,CCCCc1nc(C(=O)C(O)C2NC3COCC3n3cc(C4=NC(CC)C=C(Cc5ccc(F)cc5F)S4)c(=O)c(O)c32)c(Cl)n1Cc1cn(CC(=O)Nc2nc(-c3ccc(C)cc3)cs2)nn1,10.851174166599511,-13.766,round2,train,68
OWKNOAYQVSYXET-UHFFFAOYSA-N__CUWNGDJHDYLVJY-UHFFFAOYSA-N,train_round2,O=CC12Cc3cnn(-c4ccc(F)c(F)c4)c3C=C1CCN(Sc1ccc(Cl)c(Cl)c1)C2,O=Cc1[nH]c(=O)c2scc3c2c1CC(F)(F)CO3,O=C(C(O)c1[nH]c(=O)c2scc3c2c1CC(F)(F)CO3)C12Cc3cnn(-c4ccc(F)c(F)c4)c3C=C1CCN(Sc1ccc(Cl)c(Cl)c1)C2,7.642342139961023,1.5341,round2,train,50
XFTUNPSTTWJLTJ-UHFFFAOYSA-N__OULZOFHKIRPNNU-UHFFFAOYSA-N,train_round2,Cc1cc(C(C)NCC2C(Cl)=NC=CC2C=O)ccc1OCC(F)F,COC1(OC)C2(Br)CC(C=O)C1(Br)C(Br)=C2Br,COC1(OC)C2(Br)CC(C(O)C(=O)C3C=CN=C(Cl)C3CNC(C)c3ccc(OCC(F)F)c(C)c3)C1(Br)C(Br)=C2Br,8.017209982542937,5.0495,round2,train,42
SKFLKIKSFYKUEH-UHFFFAOYSA-N__GKCCKEYHHYQRCN-DHDCSXOGSA-N,train_round2,COc1ccc(C2(C=O)C=CC=CC2)cc1OCCCC1(c2noc3cc(F)ccc23)CCNCC1,CN=C1NC(C#Cc2ccc(N(C)CC=O)cc2)=C/C1=C/CF,CN=C1NC(C#Cc2ccc(N(C)CC(O)C(=O)C3(c4ccc(OC)c(OCCCC5(c6noc7cc(F)ccc67)CCNCC5)c4)C=CC=CC3)cc2)=CC1=CCF,8.121697745968849,7.4754,round2,train,59
WDUPXMRYAWAEOV-UHFFFAOYSA-N__JVINUYVZQMLNPA-UHFFFAOYSA-N,train_round2,CN1c2cc(S(C)(=O)=O)ccc2N(CC=O)S1(=O)=O,CCCCC(C=O)(CC)OCS(C)(=O)=O,CCCCC(CC)(OCS(C)(=O)=O)C(O)C(=O)CN1c2ccc(S(C)(=O)=O)cc2N(C)S1(=O)=O,10.87833030600497,2.5457,round2,mixed,34
WFYXVCCYJGQCIV-FNPLBGOPSA-N__SGJZJSJZZNHWNN-FQEVSTJZSA-N,train_round2,CCCOC[C@@H](C=O)NP(=O)(Cc1c(C(=O)O)c(F)cc2ccccc12)Oc1ccccc1,CCC(CC)NC[C@H](CC=O)N(Cc1cccc(F)c1F)c1ccc(C#N)c(Cl)c1,CCCOCC(NP(=O)(Cc1c(C(=O)O)c(F)cc2ccccc12)Oc1ccccc1)C(=O)C(O)CC(CNC(CC)CC)N(Cc1cccc(F)c1F)c1ccc(C#N)c(Cl)c1,11.090221727682822,-3.508,round2,mixed,63
LNCDZSYAWREEQM-IAXJKZSUSA-N__QHMPKJIHMROLLX-FAIUTGPOSA-N,train_round2,O=CCOC(=O)[C@@H]1CCC2CC(c3c(-n4cc(C(F)(F)F)nn4)ccc(Cl)c3F)=CC(=O)N21,O=C[C@@H]1C2C(c3ccccc3)=CC[C@H]3Cc4ccccc4C(=O)C231,O=C(COC(=O)C1CCC2CC(c3c(-n4cc(C(F)(F)F)nn4)ccc(Cl)c3F)=CC(=O)N21)C(O)C1C2C(c3ccccc3)=CCC3Cc4ccccc4C(=O)C321,7.995934121723016,7.2218,round2,train,57
LSZWXWBQXYQUDB-UHFFFAOYSA-N__JDRRVXVMZGIGCW-LOACHALJSA-N,train_round2,CN1C(CC=O)=CSC1SCC(=O)NCC1CN(Cc2ccc(Cl)c(CF)c2)CCO1,CC1Cc2ccccc2N1C(=O)CCCNc1c(F)c(N)c2c(=O)c(C=O)cn3c2c1OC[C@@H]3C,CC1Cc2ccccc2N1C(=O)CCCNc1c(F)c(N)c2c(=O)c(C(O)C(=O)CC3=CSC(SCC(=O)NCC4CN(Cc5ccc(Cl)c(CF)c5)CCO4)N3C)cn3c2c1OCC3C,11.481176437333636,0.5415,round2,mixed,66
XEOIFVGQYISCAV-WWJWFVIOSA-N__IWHYBOZMEALTDQ-NNXAEHONSA-N,train_round2,C[C@@H](O)[C@@H](O)[C@@H](O)C[C@H](O)[C@@](O)(C[C@@H](O)C=O)[C@@H](C)O,CSC(O)[C@@H](O)[C@@H](O)[C@@H](O)C=O,CSC(O)C(O)C(O)C(O)C(O)C(=O)C(O)CC(O)(C(C)O)C(O)CC(O)C(O)C(C)O,7.854203644321047,7.4988,round2,mixed,32
MJAZCNBUYUDLRT-UHFFFAOYSA-N__OGWFTMKKTJVWKH-UHFFFAOYSA-N,train_round2,O=Cc1cc(O)c2c(c1)N1CC3NC3C(O)(O1)C2CO,Cc1cc(-c2coc(C=O)c2)ncc1Nc1ncc2c(n1)n(C1CCOCC1)c(=O)n2C,Cc1cc(-c2coc(C(O)C(=O)c3cc(O)c4c(c3)N3CC5NC5C(O)(O3)C4CO)c2)ncc1Nc1ncc2c(n1)n(C1CCOCC1)c(=O)n2C,14.728716429962216,13.2449,round2,mixed,52
DNZFUYPDOIZPAG-NUSKQCICSA-N__HMYUHDIGJAXXGU-UHFFFAOYSA-N,train_round2,C#C/C=C(/N)C(=NCc1cc(F)c(C=O)c(F)c1)NCc1cc(C=C)c(N=CCC)cc1F,CNCNc1nc(Oc2cncc(C=O)c2)nc2[nH]c3c(NC)cc(F)cc3c12,C#CC=C(N)C(=NCc1cc(F)c(C(=O)C(O)c2cncc(Oc3nc(NCNC)c4c(n3)[nH]c3c(NC)cc(F)cc34)c2)c(F)c1)NCc1cc(C=C)c(N=CCC)cc1F,8.780679448072485,9.8269,round2,mixed,62
PWALNNQORCIGJT-UHFFFAOYSA-N__FKCVCEZILZHDNP-UHFFFAOYSA-N,train_round2,Cc1cc(SC(c2cnc(C=O)cc2C)c2cc(P)ccc2P)ccc1F,Cc1ccc(-c2cc(C(F)(F)C(F)(F)F)nc3c2ccc2nc(-c4nnco4)c(CC=O)n23)cc1,Cc1ccc(-c2cc(C(F)(F)C(F)(F)F)nc3c2ccc2nc(-c4nnco4)c(CC(O)C(=O)c4cc(C)c(C(Sc5ccc(F)c(C)c5)c5cc(P)ccc5P)cn4)n23)cc1,12.091553637711536,4.83,round2,mixed,62
OTZMLZHNPVFFKA-UHFFFAOYSA-N__WRUQZRWBSNBUTG-NTUHNPAUSA-N,train_round2,Cc1ccnc2c(Cl)ccc(NCC=O)c12,O=Cc1ccc(/C=C/C=C2C=C(c3ccccc3)OC(c3ccccc3)=C2)s1,Cc1ccnc2c(Cl)ccc(NCC(=O)C(O)c3ccc(C=CC=C4C=C(c5ccccc5)OC(c5ccccc5)=C4)s3)c12,9.342655760266576,7.0567,round2,mixed,44
AJLLJEGLHKXUCF-DJZRFWRSSA-N__HEWKRXBEFZRQOD-DCIOMXRHSA-N,train_round2,N#CNC(=NC[C@@H](C=O)Nc1c(Cl)cc(CCC(O)c2cccc(O)c2)cc1Cl)NCCF,C=CCOC(=O)N(COC)[C@]1(C=O)[C@@H]2[C@@H](CC(=O)O)[C@@H]2C[C@H]1OCc1ccc(F)cc1,C=CCOC(=O)N(COC)C1(C(O)C(=O)C(CN=C(NC#N)NCCF)Nc2c(Cl)cc(CCC(O)c3cccc(O)c3)cc2Cl)C(OCc2ccc(F)cc2)CC2C(CC(=O)O)C21,11.893360621390627,4.2655,round2,mixed,64
BAJJHUAANDUEMS-UHFFFAOYSA-N__IHWFJEJXLPPDDG-QPAOKJHLSA-N,train_round2,O=CC(F)(F)c1ccc(Br)s1,C=C[C@]1(C)C(=O)[C@@H](Br)[C@H]2C(=O)[C@]1(C=O)c1cccc3c1c(cn3C)C2(C)C,C=CC1(C)C(=O)C(Br)C2C(=O)C1(C(O)C(=O)C(F)(F)c1ccc(Br)s1)c1cccc3c1c(cn3C)C2(C)C,7.811061020394521,5.8763,round2,train,38
JVINUYVZQMLNPA-UHFFFAOYSA-N__WDUPXMRYAWAEOV-UHFFFAOYSA-N,train_round2,CCCCC(C=O)(CC)OCS(C)(=O)=O,CN1c2cc(S(C)(=O)=O)ccc2N(CC=O)S1(=O)=O,CCCCC(CC)(OCS(C)(=O)=O)C(=O)C(O)CN1c2ccc(S(C)(=O)=O)cc2N(C)S1(=O)=O,15.94746866449002,7.3634,round2,mixed,34
ASPYNUKRQBNFIT-UHFFFAOYSA-N__SZXMDUKWIYIKKS-UHFFFAOYSA-N,train_round3,C1=CC(=NC(=C1C=O)Br)C(F)(F)F,C1=CC=C(C=C1)C2=NOC(=C2)C=O,O=C(c1ccc(C(F)(F)F)nc1Br)C(O)c1cc(-c2ccccc2)no1,1.960783544217693,1.8159,round3,train,26
HEBWLBFTJXOXIG-UHFFFAOYSA-N__TYNIFLKNCUWKHI-UHFFFAOYSA-N,train_round3,CN1CC2CCCN2C3=C(C=C4C(=C3C1)N(C=C(C4=O)C=O)C5CC5)F,C1=C(C(=C(C=N1)O)F)C=O,CN1Cc2c(c(F)cc3c(=O)c(C(=O)C(O)c4cncc(O)c4F)cn(C4CC4)c23)N2CCCC2C1,-2.638406613380385,1.5282,round3,train,36
WRUGGLKUQDCSGP-UHFFFAOYSA-N__TXJHTOHOFHZNTI-UHFFFAOYSA-N,train_round3,CN(C)CCCNC1=NC(=NC2=CC=CC=C21)C3=C(C4=C(N3)C=CC(=C4)Cl)C=O,C1=C(C(=C(C(=N1)F)C(F)F)C=O)F,CN(C)CCCNc1nc(-c2[nH]c3ccc(Cl)cc3c2C(=O)C(O)c2c(F)cnc(F)c2C(F)F)nc2ccccc12,-0.0702852718069503,1.8087,round3,train,42
DTTNEDBRSCCYES-MEFUKOJESA-N__CXCADJZYUDITKU-UHFFFAOYSA-N,train_round3,CC(C)[C@@H](C(=O)N[C@@H](C[C@@H]1CCCNC1=O)C=O)NC(=O)/C=C/C2=CC=CC=C2,CC1=C(C2=C(C(=C(C=C2N1C(=O)C3=CC(=C(C=C3)F)F)F)O)F)CC=O,Cc1c(CC(O)C(=O)C(CC2CCCNC2=O)NC(=O)C(NC(=O)C=Cc2ccccc2)C(C)C)c2c(F)c(O)c(F)cc2n1C(=O)c1ccc(F)c(F)c1,-2.2302606355896453,0.4888,round3,mixed,55
LURQSTZVGWRFLV-CYBMUJFWSA-N__UVPGDYDKQKVMOL-UHFFFAOYSA-N,train_round3,CC(C1=CC(=C(S1)C(=O)N[C@H](C=O)C2CC2)OC3=CC=CC=C3)(F)F,C1=C(C=C(C=C1C(F)(F)F)C(F)(F)F)C(CBr)C=O,CC(F)(F)c1cc(Oc2ccccc2)c(C(=O)NC(C(=O)C(O)C(CBr)c2cc(C(F)(F)F)cc(C(F)(F)F)c2)C2CC2)s1,2.7224077745168818,7.9678,round3,mixed,44
AYYCJLDODRZCOB-UHFFFAOYSA-N__MCZOSEUZABDACT-YSSOQSIOSA-N,train_round3,C1=CC(=CC(=C1)C(=O)N)C=O,CN1C[C@@H](CCC(C1)F)N2C=C(C(=O)C(=C2C=O)O)C(=O)NCC3=C(C=C(C=C3)F)F,CN1CC(F)CCC(n2cc(C(=O)NCc3ccc(F)cc3F)c(=O)c(O)c2C(O)C(=O)c2cccc(C(N)=O)c2)C1,-0.8353274954395634,-0.8203,round3,mixed,42
NYYJOFDIDGBOCC-UHFFFAOYSA-N__ZXRRJDOOFSPTHO-UHFFFAOYSA-N,train_round3,CCOC1=C(C(=C(C(=C1C2=NC=CC3=CC=CC=C32)F)C4=NC=CC5=CC=CC=C54)OCC)C=O,C=CCCC1=C(C(=C(C=C1)C2=CC=C(C=C2)C=O)F)F,C=CCCc1ccc(-c2ccc(C(O)C(=O)c3c(OCC)c(-c4nccc5ccccc45)c(F)c(-c4nccc5ccccc45)c3OCC)cc2)c(F)c1F,1.8051878958023504,0.1371,round3,mixed,55
HHYAIAKOUTWYCY-UHFFFAOYSA-N__KRCSEEITTBNSQS-UHFFFAOYSA-N,train_round3,CC1=C2C(=C(NC2=C(C=C1)C)C3=C(C=CC(=C3)F)OC)C=O,C(C(C(C(C(C=O)N)O)O)O)OS(=O)(=O)O,COc1ccc(F)cc1-c1[nH]c2c(C)ccc(C)c2c1C(=O)C(O)C(N)C(O)C(O)C(O)COS(=O)(=O)O,-0.2886098972375119,-8.0257,round3,mixed,38
WNHKEQXBCIQQSO-UHFFFAOYSA-N__WVEDRPBXVFESRN-MODGDUCVSA-N,train_round3,C(COCCOCCOCCOCCOCC=O)O,CC1CC=CC(/C=C(\C1=N)/C2CCN(C2)CC=O)C/C=C(\C(=C/CC#C)\OC3=CC=CC=N3)/F,C#CCC=C(Oc1ccccn1)C(F)=CCC1C=CCC(C)C(=N)C(C2CCN(CC(O)C(=O)COCCOCCOCCOCCOCCO)C2)=C1,-2.242099691396769,-2.2643,round3,mixed,53
HSIUDEATXKXKSY-VYIIXAMBSA-N__UCUCSLLDXLBMNC-LBPRGKRZSA-N,train_round3,CC(=O)NC[C@H]1CN(C(=O)O1)C2=CC(=C(C=C2)C3=CCC(C=C3)C=O)F,C1=CC=C(C=C1)N([C@@H](CC=O)C2=NC=CC(=C2F)Cl)C(=O)O,CC(=O)NCC1CN(c2ccc(C3=CCC(C(=O)C(O)CC(c4nccc(Cl)c4F)N(C(=O)O)c4ccccc4)C=C3)c(F)c2)C(=O)O1,-7.636022701131641,-8.6782,round3,mixed,48
OYQPOISPVSWLOK-UHFFFAOYSA-N__KDVUTHOMPYFSDW-IXISDDIVSA-N,train_round3,C1CN(CC1NC2=NN=CC=C2)C(=O)C3=C(C=CC(=C3)C=O)F,CC(C(=O)N1C[C@@H]2CCC[C@H]2C1C(=O)N[C@@H](C[C@@H]3CCNC3=O)C=O)OC4=CC=C(C=C4)OC,COc1ccc(OC(C)C(=O)N2CC3CCCC3C2C(=O)NC(CC2CCNC2=O)C(O)C(=O)c2ccc(F)c(C(=O)N3CCC(Nc4cccnn4)C3)c2)cc1,-8.119650057106595,-19.2829,round3,mixed,57
NWUIMJJEAVPMGW-UHFFFAOYSA-N__HTJDDCSBCXTOPU-UHFFFAOYSA-N,train_round3,CC(C)(C)OC(=O)NC(C)(C=O)C(F)F,CC(C1=CC=CC=C1N)C(C=O)(F)F,CC(c1ccccc1N)C(F)(F)C(O)C(=O)C(C)(NC(=O)OC(C)(C)C)C(F)F,-2.048576505395503,2.3894,round3,train,29
HSLYNUMANDAWJI-UHFFFAOYSA-N__WLDSYCOEHYLDRX-CTNGQTDRSA-N,train_round3,C1=CC(=CC=C1CN(CC=O)C(=O)O)C(F)(F)F,COC1=C(C=CC(=C1)CCN[C@H]2CC[C@H](C2)C3=CN=C(N=C3)N4CCN(CC4)CC=O)F,COc1cc(CCNC2CCC(c3cnc(N4CCN(CC(O)C(=O)CN(Cc5ccc(C(F)(F)F)cc5)C(=O)O)CC4)nc3)C2)ccc1F,-1.2566078165288137,4.2079,round3,mixed,50
KTVFMAUCVXFQRY-UHFFFAOYSA-N__DWYPBVSWQNWKNW-UHFFFAOYSA-N,train_round3,C1=CC(=C(C(=C1C2=NC=C(N2)C=O)F)F)F,C[Si](C)(C)CCOCN1C2=CC(=O)N(N=C2C(=N1)Cl)C3=C(C=CC=C3F)C=O,C[Si](C)(C)CCOCn1nc(Cl)c2nn(-c3c(F)cccc3C(O)C(=O)c3cnc(-c4ccc(F)c(F)c4F)[nH]3)c(=O)cc21,1.4466727981499183,3.6772,round3,mixed,44
QBOFUTOZHVTRCU-ZCFIWIBFSA-N__JRZZBNZRUIWFTH-UHFFFAOYSA-N,train_round3,C=C(C[C@H](C=O)O)C#N,CC(=NC1=CC(=C(C=C1)C(=O)OC2=CC=C(C=C2)C=O)F)NC(=O)OC(C)(C)C,C=C(C#N)CC(O)C(=O)C(O)c1ccc(OC(=O)c2ccc(N=C(C)NC(=O)OC(C)(C)C)cc2F)cc1,2.3114421731486567,6.6065,round3,mixed,38
LEEIJROYIIGPFU-UHFFFAOYSA-N__VPFBUXYKIJELNI-UHFFFAOYSA-N,train_round3,C1=C(C(=NC(=C1N)C(F)F)[N+](=O)[O-])C=O,C1=CC=C(C=C1)C(C2=CC=CC=C2)(C3=CC=CC=C3)N4C=C(N=C4)C5=CN=C(C(=C5C=O)Cl)F,Nc1cc(C(=O)C(O)c2c(-c3cn(C(c4ccccc4)(c4ccccc4)c4ccccc4)cn3)cnc(F)c2Cl)c([N+](=O)[O-])nc1C(F)F,-0.9928864703253392,-10.9109,round3,mixed,49
WADSSBASHJFVSS-SZMVWBNQSA-N__XVCAJDWHFCLOPB-UHFFFAOYSA-N,train_round3,CC1=CC(=NO1)C(=O)N[C@@H](CC2=CC=C(C=C2)F)C(=O)N[C@@H](C[C@@H]3CCCNC3=O)C=O,CC(C)(C)OC(=O)NC(C=O)C1=C(N=CC(=C1)Cl)F,Cc1cc(C(=O)NC(Cc2ccc(F)cc2)C(=O)NC(CC2CCCNC2=O)C(=O)C(O)C(NC(=O)OC(C)(C)C)c2cc(Cl)cnc2F)no1,2.4653655185823067,-6.7712,round3,mixed,51
LNXNQDGPWRPAQD-UHFFFAOYSA-N__KYQIGJHNPGLWKU-UHFFFAOYSA-N,train_round3,CC1=CC(CCC1)CC=O,C[Si](C)(C)N1C=C(N=C1)CCCC=O,CC1=CC(CC(=O)C(O)CCCc2cn([Si](C)(C)C)cn2)CCC1,0.3039036490161955,-1.0163,round3,train,24
VNANOFHOIUSXSM-UHFFFAOYSA-N__JHHDURRPWFCIEA-UHFFFAOYSA-N,train_round3,CNC1(CN(C1)C2=CC=C(C=C2)C3=C(C=CC=C3F)F)CCC=O,C1=CC=C(C=C1)C2=CC=CC=C2OC(C=O)(F)F,CNC1(CCC(=O)C(O)C(F)(F)Oc2ccccc2-c2ccccc2)CN(c2ccc(-c3c(F)cccc3F)cc2)C1,-5.943615498944668,0.8216,round3,train,42
SBBKNFGSGIJMDK-UHFFFAOYSA-N__QXEMQBCINBEWCH-UHFFFAOYSA-N,train_round3,CC(C)(C1=CC2=NN(C=C2C=C1NC(=O)C3=CN=CC(=N3)C(F)(F)F)C4CCC(CC4)C=O)O,C1=CC=C(C=C1)COC2=C(C(=NC(=C2)C=O)C(=O)NCC3=CC=C(C=C3)F)OCC4=CC=CC=C4,CC(C)(O)c1cc2nn(C3CCC(C(=O)C(O)c4cc(OCc5ccccc5)c(OCc5ccccc5)c(C(=O)NCc5ccc(F)cc5)n4)CC3)cc2cc1NC(=O)c1cncc(C(F)(F)F)n1,2.252947313123129,5.544,round3,mixed,69
KYPJUGXDLPURTM-FQEVSTJZSA-N__MMLGGZIPOIUMCJ-UHFFFAOYSA-N,train_round3,CCO[C@@H]1C2=C(C3=C(C(=C2C(=O)O1)O)OC4=C(C(=CC(=C4C=O)O)C)C(=O)O3)C,C1CC(CCC1C=O)C2=NC3=C(S2)C=C(C=C3)NC(=O)C4=NC(=CC=C4)C(F)(F)F,CCOC1OC(=O)c2c(O)c3c(c(C)c21)OC(=O)c1c(C)cc(O)c(C(=O)C(O)C2CCC(c4nc5ccc(NC(=O)c6cccc(C(F)(F)F)n6)cc5s4)CC2)c1O3,-0.272924431235323,-0.6921,round3,mixed,59
VMUAPFBVKYTMFJ-LTCOOKNTSA-N__ZBBFFLQDCLXAEL-UHFFFAOYSA-N,train_round3,C1=C(C=C(C(=C1O)O)O)C(=O)O[C@@H](C=O)[C@H]([C@@H]([C@@H](CO)O)O)OC(=O)C2=CC(=C(C(=C2)O)O)O,CCCC1=C(C=CC(=C1O)CC=O)OCCCCOC2=CC(=C(C=C2)C3=NNN=N3)F,CCCc1c(OCCCCOc2ccc(-c3nn[nH]n3)c(F)c2)ccc(CC(O)C(=O)C(OC(=O)c2cc(O)c(O)c(O)c2)C(OC(=O)c2cc(O)c(O)c(O)c2)C(O)C(O)CO)c1O,0.0081612325676544,-2.621,round3,mixed,65
AUVIMTOWYOINDB-UHFFFAOYSA-N__LNRPXBWYFQOGPL-UHFFFAOYSA-N,train_round3,C1=CC=NC(=C1)N2C(=CC3=C2C=C(C=C3)F)CCC=O,CC(C)(C(=O)NC1=CC2=C(CC(C2)C=O)C(=C1)F)O,CC(C)(O)C(=O)Nc1cc(F)c2c(c1)CC(C(O)C(=O)CCc1cc3ccc(F)cc3n1-c1ccccn1)C2,2.243313351512684,1.3541,round3,train,39
XLMMMQPNBKSQBF-UHFFFAOYSA-N__OMBYOPNOROKVEG-UHFFFAOYSA-N,train_round3,C1=CC(=C(N=C1C=O)Br)F,C(=O)C(C(C(C(C(F)(F)F)(F)F)(F)F)(F)F)(F)F,O=C(c1ccc(F)c(Br)n1)C(O)C(F)(F)C(F)(F)C(F)(F)C(F)(F)C(F)(F)F,-9.349970093859154,-2.1235,round3,train,28
NEVUSOWUUPFIPW-PHXNHOCBSA-N__LXKVRLAZSGGMLB-UHFFFAOYSA-N,train_round3,C[C@H](C(=O)NC1=CC=CC(=C1)C(=O)N[C@@H](CC2CCNC2=O)C=O)NC(=O)C3=CC(=CC=C3)F,C1=C2C=NN(C2=CC(=C1F)Br)CC=O,CC(NC(=O)c1cccc(F)c1)C(=O)Nc1cccc(C(=O)NC(CC2CCNC2=O)C(=O)C(O)Cn2ncc3cc(F)c(Br)cc32)c1,2.295517502579552,-3.745,round3,mixed,48
ZPCRZAMMRWHPPK-UHFFFAOYSA-N__AIDLKVAVVILJTG-UHFFFAOYSA-N,train_round3,CC(C)(C)OC(=O)N1CCC(C1)C(C=O)C2=CC=C(C=C2)C(F)(F)F,CCN1C(=O)C2=C(N(C1=O)CCC(F)(F)F)SC(=C2C=O)C(=O)O,CCn1c(=O)c2c(C(O)C(=O)C(c3ccc(C(F)(F)F)cc3)C3CCN(C(=O)OC(C)(C)C)C3)c(C(=O)O)sc2n(CCC(F)(F)F)c1=O,2.862343640957913,-3.4429,round3,train,49
ZLGMULQFLDCPSQ-UHFFFAOYSA-N__ACWASDPGAVYCNI-JKUQZMGJSA-N,train_round3,CC(C1=CC(=CC2=C1OC(=CC2C=O)N3CCOCC3)C(=O)N4CCCC4)NC5=CC(=CC(=C5)F)F,CSC[C@H]([C@H]([C@H](C=O)O)O)O,CSCC(O)C(O)C(O)C(O)C(=O)C1C=C(N2CCOCC2)Oc2c(C(C)Nc3cc(F)cc(F)c3)cc(C(=O)N3CCCC3)cc21,-5.629862220172641,-0.5086,round3,mixed,47
HQLFUKXJOMWUPG-IWGRKNQJSA-N__PIDFWEUPQOLWEB-UHFFFAOYSA-N,train_round3,COC1=CC=C(C=C1)/C=C/2\CCC/C(=C\C3=CC(=CC=C3)C=O)/C2=O,CC(=O)C1=CC(=C(C=C1C=O)C#N)C(F)F,COc1ccc(C=C2CCCC(=Cc3cccc(C(=O)C(O)c4cc(C#N)c(C(F)F)cc4C(C)=O)c3)C2=O)cc1,3.277615764839397,2.5316,round3,train,41
YGHOQPQUHRNRJT-UHFFFAOYSA-N__RWTHYJCOWSQMTG-UHFFFAOYSA-N,train_round3,C1=C(C=C(C2=C(NN=C21)C=O)F)[N+](=O)[O-],C1=CC(=CC=C1C2=NC(=C(S2)C=O)C(F)(F)F)Cl,O=C(c1[nH]nc2cc([N+](=O)[O-])cc(F)c12)C(O)c1sc(-c2ccc(Cl)cc2)nc1C(F)(F)F,4.902038680068048,7.6906,round3,train,33
INZFYFIBEGBZLU-UHFFFAOYSA-N__HZMIBCKGBJHNPI-UHFFFAOYSA-N,train_round3,COC1=NC(=C(C(=C1)C(F)F)C=O)C(F)(F)F,C1CC2=C(C(=CC(=C2)[N+](=O)[O-])F)NC1C=O,COc1cc(C(F)F)c(C(=O)C(O)C2CCc3cc([N+](=O)[O-])cc(F)c3N2)c(C(F)(F)F)n1,5.576894219803132,2.8217,round3,train,33
LAGFLXPYQKAGJI-UHFFFAOYSA-N__SWJXYEXIBAQXSW-UHFFFAOYSA-N,train_round3,CCN(CC1CCCC1)C2=CC(=C(C=C2C=O)C(F)(F)F)Br,CN(C)C(CC1=CNC2=C1C(=CC=C2)F)C(=O)N(C)C(CC3=CC=C(C=C3)F)C=O,CCN(CC1CCCC1)c1cc(Br)c(C(F)(F)F)cc1C(=O)C(O)C(Cc1ccc(F)cc1)N(C)C(=O)C(Cc1c[nH]c2cccc(F)c12)N(C)C,6.488650372595612,-4.5238,round3,train,52
AKHJCEGYWKSQIO-UHFFFAOYSA-N__IDYCABFRXFINCI-UHFFFAOYSA-N,train_round3,C1CN(C2(CC1NCCC3=CC=C(C=C3)F)OC(=O)C=CC(=O)O2)C4=CC=C(C=C4)C=O,CN(C)CCOC1=NC=C(C=C1)C2=CC=CC(=C2)C=O,CN(C)CCOc1ccc(-c2cccc(C(O)C(=O)c3ccc(N4CCC(NCCc5ccc(F)cc5)CC45OC(=O)C=CC(=O)O5)cc3)c2)cn1,3.6465324201590152,2.0387,round3,mixed,52
GZPBZRPQLNAGJJ-ONEGZZNKSA-N__NZKKXASXLHVPRZ-UHFFFAOYSA-N,train_round3,CN(C)C(=O)/C=C/C1=CNC(=C1)C=O,CC(CC(C=O)N1CCCCC1)CN2CCN(CC2)C(C3=CC=C(C=C3)F)C4=CC=C(C=C4)F,CC(CC(C(O)C(=O)c1cc(C=CC(=O)N(C)C)c[nH]1)N1CCCCC1)CN1CCN(C(c2ccc(F)cc2)c2ccc(F)cc2)CC1,4.99379299154095,3.2673,round3,mixed,48
KTUAXZMQZCAHHA-UHFFFAOYSA-N__TVBHGTMERMFCLR-UHFFFAOYSA-N,train_round3,CCOC(=O)CCC1=C(C=NC=C1)C=O,C1=C(C=C(C(=C1C(F)(F)F)C=O)[N+](=O)[O-])Br,CCOC(=O)CCc1ccncc1C(=O)C(O)c1c([N+](=O)[O-])cc(Br)cc1C(F)(F)F,5.785631425913944,6.2218,round3,train,31
CCXCQOQFBOYXAA-UHFFFAOYSA-N__TYVMRQWWYBPVRT-UHFFFAOYSA-N,train_round3,CC(C(CC(C1=CC=CC=C1F)N)C=O)(F)F,C1=CC(=C(C=C1C=O)F)OCC(=O)C2=C(C=CS2)Br,CC(F)(F)C(CC(N)c1ccccc1F)C(=O)C(O)c1ccc(OCC(=O)c2sccc2Br)c(F)c1,3.278029198394304,-2.6832,round3,train,36
AKBXSFTXUBWQKD-UHFFFAOYSA-N__UMKBOLUNWMDVDO-UHFFFAOYSA-N,train_round3,CC1=C(C=CC(=C1)CN2C=NN(C2C=O)C3=CC=CC(=C3)C(F)(F)F)[N+](=O)[O-],CC1(C(N(C2=C(O1)C=C(C=C2Cl)[N+](=O)[O-])C3=CC=C(C=C3)F)C=O)C,Cc1cc(CN2C=NN(c3cccc(C(F)(F)F)c3)C2C(=O)C(O)C2N(c3ccc(F)cc3)c3c(Cl)cc([N+](=O)[O-])cc3OC2(C)C)ccc1[N+](=O)[O-],6.267697763139743,5.607,round3,train,53
VSWUURQZRYYRCI-UHFFFAOYSA-N__ZGYMRHXGQSTJLY-PMJXDKCKSA-N,train_round3,CN1C(=C2C=C(C=CC2=N1)C3=C(C=C(C=C3)C=O)C4=CC(=C(C=C4)C#N)F)Cl,CCOC1([C@H]([C@@H](CCN1C(=O)O)C#N)N2C=C(C(=N2)NC3=CC=C(C=C3)F)C(=O)N)CC=O,CCOC1(CC(O)C(=O)c2ccc(-c3ccc4nn(C)c(Cl)c4c3)c(-c3ccc(C#N)c(F)c3)c2)C(n2cc(C(N)=O)c(Nc3ccc(F)cc3)n2)C(C#N)CCN1C(=O)O,7.00994247437427,2.3979,round3,mixed,61
SHFWEJLKGNVTDA-UHFFFAOYSA-N__FBQFBBGXQZDOQV-UHFFFAOYSA-N,train_round3,CC(C)N1C=CC=C(C1=O)C=O,CC1=NC(=C(S1)C=O)C(F)(F)F,Cc1nc(C(F)(F)F)c(C(O)C(=O)c2cccn(C(C)C)c2=O)s1,5.928751462479097,6.1721,round3,train,24
LCCIAZJEFUBHLB-UHFFFAOYSA-N__GQAOATXGMSNLLF-UHFFFAOYSA-N,train_round3,C1=CC(=CC=C1C2=NC(=C(O2)I)C3=NC=C(N=C3)C=O)F,COCCNCCNC(=O)C1=NC=C(C=C1)C2=CC3=C(C=C2)C(=C(C=C3)O)C=O,COCCNCCNC(=O)c1ccc(-c2ccc3c(C(O)C(=O)c4cnc(-c5nc(-c6ccc(F)cc6)oc5I)cn4)c(O)ccc3c2)cn1,3.723634882440203,6.7194,round3,mixed,50
VWQMBVCNKOZPKR-UHFFFAOYSA-N__CIJSASFKBICKKN-LGYOKWJYSA-N,train_round3,C1CC(C1)CN2C=C(C3=C2C(=CC=C3)F)C=O,C1=C(C=C(C(=C1O)O)O)C(=O)C([C@H]([C@H]([C@]([C@H](C=O)O)(C(=O)C2=CC(=C(C(=C2)O)O)O)O)O)O)O,O=C(c1cc(O)c(O)c(O)c1)C(O)C(O)C(O)C(O)(C(=O)c1cc(O)c(O)c(O)c1)C(O)C(O)C(=O)c1cn(CC2CCC2)c2c(F)cccc12,4.963545596947269,-4.3101,round3,mixed,51
HWUSIALERMIEOD-UHFFFAOYSA-N__UZCUBUUGAAYHNB-UHFFFAOYSA-N,train_round3,CCN(CC1CCCC1)C2=C(C=C3C=C(C=CC3=N2)C(F)(F)F)C=O,CC(CCNC)(C=O)C1=NN=C(S1)C2=C(N=CC=C2)NC3=CC=C(C=C3)OC(F)(F)Cl,CCN(CC1CCCC1)c1nc2ccc(C(F)(F)F)cc2cc1C(=O)C(O)C(C)(CCNC)c1nnc(-c2cccnc2Nc2ccc(OC(F)(F)Cl)cc2)s1,6.91541667919286,-1.4049,round3,mixed,56
JVNWIIMSBGBSJP-UHFFFAOYSA-N__ZILUOZIWQCJPQR-UHFFFAOYSA-N,train_round3,CC1=CC=C(C=C1)S(=O)(=O)N2CC(C3=C(C=C(C=C32)C(F)(F)F)C=O)CC4=CC=CC=C4,CCCC#CC1=CC=CC=C1C=O,CCCC#Cc1ccccc1C(O)C(=O)c1cc(C(F)(F)F)cc2c1C(Cc1ccccc1)CN2S(=O)(=O)c1ccc(C)cc1,7.140353117399561,-0.5157,round3,train,45
BFQNTIRRYRVACS-UHFFFAOYSA-N__RRASOGHFLYXIIK-UHFFFAOYSA-N,train_round3,CC1=CC(=CC(=C1OCC2=C(C=CC(=C2)Br)F)C)C=O,C1CC(CCC1N2C(NC3=CN=C(N=C32)C4=C5C=NC=CN5N=C4)C=O)(F)F,Cc1cc(C(=O)C(O)C2Nc3cnc(-c4cnn5ccncc45)nc3N2C2CCC(F)(F)CC2)cc(C)c1OCc1cc(Br)ccc1F,4.096603831949894,2.0898,round3,mixed,48
ATSJKEPLRCTJSV-AYGFZIFSSA-N__XELKONVPUZPFJK-UHFFFAOYSA-N,train_round3,C(C=O)[C@H]1[C@H](C(C([C@H](O1)CO)O)O)O,C1=CC2=C(C=C1C3=NC=CC(=N3)NC4=CC(=C(C=C4)C5=CNN=C5)F)NC(=C2)C=O,O=C(CC1OC(CO)C(O)C(O)C1O)C(O)c1cc2ccc(-c3nccc(Nc4ccc(-c5cn[nH]c5)c(F)c4)n3)cc2[nH]1,3.618744659696431,0.9295,round3,mixed,44
CRAZWKMHGDYDPG-UHFFFAOYSA-N__ZEFCOVFRFWRQBI-UHFFFAOYSA-N,train_round3,CC(=CCSC1=C(C=C(C=C1F)F)C=O)C,CC(C)(C)OC(=O)NC1=C(C=C(C(=C1)C=O)[N+](=O)[O-])C(F)(F)F,CC(C)=CCSc1c(F)cc(F)cc1C(=O)C(O)c1cc(NC(=O)OC(C)(C)C)c(C(F)(F)F)cc1[N+](=O)[O-],3.853840007727826,-0.5545,round3,train,39
VQWXIAFWVPUELC-UHFFFAOYSA-N__VUGXCHNCPBWCGF-UHFFFAOYSA-N,train_round3,C1=C(C=C(C(=C1C=O)N)F)I,C1=CC(=CC(=C1)OCCCNC(=O)C2=CSC=C2S(=O)(=O)N)C=O,Nc1c(F)cc(I)cc1C(=O)C(O)c1cccc(OCCCNC(=O)c2cscc2S(N)(=O)=O)c1,4.163372953527422,6.37,round3,train,35
XECJSRYRDPJDQS-UHFFFAOYSA-N__KNRVYXTWGYJFEF-UHFFFAOYSA-N,train_round3,CC(C(CN(C)C)C=O)O[Si](C)(C)C,C1COC2=C(C(=C(C=C21)C=O)F)Br,CC(O[Si](C)(C)C)C(CN(C)C)C(=O)C(O)c1cc2c(c(Br)c1F)OCC2,3.152157422793051,1.138,round3,mixed,27
RHTVXWJBNAGVJX-UHFFFAOYSA-N__YTEAJQWHCDNTAR-UHFFFAOYSA-N,train_round3,C1=CC=C(C=C1)C2=CC=C(C=C2)C3=NC=C(O3)C=O,CN1C=C2C=CC=C(C2=C1C=O)NC3=CC(=NC=C3C(F)(F)F)Cl,Cn1cc2cccc(Nc3cc(Cl)ncc3C(F)(F)F)c2c1C(O)C(=O)c1cnc(-c2ccc(-c3ccccc3)cc2)o1,14.426560243586632,3.7296,round3,mixed,43
ZZUAATAQSCZYRJ-GMAHTHKFSA-N__DEGWPIRAWHFMNL-UHFFFAOYSA-N,train_round3,COC[C@](CC1=CNC2=CC=CC=C21)(C=O)NC(=O)[C@H](CS)NCC3=CC=C(C=C3)F,CC1=CC2=CC(=C(N2C=C1)C=O)C3=CC=C(C=C3)C(F)(F)F,COCC(Cc1c[nH]c2ccccc12)(NC(=O)C(CS)NCc1ccc(F)cc1)C(=O)C(O)c1c(-c2ccc(C(F)(F)F)cc2)cc2cc(C)ccn12,12.1345290787165,0.2302,round3,mixed,53
YHDCCIIEKVRTFS-UHFFFAOYSA-N__JCDOFEGZZDNRHT-UHFFFAOYSA-N,train_round3,CC1(CC(NC2=C(C=C(C=C21)F)C=O)C3=CC(=CC=C3)N(C)C)C(=O)N,CC1=CC(=C(C(=C1C=O)OS(=O)(=O)C(F)(F)F)C)OCC2=CC=CC=C2,Cc1cc(OCc2ccccc2)c(C)c(OS(=O)(=O)C(F)(F)F)c1C(O)C(=O)c1cc(F)cc2c1NC(c1cccc(N(C)C)c1)CC2(C)C(N)=O,13.246688604960498,1.4831,round3,mixed,52
AVPRZNDYKFLNRK-UHFFFAOYSA-N__ZXTUZBCUZDDVKQ-UHFFFAOYSA-N,train_round3,C1=CC(=CC=C1C2=C(NC(=O)C=C2)C=O)F,CC1=C2C3=CC=CC=C3N=C2C(=C4C1=CN(C=C4)O)C=O,Cc1c2cn(O)ccc2c(C(O)C(=O)c2[nH]c(=O)ccc2-c2ccc(F)cc2)c2nc3ccccc3c12,13.62363248617817,5.4561,round3,mixed,37
IOCKKBPIHLQTQV-UHFFFAOYSA-N__FTUHMYQTZBCYOK-SFHVURJKSA-N,train_round3,CC1=C(C2=CC=CC=C2N1C(=O)OC(C)(C)C)C=O,CC(=O)NC[C@H]1CN(C(=O)O1)C2=CC(=C(C=C2)N3CCN(N=C3)CC4=COC(=C4)C=O)F,CC(=O)NCC1CN(c2ccc(N3C=NN(Cc4coc(C(O)C(=O)c5c(C)n(C(=O)OC(C)(C)C)c6ccccc56)c4)CC3)c(F)c2)C(=O)O1,10.229051068475632,7.447,round3,train,51
AGQZWBFXMXLONJ-UHFFFAOYSA-N__NERHQUDUSRMEIU-UHFFFAOYSA-N,train_round3,C1=CN=CC(=C1C=O)C(=O)C(F)(F)F,CCCCC1=NC(=C(N1CC2=CC=C(C=C2)C3=CC=CC=C3C4=NOC(=O)N4)C=O)C5=CC=C(C=C5)F,CCCCc1nc(-c2ccc(F)cc2)c(C(O)C(=O)c2ccncc2C(=O)C(F)(F)F)n1Cc1ccc(-c2ccccc2-c2noc(=O)[nH]2)cc1,13.556812551709402,4.1154,round3,mixed,51
HGEDDONNROPYHN-ZVZYQTTQSA-N__MZIPUNQZVRYSNP-UHFFFAOYSA-N,train_round3,CC(C)C[C@@H](C(=O)N[C@@H](C[C@@H]1CCNC1=O)C=O)NC(=O)OCC2=CC=CC=C2F,CC1=CC(=C(C(=CN=CN1CC2CCCCC2)F)NC3=C(C=C(C=C3)Br)Cl)C=O,Cc1cc(C(O)C(=O)C(CC2CCNC2=O)NC(=O)C(CC(C)C)NC(=O)OCc2ccccc2F)c(Nc2ccc(Br)cc2Cl)c(F)cncn1CC1CCCCC1,23.6926322205364,16.5646,round3,mixed,59
BCFVICAWXKGHHI-KRWDZBQOSA-N__FXZYPXPBPTYTSD-UHFFFAOYSA-N,train_round3,CC(C)(C)OC(=O)C1=CC(=NC(=N1)C2=CC=C(C=C2)OC3=CC=C(C=C3)F)N[C@@H](CN)C=O,CC(C)(C)C(C1=CC(=C(C=C1)F)OCC2CC2)NNCCCCCN(CC=O)C(=O)NC,CNC(=O)N(CCCCCNNC(c1ccc(F)c(OCC2CC2)c1)C(C)(C)C)CC(O)C(=O)C(CN)Nc1cc(C(=O)OC(C)(C)C)nc(-c2ccc(Oc3ccc(F)cc3)cc2)n1,10.53562620088991,5.588,round3,train,65
BDSFQAWSOSASBZ-UHFFFAOYSA-N__NGLYFQZZXYWIRA-UHFFFAOYSA-N,train_round3,CC1=C(C(=C(C(=C1O)O)C=O)COCC2=CC=CC=C2C(F)(F)F)C3=CC(=CC=C3)F,C1=CC(=C(C=C1C(=O)O)[N+](=O)[O-])C=O,Cc1c(O)c(O)c(C(=O)C(O)c2ccc(C(=O)O)cc2[N+](=O)[O-])c(COCc2ccccc2C(F)(F)F)c1-c1cccc(F)c1,8.837869532016077,4.3708,round3,train,45
XKBBRFAPWMBHPG-KNQAVFIVSA-N__LPOPWGQWNMJUHS-UHFFFAOYSA-N,train_round3,CC(=O)O[C@H]([C@H]1C2=C(C3=C(C=C2CCN1C)OCO3)O)C4=C(C(=C(C=C4)OC)OC)C=O,CCCCC#CC1=C(C=C(C=C1)F)C=O,CCCCC#Cc1ccc(F)cc1C(O)C(=O)c1c(C(OC(C)=O)C2c3c(cc4c(c3O)OCO4)CCN2C)ccc(OC)c1OC,8.614148069712279,-2.9045,round3,mixed,47
AMUZVIGDLQHHOR-UHFFFAOYSA-N__JKLZMCNRUSESHS-UHFFFAOYSA-N,train_round3,CC1=CC(=C(C2=C1C(=O)OC3=C(C(=C4C(=C3O2)C(OC4=O)OC(=O)C)OC(=O)C)C)C=O)OC(=O)C,CC1(C=C(C=CC1C=O)OC)O,COC1=CC(C)(O)C(C(O)C(=O)c2c(OC(C)=O)cc(C)c3c2Oc2c(c(C)c(OC(C)=O)c4c2C(OC(C)=O)OC4=O)OC3=O)C=C1,20.05092690305449,10.3452,round3,train,48
VHIOHMSFQNRFQH-IQGLISFBSA-N__MVUAKANOWLRUNL-UHFFFAOYSA-N,train_round3,CC[C@H](C1=C(NC2=CC=CC=C21)C)[C@@](C)(C=O)N(C(=O)OC(C)(C)C)NC(=O)OC(C)(C)C,CC(C=O)C1=CC(=CC2=CC=C(C=C2)SC)C3=C1C=C(C=C3)F,CCC(c1c(C)[nH]c2ccccc12)C(C)(C(=O)C(O)C(C)C1=CC(=Cc2ccc(SC)cc2)c2ccc(F)cc21)N(NC(=O)OC(C)(C)C)C(=O)OC(C)(C)C,17.282275266877146,11.7381,round3,train,56
LOBDRXVWORVYEN-UHFFFAOYSA-N__AEYCSENPMLSSGY-SABDPVTBSA-N,train_round3,CC(C)(C)OC(=O)NCC(C(C1=CC(=C(C(=C1)F)O)C=O)O)O,CCOC(=O)[C@@H]1[C@H]([C@H]([C@H]([C@@H]([C@]1(C)O)C=O)C2=CC=CC=C2)[N+](=O)[O-])C3=CC=C(C=C3)[N+](=O)[O-],CCOC(=O)C1C(c2ccc([N+](=O)[O-])cc2)C([N+](=O)[O-])C(c2ccccc2)C(C(O)C(=O)c2cc(C(O)C(O)CNC(=O)OC(C)(C)C)cc(F)c2O)C1(C)O,11.375194389757215,3.9673,round3,train,56
PLJXXNBFGJWTAK-LURJTMIESA-N__IRQGBNRGZLSBBS-UHFFFAOYSA-N,train_round3,CC(C)[C@@H](C[N+](=O)[O-])C=O,C1=CC=C2C(=C1)C=CC(=C2C=O)OCC3=NOC(=N3)C4=CC=C(C=C4)F,CC(C)C(C[N+](=O)[O-])C(=O)C(O)c1c(OCc2noc(-c3ccc(F)cc3)n2)ccc2ccccc12,10.892830234804924,2.8678,round3,mixed,36
HYQWKINERDAWPQ-UHFFFAOYSA-N__YIUBTWAKNAKHGQ-FQEVSTJZSA-N,train_round3,CCCCC1=NN(C(=C1CC2=CC=C(C=C2)C3=CC=CC=C3C4=NNN=N4)C=O)CC(F)(F)F,COC1=CC=C(C=C1)CN2C(=O)C3=C([C@@]2(CC=O)C(=O)OC)C=CC(=C3)F,CCCCc1nn(CC(F)(F)F)c(C(=O)C(O)CC2(C(=O)OC)c3ccc(F)cc3C(=O)N2Cc2ccc(OC)cc2)c1Cc1ccc(-c2ccccc2-c2nn[nH]n2)cc1,11.495447425190283,2.2474,round3,mixed,61
DRVXSUVZVVFHKR-RUDMXATFSA-N__MEECLAURYAYFLE-UHFFFAOYSA-N,train_round3,CN(CC=O)/N=C/C(F)(F)F,COC1=C(C(=C(C=C1)C=O)[N+](=O)[O-])OC[N+](=O)[O-],COc1ccc(C(O)C(=O)CN(C)N=CC(F)(F)F)c([N+](=O)[O-])c1OC[N+](=O)[O-],13.09410679431982,10.8678,round3,mixed,29
ZFGROYPCIAVTTR-UHFFFAOYSA-N__HWWOGKWMIOQRRX-UHFFFAOYSA-N,train_round3,CC1=C(C(=C(C=C1)COC2=C(C=CC(=C2OC)OC)C(C=O)C3=C(C=NC=C3Cl)Cl)F)F,COC1=C(C=CC(=C1)C2=C3C(=CC(=C2)C=O)C=CC(=C3OC)O)O,COc1cc(-c2cc(C(O)C(=O)C(c3ccc(OC)c(OC)c3OCc3ccc(C)c(F)c3F)c3c(Cl)cncc3Cl)cc3ccc(O)c(OC)c23)ccc1O,10.48033449972661,4.3369,round3,mixed,56
QIQUHWRUSKUNSM-UHFFFAOYSA-N__WBEKQQCSBQIDBG-UHFFFAOYSA-N,train_round3,C1CN(CCN1)C(=O)C2=NC(=CC(=C2)C=O)C(F)(F)F,CCCCCCCCCCCCCCCCCCCCC1=C(NC=C1)C=O,CCCCCCCCCCCCCCCCCCCCc1cc[nH]c1C(O)C(=O)c1cc(C(=O)N2CCNCC2)nc(C(F)(F)F)c1,17.081270672155828,10.2369,round3,train,47
NHXUWASKMTXOKF-UHFFFAOYSA-N__JMPYQYMEVSBQAA-UHFFFAOYSA-N,train_round3,CC1CC(=O)C2=C(C(=C(C(=C2C1=O)C(C)C)OC)O)C=O,CN1C2=C(C=CC(=C2)Br)C(=C1C(=O)OC)C=O,COC(=O)c1c(C(O)C(=O)c2c(O)c(OC)c(C(C)C)c3c2C(=O)CC(C)C3=O)c2ccc(Br)cc2n1C,9.376115625533584,5.0529,round3,mixed,38
QPOJYVQSMBWKMG-UHFFFAOYSA-N__BBOWBRCTOVCBOP-UHFFFAOYSA-N,train_round3,CC(C)COC1=CC=CC2=C1C(=O)C(=CC2=O)C(C)(C)C=O,CC(=C)C(C)(CN1C2=CN=C(C=C2C=N1)C=O)F,C=C(C)C(C)(F)Cn1ncc2cc(C(O)C(=O)C(C)(C)C3=CC(=O)c4cccc(OCC(C)C)c4C3=O)ncc21,11.158153470481274,5.3578,round3,mixed,40
ONVPIKMVMYTHHR-UHFFFAOYSA-N__HLPIMLVCSNFEGG-UHFFFAOYSA-N,train_round3,COC1=CC(=C(C=C1C=O)F)O,CC1=C(C=CC(=C1)C2(CC=CC=C2)C=O)OCCCN3CCC(CC3)C4=NOC5=C4C=CC(=C5)F,COc1cc(O)c(F)cc1C(=O)C(O)C1(c2ccc(OCCCN3CCC(c4noc5cc(F)ccc45)CC3)c(C)c2)C=CC=CC1,12.407079268714629,10.5914,round3,mixed,47
DWYPBVSWQNWKNW-UHFFFAOYSA-N__KTVFMAUCVXFQRY-UHFFFAOYSA-N,train_round3,C[Si](C)(C)CCOCN1C2=CC(=O)N(N=C2C(=N1)Cl)C3=C(C=CC=C3F)C=O,C1=CC(=C(C(=C1C2=NC=C(N2)C=O)F)F)F,C[Si](C)(C)CCOCn1nc(Cl)c2nn(-c3c(F)cccc3C(=O)C(O)c3cnc(-c4ccc(F)c(F)c4F)[nH]3)c(=O)cc21,8.57248037379938,5.9545,round3,mixed,44
PVLJSFVBPTWPDH-UHFFFAOYSA-N__JTNBHQVBHDSNAC-UHFFFAOYSA-N,train_round3,CN1CCN(CC1)C2CN(C2)C(C=O)C(=O)C(F)(F)F,CC1OCC2C(O1)C(OC(O2)C)C=O,CC1OCC2OC(C)OC(C(O)C(=O)C(C(=O)C(F)(F)F)N3CC(N4CCN(C)CC4)C3)C2O1,7.892730365932737,15.7564,round3,mixed,34
VFMJMWHHVRVXPJ-UHFFFAOYSA-N__IHSVSHNGOHVYKY-JOCHJYFZSA-N,train_round3,C1CC1(C=O)C(CC2=CC3=C(C=C2F)C(=O)C(=CN3C4CC4F)C(=O)O)N,CC1=C(C=C(C=C1)[C@@](CC=O)(CN(C)C(=O)C(C)(F)F)N(C)C(=O)OC(C)(C)C)C,Cc1ccc(C(CC(O)C(=O)C2(C(N)Cc3cc4c(cc3F)c(=O)c(C(=O)O)cn4C3CC3F)CC2)(CN(C)C(=O)C(C)(F)F)N(C)C(=O)OC(C)(C)C)cc1C,10.873006370037258,12.861,round3,mixed,57
IQOSHPTYLFJLGK-UHFFFAOYSA-N__XSCPJHRXZVWIKJ-UHFFFAOYSA-N,train_round3,COCC1=CC=CC=C1C2=C(C=C(C=C2)C(F)(F)F)C=O,COC1=CC(=C(C=C1NC2=NC=C(C(=N2)N3C=C(C=N3)C=O)Cl)[N+](=O)[O-])F,COCc1ccccc1-c1ccc(C(F)(F)F)cc1C(=O)C(O)c1cnn(-c2nc(Nc3cc([N+](=O)[O-])c(F)cc3OC)ncc2Cl)c1,16.015786217520688,6.5541,round3,train,48
UUUFBSFFYOPEQR-UHFFFAOYSA-N__HSQFCRZMISXFOQ-UKVKCERXSA-N,train_round3,C1=CC=C(C=C1)C(=O)CC2=NC3=CC=CC=C3C=C2C=O,C[C@]12CC[C@H]3[C@H](C1=CC(=O)[C@@H]2C4=COC(=O)C=C4)CC[C@]5([C@@]3(CC[C@@H]6[C@H]5O6)C=O)O,CC12CCC3C(CCC4(O)C5OC5CCC34C(O)C(=O)c3cc4ccccc4nc3CC(=O)c3ccccc3)C1=CC(=O)C2c1ccc(=O)oc1,18.975649819834228,13.4364,round3,mixed,51
UYMMENOAXXUBKV-UHFFFAOYSA-N__NDFKURCRZBUCOX-UHFFFAOYSA-N,train_round3,C1=CC(=C(C=C1Cl)OC2=C(C=C(C=C2F)C=O)F)Cl,C1C2=CC=CC=C2C3=C1C(=CC=C3)N(C4=CC(=C(C=C4)C=O)O)C5=CC=CC6=C5CC7=CC=CC=C76,O=C(c1cc(F)c(Oc2cc(Cl)ccc2Cl)c(F)c1)C(O)c1ccc(N(c2cccc3c2Cc2ccccc2-3)c2cccc3c2Cc2ccccc2-3)cc1O,10.991014322306984,9.5632,round3,mixed,55
JIBJRBZCTHQXLM-UHFFFAOYSA-N__GERYXPCGJYHDPO-UHFFFAOYSA-N,train_round3,C(=O)C1=C(C(=C(C(=C1F)Cl)F)F)[N+](=O)[O-],CC1=C(C(=NN1C)C)C2=C(C3=CC=CC=C3N2C4=C(C=C(C=C4)O)F)C=O,Cc1nn(C)c(C)c1-c1c(C(O)C(=O)c2c(F)c(Cl)c(F)c(F)c2[N+](=O)[O-])c2ccccc2n1-c1ccc(O)cc1F,13.36882126293639,8.6982,round3,train,42
UTGWIIGCXFJJHZ-UHFFFAOYSA-N__WGMYLQCCCWRYHT-UHFFFAOYSA-N,train_round4,C1=CC=C(C(=C1)C2=CC=C(O2)C=O)OC(F)(F)F,C1=C(N=C(C(=C1C(F)F)O)Cl)C=O,O=C(c1ccc(-c2ccccc2OC(F)(F)F)o1)C(O)c1cc(C(F)F)c(O)c(Cl)n1,2.1236130447776187,0.0137,round4,train,31
PSSIQIBVNQLYAS-FQEVSTJZSA-N__JIXGQMMNXJWRAS-AWEZNQCLSA-N,train_round4,CC(=O)NC[C@H]1CN(C(=O)O1)C2=CC(=C(C=C2)N3CCCN(CC3)CC4=CC=C(O4)C=O)F,CC1=C(C(=CC(=C1OC)O[Si](C)(C)C(C)(C)C)C[C@@H](C=O)NC(=O)C(F)(F)F)OC,COc1c(CC(NC(=O)C(F)(F)F)C(O)C(=O)c2ccc(CN3CCCN(c4ccc(N5CC(CNC(C)=O)OC5=O)cc4F)CC3)o2)cc(O[Si](C)(C)C(C)(C)C)c(OC)c1C,-1.89064148395343,-0.295,round4,train,63
QDQOZGGFVLATGN-UHFFFAOYSA-N__BPBREYAXUDDRJM-XXCBXWFGSA-N,train_round4,C1CC1(C=O)C2=CC=CC3=C2C=C(C=C3)F,CC1=CC(=C(C(=C1)C)C(=O)/C=C/[C@H](C)[C@@H](CC=O)C2=CC=CC=C2)C,Cc1cc(C)c(C(=O)C=CC(C)C(CC(O)C(=O)C2(c3cccc4ccc(F)cc34)CC2)c2ccccc2)c(C)c1,2.689134908947905,-0.8966,round4,mixed,41
GSPDMYDHDUMTHC-UHFFFAOYSA-N__LGGKMSBXUYRTFY-UHFFFAOYSA-N,train_round4,COC1=C(N=C(C=C1)C=O)C(F)F,C1=C(C(=C(C(=N1)C(F)F)C=O)Br)F,COc1ccc(C(=O)C(O)c2c(C(F)F)ncc(F)c2Br)nc1C(F)F,-0.6975882132408531,2.0812,round4,train,26
NGZVJCBYOAJBCC-UHFFFAOYSA-N__RVQQGNCSCSFPDX-UHFFFAOYSA-N,train_round4,CC1=C(C2=C(C=C1)C=C(C(=O)C2=O)C(C)C)CCC=O,C1CC(OC1)N2CCN(C(C2)C=O)S(=O)(=O)C3=CC(=CC(=C3)C(F)(F)F)C(F)(F)F,Cc1ccc2c(c1CCC(=O)C(O)C1CN(C3CCCO3)CCN1S(=O)(=O)c1cc(C(F)(F)F)cc(C(F)(F)F)c1)C(=O)C(=O)C(C(C)C)=C2,2.4382849986906225,-1.3329,round4,train,50
FKCYPKLYFZVYQH-UHFFFAOYSA-N__TTXDYDHBIGBBJO-UHFFFAOYSA-N,train_round4,COC1=C(C=C(C=C1F)C=CCC=O)F,CC1(CN(C1)C2=CC(=C(C(=C2)F)C(CCC=O)C(=O)NC)F)N,CNC(=O)C(CCC(O)C(=O)CC=Cc1cc(F)c(OC)c(F)c1)c1c(F)cc(N2CC(C)(N)C2)cc1F,-0.9245337587301375,0.382,round4,train,38
SYVJUSFPNQNAFW-UHFFFAOYSA-N__FDRMUERSIZNPCB-UHFFFAOYSA-N,train_round4,C1=CN=CC=C1N2C(=C(C(=N2)C(F)F)C=O)Cl,C1=CC(=CC=C1C2=C(N=C(C=C2)N)C=O)C(F)(F)F,Nc1ccc(-c2ccc(C(F)(F)F)cc2)c(C(O)C(=O)c2c(C(F)F)nn(-c3ccncc3)c2Cl)n1,2.8997155986173304,2.01,round4,train,36
ZJTYRNPLVNMVPQ-UHFFFAOYSA-N__SJUJXRNKZDIATA-UHFFFAOYSA-N,train_round4,CC(C)(C)OC(=O)NC(CC1=CC=CC=C1)C=O,CC(C1=C(N=CC(=C1)Br)C=O)(F)F,CC(C)(C)OC(=O)NC(Cc1ccccc1)C(=O)C(O)c1ncc(Br)cc1C(C)(F)F,-2.3564046188686447,-5.1947,round4,train,31
KDTWFDSUTFSYSW-UHFFFAOYSA-N__NJAKVOAONKFZNC-UHFFFAOYSA-N,train_round4,C1CN(C(=O)N(C1)CC(F)(F)F)CC=O,CC1=C(C=CC=C1Cl)C2=CC=CC=C2C=O,Cc1c(Cl)cccc1-c1ccccc1C(O)C(=O)CN1CCCN(CC(F)(F)F)C1=O,2.0973622788226947,2.8853,round4,train,31
NBJBBGCJHKDPLO-UHFFFAOYSA-N__LFMSOPIPAMHORT-UHFFFAOYSA-N,train_round4,CC1=CCC2C(C1C=O)C2(C)C,CC1=CC(=CN=C1F)C#CCC=O,CC1=CCC2C(C1C(=O)C(O)CC#Cc1cnc(F)c(C)c1)C2(C)C,-1.4616053517759169,-0.4528,round4,mixed,25
WHGAVYZYZSZROO-UHFFFAOYSA-N__AUVSPKQFGXSGQN-UHFFFAOYSA-N,train_round4,CC(C)(C)OC(=O)C1=CC=C(C=C1)C2=CC(=CC(=C2)C=O)F,CC(C)(C)OC(=O)NCC1=C(C=C(C=C1)OC)C2=NC(=C(C=C2)C=O)F,COc1ccc(CNC(=O)OC(C)(C)C)c(-c2ccc(C(O)C(=O)c3cc(F)cc(-c4ccc(C(=O)OC(C)(C)C)cc4)c3)c(F)n2)c1,2.648720027801339,4.0481,round4,train,48
XRZHNRHJRKTFRR-UHFFFAOYSA-N__VRCZZQLKVTWPIY-UHFFFAOYSA-N,train_round4,CC(C)NC(=O)CN(C)C1=C(C=C(C=C1)F)C=O,C1=CC(=CC(=C1)F)NC(=O)COC2=C(C=CC=C2F)C=O,CC(C)NC(=O)CN(C)c1ccc(F)cc1C(=O)C(O)c1cccc(F)c1OCC(=O)Nc1cccc(F)c1,-0.6721534516624388,1.3592,round4,train,39
WOGLGEDUVROFNK-CQSZACIVSA-N__VZBUWWQKADWYSL-UHFFFAOYSA-N,train_round4,CC1=CC(=C(C(=O)N1C2=C[C@@H](N(C=C2C)C)C=O)Cl)OCC3=C(C=C(C=N3)F)F,CNCC#CC1=C(C(=NC=C1)F)C=O,CNCC#Cc1ccnc(F)c1C(O)C(=O)C1C=C(n2c(C)cc(OCc3ncc(F)cc3F)c(Cl)c2=O)C(C)=CN1C,-0.2628397535838304,-2.1902,round4,mixed,43
XBROWGKUTNNNMB-UHFFFAOYSA-N__WPLFBLLHLCNKQN-UHFFFAOYSA-N,train_round4,CCC1=CC(=NC2=C(C=NN12)C3=CN=C4C=CC(=CC4=C3)F)C=O,COC(=O)NCC(CC=O)C1=CC=C(C=C1)F,CCc1cc(C(=O)C(O)CC(CNC(=O)OC)c2ccc(F)cc2)nc2c(-c3cnc4ccc(F)cc4c3)cnn12,2.7997719554191702,-0.4224,round4,train,41
HDHKXNZHVZPJTF-UHFFFAOYSA-N__QLDFHVREEOXCRE-UHFFFAOYSA-N,train_round4,C1=CC(=CC=C1C2=NC(=CC(=C2)C=O)Cl)C(F)(F)F,CC(=O)C1=C(C(=C(C=C1)OC)C(F)(F)F)C=O,COc1ccc(C(C)=O)c(C(O)C(=O)c2cc(Cl)nc(-c3ccc(C(F)(F)F)cc3)c2)c1C(F)(F)F,2.2891766132975992,7.8923,round4,train,36
NXSREBHQQZXCEM-UHFFFAOYSA-N__QJUCJEUZUFMCME-IOISZPOISA-N,train_round4,C1=CC=C2C(=C1)C3=CC(=CC(=C3C2=O)C=O)Br,C[C@@H](CC(=O)N[C@H]([C@@H](C)O)[C@@H]([C@H](C=O)NC(=O)C)O)O,CC(=O)NC(C(O)C(=O)c1cc(Br)cc2c1C(=O)c1ccccc1-2)C(O)C(NC(=O)CC(C)O)C(C)O,1.7870165469171688,-3.2467,round4,mixed,37
CTNZEYGQCHOLKL-UHFFFAOYSA-N__XRJVTYLULYYEHV-UHFFFAOYSA-N,train_round4,CN1C(C(=O)N(C1(CC2=CC=CC=C2)C=O)C)CC3=CNC4=C3C(=C(C=C4)F)[N+](=O)[O-],CC1=CC(=C(C(=C1)F)C2=C(C=CC(=C2)C=O)F)C,Cc1cc(C)c(-c2cc(C(O)C(=O)C3(Cc4ccccc4)N(C)C(=O)C(Cc4c[nH]c5ccc(F)c([N+](=O)[O-])c45)N3C)ccc2F)c(F)c1,-0.358122844529832,1.9747,round4,mixed,49
SFBTUYDMZNHPJT-BQYQJAHWSA-N__ZLTGZHNMVOEVCT-UHFFFAOYSA-N,train_round4,C1CCOC(C1)N2C=C(C(=N2)C=O)/C=C/C3=C(C(=CC=C3)F)F,COC1=C(C(=O)NC(=C1)C=O)OC(F)(F)F,COc1cc(C(O)C(=O)c2nn(C3CCCCO3)cc2C=Cc2cccc(F)c2F)[nH]c(=O)c1OC(F)(F)F,-2.969109636333396,-5.9649,round4,mixed,39
XNGYWQSXATYFNB-UHFFFAOYSA-N__NIMGURNZEPZDCY-UHFFFAOYSA-N,train_round4,CC(=CCCCCCC=O)C,CCOC1=C(C=C(C=C1)C=O)OC(F)(F)F,CCOc1ccc(C(O)C(=O)CCCCCC=C(C)C)cc1OC(F)(F)F,-0.7477691779474246,-0.1018,round4,mixed,27
CLRJKOSIZYNLCZ-UHFFFAOYSA-N__IAZJZAXUIHMQGF-UHFFFAOYSA-N,train_round4,CCC(C)C1=CC(=CC(=C1O)C(C)CC)C=O,C1=C(C(=C(C(=C1Br)F)C=O)F)F,CCC(C)c1cc(C(=O)C(O)c2c(F)c(F)cc(Br)c2F)cc(C(C)CC)c1O,2.538865257571726,7.3956,round4,train,29
UMQAOVFSAAFANY-UHFFFAOYSA-N__DPINDPIUZVQEIU-UHFFFAOYSA-N,train_round4,CCCC1(C(=CC(C=C1F)C2=CC=CC=C2)F)CC=O,CC(C(C(C=O)O)O)(C(F)F)O,CCCC1(CC(=O)C(O)C(O)C(O)C(C)(O)C(F)F)C(F)=CC(c2ccccc2)C=C1F,1.5776009757102372,5.2129,round4,mixed,32
GKRJFEYXJSUCRG-NSCUHMNNSA-N__ROXAHNYSNOZSGJ-UHFFFAOYSA-N,train_round4,C/C=C/COC(CF)C=O,C1=C(C2=NC(=CN2C=C1Br)C=O)OC(F)F,CC=CCOC(CF)C(=O)C(O)c1cn2cc(Br)cc(OC(F)F)c2n1,-1.5345510992143054,0.2972,round4,mixed,26
GADVIYGGXODNPL-UHFFFAOYSA-N__IMELMGSFBHXINN-YFKPBYRVSA-N,train_round4,CCS(=O)(=O)C1(CC1)C=O,C[C@@H](C=O)C(C)(C)O,CCS(=O)(=O)C1(C(=O)C(O)C(C)C(C)(C)O)CC1,0.2610709880922133,2.1013,round4,mixed,18
ARGFXKRULQQXJZ-UHFFFAOYSA-N__QSIFOOZCYAERHE-UHFFFAOYSA-N,train_round4,CC1=C(C(=NC=C1C(F)(F)F)C=O)[N+](=O)[O-],CC(C1=CC=CC=C1F)N(C)C2=C(C(=CC=C2)F)C=O,Cc1c(C(F)(F)F)cnc(C(=O)C(O)c2c(F)cccc2N(C)C(C)c2ccccc2F)c1[N+](=O)[O-],-1.999140837708944,0.0358,round4,train,36
LGSPOSAJFPACAE-UHFFFAOYSA-N__COMTUQUKBYLVTF-UHFFFAOYSA-N,train_round4,C1=CC(=CC=C1C2=NC(=NO2)C=O)F,C1C(C1(F)F)C=O,O=C(c1noc(-c2ccc(F)cc2)n1)C(O)C1CC1(F)F,-1.026816300725251,1.5352,round4,train,21
ASXBVBZOJXHTOE-UHFFFAOYSA-N__PDVLKPZOBRXSAF-UHFFFAOYSA-N,train_round4,CN(C)C1CCN(C1)C2=C(C=C(C=C2)C=O)F,CC1=NN=C(N1C)COC2=C(C=C(C=C2)F)C=O,Cc1nnc(COc2ccc(F)cc2C(O)C(=O)c2ccc(N3CCC(N(C)C)C3)c(F)c2)n1C,2.508347372443694,1.518,round4,train,35
DIJBWVZCLRDCHJ-UHFFFAOYSA-N__UQJDPUZTHAFRRP-UHFFFAOYSA-N,train_round4,CC1=CC=C(C=C1)S(=O)(=O)OCC2CCC(CC2)(C=O)F,COC1=CC(=C(C=C1)N2C=C(C=N2)C=O)F,COc1ccc(-n2cc(C(O)C(=O)C3(F)CCC(COS(=O)(=O)c4ccc(C)cc4)CC3)cn2)c(F)c1,2.3050614617632905,4.032,round4,train,37
CYWVXMWOSOCCLH-UHFFFAOYSA-N__GWFNQQRZAIINKL-UHFFFAOYSA-N,train_round4,COC1=C(CC(C(=C1)F)(C=O)F)C2=CC=CC=C2,CC1=C2C(=CC=C1)C=C(C(=N2)OC)C=O,COC1=C(c2ccccc2)CC(F)(C(=O)C(O)c2cc3cccc(C)c3nc2OC)C(F)=C1,1.060934131503311,1.8481,round4,train,33
GDSUUGKVIFBLKV-UHFFFAOYSA-N__JWRLJLSDIRPOEE-QKFKETGDSA-N,train_round4,C1=C(C(=CN=C1S(=O)(=O)Cl)F)C=O,CC[C@]12C[C@H](CN1C3=CC(=NN=C3NC2)C4=C(C(=CC=C4)F)O)OC5=CC(=C(N=C5)C=O)F,CCC12CNc3nnc(-c4cccc(F)c4O)cc3N1CC(Oc1cnc(C(O)C(=O)c3cc(S(=O)(=O)Cl)ncc3F)c(F)c1)C2,2.621443827327663,3.6046,round4,train,46
ARECWNIUCNFZSX-UHFFFAOYSA-N__VJEKXOVEDVROGS-UHFFFAOYSA-N,train_round4,C1=CC(=C(C=C1Cl)C=O)C2=C(C=CN=C2)C(F)(F)F,CCCCC(C)C(C=O)F,CCCCC(C)C(F)C(O)C(=O)c1cc(Cl)ccc1-c1cnccc1C(F)(F)F,-1.0178686507253771,1.104,round4,mixed,29
CVMUSCJTBABJDF-UHFFFAOYSA-N__DSAVMXMRYXCTJN-UHFFFAOYSA-N,train_round4,CC(C)CCC(C=O)SC1=NC(=CC(=N1)OC)OC,C1C(=O)NS(=O)(=O)N1C2=C(C=C3C=CC(=CC3=C2F)OCC=O)O,COc1cc(OC)nc(SC(CCC(C)C)C(=O)C(O)COc2ccc3cc(O)c(N4CC(=O)NS4(=O)=O)c(F)c3c2)n1,-0.759795730760706,-7.9785,round4,mixed,43
AFNOWHJPGOBIMS-UHFFFAOYSA-N__NDFCGOALLYCWEI-UHFFFAOYSA-N,train_round4,CC1=C(C2=C(C(=C(C=C2N1C(=O)C3=CC=C(C=C3)Cl)F)O)F)CC=O,C1=CC=C2C(=C1)C(C(=C(O2)CN3C=NC4=C(N=CN=C43)N)C5=CC=CC=C5F)C=O,Cc1c(CC(=O)C(O)C2C(c3ccccc3F)=C(Cn3cnc4c(N)ncnc43)Oc3ccccc32)c2c(F)c(O)c(F)cc2n1C(=O)c1ccc(Cl)cc1,-1.2480703817419252,-4.205,round4,train,55
BBNRXJNJQGCCKQ-UHFFFAOYSA-N__LMZYYRMFSKXIHA-UHFFFAOYSA-N,train_round4,C1=CC(=C(C=C1F)Cl)OC2=C(N3C=CSC3=N2)C=O,C1C(SC2=CC=CC(=C21)F)CC=O,O=C(c1c(Oc2ccc(F)cc2Cl)nc2sccn12)C(O)CC1Cc2c(F)cccc2S1,-1.7830780478983992,-0.0908,round4,train,32
PPBXLAJMSWBUFY-UHFFFAOYSA-N__CFBZPKYMLFADQQ-UHFFFAOYSA-N,train_round4,CCCCC1=CC2=C(C=C1)N(C=C(C2=O)C=O)C,C1=CC(=NC(=C1OC(F)F)C=O)F,CCCCc1ccc2c(c1)c(=O)c(C(=O)C(O)c1nc(F)ccc1OC(F)F)cn2C,-5.64577586378476,-3.3494,round4,train,31
XQKRBGPNSJDPRL-UHFFFAOYSA-N__JUAIXAHSPIMHGE-UHFFFAOYSA-N,train_round4,C=CC(CCCC=CCCC=O)O,C1=COC(=C1)COC2=CC(=CC(=C2)C=O)F,C=CC(O)CCCC=CCCC(=O)C(O)c1cc(F)cc(OCc2ccco2)c1,-1.097627726563493,0.207,round4,train,29
HTNVODVHAPXYFK-UHFFFAOYSA-N__ZRIVIIUKNLARIQ-UHFFFAOYSA-N,train_round4,CC1=CC=C(C=C1)SC2=C(C=C3C=C(C=CC3=N2)C)C=O,CC1=C(C=CC2=C1N(CCC2)CCC(C)(C)OC)CNC3=CC(=C(C=C3)CCC=O)F,COC(C)(C)CCN1CCCc2ccc(CNc3ccc(CCC(O)C(=O)c4cc5cc(C)ccc5nc4Sc4ccc(C)cc4)c(F)c3)c(C)c21,2.9102009408971767,0.183,round4,train,52
HMUVTUUGJJNTRR-UHFFFAOYSA-N__XCIROEJXCYBJRD-UHFFFAOYSA-N,train_round4,CC(CSC1=CC=C(C=C1)F)C=O,COC1=C(C=CC(=C1F)OC(F)(F)F)OC2=CC(=C(C(=C2C(=O)OC)OC)C=O)Cl,COC(=O)c1c(Oc2ccc(OC(F)(F)F)c(F)c2OC)cc(Cl)c(C(O)C(=O)C(C)CSc2ccc(F)cc2)c1OC,1.2148302092420185,4.8672,round4,train,43
FGLPXRLTQMAOEA-YNEQXMIYSA-N__RUNMORKVPCSMTK-UHFFFAOYSA-N,train_round4,C1[C@H]([C@@H](O[C@@]1(CO)F)N2C=C(C(=O)NC2=O)C=O)O,C1=CSC(=C1C=O)C(=O)O,O=C(O)c1sccc1C(O)C(=O)c1cn(C2OC(F)(CO)CC2O)c(=O)[nH]c1=O,-3.06600747371185,5.0725,round4,train,29
YCMIKCVPANIWEF-UHFFFAOYSA-N__QZVHJSOXCVCNRU-UHFFFAOYSA-N,train_round4,C1CC(CNC1)N2CCN(C2C=O)C3=CC(=CC=C3)F,COCCOCCOC1=C(C=C(C(=C1)OC)C=O)C2=CC=CS2,COCCOCCOc1cc(OC)c(C(O)C(=O)C2N(c3cccc(F)c3)CCN2C2CCCNC2)cc1-c1cccs1,2.7218710253113376,-2.4965,round4,mixed,43
DWQRUJSZVKDSHJ-UHFFFAOYSA-N__XMSNVLLGBYUCEW-LUSJXZINSA-N,train_round4,CC(OC1=CC2=C(C=C1)OC(CN2)C(=O)NC3=CC(=C(C=C3CC=O)C4CCCC4)O)(F)F,C=C/C=C/[C@H]1CCCC[C@H]1C=O,C=CC=CC1CCCCC1C(O)C(=O)Cc1cc(C2CCCC2)c(O)cc1NC(=O)C1CNc2cc(OC(C)(F)F)ccc2O1,1.8451443532382903,3.3375,round4,train,45
WPPIIKHUOSOZNZ-UHFFFAOYSA-N__REJCPYRWSQLXPR-UHFFFAOYSA-N,train_round4,CC(C)(C)C1=CC(=C(C(=C1)C2=CN=C(C=C2)C(F)(F)F)OCOC)C=O,COC1=C(C(=C(C(=C1F)F)OC)F)C=O,COCOc1c(C(=O)C(O)c2c(F)c(OC)c(F)c(F)c2OC)cc(C(C)(C)C)cc1-c1ccc(C(F)(F)F)nc1,1.7937275999519828,2.4668,round4,train,41
CLUDBSMXFHPRPY-UHFFFAOYSA-N__LHTPXOZPAVVVLR-UHFFFAOYSA-N,train_round4,CC(C)CN(CC(=O)N(C)CCCN(C)CCCC=O)C(=O)CN(CCC1=CC=CC=C1F)C=O,C1=CC(=C(C=C1F)CC2=C(C=NO2)C=O)Cl,CC(C)CN(CC(=O)N(C)CCCN(C)CCCC(=O)C(O)c1cnoc1Cc1cc(F)ccc1Cl)C(=O)CN(C=O)CCc1ccccc1F,-3.866985294587368,-5.4369,round4,train,51
XMHHOTNFCJLTOX-UHFFFAOYSA-N__VNTMCPAMLLLLGF-UHFFFAOYSA-N,train_round4,C1=C(C(=C(C(=N1)C=O)C(F)F)I)C(F)(F)F,CN1C=NC=C1C2=NC3=C(C=CC(=C3)C(C(F)(F)F)(F)F)C(=C2)C=O,Cn1cncc1-c1cc(C(O)C(=O)c2ncc(C(F)(F)F)c(I)c2C(F)F)c2ccc(C(F)(F)C(F)(F)F)cc2n1,-0.2896560169492904,-1.5452,round4,mixed,41
GZCAFFHKYWIHDF-UHFFFAOYSA-N__HIAJXDAPQHJBHP-UHFFFAOYSA-N,train_round4,C1=C(NC=C1C2=CSC(=N2)N)C=O,C1=C(SC2=CN(N=C21)C(F)F)C=O,Nc1nc(-c2c[nH]c(C(=O)C(O)c3cc4nn(C(F)F)cc4s3)c2)cs1,2.3701877526607302,2.1311,round4,mixed,26
ZRRBLAIBNWUXHE-UHFFFAOYSA-N__LKJUFEITHSFFGR-UHFFFAOYSA-N,train_round4,CC(=C)C1CCCCC1C=O,CC1=CC=C(C=C1)NC(=O)CC2(C3=CC=CC=C3N(C2=O)CC=O)NC(=O)NC4=CC=C(C=C4)C,C=C(C)C1CCCCC1C(=O)C(O)CN1C(=O)C(CC(=O)Nc2ccc(C)cc2)(NC(=O)Nc2ccc(C)cc2)c2ccccc21,2.237611336667069,0.5553,round4,mixed,46
AWKBPIBKZOGZFV-UHFFFAOYSA-N__ATILWOLEHLKWTE-ZCFIWIBFSA-N,train_round4,CC1=C(C=C(C=C1)C=O)N2C(=NC(=C(C2=O)Br)OCC3=C(C=C(C=C3)F)F)C,C(CCN)C[C@H](C=O)NC(=O)C(F)(F)F,Cc1ccc(C(=O)C(O)C(CCCCN)NC(=O)C(F)(F)F)cc1-n1c(C)nc(OCc2ccc(F)cc2F)c(Br)c1=O,2.4019412953177124,2.6102,round4,mixed,43
ZKDZPGWKPHOQPJ-LJQANCHMSA-N__LMHKDVPFDHNVFB-FNCVBFRFSA-N,train_round4,C[C@@H](CCO[Si](C1=CC=CC=C1)(C2=CC=CC=C2)C(C)(C)C)CC=O,COC[C@H]([C@H]([C@@H]([C@@H](C=O)OC)O)OC)O,COCC(O)C(OC)C(O)C(OC)C(O)C(=O)CC(C)CCO[Si](c1ccccc1)(c1ccccc1)C(C)(C)C,1.924590379246436,5.5865,round4,mixed,40
FIOKKXQKMFIASF-DFPMAUPISA-N__YEDHDHIJNHXTIB-UHFFFAOYSA-N,train_round4,C1C[C@H]2CN([C@@H]([C@H]2C1)C(=O)N[C@@H](C[C@@H]3CCNC3=O)C=O)C(=O)CCC4=CC(=CC=C4)F,C1=CC(=C(C=C1C2=CC=C(S2)C=O)F)Cl,O=C1NCCC1CC(NC(=O)C1C2CCCC2CN1C(=O)CCc1cccc(F)c1)C(=O)C(O)c1ccc(-c2ccc(Cl)c(F)c2)s1,1.407145646751991,5.5479,round4,train,47
PKRSEWBJYMLOKW-UHFFFAOYSA-N__XXZPWUPWXFMCHE-UHFFFAOYSA-N,train_round4,C1CC(COC1)C(C=O)C2=CC(=CC=C2)C(F)(F)F,C1=CC(=C(C=C1NC(C=O)C2=NON=C2N)Br)F,Nc1nonc1C(Nc1ccc(F)c(Br)c1)C(O)C(=O)C(c1cccc(C(F)(F)F)c1)C1CCCOC1,-0.678945224918781,-1.6471,round4,mixed,37
VNMIWVDGHNOXMB-JLWCKEOGSA-N__QFFLHJQXVMDJKO-UHFFFAOYSA-N,train_round4,CC1CN(CCN1C(=O)C2=CC=C(C=C2)C3=NC4=C(O3)C=C(C=C4)F)C5C[C@@]5(C=O)O,C1=CC(=CC=C1C2=C(C=C(C=C2)CC=O)OCC(F)(F)F)C(F)(F)F,CC1CN(C2CC2(O)C(=O)C(O)Cc2ccc(-c3ccc(C(F)(F)F)cc3)c(OCC(F)(F)F)c2)CCN1C(=O)c1ccc(-c2nc3ccc(F)cc3o2)cc1,-2.4322283412992216,2.12,round4,train,56
VAHSFBLNASSYTB-UHFFFAOYSA-N__UXYOEPZZLFLMHJ-UHFFFAOYSA-N,train_round4,COC1=C(C(=C(C=C1)OC)F)C(C=O)C2=CC(=CC=C2)OC,C1=CN=C(C(=C1OC(F)(F)F)Cl)C=O,COc1cccc(C(C(=O)C(O)c2nccc(OC(F)(F)F)c2Cl)c2c(OC)ccc(OC)c2F)c1,-4.625531049539839,-3.3016,round4,train,36
TWXNJGUUUBGKBO-UHFFFAOYSA-N__BMKNBFDKPAHNJV-UHFFFAOYSA-N,train_round4,C1=CC(=C(C=C1Br)F)CC=O,CC1=CC(=C(C(=C1F)C=O)OC)Cl,COc1c(Cl)cc(C)c(F)c1C(O)C(=O)Cc1ccc(Br)cc1F,-2.374076394595789,-5.3602,round4,train,24
DCDHZIGWCCQXHK-QMMMGPOBSA-N__GLPRRPVEFLLWHE-UHFFFAOYSA-N,train_round4,C1=CN=C(C=C1C2=NC(=CC(=N2)N[C@@H](CN)C=O)C(=O)N)F,C1CC(CCC1CCC=O)C2=CC=C(C=C2)C#N,N#Cc1ccc(C2CCC(CCC(O)C(=O)C(CN)Nc3cc(C(N)=O)nc(-c4ccnc(F)c4)n3)CC2)cc1,-11.629050613462272,-12.8441,round4,mixed,40
TUAAFABLHPTERP-UHFFFAOYSA-N__ZMLNKPJKFIZAKK-UHFFFAOYSA-N,train_round4,CC(CC1=CC(=CC=C1)OC)(C=O)C2=CC=C(C=C2)F,CC1=C(C(=C(C=C1)F)CCC=O)OC,COc1cccc(CC(C)(C(=O)C(O)CCc2c(F)ccc(C)c2OC)c2ccc(F)cc2)c1,-0.3868453136299052,2.0803,round4,train,34
HXXHIKHTBBZYSE-SFHVURJKSA-N__HWMKJEOHTDOVEJ-UHFFFAOYSA-N,train_round4,C1C[C@H](N(C1)C(=O)CC(C2=CC=CC=C2)C3=CC=CC=C3)C=O,C1=C(C(=C(C(=N1)C=O)F)C(F)F)I,O=C(C(O)c1ncc(I)c(C(F)F)c1F)C1CCCN1C(=O)CC(c1ccccc1)c1ccccc1,-0.3853044547291998,-9.82,round4,train,36
XHQKEXWBRWHWML-UHFFFAOYSA-N__LMJRWFFBAJIJHC-UHFFFAOYSA-N,train_round4,CC1=C(C(=CC=C1)C(C)(C=O)F)C,C1=CC(=C(C=C1C(=O)CC#N)F)C=O,Cc1cccc(C(C)(F)C(=O)C(O)c2ccc(C(=O)CC#N)cc2F)c1C,0.6285177294283835,-1.3432,round4,train,27
XXKVIKKAAFQJMX-UHFFFAOYSA-N__JXUUXDPIGQLVAH-UHFFFAOYSA-N,train_round4,CC(C(=O)NC(CCCN=C(N)N)C=O)NC(=O)C(CO)N,COC(=O)C#CC1=CC(=C(C(=C1)F)C=O)F,COC(=O)C#Cc1cc(F)c(C(O)C(=O)C(CCCN=C(N)N)NC(=O)C(C)NC(=O)C(N)CO)c(F)c1,-2.852931465003467,-0.2557,round4,mixed,38
GDNSCKFMUMBMIC-UHFFFAOYSA-N__OVPQWJJEPQOLDC-UHFFFAOYSA-N,train_round4,CCCC=CCCCCCCC=O,C1=CC(=C(C=C1Br)C2=NNC(=C2)C=O)F,CCCC=CCCCCCCC(=O)C(O)c1cc(-c2cc(Br)ccc2F)n[nH]1,0.5981008163270322,1.5532,round4,train,28
IYCYQLBMPNHNMU-UHFFFAOYSA-N__CNHZELMLMWGTAW-UHFFFAOYSA-N,train_round4,CCOC(=O)C1=CC2=NC(=C(N2C(=C1)C=O)CC3=CC=C(C=C3)Cl)C(C)(F)F,C(CC(C=CC(C=O)F)F)CF,CCOC(=O)c1cc(C(=O)C(O)C(F)C=CC(F)CCCF)n2c(Cc3ccc(Cl)cc3)c(C(C)(F)F)nc2c1,-0.9890632556913502,-0.4299,round4,mixed,40
GGDFUFJJOZESQD-HNQUOIGGSA-N__YQDGBZRJEPSCGU-CQSZACIVSA-N,train_round4,C1=CC(=C(C=C1Br)F)/C=C/CC=O,C1C[C@@H](N(C1)C2=NN3C(=NC=C3C(C=O)(F)F)C=C2)C4=CC(=CC=C4)F,O=C(CC=Cc1ccc(Br)cc1F)C(O)C(F)(F)c1cnc2ccc(N3CCCC3c3cccc(F)c3)nn12,-9.930482331804384,-15.928,round4,mixed,39
HNAAUVFJGHZLFI-UHFFFAOYSA-N__FRHPARJUGUIKKH-UHFFFAOYSA-N,train_round4,CC1(CC=CC2=NC(=CN21)C=O)F,C1=CC(=C(C(=C1C=CCC(=O)N)F)C=O)F,CC1(F)CC=Cc2nc(C(=O)C(O)c3c(F)ccc(C=CCC(N)=O)c3F)cn21,-2.401038957294447,2.4864,round4,mixed,29
IOUNEKVVDYQQSU-UHFFFAOYSA-N__GYPNYLPQAILDPB-UHFFFAOYSA-N,train_round4,COC1=C(C(=C(C(=C1)C2=CN=C3N2C=CC(=C3)OCC=O)C4CC4)OC(F)F)C(=O)N,CC1=C(N=C(N1)F)CC=O,COc1cc(-c2cnc3cc(OCC(=O)C(O)Cc4nc(F)[nH]c4C)ccn23)c(C2CC2)c(OC(F)F)c1C(N)=O,-4.589876601604764,-5.6735,round4,mixed,41
BNRJGUCVDZXVFV-UHFFFAOYSA-N__ZVVOLAIHDHHWGV-UHFFFAOYSA-N,train_round4,C1=CC(=CC=C1CC(C=O)C2=CC=C(S2)C#CC3=CC=C(C=C3)C(F)(F)F)C(F)(F)F,CC(C)CC(=O)N(C)C(C)C=O,CC(C)CC(=O)N(C)C(C)C(O)C(=O)C(Cc1ccc(C(F)(F)F)cc1)c1ccc(C#Cc2ccc(C(F)(F)F)cc2)s1,-0.6757027100858751,-10.3122,round4,mixed,43
VCEMYSPRINQFFB-RXMQYKEDSA-N__DXUMTJDOVKRPTH-UHFFFAOYSA-N,train_round4,C(CSC[C@@H](C=O)N)N,C1=C(C(=C(C(=N1)F)CBr)OC(F)(F)F)C=O,NCCSCC(N)C(=O)C(O)c1cnc(F)c(CBr)c1OC(F)(F)F,1.639270633624174,9.1964,round4,train,25
ZXYDGKUDGDDKTF-XBBQQWKLSA-N__OBFSLFDEGXLIQA-UHFFFAOYSA-N,train_round4,CC(C1([C@@H]([C@H]([C@@H]([C@H](O1)CO)O)O)NC(=O)C)O)OC(=O)C(C=O)C2=CC(=CC=C2)N,C1=CC(=NC(=C1)OC2=C(C=C(C=C2)CC=O)F)C(F)(F)F,CC(=O)NC1C(O)C(O)C(CO)OC1(O)C(C)OC(=O)C(C(=O)C(O)Cc1ccc(Oc2cccc(C(F)(F)F)n2)c(F)c1)c1cccc(N)c1,-0.929317651316425,3.8916,round4,mixed,51
FGLVVYNWRSMSHI-UHFFFAOYSA-N__JYALVACFRHVZBS-UHFFFAOYSA-N,train_round4,CC(C=O)OC1=CC=C(C=C1)OC,C1=C(C=C(C=C1C#CC#N)F)C=O,COc1ccc(OC(C)C(=O)C(O)c2cc(F)cc(C#CC#N)c2)cc1,-0.9721556760484872,1.1875,round4,train,26
AXZZKTLVNRHXIF-UHFFFAOYSA-N__MUQQKSLUIGMTLP-UHFFFAOYSA-N,train_round4,CC1=C(C=CC(=C1)F)C2=CSC(=C2)C=O,C1C(ON=C1C2=CC=CC=C2C3=CC=CS3)CCCC=O,Cc1cc(F)ccc1-c1csc(C(=O)C(O)CCCC2CC(c3ccccc3-c3cccs3)=NO2)c1,-2.6931983673522937,-0.3859,round4,train,36
NZLVLVDRAHANRT-FKEBYFGASA-N__CYVKOCKVEPINAI-UHFFFAOYSA-N,train_round4,CC(C)(C)C[C@H]1[C@]([C@H]([C@@H](N1)C=O)C2=CC(=CC=C2)Cl)(C#N)C3=C(C=C(C=C3)Cl)F,CC1=CC(=NC(=N1)NC2=C(C(=C(C=C2)OC)N3C=C4CN(CCC4=N3)CC=O)F)NC,CNc1cc(C)nc(Nc2ccc(OC)c(-n3cc4c(n3)CCN(CC(O)C(=O)C3NC(CC(C)(C)C)C(C#N)(c5ccc(Cl)cc5F)C3c3cccc(Cl)c3)C4)c2F)n1,-5.397118727309467,-1.9124,round4,mixed,60
FZSNRPLMRUXGPP-FFZWDVDJSA-N__PKKGSPVQSZSCGF-UHFFFAOYSA-N,train_round4,CC(C)(C)OC(=O)N1CC[C@@]23[C@@]1(CCC([C@H]2C(=O)OC)C=O)N(C4=C3C=C(C=C4)OC)C,C1=CC(=C(C=C1OC(F)(F)F)F)NC2=C(C(=NC=N2)Cl)C=O,COC(=O)C1C(C(=O)C(O)c2c(Cl)ncnc2Nc2ccc(OC(F)(F)F)cc2F)CCC23N(C(=O)OC(C)(C)C)CCC12c1cc(OC)ccc1N3C,1.2216393823616132,0.6826,round4,mixed,54
GWFTUORCGNGELH-UHFFFAOYSA-N__LEJSXHLXJUILMI-UHFFFAOYSA-N,train_round4,C1=CC(=C(C=C1C(F)(F)F)C=O)[N+](=O)[O-],C(CCBr)CC=O,O=C(c1cc(C(F)(F)F)ccc1[N+](=O)[O-])C(O)CCCCBr,0.8519666240749771,3.2801,round4,mixed,22
HYCJHBQAOGFFGI-UHFFFAOYSA-N__QOFZMNKJRJUTJU-UHFFFAOYSA-N,train_round4,CC1=CC(=C(C=C1)OC)NC(=O)CN2C(=C(C3=CC=CC=C32)C=O)C,CC(CC(F)(F)F)(C=O)C(=O)OCC1=CC=CC=C1,COc1ccc(C)cc1NC(=O)Cn1c(C)c(C(=O)C(O)C(C)(CC(F)(F)F)C(=O)OCc2ccccc2)c2ccccc21,2.3885209232276186,0.4842,round4,train,44
SKCGIXLICWIBOR-UHFFFAOYSA-N__FNEUZXCXKQENCE-UHFFFAOYSA-N,train_round4,C1=CC(=CC=C1C=O)C2=C(C=C(C=N2)C(F)(F)F)Cl,C1=CC(=CC=C1C2=NOC(=C2)C=O)C(F)(F)F,O=C(c1ccc(-c2ncc(C(F)(F)F)cc2Cl)cc1)C(O)c1cc(-c2ccc(C(F)(F)F)cc2)no1,0.1158351443639017,1.8032,round4,train,36
HXQFYRXRVBWDHN-RKOGWWSCSA-N__NZKJWDXRCPUBKS-UHFFFAOYSA-N,train_round4,C[C@@H](CCC=O)N(C)C(=O)ON[C@H]1CC[C@H]2[C@@H]1CN(C2)CC3=CC=C(C=C3)F,C1CN(CCC1NC2=NC=C(C=N2)OC(F)F)S(=O)(=O)CCC=O,CC(CCC(=O)C(O)CCS(=O)(=O)N1CCC(Nc2ncc(OC(F)F)cn2)CC1)N(C)C(=O)ONC1CCC2CN(Cc3ccc(F)cc3)CC21,0.083208856977165,1.5991,round4,train,52
SPXYXEDRXNQMMA-UHFFFAOYSA-N__XLUWITADWKBFJD-UHFFFAOYSA-N,train_round4,CC1=CC(=CC(=N1)C2=CC=CC(=C2)C=O)C(F)(F)F,C1=CC=C(C(=C1)C(F)(F)F)NC(=O)NCC=O,Cc1cc(C(F)(F)F)cc(-c2cccc(C(=O)C(O)CNC(=O)Nc3ccccc3C(F)(F)F)c2)n1,1.1671968297239792,4.0244,round4,train,36
UGQWWWMSVTUIIP-OAHLLOKOSA-N__CITBQMJWUIHSSB-UHFFFAOYSA-N,train_round4,C1=CC=C(C=C1)[C@H](CC=O)CC2=CC=C(C=C2)Br,CC(CC1=CC(=C(C=C1)C(F)(F)F)I)C=O,CC(Cc1ccc(C(F)(F)F)c(I)c1)C(O)C(=O)CC(Cc1ccc(Br)cc1)c1ccccc1,-0.3472793199061872,2.0893,round4,train,34
GKANXGVUZCLWDZ-DTWKUNHWSA-N__FHYFOEYJVAVBOF-UHFFFAOYSA-N,train_round4,CC#CC[C@H]1CC[C@@H](O1)C=O,CC1=C(C=C(C=C1)CN(C)C(CC2=CNC3=C2C(=C(C=C3)F)[N+](=O)[O-])C(=O)N(C)CC=O)O,CC#CCC1CCC(C(=O)C(O)CN(C)C(=O)C(Cc2c[nH]c3ccc(F)c([N+](=O)[O-])c23)N(C)Cc2ccc(C)c(O)c2)O1,1.2266788717780144,-2.2411,round4,mixed,44
GIDOLSUPUOWYLE-UHFFFAOYSA-N__WNTQEJXIEINQBM-UHFFFAOYSA-N,train_round4,C1CCC2=C(C1)N=C(S2)C3=C(C=CC(=C3)F)C=O,COC1=C(C(=NC(=C1)C=O)OC(F)(F)F)C(F)F,COc1cc(C(O)C(=O)c2ccc(F)cc2-c2nc3c(s2)CCCC3)nc(OC(F)(F)F)c1C(F)F,1.074423809127396,-2.7,round4,mixed,36
AOOQHCXWMOBHNB-UHFFFAOYSA-N__SJDIMCIXQFHDEC-UHFFFAOYSA-N,train_round4,CCCC1=CC=C(C=C1)C2=CC(=C(C(=C2)F)CC=O)F,CC(=O)OC1=C(C=C2C(=C1)C(=O)C(=CO2)C=O)OC(=O)C,CCCc1ccc(-c2cc(F)c(CC(=O)C(O)c3coc4cc(OC(C)=O)c(OC(C)=O)cc4c3=O)c(F)c2)cc1,0.7532859693789062,5.3221,round4,train,41
OURRYLWAIGSTHF-UHFFFAOYSA-N__DRQFQYZAJWSQOY-UHFFFAOYSA-N,train_round4,B1(OC(C(O1)(C)C)(C)C)C2=CC3=C(C=C2)N=C4N3C(CC4NCC)C5=C(C=CC=C5OC(F)F)C=O,C(=O)C1=C(C(=C(C(=C1SF)SF)SF)SF)SF,CCNC1CC(c2c(OC(F)F)cccc2C(=O)C(O)c2c(SF)c(SF)c(SF)c(SF)c2SF)n2c1nc1ccc(B3OC(C)(C)C(C)(C)O3)cc12,2.195021832736075,-5.8974,round4,mixed,54
HXYZGYQRHRDVHU-UHFFFAOYSA-N__DOTRPTNIMHFTSV-UHFFFAOYSA-N,train_round4,CC1=CC(=CC(=C1C2=C(C=C(C=C2)OC)C=O)C)F,CC(C)(C)C(=O)ON1CCC(CC1)C(CC=O)C2=CC=CC=C2,COc1ccc(-c2c(C)cc(F)cc2C)c(C(=O)C(O)CC(c2ccccc2)C2CCN(OC(=O)C(C)(C)C)CC2)c1,0.6323024617873804,0.1149,round4,train,42
IAQLXJKBKCMZDD-UHFFFAOYSA-N__GCHSGMWHWIJXBS-UHFFFAOYSA-N,train_round4,C1=CC=C(C=C1)CC(CC[N+](=O)[O-])C=O,C1=CSC=C1C(C=O)O,O=C(C(CC[N+](=O)[O-])Cc1ccccc1)C(O)C(O)c1ccsc1,-3.7451381031045874,1.8706,round4,train,24
IXYZQRYKXDLYNO-UHFFFAOYSA-N__SEVNJLHXVYZYNV-UHFFFAOYSA-N,train_round4,C1=CC(=C(C=C1C=O)F)OCC2=C(C=C(C=C2)F)Br,C1=CC(=C(C=C1C(F)(F)F)C=O)C2=CN=C(C=C2)C(F)(F)F,O=C(c1ccc(OCc2ccc(F)cc2Br)c(F)c1)C(O)c1cc(C(F)(F)F)ccc1-c1ccc(C(F)(F)F)nc1,1.9819363141066133,2.2869,round4,train,41
XLPIITCULCLEEL-UHFFFAOYSA-N__WZIGKFUUQWRHPS-OIOPIJHSSA-N,train_round4,CCC1C(C(C(O1)N2C=C(C(=O)NC2=O)CCCCCC=O)F)C,C[C@@H]1C[C@H](C2=NC(=NC=C12)C3(CC=C(C=C3)C(CNC4CCOCC4)C=O)C(F)(F)F)O,CCC1OC(n2cc(CCCCCC(=O)C(O)C(CNC3CCOCC3)C3=CCC(c4ncc5c(n4)C(O)CC5C)(C(F)(F)F)C=C3)c(=O)[nH]c2=O)C(F)C1C,1.7233233261126972,2.4149,round4,mixed,56
KDPLYQXYGLVFFR-UHFFFAOYSA-N__PQNXKPOHJMFZBR-UHFFFAOYSA-N,train_round4,CC(C=O)C(=S)C,C(C(C=O)NC(=O)CN)C(=O)O,CC(=S)C(C)C(=O)C(O)C(CC(=O)O)NC(=O)CN,-2.881847794884499,-2.726,round4,mixed,19
RALWFAOLPUWJRV-AKGZTFGVSA-N__GUVKKNATAPERNS-UHFFFAOYSA-N,train_round4,C(CC(F)(F)F)C1[C@@H](O1)C=O,CC(CC=O)C1=CC(=C(C=C1N(C)C)F)F,CC(CC(O)C(=O)C1OC1CCC(F)(F)F)c1cc(F)c(F)cc1N(C)C,1.0955447257566384,2.8971,round4,train,27
NJWHOVCUMLPGAF-UHFFFAOYSA-N__WPAMXMMNFLEEEW-UHFFFAOYSA-N,train_round4,C1=CC=C(C=C1)COC(=O)CCC=O,CC(C)(C)C1=CC(=C(O1)CO)C=O,CC(C)(C)c1cc(C(O)C(=O)CCC(=O)OCc2ccccc2)c(CO)o1,1.085986936256259,3.1063,round4,train,27
ULXRNMNCRLYAKW-UHFFFAOYSA-N__XGTWVWUXNVNGEO-UHFFFAOYSA-N,train_round4,CC1=C(N=C(N1)C2=CC=C(C=C2)C(F)(F)F)C=O,C1=CC(=C(C=C1C=O)[N+](=O)[O-])OCC(=O)NC2=C(C=CC(=C2)F)F,Cc1[nH]c(-c2ccc(C(F)(F)F)cc2)nc1C(=O)C(O)c1ccc(OCC(=O)Nc2cc(F)ccc2F)c([N+](=O)[O-])c1,2.5165526036897563,4.866,round4,train,42
HKPWIIFZQJWICB-DTIOYNMSSA-N__URECYBUZWZLNHI-UHFFFAOYSA-N,train_round4,C1CC(O[C@@H]1C2=CC=C(C=C2)F)C=O,CC(C)[Si](C(C)C)(C(C)C)OC(COC1=C(C=CC(=C1)CCC=O)OC)C2=CC=C(C=C2)O,COc1ccc(CCC(O)C(=O)C2CCC(c3ccc(F)cc3)O2)cc1OCC(O[Si](C(C)C)(C(C)C)C(C)C)c1ccc(O)cc1,0.975870887356659,-4.6564,round4,mixed,47
VKISBDCRJLMINS-UHFFFAOYSA-N__VDRCYOOQHVDCBT-UHFFFAOYSA-N,train_round4,C1=CC(=CC(=C1)F)C2C(C2(C=O)C#N)S(=O)(=O)C3=CC=C(C=C3)Cl,CCOC(=O)C1=CC2=C(C=C1)N(N=C2)CCC=O,CCOC(=O)c1ccc2c(cnn2CCC(O)C(=O)C2(C#N)C(c3cccc(F)c3)C2S(=O)(=O)c2ccc(Cl)cc2)c1,-0.0378075517096099,0.3445,round4,train,42
OKQONIZLYRVSKH-UHFFFAOYSA-N__PGBBGHYMYMKLID-UHFFFAOYSA-N,train_round4,CCC1=C(C=C(C=C1)C(CBr)C=O)F,C=CCN1C2=CC=CC=C2C(=C1C=O)F,C=CCn1c(C(O)C(=O)C(CBr)c2ccc(CC)c(F)c2)c(F)c2ccccc21,2.615764311055547,1.6147,round4,train,29
GMBXMVNQZNFCOC-UHFFFAOYSA-N__MXZIDKQURYMMRV-UHFFFAOYSA-N,train_round4,C1=C(N=C(C(=C1Cl)C(F)F)C=O)CN,COC1=C(C(=CC(=N1)C(F)F)C=O)C(F)(F)F,COc1nc(C(F)F)cc(C(O)C(=O)c2nc(CN)cc(Cl)c2C(F)F)c1C(F)(F)F,-2.89280735067552,-2.029,round4,train,31
CIKHCANWJLDQTJ-UHFFFAOYSA-N__GDJFEDATCIIMEO-UHFFFAOYSA-N,train_round4,C1=CC=C(C=C1)COC(C=O)C(C(C(CO)O)O)OCC2=CC=CC=C2,C1=C(C(=C(C(=C1F)Br)F)F)CCC=O,O=C(C(O)CCc1cc(F)c(Br)c(F)c1F)C(OCc1ccccc1)C(OCc1ccccc1)C(O)C(O)CO,-0.8543755093064261,-0.1812,round4,train,40
GSLHWJGGUYYWEG-UHFFFAOYSA-N__GUFBRCOHHRJPIL-UHFFFAOYSA-N,train_round4,C1=CC2=C(C=C1F)OC(=O)C=C2C=O,C1=C(C(=C(C(=N1)I)C#N)C=O)C(F)F,N#Cc1c(I)ncc(C(F)F)c1C(O)C(=O)c1cc(=O)oc2cc(F)ccc12,0.0329663362825072,-2.0388,round4,train,28
CUTJJRZGPOKACB-UHFFFAOYSA-N__NMNXQKAAPREGFI-UHFFFAOYSA-N,train_round4,CC1=C(C=C(C=C1)F)C(C)(C)CC(CC=O)(C(F)(F)F)O,C1=CC2=NC(=O)NC(=C2C=C1C(F)(F)F)C=O,Cc1ccc(F)cc1C(C)(C)CC(O)(CC(=O)C(O)c1[nH]c(=O)nc2ccc(C(F)(F)F)cc12)C(F)(F)F,-6.551636470753489,-1.7344,round4,train,38
FRCWRIHOINCPNL-UHFFFAOYSA-N__OEYGHYCEAORKOE-UHFFFAOYSA-N,train_round4,C1=CC(=CC=C1C=O)OCCNC2=C3C=CC(=CC3=NC=C2)C(F)(F)F,CN1C(C(C(=N1)C(F)F)C=O)F,CN1N=C(C(F)F)C(C(O)C(=O)c2ccc(OCCNc3ccnc4cc(C(F)(F)F)ccc34)cc2)C1F,-2.002865315955626,1.824,round4,mixed,38
XPEQJWPBZROZTL-UHFFFAOYSA-N__UDZKLLWPZNJPES-UHFFFAOYSA-N,train_round4,C1=CC=C(C=C1)OC(C=O)(F)F,C1=CC(=CC=C1CC(C=O)C2=CC=C(C=C2)Br)F,O=C(C(O)C(Cc1ccc(F)cc1)c1ccc(Br)cc1)C(F)(F)Oc1ccccc1,2.602428440612109,3.1542,round4,train,30
MZWXFTHJIGNVCN-UHFFFAOYSA-N__FIVMFRBVKGTXTE-UHFFFAOYSA-N,train_round4,CC1=CN=C(C(=C1C=O)C(F)F)I,C1=CC(=C(C(=C1)F)C=O)C(=O)N,Cc1cnc(I)c(C(F)F)c1C(=O)C(O)c1c(F)cccc1C(N)=O,-0.7995577985041323,-2.0984,round4,train,25
CROMUEFMDCJCSX-UHFFFAOYSA-N__UARFMVREPYWFJH-UHFFFAOYSA-N,train_round4,CCC1=CC2=C(CCCC2C=O)C(=C1)F,C1=C(C=C(C(=C1C=CCC=O)N)N)F,CCc1cc(F)c2c(c1)C(C(=O)C(O)CC=Cc1cc(F)cc(N)c1N)CCC2,-2.3539746898915017,0.9901,round4,train,29
FUEGUYZVDWJGLZ-UHFFFAOYSA-N__BDRQVOPDVPZQNQ-UHFFFAOYSA-N,train_round4,C1=C(C(=C(N=C1F)F)C=O)C(F)F,COC1=CC(=NC(=C1C(F)F)C=O)OC(F)(F)F,COc1cc(OC(F)(F)F)nc(C(O)C(=O)c2c(C(F)F)cc(F)nc2F)c1C(F)F,1.826215901990086,2.1753,round4,train,31
RDHMRXBGKMVWOI-UHFFFAOYSA-N__VFJOCQZOFDSNLT-UHFFFAOYSA-N,train_round4,C1=CC(=CC(=C1)NC(=O)C2=C(C=C(C=C2)O)F)C=O,C1=CC(=C(N=C1)C2=NC(=NC=C2Cl)C=O)F,O=C(Nc1cccc(C(=O)C(O)c2ncc(Cl)c(-c3ncccc3F)n2)c1)c1ccc(O)cc1F,-1.7396888827724704,-0.8464,round4,train,35
PSRCZGGTZKYEDS-UHFFFAOYSA-N__KZLYFQZUVXHANW-UHFFFAOYSA-N,train_round4,C1CS(=O)(=O)CC1C(C=O)C2=CC=CC=C2F,C1=CC(=CC=C1COC2=C(C=C(C=C2)C=O)C(F)(F)F)F,O=C(C(O)c1ccc(OCc2ccc(F)cc2)c(C(F)(F)F)c1)C(c1ccccc1F)C1CCS(=O)(=O)C1,-2.2644548923396224,-1.0571,round4,train,38
ZGOWPCHSOHJRIL-CNZKWPKMSA-N__WVERLPQNRYJAIK-UHFFFAOYSA-N,train_round4,C(CO)[C@H](C(C=O)O)O,CCC(=O)OC(C=O)F,CCC(=O)OC(F)C(O)C(=O)C(O)C(O)CCO,-7.478942006183741,-1.3985,round4,mixed,18
CITBQMJWUIHSSB-UHFFFAOYSA-N__UGQWWWMSVTUIIP-OAHLLOKOSA-N,train_round4,CC(CC1=CC(=C(C=C1)C(F)(F)F)I)C=O,C1=CC=C(C=C1)[C@H](CC=O)CC2=CC=C(C=C2)Br,CC(Cc1ccc(C(F)(F)F)c(I)c1)C(=O)C(O)CC(Cc1ccc(Br)cc1)c1ccccc1,1.515046906478995,3.6142,round4,train,34
PPDPMLHCQSHGPH-UHFFFAOYSA-N__VEIDRWPYIYYJEK-UHFFFAOYSA-N,train_round4,CCCOC1=C(C(=C(C=C1)C=O)OCC(=O)O)C,C1=CC(=C(C=C1/C(=N/N=C\N)/N)OCCSF)CN(CC=O)CC(=O)O,CCCOc1ccc(C(=O)C(O)CN(CC(=O)O)Cc2ccc(C(N)=NN=CN)cc2OCCSF)c(OCC(=O)O)c1C,-3.9025365871482927,-0.1517,round4,train,44
DRRHZRFITLDLDL-UHFFFAOYSA-N__BBYJSEKZYALPAL-GOSISDBHSA-N,train_round4,CC1=C(C=CC(=C1)OC2=C(C=CC=C2F)[N+](=O)[O-])C=O,CCC(CC)(CC1=CC=C(S1)C(=O)OC2=C(C=C(C=C2)C(=N)N)F)C(=O)N[C@H](C=O)C(C)C,CCC(CC)(Cc1ccc(C(=O)Oc2ccc(C(=N)N)cc2F)s1)C(=O)NC(C(C)C)C(O)C(=O)c1ccc(Oc2c(F)cccc2[N+](=O)[O-])cc1C,2.460324679992,2.5123,round4,train,53
VYUHXPMAUNKWGW-UHFFFAOYSA-N__JKCKVAMPIIGSNN-UHFFFAOYSA-N,train_round4,C1=CC(=C(C(=C1C(=O)O)Cl)C=O)Cl,CCOP(=O)(CC1=CC(=CO1)C=O)OCC,CCOP(=O)(Cc1cc(C(O)C(=O)c2c(Cl)ccc(C(=O)O)c2Cl)co1)OCC,2.068728032797829,4.1742,round4,train,29
WOULQCGUTQBYPE-LXGUWJNJSA-N__PNVPVLPSXIZRIG-UHFFFAOYSA-N,train_round4,CC=C([C@H]([C@H]([C@@H]([C@H](C=O)O)O)O)O)O,C1C(OC(=O)C2=C1C=CC(=C2)F)C=O,CC=C(O)C(O)C(O)C(O)C(O)C(=O)C(O)C1Cc2ccc(F)cc2C(=O)O1,-3.7560369265228313,-3.1324,round4,mixed,28
AYERVZHYUZTMBL-MRVPVSSYSA-N__QNKRZKHWCPCTTR-UHFFFAOYSA-N,train_round4,C[C@H](C(=O)N)N(C1=CC=C(C=C1)F)C2=NC(=C(S2)C(=O)C3=CC(=NO3)C=O)N,CCCN(C1=CC=CC=C1C(F)(F)F)C(=O)OC(C=O)N,CCCN(C(=O)OC(N)C(O)C(=O)c1cc(C(=O)c2sc(N(c3ccc(F)cc3)C(C)C(N)=O)nc2N)on1)c1ccccc1C(F)(F)F,-0.0295895019559963,4.0502,round4,train,49
DCQBJNVVGAKRQS-UHFFFAOYSA-N__SQFJGISLMLLVKQ-UHFFFAOYSA-N,train_round4,CCOC1=CC(=O)C(C1)C=O,COC(=O)N(CC=O)CC(=C)Cl,C=C(Cl)CN(CC(O)C(=O)C1CC(OCC)=CC1=O)C(=O)OC,1.6813590686204138,1.7419,round4,mixed,23
ZCGDTODVADNJSN-UHFFFAOYSA-N__XDJJAYWLDIUPGP-UHFFFAOYSA-N,train_round4,C1=CC(=C(C=C1C=O)OCCBr)F,C1=CC=C(C(=C1)C2=C(C=CC=N2)CC=O)F,O=C(c1ccc(F)c(OCCBr)c1)C(O)Cc1cccnc1-c1ccccc1F,0.5102551790111522,-1.2696,round4,train,29
BSBYSXDQAMTVLP-UHFFFAOYSA-N__OJVYEQMVGRTUFM-UHFFFAOYSA-N,train_round4,CCN1C=C(C(=N1)C(F)F)C=O,CC1=C(SSC1=O)C=O,CCn1cc(C(=O)C(O)c2ssc(=O)c2C)c(C(F)F)n1,-0.4463409842522834,1.0775,round4,train,21
GTANVPUHKSVSHT-UHFFFAOYSA-N__GRPLFJRKSFEZIA-FXUJWGNCSA-N,train_round4,C1=CC(=CC(=C1)C(F)(F)F)C(CCCC=O)Cl,C/C=C(/C)\C(=C/C1=C(N([C@@H]1CC=O)CCN(C)CC2=CC=C(C=C2)F)NCCC3=CC=CC=C3)\O,CC=C(C)C(O)=CC1=C(NCCc2ccccc2)N(CCN(C)Cc2ccc(F)cc2)C1CC(O)C(=O)CCCC(Cl)c1cccc(C(F)(F)F)c1,2.354841762554904,-2.0957,round4,mixed,52
SBFHNKDIOVLFHN-UHFFFAOYSA-N__ILDGMYOUTJIRAM-UHFFFAOYSA-N,train_round4,C1=C(C(=C(N=C1I)C(F)F)C(F)(F)F)C=O,C1=CC(=CC=C1C(CCCC=O)Cl)C(F)(F)F,O=C(c1cc(I)nc(C(F)F)c1C(F)(F)F)C(O)CCCC(Cl)c1ccc(C(F)(F)F)cc1,-0.2220358557054946,5.0374,round4,train,33
XWBDEWZGCREOTB-UHFFFAOYSA-N__HXQNBAPVFOIBHT-UHFFFAOYSA-N,train_round4,COC1=C(C=C(C(=C1F)F)CC=O)F,CC1(CC(=O)C2C(C1)(O2)C=O)C,COc1c(F)cc(CC(=O)C(O)C23CC(C)(C)CC(=O)C2O3)c(F)c1F,-1.5611177283107238,0.55,round4,train,26
BLQSOUSLXWNVBR-UHFFFAOYSA-N__PDOAVRIFMNPOCL-UHFFFAOYSA-N,train_round4,CC1=C(C=C(S1)[Se]C)C=O,C1=CC(=C(C=C1OC2=NC=C(C=C2)C=O)F)C#N,C[Se]c1cc(C(=O)C(O)c2ccc(Oc3ccc(C#N)c(F)c3)nc2)c(C)s1,2.4654676473087385,3.6611,round4,train,28
YRTFLLAJRSQUPF-UHFFFAOYSA-N__SXZUOGFGORGJDW-UHFFFAOYSA-N,train_round4,C(=O)C(N)[N+](=O)[O-],C1C2(CC1(CNC2)F)C=O,NC(C(=O)C(O)C12CNCC(F)(C1)C2)[N+](=O)[O-],-1.881911138664295,-1.8059,round4,mixed,17
OOOMXIWJNNDBAB-UHFFFAOYSA-N__PAEGXGBVJAGENI-UHFFFAOYSA-N,train_round4,CC(=O)C1=CC(=C(C(=C1)Cl)C=O)C(F)(F)F,COC1=C(C=CC(=C1)C=O)OC2=C(C=C(C=C2)C(F)(F)F)C(=O)N,COc1cc(C(O)C(=O)c2c(Cl)cc(C(C)=O)cc2C(F)(F)F)ccc1Oc1ccc(C(F)(F)F)cc1C(N)=O,1.7817674368818794,0.5433,round4,train,40
BLWKNKUATTVBOP-UHFFFAOYSA-N__VPUJAILESXIDPT-UHFFFAOYSA-N,train_round4,CC1=C2C(=NC=C1)C(=CN2CC3=CC(=C(C=C3)OC)F)C=O,COC1=C(C(=CC(=C1)F)Cl)CC=O,COc1ccc(Cn2cc(C(=O)C(O)Cc3c(Cl)cc(F)cc3OC)c3nccc(C)c32)cc1F,1.6464314974009209,0.5391,round4,train,35
OKBSMJDXIHDGHK-CWJDSAAPSA-N__RHPPXFUWXGNYMW-UHFFFAOYSA-N,train_round4,C[C@@H]1CCC2[C@@]([C@@]13CC4=C(C=C(C(=C4O3)C)C=O)O)(CC[C@H](C2(C)C)O)C,CC1=C(C(=CC(=N1)C(F)F)C#N)C=O,Cc1nc(C(F)F)cc(C#N)c1C(O)C(=O)c1cc(O)c2c(c1C)OC1(C2)C(C)CCC2C(C)(C)C(O)CCC21C,2.8102103765238766,-2.2743,round4,mixed,41
YRXVYGMMTVBOBQ-UHFFFAOYSA-N__HWLYQPSWBNRKAF-UHFFFAOYSA-N,train_round4,C1C(NC(N1)C2=CC(=CC=C2)F)C=O,CC1CCC(C(O1)CC=O)N(O)F,CC1CCC(N(O)F)C(CC(O)C(=O)C2CNC(c3cccc(F)c3)N2)O1,-1.7816327337954183,1.2663,round4,train,27
NDPPCFVMJIFFOZ-UHFFFAOYSA-N__KARVQDZQWAUTBO-UHFFFAOYSA-N,train_round4,C1=C(C(=C(C(=N1)CN)Cl)C(F)F)C=O,C1=CC(C=C1)C=O,NCc1ncc(C(=O)C(O)C2C=CC=C2)c(C(F)F)c1Cl,1.2838238945473477,2.1992,round4,train,21
LWGROXXVPSXALC-UHFFFAOYSA-N__WKFJKDQTGXCPHJ-UHFFFAOYSA-N,train_round4,CC(C)N(CC1=C(C=CC(=C1)F)F)C(=O)NC2=CC=C(C=C2)S(=O)(=O)N3CCC(CC3)C=O,CC(C)(C)OC(=O)C1=CC(=CC(=C1)C2=CC=C(S2)C=O)F,CC(C)N(Cc1cc(F)ccc1F)C(=O)Nc1ccc(S(=O)(=O)N2CCC(C(=O)C(O)c3ccc(-c4cc(F)cc(C(=O)OC(C)(C)C)c4)s3)CC2)cc1,5.942288156445306,5.5482,round4,mixed,54
QVPXHZFMQRDUJB-FYJGNVAPSA-N__NKKZQKZAWYMSBT-UHFFFAOYSA-N,train_round4,CC(C)(C)[Si](C1=CC=CC=C1)(C2=CC=CC=C2)OCCCC/C=C(\CC=O)/F,CC(C)(C=O)C1CC(=O)CCC12OCCO2,CC(C)(C(O)C(=O)CC(F)=CCCCCO[Si](c1ccccc1)(c1ccccc1)C(C)(C)C)C1CC(=O)CCC12OCCO2,3.635920379306228,7.4248,round4,mixed,44
NJCQVOQYIFIQJT-UHFFFAOYSA-N__ACDQAXPYPRYXIJ-UHFFFAOYSA-N,train_round4,C1=CC(=CN=C1)N2C=CC=C2C(=O)C3=CC(=CC(=C3)F)N4C=C(C=N4)C=O,C1=C(C(=O)C(=CN1)F)C=O,O=C(c1cc(F)cc(-n2cc(C(=O)C(O)c3c[nH]cc(F)c3=O)cn2)c1)c1cccn1-c1cccnc1,5.454705274266232,4.111,round4,mixed,37
SPIVRJOJZZRHRH-UHFFFAOYSA-N__SDFURBPAIZSWOK-UHFFFAOYSA-N,train_round4,CC(C)(C=O)SC1=C(C=NC=C1)C2=CC=C(C=C2)C(F)(F)F,C=CCN1N=C(C(=N1)C2=CC=CC=C2)C=O,C=CCn1nc(-c2ccccc2)c(C(O)C(=O)C(C)(C)Sc2ccncc2-c2ccc(C(F)(F)F)cc2)n1,5.570103995471484,0.1008,round4,train,38
ZVVOLAIHDHHWGV-UHFFFAOYSA-N__BNRJGUCVDZXVFV-UHFFFAOYSA-N,train_round4,CC(C)CC(=O)N(C)C(C)C=O,C1=CC(=CC=C1CC(C=O)C2=CC=C(S2)C#CC3=CC=C(C=C3)C(F)(F)F)C(F)(F)F,CC(C)CC(=O)N(C)C(C)C(=O)C(O)C(Cc1ccc(C(F)(F)F)cc1)c1ccc(C#Cc2ccc(C(F)(F)F)cc2)s1,3.470152417288827,-5.6588,round4,mixed,43
DTTRCAMJQGJPSC-ZNSHCXBVSA-N__RIQJZVVWEPWCFU-UHFFFAOYSA-N,train_round4,C[C@@]12CC[C@@H](O1)[C@]([Se][C@@H]2COC)(C)C=O,CC(CC=O)OC1=CC=CC=C1F,COCC1[Se]C(C)(C(=O)C(O)CC(C)Oc2ccccc2F)C2CCC1(C)O2,3.652743966809627,5.608,round4,train,28
JGLHGBUSDDCFKB-UHFFFAOYSA-N__OHYIYUFJOCTHQO-UHFFFAOYSA-N,train_round4,CN1CCN(CC1)CCCOC2=CC=CC=C2C=O,C1=CC2=C(C=C1C(F)(F)F)C=C(O2)C=O,CN1CCN(CCCOc2ccccc2C(=O)C(O)c2cc3cc(C(F)(F)F)ccc3o2)CC1,5.618120770092015,5.6869,round4,train,34
BKFBNMQPKDWFBW-UHFFFAOYSA-N__AJDNCBMRTIFABK-UHFFFAOYSA-N,train_round4,CNCCC=CC1=CC(=C(C=C1)F)C=O,C1=CC=C(C(=C1)C2=C(C3=C(C=CC(=C3N2)F)F)C=O)F,CNCCC=Cc1ccc(F)c(C(=O)C(O)c2c(-c3ccccc3F)[nH]c3c(F)ccc(F)c23)c1,5.818626484576519,4.9208,round4,train,35
VOSHXBUGEICXEV-UHFFFAOYSA-N__CKPGJRYCZQDXDI-UHFFFAOYSA-N,train_round4,CC1=CC=C(C=C1)S(=O)(=O)NCCCC=O,CCCCCCCCC(C=O)I,CCCCCCCCC(I)C(O)C(=O)CCCNS(=O)(=O)c1ccc(C)cc1,5.805349971721047,1.6766,round4,train,28
IPCBXDJNLALWBY-UHFFFAOYSA-N__CDMDPRCFRUTREL-UHFFFAOYSA-N,train_round4,CC(C)NC(=O)CC1=C(N=C2C=CC(=CC2=C1)C3=CC(=CC(=C3)C=O)Cl)C4=CC(=C(C=C4)F)OC,CS(=O)(=O)C(C=O)C1=NC2=CC=CC=C2N1,COc1cc(-c2nc3ccc(-c4cc(Cl)cc(C(=O)C(O)C(c5nc6ccccc6[nH]5)S(C)(=O)=O)c4)cc3cc2CC(=O)NC(C)C)ccc1F,3.3200073155237897,-4.5313,round4,mixed,51
PNNWWEIOSIXBMN-UHFFFAOYSA-N__HLDBNRAWXLRUHC-UHFFFAOYSA-N,train_round4,C1=CC=NC(=C1)SSCCC=O,CC(C)(C)OC(=O)NCC=CC1=CC(=C(C=C1F)C=O)F,CC(C)(C)OC(=O)NCC=Cc1cc(F)c(C(O)C(=O)CCSSc2ccccn2)cc1F,3.177064449062985,-1.6031,round4,train,33
TWSZQRWVEWQEET-UHFFFAOYSA-N__WKVDZYNPTGFSGI-UHFFFAOYSA-N,train_round4,CCCN(CC)C1=CC(=CC(=C1)C=O)F,COC1=CC(=CC(=C1O)C=O)C2=CC(=CC=C2)C(=O)O,CCCN(CC)c1cc(F)cc(C(=O)C(O)c2cc(-c3cccc(C(=O)O)c3)cc(OC)c2O)c1,5.792222104557157,6.6154,round4,train,35
JZWJESYDRFMWBT-UHFFFAOYSA-N__XBPWDZSVFFUYNO-UHFFFAOYSA-N,train_round4,C1=C(C=C(C(=C1CC(=O)O)F)OC(F)F)C=O,CC1=C(N=C(C=C1CN)C(F)F)C=O,Cc1c(CN)cc(C(F)F)nc1C(O)C(=O)c1cc(CC(=O)O)c(F)c(OC(F)F)c1,3.3159035974190787,0.2232,round4,train,31
GPCQLNRYPNWABA-UHFFFAOYSA-N__LDUDJCGEQHREIW-UHFFFAOYSA-N,train_round4,C1=CC=NC(=C1)N2C=C(C(=N2)C3=C(C=C(C=C3)F)F)C=O,COC(=O)C1=CC=CC=C1SC2=C(C=C(C=N2)F)C=O,COC(=O)c1ccccc1Sc1ncc(F)cc1C(O)C(=O)c1cn(-c2ccccn2)nc1-c1ccc(F)cc1F,3.491909869415339,1.4298,round4,train,41
PBMHFSHPRYVVGL-UHFFFAOYSA-N__CZDIXQVXFSXTDK-UHFFFAOYSA-N,train_round4,C1=CC=C(C(=C1)COC2=C(C=CC(=C2)C(F)(F)F)C3=CC=C(C=C3)C=O)C#N,COC1=C(C=C(C=C1)F)C2=NC3=CC=CC=C3C=C2C=O,COc1ccc(F)cc1-c1nc2ccccc2cc1C(O)C(=O)c1ccc(-c2ccc(C(F)(F)F)cc2OCc2ccccc2C#N)cc1,6.247091007825406,3.0972,round4,train,49
BQMNWHQHJVPPST-XMMPIXPASA-N__BKFWNTXDPDHTAL-UHFFFAOYSA-N,train_round4,CC1=CC=C(C=C1)[C@](C=O)(C2=CC=C(C=C2)O)C3=C(C4=CC=CC=C4N3)C,C1=CC=C(C=C1)OC2=C(C=CC=C2F)C=O,Cc1ccc(C(C(=O)C(O)c2cccc(F)c2Oc2ccccc2)(c2ccc(O)cc2)c2[nH]c3ccccc3c2C)cc1,4.054509178497552,0.8828,round4,train,43
YMBTUSAHKTUQFE-MDJBTPMJSA-N__OPYBCEAZEDTVOQ-UHFFFAOYSA-N,train_round4,CC(C)C1=NC=CN1/C(=C(\COC2=CC=CC(=C2C=O)O)/C=C)/N=C(\C)/F,C1=CC(=C(C=C1F)C2=C(C=CS2)Br)C=O,C=CC(COc1cccc(O)c1C(=O)C(O)c1ccc(F)cc1-c1sccc1Br)=C(N=C(C)F)n1ccnc1C(C)C,6.865250756505487,1.7132,round4,mixed,42
JCNHOGWWRJDWGS-ONEGZZNKSA-N__BBELXENRRZQYOQ-UHFFFAOYSA-N,train_round4,CCOC(=O)/C=C/COC1=C(C=C(C=C1)Br)C=O,C1C2=CC=CC=C2CN1C(C=O)C(C3=CC=C(C=C3)F)N,CCOC(=O)C=CCOc1ccc(Br)cc1C(=O)C(O)C(C(N)c1ccc(F)cc1)N1Cc2ccccc2C1,5.152302727037674,3.7462,round4,mixed,39
XARQTWIDWWDPEH-UHFFFAOYSA-N__SJTAIWFRPWMYTO-UHFFFAOYSA-N,train_round4,CCS(=O)(=O)C1=C(C=CC=C1F)C=O,COC1=C(C(=CC(=C1)C2=C(C=CC(=C2F)C=O)C3=NC=CS3)Br)OC,CCS(=O)(=O)c1c(F)cccc1C(=O)C(O)c1ccc(-c2nccs2)c(-c2cc(Br)c(OC)c(OC)c2)c1F,4.904397373775892,-0.4407,round4,train,39
MDJCNWDVKLICLX-UHFFFAOYSA-N__GREZMXSCBIBZEE-UHFFFAOYSA-N,train_round4,C1CCC(C1)OC2=C(C=CC(=C2)OC(F)F)C=O,C1=C(C(=C(C(=N1)F)C=O)CBr)C(F)F,O=C(c1ccc(OC(F)F)cc1OC1CCCC1)C(O)c1c(F)ncc(C(F)F)c1CBr,5.049455501794841,5.5647,round4,train,32
SVUJRGIZGQQCQY-UHFFFAOYSA-N__CKILGBUFTWALGY-UHFFFAOYSA-N,train_round4,CC(=O)CCC(C=O)C1=CC=CC=C1,CC1(C2=C(C=CC(=C2)F)N(C1=O)C3=CN=CC(=C3)C=O)O,CC(=O)CCC(C(=O)C(O)c1cncc(N2C(=O)C(C)(O)c3cc(F)ccc32)c1)c1ccccc1,6.007840314884932,1.5228,round4,mixed,35
ZSHOFJBZBZVUEN-UHFFFAOYSA-N__GFPYSRHDFPNFPK-UHFFFAOYSA-N,train_round4,CC1=C(C=C(N=C1C(F)F)CN)C=O,CC1=CC(=C(C=C1[N+](=O)[O-])O)C=O,Cc1cc(C(O)C(=O)c2cc(CN)nc(C(F)F)c2C)c(O)cc1[N+](=O)[O-],3.303990197720992,1.1246,round4,train,27
HBXSYPWYBOOMBZ-UHFFFAOYSA-N__YDBKSMPWVFAXNJ-UHFFFAOYSA-N,train_round4,C1=CC(=C(C(=C1)Cl)F)CN2C=CC3=C2C=C(C=C3)C=O,CC1=NC=CC(=C1)OC2=C(C=C(C=C2F)C=O)F,Cc1cc(Oc2c(F)cc(C(O)C(=O)c3ccc4ccn(Cc5cccc(Cl)c5F)c4c3)cc2F)ccn1,3.825247052902093,4.3579,round4,train,38
AMOUVSGSQKDIQI-UHFFFAOYSA-N__BXGFTLKFAMDRSG-UHFFFAOYSA-N,train_round4,C1CSC2=NC(=C(N21)C=O)C3=CC(=CC=C3)C(F)(F)F,CC1=CC(=C2C=CC(=CC2=N1)C(F)(F)F)C=O,Cc1cc(C(O)C(=O)c2c(-c3cccc(C(F)(F)F)c3)nc3n2CCS3)c2ccc(C(F)(F)F)cc2n1,3.272789357580391,0.9909,round4,train,37
ZREKDVHZHDQKEQ-UHFFFAOYSA-N__JZZSPMXENRWUNH-UHFFFAOYSA-N,train_round4,C1=CC(=CC(=C1)NS(=O)(=O)C2=CC=C(C=C2)F)C3=CC=C(O3)C=O,C1=CC(=CC=C1C2=C(C=C(C=C2)C=O)[N+](=O)[O-])C(F)(F)F,O=C(c1ccc(-c2cccc(NS(=O)(=O)c3ccc(F)cc3)c2)o1)C(O)c1ccc(-c2ccc(C(F)(F)F)cc2)c([N+](=O)[O-])c1,3.522914475022204,4.4167,round4,mixed,45
JGVOBGSHTSXKGT-KRWDZBQOSA-N__ORQWHNBRKXYWSU-UHFFFAOYSA-N,train_round4,C[C@@H](C1=CC(=C(C=C1)C2=NC3=C(S2)N=C(C=C3)C4(CC4)C5=CC=CC=C5)F)N6CC(C6)C=O,C1CCN(CC1)S(=O)(=O)C2=CC3=C(C=C2)NC(=C3C=O)C4=CC=C(C=C4)F,CC(c1ccc(-c2nc3ccc(C4(c5ccccc5)CC4)nc3s2)c(F)c1)N1CC(C(=O)C(O)c2c(-c3ccc(F)cc3)[nH]c3ccc(S(=O)(=O)N4CCCCC4)cc23)C1,4.163262349803021,5.2783,round4,mixed,60
IYFYRIOKYLNVEA-UHFFFAOYSA-N__IQDFTINOHKMXCG-UHFFFAOYSA-N,train_round4,C1CC1(COC2=C(C=CC=N2)C(F)(F)F)C=O,CC(C)C(C=O)NC1=NC(=NC=C1F)Cl,CC(C)C(Nc1nc(Cl)ncc1F)C(O)C(=O)C1(COc2ncccc2C(F)(F)F)CC1,4.053896612738348,3.869,round4,train,32
IFEAAHGSBUKGCS-UHFFFAOYSA-N__OZLAHUVAOGTVKY-UHFFFAOYSA-N,train_round4,C1=CC=C2C(=C1)N=CC(N2F)(C=O)F,C1=CC(=CN=C1)COC2=CC=C(C=C2)C=O,O=C(C(O)c1ccc(OCc2cccnc2)cc1)C1(F)C=Nc2ccccc2N1F,4.616063442313217,6.485,round4,train,30
AXOQULMFLPZVSS-UHFFFAOYSA-N__MHHRAGOIMAHYCK-UHFFFAOYSA-N,train_round4,C1=CC=C(C=C1)C2=NC(=C(N2CC3=CC=CC=C3F)C=O)Cl,CCCC(C(=O)OCC)N1C=C(C=C(C1=O)F)CC=O,CCCC(C(=O)OCC)n1cc(CC(O)C(=O)c2c(Cl)nc(-c3ccccc3)n2Cc2ccccc2F)cc(F)c1=O,4.393960015053265,3.0155,round4,train,42
RVQQGNCSCSFPDX-UHFFFAOYSA-N__NGZVJCBYOAJBCC-UHFFFAOYSA-N,train_round4,C1CC(OC1)N2CCN(C(C2)C=O)S(=O)(=O)C3=CC(=CC(=C3)C(F)(F)F)C(F)(F)F,CC1=C(C2=C(C=C1)C=C(C(=O)C2=O)C(C)C)CCC=O,Cc1ccc2c(c1CCC(O)C(=O)C1CN(C3CCCO3)CCN1S(=O)(=O)c1cc(C(F)(F)F)cc(C(F)(F)F)c1)C(=O)C(=O)C(C(C)C)=C2,7.111014246897085,5.4987,round4,train,50
WMNOVYXFUHQSHB-UHFFFAOYSA-N__GBPXOXTYHRFIGH-UHFFFAOYSA-N,train_round4,CC1=C(C=CC2=C1N=C(N2)C=O)CC3=C(C=CC=C3F)F,CC(C)(C)[Si](C)(C)OCCN1C(=C(C=N1)F)C=O,Cc1c(Cc2c(F)cccc2F)ccc2[nH]c(C(=O)C(O)c3c(F)cnn3CCO[Si](C)(C)C(C)(C)C)nc12,5.308532451233329,3.3496,round4,mixed,39
HNSWQKJBIUPCNT-AZUAARDMSA-N__RIJFEOICYLBHNO-UHFFFAOYSA-N,train_round4,CC1=CC=C(C=C1)S(=O)(=O)N2CCC[C@@H]2C(=O)N[C@@H](CC3=CC=CC=C3)C=O,C1COC2(O1)C3CC4CC2(CC4(C3)C=O)Br,Cc1ccc(S(=O)(=O)N2CCCC2C(=O)NC(Cc2ccccc2)C(=O)C(O)C23CC4CC2CC(Br)(C3)C42OCCO2)cc1,6.7156789831666766,5.0698,round4,train,44
DOSVTJCLBKKSEB-UHFFFAOYSA-N__XERBEQGEKDJAMR-UHFFFAOYSA-N,train_round4,CC1=CC(=CC(=C1)C2=C(C=CC(=C2)C(F)(F)F)C(F)(F)F)C=O,CC(C)(CC1=C(C(=CC=C1)F)F)C=O,Cc1cc(C(=O)C(O)C(C)(C)Cc2cccc(F)c2F)cc(-c2cc(C(F)(F)F)ccc2C(F)(F)F)c1,5.299580358989911,4.6171,round4,train,37
KBWTZIKGIPYAAL-UHFFFAOYSA-N__NGUMTZDZAPHQJM-UHFFFAOYSA-N,train_round4,C1=CC2=C(C(=C1)F)NC(=C2C=O)C3=CN=CC=C3,COC1=CC=CC=C1N2C(=C(N=N2)C=O)C3=CC(=C(C=C3)F)F,COc1ccccc1-n1nnc(C(O)C(=O)c2c(-c3cccnc3)[nH]c3c(F)cccc23)c1-c1ccc(F)c(F)c1,4.070885227067554,-0.0413,round4,train,41
RRRANKAAMRHRNT-UHFFFAOYSA-N__FQZGNSGWDWBJNB-AKGZTFGVSA-N,train_round4,CN1C(=NN=N1)C2=CC(=C(C=C2)OC)C=O,CC(C=O)[C@H](CO)C(F)(F)F,COc1ccc(-c2nnnn2C)cc1C(=O)C(O)C(C)C(CO)C(F)(F)F,3.120416052307136,2.8976,round4,mixed,27
HZIOQPGGEZRWOU-UHFFFAOYSA-N__WETCYLZJPYQRMI-UHFFFAOYSA-N,train_round4,COC1=C(C(=NC=C1OC(F)(F)F)C=O)CCl,C1CC1(CC#N)C=O,COc1c(OC(F)(F)F)cnc(C(=O)C(O)C2(CC#N)CC2)c1CCl,7.083141632691408,3.9313,round4,train,25
FFUMLBBKSICARH-UHFFFAOYSA-N__XNTVMGSAAXIKFK-UHFFFAOYSA-N,train_round4,C1=CC(=C(C(=C1)S)C=O)F,C1=C(C(=C(C(=N1)CN)C=O)F)C(F)F,NCc1ncc(C(F)F)c(F)c1C(O)C(=O)c1c(F)cccc1S,4.190897858929591,7.3987,round4,train,24
MJPDRZNCPYMJSA-UHFFFAOYSA-N__SVZCQUDXPCOUAO-UHFFFAOYSA-N,train_round4,CC(C)C1=C(C(=CC(=C1)C=O)Cl)O,C1=C(N=C(S1)NC(=O)OCC(Cl)(Cl)Cl)C=O,CC(C)c1cc(C(=O)C(O)c2csc(NC(=O)OCC(Cl)(Cl)Cl)n2)cc(Cl)c1O,4.12131385985334,1.2765,round4,train,29
VJUBMORWJMSGDS-JNRDVGFFSA-N__DRWDATBDBOGZQY-UHFFFAOYSA-N,train_round4,CC1=C2[C@H]([C@@H](CC2=O)C=O)[C@@H]3[C@@H]([C@H](C1)OC(=O)CC4=CC=C(C=C4)O)C(=C)C(=O)O3,CC1=C(C=CC(=C1)F)OC2=C(C=C(C=C2)[N+](=O)[O-])C=O,C=C1C(=O)OC2C1C(OC(=O)Cc1ccc(O)cc1)CC(C)=C1C(=O)CC(C(=O)C(O)c3cc([N+](=O)[O-])ccc3Oc3ccc(F)cc3C)C12,4.0951712991152105,-1.9942,round4,mixed,50
PGFMIUDNUNIEQD-UHFFFAOYSA-N__JRAXWRBFGFPXMC-UHFFFAOYSA-N,train_round4,CC(=O)OCCN1C=C(C2=C1N=CC=C2)C=O,C1=CC(=NC=C1C2=CC(=CC(=C2)C=O)C(F)F)C(F)(F)F,CC(=O)OCCn1cc(C(=O)C(O)c2cc(-c3ccc(C(F)(F)F)nc3)cc(C(F)F)c2)c2cccnc21,4.364054388852956,2.6611,round4,train,38
AVSCJEISQYWDBG-UHFFFAOYSA-N__CBJUKEPRIUWUPW-UHFFFAOYSA-N,train_round4,C1=C(C(=CN=C1F)C=O)C(F)(F)F,CC1=C(C=C(N=C1)C=O)C(C2=C(C=CC(=C2)F)F)S(=O)(=O)C3=CC=C(C=C3)Cl,Cc1cnc(C(O)C(=O)c2cnc(F)cc2C(F)(F)F)cc1C(c1cc(F)ccc1F)S(=O)(=O)c1ccc(Cl)cc1,4.279445146005786,2.3854,round4,train,41
QRLYMYMYTNVSBG-IJLUTSLNSA-N__BECZOABPVVODQA-UHFFFAOYSA-N,train_round4,C1[C@H]([C@H](O[C@H]1C2=CC(=C(C=C2)C=O)O)CO)O,C1CN(CC2=C1SC=C2)C3=C(C=C(C=C3)C=O)F,O=C(c1ccc(C2CC(O)C(CO)O2)cc1O)C(O)c1ccc(N2CCc3sccc3C2)c(F)c1,5.650699250408859,3.4223,round4,mixed,35
DZCUIZBUFITLMP-UHFFFAOYSA-N__BBVAEBOCBLBQSI-UHFFFAOYSA-N,train_round4,CC1=CC(=CC(=C1)C(F)(F)F)C2(CCCC2)C=O,CC1=C(C(=C(C=C1)F)C=O)C=CCCNC(=O)OC(C)(C)C,Cc1cc(C(F)(F)F)cc(C2(C(=O)C(O)c3c(F)ccc(C)c3C=CCCNC(=O)OC(C)(C)C)CCCC2)c1,3.0350823549367267,3.6543,round4,train,40
RCELFAWGRFWHNH-AZUAARDMSA-N__FMBJUHVUFUCTJT-UHFFFAOYSA-N,train_round4,CC1=CC(=CC(=C1[C@@H]([C@H](CC2=C(C=C(C=C2)C=O)F)N(C)C)Cl)C)O,C1=CC=C2C=C(C=CC2=C1)C#CC3=CC=CC(=C3)C=O,Cc1cc(O)cc(C)c1C(Cl)C(Cc1ccc(C(=O)C(O)c2cccc(C#Cc3ccc4ccccc4c3)c2)cc1F)N(C)C,4.173569178654458,7.8044,round4,train,45
UZBFYXVGMYJQJI-UHFFFAOYSA-N__MHKJWZKGHUPRCR-UHFFFAOYSA-N,train_round4,C1=CC2=C(C=C1C=O)C3=C(N2)C=CC(=C3)F,CCCCC1=NC=C(N1CC2=CC=C(C=C2)NS(=O)(=O)C(F)(F)F)C=O,CCCCc1ncc(C(O)C(=O)c2ccc3[nH]c4ccc(F)cc4c3c2)n1Cc1ccc(NS(=O)(=O)C(F)(F)F)cc1,7.035345755941625,5.6127,round4,train,42
NASCQKJOQMLKII-UHFFFAOYSA-N__BZOWIADSJYMJJJ-UHFFFAOYSA-N,train_round4,C1=CC(=C2C(=C1)SC(=C2F)I)C=O,COC(=O)C1=CN=C(C=C1)C=O,COC(=O)c1ccc(C(O)C(=O)c2cccc3sc(I)c(F)c23)nc1,4.2138820319487404,2.5269,round4,train,25
OWWHXUVATABNJV-UHFFFAOYSA-N__PTHNSEXHXBVQCD-UHFFFAOYSA-N,train_round4,CCC1=CC(=C(C(=C1)F)C(CCC=O)C(=O)NC)F,CCOC(=O)CC1CN(C2=C(O1)C=C3C=C(NC3=C2C=O)C(=O)OCC)CC4=CC=CC=C4,CCOC(=O)CC1CN(Cc2ccccc2)c2c(cc3cc(C(=O)OCC)[nH]c3c2C(O)C(=O)CCC(C(=O)NC)c2c(F)cc(CC)cc2F)O1,6.305829335242381,-2.5812,round4,mixed,52
DFQCPAIVCKAARB-UHFFFAOYSA-N__GFSILNQEOKMVCY-UHFFFAOYSA-N,train_round4,CC(=O)C1=C(C(=C(C=C1)C=O)OC)C(F)(F)F,C1=CC(=C(C=C1CO)C=O)F,COc1c(C(=O)C(O)c2cc(CO)ccc2F)ccc(C(C)=O)c1C(F)(F)F,3.511924333746964,2.9136,round4,train,28
HNTHUYYBEKZMPI-UHFFFAOYSA-N__QGMVZGMVXTWMNB-UHFFFAOYSA-N,train_round4,C1COCCN1C2=C(N=C(C(=N2)N3CCOCC3)Cl)C=O,CC1=C(N=C(S1)C2=C(C=C(C=C2)F)Cl)C=O,Cc1sc(-c2ccc(F)cc2Cl)nc1C(O)C(=O)c1nc(Cl)c(N2CCOCC2)nc1N1CCOCC1,5.186651303757111,-0.6458,round4,mixed,37
AYONTZGQIVZZFF-ZJUUUORDSA-N__RPYOPAAXKAXVEX-UHFFFAOYSA-N,train_round4,C=CC[C@@H]1CCCC[C@H]1C=O,CC(C=O)(C1=CN=CC=C1)C2=CN=CC=C2,C=CCC1CCCCC1C(=O)C(O)C(C)(c1cccnc1)c1cccnc1,3.80824371487084,3.3652,round4,mixed,27
UMHGFFAORKOGIN-HSZRJFAPSA-N__HUEQJPMZVCQZAU-JSGCOSHPSA-N,train_round4,CC1=C(C=C(C=C1)[C@@H](CCCOC2=CC=C(C=C2)C=O)C3=CC(=C(C=C3)F)F)C,C[C@@]1([C@@H](CCCC12OCCO2)C3=CC=CO3)CC=O,Cc1ccc(C(CCCOc2ccc(C(=O)C(O)CC3(C)C(c4ccco4)CCCC34OCCO4)cc2)c2ccc(F)c(F)c2)cc1C,5.469425195316791,4.0472,round4,mixed,48
WDXYRJRFAINXRJ-UHFFFAOYSA-N__NMMAUAUQBFTIAK-UHFFFAOYSA-N,train_round4,C1CCN(C1)C2=NC=C(C=C2)C3(CCN(CC3)C(=O)C4=CC(=C(C(=C4)F)O)C=O)O,C1CN(CC2=C(N(N=C21)CCCC#CC(F)(F)F)C=O)C(=O)O,O=C(c1cc(C(=O)N2CCC(O)(c3ccc(N4CCCC4)nc3)CC2)cc(F)c1O)C(O)c1c2c(nn1CCCC#CC(F)(F)F)CCN(C(=O)O)C2,6.908639404276871,-0.561,round4,mixed,53
XQKWOIFPSWLDAX-UHFFFAOYSA-N__RBZAWHJDFHDHPT-UHFFFAOYSA-N,train_round4,COC1=C(C=C2C(=C1)C(=NC(=N2)N3CCN(CC3)C(=O)C4=CC=C(C=C4)C=O)N)OC,COC1=C(C=C(C=C1)[N+](=O)[O-])OC2=C(C=C(C=C2)C=O)F,COc1cc2nc(N3CCN(C(=O)c4ccc(C(=O)C(O)c5ccc(Oc6cc([N+](=O)[O-])ccc6OC)c(F)c5)cc4)CC3)nc(N)c2cc1OC,4.958607488333271,5.6732,round4,mixed,52
PMGCNTKZBHTWFS-UHFFFAOYSA-N__VTWYYHGOPIRKII-UHFFFAOYSA-N,train_round4,CC1=CC(=C(C=C1)C=O)C2=CC=C(C=C2)C(F)F,C1=C(C(=C(C=N1)F)OC(F)F)C=O,Cc1ccc(C(=O)C(O)c2cncc(F)c2OC(F)F)c(-c2ccc(C(F)F)cc2)c1,4.950895585821542,0.3962,round4,train,31
URYKMJDLBWLVSD-UHFFFAOYSA-N__AISNRGNZCVTMRQ-MDZDMXLPSA-N,train_round4,C1=CC(=C(C=C1C=O)COC=O)F,CCC(C)C(CC=O)/C=C/C1=CC=CC=C1,CCC(C)C(C=Cc1ccccc1)CC(O)C(=O)c1ccc(F)c(COC=O)c1,4.6596126406378895,1.7137,round4,train,29
UZQCLWUMBJAMRY-LMNJBCLMSA-N__DRDWPUWYFVHYQT-UHFFFAOYSA-N,train_round4,C[C@@]1([C@@H](N2[C@H](S1)CC2=O)C(=O)OC(C3=CC=CC=C3)C4=CC=CC=C4)C=O,C1=CC(=C2C(=C1)N(C(=N2)C(F)(F)F)C(C=O)C3=CC=NC=C3)NC(=O)C4=C(C=CC=C4Cl)Cl,CC1(C(=O)C(O)C(c2ccncc2)n2c(C(F)(F)F)nc3c(NC(=O)c4c(Cl)cccc4Cl)cccc32)SC2CC(=O)N2C1C(=O)OC(c1ccccc1)c1ccccc1,4.127108233899622,1.8064,round4,train,60
XCIROEJXCYBJRD-UHFFFAOYSA-N__HMUVTUUGJJNTRR-UHFFFAOYSA-N,train_round4,COC1=C(C=CC(=C1F)OC(F)(F)F)OC2=CC(=C(C(=C2C(=O)OC)OC)C=O)Cl,CC(CSC1=CC=C(C=C1)F)C=O,COC(=O)c1c(Oc2ccc(OC(F)(F)F)c(F)c2OC)cc(Cl)c(C(=O)C(O)C(C)CSc2ccc(F)cc2)c1OC,4.25267333268418,3.3584,round4,train,43
GWKAJEJSZOWTJM-UHFFFAOYSA-N__WQOUZMDZBBHBSG-UHFFFAOYSA-N,train_round4,CC1=CC=C(C=C1)CC2=C(N3C=C(C=CC3=N2)F)C=O,C1=CC(=CC(=C1)F)N2C=C(C(=N2)C3=CC=C(S3)Cl)C=O,Cc1ccc(Cc2nc3ccc(F)cn3c2C(=O)C(O)c2cn(-c3cccc(F)c3)nc2-c2ccc(Cl)s2)cc1,5.729654944943271,3.5637,round4,train,40
SIFYFUKHBHNCSX-UHFFFAOYSA-N__DSRIVYOUXNKABQ-UHFFFAOYSA-N,train_round4,C1=CC(=C(C=C1OS(=O)(=O)C(F)(F)F)C=O)NO,COC(=O)C1=CC(=C(C=C1C=O)C#N)SC(F)(F)F,COC(=O)c1cc(SC(F)(F)F)c(C#N)cc1C(O)C(=O)c1cc(OS(=O)(=O)C(F)(F)F)ccc1NO,3.6642017384520695,11.2845,round4,train,37
VARPXINPZZMLRM-UHFFFAOYSA-N__SYDKUTWLJXVLEA-UHFFFAOYSA-N,train_round4,CCC1=C(C=CC=C1C#N)C=O,CC1=CN=C(N=C1C=O)C(CN2C=C(C=C2C3=CC=CC=C3F)CNC)N,CCc1c(C#N)cccc1C(=O)C(O)c1nc(C(N)Cn2cc(CNC)cc2-c2ccccc2F)ncc1C,7.043239301334583,-2.0147,round4,mixed,39
OPVXVYUFBFARTQ-UHFFFAOYSA-N__KVRDNQUZCVQZHS-UHFFFAOYSA-N,train_round4,CN(C)CCN1C(=C(C(=N1)C2=CC=C(C=C2)F)C=O)N,C1CC2=C(C1)N=C(N=C2C(F)(F)F)SC3=C(C=C(O3)C=O)Br,CN(C)CCn1nc(-c2ccc(F)cc2)c(C(=O)C(O)c2cc(Br)c(Sc3nc4c(c(C(F)(F)F)n3)CCC4)o2)c1N,6.383546051105606,2.9226,round4,mixed,42
FSYRMDIFCLMUGS-UHFFFAOYSA-N__JFTXQDIZIOMECU-UHFFFAOYSA-N,train_round4,C1=CC=C(C=C1)C2=C(C=C3C(=C2)C(=CN3)C=O)F,C1=CC(=C(C=C1F)F)NC(=O)CN2C=C(C3=C2C=CC(=C3)Br)C=O,O=C(Cn1cc(C(O)C(=O)c2c[nH]c3cc(F)c(-c4ccccc4)cc23)c2cc(Br)ccc21)Nc1ccc(F)cc1F,6.591000006279581,5.6578,round4,train,42
DSNQRJKVMFZFGS-UHFFFAOYSA-N__ZWCQCWGXEZSYBY-UHFFFAOYSA-N,train_round4,CCOC(=O)C1=C(C=CC(=C1)NC(=O)CN2C(=C(C3=CC=CC=C32)C=O)C)Cl,COC1=C(C=C(C(=C1)F)C=O)O,CCOC(=O)c1cc(NC(=O)Cn2c(C)c(C(=O)C(O)c3cc(O)c(OC)cc3F)c3ccccc32)ccc1Cl,7.01125751529259,7.687,round4,train,40
BVAWFHULYNCRFX-HKWRFOASSA-N__SCGFWYIQSUXRIW-UHFFFAOYSA-N,train_round4,CCN(CC)CCNC(=O)C1=C(NC(=C1C)/C=C\2/C3=C(C=CC(=C3)F)N(C2=O)CCC=O)C,CC(C)(C)OC(=O)NCCC#CC1=C(C=C(C=C1)C=O)C(F)(F)F,CCN(CC)CCNC(=O)c1c(C)[nH]c(C=C2C(=O)N(CCC(=O)C(O)c3ccc(C#CCCNC(=O)OC(C)(C)C)c(C(F)(F)F)c3)c3ccc(F)cc32)c1C,7.0057687984779005,-6.5738,round4,train,57
ZMNQSCRRSLWYFU-UHFFFAOYSA-N__KVNRHPYNSRUMLN-UHFFFAOYSA-N,train_round4,CC1=CC(=C(C=C1C(F)(F)F)[N+](=O)[O-])C2=CC=C(O2)C=O,C1CCC(C1)C(CF)C2=CC=CC=C2C=O,Cc1cc(-c2ccc(C(=O)C(O)c3ccccc3C(CF)C3CCCC3)o2)c([N+](=O)[O-])cc1C(F)(F)F,5.783601932921839,1.159,round4,train,37
RSQNYHUMVZVZFA-UHFFFAOYSA-N__DVZTVIVLAFIUFZ-RRKCRQDMSA-N,train_round4,CC1=CC(=C(C=C1)N(CCC#N)CC2=C(C(=C(C(=C2F)F)F)F)F)C=O,C1C=C[C@H]2[C@@H]1[C@@H]2C=O,Cc1ccc(N(CCC#N)Cc2c(F)c(F)c(F)c(F)c2F)c(C(=O)C(O)C2C3C=CCC32)c1,4.781265578651061,2.5048,round4,mixed,34
GXDMCUOKZICWEO-UHFFFAOYSA-N__NOUJNCZVYBJMIO-JKSUJKDBSA-N,train_round4,C1=CC=C2C(=C1)C(=O)N3C(=N2)C(=CN3)C=O,CC(C)([C@H]1CCC[C@H](O1)CC=O)C(=O)OCC2=CC=CC=C2,CC(C)(C(=O)OCc1ccccc1)C1CCCC(CC(O)C(=O)c2c[nH]n3c(=O)c4ccccc4nc23)O1,3.790509256917853,-1.0585,round4,mixed,38
UHZOXHRUOLVNCJ-UHFFFAOYSA-N__BMSISCUZCNYDMK-UHFFFAOYSA-N,train_round4,COC1=C(C=CC(=C1)CNC(=O)COC2=C(C=C(C=C2)C=O)OC)OC(F)F,CC(CCCCCC=C)C=O,C=CCCCCCC(C)C(O)C(=O)c1ccc(OCC(=O)NCc2ccc(OC(F)F)c(OC)c2)c(OC)c1,3.7145866101202087,6.8013,round4,train,39
ZXUCRQAVUJESOG-UHFFFAOYSA-N__RHZMWSRLHLTVOH-UHFFFAOYSA-N,train_round4,CC1=CC(=C(C(=C1)F)C2=CC(=C(C=C2C=O)OC)OC)C,C1=CC(=C(C(=C1C(F)(F)F)Cl)C=O)Br,COc1cc(C(=O)C(O)c2c(Br)ccc(C(F)(F)F)c2Cl)c(-c2c(C)cc(C)cc2F)cc1OC,7.164345065184166,2.5453,round4,train,35
KQWYKJSWCFJJFS-UHFFFAOYSA-N__QXIUMHDHJLQPMV-UHFFFAOYSA-N,train_round4,CC1=CC=C(C=C1)N2C(=C(C(=N2)C)C=O)Cl,CC1=C(C=C(C=N1)C=O)C(F)(F)F,Cc1ccc(-n2nc(C)c(C(=O)C(O)c3cnc(C)c(C(F)(F)F)c3)c2Cl)cc1,5.0084023886960845,6.2619,round4,train,29
IWYLBFYTWFHUDR-UHFFFAOYSA-N__OQUGQLWJRJXLOV-UHFFFAOYSA-N,train_round4,C1=C(C(=C(N=C1OC(F)(F)F)C=O)C(F)(F)F)CBr,CCCC(CC=O)SC(=O)C,CCCC(CC(O)C(=O)c1nc(OC(F)(F)F)cc(CBr)c1C(F)(F)F)SC(C)=O,4.451134173437113,3.6158,round4,mixed,30
ICQQXIOUGCNISQ-UHFFFAOYSA-N__ACUPXNVLUHGAOX-UHFFFAOYSA-N,train_round4,COCC1=C(C=C(O1)C2=CC=C(C=C2)F)C=O,C[Si](C)(C)CC(C=O)(C1=CC=C(C=C1)F)N2C3=CC=CC=C3N=N2,COCc1oc(-c2ccc(F)cc2)cc1C(=O)C(O)C(C[Si](C)(C)C)(c1ccc(F)cc1)n1nnc2ccccc21,6.808161771501665,4.222,round4,mixed,41
PDMSIVBFYOUHJK-UHFFFAOYSA-N__GSKQZZVIQOVSJI-UHFFFAOYSA-N,train_round4,CC(=O)NC1=C(C(=CC(=C1)Cl)F)C=O,CC(C)CC(C(=O)N1CC(CC1C#N)C=O)NC(=C)C2=CC3=C(N2)C=CC=C3F,C=C(NC(CC(C)C)C(=O)N1CC(C(O)C(=O)c2c(F)cc(Cl)cc2NC(C)=O)CC1C#N)c1cc2c(F)cccc2[nH]1,4.877846976928021,6.9137,round4,mixed,43
BJHVKJUCCSIQGZ-UHFFFAOYSA-N__YYNRGHKSYVJTKX-LURJTMIESA-N,train_round4,CC1=C(C=CC(=C1)F)N2C=CC=C2C=O,CC(C)(C=O)[C@H]1CC(=O)N(C1=O)C,Cc1cc(F)ccc1-n1cccc1C(=O)C(O)C(C)(C)C1CC(=O)N(C)C1=O,5.195023873230975,4.8091,round4,train,28
QYJHWIXEYHKVQK-UHFFFAOYSA-N__RXJOUIDPKJGSMI-UHFFFAOYSA-N,train_round4,C1CCC2=C(SC(=C2C1)C=O)F,C1=CC(=C(C(=C1C=O)C(C(=O)O)O)[N+](=O)[O-])F,O=C(c1sc(F)c2c1CCCC2)C(O)c1ccc(F)c([N+](=O)[O-])c1C(O)C(=O)O,4.416928461550064,1.531,round4,mixed,29
DHOFARITZGWDSN-UHFFFAOYSA-N__HMLXOAYCGCWQKE-UHFFFAOYSA-N,train_round4,C1CC(C1)COC2=C(C(=C(C(=C2)O)Cl)F)C=O,C1=CC=C(C(=C1)C=O)NC(=O)CF,O=C(CF)Nc1ccccc1C(O)C(=O)c1c(OCC2CCC2)cc(O)c(Cl)c1F,7.014130489024381,6.2326,round4,train,30
PLDDJIHJHBOTBE-UHFFFAOYSA-N__NSKJVUMJFRCXRO-UHFFFAOYSA-N,train_round4,C1=CC(=NC(=C1)C2=CC=C(C=C2)C(F)(F)F)C=O,C1=C(C(=NC(=C1O)C=O)CN)C(F)F,NCc1nc(C(O)C(=O)c2cccc(-c3ccc(C(F)(F)F)cc3)n2)c(O)cc1C(F)F,6.133479848946439,3.3365,round4,train,32
KNQXLVJYXSCYJU-UHFFFAOYSA-N__UWBMFJGQMFLAFQ-UHFFFAOYSA-N,train_round4,CC1=CC2=C(C=C1C3=C(C(=C(C(=C3)C=O)F)F)OC)C(CCC2(C)C)(C)C,COC1=C(NC(=O)C=C1C(F)F)C=O,COc1c(C(F)F)cc(=O)[nH]c1C(O)C(=O)c1cc(-c2cc3c(cc2C)C(C)(C)CCC3(C)C)c(OC)c(F)c1F,3.836596832704388,4.5747,round4,train,41
KFTJQFGSFDGFRJ-UHFFFAOYSA-N__PEAHHZXZFDBIMJ-UHFFFAOYSA-N,train_round4,CC(C=O)N1C2=C(CN(CC2)S(=O)(=O)C)C(=N1)C3=CC=C(C=C3)C(F)(F)F,C1=C(C=C(C(=C1C(F)(F)F)C(F)(F)F)S(=O)(=O)N)C=O,CC(C(=O)C(O)c1cc(C(F)(F)F)c(C(F)(F)F)c(S(N)(=O)=O)c1)n1nc(-c2ccc(C(F)(F)F)cc2)c2c1CCN(S(C)(=O)=O)C2,4.539513698599814,-0.006,round4,mixed,47
DRNKWVQIINTQRP-UHFFFAOYSA-N__LRPGAKCRXNPSBY-UHFFFAOYSA-N,train_round4,CC1=CC(=C(C=C1)F)C2=NN(C=C2C=O)C3=NC=CC=N3,C1=CC=C(C(=C1)COC2=CC=C(C=C2)CC=O)C(F)(F)F,Cc1ccc(F)c(-c2nn(-c3ncccn3)cc2C(=O)C(O)Cc2ccc(OCc3ccccc3C(F)(F)F)cc2)c1,3.703562173417868,1.0383,round4,train,42
KUPXTNXYMJCETN-UHFFFAOYSA-N__LSFDENHUCMXFKP-XZATXCMXSA-N,train_round4,CCCOC1=CC(=C(C=C1)F)C=O,C[C@@H]1CC2=C(CC3=CC=CC=C23)C(N1CC(C)(C)F)C4=C(C=C(C=C4F)OCCCCC=O)F,CCCOc1ccc(F)c(C(=O)C(O)CCCCOc2cc(F)c(C3C4=C(CC(C)N3CC(C)(C)F)c3ccccc3C4)c(F)c2)c1,4.2945784919791645,4.8248,round4,mixed,47
MHHLFCCRSJXGIE-UHFFFAOYSA-N__FYQANNUGKJDCAC-UHFFFAOYSA-N,train_round4,C1CC(OC1)CC(C=O)(F)F,CC(C)(C)OC(=O)N(CC1=C(N=CC(=C1)F)OC)C2=NC(=C(C=C2)C=O)Cl,COc1ncc(F)cc1CN(C(=O)OC(C)(C)C)c1ccc(C(O)C(=O)C(F)(F)CC2CCCO2)c(Cl)n1,3.227546155205555,2.8402,round4,train,38
SNQIFJSRGKYFMH-CMDGGOBGSA-N__RXOSOBBNZFRBJE-UHFFFAOYSA-N,train_round4,CC1=C(C=C(C=C1)C=O)/C=C/C2=C(C(=CC=C2)C3=CC=C(C=C3)F)C,CCC1=NC=CN1C2=C(C=C(C=C2)C=O)F,CCc1nccn1-c1ccc(C(O)C(=O)c2ccc(C)c(C=Cc3cccc(-c4ccc(F)cc4)c3C)c2)cc1F,3.709954294282983,4.0043,round4,train,41
ZWXSERVXOHLLSA-UHFFFAOYSA-N__ROGHJVYLZVCZJV-UHFFFAOYSA-N,train_round4,C1CC(NC(C1)C=O)CCC2=CC=C(C=C2)F,CC(C)(CC=O)COP(=O)(O)O,CC(C)(COP(=O)(O)O)CC(O)C(=O)C1CCCC(CCc2ccc(F)cc2)N1,3.688268225170015,5.968,round4,mixed,29
RUDFZPIFFLCVHG-UHFFFAOYSA-N__FSUFFEUJUFKPOW-UHFFFAOYSA-N,train_round4,COC1=CC=C(C=C1)C2CC=CC2=C(CC=O)C3=CC=CC=C3,CCCCCCCCCC(=O)OC1=C(C=C(C=C1)C=O)OC,CCCCCCCCCC(=O)Oc1ccc(C(O)C(=O)CC(=C2C=CCC2c2ccc(OC)cc2)c2ccccc2)cc1OC,5.682173553589581,1.2823,round4,mixed,45
ZODHWOOSTBKVSO-UHFFFAOYSA-N__JDFQYJVBHFDJPF-UHFFFAOYSA-N,train_round4,C1=CC(=C(C=C1C(F)(F)F)CC(C=O)Cl)Br,CC1=CC2=C(C=C1F)NC=C2C=O,Cc1cc2c(C(O)C(=O)C(Cl)Cc3cc(C(F)(F)F)ccc3Br)c[nH]c2cc1F,6.569540241042795,4.9709,round4,train,29
JEYBOIYNIVKSMA-UHFFFAOYSA-N__DBSXJWCKNGMDEG-UHFFFAOYSA-N,train_round4,C1=CC(=CC=C1C(C=O)Br)Br,C1COC2=C1C=C(C=C2)CCOC3=C(C=C(C=C3)C=O)F,O=C(C(O)c1ccc(OCCc2ccc3c(c2)CCO3)c(F)c1)C(Br)c1ccc(Br)cc1,4.305620719984966,1.2307,round4,mixed,32
GQWSGSPGNMZCAV-UHFFFAOYSA-N__JBCNCXPAIWNPEJ-UHFFFAOYSA-N,train_round4,CCOC(=O)C1=CC(=C(C=C1)CCC=O)OC(F)F,C1=CC(=CC(=C1)C2=C(C(=C(C(=C2F)F)Br)F)F)C=O,CCOC(=O)c1ccc(CCC(=O)C(O)c2cccc(-c3c(F)c(F)c(Br)c(F)c3F)c2)c(OC(F)F)c1,3.8296396689331234,1.1643,round4,train,38
YGXBLYQNHKOWCM-UHFFFAOYSA-N__CEYIKIVUKJCGPA-UHFFFAOYSA-N,train_round4,COC1=C(C(=C(C(=C1)[N+](=O)[O-])OC)C=O)OC,C1=C(C=C(C=C1F)F)OC2=C(C=C(C=C2F)F)C=O,COc1cc([N+](=O)[O-])c(OC)c(C(=O)C(O)c2cc(F)cc(F)c2Oc2cc(F)cc(F)c2)c1OC,3.4044225166015183,4.5226,round4,train,36
FNUYAYBTXKYZHC-UHFFFAOYSA-N__LXKDVWQHLFKMFW-UHFFFAOYSA-N,train_round4,C1=C(N=NN1CC(F)F)C=O,CC1=C(N=C(C=C1)NC2=NC=CC(=C2)OC(F)(F)F)C=O,Cc1ccc(Nc2cc(OC(F)(F)F)ccn2)nc1C(O)C(=O)c1cn(CC(F)F)nn1,6.169684820544819,1.8511,round4,train,32
MSTDNOMXESDYFF-UHFFFAOYSA-N__FFLYXWOZWLMKBF-GDVGLLTNSA-N,train_round4,C1=CC(=C(C(=C1)F)OC2=CC(=C(C=C2Br)Cl)F)C=O,CC(C)(C)OC(=O)N[C@@H](C(C=O)C(=O)O)C(=O)O,CC(C)(C)OC(=O)NC(C(=O)O)C(C(=O)O)C(O)C(=O)c1cccc(F)c1Oc1cc(F)c(Cl)cc1Br,6.405722384847133,6.1903,round4,mixed,37
NVFYWSZGYVJERR-IBGZPJMESA-N__DZEXGCDWYLJYFV-UHFFFAOYSA-N,train_round4,CC(C)(C)OC(=O)N[C@@H](CC1=CC(=CC(=C1)F)F)C(=O)N(C)C2=CC=C(C=C2)C=O,C1=C(C(=O)NC(=C1C=O)C(F)F)Br,CN(C(=O)C(Cc1cc(F)cc(F)c1)NC(=O)OC(C)(C)C)c1ccc(C(=O)C(O)c2cc(Br)c(=O)[nH]c2C(F)F)cc1,4.819576586424371,9.5346,round4,train,43
UBNYOVZTJUOSMW-UHFFFAOYSA-N__ANOGOKVCMCCEGS-UHFFFAOYSA-N,train_round4,CC(CC=O)C1=C(C(=CC(=C1)C(C)F)OC)OC,CC1=CC(=CN=C1C#N)N(C)C(=S)N(C2=CC(=C(C=C2)C(=O)NC3=NC=CO3)F)C4(CCC4)C=O,COc1cc(C(C)F)cc(C(C)CC(=O)C(O)C2(N(C(=S)N(C)c3cnc(C#N)c(C)c3)c3ccc(C(=O)Nc4ncco4)c(F)c3)CCC2)c1OC,4.541281208158341,-4.4804,round4,mixed,53
LBXBWMUOTJORHV-UHFFFAOYSA-N__JJOJKGPPBVIPKA-UHFFFAOYSA-N,train_round4,C1=C(C(=C(C(=C1Cl)O)CCC=O)F)F,CC1=C(C=C(C=C1)F)COC2=C(C=C(C=C2)OC)C=O,COc1ccc(OCc2cc(F)ccc2C)c(C(O)C(=O)CCc2c(O)c(Cl)cc(F)c2F)c1,3.072786016759996,2.67,round4,train,34
QBEFNKKNIVKRFW-UHFFFAOYSA-N__GFQUQIXQKLTTHI-UHFFFAOYSA-N,train_round4,C1=CC(=CC=C1N2C=CC(=N2)C=O)F,CC1=CC(=CN2C1=NC(=C2)C3=CC(=C(C=C3)OC)F)C=O,COc1ccc(-c2cn3cc(C(O)C(=O)c4ccn(-c5ccc(F)cc5)n4)cc(C)c3n2)cc1F,3.62314526561637,3.0484,round4,train,35
FOHUADLQAUEULU-UHFFFAOYSA-N__BCANUVDATRDSNB-UHFFFAOYSA-N,train_round4,CC(C)(C)[Si](C)(C)OCCC(C=O)C(C[N+](=O)[O-])C1=C(C(=CC=C1)F)O,C1=CC=C2C(=C1)C=CC(C2(C=O)O)O,CC(C)(C)[Si](C)(C)OCCC(C(=O)C(O)C1(O)c2ccccc2C=CC1O)C(C[N+](=O)[O-])c1cccc(F)c1O,4.923878030161012,2.1307,round4,train,40
DTWZNCKCQVILME-UHFFFAOYSA-N__HZEHXAKYDUHROT-UHFFFAOYSA-N,train_round4,CC(C1=CC=CC=C1C(F)(F)F)N2C=C3C=C(C=CC3=N2)C=O,COC(=O)C#CC1=C(C=CC(=C1)F)C=O,COC(=O)C#Cc1cc(F)ccc1C(O)C(=O)c1ccc2nn(C(C)c3ccccc3C(F)(F)F)cc2c1,3.6012484637006525,4.0292,round4,train,38
HMUZBJWFUCMMRF-UHFFFAOYSA-N__OGZODIAEVKULSG-UHFFFAOYSA-N,train_round4,C1=CC(=NC(=C1F)C=O)C2=C(C=C(C=C2Cl)Cl)Cl,CN1C2=CC=CC=C2C(=NCC1(C=O)N)C3=CC=C(C=C3)F,CN1c2ccccc2C(c2ccc(F)cc2)=NCC1(N)C(O)C(=O)c1nc(-c2c(Cl)cc(Cl)cc2Cl)ccc1F,3.671835360555487,0.8696,round4,train,40
AZZHMNPMHVCPJV-UHFFFAOYSA-N__MJRWDMPHIPRZRX-UHFFFAOYSA-N,train_round4,CCC1=CC(=CC=C1)NC(=O)CN2C=C(C3=CC=CC=C32)C=O,C1CCC(C1)N2C=C(C(=N2)C=O)I,CCc1cccc(NC(=O)Cn2cc(C(=O)C(O)c3nn(C4CCCC4)cc3I)c3ccccc32)c1,5.363657269743308,4.0617,round4,train,36
GIVCOZFRECSQKC-UHFFFAOYSA-N__LAOWFBLQRRTDIK-UHFFFAOYSA-N,train_round4,CCNC1=CC=CC=C1C=O,C1=C(C(=C(C(=N1)F)C=O)C(F)F)CCl,CCNc1ccccc1C(=O)C(O)c1c(F)ncc(CCl)c1C(F)F,4.384295153065748,5.4059,round4,train,25
RBFYEYXGYMBECO-UHFFFAOYSA-N__KFHAMXLRPBTURW-UHFFFAOYSA-N,train_round4,C1=CC=C(C(=C1)CC2=NC=C3N2C=C(C=C3)C=O)F,CCNC(=O)CC1=C(C2=CC(=C(C(=C2OC1=O)C=O)O)OCCOC)C,CCNC(=O)Cc1c(C)c2cc(OCCOC)c(O)c(C(O)C(=O)c3ccc4cnc(Cc5ccccc5F)n4c3)c2oc1=O,7.035323317222024,9.5491,round4,train,45
IEUQBYOPIQIINE-UHFFFAOYSA-N__VJCXBFMFEZXGDB-UHFFFAOYSA-N,train_round4,C1=CC(=CC=C1NC2=C(C3=C(C=C2C=O)NC=N3)F)Cl,CCC(C)C(C=O)NC(=O)OCC1=CC=CC=C1,CCC(C)C(NC(=O)OCc1ccccc1)C(O)C(=O)c1cc2[nH]cnc2c(F)c1Nc1ccc(Cl)cc1,3.615753691960397,-2.1344,round4,train,38
YECZZWUIAXEARY-YUPRTTJUSA-N__AVYCBSVKFWHBHD-UHFFFAOYSA-N,train_round4,C([C@@H]([C@@H]([C@H](C=O)O)O)N)O,CN1C(=C(C(=N1)C(F)F)C=O)OC2=CC(=CC=C2)Br,Cn1nc(C(F)F)c(C(O)C(=O)C(O)C(O)C(N)CO)c1Oc1cccc(Br)c1,4.063591322844312,3.3543,round4,mixed,29
NHMJYMJUXWDWPO-UHFFFAOYSA-N__JXFFCVARRFIZBN-UHFFFAOYSA-N,train_round4,C1CC1C2=C(NC=C2C=O)C3=CC=CC=C3F,CC(C=O)C1=C(C=C(C=N1)Br)C(F)(F)F,CC(c1ncc(Br)cc1C(F)(F)F)C(O)C(=O)c1c[nH]c(-c2ccccc2F)c1C1CC1,3.356001182640272,1.4478,round4,mixed,32
QJFIDIKZJNPRPH-ZMFCMNQTSA-N__DKJJCRPCRNSKSM-UHFFFAOYSA-N,train_round4,CN(C)C1C[C@@H](N2C1=NC3=C2C=C(C=C3)C4=CN(N=C4)C(F)F)C5=C(C=CC=C5C#C)C=O,C1=CC(=CC=C1C=O)C2=CC(=CC(=C2)Br)Br,C#Cc1cccc(C(=O)C(O)c2ccc(-c3cc(Br)cc(Br)c3)cc2)c1C1CC(N(C)C)c2nc3ccc(-c4cnn(C(F)F)c4)cc3n21,5.338447985286826,-0.6254,round4,mixed,49
FTHABJVPWCTAQE-UHFFFAOYSA-N__RAHHRNVZRLTVSK-QMMMGPOBSA-N,train_round4,CC1=C(C(CNC1=S)(C=O)N2CCC(CC2)C3=CC=C(C=C3)F)NC4=C(C(=CC(=C4)F)F)F,C1=CC(=CC=C1[C@H](C=O)C(F)(F)F)C(F)(F)F,CC1=C(Nc2cc(F)cc(F)c2F)C(C(=O)C(O)C(c2ccc(C(F)(F)F)cc2)C(F)(F)F)(N2CCC(c3ccc(F)cc3)CC2)CNC1=S,3.633782294080175,9.1725,round4,mixed,50
XIEUIDKSPPORLF-UHFFFAOYSA-N__AGLZRROCTXXWCI-UHFFFAOYSA-N,train_round4,COC1=C(C=CC(=C1)C=O)C2=CC(=NC=C2F)OC,C1=CC=C(C=C1)C2=C(C(=O)NC=C2C=O)C#N,COc1cc(-c2ccc(C(=O)C(O)c3c[nH]c(=O)c(C#N)c3-c3ccccc3)cc2OC)c(F)cn1,3.3839599894900494,3.7691,round4,mixed,36
RPOONDXJMNHHAE-UHFFFAOYSA-N__UBMRKOHAPVUYLW-UHFFFAOYSA-N,train_round4,CCOC1=C(C=CC(=C1)F)C2=NC=C(C=C2)C=O,C1=CC=C(C(=C1)CN2C3=C(C=CC=C3F)C(=C2Cl)C=O)F,CCOc1cc(F)ccc1-c1ccc(C(=O)C(O)c2c(Cl)n(Cc3ccccc3F)c3c(F)cccc23)cn1,6.854897681493901,6.9636,round4,train,39
BPTJMKRTIFNPFN-UHFFFAOYSA-N__KUTICDPFZTYKKT-UHFFFAOYSA-N,train_round4,C1=CC(=C(C(=C1)O)C=O)C2(NC=CS2)N,C1=CC2=C(C=CN=C2)C(=C1)C3=CC(=C(C=C3)F)C=O,NC1(c2cccc(O)c2C(=O)C(O)c2cc(-c3cccc4cnccc34)ccc2F)NC=CS1,6.275437282981636,6.8391,round4,mixed,34
HGYCZDKLQCMLAH-UHFFFAOYSA-N__PWTJFWDIYDDLNX-UHFFFAOYSA-N,train_round4,CCOC1=CC=CC(=C1F)C2=CSC(=C2)C=O,CCC1=C(N=C(S1)C2=CC=C(C=C2)C(F)(F)F)C=O,CCOc1cccc(-c2csc(C(=O)C(O)c3nc(-c4ccc(C(F)(F)F)cc4)sc3CC)c2)c1F,5.005992026664244,3.107,round4,train,36
JRXRLEPEYXPEHR-UHFFFAOYSA-N__YLEKIEXDMXYBGG-UHFFFAOYSA-N,train_round4,CC(=O)NC1=C(C=CC(=C1F)C=O)OC,CC(C)(C)OCN1C=NC(=N1)C2=CC=CC(=C2)C3=CC(=C(C(=C3)F)C=O)F,COc1ccc(C(=O)C(O)c2c(F)cc(-c3cccc(-c4ncn(COC(C)(C)C)n4)c3)cc2F)c(F)c1NC(C)=O,3.6395125983460215,8.6252,round4,train,42
QELQZDXTTVJKMO-UHFFFAOYSA-N__HZMLWSONGUTTFP-UHFFFAOYSA-N,train_round4,CC(CC=O)C1=C(C(=CC(=C1)CF)OC)OC,C1=C(C2=NC(=CN2C=C1F)C=O)F,COc1cc(CF)cc(C(C)CC(=O)C(O)c2cn3cc(F)cc(F)c3n2)c1OC,2.993888623773929,1.8123,round4,train,30
AAXXJEOAOOYTLU-UHFFFAOYSA-N__ZRKCFYFNQQKTEO-QABMSTFYSA-N,train_round4,COC1=C(N=C(C(=C1)O)OC(F)(F)F)C=O,C[C@@](C=O)(C1=CC=C(C=C1)C(C)(C)C)[C@@H](CC(=O)C2=NC=CN2C3=CC=CC=C3)C(=O)OC(C)(C)C,COc1cc(O)c(OC(F)(F)F)nc1C(=O)C(O)C(C)(c1ccc(C(C)(C)C)cc1)C(CC(=O)c1nccn1-c1ccccc1)C(=O)OC(C)(C)C,4.944626862790248,4.3854,round4,train,52
TUJZTTZIEKAALF-MRVPVSSYSA-N__DWQFNASLSQWXFY-UHFFFAOYSA-N,train_round4,C1=CC(=CC=C1C2=NC(=S)S[C@@H]2C=O)F,CN(C)C1=C(C=CC(=C1)CCC(=O)OF)OCCC=O,CN(C)c1cc(CCC(=O)OF)ccc1OCCC(O)C(=O)C1SC(=S)N=C1c1ccc(F)cc1,4.743185620047961,0.8983,round4,mixed,35
YJYJQZLQOKWJQQ-UHFFFAOYSA-N__LCCRGBDBIIKFLY-UHFFFAOYSA-N,train_round4,C1=C2C=C(NC2=CC(=C1F)Cl)C=O,CC1=C(NC(=C1C=O)C(C=CCC2=CC=C(C=C2)F)(C3CC3)Cl)C,Cc1[nH]c(C(Cl)(C=CCc2ccc(F)cc2)C2CC2)c(C(O)C(=O)c2cc3cc(F)c(Cl)cc3[nH]2)c1C,3.978173001551228,4.5248,round4,mixed,37
BVMCCUFLHHCDRI-UHFFFAOYSA-N__KNJRGZYLWVHYJN-UHFFFAOYSA-N,train_round4,C1=CC(=C(C(=C1)Cl)Cl)C2=NC(=CC(=C2)C=O)C(F)(F)F,CC1=CC(=CC(=C1C(F)(F)F)C=O)C(F)(F)F,Cc1cc(C(F)(F)F)cc(C(O)C(=O)c2cc(-c3cccc(Cl)c3Cl)nc(C(F)(F)F)c2)c1C(F)(F)F,3.5852810746416828,7.3537,round4,train,37
CPYUSVWJDYXCEM-UHFFFAOYSA-N__WINLBLKGJCRYDB-ZAJCDATESA-N,train_round4,CN1C(=NC2=C1C(=O)NC(=O)N2C)C=O,CC1C=CC=C(C1[C@H](C=O)NC(=O)OC)F,COC(=O)NC(C(O)C(=O)c1nc2c(c(=O)[nH]c(=O)n2C)n1C)C1C(F)=CC=CC1C,3.94395123248293,0.21,round4,train,31
DRUQKOHTNIEMBM-UHFFFAOYSA-N__WTFPWBDCIGBFAD-LBPRGKRZSA-N,train_round4,C1C(=O)N(C2=C(O1)C=CC(=C2)C=O)CC3=CC(=CC=C3)I,CC(C)(C)S[C@@H](CC1=CC=CC=C1)C=O,CC(C)(C)SC(Cc1ccccc1)C(O)C(=O)c1ccc2c(c1)N(Cc1cccc(I)c1)C(=O)CO2,3.883781986931048,2.0804,round4,train,36
VEEXFNLVHLGMHR-ZWKOTPCHSA-N__MPLPXFAGDJEJSG-UHFFFAOYSA-N,train_round4,CC[C@@]1(C[C@H]1C=O)C2=CC(=CC(=C2)C(C)C)C(C)C,C1=CC=C(C(=C1)CN2C=NN=C2C=O)F,CCC1(c2cc(C(C)C)cc(C(C)C)c2)CC1C(=O)C(O)c1nncn1Cc1ccccc1F,4.38243516788038,-2.516,round4,mixed,34
IUPOVKBSNVJYCV-XCZPVHLTSA-N__YJOYMRRHIGHIRC-UHFFFAOYSA-N,train_round4,CC1=C(C=CC(=C1)F)[C@@H]2CC(C3=C([C@@H]2C4=CC=C(C=C4)N5CCC(CC5)C=O)C=CC(=C3)O)(F)F,CC(=O)SCCC=CC1=CC(=CC(=C1)F)C=O,CC(=O)SCCC=Cc1cc(F)cc(C(O)C(=O)C2CCN(c3ccc(C4c5ccc(O)cc5C(F)(F)CC4c4ccc(F)cc4C)cc3)CC2)c1,3.566144601565643,0.4303,round4,train,52
AREBYTOIWNIRIF-QMMMGPOBSA-N__SEDRQGRABDFZKO-UHFFFAOYSA-N,train_round4,C[C@@H](COC)NC1=C(C(=C(C=C1)C=O)F)C(=O)OC,C=CCOC1=CC=CC(=C1)C=O,C=CCOc1cccc(C(O)C(=O)c2ccc(NC(C)COC)c(C(=O)OC)c2F)c1,6.287742872524126,8.6957,round4,train,31
KAQGPZFWVYYLDX-UHFFFAOYSA-N__JZCVYHBOZWATOU-NYRJJRHWSA-N,train_round4,C1=C(C(=C(C(=N1)OC(F)(F)F)O)C=O)CCl,C1[C@H](N(C(O1)C=O)C(=O)CC2=CC(=C(C=C2)Cl)F)CC3=CC=CC=C3,O=C(c1c(CCl)cnc(OC(F)(F)F)c1O)C(O)C1OCC(Cc2ccccc2)N1C(=O)Cc1ccc(Cl)c(F)c1,3.67561527442606,3.9943,round4,mixed,41
LDRJRKANUAYXNY-UHFFFAOYSA-N__BRTDPKPJDXNQEX-UHFFFAOYSA-N,train_round4,CN(C)C=NC1=C(SC2=CC=CC=C21)C=O,CN1C(=C(C=N1)C=O)Cl,CN(C)C=Nc1c(C(=O)C(O)c2cnn(C)c2Cl)sc2ccccc12,3.113240583109345,2.4411,round4,train,25
QNRJPKIYHFJNDU-QIGLBIQCSA-N__YEXQAPSIDDJRMF-DGLUDJRXSA-N,train_round4,C/C(=C\CC/C(=C/CN1C2=C(C(=CC(=C2)O)O)NC3=C(C1=O)C=CC=C3O)/C)/CCC=O,CC/C(=C\C(=C(/C)\OC(F)F)\C)/CC=O,CCC(=CC(C)=C(C)OC(F)F)CC(O)C(=O)CCC(C)=CCCC(C)=CCN1C(=O)c2cccc(O)c2Nc2c(O)cc(O)cc21,4.458154922664487,-0.6231,round4,train,47
PPWOQJOBKQQKTR-UHFFFAOYSA-N__ITTCPCODNSAJGP-UHFFFAOYSA-N,train_round4,COC1=CC(=C(C=C1C=O)F)OC2=C(C=C(C=C2)Cl)OC,CC(=O)OC1=C(C=C(C=C1)C(F)(F)F)C=O,COc1cc(Cl)ccc1Oc1cc(OC)c(C(=O)C(O)c2cc(C(F)(F)F)ccc2OC(C)=O)cc1F,4.465289902519888,2.8849,round4,train,37
LHQUOYPQTYZBRG-UHFFFAOYSA-N__JURAZFXRHIVNLH-UHFFFAOYSA-N,train_round4,COC(=O)C1=C(SC(=CC2=C3C(=C(S2)C=O)N=C4C=CC=CC4=N3)S1)C(=O)OC,C1=CC(=CC=C1C2=NC=C(C(=C2)C=O)C3=CC=C(C=C3)OC(F)(F)F)OC(F)(F)F,COC(=O)C1=C(C(=O)OC)SC(=Cc2sc(C(=O)C(O)c3cc(-c4ccc(OC(F)(F)F)cc4)ncc3-c3ccc(OC(F)(F)F)cc3)c3nc4ccccc4nc23)S1,6.717151019930302,1.4752,round4,mixed,59
DYDHQGJJBAQMPM-UHFFFAOYSA-N__PRGSZTRPIVKPIT-UHFFFAOYSA-N,train_round4,COC1=C(N=CC(=C1)C(F)F)C=O,C1=CC(=CC(=C1)OC2=CC(=C(C=C2)F)Br)C=O,COc1cc(C(F)F)cnc1C(=O)C(O)c1cccc(Oc2ccc(F)c(Br)c2)c1,6.616287864135979,1.4797,round4,train,30
MSXSESQBZZIKSY-UHFFFAOYSA-N__ZOTLVCQEFKOCBJ-UHFFFAOYSA-N,train_round4,CN1C=NN=C1C2=C(C=CC(=C2)C#N)C3=CC(=CC=C3)N4CC5=C(C4=O)C=C(C=C5C(F)(F)F)C=O,C1=CC=C2C(=C1)C(=CN2CC3=CN(N=N3)CC(=O)O)C=O,Cn1cnnc1-c1cc(C#N)ccc1-c1cccc(N2Cc3c(cc(C(=O)C(O)c4cn(Cc5cn(CC(=O)O)nn5)c5ccccc45)cc3C(F)(F)F)C2=O)c1,27.18368261274077,2.2893,round4,mixed,57
IVZFCHNNQWKFJH-LJQANCHMSA-N__LFZTZVKWIBXMFK-UHFFFAOYSA-N,train_round4,CC(C)(C)OC(=O)N[C@@]1(CCN(C1)C2=C(C(=C(C3=C2OCC3)F)Br)C=O)C(=O)O,C1=CC=C(C(=C1)C2=NC(=CN2S(=O)(=O)C3=CSC=C3)C=O)F,CC(C)(C)OC(=O)NC1(C(=O)O)CCN(c2c3c(c(F)c(Br)c2C(=O)C(O)c2cn(S(=O)(=O)c4ccsc4)c(-c4ccccc4F)n2)CCO3)C1,8.141210868277852,1.2719,round4,mixed,51
OZRKJXDQYHYYBR-UHFFFAOYSA-N__VRZCQDSGBXMFIL-UHFFFAOYSA-N,train_round4,COCCSC1=C(C=C(C=C1)F)C=O,C=CCN(CC=C)C1=CC=C(C=C1)C=O,C=CCN(CC=C)c1ccc(C(O)C(=O)c2cc(F)ccc2SCCOC)cc1,12.54382007183624,8.0131,round4,train,29
YVSYATGPGIPLMF-UHFFFAOYSA-N__YGDGDDUSNZBSQF-UHFFFAOYSA-N,train_round4,CCCCCCOC1=CC=C(C=C1)C2=NC=C(C=C2)C=O,C1=CC=C(C=C1)OC2=CC(=C(C=C2)C=O)NC(=O)C3=CC=CC=C3F,CCCCCCOc1ccc(-c2ccc(C(=O)C(O)c3ccc(Oc4ccccc4)cc3NC(=O)c3ccccc3F)cn2)cc1,10.342064212298991,7.3544,round4,mixed,46
LTPBMEIIJDNSFS-UHFFFAOYSA-N__OHBKZLGYXHEHGY-QJOMJCCJSA-N,train_round4,C1=CC(=NC=C1CC(C=O)Cl)C(F)(F)F,C1=CC=C(C=C1)/C=C(/C#CC2=CC=CC=C2)\N3C=C(C4=CC=CC=C43)C=O,O=C(C(Cl)Cc1ccc(C(F)(F)F)nc1)C(O)c1cn(C(C#Cc2ccccc2)=Cc2ccccc2)c2ccccc12,8.91740762658749,6.8416,round4,train,42
RBLWPMTVADSTFW-UHFFFAOYSA-N__WGPZZNOVHMFGLF-UHFFFAOYSA-N,train_round4,C1CN(CCC1C(F)(F)F)C2=CC(=C(C=C2)C=O)Cl,C1C(OC2=C1C=C(C=C2)F)CN3C=CN=C3C=O,O=C(c1ccc(N2CCC(C(F)(F)F)CC2)cc1Cl)C(O)c1nccn1CC1Cc2cc(F)ccc2O1,12.177276099057629,7.1977,round4,mixed,37
SHMADGHYWFBCLO-UHFFFAOYSA-N__XAKPWAPOUDEISX-UHFFFAOYSA-N,train_round4,CCC1=C2C(=CC=C1)C(=CN2CC3=CC=CC=C3F)C=O,C1CN(CCC1(C2=CC(=CC=C2)C(F)(F)F)O)C(C=O)C3=CC4=C(C=C3)N=CN4,CCc1cccc2c(C(=O)C(O)C(c3ccc4nc[nH]c4c3)N3CCC(O)(c4cccc(C(F)(F)F)c4)CC3)cn(Cc3ccccc3F)c12,8.572316449597931,4.2807,round4,mixed,50
IBFDQVZPWHOZOW-UHFFFAOYSA-N__LSKWSYAZMJJORH-UHFFFAOYSA-N,train_round4,C1CCC(C1)C2=C(C3=C(N2)C(=CC=C3)F)C=O,CCC(C=O)OC1(CCN(CC1)CCC2=CC(=CC=C2)F)CN(C)C(C)C,CCC(OC1(CN(C)C(C)C)CCN(CCc2cccc(F)c2)CC1)C(O)C(=O)c1c(C2CCCC2)[nH]c2c(F)cccc12,9.655356753447984,6.3766,round4,train,44
QWHXFAXRGVDQLI-UHFFFAOYSA-N__AJISPHYBQBLYBF-UHFFFAOYSA-N,train_round4,CC1=NC=CC(=C1)C(CC=O)(C2=CC=C(C=C2)Br)C3=C(C=C(C=C3)Cl)F,C1CC1C2=C(C=NN2)C=O,Cc1cc(C(CC(=O)C(O)c2cn[nH]c2C2CC2)(c2ccc(Br)cc2)c2ccc(Cl)cc2F)ccn1,10.118891984659516,5.008,round4,mixed,36
SDFURBPAIZSWOK-UHFFFAOYSA-N__SPIVRJOJZZRHRH-UHFFFAOYSA-N,train_round4,C=CCN1N=C(C(=N1)C2=CC=CC=C2)C=O,CC(C)(C=O)SC1=C(C=NC=C1)C2=CC=C(C=C2)C(F)(F)F,C=CCn1nc(C(=O)C(O)C(C)(C)Sc2ccncc2-c2ccc(C(F)(F)F)cc2)c(-c2ccccc2)n1,7.352647137079392,-0.9194,round4,train,38
AMQQROOGESNLMJ-VAWYXSNFSA-N__USWNMHLONVTKLY-IUCAKERBSA-N,train_round4,CCCCCCN(CCCCCC)C1=CC=C(C=C1)/C=C/C2=CC=C(C=C2)C=O,C[C@H]1CC[C@@H](N1C2=C(C=C(C=N2)C=O)F)C,CCCCCCN(CCCCCC)c1ccc(C=Cc2ccc(C(=O)C(O)c3cnc(N4C(C)CCC4C)c(F)c3)cc2)cc1,10.983683725219128,7.5902,round4,train,45
OXEQNHBVIMDMOI-UHFFFAOYSA-N__WDDOXFSIRNQOEW-UHFFFAOYSA-N,train_round4,CCOC(=O)C1=C(OC2=CC(=C(C(=C21)O)OC)Br)C=O,C1CN2C(=NN=C2C(F)(F)F)CN1C3=NC(=C(S3)C=O)Cl,CCOC(=O)c1c(C(=O)C(O)c2sc(N3CCn4c(nnc4C(F)(F)F)C3)nc2Cl)oc2cc(Br)c(OC)c(O)c12,11.967525154122155,9.388,round4,train,41
KRIOYQZPUAWFJK-UHFFFAOYSA-N__OFCBUKOSKRIBAT-JTQLQIEISA-N,train_round4,CC1=CN(N=C1C=O)CC2=C(C=CC(=C2)C(=O)OC)F,C[C@@H](CNC(=O)OC(C)(C)C)OC1=C(C=CC(=C1)F)C=O,COC(=O)c1ccc(F)c(Cn2cc(C)c(C(=O)C(O)c3ccc(F)cc3OC(C)CNC(=O)OC(C)(C)C)n2)c1,9.900183250552436,1.2534,round4,train,41
ZZDHLXWVLOGLTH-UHFFFAOYSA-N__UPTWXWRQFJXNPB-UHFFFAOYSA-N,train_round4,C1=CC(=CC=C1C=O)OCC(=O)OCC(=O)NC2=C(C=CC(=C2)Cl)F,CCCCCC(C=O)SC1=NC(=CC(=N1)OC)OC,CCCCCC(Sc1nc(OC)cc(OC)n1)C(O)C(=O)c1ccc(OCC(=O)OCC(=O)Nc2cc(Cl)ccc2F)cc1,9.17679456271326,6.1954,round4,train,44
XNIYPBMGAJBLSF-UHFFFAOYSA-N__DNYMUVUORRHIQF-UHFFFAOYSA-N,train_round4,C1CC1(C2=CC=CC=C2)NC(=O)C3=CC=CC(=C3)C4=CC5=C(N=C4)OC(=C5C=O)C6=CC=C(C=C6)F,C1=CC2=C(C=C1O)C(=NNC(=S)N)C(=CO2)C=O,NC(=S)NN=c1c(C(O)C(=O)c2c(-c3ccc(F)cc3)oc3ncc(-c4cccc(C(=O)NC5(c6ccccc6)CC5)c4)cc23)coc2ccc(O)cc12,10.457411462077454,-1.4564,round4,mixed,54
RZZYKNPKZKPPLV-UHFFFAOYSA-N__QJRRXVAFIITFDJ-NIVVRJPPSA-N,train_round4,C(=O)C1=C(N=C(S1)C(F)F)Br,CC(C)[C@@H](C(=O)N[C@@H](C1=CC=CC=C1)C(=O)N[C@@H](CC2CCCNC2=O)C=O)NC(=O)C,CC(=O)NC(C(=O)NC(C(=O)NC(CC1CCCNC1=O)C(O)C(=O)c1sc(C(F)F)nc1Br)c1ccccc1)C(C)C,9.873542282273466,0.1383,round4,train,43
FCFHFBMYKVLGLA-UHFFFAOYSA-N__YTBBBHMVMPDMSW-HOCLYGCPSA-N,train_round4,C1C2=C(C=C(C=C2)CC=O)C3=CC=CC=C31,CC(C)C[C@@H](C=O)NC(=O)[C@H](C(=C)C)NS(=O)(=O)C1=CC=C(C=C1)F,C=C(C)C(NS(=O)(=O)c1ccc(F)cc1)C(=O)NC(CC(C)C)C(O)C(=O)Cc1ccc2c(c1)-c1ccccc1C2,11.010290883180058,-1.7366,round4,train,41
LEUCMNXDEQMWDC-UHFFFAOYSA-N__BRQZWFRPMWILCN-UHFFFAOYSA-N,train_round4,C1=CC(=C(C=C1C=O)C(F)(F)F)C=CC#N,C1=C(C=C(C=C1OCCCCC(=O)NN)F)C=O,N#CC=Cc1ccc(C(=O)C(O)c2cc(F)cc(OCCCCC(=O)NN)c2)cc1C(F)(F)F,7.870447773545861,4.1871,round4,train,34
BRDDZHODAITCOF-MRVPVSSYSA-N__BJHVKJUCCSIQGZ-UHFFFAOYSA-N,train_round4,C[C@H](C1=C2CCCOC2=C(C=C1)C=O)NC(=O)C(F)(F)F,CC1=C(C=CC(=C1)F)N2C=CC=C2C=O,Cc1cc(F)ccc1-n1cccc1C(O)C(=O)c1ccc(C(C)NC(=O)C(F)(F)F)c2c1OCCC2,14.134239705695714,9.9065,round4,train,36
SJUFKPWSUJGSIZ-UHFFFAOYSA-N__IMKGHYDGRJBLHV-UHFFFAOYSA-N,train_round4,CC(C)(C)OC(=O)C1=NC=C(N=C1C=O)C2=C(C=CC(=C2F)Cl)C(F)F,C1=CN(C=C1)C2=C(C3=C(N2C4=CC=C(C=C4)O)C=CC=C3F)C=O,CC(C)(C)OC(=O)c1ncc(-c2c(C(F)F)ccc(Cl)c2F)nc1C(=O)C(O)c1c(-n2cccc2)n(-c2ccc(O)cc2)c2cccc(F)c12,10.131680228646506,4.5118,round4,train,50
QWEUXCQCGPXTHG-UHFFFAOYSA-N__GKESSEWVCUOPBP-UHFFFAOYSA-N,train_round4,C1=CC(=CC=C1CC(=N)SC(=N)C2=CNC(=C(C2=O)O)C=O)F,C1CSC2=NC(=C(N21)C=O)C3=CC=C(C=C3)F,N=C(Cc1ccc(F)cc1)SC(=N)c1c[nH]c(C(=O)C(O)c2c(-c3ccc(F)cc3)nc3n2CCS3)c(O)c1=O,11.20117421011425,5.4178,round4,mixed,40
WFRPVWCBOYVKHS-UHFFFAOYSA-N__HAOPICMHRUTLQW-UHFFFAOYSA-N,train_round4,C1=CC=C(C(=C1)C(=O)C2=COC(=C2)C=O)F,C1CN(CCC1C(=O)NCC2=CC3=C(C=C2)OCO3)C4=CC=C(C=C4)C=O,O=C(c1coc(C(=O)C(O)c2ccc(N3CCC(C(=O)NCc4ccc5c(c4)OCO5)CC3)cc2)c1)c1ccccc1F,9.247062715877531,5.3333,round4,mixed,43
QZLFGUPSPMAJEG-UHFFFAOYSA-N__JQCJTNPAWAQSFC-UHFFFAOYSA-N,train_round4,CC1=C(C=CC(=C1)OC2=C(C(=CC=C2)Cl)F)C=O,CC(C)(C)C1=C(C=NN1)C=O,Cc1cc(Oc2cccc(Cl)c2F)ccc1C(=O)C(O)c1cn[nH]c1C(C)(C)C,8.533273834867659,9.1327,round4,train,29
VIDHASAJQMWIMS-UHFFFAOYSA-N__YGRXMLHPDKMTFB-UHFFFAOYSA-N,train_round4,CCCCC(CCCC)(CS(=O)(=O)C1=C(C=C(C=C1)C)CC2=CC=C(C=C2)F)C=O,C1=CC=C(C(=C1)C2=NC(=C(S2)C3=CC=C(C=C3)F)C=O)F,CCCCC(CCCC)(CS(=O)(=O)c1ccc(C)cc1Cc1ccc(F)cc1)C(=O)C(O)c1nc(-c2ccccc2F)sc1-c1ccc(F)cc1,10.00045544363546,-1.3219,round4,train,51
YXKQOXBWPUJWLY-UHFFFAOYSA-N__MJVDHWKRLKYQTC-UHFFFAOYSA-N,train_round4,C1=C(OC(=C1)C=O)CN2C=C(C(=N2)C(F)(F)F)Br,CC1=C(N=C(S1)C2=CC=CC=C2O)C=O,Cc1sc(-c2ccccc2O)nc1C(O)C(=O)c1ccc(Cn2cc(Br)c(C(F)(F)F)n2)o1,11.115440980417103,-1.3629,round4,train,33
GPRNQQCJHXDPLA-UHFFFAOYSA-N__SKBZDGDFORNHRW-DEOSSOPVSA-N,train_round4,CC(C)(C)N(C1=C(C=C(C=C1)F)C=O)C(=O)O,C[C@](CC(S(=O)(=O)C1=CC=CC=C1)S(=O)(=O)C2=CC=CC=C2)(C=O)C3=CC=CC=C3OC,COc1ccccc1C(C)(CC(S(=O)(=O)c1ccccc1)S(=O)(=O)c1ccccc1)C(O)C(=O)c1cc(F)ccc1N(C(=O)O)C(C)(C)C,19.16193562138356,12.0935,round4,train,49
PNRDGMOPDYICEN-UHFFFAOYSA-N__OUHXSRCVHMXVHR-CQSZACIVSA-N,train_round4,C1=CC=C(C(=C1)C2=C(ON=C2C=O)Cl)F,C1C[C@@H](N(C1)C2=NC3=C(C=NN3C=C2)C=O)C4=C(C=CC(=C4)F)O,O=C(c1noc(Cl)c1-c1ccccc1F)C(O)c1cnn2ccc(N3CCCC3c3cc(F)ccc3O)nc12,12.5082248445885,2.2145,round4,train,39
YJEZQQLNXBMHGP-UHFFFAOYSA-N__IXMBPWUUPIXVQS-NSCUHMNNSA-N,train_round4,C#CCCCN1C(=NC2=C(N=C(N=C21)F)N)CC3=C(C=CC(=C3)C=O)I,CC1=NC=C(C(=C1O)C=O)/C=C/P(=O)(O)O,C#CCCCn1c(Cc2cc(C(=O)C(O)c3c(C=CP(=O)(O)O)cnc(C)c3O)ccc2I)nc2c(N)nc(F)nc21,26.82935408839382,10.433,round4,mixed,42
ICKQMTNCNVJZIK-UHFFFAOYSA-N__GZJLVUHQTQOMKE-UHFFFAOYSA-N,train_round4,C1=CC(=C(C=C1C=O)Cl)OC(CF)CF,C1CN(CCC1C(F)(F)F)C2=C(C=C(C(=C2)SCC(F)(F)F)C=O)F,O=C(c1ccc(OC(CF)CF)c(Cl)c1)C(O)c1cc(F)c(N2CCC(C(F)(F)F)CC2)cc1SCC(F)(F)F,7.6797808001162835,6.6951,round4,train,40
YVGZWIWBIVJQMP-UHFFFAOYSA-N__OBDAERIURMKBGM-UHFFFAOYSA-N,train_round4,CC1=CC(=CN=C1OCC(C(F)F)(F)F)C(C)N2CC3=C(C2C=O)C=CN=C3NC(=O)C(C)C,CCOC(=O)C(=O)C1=CN(C(=C1)C=O)C2=CC=C(C=C2)OC,CCOC(=O)C(=O)c1cc(C(O)C(=O)C2c3ccnc(NC(=O)C(C)C)c3CN2C(C)c2cnc(OCC(F)(F)C(F)F)c(C)c2)n(-c2ccc(OC)cc2)c1,10.642370465805016,4.366,round4,train,56
QYAIUPLBIJABPS-UHFFFAOYSA-N__MYXLHJQWGWOKKP-UHFFFAOYSA-N,train_round4,C1=CC=C(C=C1)COC2=C(C(=C(C=C2)C(=O)O)F)C=O,CNC(=O)NC1(CCCC1CNS(=O)C2=C(C=C(C(=C2)F)C3=CC=C(C=C3)F)F)C=O,CNC(=O)NC1(C(O)C(=O)c2c(OCc3ccccc3)ccc(C(=O)O)c2F)CCCC1CNS(=O)c1cc(F)c(-c2ccc(F)cc2)cc1F,13.040499148618602,3.6269,round4,train,51
ACUPXNVLUHGAOX-UHFFFAOYSA-N__ICQQXIOUGCNISQ-UHFFFAOYSA-N,train_round4,C[Si](C)(C)CC(C=O)(C1=CC=C(C=C1)F)N2C3=CC=CC=C3N=N2,COCC1=C(C=C(O1)C2=CC=C(C=C2)F)C=O,COCc1oc(-c2ccc(F)cc2)cc1C(O)C(=O)C(C[Si](C)(C)C)(c1ccc(F)cc1)n1nnc2ccccc21,10.610646116725947,5.4753,round4,mixed,41
YCONAMTZEQRXRE-UHFFFAOYSA-N__KQGZOLVRECEYHA-MRXNPFEDSA-N,train_round4,C1=CC=C(C(=C1)CC(=O)CC=O)O,CN1C2=C(C(=C(C=C2)C=O)N3CCC[C@H](C3)N)N=C1C4=CC5=C(N4CC(F)(F)F)N=CC=C5,Cn1c(-c2cc3cccnc3n2CC(F)(F)F)nc2c(N3CCCC(N)C3)c(C(O)C(=O)CC(=O)Cc3ccccc3O)ccc21,14.604061173909432,7.1456,round4,mixed,46
QVAZCWQLLVKZHW-UHFFFAOYSA-N__LHDCEXNOLLRPCP-UHFFFAOYSA-N,train_round4,C1=C(C=C(C(=C1C(F)(F)F)C=O)N)Br,C1=CC(=C(C=C1Cl)CS(=O)(=O)OC2=CC(=C(C=C2C=O)Cl)F)F,Nc1cc(Br)cc(C(F)(F)F)c1C(=O)C(O)c1cc(Cl)c(F)cc1OS(=O)(=O)Cc1cc(Cl)ccc1F,14.777001125394529,11.1844,round4,train,37
RMEQATIJBIESAN-UHFFFAOYSA-N__OLLICRACVSHNBN-UHFFFAOYSA-N,train_round4,CC1=CC(=NO1)CN(C)C2=C(C=CC(=C2)C(=O)NCC3=C(C=C(C=C3F)F)F)C(C)(C)C=O,CC1(CC1(C2=CC=C(C=C2)F)C3=CC=C(C=C3)F)C=O,Cc1cc(CN(C)c2cc(C(=O)NCc3c(F)cc(F)cc3F)ccc2C(C)(C)C(=O)C(O)C2(C)CC2(c2ccc(F)cc2)c2ccc(F)cc2)no1,14.352570566418516,10.2163,round4,mixed,53
AQUXTCZWTTUERG-NSHDSACASA-N__VSMDLABGMWGGQP-UHFFFAOYSA-N,train_round4,CC1=C(C(=C2C(=C1O)C(=O)[C@H](CO2)CC3=CC4=C(C=C3)OCO4)C=O)O,C1CC1(C=O)C(CC2=CC=CC=C2F)Cl,Cc1c(O)c2c(c(C(=O)C(O)C3(C(Cl)Cc4ccccc4F)CC3)c1O)OCC(Cc1ccc3c(c1)OCO3)C2=O,12.615119178134208,11.3447,round4,train,41
BGQSTZUCZIQCHF-UHFFFAOYSA-N__YLSXPDDUWIGPMQ-UHFFFAOYSA-N,train_round4,C1=CC(=C(C(=C1CC(=O)O)OC(F)F)[N+](=O)[O-])C=O,C1=C(C=C(C(=C1F)C#CCC=O)F)Br,O=C(O)Cc1ccc(C(=O)C(O)CC#Cc2c(F)cc(Br)cc2F)c([N+](=O)[O-])c1OC(F)F,9.79101128202666,3.9524,round4,train,33
FQXXPGOVLZBGCT-UHFFFAOYSA-N__IZCAGWBVBMFEEV-UHFFFAOYSA-N,train_round4,C1=CC(=C(C(=C1)F)OC2=C(C(=CC=C2)F)C#N)C=O,C1CC1CC(=O)C(C2=CC=CC=C2)(C(CC=O)C3=CC=C(C=C3)F)C(=O)O,N#Cc1c(F)cccc1Oc1c(F)cccc1C(=O)C(O)CC(c1ccc(F)cc1)C(C(=O)O)(C(=O)CC1CC1)c1ccccc1,7.4976494022217794,-2.9012,round4,mixed,46
INXRRORDKMDCIR-UHFFFAOYSA-N__BQQFAIYYSNRMAN-UHFFFAOYSA-N,train_round4,C1=CC(=C(C(=C1)F)C=O)OC2=CC(=C(C=C2[N+](=O)[O-])Br)F,C1=CC=C(C=C1)C(C2=CC=CC=C2)(C3=CC=CC=C3)N4C=C(N=C4)COC5=CC=C(C=C5)C=O,O=C(c1c(F)cccc1Oc1cc(F)c(Br)cc1[N+](=O)[O-])C(O)c1ccc(OCc2cn(C(c3ccccc3)(c3ccccc3)c3ccccc3)cn2)cc1,9.83613286520578,4.3387,round4,train,55
JKNHFEIBBYMDGS-UHFFFAOYSA-N__KWZBUWWPAQDPBS-UHFFFAOYSA-N,train_round4,C1=CC(=C(C(=C1)O)OC(F)(F)F)C=O,COC1=CC(=C(C=C1C=O)OC)SCCF,COc1cc(C(O)C(=O)c2cccc(O)c2OC(F)(F)F)c(OC)cc1SCCF,11.747628081771726,6.9943,round4,train,30
UCWAIKHCWZUZQW-UHFFFAOYSA-N__GEEOYXWDXKJYGU-UHFFFAOYSA-N,train_round4,CN1C(=CN=C1COC2=C(C=CC=C2F)C=O)Cl,CCCOC1=C(C=C(C=C1)C2=CC=CC=C2C=O)OC(F)(F)F,CCCOc1ccc(-c2ccccc2C(O)C(=O)c2cccc(F)c2OCc2ncc(Cl)n2C)cc1OC(F)(F)F,10.444862460146323,-0.6191,round4,train,41
GTQAZKAIZLRMMS-UHFFFAOYSA-N__QLGJCLUSVIPWKH-UHFFFAOYSA-N,train_round4,C1C2=C(C(=CC(=C2)C=O)Cl)C(=O)N1CC3=CC=C(C=C3)OC(F)(F)F,CC1=CC2=C(C(=C1)C(C)NC3=CC=CC=C3C=O)N=C(N4C2=NN=C4)N5CCCC(C5)(F)F,Cc1cc(C(C)Nc2ccccc2C(O)C(=O)c2cc(Cl)c3c(c2)CN(Cc2ccc(OC(F)(F)F)cc2)C3=O)c2nc(N3CCCC(F)(F)C3)n3cnnc3c2c1,11.206714220791543,5.4976,round4,mixed,58
QJUCJEUZUFMCME-IOISZPOISA-N__NXSREBHQQZXCEM-UHFFFAOYSA-N,train_round4,C[C@@H](CC(=O)N[C@H]([C@@H](C)O)[C@@H]([C@H](C=O)NC(=O)C)O)O,C1=CC=C2C(=C1)C3=CC(=CC(=C3C2=O)C=O)Br,CC(=O)NC(C(=O)C(O)c1cc(Br)cc2c1C(=O)c1ccccc1-2)C(O)C(NC(=O)CC(C)O)C(C)O,7.768619510967534,8.5083,round4,mixed,37
OXOJNQAAMUZYKT-UHFFFAOYSA-N__BTMLFNJFQASNPF-UHFFFAOYSA-N,train_round4,CCOC(=O)CC(C(C1=CC(=C(C=C1)F)C=O)O)O,C1=CC(=CC=C1C=O)N(C2=CC=C(C=C2)F)C3=CC=C(C=C3)F,CCOC(=O)CC(O)C(O)c1ccc(F)c(C(=O)C(O)c2ccc(N(c3ccc(F)cc3)c3ccc(F)cc3)cc2)c1,9.759794185524738,5.3639,round4,train,42
UDCPUFXOZILNNU-UHFFFAOYSA-N__FVNRHAJOCWEMMT-UHFFFAOYSA-N,train_round4,CN(C1=CC=CC=C1)C2=NC(=NC(=C2C=O)NCC(=O)N)N,CC(C(=O)O)OC1=C(C=CC=C1F)C=O,CC(Oc1c(F)cccc1C(O)C(=O)c1c(NCC(N)=O)nc(N)nc1N(C)c1ccccc1)C(=O)O,8.610136598091717,7.0443,round4,train,37
CUIMZXPUSMQXRP-UHFFFAOYSA-N__JJRBWGJBKCNQKL-UHFFFAOYSA-N,train_round4,CC1=CC2=C(C=C1C3=C(C=CC(=C3F)C=O)OC)C(CCC2(C)C)(C)C,C1=CC2=NC=C(N2C(=C1)C(F)(F)F)C=O,COc1ccc(C(=O)C(O)c2cnc3cccc(C(F)(F)F)n23)c(F)c1-c1cc2c(cc1C)C(C)(C)CCC2(C)C,8.139016838491434,5.8462,round4,train,41
LGCDTHHSLLHZIO-UHFFFAOYSA-N__OJMHCZLXVGJKEN-UHFFFAOYSA-N,train_round4,CCOC(=O)C1=NN2CC(N(C(C2=C1)C=O)C3=CC=C(C=C3)F)(C)C(=O)NCC4=CC=CC=C4,CN(CCOC1=CC=C(C=C1)C=O)C2=CC(=NC=N2)OC3=CC=C(C=C3)F,CCOC(=O)c1cc2n(n1)CC(C)(C(=O)NCc1ccccc1)N(c1ccc(F)cc1)C2C(=O)C(O)c1ccc(OCCN(C)c2cc(Oc3ccc(F)cc3)ncn2)cc1,10.902015914837072,5.3309,round4,mixed,61
IXINISWLUYIYPP-UHFFFAOYSA-N__QTDFCQKKMWDINE-UHFFFAOYSA-N,train_round4,C1CS(=O)(=O)CC1N(CC2=C(C=CC=C2Cl)F)CC(COC3=CC=CC(=C3)C=O)O,C1=CC2=C3C(=C1)C=CC4=C(C=CC(=C43)C=C2)C5=CC=C(C=C5)C=O,O=C(c1cccc(OCC(O)CN(Cc2c(F)cccc2Cl)C2CCS(=O)(=O)C2)c1)C(O)c1ccc(-c2ccc3ccc4cccc5ccc2c3c45)cc1,10.372417553570092,0.1892,round4,mixed,54
LSKWSYAZMJJORH-UHFFFAOYSA-N__IBFDQVZPWHOZOW-UHFFFAOYSA-N,train_round4,CCC(C=O)OC1(CCN(CC1)CCC2=CC(=CC=C2)F)CN(C)C(C)C,C1CCC(C1)C2=C(C3=C(N2)C(=CC=C3)F)C=O,CCC(OC1(CN(C)C(C)C)CCN(CCc2cccc(F)c2)CC1)C(=O)C(O)c1c(C2CCCC2)[nH]c2c(F)cccc12,7.2458040306224545,5.1076,round4,train,44
KNBYXSFVKAEZEE-UHFFFAOYSA-N__TYQCHKRGRGROSD-UHFFFAOYSA-N,train_round4,CC(C)(C)COC1=C(C=CC(=C1)C2(CC2)NSCCCCCC(CC=O)C(=O)NC)F,CN(CCC1=NN(C=C1C=O)C2=CCCN=C2)CC(=O)C3=CC(=CC=C3)C(F)(F)F,CNC(=O)C(CCCCCSNC1(c2ccc(F)c(OCC(C)(C)C)c2)CC1)CC(=O)C(O)c1cn(C2=CCCN=C2)nc1CCN(C)CC(=O)c1cccc(C(F)(F)F)c1,7.592671889441445,6.278,round4,mixed,61
QJFADSYDYKLSTF-UHFFFAOYSA-N__KZPPJJDZYATJFM-UHFFFAOYSA-N,train_round4,C1=CC(=CC(=C1)F)COC2=C(C=C(C=C2)C=O)[N+](=O)[O-],COC1=C(NC(=C1)Br)C=O,COc1cc(Br)[nH]c1C(O)C(=O)c1ccc(OCc2cccc(F)c2)c([N+](=O)[O-])c1,12.910265214273336,9.0714,round4,train,30
UROXKZCROBOULJ-UHFFFAOYSA-N__MTOOLYFACKTVRT-SNAWJCMRSA-N,train_round4,C1=CC(=C(C=C1OC2=C(C=CC(=C2)Br)F)Br)C=O,C1=CC(=CC(=C1)C(F)(F)F)/C=C/C2=CC=C(O2)C=O,O=C(c1ccc(Oc2cc(Br)ccc2F)cc1Br)C(O)c1ccc(C=Cc2cccc(C(F)(F)F)c2)o1,15.5634440172794,4.2113,round4,train,37
MXBJDAVLFFQHND-UHFFFAOYSA-N__PKWOXOAHCZZLJH-UHFFFAOYSA-N,train_round4,COC1=C(C=CC(=C1)C=O)OCC(=O)NC2=NC=C(S2)CC3=CC(=C(C=C3)Cl)C(F)(F)F,C1CCC(C(C1)O)OC2=C(C=C(C=C2)C=O)C(F)(F)F,COc1cc(C(=O)C(O)c2ccc(OC3CCCCC3O)c(C(F)(F)F)c2)ccc1OCC(=O)Nc1ncc(Cc2ccc(Cl)c(C(F)(F)F)c2)s1,7.347969585535655,6.944,round4,train,52
TUHAXJRKHALZKK-LJQANCHMSA-N__JKFKYGFUFFFTCG-UHFFFAOYSA-N,train_round4,CC(C)C1=C(C=C(C(=C1)C=O)[C@]2(CCCC(C2=O)(C)C)C)O,C1CCC(C1)N2CCN(CC2)C3=CC(=CC(=C3)C=O)F,CC(C)c1cc(C(=O)C(O)c2cc(F)cc(N3CCN(C4CCCC4)CC3)c2)c(C2(C)CCCC(C)(C)C2=O)cc1O,10.23262128539398,5.4738,round4,mixed,42
XZTRVRIVACQSFB-UHFFFAOYSA-N__BCRWVOGMPZESIN-UHFFFAOYSA-N,train_round4,C1=CC(=CC=C1NC2=NC=NC(=C2C=O)N)OC(F)F,CC1CCN(C1)C2=C(C(=CC=C2)F)C=O,CC1CCN(c2cccc(F)c2C(O)C(=O)c2c(N)ncnc2Nc2ccc(OC(F)F)cc2)C1,15.477604128793272,7.0648,round4,train,35
KGCKNAKQFJWUQF-UHFFFAOYSA-N__XMRJMKBYWSFJID-UHFFFAOYSA-N,train_round4,C1=CC2=C(C(=C1)C=O)N(C(=O)C(=C2)C(=O)NCC3=CC(=C(C=C3)F)F)O,CC1(CC2(CC(C1)(C(=O)N(C2=O)CC3=CC=C(C=C3)OC)C)C)C=O,COc1ccc(CN2C(=O)C3(C)CC(C)(CC(C)(C(O)C(=O)c4cccc5cc(C(=O)NCc6ccc(F)c(F)c6)c(=O)n(O)c45)C3)C2=O)cc1,8.825934014055727,7.9764,round4,mixed,51
RIJHWQXAHPRKAO-UHFFFAOYSA-N__WKEGDGIXQGMRJK-UHFFFAOYSA-N,train_round4,C1=CC(=C(N=C1C=O)Cl)F,CNC1(CN(CCN1C(=O)O)C2=NC=C(C=C2)C3=CC=C(C=C3)OC(F)(F)F)CC=O,CNC1(CC(O)C(=O)c2ccc(F)c(Cl)n2)CN(c2ccc(-c3ccc(OC(F)(F)F)cc3)cn2)CCN1C(=O)O,7.771400189918288,9.2013,round4,train,41
QIZKCGBBVPUBJL-ZYHUDNBSSA-N__VMNCVBXEYXXTET-UHFFFAOYSA-N,train_round4,C1CS[C@@H](N=C1C(=O)O)[C@@H](C=O)NC(=O)CC2=CC=CS2,CCC1=C(C(=NN1CC2=C(C=CC(=C2)Cl)F)CC)C=O,CCc1nn(Cc2cc(Cl)ccc2F)c(CC)c1C(O)C(=O)C(NC(=O)Cc1cccs1)C1N=C(C(=O)O)CCS1,12.021844926726628,9.693,round4,mixed,41
TXHWBMCYCJJHGD-UHFFFAOYSA-N__IBBXGTGTNJWYGY-UHFFFAOYSA-N,train_round4,CC1=C(C(=C(C(=C1[N+](=O)[O-])C(C)(C)C)[N+](=O)[O-])C)CC=O,C1CC1C2=C(N=C(O2)C3=CC=CC=C3OC(F)(F)F)C=O,Cc1c(CC(=O)C(O)c2nc(-c3ccccc3OC(F)(F)F)oc2C2CC2)c(C)c([N+](=O)[O-])c(C(C)(C)C)c1[N+](=O)[O-],8.218104433822747,4.1007,round4,train,42
AYTNNGDBBATODG-UHFFFAOYSA-N__CBXRNLKYSJBJPQ-UHFFFAOYSA-N,train_round4,COC1=CC(=CC(=C1)C(F)(F)F)C2=NC(=CS2)C=O,C1=CC=C(C(=C1)C2=C(N=NN2CC#N)C=O)F,COc1cc(-c2nc(C(=O)C(O)c3nnn(CC#N)c3-c3ccccc3F)cs2)cc(C(F)(F)F)c1,9.677398044883406,1.3903,round4,train,36
XZQNCQPZIRELMN-UHFFFAOYSA-N__YVNSHXHZIBPWNH-UHFFFAOYSA-N,train_round4,C1=C(C(=CC2=C1C(=CS2)F)C#N)C=O,CC1=C(C=C(C=C1)C2=CC(=C(C=C2)OC)CNC(=O)C3=C(C=C(C=C3)C(F)(F)F)F)C=O,COc1ccc(-c2ccc(C)c(C(O)C(=O)c3cc4c(F)csc4cc3C#N)c2)cc1CNC(=O)c1ccc(C(F)(F)F)cc1F,15.25526157543993,6.9379,round4,train,46
ZPSNQDSHGATFOG-UHFFFAOYSA-N__UPNPBGMMHDFXCX-MHKYCTGGSA-N,train_round4,CCC1=CC(=C(C=C1F)NC(CCC(=O)NC)C=O)OC,C1CC(C(=O)NC1)C[C@@H](C=O)NC(=O)[C@H](CC2=CC=C(C=C2)F)NC(=O)C3=CC4=CC=CC=C4C=C3,CCc1cc(OC)c(NC(CCC(=O)NC)C(=O)C(O)C(CC2CCCNC2=O)NC(=O)C(Cc2ccc(F)cc2)NC(=O)c2ccc3ccccc3c2)cc1F,8.75481837393566,-11.1856,round4,mixed,57
HWCCREFCPZCVAY-UHFFFAOYSA-N__OUBFLYOMMJXVIT-UHFFFAOYSA-N,train_round4,C1=CC(=C(C2=C1N=CC(=C2)Br)C=O)OS(=O)(=O)C(F)(F)F,CN1C(=CC=N1)C2=CC(=CC(=C2)C=O)OC(F)(F)F,Cn1nccc1-c1cc(OC(F)(F)F)cc(C(O)C(=O)c2c(OS(=O)(=O)C(F)(F)F)ccc3ncc(Br)cc23)c1,10.284647791448997,-2.6833,round4,train,40
OGEIEWBFXFLLNI-UHFFFAOYSA-N__PTHJSECRULITNC-UHFFFAOYSA-N,train_round4,C1=CC2=CC3=C(C=CC(=C3C=C2C(=C1)N4C=C(N=C4)CO)C(F)(F)F)C=O,C1=CC(=CC=C1CCCOC(F)(F)F)C=O,O=C(c1ccc(C(F)(F)F)c2cc3c(-n4cnc(CO)c4)cccc3cc12)C(O)c1ccc(CCCOC(F)(F)F)cc1,7.956433611658626,0.9151,round4,train,43
MKDRTISIACJSSN-UHFFFAOYSA-N__GNZWHWGVFFOFRV-UHFFFAOYSA-N,train_round4,CCC(CC)NC(=O)COC1=C(C=CC=C1F)C=O,COC1=NC=C(C(=C1C(F)F)N)C=O,CCC(CC)NC(=O)COc1c(F)cccc1C(=O)C(O)c1cnc(OC)c(C(F)F)c1N,10.304064874220376,10.4446,round4,train,33
ZUFJUYICIXURHG-UHFFFAOYSA-N__UVHUMURGQNULMI-UHFFFAOYSA-N,train_round4,C1CC(CCC1N(C2=NC(=NC(=C2)N3CCOCC3)C4=NC(=CS4)C=O)C(=O)O)(F)F,COC1=CC(=CC(=C1)C(=O)OC2=CC=CC(=C2)C=O)OC,COc1cc(OC)cc(C(=O)Oc2cccc(C(O)C(=O)c3csc(-c4nc(N5CCOCC5)cc(N(C(=O)O)C5CCC(F)(F)CC5)n4)n3)c2)c1,9.659223720282174,-3.6633,round4,mixed,52
WEGPZELOAUQYCC-DUXPYHPUSA-N__GZVBTLQAEIKDKF-CRYROECRSA-N,train_round4,C1=CC(=C(C(=C1C=O)OC(F)F)/C=C/C(=O)O)[N+](=O)[O-],CC1[C@H]2C=C[C@@H](C1C=O)O2,CC1C2C=CC(O2)C1C(O)C(=O)c1ccc([N+](=O)[O-])c(C=CC(=O)O)c1OC(F)F,9.401552037481558,5.2789,round4,mixed,30
DCJNHYFQRYOGKF-UHFFFAOYSA-N__OFCYVRBLJQASFD-UHFFFAOYSA-N,train_round4,CC1=C(C(=NO1)C2=CC=C(C=C2)OCC3=CC=CC=C3)C=O,CCN1C2=C(C=C(C=C2)Br)C(=C1C(=O)O)C=O,CCn1c(C(=O)O)c(C(O)C(=O)c2c(-c3ccc(OCc4ccccc4)cc3)noc2C)c2cc(Br)ccc21,8.960766106139786,3.1209,round4,mixed,39
ISKWGVXGPSERKB-UHFFFAOYSA-N__ZEKGFOCRRUYSMQ-UHFFFAOYSA-N,train_round4,C1=C(C(=C(C(=N1)C(F)F)F)CN)C=O,COC1=CC(=C(C=C1)C=O)OCC2=CC(=CC(=C2)F)C#N,COc1ccc(C(O)C(=O)c2cnc(C(F)F)c(F)c2CN)c(OCc2cc(F)cc(C#N)c2)c1,8.620508116022377,6.4605,round4,train,35
RAFNNTDBINEJTD-UHFFFAOYSA-N__KJPSNXSQCVTXIS-UHFFFAOYSA-N,train_round4,CC(C)CC1=CN(C(N1CC2CC2)C=O)C3=CC=CC=C3C(F)(F)F,CC(C)(C=O)C1=C(C=CC(=C1)C(F)(F)F)F,CC(C)CC1=CN(c2ccccc2C(F)(F)F)C(C(=O)C(O)C(C)(C)c2cc(C(F)(F)F)ccc2F)N1CC1CC1,8.79230174373946,3.715,round4,mixed,41
YXJYPNBWNJVCDT-UHFFFAOYSA-N__XRLPTICWFSYFTA-UHFFFAOYSA-N,train_round4,CC1=CC(=CC(=C1OC)C(F)(F)F)C2=CC=C(O2)C=O,CN1C(=CC2=C1N(C3=C2C=CC=C3F)C)C=O,COc1c(C)cc(-c2ccc(C(=O)C(O)c3cc4c5cccc(F)c5n(C)c4n3C)o2)cc1C(F)(F)F,17.188235838544333,9.4257,round4,train,37
RYBHUGMTHMMHKH-UHFFFAOYSA-N__AJPNYLSDBYSMGB-UHFFFAOYSA-N,train_round4,C1COCCN1C2=C(C=C(C=C2)C=O)F,CC1=CC(=C(C=C1)C(=C)C)C2=C(C=CC(=C2)C=O)N,C=C(C)c1ccc(C)cc1-c1cc(C(O)C(=O)c2ccc(N3CCOCC3)c(F)c2)ccc1N,10.81681104873598,5.5096,round4,train,34
HLNFMAVSNQIKOK-UHFFFAOYSA-N__MAEAMORXBJDPPM-UHFFFAOYSA-N,train_round4,C1CN(CC(N1)C2=CSC(=N2)C=O)CC(C3=CC=CC=C3)C4=CC=CC5=C4C=CC(=C5)F,C1=C(C(=C(C(=N1)[N+](=O)[O-])C(F)F)C=O)C#N,N#Cc1cnc([N+](=O)[O-])c(C(F)F)c1C(O)C(=O)c1nc(C2CN(CC(c3ccccc3)c3cccc4cc(F)ccc34)CCN2)cs1,8.699677001364345,5.7765,round4,mixed,48
SXQIIHOTZWYYCW-UHFFFAOYSA-N__CUKCSPFRQLTLQR-UHFFFAOYSA-N,train_round4,C1=CC(=CC(=C1)C(F)(F)F)C2=C(OC=C2)C=O,CC1=C(N=C(O1)C2=CC(=CC(=C2)Cl)Cl)CCOC3=C4C=CSC4=C(C=C3)C=O,Cc1oc(-c2cc(Cl)cc(Cl)c2)nc1CCOc1ccc(C(O)C(=O)c2occc2-c2cccc(C(F)(F)F)c2)c2sccc12,8.773593191358366,3.9043,round4,mixed,45
VHHLKGPMINLFQD-UHFFFAOYSA-N__GCPOQTUGLSEDTG-UHFFFAOYSA-N,train_round4,C1=C(C(=C(C(=O)N1)C=O)N)C(F)F,C1=C(C(=C(O1)C=O)CO)CO,Nc1c(C(F)F)c[nH]c(=O)c1C(=O)C(O)c1occ(CO)c1CO,8.956113155831966,7.7869,round4,train,24
GKESSEWVCUOPBP-UHFFFAOYSA-N__QWEUXCQCGPXTHG-UHFFFAOYSA-N,train_round4,C1CSC2=NC(=C(N21)C=O)C3=CC=C(C=C3)F,C1=CC(=CC=C1CC(=N)SC(=N)C2=CNC(=C(C2=O)O)C=O)F,N=C(Cc1ccc(F)cc1)SC(=N)c1c[nH]c(C(O)C(=O)c2c(-c3ccc(F)cc3)nc3n2CCS3)c(O)c1=O,8.71042651506231,8.4575,round4,mixed,40
KJCQQVRTRROYSN-UHFFFAOYSA-N__BXALZYMWTIBNFY-UHFFFAOYSA-N,train_round4,C1=CC(=NC(=C1C=O)F)C2=C(C(=C(C(=C2F)F)F)F)F,COC1=C(C=C(C=C1)F)C2=C(C3=C(N2)C=CC(=C3)C(F)(F)F)C=O,COc1ccc(F)cc1-c1[nH]c2ccc(C(F)(F)F)cc2c1C(O)C(=O)c1ccc(-c2c(F)c(F)c(F)c(F)c2F)nc1F,9.83440677982334,7.1512,round4,train,44
DEGNHSKSTHUZLI-UHFFFAOYSA-N__UHINYUMYJCZPHK-UHFFFAOYSA-N,train_round4,C1=CC=C(C(=C1)N2C(=C(N=C2C3=CC=C(C=C3)Cl)C(=O)O)C=O)F,C1=CC=C(C(=C1)C2=NN(C=C2C=O)C3=C(C=C(C=C3)[N+](=O)[O-])[N+](=O)[O-])O,O=C(O)c1nc(-c2ccc(Cl)cc2)n(-c2ccccc2F)c1C(=O)C(O)c1cn(-c2ccc([N+](=O)[O-])cc2[N+](=O)[O-])nc1-c1ccccc1O,13.093272608412413,6.4922,round4,train,50
RUDUTXCKHPJRNR-UHFFFAOYSA-N__LFILKASNJPPRQT-UHFFFAOYSA-N,train_round4,CCCC(=O)OC1=C(C=C(C=C1F)C2=NC(=NS2)C3=CC=C(C=C3)N4CCCC4)C=O,COC1=CC(=C(C=C1)C=O)OCC(=O)N,CCCC(=O)Oc1c(F)cc(-c2nc(-c3ccc(N4CCCC4)cc3)ns2)cc1C(=O)C(O)c1ccc(OC)cc1OCC(N)=O,11.842480695069993,7.8728,round4,train,46
GJQCIUCPNVIROB-ZWKOTPCHSA-N__UNIAMXONBZJGES-UHFFFAOYSA-N,train_round4,CC(C)(C)OC(=O)N[C@@H](CC1=CC(=CC=C1)F)[C@@H](C=O)O[Si](C)(C)C(C)(C)C,C1=C(C(=O)NC(=C1OC(F)(F)F)CCl)C=O,CC(C)(C)OC(=O)NC(Cc1cccc(F)c1)C(O[Si](C)(C)C(C)(C)C)C(=O)C(O)c1cc(OC(F)(F)F)c(CCl)[nH]c1=O,9.798845061983345,1.6801,round4,train,44
BUEGRDVNKRBFQN-UHFFFAOYSA-N__UEPYHPLFYHPLEC-JOCHJYFZSA-N,train_round4,C1C(=NOC1(C2=CC(=CC=C2)F)C(F)(F)F)C3=CC=C(C=C3)C=O,CCC[C@@](CCC1=CC=CC=C1)(CC=O)OCC2=CC=C(C=C2)OC,CCCC(CCc1ccccc1)(CC(O)C(=O)c1ccc(C2=NOC(c3cccc(F)c3)(C(F)(F)F)C2)cc1)OCc1ccc(OC)cc1,7.254392972291898,3.0632,round4,train,49
OQXIAMJLMUNICG-UHFFFAOYSA-N__QLHFPUZKAQULLM-UHFFFAOYSA-N,train_round4,C1=C(C(=C(C(=N1)C#N)C=O)C(F)F)Br,CC(C1=CC(=C(N=C1)C(F)(F)F)F)N2CCC3(CC2)C4=C(CCO3)C=C(S4)C=O,CC(c1cnc(C(F)(F)F)c(F)c1)N1CCC2(CC1)OCCc1cc(C(O)C(=O)c3c(C#N)ncc(Br)c3C(F)F)sc12,12.12876814666207,7.692,round4,train,43
FTXILYLGSIKNKJ-UHFFFAOYSA-N__JQPXMFKUYNNLBX-UHFFFAOYSA-N,train_round4,C1=C(C(=C(C(=O)N1)C=O)C(F)F)Cl,CC1=CC(=C(N1C2=CC=CC=C2C(=O)NC(C)C3=NC(=CS3)C(F)(F)F)C)C=O,Cc1cc(C(O)C(=O)c2c(C(F)F)c(Cl)c[nH]c2=O)c(C)n1-c1ccccc1C(=O)NC(C)c1nc(C(F)(F)F)cs1,18.901460227652738,12.2169,round4,mixed,42
WZBWHLXYVZUUIV-MLCCFXAWSA-N__MJSNZOPGFAQAHP-UHFFFAOYSA-N,train_round4,CNCC1=C(C(=NC(=C1F)NC2CCCC[C@@H]2N)C(=CN)C=NC)C=O,CCC1=CC=C(C=C1)C2=C(C=CC(=C2)C=O)F,CCc1ccc(-c2cc(C(O)C(=O)c3c(C(C=NC)=CN)nc(NC4CCCCC4N)c(F)c3CNC)ccc2F)cc1,14.04805928898326,3.8015,round4,mixed,43
ZZAHSKZIILVSMP-UHFFFAOYSA-N__FJJLPYKEJGTKJO-UHFFFAOYSA-N,train_round4,CCOC1=C(C(=CC(=C1)C=O)Br)OCC(F)(F)F,CC1=C(NC2=C(C(=CC(=C12)OC)OC)C=O)C,CCOc1cc(C(=O)C(O)c2c(OC)cc(OC)c3c(C)c(C)[nH]c23)cc(Br)c1OCC(F)(F)F,11.984174989970615,6.995,round4,train,35
AAMZJKGABLTRPA-GRDNDAEWSA-N__JRURYWDMXODOER-UHFFFAOYSA-N,train_round4,CCS(=O)(=O)[C@H]1[C@@H]([C@@]1(C=O)NC(=O)OC(C)(C)C)C2=CC(=CC=C2)F,CC(C)C1CCN(C1)C2=C(C=C(C=C2)C=O)F,CCS(=O)(=O)C1C(c2cccc(F)c2)C1(NC(=O)OC(C)(C)C)C(=O)C(O)c1ccc(N2CCC(C(C)C)C2)c(F)c1,14.13674636365959,5.1503,round4,train,42
OJCOHNRWAKFCSV-UHFFFAOYSA-N__QAFVRZKFSGWPCE-UHFFFAOYSA-N,train_round4,CC1C(CCO1)SC2=C(C=C(C=C2)F)C=O,C1CN(CCC1OC2=CC=C(C=C2)Cl)C3=C(C=CC(=C3)F)C=O,CC1OCCC1Sc1ccc(F)cc1C(=O)C(O)c1ccc(F)cc1N1CCC(Oc2ccc(Cl)cc2)CC1,8.902257009162081,2.9976,round4,mixed,39
IWNJMRJOVNSYHZ-UHFFFAOYSA-N__BAKCJHSZPRILCZ-UHFFFAOYSA-N,train_round4,COC1=C(C=CC(=C1)[N+](=O)[O-])N2C=CC=C2C=O,CCCCCN1C(=C(N(C1=O)CC2=CC=C(C=C2)C3=CC=CC=C3C4=NNN=N4)CCC(C)C)C=O,CCCCCn1c(C(O)C(=O)c2cccn2-c2ccc([N+](=O)[O-])cc2OC)c(CCC(C)C)n(Cc2ccc(-c3ccccc3-c3nn[nH]n3)cc2)c1=O,9.845451687700002,7.5742,round4,train,54
GQDUCXZHADKSPR-UHFFFAOYSA-N__SQCKYVACANSSKC-UHFFFAOYSA-N,train_round4,B(C1=C(C=CC(=C1C=O)F)F)(O)O,CC1=C(C=C(C=C1)Br)OC2=C(C=C(C=C2)F)C=O,Cc1ccc(Br)cc1Oc1ccc(F)cc1C(O)C(=O)c1c(F)ccc(F)c1B(O)O,7.264656209243142,4.5314,round4,train,31
LKJTZODSCPDMIA-UHFFFAOYSA-N__JNRBSYBXSNYYCH-UHFFFAOYSA-N,train_round4,C1=CC(=NC(=C1C=O)C(F)(F)F)C2=CC(=C(C(=C2)Cl)Cl)Cl,CC(C)C1=CC(=C(C(=C1)C(C)C)OCC(F)F)C2=CC=CC=C2C=O,CC(C)c1cc(-c2ccccc2C(O)C(=O)c2ccc(-c3cc(Cl)c(Cl)c(Cl)c3)nc2C(F)(F)F)c(OCC(F)F)c(C(C)C)c1,7.765738864023175,3.5762,round4,train,46
HFYDFMQPXAXTMV-UHFFFAOYSA-N__JRXCFEZEHWXIDX-UHFFFAOYSA-N,train_round4,CC(=O)SCC(C(C1=C(C=C(C=C1)C(F)(F)F)C=O)O)O,CC1=CC(=C(C=C1)OCCOC2=C(C=C(C=C2)C=O)OC)Br,COc1cc(C(O)C(=O)c2cc(C(F)(F)F)ccc2C(O)C(O)CSC(C)=O)ccc1OCCOc1ccc(C)cc1Br,7.5445931667505635,4.7655,round4,train,43
BKFWNTXDPDHTAL-UHFFFAOYSA-N__BQMNWHQHJVPPST-XMMPIXPASA-N,train_round4,C1=CC=C(C=C1)OC2=C(C=CC=C2F)C=O,CC1=CC=C(C=C1)[C@](C=O)(C2=CC=C(C=C2)O)C3=C(C4=CC=CC=C4N3)C,Cc1ccc(C(c2ccc(O)cc2)(c2[nH]c3ccccc3c2C)C(O)C(=O)c2cccc(F)c2Oc2ccccc2)cc1,8.356802175384537,4.1156,round4,train,43
KMHPMCZGYHEXMO-UHFFFAOYSA-N__NWYXKYZKRPNQLV-KRWDZBQOSA-N,train_round4,CC1=CC(=NC(=O)C2=C(C(=CC=C2)C(F)(F)F)F)N(N1CC3=C(C=CC=C3Cl)F)CC=O,CC(C)(C)OC(=O)CC[C@@H](C=O)NC(=O)CC1=CN(C2=CC=CC=C21)C(=O)OC(C)(C)C,Cc1cc(=NC(=O)c2cccc(C(F)(F)F)c2F)n(CC(=O)C(O)C(CCC(=O)OC(C)(C)C)NC(=O)Cc2cn(C(=O)OC(C)(C)C)c3ccccc23)n1Cc1c(F)cccc1Cl,7.383581452808911,2.5795,round4,train,64
XIHANSQWRWJBBW-GFCCVEGCSA-N__ZZJVPOOGGHYGDL-UHFFFAOYSA-N,train_round4,C1[C@@H](N(C(=O)S1)C2=NOC3=C2C=C(C(=C3F)F)C=O)C4=CC=CC=C4,CN(C1CCCCC1)C2=C(C(=O)N3C=CC=CC3=N2)C=O,CN(c1nc2ccccn2c(=O)c1C(O)C(=O)c1cc2c(N3C(=O)SCC3c3ccccc3)noc2c(F)c1F)C1CCCCC1,10.644580808810394,11.1511,round4,mixed,46
RHNZVQRTEMLQGF-UHFFFAOYSA-N__GKUVNCCRZOSYTD-UHFFFAOYSA-N,train_round4,COC1=C(C(=C(C=C1)C=O)F)C2=CC=CC=C2,CC1=CC(=C(C=C1)OC2=CC(=C(C=C2)[N+](=O)[O-])F)C=O,COc1ccc(C(=O)C(O)c2cc(C)ccc2Oc2ccc([N+](=O)[O-])c(F)c2)c(F)c1-c1ccccc1,8.075679432127828,1.9639,round4,train,37
FTRXKOQQOBPAQN-UHFFFAOYSA-N__NOLVIQXZILHFNW-UHFFFAOYSA-N,train_round4,CCCCCCOC(=O)CCCCCC(=O)OC1=CC=C(C=C1)C=O,CN(CC1=CC(=CC=C1)F)C2=C(C=C(C=C2)F)C=O,CCCCCCOC(=O)CCCCCC(=O)Oc1ccc(C(=O)C(O)c2cc(F)ccc2N(C)Cc2cccc(F)c2)cc1,8.710518868199113,7.1134,round4,train,44
YATBXUBSLCHTMP-UHFFFAOYSA-N__SAIKFHUTKIXONZ-UHFFFAOYSA-N,train_round4,C1=C(C(=C(N=C1Cl)[N+](=O)[O-])C=O)C(F)F,C1C(CN1CCOC2=CC=C(C=C2)OC3=C(SC4=C3C=CC(=C4)O)C=O)CF,O=C(c1c(C(F)F)cc(Cl)nc1[N+](=O)[O-])C(O)c1sc2cc(O)ccc2c1Oc1ccc(OCCN2CC(CF)C2)cc1,9.956120831198248,5.1607,round4,train,43
CJMCKFATLQNVIL-UHFFFAOYSA-N__NMWXCGNWIZNTJG-RMKNXTFCSA-N,train_round4,CNC(=O)N(CCC=O)C1=NN(C2=CC(=C(C=C21)F)C3CCNCC3O)C,CC(=CCC1=C(C(=C(C(=C1O)C(=O)/C(=C/O)/C)O)C=O)O)C,CNC(=O)N(CCC(=O)C(O)c1c(O)c(CC=C(C)C)c(O)c(C(=O)C(C)=CO)c1O)c1nn(C)c2cc(C3CCNCC3O)c(F)cc12,7.7148630902361,9.6947,round4,mixed,49
RSVLOWLCSDVHKN-UHFFFAOYSA-N__WKYXMJKNCYTCID-UHFFFAOYSA-N,train_round4,C1CC2=C(C(=CC(=C2)F)C=O)OC1,CC1=CC(=C(C=C1)C2=NC=C(S2)C=O)F,Cc1ccc(-c2ncc(C(O)C(=O)c3cc(F)cc4c3OCCC4)s2)c(F)c1,7.57136272902345,5.3776,round4,train,28
UWJQHWSLJMGNMK-UHFFFAOYSA-N__MEASBTFUQUJCEP-UHFFFAOYSA-N,train_round4,C1=CC(=CC(=C1)OC2=C(C=CC(=C2)Cl)C#N)C=O,C1=CC(=CN=C1)C(=O)OC2=CC=C(C=C2)C=O,N#Cc1ccc(Cl)cc1Oc1cccc(C(=O)C(O)c2ccc(OC(=O)c3cccnc3)cc2)c1,9.80799568553788,2.9101,round4,mixed,35
KYIIDNUOWGBCBT-UHFFFAOYSA-N__KATWNMCLQJFLCP-UHFFFAOYSA-N,train_round4,CCC(C=O)OC1(CCN(CC1)CCC2=CC(=CC=C2)F)CN(C)CC,C=CCC(C=O)(C1=CC=C(C=C1)F)Br,C=CCC(Br)(c1ccc(F)cc1)C(O)C(=O)C(CC)OC1(CN(C)CC)CCN(CCc2cccc(F)c2)CC1,7.264246202484373,7.611,round4,train,40
WDOSEAHELFTJRC-UHFFFAOYSA-N__QPJDXCJYHQRQPK-UHFFFAOYSA-N,train_round4,C1=CC(=CC(=C1)OS(=O)(=O)O)C=O,COC1=C(C=C(C=C1)S(=O)(=O)F)C=O,COc1ccc(S(=O)(=O)F)cc1C(O)C(=O)c1cccc(OS(=O)(=O)O)c1,35.39570148330668,28.0697,round4,train,27
PVUKGNBRJFTFNJ-UHFFFAOYSA-N__LRJTXVHTZSDYBN-UHFFFAOYSA-N,train_round4,C1=CC(=NC=C1C=O)Br,CCC(=O)OCC1=CC=C(O1)C=O,CCC(=O)OCc1ccc(C(O)C(=O)c2ccc(Br)nc2)o1,11.319024832384134,2.7049,round4,train,22
DRDWPUWYFVHYQT-UHFFFAOYSA-N__UZQCLWUMBJAMRY-LMNJBCLMSA-N,train_round4,C1=CC(=C2C(=C1)N(C(=N2)C(F)(F)F)C(C=O)C3=CC=NC=C3)NC(=O)C4=C(C=CC=C4Cl)Cl,C[C@@]1([C@@H](N2[C@H](S1)CC2=O)C(=O)OC(C3=CC=CC=C3)C4=CC=CC=C4)C=O,CC1(C(O)C(=O)C(c2ccncc2)n2c(C(F)(F)F)nc3c(NC(=O)c4c(Cl)cccc4Cl)cccc32)SC2CC(=O)N2C1C(=O)OC(c1ccccc1)c1ccccc1,9.423359050917933,0.7041,round4,train,60
HWPZYXFGTIORPG-UHFFFAOYSA-N__IYZMPRBIEMZVGF-UHFFFAOYSA-N,train_round4,C1=CC(=C(C(=C1C=O)Br)Br)N,CCOC(=O)C1=C(C=CC(=C1C=O)C(F)(F)F)C(F)(F)F,CCOC(=O)c1c(C(F)(F)F)ccc(C(F)(F)F)c1C(O)C(=O)c1ccc(N)c(Br)c1Br,8.103986881437706,4.3903,round4,train,32
GLIJMJWFSPQEQJ-GEFFFCTPSA-N__GHCQIMVPVHKARS-UHFFFAOYSA-N,train_round4,CC1(CCC(=O)[C@@]2([C@@H]1C=O)COC(=O)[C@]34[C@H]2CC[C@H]([C@H]3OC(=O)C5=CC=C(C=C5)F)C(=C)C4=O)C,C1CCC(CC1)(C=O)C(C(=O)C2=CC=C(C=C2)F)O,C=C1C(=O)C23C(=O)OCC4(C(=O)CCC(C)(C)C4C(=O)C(O)C4(C(O)C(=O)c5ccc(F)cc5)CCCCC4)C2CCC1C3OC(=O)c1ccc(F)cc1,11.743813626709242,2.7408,round4,mixed,54
MCLKENFNADTUPA-UHFFFAOYSA-N__JOYPPFDDTPSWCV-UHFFFAOYSA-N,train_round4,C1=C(N=C(C(=C1OC(F)(F)F)C=O)C(F)F)CCl,C1=CC=C2C=C(C(=CC2=C1)C=O)N,Nc1cc2ccccc2cc1C(O)C(=O)c1c(OC(F)(F)F)cc(CCl)nc1C(F)F,7.375939208105959,3.986,round4,train,31
HDUVXZYIAATFAC-UHFFFAOYSA-N__KLPZYNGBKMNNFA-UHFFFAOYSA-N,train_round4,C1CCN(C1)C=NC2=C(C(=NN2C3=CC=CC=C3)C4=CC=CC=C4)C=O,C1=CC(=CC(=C1)C(F)(F)F)C2=NN=C3N2C=CC=C3C=O,O=C(c1c(-c2ccccc2)nn(-c2ccccc2)c1N=CN1CCCC1)C(O)c1cccn2c(-c3cccc(C(F)(F)F)c3)nnc12,14.249946867374456,4.2004,round4,mixed,47
NHFVGSVKWMNNLA-UHFFFAOYSA-N__OBLBSEZFSUHITR-UHFFFAOYSA-N,train_round4,CC(C=O)C1=C(C(=CC(C1(C)Cl)(C(=O)O)OCC#N)N2C(=O)C=C(N(C2=O)C)C(F)(F)F)F,CCOC1=C2C(=C(C3=CC=CC=C31)OC(F)F)C(=O)N(C2=O)C4=CC(=C(C=C4)CC=O)F,CCOc1c2c(c(OC(F)F)c3ccccc13)C(=O)N(c1ccc(CC(O)C(=O)C(C)C3=C(F)C(n4c(=O)cc(C(F)(F)F)n(C)c4=O)=CC(OCC#N)(C(=O)O)C3(C)Cl)c(F)c1)C2=O,13.993929494075736,6.4923,round4,train,65
JAABCTNTOZGFRD-UHFFFAOYSA-N__QQICNSJGDYVDFT-UHFFFAOYSA-N,train_round4,C1=CC(=CC=C1[N+](=O)[O-])S(=O)(=O)OCC=O,CC1=C(C(=C(C=C1C=O)F)OC)O,COc1c(F)cc(C(O)C(=O)COS(=O)(=O)c2ccc([N+](=O)[O-])cc2)c(C)c1O,7.302055039090938,8.4677,round4,train,29
DLRGZJHJRGHDDS-GFXGDVFHSA-N__ZUGOAKRJLUPLDB-UHFFFAOYSA-N,train_round4,CC/C=C(\C1=CC=C(C=C1)C)/OC(=NC2CN(C2)C3=CC(=C(C(=C3)F)C(CCC=O)C(=O)NC)F)N,C1=CC=C2C(=C1)C(=CC(=O)O2)OC3=CC=C(C=C3)C=O,CCC=C(OC(N)=NC1CN(c2cc(F)c(C(CCC(=O)C(O)c3ccc(Oc4cc(=O)oc5ccccc45)cc3)C(=O)NC)c(F)c2)C1)c1ccc(C)cc1,8.36628869943898,-3.7048,round4,mixed,56
YZHYEKRIRSHFPB-UHFFFAOYSA-N__ZRWYRAYCMKVQTI-UHFFFAOYSA-N,train_round4,C1=CC(=C(C=C1Cl)Cl)C2=NOC(=C2)C=O,C1CC(CN(C1)C(=O)CC#N)NC2=NC(=NC(=C2F)C3=CC(=C(C=C3)C=O)O)C4=C5C=CC=CN5N=C4,N#CCC(=O)N1CCCC(Nc2nc(-c3cnn4ccccc34)nc(-c3ccc(C(O)C(=O)c4cc(-c5ccc(Cl)cc5Cl)no4)c(O)c3)c2F)C1,8.315402276723288,5.1536,round4,mixed,52
ZGQVNIHWMQQCDS-UHFFFAOYSA-N__WPGNFZUZBHNAOO-UHFFFAOYSA-N,train_round4,C1=CC(=C(C=C1SC2=NC(=CC(=O)N2)N)C(F)(F)F)C=O,C1C(N(C(N1C(=O)C2=C(C=CC=C2F)F)C3=CC(=CC=C3)Br)O)C=O,Nc1cc(=O)[nH]c(Sc2ccc(C(=O)C(O)C3CN(C(=O)c4c(F)cccc4F)C(c4cccc(Br)c4)N3O)c(C(F)(F)F)c2)n1,9.01550586790606,3.0608,round4,train,46
FSMWNPKGMFODQP-JQWIXIFHSA-N__HIVDFHSZNYCJQH-UHFFFAOYSA-N,train_round4,CC[C@@H](C=O)[C@@H](C(=O)O)NS(=O)(=O)C1=CC=C(C=C1)C,C1=CC=C(C=C1)CC(C=O)NC(=O)C2=CC=CC=C2,CCC(C(=O)C(O)C(Cc1ccccc1)NC(=O)c1ccccc1)C(NS(=O)(=O)c1ccc(C)cc1)C(=O)O,9.45432219318329,-5.4949,round4,train,39
QQDPZQPQRIUHMW-CHPOKUKFSA-N__DNAJEJJICLYQEZ-UHFFFAOYSA-N,train_round5,B(=C(NC1(COCC[C@H]1C=O)C2=C(C=CC(=C2)O)F)N(C)C)C#N,C1=C(C(=C(C(=N1)Br)C(F)F)C=O)CN,CN(C)C(=BC#N)NC1(c2cc(O)ccc2F)COCCC1C(=O)C(O)c1c(CN)cnc(Br)c1C(F)F,1.0632262735271585,-5.8759,round5,train,38
XFCMVVZOTZZXLW-NSHDSACASA-N__FZCIQOGAJPCQHG-UHFFFAOYSA-N,train_round5,CC(=O)N[C@@H](CC1=CC=CC=C1)C=O,CC(CN(C)CC(F)F)(C=O)C1=CC=CC=C1,CC(=O)NC(Cc1ccccc1)C(=O)C(O)C(C)(CN(C)CC(F)F)c1ccccc1,2.1837759956827405,-4.7495,round5,train,31
CPEUWXNICLBNRH-UHFFFAOYSA-N__JTWRMXVYAYDAHU-UHFFFAOYSA-N,train_round5,C(C(CC(C=O)O)C(F)(F)F)C(CC(C(F)(F)F)(C(F)(F)F)F)C(F)(F)F,CC(C)(CN1C=C(C2=C1C=CN(C2=O)CC=O)C3=CC(=C(C=C3)F)C(F)(F)F)O,CC(C)(O)Cn1cc(-c2ccc(F)c(C(F)(F)F)c2)c2c(=O)n(CC(O)C(=O)C(O)CC(CC(CC(F)(C(F)(F)F)C(F)(F)F)C(F)(F)F)C(F)(F)F)ccc21,1.2611432606523545,5.3373,round5,mixed,56
GZQIJLVWCJNGSL-UHFFFAOYSA-N__IRPHWGMZINKEKR-UHFFFAOYSA-N,train_round5,CC1(C(=O)NC(=O)N1C)C=O,C#CC1(C(C(OC1N2C=CC3=C(N=CN=C32)N)C=O)O)F,C#CC1(F)C(O)C(C(O)C(=O)C2(C)C(=O)NC(=O)N2C)OC1n1ccc2c(N)ncnc21,-0.779859886311547,0.8141,round5,mixed,32
CCJLAYQZMSHUJW-UHFFFAOYSA-N__BNVNPRLRYSWAHN-VURMDHGXSA-N,train_round5,COC(=O)C1=NNC(=C1)C=O,CO/C=C(/C1=C(SC=C1)C=O)\C(=O)OC,COC=C(C(=O)OC)c1ccsc1C(O)C(=O)c1cc(C(=O)OC)n[nH]1,2.5818344379589035,2.1034,round5,train,26
GDJBPNFIVPIQES-VTBWFHPJSA-N__DAXOTYREDOICBJ-LTMLNTECSA-N,train_round5,CCC1(C[C@H](N(C1=O)S(=O)(=O)C2=CC=C(C=C2)C)CCC=O)C(F)(F)[Si](C)(C)C,C1C2CC3CC1CC(C2)(C3)[C@@H](C=O)Br,CCC1(C(F)(F)[Si](C)(C)C)CC(CCC(=O)C(O)C(Br)C23CC4CC(CC(C4)C2)C3)N(S(=O)(=O)c2ccc(C)cc2)C1=O,2.2026727105968185,0.2532,round5,mixed,43
HXXZCKOMZMGSNJ-WDSOQIARSA-N__GMUFSTVFGSIVJN-UHFFFAOYSA-N,train_round5,C1CNC(=O)[C@@H]1C[C@@H](C=O)NC(=O)[C@H](CC2=CC=CC=C2)NC(=O)C3=CN4C=C(C=CC4=N3)F,CCCCC1=NN(C(=C1)CCC=O)C2=CC=C(C=C2)F,CCCCc1cc(CCC(O)C(=O)C(CC2CCNC2=O)NC(=O)C(Cc2ccccc2)NC(=O)c2cn3cc(F)ccc3n2)n(-c2ccc(F)cc2)n1,1.5591233813987266,-0.9876,round5,mixed,54
HIKUMVQVEVEKEC-VODRKTFHSA-N__OYEXGPXFOREFQH-UHFFFAOYSA-N,train_round5,CC1([C@@H]2[C@H]1C(N(C2)C(=O)C3=CC4=CC=CC=C4C=C3)C(=O)N[C@@H](C[C@@H]5CCNC5=O)C=O)C,CC1=CC(=C(C=C1)OC2=C(C=CC=C2F)C=O)C,Cc1ccc(Oc2c(F)cccc2C(O)C(=O)C(CC2CCNC2=O)NC(=O)C2C3C(CN2C(=O)c2ccc4ccccc4c2)C3(C)C)c(C)c1,-4.399605018954655,-12.2838,round5,mixed,51
FGESWQURCWFXBR-UHFFFAOYSA-N__AZYTYNIBNDWKPG-UHFFFAOYSA-N,train_round5,C(=O)C1=C(C(=C(C(=C1Cl)Cl)F)F)F,C1=CC(=C(C(=C1C=O)[N+](=O)[O-])OC(F)F)S(=O)(=O)Cl,O=C(c1c(F)c(F)c(F)c(Cl)c1Cl)C(O)c1ccc(S(=O)(=O)Cl)c(OC(F)F)c1[N+](=O)[O-],-4.022945228161172,-0.782,round5,train,32
AEIUPKPXAXYRCV-UHFFFAOYSA-N__HIGLHSPKXDKFBQ-UHFFFAOYSA-N,train_round5,C1=CC=C(C=C1)CCCC(CC=O)(C2=CC=C(C=C2)C3=CC=C(C=C3)OCC4=CC=CC=C4)C(=O)O,C1=CC(=C(C=C1C2=NN=C(O2)C=O)O)F,O=C(CC(CCCc1ccccc1)(C(=O)O)c1ccc(-c2ccc(OCc3ccccc3)cc2)cc1)C(O)c1nnc(-c2ccc(F)c(O)c2)o1,2.682816978451004,-4.7596,round5,train,51
MXVRAXGMYPADKE-OAHLLOKOSA-N__IQQNUXGQGQLHED-GFCCVEGCSA-N,train_round5,CCCCCC[C@H](C=O)C1=CC=C(C=C1)C(=O)OC,C1CN(CCS(=O)(=O)C1)C2=C(C=C(C=C2)N3C[C@@H](OC3=O)C=O)F,CCCCCCC(C(=O)C(O)C1CN(c2ccc(N3CCCS(=O)(=O)CC3)c(F)c2)C(=O)O1)c1ccc(C(=O)OC)cc1,2.2031901143664183,-4.4948,round5,mixed,43
LHAFCZPZEJEENY-UHFFFAOYSA-N__AQPSGUWRKNGHSS-UHFFFAOYSA-N,train_round5,CC1CCN(CC1C)C2=C(C=CC=C2F)C=O,C(C=O)OC(C(F)(F)F)(F)F,CC1CCN(c2c(F)cccc2C(=O)C(O)COC(F)(F)C(F)(F)F)CC1C,-1.1546718253533446,-0.4635,round5,train,28
LGHIHGQBKFCUGO-UHFFFAOYSA-N__MTQBSDHWMAMWBF-UHFFFAOYSA-N,train_round5,C1=CC=C(C(=C1)F)SC2=CC(=C(C=C2)C=O)C(F)(F)F,CN(C)CCC1=CC=C(C=C1)NC2=C3C=C(C=CC3=NC=C2CC=O)C4=CC(=C(C(=C4)Cl)O)F,CN(C)CCc1ccc(Nc2c(CC(O)C(=O)c3ccc(Sc4ccccc4F)cc3C(F)(F)F)cnc3ccc(-c4cc(F)c(O)c(Cl)c4)cc23)cc1,1.099554846205787,2.8461,round5,train,54
BSXKOOWIDSNMQV-UWVGGRQHSA-N__PBRWERVPHYQOIH-UNMCSNQZSA-N,train_round5,C[Si](C)(C)CCOC(=O)N1C[C@H]([C@H](C1)F)C=O,C1CN(CCC12C[C@@H](OC2=O)CCN3CCN(CC3)C4=CC=C(C=C4)F)CC[C@@H](C=O)NC(=O)O,C[Si](C)(C)CCOC(=O)N1CC(F)C(C(=O)C(O)C(CCN2CCC3(CC2)CC(CCN2CCN(c4ccc(F)cc4)CC2)OC3=O)NC(=O)O)C1,2.6423217604617464,-4.314,round5,mixed,52
CTMSZHSGLSPTKS-HSALFYBXSA-N__WWHNQCWOFDRUQY-UHFFFAOYSA-N,train_round5,CN(CCC1=CC=CC=C1)C(=O)[C@@H]2CCCC[C@@H]2C(=O)N[C@H](CCCN=C(N)N)C=O,CCCC(=O)OCC(CC1=CC(=C(C=C1F)F)F)C=O,CCCC(=O)OCC(Cc1cc(F)c(F)cc1F)C(O)C(=O)C(CCCN=C(N)N)NC(=O)C1CCCCC1C(=O)N(C)CCc1ccccc1,-0.1461659329147702,-0.4337,round5,mixed,51
GGPPUVLTIIHBDH-UHFFFAOYSA-N__SLXNJGRARWLNSM-UHFFFAOYSA-N,train_round5,C1=CC(=CC(=C1)C(F)(F)F)C2=C(N3C=COC3=N2)CC=O,C1=C(N=C(C(=C1[N+](=O)[O-])C=O)C(F)F)C#N,N#Cc1cc([N+](=O)[O-])c(C(O)C(=O)Cc2c(-c3cccc(C(F)(F)F)c3)nc3occn23)c(C(F)F)n1,2.3427641803347945,-3.9259,round5,train,37
QISJVRLCFRFTEF-UHFFFAOYSA-N__OAKXQQFDZKXICX-UHFFFAOYSA-N,train_round5,CCOC(NC1=NC(=NC(=C1C(=O)OC)C=O)C2=C(C=CC=C2F)F)O,C1=C(NC(=C(C1=O)C=O)[N+](=O)[O-])OC(F)(F)F,CCOC(O)Nc1nc(-c2c(F)cccc2F)nc(C(=O)C(O)c2c([N+](=O)[O-])[nH]c(OC(F)(F)F)cc2=O)c1C(=O)OC,-0.2560907520366702,-3.626,round5,train,43
RZBUXNXJKZHGLL-UHFFFAOYSA-N__DLUQEMOJJHEHRH-UHFFFAOYSA-N,train_round5,CSCCCC=O,C1CC(C1)C(C=O)C2=CC=CC=C2F,CSCCCC(=O)C(O)C(c1ccccc1F)C1CCC1,-4.021604465476344,-5.815,round5,mixed,21
TVQALZYRDSYJMK-UHFFFAOYSA-N__BXJNDIRBECCUBS-XZOYJPPVSA-N,train_round5,CC(C=O)C(=O)N(C)OC,CC1=C2C(=CC=C1)[C@@]3(CCN([C@@H]3N2CC=C)C(=O)OC(C)(C)C)[C@@H](CC=O)C(=O)OC,C=CCN1c2c(C)cccc2C2(C(CC(O)C(=O)C(C)C(=O)N(C)OC)C(=O)OC)CCN(C(=O)OC(C)(C)C)C12,-4.442072766646622,1.6839,round5,mixed,41
GWPIUCYDPIGTEA-OXGAQCCNSA-N__HQHDMNKUKKCVCD-WCTQZSHLSA-N,train_round5,C(CC(=O)N)[C@@H](C(=O)O[C@@H](C=O)[C@H]([C@@H]([C@@H](CO)O)O)O)N,CCOC(=O)C1(C(OC(O1)C)C)N2[C@@H]([C@@H](C2=O)N3[C@H](COC3=O)C4=CC=CC=C4)C=O,CCOC(=O)C1(N2C(=O)C(N3C(=O)OCC3c3ccccc3)C2C(O)C(=O)C(OC(=O)C(N)CCC(N)=O)C(O)C(O)C(O)CO)OC(C)OC1C,-1.960180957651244,-5.2671,round5,mixed,52
FVTDXWNRZGHWBN-UHFFFAOYSA-N__UWWPIWYQVRIZCB-UHFFFAOYSA-N,train_round5,CC(C)(C)OC(=O)N1CCC(CC1CC2=C(C(=C(C=C2)Br)C(=O)OC)F)C=O,CC(C)(C)OC(=O)N(CC1=CC=C(C=C1)OC)C(CC2=C(C(=CC=C2)Br)F)C=O,COC(=O)c1c(Br)ccc(CC2CC(C(=O)C(O)C(Cc3cccc(Br)c3F)N(Cc3ccc(OC)cc3)C(=O)OC(C)(C)C)CCN2C(=O)OC(C)(C)C)c1F,0.3066437953214413,-2.1899,round5,train,57
YGBAXUQSYHSFSP-UHFFFAOYSA-N__VLKZHPHHEGWYPL-UHFFFAOYSA-N,train_round5,CC1=C(C=CC(=C1)C2=NN(C(=C2C=O)N)CCN(C)C)F,C1=CC(=CN=C1)C2=CN=CC(=C2C=O)F,Cc1cc(-c2nn(CCN(C)C)c(N)c2C(=O)C(O)c2c(F)cncc2-c2cccnc2)ccc1F,1.670028878021366,0.9673,round5,train,36
UOLCDKIUIAOMNC-UHFFFAOYSA-N__YAPVSZVZGODBHB-UHFFFAOYSA-N,train_round5,CCCCN1C=C(C(=N1)C(C)(C)C2=CC=C(C=C2)F)C=O,COCCCOC1=C(C=CC(=C1)C2=CC=CC=C2C=O)OC(F)(F)F,CCCCn1cc(C(=O)C(O)c2ccccc2-c2ccc(OC(F)(F)F)c(OCCCOC)c2)c(C(C)(C)c2ccc(F)cc2)n1,2.108273521032892,-2.019,round5,train,46
DBKBHMAVFLSHPU-IBGZPJMESA-N__PVZGYCDCJQTFAS-UHFFFAOYSA-N,train_round5,CC(C)NC[C@H](CC=O)N(CC1=C(C=CC(=C1)F)Cl)C2=CC(=C(C=C2)C#N)Cl,C1C(CN1C(=O)N2CC(C2)(CCC=O)N)COC3=C(C=C(C(=C3)Br)C(F)(F)F)F,CC(C)NCC(CC(=O)C(O)CCC1(N)CN(C(=O)N2CC(COc3cc(Br)c(C(F)(F)F)cc3F)C2)C1)N(Cc1cc(F)ccc1Cl)c1ccc(C#N)c(Cl)c1,-4.958790172130133,-10.7939,round5,mixed,57
UZQLNYWSOMVLNI-GJZUVCINSA-N__NGIZBOVZHXFOLM-UHFFFAOYSA-N,train_round5,C[C@H](CC=O)C[C@@H](C(C)C)OC(=O)C1=CC=CC=C1P(C2=CC=CC=C2)C3=CC=CC=C3,C1=CC(=C(C=C1C(C=O)(F)F)F)F,CC(CC(=O)C(O)C(F)(F)c1ccc(F)c(F)c1)CC(OC(=O)c1ccccc1P(c1ccccc1)c1ccccc1)C(C)C,-3.574738141997642,-0.0092,round5,train,45
KVJGQOQATKCHTQ-UHFFFAOYSA-N__WVRCVMFQEAGFIB-UHFFFAOYSA-N,train_round5,CN(C)CCCC(CC1=CC=CC2=CC=CC=C21)C=O,CNC(=C)C(CCC=O)N1CC2=C(C1=O)C=CC=C2NCC3=C(C=CC(=C3)O)F,C=C(NC)C(CCC(O)C(=O)C(CCCN(C)C)Cc1cccc2ccccc12)N1Cc2c(NCc3cc(O)ccc3F)cccc2C1=O,-0.9569627839366652,2.8287,round5,train,49
AWIQTTBPFNKMRD-OAQYLSRUSA-N__WOZZIKMOOQWLMD-UHFFFAOYSA-N,train_round5,CN1C=NN=C1[C@H](C2CCC2)C3=CC(=CC=C3)N4CC5=C(C4=O)C=C(C=C5C(F)(F)F)C=O,C1CC(=O)NC(=O)C1C2=CC=C(C=C2)N3CCC(CC3)(C=O)F,Cn1cnnc1C(c1cccc(N2Cc3c(cc(C(=O)C(O)C4(F)CCN(c5ccc(C6CCC(=O)NC6=O)cc5)CC4)cc3C(F)(F)F)C2=O)c1)C1CCC1,-0.9906111678637792,3.2891,round5,mixed,56
VUHCVGPJROTBKR-UHFFFAOYSA-N__ULAGTNZFLIEKMR-DTWKUNHWSA-N,train_round5,CC1=CC(=C(C(=N1)C=O)C(F)F)F,C(CCN)C[C@@H](C=O)NC(=O)[C@@H](CCC(=O)O)N,Cc1cc(F)c(C(F)F)c(C(=O)C(O)C(CCCCN)NC(=O)C(N)CCC(=O)O)n1,-13.210836879792565,-4.5933,round5,mixed,31
PBBGRTRGWNWHQP-UHFFFAOYSA-N__SUTRCTYDHVRLKK-UHFFFAOYSA-N,train_round5,CC(C)C(CC(C=O)(C(F)(F)F)O)C1=C(C(=CC=C1)F)OC,C1=C(C=C(N=C1C(F)F)I)C=O,COc1c(F)cccc1C(CC(O)(C(=O)C(O)c1cc(I)nc(C(F)F)c1)C(F)(F)F)C(C)C,1.4635700023800668,2.7086,round5,train,34
RCDUAUTWHYXBLK-UHFFFAOYSA-N__QZTFZXFEKSAUFP-UHFFFAOYSA-N,train_round5,CCC1=C(N=C(O1)N(CC2=NC=C(C=C2)C(F)(F)F)C3=CC=C(C=C3)C#N)C=O,CN1C(=C(C(=N1)C(C(F)(F)F)(F)F)C=O)N2C=C(N=N2)C3=CC(=C(C=C3)Cl)C(=O)OC,CCc1oc(N(Cc2ccc(C(F)(F)F)cn2)c2ccc(C#N)cc2)nc1C(=O)C(O)c1c(C(F)(F)C(F)(F)F)nn(C)c1-n1cc(-c2ccc(Cl)c(C(=O)OC)c2)nn1,1.967299794147198,-3.7144,round5,mixed,60
YWGDAADOHOHCDL-UHFFFAOYSA-N__XDCWHXQPLJGJMB-UHFFFAOYSA-N,train_round5,C1=C(N=C(C(=C1C(F)F)F)C=O)CBr,CN1C=C(C2=C1C=CC(=C2)F)C3=NNC(N3C4=CN(C5=C4C=C(C=C5)F)CC6=CC=CC(=N6)CN)C=O,Cn1cc(C2=NNC(C(O)C(=O)c3nc(CBr)cc(C(F)F)c3F)N2c2cn(Cc3cccc(CN)n3)c3ccc(F)cc23)c2cc(F)ccc21,-6.037900365781187,1.9446,round5,mixed,51
XYHUYJLOPOWOGD-UHFFFAOYSA-N__AGGVSGREUIBROR-UHFFFAOYSA-N,train_round5,COC1=CC=C(C=C1)CN2C(=O)C3=C(C2(CC=O)C(=O)OC)C(=CC(=C3)F)Br,C1=CC(C(C(=C1)F)C=O)(F)Br,COC(=O)C1(CC(=O)C(O)C2C(F)=CC=CC2(F)Br)c2c(Br)cc(F)cc2C(=O)N1Cc1ccc(OC)cc1,-2.605689161088685,-3.4721,round5,train,39
ZQDRNASATMYNOA-UHFFFAOYSA-N__NGEABTKBDNWGFB-UHFFFAOYSA-N,train_round5,CCC1C(=O)NC(=O)CN1C2=CC(=CC(=C2)C=O)F,C1=CC(=C(C(=C1)S(=O)(=O)N)C(F)(F)F)C=O,CCC1C(=O)NC(=O)CN1c1cc(F)cc(C(=O)C(O)c2cccc(S(N)(=O)=O)c2C(F)(F)F)c1,1.2494264683085845,2.759,round5,train,35
BUQBDJJYYIMWGB-UHFFFAOYSA-N__CVDZOJXWPLYEMU-UHFFFAOYSA-N,train_round5,C1=CC(=C(C=C1[N+](=O)[O-])[N+](=O)[O-])NCCCCCC=O,CC(C(C=O)C(=S(=O)(C)C)C)F,CC(C(C(C)F)C(O)C(=O)CCCCCNc1ccc([N+](=O)[O-])cc1[N+](=O)[O-])=S(C)(C)=O,0.8017071132202044,-0.6239,round5,mixed,32
TVJZYLWWNKAUKJ-UHFFFAOYSA-N__JXOMKNMLEXHFOQ-UHFFFAOYSA-N,train_round5,C=C(CC=O)CC1=C(C(=C(C=C1)Cl)F)F,COC1=CC=CC=C1C2=C(C=NC=C2)C(C=O)C3=CC(=CC(=C3)C(F)(F)F)C(F)(F)F,C=C(CC(=O)C(O)C(c1cc(C(F)(F)F)cc(C(F)(F)F)c1)c1cnccc1-c1ccccc1OC)Cc1ccc(Cl)c(F)c1F,-1.1438099823695125,-5.4154,round5,mixed,46
RRZLMYINRABRGB-UHFFFAOYSA-N__XLPZRCXXTQAKHB-UHFFFAOYSA-N,train_round5,C1=CC(=C(C=C1Cl)OC2=CC(=CC(=C2)C=O)F)Cl,C1CC(SC1)CC(C=O)(F)F,O=C(c1cc(F)cc(Oc2cc(Cl)ccc2Cl)c1)C(O)C(F)(F)CC1CCCS1,-3.842179918640725,-5.7579,round5,train,29
POWIONSEEGICJT-UHFFFAOYSA-N__CYIOAXJUSXXVET-UHFFFAOYSA-N,train_round5,B(C1=CC(=C(C(=C1F)F)OC)C=O)(O)O,CCOC1=CC(=C2C(=C1C=O)C(=O)C=C(O2)C(F)(F)F)OC,CCOc1cc(OC)c2oc(C(F)(F)F)cc(=O)c2c1C(O)C(=O)c1cc(B(O)O)c(F)c(F)c1OC,-0.2797157014050335,4.2064,round5,train,37
WMKJJLYZCOSSOI-HOTGVXAUSA-N__SXIYLLPKTPAJSG-UHFFFAOYSA-N,train_round5,CC(C)(C)OC(=O)N1CCC[C@H]1C(=O)N[C@@H](CC2=CC=CC=C2)C=O,CC1=C(C=CC(=N1)F)C2=NC(=C3C(NC=CC3=C2)C=O)NC4=CC=C(C=C4)C5CCN(CC5)C,Cc1nc(F)ccc1-c1cc2c(c(Nc3ccc(C4CCN(C)CC4)cc3)n1)C(C(O)C(=O)C(Cc1ccccc1)NC(=O)C1CCCN1C(=O)OC(C)(C)C)NC=C2,-2.810442405400371,-3.1727,round5,mixed,59
HJKMXEMFPYMIHZ-UHFFFAOYSA-N__QDHOFVBHONOYDG-UHFFFAOYSA-N,train_round5,CCCOC1=CSC=C1C=O,C1=C(C(=NC=N1)C(F)(F)F)C=O,CCCOc1cscc1C(=O)C(O)c1cncnc1C(F)(F)F,-0.2988689616087784,2.5784,round5,train,23
ULFFGZKRGVTBPE-UHFFFAOYSA-N__IFDYYXBLTMOIOS-UHFFFAOYSA-N,train_round5,C1=CC(=C(C=C1C(=O)NCCC=O)F)F,CN(CC=O)C(=O)OC,COC(=O)N(C)CC(O)C(=O)CCNC(=O)c1ccc(F)c(F)c1,1.290961716321438,0.6527,round5,mixed,24
OKKQRLDSXKDPJS-UHFFFAOYSA-N__RWIQMHAGWIRQQU-UHFFFAOYSA-N,train_round5,C1=CC(=CC(=C1)F)C2=C(N=CC(=C2)F)C=O,CNC(=O)C1=NN(C=C1)C2=C(C(=CC=C2)F)C=O,CNC(=O)c1ccn(-c2cccc(F)c2C(O)C(=O)c2ncc(F)cc2-c2cccc(F)c2)n1,-0.8817417390304862,1.1789,round5,train,34
LPHSMVIFRNPKCM-UHFFFAOYSA-N__ABQIERQXAUMNCS-UHFFFAOYSA-N,train_round5,CN1C(=CNC1=O)C=O,C(=O)C1=C(C(=C(C(=C1F)F)Br)F)F,Cn1c(C(=O)C(O)c2c(F)c(F)c(Br)c(F)c2F)c[nH]c1=O,-0.7851256752524173,4.8014,round5,mixed,22
FJLZKBKMDKJPIB-OYKVQYDMSA-N__DZOPDFGOCWJNLM-UHFFFAOYSA-N,train_round5,CC1=CC=C(C=C1)S(=O)(=O)N2CCC[C@H]2C(=O)C(C=O)OC3=CC=C(C=C3)F,C1=CC(=CC=C1C2=NC(=CC(=C2)C=O)C(F)(F)F)OC(F)(F)F,Cc1ccc(S(=O)(=O)N2CCCC2C(=O)C(Oc2ccc(F)cc2)C(=O)C(O)c2cc(-c3ccc(OC(F)(F)F)cc3)nc(C(F)(F)F)c2)cc1,-2.381171813022555,-1.3927,round5,mixed,51
WVRCVMFQEAGFIB-UHFFFAOYSA-N__KVJGQOQATKCHTQ-UHFFFAOYSA-N,train_round5,CNC(=C)C(CCC=O)N1CC2=C(C1=O)C=CC=C2NCC3=C(C=CC(=C3)O)F,CN(C)CCCC(CC1=CC=CC2=CC=CC=C21)C=O,C=C(NC)C(CCC(=O)C(O)C(CCCN(C)C)Cc1cccc2ccccc12)N1Cc2c(NCc3cc(O)ccc3F)cccc2C1=O,-2.021708363967717,0.8224,round5,train,49
AUTDSLTUKBKTFF-QHCPKHFHSA-N__KUBHMVPPKGKOGC-UHFFFAOYSA-N,train_round5,C[C@@]1(CCN(C1)C2=C(C(=NC=C2C=O)C#N)C3=CC(=CC(=C3)F)F)NC(=O)OC(C)(C)C,COC1=C(N=C(C(=C1)C(F)(F)F)C(F)F)C=O,COc1cc(C(F)(F)F)c(C(F)F)nc1C(O)C(=O)c1cnc(C#N)c(-c2cc(F)cc(F)c2)c1N1CCC(C)(NC(=O)OC(C)(C)C)C1,-2.132190739764207,-1.2798,round5,train,49
RIWWLJMHYNWZAL-UHFFFAOYSA-N__XJFIPJXYYUYQIC-WNJXEPBRSA-N,train_round5,CCCN(CCC)C1CCC2=C(C1)C(=CC=C2)C=O,CC(C)([C@H]([C@@H]([C@@H]([C@H](C=O)O)O)O)O)O,CCCN(CCC)C1CCc2cccc(C(=O)C(O)C(O)C(O)C(O)C(O)C(C)(C)O)c2C1,-2.540875205377096,-8.3446,round5,mixed,33
BZTPXGGTEVRFDO-UHFFFAOYSA-N__FRWIRRJRURUCPG-UHFFFAOYSA-N,train_round5,CC1=C2C=CC(=CC2=NC(=N1)C=O)F,C1=CN=C(C(=C1F)C(F)F)C=O,Cc1nc(C(=O)C(O)c2nccc(F)c2C(F)F)nc2cc(F)ccc12,-1.914621188298738,-0.5228,round5,train,26
NMJSSNBEJCIOGI-FZCLLLDFSA-N__QIJURDPKXOFGAD-UHFFFAOYSA-N,train_round5,CC(C[C@@H](CNC1=NC2=C(C=C1)C(=C(N2)C3=CC=C(C=C3)F)C4=CC=NC=C4)NC)C=O,COC1=CC=CC=C1C2=CC(=C(C=C2)C=O)C(F)(F)F,CNC(CNc1ccc2c(-c3ccncc3)c(-c3ccc(F)cc3)[nH]c2n1)CC(C)C(=O)C(O)c1ccc(-c2ccccc2OC)cc1C(F)(F)F,2.207970090695795,0.1252,round5,mixed,52
KNVPMALQUMQUQP-UHFFFAOYSA-N__NAEHMLGAQXGFCO-UHFFFAOYSA-N,train_round5,C(CC(C(C(C(C(C(C(C(F)(F)F)(F)F)(F)F)(F)F)(F)F)(F)F)(F)F)(F)F)C=O,CC1=CC(=CC(=C1)OC)C(C)(CC=O)C=C,C=CC(C)(CC(O)C(=O)CCC(F)(F)C(F)(F)C(F)(F)C(F)(F)C(F)(F)C(F)(F)C(F)(F)C(F)(F)F)c1cc(C)cc(OC)c1,-0.3948126751437033,0.3663,round5,train,45
GCHSGMWHWIJXBS-UHFFFAOYSA-N__RYSMNYRVIUVCLZ-BZSNNMDCSA-N,train_round5,C1=CSC=C1C(C=O)O,C1CCC(CC1)C[C@@H](C(=O)N[C@@H](C[C@@H]2CCNC2=O)C=O)NC(=O)C3=CC4=C(C=C3)OC(O4)(F)F,O=C(NC(CC1CCCCC1)C(=O)NC(CC1CCNC1=O)C(O)C(=O)C(O)c1ccsc1)c1ccc2c(c1)OC(F)(F)O2,1.9353302028909152,5.8696,round5,mixed,44
VASNLQKZCKWULG-UHFFFAOYSA-N__IIWRUIJEQNYTKV-UHFFFAOYSA-N,train_round5,CC(C)C1=NC(=NC(=C1C=O)C2=CC=C(C=C2)F)N(C)S(=O)(=O)CS(=O)(=O)N,CC(=O)OCC1C2C(C(OC(O1)C3=CC=CC=C3)C=O)OC(O2)C4=CC=CC=C4,CC(=O)OCC1OC(c2ccccc2)OC(C(O)C(=O)c2c(-c3ccc(F)cc3)nc(N(C)S(=O)(=O)CS(N)(=O)=O)nc2C(C)C)C2OC(c3ccccc3)OC12,2.8084641165256965,-2.5422,round5,train,57
DQGKYEHKUASVHN-AWEZNQCLSA-N__HDCNBZVVXWZSQO-UHFFFAOYSA-N,train_round5,C1=CC(=CC=C1C2=NC(=CC(=N2)N[C@@H](CN)C=O)C(=O)N)OC3=CC(=C(C=C3)C#N)C(F)(F)F,CCCOC1=C(C=C(C=C1)C=O)Br,CCCOc1ccc(C(O)C(=O)C(CN)Nc2cc(C(N)=O)nc(-c3ccc(Oc4ccc(C#N)c(C(F)(F)F)c4)cc3)n2)cc1Br,-0.4598504643135837,-12.373,round5,train,47
IRIGIZFSFVBJAD-ZMFCMNQTSA-N__NFHOVIGMSHFLFI-UHFFFAOYSA-N,train_round5,C1=CC=C(C=C1)[C@@H](CC=O)C(C2=CC=CC=C2)C(=O)C3=CC=CC=C3,C1CC(CCC1C=O)C2=CC(=C(C(=C2)F)F)F,O=C(CC(c1ccccc1)C(C(=O)c1ccccc1)c1ccccc1)C(O)C1CCC(c2cc(F)c(F)c(F)c2)CC1,-4.147746586435927,-5.9754,round5,mixed,42
FLIOTOWWXFTRAN-UHFFFAOYSA-N__WWGCNQDHSRSSLL-UHFFFAOYSA-N,train_round5,C1CC(CCC1CCC=O)C2CCC(=CC2)C3=C(C(=C(C=C3)C4CO4)F)F,CC1=C(C(=C(C(=C1OC(F)(F)F)C=O)NCC=C)OCC2=CC=CC=C2)C(=O)OC3=CC=CC=C3,C=CCNc1c(OCc2ccccc2)c(C(=O)Oc2ccccc2)c(C)c(OC(F)(F)F)c1C(O)C(=O)CCC1CCC(C2CC=C(c3ccc(C4CO4)c(F)c3F)CC2)CC1,-1.2708318431174868,-2.9106,round5,mixed,62
XCIBUOWCVXUGRL-UHFFFAOYSA-N__XLUHCZMBMPEFCB-UHFFFAOYSA-N,train_round5,C(=O)C1=C(N=C(O1)C#N)C(F)(F)F,C1CC1OC2=C(C=C(C=C2)C3=CC(=C(C=C3)C=O)F)Cl,N#Cc1nc(C(F)(F)F)c(C(=O)C(O)c2ccc(-c3ccc(OC4CC4)c(Cl)c3)cc2F)o1,2.2106907137155543,4.4519,round5,train,33
QQLOVAIXBUWWTE-MWYAZZEHSA-N__WIODTYXRPGBORZ-UHFFFAOYSA-N,train_round5,CC(=O)NC1=NC(=C(C=C1)F)CN(C)/N=C\C2=C(N(C3=C2SC(=N3)CC4=CN(N=C4)C)C)C=O,C1=COC(=C1)C(CC=O)C2=CC=C(C=C2)F,CC(=O)Nc1ccc(F)c(CN(C)N=Cc2c(C(=O)C(O)CC(c3ccc(F)cc3)c3ccco3)n(C)c3nc(Cc4cnn(C)c4)sc23)n1,-0.6600964137397096,3.7554,round5,mixed,50
BTLNXNAZOYDFES-UHFFFAOYSA-N__DOECMSNACDFGQL-UHFFFAOYSA-N,train_round5,C1=CC=C(C=C1)C(=O)CCC2=CC=C(O2)C=O,C1=C(C(=NC(=C1[N+](=O)[O-])F)C(F)F)C=O,O=C(CCc1ccc(C(=O)C(O)c2cc([N+](=O)[O-])c(F)nc2C(F)F)o1)c1ccccc1,1.9771375130487976,1.67,round5,mixed,32
OTAORPUNECBUSN-UHFFFAOYSA-N__DYENQYWZYXMZIO-UHFFFAOYSA-N,train_round5,C1=CC(=C(C(=C1)C(F)(F)F)O)CC=O,C1=CC(=CC=C1C=O)NC(=O)C(C(F)(F)F)C(F)(F)F,O=C(Cc1cccc(C(F)(F)F)c1O)C(O)c1ccc(NC(=O)C(C(F)(F)F)C(F)(F)F)cc1,2.7280072208989687,6.5286,round5,train,34
YNXMIYOJQYMARG-UHFFFAOYSA-N__ANRFAMKHRWIPTF-UHFFFAOYSA-N,train_round5,CC1=C(C=CC(=C1)N2CCC(C2)(C(F)(F)F)O)C=O,C1=CC(=CC=C1C2=CC(=C(C=C2)[N+](=O)[O-])C=O)F,Cc1cc(N2CCC(O)(C(F)(F)F)C2)ccc1C(=O)C(O)c1cc(-c2ccc(F)cc2)ccc1[N+](=O)[O-],2.448514632208574,2.2015,round5,train,37
HFERLYAGTFWNNU-WATONKLMSA-N__NWRJHGGPBJGTRZ-UHFFFAOYSA-N,train_round5,CC(=C)[C@H]1CC2=C(C=C(O2)[C@@H]3[C@](O3)(C[C@H]4[C@@H](/C(=C/[C@H]1OC(=O)C)/C(=O)O4)OC(=O)C)C)C=O,C1=C(C(=C(C(=N1)C=O)C(F)F)C#N)CBr,C=C(C)C1Cc2oc(cc2C(=O)C(O)c2ncc(CBr)c(C#N)c2C(F)F)C2OC2(C)CC2OC(=O)C(=CC1OC(C)=O)C2OC(C)=O,-2.8841261702266,-9.09,round5,mixed,48
XLEKCIPCCBHYDA-UHFFFAOYSA-N__ONWRGDSKOVIJFZ-UHFFFAOYSA-N,train_round5,C1=CC=C(C=C1)COC2=CC3=C(C=C2)C(=C(S3)C4=CC=C(C=C4)F)OC5=CC=C(C=C5)OCC=O,CC1=C(C(=CN=C1C(F)F)C=O)F,Cc1c(C(F)F)ncc(C(O)C(=O)COc2ccc(Oc3c(-c4ccc(F)cc4)sc4cc(OCc5ccccc5)ccc34)cc2)c1F,-1.9192637957960257,0.3762,round5,mixed,48
IFILWLJINXDARU-UHFFFAOYSA-N__MZIUBBIMEYGDKP-UHFFFAOYSA-N,train_round5,CCCCOC(=O)C1C(N(OC1C(=O)OCCCC)C2=CC=C(C=C2)C=O)C3=CC=C(C=C3)[N+](=O)[O-],CC(C)(C)[Si](C)(C)N1C(CC1=O)C=O,CCCCOC(=O)C1ON(c2ccc(C(=O)C(O)C3CC(=O)N3[Si](C)(C)C(C)(C)C)cc2)C(c2ccc([N+](=O)[O-])cc2)C1C(=O)OCCCC,-1.191004280616608,1.1677,round5,mixed,50
JAEPOCDMCGSXLD-UHFFFAOYSA-N__BIANZVVIQPJRJE-UHFFFAOYSA-N,train_round5,CC1=CN=C(N=C1N2C=C(C=N2)C=O)NC3=CC(=C(C=C3OC(C)C)F)[N+](=O)[O-],C1=CC(=CC=C1C(=O)C2=NC=CC(=C2)C=O)Cl,Cc1cnc(Nc2cc([N+](=O)[O-])c(F)cc2OC(C)C)nc1-n1cc(C(=O)C(O)c2ccnc(C(=O)c3ccc(Cl)cc3)c2)cn1,0.3221302604554758,2.7665,round5,mixed,46
JOVLOHUKSJVBEG-UHFFFAOYSA-N__SVPLXQQXPNAXTG-UHFFFAOYSA-N,train_round5,CC1=C(C=CC(=C1)C(F)(F)F)C(=O)NN2C=NC3=CC=CC=C3C2C=O,C1=C(C(=C(C(=N1)C=O)C(F)F)Br)I,Cc1cc(C(F)(F)F)ccc1C(=O)NN1C=Nc2ccccc2C1C(=O)C(O)c1ncc(I)c(Br)c1C(F)F,2.643728753517158,5.5662,round5,train,39
IDJKVBQJCZBUIK-UHFFFAOYSA-N__ZJLNXRTUYGJQCX-UHFFFAOYSA-N,train_round5,CC1=C(C2=C(N1C(C)C=O)C=CC(=C2)F)C3CCN(CC3)S(=O)(=O)C4=C(C=C(C=C4)Cl)F,CC(=N)SC(=N)C1=C(C(=C(C(=C1)C=O)F)F)P,CC(=N)SC(=N)c1cc(C(O)C(=O)C(C)n2c(C)c(C3CCN(S(=O)(=O)c4ccc(Cl)cc4F)CC3)c3cc(F)ccc32)c(F)c(F)c1P,0.7013511323142387,0.0412,round5,train,49
XJABCRDIVQJHLG-UHFFFAOYSA-N__CTAFXAQTHMJEHI-UHFFFAOYSA-N,train_round5,C1=C(C(=CC(=C1I)C(F)(F)F)C(=O)Cl)C=O,C1=CC(=C(C=C1Br)C=O)OC2=C(C=C(C=C2)Br)Br,O=C(Cl)c1cc(C(F)(F)F)c(I)cc1C(=O)C(O)c1cc(Br)ccc1Oc1ccc(Br)cc1Br,3.030157989462418,4.5075,round5,train,34
NNKANXBEMBYWFA-UHFFFAOYSA-N__RCWOSGIFBWNISA-VIFPVBQESA-N,train_round5,CC(C)(C)OC(=O)CCN(CC=O)C1=CC=C(C=C1)C(F)(F)F,CC1=C(C2=C(C=C1C=O)C(=CO2)N3C[C@@H](SC3=O)CF)F,Cc1c(C(O)C(=O)CN(CCC(=O)OC(C)(C)C)c2ccc(C(F)(F)F)cc2)cc2c(N3CC(CF)SC3=O)coc2c1F,4.825425998091094,5.4596,round5,train,44
BBBHULMPWUMTLV-SOFGYWHQSA-N__HBLGVCFWHSLPIV-KOSUTJMVSA-N,train_round5,CCOC(=O)/C=C/CCCCC=O,CCN(C/C(=C/CC=O)/N=C1C=CC=C(N1C)C)/C(=C/C=C(\C)/F)/C=C,C=CC(=CC=C(C)F)N(CC)CC(=CCC(O)C(=O)CCCCC=CC(=O)OCC)N=c1cccc(C)n1C,3.601285996374658,-0.1791,round5,mixed,39
ZEFSAKJZOASQHR-UHFFFAOYSA-N__FNSPRZJYWBUYMO-UHFFFAOYSA-N,train_round5,C1=CC=C(C(=C1)COC2=C(C=CC(=C2)F)C=O)I,CC1CC(C2=CC=CC=C2S1)CC(C=O)(C(F)(F)F)O,CC1CC(CC(O)(C(O)C(=O)c2ccc(F)cc2OCc2ccccc2I)C(F)(F)F)c2ccccc2S1,4.553748113370984,5.0406,round5,train,38
UPCHYKZMVAONHL-UHFFFAOYSA-N__PUUVBYXDEKDWFK-UHFFFAOYSA-N,train_round5,C1=CC=C(C(=C1)C2=C(C(=CN2S(=O)(=O)CC=CC3=CN=CC=C3)C=O)I)F,C1=C(N(N=C1C=O)CCF)I,O=C(c1cn(S(=O)(=O)CC=Cc2cccnc2)c(-c2ccccc2F)c1I)C(O)c1cc(I)n(CCF)n1,4.516844990932729,4.203,round5,train,38
BXRSZURBBUMBLU-UHFFFAOYSA-N__SBWJZTSMDVFCEW-VPHXOMNUSA-N,train_round5,COC1=CC(=C(C=C1C=O)C(F)(F)F)Br,C[C@H]1CC(C2=C(C(=O)C(=C(N12)C=O)O)C(=O)NCC3=C(C=C(C=C3)F)F)NCCOC,COCCNC1CC(C)n2c1c(C(=O)NCc1ccc(F)cc1F)c(=O)c(O)c2C(O)C(=O)c1cc(C(F)(F)F)c(Br)cc1OC,4.611325065298567,7.7935,round5,train,46
VXCUWLOYRUEHLY-UHFFFAOYSA-N__UXESJFWGTPOPSY-UHFFFAOYSA-N,train_round5,CNC1=C(C=CC(=N1)C=O)F,C1=CC(=C(N=C1)Cl)C2=CC=C(O2)C=O,CNc1nc(C(=O)C(O)c2ccc(-c3cccnc3Cl)o2)ccc1F,3.3575742878816737,2.0078,round5,train,25
GVTAVKDPLGIODU-UHFFFAOYSA-N__TYVOVCOHUOSFNK-UHFFFAOYSA-N,train_round5,CCC(CC)N1C=C(C(=N1)C2=C(C=C(C=N2)Br)F)C=O,CS(=O)(=O)C1=CN(N=C1)C2=C(C(=CC=C2)F)C=O,CCC(CC)n1cc(C(=O)C(O)c2c(F)cccc2-n2cc(S(C)(=O)=O)cn2)c(-c2ncc(Br)cc2F)n1,6.495656258152707,-0.2639,round5,train,38
NGWIVNKUBWHFNP-AWEZNQCLSA-N__XSOKKZZBNPEXGO-VEDVMXKPSA-N,train_round5,CC(C)(C)OC(=O)N[C@@H](CCCC1=CC=CC=C1)C=O,C[C@H](C(F)(F)F)NC1=NC(=NC(=N1)C#CC2(CC2)C=O)NC(C)C(F)(F)F,CC(Nc1nc(C#CC2(C(O)C(=O)C(CCCc3ccccc3)NC(=O)OC(C)(C)C)CC2)nc(NC(C)C(F)(F)F)n1)C(F)(F)F,3.9825472661918506,6.3581,round5,train,47
VLVWYMDASATYDJ-UHFFFAOYSA-N__ZIGPUHYSBCWOEF-UHFFFAOYSA-N,train_round5,C1C2=C1OC=C2C=O,CC1=CC(=C(C=C1)OC)C2=C(C3=C(N2)C(=CC=C3)F)C=O,COc1ccc(C)cc1-c1[nH]c2c(F)cccc2c1C(O)C(=O)c1coc2c1C2,7.176262926672838,4.2114,round5,mixed,29
DGCNLMZKHBGNAZ-UHFFFAOYSA-N__SUZBINBWYCVCHU-UHFFFAOYSA-N,train_round5,C1=C(C(=C(C(=C1Cl)I)Cl)C=O)F,B1(OC(C(O1)(C)C)(C)C)C(=CC2=C(C=C(C=C2)F)C=O)CSC(=O)C,CC(=O)SCC(=Cc1ccc(F)cc1C(O)C(=O)c1c(F)cc(Cl)c(I)c1Cl)B1OC(C)(C)C(C)(C)O1,5.739500937165882,2.4576,round5,train,37
DSJUXGKGZJLXLS-UHFFFAOYSA-N__WRXBUXLZJYKXIL-GJZGRUSLSA-N,train_round5,CCOC(=O)C1=NN(C2=C1C=CC(=C2F)C=O)CCO,C[C@H]1CC2=C(C(=C(O2)C(=O)NC[C@@H](C)CCC=O)C(F)(F)F)C3=NN(C=C13)CC4CCC(=O)CC4,CCOC(=O)c1nn(CCO)c2c(F)c(C(=O)C(O)CCC(C)CNC(=O)c3oc4c(c3C(F)(F)F)-c3nn(CC5CCC(=O)CC5)cc3C(C)C4)ccc12,6.653468923104629,5.3199,round5,train,55
UNTMUMWQSFDGBH-UHFFFAOYSA-N__PUGXLUVQWNOCAW-UHFFFAOYSA-N,train_round5,C1=CC=C2C(=C1)C=CC(=C2C=O)C3=C(C=C4C(=C3)C(=C(N4)O)C(=O)C5=CC(=CC=C5)F)Cl,B(C1=CC(=CC(=C1)C(F)(F)F)C=O)(O)O,O=C(c1cccc(F)c1)c1c(O)[nH]c2cc(Cl)c(-c3ccc4ccccc4c3C(=O)C(O)c3cc(B(O)O)cc(C(F)(F)F)c3)cc12,4.589165300171649,1.6439,round5,mixed,47
UABJEEVMXPDYLQ-UHFFFAOYSA-N__SBQJXCWKLGTUHV-UHFFFAOYSA-N,train_round5,C1=CC(=CC=C1C2=C(C=CC(=C2)C=O)Cl)F,C1CN(CCN1)C2=C(C=CC(=C2C(F)(F)F)C=O)C3=NC=C(C=C3)C#CCO,O=C(c1ccc(Cl)c(-c2ccc(F)cc2)c1)C(O)c1ccc(-c2ccc(C#CCO)cn2)c(N2CCNCC2)c1C(F)(F)F,6.464263281080462,6.3323,round5,mixed,44
OYMURVHDQCRTEG-UHFFFAOYSA-N__HPOMOFTVRJSGIY-UHFFFAOYSA-N,train_round5,C1=CN(C(=N1)CN2C=C(N=N2)C=O)C(F)F,C1=CC=C(C=C1)C2=NC(C(=O)N(C3=CC=CC=C32)CC=O)NC(=O)C4=C(C=C(C=C4)Cl)Cl,O=C(NC1N=C(c2ccccc2)c2ccccc2N(CC(O)C(=O)c2cn(Cc3nccn3C(F)F)nn2)C1=O)c1ccc(Cl)cc1Cl,3.2062701902298656,0.5324,round5,train,48
IPHJIQYFOJENCO-UHFFFAOYSA-N__RQOMGBGBRINIOX-UHFFFAOYSA-N,train_round5,CCOC(=O)CCCOC1=C(C=C(C=C1)C=O)OCCCC(=O)OCC,C1=C(C=C(C(=C1CBr)F)C=O)Br,CCOC(=O)CCCOc1ccc(C(=O)C(O)c2cc(Br)cc(CBr)c2F)cc1OCCCC(=O)OCC,4.142008999612987,3.3564,round5,train,38
CUIJPEIIEMOJOB-UHFFFAOYSA-N__BPDSQKDUTICJDJ-UHFFFAOYSA-N,train_round5,CC(C)[Si](C(C)C)(C(C)C)OC1=C(C=C(C=C1)C=O)O[Si](C(C)C)(C(C)C)C(C)C,C1=C(C=C(C=C1OCCC(=O)ONN)F)C=O,CC(C)[Si](Oc1ccc(C(=O)C(O)c2cc(F)cc(OCCC(=O)ONN)c2)cc1O[Si](C(C)C)(C(C)C)C(C)C)(C(C)C)C(C)C,3.5682384061793164,1.2811,round5,train,47
SWIFBLWECCMFRM-UHFFFAOYSA-N__JUGGATSPWRONEQ-UHFFFAOYSA-N,train_round5,CC(CC=O)C1=C(C(=CC(=C1)C(C)(F)F)OC)OC,C1=CC=C(C=C1)COC2C(=CC=CC2(F)F)C3=NC=NC4=CC(=C(C=C43)C5=CC=C(O5)C=O)F,COc1cc(C(C)(F)F)cc(C(C)CC(=O)C(O)c2ccc(-c3cc4c(C5=CC=CC(F)(F)C5OCc5ccccc5)ncnc4cc3F)o2)c1OC,4.8148505926032295,-0.353,round5,mixed,53
VBXHFZRIVMVPEC-UHFFFAOYSA-N__ONVYCSYAHKEXOH-UHFFFAOYSA-N,train_round5,CC(C)N1C(=CC=N1)C2=C(C=CC=N2)COC3=CN=CC(=C3C=O)F,C1CN(CCC1N2C(NCC3=CC=CC=C32)C=O)C(=O)CC4=CC=C(C=C4)C(F)(F)F,CC(C)n1nccc1-c1ncccc1COc1cncc(F)c1C(=O)C(O)C1NCc2ccccc2N1C1CCN(C(=O)Cc2ccc(C(F)(F)F)cc2)CC1,6.646931217443427,3.7522,round5,train,56
GYFLXAQFLNHOOE-UHFFFAOYSA-N__RYAQRIAGGPEJLP-UHFFFAOYSA-N,train_round5,COC1=C(C(=CNC1=O)C=O)OC(F)(F)F,C1CCN(CC1)C(=O)COC2=CC(=CC(=C2)C=O)F,COc1c(OC(F)(F)F)c(C(=O)C(O)c2cc(F)cc(OCC(=O)N3CCCCC3)c2)c[nH]c1=O,6.911709655812237,5.2574,round5,train,35
RBVIYPJNGPQROF-UHFFFAOYSA-N__NQLDHJQSTPFYRW-UHFFFAOYSA-N,train_round5,C1=CC(=C(C(=C1)Cl)Cl)C2=CC(=C(N=C2)F)C=O,CC(C)NC(=O)OCC1=CC=C(C=C1)C2=NC(=C(C3=C2C=C(C=N3)CC4=CC=C(C=C4)F)O)C=O,CC(C)NC(=O)OCc1ccc(-c2nc(C(O)C(=O)c3cc(-c4cccc(Cl)c4Cl)cnc3F)c(O)c3ncc(Cc4ccc(F)cc4)cc23)cc1,7.193469914985895,0.7795,round5,mixed,52
HRVDQGDIBRHIGP-UHFFFAOYSA-N__VKUFVHPTUFMLKC-UHFFFAOYSA-N,train_round5,C1=CC(=C(C=C1SC2=NC(=CC(=N2)N)N)C(F)(F)F)C=O,C1=CC(=C(C=C1CN2C=C(C(=O)NC2=O)F)C=O)O,Nc1cc(N)nc(Sc2ccc(C(=O)C(O)c3cc(Cn4cc(F)c(=O)[nH]c4=O)ccc3O)c(C(F)(F)F)c2)n1,5.947574261111581,8.3443,round5,train,40
IMHZAQNLOVSKRR-UHFFFAOYSA-N__DYTMWSWYSGWECF-UHFFFAOYSA-N,train_round5,CC(C)C1=CC=C(C=C1)CC2CCCC3=C2N(N=C3C=O)C4=CC=C(C=C4)F,CCN(CC)C1=CC=C(C=C1)C(C2=CC=C(C=C2)C=O)C3=CC=C(C=C3)N(CC)CC,CCN(CC)c1ccc(C(c2ccc(C(O)C(=O)c3nn(-c4ccc(F)cc4)c4c3CCCC4Cc3ccc(C(C)C)cc3)cc2)c2ccc(N(CC)CC)cc2)cc1,5.11106597233702,2.6683,round5,train,59
XUCNSIRQCBFBHF-JIMJEQGWSA-N__KRZGXTWNAHBKDR-UHFFFAOYSA-N,train_round5,C1=CC=C(C=C1)COC[C@@H]([C@H]([C@@H](C=O)OCC2=CC=CC=C2)OCC3=CC=CC=C3)O,CC1=NC2=CC=CC(=C2N=C1NCC(F)(F)F)C(C=O)Br,Cc1nc2cccc(C(Br)C(O)C(=O)C(OCc3ccccc3)C(OCc3ccccc3)C(O)COCc3ccccc3)c2nc1NCC(F)(F)F,4.503676927346713,1.2668,round5,train,52
YOEKDGNLJYAXDZ-UHFFFAOYSA-N__OZHQCKDLIWBVIM-UHFFFAOYSA-N,train_round5,CC(=O)OC(C)(C=O)C(CO)O,CC1=NN=C(C=C1)NC2=CC3=C(C=C2)N(C=N3)C4=NC(=C(C=C4)CC=O)C5=CC(=NC=C5C)F,CC(=O)OC(C)(C(=O)C(O)Cc1ccc(-n2cnc3cc(Nc4ccc(C)nn4)ccc32)nc1-c1cc(F)ncc1C)C(O)CO,3.5015592664827,5.8107,round5,mixed,46
VKQPTVJDZIILPG-UHFFFAOYSA-N__NSSBGCXTOHAGME-UHFFFAOYSA-N,train_round5,CC1=C(C=C(C=C1)O)NC2=C3C=CC(=CC3=NC=C2)C4=CSC(=N4)C=O,C1=C(SC(=C1C=O)I)I,Cc1ccc(O)cc1Nc1ccnc2cc(-c3csc(C(=O)C(O)c4cc(I)sc4I)n3)ccc12,4.304237609490667,2.662,round5,train,35
IAJCOVDMUXKLEZ-UHFFFAOYSA-N__OZQPJGBGTUMBGP-UHFFFAOYSA-N,train_round5,C1C(CC1N2C=CC(=N2)C=O)C(=O)O,CC1=C(C(=CC=C1)Cl)NC2=C(N=C3N2C(=CS3)CC=O)C4=C(C=C(C=C4)F)F,Cc1cccc(Cl)c1Nc1c(-c2ccc(F)cc2F)nc2scc(CC(O)C(=O)c3ccn(C4CC(C(=O)O)C4)n3)n12,5.655787371865914,2.0554,round5,train,42
SXKIULBEVVXDIH-UHFFFAOYSA-N__FWNFDRRUNXRBQW-HZZXRAHOSA-N,train_round5,C1=CC=C(C=C1)C(CO)C(CO)C=O,CC1=CC2=C(C(=C1)C=O)OP(=O)(OC2)OC[C@@H]3C=C[C@@H](O3)N4C=C(C(=O)NC4=O)C,Cc1cc2c(c(C(O)C(=O)C(CO)C(CO)c3ccccc3)c1)OP(=O)(OCC1C=CC(n3cc(C)c(=O)[nH]c3=O)O1)OC2,5.997496001799056,-4.4791,round5,train,44
UKOMQIKGANSKNV-UHFFFAOYSA-N__FCDVANILCMLXCN-UHFFFAOYSA-N,train_round5,C1CN(CC(=O)N1)C2=C(C=C(C=C2)F)C=O,CC(=O)C1=C(C=CS1)C=O,CC(=O)c1sccc1C(O)C(=O)c1cc(F)ccc1N1CCNC(=O)C1,5.939242042367328,-0.5947,round5,train,26
HJIXGQNCKCHRDV-UHFFFAOYSA-N__CXVSIZBOAGOCMS-UHFFFAOYSA-N,train_round5,C1=CC(=CC=C1CC2=CC(=C(C=C2)C=O)F)NC(=O)O,CCN(C1=C(C=CC=C1Cl)C(=O)C2=NC(=NC(=N2)C(=O)C)C=O)S(=O)(=O)C(F)F,CCN(c1c(Cl)cccc1C(=O)c1nc(C(C)=O)nc(C(O)C(=O)c2ccc(Cc3ccc(NC(=O)O)cc3)cc2F)n1)S(=O)(=O)C(F)F,6.605820953860251,0.8386,round5,mixed,49
SBSBKOAILJIFGB-UHFFFAOYSA-N__UKYGABPQZYUSGH-UHFFFAOYSA-N,train_round5,CCCCSC1=C(SC(=C2SC3=CN(C(=C3S2)C=O)C)S1)SCCCC,C1=CC2=C(C=C1F)C(=CC(=N2)C3=C(C(=C(C=C3)F)F)F)CC=O,CCCCSC1=C(SCCCC)SC(=C2Sc3cn(C)c(C(=O)C(O)Cc4cc(-c5ccc(F)c(F)c5F)nc5ccc(F)cc45)c3S2)S1,5.3498319588573375,-0.7926,round5,mixed,49
AUFBODLSRYCLPT-LLVKDONJSA-N__ALINLUQEZKBWLZ-UHFFFAOYSA-N,train_round5,C[C@H](COC)OC1=NC(=NC=C1Cl)NC(=O)N2CCCC3=CC(=C(N=C32)C=O)CO,C1=C(N=C(C(=C1OC(F)(F)F)O)C(F)(F)F)C=O,COCC(C)Oc1nc(NC(=O)N2CCCc3cc(CO)c(C(=O)C(O)c4cc(OC(F)(F)F)c(O)c(C(F)(F)F)n4)nc32)ncc1Cl,5.384367360278845,0.4775,round5,mixed,48
AVGHQYCYQGAEND-UHFFFAOYSA-N__ZVJKLVFVHDYODR-UHFFFAOYSA-N,train_round5,CC(C)(C)OC(=O)NC(C)(C=O)C(C)(F)F,CCOC1=CC=C(C=C1)SC(C2=C(C=CC(=C2)F)F)C3=CN=C(C=C3C)C=O,CCOc1ccc(SC(c2cnc(C(O)C(=O)C(C)(NC(=O)OC(C)(C)C)C(C)(F)F)cc2C)c2cc(F)ccc2F)cc1,3.899418944880752,1.7995,round5,mixed,44
GKKDOVWXXQJCQO-BXKVDMCESA-N__KPQQGTQMINZUFF-UHFFFAOYSA-N,train_round5,C[C@@H]([C@@H]([C@H]([C@H](C=O)OP(=O)(O)O)OP(=O)(O)O)O)O,COC(=O)CC(C1=CC=C(C=C1)C#N)N2C=NC=C2C=O,COC(=O)CC(c1ccc(C#N)cc1)n1cncc1C(O)C(=O)C(OP(=O)(O)O)C(OP(=O)(O)O)C(O)C(C)O,4.044494075972277,-1.9174,round5,mixed,40
KVXYFVAWFCNXBJ-UHFFFAOYSA-N__OZEIISSFOWNDBM-UHFFFAOYSA-N,train_round5,C1=CC(=CC=C1C#N)NCCC2=C(C3=CN=C4C=C(C=CC4=C3N2)Cl)C=O,C1=C(C(=C(C(=N1)I)Cl)C=O)C(F)F,N#Cc1ccc(NCCc2[nH]c3c(cnc4cc(Cl)ccc43)c2C(=O)C(O)c2c(C(F)F)cnc(I)c2Cl)cc1,3.3940470703575607,4.5098,round5,mixed,40
LPPXFJHQUFBKSD-UHFFFAOYSA-N__XVNBRPIGVQKJGQ-UHFFFAOYSA-N,train_round5,C1=C(C(=C(NC1=S)S)C=O)F,C1=CC2=C(C=CC3=C2N=C(C=C3)C=O)N=C1,O=C(c1c(F)cc(=S)[nH]c1S)C(O)c1ccc2ccc3ncccc3c2n1,6.144628472141522,5.6065,round5,mixed,27
LSGLEMIQRPUZNS-UHFFFAOYSA-N__WFTLTSOFIDZVLY-UHFFFAOYSA-N,train_round5,CC(C)(C)OC(=O)N1CCN(CC1)C2=NC=C(C(=N2)C3=NC(=NN3C)C=O)F,C1=CC=C2C=C(C=CC2=C1)CCCC=O,Cn1nc(C(=O)C(O)CCCc2ccc3ccccc3c2)nc1-c1nc(N2CCN(C(=O)OC(C)(C)C)CC2)ncc1F,3.911640782983481,-2.1148,round5,mixed,43
PNGCFZAYGXTTGP-UHFFFAOYSA-N__UJOLWBAGGTWWQB-UHFFFAOYSA-N,train_round5,CC(CN(C1=C(C=C2CCCC2=C1)OCC3=NC=C(C=C3)C=O)S(=O)(=O)C4=CN=CC=C4)F,COC1=CC=C(C=C1)C=CC2=C(C=C(C=C2)F)C=O,COc1ccc(C=Cc2ccc(F)cc2C(O)C(=O)c2ccc(COc3cc4c(cc3N(CC(C)F)S(=O)(=O)c3cccnc3)CCC4)nc2)cc1,7.193041728979096,-1.4318,round5,mixed,52
IJDLETIPZDBNAJ-DHDCSXOGSA-N__JOENXSAAHLUJOR-UHFFFAOYSA-N,train_round5,CN(/C=C(/C1=NC=C(C=C1)CC2=CC(=C(C3=C2OCC3)F)C=O)\N)N,CC1=CC(=C2C=C(C=C(C2=N1)F)Br)C=O,Cc1cc(C(O)C(=O)c2cc(Cc3ccc(C(N)=CN(C)N)nc3)c3c(c2F)CCO3)c2cc(Br)cc(F)c2n1,6.9436130771938895,-0.3058,round5,train,40
RXAYWGHMLAKAII-UHFFFAOYSA-N__WBCJPTAMOSINNE-UHFFFAOYSA-N,train_round5,CC(C1(C(=CN(N1C2=CC=C(C=C2)OC(F)(F)F)C)Cl)C=O)Br,C1CN(CCC1N2C(NC3=CC=CC=C32)C=O)C(=O)CC4=CN=C(C=C4)C(F)(F)F,CC(Br)C1(C(=O)C(O)C2Nc3ccccc3N2C2CCN(C(=O)Cc3ccc(C(F)(F)F)nc3)CC2)C(Cl)=CN(C)N1c1ccc(OC(F)(F)F)cc1,4.8853914753655285,6.1567,round5,mixed,53
XXNPXJBHIXESHD-SFHVURJKSA-N__ACHZYQKSEPHLFE-UHFFFAOYSA-N,train_round5,CC(C)(C)[Si](C)(C)OCC[C@H](CC=O)OCC1=CC=C(C=C1)OC,CC(C)(C)OC(=O)CC1=C(N=CC(=C1)C2=NN=C(N2COCC[Si](C)(C)C)C(F)(F)F)C=O,COc1ccc(COC(CCO[Si](C)(C)C(C)(C)C)CC(=O)C(O)c2ncc(-c3nnc(C(F)(F)F)n3COCC[Si](C)(C)C)cc2CC(=O)OC(C)(C)C)cc1,5.954639077075311,-3.9026,round5,mixed,57
WWHLFKYABPHRSQ-UHFFFAOYSA-N__MCBZQUWFLNDMOA-UHFFFAOYSA-N,train_round5,COC1=C(N(C=C(C1=O)C(=O)NCC2=C(C=C(C=C2)F)F)CC=O)C(=O)OC,CC(C(C(C(=O)OC(=O)CCCCC=O)(F)F)(F)F)(F)F,COC(=O)c1c(OC)c(=O)c(C(=O)NCc2ccc(F)cc2F)cn1CC(=O)C(O)CCCCC(=O)OC(=O)C(F)(F)C(F)(F)C(C)(F)F,4.005735634527101,3.148,round5,mixed,49
FSXUJCVTSOIHNZ-KNJMJIDISA-N__MRQHGTPTAWQCTQ-UHFFFAOYSA-N,train_round5,CCCCC([C@H](C=C[C@@H]1[C@H](C[C@H]([C@H]1CC=O)O)OC(=O)C2=CC=CC=C2)O)(F)F,C1=CC(=C(N=C1C=O)I)F,CCCCC(F)(F)C(O)C=CC1C(OC(=O)c2ccccc2)CC(O)C1CC(=O)C(O)c1ccc(F)c(I)n1,3.570817336047748,6.3837,round5,mixed,39
OJVWNCHDBGMLES-BLVKFPJESA-N__LNVWIOZEQVFOPE-UHFFFAOYSA-N,train_round5,CC1=CC(=CC(=N1)N2[C@H]3[C@H](CC2=O)CN(C4=C(C=C(C=C4F)F)N(C3=O)C)CC=O)C(F)(F)F,C1=CC=C(C=C1)N2N=C(N=N2)C=O,Cc1cc(C(F)(F)F)cc(N2C(=O)CC3CN(CC(=O)C(O)c4nnn(-c5ccccc5)n4)c4c(F)cc(F)cc4N(C)C(=O)C32)n1,4.896317551212047,0.6525,round5,train,47
WAXHIDSFKPFKBM-UHFFFAOYSA-N__WWACXSLPZANMHV-UHFFFAOYSA-N,train_round5,C1=CC=C2C(=C1)C=C3C(=CC(=CC3=N2)F)C=O,C1=CC(=CC=C1CC2=C(N=NN2CC3=CC=C(C=C3)F)C=O)F,O=C(c1cc(F)cc2nc3ccccc3cc12)C(O)c1nnn(Cc2ccc(F)cc2)c1Cc1ccc(F)cc1,5.024031582118575,2.9607,round5,train,40
KOASXZUSQYZEEO-FYJGNVAPSA-N__ZZWNDCTYVVVGBM-UHFFFAOYSA-N,train_round5,CN(C)/C=N/S(=O)(=O)C1=CC=C(C=C1)N2C=C(C(=N2)C3=CC=C(C=C3)F)C=O,C1C(C1C2=CN=C(C=C2)C3=CC=C(C=C3)OC(F)(F)F)C=O,CN(C)C=NS(=O)(=O)c1ccc(-n2cc(C(=O)C(O)C3CC3c3ccc(-c4ccc(OC(F)(F)F)cc4)nc3)c(-c3ccc(F)cc3)n2)cc1,5.618062372663291,4.0899,round5,train,50
KJCSZFIDTPORIE-UHFFFAOYSA-N__MFMSKLNHBIEOQO-UHFFFAOYSA-N,train_round5,CC(CNC1=NC=CC(=N1)C2=NC=CC3=C2NC4=CC=CC=C34)C=O,C1=CC=NC(=C1)C2=NN(C(=C2Cl)C(F)(F)F)CC=O,CC(CNc1nccc(-c2nccc3c2[nH]c2ccccc23)n1)C(=O)C(O)Cn1nc(-c2ccccn2)c(Cl)c1C(F)(F)F,4.509309988219727,-3.968,round5,mixed,44
HSUAXILCRGPKRB-UHFFFAOYSA-N__YPZMPEPLWKRVLD-JAIWFUSLSA-N,train_round5,CC1=CN=C(C(=C1C(F)F)C=O)CCl,C([C@@H]([C@@H]([C@H]([C@H]([C@@H](C=O)O)O)O)O)O)O,Cc1cnc(CCl)c(C(=O)C(O)C(O)C(O)C(O)C(O)C(O)CO)c1C(F)F,6.40250449193862,3.3638,round5,train,28
ZMAOUTGUWCYXKL-QFIPXVFZSA-N__PEPWHKNJWSWNII-UHFFFAOYSA-N,train_round5,C[C@]1(CS(C(C(=N1)N)(C)C)(O)O)C2=C(C=CC(=C2)NC3=NC=C(C4=C3N=CC(=C4)Cl)C=O)F,C1=CC(=CN=C1)C2=C(N=NN2CC3=CC=C(C=C3)F)C=O,CC1(c2cc(Nc3ncc(C(=O)C(O)c4nnn(Cc5ccc(F)cc5)c4-c4cccnc4)c4cc(Cl)cnc34)ccc2F)CS(O)(O)C(C)(C)C(N)=N1,3.809290644786089,3.7919,round5,mixed,54
GIPLLVWXUVJPGK-UHFFFAOYSA-N__MDAZYFRWLVIJTF-UHFFFAOYSA-N,train_round5,CCOC(=O)C(C(C)C=O)(C(F)(F)F)O,COC1=CC(=C(C=C1C=O)O)OC,CCOC(=O)C(O)(C(C)C(=O)C(O)c1cc(O)c(OC)cc1OC)C(F)(F)F,5.680711345492223,2.7783,round5,train,28
NHTDLGVBAPMBHQ-RFUOJGKKSA-N__KSOCICOPDJILSM-UHFFFAOYSA-N,train_round5,C1=C(C=C(C(=C1O)O)O)C(=O)[C@](C=O)([C@H]([C@H]([C@@H](CO)O)O)O)O,C1=C(N=C(C(=C1C=O)OC(F)(F)F)N)CN,NCc1cc(C(O)C(=O)C(O)(C(=O)c2cc(O)c(O)c(O)c2)C(O)C(O)C(O)CO)c(OC(F)(F)F)c(N)n1,3.0260600759729765,-0.6551,round5,train,39
ANSKCNUQOXZGQC-UHFFFAOYSA-N__HWFJWQOLAZHHHV-UHFFFAOYSA-N,train_round5,CCN1C2=C(C=CC(=N2)F)N(C(=O)C3=C1N=CC(=C3)CCOC4=CC=C(C5=CC=CC=C54)C=O)C,C1=CC(=CC(=C1)Cl)C2=NN(C(=C2C=O)Br)C3=CC(=C(C=C3)F)F,CCN1c2ncc(CCOc3ccc(C(=O)C(O)c4c(-c5cccc(Cl)c5)nn(-c5ccc(F)c(F)c5)c4Br)c4ccccc34)cc2C(=O)N(C)c2ccc(F)nc21,6.389173599855578,2.2622,round5,mixed,58
VURAGXQMSYAHIV-UHFFFAOYSA-N__OSMLAIGPVWXZIU-UHFFFAOYSA-N,train_round5,CC(C=O)C1=C(C(=CC(C1(C)Cl)(C(=O)O)OCCOC)N2C(=O)C=C(N(C2=O)C)C(F)F)F,CC(C)C(CCC=O)(C#N)C1=CC(=CC=C1)F,COCCOC1(C(=O)O)C=C(n2c(=O)cc(C(F)F)n(C)c2=O)C(F)=C(C(C)C(=O)C(O)CCC(C#N)(c2cccc(F)c2)C(C)C)C1(C)Cl,3.71511044536586,7.3347,round5,train,50
VXLXBDVPVYSDIW-UHFFFAOYSA-N__QPDVGDKIZJZPRF-UHFFFAOYSA-N,train_round5,CCCCCCCCCCN(CC=O)C(=O)OCC1=C2CC3=CC=CC=C3C2=CC=C1,CCOC(=O)C1=C2C=CC=CN2C(=C1C3=CC(=C(C=C3)OCC4=CC=CC=C4)F)C=O,CCCCCCCCCCN(CC(=O)C(O)c1c(-c2ccc(OCc3ccccc3)c(F)c2)c(C(=O)OCC)c2ccccn12)C(=O)OCc1cccc2c1Cc1ccccc1-2,6.63344394810047,6.2146,round5,mixed,62
LJFIFMREBAPVSN-UHFFFAOYSA-N__SUZDNRJSYGHINE-UHFFFAOYSA-N,train_round5,C1C(CN(C1C(=O)NC2=CC=NC(=O)N2)C(=O)CN3C4=C(C=C(C=C4)C5=CN=NC=C5)C(=N3)C=O)F,C1=CC=C(C(=C1)CCNC(=O)COC2=C(C=C(C=C2)[N+](=O)[O-])C=O)F,O=C(COc1ccc([N+](=O)[O-])cc1C(O)C(=O)c1nn(CC(=O)N2CC(F)CC2C(=O)Nc2ccnc(=O)[nH]2)c2ccc(-c3ccnnc3)cc12)NCCc1ccccc1F,4.802425729795368,-4.7153,round5,mixed,61
FBNBTPDUMOHHFF-UHFFFAOYSA-N__LNQHQZPZJDOAIQ-AREMUKBSSA-N,train_round5,C1=CC2=C(N=CN2C=C1)C=O,CC1=CC2=C(C=C1)N(C(=O)[C@@]2(CC=O)C3=CNC4=C3C=C(C=C4)Br)CC5=CC=CC=C5,Cc1ccc2c(c1)C(CC(O)C(=O)c1ncn3ccccc13)(c1c[nH]c3ccc(Br)cc13)C(=O)N2Cc1ccccc1,3.3976565719783576,-1.893,round5,mixed,42
MOSMBCMBILJDSD-UHFFFAOYSA-N__BERAINBYLZLVIL-UHFFFAOYSA-N,train_round5,CCCCOC(=O)C1=CC=C(C=C1)N2C3=C(CCCC3CC4=CC=CC5=CC=CC=C54)C(=N2)C=O,C1=CC(=C(C=C1F)C#N)NC2=C(C(=NC=N2)Cl)C=O,CCCCOC(=O)c1ccc(-n2nc(C(=O)C(O)c3c(Cl)ncnc3Nc3ccc(F)cc3C#N)c3c2C(Cc2cccc4ccccc24)CCC3)cc1,5.388647489363565,-3.43,round5,mixed,54
RFHGVWPOVUFYHN-UHFFFAOYSA-N__XVGBUWZQCHFGQQ-UHFFFAOYSA-N,train_round5,CCCCCOC1=C(C2=C(C=C1)C(=CC(=O)O2)C)C3=NN(C=C3C=O)C4=CC=CC=C4,CN(CCOC1=CC=C(C=C1)C=O)C2=NC=CC(=N2)OC3=CC=C(C=C3)F,CCCCCOc1ccc2c(C)cc(=O)oc2c1-c1nn(-c2ccccc2)cc1C(=O)C(O)c1ccc(OCCN(C)c2nccc(Oc3ccc(F)cc3)n2)cc1,5.727288758868664,8.7272,round5,mixed,58
HNJHTPSQQCQEKR-OWOJBTEDSA-N__IHLXWLNSBIMKNG-UHFFFAOYSA-N,train_round5,C1=C(OC(=C1)C=O)/C=C/C2=CC(=CC(=C2)C(F)(F)F)C(F)(F)F,CN(C1=CC=CC(=C1)C=O)C2=NC3=NN=CN3C4=CC=CC=C42,CN(c1cccc(C(O)C(=O)c2ccc(C=Cc3cc(C(F)(F)F)cc(C(F)(F)F)c3)o2)c1)c1nc2nncn2c2ccccc12,4.079872006534979,3.0687,round5,mixed,46
GPFWLGPBSKFRJT-UHFFFAOYSA-N__HOYQMSYTNHOSJB-UHFFFAOYSA-N,train_round5,CC(C)(C)OC(=O)N1CCC2=C(C1)C(=NN2CCC=O)C3=CC=C(C=C3)C(F)(F)F,C1=CC=C(C=C1)N2C3=CC=CC=C3N=C2C4=CC=C(C=C4)C=O,CC(C)(C)OC(=O)N1CCc2c(c(-c3ccc(C(F)(F)F)cc3)nn2CCC(=O)C(O)c2ccc(-c3nc4ccccc4n3-c3ccccc3)cc2)C1,7.7462808251346145,0.3006,round5,mixed,53
MGBRUWNEGGQCSZ-SNVBAGLBSA-N__SSKOJFDTFDUPFH-UHFFFAOYSA-N,train_round5,C[C@H](C1=C(C(=CC(=C1)F)F)F)NC2=NC3=C(C=NN3C=C2)C(=O)NC(C)(C)C=O,C1=CC=C2C(=C1)NC3=NC=C(N23)C=O,CC(Nc1ccn2ncc(C(=O)NC(C)(C)C(=O)C(O)c3cnc4[nH]c5ccccc5n34)c2n1)c1cc(F)cc(F)c1F,16.047995429253568,-3.8271,round5,mixed,43
GFMMQESSTPJGDC-UHFFFAOYSA-N__IKOITRSYZNZHEZ-UHFFFAOYSA-N,train_round5,CN(C)S(=O)(=O)C1=CC(=C(C=C1)OC)C=O,COC1=C(C=C(C=C1)C2=CC3=C(C=CN=C3C=C2)NC4=CC=CC5=C4C=NN5)C=O,COc1ccc(S(=O)(=O)N(C)C)cc1C(=O)C(O)c1cc(-c2ccc3nccc(Nc4cccc5[nH]ncc45)c3c2)ccc1OC,11.13634168870819,4.2116,round5,mixed,46
USEHRSOITJVVMD-UHFFFAOYSA-N__DNHRKAMCCPATSL-WSVATBPTSA-N,train_round5,CN1C2CCC(C2)OC1CN3C=C(C(=O)C(=C3C=O)O)C(=O)NCC4=C(C=C(C=C4F)F)F,CC1=CC(=NC=C1C=O)OC2CC3CNC(=C(N3C2)/C=C(/C4=C(C(=CC=C4)F)O)\N)N,Cc1cc(OC2CC3CNC(N)=C(C=C(N)c4cccc(F)c4O)N3C2)ncc1C(O)C(=O)c1c(O)c(=O)c(C(=O)NCc2c(F)cc(F)cc2F)cn1CC1OC2CCC(C2)N1C,15.850335218914935,14.1911,round5,mixed,64
KWJTWDFFSYCYKO-UHFFFAOYSA-N__NYVCMUXSLXFBIQ-UHFFFAOYSA-N,train_round5,C1C=C(OC1(C=O)F)C(F)(F)F,CC1=CC(=C(C(=C1)O)C(=O)C2=C(C=CC(=C2OC)C(CC(C)C)OC)O)C=O,COc1c(C(CC(C)C)OC)ccc(O)c1C(=O)c1c(O)cc(C)cc1C(O)C(=O)C1(F)CC=C(C(F)(F)F)O1,9.468624934495562,13.1209,round5,train,40
PJXUXRWBMMQAQH-UHFFFAOYSA-N__RNVVGQBYFDKDCW-UHFFFAOYSA-N,train_round5,C1=CC(=CC=C1C2=C3C(=NC=NN3C(=C2C#N)C=O)N)NC(=O)NC4=C(C=CC(=C4)C(F)(F)F)F,CC1=C(N(C(=C1C(=O)C(=O)NC2(CC(C2)(F)F)C(=O)NC)C)C)C=O,CNC(=O)C1(NC(=O)C(=O)c2c(C)c(C(O)C(=O)c3c(C#N)c(-c4ccc(NC(=O)Nc5cc(C(F)(F)F)ccc5F)cc4)c4c(N)ncnn34)n(C)c2C)CC(F)(F)C1,9.519776963624778,7.5451,round5,mixed,60
KEXCDOSXWPAJRG-UHFFFAOYSA-N__ITRWHUUMOMPVGI-UHFFFAOYSA-N,train_round5,CC(C)(C)N(C(CNC1=C(C=C(C=C1)F)NC2=CC(=CC=C2)F)C=O)C(=O)O,C1COCCN1C2=C(C(=C(S2)C=O)C3=CC=C(C=C3)C(F)(F)F)C#N,CC(C)(C)N(C(=O)O)C(CNc1ccc(F)cc1Nc1cccc(F)c1)C(=O)C(O)c1sc(N2CCOCC2)c(C#N)c1-c1ccc(C(F)(F)F)cc1,13.185772080646752,2.6304,round5,train,53
CKNLBPMXIDIJFJ-UHFFFAOYSA-N__XHLZFJZRYMLALS-UHFFFAOYSA-N,train_round5,C1=CC=C(C(=C1)CN2C(=C(C(=N2)C3=CC=CO3)C=O)N)F,C1CN(CCN1)C2=C(C3=CC=CC=C3N2C4=CC=C(C=C4)C5=CC=NC=C5)C=O,Nc1c(C(=O)C(O)c2c(N3CCNCC3)n(-c3ccc(-c4ccncc4)cc3)c3ccccc23)c(-c2ccco2)nn1Cc1ccccc1F,18.82280887113863,10.9441,round5,train,50
VBTXWGMPFRNAPP-UHFFFAOYSA-N__RCTRFTHTQPVVOI-UHFFFAOYSA-N,train_round5,CCC1=C(N(N=C1C(=O)OCC)C(C)(C)C)OC2=C(C(=CN=C2)C=O)C(F)F,CC1=CC=CN2C1=NC(=C(C2=O)C=O)N3CCC4(CC3)OCCO4,CCOC(=O)c1nn(C(C)(C)C)c(Oc2cncc(C(=O)C(O)c3c(N4CCC5(CC4)OCCO5)nc4c(C)cccn4c3=O)c2C(F)F)c1CC,9.125481000970264,14.6233,round5,train,52
PTPKDVBJZQYYAA-APQHSKLGSA-N__HIALYLKYBGDINF-VHSXEESVSA-N,train_round5,CC1(C2C1[C@@H](N(C2)C(=O)CCC3=CC(=CC=C3)F)C(=O)N[C@@H](C[C@@H]4CCNC4=O)C=O)C,C[C@H]1CC[C@@H](C2=C1C(=C(C(=C2C3=C(C(=O)C=C(C3=O)O)O)C=O)O)O)C(C)C,CC1CCC(C(C)C)c2c(C3=C(O)C(=O)C=C(O)C3=O)c(C(O)C(=O)C(CC3CCNC3=O)NC(=O)C3C4C(CN3C(=O)CCc3cccc(F)c3)C4(C)C)c(O)c(O)c21,10.032642253887992,0.6396,round5,mixed,60
ALGHHHCOQNAVQM-UHFFFAOYSA-N__AUFBODLSRYCLPT-LLVKDONJSA-N,train_round5,C1=CC(=CC(=C1)C2=CN=C3N2C=CC(=C3)C=O)C4=C(SC=C4)C#N,C[C@H](COC)OC1=NC(=NC=C1Cl)NC(=O)N2CCCC3=CC(=C(N=C32)C=O)CO,COCC(C)Oc1nc(NC(=O)N2CCCc3cc(CO)c(C(O)C(=O)c4ccn5c(-c6cccc(-c7ccsc7C#N)c6)cnc5c4)nc32)ncc1Cl,11.462463369157904,-2.1986,round5,mixed,54
JXRKSYPTADMDFW-AQYZNVCMSA-N__IJFKYLCTISQMHR-UHFFFAOYSA-N,train_round5,C[C@H](C1=CC=CC=C1)C(=O)N2CCC[C@H]2C(=O)NC(CCCN=C(N)N)C=O,CC(CCN1C=CC2=C(C1=O)C=CC(=C2)C3=C(C=C(C=C3)C=O)F)(C(=O)O)S(=O)(=O)C,CC(C(=O)N1CCCC1C(=O)NC(CCCN=C(N)N)C(=O)C(O)c1ccc(-c2ccc3c(=O)n(CCC(C)(C(=O)O)S(C)(=O)=O)ccc3c2)c(F)c1)c1ccccc1,7.732016137703229,6.2973,round5,mixed,59
GDNMGQGSEXRXRN-UHFFFAOYSA-N__WPGVGXHYFNWCKI-UHFFFAOYSA-N,train_round5,CCCC1C(C(=NN1C2=CC=CC=C2)C3=CC=C(C=C3)F)(CNCCCC(C)(C)CO)C=O,CCCCC(CCCC)(CSC1=C(C=C(C=C1)F)CBr)C=O,CCCCC(CCCC)(CSc1ccc(F)cc1CBr)C(O)C(=O)C1(CNCCCC(C)(C)CO)C(c2ccc(F)cc2)=NN(c2ccccc2)C1CCC,17.298111250949212,14.1412,round5,train,55
RCPPESLDQVIGNX-UHFFFAOYSA-N__ILBJMCMAMYRVLN-GFCCVEGCSA-N,train_round5,C1CN(CCN1C(C2=C(C=C(C=C2)Cl)Cl)C(C=O)N)C(=O)C3=C(C(=CN=C3Cl)F)Cl,CC(C)(C)NC(=O)O[C@H](CC1=CC=C(C=C1)C(F)(F)F)C=O,CC(C)(C)NC(=O)OC(Cc1ccc(C(F)(F)F)cc1)C(O)C(=O)C(N)C(c1ccc(Cl)cc1Cl)N1CCN(C(=O)c2c(Cl)ncc(F)c2Cl)CC1,7.379027005822031,1.0961,round5,mixed,52
RQAJTNGYOVXMIJ-UHFFFAOYSA-N__NKJKJZROEQNTML-UHFFFAOYSA-N,train_round5,C1COC2=C(C=CC=C2C1NC(=O)C(F)(F)F)C=O,CC(C)N1C(=CC=N1)C2=CC(=CC(=C2CNC)C=O)C3=C(C=C(C=C3)F)F,CNCc1c(-c2ccnn2C(C)C)cc(-c2ccc(F)cc2F)cc1C(O)C(=O)c1cccc2c1OCCC2NC(=O)C(F)(F)F,8.118558458991094,6.1502,round5,mixed,46
IHNJLRKGAOAMCD-UHFFFAOYSA-N__CODFZJPRBOVSIN-UHFFFAOYSA-N,train_round5,CN1C2=C(C3=NC(=CN=C3C=C2)C=O)N=C1N,C1=CC=C(C(=C1)C=O)SC(=O)C2=CC(=CC=C2)Cl,Cn1c(N)nc2c3nc(C(=O)C(O)c4ccccc4SC(=O)c4cccc(Cl)c4)cnc3ccc21,9.882800406780584,0.7469,round5,mixed,35
ZIJUEGUVNUVKCO-UHFFFAOYSA-N__RTJOBORYZNSCCF-UHFFFAOYSA-N,train_round5,CN1CCCN2C1=C(C3=CC=CC=C32)C=O,CN1C=C(C=C1C=C)C=O,C=Cc1cc(C(O)C(=O)c2c3n(c4ccccc24)CCCN3C)cn1C,16.570482274463,10.3323,round5,train,26
JJCSOBHSZZSQPS-UHFFFAOYSA-N__LTJZSGKYDMBRJE-UHFFFAOYSA-N,train_round5,COCCOCCOC1=C(C=C(C=C1)F)C=O,CN1C=C(C(=N1)C2=CC(=C(C=C2Cl)Cl)F)C=O,COCCOCCOc1ccc(F)cc1C(=O)C(O)c1cn(C)nc1-c1cc(F)c(Cl)cc1Cl,8.007228576406412,2.2721,round5,train,34
XYNRORPSDKVMSO-UHFFFAOYSA-N__PDXFUQOXZCMQAE-UHFFFAOYSA-N,train_round5,COC1=C(C=CC(=C1)C=O)OCC(=O)NC2=CC=C(C=C2)OC(F)(F)F,C1=CC(=CC=C1C=O)NC2=CC(=NN2C3=CC=C(C=C3)OC(F)(F)F)C4=CC(=CC(=C4)Cl)Cl,COc1cc(C(=O)C(O)c2ccc(Nc3cc(-c4cc(Cl)cc(Cl)c4)nn3-c3ccc(OC(F)(F)F)cc3)cc2)ccc1OCC(=O)Nc1ccc(OC(F)(F)F)cc1,7.864110194205834,7.147,round5,mixed,59
GLYCFPBZGYEECP-BLTAXRJOSA-N__BEVYUUAILCFXOP-UHFFFAOYSA-N,train_round5,C[C@@H]1CN(C[C@H](O1)C)C2=C(C3=C(C=C2C=O)C(=NO3)N4[C@H]([C@H](OC4=O)C)COC)F,CCOC1=NC(=NC2=NC=C(N=C21)C3=CC=CC=C3C=O)NCC4=CC=C(C=C4)F,CCOc1nc(NCc2ccc(F)cc2)nc2ncc(-c3ccccc3C(O)C(=O)c3cc4c(N5C(=O)OC(C)C5COC)noc4c(F)c3N3CC(C)OC(C)C3)nc12,9.739410076863646,-2.5335,round5,train,60
RSPNFHFSMSOXIP-UHFFFAOYSA-N__YFAAFHOIJNRNAL-UHFFFAOYSA-N,train_round5,COC1=C(C=C(C=C1)C2=NN(C(=C2C=O)N)CC=C)F,CCC1=C2C(=CC=C1)C(=CN2CC(=O)NC3=C(C=CC(=C3)C(F)(F)F)Cl)C=O,C=CCn1nc(-c2ccc(OC)c(F)c2)c(C(=O)C(O)c2cn(CC(=O)Nc3cc(C(F)(F)F)ccc3Cl)c3c(CC)cccc23)c1N,10.466308994461516,5.6521,round5,train,48
RKNNBZDGRBHOPM-UHFFFAOYSA-N__LSBRKBAUGUNURP-UHFFFAOYSA-N,train_round5,C1C(N(CC1(F)F)C(=O)CNC(=O)C2=CC(=C(C=C2)N)Cl)C(=O)NC(CC(=O)O)C=O,C1=CC(=CC(=C1)NC(=O)CC2=C(C(=CC=C2)F)F)C=O,Nc1ccc(C(=O)NCC(=O)N2CC(F)(F)CC2C(=O)NC(CC(=O)O)C(=O)C(O)c2cccc(NC(=O)Cc3cccc(F)c3F)c2)cc1Cl,12.413824906030452,4.6501,round5,train,51
UPDFQLKMNFYSCC-DHDCSXOGSA-N__MZVNRVPABBIXFE-UHFFFAOYSA-N,train_round5,C1=CC=C(C(=C1)C=O)O/C(=C\Br)/C2=CC=C(C=C2)Cl,CC(C)C1=NC(=NN1)C2=NC=C(C=C2)CC3=C(C=C(C(=C3)C=O)CCN(C)C4=C(C=CC=N4)F)OC,COc1cc(CCN(C)c2ncccc2F)c(C(O)C(=O)c2ccccc2OC(=CBr)c2ccc(Cl)cc2)cc1Cc1ccc(-c2n[nH]c(C(C)C)n2)nc1,21.33617632036091,6.4595,round5,train,55
ONRWQURNYMLXKO-CQYWEGEGSA-N__OIZRERTYALBXTC-UHFFFAOYSA-N,train_round5,CN(C)C1=CC=C(C=C1)/C=C/C2=CC=C(S2)/C=C/C3=CC=C(S3)C=O,CC(C)(CN1CCN(CC1)C2=C(C=C(C=C2)C=O)F)O,CN(C)c1ccc(C=Cc2ccc(C=Cc3ccc(C(=O)C(O)c4ccc(N5CCN(CC(C)(C)O)CC5)c(F)c4)s3)s2)cc1,9.871760541469929,7.611,round5,train,45
ZQWSWUGISBEXPQ-UHFFFAOYSA-N__QMLNYDORMWTLNR-UHFFFAOYSA-N,train_round5,CCC1=C(C=CC=N1)C=O,CC1=C(OC(=C1)CC(C)C)C=O,CCc1ncccc1C(=O)C(O)c1oc(CC(C)C)cc1C,10.519709910579827,7.2134,round5,train,22
ACHZYQKSEPHLFE-UHFFFAOYSA-N__XXNPXJBHIXESHD-SFHVURJKSA-N,train_round5,CC(C)(C)OC(=O)CC1=C(N=CC(=C1)C2=NN=C(N2COCC[Si](C)(C)C)C(F)(F)F)C=O,CC(C)(C)[Si](C)(C)OCC[C@H](CC=O)OCC1=CC=C(C=C1)OC,COc1ccc(COC(CCO[Si](C)(C)C(C)(C)C)CC(O)C(=O)c2ncc(-c3nnc(C(F)(F)F)n3COCC[Si](C)(C)C)cc2CC(=O)OC(C)(C)C)cc1,10.890212669780809,7.2276,round5,mixed,57
ZFNKARWVGOHKMA-UHFFFAOYSA-N__AQLYWQJNDOKLAD-UHFFFAOYSA-N,train_round5,C1=CC(=C(C(=C1)Br)OCC2=CC(=C(C=C2)F)Cl)C=O,CC1=CC(=C(C=C1)S(=O)(=O)C2=CC=CC(=C2C=O)N3CCN(CC3)C(=O)C(F)(F)F)C,Cc1ccc(S(=O)(=O)c2cccc(N3CCN(C(=O)C(F)(F)F)CC3)c2C(O)C(=O)c2cccc(Br)c2OCc2ccc(F)c(Cl)c2)c(C)c1,17.829913217270736,11.9797,round5,train,50
ASDJHVZBKUZNQA-UHFFFAOYSA-N__VWNVDVBFSVUPHD-UHFFFAOYSA-N,train_round5,B1(OC(C(O1)(C)C)(C)C)C(=CC2=CC(=C(C=C2)C=O)F)CNC(=O)C,COC1=CC(=CC(=C1OC)C2=CC=C(O2)C=O)CC3=CN=C(N=C3N)N,COc1cc(Cc2cnc(N)nc2N)cc(-c2ccc(C(O)C(=O)c3ccc(C=C(CNC(C)=O)B4OC(C)(C)C(C)(C)O4)cc3F)o2)c1OC,8.256961553014104,4.7943,round5,mixed,51
FGSLNHWZRHJZEV-GOSISDBHSA-N__YNPIBFCBPPCFBZ-UHFFFAOYSA-N,train_round5,CN(C)CC1=C(N=C2C(=C1)CCCN2C(=O)NC3=NC=C(C(=C3)O[C@@H]4CCOC4)C#N)C=O,C1=CN=CN2C1=CC=C2C=O,CN(C)Cc1cc2c(nc1C(=O)C(O)c1ccc3ccncn13)N(C(=O)Nc1cc(OC3CCOC3)c(C#N)cn1)CCC2,10.504280709360126,1.335,round5,mixed,44
MJEBBHWCTLIINU-UHFFFAOYSA-N__HHQOSJVLKIANHF-UHFFFAOYSA-N,train_round5,C1=CC(=CC=C1F)SC2=C(C=NC=C2)C3=CN=C(S3)C=O,COC1=CC2=C(C=C1)C=C(N2)C=O,COc1ccc2cc(C(O)C(=O)c3ncc(-c4cnccc4Sc4ccc(F)cc4)s3)[nH]c2c1,7.907453287168818,2.2151,round5,mixed,34
OORUKFHUHFCMAP-GFCCVEGCSA-N__SNKSNUQCRAJDMG-UHFFFAOYSA-N,train_round5,C[C@@](CC=C)(C=O)C1=CC=CC=C1,CNC(=O)C1CCN(C1)C2=CC3=C(C=C2)C=CC(=C3C=O)O,C=CCC(C)(C(=O)C(O)c1c(O)ccc2ccc(N3CCC(C(=O)NC)C3)cc12)c1ccccc1,14.242744053149632,8.225,round5,train,35
NCDABYAAUCABPN-UHFFFAOYSA-N__SNDULRDEMJQRRU-UHFFFAOYSA-N,train_round5,CCOC1=C(C=C(C(=C1)N2CCN(CC2)C(=O)CN3C(=C(C(=N3)C(F)(F)F)Cl)C)C=O)Cl,CC1=CC=C(C=C1)S(=O)(=O)C2=CC=CC(=C2N)C=O,CCOc1cc(N2CCN(C(=O)Cn3nc(C(F)(F)F)c(Cl)c3C)CC2)c(C(=O)C(O)c2cccc(S(=O)(=O)c3ccc(C)cc3)c2N)cc1Cl,22.79853035992649,14.2049,round5,train,51
FHDQNSPILOZQFS-UHFFFAOYSA-N__ICFQEWUDIMOPCA-UHFFFAOYSA-N,train_round5,CC(C)C1=C(N=C(N1)C=O)C2=CC(=CC=C2)F,CCN(C1CCN(C(C1)C=O)C2=CC3=C(N2)C=CC(=C3)O)C4=NC=CC(=C4NC(C)(C)C)F,CCN(c1nccc(F)c1NC(C)(C)C)C1CCN(c2cc3cc(O)ccc3[nH]2)C(C(O)C(=O)c2nc(-c3cccc(F)c3)c(C(C)C)[nH]2)C1,11.657096401365385,0.1993,round5,mixed,50
BGOGWFRAPAMWDW-UHFFFAOYSA-N__DXLRTNIZUNZBOB-WVSAXGKWSA-N,train_round5,CC1=C(OC(=N1)C2=CC=C(C=C2)OC(F)F)C=O,C1C[C@@H]([C@@H](NC1)COC2CCC(CC2)C3=C(C(=CC(=C3)F)F)OCC=O)NS(=O)(=O)C4CC4,Cc1nc(-c2ccc(OC(F)F)cc2)oc1C(=O)C(O)COc1c(F)cc(F)cc1C1CCC(OCC2NCCCC2NS(=O)(=O)C2CC2)CC1,12.859448578562375,4.9199,round5,train,51
WJQKKQPEKXLSHY-UHFFFAOYSA-N__PUNDWWGTDHWOER-LUQKVYGDSA-N,train_round5,C1=CC(=CC=C1C2=CSC(=N2)N3C=C(C(=N3)C4=CC=C(C=C4)Br)C=O)[N+](=O)[O-],CCCN1C[C@H](C[C@H]2[C@H]1CC3=C(NC4=CC=CC2=C34)C=O)NC(=O)N(CC)CC,CCCN1CC(NC(=O)N(CC)CC)CC2c3cccc4[nH]c(C(O)C(=O)c5cn(-c6nc(-c7ccc([N+](=O)[O-])cc7)cs6)nc5-c5ccc(Br)cc5)c(c34)CC21,13.286518272508852,8.0817,round5,train,57
LWXHPIQSFAYGAP-UHFFFAOYSA-N__MPZKFPZEXKJAGC-UHFFFAOYSA-N,train_round5,COC(=O)C1=C(NC=N1)C=O,CN1C(=CC(=O)N(C1=O)C2(C3=CCC(C=C3SN2)F)C=O)C(F)(F)F,COC(=O)c1nc[nH]c1C(=O)C(O)C1(n2c(=O)cc(C(F)(F)F)n(C)c2=O)NSC2=CC(F)CC=C21,16.43405209444895,11.8528,round5,train,36
CNAXEWVFHCQRSU-UHFFFAOYSA-N__XJZCPGFRAQGTOH-AHTKWCMKSA-N,train_round5,CC1=CC(=CC(=C1C=O)C)NC2CN(C2)CCCF,C1CCC2(CC1)CC(N(C2)C(=O)OCC3=CC=CC=C3)C(=O)N[C@@H](C[C@@H]4CCNC4=O)C=O,Cc1cc(NC2CN(CCCF)C2)cc(C)c1C(=O)C(O)C(CC1CCNC1=O)NC(=O)C1CC2(CCCCC2)CN1C(=O)OCc1ccccc1,15.523377298049606,-0.141,round5,mixed,52
XATIKXWFXYYQDE-UHFFFAOYSA-N__MVOHBLRFSWSWBD-UHFFFAOYSA-N,train_round5,COC1=CC(=NC(=C1C=O)OC(F)(F)F)I,COC1=C(C=C(C=C1)C2=C(C=NN2)C=O)OC,COc1ccc(-c2[nH]ncc2C(O)C(=O)c2c(OC)cc(I)nc2OC(F)(F)F)cc1OC,15.301687648486636,7.2323,round5,train,33
TZCPFKQMAFYZFM-VIFPVBQESA-N__BZLKUBLVRNYSBG-DHMWGJHJSA-N,train_round5,CC1=NC=C(C(=C1O)C=O)COP(=O)(N[C@@H](CO)C(=O)O)O,C1C[C@H]2C[C@@H]1[C@@H]([C@H]2NS(=O)(=O)C3=CC=CC=C3)CC=O,Cc1ncc(COP(=O)(O)NC(CO)C(=O)O)c(C(=O)C(O)CC2C3CCC(C3)C2NS(=O)(=O)c2ccccc2)c1O,28.797259760786464,14.9743,round5,train,42
CECVPLSWZMKZMG-UHFFFAOYSA-N__ZYMMZDPLHCIMPH-UHFFFAOYSA-N,train_round5,C(=O)C1=C(SC(=N1)Br)Br,C1=CC=C2C(=C1)C(=C(N2CC(F)(F)F)C(=O)O)C=O,O=C(O)c1c(C(O)C(=O)c2nc(Br)sc2Br)c2ccccc2n1CC(F)(F)F,7.500960590306088,2.9538,round5,train,28
YEWKYTNHFPESFT-RAWMCFOBSA-N__YCAVHSYYFSGTOY-UHFFFAOYSA-N,train_round5,CCC/C=C(/NC(=O)C1=C(CCCC1)C)\N2CCC3(CCCC4=C3C(=CC(=C4)OCC=O)F)CC2,CC1=C(SC(=C1C2=CC(=C(C=C2)O)Cl)C=O)C3=CC(=C(C=C3)O)F,CCCC=C(NC(=O)C1=C(C)CCCC1)N1CCC2(CCCc3cc(OCC(=O)C(O)c4sc(-c5ccc(O)c(F)c5)c(C)c4-c4ccc(O)c(Cl)c4)cc(F)c32)CC1,11.945731355769992,-3.1478,round5,train,59
QNOUKJGAULDWAJ-UHFFFAOYSA-N__PVELJGQZPFHVPM-XRVIQIRUSA-N,train_round5,CC1=CC=CC=C1NC2=NC(=C(S2)C=O)Cl,C1C2CNC(=C(N2CC1SC3=NC=C(C=N3)C=O)/C=C(/C4=C(C(=CC(=C4)F)F)O)\N)N,Cc1ccccc1Nc1nc(Cl)c(C(=O)C(O)c2cnc(SC3CC4CNC(N)=C(C=C(N)c5cc(F)cc(F)c5O)N4C3)nc2)s1,10.408895928069336,8.7551,round5,mixed,47
JOENXSAAHLUJOR-UHFFFAOYSA-N__IJDLETIPZDBNAJ-DHDCSXOGSA-N,train_round5,CC1=CC(=C2C=C(C=C(C2=N1)F)Br)C=O,CN(/C=C(/C1=NC=C(C=C1)CC2=CC(=C(C3=C2OCC3)F)C=O)\N)N,Cc1cc(C(=O)C(O)c2cc(Cc3ccc(C(N)=CN(C)N)nc3)c3c(c2F)CCO3)c2cc(Br)cc(F)c2n1,7.427148942884112,5.7196,round5,train,40
LXXYUOZIOSNAPE-OCEACIFDSA-N__MLILKJHSSJDWIX-UHFFFAOYSA-N,train_round5,CC1CC2CC(/C(=C(/C3=CC=C(C=C3)OC)\C4=CC(=C(C=C4)C=O)C(F)(F)F)/C(C1)C2)C,C1=C(C(=CC(=C1Cl)N)C(F)(F)F)C=O,COc1ccc(C(=C2C(C)CC3CC(C)CC2C3)c2ccc(C(=O)C(O)c3cc(Cl)c(N)cc3C(F)(F)F)c(C(F)(F)F)c2)cc1,10.930067952657032,4.7511,round5,mixed,46
MKNJPJJOKITRSR-UHFFFAOYSA-N__MCNFCJVNCJZDER-UHFFFAOYSA-N,train_round5,CN1C=C2CCC3=C(C2=C(C1=O)C=O)C=CC(=C3)OC,CC(C)CCOC(=O)C1=C(OC=C1)C=O,COc1ccc2c(c1)CCc1cn(C)c(=O)c(C(=O)C(O)c3occc3C(=O)OCCC(C)C)c1-2,7.737061962929321,1.2913,round5,train,35
YHPUYCLEGYEMSW-UHFFFAOYSA-N__QWYPEMOIQSCVAX-UHFFFAOYSA-N,train_round5,C(C=O)C(C(F)(F)F)F,CC(C)(C=O)C1=C(C=CC=N1)OC2=CN=C3C(=C2)C=CC=C3F,CC(C)(c1ncccc1Oc1cnc2c(F)cccc2c1)C(O)C(=O)CC(F)C(F)(F)F,9.84366557064202,14.9343,round5,mixed,32
VSBNTAJGXYNXAY-UHFFFAOYSA-N__DQHRHXZEBRCBMV-JDOQCHFPSA-N,train_round5,CC(CN1C=C(N=N1)S(=O)(=O)N2CCC(CC2)NC3=NC=C(C=N3)C(F)(F)F)C=O,CC(C)(C)OC(=O)NC(=N[C@]1(COCCC1C=O)C2=C(C=CC(=C2)O)F)N(C)C,CC(Cn1cc(S(=O)(=O)N2CCC(Nc3ncc(C(F)(F)F)cn3)CC2)nn1)C(=O)C(O)C1CCOCC1(N=C(NC(=O)OC(C)(C)C)N(C)C)c1cc(O)ccc1F,13.544174707618296,2.089,round5,mixed,59
RSOJYZWLMFMBJP-UHFFFAOYSA-N__RYWAAYYDHJXRBB-UHFFFAOYSA-N,train_round5,CCCCCC(C)C(=O)OC12CC(CN1)N(C2)C3=C(C=CC(=C3)C(F)(F)F)C=O,CCCOC1=C2C(=C(C=C1)F)C(=O)C(=CN2)C3=CC=C(C=C3)C=O,CCCCCC(C)C(=O)OC12CC(CN1)N(c1cc(C(F)(F)F)ccc1C(=O)C(O)c1ccc(-c3c[nH]c4c(OCCC)ccc(F)c4c3=O)cc1)C2,9.23336137775096,5.6594,round5,mixed,53
UVEWILMEQFXYHE-UHFFFAOYSA-N__ZBIFOZQGUKWAAZ-SKNVOMKLSA-N,train_round5,C1=CC=C2C(=C1)C(NN=C2CC3=CC(=C(C=C3)F)N)C=O,C(=O)[C@@H]([C@H]([C@@H]([C@H](C(C(C(C(F)(F)F)(F)F)(F)F)(F)F)O)O)O)O,Nc1cc(CC2=NNC(C(=O)C(O)C(O)C(O)C(O)C(O)C(F)(F)C(F)(F)C(F)(F)C(F)(F)F)c3ccccc32)ccc1F,8.454193331581125,12.3286,round5,train,44
IQCXWCCAFFIJQS-UHFFFAOYSA-N__WKNGWVWIAUVBNF-MJGOQNOKSA-N,train_round5,CC(C)C1=CC(=C(C(=C1)C(C)C)C(C=O)F)C(C)C,CCOC(=O)[C@H]1CC=C(C[C@@]1(C=O)[Se]C2=CC=C(C=C2)Cl)O[Si](C)(C)C,CCOC(=O)C1CC=C(O[Si](C)(C)C)CC1([Se]c1ccc(Cl)cc1)C(O)C(=O)C(F)c1c(C(C)C)cc(C(C)C)cc1C(C)C,13.490912498876382,8.0607,round5,train,45
OIZZZMUPVYZKNM-UHFFFAOYSA-N__CJSNUXDCRLIMJT-UHFFFAOYSA-N,train_round5,C1C(=O)NC2=CC(=C(C(=C2O1)F)C=O)F,C1CN(CC1C2=CC=CC=C2)C(=O)C3CC=C4C(=C3)NC(=C(N4)C5=CC(=CC=C5)F)CCCCC=O,O=C1COc2c(cc(F)c(C(=O)C(O)CCCCC3=C(c4cccc(F)c4)NC4=CCC(C(=O)N5CCC(c6ccccc6)C5)C=C4N3)c2F)N1,7.9990919127578515,3.5407,round5,mixed,51
DRPZNLLEUHICFW-UHFFFAOYSA-N__SSJUVDCYSLWUFA-UHFFFAOYSA-N,train_round5,CC1=CC(=NC=C1C=O)OC,CN(C)C1=CC(=NC=C1C#N)NC(=O)N2CCCC3=CC(=C(N=C32)C=O)CN(C)C(=O)C4CCCO4,COc1cc(C)c(C(=O)C(O)c2nc3c(cc2CN(C)C(=O)C2CCCO2)CCCN3C(=O)Nc2cc(N(C)C)c(C#N)cn2)cn1,11.624984045080769,-0.9121,round5,train,47
QJYBPYBNUIMSQC-HEHLMWRFSA-N__KRYWHGVIUVFLEK-UHFFFAOYSA-N,train_round5,CCOC(=O)[C@@]1([C@H](CC2=C([C@@H]1CC=O)C3=CC=CC=C3N2CC4=CC=CC=C4)C5=CC=CC=C5)C#N,C1C2CC3(CC1CC(C2)(C3)F)CNC(=O)C4=C(C=CC(=C4)CCC=O)Cl,CCOC(=O)C1(C#N)C(c2ccccc2)Cc2c(c3ccccc3n2Cc2ccccc2)C1CC(=O)C(O)CCc1ccc(Cl)c(C(=O)NCC23CC4CC(CC(F)(C4)C2)C3)c1,8.669974870638976,0.8032,round5,mixed,62
QWGDFFAZLKPTFX-UHFFFAOYSA-N__UXOLKIGCWRIBJJ-UHFFFAOYSA-N,train_round5,C1=CC(=C(C(=C1)Cl)F)C(CO)(C=O)O,CC=C1CN(CCC1O)C(C2=CC=CC=C2F)C3(CC3)C=O,CC=C1CN(C(c2ccccc2F)C2(C(O)C(=O)C(O)(CO)c3cccc(Cl)c3F)CC2)CCC1O,10.23681348539385,8.7311,round5,train,36
VTTZSHQEEIGEJR-UHFFFAOYSA-N__QJUJOQIVOCOTAP-UHFFFAOYSA-N,train_round5,C1C2=C(C(N1CC3=CC=C(C=C3)OC(F)(F)F)C=O)C(=CC(=C2)CN)C(F)(F)F,C1=CC=C(C(=C1)CNC2=C(C(=O)NC3=CC=CC=C32)C=O)F,NCc1cc2c(c(C(F)(F)F)c1)C(C(=O)C(O)c1c(NCc3ccccc3F)c3ccccc3[nH]c1=O)N(Cc1ccc(OC(F)(F)F)cc1)C2,9.087407041204406,5.8791,round5,mixed,51
GHGDNSGZBQHARP-UHFFFAOYSA-N__MPADJLSRTIXYRB-UHFFFAOYSA-N,train_round5,C1=CC(=C(C(=C1)Cl)C2=C(NC=C2C3=C(C(=C(C(=C3F)F)F)F)F)C=O)Cl,C1CN(CC1CN2C=C(N=N2)C=O)CCF,O=C(c1[nH]cc(-c2c(F)c(F)c(F)c(F)c2F)c1-c1c(Cl)cccc1Cl)C(O)c1cn(CC2CCN(CCF)C2)nn1,10.776412763669756,2.0843,round5,mixed,42
PNFRIXKYLRJLME-UHFFFAOYSA-N__JRVNXVGZKVPZRX-UHFFFAOYSA-N,train_round5,C1=CC=C2C(=C1)C=CC(=C2C=O)OCC(=O)NC3=CC=C(C=C3)SC(F)F,CCNC(=O)C1=CC2=C(N1)C=CC(=C2C=O)O,CCNC(=O)c1cc2c(C(O)C(=O)c3c(OCC(=O)Nc4ccc(SC(F)F)cc4)ccc4ccccc34)c(O)ccc2[nH]1,16.426699392439332,5.591,round5,train,44
VPSGGVGKUJDEDK-UHFFFAOYSA-N__SHCDXJZGVMAGII-UHFFFAOYSA-N,train_round5,CCCCN1C2=CC=CC=C2SC3=C(C=CC=C31)C=O,C1=C(C(=C(C(=N1)C(F)F)I)C=O)CN,CCCCN1c2ccccc2Sc2c(C(=O)C(O)c3c(CN)cnc(C(F)F)c3I)cccc21,14.097303177720129,-0.7899,round5,train,34
KNUFDGQMEJNSCQ-UHFFFAOYSA-N__RZILUEQOAIVYLY-UHFFFAOYSA-N,train_round5,C1=C(C(=NC(=C1C=O)Br)C(F)F)CCl,C1=CC=C(C=C1)C2=CC=CC(=C2Br)COC3=C(C=C(C(=C3)O)C=O)Cl,O=C(c1cc(CCl)c(C(F)F)nc1Br)C(O)c1cc(Cl)c(OCc2cccc(-c3ccccc3)c2Br)cc1O,8.022214935761196,7.9402,round5,train,39
MPBCYODBNWSSSA-UHFFFAOYSA-N__HDYPXFTYXZZXBN-UHFFFAOYSA-N,train_round5,COC1=CC=CC(=C1OC)C(=O)C2=C(C(=CC(=C2)Cl)F)N3C=CC=C3C=O,CCOC(=O)CCNC1=C(C(=NC(=N1)N)N(C)C2CCCCC2)C=O,CCOC(=O)CCNc1nc(N)nc(N(C)C2CCCCC2)c1C(O)C(=O)c1cccn1-c1c(F)cc(Cl)cc1C(=O)c1cccc(OC)c1OC,19.98450469473728,10.8298,round5,mixed,52
IAJILQKETJEXLJ-KLVWXMOXSA-N__OBTPPIVYVAKEDH-UHFFFAOYSA-N,train_round5,C(=O)[C@@H]([C@@H]([C@H]([C@@H](C(=O)O)O)O)O)O,CN1C(=C(N=C1C2=CC=CC=C2)C=O)N,Cn1c(-c2ccccc2)nc(C(O)C(=O)C(O)C(O)C(O)C(O)C(=O)O)c1N,15.896430518137096,9.0483,round5,mixed,28
YXRYBPUYBIYMBT-VLIAUNLRSA-N__XBOCBSRRNPIYNX-UHFFFAOYSA-N,train_round5,C[C@H](C=O)[C@H](CNC1=C(C=C(C=C1)Cl)C(=O)C2=CC=CC=C2F)NC(=O)OC(C)(C)C,CC1=C(N(C(=C1C=O)C(=CCC2=CC=C(C=C2)F)Cl)CC=C)C,C=CCn1c(C)c(C)c(C(O)C(=O)C(C)C(CNc2ccc(Cl)cc2C(=O)c2ccccc2F)NC(=O)OC(C)(C)C)c1C(Cl)=CCc1ccc(F)cc1,9.241592587300616,-0.2676,round5,mixed,54
DTXYSGFUSMBNAF-UHFFFAOYSA-N__WEBRXAWODUBLLW-UHFFFAOYSA-N,train_round5,C1=C(C(=O)NC(=C1CCl)C=O)OC(F)(F)F,CCCCCCCC(C=O)Cl,CCCCCCCC(Cl)C(O)C(=O)c1[nH]c(=O)c(OC(F)(F)F)cc1CCl,7.222089215157299,5.1679,round5,mixed,27
YAUIKRRHHMSHEE-UHFFFAOYSA-N__ADYUCDPZHKJYQL-UHFFFAOYSA-N,train_round5,C1CC1C(C=O)C(=O)C2=C(C=C(C=C2)C(C(F)(F)F)(F)F)[N+](=O)[O-],CCCCCC(CC1=CC=C(C(=O)N1)O)C=O,CCCCCC(Cc1ccc(O)c(=O)[nH]1)C(O)C(=O)C(C(=O)c1ccc(C(F)(F)C(F)(F)F)cc1[N+](=O)[O-])C1CC1,10.457420444157073,5.2175,round5,train,41
WGLDHPMXZFNTBG-UHFFFAOYSA-N__JPFVGZCDZALHHO-UHFFFAOYSA-N,train_round5,C1CC2(CCCN2C1)CN(C=O)C3(CC=C(C4=CC=CC=C43)F)C=O,CC(C)(C=O)C1CC1,CC(C)(C1CC1)C(O)C(=O)C1(N(C=O)CC23CCCN2CCC3)CC=C(F)c2ccccc21,10.33036229703734,2.7736,round5,mixed,33
FXEVUQUAGDATNC-UHFFFAOYSA-N__HJXMCJZLUQNANB-UHFFFAOYSA-N,train_round5,C1=C(C(=NC(=C1N)C(F)F)C#N)C=O,CC[Si](CC)(CC)C1=CC=CC=C1C2=C(C=C(C=C2)C=O)[Si](CC)(CC)CC,CC[Si](CC)(CC)c1ccccc1-c1ccc(C(O)C(=O)c2cc(N)c(C(F)F)nc2C#N)cc1[Si](CC)(CC)CC,8.44803993445424,4.0217,round5,train,42
LKAISGMGRTWEDW-UHFFFAOYSA-N__NXPGRURGIPUPRB-UHFFFAOYSA-N,train_round5,CC1=CC(=C(S1)C)C2=C(C(=O)N(C2=O)CC=O)C3=C(SC(=C3)C)C,C1=C(C(=CC(=C1N2C(=C(C=N2)CC=O)C(F)(F)F)F)Cl)C(=O)O,Cc1cc(C2=C(c3cc(C)sc3C)C(=O)N(CC(=O)C(O)Cc3cnn(-c4cc(C(=O)O)c(Cl)cc4F)c3C(F)(F)F)C2=O)c(C)s1,12.023741849970705,4.0214,round5,mixed,47
CXXVQAAFQVJDHB-UHFFFAOYSA-N__WLJOTCRBXZEFHK-UHFFFAOYSA-N,train_round5,C1=CC=C(C=C1)SN2C(=CC3=CC(=C(C=C32)Br)F)C=O,CC(C)N(CC1=CC=CC=C1)CC(COC2=CC=CC3=C2C(=CN3)C=O)O,CC(C)N(Cc1ccccc1)CC(O)COc1cccc2[nH]cc(C(O)C(=O)c3cc4cc(F)c(Br)cc4n3Sc3ccccc3)c12,11.636117320566605,2.4875,round5,mixed,47
GGZJLHSZBRUPAJ-JOCHJYFZSA-N__KCZIECCEVUHMSP-UHFFFAOYSA-N,train_round5,C1CC1(C#N)N[C@](CC2=CC=CC=C2C(F)(F)F)(C=O)NC(=O)C3=NN(N=C3)C4=CC=C(C=C4)F,CC1=C(C(=O)OC2=C(C(=C(C=C12)F)OCCC=O)F)CC(=O)O,Cc1c(CC(=O)O)c(=O)oc2c(F)c(OCCC(O)C(=O)C(Cc3ccccc3C(F)(F)F)(NC(=O)c3cnn(-c4ccc(F)cc4)n3)NC3(C#N)CC3)c(F)cc12,9.0809256847416,12.5732,round5,train,58
OMUFOUSKDXRYEB-UHFFFAOYSA-N__YZLRLTGGSXWYNM-UHFFFAOYSA-N,train_round5,C1=C(NC(=C1)C=O)CCCCCCC=CCCCCCCCCCCCCCC#N,CCCCCN(C1=CC=C(C=C1)C=O)C2=CC=C(C=C2)C3=NC(=C(N3)C4=CC=CC=C4)C5=CC=CC=C5,CCCCCN(c1ccc(-c2nc(-c3ccccc3)c(-c3ccccc3)[nH]2)cc1)c1ccc(C(O)C(=O)c2ccc(CCCCCCC=CCCCCCCCCCCCCCC#N)[nH]2)cc1,11.30722420449125,7.7689,round5,mixed,67
ZHNFGYLZJPJJRO-PJSAGSTRSA-N__DKRKSXPNWDJDSE-UHFFFAOYSA-N,train_round5,CC1=C(N[C@H](OC1)[C@@](C=O)(NC(=O)[C@@H](C2=CC=C(C=C2)O)C(=O)O)OC)C(=O)O,COC1=NC=C(C(=C1)C=O)OCC2=C(COCC2)C3=CC=NN3CC(F)(F)F,COc1cc(C(O)C(=O)C(NC(=O)C(C(=O)O)c2ccc(O)cc2)(OC)C2NC(C(=O)O)=C(C)CO2)c(OCC2=C(c3ccnn3CC(F)(F)F)COCC2)cn1,10.36486047654,4.8156,round5,mixed,57
CWEWPJNHSCIWHO-UHFFFAOYSA-N__FXLVUMKCPQWLBO-UHFFFAOYSA-N,train_round5,CN(C1=CC=CC=C1F)S(=O)(=O)C2=CC=C(O2)C=O,CC(C)C1=NN(C(=C1Br)C=O)CCO[Si](C)(C)C(C)(C)C,CC(C)c1nn(CCO[Si](C)(C)C(C)(C)C)c(C(O)C(=O)c2ccc(S(=O)(=O)N(C)c3ccccc3F)o2)c1Br,7.613761196292954,2.9562,round5,mixed,40
KVVMTXXWQVGZEW-TWOTXZKJSA-N__KIONBQPJVUNHHQ-UHFFFAOYSA-N,train_round5,C1=C(C(=O)NC(=S)N1[C@H]2[C@@H]([C@@H]([C@](O2)(COP(=O)(O)OP(=O)(O)O)F)O)O)C=O,C1=CC(=C(C=C1CN2C=C(C=N2)C=O)F)F,O=C(c1cn(C2OC(F)(COP(=O)(O)OP(=O)(O)O)C(O)C2O)c(=S)[nH]c1=O)C(O)c1cnn(Cc2ccc(F)c(F)c2)c1,14.19321351225604,8.8678,round5,train,44
XKRFMOGJDDSEER-UHFFFAOYSA-N__QDMQPHIIFMFFHX-UHFFFAOYSA-N,train_round5,CC1CN(CC(O1)C)C2=CC(=C(C=C2C=O)C#CC3=CN=CC=C3)F,C1=CC=C(C=C1)S(=O)(=O)N2C3=CC=CC=C3C4=C2C=C(C(=C4O)C=O)C5=C(C=C(C=C5)Cl)Cl,CC1CN(c2cc(F)c(C#Cc3cccnc3)cc2C(=O)C(O)c2c(-c3ccc(Cl)cc3Cl)cc3c(c2O)c2ccccc2n3S(=O)(=O)c2ccccc2)CC(C)O1,18.62945576251921,7.4872,round5,mixed,58
OWWLPPXVCJSSED-UHFFFAOYSA-N__SENRSFSWYFGFCY-UHFFFAOYSA-N,train_round5,CN(C)C=NS(=O)(=O)C1=NN2C(=C(N=C2S1)C3=CC=C(C=C3)Cl)C=O,COC1=CC2=C(C=C1)C=C(N2CC3=C(C=CC=N3)F)C=O,COc1ccc2cc(C(O)C(=O)c3c(-c4ccc(Cl)cc4)nc4sc(S(=O)(=O)N=CN(C)C)nn34)n(Cc3ncccc3F)c2c1,18.002893225495082,5.4629,round5,train,46
CYIRMZGWZZRUAU-UHFFFAOYSA-N__POOZLZRCXUOFBQ-ZETCQYMHSA-N,train_round5,CN1N=C(N=N1)NC2=NC=C(S2)C3=C(C=C(C=C3)N4CC(OC4C=O)CO)F,C[C@@H](COC)NC1=C(C(=C(C=C1)I)F)C=O,COCC(C)Nc1ccc(I)c(F)c1C(O)C(=O)C1OC(CO)CN1c1ccc(-c2cnc(Nc3nnn(C)n3)s2)c(F)c1,7.79929751832609,3.9493,round5,train,44
NCBYMIZZHNFUTN-UHFFFAOYSA-N__IJZBVUYDAXAUDY-UHFFFAOYSA-N,train_round5,C1=C(C2=NC=C(N2C=C1Br)C=O)I,COC(=O)COC1=CC(=C(C=C1)C=O)OCC(=O)OC,COC(=O)COc1ccc(C(O)C(=O)c2cnc3c(I)cc(Br)cn23)c(OCC(=O)OC)c1,7.33247401176561,5.4489,round5,train,33
YUOSIXBGIZUGFS-LBPRGKRZSA-N__NSHROHXCLJDTIS-UHFFFAOYSA-N,train_round5,CC1=NC=C(C(=C1O)CN[C@@H](CCCCN)C(=O)O)C=O,CCOC(=O)C1=C(C(=C(C=C1)C#N)C=O)C(F)F,CCOC(=O)c1ccc(C#N)c(C(O)C(=O)c2cnc(C)c(O)c2CNC(CCCCN)C(=O)O)c1C(F)F,8.666630285792102,11.776,round5,train,39
ONGPIFXSPKAMII-UHFFFAOYSA-N__PTWKAROTHDBLDD-FIRUWTLASA-N,train_round5,COC1=C(C(=CC=C1)OC)OC2=C(C=CC=C2F)C=O,C/C=C(\C(=C/C(C)OC1=CC=CC=C1F)\C)/N2C(=C(C=N2)C=O)N,CC=C(C(C)=CC(C)Oc1ccccc1F)n1ncc(C(O)C(=O)c2cccc(F)c2Oc2c(OC)cccc2OC)c1N,22.056636932428223,9.3929,round5,train,44
LJOFOIHPYGBNPG-RDPSFJRHSA-N__UAGVHQWMCBXMGD-UHFFFAOYSA-N,train_round5,CC1=NC(=CS1)C=C(C)[C@H](CC=C(C)CCC[C@H](C)C=O)OCOCC[Si](C)(C)C,CCCC1(C2=C(CCO1)C3=C(C=CC(=C3N2)F)C(=O)N4CCOCC4)CC=O,CCCC1(CC(O)C(=O)C(C)CCCC(C)=CCC(OCOCC[Si](C)(C)C)C(C)=Cc2csc(C)n2)OCCc2c1[nH]c1c(F)ccc(C(=O)N3CCOCC3)c21,8.319529630696888,2.442,round5,mixed,58
UUAWWUJPQUBIEN-UHFFFAOYSA-N__NDIVZJPQIVTPPQ-UHFFFAOYSA-N,train_round5,COC(=O)C(C(C1=C(C=C(C=C1)C=O)C(F)(F)F)O)O,C1COC(O1)C2=CC=C(O2)C3=CC=C(O3)C=O,COC(=O)C(O)C(O)c1ccc(C(=O)C(O)c2ccc(-c3ccc(C4OCCO4)o3)o2)cc1C(F)(F)F,9.558626068814457,4.6373,round5,mixed,37
HVQRAUAUXIIQLZ-UHFFFAOYSA-N__ONZXMKVXHVKIFN-UHFFFAOYSA-N,train_round5,CN1C(N(C(=O)C2=CC=CC=C21)C3=CC=CC=C3)C4=CC=C(S4)C=O,C1=CC(=CC(=C1)F)C2=NC(=C3N2C(=CC=C3)Br)C=O,CN1c2ccccc2C(=O)N(c2ccccc2)C1c1ccc(C(=O)C(O)c2nc(-c3cccc(F)c3)n3c(Br)cccc23)s1,13.658759134670497,3.3366,round5,mixed,44
DWOPKQMABMNBQO-UHFFFAOYSA-N__XWSBYDILFNGORK-UHFFFAOYSA-N,train_round5,C1=CC=C(C=C1)C2=C(C(=NN2NS(=O)(=O)C3=CC=CC=C3)C(F)(F)F)C=O,C1=CC=C2C=C(C=CC2=C1)C3=C(N4C=C(C=CC4=N3)C(F)(F)F)C=O,O=C(c1c(C(F)(F)F)nn(NS(=O)(=O)c2ccccc2)c1-c1ccccc1)C(O)c1c(-c2ccc3ccccc3c2)nc2ccc(C(F)(F)F)cn12,11.784560229854552,4.9129,round5,mixed,52
RQUHUXMRIJANNL-UHFFFAOYSA-N__VCJWCXIMSGVORI-UHFFFAOYSA-N,train_round5,C1=C(NC(=C(C1=O)C(F)(F)F)C(F)F)C=O,C1CN2C=C(C(=O)C3=CC(=C(C(=C32)OC1)F)F)C=O,O=C(c1cc(=O)c(C(F)(F)F)c(C(F)F)[nH]1)C(O)c1cn2c3c(c(F)c(F)cc3c1=O)OCCC2,7.470179084786757,17.0355,round5,mixed,35
FFJDAXAKDCKQSS-UHFFFAOYSA-N__ZOCMIRPMIHNFJX-AWEZNQCLSA-N,train_round5,CCN(CC)C1=C(N(C(=O)N1C2=CC(=C(C=C2)Cl)Cl)C)C=O,CC(C)(C)OC(=O)N1CCC[C@H]1C2=C(N=C3C(=C2C=O)C=CC=C3C(F)(F)F)C(F)(F)F,CCN(CC)c1c(C(=O)C(O)c2c(C3CCCN3C(=O)OC(C)(C)C)c(C(F)(F)F)nc3c(C(F)(F)F)cccc23)n(C)c(=O)n1-c1ccc(Cl)c(Cl)c1,9.472021370224386,8.2996,round5,train,54
YHDRUNZLSVAYND-UHFFFAOYSA-N__WMYRGZKZXDMRGX-UHFFFAOYSA-N,train_round5,CCOC1=CC(=O)NC=C1C2=CC(=C(C=C2)CC(=O)NC3=CC(=C(C=C3)OCC=O)C(F)(F)F)F,CC1=CC(=C2C(=C1)C(=C(N2)C3=CC(=C(C=C3)OC)F)C=O)C,CCOc1cc(=O)[nH]cc1-c1ccc(CC(=O)Nc2ccc(OCC(=O)C(O)c3c(-c4ccc(OC)c(F)c4)[nH]c4c(C)cc(C)cc34)c(C(F)(F)F)c2)c(F)c1,11.361217103048643,2.039,round5,train,57
NLDPYCQPTYIDIM-UHFFFAOYSA-N__IEBSKKJGEXBSOH-UHFFFAOYSA-N,train_round6,CC(CC=O)(C(F)(F)Br)O,C(CC(C(=O)N)(F)F)C=O,CC(O)(CC(=O)C(O)CCC(F)(F)C(N)=O)C(F)(F)Br,-1.117887028505643,5.2827,round6,mixed,20
YEIYSWAXMWCAHY-UHFFFAOYSA-N__UKEANZAFHAKNKO-UHFFFAOYSA-N,train_round6,CC1=CC=C(N1CC(C)C)C=O,C1=CC(=C(C=C1Cl)Cl)C2=CN=CC(=C2C=O)F,Cc1ccc(C(=O)C(O)c2c(F)cncc2-c2ccc(Cl)cc2Cl)n1CC(C)C,-1.050578867508427,-1.7764,round6,train,29
RHIKSEGESQPGML-YGRLFVJLSA-N__RXQWQTQXWAMHRK-UHFFFAOYSA-N,train_round6,C[C@H](C=O)[C@@H](C1=CC2=CC=CC=C2C=C1)O,CC(C)(C1=CC=C(C=C1)OCC=O)C2=CC=C(C=C2)OC3=C(C=C(C=N3)C(F)(F)F)Cl,CC(C(=O)C(O)COc1ccc(C(C)(C)c2ccc(Oc3ncc(C(F)(F)F)cc3Cl)cc2)cc1)C(O)c1ccc2ccccc2c1,-2.0218214898311966,-0.219,round6,train,47
MWMQZNPJOVHNEN-UHFFFAOYSA-N__QJLMJLANTSJSEM-UHFFFAOYSA-N,train_round6,C1=CC(=CC(=C1)Cl)OC2=CC=CC(=N2)C=O,C1=CC(=C(C=C1C=O)C(F)(F)F)C#CC(=O)N,NC(=O)C#Cc1ccc(C(O)C(=O)c2cccc(Oc3cccc(Cl)c3)n2)cc1C(F)(F)F,0.2565731495517165,-0.0818,round6,train,33
SSAGWVRMSAWYNC-UHFFFAOYSA-N__LHTFBEWDJOHMRT-UHFFFAOYSA-N,train_round6,C1=C(C(=CC(=C1C(=O)CCl)I)C(F)(F)F)C=O,COC1=C(N=C(C(=C1)C(F)F)C(F)(F)F)C=O,COc1cc(C(F)F)c(C(F)(F)F)nc1C(O)C(=O)c1cc(C(=O)CCl)c(I)cc1C(F)(F)F,2.380067429001686,4.2079,round6,train,34
CQXUPEVFDDJZHK-UHFFFAOYSA-N__OMCYPHLFZPPMMP-UHFFFAOYSA-N,train_round6,C1=CC(=C(C=C1F)Cl)NC(=O)CN2C=C(N=N2)C=O,CC(C)(C)[Si]OC(C)(C)C1=C(C(=C(C=C1)C=O)F)F,CC(C)(C)[Si]OC(C)(C)c1ccc(C(O)C(=O)c2cn(CC(=O)Nc3ccc(F)cc3Cl)nn2)c(F)c1F,0.612142130583017,2.5452,round6,train,38
AMPNCCBPCSVJER-UHFFFAOYSA-N__DZPUDASEDNLXER-UHFFFAOYSA-N,train_round6,C=CCN1C=C(C2=C1C=C(C=C2)F)C=O,CC(C1=CC=CC=C1)N2C(=C(N=N2)C=O)C3=CC(=C(C=C3)F)F,C=CCn1cc(C(=O)C(O)c2nnn(C(C)c3ccccc3)c2-c2ccc(F)c(F)c2)c2ccc(F)cc21,2.5226207487490724,-0.1589,round6,train,38
ZMODGAASZKLLDT-UHFFFAOYSA-N__JTNLQHDXNNUTEW-UHFFFAOYSA-N,train_round6,C1=CC2=C(C=C1Br)C=C(C(=O)O2)C=O,C1=CC(=C(C(=C1C=O)Cl)C(F)(F)F)Br,O=C(c1cc2cc(Br)ccc2oc1=O)C(O)c1ccc(Br)c(C(F)(F)F)c1Cl,2.596742873959913,4.5624,round6,train,28
ZURZPPULRFXVLF-UHFFFAOYSA-N__KUZSVETULYBCPD-UHFFFAOYSA-N,train_round6,CC(C=O)C(C)O,C1=CC=C(C=C1)C(C=O)(O)O,CC(O)C(C)C(=O)C(O)C(O)(O)c1ccccc1,-4.152042832484453,-6.3287,round6,mixed,18
UHMGYRQIABFCSU-UHFFFAOYSA-N__UVGJHBXUIXFSNZ-KFJBMODSSA-N,train_round6,C1=CC(=CC=C1C2=C(OC=C2)C=O)C(F)(F)F,C1CC2CC(=CC(=O)N2[C@@H]1C(=O)OCC=O)C3=C(C=CC(=C3F)Cl)OC(F)F,O=C(c1occc1-c1ccc(C(F)(F)F)cc1)C(O)COC(=O)C1CCC2CC(c3c(OC(F)F)ccc(Cl)c3F)=CC(=O)N21,0.4699840545842501,-1.0442,round6,mixed,45
YTOXOTPJKWBGKL-UHFFFAOYSA-N__YYMBBKSDGFKTCI-UHFFFAOYSA-N,train_round6,C1=CC(=C(C(=C1)Br)F)C2=C(C=C(C=C2)Cl)C=O,C1=CC(=C(C=C1CCC=O)C(F)(F)F)I,O=C(c1cc(Cl)ccc1-c1cccc(Br)c1F)C(O)CCc1ccc(I)c(C(F)(F)F)c1,2.753633599700276,1.9892,round6,train,32
QQDBQWUHQOGQCJ-UHFFFAOYSA-N__IQGOGLLWNYYZAZ-UHFFFAOYSA-N,train_round6,CC1=CC(=CC2=C1OC3=C(C(=CC(=C3C=O)O)C)C(=O)O2)O,C1=CC(=C(C=C1C=O)C(C(CC#N)O)O)F,Cc1cc(O)cc2c1Oc1c(c(C)cc(O)c1C(=O)C(O)c1ccc(F)c(C(O)C(O)CC#N)c1)C(=O)O2,2.2537229913108394,-1.6949,round6,train,38
RIQPABHVNSGMFL-XJKCOSOUSA-N__FMPYHEPJLCCCIV-UHFFFAOYSA-N,train_round6,C[C@@]12CCC[C@@H]([C@H]1CCC3=C2C(=CC=C3)F)C=O,C1=C(C=C(N=C1C(F)(F)F)Br)C=O,CC12CCCC(C(=O)C(O)c3cc(Br)nc(C(F)(F)F)c3)C1CCc1cccc(F)c12,-2.7447457381080174,1.902,round6,train,31
SBOAKLNAOFQFIV-UHFFFAOYSA-N__AQFDXXPNSSBCJJ-UHFFFAOYSA-N,train_round6,C1=C(SC2=C1C(=O)NC(=O)N2CCC(F)(F)F)C=O,CSC1=NC=CC(=N1)C(C=O)(C2=CC=C(C=C2)F)Br,CSc1nccc(C(Br)(c2ccc(F)cc2)C(O)C(=O)c2cc3c(=O)[nH]c(=O)n(CCC(F)(F)F)c3s2)n1,2.613617826094769,6.1709,round6,train,38
GIDSRCNDPMTLCS-QPJJXVBHSA-N__RHPZKIABLSLIJM-UHFFFAOYSA-N,train_round6,CCOP(=O)(C(C/C=C/C)C=O)OCC,C1CC(C1)C(C=O)C(F)(F)F,CC=CCC(C(=O)C(O)C(C1CCC1)C(F)(F)F)P(=O)(OCC)OCC,-0.2140133310849552,-0.1117,round6,mixed,26
YBKNTTHSINFHOW-UHFFFAOYSA-N__UVMWGTYRCNZLBW-UHFFFAOYSA-N,train_round6,CCOC(=O)C(C1=CC2=C(C=C1)OCO2)C(C=O)C3=CC=C(C=C3)C(F)(F)F,C1=CC(=CC=C1CC(C=O)Br)F,CCOC(=O)C(c1ccc2c(c1)OCO2)C(C(=O)C(O)C(Br)Cc1ccc(F)cc1)c1ccc(C(F)(F)F)cc1,-1.2355352420875614,-1.562,round6,train,40
GSKQZZVIQOVSJI-UHFFFAOYSA-N__KQSZTYINJDKJML-UHFFFAOYSA-N,train_round6,CC(C)CC(C(=O)N1CC(CC1C#N)C=O)NC(=C)C2=CC3=C(N2)C=CC=C3F,C1=CC=C(C(=C1)C2=CC=C(C=C2)C(F)(F)F)C(=O)NCC=O,C=C(NC(CC(C)C)C(=O)N1CC(C(=O)C(O)CNC(=O)c2ccccc2-c2ccc(C(F)(F)F)cc2)CC1C#N)c1cc2c(F)cccc2[nH]1,-0.9074494915951016,2.7226,round6,mixed,51
PXZHQXWEWDVVOM-UPHRSURJSA-N__JCBYCWLGNVRSED-UHFFFAOYSA-N,train_round6,C1C(CN1C(=O)/C=C\N2C=NC(=N2)C3=CC(=CC(=C3)C=O)C(F)(F)F)(F)F,CN1CCN(CC1=O)C2=C(C(=CC=C2)F)C=O,CN1CCN(c2cccc(F)c2C(O)C(=O)c2cc(-c3ncn(C=CC(=O)N4CC(F)(F)C4)n3)cc(C(F)(F)F)c2)CC1=O,-2.3061268464399807,-2.3231,round6,mixed,44
YICTXCURXAXWBB-UHFFFAOYSA-N__WCMYXLDFVBYZJC-LLVKDONJSA-N,train_round6,CCOC(C=O)C1CCCC1,C[C@H](CCC=O)CC#C[Si](C)(C)C,CCOC(C(=O)C(O)CCC(C)CC#C[Si](C)(C)C)C1CCCC1,-1.0411370821377277,2.9961,round6,mixed,24
FWQQPVVDWOFCSM-SECBINFHSA-N__ZEUCXCWFMMQKDX-UHFFFAOYSA-N,train_round6,C1=CC=C2C(=C1)C(=CN2)[C@H](CC=O)C[N+](=O)[O-],C(=O)C1C(=NC(=O)S1)I,O=C1N=C(I)C(C(O)C(=O)CC(C[N+](=O)[O-])c2c[nH]c3ccccc23)S1,-2.703685355864005,4.3161,round6,train,26
DUMDWTOBALQSBO-UHFFFAOYSA-N__FRJIMKUTCMLFLR-QMMMGPOBSA-N,train_round6,CC1=CC=CC2=NC=C(N12)C=O,C1=CC(=CC=C1C[C@@H](C=O)N[N+](=O)[O-])O,Cc1cccc2ncc(C(=O)C(O)C(Cc3ccc(O)cc3)N[N+](=O)[O-])n12,-1.0483417626769842,-1.3196,round6,train,27
IHYVINYIPQYQLA-MRVWCRGKSA-N__LORGGYLNAJJKIA-UHFFFAOYSA-N,train_round6,CC(=O)N1[C@]2(CO[C@@H]([C@H]2CO1)C=O)C3=C(C=CC(=C3)Br)F,C1=C(C(=NC(=C1I)C=O)OC(F)(F)F)CCl,CC(=O)N1OCC2C(C(=O)C(O)c3nc(OC(F)(F)F)c(CCl)cc3I)OCC21c1cc(Br)ccc1F,0.295811337105564,3.47,round6,train,37
RDXXIKJOFIDJQO-UHFFFAOYSA-N__CHHIPTJPXUMPJH-UHFFFAOYSA-N,train_round6,CN(CC1(CCCC1)O)C2=CC(=C(C=C2)C=O)C(F)(F)F,CC(C(=O)C1=C(C=C(C=N1)C=O)F)C(=O)O,CC(C(=O)O)C(=O)c1ncc(C(O)C(=O)c2ccc(N(C)CC3(O)CCCC3)cc2C(F)(F)F)cc1F,-1.337946023839968,3.7369,round6,train,37
FTKVHTKVAXEXKE-UHFFFAOYSA-N__BRZMRZVKWQWYPJ-LURJTMIESA-N,train_round6,CCOC(=O)C#CC1=C(C=C(C=C1)C=O)C(F)(F)F,CCCC[C@@H](C=O)O,CCCCC(O)C(O)C(=O)c1ccc(C#CC(=O)OCC)c(C(F)(F)F)c1,1.2990745094652716,2.5435,round6,train,27
NLBKNIIYSVUKEI-UHFFFAOYSA-N__ACZJGYFKGHTPQP-QMMMGPOBSA-N,train_round6,C1CCC2=C(C1)C(=O)N(C2=O)C3=CC(C(C(=C3F)CC=O)(C4=CC=C(C=C4)Cl)Cl)C(=O)O,C[C@@H](C=O)NC(=O)N(C1=CC=CC=C1)F,CC(NC(=O)N(F)c1ccccc1)C(O)C(=O)CC1=C(F)C(N2C(=O)C3=C(CCCC3)C2=O)=CC(C(=O)O)C1(Cl)c1ccc(Cl)cc1,-1.356392828136718,-1.9464,round6,train,47
BERZBIGQXSVCBJ-UHFFFAOYSA-N__YJWIUPNCTFDITP-UHFFFAOYSA-N,train_round6,CC(C)C(C=O)N1C(=O)C2=CC=CC=C2C1=O,C1CCC2(CC1)COC(OC2)C=O,CC(C)C(C(=O)C(O)C1OCC2(CCCCC2)CO1)N1C(=O)c2ccccc2C1=O,-7.874162167944642,-1.222,round6,mixed,30
BPQBYHOYWFBEKT-UHFFFAOYSA-N__DJLBUNOLXZANMC-UHFFFAOYSA-N,train_round6,COCCOC1=CC(=C(C=C1)C=O)F,COCC1=NOC(=N1)N2CCC(CC2)C3CC3CCOC4=CC(=C(C(=C4)F)CC=O)F,COCCOc1ccc(C(=O)C(O)Cc2c(F)cc(OCCC3CC3C3CCN(c4nc(COC)no4)CC3)cc2F)c(F)c1,1.5518838541915294,4.4904,round6,train,45
ZLGMULQFLDCPSQ-UHFFFAOYSA-N__OVBKCUZGZBSTEY-UHFFFAOYSA-N,train_round6,CC(C1=CC(=CC2=C1OC(=CC2C=O)N3CCOCC3)C(=O)N4CCCC4)NC5=CC(=CC(=C5)F)F,C1=CC(=C(C(=C1)I)CCC=O)F,CC(Nc1cc(F)cc(F)c1)c1cc(C(=O)N2CCCC2)cc2c1OC(N1CCOCC1)=CC2C(=O)C(O)CCc1c(F)cccc1I,-4.177437037589942,0.9475,round6,mixed,48
OGYLZTVNTDIFHE-PKDNWHCCSA-N__FFCXDPNAZWNARC-UHFFFAOYSA-N,train_round6,C1CNC(=O)[C@H]1NCC(CC2=C(NC3=C2C=CC=C3F)C4=CC=CC=C4)C=O,CCCCCCCC(C=O)Br,CCCCCCCC(Br)C(O)C(=O)C(CNC1CCNC1=O)Cc1c(-c2ccccc2)[nH]c2c(F)cccc12,-0.6425091604903755,-1.2412,round6,mixed,39
NLJASCRUZYABSR-WKHDDYHOSA-N__IPZPUXATVFMWHV-UHFFFAOYSA-N,train_round6,CC(C)[C@@H]1CC[C@]2(CCC[C@@H]([C@@H]2[C@@H]1OC(=O)/C=C/C3=CC=CC=C3)C=O)C,C1=C(N=C(C(=C1C(F)F)OC(F)(F)F)F)C=O,CC(C)C1CCC2(C)CCCC(C(=O)C(O)c3cc(C(F)F)c(OC(F)(F)F)c(F)n3)C2C1OC(=O)C=Cc1ccccc1,-1.6683382984844723,-1.8312,round6,mixed,44
ZYPKNCYQPNJEAR-UHFFFAOYSA-N__NYCXYFPDKRDQMS-UHFFFAOYSA-N,train_round6,CC1=C(C(=C(C=C1)F)C=O)C=CCN,C1=CC=C(C=C1)CSC(C2=CC=C(C=C2)C=O)SCC3=CC=CC=C3,Cc1ccc(F)c(C(=O)C(O)c2ccc(C(SCc3ccccc3)SCc3ccccc3)cc2)c1C=CCN,0.3358035413007711,0.8338,round6,train,39
BKFJAEQJRREULH-UHFFFAOYSA-N__PHPIMAQQNGKQPN-UHFFFAOYSA-N,train_round6,CC(C)(C)N1C=C(C(=N1)C2=CC(=CN=C2)F)C=O,CC1=CC(=C(C=C1C(F)(F)F)CC#N)C=O,Cc1cc(C(O)C(=O)c2cn(C(C)(C)C)nc2-c2cncc(F)c2)c(CC#N)cc1C(F)(F)F,2.916869930696056,-1.9806,round6,train,34
PYMYPHUHKUWMLA-OVEKKEMJSA-N__KAYICJKNGFCHMY-UHFFFAOYSA-N,train_round6,C([C@@H](C([C@@H](C=O)O)O)O)O,CC1=CC(=C(C=C1)F)C(C=O)(C(F)(F)F)O,Cc1ccc(F)c(C(O)(C(O)C(=O)C(O)C(O)C(O)CO)C(F)(F)F)c1,-1.9865253175520727,5.7295,round6,mixed,26
QRXHQHZJRQUFIF-UHFFFAOYSA-N__RLQHZPLPGPSZOY-UHFFFAOYSA-N,train_round6,C1CC1(COC2=NC=C(C=C2)C(F)(F)F)C=O,CC1=CC=C(C=C1)S(=O)(=O)C(CC2=CC=CC=C2F)C=O,Cc1ccc(S(=O)(=O)C(Cc2ccccc2F)C(O)C(=O)C2(COc3ccc(C(F)(F)F)cn3)CC2)cc1,-1.2340669682007763,-3.2482,round6,train,38
VSQMBKICJMQJPY-UHFFFAOYSA-N__PESWJUVJOPERGA-UHFFFAOYSA-N,train_round6,CC(C)CCN(C1=NN=C(S1)C2=CC=C(C=C2)C=O)C(=O)C3=CC=CC=C3F,CC1=CC(=C(C=C1C=O)C(=O)N2CCN(CC2)C3=CC=CC=C3C#N)F,Cc1cc(F)c(C(=O)N2CCN(c3ccccc3C#N)CC2)cc1C(O)C(=O)c1ccc(-c2nnc(N(CCC(C)C)C(=O)c3ccccc3F)s2)cc1,-1.598436036689027,-1.4794,round6,train,54
QSNYLLAWXNKPQC-UHFFFAOYSA-N__JVHRZBOVXZLFLC-UHFFFAOYSA-N,train_round6,CCC1=C(N=NN1C(C)C(F)(F)F)C=O,CC(C)(C)OC(=O)NCCC#CC1=CC(=CC(=C1)C=O)OC(F)(F)F,CCc1c(C(=O)C(O)c2cc(C#CCCNC(=O)OC(C)(C)C)cc(OC(F)(F)F)c2)nnn1C(C)C(F)(F)F,1.8610637214940229,2.6712,round6,train,40
FZDQJJKTVGYLHM-UHFFFAOYSA-N__VIIVLVPTMKVDBN-JTQLQIEISA-N,train_round6,CC(C1CC1)N2C=C(C(=N2)C3=C(C(=CC=C3)F)F)C=O,CC(C)(C)[Si](C)(C)OC[C@@H](C(C)(C)C=O)O,CC(C1CC1)n1cc(C(=O)C(O)C(C)(C)C(O)CO[Si](C)(C)C(C)(C)C)c(-c2cccc(F)c2F)n1,2.6326845664554863,3.3331,round6,mixed,36
PCCGBRLTOXYBON-SQHAQQRYSA-N__UIZLOLXIMADELQ-LBPRGKRZSA-N,train_round6,C[Si@@]1(C[C@@](C2=CC=CC=C21)(CCCOCC3=CC=CC=C3)CC=O)CC=C,CC(C)S[C@@H](CC1=CC=CC=C1)C=O,C=CC[Si]1(C)CC(CCCOCc2ccccc2)(CC(=O)C(O)C(Cc2ccccc2)SC(C)C)c2ccccc21,2.17709272355972,-2.9465,round6,mixed,41
JMKPHZJPMBDRBR-UHFFFAOYSA-N__MOOVBMACADMYSF-UHFFFAOYSA-N,train_round6,CCC1=CNC=C1C=O,B1(OC(C(O1)(C)C)(C)C)C(=CC2=C(C=CC=C2F)C=O)CNC(=O)OC(C)(C)C,CCc1c[nH]cc1C(=O)C(O)c1cccc(F)c1C=C(CNC(=O)OC(C)(C)C)B1OC(C)(C)C(C)(C)O1,2.0231390520325183,-1.3414,round6,train,38
NNEVQIAYORUJGV-UHFFFAOYSA-N__FNJZGMGFZPRPSI-UHFFFAOYSA-N,train_round6,CC1=CC(=CN=C1N(CC2=CN=C(C=C2)C(F)(F)F)C(=O)OC(C)(C)C)C=O,COC1=CC(=C(N=C1C=O)OC(F)(F)F)I,COc1cc(I)c(OC(F)(F)F)nc1C(O)C(=O)c1cnc(N(Cc2ccc(C(F)(F)F)nc2)C(=O)OC(C)(C)C)c(C)c1,1.1073068449075494,2.009,round6,train,44
MQSRGWNVEZRLDK-UHFFFAOYSA-N__BJIVIPZZXXYBRU-UHFFFAOYSA-N,train_round6,C1=C(NC=N1)CC=O,C1=CSC2=C1C(=C(C=C2F)Br)C=O,O=C(Cc1cnc[nH]1)C(O)c1c(Br)cc(F)c2sccc12,0.4535733334148532,-2.3178,round6,train,21
DYXJFLKQBAPWDM-UHFFFAOYSA-N__CHRKOOADIPYFAB-UHFFFAOYSA-N,train_round6,COC1=CC(=CC(=C1)C(=O)O)C=O,C1=C(C(=C(C(=N1)OC(F)(F)F)C=O)CBr)C(F)(F)F,COc1cc(C(=O)O)cc(C(=O)C(O)c2c(OC(F)(F)F)ncc(C(F)(F)F)c2CBr)c1,2.298525049488452,3.3752,round6,train,32
LVUCDRASKYBVPF-UHFFFAOYSA-N__JRKFPEJLVJQJGH-UHFFFAOYSA-N,train_round6,CC(CC=O)(C#CC1=CC=CC=C1)OC,CCCCCCCC(=O)C(CC)C=O,CCCCCCCC(=O)C(CC)C(O)C(=O)CC(C)(C#Cc1ccccc1)OC,-0.3953793683480738,0.8644,round6,train,29
RNQMAUOXFYWULG-UHFFFAOYSA-N__YHZZZWJJFUKZOE-CKIVDRAYSA-N,train_round6,C1=CC(=CC(=C1)C2=CC(=CN=C2)F)C=O,C1C(CC2=CC=CC=C21)CC(=O)C3[C@H](NCC3=S)C(=O)C4[C@H](NCC4=S)C=O,O=C(c1cccc(-c2cncc(F)c2)c1)C(O)C1NCC(=S)C1C(=O)C1NCC(=S)C1C(=O)CC1Cc2ccccc2C1,0.3181723565035626,-0.377,round6,mixed,43
ACUUWDZYZLDIFD-HXUWFJFHSA-N__RYGUDLAKJCRHCE-UHFFFAOYSA-N,train_round6,C1C[C@@H](N(C1)C(=O)OCC2=CC=CC=C2)C(=O)NC3=CC=C(C=C3)CCC=O,C1=CC(=C(C=C1CCC=O)OC(F)F)C(F)(F)F,O=C(CCc1ccc(NC(=O)C2CCCN2C(=O)OCc2ccccc2)cc1)C(O)CCc1ccc(C(F)(F)F)c(OC(F)F)c1,-1.9152749239798097,2.5228,round6,mixed,46
XGQBXDHMIVRUNF-JOCHJYFZSA-N__AXTLEVCKDIMQDV-UHFFFAOYSA-N,train_round6,CCOC1=C(C=CC(=C1)C(=O)N(C)[C@H](CC=O)C2=C3C(=CN=C2)C=NN3)C4=CC(=CC=C4)F,COC(=O)CC1=C(C=CC(=C1C=O)[N+](=O)[O-])F,CCOc1cc(C(=O)N(C)C(CC(=O)C(O)c2c([N+](=O)[O-])ccc(F)c2CC(=O)OC)c2cncc3cn[nH]c23)ccc1-c1cccc(F)c1,1.4596412077540375,0.3231,round6,train,50
XUAHKXBPHAETTE-UHFFFAOYSA-N__SKOMBTPCMSAQMG-TZHYSIJRSA-N,train_round6,C1C(OCC(N1)C=O)C(F)(F)F,CC1=CC(=NN=C1C2=C(C=C(C=C2)C(F)(F)F)OC)N[C@@H]3CCC(N(C3)C(=O)OC(C)(C)C)C=O,COc1cc(C(F)(F)F)ccc1-c1nnc(NC2CCC(C(O)C(=O)C3COC(C(F)(F)F)CN3)N(C(=O)OC(C)(C)C)C2)cc1C,2.4497336992216674,7.6935,round6,mixed,47
PQASUMRZUQCTOP-UHFFFAOYSA-N__LDPFOYRGFNGOFU-RYUDHWBXSA-N,train_round6,C1=CC=C(C=C1)C#CC2=C(SC=C2)C=O,CC(C)(C)OC(=O)N1C[C@H](C[C@H]1C=O)OC2=C(C=CC(=C2)F)N,CC(C)(C)OC(=O)N1CC(Oc2cc(F)ccc2N)CC1C(O)C(=O)c1sccc1C#Cc1ccccc1,1.6814393697933212,1.9317,round6,mixed,38
IGSBHZITBDHSTF-UHFFFAOYSA-N__RPQWZPYZKLFTDE-UHFFFAOYSA-N,train_round6,C1=C(N=C(C(=C1C=O)OC(F)(F)F)C(F)(F)F)CCl,CC1(CC(C2=C1N3C(=CC(=N3)Cl)N=C2)C4=CC(=C(N=C4)C=O)C(F)(F)F)C,CC1(C)CC(c2cnc(C(O)C(=O)c3cc(CCl)nc(C(F)(F)F)c3OC(F)(F)F)c(C(F)(F)F)c2)c2cnc3cc(Cl)nn3c21,2.3361948789497538,3.9051,round6,mixed,46
MFBXUCNGQIZZLN-UHFFFAOYSA-N__VOCRYNHRMUAHKM-UHFFFAOYSA-N,train_round6,COC1=CC(=C(C=C1)C=O)N,C1=C(C(=NC(=C1[N+](=O)[O-])I)C(F)F)C=O,COc1ccc(C(=O)C(O)c2cc([N+](=O)[O-])c(I)nc2C(F)F)c(N)c1,-0.9396079443694538,1.4236,round6,train,26
WJQGKLQPJZGFHX-UHFFFAOYSA-N__XPYGMZJSNRUQMZ-YFKPBYRVSA-N,train_round6,C1=CC=C(C(=C1)C2=NC(=CC(=C2)C=O)C(F)(F)F)OC(F)(F)F,C(C[C@@H](C=O)N)CC(N)N,NC(N)CCCC(N)C(O)C(=O)c1cc(-c2ccccc2OC(F)(F)F)nc(C(F)(F)F)c1,-3.778654450083236,0.4861,round6,train,33
CXMCMDOKRYFZDP-UHFFFAOYSA-N__ATLLLZXJABDOGR-UHFFFAOYSA-N,train_round6,CC(C)(C)OC(=O)N1CCC(CC1)COC2=C(C=CC=C2C(F)(F)F)C=O,COC1=CC2=C(C=C1)C(OC2C=O)(C(F)(F)F)C(F)(F)F,COc1ccc2c(c1)C(C(O)C(=O)c1cccc(C(F)(F)F)c1OCC1CCN(C(=O)OC(C)(C)C)CC1)OC2(C(F)(F)F)C(F)(F)F,2.309914964503524,0.356,round6,train,48
WIKXCMJFZGRKLG-UHFFFAOYSA-N__VSNUMROOPQHVLI-UHFFFAOYSA-N,train_round6,CC(CCC(C(C)(C)SC)SC)CC=O,CC1C2=C(C=CC(=C2Cl)F)OCCN(C(=O)C3=C4N=C(O1)C=CN4N=C3)CC=O,CSC(CCC(C)CC(=O)C(O)CN1CCOc2ccc(F)c(Cl)c2C(C)Oc2ccn3ncc(c3n2)C1=O)C(C)(C)SC,-0.4415580391981348,-0.3733,round6,mixed,44
CJYWQSPJGXZIMH-SNAWJCMRSA-N__NCJNVNMUNXTXRP-LLVKDONJSA-N,train_round6,CN1C2=C(C=CN=C2N(C3=NC=CC(=C31)C=O)C)/C=C/C(=O)OC,C[C@H](CC=O)COCC1=CC=CC=C1,COC(=O)C=Cc1ccnc2c1N(C)c1c(C(=O)C(O)CC(C)COCc3ccccc3)ccnc1N2C,-0.401031242178498,-0.4509,round6,train,38
STLKPZPRUKSJEL-UHFFFAOYSA-N__NYRPMOIPQNHQBP-ZENAZSQFSA-N,train_round6,COC1=CC=CC=C1NC(=O)COC2=CC=CC(=C2)C=O,CCN1C(CC2=CC3=C(C=C2S1(=O)=O)OCCO3)C(=O)N[C@@H](CC4=CC=CC=C4)C=O,CCN1C(C(=O)NC(Cc2ccccc2)C(O)C(=O)c2cccc(OCC(=O)Nc3ccccc3OC)c2)Cc2cc3c(cc2S1(=O)=O)OCCO3,-5.023094630208377,-5.8369,round6,mixed,52
PBOSSZQBXVDZFW-NYRJJRHWSA-N__UWXNJSURONAUOF-UHFFFAOYSA-N,train_round6,C[C@@H]1CN(CCN1C2=NC=C(C=C2)C(F)(F)F)CC3=C(NN=C3)C4=CC(NCC4)CC=O,CC(C)(C)OC(=O)N(C)C(C=O)C1=C(C=CC(=C1)F)Br,CC1CN(Cc2cn[nH]c2C2=CC(CC(=O)C(O)C(c3cc(F)ccc3Br)N(C)C(=O)OC(C)(C)C)NCC2)CCN1c1ccc(C(F)(F)F)cn1,0.3786755620477683,-7.4818,round6,train,52
MQAYACGCCQGSEP-UVTDQMKNSA-N__VHPVSIHFZZJSKJ-UHFFFAOYSA-N,train_round6,COC(=O)/C(=C\C1=CC=CC=C1[N+](=O)[O-])/C2=C(C3=CC=CC=C3N2)C=O,C1=CC(=CC(=C1)F)CC2=NC(=CO2)CC=O,COC(=O)C(=Cc1ccccc1[N+](=O)[O-])c1[nH]c2ccccc2c1C(=O)C(O)Cc1coc(Cc2cccc(F)c2)n1,0.5267799541004653,-5.326,round6,train,42
NNPQORXNJOMMDX-UHFFFAOYSA-N__BIRCCQCPGMMGPJ-UHFFFAOYSA-N,train_round6,C1=CC2=NC=C(N2C=C1)C3=C(C=CC(=C3)F)C=O,C1=CC(=C(C=C1I)C=O)F,O=C(c1ccc(F)cc1-c1cnc2ccccn12)C(O)c1cc(I)ccc1F,2.360270494992184,4.1404,round6,train,28
GHKZBXVSVHWZTE-UHFFFAOYSA-N__CXZDFQCLYKTXHY-UHFFFAOYSA-N,train_round6,C1CC2=C(C(=CC(=C2)C=O)F)SC1,CC(C)(C)OC(=O)NC1CC1CC=O,CC(C)(C)OC(=O)NC1CC1CC(O)C(=O)c1cc(F)c2c(c1)CCCS2,1.680894119336847,0.6092,round6,train,27
AOPAMWUONRPBBY-UHFFFAOYSA-N__BNAAQOOCLPEXGA-UHFFFAOYSA-N,train_round6,CC1=C(C(=CC=C1)N2CCN(CC2)C(C=O)N3C(=C(C(=N3)C(F)(F)F)Cl)C)C,C1=CC=C(C(=C1)C2=C(C(=NO2)C=O)Cl)F,Cc1cccc(N2CCN(C(C(=O)C(O)c3noc(-c4ccccc4F)c3Cl)n3nc(C(F)(F)F)c(Cl)c3C)CC2)c1C,-4.283683077022788,-0.6238,round6,train,43
LWWPYMJRIWUEMH-UHFFFAOYSA-N__KPQVEMOXZCLEQC-UHFFFAOYSA-N,train_round6,C1=CC(=C2C(=C1F)C=C(O2)C=O)Cl,COC1=C(C(=CN=C1C=O)CBr)OC(F)(F)F,COc1c(C(O)C(=O)c2cc3c(F)ccc(Cl)c3o2)ncc(CBr)c1OC(F)(F)F,-1.1602620627959896,-0.7227,round6,train,30
PBWJJBPEYHFDKB-UHFFFAOYSA-N__WMZULRCWJWBIPV-WOJBJXKFSA-N,train_round6,C1=CC(=CC=C1C2=CN=C(C=C2C=O)F)C(F)(F)F,CC(C)(C)[Si](C1=CC=CC=C1)(C2=CC=CC=C2)O[C@@H]3CC(=O)O[C@@H]3CC=O,CC(C)(C)[Si](OC1CC(=O)OC1CC(O)C(=O)c1cc(F)ncc1-c1ccc(C(F)(F)F)cc1)(c1ccccc1)c1ccccc1,2.0127708585970554,1.7884,round6,mixed,46
APGIHQXNSDLKAB-UHFFFAOYSA-N__WCHPCQPAVGLJNM-GCHAPIFMSA-N,train_round6,C1=CC(=C(C=C1C=O)[N+](=O)[O-])OCC2=C(C=CC(=C2)Cl)F,CC(C)[C@@H](C(=O)N1CCC[C@H]1C(=O)N[C@@H](CCO)C=O)NC(C2=C(C=C(C=C2)NC(=O)C)F)O,CC(=O)Nc1ccc(C(O)NC(C(=O)N2CCCC2C(=O)NC(CCO)C(O)C(=O)c2ccc(OCc3cc(Cl)ccc3F)c([N+](=O)[O-])c2)C(C)C)c(F)c1,-1.2894345658180522,-5.8047,round6,mixed,55
SZHCDLXRKSVFRK-UHFFFAOYSA-N__CVJNTTFGTWKJHJ-UHFFFAOYSA-N,train_round6,C1C(CC1C2=CC=CC=C2C(F)(F)F)C=O,C1=CC=C(C=C1)COC2(C(C=CC(=C2C3=CC=CC=C3)Cl)C=O)C(F)(F)F,O=C(C1CC(c2ccccc2C(F)(F)F)C1)C(O)C1C=CC(Cl)=C(c2ccccc2)C1(OCc1ccccc1)C(F)(F)F,1.6308792102439882,2.14,round6,train,43
WHEAJBIXBWEUKP-UHFFFAOYSA-N__HICFWYGMGXXPAR-UHFFFAOYSA-N,train_round6,CCOC(=O)C1=CC(=C(C(=C1)OC(F)(F)F)C=O)C#N,C1=CC(=C(C=C1NCC=O)C(F)(F)F)Cl,CCOC(=O)c1cc(C#N)c(C(=O)C(O)CNc2ccc(Cl)c(C(F)(F)F)c2)c(OC(F)(F)F)c1,1.8681533002064523,4.7848,round6,train,35
WWEIWWOBTOWVGI-UHFFFAOYSA-N__YWUFTLWMALVKLV-UHFFFAOYSA-N,train_round6,CC1=C(C=C(N=C1F)C=O)Br,C1=C(C=C(C(=C1Cl)N2N=CC(=N2)C=O)Cl)Br,Cc1c(Br)cc(C(=O)C(O)c2cnn(-c3c(Cl)cc(Br)cc3Cl)n2)nc1F,2.678183799190989,0.7375,round6,train,27
QMEXLEAYODTSSC-SNVBAGLBSA-N__UGXBIZRWUPGVRI-UHFFFAOYSA-N,train_round6,CC(C)(C)OC(=O)NC1=CC=CC(=N1)C(=O)C[C@@H](CC=O)C(F)(F)F,CC(C=O)OC1=CC=C(C=C1)OC2=C(C=C(C=C2)C(F)(F)F)Cl,CC(Oc1ccc(Oc2ccc(C(F)(F)F)cc2Cl)cc1)C(O)C(=O)CC(CC(=O)c1cccc(NC(=O)OC(C)(C)C)n1)C(F)(F)F,2.826330004363097,-4.4142,round6,train,48
CNGYJVQXFQKXOK-UHFFFAOYSA-N__WBMZNSDMBCCGOH-UHFFFAOYSA-N,train_round6,CC(=O)OCC1=C(OC2=C1C=C(C=C2OC)C=O)C3=CC(=C(C=C3)OC(=O)C)OC,C1=COC(C1=C=O)C=O,COc1cc(-c2oc3c(OC)cc(C(=O)C(O)C4OC=CC4=C=O)cc3c2COC(C)=O)ccc1OC(C)=O,-2.510659774548084,0.4638,round6,train,39
DFUORKDZYROTFH-UHFFFAOYSA-N__AGLDKTITYNASDH-UHFFFAOYSA-N,train_round6,C1=CC(=CC=C1C2=NOC(=N2)CCC=O)OC3=C(C=C(C=N3)Br)F,CC1=CC(=CC(=C1)F)C(C)(C=O)NC(=O)OC(C)(C)C,Cc1cc(F)cc(C(C)(NC(=O)OC(C)(C)C)C(O)C(=O)CCc2nc(-c3ccc(Oc4ncc(Br)cc4F)cc3)no2)c1,-1.0936572613545097,-6.5715,round6,mixed,44
CTIOOBNFQDUUQH-UHFFFAOYSA-N__DGFPFOGCJFVJBW-UHFFFAOYSA-N,train_round6,C1=CC(=CC=C1C2(C3=C(C=CC(=C3F)F)N(C(=O)N2)CC(F)(F)F)CC=O)F,CC1=CC(=CC(=C1)OCC2=CC(=CC=C2)F)C=O,Cc1cc(OCc2cccc(F)c2)cc(C(O)C(=O)CC2(c3ccc(F)cc3)NC(=O)N(CC(F)(F)F)c3ccc(F)c(F)c32)c1,0.291755612124338,-2.766,round6,mixed,46
NPSKIHFCSUZXEJ-UHFFFAOYSA-N__UDGZYKWQMMBQAH-UHFFFAOYSA-N,train_round6,CC1=C(C=C(C=C1)C(CCC=O)(C(F)(F)F)O)C2=CN=C(C(=N2)C3=CNN=C3)N,C1C=C(C=CC1OC2=CC=C(C=C2)C3=CC=CC(=N3)CC=O)F,Cc1ccc(C(O)(CCC(=O)C(O)Cc2cccc(-c3ccc(OC4C=CC(F)=CC4)cc3)n2)C(F)(F)F)cc1-c1cnc(N)c(-c2cn[nH]c2)n1,-0.3329779237014643,2.1323,round6,mixed,52
GVOLJUIKNSUFMB-UHFFFAOYSA-N__ZILABGYHEIBSGU-UHFFFAOYSA-N,train_round6,CC1CCC(C1)CC=O,CC1=C(C=C(C=C1)C2=CC=CC=C2)CN3C(=NN(C3=O)C)C=O,Cc1ccc(-c2ccccc2)cc1Cn1c(C(O)C(=O)CC2CCC(C)C2)nn(C)c1=O,1.661391227692573,-0.5824,round6,train,32
AAMZJKGABLTRPA-UHFFFAOYSA-N__WTQBWGZKPBCSCS-UHFFFAOYSA-N,train_round6,CCS(=O)(=O)C1C(C1(C=O)NC(=O)OC(C)(C)C)C2=CC(=CC=C2)F,CC(CC=O)C1=C(C(=CC(=C1F)Cl)F)F,CCS(=O)(=O)C1C(c2cccc(F)c2)C1(NC(=O)OC(C)(C)C)C(=O)C(O)CC(C)c1c(F)c(F)cc(Cl)c1F,-2.692468907002925,-1.502,round6,train,40
PDOMPLRPUSHYFA-UHFFFAOYSA-N__LWCAOIHYOJVCGB-UHFFFAOYSA-N,train_round6,C1=CC(=C(C=C1F)CC(C=O)O)F,CC(=O)C1=C(C=CC(=C1Br)C=O)F,CC(=O)c1c(F)ccc(C(O)C(=O)C(O)Cc2cc(F)ccc2F)c1Br,2.2175419205365023,5.8244,round6,train,26
XEHFBRSBPTWJMB-UHFFFAOYSA-N__NWGXZJJKJBKNGD-WUUMULBWSA-N,train_round6,CCOC(=O)C1=CC2=C(N1COCC[Si](C)(C)C)C(=C(C=C2C=O)Cl)F,C1C2C1OC3=C2C(=C(C(=C3)C#N)C4=C5C[C@@](OC5=CC(=C4Cl)F)(C=O)C6=CC=CC=C6)F,CCOC(=O)c1cc2c(C(=O)C(O)C3(c4ccccc4)Cc4c(cc(F)c(Cl)c4-c4c(C#N)cc5c(c4F)C4CC4O5)O3)cc(Cl)c(F)c2n1COCC[Si](C)(C)C,2.7823543750563315,-0.3489,round6,mixed,58
VGGWOCCGVGWFCQ-VQHVLOKHSA-N__XSBVCLJHHNORNA-LBPRGKRZSA-N,train_round6,CCOC(=O)/C=C/OC(CCC=O)C(=C)C,CC1=C(SC(=C1C(=O)N2CC[C@@H](C2)N)NC3=C(C=C(C=C3)I)F)CC=O,C=C(C)C(CCC(=O)C(O)Cc1sc(Nc2ccc(I)cc2F)c(C(=O)N2CCC(N)C2)c1C)OC=CC(=O)OCC,1.583364659831172,7.9323,round6,train,42
JQPFJXMSGXCGBV-UHFFFAOYSA-N__SNZDVVCULLZJTB-UHFFFAOYSA-N,train_round6,C1CN(CCC1C2=CC=C(C=C2)OCCCCC=O)C3=CC(=C(C=C3)C#N)C(F)(F)F,C1=CC=C(C(=C1)C2=NC(=C(C=C2)F)C=O)OC(F)(F)F,N#Cc1ccc(N2CCC(c3ccc(OCCCCC(=O)C(O)c4nc(-c5ccccc5OC(F)(F)F)ccc4F)cc3)CC2)cc1C(F)(F)F,-2.6732172180994294,1.0571,round6,train,51
LWCAOIHYOJVCGB-UHFFFAOYSA-N__PDOMPLRPUSHYFA-UHFFFAOYSA-N,train_round6,CC(=O)C1=C(C=CC(=C1Br)C=O)F,C1=CC(=C(C=C1F)CC(C=O)O)F,CC(=O)c1c(F)ccc(C(=O)C(O)C(O)Cc2cc(F)ccc2F)c1Br,0.9836496812714066,1.7765,round6,train,26
AZMWLAXRFBKMPF-UHFFFAOYSA-N__VFOYKVVZWZVPFZ-UHFFFAOYSA-N,train_round6,C1=C(C=NC(=C1CC(F)(F)F)Cl)C=O,CC(C)C1=C(N(N(C1=O)C2=CC=CC=C2)C)C=O,CC(C)c1c(C(O)C(=O)c2cnc(Cl)c(CC(F)(F)F)c2)n(C)n(-c2ccccc2)c1=O,1.784643682531606,0.7656,round6,train,32
BADVUXHYLDUDKG-UHFFFAOYSA-N__FPHLYXCJCGWHEQ-UHFFFAOYSA-N,train_round6,CC1=C(C(=C2C=CN(C2=N1)CC3=CC(=C(C=C3)F)F)I)C=O,COC1=CC=CC=C1CC(C=O)(F)F,COc1ccccc1CC(F)(F)C(O)C(=O)c1c(C)nc2c(ccn2Cc2ccc(F)c(F)c2)c1I,-2.494940832739088,-4.1026,round6,train,36
GKPIHXHNFKRSOF-UHFFFAOYSA-N__VPYZGXKLDAOXOB-UHFFFAOYSA-N,train_round6,CN(C(=O)C(CC=O)C1=CC(=C(C=C1)Cl)Cl)OC,CC1=C(C(=CC=C1)N2CCC3=C(C2=O)C=CC(=C3)C4(CC4)C(F)F)C=O,CON(C)C(=O)C(CC(=O)C(O)c1c(C)cccc1N1CCc2cc(C3(C(F)F)CC3)ccc2C1=O)c1ccc(Cl)c(Cl)c1,-2.3160331722471845,-4.2411,round6,mixed,44
BBVPMVVRZBBECS-IKGGRYGDSA-N__NAWYJOZHBQAYCK-UHFFFAOYSA-N,train_round6,C1=CC(=CC=C1[C@@H]2[C@@H]([C@]2(C=O)C#N)S(=O)(=O)C3=CC=C(C=C3)Cl)F,C1=CC(=C(C=C1C=CCC=O)F)C#N,N#Cc1ccc(C=CCC(O)C(=O)C2(C#N)C(c3ccc(F)cc3)C2S(=O)(=O)c2ccc(Cl)cc2)cc1F,0.1316452146233412,0.2451,round6,train,38
BCOCNAIZYSTVGP-BPUTZDHNSA-N__ZRNHEIAVFNGTQR-UHFFFAOYSA-N,train_round6,C[C@@H](C(=O)N1CC(C[C@H]1C(=O)N[C@@H](CC(=O)O)C=O)(F)F)NC(=C)C(=O)C2=CC=CC=C2,CC1=[N+](C2=CC=CC=C2N=C1C=O)[O-],C=C(NC(C)C(=O)N1CC(F)(F)CC1C(=O)NC(CC(=O)O)C(=O)C(O)c1nc2ccccc2[n+]([O-])c1C)C(=O)c1ccccc1,2.5388356421629488,-4.9101,round6,mixed,46
ZQJYJPBYNJWKBA-UHFFFAOYSA-N__IPZSDYRKNCPMCF-UHFFFAOYSA-N,train_round6,CCN(C1=CC=C(C=C1)F)C2=C(C(=NC=N2)Cl)C=O,C1CCOC(C1)N2C=C(C(=N2)C3=C(C=CC(=C3)Cl)F)C4=NC5=C(C=C4)N=CC(=C5)C=O,CCN(c1ccc(F)cc1)c1ncnc(Cl)c1C(=O)C(O)c1cnc2ccc(-c3cn(C4CCCCO4)nc3-c3cc(Cl)ccc3F)nc2c1,1.7960500546575429,0.8601,round6,mixed,50
CKECRTPZNVCSAJ-UHFFFAOYSA-N__GLPVPPWMXXWFOT-UHFFFAOYSA-N,train_round6,C1=CC(=CC(=C1)C(F)(F)F)C2=CN3C=C(N=C3C=N2)C=O,C1CC2=CC(=C(C(=C2C1)F)C=O)Br,O=C(c1cn2cc(-c3cccc(C(F)(F)F)c3)ncc2n1)C(O)c1c(Br)cc2c(c1F)CCC2,0.5410265733595271,2.9198,round6,train,34
BTOCBJMHWOCONU-UHFFFAOYSA-N__GVWWSKTXUJZPQX-UHFFFAOYSA-N,train_round6,CCS(=O)(=O)C1=CC(=C(C=C1)OC)C(C=O)F,C1=C(C(=NN=C1C(C(F)(F)F)(F)F)C=O)I,CCS(=O)(=O)c1ccc(OC)c(C(F)C(=O)C(O)c2nnc(C(F)(F)C(F)(F)F)cc2I)c1,-7.378095515098423,-1.1716,round6,train,33
LUUSXMZRPWYOQK-UHFFFAOYSA-N__GVHXRKJMCJBJTE-UHFFFAOYSA-N,train_round6,COC1=CC(=C(C(=C1)OC)C(CCCC#N)CC=O)OC,C1=CC(=C(C=C1C=O)NCC(F)(F)F)C(=N)C2=CN=C3N2C=C(C=C3)F,COc1cc(OC)c(C(CCCC#N)CC(=O)C(O)c2ccc(C(=N)c3cnc4ccc(F)cn34)c(NCC(F)(F)F)c2)c(OC)c1,0.5155885284488468,0.638,round6,train,47
QWLVCAJYFLXNKF-UHFFFAOYSA-N__QKOBSOKZIKRTMC-UHFFFAOYSA-N,train_round6,B1(CC(C(C1)(C)C)(C)C)C2=C(C(=CC=C2)C3=C(C(=CC=C3)C4=NC(=C(C(=C4)F)C=O)OC)C)Cl,C1CC(CN(C1)CCOC(F)(F)F)C=O,COc1nc(-c2cccc(-c3cccc(B4CC(C)(C)C(C)(C)C4)c3Cl)c2C)cc(F)c1C(=O)C(O)C1CCCN(CCOC(F)(F)F)C1,2.412733552688411,2.8366,round6,mixed,49
ZSHRNUXGUODAEH-UHFFFAOYSA-N__ZZEAXSVHLYHJBB-DTWKUNHWSA-N,train_round6,CC1=C2CCCOC2=C(C=C1C3=C(C(=C(C(=C3C)CN(C)C4CCOCC4)CC=O)C)CC(=O)O)F,CC(C)(C)[Si](C)(C)OC[C@@H]1[C@@H](O1)C=O,Cc1c(-c2c(C)c(CN(C)C3CCOCC3)c(CC(=O)C(O)C3OC3CO[Si](C)(C)C(C)(C)C)c(C)c2CC(=O)O)cc(F)c2c1CCCO2,-6.308039661411619,-0.344,round6,train,50
SPCNSCHIYWOTKD-UHFFFAOYSA-N__SGWVSDWNFRIZDW-UHFFFAOYSA-N,train_round6,C1C(C=CC(=C1Br)C(F)(F)F)C=O,COC(=O)C1=C(C=C(C(=C1)C#N)C=O)OC(F)(F)F,COC(=O)c1cc(C#N)c(C(O)C(=O)C2C=CC(C(F)(F)F)=C(Br)C2)cc1OC(F)(F)F,-2.780670340496741,4.2311,round6,train,32
PGMMNVQTXCVTSZ-UHFFFAOYSA-N__OTWHZCJQMQNFLX-UHFFFAOYSA-N,train_round6,C1=CC(=C(C=C1OCCC(F)(F)F)C=O)[N+](=O)[O-],CC(CC=O)C(CC1=CC(=C(C=C1)OCC2=CC=CC=C2)F)C(=O)O,CC(CC(O)C(=O)c1cc(OCCC(F)(F)F)ccc1[N+](=O)[O-])C(Cc1ccc(OCc2ccccc2)c(F)c1)C(=O)O,2.6418726626161138,4.7773,round6,train,43
RUZTZAFZVHRGHI-AVHHSYQXSA-N__QHAMIJFCFPMMQE-HOCLYGCPSA-N,train_round6,C[C@]12CCC([C@]1(C3=CC=CC=C3C2=O)O)C=O,C[C@@H](CC=O)[C@@H](C(=O)N1C=CC=C1)OCC2=CC=CC=C2,CC(CC(O)C(=O)C1CCC2(C)C(=O)c3ccccc3C12O)C(OCc1ccccc1)C(=O)n1cccc1,0.8686701958107839,1.1459,round6,mixed,38
FNLZRJFSPVDFRL-UHFFFAOYSA-N__NPGHNKUSUZBUSQ-ZYXZCXLHSA-N,train_round6,CC1=C(C=CC=C1C2=CC=CC(=C2C)C=O)C=C(C3=CC(=C(C=C3)C(=O)O)OC)F,C1CNC[C@H]1NC2CC(=CCC2CC=O)F,COc1cc(C(F)=Cc2cccc(-c3cccc(C(=O)C(O)CC4CC=C(F)CC4NC4CCNC4)c3C)c2C)ccc1C(=O)O,2.509633976696913,-0.0079,round6,mixed,46
QTEATMBVKZEMCS-UHFFFAOYSA-N__VKPRMEOOFBYMLY-UHFFFAOYSA-N,train_round6,C1=C(C(=NC(=C1N)C=O)OC(F)(F)F)CN,CC1=CC=C(C=C1)S(=O)(=O)N2C3=C(C=C(C=C3)Cl)C(=C2C=O)C4=CC=CC=C4F,Cc1ccc(S(=O)(=O)n2c(C(O)C(=O)c3nc(OC(F)(F)F)c(CN)cc3N)c(-c3ccccc3F)c3cc(Cl)ccc32)cc1,0.2499961478450725,-3.1466,round6,train,45
UWGFONONBAIDAF-UHFFFAOYSA-N__NEUFFBRYEGFONJ-UHFFFAOYSA-N,train_round6,C1=NNC(=C1Br)C=O,CCCC1=CC(=O)NC(=N1)SC2=C(C=C(C=C2)F)C=O,CCCc1cc(=O)[nH]c(Sc2ccc(F)cc2C(O)C(=O)c2[nH]ncc2Br)n1,-0.8861753262313482,-5.7446,round6,train,28
UDWUMOZQFOCADW-UHFFFAOYSA-N__KGECFPVHWVTYNB-UHFFFAOYSA-N,train_round6,CC(C)C1=C2C(=C(N1CCC=O)C3=CC=C(C=C3)F)C4=CC=CC=C4N(C2=O)C5=CC=CC=C5,CN1C(=C(C=N1)Cl)C2=C(C=CC(=C2)NC(=O)C3=CC=CC=C3F)OCCN4CCN(CC4)CC=O,CC(C)c1c2c(=O)n(-c3ccccc3)c3ccccc3c2c(-c2ccc(F)cc2)n1CCC(=O)C(O)CN1CCN(CCOc2ccc(NC(=O)c3ccccc3F)cc2-c2c(Cl)cnn2C)CC1,-0.3239228668458985,3.328,round6,mixed,69
HLPQTQDJEXCBDP-UHFFFAOYSA-N__FJFGRYARPGRTQS-UHFFFAOYSA-N,train_round6,C1CC1CN2CCC3=C2C(=CC=C3)COC4=CC(=C(C=C4)CCC=O)F,CCCCOCC(COC1=C(C=C(C=C1F)C=O)F)O,CCCCOCC(O)COc1c(F)cc(C(O)C(=O)CCc2ccc(OCc3cccc4c3N(CC3CC3)CC4)cc2F)cc1F,2.398745980383638,-0.5257,round6,train,46
JCBYCWLGNVRSED-UHFFFAOYSA-N__PXZHQXWEWDVVOM-UPHRSURJSA-N,train_round6,CN1CCN(CC1=O)C2=C(C(=CC=C2)F)C=O,C1C(CN1C(=O)/C=C\N2C=NC(=N2)C3=CC(=CC(=C3)C=O)C(F)(F)F)(F)F,CN1CCN(c2cccc(F)c2C(=O)C(O)c2cc(-c3ncn(C=CC(=O)N4CC(F)(F)C4)n3)cc(C(F)(F)F)c2)CC1=O,-4.8655322502850336,-5.7957,round6,mixed,44
ANLDVJFRUSLOFV-UHFFFAOYSA-N__DRFWJLUOTRCUAI-UHFFFAOYSA-N,train_round6,CC(C)(CNC1=C(C=C(C=N1)C=O)Cl)NC(=O)C2=CC=C(C=C2)F,C1=CSC(=C1C(=O)N)C=O,CC(C)(CNc1ncc(C(=O)C(O)c2sccc2C(N)=O)cc1Cl)NC(=O)c1ccc(F)cc1,1.7802222086466684,-2.4343,round6,mixed,34
HRRUVLCCIAGUKL-UHFFFAOYSA-N__BZVPZJLASDFCGT-IHWYPQMZSA-N,train_round6,C1=CC(=NC=C1C=O)C(C(F)F)O,CC1=NN=C(O1)/C=C\N2C=NC(=N2)C3=CC(=CC(=C3)C=O)C(F)(F)F,Cc1nnc(C=Cn2cnc(-c3cc(C(O)C(=O)c4ccc(C(O)C(F)F)nc4)cc(C(F)(F)F)c3)n2)o1,-2.431036810431864,2.0689,round6,train,38
VOAHRWUEPMHQRP-UHFFFAOYSA-N__FWTJBSRLAFEZMM-UHFFFAOYSA-N,train_round6,C1CC(=NCC2=CN=C3C(=N2)C(=O)NC(=N3)N)CCC1C=O,CC1=NC(=CC=C1)C(CC2=CC=C(C3=CC=CC=C23)F)C=O,Cc1cccc(C(Cc2ccc(F)c3ccccc23)C(O)C(=O)C2CCC(=NCc3cnc4nc(N)[nH]c(=O)c4n3)CC2)n1,-2.880695395624879,0.5012,round6,train,44
IICPATBIPVYNJE-MRTLOADZSA-N__VQMYUHHEMXBLFA-BGPJRJDNSA-N,train_round6,CC(C)C(CCCCCC1=CC=CC=C1)C(=O)N2CSC[C@H]2C=O,C[C@@H]([C@H]([C@H]([C@@H](C=O)O)F)O)O,CC(C)C(CCCCCc1ccccc1)C(=O)N1CSCC1C(=O)C(O)C(O)C(F)C(O)C(C)O,-5.561297486740041,-2.0169,round6,mixed,35
KCUURXMJIBRQQP-UHFFFAOYSA-N__RJVOSZOVANHOIQ-UHFFFAOYSA-N,train_round6,C1COC(C1C=O)C2=NC(=CC=C2)F,C1=CC(=NN=C1C(F)(F)F)SCC=O,O=C(C(O)CSc1ccc(C(F)(F)F)nn1)C1CCOC1c1cccc(F)n1,-2.037749763191152,-10.0423,round6,train,28
YGPIWPCHSUOSLM-UHFFFAOYSA-N__YSXKAOXCJKNOTN-SXHSKPAUSA-N,train_round6,COC(=O)C(C=O)C1=CC=CC=C1F,CC([C@@H](CC1=CC=C(C=C1)F)[C@H](CC2=CC=CC=C2)C=O)O[Si](C)(C)C,COC(=O)C(C(=O)C(O)C(Cc1ccccc1)C(Cc1ccc(F)cc1)C(C)O[Si](C)(C)C)c1ccccc1F,-3.0023717301983583,-3.1314,round6,train,40
UKMJDZUHNPTPGV-UHFFFAOYSA-N__WRUZAZIVJKOPNS-UHFFFAOYSA-N,train_round6,CCOCOC1=C(C(=CC(=C1)C(F)(F)F)C)C2=CN=C(C(=N2)Cl)C=O,CC1=C(C(=NN1C(C=O)N2CCN(CC2)C3=NC(=CC=C3)OC)C(F)(F)F)Cl,CCOCOc1cc(C(F)(F)F)cc(C)c1-c1cnc(C(=O)C(O)C(N2CCN(c3cccc(OC)n3)CC2)n2nc(C(F)(F)F)c(Cl)c2C)c(Cl)n1,-1.0292439338167552,0.183,round6,train,53
QFGLKZSEIYHSON-UHFFFAOYSA-N__ZCMMJWHYFSLNQB-UHFFFAOYSA-N,train_round6,C1COCC1N2C(CC3=C(C2C4=C(C=C(C=C4F)C=CC(=O)O)F)NC5=CC=CC=C35)C=O,CC(CC=O)C1=C(C=CC(=C1)Cl)F,CC(CC(O)C(=O)C1Cc2c([nH]c3ccccc23)C(c2c(F)cc(C=CC(=O)O)cc2F)N1C1CCOC1)c1cc(Cl)ccc1F,1.778656555679193,3.0097,round6,train,46
SDHZHBLDROIVRL-UHFFFAOYSA-N__YLVOSHNWXWMZGS-BRIWLPCBSA-N,train_round6,C1=CC(=C(C=C1Br)SCCC=O)O,C1CC2=C(C=CC(=C2)O)C([C@H]1C3CCOCC3)C4=CC(=C(C=C4)N5CCC(CC5)C=O)F,O=C(CCSc1cc(Br)ccc1O)C(O)C1CCN(c2ccc(C3c4ccc(O)cc4CCC3C3CCOCC3)cc2F)CC1,-1.8591574721709336,-0.9948,round6,mixed,45
TZLQTNOEKWOZBP-UHFFFAOYSA-N__LXYMWHMUVWWGOY-YFKPBYRVSA-N,train_round6,C1=CC(=CC=C1C(F)(F)F)NC(=O)C(CC=O)C#N,C(C[C@@H](C=O)N)CN,N#CC(CC(=O)C(O)C(N)CCCN)C(=O)Nc1ccc(C(F)(F)F)cc1,-2.629939585860102,0.3386,round6,mixed,27
RIBAGLHYANHZKR-UHFFFAOYSA-N__BXDZRCQJCCOFTK-OAHLLOKOSA-N,train_round6,C1CCC2=C3C(=CC(=C2C1)N4C=CC(=C4)C=O)NC(=O)C(=O)N3,C1=CC=C2C(=C1)C=C(N2)[C@H](CC=O)C3=CC=C(C=C3)Cl,O=C(c1ccn(-c2cc3[nH]c(=O)c(=O)[nH]c3c3c2CCCC3)c1)C(O)CC(c1ccc(Cl)cc1)c1cc2ccccc2[nH]1,-0.6919375274995901,-0.3137,round6,mixed,43
FCIJONRYYVKVMO-CLWVCHIJSA-N__ZLYHHYOHUDPHLT-UHFFFAOYSA-N,train_round6,C[C@]12CC3=COC=C3[C@H](O1)[C@@H]4[C@]2(CC(C4)(C)C)C=O,C1CN(CC=C1C2=C3C=CNC3=CC=C2)C(CCC=O)C4=CC=C(C=C4)F,CC1(C)CC2C3OC(C)(Cc4cocc43)C2(C(=O)C(O)CCC(c2ccc(F)cc2)N2CC=C(c3cccc4[nH]ccc34)CC2)C1,0.5582120881773336,2.4044,round6,mixed,46
UXWNPFUWMDGTBG-UHFFFAOYSA-N__GZYGBCILLANKRS-UHFFFAOYSA-N,train_round6,C1CC(=CC=C1)C2=COC=C(O2)C(CCC=O)N3CCN(CC3)CCOC4=CC=C(C=C4)F,C1CN(CC2=C1C(=NN2)C=O)CCC(F)(F)F,O=C(CCC(C1=COC=C(C2=CC=CCC2)O1)N1CCN(CCOc2ccc(F)cc2)CC1)C(O)c1n[nH]c2c1CCN(CCC(F)(F)F)C2,5.571388924814332,4.5532,round6,mixed,50
OBFBELPJVWZAIT-UHFFFAOYSA-N__OAWHOXLWJKGOSE-UHFFFAOYSA-N,train_round6,C1=CC(=C(C=C1C(C=O)(F)F)Cl)Br,CN(CCCCOC1=CC(=C(C=C1)C=O)OC)CC#C,C#CCN(C)CCCCOc1ccc(C(O)C(=O)C(F)(F)c2ccc(Br)c(Cl)c2)c(OC)c1,3.10722910478084,1.2316,round6,train,33
YAULMYLISVQRLZ-LJQANCHMSA-N__BFPHAXVJMYFYLL-UHFFFAOYSA-N,train_round6,C1C[C@H](CN(C1)C(=O)CC#N)NC2=NC(=NC(=C2F)C3=CC=C(C=C3)C=O)C4=C5C=CC=CN5N=C4,CCOC1=NC(=C(C(=N1)N(CC2=C(C=C(C=C2)C=O)F)C(=O)OC(C)(C)C)[N+](=O)[O-])C,CCOc1nc(C)c([N+](=O)[O-])c(N(Cc2ccc(C(O)C(=O)c3ccc(-c4nc(-c5cnn6ccccc56)nc(NC5CCCN(C(=O)CC#N)C5)c4F)cc3)cc2F)C(=O)OC(C)(C)C)n1,3.3001407340497484,5.9827,round6,mixed,67
YQEZFOLKLFSPPS-UHFFFAOYSA-N__KGQJJXWVPSBTEA-UHFFFAOYSA-N,train_round6,C1=CC=C2C(=C1)C(=CC=C2C(=O)NCC(=O)NC(C(F)F)F)C=O,CC(C)OCCN(C)C1=C(C=CC=C1F)C=O,CC(C)OCCN(C)c1c(F)cccc1C(O)C(=O)c1ccc(C(=O)NCC(=O)NC(F)C(F)F)c2ccccc12,5.518273761118119,4.4692,round6,train,41
ZCJOHRGREUNSCG-UHFFFAOYSA-N__LTHCDGGGLDPZAI-UHFFFAOYSA-N,train_round6,CN1C(=NN=N1)SC2=CC(=CC(=C2)F)C=O,C1=CC(=C2C(=C1)C(=CC=C2O)C(=O)O)C=O,Cn1nnnc1Sc1cc(F)cc(C(=O)C(O)c2cccc3c(C(=O)O)ccc(O)c23)c1,5.610905088920072,2.8694,round6,train,32
YTQUXENNPKTYII-UHFFFAOYSA-N__JPCPSJMLVORFQH-UHFFFAOYSA-N,train_round6,CC1=CC=C(C=C1)S(=O)(=O)C(C)CC=O,CC1=CC(=C(C=C1F)C2CCNC2)C=O,Cc1ccc(S(=O)(=O)C(C)CC(=O)C(O)c2cc(C)c(F)cc2C2CCNC2)cc1,3.5299120402455126,0.9291,round6,train,30
BAYDNZULXDGOGA-UHFFFAOYSA-N__KZVFBQJVPRFXRD-UHFFFAOYSA-N,train_round6,COC1=NC=C(C(=C1CCl)C=O)OC(F)(F)F,C1CCN(CC1)C2=NC3=CC=CC=C3C=C2C=O,COc1ncc(OC(F)(F)F)c(C(=O)C(O)c2cc3ccccc3nc2N2CCCCC2)c1CCl,6.215324254721288,1.5017,round6,train,35
UUXSTNOMLCSKDW-UHFFFAOYSA-N__CUHQOKZVPPRZDW-UHFFFAOYSA-N,train_round6,C1CCC(C1)OCC2=CC3=C(C=C2)OC(=C3)C4=C(C=C(C=C4)CN5CC(C5)C=O)F,C1=C(C=C(C(=C1C=O)[N+](=O)[O-])OC(F)F)S(=O)(=O)Cl,O=C(C1CN(Cc2ccc(-c3cc4cc(COC5CCCC5)ccc4o3)c(F)c2)C1)C(O)c1cc(S(=O)(=O)Cl)cc(OC(F)F)c1[N+](=O)[O-],6.294352546326007,8.7801,round6,train,49
ATTPASHHPDBAGO-UHFFFAOYSA-N__MYRVFSLVZSBLFF-UHFFFAOYSA-N,train_round6,CC(C)(C)C1=C2C(=CC(=C1)F)N(C(=C2C=O)C=CC(=O)OC)C(=O)O,CN=C(N1C2=C(C=C(C=C2)C(F)(F)F)C(=N1)C=O)SC,CN=C(SC)n1nc(C(O)C(=O)c2c(C=CC(=O)OC)n(C(=O)O)c3cc(F)cc(C(C)(C)C)c23)c2cc(C(F)(F)F)ccc21,6.79157316397866,2.26,round6,train,45
DZESSNRQOHHYIB-UHFFFAOYSA-N__NEHYYNHLQQLBJJ-UHFFFAOYSA-N,train_round6,C1=CC(=CC=C1C2=C(N=CC(=C2)C=O)Cl)OC(F)(F)F,CC(=CCC1=CC2=C(C(=C1O)CC=C(C)C)OC=C(C2=O)C=O)C,CC(C)=CCc1cc2c(=O)c(C(O)C(=O)c3cnc(Cl)c(-c4ccc(OC(F)(F)F)cc4)c3)coc2c(CC=C(C)C)c1O,6.628898746864248,8.2566,round6,train,44
CFTLUPRVNAWZAU-YESZJQIVSA-N__IEFLULLMNPFDJI-UHFFFAOYSA-N,train_round6,CC(C)(C)OC(=O)[C@H]1C[C@H]([C@@H](N1CC2=CC=CC=C2)C=C)C=O,COC1=C(C=C(C=C1)C#N)COC2=C(C=C(C=C2)C=O)F,C=CC1C(C(=O)C(O)c2ccc(OCc3cc(C#N)ccc3OC)c(F)c2)CC(C(=O)OC(C)(C)C)N1Cc1ccccc1,4.736102783138702,-0.3142,round6,train,44
XJWPYCZEMNLDOX-UHFFFAOYSA-N__QMIXNYFDBWAJCH-LLVKDONJSA-N,train_round6,CC1=C(C=C(C=C1)NC2=NC=NC(=C2C=O)N)F,C1C(CN1[C@H](C=O)Cl)NC2=CC=CC(=C2)C(F)(F)F,Cc1ccc(Nc2ncnc(N)c2C(=O)C(O)C(Cl)N2CC(Nc3cccc(C(F)(F)F)c3)C2)cc1F,4.726128590859267,0.6416,round6,train,37
FDPROKZJQKDXNR-UHFFFAOYSA-N__DRIZPLDBXQCWMP-UHFFFAOYSA-N,train_round6,C1=CC2=C(C=C1F)N(C(=O)C2=O)CC3=CC=C(O3)C=O,C1=CC=C(C=C1)COC2=CC=C(C=C2)C3=CN=C(N3CCF)C=O,O=C1C(=O)N(Cc2ccc(C(=O)C(O)c3ncc(-c4ccc(OCc5ccccc5)cc4)n3CCF)o2)c2cc(F)ccc21,4.524204236778219,1.3975,round6,mixed,44
AEUAEKWETBCJCF-GOTSBHOMSA-N__DDADBIYXHOKLBY-UHFFFAOYSA-N,train_round6,CC(C)(C)OC(=O)N1C2=CC=CC=C2C=C1[C@@H](C=C)[C@@H](CCOCC3=CC=CC=C3)C=O,COC1=CC(=CC(=C1OC(F)F)N)C=O,C=CC(c1cc2ccccc2n1C(=O)OC(C)(C)C)C(CCOCc1ccccc1)C(=O)C(O)c1cc(N)c(OC(F)F)c(OC)c1,4.348756781455994,0.2873,round6,mixed,47
VEGGHHSGHJYWCA-UHFFFAOYSA-N__KJOKEEBMLQVNNN-UHFFFAOYSA-N,train_round6,C1C(C=CC(=C1N)C(F)(F)F)C=O,C1CC(=O)N(C1)CCOC2=CC=C(C=C2)C=O,NC1=C(C(F)(F)F)C=CC(C(=O)C(O)c2ccc(OCCN3CCCC3=O)cc2)C1,4.741883591110102,2.0775,round6,mixed,30
HSHFKSCPDSBLHP-UHFFFAOYSA-N__UCGYKIRAXIWRAJ-YPKPFQOOSA-N,train_round6,CC1=C(C=CC(=C1)F)NC2=NC3=C(O2)C=C(C=C3)CC=O,C/C(=C/C(CC#C)OC(=O)C1=CC=CC=C1)/CCC=O,C#CCC(C=C(C)CCC(O)C(=O)Cc1ccc2nc(Nc3ccc(F)cc3C)oc2c1)OC(=O)c1ccccc1,4.4265730894246405,4.77,round6,train,41
LRRVFHLJROWXPR-UHFFFAOYSA-N__NDRMMXZBBWXMBY-UHFFFAOYSA-N,train_round6,C1=CC(=C(C=C1F)C2=C(OC=C2)C=O)F,CN1C(=CC(=O)N(C1=O)C2=CC(=C(C=C2F)Cl)SC(C=O)C(=O)N)C(F)(F)F,Cn1c(C(F)(F)F)cc(=O)n(-c2cc(SC(C(N)=O)C(O)C(=O)c3occc3-c3cc(F)ccc3F)c(Cl)cc2F)c1=O,4.081396725571877,3.0892,round6,train,43
PIXDTGJXVWDNPG-UHFFFAOYSA-N__SKXITSHWAIZZLW-ZDUSSCGKSA-N,train_round6,C1=C(C(=C(C(=N1)F)C(F)F)C=O)Br,C[C@@H](C(=O)NCCC1=CC=C(C=C1)F)OC(=O)C2=CC=C(C=C2)C=O,CC(OC(=O)c1ccc(C(O)C(=O)c2c(Br)cnc(F)c2C(F)F)cc1)C(=O)NCCc1ccc(F)cc1,6.100215411291317,2.2153,round6,mixed,38
YVOOGOHCKLWCPJ-GDLZYMKVSA-N__BOYHQZSXPYUMTI-UHFFFAOYSA-N,train_round6,C[C@@]1(CCCC2=CC(=C(C(=C21)OCC3=CC=CC=C3)C(=O)OC)OCC4=CC=CC=C4)CC=O,CC(CCCC(CC1=CC=CC=C1)C=O)O,COC(=O)c1c(OCc2ccccc2)cc2c(c1OCc1ccccc1)C(C)(CC(=O)C(O)C(CCCC(C)O)Cc1ccccc1)CCC2,4.719584989981544,1.04,round6,mixed,50
RHYNASIKCXURST-UHFFFAOYSA-N__XRBSUVTUCVHXRB-UHFFFAOYSA-N,train_round6,C1=CC(=CC(=C1)F)C2=CC(=CN2S(=O)(=O)C3=CC=C(C=C3)OC(F)(F)F)C=O,CC(C)COC1=CC=CC=C1C=O,CC(C)COc1ccccc1C(O)C(=O)c1cc(-c2cccc(F)c2)n(S(=O)(=O)c2ccc(OC(F)(F)F)cc2)c1,3.89188250788574,2.6778,round6,train,41
RXGZWGASGHIHFB-UHFFFAOYSA-N__RXHTWOUYGYZSGU-UHFFFAOYSA-N,train_round6,C1COCC(N1CC=O)COC2=NOC3=C2C=C(C=C3)C4=CC=C(C=C4)OC(F)(F)F,CSC1=C(C=CC(=C1)C(F)(F)F)C(=O)C(C=O)C2CC2,CSc1cc(C(F)(F)F)ccc1C(=O)C(C1CC1)C(O)C(=O)CN1CCOCC1COc1noc2ccc(-c3ccc(OC(F)(F)F)cc3)cc12,6.86927133997234,6.5852,round6,train,51
ZBULWGFKZMHJLU-UHFFFAOYSA-N__IXXQYVDHJRHGIJ-UHFFFAOYSA-N,train_round6,CC1=CC(=C(N1C2CC2)C)C=O,C1CCC(CC1)C2=C(C3=C(N2)C=C(C=C3Cl)Cl)C=O,Cc1cc(C(=O)C(O)c2c(C3CCCCC3)[nH]c3cc(Cl)cc(Cl)c23)c(C)n1C1CC1,6.315706263583187,5.0483,round6,mixed,31
YLEDGIQUMYQYGG-UHFFFAOYSA-N__YQPMLUAVNILZKO-UHFFFAOYSA-N,train_round6,CC1=CC(=CC2=C1OCC(=O)N2)C=O,CC(C)(C1=C(C=C(C(=C1)C=O)F)F)S(=O)(=O)C,Cc1cc(C(=O)C(O)c2cc(C(C)(C)S(C)(=O)=O)c(F)cc2F)cc2c1OCC(=O)N2,3.817615498647386,0.1381,round6,train,31
IRTFEOOXYHOLAN-UHFFFAOYSA-N__VMQIZDOJIKKIDT-BPGUCPLFSA-N,train_round6,COC1(C=C(C=CC1C=O)Br)F,CC(C)([C@@H](C=O)NC)N1CC(=CC1C2=CC=CC=C2)C3=C(C=CC(=C3)F)F,CNC(C(O)C(=O)C1C=CC(Br)=CC1(F)OC)C(C)(C)N1CC(c2cc(F)ccc2F)=CC1c1ccccc1,3.718314438544332,1.924,round6,train,39
UGIILMQDMUONAZ-UHFFFAOYSA-N__YQNXJTPYFWTCTL-UHFFFAOYSA-N,train_round6,CCOC(=O)C1=CC(=C(C(=C1)Cl)C=O)C(F)(F)F,CC(=O)C1=CC(=C(C=C1C=O)OC(F)(F)F)Br,CCOC(=O)c1cc(Cl)c(C(=O)C(O)c2cc(OC(F)(F)F)c(Br)cc2C(C)=O)c(C(F)(F)F)c1,3.0961474665862885,2.3201,round6,train,35
PUDOOCDEEOSPOA-UHFFFAOYSA-N__AQRRGWZVBKEVDR-DVOMOZLQSA-N,train_round6,CC(C)OC1=CC=CC=C1C2=CC(=C(C=C2)F)C=O,CC(C)(C)OC(=O)N[C@@]1([C@@H]([C@@H]1S(=O)(=O)C)C2=CC=C(C=C2)F)C=O,CC(C)Oc1ccccc1-c1ccc(F)c(C(=O)C(O)C2(NC(=O)OC(C)(C)C)C(c3ccc(F)cc3)C2S(C)(=O)=O)c1,3.21167354511405,7.1462,round6,train,43
VMIWBHPKGZLMHI-UHFFFAOYSA-N__FDUSVWZLWHJFQB-UHFFFAOYSA-N,train_round6,C1=CN(C=N1)C2=CN=CC(=C2C=O)F,CC(=O)C1=CC(=C2N1C=CC(=C2)OC)C(=O)NC3=CC=CC(=C3F)C4=CC=C(O4)C=O,COc1ccn2c(C(C)=O)cc(C(=O)Nc3cccc(-c4ccc(C(O)C(=O)c5c(F)cncc5-n5ccnc5)o4)c3F)c2c1,6.8769433469009,0.2472,round6,mixed,45
ZNBXJVSAWASPOQ-UHFFFAOYSA-N__UPSLNFXWRNIYCT-UHFFFAOYSA-N,train_round6,CC(C)(C)OC(=O)N(C)CCOC1=C(C=C(C(=C1)F)C=O)F,C1=CC(=CC=C1C(C=O)C2=CC=C(C=C2)F)F,CN(CCOc1cc(F)c(C(=O)C(O)C(c2ccc(F)cc2)c2ccc(F)cc2)cc1F)C(=O)OC(C)(C)C,3.669731958772444,2.1893,round6,train,39
FQAIEEYQKMYHRV-XAMCCFCMSA-N__NPUKLAFNOPNIEO-UHFFFAOYSA-N,train_round6,C[C@@H]([C@@](C)([C@](C)([C@H](C=O)O)O)O)O,C1=C(C(=C(C=N1)F)[N+](=O)[O-])C=O,CC(O)C(C)(O)C(C)(O)C(O)C(=O)C(O)c1cncc(F)c1[N+](=O)[O-],7.042352026589707,10.6432,round6,train,25
QCZDOBUYIZRDOS-UHFFFAOYSA-N__OSAYYCODSRNXSX-UHFFFAOYSA-N,train_round6,CC(=O)C1=CSC(=N1)C(C=O)(C2=CC=C(C=C2)F)Br,C1CNC(C(SCC#CCN1)C(F)(F)F)C=O,CC(=O)c1csc(C(Br)(C(=O)C(O)C2NCCNCC#CCSC2C(F)(F)F)c2ccc(F)cc2)n1,3.798499408427285,1.9685,round6,train,36
FDXUMKOABDLGMB-UHFFFAOYSA-N__MHBBJCNLTYPPEV-UHFFFAOYSA-N,train_round6,C1=CC(=C(C(=C1)F)C(C=O)Cl)F,C1CCN(C(C1)C=O)C2=CC3=C(C=C2)NC(=O)C=C3C(F)(F)F,O=C(C(Cl)c1c(F)cccc1F)C(O)C1CCCCN1c1ccc2[nH]c(=O)cc(C(F)(F)F)c2c1,3.00837066275048,5.9596,round6,mixed,35
XJAPGXZNUGJQHG-UHFFFAOYSA-N__MFBFBINKGNJSTN-UHFFFAOYSA-N,train_round6,CC(C)(C)OC(=O)NCC1=C(C(=C(C=C1)Cl)OC2=CC(=CC(=C2)C#N)C=O)F,CC(C)(CC=O)C1=CC(=C(C=C1)OCC2=CC=CC=C2)OCC3=CC=CC=C3,CC(C)(C)OC(=O)NCc1ccc(Cl)c(Oc2cc(C#N)cc(C(=O)C(O)CC(C)(C)c3ccc(OCc4ccccc4)c(OCc4ccccc4)c3)c2)c1F,3.958110009406057,-1.7677,round6,train,56
BUSZIBMKKIGMSX-UHFFFAOYSA-N__DXXCAUDRFSLKGO-UHFFFAOYSA-N,train_round6,COC1=C(C2=C(C=C1)SC=C2C=O)F,CC(C(=O)O)OC1=C(C=CC=C1OC)C=O,COc1cccc(C(O)C(=O)c2csc3ccc(OC)c(F)c23)c1OC(C)C(=O)O,6.529160062315564,4.6373,round6,train,30
NFLMPUVACQLKMA-UHFFFAOYSA-N__BMHLYKZAFWNVSK-UHFFFAOYSA-N,train_round6,CCOC(=O)C1=CC(=CC(=C1C=O)C#N)OC(F)F,C1=CC(=C(C=C1Br)C(F)(F)F)C2=NC=C(O2)C=O,CCOC(=O)c1cc(OC(F)F)cc(C#N)c1C(=O)C(O)c1cnc(-c2ccc(Br)cc2C(F)(F)F)o1,6.345358000180577,6.7361,round6,train,37
JBIYMPLWHKNBRD-HWQGJZFYSA-N__YUPVAJWWKRYZCW-UHFFFAOYSA-N,train_round6,CC(CCN(C)/C(=C/C=C(\C)/C(=C\OCC1=CC=CC=C1)/CCC(=N)C)/CF)CC=O,CC1C(C(NC1(C)C)(C)C)C=O,CC(=N)CCC(=COCc1ccccc1)C(C)=CC=C(CF)N(C)CCC(C)CC(=O)C(O)C1C(C)C(C)(C)NC1(C)C,3.708050992211456,2.0541,round6,train,43
KVOOZKISXYTWCJ-UHFFFAOYSA-N__UGJPFIJPPASNHU-UHFFFAOYSA-N,train_round6,CC(C)(CN1CCOCC1)C=O,CC(CC=O)C1=CC(=C(C=C1O)F)Br,CC(CC(O)C(=O)C(C)(C)CN1CCOCC1)c1cc(Br)c(F)cc1O,3.304859837752758,6.6777,round6,train,26
HWIGOGQLSZBELI-UHFFFAOYSA-N__FUNLIICVZJZNNO-UHFFFAOYSA-N,train_round6,C1=CC(=C(C=C1Cl)F)C(CCl)C=O,C1=CC=C(C=C1)C2=CC(=C(C(=C2)CCCF)CC=O)CCCF,O=C(C(O)Cc1c(CCCF)cc(-c2ccccc2)cc1CCCF)C(CCl)c1ccc(Cl)cc1F,4.782127616702818,1.3989,round6,train,36
RPULQAJMRZFSBN-UHFFFAOYSA-N__WVMDULGGXQFFPT-UHFFFAOYSA-N,train_round6,CCC(C)(CC=O)C1=CC=CC(=N1)CN2C=C(N=N2)C3=NC(=NC(=C3)C4=CC=CC(=C4F)C#N)N,CC1(CCN(C1)CC=O)F,CCC(C)(CC(=O)C(O)CN1CCC(C)(F)C1)c1cccc(Cn2cc(-c3cc(-c4cccc(C#N)c4F)nc(N)n3)nn2)n1,5.0105280299473165,-2.6536,round6,mixed,45
HYJDERBGUYBFNV-UHFFFAOYSA-N__FLARGHGESJOQAM-UHFFFAOYSA-N,train_round6,CC1=C(C=C(C=C1[N+](=O)[O-])C(F)F)C=O,C1=CC(=C(C=C1C2=CC(=C(C=C2)Cl)F)C=O)[N+](=O)[O-],Cc1c(C(=O)C(O)c2cc(-c3ccc(Cl)c(F)c3)ccc2[N+](=O)[O-])cc(C(F)F)cc1[N+](=O)[O-],4.559106896006637,0.1452,round6,train,34
YXIDDEUWQUOJOT-YBFXNURJSA-N__QMKQOYCNHUTDTF-UHFFFAOYSA-N,train_round6,CC\1=C(C2=C(/C1=C/C3=CC=C(C=C3)SC)C=CC(=C2)F)CC=O,C1=CC(=CC=C1C=O)C2=NC(=NN2)C3=CC=C(C=C3)OC(C(F)(F)F)(F)F,CSc1ccc(C=C2C(C)=C(CC(=O)C(O)c3ccc(-c4nc(-c5ccc(OC(F)(F)C(F)(F)F)cc5)n[nH]4)cc3)c3cc(F)ccc32)cc1,4.447473687995472,-4.156,round6,train,50
HAQXPBTWPOUDHG-UHFFFAOYSA-N__XAEBLSVZPIGTTK-UHFFFAOYSA-N,train_round6,CS(=O)(=O)C1=C(C=NN1CC(F)F)C=O,CCCCCN1C2=CC=CC=C2C(=C1C3=CC=C(C=C3)OC)C=O,CCCCCn1c(-c2ccc(OC)cc2)c(C(O)C(=O)c2cnn(CC(F)F)c2S(C)(=O)=O)c2ccccc21,6.108124586969549,-0.3237,round6,train,39
RWAHHXMCOYTNEA-UHFFFAOYSA-N__MPWOEUPPXXAESE-UHFFFAOYSA-N,train_round6,C1=C(C(=C(C(=N1)Cl)CBr)C=O)C(F)F,CC1(CC(=NN1C2=CC=C(C=C2)F)C(=O)NC3=CC=C(C=C3)C(F)(F)F)C=O,CC1(C(O)C(=O)c2c(C(F)F)cnc(Cl)c2CBr)CC(C(=O)Nc2ccc(C(F)(F)F)cc2)=NN1c1ccc(F)cc1,3.235103926797678,5.9063,round6,train,42
LPQOVQXZSSRPGG-UHFFFAOYSA-N__SGTDAGQEFIZCHS-UHFFFAOYSA-N,train_round6,C1=CC(=C(C=C1OC(F)(F)F)C(C(=O)O)O)CCC=O,CCOCC(C=O)(F)P(=O)(OCC)OCC,CCOCC(F)(C(O)C(=O)CCc1ccc(OC(F)(F)F)cc1C(O)C(=O)O)P(=O)(OCC)OCC,5.845624971170591,4.73,round6,mixed,36
DJHBVVJNCJANBX-UHFFFAOYSA-N__SVOANPXFGNXLRQ-UHFFFAOYSA-N,train_round6,CNC1=C(C=CC(=C1)C(=O)NCCC2=CN=CS2)SC3=C(C=CC(=C3)F)C=O,CC(C)CCCOC(=O)C1=CC(=CC=C1)C(=O)OC2=CC=C(C=C2)C=O,CNc1cc(C(=O)NCCc2cncs2)ccc1Sc1cc(F)ccc1C(=O)C(O)c1ccc(OC(=O)c2cccc(C(=O)OCCCC(C)C)c2)cc1,6.280711888637004,7.3728,round6,mixed,54
VDBFWNBKYFINEU-UHFFFAOYSA-N__MYHKJXDQYXHWSJ-UHFFFAOYSA-N,train_round6,CC1=C(C=C(C=C1)COC2=C(C=C(C=C2F)C=O)F)C,COC1=C(C(=C(C=C1C=O)Cl)OC2CCC3=C(C=CC=C23)C4=C(C(=CC=C4)N)Cl)F,COc1c(C(O)C(=O)c2cc(F)c(OCc3ccc(C)c(C)c3)c(F)c2)cc(Cl)c(OC2CCc3c(-c4cccc(N)c4Cl)cccc32)c1F,5.260234648439556,3.7585,round6,mixed,50
BNGWSOWRWSOYJC-UHFFFAOYSA-N__APWHJDHTLFVWSQ-UHFFFAOYSA-N,train_round6,CC1=C(C(CC1)C=O)C2=C(C=CC(=C2)F)NS(=O)(=O)C3=C(C=C(C=C3C)C)C,C1=CC=C(C=C1)C2=CC=C(S2)C=O,CC1=C(c2cc(F)ccc2NS(=O)(=O)c2c(C)cc(C)cc2C)C(C(=O)C(O)c2ccc(-c3ccccc3)s2)CC1,6.563779592491808,0.0363,round6,mixed,41
WXRODUMCYZUALO-UHFFFAOYSA-N__CDBQXBDHTXAIRA-UHFFFAOYSA-N,train_round6,CC(CC=O)(C1=CC=CC=C1C(F)(F)F)O,C=CCCCOC1=C(C=C(C=C1)C=O)F,C=CCCCOc1ccc(C(O)C(=O)CC(C)(O)c2ccccc2C(F)(F)F)cc1F,5.827343999337385,1.696,round6,train,31
UCAXZWPSIMVVKX-UHFFFAOYSA-N__PQOKVQUSIUCNCE-INIZCTEOSA-N,train_round6,C1=C(OC(=C1)C=O)COC2=C(C(=C(C(=C2F)F)F)F)F,C[C@@H](C1=CC=CC=N1)NC2=C(C=CC(=C2)C(=C(C)N)C(=O)C)C(=N)C3=CC(=C(C=C3)C=O)F,CC(=O)C(=C(C)N)c1ccc(C(=N)c2ccc(C(O)C(=O)c3ccc(COc4c(F)c(F)c(F)c(F)c4F)o3)c(F)c2)c(NC(C)c2ccccn2)c1,3.4614198680707564,3.7492,round6,mixed,53
QVFAFFUSXQKADI-OWJIYDKWSA-N__OFOZIIVOJOAQJS-UHFFFAOYSA-N,train_round6,CC1=CC2=C(CC1(C)[C@@H](CC=O)C3=CC=CC=C3)C=NN2C4=CC=C(C=C4)F,CCOC1=CC=C(C=C1)C(=O)C(=O)C2=CC=CC=C2C=O,CCOc1ccc(C(=O)C(=O)c2ccccc2C(O)C(=O)CC(c2ccccc2)C2(C)Cc3cnn(-c4ccc(F)cc4)c3C=C2C)cc1,5.5360960287335175,-1.9461,round6,mixed,49
HHRYJTQDOJCUMQ-DKCNOQQISA-N__AYONTZGQIVZZFF-ZJUUUORDSA-N,train_round6,C[C@@H]([C@H]([C@H](CC=O)OC)OC(=O)CCC(=O)O)O,C=CC[C@@H]1CCCC[C@H]1C=O,C=CCC1CCCCC1C(O)C(=O)CC(OC)C(OC(=O)CCC(=O)O)C(C)O,3.88214011348528,2.223,round6,train,29
BMZRMCZALYRPDO-UHFFFAOYSA-N__SQXZCXNLZWAFNZ-UHFFFAOYSA-N,train_round6,CC(C)(C=O)OC(C)(C)C(=O)CC1=C(C=CC(=C1)C2=C(C=C(C=C2)Cl)F)C3CC3,CC(C=O)SC1=CC=CC(=C1N)F,CC(Sc1cccc(F)c1N)C(O)C(=O)C(C)(C)OC(C)(C)C(=O)Cc1cc(-c2ccc(Cl)cc2F)ccc1C1CC1,5.774235366207883,3.8204,round6,train,42
OUIMIEOYKQYEGV-UHFFFAOYSA-N__IXMMBPWOHZOEEQ-UHFFFAOYSA-N,train_round6,CCOC(=O)C1=NN(C(=C1CC=O)Cl)CC2=CC(=CN=C2)F,C1=CC=C(C=C1)C2=C(N(C(=C2C(=O)NC3=CC=CC=C3)C4=CC=C(C=C4)F)CCC=O)C(F)(F)F,CCOC(=O)c1nn(Cc2cncc(F)c2)c(Cl)c1CC(=O)C(O)CCn1c(-c2ccc(F)cc2)c(C(=O)Nc2ccccc2)c(-c2ccccc2)c1C(F)(F)F,3.2155786433752382,3.4014,round6,mixed,57
CTJIVISVEYYFHX-UHFFFAOYSA-N__SVDAFOUTWJGQSO-JZJYNLBNSA-N,train_round6,CCCCCC1=CN(N=N1)CC2CC3=C(O2)C=CC(=C3)C=O,CC1=CC=C(C=C1)S(=O)(=O)N2CC(/C(=C\[Si](C)(C)C3=CC=CC=C3)/C2)CC=O,CCCCCc1cn(CC2Cc3cc(C(=O)C(O)CC4CN(S(=O)(=O)c5ccc(C)cc5)CC4=C[Si](C)(C)c4ccccc4)ccc3O2)nn1,5.247923699797396,3.8109,round6,mixed,50
ANRLIOGQQSHLEP-UHFFFAOYSA-N__XBWPQVJANGAQCA-UHFFFAOYSA-N,train_round6,CC(CC=O)C1=CC(=C(C=C1F)SC)F,CC(=O)CSC1=C(C=CC(=C1C=O)C(F)(F)F)C2CC2,CSc1cc(F)c(C(C)CC(=O)C(O)c2c(C(F)(F)F)ccc(C3CC3)c2SCC(C)=O)cc1F,7.093216129366178,-4.0079,round6,train,35
WJBZWNCQEMMYGD-UHFFFAOYSA-N__LVUYMRFXWHRZIB-UHFFFAOYSA-N,train_round6,CC(C)CN1C=C(C(=N1)C2=CC(=C(C=C2)OC)F)C=O,CN1CCC(CC1)C2=CC=C(C=C2)NC3=C4C(NC=CC4=CC(=N3)N5CCC(CC5)C(F)(F)F)C=O,COc1ccc(-c2nn(CC(C)C)cc2C(=O)C(O)C2NC=Cc3cc(N4CCC(C(F)(F)F)CC4)nc(Nc4ccc(C5CCN(C)CC5)cc4)c32)cc1F,3.3879403070500365,-4.1559,round6,train,56
ZORFQZSEPOGNNH-UHFFFAOYSA-N__VWRBZOMHNKMTRP-UHFFFAOYSA-N,train_round6,C1CNCCC1OC2=C(C=C3C(=C2)C=C(N3)C=O)C4=CC=CC=C4C(F)(F)F,COC(=O)C1CCN(C1)C2=CN=CC(=C2C=O)F,COC(=O)C1CCN(c2cncc(F)c2C(O)C(=O)c2cc3cc(OC4CCNCC4)c(-c4ccccc4C(F)(F)F)cc3[nH]2)C1,3.225626976655905,3.5131,round6,mixed,46
VTWLJEYISJRGTH-UHFFFAOYSA-N__QOEFBMMCCQGUFW-UHFFFAOYSA-N,train_round6,C1CN(CCN1C2=CC=CC=C2F)C3=NC(C4=C(S3)C(=CC(=C4)C(F)(F)F)[N+](=O)[O-])C=O,CC1(OC2=CC=CC(=C2C(=O)O1)CC=O)C,CC1(C)OC(=O)c2c(CC(O)C(=O)C3N=C(N4CCN(c5ccccc5F)CC4)Sc4c3cc(C(F)(F)F)cc4[N+](=O)[O-])cccc2O1,3.425712635704146,1.806,round6,mixed,48
GKKFGBJJRVOGPU-UHFFFAOYSA-N__OCNJQVRFLPDZIB-UHFFFAOYSA-N,train_round6,CC(CC=O)N1CCN(CC1)C(=O)OCC2=CC=CC=C2F,CCOC1=C(C=CC(=C1)C(C)(C)C=O)OC(F)F,CCOc1cc(C(C)(C)C(O)C(=O)CC(C)N2CCN(C(=O)OCc3ccccc3F)CC2)ccc1OC(F)F,4.497406731510042,4.7354,round6,train,40
DIJWDSOLQUVBTQ-UHFFFAOYSA-N__XXKZXEMFZGYVKP-UHFFFAOYSA-N,train_round6,C1=C(N=CC(=C1OC(F)(F)F)I)C=O,C1=CC=C(C=C1)CCC2=CC3=C(C=C2)OC=C(C3=O)C=O,O=C(c1cc(OC(F)(F)F)c(I)cn1)C(O)c1coc2ccc(CCc3ccccc3)cc2c1=O,4.0475884733117615,9.7208,round6,mixed,35
ZPAASEXUMCLZAV-UHFFFAOYSA-N__HISNCQXDVRYJHM-UHFFFAOYSA-N,train_round6,C1CCC2(C1)CCN(CC2)C3=C4C=C(C=CC4=NC=C3C=O)F,C1=C(NC(=C(C1=O)C=O)C(F)F)I,O=C(c1cnc2ccc(F)cc2c1N1CCC2(CCCC2)CC1)C(O)c1c(C(F)F)[nH]c(I)cc1=O,6.190166839552364,2.4596,round6,train,36
WGKZGYWVJYXTQF-UHFFFAOYSA-N__VWXLTKJCWZRBGO-YFKPBYRVSA-N,train_round6,COC1=C(C(=C(C(=C1)C=O)C2=CC(=C(C=C2)F)F)OC)OC,C(C[C@@H](CF)O)C=O,COc1cc(C(=O)C(O)CCC(O)CF)c(-c2ccc(F)c(F)c2)c(OC)c1OC,5.931429916537683,5.9915,round6,mixed,30
SICCPCWPYFZINN-UHFFFAOYSA-N__ZNSREUIGCPVJAW-UHFFFAOYSA-N,train_round6,C1=CC(=CC=C1C(CN)(C=O)F)OS(=O)(=O)C(F)(F)F,C1=CC(=C(C(=C1)F)Cl)CC2=CC=C(C=C2)C=O,NCC(F)(C(=O)C(O)c1ccc(Cc2cccc(F)c2Cl)cc1)c1ccc(OS(=O)(=O)C(F)(F)F)cc1,6.489743885037073,-0.4423,round6,train,37
YPLOJEMOUOYBAN-UHFFFAOYSA-N__YDXYYFSTPUTFQP-UHFFFAOYSA-N,train_round6,CC1(CC=CC1(C)C=O)C,C1=CC=C(C(=C1)C(C=O)C2=CC=C(C=C2)F)S,CC1(C)CC=CC1(C)C(=O)C(O)C(c1ccc(F)cc1)c1ccccc1S,4.093109250382705,3.1021,round6,train,27
MLAMJTHLDDMHCE-UHFFFAOYSA-N__CVGMMFGCJPNXDC-UHFFFAOYSA-N,train_round6,C1=CC(=C(C=C1C2=CC(=C(C=C2F)F)F)C=O)F,C1=CC=C2C(=C1)C(=NC(=N2)C(F)F)OC3=CC(=C(C=C3)Br)C=O,O=C(c1cc(-c2cc(F)c(F)cc2F)ccc1F)C(O)c1cc(Oc2nc(C(F)F)nc3ccccc23)ccc1Br,6.359027705772096,3.2783,round6,train,41
AHMFAOXSMZIGBB-FQEVSTJZSA-N__QKNCJGMIWUQWEN-MOENNCHZSA-N,train_round6,CC1=CC=C(C=C1)CNC(=O)[C@H](COC2=CC=CC(=C2)C=O)NC(=O)OC(C)(C)C,CC(=O)C[C@@H]1CC2CCC1(CC2)C=O,CC(=O)CC1CC2CCC1(C(O)C(=O)c1cccc(OCC(NC(=O)OC(C)(C)C)C(=O)NCc3ccc(C)cc3)c1)CC2,6.985921910790912,-0.1001,round6,train,44
OYITWICZVIKYRE-UHFFFAOYSA-N__VRAOHXWLGGQXHJ-UHFFFAOYSA-N,train_round6,C1CC2=C(C=CC=C2N(C1)CCCC3=CC=CC=C3)CNC4=CC(=C(C=C4)CCC=O)F,C1CC1(C=O)C2=CNC3=C2C(=CC=C3)F,O=C(CCc1ccc(NCc2cccc3c2CCCN3CCCc2ccccc2)cc1F)C(O)C1(c2c[nH]c3cccc(F)c23)CC1,6.168877930083447,3.0113,round6,train,47
XRFPVNKWUYEGCU-UHFFFAOYSA-N__IYOIWKRAXKXUPF-UHFFFAOYSA-N,train_round6,C1CC(C2=C(C1)N=C(S2)C=O)F,CCC(C)(C)C(C=O)C(=C)[Si](C)(C)C1=CC=CC=C1,C=C(C(C(O)C(=O)c1nc2c(s1)C(F)CCC2)C(C)(C)CC)[Si](C)(C)c1ccccc1,4.407279361112626,-2.6242,round6,train,31
XMUOXJKVBJPNEA-VKHMYHEASA-N__RIRUOTVJPURMME-UHFFFAOYSA-N,train_round6,C([C@@H](C=O)O)I,CCOC(=O)CCC1=C(NC(=C1C)C=O)C(=O)OCC,CCOC(=O)CCc1c(C(=O)OCC)[nH]c(C(O)C(=O)C(O)CI)c1C,4.1893913756416605,8.6213,round6,mixed,26
YLZGRTNYHJAWLF-RIYZIHGNSA-N__YOAUJAQFSQQOGE-UHFFFAOYSA-N,train_round6,C1=CC=C(C(=C1)C=O)OC/C(=C/C2=CC(=CC=C2)Cl)/C#N,C1=C(C(=CN=C1C(F)(F)F)I)C=O,N#CC(=Cc1cccc(Cl)c1)COc1ccccc1C(=O)C(O)c1cc(C(F)(F)F)ncc1I,3.1763590569716245,0.1226,round6,train,34
DJQVMEDIAQBVKS-UHFFFAOYSA-N__JXENNPDJVAEGFJ-BCCVMWATSA-N,train_round6,C1C=C(C=NC(=N1)CN2C=C(N=C2C=O)C(F)(F)F)Cl,C[C@]12CC[C@H]3[C@H]([C@@H]1CCC2=O)CCC4=C3C=CC(=C4)OC(=O)C5=CC=C(C=C5)CCC=O,CC12CCC3c4ccc(OC(=O)c5ccc(CCC(O)C(=O)c6nc(C(F)(F)F)cn6CC6=NCC=C(Cl)C=N6)cc5)cc4CCC3C1CCC2=O,4.814035655323974,-2.9217,round6,mixed,52
SBHWMMRZGSJHAP-UHFFFAOYSA-N__IFZKWAZBBACVGL-UHFFFAOYSA-N,train_round6,COC1=C(C=C(C=C1)CC(=O)OC)C2=C(C=C(C=C2)CC(F)(F)F)C=O,CC1=C(C=C2C=CC(=C(C2=N1)F)F)OC3=C(C(=CC=C3)F)C=O,COC(=O)Cc1ccc(OC)c(-c2ccc(CC(F)(F)F)cc2C(=O)C(O)c2c(F)cccc2Oc2cc3ccc(F)c(F)c3nc2C)c1,5.989715512356802,-1.7894,round6,train,49
WXHQRSIFNSOVMT-UHFFFAOYSA-N__RFVWIFCDNQFMFT-UHFFFAOYSA-N,train_round6,CC(C)CC(C=O)SC1=NC(=CC(=N1)OC)OC,COC1=C(C=C(C=C1C2(CC2)C(F)F)C3=C(N=CC=C3)OC)C=O,COc1cc(OC)nc(SC(CC(C)C)C(=O)C(O)c2cc(-c3cccnc3OC)cc(C3(C(F)F)CC3)c2OC)n1,3.2707186282492824,-6.3854,round6,mixed,42
ITEDFSRLOPVSCX-UHFFFAOYSA-N__ZICQNTTYCJZQEK-UHFFFAOYSA-N,train_round6,COC1=CC=C(C=C1)CN2C=C(N=C2C=O)C3=CC=CC=C3,C1=CC(=C(C=C1Br)C#CCC=O)F,COc1ccc(Cn2cc(-c3ccccc3)nc2C(=O)C(O)CC#Cc2cc(Br)ccc2F)cc1,3.58102930018156,-2.5636,round6,train,35
ULILIINWLOEKKD-UHFFFAOYSA-N__MYVVWISUTVQKRF-UHFFFAOYSA-N,train_round6,C1CC(OC1)CN(CC2=CC=C(C=C2)F)CC(COC3=CC=CC=C3C=O)O,C1CCC(=CCCCCC=O)CC1,O=C(c1ccccc1OCC(O)CN(Cc1ccc(F)cc1)CC1CCCO1)C(O)CCCCC=C1CCCCC1,4.42490689917381,7.527,round6,train,41
PTXWZLDJJGBMCO-UHFFFAOYSA-N__DWOWLCHHOHLBET-OGLMXYFKSA-N,train_round6,CC(CC1=C(C=CN=C1)C(=O)NC2=C3CCCNC3=C(C(=C2)CCC=O)NC)(F)F,CC1=C(C=CC(=C1)/C(=N/OCC2=CC(=C(C=C2)C3CCCCC3)C(F)(F)F)/C)C=O,CNc1c(CCC(=O)C(O)c2ccc(C(C)=NOCc3ccc(C4CCCCC4)c(C(F)(F)F)c3)cc2C)cc(NC(=O)c2ccncc2CC(C)(F)F)c2c1NCCC2,4.056075870169134,3.8726,round6,train,60
LXXAKIHMGMBKAQ-UHFFFAOYSA-N__BKWTZRLYVUDYIT-UHFFFAOYSA-N,train_round6,C1=CC(=NC(=C1CCl)C(F)F)C=O,C1=CC(=C(C=C1Cl)C=O)C2=CN=C(C=C2)F,O=C(c1ccc(CCl)c(C(F)F)n1)C(O)c1cc(Cl)ccc1-c1ccc(F)nc1,4.417114573070475,2.6232,round6,train,29
QPSRUQSZNIAXER-UHFFFAOYSA-N__VUUGJKYCPCCQSO-UHFFFAOYSA-N,train_round6,C1CN(CC=C1C2=C(C=C(C=C2)N3CCOC3(CO)C=O)F)CC4=CC=CC=C4,CC1=CC=C(C=C1)N2C=C(C(=C(C2=O)CCCl)Cl)C=O,Cc1ccc(-n2cc(C(O)C(=O)C3(CO)OCCN3c3ccc(C4=CCN(Cc5ccccc5)CC4)c(F)c3)c(Cl)c(CCCl)c2=O)cc1,5.83261866848497,5.0226,round6,mixed,49
ZBTIIZPKPPJKEM-UHFFFAOYSA-N__IBNGNWUMSSVCEX-UHFFFAOYSA-N,train_round6,C1=CC(=C(N=C1)OC2=CC(=C(C=C2)F)Br)C=O,CC1=CN(C2=CC(=C(C(=C12)CC=O)OC)Cl)C(=O)C3=CC=CC=C3,COc1c(Cl)cc2c(c(C)cn2C(=O)c2ccccc2)c1CC(O)C(=O)c1cccnc1Oc1ccc(F)c(Br)c1,3.166495175210968,-2.3586,round6,train,41
ILVWVGNANSNAJO-UHFFFAOYSA-N__NNIICZRGYZXGIP-UHFFFAOYSA-N,train_round6,COC(=O)C1=C(C(=C(C=C1C=O)F)F)NC2=CC=CC=C2Cl,C1CC2=CC(=C(C(=C2SC1)C=O)F)Cl,COC(=O)c1c(C(=O)C(O)c2c(F)c(Cl)cc3c2SCCC3)cc(F)c(F)c1Nc1ccccc1Cl,5.217414883497896,1.9077,round6,train,36
FZEJFNTUCAPSNJ-UHFFFAOYSA-N__OYNHEUGSEWDFGZ-UHFFFAOYSA-N,train_round6,C1=CC(=CC=C1C2=CC(=NC(=N2)SC3=CC=C(O3)C=O)C(F)(F)F)Cl,C1CC1(C=O)C(=O)NC2=CC=CC=C2F,O=C(c1ccc(Sc2nc(-c3ccc(Cl)cc3)cc(C(F)(F)F)n2)o1)C(O)C1(C(=O)Nc2ccccc2F)CC1,6.586665251489084,1.1156,round6,train,40
TXXSBHRUVZDVJS-AWEZNQCLSA-N__SZCXAZKBIIUIHU-UHFFFAOYSA-N,train_round6,CC(=O)NC[C@H]1CN(C(=O)O1)C2=CC(=C(C=C2)C3=NC=C(C=C3)C=O)F,CNC(C1=C(C=CC(=C1)CF)Cl)C2=C(C=C3CCCC3=C2C=O)[N+](=O)[O-],CNC(c1cc(CF)ccc1Cl)c1c([N+](=O)[O-])cc2c(c1C(O)C(=O)c1ccc(-c3ccc(N4CC(CNC(C)=O)OC4=O)cc3F)nc1)CCC2,4.866884720791682,2.5333,round6,train,52
DSSYYHMUQSQPHC-GFCCVEGCSA-N__IODYCYMGNDCNBZ-UHFFFAOYSA-N,train_round6,CCCCCC[C@H](CC=O)[Si](C)(C)C,COC1=CC(=C(C(=C1)OC)C=O)CCNC(=O)C(F)(F)F,CCCCCCC(CC(=O)C(O)c1c(CCNC(=O)C(F)(F)F)cc(OC)cc1OC)[Si](C)(C)C,5.3542510564212735,3.1228,round6,mixed,35
JDDCALMOLZRIFC-UHFFFAOYSA-N__AWIOAXGWNPTNFN-UHFFFAOYSA-N,train_round6,CC1(CCCN(CC1)C2=CC(=C(C=C2)C=O)C(F)(F)F)C,C1=CC=C(C=C1)COC2=CC(=C(C=C2)C=O)OC(F)(F)F,CC1(C)CCCN(c2ccc(C(=O)C(O)c3ccc(OCc4ccccc4)cc3OC(F)(F)F)c(C(F)(F)F)c2)CC1,5.656698386849466,6.9769,round6,train,42
SUJICNGVSVRGON-XUQKIGAKSA-N__KFPMXRGRVOUGGP-BQYQJAHWSA-N,train_round6,CC([C@H]([C@H]([C@@](C)([C@H](C=O)O)O)O)O)O,C1=CC=C(C(=C1)CC(/C=C/C2=CC3=C(C=C2)OC(C(O3)(F)F)(F)F)(F)F)C=O,CC(O)C(O)C(O)C(C)(O)C(O)C(=O)C(O)c1ccccc1CC(F)(F)C=Cc1ccc2c(c1)OC(F)(F)C(F)(F)O2,6.300291918043733,5.7084,round6,mixed,42
BOYHQZSXPYUMTI-UHFFFAOYSA-N__YVOOGOHCKLWCPJ-GDLZYMKVSA-N,train_round6,CC(CCCC(CC1=CC=CC=C1)C=O)O,C[C@@]1(CCCC2=CC(=C(C(=C21)OCC3=CC=CC=C3)C(=O)OC)OCC4=CC=CC=C4)CC=O,COC(=O)c1c(OCc2ccccc2)cc2c(c1OCc1ccccc1)C(C)(CC(O)C(=O)C(CCCC(C)O)Cc1ccccc1)CCC2,4.396642114064385,-0.145,round6,mixed,50
ANVJARPTPIVPRC-UHFFFAOYSA-N__FHYFOEYJVAVBOF-UHFFFAOYSA-N,train_round6,C1=CC2=NSN=C2C(=C1)C=O,CC1=C(C=C(C=C1)CN(C)C(CC2=CNC3=C2C(=C(C=C3)F)[N+](=O)[O-])C(=O)N(C)CC=O)O,Cc1ccc(CN(C)C(Cc2c[nH]c3ccc(F)c([N+](=O)[O-])c23)C(=O)N(C)CC(O)C(=O)c2cccc3nsnc23)cc1O,6.700589420568891,-3.3975,round6,mixed,44
UIAZSGNSSAUGCQ-UHFFFAOYSA-N__GPSHYSOJRNJXHO-UHFFFAOYSA-N,train_round6,C1=CC(=C(C=C1C=O)OC(F)(F)F)S(=O)(=O)N,CC1=C(C=CC(=C1C=O)C(=O)NCC2=CC=CC=C2F)OC,COc1ccc(C(=O)NCc2ccccc2F)c(C(O)C(=O)c2ccc(S(N)(=O)=O)c(OC(F)(F)F)c2)c1C,6.022362186166456,1.4293,round6,train,39
NNBTWXDMWKOGQH-UHFFFAOYSA-N__AMLMDSSSXXZMRK-UHFFFAOYSA-N,train_round6,CC(C)OC1=CC=CC(=C1C=O)OC,C1=CC=C(C(=C1)C2=C(C=CC(=N2)C(F)(F)F)C=O)OC(F)(F)F,COc1cccc(OC(C)C)c1C(=O)C(O)c1ccc(C(F)(F)F)nc1-c1ccccc1OC(F)(F)F,3.60461258210591,-0.7479,round6,train,37
OJZZMRKWADCKOJ-UHFFFAOYSA-N__PHMMVZKHVFBCKH-UHFFFAOYSA-N,train_round6,CC(C)(C=O)N(CCCOC1=C(C=C(C=C1)C2=NC(=C3C(=C2)N(C=N3)C)C#N)C(F)(F)F)C=N,C1C(C2=CC=CC=C2N1CC=O)(F)F,Cn1cnc2c(C#N)nc(-c3ccc(OCCCN(C=N)C(C)(C)C(=O)C(O)CN4CC(F)(F)c5ccccc54)c(C(F)(F)F)c3)cc21,6.436317605134203,8.3391,round6,mixed,48
HFXWFSWEAKFHNL-UHFFFAOYSA-N__VNIALCYPXMCJBV-UHFFFAOYSA-N,train_round6,CCCCC(C1=CC=CC(=N1)C2=CC=C(C=C2)C(F)(F)F)OC3=CC(=C(C=C3)C=O)Cl,CC1CN(CCC1(C2=C(N=CC(=C2)Br)F)F)CC=O,CCCCC(Oc1ccc(C(=O)C(O)CN2CCC(F)(c3cc(Br)cnc3F)C(C)C2)c(Cl)c1)c1cccc(-c2ccc(C(F)(F)F)cc2)n1,3.393928015462606,3.4058,round6,mixed,50
OXOSQONPAQBFAR-UHFFFAOYSA-N__XPNPNOFFLZDBAC-UHFFFAOYSA-N,train_round6,CC1C(C(=NO1)C)C2=CC3=C(C=C2)C(=O)C=C(N3C4=C(C=C(C=C4)F)F)C=O,CN1C(=C(N=N1)C(=O)O)C=O,CC1=NOC(C)C1c1ccc2c(=O)cc(C(=O)C(O)c3c(C(=O)O)nnn3C)n(-c3ccc(F)cc3F)c2c1,4.271736441932237,1.3336,round6,mixed,39
QZDAQHFEOPSFAV-UHFFFAOYSA-N__FGXZAXRSVBSSCB-UHFFFAOYSA-N,train_round6,CC1=C(C=CC(=C1)F)CNC2=NC=CC3=C2N(C(=C3C=O)C)CC(C)C,C1=CC=C(C(=C1)C#N)OCCCCC=O,Cc1cc(F)ccc1CNc1nccc2c(C(=O)C(O)CCCCOc3ccccc3C#N)c(C)n(CC(C)C)c12,3.199723484012098,5.4436,round6,train,41
KIRFOWFHRSSEJN-PUTMMCKPSA-N__QEHQJVKJNPVSCC-UHFFFAOYSA-N,train_round6,CC(C)[C@@](CO[C@H]1C[C@@H](O[C@@]1(CO)C#C)N2C=NC3=C(N=C(N=C32)F)N)(C=O)N,CC1CC2=C(O1)C=CC(=C2)C(C=O)C(F)(F)F,C#CC1(CO)OC(n2cnc3c(N)nc(F)nc32)CC1OCC(N)(C(=O)C(O)C(c1ccc2c(c1)CC(C)O2)C(F)(F)F)C(C)C,3.9144508658211934,6.7147,round6,train,46
LKIZYDGGNNVTEB-UHFFFAOYSA-N__QNGWDMVIWHHSNX-UHFFFAOYSA-N,train_round6,C1CC(CCN(C1)C2=CC=CC=C2C=O)F,COC(=O)CC1=C(C(=CC(=C1)C#N)C(F)(F)F)C=O,COC(=O)Cc1cc(C#N)cc(C(F)(F)F)c1C(O)C(=O)c1ccccc1N1CCCC(F)CC1,5.739355383901883,0.6038,round6,train,35
RJFASHQVIIGEJI-NVNXTCNLSA-N__VOZJVZWOFPNMPX-UHFFFAOYSA-N,train_round6,C1=CC(=CC(=C1)F)N2C(=O)/C(=C/C3=CC=C(C=C3)C=O)/SC2=S,CC1=C(C(=C(C(=C1F)C=O)C(=O)OC)F)C,COC(=O)c1c(F)c(C)c(C)c(F)c1C(O)C(=O)c1ccc(C=C2SC(=S)N(c3cccc(F)c3)C2=O)cc1,6.68623620109063,6.2238,round6,mixed,39
UAYLODWTIKTPCG-UHFFFAOYSA-N__FOCOHKLADOVWKA-UHFFFAOYSA-N,train_round6,C1=CC=C2C(=C1)C(=CN=C2C=O)OC3=C(C=C(C=C3)C(=O)N)F,C1=CC(=C(C=C1C2C(C2(Cl)Cl)(CO)C=O)C(F)F)F,NC(=O)c1ccc(Oc2cnc(C(=O)C(O)C3(CO)C(c4ccc(F)c(C(F)F)c4)C3(Cl)Cl)c3ccccc23)c(F)c1,4.054251147561387,6.2981,round6,train,42
QMKQOYCNHUTDTF-UHFFFAOYSA-N__YXIDDEUWQUOJOT-YBFXNURJSA-N,train_round6,C1=CC(=CC=C1C=O)C2=NC(=NN2)C3=CC=C(C=C3)OC(C(F)(F)F)(F)F,CC\1=C(C2=C(/C1=C/C3=CC=C(C=C3)SC)C=CC(=C2)F)CC=O,CSc1ccc(C=C2C(C)=C(CC(O)C(=O)c3ccc(-c4nc(-c5ccc(OC(F)(F)C(F)(F)F)cc5)n[nH]4)cc3)c3cc(F)ccc32)cc1,4.335466579607566,-2.6405,round6,train,50
DSNPBOXAKDWRKA-UHFFFAOYSA-N__SRKLWQVRRXSUHP-UHFFFAOYSA-N,train_round6,CCN(CC)CCSC1=CC(=CC(=C1)F)C=O,COC1=C(C(=CC(=C1)I)F)C=O,CCN(CC)CCSc1cc(F)cc(C(=O)C(O)c2c(F)cc(I)cc2OC)c1,3.11218223001715,3.4778,round6,train,29
DFGATMLFZICVHD-UHFFFAOYSA-N__COPITHNTSGBMEJ-UHFFFAOYSA-N,train_round6,C1=CC(=C(C(=C1C(F)(F)F)F)C=O)N,COC1=CC=CC(=C1)COC2=C(C=CC=C2F)C=O,COc1cccc(COc2c(F)cccc2C(O)C(=O)c2c(N)ccc(C(F)(F)F)c2F)c1,7.147635148364524,6.1741,round6,train,33
VBMHNNTXEVJGJO-UHFFFAOYSA-N__XOJIDQXQWSUJQU-UHFFFAOYSA-N,train_round6,CC1(CCN(C1)C2=CC(=NC=C2C=O)C(F)(F)F)NC(=O)O,C1COC2=CC(=C(C=C2C1C=O)F)O,CC1(NC(=O)O)CCN(c2cc(C(F)(F)F)ncc2C(=O)C(O)C2CCOc3cc(O)c(F)cc32)C1,3.833914102124075,6.5806,round6,train,36
JFNOISOIWLCVCY-UHFFFAOYSA-N__JLTLPSWYIAEFKA-UHFFFAOYSA-N,train_round6,CC1=CC=C(C=C1)N2C(=C(N=C2N3CCC4=CC=CC=C4C3)Cl)C=O,C1=CC(=CC=C1C=O)C(=O)OC2=CC3=C(C=C2)C=C(C=C3)C(=N)N,Cc1ccc(-n2c(N3CCc4ccccc4C3)nc(Cl)c2C(=O)C(O)c2ccc(C(=O)Oc3ccc4cc(C(=N)N)ccc4c3)cc2)cc1,6.733055739533212,7.1514,round6,train,49
UUJDAAUXWRPMRE-UHFFFAOYSA-N__CRJWJEBGNGSAHW-UHFFFAOYSA-N,train_round6,CC(CC=O)C1=CC(=C(C=C1)S(=O)(=O)C2CC2)F,C1=CC(=CC=C1C=O)C#CC2=CN=CN=C2,CC(CC(=O)C(O)c1ccc(C#Cc2cncnc2)cc1)c1ccc(S(=O)(=O)C2CC2)c(F)c1,4.846428859007368,-2.0498,round6,mixed,34
AOFBGNDZXIKFSX-SNVBAGLBSA-N__FHTLVSZERPHHRQ-UHFFFAOYSA-N,train_round6,C1CC(C1)(C=O)C2=CCC[C@H](C2)C(F)(F)F,C1=CNC(=C1)C2=NN(C=C2C=O)C3=CC=C(C=C3)F,O=C(C(O)c1cn(-c2ccc(F)cc2)nc1-c1ccc[nH]1)C1(C2=CCCC(C(F)(F)F)C2)CCC1,5.658306344465973,2.2804,round6,mixed,35
XIRSLMFFJKUNII-UHFFFAOYSA-N__ZOSTYHQCOXCMBY-LSLKUGRBSA-N,train_round6,COCCOC1=CC2=C(C=C1)N(C=N2)C3=NC4=C(C=CC=C4N5CCN(CC5)C(C=O)N)C=C3,CC(C)(C)C(C[C@@H](C=O)NC(=O)OCC1=CC=CC=C1)C(=O)O,COCCOc1ccc2c(c1)ncn2-c1ccc2cccc(N3CCN(C(N)C(=O)C(O)C(CC(C(=O)O)C(C)(C)C)NC(=O)OCc4ccccc4)CC3)c2n1,4.401046903907293,4.1873,round6,mixed,57
XGLYYTTZDQQNPF-UHFFFAOYSA-N__CMOCEULWRYSFTQ-UHFFFAOYSA-N,train_round6,CC1=C(NC(=C1C(=O)C)C)C=O,C1CC2=C(C(=C(N2C1)CC=O)C3=CC=CC=C3)C4=CC=CC=C4,CC(=O)c1c(C)[nH]c(C(=O)C(O)Cc2c(-c3ccccc3)c(-c3ccccc3)c3n2CCC3)c1C,3.477392817335636,0.7583,round6,mixed,35
WDTQFNKWRRRTQU-UHFFFAOYSA-N__RECLLSQMOGIXAW-AZGAKELHSA-N,train_round6,CC1=C(C=C(C=C1)C2(CC2)C=O)C(F)(F)F,CC[C@H]([C@@H](CC=O)C(C)C)OC(=O)C1=CC=CC=C1P(C2=CC=CC=C2)C3=CC=CC=C3,CCC(OC(=O)c1ccccc1P(c1ccccc1)c1ccccc1)C(CC(O)C(=O)C1(c2ccc(C)c(C(F)(F)F)c2)CC1)C(C)C,3.571432389203661,1.8343,round6,train,48
IJYRLQFWSXHLJA-ZDUSSCGKSA-N__WUQFTTLUNKDNAG-UHFFFAOYSA-N,train_round6,CC(C)(C)OC(=O)N[C@@H](COC(C)(C)C(F)(F)F)C1=CN2C(=N1)C=C(C=N2)C=O,C1=C(C(=C(C(=N1)I)C=O)OC(F)(F)F)O,CC(C)(C)OC(=O)NC(COC(C)(C)C(F)(F)F)c1cn2ncc(C(=O)C(O)c3c(I)ncc(O)c3OC(F)(F)F)cc2n1,4.894574938591947,6.7826,round6,train,44
WBGSXOIEQCLHKW-UHFFFAOYSA-N__BQOIDMGTZKMHQT-UHFFFAOYSA-N,train_round6,C1=CC(=CC=C1C=O)N2C=C(C(=N2)C(F)F)NC(=O)C3=COC(=C3)C4=CC=NC=C4,CCCCCCN1C2=CC=CC=C2C3=C1N=C(C(=C3Cl)C=O)C4=CC=CC=C4,CCCCCCn1c2ccccc2c2c(Cl)c(C(O)C(=O)c3ccc(-n4cc(NC(=O)c5coc(-c6ccncc6)c5)c(C(F)F)n4)cc3)c(-c3ccccc3)nc21,5.505224988846384,4.9327,round6,mixed,58
RDQWXLRKYMCSIE-UHFFFAOYSA-N__IPBAMCCUQARTHE-UHFFFAOYSA-N,train_round6,C1=C(C(=NC(=C1N)N)C=O)C(F)F,C1=CC(=C(C=C1C2=C(C=CC(=N2)C=O)F)Cl)Cl,Nc1cc(C(F)F)c(C(=O)C(O)c2ccc(F)c(-c3ccc(Cl)c(Cl)c3)n2)nc1N,7.013460526659248,2.7581,round6,train,30
BWYYDWNBXVCPPH-UHFFFAOYSA-N__SZAAPTJOXXRFHG-GBMDQUGASA-N,train_round6,C1=C(C(=C(C=N1)C(F)F)Cl)C=O,C[C@@H](C=O)C1CCC2CC3=C4C2([C@]1(CC[C@H](N4C5=CC=CC=C35)O)C)C,CC(C(O)C(=O)c1cncc(C(F)F)c1Cl)C1CCC2Cc3c4n(c5ccccc35)C(O)CCC1(C)C42C,3.891117365696112,3.5406,round6,mixed,38
OPQUWTLDSZNQSY-UHFFFAOYSA-N__AUWCABQCNJBQJU-UHFFFAOYSA-N,train_round6,CC(C=O)(C1=CC(=C(C(=C1)Cl)Cl)Cl)F,C1=CC(=C(C=C1C(F)(F)F)C(F)(F)F)COC2=CC(=C(C=C2)C=O)Cl,CC(F)(C(=O)C(O)c1ccc(OCc2ccc(C(F)(F)F)cc2C(F)(F)F)cc1Cl)c1cc(Cl)c(Cl)c(Cl)c1,4.625382457067576,0.9717,round6,train,39
ZRDMZJIRUYEANH-UHFFFAOYSA-N__FVIUEFGQEKDTLG-UHFFFAOYSA-N,train_round6,CC(C)(C)OC(=O)NC1=CC(=CC(=N1)C=O)N2CCC(CC2)(F)F,C1=CC=C(C=C1)C2=NN3C(=CC=NC3=C2C=O)C4=CC(=CC=C4)C(F)(F)F,CC(C)(C)OC(=O)Nc1cc(N2CCC(F)(F)CC2)cc(C(=O)C(O)c2c(-c3ccccc3)nn3c(-c4cccc(C(F)(F)F)c4)ccnc23)n1,6.36110556228272,4.5451,round6,mixed,51
PUTJFIQGLGDLIT-RNDOZLNUSA-N__ZDYSPIWJBFWKCN-UHFFFAOYSA-N,train_round6,C[C@]12CCCC([C@@H]1CC[C@@]3([C@@H]2C[C@]([C@H]3C[C@@H](C4=COC=C4)O)(C)C=O)C)(C)C,CCS(=O)C1=C(C=C(C=C1)Cl)CNC(=O)C2=CC(=C(C(=C2)Cl)C=O)C(F)(F)F,CCS(=O)c1ccc(Cl)cc1CNC(=O)c1cc(Cl)c(C(O)C(=O)C2(C)CC3C4(C)CCCC(C)(C)C4CCC3(C)C2CC(O)c2ccoc2)c(C(F)(F)F)c1,3.8760894658817446,4.1967,round6,mixed,56
DMBVRPLOYSLLBO-UHFFFAOYSA-N__OWJMNNILOKQPFI-UHFFFAOYSA-N,train_round6,C1CCC2=C(C1)C=CC(=C2)C3=C(C=CC(=C3)C=O)F,CC1=NN(C2=C1C(=C(C(=N2)Cl)C=O)C3=CC=C(C=C3)OC)C4=CC=CC=C4,COc1ccc(-c2c(C(O)C(=O)c3ccc(F)c(-c4ccc5c(c4)CCCC5)c3)c(Cl)nc3c2c(C)nn3-c2ccccc2)cc1,3.101230256409408,1.949,round6,train,46
ZQHKFSSRLBJJFW-UHFFFAOYSA-N__PAYBMYBMDOXEGT-UHFFFAOYSA-N,train_round6,C1=C(NC(=C(C1=O)C=O)I)OC(F)(F)F,COC(=O)C1=CC(=C(C=C1C=O)N2CCCCC2)F,COC(=O)c1cc(F)c(N2CCCCC2)cc1C(O)C(=O)c1c(I)[nH]c(OC(F)(F)F)cc1=O,6.425273121585288,4.7095,round6,train,34
RDUWHGYIQCBGOG-UHFFFAOYSA-N__YZLHXAJTYDJDPP-UHFFFAOYSA-N,train_round6,CC1=CC(=CC=C1)CC(C=O)N(C)C(=O)C(CC2=CNC3=C2C(=C(C=C3)F)[N+](=O)[O-])N(C)C,C1=CC(=CC(=C1)C#N)COC2=CC=CC(=C2)C=O,Cc1cccc(CC(C(=O)C(O)c2cccc(OCc3cccc(C#N)c3)c2)N(C)C(=O)C(Cc2c[nH]c3ccc(F)c([N+](=O)[O-])c23)N(C)C)c1,6.40551864210925,-1.4694,round6,train,51
UCOPVNMEAHJEPP-GOSISDBHSA-N__CCMHKWPNIQOQER-QMMMGPOBSA-N,train_round6,CC1(C(=NN([C@]1(C=O)O)C2=CC=C(C=C2)[N+](=O)[O-])C3=CC=CC=C3)C,C=CC[C@@H](CC=O)OC(=O)C=C,C=CCC(CC(O)C(=O)C1(O)N(c2ccc([N+](=O)[O-])cc2)N=C(c2ccccc2)C1(C)C)OC(=O)C=C,3.7325720839043055,5.0954,round6,train,37
MAIKGTBVCOUYTE-MRXNPFEDSA-N__DTVILWHCHUHGAV-UHFFFAOYSA-N,train_round6,C1CC(C2=C([C@]13CN4C=C(C=C(C4=N3)OC(F)F)C(F)(F)F)C=CN=C2C=O)(F)F,COC1=C(C=C(C=C1)CN2C=CN=C2C=O)F,COc1ccc(Cn2ccnc2C(O)C(=O)c2nccc3c2C(F)(F)CCC32CN3C=C(C(F)(F)F)C=C(OC(F)F)C3=N2)cc1F,6.34432742728678,2.297,round6,train,47
OMCYPHLFZPPMMP-UHFFFAOYSA-N__CQXUPEVFDDJZHK-UHFFFAOYSA-N,train_round6,CC(C)(C)[Si]OC(C)(C)C1=C(C(=C(C=C1)C=O)F)F,C1=CC(=C(C=C1F)Cl)NC(=O)CN2C=C(N=N2)C=O,CC(C)(C)[Si]OC(C)(C)c1ccc(C(=O)C(O)c2cn(CC(=O)Nc3ccc(F)cc3Cl)nn2)c(F)c1F,5.7456484863030415,1.6598,round6,train,38
BDBKUFVAXIWVEW-UHFFFAOYSA-N__VASWZJBLETUNIM-UHFFFAOYSA-N,train_round6,CC1=CC(=CC(=C1)S(=O)NC2=C(C(=C(C=C2)F)C=O)F)C,COC1=C2C(=C(C3=C1OC=C3)CC=O)C=CC(=O)O2,COc1c2occc2c(CC(O)C(=O)c2c(F)ccc(NS(=O)c3cc(C)cc(C)c3)c2F)c2ccc(=O)oc12,5.267949512898798,3.9775,round6,train,40
FLBAYSCNEFHJMC-UHFFFAOYSA-N__CWYREHQUXIWRAT-UHFFFAOYSA-N,train_round6,C1=C(C(=C(C(=O)N1)C=O)C(F)(F)F)OC(F)(F)F,CC(CC1=CC=C(C=C1)F)NC2=C(C(=NC=N2)Cl)C=O,CC(Cc1ccc(F)cc1)Nc1ncnc(Cl)c1C(O)C(=O)c1c(C(F)(F)F)c(OC(F)(F)F)c[nH]c1=O,6.457795532140825,5.6431,round6,train,38
GPTCQPSAUDKAHG-UHFFFAOYSA-N__XGCJFBQLOMAEHA-UHFFFAOYSA-N,train_round6,C1COCCC1SC2=CC(=C(C=C2)C=O)C(F)(F)F,C1=CC(=CC=C1NC(=O)CCC=O)OC(F)(F)F,O=C(CCC(O)C(=O)c1ccc(SC2CCOCC2)cc1C(F)(F)F)Nc1ccc(OC(F)(F)F)cc1,8.024512647764475,7.1903,round6,train,37
KTMZHOITYCWAQA-UHFFFAOYSA-N__OAYOREDZDMUDMH-UHFFFAOYSA-N,train_round6,CCCCCC(CC(=O)NC1=C(C=CC(=C1)C(=O)N)C(C)(C)C)C2=C(C=C(C=C2)C=O)OC,CCOC(=O)CC1(OCCO1)CC=O,CCCCCC(CC(=O)Nc1cc(C(N)=O)ccc1C(C)(C)C)c1ccc(C(=O)C(O)CC2(CC(=O)OCC)OCCO2)cc1OC,8.43427869263531,-3.9877,round6,train,47
LXMYZIWCYCQHJD-UHFFFAOYSA-N__QIDZSYZQYOITCV-UHFFFAOYSA-N,train_round6,CC(C=O)C1=CC=C(C=C1)C(=O)O,CN(CCC1=CC=CC=C1)C(=O)CN2C=C(C3=C2C=CC(=C3)OCC4=CC=CC=C4)C=O,CC(C(=O)C(O)c1cn(CC(=O)N(C)CCc2ccccc2)c2ccc(OCc3ccccc3)cc12)c1ccc(C(=O)O)cc1,9.031464212320612,5.4122,round6,mixed,45
VOCRYNHRMUAHKM-UHFFFAOYSA-N__MFBXUCNGQIZZLN-UHFFFAOYSA-N,train_round6,C1=C(C(=NC(=C1[N+](=O)[O-])I)C(F)F)C=O,COC1=CC(=C(C=C1)C=O)N,COc1ccc(C(O)C(=O)c2cc([N+](=O)[O-])c(I)nc2C(F)F)c(N)c1,14.174897334060793,14.3742,round6,train,26
SRROXBZCZUIPKD-UHFFFAOYSA-N__HXTWKHXDFATMSP-UHFFFAOYSA-N,train_round6,CCOC(=O)CC1=CC(=C(C(=C1)OC(F)(F)F)C=O)C#N,C1=CC(=C(C=C1Br)O)C=O,CCOC(=O)Cc1cc(C#N)c(C(=O)C(O)c2ccc(Br)cc2O)c(OC(F)(F)F)c1,11.35201922922954,5.5228,round6,train,31
SQQPTMUNGHSICA-WOJGMQOQSA-N__QOCVKBQPEVEQOB-UHFFFAOYSA-N,train_round6,CC(=O)OC/C(=C\C1=CC=C(C=C1)C=O)/C2=CC=CC=C2,CS(=O)C1=CN(C2=C1C(=CC(=C2)C=O)N3CCCCCN3)C4=NC=C(C=N4)C5=CC=CC=C5F,CC(=O)OCC(=Cc1ccc(C(=O)C(O)c2cc(N3CCCCCN3)c3c(S(C)=O)cn(-c4ncc(-c5ccccc5F)cn4)c3c2)cc1)c1ccccc1,7.269424891948228,5.3386,round6,mixed,55
GXBVACOJLSSRJF-UHFFFAOYSA-N__DAWYTDKSMYXJFE-UHFFFAOYSA-N,train_round6,CC1=C(C(=CC=C1)C(=O)N(C(C)C)C(C)C)C=O,C1=CC=C2C(=C1)C(=CN2CC(CCl)O)C=O,Cc1cccc(C(=O)N(C(C)C)C(C)C)c1C(=O)C(O)c1cn(CC(O)CCl)c2ccccc12,17.54541087313908,2.4339,round6,train,34
AWQLNKJBXASXDU-IPJQOSJUSA-N__DLKXOIZSISFVNO-UHFFFAOYSA-N,train_round6,C[C@@H]1C=C[C@@H]2CCCC[C@H]2[C@@H]1C3=CC(=C(C(=O)O3)C=O)OC,CCC(C)C(=O)CCC(C)CC=O,CCC(C)C(=O)CCC(C)CC(O)C(=O)c1c(OC)cc(C2C(C)C=CC3CCCCC32)oc1=O,8.418813383392768,3.0716,round6,mixed,35
AVJKIZPFXSNQGR-UHFFFAOYSA-N__YBUWNQQEMJWYOU-UHFFFAOYSA-N,train_round6,CC(C)(C=O)N1C=C(C(=N1)C2=CSC=C2F)C#N,CCOC(=O)C1(CN(C2=CC=CC=C21)CC3=CSC4=C3C=C(C=C4)F)C=O,CCOC(=O)C1(C(O)C(=O)C(C)(C)n2cc(C#N)c(-c3cscc3F)n2)CN(Cc2csc3ccc(F)cc23)c2ccccc21,8.481975406779538,2.7553,round6,train,45
DUCCJHRWDRCXOJ-UHFFFAOYSA-N__PZOQCVSRIPRPOA-UHFFFAOYSA-N,train_round6,C1=CC(=CC=C1COC2=C(C=C(C=C2)C=O)[N+](=O)[O-])SC(F)(F)F,C1C(CO1)NC(=O)NC2=CC(=C(C=C2)OC3=C4C(=NC=C3)C=C(S4)C5=NC=C(C=C5)C=O)F,O=C(Nc1ccc(Oc2ccnc3cc(-c4ccc(C(O)C(=O)c5ccc(OCc6ccc(SC(F)(F)F)cc6)c([N+](=O)[O-])c5)cn4)sc23)c(F)c1)NC1COC1,7.815535593603845,5.9719,round6,mixed,57
VLAPTCZDMOBGCW-UHFFFAOYSA-N__NVLVDJFDWJRTHK-UHFFFAOYSA-N,train_round6,CC1=CC(=CC=C1)C2=C(C3=C(N2)C(=CC=C3)Cl)C=O,C1=CC(=CC(=C1)OCC2=NC3=C(S2)C=CC(=C3)F)NCC=O,Cc1cccc(-c2[nH]c3c(Cl)cccc3c2C(=O)C(O)CNc2cccc(OCc3nc4cc(F)ccc4s3)c2)c1,13.873477430237442,2.3611,round6,train,41
DVWKXCDVEVVLJS-UHFFFAOYSA-N__RSBZAOTXPOILQX-UHFFFAOYSA-N,train_round6,COC1=CC(=C(C(=C1)S(=O)(=O)Cl)F)C=O,CCC1(CCN(C1)C(=O)OC(C)(C)C)C=O,CCC1(C(O)C(=O)c2cc(OC)cc(S(=O)(=O)Cl)c2F)CCN(C(=O)OC(C)(C)C)C1,8.231789965383973,7.5231,round6,train,31
APIIWVONXFWFHW-PDGQHHTCSA-N__TULKLOXFXKEFHV-UHFFFAOYSA-N,train_round6,CC(C)(C)OC(=O)N/C(=C\C1=CC=C(C=C1)OC2=C(C=CC(=C2)C=O)OC)/C(=O)OC,COC1=CC(=C(C=C1)C=O)C2=C(C=CC(=C2)N(CCO)CCO)N,COC(=O)C(=Cc1ccc(Oc2cc(C(=O)C(O)c3ccc(OC)cc3-c3cc(N(CCO)CCO)ccc3N)ccc2OC)cc1)NC(=O)OC(C)(C)C,8.696445750835167,1.8601,round6,train,55
VLFAOIGYCCELJB-UHFFFAOYSA-N__WOPHEEXRJKUYKQ-UHFFFAOYSA-N,train_round6,C1CCN(C(C1)C(=O)N)C2=C(C=C(C=C2)C=O)C(F)(F)F,CC1C=CC2CCCCC2C1C3=CC(=C(C(=O)O3)C=O)NC(C)C(=O)O,CC(Nc1cc(C2C(C)C=CC3CCCCC32)oc(=O)c1C(O)C(=O)c1ccc(N2CCCCC2C(N)=O)c(C(F)(F)F)c1)C(=O)O,15.908740933872682,13.0668,round6,mixed,47
VYLBDMJHHXPDKJ-UHFFFAOYSA-N__SCZRPANTHDNTAF-UHFFFAOYSA-N,train_round6,CC(COC(=O)C1=CC=CC=C1)C=O,C1=CC(=CC=C1C=O)NC(=O)C2=CC3=C(S2)C=C(C=C3)F,CC(COC(=O)c1ccccc1)C(=O)C(O)c1ccc(NC(=O)c2cc3ccc(F)cc3s2)cc1,7.756286299671826,2.4989,round6,mixed,35
KBFXUCQSGZXTDL-UHFFFAOYSA-N__IGGODYZSTIGIEW-UHFFFAOYSA-N,train_round6,COC1=C(C=C(C=C1)C=O)COC2=C(C(=CC(=C2)Br)F)F,CC1=NOC(=C1C(C=O)SCC(F)(F)F)C2=CC=C(C=C2)Br,COc1ccc(C(=O)C(O)C(SCC(F)(F)F)c2c(C)noc2-c2ccc(Br)cc2)cc1COc1cc(Br)cc(F)c1F,10.034299099511522,5.4525,round6,train,43
ZKEZHPWKUOFRIB-UHFFFAOYSA-N__PKPPALIWMCCRFK-UHFFFAOYSA-N,train_round6,CCCOC1=CC(=C(C(=C1)OCCC)C=O)OCCC,COC1=C(C=CC(=C1)C=O)OCC#C,C#CCOc1ccc(C(O)C(=O)c2c(OCCC)cc(OCCC)cc2OCCC)cc1OC,14.862745297225912,9.9914,round6,train,34
KCQNDXYPUDGNKY-UHFFFAOYSA-N__ARKUUUBCVVWBPN-UHFFFAOYSA-N,train_round6,C1=CC=C(C=C1)N2C(=C(N=N2)C=O)C3=CC=C(C=C3)C(F)(F)F,CC1=C(C=C(N1CCNC(=O)C)CNC(=O)C2=CC=C(C=C2)OC)C=O,COc1ccc(C(=O)NCc2cc(C(O)C(=O)c3nnn(-c4ccccc4)c3-c3ccc(C(F)(F)F)cc3)c(C)n2CCNC(C)=O)cc1,10.3011654184563,7.5078,round6,mixed,49
XJZDGYOVBRTVHI-UHFFFAOYSA-N__UUHNOZPVQVDUAW-UHFFFAOYSA-N,train_round6,CCOC(=O)C1=C(C=C(C=C1F)F)C=O,CC(C(=O)C1=C(C=CC=C1SC(F)(F)F)C=O)Br,CCOC(=O)c1c(F)cc(F)cc1C(=O)C(O)c1cccc(SC(F)(F)F)c1C(=O)C(C)Br,9.064140108386686,3.4628,round6,train,33
VXZFTUQOYQESLJ-UHFFFAOYSA-N__ZNHIJNTUGVMVFP-UHFFFAOYSA-N,train_round6,CCN(C1=C(C=CC(=C1)C=O)O)C(=O)N2C(=O)N(N=N2)C3=C(C=CC=C3F)F,C1=CC=C(C=C1)CC2=CC3=C(C=C2)OC(=C3)C4=C(C=C(C=C4)C=O)F,CCN(C(=O)n1nnn(-c2c(F)cccc2F)c1=O)c1cc(C(=O)C(O)c2ccc(-c3cc4cc(Cc5ccccc5)ccc4o3)c(F)c2)ccc1O,9.280278867488905,2.9624,round6,mixed,53
LBYDSMJFFKOMOP-UHFFFAOYSA-N__YLDIAORQHWLOAI-UHFFFAOYSA-N,train_round6,CCC(CC1CCN2C1=NC3=C(C2=C)C=C(C=C3C(C)NC4=C(N=C(C=C4)Cl)C=O)F)(F)F,CC1=C2C(=CC=C1)C(=C(N2)C3=CC(=CC=C3)Cl)C=O,C=C1c2cc(F)cc(C(C)Nc3ccc(Cl)nc3C(=O)C(O)c3c(-c4cccc(Cl)c4)[nH]c4c(C)cccc34)c2N=C2C(CC(F)(F)CC)CCN12,8.918242582034814,4.7194,round6,train,52
ULDMDTRQLTTWAA-UHFFFAOYSA-N__JSKDQCCZJWWMJN-UHFFFAOYSA-N,train_round6,COC1=C(C=C(C=C1)C(=O)C(F)(F)F)C=O,CN1C=C(SC1=O)C2C=C(CCO2)C3=NC(=C(C(=N3)N)C=O)C4(CC4)CCC(F)(F)F,COc1ccc(C(=O)C(F)(F)F)cc1C(=O)C(O)c1c(N)nc(C2=CC(c3cn(C)c(=O)s3)OCC2)nc1C1(CCC(F)(F)F)CC1,12.18429517993787,10.8945,round6,mixed,47
ISDSECNBJJDFMJ-UHFFFAOYSA-N__KIXXWWZUICHDLA-UHFFFAOYSA-N,train_round6,C1=CC=C(C=C1)C2=NN(N=N2)C3=CC(=CC(=C3)C=O)F,COC1=CC2=C(C=C1)C3=NC(=NC=C3CN=C2C4=CC=CC=C4F)NC5=CC=C(C=C5)C=O,COc1ccc2c(c1)C(c1ccccc1F)=NCc1cnc(Nc3ccc(C(O)C(=O)c4cc(F)cc(-n5nnc(-c6ccccc6)n5)c4)cc3)nc1-2,7.59910624275995,6.4459,round6,mixed,53
MDDCXIMUTMGVNZ-UHFFFAOYSA-N__YLOKCKRQRUAURL-NRFANRHFSA-N,train_round6,CC1=C(C=CC(=C1)C2=NN(C(=C2C=O)N)CCCO)F,CC[C@]1(C2=C(C=CC(=C2)OC)C3=C(C4=CC=CC=C4N3C1=O)C=O)C,CCC1(C)C(=O)n2c(c(C(O)C(=O)c3c(-c4ccc(F)c(C)c4)nn(CCCO)c3N)c3ccccc32)-c2ccc(OC)cc21,8.564984856253012,2.2289,round6,train,45
RBLYLTHHCOXQSF-UHFFFAOYSA-N__BRGVJCFCSSUMMO-UHFFFAOYSA-N,train_round6,C1CC(CN(C1)C2=CC(=C(C=C2)C=O)Br)(F)F,CC1=CC=CC=C1C(=O)C2=C(OC(=C2)C(C)(F)F)C=O,Cc1ccccc1C(=O)c1cc(C(C)(F)F)oc1C(O)C(=O)c1ccc(N2CCCC(F)(F)C2)cc1Br,8.003175347668,6.0205,round6,mixed,37
AHKVYNGYMYYIPI-UHFFFAOYSA-N__AWQLNKJBXASXDU-SFDCBXKLSA-N,train_round6,CC(C=O)C(=O)C1=CC=C(C=C1)C2CCCCC2,C[C@H]1C=C[C@H]2CCCC[C@H]2[C@@H]1C3=CC(=C(C(=O)O3)C=O)OC,COc1cc(C2C(C)C=CC3CCCCC32)oc(=O)c1C(O)C(=O)C(C)C(=O)c1ccc(C2CCCCC2)cc1,11.180385003641382,4.852,round6,train,40
SMEFYIXPDROUNY-UHFFFAOYSA-N__KAEPKIOVKOVNSI-FCDRMGDPSA-N,train_round6,CC1=C(C(=CC=C1)C)C2CN(CC(C2=O)(CNCC=O)C3=CC=CC=C3)C,CN1C(=O)C[C@]23[C@@]14C[C@H](C5=C2C(=C(C=C5)OC)OC)OC[C@@]4(CC3)C=O,COc1ccc2c(c1OC)C13CCC4(C(O)C(=O)CNCC5(c6ccccc6)CN(C)CC(c6c(C)cccc6C)C5=O)COC2CC14N(C)C(=O)C3,11.122118611078449,6.8015,round6,mixed,53
QEXXCZLXKVEANV-UHFFFAOYSA-N__OGVXOBJOPFDWIY-UHFFFAOYSA-N,train_round6,CC1=C(C=CC(=C1)C2=CN=C3N2C=C(C=C3NCCC(F)(F)F)C4=CC=CC=C4OC)C=O,CC1CN(CC(O1)C)C2=CC=C(C=C2)C=O,COc1ccccc1-c1cc(NCCC(F)(F)F)c2ncc(-c3ccc(C(=O)C(O)c4ccc(N5CC(C)OC(C)C5)cc4)c(C)c3)n2c1,10.422724458866696,5.1613,round6,train,49
OOBJVTOFHAHJGE-UHFFFAOYSA-N__UMZVNDADIOENAY-UHFFFAOYSA-N,train_round6,CC(C)(C)OC(=O)NC(CNC1=C(C=C(C=C1)F)NC2=CC(=CN=C2)Br)C=O,CN(CC(F)F)C1=NC(=C(S1)C=O)COC,COCc1nc(N(C)CC(F)F)sc1C(O)C(=O)C(CNc1ccc(F)cc1Nc1cncc(Br)c1)NC(=O)OC(C)(C)C,15.160128967464736,7.8662,round6,train,44
QQQZHLQPDGYFAJ-UHFFFAOYSA-N__QGSPRMBQCFLZLV-UHFFFAOYSA-N,train_round6,C1=CC2=C(C(=C1)C(F)(F)F)S(=O)(=O)C(=C2)CC=O,CC(=CCOC1=C(C=C(C=C1)C=O)O)C,CC(C)=CCOc1ccc(C(O)C(=O)CC2=Cc3cccc(C(F)(F)F)c3S2(=O)=O)cc1O,9.220194077997697,5.92,round6,train,33
VPRDAWXTMNKKCC-ONEGZZNKSA-N__MCXMMHXTPRAGQL-UHFFFAOYSA-N,train_round6,CC1=CC(=CC(=C1)P(=O)(C2=C(NC3=C2C(=C(C=C3)Cl)F)C=O)OC)/C=C/C#N,C1=CC(=C(N=C1)C2=NOC(=C2)C=O)F,COP(=O)(c1cc(C)cc(C=CC#N)c1)c1c(C(=O)C(O)c2cc(-c3ncccc3F)no2)[nH]c2ccc(Cl)c(F)c12,13.016417865860287,6.8795,round6,train,42
VNBKQQMPFAOLHL-UHFFFAOYSA-N__ANVSLIQHYXZDGE-UHFFFAOYSA-N,train_round6,CC1=CC2=C(C(=CC(=C2C=O)OC)O)C(=O)O1,COC1=CC(=CC(=C1O)C=O)C2=CC=C(C=C2)CO,COc1cc(-c2ccc(CO)cc2)cc(C(O)C(=O)c2c(OC)cc(O)c3c(=O)oc(C)cc23)c1O,10.601956057497109,4.217,round6,train,36
HKCPFAMYWWFMAI-UHFFFAOYSA-N__QCYVIXVSXYXYPT-UHFFFAOYSA-N,train_round6,CCCCCCC1=C(SC(=C1)C2=CC=C(S2)C=O)C(F)(F)F,CN(C)C1=CC(=C(C(=C1)F)C=O)F,CCCCCCc1cc(-c2ccc(C(=O)C(O)c3c(F)cc(N(C)C)cc3F)s2)sc1C(F)(F)F,7.4436892788453,5.1137,round6,train,35
VIIVLVPTMKVDBN-JTQLQIEISA-N__FZDQJJKTVGYLHM-UHFFFAOYSA-N,train_round6,CC(C)(C)[Si](C)(C)OC[C@@H](C(C)(C)C=O)O,CC(C1CC1)N2C=C(C(=N2)C3=C(C(=CC=C3)F)F)C=O,CC(C1CC1)n1cc(C(O)C(=O)C(C)(C)C(O)CO[Si](C)(C)C(C)(C)C)c(-c2cccc(F)c2F)n1,11.320126021248443,5.5143,round6,mixed,36
UPLSBZNJZLDFIF-UHFFFAOYSA-N__MNTJIKLNWONFFO-UHFFFAOYSA-N,train_round6,C1=CC=C(C(=C1)C=O)C2=C(SC=C2C3=CC(=CC=C3)C(F)(F)F)N,C1=CC(=C(C=C1[N+](=O)[O-])OC(C(F)(F)F)C(F)(F)F)C=O,Nc1scc(-c2cccc(C(F)(F)F)c2)c1-c1ccccc1C(=O)C(O)c1ccc([N+](=O)[O-])cc1OC(C(F)(F)F)C(F)(F)F,8.314205893481212,4.6176,round6,mixed,45
YUFQXZMCRVHKOG-UHFFFAOYSA-N__QMXWMBLMWJWGGA-UHFFFAOYSA-N,train_round6,C1=C(C(=NC(=C1OC(F)(F)F)CN)C(F)F)C=O,C=C(C1=CC=C(C=C1)C(F)(F)F)N2C3=CC=CC=C3C=C2C=O,C=C(c1ccc(C(F)(F)F)cc1)n1c(C(O)C(=O)c2cc(OC(F)(F)F)c(CN)nc2C(F)F)cc2ccccc21,8.775765500600611,7.3473,round6,train,41
NJAFSKWPDIOUOT-UHFFFAOYSA-N__ZJXFEIFCPUNQEK-UHFFFAOYSA-N,train_round6,CC1=CC(=C(C=C1F)C2=NC=NC(=C2)C=O)Cl,C1CC1(CNC(=O)C2=C(C=CC=C2F)F)C3=C(C=C(C=N3)C4=CC=C(S4)C=O)Cl,Cc1cc(Cl)c(-c2cc(C(=O)C(O)c3ccc(-c4cnc(C5(CNC(=O)c6c(F)cccc6F)CC5)c(Cl)c4)s3)ncn2)cc1F,15.43815321428174,1.9402,round6,mixed,46
NJBMYOBPMLVCSK-UHFFFAOYSA-N__VGXXKQXYFJIVHJ-UHFFFAOYSA-N,train_round6,COC(=O)CC1=CSC(=N1)C2=CC(=CC(=C2)C=O)C(F)(F)F,C1CC1CNC2=NC=C(C=C2)C3=CC=CC=C3C=O,COC(=O)Cc1csc(-c2cc(C(=O)C(O)c3ccccc3-c3ccc(NCC4CC4)nc3)cc(C(F)(F)F)c2)n1,8.81833894528151,-0.7136,round6,mixed,41
JIBJRIUIIPXXGN-UHFFFAOYSA-N__XEPIORKIFKJATD-UHFFFAOYSA-N,train_round6,CC1=CCC2(C(C1CC=C(C)C)C(=O)C3=C(C(=C(C(=C3C2=O)C(C)C)OC)O)C=O)C,C1=CC(=CC=C1CN2C=NC=N2)C=O,COc1c(O)c(C(=O)C(O)c2ccc(Cn3cncn3)cc2)c2c(c1C(C)C)C(=O)C1(C)CC=C(C)C(CC=C(C)C)C1C2=O,11.33721432677373,13.4648,round6,mixed,45
KGLCVWVARFQFKC-UHFFFAOYSA-N__FGFHJFZSUILAOU-UHFFFAOYSA-N,train_round6,CC(CO[Si](C1=CC=CC=C1)(C2=CC=CC=C2)C(C)(C)C)C=O,B1(OC(C(O1)(C)C)(C)C)C2=C(C=CC(=C2OC)OC)C=O,COc1ccc(C(O)C(=O)C(C)CO[Si](c2ccccc2)(c2ccccc2)C(C)(C)C)c(B2OC(C)(C)C(C)(C)O2)c1OC,11.40652180947636,-0.4534,round6,train,44
XNOQAKVCSKVXJU-UHFFFAOYSA-N__PWPHJXJEDQDPGP-UHFFFAOYSA-N,train_round6,CN1C(=C(C=N1)COS(=O)(=O)C)C2=C(C=C(C=C2)F)C=O,C1=CC(=CC(=C1)S(=O)(=O)C2=CC=C(C=C2)F)C=O,Cn1ncc(COS(C)(=O)=O)c1-c1ccc(F)cc1C(=O)C(O)c1cccc(S(=O)(=O)c2ccc(F)cc2)c1,13.062596059091945,7.4127,round6,train,39
AEVHUFJVSIXURJ-UHFFFAOYSA-N__CPJQBFKGMOOZHY-UHFFFAOYSA-N,train_round6,CC1=C(N=CN1CCC(F)F)C=O,CC1=CC(=C(N1C2=CC=CC=C2OC(F)F)C)C=O,Cc1c(C(=O)C(O)c2cc(C)n(-c3ccccc3OC(F)F)c2C)ncn1CCC(F)F,14.639504449447342,7.3862,round6,train,32
GBQSNSKQDCNVEA-UHFFFAOYSA-N__LPROFESISOUNEV-UHFFFAOYSA-N,train_round6,C1=CC(=C(C(=C1)F)C2=C(C=C(C=C2Cl)Cl)C=O)C(=O)O,CC1=C(C(=O)C2=C(O1)C(=C(C=C2)O)C=O)OC3=CC=C(C=C3)Cl,Cc1oc2c(C(O)C(=O)c3cc(Cl)cc(Cl)c3-c3c(F)cccc3C(=O)O)c(O)ccc2c(=O)c1Oc1ccc(Cl)cc1,8.034616570120441,1.3995,round6,mixed,43
PWBUCBIFNPTHHQ-UHFFFAOYSA-N__OQKVIKJUIWSONY-UHFFFAOYSA-N,train_round6,C1=CC(=C(C(=C1)OC2=C(C=C(C=C2)F)Cl)C=O)C(F)(F)F,CC(C)(C)OC(=O)N1C=C(C2=C(C=CC=C21)C#C[Si](C)(C)C)C=O,CC(C)(C)OC(=O)n1cc(C(O)C(=O)c2c(Oc3ccc(F)cc3Cl)cccc2C(F)(F)F)c2c(C#C[Si](C)(C)C)cccc21,15.532429634156738,4.8455,round6,train,45
STFVTOHOIGLSBS-UHFFFAOYSA-N__LVOWSEBXGGZZCK-UHFFFAOYSA-N,train_round6,C1=CC(=C(C(=C1)F)F)CN2C3=C(C(=CC=C3)OCC(=O)O)C4=C(C=CC=C42)C=O,CCOC1=C(C=CC(=C1)C=O)OC2=NC=C(C=C2)[N+](=O)[O-],CCOc1cc(C(O)C(=O)c2cccc3c2c2c(OCC(=O)O)cccc2n3Cc2cccc(F)c2F)ccc1Oc1ccc([N+](=O)[O-])cn1,9.486326723920287,1.4923,round6,train,50
QRFXIMJRQDVUTC-UHFFFAOYSA-N__LLEWFFYCSCFJTQ-UHFFFAOYSA-N,train_round6,C1=C(C=C(C(=C1F)C=O)F)C(C(CCl)O)O,CCOC1=C(C=CC(=C1)C=O)OCC(=O)NC2=CC=C(C=C2)OC(F)F,CCOc1cc(C(O)C(=O)c2c(F)cc(C(O)C(O)CCl)cc2F)ccc1OCC(=O)Nc1ccc(OC(F)F)cc1,13.202748443261273,4.8547,round6,train,42
WIZUJMPGICWMBA-UHFFFAOYSA-N__YKBRLKXUWGUYLT-UHFFFAOYSA-N,train_round6,C1=C(C=C(C(=C1C=O)C(=O)N)C(F)(F)F)C(F)(F)F,CC1=C(C=C(C=C1)C(C2=CC(=C(C=C2)C=O)C(=O)OC)(C(F)(F)F)C(F)(F)F)C(=O)OC=O,COC(=O)c1cc(C(c2ccc(C)c(C(=O)OC=O)c2)(C(F)(F)F)C(F)(F)F)ccc1C(O)C(=O)c1cc(C(F)(F)F)cc(C(F)(F)F)c1C(N)=O,10.382739837710842,8.5581,round6,train,52
PIBDOXNFPCVYQM-UHFFFAOYSA-N__KIVOSHLZWMPXED-UHFFFAOYSA-N,train_round6,C1=CC=C(C(=C1)C=O)OCC(=O)OCC(=O)NC2=CC(=C(C=C2)F)F,CCC1=C2C(=CC(=C1)CC=O)NC(=N2)NC3=C(C=C(C=C3)F)C,CCc1cc(CC(O)C(=O)c2ccccc2OCC(=O)OCC(=O)Nc2ccc(F)c(F)c2)cc2[nH]c(Nc3ccc(F)cc3C)nc12,10.59645293080313,0.2347,round6,train,48
ZJEYVIKKIHPRQQ-UHFFFAOYSA-N__SZIMITRVRKITLC-UHFFFAOYSA-N,train_round6,CC(CC(CN(C)C)C=O)([N+](=O)[O-])[N+](=O)[O-],C1=CN(C(=C1)C=O)CC2=C(C=CC(=C2)F)C#N,CN(C)CC(CC(C)([N+](=O)[O-])[N+](=O)[O-])C(=O)C(O)c1cccn1Cc1cc(F)ccc1C#N,8.693390122912435,5.9324,round6,mixed,33
QQHSMCFDMYEGOF-UHFFFAOYSA-N__MNBLYACPVWCSLJ-UHFFFAOYSA-N,train_round6,CCOC(=O)C1=C(C2=C(N1)C(=CC(=C2)F)Br)C=O,C1=CC(=CC(=C1)F)COC2=C(C=C(C=C2)NC3=NC=NC4=CN=C(C=C43)C5=CC=C(O5)C=O)Cl,CCOC(=O)c1[nH]c2c(Br)cc(F)cc2c1C(=O)C(O)c1ccc(-c2cc3c(Nc4ccc(OCc5cccc(F)c5)c(Cl)c4)ncnc3cn2)o1,11.155858175105854,5.3718,round6,train,52
BRGDQITVSXTIAD-UHFFFAOYSA-N__MRHMYTTVDDDRIV-UHFFFAOYSA-N,train_round6,C1=C(C(=C(N=C1N)C(F)F)C=O)CCl,CS(=O)C1=CC=C(S1)C=O,CS(=O)c1ccc(C(O)C(=O)c2c(CCl)cc(N)nc2C(F)F)s1,10.771775126043456,6.511,round6,train,24
WZOYHMMSKGEABR-UHFFFAOYSA-N__PSUIUBUAXIVHRF-UHFFFAOYSA-N,train_round6,COC1=CC2=C(C(=CN=C2C=C1)F)C=O,CCC1=C(N(C(=C1C=O)C)C2=CC(=CC=C2)F)C,CCc1c(C(O)C(=O)c2c(F)cnc3ccc(OC)cc23)c(C)n(-c2cccc(F)c2)c1C,10.192667152272495,5.4844,round6,train,33
CASONFBVJNVRPJ-UHFFFAOYSA-N__MSWJXOMNFTXHRY-MRXNPFEDSA-N,train_round6,CC(=O)C1=CC(=C(C(=C1)OC)O)C2=C(C(=CC(=C2)C=O)OC)O,CC1=C(C=CC=C1[C@@H](C)NC2=NN=C(C3=CN=C(C=C32)C4=CC=CC(=C4)C=O)C)CF,COc1cc(C(C)=O)cc(-c2cc(C(=O)C(O)c3cccc(-c4cc5c(NC(C)c6cccc(CF)c6C)nnc(C)c5cn4)c3)cc(OC)c2O)c1O,11.623309646499273,0.4259,round6,train,54
DZZYUDCWIDZMAF-UHFFFAOYSA-N__XXFHQTIHKSXGQR-QHCPKHFHSA-N,train_round6,CC(C)(C)C1=CC=C(C=C1)CN(C)CC2=CC(=CC=C2)C=O,C1CS(=O)(=O)C[C@H]1N(CC2=CC=CC=C2)C(=O)C3CCN(CC3)C4=CC=C(C=C4)C=O,CN(Cc1ccc(C(C)(C)C)cc1)Cc1cccc(C(=O)C(O)c2ccc(N3CCC(C(=O)N(Cc4ccccc4)C4CCS(=O)(=O)C4)CC3)cc2)c1,14.401761349553114,7.8532,round6,mixed,53
XCRDGOYYPOMOHP-UHFFFAOYSA-N__URWJVORMELQWFG-UHFFFAOYSA-N,train_round6,CN1CCN(CC1)C2CN(C2)C(=O)C3=CC(=CC(=C3)C=O)Br,C1=CC=C(C=C1)C2=CC=C(C=C2)C3=C4C=CC=C(C4=NC=C3C5=CC=CC=C5C=O)C(F)(F)F,CN1CCN(C2CN(C(=O)c3cc(Br)cc(C(=O)C(O)c4ccccc4-c4cnc5c(C(F)(F)F)cccc5c4-c4ccc(-c5ccccc5)cc4)c3)C2)CC1,9.49185413902618,8.4436,round6,train,56
IRRAVESJQVZPCY-UHFFFAOYSA-N__XKWRJXBUBPMIPN-UHFFFAOYSA-N,train_round6,CC1=NC(=C(C(=N1)Cl)C=O)NC2=CC(=C(C=C2F)Br)F,CCCC[Se]C1=C(C=CC=C1[N+](=O)[O-])C=O,CCCC[Se]c1c(C(O)C(=O)c2c(Cl)nc(C)nc2Nc2cc(F)c(Br)cc2F)cccc1[N+](=O)[O-],15.53639454921869,7.8116,round6,train,36
JVAKBKOALOXKKO-UHFFFAOYSA-N__XYABDSJGEJEELM-UHFFFAOYSA-N,train_round6,C1=CC(=CC(=C1)F)CC2=CC(=NN2)C=O,CC(C)(C)OC(=O)C1=CC(=C(C=C1)F)C2=CC=C(O2)C=O,CC(C)(C)OC(=O)c1ccc(F)c(-c2ccc(C(O)C(=O)c3cc(Cc4cccc(F)c4)[nH]n3)o2)c1,11.746259639263272,0.9891,round6,train,36
VHXMHIAIWXSFKL-UHFFFAOYSA-N__XBEUHOWSGYZENI-UHFFFAOYSA-N,train_round6,C=C(C1=C(C=C(C=C1)CF)SCC=O)Cl,CC1C(OC2=C1C=C(C=C2OC)C=O)C3=CC(=C(C=C3)OC)OC,C=C(Cl)c1ccc(CF)cc1SCC(=O)C(O)c1cc(OC)c2c(c1)C(C)C(c1ccc(OC)c(OC)c1)O2,10.45697826453736,5.9574,round6,train,39
UYRNVFAOBLKLHS-UHFFFAOYSA-N__GSMIRWKZCYBFMW-UHFFFAOYSA-N,train_round6,C=CCC1=C(C(=CC(=C1)C=O)Br)OCC2=CC=CC=C2F,C1=CC(=C(C=C1F)C2=C(C(=C(C(=C2Cl)Cl)Cl)Cl)Cl)C=O,C=CCc1cc(C(=O)C(O)c2ccc(F)cc2-c2c(Cl)c(Cl)c(Cl)c(Cl)c2Cl)cc(Br)c1OCc1ccccc1F,9.593807293217536,4.6808,round6,train,41
XXFHQTIHKSXGQR-QHCPKHFHSA-N__DZZYUDCWIDZMAF-UHFFFAOYSA-N,train_round6,C1CS(=O)(=O)C[C@H]1N(CC2=CC=CC=C2)C(=O)C3CCN(CC3)C4=CC=C(C=C4)C=O,CC(C)(C)C1=CC=C(C=C1)CN(C)CC2=CC(=CC=C2)C=O,CN(Cc1ccc(C(C)(C)C)cc1)Cc1cccc(C(O)C(=O)c2ccc(N3CCC(C(=O)N(Cc4ccccc4)C4CCS(=O)(=O)C4)CC3)cc2)c1,8.732660915359647,6.2025,round6,mixed,53
WDQKLTJTLKXMFS-UHFFFAOYSA-N__RZXBAPGBXDGXQV-UHFFFAOYSA-N,train_round6,CC1=CC2=C(C=C1)NC(=C2C=O)C3=NC4=CC=CC=C4C(=N3)NCCN(C)C,C1=CC2=C(C(=C1)C=CCF)NC(=C2)C=O,Cc1ccc2[nH]c(-c3nc(NCCN(C)C)c4ccccc4n3)c(C(=O)C(O)c3cc4cccc(C=CCF)c4[nH]3)c2c1,11.731222081212866,4.2219,round6,train,43
QTLOYOSKGRNTNQ-UHFFFAOYSA-N__YERPFONPEZJCJV-UHFFFAOYSA-N,train_round6,C1=CC(=CC=C1C2=C(C3=C(O2)C=CC(=C3)C=CC(=O)C4=C(C=C(C=C4)O)O)C=O)O,CC1=NC=C(C=N1)C2=C(C=CC(=C2)OCC(F)(F)F)C=O,Cc1ncc(-c2cc(OCC(F)(F)F)ccc2C(O)C(=O)c2c(-c3ccc(O)cc3)oc3ccc(C=CC(=O)c4ccc(O)cc4O)cc23)cn1,11.02042784923907,4.4799,round6,mixed,51
MEEQDWFWIGBKAE-UHFFFAOYSA-N__NOPJFZZFULOMCO-UHFFFAOYSA-N,train_round6,CCC1=CC=C(C=C1)C=C(COC2=CC=CC=C2C=O)C(=O)O,C1=CC(=CN=C1)C2=CN=C(C(=N2)C3=CC=C(C=C3)C=O)N,CCc1ccc(C=C(COc2ccccc2C(=O)C(O)c2ccc(-c3nc(-c4cccnc4)cnc3N)cc2)C(=O)O)cc1,7.335262038477824,2.3626,round6,mixed,44
LZEJTZJTRMSYTF-UHFFFAOYSA-N__YBQASFHARVIYGE-UHFFFAOYSA-N,train_round6,CC1=C2C(=C(C(=N1)C3=CC=CC=C3)C=O)COC(O2)(C)C,CCOC1=CC2=C(C=C1)NC(=O)C(=C2)C=O,CCOc1ccc2[nH]c(=O)c(C(O)C(=O)c3c(-c4ccccc4)nc(C)c4c3COC(C)(C)O4)cc2c1,12.04793790382561,2.5121,round6,mixed,37
BFXBHCIOPNJXSL-UHFFFAOYSA-N__CMWQEXDTUCVVKM-UHFFFAOYSA-N,train_round6,CC1=C(C(=NN1CC2=C(C=CC(=C2F)Br)F)C)C=O,C1=CC=C(C(=C1)CCN2C(=O)C3=CC=CC=C3C2=O)C=O,Cc1nn(Cc2c(F)ccc(Br)c2F)c(C)c1C(=O)C(O)c1ccccc1CCN1C(=O)c2ccccc2C1=O,7.338966126377914,9.5896,round6,train,40
JLXBDFPEAKKWFM-UHFFFAOYSA-N__IULPOAPEWLEBKC-UHFFFAOYSA-N,train_round6,C1=CC2=C(C(=C1)F)C(=NN2CC3=CC=CS3)C4=CC=C(O4)C=O,CC1=CC(=C(C(=C1)C=O)O)CN2CCN(CCN(CC2)C(C)C)C(C)C,Cc1cc(CN2CCN(C(C)C)CCN(C(C)C)CC2)c(O)c(C(O)C(=O)c2ccc(-c3nn(Cc4cccs4)c4cccc(F)c34)o2)c1,7.567707454937233,6.9566,round6,mixed,49
KQRRGYGDDRAEMU-UHFFFAOYSA-N__DVPMBMBASCBWEE-UHFFFAOYSA-N,train_round6,CN1C=NN=C1SC2=CC(=CC(=C2)F)C=O,CC(C1=CC(=C(C=C1)F)F)N2C=CC=C(C2=O)C=O,CC(c1ccc(F)c(F)c1)n1cccc(C(O)C(=O)c2cc(F)cc(Sc3nncn3C)c2)c1=O,7.283427732703988,9.0584,round6,train,35
IRBPNLSOZVJLPM-UHFFFAOYSA-N__DRRHZRFITLDLDL-UHFFFAOYSA-N,train_round6,CC1=CC=C(C=C1)S(=O)(=O)NC(C)(C)C=O,CC1=C(C=CC(=C1)OC2=C(C=CC=C2F)[N+](=O)[O-])C=O,Cc1ccc(S(=O)(=O)NC(C)(C)C(=O)C(O)c2ccc(Oc3c(F)cccc3[N+](=O)[O-])cc2C)cc1,8.001449691607078,6.1169,round6,train,36
HDHGTALTCQIFOI-UHFFFAOYSA-N__WUIAGSOZNZTUNP-TXEJJXNPSA-N,train_round6,C1=CC(=C(C(=C1)OC2=C(C=C(C=C2)F)C=O)Br)[N+](=O)[O-],CCN(CC)C1=NOC2=C1C=C(C(=C2F)N3C[C@H](O[C@H](C3)C)C)C=O,CCN(CC)c1noc2c(F)c(N3CC(C)OC(C)C3)c(C(O)C(=O)c3cc(F)ccc3Oc3cccc([N+](=O)[O-])c3Br)cc12,15.544055622930456,7.6024,round6,train,45
NWJFGAFDIIUSIX-UHFFFAOYSA-N__GINBPTXHRLUAKC-UHFFFAOYSA-N,train_round6,CC1=C(CCC1)C2=C(C(=CC(=C2)C=O)OC)OC,CC(C)(C)OC(=O)N1CCC(CC1)OC2=C(C=C3C=NC(=NC3=C2)NC4=CC(=CC=C4)F)C=O,COc1cc(C(=O)C(O)c2cc3cnc(Nc4cccc(F)c4)nc3cc2OC2CCN(C(=O)OC(C)(C)C)CC2)cc(C2=C(C)CCC2)c1OC,9.028472268516612,2.9109,round6,train,52
ZJTKREPIFQGZMT-UHFFFAOYSA-N__JCXWDKFSNAFZMZ-LLVKDONJSA-N,train_round6,COC1=CC2=C(C(=CN=C2C=C1)F)C(C=O)Br,C1=CC(=C(C=C1Cl)[C@H](C2=C(SC(=C2)C=O)Cl)O)F,COc1ccc2ncc(F)c(C(Br)C(=O)C(O)c3cc(C(O)c4cc(Cl)ccc4F)c(Cl)s3)c2c1,10.456322986209477,3.4307,round6,train,35
MRWHUCDVBSYEKR-UHFFFAOYSA-N__AUFKVJZHFXKOPJ-UHFFFAOYSA-N,train_round6,C1=C(C(=C(C(=N1)C=O)I)OC(F)(F)F)CCl,CC1CN(CC(O1)C)C2=C(C(=C(C=C2C=O)C#CC3=NN=C(S3)C)F)F,Cc1nnc(C#Cc2cc(C(O)C(=O)c3ncc(CCl)c(OC(F)(F)F)c3I)c(N3CC(C)OC(C)C3)c(F)c2F)s1,7.6290793210209396,6.2626,round6,train,42
FGPZXUJPSDHJEP-UHFFFAOYSA-N__MWJATKYRMBXNSP-UHFFFAOYSA-N,train_round6,C1=CC2=C(C(=C1)C(F)(F)F)NC(=C2C=O)C3=CC=C(S3)Cl,C[Si](C)(C)C1=CC=CC=C1C=O,C[Si](C)(C)c1ccccc1C(O)C(=O)c1c(-c2ccc(Cl)s2)[nH]c2c(C(F)(F)F)cccc12,7.76247582465395,7.0874,round6,train,33
ZZDNQCJCSPHWOE-UHFFFAOYSA-N__PGZZAFQHUAFSBN-UHFFFAOYSA-N,train_round6,C1=CC=C2C(=C1)C(C3=CC=CC=C32)COC(=O)NCCC(C(C4=C(C(=C(C=C4)F)C=O)F)O)O,CN(CC1=CC(=CC=C1)F)C2=CC(=C(C=C2)C=O)Br,CN(Cc1cccc(F)c1)c1ccc(C(O)C(=O)c2c(F)ccc(C(O)C(O)CCNC(=O)OCC3c4ccccc4-c4ccccc43)c2F)c(Br)c1,11.06439078309904,-0.1224,round6,train,53
HNHMKUIDFBVQLP-UHFFFAOYSA-N__MDCMYYVQAFSWMX-UHFFFAOYSA-N,train_round6,C1=CC(=C(N=C1)F)C2=CC(=CN2S(=O)(=O)C3=CC=C(C=C3)F)C=O,C1=CC(=C(C=C1F)OC2=NC=C(C=C2)C=O)[N+](=O)[O-],O=C(c1cc(-c2cccnc2F)n(S(=O)(=O)c2ccc(F)cc2)c1)C(O)c1ccc(Oc2cc(F)ccc2[N+](=O)[O-])nc1,8.995234002352635,5.2771,round6,train,43
BRCBRUGOFKGAQZ-QGZVFWFLSA-N__ANNWKGDVQFISPK-UHFFFAOYSA-N,train_round6,C1CO[C@H](C=C1C2=NC(=C(C(=N2)N)C=O)C3=C(C=C(C=C3)F)F)C4=CNC(=O)C=C4,C1=CC2=C(C(=C1)Br)NC(=C2C=O)C3=CC=C(C=C3)F,Nc1nc(C2=CC(c3ccc(=O)[nH]c3)OCC2)nc(-c2ccc(F)cc2F)c1C(=O)C(O)c1c(-c2ccc(F)cc2)[nH]c2c(Br)cccc12,14.3082395557734,7.684,round6,train,49
KNEXVJAMADGTCT-UHFFFAOYSA-N__BYRNFQHAJNIHSQ-UHFFFAOYSA-N,train_round6,CC1=NN(C(=N1)C)C2=C(C=C(C=C2)F)C=O,CC1=CC(=C(C(=C1Cl)F)C)C=O,Cc1nc(C)n(-c2ccc(F)cc2C(=O)C(O)c2cc(C)c(Cl)c(F)c2C)n1,7.667890542902634,3.5087,round6,train,28
CZKWWHKKYWAPSA-UHFFFAOYSA-N__UICGNBTUPVUFEY-UHFFFAOYSA-N,train_round6,CC1=NC(=C(C(=N1)NC(C)C2=C(C(=CC=C2)C(F)F)F)C=O)N,C1=C(C(=C(C(=N1)CN)C=O)OC(F)(F)F)N,Cc1nc(N)c(C(=O)C(O)c2c(CN)ncc(N)c2OC(F)(F)F)c(NC(C)c2cccc(C(F)F)c2F)n1,8.065815185108585,6.5289,round6,train,39
LPROFESISOUNEV-UHFFFAOYSA-N__GBQSNSKQDCNVEA-UHFFFAOYSA-N,train_round6,CC1=C(C(=O)C2=C(O1)C(=C(C=C2)O)C=O)OC3=CC=C(C=C3)Cl,C1=CC(=C(C(=C1)F)C2=C(C=C(C=C2Cl)Cl)C=O)C(=O)O,Cc1oc2c(C(=O)C(O)c3cc(Cl)cc(Cl)c3-c3c(F)cccc3C(=O)O)c(O)ccc2c(=O)c1Oc1ccc(Cl)cc1,10.803678747461255,2.8404,round6,mixed,43
RCJHNCKSKJGTJK-FVKWTLKZSA-N__NKBYRBWOIDRVBW-UHFFFAOYSA-N,train_round6,CC1CCC(CC1)[C@@H](C(=O)NC2=NC=C(C(=C2)C=O)F)NC(=O)OC(C)(C)C,C1CC(=O)NC(=O)C1C2=C(C=C(C=C2F)C3CCN(CC3)C4=CN=C(C=C4)C=O)F,CC1CCC(C(NC(=O)OC(C)(C)C)C(=O)Nc2cc(C(=O)C(O)c3ccc(N4CCC(c5cc(F)c(C6CCC(=O)NC6=O)c(F)c5)CC4)cn3)c(F)cn2)CC1,8.304659160900437,5.2287,round6,train,58
LHVWHPVNVADYCH-UHFFFAOYSA-N__MJLLBSOKJNZCMT-UHFFFAOYSA-N,train_round6,CS(=O)(=O)C1=CN=C(C=C1)N2C(=C(C(=N2)C(F)(F)F)C=O)NCC3=CC=CC=N3,C1=CNC(=C1C=O)F,CS(=O)(=O)c1ccc(-n2nc(C(F)(F)F)c(C(=O)C(O)c3cc[nH]c3F)c2NCc2ccccn2)nc1,9.400585918924136,8.6922,round6,train,37
JFGBPQSYUDXNOS-UHFFFAOYSA-N__AJSJXZXNIFCBLZ-FKWGRNQDSA-N,train_round6,C1=CC=C(C(=C1)C=O)SC2=C(C=C(C=C2)F)CN,COC(=O)CC1COC2=C1C=CC(=C2)O[C@@H]3CCC4=C3C=CC(=C4C=O)C(F)(F)F,COC(=O)CC1COc2cc(OC3CCc4c3ccc(C(F)(F)F)c4C(O)C(=O)c3ccccc3Sc3ccc(F)cc3CN)ccc21,10.045161198319043,1.9815,round6,mixed,48
ZSWFSQPBPOLROW-UHFFFAOYSA-N__CSYCGGVTSGQTHD-UHFFFAOYSA-N,train_round6,C1=CC=C(C=C1)CCN2C=NC=C2C=O,CC1=C(C=C(C=C1)F)NC(=O)CN2C(=C(C3=CC=CC=C32)C=O)C,Cc1ccc(F)cc1NC(=O)Cn1c(C)c(C(O)C(=O)c2cncn2CCc2ccccc2)c2ccccc21,7.92828347080404,6.1308,round6,train,39
RTPDUCZFCFMKNT-UHFFFAOYSA-N__BTCRLXYTAHWSAI-UHFFFAOYSA-N,train_round6,C1=CC=C(C(=C1)N2C(=C(C(=N2)C3=CC(=CC=C3)F)C=O)Cl)[N+](=O)[O-],CC(C)OC(=O)C1=CC=CC(=C1)CN2C=C(C3=C2C=CC(=C3)F)C=O,CC(C)OC(=O)c1cccc(Cn2cc(C(O)C(=O)c3c(-c4cccc(F)c4)nn(-c4ccccc4[N+](=O)[O-])c3Cl)c3cc(F)ccc32)c1,16.828514628145555,9.9263,round6,train,49
KGVJYFIVCXEBQO-UHFFFAOYSA-N__SMCPCKKKCYIUQJ-UHFFFAOYSA-N,train_round6,C1=CC=C(C(=C1)C=O)OCC2=C(C=C(C=C2)F)F,C1CS(=O)(=O)CC1N2C=C(C(=N2)C3=CC=CC=C3F)C=O,O=C(c1ccccc1OCc1ccc(F)cc1F)C(O)c1cn(C2CCS(=O)(=O)C2)nc1-c1ccccc1F,12.125963217965449,3.2676,round6,mixed,39
ZXLCJUZKEXLUGO-UHFFFAOYSA-N__OTRKSDOUDRLVEJ-IBGZPJMESA-N,train_round6,C1=C(C(=NC(=C1Cl)C=O)C(F)F)F,C1CCC(CC1)N2CCC[C@]2(C=O)C(=O)OCC3=CC=CC=C3,O=C(c1nc(C(F)F)c(F)cc1Cl)C(O)C1(C(=O)OCc2ccccc2)CCCN1C1CCCCC1,7.344944215719866,5.4478,round6,mixed,36
GDIQHKIGHKFMGW-UHFFFAOYSA-N__YBUNFPZHXACSJP-UHFFFAOYSA-N,train_round6,CC1=NN(C(=C1C=O)OCCCOC)C2=C(C=C(C=C2)F)F,CC1CN1C2=C(C3=CC=CC=C3N2C4=CC=C(C=C4)C(C)(C)C)C=O,COCCCOc1c(C(=O)C(O)c2c(N3CC3C)n(-c3ccc(C(C)(C)C)cc3)c3ccccc23)c(C)nn1-c1ccc(F)cc1F,10.664928813871702,0.8149,round6,train,47
VRZOTWIYYZQRMF-UHFFFAOYSA-N__SORWIQPKSZSBQM-UHFFFAOYSA-N,train_round6,CC1=C2C(=CC=C1)C=C(O2)C3=C(C=CC(=C3)F)C=O,C1=CC2=C(C=CO2)C=C1C3=CC(=CC(=C3)C=O)OC(F)(F)F,Cc1cccc2cc(-c3cc(F)ccc3C(=O)C(O)c3cc(OC(F)(F)F)cc(-c4ccc5occc5c4)c3)oc12,9.08214849344368,1.365,round6,mixed,41
WEQYVBXGHCNSAK-UHFFFAOYSA-N__GNGNPCFSQAQMKY-UHFFFAOYSA-N,train_round6,CCC1C(=NN(C(S1)(C=O)N(C)C)CC)C2=CC(=C(C(=C2F)OC)OC)F,CC1=CC(=C(C=C1F)C(C=O)NC(=O)OC(C)(C)C)F,CCC1SC(C(=O)C(O)C(NC(=O)OC(C)(C)C)c2cc(F)c(C)cc2F)(N(C)C)N(CC)N=C1c1cc(F)c(OC)c(OC)c1F,8.212580959371898,-0.3977,round6,mixed,47
VORXFZVLGZLASB-UHFFFAOYSA-N__QYFUIAXQDNVUKP-UHFFFAOYSA-N,train_round6,CC1=CC(=CC(=C1O)C)CC(C=O)N,COC1=CC2=C(C=C1)C=CC3=C2C(=C(O3)C4=CC=CC=C4F)C5=C(NC6=CC=CC=C65)C=O,COc1ccc2ccc3oc(-c4ccccc4F)c(-c4c(C(O)C(=O)C(N)Cc5cc(C)c(O)c(C)c5)[nH]c5ccccc45)c3c2c1,7.667665593265466,4.6751,round6,train,47
GZKMFAJWUNSXOK-UHFFFAOYSA-N__DGADTZIGHLQBTO-UHFFFAOYSA-N,train_round6,C1CN(C(CN1C2=C(C=CC=N2)NCCF)C=O)C3=CC4=CC=CC=C4N3,C1CN(CCC1C(F)(F)F)C2=NC=C(S2)C=O,O=C(C(O)c1cnc(N2CCC(C(F)(F)F)CC2)s1)C1CN(c2ncccc2NCCF)CCN1c1cc2ccccc2[nH]1,11.894034649041028,3.0968,round6,train,44
JAVHFBUBBGOETF-UHFFFAOYSA-N__FFNNAPFSJHGARR-UHFFFAOYSA-N,train_round6,CC(C)SC1=C(C=C(C(=C1)OC)C=O)OC,C1CC1OC(=O)NC2=CC(=NC3=C(C=NN23)C=O)C4=CC(=CC=C4)OC(F)(F)F,COc1cc(C(=O)C(O)c2cnn3c(NC(=O)OC4CC4)cc(-c4cccc(OC(F)(F)F)c4)nc23)c(OC)cc1SC(C)C,15.914679255471972,10.2512,round6,train,45
KVJXSOZTQJVWKL-UHFFFAOYSA-N__AHRJZXFBUCJPCL-UHFFFAOYSA-N,train_round6,C1C(C12C=NC3=CC=CC=C23)C(=O)OCC=O,CN1C=C(C(=N1)OC(F)F)C=O,Cn1cc(C(O)C(=O)COC(=O)C2CC23C=Nc2ccccc23)c(OC(F)F)n1,13.897575439984204,8.3044,round6,train,29
HDXWSQGDZOEFAL-KRWDZBQOSA-N__FGFAFVREKOIXLY-UHFFFAOYSA-N,train_round6,C1=CC=C(C(=C1)C[C@@H](C=O)NC(=O)OCC2C3=CC=CC=C3C4=CC=CC=C24)F,C1=CC=C(C=C1)C2=CC3=C(C=CC=C3O2)C=O,O=C(NC(Cc1ccccc1F)C(=O)C(O)c1cccc2oc(-c3ccccc3)cc12)OCC1c2ccccc2-c2ccccc21,10.64488082607844,1.3595,round6,train,46
FEZARQWSOHNUML-UHFFFAOYSA-N__LFEHNFNWGHUURY-UHFFFAOYSA-N,train_round6,C1=CC(=CC=C1C2=NOC(=C2)CC=O)F,CN(CCC1=CC2=C(C(=C1C=O)OC)OCO2)C(=S)NCC3=CC=CC=C3,COc1c2c(cc(CCN(C)C(=S)NCc3ccccc3)c1C(O)C(=O)Cc1cc(-c3ccc(F)cc3)no1)OCO2,8.942014255492161,-0.1911,round6,train,42
PMQMPGAURJPXKS-MYYSRTQBSA-N__YKVVBLRSKTZSAY-UHFFFAOYSA-N,train_round6,C[C@@H]1CCC[C@@](N(C1)C)(C)CN2C=C(C(=O)C(=C2C=O)O)C(=O)NCC3=C(C=C(C=C3)F)F,CCOC1=C(C=C(C(=C1C)N2C(SCC2=O)C3=CC=C(C=C3)F)CC=O)C(=O)O,CCOc1c(C(=O)O)cc(CC(O)C(=O)c2c(O)c(=O)c(C(=O)NCc3ccc(F)cc3F)cn2CC2(C)CCCC(C)CN2C)c(N2C(=O)CSC2c2ccc(F)cc2)c1C,10.628779631384772,8.7213,round6,mixed,62
OTMXHFNMEPOLMY-NBVRZTHBSA-N__FUYDACWLMIPEJT-UHFFFAOYSA-N,train_round6,CC1=C(C=C(C=C1)/C(=N/OCC2=CC=CC=C2)/C)C=O,COC1=CC=CC(=C1)C2=NC(=CO2)CN3C=CN=C3C=O,COc1cccc(-c2nc(Cn3ccnc3C(O)C(=O)c3cc(C(C)=NOCc4ccccc4)ccc3C)co2)c1,9.47843584919539,0.6535,round6,mixed,41
DMZDZEMMXIPVOS-UHFFFAOYSA-N__XTCDTRPUKAPOPL-UHFFFAOYSA-N,train_round6,CCOC(=O)C1=CN(CCC2=C1NC3=C2C=CC(=C3)Br)CC4(CCC(CC4)F)C=O,C1CSCC1C(C2=CC=CC=C2C=O)F,CCOC(=O)C1=CN(CC2(C(=O)C(O)c3ccccc3C(F)C3CCSC3)CCC(F)CC2)CCc2c1[nH]c1cc(Br)ccc21,8.077353759084398,6.0648,round6,train,45
ZOMHMXAKTGRPGK-UHFFFAOYSA-N__MYMWJQCQSRBPAZ-UHFFFAOYSA-N,train_round6,C1=CC(=CC(=C1)F)C2=NC(=C(C=C2)F)C=O,C1C=C(C2=C(N1)C=CC(=C2)C=O)OC3=CC(=C(C=C3)N)F,Nc1ccc(OC2=CCNc3ccc(C(O)C(=O)c4nc(-c5cccc(F)c5)ccc4F)cc32)cc1F,10.444903568644822,3.6608,round6,train,37
IKVFWZXKELLOJV-UHFFFAOYSA-N__DILFYIKBTBYZSL-UHFFFAOYSA-N,train_round6,CCOC1=C(C=C(C=C1OC(C)C)F)C=O,CC(C)(C)OC(=O)N1CCC(CC1)COC2=C(C(=CC=C2)F)C3=CC=C(O3)C=O,CCOc1c(OC(C)C)cc(F)cc1C(=O)C(O)c1ccc(-c2c(F)cccc2OCC2CCN(C(=O)OC(C)(C)C)CC2)o1,8.567681355940618,7.5142,round6,train,45
LFKQKUSNFIZECZ-SNAWJCMRSA-N__AGZMNSCTDHNPRJ-UHFFFAOYSA-N,train_round6,C[Si](C)(C)CCOCN1C=C(C(=N1)C2=NC(=CN2S)CF)/C=C/C3=CC(=CN=C3)C=O,C1CC1C2=CC(=NN2C3=CC=C(C=C3)F)C=O,C[Si](C)(C)CCOCn1cc(C=Cc2cncc(C(=O)C(O)c3cc(C4CC4)n(-c4ccc(F)cc4)n3)c2)c(-c2nc(CF)cn2S)n1,9.697386961731086,1.5385,round6,train,48
XCSOWVDLYPTVRW-UHFFFAOYSA-N__KRFUDAZNCFUUGA-GKCIPKSASA-N,train_round6,CNC(=O)N(CCCCCSNC1(CNC1)C2=CC(=C(C=C2)F)OCC3CC3)CC=O,CC[C@@](CO[C@@H](C)[C@@H](C1=CC=CC=C1)OC2=CC(=CC(=C2)Cl)F)(C=O)N,CCC(N)(COC(C)C(Oc1cc(F)cc(Cl)c1)c1ccccc1)C(O)C(=O)CN(CCCCCSNC1(c2ccc(F)c(OCC3CC3)c2)CNC1)C(=O)NC,8.460312149135412,5.4416,round6,mixed,57
KNIGIFWBHGECDA-UHFFFAOYSA-N__CKHRUSQNNGUXCQ-UHFFFAOYSA-N,train_round6,C1=C(OC(=C1)C=O)COC(C(F)(F)F)C(F)(F)F,CCC=CCC=CCC=CCCCCCCCCCCCCCCCC1=CC=C(N1)C=O,CCC=CCC=CCC=CCCCCCCCCCCCCCCCc1ccc(C(O)C(=O)c2ccc(COC(C(F)(F)F)C(F)(F)F)o2)[nH]1,12.83365431521486,8.7572,round6,train,50
ASWKPKOJDBKTHY-UHFFFAOYSA-N__KDGOGMPXIYKERF-UHFFFAOYSA-N,train_round6,C1=CC(=C(C=C1OC(F)F)I)C2=CC=C(O2)C=O,C1CN(CCC1CN2CC3=C(C2C=O)C=C(C=C3)F)CC(=O)C4=CC=C(C=C4)F,O=C(CN1CCC(CN2Cc3ccc(F)cc3C2C(O)C(=O)c2ccc(-c3ccc(OC(F)F)cc3I)o2)CC1)c1ccc(F)cc1,7.972644386567917,5.8814,round6,train,47
JUDVJAOTEMUMQF-UHFFFAOYSA-N__YPBJKPRJFGQTSI-UHFFFAOYSA-N,train_round6,C1=CC(=C(C=C1C(F)(F)F)C=O)C#CCC#N,C1=CC(=C(C=C1Br)C=O)OCC2=CC(=CC(=C2)Br)F,N#CCC#Cc1ccc(C(F)(F)F)cc1C(=O)C(O)c1cc(Br)ccc1OCc1cc(F)cc(Br)c1,8.978207391142856,-1.5251,round6,train,36
ZMWCNCSLJVRYFP-MRXNPFEDSA-N__UEGRCEURGDLUHE-UHFFFAOYSA-N,train_round6,CC1=CC=C(C=C1)N[C@@H]2CCN(C2)C(=O)C3=C(C=CC(=C3)C=O)F,CC(C)C(COCC1(C(C(C(O1)N2C=CC(=NC2=O)N)F)O)CCl)(C=O)N,Cc1ccc(NC2CCN(C(=O)c3cc(C(=O)C(O)C(N)(COCC4(CCl)OC(n5ccc(N)nc5=O)C(F)C4O)C(C)C)ccc3F)C2)cc1,9.166959266146682,8.7296,round6,mixed,51
SQOBPHMPUQLHAF-UHFFFAOYSA-N__FSMMMQWAIKAMQM-UHFFFAOYSA-N,train_round6,C1=CN(C(=C1)C=O)CCC(=O)NC2=CC(=C(C=C2)Cl)C(F)(F)F,CN(CCCCCCCCCCCCN1C=C(C2=C1C=CC(=C2)O)C=O)CC3=CC(=CC=C3)O,CN(CCCCCCCCCCCCn1cc(C(O)C(=O)c2cccn2CCC(=O)Nc2ccc(Cl)c(C(F)(F)F)c2)c2cc(O)ccc21)Cc1cccc(O)c1,10.80383218246338,9.3179,round6,mixed,57
IHFFJZXRIPFLFN-UHFFFAOYSA-N__UUJDAAUXWRPMRE-UHFFFAOYSA-N,train_round6,CC1=CC(=C(C(=C1O)C)C=O)O,CC(CC=O)C1=CC(=C(C=C1)S(=O)(=O)C2CC2)F,Cc1cc(O)c(C(=O)C(O)CC(C)c2ccc(S(=O)(=O)C3CC3)c(F)c2)c(C)c1O,11.542486953101228,2.8297,round6,mixed,30
CXFAAFDGWVXLKW-UHFFFAOYSA-N__BWLFHHNWKBWHLQ-UHFFFAOYSA-N,train_round6,CC1=C(C=CC2=CC(=C(C=C12)N3CCOCC3)O)C=O,C1=CC=C(C=C1)COC(=O)NCCC=CC2=C(C=CC(=C2)F)C=O,Cc1c(C(=O)C(O)c2ccc(F)cc2C=CCCNC(=O)OCc2ccccc2)ccc2cc(O)c(N3CCOCC3)cc12,8.59915820194889,2.3205,round6,train,44
WJFUPOOSIXSJBR-UHFFFAOYSA-N__JAVLWKUXJWCOLL-UHFFFAOYSA-N,train_round6,C1=CC=C2C(=C1)C(=O)N(C2=O)C3=C(C=C(C=C3)F)C=O,CC(C)(C)C1=C(C=CC(=C1)C2=CC=C(S2)C=O)OC,COc1ccc(-c2ccc(C(O)C(=O)c3cc(F)ccc3N3C(=O)c4ccccc4C3=O)s2)cc1C(C)(C)C,9.61548925723776,4.5837,round6,train,39
WCHBJBRXJVUQLX-UHFFFAOYSA-N__SDHBVUCFEHUWAD-UHFFFAOYSA-N,train_round6,CC(C)C1=C(N(N=N1)C2=CC(=CC=C2)F)C=O,CC(C(=O)NC(=O)N)OC1=C(C=C(C=C1F)C=O)F,CC(Oc1c(F)cc(C(O)C(=O)c2c(C(C)C)nnn2-c2cccc(F)c2)cc1F)C(=O)NC(N)=O,10.83613990871751,6.0058,round6,train,36
MZUNSPCUBXCPBV-UHFFFAOYSA-N__HXHCCUWOGMBIRD-UHFFFAOYSA-N,train_round6,C=C=CN1C2=CC=CC=C2N=C1C=O,CC1=CC(=C(C(=C1CCC2(C=CC3=C(O2)C=CC(=C3)O)C)C)C=O)O,C=C=Cn1c(C(=O)C(O)c2c(O)cc(C)c(CCC3(C)C=Cc4cc(O)ccc4O3)c2C)nc2ccccc21,9.41005635458627,5.3813,round6,train,39
GGLYXSROFWLMIH-ADSMNUKGSA-N__AHFUWIZVQBFJJK-ZHACJKMWSA-N,train_round6,CC1=CC(=C2C(=C1)OC[C@H](O2)C(C)(C)O)[C@]3([C@@H](CC4=C3C(=C(C=C4)O)C=O)C(=C)C)O,COCC1=CC(=C(C=C1C=O)C(F)(F)F)/C=C/C2=C(C(=CC=C2)C3=CC=CC=C3)C#N,C=C(C)C1Cc2ccc(O)c(C(=O)C(O)c3cc(C(F)(F)F)c(C=Cc4cccc(-c5ccccc5)c4C#N)cc3COC)c2C1(O)c1cc(C)cc2c1OC(C(C)(C)O)CO2,15.515042956739196,12.0164,round6,mixed,62
RLNJRWQOQXGWCL-UHFFFAOYSA-N__RASPNAIOAVIEJJ-UHFFFAOYSA-N,train_round6,C1=C(C(=C(C(=N1)[N+](=O)[O-])O)OC(F)(F)F)C=O,CC1=CC2=C(C=CC(=C2)OC)C(=C1C3=CC(=CC=C3)C(F)(F)F)OC4=CC=C(C=C4)C=O,COc1ccc2c(Oc3ccc(C(O)C(=O)c4cnc([N+](=O)[O-])c(O)c4OC(F)(F)F)cc3)c(-c3cccc(C(F)(F)F)c3)c(C)cc2c1,13.309511817763712,10.0711,round6,train,49
YLCWLMNABQUAMM-VMPITWQZSA-N__XIXDJDYAHUVBED-UHFFFAOYSA-N,train_round6,CCOC(=O)/C=C/CSC1=CC=CC=C1C=O,CC1=CC(=CC(=C1)NC2=NC=C(C(=N2)N3C=C(C(=N3)C)C=O)F)C,CCOC(=O)C=CCSc1ccccc1C(=O)C(O)c1cn(-c2nc(Nc3cc(C)cc(C)c3)ncc2F)nc1C,8.242275544511184,4.9601,round6,train,41
QTFDJJFYMFESDY-UHFFFAOYSA-N__ZAPCMFBYJDQISV-UHFFFAOYSA-N,train_round7,CC1=C(N=C(O1)C2=CC=C(C=C2)OC(F)(F)F)C=O,COC(=O)CN1C(=C(N=N1)C=O)C=C,C=Cc1c(C(O)C(=O)c2nc(-c3ccc(OC(F)(F)F)cc3)oc2C)nnn1CC(=O)OC,2.487176482447245,0.9222,round7,train,33
RCGQAPUWWHXBOK-SNVBAGLBSA-N__XNUXSAGMXTXYOS-MRVPVSSYSA-N,train_round7,C[C@H](C=O)C1=CC2=C(C=C1)C=C(C=C2)OC,C1=CC=C2C(=C1)C(=O)N(C2=O)[C@H](CC=O)CF,COc1ccc2cc(C(C)C(=O)C(O)CC(CF)N3C(=O)c4ccccc4C3=O)ccc2c1,-1.623935257561916,-3.5325,round7,train,33
WYOWIJHQBHAUFN-UHFFFAOYSA-N__YBWHRFKAINXEKC-UHFFFAOYSA-N,train_round7,CC1=C(C=CN=C1F)C=CCC=O,C1CC(CCC1C=O)NC2=CC=C(C=C2)C(F)(F)F,Cc1c(C=CCC(=O)C(O)C2CCC(Nc3ccc(C(F)(F)F)cc3)CC2)ccnc1F,-3.268517996485245,0.1128,round7,train,32
AMLHCPGGZHTDFQ-UHFFFAOYSA-N__TULQXSFEDXIVTJ-UHFFFAOYSA-N,train_round7,CC1=NC=C(C=C1)C2=CC(=C(C=C2)C=O)C(F)(F)F,CC1=CC(=CC(=C1)C(=O)OCC(C(C(C=O)F)OC(=O)C2=CC(=CC(=C2)C)C)Br)C,Cc1cc(C)cc(C(=O)OCC(Br)C(OC(=O)c2cc(C)cc(C)c2)C(F)C(O)C(=O)c2ccc(-c3ccc(C)nc3)cc2C(F)(F)F)c1,0.2347509056170048,2.2778,round7,train,49
JFFBGHFFVBSIAL-UHFFFAOYSA-N__JTRCKPVKQQEFTP-UHFFFAOYSA-N,train_round7,C1=CC2=C(C=C1Cl)NC(=N2)C3=CC=C(O3)C=O,C1=CN2C(=CC(=C2SC(F)F)C=O)C(=C1)Br,O=C(c1ccc(-c2nc3ccc(Cl)cc3[nH]2)o1)C(O)c1cc2c(Br)cccn2c1SC(F)F,1.4955864725784656,0.6443,round7,mixed,33
UKOCRARRKGSVNO-UHFFFAOYSA-N__OFAXAKAOXKMQOJ-UHFFFAOYSA-N,train_round7,C1CC(=O)C(C1=O)C=O,C1=C(C(=C(N=C1C(F)F)C=O)OC(F)(F)F)N,Nc1cc(C(F)F)nc(C(O)C(=O)C2C(=O)CCC2=O)c1OC(F)(F)F,-2.168609104275137,-2.476,round7,mixed,26
UEMZWSAUWIPEOF-UHFFFAOYSA-N__MDTUGAYUZHEGSD-UHFFFAOYSA-N,train_round7,CCOC(=O)C(CC=C)(CC=O)C(=O)OCC,CC1=NC(=NC=C1C=O)C2=CC(=C(C=C2)OC(F)F)C3=CC=CC=C3,C=CCC(CC(=O)C(O)c1cnc(-c2ccc(OC(F)F)c(-c3ccccc3)c2)nc1C)(C(=O)OCC)C(=O)OCC,2.9122654186706245,6.2548,round7,mixed,42
JCISRQNKHZNVHJ-UHFFFAOYSA-N__PRIRNXPPFOEUBC-UHFFFAOYSA-N,train_round7,C1=CC=C(C=C1)C(C=O)O,CSC1=C(C(=C(C=C1)CCC=O)F)F,CSc1ccc(CCC(O)C(=O)C(O)c2ccccc2)c(F)c1F,-0.7172901221613818,5.6464,round7,train,24
OXZSBLGNIUNZGX-UHFFFAOYSA-N__UADNQLIJSMHFFD-UHFFFAOYSA-N,train_round7,CC1=CC(=C(N=C1)C2=CC(=CC=C2)OC(F)(F)F)C=O,C1CCC(CC1)CC(=O)CC=O,Cc1cnc(-c2cccc(OC(F)(F)F)c2)c(C(=O)C(O)CC(=O)CC2CCCCC2)c1,0.8994608496309238,2.8081,round7,train,32
QKMLGMAXXKVBQT-UHFFFAOYSA-N__CUCCCYTZXXDWON-UHFFFAOYSA-N,train_round7,CC(CCC(C)C(=O)O)C=O,C1COCCC1N2C=C(C=N2)C3=CC(=C(C=C3)C=O)OC(F)F,CC(CCC(C)C(=O)C(O)c1ccc(-c2cnn(C3CCOCC3)c2)cc1OC(F)F)C(=O)O,1.6997074689722431,-0.3294,round7,mixed,34
FEDDOEKGPSCDGX-UHFFFAOYSA-N__PRCZCAGTMTVPQM-BLSTVPOUSA-N,train_round7,CCCCN1C=C(C(=O)C2=C1C=C(C=C2)C(F)(F)F)C=O,C1COC[C@@]1(C(=O)NC2=CC3=C(CC(C3)C=O)C(=C2)F)NC(=O)O,CCCCn1cc(C(=O)C(O)C2Cc3cc(NC(=O)C4(NC(=O)O)CCOC4)cc(F)c3C2)c(=O)c2ccc(C(F)(F)F)cc21,1.6945442524899164,4.0809,round7,mixed,45
GHIBHPAKBQCHNC-UHFFFAOYSA-N__UUSPMYHGPLMFJG-UHFFFAOYSA-N,train_round7,CCCCC(C=O)OOC(C)(C)OC,CC(CC=O)C1=C(C=CC=C1F)F,CCCCC(OOC(C)(C)OC)C(=O)C(O)CC(C)c1c(F)cccc1F,1.5241831481906938,4.7456,round7,train,27
LLPARESUQJJJJS-UHFFFAOYSA-N__SQEIAQASDHAMKN-UHFFFAOYSA-N,train_round7,C1=CC(=NC=C1F)C2=NC=C(O2)C=O,C1=C(C(=NC(=C1Cl)CN)C=O)C(F)F,NCc1nc(C(O)C(=O)c2cnc(-c3ccc(F)cn3)o2)c(C(F)F)cc1Cl,-3.687846720256414,-3.6412,round7,mixed,28
HJNBTSSHHGIGLF-UHFFFAOYSA-N__FEHFHIOMFVCFTG-UHFFFAOYSA-N,train_round7,C1=C2C=NNC2=CC(=C1CC=O)F,C1=CC(=C(C=C1C(F)(F)F)C(F)(F)F)CC=O,O=C(Cc1cc2cn[nH]c2cc1F)C(O)Cc1ccc(C(F)(F)F)cc1C(F)(F)F,-0.2133283328358265,3.0348,round7,train,30
DAOLVRGZFCNGGA-UHFFFAOYSA-N__DGKCXDKYAWIZSO-CXNNERTKSA-N,train_round7,CC(CC=O)(C1=C(C=NC=C1)F)O,C[S@@](=O)C1=NC=NC(=C1)N2CC[C@@H]([C@@H](C2)F)C=O,CS(=O)c1cc(N2CCC(C(O)C(=O)CC(C)(O)c3ccncc3F)C(F)C2)ncn1,-4.77161733368205,0.3626,round7,train,31
WVROXHRVJAASLW-UHFFFAOYSA-N__YTXNAQHDNBROHC-TVQRCGJNSA-N,train_round7,COC1=C(C(=C(C=C1)F)OC)CCC=O,C[C@@H](C=O)[C@](CN1C=NC=N1)(C2=C(C=C(C=C2)F)F)O,COc1ccc(F)c(OC)c1CCC(=O)C(O)C(C)C(O)(Cn1cncn1)c1ccc(F)cc1F,-1.095793669530004,-0.6782,round7,train,35
AKCJYCNTIFDECQ-UHFFFAOYSA-N__SZPHZTFXRVWJDE-UHFFFAOYSA-N,train_round7,C1=C(C(=C(N=C1F)C=O)C(F)F)C(F)(F)F,CCOC(=O)C1=C(NC(=C1CCCC2=CC=CC=C2)C(=O)OC(C)(C)C)C=O,CCOC(=O)c1c(C(O)C(=O)c2nc(F)cc(C(F)(F)F)c2C(F)F)[nH]c(C(=O)OC(C)(C)C)c1CCCc1ccccc1,1.378252736723636,9.1126,round7,mixed,44
FIFCZOGXQZGRJO-UHFFFAOYSA-N__BARQOHCVALOERS-UHFFFAOYSA-N,train_round7,CC1CN(C(C2=C1NC(=C2)C=O)C)C,C1=CC(=C(C=C1C(=O)N)OC(F)(F)F)C=O,CC1CN(C)C(C)c2cc(C(=O)C(O)c3ccc(C(N)=O)cc3OC(F)(F)F)[nH]c21,-0.0787674049456569,1.8022,round7,mixed,30
URCDRYREMZBODE-UHFFFAOYSA-N__MZLRDHQGSOZYCD-UHFFFAOYSA-N,train_round7,C1=CC=C(C=C1)C2=CNC(=C2)C=O,C1=CN(C=N1)CCC=O,O=C(c1cc(-c2ccccc2)c[nH]1)C(O)CCn1ccnc1,0.2177270833562873,-0.3382,round7,train,22
HJYBXBVTBHEZPB-UHFFFAOYSA-N__SWNIIWKYCFEYLK-UHFFFAOYSA-N,train_round7,C1=CC(=C(C(=C1[N+](=O)[O-])O)C=O)Br,C1=CC(=CC(=C1)Br)N2C=C(C(=N2)C(F)(F)F)C=O,O=C(c1c(Br)ccc([N+](=O)[O-])c1O)C(O)c1cn(-c2cccc(Br)c2)nc1C(F)(F)F,2.548506677448621,2.6377,round7,train,31
TUUBKCZZHHZVIA-UHFFFAOYSA-N__ZMCJBWWHEYXJJX-UHFFFAOYSA-N,train_round7,C1=CC=C2C(=C1)C(=NC(=N2)C(F)(F)F)OC3=CC=C(C=C3)C=O,CC1=CC(=C(C(=C1)F)OC(C)C)C=O,Cc1cc(F)c(OC(C)C)c(C(O)C(=O)c2ccc(Oc3nc(C(F)(F)F)nc4ccccc34)cc2)c1,1.3896984945688509,0.7229,round7,train,37
MEKRCCCREBZFOS-UHFFFAOYSA-N__BLHZNTNSSCXLRY-UHFFFAOYSA-N,train_round7,C=CCN1C=C(C(=N1)C(F)(F)F)C=O,COC1=CC=C(C=C1)C(=O)OC2=CC=CC=C2C=O,C=CCn1cc(C(=O)C(O)c2ccccc2OC(=O)c2ccc(OC)cc2)c(C(F)(F)F)n1,2.3550332908173552,1.0061,round7,train,33
ZGSYVXCVTSBNLI-UHFFFAOYSA-N__HTJKAXPHXHFSLL-MRVPVSSYSA-N,train_round7,COC1=CC=CC=C1COC2=C(C=C(C=C2)C=O)F,CC1(C=CC(=O)[C@H]1CCC=O)C,COc1ccccc1COc1ccc(C(=O)C(O)CCC2C(=O)C=CC2(C)C)cc1F,-0.9479526269922663,3.2143,round7,train,31
OWPYMDPIUIVPRW-UHFFFAOYSA-N__FVDUGMPVFNHJMP-UHFFFAOYSA-N,train_round7,C1=CC(=CC=C1CC=O)NC(=O)C(F)(F)F,CC1=C(C=C(C=C1)F)OCC=O,Cc1ccc(F)cc1OCC(O)C(=O)Cc1ccc(NC(=O)C(F)(F)F)cc1,-2.297582283403483,-0.81,round7,train,28
OQERHNAYOSZRGL-UHFFFAOYSA-N__NPCXAXXWGHZFDD-UHFFFAOYSA-N,train_round7,CC1=CC(=C(C=C1CC(=O)OC)C=O)F,C1=CN=C(C(=C1C=O)F)N,COC(=O)Cc1cc(C(=O)C(O)c2ccnc(N)c2F)c(F)cc1C,0.1185841243624633,3.4631,round7,train,25
IPGCPSRVYLFSHJ-UHFFFAOYSA-N__BMSISCUZCNYDMK-UHFFFAOYSA-N,train_round7,CC1=CC(=O)C(=NN1C2=C(C(=C(C=C2)F)F)F)C=O,CC(CCCCCC=C)C=O,C=CCCCCCC(C)C(O)C(=O)c1nn(-c2ccc(F)c(F)c2F)c(C)cc1=O,0.2980800617736196,3.7473,round7,train,30
KNQWCBZSMAFRDX-UHFFFAOYSA-N__NDPPCFVMJIFFOZ-UHFFFAOYSA-N,train_round7,CCSNC1=CC(=CC(=C1)C=O)F,C1=C(C(=C(C(=N1)CN)Cl)C(F)F)C=O,CCSNc1cc(F)cc(C(=O)C(O)c2cnc(CN)c(Cl)c2C(F)F)c1,1.481827298608245,2.1026,round7,train,27
HGJCUJBLERLLKY-UHFFFAOYSA-N__XTLOAGYLQICNQK-UHFFFAOYSA-N,train_round7,C1CNC(C2=CC(=C(C=C21)F)Cl)C=O,C1=CC(=C(C=C1CCCC=O)Br)F,O=C(C(O)CCCc1ccc(F)c(Br)c1)C1NCCc2cc(F)c(Cl)cc21,-2.180335625623799,3.6003,round7,train,27
RWBPBFXKJKHLCF-UHFFFAOYSA-N__RTSPCRQPYVTRNU-UHFFFAOYSA-N,train_round7,CCCC(CC)CCC=O,C1CC(CCC1COOSCCC(F)(F)F)C=O,CCCC(CC)CCC(=O)C(O)C1CCC(COOSCCC(F)(F)F)CC1,-0.8210501547944055,1.2062,round7,mixed,28
SQEIAQASDHAMKN-UHFFFAOYSA-N__LLPARESUQJJJJS-UHFFFAOYSA-N,train_round7,C1=C(C(=NC(=C1Cl)CN)C=O)C(F)F,C1=CC(=NC=C1F)C2=NC=C(O2)C=O,NCc1nc(C(=O)C(O)c2cnc(-c3ccc(F)cn3)o2)c(C(F)F)cc1Cl,1.548549008408426,-2.0302,round7,mixed,28
ZTFLDXBOFASMOP-UHFFFAOYSA-N__BBSOLAKQPYNDMK-UHFFFAOYSA-N,train_round7,CC(CC=O)C1=C(C(=CC(=C1Br)F)O)O,CC(C)CC1=C2CCC(C2(CC(C1=NC3=CC=C(C=C3)F)C=N)C)C=O,CC(C)CC1=C2CCC(C(O)C(=O)CC(C)c3c(O)c(O)cc(F)c3Br)C2(C)CC(C=N)C1=Nc1ccc(F)cc1,-1.0617373615314618,0.1945,round7,train,41
QMLMWRCPFLBDPZ-UHFFFAOYSA-N__AMDPKLAGTWFVRM-UHFFFAOYSA-N,train_round7,CC1=C(C=CC(=C1)C(F)(F)F)C=CCC=O,CC1=CC(=CC(=C1N2C(C(OC3=C2C=CC(=C3)[N+](=O)[O-])(C)C)C=O)C)F,Cc1cc(C(F)(F)F)ccc1C=CCC(=O)C(O)C1N(c2c(C)cc(F)cc2C)c2ccc([N+](=O)[O-])cc2OC1(C)C,0.5792158517531577,3.1635,round7,train,42
QWIUVNZZIWZLEX-UHFFFAOYSA-N__AZWYYDCURDTLLU-UHFFFAOYSA-N,train_round7,CC(CC=O)C1=C(C(=CC=C1)OC)CF,C1CCN(C1)CCOC2=C(C=C(C=C2)Br)C=O,COc1cccc(C(C)CC(=O)C(O)c2cc(Br)ccc2OCCN2CCCC2)c1CF,1.4041185625037105,-3.1434,round7,train,32
LBIBFGLXBKDLIB-UHFFFAOYSA-N__CNCVMMWJFOKGQV-UHFFFAOYSA-N,train_round7,CC1(OC2=C(C=CC(=C2)OC3=C(C=C(C=C3F)C=O)F)C(=O)O1)C,COC1=C(C(=C(C=C1)C=O)F)S(=O)(=O)C(F)(F)F,COc1ccc(C(O)C(=O)c2cc(F)c(Oc3ccc4c(c3)OC(C)(C)OC4=O)c(F)c2)c(F)c1S(=O)(=O)C(F)(F)F,2.8227972405751376,5.4118,round7,train,42
LJYFHWAQZAUPIN-UHFFFAOYSA-N__DWFGDTFUXILVTH-UHFFFAOYSA-N,train_round7,CCOC1=C(C=C(C=C1)F)C=CCC=O,C1C2C=CC1C3C2C=CC3CC=O,CCOc1ccc(F)cc1C=CCC(=O)C(O)CC1C=CC2C3C=CC(C3)C12,0.0246755274464281,0.1887,round7,mixed,28
NWBOFIBHTJXKTM-UHFFFAOYSA-N__QVQWPXSWPXRZHX-UHFFFAOYSA-N,train_round7,C1=CC2=C(C=CC(=C2)OCCF)C=C1C=O,CC1=C(C(=C(C=C1)C=O)F)OC(F)F,Cc1ccc(C(O)C(=O)c2ccc3cc(OCCF)ccc3c2)c(F)c1OC(F)F,1.883144162158056,3.8617,round7,train,30
MHASSCPGKAMILD-FIXJOCNVSA-N__BIWHGSNZVKXHSK-UHFFFAOYSA-N,train_round7,CC=C1CN2[C@H]3C[C@@H]1C([C@@H]2CC4=C3NC5=CC=CC=C45)C=O,CCC1C(CCO1)C=O,CC=C1CN2C3CC1C(C(=O)C(O)C1CCOC1CC)C2Cc1c3[nH]c2ccccc12,-0.5045334861088586,-2.8301,round7,train,31
MBSQZSFXFPOODJ-SCZZXKLOSA-N__BVQOXNGVCZNTQM-UHFFFAOYSA-N,train_round7,C[C@H](C1=CC=CC=C1)[C@H](C=O)Cl,C1=C(C=C(C=C1OCC(C(F)F)(F)F)Br)C=O,CC(c1ccccc1)C(Cl)C(=O)C(O)c1cc(Br)cc(OCC(F)(F)C(F)F)c1,-1.9569104117186813,-1.3411,round7,train,29
BWCMVAATNWSTNN-VIFPVBQESA-N__RIXUXSJGAQDHDI-UHFFFAOYSA-N,train_round7,C[C@@H](COC1=C(N=C2C=CC(=CC2=C1)F)C=O)OC,CCOC1=C(C=CC(=C1)C=O)OCCC=C(C)CCC=C(C)C,CCOc1cc(C(O)C(=O)c2nc3ccc(F)cc3cc2OCC(C)OC)ccc1OCCC=C(C)CCC=C(C)C,2.686037214792977,0.4089,round7,train,42
OEEYFGCRDAMUQL-UHFFFAOYSA-N__NXMNTVTWEFLWBQ-GKAPJAKFSA-N,train_round7,CC(C)(C)OC(=O)C1=CC=C(C=C1)N2CCC(C(C2)F)C=O,CC(C=O)[C@@H]1CC(CN1C(=O)OC(C)(C)C)(F)F,CC(C(O)C(=O)C1CCN(c2ccc(C(=O)OC(C)(C)C)cc2)CC1F)C1CC(F)(F)CN1C(=O)OC(C)(C)C,-0.5270297410361818,0.7958,round7,train,40
XMNOCNRFTZRTDW-SCNOPHJPSA-N__CKBUVYCHHBMZSF-UHFFFAOYSA-N,train_round7,CC1=CC=C(C=C1)[C@@H]2[C@H]([C@H](C[C@@]2(C#N)C(=O)OC)C=C)C=O,B(C1=CC(=CC(=C1)NC(=O)C2=CC=CC=C2F)C=O)(O)O,C=CC1CC(C#N)(C(=O)OC)C(c2ccc(C)cc2)C1C(=O)C(O)c1cc(NC(=O)c2ccccc2F)cc(B(O)O)c1,-0.6662028980381846,3.6811,round7,train,43
UNBLTBJLUIYXKO-ONEGZZNKSA-N__YRJLKMPKIPZXNA-UHFFFAOYSA-N,train_round7,C=C/C=C/CCCCCC=O,C1=CC(=CC=C1C(CC=O)O)C(F)F,C=CC=CCCCCCC(=O)C(O)CC(O)c1ccc(C(F)F)cc1,-4.38270956026105,-1.79,round7,mixed,25
NEDBMULABJUSIF-UHFFFAOYSA-N__ZPCRXBVUXRAGEX-UHFFFAOYSA-N,train_round7,C(CCCC=CCCO)CCCC=O,CN(CC(F)F)C1=C(C=CC=C1F)C=O,CN(CC(F)F)c1c(F)cccc1C(O)C(=O)CCCCCCCC=CCCO,2.89203060952825,1.6851,round7,mixed,29
FDDHFCWYCKQKGY-UHFFFAOYSA-N__JRYXHRNBRCHPHT-UHFFFAOYSA-N,train_round7,C1=CC(=C(C=C1C(=O)O)O)C=O,C1=C(N=C(C(=C1OC(F)(F)F)F)C=O)CF,O=C(O)c1ccc(C(=O)C(O)c2nc(CF)cc(OC(F)(F)F)c2F)c(O)c1,1.330080151136679,4.1344,round7,train,28
BOQHMDVUUFLCCI-UHFFFAOYSA-N__GYEKHFZVADCTPF-UHFFFAOYSA-N,train_round7,C1=CC(=CC=C1C2=C(C=NC=C2)C=O)F,C1=C(C=NC(=C1F)C2=NNC(=C2)C(F)(F)F)C=O,O=C(c1cnccc1-c1ccc(F)cc1)C(O)c1cnc(-c2cc(C(F)(F)F)[nH]n2)c(F)c1,0.4308247212228572,0.9905,round7,train,33
TUEYZYOJFUYYOB-UHFFFAOYSA-N__KRXPLQRSHBWMHK-UHFFFAOYSA-N,train_round7,C1=C(C(=C(C(=N1)C(F)F)C=O)I)C#N,COC1=C(C(=C(C=C1C=O)F)S(=O)(=O)C)F,COc1c(C(O)C(=O)c2c(C(F)F)ncc(C#N)c2I)cc(F)c(S(C)(=O)=O)c1F,-0.2812303631323501,2.0333,round7,train,30
RSMWASWWFQNXAE-UHFFFAOYSA-N__CPYBYNULYAMTFT-UHFFFAOYSA-N,train_round7,CCC1=C(N=CC(=C1)F)C=O,COCC1=CC(=CC=C1)OC2=C(C(=CC=C2)F)C=O,CCc1cc(F)cnc1C(=O)C(O)c1c(F)cccc1Oc1cccc(COC)c1,1.2428289999933495,1.4646,round7,train,30
ADVCYEWNLCGTBT-UHFFFAOYSA-N__FNDMFRHOMBPVFE-UHFFFAOYSA-N,train_round7,C1CN(C(C1C=O)C2=C(C=C(C=C2)F)F)CC3=CC=CC=C3,CN1C(=O)CCC(C1=O)NC2=CC(=C(C=C2)N3CCC(CC3)C=O)F,CN1C(=O)CCC(Nc2ccc(N3CCC(C(O)C(=O)C4CCN(Cc5ccccc5)C4c4ccc(F)cc4F)CC3)c(F)c2)C1=O,-0.4643702445509136,-0.3396,round7,mixed,47
XCHSNFACJVCLEL-QMMMGPOBSA-N__JIAAGTOWQVQFHX-UHFFFAOYSA-N,train_round7,C[C@@H](C=O)NC(=O)CC1=CC=CC=C1F,CC1=C(C(=C2C=C(C=CC2=N1)Cl)C3=CC=CC=C3)C=O,Cc1nc2ccc(Cl)cc2c(-c2ccccc2)c1C(O)C(=O)C(C)NC(=O)Cc1ccccc1F,-0.0500637982413146,0.4029,round7,train,35
HOBHSQCWFCALHL-UHFFFAOYSA-N__REEAKGRNKLXYRK-UHFFFAOYSA-N,train_round7,CC1=CC(=C(C=C1OCC=O)F)F,CCC(=O)NC1=C(C(=CC(=C1)Br)F)C=O,CCC(=O)Nc1cc(Br)cc(F)c1C(O)C(=O)COc1cc(F)c(F)cc1C,2.289597331478447,1.7025,round7,train,28
WABISCMFKZKAAL-UHFFFAOYSA-N__MXMRYAYBTGQSSK-UHFFFAOYSA-N,train_round7,C1=C(C(=C(N=C1F)C=O)C(F)(F)F)C(F)F,C1CC(C(C=C1)C=O)C2=CC=CC=C2,O=C(c1nc(F)cc(C(F)F)c1C(F)(F)F)C(O)C1C=CCCC1c1ccccc1,-2.081959683623444,-1.7734,round7,train,30
OIILHWXNBKGZGO-UHFFFAOYSA-N__DGERVZRAOHDCEL-UHFFFAOYSA-N,train_round7,CC1(CC2=C(O1)C(=C(C=C2)F)F)C=O,CC1=CC(=CC(=C1)F)C(=O)N(C)CC(=O)CC=O,Cc1cc(F)cc(C(=O)N(C)CC(=O)CC(O)C(=O)C2(C)Cc3ccc(F)c(F)c3O2)c1,-2.5526830082470044,-0.3908,round7,train,32
NFUCLWJPHDYMOE-UHFFFAOYSA-N__VMFWTLMYIONNQN-UHFFFAOYSA-N,train_round7,C1=CC(=CC=C1OC2=NC=C(C=N2)C=O)F,CCC(CC=O)C1=CC(=C(C=C1)OC)F,CCC(CC(O)C(=O)c1cnc(Oc2ccc(F)cc2)nc1)c1ccc(OC)c(F)c1,2.7369200397115887,-0.5978,round7,train,31
TUUQYQCDTCXIEH-UHFFFAOYSA-N__YVDXDQDMBZWQCP-AXDSSHIGSA-N,train_round7,COCOC1=C(C=CC(=C1)C=O)OCC2=CC=CC=C2,CN(C1=CC=C(C=C1)F)[C@H](C(C=O)NC(=O)O)O,COCOc1cc(C(=O)C(O)C(NC(=O)O)C(O)N(C)c2ccc(F)cc2)ccc1OCc1ccccc1,-5.332978012658204,-2.1469,round7,train,38
VURUKMHLUUMQHU-UHFFFAOYSA-N__ZZNVVNDWAUUFFY-JTQLQIEISA-N,train_round7,C1=CC(=CC=C1C2=C(C=C(C=C2)CC=O)C(F)(F)F)Cl,C[C@](C=O)(C(F)(F)F)OCC1=CC=CC=C1,CC(OCc1ccccc1)(C(O)C(=O)Cc1ccc(-c2ccc(Cl)cc2)c(C(F)(F)F)c1)C(F)(F)F,-3.733232279454577,0.4745,round7,train,36
CEHLYWKIPAYYMO-UHFFFAOYSA-N__DFIKTZMRQDTVTE-UHFFFAOYSA-N,train_round7,CC(C)(CCCCOC1=C(C=C(C=C1)F)C=O)C#N,C1=CC(=C(C=C1C=O)F)C(=O)N,CC(C)(C#N)CCCCOc1ccc(F)cc1C(=O)C(O)c1ccc(C(N)=O)c(F)c1,2.467285325062832,3.4392,round7,train,31
QPJLYNONWURNPS-UHFFFAOYSA-N__OYLVZGKOBVQWLK-UHFFFAOYSA-N,train_round7,C1=C(C(=NN1CC(F)(F)F)C=O)I,C1CC1C2=CC(=C(N=C2)F)C=O,O=C(c1nn(CC(F)(F)F)cc1I)C(O)c1cc(C2CC2)cnc1F,1.158146195921614,3.9461,round7,train,25
WQBOFWJEAOGMIE-UHFFFAOYSA-N__SAIMIPIZWCOROI-ZBFHGGJFSA-N,train_round7,CN1C(=C2C=C(C=CC2=N1)C=O)C(F)(F)F,C1=CC=C(C=C1)C[C@H](C=O)[C@H](C[N+](=O)[O-])C2=CC=CC=C2C(F)(F)F,Cn1nc2ccc(C(=O)C(O)C(Cc3ccccc3)C(C[N+](=O)[O-])c3ccccc3C(F)(F)F)cc2c1C(F)(F)F,0.0945907919481889,-2.6352,round7,train,41
SKIBYTHWQPTZMX-UHFFFAOYSA-N__QACCVDWOCNISBC-UHFFFAOYSA-N,train_round7,C1=CC=C(C=C1)OC(=O)CC=O,CC(C)(CCCCOC1=CC(=CC(=C1)C=O)F)C#N,CC(C)(C#N)CCCCOc1cc(F)cc(C(O)C(=O)CC(=O)Oc2ccccc2)c1,0.882037455378672,1.3363,round7,train,31
LBXUDEIBNAVSJM-UNOMPAQXSA-N__OEQRZPWMXXJEKU-UHFFFAOYSA-N,train_round7,CN(/C(=C\C(=C)C1=NC(=NO1)C2=CC(=C(C=C2)CC=O)C(F)(F)F)/C3=CC=CC=C3)N,CC(C=O)NC(=O)OC(C)(C)C,C=C(C=C(c1ccccc1)N(C)N)c1nc(-c2ccc(CC(=O)C(O)C(C)NC(=O)OC(C)(C)C)c(C(F)(F)F)c2)no1,-5.1883418279345,-7.7479,round7,train,43
OSDFLZWHOSHUOT-CYBMUJFWSA-N__ZEIAAHKKQHADOD-UHFFFAOYSA-N,train_round7,CC1=CC(=C(C=C1)[C@@H](CC=O)NC(=O)OC(C)(C)C)F,CC(CCC1=CC=CC=C1F)C=O,Cc1ccc(C(CC(=O)C(O)C(C)CCc2ccccc2F)NC(=O)OC(C)(C)C)c(F)c1,-0.3924212573340774,1.8178,round7,train,33
IFBHUDAGRVJFTG-UHFFFAOYSA-N__AVNQFRFBDZRDAQ-UHFFFAOYSA-N,train_round7,COC1CC(CN(C1O)CC2=CC=CC=C2)C=O,CC(C=O)C1=CC2=C(C=C1)OC(O2)(F)F,COC1CC(C(=O)C(O)C(C)c2ccc3c(c2)OC(F)(F)O3)CN(Cc2ccccc2)C1O,-0.2741785962456547,-0.3373,round7,train,33
JIBYWSFAOYVYTR-UHFFFAOYSA-N__BARAWUHKNAGBPA-UHFFFAOYSA-N,train_round7,CCOC(=O)C1=CC(=CN1CC2=CC(=NC=C2)F)C=O,C1=CC(=CC=C1C(=O)O)N2C(=C(N=N2)C=O)C(F)(F)F,CCOC(=O)c1cc(C(=O)C(O)c2nnn(-c3ccc(C(=O)O)cc3)c2C(F)(F)F)cn1Cc1ccnc(F)c1,-0.0108223533941433,1.0576,round7,mixed,40
JDENOEQIGDVCNC-UHFFFAOYSA-N__BPFCANGLIDNZSR-UHFFFAOYSA-N,train_round7,CC(C)(C)OC(=O)NCC1=C(C=C(C=C1)CCC=O)F,C1=C(C(=C(C(=C1Cl)C(F)(F)F)Cl)Cl)C=O,CC(C)(C)OC(=O)NCc1ccc(CCC(=O)C(O)c2cc(Cl)c(C(F)(F)F)c(Cl)c2Cl)cc1F,-3.413565729330419,-0.1265,round7,train,35
QAZZICFRTQPTPQ-UHFFFAOYSA-N__LRYDXNBJXMBPJE-UHFFFAOYSA-N,train_round7,CC(C1CNCCO1)OC2=CC=C(C=C2)C=O,CC1=CC=C(C=C1)CSCCC=O,Cc1ccc(CSCCC(O)C(=O)c2ccc(OC(C)C3CNCCO3)cc2)cc1,1.6545653736698895,2.7392,round7,train,30
IGPVYDYJMASIIM-UHFFFAOYSA-N__QZSZWWGYYJWXRC-UHFFFAOYSA-N,train_round7,CC(C(=O)OC(C)(C)C)OC1=C(C=C(C=C1)C=O)F,CN1C(=O)C2=C(C=C(C(=C2NC1=O)F)C=O)F,CC(Oc1ccc(C(=O)C(O)c2cc(F)c3c(=O)n(C)c(=O)[nH]c3c2F)cc1F)C(=O)OC(C)(C)C,-2.399308138531687,0.9904,round7,train,36
ZGTFNNUASMWGTM-UHFFFAOYSA-N__DXGSTAMYKLGHSA-UHFFFAOYSA-N,train_round7,C1=CSC(=N1)C=O,CC1(C2=C(C=CC(=C2)C=O)C(=C3C4=C(C=CC(=C4)F)NC3=O)O1)C,CC1(C)OC(=C2C(=O)Nc3ccc(F)cc32)c2ccc(C(O)C(=O)c3nccs3)cc21,2.604496036495384,3.0744,round7,train,31
OLONRJJAVFCZMH-UHFFFAOYSA-N__XURFCSPBBWDUTO-UHFFFAOYSA-N,train_round7,COC1=C(C=C(C=C1)CC=O)C(F)(F)F,C1=CC(=CC(=C1)F)C2=NC=CC(=C2Cl)C=O,COc1ccc(CC(=O)C(O)c2ccnc(-c3cccc(F)c3)c2Cl)cc1C(F)(F)F,0.4772700395447553,-2.0615,round7,train,31
QPULDJYQYDGZEI-WAYWQWQTSA-N__RXMWSJLJIMSCSS-UHFFFAOYSA-N,train_round7,CCCC/C=C\CCC=O,C1CC2C(C(C1O2)CCC=O)CO,CCCCC=CCCC(=O)C(O)CCC1C2CCC(O2)C1CO,-3.32878555495276,0.72,round7,train,23
HRSYWPMGIIAQIW-UHFFFAOYSA-N__ZADDMMOOUJXBLX-UHFFFAOYSA-N,train_round7,C1COC2=C(O1)C=C(C=C2Br)C=O,COC(=O)CC1=CC(=C(C=C1Cl)C=O)F,COC(=O)Cc1cc(F)c(C(O)C(=O)c2cc(Br)c3c(c2)OCCO3)cc1Cl,2.582731513048238,3.4892,round7,train,28
RCMBCKOLKKPYEH-SECBINFHSA-N__NVHVQVHWJIZTMG-UHFFFAOYSA-N,train_round7,CCC[C@H](CC=O)C(C)(C)C,CC(C)OCC1=C(C=C(C=C1)F)CC=O,CCCC(CC(=O)C(O)Cc1cc(F)ccc1COC(C)C)C(C)(C)C,-0.1938509521496393,0.3891,round7,mixed,26
TUZSXIZBSHMUOF-UHFFFAOYSA-N__STKQZRMQUHMVIJ-UHFFFAOYSA-N,train_round7,C1=CC(=CC=C1C=O)SCC2=C(C=C(C=C2)F)F,CC1=CC(=CS1)C2=C(C(=C(C=C2)C=O)F)F,Cc1cc(-c2ccc(C(O)C(=O)c3ccc(SCc4ccc(F)cc4F)cc3)c(F)c2F)cs1,1.3745453856090386,3.2874,round7,train,34
BZAPAWZLIWKXSK-UHFFFAOYSA-N__WGSWIDZDULIQTE-UHFFFAOYSA-N,train_round7,C1=CC(=CC=C1C=O)OC2=C(C=C(C=C2)S(=O)(=O)C(F)(F)F)[N+](=O)[O-],CC(C)C1(C(=O)NC(=N1)C2=C(C=C(C=N2)C=O)C(=O)O)C,CC(C)C1(C)N=C(c2ncc(C(O)C(=O)c3ccc(Oc4ccc(S(=O)(=O)C(F)(F)F)cc4[N+](=O)[O-])cc3)cc2C(=O)O)NC1=O,1.965806156975232,6.7431,round7,train,46
MGRNVGFOZBAKPO-UHFFFAOYSA-N__INFANGSSQMUFNQ-UHFFFAOYSA-N,train_round7,C1CN(CCC1C(=O)NCCCSC2=CC=CC=C2)C3=CC=C(C=C3)C=O,C1=C(C(=NC(=C1C#N)CN)C(F)F)C=O,N#Cc1cc(C(O)C(=O)c2ccc(N3CCC(C(=O)NCCCSc4ccccc4)CC3)cc2)c(C(F)F)nc1CN,2.222266436558498,-1.5077,round7,mixed,42
FVDUGMPVFNHJMP-UHFFFAOYSA-N__OWPYMDPIUIVPRW-UHFFFAOYSA-N,train_round7,CC1=C(C=C(C=C1)F)OCC=O,C1=CC(=CC=C1CC=O)NC(=O)C(F)(F)F,Cc1ccc(F)cc1OCC(=O)C(O)Cc1ccc(NC(=O)C(F)(F)F)cc1,-2.816564883673237,-0.0692,round7,train,28
VPTCPVYJATVATN-SNVBAGLBSA-N__QSKRQGPBUSKGHP-UHFFFAOYSA-N,train_round7,CC1([C@H](CCCC1=C)CC=O)C,C1CN(CC1N2CCOCC2)C3=CC(=CC(=C3)C=O)F,C=C1CCCC(CC(=O)C(O)c2cc(F)cc(N3CCC(N4CCOCC4)C3)c2)C1(C)C,-3.362056399614461,-1.5115,round7,mixed,32
ABPIWHNHSLNGFC-QWRGUYRKSA-N__DXFPKLDFPNEPTH-UHFFFAOYSA-N,train_round7,C1[C@@H](CN[C@@H]1COCCCCCC=O)F,CC1=CC(=CC(=C1C=O)OC)F,COc1cc(F)cc(C)c1C(O)C(=O)CCCCCOCC1CC(F)CN1,2.158850649055111,3.7314,round7,train,27
ONFDWCBGJLRDII-PMACEKPBSA-N__PZASVAXOGBEJOA-UHFFFAOYSA-N,train_round7,C1C[C@@H]([C@@H](N(C1)CC=O)C2=CC=CC=C2)OCC3=CC(=CC(=C3)C(F)(F)F)C(F)(F)F,C1CC(CN(C1)CC2=CC(=CC(=C2)F)C#N)C=O,N#Cc1cc(F)cc(CN2CCCC(C(O)C(=O)CN3CCCC(OCc4cc(C(F)(F)F)cc(C(F)(F)F)c4)C3c3ccccc3)C2)c1,0.9070939712872738,1.0676,round7,mixed,49
GJSZNHMWGOLBCX-UHFFFAOYSA-N__ODIMYQIGMNLGBW-UHFFFAOYSA-N,train_round7,C1=CC(=CC(=C1)OC(C=O)C2=CC=C(C=C2)Cl)C(F)(F)F,C#CCCOC1=NC=C(C(=N1)CC=O)F,C#CCCOc1ncc(F)c(CC(O)C(=O)C(Oc2cccc(C(F)(F)F)c2)c2ccc(Cl)cc2)n1,1.2648998611088853,1.5098,round7,train,36
JTHNDMKUBJWIJX-UHFFFAOYSA-N__IMMLJUWFFDILCV-UHFFFAOYSA-N,train_round7,C1=CC(=NC(=C1)C2=CN(N=C2)C(F)F)C=O,COC1=C(C(=CC=C1)OCC=O)OC,COc1cccc(OCC(O)C(=O)c2cccc(-c3cnn(C(F)F)c3)n2)c1OC,0.3727328835270581,-0.088,round7,train,30
ZCLWUZXDWPSGLS-UHFFFAOYSA-N__PTAIFEDCRVKAJP-UHFFFAOYSA-N,train_round7,COC1=CC2=C(C=C(S2)C(CC=O)C(=O)O)C(=C1O)F,C1CC2=C(C1)C(=C(C=C2)CCC=O)F,COc1cc2sc(C(CC(=O)C(O)CCc3ccc4c(c3F)CCC4)C(=O)O)cc2c(F)c1O,0.9231921365461976,3.1813,round7,train,34
RLVJVUVKYOQMHN-UHFFFAOYSA-N__BSFXLOGCXQTSQK-UHFFFAOYSA-N,train_round7,CCN(CC)C(=O)CN1C=C(C2=CC=CC=C21)C=O,CC1=CC(=C(N=C1)C=O)C(F)(F)F,CCN(CC)C(=O)Cn1cc(C(=O)C(O)c2ncc(C)cc2C(F)(F)F)c2ccccc21,0.2575869658511445,0.088,round7,train,32
WLRROBMVWFWLNG-VGPLMAKISA-N__BRLGUOAZINQFIZ-UHFFFAOYSA-N,train_round7,C1[C@@H]2CN(C[C@@H]2CC1C=O)CC3=C(C=C(C=C3)C(F)(F)F)C(F)(F)F,CC1=CC(=CC(=C1C=O)OC(F)F)F,Cc1cc(F)cc(OC(F)F)c1C(O)C(=O)C1CC2CN(Cc3ccc(C(F)(F)F)cc3C(F)(F)F)CC2C1,1.804375110481156,0.7538,round7,train,39
YAJODUAUVISPOK-UHFFFAOYSA-N__OJQNLUQJEGKOTH-UHFFFAOYSA-N,train_round7,C1=C(C(=CN=C1Cl)OC(F)F)C=O,C1=CC(=NC=C1C2=CN=CC(=N2)C(F)(F)F)C=O,O=C(c1cc(Cl)ncc1OC(F)F)C(O)c1ccc(-c2cncc(C(F)(F)F)n2)cn1,2.957211599111845,5.0075,round7,train,31
KIONBQPJVUNHHQ-UHFFFAOYSA-N__MEIQBVDXUMVDLL-UHFFFAOYSA-N,train_round7,C1=CC(=C(C=C1CN2C=C(C=N2)C=O)F)F,C1=CC(=CC(=C1)F)CN2C=C(C(=N2)C3=CSC=C3Br)C=O,O=C(c1cnn(Cc2ccc(F)c(F)c2)c1)C(O)c1cn(Cc2cccc(F)c2)nc1-c1cscc1Br,0.8647527297654334,2.5787,round7,mixed,37
HLMDHGGTZULZJG-UHFFFAOYSA-N__WUTOOOAYFDMFOA-UHFFFAOYSA-N,train_round7,CC1=C(C=CC2=C1C=C(N2CC(F)(F)F)C=O)C#N,C1=CC=C(C(=C1)C(CCC=O)CCl)F,Cc1c(C#N)ccc2c1cc(C(=O)C(O)CCC(CCl)c1ccccc1F)n2CC(F)(F)F,-0.2648071235809633,-0.2527,round7,train,33
ZEUHWQFOAPIRLP-UHFFFAOYSA-N__USYLLZPFQJMJLF-UHFFFAOYSA-N,train_round7,CC1=C(C=CC(=C1)OC(F)(F)F)C2=CC=CC=C2C=O,C1CN(CC2C1N(C3=C2C=C(C=C3)F)C4=CC=C(C=C4)F)CCCCC=O,Cc1cc(OC(F)(F)F)ccc1-c1ccccc1C(=O)C(O)CCCCN1CCC2C(C1)c1cc(F)ccc1N2c1ccc(F)cc1,2.559036131266072,4.2848,round7,mixed,47
VNVMIMLQFPOMBB-UHFFFAOYSA-N__SBGDFGCTCHRZIZ-UHFFFAOYSA-N,train_round7,C1CCC(CC1)C2=CC(=C(C=C2)C=O)O,CC(C=O)(C1=CC=CC=C1F)F,CC(F)(c1ccccc1F)C(O)C(=O)c1ccc(C2CCCCC2)cc1O,-5.43785181317616,-3.2974,round7,train,27
CLFTZDKPPMTDKM-UHFFFAOYSA-N__BXUHZSXEIJMEJT-UHFFFAOYSA-N,train_round7,C1=C(N=C(C(=C1C#N)OC(F)(F)F)N)C=O,C1=C(C(=C(N=C1F)C=O)[N+](=O)[O-])C(F)F,N#Cc1cc(C(=O)C(O)c2nc(F)cc(C(F)F)c2[N+](=O)[O-])nc(N)c1OC(F)(F)F,-1.218537131035097,1.2161,round7,train,31
LLTQZQMJOQGNKV-UHFFFAOYSA-N__KIXHCTRVOKQBCB-WDCWCFNPSA-N,train_round7,C1CC(N(C1)C(C=O)C2=CC=CC=C2)F,C1[C@H]2C=C[C@@H]1[C@@H]([C@H]2C=O)C3=CC=CO3,O=C(C(O)C1C2C=CC(C2)C1c1ccco1)C(c1ccccc1)N1CCCC1F,0.3346095538553977,0.3155,round7,mixed,29
LQZXHFMTDGYPGP-UHFFFAOYSA-N__UTNDORSDTIPGQR-QGZVFWFLSA-N,train_round7,C1=CC2=C(C=CC=N2)C(=C1)OC3=C(C=C(C=C3)F)C=O,C1CC1[C@@H](C=O)N2C3=C(C=N2)N=CC(=C3)C4=CC=C(C=C4)F,O=C(c1cc(F)ccc1Oc1cccc2ncccc12)C(O)C(C1CC1)n1ncc2ncc(-c3ccc(F)cc3)cc21,2.415571565180916,-0.1058,round7,train,42
XJXLMYIQQOOSJZ-UHFFFAOYSA-N__NZTQMLGXHHODHM-UHFFFAOYSA-N,train_round7,CC(C1=C(C=CC=C1Cl)CCC=O)(F)F,C1=CC(=CC=C1COC2=C(C=C(C=C2Cl)C=O)Cl)F,CC(F)(F)c1c(Cl)cccc1CCC(=O)C(O)c1cc(Cl)c(OCc2ccc(F)cc2)c(Cl)c1,-4.992328224564636,-5.8805,round7,train,34
RMCOGIYQYGQBSD-UHFFFAOYSA-N__VKWGAOQLZMZCPZ-UHFFFAOYSA-N,train_round7,C1=COC2=C(C=C(C=C21)F)CCC=O,CC1=C(C=C(C=C1)OC2=CC(=C(C=C2)C=O)Cl)F,Cc1ccc(Oc2ccc(C(O)C(=O)CCc3cc(F)cc4ccoc34)c(Cl)c2)cc1F,2.024044311767781,-2.2768,round7,train,32
VSADOOPSONXATQ-UHFFFAOYSA-N__VKGPPUPJOUQTCG-UHFFFAOYSA-N,train_round7,CC1=C(C(=C(C=C1)F)C2=C(C=C(C=C2)F)C=O)F,COC1=CC=C(C=C1)N2C3=C(C(C(O3)C=O)Cl)C4=CC=CC=C4C2=O,COc1ccc(-n2c3c(c4ccccc4c2=O)C(Cl)C(C(O)C(=O)c2cc(F)ccc2-c2c(F)ccc(C)c2F)O3)cc1,1.365808625501642,-0.2572,round7,mixed,43
RSKZSSFBZJXDMV-UHFFFAOYSA-N__CBQPCEXYCJIEMR-UHFFFAOYSA-N,train_round7,CC1=C(C(=CN=C1C=O)C(F)(F)F)C(F)F,CCC1=C(C=CC(=C1)C(C=O)C(=O)O)F,CCc1cc(C(C(=O)O)C(O)C(=O)c2ncc(C(F)(F)F)c(C(F)F)c2C)ccc1F,-1.7556414387658348,-1.3997,round7,train,31
KNTOCFHXUCOHRO-UHFFFAOYSA-N__QFNWFDAXZVZZLT-UHFFFAOYSA-N,train_round7,CC1=CC(=C(C(=C1C)CCC=O)F)Cl,COC(=O)C1=C(C=CC(=C1C#N)C=O)C(F)F,COC(=O)c1c(C(F)F)ccc(C(O)C(=O)CCc2c(C)c(C)cc(Cl)c2F)c1C#N,-3.824648702550516,-1.2095,round7,train,31
QWFHFNGMCPMOCD-UHFFFAOYSA-N__VEIDHJWTTPVWHH-UHFFFAOYSA-N,train_round7,C1=CC(=NC(=C1)Br)C=O,C1=C(N=C(S1)C=O)CF,O=C(c1cccc(Br)n1)C(O)c1nc(CF)cs1,1.182435754476625,0.0125,round7,train,18
SQAQUJDPQSPLDX-UHFFFAOYSA-N__PRRIBNOYQPAWLA-UHFFFAOYSA-N,train_round7,CCC1=C(N(N=C1C=O)C)C2=CC=C(C=C2)F,C1=CC2=C(C=C(C=C2F)F)N=C1C=O,CCc1c(C(=O)C(O)c2ccc3c(F)cc(F)cc3n2)nn(C)c1-c1ccc(F)cc1,0.0387434759019938,-0.9366,round7,train,31
LFJGXMNBJUVGAH-UHFFFAOYSA-N__AYLDSYBYQKTBPQ-JTQLQIEISA-N,train_round7,CC(CC=O)C1=C(C=CC=C1F)C(F)(F)F,C1C[C@H](N(C1)S(=O)(=O)C2=CC=CC(=C2)C(F)(F)F)C=O,CC(CC(=O)C(O)C1CCCN1S(=O)(=O)c1cccc(C(F)(F)F)c1)c1c(F)cccc1C(F)(F)F,0.5855190080395979,-1.1991,round7,train,36
IPJKYMWBRHRJNB-UHFFFAOYSA-N__UQBIZSWRTZEBHC-UHFFFAOYSA-N,train_round7,C1=CC(=C(C(=C1)Cl)COC2=NC=C(C=C2)C=O)F,CC(C)(C)C1=CC(=CC(=C1O)C(C)(C)C)CC=O,CC(C)(C)c1cc(CC(O)C(=O)c2ccc(OCc3c(F)cccc3Cl)nc2)cc(C(C)(C)C)c1O,-0.39239680277231,-0.9961,round7,train,36
LEEDRBJPARQKTP-UHFFFAOYSA-N__KJBHNLFPUFKXJC-UHFFFAOYSA-N,train_round7,C(CC=O)CC(CC(F)(F)F)(F)F,CC(=O)NC1=CC(=C(C=C1)C=O)OCC2=CC=C(C=C2)F,CC(=O)Nc1ccc(C(O)C(=O)CCCC(F)(F)CC(F)(F)F)c(OCc2ccc(F)cc2)c1,2.772239945024092,2.112,round7,train,34
YPZQHCLBLRWNMJ-KXUCPTDWSA-N__IRTFEOOXYHOLAN-UHFFFAOYSA-N,train_round7,C[C@H](C=O)[C@@H]1CC[C@@](O1)(C)C=C,COC1(C=C(C=CC1C=O)Br)F,C=CC1(C)CCC(C(C)C(=O)C(O)C2C=CC(Br)=CC2(F)OC)O1,-2.9851706799055626,1.198,round7,train,24
KVDBSBGVFWLUNR-UHFFFAOYSA-N__KCDVHOOOGRUFIY-UHFFFAOYSA-N,train_round7,C1=CN2C(C=CC2=C1)N3C=CC=C3C=O,C1=C(C=C(C(=C1CC=O)N)Cl)F,Nc1c(Cl)cc(F)cc1CC(O)C(=O)c1cccn1C1C=Cc2cccn21,0.2323893680999714,1.1269,round7,mixed,27
VEGCSPAUOSUYPY-UHFFFAOYSA-N__TUDHXLAUESUBNG-UHFFFAOYSA-N,train_round7,CC1=C(C(=CC=C1)C)NC(=O)CN2C=C(C3=CC=CC=C32)C=O,C1=CC(=NN=C1C=O)OC(F)F,Cc1cccc(C)c1NC(=O)Cn1cc(C(=O)C(O)c2ccc(OC(F)F)nn2)c2ccccc21,1.0261309298338903,-2.299,round7,train,35
UACXSLHOUGSEHY-AQKAQLFCSA-N__JVCPBMRPUDGBPY-UHFFFAOYSA-N,train_round7,CC1(O[C@@H]([C@H](O1)/C=C/CCC=O)C=C)C,CCN(CC)C(=O)C=C(C)C1=CC(=C(C=C1)OCC2=C(C=CC=C2F)F)CC=O,C=CC1OC(C)(C)OC1C=CCCC(=O)C(O)Cc1cc(C(C)=CC(=O)N(CC)CC)ccc1OCc1c(F)cccc1F,1.5058420801909769,1.7989,round7,train,44
OYHBFHNGZQIHDO-UHFFFAOYSA-N__PCWFTLPHDUBEJX-FNORWQNLSA-N,train_round7,C1=CC=C(C(=C1)CC(C=O)C2=CC=C(C=C2)F)F,CCOC(=O)/C=C/CCCC=O,CCOC(=O)C=CCCCC(O)C(=O)C(Cc1ccccc1F)c1ccc(F)cc1,-0.7863058801786603,2.2457,round7,mixed,30
KBZACBLESNEGAG-UHFFFAOYSA-N__CGTLKTYHAVGTOI-UHFFFAOYSA-N,train_round7,COCC1=CC=C(N1C(CC(=O)OC)C(=O)OC)C=O,CN(C)C(=O)C1=CC(=C(N=C1)C=O)F,COCc1ccc(C(=O)C(O)c2ncc(C(=O)N(C)C)cc2F)n1C(CC(=O)OC)C(=O)OC,-3.734743483923761,-0.2878,round7,train,34
XOTLVDQDGNGBCG-UHFFFAOYSA-N__FOJQYHSEXFSISE-UHFFFAOYSA-N,train_round7,COC(=O)CCC(=O)OC1=CC(=C(O1)C=O)F,CC1=CC(=C(N=C1C(F)F)C#N)C=O,COC(=O)CCC(=O)Oc1cc(F)c(C(=O)C(O)c2cc(C)c(C(F)F)nc2C#N)o1,-2.8780400925401395,-1.8455,round7,train,31
CKRQZBVTOBNMOI-UDNWOFFPSA-N__VRAAEEYQDHSZHQ-UHFFFAOYSA-N,train_round7,C[C@@]1(CC2CCC1C=C2)C=O,C1=C(N=C(C(=C1OC(F)(F)F)C(F)F)C#N)C=O,CC1(C(=O)C(O)c2cc(OC(F)(F)F)c(C(F)F)c(C#N)n2)CC2C=CC1CC2,0.1748305374926902,1.8706,round7,train,29
WAMMZSZYLBQHBC-UHFFFAOYSA-N__ISMSAMUTCMURGW-UHFFFAOYSA-N,train_round7,COC1=C(C=C(C=C1)N)C=O,C1COCCN1C2=CC=C(C=C2)C3=CC=CC(=C3F)C=O,COc1ccc(N)cc1C(=O)C(O)c1cccc(-c2ccc(N3CCOCC3)cc2)c1F,2.43088531329776,3.2049,round7,mixed,32
UFFXGHDAUHQHGP-UHFFFAOYSA-N__VSJNBRHKFISDKH-UHFFFAOYSA-N,train_round7,C1CN(CCN1CC=O)C2=CC(=C(C=C2F)[N+](=O)[O-])F,CC(C)(C)C(=O)NC1=CC=CC(=N1)C2=C(C=C(C=C2)C=O)F,CC(C)(C)C(=O)Nc1cccc(-c2ccc(C(O)C(=O)CN3CCN(c4cc(F)c([N+](=O)[O-])cc4F)CC3)cc2F)n1,1.168295899874466,4.8999,round7,train,42
UFLNNUPDPBZAMV-UHFFFAOYSA-N__SAIREVNVPSVRJI-UHFFFAOYSA-N,train_round7,CCN1C2=C(C=CC(=C2)C=O)N=N1,COC(=O)C1=CC=C(C=C1)COC2=CC(=CC(=C2)C=O)F,CCn1nnc2ccc(C(=O)C(O)c3cc(F)cc(OCc4ccc(C(=O)OC)cc4)c3)cc21,2.769274130192853,3.8377,round7,train,34
GGKSIENJNRXXIV-UHFFFAOYSA-N__VJCYUYDXBRJEMI-UHFFFAOYSA-N,train_round7,CC1=CC(=C(C=C1)C)C(C)C=O,CC1=C(N=C(S1)C2=CC(=C(C=C2)F)Br)C=O,Cc1ccc(C)c(C(C)C(=O)C(O)c2nc(-c3ccc(F)c(Br)c3)sc2C)c1,2.874659089414648,-3.2515,round7,train,28
PSARHIIILZTLJR-UHFFFAOYSA-N__PPGVRYHNNXNBHX-UHFFFAOYSA-N,train_round7,CC1=CC(=CC(=C1)F)C(C)(C=O)O,C1=CC(=CC=C1CCCCCC=O)OC(F)(F)F,Cc1cc(F)cc(C(C)(O)C(=O)C(O)CCCCCc2ccc(OC(F)(F)F)cc2)c1,2.7890371650665537,6.463,round7,train,31
AMTWAKDRKZSNPX-UHFFFAOYSA-N__ZIMFJMPBTPSVIY-UHFFFAOYSA-N,train_round7,CC(C)(C)NC(=O)C(=O)C1=CN(C(=C1F)C=O)C,C1=C(N=CC(=C1C=O)F)C=CCS,Cn1cc(C(=O)C(=O)NC(C)(C)C)c(F)c1C(=O)C(O)c1cc(C=CCS)ncc1F,1.7264694332958064,4.2922,round7,train,31
OXVJPSCTCANJJC-VQTJNVASSA-N__PEZYOGUZIWNADN-UHFFFAOYSA-N,train_round7,C1C[C@H](N(C1)C(=O)[C@@H](CC2=CC=C(C=C2)C(=O)OCC3=CC=CC=C3)N)C=O,C1=C(C(=C(C=N1)Cl)C=O)OC(F)(F)F,NC(Cc1ccc(C(=O)OCc2ccccc2)cc1)C(=O)N1CCCC1C(=O)C(O)c1c(Cl)cncc1OC(F)(F)F,-2.41117359775489,-0.2523,round7,train,42
XFTJNLKWHFEAMQ-UHFFFAOYSA-N__WNKGMQLRHKONID-ZFWWWQNUSA-N,train_round7,CC1=C(C=CC(=C1)F)COC2=C(C=CC=C2OC)C=O,CCCC[C@@H](C=O)NC(=O)O[C@@H](C)CC1=CC=CC=C1,CCCCC(NC(=O)OC(C)Cc1ccccc1)C(O)C(=O)c1cccc(OC)c1OCc1ccc(F)cc1C,0.7684564352555512,2.2693,round7,train,40
YHVLFETZMDQZIC-UHFFFAOYSA-N__LKORGLSTORYQOS-UWVGGRQHSA-N,train_round7,C1=C(C=C(C=C1OC(CN)C=O)Cl)C(F)(F)F,CSCC[C@@H](C(=O)N[C@@H](CCCCN)C=O)N,CSCCC(N)C(=O)NC(CCCCN)C(O)C(=O)C(CN)Oc1cc(Cl)cc(C(F)(F)F)c1,-4.449216222855443,0.0899,round7,train,34
NAGYQZFONQAJQD-UHFFFAOYSA-N__WLMAVQPBKNDUOP-UHFFFAOYSA-N,train_round7,CCCCN(C)C(=O)N1C=C(C2=C1N=CC=C2)C=O,COC1=C(C=C(C=C1)C(=O)C2=CC=C(C=C2)F)C=O,CCCCN(C)C(=O)n1cc(C(=O)C(O)c2cc(C(=O)c3ccc(F)cc3)ccc2OC)c2cccnc21,1.6107979758579496,4.8908,round7,train,38
GVLMQAAGWMYNFA-UHFFFAOYSA-N__WTZHAGLRDMSVQK-UHFFFAOYSA-N,train_round7,COC1=C(C=C(C=C1)C(C(=O)CC=O)(F)F)F,CC(CCCCCN(CC=O)C(=O)NC)NSC1=CC(=C(C=C1)F)OCC2CC2,CNC(=O)N(CCCCCC(C)NSc1ccc(F)c(OCC2CC2)c1)CC(O)C(=O)CC(=O)C(F)(F)c1ccc(OC)c(F)c1,0.3206169724428758,6.4354,round7,train,46
NECLRUVNEDDUQN-UHFFFAOYSA-N__JRGMXDXXEFXOAH-UHFFFAOYSA-N,train_round7,C1C(OC(O1)C=O)CS(=O)C(F)(F)F,COC1=C(C=C(C=C1)CN2C=NC=C2C=O)F,COc1ccc(Cn2cncc2C(O)C(=O)C2OCC(CS(=O)C(F)(F)F)O2)cc1F,3.018798203429672,1.4956,round7,train,31
KXNMAMBCPSLLAQ-UHFFFAOYSA-N__BQUGMHAIYJWFFU-UHFFFAOYSA-N,train_round7,C1=C(C=C(C(=C1F)C(=O)O)Br)C=O,CC1=C2C(=C(C=C1)F)C=C(O2)C=O,Cc1ccc(F)c2cc(C(O)C(=O)c3cc(F)c(C(=O)O)c(Br)c3)oc12,4.091384960117808,1.8313,round7,train,26
VZPXDFPLYCSOPT-UHFFFAOYSA-N__ZQNBCNJBAWIUKC-RMKNXTFCSA-N,train_round7,CC[Si](CC)(CC)C1=CC(=C(O1)C)C=O,CC(C)(C/C=C/C1=CC=CC=C1)C=O,CC[Si](CC)(CC)c1cc(C(=O)C(O)C(C)(C)CC=Cc2ccccc2)c(C)o1,4.318335437882127,5.3091,round7,train,29
FTFHTTDYAQHWML-UHFFFAOYSA-N__QKUNHVCVTHCCNJ-UHFFFAOYSA-N,train_round7,CNCC=CC1=C(C=C(C=C1)C(F)(F)F)C=O,CC(CC=O)C1=CC(=C(C(=C1)OC)OC)C(C)(F)F,CNCC=Cc1ccc(C(F)(F)F)cc1C(=O)C(O)CC(C)c1cc(OC)c(OC)c(C(C)(F)F)c1,4.020187049852764,2.6608,round7,train,36
HJDXZGCTGAWUFZ-UHFFFAOYSA-N__MZCBHLRQMYPQDH-UHFFFAOYSA-N,train_round7,COC1=C(C=C(C=C1)C#N)C=O,COC(=O)C1=C(C(=CC(=C1)C=O)F)C#N,COC(=O)c1cc(C(O)C(=O)c2cc(C#N)ccc2OC)cc(F)c1C#N,6.093854230182715,3.6304,round7,train,27
ATPKIMBLECENDR-UHFFFAOYSA-N__WKQWEXBDTCVXNM-UHFFFAOYSA-N,train_round7,CC1=NC(=C(C=C1C=O)C(=O)O)C2=NC(C(=O)N2)(C)C(C)C,C1=CC(=CC=C1C2=NC=C3N2C=CC(=C3)C=O)C(F)(F)F,Cc1nc(C2=NC(C)(C(C)C)C(=O)N2)c(C(=O)O)cc1C(=O)C(O)c1ccn2c(-c3ccc(C(F)(F)F)cc3)ncc2c1,6.564960955901292,4.1677,round7,train,43
DZSJIOOPKAPLMU-UITAMQMPSA-N__QHXZIOXCWUFXCS-UHFFFAOYSA-N,train_round7,C1=CC=C(C(=C1)C=O)O/C(=C\Cl)/Cl,C1=CC(=NC(=C1)N2C(=CC(=N2)C(F)(F)F)C3=CC=CO3)C=O,O=C(c1ccccc1OC(Cl)=CCl)C(O)c1cccc(-n2nc(C(F)(F)F)cc2-c2ccco2)n1,6.117585418078669,1.3476,round7,mixed,35
NXZYIZDWSRHBSU-FSJBWODESA-N__AYFGJMHJLVIFIS-UHFFFAOYSA-N,train_round7,CC1=CC(=C(C(=C1)C=O)O)/C=N/C2=C(C=CC=N2)OCC3=CC=CC=C3,C1=CC=C(C=C1)CC(CCI)C=O,Cc1cc(C=Nc2ncccc2OCc2ccccc2)c(O)c(C(=O)C(O)C(CCI)Cc2ccccc2)c1,6.573765792861304,4.4001,round7,train,39
ORFBHZFDDVUMJJ-UHFFFAOYSA-N__IHKVZPVHTKOSLW-UHFFFAOYSA-N,train_round7,C1C(C2=C(C=CC(=C2)O)OC1C3=CC(=CC=C3)F)C=O,CCCCCCCCC1=CC=C(C=C1)C=O,CCCCCCCCc1ccc(C(O)C(=O)C2CC(c3cccc(F)c3)Oc3ccc(O)cc32)cc1,5.977095585483492,4.4592,round7,train,36
HFTGBBCCTSAJEN-UHFFFAOYSA-N__XXBFRRQLFFDOTH-UHFFFAOYSA-N,train_round7,C1=CC=C(C=C1)C2=C(C(=NC=C2)F)C=O,CC1=C(N(N=C1C=O)CCC#N)C2=CC(=CC(=C2)F)F,Cc1c(C(O)C(=O)c2c(-c3ccccc3)ccnc2F)nn(CCC#N)c1-c1cc(F)cc(F)c1,3.441501240815065,0.9478,round7,train,35
KVRDZGPGQHJMDI-PKOBYXMFSA-N__TZNKEFRLFCMEAD-UHFFFAOYSA-N,train_round7,CC(=O)OC[C@@H]([C@H](C1=C(C2=CC=CC=C2N1)C=O)OC(=O)C)NC(=O)OC(C)(C)C,C1CC1(C2=CC=CC(=C2)C=O)F,CC(=O)OCC(NC(=O)OC(C)(C)C)C(OC(C)=O)c1[nH]c2ccccc2c1C(=O)C(O)c1cccc(C2(F)CC2)c1,6.537847731597546,5.9575,round7,train,42
HULBNAQIFDYAHC-UHFFFAOYSA-N__PKSKDAVDBVCHBA-UHFFFAOYSA-N,train_round7,COC1=CC=C(C=C1)C2=C(C=C(C=C2)C3=CC(=C(S3)C=O)F)C#N,COC1=C(C2=NC=CN2C=C1N3CCN(CC3)CCC4=C(C=C(C=C4)F)F)C=O,COc1ccc(-c2ccc(-c3cc(F)c(C(=O)C(O)c4c(OC)c(N5CCN(CCc6ccc(F)cc6F)CC5)cn5ccnc45)s3)cc2C#N)cc1,5.220726360507453,-0.2981,round7,train,53
JEOXQLKFSCJIKO-UHFFFAOYSA-N__QLNDAZNVEFSMGL-UHFFFAOYSA-N,train_round7,CC1=CC(=C(C=C1C=O)C(F)F)C(=O)C,CCCCCCCCCOC1=CC(=CC(=C1)C=O)F,CCCCCCCCCOc1cc(F)cc(C(O)C(=O)c2cc(C(F)F)c(C(C)=O)cc2C)c1,6.360856969357349,5.5943,round7,train,34
TUSHJTLURNXYPV-UHFFFAOYSA-N__XWASMPUERXJETG-UHFFFAOYSA-N,train_round7,C#CCOC1=C(C=CC(=C1)C=O)F,CC(C)(C)OC(=O)NC(C)(C=O)C1=C(C=C(C=C1F)F)F,C#CCOc1cc(C(=O)C(O)C(C)(NC(=O)OC(C)(C)C)c2c(F)cc(F)cc2F)ccc1F,5.520555738252316,2.4521,round7,train,34
OHLHBRQPXLSEQZ-UHFFFAOYSA-N__BUJMHDRRDLRBDT-UHFFFAOYSA-N,train_round7,C1=CC2=C(C=C1C(F)(F)F)SC3=C(N=CN23)C=O,CCC1CCSOC1(CC)CC=O,CCC1CCSOC1(CC)CC(O)C(=O)c1ncn2c1sc1cc(C(F)(F)F)ccc12,3.23699935397968,1.1024,round7,mixed,31
NIXHWFMRYWSRCN-UHFFFAOYSA-N__RYRLDXDLYOFXHK-UHFFFAOYSA-N,train_round7,C1=CC2=CC(=NN2C=C1)C=O,C1=CNC(=C1C=O)C(F)(F)F,O=C(c1cc2ccccn2n1)C(O)c1cc[nH]c1C(F)(F)F,5.927755432418021,4.0431,round7,train,22
RVCGXCYKWWYXQQ-UHFFFAOYSA-N__RFIRCJLMHIORAB-UHFFFAOYSA-N,train_round7,CC1CS(=O)(=O)CCN1C2=C(C=CC=C2F)C=O,C1CC1CCCCCCCC=O,CC1CS(=O)(=O)CCN1c1c(F)cccc1C(=O)C(O)CCCCCCCC1CC1,4.13912909663331,3.104,round7,train,30
VAMURZHXZOPNSP-UHFFFAOYSA-N__NNYIQYMDIZMWEK-MDZDMXLPSA-N,train_round7,C1=CC(=C(C=C1C=O)C2=C(C(=C(C(=C2F)F)F)F)F)F,COC1=CC=CC(=C1)C(=O)/C=C/C2=CC=C(C=C2)C=O,COc1cccc(C(=O)C=Cc2ccc(C(O)C(=O)c3ccc(F)c(-c4c(F)c(F)c(F)c(F)c4F)c3)cc2)c1,3.790637212922016,4.2423,round7,train,40
SZXXFDFJNDDZFD-UHFFFAOYSA-N__NBSXBHSRHRLGFS-UHFFFAOYSA-N,train_round7,C1=CC(=CC(=C1)Cl)C2=C(N=CC(=C2)C=O)OC(F)F,C1=CC=C2C(=C1)C(=CN2C(C(F)(F)Br)(F)F)C=O,O=C(c1cnc(OC(F)F)c(-c2cccc(Cl)c2)c1)C(O)c1cn(C(F)(F)C(F)(F)Br)c2ccccc12,3.558912541185644,3.8783,round7,train,37
USQKVVCLBMSELP-UHFFFAOYSA-N__POLLXWBWWJNDMB-UHFFFAOYSA-N,train_round7,C1=CC(=C(C=C1C=O)F)OCC2=CC=NO2,C1COC2=C(O1)C=CC(=C2)C3=CC(=C(C=C3)C=O)OC(F)(F)F,O=C(c1ccc(OCc2ccno2)c(F)c1)C(O)c1ccc(-c2ccc3c(c2)OCCO3)cc1OC(F)(F)F,3.2191122434056108,3.876,round7,train,39
ZWYVRMJEYMJALI-VIFPVBQESA-N__SUBMMQFPICWDOP-UHFFFAOYSA-N,train_round7,C[C@@H](C(=O)NC1=CC(=C(C=C1)F)Cl)OC2=C(C=C(C=C2)[N+](=O)[O-])C=O,COC1=CC=C(C=C1)N2C(=CN=C2C(F)F)C=O,COc1ccc(-n2c(C(O)C(=O)c3cc([N+](=O)[O-])ccc3OC(C)C(=O)Nc3ccc(F)c(Cl)c3)cnc2C(F)F)cc1,5.865384781067792,5.6369,round7,train,43
UUZUVDRGOPMJJB-UHFFFAOYSA-N__WHIFEKRDYLWPBO-UHFFFAOYSA-N,train_round7,C1COC2=C(O1)C=CC(=C2)C3=CC(=C(C=C3)OC(F)(F)F)C=O,CN1N=C(N=N1)C2=CC=C(C=C2)C=O,Cn1nnc(-c2ccc(C(O)C(=O)c3cc(-c4ccc5c(c4)OCCO5)ccc3OC(F)(F)F)cc2)n1,5.858061410749488,4.6798,round7,train,37
PRBMSOWVXXKXHK-UHFFFAOYSA-N__JTCOPEFEUHFUDX-UHFFFAOYSA-N,train_round7,CC1=CC2=CC(=C(C=C2OC1=O)C=O)O,C1CC(C(C1)(F)F)N2C(=CC=N2)C=O,Cc1cc2cc(O)c(C(=O)C(O)c3ccnn3C3CCCC3(F)F)cc2oc1=O,6.839581609561977,4.4442,round7,train,29
GPKSYPLCCFKQBI-UHFFFAOYSA-N__FSYZDRPGVPKIQB-UHFFFAOYSA-N,train_round7,CC1=C(C(=NN1C2=CC=CC(=C2)C(=O)NC3=C(C4=C(C=C3)OCO4)C=O)C(F)(F)F)Cl,CC1CCC(C(C1)OOC=C)CCC=O,C=COOC1CC(C)CCC1CCC(O)C(=O)c1c(NC(=O)c2cccc(-n3nc(C(F)(F)F)c(Cl)c3C)c2)ccc2c1OCO2,3.8599962060741775,3.5577,round7,mixed,46
LSUFIFAIDIRWGE-UHFFFAOYSA-N__MPRVZSAEBDATQJ-UHFFFAOYSA-N,train_round7,CC(C)C1(C(C=C(C=C1OC)OC)CC=O)CCCN(C)CCC2=CC(=CC=C2)C(F)(F)F,C1=CC(=C(C(=C1)F)C=CC(=O)O)C=O,COC1=CC(CC(=O)C(O)c2cccc(F)c2C=CC(=O)O)C(CCCN(C)CCc2cccc(C(F)(F)F)c2)(C(C)C)C(OC)=C1,4.236734531387514,0.5244,round7,mixed,47
WUTOOOAYFDMFOA-UHFFFAOYSA-N__HLMDHGGTZULZJG-UHFFFAOYSA-N,train_round7,C1=CC=C(C(=C1)C(CCC=O)CCl)F,CC1=C(C=CC2=C1C=C(N2CC(F)(F)F)C=O)C#N,Cc1c(C#N)ccc2c1cc(C(O)C(=O)CCC(CCl)c1ccccc1F)n2CC(F)(F)F,3.185531819405561,4.4439,round7,train,33
CFLBDIYUQQSBRF-UHFFFAOYSA-N__FZUVTYUZGXUFLX-UHFFFAOYSA-N,train_round7,C1CC2CC(CC1N2C3=NC=C(C=N3)C=O)OC4=CC=C(C=C4)OC(F)(F)F,C1=CC(=C(C=C1C=O)F)C2=CC(=CN=C2)O,O=C(c1cnc(N2C3CCC2CC(Oc2ccc(OC(F)(F)F)cc2)C3)nc1)C(O)c1ccc(-c2cncc(O)c2)c(F)c1,4.622499773735256,5.0559,round7,train,44
FGDMQVICHFROFN-UHFFFAOYSA-N__FBBRWSVWLQWAOG-UHFFFAOYSA-N,train_round7,C1=CC(=CC(=C1)OCC(C(C(F)(F)F)(F)F)(F)F)C=O,C1=CC(=C(C=C1C=O)Br)C(=O)O,O=C(O)c1ccc(C(O)C(=O)c2cccc(OCC(F)(F)C(F)(F)C(F)(F)F)c2)cc1Br,3.4113338033235565,4.926,round7,train,32
UIUPYSXLLBSYIL-UHFFFAOYSA-N__SUIMVZRMRCGQCR-UHFFFAOYSA-N,train_round7,C1=CC=C(C(=C1)CN2C=NC=C2C=O)F,CN1C(=CC(=N1)C2=CC=CC(=C2)C3=CC=CC=C3OC(F)(F)F)C=O,Cn1nc(-c2cccc(-c3ccccc3OC(F)(F)F)c2)cc1C(O)C(=O)c1cncn1Cc1ccccc1F,4.332671811662898,5.0323,round7,mixed,40
DCQBJNVVGAKRQS-UHFFFAOYSA-N__BRPVVPBLCNRXCU-UHFFFAOYSA-N,train_round7,CCOC1=CC(=O)C(C1)C=O,C1=CC=C(C(=C1)C2=C(C=CC(=C2)C=O)O)C(F)(F)F,CCOC1=CC(=O)C(C(=O)C(O)c2ccc(O)c(-c3ccccc3C(F)(F)F)c2)C1,6.190492953761706,7.3234,round7,train,30
AVPRZXBSOXRHOD-UHFFFAOYSA-N__XXAHDEUTCNRSMF-UHFFFAOYSA-N,train_round7,C1=CC=C(C(=C1)C2=C(N=C(C=C2)C=O)Cl)F,C1=C(C(=O)C(=C(N1)I)C=O)C(F)F,O=C(c1ccc(-c2ccccc2F)c(Cl)n1)C(O)c1c(I)[nH]cc(C(F)F)c1=O,3.323597265465952,4.6027,round7,train,29
JAVUKHCHOBGISV-UHFFFAOYSA-N__JYUUDOQKJNQKAT-UHFFFAOYSA-N,train_round7,C1=CC(=C(C=C1CCC=O)F)Br,CC(C)C1CCCN1C2=C(C=C(C=C2)F)C=O,CC(C)C1CCCN1c1ccc(F)cc1C(O)C(=O)CCc1ccc(Br)c(F)c1,3.398175311510024,-0.3128,round7,train,29
WXMFPMLORPYBSF-UHFFFAOYSA-N__RGRZSQDKSBLNIT-UHFFFAOYSA-N,train_round7,CC1=C(C=C(S1)C=O)C2C3=C(C=CC(=C3)Cl)C(CO2)(F)F,CCOC(C)N1C(=CC=N1)C=O,CCOC(C)n1nccc1C(O)C(=O)c1cc(C2OCC(F)(F)c3ccc(Cl)cc32)c(C)s1,4.023673063965903,-0.6712,round7,train,33
WVMMMNINNKLQOJ-UHFFFAOYSA-N__GELNMJFMGUSXHC-UHFFFAOYSA-N,train_round7,C1=C(N=C(C(=N1)OCC(F)F)C=O)Cl,CC1=C(C=CC(=C1)C=O)C2=C(C(=CC=C2)C(F)F)CF,Cc1cc(C(O)C(=O)c2nc(Cl)cnc2OCC(F)F)ccc1-c1cccc(C(F)F)c1CF,3.79666612628418,3.7011,round7,train,34
CRBCZJWQFVJITA-UHFFFAOYSA-N__GKTCWZYRGCLDHB-UHFFFAOYSA-N,train_round7,C1=CC(=CC=C1CC=O)C(=O)F,CCC(C)(CCCF)C=O,CCC(C)(CCCF)C(O)C(=O)Cc1ccc(C(=O)F)cc1,4.470924060809471,4.901,round7,train,22
LZLFBSWVSDTZJS-UHFFFAOYSA-N__RARRMKDMLILPIG-AXDSSHIGSA-N,train_round7,CCC(C)(C)C1=CC(=CC(=C1O)C(C)(C)CC)C=O,C1=CC(=C(C=C1C([C@@](CO)(C=O)N)F)O)O,CCC(C)(C)c1cc(C(=O)C(O)C(N)(CO)C(F)c2ccc(O)c(O)c2)cc(C(C)(C)CC)c1O,6.632981968611769,6.253,round7,train,35
ZMQBNLMTXWUIJW-MBUVNVKMSA-N__PVAPJCBNEFIWIT-UHFFFAOYSA-N,train_round7,CN1CC[C@@]23[C@@H]([C@H]1C=O)CCC(=O)[C@@H]2OC4=C3C=CC=C4OC,CCOCCOC(C)C=O,CCOCCOC(C)C(O)C(=O)C1C2CCC(=O)C3Oc4c(OC)cccc4C32CCN1C,4.049901069031738,4.1615,round7,mixed,33
WJLWRHBAXNBTFY-UHFFFAOYSA-N__FGQLNZPHKIUTGP-UHFFFAOYSA-N,train_round7,CC1=CN=C(N=C1C=O)SC,C1=CC(=C(C=C1N2C=C(C=N2)C=O)F)F,CSc1ncc(C)c(C(=O)C(O)c2cnn(-c3ccc(F)c(F)c3)c2)n1,4.063074367372556,5.0313,round7,train,26
KPYOTLIUWVPNDG-UHFFFAOYSA-N__BAAKOGJQSFJNGW-UHFFFAOYSA-N,train_round7,CCC1CC(C1(C)C)CC=O,CC1COC2=C3C(=C(C(=C2F)F)N)C(=O)C(=CN3C14CCC4)C=O,CCC1CC(CC(=O)C(O)c2cn3c4c(c(F)c(F)c(N)c4c2=O)OCC(C)C32CCC2)C1(C)C,5.268961091275986,5.1,round7,mixed,35
BNRGFRFRYLDDHR-UHFFFAOYSA-N__LCKYMTVEZDSFSC-UHFFFAOYSA-N,train_round7,C1=CC=C(C=C1)OCC2=CC(=C(C=C2)C=O)NC3=CC=C(C=C3)F,C1CCC(CC1)(C2=CC=C(C=C2)C=O)F,O=C(c1ccc(COc2ccccc2)cc1Nc1ccc(F)cc1)C(O)c1ccc(C2(F)CCCCC2)cc1,3.260034086634604,2.6859,round7,mixed,39
DXBOOBQYMUBPPZ-GFCCVEGCSA-N__QLYOLVKZPSTDFV-UHFFFAOYSA-N,train_round7,C1C[C@@H](N(C1)CC2=CC=CC=C2)C=O,CC1=C(C=C(C=C1)F)CN2CCCC(C2)C=O,Cc1ccc(F)cc1CN1CCCC(C(O)C(=O)C2CCCN2Cc2ccccc2)C1,6.644974230635022,4.2128,round7,train,31
PAHIGVQPKQNVIL-UHFFFAOYSA-N__AUBMVOCTBUWDHQ-UHFFFAOYSA-N,train_round7,CCOC1=C(C=CC(=C1)C=O)OC(=O)C2=NOC(=C2)C3=CC=CC=C3,CC(C)C1=CC=CC(=C1F)C=O,CCOc1cc(C(=O)C(O)c2cccc(C(C)C)c2F)ccc1OC(=O)c1cc(-c2ccccc2)on1,4.577747591546341,4.9717,round7,train,37
RWAIGOVCCVNHSF-UHFFFAOYSA-N__WQLYOFWKIPMHPL-UHFFFAOYSA-N,train_round7,CC1=CC=C(C=C1)C(=O)OC2=C(C=C(C=C2Cl)Cl)C=O,CC1=C(C=C(C=C1)C2=CC=C(C=C2)C(F)F)C=O,Cc1ccc(C(=O)Oc2c(Cl)cc(Cl)cc2C(=O)C(O)c2cc(-c3ccc(C(F)F)cc3)ccc2C)cc1,5.937942229022425,5.4862,round7,train,38
ZCZWCRYVQYWZLJ-UHFFFAOYSA-N__VBEDAOBQQULCEF-UHFFFAOYSA-N,train_round7,CC1=NC(=CN=C1C=O)C2=CC(=C(C=C2)OC(F)F)C3=CC=CC=C3,C1=C(C(=CC(=C1C(F)F)F)F)C=O,Cc1nc(-c2ccc(OC(F)F)c(-c3ccccc3)c2)cnc1C(=O)C(O)c1cc(C(F)F)c(F)cc1F,3.2536467346769133,8.3359,round7,mixed,38
XLAHVHZIJJALHR-UHFFFAOYSA-N__KNZYJYHEQKMOFM-UHFFFAOYSA-N,train_round7,C1=CC=C(C=C1)C2=NC(=CN2C3=CC=CC=C3)C=O,C1=CC(=C(C=C1C=O)F)SC2=NC=NC3=C2NC=N3,O=C(c1cn(-c2ccccc2)c(-c2ccccc2)n1)C(O)c1ccc(Sc2ncnc3nc[nH]c23)c(F)c1,5.040266600495852,3.1705,round7,mixed,38
SLPFQAWCGGUMLZ-UHFFFAOYSA-N__YUUSXQRJLFNHNQ-UHFFFAOYSA-N,train_round7,C1=CC=C(C(=C1)C2=NC(=CS2)CC=O)F,CC(C)(C)OC(=O)NC(CCC=O)CF,CC(C)(C)OC(=O)NC(CF)CCC(O)C(=O)Cc1csc(-c2ccccc2F)n1,4.7632606407576485,5.3034,round7,train,30
DAFFQLWHAAVXHV-UHFFFAOYSA-N__RYGXDHWVAZVQOR-UHFFFAOYSA-N,train_round7,C1=CC=C(C=C1)C2=C(C=NC(=C2)C=O)F,C1CC2=C(C=CC(=C2)C(F)(F)F)N3C=NC(=C3C1)C=O,O=C(c1cc(-c2ccccc2)c(F)cn1)C(O)c1ncn2c1CCCc1cc(C(F)(F)F)ccc1-2,5.572694693372332,3.0075,round7,mixed,35
QDSZNUHQAFSZCE-UHFFFAOYSA-N__IAJULUKPZFGEIY-UHFFFAOYSA-N,train_round7,C1=CN=C(C(=C1Br)F)C=O,CC(C)(C#C)OC1=C(C=CC=C1F)C=O,C#CC(C)(C)Oc1c(F)cccc1C(O)C(=O)c1nccc(Br)c1F,3.929739643448517,4.5197,round7,train,25
BJTIAMLOXXZBGQ-UHFFFAOYSA-N__IOTKTVXMHHWRIF-UHFFFAOYSA-N,train_round7,CCC1=CC2=C(S1)C(=C(C=C2)C=O)F,CCC(C)OCC1=C(C=CC(=C1)F)C=O,CCc1cc2ccc(C(=O)C(O)c3ccc(F)cc3COC(C)CC)c(F)c2s1,6.311442558650452,5.2581,round7,train,29
IEMLZYIMYOWEPO-UHFFFAOYSA-N__RQAKQCUHAROWPV-UHFFFAOYSA-N,train_round7,CCCCN(C)C1=CC(=CC(=C1)C=O)F,C1=C(C(=NC(=C1O)C(F)F)C=O)C(F)(F)F,CCCCN(C)c1cc(F)cc(C(=O)C(O)c2nc(C(F)F)c(O)cc2C(F)(F)F)c1,3.382262607011976,2.0679,round7,train,31
OITVEIJLGZNAKD-UHFFFAOYSA-N__ZIGQPTBCZMXAGV-UHFFFAOYSA-N,train_round7,CC(C)CCN1C=C(C(=N1)C2=CC(=C(C=C2)SC)F)C=O,CC1=CN(N=C1C=O)C(F)F,CSc1ccc(-c2nn(CCC(C)C)cc2C(=O)C(O)c2nn(C(F)F)cc2C)cc1F,3.625938445756279,3.1333,round7,train,32
CSKXERBJBGEJGS-UHFFFAOYSA-N__WSAQJWPXRUMNHA-UHFFFAOYSA-N,train_round7,C1=CC=C(C=C1)C2=C(C(=C(C=C2)C=O)O)[N+](=O)[O-],CC(C)(C)OC(=O)NC(C1=CN2C(=N1)C=C(C=N2)C=O)C(C(C(C)(C)CF)F)F,CC(C)(C)OC(=O)NC(c1cn2ncc(C(O)C(=O)c3ccc(-c4ccccc4)c([N+](=O)[O-])c3O)cc2n1)C(F)C(F)C(C)(C)CF,5.358867470526169,6.5388,round7,train,47
HIPATHRNTZYBNU-UHFFFAOYSA-N__NOOMAVJZAMMASJ-UHFFFAOYSA-N,train_round7,CC1=CC(=C(C(=N1)C(F)F)O)C=O,CC(C)(C)OC(=O)NCC1=CC(=NC(=C1)F)C=O,Cc1cc(C(=O)C(O)c2cc(CNC(=O)OC(C)(C)C)cc(F)n2)c(O)c(C(F)F)n1,3.836829577188088,2.6071,round7,train,31
RINDQSKOTOOMOE-UHFFFAOYSA-N__QWXRSWMCGKEXEK-NSHDSACASA-N,train_round7,CSC1=CC=CC(=C1)C2=C(C=C(C=C2)C=O)F,C[C@@H](C(=O)NC1=CC(=C(C=C1)F)F)OC(=O)COC2=C(C=C(C=C2)C=O)OC,COc1cc(C(O)C(=O)c2ccc(-c3cccc(SC)c3)c(F)c2)ccc1OCC(=O)OC(C)C(=O)Nc1ccc(F)c(F)c1,6.898386537673232,1.5192,round7,train,45
AJMXLXCPRXXIJE-UHFFFAOYSA-N__GASAFKIJKKCDDQ-UHFFFAOYSA-N,train_round7,C1=C(C(=C(C(=N1)C=O)C(F)F)[N+](=O)[O-])F,CCCCCC1=C(C=CC(=N1)C=O)F,CCCCCc1nc(C(O)C(=O)c2ncc(F)c([N+](=O)[O-])c2C(F)F)ccc1F,6.81039407011509,1.2731,round7,train,29
BXSALXOHGCYTND-GQCTYLIASA-N__LCVUEIXVCGCYPP-UHFFFAOYSA-N,train_round7,CC1=CC(=CC(=C1Cl)Cl)C(/C=C/C2=CC(=C(C=C2)C=O)C)C(F)(F)F,C1=CC2=C(C=C1Cl)NC(=N2)C=O,Cc1cc(C=CC(c2cc(C)c(Cl)c(Cl)c2)C(F)(F)F)ccc1C(=O)C(O)c1nc2ccc(Cl)cc2[nH]1,5.489537354478034,3.1494,round7,train,37
BPFCANGLIDNZSR-UHFFFAOYSA-N__JDENOEQIGDVCNC-UHFFFAOYSA-N,train_round7,C1=C(C(=C(C(=C1Cl)C(F)(F)F)Cl)Cl)C=O,CC(C)(C)OC(=O)NCC1=C(C=C(C=C1)CCC=O)F,CC(C)(C)OC(=O)NCc1ccc(CCC(O)C(=O)c2cc(Cl)c(C(F)(F)F)c(Cl)c2Cl)cc1F,3.223432846209356,1.6416,round7,train,35
AHRJZXFBUCJPCL-UHFFFAOYSA-N__ZWADOKFFXIBUPW-UHFFFAOYSA-N,train_round7,CN1C=C(C(=N1)OC(F)F)C=O,C1=CC2=NN=C(N2C=C1C=O)C(F)(F)F,Cn1cc(C(=O)C(O)c2ccc3nnc(C(F)(F)F)n3c2)c(OC(F)F)n1,3.985623325838125,4.2905,round7,train,27
PWWHDPVBZIXTJQ-UHFFFAOYSA-N__QQHLIGRFGXYPQO-UHFFFAOYSA-N,train_round7,CC(=O)NC1=C(C=C(C=C1)C=O)C(=O)O,C1=CC(=C(C=C1C=O)C2=C(C=CC(=C2)F)Cl)Cl,CC(=O)Nc1ccc(C(=O)C(O)c2ccc(Cl)c(-c3cc(F)ccc3Cl)c2)cc1C(=O)O,5.611436255590421,5.0062,round7,train,32
HWQWGUUCYVANNW-UHFFFAOYSA-N__JOQRAHMHGUFGKO-UHFFFAOYSA-N,train_round7,CC1=CC(=CC(=C1)CN2CCCN(CC2)C3=NC4=C(S3)C=C(C(=C4)F)C)CC=O,C1=CC(=NC(=C1)NCC2=CC=C(C=C2)C=O)C(F)(F)F,Cc1cc(CC(=O)C(O)c2ccc(CNc3cccc(C(F)(F)F)n3)cc2)cc(CN2CCCN(c3nc4cc(F)c(C)cc4s3)CC2)c1,3.478609824204693,1.5692,round7,mixed,49
MRROYPQUDCABDC-UHFFFAOYSA-N__BUXHYMZMVMNDMG-UHFFFAOYSA-N,train_round7,C1=CC=C(C=C1)CSC2=C(C=C(C=C2F)C=O)F,C1=CC(=C(C=C1Cl)C=O)Cl,O=C(c1cc(F)c(SCc2ccccc2)c(F)c1)C(O)c1cc(Cl)ccc1Cl,4.049769727465709,4.2241,round7,train,28
ANXROGFXISBFKY-UHFFFAOYSA-N__ZBBTZZMCQHIISB-UHFFFAOYSA-N,train_round7,C1=CC2=C(C=C1C=O)C3=C(N2)C=C(C=C3)O,C1=CC(=C(C=C1Cl)N)C2=C(C=CC(=N2)C=O)F,Nc1cc(Cl)ccc1-c1nc(C(O)C(=O)c2ccc3[nH]c4cc(O)ccc4c3c2)ccc1F,3.178721279419848,2.3403,round7,train,33
DQERYQJNJAXAOW-UHFFFAOYSA-N__DVKYLCNAXCLTTQ-UHFFFAOYSA-N,train_round7,C1=CC=C2C(=C1)N3C(=O)C=CC(=C3O2)C=O,CC1=C(C=CC(=C1)OCC(F)F)C=O,Cc1cc(OCC(F)F)ccc1C(O)C(=O)c1ccc(=O)n2c1oc1ccccc12,6.719512368112123,4.0992,round7,train,30
LUOSYFOSPRHYCH-UHFFFAOYSA-N__KXGROLFTLYGNSG-UHFFFAOYSA-N,train_round7,CC1=C2C(=CC=C1)C(=C(S2)F)C=O,CC(C)(C)OC1=C(C(=CC=C1)F)C=O,Cc1cccc2c(C(=O)C(O)c3c(F)cccc3OC(C)(C)C)c(F)sc12,5.86360073185852,4.5993,round7,train,27
CZFLMVLEPFXAMD-UHFFFAOYSA-N__DUTLXPZJDSQMEK-UHFFFAOYSA-N,train_round7,C1=CC(=C(C=C1[N+](=O)[O-])C=O)OCC(C(F)(F)F)(F)F,COCC1=CC(=C(C(=C1)F)C2=C(C=CC(=N2)C=O)F)F,COCc1cc(F)c(-c2nc(C(O)C(=O)c3cc([N+](=O)[O-])ccc3OCC(F)(F)C(F)(F)F)ccc2F)c(F)c1,7.072845251483998,5.5037,round7,train,40
RCGQAPUWWHXBOK-SNVBAGLBSA-N__VVRNTRMPWLEEAX-UHFFFAOYSA-N,train_round7,C[C@H](C=O)C1=CC2=C(C=C1)C=C(C=C2)OC,CC(C)C1=NN(C(=C1C=O)C2=CC=C(C=C2)F)C3=CC=CC=C3,COc1ccc2cc(C(C)C(=O)C(O)c3c(C(C)C)nn(-c4ccccc4)c3-c3ccc(F)cc3)ccc2c1,5.5720862037420105,-1.2864,round7,train,39
CGTCKBPUINCVGM-UHFFFAOYSA-N__QKAGXXQLRXRILM-UHFFFAOYSA-N,train_round7,C1=C(C=C(C(=C1F)C=O)F)C=CCN,CC(C)C1=C(N=C(O1)C2=CC=C(C(C2)F)F)C=O,CC(C)c1oc(C2=CC=C(F)C(F)C2)nc1C(O)C(=O)c1c(F)cc(C=CCN)cc1F,6.967438139542929,5.7884,round7,mixed,32
AYDFNNGMLSGMFJ-UHFFFAOYSA-N__VNUOVMAXQXJRSC-UHFFFAOYSA-N,train_round7,COC1=C(C=C(C=C1)C2=COC3=CC(=CC(=C3C2=O)O)O)C=O,C1=CC(=CC=C1C(F)(F)F)N2C=C(C=N2)C=O,COc1ccc(-c2coc3cc(O)cc(O)c3c2=O)cc1C(=O)C(O)c1cnn(-c2ccc(C(F)(F)F)cc2)c1,6.936659077332454,8.4172,round7,train,40
KHOWUTYCRMOPTM-UHFFFAOYSA-N__MDGRYEOKBGTCRJ-UHFFFAOYSA-N,train_round7,CN1C=CN=C1C2=C(C=C(C=C2)C=O)F,C1CCC(C1)(COC2=C(C=CC=C2F)C=O)O,Cn1ccnc1-c1ccc(C(=O)C(O)c2cccc(F)c2OCC2(O)CCCC2)cc1F,4.9163328657686405,1.7239,round7,train,32
PBJDAWYJICJOQB-UHFFFAOYSA-N__QQDKZXXZCOBWSS-UHFFFAOYSA-N,train_round7,C1=CC(=CC=C1OC2=C(C=C(C=C2)Br)C=O)OC(F)(F)F,CC1CCC(C1C=O)CC(=O)OC,COC(=O)CC1CCC(C)C1C(O)C(=O)c1cc(Br)ccc1Oc1ccc(OC(F)(F)F)cc1,6.625597557947774,3.4987,round7,train,34
KXSPNJURAZANIT-UHFFFAOYSA-N__STKQCAXNOBLWGP-UHFFFAOYSA-N,train_round7,CC1=C(C=CC(=C1OC(F)F)CC(=O)O)C=O,CC1=NC2=C(C=C1)C=C(C=C2)C3=C(C=C(C=C3)C=O)F,Cc1ccc2cc(-c3ccc(C(O)C(=O)c4ccc(CC(=O)O)c(OC(F)F)c4C)cc3F)ccc2n1,3.085250954142002,1.3452,round7,train,37
GQGFWALRHPXDNO-UHFFFAOYSA-N__OHRKESMAFOWJDM-UHFFFAOYSA-N,train_round7,C1=CC(=CC=C1C=O)C(C#N)C#N,COC1=C(C(=CC(=C1)C=O)Br)F,COc1cc(C(O)C(=O)c2ccc(C(C#N)C#N)cc2)cc(Br)c1F,3.11184394042646,4.1104,round7,train,25
RWZNPTKESSXILF-UHFFFAOYSA-N__CXJZTIJUOMMHSY-UHFFFAOYSA-N,train_round7,C1=CC(=CC=C1C=O)C#CC(F)(F)F,CC1=C(N=NN1C2=CC=C(C=C2)F)C=O,Cc1c(C(O)C(=O)c2ccc(C#CC(F)(F)F)cc2)nnn1-c1ccc(F)cc1,5.124676540922515,2.8433,round7,train,29
VNRIKSKUOVZOHY-UHFFFAOYSA-N__FPYRCGVFNBSQHL-BIIKFXOESA-N,train_round7,CC1=CC(=C(C=C1)NC(=O)COC2=C(C=C(C=C2)C=O)[N+](=O)[O-])F,C/C=C(\C1=CN(C2=C1C(=CC=C2)Cl)CCC=O)/C(F)(F)F,CC=C(c1cn(CCC(O)C(=O)c2ccc(OCC(=O)Nc3ccc(C)cc3F)c([N+](=O)[O-])c2)c2cccc(Cl)c12)C(F)(F)F,6.806240355243794,5.5568,round7,train,45
DTGHEYYDXAZYMT-UHFFFAOYSA-N__RZCUVCIOHZBLJC-UHFFFAOYSA-N,train_round7,CC1(CCCN1C2=C(C=C(C=N2)C=O)F)CC3=CC(=C(C=C3)F)Cl,CN1C(=CC(=N1)C2=C(C=C(C=C2)C=O)O)C(F)(F)P,Cn1nc(-c2ccc(C(O)C(=O)c3cnc(N4CCCC4(C)Cc4ccc(F)c(Cl)c4)c(F)c3)cc2O)cc1C(F)(F)P,5.299561201533728,5.9238,round7,train,43
DLELVZMSYJBVEO-RQJHMYQMSA-N__IEPAGAQTUCUSCM-UHFFFAOYSA-N,train_round7,C1C[C@H](C[C@H](C1)F)C=O,CC1=C(C=C(C=C1)COC2=C(N=CC(=C2)Br)C=O)[N+](=O)[O-],Cc1ccc(COc2cc(Br)cnc2C(O)C(=O)C2CCCC(F)C2)cc1[N+](=O)[O-],3.6670584670941913,-0.4377,round7,train,30
RLPMBXNBPUDXAW-UHFFFAOYSA-N__XDXJSRZUPCWBNX-UHFFFAOYSA-N,train_round7,C1C2=CC=CC=C2C=C1C3=CC=CC=C3C4=CC=CC=C4C=O,C1=CC=C(C(=C1)NC2=NC=CC(=C2)C=O)F,O=C(c1ccccc1-c1ccccc1C1=Cc2ccccc2C1)C(O)c1ccnc(Nc2ccccc2F)c1,3.308775546633215,1.1514,round7,mixed,39
FSDJGNMTJREJNJ-UHFFFAOYSA-N__HCGVUDPKQCKYAZ-UHFFFAOYSA-N,train_round7,C1=CC(=CC(=C1)C2=CC(=CC=C2)OC(F)(F)F)C=O,C1=NC(=C(C(=N1)C(F)(F)F)N)C=O,Nc1c(C(O)C(=O)c2cccc(-c3cccc(OC(F)(F)F)c3)c2)ncnc1C(F)(F)F,4.737003568527615,4.3637,round7,train,32
UYLUGCQAIWKVHI-UHFFFAOYSA-N__OFWODDOKTJWZBW-UHFFFAOYSA-N,train_round7,C1=C(C=NC(=C1Cl)OCC(F)(F)F)C=O,COC1=CC=C(C=C1)C2=C(C=C(O2)C3=CC=CC=C3)C=O,COc1ccc(-c2oc(-c3ccccc3)cc2C(O)C(=O)c2cnc(OCC(F)(F)F)c(Cl)c2)cc1,5.013540557927516,2.8478,round7,train,36
VMSZFFXFTXKCLS-UHFFFAOYSA-N__INGWPRMAFXVFSF-UHFFFAOYSA-N,train_round7,CC1=CC(=CC(=C1)C2=CC=CC(=C2)C=O)C,C1=CC2=NNC(=C2C=C1OC(F)(F)F)C=O,Cc1cc(C)cc(-c2cccc(C(=O)C(O)c3[nH]nc4ccc(OC(F)(F)F)cc34)c2)c1,6.388548782310348,5.1862,round7,train,32
WTKDYNNJQBNCTI-UHFFFAOYSA-N__AUBIWGBQOSCZGF-UHFFFAOYSA-N,train_round7,C1=CC(=C(C(=C1)F)OC(=O)CC=O)F,COC(=O)C=CC1=CC(=CC(=C1)F)C=O,COC(=O)C=Cc1cc(F)cc(C(O)C(=O)CC(=O)Oc2c(F)cccc2F)c1,5.171538837947798,6.508,round7,train,29
CSGSDNTTWMJGMC-UHFFFAOYSA-N__GFKYXAXQGFCXNO-UHFFFAOYSA-N,train_round7,CCCC[Si](C)(C)OC1=CC(=C(C=C1)C=O)F,CCCCCCCCOC1=C(C=C(C=C1)C2=CC(=C(C=C2)O)C=O)F,CCCCCCCCOc1ccc(-c2ccc(O)c(C(O)C(=O)c3ccc(O[Si](C)(C)CCCC)cc3F)c2)cc1F,6.4726907346520175,7.2203,round7,train,42
XZJIMXLAWGMXSF-UHFFFAOYSA-N__DINMJPWMECTCJA-UHFFFAOYSA-N,train_round7,CN(CC1CCOCC1)C2=CC(=C(C=C2)C=O)C(F)(F)F,CC(=O)CC1C(C1(C)C)CC=O,CC(=O)CC1C(CC(O)C(=O)c2ccc(N(C)CC3CCOCC3)cc2C(F)(F)F)C1(C)C,6.16524399080836,3.7653,round7,train,33
YYIDEFRHINNEIF-UHFFFAOYSA-N__TWJIQVDQZZMOIV-UHFFFAOYSA-N,train_round7,C1=CC=C(C=C1)SCCOC2=C(C=C(C=C2)C=O)F,C1=CC(=CN=C1)COC2=C(C=C(C=C2)C=O)F,O=C(c1ccc(OCCSc2ccccc2)c(F)c1)C(O)c1ccc(OCc2cccnc2)c(F)c1,6.467389973699587,4.7496,round7,train,36
ZUUSSGATRSINFZ-YFKPBYRVSA-N__KXLQCVRCVQRENA-UHFFFAOYSA-N,train_round7,CC(=O)N[C@@H](CC(=O)O)C=O,C1=CC=C(C(=C1)CCCC=O)C(F)(F)F,CC(=O)NC(CC(=O)O)C(=O)C(O)CCCc1ccccc1C(F)(F)F,5.827402222198187,5.2605,round7,train,26
ZYGAMUHUVSQBTK-UHFFFAOYSA-N__NESLSFXNAGTNJV-UHFFFAOYSA-N,train_round7,CCCN(CC(F)(F)F)C1=C(C=CC=C1F)C=O,C1=C(C=C(C(=C1OCC(F)(F)F)C=O)F)F,CCCN(CC(F)(F)F)c1c(F)cccc1C(=O)C(O)c1c(F)cc(F)cc1OCC(F)(F)F,5.555644405130735,6.6026,round7,train,34
CUSRRQQGEHDCRN-UHFFFAOYSA-N__DSJFOIXLIUILMN-UHFFFAOYSA-N,train_round7,CC(C)N1C=C(C=N1)C2=C(C=C(C=C2)C=O)C(F)(F)F,C1=CC(=CC(=C1)C(=O)O)C2=CC(=C(C=C2)O)C=O,CC(C)n1cc(-c2ccc(C(=O)C(O)c3cc(-c4cccc(C(=O)O)c4)ccc3O)cc2C(F)(F)F)cn1,6.256078334538656,7.4926,round7,train,38
SZPCNTQJQGCDMC-UHFFFAOYSA-N__UPHHPQGMSHGLFV-UHFFFAOYSA-N,train_round7,COC(=O)C(CCC=O)[Se]C1=CC=CC=C1,COC(=O)C1=CC=C(C=C1)CC(CCC=O)F,COC(=O)c1ccc(CC(F)CCC(O)C(=O)CCC([Se]c2ccccc2)C(=O)OC)cc1,4.704446661438737,4.8191,round7,train,33
WSCUPKZSMULPSM-UHFFFAOYSA-N__QHUWVOGFXHQENQ-UHFFFAOYSA-N,train_round7,CC(=O)SCCC(C(C1=C(C(=C(C=C1)F)C=O)F)O)O,CC(=O)SCC=CC1=CC(=C(C=C1F)C=O)F,CC(=O)SCC=Cc1cc(F)c(C(O)C(=O)c2c(F)ccc(C(O)C(O)CCSC(C)=O)c2F)cc1F,3.344618578361424,4.6925,round7,train,37
XMXNCLUQHSLHGA-UHFFFAOYSA-N__RZUZFJUEJCHIGK-LGTGAQBVSA-N,train_round7,CC1=C(C=C2C(=C1C)OC=C(C2=O)C=O)Br,CC1[C@@H](N(N=C1C(F)(F)F)C2=CC=C(C=C2)OC3CCN(CC3)C4=C(N=C(S4)C)C)CC=O,Cc1nc(C)c(N2CCC(Oc3ccc(N4N=C(C(F)(F)F)C(C)C4CC(O)C(=O)c4coc5c(C)c(C)c(Br)cc5c4=O)cc3)CC2)s1,3.967695263783944,3.8351,round7,mixed,49
GHHGJOOJRLARMO-UHFFFAOYSA-N__NLFSQBCFVRXSNN-UHFFFAOYSA-N,train_round7,C1=C(C(=CN=C1Br)C=O)C(F)F,C1=CC(=CC=C1CC2=CN3C=C(C=CC3=N2)C=O)C(F)(F)F,O=C(c1cnc(Br)cc1C(F)F)C(O)c1ccc2nc(Cc3ccc(C(F)(F)F)cc3)cn2c1,5.718815763686529,4.5531,round7,train,34
GNSPQCUCWGQTPQ-UHFFFAOYSA-N__GMQPHOHIAQCYPR-UHFFFAOYSA-N,train_round7,CC1=C(C(=C(C=C1)OC(F)F)C=O)CC(=O)O,CN(CC1CC2CCC1C2)C3=C(C=CC=C3F)C=O,Cc1ccc(OC(F)F)c(C(=O)C(O)c2cccc(F)c2N(C)CC2CC3CCC2C3)c1CC(=O)O,5.080400443196277,-3.7976,round7,train,36
RRLVAGNMBHSWAC-UHFFFAOYSA-N__CTCANNJAWUWMDD-UHFFFAOYSA-N,train_round7,CCN(CC(C)(C)O)C1=C(C=CC=C1F)C=O,C1=CC(=CC(=C1)C2=CC(=CC(=C2)C#N)F)C=O,CCN(CC(C)(C)O)c1c(F)cccc1C(=O)C(O)c1cccc(-c2cc(F)cc(C#N)c2)c1,6.010809216008551,4.861,round7,train,34
GNEHIVMEFAXLAG-UHFFFAOYSA-N__AFBSEUYCWQARHI-UHFFFAOYSA-N,train_round7,CC1=C(C(=NO1)C)C2=CC3=C(C(=CN3CC4CCC(CC4)(F)F)C5=CC=C(C=C5)C=O)N=C2,CC(C)C1=CC=C(C=C1)COC2=C(C=C(C=C2F)C=O)F,Cc1noc(C)c1-c1cnc2c(-c3ccc(C(=O)C(O)c4cc(F)c(OCc5ccc(C(C)C)cc5)c(F)c4)cc3)cn(CC3CCC(F)(F)CC3)c2c1,6.389794022740755,7.4885,round7,mixed,54
ROOJWFGXSJPYRG-UHFFFAOYSA-N__RHNLTXYPCZWYDY-UHFFFAOYSA-N,train_round7,CCCCCCCC1CCC(CC1)C2=CC(=C(C=C2)C=O)F,COC1=C(C=C(C=C1)COC2=CC=CC(=C2)C=O)F,CCCCCCCC1CCC(c2ccc(C(=O)C(O)c3cccc(OCc4ccc(OC)c(F)c4)c3)c(F)c2)CC1,5.925918556544191,5.639,round7,train,41
LTNBKANTEAZWOT-GZMMTYOYSA-N__OZTIISAQKUQTNA-UHFFFAOYSA-N,train_round7,C[C@H]1C[C@@H]1CN2C(=C(C(=C2C(=O)OC)C=O)C)C,CC(C)(C)OC(=O)N1CC(C1)OC2=C(C=CC(=C2)C3=CC=C(C=C3)C=O)OC(F)(F)F,COC(=O)c1c(C(=O)C(O)c2ccc(-c3ccc(OC(F)(F)F)c(OC4CN(C(=O)OC(C)(C)C)C4)c3)cc2)c(C)c(C)n1CC1CC1C,6.48654069578419,3.0574,round7,mixed,49
AEHCXKOGKVGSAN-UHFFFAOYSA-N__QTIRVCGHCAFRPM-UHFFFAOYSA-N,train_round7,C1=C(C(=C(C(=N1)C=O)F)C(F)F)Cl,CN1C=NN=C1C2(CC(C2)OC)C3=CC(=CC=C3)N4CC5=C(C4=O)C=C(C=C5C(F)(F)F)C=O,COC1CC(c2cccc(N3Cc4c(cc(C(O)C(=O)c5ncc(Cl)c(C(F)F)c5F)cc4C(F)(F)F)C3=O)c2)(c2nncn2C)C1,3.343740287550993,3.5469,round7,mixed,47
YDZSWCJMISJGBQ-UHFFFAOYSA-N__LUHUTDMURRXZFQ-UHFFFAOYSA-N,train_round7,CC1=CC2=C(C=C1C=O)OC=C(C2=O)C3=CC(=C(C=C3)O)F,C1=CC(=C(C=C1C=O)C(F)(F)F)OC2=CC(=CC(=C2)C(F)(F)F)C#N,Cc1cc2c(=O)c(-c3ccc(O)c(F)c3)coc2cc1C(=O)C(O)c1ccc(Oc2cc(C#N)cc(C(F)(F)F)c2)c(C(F)(F)F)c1,4.081558657401876,2.4454,round7,train,47
MLMPOPJKXXWFSH-UHFFFAOYSA-N__HEHJEEBBUMTOHW-UHFFFAOYSA-N,train_round7,CC1=CC=C(C=C1)C(C2=CC=CC=C2)OCCN3CCC(CC3)CC=O,COCCN1C2=C(C=C(C=C2)F)C(=C1Cl)C=O,COCCn1c(Cl)c(C(O)C(=O)CC2CCN(CCOC(c3ccccc3)c3ccc(C)cc3)CC2)c2cc(F)ccc21,3.7195859071095,2.9666,round7,train,43
YBQASFHARVIYGE-UHFFFAOYSA-N__HJJOGANDYKSIPG-UHFFFAOYSA-N,train_round7,CCOC1=CC2=C(C=C1)NC(=O)C(=C2)C=O,CC(C)N1C=C(N=C1C2=C(C=C(C=C2)C=O)F)C(F)(F)F,CCOc1ccc2[nH]c(=O)c(C(=O)C(O)c3ccc(-c4nc(C(F)(F)F)cn4C(C)C)c(F)c3)cc2c1,6.8614176505690905,6.4433,round7,train,37
CUMFUEHZVWLFPB-UHFFFAOYSA-N__XNYURSUVNQEUND-UHFFFAOYSA-N,train_round7,CC1=CC=C(C=C1)N2C=C(C=C2C#N)C=O,C1=CC(=C(C=C1C=O)Br)OCC2=CC(=CC(=C2)F)C#N,Cc1ccc(-n2cc(C(=O)C(O)c3ccc(OCc4cc(F)cc(C#N)c4)c(Br)c3)cc2C#N)cc1,4.701758556920124,4.2509,round7,train,36
KMFQRLZFVOGPAI-ZDUSSCGKSA-N__YCGFYQJJPUXWLX-UHFFFAOYSA-N,train_round7,CC(C)(C)OC(=O)N1CCC[C@H]1C2=NC3=C(C4=C(CC(C4)C=O)C(=C3N2)F)F,CC1=CC(=C(C(=C1N(C2=C(C=C(C=C2)I)F)OCCO)F)F)C=O,Cc1cc(C(O)C(=O)C2Cc3c(c(F)c4[nH]c(C5CCCN5C(=O)OC(C)(C)C)nc4c3F)C2)c(F)c(F)c1N(OCCO)c1ccc(I)cc1F,3.282801185833525,5.0455,round7,mixed,52
TYMDDDOABCJFHV-UHFFFAOYSA-N__KRPGTVMKAWMNLA-UHFFFAOYSA-N,train_round7,C1=C(C=C(C(=C1C=O)F)Br)O,CCCCSC1=C(C=C(C(=C1)OC)C=O)OC,CCCCSc1cc(OC)c(C(O)C(=O)c2cc(O)cc(Br)c2F)cc1OC,5.388122754026588,5.6746,round7,train,28
AOXDBGBAAUIOOL-UHFFFAOYSA-N__REWNLKYZJJGXRK-UHFFFAOYSA-N,train_round7,CC1=CC=CC=C1N(C)C2=C(C=C(C=C2F)C=O)F,CC(C)(C)OC(=O)N1C2CCCC1C=C(C2)C3=CC(=C(C=C3)C=O)F,Cc1ccccc1N(C)c1c(F)cc(C(=O)C(O)c2ccc(C3=CC4CCCC(C3)N4C(=O)OC(C)(C)C)cc2F)cc1F,3.9810681147331337,4.1898,round7,mixed,44
ZIZLZTCRCZRHOO-QQFBHYJXSA-N__GXMYIEWILFSDKH-UHFFFAOYSA-N,train_round7,C1CC(C(C1)C(=O)N2CSC[C@H]2C=O)C(=O)NCC3=CC=CC=C3,CC1=C(C2=CC=CC=C2C(=O)O1)C=O,Cc1oc(=O)c2ccccc2c1C(O)C(=O)C1CSCN1C(=O)C1CCCC1C(=O)NCc1ccccc1,4.542720183954746,4.6723,round7,mixed,38
QKRIWTYUKGOOLQ-UHFFFAOYSA-N__KIBSMBYWUXNKEQ-UHFFFAOYSA-N,train_round7,CC(C)(C)OC(=O)NC1=NC(=C(S1)F)C=O,CC1=C(N=C(C(=C1C(F)(F)F)C=O)C2CC2)C,Cc1nc(C2CC2)c(C(O)C(=O)c2nc(NC(=O)OC(C)(C)C)sc2F)c(C(F)(F)F)c1C,5.200025695640964,4.074,round7,train,33
RJPCDSYQWGWCQN-UHFFFAOYSA-N__QPWSZCVATMRMBY-UHFFFAOYSA-N,train_round7,CC(C)C1=C(N2C=CC=CC2=N1)C=O,C1=CC(=C(C=C1C(F)F)C(F)F)C=O,CC(C)c1nc2ccccn2c1C(=O)C(O)c1ccc(C(F)F)cc1C(F)F,6.115699167162587,4.6891,round7,train,28
ZYNZYRLSHIJHNR-UHFFFAOYSA-N__WQRFTKVABASAHK-UHFFFAOYSA-N,train_round7,CN1C(=NC=N1)COC2=C(C=C(C=C2)C=O)F,CC1=CC(=CC(=C1C=O)C)CC2=C(C=CCC2)F,Cc1cc(CC2=C(F)C=CCC2)cc(C)c1C(O)C(=O)c1ccc(OCc2ncnn2C)c(F)c1,5.234943727333458,4.221,round7,mixed,35
MNZRFWUCZORJGG-UHFFFAOYSA-N__CCEVOCAEDWJVGB-UHFFFAOYSA-N,train_round7,CN1C2=C(C=C(C=C2F)C=O)N=C1C3=CC4=C5N3C(CNC5=C(C=C4)C(F)(F)F)C6CC6,CC(=C)COC1=C(C=C(C=C1)C=O)F,C=C(C)COc1ccc(C(O)C(=O)c2cc(F)c3c(c2)nc(-c2cc4ccc(C(F)(F)F)c5c4n2C(C2CC2)CN5)n3C)cc1F,5.147224636280542,4.4426,round7,train,46
WDZVYRYAGQIRDH-UHFFFAOYSA-N__PUDFDRLUHMVRIP-UHFFFAOYSA-N,train_round7,C1=C([Se]C=C1C=O)C#N,CCC1=C(OC2=CC=CC=C21)C=O,CCc1c(C(O)C(=O)c2c[se]c(C#N)c2)oc2ccccc12,6.760653908959307,2.4279,round7,train,22
XSOWLJVITXRUQT-UHFFFAOYSA-N__DVBCKDHIZDOANU-UHFFFAOYSA-N,train_round7,C1CC2CC1CC2N(CC=O)C(=O)OCCNCCC3=CC=C(C=C3)O,C1=COC2=CC(=CC(=C21)O)C=O,O=C(CN(C(=O)OCCNCCc1ccc(O)cc1)C1CC2CCC1C2)C(O)c1cc(O)c2ccoc2c1,3.554991431400531,6.0842,round7,mixed,38
YQSBKHQBFNCLIT-UHFFFAOYSA-N__CWVQZOCZTQBBOJ-UHFFFAOYSA-N,train_round7,CC1=C(C(=NC(=C1F)F)C=O)F,COC(=O)C1=NC=C2C(=C1)C(=CN2CC3=CC=C(C=C3)F)C=O,COC(=O)c1cc2c(C(O)C(=O)c3nc(F)c(F)c(C)c3F)cn(Cc3ccc(F)cc3)c2cn1,6.942886886622269,5.8456,round7,train,35
NIKFWNNRZQDEMA-UHFFFAOYSA-N__JVWBVQVMTTVOLO-UHFFFAOYSA-N,train_round7,C1=C(C(=CC(=C1C2=NNC(=C2Cl)COC(F)F)Cl)Cl)C=O,C1CN(CCN1C2=CC=CC=C2)C(=O)COC3=CC=C(C=C3)C=O,O=C(c1cc(-c2n[nH]c(COC(F)F)c2Cl)c(Cl)cc1Cl)C(O)c1ccc(OCC(=O)N2CCN(c3ccccc3)CC2)cc1,6.753807035945759,4.1184,round7,train,45
RAQJWDLPQCOQGB-UHFFFAOYSA-N__QLVPSTXFTUJMSD-UHFFFAOYSA-N,train_round7,COC1=C(C(=CN=C1[N+](=O)[O-])C(F)F)C=O,C1=CC(=NC=C1C=O)C(CI)(F)F,COc1c([N+](=O)[O-])ncc(C(F)F)c1C(=O)C(O)c1ccc(C(F)(F)CI)nc1,3.6355315364289846,4.7593,round7,train,29
YDNKORILOPCDMX-UHFFFAOYSA-N__LBEPBBRECMVUHG-UHFFFAOYSA-N,train_round7,C1COCCN1C(=O)COC2=C(N=C(C=C2)C=O)F,C1CC1(C=O)C2=CC(=C(C=C2F)[N+](=O)[O-])F,O=C(c1ccc(OCC(=O)N2CCOCC2)c(F)n1)C(O)C1(c2cc(F)c([N+](=O)[O-])cc2F)CC1,6.865511606210654,4.1729,round7,mixed,35
MGLJVTSHFDUBEY-UHFFFAOYSA-N__BBYBMGFDPVDYEX-UHFFFAOYSA-N,train_round7,CC(C1=CC=CC=C1F)N(C)C2=NC=C(C=N2)C=O,CC1=C2C(=NC=NN2C=C1C=O)OC3=CC=CC=C3F,Cc1c(C(O)C(=O)c2cnc(N(C)C(C)c3ccccc3F)nc2)cn2ncnc(Oc3ccccc3F)c12,4.9420251092539065,4.8405,round7,mixed,39
IIAQMXSDKAJQMM-UHFFFAOYSA-N__KFXQZKSEBAECRC-UHFFFAOYSA-N,train_round7,C1=CC=C2C(=C1)C(C3=CC=CC=C32)COC(=O)NCCC=CC4=C(C=CC(=C4)C=O)F,CC1=CC(=C(C=C1)C2=CC(=CC=C2)F)C=O,Cc1ccc(-c2cccc(F)c2)c(C(O)C(=O)c2ccc(F)c(C=CCCNC(=O)OCC3c4ccccc4-c4ccccc43)c2)c1,5.205654337455793,3.7509,round7,train,47
IYXLOORPRKCNMY-UHFFFAOYSA-N__SPQYTNBOZIJAOA-UHFFFAOYSA-N,train_round7,CCCOC1=CC(=C(C=C1)C2=CC=C(C=C2)C(F)F)C=O,C1CC1C#CC2=C(C=CC(=C2)C=O)F,CCCOc1ccc(-c2ccc(C(F)F)cc2)c(C(=O)C(O)c2ccc(F)c(C#CC3CC3)c2)c1,4.360009494216868,3.8994,round7,train,35
POLLXWBWWJNDMB-UHFFFAOYSA-N__USQKVVCLBMSELP-UHFFFAOYSA-N,train_round7,C1COC2=C(O1)C=CC(=C2)C3=CC(=C(C=C3)C=O)OC(F)(F)F,C1=CC(=C(C=C1C=O)F)OCC2=CC=NO2,O=C(c1ccc(-c2ccc3c(c2)OCCO3)cc1OC(F)(F)F)C(O)c1ccc(OCc2ccno2)c(F)c1,5.943964274453063,5.7542,round7,train,39
UTNDORSDTIPGQR-QGZVFWFLSA-N__LQZXHFMTDGYPGP-UHFFFAOYSA-N,train_round7,C1CC1[C@@H](C=O)N2C3=C(C=N2)N=CC(=C3)C4=CC=C(C=C4)F,C1=CC2=C(C=CC=N2)C(=C1)OC3=C(C=C(C=C3)F)C=O,O=C(C(O)c1cc(F)ccc1Oc1cccc2ncccc12)C(C1CC1)n1ncc2ncc(-c3ccc(F)cc3)cc21,5.1801366652457626,0.703,round7,train,42
NDVCSLIKBDGHNT-OEAKJJBVSA-N__RKSCAWQHWQYHMR-UHFFFAOYSA-N,train_round7,CC(=C)N(C1=CC=C(C=C1)OC(F)(F)F)/N=C(\C)/C2=CC=C(C=C2)C=O,COC1=CC(=CC(=C1)C=O)I,C=C(C)N(N=C(C)c1ccc(C(=O)C(O)c2cc(I)cc(OC)c2)cc1)c1ccc(OC(F)(F)F)cc1,3.2403659196888093,5.0449,round7,train,37
UVYNYKSHYRVWOI-UHFFFAOYSA-N__ZLLCVDJONCAZMX-UHFFFAOYSA-N,train_round7,CC1=NN=C(C=C1)NC2=CC3=C(C=C2)N(C=N3)C4=NC(=C(C=C4)CC=O)F,C1=CC=C(C(=C1)CC(F)F)C=O,Cc1ccc(Nc2ccc3c(c2)ncn3-c2ccc(CC(=O)C(O)c3ccccc3CC(F)F)c(F)n2)nn1,4.413882709805751,3.8552,round7,train,39
XBWHHPAYTBPHKQ-UHFFFAOYSA-N__YVOCMUFJNUKDEP-UHFFFAOYSA-N,train_round7,C1=C(N=C(C(=C1F)Cl)C(F)F)C=O,COC1=C2C=C(C=CC2=NN1CC3=C(C=C(C=C3)C(F)(F)F)C(F)(F)F)C=O,COc1c2cc(C(O)C(=O)c3cc(F)c(Cl)c(C(F)F)n3)ccc2nn1Cc1ccc(C(F)(F)F)cc1C(F)(F)F,4.678653958929621,4.5528,round7,train,41
MJAQHTUDHHVOKW-UHFFFAOYSA-N__DYWOIDVLNXWELA-UHFFFAOYSA-N,train_round7,CC(C)(C)C1=C(C=C(C=N1)C=O)F,C1=C(N=C(C(=C1C(F)F)F)CBr)C=O,CC(C)(C)c1ncc(C(=O)C(O)c2cc(C(F)F)c(F)c(CBr)n2)cc1F,4.17951998011237,2.785,round7,train,27
WODXEMKHJMUDRW-UHFFFAOYSA-N__PWOXDTFTIQEMMQ-UHFFFAOYSA-N,train_round7,C1=CN=C(C(=C1C#CCC(=O)O)C=O)F,C1CC1COC2=C(C=CC=C2F)C=O,O=C(O)CC#Cc1ccnc(F)c1C(=O)C(O)c1cccc(F)c1OCC1CC1,3.976820542601588,0.9576,round7,train,29
QNVBRTJXFZVCJI-UHFFFAOYSA-N__YSGXFHRBOCKWGT-UHFFFAOYSA-N,train_round7,CC1=C(C2=C(N1C)C(=CC=C2)F)CC=O,CN1C(=C(C=N1)C=O)C2=CC(=C(C=C2)F)F,Cc1c(CC(=O)C(O)c2cnn(C)c2-c2ccc(F)c(F)c2)c2cccc(F)c2n1C,7.526053676731945,1.0278,round7,train,31
SZZFTZSIMUZZBV-UHFFFAOYSA-N__XFLONPBROQCUJW-UHFFFAOYSA-N,train_round7,CCCOC1=CC(=C(C=C1)C=O)OCC(=O)NC(=O)NC2=CC=CC=C2F,CC1=C(C(=CC(=C1C=O)SC)N)F,CCCOc1ccc(C(=O)C(O)c2c(SC)cc(N)c(F)c2C)c(OCC(=O)NC(=O)Nc2ccccc2F)c1,14.625456216894095,7.2303,round7,mixed,40
JXQJEACEKSTHOZ-UHFFFAOYSA-N__NLNUYPKNTLYXDO-UHFFFAOYSA-N,train_round7,C1=CC(=C(C=C1C=O)F)C(C(C#N)O)O,CC1=CC=CC=C1OCCCCN2C=C(C3=C2C=CC(=C3)F)C=O,Cc1ccccc1OCCCCn1cc(C(O)C(=O)c2ccc(C(O)C(O)C#N)c(F)c2)c2cc(F)ccc21,11.693535765534156,7.9813,round7,train,39
ZBBTZZMCQHIISB-UHFFFAOYSA-N__ANXROGFXISBFKY-UHFFFAOYSA-N,train_round7,C1=CC(=C(C=C1Cl)N)C2=C(C=CC(=N2)C=O)F,C1=CC2=C(C=C1C=O)C3=C(N2)C=C(C=C3)O,Nc1cc(Cl)ccc1-c1nc(C(=O)C(O)c2ccc3[nH]c4cc(O)ccc4c3c2)ccc1F,8.026386737353102,6.3436,round7,train,33
ONHIXMNVRXGPFU-CBAPKCEASA-N__OMDLBXGRULHASS-UHFFFAOYSA-N,train_round7,C[C@H]1C[C@@H]1N2C(=O)C3=C(N(C2=O)CCF)SC(=C3C)C=O,CC1=C(C(=O)C2=C(O1)C=CC(=C2O)C=O)O,Cc1oc2ccc(C(O)C(=O)c3sc4c(c3C)c(=O)n(C3CC3C)c(=O)n4CCF)c(O)c2c(=O)c1O,9.967095097850194,9.7358,round7,train,37
ZKUMUFOFFROZIP-UHFFFAOYSA-N__MFTKSJBZKMZVBG-UHFFFAOYSA-N,train_round7,CN1C2=C(C=C(C(=C2)NC(=O)C3=C(C(=CC=C3)C(F)(F)F)F)C=O)N=C1CCC(=O)OC,COC1=CC(=C(C=C1)[N+](=O)[O-])OC2=CC(=CC(=C2)C=O)F,COC(=O)CCc1nc2cc(C(=O)C(O)c3cc(F)cc(Oc4cc(OC)ccc4[N+](=O)[O-])c3)c(NC(=O)c3cccc(C(F)(F)F)c3F)cc2n1C,7.990210318203941,1.0544,round7,mixed,53
KFJMDXXUQVQFFC-UHFFFAOYSA-N__RPCMAYCVCIIVDP-INIZCTEOSA-N,train_round7,CC1=NN(C(=C1C=O)Cl)CC2=CC=C(C=C2)F,CC1=C(C(=C(C=C1)S(=O)(=O)N2CCC[C@H]2C(=O)OC)CCCCCC=O)F,COC(=O)C1CCCN1S(=O)(=O)c1ccc(C)c(F)c1CCCCCC(O)C(=O)c1c(C)nn(Cc2ccc(F)cc2)c1Cl,15.801181071787315,5.422,round7,train,44
KQTTVZMYUMCHAP-UHFFFAOYSA-N__UPJOTHSCUKMUJD-UHFFFAOYSA-N,train_round7,C1=CC=C2C(=C1)C=CC(=C2C=O)OCC(C(F)(F)F)O,C1=C(C(=C(C(=N1)C(F)F)C#N)C=O)N,N#Cc1c(C(F)F)ncc(N)c1C(O)C(=O)c1c(OCC(O)C(F)(F)F)ccc2ccccc12,12.284222280203666,7.1269,round7,train,34
GILIOSKZFBSGEY-UHFFFAOYSA-N__PNZIXISEXCPEQV-UHFFFAOYSA-N,train_round7,C1=CN2C=NC(=C2C(=C1)C=O)Cl,C1=CC=C(C=C1)COC(=O)C2=CC(=CC(=C2)C3=CC=C(S3)C=O)OC(F)(F)F,O=C(OCc1ccccc1)c1cc(OC(F)(F)F)cc(-c2ccc(C(O)C(=O)c3cccn4cnc(Cl)c34)s2)c1,8.455500174584357,6.4245,round7,mixed,40
MPRVZSAEBDATQJ-UHFFFAOYSA-N__LSUFIFAIDIRWGE-UHFFFAOYSA-N,train_round7,C1=CC(=C(C(=C1)F)C=CC(=O)O)C=O,CC(C)C1(C(C=C(C=C1OC)OC)CC=O)CCCN(C)CCC2=CC(=CC=C2)C(F)(F)F,COC1=CC(CC(O)C(=O)c2cccc(F)c2C=CC(=O)O)C(CCCN(C)CCc2cccc(C(F)(F)F)c2)(C(C)C)C(OC)=C1,12.793178556876194,9.6191,round7,mixed,47
KJWACSNMRPIQID-UHFFFAOYSA-N__GNGYDBXLJMAUTL-AFJQJTPPSA-N,train_round7,C1=CC(=C(C(=C1)F)[N+](=O)[O-])C=CCC=O,CC/C=C\C/C=C\CCOC1=C(C=C(C=C1)C=O)OCC,CCC=CCC=CCCOc1ccc(C(O)C(=O)CC=Cc2cccc(F)c2[N+](=O)[O-])cc1OCC,9.430053017769572,5.8871,round7,train,36
BDPJEDPRHYRVTE-UHFFFAOYSA-N__HBVIFWLYHYDOCK-UHFFFAOYSA-N,train_round7,CN(C1=CC=CC=C1F)C2=C(N3C=CC=CC3=N2)C=O,CC1=CC(=CC(=C1F)C2=CC=C(C=C2)C=O)Br,Cc1cc(Br)cc(-c2ccc(C(O)C(=O)c3c(N(C)c4ccccc4F)nc4ccccn34)cc2)c1F,9.048372214222375,8.5647,round7,train,37
YXWYZXWMUYMEBU-UHFFFAOYSA-N__SQYUGVGPQZCBML-UHFFFAOYSA-N,train_round7,C1=C(C(=C(C(=N1)Cl)N)C=O)C(F)F,CC1=CN2C(=NC(=C2C=O)C3=CC(=CC=C3)OC)C=C1,COc1cccc(-c2nc3ccc(C)cn3c2C(O)C(=O)c2c(C(F)F)cnc(Cl)c2N)c1,19.36934723894962,16.1453,round7,train,33
FAIBRFUDHKSCNJ-UHFFFAOYSA-N__FYPNXPAVVGQFNL-JYRVWZFOSA-N,train_round7,CC(=O)NC1=CC(=C(C(=C1)F)Cl)C=O,CC1=C(C(=C(C(=C1OC)C=O)O)C(=O)/C=C(/C2=CC=CC=C2)\O)O,COc1c(C)c(O)c(C(=O)C=C(O)c2ccccc2)c(O)c1C(O)C(=O)c1cc(NC(C)=O)cc(F)c1Cl,14.213665127124546,9.8084,round7,train,38
PPNPNWHFNHXASG-UHFFFAOYSA-N__GVNMYVWNTDXLHO-UHFFFAOYSA-N,train_round7,CC(=O)C1=C(C=CC(=C1Cl)C=O)OC(F)(F)F,C1=CC=C(C(=C1)C2=NC=C(O2)C=O)F,CC(=O)c1c(OC(F)(F)F)ccc(C(=O)C(O)c2cnc(-c3ccccc3F)o2)c1Cl,7.379986224523471,3.6977,round7,train,31
FVAZHRHXOXGHTC-UHFFFAOYSA-N__IXGXFVXYWHLCST-UHFFFAOYSA-N,train_round7,CC1=CC(=C(C=C1OCC2=CC=CC=C2)C=O)OCC3=CC=CC=C3,CN(C)C1=C(C(=C(C=C1)C=O)O)F,Cc1cc(OCc2ccccc2)c(C(=O)C(O)c2ccc(N(C)C)c(F)c2O)cc1OCc1ccccc1,17.259604662433635,9.8662,round7,train,38
QBCVFRDYXFSUNZ-UHFFFAOYSA-N__LPUZYMXTFPVIFZ-UHFFFAOYSA-N,train_round7,COC1=CC(=C(C=C1)C=O)OCC2=C(C(=CC=C2)F)Br,CC(C)C1=CC(=CC(=C1)CNC2=NC=C(N=C2)C=O)OC(F)(F)F,COc1ccc(C(=O)C(O)c2cnc(NCc3cc(OC(F)(F)F)cc(C(C)C)c3)cn2)c(OCc2cccc(F)c2Br)c1,11.515168739329315,6.9231,round7,mixed,44
VHOANXSLCGHUSW-UHFFFAOYSA-N__ZECDPYNCCGZGTB-UHFFFAOYSA-N,train_round7,CC1=CC(=O)NC2=C1C=C(C=C2)NC(=O)C3=C(C=CC(=C3)C=O)F,CC1=CC=CN2C1=C(N=C2N(C)C)C=O,Cc1cc(=O)[nH]c2ccc(NC(=O)c3cc(C(=O)C(O)c4nc(N(C)C)n5cccc(C)c45)ccc3F)cc12,9.47250010595076,4.2514,round7,train,39
ZDCMTOXHDXDFHS-UHFFFAOYSA-N__OPUYTNXQBWHLIM-UHFFFAOYSA-N,train_round7,C(CC(F)(F)F)COC1=NC(=C(S1)C=O)Cl,CCCC1=C(C=CC(=C1O)C=O)F,CCCc1c(F)ccc(C(O)C(=O)c2sc(OCCCC(F)(F)F)nc2Cl)c1O,12.889853010306974,8.4163,round7,train,29
SKLUTKRHDFBGID-UHFFFAOYSA-N__FTYSEEOHWIUCDW-UHFFFAOYSA-N,train_round7,COCC1CCN(CC1)C2=C(C=C(C=C2)C=O)F,CN(C)C1=CC(=CC(=N1)C2=CC=CC(=C2)C3=CC=C(O3)C=O)C(F)(F)F,COCC1CCN(c2ccc(C(=O)C(O)c3ccc(-c4cccc(-c5cc(C(F)(F)F)cc(N(C)C)n5)c4)o3)cc2F)CC1,8.258421075676114,7.6698,round7,mixed,44
IQZDKOJUOMOHCJ-UHFFFAOYSA-N__RFCDCKCJYNRJPO-UHFFFAOYSA-N,train_round7,COC1=C(C=CC(=C1)C2=CC=C(O2)C=O)C(=O)O,CCCCCCCC1=CC=C(S1)C=O,CCCCCCCc1ccc(C(O)C(=O)c2ccc(-c3ccc(C(=O)O)c(OC)c3)o2)s1,10.61718458843143,4.1464,round7,train,32
KSBMBQKIPHUMSC-UHFFFAOYSA-N__SLISEMFSMJBQOB-UHFFFAOYSA-N,train_round7,CC1(C2=C(C=CC3=C2COC4=C3C=C(C=C4F)C=O)NC(=O)O1)C,CN(C)C(=O)N=C1N(C=C(S1)C=O)C2=CC3=C(C=C2)OC(O3)(F)F,CN(C)C(=O)N=c1sc(C(O)C(=O)c2cc(F)c3c(c2)-c2ccc4c(c2CO3)C(C)(C)OC(=O)N4)cn1-c1ccc2c(c1)OC(F)(F)O2,8.486629704763132,5.878,round7,mixed,48
UFYAVGAZIFXWPW-UHFFFAOYSA-N__WWFQIDDNBITTMY-MRVPVSSYSA-N,train_round7,C1CCC(CC1)C(C2=CC=C(C=C2)C=O)F,C[C@H](C(=O)NCC(F)(F)F)OC1=CC=C(C=C1)C=O,CC(Oc1ccc(C(O)C(=O)c2ccc(C(F)C3CCCCC3)cc2)cc1)C(=O)NCC(F)(F)F,8.372599179802144,6.1694,round7,train,35
XWZIHUUKZUJUDJ-UHFFFAOYSA-N__UAQCIIWABXEABN-UHFFFAOYSA-N,train_round7,CCCCOP(=O)(OCCCC)OC1=CC=C(C=C1)C=O,CC1=C(C=CC(=C1)OC2=CC=C(C=C2)C(F)(F)F)C3=CC=C(O3)C=O,CCCCOP(=O)(OCCCC)Oc1ccc(C(=O)C(O)c2ccc(-c3ccc(Oc4ccc(C(F)(F)F)cc4)cc3C)o2)cc1,8.74590674670784,6.7911,round7,train,46
LUHROOGMACJBNF-UHFFFAOYSA-N__JEADILDJFGSMBV-UHFFFAOYSA-N,train_round7,CC1=C(C=C(O1)C(F)(F)F)C=O,CN(C1CCCCC(C1)OC2=C(C=C(C=C2)C(F)(F)F)C=O)C3=NC=C(C=C3)C(F)(F)F,Cc1oc(C(F)(F)F)cc1C(=O)C(O)c1cc(C(F)(F)F)ccc1OC1CCCCC(N(C)c2ccc(C(F)(F)F)cn2)C1,8.509388326681217,5.8482,round7,mixed,44
WKNODICYADPXLC-UHFFFAOYSA-N__BVYXAQJLBPBQLO-UHFFFAOYSA-N,train_round7,C1=C(C(=C(N=C1Cl)CN)C(F)F)C=O,C1=CC2=NC(=C(N2C=C1)C=O)OC3=C(C=CC(=C3)F)F,NCc1nc(Cl)cc(C(=O)C(O)c2c(Oc3cc(F)ccc3F)nc3ccccn23)c1C(F)F,14.114951223338814,8.758,round7,train,34
HBMIHVPHSSOJFF-UHFFFAOYSA-N__NRCMMOIUNHUKHE-UHFFFAOYSA-N,train_round7,C1=CC(=CC=C1CN2C=C(N=C2)C=O)C3=NOC(=N3)C(F)(F)F,C(CCC=O)CCSC#N,N#CSCCCCCC(O)C(=O)c1cn(Cc2ccc(-c3noc(C(F)(F)F)n3)cc2)cn1,7.724258192420457,1.8069,round7,mixed,33
GVWLDWFZZIPWFM-UHFFFAOYSA-N__UXZBGHOHUKNIKG-UHFFFAOYSA-N,train_round7,C1=CC=C(C(=C1)C=O)C2=NC(=NC=C2)C(F)(F)F,CC(C(=O)OC)OC1=C(C=CC(=C1)F)C=O,COC(=O)C(C)Oc1cc(F)ccc1C(O)C(=O)c1ccccc1-c1ccnc(C(F)(F)F)n1,10.40698669083113,6.9493,round7,train,34
SIVPPTPAYMGQBN-UHFFFAOYSA-N__ZFOCUHRTDORAQZ-UHFFFAOYSA-N,train_round7,COC1=C(C(=C(C2=CC=CC=C21)OC)OC)C=O,C1CCC(CC1)C2=C(C3=C(N2)C(=CC=C3)F)C=O,COc1c(C(=O)C(O)c2c(C3CCCCC3)[nH]c3c(F)cccc23)c(OC)c2ccccc2c1OC,8.69327657207915,2.4497,round7,train,36
VNJUSQDOPMGJIG-UHFFFAOYSA-N__CAQWXFPWSCCRAU-UHFFFAOYSA-N,train_round7,CC1=C(ON=C1Br)C=O,COC1=CC=C(C=C1)C2=C(C3=C(N2)C=C(C=C3)Cl)C=O,COc1ccc(-c2[nH]c3cc(Cl)ccc3c2C(O)C(=O)c2onc(Br)c2C)cc1,8.363177265497324,5.338,round7,train,29
KCZIRIILYPJENJ-LBPRGKRZSA-N__VBEBSXHBUSNYDV-UHFFFAOYSA-N,train_round7,CCCCCC[C@H](C)COC1=C(C(=C(C=C1)C=O)F)F,C1=CC(=C(C(=C1NC2=C(C(=NC=N2)Cl)C=O)F)F)F,CCCCCCC(C)COc1ccc(C(=O)C(O)c2c(Cl)ncnc2Nc2ccc(F)c(F)c2F)c(F)c1F,12.482589464303214,9.2576,round7,train,39
SXISZCUPVPIKGB-UHFFFAOYSA-N__GNKRKKJWKJQTNC-UHFFFAOYSA-N,train_round7,C1CN(CCN1C2=C(C=CC(=C2)C(F)(F)F)C=O)C(=O)CO,CSC1=CC(=C2C(=C1)SC=C2F)C=O,CSc1cc(C(O)C(=O)c2ccc(C(F)(F)F)cc2N2CCN(C(=O)CO)CC2)c2c(F)csc2c1,8.050910237041721,3.7717,round7,train,36
SQKLWSYZULMSDZ-UHFFFAOYSA-N__LMROUYSQDFRWMQ-UHFFFAOYSA-N,train_round7,C1=CC(=CC(=C1)OC2=C(C=C(C=C2)C=O)Br)C(F)(F)F,CC1=C(C(=CN1C(C)C)C2=CC=C(C=C2)F)C=O,Cc1c(C(O)C(=O)c2ccc(Oc3cccc(C(F)(F)F)c3)c(Br)c2)c(-c2ccc(F)cc2)cn1C(C)C,11.830567573239522,5.5348,round7,train,38
CNAKZWSPTPCNJD-UHFFFAOYSA-N__HYWQWDIYEYKJSH-UHFFFAOYSA-N,train_round7,C1=CC(=C(C=C1F)Br)N2C=C(N=N2)C=O,CCC1=CC2=C(C=C1)NC(=C2C=O)C,CCc1ccc2[nH]c(C)c(C(O)C(=O)c3cn(-c4ccc(F)cc4Br)nn3)c2c1,8.54178628200786,5.9697,round7,train,29
DSRXHTNBAGEJFC-RAULQPLLSA-N__BXAUMTJEBGHQMW-UHFFFAOYSA-N,train_round7,CCN/C=C(/CC1=C(OC(=N1)C)C2=C(C=C(C=C2)F)C=O)\C(=N)Cl,CC1=CC(=C(C=C1SC)C=O)SC,CCNC=C(Cc1nc(C)oc1-c1ccc(F)cc1C(=O)C(O)c1cc(SC)c(C)cc1SC)C(=N)Cl,13.090321703693512,3.4363,round7,train,37
WIDBJOOENFPMNP-KCJUWKMLSA-N__MRVXMANVNAIKAV-SNVBAGLBSA-N,train_round7,C[C@H](C=O)[C@H](C[N+](=O)[O-])C1=CC(=CC=C1)F,C[C@H](C1=CC=C(C=C1)F)NC2=C(C=C(C=C2)C=O)[N+](=O)[O-],CC(Nc1ccc(C(O)C(=O)C(C)C(C[N+](=O)[O-])c2cccc(F)c2)cc1[N+](=O)[O-])c1ccc(F)cc1,10.332512448281182,4.4853,round7,train,37
REBQVKVPGMICLV-UHFFFAOYSA-N__KRMBMPJIMPGDTB-UHFFFAOYSA-N,train_round7,C1CN(CCC1OC2=C(C=CC(=C2)F)C=O)C(CO)CO,C1=CC2=C(C=C1C=O)SC(=N2)Br,O=C(c1ccc(F)cc1OC1CCN(C(CO)CO)CC1)C(O)c1ccc2nc(Br)sc2c1,8.133911209947756,7.1523,round7,train,33
UIBUWHAPNMZMFB-UHFFFAOYSA-N__JVUFTSZHMNGPFO-UHFFFAOYSA-N,train_round7,CC(C)C1=CC=CC2=C1NC(=C2C=O)C3=C(C=CC(=C3)F)F,CC(C)(C)OC(=O)N(C)CCN1C=NC2=C(C3=C(CC(C3)C=O)C(=C21)F)F,CC(C)c1cccc2c(C(=O)C(O)C3Cc4c(c(F)c5c(ncn5CCN(C)C(=O)OC(C)(C)C)c4F)C3)c(-c3cc(F)ccc3F)[nH]c12,8.176605325792856,4.5603,round7,train,49
CPZUJFLSZUZXDN-UHFFFAOYSA-N__WNOMMWSPXIXDKT-UHFFFAOYSA-N,train_round7,C1=CC(=C(C(=C1C=O)F)C(C(=O)O)O)OC(F)F,CC1=C(C=C(C=C1)F)COC2=CC=CC(=C2)C=O,Cc1ccc(F)cc1COc1cccc(C(O)C(=O)c2ccc(OC(F)F)c(C(O)C(=O)O)c2F)c1,8.56136799124739,8.9832,round7,train,36
BQUPWMPYLWDGBF-UHFFFAOYSA-N__JFTIWZWAQSKLNM-UHFFFAOYSA-N,train_round7,CC1=C2C(=CN(C2=NC=C1)CC3=CC=CC=C3)C=O,C1CCN(C(C1)C=O)CC2=C(C(=CC=C2)F)Cl,Cc1ccnc2c1c(C(=O)C(O)C1CCCCN1Cc1cccc(F)c1Cl)cn2Cc1ccccc1,9.181775573373828,6.0496,round7,train,36
IRUPAFSLGJQJJQ-UHFFFAOYSA-N__GZAXYZGYSOWJQC-UHFFFAOYSA-N,train_round7,CC1=C(SC=C1)C2=NN(C=C2C=O)C3=C(C=C(C=C3)F)C,CC(C)(C)OC(=O)NC1=C(C(=CC(=C1)Cl)F)C=O,Cc1cc(F)ccc1-n1cc(C(=O)C(O)c2c(F)cc(Cl)cc2NC(=O)OC(C)(C)C)c(-c2sccc2C)n1,10.162705029343568,6.1705,round7,train,39
XEGKMSBGSBSPJY-UHFFFAOYSA-N__KNBADAAZAKZNQS-UHFFFAOYSA-N,train_round7,CNCC=CC1=CC(=C(C=C1)C=O)F,CCCN1C=C(C2=C1C=CC(=C2)OC)C=O,CCCn1cc(C(O)C(=O)c2ccc(C=CCNC)cc2F)c2cc(OC)ccc21,10.160376939668229,9.7757,round7,train,30
IEPIHVGKNLIVJB-UHFFFAOYSA-N__NKJQSYGCBIUEDW-UHFFFAOYSA-N,train_round7,CCCCCC1=CC(=C(C=C1)C=O)CCCCC,C1=CC(=CC(=C1)NS(=O)(=O)C2=C(C=CC(=C2)F)F)C=O,CCCCCc1ccc(C(=O)C(O)c2cccc(NS(=O)(=O)c3cc(F)ccc3F)c2)c(CCCCC)c1,10.021629243501538,1.7788,round7,train,38
IJFFEFNANJOPTR-UHFFFAOYSA-N__ZUMZOKWYXVMEGF-UHFFFAOYSA-N,train_round7,C1=CC(=C(C=C1C=O)Br)OCC2=C(C=C(C=C2)Br)F,CC1=C(OC2=NN(C(=C12)C)C)C=O,Cc1c(C(O)C(=O)c2ccc(OCc3ccc(Br)cc3F)c(Br)c2)oc2nn(C)c(C)c12,7.7792665011459,4.4333,round7,train,32
ZHHVPRUEBWLGCP-UHFFFAOYSA-N__SMCSCYFZRFIHPM-UHFFFAOYSA-N,train_round7,CCN(CC)C1=C(C=C(C=C1)C=O)F,B1(OC(C(O1)(C)C)(C)C)C2=C(C=CC(=C2)C3=CC=C(O3)C=O)F,CCN(CC)c1ccc(C(=O)C(O)c2ccc(-c3ccc(F)c(B4OC(C)(C)C(C)(C)O4)c3)o2)cc1F,8.103697094406355,6.3249,round7,mixed,37
BYTVPYXJWFXESZ-UHFFFAOYSA-N__WPQCSCJUHDNPKW-UHFFFAOYSA-N,train_round7,C1=CC=C(C(=C1)C=O)N=C(N)N,CC(=O)C1=C(C=C(C=C1)[N+](=O)[O-])C=O,CC(=O)c1ccc([N+](=O)[O-])cc1C(O)C(=O)c1ccccc1N=C(N)N,9.357118704637104,4.3115,round7,train,26
SZUGOINZCGXCNM-UHFFFAOYSA-N__NYZQIPLKXYWSJD-UHFFFAOYSA-N,train_round7,CCOC1=C(C=C(C(=C1)OC)C=O)OC,CC1(CCC(=C(C1)SC2=CC=CC=C2)OC)C=O,CCOc1cc(OC)c(C(=O)C(O)C2(C)CCC(OC)=C(Sc3ccccc3)C2)cc1OC,7.796104360557864,9.247,round7,mixed,33
RFBGYDZWLKJXLW-UHFFFAOYSA-N__PMYREEAGILXKSN-UHFFFAOYSA-N,train_round7,C1CC1(C=O)C2=C(C=C(C=C2)F)Br,C1=CC=C2C(=C1)C3=C(N2)C=CC(=C3CC=O)O,O=C(C(O)Cc1c(O)ccc2[nH]c3ccccc3c12)C1(c2ccc(F)cc2Br)CC1,7.52090900568365,2.5486,round7,train,30
IBDTXROFUNGYFJ-UHFFFAOYSA-N__OXNWHJIVCWYBLL-UHFFFAOYSA-N,train_round7,COC1=CC(=C(C=C1)C2=CC(=C(C=C2)Cl)F)C=O,CC1=C(C=C(S1)C=O)CN2CCOCC2,COc1ccc(-c2ccc(Cl)c(F)c2)c(C(=O)C(O)c2cc(CN3CCOCC3)c(C)s2)c1,12.454760626446182,5.5253,round7,mixed,33
YYPFQAAOFLUEDN-UHFFFAOYSA-N__ZOTLPMLFJLIEOC-UHFFFAOYSA-N,train_round7,B1(OC(C(O1)(C)C)(C)C)C2=C3CCC(C3=CC=C2)NC4=NC(=C(N=C4C(F)(F)F)C=O)OC,CCCCCOC1=C(C=CC(=C1)C=O)O,CCCCCOc1cc(C(O)C(=O)c2nc(C(F)(F)F)c(NC3CCc4c(B5OC(C)(C)C(C)(C)O5)cccc43)nc2OC)ccc1O,8.21810518588447,4.5053,round7,mixed,48
WZVCQANZKZLMIO-UHFFFAOYSA-N__GBYFSVNODFASGY-UHFFFAOYSA-N,train_round7,C1=CC=C(C(=C1)C=O)C2=CC(=NC=C2)C(F)(F)F,C#CCOC1=C(C=C(C=C1Cl)C=O)Cl,C#CCOc1c(Cl)cc(C(O)C(=O)c2ccccc2-c2ccnc(C(F)(F)F)c2)cc1Cl,8.121580543477108,2.4292,round7,train,32
LHAFCZPZEJEENY-UHFFFAOYSA-N__RNULNLABNUVCGT-UHFFFAOYSA-N,train_round7,CC1CCN(CC1C)C2=C(C=CC=C2F)C=O,CCC1=C(C=CC(=C1)NC(=O)C2=CN(N=C2C)C3=CC=C(C=C3)F)C=O,CCc1cc(NC(=O)c2cn(-c3ccc(F)cc3)nc2C)ccc1C(O)C(=O)c1cccc(F)c1N1CCC(C)C(C)C1,7.859701805139053,4.3718,round7,train,43
MPVANCNHFBAZTH-UHFFFAOYSA-N__BCSVHNLLOKEWCD-UHFFFAOYSA-N,train_round7,CC1=CC(=CC(=C1)N2C(=C(C(=N2)C(F)(F)F)C=O)Cl)C,C1=CC(=C(C=C1Cl)C2=CC=C(N2)C=O)Cl,Cc1cc(C)cc(-n2nc(C(F)(F)F)c(C(=O)C(O)c3ccc(-c4cc(Cl)ccc4Cl)[nH]3)c2Cl)c1,14.942462136651292,14.4267,round7,train,35
XSRUZNHQKJVZBG-UHFFFAOYSA-N__RABWNKKDNQNLCP-UHFFFAOYSA-N,train_round7,C1=C(C=C(C=C1C#CCC(=O)N)OC(F)(F)F)C=O,C1=CC=C(C=C1)C(=O)C2=C(C=CC(=C2)C=O)N,NC(=O)CC#Cc1cc(OC(F)(F)F)cc(C(=O)C(O)c2ccc(N)c(C(=O)c3ccccc3)c2)c1,10.79817202140073,8.9558,round7,train,36
MZBPLEJIMYNQQI-JXOAFFINSA-N__YRVZHIBGTASPHF-UHFFFAOYSA-N,train_round7,C1=C(C(=O)NC(=O)N1[C@H]2[C@@H]([C@@H]([C@H](O2)CO)O)O)C=O,CC1=C(N=NN1NC2=CC=CC=C2)C=O,Cc1c(C(O)C(=O)c2cn(C3OC(CO)C(O)C3O)c(=O)[nH]c2=O)nnn1Nc1ccccc1,7.523590447229314,6.7276,round7,mixed,34
SKXJZWFTANWXBB-HZPDHXFCSA-N__ZHVNVPHMOCWHHO-ZXXMMSQZSA-N,train_round7,C1=CC=C(C=C1)[C@@H]2[C@H](OC3=C(O2)C=CC(=C3)C=O)CO,C([C@H]([C@@H]([C@H]([C@@H](C=O)O)O)O)O)Cl,O=C(c1ccc2c(c1)OC(CO)C(c1ccccc1)O2)C(O)C(O)C(O)C(O)C(O)CCl,7.785501397451054,13.2865,round7,mixed,32
XSAFKRYBVXJUBX-UHFFFAOYSA-N__UHYMTKYUCJFTRA-UHFFFAOYSA-N,train_round7,C1=CC=C(C=C1)C2=NN(C=C2C=O)CCF,C1=CSC(=C1OC(F)F)C=O,O=C(c1cn(CCF)nc1-c1ccccc1)C(O)c1sccc1OC(F)F,8.759248222443794,6.5684,round7,train,27
MEZSFGZCUVIHDO-UHFFFAOYSA-N__DHJSAHCEPSJARP-UHFFFAOYSA-N,train_round7,C1CN(CCN1CC2=CC=CC=C2)C3=NC=C(C=C3)C=O,C1=CC(=C(C=C1C2=CC=C(O2)C=O)Cl)OC3=C(C=C(C=N3)C(F)(F)F)Cl,O=C(c1ccc(N2CCN(Cc3ccccc3)CC2)nc1)C(O)c1ccc(-c2ccc(Oc3ncc(C(F)(F)F)cc3Cl)c(Cl)c2)o1,8.750673266967947,7.4801,round7,mixed,47
IIVOXPOZSFRJJA-UHFFFAOYSA-N__KQAUAFWCMJPUBJ-UHFFFAOYSA-N,train_round7,CC1=C(C=CC(=N1)F)C=O,C1CN(N=CN1C2=C(C=C(C=C2)N3CC(OC3=O)CO)F)CC4=CC=C(O4)C=O,Cc1nc(F)ccc1C(=O)C(O)c1ccc(CN2CCN(c3ccc(N4CC(CO)OC4=O)cc3F)C=N2)o1,7.221466706873877,7.47,round7,mixed,39
JQXBYCNFXFFFOQ-UHFFFAOYSA-N__MXMHRIUYEFEROS-UHFFFAOYSA-N,train_round7,C1=CC=C2C(=C1)C=C(C=N2)C3=CC(=C(C=C3)C=O)F,C1CN(CCN1C2=C(C=CC=C2F)C=O)C3=NC=CS3,O=C(c1ccc(-c2cnc3ccccc3c2)cc1F)C(O)c1cccc(F)c1N1CCN(c2nccs2)CC1,7.42041849226413,7.4347,round7,train,39
DOSLMAUQQFHXBF-ZQIUZPCESA-N__OMRRJBCIXAGWPN-UHFFFAOYSA-N,train_round7,C1[C@H]2[C@@H]([C@@](S1)(CCCCC=O)C(=O)NC3=CC=C(C=C3)[N+](=O)[O-])NC(=O)N2,C1=CN(C(=C1)C=O)CC(=O)C2=CC=C(C=C2)F,O=C1NC2CSC(CCCCC(=O)C(O)c3cccn3CC(=O)c3ccc(F)cc3)(C(=O)Nc3ccc([N+](=O)[O-])cc3)C2N1,18.87898111180688,4.8753,round7,mixed,44
ZUWIEZZAXOYGJL-UHFFFAOYSA-N__JNEVPPBXRPCTIE-UHFFFAOYSA-N,train_round7,CN1C2=CC=CC=C2C(=C1C=O)C#CC3=CC(=CC=C3)OC,C1=CC(=C(C=C1Cl)CN2C=C(C=N2)C=O)F,COc1cccc(C#Cc2c(C(=O)C(O)c3cnn(Cc4cc(Cl)ccc4F)c3)n(C)c3ccccc23)c1,12.335828380045765,4.9993,round7,train,38
OOFPYXQUUWXHBK-UHFFFAOYSA-N__YFYCTZSSORSQBV-UHFFFAOYSA-N,train_round7,CC(C)(CN(C)C1=CC=CC=C1F)C=O,C1CC2=C(C=CC=C2F)C(C1)(C=O)O,CN(CC(C)(C)C(=O)C(O)C1(O)CCCc2c(F)cccc21)c1ccccc1F,7.33413081957917,10.0998,round7,train,29
ZDQMFAXLYAGHAM-UHFFFAOYSA-N__MZPNYGYHMMWTTH-UHFFFAOYSA-N,train_round7,CC(=O)NC1=CC(=C(C(=C1)F)F)C=O,COC1=CC(=C(C=C1)C=O)CC(=O)CC2=CC=CC=C2Br,COc1ccc(C(O)C(=O)c2cc(NC(C)=O)cc(F)c2F)c(CC(=O)Cc2ccccc2Br)c1,8.951149507581377,8.2297,round7,train,35
ZLTGZHNMVOEVCT-UHFFFAOYSA-N__XRJLOZNMCOMVKX-UHFFFAOYSA-N,train_round7,COC1=C(C(=O)NC(=C1)C=O)OC(F)(F)F,CC(C)N1C=C(C(=N1)C2=CC=CC=C2F)C=O,COc1cc(C(=O)C(O)c2cn(C(C)C)nc2-c2ccccc2F)[nH]c(=O)c1OC(F)(F)F,7.625392697332392,6.281,round7,train,33
BIOPRXVSJQNWKH-UHFFFAOYSA-N__QVLYIJSJMPEGKX-UHFFFAOYSA-N,train_round7,C1=CC(=CC=C1C2=NC=C(C(=C2)C=O)Cl)F,CC(C)(C(C1=NC=C(S1)C=O)Br)F,CC(C)(F)C(Br)c1ncc(C(O)C(=O)c2cc(-c3ccc(F)cc3)ncc2Cl)s1,8.265529063278642,7.7949,round7,train,29
JGGWVMXDSQKDIH-UHFFFAOYSA-N__ZIHWAJKSRHXYMA-UHFFFAOYSA-N,train_round7,C1=CC(=CC=C1CN2C=C(N=N2)C=O)F,CC1=CC=C(C=C1)S(=O)(=O)OCCNCC2=CC=C(C=C2)C=O,Cc1ccc(S(=O)(=O)OCCNCc2ccc(C(O)C(=O)c3cn(Cc4ccc(F)cc4)nn3)cc2)cc1,13.479128634212447,1.8038,round7,train,38
HITABQSKAAWBDD-UHFFFAOYSA-N__XSCJKMVTSNKBDI-UHFFFAOYSA-N,train_round7,C1=CC(=CC=C1CCCNC2=CC=C(C=C2)C=O)F,CCNC1=CC(=CC(=C1N)C=O)C(F)(F)F,CCNc1cc(C(F)(F)F)cc(C(O)C(=O)c2ccc(NCCCc3ccc(F)cc3)cc2)c1N,10.111631064249751,8.0182,round7,mixed,35
JYYCXPXJCPYHQH-UHFFFAOYSA-N__HXCXRIGYXOASCP-QUXALOBESA-N,train_round7,C1C=CC=CC1(C=O)C(F)(F)F,CC(CC=O)N[C@H](C1CC1)C2=C(C(=C(C=C2)Cl)C(=O)C3=CC=C(C=C3)CO)F,CC(CC(O)C(=O)C1(C(F)(F)F)C=CC=CC1)NC(c1ccc(Cl)c(C(=O)c2ccc(CO)cc2)c1F)C1CC1,8.11245606123708,7.2112,round7,train,40
DYGDETHZEHSTLB-UHFFFAOYSA-N__GVZIWSSFZNAGTN-UHFFFAOYSA-N,train_round7,C1=CC(=C(N=C1)CN2C=C3C=C(C=CC3=N2)C=O)C(F)(F)F,C1=CC2=C(C=C1C=O)OC(O2)C3=CC(=C(C=C3)O)O,O=C(c1ccc2nn(Cc3ncccc3C(F)(F)F)cc2c1)C(O)c1ccc2c(c1)OC(c1ccc(O)c(O)c1)O2,7.268097983264777,3.9763,round7,train,41
ZKTLLQZEGPAYNW-UHFFFAOYSA-N__QWXRHUDQTRXGFW-UHFFFAOYSA-N,train_round7,C1=CC(=C2C=CC=C(C2=C1)Cl)C=O,CC1CN(CCCN1C2=C(C=C(C=C2)C=O)F)C,CC1CN(C)CCCN1c1ccc(C(O)C(=O)c2cccc3c(Cl)cccc23)cc1F,11.586211653111778,5.7484,round7,train,31
VHVVKUCQKOUGLC-UHFFFAOYSA-N__GWSUGFDMARBJPW-UHFFFAOYSA-N,train_round7,CC1=C(C(=CC=C1)C=O)OCC2=C(C=CC(=C2)F)F,C1=CC(=CC=C1C=O)NCC2=NC=CC(=C2)C(F)(F)F,Cc1cccc(C(=O)C(O)c2ccc(NCc3cc(C(F)(F)F)ccn3)cc2)c1OCc1cc(F)ccc1F,13.116623510826294,9.1468,round7,train,39
PPDOJHWGRLQVNR-UHFFFAOYSA-N__QTXSCZDNFLGIJU-UHFFFAOYSA-N,train_round7,COC1=C(C(=CC(=C1)C=O)Cl)OC(=O)C2=CC=CC=C2F,CCCCC1=C(C(=CC(=C1)C)O)C=O,CCCCc1cc(C)cc(O)c1C(O)C(=O)c1cc(Cl)c(OC(=O)c2ccccc2F)c(OC)c1,9.683692689075302,6.3985,round7,train,35
SZKKUJPEFIQUKS-UHFFFAOYSA-N__HIURRLVPTQMGOO-UHFFFAOYSA-N,train_round7,C1=CC(=CN=C1)C2=C(C3=C(N2)C(=CC(=C3)Cl)F)C=O,C1OC2=C(O1)C=C(C=C2)C3=C(N4C=C(C=CC4=N3)C(F)(F)F)C=O,O=C(c1c(-c2cccnc2)[nH]c2c(F)cc(Cl)cc12)C(O)c1c(-c2ccc3c(c2)OCO3)nc2ccc(C(F)(F)F)cn12,10.655865476632508,4.788,round7,mixed,43
BLHZNTNSSCXLRY-UHFFFAOYSA-N__MEKRCCCREBZFOS-UHFFFAOYSA-N,train_round7,COC1=CC=C(C=C1)C(=O)OC2=CC=CC=C2C=O,C=CCN1C=C(C(=N1)C(F)(F)F)C=O,C=CCn1cc(C(O)C(=O)c2ccccc2OC(=O)c2ccc(OC)cc2)c(C(F)(F)F)n1,7.838656025768107,4.9302,round7,train,33
WRBUBVJHOOJSGQ-UHFFFAOYSA-N__YUKVVYDFSVEYIF-UHFFFAOYSA-N,train_round7,CC1=C(C=C(C=C1)SC2=C(C=C(C=C2F)C=O)F)C,CC1=C(C=CC(=C1)F)C2=NN(C=C2C=O)C3CCCC3,Cc1ccc(Sc2c(F)cc(C(=O)C(O)c3cn(C4CCCC4)nc3-c3ccc(F)cc3C)cc2F)cc1C,8.03127522951175,4.9073,round7,train,39
YJEGMWLAEISZOR-UHFFFAOYSA-N__PCAYQEVNEYPUJZ-UHFFFAOYSA-N,train_round7,CCC(C#N)OC1=C(C=C(C=C1)C=O)C(F)(F)F,C1CN(CCC1C(=O)N2CCC3=C(C2)C=CC(=C3)Cl)C4=CC=C(C=C4)C=O,CCC(C#N)Oc1ccc(C(=O)C(O)c2ccc(N3CCC(C(=O)N4CCc5cc(Cl)ccc5C4)CC3)cc2)cc1C(F)(F)F,9.32721886043742,7.3329,round7,mixed,45
ISSCVYJCJIDRQY-UHFFFAOYSA-N__AXDCHKABGHLYBB-UHFFFAOYSA-N,train_round7,CC1(CCCN(C1)C2=CC=CC(=C2)C=O)F,C1CC(CN(C1)C2=C(C=CC(=C2)F)C=O)C3=NC(=NO3)Br,CC1(F)CCCN(c2cccc(C(=O)C(O)c3ccc(F)cc3N3CCCC(c4nc(Br)no4)C3)c2)C1,8.492021104705232,6.7065,round7,mixed,37
DSAPYLFLEPUSDU-UHFFFAOYSA-N__DKJIWXITRCKDOW-UHFFFAOYSA-N,train_round7,C1=CC=C2C(=C1)C=C(C(=N2)OCC(F)F)C=O,CCCC1(CCCCC1)C=O,CCCC1(C(O)C(=O)c2cc3ccccc3nc2OCC(F)F)CCCCC1,7.393287253899124,7.191,round7,train,28
LQZQWZLGRNRHDV-UHFFFAOYSA-N__IDZQMCBGYRYVJM-UHFFFAOYSA-N,train_round8,CC1=CC2=CC(=CN=C2C=C1C=O)CC3=CC=C(C=C3)F,CC1=C(C=C(C=C1Br)F)C=O,Cc1cc2cc(Cc3ccc(F)cc3)cnc2cc1C(=O)C(O)c1cc(F)cc(Br)c1C,2.4698947002332323,1.9939,round8,train,32
IRWNEECXOIMZBI-UHFFFAOYSA-N__QWCGFEGVYFTRIC-UHFFFAOYSA-N,train_round8,CC(C)(C)C1=CC2=C(C=C1)NC(=C2C=O)C3=C(C=CC(=C3)F)OC,C1=CC(=NC(=C1C(F)F)C=O)C(F)(F)F,COc1ccc(F)cc1-c1[nH]c2ccc(C(C)(C)C)cc2c1C(=O)C(O)c1nc(C(F)(F)F)ccc1C(F)F,1.8463507640413497,-0.5742,round8,train,39
KRCQPUHELYNUHY-NWDGAFQWSA-N__SZHCDLXRKSVFRK-UHFFFAOYSA-N,train_round8,C=C[C@H]([C@H](C=O)O)OCC1=CC=CC=C1,C1C(CC1C2=CC=CC=C2C(F)(F)F)C=O,C=CC(OCc1ccccc1)C(O)C(=O)C(O)C1CC(c2ccccc2C(F)(F)F)C1,-0.9493829355305672,1.7726,round8,train,31
QOZICAFQPXAZQP-UHFFFAOYSA-N__FFZVFTLTPGZJMT-UHFFFAOYSA-N,train_round8,C1=CC(=C(C=C1OCC2=CC=C(S2)C=O)F)F,CNCC1CCN(CC1)C2=NC(=CC(=N2)OCC(F)(F)F)C=O,CNCC1CCN(c2nc(OCC(F)(F)F)cc(C(O)C(=O)c3ccc(COc4ccc(F)c(F)c4)s3)n2)CC1,-0.1456025369538814,-0.4541,round8,train,40
OUHOZFXRBKNFEK-UHFFFAOYSA-N__VCMFZTZKBIHUFS-UHFFFAOYSA-N,train_round8,CC1=C(N=C(C=C1Cl)Cl)C=O,CCN1C(=C(N=N1)C2=CC=C(C=C2)C(F)(F)F)C=O,CCn1nnc(-c2ccc(C(F)(F)F)cc2)c1C(O)C(=O)c1nc(Cl)cc(Cl)c1C,2.06183754305792,0.266,round8,train,30
RCEUWJVKRLKEAM-UHFFFAOYSA-N__FUNCSPHGTCXLAZ-VOTSOKGWSA-N,train_round8,C1=C(C(=C(C(=N1)F)[N+](=O)[O-])C=O)C(F)F,CC1=C(C=CC=C1C2=CC(=C(C=C2)O)O)/C=C/C3=C(C=CC(=C3)C=O)C(F)(F)F,Cc1c(C=Cc2cc(C(O)C(=O)c3c(C(F)F)cnc(F)c3[N+](=O)[O-])ccc2C(F)(F)F)cccc1-c1ccc(O)c(O)c1,1.2715859982289472,4.8044,round8,train,44
MABFWCGSLASKOG-UHFFFAOYSA-N__ICNPSFWIEZFJSW-OYLFLEFRSA-N,train_round8,C1=CC(=C(N=C1C=O)F)F,CC1=C(C(=NC=C1C=O)O[C@@H]2C[C@@]3(CNC4=NN=C(C=C4N3C2)C5=C(C(=CC=C5)F)O)C(F)F)C,Cc1c(C(O)C(=O)c2ccc(F)c(F)n2)cnc(OC2CN3c4cc(-c5cccc(F)c5O)nnc4NCC3(C(F)F)C2)c1C,4.539278294434351,5.7173,round8,train,45
STFOXILYCKLJPP-UHFFFAOYSA-N__IGMILUQRUMDBQP-UHFFFAOYSA-N,train_round8,C1=CC2=C(C=C1C=O)N=C(S2)CF,C1=CC=C2C(=C1)C(C3=C2C(=CC=C3)Br)C=O,O=C(c1ccc2sc(CF)nc2c1)C(O)C1c2ccccc2-c2c(Br)cccc21,4.472316789589652,1.1944,round8,train,29
LXWSHKFIHNPPRK-UHFFFAOYSA-N__LCSFGEURPDJPPG-UHFFFAOYSA-N,train_round8,C1=CC=C(C(=C1)COC2=C(C(=C(C=C2)F)F)F)C=O,C1=CC(=CC=C1CSC2=CC(=CC(=C2)F)C=O)Cl,O=C(c1ccccc1COc1ccc(F)c(F)c1F)C(O)c1cc(F)cc(SCc2ccc(Cl)cc2)c1,6.01794868833055,-0.2147,round8,train,37
AFLJPHRFYKPYIK-UHFFFAOYSA-N__KPKOWHXAXXIABV-UHFFFAOYSA-N,train_round8,CSC1=C(C=C(C=C1)C=O)OC(F)(F)F,C1=CC(=CC(=C1)F)C2=CN=C(S2)C=O,CSc1ccc(C(=O)C(O)c2ncc(-c3cccc(F)c3)s2)cc1OC(F)(F)F,5.29750258437711,2.6305,round8,train,29
ZHYLQGMRCSHNLQ-UHFFFAOYSA-N__NNWVDBYHZYLEJR-UHFFFAOYSA-N,train_round8,CN1C=NN=C1C2=C(C=CC(=C2)F)C3=CC(=CC=C3)C4=NC5=CC(=CC(=C5O4)C#N)C=O,CC1=CC(=NC=C1)C2=NC=CC(=C2)CCCC=O,Cc1ccnc(-c2cc(CCCC(O)C(=O)c3cc(C#N)c4oc(-c5cccc(-c6ccc(F)cc6-c6nncn6C)c5)nc4c3)ccn2)c1,3.3810704075501885,-3.2938,round8,train,50
LLJQHNCLGSPGEN-NSCUHMNNSA-N__AQVYVEIHPDHKAK-UHFFFAOYSA-N,train_round8,C/C=C/CN(CC1=CC=CC=C1)C2=C(C(=O)N(C(=O)N2C3CCCCC3)C4CCCCC4)C=O,CC1=CC(=NC(=C1CN)OC(F)(F)F)C=O,CC=CCN(Cc1ccccc1)c1c(C(=O)C(O)c2cc(C)c(CN)c(OC(F)(F)F)n2)c(=O)n(C2CCCCC2)c(=O)n1C1CCCCC1,11.847691734530937,5.8007,round8,train,50
UOOYCAUZXITAPI-UHFFFAOYSA-N__QDCYEUFKROCIRY-UHFFFAOYSA-N,train_round8,C1=CC(=O)NC(=C1C(F)(F)F)C=O,C1=CC(=NC2=C1NC(=C2)C=O)C(F)(F)F,O=C(c1[nH]c(=O)ccc1C(F)(F)F)C(O)c1cc2nc(C(F)(F)F)ccc2[nH]1,8.030706749893264,10.9692,round8,train,28
CFUOVWKEDROTBI-UHFFFAOYSA-N__IOKUCNZOAJQSEB-UHFFFAOYSA-N,train_round8,CC1=NN2C(=CC=NC2=C1C=O)C3CCCN(C3)CC4=CC=CC=C4F,CCOC1=CC=CC2=C1C(=CN2)C=O,CCOc1cccc2[nH]cc(C(O)C(=O)c3c(C)nn4c(C5CCCN(Cc6ccccc6F)C5)ccnc34)c12,13.839469173646812,4.5055,round8,train,40
DPYYTCIHGSJSDB-UHFFFAOYSA-N__BFOXYLVCYJNOBM-FKWGRNQDSA-N,train_round8,CCCCCCN1N=C2C(=CC=C(C2=N1)C3=CC=C(O3)C=O)C4=CC=CO4,C1CC1N2C=C(C=N2)[C@H]3CC(CCO3)C4=NC(=C(C(=N4)C(=O)O)C=O)C5=C(C=C(C=C5)F)F,CCCCCCn1nc2c(-c3ccco3)ccc(-c3ccc(C(=O)C(O)c4c(C(=O)O)nc(C5CCOC(c6cnn(C7CC7)c6)C5)nc4-c4ccc(F)cc4F)o3)c2n1,14.659626776779854,1.4543,round8,train,60
ZGZDARSGXKKCTB-UHFFFAOYSA-N__SLVRALFNJXDSGQ-IKCNDWCXSA-N,train_round8,C1=CC=C(C(=C1)C2=CC(=CN2S(=O)(=O)C3=CC=C(C=C3)Br)C=O)F,COC1=CC(=CC(=C1)NC(C=O)C2=CC=C(C=C2)Cl)OC[C@]3(C[C@@H]3C(=O)O)F,COc1cc(NC(c2ccc(Cl)cc2)C(O)C(=O)c2cc(-c3ccccc3F)n(S(=O)(=O)c3ccc(Br)cc3)c2)cc(OCC2(F)CC2C(=O)O)c1,10.012446185626542,3.1566,round8,train,52
QVHBGEHYPOOEQS-QWWZWVQMSA-N__UORCQYVELURZCK-RNFRBKRXSA-N,train_round9,COC(=O)[C@H]1[C@H](C1(F)F)C=O,CC1=C([C@@H]([C@H](C=N1)COP(=O)(O)O)C=O)O,COC(=O)C1C(C(=O)C(O)C2C(O)=C(C)N=CC2COP(=O)(O)O)C1(F)F,-3.018628685492718,-3.0528,round9,train,27
VFMZVEFTNAXWAC-UHFFFAOYSA-N__LUDUNBWJCOZYQP-UHFFFAOYSA-N,train_round9,CC(=O)OP(CC=O)(C1=CC=CC=C1)(C2=CC=CC=C2)C3=CC=CC=C3,C1=C(C(=C(N=C1Br)F)C=O)F,CC(=O)OP(CC(=O)C(O)c1c(F)cc(Br)nc1F)(c1ccccc1)(c1ccccc1)c1ccccc1,-2.709516539700453,-2.9392,round9,train,37
XPAPBODBMUIDAA-UHFFFAOYSA-N__RHNIAXYBUPGBQZ-UHFFFAOYSA-N,train_round9,C1=CC(=NC=C1C2=CC(=CC(=C2)Cl)F)C=O,COCOC(CF)C=O,COCOC(CF)C(O)C(=O)c1ccc(-c2cc(F)cc(Cl)c2)cn1,-2.4446587074553583,-0.8454,round9,train,25
VSNODAGDMQOLKS-QXEWZRGKSA-N__PZQLLGCWXFFGFD-UHFFFAOYSA-N,train_round9,C[C@@H](C=O)NC(=O)[C@H](CC1=CN(C=N1)P(=O)(O)O)NC(=O)CNC(=O)[C@H](C)N,C1=CC(=C(C=C1C=CCC=O)F)CN,CC(N)C(=O)NCC(=O)NC(Cc1cn(P(=O)(O)O)cn1)C(=O)NC(C)C(=O)C(O)CC=Cc1ccc(CN)c(F)c1,2.29545070584414,-3.4957,round9,train,42
KOVDCCZPFAJINT-PIYOCXGNSA-N__JCNGNCPJGSUCMW-UHFFFAOYSA-N,train_round9,CC1=C2C(=CC=C1)COP(=O)(O2)OC[C@@]3([C@H]([C@H]([C@@H](O3)N4C=C(C(=O)NC4=O)C=O)O)O)F,C1=C(C(=C(C(=N1)C=O)I)OC(F)(F)F)CBr,Cc1cccc2c1OP(=O)(OCC1(F)OC(n3cc(C(=O)C(O)c4ncc(CBr)c(OC(F)(F)F)c4I)c(=O)[nH]c3=O)C(O)C1O)OC2,-1.6658789021281553,1.9511,round9,train,48
BANMXBAOIHVULK-UHFFFAOYSA-N__OXWBKZRCFNKKDJ-UHFFFAOYSA-N,train_round9,CC1=CC=CC=C1N2C(=C(N=N2)C=O)C(F)(F)F,C1=CC(=C(N=C1)OC2=C(C=C(C=C2)C#N)C(F)(F)F)C=O,Cc1ccccc1-n1nnc(C(=O)C(O)c2cccnc2Oc2ccc(C#N)cc2C(F)(F)F)c1C(F)(F)F,2.1006312938081333,1.2118,round9,train,39
NXGJUTFZCDKORT-SECBINFHSA-N__JQLSZIHLGPCLJM-QDBXZZJQSA-N,train_round9,C[C@H](CC=O)C1CCCCC1,C1C2=C(C=CC(=C2)Cl)OP(=O)(O1)OC[C@@]3([C@H]([C@H]([C@@H](O3)N4C=C(C(=O)NC4=O)C=O)O)O)F,CC(CC(=O)C(O)c1cn(C2OC(F)(COP3(=O)OCc4cc(Cl)ccc4O3)C(O)C2O)c(=O)[nH]c1=O)C1CCCCC1,1.663624100090141,2.2506,round9,train,43
RGEAFHOFMHXAPV-UHFFFAOYSA-N__FNJKHNBMDMMIDU-GFCCVEGCSA-N,train_round9,C#CC1=C(OC=C1)C=O,C1CCC(CC1)[C@@H](C=O)C2=CSC=C2,C#Cc1ccoc1C(=O)C(O)C(c1ccsc1)C1CCCCC1,-0.284640033849122,-0.548,round9,train,23
RIUPTQUYAUQPDW-UHFFFAOYSA-N__XSMSJUPFVRBUNU-MVOZIGHISA-N,train_round9,CC(=O)C1=CC(=CC(=C1C=O)C#N)C(F)(F)F,C[C@H](CC=O)[C@@H](C)[C@@H](C(C)C)OC(=O)C1=CC=CC=C1P(C2=CC=CC=C2)C3=CC=CC=C3,CC(=O)c1cc(C(F)(F)F)cc(C#N)c1C(=O)C(O)CC(C)C(C)C(OC(=O)c1ccccc1P(c1ccccc1)c1ccccc1)C(C)C,0.9682814438500388,0.6887,round9,train,50
HLAXUZNRSOXNHE-UHFFFAOYSA-N__MADSRQSZSPYHKJ-UHFFFAOYSA-N,train_round9,COC1=CC(=C(C=C1)CN2C=C(N=N2)C=O)F,CC(C)(CN(C)C)COC1=CC(=NC=C1C#N)NC(=O)N2CCCC3=CC(=C(N=C32)C=O)C(F)F,COc1ccc(Cn2cc(C(=O)C(O)c3nc4c(cc3C(F)F)CCCN4C(=O)Nc3cc(OCC(C)(C)CN(C)C)c(C#N)cn3)nn2)c(F)c1,0.362100307865053,-2.3417,round9,train,52
ZXXFEUSRFASFNO-UHFFFAOYSA-N__MAPWHWRNFRJKFI-UHFFFAOYSA-N,train_round9,C1=C(C=C(C=C1C(F)(F)F)Cl)C2C(C2(Cl)Cl)(CO)C=O,C1=CC2=NNC(=C2C=C1C(=O)O)C=O,O=C(O)c1ccc2n[nH]c(C(O)C(=O)C3(CO)C(c4cc(Cl)cc(C(F)(F)F)c4)C3(Cl)Cl)c2c1,2.402675886052096,4.1121,round9,train,34
RVCMVAQMGJKIDG-UHFFFAOYSA-N__SEPIVKHCMVANBT-UHFFFAOYSA-N,train_round9,C1=CC(=CC=C1C(=O)CC=O)N,CC(C)C(C=O)OC(=O)C1=CC=CC=C1,CC(C)C(OC(=O)c1ccccc1)C(O)C(=O)CC(=O)c1ccc(N)cc1,-3.1267173142426943,-10.2028,round9,train,27
WDJSNVLKMXJBFL-UHFFFAOYSA-N__YYMMQLUJUDBMTC-UHFFFAOYSA-N,train_round9,C1C(CN1C(=O)C2=CC=C(C=C2)C3=C(C(=C(C=C3)F)F)F)(CCC=O)N,C1=CC=C(C(=C1)C=CC2=CC=C(C=C2)C(F)(F)F)C=O,NC1(CCC(=O)C(O)c2ccccc2C=Cc2ccc(C(F)(F)F)cc2)CN(C(=O)c2ccc(-c3ccc(F)c(F)c3F)cc2)C1,6.280490210846431,1.7681,round9,train,46
NPNGOZRGZSHGKF-UHFFFAOYSA-N__DGIHHUHEIOWHQF-UHFFFAOYSA-N,train_round9,C1=C(SC(=C1)C=O)CCCCCCCF,CCCN1C(=CC=C(C1=O)C=O)C2=CC=C(C=C2)F,CCCn1c(-c2ccc(F)cc2)ccc(C(O)C(=O)c2ccc(CCCCCCCF)s2)c1=O,4.309932226351767,4.9158,round9,train,34
OJQVFLNSBWUARH-UHFFFAOYSA-N__QBSXATHKIMCWNC-UHFFFAOYSA-N,train_round9,C1CC1COC2=CC(=C(N=C2)C=O)F,C1=CC=C(C=C1)COP(=O)(OCC2=CC=CC=C2)OC3=C(C=C(C=C3)C=O)F,O=C(c1ncc(OCC2CC2)cc1F)C(O)c1ccc(OP(=O)(OCc2ccccc2)OCc2ccccc2)c(F)c1,5.921624573458094,3.1537,round9,train,42
GPCQLNRYPNWABA-UHFFFAOYSA-N__LHJOOTINFHVOGP-UHFFFAOYSA-N,train_round9,C1=CC=NC(=C1)N2C=C(C(=N2)C3=C(C=C(C=C3)F)F)C=O,CC(=O)NC1=CC(=C(C=C1)C=O)C(F)(F)F,CC(=O)Nc1ccc(C(O)C(=O)c2cn(-c3ccccn3)nc2-c2ccc(F)cc2F)c(C(F)(F)F)c1,4.79954986887993,4.0933,round9,train,37
XWLYQKKEFYWVSB-UHFFFAOYSA-N__BIIMJFZNPPEEMF-UHFFFAOYSA-N,train_round9,C(=O)C(C(C(C(C(C(C(C(F)F)(F)F)(F)F)(F)F)(F)F)(F)F)(F)F)(F)F,COC1=CC=CC=C1N2C(=C(N=N2)C=O)C3=CC=C(C=C3)F,COc1ccccc1-n1nnc(C(O)C(=O)C(F)(F)C(F)(F)C(F)(F)C(F)(F)C(F)(F)C(F)(F)C(F)(F)C(F)F)c1-c1ccc(F)cc1,5.351941109325429,7.2043,round9,train,48
QZDHCLGWIMBBFC-UHFFFAOYSA-N__ZHJKVXOTASUSMY-UHFFFAOYSA-N,train_round9,CC1=CC=C(C=C1)S(=O)(=O)N(CCC=O)C2=CC(=CC=C2)O,C1=CC(=C(C=C1I)F)NC2=C(C=CC(=C2F)F)NC(CC=O)O,Cc1ccc(S(=O)(=O)N(CCC(=O)C(O)CC(O)Nc2ccc(F)c(F)c2Nc2ccc(I)cc2F)c2cccc(O)c2)cc1,5.510294008706138,-0.502,round9,train,45
JTSHAUVRNHHGRR-UHFFFAOYSA-N__QELBQGQAKVQWTH-UHFFFAOYSA-N,train_round9,CCC(CC)N1C=C(C(=N1)C2=CC(=C(C=C2)Br)F)C=O,COC1=C(N=C(C(=C1)C=O)CN)OC(F)(F)F,CCC(CC)n1cc(C(=O)C(O)c2cc(OC)c(OC(F)(F)F)nc2CN)c(-c2ccc(Br)c(F)c2)n1,6.434347519382405,2.7246,round9,train,37
DSFNSJCZMUVZIR-UHFFFAOYSA-N__SRZIOWNZWNXWBH-UHFFFAOYSA-N,train_round9,CC(C)(C1CCC(CC1)C2=NC3=C(C=C(C=C3C=C2)C=O)F)O,CCCC1=C(C=C(C=C1)C=O)F,CCCc1ccc(C(O)C(=O)c2cc(F)c3nc(C4CCC(C(C)(C)O)CC4)ccc3c2)cc1F,5.53051757551737,4.2362,round9,train,35
VRVWYWVBSYDFSR-UHFFFAOYSA-N__ZFIOJQKVKFRPJN-UHFFFAOYSA-N,train_round9,CCOP(=O)(C(CC=O)C1=CC=CC=C1)OCC,CC(C)(CNCCP(=O)(OC)OC)C=O,CCOP(=O)(OCC)C(CC(=O)C(O)C(C)(C)CNCCP(=O)(OC)OC)c1ccccc1,5.620238015318179,4.378,round9,train,33
SBCVBXAIPBICOF-UHFFFAOYSA-N__MCENHXSPYXCDSL-UHFFFAOYSA-N,train_round9,C1=C(C(=O)C(=C(N1)Cl)C=O)C(F)F,C1=C(C(=C(N=C1C=O)I)C(F)F)CCl,O=C(c1c(Cl)[nH]cc(C(F)F)c1=O)C(O)c1cc(CCl)c(C(F)F)c(I)n1,5.203920242352045,2.2915,round9,train,27
ZPZYYOOIZAVEOE-UHFFFAOYSA-N__XFULDMHCMQRQMN-UHFFFAOYSA-N,train_round9,C1=CC(=C(C(=C1C(F)(F)F)CC=O)O)Cl,C1=CC=C(C=C1)CCN2C=C(C=C2C(F)(F)F)C=O,O=C(Cc1c(C(F)(F)F)ccc(Cl)c1O)C(O)c1cc(C(F)(F)F)n(CCc2ccccc2)c1,4.159423543193105,5.724,round9,train,34
QBAPYNUIMPDTSG-UHFFFAOYSA-N__MMRWXVZIGQNNHW-UHFFFAOYSA-N,train_round9,CC1=CC(=C(C(=C1)F)C=O)CC(=O)OC,CC(C1=CC=CC(=N1)C=O)(F)P,COC(=O)Cc1cc(C)cc(F)c1C(=O)C(O)c1cccc(C(C)(F)P)n1,20.885803346300968,15.0206,round9,train,27
CMWLQSFVGYWJNS-UHFFFAOYSA-N__KWKROEXATUPAHC-UHFFFAOYSA-N,train_round9,C1=C(C(=C(C(=N1)C(F)(F)F)C(F)F)C=O)I,CC1=NC=C(C(=C1O)CO)COP(=O)(O)OCC2=CN=C(C(=C2C=O)O)C,Cc1ncc(COP(=O)(O)OCc2cnc(C)c(O)c2C(O)C(=O)c2c(I)cnc(C(F)(F)F)c2C(F)F)c(CO)c1O,9.410698708324666,7.586,round9,train,43
QBHHUOVBVXNIGF-UHFFFAOYSA-N__DOJIJDDRNKDSRA-UHFFFAOYSA-N,train_round9,CC1=CC(=C(C2=C1C(=O)OC3=C(O2)C4=C(C(=C3)O)C(=O)OC4O)C=O)O,CC1=C(C(=C(C=C1)NC(=O)C)F)C=O,CC(=O)Nc1ccc(C)c(C(O)C(=O)c2c(O)cc(C)c3c2Oc2c(cc(O)c4c2C(O)OC4=O)OC3=O)c1F,10.179456063436474,5.7033,round9,train,40
FIKCFCMGEGLMPZ-UHFFFAOYSA-N__PKEHZTKPOCTNOY-UHFFFAOYSA-N,train_round9,C1=CC=C(C=C1)C2=NOC3=C2C(=C(C=C3)C=O)F,CCOC(=O)C1=CC2=CC(=C(N2C=C1)C=O)C3=CC=CC=C3,CCOC(=O)c1ccn2c(C(O)C(=O)c3ccc4onc(-c5ccccc5)c4c3F)c(-c3ccccc3)cc2c1,11.505917031530958,6.0112,round9,train,40
SONFEJGLHKNKEF-UHFFFAOYSA-N__LNGDJTUKBAHJPW-UHFFFAOYSA-N,train_round9,C1=CC(=C(C=C1Cl)OC(F)(F)F)C=O,COC1=CC=C(C2=CC=CC=C21)C3=C(C=C(C=C3)F)C=O,COc1ccc(-c2ccc(F)cc2C(O)C(=O)c2ccc(Cl)cc2OC(F)(F)F)c2ccccc12,8.441605691355369,4.7496,round9,train,35
QORNPMJSRVDJRT-UHFFFAOYSA-N__NMGWFTFPLLTCHT-UHFFFAOYSA-N,train_round9,COC1=C(C=CC=C1C2=CC(=CC(=C2)OCC(F)(F)F)C(=O)OC)C=O,C1=CC=C(C=C1)C2=C(P(C(=C2C3=CC=CC=C3)Br)C4=CC=CC=C4)C=O,COC(=O)c1cc(OCC(F)(F)F)cc(-c2cccc(C(=O)C(O)c3c(-c4ccccc4)c(-c4ccccc4)c(Br)p3-c3ccccc3)c2OC)c1,20.65987658505593,6.4632,round9,train,52
NMGWFTFPLLTCHT-UHFFFAOYSA-N__QORNPMJSRVDJRT-UHFFFAOYSA-N,train_round9,C1=CC=C(C=C1)C2=C(P(C(=C2C3=CC=CC=C3)Br)C4=CC=CC=C4)C=O,COC1=C(C=CC=C1C2=CC(=CC(=C2)OCC(F)(F)F)C(=O)OC)C=O,COC(=O)c1cc(OCC(F)(F)F)cc(-c2cccc(C(O)C(=O)c3c(-c4ccccc4)c(-c4ccccc4)c(Br)p3-c3ccccc3)c2OC)c1,16.26625032525043,3.919,round9,train,52
CDYKJLOLNQBHAZ-UHFFFAOYSA-N__MHQNOHDTFUUBLO-UHFFFAOYSA-N,train_round9,CC(C)NC1=C(C(=NC(=N1)SC)Cl)C=O,COC1=CC=CC=C1C2=C(C3=C(N2)C(=CC=C3)F)C=O,COc1ccccc1-c1[nH]c2c(F)cccc2c1C(O)C(=O)c1c(Cl)nc(SC)nc1NC(C)C,18.81537457428438,8.956,round9,train,35
GHZQWJJBNSBADT-UHFFFAOYSA-N__YSXKAOXCJKNOTN-UCNVEGJOSA-N,train_round9,CC1=CC(=C(C(=C1)OP(=O)(OCC2=CC=CC=C2)OCC3=CC=CC=C3)C(C)(C)CC=O)C,C[C@@H]([C@@H](CC1=CC=C(C=C1)F)[C@H](CC2=CC=CC=C2)C=O)O[Si](C)(C)C,Cc1cc(C)c(C(C)(C)CC(=O)C(O)C(Cc2ccccc2)C(Cc2ccc(F)cc2)C(C)O[Si](C)(C)C)c(OP(=O)(OCc2ccccc2)OCc2ccccc2)c1,11.121317726552606,3.5503,round9,train,59
MHQNOHDTFUUBLO-UHFFFAOYSA-N__CDYKJLOLNQBHAZ-UHFFFAOYSA-N,train_round9,COC1=CC=CC=C1C2=C(C3=C(N2)C(=CC=C3)F)C=O,CC(C)NC1=C(C(=NC(=N1)SC)Cl)C=O,COc1ccccc1-c1[nH]c2c(F)cccc2c1C(=O)C(O)c1c(Cl)nc(SC)nc1NC(C)C,18.52009480477754,7.0562,round9,train,35
PHQJIOVLQCHKHD-UHFFFAOYSA-N__HRAACZBPBWLPED-UHFFFAOYSA-N,train_round9,CC(C)C1=CC2=C(C=C1)NC(=C2C=O)C3=CC=C(C=C3)OC,CC1=NC=C(C=N1)C2=C(C=CC(=C2)F)C=O,COc1ccc(-c2[nH]c3ccc(C(C)C)cc3c2C(=O)C(O)c2ccc(F)cc2-c2cnc(C)nc2)cc1,10.317291251054424,3.5834,round9,train,38
ZBMUVEGKMJWZCG-UHFFFAOYSA-N__SAOZQNDHZBNLCQ-UHFFFAOYSA-N,train_round9,CC(COC1=CC(=CC(=C1)C=O)F)(C(=O)O)O,CC1=C(C=C(C=C1)F)N2C=CC=C2C=O,Cc1ccc(F)cc1-n1cccc1C(O)C(=O)c1cc(F)cc(OCC(C)(O)C(=O)O)c1,9.472829424876164,8.3155,round9,train,32
