E_acyl_orca_Eh,E_h_orca_Eh,id,bde_gxtb_kcal,bde_alfabet_kcal,bde_dft_kcal
-2088.419258861262,-0.497326434673,43797.0,78.411,89.86591,97.14148913325214
-1527.709208505734,-0.497326434673,187820.0,83.477,90.903496,107.5392755314493
-676.535741081345,-0.497326434673,165025.0,86.891,88.97114,93.6459308187255
-1025.968608278929,-0.497326434673,19991.0,90.346,89.974434,103.46596349378136
-730.418061023534,-0.497326434673,187143.0,100.05,89.363525,112.62200191320721
