E_acyl_orca_Eh,E_h_orca_Eh,id,bde_gxtb_kcal,bde_alfabet_kcal,bde_dft_kcal
-1782.586114551991,-0.497326434673,95800.0,73.098,89.44518,95.06128171684168
-1418.097356172986,-0.497326434673,55941.0,81.051,88.216,95.48388506412992
-976.995629577914,-0.497326434673,125488.0,85.097,93.41909,99.99522916968961
-830.309270640961,-0.497326434673,166285.0,88.367,87.968735,95.10099831431009
-400.192770524532,-0.497326434673,23848.0,92.467,88.6324,93.66559567990076
