E_acyl_orca_Eh,E_h_orca_Eh,id,bde_gxtb_kcal,bde_alfabet_kcal,bde_dft_kcal
-1407.974788993562,-0.497326434673,62199.0,72.254,88.03291,97.3849500319182
-1367.07912139457,-0.497326434673,48855.0,80.801,89.364784,94.11359208989577
-1082.969109498353,-0.497326434673,100632.0,84.929,88.24798,94.79442646440283
-786.978902573877,-0.497326434673,153584.0,88.199,90.402016,101.3430717437543
-898.043733963766,-0.497326434673,137459.0,92.174,87.19637,94.41352820351754
