E_acyl_orca_Eh,E_h_orca_Eh,id,bde_gxtb_kcal,bde_alfabet_kcal,bde_dft_kcal
-1717.1635412151,-0.497326434673,113776.0,76.925,89.52713,102.87055743394812
-737.247346265441,-0.497326434673,175325.0,82.675,87.352715,90.2870088586889
-1006.764669605184,-0.497326434673,196282.0,86.253,90.36315,103.4663390015812
-713.976486102902,-0.497326434673,35679.0,89.585,92.59435,96.10887141162627
-484.562889789215,-0.497326434673,133036.0,95.415,89.69495,94.23655332116189
