E_acyl_orca_Eh,E_h_orca_Eh,id,bde_gxtb_kcal,bde_alfabet_kcal,bde_dft_kcal
-1391.488546607351,-0.497326434673,3860.0,68.252,89.11707,95.55115342213597
-1393.113045686203,-0.497326434673,55578.0,79.979,90.08396,101.98208585419762
-1110.564352195499,-0.497326434673,166017.0,84.406,88.97114,95.78654797699424
-773.317803267406,-0.497326434673,131271.0,87.705,88.83692,102.48279399731315
-1732.367588765348,-0.497326434673,92143.0,91.414,90.86112,116.46370167008534
