E_acyl_orca_Eh,E_h_orca_Eh,id,bde_gxtb_kcal,bde_alfabet_kcal,bde_dft_kcal
-1409.371916430002,-0.497326434673,71628.0,75.046,90.24622,95.0709879014881
-3486.439085019632,-0.497326434673,73914.0,81.777,88.7576,94.77499638320747
-943.406525331024,-0.497326434673,130978.0,85.59,91.066734,102.21068506489819
-500.81942291229,-0.497326434673,11821.0,88.875,87.15827,101.74285445845594
-708.352177064908,-0.497326434673,40867.0,93.467,90.683426,106.97302150293162
