E_acyl_orca_Eh,E_h_orca_Eh,id,bde_gxtb_kcal,bde_alfabet_kcal,bde_dft_kcal
-1889.864814099141,-0.497326434673,64818.0,76.488,87.71692,95.71604675661315
-685.255780544226,-0.497326434673,15027.0,82.46,92.43913,94.89417175263127
-1137.557299586696,-0.497326434673,184813.0,86.089,89.94068,98.89464269665858
-947.751566988227,-0.497326434673,139630.0,89.402,90.48559,106.0729316071931
-946.166835771668,-0.497326434673,34233.0,94.823,89.56002,108.01502522702233
