E_acyl_orca_Eh,E_h_orca_Eh,id,bde_gxtb_kcal,bde_alfabet_kcal,bde_dft_kcal
-1778.851088226656,-0.497326434673,52582.0,75.573,90.14196,99.52828981256916
-1000.247777055178,-0.497326434673,194299.0,82.011,90.22349,102.15338972627674
-734.02519213461,-0.497326434673,156897.0,85.757,89.54357,100.7287692187687
-932.554874645588,-0.497326434673,164479.0,89.047,88.72453,93.38856438048296
-753.473929628023,-0.497326434673,59302.0,93.865,88.79709,105.91131913877268
