E_acyl_orca_Eh,E_h_orca_Eh,id,bde_gxtb_kcal,bde_alfabet_kcal,bde_dft_kcal
-1867.812860553697,-0.497326434673,85395.0,74.481,90.486626,108.21247295001304
-851.556082625241,-0.497326434673,90678.0,81.538,89.84638,91.76567801597903
-670.496650631212,-0.497326434673,204176.0,85.428,88.88244,99.40439797144484
-984.312708677792,-0.497326434673,45419.0,88.702,91.28034,104.83184471428979
-600.105882668536,-0.497326434673,33891.0,93.111,88.4172,94.19437566722999
