E_acyl_orca_Eh,E_h_orca_Eh,id,bde_gxtb_kcal,bde_alfabet_kcal,bde_dft_kcal
-1182.621577834297,-0.497326434673,8591.0,71.234,88.53409,93.4555588344277
-1145.483110185638,-0.497326434673,119290.0,80.528,88.727745,96.67561468425995
-3455.369213226542,-0.497326434673,80417.0,84.76,88.77237,94.33405023123092
-3049.701888109272,-0.497326434673,101843.0,88.033,91.90763,96.35791856677251
-601.30101979911,-0.497326434673,100927.0,91.911,89.241066,94.64059293906743
