E_acyl_orca_Eh,E_h_orca_Eh,id,bde_gxtb_kcal,bde_alfabet_kcal,bde_dft_kcal
-834.583052663089,-0.497326434673,181922.0,56.413,87.662895,61.7691785757016
-1228.619049124241,-0.497326434673,29569.0,79.077,90.11048,95.95134308872903
-767.948635834814,-0.497326434673,14420.0,83.859,90.617714,106.49883225581908
-870.410410273062,-0.497326434673,106350.0,87.223,90.21499,103.93530828543813
-1111.146656769907,-0.497326434673,134913.0,90.749,92.121414,103.27648975040401
