E_acyl_orca_Eh,E_h_orca_Eh,id,bde_gxtb_kcal,bde_alfabet_kcal,bde_dft_kcal
-1552.588072956921,-0.497326434673,85588.0,76.042,92.64596,101.40427110947293
-1155.620266860989,-0.497326434673,124294.0,82.239,90.10473,102.67423803154335
-881.8299575602,-0.497326434673,38905.0,85.923,90.12651,104.27254650464913
-847.587560398611,-0.497326434673,201040.0,89.225,87.603645,95.1341964897025
-385.577103193724,-0.497326434673,214700.0,94.31,89.50829,94.9647820127594
