E_acyl_orca_Eh,E_h_orca_Eh,id,bde_gxtb_kcal,bde_alfabet_kcal,bde_dft_kcal
-1204.847230038699,-0.497326434673,71423.0,77.706,90.22471,100.81580841619518
-945.659094506317,-0.497326434673,163096.0,83.092,90.61574,101.40280861566075
-919.941361794432,-0.497326434673,157185.0,86.57,89.42132,99.90572181312528
-751.701094078189,-0.497326434673,38255.0,89.96,90.29124,105.88631360725816
-558.61494108081,-0.497326434673,11959.0,97.02,92.22729,111.12307624378212
