E_acyl_orca_Eh,E_h_orca_Eh,id,bde_gxtb_kcal,bde_alfabet_kcal,bde_dft_kcal
-1546.963601952792,-0.497326434673,203471.0,61.954,88.214195,78.02396102413745
-1231.518921520593,-0.497326434673,37946.0,79.394,90.22471,99.57772103543897
-3379.176143356965,-0.497326434673,160971.0,84.043,90.87759,100.6762918193991
-746.474031249475,-0.497326434673,97209.0,87.386,87.37118,97.91381975047676
-577.281191547438,-0.497326434673,205881.0,90.963,90.39321,95.14119847947644
