E_acyl_orca_Eh,E_h_orca_Eh,id,bde_gxtb_kcal,bde_alfabet_kcal,bde_dft_kcal
-1522.30722067794,-0.497326434673,43121.0,65.707,89.37829,87.30021413196911
-1464.768861387889,-0.497326434673,79682.0,79.688,90.93656,102.42299202134522
-1158.921774023107,-0.497326434673,103415.0,84.231,88.14065,93.76030159232155
-868.216801730049,-0.497326434673,47340.0,87.543,89.94793,96.7614207638462
-833.521557454744,-0.497326434673,207043.0,91.186,89.32952,94.74490998411498
