id,donor_id,prod_smiles,ald_smiles,prod_arc,prod_mem,ald_arc,ald_mem,thermal_prod,thermal_ald,charge_prod,charge_ald,label_stored,new_scaffold_split
102097,102097,O=C(OF)C(F)(F)C(=O)C(O)C(F)(F)C(=O)OF,O=CC(F)(F)C(=O)OF,/gpfs/scratch1/shared/schen3/benzoin-dg-restored/data/cross_benzoin/bde_homo_product_featurize_20260902/chunk_1020/geom.tar.zst,xyz/p000097.xyz,/gpfs/scratch1/shared/schen3/benzoin-dg-restored/data/cross_benzoin/bde_homo_product_featurize_20260902/chunk_1020/geom.tar.zst,ald_xyz/a000050.xyz,0.018638021905005,-0.0031252876799996,0,0,-10.249539644659547,train
118698,118698,O=C(Br)C(Br)C(=O)C(O)C(Br)C(=O)Br,O=CC(Br)C(=O)Br,/gpfs/scratch1/shared/schen3/benzoin-dg-restored/data/cross_benzoin/bde_homo_product_featurize_20260902/chunk_1186/geom.tar.zst,xyz/p000098.xyz,/gpfs/scratch1/shared/schen3/benzoin-dg-restored/data/cross_benzoin/bde_homo_product_featurize_20260902/chunk_1186/geom.tar.zst,ald_xyz/a000070.xyz,0.0110941738189964,-0.0092933990209971,0,0,1.4430650905765712,test
36,36,O=C(C(O)C(Cl)(Cl)Cl)C(Cl)(Cl)Cl,O=CC(Cl)(Cl)Cl,/gpfs/scratch1/shared/schen3/benzoin-dg-restored/data/cross_benzoin/bde_homo_product_featurize_20260902/chunk_0000/geom.tar.zst,xyz/p000036.xyz,/gpfs/scratch1/shared/schen3/benzoin-dg-restored/data/cross_benzoin/bde_homo_product_featurize_20260902/chunk_0000/geom.tar.zst,ald_xyz/a000063.xyz,-0.0066100537610012,-0.0165742756440003,0,0,2.6242451950384225,test
15639,15639,N#CC(F)(F)C(=O)C(O)C(F)(F)C#N,N#CC(F)(F)C=O,/gpfs/scratch1/shared/schen3/benzoin-dg-restored/data/cross_benzoin/bde_homo_product_featurize_20260902/chunk_0156/geom.tar.zst,xyz/p000039.xyz,/gpfs/scratch1/shared/schen3/benzoin-dg-restored/data/cross_benzoin/bde_homo_product_featurize_20260902/chunk_0156/geom.tar.zst,ald_xyz/a000042.xyz,0.0129143819440002,-0.0052499679690001,0,0,-10.759398960694632,train
51535,51535,O=C(C(O)C(F)(I)C(F)(F)F)C(F)(I)C(F)(F)F,O=CC(F)(I)C(F)(F)F,/gpfs/scratch1/shared/schen3/benzoin-dg-restored/data/cross_benzoin/bde_homo_product_featurize_20260902/chunk_0515/geom.tar.zst,xyz/p000035.xyz,/gpfs/scratch1/shared/schen3/benzoin-dg-restored/data/cross_benzoin/bde_homo_product_featurize_20260902/chunk_0515/geom.tar.zst,ald_xyz/a000068.xyz,0.0095791081119926,-0.0089615639700042,0,0,1.2804568794346112,test
19587,19587,O=C(C(O)C(F)(C(F)(F)F)C(F)(F)Br)C(F)(C(F)(F)F)C(F)(F)Br,O=CC(F)(C(F)(F)F)C(F)(F)Br,/gpfs/scratch1/shared/schen3/benzoin-dg-restored/data/cross_benzoin/bde_homo_product_featurize_20260902/chunk_0195/geom.tar.zst,xyz/p000087.xyz,/gpfs/scratch1/shared/schen3/benzoin-dg-restored/data/cross_benzoin/bde_homo_product_featurize_20260902/chunk_0195/geom.tar.zst,ald_xyz/a000050.xyz,0.0306752697159993,0.0003757897249982,0,0,9.038640126320608,validation
136266,136266,O=C(c1ccc(Sc2cc(F)ccc2F)c(F)c1)C(O)c1ccc(Sc2cc(F)ccc2F)c(F)c1,O=Cc1ccc(Sc2cc(F)ccc2F)c(F)c1,/gpfs/scratch1/shared/schen3/benzoin-dg-restored/data/cross_benzoin/bde_homo_product_featurize_20260902/chunk_1362/geom.tar.zst,xyz/p000066.xyz,/gpfs/scratch1/shared/schen3/benzoin-dg-restored/data/cross_benzoin/bde_homo_product_featurize_20260902/chunk_1362/geom.tar.zst,ald_xyz/a000087.xyz,0.2155413146259945,0.0940106464429959,0,0,,train
210889,210889,CC(CCC(=O)C(O)CCC(C)C(=O)O)C(=O)O,CC(CCC=O)C(=O)O,/gpfs/scratch1/shared/schen3/benzoin-dg-restored/data/cross_benzoin/bde_homo_product_featurize_20260902/chunk_2108/geom.tar.zst,xyz/p000089.xyz,/gpfs/scratch1/shared/schen3/benzoin-dg-restored/data/cross_benzoin/bde_homo_product_featurize_20260902/chunk_2108/geom.tar.zst,ald_xyz/a000018.xyz,0.2117253071359996,0.0918778852759985,0,0,-1.2393801388136962,test
18718,18718,COC(=O)c1nccn2ncc(C(=O)C(O)c3cnn4ccnc(C(=O)OC)c34)c12,COC(=O)c1nccn2ncc(C=O)c12,/gpfs/scratch1/shared/schen3/benzoin-dg-restored/data/cross_benzoin/bde_homo_product_featurize_20260902/chunk_0187/geom.tar.zst,xyz/p000018.xyz,/gpfs/scratch1/shared/schen3/benzoin-dg-restored/data/cross_benzoin/bde_homo_product_featurize_20260902/chunk_0187/geom.tar.zst,ald_xyz/a000032.xyz,0.2088474820189958,0.0861868501569986,0,0,,validation
127963,127963,CC(OC(=O)COc1ccc(C(=O)C(O)c2ccc(OCC(=O)OC(C)C(=O)Nc3cccc(F)c3)cc2)cc1)C(=O)Nc1cccc(F)c1,C[C@H](OC(=O)COc1ccc(C=O)cc1)C(=O)Nc1cccc(F)c1,/gpfs/scratch1/shared/schen3/benzoin-dg-restored/data/cross_benzoin/bde_homo_product_featurize_20260902/chunk_1279/geom.tar.zst,xyz/p000063.xyz,/gpfs/scratch1/shared/schen3/benzoin-dg-restored/data/cross_benzoin/bde_homo_product_featurize_20260902/chunk_1279/geom.tar.zst,ald_xyz/a000057.xyz,0.4756496955650107,0.2103822774930108,0,0,21.62017574679292,train
70313,70313,N=C(C=CC=C(Cl)C=CC(N)=O)c1ccc(C(=O)C(O)c2ccc(C(=N)C=CC=C(Cl)C=CC(N)=O)c(F)c2)cc1F,N=C(\C=C/C=C(Cl)/C=C/C(N)=O)c1ccc(C=O)cc1F,/gpfs/scratch1/shared/schen3/benzoin-dg-restored/data/cross_benzoin/bde_homo_product_featurize_20260902/chunk_0703/geom.tar.zst,xyz/p000013.xyz,/gpfs/scratch1/shared/schen3/benzoin-dg-restored/data/cross_benzoin/bde_homo_product_featurize_20260902/chunk_0703/geom.tar.zst,ald_xyz/a000062.xyz,0.3091868270259965,-19.86949443869,0,0,-5.593108498983329,train
20146,20146,O=C(c1cc([Se]c2ccccc2)ccc1F)C(O)c1cc([Se]c2ccccc2)ccc1F,O=Cc1cc([Se]c2ccccc2)ccc1F,/gpfs/scratch1/shared/schen3/benzoin-dg-restored/data/cross_benzoin/bde_homo_product_featurize_20260902/chunk_0201/geom.tar.zst,xyz/p000046.xyz,/gpfs/scratch1/shared/schen3/benzoin-dg-restored/data/cross_benzoin/bde_homo_product_featurize_20260902/chunk_0201/geom.tar.zst,ald_xyz/a000083.xyz,0.2498419473589876,0.1106700011560022,0,0,1.7624782733034463,train
188652,188652,O=C(c1ccc(F)cc1)c1cc2c(cc1-c1ccc(C(=O)C(O)c3ccc(-c4cc5c(cc4C(=O)c4ccc(F)cc4)OCCO5)o3)o1)OCCO2,O=Cc1ccc(-c2cc3c(cc2C(=O)c2ccc(F)cc2)OCCO3)o1,/gpfs/scratch1/shared/schen3/benzoin-dg-restored/data/cross_benzoin/bde_homo_product_featurize_20260902/chunk_1886/geom.tar.zst,xyz/p000052.xyz,/gpfs/scratch1/shared/schen3/benzoin-dg-restored/data/cross_benzoin/bde_homo_product_featurize_20260902/chunk_1886/geom.tar.zst,ald_xyz/a000074.xyz,0.4283883791679841,0.1911511420750002,0,0,,test
10908,10908,O=C(c1c(Cl)cccc1N1CCOCC1)C(O)c1c(Cl)cccc1N1CCOCC1,O=Cc1c(Cl)cccc1N1CCOCC1,/gpfs/scratch1/shared/schen3/benzoin-dg-restored/data/cross_benzoin/bde_homo_product_featurize_20260902/chunk_0109/geom.tar.zst,xyz/p000008.xyz,/gpfs/scratch1/shared/schen3/benzoin-dg-restored/data/cross_benzoin/bde_homo_product_featurize_20260902/chunk_0109/geom.tar.zst,ald_xyz/a000068.xyz,0.3290499411530021,0.1449667907480005,0,0,,train
41275,41275,CCCCc1nn(-c2ccc(C(F)(F)F)cn2)cc1C(=O)C(O)c1cn(-c2ccc(C(F)(F)F)cn2)nc1CCCC,CCCCc1nn(-c2ccc(C(F)(F)F)cn2)cc1C=O,/gpfs/scratch1/shared/schen3/benzoin-dg-restored/data/cross_benzoin/bde_homo_product_featurize_20260902/chunk_0412/geom.tar.zst,xyz/p000075.xyz,/gpfs/scratch1/shared/schen3/benzoin-dg-restored/data/cross_benzoin/bde_homo_product_featurize_20260902/chunk_0412/geom.tar.zst,ald_xyz/a000032.xyz,0.3967373052250025,0.1812494109070002,0,0,,train
98012,98012,O=C(NCc1cn(-c2cc3c(cc2[N+](=O)[O-])NC(C(=O)C(O)C2Nc4cc([N+](=O)[O-])c(-n5cnc(CNC(=O)Nc6ccccc6F)c5)cc4N=C2C(=O)O)C(C(=O)O)=N3)cn1)Nc1ccccc1F,O=CC1Nc2cc([N+](=O)[O-])c(-n3cnc(CNC(=O)Nc4ccccc4F)c3)cc2N=C1C(=O)O,/gpfs/scratch1/shared/schen3/benzoin-dg-restored/data/cross_benzoin/bde_homo_product_featurize_20260902/chunk_0980/geom.tar.zst,xyz/p000012.xyz,/gpfs/scratch1/shared/schen3/benzoin-dg-restored/data/cross_benzoin/bde_homo_product_featurize_20260902/chunk_0980/geom.tar.zst,ald_xyz/a000088.xyz,0.4828748602499786,0.2238979837430008,0,0,,validation
117760,117760,CC(C)(C)OC(=O)N(CCCCN)CCC(=O)C(O)CCN(CCCCN)C(=O)OC(C)(C)C,CC(C)(C)OC(=O)N(CCC=O)CCCCN,/gpfs/scratch1/shared/schen3/benzoin-dg-restored/data/cross_benzoin/bde_homo_product_featurize_20260902/chunk_1177/geom.tar.zst,xyz/p000060.xyz,/gpfs/scratch1/shared/schen3/benzoin-dg-restored/data/cross_benzoin/bde_homo_product_featurize_20260902/chunk_1177/geom.tar.zst,ald_xyz/a000012.xyz,0.581625063629005,0.2725763723839947,0,0,0.4538097568800603,test
61264,61264,Cc1c2cc(O)ccc2c(F)c2cc(C(=O)C(O)c3ccc4c(C)c5cc(O)ccc5c(F)c4c3)ccc12,Cc1c2cc(O)ccc2c(F)c2cc(C=O)ccc12,/gpfs/scratch1/shared/schen3/benzoin-dg-restored/data/cross_benzoin/bde_homo_product_featurize_20260902/chunk_0612/geom.tar.zst,xyz/p000064.xyz,/gpfs/scratch1/shared/schen3/benzoin-dg-restored/data/cross_benzoin/bde_homo_product_featurize_20260902/chunk_0612/geom.tar.zst,ald_xyz/a000053.xyz,0.3208319101820081,-4.783210027961999,0,0,,train
181966,181966,COc1ccccc1C1CNCCN1C1CCNCC1(Oc1ccc(C(F)(F)F)cc1)C(=O)C(O)C1(Oc2ccc(C(F)(F)F)cc2)CNCCC1N1CCNCC1c1ccccc1OC,COc1ccccc1C1CNCCN1C1CCNCC1(C=O)Oc1ccc(C(F)(F)F)cc1,/gpfs/scratch1/shared/schen3/benzoin-dg-restored/data/cross_benzoin/bde_homo_product_featurize_20260902/chunk_1819/geom.tar.zst,xyz/p000066.xyz,/gpfs/scratch1/shared/schen3/benzoin-dg-restored/data/cross_benzoin/bde_homo_product_featurize_20260902/chunk_1819/geom.tar.zst,ald_xyz/a000040.xyz,0.8233531937950147,0.3884725418069905,0,0,,validation
76187,76187,CNCc1c(C(=O)C(O)c2c(CNC)c(OC)c3cc(Cc4ccc(F)cc4)cnc3c2O)c(O)c2ncc(Cc3ccc(F)cc3)cc2c1OC,CNCc1c(C=O)c(O)c2ncc(Cc3ccc(F)cc3)cc2c1OC,/gpfs/scratch1/shared/schen3/benzoin-dg-restored/data/cross_benzoin/bde_homo_product_featurize_20260902/chunk_0761/geom.tar.zst,xyz/p000087.xyz,/gpfs/scratch1/shared/schen3/benzoin-dg-restored/data/cross_benzoin/bde_homo_product_featurize_20260902/chunk_0761/geom.tar.zst,ald_xyz/a000047.xyz,0.5422916439320034,0.2531809693400078,0,0,,train
121382,121382,O=C(C(O)C(Cc1ccccc1)C(O)C1SCCCS1)C(Cc1ccccc1)C(O)C1SCCCS1,O=C[C@@H](Cc1ccccc1)[C@@H](O)C1SCCCS1,/gpfs/scratch1/shared/schen3/benzoin-dg-restored/data/cross_benzoin/bde_homo_product_featurize_20260902/chunk_1213/geom.tar.zst,xyz/p000082.xyz,/gpfs/scratch1/shared/schen3/benzoin-dg-restored/data/cross_benzoin/bde_homo_product_featurize_20260902/chunk_1213/geom.tar.zst,ald_xyz/a000095.xyz,0.4672268372620038,0.2192416648810038,0,0,,test
186233,186233,Nc1ccc(-c2cccc(F)c2C(=O)C(O)c2c(F)cccc2-c2ccc(N)cc2)cc1,Nc1ccc(-c2cccc(F)c2C=O)cc1,/gpfs/scratch1/shared/schen3/benzoin-dg-restored/data/cross_benzoin/bde_homo_product_featurize_20260902/chunk_1862/geom.tar.zst,xyz/p000033.xyz,/gpfs/scratch1/shared/schen3/benzoin-dg-restored/data/cross_benzoin/bde_homo_product_featurize_20260902/chunk_1862/geom.tar.zst,ald_xyz/a000052.xyz,0.2866762553980067,0.1241756445160007,0,0,5.590966726357699,train
104939,104939,CN(C)c1cc2nn(C3CCC(C(=O)C(O)C4CCC(n5cc6cc(-c7ccc(C(F)(F)F)nc7C(N)=O)c(N(C)C)cc6n5)CC4)CC3)cc2cc1-c1ccc(C(F)(F)F)nc1C(N)=O,CN(C)c1cc2nn(C3CCC(C=O)CC3)cc2cc1-c1ccc(C(F)(F)F)nc1C(N)=O,/gpfs/scratch1/shared/schen3/benzoin-dg-restored/data/cross_benzoin/bde_homo_product_featurize_20260902/chunk_1049/geom.tar.zst,xyz/p000039.xyz,/gpfs/scratch1/shared/schen3/benzoin-dg-restored/data/cross_benzoin/bde_homo_product_featurize_20260902/chunk_1049/geom.tar.zst,ald_xyz/a000016.xyz,0.6907145754250053,0.3300619062880088,0,0,,train
152493,152493,COc1c(CC(C)C)cccc1C(F)(F)C(=O)C(O)C(F)(F)c1cccc(CC(C)C)c1OC,COc1c(CC(C)C)cccc1C(F)(F)C=O,/gpfs/scratch1/shared/schen3/benzoin-dg-restored/data/cross_benzoin/bde_homo_product_featurize_20260902/chunk_1524/geom.tar.zst,xyz/p000093.xyz,/gpfs/scratch1/shared/schen3/benzoin-dg-restored/data/cross_benzoin/bde_homo_product_featurize_20260902/chunk_1524/geom.tar.zst,ald_xyz/a000033.xyz,0.4138265690580027,0.1928477653909937,0,0,,train
48691,48691,O=C(c1cc(-c2ccc3c(c2)CC(N(CC(O)c2ccc(Cl)cc2)C(=O)O)CC3)ccc1F)C(O)c1cc(-c2ccc3c(c2)CC(N(CC(O)c2ccc(Cl)cc2)C(=O)O)CC3)ccc1F,O=Cc1cc(-c2ccc3c(c2)C[C@@H](N(C[C@H](O)c2ccc(Cl)cc2)C(=O)O)CC3)ccc1F,/gpfs/scratch1/shared/schen3/benzoin-dg-restored/data/cross_benzoin/bde_homo_product_featurize_20260902/chunk_0486/geom.tar.zst,xyz/p000091.xyz,/gpfs/scratch1/shared/schen3/benzoin-dg-restored/data/cross_benzoin/bde_homo_product_featurize_20260902/chunk_0486/geom.tar.zst,ald_xyz/a000086.xyz,0.6557718654059954,-34.86601324833901,0,0,4.651161653641065,train
117758,117758,CC(CC(=O)C(O)CC(C)CC1(OS(C)(=O)=O)CC1)CC1(OS(C)(=O)=O)CC1,C[C@H](CC=O)CC1(OS(C)(=O)=O)CC1,/gpfs/scratch1/shared/schen3/benzoin-dg-restored/data/cross_benzoin/bde_homo_product_featurize_20260902/chunk_1177/geom.tar.zst,xyz/p000058.xyz,/gpfs/scratch1/shared/schen3/benzoin-dg-restored/data/cross_benzoin/bde_homo_product_featurize_20260902/chunk_1177/geom.tar.zst,ald_xyz/a000063.xyz,0.3809623919499927,0.1735120342329992,0,0,-0.2965423647852359,train
37224,37224,O=C(CC1CN(C(=O)c2ccc(F)c(F)c2Cc2ccc(I)cc2F)C1)C(O)CC1CN(C(=O)c2ccc(F)c(F)c2Cc2ccc(I)cc2F)C1,O=CCC1CN(C(=O)c2ccc(F)c(F)c2Cc2ccc(I)cc2F)C1,/gpfs/scratch1/shared/schen3/benzoin-dg-restored/data/cross_benzoin/bde_homo_product_featurize_20260902/chunk_0372/geom.tar.zst,xyz/p000024.xyz,/gpfs/scratch1/shared/schen3/benzoin-dg-restored/data/cross_benzoin/bde_homo_product_featurize_20260902/chunk_0372/geom.tar.zst,ald_xyz/a000080.xyz,0.4300289719260206,0.1945265000699976,0,0,,test
16047,16047,O=C(CC1CC=CC1=O)C(O)CC1CC=CC1=O,O=CCC1CC=CC1=O,/gpfs/scratch1/shared/schen3/benzoin-dg-restored/data/cross_benzoin/bde_homo_product_featurize_20260902/chunk_0160/geom.tar.zst,xyz/p000047.xyz,/gpfs/scratch1/shared/schen3/benzoin-dg-restored/data/cross_benzoin/bde_homo_product_featurize_20260902/chunk_0160/geom.tar.zst,ald_xyz/a000074.xyz,0.1941007669230003,0.0797686511540014,0,0,3.950497523005036,train
113935,113935,Cc1cc2ccccc2c(C(=O)C(O)c2nc(C)cc3ccccc23)n1,Cc1cc2ccccc2c(C=O)n1,/gpfs/scratch1/shared/schen3/benzoin-dg-restored/data/cross_benzoin/bde_homo_product_featurize_20260902/chunk_1139/geom.tar.zst,xyz/p000035.xyz,/gpfs/scratch1/shared/schen3/benzoin-dg-restored/data/cross_benzoin/bde_homo_product_featurize_20260902/chunk_1139/geom.tar.zst,ald_xyz/a000051.xyz,0.2530706355530014,0.1123719549510013,0,0,,train
46480,46480,CC(C)(C)C#Cc1ccc(N2CCN(c3cccc(C(=O)C(O)c4cccc(N5CCN(c6ccc(C#CC(C)(C)C)cn6)CC5)c4C(F)(F)F)c3C(F)(F)F)CC2)nc1,CC(C)(C)C#Cc1ccc(N2CCN(c3cccc(C=O)c3C(F)(F)F)CC2)nc1,/gpfs/scratch1/shared/schen3/benzoin-dg-restored/data/cross_benzoin/bde_homo_product_featurize_20260902/chunk_0464/geom.tar.zst,xyz/p000080.xyz,/gpfs/scratch1/shared/schen3/benzoin-dg-restored/data/cross_benzoin/bde_homo_product_featurize_20260902/chunk_0464/geom.tar.zst,ald_xyz/a000003.xyz,0.6796841269559764,0.3224128973230051,0,0,,train
136228,136228,Cn1cc(Sc2c(F)cc(C(=O)C(O)c3cc(F)c(Sc4cnn(C)c4)c(F)c3)cc2F)cn1,Cn1cc(Sc2c(F)cc(C=O)cc2F)cn1,/gpfs/scratch1/shared/schen3/benzoin-dg-restored/data/cross_benzoin/bde_homo_product_featurize_20260902/chunk_1362/geom.tar.zst,xyz/p000028.xyz,/gpfs/scratch1/shared/schen3/benzoin-dg-restored/data/cross_benzoin/bde_homo_product_featurize_20260902/chunk_1362/geom.tar.zst,ald_xyz/a000038.xyz,0.2241237524170003,0.0982181989260055,0,0,,train
124216,124216,CCOC(=O)CC(=O)Cn1cc(Cn2cc(C(=O)C(O)c3cn(Cc4cn(CC(=O)CC(=O)OCC)nn4)c4ccccc34)c3ccccc32)nn1,CCOC(=O)CC(=O)Cn1cc(Cn2cc(C=O)c3ccccc32)nn1,/gpfs/scratch1/shared/schen3/benzoin-dg-restored/data/cross_benzoin/bde_homo_product_featurize_20260902/chunk_1242/geom.tar.zst,xyz/p000016.xyz,/gpfs/scratch1/shared/schen3/benzoin-dg-restored/data/cross_benzoin/bde_homo_product_featurize_20260902/chunk_1242/geom.tar.zst,ald_xyz/a000031.xyz,0.5079569339300178,36.210468428502,0,0,,validation
43895,43895,N#Cc1cc(Cl)cc(Oc2c(Cl)ccc(CC(=O)C(O)Cc3ccc(Cl)c(Oc4cc(Cl)cc(C#N)c4)c3F)c2F)c1,N#Cc1cc(Cl)cc(Oc2c(Cl)ccc(CC=O)c2F)c1,/gpfs/scratch1/shared/schen3/benzoin-dg-restored/data/cross_benzoin/bde_homo_product_featurize_20260902/chunk_0438/geom.tar.zst,xyz/p000095.xyz,/gpfs/scratch1/shared/schen3/benzoin-dg-restored/data/cross_benzoin/bde_homo_product_featurize_20260902/chunk_0438/geom.tar.zst,ald_xyz/a000051.xyz,0.2559279679719992,0.1061916319290006,0,0,,train
196755,196755,O=C(c1cc(OC(F)(F)F)c([N+](=O)[O-])cc1S(=O)(=O)Cl)C(O)c1cc(OC(F)(F)F)c([N+](=O)[O-])cc1S(=O)(=O)Cl,O=Cc1cc(OC(F)(F)F)c([N+](=O)[O-])cc1S(=O)(=O)Cl,/gpfs/scratch1/shared/schen3/benzoin-dg-restored/data/cross_benzoin/bde_homo_product_featurize_20260902/chunk_1967/geom.tar.zst,xyz/p000055.xyz,/gpfs/scratch1/shared/schen3/benzoin-dg-restored/data/cross_benzoin/bde_homo_product_featurize_20260902/chunk_1967/geom.tar.zst,ald_xyz/a000075.xyz,0.1080246392229753,0.037074347767998,0,0,,train
116860,116860,Cc1ccc(C=C(C#N)COc2ccccc2C(=O)C(O)c2ccccc2OCC(C#N)=Cc2ccc(C)cc2)cc1,Cc1ccc(C=C(C#N)COc2ccccc2C=O)cc1,/gpfs/scratch1/shared/schen3/benzoin-dg-restored/data/cross_benzoin/bde_homo_product_featurize_20260902/chunk_1168/geom.tar.zst,xyz/p000060.xyz,/gpfs/scratch1/shared/schen3/benzoin-dg-restored/data/cross_benzoin/bde_homo_product_featurize_20260902/chunk_1168/geom.tar.zst,ald_xyz/a000048.xyz,0.4251891533519938,-11.789192165925996,0,0,,train
82482,82482,C=C1NC(C)=NC(C)=C1CCC(=O)N(CC(=O)C(O)CN(C(=O)CCC1=C(C)N=C(C)NC1=C)c1cccc(F)c1NC)c1cccc(F)c1NC,C=C1NC(C)=NC(C)=C1CCC(=O)N(CC=O)c1cccc(F)c1NC,/gpfs/scratch1/shared/schen3/benzoin-dg-restored/data/cross_benzoin/bde_homo_product_featurize_20260902/chunk_0824/geom.tar.zst,xyz/p000082.xyz,/gpfs/scratch1/shared/schen3/benzoin-dg-restored/data/cross_benzoin/bde_homo_product_featurize_20260902/chunk_0824/geom.tar.zst,ald_xyz/a000003.xyz,0.6231735044829918,0.291844980063999,0,0,,validation
180396,180396,COc1cc(C(=O)C(O)c2cc(OC)[nH]c(=O)c2OC(F)(F)F)c(OC(F)(F)F)c(=O)[nH]1,COc1cc(C=O)c(OC(F)(F)F)c(=O)[nH]1,/gpfs/scratch1/shared/schen3/benzoin-dg-restored/data/cross_benzoin/bde_homo_product_featurize_20260902/chunk_1803/geom.tar.zst,xyz/p000096.xyz,/gpfs/scratch1/shared/schen3/benzoin-dg-restored/data/cross_benzoin/bde_homo_product_featurize_20260902/chunk_1803/geom.tar.zst,ald_xyz/a000015.xyz,0.1547324174189981,0.0651518069979957,0,0,,train
124071,124071,COc1cc2c(c(OC)c1)C1(C)CCC(C(=O)C(O)C3CCC4(C)c5c(cc(OC)cc5OC)CCC4C3)CC1CC2,COc1cc2c(c(OC)c1)[C@@]1(C)CCC(C=O)C[C@H]1CC2,/gpfs/scratch1/shared/schen3/benzoin-dg-restored/data/cross_benzoin/bde_homo_product_featurize_20260902/chunk_1240/geom.tar.zst,xyz/p000071.xyz,/gpfs/scratch1/shared/schen3/benzoin-dg-restored/data/cross_benzoin/bde_homo_product_featurize_20260902/chunk_1240/geom.tar.zst,ald_xyz/a000043.xyz,0.646520265028002,0.3075016994609996,0,0,,train
152443,152443,O=C(C(O)C(F)(F)Cc1cccc(C(F)(F)F)c1)C(F)(F)Cc1cccc(C(F)(F)F)c1,O=CC(F)(F)Cc1cccc(C(F)(F)F)c1,/gpfs/scratch1/shared/schen3/benzoin-dg-restored/data/cross_benzoin/bde_homo_product_featurize_20260902/chunk_1524/geom.tar.zst,xyz/p000043.xyz,/gpfs/scratch1/shared/schen3/benzoin-dg-restored/data/cross_benzoin/bde_homo_product_featurize_20260902/chunk_1524/geom.tar.zst,ald_xyz/a000059.xyz,0.2003424064229904,0.0867934203620066,0,0,-7.248437178348356,train
99707,99707,COc1c(F)cc(C(CBr)C(=O)C(O)C(CBr)c2cc(F)c(OC)c(OCC3CC3)c2F)c(F)c1OCC1CC1,COc1c(F)cc(C(C=O)CBr)c(F)c1OCC1CC1,/gpfs/scratch1/shared/schen3/benzoin-dg-restored/data/cross_benzoin/bde_homo_product_featurize_20260902/chunk_0997/geom.tar.zst,xyz/p000007.xyz,/gpfs/scratch1/shared/schen3/benzoin-dg-restored/data/cross_benzoin/bde_homo_product_featurize_20260902/chunk_0997/geom.tar.zst,ald_xyz/a000033.xyz,0.4005807572570035,0.181067937078005,0,0,,train
73072,73072,COc1nc(C(=O)C(O)c2ccc(OCCC3CC(F)(F)C3)c(OC)n2)ccc1OCCC1CC(F)(F)C1,COc1nc(C=O)ccc1OCCC1CC(F)(F)C1,/gpfs/scratch1/shared/schen3/benzoin-dg-restored/data/cross_benzoin/bde_homo_product_featurize_20260902/chunk_0730/geom.tar.zst,xyz/p000072.xyz,/gpfs/scratch1/shared/schen3/benzoin-dg-restored/data/cross_benzoin/bde_homo_product_featurize_20260902/chunk_0730/geom.tar.zst,ald_xyz/a000048.xyz,0.3982393776989994,0.1829273253949992,0,0,,train
56253,56253,O=C(c1c(-c2ccc(Cl)cc2)[nH]c2c(F)ccc(F)c12)C(O)c1c(-c2ccc(Cl)cc2)[nH]c2c(F)ccc(F)c12,O=Cc1c(-c2ccc(Cl)cc2)[nH]c2c(F)ccc(F)c12,/gpfs/scratch1/shared/schen3/benzoin-dg-restored/data/cross_benzoin/bde_homo_product_featurize_20260902/chunk_0562/geom.tar.zst,xyz/p000053.xyz,/gpfs/scratch1/shared/schen3/benzoin-dg-restored/data/cross_benzoin/bde_homo_product_featurize_20260902/chunk_0562/geom.tar.zst,ald_xyz/a000066.xyz,0.2713098627789918,5.014585806360003,0,0,,train
64350,64350,CC(C)(C)OC(=O)N(CC1=C(C(F)(F)F)CCN=C1)c1ncc(C(=O)C(O)c2cnc(N(CC3=C(C(F)(F)F)CCN=C3)C(=O)OC(C)(C)C)nc2)cn1,CC(C)(C)OC(=O)N(CC1=C(C(F)(F)F)CCN=C1)c1ncc(C=O)cn1,/gpfs/scratch1/shared/schen3/benzoin-dg-restored/data/cross_benzoin/bde_homo_product_featurize_20260902/chunk_0643/geom.tar.zst,xyz/p000050.xyz,/gpfs/scratch1/shared/schen3/benzoin-dg-restored/data/cross_benzoin/bde_homo_product_featurize_20260902/chunk_0643/geom.tar.zst,ald_xyz/a000004.xyz,0.5323812178409923,0.2516189801850004,0,0,,test
185111,185111,COc1ccc(C(NC(=O)OC(C)(C)C)C(=O)C(O)C(NC(=O)OC(C)(C)C)c2ccc(OC)c(F)c2)cc1F,COc1ccc(C(C=O)NC(=O)OC(C)(C)C)cc1F,/gpfs/scratch1/shared/schen3/benzoin-dg-restored/data/cross_benzoin/bde_homo_product_featurize_20260902/chunk_1851/geom.tar.zst,xyz/p000011.xyz,/gpfs/scratch1/shared/schen3/benzoin-dg-restored/data/cross_benzoin/bde_homo_product_featurize_20260902/chunk_1851/geom.tar.zst,ald_xyz/a000067.xyz,0.4687326436540076,0.2134720619559971,0,0,,train
195033,195033,CC(C)(C(=O)C(O)C(C)(C)C(C[N+](=O)[O-])c1cc(F)ccc1F)C(C[N+](=O)[O-])c1cc(F)ccc1F,CC(C)(C=O)C(C[N+](=O)[O-])c1cc(F)ccc1F,/gpfs/scratch1/shared/schen3/benzoin-dg-restored/data/cross_benzoin/bde_homo_product_featurize_20260902/chunk_1950/geom.tar.zst,xyz/p000033.xyz,/gpfs/scratch1/shared/schen3/benzoin-dg-restored/data/cross_benzoin/bde_homo_product_featurize_20260902/chunk_1950/geom.tar.zst,ald_xyz/a000000.xyz,0.3493380171720019,0.1591447212359966,0,0,,train
122395,122395,CC(=O)CC(C(=O)OCc1ccccc1)C(CCOCc1ccccc1)C(=O)C(O)C(CCOCc1ccccc1)C(CC(C)=O)C(=O)OCc1ccccc1,CC(=O)C[C@H](C(=O)OCc1ccccc1)[C@H](C=O)CCOCc1ccccc1,/gpfs/scratch1/shared/schen3/benzoin-dg-restored/data/cross_benzoin/bde_homo_product_featurize_20260902/chunk_1223/geom.tar.zst,xyz/p000095.xyz,/gpfs/scratch1/shared/schen3/benzoin-dg-restored/data/cross_benzoin/bde_homo_product_featurize_20260902/chunk_1223/geom.tar.zst,ald_xyz/a000012.xyz,0.7196164440429982,0.3347948975389982,0,0,,train
137453,137453,CN(CC1(C(=O)C(O)C2(CN(C)c3cccc(F)c3)CCCCCC2)CCCCCC1)c1cccc(F)c1,CN(CC1(C=O)CCCCCC1)c1cccc(F)c1,/gpfs/scratch1/shared/schen3/benzoin-dg-restored/data/cross_benzoin/bde_homo_product_featurize_20260902/chunk_1374/geom.tar.zst,xyz/p000053.xyz,/gpfs/scratch1/shared/schen3/benzoin-dg-restored/data/cross_benzoin/bde_homo_product_featurize_20260902/chunk_1374/geom.tar.zst,ald_xyz/a000042.xyz,0.5932944500719941,0.2765883224030006,0,0,,train
88646,88646,O=C(c1cc(-c2ccc(C3CC3)nc2)ccc1F)C(O)c1cc(-c2ccc(C3CC3)nc2)ccc1F,O=Cc1cc(-c2ccc(C3CC3)nc2)ccc1F,/gpfs/scratch1/shared/schen3/benzoin-dg-restored/data/cross_benzoin/bde_homo_product_featurize_20260902/chunk_0886/geom.tar.zst,xyz/p000046.xyz,/gpfs/scratch1/shared/schen3/benzoin-dg-restored/data/cross_benzoin/bde_homo_product_featurize_20260902/chunk_0886/geom.tar.zst,ald_xyz/a000086.xyz,0.3464763473249945,0.1584705763669944,0,0,,test
211659,211659,CN(Cc1cccc2ccccc12)C(=O)CCC(=O)N1CSCC1C(=O)C(O)C1CSCN1C(=O)CCC(=O)N(C)Cc1cccc2ccccc12,CN(Cc1cccc2ccccc12)C(=O)CCC(=O)N1CSC[C@H]1C=O,/gpfs/scratch1/shared/schen3/benzoin-dg-restored/data/cross_benzoin/bde_homo_product_featurize_20260902/chunk_2116/geom.tar.zst,xyz/p000059.xyz,/gpfs/scratch1/shared/schen3/benzoin-dg-restored/data/cross_benzoin/bde_homo_product_featurize_20260902/chunk_2116/geom.tar.zst,ald_xyz/a000033.xyz,0.6169213681490078,0.2832221403329953,0,0,,validation
101493,101493,O=C(c1cc(CF)c(CF)c(CF)n1)C(O)c1cc(CF)c(CF)c(CF)n1,O=Cc1cc(CF)c(CF)c(CF)n1,/gpfs/scratch1/shared/schen3/benzoin-dg-restored/data/cross_benzoin/bde_homo_product_featurize_20260902/chunk_1014/geom.tar.zst,xyz/p000093.xyz,/gpfs/scratch1/shared/schen3/benzoin-dg-restored/data/cross_benzoin/bde_homo_product_featurize_20260902/chunk_1014/geom.tar.zst,ald_xyz/a000091.xyz,0.2159877926260094,0.0927133151449979,0,0,,train
198524,198524,CC(C)(C)OC(=O)n1cccc1-c1ccc(F)c(C(=O)C(O)c2cc(-c3cccn3C(=O)OC(C)(C)C)ccc2F)c1,CC(C)(C)OC(=O)n1cccc1-c1ccc(F)c(C=O)c1,/gpfs/scratch1/shared/schen3/benzoin-dg-restored/data/cross_benzoin/bde_homo_product_featurize_20260902/chunk_1985/geom.tar.zst,xyz/p000024.xyz,/gpfs/scratch1/shared/schen3/benzoin-dg-restored/data/cross_benzoin/bde_homo_product_featurize_20260902/chunk_1985/geom.tar.zst,ald_xyz/a000018.xyz,0.4480257336829965,0.2093284753199995,0,0,,train
212485,212485,C[Si](C)(C)c1cc(CCC(=O)C(O)CCc2coc([Si](C)(C)C)c2)co1,C[Si](C)(C)c1cc(CCC=O)co1,/gpfs/scratch1/shared/schen3/benzoin-dg-restored/data/cross_benzoin/bde_homo_product_featurize_20260902/chunk_2124/geom.tar.zst,xyz/p000085.xyz,/gpfs/scratch1/shared/schen3/benzoin-dg-restored/data/cross_benzoin/bde_homo_product_featurize_20260902/chunk_2124/geom.tar.zst,ald_xyz/a000068.xyz,0.3712250054489914,0.1673201048839985,0,0,,train
14838,14838,COC(=O)C1=C2Nc3ccccc3C23CCN(CC=CC(C)(C(=O)C(O)C2(C)C=CCN4CCC5(C4=O)C(=C(C(=O)OC)C2)Nc2ccccc25)C1)C3=O,COC(=O)/C1=C2\Nc3ccccc3[C@@]23CCN(C/C=C\[C@@](C)(C=O)C1)C3=O,/gpfs/scratch1/shared/schen3/benzoin-dg-restored/data/cross_benzoin/bde_homo_product_featurize_20260902/chunk_0148/geom.tar.zst,xyz/p000038.xyz,/gpfs/scratch1/shared/schen3/benzoin-dg-restored/data/cross_benzoin/bde_homo_product_featurize_20260902/chunk_0148/geom.tar.zst,ald_xyz/a000047.xyz,0.6358869606550002,0.301211812844997,0,0,,train
212998,212998,COCC1(OC)CCC2C3CCC4=CC(=O)CCC4=C3C(c3ccc(C(=O)C(O)c4ccc(C5CC6(C)C(CCC6(COC)OC)C6CCC7=CC(=O)CCC7=C56)cc4)cc3)CC21C,COC[C@]1(OC)CC[C@H]2[C@@H]3CCC4=CC(=O)CCC4=C3[C@@H](c3ccc(C=O)cc3)C[C@@]21C,/gpfs/scratch1/shared/schen3/benzoin-dg-restored/data/cross_benzoin/bde_homo_product_featurize_20260902/chunk_2129/geom.tar.zst,xyz/p000098.xyz,/gpfs/scratch1/shared/schen3/benzoin-dg-restored/data/cross_benzoin/bde_homo_product_featurize_20260902/chunk_2129/geom.tar.zst,ald_xyz/a000050.xyz,0.9387225001819955,0.4538447760649973,0,0,,train
132859,132859,COc1cccc(F)c1C(=O)CC(=O)C(O)CC(=O)c1c(F)cccc1OC,COc1cccc(F)c1C(=O)CC=O,/gpfs/scratch1/shared/schen3/benzoin-dg-restored/data/cross_benzoin/bde_homo_product_featurize_20260902/chunk_1328/geom.tar.zst,xyz/p000059.xyz,/gpfs/scratch1/shared/schen3/benzoin-dg-restored/data/cross_benzoin/bde_homo_product_featurize_20260902/chunk_1328/geom.tar.zst,ald_xyz/a000018.xyz,0.2331082912239992,0.1014567948390023,0,0,,train
7844,7844,O=C(c1c[nH]c2c1ccc1c3cccc(F)c3[nH]c12)C(O)c1c[nH]c2c1ccc1c3cccc(F)c3[nH]c12,O=Cc1c[nH]c2c1ccc1c3cccc(F)c3[nH]c12,/gpfs/scratch1/shared/schen3/benzoin-dg-restored/data/cross_benzoin/bde_homo_product_featurize_20260902/chunk_0078/geom.tar.zst,xyz/p000044.xyz,/gpfs/scratch1/shared/schen3/benzoin-dg-restored/data/cross_benzoin/bde_homo_product_featurize_20260902/chunk_0078/geom.tar.zst,ald_xyz/a000064.xyz,0.2909596137789947,0.1292297834329971,0,0,,train
188672,188672,O=C(Nc1ccc(OC(F)(F)F)cc1)c1cccc(-c2ccc(C(=O)C(O)c3ccc(-c4cccc(C(=O)Nc5ccc(OC(F)(F)F)cc5)c4)o3)o2)c1,O=Cc1ccc(-c2cccc(C(=O)Nc3ccc(OC(F)(F)F)cc3)c2)o1,/gpfs/scratch1/shared/schen3/benzoin-dg-restored/data/cross_benzoin/bde_homo_product_featurize_20260902/chunk_1886/geom.tar.zst,xyz/p000072.xyz,/gpfs/scratch1/shared/schen3/benzoin-dg-restored/data/cross_benzoin/bde_homo_product_featurize_20260902/chunk_1886/geom.tar.zst,ald_xyz/a000093.xyz,0.3949441498210149,0.1738772815789957,0,0,,test
109837,109837,CC(C)(C)c1ccc(C(C)(C)CCC(=O)C(O)CCC(C)(C)c2ccc(C(C)(C)C)cc2)cc1,CC(C)(C)c1ccc(C(C)(C)CCC=O)cc1,/gpfs/scratch1/shared/schen3/benzoin-dg-restored/data/cross_benzoin/bde_homo_product_featurize_20260902/chunk_1098/geom.tar.zst,xyz/p000037.xyz,/gpfs/scratch1/shared/schen3/benzoin-dg-restored/data/cross_benzoin/bde_homo_product_featurize_20260902/chunk_1098/geom.tar.zst,ald_xyz/a000009.xyz,0.6189806504609976,0.2896577167309999,0,0,,train
208729,208729,COc1ccc(C(=O)C(O)c2ccc(OC)cc2N2CCCCC2)c(N2CCCCC2)c1,COc1ccc(C=O)c(N2CCCCC2)c1,/gpfs/scratch1/shared/schen3/benzoin-dg-restored/data/cross_benzoin/bde_homo_product_featurize_20260902/chunk_2087/geom.tar.zst,xyz/p000029.xyz,/gpfs/scratch1/shared/schen3/benzoin-dg-restored/data/cross_benzoin/bde_homo_product_featurize_20260902/chunk_2087/geom.tar.zst,ald_xyz/a000055.xyz,0.4544691514559957,33.40997898631701,0,0,,train
14025,14025,COCCNc1cc(NC(=O)Nc2nc(C(=O)C(O)c3nc(NC(=O)Nc4cc(NCCOC)c(C#N)cn4)c(OC)cc3CN3CCN(C)CC3=O)c(CN3CCN(C)CC3=O)cc2OC)ncc1C#N,COCCNc1cc(NC(=O)Nc2nc(C=O)c(CN3CCN(C)CC3=O)cc2OC)ncc1C#N,/gpfs/scratch1/shared/schen3/benzoin-dg-restored/data/cross_benzoin/bde_homo_product_featurize_20260902/chunk_0140/geom.tar.zst,xyz/p000025.xyz,/gpfs/scratch1/shared/schen3/benzoin-dg-restored/data/cross_benzoin/bde_homo_product_featurize_20260902/chunk_0140/geom.tar.zst,ald_xyz/a000042.xyz,0.7996175760250139,0.2538580291609946,0,0,,train
117400,117400,O=C(C(O)C(O)(Br)Br)C(O)(Br)Br,O=CC(O)(Br)Br,/gpfs/scratch1/shared/schen3/benzoin-dg-restored/data/cross_benzoin/bde_homo_product_featurize_20260902/chunk_1174/geom.tar.zst,xyz/p000000.xyz,/gpfs/scratch1/shared/schen3/benzoin-dg-restored/data/cross_benzoin/bde_homo_product_featurize_20260902/chunk_1174/geom.tar.zst,ald_xyz/a000073.xyz,-0.0111303160079998,-0.0161693264580016,0,0,,train
24812,24812,O=C(c1ncon1)C(O)c1ncon1,O=Cc1ncon1,/gpfs/scratch1/shared/schen3/benzoin-dg-restored/data/cross_benzoin/bde_homo_product_featurize_20260902/chunk_0248/geom.tar.zst,xyz/p000012.xyz,/gpfs/scratch1/shared/schen3/benzoin-dg-restored/data/cross_benzoin/bde_homo_product_featurize_20260902/chunk_0248/geom.tar.zst,ald_xyz/a000096.xyz,0.0452227620800016,-0.3902987201209988,0,0,,train
178337,178337,O=C(c1cccc(Oc2c(F)c(F)nc(F)c2F)c1)C(O)c1cccc(Oc2c(F)c(F)nc(F)c2F)c1,O=Cc1cccc(Oc2c(F)c(F)nc(F)c2F)c1,/gpfs/scratch1/shared/schen3/benzoin-dg-restored/data/cross_benzoin/bde_homo_product_featurize_20260902/chunk_1783/geom.tar.zst,xyz/p000037.xyz,/gpfs/scratch1/shared/schen3/benzoin-dg-restored/data/cross_benzoin/bde_homo_product_featurize_20260902/chunk_1783/geom.tar.zst,ald_xyz/a000096.xyz,0.1915605051690079,0.0775804996300024,0,0,10.32714027278312,train
74002,74002,Nc1nc(C(=O)C(O)c2ncc(F)c(N)n2)ncc1F,Nc1nc(C=O)ncc1F,/gpfs/scratch1/shared/schen3/benzoin-dg-restored/data/cross_benzoin/bde_homo_product_featurize_20260902/chunk_0740/geom.tar.zst,xyz/p000002.xyz,/gpfs/scratch1/shared/schen3/benzoin-dg-restored/data/cross_benzoin/bde_homo_product_featurize_20260902/chunk_0740/geom.tar.zst,ald_xyz/a000068.xyz,0.0948505456399999,0.0341285633919987,0,0,,train
114762,114762,COc1cc(C(=O)C(O)c2cc(CC=C(C)C)c(OC)c(OC)c2)cc(CC=C(C)C)c1OC,COc1cc(C=O)cc(CC=C(C)C)c1OC,/gpfs/scratch1/shared/schen3/benzoin-dg-restored/data/cross_benzoin/bde_homo_product_featurize_20260902/chunk_1147/geom.tar.zst,xyz/p000062.xyz,/gpfs/scratch1/shared/schen3/benzoin-dg-restored/data/cross_benzoin/bde_homo_product_featurize_20260902/chunk_1147/geom.tar.zst,ald_xyz/a000056.xyz,0.4604369898920026,0.2118236352300044,0,0,,train
135721,135721,O=C(c1ccc(OCc2cc(Br)ccc2F)c(Cl)c1)C(O)c1ccc(OCc2cc(Br)ccc2F)c(Cl)c1,O=Cc1ccc(OCc2cc(Br)ccc2F)c(Cl)c1,/gpfs/scratch1/shared/schen3/benzoin-dg-restored/data/cross_benzoin/bde_homo_product_featurize_20260902/chunk_1357/geom.tar.zst,xyz/p000021.xyz,/gpfs/scratch1/shared/schen3/benzoin-dg-restored/data/cross_benzoin/bde_homo_product_featurize_20260902/chunk_1357/geom.tar.zst,ald_xyz/a000079.xyz,0.2536592980719945,0.112650342041995,0,0,,train
29852,29852,CC(C)(CF)C(=O)Nc1ccc(NS(=O)(=O)c2cccc3cc(C(=O)C(O)c4ccc5c(S(=O)(=O)Nc6ccc(NC(=O)C(C)(C)CF)cc6)cccc5c4)ccc23)cc1,CC(C)(CF)C(=O)Nc1ccc(NS(=O)(=O)c2cccc3cc(C=O)ccc23)cc1,/gpfs/scratch1/shared/schen3/benzoin-dg-restored/data/cross_benzoin/bde_homo_product_featurize_20260902/chunk_0298/geom.tar.zst,xyz/p000052.xyz,/gpfs/scratch1/shared/schen3/benzoin-dg-restored/data/cross_benzoin/bde_homo_product_featurize_20260902/chunk_0298/geom.tar.zst,ald_xyz/a000007.xyz,0.5961517946570041,0.2756046376720036,0,0,,validation
100157,100157,COc1ccc(-c2c(F)ccc3c(N)c4c(nc23)CN(C2CCC2)C4C(=O)C(O)C2c3c(nc4c(-c5ccc(OC)nc5OC)c(F)ccc4c3N)CN2C2CCC2)c(OC)n1,COc1ccc(-c2c(F)ccc3c(N)c4c(nc23)CN(C2CCC2)C4C=O)c(OC)n1,/gpfs/scratch1/shared/schen3/benzoin-dg-restored/data/cross_benzoin/bde_homo_product_featurize_20260902/chunk_1001/geom.tar.zst,xyz/p000057.xyz,/gpfs/scratch1/shared/schen3/benzoin-dg-restored/data/cross_benzoin/bde_homo_product_featurize_20260902/chunk_1001/geom.tar.zst,ald_xyz/a000038.xyz,0.6744377307809941,0.318265626921999,0,0,,test
64540,64540,CC(C)(C)OC(=O)NC(CNc1cccc(F)c1NC1CC1)C(=O)C(O)C(CNc1cccc(F)c1NC1CC1)NC(=O)OC(C)(C)C,CC(C)(C)OC(=O)NC(C=O)CNc1cccc(F)c1NC1CC1,/gpfs/scratch1/shared/schen3/benzoin-dg-restored/data/cross_benzoin/bde_homo_product_featurize_20260902/chunk_0645/geom.tar.zst,xyz/p000040.xyz,/gpfs/scratch1/shared/schen3/benzoin-dg-restored/data/cross_benzoin/bde_homo_product_featurize_20260902/chunk_0645/geom.tar.zst,ald_xyz/a000009.xyz,0.6339726219870272,0.301358614420991,0,0,,train
170137,170137,O=C(c1cc(C(F)F)nc(Br)c1O)C(O)c1cc(C(F)F)nc(Br)c1O,O=Cc1cc(C(F)F)nc(Br)c1O,/gpfs/scratch1/shared/schen3/benzoin-dg-restored/data/cross_benzoin/bde_homo_product_featurize_20260902/chunk_1701/geom.tar.zst,xyz/p000037.xyz,/gpfs/scratch1/shared/schen3/benzoin-dg-restored/data/cross_benzoin/bde_homo_product_featurize_20260902/chunk_1701/geom.tar.zst,ald_xyz/a000070.xyz,0.1005434504310045,0.0333611283960024,0,0,3.854366222219401,train
9605,9605,O=C(c1cc2cc(F)ccc2nc1Cl)C(O)c1cc2cc(F)ccc2nc1Cl,O=Cc1cc2cc(F)ccc2nc1Cl,/gpfs/scratch1/shared/schen3/benzoin-dg-restored/data/cross_benzoin/bde_homo_product_featurize_20260902/chunk_0096/geom.tar.zst,xyz/p000005.xyz,/gpfs/scratch1/shared/schen3/benzoin-dg-restored/data/cross_benzoin/bde_homo_product_featurize_20260902/chunk_0096/geom.tar.zst,ald_xyz/a000067.xyz,0.1595445659820029,0.0641240010030017,0,0,,train
119830,119830,Cc1cccc2c(C(=O)C(O)c3c4n(c5c(C)cccc35)CCCC4)c3n(c12)CCCC3,Cc1cccc2c(C=O)c3n(c12)CCCC3,/gpfs/scratch1/shared/schen3/benzoin-dg-restored/data/cross_benzoin/bde_homo_product_featurize_20260902/chunk_1198/geom.tar.zst,xyz/p000030.xyz,/gpfs/scratch1/shared/schen3/benzoin-dg-restored/data/cross_benzoin/bde_homo_product_featurize_20260902/chunk_1198/geom.tar.zst,ald_xyz/a000084.xyz,0.4183418842370088,0.1915511422490041,0,0,,train
80426,80426,O=C(c1cnn2cc(F)cnc12)C(O)c1cnn2cc(F)cnc12,O=Cc1cnn2cc(F)cnc12,/gpfs/scratch1/shared/schen3/benzoin-dg-restored/data/cross_benzoin/bde_homo_product_featurize_20260902/chunk_0804/geom.tar.zst,xyz/p000026.xyz,/gpfs/scratch1/shared/schen3/benzoin-dg-restored/data/cross_benzoin/bde_homo_product_featurize_20260902/chunk_0804/geom.tar.zst,ald_xyz/a000095.xyz,0.1287481290819982,0.0494547134199976,0,0,,train
118786,118786,O=C(CC(=O)C1(c2cc(Br)ccc2O)C=CC=CC1)C(O)CC(=O)C1(c2cc(Br)ccc2O)C=CC=CC1,O=CCC(=O)C1(c2cc(Br)ccc2O)C=CC=CC1,/gpfs/scratch1/shared/schen3/benzoin-dg-restored/data/cross_benzoin/bde_homo_product_featurize_20260902/chunk_1187/geom.tar.zst,xyz/p000086.xyz,/gpfs/scratch1/shared/schen3/benzoin-dg-restored/data/cross_benzoin/bde_homo_product_featurize_20260902/chunk_1187/geom.tar.zst,ald_xyz/a000071.xyz,0.3471490026450112,0.1567365161129998,0,0,,train
168204,168204,O=C(c1nc(I)cc(C(F)F)c1C(F)(F)F)C(O)c1nc(I)cc(C(F)F)c1C(F)(F)F,O=Cc1nc(I)cc(C(F)F)c1C(F)(F)F,/gpfs/scratch1/shared/schen3/benzoin-dg-restored/data/cross_benzoin/bde_homo_product_featurize_20260902/chunk_1682/geom.tar.zst,xyz/p000004.xyz,/gpfs/scratch1/shared/schen3/benzoin-dg-restored/data/cross_benzoin/bde_homo_product_featurize_20260902/chunk_1682/geom.tar.zst,ald_xyz/a000098.xyz,0.0945035543939951,0.0320837500740012,0,0,,train
138756,138756,CSc1cccc(C(=O)C(O)c2cccc(SC)c2F)c1F,CSc1cccc(C=O)c1F,/gpfs/scratch1/shared/schen3/benzoin-dg-restored/data/cross_benzoin/bde_homo_product_featurize_20260902/chunk_1387/geom.tar.zst,xyz/p000056.xyz,/gpfs/scratch1/shared/schen3/benzoin-dg-restored/data/cross_benzoin/bde_homo_product_featurize_20260902/chunk_1387/geom.tar.zst,ald_xyz/a000054.xyz,0.1725893143320007,-7.030396830792995,0,0,,train
78833,78833,O=C(c1ccc2scnc2c1F)C(O)c1ccc2scnc2c1F,O=Cc1ccc2scnc2c1F,/gpfs/scratch1/shared/schen3/benzoin-dg-restored/data/cross_benzoin/bde_homo_product_featurize_20260902/chunk_0788/geom.tar.zst,xyz/p000033.xyz,/gpfs/scratch1/shared/schen3/benzoin-dg-restored/data/cross_benzoin/bde_homo_product_featurize_20260902/chunk_0788/geom.tar.zst,ald_xyz/a000090.xyz,0.1199124411689922,0.046247293161997,0,0,,train
28713,28713,CC(c1cccc2ccccc12)N(C)C(=O)C1CCN(c2ccc(C(=O)C(O)c3ccc(N4CCC(C(=O)N(C)C(C)c5cccc6ccccc56)CC4)cc3)cc2)CC1,C[C@@H](c1cccc2ccccc12)N(C)C(=O)C1CCN(c2ccc(C=O)cc2)CC1,/gpfs/scratch1/shared/schen3/benzoin-dg-restored/data/cross_benzoin/bde_homo_product_featurize_20260902/chunk_0287/geom.tar.zst,xyz/p000013.xyz,/gpfs/scratch1/shared/schen3/benzoin-dg-restored/data/cross_benzoin/bde_homo_product_featurize_20260902/chunk_0287/geom.tar.zst,ald_xyz/a000033.xyz,0.7857488085749935,0.3779515704899978,0,0,,test
134016,134016,CN(c1ccc(F)cc1)c1cccc(Cl)c1C(=O)C(O)c1c(Cl)cccc1N(C)c1ccc(F)cc1,CN(c1ccc(F)cc1)c1cccc(Cl)c1C=O,/gpfs/scratch1/shared/schen3/benzoin-dg-restored/data/cross_benzoin/bde_homo_product_featurize_20260902/chunk_1340/geom.tar.zst,xyz/p000016.xyz,/gpfs/scratch1/shared/schen3/benzoin-dg-restored/data/cross_benzoin/bde_homo_product_featurize_20260902/chunk_1340/geom.tar.zst,ald_xyz/a000039.xyz,0.3171388748829997,0.1408693371660021,0,0,,train
213304,213304,COC(=O)CCc1cc(C)c(C)cc1C(=O)C(O)c1cc(C)c(C)cc1CCC(=O)OC,COC(=O)CCc1cc(C)c(C)cc1C=O,/gpfs/scratch1/shared/schen3/benzoin-dg-restored/data/cross_benzoin/bde_homo_product_featurize_20260902/chunk_2133/geom.tar.zst,xyz/p000004.xyz,/gpfs/scratch1/shared/schen3/benzoin-dg-restored/data/cross_benzoin/bde_homo_product_featurize_20260902/chunk_2133/geom.tar.zst,ald_xyz/a000056.xyz,0.4045674423809942,0.1854812589809995,0,0,,train
106760,106760,C#Cc1cccc(C(=O)C(O)c2cccc(C#C)c2C2CC(N(C)C)c3nc4ccc(-c5cnn(C(F)F)c5)cc4n32)c1C1CC(N(C)C)c2nc3ccc(-c4cnn(C(F)F)c4)cc3n21,C#Cc1cccc(C=O)c1[C@H]1CC(N(C)C)c2nc3ccc(-c4cnn(C(F)F)c4)cc3n21,/gpfs/scratch1/shared/schen3/benzoin-dg-restored/data/cross_benzoin/bde_homo_product_featurize_20260902/chunk_1067/geom.tar.zst,xyz/p000060.xyz,/gpfs/scratch1/shared/schen3/benzoin-dg-restored/data/cross_benzoin/bde_homo_product_featurize_20260902/chunk_1067/geom.tar.zst,ald_xyz/a000003.xyz,0.6616793532089957,0.3092772026200094,0,0,,validation
126677,126677,CC(C)(C)c1ccc(-c2[nH]c3c(F)cc(F)cc3c2C(=O)C(O)c2c(-c3ccc(C(C)(C)C)cc3)[nH]c3c(F)cc(F)cc23)cc1,CC(C)(C)c1ccc(-c2[nH]c3c(F)cc(F)cc3c2C=O)cc1,/gpfs/scratch1/shared/schen3/benzoin-dg-restored/data/cross_benzoin/bde_homo_product_featurize_20260902/chunk_1266/geom.tar.zst,xyz/p000077.xyz,/gpfs/scratch1/shared/schen3/benzoin-dg-restored/data/cross_benzoin/bde_homo_product_featurize_20260902/chunk_1266/geom.tar.zst,ald_xyz/a000001.xyz,0.5032172913109889,0.2286091436200052,0,0,,train
26386,26386,COc1cc(C=CCC(=O)C(O)CC=Cc2ccc(O)c(OC)c2)ccc1O,COc1cc(/C=C/CC=O)ccc1O,/gpfs/scratch1/shared/schen3/benzoin-dg-restored/data/cross_benzoin/bde_homo_product_featurize_20260902/chunk_0263/geom.tar.zst,xyz/p000086.xyz,/gpfs/scratch1/shared/schen3/benzoin-dg-restored/data/cross_benzoin/bde_homo_product_featurize_20260902/chunk_0263/geom.tar.zst,ald_xyz/a000030.xyz,0.2974275602399956,0.1338162507010025,0,0,,train
8364,8364,O=C(c1ccc(OCc2ccccc2)c(OCc2ccccc2)c1F)C(O)c1ccc(OCc2ccccc2)c(OCc2ccccc2)c1F,O=Cc1ccc(OCc2ccccc2)c(OCc2ccccc2)c1F,/gpfs/scratch1/shared/schen3/benzoin-dg-restored/data/cross_benzoin/bde_homo_product_featurize_20260902/chunk_0083/geom.tar.zst,xyz/p000064.xyz,/gpfs/scratch1/shared/schen3/benzoin-dg-restored/data/cross_benzoin/bde_homo_product_featurize_20260902/chunk_0083/geom.tar.zst,ald_xyz/a000089.xyz,0.5068763495519875,0.235060659840002,0,0,,train
42648,42648,CC(C)(C)c1cc(F)c2c(=O)n(-c3nccc(Cl)c3C(=O)C(O)c3c(Cl)ccnc3-n3ncc4cc(C(C)(C)C)cc(F)c4c3=O)ncc2c1,CC(C)(C)c1cc(F)c2c(=O)n(-c3nccc(Cl)c3C=O)ncc2c1,/gpfs/scratch1/shared/schen3/benzoin-dg-restored/data/cross_benzoin/bde_homo_product_featurize_20260902/chunk_0426/geom.tar.zst,xyz/p000048.xyz,/gpfs/scratch1/shared/schen3/benzoin-dg-restored/data/cross_benzoin/bde_homo_product_featurize_20260902/chunk_0426/geom.tar.zst,ald_xyz/a000010.xyz,0.448060539611987,0.200856568339006,0,0,,train
139796,139796,O=C(c1cc(F)c(OC2CCOC3(CCC3)C2)c(F)c1)C(O)c1cc(F)c(OC2CCOC3(CCC3)C2)c(F)c1,O=Cc1cc(F)c(OC2CCOC3(CCC3)C2)c(F)c1,/gpfs/scratch1/shared/schen3/benzoin-dg-restored/data/cross_benzoin/bde_homo_product_featurize_20260902/chunk_1397/geom.tar.zst,xyz/p000096.xyz,/gpfs/scratch1/shared/schen3/benzoin-dg-restored/data/cross_benzoin/bde_homo_product_featurize_20260902/chunk_1397/geom.tar.zst,ald_xyz/a000064.xyz,0.4470987802699966,0.2094903397390055,0,0,,test
12651,12651,O=C(c1ccc(-n2ccnc2Br)nc1)C(O)c1ccc(-n2ccnc2Br)nc1,O=Cc1ccc(-n2ccnc2Br)nc1,/gpfs/scratch1/shared/schen3/benzoin-dg-restored/data/cross_benzoin/bde_homo_product_featurize_20260902/chunk_0126/geom.tar.zst,xyz/p000051.xyz,/gpfs/scratch1/shared/schen3/benzoin-dg-restored/data/cross_benzoin/bde_homo_product_featurize_20260902/chunk_0126/geom.tar.zst,ald_xyz/a000078.xyz,0.1688273973690002,0.0704895329780015,0,0,,train
147592,147592,O=C(c1ccccc1COc1ccc(OC(F)(F)F)cc1)C(O)c1ccccc1COc1ccc(OC(F)(F)F)cc1,O=Cc1ccccc1COc1ccc(OC(F)(F)F)cc1,/gpfs/scratch1/shared/schen3/benzoin-dg-restored/data/cross_benzoin/bde_homo_product_featurize_20260902/chunk_1475/geom.tar.zst,xyz/p000092.xyz,/gpfs/scratch1/shared/schen3/benzoin-dg-restored/data/cross_benzoin/bde_homo_product_featurize_20260902/chunk_1475/geom.tar.zst,ald_xyz/a000098.xyz,0.3336510517009969,0.1515710948799977,0,0,,train
185908,185908,CN(C(=O)OC(C)(C)C)C(C(=O)C(O)C(c1ccc(C(F)(F)F)cc1F)N(C)C(=O)OC(C)(C)C)c1ccc(C(F)(F)F)cc1F,CN(C(=O)OC(C)(C)C)C(C=O)c1ccc(C(F)(F)F)cc1F,/gpfs/scratch1/shared/schen3/benzoin-dg-restored/data/cross_benzoin/bde_homo_product_featurize_20260902/chunk_1859/geom.tar.zst,xyz/p000008.xyz,/gpfs/scratch1/shared/schen3/benzoin-dg-restored/data/cross_benzoin/bde_homo_product_featurize_20260902/chunk_1859/geom.tar.zst,ald_xyz/a000044.xyz,0.4666224591990158,0.2131761004320083,0,0,,train
188026,188026,O=C(c1ccc(-c2cc(F)c(OC3CCC3)c(F)c2)o1)C(O)c1ccc(-c2cc(F)c(OC3CCC3)c(F)c2)o1,O=Cc1ccc(-c2cc(F)c(OC3CCC3)c(F)c2)o1,/gpfs/scratch1/shared/schen3/benzoin-dg-restored/data/cross_benzoin/bde_homo_product_featurize_20260902/chunk_1880/geom.tar.zst,xyz/p000026.xyz,/gpfs/scratch1/shared/schen3/benzoin-dg-restored/data/cross_benzoin/bde_homo_product_featurize_20260902/chunk_1880/geom.tar.zst,ald_xyz/a000062.xyz,0.3538589384319976,0.1600968251290027,0,0,5.575785301225317,test
135808,135808,Cc1ccc(N(C)c2ccc(C(=O)C(O)c3ccc(N(C)c4ccc(C)cc4C)c(F)c3)cc2F)c(C)c1,Cc1ccc(N(C)c2ccc(C=O)cc2F)c(C)c1,/gpfs/scratch1/shared/schen3/benzoin-dg-restored/data/cross_benzoin/bde_homo_product_featurize_20260902/chunk_1358/geom.tar.zst,xyz/p000008.xyz,/gpfs/scratch1/shared/schen3/benzoin-dg-restored/data/cross_benzoin/bde_homo_product_featurize_20260902/chunk_1358/geom.tar.zst,ald_xyz/a000072.xyz,0.4327029796280044,0.2002397354889993,0,0,,train
123090,123090,O=C(C(O)C12C3CC(CC31c1ccccc1)C13OC4C5CCC6C4C(=O)C12C6C53)C12C3CC(CC31c1ccccc1)C13OC4C5CCC6C4C(=O)C12C6C53,O=C[C@]12[C@H]3C[C@H](C[C@]31c1ccccc1)[C@@]13O[C@@H]4[C@H]5CC[C@H]6[C@@H]4C(=O)[C@]12[C@H]6[C@H]53,/gpfs/scratch1/shared/schen3/benzoin-dg-restored/data/cross_benzoin/bde_homo_product_featurize_20260902/chunk_1230/geom.tar.zst,xyz/p000090.xyz,/gpfs/scratch1/shared/schen3/benzoin-dg-restored/data/cross_benzoin/bde_homo_product_featurize_20260902/chunk_1230/geom.tar.zst,ald_xyz/a000078.xyz,0.6910934535970057,0.3215796159090018,0,0,,train
109296,109296,Nc1c(C(=O)C(O)c2ccc(Br)c(OCc3ccccc3)c2N)ccc(Br)c1OCc1ccccc1,Nc1c(C=O)ccc(Br)c1OCc1ccccc1,/gpfs/scratch1/shared/schen3/benzoin-dg-restored/data/cross_benzoin/bde_homo_product_featurize_20260902/chunk_1092/geom.tar.zst,xyz/p000096.xyz,/gpfs/scratch1/shared/schen3/benzoin-dg-restored/data/cross_benzoin/bde_homo_product_featurize_20260902/chunk_1092/geom.tar.zst,ald_xyz/a000069.xyz,0.3304870471620091,0.1474257727820003,0,0,,train
75040,75040,CC(C)(C(=O)C(O)C(C)(C)n1cc(C2CC2)c(-c2c(F)cccc2F)n1)n1cc(C2CC2)c(-c2c(F)cccc2F)n1,CC(C)(C=O)n1cc(C2CC2)c(-c2c(F)cccc2F)n1,/gpfs/scratch1/shared/schen3/benzoin-dg-restored/data/cross_benzoin/bde_homo_product_featurize_20260902/chunk_0750/geom.tar.zst,xyz/p000040.xyz,/gpfs/scratch1/shared/schen3/benzoin-dg-restored/data/cross_benzoin/bde_homo_product_featurize_20260902/chunk_0750/geom.tar.zst,ald_xyz/a000020.xyz,0.4584961307349999,8.779339604918995,0,0,,test
96911,96911,CN(C)C(=BC#N)NC1(c2cc(O)ccc2F)COCCC1C(=O)C(O)C1CCOCC1(NC(=BC#N)N(C)C)c1cc(O)ccc1F,CN(C)C(=BC#N)NC1(c2cc(O)ccc2F)COCC[C@H]1C=O,/gpfs/scratch1/shared/schen3/benzoin-dg-restored/data/cross_benzoin/bde_homo_product_featurize_20260902/chunk_0969/geom.tar.zst,xyz/p000011.xyz,/gpfs/scratch1/shared/schen3/benzoin-dg-restored/data/cross_benzoin/bde_homo_product_featurize_20260902/chunk_0969/geom.tar.zst,ald_xyz/a000030.xyz,0.5130636293740167,0.2370682677949958,0,0,,train
25360,25360,N=C(C(=O)O)C(=CCC(=O)C(O)CC=C(C(=N)C(=O)O)C(=O)O)C(=O)O,N=C(C(=O)O)C(=CCC=O)C(=O)O,/gpfs/scratch1/shared/schen3/benzoin-dg-restored/data/cross_benzoin/bde_homo_product_featurize_20260902/chunk_0253/geom.tar.zst,xyz/p000060.xyz,/gpfs/scratch1/shared/schen3/benzoin-dg-restored/data/cross_benzoin/bde_homo_product_featurize_20260902/chunk_0253/geom.tar.zst,ald_xyz/a000052.xyz,0.1449140312270032,0.0541884696660019,0,0,,validation
21200,21200,COc1cc(C(=O)C(O)c2cc(OC)c3c(c2O[Si](C(C)C)(C(C)C)C(C)C)OCO3)c(O[Si](C(C)C)(C(C)C)C(C)C)c2c1OCO2,COc1cc(C=O)c(O[Si](C(C)C)(C(C)C)C(C)C)c2c1OCO2,/gpfs/scratch1/shared/schen3/benzoin-dg-restored/data/cross_benzoin/bde_homo_product_featurize_20260902/chunk_0212/geom.tar.zst,xyz/p000000.xyz,/gpfs/scratch1/shared/schen3/benzoin-dg-restored/data/cross_benzoin/bde_homo_product_featurize_20260902/chunk_0212/geom.tar.zst,ald_xyz/a000053.xyz,0.7263178703680069,0.3404181176099996,0,0,,train
64735,64735,CC(C)(CC(C)(C)C(F)(F)F)C(=O)C(O)C(C)(C)CC(C)(C)C(F)(F)F,CC(C)(C=O)CC(C)(C)C(F)(F)F,/gpfs/scratch1/shared/schen3/benzoin-dg-restored/data/cross_benzoin/bde_homo_product_featurize_20260902/chunk_0647/geom.tar.zst,xyz/p000035.xyz,/gpfs/scratch1/shared/schen3/benzoin-dg-restored/data/cross_benzoin/bde_homo_product_featurize_20260902/chunk_0647/geom.tar.zst,ald_xyz/a000006.xyz,0.3723437494120105,0.1687355510499983,0,0,,validation
46787,46787,COc1cc(C(=O)C(O)c2cc(OC)c(OC)c(OC)c2-c2ccc(-c3csc(N)n3)cc2F)c(-c2ccc(-c3csc(N)n3)cc2F)c(OC)c1OC,COc1cc(C=O)c(-c2ccc(-c3csc(N)n3)cc2F)c(OC)c1OC,/gpfs/scratch1/shared/schen3/benzoin-dg-restored/data/cross_benzoin/bde_homo_product_featurize_20260902/chunk_0467/geom.tar.zst,xyz/p000087.xyz,/gpfs/scratch1/shared/schen3/benzoin-dg-restored/data/cross_benzoin/bde_homo_product_featurize_20260902/chunk_0467/geom.tar.zst,ald_xyz/a000023.xyz,0.4852924685010009,0.2191784199410023,0,0,,test
92134,92134,Cc1cc(F)ccc1-n1nc(Br)cc1C(=O)C(O)c1cc(Br)nn1-c1ccc(F)cc1C,Cc1cc(F)ccc1-n1nc(Br)cc1C=O,/gpfs/scratch1/shared/schen3/benzoin-dg-restored/data/cross_benzoin/bde_homo_product_featurize_20260902/chunk_0921/geom.tar.zst,xyz/p000034.xyz,/gpfs/scratch1/shared/schen3/benzoin-dg-restored/data/cross_benzoin/bde_homo_product_featurize_20260902/chunk_0921/geom.tar.zst,ald_xyz/a000048.xyz,0.2275029688509988,0.098521625034003,0,0,,train
199920,199920,CN(C)CCCNc1nccnc1-c1cccc(C(=O)C(O)c2cccc(-c3nccnc3NCCCN(C)C)c2)c1,CN(C)CCCNc1nccnc1-c1cccc(C=O)c1,/gpfs/scratch1/shared/schen3/benzoin-dg-restored/data/cross_benzoin/bde_homo_product_featurize_20260902/chunk_1999/geom.tar.zst,xyz/p000020.xyz,/gpfs/scratch1/shared/schen3/benzoin-dg-restored/data/cross_benzoin/bde_homo_product_featurize_20260902/chunk_1999/geom.tar.zst,ald_xyz/a000024.xyz,0.551328155402004,0.2510381825279992,0,0,,train
42617,42617,O=C(Nc1ccc(Oc2ccnc3cc(-c4ccc(C(=O)C(O)c5ccc(-c6cc7nccc(Oc8ccc(NC(=O)NC9CNC9)cc8F)c7s6)nc5)cn4)sc23)c(F)c1)NC1CNC1,O=Cc1ccc(-c2cc3nccc(Oc4ccc(NC(=O)NC5CNC5)cc4F)c3s2)nc1,/gpfs/scratch1/shared/schen3/benzoin-dg-restored/data/cross_benzoin/bde_homo_product_featurize_20260902/chunk_0426/geom.tar.zst,xyz/p000017.xyz,/gpfs/scratch1/shared/schen3/benzoin-dg-restored/data/cross_benzoin/bde_homo_product_featurize_20260902/chunk_0426/geom.tar.zst,ald_xyz/a000078.xyz,0.5417665691090008,0.2554214899399909,0,0,9.324660505542385,train
107385,107385,Cn1cc(-c2ncc(C(=O)C(O)c3cnc(-c4cnn(C)c4)c(F)c3)cc2F)cn1,Cn1cc(-c2ncc(C=O)cc2F)cn1,/gpfs/scratch1/shared/schen3/benzoin-dg-restored/data/cross_benzoin/bde_homo_product_featurize_20260902/chunk_1073/geom.tar.zst,xyz/p000085.xyz,/gpfs/scratch1/shared/schen3/benzoin-dg-restored/data/cross_benzoin/bde_homo_product_featurize_20260902/chunk_1073/geom.tar.zst,ald_xyz/a000073.xyz,0.226203382741005,0.0985246210560006,0,0,,train
82549,82549,CC1(F)CCC(C)(C(=O)C(O)C2(C)CCC(C)(F)CC2)CC1,CC1(F)CCC(C)(C=O)CC1,/gpfs/scratch1/shared/schen3/benzoin-dg-restored/data/cross_benzoin/bde_homo_product_featurize_20260902/chunk_0825/geom.tar.zst,xyz/p000049.xyz,/gpfs/scratch1/shared/schen3/benzoin-dg-restored/data/cross_benzoin/bde_homo_product_featurize_20260902/chunk_0825/geom.tar.zst,ald_xyz/a000013.xyz,0.3731142406900005,0.171110359336005,0,0,8.791150830483035,train
13700,13700,Cn1c2ccccc2c2cc3c(c(C(=O)C(O)c4c5c6ccccc6n(Cc6ccccc6)c5cc5c6ccccc6n(C)c45)c21)c1ccccc1n3Cc1ccccc1,Cn1c2ccccc2c2cc3c(c(C=O)c21)c1ccccc1n3Cc1ccccc1,/gpfs/scratch1/shared/schen3/benzoin-dg-restored/data/cross_benzoin/bde_homo_product_featurize_20260902/chunk_0137/geom.tar.zst,xyz/p000000.xyz,/gpfs/scratch1/shared/schen3/benzoin-dg-restored/data/cross_benzoin/bde_homo_product_featurize_20260902/chunk_0137/geom.tar.zst,ald_xyz/a000070.xyz,0.651105399965985,0.301799985249005,0,0,,train
214673,214673,O=C(O)COc1ccc(CC(=O)C(O)Cc2ccc(OCC(=O)O)cc2)cc1,O=CCc1ccc(OCC(=O)O)cc1,/gpfs/scratch1/shared/schen3/benzoin-dg-restored/data/cross_benzoin/bde_homo_product_featurize_20260902/chunk_2146/geom.tar.zst,xyz/p000073.xyz,/gpfs/scratch1/shared/schen3/benzoin-dg-restored/data/cross_benzoin/bde_homo_product_featurize_20260902/chunk_2146/geom.tar.zst,ald_xyz/a000087.xyz,0.2442270444499996,0.1068278154729966,0,0,,train
136833,136833,O=C(c1cc(F)c(-n2cc(I)cn2)c(F)c1)C(O)c1cc(F)c(-n2cc(I)cn2)c(F)c1,O=Cc1cc(F)c(-n2cc(I)cn2)c(F)c1,/gpfs/scratch1/shared/schen3/benzoin-dg-restored/data/cross_benzoin/bde_homo_product_featurize_20260902/chunk_1368/geom.tar.zst,xyz/p000033.xyz,/gpfs/scratch1/shared/schen3/benzoin-dg-restored/data/cross_benzoin/bde_homo_product_featurize_20260902/chunk_1368/geom.tar.zst,ald_xyz/a000045.xyz,0.1488116484450046,0.060570580594998,0,0,,train
140212,140212,N#Cc1ccc(Oc2nc(Cl)c(C(=O)C(O)c3sc(Oc4ccc(C#N)c(F)c4)nc3Cl)s2)cc1F,N#Cc1ccc(Oc2nc(Cl)c(C=O)s2)cc1F,/gpfs/scratch1/shared/schen3/benzoin-dg-restored/data/cross_benzoin/bde_homo_product_featurize_20260902/chunk_1402/geom.tar.zst,xyz/p000012.xyz,/gpfs/scratch1/shared/schen3/benzoin-dg-restored/data/cross_benzoin/bde_homo_product_featurize_20260902/chunk_1402/geom.tar.zst,ald_xyz/a000065.xyz,0.1322976095089956,4.437703298533002,0,0,8.617886696307394,train
192885,192885,COC(=O)Cc1c(F)ccc(OC)c1C(=O)C(O)c1c(OC)ccc(F)c1CC(=O)OC,COC(=O)Cc1c(F)ccc(OC)c1C=O,/gpfs/scratch1/shared/schen3/benzoin-dg-restored/data/cross_benzoin/bde_homo_product_featurize_20260902/chunk_1928/geom.tar.zst,xyz/p000085.xyz,/gpfs/scratch1/shared/schen3/benzoin-dg-restored/data/cross_benzoin/bde_homo_product_featurize_20260902/chunk_1928/geom.tar.zst,ald_xyz/a000068.xyz,0.2953281065650088,0.1278364601379991,0,0,,train
115229,115229,CC(=CC(=O)c1ccncc1)CCCC(=O)C(O)CCCC(C)=CC(=O)c1ccncc1,C/C(=C\C(=O)c1ccncc1)CCCC=O,/gpfs/scratch1/shared/schen3/benzoin-dg-restored/data/cross_benzoin/bde_homo_product_featurize_20260902/chunk_1152/geom.tar.zst,xyz/p000029.xyz,/gpfs/scratch1/shared/schen3/benzoin-dg-restored/data/cross_benzoin/bde_homo_product_featurize_20260902/chunk_1152/geom.tar.zst,ald_xyz/a000003.xyz,0.3879469414809904,0.1752498657520007,0,0,5.522563713946675,train
211698,211698,COCOc1cc2c(cc1C(=O)C(O)c1cc3c(cc1OCOC)CCO3)OCC2,COCOc1cc2c(cc1C=O)OCC2,/gpfs/scratch1/shared/schen3/benzoin-dg-restored/data/cross_benzoin/bde_homo_product_featurize_20260902/chunk_2116/geom.tar.zst,xyz/p000098.xyz,/gpfs/scratch1/shared/schen3/benzoin-dg-restored/data/cross_benzoin/bde_homo_product_featurize_20260902/chunk_2116/geom.tar.zst,ald_xyz/a000038.xyz,0.3192838713020052,0.1425523242230042,0,0,,train
103190,103190,O=C(C1NN=C(Cc2ccc(F)c(Br)c2)c2cccc([N+](=O)[O-])c21)C(O)C1NN=C(Cc2ccc(F)c(Br)c2)c2cccc([N+](=O)[O-])c21,O=CC1NN=C(Cc2ccc(F)c(Br)c2)c2cccc([N+](=O)[O-])c21,/gpfs/scratch1/shared/schen3/benzoin-dg-restored/data/cross_benzoin/bde_homo_product_featurize_20260902/chunk_1031/geom.tar.zst,xyz/p000090.xyz,/gpfs/scratch1/shared/schen3/benzoin-dg-restored/data/cross_benzoin/bde_homo_product_featurize_20260902/chunk_1031/geom.tar.zst,ald_xyz/a000086.xyz,0.338887726010995,0.1470245248890052,0,0,,train
2327,2327,O=C(O)c1c(-n2cccc2C(=O)C(O)c2cccn2-c2sc3c(c2C(=O)O)CCCC3)sc2c1CCCC2,O=Cc1cccn1-c1sc2c(c1C(=O)O)CCCC2,/gpfs/scratch1/shared/schen3/benzoin-dg-restored/data/cross_benzoin/bde_homo_product_featurize_20260902/chunk_0023/geom.tar.zst,xyz/p000027.xyz,/gpfs/scratch1/shared/schen3/benzoin-dg-restored/data/cross_benzoin/bde_homo_product_featurize_20260902/chunk_0023/geom.tar.zst,ald_xyz/a000093.xyz,0.3576029511039991,0.1622680478189977,0,0,,validation
218970,218970,O=C(c1cn2c(n1)SCCC2)C(O)c1cn2c(n1)SCCC2,O=Cc1cn2c(n1)SCCC2,/gpfs/scratch1/shared/schen3/benzoin-dg-restored/data/cross_benzoin/bde_homo_product_featurize_20260902/chunk_2189/geom.tar.zst,xyz/p000070.xyz,/gpfs/scratch1/shared/schen3/benzoin-dg-restored/data/cross_benzoin/bde_homo_product_featurize_20260902/chunk_2189/geom.tar.zst,ald_xyz/a000097.xyz,0.1980480235019968,0.0845408563279974,0,0,,test
62605,62605,Cc1cc(C(=O)C(O)c2cc(C)cc(-c3ccc(C(F)(F)F)cc3)c2)cc(-c2ccc(C(F)(F)F)cc2)c1,Cc1cc(C=O)cc(-c2ccc(C(F)(F)F)cc2)c1,/gpfs/scratch1/shared/schen3/benzoin-dg-restored/data/cross_benzoin/bde_homo_product_featurize_20260902/chunk_0626/geom.tar.zst,xyz/p000005.xyz,/gpfs/scratch1/shared/schen3/benzoin-dg-restored/data/cross_benzoin/bde_homo_product_featurize_20260902/chunk_0626/geom.tar.zst,ald_xyz/a000009.xyz,0.3189541144599985,0.1438285805429942,0,0,,train
36649,36649,O=C(c1ccc(-c2cncc(-c3ccc(OC(F)(F)F)cc3)n2)cc1)C(O)c1ccc(-c2cncc(-c3ccc(OC(F)(F)F)cc3)n2)cc1,O=Cc1ccc(-c2cncc(-c3ccc(OC(F)(F)F)cc3)n2)cc1,/gpfs/scratch1/shared/schen3/benzoin-dg-restored/data/cross_benzoin/bde_homo_product_featurize_20260902/chunk_0366/geom.tar.zst,xyz/p000049.xyz,/gpfs/scratch1/shared/schen3/benzoin-dg-restored/data/cross_benzoin/bde_homo_product_featurize_20260902/chunk_0366/geom.tar.zst,ald_xyz/a000091.xyz,0.3583718998710026,0.1633368140810063,0,0,,validation
181389,181389,O=C(c1conc1-c1cc(F)ccc1O)C(O)c1conc1-c1cc(F)ccc1O,O=Cc1conc1-c1cc(F)ccc1O,/gpfs/scratch1/shared/schen3/benzoin-dg-restored/data/cross_benzoin/bde_homo_product_featurize_20260902/chunk_1813/geom.tar.zst,xyz/p000089.xyz,/gpfs/scratch1/shared/schen3/benzoin-dg-restored/data/cross_benzoin/bde_homo_product_featurize_20260902/chunk_1813/geom.tar.zst,ald_xyz/a000086.xyz,0.1867435141370066,-14.858365968644996,0,0,0.3649412142471236,train
138379,138379,O=C(c1cccc(F)c1N1CCSC1)C(O)c1cccc(F)c1N1CCSC1,O=Cc1cccc(F)c1N1CCSC1,/gpfs/scratch1/shared/schen3/benzoin-dg-restored/data/cross_benzoin/bde_homo_product_featurize_20260902/chunk_1383/geom.tar.zst,xyz/p000079.xyz,/gpfs/scratch1/shared/schen3/benzoin-dg-restored/data/cross_benzoin/bde_homo_product_featurize_20260902/chunk_1383/geom.tar.zst,ald_xyz/a000095.xyz,0.2723194973350047,0.1196053535069978,0,0,,test
14952,14952,Cc1ncc(COS(=O)(=O)O)c(C(=O)C(O)c2c(COS(=O)(=O)O)cnc(C)c2O)c1O,Cc1ncc(COS(=O)(=O)O)c(C=O)c1O,/gpfs/scratch1/shared/schen3/benzoin-dg-restored/data/cross_benzoin/bde_homo_product_featurize_20260902/chunk_0149/geom.tar.zst,xyz/p000052.xyz,/gpfs/scratch1/shared/schen3/benzoin-dg-restored/data/cross_benzoin/bde_homo_product_featurize_20260902/chunk_0149/geom.tar.zst,ald_xyz/a000050.xyz,0.2276901470509926,0.087296216452998,0,0,,train
197995,197995,O=C(c1ccc(OCC(F)(F)F)c(-c2ccc(OCc3ccccc3)nc2)c1)C(O)c1ccc(OCC(F)(F)F)c(-c2ccc(OCc3ccccc3)nc2)c1,O=Cc1ccc(OCC(F)(F)F)c(-c2ccc(OCc3ccccc3)nc2)c1,/gpfs/scratch1/shared/schen3/benzoin-dg-restored/data/cross_benzoin/bde_homo_product_featurize_20260902/chunk_1979/geom.tar.zst,xyz/p000095.xyz,/gpfs/scratch1/shared/schen3/benzoin-dg-restored/data/cross_benzoin/bde_homo_product_featurize_20260902/chunk_1979/geom.tar.zst,ald_xyz/a000091.xyz,0.503426143302022,0.2271760045680082,0,0,,train
30176,30176,O=C(CCC(=O)C(O)CCC(=O)c1ccc(C(F)(F)F)cc1)c1ccc(C(F)(F)F)cc1,O=CCCC(=O)c1ccc(C(F)(F)F)cc1,/gpfs/scratch1/shared/schen3/benzoin-dg-restored/data/cross_benzoin/bde_homo_product_featurize_20260902/chunk_0301/geom.tar.zst,xyz/p000076.xyz,/gpfs/scratch1/shared/schen3/benzoin-dg-restored/data/cross_benzoin/bde_homo_product_featurize_20260902/chunk_0301/geom.tar.zst,ald_xyz/a000060.xyz,0.2439095450600064,0.1064152202989987,0,0,-1.1329917722347849,train
46105,46105,Nc1ncc2c(-c3ccc(C(=O)C(O)c4ccc(-c5coc6c(OCCc7c(Cl)ccc(F)c7Cl)c(N)ncc56)s4)s3)coc2c1OCCc1c(Cl)ccc(F)c1Cl,Nc1ncc2c(-c3ccc(C=O)s3)coc2c1OCCc1c(Cl)ccc(F)c1Cl,/gpfs/scratch1/shared/schen3/benzoin-dg-restored/data/cross_benzoin/bde_homo_product_featurize_20260902/chunk_0461/geom.tar.zst,xyz/p000005.xyz,/gpfs/scratch1/shared/schen3/benzoin-dg-restored/data/cross_benzoin/bde_homo_product_featurize_20260902/chunk_0461/geom.tar.zst,ald_xyz/a000071.xyz,0.4052528404940005,0.1893035558330069,0,0,,train
126729,126729,COc1ccc(-c2cc3ccc(C)cn3c2C(=O)C(O)c2c(-c3ccc(OC)c(F)c3)cc3ccc(C)cn23)cc1F,COc1ccc(-c2cc3ccc(C)cn3c2C=O)cc1F,/gpfs/scratch1/shared/schen3/benzoin-dg-restored/data/cross_benzoin/bde_homo_product_featurize_20260902/chunk_1267/geom.tar.zst,xyz/p000029.xyz,/gpfs/scratch1/shared/schen3/benzoin-dg-restored/data/cross_benzoin/bde_homo_product_featurize_20260902/chunk_1267/geom.tar.zst,ald_xyz/a000032.xyz,0.4202572648519975,0.1858685566350004,0,0,,train
114205,114205,COc1ccc(C[Se]CC(=O)C(O)C[Se]Cc2ccc(OC)cc2)cc1,COc1ccc(C[Se]CC=O)cc1,/gpfs/scratch1/shared/schen3/benzoin-dg-restored/data/cross_benzoin/bde_homo_product_featurize_20260902/chunk_1142/geom.tar.zst,xyz/p000005.xyz,/gpfs/scratch1/shared/schen3/benzoin-dg-restored/data/cross_benzoin/bde_homo_product_featurize_20260902/chunk_1142/geom.tar.zst,ald_xyz/a000067.xyz,0.2886819178170015,-10.302517393728005,0,0,,train
40929,40929,C=CCCc1ccc(C(=O)C(O)c2ccc(CCC=C)c(F)c2)cc1F,C=CCCc1ccc(C=O)cc1F,/gpfs/scratch1/shared/schen3/benzoin-dg-restored/data/cross_benzoin/bde_homo_product_featurize_20260902/chunk_0409/geom.tar.zst,xyz/p000029.xyz,/gpfs/scratch1/shared/schen3/benzoin-dg-restored/data/cross_benzoin/bde_homo_product_featurize_20260902/chunk_0409/geom.tar.zst,ald_xyz/a000001.xyz,0.2807287515230001,0.1279907658969961,0,0,,train
34431,34431,CCS(=O)(=O)N1CCC(Nc2n[nH]c3c2nc(-c2c(F)cccc2F)c2cc(C(=O)C(O)c4ccc5c(c4)c(-c4c(F)cccc4F)nc4c(NC6CCN(S(=O)(=O)CC)CC6)n[nH]c45)ccc23)CC1,CCS(=O)(=O)N1CCC(Nc2n[nH]c3c2nc(-c2c(F)cccc2F)c2cc(C=O)ccc23)CC1,/gpfs/scratch1/shared/schen3/benzoin-dg-restored/data/cross_benzoin/bde_homo_product_featurize_20260902/chunk_0344/geom.tar.zst,xyz/p000031.xyz,/gpfs/scratch1/shared/schen3/benzoin-dg-restored/data/cross_benzoin/bde_homo_product_featurize_20260902/chunk_0344/geom.tar.zst,ald_xyz/a000011.xyz,0.6755666980329806,0.3186890415269943,0,0,,test
90632,90632,CC(C)(C)OC(=O)N1CC(n2nnc3cc4c(c(F)c32)CC(C(=O)C(O)C2Cc3cc5nnn(C6CN(C(=O)OC(C)(C)C)C6)c5c(F)c3C2)C4)C1,CC(C)(C)OC(=O)N1CC(n2nnc3cc4c(c(F)c32)CC(C=O)C4)C1,/gpfs/scratch1/shared/schen3/benzoin-dg-restored/data/cross_benzoin/bde_homo_product_featurize_20260902/chunk_0906/geom.tar.zst,xyz/p000032.xyz,/gpfs/scratch1/shared/schen3/benzoin-dg-restored/data/cross_benzoin/bde_homo_product_featurize_20260902/chunk_0906/geom.tar.zst,ald_xyz/a000009.xyz,0.5793768675020203,0.2739690031809942,0,0,,train
101462,101462,O=C(C(O)C1c2ccnc(Cl)c2CN1Cc1cnc(OCC(F)(F)C(F)F)c(Cl)c1)C1c2ccnc(Cl)c2CN1Cc1cnc(OCC(F)(F)C(F)F)c(Cl)c1,O=CC1c2ccnc(Cl)c2CN1Cc1cnc(OCC(F)(F)C(F)F)c(Cl)c1,/gpfs/scratch1/shared/schen3/benzoin-dg-restored/data/cross_benzoin/bde_homo_product_featurize_20260902/chunk_1014/geom.tar.zst,xyz/p000062.xyz,/gpfs/scratch1/shared/schen3/benzoin-dg-restored/data/cross_benzoin/bde_homo_product_featurize_20260902/chunk_1014/geom.tar.zst,ald_xyz/a000082.xyz,0.4064398515729976,0.1818870951060063,0,0,,train
32940,32940,COc1c(F)cc(-n2nnnc2C)cc1C(=O)C(O)c1cc(-n2nnnc2C)cc(F)c1OC,COc1c(F)cc(-n2nnnc2C)cc1C=O,/gpfs/scratch1/shared/schen3/benzoin-dg-restored/data/cross_benzoin/bde_homo_product_featurize_20260902/chunk_0329/geom.tar.zst,xyz/p000040.xyz,/gpfs/scratch1/shared/schen3/benzoin-dg-restored/data/cross_benzoin/bde_homo_product_featurize_20260902/chunk_0329/geom.tar.zst,ald_xyz/a000037.xyz,0.256360519755006,0.1134931923370032,0,0,1.9910556240853032,train
111437,111437,COC(=O)C=CCSc1ccccc1C(=O)C(O)c1ccccc1SCC=CC(=O)OC,COC(=O)/C=C/CSc1ccccc1C=O,/gpfs/scratch1/shared/schen3/benzoin-dg-restored/data/cross_benzoin/bde_homo_product_featurize_20260902/chunk_1114/geom.tar.zst,xyz/p000037.xyz,/gpfs/scratch1/shared/schen3/benzoin-dg-restored/data/cross_benzoin/bde_homo_product_featurize_20260902/chunk_1114/geom.tar.zst,ald_xyz/a000044.xyz,0.3021540546669996,0.1329778175649991,0,0,,train
217254,217254,CCc1cc(CC)cc(CC(=O)N2CCOC(CC(=O)C(O)CC3(c4ccc(Cl)c(Cl)c4)CN(C(=O)Cc4cc(CC)cc(CC)c4)CCO3)(c3ccc(Cl)c(Cl)c3)C2)c1,CCc1cc(CC)cc(CC(=O)N2CCOC(CC=O)(c3ccc(Cl)c(Cl)c3)C2)c1,/gpfs/scratch1/shared/schen3/benzoin-dg-restored/data/cross_benzoin/bde_homo_product_featurize_20260902/chunk_2172/geom.tar.zst,xyz/p000054.xyz,/gpfs/scratch1/shared/schen3/benzoin-dg-restored/data/cross_benzoin/bde_homo_product_featurize_20260902/chunk_2172/geom.tar.zst,ald_xyz/a000031.xyz,0.7556885914439988,0.3488159078129911,0,0,,train
219156,219156,CCOCC(CC)OC(=O)c1ccccc1C(=O)C(O)c1ccccc1C(=O)OC(CC)COCC,CCOCC(CC)OC(=O)c1ccccc1C=O,/gpfs/scratch1/shared/schen3/benzoin-dg-restored/data/cross_benzoin/bde_homo_product_featurize_20260902/chunk_2191/geom.tar.zst,xyz/p000056.xyz,/gpfs/scratch1/shared/schen3/benzoin-dg-restored/data/cross_benzoin/bde_homo_product_featurize_20260902/chunk_2191/geom.tar.zst,ald_xyz/a000022.xyz,0.4587112260300046,0.213411293813003,0,0,,train
125122,125122,CCC12CCCC1(C(=O)C(O)C13CCCC1(CC)[C](Sc1ccccc1)CC3)CC[C]2Sc1ccccc1,CC[C@@]12CCC[C@]1(C=O)CC[C]2Sc1ccccc1,/gpfs/scratch1/shared/schen3/benzoin-dg-restored/data/cross_benzoin/bde_homo_product_featurize_20260902/chunk_1251/geom.tar.zst,xyz/p000022.xyz,/gpfs/scratch1/shared/schen3/benzoin-dg-restored/data/cross_benzoin/bde_homo_product_featurize_20260902/chunk_1251/geom.tar.zst,ald_xyz/a000035.xyz,0.5637820129609992,11.359269116632994,0,0,,train
142447,142447,O=C(C(O)C1(c2c(F)cccc2Cl)CCCC1)C1(c2c(F)cccc2Cl)CCCC1,O=CC1(c2c(F)cccc2Cl)CCCC1,/gpfs/scratch1/shared/schen3/benzoin-dg-restored/data/cross_benzoin/bde_homo_product_featurize_20260902/chunk_1424/geom.tar.zst,xyz/p000047.xyz,/gpfs/scratch1/shared/schen3/benzoin-dg-restored/data/cross_benzoin/bde_homo_product_featurize_20260902/chunk_1424/geom.tar.zst,ald_xyz/a000078.xyz,0.3362038876200017,0.1493469761580002,0,0,,train
8845,8845,COc1cc(I)cc(C(=O)C(O)c2cc(I)cc(OC)c2OC)c1OC,COc1cc(I)cc(C=O)c1OC,/gpfs/scratch1/shared/schen3/benzoin-dg-restored/data/cross_benzoin/bde_homo_product_featurize_20260902/chunk_0088/geom.tar.zst,xyz/p000045.xyz,/gpfs/scratch1/shared/schen3/benzoin-dg-restored/data/cross_benzoin/bde_homo_product_featurize_20260902/chunk_0088/geom.tar.zst,ald_xyz/a000053.xyz,0.2141195768149941,0.0907679374659977,0,0,,train
208139,208139,CS(=O)(=O)c1ncc(C(=O)C(O)c2cnc(S(C)(=O)=O)n2Cc2ccccc2)n1Cc1ccccc1,CS(=O)(=O)c1ncc(C=O)n1Cc1ccccc1,/gpfs/scratch1/shared/schen3/benzoin-dg-restored/data/cross_benzoin/bde_homo_product_featurize_20260902/chunk_2081/geom.tar.zst,xyz/p000039.xyz,/gpfs/scratch1/shared/schen3/benzoin-dg-restored/data/cross_benzoin/bde_homo_product_featurize_20260902/chunk_2081/geom.tar.zst,ald_xyz/a000063.xyz,0.3230165732099976,0.1454844245069964,0,0,,train
195451,195451,CNCCC(O)C(O)c1ccc(F)c(C(=O)C(O)c2cc(C(O)C(O)CCNC)ccc2F)c1,CNCCC(O)C(O)c1ccc(F)c(C=O)c1,/gpfs/scratch1/shared/schen3/benzoin-dg-restored/data/cross_benzoin/bde_homo_product_featurize_20260902/chunk_1954/geom.tar.zst,xyz/p000051.xyz,/gpfs/scratch1/shared/schen3/benzoin-dg-restored/data/cross_benzoin/bde_homo_product_featurize_20260902/chunk_1954/geom.tar.zst,ald_xyz/a000019.xyz,0.4044374713520113,0.1859047358939989,0,0,,train
85916,85916,Cc1cc(C=Cc2cccc(B3OC(C)(C)C(C)(C)O3)c2F)c(C(F)(F)F)cc1C(=O)C(O)c1cc(C(F)(F)F)c(C=Cc2cccc(B3OC(C)(C)C(C)(C)O3)c2F)cc1C,Cc1cc(/C=C/c2cccc(B3OC(C)(C)C(C)(C)O3)c2F)c(C(F)(F)F)cc1C=O,/gpfs/scratch1/shared/schen3/benzoin-dg-restored/data/cross_benzoin/bde_homo_product_featurize_20260902/chunk_0859/geom.tar.zst,xyz/p000016.xyz,/gpfs/scratch1/shared/schen3/benzoin-dg-restored/data/cross_benzoin/bde_homo_product_featurize_20260902/chunk_0859/geom.tar.zst,ald_xyz/a000057.xyz,0.6511769702250092,0.3090740468780097,0,0,,test
101085,101085,O=C(C1NN=C(Oc2ccc(F)c(C(=O)N3CCN(C(=O)CC4CCCC4)CC3)c2)c2ccccc21)C(O)C1NN=C(Oc2ccc(F)c(C(=O)N3CCN(C(=O)CC4CCCC4)CC3)c2)c2ccccc21,O=CC1NN=C(Oc2ccc(F)c(C(=O)N3CCN(C(=O)CC4CCCC4)CC3)c2)c2ccccc21,/gpfs/scratch1/shared/schen3/benzoin-dg-restored/data/cross_benzoin/bde_homo_product_featurize_20260902/chunk_1010/geom.tar.zst,xyz/p000085.xyz,/gpfs/scratch1/shared/schen3/benzoin-dg-restored/data/cross_benzoin/bde_homo_product_featurize_20260902/chunk_1010/geom.tar.zst,ald_xyz/a000083.xyz,0.8442288253970105,0.3995552228580123,0,0,3.37442091892153,test
96737,96737,CC1CCCC(C)(Cn2cc(C(=O)NCc3ccc(F)cc3F)c(=O)c(O)c2C(=O)C(O)c2c(O)c(=O)c(C(=O)NCc3ccc(F)cc3F)cn2CC2(C)CCCC(C)CN2C)N(C)C1,C[C@@H]1CCC[C@@](C)(Cn2cc(C(=O)NCc3ccc(F)cc3F)c(=O)c(O)c2C=O)N(C)C1,/gpfs/scratch1/shared/schen3/benzoin-dg-restored/data/cross_benzoin/bde_homo_product_featurize_20260902/chunk_0967/geom.tar.zst,xyz/p000037.xyz,/gpfs/scratch1/shared/schen3/benzoin-dg-restored/data/cross_benzoin/bde_homo_product_featurize_20260902/chunk_0967/geom.tar.zst,ald_xyz/a000050.xyz,0.811661218885007,0.3874408748599904,0,0,,validation
6382,6382,Cc1cccc(-c2[nH]ncc2C(=O)C(O)c2cn[nH]c2-c2cccc(C)c2)c1,Cc1cccc(-c2[nH]ncc2C=O)c1,/gpfs/scratch1/shared/schen3/benzoin-dg-restored/data/cross_benzoin/bde_homo_product_featurize_20260902/chunk_0063/geom.tar.zst,xyz/p000082.xyz,/gpfs/scratch1/shared/schen3/benzoin-dg-restored/data/cross_benzoin/bde_homo_product_featurize_20260902/chunk_0063/geom.tar.zst,ald_xyz/a000058.xyz,0.2784257812969883,0.1197938548129968,0,0,,train
42058,42058,CCN(CC)CCNC(=O)c1c(C)[nH]c(C(=O)C(O)c2[nH]c(C)c(C(=O)NCCN(CC)CC)c2C(F)(F)F)c1C(F)(F)F,CCN(CC)CCNC(=O)c1c(C)[nH]c(C=O)c1C(F)(F)F,/gpfs/scratch1/shared/schen3/benzoin-dg-restored/data/cross_benzoin/bde_homo_product_featurize_20260902/chunk_0420/geom.tar.zst,xyz/p000058.xyz,/gpfs/scratch1/shared/schen3/benzoin-dg-restored/data/cross_benzoin/bde_homo_product_featurize_20260902/chunk_0420/geom.tar.zst,ald_xyz/a000023.xyz,0.5015226517030271,0.237301156677006,0,0,,train
48260,48260,Cc1c(C(C)C(=O)C(O)C(C)c2c(C)n(C(=O)c3ccc(F)c(F)c3)c3ccc(O)cc23)c2cc(O)ccc2n1C(=O)c1ccc(F)c(F)c1,Cc1c([C@H](C)C=O)c2cc(O)ccc2n1C(=O)c1ccc(F)c(F)c1,/gpfs/scratch1/shared/schen3/benzoin-dg-restored/data/cross_benzoin/bde_homo_product_featurize_20260902/chunk_0482/geom.tar.zst,xyz/p000060.xyz,/gpfs/scratch1/shared/schen3/benzoin-dg-restored/data/cross_benzoin/bde_homo_product_featurize_20260902/chunk_0482/geom.tar.zst,ald_xyz/a000045.xyz,0.4606803985379883,0.2037366754219931,0,0,,train
118715,118715,O=C(c1ccsc1[Se])C(O)c1ccsc1[Se],O=Cc1ccsc1[Se],/gpfs/scratch1/shared/schen3/benzoin-dg-restored/data/cross_benzoin/bde_homo_product_featurize_20260902/chunk_1187/geom.tar.zst,xyz/p000015.xyz,/gpfs/scratch1/shared/schen3/benzoin-dg-restored/data/cross_benzoin/bde_homo_product_featurize_20260902/chunk_1187/geom.tar.zst,ald_xyz/a000097.xyz,0.060016538753004,0.0176622964630013,0,0,,train
127088,127088,COc1ccc(-c2nn(-c3ccccc3)cc2C(=O)C(O)c2cn(-c3ccccc3)nc2-c2ccc(OC)c(F)c2)cc1F,COc1ccc(-c2nn(-c3ccccc3)cc2C=O)cc1F,/gpfs/scratch1/shared/schen3/benzoin-dg-restored/data/cross_benzoin/bde_homo_product_featurize_20260902/chunk_1270/geom.tar.zst,xyz/p000088.xyz,/gpfs/scratch1/shared/schen3/benzoin-dg-restored/data/cross_benzoin/bde_homo_product_featurize_20260902/chunk_1270/geom.tar.zst,ald_xyz/a000020.xyz,0.4003365298939911,0.1777696832090001,0,0,,train
100411,100411,NCc1ccc(-c2ccc(N3CC(Cn4ccnn4)OC3C(=O)C(O)C3OC(Cn4ccnn4)CN3c3ccc(-c4ccc(CN)s4)c(F)c3)cc2F)s1,NCc1ccc(-c2ccc(N3CC(Cn4ccnn4)OC3C=O)cc2F)s1,/gpfs/scratch1/shared/schen3/benzoin-dg-restored/data/cross_benzoin/bde_homo_product_featurize_20260902/chunk_1004/geom.tar.zst,xyz/p000011.xyz,/gpfs/scratch1/shared/schen3/benzoin-dg-restored/data/cross_benzoin/bde_homo_product_featurize_20260902/chunk_1004/geom.tar.zst,ald_xyz/a000052.xyz,0.5206933027440073,0.240244351689995,0,0,,test
132091,132091,O=C(c1c(O)ccc(-c2ccc(O)c(F)c2)c1Cl)C(O)c1c(O)ccc(-c2ccc(O)c(F)c2)c1Cl,O=Cc1c(O)ccc(-c2ccc(O)c(F)c2)c1Cl,/gpfs/scratch1/shared/schen3/benzoin-dg-restored/data/cross_benzoin/bde_homo_product_featurize_20260902/chunk_1320/geom.tar.zst,xyz/p000091.xyz,/gpfs/scratch1/shared/schen3/benzoin-dg-restored/data/cross_benzoin/bde_homo_product_featurize_20260902/chunk_1320/geom.tar.zst,ald_xyz/a000056.xyz,0.2305319925210085,0.0993023392059981,0,0,,train
92792,92792,O=C(c1ccc(-n2nc(C3CN(C(=O)C=CCF)C3)c3c(N4CC(O)C4)nccc32)cc1)C(O)c1ccc(-n2nc(C3CN(C(=O)C=CCF)C3)c3c(N4CC(O)C4)nccc32)cc1,O=Cc1ccc(-n2nc(C3CN(C(=O)/C=C/CF)C3)c3c(N4CC(O)C4)nccc32)cc1,/gpfs/scratch1/shared/schen3/benzoin-dg-restored/data/cross_benzoin/bde_homo_product_featurize_20260902/chunk_0927/geom.tar.zst,xyz/p000092.xyz,/gpfs/scratch1/shared/schen3/benzoin-dg-restored/data/cross_benzoin/bde_homo_product_featurize_20260902/chunk_0927/geom.tar.zst,ald_xyz/a000097.xyz,0.6272712918120078,0.2973181399380138,0,0,,validation
193316,193316,N#Cc1c(C(=O)C(O)c2ccc(C(O)C(=O)O)c(OC(F)F)c2C#N)ccc(C(O)C(=O)O)c1OC(F)F,N#Cc1c(C=O)ccc(C(O)C(=O)O)c1OC(F)F,/gpfs/scratch1/shared/schen3/benzoin-dg-restored/data/cross_benzoin/bde_homo_product_featurize_20260902/chunk_1933/geom.tar.zst,xyz/p000016.xyz,/gpfs/scratch1/shared/schen3/benzoin-dg-restored/data/cross_benzoin/bde_homo_product_featurize_20260902/chunk_1933/geom.tar.zst,ald_xyz/a000061.xyz,0.2083971788290028,0.0778073638630019,0,0,,train
53206,53206,Cc1c(CNc2ccc(CCC(=O)C(O)CCc3ccc(NCc4ccc5c(c4C)N(c4cc(F)cc(F)c4)CCC5)cc3F)c(F)c2)ccc2c1N(c1cc(F)cc(F)c1)CCC2,Cc1c(CNc2ccc(CCC=O)c(F)c2)ccc2c1N(c1cc(F)cc(F)c1)CCC2,/gpfs/scratch1/shared/schen3/benzoin-dg-restored/data/cross_benzoin/bde_homo_product_featurize_20260902/chunk_0532/geom.tar.zst,xyz/p000006.xyz,/gpfs/scratch1/shared/schen3/benzoin-dg-restored/data/cross_benzoin/bde_homo_product_featurize_20260902/chunk_0532/geom.tar.zst,ald_xyz/a000054.xyz,0.7234278316720122,4.5586229100329945,0,0,,train
104304,104304,O=C(C(O)C(F)C(C(F)F)N1C(=O)c2ccccc2C1=O)C(F)C(C(F)F)N1C(=O)c2ccccc2C1=O,O=CC(F)C(C(F)F)N1C(=O)c2ccccc2C1=O,/gpfs/scratch1/shared/schen3/benzoin-dg-restored/data/cross_benzoin/bde_homo_product_featurize_20260902/chunk_1043/geom.tar.zst,xyz/p000004.xyz,/gpfs/scratch1/shared/schen3/benzoin-dg-restored/data/cross_benzoin/bde_homo_product_featurize_20260902/chunk_1043/geom.tar.zst,ald_xyz/a000067.xyz,0.252320525594996,0.1092344282860011,0,0,-2.084885216710433,train
128213,128213,O=C(Nc1cnc(-c2cc(F)cc(F)c2)n(CC(=O)C(O)Cn2c(-c3cc(F)cc(F)c3)ncc(NC(=O)OCc3ccccc3)c2=O)c1=O)OCc1ccccc1,O=CCn1c(-c2cc(F)cc(F)c2)ncc(NC(=O)OCc2ccccc2)c1=O,/gpfs/scratch1/shared/schen3/benzoin-dg-restored/data/cross_benzoin/bde_homo_product_featurize_20260902/chunk_1282/geom.tar.zst,xyz/p000013.xyz,/gpfs/scratch1/shared/schen3/benzoin-dg-restored/data/cross_benzoin/bde_homo_product_featurize_20260902/chunk_1282/geom.tar.zst,ald_xyz/a000081.xyz,0.4700984375419921,-2.8020469567690043,0,0,,train
3615,3615,COc1cc(C(=O)C(O)c2ccc(OCCCOc3ccccc3[N+](=O)[O-])c(OC)c2)ccc1OCCCOc1ccccc1[N+](=O)[O-],COc1cc(C=O)ccc1OCCCOc1ccccc1[N+](=O)[O-],/gpfs/scratch1/shared/schen3/benzoin-dg-restored/data/cross_benzoin/bde_homo_product_featurize_20260902/chunk_0036/geom.tar.zst,xyz/p000015.xyz,/gpfs/scratch1/shared/schen3/benzoin-dg-restored/data/cross_benzoin/bde_homo_product_featurize_20260902/chunk_0036/geom.tar.zst,ald_xyz/a000038.xyz,0.4679301509690106,0.2159060632109941,0,0,,train
32580,32580,O=C(c1ccc(F)nn1)C(O)c1ccc(F)nn1,O=Cc1ccc(F)nn1,/gpfs/scratch1/shared/schen3/benzoin-dg-restored/data/cross_benzoin/bde_homo_product_featurize_20260902/chunk_0325/geom.tar.zst,xyz/p000080.xyz,/gpfs/scratch1/shared/schen3/benzoin-dg-restored/data/cross_benzoin/bde_homo_product_featurize_20260902/chunk_0325/geom.tar.zst,ald_xyz/a000071.xyz,0.0804844439229981,0.0274457980989986,0,0,,train
210007,210007,CC(C)C(=O)OC1CCC2(C(=O)C(O)C34CCC(OC(=O)C(C)C)CC3(O)CCC3C4CCC4(C)C(c5ccc(=O)oc5)CCC34O)C3CCC4(C)C(c5ccc(=O)oc5)CCC4(O)C3CCC2(O)C1,CC(C)C(=O)O[C@H]1CC[C@]2(C=O)[C@H]3CC[C@]4(C)[C@@H](c5ccc(=O)oc5)CC[C@]4(O)[C@@H]3CC[C@]2(O)C1,/gpfs/scratch1/shared/schen3/benzoin-dg-restored/data/cross_benzoin/bde_homo_product_featurize_20260902/chunk_2100/geom.tar.zst,xyz/p000007.xyz,/gpfs/scratch1/shared/schen3/benzoin-dg-restored/data/cross_benzoin/bde_homo_product_featurize_20260902/chunk_2100/geom.tar.zst,ald_xyz/a000016.xyz,1.0461266245079912,0.505208552993011,0,0,,train
207951,207951,CC(C)(C)OC(=O)N1CCN(c2c(Cl)cccc2C(=O)C(O)c2cccc(Cl)c2N2CCN(C(=O)OC(C)(C)C)CC2)CC1,CC(C)(C)OC(=O)N1CCN(c2c(Cl)cccc2C=O)CC1,/gpfs/scratch1/shared/schen3/benzoin-dg-restored/data/cross_benzoin/bde_homo_product_featurize_20260902/chunk_2079/geom.tar.zst,xyz/p000051.xyz,/gpfs/scratch1/shared/schen3/benzoin-dg-restored/data/cross_benzoin/bde_homo_product_featurize_20260902/chunk_2079/geom.tar.zst,ald_xyz/a000005.xyz,0.5597791553070124,0.2620608095040069,0,0,,train
98182,98182,O=C(O)Cc1c(CCC(=O)C(O)CCc2[nH]c3ccc(C(F)(F)F)cc3c2CC(=O)O)[nH]c2ccc(C(F)(F)F)cc12,O=CCCc1[nH]c2ccc(C(F)(F)F)cc2c1CC(=O)O,/gpfs/scratch1/shared/schen3/benzoin-dg-restored/data/cross_benzoin/bde_homo_product_featurize_20260902/chunk_0981/geom.tar.zst,xyz/p000082.xyz,/gpfs/scratch1/shared/schen3/benzoin-dg-restored/data/cross_benzoin/bde_homo_product_featurize_20260902/chunk_0981/geom.tar.zst,ald_xyz/a000095.xyz,0.3505779399509947,0.1499683174569952,0,0,0.5211337905744018,train
62977,62977,O=C(c1cc(Cl)cc(OCc2ccc(F)c(F)c2)c1)C(O)c1cc(Cl)cc(OCc2ccc(F)c(F)c2)c1,O=Cc1cc(Cl)cc(OCc2ccc(F)c(F)c2)c1,/gpfs/scratch1/shared/schen3/benzoin-dg-restored/data/cross_benzoin/bde_homo_product_featurize_20260902/chunk_0629/geom.tar.zst,xyz/p000077.xyz,/gpfs/scratch1/shared/schen3/benzoin-dg-restored/data/cross_benzoin/bde_homo_product_featurize_20260902/chunk_0629/geom.tar.zst,ald_xyz/a000039.xyz,0.2643436378110095,0.1184885807080036,0,0,,train
108231,108231,CN(CC(C)(C)C(=O)C(O)C(C)(C)CN(C)C(=O)c1ccccc1)C(=O)c1ccccc1,CN(CC(C)(C)C=O)C(=O)c1ccccc1,/gpfs/scratch1/shared/schen3/benzoin-dg-restored/data/cross_benzoin/bde_homo_product_featurize_20260902/chunk_1082/geom.tar.zst,xyz/p000031.xyz,/gpfs/scratch1/shared/schen3/benzoin-dg-restored/data/cross_benzoin/bde_homo_product_featurize_20260902/chunk_1082/geom.tar.zst,ald_xyz/a000032.xyz,0.4423459358130088,0.1994391411160023,0,0,,train
204577,204577,Cc1cccc(-c2[nH]c3ccc([N+](=O)[O-])cc3c2C(=O)C(O)c2c(-c3cccc(C)c3)[nH]c3ccc([N+](=O)[O-])cc23)c1,Cc1cccc(-c2[nH]c3ccc([N+](=O)[O-])cc3c2C=O)c1,/gpfs/scratch1/shared/schen3/benzoin-dg-restored/data/cross_benzoin/bde_homo_product_featurize_20260902/chunk_2045/geom.tar.zst,xyz/p000077.xyz,/gpfs/scratch1/shared/schen3/benzoin-dg-restored/data/cross_benzoin/bde_homo_product_featurize_20260902/chunk_2045/geom.tar.zst,ald_xyz/a000059.xyz,0.3640748647160023,0.1558248722390018,0,0,,train
211887,211887,CC(C)CC(NC(=O)OCc1ccccc1)C(OC1CCCCO1)C(=O)C(O)C(OC1CCCCO1)C(CC(C)C)NC(=O)OCc1ccccc1,CC(C)C[C@H](NC(=O)OCc1ccccc1)C(C=O)OC1CCCCO1,/gpfs/scratch1/shared/schen3/benzoin-dg-restored/data/cross_benzoin/bde_homo_product_featurize_20260902/chunk_2118/geom.tar.zst,xyz/p000087.xyz,/gpfs/scratch1/shared/schen3/benzoin-dg-restored/data/cross_benzoin/bde_homo_product_featurize_20260902/chunk_2118/geom.tar.zst,ald_xyz/a000020.xyz,0.7765100293730143,0.3623707604899948,0,0,,validation
19863,19863,O=C(c1c(CCc2ccc(F)cc2)ccc2ccccc12)C(O)c1c(CCc2ccc(F)cc2)ccc2ccccc12,O=Cc1c(CCc2ccc(F)cc2)ccc2ccccc12,/gpfs/scratch1/shared/schen3/benzoin-dg-restored/data/cross_benzoin/bde_homo_product_featurize_20260902/chunk_0198/geom.tar.zst,xyz/p000063.xyz,/gpfs/scratch1/shared/schen3/benzoin-dg-restored/data/cross_benzoin/bde_homo_product_featurize_20260902/chunk_0198/geom.tar.zst,ald_xyz/a000091.xyz,0.4488360441679901,0.2074282794039987,0,0,,train
143480,143480,Cn1cc(C(=O)C(O)c2cn(C)c(C(F)(F)F)c2C(=O)O)c(C(=O)O)c1C(F)(F)F,Cn1cc(C=O)c(C(=O)O)c1C(F)(F)F,/gpfs/scratch1/shared/schen3/benzoin-dg-restored/data/cross_benzoin/bde_homo_product_featurize_20260902/chunk_1434/geom.tar.zst,xyz/p000080.xyz,/gpfs/scratch1/shared/schen3/benzoin-dg-restored/data/cross_benzoin/bde_homo_product_featurize_20260902/chunk_1434/geom.tar.zst,ald_xyz/a000029.xyz,0.1541744333259913,0.0629911127829956,0,0,,train
104577,104577,COCc1ccc(C(=O)C(O)c2ccc(COC)c(-c3ccccc3F)c2)cc1-c1ccccc1F,COCc1ccc(C=O)cc1-c1ccccc1F,/gpfs/scratch1/shared/schen3/benzoin-dg-restored/data/cross_benzoin/bde_homo_product_featurize_20260902/chunk_1045/geom.tar.zst,xyz/p000077.xyz,/gpfs/scratch1/shared/schen3/benzoin-dg-restored/data/cross_benzoin/bde_homo_product_featurize_20260902/chunk_1045/geom.tar.zst,ald_xyz/a000034.xyz,0.3625996771969966,0.1662897733249977,0,0,,train
118730,118730,C=C(C)C1CCC(=C)C(CC(=O)C(O)CC2CC(C(=C)C)CCC2=C)C1,C=C1CC[C@H](C(=C)C)CC1CC=O,/gpfs/scratch1/shared/schen3/benzoin-dg-restored/data/cross_benzoin/bde_homo_product_featurize_20260902/chunk_1187/geom.tar.zst,xyz/p000030.xyz,/gpfs/scratch1/shared/schen3/benzoin-dg-restored/data/cross_benzoin/bde_homo_product_featurize_20260902/chunk_1187/geom.tar.zst,ald_xyz/a000004.xyz,0.4480451551790025,0.208661773781003,0,0,,train
197403,197403,CCC(C(=O)C(O)C(CC)C(=C[N+](=O)[O-])c1ccc(C(F)(F)F)cc1)C(=C[N+](=O)[O-])c1ccc(C(F)(F)F)cc1,CC[C@@H](C=O)/C(=C/[N+](=O)[O-])c1ccc(C(F)(F)F)cc1,/gpfs/scratch1/shared/schen3/benzoin-dg-restored/data/cross_benzoin/bde_homo_product_featurize_20260902/chunk_1974/geom.tar.zst,xyz/p000003.xyz,/gpfs/scratch1/shared/schen3/benzoin-dg-restored/data/cross_benzoin/bde_homo_product_featurize_20260902/chunk_1974/geom.tar.zst,ald_xyz/a000026.xyz,0.3336145918470095,0.1459302221550018,0,0,,train
160525,160525,O=C(c1ccc(N(CCO)CC(F)(F)F)c(Br)c1)C(O)c1ccc(N(CCO)CC(F)(F)F)c(Br)c1,O=Cc1ccc(N(CCO)CC(F)(F)F)c(Br)c1,/gpfs/scratch1/shared/schen3/benzoin-dg-restored/data/cross_benzoin/bde_homo_product_featurize_20260902/chunk_1605/geom.tar.zst,xyz/p000025.xyz,/gpfs/scratch1/shared/schen3/benzoin-dg-restored/data/cross_benzoin/bde_homo_product_featurize_20260902/chunk_1605/geom.tar.zst,ald_xyz/a000079.xyz,0.2827511585060023,0.1250194242370028,0,0,,train
140389,140389,O=C(c1cn(-c2ccccn2)nc1-c1ccc(F)cc1Br)C(O)c1cn(-c2ccccn2)nc1-c1ccc(F)cc1Br,O=Cc1cn(-c2ccccn2)nc1-c1ccc(F)cc1Br,/gpfs/scratch1/shared/schen3/benzoin-dg-restored/data/cross_benzoin/bde_homo_product_featurize_20260902/chunk_1403/geom.tar.zst,xyz/p000089.xyz,/gpfs/scratch1/shared/schen3/benzoin-dg-restored/data/cross_benzoin/bde_homo_product_featurize_20260902/chunk_1403/geom.tar.zst,ald_xyz/a000098.xyz,0.2956417039799959,0.1260711241690018,0,0,,train
94920,94920,CC1CCCN(Cc2cnc(C(=O)C(O)c3ncc(CN4CCCC(C)C4)cc3CF)c(CF)c2)C1,C[C@H]1CCCN(Cc2cnc(C=O)c(CF)c2)C1,/gpfs/scratch1/shared/schen3/benzoin-dg-restored/data/cross_benzoin/bde_homo_product_featurize_20260902/chunk_0949/geom.tar.zst,xyz/p000020.xyz,/gpfs/scratch1/shared/schen3/benzoin-dg-restored/data/cross_benzoin/bde_homo_product_featurize_20260902/chunk_0949/geom.tar.zst,ald_xyz/a000043.xyz,0.5060755100449938,0.2385061622310047,0,0,,train
185385,185385,CN(C(=O)OC(C)(C)C)C(C(=O)C(O)C(c1cc(Br)cnc1F)N(C)C(=O)OC(C)(C)C)c1cc(Br)cnc1F,CN(C(=O)OC(C)(C)C)C(C=O)c1cc(Br)cnc1F,/gpfs/scratch1/shared/schen3/benzoin-dg-restored/data/cross_benzoin/bde_homo_product_featurize_20260902/chunk_1853/geom.tar.zst,xyz/p000085.xyz,/gpfs/scratch1/shared/schen3/benzoin-dg-restored/data/cross_benzoin/bde_homo_product_featurize_20260902/chunk_1853/geom.tar.zst,ald_xyz/a000047.xyz,0.4200177483489966,0.1885045296570027,0,0,,train
180425,180425,O=C(c1cc(OC(F)(F)F)c(I)c(C(F)(F)F)n1)C(O)c1cc(OC(F)(F)F)c(I)c(C(F)(F)F)n1,O=Cc1cc(OC(F)(F)F)c(I)c(C(F)(F)F)n1,/gpfs/scratch1/shared/schen3/benzoin-dg-restored/data/cross_benzoin/bde_homo_product_featurize_20260902/chunk_1804/geom.tar.zst,xyz/p000025.xyz,/gpfs/scratch1/shared/schen3/benzoin-dg-restored/data/cross_benzoin/bde_homo_product_featurize_20260902/chunk_1804/geom.tar.zst,ald_xyz/a000079.xyz,0.0857326480789879,0.0283221049780024,0,0,,train
214694,214694,COc1ccc(C(=O)C(O)c2ccc(OC)c(OC3CCCC3)c2CC=NN)c(CC=NN)c1OC1CCCC1,COc1ccc(C=O)c(C/C=N/N)c1OC1CCCC1,/gpfs/scratch1/shared/schen3/benzoin-dg-restored/data/cross_benzoin/bde_homo_product_featurize_20260902/chunk_2146/geom.tar.zst,xyz/p000094.xyz,/gpfs/scratch1/shared/schen3/benzoin-dg-restored/data/cross_benzoin/bde_homo_product_featurize_20260902/chunk_2146/geom.tar.zst,ald_xyz/a000040.xyz,0.5334296024600036,0.2484008248770024,0,0,,train
176716,176716,N#Cc1cc(OC(F)F)cc(F)c1C(=O)C(O)c1c(F)cc(OC(F)F)cc1C#N,N#Cc1cc(OC(F)F)cc(F)c1C=O,/gpfs/scratch1/shared/schen3/benzoin-dg-restored/data/cross_benzoin/bde_homo_product_featurize_20260902/chunk_1767/geom.tar.zst,xyz/p000016.xyz,/gpfs/scratch1/shared/schen3/benzoin-dg-restored/data/cross_benzoin/bde_homo_product_featurize_20260902/chunk_1767/geom.tar.zst,ald_xyz/a000068.xyz,0.1288349017499968,0.0498320077379972,0,0,,train
185410,185410,CC(c1ccc(F)cc1)C(C)(NC(=O)OC(C)(C)C)C(=O)C(O)C(C)(NC(=O)OC(C)(C)C)C(C)c1ccc(F)cc1,CC(c1ccc(F)cc1)C(C)(C=O)NC(=O)OC(C)(C)C,/gpfs/scratch1/shared/schen3/benzoin-dg-restored/data/cross_benzoin/bde_homo_product_featurize_20260902/chunk_1854/geom.tar.zst,xyz/p000010.xyz,/gpfs/scratch1/shared/schen3/benzoin-dg-restored/data/cross_benzoin/bde_homo_product_featurize_20260902/chunk_1854/geom.tar.zst,ald_xyz/a000036.xyz,0.579437005778999,0.2699669888149998,0,0,,train
8196,8196,CC(C)=CCc1c(O)c(C(=O)C(O)c2cc3c([nH]c4c5c(ccc43)C=CC(C)(C)O5)c(CC=C(C)C)c2O)cc2c1[nH]c1c3c(ccc12)C=CC(C)(C)O3,CC(C)=CCc1c(O)c(C=O)cc2c1[nH]c1c3c(ccc12)C=CC(C)(C)O3,/gpfs/scratch1/shared/schen3/benzoin-dg-restored/data/cross_benzoin/bde_homo_product_featurize_20260902/chunk_0081/geom.tar.zst,xyz/p000096.xyz,/gpfs/scratch1/shared/schen3/benzoin-dg-restored/data/cross_benzoin/bde_homo_product_featurize_20260902/chunk_0081/geom.tar.zst,ald_xyz/a000019.xyz,0.6472598333789961,0.3073684951600057,0,0,,validation
121910,121910,COC(=O)C1(CCC(=O)C(O)CCC2(C(=O)OC)NC(c3ccccc3)CO2)NC(c2ccccc2)CO1,COC(=O)[C@]1(CCC=O)N[C@H](c2ccccc2)CO1,/gpfs/scratch1/shared/schen3/benzoin-dg-restored/data/cross_benzoin/bde_homo_product_featurize_20260902/chunk_1219/geom.tar.zst,xyz/p000010.xyz,/gpfs/scratch1/shared/schen3/benzoin-dg-restored/data/cross_benzoin/bde_homo_product_featurize_20260902/chunk_1219/geom.tar.zst,ald_xyz/a000050.xyz,0.4500771105469994,0.2123030180160015,0,0,,validation
7266,7266,O=C(c1cc(C=NCc2ccccc2)c(O)c2ncccc12)C(O)c1cc(C=NCc2ccccc2)c(O)c2ncccc12,O=Cc1cc(C=NCc2ccccc2)c(O)c2ncccc12,/gpfs/scratch1/shared/schen3/benzoin-dg-restored/data/cross_benzoin/bde_homo_product_featurize_20260902/chunk_0072/geom.tar.zst,xyz/p000066.xyz,/gpfs/scratch1/shared/schen3/benzoin-dg-restored/data/cross_benzoin/bde_homo_product_featurize_20260902/chunk_0072/geom.tar.zst,ald_xyz/a000078.xyz,0.4253839029150015,43.114848420548,0,0,,train
92798,92798,C=Cc1ccnc2c1c(C1CN(C(=O)OC(C)(C)C)C1)nn2-c1ccc(C(=O)C(O)c2ccc(-n3nc(C4CN(C(=O)OC(C)(C)C)C4)c4c(C=C)ccnc43)c(F)c2)cc1F,C=Cc1ccnc2c1c(C1CN(C(=O)OC(C)(C)C)C1)nn2-c1ccc(C=O)cc1F,/gpfs/scratch1/shared/schen3/benzoin-dg-restored/data/cross_benzoin/bde_homo_product_featurize_20260902/chunk_0927/geom.tar.zst,xyz/p000098.xyz,/gpfs/scratch1/shared/schen3/benzoin-dg-restored/data/cross_benzoin/bde_homo_product_featurize_20260902/chunk_0927/geom.tar.zst,ald_xyz/a000009.xyz,0.6544294986730108,0.3120614852820011,0,0,,validation
219754,219754,CCOC(=O)CCCOc1ccc(C(=O)C(O)c2ccc(OCCCC(=O)OCC)cc2O)c(O)c1,CCOC(=O)CCCOc1ccc(C=O)c(O)c1,/gpfs/scratch1/shared/schen3/benzoin-dg-restored/data/cross_benzoin/bde_homo_product_featurize_20260902/chunk_2197/geom.tar.zst,xyz/p000054.xyz,/gpfs/scratch1/shared/schen3/benzoin-dg-restored/data/cross_benzoin/bde_homo_product_featurize_20260902/chunk_2197/geom.tar.zst,ald_xyz/a000046.xyz,0.4038413792419959,0.1890435031659976,0,0,,train
100220,100220,O=C(C(CBr)c1ccc(I)cc1F)C(O)C(CBr)c1ccc(I)cc1F,O=CC(CBr)c1ccc(I)cc1F,/gpfs/scratch1/shared/schen3/benzoin-dg-restored/data/cross_benzoin/bde_homo_product_featurize_20260902/chunk_1002/geom.tar.zst,xyz/p000020.xyz,/gpfs/scratch1/shared/schen3/benzoin-dg-restored/data/cross_benzoin/bde_homo_product_featurize_20260902/chunk_1002/geom.tar.zst,ald_xyz/a000055.xyz,0.1638515112699963,0.064895780002999,0,0,-1.9052836193355809,train
136764,136764,CN(CC(F)(F)F)c1ccc(C(=O)C(O)c2ccc(N(C)CC(F)(F)F)s2)s1,CN(CC(F)(F)F)c1ccc(C=O)s1,/gpfs/scratch1/shared/schen3/benzoin-dg-restored/data/cross_benzoin/bde_homo_product_featurize_20260902/chunk_1367/geom.tar.zst,xyz/p000064.xyz,/gpfs/scratch1/shared/schen3/benzoin-dg-restored/data/cross_benzoin/bde_homo_product_featurize_20260902/chunk_1367/geom.tar.zst,ald_xyz/a000053.xyz,0.198407538948004,0.0831934109380014,0,0,10.198254347082576,train
208913,208913,Cc1cc(C(=O)C(O)c2cc(C)c(Cl)cc2Cl)c(Cl)cc1Cl,Cc1cc(C=O)c(Cl)cc1Cl,/gpfs/scratch1/shared/schen3/benzoin-dg-restored/data/cross_benzoin/bde_homo_product_featurize_20260902/chunk_2089/geom.tar.zst,xyz/p000013.xyz,/gpfs/scratch1/shared/schen3/benzoin-dg-restored/data/cross_benzoin/bde_homo_product_featurize_20260902/chunk_2089/geom.tar.zst,ald_xyz/a000048.xyz,0.1506009874940019,0.0599689923989998,0,0,,train
128687,128687,O=C(Cc1cc2c(cc1NC(=O)C(F)(F)F)OCO2)C(O)Cc1cc2c(cc1NC(=O)C(F)(F)F)OCO2,O=CCc1cc2c(cc1NC(=O)C(F)(F)F)OCO2,/gpfs/scratch1/shared/schen3/benzoin-dg-restored/data/cross_benzoin/bde_homo_product_featurize_20260902/chunk_1286/geom.tar.zst,xyz/p000087.xyz,/gpfs/scratch1/shared/schen3/benzoin-dg-restored/data/cross_benzoin/bde_homo_product_featurize_20260902/chunk_1286/geom.tar.zst,ald_xyz/a000066.xyz,0.2535180301970001,0.1053058704770038,0,0,,train
50598,50598,O=C(C(O)C(F)(F)C(OOCc1ccccc1)C(O)COOCc1ccccc1)C(F)(F)C(OOCc1ccccc1)C(O)COOCc1ccccc1,O=CC(F)(F)[C@H](OOCc1ccccc1)[C@H](O)COOCc1ccccc1,/gpfs/scratch1/shared/schen3/benzoin-dg-restored/data/cross_benzoin/bde_homo_product_featurize_20260902/chunk_0505/geom.tar.zst,xyz/p000098.xyz,/gpfs/scratch1/shared/schen3/benzoin-dg-restored/data/cross_benzoin/bde_homo_product_featurize_20260902/chunk_0505/geom.tar.zst,ald_xyz/a000053.xyz,0.5533891954260071,0.2563635955740011,0,0,,test
53457,53457,COc1ccc(-c2cc(C(=O)C(O)c3cc(-c4ccc(OC)c(CNC(=O)c5ccc(Cl)cc5Cl)c4)c(C)cc3F)c(F)cc2C)cc1CNC(=O)c1ccc(Cl)cc1Cl,COc1ccc(-c2cc(C=O)c(F)cc2C)cc1CNC(=O)c1ccc(Cl)cc1Cl,/gpfs/scratch1/shared/schen3/benzoin-dg-restored/data/cross_benzoin/bde_homo_product_featurize_20260902/chunk_0534/geom.tar.zst,xyz/p000057.xyz,/gpfs/scratch1/shared/schen3/benzoin-dg-restored/data/cross_benzoin/bde_homo_product_featurize_20260902/chunk_0534/geom.tar.zst,ald_xyz/a000059.xyz,0.5458313291040042,12.220165433453005,0,0,,train
120579,120579,CN1C(=O)C(CCC(=O)C(O)CCC2(c3ccccc3)C(=O)N(C)c3ccccc32)(c2ccccc2)c2ccccc21,CN1C(=O)[C@](CCC=O)(c2ccccc2)c2ccccc21,/gpfs/scratch1/shared/schen3/benzoin-dg-restored/data/cross_benzoin/bde_homo_product_featurize_20260902/chunk_1205/geom.tar.zst,xyz/p000079.xyz,/gpfs/scratch1/shared/schen3/benzoin-dg-restored/data/cross_benzoin/bde_homo_product_featurize_20260902/chunk_1205/geom.tar.zst,ald_xyz/a000048.xyz,0.4861191099619901,0.2270959115409994,0,0,,train
100496,100496,C=Cc1ccc2c(c1F)COC2C(=O)C(O)C1OCc2c1ccc(C=C)c2F,C=Cc1ccc2c(c1F)COC2C=O,/gpfs/scratch1/shared/schen3/benzoin-dg-restored/data/cross_benzoin/bde_homo_product_featurize_20260902/chunk_1004/geom.tar.zst,xyz/p000096.xyz,/gpfs/scratch1/shared/schen3/benzoin-dg-restored/data/cross_benzoin/bde_homo_product_featurize_20260902/chunk_1004/geom.tar.zst,ald_xyz/a000001.xyz,0.2496755015839937,0.1094458314429971,0,0,,train
147817,147817,O=C(c1ccncc1OCC(F)(F)F)C(O)c1ccncc1OCC(F)(F)F,O=Cc1ccncc1OCC(F)(F)F,/gpfs/scratch1/shared/schen3/benzoin-dg-restored/data/cross_benzoin/bde_homo_product_featurize_20260902/chunk_1478/geom.tar.zst,xyz/p000017.xyz,/gpfs/scratch1/shared/schen3/benzoin-dg-restored/data/cross_benzoin/bde_homo_product_featurize_20260902/chunk_1478/geom.tar.zst,ald_xyz/a000098.xyz,0.1747382515719948,0.0707851931049958,0,0,,train
24607,24607,COCOc1cccc(C(=O)C(O)c2cccc(OCOC)c2OC)c1OC,COCOc1cccc(C=O)c1OC,/gpfs/scratch1/shared/schen3/benzoin-dg-restored/data/cross_benzoin/bde_homo_product_featurize_20260902/chunk_0246/geom.tar.zst,xyz/p000007.xyz,/gpfs/scratch1/shared/schen3/benzoin-dg-restored/data/cross_benzoin/bde_homo_product_featurize_20260902/chunk_0246/geom.tar.zst,ald_xyz/a000039.xyz,0.3069002576179969,0.1373248501630044,0,0,,train
86398,86398,C=CC(=O)NC1Cc2c(C(=O)C(O)c3cccc4c3CC(NC(=O)C=C)CN4c3ccc(C(F)(F)F)cc3)cccc2N(c2ccc(C(F)(F)F)cc2)C1,C=CC(=O)NC1Cc2c(C=O)cccc2N(c2ccc(C(F)(F)F)cc2)C1,/gpfs/scratch1/shared/schen3/benzoin-dg-restored/data/cross_benzoin/bde_homo_product_featurize_20260902/chunk_0863/geom.tar.zst,xyz/p000098.xyz,/gpfs/scratch1/shared/schen3/benzoin-dg-restored/data/cross_benzoin/bde_homo_product_featurize_20260902/chunk_0863/geom.tar.zst,ald_xyz/a000000.xyz,0.5104201736619984,0.2333423953790117,0,0,,train
143211,143211,CCCn1nc(-c2ccc(OC)c(F)c2)c(C(=O)C(O)c2c(-c3ccc(OC)c(F)c3)nn(CCC)c2N)c1N,CCCn1nc(-c2ccc(OC)c(F)c2)c(C=O)c1N,/gpfs/scratch1/shared/schen3/benzoin-dg-restored/data/cross_benzoin/bde_homo_product_featurize_20260902/chunk_1432/geom.tar.zst,xyz/p000011.xyz,/gpfs/scratch1/shared/schen3/benzoin-dg-restored/data/cross_benzoin/bde_homo_product_featurize_20260902/chunk_1432/geom.tar.zst,ald_xyz/a000007.xyz,0.440333706614993,0.0665796314159976,0,0,,train
188887,188887,CC(C)(C)OC(=O)NCC=Cc1cc(F)c(C(=O)C(O)c2cc(F)c(C=CCNC(=O)OC(C)(C)C)cc2F)cc1F,CC(C)(C)OC(=O)NCC=Cc1cc(F)c(C=O)cc1F,/gpfs/scratch1/shared/schen3/benzoin-dg-restored/data/cross_benzoin/bde_homo_product_featurize_20260902/chunk_1888/geom.tar.zst,xyz/p000087.xyz,/gpfs/scratch1/shared/schen3/benzoin-dg-restored/data/cross_benzoin/bde_homo_product_featurize_20260902/chunk_1888/geom.tar.zst,ald_xyz/a000034.xyz,0.4395250330919964,0.2053217373039899,0,0,,train
78346,78346,CC(=O)Nc1ccc(N(C)CCC(C(=O)NCCc2cc(F)cc(Cl)c2)C(=O)C(O)C(CCN(C)c2ccc(NC(C)=O)nc2)C(=O)NCCc2cc(F)cc(Cl)c2)cn1,CC(=O)Nc1ccc(N(C)CCC(C=O)C(=O)NCCc2cc(F)cc(Cl)c2)cn1,/gpfs/scratch1/shared/schen3/benzoin-dg-restored/data/cross_benzoin/bde_homo_product_featurize_20260902/chunk_0783/geom.tar.zst,xyz/p000046.xyz,/gpfs/scratch1/shared/schen3/benzoin-dg-restored/data/cross_benzoin/bde_homo_product_featurize_20260902/chunk_0783/geom.tar.zst,ald_xyz/a000014.xyz,0.654321351166999,0.3121254169719947,0,0,,train
15435,15435,O=C(C(O)C(F)(F)Br)C(F)(F)Br,O=CC(F)(F)Br,/gpfs/scratch1/shared/schen3/benzoin-dg-restored/data/cross_benzoin/bde_homo_product_featurize_20260902/chunk_0154/geom.tar.zst,xyz/p000035.xyz,/gpfs/scratch1/shared/schen3/benzoin-dg-restored/data/cross_benzoin/bde_homo_product_featurize_20260902/chunk_0154/geom.tar.zst,ald_xyz/a000054.xyz,-0.0017229471209958,-0.0119423174940003,0,0,-5.567766331455439,test
94906,94906,Cc1cc(OS(=O)(=O)C(F)(F)F)c(C(=O)C(O)c2c(OS(=O)(=O)C(F)(F)F)cc(C)c3c2ccn3C(=O)OC(C)(C)C)c2ccn(C(=O)OC(C)(C)C)c12,Cc1cc(OS(=O)(=O)C(F)(F)F)c(C=O)c2ccn(C(=O)OC(C)(C)C)c12,/gpfs/scratch1/shared/schen3/benzoin-dg-restored/data/cross_benzoin/bde_homo_product_featurize_20260902/chunk_0949/geom.tar.zst,xyz/p000006.xyz,/gpfs/scratch1/shared/schen3/benzoin-dg-restored/data/cross_benzoin/bde_homo_product_featurize_20260902/chunk_0949/geom.tar.zst,ald_xyz/a000051.xyz,0.4586698234429889,0.2061795209990009,0,0,,train
180789,180789,O=C(c1c(C(F)(F)F)cnc(OC(F)(F)F)c1O)C(O)c1c(C(F)(F)F)cnc(OC(F)(F)F)c1O,O=Cc1c(C(F)(F)F)cnc(OC(F)(F)F)c1O,/gpfs/scratch1/shared/schen3/benzoin-dg-restored/data/cross_benzoin/bde_homo_product_featurize_20260902/chunk_1807/geom.tar.zst,xyz/p000089.xyz,/gpfs/scratch1/shared/schen3/benzoin-dg-restored/data/cross_benzoin/bde_homo_product_featurize_20260902/chunk_1807/geom.tar.zst,ald_xyz/a000054.xyz,0.1114246916840073,0.0453657062450005,0,0,,train
128045,128045,O=C(COC(=O)c1ccc(C(=O)C(O)c2ccc(C(=O)OCC(=O)NCCc3ccccc3F)cc2)cc1)NCCc1ccccc1F,O=Cc1ccc(C(=O)OCC(=O)NCCc2ccccc2F)cc1,/gpfs/scratch1/shared/schen3/benzoin-dg-restored/data/cross_benzoin/bde_homo_product_featurize_20260902/chunk_1280/geom.tar.zst,xyz/p000045.xyz,/gpfs/scratch1/shared/schen3/benzoin-dg-restored/data/cross_benzoin/bde_homo_product_featurize_20260902/chunk_1280/geom.tar.zst,ald_xyz/a000065.xyz,0.4538711314289969,0.2106498881969969,0,0,,validation
93312,93312,C=CC=C(C=CC)Nc1cccc(N(C)Cc2cc(Nc3ccncc3)cc(F)c2C(=O)C(O)c2c(F)cc(Nc3ccncc3)cc2CN(C)c2cccc(NC(C=CC)=CC=C)c2)c1,C=C/C=C(\C=C/C)Nc1cccc(N(C)Cc2cc(Nc3ccncc3)cc(F)c2C=O)c1,/gpfs/scratch1/shared/schen3/benzoin-dg-restored/data/cross_benzoin/bde_homo_product_featurize_20260902/chunk_0933/geom.tar.zst,xyz/p000012.xyz,/gpfs/scratch1/shared/schen3/benzoin-dg-restored/data/cross_benzoin/bde_homo_product_featurize_20260902/chunk_0933/geom.tar.zst,ald_xyz/a000005.xyz,0.7679924316780102,0.3637011250060027,0,0,4.485225105381465,validation
108364,108364,Cc1cc(C)cc(NC(=O)COc2ccccc2C(=O)C(O)c2ccccc2OCC(=O)Nc2cc(C)cc(C)c2)c1,Cc1cc(C)cc(NC(=O)COc2ccccc2C=O)c1,/gpfs/scratch1/shared/schen3/benzoin-dg-restored/data/cross_benzoin/bde_homo_product_featurize_20260902/chunk_1083/geom.tar.zst,xyz/p000064.xyz,/gpfs/scratch1/shared/schen3/benzoin-dg-restored/data/cross_benzoin/bde_homo_product_featurize_20260902/chunk_1083/geom.tar.zst,ald_xyz/a000049.xyz,0.4777237371639984,17.35155383451,0,0,,train
50182,50182,O=C(O)C(C(=O)C(O)C(C(=O)O)c1cccc(C(F)(F)F)c1C(F)(F)F)c1cccc(C(F)(F)F)c1C(F)(F)F,O=CC(C(=O)O)c1cccc(C(F)(F)F)c1C(F)(F)F,/gpfs/scratch1/shared/schen3/benzoin-dg-restored/data/cross_benzoin/bde_homo_product_featurize_20260902/chunk_0501/geom.tar.zst,xyz/p000082.xyz,/gpfs/scratch1/shared/schen3/benzoin-dg-restored/data/cross_benzoin/bde_homo_product_featurize_20260902/chunk_0501/geom.tar.zst,ald_xyz/a000066.xyz,0.1881532387199911,0.0735928301539985,0,0,,train
23224,23224,Cc1ccc(S(=O)(=O)CCC(=O)C(O)CCS(=O)(=O)c2ccc(C)cc2)cc1,Cc1ccc(S(=O)(=O)CCC=O)cc1,/gpfs/scratch1/shared/schen3/benzoin-dg-restored/data/cross_benzoin/bde_homo_product_featurize_20260902/chunk_0232/geom.tar.zst,xyz/p000024.xyz,/gpfs/scratch1/shared/schen3/benzoin-dg-restored/data/cross_benzoin/bde_homo_product_featurize_20260902/chunk_0232/geom.tar.zst,ald_xyz/a000058.xyz,0.2921904832180075,0.127091190408997,0,0,,train
163233,163233,CCNC(=O)CCOc1cc(F)cc(C(=O)C(O)c2cc(F)cc(OCCC(=O)NCC)c2)c1,CCNC(=O)CCOc1cc(F)cc(C=O)c1,/gpfs/scratch1/shared/schen3/benzoin-dg-restored/data/cross_benzoin/bde_homo_product_featurize_20260902/chunk_1632/geom.tar.zst,xyz/p000033.xyz,/gpfs/scratch1/shared/schen3/benzoin-dg-restored/data/cross_benzoin/bde_homo_product_featurize_20260902/chunk_1632/geom.tar.zst,ald_xyz/a000023.xyz,0.3660692660999984,0.1613187072040034,0,0,,train
56476,56476,O=C(c1nc(-c2ccc(OC(F)(F)F)cc2)no1)C(O)c1nc(-c2ccc(OC(F)(F)F)cc2)no1,O=Cc1nc(-c2ccc(OC(F)(F)F)cc2)no1,/gpfs/scratch1/shared/schen3/benzoin-dg-restored/data/cross_benzoin/bde_homo_product_featurize_20260902/chunk_0564/geom.tar.zst,xyz/p000076.xyz,/gpfs/scratch1/shared/schen3/benzoin-dg-restored/data/cross_benzoin/bde_homo_product_featurize_20260902/chunk_0564/geom.tar.zst,ald_xyz/a000099.xyz,0.173304032390007,0.0727972907169984,0,0,,train
103991,103991,CC1=C(C(F)(F)F)C(O)=C(Cl)C(C(=O)C(O)C2C(Cl)=C(O)C(C(F)(F)F)=C(C)N2c2ccnc(Cl)c2)N1c1ccnc(Cl)c1,CC1=C(C(F)(F)F)C(O)=C(Cl)C(C=O)N1c1ccnc(Cl)c1,/gpfs/scratch1/shared/schen3/benzoin-dg-restored/data/cross_benzoin/bde_homo_product_featurize_20260902/chunk_1039/geom.tar.zst,xyz/p000091.xyz,/gpfs/scratch1/shared/schen3/benzoin-dg-restored/data/cross_benzoin/bde_homo_product_featurize_20260902/chunk_1039/geom.tar.zst,ald_xyz/a000012.xyz,0.267437165065985,0.1154232714110037,0,0,,train
126630,126630,COc1ccc(-c2[nH]c3c(F)cc(F)cc3c2C(=O)C(O)c2c(-c3ccc(OC)c(C)c3)[nH]c3c(F)cc(F)cc23)cc1C,COc1ccc(-c2[nH]c3c(F)cc(F)cc3c2C=O)cc1C,/gpfs/scratch1/shared/schen3/benzoin-dg-restored/data/cross_benzoin/bde_homo_product_featurize_20260902/chunk_1266/geom.tar.zst,xyz/p000030.xyz,/gpfs/scratch1/shared/schen3/benzoin-dg-restored/data/cross_benzoin/bde_homo_product_featurize_20260902/chunk_1266/geom.tar.zst,ald_xyz/a000026.xyz,0.400744421498004,3.4971558499709943,0,0,,train
200301,200301,CCOC(=O)c1c(O)cc(OC)c(C(=O)C(O)c2c(OC)cc(O)c(C(=O)OCC)c2C)c1C,CCOC(=O)c1c(O)cc(OC)c(C=O)c1C,/gpfs/scratch1/shared/schen3/benzoin-dg-restored/data/cross_benzoin/bde_homo_product_featurize_20260902/chunk_2003/geom.tar.zst,xyz/p000001.xyz,/gpfs/scratch1/shared/schen3/benzoin-dg-restored/data/cross_benzoin/bde_homo_product_featurize_20260902/chunk_2003/geom.tar.zst,ald_xyz/a000022.xyz,0.3656120686089963,37.81627618830501,0,0,,train
181291,181291,Nc1cc(=O)[nH]c(Sc2ccc(C(=O)C(O)c3ccc(Sc4nc(N)cc(=O)[nH]4)cc3C(F)(F)F)c(C(F)(F)F)c2)n1,Nc1cc(=O)[nH]c(Sc2ccc(C=O)c(C(F)(F)F)c2)n1,/gpfs/scratch1/shared/schen3/benzoin-dg-restored/data/cross_benzoin/bde_homo_product_featurize_20260902/chunk_1812/geom.tar.zst,xyz/p000091.xyz,/gpfs/scratch1/shared/schen3/benzoin-dg-restored/data/cross_benzoin/bde_homo_product_featurize_20260902/chunk_1812/geom.tar.zst,ald_xyz/a000040.xyz,0.2283598264099851,0.0996292676569936,0,0,,train
15725,15725,CC(C)C(=O)NC(C(=O)NC(Cc1ccccc1)C(=O)C(O)C(Cc1ccccc1)NC(=O)C(NC(=O)C(C)C)C(C)C)C(C)C,CC(C)C(=O)N[C@H](C(=O)N[C@H](C=O)Cc1ccccc1)C(C)C,/gpfs/scratch1/shared/schen3/benzoin-dg-restored/data/cross_benzoin/bde_homo_product_featurize_20260902/chunk_0157/geom.tar.zst,xyz/p000025.xyz,/gpfs/scratch1/shared/schen3/benzoin-dg-restored/data/cross_benzoin/bde_homo_product_featurize_20260902/chunk_0157/geom.tar.zst,ald_xyz/a000007.xyz,0.6858100949229993,0.315102197784995,0,0,,train
73973,73973,O=C(c1ccc2c(c1)CC(c1cccc(C(F)(F)F)c1)O2)C(O)c1ccc2c(c1)CC(c1cccc(C(F)(F)F)c1)O2,O=Cc1ccc2c(c1)CC(c1cccc(C(F)(F)F)c1)O2,/gpfs/scratch1/shared/schen3/benzoin-dg-restored/data/cross_benzoin/bde_homo_product_featurize_20260902/chunk_0739/geom.tar.zst,xyz/p000073.xyz,/gpfs/scratch1/shared/schen3/benzoin-dg-restored/data/cross_benzoin/bde_homo_product_featurize_20260902/chunk_0739/geom.tar.zst,ald_xyz/a000088.xyz,0.3380936709010029,0.152672987014995,0,0,,train
6302,6302,COc1ccc(F)c(OC)c1C(=O)C(O)c1c(OC)ccc(F)c1OC,COc1ccc(F)c(OC)c1C=O,/gpfs/scratch1/shared/schen3/benzoin-dg-restored/data/cross_benzoin/bde_homo_product_featurize_20260902/chunk_0063/geom.tar.zst,xyz/p000002.xyz,/gpfs/scratch1/shared/schen3/benzoin-dg-restored/data/cross_benzoin/bde_homo_product_featurize_20260902/chunk_0063/geom.tar.zst,ald_xyz/a000043.xyz,0.2366616210920114,0.1004455700020017,0,0,,train
21942,21942,O=C(c1ncccc1-c1ccccc1)C(O)c1ncccc1-c1ccccc1,O=Cc1ncccc1-c1ccccc1,/gpfs/scratch1/shared/schen3/benzoin-dg-restored/data/cross_benzoin/bde_homo_product_featurize_20260902/chunk_0219/geom.tar.zst,xyz/p000042.xyz,/gpfs/scratch1/shared/schen3/benzoin-dg-restored/data/cross_benzoin/bde_homo_product_featurize_20260902/chunk_0219/geom.tar.zst,ald_xyz/a000099.xyz,0.2620691963609971,0.1163395680049959,0,0,,train
117094,117094,C=CCc1ccc2c(c1)OC(C(=O)C(O)C1Oc3ccc(CC=C)cc3O1)O2,C=CCc1ccc2c(c1)OC(C=O)O2,/gpfs/scratch1/shared/schen3/benzoin-dg-restored/data/cross_benzoin/bde_homo_product_featurize_20260902/chunk_1170/geom.tar.zst,xyz/p000094.xyz,/gpfs/scratch1/shared/schen3/benzoin-dg-restored/data/cross_benzoin/bde_homo_product_featurize_20260902/chunk_1170/geom.tar.zst,ald_xyz/a000001.xyz,0.2734353006079999,0.1202599305100022,0,0,,train
174543,174543,O=C(c1cc(C(F)F)c(F)c(F)n1)C(O)c1cc(C(F)F)c(F)c(F)n1,O=Cc1cc(C(F)F)c(F)c(F)n1,/gpfs/scratch1/shared/schen3/benzoin-dg-restored/data/cross_benzoin/bde_homo_product_featurize_20260902/chunk_1745/geom.tar.zst,xyz/p000043.xyz,/gpfs/scratch1/shared/schen3/benzoin-dg-restored/data/cross_benzoin/bde_homo_product_featurize_20260902/chunk_1745/geom.tar.zst,ald_xyz/a000051.xyz,0.1007111004699936,-1.798107990856998,0,0,,train
30942,30942,NC(=O)c1ncc(-c2cccc(C(F)(F)F)c2)c2cc(C(=O)C(O)c3cc4c(-c5cccc(C(F)(F)F)c5)cnc(C(N)=O)c4s3)sc12,NC(=O)c1ncc(-c2cccc(C(F)(F)F)c2)c2cc(C=O)sc12,/gpfs/scratch1/shared/schen3/benzoin-dg-restored/data/cross_benzoin/bde_homo_product_featurize_20260902/chunk_0309/geom.tar.zst,xyz/p000042.xyz,/gpfs/scratch1/shared/schen3/benzoin-dg-restored/data/cross_benzoin/bde_homo_product_featurize_20260902/chunk_0309/geom.tar.zst,ald_xyz/a000036.xyz,0.288103368731015,0.1244460182739999,0,0,,train
115207,115207,CCOc1cc(Br)c(O)c(C(=O)C(O)c2cc(OCC)cc(Br)c2O)c1,CCOc1cc(Br)c(O)c(C=O)c1,/gpfs/scratch1/shared/schen3/benzoin-dg-restored/data/cross_benzoin/bde_homo_product_featurize_20260902/chunk_1152/geom.tar.zst,xyz/p000007.xyz,/gpfs/scratch1/shared/schen3/benzoin-dg-restored/data/cross_benzoin/bde_homo_product_featurize_20260902/chunk_1152/geom.tar.zst,ald_xyz/a000041.xyz,0.2168115770080021,0.0931918584529967,0,0,,train
189197,189197,CC(=O)SCC#Cc1cccc(C(=O)C(O)c2cccc(C#CCSC(C)=O)c2F)c1F,CC(=O)SCC#Cc1cccc(C=O)c1F,/gpfs/scratch1/shared/schen3/benzoin-dg-restored/data/cross_benzoin/bde_homo_product_featurize_20260902/chunk_1891/geom.tar.zst,xyz/p000097.xyz,/gpfs/scratch1/shared/schen3/benzoin-dg-restored/data/cross_benzoin/bde_homo_product_featurize_20260902/chunk_1891/geom.tar.zst,ald_xyz/a000009.xyz,0.2276768204939969,0.0982552012919981,0,0,,train
93323,93323,CC(C)N1CCN(CC(CN)(C(=O)C(O)C(CN)(CN2CCN(C(C)C)CC2)c2ccc(F)cc2)c2ccc(F)cc2)CC1,CC(C)N1CCN(CC(C=O)(CN)c2ccc(F)cc2)CC1,/gpfs/scratch1/shared/schen3/benzoin-dg-restored/data/cross_benzoin/bde_homo_product_featurize_20260902/chunk_0933/geom.tar.zst,xyz/p000023.xyz,/gpfs/scratch1/shared/schen3/benzoin-dg-restored/data/cross_benzoin/bde_homo_product_featurize_20260902/chunk_0933/geom.tar.zst,ald_xyz/a000011.xyz,0.6918734118399925,0.3274603226779931,0,0,,train
100961,100961,COc1cccc(OC)c1C1CCCC(C(=O)C(O)C2CCCC(c3c(OC)cccc3OC)N2Cc2ccc(C(F)(F)F)cc2)N1Cc1ccc(C(F)(F)F)cc1,COc1cccc(OC)c1C1CCCC(C=O)N1Cc1ccc(C(F)(F)F)cc1,/gpfs/scratch1/shared/schen3/benzoin-dg-restored/data/cross_benzoin/bde_homo_product_featurize_20260902/chunk_1009/geom.tar.zst,xyz/p000061.xyz,/gpfs/scratch1/shared/schen3/benzoin-dg-restored/data/cross_benzoin/bde_homo_product_featurize_20260902/chunk_1009/geom.tar.zst,ald_xyz/a000057.xyz,0.6945328594700015,0.324585851006006,0,0,,train
214407,214407,Cc1ccc(C(C)(C)CC(=O)C(O)CC(C)(C)c2ccc(C)cc2OCc2ccccc2)c(OCc2ccccc2)c1,Cc1ccc(C(C)(C)CC=O)c(OCc2ccccc2)c1,/gpfs/scratch1/shared/schen3/benzoin-dg-restored/data/cross_benzoin/bde_homo_product_featurize_20260902/chunk_2144/geom.tar.zst,xyz/p000007.xyz,/gpfs/scratch1/shared/schen3/benzoin-dg-restored/data/cross_benzoin/bde_homo_product_featurize_20260902/chunk_2144/geom.tar.zst,ald_xyz/a000063.xyz,0.6001966917790043,-6.5788602728,0,0,,train
99666,99666,CCC1COC(C(=O)C(O)C2OCC(CC)N2c2nc(-c3ccc(Br)cc3)c(F)s2)N1c1nc(-c2ccc(Br)cc2)c(F)s1,CC[C@H]1COC(C=O)N1c1nc(-c2ccc(Br)cc2)c(F)s1,/gpfs/scratch1/shared/schen3/benzoin-dg-restored/data/cross_benzoin/bde_homo_product_featurize_20260902/chunk_0996/geom.tar.zst,xyz/p000066.xyz,/gpfs/scratch1/shared/schen3/benzoin-dg-restored/data/cross_benzoin/bde_homo_product_featurize_20260902/chunk_0996/geom.tar.zst,ald_xyz/a000034.xyz,0.3986744765900027,0.1768849587409988,0,0,,train
89933,89933,Cn1cc(-c2ccnn3cc(C(=O)C(O)c4cn5nccc(-c6cn(C)nc6-c6ccc(F)cc6)c5n4)nc23)c(-c2ccc(F)cc2)n1,Cn1cc(-c2ccnn3cc(C=O)nc23)c(-c2ccc(F)cc2)n1,/gpfs/scratch1/shared/schen3/benzoin-dg-restored/data/cross_benzoin/bde_homo_product_featurize_20260902/chunk_0899/geom.tar.zst,xyz/p000033.xyz,/gpfs/scratch1/shared/schen3/benzoin-dg-restored/data/cross_benzoin/bde_homo_product_featurize_20260902/chunk_0899/geom.tar.zst,ald_xyz/a000067.xyz,0.3886845241609933,0.1757971611900046,0,0,,validation
188092,188092,O=C(c1ccc(-c2ccccc2OC(F)(F)C(F)F)o1)C(O)c1ccc(-c2ccccc2OC(F)(F)C(F)F)o1,O=Cc1ccc(-c2ccccc2OC(F)(F)C(F)F)o1,/gpfs/scratch1/shared/schen3/benzoin-dg-restored/data/cross_benzoin/bde_homo_product_featurize_20260902/chunk_1880/geom.tar.zst,xyz/p000092.xyz,/gpfs/scratch1/shared/schen3/benzoin-dg-restored/data/cross_benzoin/bde_homo_product_featurize_20260902/chunk_1880/geom.tar.zst,ald_xyz/a000099.xyz,0.2528555247770043,0.111748929158999,0,0,,train
164438,164438,CC(C)n1c(CC(=O)C(O)Cc2cc3ccc(F)cc3n2C(C)C)cc2ccc(F)cc21,CC(C)n1c(CC=O)cc2ccc(F)cc21,/gpfs/scratch1/shared/schen3/benzoin-dg-restored/data/cross_benzoin/bde_homo_product_featurize_20260902/chunk_1644/geom.tar.zst,xyz/p000038.xyz,/gpfs/scratch1/shared/schen3/benzoin-dg-restored/data/cross_benzoin/bde_homo_product_featurize_20260902/chunk_1644/geom.tar.zst,ald_xyz/a000005.xyz,0.3838556811929976,0.1733187884120042,0,0,,train
47451,47451,O=C1C=C(c2ccc3ncnc(Nc4ccc(OCc5cccc(F)c5)c(F)c4)c3c2)OC1C(=O)C(O)C1OC(c2ccc3ncnc(Nc4ccc(OCc5cccc(F)c5)c(F)c4)c3c2)=CC1=O,O=CC1OC(c2ccc3ncnc(Nc4ccc(OCc5cccc(F)c5)c(F)c4)c3c2)=CC1=O,/gpfs/scratch1/shared/schen3/benzoin-dg-restored/data/cross_benzoin/bde_homo_product_featurize_20260902/chunk_0474/geom.tar.zst,xyz/p000051.xyz,/gpfs/scratch1/shared/schen3/benzoin-dg-restored/data/cross_benzoin/bde_homo_product_featurize_20260902/chunk_0474/geom.tar.zst,ald_xyz/a000071.xyz,0.5655507913349993,0.2585223923260002,0,0,,test
154411,154411,O=C(c1ccc(-c2c(F)ccc(Br)c2F)cc1Cl)C(O)c1ccc(-c2c(F)ccc(Br)c2F)cc1Cl,O=Cc1ccc(-c2c(F)ccc(Br)c2F)cc1Cl,/gpfs/scratch1/shared/schen3/benzoin-dg-restored/data/cross_benzoin/bde_homo_product_featurize_20260902/chunk_1544/geom.tar.zst,xyz/p000011.xyz,/gpfs/scratch1/shared/schen3/benzoin-dg-restored/data/cross_benzoin/bde_homo_product_featurize_20260902/chunk_1544/geom.tar.zst,ald_xyz/a000077.xyz,0.1868812447889922,0.0776698347759961,0,0,,train
142431,142431,O=C(c1cnc(-c2ccccc2F)o1)C(O)c1cnc(-c2ccccc2F)o1,O=Cc1cnc(-c2ccccc2F)o1,/gpfs/scratch1/shared/schen3/benzoin-dg-restored/data/cross_benzoin/bde_homo_product_featurize_20260902/chunk_1424/geom.tar.zst,xyz/p000031.xyz,/gpfs/scratch1/shared/schen3/benzoin-dg-restored/data/cross_benzoin/bde_homo_product_featurize_20260902/chunk_1424/geom.tar.zst,ald_xyz/a000098.xyz,0.1834105070699934,0.0765690870830013,0,0,,train
29995,29995,CCC(=C(c1ccc(F)cc1)c1ccc(C(=O)C(O)c2ccc(C(=C(CC)c3ccccc3)c3ccc(F)cc3)cc2)cc1)c1ccccc1,CC/C(=C(\c1ccc(F)cc1)c1ccc(C=O)cc1)c1ccccc1,/gpfs/scratch1/shared/schen3/benzoin-dg-restored/data/cross_benzoin/bde_homo_product_featurize_20260902/chunk_0299/geom.tar.zst,xyz/p000095.xyz,/gpfs/scratch1/shared/schen3/benzoin-dg-restored/data/cross_benzoin/bde_homo_product_featurize_20260902/chunk_0299/geom.tar.zst,ald_xyz/a000015.xyz,0.553550673323997,0.2609334842459958,0,0,,train
207312,207312,CCc1c(C(=O)OC(C)(C)C)[nH]c(C(=O)C(O)c2[nH]c(C(=O)OC(C)(C)C)c(CC)c2-c2ccc(C#N)cc2)c1-c1ccc(C#N)cc1,CCc1c(C(=O)OC(C)(C)C)[nH]c(C=O)c1-c1ccc(C#N)cc1,/gpfs/scratch1/shared/schen3/benzoin-dg-restored/data/cross_benzoin/bde_homo_product_featurize_20260902/chunk_2073/geom.tar.zst,xyz/p000012.xyz,/gpfs/scratch1/shared/schen3/benzoin-dg-restored/data/cross_benzoin/bde_homo_product_featurize_20260902/chunk_2073/geom.tar.zst,ald_xyz/a000040.xyz,0.5591715261170123,0.2559709088380089,0,0,,train
152970,152970,O=C(c1cn(Cc2cncc(F)c2)c2ncccc12)C(O)c1cn(Cc2cncc(F)c2)c2ncccc12,O=Cc1cn(Cc2cncc(F)c2)c2ncccc12,/gpfs/scratch1/shared/schen3/benzoin-dg-restored/data/cross_benzoin/bde_homo_product_featurize_20260902/chunk_1529/geom.tar.zst,xyz/p000070.xyz,/gpfs/scratch1/shared/schen3/benzoin-dg-restored/data/cross_benzoin/bde_homo_product_featurize_20260902/chunk_1529/geom.tar.zst,ald_xyz/a000094.xyz,0.3177338729310008,0.1386286013689996,0,0,,validation
96322,96322,CCOC(Cc1ccc(F)cc1C#N)C(=O)C(O)C(Cc1ccc(F)cc1C#N)OCC,CCOC(C=O)Cc1ccc(F)cc1C#N,/gpfs/scratch1/shared/schen3/benzoin-dg-restored/data/cross_benzoin/bde_homo_product_featurize_20260902/chunk_0963/geom.tar.zst,xyz/p000022.xyz,/gpfs/scratch1/shared/schen3/benzoin-dg-restored/data/cross_benzoin/bde_homo_product_featurize_20260902/chunk_0963/geom.tar.zst,ald_xyz/a000019.xyz,0.3230878226970048,0.1441853130849963,0,0,,train
11905,11905,CCCC1(C(=O)C(O)C2(CCC)CCCCC2)CCCCC1,CCCC1(C=O)CCCCC1,/gpfs/scratch1/shared/schen3/benzoin-dg-restored/data/cross_benzoin/bde_homo_product_featurize_20260902/chunk_0119/geom.tar.zst,xyz/p000005.xyz,/gpfs/scratch1/shared/schen3/benzoin-dg-restored/data/cross_benzoin/bde_homo_product_featurize_20260902/chunk_0119/geom.tar.zst,ald_xyz/a000017.xyz,0.4499244225650045,0.2080138265549962,0,0,13.63614664158404,train
89443,89443,O=C(c1sc(C(F)(F)C(F)(F)F)cc1O)C(O)c1sc(C(F)(F)C(F)(F)F)cc1O,O=Cc1sc(C(F)(F)C(F)(F)F)cc1O,/gpfs/scratch1/shared/schen3/benzoin-dg-restored/data/cross_benzoin/bde_homo_product_featurize_20260902/chunk_0894/geom.tar.zst,xyz/p000043.xyz,/gpfs/scratch1/shared/schen3/benzoin-dg-restored/data/cross_benzoin/bde_homo_product_featurize_20260902/chunk_0894/geom.tar.zst,ald_xyz/a000099.xyz,0.0902979944680026,0.0326777075270001,0,0,,train
144680,144680,O=C(c1ncc2ccc(F)cn12)C(O)c1ncc2ccc(F)cn12,O=Cc1ncc2ccc(F)cn12,/gpfs/scratch1/shared/schen3/benzoin-dg-restored/data/cross_benzoin/bde_homo_product_featurize_20260902/chunk_1446/geom.tar.zst,xyz/p000080.xyz,/gpfs/scratch1/shared/schen3/benzoin-dg-restored/data/cross_benzoin/bde_homo_product_featurize_20260902/chunk_1446/geom.tar.zst,ald_xyz/a000093.xyz,0.1521723596350028,0.0624930017309992,0,0,,train
10567,10567,O=C(C(O)C1(c2ccc(Br)cc2)CC1)C1(c2ccc(Br)cc2)CC1,O=CC1(c2ccc(Br)cc2)CC1,/gpfs/scratch1/shared/schen3/benzoin-dg-restored/data/cross_benzoin/bde_homo_product_featurize_20260902/chunk_0105/geom.tar.zst,xyz/p000067.xyz,/gpfs/scratch1/shared/schen3/benzoin-dg-restored/data/cross_benzoin/bde_homo_product_featurize_20260902/chunk_0105/geom.tar.zst,ald_xyz/a000068.xyz,0.2308092533819916,0.0970459622429942,0,0,,train
6459,6459,O=C(c1ccc(OCc2c(F)cccc2Cl)cc1)C(O)c1ccc(OCc2c(F)cccc2Cl)cc1,O=Cc1ccc(OCc2c(F)cccc2Cl)cc1,/gpfs/scratch1/shared/schen3/benzoin-dg-restored/data/cross_benzoin/bde_homo_product_featurize_20260902/chunk_0064/geom.tar.zst,xyz/p000059.xyz,/gpfs/scratch1/shared/schen3/benzoin-dg-restored/data/cross_benzoin/bde_homo_product_featurize_20260902/chunk_0064/geom.tar.zst,ald_xyz/a000081.xyz,0.2857642481679932,0.1294628254879981,0,0,,train
119738,119738,Cn1c(-c2ccccc2)nc(Br)c1C(=O)C(O)c1c(Br)nc(-c2ccccc2)n1C,Cn1c(-c2ccccc2)nc(Br)c1C=O,/gpfs/scratch1/shared/schen3/benzoin-dg-restored/data/cross_benzoin/bde_homo_product_featurize_20260902/chunk_1197/geom.tar.zst,xyz/p000038.xyz,/gpfs/scratch1/shared/schen3/benzoin-dg-restored/data/cross_benzoin/bde_homo_product_featurize_20260902/chunk_1197/geom.tar.zst,ald_xyz/a000080.xyz,0.2489218188739954,0.1075294639380004,0,0,,train
128843,128843,COc1cc(C(=O)C(O)c2ccc(Oc3nc(C(F)(F)F)nc4ccccc34)c(OC)c2)ccc1Oc1nc(C(F)(F)F)nc2ccccc12,COc1cc(C=O)ccc1Oc1nc(C(F)(F)F)nc2ccccc12,/gpfs/scratch1/shared/schen3/benzoin-dg-restored/data/cross_benzoin/bde_homo_product_featurize_20260902/chunk_1288/geom.tar.zst,xyz/p000043.xyz,/gpfs/scratch1/shared/schen3/benzoin-dg-restored/data/cross_benzoin/bde_homo_product_featurize_20260902/chunk_1288/geom.tar.zst,ald_xyz/a000040.xyz,0.3556785628330203,0.1622859616030041,0,0,,train
89187,89187,CN(C)C(C)(Oc1ccc(-c2nnc(C(F)F)o2)cc1C(=O)C(O)c1cc(-c2nnc(C(F)F)o2)ccc1OC(C)(c1ccc(F)cc1)N(C)C)c1ccc(F)cc1,CN(C)C(C)(Oc1ccc(-c2nnc(C(F)F)o2)cc1C=O)c1ccc(F)cc1,/gpfs/scratch1/shared/schen3/benzoin-dg-restored/data/cross_benzoin/bde_homo_product_featurize_20260902/chunk_0891/geom.tar.zst,xyz/p000087.xyz,/gpfs/scratch1/shared/schen3/benzoin-dg-restored/data/cross_benzoin/bde_homo_product_featurize_20260902/chunk_0891/geom.tar.zst,ald_xyz/a000024.xyz,0.5462168903460167,0.2483070304710111,0,0,,validation
6045,6045,CCOC(=O)c1ncccc1C(=O)C(O)c1cccnc1C(=O)OCC,CCOC(=O)c1ncccc1C=O,/gpfs/scratch1/shared/schen3/benzoin-dg-restored/data/cross_benzoin/bde_homo_product_featurize_20260902/chunk_0060/geom.tar.zst,xyz/p000045.xyz,/gpfs/scratch1/shared/schen3/benzoin-dg-restored/data/cross_benzoin/bde_homo_product_featurize_20260902/chunk_0060/geom.tar.zst,ald_xyz/a000013.xyz,0.2326253257520107,-1.3973651605070003,0,0,,train
192046,192046,CC(=O)c1cc(OC(F)F)c(Br)cc1C(=O)C(O)c1cc(Br)c(OC(F)F)cc1C(C)=O,CC(=O)c1cc(OC(F)F)c(Br)cc1C=O,/gpfs/scratch1/shared/schen3/benzoin-dg-restored/data/cross_benzoin/bde_homo_product_featurize_20260902/chunk_1920/geom.tar.zst,xyz/p000046.xyz,/gpfs/scratch1/shared/schen3/benzoin-dg-restored/data/cross_benzoin/bde_homo_product_featurize_20260902/chunk_1920/geom.tar.zst,ald_xyz/a000062.xyz,0.187464841749005,0.0778132586660049,0,0,5.776822486001371,train
135495,135495,Cc1nn(Cc2cccc(F)c2)cc1C(=O)C(O)c1cn(Cc2cccc(F)c2)nc1C,Cc1nn(Cc2cccc(F)c2)cc1C=O,/gpfs/scratch1/shared/schen3/benzoin-dg-restored/data/cross_benzoin/bde_homo_product_featurize_20260902/chunk_1354/geom.tar.zst,xyz/p000095.xyz,/gpfs/scratch1/shared/schen3/benzoin-dg-restored/data/cross_benzoin/bde_homo_product_featurize_20260902/chunk_1354/geom.tar.zst,ald_xyz/a000044.xyz,0.3014859441589976,0.135968595889004,0,0,,train
39268,39268,CCC(CC)n1nc(C(F)(F)F)c(C(=O)C(O)c2c(C(F)(F)F)nn(C(CC)CC)c2Cl)c1Cl,CCC(CC)n1nc(C(F)(F)F)c(C=O)c1Cl,/gpfs/scratch1/shared/schen3/benzoin-dg-restored/data/cross_benzoin/bde_homo_product_featurize_20260902/chunk_0392/geom.tar.zst,xyz/p000068.xyz,/gpfs/scratch1/shared/schen3/benzoin-dg-restored/data/cross_benzoin/bde_homo_product_featurize_20260902/chunk_0392/geom.tar.zst,ald_xyz/a000009.xyz,0.3175299066460013,0.1432055130980032,0,0,,train
125555,125555,CC(C)(C)c1cc(C(C)(C)C)c(C(=O)C(O)c2c(C(C)(C)C)cc(C(C)(C)C)c3c2OCCO3)c2c1OCCO2,CC(C)(C)c1cc(C(C)(C)C)c2c(c1C=O)OCCO2,/gpfs/scratch1/shared/schen3/benzoin-dg-restored/data/cross_benzoin/bde_homo_product_featurize_20260902/chunk_1255/geom.tar.zst,xyz/p000055.xyz,/gpfs/scratch1/shared/schen3/benzoin-dg-restored/data/cross_benzoin/bde_homo_product_featurize_20260902/chunk_1255/geom.tar.zst,ald_xyz/a000011.xyz,0.6421057730130002,-20.461594559825,0,0,,train
120081,120081,CCCCSC(C(=O)OC)C(=O)C(O)C(SCCCC)C(=O)OC,CCCCSC(C=O)C(=O)OC,/gpfs/scratch1/shared/schen3/benzoin-dg-restored/data/cross_benzoin/bde_homo_product_featurize_20260902/chunk_1200/geom.tar.zst,xyz/p000081.xyz,/gpfs/scratch1/shared/schen3/benzoin-dg-restored/data/cross_benzoin/bde_homo_product_featurize_20260902/chunk_1200/geom.tar.zst,ald_xyz/a000036.xyz,0.3159510463639918,0.1427033512269986,0,0,0.2603589204721406,test
146070,146070,O=C(CC1CCCCCN1CC(F)F)C(O)CC1CCCCCN1CC(F)F,O=CCC1CCCCCN1CC(F)F,/gpfs/scratch1/shared/schen3/benzoin-dg-restored/data/cross_benzoin/bde_homo_product_featurize_20260902/chunk_1460/geom.tar.zst,xyz/p000070.xyz,/gpfs/scratch1/shared/schen3/benzoin-dg-restored/data/cross_benzoin/bde_homo_product_featurize_20260902/chunk_1460/geom.tar.zst,ald_xyz/a000074.xyz,0.430213382623009,0.1987390110719999,0,0,,train
214142,214142,Cc1cccc(Nc2ncc(C(=O)C(O)c3cnc(Nc4cccc(C)c4)nc3)cn2)c1,Cc1cccc(Nc2ncc(C=O)cn2)c1,/gpfs/scratch1/shared/schen3/benzoin-dg-restored/data/cross_benzoin/bde_homo_product_featurize_20260902/chunk_2141/geom.tar.zst,xyz/p000042.xyz,/gpfs/scratch1/shared/schen3/benzoin-dg-restored/data/cross_benzoin/bde_homo_product_featurize_20260902/chunk_2141/geom.tar.zst,ald_xyz/a000065.xyz,0.3037272893100038,0.1375761049649995,0,0,,train
39045,39045,COc1ccccc1CNC(=O)c1cc(C(F)(F)F)nn1-c1cccc(C(=O)C(O)c2cccc(-n3nc(C(F)(F)F)cc3C(=O)NCc3ccccc3OC)c2)c1,COc1ccccc1CNC(=O)c1cc(C(F)(F)F)nn1-c1cccc(C=O)c1,/gpfs/scratch1/shared/schen3/benzoin-dg-restored/data/cross_benzoin/bde_homo_product_featurize_20260902/chunk_0390/geom.tar.zst,xyz/p000045.xyz,/gpfs/scratch1/shared/schen3/benzoin-dg-restored/data/cross_benzoin/bde_homo_product_featurize_20260902/chunk_0390/geom.tar.zst,ald_xyz/a000044.xyz,0.5052325160320095,-1.5775461925839949,0,0,,test
68918,68918,Cc1cc(OCC(=CF)CN)ccc1C(=O)C(O)c1ccc(OCC(=CF)CN)cc1C,Cc1cc(OC/C(=C\F)CN)ccc1C=O,/gpfs/scratch1/shared/schen3/benzoin-dg-restored/data/cross_benzoin/bde_homo_product_featurize_20260902/chunk_0689/geom.tar.zst,xyz/p000018.xyz,/gpfs/scratch1/shared/schen3/benzoin-dg-restored/data/cross_benzoin/bde_homo_product_featurize_20260902/chunk_0689/geom.tar.zst,ald_xyz/a000072.xyz,0.3615272324699958,0.1644165219540028,0,0,,train
55832,55832,Cc1ccnc(NC(=O)Nc2ccc(-c3c(C(=O)C(O)c4cn5ncnc(N)c5c4-c4ccc(NC(=O)Nc5cc(C)ccn5)c(F)c4)cn4ncnc(N)c34)cc2F)c1,Cc1ccnc(NC(=O)Nc2ccc(-c3c(C=O)cn4ncnc(N)c34)cc2F)c1,/gpfs/scratch1/shared/schen3/benzoin-dg-restored/data/cross_benzoin/bde_homo_product_featurize_20260902/chunk_0558/geom.tar.zst,xyz/p000032.xyz,/gpfs/scratch1/shared/schen3/benzoin-dg-restored/data/cross_benzoin/bde_homo_product_featurize_20260902/chunk_0558/geom.tar.zst,ald_xyz/a000060.xyz,0.5059219061039926,33.811061024105,0,0,,train
46904,46904,O=C(C(O)C1CN(C2CCCO2)CCN1S(=O)(=O)c1cc(C(F)(F)F)cc(C(F)(F)F)c1)C1CN(C2CCCO2)CCN1S(=O)(=O)c1cc(C(F)(F)F)cc(C(F)(F)F)c1,O=CC1CN(C2CCCO2)CCN1S(=O)(=O)c1cc(C(F)(F)F)cc(C(F)(F)F)c1,/gpfs/scratch1/shared/schen3/benzoin-dg-restored/data/cross_benzoin/bde_homo_product_featurize_20260902/chunk_0469/geom.tar.zst,xyz/p000004.xyz,/gpfs/scratch1/shared/schen3/benzoin-dg-restored/data/cross_benzoin/bde_homo_product_featurize_20260902/chunk_0469/geom.tar.zst,ald_xyz/a000079.xyz,0.5424038590130067,0.2505307069350095,0,0,,train
105240,105240,O=C(C1CC(n2ncc3cc(F)ccc32)C1)C(O)C1CC(n2ncc3cc(F)ccc32)C1,O=CC1CC(n2ncc3cc(F)ccc32)C1,/gpfs/scratch1/shared/schen3/benzoin-dg-restored/data/cross_benzoin/bde_homo_product_featurize_20260902/chunk_1052/geom.tar.zst,xyz/p000040.xyz,/gpfs/scratch1/shared/schen3/benzoin-dg-restored/data/cross_benzoin/bde_homo_product_featurize_20260902/chunk_1052/geom.tar.zst,ald_xyz/a000070.xyz,0.3165410016519985,0.1415059949089965,0,0,,train
138350,138350,CN(C(=O)OC(C)(C)C)c1ccc(C(=O)C(O)c2ccc(N(C)C(=O)OC(C)(C)C)c(F)n2)nc1F,CN(C(=O)OC(C)(C)C)c1ccc(C=O)nc1F,/gpfs/scratch1/shared/schen3/benzoin-dg-restored/data/cross_benzoin/bde_homo_product_featurize_20260902/chunk_1383/geom.tar.zst,xyz/p000050.xyz,/gpfs/scratch1/shared/schen3/benzoin-dg-restored/data/cross_benzoin/bde_homo_product_featurize_20260902/chunk_1383/geom.tar.zst,ald_xyz/a000025.xyz,0.3867890352530025,0.1803278913570025,0,0,,train
25474,25474,CN(C)C(=O)Sc1ccc(C(=O)C(O)c2ccc(SC(=O)N(C)C)cc2)cc1,CN(C)C(=O)Sc1ccc(C=O)cc1,/gpfs/scratch1/shared/schen3/benzoin-dg-restored/data/cross_benzoin/bde_homo_product_featurize_20260902/chunk_0254/geom.tar.zst,xyz/p000074.xyz,/gpfs/scratch1/shared/schen3/benzoin-dg-restored/data/cross_benzoin/bde_homo_product_featurize_20260902/chunk_0254/geom.tar.zst,ald_xyz/a000027.xyz,0.2653843626859924,0.117811389906997,0,0,,train
178788,178788,COc1cccc(CCC(=O)C(O)CCc2cccc(OC)c2OC(F)(F)F)c1OC(F)(F)F,COc1cccc(CCC=O)c1OC(F)(F)F,/gpfs/scratch1/shared/schen3/benzoin-dg-restored/data/cross_benzoin/bde_homo_product_featurize_20260902/chunk_1787/geom.tar.zst,xyz/p000088.xyz,/gpfs/scratch1/shared/schen3/benzoin-dg-restored/data/cross_benzoin/bde_homo_product_featurize_20260902/chunk_1787/geom.tar.zst,ald_xyz/a000010.xyz,0.2920860485579908,0.1343024260339973,0,0,,train
135122,135122,CC1CCCN(c2c(F)cc(C(=O)C(O)c3cc(F)c(N4CCCC(C)C4C)c(F)c3)cc2F)C1C,CC1CCCN(c2c(F)cc(C=O)cc2F)C1C,/gpfs/scratch1/shared/schen3/benzoin-dg-restored/data/cross_benzoin/bde_homo_product_featurize_20260902/chunk_1351/geom.tar.zst,xyz/p000022.xyz,/gpfs/scratch1/shared/schen3/benzoin-dg-restored/data/cross_benzoin/bde_homo_product_featurize_20260902/chunk_1351/geom.tar.zst,ald_xyz/a000014.xyz,0.4609187161160122,0.2148572220230065,0,0,,train
198517,198517,CC(C)(C)OC(=O)n1cccc1-c1ccc(C(F)(F)F)cc1C(=O)C(O)c1cc(C(F)(F)F)ccc1-c1cccn1C(=O)OC(C)(C)C,CC(C)(C)OC(=O)n1cccc1-c1ccc(C(F)(F)F)cc1C=O,/gpfs/scratch1/shared/schen3/benzoin-dg-restored/data/cross_benzoin/bde_homo_product_featurize_20260902/chunk_1985/geom.tar.zst,xyz/p000017.xyz,/gpfs/scratch1/shared/schen3/benzoin-dg-restored/data/cross_benzoin/bde_homo_product_featurize_20260902/chunk_1985/geom.tar.zst,ald_xyz/a000012.xyz,0.4681195489600043,0.2146324479579959,0,0,,train
213425,213425,COC(=O)Oc1ccc(OC)c(C(=O)C(O)c2cc(OC(=O)OC)ccc2OC)c1,COC(=O)Oc1ccc(OC)c(C=O)c1,/gpfs/scratch1/shared/schen3/benzoin-dg-restored/data/cross_benzoin/bde_homo_product_featurize_20260902/chunk_2134/geom.tar.zst,xyz/p000025.xyz,/gpfs/scratch1/shared/schen3/benzoin-dg-restored/data/cross_benzoin/bde_homo_product_featurize_20260902/chunk_2134/geom.tar.zst,ald_xyz/a000036.xyz,0.2606994597500005,0.1122265660409951,0,0,,train
87442,87442,CC(C)C(=O)c1ccc(C(=O)C(O)c2ccc(C(=O)C(C)C)cc2F)c(F)c1,CC(C)C(=O)c1ccc(C=O)c(F)c1,/gpfs/scratch1/shared/schen3/benzoin-dg-restored/data/cross_benzoin/bde_homo_product_featurize_20260902/chunk_0874/geom.tar.zst,xyz/p000042.xyz,/gpfs/scratch1/shared/schen3/benzoin-dg-restored/data/cross_benzoin/bde_homo_product_featurize_20260902/chunk_0874/geom.tar.zst,ald_xyz/a000001.xyz,0.2862530410279902,0.1282729424729964,0,0,0.0766230653083602,train
104083,104083,C#CCN1c2cc(Br)c(F)cc2OCC1C(=O)C(O)C1COc2cc(F)c(Br)cc2N1CC#C,C#CCN1c2cc(Br)c(F)cc2OCC1C=O,/gpfs/scratch1/shared/schen3/benzoin-dg-restored/data/cross_benzoin/bde_homo_product_featurize_20260902/chunk_1040/geom.tar.zst,xyz/p000083.xyz,/gpfs/scratch1/shared/schen3/benzoin-dg-restored/data/cross_benzoin/bde_homo_product_featurize_20260902/chunk_1040/geom.tar.zst,ald_xyz/a000000.xyz,0.2479067638050054,0.106709103653003,0,0,,train
147015,147015,CC(=O)Nc1c(F)c(C(=O)C(O)c2cc3c(c(NC(C)=O)c2F)OCO3)cc2c1OCO2,CC(=O)Nc1c(F)c(C=O)cc2c1OCO2,/gpfs/scratch1/shared/schen3/benzoin-dg-restored/data/cross_benzoin/bde_homo_product_featurize_20260902/chunk_1470/geom.tar.zst,xyz/p000015.xyz,/gpfs/scratch1/shared/schen3/benzoin-dg-restored/data/cross_benzoin/bde_homo_product_featurize_20260902/chunk_1470/geom.tar.zst,ald_xyz/a000001.xyz,0.2251555115629884,0.0963141995730012,0,0,,train
147376,147376,N#Cc1cc(F)c(C(=O)C(O)c2cc([N+](=O)[O-])c(C#N)cc2F)cc1[N+](=O)[O-],N#Cc1cc(F)c(C=O)cc1[N+](=O)[O-],/gpfs/scratch1/shared/schen3/benzoin-dg-restored/data/cross_benzoin/bde_homo_product_featurize_20260902/chunk_1473/geom.tar.zst,xyz/p000076.xyz,/gpfs/scratch1/shared/schen3/benzoin-dg-restored/data/cross_benzoin/bde_homo_product_featurize_20260902/chunk_1473/geom.tar.zst,ald_xyz/a000040.xyz,0.0965925604530042,-7.437138985518004,0,0,,train
28597,28597,CN(C)CC1(O)CCN(C(=O)c2cc(C(=O)C(O)c3c[nH]c(C(=O)N4CCC(O)(CN(C)C)C4)c3)c[nH]2)C1,CN(C)C[C@@]1(O)CCN(C(=O)c2cc(C=O)c[nH]2)C1,/gpfs/scratch1/shared/schen3/benzoin-dg-restored/data/cross_benzoin/bde_homo_product_featurize_20260902/chunk_0285/geom.tar.zst,xyz/p000097.xyz,/gpfs/scratch1/shared/schen3/benzoin-dg-restored/data/cross_benzoin/bde_homo_product_featurize_20260902/chunk_0285/geom.tar.zst,ald_xyz/a000015.xyz,0.4843985569360001,0.2260667054939986,0,0,,test
148014,148014,Cc1ccc(-n2nnc(C(=O)C(O)c3nnn(-c4ccc(C)c(Cl)c4)c3-c3ccc(F)cc3)c2-c2ccc(F)cc2)cc1Cl,Cc1ccc(-n2nnc(C=O)c2-c2ccc(F)cc2)cc1Cl,/gpfs/scratch1/shared/schen3/benzoin-dg-restored/data/cross_benzoin/bde_homo_product_featurize_20260902/chunk_1480/geom.tar.zst,xyz/p000014.xyz,/gpfs/scratch1/shared/schen3/benzoin-dg-restored/data/cross_benzoin/bde_homo_product_featurize_20260902/chunk_1480/geom.tar.zst,ald_xyz/a000036.xyz,0.3376411460230031,0.1545519842030032,0,0,,train
131962,131962,Cc1ccc(F)cc1-c1ccc(C(=O)C(O)c2ccc(-c3cc(F)ccc3C)cc2O)c(O)c1,Cc1ccc(F)cc1-c1ccc(C=O)c(O)c1,/gpfs/scratch1/shared/schen3/benzoin-dg-restored/data/cross_benzoin/bde_homo_product_featurize_20260902/chunk_1319/geom.tar.zst,xyz/p000062.xyz,/gpfs/scratch1/shared/schen3/benzoin-dg-restored/data/cross_benzoin/bde_homo_product_featurize_20260902/chunk_1319/geom.tar.zst,ald_xyz/a000036.xyz,0.3079277082070035,0.1412517016179961,0,0,,train
16012,16012,O=C(c1ncnc2nc[nH]c12)C(O)c1ncnc2nc[nH]c12,O=Cc1ncnc2nc[nH]c12,/gpfs/scratch1/shared/schen3/benzoin-dg-restored/data/cross_benzoin/bde_homo_product_featurize_20260902/chunk_0160/geom.tar.zst,xyz/p000012.xyz,/gpfs/scratch1/shared/schen3/benzoin-dg-restored/data/cross_benzoin/bde_homo_product_featurize_20260902/chunk_0160/geom.tar.zst,ald_xyz/a000099.xyz,0.1192104328359988,9.505360978004004,0,0,,validation
195921,195921,O=C(c1ccsc1-c1ccccc1F)C(O)c1ccsc1-c1ccccc1F,O=Cc1ccsc1-c1ccccc1F,/gpfs/scratch1/shared/schen3/benzoin-dg-restored/data/cross_benzoin/bde_homo_product_featurize_20260902/chunk_1959/geom.tar.zst,xyz/p000021.xyz,/gpfs/scratch1/shared/schen3/benzoin-dg-restored/data/cross_benzoin/bde_homo_product_featurize_20260902/chunk_1959/geom.tar.zst,ald_xyz/a000082.xyz,0.2007384378620003,0.0840033647960041,0,0,,train
172829,172829,O=C(c1nc(CCl)cc(C(F)F)c1Cl)C(O)c1nc(CCl)cc(C(F)F)c1Cl,O=Cc1nc(CCl)cc(C(F)F)c1Cl,/gpfs/scratch1/shared/schen3/benzoin-dg-restored/data/cross_benzoin/bde_homo_product_featurize_20260902/chunk_1728/geom.tar.zst,xyz/p000029.xyz,/gpfs/scratch1/shared/schen3/benzoin-dg-restored/data/cross_benzoin/bde_homo_product_featurize_20260902/chunk_1728/geom.tar.zst,ald_xyz/a000086.xyz,0.1358934778389908,0.050378817967001,0,0,,train
21815,21815,O=C(CCc1ccc2ccccc2c1)C(O)CCc1ccc2ccccc2c1,O=CCCc1ccc2ccccc2c1,/gpfs/scratch1/shared/schen3/benzoin-dg-restored/data/cross_benzoin/bde_homo_product_featurize_20260902/chunk_0218/geom.tar.zst,xyz/p000015.xyz,/gpfs/scratch1/shared/schen3/benzoin-dg-restored/data/cross_benzoin/bde_homo_product_featurize_20260902/chunk_0218/geom.tar.zst,ald_xyz/a000083.xyz,0.336092378336005,3.957178768524997,0,0,,train
158107,158107,O=C(c1cccc(F)c1Oc1cc(Br)ccc1F)C(O)c1cccc(F)c1Oc1cc(Br)ccc1F,O=Cc1cccc(F)c1Oc1cc(Br)ccc1F,/gpfs/scratch1/shared/schen3/benzoin-dg-restored/data/cross_benzoin/bde_homo_product_featurize_20260902/chunk_1581/geom.tar.zst,xyz/p000007.xyz,/gpfs/scratch1/shared/schen3/benzoin-dg-restored/data/cross_benzoin/bde_homo_product_featurize_20260902/chunk_1581/geom.tar.zst,ald_xyz/a000060.xyz,0.2185090287079987,0.0910607264880027,0,0,,train
207713,207713,COc1ccc2c(OC)c(C(=O)C(O)c3c(O)cc4cc(OC)ccc4c3OC)c(O)cc2c1,COc1ccc2c(OC)c(C=O)c(O)cc2c1,/gpfs/scratch1/shared/schen3/benzoin-dg-restored/data/cross_benzoin/bde_homo_product_featurize_20260902/chunk_2077/geom.tar.zst,xyz/p000013.xyz,/gpfs/scratch1/shared/schen3/benzoin-dg-restored/data/cross_benzoin/bde_homo_product_featurize_20260902/chunk_2077/geom.tar.zst,ald_xyz/a000062.xyz,0.3285584515499948,0.1484869358989939,0,0,,train
41094,41094,COC(=O)C=C(C(=O)OC)c1cc(C(=O)C(O)c2cc(C(=CC(=O)OC)C(=O)OC)cc(-c3cc(F)ccc3O)c2O)c(O)c(-c2cc(F)ccc2O)c1,COC(=O)/C=C(/C(=O)OC)c1cc(C=O)c(O)c(-c2cc(F)ccc2O)c1,/gpfs/scratch1/shared/schen3/benzoin-dg-restored/data/cross_benzoin/bde_homo_product_featurize_20260902/chunk_0410/geom.tar.zst,xyz/p000094.xyz,/gpfs/scratch1/shared/schen3/benzoin-dg-restored/data/cross_benzoin/bde_homo_product_featurize_20260902/chunk_0410/geom.tar.zst,ald_xyz/a000031.xyz,0.4453318747410151,0.2016433925059999,0,0,,train
57909,57909,CCC(O)c1cc(F)c(-c2cc(C(N)=O)c(Nc3ccc(C(=O)C(O)c4ccc(Nc5sc(-c6c(F)cc(C(O)CC)cc6F)cc5C(N)=O)cc4)cc3)s2)c(F)c1,CCC(O)c1cc(F)c(-c2cc(C(N)=O)c(Nc3ccc(C=O)cc3)s2)c(F)c1,/gpfs/scratch1/shared/schen3/benzoin-dg-restored/data/cross_benzoin/bde_homo_product_featurize_20260902/chunk_0579/geom.tar.zst,xyz/p000009.xyz,/gpfs/scratch1/shared/schen3/benzoin-dg-restored/data/cross_benzoin/bde_homo_product_featurize_20260902/chunk_0579/geom.tar.zst,ald_xyz/a000029.xyz,0.5035342983020143,0.235522950396998,0,0,,test
109911,109911,COc1ccc(C(=O)C(O)c2ccc(OC)c(OC(C)C)c2OC(C)C)c(OC(C)C)c1OC(C)C,COc1ccc(C=O)c(OC(C)C)c1OC(C)C,/gpfs/scratch1/shared/schen3/benzoin-dg-restored/data/cross_benzoin/bde_homo_product_featurize_20260902/chunk_1099/geom.tar.zst,xyz/p000011.xyz,/gpfs/scratch1/shared/schen3/benzoin-dg-restored/data/cross_benzoin/bde_homo_product_featurize_20260902/chunk_1099/geom.tar.zst,ald_xyz/a000052.xyz,0.5152012482840007,16.005098816089003,0,0,,train
28046,28046,CC1C(=O)Nc2ccc(Cl)cc2N1S(=O)(=O)c1ccsc1C(=O)C(O)c1sccc1S(=O)(=O)N1c2cc(Cl)ccc2NC(=O)C1C,CC1C(=O)Nc2ccc(Cl)cc2N1S(=O)(=O)c1ccsc1C=O,/gpfs/scratch1/shared/schen3/benzoin-dg-restored/data/cross_benzoin/bde_homo_product_featurize_20260902/chunk_0280/geom.tar.zst,xyz/p000046.xyz,/gpfs/scratch1/shared/schen3/benzoin-dg-restored/data/cross_benzoin/bde_homo_product_featurize_20260902/chunk_0280/geom.tar.zst,ald_xyz/a000006.xyz,0.3251068882179879,0.1377193187740033,0,0,,train
33931,33931,Cn1c(=O)c(C(=O)C(O)c2cc3ccc(F)cc3n(C)c2=O)cc2ccc(F)cc21,Cn1c(=O)c(C=O)cc2ccc(F)cc21,/gpfs/scratch1/shared/schen3/benzoin-dg-restored/data/cross_benzoin/bde_homo_product_featurize_20260902/chunk_0339/geom.tar.zst,xyz/p000031.xyz,/gpfs/scratch1/shared/schen3/benzoin-dg-restored/data/cross_benzoin/bde_homo_product_featurize_20260902/chunk_0339/geom.tar.zst,ald_xyz/a000034.xyz,0.2338074029849934,0.1000345546520051,0,0,,train
125364,125364,CCCOc1ccc(C(C#N)=Cc2ccc(C(=O)C(O)c3ccc(C=C(C#N)c4ccc(OCCC)cc4)cc3)cc2)cc1,CCCOc1ccc(/C(C#N)=C/c2ccc(C=O)cc2)cc1,/gpfs/scratch1/shared/schen3/benzoin-dg-restored/data/cross_benzoin/bde_homo_product_featurize_20260902/chunk_1253/geom.tar.zst,xyz/p000064.xyz,/gpfs/scratch1/shared/schen3/benzoin-dg-restored/data/cross_benzoin/bde_homo_product_featurize_20260902/chunk_1253/geom.tar.zst,ald_xyz/a000022.xyz,0.4699628197620029,0.2195677367009949,0,0,,train
6948,6948,COc1cc(C(=O)C(O)c2ccc(OCCOCCOc3ccc(Cl)cc3Cl)c(OC)c2)ccc1OCCOCCOc1ccc(Cl)cc1Cl,COc1cc(C=O)ccc1OCCOCCOc1ccc(Cl)cc1Cl,/gpfs/scratch1/shared/schen3/benzoin-dg-restored/data/cross_benzoin/bde_homo_product_featurize_20260902/chunk_0069/geom.tar.zst,xyz/p000048.xyz,/gpfs/scratch1/shared/schen3/benzoin-dg-restored/data/cross_benzoin/bde_homo_product_featurize_20260902/chunk_0069/geom.tar.zst,ald_xyz/a000042.xyz,0.4925975685669925,0.2250805699700038,0,0,,train
136715,136715,CC1COc2ccc(-c3cc(C(=O)C(O)c4ccc(F)c(-c5ccc6c(c5)OCC(C)CO6)c4)ccc3F)cc2OC1,CC1COc2ccc(-c3cc(C=O)ccc3F)cc2OC1,/gpfs/scratch1/shared/schen3/benzoin-dg-restored/data/cross_benzoin/bde_homo_product_featurize_20260902/chunk_1367/geom.tar.zst,xyz/p000015.xyz,/gpfs/scratch1/shared/schen3/benzoin-dg-restored/data/cross_benzoin/bde_homo_product_featurize_20260902/chunk_1367/geom.tar.zst,ald_xyz/a000026.xyz,0.4337248050960056,0.2033624124770057,0,0,,train
94344,94344,COc1ccc2c(c1)OCC(N1CCOC(C(=O)C(O)C3CN(C4COc5cc(OC)ccc5C4Nc4cccn5cc(C(F)(F)F)nc45)CCO3)C1)C2Nc1cccn2cc(C(F)(F)F)nc12,COc1ccc2c(c1)OCC(N1CCOC(C=O)C1)C2Nc1cccn2cc(C(F)(F)F)nc12,/gpfs/scratch1/shared/schen3/benzoin-dg-restored/data/cross_benzoin/bde_homo_product_featurize_20260902/chunk_0943/geom.tar.zst,xyz/p000044.xyz,/gpfs/scratch1/shared/schen3/benzoin-dg-restored/data/cross_benzoin/bde_homo_product_featurize_20260902/chunk_0943/geom.tar.zst,ald_xyz/a000038.xyz,0.6893064144609866,0.3260242184999953,0,0,,test
185399,185399,CN(C(=O)OC(C)(C)C)C(C(=O)C(O)C(c1cn(C)nc1C(F)(F)F)N(C)C(=O)OC(C)(C)C)c1cn(C)nc1C(F)(F)F,CN(C(=O)OC(C)(C)C)C(C=O)c1cn(C)nc1C(F)(F)F,/gpfs/scratch1/shared/schen3/benzoin-dg-restored/data/cross_benzoin/bde_homo_product_featurize_20260902/chunk_1853/geom.tar.zst,xyz/p000099.xyz,/gpfs/scratch1/shared/schen3/benzoin-dg-restored/data/cross_benzoin/bde_homo_product_featurize_20260902/chunk_1853/geom.tar.zst,ald_xyz/a000060.xyz,0.4727498371120191,0.2162836190920103,0,0,,train
78311,78311,CS(=O)(=O)c1cc(C(=O)C(O)c2cc(S(C)(=O)=O)c(F)cc2F)c(F)cc1F,CS(=O)(=O)c1cc(C=O)c(F)cc1F,/gpfs/scratch1/shared/schen3/benzoin-dg-restored/data/cross_benzoin/bde_homo_product_featurize_20260902/chunk_0783/geom.tar.zst,xyz/p000011.xyz,/gpfs/scratch1/shared/schen3/benzoin-dg-restored/data/cross_benzoin/bde_homo_product_featurize_20260902/chunk_0783/geom.tar.zst,ald_xyz/a000063.xyz,0.143739452803004,0.0582017209159957,0,0,,train
113946,113946,NCCCCC(N)C(=O)c1cc[nH]c1C(=O)C(O)c1[nH]ccc1C(=O)C(N)CCCCN,NCCCC[C@H](N)C(=O)c1cc[nH]c1C=O,/gpfs/scratch1/shared/schen3/benzoin-dg-restored/data/cross_benzoin/bde_homo_product_featurize_20260902/chunk_1139/geom.tar.zst,xyz/p000046.xyz,/gpfs/scratch1/shared/schen3/benzoin-dg-restored/data/cross_benzoin/bde_homo_product_featurize_20260902/chunk_1139/geom.tar.zst,ald_xyz/a000066.xyz,0.4294513666079922,0.1955083311290053,0,0,,train
60136,60136,CSc1ncc(C(=O)C(O)c2cnc(SC)nc2NCC2CCN(C(=O)OC(C)(C)C)CC2(F)F)c(NCC2CCN(C(=O)OC(C)(C)C)CC2(F)F)n1,CSc1ncc(C=O)c(NCC2CCN(C(=O)OC(C)(C)C)CC2(F)F)n1,/gpfs/scratch1/shared/schen3/benzoin-dg-restored/data/cross_benzoin/bde_homo_product_featurize_20260902/chunk_0601/geom.tar.zst,xyz/p000036.xyz,/gpfs/scratch1/shared/schen3/benzoin-dg-restored/data/cross_benzoin/bde_homo_product_featurize_20260902/chunk_0601/geom.tar.zst,ald_xyz/a000042.xyz,0.6308294971719874,30.153473146482,0,0,10.912807967035173,test
212468,212468,CCCCc1nc(Cl)c(C(=O)C(O)c2c(Cl)nc(CCCC)n2Cc2ccc(C3(C#N)CCCCC3)cc2)n1Cc1ccc(C2(C#N)CCCCC2)cc1,CCCCc1nc(Cl)c(C=O)n1Cc1ccc(C2(C#N)CCCCC2)cc1,/gpfs/scratch1/shared/schen3/benzoin-dg-restored/data/cross_benzoin/bde_homo_product_featurize_20260902/chunk_2124/geom.tar.zst,xyz/p000068.xyz,/gpfs/scratch1/shared/schen3/benzoin-dg-restored/data/cross_benzoin/bde_homo_product_featurize_20260902/chunk_2124/geom.tar.zst,ald_xyz/a000033.xyz,0.7166109539080026,0.341506815033,0,0,,test
86368,86368,CCOC(=O)Oc1c(F)cc(C(=O)Nc2ncc(-c3cccc(N4CCCC4)c3)s2)cc1C(=O)C(O)c1cc(C(=O)Nc2ncc(-c3cccc(N4CCCC4)c3)s2)cc(F)c1OC(=O)OCC,CCOC(=O)Oc1c(F)cc(C(=O)Nc2ncc(-c3cccc(N4CCCC4)c3)s2)cc1C=O,/gpfs/scratch1/shared/schen3/benzoin-dg-restored/data/cross_benzoin/bde_homo_product_featurize_20260902/chunk_0863/geom.tar.zst,xyz/p000068.xyz,/gpfs/scratch1/shared/schen3/benzoin-dg-restored/data/cross_benzoin/bde_homo_product_featurize_20260902/chunk_0863/geom.tar.zst,ald_xyz/a000011.xyz,0.6481878929650122,0.3011482245300101,0,0,,train
2031,2031,O=C(c1ccc2c(c1)Nc1ccccc1S2)C(O)c1ccc2c(c1)Nc1ccccc1S2,O=Cc1ccc2c(c1)Nc1ccccc1S2,/gpfs/scratch1/shared/schen3/benzoin-dg-restored/data/cross_benzoin/bde_homo_product_featurize_20260902/chunk_0020/geom.tar.zst,xyz/p000031.xyz,/gpfs/scratch1/shared/schen3/benzoin-dg-restored/data/cross_benzoin/bde_homo_product_featurize_20260902/chunk_0020/geom.tar.zst,ald_xyz/a000088.xyz,0.264272969244999,0.1174490997800035,0,0,,train
58779,58779,O=C(c1cccc(OC(F)(F)Cl)c1)C(O)c1cccc(OC(F)(F)Cl)c1,O=Cc1cccc(OC(F)(F)Cl)c1,/gpfs/scratch1/shared/schen3/benzoin-dg-restored/data/cross_benzoin/bde_homo_product_featurize_20260902/chunk_0587/geom.tar.zst,xyz/p000079.xyz,/gpfs/scratch1/shared/schen3/benzoin-dg-restored/data/cross_benzoin/bde_homo_product_featurize_20260902/chunk_0587/geom.tar.zst,ald_xyz/a000094.xyz,0.1401338340640023,0.0544104951589972,0,0,,train
106480,106480,O=C=C1CCC(NC(=O)c2ccc(N3CCC(C(=O)C(O)C4CCN(c5ccc(C(=O)NC6CCC(=C=O)NC6=C=O)c(F)c5)C4)C3)cc2F)C(=C=O)N1,O=C=C1CC[C@H](NC(=O)c2ccc(N3CCC(C=O)C3)cc2F)C(=C=O)N1,/gpfs/scratch1/shared/schen3/benzoin-dg-restored/data/cross_benzoin/bde_homo_product_featurize_20260902/chunk_1064/geom.tar.zst,xyz/p000080.xyz,/gpfs/scratch1/shared/schen3/benzoin-dg-restored/data/cross_benzoin/bde_homo_product_featurize_20260902/chunk_1064/geom.tar.zst,ald_xyz/a000054.xyz,0.5274433899840005,0.2370445317620095,0,0,,test
751,751,O=C(c1ccc(-c2ccc(Cl)cc2)o1)C(O)c1ccc(-c2ccc(Cl)cc2)o1,O=Cc1ccc(-c2ccc(Cl)cc2)o1,/gpfs/scratch1/shared/schen3/benzoin-dg-restored/data/cross_benzoin/bde_homo_product_featurize_20260902/chunk_0007/geom.tar.zst,xyz/p000051.xyz,/gpfs/scratch1/shared/schen3/benzoin-dg-restored/data/cross_benzoin/bde_homo_product_featurize_20260902/chunk_0007/geom.tar.zst,ald_xyz/a000076.xyz,0.1986454560850035,0.0847407226849981,0,0,,train
33589,33589,O=C(c1ccccc1Sc1ccccc1C(F)(F)F)C(O)c1ccccc1Sc1ccccc1C(F)(F)F,O=Cc1ccccc1Sc1ccccc1C(F)(F)F,/gpfs/scratch1/shared/schen3/benzoin-dg-restored/data/cross_benzoin/bde_homo_product_featurize_20260902/chunk_0335/geom.tar.zst,xyz/p000089.xyz,/gpfs/scratch1/shared/schen3/benzoin-dg-restored/data/cross_benzoin/bde_homo_product_featurize_20260902/chunk_0335/geom.tar.zst,ald_xyz/a000095.xyz,0.2718547455369986,0.1195891259300054,0,0,,train
18482,18482,N#Cc1ccc(F)c(C(=O)C(O)c2c(F)ccc(C#N)c2O)c1O,N#Cc1ccc(F)c(C=O)c1O,/gpfs/scratch1/shared/schen3/benzoin-dg-restored/data/cross_benzoin/bde_homo_product_featurize_20260902/chunk_0184/geom.tar.zst,xyz/p000082.xyz,/gpfs/scratch1/shared/schen3/benzoin-dg-restored/data/cross_benzoin/bde_homo_product_featurize_20260902/chunk_0184/geom.tar.zst,ald_xyz/a000060.xyz,0.1123741364799997,0.038639985875001,0,0,,train
131770,131770,O=C(c1cc(F)cc(Br)c1OCCN1CCOCC1)C(O)c1cc(F)cc(Br)c1OCCN1CCOCC1,O=Cc1cc(F)cc(Br)c1OCCN1CCOCC1,/gpfs/scratch1/shared/schen3/benzoin-dg-restored/data/cross_benzoin/bde_homo_product_featurize_20260902/chunk_1317/geom.tar.zst,xyz/p000070.xyz,/gpfs/scratch1/shared/schen3/benzoin-dg-restored/data/cross_benzoin/bde_homo_product_featurize_20260902/chunk_1317/geom.tar.zst,ald_xyz/a000062.xyz,0.4060548943409969,0.1883463647470051,0,0,,train
217682,217682,COc1ccc2c(n1)c(C(=O)C(O)c1c3n(c4ccc(OC)nc14)CCc1ccccc1-3)c1n2CCc2ccccc2-1,COc1ccc2c(n1)c(C=O)c1n2CCc2ccccc2-1,/gpfs/scratch1/shared/schen3/benzoin-dg-restored/data/cross_benzoin/bde_homo_product_featurize_20260902/chunk_2176/geom.tar.zst,xyz/p000082.xyz,/gpfs/scratch1/shared/schen3/benzoin-dg-restored/data/cross_benzoin/bde_homo_product_featurize_20260902/chunk_2176/geom.tar.zst,ald_xyz/a000051.xyz,0.4320437212079895,0.1949081873700038,0,0,,test
137620,137620,CCC1C(=O)NC(=O)CN1c1ccc(F)cc1C(=O)C(O)c1cc(F)ccc1N1CC(=O)NC(=O)C1CC,CCC1C(=O)NC(=O)CN1c1ccc(F)cc1C=O,/gpfs/scratch1/shared/schen3/benzoin-dg-restored/data/cross_benzoin/bde_homo_product_featurize_20260902/chunk_1376/geom.tar.zst,xyz/p000020.xyz,/gpfs/scratch1/shared/schen3/benzoin-dg-restored/data/cross_benzoin/bde_homo_product_featurize_20260902/chunk_1376/geom.tar.zst,ald_xyz/a000020.xyz,0.3622466570660094,0.1623863787939967,0,0,,train
118475,118475,COC(=O)C=COc1ccc(C(=O)C(O)c2ccc(OC=CC(=O)OC)c(OC)c2)cc1OC,COC(=O)C=COc1ccc(C=O)cc1OC,/gpfs/scratch1/shared/schen3/benzoin-dg-restored/data/cross_benzoin/bde_homo_product_featurize_20260902/chunk_1184/geom.tar.zst,xyz/p000075.xyz,/gpfs/scratch1/shared/schen3/benzoin-dg-restored/data/cross_benzoin/bde_homo_product_featurize_20260902/chunk_1184/geom.tar.zst,ald_xyz/a000036.xyz,0.3064027382269927,0.1388827722209953,0,0,5.324881682261061,train
183628,183628,CCCCOc1c(F)cc(F)c(C(=O)C(O)c2c(F)cc(F)c(OCCCC)c2F)c1F,CCCCOc1c(F)cc(F)c(C=O)c1F,/gpfs/scratch1/shared/schen3/benzoin-dg-restored/data/cross_benzoin/bde_homo_product_featurize_20260902/chunk_1836/geom.tar.zst,xyz/p000028.xyz,/gpfs/scratch1/shared/schen3/benzoin-dg-restored/data/cross_benzoin/bde_homo_product_featurize_20260902/chunk_1836/geom.tar.zst,ald_xyz/a000009.xyz,0.2938277896749923,0.132576507536001,0,0,,train
207748,207748,O=C(CC1(c2ccc(Cl)c(Cl)c2)CN(C(=O)c2ccccc2)CCO1)C(O)CC1(c2ccc(Cl)c(Cl)c2)CN(C(=O)c2ccccc2)CCO1,O=CCC1(c2ccc(Cl)c(Cl)c2)CN(C(=O)c2ccccc2)CCO1,/gpfs/scratch1/shared/schen3/benzoin-dg-restored/data/cross_benzoin/bde_homo_product_featurize_20260902/chunk_2077/geom.tar.zst,xyz/p000048.xyz,/gpfs/scratch1/shared/schen3/benzoin-dg-restored/data/cross_benzoin/bde_homo_product_featurize_20260902/chunk_2077/geom.tar.zst,ald_xyz/a000084.xyz,0.494408461626989,0.225292620803998,0,0,,validation
134207,134207,CC1CCCN(c2ccc(C(=O)C(O)c3ccc(N4CCCC(C)C4C)c(F)c3)cc2F)C1C,CC1CCCN(c2ccc(C=O)cc2F)C1C,/gpfs/scratch1/shared/schen3/benzoin-dg-restored/data/cross_benzoin/bde_homo_product_featurize_20260902/chunk_1342/geom.tar.zst,xyz/p000007.xyz,/gpfs/scratch1/shared/schen3/benzoin-dg-restored/data/cross_benzoin/bde_homo_product_featurize_20260902/chunk_1342/geom.tar.zst,ald_xyz/a000000.xyz,0.4767371921799963,0.223944787778997,0,0,,train
217719,217719,O=C(c1cc([N+](=O)[O-])cc(Cl)c1Cl)C(O)c1cc([N+](=O)[O-])cc(Cl)c1Cl,O=Cc1cc([N+](=O)[O-])cc(Cl)c1Cl,/gpfs/scratch1/shared/schen3/benzoin-dg-restored/data/cross_benzoin/bde_homo_product_featurize_20260902/chunk_2177/geom.tar.zst,xyz/p000019.xyz,/gpfs/scratch1/shared/schen3/benzoin-dg-restored/data/cross_benzoin/bde_homo_product_featurize_20260902/chunk_2177/geom.tar.zst,ald_xyz/a000087.xyz,0.0834576439150112,0.0264207886609995,0,0,,train
104380,104380,CCOCC(F)(Br)C(=O)C(O)C(F)(Br)COCC,CCOCC(F)(Br)C=O,/gpfs/scratch1/shared/schen3/benzoin-dg-restored/data/cross_benzoin/bde_homo_product_featurize_20260902/chunk_1043/geom.tar.zst,xyz/p000080.xyz,/gpfs/scratch1/shared/schen3/benzoin-dg-restored/data/cross_benzoin/bde_homo_product_featurize_20260902/chunk_1043/geom.tar.zst,ald_xyz/a000032.xyz,0.1659453803620039,0.0687117540930017,0,0,-4.388177184961818,test
88304,88304,O=C(Nc1ccnc(-c2ccc(C(=O)C(O)c3ccc(-c4nccc(NC(=O)c5ccc(C(F)(F)F)cc5)n4)cc3)cc2)n1)c1ccc(C(F)(F)F)cc1,O=Cc1ccc(-c2nccc(NC(=O)c3ccc(C(F)(F)F)cc3)n2)cc1,/gpfs/scratch1/shared/schen3/benzoin-dg-restored/data/cross_benzoin/bde_homo_product_featurize_20260902/chunk_0883/geom.tar.zst,xyz/p000004.xyz,/gpfs/scratch1/shared/schen3/benzoin-dg-restored/data/cross_benzoin/bde_homo_product_featurize_20260902/chunk_0883/geom.tar.zst,ald_xyz/a000090.xyz,0.3836654498539928,0.1761294787550014,0,0,,test
103305,103305,O=C(C(Cn1ccnc1)c1ccc(F)c(F)c1)C(O)C(Cn1ccnc1)c1ccc(F)c(F)c1,O=CC(Cn1ccnc1)c1ccc(F)c(F)c1,/gpfs/scratch1/shared/schen3/benzoin-dg-restored/data/cross_benzoin/bde_homo_product_featurize_20260902/chunk_1033/geom.tar.zst,xyz/p000005.xyz,/gpfs/scratch1/shared/schen3/benzoin-dg-restored/data/cross_benzoin/bde_homo_product_featurize_20260902/chunk_1033/geom.tar.zst,ald_xyz/a000056.xyz,0.2896861305939922,0.1287132316680015,0,0,,train
95315,95315,Cc1nc(Cl)cc(C(=O)C(O)c2cc(Cl)nc(C)c2F)c1F,Cc1nc(Cl)cc(C=O)c1F,/gpfs/scratch1/shared/schen3/benzoin-dg-restored/data/cross_benzoin/bde_homo_product_featurize_20260902/chunk_0953/geom.tar.zst,xyz/p000015.xyz,/gpfs/scratch1/shared/schen3/benzoin-dg-restored/data/cross_benzoin/bde_homo_product_featurize_20260902/chunk_0953/geom.tar.zst,ald_xyz/a000066.xyz,0.1282406581729986,0.0510885744090003,0,0,,train
208170,208170,O=C(c1ccc(OC2CCCC2)c(Oc2ccc([N+](=O)[O-])cc2Br)c1)C(O)c1ccc(OC2CCCC2)c(Oc2ccc([N+](=O)[O-])cc2Br)c1,O=Cc1ccc(OC2CCCC2)c(Oc2ccc([N+](=O)[O-])cc2Br)c1,/gpfs/scratch1/shared/schen3/benzoin-dg-restored/data/cross_benzoin/bde_homo_product_featurize_20260902/chunk_2081/geom.tar.zst,xyz/p000070.xyz,/gpfs/scratch1/shared/schen3/benzoin-dg-restored/data/cross_benzoin/bde_homo_product_featurize_20260902/chunk_2081/geom.tar.zst,ald_xyz/a000090.xyz,0.4619903059169985,0.2107696874830082,0,0,,validation
111076,111076,CC(C)C(OC(=O)c1ccccc1P(c1ccccc1)c1ccccc1)C(C)CC(=O)C(O)CC(C)C(OC(=O)c1ccccc1P(c1ccccc1)c1ccccc1)C(C)C,CC(C)[C@@H](OC(=O)c1ccccc1P(c1ccccc1)c1ccccc1)[C@H](C)CC=O,/gpfs/scratch1/shared/schen3/benzoin-dg-restored/data/cross_benzoin/bde_homo_product_featurize_20260902/chunk_1110/geom.tar.zst,xyz/p000076.xyz,/gpfs/scratch1/shared/schen3/benzoin-dg-restored/data/cross_benzoin/bde_homo_product_featurize_20260902/chunk_1110/geom.tar.zst,ald_xyz/a000025.xyz,0.8025176920789932,0.3872360989560093,0,0,,train
3495,3495,O=C(C(O)C(F)(F)Cl)C(F)(F)Cl,O=CC(F)(F)Cl,/gpfs/scratch1/shared/schen3/benzoin-dg-restored/data/cross_benzoin/bde_homo_product_featurize_20260902/chunk_0034/geom.tar.zst,xyz/p000095.xyz,/gpfs/scratch1/shared/schen3/benzoin-dg-restored/data/cross_benzoin/bde_homo_product_featurize_20260902/chunk_0034/geom.tar.zst,ald_xyz/a000062.xyz,0.0061089291979996,-0.0087805039269994,0,0,-6.09025552359397,test
5577,5577,O=C(c1cc2c(cc1B(O)O)OCO2)C(O)c1cc2c(cc1B(O)O)OCO2,O=Cc1cc2c(cc1B(O)O)OCO2,/gpfs/scratch1/shared/schen3/benzoin-dg-restored/data/cross_benzoin/bde_homo_product_featurize_20260902/chunk_0055/geom.tar.zst,xyz/p000077.xyz,/gpfs/scratch1/shared/schen3/benzoin-dg-restored/data/cross_benzoin/bde_homo_product_featurize_20260902/chunk_0055/geom.tar.zst,ald_xyz/a000069.xyz,0.1871494219229958,0.0734910750279951,0,0,,train
84579,84579,CC(C)(Cc1c([N+](=O)[O-])ccc(Oc2ccccc2)c1C(F)(F)F)N1CCN(C(=O)O)C(C(=O)C(O)C2CN(C(C)(C)Cc3c([N+](=O)[O-])ccc(Oc4ccccc4)c3C(F)(F)F)CCN2C(=O)O)C1,CC(C)(Cc1c([N+](=O)[O-])ccc(Oc2ccccc2)c1C(F)(F)F)N1CCN(C(=O)O)[C@@H](C=O)C1,/gpfs/scratch1/shared/schen3/benzoin-dg-restored/data/cross_benzoin/bde_homo_product_featurize_20260902/chunk_0845/geom.tar.zst,xyz/p000079.xyz,/gpfs/scratch1/shared/schen3/benzoin-dg-restored/data/cross_benzoin/bde_homo_product_featurize_20260902/chunk_0845/geom.tar.zst,ald_xyz/a000003.xyz,0.6946313623149933,0.3308664481960051,0,0,,validation
84686,84686,Cc1c(C(=O)C(O)c2cc3c(N4C(=O)SCC4C)coc3c(F)c2C)cc2c(N3C(=O)SCC3C)coc2c1F,Cc1c(C=O)cc2c(N3C(=O)SC[C@@H]3C)coc2c1F,/gpfs/scratch1/shared/schen3/benzoin-dg-restored/data/cross_benzoin/bde_homo_product_featurize_20260902/chunk_0846/geom.tar.zst,xyz/p000086.xyz,/gpfs/scratch1/shared/schen3/benzoin-dg-restored/data/cross_benzoin/bde_homo_product_featurize_20260902/chunk_0846/geom.tar.zst,ald_xyz/a000060.xyz,0.3523407091950048,0.1555156745990018,0,0,,train
84169,84169,CN=C(Nc1cc(F)c(N2CCN(C)CC2)cc1C(=O)C(O)c1cc(N2CCN(C)CC2)c(F)cc1NC(=NC)c1cc(C)c2nc(C)cn2c1)c1cc(C)c2nc(C)cn2c1,CN=C(Nc1cc(F)c(N2CCN(C)CC2)cc1C=O)c1cc(C)c2nc(C)cn2c1,/gpfs/scratch1/shared/schen3/benzoin-dg-restored/data/cross_benzoin/bde_homo_product_featurize_20260902/chunk_0841/geom.tar.zst,xyz/p000069.xyz,/gpfs/scratch1/shared/schen3/benzoin-dg-restored/data/cross_benzoin/bde_homo_product_featurize_20260902/chunk_0841/geom.tar.zst,ald_xyz/a000041.xyz,0.7783717293710026,0.3424875919010048,0,0,18.33220191167405,test
22913,22913,CCOC(=O)CCCCCCC(=O)C(O)CCCCCCC(=O)OCC,CCOC(=O)CCCCCCC=O,/gpfs/scratch1/shared/schen3/benzoin-dg-restored/data/cross_benzoin/bde_homo_product_featurize_20260902/chunk_0229/geom.tar.zst,xyz/p000013.xyz,/gpfs/scratch1/shared/schen3/benzoin-dg-restored/data/cross_benzoin/bde_homo_product_featurize_20260902/chunk_0229/geom.tar.zst,ald_xyz/a000038.xyz,0.4225001501110057,0.1942877152939957,0,0,,train
102084,102084,O=C(OF)c1ccccc1C(=O)C(O)c1ccccc1C(=O)OF,O=Cc1ccccc1C(=O)OF,/gpfs/scratch1/shared/schen3/benzoin-dg-restored/data/cross_benzoin/bde_homo_product_featurize_20260902/chunk_1020/geom.tar.zst,xyz/p000084.xyz,/gpfs/scratch1/shared/schen3/benzoin-dg-restored/data/cross_benzoin/bde_homo_product_featurize_20260902/chunk_1020/geom.tar.zst,ald_xyz/a000097.xyz,0.1297578611019929,0.0434356732840015,0,0,,train
180811,180811,O=C(c1c(OC(F)(F)F)cc(I)nc1[N+](=O)[O-])C(O)c1c(OC(F)(F)F)cc(I)nc1[N+](=O)[O-],O=Cc1c(OC(F)(F)F)cc(I)nc1[N+](=O)[O-],/gpfs/scratch1/shared/schen3/benzoin-dg-restored/data/cross_benzoin/bde_homo_product_featurize_20260902/chunk_1808/geom.tar.zst,xyz/p000011.xyz,/gpfs/scratch1/shared/schen3/benzoin-dg-restored/data/cross_benzoin/bde_homo_product_featurize_20260902/chunk_1808/geom.tar.zst,ald_xyz/a000072.xyz,0.0796214941480002,0.0210333809719998,0,0,,train
115560,115560,COC(=O)C=COc1ccc2ccccc2c1C(=O)C(O)c1c(OC=CC(=O)OC)ccc2ccccc12,COC(=O)/C=C/Oc1ccc2ccccc2c1C=O,/gpfs/scratch1/shared/schen3/benzoin-dg-restored/data/cross_benzoin/bde_homo_product_featurize_20260902/chunk_1155/geom.tar.zst,xyz/p000060.xyz,/gpfs/scratch1/shared/schen3/benzoin-dg-restored/data/cross_benzoin/bde_homo_product_featurize_20260902/chunk_1155/geom.tar.zst,ald_xyz/a000049.xyz,0.3456750170980029,0.1521766920719969,0,0,,train
116371,116371,CCCCC1C([N+](=O)[O-])C(c2ccccc2)C(C(=O)C(O)C2C(c3ccccc3)C([N+](=O)[O-])C(CCCC)C3CCCCC32O)C2(O)CCCCC12,CCCC[C@@H]1[C@@H]([N+](=O)[O-])[C@H](c2ccccc2)[C@@H](C=O)[C@]2(O)CCCC[C@@H]12,/gpfs/scratch1/shared/schen3/benzoin-dg-restored/data/cross_benzoin/bde_homo_product_featurize_20260902/chunk_1163/geom.tar.zst,xyz/p000071.xyz,/gpfs/scratch1/shared/schen3/benzoin-dg-restored/data/cross_benzoin/bde_homo_product_featurize_20260902/chunk_1163/geom.tar.zst,ald_xyz/a000031.xyz,0.7936521720889971,0.3738177545859997,0,0,,validation
112453,112453,O=C(Cc1ccccc1C(=O)C(O)c1ccccc1CC(=O)c1ccc([N+](=O)[O-])cc1)c1ccc([N+](=O)[O-])cc1,O=Cc1ccccc1CC(=O)c1ccc([N+](=O)[O-])cc1,/gpfs/scratch1/shared/schen3/benzoin-dg-restored/data/cross_benzoin/bde_homo_product_featurize_20260902/chunk_1124/geom.tar.zst,xyz/p000053.xyz,/gpfs/scratch1/shared/schen3/benzoin-dg-restored/data/cross_benzoin/bde_homo_product_featurize_20260902/chunk_1124/geom.tar.zst,ald_xyz/a000089.xyz,0.3212558211089913,0.1448400099730022,0,0,,train
131936,131936,O=C(c1cc(-c2ccc(F)c(O)c2)cs1)C(O)c1cc(-c2ccc(F)c(O)c2)cs1,O=Cc1cc(-c2ccc(F)c(O)c2)cs1,/gpfs/scratch1/shared/schen3/benzoin-dg-restored/data/cross_benzoin/bde_homo_product_featurize_20260902/chunk_1319/geom.tar.zst,xyz/p000036.xyz,/gpfs/scratch1/shared/schen3/benzoin-dg-restored/data/cross_benzoin/bde_homo_product_featurize_20260902/chunk_1319/geom.tar.zst,ald_xyz/a000056.xyz,0.1924670833910085,0.0802838624340012,0,0,5.929003174156351,train
194201,194201,O=C(O)Cc1cc(OC(F)F)c(C(=O)C(O)c2cc(F)c(CC(=O)O)cc2OC(F)F)cc1F,O=Cc1cc(F)c(CC(=O)O)cc1OC(F)F,/gpfs/scratch1/shared/schen3/benzoin-dg-restored/data/cross_benzoin/bde_homo_product_featurize_20260902/chunk_1942/geom.tar.zst,xyz/p000001.xyz,/gpfs/scratch1/shared/schen3/benzoin-dg-restored/data/cross_benzoin/bde_homo_product_featurize_20260902/chunk_1942/geom.tar.zst,ald_xyz/a000081.xyz,0.1934706848069964,0.0773144289230032,0,0,,train
86482,86482,O=C(c1ccn(-c2ccc(C(O)(C(F)(F)F)C(F)(F)F)cc2)c(=O)c1)C(O)c1ccn(-c2ccc(C(O)(C(F)(F)F)C(F)(F)F)cc2)c(=O)c1,O=Cc1ccn(-c2ccc(C(O)(C(F)(F)F)C(F)(F)F)cc2)c(=O)c1,/gpfs/scratch1/shared/schen3/benzoin-dg-restored/data/cross_benzoin/bde_homo_product_featurize_20260902/chunk_0864/geom.tar.zst,xyz/p000082.xyz,/gpfs/scratch1/shared/schen3/benzoin-dg-restored/data/cross_benzoin/bde_homo_product_featurize_20260902/chunk_0864/geom.tar.zst,ald_xyz/a000092.xyz,0.2891867587759975,-1.355819815436007,0,0,,train
66164,66164,C=C(C)NC(=O)c1cc(-c2cc3c(C(=O)C(O)c4c(-c5ccc(F)cc5)oc5cc(CC(=O)OC)c(-c6ccc(F)c(C(=O)NC(=C)C)c6)cc45)c(-c4ccc(F)cc4)oc3cc2CC(=O)OC)ccc1F,C=C(C)NC(=O)c1cc(-c2cc3c(C=O)c(-c4ccc(F)cc4)oc3cc2CC(=O)OC)ccc1F,/gpfs/scratch1/shared/schen3/benzoin-dg-restored/data/cross_benzoin/bde_homo_product_featurize_20260902/chunk_0661/geom.tar.zst,xyz/p000064.xyz,/gpfs/scratch1/shared/schen3/benzoin-dg-restored/data/cross_benzoin/bde_homo_product_featurize_20260902/chunk_0661/geom.tar.zst,ald_xyz/a000001.xyz,0.6618555948659832,0.3017210006979951,0,0,,train
183380,183380,Cc1nc(F)c(C(=O)C(O)c2cc(Br)c(C)nc2F)cc1Br,Cc1nc(F)c(C=O)cc1Br,/gpfs/scratch1/shared/schen3/benzoin-dg-restored/data/cross_benzoin/bde_homo_product_featurize_20260902/chunk_1833/geom.tar.zst,xyz/p000080.xyz,/gpfs/scratch1/shared/schen3/benzoin-dg-restored/data/cross_benzoin/bde_homo_product_featurize_20260902/chunk_1833/geom.tar.zst,ald_xyz/a000079.xyz,0.1214547282259985,0.0471286850239991,0,0,,train
83263,83263,O=C1CCC(N2C(O)c3cc(F)c(C4CC(C(=O)C(O)C5CCNC(c6cc7c(cc6F)C(O)N(C6CCC(=O)NC6=O)C7O)C5)CCN4)cc3C2O)C(=O)N1,O=CC1CCNC(c2cc3c(cc2F)C(O)N(C2CCC(=O)NC2=O)C3O)C1,/gpfs/scratch1/shared/schen3/benzoin-dg-restored/data/cross_benzoin/bde_homo_product_featurize_20260902/chunk_0832/geom.tar.zst,xyz/p000063.xyz,/gpfs/scratch1/shared/schen3/benzoin-dg-restored/data/cross_benzoin/bde_homo_product_featurize_20260902/chunk_0832/geom.tar.zst,ald_xyz/a000079.xyz,0.6054156964989943,0.2899436607919909,0,0,,validation
195093,195093,O=C(c1cc(C(O)C(O)CBr)ncc1F)C(O)c1cc(C(O)C(O)CBr)ncc1F,O=Cc1cc(C(O)C(O)CBr)ncc1F,/gpfs/scratch1/shared/schen3/benzoin-dg-restored/data/cross_benzoin/bde_homo_product_featurize_20260902/chunk_1950/geom.tar.zst,xyz/p000093.xyz,/gpfs/scratch1/shared/schen3/benzoin-dg-restored/data/cross_benzoin/bde_homo_product_featurize_20260902/chunk_1950/geom.tar.zst,ald_xyz/a000051.xyz,0.2145783082609966,0.0931506347249992,0,0,,train
124158,124158,C=C(C)C(=O)C(N)C(O)C(O)C(O)C(O)C(=O)C(O)C(O)C(O)C(O)C(O)C(N)C(=O)C(=C)C,C=C(C)C(=O)C(N)[C@@H](O)[C@@H](O)[C@H](O)[C@@H](O)C=O,/gpfs/scratch1/shared/schen3/benzoin-dg-restored/data/cross_benzoin/bde_homo_product_featurize_20260902/chunk_1241/geom.tar.zst,xyz/p000058.xyz,/gpfs/scratch1/shared/schen3/benzoin-dg-restored/data/cross_benzoin/bde_homo_product_featurize_20260902/chunk_1241/geom.tar.zst,ald_xyz/a000000.xyz,0.4052983922409936,0.1814374109509984,0,0,,train
172532,172532,O=C(c1c(O)cnc(Cl)c1C(F)F)C(O)c1c(O)cnc(Cl)c1C(F)F,O=Cc1c(O)cnc(Cl)c1C(F)F,/gpfs/scratch1/shared/schen3/benzoin-dg-restored/data/cross_benzoin/bde_homo_product_featurize_20260902/chunk_1725/geom.tar.zst,xyz/p000032.xyz,/gpfs/scratch1/shared/schen3/benzoin-dg-restored/data/cross_benzoin/bde_homo_product_featurize_20260902/chunk_1725/geom.tar.zst,ald_xyz/a000034.xyz,0.096882808478,0.048755465611002,0,0,,train
52738,52738,CC(N)c1nc2ccc(F)cc2c(C(=O)C(O)c2c(-c3ccccc3)c(C(C)N)nc3ccc(F)cc23)c1-c1ccccc1,CC(N)c1nc2ccc(F)cc2c(C=O)c1-c1ccccc1,/gpfs/scratch1/shared/schen3/benzoin-dg-restored/data/cross_benzoin/bde_homo_product_featurize_20260902/chunk_0527/geom.tar.zst,xyz/p000038.xyz,/gpfs/scratch1/shared/schen3/benzoin-dg-restored/data/cross_benzoin/bde_homo_product_featurize_20260902/chunk_0527/geom.tar.zst,ald_xyz/a000011.xyz,0.4559119689569968,0.2058704235419952,0,0,,train
133256,133256,O=C(c1ccc(OCc2ccc(F)cc2Cl)c(Br)c1)C(O)c1ccc(OCc2ccc(F)cc2Cl)c(Br)c1,O=Cc1ccc(OCc2ccc(F)cc2Cl)c(Br)c1,/gpfs/scratch1/shared/schen3/benzoin-dg-restored/data/cross_benzoin/bde_homo_product_featurize_20260902/chunk_1332/geom.tar.zst,xyz/p000056.xyz,/gpfs/scratch1/shared/schen3/benzoin-dg-restored/data/cross_benzoin/bde_homo_product_featurize_20260902/chunk_1332/geom.tar.zst,ald_xyz/a000080.xyz,0.2565160627620031,0.1129132109679957,0,0,,train
144612,144612,O=C(c1cc(Cl)ccc1C(F)F)C(O)c1cc(Cl)ccc1C(F)F,O=Cc1cc(Cl)ccc1C(F)F,/gpfs/scratch1/shared/schen3/benzoin-dg-restored/data/cross_benzoin/bde_homo_product_featurize_20260902/chunk_1446/geom.tar.zst,xyz/p000012.xyz,/gpfs/scratch1/shared/schen3/benzoin-dg-restored/data/cross_benzoin/bde_homo_product_featurize_20260902/chunk_1446/geom.tar.zst,ald_xyz/a000057.xyz,0.1371450645809915,0.0535460417429973,0,0,3.878955561266433,train
19980,19980,CCCCCC(=C1N=C(C)C(I)=C1C)c1c(C)c(C(=O)C(O)c2c(C)c(C(CCCCC)=C3N=C(C)C(I)=C3C)n(B(F)F)c2C)c(C)n1B(F)F,CCCCC/C(=C1/N=C(C)C(I)=C1C)c1c(C)c(C=O)c(C)n1B(F)F,/gpfs/scratch1/shared/schen3/benzoin-dg-restored/data/cross_benzoin/bde_homo_product_featurize_20260902/chunk_0199/geom.tar.zst,xyz/p000080.xyz,/gpfs/scratch1/shared/schen3/benzoin-dg-restored/data/cross_benzoin/bde_homo_product_featurize_20260902/chunk_0199/geom.tar.zst,ald_xyz/a000013.xyz,0.6259874071940033,0.295525025142993,0,0,,test
36375,36375,O=C(CN1CCc2cc(-c3ccc(F)cc3)ccc2C1=O)C(O)CN1CCc2cc(-c3ccc(F)cc3)ccc2C1=O,O=CCN1CCc2cc(-c3ccc(F)cc3)ccc2C1=O,/gpfs/scratch1/shared/schen3/benzoin-dg-restored/data/cross_benzoin/bde_homo_product_featurize_20260902/chunk_0363/geom.tar.zst,xyz/p000075.xyz,/gpfs/scratch1/shared/schen3/benzoin-dg-restored/data/cross_benzoin/bde_homo_product_featurize_20260902/chunk_0363/geom.tar.zst,ald_xyz/a000069.xyz,0.4275548440370045,0.1866667962470032,0,0,,train
40332,40332,Cc1cc(C(=O)C(O)c2ccc(OCCC(F)(F)F)c(C)c2)ccc1OCCC(F)(F)F,Cc1cc(C=O)ccc1OCCC(F)(F)F,/gpfs/scratch1/shared/schen3/benzoin-dg-restored/data/cross_benzoin/bde_homo_product_featurize_20260902/chunk_0403/geom.tar.zst,xyz/p000032.xyz,/gpfs/scratch1/shared/schen3/benzoin-dg-restored/data/cross_benzoin/bde_homo_product_featurize_20260902/chunk_0403/geom.tar.zst,ald_xyz/a000019.xyz,0.2920007192819867,0.1305118680860033,0,0,,train
136807,136807,CN(c1ccc(C(=O)C(O)c2ccc(N(C)c3ccccc3F)s2)s1)c1ccccc1F,CN(c1ccc(C=O)s1)c1ccccc1F,/gpfs/scratch1/shared/schen3/benzoin-dg-restored/data/cross_benzoin/bde_homo_product_featurize_20260902/chunk_1368/geom.tar.zst,xyz/p000007.xyz,/gpfs/scratch1/shared/schen3/benzoin-dg-restored/data/cross_benzoin/bde_homo_product_featurize_20260902/chunk_1368/geom.tar.zst,ald_xyz/a000009.xyz,0.2681967793480027,0.1180927890249989,0,0,,train
218057,218057,COCOc1ccc(C(=O)C(O)c2ccc(OCOC)cc2[N+](=O)[O-])c([N+](=O)[O-])c1,COCOc1ccc(C=O)c([N+](=O)[O-])c1,/gpfs/scratch1/shared/schen3/benzoin-dg-restored/data/cross_benzoin/bde_homo_product_featurize_20260902/chunk_2180/geom.tar.zst,xyz/p000057.xyz,/gpfs/scratch1/shared/schen3/benzoin-dg-restored/data/cross_benzoin/bde_homo_product_featurize_20260902/chunk_2180/geom.tar.zst,ald_xyz/a000049.xyz,0.2351684632739932,0.1014133084529973,0,0,,train
20496,20496,Cc1cc(NCCc2ccccc2)c(C(=O)C(O)c2c(NCCc3ccccc3)cc(C)n(C)c2=O)c(=O)n1C,Cc1cc(NCCc2ccccc2)c(C=O)c(=O)n1C,/gpfs/scratch1/shared/schen3/benzoin-dg-restored/data/cross_benzoin/bde_homo_product_featurize_20260902/chunk_0204/geom.tar.zst,xyz/p000096.xyz,/gpfs/scratch1/shared/schen3/benzoin-dg-restored/data/cross_benzoin/bde_homo_product_featurize_20260902/chunk_0204/geom.tar.zst,ald_xyz/a000075.xyz,0.4947726706739956,-11.349037720292005,0,0,26.92057859927776,test
38725,38725,CC(=O)Nc1cc(C(=O)C(O)c2cc(NC(C)=O)cc(C(F)(F)F)c2)cc(C(F)(F)F)c1,CC(=O)Nc1cc(C=O)cc(C(F)(F)F)c1,/gpfs/scratch1/shared/schen3/benzoin-dg-restored/data/cross_benzoin/bde_homo_product_featurize_20260902/chunk_0387/geom.tar.zst,xyz/p000025.xyz,/gpfs/scratch1/shared/schen3/benzoin-dg-restored/data/cross_benzoin/bde_homo_product_featurize_20260902/chunk_0387/geom.tar.zst,ald_xyz/a000004.xyz,0.2187720707630092,20.714224982479,0,0,,train
47348,47348,CC1CN(c2c(C(=O)C(O)c3ccc(F)c(F)c3N3CC(C)OC(C)C3)ccc(F)c2F)CC(C)O1,CC1CN(c2c(C=O)ccc(F)c2F)CC(C)O1,/gpfs/scratch1/shared/schen3/benzoin-dg-restored/data/cross_benzoin/bde_homo_product_featurize_20260902/chunk_0473/geom.tar.zst,xyz/p000048.xyz,/gpfs/scratch1/shared/schen3/benzoin-dg-restored/data/cross_benzoin/bde_homo_product_featurize_20260902/chunk_0473/geom.tar.zst,ald_xyz/a000009.xyz,0.4118165219520051,0.1890286810719956,0,0,,train
129799,129799,O=C(c1[nH]nc2cc(F)cc([N+](=O)[O-])c12)C(O)c1[nH]nc2cc(F)cc([N+](=O)[O-])c12,O=Cc1[nH]nc2cc(F)cc([N+](=O)[O-])c12,/gpfs/scratch1/shared/schen3/benzoin-dg-restored/data/cross_benzoin/bde_homo_product_featurize_20260902/chunk_1297/geom.tar.zst,xyz/p000099.xyz,/gpfs/scratch1/shared/schen3/benzoin-dg-restored/data/cross_benzoin/bde_homo_product_featurize_20260902/chunk_1297/geom.tar.zst,ald_xyz/a000074.xyz,0.1349631007140033,0.051213934419998,0,0,,train
88904,88904,Cn1c(N)c(C(=O)C(O)c2c(N)n(C)c3ncc(C(C)(C)F)nc23)c2nc(C(C)(C)F)cnc21,Cn1c(N)c(C=O)c2nc(C(C)(C)F)cnc21,/gpfs/scratch1/shared/schen3/benzoin-dg-restored/data/cross_benzoin/bde_homo_product_featurize_20260902/chunk_0889/geom.tar.zst,xyz/p000004.xyz,/gpfs/scratch1/shared/schen3/benzoin-dg-restored/data/cross_benzoin/bde_homo_product_featurize_20260902/chunk_0889/geom.tar.zst,ald_xyz/a000088.xyz,0.3509631594380096,9.772484936977996,0,0,,train
148677,148677,O=C(c1cn(C(=O)c2ccc(-c3ccc(F)cc3Br)o2)c2ccccc12)C(O)c1cn(C(=O)c2ccc(-c3ccc(F)cc3Br)o2)c2ccccc12,O=Cc1cn(C(=O)c2ccc(-c3ccc(F)cc3Br)o2)c2ccccc12,/gpfs/scratch1/shared/schen3/benzoin-dg-restored/data/cross_benzoin/bde_homo_product_featurize_20260902/chunk_1486/geom.tar.zst,xyz/p000077.xyz,/gpfs/scratch1/shared/schen3/benzoin-dg-restored/data/cross_benzoin/bde_homo_product_featurize_20260902/chunk_1486/geom.tar.zst,ald_xyz/a000098.xyz,0.3788795631400035,0.1657143245290058,0,0,,test
82837,82837,O=C(c1cc(-c2ccn[nH]2)c(C(F)(F)F)cc1F)C(O)c1cc(-c2ccn[nH]2)c(C(F)(F)F)cc1F,O=Cc1cc(-c2ccn[nH]2)c(C(F)(F)F)cc1F,/gpfs/scratch1/shared/schen3/benzoin-dg-restored/data/cross_benzoin/bde_homo_product_featurize_20260902/chunk_0828/geom.tar.zst,xyz/p000037.xyz,/gpfs/scratch1/shared/schen3/benzoin-dg-restored/data/cross_benzoin/bde_homo_product_featurize_20260902/chunk_0828/geom.tar.zst,ald_xyz/a000084.xyz,0.1996155367850036,0.0858694151009942,0,0,,train
87003,87003,O=C(Cl)c1cc(Cl)c(Cl)c(-c2ccc(Cl)c(C(=O)C(O)c3c(Cl)ccc(-c4nc(C(=O)Cl)cc(Cl)c4Cl)c3F)c2F)n1,O=Cc1c(Cl)ccc(-c2nc(C(=O)Cl)cc(Cl)c2Cl)c1F,/gpfs/scratch1/shared/schen3/benzoin-dg-restored/data/cross_benzoin/bde_homo_product_featurize_20260902/chunk_0870/geom.tar.zst,xyz/p000003.xyz,/gpfs/scratch1/shared/schen3/benzoin-dg-restored/data/cross_benzoin/bde_homo_product_featurize_20260902/chunk_0870/geom.tar.zst,ald_xyz/a000087.xyz,0.1507070855720087,0.0560687221460014,0,0,3.34592031730394,train
181579,181579,O=C(c1ccc(N(CCCl)CCCl)c(C(F)(F)F)c1)C(O)c1ccc(N(CCCl)CCCl)c(C(F)(F)F)c1,O=Cc1ccc(N(CCCl)CCCl)c(C(F)(F)F)c1,/gpfs/scratch1/shared/schen3/benzoin-dg-restored/data/cross_benzoin/bde_homo_product_featurize_20260902/chunk_1815/geom.tar.zst,xyz/p000079.xyz,/gpfs/scratch1/shared/schen3/benzoin-dg-restored/data/cross_benzoin/bde_homo_product_featurize_20260902/chunk_1815/geom.tar.zst,ald_xyz/a000086.xyz,0.3190519903220092,0.1409720979950037,0,0,,train
219117,219117,COC(=O)c1cccnc1-c1cc(Br)cc(C(=O)C(O)c2cc(Br)cc(-c3ncccc3C(=O)OC)c2)c1,COC(=O)c1cccnc1-c1cc(Br)cc(C=O)c1,/gpfs/scratch1/shared/schen3/benzoin-dg-restored/data/cross_benzoin/bde_homo_product_featurize_20260902/chunk_2191/geom.tar.zst,xyz/p000017.xyz,/gpfs/scratch1/shared/schen3/benzoin-dg-restored/data/cross_benzoin/bde_homo_product_featurize_20260902/chunk_2191/geom.tar.zst,ald_xyz/a000038.xyz,0.2847142960430062,0.124221049818999,0,0,,train
167885,167885,Cc1c(C(=O)C(O)c2ncc(C(F)F)c(C#N)c2C)ncc(C(F)F)c1C#N,Cc1c(C=O)ncc(C(F)F)c1C#N,/gpfs/scratch1/shared/schen3/benzoin-dg-restored/data/cross_benzoin/bde_homo_product_featurize_20260902/chunk_1678/geom.tar.zst,xyz/p000085.xyz,/gpfs/scratch1/shared/schen3/benzoin-dg-restored/data/cross_benzoin/bde_homo_product_featurize_20260902/chunk_1678/geom.tar.zst,ald_xyz/a000022.xyz,0.1701882596459967,0.0710786988080016,0,0,-1.8701013538028453,train
98778,98778,Cc1c(Cl)c(C(F)(F)F)nn1CC(C(=O)C(O)C(Cn1nc(C(F)(F)F)c(Cl)c1C)N1CCN(c2ccccc2F)CC1)N1CCN(c2ccccc2F)CC1,Cc1c(Cl)c(C(F)(F)F)nn1CC(C=O)N1CCN(c2ccccc2F)CC1,/gpfs/scratch1/shared/schen3/benzoin-dg-restored/data/cross_benzoin/bde_homo_product_featurize_20260902/chunk_0987/geom.tar.zst,xyz/p000078.xyz,/gpfs/scratch1/shared/schen3/benzoin-dg-restored/data/cross_benzoin/bde_homo_product_featurize_20260902/chunk_0987/geom.tar.zst,ald_xyz/a000038.xyz,0.5451116545490038,0.2538535705829901,0,0,,train
20644,20644,O=C(c1cc(OCc2cn(-c3ccnc4ccc(Cl)cc34)nn2)ccc1Br)C(O)c1cc(OCc2cn(-c3ccnc4ccc(Cl)cc34)nn2)ccc1Br,O=Cc1cc(OCc2cn(-c3ccnc4ccc(Cl)cc34)nn2)ccc1Br,/gpfs/scratch1/shared/schen3/benzoin-dg-restored/data/cross_benzoin/bde_homo_product_featurize_20260902/chunk_0206/geom.tar.zst,xyz/p000044.xyz,/gpfs/scratch1/shared/schen3/benzoin-dg-restored/data/cross_benzoin/bde_homo_product_featurize_20260902/chunk_0206/geom.tar.zst,ald_xyz/a000089.xyz,0.3981568602220022,0.1742123629990004,0,0,,validation
48190,48190,O=C(CCN1CCN(C(=O)Nc2ccc(F)cc2)CC1)C(O)CCN1CCN(C(=O)Nc2ccc(F)cc2)CC1,O=CCCN1CCN(C(=O)Nc2ccc(F)cc2)CC1,/gpfs/scratch1/shared/schen3/benzoin-dg-restored/data/cross_benzoin/bde_homo_product_featurize_20260902/chunk_0481/geom.tar.zst,xyz/p000090.xyz,/gpfs/scratch1/shared/schen3/benzoin-dg-restored/data/cross_benzoin/bde_homo_product_featurize_20260902/chunk_0481/geom.tar.zst,ald_xyz/a000069.xyz,0.4798204661610015,0.2216289725990066,0,0,,validation
197515,197515,Cc1c(Br)cc([Si](C)(C)C)c(F)c1C(=O)C(O)c1c(C)c(Br)cc([Si](C)(C)C)c1F,Cc1c(Br)cc([Si](C)(C)C)c(F)c1C=O,/gpfs/scratch1/shared/schen3/benzoin-dg-restored/data/cross_benzoin/bde_homo_product_featurize_20260902/chunk_1975/geom.tar.zst,xyz/p000015.xyz,/gpfs/scratch1/shared/schen3/benzoin-dg-restored/data/cross_benzoin/bde_homo_product_featurize_20260902/chunk_1975/geom.tar.zst,ald_xyz/a000044.xyz,0.328976085194995,0.1459172598709983,0,0,,train
86047,86047,Cc1nc(-c2ccc3c(c2)OC(F)(F)O3)c(-c2cc(Br)ccc2-c2cc(C(=O)C(O)c3cc(-c4ccc(Br)cc4-c4oc(C)nc4-c4ccc5c(c4)OC(F)(F)O5)n[nH]3)[nH]n2)o1,Cc1nc(-c2ccc3c(c2)OC(F)(F)O3)c(-c2cc(Br)ccc2-c2cc(C=O)[nH]n2)o1,/gpfs/scratch1/shared/schen3/benzoin-dg-restored/data/cross_benzoin/bde_homo_product_featurize_20260902/chunk_0860/geom.tar.zst,xyz/p000047.xyz,/gpfs/scratch1/shared/schen3/benzoin-dg-restored/data/cross_benzoin/bde_homo_product_featurize_20260902/chunk_0860/geom.tar.zst,ald_xyz/a000061.xyz,0.4195541917050036,0.1889698462750004,0,0,7.445460464175055,validation
13090,13090,CCC(C=CC(=O)NC(C)C(=O)C(O)C(C)NC(=O)C=CC(=Cc1ccc2c(c1)OCO2)CC)=Cc1ccc2c(c1)OCO2,CCC(/C=C/C(=O)NC(C)C=O)=C\c1ccc2c(c1)OCO2,/gpfs/scratch1/shared/schen3/benzoin-dg-restored/data/cross_benzoin/bde_homo_product_featurize_20260902/chunk_0130/geom.tar.zst,xyz/p000090.xyz,/gpfs/scratch1/shared/schen3/benzoin-dg-restored/data/cross_benzoin/bde_homo_product_featurize_20260902/chunk_0130/geom.tar.zst,ald_xyz/a000015.xyz,0.5117987373789958,0.2344064384830062,0,0,,train
97812,97812,CC(C)(C)OC(=O)NC(Cc1ccccc1)C1OC(C(=O)C(O)C2CC(C(c3ccccc3)C(F)(F)F)C(C(Cc3ccccc3)NC(=O)OC(C)(C)C)O2)CC1C(c1ccccc1)C(F)(F)F,CC(C)(C)OC(=O)N[C@@H](Cc1ccccc1)[C@H]1O[C@H](C=O)C[C@H]1[C@@H](c1ccccc1)C(F)(F)F,/gpfs/scratch1/shared/schen3/benzoin-dg-restored/data/cross_benzoin/bde_homo_product_featurize_20260902/chunk_0978/geom.tar.zst,xyz/p000012.xyz,/gpfs/scratch1/shared/schen3/benzoin-dg-restored/data/cross_benzoin/bde_homo_product_featurize_20260902/chunk_0978/geom.tar.zst,ald_xyz/a000006.xyz,0.8470847595709756,19.51992837567599,0,0,,validation
31736,31736,COCCCC(F)(F)C(=O)C(O)C(F)(F)CCCOC,COCCCC(F)(F)C=O,/gpfs/scratch1/shared/schen3/benzoin-dg-restored/data/cross_benzoin/bde_homo_product_featurize_20260902/chunk_0317/geom.tar.zst,xyz/p000036.xyz,/gpfs/scratch1/shared/schen3/benzoin-dg-restored/data/cross_benzoin/bde_homo_product_featurize_20260902/chunk_0317/geom.tar.zst,ald_xyz/a000040.xyz,0.2299370415729953,0.1003484147380007,0,0,-8.884369374741567,train
209392,209392,Cc1ccc(C(=O)c2cc(C(=O)C(O)c3cc(C(=O)c4ccc(C)cc4)n(C)c3)cn2C)cc1,Cc1ccc(C(=O)c2cc(C=O)cn2C)cc1,/gpfs/scratch1/shared/schen3/benzoin-dg-restored/data/cross_benzoin/bde_homo_product_featurize_20260902/chunk_2093/geom.tar.zst,xyz/p000092.xyz,/gpfs/scratch1/shared/schen3/benzoin-dg-restored/data/cross_benzoin/bde_homo_product_featurize_20260902/chunk_2093/geom.tar.zst,ald_xyz/a000065.xyz,0.3514824606699989,20.443786828674,0,0,,train
161079,161079,CCOc1nccc(-c2ccc(C(=O)C(O)c3ccc(-c4ccnc(OCC)c4F)c(Cl)c3)cc2Cl)c1F,CCOc1nccc(-c2ccc(C=O)cc2Cl)c1F,/gpfs/scratch1/shared/schen3/benzoin-dg-restored/data/cross_benzoin/bde_homo_product_featurize_20260902/chunk_1610/geom.tar.zst,xyz/p000079.xyz,/gpfs/scratch1/shared/schen3/benzoin-dg-restored/data/cross_benzoin/bde_homo_product_featurize_20260902/chunk_1610/geom.tar.zst,ald_xyz/a000020.xyz,0.3113170619210024,0.1407199939679984,0,0,,train
70430,70430,CNC1(CCC(=O)C(O)CCC2(NC)CN(C(=O)c3ccc(-c4ccccc4)cc3F)C2)CN(C(=O)c2ccc(-c3ccccc3)cc2F)C1,CNC1(CCC=O)CN(C(=O)c2ccc(-c3ccccc3)cc2F)C1,/gpfs/scratch1/shared/schen3/benzoin-dg-restored/data/cross_benzoin/bde_homo_product_featurize_20260902/chunk_0704/geom.tar.zst,xyz/p000030.xyz,/gpfs/scratch1/shared/schen3/benzoin-dg-restored/data/cross_benzoin/bde_homo_product_featurize_20260902/chunk_0704/geom.tar.zst,ald_xyz/a000023.xyz,0.573114540271007,2.2479522908320035,0,0,,train
192871,192871,COC(=O)c1c(C)ccc(F)c1C(=O)C(O)c1c(F)ccc(C)c1C(=O)OC,COC(=O)c1c(C)ccc(F)c1C=O,/gpfs/scratch1/shared/schen3/benzoin-dg-restored/data/cross_benzoin/bde_homo_product_featurize_20260902/chunk_1928/geom.tar.zst,xyz/p000071.xyz,/gpfs/scratch1/shared/schen3/benzoin-dg-restored/data/cross_benzoin/bde_homo_product_featurize_20260902/chunk_1928/geom.tar.zst,ald_xyz/a000085.xyz,0.2359496813540005,0.1023361649309961,0,0,,train
92166,92166,O=C(c1cc(-c2ccncc2Nc2ccc(F)cc2)n[nH]1)C(O)c1cc(-c2ccncc2Nc2ccc(F)cc2)n[nH]1,O=Cc1cc(-c2ccncc2Nc2ccc(F)cc2)n[nH]1,/gpfs/scratch1/shared/schen3/benzoin-dg-restored/data/cross_benzoin/bde_homo_product_featurize_20260902/chunk_0921/geom.tar.zst,xyz/p000066.xyz,/gpfs/scratch1/shared/schen3/benzoin-dg-restored/data/cross_benzoin/bde_homo_product_featurize_20260902/chunk_0921/geom.tar.zst,ald_xyz/a000075.xyz,0.3367769624280043,-0.1975184543790007,0,0,,train
31097,31097,CN1CCN(c2c(F)cc3c(=O)c(C(=O)C(O)c4cn5c6c(c(N7CCN(C)CC7)c(F)cc6c4=O)SCC5)cn4c3c2SCC4)CC1,CN1CCN(c2c(F)cc3c(=O)c(C=O)cn4c3c2SCC4)CC1,/gpfs/scratch1/shared/schen3/benzoin-dg-restored/data/cross_benzoin/bde_homo_product_featurize_20260902/chunk_0310/geom.tar.zst,xyz/p000097.xyz,/gpfs/scratch1/shared/schen3/benzoin-dg-restored/data/cross_benzoin/bde_homo_product_featurize_20260902/chunk_0310/geom.tar.zst,ald_xyz/a000026.xyz,0.5100818393179907,-7.128146006115003,0,0,11.341308587035249,train
137935,137935,Cc1ccc(Nc2ncnc(Cl)c2C(=O)C(O)c2c(Cl)ncnc2Nc2ccc(C)c(C(F)(F)F)c2)cc1C(F)(F)F,Cc1ccc(Nc2ncnc(Cl)c2C=O)cc1C(F)(F)F,/gpfs/scratch1/shared/schen3/benzoin-dg-restored/data/cross_benzoin/bde_homo_product_featurize_20260902/chunk_1379/geom.tar.zst,xyz/p000035.xyz,/gpfs/scratch1/shared/schen3/benzoin-dg-restored/data/cross_benzoin/bde_homo_product_featurize_20260902/chunk_1379/geom.tar.zst,ald_xyz/a000029.xyz,0.2879939040889923,0.1247820046449987,0,0,,train
46773,46773,CN=C(N)NN=Cc1ccc2ncnc(Nc3c(C(=O)C(O)c4ccc(Oc5cccc(F)c5)c(Cl)c4Nc4ncnc5ccc(C=NNC(N)=NC)cc45)ccc(Oc4cccc(F)c4)c3Cl)c2c1,CN=C(N)N/N=C/c1ccc2ncnc(Nc3c(C=O)ccc(Oc4cccc(F)c4)c3Cl)c2c1,/gpfs/scratch1/shared/schen3/benzoin-dg-restored/data/cross_benzoin/bde_homo_product_featurize_20260902/chunk_0467/geom.tar.zst,xyz/p000073.xyz,/gpfs/scratch1/shared/schen3/benzoin-dg-restored/data/cross_benzoin/bde_homo_product_featurize_20260902/chunk_0467/geom.tar.zst,ald_xyz/a000012.xyz,0.5994152295999982,4.677546743985005,0,0,,train
191751,191751,CC(=O)c1cc(C(=O)C(O)c2ccc(C(F)(F)F)c(C(C)=O)c2)ccc1C(F)(F)F,CC(=O)c1cc(C=O)ccc1C(F)(F)F,/gpfs/scratch1/shared/schen3/benzoin-dg-restored/data/cross_benzoin/bde_homo_product_featurize_20260902/chunk_1917/geom.tar.zst,xyz/p000051.xyz,/gpfs/scratch1/shared/schen3/benzoin-dg-restored/data/cross_benzoin/bde_homo_product_featurize_20260902/chunk_1917/geom.tar.zst,ald_xyz/a000007.xyz,0.1874956887170071,0.0911433084259982,0,0,,train
206709,206709,Cc1ccc2cccc(OCc3c(Cl)ccc(C(=O)C(O)c4ccc(Cl)c(COc5cccc6ccc(C)nc56)c4Cl)c3Cl)c2n1,Cc1ccc2cccc(OCc3c(Cl)ccc(C=O)c3Cl)c2n1,/gpfs/scratch1/shared/schen3/benzoin-dg-restored/data/cross_benzoin/bde_homo_product_featurize_20260902/chunk_2067/geom.tar.zst,xyz/p000009.xyz,/gpfs/scratch1/shared/schen3/benzoin-dg-restored/data/cross_benzoin/bde_homo_product_featurize_20260902/chunk_2067/geom.tar.zst,ald_xyz/a000070.xyz,0.4010618110119992,0.1768990233660048,0,0,,train
51402,51402,COc1c(Cl)ccc(-c2nc(NCc3ccccc3)c(NCc3ccccc3)c(C(=O)C(O)c3nc(-c4ccc(Cl)c(OC)c4F)nc(NCc4ccccc4)c3NCc3ccccc3)n2)c1F,COc1c(Cl)ccc(-c2nc(C=O)c(NCc3ccccc3)c(NCc3ccccc3)n2)c1F,/gpfs/scratch1/shared/schen3/benzoin-dg-restored/data/cross_benzoin/bde_homo_product_featurize_20260902/chunk_0514/geom.tar.zst,xyz/p000002.xyz,/gpfs/scratch1/shared/schen3/benzoin-dg-restored/data/cross_benzoin/bde_homo_product_featurize_20260902/chunk_0514/geom.tar.zst,ald_xyz/a000041.xyz,0.6704915152000126,0.3123121654910079,0,0,,train
84518,84518,O=C(c1cn(SF)c2cc([N+](=O)[O-])ccc12)C(O)c1cn(SF)c2cc([N+](=O)[O-])ccc12,O=Cc1cn(SF)c2cc([N+](=O)[O-])ccc12,/gpfs/scratch1/shared/schen3/benzoin-dg-restored/data/cross_benzoin/bde_homo_product_featurize_20260902/chunk_0845/geom.tar.zst,xyz/p000018.xyz,/gpfs/scratch1/shared/schen3/benzoin-dg-restored/data/cross_benzoin/bde_homo_product_featurize_20260902/chunk_0845/geom.tar.zst,ald_xyz/a000089.xyz,0.1444951366730009,0.0580319667569995,0,0,,train
132908,132908,CN1CCC(C(F)C(=O)C(O)C(F)C2CCN(C)CC2)CC1,CN1CCC(C(F)C=O)CC1,/gpfs/scratch1/shared/schen3/benzoin-dg-restored/data/cross_benzoin/bde_homo_product_featurize_20260902/chunk_1329/geom.tar.zst,xyz/p000008.xyz,/gpfs/scratch1/shared/schen3/benzoin-dg-restored/data/cross_benzoin/bde_homo_product_featurize_20260902/chunk_1329/geom.tar.zst,ald_xyz/a000015.xyz,0.3466551148189865,0.1597929145300014,0,0,0.4148926095801384,train
80198,80198,CC(C)(OC(=O)O)c1ccc(C(=O)C(O)c2ccc(C(C)(C)OC(=O)O)cc2F)c(F)c1,CC(C)(OC(=O)O)c1ccc(C=O)c(F)c1,/gpfs/scratch1/shared/schen3/benzoin-dg-restored/data/cross_benzoin/bde_homo_product_featurize_20260902/chunk_0801/geom.tar.zst,xyz/p000098.xyz,/gpfs/scratch1/shared/schen3/benzoin-dg-restored/data/cross_benzoin/bde_homo_product_featurize_20260902/chunk_0801/geom.tar.zst,ald_xyz/a000002.xyz,0.2761282936969991,0.123818090439002,0,0,,train
44560,44560,O=C(C(O)C(Cl)N1CCN(c2ncc(C(F)(F)F)cc2Cl)CC1)C(Cl)N1CCN(c2ncc(C(F)(F)F)cc2Cl)CC1,O=CC(Cl)N1CCN(c2ncc(C(F)(F)F)cc2Cl)CC1,/gpfs/scratch1/shared/schen3/benzoin-dg-restored/data/cross_benzoin/bde_homo_product_featurize_20260902/chunk_0445/geom.tar.zst,xyz/p000060.xyz,/gpfs/scratch1/shared/schen3/benzoin-dg-restored/data/cross_benzoin/bde_homo_product_featurize_20260902/chunk_0445/geom.tar.zst,ald_xyz/a000045.xyz,0.326772238557993,0.1480424013890058,0,0,,train
33090,33090,COc1cc([N+](=O)[O-])cc(C(=O)C(O)c2cc([N+](=O)[O-])cc(OC)c2OCC(=O)N2CC(C)N(Cc3ccc(F)cc3)CC2C)c1OCC(=O)N1CC(C)N(Cc2ccc(F)cc2)CC1C,COc1cc([N+](=O)[O-])cc(C=O)c1OCC(=O)N1CC(C)N(Cc2ccc(F)cc2)CC1C,/gpfs/scratch1/shared/schen3/benzoin-dg-restored/data/cross_benzoin/bde_homo_product_featurize_20260902/chunk_0330/geom.tar.zst,xyz/p000090.xyz,/gpfs/scratch1/shared/schen3/benzoin-dg-restored/data/cross_benzoin/bde_homo_product_featurize_20260902/chunk_0330/geom.tar.zst,ald_xyz/a000052.xyz,0.7365193965250114,0.3422062257630074,0,0,,train
163755,163755,O=C(c1cccc(SCCSC(F)(F)F)c1)C(O)c1cccc(SCCSC(F)(F)F)c1,O=Cc1cccc(SCCSC(F)(F)F)c1,/gpfs/scratch1/shared/schen3/benzoin-dg-restored/data/cross_benzoin/bde_homo_product_featurize_20260902/chunk_1637/geom.tar.zst,xyz/p000055.xyz,/gpfs/scratch1/shared/schen3/benzoin-dg-restored/data/cross_benzoin/bde_homo_product_featurize_20260902/chunk_1637/geom.tar.zst,ald_xyz/a000086.xyz,0.2370442487639934,0.1029723452589976,0,0,,train
133103,133103,COCCOc1ccc(C(F)(F)F)cc1NC(=O)c1ccc(C(=O)C(O)c2ccc(C(=O)Nc3cc(C(F)(F)F)ccc3OCCOC)cc2)cc1,COCCOc1ccc(C(F)(F)F)cc1NC(=O)c1ccc(C=O)cc1,/gpfs/scratch1/shared/schen3/benzoin-dg-restored/data/cross_benzoin/bde_homo_product_featurize_20260902/chunk_1331/geom.tar.zst,xyz/p000003.xyz,/gpfs/scratch1/shared/schen3/benzoin-dg-restored/data/cross_benzoin/bde_homo_product_featurize_20260902/chunk_1331/geom.tar.zst,ald_xyz/a000040.xyz,0.4490939408049996,0.209946310863998,0,0,,train
32162,32162,O=C(C1CCC(C(F)(F)Oc2ccc(OC(F)(F)F)c(F)c2)CC1)C(O)C1CCC(C(F)(F)Oc2ccc(OC(F)(F)F)c(F)c2)CC1,O=CC1CCC(C(F)(F)Oc2ccc(OC(F)(F)F)c(F)c2)CC1,/gpfs/scratch1/shared/schen3/benzoin-dg-restored/data/cross_benzoin/bde_homo_product_featurize_20260902/chunk_0321/geom.tar.zst,xyz/p000062.xyz,/gpfs/scratch1/shared/schen3/benzoin-dg-restored/data/cross_benzoin/bde_homo_product_featurize_20260902/chunk_0321/geom.tar.zst,ald_xyz/a000048.xyz,0.4072069715450084,-4.029656091869995,0,0,,train
179952,179952,CCOC(=O)Cc1ccc(C(F)(F)F)c(C#N)c1C(=O)C(O)c1c(CC(=O)OCC)ccc(C(F)(F)F)c1C#N,CCOC(=O)Cc1ccc(C(F)(F)F)c(C#N)c1C=O,/gpfs/scratch1/shared/schen3/benzoin-dg-restored/data/cross_benzoin/bde_homo_product_featurize_20260902/chunk_1799/geom.tar.zst,xyz/p000052.xyz,/gpfs/scratch1/shared/schen3/benzoin-dg-restored/data/cross_benzoin/bde_homo_product_featurize_20260902/chunk_1799/geom.tar.zst,ald_xyz/a000084.xyz,0.288221661988004,0.1270571896410004,0,0,,train
42082,42082,O=C(c1ccc2c(c1)c(Cl)nn2Cc1ccc(Cl)cc1C(F)(F)F)C(O)c1ccc2c(c1)c(Cl)nn2Cc1ccc(Cl)cc1C(F)(F)F,O=Cc1ccc2c(c1)c(Cl)nn2Cc1ccc(Cl)cc1C(F)(F)F,/gpfs/scratch1/shared/schen3/benzoin-dg-restored/data/cross_benzoin/bde_homo_product_featurize_20260902/chunk_0420/geom.tar.zst,xyz/p000082.xyz,/gpfs/scratch1/shared/schen3/benzoin-dg-restored/data/cross_benzoin/bde_homo_product_featurize_20260902/chunk_0420/geom.tar.zst,ald_xyz/a000082.xyz,0.294971560940013,0.1322852854609948,0,0,,train
141033,141033,Cc1cc(F)cc(-c2cc(Cl)ccc2C(=O)C(O)c2ccc(Cl)cc2-c2cc(C)cc(F)c2)c1,Cc1cc(F)cc(-c2cc(Cl)ccc2C=O)c1,/gpfs/scratch1/shared/schen3/benzoin-dg-restored/data/cross_benzoin/bde_homo_product_featurize_20260902/chunk_1410/geom.tar.zst,xyz/p000033.xyz,/gpfs/scratch1/shared/schen3/benzoin-dg-restored/data/cross_benzoin/bde_homo_product_featurize_20260902/chunk_1410/geom.tar.zst,ald_xyz/a000039.xyz,0.2931021788370032,0.1273172380710008,0,0,,train
62352,62352,O=C(c1cnc(N2CCC(Oc3ccc(OC(F)(F)F)cc3)CC2)nc1)C(O)c1cnc(N2CCC(Oc3ccc(OC(F)(F)F)cc3)CC2)nc1,O=Cc1cnc(N2CCC(Oc3ccc(OC(F)(F)F)cc3)CC2)nc1,/gpfs/scratch1/shared/schen3/benzoin-dg-restored/data/cross_benzoin/bde_homo_product_featurize_20260902/chunk_0623/geom.tar.zst,xyz/p000052.xyz,/gpfs/scratch1/shared/schen3/benzoin-dg-restored/data/cross_benzoin/bde_homo_product_featurize_20260902/chunk_0623/geom.tar.zst,ald_xyz/a000086.xyz,0.4705092929540058,0.2197250480909929,0,0,,validation
2042,2042,CCCc1nc(-n2c(C)ccc2C)c(C(=O)C(O)c2c(-n3c(C)ccc3C)nc(CCC)n2Cc2ccc(-c3ccccc3-c3nn[nH]n3)cc2)n1Cc1ccc(-c2ccccc2-c2nn[nH]n2)cc1,CCCc1nc(-n2c(C)ccc2C)c(C=O)n1Cc1ccc(-c2ccccc2-c2nn[nH]n2)cc1,/gpfs/scratch1/shared/schen3/benzoin-dg-restored/data/cross_benzoin/bde_homo_product_featurize_20260902/chunk_0020/geom.tar.zst,xyz/p000042.xyz,/gpfs/scratch1/shared/schen3/benzoin-dg-restored/data/cross_benzoin/bde_homo_product_featurize_20260902/chunk_0020/geom.tar.zst,ald_xyz/a000034.xyz,0.8048744140199915,-16.496062937296998,0,0,,train
208386,208386,CC(Cl)Oc1ccc(C(=O)C(O)c2ccc(OC(C)Cl)cc2)cc1,CC(Cl)Oc1ccc(C=O)cc1,/gpfs/scratch1/shared/schen3/benzoin-dg-restored/data/cross_benzoin/bde_homo_product_featurize_20260902/chunk_2083/geom.tar.zst,xyz/p000086.xyz,/gpfs/scratch1/shared/schen3/benzoin-dg-restored/data/cross_benzoin/bde_homo_product_featurize_20260902/chunk_2083/geom.tar.zst,ald_xyz/a000020.xyz,0.2217054182199973,3.347761505511002,0,0,,train
195941,195941,O=C(c1ccsc1-c1ccc(F)c(F)c1)C(O)c1ccsc1-c1ccc(F)c(F)c1,O=Cc1ccsc1-c1ccc(F)c(F)c1,/gpfs/scratch1/shared/schen3/benzoin-dg-restored/data/cross_benzoin/bde_homo_product_featurize_20260902/chunk_1959/geom.tar.zst,xyz/p000041.xyz,/gpfs/scratch1/shared/schen3/benzoin-dg-restored/data/cross_benzoin/bde_homo_product_featurize_20260902/chunk_1959/geom.tar.zst,ald_xyz/a000074.xyz,0.1843728063240064,0.0743561736849969,0,0,,train
194472,194472,O=C(O)Cc1cc(OC(F)F)c(C(=O)C(O)c2cc([N+](=O)[O-])c(CC(=O)O)cc2OC(F)F)cc1[N+](=O)[O-],O=Cc1cc([N+](=O)[O-])c(CC(=O)O)cc1OC(F)F,/gpfs/scratch1/shared/schen3/benzoin-dg-restored/data/cross_benzoin/bde_homo_product_featurize_20260902/chunk_1944/geom.tar.zst,xyz/p000072.xyz,/gpfs/scratch1/shared/schen3/benzoin-dg-restored/data/cross_benzoin/bde_homo_product_featurize_20260902/chunk_1944/geom.tar.zst,ald_xyz/a000076.xyz,0.1962711560150012,0.079945796634,0,0,,train
169449,169449,Cc1cnc(C(F)F)c(F)c1C(=O)C(O)c1c(C)cnc(C(F)F)c1F,Cc1cnc(C(F)F)c(F)c1C=O,/gpfs/scratch1/shared/schen3/benzoin-dg-restored/data/cross_benzoin/bde_homo_product_featurize_20260902/chunk_1694/geom.tar.zst,xyz/p000049.xyz,/gpfs/scratch1/shared/schen3/benzoin-dg-restored/data/cross_benzoin/bde_homo_product_featurize_20260902/chunk_1694/geom.tar.zst,ald_xyz/a000027.xyz,0.1672025033929998,0.068054052268998,0,0,,train
35425,35425,CC(C)C(C(C)C)C(C(=O)C(O)C(C(c1ccc(F)cc1)c1ccc(F)cc1)C(C(C)C)C(C)C)C(c1ccc(F)cc1)c1ccc(F)cc1,CC(C)C(C(C)C)C(C=O)C(c1ccc(F)cc1)c1ccc(F)cc1,/gpfs/scratch1/shared/schen3/benzoin-dg-restored/data/cross_benzoin/bde_homo_product_featurize_20260902/chunk_0354/geom.tar.zst,xyz/p000025.xyz,/gpfs/scratch1/shared/schen3/benzoin-dg-restored/data/cross_benzoin/bde_homo_product_featurize_20260902/chunk_0354/geom.tar.zst,ald_xyz/a000009.xyz,0.7230432105349962,0.3394481905880013,0,0,,train
113637,113637,O=C(CC1CCC2CCCCC2O1)C(O)CC1CCC2CCCCC2O1,O=CC[C@H]1CC[C@@H]2CCCC[C@H]2O1,/gpfs/scratch1/shared/schen3/benzoin-dg-restored/data/cross_benzoin/bde_homo_product_featurize_20260902/chunk_1136/geom.tar.zst,xyz/p000037.xyz,/gpfs/scratch1/shared/schen3/benzoin-dg-restored/data/cross_benzoin/bde_homo_product_featurize_20260902/chunk_1136/geom.tar.zst,ald_xyz/a000080.xyz,0.4653508513350033,-2.525426721353,0,0,8.303025782570396,train
8487,8487,O=C1CCC(C(=O)C(O)C2CCC(=O)O2)O1,O=C[C@H]1CCC(=O)O1,/gpfs/scratch1/shared/schen3/benzoin-dg-restored/data/cross_benzoin/bde_homo_product_featurize_20260902/chunk_0084/geom.tar.zst,xyz/p000087.xyz,/gpfs/scratch1/shared/schen3/benzoin-dg-restored/data/cross_benzoin/bde_homo_product_featurize_20260902/chunk_0084/geom.tar.zst,ald_xyz/a000084.xyz,0.1377166012189974,0.0551501600969999,0,0,-4.575249236652077,train
95498,95498,O=C(c1cc(-c2c(F)c(F)c(F)c(F)c2F)ccc1Cl)C(O)c1cc(-c2c(F)c(F)c(F)c(F)c2F)ccc1Cl,O=Cc1cc(-c2c(F)c(F)c(F)c(F)c2F)ccc1Cl,/gpfs/scratch1/shared/schen3/benzoin-dg-restored/data/cross_benzoin/bde_homo_product_featurize_20260902/chunk_0954/geom.tar.zst,xyz/p000098.xyz,/gpfs/scratch1/shared/schen3/benzoin-dg-restored/data/cross_benzoin/bde_homo_product_featurize_20260902/chunk_0954/geom.tar.zst,ald_xyz/a000087.xyz,0.1673154340819991,0.0676508641619975,0,0,,train
38830,38830,CSc1nc(Nc2ccccc2F)c(C(=O)C(O)c2c(Nc3ccccc3F)nc(SC)nc2-c2ccc(F)cc2C)c(-c2ccc(F)cc2C)n1,CSc1nc(Nc2ccccc2F)c(C=O)c(-c2ccc(F)cc2C)n1,/gpfs/scratch1/shared/schen3/benzoin-dg-restored/data/cross_benzoin/bde_homo_product_featurize_20260902/chunk_0388/geom.tar.zst,xyz/p000030.xyz,/gpfs/scratch1/shared/schen3/benzoin-dg-restored/data/cross_benzoin/bde_homo_product_featurize_20260902/chunk_0388/geom.tar.zst,ald_xyz/a000046.xyz,0.4626613136350102,0.2054655688559989,0,0,,train
153222,153222,CC1CN(c2cc(F)cc(C(=O)C(O)c3cc(F)cc(N4CC(C)OCC4C)c3)c2)C(C)CO1,CC1CN(c2cc(F)cc(C=O)c2)C(C)CO1,/gpfs/scratch1/shared/schen3/benzoin-dg-restored/data/cross_benzoin/bde_homo_product_featurize_20260902/chunk_1532/geom.tar.zst,xyz/p000022.xyz,/gpfs/scratch1/shared/schen3/benzoin-dg-restored/data/cross_benzoin/bde_homo_product_featurize_20260902/chunk_1532/geom.tar.zst,ald_xyz/a000012.xyz,0.4257341831879984,0.1981763021009968,0,0,,train
201071,201071,COCOc1cc(C(=O)C(O)c2cc(CC=C(C)CCC=C(C)C)c(OCOC)c(OCOC)c2)cc(CC=C(C)CCC=C(C)C)c1OCOC,COCOc1cc(C=O)cc(C/C=C(\C)CCC=C(C)C)c1OCOC,/gpfs/scratch1/shared/schen3/benzoin-dg-restored/data/cross_benzoin/bde_homo_product_featurize_20260902/chunk_2010/geom.tar.zst,xyz/p000071.xyz,/gpfs/scratch1/shared/schen3/benzoin-dg-restored/data/cross_benzoin/bde_homo_product_featurize_20260902/chunk_2010/geom.tar.zst,ald_xyz/a000046.xyz,0.7731124500030262,0.363459826186002,0,0,,train
119346,119346,CCCCC(C)(C=CC(CC)(CCC)c1ccc(C(=O)OC)cc1)CC(=O)C(O)CC(C)(C=CC(CC)(CCC)c1ccc(C(=O)OC)cc1)CCCC,CCCC[C@@](C)(/C=C/[C@](CC)(CCC)c1ccc(C(=O)OC)cc1)CC=O,/gpfs/scratch1/shared/schen3/benzoin-dg-restored/data/cross_benzoin/bde_homo_product_featurize_20260902/chunk_1193/geom.tar.zst,xyz/p000046.xyz,/gpfs/scratch1/shared/schen3/benzoin-dg-restored/data/cross_benzoin/bde_homo_product_featurize_20260902/chunk_1193/geom.tar.zst,ald_xyz/a000047.xyz,0.9272383190219956,0.4407870142629946,0,0,,train
152126,152126,CC(C)(C)OC(=O)NCCC(CF)C(=O)C(O)C(CF)CCNC(=O)OC(C)(C)C,CC(C)(C)OC(=O)NCCC(C=O)CF,/gpfs/scratch1/shared/schen3/benzoin-dg-restored/data/cross_benzoin/bde_homo_product_featurize_20260902/chunk_1521/geom.tar.zst,xyz/p000026.xyz,/gpfs/scratch1/shared/schen3/benzoin-dg-restored/data/cross_benzoin/bde_homo_product_featurize_20260902/chunk_1521/geom.tar.zst,ald_xyz/a000004.xyz,0.438263052341,0.1996708824069983,0,0,,validation
76152,76152,O=C(O)c1ccc(F)cc1-c1cn[nH]c1C(=O)C(O)c1[nH]ncc1-c1cc(F)ccc1C(=O)O,O=Cc1[nH]ncc1-c1cc(F)ccc1C(=O)O,/gpfs/scratch1/shared/schen3/benzoin-dg-restored/data/cross_benzoin/bde_homo_product_featurize_20260902/chunk_0761/geom.tar.zst,xyz/p000052.xyz,/gpfs/scratch1/shared/schen3/benzoin-dg-restored/data/cross_benzoin/bde_homo_product_featurize_20260902/chunk_0761/geom.tar.zst,ald_xyz/a000082.xyz,0.2097126067030075,0.086118963548003,0,0,,train
77081,77081,O=C(c1[nH]ncc1C(F)(F)Cl)C(O)c1[nH]ncc1C(F)(F)Cl,O=Cc1[nH]ncc1C(F)(F)Cl,/gpfs/scratch1/shared/schen3/benzoin-dg-restored/data/cross_benzoin/bde_homo_product_featurize_20260902/chunk_0770/geom.tar.zst,xyz/p000081.xyz,/gpfs/scratch1/shared/schen3/benzoin-dg-restored/data/cross_benzoin/bde_homo_product_featurize_20260902/chunk_0770/geom.tar.zst,ald_xyz/a000083.xyz,0.0758284333699919,0.0249326041780051,0,0,,train
110252,110252,COc1cc(-c2oc3cc(O)ccc3c2C(=O)C(O)c2c(-c3cc(OC)c(O)cc3OC)oc3cc(O)ccc23)c(OC)cc1O,COc1cc(-c2oc3cc(O)ccc3c2C=O)c(OC)cc1O,/gpfs/scratch1/shared/schen3/benzoin-dg-restored/data/cross_benzoin/bde_homo_product_featurize_20260902/chunk_1102/geom.tar.zst,xyz/p000052.xyz,/gpfs/scratch1/shared/schen3/benzoin-dg-restored/data/cross_benzoin/bde_homo_product_featurize_20260902/chunk_1102/geom.tar.zst,ald_xyz/a000050.xyz,0.4119920345490016,0.1819164688889998,0,0,,train
44293,44293,COCc1[nH]nc(-c2ccccc2F)c1C(=O)C(O)c1c(-c2ccccc2F)n[nH]c1COC,COCc1[nH]nc(-c2ccccc2F)c1C=O,/gpfs/scratch1/shared/schen3/benzoin-dg-restored/data/cross_benzoin/bde_homo_product_featurize_20260902/chunk_0442/geom.tar.zst,xyz/p000093.xyz,/gpfs/scratch1/shared/schen3/benzoin-dg-restored/data/cross_benzoin/bde_homo_product_featurize_20260902/chunk_0442/geom.tar.zst,ald_xyz/a000051.xyz,0.3125109312830005,-0.1454306385990023,0,0,,train
124164,124164,COc1cc(C=CC(=O)OC(C(=O)C(O)C(OC(=O)C=Cc2cc(OC)c(O)c(OC)c2)C(O)C(O)C(O)CO)C(O)C(O)C(O)CO)cc(OC)c1O,COc1cc(/C=C/C(=O)O[C@@H](C=O)[C@@H](O)[C@H](O)[C@H](O)CO)cc(OC)c1O,/gpfs/scratch1/shared/schen3/benzoin-dg-restored/data/cross_benzoin/bde_homo_product_featurize_20260902/chunk_1241/geom.tar.zst,xyz/p000064.xyz,/gpfs/scratch1/shared/schen3/benzoin-dg-restored/data/cross_benzoin/bde_homo_product_featurize_20260902/chunk_1241/geom.tar.zst,ald_xyz/a000050.xyz,0.5689057467600094,0.2576787080869991,0,0,,train
54973,54973,O=C(Nc1cc(-c2cccc(Cl)c2)ccc1C(=O)C(O)c1ccc(-c2cccc(Cl)c2)cc1NC(=O)c1ccc(F)cc1)c1ccc(F)cc1,O=Cc1ccc(-c2cccc(Cl)c2)cc1NC(=O)c1ccc(F)cc1,/gpfs/scratch1/shared/schen3/benzoin-dg-restored/data/cross_benzoin/bde_homo_product_featurize_20260902/chunk_0549/geom.tar.zst,xyz/p000073.xyz,/gpfs/scratch1/shared/schen3/benzoin-dg-restored/data/cross_benzoin/bde_homo_product_featurize_20260902/chunk_0549/geom.tar.zst,ald_xyz/a000066.xyz,0.4015063096709923,0.186304797985997,0,0,,train
144952,144952,O=C(c1nnsc1-c1ccccc1F)C(O)c1nnsc1-c1ccccc1F,O=Cc1nnsc1-c1ccccc1F,/gpfs/scratch1/shared/schen3/benzoin-dg-restored/data/cross_benzoin/bde_homo_product_featurize_20260902/chunk_1449/geom.tar.zst,xyz/p000052.xyz,/gpfs/scratch1/shared/schen3/benzoin-dg-restored/data/cross_benzoin/bde_homo_product_featurize_20260902/chunk_1449/geom.tar.zst,ald_xyz/a000084.xyz,0.1532643335430066,0.0612184293930013,0,0,,train
48349,48349,O=C(C(Br)Cc1cc(Br)ccc1OCc1ccc(F)cc1)C(O)C(Br)Cc1cc(Br)ccc1OCc1ccc(F)cc1,O=CC(Br)Cc1cc(Br)ccc1OCc1ccc(F)cc1,/gpfs/scratch1/shared/schen3/benzoin-dg-restored/data/cross_benzoin/bde_homo_product_featurize_20260902/chunk_0483/geom.tar.zst,xyz/p000049.xyz,/gpfs/scratch1/shared/schen3/benzoin-dg-restored/data/cross_benzoin/bde_homo_product_featurize_20260902/chunk_0483/geom.tar.zst,ald_xyz/a000070.xyz,0.360287936584001,0.1615275274969931,0,0,,train
29374,29374,O=C(c1c(C2CCCCC2)[nH]c2c(F)cc(Cl)cc12)C(O)c1c(C2CCCCC2)[nH]c2c(F)cc(Cl)cc12,O=Cc1c(C2CCCCC2)[nH]c2c(F)cc(Cl)cc12,/gpfs/scratch1/shared/schen3/benzoin-dg-restored/data/cross_benzoin/bde_homo_product_featurize_20260902/chunk_0293/geom.tar.zst,xyz/p000074.xyz,/gpfs/scratch1/shared/schen3/benzoin-dg-restored/data/cross_benzoin/bde_homo_product_featurize_20260902/chunk_0293/geom.tar.zst,ald_xyz/a000080.xyz,0.4261493774749993,0.1943291409069942,0,0,,train
57742,57742,CC(C)(C)c1cc(C(=O)C(O)c2cc(C(C)(C)C)c(OCF)cc2C(C)(C)C)c(C(C)(C)C)cc1OCF,CC(C)(C)c1cc(OCF)c(C(C)(C)C)cc1C=O,/gpfs/scratch1/shared/schen3/benzoin-dg-restored/data/cross_benzoin/bde_homo_product_featurize_20260902/chunk_0577/geom.tar.zst,xyz/p000042.xyz,/gpfs/scratch1/shared/schen3/benzoin-dg-restored/data/cross_benzoin/bde_homo_product_featurize_20260902/chunk_0577/geom.tar.zst,ald_xyz/a000001.xyz,0.5993475524649909,0.1375392876770007,0,0,,train
49888,49888,CC1COc2c(NCCNc3cc(F)cc(F)n3)c(F)c(N)c3c(=O)c(C(=O)C(O)c4cn5c6c(c(NCCNc7cc(F)cc(F)n7)c(F)c(N)c6c4=O)OCC5C)cn1c23,CC1COc2c(NCCNc3cc(F)cc(F)n3)c(F)c(N)c3c(=O)c(C=O)cn1c23,/gpfs/scratch1/shared/schen3/benzoin-dg-restored/data/cross_benzoin/bde_homo_product_featurize_20260902/chunk_0498/geom.tar.zst,xyz/p000088.xyz,/gpfs/scratch1/shared/schen3/benzoin-dg-restored/data/cross_benzoin/bde_homo_product_featurize_20260902/chunk_0498/geom.tar.zst,ald_xyz/a000015.xyz,0.5451811504159991,0.2488903146490031,0,0,,test
152237,152237,COc1ccc(C2(C(=O)C(O)C3(c4ccc(OC)cc4)CC(F)(F)C3)CC(F)(F)C2)cc1,COc1ccc(C2(C=O)CC(F)(F)C2)cc1,/gpfs/scratch1/shared/schen3/benzoin-dg-restored/data/cross_benzoin/bde_homo_product_featurize_20260902/chunk_1522/geom.tar.zst,xyz/p000037.xyz,/gpfs/scratch1/shared/schen3/benzoin-dg-restored/data/cross_benzoin/bde_homo_product_featurize_20260902/chunk_1522/geom.tar.zst,ald_xyz/a000032.xyz,0.3347208129950019,0.1461456460270014,0,0,,train
31068,31068,O=C(C(O)C(O)C(O)(F)C(O)CO)C(O)C(O)(F)C(O)CO,O=C[C@H](O)[C@@](O)(F)[C@H](O)CO,/gpfs/scratch1/shared/schen3/benzoin-dg-restored/data/cross_benzoin/bde_homo_product_featurize_20260902/chunk_0310/geom.tar.zst,xyz/p000068.xyz,/gpfs/scratch1/shared/schen3/benzoin-dg-restored/data/cross_benzoin/bde_homo_product_featurize_20260902/chunk_0310/geom.tar.zst,ald_xyz/a000082.xyz,0.191543512544996,0.073626149905003,0,0,,train
159714,159714,CN(Cc1ccccc1F)c1cc(Cl)ccc1C(=O)C(O)c1ccc(Cl)cc1N(C)Cc1ccccc1F,CN(Cc1ccccc1F)c1cc(Cl)ccc1C=O,/gpfs/scratch1/shared/schen3/benzoin-dg-restored/data/cross_benzoin/bde_homo_product_featurize_20260902/chunk_1597/geom.tar.zst,xyz/p000014.xyz,/gpfs/scratch1/shared/schen3/benzoin-dg-restored/data/cross_benzoin/bde_homo_product_featurize_20260902/chunk_1597/geom.tar.zst,ald_xyz/a000009.xyz,0.3704702948770091,0.1672610822669966,0,0,,train
97355,97355,COc1c(F)cc2c(N3CCC4(CC3)OCCO4)c(C(=O)C(O)c3cnc4c(F)c(OC)c(F)cc4c3N3CCC4(CC3)OCCO4)cnc2c1F,COc1c(F)cc2c(N3CCC4(CC3)OCCO4)c(C=O)cnc2c1F,/gpfs/scratch1/shared/schen3/benzoin-dg-restored/data/cross_benzoin/bde_homo_product_featurize_20260902/chunk_0973/geom.tar.zst,xyz/p000055.xyz,/gpfs/scratch1/shared/schen3/benzoin-dg-restored/data/cross_benzoin/bde_homo_product_featurize_20260902/chunk_0973/geom.tar.zst,ald_xyz/a000034.xyz,0.5319344002700177,0.2473225977549873,0,0,,train
106420,106420,CC(=O)Nc1ncc(-c2cc(C(=O)C(O)c3cc(-c4cnc(NC(C)=O)c(Nc5cc(C)nc(C(C)(F)F)n5)c4)nn3C)n(C)n2)cc1Nc1cc(C)nc(C(C)(F)F)n1,CC(=O)Nc1ncc(-c2cc(C=O)n(C)n2)cc1Nc1cc(C)nc(C(C)(F)F)n1,/gpfs/scratch1/shared/schen3/benzoin-dg-restored/data/cross_benzoin/bde_homo_product_featurize_20260902/chunk_1064/geom.tar.zst,xyz/p000020.xyz,/gpfs/scratch1/shared/schen3/benzoin-dg-restored/data/cross_benzoin/bde_homo_product_featurize_20260902/chunk_1064/geom.tar.zst,ald_xyz/a000003.xyz,0.550476984985977,0.2548988306750033,0,0,,train
69752,69752,COc1nc(Cl)c(C(F)(F)F)cc1C(=O)C(O)c1cc(C(F)(F)F)c(Cl)nc1OC,COc1nc(Cl)c(C(F)(F)F)cc1C=O,/gpfs/scratch1/shared/schen3/benzoin-dg-restored/data/cross_benzoin/bde_homo_product_featurize_20260902/chunk_0697/geom.tar.zst,xyz/p000052.xyz,/gpfs/scratch1/shared/schen3/benzoin-dg-restored/data/cross_benzoin/bde_homo_product_featurize_20260902/chunk_0697/geom.tar.zst,ald_xyz/a000027.xyz,0.1445926648320039,0.0567433131829986,0,0,,train
198325,198325,CC(C)(C)OC(=O)c1ccc(-c2cccc(C(=O)C(O)c3cccc(-c4ccc(C(=O)OC(C)(C)C)c(F)c4)c3)c2)cc1F,CC(C)(C)OC(=O)c1ccc(-c2cccc(C=O)c2)cc1F,/gpfs/scratch1/shared/schen3/benzoin-dg-restored/data/cross_benzoin/bde_homo_product_featurize_20260902/chunk_1983/geom.tar.zst,xyz/p000025.xyz,/gpfs/scratch1/shared/schen3/benzoin-dg-restored/data/cross_benzoin/bde_homo_product_featurize_20260902/chunk_1983/geom.tar.zst,ald_xyz/a000026.xyz,0.4670013396720094,0.218477706076996,0,0,,train
47190,47190,O=C(C(F)c1ccc(Br)s1)C(O)C(F)c1ccc(Br)s1,O=CC(F)c1ccc(Br)s1,/gpfs/scratch1/shared/schen3/benzoin-dg-restored/data/cross_benzoin/bde_homo_product_featurize_20260902/chunk_0471/geom.tar.zst,xyz/p000090.xyz,/gpfs/scratch1/shared/schen3/benzoin-dg-restored/data/cross_benzoin/bde_homo_product_featurize_20260902/chunk_0471/geom.tar.zst,ald_xyz/a000067.xyz,0.0841647323339955,0.0273231129049982,0,0,,train
158197,158197,Cc1ccnc(Sc2c(F)cccc2C(=O)C(O)c2cccc(F)c2Sc2nccc(C)n2)n1,Cc1ccnc(Sc2c(F)cccc2C=O)n1,/gpfs/scratch1/shared/schen3/benzoin-dg-restored/data/cross_benzoin/bde_homo_product_featurize_20260902/chunk_1581/geom.tar.zst,xyz/p000097.xyz,/gpfs/scratch1/shared/schen3/benzoin-dg-restored/data/cross_benzoin/bde_homo_product_featurize_20260902/chunk_1581/geom.tar.zst,ald_xyz/a000038.xyz,0.261901774847999,0.1162694250029972,0,0,,train
186196,186196,CC(C)(C)OC(=O)NC(C)(C(=O)C(O)C(C)(NC(=O)OC(C)(C)C)c1cccc(SC(F)F)c1)c1cccc(SC(F)F)c1,CC(C)(C)OC(=O)NC(C)(C=O)c1cccc(SC(F)F)c1,/gpfs/scratch1/shared/schen3/benzoin-dg-restored/data/cross_benzoin/bde_homo_product_featurize_20260902/chunk_1861/geom.tar.zst,xyz/p000096.xyz,/gpfs/scratch1/shared/schen3/benzoin-dg-restored/data/cross_benzoin/bde_homo_product_featurize_20260902/chunk_1861/geom.tar.zst,ald_xyz/a000004.xyz,0.5004673995720168,0.2279772177230086,0,0,,train
185483,185483,CC1CCCC1(CCCF)C(=O)C(O)C1(CCCF)CCCC1C,CC1CCCC1(C=O)CCCF,/gpfs/scratch1/shared/schen3/benzoin-dg-restored/data/cross_benzoin/bde_homo_product_featurize_20260902/chunk_1854/geom.tar.zst,xyz/p000083.xyz,/gpfs/scratch1/shared/schen3/benzoin-dg-restored/data/cross_benzoin/bde_homo_product_featurize_20260902/chunk_1854/geom.tar.zst,ald_xyz/a000037.xyz,0.4247568541370015,0.1954704521089993,0,0,,train
30001,30001,O=C(CCc1ccccc1)Nc1cc(F)ccc1C(=O)C(O)c1ccc(F)cc1NC(=O)CCc1ccccc1,O=Cc1ccc(F)cc1NC(=O)CCc1ccccc1,/gpfs/scratch1/shared/schen3/benzoin-dg-restored/data/cross_benzoin/bde_homo_product_featurize_20260902/chunk_0300/geom.tar.zst,xyz/p000001.xyz,/gpfs/scratch1/shared/schen3/benzoin-dg-restored/data/cross_benzoin/bde_homo_product_featurize_20260902/chunk_0300/geom.tar.zst,ald_xyz/a000074.xyz,0.4097973500389997,0.183029974473996,0,0,,train
28681,28681,O=C(c1ccc(N2CCC(C(=O)N(Cc3c(F)cccc3Cl)C3CC3)CC2)cc1)C(O)c1ccc(N2CCC(C(=O)N(Cc3c(F)cccc3Cl)C3CC3)CC2)cc1,O=Cc1ccc(N2CCC(C(=O)N(Cc3c(F)cccc3Cl)C3CC3)CC2)cc1,/gpfs/scratch1/shared/schen3/benzoin-dg-restored/data/cross_benzoin/bde_homo_product_featurize_20260902/chunk_0286/geom.tar.zst,xyz/p000081.xyz,/gpfs/scratch1/shared/schen3/benzoin-dg-restored/data/cross_benzoin/bde_homo_product_featurize_20260902/chunk_0286/geom.tar.zst,ald_xyz/a000042.xyz,0.6720476608149966,-1.856162731645,0,0,,train
182330,182330,O=C(C(O)C(O)C(O)CC(O)CO)C(O)C(O)C(O)C(O)CC(O)CO,O=C[C@@H](O)[C@H](O)[C@H](O)C[C@H](O)CO,/gpfs/scratch1/shared/schen3/benzoin-dg-restored/data/cross_benzoin/bde_homo_product_featurize_20260902/chunk_1823/geom.tar.zst,xyz/p000030.xyz,/gpfs/scratch1/shared/schen3/benzoin-dg-restored/data/cross_benzoin/bde_homo_product_featurize_20260902/chunk_1823/geom.tar.zst,ald_xyz/a000057.xyz,0.3041417187409934,0.1347040384740054,0,0,-5.752291212511394,validation
66561,66561,O=C(OCC(Br)CC(F)C(=O)C(O)C(F)CC(Br)COC(=O)c1ccccc1)c1ccccc1,O=C[C@@H](F)C[C@@H](Br)COC(=O)c1ccccc1,/gpfs/scratch1/shared/schen3/benzoin-dg-restored/data/cross_benzoin/bde_homo_product_featurize_20260902/chunk_0665/geom.tar.zst,xyz/p000061.xyz,/gpfs/scratch1/shared/schen3/benzoin-dg-restored/data/cross_benzoin/bde_homo_product_featurize_20260902/chunk_0665/geom.tar.zst,ald_xyz/a000082.xyz,0.3069547603619895,0.1380781882700006,0,0,,train
50172,50172,CNS(=O)(=O)c1c(C(=O)C(O)c2nn(-c3c(Cl)cc(C(F)(F)F)cc3Cl)c(N)c2S(=O)(=O)NC)nn(-c2c(Cl)cc(C(F)(F)F)cc2Cl)c1N,CNS(=O)(=O)c1c(C=O)nn(-c2c(Cl)cc(C(F)(F)F)cc2Cl)c1N,/gpfs/scratch1/shared/schen3/benzoin-dg-restored/data/cross_benzoin/bde_homo_product_featurize_20260902/chunk_0501/geom.tar.zst,xyz/p000072.xyz,/gpfs/scratch1/shared/schen3/benzoin-dg-restored/data/cross_benzoin/bde_homo_product_featurize_20260902/chunk_0501/geom.tar.zst,ald_xyz/a000032.xyz,0.2650789829209827,0.1128398483679973,0,0,,train
35662,35662,O=C(c1c(C(F)F)nn(-c2ccc(Br)cc2)c1Cl)C(O)c1c(C(F)F)nn(-c2ccc(Br)cc2)c1Cl,O=Cc1c(C(F)F)nn(-c2ccc(Br)cc2)c1Cl,/gpfs/scratch1/shared/schen3/benzoin-dg-restored/data/cross_benzoin/bde_homo_product_featurize_20260902/chunk_0356/geom.tar.zst,xyz/p000062.xyz,/gpfs/scratch1/shared/schen3/benzoin-dg-restored/data/cross_benzoin/bde_homo_product_featurize_20260902/chunk_0356/geom.tar.zst,ald_xyz/a000074.xyz,0.1827296257019952,0.0739391670439957,0,0,,train
65766,65766,N#Cc1cccc(-n2nc(C(F)(F)F)cc2C(=O)Nc2ccc(F)c(C(=O)C(O)c3cc(NC(=O)c4cc(C(F)(F)F)nn4-c4cccc(C#N)c4)ccc3F)c2)c1,N#Cc1cccc(-n2nc(C(F)(F)F)cc2C(=O)Nc2ccc(F)c(C=O)c2)c1,/gpfs/scratch1/shared/schen3/benzoin-dg-restored/data/cross_benzoin/bde_homo_product_featurize_20260902/chunk_0657/geom.tar.zst,xyz/p000066.xyz,/gpfs/scratch1/shared/schen3/benzoin-dg-restored/data/cross_benzoin/bde_homo_product_featurize_20260902/chunk_0657/geom.tar.zst,ald_xyz/a000057.xyz,0.3569429332580114,0.1566636500050009,0,0,,test
119493,119493,CCOC(=O)c1c(-c2ccccc2)oc(C(=O)C(O)c2oc(-c3ccccc3)c(C(=O)OCC)c2-c2ccccn2)c1-c1ccccn1,CCOC(=O)c1c(-c2ccccc2)oc(C=O)c1-c1ccccn1,/gpfs/scratch1/shared/schen3/benzoin-dg-restored/data/cross_benzoin/bde_homo_product_featurize_20260902/chunk_1194/geom.tar.zst,xyz/p000093.xyz,/gpfs/scratch1/shared/schen3/benzoin-dg-restored/data/cross_benzoin/bde_homo_product_featurize_20260902/chunk_1194/geom.tar.zst,ald_xyz/a000038.xyz,0.4588277920910002,0.2087372456010001,0,0,,
196711,196711,COc1cc(OC)cc(-c2ncc(C(F)(F)F)cc2C(=O)C(O)c2cc(C(F)(F)F)cnc2-c2cc(OC)cc(OC)c2)c1,COc1cc(OC)cc(-c2ncc(C(F)(F)F)cc2C=O)c1,/gpfs/scratch1/shared/schen3/benzoin-dg-restored/data/cross_benzoin/bde_homo_product_featurize_20260902/chunk_1967/geom.tar.zst,xyz/p000011.xyz,/gpfs/scratch1/shared/schen3/benzoin-dg-restored/data/cross_benzoin/bde_homo_product_featurize_20260902/chunk_1967/geom.tar.zst,ald_xyz/a000006.xyz,0.3623937760540059,0.1604372079900002,0,0,,train
184755,184755,CN(C)c1ccc(CCCC(=O)C(O)CCCc2ccc(N(C)C)c(F)c2)cc1F,CN(C)c1ccc(CCCC=O)cc1F,/gpfs/scratch1/shared/schen3/benzoin-dg-restored/data/cross_benzoin/bde_homo_product_featurize_20260902/chunk_1847/geom.tar.zst,xyz/p000055.xyz,/gpfs/scratch1/shared/schen3/benzoin-dg-restored/data/cross_benzoin/bde_homo_product_featurize_20260902/chunk_1847/geom.tar.zst,ald_xyz/a000052.xyz,0.4014556266100015,0.1867110754650056,0,0,,train
120125,120125,CC(C)=Cc1sc(C(C)C)c(C(=O)C(O)c2c(C(C)C)sc(C=C(C)C)c2C=C(C)C)c1C=C(C)C,CC(C)=Cc1sc(C(C)C)c(C=O)c1C=C(C)C,/gpfs/scratch1/shared/schen3/benzoin-dg-restored/data/cross_benzoin/bde_homo_product_featurize_20260902/chunk_1201/geom.tar.zst,xyz/p000025.xyz,/gpfs/scratch1/shared/schen3/benzoin-dg-restored/data/cross_benzoin/bde_homo_product_featurize_20260902/chunk_1201/geom.tar.zst,ald_xyz/a000018.xyz,0.5578150841059966,0.2585093146119988,0,0,7.217463030313865,train
180401,180401,O=C(c1nc(OC(F)(F)F)c(I)cc1[N+](=O)[O-])C(O)c1nc(OC(F)(F)F)c(I)cc1[N+](=O)[O-],O=Cc1nc(OC(F)(F)F)c(I)cc1[N+](=O)[O-],/gpfs/scratch1/shared/schen3/benzoin-dg-restored/data/cross_benzoin/bde_homo_product_featurize_20260902/chunk_1804/geom.tar.zst,xyz/p000001.xyz,/gpfs/scratch1/shared/schen3/benzoin-dg-restored/data/cross_benzoin/bde_homo_product_featurize_20260902/chunk_1804/geom.tar.zst,ald_xyz/a000096.xyz,0.0744813875409988,8.758188999700003,0,0,,train
27975,27975,CC1=CCC(C2(C)Cc3c(Oc4ccccc4)cc(C(=O)C(O)c4cc(Oc5ccccc5)c5c(c4)OC(C)(C4CC=C(C)CC4)C5)cc3O2)CC1,CC1=CCC([C@]2(C)Cc3c(Oc4ccccc4)cc(C=O)cc3O2)CC1,/gpfs/scratch1/shared/schen3/benzoin-dg-restored/data/cross_benzoin/bde_homo_product_featurize_20260902/chunk_0279/geom.tar.zst,xyz/p000075.xyz,/gpfs/scratch1/shared/schen3/benzoin-dg-restored/data/cross_benzoin/bde_homo_product_featurize_20260902/chunk_0279/geom.tar.zst,ald_xyz/a000021.xyz,0.6797355242860021,0.3210275309869956,0,0,,validation
43378,43378,O=C(c1c(C2CC2)nc2ccc(-c3cc(F)c(O)c(F)c3)cc2c1NCC1CCNCC1)C(O)c1c(C2CC2)nc2ccc(-c3cc(F)c(O)c(F)c3)cc2c1NCC1CCNCC1,O=Cc1c(C2CC2)nc2ccc(-c3cc(F)c(O)c(F)c3)cc2c1NCC1CCNCC1,/gpfs/scratch1/shared/schen3/benzoin-dg-restored/data/cross_benzoin/bde_homo_product_featurize_20260902/chunk_0433/geom.tar.zst,xyz/p000078.xyz,/gpfs/scratch1/shared/schen3/benzoin-dg-restored/data/cross_benzoin/bde_homo_product_featurize_20260902/chunk_0433/geom.tar.zst,ald_xyz/a000084.xyz,0.7399852488810268,0.3471591346819878,0,0,20.84651077195756,test
193541,193541,NC(=O)c1c(C(F)(F)F)ccc(C(=O)C(O)c2ccc(C(F)(F)F)c(C(N)=O)c2F)c1F,NC(=O)c1c(C(F)(F)F)ccc(C=O)c1F,/gpfs/scratch1/shared/schen3/benzoin-dg-restored/data/cross_benzoin/bde_homo_product_featurize_20260902/chunk_1935/geom.tar.zst,xyz/p000041.xyz,/gpfs/scratch1/shared/schen3/benzoin-dg-restored/data/cross_benzoin/bde_homo_product_featurize_20260902/chunk_1935/geom.tar.zst,ald_xyz/a000034.xyz,0.148711983538007,0.0565364351160013,0,0,,train
19806,19806,CCCCCCC(CC(O[N+](=O)[O-])c1ccc(F)cc1)C(=O)C(O)C(CCCCCC)CC(O[N+](=O)[O-])c1ccc(F)cc1,CCCCCC[C@H](C=O)C[C@H](O[N+](=O)[O-])c1ccc(F)cc1,/gpfs/scratch1/shared/schen3/benzoin-dg-restored/data/cross_benzoin/bde_homo_product_featurize_20260902/chunk_0198/geom.tar.zst,xyz/p000006.xyz,/gpfs/scratch1/shared/schen3/benzoin-dg-restored/data/cross_benzoin/bde_homo_product_featurize_20260902/chunk_0198/geom.tar.zst,ald_xyz/a000037.xyz,0.5731983059179981,0.2677753268770004,0,0,,train
121443,121443,CCCCCCC(CC(=O)c1ccco1)C(=O)C(O)C(CCCCCC)CC(=O)c1ccco1,CCCCCCC(C=O)CC(=O)c1ccco1,/gpfs/scratch1/shared/schen3/benzoin-dg-restored/data/cross_benzoin/bde_homo_product_featurize_20260902/chunk_1214/geom.tar.zst,xyz/p000043.xyz,/gpfs/scratch1/shared/schen3/benzoin-dg-restored/data/cross_benzoin/bde_homo_product_featurize_20260902/chunk_1214/geom.tar.zst,ald_xyz/a000033.xyz,0.5066023843170058,0.233626152044998,0,0,,train
46271,46271,COc1cc(N2CCN(C(C(=O)C(O)C(N3CCN(c4cc(OC)c(Cl)cc4F)CC3)n3ncc4cccnc43)n3ncc4cccnc43)CC2)c(F)cc1Cl,COc1cc(N2CCN(C(C=O)n3ncc4cccnc43)CC2)c(F)cc1Cl,/gpfs/scratch1/shared/schen3/benzoin-dg-restored/data/cross_benzoin/bde_homo_product_featurize_20260902/chunk_0462/geom.tar.zst,xyz/p000071.xyz,/gpfs/scratch1/shared/schen3/benzoin-dg-restored/data/cross_benzoin/bde_homo_product_featurize_20260902/chunk_0462/geom.tar.zst,ald_xyz/a000037.xyz,0.5726440305819835,-2.154477048792004,0,0,,validation
68907,68907,Cc1ccn(CCN(C)c2ccc(C(F)(F)F)cc2)c1C(=O)C(O)c1c(C)ccn1CCN(C)c1ccc(C(F)(F)F)cc1,Cc1ccn(CCN(C)c2ccc(C(F)(F)F)cc2)c1C=O,/gpfs/scratch1/shared/schen3/benzoin-dg-restored/data/cross_benzoin/bde_homo_product_featurize_20260902/chunk_0689/geom.tar.zst,xyz/p000007.xyz,/gpfs/scratch1/shared/schen3/benzoin-dg-restored/data/cross_benzoin/bde_homo_product_featurize_20260902/chunk_0689/geom.tar.zst,ald_xyz/a000085.xyz,0.4740898752990006,0.223595527324008,0,0,,test
25575,25575,O=C(C(O)C(O)C(O)C(O)C(O)=Cc1ccccc1)C(O)C(O)C(O)C(O)C(O)C(O)=Cc1ccccc1,O=C[C@H](O)[C@@H](O)[C@H](O)[C@H](O)C(O)=Cc1ccccc1,/gpfs/scratch1/shared/schen3/benzoin-dg-restored/data/cross_benzoin/bde_homo_product_featurize_20260902/chunk_0255/geom.tar.zst,xyz/p000075.xyz,/gpfs/scratch1/shared/schen3/benzoin-dg-restored/data/cross_benzoin/bde_homo_product_featurize_20260902/chunk_0255/geom.tar.zst,ald_xyz/a000086.xyz,0.3976612579759973,0.1843049525609998,0,0,,train
98820,98820,CN1CCN(c2ccc(-n3cnc4cnc5ccc(C#Cc6cccnc6)cc5c43)cc2F)CC1C(=O)C(O)C1CN(c2ccc(-n3cnc4cnc5ccc(C#Cc6cccnc6)cc5c43)cc2F)CCN1C,CN1CCN(c2ccc(-n3cnc4cnc5ccc(C#Cc6cccnc6)cc5c43)cc2F)CC1C=O,/gpfs/scratch1/shared/schen3/benzoin-dg-restored/data/cross_benzoin/bde_homo_product_featurize_20260902/chunk_0988/geom.tar.zst,xyz/p000020.xyz,/gpfs/scratch1/shared/schen3/benzoin-dg-restored/data/cross_benzoin/bde_homo_product_featurize_20260902/chunk_0988/geom.tar.zst,ald_xyz/a000037.xyz,0.7282384403220021,0.3459148060379959,0,0,,test
81400,81400,O=C(c1cc([N+](=O)[O-])cnc1F)C(O)c1cc([N+](=O)[O-])cnc1F,O=Cc1cc([N+](=O)[O-])cnc1F,/gpfs/scratch1/shared/schen3/benzoin-dg-restored/data/cross_benzoin/bde_homo_product_featurize_20260902/chunk_0814/geom.tar.zst,xyz/p000000.xyz,/gpfs/scratch1/shared/schen3/benzoin-dg-restored/data/cross_benzoin/bde_homo_product_featurize_20260902/chunk_0814/geom.tar.zst,ald_xyz/a000086.xyz,0.08863775041101,25.192092396212,0,0,,train
190650,190650,Cc1cc(C=CCC(=O)C(O)CC=Cc2cc(C)cc(C(F)(F)F)c2)cc(C(F)(F)F)c1,Cc1cc(C=CCC=O)cc(C(F)(F)F)c1,/gpfs/scratch1/shared/schen3/benzoin-dg-restored/data/cross_benzoin/bde_homo_product_featurize_20260902/chunk_1906/geom.tar.zst,xyz/p000050.xyz,/gpfs/scratch1/shared/schen3/benzoin-dg-restored/data/cross_benzoin/bde_homo_product_featurize_20260902/chunk_1906/geom.tar.zst,ald_xyz/a000025.xyz,0.2961133324990044,0.1277675173580021,0,0,,train
178016,178016,O=C(c1ncc(-c2cccc(OC(F)(F)F)c2)cc1O)C(O)c1ncc(-c2cccc(OC(F)(F)F)c2)cc1O,O=Cc1ncc(-c2cccc(OC(F)(F)F)c2)cc1O,/gpfs/scratch1/shared/schen3/benzoin-dg-restored/data/cross_benzoin/bde_homo_product_featurize_20260902/chunk_1780/geom.tar.zst,xyz/p000016.xyz,/gpfs/scratch1/shared/schen3/benzoin-dg-restored/data/cross_benzoin/bde_homo_product_featurize_20260902/chunk_1780/geom.tar.zst,ald_xyz/a000094.xyz,0.2539479725799936,0.1113411854460011,0,0,,train
108207,108207,CC(=O)CCC(CC(=O)C(O)CC(CCC(C)=O)C(C)C)C(C)C,CC(=O)CCC(CC=O)C(C)C,/gpfs/scratch1/shared/schen3/benzoin-dg-restored/data/cross_benzoin/bde_homo_product_featurize_20260902/chunk_1082/geom.tar.zst,xyz/p000007.xyz,/gpfs/scratch1/shared/schen3/benzoin-dg-restored/data/cross_benzoin/bde_homo_product_featurize_20260902/chunk_1082/geom.tar.zst,ald_xyz/a000001.xyz,0.4349180958950001,0.2001993872110006,0,0,,test
122572,122572,O=C(C1C=Cc2ccc3ccccc3c2O1)C(O)C1C=Cc2ccc3ccccc3c2O1,O=CC1C=Cc2ccc3ccccc3c2O1,/gpfs/scratch1/shared/schen3/benzoin-dg-restored/data/cross_benzoin/bde_homo_product_featurize_20260902/chunk_1225/geom.tar.zst,xyz/p000072.xyz,/gpfs/scratch1/shared/schen3/benzoin-dg-restored/data/cross_benzoin/bde_homo_product_featurize_20260902/chunk_1225/geom.tar.zst,ald_xyz/a000074.xyz,0.3112055580140094,0.1354457199789962,0,0,,validation
200775,200775,O=C(CCC1(c2cccnc2)SCCCS1)C(O)CCC1(c2cccnc2)SCCCS1,O=CCCC1(c2cccnc2)SCCCS1,/gpfs/scratch1/shared/schen3/benzoin-dg-restored/data/cross_benzoin/bde_homo_product_featurize_20260902/chunk_2007/geom.tar.zst,xyz/p000075.xyz,/gpfs/scratch1/shared/schen3/benzoin-dg-restored/data/cross_benzoin/bde_homo_product_featurize_20260902/chunk_2007/geom.tar.zst,ald_xyz/a000084.xyz,0.388831278880005,0.1759752313280032,0,0,1.4029244385857438,train
135644,135644,Cn1c(Cl)cnc1COc1ccc(C(=O)C(O)c2ccc(OCc3ncc(Cl)n3C)c(C(F)(F)F)c2)cc1C(F)(F)F,Cn1c(Cl)cnc1COc1ccc(C=O)cc1C(F)(F)F,/gpfs/scratch1/shared/schen3/benzoin-dg-restored/data/cross_benzoin/bde_homo_product_featurize_20260902/chunk_1356/geom.tar.zst,xyz/p000044.xyz,/gpfs/scratch1/shared/schen3/benzoin-dg-restored/data/cross_benzoin/bde_homo_product_featurize_20260902/chunk_1356/geom.tar.zst,ald_xyz/a000062.xyz,0.293046232898007,0.132138137979993,0,0,,train
216207,216207,O=C(c1cn(CCCCl)c2ccc(OCc3ccccc3)cc12)C(O)c1cn(CCCCl)c2ccc(OCc3ccccc3)cc12,O=Cc1cn(CCCCl)c2ccc(OCc3ccccc3)cc12,/gpfs/scratch1/shared/schen3/benzoin-dg-restored/data/cross_benzoin/bde_homo_product_featurize_20260902/chunk_2162/geom.tar.zst,xyz/p000007.xyz,/gpfs/scratch1/shared/schen3/benzoin-dg-restored/data/cross_benzoin/bde_homo_product_featurize_20260902/chunk_2162/geom.tar.zst,ald_xyz/a000096.xyz,0.5089595097709889,0.2341578736429994,0,0,11.402927183011512,train
186395,186395,O=C(c1ccc(Cl)c(S(=O)(=O)F)c1)C(O)c1ccc(Cl)c(S(=O)(=O)F)c1,O=Cc1ccc(Cl)c(S(=O)(=O)F)c1,/gpfs/scratch1/shared/schen3/benzoin-dg-restored/data/cross_benzoin/bde_homo_product_featurize_20260902/chunk_1863/geom.tar.zst,xyz/p000095.xyz,/gpfs/scratch1/shared/schen3/benzoin-dg-restored/data/cross_benzoin/bde_homo_product_featurize_20260902/chunk_1863/geom.tar.zst,ald_xyz/a000089.xyz,0.089341808764999,0.0318579486780024,0,0,,train
120001,120001,N#CSC1CCCCCC1C(=O)C(O)C1CCCCCC1SC#N,N#CSC1CCCCCC1C=O,/gpfs/scratch1/shared/schen3/benzoin-dg-restored/data/cross_benzoin/bde_homo_product_featurize_20260902/chunk_1200/geom.tar.zst,xyz/p000001.xyz,/gpfs/scratch1/shared/schen3/benzoin-dg-restored/data/cross_benzoin/bde_homo_product_featurize_20260902/chunk_1200/geom.tar.zst,ald_xyz/a000081.xyz,0.3214650681049988,0.1455242923900002,0,0,3.516475385041759,train
19691,19691,CCCCC(C)(C=CC(C)(CCC)c1ccc(F)cc1)CC(=O)C(O)CC(C)(C=CC(C)(CCC)c1ccc(F)cc1)CCCC,CCCC[C@@](C)(/C=C/[C@](C)(CCC)c1ccc(F)cc1)CC=O,/gpfs/scratch1/shared/schen3/benzoin-dg-restored/data/cross_benzoin/bde_homo_product_featurize_20260902/chunk_0196/geom.tar.zst,xyz/p000091.xyz,/gpfs/scratch1/shared/schen3/benzoin-dg-restored/data/cross_benzoin/bde_homo_product_featurize_20260902/chunk_0196/geom.tar.zst,ald_xyz/a000017.xyz,0.7965534843969806,0.3795426920769955,0,0,,train
87701,87701,CC=C(C=CC=CC(=O)OC(C)(C)C)Cc1ccc(C(=O)C(O)c2ccc(CC(C=CC=CC(=O)OC(C)(C)C)=CC)cc2F)c(F)c1,C\C=C(/C=C\C=C\C(=O)OC(C)(C)C)Cc1ccc(C=O)c(F)c1,/gpfs/scratch1/shared/schen3/benzoin-dg-restored/data/cross_benzoin/bde_homo_product_featurize_20260902/chunk_0877/geom.tar.zst,xyz/p000001.xyz,/gpfs/scratch1/shared/schen3/benzoin-dg-restored/data/cross_benzoin/bde_homo_product_featurize_20260902/chunk_0877/geom.tar.zst,ald_xyz/a000047.xyz,0.5917512752419896,0.2833899135359985,0,0,,train
145105,145105,O=C(O)CCCC(=O)n1cc(C(=O)C(O)c2cn(C(=O)CCCC(=O)O)c3ccc(F)cc23)c2cc(F)ccc21,O=Cc1cn(C(=O)CCCC(=O)O)c2ccc(F)cc12,/gpfs/scratch1/shared/schen3/benzoin-dg-restored/data/cross_benzoin/bde_homo_product_featurize_20260902/chunk_1451/geom.tar.zst,xyz/p000005.xyz,/gpfs/scratch1/shared/schen3/benzoin-dg-restored/data/cross_benzoin/bde_homo_product_featurize_20260902/chunk_1451/geom.tar.zst,ald_xyz/a000083.xyz,0.3290126088550096,-3.9410972571070033,0,0,,train
76278,76278,Cc1ccc(CNc2cccc3c2C(F)(C(=O)C(O)C2(F)c4cc5ooc5cc4Oc4cccc(NCc5ccc(C)s5)c42)c2cc4ooc4cc2O3)s1,Cc1ccc(CNc2cccc3c2C(F)(C=O)c2cc4ooc4cc2O3)s1,/gpfs/scratch1/shared/schen3/benzoin-dg-restored/data/cross_benzoin/bde_homo_product_featurize_20260902/chunk_0762/geom.tar.zst,xyz/p000078.xyz,/gpfs/scratch1/shared/schen3/benzoin-dg-restored/data/cross_benzoin/bde_homo_product_featurize_20260902/chunk_0762/geom.tar.zst,ald_xyz/a000064.xyz,0.4496357676050024,0.2031613193740042,0,0,,train
88775,88775,N#Cc1sc(-c2cnn(-c3ccc(C(F)(C(F)(F)F)C(F)(F)F)cc3Cl)c2)cc1C(=O)C(O)c1cc(-c2cnn(-c3ccc(C(F)(C(F)(F)F)C(F)(F)F)cc3Cl)c2)sc1C#N,N#Cc1sc(-c2cnn(-c3ccc(C(F)(C(F)(F)F)C(F)(F)F)cc3Cl)c2)cc1C=O,/gpfs/scratch1/shared/schen3/benzoin-dg-restored/data/cross_benzoin/bde_homo_product_featurize_20260902/chunk_0887/geom.tar.zst,xyz/p000075.xyz,/gpfs/scratch1/shared/schen3/benzoin-dg-restored/data/cross_benzoin/bde_homo_product_featurize_20260902/chunk_0887/geom.tar.zst,ald_xyz/a000067.xyz,0.2781872178869946,0.1217631120480007,0,0,,test
83935,83935,COC(=O)Nc1cc(C(F)(F)F)c(-c2nc(N3CCOCC3)c3cc(C(=O)C(O)c4cc5c(N6CCOCC6)nc(-c6cnc(NC(=O)OC)cc6C(F)(F)F)nn5c4)cn3n2)cn1,COC(=O)Nc1cc(C(F)(F)F)c(-c2nc(N3CCOCC3)c3cc(C=O)cn3n2)cn1,/gpfs/scratch1/shared/schen3/benzoin-dg-restored/data/cross_benzoin/bde_homo_product_featurize_20260902/chunk_0839/geom.tar.zst,xyz/p000035.xyz,/gpfs/scratch1/shared/schen3/benzoin-dg-restored/data/cross_benzoin/bde_homo_product_featurize_20260902/chunk_0839/geom.tar.zst,ald_xyz/a000039.xyz,0.5176483519790054,0.2416656640330075,0,0,,train
23097,23097,CCCC(I)C(=O)C(O)C(I)CCC,CCCC(I)C=O,/gpfs/scratch1/shared/schen3/benzoin-dg-restored/data/cross_benzoin/bde_homo_product_featurize_20260902/chunk_0230/geom.tar.zst,xyz/p000097.xyz,/gpfs/scratch1/shared/schen3/benzoin-dg-restored/data/cross_benzoin/bde_homo_product_featurize_20260902/chunk_0230/geom.tar.zst,ald_xyz/a000029.xyz,0.1838470216740049,0.0764484184700009,0,0,0.0427473997962876,test
200053,200053,COc1ccc(N2C(=O)C(C)(NC(=O)c3ccccc3)C2C(=O)C(O)C2N(c3ccc(OC)cc3)C(=O)C2(C)NC(=O)c2ccccc2)cc1,COc1ccc(N2C(=O)[C@@](C)(NC(=O)c3ccccc3)[C@H]2C=O)cc1,/gpfs/scratch1/shared/schen3/benzoin-dg-restored/data/cross_benzoin/bde_homo_product_featurize_20260902/chunk_2000/geom.tar.zst,xyz/p000053.xyz,/gpfs/scratch1/shared/schen3/benzoin-dg-restored/data/cross_benzoin/bde_homo_product_featurize_20260902/chunk_2000/geom.tar.zst,ald_xyz/a000064.xyz,0.5219197991779936,0.2371818838620072,0,0,,validation
119888,119888,CC1=C(CC(=O)C(O)CC2=C(C)C(=O)c3ccccc3C2=O)C(=O)c2ccccc2C1=O,CC1=C(CC=O)C(=O)c2ccccc2C1=O,/gpfs/scratch1/shared/schen3/benzoin-dg-restored/data/cross_benzoin/bde_homo_product_featurize_20260902/chunk_1198/geom.tar.zst,xyz/p000088.xyz,/gpfs/scratch1/shared/schen3/benzoin-dg-restored/data/cross_benzoin/bde_homo_product_featurize_20260902/chunk_1198/geom.tar.zst,ald_xyz/a000025.xyz,0.2964610901849909,0.1261338928519961,0,0,,train
39392,39392,Cc1ccc(Cn2nc(C(F)F)c(C(=O)C(O)c3c(C(F)F)nn(Cc4ccc(C)cc4)c3Cl)c2Cl)cc1,Cc1ccc(Cn2nc(C(F)F)c(C=O)c2Cl)cc1,/gpfs/scratch1/shared/schen3/benzoin-dg-restored/data/cross_benzoin/bde_homo_product_featurize_20260902/chunk_0393/geom.tar.zst,xyz/p000092.xyz,/gpfs/scratch1/shared/schen3/benzoin-dg-restored/data/cross_benzoin/bde_homo_product_featurize_20260902/chunk_0393/geom.tar.zst,ald_xyz/a000023.xyz,0.3121462719970083,0.1386192298650002,0,0,,train
88966,88966,C=C1c2cccc(NCc3cc(O)ccc3F)c2CN1C(CCC(=O)C(O)CCC(C(=O)NC)N1Cc2c(NCc3cc(O)ccc3F)cccc2C1=C)C(=O)NC,C=C1c2cccc(NCc3cc(O)ccc3F)c2CN1C(CCC=O)C(=O)NC,/gpfs/scratch1/shared/schen3/benzoin-dg-restored/data/cross_benzoin/bde_homo_product_featurize_20260902/chunk_0889/geom.tar.zst,xyz/p000066.xyz,/gpfs/scratch1/shared/schen3/benzoin-dg-restored/data/cross_benzoin/bde_homo_product_featurize_20260902/chunk_0889/geom.tar.zst,ald_xyz/a000006.xyz,0.6784345420479951,1.4150309783049977,0,0,,test
7938,7938,CCOC(=O)C(C(=O)C(O)C(C(=O)OCC)c1ccc(F)cc1)c1ccc(F)cc1,CCOC(=O)C(C=O)c1ccc(F)cc1,/gpfs/scratch1/shared/schen3/benzoin-dg-restored/data/cross_benzoin/bde_homo_product_featurize_20260902/chunk_0079/geom.tar.zst,xyz/p000038.xyz,/gpfs/scratch1/shared/schen3/benzoin-dg-restored/data/cross_benzoin/bde_homo_product_featurize_20260902/chunk_0079/geom.tar.zst,ald_xyz/a000014.xyz,0.2902137387190038,0.1291973176729968,0,0,,train
120969,120969,C=CCC(C(=O)C(O)C(CC=C)(c1ccc(C)cc1)C(C)C)(c1ccc(C)cc1)C(C)C,C=CC[C@@](C=O)(c1ccc(C)cc1)C(C)C,/gpfs/scratch1/shared/schen3/benzoin-dg-restored/data/cross_benzoin/bde_homo_product_featurize_20260902/chunk_1209/geom.tar.zst,xyz/p000069.xyz,/gpfs/scratch1/shared/schen3/benzoin-dg-restored/data/cross_benzoin/bde_homo_product_featurize_20260902/chunk_1209/geom.tar.zst,ald_xyz/a000005.xyz,0.5201271921850008,0.2406083628840036,0,0,,train
58312,58312,O=C(c1ccc(Cc2cc(C(F)(F)F)nc3ccccc23)cc1)C(O)c1ccc(Cc2cc(C(F)(F)F)nc3ccccc23)cc1,O=Cc1ccc(Cc2cc(C(F)(F)F)nc3ccccc23)cc1,/gpfs/scratch1/shared/schen3/benzoin-dg-restored/data/cross_benzoin/bde_homo_product_featurize_20260902/chunk_0583/geom.tar.zst,xyz/p000012.xyz,/gpfs/scratch1/shared/schen3/benzoin-dg-restored/data/cross_benzoin/bde_homo_product_featurize_20260902/chunk_0583/geom.tar.zst,ald_xyz/a000090.xyz,0.3738333281029895,0.1718885201239999,0,0,,train
151150,151150,O=C(c1[nH]ncc1-c1ccccc1C(F)(F)F)C(O)c1[nH]ncc1-c1ccccc1C(F)(F)F,O=Cc1[nH]ncc1-c1ccccc1C(F)(F)F,/gpfs/scratch1/shared/schen3/benzoin-dg-restored/data/cross_benzoin/bde_homo_product_featurize_20260902/chunk_1511/geom.tar.zst,xyz/p000050.xyz,/gpfs/scratch1/shared/schen3/benzoin-dg-restored/data/cross_benzoin/bde_homo_product_featurize_20260902/chunk_1511/geom.tar.zst,ald_xyz/a000077.xyz,0.2271528484110092,0.0934437012060058,0,0,,train
92996,92996,CC(C)(C)c1nc(N(N)Cc2ccccc2S(=O)(=O)F)c(N)c(N2CCC(C(=O)C(O)C3CCN(c4nc(C(C)(C)C)nc(N(N)Cc5ccccc5S(=O)(=O)F)c4N)C3)C2)n1,CC(C)(C)c1nc(N(N)Cc2ccccc2S(=O)(=O)F)c(N)c(N2CCC(C=O)C2)n1,/gpfs/scratch1/shared/schen3/benzoin-dg-restored/data/cross_benzoin/bde_homo_product_featurize_20260902/chunk_0929/geom.tar.zst,xyz/p000096.xyz,/gpfs/scratch1/shared/schen3/benzoin-dg-restored/data/cross_benzoin/bde_homo_product_featurize_20260902/chunk_0929/geom.tar.zst,ald_xyz/a000009.xyz,0.7400631018840045,0.3542025789019902,0,0,,validation
59046,59046,CCc1cc(Oc2c(C(=O)C(O)c3c(C(F)(F)F)nn(C)c3Oc3ccc(C4C(=O)CCC4=O)c(CC)c3)c(C(F)(F)F)nn2C)ccc1C1C(=O)CCC1=O,CCc1cc(Oc2c(C=O)c(C(F)(F)F)nn2C)ccc1C1C(=O)CCC1=O,/gpfs/scratch1/shared/schen3/benzoin-dg-restored/data/cross_benzoin/bde_homo_product_featurize_20260902/chunk_0590/geom.tar.zst,xyz/p000046.xyz,/gpfs/scratch1/shared/schen3/benzoin-dg-restored/data/cross_benzoin/bde_homo_product_featurize_20260902/chunk_0590/geom.tar.zst,ald_xyz/a000039.xyz,0.5021802499279886,0.2262854257130016,0,0,,test
151582,151582,CC(F)(C(=O)C(O)C(C)(F)c1cccc(Cl)c1)c1cccc(Cl)c1,CC(F)(C=O)c1cccc(Cl)c1,/gpfs/scratch1/shared/schen3/benzoin-dg-restored/data/cross_benzoin/bde_homo_product_featurize_20260902/chunk_1515/geom.tar.zst,xyz/p000082.xyz,/gpfs/scratch1/shared/schen3/benzoin-dg-restored/data/cross_benzoin/bde_homo_product_featurize_20260902/chunk_1515/geom.tar.zst,ald_xyz/a000009.xyz,0.2122134245259985,-4.318132499362001,0,0,,train
84538,84538,CC1(C)Cc2oc(C(=O)C(O)c3oc4c(c3C(F)(F)F)-c3nn(CC5COCCO5)cc3C(C)(C)C4)c(C(F)(F)F)c2-c2nn(CC3COCCO3)cc21,CC1(C)Cc2oc(C=O)c(C(F)(F)F)c2-c2nn(C[C@H]3COCCO3)cc21,/gpfs/scratch1/shared/schen3/benzoin-dg-restored/data/cross_benzoin/bde_homo_product_featurize_20260902/chunk_0845/geom.tar.zst,xyz/p000038.xyz,/gpfs/scratch1/shared/schen3/benzoin-dg-restored/data/cross_benzoin/bde_homo_product_featurize_20260902/chunk_0845/geom.tar.zst,ald_xyz/a000012.xyz,0.5522131559529839,0.2582649347589978,0,0,,test
193663,193663,N#Cc1cc(C(N)=O)cc(C(=O)C(O)c2cc(C(N)=O)cc(C#N)c2F)c1F,N#Cc1cc(C(N)=O)cc(C=O)c1F,/gpfs/scratch1/shared/schen3/benzoin-dg-restored/data/cross_benzoin/bde_homo_product_featurize_20260902/chunk_1936/geom.tar.zst,xyz/p000063.xyz,/gpfs/scratch1/shared/schen3/benzoin-dg-restored/data/cross_benzoin/bde_homo_product_featurize_20260902/chunk_1936/geom.tar.zst,ald_xyz/a000058.xyz,0.1349663678490031,0.0514223081570008,0,0,,train
40933,40933,CCCCCCSc1nc(C(=O)C(O)c2cc(C(F)(F)F)nc(SCCCCCC)n2)cc(C(F)(F)F)n1,CCCCCCSc1nc(C=O)cc(C(F)(F)F)n1,/gpfs/scratch1/shared/schen3/benzoin-dg-restored/data/cross_benzoin/bde_homo_product_featurize_20260902/chunk_0409/geom.tar.zst,xyz/p000033.xyz,/gpfs/scratch1/shared/schen3/benzoin-dg-restored/data/cross_benzoin/bde_homo_product_featurize_20260902/chunk_0409/geom.tar.zst,ald_xyz/a000014.xyz,0.3907584339879975,0.1787354096820053,0,0,2.152304945728987,train
5571,5571,O=C(c1ccnc(Cl)c1F)C(O)c1ccnc(Cl)c1F,O=Cc1ccnc(Cl)c1F,/gpfs/scratch1/shared/schen3/benzoin-dg-restored/data/cross_benzoin/bde_homo_product_featurize_20260902/chunk_0055/geom.tar.zst,xyz/p000071.xyz,/gpfs/scratch1/shared/schen3/benzoin-dg-restored/data/cross_benzoin/bde_homo_product_featurize_20260902/chunk_0055/geom.tar.zst,ald_xyz/a000092.xyz,0.0818232315929989,0.0361358700660012,0,0,,train
191035,191035,O=C(c1ccc(C=CCCCl)cc1C(F)(F)F)C(O)c1ccc(C=CCCCl)cc1C(F)(F)F,O=Cc1ccc(C=CCCCl)cc1C(F)(F)F,/gpfs/scratch1/shared/schen3/benzoin-dg-restored/data/cross_benzoin/bde_homo_product_featurize_20260902/chunk_1910/geom.tar.zst,xyz/p000035.xyz,/gpfs/scratch1/shared/schen3/benzoin-dg-restored/data/cross_benzoin/bde_homo_product_featurize_20260902/chunk_1910/geom.tar.zst,ald_xyz/a000093.xyz,0.2630326903620101,0.1192196891410048,0,0,,train
134175,134175,O=C(c1ccc([N+](=O)[O-])c(OCc2cc(F)ccc2F)c1)C(O)c1ccc([N+](=O)[O-])c(OCc2cc(F)ccc2F)c1,O=Cc1ccc([N+](=O)[O-])c(OCc2cc(F)ccc2F)c1,/gpfs/scratch1/shared/schen3/benzoin-dg-restored/data/cross_benzoin/bde_homo_product_featurize_20260902/chunk_1341/geom.tar.zst,xyz/p000075.xyz,/gpfs/scratch1/shared/schen3/benzoin-dg-restored/data/cross_benzoin/bde_homo_product_featurize_20260902/chunk_1341/geom.tar.zst,ald_xyz/a000086.xyz,0.2710719659860103,0.1228796935459968,0,0,,train
214359,214359,CS(=O)(=O)NC(CC1CCCCC1)C(=O)C(O)C(CC1CCCCC1)NS(C)(=O)=O,CS(=O)(=O)NC(C=O)CC1CCCCC1,/gpfs/scratch1/shared/schen3/benzoin-dg-restored/data/cross_benzoin/bde_homo_product_featurize_20260902/chunk_2143/geom.tar.zst,xyz/p000059.xyz,/gpfs/scratch1/shared/schen3/benzoin-dg-restored/data/cross_benzoin/bde_homo_product_featurize_20260902/chunk_2143/geom.tar.zst,ald_xyz/a000049.xyz,0.4688068691759923,0.2109849612849998,0,0,14.188555216403069,train
124076,124076,CCOC(=O)CC(=Cc1ccccc1)c1cccc(C(=O)C(O)c2cccc(C(=Cc3ccccc3)CC(=O)OCC)c2)c1,CCOC(=O)C/C(=C\c1ccccc1)c1cccc(C=O)c1,/gpfs/scratch1/shared/schen3/benzoin-dg-restored/data/cross_benzoin/bde_homo_product_featurize_20260902/chunk_1240/geom.tar.zst,xyz/p000076.xyz,/gpfs/scratch1/shared/schen3/benzoin-dg-restored/data/cross_benzoin/bde_homo_product_featurize_20260902/chunk_1240/geom.tar.zst,ald_xyz/a000035.xyz,0.5051582273760005,0.2334797082040012,0,0,,train
2069,2069,Nc1ncnc(Nc2ccc(OCc3ccccc3)c(Cl)c2)c1C(=O)C(O)c1c(N)ncnc1Nc1ccc(OCc2ccccc2)c(Cl)c1,Nc1ncnc(Nc2ccc(OCc3ccccc3)c(Cl)c2)c1C=O,/gpfs/scratch1/shared/schen3/benzoin-dg-restored/data/cross_benzoin/bde_homo_product_featurize_20260902/chunk_0020/geom.tar.zst,xyz/p000069.xyz,/gpfs/scratch1/shared/schen3/benzoin-dg-restored/data/cross_benzoin/bde_homo_product_featurize_20260902/chunk_0020/geom.tar.zst,ald_xyz/a000067.xyz,0.4571176270400201,0.2038188271410064,0,0,,train
218776,218776,CN(Cc1ccccc1)C(=O)CC(CC(=O)C(O)CC(CC(=O)N(C)Cc1ccccc1)c1ccc(Cl)c(Cl)c1)c1ccc(Cl)c(Cl)c1,CN(Cc1ccccc1)C(=O)CC(CC=O)c1ccc(Cl)c(Cl)c1,/gpfs/scratch1/shared/schen3/benzoin-dg-restored/data/cross_benzoin/bde_homo_product_featurize_20260902/chunk_2187/geom.tar.zst,xyz/p000076.xyz,/gpfs/scratch1/shared/schen3/benzoin-dg-restored/data/cross_benzoin/bde_homo_product_featurize_20260902/chunk_2187/geom.tar.zst,ald_xyz/a000040.xyz,0.516522561590989,0.2376327672159988,0,0,,train
136574,136574,Cc1cc(F)ccc1-n1cc(C(=O)C(O)c2cn(-c3ccc(F)cc3C)nc2-c2nccs2)c(-c2nccs2)n1,Cc1cc(F)ccc1-n1cc(C=O)c(-c2nccs2)n1,/gpfs/scratch1/shared/schen3/benzoin-dg-restored/data/cross_benzoin/bde_homo_product_featurize_20260902/chunk_1365/geom.tar.zst,xyz/p000074.xyz,/gpfs/scratch1/shared/schen3/benzoin-dg-restored/data/cross_benzoin/bde_homo_product_featurize_20260902/chunk_1365/geom.tar.zst,ald_xyz/a000051.xyz,0.3130485649290051,-0.3056379169919978,0,0,,train
66232,66232,O=C(c1cc2c(N3C(CCO)COC3O)noc2c(F)c1F)C(O)c1cc2c(N3C(CCO)COC3O)noc2c(F)c1F,O=Cc1cc2c(N3C(O)OC[C@@H]3CCO)noc2c(F)c1F,/gpfs/scratch1/shared/schen3/benzoin-dg-restored/data/cross_benzoin/bde_homo_product_featurize_20260902/chunk_0662/geom.tar.zst,xyz/p000032.xyz,/gpfs/scratch1/shared/schen3/benzoin-dg-restored/data/cross_benzoin/bde_homo_product_featurize_20260902/chunk_0662/geom.tar.zst,ald_xyz/a000094.xyz,0.3425470749160126,0.1585136775020004,0,0,,validation
124634,124634,CCCC(Oc1ccc([N+](=O)[O-])cc1)(C(=O)C(O)C(CCC)(Oc1ccc([N+](=O)[O-])cc1)c1ccc(OC)cc1)c1ccc(OC)cc1,CCC[C@@](C=O)(Oc1ccc([N+](=O)[O-])cc1)c1ccc(OC)cc1,/gpfs/scratch1/shared/schen3/benzoin-dg-restored/data/cross_benzoin/bde_homo_product_featurize_20260902/chunk_1246/geom.tar.zst,xyz/p000034.xyz,/gpfs/scratch1/shared/schen3/benzoin-dg-restored/data/cross_benzoin/bde_homo_product_featurize_20260902/chunk_1246/geom.tar.zst,ald_xyz/a000032.xyz,0.5207344371239913,0.2428520179339983,0,0,,train
179370,179370,Cc1c(C(F)F)cccc1C(C)C(=O)C(O)C(C)c1cccc(C(F)F)c1C,Cc1c(C(F)F)cccc1C(C)C=O,/gpfs/scratch1/shared/schen3/benzoin-dg-restored/data/cross_benzoin/bde_homo_product_featurize_20260902/chunk_1793/geom.tar.zst,xyz/p000070.xyz,/gpfs/scratch1/shared/schen3/benzoin-dg-restored/data/cross_benzoin/bde_homo_product_featurize_20260902/chunk_1793/geom.tar.zst,ald_xyz/a000042.xyz,0.3197788630030089,0.1421740884400009,0,0,,train
210653,210653,CCC=CC(C)C(=O)C(O)C(C)C=CCC,CC/C=C/C(C)C=O,/gpfs/scratch1/shared/schen3/benzoin-dg-restored/data/cross_benzoin/bde_homo_product_featurize_20260902/chunk_2106/geom.tar.zst,xyz/p000053.xyz,/gpfs/scratch1/shared/schen3/benzoin-dg-restored/data/cross_benzoin/bde_homo_product_featurize_20260902/chunk_2106/geom.tar.zst,ald_xyz/a000025.xyz,0.2726238112780024,0.1219695149280006,0,0,,
168987,168987,NCc1nc(C(=O)C(O)c2cc(Cl)c(C(F)F)c(CN)n2)cc(Cl)c1C(F)F,NCc1nc(C=O)cc(Cl)c1C(F)F,/gpfs/scratch1/shared/schen3/benzoin-dg-restored/data/cross_benzoin/bde_homo_product_featurize_20260902/chunk_1689/geom.tar.zst,xyz/p000087.xyz,/gpfs/scratch1/shared/schen3/benzoin-dg-restored/data/cross_benzoin/bde_homo_product_featurize_20260902/chunk_1689/geom.tar.zst,ald_xyz/a000040.xyz,0.1898816144399973,0.0720192719889993,0,0,,train
62522,62522,NCC1(O)CCN(c2cc(F)ccc2C(=O)C(O)c2ccc(F)cc2N2CCC(O)(CN)CC2)CC1,NCC1(O)CCN(c2cc(F)ccc2C=O)CC1,/gpfs/scratch1/shared/schen3/benzoin-dg-restored/data/cross_benzoin/bde_homo_product_featurize_20260902/chunk_0625/geom.tar.zst,xyz/p000022.xyz,/gpfs/scratch1/shared/schen3/benzoin-dg-restored/data/cross_benzoin/bde_homo_product_featurize_20260902/chunk_0625/geom.tar.zst,ald_xyz/a000014.xyz,0.4547552340259955,0.2094749893329961,0,0,,train
48710,48710,CSc1nn(C(C(=O)C(O)C(N2CCN(c3ccc(F)cc3)CC2)n2nc(SC)c(Cl)c2-c2ccc(F)cc2)N2CCN(c3ccc(F)cc3)CC2)c(-c2ccc(F)cc2)c1Cl,CSc1nn(C(C=O)N2CCN(c3ccc(F)cc3)CC2)c(-c2ccc(F)cc2)c1Cl,/gpfs/scratch1/shared/schen3/benzoin-dg-restored/data/cross_benzoin/bde_homo_product_featurize_20260902/chunk_0487/geom.tar.zst,xyz/p000010.xyz,/gpfs/scratch1/shared/schen3/benzoin-dg-restored/data/cross_benzoin/bde_homo_product_featurize_20260902/chunk_0487/geom.tar.zst,ald_xyz/a000038.xyz,0.6175707036189806,0.2882342091530034,0,0,,validation
200603,200603,COc1cc(C(=O)C(O)c2cc(Cl)c(OCc3ccccc3C)c(OC)c2)cc(Cl)c1OCc1ccccc1C,COc1cc(C=O)cc(Cl)c1OCc1ccccc1C,/gpfs/scratch1/shared/schen3/benzoin-dg-restored/data/cross_benzoin/bde_homo_product_featurize_20260902/chunk_2006/geom.tar.zst,xyz/p000003.xyz,/gpfs/scratch1/shared/schen3/benzoin-dg-restored/data/cross_benzoin/bde_homo_product_featurize_20260902/chunk_2006/geom.tar.zst,ald_xyz/a000044.xyz,0.4116536033040034,0.1920212773730014,0,0,,train
193516,193516,O=C(O)Cc1c(C(=O)C(O)c2ccc(F)c([N+](=O)[O-])c2CC(=O)O)ccc(F)c1[N+](=O)[O-],O=Cc1ccc(F)c([N+](=O)[O-])c1CC(=O)O,/gpfs/scratch1/shared/schen3/benzoin-dg-restored/data/cross_benzoin/bde_homo_product_featurize_20260902/chunk_1935/geom.tar.zst,xyz/p000016.xyz,/gpfs/scratch1/shared/schen3/benzoin-dg-restored/data/cross_benzoin/bde_homo_product_featurize_20260902/chunk_1935/geom.tar.zst,ald_xyz/a000095.xyz,0.1620052634899877,0.0640483982730018,0,0,,train
66723,66723,Cc1cc(C(=O)C(O)c2ccc(COc3ccc(F)cc3-c3csc(N4CCC(C(=O)O)C(C)C4)n3)c(C)c2)ccc1COc1ccc(F)cc1-c1csc(N2CCC(C(=O)O)C(C)C2)n1,Cc1cc(C=O)ccc1COc1ccc(F)cc1-c1csc(N2CCC(C(=O)O)C(C)C2)n1,/gpfs/scratch1/shared/schen3/benzoin-dg-restored/data/cross_benzoin/bde_homo_product_featurize_20260902/chunk_0667/geom.tar.zst,xyz/p000023.xyz,/gpfs/scratch1/shared/schen3/benzoin-dg-restored/data/cross_benzoin/bde_homo_product_featurize_20260902/chunk_0667/geom.tar.zst,ald_xyz/a000049.xyz,0.7084627166829875,0.3340348528609951,0,0,,train
189233,189233,NCC#Cc1cc(C(=O)C(O)c2cc(C#CCN)cc(C(F)(F)F)c2)cc(C(F)(F)F)c1,NCC#Cc1cc(C=O)cc(C(F)(F)F)c1,/gpfs/scratch1/shared/schen3/benzoin-dg-restored/data/cross_benzoin/bde_homo_product_featurize_20260902/chunk_1892/geom.tar.zst,xyz/p000033.xyz,/gpfs/scratch1/shared/schen3/benzoin-dg-restored/data/cross_benzoin/bde_homo_product_featurize_20260902/chunk_1892/geom.tar.zst,ald_xyz/a000068.xyz,0.2181511832170031,0.0945026613709956,0,0,,train
21367,21367,CCOC(=O)c1c(C)nn(-c2nc(-c3ccccc3)cs2)c1C(=O)C(O)c1c(C(=O)OCC)c(C)nn1-c1nc(-c2ccccc2)cs1,CCOC(=O)c1c(C)nn(-c2nc(-c3ccccc3)cs2)c1C=O,/gpfs/scratch1/shared/schen3/benzoin-dg-restored/data/cross_benzoin/bde_homo_product_featurize_20260902/chunk_0213/geom.tar.zst,xyz/p000067.xyz,/gpfs/scratch1/shared/schen3/benzoin-dg-restored/data/cross_benzoin/bde_homo_product_featurize_20260902/chunk_0213/geom.tar.zst,ald_xyz/a000041.xyz,0.4445972637089994,0.1976548818100099,0,0,,train
43020,43020,COc1ccc(C2(C(=O)C(O)C3(c4ccc(OC)c(OCCCN5CCC(c6noc7cc(F)ccc67)CC5)c4)C=CC=CC3)C=CC=CC2)cc1OCCCN1CCC(c2noc3cc(F)ccc23)CC1,COc1ccc(C2(C=O)C=CC=CC2)cc1OCCCN1CCC(c2noc3cc(F)ccc23)CC1,/gpfs/scratch1/shared/schen3/benzoin-dg-restored/data/cross_benzoin/bde_homo_product_featurize_20260902/chunk_0430/geom.tar.zst,xyz/p000020.xyz,/gpfs/scratch1/shared/schen3/benzoin-dg-restored/data/cross_benzoin/bde_homo_product_featurize_20260902/chunk_0430/geom.tar.zst,ald_xyz/a000041.xyz,0.9177221455350092,9.184421952029991,0,0,,train
122886,122886,COc1cc(CC=Cc2ccccc2)c(C(=O)C(O)c2cc(OCC(=CBr)c3ccccc3)c(OC)cc2CC=Cc2ccccc2)cc1OCC(=CBr)c1ccccc1,COc1cc(C/C=C/c2ccccc2)c(C=O)cc1OC/C(=C\Br)c1ccccc1,/gpfs/scratch1/shared/schen3/benzoin-dg-restored/data/cross_benzoin/bde_homo_product_featurize_20260902/chunk_1228/geom.tar.zst,xyz/p000086.xyz,/gpfs/scratch1/shared/schen3/benzoin-dg-restored/data/cross_benzoin/bde_homo_product_featurize_20260902/chunk_1228/geom.tar.zst,ald_xyz/a000054.xyz,0.6695477882950058,0.3060531624280003,0,0,,test
171071,171071,Cn1ccc(-c2cccc(F)c2)c1C(=O)C(O)c1c(-c2cccc(F)c2)ccn1C,Cn1ccc(-c2cccc(F)c2)c1C=O,/gpfs/scratch1/shared/schen3/benzoin-dg-restored/data/cross_benzoin/bde_homo_product_featurize_20260902/chunk_1710/geom.tar.zst,xyz/p000071.xyz,/gpfs/scratch1/shared/schen3/benzoin-dg-restored/data/cross_benzoin/bde_homo_product_featurize_20260902/chunk_1710/geom.tar.zst,ald_xyz/a000056.xyz,0.2918815036420028,0.1249995083709976,0,0,,train
200874,200874,COc1cc(C(=O)C(O)c2cc(OC)c(N3CCOCC3)cc2O)c(O)cc1N1CCOCC1,COc1cc(C=O)c(O)cc1N1CCOCC1,/gpfs/scratch1/shared/schen3/benzoin-dg-restored/data/cross_benzoin/bde_homo_product_featurize_20260902/chunk_2008/geom.tar.zst,xyz/p000074.xyz,/gpfs/scratch1/shared/schen3/benzoin-dg-restored/data/cross_benzoin/bde_homo_product_featurize_20260902/chunk_2008/geom.tar.zst,ald_xyz/a000057.xyz,0.3956521082139943,0.1821115897749976,0,0,,train
90962,90962,CNC(=O)c1cnc(Nc2ccc(C(=O)C(O)c3ccc(Nc4cc(Nc5cccc(-c6ncc(F)cn6)c5OC)c(C(=O)NC)cn4)nc3)cn2)cc1Nc1cccc(-c2ncc(F)cn2)c1OC,CNC(=O)c1cnc(Nc2ccc(C=O)cn2)cc1Nc1cccc(-c2ncc(F)cn2)c1OC,/gpfs/scratch1/shared/schen3/benzoin-dg-restored/data/cross_benzoin/bde_homo_product_featurize_20260902/chunk_0909/geom.tar.zst,xyz/p000062.xyz,/gpfs/scratch1/shared/schen3/benzoin-dg-restored/data/cross_benzoin/bde_homo_product_featurize_20260902/chunk_0909/geom.tar.zst,ald_xyz/a000036.xyz,0.6066475051320026,0.2877722417400008,0,0,,validation
130935,130935,CN1CCCN(c2ccc(F)cc2C(=O)C(O)c2cc(F)ccc2N2CCCN(C)CC2)CC1,CN1CCCN(c2ccc(F)cc2C=O)CC1,/gpfs/scratch1/shared/schen3/benzoin-dg-restored/data/cross_benzoin/bde_homo_product_featurize_20260902/chunk_1309/geom.tar.zst,xyz/p000035.xyz,/gpfs/scratch1/shared/schen3/benzoin-dg-restored/data/cross_benzoin/bde_homo_product_featurize_20260902/chunk_1309/geom.tar.zst,ald_xyz/a000049.xyz,0.4606478893799988,0.2117941181610021,0,0,,train
211284,211284,CCOCCOC(=O)C(C)C(=O)C(O)C(C)C(=O)OCCOCC,CCOCCOC(=O)C(C)C=O,/gpfs/scratch1/shared/schen3/benzoin-dg-restored/data/cross_benzoin/bde_homo_product_featurize_20260902/chunk_2112/geom.tar.zst,xyz/p000084.xyz,/gpfs/scratch1/shared/schen3/benzoin-dg-restored/data/cross_benzoin/bde_homo_product_featurize_20260902/chunk_2112/geom.tar.zst,ald_xyz/a000040.xyz,0.3263076109709999,0.1473297939580007,0,0,-3.894931364613399,validation
216230,216230,COc1cc(C(=O)N2CCC(CC(=O)C(O)CC3(c4ccc(Cl)c(Cl)c4)CCN(C(=O)c4cc(OC)c(OC)c(OC)c4)C3)(c3ccc(Cl)c(Cl)c3)C2)cc(OC)c1OC,COc1cc(C(=O)N2CCC(CC=O)(c3ccc(Cl)c(Cl)c3)C2)cc(OC)c1OC,/gpfs/scratch1/shared/schen3/benzoin-dg-restored/data/cross_benzoin/bde_homo_product_featurize_20260902/chunk_2162/geom.tar.zst,xyz/p000030.xyz,/gpfs/scratch1/shared/schen3/benzoin-dg-restored/data/cross_benzoin/bde_homo_product_featurize_20260902/chunk_2162/geom.tar.zst,ald_xyz/a000030.xyz,0.6330465128129958,0.2989673344270045,0,0,,
188022,188022,O=C(c1ccc(-c2ccc3nn(-c4ccc(F)cc4)nc3c2)o1)C(O)c1ccc(-c2ccc3nn(-c4ccc(F)cc4)nc3c2)o1,O=Cc1ccc(-c2ccc3nn(-c4ccc(F)cc4)nc3c2)o1,/gpfs/scratch1/shared/schen3/benzoin-dg-restored/data/cross_benzoin/bde_homo_product_featurize_20260902/chunk_1880/geom.tar.zst,xyz/p000022.xyz,/gpfs/scratch1/shared/schen3/benzoin-dg-restored/data/cross_benzoin/bde_homo_product_featurize_20260902/chunk_1880/geom.tar.zst,ald_xyz/a000086.xyz,0.3388059059239907,0.1522472935060008,0,0,,validation
104823,104823,Cn1c(-c2cc3ccc(C(F)(F)F)c4c3n2C(C2CC2)CN4)nc2cc(C(=O)C(O)c3cc(F)c4c(c3)nc(-c3cc5ccc(C(F)(F)F)c6c5n3C(C3CC3)CN6)n4C)cc(F)c21,Cn1c(-c2cc3ccc(C(F)(F)F)c4c3n2C(C2CC2)CN4)nc2cc(C=O)cc(F)c21,/gpfs/scratch1/shared/schen3/benzoin-dg-restored/data/cross_benzoin/bde_homo_product_featurize_20260902/chunk_1048/geom.tar.zst,xyz/p000023.xyz,/gpfs/scratch1/shared/schen3/benzoin-dg-restored/data/cross_benzoin/bde_homo_product_featurize_20260902/chunk_1048/geom.tar.zst,ald_xyz/a000055.xyz,0.5759934530119892,0.2715088020839999,0,0,,train
3111,3111,COCc1ccc(C(=O)C(O)c2ccc(COC)cc2)cc1,COCc1ccc(C=O)cc1,/gpfs/scratch1/shared/schen3/benzoin-dg-restored/data/cross_benzoin/bde_homo_product_featurize_20260902/chunk_0031/geom.tar.zst,xyz/p000011.xyz,/gpfs/scratch1/shared/schen3/benzoin-dg-restored/data/cross_benzoin/bde_homo_product_featurize_20260902/chunk_0031/geom.tar.zst,ald_xyz/a000038.xyz,0.2483649542160009,0.1105371591360011,0,0,,train
145138,145138,O=C(c1cccc2oc(C(F)(F)F)cc12)C(O)c1cccc2oc(C(F)(F)F)cc12,O=Cc1cccc2oc(C(F)(F)F)cc12,/gpfs/scratch1/shared/schen3/benzoin-dg-restored/data/cross_benzoin/bde_homo_product_featurize_20260902/chunk_1451/geom.tar.zst,xyz/p000038.xyz,/gpfs/scratch1/shared/schen3/benzoin-dg-restored/data/cross_benzoin/bde_homo_product_featurize_20260902/chunk_1451/geom.tar.zst,ald_xyz/a000079.xyz,0.1649391075140016,-0.753726929311,0,0,,train
153022,153022,O=C(c1c(Cl)ncnc1NCCOCC(F)F)C(O)c1c(Cl)ncnc1NCCOCC(F)F,O=Cc1c(Cl)ncnc1NCCOCC(F)F,/gpfs/scratch1/shared/schen3/benzoin-dg-restored/data/cross_benzoin/bde_homo_product_featurize_20260902/chunk_1530/geom.tar.zst,xyz/p000022.xyz,/gpfs/scratch1/shared/schen3/benzoin-dg-restored/data/cross_benzoin/bde_homo_product_featurize_20260902/chunk_1530/geom.tar.zst,ald_xyz/a000047.xyz,0.2587729008260027,0.1164002881300021,0,0,,train
114736,114736,COc1ccc(C(=O)C(O)c2ccc(OC)c(OCc3ccccc3)c2I)c(I)c1OCc1ccccc1,COc1ccc(C=O)c(I)c1OCc1ccccc1,/gpfs/scratch1/shared/schen3/benzoin-dg-restored/data/cross_benzoin/bde_homo_product_featurize_20260902/chunk_1147/geom.tar.zst,xyz/p000036.xyz,/gpfs/scratch1/shared/schen3/benzoin-dg-restored/data/cross_benzoin/bde_homo_product_featurize_20260902/chunk_1147/geom.tar.zst,ald_xyz/a000062.xyz,0.3612289452999988,0.1582507267720032,0,0,,
189242,189242,CC(=O)NCC#Cc1cccc(C(=O)C(O)c2cccc(C#CCNC(C)=O)c2F)c1F,CC(=O)NCC#Cc1cccc(C=O)c1F,/gpfs/scratch1/shared/schen3/benzoin-dg-restored/data/cross_benzoin/bde_homo_product_featurize_20260902/chunk_1892/geom.tar.zst,xyz/p000042.xyz,/gpfs/scratch1/shared/schen3/benzoin-dg-restored/data/cross_benzoin/bde_homo_product_featurize_20260902/chunk_1892/geom.tar.zst,ald_xyz/a000020.xyz,0.2669507045729915,0.1127278386100059,0,0,,train
21602,21602,CCN(CC)CCOc1ccccc1C(=O)C(O)c1ccccc1OCCN(CC)CC,CCN(CC)CCOc1ccccc1C=O,/gpfs/scratch1/shared/schen3/benzoin-dg-restored/data/cross_benzoin/bde_homo_product_featurize_20260902/chunk_0216/geom.tar.zst,xyz/p000002.xyz,/gpfs/scratch1/shared/schen3/benzoin-dg-restored/data/cross_benzoin/bde_homo_product_featurize_20260902/chunk_0216/geom.tar.zst,ald_xyz/a000010.xyz,0.4856059110620094,0.2252428712330001,0,0,,train
112831,112831,O=C(c1c[se]c(=[Se])[se]1)C(O)c1c[se]c(=[Se])[se]1,O=Cc1c[se]c(=[Se])[se]1,/gpfs/scratch1/shared/schen3/benzoin-dg-restored/data/cross_benzoin/bde_homo_product_featurize_20260902/chunk_1128/geom.tar.zst,xyz/p000031.xyz,/gpfs/scratch1/shared/schen3/benzoin-dg-restored/data/cross_benzoin/bde_homo_product_featurize_20260902/chunk_1128/geom.tar.zst,ald_xyz/a000088.xyz,0.0091003934649975,-0.0073432394820009,0,0,,train
125120,125120,[CH2]C1(C(=O)C(O)C2([CH2])CCCC2(CC)C(=C)Sc2ccccc2)CCCC1(CC)C(=C)Sc1ccccc1,[CH2]C1(C=O)CCCC1(CC)C(=C)Sc1ccccc1,/gpfs/scratch1/shared/schen3/benzoin-dg-restored/data/cross_benzoin/bde_homo_product_featurize_20260902/chunk_1251/geom.tar.zst,xyz/p000020.xyz,/gpfs/scratch1/shared/schen3/benzoin-dg-restored/data/cross_benzoin/bde_homo_product_featurize_20260902/chunk_1251/geom.tar.zst,ald_xyz/a000099.xyz,0.5651095529159988,0.258174576687999,0,0,,train
40317,40317,O=C(c1nccc2cccc(F)c12)C(O)c1nccc2cccc(F)c12,O=Cc1nccc2cccc(F)c12,/gpfs/scratch1/shared/schen3/benzoin-dg-restored/data/cross_benzoin/bde_homo_product_featurize_20260902/chunk_0403/geom.tar.zst,xyz/p000017.xyz,/gpfs/scratch1/shared/schen3/benzoin-dg-restored/data/cross_benzoin/bde_homo_product_featurize_20260902/chunk_0403/geom.tar.zst,ald_xyz/a000098.xyz,0.1816208294799963,0.0761240440119976,0,0,-2.8848462930826253,train
78974,78974,N#Cc1ccc(N2CC(C(=O)C(O)C3CN(c4ccc(C#N)c5ncccc45)CC3C(F)(F)F)C(C(F)(F)F)C2)c2cccnc12,N#Cc1ccc(N2CC(C=O)C(C(F)(F)F)C2)c2cccnc12,/gpfs/scratch1/shared/schen3/benzoin-dg-restored/data/cross_benzoin/bde_homo_product_featurize_20260902/chunk_0789/geom.tar.zst,xyz/p000074.xyz,/gpfs/scratch1/shared/schen3/benzoin-dg-restored/data/cross_benzoin/bde_homo_product_featurize_20260902/chunk_0789/geom.tar.zst,ald_xyz/a000048.xyz,0.3710310261290033,0.1690048210210051,0,0,,validation
131915,131915,COc1ccc2c(CCCC(F)F)cc(=O)[nH]c2c1C(=O)C(O)c1c(OC)ccc2c(CCCC(F)F)cc(=O)[nH]c12,COc1ccc2c(CCCC(F)F)cc(=O)[nH]c2c1C=O,/gpfs/scratch1/shared/schen3/benzoin-dg-restored/data/cross_benzoin/bde_homo_product_featurize_20260902/chunk_1319/geom.tar.zst,xyz/p000015.xyz,/gpfs/scratch1/shared/schen3/benzoin-dg-restored/data/cross_benzoin/bde_homo_product_featurize_20260902/chunk_1319/geom.tar.zst,ald_xyz/a000012.xyz,0.4228626376059878,0.1879299488839905,0,0,,train
118987,118987,Cc1ccc(C2OC2C(=O)C(O)C2OC2c2ccc(C)cc2)cc1,Cc1ccc([C@H]2O[C@@H]2C=O)cc1,/gpfs/scratch1/shared/schen3/benzoin-dg-restored/data/cross_benzoin/bde_homo_product_featurize_20260902/chunk_1189/geom.tar.zst,xyz/p000087.xyz,/gpfs/scratch1/shared/schen3/benzoin-dg-restored/data/cross_benzoin/bde_homo_product_featurize_20260902/chunk_1189/geom.tar.zst,ald_xyz/a000072.xyz,0.2542016782680036,0.1140467491129939,0,0,-5.19176759549732,train
30214,30214,Cc1c(C(=O)C(O)c2c(-c3ccc(F)cc3)c(C)n(-c3ccccc3)c2C)c(-c2ccc(F)cc2)c(C)n1-c1ccccc1,Cc1c(C=O)c(-c2ccc(F)cc2)c(C)n1-c1ccccc1,/gpfs/scratch1/shared/schen3/benzoin-dg-restored/data/cross_benzoin/bde_homo_product_featurize_20260902/chunk_0302/geom.tar.zst,xyz/p000014.xyz,/gpfs/scratch1/shared/schen3/benzoin-dg-restored/data/cross_benzoin/bde_homo_product_featurize_20260902/chunk_0302/geom.tar.zst,ald_xyz/a000050.xyz,0.4728811923210116,0.214934939156997,0,0,,train
108427,108427,Cc1ccc2nc(Sc3ccc(C(=O)C(O)c4ccc(Sc5nc6ccc(C)cc6[nH]5)o4)o3)[nH]c2c1,Cc1ccc2nc(Sc3ccc(C=O)o3)[nH]c2c1,/gpfs/scratch1/shared/schen3/benzoin-dg-restored/data/cross_benzoin/bde_homo_product_featurize_20260902/chunk_1084/geom.tar.zst,xyz/p000027.xyz,/gpfs/scratch1/shared/schen3/benzoin-dg-restored/data/cross_benzoin/bde_homo_product_featurize_20260902/chunk_1084/geom.tar.zst,ald_xyz/a000057.xyz,0.2981996678230132,0.1269322105999961,0,0,,train
130802,130802,CC(C)Cn1cc(C(=O)C(O)c2cn(CC(C)C)nc2-c2ccc(F)c(Cl)c2)c(-c2ccc(F)c(Cl)c2)n1,CC(C)Cn1cc(C=O)c(-c2ccc(F)c(Cl)c2)n1,/gpfs/scratch1/shared/schen3/benzoin-dg-restored/data/cross_benzoin/bde_homo_product_featurize_20260902/chunk_1308/geom.tar.zst,xyz/p000002.xyz,/gpfs/scratch1/shared/schen3/benzoin-dg-restored/data/cross_benzoin/bde_homo_product_featurize_20260902/chunk_1308/geom.tar.zst,ald_xyz/a000002.xyz,0.3880016446859997,0.1772382581900018,0,0,,train
129867,129867,O=C(c1ccc(F)c(-c2ccnc(Cl)n2)c1)C(O)c1ccc(F)c(-c2ccnc(Cl)n2)c1,O=Cc1ccc(F)c(-c2ccnc(Cl)n2)c1,/gpfs/scratch1/shared/schen3/benzoin-dg-restored/data/cross_benzoin/bde_homo_product_featurize_20260902/chunk_1298/geom.tar.zst,xyz/p000067.xyz,/gpfs/scratch1/shared/schen3/benzoin-dg-restored/data/cross_benzoin/bde_homo_product_featurize_20260902/chunk_1298/geom.tar.zst,ald_xyz/a000083.xyz,0.1939721671319887,0.0804944217370007,0,0,,train
44818,44818,CNNC(C(=O)C(O)C(NNC)N1CCC(c2nc(C3=NOC(c4c(F)cccc4F)C3)cs2)CC1)N1CCC(c2nc(C3=NOC(c4c(F)cccc4F)C3)cs2)CC1,CNNC(C=O)N1CCC(c2nc(C3=NOC(c4c(F)cccc4F)C3)cs2)CC1,/gpfs/scratch1/shared/schen3/benzoin-dg-restored/data/cross_benzoin/bde_homo_product_featurize_20260902/chunk_0448/geom.tar.zst,xyz/p000018.xyz,/gpfs/scratch1/shared/schen3/benzoin-dg-restored/data/cross_benzoin/bde_homo_product_featurize_20260902/chunk_0448/geom.tar.zst,ald_xyz/a000023.xyz,0.6531707774059896,0.3095192805530047,0,0,,train
18945,18945,COC(=O)Cn1cc(C(=O)C(O)c2cn(CC(=O)OC)c3nccc(Br)c23)c2c(Br)ccnc21,COC(=O)Cn1cc(C=O)c2c(Br)ccnc21,/gpfs/scratch1/shared/schen3/benzoin-dg-restored/data/cross_benzoin/bde_homo_product_featurize_20260902/chunk_0189/geom.tar.zst,xyz/p000045.xyz,/gpfs/scratch1/shared/schen3/benzoin-dg-restored/data/cross_benzoin/bde_homo_product_featurize_20260902/chunk_0189/geom.tar.zst,ald_xyz/a000044.xyz,0.2463912582440031,0.1042141485989986,0,0,,train
32131,32131,O=C(C1CCC2c3cc(F)cc(F)c3CCC2C1)C(O)C1CCC2c3cc(F)cc(F)c3CCC2C1,O=C[C@@H]1CC[C@@H]2c3cc(F)cc(F)c3CC[C@@H]2C1,/gpfs/scratch1/shared/schen3/benzoin-dg-restored/data/cross_benzoin/bde_homo_product_featurize_20260902/chunk_0321/geom.tar.zst,xyz/p000031.xyz,/gpfs/scratch1/shared/schen3/benzoin-dg-restored/data/cross_benzoin/bde_homo_product_featurize_20260902/chunk_0321/geom.tar.zst,ald_xyz/a000060.xyz,0.4507132374709925,0.2114665295430029,0,0,,train
17325,17325,O=C(c1c(Cl)ccc(C(F)(F)F)c1Cl)C(O)c1c(Cl)ccc(C(F)(F)F)c1Cl,O=Cc1c(Cl)ccc(C(F)(F)F)c1Cl,/gpfs/scratch1/shared/schen3/benzoin-dg-restored/data/cross_benzoin/bde_homo_product_featurize_20260902/chunk_0173/geom.tar.zst,xyz/p000025.xyz,/gpfs/scratch1/shared/schen3/benzoin-dg-restored/data/cross_benzoin/bde_homo_product_featurize_20260902/chunk_0173/geom.tar.zst,ald_xyz/a000065.xyz,0.0955578564159935,0.0320624469799994,0,0,,train
8716,8716,CCC1(C(=O)C(O)C2(CC)CC=CO2)CC=CO1,CCC1(C=O)CC=CO1,/gpfs/scratch1/shared/schen3/benzoin-dg-restored/data/cross_benzoin/bde_homo_product_featurize_20260902/chunk_0087/geom.tar.zst,xyz/p000016.xyz,/gpfs/scratch1/shared/schen3/benzoin-dg-restored/data/cross_benzoin/bde_homo_product_featurize_20260902/chunk_0087/geom.tar.zst,ald_xyz/a000021.xyz,0.2460039403939973,0.1070154987020011,0,0,-2.0268828483207506,train
186331,186331,C=CCC1(C(=O)C(O)C2(CC=C)CCC(F)(F)CC2)CCC(F)(F)CC1,C=CCC1(C=O)CCC(F)(F)CC1,/gpfs/scratch1/shared/schen3/benzoin-dg-restored/data/cross_benzoin/bde_homo_product_featurize_20260902/chunk_1863/geom.tar.zst,xyz/p000031.xyz,/gpfs/scratch1/shared/schen3/benzoin-dg-restored/data/cross_benzoin/bde_homo_product_featurize_20260902/chunk_1863/geom.tar.zst,ald_xyz/a000002.xyz,0.3589321518149972,0.1620445326090021,0,0,,train
195349,195349,NCCC(O)C(O)c1ccc(C(=O)C(O)c2ccc(C(O)C(O)CCN)c(C(F)(F)F)c2)cc1C(F)(F)F,NCCC(O)C(O)c1ccc(C=O)cc1C(F)(F)F,/gpfs/scratch1/shared/schen3/benzoin-dg-restored/data/cross_benzoin/bde_homo_product_featurize_20260902/chunk_1953/geom.tar.zst,xyz/p000049.xyz,/gpfs/scratch1/shared/schen3/benzoin-dg-restored/data/cross_benzoin/bde_homo_product_featurize_20260902/chunk_1953/geom.tar.zst,ald_xyz/a000068.xyz,0.3656409362670132,0.1661013241119988,0,0,,train
151202,151202,O=C(C(O)C(F)(F)C1CNC1)C(F)(F)C1CNC1,O=CC(F)(F)C1CNC1,/gpfs/scratch1/shared/schen3/benzoin-dg-restored/data/cross_benzoin/bde_homo_product_featurize_20260902/chunk_1512/geom.tar.zst,xyz/p000002.xyz,/gpfs/scratch1/shared/schen3/benzoin-dg-restored/data/cross_benzoin/bde_homo_product_featurize_20260902/chunk_1512/geom.tar.zst,ald_xyz/a000049.xyz,0.1628319052969971,0.0696793337470005,0,0,-6.204950420109505,train
92369,92369,Cc1ccc(Nc2ccc3c(c2)ncn3-c2ccc(CC(=O)C(O)Cc3ccc(-n4cnc5cc(Nc6ccc(C)nn6)ccc54)nc3-n3nc(C)cc3C(F)F)c(-n3nc(C)cc3C(F)F)n2)nn1,Cc1ccc(Nc2ccc3c(c2)ncn3-c2ccc(CC=O)c(-n3nc(C)cc3C(F)F)n2)nn1,/gpfs/scratch1/shared/schen3/benzoin-dg-restored/data/cross_benzoin/bde_homo_product_featurize_20260902/chunk_0923/geom.tar.zst,xyz/p000069.xyz,/gpfs/scratch1/shared/schen3/benzoin-dg-restored/data/cross_benzoin/bde_homo_product_featurize_20260902/chunk_0923/geom.tar.zst,ald_xyz/a000057.xyz,0.630566227705998,0.2953828774359976,0,0,,validation
143654,143654,COCCn1nc(-c2ccc(F)cc2)cc(C(=O)C(O)c2cc(-c3ccc(F)cc3)nn(CCOC)c2=O)c1=O,COCCn1nc(-c2ccc(F)cc2)cc(C=O)c1=O,/gpfs/scratch1/shared/schen3/benzoin-dg-restored/data/cross_benzoin/bde_homo_product_featurize_20260902/chunk_1436/geom.tar.zst,xyz/p000054.xyz,/gpfs/scratch1/shared/schen3/benzoin-dg-restored/data/cross_benzoin/bde_homo_product_featurize_20260902/chunk_1436/geom.tar.zst,ald_xyz/a000026.xyz,0.3640108274500022,0.165908022328999,0,0,,train
207607,207607,CCCCCCCCCCSCC(=O)C(O)CSCCCCCCCCCC,CCCCCCCCCCSCC=O,/gpfs/scratch1/shared/schen3/benzoin-dg-restored/data/cross_benzoin/bde_homo_product_featurize_20260902/chunk_2076/geom.tar.zst,xyz/p000007.xyz,/gpfs/scratch1/shared/schen3/benzoin-dg-restored/data/cross_benzoin/bde_homo_product_featurize_20260902/chunk_2076/geom.tar.zst,ald_xyz/a000014.xyz,0.5628318321419954,0.2658437008599961,0,0,,validation
201645,201645,O=C(CC1CCCC=C1Br)C(O)CC1CCCC=C1Br,O=CCC1CCCC=C1Br,/gpfs/scratch1/shared/schen3/benzoin-dg-restored/data/cross_benzoin/bde_homo_product_featurize_20260902/chunk_2016/geom.tar.zst,xyz/p000045.xyz,/gpfs/scratch1/shared/schen3/benzoin-dg-restored/data/cross_benzoin/bde_homo_product_featurize_20260902/chunk_2016/geom.tar.zst,ald_xyz/a000082.xyz,0.2621089403569954,0.1150458424639992,0,0,1.0130516922137691,train
70341,70341,O=C(OCc1ccccc1)N1CCOC(F)(C(=O)C(O)C2(F)CN(C(=O)OCc3ccccc3)CCO2)C1,O=CC1(F)CN(C(=O)OCc2ccccc2)CCO1,/gpfs/scratch1/shared/schen3/benzoin-dg-restored/data/cross_benzoin/bde_homo_product_featurize_20260902/chunk_0703/geom.tar.zst,xyz/p000041.xyz,/gpfs/scratch1/shared/schen3/benzoin-dg-restored/data/cross_benzoin/bde_homo_product_featurize_20260902/chunk_0703/geom.tar.zst,ald_xyz/a000077.xyz,0.3797565607119963,0.1752434395840012,0,0,-6.005384606070872,train
25610,25610,O=C(C(c1ccccc1)c1ccc([N+](=O)[O-])cc1)C(O)C(c1ccccc1)c1ccc([N+](=O)[O-])cc1,O=CC(c1ccccc1)c1ccc([N+](=O)[O-])cc1,/gpfs/scratch1/shared/schen3/benzoin-dg-restored/data/cross_benzoin/bde_homo_product_featurize_20260902/chunk_0256/geom.tar.zst,xyz/p000010.xyz,/gpfs/scratch1/shared/schen3/benzoin-dg-restored/data/cross_benzoin/bde_homo_product_featurize_20260902/chunk_0256/geom.tar.zst,ald_xyz/a000077.xyz,0.3127541022619908,0.1405844040230022,0,0,,train
196361,196361,O=C(c1ccc(OC(F)(F)F)cc1-c1ccoc1)C(O)c1ccc(OC(F)(F)F)cc1-c1ccoc1,O=Cc1ccc(OC(F)(F)F)cc1-c1ccoc1,/gpfs/scratch1/shared/schen3/benzoin-dg-restored/data/cross_benzoin/bde_homo_product_featurize_20260902/chunk_1963/geom.tar.zst,xyz/p000061.xyz,/gpfs/scratch1/shared/schen3/benzoin-dg-restored/data/cross_benzoin/bde_homo_product_featurize_20260902/chunk_1963/geom.tar.zst,ald_xyz/a000094.xyz,0.233708127511008,0.0979576324860005,0,0,,train
219929,219929,COc1c(C(C)(C)C)cc(C(=O)C(O)c2cc(C(C)(C)C)c(OC)c(C(C)(C)C)c2O[Si](C)C)c(O[Si](C)C)c1C(C)(C)C,COc1c(C(C)(C)C)cc(C=O)c(O[Si](C)C)c1C(C)(C)C,/gpfs/scratch1/shared/schen3/benzoin-dg-restored/data/cross_benzoin/bde_homo_product_featurize_20260902/chunk_2199/geom.tar.zst,xyz/p000029.xyz,/gpfs/scratch1/shared/schen3/benzoin-dg-restored/data/cross_benzoin/bde_homo_product_featurize_20260902/chunk_2199/geom.tar.zst,ald_xyz/a000037.xyz,0.7349793228899841,0.3515035310499996,0,0,,train
35455,35455,CCCc1c(Br)c(-c2ccc(F)cc2)c(C(=O)C(O)c2c3c(c(CCC)c(Br)c2-c2ccc(F)cc2)CC(C)(C)O3)c2c1CC(C)(C)O2,CCCc1c(Br)c(-c2ccc(F)cc2)c(C=O)c2c1CC(C)(C)O2,/gpfs/scratch1/shared/schen3/benzoin-dg-restored/data/cross_benzoin/bde_homo_product_featurize_20260902/chunk_0354/geom.tar.zst,xyz/p000055.xyz,/gpfs/scratch1/shared/schen3/benzoin-dg-restored/data/cross_benzoin/bde_homo_product_featurize_20260902/chunk_0354/geom.tar.zst,ald_xyz/a000024.xyz,0.5645146490179798,0.2578566267520017,0,0,,validation
2731,2731,COc1cc(C(=O)C(O)c2cc(OC)c(O)c(C(=O)O)c2)cc(C(=O)O)c1O,COc1cc(C=O)cc(C(=O)O)c1O,/gpfs/scratch1/shared/schen3/benzoin-dg-restored/data/cross_benzoin/bde_homo_product_featurize_20260902/chunk_0027/geom.tar.zst,xyz/p000031.xyz,/gpfs/scratch1/shared/schen3/benzoin-dg-restored/data/cross_benzoin/bde_homo_product_featurize_20260902/chunk_0027/geom.tar.zst,ald_xyz/a000027.xyz,0.1946342863830068,-0.0822797355110012,0,0,,train
59965,59965,COc1cc(C(=O)C(O)c2cc(OC)c(OC)c(Cl)c2C(F)(F)F)c(C(F)(F)F)c(Cl)c1OC,COc1cc(C=O)c(C(F)(F)F)c(Cl)c1OC,/gpfs/scratch1/shared/schen3/benzoin-dg-restored/data/cross_benzoin/bde_homo_product_featurize_20260902/chunk_0599/geom.tar.zst,xyz/p000065.xyz,/gpfs/scratch1/shared/schen3/benzoin-dg-restored/data/cross_benzoin/bde_homo_product_featurize_20260902/chunk_0599/geom.tar.zst,ald_xyz/a000035.xyz,0.2195745733939986,-11.16317749132299,0,0,,train
213909,213909,COc1cccc(C(=O)C(O)c2cccc(OC)c2OCC(=O)NCC2CCCO2)c1OCC(=O)NCC1CCCO1,COc1cccc(C=O)c1OCC(=O)NCC1CCCO1,/gpfs/scratch1/shared/schen3/benzoin-dg-restored/data/cross_benzoin/bde_homo_product_featurize_20260902/chunk_2139/geom.tar.zst,xyz/p000009.xyz,/gpfs/scratch1/shared/schen3/benzoin-dg-restored/data/cross_benzoin/bde_homo_product_featurize_20260902/chunk_2139/geom.tar.zst,ald_xyz/a000051.xyz,0.511854004416989,0.2361865758440018,0,0,5.28282694229812,validation
103501,103501,COc1ccc(CN(C)C(F)C(C)(OCC(=O)C(O)COC(C)(C(F)F)C(F)N(C)Cc2ccc(OC)cc2)C(F)F)cc1,COc1ccc(CN(C)C(F)C(C)(OCC=O)C(F)F)cc1,/gpfs/scratch1/shared/schen3/benzoin-dg-restored/data/cross_benzoin/bde_homo_product_featurize_20260902/chunk_1035/geom.tar.zst,xyz/p000001.xyz,/gpfs/scratch1/shared/schen3/benzoin-dg-restored/data/cross_benzoin/bde_homo_product_featurize_20260902/chunk_1035/geom.tar.zst,ald_xyz/a000039.xyz,0.5220082569360045,0.2460362891609975,0,0,,train
59078,59078,O=C(CCc1cc(Cl)cc(C(F)(F)F)c1)C(O)CCc1cc(Cl)cc(C(F)(F)F)c1,O=CCCc1cc(Cl)cc(C(F)(F)F)c1,/gpfs/scratch1/shared/schen3/benzoin-dg-restored/data/cross_benzoin/bde_homo_product_featurize_20260902/chunk_0590/geom.tar.zst,xyz/p000078.xyz,/gpfs/scratch1/shared/schen3/benzoin-dg-restored/data/cross_benzoin/bde_homo_product_featurize_20260902/chunk_0590/geom.tar.zst,ald_xyz/a000072.xyz,0.2124375722600007,0.0919827330019984,0,0,,train
148454,148454,COc1c(C(=O)C(O)c2sc3c(C)cc(F)cc3c2OC)sc2c(C)cc(F)cc12,COc1c(C=O)sc2c(C)cc(F)cc12,/gpfs/scratch1/shared/schen3/benzoin-dg-restored/data/cross_benzoin/bde_homo_product_featurize_20260902/chunk_1484/geom.tar.zst,xyz/p000054.xyz,/gpfs/scratch1/shared/schen3/benzoin-dg-restored/data/cross_benzoin/bde_homo_product_featurize_20260902/chunk_1484/geom.tar.zst,ald_xyz/a000025.xyz,0.2438593356019964,0.1069229532710025,0,0,,train
41741,41741,CC1CC(c2ccccc2)(c2cc(OCc3ccc4cc(F)ccc4n3)ccc2C(=O)C(O)c2ccc(OCc3ccc4cc(F)ccc4n3)cc2C2(c3ccccc3)CC(C)C2)C1,CC1CC(c2ccccc2)(c2cc(OCc3ccc4cc(F)ccc4n3)ccc2C=O)C1,/gpfs/scratch1/shared/schen3/benzoin-dg-restored/data/cross_benzoin/bde_homo_product_featurize_20260902/chunk_0417/geom.tar.zst,xyz/p000041.xyz,/gpfs/scratch1/shared/schen3/benzoin-dg-restored/data/cross_benzoin/bde_homo_product_featurize_20260902/chunk_0417/geom.tar.zst,ald_xyz/a000006.xyz,0.7375308313999938,0.3419464535469956,0,0,,test
196499,196499,COc1cc(OC)cc(-c2cc(C(=O)C(O)c3cc(-c4cc(OC)cc(OC)c4)ncc3F)c(F)cn2)c1,COc1cc(OC)cc(-c2cc(C=O)c(F)cn2)c1,/gpfs/scratch1/shared/schen3/benzoin-dg-restored/data/cross_benzoin/bde_homo_product_featurize_20260902/chunk_1964/geom.tar.zst,xyz/p000099.xyz,/gpfs/scratch1/shared/schen3/benzoin-dg-restored/data/cross_benzoin/bde_homo_product_featurize_20260902/chunk_1964/geom.tar.zst,ald_xyz/a000015.xyz,0.3376079520640047,0.1548728337439939,0,0,,train
88965,88965,C=C1NC(=O)CCC1N(C)Cc1c(OCc2cc(CC)ccc2F)cccc1C(=O)C(O)c1cccc(OCc2cc(CC)ccc2F)c1CN(C)C1CCC(=O)NC1=C,C=C1NC(=O)CCC1N(C)Cc1c(C=O)cccc1OCc1cc(CC)ccc1F,/gpfs/scratch1/shared/schen3/benzoin-dg-restored/data/cross_benzoin/bde_homo_product_featurize_20260902/chunk_0889/geom.tar.zst,xyz/p000065.xyz,/gpfs/scratch1/shared/schen3/benzoin-dg-restored/data/cross_benzoin/bde_homo_product_featurize_20260902/chunk_0889/geom.tar.zst,ald_xyz/a000005.xyz,0.7526630046129981,0.3568400605799979,0,0,,train
147035,147035,COc1cc(F)c(NC(C)=O)c(F)c1C(=O)C(O)c1c(OC)cc(F)c(NC(C)=O)c1F,COc1cc(F)c(NC(C)=O)c(F)c1C=O,/gpfs/scratch1/shared/schen3/benzoin-dg-restored/data/cross_benzoin/bde_homo_product_featurize_20260902/chunk_1470/geom.tar.zst,xyz/p000035.xyz,/gpfs/scratch1/shared/schen3/benzoin-dg-restored/data/cross_benzoin/bde_homo_product_featurize_20260902/chunk_1470/geom.tar.zst,ald_xyz/a000052.xyz,0.2415389588099969,0.1006412852739941,0,0,,train
57175,57175,O=C(c1cc(F)c(Oc2ccc(F)nc2)c(F)c1)C(O)c1cc(F)c(Oc2ccc(F)nc2)c(F)c1,O=Cc1cc(F)c(Oc2ccc(F)nc2)c(F)c1,/gpfs/scratch1/shared/schen3/benzoin-dg-restored/data/cross_benzoin/bde_homo_product_featurize_20260902/chunk_0571/geom.tar.zst,xyz/p000075.xyz,/gpfs/scratch1/shared/schen3/benzoin-dg-restored/data/cross_benzoin/bde_homo_product_featurize_20260902/chunk_0571/geom.tar.zst,ald_xyz/a000070.xyz,0.1996331919950051,0.0856572954259959,0,0,,train
180781,180781,COc1ncc(O)c(C(=O)C(O)c2c(O)cnc(OC)c2OC(F)(F)F)c1OC(F)(F)F,COc1ncc(O)c(C=O)c1OC(F)(F)F,/gpfs/scratch1/shared/schen3/benzoin-dg-restored/data/cross_benzoin/bde_homo_product_featurize_20260902/chunk_1807/geom.tar.zst,xyz/p000081.xyz,/gpfs/scratch1/shared/schen3/benzoin-dg-restored/data/cross_benzoin/bde_homo_product_featurize_20260902/chunk_1807/geom.tar.zst,ald_xyz/a000024.xyz,0.1683250662610049,0.0640507067170048,0,0,,train
210126,210126,COC(=O)c1c(C(=O)C(O)c2c(C(=O)OC)c(O)c3ccoc3c2O)c(O)c2occc2c1O,COC(=O)c1c(C=O)c(O)c2occc2c1O,/gpfs/scratch1/shared/schen3/benzoin-dg-restored/data/cross_benzoin/bde_homo_product_featurize_20260902/chunk_2101/geom.tar.zst,xyz/p000026.xyz,/gpfs/scratch1/shared/schen3/benzoin-dg-restored/data/cross_benzoin/bde_homo_product_featurize_20260902/chunk_2101/geom.tar.zst,ald_xyz/a000049.xyz,0.2263202810410121,0.0943198895679984,0,0,,train
202041,202041,CC(C)(C)C1CC(=O)c2ccccc2C1(C)C(=O)C(O)C1(C)c2ccccc2C(=O)CC1C(C)(C)C,CC(C)(C)C1CC(=O)c2ccccc2C1(C)C=O,/gpfs/scratch1/shared/schen3/benzoin-dg-restored/data/cross_benzoin/bde_homo_product_featurize_20260902/chunk_2020/geom.tar.zst,xyz/p000041.xyz,/gpfs/scratch1/shared/schen3/benzoin-dg-restored/data/cross_benzoin/bde_homo_product_featurize_20260902/chunk_2020/geom.tar.zst,ald_xyz/a000007.xyz,0.5468028989480018,-15.548925424319002,0,0,,train
201326,201326,O=C(c1cccn1C(=O)C(Cc1ccccc1)N1C(=O)c2ccccc2C1=O)C(O)c1cccn1C(=O)C(Cc1ccccc1)N1C(=O)c2ccccc2C1=O,O=Cc1cccn1C(=O)[C@H](Cc1ccccc1)N1C(=O)c2ccccc2C1=O,/gpfs/scratch1/shared/schen3/benzoin-dg-restored/data/cross_benzoin/bde_homo_product_featurize_20260902/chunk_2013/geom.tar.zst,xyz/p000026.xyz,/gpfs/scratch1/shared/schen3/benzoin-dg-restored/data/cross_benzoin/bde_homo_product_featurize_20260902/chunk_2013/geom.tar.zst,ald_xyz/a000099.xyz,0.5082028163369898,0.2310096231839935,0,0,,test
181303,181303,Cn1cc(C(=O)C(O)c2cn(C)nc2-c2cc3cccc(F)c3[nH]2)c(-c2cc3cccc(F)c3[nH]2)n1,Cn1cc(C=O)c(-c2cc3cccc(F)c3[nH]2)n1,/gpfs/scratch1/shared/schen3/benzoin-dg-restored/data/cross_benzoin/bde_homo_product_featurize_20260902/chunk_1813/geom.tar.zst,xyz/p000003.xyz,/gpfs/scratch1/shared/schen3/benzoin-dg-restored/data/cross_benzoin/bde_homo_product_featurize_20260902/chunk_1813/geom.tar.zst,ald_xyz/a000025.xyz,0.2996431457130057,0.134056792304996,0,0,,test
152256,152256,Cn1nc2ccc(C(=O)C(O)c3ccc4nn(C)c(C(F)(F)F)c4c3)cc2c1C(F)(F)F,Cn1nc2ccc(C=O)cc2c1C(F)(F)F,/gpfs/scratch1/shared/schen3/benzoin-dg-restored/data/cross_benzoin/bde_homo_product_featurize_20260902/chunk_1522/geom.tar.zst,xyz/p000056.xyz,/gpfs/scratch1/shared/schen3/benzoin-dg-restored/data/cross_benzoin/bde_homo_product_featurize_20260902/chunk_1522/geom.tar.zst,ald_xyz/a000061.xyz,0.2100471813189983,0.0901246682719971,0,0,,train
62507,62507,O=C(c1ccccc1S(=O)(=O)C(F)(F)C1CCN(C(=O)Nc2ccnnc2)CC1)C(O)c1ccccc1S(=O)(=O)C(F)(F)C1CCN(C(=O)Nc2ccnnc2)CC1,O=Cc1ccccc1S(=O)(=O)C(F)(F)C1CCN(C(=O)Nc2ccnnc2)CC1,/gpfs/scratch1/shared/schen3/benzoin-dg-restored/data/cross_benzoin/bde_homo_product_featurize_20260902/chunk_0625/geom.tar.zst,xyz/p000007.xyz,/gpfs/scratch1/shared/schen3/benzoin-dg-restored/data/cross_benzoin/bde_homo_product_featurize_20260902/chunk_0625/geom.tar.zst,ald_xyz/a000095.xyz,0.5234795265970149,0.2379714148190004,0,0,,validation
28811,28811,O=C(Nc1ccccc1-c1ccccc1)C1CCN(c2ccc(C(=O)C(O)c3ccc(N4CCC(C(=O)Nc5ccccc5-c5ccccc5)CC4)cc3)cc2)CC1,O=Cc1ccc(N2CCC(C(=O)Nc3ccccc3-c3ccccc3)CC2)cc1,/gpfs/scratch1/shared/schen3/benzoin-dg-restored/data/cross_benzoin/bde_homo_product_featurize_20260902/chunk_0288/geom.tar.zst,xyz/p000011.xyz,/gpfs/scratch1/shared/schen3/benzoin-dg-restored/data/cross_benzoin/bde_homo_product_featurize_20260902/chunk_0288/geom.tar.zst,ald_xyz/a000093.xyz,0.6902149003369971,0.3286125175360013,0,0,,validation
65705,65705,COc1ccc(Oc2ccc(C(F)(F)F)cc2C(=O)C(O)c2cc(C(F)(F)F)ccc2Oc2ccc(OC)cc2F)c(F)c1,COc1ccc(Oc2ccc(C(F)(F)F)cc2C=O)c(F)c1,/gpfs/scratch1/shared/schen3/benzoin-dg-restored/data/cross_benzoin/bde_homo_product_featurize_20260902/chunk_0657/geom.tar.zst,xyz/p000005.xyz,/gpfs/scratch1/shared/schen3/benzoin-dg-restored/data/cross_benzoin/bde_homo_product_featurize_20260902/chunk_0657/geom.tar.zst,ald_xyz/a000046.xyz,0.3145892113610102,0.1372622340669949,0,0,,train
145548,145548,CCOC(=O)c1cccc(Cn2cc(C(=O)C(O)c3cn(Cc4cccc(C(=O)OCC)c4)c4ccc(F)cc34)c3cc(F)ccc32)c1,CCOC(=O)c1cccc(Cn2cc(C=O)c3cc(F)ccc32)c1,/gpfs/scratch1/shared/schen3/benzoin-dg-restored/data/cross_benzoin/bde_homo_product_featurize_20260902/chunk_1455/geom.tar.zst,xyz/p000048.xyz,/gpfs/scratch1/shared/schen3/benzoin-dg-restored/data/cross_benzoin/bde_homo_product_featurize_20260902/chunk_1455/geom.tar.zst,ald_xyz/a000013.xyz,0.4793060397180113,0.2137579209729949,0,0,,train
45979,45979,O=C(C(Br)c1cc(C(F)(F)F)cc(C(F)(F)F)c1)C(O)C(Br)c1cc(C(F)(F)F)cc(C(F)(F)F)c1,O=CC(Br)c1cc(C(F)(F)F)cc(C(F)(F)F)c1,/gpfs/scratch1/shared/schen3/benzoin-dg-restored/data/cross_benzoin/bde_homo_product_featurize_20260902/chunk_0459/geom.tar.zst,xyz/p000079.xyz,/gpfs/scratch1/shared/schen3/benzoin-dg-restored/data/cross_benzoin/bde_homo_product_featurize_20260902/chunk_0459/geom.tar.zst,ald_xyz/a000047.xyz,0.1573685762940044,0.0626372445769973,0,0,,train
68444,68444,O=C(c1ccc(CNCc2cncc(F)c2)cc1)C(O)c1ccc(CNCc2cncc(F)c2)cc1,O=Cc1ccc(CNCc2cncc(F)c2)cc1,/gpfs/scratch1/shared/schen3/benzoin-dg-restored/data/cross_benzoin/bde_homo_product_featurize_20260902/chunk_0684/geom.tar.zst,xyz/p000044.xyz,/gpfs/scratch1/shared/schen3/benzoin-dg-restored/data/cross_benzoin/bde_homo_product_featurize_20260902/chunk_0684/geom.tar.zst,ald_xyz/a000090.xyz,0.3619452066230053,0.1666819673859976,0,0,,train
136766,136766,CCCCn1cc(C(=O)C(O)c2cn(CCCC)nc2C(C)(C)c2ccc(F)cc2)c(C(C)(C)c2ccc(F)cc2)n1,CCCCn1cc(C=O)c(C(C)(C)c2ccc(F)cc2)n1,/gpfs/scratch1/shared/schen3/benzoin-dg-restored/data/cross_benzoin/bde_homo_product_featurize_20260902/chunk_1367/geom.tar.zst,xyz/p000066.xyz,/gpfs/scratch1/shared/schen3/benzoin-dg-restored/data/cross_benzoin/bde_homo_product_featurize_20260902/chunk_1367/geom.tar.zst,ald_xyz/a000042.xyz,0.5740213367750044,0.264484013194,0,0,,train
99672,99672,CC1(C)COC(C(=O)C(O)C2OCC(C)(C)N2c2nc(-c3cccc(C(F)(F)F)c3)cs2)N1c1nc(-c2cccc(C(F)(F)F)c2)cs1,CC1(C)COC(C=O)N1c1nc(-c2cccc(C(F)(F)F)c2)cs1,/gpfs/scratch1/shared/schen3/benzoin-dg-restored/data/cross_benzoin/bde_homo_product_featurize_20260902/chunk_0996/geom.tar.zst,xyz/p000072.xyz,/gpfs/scratch1/shared/schen3/benzoin-dg-restored/data/cross_benzoin/bde_homo_product_featurize_20260902/chunk_0996/geom.tar.zst,ald_xyz/a000021.xyz,0.4470959405510086,0.2003732672250038,0,0,,train
205636,205636,O=C(c1cccn2cnc(Cl)c12)C(O)c1cccn2cnc(Cl)c12,O=Cc1cccn2cnc(Cl)c12,/gpfs/scratch1/shared/schen3/benzoin-dg-restored/data/cross_benzoin/bde_homo_product_featurize_20260902/chunk_2056/geom.tar.zst,xyz/p000036.xyz,/gpfs/scratch1/shared/schen3/benzoin-dg-restored/data/cross_benzoin/bde_homo_product_featurize_20260902/chunk_2056/geom.tar.zst,ald_xyz/a000098.xyz,0.1507573008800022,0.057240583506001,0,0,10.191748266679792,train
86652,86652,CC(F)(CO)C(=O)C(O)C(C)(F)CO,CC(F)(C=O)CO,/gpfs/scratch1/shared/schen3/benzoin-dg-restored/data/cross_benzoin/bde_homo_product_featurize_20260902/chunk_0866/geom.tar.zst,xyz/p000052.xyz,/gpfs/scratch1/shared/schen3/benzoin-dg-restored/data/cross_benzoin/bde_homo_product_featurize_20260902/chunk_0866/geom.tar.zst,ald_xyz/a000017.xyz,0.1453515039089978,0.0569613082150013,0,0,-1.2533222861480833,test
61491,61491,CN1N=C(c2cc(C(F)(F)F)cc(C(F)(F)F)c2)C(C(=O)C(O)C2C(=O)N(C)N=C2c2cc(C(F)(F)F)cc(C(F)(F)F)c2)C1=O,CN1N=C(c2cc(C(F)(F)F)cc(C(F)(F)F)c2)C(C=O)C1=O,/gpfs/scratch1/shared/schen3/benzoin-dg-restored/data/cross_benzoin/bde_homo_product_featurize_20260902/chunk_0614/geom.tar.zst,xyz/p000091.xyz,/gpfs/scratch1/shared/schen3/benzoin-dg-restored/data/cross_benzoin/bde_homo_product_featurize_20260902/chunk_0614/geom.tar.zst,ald_xyz/a000016.xyz,0.2659580038680076,0.1137776675480068,0,0,,validation
67706,67706,COc1ccc(C(C)(c2ccc(F)cc2)c2ccc(C(=O)C(O)c3ccc(C(C)(c4ccc(F)cc4)c4ccc(OC)cc4)cc3)cc2)cc1,COc1ccc(C(C)(c2ccc(F)cc2)c2ccc(C=O)cc2)cc1,/gpfs/scratch1/shared/schen3/benzoin-dg-restored/data/cross_benzoin/bde_homo_product_featurize_20260902/chunk_0677/geom.tar.zst,xyz/p000006.xyz,/gpfs/scratch1/shared/schen3/benzoin-dg-restored/data/cross_benzoin/bde_homo_product_featurize_20260902/chunk_0677/geom.tar.zst,ald_xyz/a000054.xyz,0.5484210609060085,2.075654597244992,0,0,,train
94840,94840,Cc1c(Cl)ccc2c1N=CC2=Cc1[nH]c(=O)n(C(C(=O)C(O)C(c2ccc(F)c(F)c2)n2c(O)c(C=C3C=Nc4c3ccc(Cl)c4C)[nH]c2=O)c2ccc(F)c(F)c2)c1O,Cc1c(Cl)ccc2c1N=C/C2=C\c1[nH]c(=O)n(C(C=O)c2ccc(F)c(F)c2)c1O,/gpfs/scratch1/shared/schen3/benzoin-dg-restored/data/cross_benzoin/bde_homo_product_featurize_20260902/chunk_0948/geom.tar.zst,xyz/p000040.xyz,/gpfs/scratch1/shared/schen3/benzoin-dg-restored/data/cross_benzoin/bde_homo_product_featurize_20260902/chunk_0948/geom.tar.zst,ald_xyz/a000044.xyz,0.4369898303660022,0.1965882747579996,0,0,,train
20292,20292,O=C(c1ccc2c(c1)cc1n2C(=O)CCC1CC(F)(F)F)C(O)c1ccc2c(c1)cc1n2C(=O)CCC1CC(F)(F)F,O=Cc1ccc2c(c1)cc1n2C(=O)CCC1CC(F)(F)F,/gpfs/scratch1/shared/schen3/benzoin-dg-restored/data/cross_benzoin/bde_homo_product_featurize_20260902/chunk_0202/geom.tar.zst,xyz/p000092.xyz,/gpfs/scratch1/shared/schen3/benzoin-dg-restored/data/cross_benzoin/bde_homo_product_featurize_20260902/chunk_0202/geom.tar.zst,ald_xyz/a000086.xyz,0.3601571035070066,0.1650297098990023,0,0,,train
207245,207245,O=C(O)c1cc2c(s1)c(C1CCCCC1)c(-c1ccc(C(=O)C(O)c3ccc(-c4c(C5CCCCC5)c5sc(C(=O)O)cc5n4CC(=O)N4CCOCC4)cc3)cc1)n2CC(=O)N1CCOCC1,O=Cc1ccc(-c2c(C3CCCCC3)c3sc(C(=O)O)cc3n2CC(=O)N2CCOCC2)cc1,/gpfs/scratch1/shared/schen3/benzoin-dg-restored/data/cross_benzoin/bde_homo_product_featurize_20260902/chunk_2072/geom.tar.zst,xyz/p000045.xyz,/gpfs/scratch1/shared/schen3/benzoin-dg-restored/data/cross_benzoin/bde_homo_product_featurize_20260902/chunk_2072/geom.tar.zst,ald_xyz/a000088.xyz,0.7827861087439771,27.317000138767995,0,0,,train
108082,108082,CCOC(=O)c1c(C)c(C(=O)OCC)n(C)c1C(=O)C(O)c1c(C(=O)OCC)c(C)c(C(=O)OCC)n1C,CCOC(=O)c1c(C)c(C(=O)OCC)n(C)c1C=O,/gpfs/scratch1/shared/schen3/benzoin-dg-restored/data/cross_benzoin/bde_homo_product_featurize_20260902/chunk_1080/geom.tar.zst,xyz/p000082.xyz,/gpfs/scratch1/shared/schen3/benzoin-dg-restored/data/cross_benzoin/bde_homo_product_featurize_20260902/chunk_1080/geom.tar.zst,ald_xyz/a000020.xyz,0.4396746956449959,0.2025131682109986,0,0,,train
95644,95644,N#Cc1c(F)c(F)cc2c(=O)c(C(=O)C(O)c3cn(C4CC4)c4c(C#N)c(F)c(F)cc4c3=O)cn(C3CC3)c12,N#Cc1c(F)c(F)cc2c(=O)c(C=O)cn(C3CC3)c12,/gpfs/scratch1/shared/schen3/benzoin-dg-restored/data/cross_benzoin/bde_homo_product_featurize_20260902/chunk_0956/geom.tar.zst,xyz/p000044.xyz,/gpfs/scratch1/shared/schen3/benzoin-dg-restored/data/cross_benzoin/bde_homo_product_featurize_20260902/chunk_0956/geom.tar.zst,ald_xyz/a000061.xyz,0.261613748659002,0.1101451544599996,0,0,,train
88154,88154,COc1ccc(Cn2ncc(NC(C)COCCC(=O)C(O)CCOCC(C)Nc3cnn(Cc4ccc(OC)cc4)c(=O)c3C(F)(F)F)c(C(F)(F)F)c2=O)cc1,COc1ccc(Cn2ncc(N[C@@H](C)COCCC=O)c(C(F)(F)F)c2=O)cc1,/gpfs/scratch1/shared/schen3/benzoin-dg-restored/data/cross_benzoin/bde_homo_product_featurize_20260902/chunk_0881/geom.tar.zst,xyz/p000054.xyz,/gpfs/scratch1/shared/schen3/benzoin-dg-restored/data/cross_benzoin/bde_homo_product_featurize_20260902/chunk_0881/geom.tar.zst,ald_xyz/a000055.xyz,0.5969752680219926,0.2785763415489981,0,0,,test
8433,8433,O=C(c1ccc(CI)o1)C(O)c1ccc(CI)o1,O=Cc1ccc(CI)o1,/gpfs/scratch1/shared/schen3/benzoin-dg-restored/data/cross_benzoin/bde_homo_product_featurize_20260902/chunk_0084/geom.tar.zst,xyz/p000033.xyz,/gpfs/scratch1/shared/schen3/benzoin-dg-restored/data/cross_benzoin/bde_homo_product_featurize_20260902/chunk_0084/geom.tar.zst,ald_xyz/a000094.xyz,0.1076851143279995,0.0373155561369991,0,0,,train
87359,87359,Cn1cc(-c2ccc(C(=O)C(O)c3ccc(-c4cn(C)c(=O)c5cnccc45)cc3OC(F)(F)F)c(OC(F)(F)F)c2)c2ccncc2c1=O,Cn1cc(-c2ccc(C=O)c(OC(F)(F)F)c2)c2ccncc2c1=O,/gpfs/scratch1/shared/schen3/benzoin-dg-restored/data/cross_benzoin/bde_homo_product_featurize_20260902/chunk_0873/geom.tar.zst,xyz/p000059.xyz,/gpfs/scratch1/shared/schen3/benzoin-dg-restored/data/cross_benzoin/bde_homo_product_featurize_20260902/chunk_0873/geom.tar.zst,ald_xyz/a000050.xyz,0.3586887331049979,0.1614914894069983,0,0,,train
142875,142875,CCCCCn1nnc(C(=O)C(O)c2nnn(CCCCC)c2Cc2ccc(F)cc2)c1Cc1ccc(F)cc1,CCCCCn1nnc(C=O)c1Cc1ccc(F)cc1,/gpfs/scratch1/shared/schen3/benzoin-dg-restored/data/cross_benzoin/bde_homo_product_featurize_20260902/chunk_1428/geom.tar.zst,xyz/p000075.xyz,/gpfs/scratch1/shared/schen3/benzoin-dg-restored/data/cross_benzoin/bde_homo_product_featurize_20260902/chunk_1428/geom.tar.zst,ald_xyz/a000034.xyz,0.4849402978539956,0.2255413260719976,0,0,,train
91727,91727,CC(CCC(=O)NC=O)N(C)C(=O)c1cc(F)ccc1C(=O)C(O)c1ccc(F)cc1C(=O)N(C)C(C)CCC(=O)NC=O,CC(CCC(=O)NC=O)N(C)C(=O)c1cc(F)ccc1C=O,/gpfs/scratch1/shared/schen3/benzoin-dg-restored/data/cross_benzoin/bde_homo_product_featurize_20260902/chunk_0917/geom.tar.zst,xyz/p000027.xyz,/gpfs/scratch1/shared/schen3/benzoin-dg-restored/data/cross_benzoin/bde_homo_product_featurize_20260902/chunk_0917/geom.tar.zst,ald_xyz/a000020.xyz,0.4536207622450092,0.2064803270520059,0,0,,train
209265,209265,C=C(C)c1c(OC)cc(C(=O)C(O)c2cc(OC)c(C(=C)C)c(OC)c2)cc1OC,C=C(C)c1c(OC)cc(C=O)cc1OC,/gpfs/scratch1/shared/schen3/benzoin-dg-restored/data/cross_benzoin/bde_homo_product_featurize_20260902/chunk_2092/geom.tar.zst,xyz/p000065.xyz,/gpfs/scratch1/shared/schen3/benzoin-dg-restored/data/cross_benzoin/bde_homo_product_featurize_20260902/chunk_2092/geom.tar.zst,ald_xyz/a000001.xyz,0.3553427395849979,0.162638508759997,0,0,,train
137672,137672,O=C(c1cncn1Cc1cc(F)ccc1F)C(O)c1cncn1Cc1cc(F)ccc1F,O=Cc1cncn1Cc1cc(F)ccc1F,/gpfs/scratch1/shared/schen3/benzoin-dg-restored/data/cross_benzoin/bde_homo_product_featurize_20260902/chunk_1376/geom.tar.zst,xyz/p000072.xyz,/gpfs/scratch1/shared/schen3/benzoin-dg-restored/data/cross_benzoin/bde_homo_product_featurize_20260902/chunk_1376/geom.tar.zst,ald_xyz/a000087.xyz,0.241370101990995,0.1063933987889953,0,0,,train
85008,85008,O=C(c1ccc(F)cc1)c1ccc(N2CCC(Oc3ncccc3F)C2)c(C(=O)C(O)c2cc(C(=O)c3ccc(F)cc3)ccc2N2CCC(Oc3ncccc3F)C2)c1,O=Cc1cc(C(=O)c2ccc(F)cc2)ccc1N1CCC(Oc2ncccc2F)C1,/gpfs/scratch1/shared/schen3/benzoin-dg-restored/data/cross_benzoin/bde_homo_product_featurize_20260902/chunk_0850/geom.tar.zst,xyz/p000008.xyz,/gpfs/scratch1/shared/schen3/benzoin-dg-restored/data/cross_benzoin/bde_homo_product_featurize_20260902/chunk_0850/geom.tar.zst,ald_xyz/a000072.xyz,0.5540182389979975,0.2577067275990004,0,0,,train
80556,80556,O=C(c1nc2c(s1)CN(CC(F)(F)F)CC2)C(O)c1nc2c(s1)CN(CC(F)(F)F)CC2,O=Cc1nc2c(s1)CN(CC(F)(F)F)CC2,/gpfs/scratch1/shared/schen3/benzoin-dg-restored/data/cross_benzoin/bde_homo_product_featurize_20260902/chunk_0805/geom.tar.zst,xyz/p000056.xyz,/gpfs/scratch1/shared/schen3/benzoin-dg-restored/data/cross_benzoin/bde_homo_product_featurize_20260902/chunk_0805/geom.tar.zst,ald_xyz/a000098.xyz,0.2473012932879896,0.1078017308799985,0,0,,train
8914,8914,O=C(c1nnsc1Cl)C(O)c1nnsc1Cl,O=Cc1nnsc1Cl,/gpfs/scratch1/shared/schen3/benzoin-dg-restored/data/cross_benzoin/bde_homo_product_featurize_20260902/chunk_0089/geom.tar.zst,xyz/p000014.xyz,/gpfs/scratch1/shared/schen3/benzoin-dg-restored/data/cross_benzoin/bde_homo_product_featurize_20260902/chunk_0089/geom.tar.zst,ald_xyz/a000099.xyz,0.0139269771759984,-0.0061799825329984,0,0,,train
160964,160964,Cc1cc(F)cc(C)c1-c1ccc(F)cc1C(=O)C(O)c1cc(F)ccc1-c1c(C)cc(F)cc1C,Cc1cc(F)cc(C)c1-c1ccc(F)cc1C=O,/gpfs/scratch1/shared/schen3/benzoin-dg-restored/data/cross_benzoin/bde_homo_product_featurize_20260902/chunk_1609/geom.tar.zst,xyz/p000064.xyz,/gpfs/scratch1/shared/schen3/benzoin-dg-restored/data/cross_benzoin/bde_homo_product_featurize_20260902/chunk_1609/geom.tar.zst,ald_xyz/a000053.xyz,0.3500413680390011,0.1552332592600009,0,0,,train
89134,89134,CN(CCCC(NC(=O)Nc1ccc(C(F)(F)F)cc1)C(=O)C(O)C(CCCN(C)c1ccc(-c2cccnc2F)cc1)NC(=O)Nc1ccc(C(F)(F)F)cc1)c1ccc(-c2cccnc2F)cc1,CN(CCCC(C=O)NC(=O)Nc1ccc(C(F)(F)F)cc1)c1ccc(-c2cccnc2F)cc1,/gpfs/scratch1/shared/schen3/benzoin-dg-restored/data/cross_benzoin/bde_homo_product_featurize_20260902/chunk_0891/geom.tar.zst,xyz/p000034.xyz,/gpfs/scratch1/shared/schen3/benzoin-dg-restored/data/cross_benzoin/bde_homo_product_featurize_20260902/chunk_0891/geom.tar.zst,ald_xyz/a000034.xyz,0.6838028931589974,0.3266119428249965,0,0,2.404798085169184,test
92693,92693,CCc1c(F)cc2nc3c(c4c2c1CCC4NC)Cn1c-3cc(C(O)(CC)C(=O)C(O)C(O)(CC)c2cc3n(c(=O)c2COC)Cc2c-3nc3cc(F)c(CC)c4c3c2C(NC)CC4)c(COC)c1=O,CCc1c(F)cc2nc3c(c4c2c1CCC4NC)Cn1c-3cc([C@](O)(C=O)CC)c(COC)c1=O,/gpfs/scratch1/shared/schen3/benzoin-dg-restored/data/cross_benzoin/bde_homo_product_featurize_20260902/chunk_0926/geom.tar.zst,xyz/p000093.xyz,/gpfs/scratch1/shared/schen3/benzoin-dg-restored/data/cross_benzoin/bde_homo_product_featurize_20260902/chunk_0926/geom.tar.zst,ald_xyz/a000029.xyz,0.8633777292459968,0.4109507692309933,0,0,7.394143830550273,train
87179,87179,O=C(c1cn(SF)c2ncccc12)C(O)c1cn(SF)c2ncccc12,O=Cc1cn(SF)c2ncccc12,/gpfs/scratch1/shared/schen3/benzoin-dg-restored/data/cross_benzoin/bde_homo_product_featurize_20260902/chunk_0871/geom.tar.zst,xyz/p000079.xyz,/gpfs/scratch1/shared/schen3/benzoin-dg-restored/data/cross_benzoin/bde_homo_product_featurize_20260902/chunk_0871/geom.tar.zst,ald_xyz/a000094.xyz,0.1437784763480039,0.0575191256899998,0,0,4.599509862446635,train
203143,203143,CC(C)COC(C)C1OCCC(C(=O)C(O)C2CCOC(C(C)OCC(C)C)OC2)CO1,CC(C)COC(C)C1OCCC(C=O)CO1,/gpfs/scratch1/shared/schen3/benzoin-dg-restored/data/cross_benzoin/bde_homo_product_featurize_20260902/chunk_2031/geom.tar.zst,xyz/p000043.xyz,/gpfs/scratch1/shared/schen3/benzoin-dg-restored/data/cross_benzoin/bde_homo_product_featurize_20260902/chunk_2031/geom.tar.zst,ald_xyz/a000019.xyz,0.5457440788229917,0.2575804101919985,0,0,,train
204649,204649,Cc1ccc2[nH]c(-c3ccccc3C)c(C(=O)C(O)c3c(-c4ccccc4C)[nH]c4ccc(C)cc34)c2c1,Cc1ccc2[nH]c(-c3ccccc3C)c(C=O)c2c1,/gpfs/scratch1/shared/schen3/benzoin-dg-restored/data/cross_benzoin/bde_homo_product_featurize_20260902/chunk_2046/geom.tar.zst,xyz/p000049.xyz,/gpfs/scratch1/shared/schen3/benzoin-dg-restored/data/cross_benzoin/bde_homo_product_featurize_20260902/chunk_2046/geom.tar.zst,ald_xyz/a000058.xyz,0.4372433563700042,0.195195656725005,0,0,,train
151302,151302,CC(F)(F)C(C(=O)C(O)C(C1CCC1)C(C)(F)F)C1CCC1,CC(F)(F)C(C=O)C1CCC1,/gpfs/scratch1/shared/schen3/benzoin-dg-restored/data/cross_benzoin/bde_homo_product_featurize_20260902/chunk_1513/geom.tar.zst,xyz/p000002.xyz,/gpfs/scratch1/shared/schen3/benzoin-dg-restored/data/cross_benzoin/bde_homo_product_featurize_20260902/chunk_1513/geom.tar.zst,ald_xyz/a000011.xyz,0.2943463649230011,0.132320284875,0,0,0.3118964674840274,train
186267,186267,O=C(O)c1cccc(-c2c(F)cccc2C(=O)C(O)c2cccc(F)c2-c2cccc(C(=O)O)c2)c1,O=Cc1cccc(F)c1-c1cccc(C(=O)O)c1,/gpfs/scratch1/shared/schen3/benzoin-dg-restored/data/cross_benzoin/bde_homo_product_featurize_20260902/chunk_1862/geom.tar.zst,xyz/p000067.xyz,/gpfs/scratch1/shared/schen3/benzoin-dg-restored/data/cross_benzoin/bde_homo_product_featurize_20260902/chunk_1862/geom.tar.zst,ald_xyz/a000090.xyz,0.2645123850350046,1.4035143658630034,0,0,,train
76423,76423,C=CC1(F)CN(C2CCCC2)C2=NC(Nc3cc(F)c(C(=O)C(O)c4cc(OC)c(NC5=C(CC)CC=C6C(=N5)N(C5CCCC5)CC(F)(C=C)C(=O)N6C)cc4F)cc3OC)=C(CC)CC=C2N(C)C1=O,C=C[C@@]1(F)CN(C2CCCC2)C2=NC(Nc3cc(F)c(C=O)cc3OC)=C(CC)CC=C2N(C)C1=O,/gpfs/scratch1/shared/schen3/benzoin-dg-restored/data/cross_benzoin/bde_homo_product_featurize_20260902/chunk_0764/geom.tar.zst,xyz/p000023.xyz,/gpfs/scratch1/shared/schen3/benzoin-dg-restored/data/cross_benzoin/bde_homo_product_featurize_20260902/chunk_0764/geom.tar.zst,ald_xyz/a000013.xyz,0.893059167062006,14.008474991352005,0,0,,validation
128082,128082,O=C(COC(=O)COc1ccccc1C(=O)C(O)c1ccccc1OCC(=O)OCC(=O)NCC(=O)Nc1ccc(F)c(F)c1)NCC(=O)Nc1ccc(F)c(F)c1,O=Cc1ccccc1OCC(=O)OCC(=O)NCC(=O)Nc1ccc(F)c(F)c1,/gpfs/scratch1/shared/schen3/benzoin-dg-restored/data/cross_benzoin/bde_homo_product_featurize_20260902/chunk_1280/geom.tar.zst,xyz/p000082.xyz,/gpfs/scratch1/shared/schen3/benzoin-dg-restored/data/cross_benzoin/bde_homo_product_featurize_20260902/chunk_1280/geom.tar.zst,ald_xyz/a000096.xyz,0.4950303613789799,0.2112878064159957,0,0,26.546954110194683,train
96475,96475,O=C(c1cc(F)cc(C2CC(c3cscn3)=NO2)c1)C(O)c1cc(F)cc(C2CC(c3cscn3)=NO2)c1,O=Cc1cc(F)cc(C2CC(c3cscn3)=NO2)c1,/gpfs/scratch1/shared/schen3/benzoin-dg-restored/data/cross_benzoin/bde_homo_product_featurize_20260902/chunk_0964/geom.tar.zst,xyz/p000075.xyz,/gpfs/scratch1/shared/schen3/benzoin-dg-restored/data/cross_benzoin/bde_homo_product_featurize_20260902/chunk_0964/geom.tar.zst,ald_xyz/a000095.xyz,0.2761392289559978,0.1189413726689991,0,0,,test
152721,152721,CCn1nc(C(=O)C(O)c2cc(-c3ccccc3C(F)(F)F)n(CC)n2)cc1-c1ccccc1C(F)(F)F,CCn1nc(C=O)cc1-c1ccccc1C(F)(F)F,/gpfs/scratch1/shared/schen3/benzoin-dg-restored/data/cross_benzoin/bde_homo_product_featurize_20260902/chunk_1527/geom.tar.zst,xyz/p000021.xyz,/gpfs/scratch1/shared/schen3/benzoin-dg-restored/data/cross_benzoin/bde_homo_product_featurize_20260902/chunk_1527/geom.tar.zst,ald_xyz/a000032.xyz,0.3200225132089969,0.1424233664369936,0,0,,train
27214,27214,CC1(O)C=CC(C(=O)C(O)C2C=CC(C)(O)O2)O1,CC1(O)C=CC(C=O)O1,/gpfs/scratch1/shared/schen3/benzoin-dg-restored/data/cross_benzoin/bde_homo_product_featurize_20260902/chunk_0272/geom.tar.zst,xyz/p000014.xyz,/gpfs/scratch1/shared/schen3/benzoin-dg-restored/data/cross_benzoin/bde_homo_product_featurize_20260902/chunk_0272/geom.tar.zst,ald_xyz/a000011.xyz,0.1867065441050002,0.0760487299059988,0,0,-2.5609674054394325,train
217409,217409,CCCc1c(OCc2ccccc2)ccc(C(=O)C(O)c2ccc(OCc3ccccc3)c(CCC)c2SC)c1SC,CCCc1c(OCc2ccccc2)ccc(C=O)c1SC,/gpfs/scratch1/shared/schen3/benzoin-dg-restored/data/cross_benzoin/bde_homo_product_featurize_20260902/chunk_2174/geom.tar.zst,xyz/p000009.xyz,/gpfs/scratch1/shared/schen3/benzoin-dg-restored/data/cross_benzoin/bde_homo_product_featurize_20260902/chunk_2174/geom.tar.zst,ald_xyz/a000034.xyz,0.5406983658949969,0.2482645687440055,0,0,,train
117383,117383,O=C(OS(=O)(=O)O)C(O)C(O)C(O)C(O)C(=O)C(O)C(O)C(O)C(O)C(O)C(=O)OS(=O)(=O)O,O=C[C@H](O)[C@@H](O)[C@H](O)[C@@H](O)C(=O)OS(=O)(=O)O,/gpfs/scratch1/shared/schen3/benzoin-dg-restored/data/cross_benzoin/bde_homo_product_featurize_20260902/chunk_1173/geom.tar.zst,xyz/p000083.xyz,/gpfs/scratch1/shared/schen3/benzoin-dg-restored/data/cross_benzoin/bde_homo_product_featurize_20260902/chunk_1173/geom.tar.zst,ald_xyz/a000083.xyz,0.2238663272629963,0.0838786519310019,0,0,,
147137,147137,Cc1cc(C(=O)C(O)c2cc(C)c(NC(=O)OC(C)(C)C)c(F)c2C)c(C)c(F)c1NC(=O)OC(C)(C)C,Cc1cc(C=O)c(C)c(F)c1NC(=O)OC(C)(C)C,/gpfs/scratch1/shared/schen3/benzoin-dg-restored/data/cross_benzoin/bde_homo_product_featurize_20260902/chunk_1471/geom.tar.zst,xyz/p000037.xyz,/gpfs/scratch1/shared/schen3/benzoin-dg-restored/data/cross_benzoin/bde_homo_product_featurize_20260902/chunk_1471/geom.tar.zst,ald_xyz/a000086.xyz,0.4591739846950133,0.2177967603720034,0,0,,train
94246,94246,CNC(Cc1cc(F)ccc1Cl)c1c(N)cc(CNC(=O)OC(C)(C)C)c(OC)c1C(=O)C(O)c1c(OC)c(CNC(=O)OC(C)(C)C)cc(N)c1C(Cc1cc(F)ccc1Cl)NC,CNC(Cc1cc(F)ccc1Cl)c1c(N)cc(CNC(=O)OC(C)(C)C)c(OC)c1C=O,/gpfs/scratch1/shared/schen3/benzoin-dg-restored/data/cross_benzoin/bde_homo_product_featurize_20260902/chunk_0942/geom.tar.zst,xyz/p000046.xyz,/gpfs/scratch1/shared/schen3/benzoin-dg-restored/data/cross_benzoin/bde_homo_product_featurize_20260902/chunk_0942/geom.tar.zst,ald_xyz/a000033.xyz,0.7918980329729948,0.3723437228349979,0,0,,train
12128,12128,CC(C)(C)OC(=O)N1Cc2ccccc2C1C(=O)C(O)C1c2ccccc2CN1C(=O)OC(C)(C)C,CC(C)(C)OC(=O)N1Cc2ccccc2C1C=O,/gpfs/scratch1/shared/schen3/benzoin-dg-restored/data/cross_benzoin/bde_homo_product_featurize_20260902/chunk_0121/geom.tar.zst,xyz/p000028.xyz,/gpfs/scratch1/shared/schen3/benzoin-dg-restored/data/cross_benzoin/bde_homo_product_featurize_20260902/chunk_0121/geom.tar.zst,ald_xyz/a000007.xyz,0.4561083544990083,0.2070236944519976,0,0,,train
189996,189996,NCCC#Cc1cc(F)ccc1C(=O)C(O)c1ccc(F)cc1C#CCCN,NCCC#Cc1cc(F)ccc1C=O,/gpfs/scratch1/shared/schen3/benzoin-dg-restored/data/cross_benzoin/bde_homo_product_featurize_20260902/chunk_1899/geom.tar.zst,xyz/p000096.xyz,/gpfs/scratch1/shared/schen3/benzoin-dg-restored/data/cross_benzoin/bde_homo_product_featurize_20260902/chunk_1899/geom.tar.zst,ald_xyz/a000015.xyz,0.2655414429329994,0.1184626279119953,0,0,,train
4178,4178,O=C(NC(Cc1ccccc1)C(=O)NC(CC1CCCNC1=O)C(=O)C(O)C(CC1CCCNC1=O)NC(=O)C(Cc1ccccc1)NC(=O)c1cccnc1)c1cccnc1,O=C[C@H](C[C@@H]1CCCNC1=O)NC(=O)[C@H](Cc1ccccc1)NC(=O)c1cccnc1,/gpfs/scratch1/shared/schen3/benzoin-dg-restored/data/cross_benzoin/bde_homo_product_featurize_20260902/chunk_0041/geom.tar.zst,xyz/p000078.xyz,/gpfs/scratch1/shared/schen3/benzoin-dg-restored/data/cross_benzoin/bde_homo_product_featurize_20260902/chunk_0041/geom.tar.zst,ald_xyz/a000065.xyz,0.7377483585999869,0.3443045574839942,0,0,,test
97401,97401,O=C(O)NC1(C(=O)C(O)C2(NC(=O)O)c3cc(-c4cccc(OC(F)(F)F)c4)ccc3CCC23CC3)c2cc(-c3cccc(OC(F)(F)F)c3)ccc2CCC12CC2,O=C[C@@]1(NC(=O)O)c2cc(-c3cccc(OC(F)(F)F)c3)ccc2CCC12CC2,/gpfs/scratch1/shared/schen3/benzoin-dg-restored/data/cross_benzoin/bde_homo_product_featurize_20260902/chunk_0974/geom.tar.zst,xyz/p000001.xyz,/gpfs/scratch1/shared/schen3/benzoin-dg-restored/data/cross_benzoin/bde_homo_product_featurize_20260902/chunk_0974/geom.tar.zst,ald_xyz/a000054.xyz,0.551967235056992,0.2474875518930019,0,0,,train
8622,8622,Cc1cc(O)c(C)c2c1Oc1c(c(C)cc(O)c1C(=O)C(O)c1c(O)cc(C)c3c1Oc1c(C)cc(O)c(C)c1OC3=O)C(=O)O2,Cc1cc(O)c(C)c2c1Oc1c(C=O)c(O)cc(C)c1C(=O)O2,/gpfs/scratch1/shared/schen3/benzoin-dg-restored/data/cross_benzoin/bde_homo_product_featurize_20260902/chunk_0086/geom.tar.zst,xyz/p000022.xyz,/gpfs/scratch1/shared/schen3/benzoin-dg-restored/data/cross_benzoin/bde_homo_product_featurize_20260902/chunk_0086/geom.tar.zst,ald_xyz/a000070.xyz,0.4044548917609916,0.1847621766790013,0,0,,train
90073,90073,CSc1ncc(C(=O)C(O)c2cnc(SC)nc2NCc2ccc(-c3cccc(S(N)(=O)=O)c3)c(F)c2)c(NCc2ccc(-c3cccc(S(N)(=O)=O)c3)c(F)c2)n1,CSc1ncc(C=O)c(NCc2ccc(-c3cccc(S(N)(=O)=O)c3)c(F)c2)n1,/gpfs/scratch1/shared/schen3/benzoin-dg-restored/data/cross_benzoin/bde_homo_product_featurize_20260902/chunk_0900/geom.tar.zst,xyz/p000073.xyz,/gpfs/scratch1/shared/schen3/benzoin-dg-restored/data/cross_benzoin/bde_homo_product_featurize_20260902/chunk_0900/geom.tar.zst,ald_xyz/a000062.xyz,0.4927921367630006,0.2161506253579972,0,0,,test
25653,25653,COc1ccc(C(C[N+](=O)[O-])C(C)(C)C(=O)C(O)C(C)(C)C(C[N+](=O)[O-])c2ccc(OC)cc2)cc1,COc1ccc([C@H](C[N+](=O)[O-])C(C)(C)C=O)cc1,/gpfs/scratch1/shared/schen3/benzoin-dg-restored/data/cross_benzoin/bde_homo_product_featurize_20260902/chunk_0256/geom.tar.zst,xyz/p000053.xyz,/gpfs/scratch1/shared/schen3/benzoin-dg-restored/data/cross_benzoin/bde_homo_product_featurize_20260902/chunk_0256/geom.tar.zst,ald_xyz/a000053.xyz,0.442176380050995,0.2027262995479972,0,0,,train
192709,192709,CC(=O)c1cc(Cl)cc(C(=O)C(O)c2cc(Cl)cc(C(C)=O)c2F)c1F,CC(=O)c1cc(Cl)cc(C=O)c1F,/gpfs/scratch1/shared/schen3/benzoin-dg-restored/data/cross_benzoin/bde_homo_product_featurize_20260902/chunk_1927/geom.tar.zst,xyz/p000009.xyz,/gpfs/scratch1/shared/schen3/benzoin-dg-restored/data/cross_benzoin/bde_homo_product_featurize_20260902/chunk_1927/geom.tar.zst,ald_xyz/a000015.xyz,0.1580792567529982,0.0654796031169979,0,0,,train
133928,133928,O=C(c1ccc(N2CCOC3CCCCC32)c(F)c1)C(O)c1ccc(N2CCOC3CCCCC32)c(F)c1,O=Cc1ccc(N2CCOC3CCCCC32)c(F)c1,/gpfs/scratch1/shared/schen3/benzoin-dg-restored/data/cross_benzoin/bde_homo_product_featurize_20260902/chunk_1339/geom.tar.zst,xyz/p000028.xyz,/gpfs/scratch1/shared/schen3/benzoin-dg-restored/data/cross_benzoin/bde_homo_product_featurize_20260902/chunk_1339/geom.tar.zst,ald_xyz/a000082.xyz,0.4974058043529936,0.233399671514995,0,0,,train
96361,96361,C=C(c1cccc(NCC(=O)C(O)CNc2cccc(C(=C)c3nc4cc(F)ccc4s3)c2)c1)c1nc2cc(F)ccc2s1,C=C(c1cccc(NCC=O)c1)c1nc2cc(F)ccc2s1,/gpfs/scratch1/shared/schen3/benzoin-dg-restored/data/cross_benzoin/bde_homo_product_featurize_20260902/chunk_0963/geom.tar.zst,xyz/p000061.xyz,/gpfs/scratch1/shared/schen3/benzoin-dg-restored/data/cross_benzoin/bde_homo_product_featurize_20260902/chunk_0963/geom.tar.zst,ald_xyz/a000000.xyz,0.3966282754220032,0.173476661720997,0,0,,train
9007,9007,O=C(c1c(F)ccc(NS(=O)(=O)c2ccc(C(F)(F)F)cc2)c1F)C(O)c1c(F)ccc(NS(=O)(=O)c2ccc(C(F)(F)F)cc2)c1F,O=Cc1c(F)ccc(NS(=O)(=O)c2ccc(C(F)(F)F)cc2)c1F,/gpfs/scratch1/shared/schen3/benzoin-dg-restored/data/cross_benzoin/bde_homo_product_featurize_20260902/chunk_0090/geom.tar.zst,xyz/p000007.xyz,/gpfs/scratch1/shared/schen3/benzoin-dg-restored/data/cross_benzoin/bde_homo_product_featurize_20260902/chunk_0090/geom.tar.zst,ald_xyz/a000077.xyz,0.2610022969389831,0.1087811121419974,0,0,,train
12283,12283,COc1c(Cl)cncc1C(=O)C(O)c1cncc(Cl)c1OC,COc1c(Cl)cncc1C=O,/gpfs/scratch1/shared/schen3/benzoin-dg-restored/data/cross_benzoin/bde_homo_product_featurize_20260902/chunk_0122/geom.tar.zst,xyz/p000083.xyz,/gpfs/scratch1/shared/schen3/benzoin-dg-restored/data/cross_benzoin/bde_homo_product_featurize_20260902/chunk_0122/geom.tar.zst,ald_xyz/a000038.xyz,0.1552898025399969,0.0613352406010037,0,0,,train
81430,81430,C=COc1ccc(F)c(Br)c1C(=O)C(O)c1c(OC=C)ccc(F)c1Br,C=COc1ccc(F)c(Br)c1C=O,/gpfs/scratch1/shared/schen3/benzoin-dg-restored/data/cross_benzoin/bde_homo_product_featurize_20260902/chunk_0814/geom.tar.zst,xyz/p000030.xyz,/gpfs/scratch1/shared/schen3/benzoin-dg-restored/data/cross_benzoin/bde_homo_product_featurize_20260902/chunk_0814/geom.tar.zst,ald_xyz/a000001.xyz,0.1585851621359921,0.0603642714239995,0,0,,train
10449,10449,CCCCOc1ccc(C(=O)C(O)c2ccc(OCCCC)o2)o1,CCCCOc1ccc(C=O)o1,/gpfs/scratch1/shared/schen3/benzoin-dg-restored/data/cross_benzoin/bde_homo_product_featurize_20260902/chunk_0104/geom.tar.zst,xyz/p000049.xyz,/gpfs/scratch1/shared/schen3/benzoin-dg-restored/data/cross_benzoin/bde_homo_product_featurize_20260902/chunk_0104/geom.tar.zst,ald_xyz/a000019.xyz,0.3000539733580041,0.1330989921990024,0,0,,train
124624,124624,COC(=O)c1ccc(N2C(=O)c3ccccc3C2=O)c(C(=O)C(O)c2cc(C(=O)OC)ccc2N2C(=O)c3ccccc3C2=O)c1,COC(=O)c1ccc(N2C(=O)c3ccccc3C2=O)c(C=O)c1,/gpfs/scratch1/shared/schen3/benzoin-dg-restored/data/cross_benzoin/bde_homo_product_featurize_20260902/chunk_1246/geom.tar.zst,xyz/p000024.xyz,/gpfs/scratch1/shared/schen3/benzoin-dg-restored/data/cross_benzoin/bde_homo_product_featurize_20260902/chunk_1246/geom.tar.zst,ald_xyz/a000041.xyz,0.3493471637839889,0.1527410336380086,0,0,,train
217565,217565,CC(C)(CC(=O)C(O)CC(C)(C)n1ccnc1)n1ccnc1,CC(C)(CC=O)n1ccnc1,/gpfs/scratch1/shared/schen3/benzoin-dg-restored/data/cross_benzoin/bde_homo_product_featurize_20260902/chunk_2175/geom.tar.zst,xyz/p000065.xyz,/gpfs/scratch1/shared/schen3/benzoin-dg-restored/data/cross_benzoin/bde_homo_product_featurize_20260902/chunk_2175/geom.tar.zst,ald_xyz/a000013.xyz,0.300523264098004,0.1330389335990034,0,0,,train
154509,154509,CC(O)(CC(=O)C(O)CC(C)(O)C(F)(F)Br)C(F)(F)Br,CC(O)(CC=O)C(F)(F)Br,/gpfs/scratch1/shared/schen3/benzoin-dg-restored/data/cross_benzoin/bde_homo_product_featurize_20260902/chunk_1545/geom.tar.zst,xyz/p000009.xyz,/gpfs/scratch1/shared/schen3/benzoin-dg-restored/data/cross_benzoin/bde_homo_product_featurize_20260902/chunk_1545/geom.tar.zst,ald_xyz/a000004.xyz,0.1430849037029986,0.0581675887279971,0,0,-3.0911993401848297,validation
115892,115892,Cn1c(-c2ccccc2)cc2cc(C(=O)C(O)c3ccc4c(c3)cc(-c3ccccc3)n4C)ccc21,Cn1c(-c2ccccc2)cc2cc(C=O)ccc21,/gpfs/scratch1/shared/schen3/benzoin-dg-restored/data/cross_benzoin/bde_homo_product_featurize_20260902/chunk_1158/geom.tar.zst,xyz/p000092.xyz,/gpfs/scratch1/shared/schen3/benzoin-dg-restored/data/cross_benzoin/bde_homo_product_featurize_20260902/chunk_1158/geom.tar.zst,ald_xyz/a000075.xyz,0.375385809318999,0.1721946745700009,0,0,,train
68923,68923,CCN1CCCCC1c1nc2nc(C(=O)C(O)c3nc(NC(C)C4CCC4)c4c(n3)nc(C3CCCCN3CC)n4Cc3ccc(F)cc3)nc(NC(C)C3CCC3)c2n1Cc1ccc(F)cc1,CCN1CCCCC1c1nc2nc(C=O)nc(N[C@H](C)C3CCC3)c2n1Cc1ccc(F)cc1,/gpfs/scratch1/shared/schen3/benzoin-dg-restored/data/cross_benzoin/bde_homo_product_featurize_20260902/chunk_0689/geom.tar.zst,xyz/p000023.xyz,/gpfs/scratch1/shared/schen3/benzoin-dg-restored/data/cross_benzoin/bde_homo_product_featurize_20260902/chunk_0689/geom.tar.zst,ald_xyz/a000034.xyz,0.9355325962639824,12.527785875012995,0,0,,test
57717,57717,O=C(c1ncccc1OCC1=C(c2ccnn2CC(F)F)CCCC1)C(O)c1ncccc1OCC1=C(c2ccnn2CC(F)F)CCCC1,O=Cc1ncccc1OCC1=C(c2ccnn2CC(F)F)CCCC1,/gpfs/scratch1/shared/schen3/benzoin-dg-restored/data/cross_benzoin/bde_homo_product_featurize_20260902/chunk_0577/geom.tar.zst,xyz/p000017.xyz,/gpfs/scratch1/shared/schen3/benzoin-dg-restored/data/cross_benzoin/bde_homo_product_featurize_20260902/chunk_0577/geom.tar.zst,ald_xyz/a000095.xyz,0.5506522852730029,7.6623293773910035,0,0,,train
25298,25298,CCOC(=O)C(C(=O)C(O)C(C(=O)OCC)c1ccc(OC)c(OC)c1)c1ccc(OC)c(OC)c1,CCOC(=O)C(C=O)c1ccc(OC)c(OC)c1,/gpfs/scratch1/shared/schen3/benzoin-dg-restored/data/cross_benzoin/bde_homo_product_featurize_20260902/chunk_0252/geom.tar.zst,xyz/p000098.xyz,/gpfs/scratch1/shared/schen3/benzoin-dg-restored/data/cross_benzoin/bde_homo_product_featurize_20260902/chunk_0252/geom.tar.zst,ald_xyz/a000019.xyz,0.4153109108860064,-28.989048399621,0,0,,train
219480,219480,C[Si](C)(C)c1occ(C(=O)C(O)c2coc([Si](C)(C)C)c2-c2ccccc2)c1-c1ccccc1,C[Si](C)(C)c1occ(C=O)c1-c1ccccc1,/gpfs/scratch1/shared/schen3/benzoin-dg-restored/data/cross_benzoin/bde_homo_product_featurize_20260902/chunk_2194/geom.tar.zst,xyz/p000080.xyz,/gpfs/scratch1/shared/schen3/benzoin-dg-restored/data/cross_benzoin/bde_homo_product_featurize_20260902/chunk_2194/geom.tar.zst,ald_xyz/a000066.xyz,0.4124218989040003,0.1851858988180055,0,0,,train
139762,139762,COC(=O)CCOc1c(F)cc(C(=O)C(O)c2cc(F)c(OCCC(=O)OC)c(F)c2)cc1F,COC(=O)CCOc1c(F)cc(C=O)cc1F,/gpfs/scratch1/shared/schen3/benzoin-dg-restored/data/cross_benzoin/bde_homo_product_featurize_20260902/chunk_1397/geom.tar.zst,xyz/p000062.xyz,/gpfs/scratch1/shared/schen3/benzoin-dg-restored/data/cross_benzoin/bde_homo_product_featurize_20260902/chunk_1397/geom.tar.zst,ald_xyz/a000047.xyz,0.2631552408870021,0.1162724175709968,0,0,,train
18209,18209,Cc1cc(C)c2nc(C(=O)C(O)c3ccc4cc(C)cc(C)c4n3)ccc2c1,Cc1cc(C)c2nc(C=O)ccc2c1,/gpfs/scratch1/shared/schen3/benzoin-dg-restored/data/cross_benzoin/bde_homo_product_featurize_20260902/chunk_0182/geom.tar.zst,xyz/p000009.xyz,/gpfs/scratch1/shared/schen3/benzoin-dg-restored/data/cross_benzoin/bde_homo_product_featurize_20260902/chunk_0182/geom.tar.zst,ald_xyz/a000039.xyz,0.3034451700730045,0.1336752855119982,0,0,,train
97440,97440,O=C(O)NC1(C(=O)C(O)C2(NC(=O)O)C=CCc3ccc(-c4ccccc4F)cc32)C=CCc2ccc(-c3ccccc3F)cc21,O=C[C@]1(NC(=O)O)C=CCc2ccc(-c3ccccc3F)cc21,/gpfs/scratch1/shared/schen3/benzoin-dg-restored/data/cross_benzoin/bde_homo_product_featurize_20260902/chunk_0974/geom.tar.zst,xyz/p000040.xyz,/gpfs/scratch1/shared/schen3/benzoin-dg-restored/data/cross_benzoin/bde_homo_product_featurize_20260902/chunk_0974/geom.tar.zst,ald_xyz/a000091.xyz,0.4126458392770189,0.1844235108929979,0,0,,train
17765,17765,O=C(c1cn(-c2ccc(F)c(Cl)c2)nc1-c1ccc(Cl)cc1)C(O)c1cn(-c2ccc(F)c(Cl)c2)nc1-c1ccc(Cl)cc1,O=Cc1cn(-c2ccc(F)c(Cl)c2)nc1-c1ccc(Cl)cc1,/gpfs/scratch1/shared/schen3/benzoin-dg-restored/data/cross_benzoin/bde_homo_product_featurize_20260902/chunk_0177/geom.tar.zst,xyz/p000065.xyz,/gpfs/scratch1/shared/schen3/benzoin-dg-restored/data/cross_benzoin/bde_homo_product_featurize_20260902/chunk_0177/geom.tar.zst,ald_xyz/a000088.xyz,0.2999571354500006,0.1272720046150013,0,0,,train
41719,41719,O=C(c1cc(Sc2cccnc2)n(-c2cccc(F)c2Cl)n1)C(O)c1cc(Sc2cccnc2)n(-c2cccc(F)c2Cl)n1,O=Cc1cc(Sc2cccnc2)n(-c2cccc(F)c2Cl)n1,/gpfs/scratch1/shared/schen3/benzoin-dg-restored/data/cross_benzoin/bde_homo_product_featurize_20260902/chunk_0417/geom.tar.zst,xyz/p000019.xyz,/gpfs/scratch1/shared/schen3/benzoin-dg-restored/data/cross_benzoin/bde_homo_product_featurize_20260902/chunk_0417/geom.tar.zst,ald_xyz/a000085.xyz,0.2906987165140009,0.1288929689629938,0,0,,train
76137,76137,O=C(c1ccc(-c2cc3cc(CCc4ccccc4)ccc3o2)c(F)c1)C(O)c1ccc(-c2cc3cc(CCc4ccccc4)ccc3o2)c(F)c1,O=Cc1ccc(-c2cc3cc(CCc4ccccc4)ccc3o2)c(F)c1,/gpfs/scratch1/shared/schen3/benzoin-dg-restored/data/cross_benzoin/bde_homo_product_featurize_20260902/chunk_0761/geom.tar.zst,xyz/p000037.xyz,/gpfs/scratch1/shared/schen3/benzoin-dg-restored/data/cross_benzoin/bde_homo_product_featurize_20260902/chunk_0761/geom.tar.zst,ald_xyz/a000087.xyz,0.5220225189810037,0.2438633001460033,0,0,,validation
166435,166435,O=C(CCc1ccc(O)c(Br)c1F)C(O)CCc1ccc(O)c(Br)c1F,O=CCCc1ccc(O)c(Br)c1F,/gpfs/scratch1/shared/schen3/benzoin-dg-restored/data/cross_benzoin/bde_homo_product_featurize_20260902/chunk_1664/geom.tar.zst,xyz/p000035.xyz,/gpfs/scratch1/shared/schen3/benzoin-dg-restored/data/cross_benzoin/bde_homo_product_featurize_20260902/chunk_1664/geom.tar.zst,ald_xyz/a000097.xyz,0.1863133772960026,0.0806218109939962,0,0,,train
57062,57062,Cc1c(-c2c(CC(=O)C(O)Cc3cnn(-c4ccc(C#N)cc4)c3-c3c(C)n(-c4cccc(C(F)(F)F)c4)c(=O)n(C)c3=O)cnn2-c2ccc(C#N)cc2)c(=O)n(C)c(=O)n1-c1cccc(C(F)(F)F)c1,Cc1c(-c2c(CC=O)cnn2-c2ccc(C#N)cc2)c(=O)n(C)c(=O)n1-c1cccc(C(F)(F)F)c1,/gpfs/scratch1/shared/schen3/benzoin-dg-restored/data/cross_benzoin/bde_homo_product_featurize_20260902/chunk_0570/geom.tar.zst,xyz/p000062.xyz,/gpfs/scratch1/shared/schen3/benzoin-dg-restored/data/cross_benzoin/bde_homo_product_featurize_20260902/chunk_0570/geom.tar.zst,ald_xyz/a000032.xyz,0.5868900609480079,0.2714976171800032,0,0,,train
100340,100340,CC(Nc1ncnc2c(C(=O)C(O)c3cccc4c(NC(C)c5cccc(NC(=O)c6ccc(OC(F)(F)F)cc6)c5)ncnc34)cccc12)c1cccc(NC(=O)c2ccc(OC(F)(F)F)cc2)c1,CC(Nc1ncnc2c(C=O)cccc12)c1cccc(NC(=O)c2ccc(OC(F)(F)F)cc2)c1,/gpfs/scratch1/shared/schen3/benzoin-dg-restored/data/cross_benzoin/bde_homo_product_featurize_20260902/chunk_1003/geom.tar.zst,xyz/p000040.xyz,/gpfs/scratch1/shared/schen3/benzoin-dg-restored/data/cross_benzoin/bde_homo_product_featurize_20260902/chunk_1003/geom.tar.zst,ald_xyz/a000015.xyz,0.5986354694369993,0.2778424457279982,0,0,,validation
195532,195532,COC(=O)CC(O)C(O)c1cc(C(=O)C(O)c2cc(C(O)C(O)CC(=O)OC)ncc2F)c(F)cn1,COC(=O)CC(O)C(O)c1cc(C=O)c(F)cn1,/gpfs/scratch1/shared/schen3/benzoin-dg-restored/data/cross_benzoin/bde_homo_product_featurize_20260902/chunk_1955/geom.tar.zst,xyz/p000032.xyz,/gpfs/scratch1/shared/schen3/benzoin-dg-restored/data/cross_benzoin/bde_homo_product_featurize_20260902/chunk_1955/geom.tar.zst,ald_xyz/a000027.xyz,0.3111724716379882,0.1395168023379938,0,0,,train
116660,116660,CC1=CC(C)(C)N(C)c2cc(O)c(C(=O)C(O)c3cc4c(cc3O)N(C)C(C)(C)C=C4C)cc21,CC1=CC(C)(C)N(C)c2cc(O)c(C=O)cc21,/gpfs/scratch1/shared/schen3/benzoin-dg-restored/data/cross_benzoin/bde_homo_product_featurize_20260902/chunk_1166/geom.tar.zst,xyz/p000060.xyz,/gpfs/scratch1/shared/schen3/benzoin-dg-restored/data/cross_benzoin/bde_homo_product_featurize_20260902/chunk_1166/geom.tar.zst,ald_xyz/a000020.xyz,0.4483075318510003,0.207575170686006,0,0,,train
109231,109231,CN(c1ncccc1C(=O)C(O)c1cccnc1N(C)C1CCN(C(=O)OC(C)(C)C)CC1)C1CCN(C(=O)OC(C)(C)C)CC1,CN(c1ncccc1C=O)C1CCN(C(=O)OC(C)(C)C)CC1,/gpfs/scratch1/shared/schen3/benzoin-dg-restored/data/cross_benzoin/bde_homo_product_featurize_20260902/chunk_1092/geom.tar.zst,xyz/p000031.xyz,/gpfs/scratch1/shared/schen3/benzoin-dg-restored/data/cross_benzoin/bde_homo_product_featurize_20260902/chunk_1092/geom.tar.zst,ald_xyz/a000037.xyz,0.6634925290260014,36.956121794521,0,0,,test
160878,160878,COc1cccc(Sc2c(F)cccc2C(=O)C(O)c2cccc(F)c2Sc2cccc(OC)c2)c1,COc1cccc(Sc2c(F)cccc2C=O)c1,/gpfs/scratch1/shared/schen3/benzoin-dg-restored/data/cross_benzoin/bde_homo_product_featurize_20260902/chunk_1608/geom.tar.zst,xyz/p000078.xyz,/gpfs/scratch1/shared/schen3/benzoin-dg-restored/data/cross_benzoin/bde_homo_product_featurize_20260902/chunk_1608/geom.tar.zst,ald_xyz/a000035.xyz,0.3173601212960051,0.1428285224209986,0,0,,train
161680,161680,O=C(c1cc2c([nH]1)oc1cc(F)ccc12)C(O)c1cc2c([nH]1)oc1cc(F)ccc12,O=Cc1cc2c([nH]1)oc1cc(F)ccc12,/gpfs/scratch1/shared/schen3/benzoin-dg-restored/data/cross_benzoin/bde_homo_product_featurize_20260902/chunk_1616/geom.tar.zst,xyz/p000080.xyz,/gpfs/scratch1/shared/schen3/benzoin-dg-restored/data/cross_benzoin/bde_homo_product_featurize_20260902/chunk_1616/geom.tar.zst,ald_xyz/a000075.xyz,0.1938940652169947,0.0826268325550003,0,0,,validation
183277,183277,CC(C)(C)OC(=O)N1CCN(c2ccc(C(=O)C(O)c3ccc(N4CCN(C(=O)OC(C)(C)C)CC4)c(-c4ccc(F)cc4)c3)cc2-c2ccc(F)cc2)CC1,CC(C)(C)OC(=O)N1CCN(c2ccc(C=O)cc2-c2ccc(F)cc2)CC1,/gpfs/scratch1/shared/schen3/benzoin-dg-restored/data/cross_benzoin/bde_homo_product_featurize_20260902/chunk_1832/geom.tar.zst,xyz/p000077.xyz,/gpfs/scratch1/shared/schen3/benzoin-dg-restored/data/cross_benzoin/bde_homo_product_featurize_20260902/chunk_1832/geom.tar.zst,ald_xyz/a000003.xyz,0.6885542541289738,11.950292472962005,0,0,,train
39647,39647,COc1cc(OCc2c(F)cccc2Cl)cc(OC)c1C(=O)C(O)c1c(OC)cc(OCc2c(F)cccc2Cl)cc1OC,COc1cc(OCc2c(F)cccc2Cl)cc(OC)c1C=O,/gpfs/scratch1/shared/schen3/benzoin-dg-restored/data/cross_benzoin/bde_homo_product_featurize_20260902/chunk_0396/geom.tar.zst,xyz/p000047.xyz,/gpfs/scratch1/shared/schen3/benzoin-dg-restored/data/cross_benzoin/bde_homo_product_featurize_20260902/chunk_0396/geom.tar.zst,ald_xyz/a000030.xyz,0.3919497023020142,0.1831408868989967,0,0,,train
187353,187353,O=C(c1cnc(-c2ccc(I)c(F)c2)[nH]1)C(O)c1cnc(-c2ccc(I)c(F)c2)[nH]1,O=Cc1cnc(-c2ccc(I)c(F)c2)[nH]1,/gpfs/scratch1/shared/schen3/benzoin-dg-restored/data/cross_benzoin/bde_homo_product_featurize_20260902/chunk_1873/geom.tar.zst,xyz/p000053.xyz,/gpfs/scratch1/shared/schen3/benzoin-dg-restored/data/cross_benzoin/bde_homo_product_featurize_20260902/chunk_1873/geom.tar.zst,ald_xyz/a000075.xyz,0.1633414222499993,0.0678467171140013,0,0,,train
116832,116832,COC(=O)C(=Cc1ccccc1)COc1c(OC)cccc1C(=O)C(O)c1cccc(OC)c1OCC(=Cc1ccccc1)C(=O)OC,COC(=O)C(=Cc1ccccc1)COc1c(C=O)cccc1OC,/gpfs/scratch1/shared/schen3/benzoin-dg-restored/data/cross_benzoin/bde_homo_product_featurize_20260902/chunk_1168/geom.tar.zst,xyz/p000032.xyz,/gpfs/scratch1/shared/schen3/benzoin-dg-restored/data/cross_benzoin/bde_homo_product_featurize_20260902/chunk_1168/geom.tar.zst,ald_xyz/a000035.xyz,0.5044315450170131,0.2304532982449956,0,0,,train
119653,119653,COc1cc(Br)cc(C(=O)C(O)c2cc(Br)cc(OC)c2O[Si](C(C)C)(C(C)C)C(C)C)c1O[Si](C(C)C)(C(C)C)C(C)C,COc1cc(Br)cc(C=O)c1O[Si](C(C)C)(C(C)C)C(C)C,/gpfs/scratch1/shared/schen3/benzoin-dg-restored/data/cross_benzoin/bde_homo_product_featurize_20260902/chunk_1196/geom.tar.zst,xyz/p000053.xyz,/gpfs/scratch1/shared/schen3/benzoin-dg-restored/data/cross_benzoin/bde_homo_product_featurize_20260902/chunk_1196/geom.tar.zst,ald_xyz/a000050.xyz,0.6733206183000107,0.315796486205997,0,0,,train
43389,43389,CN(C)CC1CCC(Nc2c(CCCC(=O)C(O)CCCc3cnc4ccc(-c5cc(F)c(O)c(Cl)c5)cc4c3NC3CCC(CN(C)C)CC3)cnc3ccc(-c4cc(F)c(O)c(Cl)c4)cc23)CC1,CN(C)CC1CCC(Nc2c(CCCC=O)cnc3ccc(-c4cc(F)c(O)c(Cl)c4)cc23)CC1,/gpfs/scratch1/shared/schen3/benzoin-dg-restored/data/cross_benzoin/bde_homo_product_featurize_20260902/chunk_0433/geom.tar.zst,xyz/p000089.xyz,/gpfs/scratch1/shared/schen3/benzoin-dg-restored/data/cross_benzoin/bde_homo_product_featurize_20260902/chunk_0433/geom.tar.zst,ald_xyz/a000032.xyz,0.9151335418999906,0.4438212547140097,0,0,,train
64576,64576,CN(C)C(N)=NC1(C(=O)C(O)C2(N=C(N)N(C)C)c3cc(-c4cccnc4F)c(F)cc3OC3CCCOC32)c2cc(-c3cccnc3F)c(F)cc2OC2CCCOC21,CN(C)C(N)=NC1(C=O)c2cc(-c3cccnc3F)c(F)cc2OC2CCCOC21,/gpfs/scratch1/shared/schen3/benzoin-dg-restored/data/cross_benzoin/bde_homo_product_featurize_20260902/chunk_0645/geom.tar.zst,xyz/p000076.xyz,/gpfs/scratch1/shared/schen3/benzoin-dg-restored/data/cross_benzoin/bde_homo_product_featurize_20260902/chunk_0645/geom.tar.zst,ald_xyz/a000035.xyz,0.6501163382409914,0.3030188510720109,0,0,,validation
135069,135069,Cc1cccc(Oc2c(F)cc(C(=O)C(O)c3cc(F)c(Oc4cccc(C)c4)c(F)c3)cc2F)c1,Cc1cccc(Oc2c(F)cc(C=O)cc2F)c1,/gpfs/scratch1/shared/schen3/benzoin-dg-restored/data/cross_benzoin/bde_homo_product_featurize_20260902/chunk_1350/geom.tar.zst,xyz/p000069.xyz,/gpfs/scratch1/shared/schen3/benzoin-dg-restored/data/cross_benzoin/bde_homo_product_featurize_20260902/chunk_1350/geom.tar.zst,ald_xyz/a000038.xyz,0.2921686443740015,0.1319888550900003,0,0,,train
114725,114725,O=C(c1c([Se])oc2ccccc12)C(O)c1c([Se])oc2ccccc12,O=Cc1c([Se])oc2ccccc12,/gpfs/scratch1/shared/schen3/benzoin-dg-restored/data/cross_benzoin/bde_homo_product_featurize_20260902/chunk_1147/geom.tar.zst,xyz/p000025.xyz,/gpfs/scratch1/shared/schen3/benzoin-dg-restored/data/cross_benzoin/bde_homo_product_featurize_20260902/chunk_1147/geom.tar.zst,ald_xyz/a000084.xyz,0.1487793874690055,0.0568016832739957,0,0,,train
39,39,O=C(C(Cl)Cl)C(O)C(Cl)Cl,O=CC(Cl)Cl,/gpfs/scratch1/shared/schen3/benzoin-dg-restored/data/cross_benzoin/bde_homo_product_featurize_20260902/chunk_0000/geom.tar.zst,xyz/p000039.xyz,/gpfs/scratch1/shared/schen3/benzoin-dg-restored/data/cross_benzoin/bde_homo_product_featurize_20260902/chunk_0000/geom.tar.zst,ald_xyz/a000064.xyz,0.0162780866699989,-0.004139467453001,0,0,-2.988185270027307,train
114018,114018,O=C(CC[Si])C(O)CC[Si],O=CCC[Si],/gpfs/scratch1/shared/schen3/benzoin-dg-restored/data/cross_benzoin/bde_homo_product_featurize_20260902/chunk_1140/geom.tar.zst,xyz/p000018.xyz,/gpfs/scratch1/shared/schen3/benzoin-dg-restored/data/cross_benzoin/bde_homo_product_featurize_20260902/chunk_1140/geom.tar.zst,ald_xyz/a000084.xyz,0.0922960382500015,0.0330386181990007,0,0,,validation
120797,120797,O=C1CCC(CC=CC2CCCCC2)(C(=O)C(O)C2(CC=CC3CCCCC3)CCC(=O)N2CCc2c[nH]c3ccccc23)N1CCc1c[nH]c2ccccc12,O=C[C@@]1(C/C=C/C2CCCCC2)CCC(=O)N1CCc1c[nH]c2ccccc12,/gpfs/scratch1/shared/schen3/benzoin-dg-restored/data/cross_benzoin/bde_homo_product_featurize_20260902/chunk_1207/geom.tar.zst,xyz/p000097.xyz,/gpfs/scratch1/shared/schen3/benzoin-dg-restored/data/cross_benzoin/bde_homo_product_featurize_20260902/chunk_1207/geom.tar.zst,ald_xyz/a000087.xyz,0.8429715722209892,0.3939142611379935,0,0,,test
152592,152592,Cc1[nH]c(C(=O)C(O)c2nc(-c3ccc(C(F)(F)F)cc3)c(C)[nH]2)nc1-c1ccc(C(F)(F)F)cc1,Cc1[nH]c(C=O)nc1-c1ccc(C(F)(F)F)cc1,/gpfs/scratch1/shared/schen3/benzoin-dg-restored/data/cross_benzoin/bde_homo_product_featurize_20260902/chunk_1525/geom.tar.zst,xyz/p000092.xyz,/gpfs/scratch1/shared/schen3/benzoin-dg-restored/data/cross_benzoin/bde_homo_product_featurize_20260902/chunk_1525/geom.tar.zst,ald_xyz/a000062.xyz,0.2648094618949983,0.116173275525,0,0,,train
97119,97119,COc1ccnc(C(=O)NC(C)(COC(C)C(c2ccc(F)cc2)C(C)C)C(=O)C(O)C(C)(COC(C)C(c2ccc(F)cc2)C(C)C)NC(=O)c2nccc(OC)c2O)c1O,COc1ccnc(C(=O)N[C@](C)(C=O)CO[C@@H](C)[C@H](c2ccc(F)cc2)C(C)C)c1O,/gpfs/scratch1/shared/schen3/benzoin-dg-restored/data/cross_benzoin/bde_homo_product_featurize_20260902/chunk_0971/geom.tar.zst,xyz/p000019.xyz,/gpfs/scratch1/shared/schen3/benzoin-dg-restored/data/cross_benzoin/bde_homo_product_featurize_20260902/chunk_0971/geom.tar.zst,ald_xyz/a000059.xyz,0.7921497879210051,0.3708004837950085,0,0,,train
25589,25589,O=C(C(Cl)Cc1ccccc1Cl)C(O)C(Cl)Cc1ccccc1Cl,O=CC(Cl)Cc1ccccc1Cl,/gpfs/scratch1/shared/schen3/benzoin-dg-restored/data/cross_benzoin/bde_homo_product_featurize_20260902/chunk_0255/geom.tar.zst,xyz/p000089.xyz,/gpfs/scratch1/shared/schen3/benzoin-dg-restored/data/cross_benzoin/bde_homo_product_featurize_20260902/chunk_0255/geom.tar.zst,ald_xyz/a000054.xyz,0.2008278870910089,0.0851923454309968,0,0,,train
214540,214540,CCCCCCOc1ccc(C(=O)C(O)c2ccc(OCCCCCC)cc2OC)c(OC)c1,CCCCCCOc1ccc(C=O)c(OC)c1,/gpfs/scratch1/shared/schen3/benzoin-dg-restored/data/cross_benzoin/bde_homo_product_featurize_20260902/chunk_2145/geom.tar.zst,xyz/p000040.xyz,/gpfs/scratch1/shared/schen3/benzoin-dg-restored/data/cross_benzoin/bde_homo_product_featurize_20260902/chunk_2145/geom.tar.zst,ald_xyz/a000021.xyz,0.5054696890749995,0.2354103863490024,0,0,11.556318302025534,train
204436,204436,O=C(c1c2ccccc2c(Sc2ccc(Cl)cc2)c2ccccc12)C(O)c1c2ccccc2c(Sc2ccc(Cl)cc2)c2ccccc12,O=Cc1c2ccccc2c(Sc2ccc(Cl)cc2)c2ccccc12,/gpfs/scratch1/shared/schen3/benzoin-dg-restored/data/cross_benzoin/bde_homo_product_featurize_20260902/chunk_2044/geom.tar.zst,xyz/p000036.xyz,/gpfs/scratch1/shared/schen3/benzoin-dg-restored/data/cross_benzoin/bde_homo_product_featurize_20260902/chunk_2044/geom.tar.zst,ald_xyz/a000078.xyz,0.4146840301119994,0.1876553393029993,0,0,,validation
13226,13226,O=C(c1c(-c2ccc(F)cc2)nc2sc(Cl)cn12)C(O)c1c(-c2ccc(F)cc2)nc2sc(Cl)cn12,O=Cc1c(-c2ccc(F)cc2)nc2sc(Cl)cn12,/gpfs/scratch1/shared/schen3/benzoin-dg-restored/data/cross_benzoin/bde_homo_product_featurize_20260902/chunk_0132/geom.tar.zst,xyz/p000026.xyz,/gpfs/scratch1/shared/schen3/benzoin-dg-restored/data/cross_benzoin/bde_homo_product_featurize_20260902/chunk_0132/geom.tar.zst,ald_xyz/a000088.xyz,0.2085566041580051,0.0835233405480053,0,0,9.91741084287409,train
121662,121662,C=C(C)C1CCC(C)CC1CC(=O)C(O)CC1CC(C)CCC1C(=C)C,C=C(C)[C@H]1CC[C@H](C)C[C@@H]1CC=O,/gpfs/scratch1/shared/schen3/benzoin-dg-restored/data/cross_benzoin/bde_homo_product_featurize_20260902/chunk_1216/geom.tar.zst,xyz/p000062.xyz,/gpfs/scratch1/shared/schen3/benzoin-dg-restored/data/cross_benzoin/bde_homo_product_featurize_20260902/chunk_1216/geom.tar.zst,ald_xyz/a000000.xyz,0.4982794021230035,0.2321943290180002,0,0,-1.6768581671869154,train
192975,192975,COC(=O)Cc1cc(C(=O)C(O)c2cc(CC(=O)OC)c(OC)cc2F)c(F)cc1OC,COC(=O)Cc1cc(C=O)c(F)cc1OC,/gpfs/scratch1/shared/schen3/benzoin-dg-restored/data/cross_benzoin/bde_homo_product_featurize_20260902/chunk_1929/geom.tar.zst,xyz/p000075.xyz,/gpfs/scratch1/shared/schen3/benzoin-dg-restored/data/cross_benzoin/bde_homo_product_featurize_20260902/chunk_1929/geom.tar.zst,ald_xyz/a000031.xyz,0.2930174325860122,0.1268538234250016,0,0,,train
67684,67684,COC(=O)C=Cc1cc(F)c(C(=O)C(O)c2c(F)cc(C=CC(=O)OC)cc2NF)c(NF)c1,COC(=O)/C=C/c1cc(F)c(C=O)c(NF)c1,/gpfs/scratch1/shared/schen3/benzoin-dg-restored/data/cross_benzoin/bde_homo_product_featurize_20260902/chunk_0676/geom.tar.zst,xyz/p000084.xyz,/gpfs/scratch1/shared/schen3/benzoin-dg-restored/data/cross_benzoin/bde_homo_product_featurize_20260902/chunk_0676/geom.tar.zst,ald_xyz/a000039.xyz,0.2417610051080032,0.1056639616100056,0,0,,train
105199,105199,CCCCCCN1C(=O)c2cccc3c(-c4ccc(C(=O)C(O)c5ccc(-c6ccc7c8c(cccc68)C(=O)N(CCCCCC)C7=O)cc5F)c(F)c4)ccc(c23)C1=O,CCCCCCN1C(=O)c2cccc3c(-c4ccc(C=O)c(F)c4)ccc(c23)C1=O,/gpfs/scratch1/shared/schen3/benzoin-dg-restored/data/cross_benzoin/bde_homo_product_featurize_20260902/chunk_1051/geom.tar.zst,xyz/p000099.xyz,/gpfs/scratch1/shared/schen3/benzoin-dg-restored/data/cross_benzoin/bde_homo_product_featurize_20260902/chunk_1051/geom.tar.zst,ald_xyz/a000024.xyz,0.6424101789179986,0.3054912787030019,0,0,,train
37490,37490,N#Cc1cc(C(=O)C(O)c2cc(C#N)c3cccnc3c2-c2cccc(F)c2)c(-c2cccc(F)c2)c2ncccc12,N#Cc1cc(C=O)c(-c2cccc(F)c2)c2ncccc12,/gpfs/scratch1/shared/schen3/benzoin-dg-restored/data/cross_benzoin/bde_homo_product_featurize_20260902/chunk_0374/geom.tar.zst,xyz/p000090.xyz,/gpfs/scratch1/shared/schen3/benzoin-dg-restored/data/cross_benzoin/bde_homo_product_featurize_20260902/chunk_0374/geom.tar.zst,ald_xyz/a000058.xyz,0.3057220359909962,0.1343177672060065,0,0,,train
32493,32493,O=C(C(O)C(CF)(CF)C(CF)(CF)CF)C(CF)(CF)C(CF)(CF)CF,O=CC(CF)(CF)C(CF)(CF)CF,/gpfs/scratch1/shared/schen3/benzoin-dg-restored/data/cross_benzoin/bde_homo_product_featurize_20260902/chunk_0324/geom.tar.zst,xyz/p000093.xyz,/gpfs/scratch1/shared/schen3/benzoin-dg-restored/data/cross_benzoin/bde_homo_product_featurize_20260902/chunk_0324/geom.tar.zst,ald_xyz/a000073.xyz,0.2888734437030109,0.1271646052829993,0,0,,validation
3270,3270,C=C1CCC(C(=O)C(O)C2CCC(=C)CC2)CC1,C=C1CCC(C=O)CC1,/gpfs/scratch1/shared/schen3/benzoin-dg-restored/data/cross_benzoin/bde_homo_product_featurize_20260902/chunk_0032/geom.tar.zst,xyz/p000070.xyz,/gpfs/scratch1/shared/schen3/benzoin-dg-restored/data/cross_benzoin/bde_homo_product_featurize_20260902/chunk_0032/geom.tar.zst,ald_xyz/a000001.xyz,0.294769535044999,0.1330130526429975,0,0,0.1974998431993719,train
160903,160903,Cc1ccc(-c2ccc(Cl)c(C(=O)C(O)c3cc(-c4ccc(C)c(F)c4F)ccc3Cl)c2)c(F)c1F,Cc1ccc(-c2ccc(Cl)c(C=O)c2)c(F)c1F,/gpfs/scratch1/shared/schen3/benzoin-dg-restored/data/cross_benzoin/bde_homo_product_featurize_20260902/chunk_1609/geom.tar.zst,xyz/p000003.xyz,/gpfs/scratch1/shared/schen3/benzoin-dg-restored/data/cross_benzoin/bde_homo_product_featurize_20260902/chunk_1609/geom.tar.zst,ald_xyz/a000054.xyz,0.2655735240890067,0.1167376120620033,0,0,,train
62057,62057,CC(C)(Cc1cc(F)ccc1S(=O)(=O)Nc1ccc2c(c1C(=O)O)OCC1CC21)C(=O)C(O)C(C)(C)Cc1cc(F)ccc1S(=O)(=O)Nc1ccc2c(c1C(=O)O)OCC1CC21,CC(C)(C=O)Cc1cc(F)ccc1S(=O)(=O)Nc1ccc2c(c1C(=O)O)OC[C@@H]1C[C@H]21,/gpfs/scratch1/shared/schen3/benzoin-dg-restored/data/cross_benzoin/bde_homo_product_featurize_20260902/chunk_0620/geom.tar.zst,xyz/p000057.xyz,/gpfs/scratch1/shared/schen3/benzoin-dg-restored/data/cross_benzoin/bde_homo_product_featurize_20260902/chunk_0620/geom.tar.zst,ald_xyz/a000014.xyz,0.6305781539910242,0.2933632686460043,0,0,,validation
89852,89852,O=CNCc1cc(C(F)(F)F)ccc1-c1cccc(C(=O)C(O)c2cccc(-c3ccc(C(F)(F)F)cc3CNC=O)c2)c1,O=CNCc1cc(C(F)(F)F)ccc1-c1cccc(C=O)c1,/gpfs/scratch1/shared/schen3/benzoin-dg-restored/data/cross_benzoin/bde_homo_product_featurize_20260902/chunk_0898/geom.tar.zst,xyz/p000052.xyz,/gpfs/scratch1/shared/schen3/benzoin-dg-restored/data/cross_benzoin/bde_homo_product_featurize_20260902/chunk_0898/geom.tar.zst,ald_xyz/a000093.xyz,0.3595348423850169,0.1564834500879897,0,0,,train
196247,196247,CC(C)Oc1ccc(C(=O)C(O)c2ccc(OC(C)C)cc2-c2ccc(C(F)F)cc2)c(-c2ccc(C(F)F)cc2)c1,CC(C)Oc1ccc(C=O)c(-c2ccc(C(F)F)cc2)c1,/gpfs/scratch1/shared/schen3/benzoin-dg-restored/data/cross_benzoin/bde_homo_product_featurize_20260902/chunk_1962/geom.tar.zst,xyz/p000047.xyz,/gpfs/scratch1/shared/schen3/benzoin-dg-restored/data/cross_benzoin/bde_homo_product_featurize_20260902/chunk_1962/geom.tar.zst,ald_xyz/a000005.xyz,0.4496371656589986,0.2054601170309951,0,0,,train
94518,94518,COc1ccc(F)c2[nH]c(C(=O)N3CC4C(C3C(=O)NC(CC3CCNC3=O)C(=O)C(O)C(CC3CCNC3=O)NC(=O)C3C5C(CN3C(=O)c3cc6c(OC)ccc(F)c6[nH]3)C5(C)C)C4(C)C)cc12,COc1ccc(F)c2[nH]c(C(=O)N3C[C@H]4[C@@H]([C@H]3C(=O)N[C@H](C=O)C[C@@H]3CCNC3=O)C4(C)C)cc12,/gpfs/scratch1/shared/schen3/benzoin-dg-restored/data/cross_benzoin/bde_homo_product_featurize_20260902/chunk_0945/geom.tar.zst,xyz/p000018.xyz,/gpfs/scratch1/shared/schen3/benzoin-dg-restored/data/cross_benzoin/bde_homo_product_featurize_20260902/chunk_0945/geom.tar.zst,ald_xyz/a000039.xyz,0.8338347641520159,0.387392099251997,0,0,,train
121790,121790,O=C(CCN(C(=O)Cc1ccccc1)c1ccc(O)cc1)C(O)CCN(C(=O)Cc1ccccc1)c1ccc(O)cc1,O=CCCN(C(=O)Cc1ccccc1)c1ccc(O)cc1,/gpfs/scratch1/shared/schen3/benzoin-dg-restored/data/cross_benzoin/bde_homo_product_featurize_20260902/chunk_1217/geom.tar.zst,xyz/p000090.xyz,/gpfs/scratch1/shared/schen3/benzoin-dg-restored/data/cross_benzoin/bde_homo_product_featurize_20260902/chunk_1217/geom.tar.zst,ald_xyz/a000083.xyz,0.4628493413359962,0.2151730932020044,0,0,,train
109563,109563,COc1ccc(CCNC(=O)c2cn3c(c2C(=O)C(O)c2c(C(=O)NCCc4ccc(OC)c(OC)c4)cn4c2-c2cc(OC)c(OC)cc2CC4)-c2cc(OC)c(OC)cc2CC3)cc1OC,COc1ccc(CCNC(=O)c2cn3c(c2C=O)-c2cc(OC)c(OC)cc2CC3)cc1OC,/gpfs/scratch1/shared/schen3/benzoin-dg-restored/data/cross_benzoin/bde_homo_product_featurize_20260902/chunk_1095/geom.tar.zst,xyz/p000063.xyz,/gpfs/scratch1/shared/schen3/benzoin-dg-restored/data/cross_benzoin/bde_homo_product_featurize_20260902/chunk_1095/geom.tar.zst,ald_xyz/a000056.xyz,0.8052840771420051,0.3730855835679989,0,0,,validation
48014,48014,O=C(C(O)C(Oc1ccc(F)cc1)N1CCC(O)(Cc2ccc(F)cc2)CC1)C(Oc1ccc(F)cc1)N1CCC(O)(Cc2ccc(F)cc2)CC1,O=CC(Oc1ccc(F)cc1)N1CCC(O)(Cc2ccc(F)cc2)CC1,/gpfs/scratch1/shared/schen3/benzoin-dg-restored/data/cross_benzoin/bde_homo_product_featurize_20260902/chunk_0480/geom.tar.zst,xyz/p000014.xyz,/gpfs/scratch1/shared/schen3/benzoin-dg-restored/data/cross_benzoin/bde_homo_product_featurize_20260902/chunk_0480/geom.tar.zst,ald_xyz/a000060.xyz,0.5919617850520069,16.16627973305299,0,0,,validation
18086,18086,Cc1onc(-c2ccc(Br)cc2)c1C(=O)C(O)c1c(-c2ccc(Br)cc2)noc1C,Cc1onc(-c2ccc(Br)cc2)c1C=O,/gpfs/scratch1/shared/schen3/benzoin-dg-restored/data/cross_benzoin/bde_homo_product_featurize_20260902/chunk_0180/geom.tar.zst,xyz/p000086.xyz,/gpfs/scratch1/shared/schen3/benzoin-dg-restored/data/cross_benzoin/bde_homo_product_featurize_20260902/chunk_0180/geom.tar.zst,ald_xyz/a000052.xyz,0.2279504808140018,0.0938403084869961,0,0,,train
7539,7539,O=C(CC(=O)C(O)CC(=O)c1ccccc1)c1ccccc1,O=CCC(=O)c1ccccc1,/gpfs/scratch1/shared/schen3/benzoin-dg-restored/data/cross_benzoin/bde_homo_product_featurize_20260902/chunk_0075/geom.tar.zst,xyz/p000039.xyz,/gpfs/scratch1/shared/schen3/benzoin-dg-restored/data/cross_benzoin/bde_homo_product_featurize_20260902/chunk_0075/geom.tar.zst,ald_xyz/a000066.xyz,0.2088075928599977,0.0890420823959985,0,0,,train
100787,100787,O=C(C1CCNc2nc(-c3cccc(C(F)(F)F)c3)ccc21)C(O)C1CCNc2nc(-c3cccc(C(F)(F)F)c3)ccc21,O=CC1CCNc2nc(-c3cccc(C(F)(F)F)c3)ccc21,/gpfs/scratch1/shared/schen3/benzoin-dg-restored/data/cross_benzoin/bde_homo_product_featurize_20260902/chunk_1007/geom.tar.zst,xyz/p000087.xyz,/gpfs/scratch1/shared/schen3/benzoin-dg-restored/data/cross_benzoin/bde_homo_product_featurize_20260902/chunk_1007/geom.tar.zst,ald_xyz/a000071.xyz,0.3909468586539901,0.1796441897860035,0,0,,validation
11282,11282,CC1CC(C)(C(=O)C(O)C2(C)CC(C)C2)C1,CC1CC(C)(C=O)C1,/gpfs/scratch1/shared/schen3/benzoin-dg-restored/data/cross_benzoin/bde_homo_product_featurize_20260902/chunk_0112/geom.tar.zst,xyz/p000082.xyz,/gpfs/scratch1/shared/schen3/benzoin-dg-restored/data/cross_benzoin/bde_homo_product_featurize_20260902/chunk_0112/geom.tar.zst,ald_xyz/a000012.xyz,0.2857736118729974,0.1270808484320014,0,0,,train
27630,27630,CCc1oc(C(=O)C(O)c2oc(CC)c3c2O3)c2c1O2,CCc1oc(C=O)c2c1O2,/gpfs/scratch1/shared/schen3/benzoin-dg-restored/data/cross_benzoin/bde_homo_product_featurize_20260902/chunk_0276/geom.tar.zst,xyz/p000030.xyz,/gpfs/scratch1/shared/schen3/benzoin-dg-restored/data/cross_benzoin/bde_homo_product_featurize_20260902/chunk_0276/geom.tar.zst,ald_xyz/a000038.xyz,0.1442239231529996,0.0589364086340005,0,0,,train
98458,98458,O=C1C(=C(O)c2ccc(Cc3ccc(F)cc3)o2)Oc2ccccc2C1C(=O)C(O)C1C(=O)C(=C(O)c2ccc(Cc3ccc(F)cc3)o2)Oc2ccccc21,O=CC1C(=O)C(=C(O)c2ccc(Cc3ccc(F)cc3)o2)Oc2ccccc21,/gpfs/scratch1/shared/schen3/benzoin-dg-restored/data/cross_benzoin/bde_homo_product_featurize_20260902/chunk_0984/geom.tar.zst,xyz/p000058.xyz,/gpfs/scratch1/shared/schen3/benzoin-dg-restored/data/cross_benzoin/bde_homo_product_featurize_20260902/chunk_0984/geom.tar.zst,ald_xyz/a000061.xyz,0.4694816082910051,0.217165287111996,0,0,-3.3908860235275324,validation
110792,110792,CC(=O)Oc1c(C(=O)C(O)c2cc(C(C)(C)C)cc(C(C)(C)C)c2OC(C)=O)cc(C(C)(C)C)cc1C(C)(C)C,CC(=O)Oc1c(C=O)cc(C(C)(C)C)cc1C(C)(C)C,/gpfs/scratch1/shared/schen3/benzoin-dg-restored/data/cross_benzoin/bde_homo_product_featurize_20260902/chunk_1107/geom.tar.zst,xyz/p000092.xyz,/gpfs/scratch1/shared/schen3/benzoin-dg-restored/data/cross_benzoin/bde_homo_product_featurize_20260902/chunk_1107/geom.tar.zst,ald_xyz/a000003.xyz,0.6236566566430071,0.2911430949999953,0,0,,train
56943,56943,COC(=O)CC1(CC(F)(F)F)CCc2cc(C(=O)C(O)c3ccc4c(c3)CCC(CC(=O)OC)(CC(F)(F)F)C4=O)ccc2C1=O,COC(=O)CC1(CC(F)(F)F)CCc2cc(C=O)ccc2C1=O,/gpfs/scratch1/shared/schen3/benzoin-dg-restored/data/cross_benzoin/bde_homo_product_featurize_20260902/chunk_0569/geom.tar.zst,xyz/p000043.xyz,/gpfs/scratch1/shared/schen3/benzoin-dg-restored/data/cross_benzoin/bde_homo_product_featurize_20260902/chunk_0569/geom.tar.zst,ald_xyz/a000036.xyz,0.4224820708009815,0.1964946717699973,0,0,,train
192842,192842,CCOC(=O)Cc1c(F)cc(C(=O)C(O)c2cc(F)c(CC(=O)OCC)c(Br)c2)cc1Br,CCOC(=O)Cc1c(F)cc(C=O)cc1Br,/gpfs/scratch1/shared/schen3/benzoin-dg-restored/data/cross_benzoin/bde_homo_product_featurize_20260902/chunk_1928/geom.tar.zst,xyz/p000042.xyz,/gpfs/scratch1/shared/schen3/benzoin-dg-restored/data/cross_benzoin/bde_homo_product_featurize_20260902/chunk_1928/geom.tar.zst,ald_xyz/a000033.xyz,0.2548240205120038,0.1120985343549989,0,0,,train
37994,37994,O=C(c1ccc(Nc2ccc(-c3ccc(O)cc3)c(C(F)(F)F)c2)cn1)C(O)c1ccc(Nc2ccc(-c3ccc(O)cc3)c(C(F)(F)F)c2)cn1,O=Cc1ccc(Nc2ccc(-c3ccc(O)cc3)c(C(F)(F)F)c2)cn1,/gpfs/scratch1/shared/schen3/benzoin-dg-restored/data/cross_benzoin/bde_homo_product_featurize_20260902/chunk_0379/geom.tar.zst,xyz/p000094.xyz,/gpfs/scratch1/shared/schen3/benzoin-dg-restored/data/cross_benzoin/bde_homo_product_featurize_20260902/chunk_0379/geom.tar.zst,ald_xyz/a000092.xyz,0.3954656770839904,0.1815084539859981,0,0,,test
196038,196038,O=C(c1ccc(OC(F)(F)F)c(-c2cc3ccccc3s2)c1)C(O)c1ccc(OC(F)(F)F)c(-c2cc3ccccc3s2)c1,O=Cc1ccc(OC(F)(F)F)c(-c2cc3ccccc3s2)c1,/gpfs/scratch1/shared/schen3/benzoin-dg-restored/data/cross_benzoin/bde_homo_product_featurize_20260902/chunk_1960/geom.tar.zst,xyz/p000038.xyz,/gpfs/scratch1/shared/schen3/benzoin-dg-restored/data/cross_benzoin/bde_homo_product_featurize_20260902/chunk_1960/geom.tar.zst,ald_xyz/a000088.xyz,0.2998411134240086,0.1322949193610014,0,0,,train
52308,52308,O=C(c1cnc(NCc2cncc(F)c2)s1)C(O)c1cnc(NCc2cncc(F)c2)s1,O=Cc1cnc(NCc2cncc(F)c2)s1,/gpfs/scratch1/shared/schen3/benzoin-dg-restored/data/cross_benzoin/bde_homo_product_featurize_20260902/chunk_0523/geom.tar.zst,xyz/p000008.xyz,/gpfs/scratch1/shared/schen3/benzoin-dg-restored/data/cross_benzoin/bde_homo_product_featurize_20260902/chunk_0523/geom.tar.zst,ald_xyz/a000095.xyz,0.2138462728390067,11.709615054071,0,0,,train
101373,101373,O=C(NCC(=O)C(O)CNC(=O)c1cc(F)cc(F)c1)c1cc(F)cc(F)c1,O=CCNC(=O)c1cc(F)cc(F)c1,/gpfs/scratch1/shared/schen3/benzoin-dg-restored/data/cross_benzoin/bde_homo_product_featurize_20260902/chunk_1013/geom.tar.zst,xyz/p000073.xyz,/gpfs/scratch1/shared/schen3/benzoin-dg-restored/data/cross_benzoin/bde_homo_product_featurize_20260902/chunk_1013/geom.tar.zst,ald_xyz/a000090.xyz,0.193413190333004,0.0783471167380014,0,0,,train
181536,181536,O=C(c1cccc(-c2ccc(C(F)(F)F)nc2)c1)C(O)c1cccc(-c2ccc(C(F)(F)F)nc2)c1,O=Cc1cccc(-c2ccc(C(F)(F)F)nc2)c1,/gpfs/scratch1/shared/schen3/benzoin-dg-restored/data/cross_benzoin/bde_homo_product_featurize_20260902/chunk_1815/geom.tar.zst,xyz/p000036.xyz,/gpfs/scratch1/shared/schen3/benzoin-dg-restored/data/cross_benzoin/bde_homo_product_featurize_20260902/chunk_1815/geom.tar.zst,ald_xyz/a000093.xyz,0.2462882606400001,0.107405835163,0,0,,train
61617,61617,CCS(=O)(=O)CCCOc1ccc2c(c1)CCCc1cc(F)c(C(=O)C(O)c3cc4c(cc3F)CCCc3cc(OCCCS(=O)(=O)CC)ccc3-4)cc1-2,CCS(=O)(=O)CCCOc1ccc2c(c1)CCCc1cc(F)c(C=O)cc1-2,/gpfs/scratch1/shared/schen3/benzoin-dg-restored/data/cross_benzoin/bde_homo_product_featurize_20260902/chunk_0616/geom.tar.zst,xyz/p000017.xyz,/gpfs/scratch1/shared/schen3/benzoin-dg-restored/data/cross_benzoin/bde_homo_product_featurize_20260902/chunk_0616/geom.tar.zst,ald_xyz/a000028.xyz,0.6384913312039942,0.2961191702009955,0,0,,train
77411,77411,C=C(Nc1ccc(CCC)c(F)c1)c1ccccc1C(=O)C(O)c1ccccc1C(=C)Nc1ccc(CCC)c(F)c1,C=C(Nc1ccc(CCC)c(F)c1)c1ccccc1C=O,/gpfs/scratch1/shared/schen3/benzoin-dg-restored/data/cross_benzoin/bde_homo_product_featurize_20260902/chunk_0774/geom.tar.zst,xyz/p000011.xyz,/gpfs/scratch1/shared/schen3/benzoin-dg-restored/data/cross_benzoin/bde_homo_product_featurize_20260902/chunk_0774/geom.tar.zst,ald_xyz/a000005.xyz,0.499828231818995,0.2298356946820021,0,0,,test
31488,31488,CN(Cc1ccc(F)cc1)C1CCN(c2ccc(C(=O)C(O)c3ccc(N4CCC(N(C)Cc5ccc(F)cc5)CC4)cc3)cc2)CC1,CN(Cc1ccc(F)cc1)C1CCN(c2ccc(C=O)cc2)CC1,/gpfs/scratch1/shared/schen3/benzoin-dg-restored/data/cross_benzoin/bde_homo_product_featurize_20260902/chunk_0314/geom.tar.zst,xyz/p000088.xyz,/gpfs/scratch1/shared/schen3/benzoin-dg-restored/data/cross_benzoin/bde_homo_product_featurize_20260902/chunk_0314/geom.tar.zst,ald_xyz/a000026.xyz,0.6325062523019938,0.2993881691880062,0,0,,test
90667,90667,CC(C)(C)OC(O)N1CC(n2nnc3cc4c(c(F)c32)CC(C(=O)C(O)C2Cc3cc5nnn(C6CN(C(O)OC(C)(C)C)C6)c5c(F)c3C2)C4)C1,CC(C)(C)OC(O)N1CC(n2nnc3cc4c(c(F)c32)CC(C=O)C4)C1,/gpfs/scratch1/shared/schen3/benzoin-dg-restored/data/cross_benzoin/bde_homo_product_featurize_20260902/chunk_0906/geom.tar.zst,xyz/p000067.xyz,/gpfs/scratch1/shared/schen3/benzoin-dg-restored/data/cross_benzoin/bde_homo_product_featurize_20260902/chunk_0906/geom.tar.zst,ald_xyz/a000035.xyz,0.6234490643620063,0.2959029030890008,0,0,,train
116857,116857,O=C(CC(OS(=O)(=O)O)C(O)C(O)CO)C(O)CC(OS(=O)(=O)O)C(O)C(O)CO,O=CC[C@@H](OS(=O)(=O)O)[C@H](O)[C@H](O)CO,/gpfs/scratch1/shared/schen3/benzoin-dg-restored/data/cross_benzoin/bde_homo_product_featurize_20260902/chunk_1168/geom.tar.zst,xyz/p000057.xyz,/gpfs/scratch1/shared/schen3/benzoin-dg-restored/data/cross_benzoin/bde_homo_product_featurize_20260902/chunk_1168/geom.tar.zst,ald_xyz/a000080.xyz,0.2797166128240036,0.1071253367530005,0,0,,train
212648,212648,CC(=O)Oc1c(C)c(C)c2c(c1C)CC(C)(C(=O)C(O)C1(C)Cc3c(C)c(OC(C)=O)c(C)c(C)c3O1)O2,CC(=O)Oc1c(C)c(C)c2c(c1C)CC(C)(C=O)O2,/gpfs/scratch1/shared/schen3/benzoin-dg-restored/data/cross_benzoin/bde_homo_product_featurize_20260902/chunk_2126/geom.tar.zst,xyz/p000048.xyz,/gpfs/scratch1/shared/schen3/benzoin-dg-restored/data/cross_benzoin/bde_homo_product_featurize_20260902/chunk_2126/geom.tar.zst,ald_xyz/a000008.xyz,0.4796708598200041,0.2186024588839998,0,0,,train
24095,24095,O=C(C1NO1)C(O)C1NO1,O=CC1NO1,/gpfs/scratch1/shared/schen3/benzoin-dg-restored/data/cross_benzoin/bde_homo_product_featurize_20260902/chunk_0240/geom.tar.zst,xyz/p000095.xyz,/gpfs/scratch1/shared/schen3/benzoin-dg-restored/data/cross_benzoin/bde_homo_product_featurize_20260902/chunk_0240/geom.tar.zst,ald_xyz/a000073.xyz,0.0519994524640026,0.0132987965699982,0,0,-3.64662446446683,train
214746,214746,NC(Cc1ccc(O)c(I)c1)C(=O)C(O)C(N)Cc1ccc(O)c(I)c1,NC(C=O)Cc1ccc(O)c(I)c1,/gpfs/scratch1/shared/schen3/benzoin-dg-restored/data/cross_benzoin/bde_homo_product_featurize_20260902/chunk_2147/geom.tar.zst,xyz/p000046.xyz,/gpfs/scratch1/shared/schen3/benzoin-dg-restored/data/cross_benzoin/bde_homo_product_featurize_20260902/chunk_2147/geom.tar.zst,ald_xyz/a000049.xyz,0.2331294798720051,0.0979659573839981,0,0,,train
3003,3003,CC1(C)OB(c2cccc(C(=O)C(O)c3cccc(B4OC(C)(C)C(C)(C)O4)c3)c2)OC1(C)C,CC1(C)OB(c2cccc(C=O)c2)OC1(C)C,/gpfs/scratch1/shared/schen3/benzoin-dg-restored/data/cross_benzoin/bde_homo_product_featurize_20260902/chunk_0030/geom.tar.zst,xyz/p000003.xyz,/gpfs/scratch1/shared/schen3/benzoin-dg-restored/data/cross_benzoin/bde_homo_product_featurize_20260902/chunk_0030/geom.tar.zst,ald_xyz/a000014.xyz,0.4425410917709911,0.2067039050999994,0,0,,train
86078,86078,CCC(CC(F)(F)CCC(=O)C(O)CCC(F)(F)CC(CC)C(=O)O)C(=O)O,CCC(CC(F)(F)CCC=O)C(=O)O,/gpfs/scratch1/shared/schen3/benzoin-dg-restored/data/cross_benzoin/bde_homo_product_featurize_20260902/chunk_0860/geom.tar.zst,xyz/p000078.xyz,/gpfs/scratch1/shared/schen3/benzoin-dg-restored/data/cross_benzoin/bde_homo_product_featurize_20260902/chunk_0860/geom.tar.zst,ald_xyz/a000012.xyz,0.3292353692889946,0.1465479087060046,0,0,,test
96996,96996,O=C(O)CN1CCC(c2ccc(NC3(C(=O)C(O)C4(Nc5ccc(C6CCN(CC(=O)O)CC6)c(F)c5)CCC(=O)NC4)CCC(=O)NC3)cc2F)CC1,O=C[C@@]1(Nc2ccc(C3CCN(CC(=O)O)CC3)c(F)c2)CCC(=O)NC1,/gpfs/scratch1/shared/schen3/benzoin-dg-restored/data/cross_benzoin/bde_homo_product_featurize_20260902/chunk_0969/geom.tar.zst,xyz/p000096.xyz,/gpfs/scratch1/shared/schen3/benzoin-dg-restored/data/cross_benzoin/bde_homo_product_featurize_20260902/chunk_0969/geom.tar.zst,ald_xyz/a000092.xyz,0.6395416816179988,0.3028127685630011,0,0,,validation
131674,131674,COc1ccc(C(=O)C(O)c2ccc(OC)c(CN3CC(=O)N(Cc4ccccc4F)c4ccccc4S3(=O)=O)c2)cc1CN1CC(=O)N(Cc2ccccc2F)c2ccccc2S1(=O)=O,COc1ccc(C=O)cc1CN1CC(=O)N(Cc2ccccc2F)c2ccccc2S1(=O)=O,/gpfs/scratch1/shared/schen3/benzoin-dg-restored/data/cross_benzoin/bde_homo_product_featurize_20260902/chunk_1316/geom.tar.zst,xyz/p000074.xyz,/gpfs/scratch1/shared/schen3/benzoin-dg-restored/data/cross_benzoin/bde_homo_product_featurize_20260902/chunk_1316/geom.tar.zst,ald_xyz/a000026.xyz,0.631474541675999,0.294931789296001,0,0,,
74452,74452,O=C(OCC(F)(F)F)c1cccc(C(=O)C(O)c2cccc(C(=O)OCC(F)(F)F)c2)c1,O=Cc1cccc(C(=O)OCC(F)(F)F)c1,/gpfs/scratch1/shared/schen3/benzoin-dg-restored/data/cross_benzoin/bde_homo_product_featurize_20260902/chunk_0744/geom.tar.zst,xyz/p000052.xyz,/gpfs/scratch1/shared/schen3/benzoin-dg-restored/data/cross_benzoin/bde_homo_product_featurize_20260902/chunk_0744/geom.tar.zst,ald_xyz/a000089.xyz,0.2045048084220013,0.0846315047299981,0,0,,train
12604,12604,O=C(CCc1ccc(Br)cc1)C(O)CCc1ccc(Br)cc1,O=CCCc1ccc(Br)cc1,/gpfs/scratch1/shared/schen3/benzoin-dg-restored/data/cross_benzoin/bde_homo_product_featurize_20260902/chunk_0126/geom.tar.zst,xyz/p000004.xyz,/gpfs/scratch1/shared/schen3/benzoin-dg-restored/data/cross_benzoin/bde_homo_product_featurize_20260902/chunk_0126/geom.tar.zst,ald_xyz/a000066.xyz,0.2131853145820059,-5.482974263330998,0,0,,train
3308,3308,CC(C)c1ccc(C(=O)C(O)c2ccc(C(C)C)cc2C(C)C)c(C(C)C)c1,CC(C)c1ccc(C=O)c(C(C)C)c1,/gpfs/scratch1/shared/schen3/benzoin-dg-restored/data/cross_benzoin/bde_homo_product_featurize_20260902/chunk_0033/geom.tar.zst,xyz/p000008.xyz,/gpfs/scratch1/shared/schen3/benzoin-dg-restored/data/cross_benzoin/bde_homo_product_featurize_20260902/chunk_0033/geom.tar.zst,ald_xyz/a000012.xyz,0.4583899820550101,0.2122016280790006,0,0,,train
114724,114724,O=C(c1oc2ccccc2c1[Se])C(O)c1oc2ccccc2c1[Se],O=Cc1oc2ccccc2c1[Se],/gpfs/scratch1/shared/schen3/benzoin-dg-restored/data/cross_benzoin/bde_homo_product_featurize_20260902/chunk_1147/geom.tar.zst,xyz/p000024.xyz,/gpfs/scratch1/shared/schen3/benzoin-dg-restored/data/cross_benzoin/bde_homo_product_featurize_20260902/chunk_1147/geom.tar.zst,ald_xyz/a000098.xyz,0.1432484360990003,0.0595376536790013,0,0,,train
135375,135375,Cc1ccc(-c2cc(C(=O)C(O)c3ccc(F)c(-c4ccc(C)nc4)c3)ccc2F)cn1,Cc1ccc(-c2cc(C=O)ccc2F)cn1,/gpfs/scratch1/shared/schen3/benzoin-dg-restored/data/cross_benzoin/bde_homo_product_featurize_20260902/chunk_1353/geom.tar.zst,xyz/p000075.xyz,/gpfs/scratch1/shared/schen3/benzoin-dg-restored/data/cross_benzoin/bde_homo_product_featurize_20260902/chunk_1353/geom.tar.zst,ald_xyz/a000057.xyz,0.2867821524500016,0.127763642558996,0,0,,train
101105,101105,CCOC(=O)CCCc1cc(F)c(F)c(C(=O)C(O)c2c(F)c(F)cc(CCCC(=O)OCC)c2F)c1F,CCOC(=O)CCCc1cc(F)c(F)c(C=O)c1F,/gpfs/scratch1/shared/schen3/benzoin-dg-restored/data/cross_benzoin/bde_homo_product_featurize_20260902/chunk_1011/geom.tar.zst,xyz/p000005.xyz,/gpfs/scratch1/shared/schen3/benzoin-dg-restored/data/cross_benzoin/bde_homo_product_featurize_20260902/chunk_1011/geom.tar.zst,ald_xyz/a000025.xyz,0.3528671648710002,0.1562615857740041,0,0,-2.973950767080431,train
54220,54220,O=C(C1CCC(C2CC=C(c3ccc(C4CO4)c(F)c3F)CC2)CC1)C(O)C1CCC(C2CC=C(c3ccc(C4CO4)c(F)c3F)CC2)CC1,O=CC1CCC(C2CC=C(c3ccc(C4CO4)c(F)c3F)CC2)CC1,/gpfs/scratch1/shared/schen3/benzoin-dg-restored/data/cross_benzoin/bde_homo_product_featurize_20260902/chunk_0542/geom.tar.zst,xyz/p000020.xyz,/gpfs/scratch1/shared/schen3/benzoin-dg-restored/data/cross_benzoin/bde_homo_product_featurize_20260902/chunk_0542/geom.tar.zst,ald_xyz/a000068.xyz,0.662739987149024,0.315096666837988,0,0,,test
82030,82030,COC(=O)c1sc2c(-c3cc(F)cc(F)c3)ccnc2c1C(=O)C(O)c1c(C(=O)OC)sc2c(-c3cc(F)cc(F)c3)ccnc12,COC(=O)c1sc2c(-c3cc(F)cc(F)c3)ccnc2c1C=O,/gpfs/scratch1/shared/schen3/benzoin-dg-restored/data/cross_benzoin/bde_homo_product_featurize_20260902/chunk_0820/geom.tar.zst,xyz/p000030.xyz,/gpfs/scratch1/shared/schen3/benzoin-dg-restored/data/cross_benzoin/bde_homo_product_featurize_20260902/chunk_0820/geom.tar.zst,ald_xyz/a000030.xyz,0.2929253804549887,0.1283203177210055,0,0,,test
108377,108377,COC(=O)c1ccc(-c2ccc(C(=O)C(O)c3ccc(-c4ccc(C(=O)OC)cc4)o3)o2)cc1,COC(=O)c1ccc(-c2ccc(C=O)o2)cc1,/gpfs/scratch1/shared/schen3/benzoin-dg-restored/data/cross_benzoin/bde_homo_product_featurize_20260902/chunk_1083/geom.tar.zst,xyz/p000077.xyz,/gpfs/scratch1/shared/schen3/benzoin-dg-restored/data/cross_benzoin/bde_homo_product_featurize_20260902/chunk_1083/geom.tar.zst,ald_xyz/a000021.xyz,0.2821886796859871,0.1239382925749978,0,0,,train
148468,148468,O=C(c1ccccc1CCF)C(O)c1ccccc1CCF,O=Cc1ccccc1CCF,/gpfs/scratch1/shared/schen3/benzoin-dg-restored/data/cross_benzoin/bde_homo_product_featurize_20260902/chunk_1484/geom.tar.zst,xyz/p000068.xyz,/gpfs/scratch1/shared/schen3/benzoin-dg-restored/data/cross_benzoin/bde_homo_product_featurize_20260902/chunk_1484/geom.tar.zst,ald_xyz/a000091.xyz,0.2324430993480035,0.1024919649919979,0,0,,train
32385,32385,CC(C)c1nc2c(c(-c3ccc(F)cc3)c1C(=O)C(O)c1c(C(C)C)nc3c(c1-c1ccc(F)cc1)CCOc1ccccc1-3)CCOc1ccccc1-2,CC(C)c1nc2c(c(-c3ccc(F)cc3)c1C=O)CCOc1ccccc1-2,/gpfs/scratch1/shared/schen3/benzoin-dg-restored/data/cross_benzoin/bde_homo_product_featurize_20260902/chunk_0323/geom.tar.zst,xyz/p000085.xyz,/gpfs/scratch1/shared/schen3/benzoin-dg-restored/data/cross_benzoin/bde_homo_product_featurize_20260902/chunk_0323/geom.tar.zst,ald_xyz/a000009.xyz,0.6070333827280194,0.2828667520929997,0,0,,validation
13753,13753,O=C(c1ccc(C(O)c2ccc3c(c2)B(O)OC3)cc1)C(O)c1ccc(C(O)c2ccc3c(c2)B(O)OC3)cc1,O=Cc1ccc(C(O)c2ccc3c(c2)B(O)OC3)cc1,/gpfs/scratch1/shared/schen3/benzoin-dg-restored/data/cross_benzoin/bde_homo_product_featurize_20260902/chunk_0137/geom.tar.zst,xyz/p000053.xyz,/gpfs/scratch1/shared/schen3/benzoin-dg-restored/data/cross_benzoin/bde_homo_product_featurize_20260902/chunk_0137/geom.tar.zst,ald_xyz/a000088.xyz,0.3554133458920034,16.400172474271997,0,0,,train
7362,7362,COc1cc(C(=O)C(O)c2ccc(OCc3cn(Cc4cc(=O)c(O)co4)nn3)c(OC)c2)ccc1OCc1cn(Cc2cc(=O)c(O)co2)nn1,COc1cc(C=O)ccc1OCc1cn(Cc2cc(=O)c(O)co2)nn1,/gpfs/scratch1/shared/schen3/benzoin-dg-restored/data/cross_benzoin/bde_homo_product_featurize_20260902/chunk_0073/geom.tar.zst,xyz/p000062.xyz,/gpfs/scratch1/shared/schen3/benzoin-dg-restored/data/cross_benzoin/bde_homo_product_featurize_20260902/chunk_0073/geom.tar.zst,ald_xyz/a000055.xyz,0.4299638355560091,0.1948505092669989,0,0,12.933849529479986,train
80112,80112,Cc1c(CCC(=O)O)ccc(OCc2cc(F)cc3cc(C(=O)C(O)c4cc5cc(F)cc(COc6ccc(CCC(=O)O)c(C)c6C)c5o4)oc23)c1C,Cc1c(CCC(=O)O)ccc(OCc2cc(F)cc3cc(C=O)oc23)c1C,/gpfs/scratch1/shared/schen3/benzoin-dg-restored/data/cross_benzoin/bde_homo_product_featurize_20260902/chunk_0801/geom.tar.zst,xyz/p000012.xyz,/gpfs/scratch1/shared/schen3/benzoin-dg-restored/data/cross_benzoin/bde_homo_product_featurize_20260902/chunk_0801/geom.tar.zst,ald_xyz/a000050.xyz,0.5620902721570076,0.2493645712609975,0,0,,train
40114,40114,CCCCCCOc1c(F)cc(C(=O)C(O)c2cc(F)c(OCCCCCC)c(F)c2)cc1F,CCCCCCOc1c(F)cc(C=O)cc1F,/gpfs/scratch1/shared/schen3/benzoin-dg-restored/data/cross_benzoin/bde_homo_product_featurize_20260902/chunk_0401/geom.tar.zst,xyz/p000014.xyz,/gpfs/scratch1/shared/schen3/benzoin-dg-restored/data/cross_benzoin/bde_homo_product_featurize_20260902/chunk_0401/geom.tar.zst,ald_xyz/a000006.xyz,0.4122458072420016,0.1923317574839984,0,0,,train
101275,101275,O=C(C(O)C1CCCCN1c1ncc(C(F)(F)F)cc1CCN1CCC(c2ccccn2)C1)C1CCCCN1c1ncc(C(F)(F)F)cc1CCN1CCC(c2ccccn2)C1,O=CC1CCCCN1c1ncc(C(F)(F)F)cc1CCN1CCC(c2ccccn2)C1,/gpfs/scratch1/shared/schen3/benzoin-dg-restored/data/cross_benzoin/bde_homo_product_featurize_20260902/chunk_1012/geom.tar.zst,xyz/p000075.xyz,/gpfs/scratch1/shared/schen3/benzoin-dg-restored/data/cross_benzoin/bde_homo_product_featurize_20260902/chunk_1012/geom.tar.zst,ald_xyz/a000065.xyz,0.794042850756,0.3680280880549986,0,0,9.640414229546677,test
63712,63712,COc1c(C(=O)C(O)c2cn(S(=O)(=O)c3cccc(C(F)(F)F)c3)c(-c3ccccc3F)c2OC)cn(S(=O)(=O)c2cccc(C(F)(F)F)c2)c1-c1ccccc1F,COc1c(C=O)cn(S(=O)(=O)c2cccc(C(F)(F)F)c2)c1-c1ccccc1F,/gpfs/scratch1/shared/schen3/benzoin-dg-restored/data/cross_benzoin/bde_homo_product_featurize_20260902/chunk_0637/geom.tar.zst,xyz/p000012.xyz,/gpfs/scratch1/shared/schen3/benzoin-dg-restored/data/cross_benzoin/bde_homo_product_featurize_20260902/chunk_0637/geom.tar.zst,ald_xyz/a000038.xyz,0.4133896053690193,0.1891910886070036,0,0,,train
115916,115916,CC(=O)n1c(-c2ccccc2)cc2ccc(C(=O)C(O)c3ccc4cc(-c5ccccc5)n(C(C)=O)c4c3)cc21,CC(=O)n1c(-c2ccccc2)cc2ccc(C=O)cc21,/gpfs/scratch1/shared/schen3/benzoin-dg-restored/data/cross_benzoin/bde_homo_product_featurize_20260902/chunk_1159/geom.tar.zst,xyz/p000016.xyz,/gpfs/scratch1/shared/schen3/benzoin-dg-restored/data/cross_benzoin/bde_homo_product_featurize_20260902/chunk_1159/geom.tar.zst,ald_xyz/a000012.xyz,0.3832778818040054,0.1762256586429984,0,0,6.880251358376935,train
150720,150720,O=C(c1cn(-c2ccc(F)cc2F)nc1C1CCCO1)C(O)c1cn(-c2ccc(F)cc2F)nc1C1CCCO1,O=Cc1cn(-c2ccc(F)cc2F)nc1C1CCCO1,/gpfs/scratch1/shared/schen3/benzoin-dg-restored/data/cross_benzoin/bde_homo_product_featurize_20260902/chunk_1507/geom.tar.zst,xyz/p000020.xyz,/gpfs/scratch1/shared/schen3/benzoin-dg-restored/data/cross_benzoin/bde_homo_product_featurize_20260902/chunk_1507/geom.tar.zst,ald_xyz/a000088.xyz,0.3629831496830036,0.161943272509994,0,0,,validation
113039,113039,C=CCC(C(=O)C(O)C(CC=C)C(O)c1ccc([N+](=O)[O-])cc1)C(O)c1ccc([N+](=O)[O-])cc1,C=CC[C@@H](C=O)[C@@H](O)c1ccc([N+](=O)[O-])cc1,/gpfs/scratch1/shared/schen3/benzoin-dg-restored/data/cross_benzoin/bde_homo_product_featurize_20260902/chunk_1130/geom.tar.zst,xyz/p000039.xyz,/gpfs/scratch1/shared/schen3/benzoin-dg-restored/data/cross_benzoin/bde_homo_product_featurize_20260902/chunk_1130/geom.tar.zst,ald_xyz/a000009.xyz,0.332167291895999,0.1457568527589998,0,0,,train
220492,220492,O=C1NC(C(=O)C(O)C2CCc3ccccc3C(=O)N2)CCc2ccccc21,O=CC1CCc2ccccc2C(=O)N1,/gpfs/scratch1/shared/schen3/benzoin-dg-restored/data/cross_benzoin/bde_homo_product_featurize_20260902/chunk_2204/geom.tar.zst,xyz/p000092.xyz,/gpfs/scratch1/shared/schen3/benzoin-dg-restored/data/cross_benzoin/bde_homo_product_featurize_20260902/chunk_2204/geom.tar.zst,ald_xyz/a000077.xyz,0.2987667259700117,0.1350805879670034,0,0,-2.695017978480012,test
89224,89224,CCN(C)Cc1cc(N2CCCc3cc(C(=O)N4CCCC(C)(F)C4)cnc32)ccc1C(=O)C(O)c1ccc(N2CCCc3cc(C(=O)N4CCCC(C)(F)C4)cnc32)cc1CN(C)CC,CCN(C)Cc1cc(N2CCCc3cc(C(=O)N4CCCC(C)(F)C4)cnc32)ccc1C=O,/gpfs/scratch1/shared/schen3/benzoin-dg-restored/data/cross_benzoin/bde_homo_product_featurize_20260902/chunk_0892/geom.tar.zst,xyz/p000024.xyz,/gpfs/scratch1/shared/schen3/benzoin-dg-restored/data/cross_benzoin/bde_homo_product_featurize_20260902/chunk_0892/geom.tar.zst,ald_xyz/a000021.xyz,0.9119665816379836,-8.048754113529995,0,0,,train
136335,136335,N#Cc1cc(S(=O)(=O)N2CCCC(C(=O)C(O)C3CCCN(S(=O)(=O)c4ccc(F)c(C#N)c4)C3)C2)ccc1F,N#Cc1cc(S(=O)(=O)N2CCCC(C=O)C2)ccc1F,/gpfs/scratch1/shared/schen3/benzoin-dg-restored/data/cross_benzoin/bde_homo_product_featurize_20260902/chunk_1363/geom.tar.zst,xyz/p000035.xyz,/gpfs/scratch1/shared/schen3/benzoin-dg-restored/data/cross_benzoin/bde_homo_product_featurize_20260902/chunk_1363/geom.tar.zst,ald_xyz/a000047.xyz,0.3555661856359933,0.1600570483830026,0,0,,train
191255,191255,CC(=O)NCC(=Cc1ccnc(F)c1C(=O)C(O)c1c(C=C(CNC(C)=O)B2OC(C)(C)C(C)(C)O2)ccnc1F)B1OC(C)(C)C(C)(C)O1,CC(=O)NCC(=Cc1ccnc(F)c1C=O)B1OC(C)(C)C(C)(C)O1,/gpfs/scratch1/shared/schen3/benzoin-dg-restored/data/cross_benzoin/bde_homo_product_featurize_20260902/chunk_1912/geom.tar.zst,xyz/p000055.xyz,/gpfs/scratch1/shared/schen3/benzoin-dg-restored/data/cross_benzoin/bde_homo_product_featurize_20260902/chunk_1912/geom.tar.zst,ald_xyz/a000022.xyz,0.5858837038130105,0.2792273962190137,0,0,,validation
99171,99171,COc1c(F)cccc1C(F)C1OCCN(Cc2ccccc2)C1C(=O)C(O)C1C(C(F)c2cccc(F)c2OC)OCCN1Cc1ccccc1,COc1c(F)cccc1C(F)C1OCCN(Cc2ccccc2)C1C=O,/gpfs/scratch1/shared/schen3/benzoin-dg-restored/data/cross_benzoin/bde_homo_product_featurize_20260902/chunk_0991/geom.tar.zst,xyz/p000071.xyz,/gpfs/scratch1/shared/schen3/benzoin-dg-restored/data/cross_benzoin/bde_homo_product_featurize_20260902/chunk_0991/geom.tar.zst,ald_xyz/a000035.xyz,0.6044320926299918,0.2803144381649929,0,0,,validation
167922,167922,COc1ncc(C(=O)C(O)c2cnc(OC)c(C(F)F)c2N)c(N)c1C(F)F,COc1ncc(C=O)c(N)c1C(F)F,/gpfs/scratch1/shared/schen3/benzoin-dg-restored/data/cross_benzoin/bde_homo_product_featurize_20260902/chunk_1679/geom.tar.zst,xyz/p000022.xyz,/gpfs/scratch1/shared/schen3/benzoin-dg-restored/data/cross_benzoin/bde_homo_product_featurize_20260902/chunk_1679/geom.tar.zst,ald_xyz/a000017.xyz,0.2118540793180017,0.0890848092940004,0,0,,train
13469,13469,C#CCn1c(=O)c(C(=O)C(O)c2cc3cc(C)ccc3n(CC#C)c2=O)cc2cc(C)ccc21,C#CCn1c(=O)c(C=O)cc2cc(C)ccc21,/gpfs/scratch1/shared/schen3/benzoin-dg-restored/data/cross_benzoin/bde_homo_product_featurize_20260902/chunk_0134/geom.tar.zst,xyz/p000069.xyz,/gpfs/scratch1/shared/schen3/benzoin-dg-restored/data/cross_benzoin/bde_homo_product_featurize_20260902/chunk_0134/geom.tar.zst,ald_xyz/a000000.xyz,0.3054436896159984,0.1355360566360062,0,0,6.692702304440458,train
134936,134936,O=C(c1c(N2CCN(CC(F)(F)F)CC2)nc2sccn12)C(O)c1c(N2CCN(CC(F)(F)F)CC2)nc2sccn12,O=Cc1c(N2CCN(CC(F)(F)F)CC2)nc2sccn12,/gpfs/scratch1/shared/schen3/benzoin-dg-restored/data/cross_benzoin/bde_homo_product_featurize_20260902/chunk_1349/geom.tar.zst,xyz/p000036.xyz,/gpfs/scratch1/shared/schen3/benzoin-dg-restored/data/cross_benzoin/bde_homo_product_featurize_20260902/chunk_1349/geom.tar.zst,ald_xyz/a000053.xyz,0.3791481385880217,0.1684960486399944,0,0,,train
112731,112731,C=C(C)CCOCC(=O)C(O)COCCC(=C)C,C=C(C)CCOCC=O,/gpfs/scratch1/shared/schen3/benzoin-dg-restored/data/cross_benzoin/bde_homo_product_featurize_20260902/chunk_1127/geom.tar.zst,xyz/p000031.xyz,/gpfs/scratch1/shared/schen3/benzoin-dg-restored/data/cross_benzoin/bde_homo_product_featurize_20260902/chunk_1127/geom.tar.zst,ald_xyz/a000005.xyz,0.2712010501799966,0.1201373037459987,0,0,,test
120133,120133,C=CC=CCCC(C)C(=O)C(O)C(C)CCC=CC=C,C=C/C=C/CC[C@@H](C)C=O,/gpfs/scratch1/shared/schen3/benzoin-dg-restored/data/cross_benzoin/bde_homo_product_featurize_20260902/chunk_1201/geom.tar.zst,xyz/p000033.xyz,/gpfs/scratch1/shared/schen3/benzoin-dg-restored/data/cross_benzoin/bde_homo_product_featurize_20260902/chunk_1201/geom.tar.zst,ald_xyz/a000006.xyz,0.3259187825279994,0.1479062572720018,0,0,-3.581518363451797,validation
2765,2765,C[Si](C)(C)Oc1ccccc1C(=O)C(O)c1ccccc1O[Si](C)(C)C,C[Si](C)(C)Oc1ccccc1C=O,/gpfs/scratch1/shared/schen3/benzoin-dg-restored/data/cross_benzoin/bde_homo_product_featurize_20260902/chunk_0027/geom.tar.zst,xyz/p000065.xyz,/gpfs/scratch1/shared/schen3/benzoin-dg-restored/data/cross_benzoin/bde_homo_product_featurize_20260902/chunk_0027/geom.tar.zst,ald_xyz/a000033.xyz,0.331966875851009,0.1468113634109968,0,0,,train
144548,144548,CC(C)CC(C(=O)C(O)C(CC(C)C)c1cc(F)ccc1F)c1cc(F)ccc1F,CC(C)CC(C=O)c1cc(F)ccc1F,/gpfs/scratch1/shared/schen3/benzoin-dg-restored/data/cross_benzoin/bde_homo_product_featurize_20260902/chunk_1445/geom.tar.zst,xyz/p000048.xyz,/gpfs/scratch1/shared/schen3/benzoin-dg-restored/data/cross_benzoin/bde_homo_product_featurize_20260902/chunk_1445/geom.tar.zst,ald_xyz/a000013.xyz,0.3690853546009975,0.1677888226180002,0,0,-4.119649839609481,train
88065,88065,CN1CCN(Cc2cnc(C(=O)C(O)c3ncc(CN4CCN(C)S4(=O)=O)cc3C(F)(F)F)c(C(F)(F)F)c2)S1(=O)=O,CN1CCN(Cc2cnc(C=O)c(C(F)(F)F)c2)S1(=O)=O,/gpfs/scratch1/shared/schen3/benzoin-dg-restored/data/cross_benzoin/bde_homo_product_featurize_20260902/chunk_0880/geom.tar.zst,xyz/p000065.xyz,/gpfs/scratch1/shared/schen3/benzoin-dg-restored/data/cross_benzoin/bde_homo_product_featurize_20260902/chunk_0880/geom.tar.zst,ald_xyz/a000031.xyz,0.3320199624509996,4.560428957521999,0,0,,train
124821,124821,COc1ccc(C(=O)CCCC(CC(=O)C(O)CC(CCCC(=O)c2ccc(OC)cc2)c2ccccc2)c2ccccc2)cc1,COc1ccc(C(=O)CCC[C@@H](CC=O)c2ccccc2)cc1,/gpfs/scratch1/shared/schen3/benzoin-dg-restored/data/cross_benzoin/bde_homo_product_featurize_20260902/chunk_1248/geom.tar.zst,xyz/p000021.xyz,/gpfs/scratch1/shared/schen3/benzoin-dg-restored/data/cross_benzoin/bde_homo_product_featurize_20260902/chunk_1248/geom.tar.zst,ald_xyz/a000063.xyz,0.6075309761789924,0.2770495061660085,0,0,,test
16424,16424,O=C(CCc1ccc([N+](=O)[O-])cc1)C(O)CCc1ccc([N+](=O)[O-])cc1,O=CCCc1ccc([N+](=O)[O-])cc1,/gpfs/scratch1/shared/schen3/benzoin-dg-restored/data/cross_benzoin/bde_homo_product_featurize_20260902/chunk_0164/geom.tar.zst,xyz/p000024.xyz,/gpfs/scratch1/shared/schen3/benzoin-dg-restored/data/cross_benzoin/bde_homo_product_featurize_20260902/chunk_0164/geom.tar.zst,ald_xyz/a000080.xyz,0.2234361570820056,0.0983416478940029,0,0,,train
68554,68554,CC1=C(Nc2cccc(F)c2)C(C(=O)C(O)C2(N3CCC(c4ccc(F)cc4)CC3)CNC(=S)C(C)=C2Nc2cccc(F)c2)(N2CCC(c3ccc(F)cc3)CC2)CNC1=S,CC1=C(Nc2cccc(F)c2)C(C=O)(N2CCC(c3ccc(F)cc3)CC2)CNC1=S,/gpfs/scratch1/shared/schen3/benzoin-dg-restored/data/cross_benzoin/bde_homo_product_featurize_20260902/chunk_0685/geom.tar.zst,xyz/p000054.xyz,/gpfs/scratch1/shared/schen3/benzoin-dg-restored/data/cross_benzoin/bde_homo_product_featurize_20260902/chunk_0685/geom.tar.zst,ald_xyz/a000024.xyz,0.7165685271820053,0.3368636793220076,0,0,,test
20395,20395,O=C(c1cn(-c2nc(-c3ccc(Cl)cc3)cs2)nc1-c1ccccc1)C(O)c1cn(-c2nc(-c3ccc(Cl)cc3)cs2)nc1-c1ccccc1,O=Cc1cn(-c2nc(-c3ccc(Cl)cc3)cs2)nc1-c1ccccc1,/gpfs/scratch1/shared/schen3/benzoin-dg-restored/data/cross_benzoin/bde_homo_product_featurize_20260902/chunk_0203/geom.tar.zst,xyz/p000095.xyz,/gpfs/scratch1/shared/schen3/benzoin-dg-restored/data/cross_benzoin/bde_homo_product_featurize_20260902/chunk_0203/geom.tar.zst,ald_xyz/a000090.xyz,0.3910105715620204,0.1731328133810024,0,0,,train
200484,200484,Cc1ccc(OCCn2cc(C(=O)C(O)c3cn(CCOc4ccc(C)c(C)c4)c4ccccc34)c3ccccc32)cc1C,Cc1ccc(OCCn2cc(C=O)c3ccccc32)cc1C,/gpfs/scratch1/shared/schen3/benzoin-dg-restored/data/cross_benzoin/bde_homo_product_featurize_20260902/chunk_2004/geom.tar.zst,xyz/p000084.xyz,/gpfs/scratch1/shared/schen3/benzoin-dg-restored/data/cross_benzoin/bde_homo_product_featurize_20260902/chunk_2004/geom.tar.zst,ald_xyz/a000078.xyz,0.5368145642959945,0.247411286386999,0,0,,train
92419,92419,C=CCOC1(C(=O)O)C=C(n2c(=O)cc(C(F)(F)F)n(C)c2=O)C(F)=C(C(C)C(=O)C(O)C(C)C2=C(F)C(n3c(=O)cc(C(F)(F)F)n(C)c3=O)=CC(OCC=C)(C(=O)O)C2(C)Cl)C1(C)Cl,C=CCOC1(C(=O)O)C=C(n2c(=O)cc(C(F)(F)F)n(C)c2=O)C(F)=C(C(C)C=O)C1(C)Cl,/gpfs/scratch1/shared/schen3/benzoin-dg-restored/data/cross_benzoin/bde_homo_product_featurize_20260902/chunk_0924/geom.tar.zst,xyz/p000019.xyz,/gpfs/scratch1/shared/schen3/benzoin-dg-restored/data/cross_benzoin/bde_homo_product_featurize_20260902/chunk_0924/geom.tar.zst,ald_xyz/a000002.xyz,0.5418315696900038,0.2331916134060065,0,0,10.410618003454672,train
190936,190936,O=C(NCCC=Cc1ccc(C(F)(F)F)cc1C(=O)C(O)c1cc(C(F)(F)F)ccc1C=CCCNC(=O)OCC1c2ccccc2-c2ccccc21)OCC1c2ccccc2-c2ccccc21,O=Cc1cc(C(F)(F)F)ccc1C=CCCNC(=O)OCC1c2ccccc2-c2ccccc21,/gpfs/scratch1/shared/schen3/benzoin-dg-restored/data/cross_benzoin/bde_homo_product_featurize_20260902/chunk_1909/geom.tar.zst,xyz/p000036.xyz,/gpfs/scratch1/shared/schen3/benzoin-dg-restored/data/cross_benzoin/bde_homo_product_featurize_20260902/chunk_1909/geom.tar.zst,ald_xyz/a000053.xyz,0.6707594987830134,0.3149640745889996,0,0,7.958293087907518,train
218923,218923,CCC(CC)N1CCC(c2coc3ccc(NC(=O)Nc4ccccc4C(=O)C(O)c4ccccc4NC(=O)Nc4ccc5occ(C6CCN(C(CC)CC)CC6)c5c4)cc23)CC1,CCC(CC)N1CCC(c2coc3ccc(NC(=O)Nc4ccccc4C=O)cc23)CC1,/gpfs/scratch1/shared/schen3/benzoin-dg-restored/data/cross_benzoin/bde_homo_product_featurize_20260902/chunk_2189/geom.tar.zst,xyz/p000023.xyz,/gpfs/scratch1/shared/schen3/benzoin-dg-restored/data/cross_benzoin/bde_homo_product_featurize_20260902/chunk_2189/geom.tar.zst,ald_xyz/a000015.xyz,0.8615687209760097,0.4155360766360019,0,0,,validation
105985,105985,CN1CCN(c2nc(C(F)(F)F)c(C(=O)C(O)c3oc(N4CCN(C)CC4)nc3C(F)(F)F)o2)CC1,CN1CCN(c2nc(C(F)(F)F)c(C=O)o2)CC1,/gpfs/scratch1/shared/schen3/benzoin-dg-restored/data/cross_benzoin/bde_homo_product_featurize_20260902/chunk_1059/geom.tar.zst,xyz/p000085.xyz,/gpfs/scratch1/shared/schen3/benzoin-dg-restored/data/cross_benzoin/bde_homo_product_featurize_20260902/chunk_1059/geom.tar.zst,ald_xyz/a000014.xyz,0.3332838729500054,0.1477872227300025,0,0,,validation
53193,53193,Cc1c(CNc2ccc(CCC(=O)C(O)CCc3ccc(NCc4ccc5c(c4C)N(CCCc4ccccc4)CCC5)cc3F)c(F)c2)ccc2c1N(CCCc1ccccc1)CCC2,Cc1c(CNc2ccc(CCC=O)c(F)c2)ccc2c1N(CCCc1ccccc1)CCC2,/gpfs/scratch1/shared/schen3/benzoin-dg-restored/data/cross_benzoin/bde_homo_product_featurize_20260902/chunk_0531/geom.tar.zst,xyz/p000093.xyz,/gpfs/scratch1/shared/schen3/benzoin-dg-restored/data/cross_benzoin/bde_homo_product_featurize_20260902/chunk_0531/geom.tar.zst,ald_xyz/a000046.xyz,0.9221309675660052,8.70625960657901,0,0,,validation
188979,188979,O=C(c1cc(C=CCBr)cnc1F)C(O)c1cc(C=CCBr)cnc1F,O=Cc1cc(C=CCBr)cnc1F,/gpfs/scratch1/shared/schen3/benzoin-dg-restored/data/cross_benzoin/bde_homo_product_featurize_20260902/chunk_1889/geom.tar.zst,xyz/p000079.xyz,/gpfs/scratch1/shared/schen3/benzoin-dg-restored/data/cross_benzoin/bde_homo_product_featurize_20260902/chunk_1889/geom.tar.zst,ald_xyz/a000046.xyz,0.1715913898930097,0.0708112538800023,0,0,,train
48610,48610,O=C(Cc1ccc(N2CCNCC2)cc1F)C(O)Cc1ccc(N2CCNCC2)cc1F,O=CCc1ccc(N2CCNCC2)cc1F,/gpfs/scratch1/shared/schen3/benzoin-dg-restored/data/cross_benzoin/bde_homo_product_featurize_20260902/chunk_0486/geom.tar.zst,xyz/p000010.xyz,/gpfs/scratch1/shared/schen3/benzoin-dg-restored/data/cross_benzoin/bde_homo_product_featurize_20260902/chunk_0486/geom.tar.zst,ald_xyz/a000079.xyz,0.3990486994600104,0.1854905305959988,0,0,-3.5372551891736155,train
63458,63458,Cc1cc(OC2CCC(F)(F)CC2)cc(C(=O)C(O)c2cc(C)cc(OC3CCC(F)(F)CC3)c2)c1,Cc1cc(C=O)cc(OC2CCC(F)(F)CC2)c1,/gpfs/scratch1/shared/schen3/benzoin-dg-restored/data/cross_benzoin/bde_homo_product_featurize_20260902/chunk_0634/geom.tar.zst,xyz/p000058.xyz,/gpfs/scratch1/shared/schen3/benzoin-dg-restored/data/cross_benzoin/bde_homo_product_featurize_20260902/chunk_0634/geom.tar.zst,ald_xyz/a000037.xyz,0.4316937026700032,0.1988787925400004,0,0,,train
147852,147852,COc1cc(C(=O)C(O)c2cc(N)c(OCc3c(F)cccc3Cl)c(OC)c2)cc(N)c1OCc1c(F)cccc1Cl,COc1cc(C=O)cc(N)c1OCc1c(F)cccc1Cl,/gpfs/scratch1/shared/schen3/benzoin-dg-restored/data/cross_benzoin/bde_homo_product_featurize_20260902/chunk_1478/geom.tar.zst,xyz/p000052.xyz,/gpfs/scratch1/shared/schen3/benzoin-dg-restored/data/cross_benzoin/bde_homo_product_featurize_20260902/chunk_1478/geom.tar.zst,ald_xyz/a000026.xyz,0.3688878296039917,0.1647475785599965,0,0,,train
36096,36096,O=C(O)C(O)C(O)C(O)(F)C(=O)C(O)C(O)(F)C(O)C(O)C(=O)O,O=C[C@](O)(F)[C@H](O)[C@H](O)C(=O)O,/gpfs/scratch1/shared/schen3/benzoin-dg-restored/data/cross_benzoin/bde_homo_product_featurize_20260902/chunk_0360/geom.tar.zst,xyz/p000096.xyz,/gpfs/scratch1/shared/schen3/benzoin-dg-restored/data/cross_benzoin/bde_homo_product_featurize_20260902/chunk_0360/geom.tar.zst,ald_xyz/a000082.xyz,0.1298126473980119,0.0511180723130024,0,0,-4.139216441625448,validation
201092,201092,O=C(c1cc(Cl)ccc1OCc1cc2cc(Cl)ccc2oc1=O)C(O)c1cc(Cl)ccc1OCc1cc2cc(Cl)ccc2oc1=O,O=Cc1cc(Cl)ccc1OCc1cc2cc(Cl)ccc2oc1=O,/gpfs/scratch1/shared/schen3/benzoin-dg-restored/data/cross_benzoin/bde_homo_product_featurize_20260902/chunk_2010/geom.tar.zst,xyz/p000092.xyz,/gpfs/scratch1/shared/schen3/benzoin-dg-restored/data/cross_benzoin/bde_homo_product_featurize_20260902/chunk_2010/geom.tar.zst,ald_xyz/a000090.xyz,0.3190431459210003,0.1380218475059962,0,0,7.673354183145864,train
219196,219196,O=C(CCC(=O)C(O)CCC(=O)NN(I)C(I)Cc1ccc(O)cc1)NN(I)C(I)Cc1ccc(O)cc1,O=CCCC(=O)NN(I)C(I)Cc1ccc(O)cc1,/gpfs/scratch1/shared/schen3/benzoin-dg-restored/data/cross_benzoin/bde_homo_product_featurize_20260902/chunk_2191/geom.tar.zst,xyz/p000096.xyz,/gpfs/scratch1/shared/schen3/benzoin-dg-restored/data/cross_benzoin/bde_homo_product_featurize_20260902/chunk_2191/geom.tar.zst,ald_xyz/a000075.xyz,0.3208328928029971,0.1464872268450037,0,0,,train
23752,23752,CN(C)CCCC(=O)C(O)CCCN(C)C,CN(C)CCCC=O,/gpfs/scratch1/shared/schen3/benzoin-dg-restored/data/cross_benzoin/bde_homo_product_featurize_20260902/chunk_0237/geom.tar.zst,xyz/p000052.xyz,/gpfs/scratch1/shared/schen3/benzoin-dg-restored/data/cross_benzoin/bde_homo_product_featurize_20260902/chunk_0237/geom.tar.zst,ald_xyz/a000023.xyz,0.2937864267010042,0.1335591333739998,0,0,-1.9567615661336315,train
147693,147693,CC(Cc1cccc(F)c1I)C(=O)C(O)C(C)Cc1cccc(F)c1I,CC(C=O)Cc1cccc(F)c1I,/gpfs/scratch1/shared/schen3/benzoin-dg-restored/data/cross_benzoin/bde_homo_product_featurize_20260902/chunk_1476/geom.tar.zst,xyz/p000093.xyz,/gpfs/scratch1/shared/schen3/benzoin-dg-restored/data/cross_benzoin/bde_homo_product_featurize_20260902/chunk_1476/geom.tar.zst,ald_xyz/a000015.xyz,0.2544482021069996,0.107138507201995,0,0,-0.382534540134483,train
153114,153114,CC1=CCCN(c2c(F)cc(C(=O)C(O)c3cc(F)c(N4CCC=C(C)C4)c(F)c3)cc2F)C1,CC1=CCCN(c2c(F)cc(C=O)cc2F)C1,/gpfs/scratch1/shared/schen3/benzoin-dg-restored/data/cross_benzoin/bde_homo_product_featurize_20260902/chunk_1531/geom.tar.zst,xyz/p000014.xyz,/gpfs/scratch1/shared/schen3/benzoin-dg-restored/data/cross_benzoin/bde_homo_product_featurize_20260902/chunk_1531/geom.tar.zst,ald_xyz/a000012.xyz,0.3570682175519977,0.1644411163900017,0,0,,train
179961,179961,CCOC(=O)Cc1c(C#N)cc(C(F)F)cc1C(=O)C(O)c1cc(C(F)F)cc(C#N)c1CC(=O)OCC,CCOC(=O)Cc1c(C#N)cc(C(F)F)cc1C=O,/gpfs/scratch1/shared/schen3/benzoin-dg-restored/data/cross_benzoin/bde_homo_product_featurize_20260902/chunk_1799/geom.tar.zst,xyz/p000061.xyz,/gpfs/scratch1/shared/schen3/benzoin-dg-restored/data/cross_benzoin/bde_homo_product_featurize_20260902/chunk_1799/geom.tar.zst,ald_xyz/a000000.xyz,0.3066547994220059,0.1357743382939986,0,0,,train
192464,192464,N#CCc1ccc(F)c(C(=O)C(O)c2c(F)ccc(CC#N)c2C(F)(F)F)c1C(F)(F)F,N#CCc1ccc(F)c(C=O)c1C(F)(F)F,/gpfs/scratch1/shared/schen3/benzoin-dg-restored/data/cross_benzoin/bde_homo_product_featurize_20260902/chunk_1924/geom.tar.zst,xyz/p000064.xyz,/gpfs/scratch1/shared/schen3/benzoin-dg-restored/data/cross_benzoin/bde_homo_product_featurize_20260902/chunk_1924/geom.tar.zst,ald_xyz/a000078.xyz,0.1588041153820114,0.0625886380669982,0,0,,train
207126,207126,O=C(CC1(c2ccc(Cl)c(Cl)c2)CCC(=O)N(CC2CC2)C1)C(O)CC1(c2ccc(Cl)c(Cl)c2)CCC(=O)N(CC2CC2)C1,O=CC[C@]1(c2ccc(Cl)c(Cl)c2)CCC(=O)N(CC2CC2)C1,/gpfs/scratch1/shared/schen3/benzoin-dg-restored/data/cross_benzoin/bde_homo_product_featurize_20260902/chunk_2071/geom.tar.zst,xyz/p000026.xyz,/gpfs/scratch1/shared/schen3/benzoin-dg-restored/data/cross_benzoin/bde_homo_product_featurize_20260902/chunk_2071/geom.tar.zst,ald_xyz/a000086.xyz,0.5142409115809983,0.2377832734880058,0,0,,
15173,15173,CSc1ccc(C(=O)C(O)c2ccc(SC)c(F)c2)cc1F,CSc1ccc(C=O)cc1F,/gpfs/scratch1/shared/schen3/benzoin-dg-restored/data/cross_benzoin/bde_homo_product_featurize_20260902/chunk_0151/geom.tar.zst,xyz/p000073.xyz,/gpfs/scratch1/shared/schen3/benzoin-dg-restored/data/cross_benzoin/bde_homo_product_featurize_20260902/chunk_0151/geom.tar.zst,ald_xyz/a000052.xyz,0.1704103712939968,0.0713307456320038,0,0,,train
132542,132542,O=C(c1cn(-c2cccc(F)c2)nc1-c1ccsc1)C(O)c1cn(-c2cccc(F)c2)nc1-c1ccsc1,O=Cc1cn(-c2cccc(F)c2)nc1-c1ccsc1,/gpfs/scratch1/shared/schen3/benzoin-dg-restored/data/cross_benzoin/bde_homo_product_featurize_20260902/chunk_1325/geom.tar.zst,xyz/p000042.xyz,/gpfs/scratch1/shared/schen3/benzoin-dg-restored/data/cross_benzoin/bde_homo_product_featurize_20260902/chunk_1325/geom.tar.zst,ald_xyz/a000098.xyz,0.2798234572729967,0.1224590101240039,0,0,,train
118008,118008,COc1ccccc1C(=O)c1oc2c(Cl)cccc2c1C(=O)C(O)c1c(C(=O)c2ccccc2OC)oc2c(Cl)cccc12,COc1ccccc1C(=O)c1oc2c(Cl)cccc2c1C=O,/gpfs/scratch1/shared/schen3/benzoin-dg-restored/data/cross_benzoin/bde_homo_product_featurize_20260902/chunk_1180/geom.tar.zst,xyz/p000008.xyz,/gpfs/scratch1/shared/schen3/benzoin-dg-restored/data/cross_benzoin/bde_homo_product_featurize_20260902/chunk_1180/geom.tar.zst,ald_xyz/a000041.xyz,0.3490568806590062,0.1506966843839947,0,0,,train
120763,120763,CC1=C(C)C(CC(=O)C(O)CC2C(C)=C(C)CSC2(c2ccccc2)c2ccccc2)C(c2ccccc2)(c2ccccc2)SC1,CC1=C(C)[C@H](CC=O)C(c2ccccc2)(c2ccccc2)SC1,/gpfs/scratch1/shared/schen3/benzoin-dg-restored/data/cross_benzoin/bde_homo_product_featurize_20260902/chunk_1207/geom.tar.zst,xyz/p000063.xyz,/gpfs/scratch1/shared/schen3/benzoin-dg-restored/data/cross_benzoin/bde_homo_product_featurize_20260902/chunk_1207/geom.tar.zst,ald_xyz/a000028.xyz,0.6132855099390042,0.2870784250679961,0,0,,validation
53100,53100,O=C(CCc1c(F)cc(OCc2ccc3c(c2)N(c2ccccc2)CCC3)cc1F)C(O)CCc1c(F)cc(OCc2ccc3c(c2)N(c2ccccc2)CCC3)cc1F,O=CCCc1c(F)cc(OCc2ccc3c(c2)N(c2ccccc2)CCC3)cc1F,/gpfs/scratch1/shared/schen3/benzoin-dg-restored/data/cross_benzoin/bde_homo_product_featurize_20260902/chunk_0531/geom.tar.zst,xyz/p000000.xyz,/gpfs/scratch1/shared/schen3/benzoin-dg-restored/data/cross_benzoin/bde_homo_product_featurize_20260902/chunk_0531/geom.tar.zst,ald_xyz/a000063.xyz,0.6746688740579998,19.424388020847005,0,0,,test
51393,51393,CC(C)(C)CNCCn1c(Cc2cc3c(cc2N2CC2)N(CC(=O)C(O)CN2CCc4cc(Cc5nc6c(N)nc(F)nc6n5CCNCC(C)(C)C)c(N5CC5)cc42)CC3)nc2c(N)nc(F)nc21,CC(C)(C)CNCCn1c(Cc2cc3c(cc2N2CC2)N(CC=O)CC3)nc2c(N)nc(F)nc21,/gpfs/scratch1/shared/schen3/benzoin-dg-restored/data/cross_benzoin/bde_homo_product_featurize_20260902/chunk_0513/geom.tar.zst,xyz/p000093.xyz,/gpfs/scratch1/shared/schen3/benzoin-dg-restored/data/cross_benzoin/bde_homo_product_featurize_20260902/chunk_0513/geom.tar.zst,ald_xyz/a000005.xyz,0.91541035373902,0.438977592909012,0,0,,validation
114574,114574,O=C(CCn1nc(-c2ccccc2)c2c1CCCC2)C(O)CCn1nc(-c2ccccc2)c2c1CCCC2,O=CCCn1nc(-c2ccccc2)c2c1CCCC2,/gpfs/scratch1/shared/schen3/benzoin-dg-restored/data/cross_benzoin/bde_homo_product_featurize_20260902/chunk_1145/geom.tar.zst,xyz/p000074.xyz,/gpfs/scratch1/shared/schen3/benzoin-dg-restored/data/cross_benzoin/bde_homo_product_featurize_20260902/chunk_1145/geom.tar.zst,ald_xyz/a000084.xyz,0.5082797435560025,0.234699164445999,0,0,,test
186486,186486,Nc1ccnc(-c2cccc(F)c2C(=O)C(O)c2c(F)cccc2-c2nccc(N)c2N)c1N,Nc1ccnc(-c2cccc(F)c2C=O)c1N,/gpfs/scratch1/shared/schen3/benzoin-dg-restored/data/cross_benzoin/bde_homo_product_featurize_20260902/chunk_1864/geom.tar.zst,xyz/p000086.xyz,/gpfs/scratch1/shared/schen3/benzoin-dg-restored/data/cross_benzoin/bde_homo_product_featurize_20260902/chunk_1864/geom.tar.zst,ald_xyz/a000050.xyz,0.2946202019330002,0.1286093358719995,0,0,,train
187344,187344,O=C(c1cnc(-c2cc(Br)cc(C(F)(F)F)c2)[nH]1)C(O)c1cnc(-c2cc(Br)cc(C(F)(F)F)c2)[nH]1,O=Cc1cnc(-c2cc(Br)cc(C(F)(F)F)c2)[nH]1,/gpfs/scratch1/shared/schen3/benzoin-dg-restored/data/cross_benzoin/bde_homo_product_featurize_20260902/chunk_1873/geom.tar.zst,xyz/p000044.xyz,/gpfs/scratch1/shared/schen3/benzoin-dg-restored/data/cross_benzoin/bde_homo_product_featurize_20260902/chunk_1873/geom.tar.zst,ald_xyz/a000041.xyz,0.1822355835199971,0.0764068395740054,0,0,,train
100324,100324,CC1CCN(C(=O)c2cc(F)cc(CC3=NNC(C(=O)C(O)C4NN=C(Cc5cc(F)cc(C(=O)N6CCC(C)CC6)c5)c5c(Cl)cccc54)c4cccc(Cl)c43)c2)CC1,CC1CCN(C(=O)c2cc(F)cc(CC3=NNC(C=O)c4cccc(Cl)c43)c2)CC1,/gpfs/scratch1/shared/schen3/benzoin-dg-restored/data/cross_benzoin/bde_homo_product_featurize_20260902/chunk_1003/geom.tar.zst,xyz/p000024.xyz,/gpfs/scratch1/shared/schen3/benzoin-dg-restored/data/cross_benzoin/bde_homo_product_featurize_20260902/chunk_1003/geom.tar.zst,ald_xyz/a000024.xyz,0.6593789449430005,0.314265777214004,0,0,,test
215565,215565,Nc1ccc(NCCO)c(-c2cccc(C(=O)C(O)c3cccc(-c4cc(N)ccc4NCCO)c3)c2)c1,Nc1ccc(NCCO)c(-c2cccc(C=O)c2)c1,/gpfs/scratch1/shared/schen3/benzoin-dg-restored/data/cross_benzoin/bde_homo_product_featurize_20260902/chunk_2155/geom.tar.zst,xyz/p000065.xyz,/gpfs/scratch1/shared/schen3/benzoin-dg-restored/data/cross_benzoin/bde_homo_product_featurize_20260902/chunk_2155/geom.tar.zst,ald_xyz/a000081.xyz,0.4240322516969996,0.1962025947389989,0,0,,train
164340,164340,O=C(c1ccn2c(-c3ccccc3C(F)(F)F)ncc2c1)C(O)c1ccn2c(-c3ccccc3C(F)(F)F)ncc2c1,O=Cc1ccn2c(-c3ccccc3C(F)(F)F)ncc2c1,/gpfs/scratch1/shared/schen3/benzoin-dg-restored/data/cross_benzoin/bde_homo_product_featurize_20260902/chunk_1643/geom.tar.zst,xyz/p000040.xyz,/gpfs/scratch1/shared/schen3/benzoin-dg-restored/data/cross_benzoin/bde_homo_product_featurize_20260902/chunk_1643/geom.tar.zst,ald_xyz/a000085.xyz,0.2938292998189951,0.131925442667999,0,0,,train
10011,10011,O=C(c1ccc(Br)c(C(F)(F)F)c1)C(O)c1ccc(Br)c(C(F)(F)F)c1,O=Cc1ccc(Br)c(C(F)(F)F)c1,/gpfs/scratch1/shared/schen3/benzoin-dg-restored/data/cross_benzoin/bde_homo_product_featurize_20260902/chunk_0100/geom.tar.zst,xyz/p000011.xyz,/gpfs/scratch1/shared/schen3/benzoin-dg-restored/data/cross_benzoin/bde_homo_product_featurize_20260902/chunk_0100/geom.tar.zst,ald_xyz/a000088.xyz,0.1068665904639942,0.0402277530659986,0,0,1.4901174334994278,train
62161,62161,COc1cc(F)c([N+](=O)[O-])cc1Nc1ncc(C)c(-n2cc(C(=O)C(O)c3cnn(-c4nc(Nc5cc([N+](=O)[O-])c(F)cc5OC)ncc4C)c3)cn2)n1,COc1cc(F)c([N+](=O)[O-])cc1Nc1ncc(C)c(-n2cc(C=O)cn2)n1,/gpfs/scratch1/shared/schen3/benzoin-dg-restored/data/cross_benzoin/bde_homo_product_featurize_20260902/chunk_0621/geom.tar.zst,xyz/p000061.xyz,/gpfs/scratch1/shared/schen3/benzoin-dg-restored/data/cross_benzoin/bde_homo_product_featurize_20260902/chunk_0621/geom.tar.zst,ald_xyz/a000019.xyz,0.3870255210150048,-0.0464457908349942,0,0,,train
176226,176226,O=C(c1cccc2sc(F)c(Cl)c12)C(O)c1cccc2sc(F)c(Cl)c12,O=Cc1cccc2sc(F)c(Cl)c12,/gpfs/scratch1/shared/schen3/benzoin-dg-restored/data/cross_benzoin/bde_homo_product_featurize_20260902/chunk_1762/geom.tar.zst,xyz/p000026.xyz,/gpfs/scratch1/shared/schen3/benzoin-dg-restored/data/cross_benzoin/bde_homo_product_featurize_20260902/chunk_1762/geom.tar.zst,ald_xyz/a000087.xyz,0.1236778566059939,0.0236369877080022,0,0,,train
5627,5627,O=C(c1sc(Br)nc1Br)C(O)c1sc(Br)nc1Br,O=Cc1sc(Br)nc1Br,/gpfs/scratch1/shared/schen3/benzoin-dg-restored/data/cross_benzoin/bde_homo_product_featurize_20260902/chunk_0056/geom.tar.zst,xyz/p000027.xyz,/gpfs/scratch1/shared/schen3/benzoin-dg-restored/data/cross_benzoin/bde_homo_product_featurize_20260902/chunk_0056/geom.tar.zst,ald_xyz/a000099.xyz,0.000305321596997,-23.960874753656,0,0,,train
110143,110143,O=C(C1OCC(c2ccccc2)O1)C(O)C1OCC(c2ccccc2)O1,O=CC1OCC(c2ccccc2)O1,/gpfs/scratch1/shared/schen3/benzoin-dg-restored/data/cross_benzoin/bde_homo_product_featurize_20260902/chunk_1101/geom.tar.zst,xyz/p000043.xyz,/gpfs/scratch1/shared/schen3/benzoin-dg-restored/data/cross_benzoin/bde_homo_product_featurize_20260902/chunk_1101/geom.tar.zst,ald_xyz/a000081.xyz,0.2685506412280034,0.1204680550129992,0,0,,train
144889,144889,CCOc1c(C(=O)C(O)c2ccc(F)c(Br)c2OCC)ccc(F)c1Br,CCOc1c(C=O)ccc(F)c1Br,/gpfs/scratch1/shared/schen3/benzoin-dg-restored/data/cross_benzoin/bde_homo_product_featurize_20260902/chunk_1448/geom.tar.zst,xyz/p000089.xyz,/gpfs/scratch1/shared/schen3/benzoin-dg-restored/data/cross_benzoin/bde_homo_product_featurize_20260902/chunk_1448/geom.tar.zst,ald_xyz/a000024.xyz,0.2051166845439951,0.0863456775649993,0,0,,train
218599,218599,O=C(c1ccc(OCCN2C(=O)SC(Cc3ccccc3)C2=O)cc1)C(O)c1ccc(OCCN2C(=O)SC(Cc3ccccc3)C2=O)cc1,O=Cc1ccc(OCCN2C(=O)SC(Cc3ccccc3)C2=O)cc1,/gpfs/scratch1/shared/schen3/benzoin-dg-restored/data/cross_benzoin/bde_homo_product_featurize_20260902/chunk_2185/geom.tar.zst,xyz/p000099.xyz,/gpfs/scratch1/shared/schen3/benzoin-dg-restored/data/cross_benzoin/bde_homo_product_featurize_20260902/chunk_2185/geom.tar.zst,ald_xyz/a000086.xyz,0.4887267991990143,0.2265190694200072,0,0,,train
21531,21531,O=C(Oc1ccc(C(=O)C(O)c2ccc(OC(=O)c3ccccc3)c(OC(=O)c3ccccc3)c2)cc1OC(=O)c1ccccc1)c1ccccc1,O=Cc1ccc(OC(=O)c2ccccc2)c(OC(=O)c2ccccc2)c1,/gpfs/scratch1/shared/schen3/benzoin-dg-restored/data/cross_benzoin/bde_homo_product_featurize_20260902/chunk_0215/geom.tar.zst,xyz/p000031.xyz,/gpfs/scratch1/shared/schen3/benzoin-dg-restored/data/cross_benzoin/bde_homo_product_featurize_20260902/chunk_0215/geom.tar.zst,ald_xyz/a000080.xyz,0.4411236471349866,0.1992678088689956,0,0,,train
437,437,Nc1oc2ccccc2c(=O)c1C(=O)C(O)c1c(N)oc2ccccc2c1=O,Nc1oc2ccccc2c(=O)c1C=O,/gpfs/scratch1/shared/schen3/benzoin-dg-restored/data/cross_benzoin/bde_homo_product_featurize_20260902/chunk_0004/geom.tar.zst,xyz/p000037.xyz,/gpfs/scratch1/shared/schen3/benzoin-dg-restored/data/cross_benzoin/bde_homo_product_featurize_20260902/chunk_0004/geom.tar.zst,ald_xyz/a000046.xyz,0.1961261182390075,0.0814124560459959,0,0,,train
143201,143201,COCn1nc(-c2ccc(F)c(F)c2)c(C(=O)C(O)c2c(-c3ccc(F)c(F)c3)nn(COC)c2N)c1N,COCn1nc(-c2ccc(F)c(F)c2)c(C=O)c1N,/gpfs/scratch1/shared/schen3/benzoin-dg-restored/data/cross_benzoin/bde_homo_product_featurize_20260902/chunk_1432/geom.tar.zst,xyz/p000001.xyz,/gpfs/scratch1/shared/schen3/benzoin-dg-restored/data/cross_benzoin/bde_homo_product_featurize_20260902/chunk_1432/geom.tar.zst,ald_xyz/a000015.xyz,0.3228295145899977,0.1362539178959991,0,0,,train
35246,35246,N#CC(C(=O)C(O)C(C#N)(c1ccccc1)C(F)(F)F)(c1ccccc1)C(F)(F)F,N#CC(C=O)(c1ccccc1)C(F)(F)F,/gpfs/scratch1/shared/schen3/benzoin-dg-restored/data/cross_benzoin/bde_homo_product_featurize_20260902/chunk_0352/geom.tar.zst,xyz/p000046.xyz,/gpfs/scratch1/shared/schen3/benzoin-dg-restored/data/cross_benzoin/bde_homo_product_featurize_20260902/chunk_0352/geom.tar.zst,ald_xyz/a000049.xyz,0.1832599454019998,0.0753153661080006,0,0,,train
202745,202745,C=CC1C=CC(C[Si](C)(C)c2ccccc2)C(OCc2ccc(OC)cc2)C1C(=O)C(O)C1C(C=C)C=CC(C[Si](C)(C)c2ccccc2)C1OCc1ccc(OC)cc1,C=C[C@H]1C=C[C@H](C[Si](C)(C)c2ccccc2)[C@@H](OCc2ccc(OC)cc2)[C@H]1C=O,/gpfs/scratch1/shared/schen3/benzoin-dg-restored/data/cross_benzoin/bde_homo_product_featurize_20260902/chunk_2027/geom.tar.zst,xyz/p000045.xyz,/gpfs/scratch1/shared/schen3/benzoin-dg-restored/data/cross_benzoin/bde_homo_product_featurize_20260902/chunk_2027/geom.tar.zst,ald_xyz/a000006.xyz,0.8584356855990052,0.4049655986360108,0,0,,test
131765,131765,O=C(c1cccc(F)c1OCCN1CCOCC1)C(O)c1cccc(F)c1OCCN1CCOCC1,O=Cc1cccc(F)c1OCCN1CCOCC1,/gpfs/scratch1/shared/schen3/benzoin-dg-restored/data/cross_benzoin/bde_homo_product_featurize_20260902/chunk_1317/geom.tar.zst,xyz/p000065.xyz,/gpfs/scratch1/shared/schen3/benzoin-dg-restored/data/cross_benzoin/bde_homo_product_featurize_20260902/chunk_1317/geom.tar.zst,ald_xyz/a000080.xyz,0.4332073037870003,0.1991548330740045,0,0,,train
21015,21015,O=C(c1c(Br)sc(Br)c1Br)C(O)c1c(Br)sc(Br)c1Br,O=Cc1c(Br)sc(Br)c1Br,/gpfs/scratch1/shared/schen3/benzoin-dg-restored/data/cross_benzoin/bde_homo_product_featurize_20260902/chunk_0210/geom.tar.zst,xyz/p000015.xyz,/gpfs/scratch1/shared/schen3/benzoin-dg-restored/data/cross_benzoin/bde_homo_product_featurize_20260902/chunk_0210/geom.tar.zst,ald_xyz/a000090.xyz,-0.0065319435159949,-0.0179372170729976,0,0,,train
15885,15885,Cn1c2ccccc2n2c(C(=O)C(O)c3c(-c4ccccc4)nc4n(C)c5ccccc5n34)c(-c3ccccc3)nc12,Cn1c2ccccc2n2c(C=O)c(-c3ccccc3)nc12,/gpfs/scratch1/shared/schen3/benzoin-dg-restored/data/cross_benzoin/bde_homo_product_featurize_20260902/chunk_0158/geom.tar.zst,xyz/p000085.xyz,/gpfs/scratch1/shared/schen3/benzoin-dg-restored/data/cross_benzoin/bde_homo_product_featurize_20260902/chunk_0158/geom.tar.zst,ald_xyz/a000061.xyz,0.4115052449829903,-6.464960711949999,0,0,,validation
59338,59338,O=C(OCc1ccccc1)N1CCC(F)(C(=O)C(O)C2(F)CCN(C(=O)OCc3ccccc3)C2)C1,O=CC1(F)CCN(C(=O)OCc2ccccc2)C1,/gpfs/scratch1/shared/schen3/benzoin-dg-restored/data/cross_benzoin/bde_homo_product_featurize_20260902/chunk_0593/geom.tar.zst,xyz/p000038.xyz,/gpfs/scratch1/shared/schen3/benzoin-dg-restored/data/cross_benzoin/bde_homo_product_featurize_20260902/chunk_0593/geom.tar.zst,ald_xyz/a000040.xyz,0.3761826623119901,0.1717644626980004,0,0,,train
67388,67388,O=C(CC1(C(F)(F)F)CC1)C(O)CC1(C(F)(F)F)CC1,O=CCC1(C(F)(F)F)CC1,/gpfs/scratch1/shared/schen3/benzoin-dg-restored/data/cross_benzoin/bde_homo_product_featurize_20260902/chunk_0673/geom.tar.zst,xyz/p000088.xyz,/gpfs/scratch1/shared/schen3/benzoin-dg-restored/data/cross_benzoin/bde_homo_product_featurize_20260902/chunk_0673/geom.tar.zst,ald_xyz/a000058.xyz,0.1716724084430012,0.0700305595229977,0,0,,train
37927,37927,CCOc1ccc(C#Cc2cc(F)ccc2C(=O)C(O)c2ccc(F)cc2C#Cc2ccc(OCC)c(C)c2)cc1C,CCOc1ccc(C#Cc2cc(F)ccc2C=O)cc1C,/gpfs/scratch1/shared/schen3/benzoin-dg-restored/data/cross_benzoin/bde_homo_product_featurize_20260902/chunk_0379/geom.tar.zst,xyz/p000027.xyz,/gpfs/scratch1/shared/schen3/benzoin-dg-restored/data/cross_benzoin/bde_homo_product_featurize_20260902/chunk_0379/geom.tar.zst,ald_xyz/a000019.xyz,0.4274655918370058,0.192945096871,0,0,9.610844752321988,train
123621,123621,CC(C)C(C(=O)C(O)C(C(C)C)C1CC(=O)N(c2ccc(Cl)cc2)C1=O)C1CC(=O)N(c2ccc(Cl)cc2)C1=O,CC(C)[C@@H](C=O)[C@@H]1CC(=O)N(c2ccc(Cl)cc2)C1=O,/gpfs/scratch1/shared/schen3/benzoin-dg-restored/data/cross_benzoin/bde_homo_product_featurize_20260902/chunk_1236/geom.tar.zst,xyz/p000021.xyz,/gpfs/scratch1/shared/schen3/benzoin-dg-restored/data/cross_benzoin/bde_homo_product_featurize_20260902/chunk_1236/geom.tar.zst,ald_xyz/a000020.xyz,0.4358502830170039,0.1990366895649984,0,0,,train
129442,129442,COc1ccc(C(=O)C(O)c2ccc(OC)c(CN3CCN(c4ccccc4F)CC3)c2)cc1CN1CCN(c2ccccc2F)CC1,COc1ccc(C=O)cc1CN1CCN(c2ccccc2F)CC1,/gpfs/scratch1/shared/schen3/benzoin-dg-restored/data/cross_benzoin/bde_homo_product_featurize_20260902/chunk_1294/geom.tar.zst,xyz/p000042.xyz,/gpfs/scratch1/shared/schen3/benzoin-dg-restored/data/cross_benzoin/bde_homo_product_featurize_20260902/chunk_1294/geom.tar.zst,ald_xyz/a000026.xyz,0.5860301492789972,0.2754972776729971,0,0,,train
49843,49843,NC(CC(=O)N1CCSC1C(=O)C(O)C1SCCN1C(=O)CC(N)Cc1cc(F)c(F)cc1F)Cc1cc(F)c(F)cc1F,NC(CC(=O)N1CCSC1C=O)Cc1cc(F)c(F)cc1F,/gpfs/scratch1/shared/schen3/benzoin-dg-restored/data/cross_benzoin/bde_homo_product_featurize_20260902/chunk_0498/geom.tar.zst,xyz/p000043.xyz,/gpfs/scratch1/shared/schen3/benzoin-dg-restored/data/cross_benzoin/bde_homo_product_featurize_20260902/chunk_0498/geom.tar.zst,ald_xyz/a000053.xyz,0.4090937380819923,0.1911932924490003,0,0,,train
52960,52960,Cc1cc2c(s1)-c1c(c(C(=O)C(O)c3nn(-c4ccc(F)cc4F)c4c3Cc3cc(C)sc3-4)nn1-c1ccc(F)cc1F)C2,Cc1cc2c(s1)-c1c(c(C=O)nn1-c1ccc(F)cc1F)C2,/gpfs/scratch1/shared/schen3/benzoin-dg-restored/data/cross_benzoin/bde_homo_product_featurize_20260902/chunk_0529/geom.tar.zst,xyz/p000060.xyz,/gpfs/scratch1/shared/schen3/benzoin-dg-restored/data/cross_benzoin/bde_homo_product_featurize_20260902/chunk_0529/geom.tar.zst,ald_xyz/a000047.xyz,0.3201333698410025,0.1436519978780026,0,0,,validation
31004,31004,Cc1ccc(CC(C)(C)C(=O)C(O)C(C)(C)Cc2ccc(C)c(F)c2)cc1F,Cc1ccc(CC(C)(C)C=O)cc1F,/gpfs/scratch1/shared/schen3/benzoin-dg-restored/data/cross_benzoin/bde_homo_product_featurize_20260902/chunk_0310/geom.tar.zst,xyz/p000004.xyz,/gpfs/scratch1/shared/schen3/benzoin-dg-restored/data/cross_benzoin/bde_homo_product_featurize_20260902/chunk_0310/geom.tar.zst,ald_xyz/a000053.xyz,0.3867747918099979,0.1753207915160004,0,0,,train
192970,192970,COC(=O)c1c([N+](=O)[O-])ccc(F)c1C(=O)C(O)c1c(F)ccc([N+](=O)[O-])c1C(=O)OC,COC(=O)c1c([N+](=O)[O-])ccc(F)c1C=O,/gpfs/scratch1/shared/schen3/benzoin-dg-restored/data/cross_benzoin/bde_homo_product_featurize_20260902/chunk_1929/geom.tar.zst,xyz/p000070.xyz,/gpfs/scratch1/shared/schen3/benzoin-dg-restored/data/cross_benzoin/bde_homo_product_featurize_20260902/chunk_1929/geom.tar.zst,ald_xyz/a000069.xyz,0.176716915709008,0.0699367981180003,0,0,,train
33377,33377,Cc1ccc(S(=O)(=O)n2cc(C(=O)C(O)c3cn(S(=O)(=O)c4ccc(C)cc4)c4cc(C(F)(F)F)ccc34)c3ccc(C(F)(F)F)cc32)cc1,Cc1ccc(S(=O)(=O)n2cc(C=O)c3ccc(C(F)(F)F)cc32)cc1,/gpfs/scratch1/shared/schen3/benzoin-dg-restored/data/cross_benzoin/bde_homo_product_featurize_20260902/chunk_0333/geom.tar.zst,xyz/p000077.xyz,/gpfs/scratch1/shared/schen3/benzoin-dg-restored/data/cross_benzoin/bde_homo_product_featurize_20260902/chunk_0333/geom.tar.zst,ald_xyz/a000050.xyz,0.3687694272149997,0.1628001187119991,0,0,,train
24286,24286,CN(C)c1ccsc1C(=O)C(O)c1sccc1N(C)C,CN(C)c1ccsc1C=O,/gpfs/scratch1/shared/schen3/benzoin-dg-restored/data/cross_benzoin/bde_homo_product_featurize_20260902/chunk_0242/geom.tar.zst,xyz/p000086.xyz,/gpfs/scratch1/shared/schen3/benzoin-dg-restored/data/cross_benzoin/bde_homo_product_featurize_20260902/chunk_0242/geom.tar.zst,ald_xyz/a000036.xyz,0.2140394141420003,0.0899292777100022,0,0,,train
107710,107710,CCCC(F)Oc1ccc(C2CCN(C(=O)OC(C)(C)C)CC2)cc1-c1ncc(C(=O)C(O)c2cnc(-c3cc(C4CCN(C(=O)OC(C)(C)C)CC4)ccc3OC(F)CCC)s2)s1,CCCC(F)Oc1ccc(C2CCN(C(=O)OC(C)(C)C)CC2)cc1-c1ncc(C=O)s1,/gpfs/scratch1/shared/schen3/benzoin-dg-restored/data/cross_benzoin/bde_homo_product_featurize_20260902/chunk_1077/geom.tar.zst,xyz/p000010.xyz,/gpfs/scratch1/shared/schen3/benzoin-dg-restored/data/cross_benzoin/bde_homo_product_featurize_20260902/chunk_1077/geom.tar.zst,ald_xyz/a000005.xyz,0.8351629630099922,11.42992969157001,0,0,,test
196706,196706,Cc1ccc(-c2ncc(C(F)(F)F)cc2C(=O)C(O)c2cc(C(F)(F)F)cnc2-c2ccc(C)c(C)c2)cc1C,Cc1ccc(-c2ncc(C(F)(F)F)cc2C=O)cc1C,/gpfs/scratch1/shared/schen3/benzoin-dg-restored/data/cross_benzoin/bde_homo_product_featurize_20260902/chunk_1967/geom.tar.zst,xyz/p000006.xyz,/gpfs/scratch1/shared/schen3/benzoin-dg-restored/data/cross_benzoin/bde_homo_product_featurize_20260902/chunk_1967/geom.tar.zst,ald_xyz/a000013.xyz,0.3555152495599998,14.921996479701,0,0,,train
7440,7440,COc1cc(C(=O)C(O)c2cc(OC)c(OC)c(OC)c2-c2c(CC(C)C(C)=O)cc3c(c2OC)OCO3)c(-c2c(CC(C)C(C)=O)cc3c(c2OC)OCO3)c(OC)c1OC,COc1cc(C=O)c(-c2c(C[C@H](C)C(C)=O)cc3c(c2OC)OCO3)c(OC)c1OC,/gpfs/scratch1/shared/schen3/benzoin-dg-restored/data/cross_benzoin/bde_homo_product_featurize_20260902/chunk_0074/geom.tar.zst,xyz/p000040.xyz,/gpfs/scratch1/shared/schen3/benzoin-dg-restored/data/cross_benzoin/bde_homo_product_featurize_20260902/chunk_0074/geom.tar.zst,ald_xyz/a000048.xyz,0.7289050523480114,0.3398230694310058,0,0,,train
135013,135013,O=C(c1cc(F)ccc1Oc1cccc(F)c1F)C(O)c1cc(F)ccc1Oc1cccc(F)c1F,O=Cc1cc(F)ccc1Oc1cccc(F)c1F,/gpfs/scratch1/shared/schen3/benzoin-dg-restored/data/cross_benzoin/bde_homo_product_featurize_20260902/chunk_1350/geom.tar.zst,xyz/p000013.xyz,/gpfs/scratch1/shared/schen3/benzoin-dg-restored/data/cross_benzoin/bde_homo_product_featurize_20260902/chunk_1350/geom.tar.zst,ald_xyz/a000091.xyz,0.2307463240460094,0.0970220111280042,0,0,,train
63593,63593,CC(C)c1nc(-c2ccc(F)cc2)nc2cc(C(=O)C(O)c3cc4nc(-c5ccc(F)cc5)nc(C(C)C)c4o3)oc12,CC(C)c1nc(-c2ccc(F)cc2)nc2cc(C=O)oc12,/gpfs/scratch1/shared/schen3/benzoin-dg-restored/data/cross_benzoin/bde_homo_product_featurize_20260902/chunk_0635/geom.tar.zst,xyz/p000093.xyz,/gpfs/scratch1/shared/schen3/benzoin-dg-restored/data/cross_benzoin/bde_homo_product_featurize_20260902/chunk_0635/geom.tar.zst,ald_xyz/a000010.xyz,0.3891201237190103,0.1776323414639975,0,0,,validation
219288,219288,NCCCCC(N)C(=O)NCC(=O)C(O)CNC(=O)C(N)CCCCN,NCCCCC(N)C(=O)NCC=O,/gpfs/scratch1/shared/schen3/benzoin-dg-restored/data/cross_benzoin/bde_homo_product_featurize_20260902/chunk_2192/geom.tar.zst,xyz/p000088.xyz,/gpfs/scratch1/shared/schen3/benzoin-dg-restored/data/cross_benzoin/bde_homo_product_featurize_20260902/chunk_2192/geom.tar.zst,ald_xyz/a000079.xyz,0.3986439718909906,0.1807813153450013,0,0,,train
6540,6540,O=C(C1CCN(C(=O)OCc2ccccc2)C1)C(O)C1CCN(C(=O)OCc2ccccc2)C1,O=CC1CCN(C(=O)OCc2ccccc2)C1,/gpfs/scratch1/shared/schen3/benzoin-dg-restored/data/cross_benzoin/bde_homo_product_featurize_20260902/chunk_0065/geom.tar.zst,xyz/p000040.xyz,/gpfs/scratch1/shared/schen3/benzoin-dg-restored/data/cross_benzoin/bde_homo_product_featurize_20260902/chunk_0065/geom.tar.zst,ald_xyz/a000069.xyz,0.4088361277620009,0.1824283284510031,0,0,,train
56419,56419,O=C(C(O)C12Cc3cnn(-c4ccc(F)cc4)c3C=C1CCN(S(=O)(=O)c1cc(F)cc(F)c1)C2)C12Cc3cnn(-c4ccc(F)cc4)c3C=C1CCN(S(=O)(=O)c1cc(F)cc(F)c1)C2,O=C[C@]12Cc3cnn(-c4ccc(F)cc4)c3C=C1CCN(S(=O)(=O)c1cc(F)cc(F)c1)C2,/gpfs/scratch1/shared/schen3/benzoin-dg-restored/data/cross_benzoin/bde_homo_product_featurize_20260902/chunk_0564/geom.tar.zst,xyz/p000019.xyz,/gpfs/scratch1/shared/schen3/benzoin-dg-restored/data/cross_benzoin/bde_homo_product_featurize_20260902/chunk_0564/geom.tar.zst,ald_xyz/a000084.xyz,0.5872561779509908,0.2641644626920083,0,0,,train
63899,63899,O=C(Cc1cc(F)c2c(c1)N(Cc1cnc[nH]1)CCO2)C(O)Cc1cc(F)c2c(c1)N(Cc1cnc[nH]1)CCO2,O=CCc1cc(F)c2c(c1)N(Cc1cnc[nH]1)CCO2,/gpfs/scratch1/shared/schen3/benzoin-dg-restored/data/cross_benzoin/bde_homo_product_featurize_20260902/chunk_0638/geom.tar.zst,xyz/p000099.xyz,/gpfs/scratch1/shared/schen3/benzoin-dg-restored/data/cross_benzoin/bde_homo_product_featurize_20260902/chunk_0638/geom.tar.zst,ald_xyz/a000081.xyz,0.410299766378003,11.553108625516003,0,0,,train
44571,44571,CC1=C(C(=O)NC(c2cccc(F)c2)C2CC2)c2c(C(C)C(=O)C(O)C(C)c3ccc(F)c4c3C(C(=O)NC(c3cccc(F)c3)C3CC3)=C(C)NC4)ccc(F)c2CN1,CC1=C(C(=O)N[C@H](c2cccc(F)c2)C2CC2)c2c(C(C)C=O)ccc(F)c2CN1,/gpfs/scratch1/shared/schen3/benzoin-dg-restored/data/cross_benzoin/bde_homo_product_featurize_20260902/chunk_0445/geom.tar.zst,xyz/p000071.xyz,/gpfs/scratch1/shared/schen3/benzoin-dg-restored/data/cross_benzoin/bde_homo_product_featurize_20260902/chunk_0445/geom.tar.zst,ald_xyz/a000017.xyz,0.7013643139969759,0.3234673258930058,0,0,,test
50658,50658,Cc1ccc(CC(=O)C(O)Cc2ccc(C)c(Nc3cccc(-c4ccc(F)cc4F)n3)c2)cc1Nc1cccc(-c2ccc(F)cc2F)n1,Cc1ccc(CC=O)cc1Nc1cccc(-c2ccc(F)cc2F)n1,/gpfs/scratch1/shared/schen3/benzoin-dg-restored/data/cross_benzoin/bde_homo_product_featurize_20260902/chunk_0506/geom.tar.zst,xyz/p000058.xyz,/gpfs/scratch1/shared/schen3/benzoin-dg-restored/data/cross_benzoin/bde_homo_product_featurize_20260902/chunk_0506/geom.tar.zst,ald_xyz/a000064.xyz,0.4934208915180136,0.2203342820660054,0,0,,validation
17752,17752,COc1ccc(C(=O)Oc2ccc(C(=O)C(O)c3ccc(OC(=O)c4ccc(OC)c(OC)c4)c(OC)c3)cc2OC)cc1OC,COc1ccc(C(=O)Oc2ccc(C=O)cc2OC)cc1OC,/gpfs/scratch1/shared/schen3/benzoin-dg-restored/data/cross_benzoin/bde_homo_product_featurize_20260902/chunk_0177/geom.tar.zst,xyz/p000052.xyz,/gpfs/scratch1/shared/schen3/benzoin-dg-restored/data/cross_benzoin/bde_homo_product_featurize_20260902/chunk_0177/geom.tar.zst,ald_xyz/a000037.xyz,0.4346996932559932,0.2086980733599972,0,0,,train
170139,170139,O=C(c1c(C(F)F)cc(C(F)(F)F)nc1Cl)C(O)c1c(C(F)F)cc(C(F)(F)F)nc1Cl,O=Cc1c(C(F)F)cc(C(F)(F)F)nc1Cl,/gpfs/scratch1/shared/schen3/benzoin-dg-restored/data/cross_benzoin/bde_homo_product_featurize_20260902/chunk_1701/geom.tar.zst,xyz/p000039.xyz,/gpfs/scratch1/shared/schen3/benzoin-dg-restored/data/cross_benzoin/bde_homo_product_featurize_20260902/chunk_1701/geom.tar.zst,ald_xyz/a000052.xyz,0.1116466505000062,0.0402638010680007,0,0,,train
198567,198567,Cc1cc2c(cc1C(=O)C(O)c1cc3c(cc1C)CCCC3(C)C)C(C)(C)CCC2,Cc1cc2c(cc1C=O)C(C)(C)CCC2,/gpfs/scratch1/shared/schen3/benzoin-dg-restored/data/cross_benzoin/bde_homo_product_featurize_20260902/chunk_1985/geom.tar.zst,xyz/p000067.xyz,/gpfs/scratch1/shared/schen3/benzoin-dg-restored/data/cross_benzoin/bde_homo_product_featurize_20260902/chunk_1985/geom.tar.zst,ald_xyz/a000072.xyz,0.4768344659839982,0.2215752456960018,0,0,8.422742663199198,train
28126,28126,O=C(c1ccc(N2CCC(C(=O)N3CCN(c4ccc(Br)cn4)CC3)CC2)cc1)C(O)c1ccc(N2CCC(C(=O)N3CCN(c4ccc(Br)cn4)CC3)CC2)cc1,O=Cc1ccc(N2CCC(C(=O)N3CCN(c4ccc(Br)cn4)CC3)CC2)cc1,/gpfs/scratch1/shared/schen3/benzoin-dg-restored/data/cross_benzoin/bde_homo_product_featurize_20260902/chunk_0281/geom.tar.zst,xyz/p000026.xyz,/gpfs/scratch1/shared/schen3/benzoin-dg-restored/data/cross_benzoin/bde_homo_product_featurize_20260902/chunk_0281/geom.tar.zst,ald_xyz/a000059.xyz,0.6884722774240117,-17.795433662497004,0,0,,test
49446,49446,O=C(c1c(F)ccc(Cl)c1[N+](=O)[O-])C(O)c1c(F)ccc(Cl)c1[N+](=O)[O-],O=Cc1c(F)ccc(Cl)c1[N+](=O)[O-],/gpfs/scratch1/shared/schen3/benzoin-dg-restored/data/cross_benzoin/bde_homo_product_featurize_20260902/chunk_0494/geom.tar.zst,xyz/p000046.xyz,/gpfs/scratch1/shared/schen3/benzoin-dg-restored/data/cross_benzoin/bde_homo_product_featurize_20260902/chunk_0494/geom.tar.zst,ald_xyz/a000089.xyz,0.0912268167810026,8.604512934104996,0,0,,train
129810,129810,O=C(c1ccc(-c2ccc(F)c(F)c2)nc1)C(O)c1ccc(-c2ccc(F)c(F)c2)nc1,O=Cc1ccc(-c2ccc(F)c(F)c2)nc1,/gpfs/scratch1/shared/schen3/benzoin-dg-restored/data/cross_benzoin/bde_homo_product_featurize_20260902/chunk_1298/geom.tar.zst,xyz/p000010.xyz,/gpfs/scratch1/shared/schen3/benzoin-dg-restored/data/cross_benzoin/bde_homo_product_featurize_20260902/chunk_1298/geom.tar.zst,ald_xyz/a000076.xyz,0.2153294973609973,0.0943249166230018,0,0,2.77927069998254,train
84479,84479,CN(C)S(=O)(=O)c1ccc(S(=O)(=O)CCc2cccc(F)c2N2CCC(C(=O)C(O)C3CCN(c4c(F)cccc4CCS(=O)(=O)c4ccc(S(=O)(=O)N(C)C)cc4)CC3)CC2)cc1,CN(C)S(=O)(=O)c1ccc(S(=O)(=O)CCc2cccc(F)c2N2CCC(C=O)CC2)cc1,/gpfs/scratch1/shared/schen3/benzoin-dg-restored/data/cross_benzoin/bde_homo_product_featurize_20260902/chunk_0844/geom.tar.zst,xyz/p000079.xyz,/gpfs/scratch1/shared/schen3/benzoin-dg-restored/data/cross_benzoin/bde_homo_product_featurize_20260902/chunk_0844/geom.tar.zst,ald_xyz/a000039.xyz,0.742334260698982,0.3437779320900063,0,0,,test
85375,85375,O=C(c1ccccc1COc1ccc(OF)c(OF)c1)C(O)c1ccccc1COc1ccc(OF)c(OF)c1,O=Cc1ccccc1COc1ccc(OF)c(OF)c1,/gpfs/scratch1/shared/schen3/benzoin-dg-restored/data/cross_benzoin/bde_homo_product_featurize_20260902/chunk_0853/geom.tar.zst,xyz/p000075.xyz,/gpfs/scratch1/shared/schen3/benzoin-dg-restored/data/cross_benzoin/bde_homo_product_featurize_20260902/chunk_0853/geom.tar.zst,ald_xyz/a000094.xyz,0.2562068117930067,0.1065394012910019,0,0,,train
140510,140510,O=C(c1ccc(Oc2cc(F)cc(F)c2)c(Cl)c1)C(O)c1ccc(Oc2cc(F)cc(F)c2)c(Cl)c1,O=Cc1ccc(Oc2cc(F)cc(F)c2)c(Cl)c1,/gpfs/scratch1/shared/schen3/benzoin-dg-restored/data/cross_benzoin/bde_homo_product_featurize_20260902/chunk_1405/geom.tar.zst,xyz/p000010.xyz,/gpfs/scratch1/shared/schen3/benzoin-dg-restored/data/cross_benzoin/bde_homo_product_featurize_20260902/chunk_1405/geom.tar.zst,ald_xyz/a000074.xyz,0.2186628027289998,0.0948676222569986,0,0,,train
191981,191981,CC(=O)c1cc(C(=O)C(O)c2cc(C(C)=O)c(OC(F)(F)F)cc2Br)c(Br)cc1OC(F)(F)F,CC(=O)c1cc(C=O)c(Br)cc1OC(F)(F)F,/gpfs/scratch1/shared/schen3/benzoin-dg-restored/data/cross_benzoin/bde_homo_product_featurize_20260902/chunk_1919/geom.tar.zst,xyz/p000081.xyz,/gpfs/scratch1/shared/schen3/benzoin-dg-restored/data/cross_benzoin/bde_homo_product_featurize_20260902/chunk_1919/geom.tar.zst,ald_xyz/a000009.xyz,0.1687959307640056,0.0726996471989949,0,0,,train
91691,91691,O=C(c1cc2ccc(F)cn2n1)C(O)c1cc2ccc(F)cn2n1,O=Cc1cc2ccc(F)cn2n1,/gpfs/scratch1/shared/schen3/benzoin-dg-restored/data/cross_benzoin/bde_homo_product_featurize_20260902/chunk_0916/geom.tar.zst,xyz/p000091.xyz,/gpfs/scratch1/shared/schen3/benzoin-dg-restored/data/cross_benzoin/bde_homo_product_featurize_20260902/chunk_0916/geom.tar.zst,ald_xyz/a000083.xyz,0.1495922800660025,-32.903073538299,0,0,,train
4123,4123,COc1cc(-c2ccc3cc(O)ccc3c2)cc(C(=O)C(O)c2cc(-c3ccc4cc(O)ccc4c3)cc(OC)c2O)c1O,COc1cc(-c2ccc3cc(O)ccc3c2)cc(C=O)c1O,/gpfs/scratch1/shared/schen3/benzoin-dg-restored/data/cross_benzoin/bde_homo_product_featurize_20260902/chunk_0041/geom.tar.zst,xyz/p000023.xyz,/gpfs/scratch1/shared/schen3/benzoin-dg-restored/data/cross_benzoin/bde_homo_product_featurize_20260902/chunk_0041/geom.tar.zst,ald_xyz/a000017.xyz,0.401111099952999,0.1820957254500044,0,0,,train
22582,22582,CN(Cc1ccccc1)c1ccccc1C(=O)C(O)c1ccccc1N(C)Cc1ccccc1,CN(Cc1ccccc1)c1ccccc1C=O,/gpfs/scratch1/shared/schen3/benzoin-dg-restored/data/cross_benzoin/bde_homo_product_featurize_20260902/chunk_0225/geom.tar.zst,xyz/p000082.xyz,/gpfs/scratch1/shared/schen3/benzoin-dg-restored/data/cross_benzoin/bde_homo_product_featurize_20260902/chunk_0225/geom.tar.zst,ald_xyz/a000048.xyz,0.4174774484629893,-10.870552547179004,0,0,,train
112156,112156,O=C(c1c([Se])sc2ccccc12)C(O)c1c([Se])sc2ccccc12,O=Cc1c([Se])sc2ccccc12,/gpfs/scratch1/shared/schen3/benzoin-dg-restored/data/cross_benzoin/bde_homo_product_featurize_20260902/chunk_1121/geom.tar.zst,xyz/p000056.xyz,/gpfs/scratch1/shared/schen3/benzoin-dg-restored/data/cross_benzoin/bde_homo_product_featurize_20260902/chunk_1121/geom.tar.zst,ald_xyz/a000075.xyz,0.1256662078269954,-6.900278202524,0,0,,train
189459,189459,Cc1ccc(F)c(C(=O)C(O)c2c(F)ccc(C)c2C#CC(N)=O)c1C#CC(N)=O,Cc1ccc(F)c(C=O)c1C#CC(N)=O,/gpfs/scratch1/shared/schen3/benzoin-dg-restored/data/cross_benzoin/bde_homo_product_featurize_20260902/chunk_1894/geom.tar.zst,xyz/p000059.xyz,/gpfs/scratch1/shared/schen3/benzoin-dg-restored/data/cross_benzoin/bde_homo_product_featurize_20260902/chunk_1894/geom.tar.zst,ald_xyz/a000043.xyz,0.2075836348469977,0.0902145784960026,0,0,,train
196130,196130,Cc1ccc(-c2cc(F)c(F)c(F)c2)cc1C(=O)C(O)c1cc(-c2cc(F)c(F)c(F)c2)ccc1C,Cc1ccc(-c2cc(F)c(F)c(F)c2)cc1C=O,/gpfs/scratch1/shared/schen3/benzoin-dg-restored/data/cross_benzoin/bde_homo_product_featurize_20260902/chunk_1961/geom.tar.zst,xyz/p000030.xyz,/gpfs/scratch1/shared/schen3/benzoin-dg-restored/data/cross_benzoin/bde_homo_product_featurize_20260902/chunk_1961/geom.tar.zst,ald_xyz/a000045.xyz,0.2740232994530061,0.1197372652919952,0,0,,train
88386,88386,COc1cc(C(=O)C(O)c2cc(OC)c3nc(-c4cccc(-c5ccc(F)cc5-c5nncn5C)c4)nn3c2)cn2nc(-c3cccc(-c4ccc(F)cc4-c4nncn4C)c3)nc12,COc1cc(C=O)cn2nc(-c3cccc(-c4ccc(F)cc4-c4nncn4C)c3)nc12,/gpfs/scratch1/shared/schen3/benzoin-dg-restored/data/cross_benzoin/bde_homo_product_featurize_20260902/chunk_0883/geom.tar.zst,xyz/p000086.xyz,/gpfs/scratch1/shared/schen3/benzoin-dg-restored/data/cross_benzoin/bde_homo_product_featurize_20260902/chunk_0883/geom.tar.zst,ald_xyz/a000033.xyz,0.5403930278829989,0.254268599593999,0,0,,test
11532,11532,CC(C)(C)c1cncc(C(=O)C(O)c2cncc(C(C)(C)C)c2)c1,CC(C)(C)c1cncc(C=O)c1,/gpfs/scratch1/shared/schen3/benzoin-dg-restored/data/cross_benzoin/bde_homo_product_featurize_20260902/chunk_0115/geom.tar.zst,xyz/p000032.xyz,/gpfs/scratch1/shared/schen3/benzoin-dg-restored/data/cross_benzoin/bde_homo_product_featurize_20260902/chunk_0115/geom.tar.zst,ald_xyz/a000006.xyz,0.3277243563740057,0.149755934924002,0,0,,train
211767,211767,O=C(c1ccc(-c2ccc(Cl)s2)s1)C(O)c1ccc(-c2ccc(Cl)s2)s1,O=Cc1ccc(-c2ccc(Cl)s2)s1,/gpfs/scratch1/shared/schen3/benzoin-dg-restored/data/cross_benzoin/bde_homo_product_featurize_20260902/chunk_2117/geom.tar.zst,xyz/p000067.xyz,/gpfs/scratch1/shared/schen3/benzoin-dg-restored/data/cross_benzoin/bde_homo_product_featurize_20260902/chunk_2117/geom.tar.zst,ald_xyz/a000091.xyz,0.1264675771039947,0.048751366281003,0,0,,train
128810,128810,O=C(c1cc(S(=O)(=O)F)cc2c1CCCC2)C(O)c1cc(S(=O)(=O)F)cc2c1CCCC2,O=Cc1cc(S(=O)(=O)F)cc2c1CCCC2,/gpfs/scratch1/shared/schen3/benzoin-dg-restored/data/cross_benzoin/bde_homo_product_featurize_20260902/chunk_1288/geom.tar.zst,xyz/p000010.xyz,/gpfs/scratch1/shared/schen3/benzoin-dg-restored/data/cross_benzoin/bde_homo_product_featurize_20260902/chunk_1288/geom.tar.zst,ald_xyz/a000078.xyz,0.2935624332800017,0.1276528390930025,0,0,,train
148504,148504,O=C(c1ccc(Br)c(CBr)c1F)C(O)c1ccc(Br)c(CBr)c1F,O=Cc1ccc(Br)c(CBr)c1F,/gpfs/scratch1/shared/schen3/benzoin-dg-restored/data/cross_benzoin/bde_homo_product_featurize_20260902/chunk_1485/geom.tar.zst,xyz/p000004.xyz,/gpfs/scratch1/shared/schen3/benzoin-dg-restored/data/cross_benzoin/bde_homo_product_featurize_20260902/chunk_1485/geom.tar.zst,ald_xyz/a000084.xyz,0.1239375494420045,0.0437206371479987,0,0,,train
201623,201623,CC(C)CCc1cc(O)c(C(=O)C(O)c2cc(O)c(CCC(C)C)cc2O)cc1O,CC(C)CCc1cc(O)c(C=O)cc1O,/gpfs/scratch1/shared/schen3/benzoin-dg-restored/data/cross_benzoin/bde_homo_product_featurize_20260902/chunk_2016/geom.tar.zst,xyz/p000023.xyz,/gpfs/scratch1/shared/schen3/benzoin-dg-restored/data/cross_benzoin/bde_homo_product_featurize_20260902/chunk_2016/geom.tar.zst,ald_xyz/a000025.xyz,0.3941926106670053,15.566970834819005,0,0,,train
31417,31417,COCOc1cc(F)c(C#N)cc1C(=O)C(O)c1cc(C#N)c(F)cc1OCOC,COCOc1cc(F)c(C#N)cc1C=O,/gpfs/scratch1/shared/schen3/benzoin-dg-restored/data/cross_benzoin/bde_homo_product_featurize_20260902/chunk_0314/geom.tar.zst,xyz/p000017.xyz,/gpfs/scratch1/shared/schen3/benzoin-dg-restored/data/cross_benzoin/bde_homo_product_featurize_20260902/chunk_0314/geom.tar.zst,ald_xyz/a000031.xyz,0.219809194834994,0.0926584989800005,0,0,,train
12388,12388,CC1(CC(=O)C(O)CC2(C)CCOCC2)CCOCC1,CC1(CC=O)CCOCC1,/gpfs/scratch1/shared/schen3/benzoin-dg-restored/data/cross_benzoin/bde_homo_product_featurize_20260902/chunk_0123/geom.tar.zst,xyz/p000088.xyz,/gpfs/scratch1/shared/schen3/benzoin-dg-restored/data/cross_benzoin/bde_homo_product_featurize_20260902/chunk_0123/geom.tar.zst,ald_xyz/a000021.xyz,0.3427130804719951,0.1568069981420023,0,0,,train
100131,100131,O=C(C(O)C1CCCCN1c1ccc(N(Cc2ccccc2)Cc2ccccc2)c(F)c1)C1CCCCN1c1ccc(N(Cc2ccccc2)Cc2ccccc2)c(F)c1,O=CC1CCCCN1c1ccc(N(Cc2ccccc2)Cc2ccccc2)c(F)c1,/gpfs/scratch1/shared/schen3/benzoin-dg-restored/data/cross_benzoin/bde_homo_product_featurize_20260902/chunk_1001/geom.tar.zst,xyz/p000031.xyz,/gpfs/scratch1/shared/schen3/benzoin-dg-restored/data/cross_benzoin/bde_homo_product_featurize_20260902/chunk_1001/geom.tar.zst,ald_xyz/a000078.xyz,0.7872063985549858,0.3713647795389931,0,0,,test
174592,174592,Nc1cc(Br)c(C(=O)C(O)c2c(Br)cc(N)nc2C(F)F)c(C(F)F)n1,Nc1cc(Br)c(C=O)c(C(F)F)n1,/gpfs/scratch1/shared/schen3/benzoin-dg-restored/data/cross_benzoin/bde_homo_product_featurize_20260902/chunk_1745/geom.tar.zst,xyz/p000092.xyz,/gpfs/scratch1/shared/schen3/benzoin-dg-restored/data/cross_benzoin/bde_homo_product_featurize_20260902/chunk_1745/geom.tar.zst,ald_xyz/a000014.xyz,0.1172036265669902,0.0405990658589985,0,0,,train
203320,203320,CC1(C)CCC(C)(c2ccc(C(=O)C(O)c3ccc(C4(C)CCC(C)(C)N4[O])cc3)cc2)N1[O],CC1(C)CCC(C)(c2ccc(C=O)cc2)N1[O],/gpfs/scratch1/shared/schen3/benzoin-dg-restored/data/cross_benzoin/bde_homo_product_featurize_20260902/chunk_2033/geom.tar.zst,xyz/p000020.xyz,/gpfs/scratch1/shared/schen3/benzoin-dg-restored/data/cross_benzoin/bde_homo_product_featurize_20260902/chunk_2033/geom.tar.zst,ald_xyz/a000021.xyz,0.4624042797759955,0.2175744329400046,0,0,,train
118020,118020,O=C(c1cscc1[Se])C(O)c1cscc1[Se],O=Cc1cscc1[Se],/gpfs/scratch1/shared/schen3/benzoin-dg-restored/data/cross_benzoin/bde_homo_product_featurize_20260902/chunk_1180/geom.tar.zst,xyz/p000020.xyz,/gpfs/scratch1/shared/schen3/benzoin-dg-restored/data/cross_benzoin/bde_homo_product_featurize_20260902/chunk_1180/geom.tar.zst,ald_xyz/a000098.xyz,0.0591153030369966,0.0161485451759979,0,0,,train
121675,121675,[N]=CCCC(=O)C(O)CCC=[N],[N]=CCCC=O,/gpfs/scratch1/shared/schen3/benzoin-dg-restored/data/cross_benzoin/bde_homo_product_featurize_20260902/chunk_1216/geom.tar.zst,xyz/p000075.xyz,/gpfs/scratch1/shared/schen3/benzoin-dg-restored/data/cross_benzoin/bde_homo_product_featurize_20260902/chunk_1216/geom.tar.zst,ald_xyz/a000099.xyz,0.1299240650579989,0.0463290709040009,0,0,,validation
25020,25020,[CH2]CCCCC(=O)C(O)CCCC[CH2],[CH2]CCCCC=O,/gpfs/scratch1/shared/schen3/benzoin-dg-restored/data/cross_benzoin/bde_homo_product_featurize_20260902/chunk_0250/geom.tar.zst,xyz/p000020.xyz,/gpfs/scratch1/shared/schen3/benzoin-dg-restored/data/cross_benzoin/bde_homo_product_featurize_20260902/chunk_0250/geom.tar.zst,ald_xyz/a000099.xyz,0.2351069034340014,0.1060406446240023,0,0,,test
123970,123970,O=C(c1cc2cccnc2nc1[Se])C(O)c1cc2cccnc2nc1[Se],O=Cc1cc2cccnc2nc1[Se],/gpfs/scratch1/shared/schen3/benzoin-dg-restored/data/cross_benzoin/bde_homo_product_featurize_20260902/chunk_1239/geom.tar.zst,xyz/p000070.xyz,/gpfs/scratch1/shared/schen3/benzoin-dg-restored/data/cross_benzoin/bde_homo_product_featurize_20260902/chunk_1239/geom.tar.zst,ald_xyz/a000089.xyz,0.1458055714399933,0.0601418358180012,0,0,,train
29749,29749,CCOC(=O)C(CC(F)(F)F)C(=O)C(O)C(CC(F)(F)F)C(=O)OCC,CCOC(=O)C(C=O)CC(F)(F)F,/gpfs/scratch1/shared/schen3/benzoin-dg-restored/data/cross_benzoin/bde_homo_product_featurize_20260902/chunk_0297/geom.tar.zst,xyz/p000049.xyz,/gpfs/scratch1/shared/schen3/benzoin-dg-restored/data/cross_benzoin/bde_homo_product_featurize_20260902/chunk_0297/geom.tar.zst,ald_xyz/a000019.xyz,0.224653225753002,0.0950622271749992,0,0,,train
14662,14662,COc1cc2c(cc1OC)C(Cc1ccc(OC)c(Oc3ccc(C(=O)C(O)c4ccc(Oc5cc(CC6c7cc(OC)c(OC)cc7CCN6C)ccc5OC)cc4)cc3)c1)N(C)CC2,COc1cc2c(cc1OC)[C@H](Cc1ccc(OC)c(Oc3ccc(C=O)cc3)c1)N(C)CC2,/gpfs/scratch1/shared/schen3/benzoin-dg-restored/data/cross_benzoin/bde_homo_product_featurize_20260902/chunk_0146/geom.tar.zst,xyz/p000062.xyz,/gpfs/scratch1/shared/schen3/benzoin-dg-restored/data/cross_benzoin/bde_homo_product_featurize_20260902/chunk_0146/geom.tar.zst,ald_xyz/a000067.xyz,0.8145760776600071,0.3915690297790064,0,0,,validation
87642,87642,CC(C)(C)OC(=O)N1CCC(CC(=O)C(O)CC2CCN(C(=O)OC(C)(C)C)CC2F)C(F)C1,CC(C)(C)OC(=O)N1CC[C@H](CC=O)[C@H](F)C1,/gpfs/scratch1/shared/schen3/benzoin-dg-restored/data/cross_benzoin/bde_homo_product_featurize_20260902/chunk_0876/geom.tar.zst,xyz/p000042.xyz,/gpfs/scratch1/shared/schen3/benzoin-dg-restored/data/cross_benzoin/bde_homo_product_featurize_20260902/chunk_0876/geom.tar.zst,ald_xyz/a000008.xyz,0.4986298019669988,0.2346686985910011,0,0,,train
39747,39747,Nc1cc2c(cc1C(=O)C(O)c1cc3c(cc1N)OC(F)(F)O3)OC(F)(F)O2,Nc1cc2c(cc1C=O)OC(F)(F)O2,/gpfs/scratch1/shared/schen3/benzoin-dg-restored/data/cross_benzoin/bde_homo_product_featurize_20260902/chunk_0397/geom.tar.zst,xyz/p000047.xyz,/gpfs/scratch1/shared/schen3/benzoin-dg-restored/data/cross_benzoin/bde_homo_product_featurize_20260902/chunk_0397/geom.tar.zst,ald_xyz/a000033.xyz,0.144291170912993,0.0585198769540014,0,0,,train
42659,42659,Cn1cc(-c2ccc(F)c(F)c2F)c(C(=O)C(O)c2nn(C)cc2-c2ccc(F)c(F)c2F)n1,Cn1cc(-c2ccc(F)c(F)c2F)c(C=O)n1,/gpfs/scratch1/shared/schen3/benzoin-dg-restored/data/cross_benzoin/bde_homo_product_featurize_20260902/chunk_0426/geom.tar.zst,xyz/p000059.xyz,/gpfs/scratch1/shared/schen3/benzoin-dg-restored/data/cross_benzoin/bde_homo_product_featurize_20260902/chunk_0426/geom.tar.zst,ald_xyz/a000042.xyz,0.2129709898059957,0.0916837455459997,0,0,,train
115041,115041,CC(=O)NC(C(=O)C(O)C(NC(C)=O)C(Oc1cccnc1C)C(O)C(O)COCc1ccccc1)C(Oc1cccnc1C)C(O)C(O)COCc1ccccc1,CC(=O)N[C@@H](C=O)[C@@H](Oc1cccnc1C)[C@H](O)[C@H](O)COCc1ccccc1,/gpfs/scratch1/shared/schen3/benzoin-dg-restored/data/cross_benzoin/bde_homo_product_featurize_20260902/chunk_1150/geom.tar.zst,xyz/p000041.xyz,/gpfs/scratch1/shared/schen3/benzoin-dg-restored/data/cross_benzoin/bde_homo_product_featurize_20260902/chunk_1150/geom.tar.zst,ald_xyz/a000004.xyz,0.6905124773469993,0.3240785903290089,0,0,,train
172751,172751,O=C(c1c(Cl)cc(CBr)nc1C(F)F)C(O)c1c(Cl)cc(CBr)nc1C(F)F,O=Cc1c(Cl)cc(CBr)nc1C(F)F,/gpfs/scratch1/shared/schen3/benzoin-dg-restored/data/cross_benzoin/bde_homo_product_featurize_20260902/chunk_1727/geom.tar.zst,xyz/p000051.xyz,/gpfs/scratch1/shared/schen3/benzoin-dg-restored/data/cross_benzoin/bde_homo_product_featurize_20260902/chunk_1727/geom.tar.zst,ald_xyz/a000052.xyz,0.1303530679540046,0.0480417632750018,0,0,,train
217330,217330,O=C(NCC1CCN(CC2COc3ccc4[nH]c(C(=O)C(O)c5cc6c7c(ccc6[nH]5)OCC(CN5CCC(CNC(=O)c6cccnc6)CC5)O7)cc4c3O2)CC1)c1cccnc1,O=Cc1cc2c3c(ccc2[nH]1)OCC(CN1CCC(CNC(=O)c2cccnc2)CC1)O3,/gpfs/scratch1/shared/schen3/benzoin-dg-restored/data/cross_benzoin/bde_homo_product_featurize_20260902/chunk_2173/geom.tar.zst,xyz/p000030.xyz,/gpfs/scratch1/shared/schen3/benzoin-dg-restored/data/cross_benzoin/bde_homo_product_featurize_20260902/chunk_2173/geom.tar.zst,ald_xyz/a000090.xyz,0.7415696052779879,0.3553988749769985,0,0,,test
40397,40397,COc1ccc(C2(C(=O)C(O)C3(c4ccc(OC)cc4F)CCC3)CCC2)c(F)c1,COc1ccc(C2(C=O)CCC2)c(F)c1,/gpfs/scratch1/shared/schen3/benzoin-dg-restored/data/cross_benzoin/bde_homo_product_featurize_20260902/chunk_0403/geom.tar.zst,xyz/p000097.xyz,/gpfs/scratch1/shared/schen3/benzoin-dg-restored/data/cross_benzoin/bde_homo_product_featurize_20260902/chunk_0403/geom.tar.zst,ald_xyz/a000014.xyz,0.3554665771900005,-5.666232766370996,0,0,7.9262868704891165,train
71095,71095,Nc1ncc(-c2ccc(-c3ccccc3OCc3ccc(C(=O)C(O)c4ccc(COc5ccccc5-c5ccc(-c6cnc(N)nc6)c(F)c5)cc4)cc3)cc2F)cn1,Nc1ncc(-c2ccc(-c3ccccc3OCc3ccc(C=O)cc3)cc2F)cn1,/gpfs/scratch1/shared/schen3/benzoin-dg-restored/data/cross_benzoin/bde_homo_product_featurize_20260902/chunk_0710/geom.tar.zst,xyz/p000095.xyz,/gpfs/scratch1/shared/schen3/benzoin-dg-restored/data/cross_benzoin/bde_homo_product_featurize_20260902/chunk_0710/geom.tar.zst,ald_xyz/a000076.xyz,0.5436393927310235,0.2545769219100009,0,0,6.815541718092208,train
99861,99861,NN1CC(c2ccc(F)cc2)=NNC1C(=O)C(O)C1NN=C(c2ccc(F)cc2)CN1N,NN1CC(c2ccc(F)cc2)=NNC1C=O,/gpfs/scratch1/shared/schen3/benzoin-dg-restored/data/cross_benzoin/bde_homo_product_featurize_20260902/chunk_0998/geom.tar.zst,xyz/p000061.xyz,/gpfs/scratch1/shared/schen3/benzoin-dg-restored/data/cross_benzoin/bde_homo_product_featurize_20260902/chunk_0998/geom.tar.zst,ald_xyz/a000059.xyz,0.3005671201439952,0.1353627247410003,0,0,,train
184529,184529,CCCCS(=O)(=O)c1c(C(=O)C(O)c2cnn(CC(F)(F)F)c2S(=O)(=O)CCCC)cnn1CC(F)(F)F,CCCCS(=O)(=O)c1c(C=O)cnn1CC(F)(F)F,/gpfs/scratch1/shared/schen3/benzoin-dg-restored/data/cross_benzoin/bde_homo_product_featurize_20260902/chunk_1845/geom.tar.zst,xyz/p000029.xyz,/gpfs/scratch1/shared/schen3/benzoin-dg-restored/data/cross_benzoin/bde_homo_product_featurize_20260902/chunk_1845/geom.tar.zst,ald_xyz/a000035.xyz,0.3482696008160104,0.1526696620209975,0,0,,train
15597,15597,O=C(C(O)C(F)(F)S(=O)(=O)F)C(F)(F)S(=O)(=O)F,O=CC(F)(F)S(=O)(=O)F,/gpfs/scratch1/shared/schen3/benzoin-dg-restored/data/cross_benzoin/bde_homo_product_featurize_20260902/chunk_0155/geom.tar.zst,xyz/p000097.xyz,/gpfs/scratch1/shared/schen3/benzoin-dg-restored/data/cross_benzoin/bde_homo_product_featurize_20260902/chunk_0155/geom.tar.zst,ald_xyz/a000048.xyz,0.0098113834269923,-0.0071716640239998,0,0,9.954863482873725,train
197765,197765,Cc1cncc(-c2ccc(C(F)(F)F)cc2C(=O)C(O)c2cc(C(F)(F)F)ccc2-c2cncc(C)c2)c1,Cc1cncc(-c2ccc(C(F)(F)F)cc2C=O)c1,/gpfs/scratch1/shared/schen3/benzoin-dg-restored/data/cross_benzoin/bde_homo_product_featurize_20260902/chunk_1977/geom.tar.zst,xyz/p000065.xyz,/gpfs/scratch1/shared/schen3/benzoin-dg-restored/data/cross_benzoin/bde_homo_product_featurize_20260902/chunk_1977/geom.tar.zst,ald_xyz/a000052.xyz,0.3089736717980003,0.1334160335569976,0,0,,train
84798,84798,Cc1ccc(S(=O)N2CC(COc3ccc(C#N)c(F)c3)(C(=O)C(O)C3(COc4ccc(C#N)c(F)c4)CN(S(=O)c4ccc(C)cc4C)C3)C2)c(C)c1,Cc1ccc(S(=O)N2CC(C=O)(COc3ccc(C#N)c(F)c3)C2)c(C)c1,/gpfs/scratch1/shared/schen3/benzoin-dg-restored/data/cross_benzoin/bde_homo_product_featurize_20260902/chunk_0847/geom.tar.zst,xyz/p000098.xyz,/gpfs/scratch1/shared/schen3/benzoin-dg-restored/data/cross_benzoin/bde_homo_product_featurize_20260902/chunk_0847/geom.tar.zst,ald_xyz/a000057.xyz,0.5322996164460108,0.2424140405319974,0,0,,test
197962,197962,CSc1cccc(-c2ccc(C(=O)C(O)c3ccc(-c4cccc(SC)c4)c(F)c3)cc2F)c1,CSc1cccc(-c2ccc(C=O)cc2F)c1,/gpfs/scratch1/shared/schen3/benzoin-dg-restored/data/cross_benzoin/bde_homo_product_featurize_20260902/chunk_1979/geom.tar.zst,xyz/p000062.xyz,/gpfs/scratch1/shared/schen3/benzoin-dg-restored/data/cross_benzoin/bde_homo_product_featurize_20260902/chunk_1979/geom.tar.zst,ald_xyz/a000022.xyz,0.3012782237609883,0.1358869894540006,0,0,,train
146740,146740,O=C(c1ncc(C(F)F)o1)C(O)c1ncc(C(F)F)o1,O=Cc1ncc(C(F)F)o1,/gpfs/scratch1/shared/schen3/benzoin-dg-restored/data/cross_benzoin/bde_homo_product_featurize_20260902/chunk_1467/geom.tar.zst,xyz/p000040.xyz,/gpfs/scratch1/shared/schen3/benzoin-dg-restored/data/cross_benzoin/bde_homo_product_featurize_20260902/chunk_1467/geom.tar.zst,ald_xyz/a000096.xyz,0.080680100875,0.027795726319006,0,0,,train
79237,79237,COC(=O)c1cc(F)c(N2CCN(C(=O)OC(C)(C)C)CC2)c(F)c1C(=O)C(O)c1c(C(=O)OC)cc(F)c(N2CCN(C(=O)OC(C)(C)C)CC2)c1F,COC(=O)c1cc(F)c(N2CCN(C(=O)OC(C)(C)C)CC2)c(F)c1C=O,/gpfs/scratch1/shared/schen3/benzoin-dg-restored/data/cross_benzoin/bde_homo_product_featurize_20260902/chunk_0792/geom.tar.zst,xyz/p000037.xyz,/gpfs/scratch1/shared/schen3/benzoin-dg-restored/data/cross_benzoin/bde_homo_product_featurize_20260902/chunk_0792/geom.tar.zst,ald_xyz/a000025.xyz,0.5996919342200044,0.2805333205329958,0,0,5.368797326120324,train
54440,54440,CC(C(=O)C(O)C(C)C(=O)C(C)(Cc1ccc(F)cc1)n1cccc1)C(=O)C(C)(Cc1ccc(F)cc1)n1cccc1,CC(C=O)C(=O)[C@](C)(Cc1ccc(F)cc1)n1cccc1,/gpfs/scratch1/shared/schen3/benzoin-dg-restored/data/cross_benzoin/bde_homo_product_featurize_20260902/chunk_0544/geom.tar.zst,xyz/p000040.xyz,/gpfs/scratch1/shared/schen3/benzoin-dg-restored/data/cross_benzoin/bde_homo_product_featurize_20260902/chunk_0544/geom.tar.zst,ald_xyz/a000009.xyz,0.4996449981479998,-6.204296512581003,0,0,,train
79208,79208,CC(C)c1c(CC(CO)C(=O)C(O)C(CO)Cc2c(C(C)C)n(-c3ccc(F)cc3)c3cc4n[nH]nc4cc23)c2cc3n[nH]nc3cc2n1-c1ccc(F)cc1,CC(C)c1c(CC(C=O)CO)c2cc3n[nH]nc3cc2n1-c1ccc(F)cc1,/gpfs/scratch1/shared/schen3/benzoin-dg-restored/data/cross_benzoin/bde_homo_product_featurize_20260902/chunk_0792/geom.tar.zst,xyz/p000008.xyz,/gpfs/scratch1/shared/schen3/benzoin-dg-restored/data/cross_benzoin/bde_homo_product_featurize_20260902/chunk_0792/geom.tar.zst,ald_xyz/a000007.xyz,0.6207649250119971,0.2865185441449966,0,0,,test
197224,197224,O=C(c1c(Br)c(Br)c(F)c(Br)c1Br)C(O)c1c(Br)c(Br)c(F)c(Br)c1Br,O=Cc1c(Br)c(Br)c(F)c(Br)c1Br,/gpfs/scratch1/shared/schen3/benzoin-dg-restored/data/cross_benzoin/bde_homo_product_featurize_20260902/chunk_1972/geom.tar.zst,xyz/p000024.xyz,/gpfs/scratch1/shared/schen3/benzoin-dg-restored/data/cross_benzoin/bde_homo_product_featurize_20260902/chunk_1972/geom.tar.zst,ald_xyz/a000053.xyz,0.0142396567169953,-0.0102426679939995,0,0,,train
184724,184724,O=C(c1ccnn1-c1cc(F)ccc1F)C(O)c1ccnn1-c1cc(F)ccc1F,O=Cc1ccnn1-c1cc(F)ccc1F,/gpfs/scratch1/shared/schen3/benzoin-dg-restored/data/cross_benzoin/bde_homo_product_featurize_20260902/chunk_1847/geom.tar.zst,xyz/p000024.xyz,/gpfs/scratch1/shared/schen3/benzoin-dg-restored/data/cross_benzoin/bde_homo_product_featurize_20260902/chunk_1847/geom.tar.zst,ald_xyz/a000096.xyz,0.1914629728940013,0.0812837530900054,0,0,,train
86655,86655,O=C(O)c1cccc(C(CNCC2CN(Cc3ccc(F)c(F)c3)CCO2)C(=O)C(O)C(CNCC2CN(Cc3ccc(F)c(F)c3)CCO2)c2cccc(C(=O)O)c2)c1,O=CC(CNC[C@H]1CN(Cc2ccc(F)c(F)c2)CCO1)c1cccc(C(=O)O)c1,/gpfs/scratch1/shared/schen3/benzoin-dg-restored/data/cross_benzoin/bde_homo_product_featurize_20260902/chunk_0866/geom.tar.zst,xyz/p000055.xyz,/gpfs/scratch1/shared/schen3/benzoin-dg-restored/data/cross_benzoin/bde_homo_product_featurize_20260902/chunk_0866/geom.tar.zst,ald_xyz/a000062.xyz,0.6704409341130031,0.3115933881219916,0,0,,validation
68432,68432,CC(c1ccc2ccc(OC3CCC(C(F)(F)F)CC3)c(C#N)c2c1)N1CCC(C(=O)C(O)C2CCN(C(C)c3ccc4ccc(OC5CCC(C(F)(F)F)CC5)c(C#N)c4c3)CC2)CC1,CC(c1ccc2ccc(OC3CCC(C(F)(F)F)CC3)c(C#N)c2c1)N1CCC(C=O)CC1,/gpfs/scratch1/shared/schen3/benzoin-dg-restored/data/cross_benzoin/bde_homo_product_featurize_20260902/chunk_0684/geom.tar.zst,xyz/p000032.xyz,/gpfs/scratch1/shared/schen3/benzoin-dg-restored/data/cross_benzoin/bde_homo_product_featurize_20260902/chunk_0684/geom.tar.zst,ald_xyz/a000005.xyz,0.8225477403709931,0.3969667305709947,0,0,,test
193665,193665,N#Cc1ccc(C(=O)Cl)c(F)c1C(=O)C(O)c1c(C#N)ccc(C(=O)Cl)c1F,N#Cc1ccc(C(=O)Cl)c(F)c1C=O,/gpfs/scratch1/shared/schen3/benzoin-dg-restored/data/cross_benzoin/bde_homo_product_featurize_20260902/chunk_1936/geom.tar.zst,xyz/p000065.xyz,/gpfs/scratch1/shared/schen3/benzoin-dg-restored/data/cross_benzoin/bde_homo_product_featurize_20260902/chunk_1936/geom.tar.zst,ald_xyz/a000078.xyz,0.101282119406008,0.0331741091730037,0,0,,train
187350,187350,O=C(c1cnc(-c2ccc(C(F)(F)F)cc2Cl)[nH]1)C(O)c1cnc(-c2ccc(C(F)(F)F)cc2Cl)[nH]1,O=Cc1cnc(-c2ccc(C(F)(F)F)cc2Cl)[nH]1,/gpfs/scratch1/shared/schen3/benzoin-dg-restored/data/cross_benzoin/bde_homo_product_featurize_20260902/chunk_1873/geom.tar.zst,xyz/p000050.xyz,/gpfs/scratch1/shared/schen3/benzoin-dg-restored/data/cross_benzoin/bde_homo_product_featurize_20260902/chunk_1873/geom.tar.zst,ald_xyz/a000064.xyz,0.1923887353709972,0.0819771041640038,0,0,,train
51200,51200,O=C(C(O)C(F)(F)C(F)=C(F)F)C(F)(F)C(F)=C(F)F,O=CC(F)(F)C(F)=C(F)F,/gpfs/scratch1/shared/schen3/benzoin-dg-restored/data/cross_benzoin/bde_homo_product_featurize_20260902/chunk_0512/geom.tar.zst,xyz/p000000.xyz,/gpfs/scratch1/shared/schen3/benzoin-dg-restored/data/cross_benzoin/bde_homo_product_featurize_20260902/chunk_0512/geom.tar.zst,ald_xyz/a000063.xyz,0.0328969064880055,0.0032749413670032,0,0,-9.349897876529369,train
11480,11480,O=C(c1nc(Cl)c(Cl)s1)C(O)c1nc(Cl)c(Cl)s1,O=Cc1nc(Cl)c(Cl)s1,/gpfs/scratch1/shared/schen3/benzoin-dg-restored/data/cross_benzoin/bde_homo_product_featurize_20260902/chunk_0114/geom.tar.zst,xyz/p000080.xyz,/gpfs/scratch1/shared/schen3/benzoin-dg-restored/data/cross_benzoin/bde_homo_product_featurize_20260902/chunk_0114/geom.tar.zst,ald_xyz/a000098.xyz,0.0123285989430002,-0.0067091642020002,0,0,,train
130908,130908,CN(Cc1ccccc1)c1ccc(F)cc1C(=O)C(O)c1cc(F)ccc1N(C)Cc1ccccc1,CN(Cc1ccccc1)c1ccc(F)cc1C=O,/gpfs/scratch1/shared/schen3/benzoin-dg-restored/data/cross_benzoin/bde_homo_product_featurize_20260902/chunk_1309/geom.tar.zst,xyz/p000008.xyz,/gpfs/scratch1/shared/schen3/benzoin-dg-restored/data/cross_benzoin/bde_homo_product_featurize_20260902/chunk_1309/geom.tar.zst,ald_xyz/a000044.xyz,0.3928647322480003,0.1053574993339978,0,0,,train
14122,14122,O=C(C(O)C(F)(N(F)F)N(F)F)C(F)(N(F)F)N(F)F,O=CC(F)(N(F)F)N(F)F,/gpfs/scratch1/shared/schen3/benzoin-dg-restored/data/cross_benzoin/bde_homo_product_featurize_20260902/chunk_0141/geom.tar.zst,xyz/p000022.xyz,/gpfs/scratch1/shared/schen3/benzoin-dg-restored/data/cross_benzoin/bde_homo_product_featurize_20260902/chunk_0141/geom.tar.zst,ald_xyz/a000078.xyz,0.0229894191409982,-0.0028106719179987,0,0,,train
213689,213689,O=C(c1cc(Br)c(-c2ccc(O)cc2)c(Br)c1)C(O)c1cc(Br)c(-c2ccc(O)cc2)c(Br)c1,O=Cc1cc(Br)c(-c2ccc(O)cc2)c(Br)c1,/gpfs/scratch1/shared/schen3/benzoin-dg-restored/data/cross_benzoin/bde_homo_product_featurize_20260902/chunk_2136/geom.tar.zst,xyz/p000089.xyz,/gpfs/scratch1/shared/schen3/benzoin-dg-restored/data/cross_benzoin/bde_homo_product_featurize_20260902/chunk_2136/geom.tar.zst,ald_xyz/a000089.xyz,0.2113064824570045,-0.4108510739820019,0,0,,train
29180,29180,O=C(c1sc(Cl)c(Cl)c1Cl)C(O)c1sc(Cl)c(Cl)c1Cl,O=Cc1sc(Cl)c(Cl)c1Cl,/gpfs/scratch1/shared/schen3/benzoin-dg-restored/data/cross_benzoin/bde_homo_product_featurize_20260902/chunk_0291/geom.tar.zst,xyz/p000080.xyz,/gpfs/scratch1/shared/schen3/benzoin-dg-restored/data/cross_benzoin/bde_homo_product_featurize_20260902/chunk_0291/geom.tar.zst,ald_xyz/a000099.xyz,0.0070730022240041,-0.0074774344700045,0,0,,train
117759,117759,O=C(C[Se])C(O)C[Se],O=CC[Se],/gpfs/scratch1/shared/schen3/benzoin-dg-restored/data/cross_benzoin/bde_homo_product_featurize_20260902/chunk_1177/geom.tar.zst,xyz/p000059.xyz,/gpfs/scratch1/shared/schen3/benzoin-dg-restored/data/cross_benzoin/bde_homo_product_featurize_20260902/chunk_1177/geom.tar.zst,ald_xyz/a000078.xyz,0.0354975059660027,0.0064307033980011,0,0,,train
107578,107578,O=C(Nc1ccc(Nc2nc(Nc3ccc(C(=O)C(O)c4ccc(Nc5ncc(F)c(Nc6ccc(NC(=O)c7ccccc7F)cc6)n5)cc4)cc3)ncc2F)cc1)c1ccccc1F,O=Cc1ccc(Nc2ncc(F)c(Nc3ccc(NC(=O)c4ccccc4F)cc3)n2)cc1,/gpfs/scratch1/shared/schen3/benzoin-dg-restored/data/cross_benzoin/bde_homo_product_featurize_20260902/chunk_1075/geom.tar.zst,xyz/p000078.xyz,/gpfs/scratch1/shared/schen3/benzoin-dg-restored/data/cross_benzoin/bde_homo_product_featurize_20260902/chunk_1075/geom.tar.zst,ald_xyz/a000084.xyz,0.5355889464529753,0.2520555729639966,0,0,,train
112621,112621,COCC(C[Si](c1ccccc1)(c1ccccc1)C(C)(C)C)C(=O)C(O)C(COC)C[Si](c1ccccc1)(c1ccccc1)C(C)(C)C,COCC(C=O)C[Si](c1ccccc1)(c1ccccc1)C(C)(C)C,/gpfs/scratch1/shared/schen3/benzoin-dg-restored/data/cross_benzoin/bde_homo_product_featurize_20260902/chunk_1126/geom.tar.zst,xyz/p000021.xyz,/gpfs/scratch1/shared/schen3/benzoin-dg-restored/data/cross_benzoin/bde_homo_product_featurize_20260902/chunk_1126/geom.tar.zst,ald_xyz/a000062.xyz,0.732352982375005,0.3510174378760098,0,0,,train
22043,22043,O=C(O)Cc1ccc(C(=O)C(O)c2ccc(CC(=O)O)o2)o1,O=Cc1ccc(CC(=O)O)o1,/gpfs/scratch1/shared/schen3/benzoin-dg-restored/data/cross_benzoin/bde_homo_product_featurize_20260902/chunk_0220/geom.tar.zst,xyz/p000043.xyz,/gpfs/scratch1/shared/schen3/benzoin-dg-restored/data/cross_benzoin/bde_homo_product_featurize_20260902/chunk_0220/geom.tar.zst,ald_xyz/a000096.xyz,0.148536016359003,0.052800101046003,0,0,,train
94739,94739,O=C(c1cc2c(Br)cccn2c1SC(F)(F)F)C(O)c1cc2c(Br)cccn2c1SC(F)(F)F,O=Cc1cc2c(Br)cccn2c1SC(F)(F)F,/gpfs/scratch1/shared/schen3/benzoin-dg-restored/data/cross_benzoin/bde_homo_product_featurize_20260902/chunk_0947/geom.tar.zst,xyz/p000039.xyz,/gpfs/scratch1/shared/schen3/benzoin-dg-restored/data/cross_benzoin/bde_homo_product_featurize_20260902/chunk_0947/geom.tar.zst,ald_xyz/a000085.xyz,0.1513627933349965,0.0595981062789974,0,0,,train
150829,150829,O=C(C1CCCN(c2nccn3nc(C(F)(F)F)cc23)C1)C(O)C1CCCN(c2nccn3nc(C(F)(F)F)cc23)C1,O=CC1CCCN(c2nccn3nc(C(F)(F)F)cc23)C1,/gpfs/scratch1/shared/schen3/benzoin-dg-restored/data/cross_benzoin/bde_homo_product_featurize_20260902/chunk_1508/geom.tar.zst,xyz/p000029.xyz,/gpfs/scratch1/shared/schen3/benzoin-dg-restored/data/cross_benzoin/bde_homo_product_featurize_20260902/chunk_1508/geom.tar.zst,ald_xyz/a000068.xyz,0.3858206383060008,0.1771234962439933,0,0,,train
97506,97506,COc1ccc(C2Cc3cc(C(F)(F)F)ccc3NC(C(=O)C(O)C3Nc4ccc(C(F)(F)F)cc4CC(c4ccc(OC)cc4)C3C)C2C)cc1,COc1ccc(C2Cc3cc(C(F)(F)F)ccc3NC(C=O)C2C)cc1,/gpfs/scratch1/shared/schen3/benzoin-dg-restored/data/cross_benzoin/bde_homo_product_featurize_20260902/chunk_0975/geom.tar.zst,xyz/p000006.xyz,/gpfs/scratch1/shared/schen3/benzoin-dg-restored/data/cross_benzoin/bde_homo_product_featurize_20260902/chunk_0975/geom.tar.zst,ald_xyz/a000055.xyz,0.5719313680139919,0.2692576898479899,0,0,5.692368507588198,test
85807,85807,O=C(c1cnc2cc(Br)c(F)cc2c1)C(O)c1cnc2cc(Br)c(F)cc2c1,O=Cc1cnc2cc(Br)c(F)cc2c1,/gpfs/scratch1/shared/schen3/benzoin-dg-restored/data/cross_benzoin/bde_homo_product_featurize_20260902/chunk_0858/geom.tar.zst,xyz/p000007.xyz,/gpfs/scratch1/shared/schen3/benzoin-dg-restored/data/cross_benzoin/bde_homo_product_featurize_20260902/chunk_0858/geom.tar.zst,ald_xyz/a000098.xyz,0.1472701933920035,0.059791357748999,0,0,,train
133747,133747,CCCN(CC1CC1)c1ccc(C(=O)C(O)c2ccc(N(CCC)CC3CC3)c(F)c2)cc1F,CCCN(CC1CC1)c1ccc(C=O)cc1F,/gpfs/scratch1/shared/schen3/benzoin-dg-restored/data/cross_benzoin/bde_homo_product_featurize_20260902/chunk_1337/geom.tar.zst,xyz/p000047.xyz,/gpfs/scratch1/shared/schen3/benzoin-dg-restored/data/cross_benzoin/bde_homo_product_featurize_20260902/chunk_1337/geom.tar.zst,ald_xyz/a000020.xyz,0.4654487193409977,0.2179022089259987,0,0,,train
21114,21114,COc1c(C)c(OC)c([N+](=O)[O-])c(C(=O)C(O)c2c(OC)c(OC)c(C)c(OC)c2[N+](=O)[O-])c1OC,COc1c(C)c(OC)c([N+](=O)[O-])c(C=O)c1OC,/gpfs/scratch1/shared/schen3/benzoin-dg-restored/data/cross_benzoin/bde_homo_product_featurize_20260902/chunk_0211/geom.tar.zst,xyz/p000014.xyz,/gpfs/scratch1/shared/schen3/benzoin-dg-restored/data/cross_benzoin/bde_homo_product_featurize_20260902/chunk_0211/geom.tar.zst,ald_xyz/a000052.xyz,0.341942516799989,0.1507728146349976,0,0,,train
37551,37551,O=C(c1ccc(-c2nc3cc(Sc4ccccc4)ccc3o2)c(F)c1)C(O)c1ccc(-c2nc3cc(Sc4ccccc4)ccc3o2)c(F)c1,O=Cc1ccc(-c2nc3cc(Sc4ccccc4)ccc3o2)c(F)c1,/gpfs/scratch1/shared/schen3/benzoin-dg-restored/data/cross_benzoin/bde_homo_product_featurize_20260902/chunk_0375/geom.tar.zst,xyz/p000051.xyz,/gpfs/scratch1/shared/schen3/benzoin-dg-restored/data/cross_benzoin/bde_homo_product_featurize_20260902/chunk_0375/geom.tar.zst,ald_xyz/a000075.xyz,0.3834318490490034,32.553461818043004,0,0,4.8701034279700215,test
34733,34733,O=C(c1ccccc1C(F)Cl)C(O)c1ccccc1C(F)Cl,O=Cc1ccccc1C(F)Cl,/gpfs/scratch1/shared/schen3/benzoin-dg-restored/data/cross_benzoin/bde_homo_product_featurize_20260902/chunk_0347/geom.tar.zst,xyz/p000033.xyz,/gpfs/scratch1/shared/schen3/benzoin-dg-restored/data/cross_benzoin/bde_homo_product_featurize_20260902/chunk_0347/geom.tar.zst,ald_xyz/a000092.xyz,0.1577542272719938,0.0633967894209988,0,0,,train
115336,115336,CC1(C#N)OOC(c2ccccc2CC(=O)C(O)Cc2ccccc2C2OOC(C)(C#N)O2)O1,CC1(C#N)OOC(c2ccccc2CC=O)O1,/gpfs/scratch1/shared/schen3/benzoin-dg-restored/data/cross_benzoin/bde_homo_product_featurize_20260902/chunk_1153/geom.tar.zst,xyz/p000036.xyz,/gpfs/scratch1/shared/schen3/benzoin-dg-restored/data/cross_benzoin/bde_homo_product_featurize_20260902/chunk_1153/geom.tar.zst,ald_xyz/a000030.xyz,0.3020412928909906,0.134251716272999,0,0,,train
88672,88672,CC(CCCC(=O)C(O)CCCC(C)C(F)(F)F)C(F)(F)F,C[C@H](CCCC=O)C(F)(F)F,/gpfs/scratch1/shared/schen3/benzoin-dg-restored/data/cross_benzoin/bde_homo_product_featurize_20260902/chunk_0886/geom.tar.zst,xyz/p000072.xyz,/gpfs/scratch1/shared/schen3/benzoin-dg-restored/data/cross_benzoin/bde_homo_product_featurize_20260902/chunk_0886/geom.tar.zst,ald_xyz/a000052.xyz,0.2594471688170046,0.1151604408800039,0,0,-1.5428355165244914,test
80367,80367,CC(C)(C)[Si](Oc1cc(F)c(C(=O)C(O)c2c(F)cc(O[Si](c3ccccc3)(c3ccccc3)C(C)(C)C)cc2F)c(F)c1)(c1ccccc1)c1ccccc1,CC(C)(C)[Si](Oc1cc(F)c(C=O)c(F)c1)(c1ccccc1)c1ccccc1,/gpfs/scratch1/shared/schen3/benzoin-dg-restored/data/cross_benzoin/bde_homo_product_featurize_20260902/chunk_0803/geom.tar.zst,xyz/p000067.xyz,/gpfs/scratch1/shared/schen3/benzoin-dg-restored/data/cross_benzoin/bde_homo_product_featurize_20260902/chunk_0803/geom.tar.zst,ald_xyz/a000005.xyz,0.6289879237899925,0.2935118515730011,0,0,,train
133135,133135,COc1cc(-c2noc(COc3ccc4ccccc4c3C(=O)C(O)c3c(OCc4nc(-c5ccc(OC(F)F)c(OC)c5)no4)ccc4ccccc34)n2)ccc1OC(F)F,COc1cc(-c2noc(COc3ccc4ccccc4c3C=O)n2)ccc1OC(F)F,/gpfs/scratch1/shared/schen3/benzoin-dg-restored/data/cross_benzoin/bde_homo_product_featurize_20260902/chunk_1331/geom.tar.zst,xyz/p000035.xyz,/gpfs/scratch1/shared/schen3/benzoin-dg-restored/data/cross_benzoin/bde_homo_product_featurize_20260902/chunk_1331/geom.tar.zst,ald_xyz/a000042.xyz,0.522334559178006,0.2343549504679885,0,0,,test
209415,209415,CCOC(=O)C(Cc1ccc(OC)nc1)C(=O)C(O)C(Cc1ccc(OC)nc1)C(=O)OCC,CCOC(=O)C(C=O)Cc1ccc(OC)nc1,/gpfs/scratch1/shared/schen3/benzoin-dg-restored/data/cross_benzoin/bde_homo_product_featurize_20260902/chunk_2094/geom.tar.zst,xyz/p000015.xyz,/gpfs/scratch1/shared/schen3/benzoin-dg-restored/data/cross_benzoin/bde_homo_product_featurize_20260902/chunk_2094/geom.tar.zst,ald_xyz/a000037.xyz,0.386125189526993,19.301052332586,0,0,,train
124981,124981,O=C1c2ccccc2OCC1Oc1ccccc1C(=O)C(O)c1ccccc1OC1COc2ccccc2C1=O,O=Cc1ccccc1OC1COc2ccccc2C1=O,/gpfs/scratch1/shared/schen3/benzoin-dg-restored/data/cross_benzoin/bde_homo_product_featurize_20260902/chunk_1249/geom.tar.zst,xyz/p000081.xyz,/gpfs/scratch1/shared/schen3/benzoin-dg-restored/data/cross_benzoin/bde_homo_product_featurize_20260902/chunk_1249/geom.tar.zst,ald_xyz/a000099.xyz,0.3657362973240055,0.1629055872160023,0,0,,test
60271,60271,Cc1c(C(=O)C(O)c2ccc(F)c(C3=CC(C)(C)CCC3)c2C)ccc(F)c1C1=CC(C)(C)CCC1,Cc1c(C=O)ccc(F)c1C1=CC(C)(C)CCC1,/gpfs/scratch1/shared/schen3/benzoin-dg-restored/data/cross_benzoin/bde_homo_product_featurize_20260902/chunk_0602/geom.tar.zst,xyz/p000071.xyz,/gpfs/scratch1/shared/schen3/benzoin-dg-restored/data/cross_benzoin/bde_homo_product_featurize_20260902/chunk_0602/geom.tar.zst,ald_xyz/a000064.xyz,0.5079127651169983,-4.079132170887995,0,0,,train
55081,55081,O=C(CCc1ccc(F)cc1Nc1ccccc1F)C(O)CCc1ccc(F)cc1Nc1ccccc1F,O=CCCc1ccc(F)cc1Nc1ccccc1F,/gpfs/scratch1/shared/schen3/benzoin-dg-restored/data/cross_benzoin/bde_homo_product_featurize_20260902/chunk_0550/geom.tar.zst,xyz/p000081.xyz,/gpfs/scratch1/shared/schen3/benzoin-dg-restored/data/cross_benzoin/bde_homo_product_featurize_20260902/chunk_0550/geom.tar.zst,ald_xyz/a000080.xyz,0.3714828817829954,0.1704509111860019,0,0,,train
150942,150942,COc1ccc(Oc2cc(F)cc(C(=O)C(O)c3cc(F)cc(Oc4ccc(OC)cc4[N+](=O)[O-])c3)c2)c([N+](=O)[O-])c1,COc1ccc(Oc2cc(F)cc(C=O)c2)c([N+](=O)[O-])c1,/gpfs/scratch1/shared/schen3/benzoin-dg-restored/data/cross_benzoin/bde_homo_product_featurize_20260902/chunk_1509/geom.tar.zst,xyz/p000042.xyz,/gpfs/scratch1/shared/schen3/benzoin-dg-restored/data/cross_benzoin/bde_homo_product_featurize_20260902/chunk_1509/geom.tar.zst,ald_xyz/a000014.xyz,0.2927639606780019,0.1326315405699958,0,0,,train
23670,23670,CCC(C(=O)S)C(=O)C(O)C(CC)C(=O)S,CCC(C=O)C(=O)S,/gpfs/scratch1/shared/schen3/benzoin-dg-restored/data/cross_benzoin/bde_homo_product_featurize_20260902/chunk_0236/geom.tar.zst,xyz/p000070.xyz,/gpfs/scratch1/shared/schen3/benzoin-dg-restored/data/cross_benzoin/bde_homo_product_featurize_20260902/chunk_0236/geom.tar.zst,ald_xyz/a000021.xyz,0.1649151581709986,0.0662985706839975,0,0,-1.3721763067149593,validation
117643,117643,CCOc1cc(C(=O)C(O)c2ccc(C(=O)OC34CC5CC(CC(C5)C3)C4)c(OCC)c2)ccc1C(=O)OC12CC3CC(CC(C3)C1)C2,CCOc1cc(C=O)ccc1C(=O)OC12CC3CC(CC(C3)C1)C2,/gpfs/scratch1/shared/schen3/benzoin-dg-restored/data/cross_benzoin/bde_homo_product_featurize_20260902/chunk_1176/geom.tar.zst,xyz/p000043.xyz,/gpfs/scratch1/shared/schen3/benzoin-dg-restored/data/cross_benzoin/bde_homo_product_featurize_20260902/chunk_1176/geom.tar.zst,ald_xyz/a000031.xyz,0.6680446708400041,0.3187226226829978,0,0,,validation
215552,215552,Cc1ccc(-c2cc(N(CCO)CCO)ccc2N)c(C(=O)C(O)c2cc(C)ccc2-c2cc(N(CCO)CCO)ccc2N)c1,Cc1ccc(-c2cc(N(CCO)CCO)ccc2N)c(C=O)c1,/gpfs/scratch1/shared/schen3/benzoin-dg-restored/data/cross_benzoin/bde_homo_product_featurize_20260902/chunk_2155/geom.tar.zst,xyz/p000052.xyz,/gpfs/scratch1/shared/schen3/benzoin-dg-restored/data/cross_benzoin/bde_homo_product_featurize_20260902/chunk_2155/geom.tar.zst,ald_xyz/a000066.xyz,0.5794311550149871,0.2730323485769901,0,0,,train
53851,53851,O=C(c1ccc(F)c(OCc2ccc(F)cc2)c1)C(O)c1ccc(F)c(OCc2ccc(F)cc2)c1,O=Cc1ccc(F)c(OCc2ccc(F)cc2)c1,/gpfs/scratch1/shared/schen3/benzoin-dg-restored/data/cross_benzoin/bde_homo_product_featurize_20260902/chunk_0538/geom.tar.zst,xyz/p000051.xyz,/gpfs/scratch1/shared/schen3/benzoin-dg-restored/data/cross_benzoin/bde_homo_product_featurize_20260902/chunk_0538/geom.tar.zst,ald_xyz/a000093.xyz,0.3030773387459931,0.1319761286030001,0,0,,train
5750,5750,CN(CC(=O)C(O)CN(C)C(=O)OC(C)(C)C)C(=O)OC(C)(C)C,CN(CC=O)C(=O)OC(C)(C)C,/gpfs/scratch1/shared/schen3/benzoin-dg-restored/data/cross_benzoin/bde_homo_product_featurize_20260902/chunk_0057/geom.tar.zst,xyz/p000050.xyz,/gpfs/scratch1/shared/schen3/benzoin-dg-restored/data/cross_benzoin/bde_homo_product_featurize_20260902/chunk_0057/geom.tar.zst,ald_xyz/a000024.xyz,0.3590763279969877,0.1593792004280061,0,0,1.7130411176875229,test
204568,204568,O=C(O)CCCOc1ccc(C(=O)C(O)c2ccc(OCCCC(=O)O)cc2)cc1,O=Cc1ccc(OCCCC(=O)O)cc1,/gpfs/scratch1/shared/schen3/benzoin-dg-restored/data/cross_benzoin/bde_homo_product_featurize_20260902/chunk_2045/geom.tar.zst,xyz/p000068.xyz,/gpfs/scratch1/shared/schen3/benzoin-dg-restored/data/cross_benzoin/bde_homo_product_featurize_20260902/chunk_2045/geom.tar.zst,ald_xyz/a000088.xyz,0.2955640596439934,0.1330099392829993,0,0,,train
67344,67344,Nc1c(F)cc(C(=O)C(O)c2cc(F)c(N)c(Cl)c2)cc1Cl,Nc1c(F)cc(C=O)cc1Cl,/gpfs/scratch1/shared/schen3/benzoin-dg-restored/data/cross_benzoin/bde_homo_product_featurize_20260902/chunk_0673/geom.tar.zst,xyz/p000044.xyz,/gpfs/scratch1/shared/schen3/benzoin-dg-restored/data/cross_benzoin/bde_homo_product_featurize_20260902/chunk_0673/geom.tar.zst,ald_xyz/a000044.xyz,0.1226560640860014,0.0460229610869973,0,0,,train
62066,62066,CC(C)(C)C(=O)n1nc(-c2cn(CC(=O)C(O)Cn3cc(-c4cc(NCc5ccc(Cl)s5)n(C(=O)C(C)(C)C)n4)c(F)cc3=O)c(=O)cc2F)cc1NCc1ccc(Cl)s1,CC(C)(C)C(=O)n1nc(-c2cn(CC=O)c(=O)cc2F)cc1NCc1ccc(Cl)s1,/gpfs/scratch1/shared/schen3/benzoin-dg-restored/data/cross_benzoin/bde_homo_product_featurize_20260902/chunk_0620/geom.tar.zst,xyz/p000066.xyz,/gpfs/scratch1/shared/schen3/benzoin-dg-restored/data/cross_benzoin/bde_homo_product_featurize_20260902/chunk_0620/geom.tar.zst,ald_xyz/a000010.xyz,0.5825069832310135,0.2828870730170081,0,0,,test
54399,54399,COc1cc(P2(=O)Oc3ccccc3-c3ccccc32)c(C(=O)C(O)c2cc(C=Cc3ccc(F)cc3)c(OC)cc2P2(=O)Oc3ccccc3-c3ccccc32)cc1C=Cc1ccc(F)cc1,COc1cc(P2(=O)Oc3ccccc3-c3ccccc32)c(C=O)cc1/C=C/c1ccc(F)cc1,/gpfs/scratch1/shared/schen3/benzoin-dg-restored/data/cross_benzoin/bde_homo_product_featurize_20260902/chunk_0543/geom.tar.zst,xyz/p000099.xyz,/gpfs/scratch1/shared/schen3/benzoin-dg-restored/data/cross_benzoin/bde_homo_product_featurize_20260902/chunk_0543/geom.tar.zst,ald_xyz/a000048.xyz,0.6226575041050069,0.2867396746460002,0,0,,validation
203321,203321,COc1cc2ccccc2c(C(=O)C(O)c2c(-c3ccc4ccccc4c3C)c(OC)cc3ccccc23)c1-c1ccc2ccccc2c1C,COc1cc2ccccc2c(C=O)c1-c1ccc2ccccc2c1C,/gpfs/scratch1/shared/schen3/benzoin-dg-restored/data/cross_benzoin/bde_homo_product_featurize_20260902/chunk_2033/geom.tar.zst,xyz/p000021.xyz,/gpfs/scratch1/shared/schen3/benzoin-dg-restored/data/cross_benzoin/bde_homo_product_featurize_20260902/chunk_2033/geom.tar.zst,ald_xyz/a000057.xyz,0.5560142565429942,0.2784649269599981,0,0,,train
192132,192132,O=C(c1ccc(OC(F)F)c(F)c1Cl)C(O)c1ccc(OC(F)F)c(F)c1Cl,O=Cc1ccc(OC(F)F)c(F)c1Cl,/gpfs/scratch1/shared/schen3/benzoin-dg-restored/data/cross_benzoin/bde_homo_product_featurize_20260902/chunk_1921/geom.tar.zst,xyz/p000032.xyz,/gpfs/scratch1/shared/schen3/benzoin-dg-restored/data/cross_benzoin/bde_homo_product_featurize_20260902/chunk_1921/geom.tar.zst,ald_xyz/a000099.xyz,0.1196970326840016,0.0453151676760015,0,0,,train
90650,90650,CC(C)(C)OC(=O)N1CCC(O)CC1c1nc2c(F)c3c(c(F)c2[nH]1)CC(C(=O)C(O)C1Cc2c(c(F)c4[nH]c(C5CC(O)CCN5C(=O)OC(C)(C)C)nc4c2F)C1)C3,CC(C)(C)OC(=O)N1CCC(O)C[C@H]1c1nc2c(F)c3c(c(F)c2[nH]1)CC(C=O)C3,/gpfs/scratch1/shared/schen3/benzoin-dg-restored/data/cross_benzoin/bde_homo_product_featurize_20260902/chunk_0906/geom.tar.zst,xyz/p000050.xyz,/gpfs/scratch1/shared/schen3/benzoin-dg-restored/data/cross_benzoin/bde_homo_product_featurize_20260902/chunk_0906/geom.tar.zst,ald_xyz/a000011.xyz,0.6992879527149967,0.3365201438810032,0,0,,test
111566,111566,CSC1=NC(=C(C)c2[nH]c(C(=O)C(O)c3[nH]c(C(C)=C4CC(C)(C)C(SC)=N4)c(C)c3C)c(C)c2C)CC1(C)C,CSC1=N/C(=C(/C)c2[nH]c(C=O)c(C)c2C)CC1(C)C,/gpfs/scratch1/shared/schen3/benzoin-dg-restored/data/cross_benzoin/bde_homo_product_featurize_20260902/chunk_1115/geom.tar.zst,xyz/p000066.xyz,/gpfs/scratch1/shared/schen3/benzoin-dg-restored/data/cross_benzoin/bde_homo_product_featurize_20260902/chunk_1115/geom.tar.zst,ald_xyz/a000075.xyz,0.5722578050930025,0.2668601055239961,0,0,,train
92930,92930,COCC(Br)(C(=O)C(O)C(Br)(COC)c1ccccc1OC(F)(F)F)c1ccccc1OC(F)(F)F,COCC(Br)(C=O)c1ccccc1OC(F)(F)F,/gpfs/scratch1/shared/schen3/benzoin-dg-restored/data/cross_benzoin/bde_homo_product_featurize_20260902/chunk_0929/geom.tar.zst,xyz/p000030.xyz,/gpfs/scratch1/shared/schen3/benzoin-dg-restored/data/cross_benzoin/bde_homo_product_featurize_20260902/chunk_0929/geom.tar.zst,ald_xyz/a000049.xyz,0.2783600921270022,0.1182477362639957,0,0,,train
43999,43999,O=C(Cc1ccccc1-c1ccccc1F)C(O)Cc1ccccc1-c1ccccc1F,O=CCc1ccccc1-c1ccccc1F,/gpfs/scratch1/shared/schen3/benzoin-dg-restored/data/cross_benzoin/bde_homo_product_featurize_20260902/chunk_0439/geom.tar.zst,xyz/p000099.xyz,/gpfs/scratch1/shared/schen3/benzoin-dg-restored/data/cross_benzoin/bde_homo_product_featurize_20260902/chunk_0439/geom.tar.zst,ald_xyz/a000077.xyz,0.3209541731299907,0.1415072653920006,0,0,,train
171352,171352,CC(CF)c1ccc(C(=O)C(O)c2ccc(C(C)CF)s2)s1,C[C@@H](CF)c1ccc(C=O)s1,/gpfs/scratch1/shared/schen3/benzoin-dg-restored/data/cross_benzoin/bde_homo_product_featurize_20260902/chunk_1713/geom.tar.zst,xyz/p000052.xyz,/gpfs/scratch1/shared/schen3/benzoin-dg-restored/data/cross_benzoin/bde_homo_product_featurize_20260902/chunk_1713/geom.tar.zst,ald_xyz/a000026.xyz,0.2143155044419984,0.0922881379390005,0,0,,train
208669,208669,O=C(c1cccnc1Nc1cccc([N+](=O)[O-])c1)C(O)c1cccnc1Nc1cccc([N+](=O)[O-])c1,O=Cc1cccnc1Nc1cccc([N+](=O)[O-])c1,/gpfs/scratch1/shared/schen3/benzoin-dg-restored/data/cross_benzoin/bde_homo_product_featurize_20260902/chunk_2086/geom.tar.zst,xyz/p000069.xyz,/gpfs/scratch1/shared/schen3/benzoin-dg-restored/data/cross_benzoin/bde_homo_product_featurize_20260902/chunk_2086/geom.tar.zst,ald_xyz/a000098.xyz,0.261348845878004,0.116923956313002,0,0,,train
142520,142520,CCCc1c(C(=O)C(O)c2nnn(-c3ccc(F)c(Cl)c3)c2CCC)nnn1-c1ccc(F)c(Cl)c1,CCCc1c(C=O)nnn1-c1ccc(F)c(Cl)c1,/gpfs/scratch1/shared/schen3/benzoin-dg-restored/data/cross_benzoin/bde_homo_product_featurize_20260902/chunk_1425/geom.tar.zst,xyz/p000020.xyz,/gpfs/scratch1/shared/schen3/benzoin-dg-restored/data/cross_benzoin/bde_homo_product_featurize_20260902/chunk_1425/geom.tar.zst,ald_xyz/a000014.xyz,0.3074072445970017,0.1395643464960017,0,0,,train
49770,49770,O=C(NC(Cc1ccc(F)cc1)C(=O)C(Cl)C(=O)C(O)C(Cl)C(=O)C(Cc1ccc(F)cc1)NC(=O)C1CCCCC1)C1CCCCC1,O=CC(Cl)C(=O)[C@H](Cc1ccc(F)cc1)NC(=O)C1CCCCC1,/gpfs/scratch1/shared/schen3/benzoin-dg-restored/data/cross_benzoin/bde_homo_product_featurize_20260902/chunk_0497/geom.tar.zst,xyz/p000070.xyz,/gpfs/scratch1/shared/schen3/benzoin-dg-restored/data/cross_benzoin/bde_homo_product_featurize_20260902/chunk_0497/geom.tar.zst,ald_xyz/a000066.xyz,0.5672929151830033,18.251416546153,0,0,,test
76049,76049,C=CC=C(COc1ccc(C(=O)C(O)c2ccc(OCC(=CC=C)N=C)cc2F)c(F)c1)N=C,C=C/C=C(/COc1ccc(C=O)c(F)c1)N=C,/gpfs/scratch1/shared/schen3/benzoin-dg-restored/data/cross_benzoin/bde_homo_product_featurize_20260902/chunk_0760/geom.tar.zst,xyz/p000049.xyz,/gpfs/scratch1/shared/schen3/benzoin-dg-restored/data/cross_benzoin/bde_homo_product_featurize_20260902/chunk_0760/geom.tar.zst,ald_xyz/a000007.xyz,0.3187606640990026,0.1447099284199993,0,0,,train
110393,110393,CCC=CCC=CCCOc1ccc(C(=O)C(O)c2ccc(OCCC=CCC=CCC)c(OCC)c2)cc1OCC,CC/C=C\C/C=C\CCOc1ccc(C=O)cc1OCC,/gpfs/scratch1/shared/schen3/benzoin-dg-restored/data/cross_benzoin/bde_homo_product_featurize_20260902/chunk_1103/geom.tar.zst,xyz/p000093.xyz,/gpfs/scratch1/shared/schen3/benzoin-dg-restored/data/cross_benzoin/bde_homo_product_featurize_20260902/chunk_1103/geom.tar.zst,ald_xyz/a000030.xyz,0.6043812969799944,0.2898281585120017,0,0,,train
38747,38747,O=C(c1ccc(-c2cccc(C(F)(F)F)c2)nc1Oc1ccccc1Cl)C(O)c1ccc(-c2cccc(C(F)(F)F)c2)nc1Oc1ccccc1Cl,O=Cc1ccc(-c2cccc(C(F)(F)F)c2)nc1Oc1ccccc1Cl,/gpfs/scratch1/shared/schen3/benzoin-dg-restored/data/cross_benzoin/bde_homo_product_featurize_20260902/chunk_0387/geom.tar.zst,xyz/p000047.xyz,/gpfs/scratch1/shared/schen3/benzoin-dg-restored/data/cross_benzoin/bde_homo_product_featurize_20260902/chunk_0387/geom.tar.zst,ald_xyz/a000082.xyz,0.3640784489280122,0.1630230541659898,0,0,,train
92411,92411,C=CCOC1(C(=O)O)C=C(n2c(=O)cc(C(F)F)n(N)c2=O)C(F)=C(C(C)C(=O)C(O)C(C)C2=C(F)C(n3c(=O)cc(C(F)F)n(N)c3=O)=CC(OCC=C)(C(=O)O)C2(C)Cl)C1(C)Cl,C=CCOC1(C(=O)O)C=C(n2c(=O)cc(C(F)F)n(N)c2=O)C(F)=C(C(C)C=O)C1(C)Cl,/gpfs/scratch1/shared/schen3/benzoin-dg-restored/data/cross_benzoin/bde_homo_product_featurize_20260902/chunk_0924/geom.tar.zst,xyz/p000011.xyz,/gpfs/scratch1/shared/schen3/benzoin-dg-restored/data/cross_benzoin/bde_homo_product_featurize_20260902/chunk_0924/geom.tar.zst,ald_xyz/a000005.xyz,0.5234004486810022,0.2407973529060001,0,0,,train
134972,134972,CCCC(C)(CN(C)C(C)c1ccccc1F)C(=O)C(O)C(C)(CCC)CN(C)C(C)c1ccccc1F,CCCC(C)(C=O)CN(C)C(C)c1ccccc1F,/gpfs/scratch1/shared/schen3/benzoin-dg-restored/data/cross_benzoin/bde_homo_product_featurize_20260902/chunk_1349/geom.tar.zst,xyz/p000072.xyz,/gpfs/scratch1/shared/schen3/benzoin-dg-restored/data/cross_benzoin/bde_homo_product_featurize_20260902/chunk_1349/geom.tar.zst,ald_xyz/a000017.xyz,0.6241098096819968,0.2921488365680034,0,0,,train
364,364,O=C(c1c[nH]c(=O)[nH]c1=O)C(O)c1c[nH]c(=O)[nH]c1=O,O=Cc1c[nH]c(=O)[nH]c1=O,/gpfs/scratch1/shared/schen3/benzoin-dg-restored/data/cross_benzoin/bde_homo_product_featurize_20260902/chunk_0003/geom.tar.zst,xyz/p000064.xyz,/gpfs/scratch1/shared/schen3/benzoin-dg-restored/data/cross_benzoin/bde_homo_product_featurize_20260902/chunk_0003/geom.tar.zst,ald_xyz/a000067.xyz,0.0932269861540007,0.0305638936540013,0,0,,train
78090,78090,O=C(CNc1c(F)c(F)c([N+](=O)[O-])c(F)c1F)C(O)CNc1c(F)c(F)c([N+](=O)[O-])c(F)c1F,O=CCNc1c(F)c(F)c([N+](=O)[O-])c(F)c1F,/gpfs/scratch1/shared/schen3/benzoin-dg-restored/data/cross_benzoin/bde_homo_product_featurize_20260902/chunk_0780/geom.tar.zst,xyz/p000090.xyz,/gpfs/scratch1/shared/schen3/benzoin-dg-restored/data/cross_benzoin/bde_homo_product_featurize_20260902/chunk_0780/geom.tar.zst,ald_xyz/a000074.xyz,0.117481517773001,0.043958504157004,0,0,,train
204264,204264,Cc1c(C(=O)C(O)c2c(C)n(CCOc3cccc4ccccc34)c3ccccc23)c2ccccc2n1CCOc1cccc2ccccc12,Cc1c(C=O)c2ccccc2n1CCOc1cccc2ccccc12,/gpfs/scratch1/shared/schen3/benzoin-dg-restored/data/cross_benzoin/bde_homo_product_featurize_20260902/chunk_2042/geom.tar.zst,xyz/p000064.xyz,/gpfs/scratch1/shared/schen3/benzoin-dg-restored/data/cross_benzoin/bde_homo_product_featurize_20260902/chunk_2042/geom.tar.zst,ald_xyz/a000050.xyz,0.5757727953069889,0.2638750445330089,0,0,,train
186840,186840,Cc1ccc(-c2cc(C(=O)C(O)c3ccc(C(F)(F)F)c(-c4ccc(C)cc4)c3)ccc2C(F)(F)F)cc1,Cc1ccc(-c2cc(C=O)ccc2C(F)(F)F)cc1,/gpfs/scratch1/shared/schen3/benzoin-dg-restored/data/cross_benzoin/bde_homo_product_featurize_20260902/chunk_1868/geom.tar.zst,xyz/p000040.xyz,/gpfs/scratch1/shared/schen3/benzoin-dg-restored/data/cross_benzoin/bde_homo_product_featurize_20260902/chunk_1868/geom.tar.zst,ald_xyz/a000044.xyz,0.3225930653940025,0.1472536294530044,0,0,,train
145760,145760,O=C(CC1(F)CCOCC1)C(O)CC1(F)CCOCC1,O=CCC1(F)CCOCC1,/gpfs/scratch1/shared/schen3/benzoin-dg-restored/data/cross_benzoin/bde_homo_product_featurize_20260902/chunk_1457/geom.tar.zst,xyz/p000060.xyz,/gpfs/scratch1/shared/schen3/benzoin-dg-restored/data/cross_benzoin/bde_homo_product_featurize_20260902/chunk_1457/geom.tar.zst,ald_xyz/a000064.xyz,0.2684329171419932,0.1201298239979991,0,0,-4.73258681111552,train
143433,143433,O=C(c1ccn2nc(-c3cccc(F)c3)cc2c1)C(O)c1ccn2nc(-c3cccc(F)c3)cc2c1,O=Cc1ccn2nc(-c3cccc(F)c3)cc2c1,/gpfs/scratch1/shared/schen3/benzoin-dg-restored/data/cross_benzoin/bde_homo_product_featurize_20260902/chunk_1434/geom.tar.zst,xyz/p000033.xyz,/gpfs/scratch1/shared/schen3/benzoin-dg-restored/data/cross_benzoin/bde_homo_product_featurize_20260902/chunk_1434/geom.tar.zst,ald_xyz/a000070.xyz,0.281754367410997,0.126243927296997,0,0,,train
181146,181146,O=C(c1cc(C(F)F)nc(OC(F)(F)F)c1[N+](=O)[O-])C(O)c1cc(C(F)F)nc(OC(F)(F)F)c1[N+](=O)[O-],O=Cc1cc(C(F)F)nc(OC(F)(F)F)c1[N+](=O)[O-],/gpfs/scratch1/shared/schen3/benzoin-dg-restored/data/cross_benzoin/bde_homo_product_featurize_20260902/chunk_1811/geom.tar.zst,xyz/p000046.xyz,/gpfs/scratch1/shared/schen3/benzoin-dg-restored/data/cross_benzoin/bde_homo_product_featurize_20260902/chunk_1811/geom.tar.zst,ald_xyz/a000077.xyz,0.1208192676910187,0.0439995617400086,0,0,,train
87711,87711,Cc1ccc(C(=O)C(O)c2ccc(C)c(SCc3cccc(NC(=O)OC(C)(C)C)c3)c2F)c(F)c1SCc1cccc(NC(=O)OC(C)(C)C)c1,Cc1ccc(C=O)c(F)c1SCc1cccc(NC(=O)OC(C)(C)C)c1,/gpfs/scratch1/shared/schen3/benzoin-dg-restored/data/cross_benzoin/bde_homo_product_featurize_20260902/chunk_0877/geom.tar.zst,xyz/p000011.xyz,/gpfs/scratch1/shared/schen3/benzoin-dg-restored/data/cross_benzoin/bde_homo_product_featurize_20260902/chunk_0877/geom.tar.zst,ald_xyz/a000052.xyz,0.5990392869609877,0.2786647914199989,0,0,,train
85768,85768,N=C(c1cncc(OC(F)F)c1)c1cnc(C(=O)C(O)c2cc(NC3CCOCC3)c(C(=N)c3cncc(OC(F)F)c3)cn2)cc1NC1CCOCC1,N=C(c1cncc(OC(F)F)c1)c1cnc(C=O)cc1NC1CCOCC1,/gpfs/scratch1/shared/schen3/benzoin-dg-restored/data/cross_benzoin/bde_homo_product_featurize_20260902/chunk_0857/geom.tar.zst,xyz/p000068.xyz,/gpfs/scratch1/shared/schen3/benzoin-dg-restored/data/cross_benzoin/bde_homo_product_featurize_20260902/chunk_0857/geom.tar.zst,ald_xyz/a000065.xyz,0.5251419120660046,0.2453443065580103,0,0,,test
100116,100116,O=C(C1NC=Cc2c(-c3cnn(C4CCNCC4)c3)cnc(Nc3ccc(F)cc3)c21)C(O)C1NC=Cc2c(-c3cnn(C4CCNCC4)c3)cnc(Nc3ccc(F)cc3)c21,O=CC1NC=Cc2c(-c3cnn(C4CCNCC4)c3)cnc(Nc3ccc(F)cc3)c21,/gpfs/scratch1/shared/schen3/benzoin-dg-restored/data/cross_benzoin/bde_homo_product_featurize_20260902/chunk_1001/geom.tar.zst,xyz/p000016.xyz,/gpfs/scratch1/shared/schen3/benzoin-dg-restored/data/cross_benzoin/bde_homo_product_featurize_20260902/chunk_1001/geom.tar.zst,ald_xyz/a000084.xyz,0.689697657847006,0.3252977568049999,0,0,,validation
199225,199225,O=C(COc1ccc(C(=O)C(O)c2ccc(OCC(=O)Nc3cccc(I)c3)cc2)cc1)Nc1cccc(I)c1,O=Cc1ccc(OCC(=O)Nc2cccc(I)c2)cc1,/gpfs/scratch1/shared/schen3/benzoin-dg-restored/data/cross_benzoin/bde_homo_product_featurize_20260902/chunk_1992/geom.tar.zst,xyz/p000025.xyz,/gpfs/scratch1/shared/schen3/benzoin-dg-restored/data/cross_benzoin/bde_homo_product_featurize_20260902/chunk_1992/geom.tar.zst,ald_xyz/a000089.xyz,0.3218936732070006,0.1444975053120032,0,0,,train
95408,95408,O=C(O)c1ccc(OCc2ccccc2)c(C(=O)C(O)c2c(OCc3ccccc3)ccc(C(=O)O)c2F)c1F,O=Cc1c(OCc2ccccc2)ccc(C(=O)O)c1F,/gpfs/scratch1/shared/schen3/benzoin-dg-restored/data/cross_benzoin/bde_homo_product_featurize_20260902/chunk_0954/geom.tar.zst,xyz/p000008.xyz,/gpfs/scratch1/shared/schen3/benzoin-dg-restored/data/cross_benzoin/bde_homo_product_featurize_20260902/chunk_0954/geom.tar.zst,ald_xyz/a000086.xyz,0.3092873421200011,0.1357178900000022,0,0,,train
217745,217745,CN(Cc1ccc(C(=O)C(O)c2ccc(CN(C)S(C)(=O)=O)cc2)cc1)S(C)(=O)=O,CN(Cc1ccc(C=O)cc1)S(C)(=O)=O,/gpfs/scratch1/shared/schen3/benzoin-dg-restored/data/cross_benzoin/bde_homo_product_featurize_20260902/chunk_2177/geom.tar.zst,xyz/p000045.xyz,/gpfs/scratch1/shared/schen3/benzoin-dg-restored/data/cross_benzoin/bde_homo_product_featurize_20260902/chunk_2177/geom.tar.zst,ald_xyz/a000034.xyz,0.3115082562169959,0.1390325904069982,0,0,,train
117577,117577,O=C(c1coc2ccccc2c1=NNC(=S)Nc1ccccc1)C(O)c1coc2ccccc2c1=NNC(=S)Nc1ccccc1,O=Cc1coc2ccccc2c1=NNC(=S)Nc1ccccc1,/gpfs/scratch1/shared/schen3/benzoin-dg-restored/data/cross_benzoin/bde_homo_product_featurize_20260902/chunk_1175/geom.tar.zst,xyz/p000077.xyz,/gpfs/scratch1/shared/schen3/benzoin-dg-restored/data/cross_benzoin/bde_homo_product_featurize_20260902/chunk_1175/geom.tar.zst,ald_xyz/a000098.xyz,0.3925216766450035,0.1764588489750025,0,0,,validation
34213,34213,NC(=O)C1CCN(c2ccc(F)cc2C(=O)C(O)c2cc(F)ccc2N2CCC(C(N)=O)CC2)CC1,NC(=O)C1CCN(c2ccc(F)cc2C=O)CC1,/gpfs/scratch1/shared/schen3/benzoin-dg-restored/data/cross_benzoin/bde_homo_product_featurize_20260902/chunk_0342/geom.tar.zst,xyz/p000013.xyz,/gpfs/scratch1/shared/schen3/benzoin-dg-restored/data/cross_benzoin/bde_homo_product_featurize_20260902/chunk_0342/geom.tar.zst,ald_xyz/a000060.xyz,0.4011737911339992,0.1831409303989986,0,0,,train
29938,29938,COC(=O)c1c(-c2ccc(F)cc2)nc(C(C)C)c(C(=O)C(O)c2c(C(C)C)nc(-c3ccc(F)cc3)c(C(=O)OC)c2-c2ccc(F)cc2)c1-c1ccc(F)cc1,COC(=O)c1c(-c2ccc(F)cc2)nc(C(C)C)c(C=O)c1-c1ccc(F)cc1,/gpfs/scratch1/shared/schen3/benzoin-dg-restored/data/cross_benzoin/bde_homo_product_featurize_20260902/chunk_0299/geom.tar.zst,xyz/p000038.xyz,/gpfs/scratch1/shared/schen3/benzoin-dg-restored/data/cross_benzoin/bde_homo_product_featurize_20260902/chunk_0299/geom.tar.zst,ald_xyz/a000030.xyz,0.5756310068239827,0.2655560150099916,0,0,,train
145881,145881,Cc1c(C(=O)C(O)c2nc3c(F)cccn3c2C)nc2c(F)cccn12,Cc1c(C=O)nc2c(F)cccn12,/gpfs/scratch1/shared/schen3/benzoin-dg-restored/data/cross_benzoin/bde_homo_product_featurize_20260902/chunk_1458/geom.tar.zst,xyz/p000081.xyz,/gpfs/scratch1/shared/schen3/benzoin-dg-restored/data/cross_benzoin/bde_homo_product_featurize_20260902/chunk_1458/geom.tar.zst,ald_xyz/a000044.xyz,0.1989653477150028,0.0848791419359997,0,0,,train
39501,39501,O=C(c1ncc(-c2cccc(F)c2)[nH]1)C(O)c1ncc(-c2cccc(F)c2)[nH]1,O=Cc1ncc(-c2cccc(F)c2)[nH]1,/gpfs/scratch1/shared/schen3/benzoin-dg-restored/data/cross_benzoin/bde_homo_product_featurize_20260902/chunk_0395/geom.tar.zst,xyz/p000001.xyz,/gpfs/scratch1/shared/schen3/benzoin-dg-restored/data/cross_benzoin/bde_homo_product_featurize_20260902/chunk_0395/geom.tar.zst,ald_xyz/a000095.xyz,0.2061380800670065,0.0878462919970033,0,0,,train
197831,197831,O=C(c1cc(C(F)(F)F)ccc1-c1ccc(OCc2ccccc2)nc1OCc1ccccc1)C(O)c1cc(C(F)(F)F)ccc1-c1ccc(OCc2ccccc2)nc1OCc1ccccc1,O=Cc1cc(C(F)(F)F)ccc1-c1ccc(OCc2ccccc2)nc1OCc1ccccc1,/gpfs/scratch1/shared/schen3/benzoin-dg-restored/data/cross_benzoin/bde_homo_product_featurize_20260902/chunk_1978/geom.tar.zst,xyz/p000031.xyz,/gpfs/scratch1/shared/schen3/benzoin-dg-restored/data/cross_benzoin/bde_homo_product_featurize_20260902/chunk_1978/geom.tar.zst,ald_xyz/a000060.xyz,0.6394926461400132,0.3009616657610081,0,0,,train
38986,38986,O=C(NCCC(=O)C(O)CCNC(=O)c1[nH]c2ccc(F)cc2c1I)c1[nH]c2ccc(F)cc2c1I,O=CCCNC(=O)c1[nH]c2ccc(F)cc2c1I,/gpfs/scratch1/shared/schen3/benzoin-dg-restored/data/cross_benzoin/bde_homo_product_featurize_20260902/chunk_0389/geom.tar.zst,xyz/p000086.xyz,/gpfs/scratch1/shared/schen3/benzoin-dg-restored/data/cross_benzoin/bde_homo_product_featurize_20260902/chunk_0389/geom.tar.zst,ald_xyz/a000073.xyz,0.275372396977005,0.1184535616519966,0,0,,train
207297,207297,O=C(c1ccc(O)c2ccsc12)C(O)c1ccc(O)c2ccsc12,O=Cc1ccc(O)c2ccsc12,/gpfs/scratch1/shared/schen3/benzoin-dg-restored/data/cross_benzoin/bde_homo_product_featurize_20260902/chunk_2072/geom.tar.zst,xyz/p000097.xyz,/gpfs/scratch1/shared/schen3/benzoin-dg-restored/data/cross_benzoin/bde_homo_product_featurize_20260902/chunk_2072/geom.tar.zst,ald_xyz/a000091.xyz,0.1573407448600079,0.065201743399001,0,0,,train
11943,11943,Cc1c(C(=O)C(O)c2c(Br)nn(C)c2C)c(Br)nn1C,Cc1c(C=O)c(Br)nn1C,/gpfs/scratch1/shared/schen3/benzoin-dg-restored/data/cross_benzoin/bde_homo_product_featurize_20260902/chunk_0119/geom.tar.zst,xyz/p000043.xyz,/gpfs/scratch1/shared/schen3/benzoin-dg-restored/data/cross_benzoin/bde_homo_product_featurize_20260902/chunk_0119/geom.tar.zst,ald_xyz/a000036.xyz,0.1595751293050042,0.0635059547609984,0,0,,train
93236,93236,O=C(O)Nc1cc(Cl)c(-c2cncc(C(=O)C(O)c3cncc(-c4cc(F)c(NC(=O)O)cc4Cl)c3)c2)cc1F,O=Cc1cncc(-c2cc(F)c(NC(=O)O)cc2Cl)c1,/gpfs/scratch1/shared/schen3/benzoin-dg-restored/data/cross_benzoin/bde_homo_product_featurize_20260902/chunk_0932/geom.tar.zst,xyz/p000036.xyz,/gpfs/scratch1/shared/schen3/benzoin-dg-restored/data/cross_benzoin/bde_homo_product_featurize_20260902/chunk_0932/geom.tar.zst,ald_xyz/a000099.xyz,0.2320133220419933,0.0994865523730013,0,0,,train
111274,111274,O=C(c1ccccc1C#CC1=CCCCC1)C(O)c1ccccc1C#CC1=CCCCC1,O=Cc1ccccc1C#CC1=CCCCC1,/gpfs/scratch1/shared/schen3/benzoin-dg-restored/data/cross_benzoin/bde_homo_product_featurize_20260902/chunk_1112/geom.tar.zst,xyz/p000074.xyz,/gpfs/scratch1/shared/schen3/benzoin-dg-restored/data/cross_benzoin/bde_homo_product_featurize_20260902/chunk_1112/geom.tar.zst,ald_xyz/a000097.xyz,0.3841362101090055,49.97528421102399,0,0,7.833440172027775,test
24050,24050,Cc1ccc(C(O)(CCN2CCCC2)c2cccc(C(=O)C(O)c3cccc(C(O)(CCN4CCCC4)c4ccc(C)cc4)n3)n2)cc1,Cc1ccc(C(O)(CCN2CCCC2)c2cccc(C=O)n2)cc1,/gpfs/scratch1/shared/schen3/benzoin-dg-restored/data/cross_benzoin/bde_homo_product_featurize_20260902/chunk_0240/geom.tar.zst,xyz/p000050.xyz,/gpfs/scratch1/shared/schen3/benzoin-dg-restored/data/cross_benzoin/bde_homo_product_featurize_20260902/chunk_0240/geom.tar.zst,ald_xyz/a000047.xyz,0.6686540591009873,0.3130479837929982,0,0,7.941790813959928,train
2930,2930,CCOc1ccc2cc(C(=O)C(O)c3cc4ccc(OCC)cc4nc3Cl)c(Cl)nc2c1,CCOc1ccc2cc(C=O)c(Cl)nc2c1,/gpfs/scratch1/shared/schen3/benzoin-dg-restored/data/cross_benzoin/bde_homo_product_featurize_20260902/chunk_0029/geom.tar.zst,xyz/p000030.xyz,/gpfs/scratch1/shared/schen3/benzoin-dg-restored/data/cross_benzoin/bde_homo_product_featurize_20260902/chunk_0029/geom.tar.zst,ald_xyz/a000010.xyz,0.2760385900679978,0.1232944428629991,0,0,,train
111045,111045,CC(C)(C)OC(=O)NC(CO[Si](c1ccccc1)(c1ccccc1)C(C)(C)C)C(=O)C(O)C(CO[Si](c1ccccc1)(c1ccccc1)C(C)(C)C)NC(=O)OC(C)(C)C,CC(C)(C)OC(=O)N[C@H](C=O)CO[Si](c1ccccc1)(c1ccccc1)C(C)(C)C,/gpfs/scratch1/shared/schen3/benzoin-dg-restored/data/cross_benzoin/bde_homo_product_featurize_20260902/chunk_1110/geom.tar.zst,xyz/p000045.xyz,/gpfs/scratch1/shared/schen3/benzoin-dg-restored/data/cross_benzoin/bde_homo_product_featurize_20260902/chunk_1110/geom.tar.zst,ald_xyz/a000018.xyz,0.8799005061360106,0.4112711908080086,0,0,,train
70324,70324,CC(F)(F)C1CC(F)c2nc(C(=O)C(O)c3nc4n(n3)C(C(C)(F)F)CC4F)nn21,CC(F)(F)C1CC(F)c2nc(C=O)nn21,/gpfs/scratch1/shared/schen3/benzoin-dg-restored/data/cross_benzoin/bde_homo_product_featurize_20260902/chunk_0703/geom.tar.zst,xyz/p000024.xyz,/gpfs/scratch1/shared/schen3/benzoin-dg-restored/data/cross_benzoin/bde_homo_product_featurize_20260902/chunk_0703/geom.tar.zst,ald_xyz/a000011.xyz,0.2248787027900078,0.0952014615389984,0,0,,validation
47268,47268,CCOc1ccccc1C(CC(=O)C(O)CC(c1coc(-c2ccc(OC)c(OCCF)c2)n1)c1ccccc1OCC)c1coc(-c2ccc(OC)c(OCCF)c2)n1,CCOc1ccccc1C(CC=O)c1coc(-c2ccc(OC)c(OCCF)c2)n1,/gpfs/scratch1/shared/schen3/benzoin-dg-restored/data/cross_benzoin/bde_homo_product_featurize_20260902/chunk_0472/geom.tar.zst,xyz/p000068.xyz,/gpfs/scratch1/shared/schen3/benzoin-dg-restored/data/cross_benzoin/bde_homo_product_featurize_20260902/chunk_0472/geom.tar.zst,ald_xyz/a000028.xyz,0.687684157440998,0.3152148435270021,0,0,,test
144898,144898,O=C(Cc1cc(Br)c(F)c(F)c1O)C(O)Cc1cc(Br)c(F)c(F)c1O,O=CCc1cc(Br)c(F)c(F)c1O,/gpfs/scratch1/shared/schen3/benzoin-dg-restored/data/cross_benzoin/bde_homo_product_featurize_20260902/chunk_1448/geom.tar.zst,xyz/p000098.xyz,/gpfs/scratch1/shared/schen3/benzoin-dg-restored/data/cross_benzoin/bde_homo_product_featurize_20260902/chunk_1448/geom.tar.zst,ald_xyz/a000079.xyz,0.1188398380939901,0.0440213058190011,0,0,,train
76785,76785,NCC(CC(=O)C(O)CC(CN)c1cccc(F)c1F)c1cccc(F)c1F,NCC(CC=O)c1cccc(F)c1F,/gpfs/scratch1/shared/schen3/benzoin-dg-restored/data/cross_benzoin/bde_homo_product_featurize_20260902/chunk_0767/geom.tar.zst,xyz/p000085.xyz,/gpfs/scratch1/shared/schen3/benzoin-dg-restored/data/cross_benzoin/bde_homo_product_featurize_20260902/chunk_0767/geom.tar.zst,ald_xyz/a000067.xyz,0.2861332790700004,44.257768645477,0,0,,train
41596,41596,Cc1cc(NS(=O)(=O)c2ccc(F)cc2F)cc(C)c1C(=O)C(O)c1c(C)cc(NS(=O)(=O)c2ccc(F)cc2F)cc1C,Cc1cc(NS(=O)(=O)c2ccc(F)cc2F)cc(C)c1C=O,/gpfs/scratch1/shared/schen3/benzoin-dg-restored/data/cross_benzoin/bde_homo_product_featurize_20260902/chunk_0415/geom.tar.zst,xyz/p000096.xyz,/gpfs/scratch1/shared/schen3/benzoin-dg-restored/data/cross_benzoin/bde_homo_product_featurize_20260902/chunk_0415/geom.tar.zst,ald_xyz/a000042.xyz,0.3707661136639899,0.1652274535189946,0,0,12.489549732915146,train
123945,123945,Cc1cnc2nc([Se])c(C(=O)C(O)c3cc4cc(C)cnc4nc3[Se])cc2c1,Cc1cnc2nc([Se])c(C=O)cc2c1,/gpfs/scratch1/shared/schen3/benzoin-dg-restored/data/cross_benzoin/bde_homo_product_featurize_20260902/chunk_1239/geom.tar.zst,xyz/p000045.xyz,/gpfs/scratch1/shared/schen3/benzoin-dg-restored/data/cross_benzoin/bde_homo_product_featurize_20260902/chunk_1239/geom.tar.zst,ald_xyz/a000075.xyz,0.191320908685995,0.0840068454999993,0,0,,train
190697,190697,O=C(CC=Cc1cc(O)cc(C(F)(F)F)c1)C(O)CC=Cc1cc(O)cc(C(F)(F)F)c1,O=CCC=Cc1cc(O)cc(C(F)(F)F)c1,/gpfs/scratch1/shared/schen3/benzoin-dg-restored/data/cross_benzoin/bde_homo_product_featurize_20260902/chunk_1906/geom.tar.zst,xyz/p000097.xyz,/gpfs/scratch1/shared/schen3/benzoin-dg-restored/data/cross_benzoin/bde_homo_product_featurize_20260902/chunk_1906/geom.tar.zst,ald_xyz/a000058.xyz,0.2311869284779959,0.099501979792997,0,0,,train
75654,75654,Cc1c(N(c2cc(-c3cccc(C4CCCCN4)c3)c(F)cc2C(=O)C(O)c2cc(F)c(-c3cccc(C4CCCCN4)c3)cc2N(c2s[nH]c(=O)c2C)C2CC2)C2CC2)s[nH]c1=O,Cc1c(N(c2cc(-c3cccc(C4CCCCN4)c3)c(F)cc2C=O)C2CC2)s[nH]c1=O,/gpfs/scratch1/shared/schen3/benzoin-dg-restored/data/cross_benzoin/bde_homo_product_featurize_20260902/chunk_0756/geom.tar.zst,xyz/p000054.xyz,/gpfs/scratch1/shared/schen3/benzoin-dg-restored/data/cross_benzoin/bde_homo_product_featurize_20260902/chunk_0756/geom.tar.zst,ald_xyz/a000064.xyz,0.740410102162997,0.3525200303329967,0,0,,train
45802,45802,CNN(C(=O)O)C(CC(=O)C(O)CC(C1CCN(Cc2nc(-c3ccc(C(F)(F)F)cc3)cs2)CC1)N(NC)C(=O)O)C1CCN(Cc2nc(-c3ccc(C(F)(F)F)cc3)cs2)CC1,CNN(C(=O)O)C(CC=O)C1CCN(Cc2nc(-c3ccc(C(F)(F)F)cc3)cs2)CC1,/gpfs/scratch1/shared/schen3/benzoin-dg-restored/data/cross_benzoin/bde_homo_product_featurize_20260902/chunk_0458/geom.tar.zst,xyz/p000002.xyz,/gpfs/scratch1/shared/schen3/benzoin-dg-restored/data/cross_benzoin/bde_homo_product_featurize_20260902/chunk_0458/geom.tar.zst,ald_xyz/a000025.xyz,0.682911319742999,0.326063461472998,0,0,,test
186020,186020,CC(C(=O)C(O)C(C)C(F)(F)c1ccccc1)C(F)(F)c1ccccc1,CC(C=O)C(F)(F)c1ccccc1,/gpfs/scratch1/shared/schen3/benzoin-dg-restored/data/cross_benzoin/bde_homo_product_featurize_20260902/chunk_1860/geom.tar.zst,xyz/p000020.xyz,/gpfs/scratch1/shared/schen3/benzoin-dg-restored/data/cross_benzoin/bde_homo_product_featurize_20260902/chunk_1860/geom.tar.zst,ald_xyz/a000022.xyz,0.2645621786439989,0.1152867265879962,0,0,,train
6077,6077,Cn1ccc2c(C(=O)C(O)c3cccc4c3ccn4C)cccc21,Cn1ccc2c(C=O)cccc21,/gpfs/scratch1/shared/schen3/benzoin-dg-restored/data/cross_benzoin/bde_homo_product_featurize_20260902/chunk_0060/geom.tar.zst,xyz/p000077.xyz,/gpfs/scratch1/shared/schen3/benzoin-dg-restored/data/cross_benzoin/bde_homo_product_featurize_20260902/chunk_0060/geom.tar.zst,ald_xyz/a000051.xyz,0.2426040119109984,0.1062355860350052,0,0,,train
83678,83678,CC(=O)OC1C(CC(=O)C(O)CC2OC3COC(C)(C)OC3C(n3cc(-c4cc(F)c(F)c(F)c4)nn3)C2OC(C)=O)OC2COC(C)(C)OC2C1n1cc(-c2cc(F)c(F)c(F)c2)nn1,CC(=O)OC1C(CC=O)OC2COC(C)(C)OC2C1n1cc(-c2cc(F)c(F)c(F)c2)nn1,/gpfs/scratch1/shared/schen3/benzoin-dg-restored/data/cross_benzoin/bde_homo_product_featurize_20260902/chunk_0836/geom.tar.zst,xyz/p000078.xyz,/gpfs/scratch1/shared/schen3/benzoin-dg-restored/data/cross_benzoin/bde_homo_product_featurize_20260902/chunk_0836/geom.tar.zst,ald_xyz/a000001.xyz,0.6438168407790101,0.3026023583609998,0,0,,train
158136,158136,O=C(CC(=O)C(O)CC(=O)c1ccc(F)cc1Br)c1ccc(F)cc1Br,O=CCC(=O)c1ccc(F)cc1Br,/gpfs/scratch1/shared/schen3/benzoin-dg-restored/data/cross_benzoin/bde_homo_product_featurize_20260902/chunk_1581/geom.tar.zst,xyz/p000036.xyz,/gpfs/scratch1/shared/schen3/benzoin-dg-restored/data/cross_benzoin/bde_homo_product_featurize_20260902/chunk_1581/geom.tar.zst,ald_xyz/a000048.xyz,0.1576621808430047,0.0629835038290025,0,0,,train
34403,34403,O=C(c1cnc(-c2cccc(C(F)(F)F)c2)s1)C(O)c1cnc(-c2cccc(C(F)(F)F)c2)s1,O=Cc1cnc(-c2cccc(C(F)(F)F)c2)s1,/gpfs/scratch1/shared/schen3/benzoin-dg-restored/data/cross_benzoin/bde_homo_product_featurize_20260902/chunk_0344/geom.tar.zst,xyz/p000003.xyz,/gpfs/scratch1/shared/schen3/benzoin-dg-restored/data/cross_benzoin/bde_homo_product_featurize_20260902/chunk_0344/geom.tar.zst,ald_xyz/a000098.xyz,0.1830663767539988,0.0777076829710026,0,0,,train
207258,207258,O=C(c1ccc2c(c1)OCO2)c1cc2c(cc1C(=O)C(O)c1cc3c(cc1C(=O)c1ccc4c(c1)OCO4)OCO3)OCO2,O=Cc1cc2c(cc1C(=O)c1ccc3c(c1)OCO3)OCO2,/gpfs/scratch1/shared/schen3/benzoin-dg-restored/data/cross_benzoin/bde_homo_product_featurize_20260902/chunk_2072/geom.tar.zst,xyz/p000058.xyz,/gpfs/scratch1/shared/schen3/benzoin-dg-restored/data/cross_benzoin/bde_homo_product_featurize_20260902/chunk_2072/geom.tar.zst,ald_xyz/a000086.xyz,0.3318317925560023,13.659761081124003,0,0,,test
49704,49704,O=C(c1c(CCCCl)[nH]c2cc(F)c(F)cc12)C(O)c1c(CCCCl)[nH]c2cc(F)c(F)cc12,O=Cc1c(CCCCl)[nH]c2cc(F)c(F)cc12,/gpfs/scratch1/shared/schen3/benzoin-dg-restored/data/cross_benzoin/bde_homo_product_featurize_20260902/chunk_0497/geom.tar.zst,xyz/p000004.xyz,/gpfs/scratch1/shared/schen3/benzoin-dg-restored/data/cross_benzoin/bde_homo_product_featurize_20260902/chunk_0497/geom.tar.zst,ald_xyz/a000088.xyz,0.2782229160769986,0.1230368642639945,0,0,,train
103796,103796,O=C(C(O)C1NN=C2CN=C(c3c(F)cccc3F)c3c(ccc(Br)c3Cl)N21)C1NN=C2CN=C(c3c(F)cccc3F)c3c(ccc(Br)c3Cl)N21,O=CC1NN=C2CN=C(c3c(F)cccc3F)c3c(ccc(Br)c3Cl)N21,/gpfs/scratch1/shared/schen3/benzoin-dg-restored/data/cross_benzoin/bde_homo_product_featurize_20260902/chunk_1037/geom.tar.zst,xyz/p000096.xyz,/gpfs/scratch1/shared/schen3/benzoin-dg-restored/data/cross_benzoin/bde_homo_product_featurize_20260902/chunk_1037/geom.tar.zst,ald_xyz/a000056.xyz,0.3319234176250063,0.1491380749690023,0,0,-0.1090207781518125,test
58503,58503,CC(C)n1c(C(=O)Nc2ccccc2F)c(-c2ccc(F)cc2)c(-c2ccc(F)cc2)c1C(=O)C(O)c1c(-c2ccc(F)cc2)c(-c2ccc(F)cc2)c(C(=O)Nc2ccccc2F)n1C(C)C,CC(C)n1c(C=O)c(-c2ccc(F)cc2)c(-c2ccc(F)cc2)c1C(=O)Nc1ccccc1F,/gpfs/scratch1/shared/schen3/benzoin-dg-restored/data/cross_benzoin/bde_homo_product_featurize_20260902/chunk_0585/geom.tar.zst,xyz/p000003.xyz,/gpfs/scratch1/shared/schen3/benzoin-dg-restored/data/cross_benzoin/bde_homo_product_featurize_20260902/chunk_0585/geom.tar.zst,ald_xyz/a000018.xyz,0.6648167884110023,0.309970879337996,0,0,,validation
198962,198962,COc1cccc(C(=O)C(O)c2cccc(OC)c2OC(=O)c2ccc(Cl)cc2)c1OC(=O)c1ccc(Cl)cc1,COc1cccc(C=O)c1OC(=O)c1ccc(Cl)cc1,/gpfs/scratch1/shared/schen3/benzoin-dg-restored/data/cross_benzoin/bde_homo_product_featurize_20260902/chunk_1989/geom.tar.zst,xyz/p000062.xyz,/gpfs/scratch1/shared/schen3/benzoin-dg-restored/data/cross_benzoin/bde_homo_product_featurize_20260902/chunk_1989/geom.tar.zst,ald_xyz/a000059.xyz,0.3231015680360087,0.1412947839230014,0,0,,train
180426,180426,NCc1c(I)cc(C(=O)C(O)c2cc(I)c(CN)c(OC(F)(F)F)n2)nc1OC(F)(F)F,NCc1c(I)cc(C=O)nc1OC(F)(F)F,/gpfs/scratch1/shared/schen3/benzoin-dg-restored/data/cross_benzoin/bde_homo_product_featurize_20260902/chunk_1804/geom.tar.zst,xyz/p000026.xyz,/gpfs/scratch1/shared/schen3/benzoin-dg-restored/data/cross_benzoin/bde_homo_product_featurize_20260902/chunk_1804/geom.tar.zst,ald_xyz/a000035.xyz,0.1659141242260062,0.0659308301819976,0,0,,train
205742,205742,COc1cc2c(cc1C(=O)C(O)c1cc3c(cc1OC)CCC(=O)N3)NC(=O)CC2,COc1cc2c(cc1C=O)NC(=O)CC2,/gpfs/scratch1/shared/schen3/benzoin-dg-restored/data/cross_benzoin/bde_homo_product_featurize_20260902/chunk_2057/geom.tar.zst,xyz/p000042.xyz,/gpfs/scratch1/shared/schen3/benzoin-dg-restored/data/cross_benzoin/bde_homo_product_featurize_20260902/chunk_2057/geom.tar.zst,ald_xyz/a000055.xyz,0.2939767314239958,0.1304856456670009,0,0,,train
45999,45999,COc1cc(F)ccc1-c1cc(C(C)C)c(C(F)(F)F)cc1C(=O)C(O)c1cc(C(F)(F)F)c(C(C)C)cc1-c1ccc(F)cc1OC,COc1cc(F)ccc1-c1cc(C(C)C)c(C(F)(F)F)cc1C=O,/gpfs/scratch1/shared/schen3/benzoin-dg-restored/data/cross_benzoin/bde_homo_product_featurize_20260902/chunk_0459/geom.tar.zst,xyz/p000099.xyz,/gpfs/scratch1/shared/schen3/benzoin-dg-restored/data/cross_benzoin/bde_homo_product_featurize_20260902/chunk_0459/geom.tar.zst,ald_xyz/a000033.xyz,0.4705273180479992,0.2138289782890012,0,0,,train
96423,96423,Cc1c(F)cc(C(=O)C(O)c2cc(F)c(C)c(F)c2Cl)c(Cl)c1F,Cc1c(F)cc(C=O)c(Cl)c1F,/gpfs/scratch1/shared/schen3/benzoin-dg-restored/data/cross_benzoin/bde_homo_product_featurize_20260902/chunk_0964/geom.tar.zst,xyz/p000023.xyz,/gpfs/scratch1/shared/schen3/benzoin-dg-restored/data/cross_benzoin/bde_homo_product_featurize_20260902/chunk_0964/geom.tar.zst,ald_xyz/a000050.xyz,0.1375796882620079,0.0537606281629976,0,0,,train
167961,167961,COc1c([N+](=O)[O-])ncc(C(=O)C(O)c2cnc([N+](=O)[O-])c(OC)c2C(F)F)c1C(F)F,COc1c([N+](=O)[O-])ncc(C=O)c1C(F)F,/gpfs/scratch1/shared/schen3/benzoin-dg-restored/data/cross_benzoin/bde_homo_product_featurize_20260902/chunk_1679/geom.tar.zst,xyz/p000061.xyz,/gpfs/scratch1/shared/schen3/benzoin-dg-restored/data/cross_benzoin/bde_homo_product_featurize_20260902/chunk_1679/geom.tar.zst,ald_xyz/a000006.xyz,0.1762274707059958,0.0717587054120016,0,0,,train
22117,22117,COc1ccc(C(=O)C(O)c2ccc(OC)cc2OCC=C(C)C)c(OCC=C(C)C)c1,COc1ccc(C=O)c(OCC=C(C)C)c1,/gpfs/scratch1/shared/schen3/benzoin-dg-restored/data/cross_benzoin/bde_homo_product_featurize_20260902/chunk_0221/geom.tar.zst,xyz/p000017.xyz,/gpfs/scratch1/shared/schen3/benzoin-dg-restored/data/cross_benzoin/bde_homo_product_featurize_20260902/chunk_0221/geom.tar.zst,ald_xyz/a000058.xyz,0.4118925068290053,0.1860591147780042,0,0,,train
202397,202397,Cc1cc(C(=O)C(O)c2cc(C)n(-c3ccccc3Cc3ccccc3)c2C)c(C)n1-c1ccccc1Cc1ccccc1,Cc1cc(C=O)c(C)n1-c1ccccc1Cc1ccccc1,/gpfs/scratch1/shared/schen3/benzoin-dg-restored/data/cross_benzoin/bde_homo_product_featurize_20260902/chunk_2023/geom.tar.zst,xyz/p000097.xyz,/gpfs/scratch1/shared/schen3/benzoin-dg-restored/data/cross_benzoin/bde_homo_product_featurize_20260902/chunk_2023/geom.tar.zst,ald_xyz/a000074.xyz,0.5436920766370008,0.2544638443780016,0,0,,train
117565,117565,O=C1N=c2ncnc(C(=O)C(O)c3ncnc4c3=NC(=O)N=4)c2=N1,O=Cc1ncnc2c1=NC(=O)N=2,/gpfs/scratch1/shared/schen3/benzoin-dg-restored/data/cross_benzoin/bde_homo_product_featurize_20260902/chunk_1175/geom.tar.zst,xyz/p000065.xyz,/gpfs/scratch1/shared/schen3/benzoin-dg-restored/data/cross_benzoin/bde_homo_product_featurize_20260902/chunk_1175/geom.tar.zst,ald_xyz/a000099.xyz,0.0656046922759969,0.0179368716319956,0,0,,test
138084,138084,CCOC(=O)C(F)(F)Oc1ccc(C(=O)C(O)c2ccc(OC(F)(F)C(=O)OCC)c(Cl)c2)cc1Cl,CCOC(=O)C(F)(F)Oc1ccc(C=O)cc1Cl,/gpfs/scratch1/shared/schen3/benzoin-dg-restored/data/cross_benzoin/bde_homo_product_featurize_20260902/chunk_1380/geom.tar.zst,xyz/p000084.xyz,/gpfs/scratch1/shared/schen3/benzoin-dg-restored/data/cross_benzoin/bde_homo_product_featurize_20260902/chunk_1380/geom.tar.zst,ald_xyz/a000003.xyz,0.2403241233919999,0.1056815245809943,0,0,4.984884971527033,train
101821,101821,O=C(C1NCc2c1ccnc2-c1cc(-c2cc(F)cc(Cl)c2)n(-c2cccnc2)n1)C(O)C1NCc2c1ccnc2-c1cc(-c2cc(F)cc(Cl)c2)n(-c2cccnc2)n1,O=CC1NCc2c1ccnc2-c1cc(-c2cc(F)cc(Cl)c2)n(-c2cccnc2)n1,/gpfs/scratch1/shared/schen3/benzoin-dg-restored/data/cross_benzoin/bde_homo_product_featurize_20260902/chunk_1018/geom.tar.zst,xyz/p000021.xyz,/gpfs/scratch1/shared/schen3/benzoin-dg-restored/data/cross_benzoin/bde_homo_product_featurize_20260902/chunk_1018/geom.tar.zst,ald_xyz/a000079.xyz,0.4905901624579769,0.2286871388450038,0,0,,validation
182372,182372,O=C(c1cc(C(=O)N2CCCC2)ccc1F)C(O)c1cc(C(=O)N2CCCC2)ccc1F,O=Cc1cc(C(=O)N2CCCC2)ccc1F,/gpfs/scratch1/shared/schen3/benzoin-dg-restored/data/cross_benzoin/bde_homo_product_featurize_20260902/chunk_1823/geom.tar.zst,xyz/p000072.xyz,/gpfs/scratch1/shared/schen3/benzoin-dg-restored/data/cross_benzoin/bde_homo_product_featurize_20260902/chunk_1823/geom.tar.zst,ald_xyz/a000071.xyz,0.3224008252829975,0.146287398672996,0,0,,train
141703,141703,O=C(c1ccc(N2CCS(=O)CC2)c(C(F)(F)F)c1)C(O)c1ccc(N2CCS(=O)CC2)c(C(F)(F)F)c1,O=Cc1ccc(N2CCS(=O)CC2)c(C(F)(F)F)c1,/gpfs/scratch1/shared/schen3/benzoin-dg-restored/data/cross_benzoin/bde_homo_product_featurize_20260902/chunk_1417/geom.tar.zst,xyz/p000003.xyz,/gpfs/scratch1/shared/schen3/benzoin-dg-restored/data/cross_benzoin/bde_homo_product_featurize_20260902/chunk_1417/geom.tar.zst,ald_xyz/a000098.xyz,0.3246010038800051,0.1462569929339991,0,0,,validation
169457,169457,O=C(c1nc(C(F)F)c(F)cc1C(F)(F)F)C(O)c1nc(C(F)F)c(F)cc1C(F)(F)F,O=Cc1nc(C(F)F)c(F)cc1C(F)(F)F,/gpfs/scratch1/shared/schen3/benzoin-dg-restored/data/cross_benzoin/bde_homo_product_featurize_20260902/chunk_1694/geom.tar.zst,xyz/p000057.xyz,/gpfs/scratch1/shared/schen3/benzoin-dg-restored/data/cross_benzoin/bde_homo_product_featurize_20260902/chunk_1694/geom.tar.zst,ald_xyz/a000096.xyz,0.1152614791050012,0.042257004238003,0,0,,train
115686,115686,C=CCC(C)(CC(=O)C(O)CC(C)(CC=C)O[Si](C)(C)C)O[Si](C)(C)C,C=CC[C@@](C)(CC=O)O[Si](C)(C)C,/gpfs/scratch1/shared/schen3/benzoin-dg-restored/data/cross_benzoin/bde_homo_product_featurize_20260902/chunk_1156/geom.tar.zst,xyz/p000086.xyz,/gpfs/scratch1/shared/schen3/benzoin-dg-restored/data/cross_benzoin/bde_homo_product_featurize_20260902/chunk_1156/geom.tar.zst,ald_xyz/a000004.xyz,0.4575811979329955,0.2098745545100016,0,0,,
65683,65683,COc1cc(F)ccc1Oc1ccc(C(F)(F)F)cc1C(=O)C(O)c1cc(C(F)(F)F)ccc1Oc1ccc(F)cc1OC,COc1cc(F)ccc1Oc1ccc(C(F)(F)F)cc1C=O,/gpfs/scratch1/shared/schen3/benzoin-dg-restored/data/cross_benzoin/bde_homo_product_featurize_20260902/chunk_0656/geom.tar.zst,xyz/p000083.xyz,/gpfs/scratch1/shared/schen3/benzoin-dg-restored/data/cross_benzoin/bde_homo_product_featurize_20260902/chunk_0656/geom.tar.zst,ald_xyz/a000028.xyz,0.319034061038991,0.1379484287139973,0,0,,train
25033,25033,CC(=O)c1cccc(C(=O)C(O)c2cccc(C(C)=O)c2C(C)=O)c1C(C)=O,CC(=O)c1cccc(C=O)c1C(C)=O,/gpfs/scratch1/shared/schen3/benzoin-dg-restored/data/cross_benzoin/bde_homo_product_featurize_20260902/chunk_0250/geom.tar.zst,xyz/p000033.xyz,/gpfs/scratch1/shared/schen3/benzoin-dg-restored/data/cross_benzoin/bde_homo_product_featurize_20260902/chunk_0250/geom.tar.zst,ald_xyz/a000010.xyz,0.2576054520330046,0.1117501061490031,0,0,,train
172059,172059,O=C(c1cnc(CC2CC2)c(F)c1)C(O)c1cnc(CC2CC2)c(F)c1,O=Cc1cnc(CC2CC2)c(F)c1,/gpfs/scratch1/shared/schen3/benzoin-dg-restored/data/cross_benzoin/bde_homo_product_featurize_20260902/chunk_1720/geom.tar.zst,xyz/p000059.xyz,/gpfs/scratch1/shared/schen3/benzoin-dg-restored/data/cross_benzoin/bde_homo_product_featurize_20260902/chunk_1720/geom.tar.zst,ald_xyz/a000084.xyz,0.2639669219519902,0.1182885059020009,0,0,,train
134241,134241,O=C(c1cccc(Br)c1OCc1ccc(F)cc1F)C(O)c1cccc(Br)c1OCc1ccc(F)cc1F,O=Cc1cccc(Br)c1OCc1ccc(F)cc1F,/gpfs/scratch1/shared/schen3/benzoin-dg-restored/data/cross_benzoin/bde_homo_product_featurize_20260902/chunk_1342/geom.tar.zst,xyz/p000041.xyz,/gpfs/scratch1/shared/schen3/benzoin-dg-restored/data/cross_benzoin/bde_homo_product_featurize_20260902/chunk_1342/geom.tar.zst,ald_xyz/a000081.xyz,0.2685681187039961,0.1184763169069995,0,0,,train
89214,89214,O=C(C(CO)Cc1c(-c2ccc(F)cc2)[nH]c2c(F)cc(F)cc12)C(O)C(CO)Cc1c(-c2ccc(F)cc2)[nH]c2c(F)cc(F)cc12,O=CC(CO)Cc1c(-c2ccc(F)cc2)[nH]c2c(F)cc(F)cc12,/gpfs/scratch1/shared/schen3/benzoin-dg-restored/data/cross_benzoin/bde_homo_product_featurize_20260902/chunk_0892/geom.tar.zst,xyz/p000014.xyz,/gpfs/scratch1/shared/schen3/benzoin-dg-restored/data/cross_benzoin/bde_homo_product_featurize_20260902/chunk_0892/geom.tar.zst,ald_xyz/a000084.xyz,0.4216011863049971,0.1903160137839989,0,0,,train
14086,14086,COc1ccccc1OCCNCC(OC1OC(C(=O)O)C(O)C(O)C1O)C(=O)C(O)C(CNCCOc1ccccc1OC)OC1OC(C(=O)O)C(O)C(O)C1O,COc1ccccc1OCCNCC(C=O)OC1OC(C(=O)O)C(O)C(O)C1O,/gpfs/scratch1/shared/schen3/benzoin-dg-restored/data/cross_benzoin/bde_homo_product_featurize_20260902/chunk_0140/geom.tar.zst,xyz/p000086.xyz,/gpfs/scratch1/shared/schen3/benzoin-dg-restored/data/cross_benzoin/bde_homo_product_featurize_20260902/chunk_0140/geom.tar.zst,ald_xyz/a000059.xyz,0.6491324074039824,11.447587229552994,0,0,,validation
219067,219067,O=C(CCCCCNc1ccc([N+](=O)[O-])cc1[N+](=O)[O-])C(O)CCCCCNc1ccc([N+](=O)[O-])cc1[N+](=O)[O-],O=CCCCCCNc1ccc([N+](=O)[O-])cc1[N+](=O)[O-],/gpfs/scratch1/shared/schen3/benzoin-dg-restored/data/cross_benzoin/bde_homo_product_featurize_20260902/chunk_2190/geom.tar.zst,xyz/p000067.xyz,/gpfs/scratch1/shared/schen3/benzoin-dg-restored/data/cross_benzoin/bde_homo_product_featurize_20260902/chunk_2190/geom.tar.zst,ald_xyz/a000092.xyz,0.3738441240899988,0.1696324048389996,0,0,1.396886349742394,train
92712,92712,O=C(CN1CCC(CNc2ncnc(N(Cc3ccc(C(F)(F)F)cc3)C3CC3)c2F)CC1)C(O)CN1CCC(CNc2ncnc(N(Cc3ccc(C(F)(F)F)cc3)C3CC3)c2F)CC1,O=CCN1CCC(CNc2ncnc(N(Cc3ccc(C(F)(F)F)cc3)C3CC3)c2F)CC1,/gpfs/scratch1/shared/schen3/benzoin-dg-restored/data/cross_benzoin/bde_homo_product_featurize_20260902/chunk_0927/geom.tar.zst,xyz/p000012.xyz,/gpfs/scratch1/shared/schen3/benzoin-dg-restored/data/cross_benzoin/bde_homo_product_featurize_20260902/chunk_0927/geom.tar.zst,ald_xyz/a000095.xyz,0.762921664065999,0.366067871205999,0,0,,train
97259,97259,O=C(c1ccc(C2=CCC(C3CCCC3)CC2)c(F)c1F)C(O)c1ccc(C2=CCC(C3CCCC3)CC2)c(F)c1F,O=Cc1ccc(C2=CCC(C3CCCC3)CC2)c(F)c1F,/gpfs/scratch1/shared/schen3/benzoin-dg-restored/data/cross_benzoin/bde_homo_product_featurize_20260902/chunk_0972/geom.tar.zst,xyz/p000059.xyz,/gpfs/scratch1/shared/schen3/benzoin-dg-restored/data/cross_benzoin/bde_homo_product_featurize_20260902/chunk_0972/geom.tar.zst,ald_xyz/a000084.xyz,0.5522387031819989,0.2609187845259981,0,0,,test
85336,85336,O=C(NCc1cn2ncc(C(=O)C(O)c3cnn4cc(CNC(=O)c5cnn(CCC(F)(F)F)n5)nc4c3)cc2n1)c1cnn(CCC(F)(F)F)n1,O=Cc1cnn2cc(CNC(=O)c3cnn(CCC(F)(F)F)n3)nc2c1,/gpfs/scratch1/shared/schen3/benzoin-dg-restored/data/cross_benzoin/bde_homo_product_featurize_20260902/chunk_0853/geom.tar.zst,xyz/p000036.xyz,/gpfs/scratch1/shared/schen3/benzoin-dg-restored/data/cross_benzoin/bde_homo_product_featurize_20260902/chunk_0853/geom.tar.zst,ald_xyz/a000099.xyz,0.3597352040129919,0.1652798370679988,0,0,,validation
93956,93956,CC(Nc1ccn2ncc(C(=O)NC(C)(C)C(=O)C(O)C(C)(C)NC(=O)c3cnn4ccc(NC(C)c5cc(F)cc(F)c5F)nc34)c2n1)c1cc(F)cc(F)c1F,C[C@@H](Nc1ccn2ncc(C(=O)NC(C)(C)C=O)c2n1)c1cc(F)cc(F)c1F,/gpfs/scratch1/shared/schen3/benzoin-dg-restored/data/cross_benzoin/bde_homo_product_featurize_20260902/chunk_0939/geom.tar.zst,xyz/p000056.xyz,/gpfs/scratch1/shared/schen3/benzoin-dg-restored/data/cross_benzoin/bde_homo_product_featurize_20260902/chunk_0939/geom.tar.zst,ald_xyz/a000051.xyz,0.5545538734389766,0.2401121918420017,0,0,,train
151768,151768,CC(C)(c1ccccc1C(=O)C(O)c1ccccc1C(C)(C)C(F)F)C(F)F,CC(C)(c1ccccc1C=O)C(F)F,/gpfs/scratch1/shared/schen3/benzoin-dg-restored/data/cross_benzoin/bde_homo_product_featurize_20260902/chunk_1517/geom.tar.zst,xyz/p000068.xyz,/gpfs/scratch1/shared/schen3/benzoin-dg-restored/data/cross_benzoin/bde_homo_product_featurize_20260902/chunk_1517/geom.tar.zst,ald_xyz/a000002.xyz,0.3188141049210031,0.1433620965160003,0,0,,train
319,319,CC(C)c1ccc2c(c1)CCC1C(C)(C(=O)C(O)C3(C)CCCC4(C)c5ccc(C(C)C)cc5CCC43)CCCC21C,CC(C)c1ccc2c(c1)CC[C@H]1[C@](C)(C=O)CCC[C@]21C,/gpfs/scratch1/shared/schen3/benzoin-dg-restored/data/cross_benzoin/bde_homo_product_featurize_20260902/chunk_0003/geom.tar.zst,xyz/p000019.xyz,/gpfs/scratch1/shared/schen3/benzoin-dg-restored/data/cross_benzoin/bde_homo_product_featurize_20260902/chunk_0003/geom.tar.zst,ald_xyz/a000009.xyz,0.7541367201960014,0.3582704031009953,0,0,,train
32479,32479,O=C(C1CC(Oc2ccc(F)cc2)C1)C(O)C1CC(Oc2ccc(F)cc2)C1,O=CC1CC(Oc2ccc(F)cc2)C1,/gpfs/scratch1/shared/schen3/benzoin-dg-restored/data/cross_benzoin/bde_homo_product_featurize_20260902/chunk_0324/geom.tar.zst,xyz/p000079.xyz,/gpfs/scratch1/shared/schen3/benzoin-dg-restored/data/cross_benzoin/bde_homo_product_featurize_20260902/chunk_0324/geom.tar.zst,ald_xyz/a000078.xyz,0.2941723198429997,0.131619654269997,0,0,,train
196009,196009,COCOc1ccccc1-c1cccc(F)c1C(=O)C(O)c1c(F)cccc1-c1ccccc1OCOC,COCOc1ccccc1-c1cccc(F)c1C=O,/gpfs/scratch1/shared/schen3/benzoin-dg-restored/data/cross_benzoin/bde_homo_product_featurize_20260902/chunk_1960/geom.tar.zst,xyz/p000009.xyz,/gpfs/scratch1/shared/schen3/benzoin-dg-restored/data/cross_benzoin/bde_homo_product_featurize_20260902/chunk_1960/geom.tar.zst,ald_xyz/a000016.xyz,0.375984742247013,0.1703946275149945,0,0,,train
31142,31142,O=C(c1ccc(OC(F)F)c(OC2CCOC2)c1)C(O)c1ccc(OC(F)F)c(OC2CCOC2)c1,O=Cc1ccc(OC(F)F)c(OC2CCOC2)c1,/gpfs/scratch1/shared/schen3/benzoin-dg-restored/data/cross_benzoin/bde_homo_product_featurize_20260902/chunk_0311/geom.tar.zst,xyz/p000042.xyz,/gpfs/scratch1/shared/schen3/benzoin-dg-restored/data/cross_benzoin/bde_homo_product_featurize_20260902/chunk_0311/geom.tar.zst,ald_xyz/a000081.xyz,0.3322417036540059,0.1511292988679997,0,0,10.155994637412526,train
94531,94531,CN=Cc1cc(-c2cc(CNC)c(C(=O)C(O)c3cc(-c4ccc(F)cc4)c(-c4ccc(N)c(C=NC)c4)cc3CNC)cc2-c2ccc(F)cc2)ccc1N,CN=Cc1cc(-c2cc(CNC)c(C=O)cc2-c2ccc(F)cc2)ccc1N,/gpfs/scratch1/shared/schen3/benzoin-dg-restored/data/cross_benzoin/bde_homo_product_featurize_20260902/chunk_0945/geom.tar.zst,xyz/p000031.xyz,/gpfs/scratch1/shared/schen3/benzoin-dg-restored/data/cross_benzoin/bde_homo_product_featurize_20260902/chunk_0945/geom.tar.zst,ald_xyz/a000028.xyz,0.6324627077769946,0.2954492075499928,0,0,,train
35607,35607,COc1ccc(-c2cncc(F)c2)cc1C(=O)C(O)c1cc(-c2cncc(F)c2)ccc1OC,COc1ccc(-c2cncc(F)c2)cc1C=O,/gpfs/scratch1/shared/schen3/benzoin-dg-restored/data/cross_benzoin/bde_homo_product_featurize_20260902/chunk_0356/geom.tar.zst,xyz/p000007.xyz,/gpfs/scratch1/shared/schen3/benzoin-dg-restored/data/cross_benzoin/bde_homo_product_featurize_20260902/chunk_0356/geom.tar.zst,ald_xyz/a000039.xyz,0.2910328811960028,0.1280334318750036,0,0,,train
220397,220397,COc1cc(OCC(=O)C(O)COc2cc(OC)c(OC)c(OC)c2)cc(OC)c1OC,COc1cc(OCC=O)cc(OC)c1OC,/gpfs/scratch1/shared/schen3/benzoin-dg-restored/data/cross_benzoin/bde_homo_product_featurize_20260902/chunk_2203/geom.tar.zst,xyz/p000097.xyz,/gpfs/scratch1/shared/schen3/benzoin-dg-restored/data/cross_benzoin/bde_homo_product_featurize_20260902/chunk_2203/geom.tar.zst,ald_xyz/a000053.xyz,0.3597228873879885,0.1598611307430033,0,0,,train
145012,145012,Cc1cc(-c2ccnc(C(=O)C(O)c3nccc(-c4ccc(F)c(C)c4)n3)n2)ccc1F,Cc1cc(-c2ccnc(C=O)n2)ccc1F,/gpfs/scratch1/shared/schen3/benzoin-dg-restored/data/cross_benzoin/bde_homo_product_featurize_20260902/chunk_1450/geom.tar.zst,xyz/p000012.xyz,/gpfs/scratch1/shared/schen3/benzoin-dg-restored/data/cross_benzoin/bde_homo_product_featurize_20260902/chunk_1450/geom.tar.zst,ald_xyz/a000032.xyz,0.2640613523009989,0.1149626754110002,0,0,-0.8693657931935114,train
200384,200384,COC(=O)c1cc(OC)ccc1-c1cc(C(=O)C(O)c2cc(-c3ccc(OC)cc3C(=O)OC)c(OC)c(OC)c2OC)c(OC)c(OC)c1OC,COC(=O)c1cc(OC)ccc1-c1cc(C=O)c(OC)c(OC)c1OC,/gpfs/scratch1/shared/schen3/benzoin-dg-restored/data/cross_benzoin/bde_homo_product_featurize_20260902/chunk_2003/geom.tar.zst,xyz/p000084.xyz,/gpfs/scratch1/shared/schen3/benzoin-dg-restored/data/cross_benzoin/bde_homo_product_featurize_20260902/chunk_2003/geom.tar.zst,ald_xyz/a000027.xyz,0.5470045577010012,0.2545229584429904,0,0,,
132221,132221,CN(CC(=O)C(O)CN(C)Cc1ccc(F)cc1)Cc1ccc(F)cc1,CN(CC=O)Cc1ccc(F)cc1,/gpfs/scratch1/shared/schen3/benzoin-dg-restored/data/cross_benzoin/bde_homo_product_featurize_20260902/chunk_1322/geom.tar.zst,xyz/p000021.xyz,/gpfs/scratch1/shared/schen3/benzoin-dg-restored/data/cross_benzoin/bde_homo_product_featurize_20260902/chunk_1322/geom.tar.zst,ald_xyz/a000024.xyz,0.3059722298050076,11.168312586394002,0,0,-1.8746763020693469,train
181273,181273,O=C(c1[nH]nc2cc(F)cc(O)c12)C(O)c1[nH]nc2cc(F)cc(O)c12,O=Cc1[nH]nc2cc(F)cc(O)c12,/gpfs/scratch1/shared/schen3/benzoin-dg-restored/data/cross_benzoin/bde_homo_product_featurize_20260902/chunk_1812/geom.tar.zst,xyz/p000073.xyz,/gpfs/scratch1/shared/schen3/benzoin-dg-restored/data/cross_benzoin/bde_homo_product_featurize_20260902/chunk_1812/geom.tar.zst,ald_xyz/a000074.xyz,0.1480243164629939,0.0563934748549996,0,0,,train
12713,12713,O=C(O)CCn1cc(C(=O)C(O)c2cn(CCC(=O)O)nc2-c2cccc(Cl)c2)c(-c2cccc(Cl)c2)n1,O=Cc1cn(CCC(=O)O)nc1-c1cccc(Cl)c1,/gpfs/scratch1/shared/schen3/benzoin-dg-restored/data/cross_benzoin/bde_homo_product_featurize_20260902/chunk_0127/geom.tar.zst,xyz/p000013.xyz,/gpfs/scratch1/shared/schen3/benzoin-dg-restored/data/cross_benzoin/bde_homo_product_featurize_20260902/chunk_0127/geom.tar.zst,ald_xyz/a000097.xyz,0.3008678293430051,0.1293750075019986,0,0,,train
127604,127604,CCOc1cc(C(=O)C(O)c2ccc(OCC(=O)Nc3ccc(F)cc3Cl)c(OCC)c2)ccc1OCC(=O)Nc1ccc(F)cc1Cl,CCOc1cc(C=O)ccc1OCC(=O)Nc1ccc(F)cc1Cl,/gpfs/scratch1/shared/schen3/benzoin-dg-restored/data/cross_benzoin/bde_homo_product_featurize_20260902/chunk_1276/geom.tar.zst,xyz/p000004.xyz,/gpfs/scratch1/shared/schen3/benzoin-dg-restored/data/cross_benzoin/bde_homo_product_featurize_20260902/chunk_1276/geom.tar.zst,ald_xyz/a000013.xyz,0.4233253040580109,0.3669060071639904,0,0,,train
31585,31585,CS(=O)(=O)c1ccc(-c2cc(C(F)(F)F)nn2-c2ccc(NCC(=O)C(O)CNc3ccc(-n4nc(C(F)(F)F)cc4-c4ccc(S(C)(=O)=O)cc4)cc3)cc2)cc1,CS(=O)(=O)c1ccc(-c2cc(C(F)(F)F)nn2-c2ccc(NCC=O)cc2)cc1,/gpfs/scratch1/shared/schen3/benzoin-dg-restored/data/cross_benzoin/bde_homo_product_featurize_20260902/chunk_0315/geom.tar.zst,xyz/p000085.xyz,/gpfs/scratch1/shared/schen3/benzoin-dg-restored/data/cross_benzoin/bde_homo_product_featurize_20260902/chunk_0315/geom.tar.zst,ald_xyz/a000066.xyz,0.4694166511619926,0.209143325198994,0,0,11.413373576312916,train
49576,49576,CS(=O)(=O)c1ccc(CC(=O)C(O)Cc2ccc(S(C)(=O)=O)c(F)c2-c2ccc(Br)cc2)c(-c2ccc(Br)cc2)c1F,CS(=O)(=O)c1ccc(CC=O)c(-c2ccc(Br)cc2)c1F,/gpfs/scratch1/shared/schen3/benzoin-dg-restored/data/cross_benzoin/bde_homo_product_featurize_20260902/chunk_0495/geom.tar.zst,xyz/p000076.xyz,/gpfs/scratch1/shared/schen3/benzoin-dg-restored/data/cross_benzoin/bde_homo_product_featurize_20260902/chunk_0495/geom.tar.zst,ald_xyz/a000046.xyz,0.3205058805669978,0.1403288763940011,0,0,,train
140885,140885,Cc1cc(C(=O)C(O)c2cc(C)c(OCc3cccc(F)c3Br)c(C)c2)cc(C)c1OCc1cccc(F)c1Br,Cc1cc(C=O)cc(C)c1OCc1cccc(F)c1Br,/gpfs/scratch1/shared/schen3/benzoin-dg-restored/data/cross_benzoin/bde_homo_product_featurize_20260902/chunk_1408/geom.tar.zst,xyz/p000085.xyz,/gpfs/scratch1/shared/schen3/benzoin-dg-restored/data/cross_benzoin/bde_homo_product_featurize_20260902/chunk_1408/geom.tar.zst,ald_xyz/a000040.xyz,0.3800418972149941,0.1716691101660004,0,0,,train
91442,91442,O=C(c1cc(OC2CCOC2)ccc1F)C(O)c1cc(OC2CCOC2)ccc1F,O=Cc1cc(O[C@H]2CCOC2)ccc1F,/gpfs/scratch1/shared/schen3/benzoin-dg-restored/data/cross_benzoin/bde_homo_product_featurize_20260902/chunk_0914/geom.tar.zst,xyz/p000042.xyz,/gpfs/scratch1/shared/schen3/benzoin-dg-restored/data/cross_benzoin/bde_homo_product_featurize_20260902/chunk_0914/geom.tar.zst,ald_xyz/a000086.xyz,0.2980564173960118,0.1346398954770009,0,0,2.771812356486172,test
44802,44802,CC(C)(C(=O)C(O)C(C)(C)C(F)(F)C(F)(F)F)C(F)(F)C(F)(F)F,CC(C)(C=O)C(F)(F)C(F)(F)F,/gpfs/scratch1/shared/schen3/benzoin-dg-restored/data/cross_benzoin/bde_homo_product_featurize_20260902/chunk_0448/geom.tar.zst,xyz/p000002.xyz,/gpfs/scratch1/shared/schen3/benzoin-dg-restored/data/cross_benzoin/bde_homo_product_featurize_20260902/chunk_0448/geom.tar.zst,ald_xyz/a000005.xyz,0.1812426435199938,0.0755475180359965,0,0,9.418235606101948,validation
38881,38881,CCn1nccc1N(c1nc(C(C)C)c(C(=O)C(O)c2c(C(C)C)nc(N(c3ccnn3CC)S(C)(=O)=O)c(C)c2-c2ccc(F)cc2)c(-c2ccc(F)cc2)c1C)S(C)(=O)=O,CCn1nccc1N(c1nc(C(C)C)c(C=O)c(-c2ccc(F)cc2)c1C)S(C)(=O)=O,/gpfs/scratch1/shared/schen3/benzoin-dg-restored/data/cross_benzoin/bde_homo_product_featurize_20260902/chunk_0388/geom.tar.zst,xyz/p000081.xyz,/gpfs/scratch1/shared/schen3/benzoin-dg-restored/data/cross_benzoin/bde_homo_product_featurize_20260902/chunk_0388/geom.tar.zst,ald_xyz/a000023.xyz,0.7031984333379739,0.3276810418509939,0,0,17.616510193904986,test
47488,47488,NC(C(=O)C(O)C(N)C(c1ccc(Oc2ccc([N+](=O)[O-])cn2)cc1)N1CCCC1C(F)(F)F)C(c1ccc(Oc2ccc([N+](=O)[O-])cn2)cc1)N1CCCC1C(F)(F)F,N[C@H](C=O)C(c1ccc(Oc2ccc([N+](=O)[O-])cn2)cc1)N1CCC[C@H]1C(F)(F)F,/gpfs/scratch1/shared/schen3/benzoin-dg-restored/data/cross_benzoin/bde_homo_product_featurize_20260902/chunk_0474/geom.tar.zst,xyz/p000088.xyz,/gpfs/scratch1/shared/schen3/benzoin-dg-restored/data/cross_benzoin/bde_homo_product_featurize_20260902/chunk_0474/geom.tar.zst,ald_xyz/a000053.xyz,0.5592183306449954,0.2586812058279975,0,0,,validation
104580,104580,CCCCC(=O)ONC(c1ccc(-c2cc(C(=O)C(O)c3ccc(OCOC)c(-c4ccc(C(NOC(=O)CCCC)C(F)(F)F)cc4F)c3)ccc2OCOC)c(F)c1)C(F)(F)F,CCCCC(=O)ONC(c1ccc(-c2cc(C=O)ccc2OCOC)c(F)c1)C(F)(F)F,/gpfs/scratch1/shared/schen3/benzoin-dg-restored/data/cross_benzoin/bde_homo_product_featurize_20260902/chunk_1045/geom.tar.zst,xyz/p000080.xyz,/gpfs/scratch1/shared/schen3/benzoin-dg-restored/data/cross_benzoin/bde_homo_product_featurize_20260902/chunk_1045/geom.tar.zst,ald_xyz/a000012.xyz,0.6403380883220109,0.3039664919949985,0,0,,train
125309,125309,COc1ccc(N2C(=O)C(n3cc(C(=O)C(O)c4cn(C5C(=O)N(c6ccc(OC)cc6)C5c5ccc([N+](=O)[O-])cc5)c5ccccc45)c4ccccc43)C2c2ccc([N+](=O)[O-])cc2)cc1,COc1ccc(N2C(=O)C(n3cc(C=O)c4ccccc43)C2c2ccc([N+](=O)[O-])cc2)cc1,/gpfs/scratch1/shared/schen3/benzoin-dg-restored/data/cross_benzoin/bde_homo_product_featurize_20260902/chunk_1253/geom.tar.zst,xyz/p000009.xyz,/gpfs/scratch1/shared/schen3/benzoin-dg-restored/data/cross_benzoin/bde_homo_product_featurize_20260902/chunk_1253/geom.tar.zst,ald_xyz/a000047.xyz,0.5866647744749969,0.2723643544379968,0,0,,test
173534,173534,Cc1nc(C(F)F)cc(C(=O)C(O)c2cc(C(F)F)nc(C)c2O)c1O,Cc1nc(C(F)F)cc(C=O)c1O,/gpfs/scratch1/shared/schen3/benzoin-dg-restored/data/cross_benzoin/bde_homo_product_featurize_20260902/chunk_1735/geom.tar.zst,xyz/p000034.xyz,/gpfs/scratch1/shared/schen3/benzoin-dg-restored/data/cross_benzoin/bde_homo_product_featurize_20260902/chunk_1735/geom.tar.zst,ald_xyz/a000055.xyz,0.1835825402369977,0.0781247597209997,0,0,,train
220552,220552,CCCCC=COc1ccc(C(=O)C(O)c2ccc(OC=CCCCC)cc2)cc1,CCCC/C=C/Oc1ccc(C=O)cc1,/gpfs/scratch1/shared/schen3/benzoin-dg-restored/data/cross_benzoin/bde_homo_product_featurize_20260902/chunk_2205/geom.tar.zst,xyz/p000052.xyz,/gpfs/scratch1/shared/schen3/benzoin-dg-restored/data/cross_benzoin/bde_homo_product_featurize_20260902/chunk_2205/geom.tar.zst,ald_xyz/a000020.xyz,0.4031156410090091,0.1873476344740012,0,0,,train
44913,44913,CC(C)(C)OC(CC(=O)C(O)CC(Cc1cccc(F)c1)(OC(C)(C)C)C(=O)O)(Cc1cccc(F)c1)C(=O)O,CC(C)(C)OC(CC=O)(Cc1cccc(F)c1)C(=O)O,/gpfs/scratch1/shared/schen3/benzoin-dg-restored/data/cross_benzoin/bde_homo_product_featurize_20260902/chunk_0449/geom.tar.zst,xyz/p000013.xyz,/gpfs/scratch1/shared/schen3/benzoin-dg-restored/data/cross_benzoin/bde_homo_product_featurize_20260902/chunk_0449/geom.tar.zst,ald_xyz/a000006.xyz,0.495118852755013,0.2295883564810026,0,0,,train
30893,30893,CC(C)Cc1cc2c(c(-c3cc(C(=O)C(O)c4ccc(OC(F)(F)F)c(-c5cc(CC(C)C)cc6c5OCO6)c4)ccc3OC(F)(F)F)c1)OCO2,CC(C)Cc1cc2c(c(-c3cc(C=O)ccc3OC(F)(F)F)c1)OCO2,/gpfs/scratch1/shared/schen3/benzoin-dg-restored/data/cross_benzoin/bde_homo_product_featurize_20260902/chunk_0308/geom.tar.zst,xyz/p000093.xyz,/gpfs/scratch1/shared/schen3/benzoin-dg-restored/data/cross_benzoin/bde_homo_product_featurize_20260902/chunk_0308/geom.tar.zst,ald_xyz/a000004.xyz,0.5016706716390047,0.2341143357690072,0,0,,train
124483,124483,COc1ccc(-c2c(C(=O)C(O)c3cc(OC)c(OC)c(OC)c3-c3ccc(OC)c(OC)c3OC)cc(OC)c(OC)c2OC)c(OC)c1OC,COc1ccc(-c2c(C=O)cc(OC)c(OC)c2OC)c(OC)c1OC,/gpfs/scratch1/shared/schen3/benzoin-dg-restored/data/cross_benzoin/bde_homo_product_featurize_20260902/chunk_1244/geom.tar.zst,xyz/p000083.xyz,/gpfs/scratch1/shared/schen3/benzoin-dg-restored/data/cross_benzoin/bde_homo_product_featurize_20260902/chunk_1244/geom.tar.zst,ald_xyz/a000048.xyz,0.6002460562640124,0.2767458594379945,0,0,,train
96747,96747,Cc1ccc(N=C2C=C(CCNS)C(Cc3cc(F)cc(F)c3)(C(=O)C(O)C3(Cc4cc(F)cc(F)c4)CC(=CN)C(=Nc4ccc(C)cc4)C=C3CCNS)CC2=CN)cc1,Cc1ccc(N=C2C=C(CCNS)C(C=O)(Cc3cc(F)cc(F)c3)CC2=CN)cc1,/gpfs/scratch1/shared/schen3/benzoin-dg-restored/data/cross_benzoin/bde_homo_product_featurize_20260902/chunk_0967/geom.tar.zst,xyz/p000047.xyz,/gpfs/scratch1/shared/schen3/benzoin-dg-restored/data/cross_benzoin/bde_homo_product_featurize_20260902/chunk_0967/geom.tar.zst,ald_xyz/a000071.xyz,0.7075047786160269,0.3255103711830003,0,0,,validation
149725,149725,Cc1ccc(F)cc1OCc1ccc(C(=O)C(O)c2ccc(COc3cc(F)ccc3C)o2)o1,Cc1ccc(F)cc1OCc1ccc(C=O)o1,/gpfs/scratch1/shared/schen3/benzoin-dg-restored/data/cross_benzoin/bde_homo_product_featurize_20260902/chunk_1497/geom.tar.zst,xyz/p000025.xyz,/gpfs/scratch1/shared/schen3/benzoin-dg-restored/data/cross_benzoin/bde_homo_product_featurize_20260902/chunk_1497/geom.tar.zst,ald_xyz/a000030.xyz,0.3051565248940022,0.1372023316760007,0,0,,train
188195,188195,O=C(c1ccc(-c2ccc(F)cc2S(=O)(=O)C(F)(F)F)o1)C(O)c1ccc(-c2ccc(F)cc2S(=O)(=O)C(F)(F)F)o1,O=Cc1ccc(-c2ccc(F)cc2S(=O)(=O)C(F)(F)F)o1,/gpfs/scratch1/shared/schen3/benzoin-dg-restored/data/cross_benzoin/bde_homo_product_featurize_20260902/chunk_1881/geom.tar.zst,xyz/p000095.xyz,/gpfs/scratch1/shared/schen3/benzoin-dg-restored/data/cross_benzoin/bde_homo_product_featurize_20260902/chunk_1881/geom.tar.zst,ald_xyz/a000078.xyz,0.2100233461299865,0.0833238064410011,0,0,,train
218187,218187,O=C(c1c(O)cccc1C=Cc1ccccc1)C(O)c1c(O)cccc1C=Cc1ccccc1,O=Cc1c(O)cccc1/C=C/c1ccccc1,/gpfs/scratch1/shared/schen3/benzoin-dg-restored/data/cross_benzoin/bde_homo_product_featurize_20260902/chunk_2181/geom.tar.zst,xyz/p000087.xyz,/gpfs/scratch1/shared/schen3/benzoin-dg-restored/data/cross_benzoin/bde_homo_product_featurize_20260902/chunk_2181/geom.tar.zst,ald_xyz/a000086.xyz,0.3420728848440006,0.153511277602,0,0,,train
79229,79229,O=C(C1CN(Cc2cnc(Oc3c(F)cccc3F)nc2)CCO1)C(O)C1CN(Cc2cnc(Oc3c(F)cccc3F)nc2)CCO1,O=C[C@@H]1CN(Cc2cnc(Oc3c(F)cccc3F)nc2)CCO1,/gpfs/scratch1/shared/schen3/benzoin-dg-restored/data/cross_benzoin/bde_homo_product_featurize_20260902/chunk_0792/geom.tar.zst,xyz/p000029.xyz,/gpfs/scratch1/shared/schen3/benzoin-dg-restored/data/cross_benzoin/bde_homo_product_featurize_20260902/chunk_0792/geom.tar.zst,ald_xyz/a000066.xyz,0.4445648872830077,0.2028685422920091,0,0,,train
85231,85231,CNC(=O)C(CCC(=O)C(O)CCC(C(=O)NC)N(C=O)C(=O)c1cc(F)ccc1C)N(C=O)C(=O)c1cc(F)ccc1C,CNC(=O)C(CCC=O)N(C=O)C(=O)c1cc(F)ccc1C,/gpfs/scratch1/shared/schen3/benzoin-dg-restored/data/cross_benzoin/bde_homo_product_featurize_20260902/chunk_0852/geom.tar.zst,xyz/p000031.xyz,/gpfs/scratch1/shared/schen3/benzoin-dg-restored/data/cross_benzoin/bde_homo_product_featurize_20260902/chunk_0852/geom.tar.zst,ald_xyz/a000023.xyz,0.4551207319699983,0.2106181684790016,0,0,,train
34366,34366,O=C(c1cc(-c2ccccc2F)ccc1F)C(O)c1cc(-c2ccccc2F)ccc1F,O=Cc1cc(-c2ccccc2F)ccc1F,/gpfs/scratch1/shared/schen3/benzoin-dg-restored/data/cross_benzoin/bde_homo_product_featurize_20260902/chunk_0343/geom.tar.zst,xyz/p000066.xyz,/gpfs/scratch1/shared/schen3/benzoin-dg-restored/data/cross_benzoin/bde_homo_product_featurize_20260902/chunk_0343/geom.tar.zst,ald_xyz/a000053.xyz,0.2427726660619953,0.1070721554020011,0,0,,train
57797,57797,CC(C)(NC(=O)c1ccc(OC(F)(F)F)cc1)C(=O)C(O)C(C)(C)NC(=O)c1ccc(OC(F)(F)F)cc1,CC(C)(C=O)NC(=O)c1ccc(OC(F)(F)F)cc1,/gpfs/scratch1/shared/schen3/benzoin-dg-restored/data/cross_benzoin/bde_homo_product_featurize_20260902/chunk_0577/geom.tar.zst,xyz/p000097.xyz,/gpfs/scratch1/shared/schen3/benzoin-dg-restored/data/cross_benzoin/bde_homo_product_featurize_20260902/chunk_0577/geom.tar.zst,ald_xyz/a000002.xyz,0.3389499921539993,0.1453233237500057,0,0,12.568390876506871,train
19170,19170,CC(NC(=O)C(N)Cc1ccccc1)C(=O)C(O)C(C)NC(=O)C(N)Cc1ccccc1,C[C@@H](C=O)NC(=O)[C@@H](N)Cc1ccccc1,/gpfs/scratch1/shared/schen3/benzoin-dg-restored/data/cross_benzoin/bde_homo_product_featurize_20260902/chunk_0191/geom.tar.zst,xyz/p000070.xyz,/gpfs/scratch1/shared/schen3/benzoin-dg-restored/data/cross_benzoin/bde_homo_product_featurize_20260902/chunk_0191/geom.tar.zst,ald_xyz/a000025.xyz,0.4158916774200065,0.1879366873819989,0,0,6.242844486811052,train
118640,118640,CCC(C)CC(=O)c1cccc(C(=O)C(O)c2cccc(C(=O)CC(C)CC)c2)c1,CCC(C)CC(=O)c1cccc(C=O)c1,/gpfs/scratch1/shared/schen3/benzoin-dg-restored/data/cross_benzoin/bde_homo_product_featurize_20260902/chunk_1186/geom.tar.zst,xyz/p000040.xyz,/gpfs/scratch1/shared/schen3/benzoin-dg-restored/data/cross_benzoin/bde_homo_product_featurize_20260902/chunk_1186/geom.tar.zst,ald_xyz/a000015.xyz,0.4047115729000126,0.1871910158220018,0,0,,train
62273,62273,O=C(c1ccc(F)cc1OC1CC2CCC(C1)N2CCO)C(O)c1ccc(F)cc1OC1CC2CCC(C1)N2CCO,O=Cc1ccc(F)cc1OC1C[C@H]2CC[C@@H](C1)N2CCO,/gpfs/scratch1/shared/schen3/benzoin-dg-restored/data/cross_benzoin/bde_homo_product_featurize_20260902/chunk_0622/geom.tar.zst,xyz/p000073.xyz,/gpfs/scratch1/shared/schen3/benzoin-dg-restored/data/cross_benzoin/bde_homo_product_featurize_20260902/chunk_0622/geom.tar.zst,ald_xyz/a000092.xyz,0.5513127566129867,0.2561709371070009,0,0,,test
181947,181947,CNc1nc(Nc2cc(F)c(C(=O)C(O)c3cc(OC)c(Nc4nc(NC)c5c(C(F)(F)F)c[nH]c5n4)cc3F)cc2OC)nc2[nH]cc(C(F)(F)F)c12,CNc1nc(Nc2cc(F)c(C=O)cc2OC)nc2[nH]cc(C(F)(F)F)c12,/gpfs/scratch1/shared/schen3/benzoin-dg-restored/data/cross_benzoin/bde_homo_product_featurize_20260902/chunk_1819/geom.tar.zst,xyz/p000047.xyz,/gpfs/scratch1/shared/schen3/benzoin-dg-restored/data/cross_benzoin/bde_homo_product_featurize_20260902/chunk_1819/geom.tar.zst,ald_xyz/a000026.xyz,0.3959998706440046,0.1818467873540044,0,0,,train
109302,109302,O=C(c1ccccc1C#CCc1ccccc1)C(O)c1ccccc1C#CCc1ccccc1,O=Cc1ccccc1C#CCc1ccccc1,/gpfs/scratch1/shared/schen3/benzoin-dg-restored/data/cross_benzoin/bde_homo_product_featurize_20260902/chunk_1093/geom.tar.zst,xyz/p000002.xyz,/gpfs/scratch1/shared/schen3/benzoin-dg-restored/data/cross_benzoin/bde_homo_product_featurize_20260902/chunk_1093/geom.tar.zst,ald_xyz/a000096.xyz,0.3494145246050095,0.1537504761789989,0,0,,train
4874,4874,COc1cc(C=CC(=O)NCCCCn2c(CO)ccc2C(=O)C(O)c2ccc(CO)n2CCCCNC(=O)C=Cc2ccc(O)c(OC)c2)ccc1O,COc1cc(/C=C/C(=O)NCCCCn2c(C=O)ccc2CO)ccc1O,/gpfs/scratch1/shared/schen3/benzoin-dg-restored/data/cross_benzoin/bde_homo_product_featurize_20260902/chunk_0048/geom.tar.zst,xyz/p000074.xyz,/gpfs/scratch1/shared/schen3/benzoin-dg-restored/data/cross_benzoin/bde_homo_product_featurize_20260902/chunk_0048/geom.tar.zst,ald_xyz/a000056.xyz,0.6312587904070028,0.2964949320439984,0,0,,validation
181907,181907,COc1ccccc1-c1c(F)cc(F)cc1C(=O)C(O)c1cc(F)cc(F)c1-c1ccccc1OC,COc1ccccc1-c1c(F)cc(F)cc1C=O,/gpfs/scratch1/shared/schen3/benzoin-dg-restored/data/cross_benzoin/bde_homo_product_featurize_20260902/chunk_1819/geom.tar.zst,xyz/p000007.xyz,/gpfs/scratch1/shared/schen3/benzoin-dg-restored/data/cross_benzoin/bde_homo_product_featurize_20260902/chunk_1819/geom.tar.zst,ald_xyz/a000039.xyz,0.3080186596059917,0.1342718111300058,0,0,,train
83256,83256,O=C(c1cc(Cl)c(Br)cc1OCc1cncc(C(F)(F)F)c1)C(O)c1cc(Cl)c(Br)cc1OCc1cncc(C(F)(F)F)c1,O=Cc1cc(Cl)c(Br)cc1OCc1cncc(C(F)(F)F)c1,/gpfs/scratch1/shared/schen3/benzoin-dg-restored/data/cross_benzoin/bde_homo_product_featurize_20260902/chunk_0832/geom.tar.zst,xyz/p000056.xyz,/gpfs/scratch1/shared/schen3/benzoin-dg-restored/data/cross_benzoin/bde_homo_product_featurize_20260902/chunk_0832/geom.tar.zst,ald_xyz/a000087.xyz,0.2455601458229921,0.1051275319910018,0,0,,train
96857,96857,O=C(c1cn(C2CC(O)C(F)(CO)O2)c(=O)[nH]c1=S)C(O)c1cn(C2CC(O)C(F)(CO)O2)c(=O)[nH]c1=S,O=Cc1cn([C@H]2C[C@H](O)[C@@](F)(CO)O2)c(=O)[nH]c1=S,/gpfs/scratch1/shared/schen3/benzoin-dg-restored/data/cross_benzoin/bde_homo_product_featurize_20260902/chunk_0968/geom.tar.zst,xyz/p000057.xyz,/gpfs/scratch1/shared/schen3/benzoin-dg-restored/data/cross_benzoin/bde_homo_product_featurize_20260902/chunk_0968/geom.tar.zst,ald_xyz/a000098.xyz,0.285733226529004,0.1242797362080025,0,0,,train
100838,100838,O=C(C1C(c2ccc(F)cc2)=C(CN2CCOCC2)Oc2ccc(Br)cc21)C(O)C1C(c2ccc(F)cc2)=C(CN2CCOCC2)Oc2ccc(Br)cc21,O=CC1C(c2ccc(F)cc2)=C(CN2CCOCC2)Oc2ccc(Br)cc21,/gpfs/scratch1/shared/schen3/benzoin-dg-restored/data/cross_benzoin/bde_homo_product_featurize_20260902/chunk_1008/geom.tar.zst,xyz/p000038.xyz,/gpfs/scratch1/shared/schen3/benzoin-dg-restored/data/cross_benzoin/bde_homo_product_featurize_20260902/chunk_1008/geom.tar.zst,ald_xyz/a000074.xyz,0.5623434856709935,0.2587504767350026,0,0,,test
14385,14385,Cc1ccc(C(C)(C)O)cc2c(C(=O)C(O)c3ccc4c(C)ccc(C(C)(C)O)cc3-4)ccc1-2,Cc1ccc(C(C)(C)O)cc2c(C=O)ccc1-2,/gpfs/scratch1/shared/schen3/benzoin-dg-restored/data/cross_benzoin/bde_homo_product_featurize_20260902/chunk_0143/geom.tar.zst,xyz/p000085.xyz,/gpfs/scratch1/shared/schen3/benzoin-dg-restored/data/cross_benzoin/bde_homo_product_featurize_20260902/chunk_0143/geom.tar.zst,ald_xyz/a000090.xyz,0.4174151817520055,0.1934758483579983,0,0,,train
45884,45884,COCc1oc(-c2ccc(C(F)(F)F)cc2)cc1C(=O)C(O)c1cc(-c2ccc(C(F)(F)F)cc2)oc1COC,COCc1oc(-c2ccc(C(F)(F)F)cc2)cc1C=O,/gpfs/scratch1/shared/schen3/benzoin-dg-restored/data/cross_benzoin/bde_homo_product_featurize_20260902/chunk_0458/geom.tar.zst,xyz/p000084.xyz,/gpfs/scratch1/shared/schen3/benzoin-dg-restored/data/cross_benzoin/bde_homo_product_featurize_20260902/chunk_0458/geom.tar.zst,ald_xyz/a000027.xyz,0.3202438329999921,0.1425594167239978,0,0,,train
219681,219681,O=C(C(O)Cc1cccc2ccccc12)C(O)C(O)Cc1cccc2ccccc12,O=CC(O)Cc1cccc2ccccc12,/gpfs/scratch1/shared/schen3/benzoin-dg-restored/data/cross_benzoin/bde_homo_product_featurize_20260902/chunk_2196/geom.tar.zst,xyz/p000081.xyz,/gpfs/scratch1/shared/schen3/benzoin-dg-restored/data/cross_benzoin/bde_homo_product_featurize_20260902/chunk_2196/geom.tar.zst,ald_xyz/a000074.xyz,0.3307955578910082,0.1483595099800041,0,0,,train
88850,88850,CCOC(=O)C1(C(=O)C(O)C2(C(=O)OCC)Cc3cc(F)c(F)cc3C2)Cc2cc(F)c(F)cc2C1,CCOC(=O)C1(C=O)Cc2cc(F)c(F)cc2C1,/gpfs/scratch1/shared/schen3/benzoin-dg-restored/data/cross_benzoin/bde_homo_product_featurize_20260902/chunk_0888/geom.tar.zst,xyz/p000050.xyz,/gpfs/scratch1/shared/schen3/benzoin-dg-restored/data/cross_benzoin/bde_homo_product_featurize_20260902/chunk_0888/geom.tar.zst,ald_xyz/a000023.xyz,0.3363361019859923,0.1500544643039987,0,0,,train
115755,115755,CC(C)(C)c1c([N+](=O)[O-])cc(C(=O)C(O)c2cc([N+](=O)[O-])c(C(C)(C)C)c([N+](=O)[O-])c2)cc1[N+](=O)[O-],CC(C)(C)c1c([N+](=O)[O-])cc(C=O)cc1[N+](=O)[O-],/gpfs/scratch1/shared/schen3/benzoin-dg-restored/data/cross_benzoin/bde_homo_product_featurize_20260902/chunk_1157/geom.tar.zst,xyz/p000055.xyz,/gpfs/scratch1/shared/schen3/benzoin-dg-restored/data/cross_benzoin/bde_homo_product_featurize_20260902/chunk_1157/geom.tar.zst,ald_xyz/a000016.xyz,0.3206925193990031,0.1477219217529963,0,0,,train
38609,38609,COCOc1cc(C(=O)C(O)c2cc(OCOC)c(OCCF)c(OCOC)c2)cc(OCOC)c1OCCF,COCOc1cc(C=O)cc(OCOC)c1OCCF,/gpfs/scratch1/shared/schen3/benzoin-dg-restored/data/cross_benzoin/bde_homo_product_featurize_20260902/chunk_0386/geom.tar.zst,xyz/p000009.xyz,/gpfs/scratch1/shared/schen3/benzoin-dg-restored/data/cross_benzoin/bde_homo_product_featurize_20260902/chunk_0386/geom.tar.zst,ald_xyz/a000030.xyz,0.4371366725200118,0.2001914782949967,0,0,,train
184822,184822,CN(C(=O)OC(C)(C)C)C(C(=O)C(O)C(c1c(Cl)ccnc1F)N(C)C(=O)OC(C)(C)C)c1c(Cl)ccnc1F,CN(C(=O)OC(C)(C)C)C(C=O)c1c(Cl)ccnc1F,/gpfs/scratch1/shared/schen3/benzoin-dg-restored/data/cross_benzoin/bde_homo_product_featurize_20260902/chunk_1848/geom.tar.zst,xyz/p000022.xyz,/gpfs/scratch1/shared/schen3/benzoin-dg-restored/data/cross_benzoin/bde_homo_product_featurize_20260902/chunk_1848/geom.tar.zst,ald_xyz/a000070.xyz,0.4225760838560006,0.192174544385999,0,0,,train
118670,118670,CC1(CCCCCCCC(=O)C(O)CCCCCCCC2(C)OCCO2)OCCO1,CC1(CCCCCCCC=O)OCCO1,/gpfs/scratch1/shared/schen3/benzoin-dg-restored/data/cross_benzoin/bde_homo_product_featurize_20260902/chunk_1186/geom.tar.zst,xyz/p000070.xyz,/gpfs/scratch1/shared/schen3/benzoin-dg-restored/data/cross_benzoin/bde_homo_product_featurize_20260902/chunk_1186/geom.tar.zst,ald_xyz/a000012.xyz,0.5339786174690033,0.2502883396150039,0,0,,train
145300,145300,Cn1ccc2ccc(C(=O)C(O)c3ccc4ccn(C)c4c3F)c(F)c21,Cn1ccc2ccc(C=O)c(F)c21,/gpfs/scratch1/shared/schen3/benzoin-dg-restored/data/cross_benzoin/bde_homo_product_featurize_20260902/chunk_1453/geom.tar.zst,xyz/p000000.xyz,/gpfs/scratch1/shared/schen3/benzoin-dg-restored/data/cross_benzoin/bde_homo_product_featurize_20260902/chunk_1453/geom.tar.zst,ald_xyz/a000051.xyz,0.2228470400160063,-11.746073801068,0,0,,train
184073,184073,CC(C)(C)c1cccc(-c2cccc(C(=O)C(O)c3cccc(-c4cccc(C(C)(C)C)c4)c3F)c2F)c1,CC(C)(C)c1cccc(-c2cccc(C=O)c2F)c1,/gpfs/scratch1/shared/schen3/benzoin-dg-restored/data/cross_benzoin/bde_homo_product_featurize_20260902/chunk_1840/geom.tar.zst,xyz/p000073.xyz,/gpfs/scratch1/shared/schen3/benzoin-dg-restored/data/cross_benzoin/bde_homo_product_featurize_20260902/chunk_1840/geom.tar.zst,ald_xyz/a000012.xyz,0.4672683837810041,0.2181685936020017,0,0,,train
117780,117780,O=C(C(O)C1C(c2ccccc2)N1N1C(=O)c2ccccc2C1=O)C1C(c2ccccc2)N1N1C(=O)c2ccccc2C1=O,O=C[C@H]1[C@H](c2ccccc2)N1N1C(=O)c2ccccc2C1=O,/gpfs/scratch1/shared/schen3/benzoin-dg-restored/data/cross_benzoin/bde_homo_product_featurize_20260902/chunk_1177/geom.tar.zst,xyz/p000080.xyz,/gpfs/scratch1/shared/schen3/benzoin-dg-restored/data/cross_benzoin/bde_homo_product_featurize_20260902/chunk_1177/geom.tar.zst,ald_xyz/a000083.xyz,0.3765225100819975,0.1702873099619992,0,0,,train
206117,206117,O=C(C1CCCN(Cc2ccccc2)C1)C(O)C1CCCN(Cc2ccccc2)C1,O=CC1CCCN(Cc2ccccc2)C1,/gpfs/scratch1/shared/schen3/benzoin-dg-restored/data/cross_benzoin/bde_homo_product_featurize_20260902/chunk_2061/geom.tar.zst,xyz/p000017.xyz,/gpfs/scratch1/shared/schen3/benzoin-dg-restored/data/cross_benzoin/bde_homo_product_featurize_20260902/chunk_2061/geom.tar.zst,ald_xyz/a000071.xyz,0.450103045994993,0.2095809609480028,0,0,,train
185028,185028,CC(C)(C)OC(=O)NC(C(=O)C(O)C(NC(=O)OC(C)(C)C)c1cc(Cl)ccc1F)c1cc(Cl)ccc1F,CC(C)(C)OC(=O)NC(C=O)c1cc(Cl)ccc1F,/gpfs/scratch1/shared/schen3/benzoin-dg-restored/data/cross_benzoin/bde_homo_product_featurize_20260902/chunk_1850/geom.tar.zst,xyz/p000028.xyz,/gpfs/scratch1/shared/schen3/benzoin-dg-restored/data/cross_benzoin/bde_homo_product_featurize_20260902/chunk_1850/geom.tar.zst,ald_xyz/a000010.xyz,0.3919258082840002,0.1784545327229949,0,0,,train
60899,60899,O=C(C(Cl)c1c(F)cccc1F)C(O)C(Cl)c1c(F)cccc1F,O=CC(Cl)c1c(F)cccc1F,/gpfs/scratch1/shared/schen3/benzoin-dg-restored/data/cross_benzoin/bde_homo_product_featurize_20260902/chunk_0608/geom.tar.zst,xyz/p000099.xyz,/gpfs/scratch1/shared/schen3/benzoin-dg-restored/data/cross_benzoin/bde_homo_product_featurize_20260902/chunk_0608/geom.tar.zst,ald_xyz/a000055.xyz,0.1354358765409955,0.0532118538580022,0,0,,train
100885,100885,O=C(C(O)C1NN=C(CC2CCN(C(=O)C3CC3)C2)N1c1cc(Cl)c(Br)cc1F)C1NN=C(CC2CCN(C(=O)C3CC3)C2)N1c1cc(Cl)c(Br)cc1F,O=CC1NN=C(C[C@@H]2CCN(C(=O)C3CC3)C2)N1c1cc(Cl)c(Br)cc1F,/gpfs/scratch1/shared/schen3/benzoin-dg-restored/data/cross_benzoin/bde_homo_product_featurize_20260902/chunk_1008/geom.tar.zst,xyz/p000085.xyz,/gpfs/scratch1/shared/schen3/benzoin-dg-restored/data/cross_benzoin/bde_homo_product_featurize_20260902/chunk_1008/geom.tar.zst,ald_xyz/a000087.xyz,0.5235528111790018,0.2437348317399994,0,0,,validation
175377,175377,O=C(c1cn(-c2cccc(F)c2I)nn1)C(O)c1cn(-c2cccc(F)c2I)nn1,O=Cc1cn(-c2cccc(F)c2I)nn1,/gpfs/scratch1/shared/schen3/benzoin-dg-restored/data/cross_benzoin/bde_homo_product_featurize_20260902/chunk_1753/geom.tar.zst,xyz/p000077.xyz,/gpfs/scratch1/shared/schen3/benzoin-dg-restored/data/cross_benzoin/bde_homo_product_featurize_20260902/chunk_1753/geom.tar.zst,ald_xyz/a000076.xyz,0.1430930904570004,-2.9725376466209994,0,0,,train
94221,94221,CC(C)(C)OC(=O)c1cc(N2CC(F)(C(=O)C(O)C3(F)CN(c4ccc(F)c(C(=O)OC(C)(C)C)c4)C3)C2)ccc1F,CC(C)(C)OC(=O)c1cc(N2CC(F)(C=O)C2)ccc1F,/gpfs/scratch1/shared/schen3/benzoin-dg-restored/data/cross_benzoin/bde_homo_product_featurize_20260902/chunk_0942/geom.tar.zst,xyz/p000021.xyz,/gpfs/scratch1/shared/schen3/benzoin-dg-restored/data/cross_benzoin/bde_homo_product_featurize_20260902/chunk_0942/geom.tar.zst,ald_xyz/a000007.xyz,0.4518267244179981,0.2105671527479984,0,0,,train
152056,152056,O=C(c1onc2c(C(F)(F)F)cccc12)C(O)c1onc2c(C(F)(F)F)cccc12,O=Cc1onc2c(C(F)(F)F)cccc12,/gpfs/scratch1/shared/schen3/benzoin-dg-restored/data/cross_benzoin/bde_homo_product_featurize_20260902/chunk_1520/geom.tar.zst,xyz/p000056.xyz,/gpfs/scratch1/shared/schen3/benzoin-dg-restored/data/cross_benzoin/bde_homo_product_featurize_20260902/chunk_1520/geom.tar.zst,ald_xyz/a000097.xyz,0.1365985688530031,0.0559275287030018,0,0,,train
28736,28736,COc1cccc2c1OCC(NC(=O)C1CCN(c3ccc(C(=O)C(O)c4ccc(N5CCC(C(=O)NC6COc7c(cccc7OC)C6)CC5)cc4)cc3)CC1)C2,COc1cccc2c1OC[C@@H](NC(=O)C1CCN(c3ccc(C=O)cc3)CC1)C2,/gpfs/scratch1/shared/schen3/benzoin-dg-restored/data/cross_benzoin/bde_homo_product_featurize_20260902/chunk_0287/geom.tar.zst,xyz/p000036.xyz,/gpfs/scratch1/shared/schen3/benzoin-dg-restored/data/cross_benzoin/bde_homo_product_featurize_20260902/chunk_0287/geom.tar.zst,ald_xyz/a000028.xyz,0.7213959769460132,0.3441959699739954,0,0,,validation
24088,24088,CCCCc1cc(O)ccc1C(=O)C(O)c1ccc(O)cc1CCCC,CCCCc1cc(O)ccc1C=O,/gpfs/scratch1/shared/schen3/benzoin-dg-restored/data/cross_benzoin/bde_homo_product_featurize_20260902/chunk_0240/geom.tar.zst,xyz/p000088.xyz,/gpfs/scratch1/shared/schen3/benzoin-dg-restored/data/cross_benzoin/bde_homo_product_featurize_20260902/chunk_0240/geom.tar.zst,ald_xyz/a000029.xyz,0.3504366555870035,0.1562942798390025,0,0,,train
186847,186847,O=C(c1cc(F)cc(-c2ccc(Cl)c(Cl)c2)c1)C(O)c1cc(F)cc(-c2ccc(Cl)c(Cl)c2)c1,O=Cc1cc(F)cc(-c2ccc(Cl)c(Cl)c2)c1,/gpfs/scratch1/shared/schen3/benzoin-dg-restored/data/cross_benzoin/bde_homo_product_featurize_20260902/chunk_1868/geom.tar.zst,xyz/p000047.xyz,/gpfs/scratch1/shared/schen3/benzoin-dg-restored/data/cross_benzoin/bde_homo_product_featurize_20260902/chunk_1868/geom.tar.zst,ald_xyz/a000074.xyz,0.2129687932270059,0.0897833710260016,0,0,,train
116189,116189,CC(C)C(C(=O)C(O)C(C(C)C)C(NC(=O)OC(C)(C)C)c1ccc(Cl)cc1)C(NC(=O)OC(C)(C)C)c1ccc(Cl)cc1,CC(C)[C@H](C=O)[C@H](NC(=O)OC(C)(C)C)c1ccc(Cl)cc1,/gpfs/scratch1/shared/schen3/benzoin-dg-restored/data/cross_benzoin/bde_homo_product_featurize_20260902/chunk_1161/geom.tar.zst,xyz/p000089.xyz,/gpfs/scratch1/shared/schen3/benzoin-dg-restored/data/cross_benzoin/bde_homo_product_featurize_20260902/chunk_1161/geom.tar.zst,ald_xyz/a000022.xyz,0.6238624477460064,0.2903011733790066,0,0,,train
18814,18814,CC(C)(C)OC(=O)NC(C(=O)C(O)C(NC(=O)OC(C)(C)C)C1COC1)C1COC1,CC(C)(C)OC(=O)NC(C=O)C1COC1,/gpfs/scratch1/shared/schen3/benzoin-dg-restored/data/cross_benzoin/bde_homo_product_featurize_20260902/chunk_0188/geom.tar.zst,xyz/p000014.xyz,/gpfs/scratch1/shared/schen3/benzoin-dg-restored/data/cross_benzoin/bde_homo_product_featurize_20260902/chunk_0188/geom.tar.zst,ald_xyz/a000017.xyz,0.4211623226059942,0.1904701302970011,0,0,-0.803359624180259,train
184982,184982,Cc1cccc(F)c1C(C)C(=O)C(O)C(C)c1c(C)cccc1F,Cc1cccc(F)c1C(C)C=O,/gpfs/scratch1/shared/schen3/benzoin-dg-restored/data/cross_benzoin/bde_homo_product_featurize_20260902/chunk_1849/geom.tar.zst,xyz/p000082.xyz,/gpfs/scratch1/shared/schen3/benzoin-dg-restored/data/cross_benzoin/bde_homo_product_featurize_20260902/chunk_1849/geom.tar.zst,ald_xyz/a000072.xyz,0.2868122050840043,0.1250078048480034,0,0,,train
120612,120612,CC(C)(C)OC(=O)n1c2c(c3ccccc31)C1N(C(=O)CBr)CCCC1(CC(=O)C(O)CC13CCCN(C(=O)CBr)C1c1c(n(C(=O)OC(C)(C)C)c4ccccc14)CC3)CC2,CC(C)(C)OC(=O)n1c2c(c3ccccc31)[C@H]1N(C(=O)CBr)CCC[C@]1(CC=O)CC2,/gpfs/scratch1/shared/schen3/benzoin-dg-restored/data/cross_benzoin/bde_homo_product_featurize_20260902/chunk_1206/geom.tar.zst,xyz/p000012.xyz,/gpfs/scratch1/shared/schen3/benzoin-dg-restored/data/cross_benzoin/bde_homo_product_featurize_20260902/chunk_1206/geom.tar.zst,ald_xyz/a000017.xyz,0.8085821158439899,0.3840405540930049,0,0,,train
28341,28341,CCN(Cc1ccc(F)cc1)C(=O)C1CCN(c2ccc(C(=O)C(O)c3ccc(N4CCC(C(=O)N(CC)Cc5ccc(F)cc5)CC4)cc3)cc2)CC1,CCN(Cc1ccc(F)cc1)C(=O)C1CCN(c2ccc(C=O)cc2)CC1,/gpfs/scratch1/shared/schen3/benzoin-dg-restored/data/cross_benzoin/bde_homo_product_featurize_20260902/chunk_0283/geom.tar.zst,xyz/p000041.xyz,/gpfs/scratch1/shared/schen3/benzoin-dg-restored/data/cross_benzoin/bde_homo_product_featurize_20260902/chunk_0283/geom.tar.zst,ald_xyz/a000006.xyz,0.6857027053380023,0.3253295666190041,0,0,,train
35633,35633,CN(CC(=O)NC1CC1)c1ccc(F)cc1C(=O)C(O)c1cc(F)ccc1N(C)CC(=O)NC1CC1,CN(CC(=O)NC1CC1)c1ccc(F)cc1C=O,/gpfs/scratch1/shared/schen3/benzoin-dg-restored/data/cross_benzoin/bde_homo_product_featurize_20260902/chunk_0356/geom.tar.zst,xyz/p000033.xyz,/gpfs/scratch1/shared/schen3/benzoin-dg-restored/data/cross_benzoin/bde_homo_product_featurize_20260902/chunk_0356/geom.tar.zst,ald_xyz/a000032.xyz,0.3997301769280028,0.1855098376059984,0,0,,validation
153908,153908,O=C(O)c1ccc(COc2cccc(C(=O)C(O)c3cccc(OCc4ccc(C(=O)O)c(F)c4)c3)c2)cc1F,O=Cc1cccc(OCc2ccc(C(=O)O)c(F)c2)c1,/gpfs/scratch1/shared/schen3/benzoin-dg-restored/data/cross_benzoin/bde_homo_product_featurize_20260902/chunk_1539/geom.tar.zst,xyz/p000008.xyz,/gpfs/scratch1/shared/schen3/benzoin-dg-restored/data/cross_benzoin/bde_homo_product_featurize_20260902/chunk_1539/geom.tar.zst,ald_xyz/a000059.xyz,0.3076159716390094,0.1367557743859961,0,0,4.077425794586857,train
117071,117071,O=C(C(O)C12OP(=O)(O1)O2)C12OP(=O)(O1)O2,O=CC12OP(=O)(O1)O2,/gpfs/scratch1/shared/schen3/benzoin-dg-restored/data/cross_benzoin/bde_homo_product_featurize_20260902/chunk_1170/geom.tar.zst,xyz/p000071.xyz,/gpfs/scratch1/shared/schen3/benzoin-dg-restored/data/cross_benzoin/bde_homo_product_featurize_20260902/chunk_1170/geom.tar.zst,ald_xyz/a000077.xyz,0.0164683521229989,-0.0043032885350022,0,0,,train
21411,21411,COc1ccc(COCCCCC2C=CC3CC(=O)CCC3C2C(=O)C(O)C2C(CCCCOCc3ccc(OC)cc3)C=CC3CC(=O)CCC32)cc1,COc1ccc(COCCCC[C@@H]2C=C[C@@H]3CC(=O)CC[C@H]3[C@@H]2C=O)cc1,/gpfs/scratch1/shared/schen3/benzoin-dg-restored/data/cross_benzoin/bde_homo_product_featurize_20260902/chunk_0214/geom.tar.zst,xyz/p000011.xyz,/gpfs/scratch1/shared/schen3/benzoin-dg-restored/data/cross_benzoin/bde_homo_product_featurize_20260902/chunk_0214/geom.tar.zst,ald_xyz/a000056.xyz,0.8177799308899978,0.3827369979999986,0,0,,test
52600,52600,CC(NC(=O)c1cccc2ccn(Cc3ccc(C(F)(F)F)nc3)c12)c1ccc(C(=O)C(O)c2ccc(C(C)NC(=O)c3cccc4ccn(Cc5ccc(C(F)(F)F)nc5)c34)cc2)cc1,C[C@H](NC(=O)c1cccc2ccn(Cc3ccc(C(F)(F)F)nc3)c12)c1ccc(C=O)cc1,/gpfs/scratch1/shared/schen3/benzoin-dg-restored/data/cross_benzoin/bde_homo_product_featurize_20260902/chunk_0526/geom.tar.zst,xyz/p000000.xyz,/gpfs/scratch1/shared/schen3/benzoin-dg-restored/data/cross_benzoin/bde_homo_product_featurize_20260902/chunk_0526/geom.tar.zst,ald_xyz/a000056.xyz,0.6330493284519889,0.2948304670789952,0,0,8.800479130581513,train
60575,60575,Cc1cc(F)ccc1Nc1ncccc1C(=O)C(O)c1cccnc1Nc1ccc(F)cc1C,Cc1cc(F)ccc1Nc1ncccc1C=O,/gpfs/scratch1/shared/schen3/benzoin-dg-restored/data/cross_benzoin/bde_homo_product_featurize_20260902/chunk_0605/geom.tar.zst,xyz/p000075.xyz,/gpfs/scratch1/shared/schen3/benzoin-dg-restored/data/cross_benzoin/bde_homo_product_featurize_20260902/chunk_0605/geom.tar.zst,ald_xyz/a000050.xyz,0.3180306840820037,-11.196834377189,0,0,,train
54979,54979,O=C(Nc1cc(Oc2ccccc2)ccc1C(=O)C(O)c1ccc(Oc2ccccc2)cc1NC(=O)c1cc(C(F)(F)F)cc(C(F)(F)F)c1)c1cc(C(F)(F)F)cc(C(F)(F)F)c1,O=Cc1ccc(Oc2ccccc2)cc1NC(=O)c1cc(C(F)(F)F)cc(C(F)(F)F)c1,/gpfs/scratch1/shared/schen3/benzoin-dg-restored/data/cross_benzoin/bde_homo_product_featurize_20260902/chunk_0549/geom.tar.zst,xyz/p000079.xyz,/gpfs/scratch1/shared/schen3/benzoin-dg-restored/data/cross_benzoin/bde_homo_product_featurize_20260902/chunk_0549/geom.tar.zst,ald_xyz/a000086.xyz,0.4389795063210044,0.2031871769200108,0,0,,validation
173930,173930,O=C(c1cc(CCl)nc(I)c1C(F)F)C(O)c1cc(CCl)nc(I)c1C(F)F,O=Cc1cc(CCl)nc(I)c1C(F)F,/gpfs/scratch1/shared/schen3/benzoin-dg-restored/data/cross_benzoin/bde_homo_product_featurize_20260902/chunk_1739/geom.tar.zst,xyz/p000030.xyz,/gpfs/scratch1/shared/schen3/benzoin-dg-restored/data/cross_benzoin/bde_homo_product_featurize_20260902/chunk_1739/geom.tar.zst,ald_xyz/a000047.xyz,0.1249263020930016,0.0461738179789961,0,0,,train
83229,83229,CCn1nc(C(F)F)c(C(=O)C(O)c2c(C(F)F)nn(CC)c2OCC(F)F)c1OCC(F)F,CCn1nc(C(F)F)c(C=O)c1OCC(F)F,/gpfs/scratch1/shared/schen3/benzoin-dg-restored/data/cross_benzoin/bde_homo_product_featurize_20260902/chunk_0832/geom.tar.zst,xyz/p000029.xyz,/gpfs/scratch1/shared/schen3/benzoin-dg-restored/data/cross_benzoin/bde_homo_product_featurize_20260902/chunk_0832/geom.tar.zst,ald_xyz/a000022.xyz,0.2704055860259871,-4.109540131186996,0,0,,train
65258,65258,CCNc1cccc(F)c1C(=O)C(O)c1c(F)cccc1NCC,CCNc1cccc(F)c1C=O,/gpfs/scratch1/shared/schen3/benzoin-dg-restored/data/cross_benzoin/bde_homo_product_featurize_20260902/chunk_0652/geom.tar.zst,xyz/p000058.xyz,/gpfs/scratch1/shared/schen3/benzoin-dg-restored/data/cross_benzoin/bde_homo_product_featurize_20260902/chunk_0652/geom.tar.zst,ald_xyz/a000023.xyz,0.2581058406750003,0.1135361914920025,0,0,13.89494021713296,train
140236,140236,O=C(c1sc(Sc2ccccc2F)nc1Cl)C(O)c1sc(Sc2ccccc2F)nc1Cl,O=Cc1sc(Sc2ccccc2F)nc1Cl,/gpfs/scratch1/shared/schen3/benzoin-dg-restored/data/cross_benzoin/bde_homo_product_featurize_20260902/chunk_1402/geom.tar.zst,xyz/p000036.xyz,/gpfs/scratch1/shared/schen3/benzoin-dg-restored/data/cross_benzoin/bde_homo_product_featurize_20260902/chunk_1402/geom.tar.zst,ald_xyz/a000099.xyz,0.1402043495940006,0.0556958590000036,0,0,,train
218062,218062,Cc1cc([N+](=O)[O-])cc(C(=O)C(O)c2cc([N+](=O)[O-])cc(C)c2C)c1C,Cc1cc([N+](=O)[O-])cc(C=O)c1C,/gpfs/scratch1/shared/schen3/benzoin-dg-restored/data/cross_benzoin/bde_homo_product_featurize_20260902/chunk_2180/geom.tar.zst,xyz/p000062.xyz,/gpfs/scratch1/shared/schen3/benzoin-dg-restored/data/cross_benzoin/bde_homo_product_featurize_20260902/chunk_2180/geom.tar.zst,ald_xyz/a000069.xyz,0.2294879327390049,0.0996414174819975,0,0,,train
184571,184571,O=C(c1nnn(CC(F)(F)F)c1C(F)(F)F)C(O)c1nnn(CC(F)(F)F)c1C(F)(F)F,O=Cc1nnn(CC(F)(F)F)c1C(F)(F)F,/gpfs/scratch1/shared/schen3/benzoin-dg-restored/data/cross_benzoin/bde_homo_product_featurize_20260902/chunk_1845/geom.tar.zst,xyz/p000071.xyz,/gpfs/scratch1/shared/schen3/benzoin-dg-restored/data/cross_benzoin/bde_homo_product_featurize_20260902/chunk_1845/geom.tar.zst,ald_xyz/a000089.xyz,0.1057106568320023,0.0386067032900001,0,0,,train
123948,123948,O=C(Nc1ccccc1C(=O)C(O)c1ccccc1NC(=O)C(=O)N(Cc1ccccc1)c1ccc(O)cc1)C(=O)N(Cc1ccccc1)c1ccc(O)cc1,O=Cc1ccccc1NC(=O)C(=O)N(Cc1ccccc1)c1ccc(O)cc1,/gpfs/scratch1/shared/schen3/benzoin-dg-restored/data/cross_benzoin/bde_homo_product_featurize_20260902/chunk_1239/geom.tar.zst,xyz/p000048.xyz,/gpfs/scratch1/shared/schen3/benzoin-dg-restored/data/cross_benzoin/bde_homo_product_featurize_20260902/chunk_1239/geom.tar.zst,ald_xyz/a000094.xyz,0.5256986823440002,0.2471722325809935,0,0,,test
201206,201206,COc1cc(-c2oc3c(OC)cc(CCCO)cc3c2C(=O)C(O)c2c(-c3ccc(OCc4ccccc4)c(OC)c3)oc3c(OC)cc(CCCO)cc23)ccc1OCc1ccccc1,COc1cc(-c2oc3c(OC)cc(CCCO)cc3c2C=O)ccc1OCc1ccccc1,/gpfs/scratch1/shared/schen3/benzoin-dg-restored/data/cross_benzoin/bde_homo_product_featurize_20260902/chunk_2012/geom.tar.zst,xyz/p000006.xyz,/gpfs/scratch1/shared/schen3/benzoin-dg-restored/data/cross_benzoin/bde_homo_product_featurize_20260902/chunk_2012/geom.tar.zst,ald_xyz/a000066.xyz,0.7480831205540142,0.347870091283994,0,0,,train
33658,33658,O=C(c1cccc(C(c2cc(F)ccc2F)S(=O)(=O)c2ccc(Cl)cc2)n1)C(O)c1cccc(C(c2cc(F)ccc2F)S(=O)(=O)c2ccc(Cl)cc2)n1,O=Cc1cccc(C(c2cc(F)ccc2F)S(=O)(=O)c2ccc(Cl)cc2)n1,/gpfs/scratch1/shared/schen3/benzoin-dg-restored/data/cross_benzoin/bde_homo_product_featurize_20260902/chunk_0336/geom.tar.zst,xyz/p000058.xyz,/gpfs/scratch1/shared/schen3/benzoin-dg-restored/data/cross_benzoin/bde_homo_product_featurize_20260902/chunk_0336/geom.tar.zst,ald_xyz/a000090.xyz,0.3874278574899961,0.171199080653011,0,0,,test
106765,106765,O=C(c1cc(F)c(F)c2ccn(SI)c12)C(O)c1cc(F)c(F)c2ccn(SI)c12,O=Cc1cc(F)c(F)c2ccn(SI)c12,/gpfs/scratch1/shared/schen3/benzoin-dg-restored/data/cross_benzoin/bde_homo_product_featurize_20260902/chunk_1067/geom.tar.zst,xyz/p000065.xyz,/gpfs/scratch1/shared/schen3/benzoin-dg-restored/data/cross_benzoin/bde_homo_product_featurize_20260902/chunk_1067/geom.tar.zst,ald_xyz/a000077.xyz,0.1204621885759991,-16.115505755258,0,0,,train
173494,173494,O=C(c1cc(C(F)F)c(I)[nH]c1=O)C(O)c1cc(C(F)F)c(I)[nH]c1=O,O=Cc1cc(C(F)F)c(I)[nH]c1=O,/gpfs/scratch1/shared/schen3/benzoin-dg-restored/data/cross_benzoin/bde_homo_product_featurize_20260902/chunk_1734/geom.tar.zst,xyz/p000094.xyz,/gpfs/scratch1/shared/schen3/benzoin-dg-restored/data/cross_benzoin/bde_homo_product_featurize_20260902/chunk_1734/geom.tar.zst,ald_xyz/a000043.xyz,0.0971470444110025,0.0330262623479953,0,0,,train
11924,11924,O=C(C1CCCC(F)(F)C1)C(O)C1CCCC(F)(F)C1,O=CC1CCCC(F)(F)C1,/gpfs/scratch1/shared/schen3/benzoin-dg-restored/data/cross_benzoin/bde_homo_product_featurize_20260902/chunk_0119/geom.tar.zst,xyz/p000024.xyz,/gpfs/scratch1/shared/schen3/benzoin-dg-restored/data/cross_benzoin/bde_homo_product_featurize_20260902/chunk_0119/geom.tar.zst,ald_xyz/a000057.xyz,0.2468234083190026,0.1096622173510013,0,0,,train
196786,196786,O=C(c1ccc([N+](=O)[O-])c(C(F)(F)F)c1S(=O)(=O)Cl)C(O)c1ccc([N+](=O)[O-])c(C(F)(F)F)c1S(=O)(=O)Cl,O=Cc1ccc([N+](=O)[O-])c(C(F)(F)F)c1S(=O)(=O)Cl,/gpfs/scratch1/shared/schen3/benzoin-dg-restored/data/cross_benzoin/bde_homo_product_featurize_20260902/chunk_1967/geom.tar.zst,xyz/p000086.xyz,/gpfs/scratch1/shared/schen3/benzoin-dg-restored/data/cross_benzoin/bde_homo_product_featurize_20260902/chunk_1967/geom.tar.zst,ald_xyz/a000093.xyz,0.1053623039309883,0.0343065514350016,0,0,,train
205058,205058,Cc1cc(C)c2c(C(=O)C(O)c3c(C)[nH]c4cc(C)cc(C)c34)c(C)[nH]c2c1,Cc1cc(C)c2c(C=O)c(C)[nH]c2c1,/gpfs/scratch1/shared/schen3/benzoin-dg-restored/data/cross_benzoin/bde_homo_product_featurize_20260902/chunk_2050/geom.tar.zst,xyz/p000058.xyz,/gpfs/scratch1/shared/schen3/benzoin-dg-restored/data/cross_benzoin/bde_homo_product_featurize_20260902/chunk_2050/geom.tar.zst,ald_xyz/a000055.xyz,0.3475882303300039,0.1552634454730039,0,0,,train
65921,65921,O=C(c1ccc2c(Nc3ccc(OC(F)(F)F)cc3)ncnc2c1)C(O)c1ccc2c(Nc3ccc(OC(F)(F)F)cc3)ncnc2c1,O=Cc1ccc2c(Nc3ccc(OC(F)(F)F)cc3)ncnc2c1,/gpfs/scratch1/shared/schen3/benzoin-dg-restored/data/cross_benzoin/bde_homo_product_featurize_20260902/chunk_0659/geom.tar.zst,xyz/p000021.xyz,/gpfs/scratch1/shared/schen3/benzoin-dg-restored/data/cross_benzoin/bde_homo_product_featurize_20260902/chunk_0659/geom.tar.zst,ald_xyz/a000094.xyz,0.3270769540040135,0.1484516378099982,0,0,,train
2393,2393,O=C(C(O)C(Cl)(Br)Br)C(Cl)(Br)Br,O=CC(Cl)(Br)Br,/gpfs/scratch1/shared/schen3/benzoin-dg-restored/data/cross_benzoin/bde_homo_product_featurize_20260902/chunk_0023/geom.tar.zst,xyz/p000093.xyz,/gpfs/scratch1/shared/schen3/benzoin-dg-restored/data/cross_benzoin/bde_homo_product_featurize_20260902/chunk_0023/geom.tar.zst,ald_xyz/a000078.xyz,-0.0207622823950046,-0.0239688059829994,0,0,8.45697612303916,train
23575,23575,O=C(CCCCCCCCCc1ccccc1)C(O)CCCCCCCCCc1ccccc1,O=CCCCCCCCCCc1ccccc1,/gpfs/scratch1/shared/schen3/benzoin-dg-restored/data/cross_benzoin/bde_homo_product_featurize_20260902/chunk_0235/geom.tar.zst,xyz/p000075.xyz,/gpfs/scratch1/shared/schen3/benzoin-dg-restored/data/cross_benzoin/bde_homo_product_featurize_20260902/chunk_0235/geom.tar.zst,ald_xyz/a000073.xyz,0.6006612703140064,0.1431945562280034,0,0,,train
124718,124718,COc1ccc2cc(C(=O)C(O)c3cc4ccc(OC)cc4nc3[Se])c([Se])nc2c1,COc1ccc2cc(C=O)c([Se])nc2c1,/gpfs/scratch1/shared/schen3/benzoin-dg-restored/data/cross_benzoin/bde_homo_product_featurize_20260902/chunk_1247/geom.tar.zst,xyz/p000018.xyz,/gpfs/scratch1/shared/schen3/benzoin-dg-restored/data/cross_benzoin/bde_homo_product_featurize_20260902/chunk_1247/geom.tar.zst,ald_xyz/a000062.xyz,0.2202277126140046,0.0974204435210026,0,0,,train
114785,114785,O=C(c1cc(-c2ccccc2)oc1[Se])C(O)c1cc(-c2ccccc2)oc1[Se],O=Cc1cc(-c2ccccc2)oc1[Se],/gpfs/scratch1/shared/schen3/benzoin-dg-restored/data/cross_benzoin/bde_homo_product_featurize_20260902/chunk_1147/geom.tar.zst,xyz/p000085.xyz,/gpfs/scratch1/shared/schen3/benzoin-dg-restored/data/cross_benzoin/bde_homo_product_featurize_20260902/chunk_1147/geom.tar.zst,ald_xyz/a000087.xyz,0.2010920233460069,0.0817846120110061,0,0,,train
4809,4809,O=C(C(O)C(Cl)(Cl)C(F)(F)F)C(Cl)(Cl)C(F)(F)F,O=CC(Cl)(Cl)C(F)(F)F,/gpfs/scratch1/shared/schen3/benzoin-dg-restored/data/cross_benzoin/bde_homo_product_featurize_20260902/chunk_0048/geom.tar.zst,xyz/p000009.xyz,/gpfs/scratch1/shared/schen3/benzoin-dg-restored/data/cross_benzoin/bde_homo_product_featurize_20260902/chunk_0048/geom.tar.zst,ald_xyz/a000082.xyz,0.0149543320099923,-0.0066021947080017,0,0,,train
124538,124538,O=C(c1cc(COc2ccccc2)[c]s1)C(O)c1cc(COc2ccccc2)[c]s1,O=Cc1cc(COc2ccccc2)[c]s1,/gpfs/scratch1/shared/schen3/benzoin-dg-restored/data/cross_benzoin/bde_homo_product_featurize_20260902/chunk_1245/geom.tar.zst,xyz/p000038.xyz,/gpfs/scratch1/shared/schen3/benzoin-dg-restored/data/cross_benzoin/bde_homo_product_featurize_20260902/chunk_1245/geom.tar.zst,ald_xyz/a000093.xyz,0.245064718915998,0.1046777924389985,0,0,,test
110495,110495,NC(C[Se])C(=O)C(O)C(N)C[Se],N[C@H](C=O)C[Se],/gpfs/scratch1/shared/schen3/benzoin-dg-restored/data/cross_benzoin/bde_homo_product_featurize_20260902/chunk_1104/geom.tar.zst,xyz/p000095.xyz,/gpfs/scratch1/shared/schen3/benzoin-dg-restored/data/cross_benzoin/bde_homo_product_featurize_20260902/chunk_1104/geom.tar.zst,ald_xyz/a000085.xyz,0.1105668256249998,-36.428621275923,0,0,,train
119784,119784,[CH2]CCCn1cc(-c2ccc(C(=O)C(O)c3ccc(-c4cnn(CCC[CH2])c4)cc3)cc2)cn1,[CH2]CCCn1cc(-c2ccc(C=O)cc2)cn1,/gpfs/scratch1/shared/schen3/benzoin-dg-restored/data/cross_benzoin/bde_homo_product_featurize_20260902/chunk_1197/geom.tar.zst,xyz/p000084.xyz,/gpfs/scratch1/shared/schen3/benzoin-dg-restored/data/cross_benzoin/bde_homo_product_featurize_20260902/chunk_1197/geom.tar.zst,ald_xyz/a000099.xyz,0.3918259571480007,0.1817077313139989,0,0,,train
8103,8103,O=C(O)CCCCCCCCCCC(=O)C(O)CCCCCCCCCCC(=O)O,O=CCCCCCCCCCCC(=O)O,/gpfs/scratch1/shared/schen3/benzoin-dg-restored/data/cross_benzoin/bde_homo_product_featurize_20260902/chunk_0081/geom.tar.zst,xyz/p000003.xyz,/gpfs/scratch1/shared/schen3/benzoin-dg-restored/data/cross_benzoin/bde_homo_product_featurize_20260902/chunk_0081/geom.tar.zst,ald_xyz/a000084.xyz,0.511703183872001,0.165495358789002,0,0,3.7363647925263535,train
107577,107577,Cc1nc2nc(C(F)(F)F)c(C(=O)C(O)c3c(C(F)(F)F)nc4nc(C)[nH]c(=O)c4c3C)c(C)c2c(=O)[nH]1,Cc1nc2nc(C(F)(F)F)c(C=O)c(C)c2c(=O)[nH]1,/gpfs/scratch1/shared/schen3/benzoin-dg-restored/data/cross_benzoin/bde_homo_product_featurize_20260902/chunk_1075/geom.tar.zst,xyz/p000077.xyz,/gpfs/scratch1/shared/schen3/benzoin-dg-restored/data/cross_benzoin/bde_homo_product_featurize_20260902/chunk_1075/geom.tar.zst,ald_xyz/a000063.xyz,0.2413145691910045,-2.315839703729999,0,0,,train
59006,59006,CC(C)[Si](OCC1(CC(=O)C(O)CC2(CO[Si](C(C)C)(C(C)C)C(C)C)CCC3=CC(=Nc4ccc(F)cc4)C(C=N)CC32C)CCC2=CC(=Nc3ccc(F)cc3)C(C=N)CC21C)(C(C)C)C(C)C,CC(C)[Si](OCC1(CC=O)CCC2=CC(=Nc3ccc(F)cc3)C(C=N)CC21C)(C(C)C)C(C)C,/gpfs/scratch1/shared/schen3/benzoin-dg-restored/data/cross_benzoin/bde_homo_product_featurize_20260902/chunk_0590/geom.tar.zst,xyz/p000006.xyz,/gpfs/scratch1/shared/schen3/benzoin-dg-restored/data/cross_benzoin/bde_homo_product_featurize_20260902/chunk_0590/geom.tar.zst,ald_xyz/a000011.xyz,1.1374070429459948,0.3593009949670005,0,0,,train
120,120,O=C(C(O)C(F)(F)F)C(F)(F)F,O=CC(F)(F)F,/gpfs/scratch1/shared/schen3/benzoin-dg-restored/data/cross_benzoin/bde_homo_product_featurize_20260902/chunk_0001/geom.tar.zst,xyz/p000020.xyz,/gpfs/scratch1/shared/schen3/benzoin-dg-restored/data/cross_benzoin/bde_homo_product_featurize_20260902/chunk_0001/geom.tar.zst,ald_xyz/a000064.xyz,0.0133300048960052,-0.0049144452050029,0,0,-9.06290506701758,validation
18447,18447,CCn1c(C(=O)O)c(C(=O)C(O)c2c(C(=O)O)n(CC)c3ccc(Br)cc23)c2cc(Br)ccc21,CCn1c(C(=O)O)c(C=O)c2cc(Br)ccc21,/gpfs/scratch1/shared/schen3/benzoin-dg-restored/data/cross_benzoin/bde_homo_product_featurize_20260902/chunk_0184/geom.tar.zst,xyz/p000047.xyz,/gpfs/scratch1/shared/schen3/benzoin-dg-restored/data/cross_benzoin/bde_homo_product_featurize_20260902/chunk_0184/geom.tar.zst,ald_xyz/a000023.xyz,0.2629115673630053,-5.756627051762997,0,0,,train
2369,2369,N#CC(=O)C(O)C#N,N#CC=O,/gpfs/scratch1/shared/schen3/benzoin-dg-restored/data/cross_benzoin/bde_homo_product_featurize_20260902/chunk_0023/geom.tar.zst,xyz/p000069.xyz,/gpfs/scratch1/shared/schen3/benzoin-dg-restored/data/cross_benzoin/bde_homo_product_featurize_20260902/chunk_0023/geom.tar.zst,ald_xyz/a000072.xyz,0.0009185245669982,-0.0095795896829997,0,0,,train
19585,19585,O=C(C(O)C(Br)(C(F)(F)F)C(F)(F)F)C(Br)(C(F)(F)F)C(F)(F)F,O=CC(Br)(C(F)(F)F)C(F)(F)F,/gpfs/scratch1/shared/schen3/benzoin-dg-restored/data/cross_benzoin/bde_homo_product_featurize_20260902/chunk_0195/geom.tar.zst,xyz/p000085.xyz,/gpfs/scratch1/shared/schen3/benzoin-dg-restored/data/cross_benzoin/bde_homo_product_featurize_20260902/chunk_0195/geom.tar.zst,ald_xyz/a000048.xyz,0.0316521511160061,0.0023923608120028,0,0,8.549135547804521,train
18611,18611,O=C(c1sc(I)nc1Cl)C(O)c1sc(I)nc1Cl,O=Cc1sc(I)nc1Cl,/gpfs/scratch1/shared/schen3/benzoin-dg-restored/data/cross_benzoin/bde_homo_product_featurize_20260902/chunk_0186/geom.tar.zst,xyz/p000011.xyz,/gpfs/scratch1/shared/schen3/benzoin-dg-restored/data/cross_benzoin/bde_homo_product_featurize_20260902/chunk_0186/geom.tar.zst,ald_xyz/a000098.xyz,0.0005801140580032,-0.0138139495869999,0,0,6.324088554927985,train
14877,14877,O=C(C(O)C(I)(I)I)C(I)(I)I,O=CC(I)(I)I,/gpfs/scratch1/shared/schen3/benzoin-dg-restored/data/cross_benzoin/bde_homo_product_featurize_20260902/chunk_0148/geom.tar.zst,xyz/p000077.xyz,/gpfs/scratch1/shared/schen3/benzoin-dg-restored/data/cross_benzoin/bde_homo_product_featurize_20260902/chunk_0148/geom.tar.zst,ald_xyz/a000081.xyz,-0.0393410246679977,-0.0348164259179988,0,0,,validation
33530,33530,O=C(O)CC(NC(=O)C1CCCN2C(=O)CCC(NC(=O)c3ccc(F)c(F)c3)C(=O)N12)C(=O)C(O)C(CC(=O)O)NC(=O)C1CCCN2C(=O)CCC(NC(=O)c3ccc(F)c(F)c3)C(=O)N12,O=CC(CC(=O)O)NC(=O)C1CCCN2C(=O)CCC(NC(=O)c3ccc(F)c(F)c3)C(=O)N12,/gpfs/scratch1/shared/schen3/benzoin-dg-restored/data/cross_benzoin/bde_homo_product_featurize_20260902/chunk_0335/geom.tar.zst,xyz/p000030.xyz,/gpfs/scratch1/shared/schen3/benzoin-dg-restored/data/cross_benzoin/bde_homo_product_featurize_20260902/chunk_0335/geom.tar.zst,ald_xyz/a000061.xyz,0.6381242395619893,0.1962339350869939,0,0,16.276558473883867,train
9439,9439,CC(C)N=CC1(C)C2=CCC(c3ccoc3)C2(C)CCC1C1(C)CCC(=O)C(C)(C)C1C(=O)C(O)C1C(C)(C)C(=O)CCC1(C)C1CCC2(C)C(=CCC2c2ccoc2)C1(C)C=NC(C)C,CC(C)N=CC1(C)C2=CC[C@@H](c3ccoc3)[C@]2(C)CCC1[C@@]1(C)CCC(=O)C(C)(C)[C@H]1C=O,/gpfs/scratch1/shared/schen3/benzoin-dg-restored/data/cross_benzoin/bde_homo_product_featurize_20260902/chunk_0094/geom.tar.zst,xyz/p000039.xyz,/gpfs/scratch1/shared/schen3/benzoin-dg-restored/data/cross_benzoin/bde_homo_product_featurize_20260902/chunk_0094/geom.tar.zst,ald_xyz/a000012.xyz,1.1239665431099866,0.4272941268460073,0,0,,test
63738,63738,O=C(C(O)C(F)(F)I)C(F)(F)I,O=CC(F)(F)I,/gpfs/scratch1/shared/schen3/benzoin-dg-restored/data/cross_benzoin/bde_homo_product_featurize_20260902/chunk_0637/geom.tar.zst,xyz/p000038.xyz,/gpfs/scratch1/shared/schen3/benzoin-dg-restored/data/cross_benzoin/bde_homo_product_featurize_20260902/chunk_0637/geom.tar.zst,ald_xyz/a000054.xyz,-0.0102543864439965,-0.0153898363899998,0,0,-8.700162799565245,train
117518,117518,C[Si](C)Oc1ccc(C(=O)C(O)c2ccc(O[Si](C)C)cc2)cc1,C[Si](C)Oc1ccc(C=O)cc1,/gpfs/scratch1/shared/schen3/benzoin-dg-restored/data/cross_benzoin/bde_homo_product_featurize_20260902/chunk_1175/geom.tar.zst,xyz/p000018.xyz,/gpfs/scratch1/shared/schen3/benzoin-dg-restored/data/cross_benzoin/bde_homo_product_featurize_20260902/chunk_1175/geom.tar.zst,ald_xyz/a000058.xyz,0.2544365082929971,0.1104009049970002,0,0,,train
220414,220414,CCCCCCCCCCCCOc1cc(N)c(C)cc1C(=O)C(O)c1cc(C)c(N)cc1OCCCCCCCCCCCC,CCCCCCCCCCCCOc1cc(N)c(C)cc1C=O,/gpfs/scratch1/shared/schen3/benzoin-dg-restored/data/cross_benzoin/bde_homo_product_featurize_20260902/chunk_2204/geom.tar.zst,xyz/p000014.xyz,/gpfs/scratch1/shared/schen3/benzoin-dg-restored/data/cross_benzoin/bde_homo_product_featurize_20260902/chunk_2204/geom.tar.zst,ald_xyz/a000023.xyz,0.827069900792992,0.2915239699409966,0,0,,train
123951,123951,COc1cnc2nc([Se])c(C(=O)C(O)c3cc4cc(OC)cnc4nc3[Se])cc2c1,COc1cnc2nc([Se])c(C=O)cc2c1,/gpfs/scratch1/shared/schen3/benzoin-dg-restored/data/cross_benzoin/bde_homo_product_featurize_20260902/chunk_1239/geom.tar.zst,xyz/p000051.xyz,/gpfs/scratch1/shared/schen3/benzoin-dg-restored/data/cross_benzoin/bde_homo_product_featurize_20260902/chunk_1239/geom.tar.zst,ald_xyz/a000060.xyz,0.1950366884759944,0.0820583293450027,0,0,,train
25105,25105,O=C(C(O)C(Cl)(Cl)C(Cl)(Cl)Cl)C(Cl)(Cl)C(Cl)(Cl)Cl,O=CC(Cl)(Cl)C(Cl)(Cl)Cl,/gpfs/scratch1/shared/schen3/benzoin-dg-restored/data/cross_benzoin/bde_homo_product_featurize_20260902/chunk_0251/geom.tar.zst,xyz/p000005.xyz,/gpfs/scratch1/shared/schen3/benzoin-dg-restored/data/cross_benzoin/bde_homo_product_featurize_20260902/chunk_0251/geom.tar.zst,ald_xyz/a000063.xyz,-0.0040471963390018,-0.01659323266,0,0,5.743883571649952,validation
1078,1078,CCC1(O)C(=O)OCc2c1cc1n(c2=O)Cc2c-1nc1ccc(OC)cc1c2C(=O)C(O)c1c2c(nc3ccc(OC)cc13)-c1cc3c(c(=O)n1C2)COC(=O)C3(O)CC,CC[C@@]1(O)C(=O)OCc2c1cc1n(c2=O)Cc2c-1nc1ccc(OC)cc1c2C=O,/gpfs/scratch1/shared/schen3/benzoin-dg-restored/data/cross_benzoin/bde_homo_product_featurize_20260902/chunk_0010/geom.tar.zst,xyz/p000078.xyz,/gpfs/scratch1/shared/schen3/benzoin-dg-restored/data/cross_benzoin/bde_homo_product_featurize_20260902/chunk_0010/geom.tar.zst,ald_xyz/a000021.xyz,0.5535184208089845,-9.259139786440995,0,0,,train
125989,125989,C=CCC(C)(C)C=[C]c1ccccc1C(=O)C(O)c1ccccc1[C]=CC(C)(C)CC=C,C=CCC(C)(C)C=[C]c1ccccc1C=O,/gpfs/scratch1/shared/schen3/benzoin-dg-restored/data/cross_benzoin/bde_homo_product_featurize_20260902/chunk_1259/geom.tar.zst,xyz/p000089.xyz,/gpfs/scratch1/shared/schen3/benzoin-dg-restored/data/cross_benzoin/bde_homo_product_featurize_20260902/chunk_1259/geom.tar.zst,ald_xyz/a000005.xyz,0.4438122521100069,0.1990722260010002,0,0,,train
2831,2831,O=C(C(Cl)Br)C(O)C(Cl)Br,O=CC(Cl)Br,/gpfs/scratch1/shared/schen3/benzoin-dg-restored/data/cross_benzoin/bde_homo_product_featurize_20260902/chunk_0028/geom.tar.zst,xyz/p000031.xyz,/gpfs/scratch1/shared/schen3/benzoin-dg-restored/data/cross_benzoin/bde_homo_product_featurize_20260902/chunk_0028/geom.tar.zst,ald_xyz/a000062.xyz,0.0093334999289993,-0.0078534967919985,0,0,-2.52468404813554,validation
203411,203411,CC1(C)c2cc(C(=O)C(O)c3cc4c([se]3)C(C)(C)N([O])C4(C)C)[se]c2C(C)(C)N1[O],CC1(C)c2cc(C=O)[se]c2C(C)(C)N1[O],/gpfs/scratch1/shared/schen3/benzoin-dg-restored/data/cross_benzoin/bde_homo_product_featurize_20260902/chunk_2034/geom.tar.zst,xyz/p000011.xyz,/gpfs/scratch1/shared/schen3/benzoin-dg-restored/data/cross_benzoin/bde_homo_product_featurize_20260902/chunk_2034/geom.tar.zst,ald_xyz/a000023.xyz,0.3396725068880073,0.1560542250609984,0,0,,train
204740,204740,O=C(c1sc(Br)c(Br)c1Br)C(O)c1sc(Br)c(Br)c1Br,O=Cc1sc(Br)c(Br)c1Br,/gpfs/scratch1/shared/schen3/benzoin-dg-restored/data/cross_benzoin/bde_homo_product_featurize_20260902/chunk_2047/geom.tar.zst,xyz/p000040.xyz,/gpfs/scratch1/shared/schen3/benzoin-dg-restored/data/cross_benzoin/bde_homo_product_featurize_20260902/chunk_2047/geom.tar.zst,ald_xyz/a000099.xyz,-0.0115922910810013,-0.0182321395670008,0,0,,train
15660,15660,O=C(C(O)C(F)(C(F)(F)F)S(=O)(=O)F)C(F)(C(F)(F)F)S(=O)(=O)F,O=CC(F)(C(F)(F)F)S(=O)(=O)F,/gpfs/scratch1/shared/schen3/benzoin-dg-restored/data/cross_benzoin/bde_homo_product_featurize_20260902/chunk_0156/geom.tar.zst,xyz/p000060.xyz,/gpfs/scratch1/shared/schen3/benzoin-dg-restored/data/cross_benzoin/bde_homo_product_featurize_20260902/chunk_0156/geom.tar.zst,ald_xyz/a000047.xyz,0.0375650197629937,0.0010403740189985,0,0,,validation
129301,129301,O=C(O)c1cccc(-c2ccc(C(=O)C(O)c3ccc(-c4cccc(C(=O)O)c4)cc3F)c(F)c2)c1,O=Cc1ccc(-c2cccc(C(=O)O)c2)cc1F,/gpfs/scratch1/shared/schen3/benzoin-dg-restored/data/cross_benzoin/bde_homo_product_featurize_20260902/chunk_1293/geom.tar.zst,xyz/p000001.xyz,/gpfs/scratch1/shared/schen3/benzoin-dg-restored/data/cross_benzoin/bde_homo_product_featurize_20260902/chunk_1293/geom.tar.zst,ald_xyz/a000080.xyz,0.2551803092959943,0.1188642923319989,0,0,,train
213203,213203,CCOCOCc1cc(OCOCC)cc(C(=O)C(O)c2cc(COCOCC)cc(OCOCC)c2)c1,CCOCOCc1cc(C=O)cc(OCOCC)c1,/gpfs/scratch1/shared/schen3/benzoin-dg-restored/data/cross_benzoin/bde_homo_product_featurize_20260902/chunk_2132/geom.tar.zst,xyz/p000003.xyz,/gpfs/scratch1/shared/schen3/benzoin-dg-restored/data/cross_benzoin/bde_homo_product_featurize_20260902/chunk_2132/geom.tar.zst,ald_xyz/a000034.xyz,0.508373325763003,0.1898075616859955,0,0,,train
25991,25991,O=C(c1ccccc1[Se])C(O)c1ccccc1[Se],O=Cc1ccccc1[Se],/gpfs/scratch1/shared/schen3/benzoin-dg-restored/data/cross_benzoin/bde_homo_product_featurize_20260902/chunk_0259/geom.tar.zst,xyz/p000091.xyz,/gpfs/scratch1/shared/schen3/benzoin-dg-restored/data/cross_benzoin/bde_homo_product_featurize_20260902/chunk_0259/geom.tar.zst,ald_xyz/a000090.xyz,0.1214292089210005,0.0490344067659975,0,0,,train
218111,218111,CCCC(C)(C)[Si](OCC)c1ccccc1C(=O)C(O)c1ccccc1[Si](OCC)C(C)(C)CCC,CCCC(C)(C)[Si](OCC)c1ccccc1C=O,/gpfs/scratch1/shared/schen3/benzoin-dg-restored/data/cross_benzoin/bde_homo_product_featurize_20260902/chunk_2181/geom.tar.zst,xyz/p000011.xyz,/gpfs/scratch1/shared/schen3/benzoin-dg-restored/data/cross_benzoin/bde_homo_product_featurize_20260902/chunk_2181/geom.tar.zst,ald_xyz/a000017.xyz,0.5808749397079964,0.2753906567320001,0,0,,train
87775,87775,O=C(C(O)C(F)(Cl)C(F)(F)F)C(F)(Cl)C(F)(F)F,O=CC(F)(Cl)C(F)(F)F,/gpfs/scratch1/shared/schen3/benzoin-dg-restored/data/cross_benzoin/bde_homo_product_featurize_20260902/chunk_0877/geom.tar.zst,xyz/p000075.xyz,/gpfs/scratch1/shared/schen3/benzoin-dg-restored/data/cross_benzoin/bde_homo_product_featurize_20260902/chunk_0877/geom.tar.zst,ald_xyz/a000075.xyz,0.021236175433998,-0.0027205028419956,0,0,-3.985478321104064,train
112155,112155,O=C(c1sc2ccccc2c1[Se])C(O)c1sc2ccccc2c1[Se],O=Cc1sc2ccccc2c1[Se],/gpfs/scratch1/shared/schen3/benzoin-dg-restored/data/cross_benzoin/bde_homo_product_featurize_20260902/chunk_1121/geom.tar.zst,xyz/p000055.xyz,/gpfs/scratch1/shared/schen3/benzoin-dg-restored/data/cross_benzoin/bde_homo_product_featurize_20260902/chunk_1121/geom.tar.zst,ald_xyz/a000099.xyz,0.1332536872330081,14.474670853885996,0,0,,train
124720,124720,O=C(c1cc2ccc([N+](=O)[O-])cc2nc1[Se])C(O)c1cc2ccc([N+](=O)[O-])cc2nc1[Se],O=Cc1cc2ccc([N+](=O)[O-])cc2nc1[Se],/gpfs/scratch1/shared/schen3/benzoin-dg-restored/data/cross_benzoin/bde_homo_product_featurize_20260902/chunk_1247/geom.tar.zst,xyz/p000020.xyz,/gpfs/scratch1/shared/schen3/benzoin-dg-restored/data/cross_benzoin/bde_homo_product_featurize_20260902/chunk_1247/geom.tar.zst,ald_xyz/a000096.xyz,0.149536785560997,0.0605888559049958,0,0,,train
219863,219863,CCC[Si]1CCC(c2ccc(CC(=O)C(O)Cc3ccc(C4CC[Si](CCC)CC4)cc3F)c(F)c2)CC1,CCC[Si]1CCC(c2ccc(CC=O)c(F)c2)CC1,/gpfs/scratch1/shared/schen3/benzoin-dg-restored/data/cross_benzoin/bde_homo_product_featurize_20260902/chunk_2198/geom.tar.zst,xyz/p000063.xyz,/gpfs/scratch1/shared/schen3/benzoin-dg-restored/data/cross_benzoin/bde_homo_product_featurize_20260902/chunk_2198/geom.tar.zst,ald_xyz/a000021.xyz,0.5592535131529957,0.2641263343910012,0,0,,train
83416,83416,CN(Cc1ccc(-c2nnc(C(F)F)o2)cn1)C(=O)c1ccc(C2CCNCC2)cc1C(C)(C)C(=O)C(O)C(C)(C)c1cc(C2CCNCC2)ccc1C(=O)N(C)Cc1ccc(-c2nnc(C(F)F)o2)cn1,CN(Cc1ccc(-c2nnc(C(F)F)o2)cn1)C(=O)c1ccc(C2CCNCC2)cc1C(C)(C)C=O,/gpfs/scratch1/shared/schen3/benzoin-dg-restored/data/cross_benzoin/bde_homo_product_featurize_20260902/chunk_0834/geom.tar.zst,xyz/p000016.xyz,/gpfs/scratch1/shared/schen3/benzoin-dg-restored/data/cross_benzoin/bde_homo_product_featurize_20260902/chunk_0834/geom.tar.zst,ald_xyz/a000044.xyz,0.8470569894110156,0.2782128574619946,0,0,,test
124719,124719,COc1cccc2cc(C(=O)C(O)c3cc4cccc(OC)c4nc3[Se])c([Se])nc12,COc1cccc2cc(C=O)c([Se])nc12,/gpfs/scratch1/shared/schen3/benzoin-dg-restored/data/cross_benzoin/bde_homo_product_featurize_20260902/chunk_1247/geom.tar.zst,xyz/p000019.xyz,/gpfs/scratch1/shared/schen3/benzoin-dg-restored/data/cross_benzoin/bde_homo_product_featurize_20260902/chunk_1247/geom.tar.zst,ald_xyz/a000063.xyz,0.2207526386659992,0.0976670564040063,0,0,,train
202641,202641,Cn1c(Cl)c(C(=O)C(O)c2c(C=Nc3ccccc3)c([Se])n(C)c2Cl)c(C=Nc2ccccc2)c1[Se],Cn1c(Cl)c(C=O)c(C=Nc2ccccc2)c1[Se],/gpfs/scratch1/shared/schen3/benzoin-dg-restored/data/cross_benzoin/bde_homo_product_featurize_20260902/chunk_2026/geom.tar.zst,xyz/p000041.xyz,/gpfs/scratch1/shared/schen3/benzoin-dg-restored/data/cross_benzoin/bde_homo_product_featurize_20260902/chunk_2026/geom.tar.zst,ald_xyz/a000079.xyz,0.2718239967330049,0.1226452553949997,0,0,,validation
9457,9457,O=C(c1sc(Br)nc1Cl)C(O)c1sc(Br)nc1Cl,O=Cc1sc(Br)nc1Cl,/gpfs/scratch1/shared/schen3/benzoin-dg-restored/data/cross_benzoin/bde_homo_product_featurize_20260902/chunk_0094/geom.tar.zst,xyz/p000057.xyz,/gpfs/scratch1/shared/schen3/benzoin-dg-restored/data/cross_benzoin/bde_homo_product_featurize_20260902/chunk_0094/geom.tar.zst,ald_xyz/a000097.xyz,0.0019511265630001,-0.0104381713209988,0,0,,train
26059,26059,O=C(c1nsc(Cl)c1Cl)C(O)c1nsc(Cl)c1Cl,O=Cc1nsc(Cl)c1Cl,/gpfs/scratch1/shared/schen3/benzoin-dg-restored/data/cross_benzoin/bde_homo_product_featurize_20260902/chunk_0260/geom.tar.zst,xyz/p000059.xyz,/gpfs/scratch1/shared/schen3/benzoin-dg-restored/data/cross_benzoin/bde_homo_product_featurize_20260902/chunk_0260/geom.tar.zst,ald_xyz/a000099.xyz,0.0136690642600001,-0.0073430725330005,0,0,,train
4836,4836,O=C(C(Br)Br)C(O)C(Br)Br,O=CC(Br)Br,/gpfs/scratch1/shared/schen3/benzoin-dg-restored/data/cross_benzoin/bde_homo_product_featurize_20260902/chunk_0048/geom.tar.zst,xyz/p000036.xyz,/gpfs/scratch1/shared/schen3/benzoin-dg-restored/data/cross_benzoin/bde_homo_product_featurize_20260902/chunk_0048/geom.tar.zst,ald_xyz/a000081.xyz,0.0029414881339988,-16.779564825544004,0,0,,train
35262,35262,O=C(C(O)C(F)(F)C(F)(F)Cl)C(F)(F)C(F)(F)Cl,O=CC(F)(F)C(F)(F)Cl,/gpfs/scratch1/shared/schen3/benzoin-dg-restored/data/cross_benzoin/bde_homo_product_featurize_20260902/chunk_0352/geom.tar.zst,xyz/p000062.xyz,/gpfs/scratch1/shared/schen3/benzoin-dg-restored/data/cross_benzoin/bde_homo_product_featurize_20260902/chunk_0352/geom.tar.zst,ald_xyz/a000058.xyz,0.0197513006830121,-0.0029628574299991,0,0,,validation
2396,2396,O=C(C(O)C(Cl)(Cl)Br)C(Cl)(Cl)Br,O=CC(Cl)(Cl)Br,/gpfs/scratch1/shared/schen3/benzoin-dg-restored/data/cross_benzoin/bde_homo_product_featurize_20260902/chunk_0023/geom.tar.zst,xyz/p000096.xyz,/gpfs/scratch1/shared/schen3/benzoin-dg-restored/data/cross_benzoin/bde_homo_product_featurize_20260902/chunk_0023/geom.tar.zst,ald_xyz/a000079.xyz,-0.0151368422460009,-0.0200900991140002,0,0,3.9054180804652834,train
78843,78843,O=C(C(O)C(Br)(Br)C(F)(F)F)C(Br)(Br)C(F)(F)F,O=CC(Br)(Br)C(F)(F)F,/gpfs/scratch1/shared/schen3/benzoin-dg-restored/data/cross_benzoin/bde_homo_product_featurize_20260902/chunk_0788/geom.tar.zst,xyz/p000043.xyz,/gpfs/scratch1/shared/schen3/benzoin-dg-restored/data/cross_benzoin/bde_homo_product_featurize_20260902/chunk_0788/geom.tar.zst,ald_xyz/a000072.xyz,-0.0370430737309988,-0.0136745138809999,0,0,,train
116674,116674,O=C(C(O)C(Cl)(Cl)C(Cl)=C(Cl)Cl)C(Cl)(Cl)C(Cl)=C(Cl)Cl,O=CC(Cl)(Cl)C(Cl)=C(Cl)Cl,/gpfs/scratch1/shared/schen3/benzoin-dg-restored/data/cross_benzoin/bde_homo_product_featurize_20260902/chunk_1166/geom.tar.zst,xyz/p000074.xyz,/gpfs/scratch1/shared/schen3/benzoin-dg-restored/data/cross_benzoin/bde_homo_product_featurize_20260902/chunk_1166/geom.tar.zst,ald_xyz/a000069.xyz,0.003449715344999,-0.0141218125740039,0,0,4.205066860810284,validation
97518,97518,O=C(OCl)C(F)(F)C(=O)C(O)C(F)(F)C(=O)OCl,O=CC(F)(F)C(=O)OCl,/gpfs/scratch1/shared/schen3/benzoin-dg-restored/data/cross_benzoin/bde_homo_product_featurize_20260902/chunk_0975/geom.tar.zst,xyz/p000018.xyz,/gpfs/scratch1/shared/schen3/benzoin-dg-restored/data/cross_benzoin/bde_homo_product_featurize_20260902/chunk_0975/geom.tar.zst,ald_xyz/a000078.xyz,0.0140966026280011,-0.0058738607739954,0,0,,train
110228,110228,O=C(c1c(I)sc(Cl)c1Br)C(O)c1c(I)sc(Cl)c1Br,O=Cc1c(I)sc(Cl)c1Br,/gpfs/scratch1/shared/schen3/benzoin-dg-restored/data/cross_benzoin/bde_homo_product_featurize_20260902/chunk_1102/geom.tar.zst,xyz/p000028.xyz,/gpfs/scratch1/shared/schen3/benzoin-dg-restored/data/cross_benzoin/bde_homo_product_featurize_20260902/chunk_1102/geom.tar.zst,ald_xyz/a000090.xyz,-0.0001224404899957,-0.0180565484790022,0,0,,train
203414,203414,CC1(C)CC(Br)(C(=O)C(O)C2(Br)CC(C)(C)N([O])C(C)(C)C2)CC(C)(C)N1[O],CC1(C)CC(Br)(C=O)CC(C)(C)N1[O],/gpfs/scratch1/shared/schen3/benzoin-dg-restored/data/cross_benzoin/bde_homo_product_featurize_20260902/chunk_2034/geom.tar.zst,xyz/p000014.xyz,/gpfs/scratch1/shared/schen3/benzoin-dg-restored/data/cross_benzoin/bde_homo_product_featurize_20260902/chunk_2034/geom.tar.zst,ald_xyz/a000022.xyz,0.4102187973399935,0.1884343788609968,0,0,,train
113598,113598,C[Si](C)c1ccc(C(=O)C(O)c2ccc([Si](C)C)o2)o1,C[Si](C)c1ccc(C=O)o1,/gpfs/scratch1/shared/schen3/benzoin-dg-restored/data/cross_benzoin/bde_homo_product_featurize_20260902/chunk_1135/geom.tar.zst,xyz/p000098.xyz,/gpfs/scratch1/shared/schen3/benzoin-dg-restored/data/cross_benzoin/bde_homo_product_featurize_20260902/chunk_1135/geom.tar.zst,ald_xyz/a000080.xyz,0.1941681656109963,0.0763339419080004,0,0,,train
19579,19579,O=C(F)C(F)(F)C(=O)C(O)C(F)(F)C(=O)F,O=CC(F)(F)C(=O)F,/gpfs/scratch1/shared/schen3/benzoin-dg-restored/data/cross_benzoin/bde_homo_product_featurize_20260902/chunk_0195/geom.tar.zst,xyz/p000079.xyz,/gpfs/scratch1/shared/schen3/benzoin-dg-restored/data/cross_benzoin/bde_homo_product_featurize_20260902/chunk_0195/geom.tar.zst,ald_xyz/a000053.xyz,0.0185324721490047,-0.0029546191599969,0,0,-10.064680870171085,validation
113895,113895,[CH2]CCC(=O)C(O)CC[CH2],[CH2]CCC=O,/gpfs/scratch1/shared/schen3/benzoin-dg-restored/data/cross_benzoin/bde_homo_product_featurize_20260902/chunk_1138/geom.tar.zst,xyz/p000095.xyz,/gpfs/scratch1/shared/schen3/benzoin-dg-restored/data/cross_benzoin/bde_homo_product_featurize_20260902/chunk_1138/geom.tar.zst,ald_xyz/a000098.xyz,0.144712530835001,0.0554152534399996,0,0,,train
125990,125990,[CH2]C1CC(C)(C)C=C1c1ccccc1C(=O)C(O)c1ccccc1C1=CC(C)(C)CC1[CH2],[CH2]C1CC(C)(C)C=C1c1ccccc1C=O,/gpfs/scratch1/shared/schen3/benzoin-dg-restored/data/cross_benzoin/bde_homo_product_featurize_20260902/chunk_1259/geom.tar.zst,xyz/p000090.xyz,/gpfs/scratch1/shared/schen3/benzoin-dg-restored/data/cross_benzoin/bde_homo_product_featurize_20260902/chunk_1259/geom.tar.zst,ald_xyz/a000099.xyz,0.453594430958006,0.2051407564539999,0,0,,train
94753,94753,O=C(c1sc(Br)nc1F)C(O)c1sc(Br)nc1F,O=Cc1sc(Br)nc1F,/gpfs/scratch1/shared/schen3/benzoin-dg-restored/data/cross_benzoin/bde_homo_product_featurize_20260902/chunk_0947/geom.tar.zst,xyz/p000053.xyz,/gpfs/scratch1/shared/schen3/benzoin-dg-restored/data/cross_benzoin/bde_homo_product_featurize_20260902/chunk_0947/geom.tar.zst,ald_xyz/a000099.xyz,0.0128879269989994,-0.0066437134320018,0,0,,train
125150,125150,O=C(c1cccc([Se])c1-c1ccccc1)C(O)c1cccc([Se])c1-c1ccccc1,O=Cc1cccc([Se])c1-c1ccccc1,/gpfs/scratch1/shared/schen3/benzoin-dg-restored/data/cross_benzoin/bde_homo_product_featurize_20260902/chunk_1251/geom.tar.zst,xyz/p000050.xyz,/gpfs/scratch1/shared/schen3/benzoin-dg-restored/data/cross_benzoin/bde_homo_product_featurize_20260902/chunk_1251/geom.tar.zst,ald_xyz/a000098.xyz,0.2609900443369923,0.1123899173019964,0,0,,train
113897,113897,[CH2]CCCC(=O)C(O)CCC[CH2],[CH2]CCCC=O,/gpfs/scratch1/shared/schen3/benzoin-dg-restored/data/cross_benzoin/bde_homo_product_featurize_20260902/chunk_1138/geom.tar.zst,xyz/p000097.xyz,/gpfs/scratch1/shared/schen3/benzoin-dg-restored/data/cross_benzoin/bde_homo_product_featurize_20260902/chunk_1138/geom.tar.zst,ald_xyz/a000099.xyz,0.1852253945110007,0.0795156719320004,0,0,,train
107352,107352,C=C(NC)C(CCC(=O)C(O)CCC(C(=C)NC)c1c(F)cc(N2CC(N=C(N)OC(=N)c3cccc(C)c3)C2)cc1F)c1c(F)cc(N2CC(N=C(N)OC(=N)c3cccc(C)c3)C2)cc1F,C=C(NC)C(CCC=O)c1c(F)cc(N2CC(N=C(N)OC(=N)c3cccc(C)c3)C2)cc1F,/gpfs/scratch1/shared/schen3/benzoin-dg-restored/data/cross_benzoin/bde_homo_product_featurize_20260902/chunk_1073/geom.tar.zst,xyz/p000052.xyz,/gpfs/scratch1/shared/schen3/benzoin-dg-restored/data/cross_benzoin/bde_homo_product_featurize_20260902/chunk_1073/geom.tar.zst,ald_xyz/a000001.xyz,0.7930345297280041,0.2658699680170002,0,0,,test
79428,79428,Cn1c(-c2ccc(Oc3cc(F)c(C(=O)C(O)c4c(F)cc(Oc5ccc(-c6cnc(CN7CCCC7)n6C)cc5)cc4F)c(F)c3)cc2)cnc1CN1CCCC1,Cn1c(-c2ccc(Oc3cc(F)c(C=O)c(F)c3)cc2)cnc1CN1CCCC1,/gpfs/scratch1/shared/schen3/benzoin-dg-restored/data/cross_benzoin/bde_homo_product_featurize_20260902/chunk_0794/geom.tar.zst,xyz/p000028.xyz,/gpfs/scratch1/shared/schen3/benzoin-dg-restored/data/cross_benzoin/bde_homo_product_featurize_20260902/chunk_0794/geom.tar.zst,ald_xyz/a000058.xyz,0.609609617615007,-14.307828461586992,0,0,,train
203449,203449,C=C1C(CC(=O)C(O)CC2C(=C)C(C)(C)N([O])C2(C)C)C(C)(C)N([O])C1(C)C,C=C1C(CC=O)C(C)(C)N([O])C1(C)C,/gpfs/scratch1/shared/schen3/benzoin-dg-restored/data/cross_benzoin/bde_homo_product_featurize_20260902/chunk_2034/geom.tar.zst,xyz/p000049.xyz,/gpfs/scratch1/shared/schen3/benzoin-dg-restored/data/cross_benzoin/bde_homo_product_featurize_20260902/chunk_2034/geom.tar.zst,ald_xyz/a000006.xyz,0.4330423831929977,0.2037514012960031,0,0,,validation
19586,19586,O=C(C(O)C(F)(C(F)(F)F)C(F)(F)Cl)C(F)(C(F)(F)F)C(F)(F)Cl,O=CC(F)(C(F)(F)F)C(F)(F)Cl,/gpfs/scratch1/shared/schen3/benzoin-dg-restored/data/cross_benzoin/bde_homo_product_featurize_20260902/chunk_0195/geom.tar.zst,xyz/p000086.xyz,/gpfs/scratch1/shared/schen3/benzoin-dg-restored/data/cross_benzoin/bde_homo_product_featurize_20260902/chunk_0195/geom.tar.zst,ald_xyz/a000051.xyz,0.0391890454029919,0.0038189351589963,0,0,4.585068803486022,validation
64656,64656,O=C(C(O)C(F)(F)C(F)(F)C(F)(F)Cl)C(F)(F)C(F)(F)C(F)(F)Cl,O=CC(F)(F)C(F)(F)C(F)(F)Cl,/gpfs/scratch1/shared/schen3/benzoin-dg-restored/data/cross_benzoin/bde_homo_product_featurize_20260902/chunk_0646/geom.tar.zst,xyz/p000056.xyz,/gpfs/scratch1/shared/schen3/benzoin-dg-restored/data/cross_benzoin/bde_homo_product_featurize_20260902/chunk_0646/geom.tar.zst,ald_xyz/a000078.xyz,0.0320340974880082,0.0030820123370034,0,0,,validation
19435,19435,O=C(C(F)I)C(O)C(F)I,O=CC(F)I,/gpfs/scratch1/shared/schen3/benzoin-dg-restored/data/cross_benzoin/bde_homo_product_featurize_20260902/chunk_0194/geom.tar.zst,xyz/p000035.xyz,/gpfs/scratch1/shared/schen3/benzoin-dg-restored/data/cross_benzoin/bde_homo_product_featurize_20260902/chunk_0194/geom.tar.zst,ald_xyz/a000054.xyz,0.0107032180849984,-0.0068261520379984,0,0,,train
124716,124716,O=C(c1cc2ccc(Cl)cc2nc1[Se])C(O)c1cc2ccc(Cl)cc2nc1[Se],O=Cc1cc2ccc(Cl)cc2nc1[Se],/gpfs/scratch1/shared/schen3/benzoin-dg-restored/data/cross_benzoin/bde_homo_product_featurize_20260902/chunk_1247/geom.tar.zst,xyz/p000016.xyz,/gpfs/scratch1/shared/schen3/benzoin-dg-restored/data/cross_benzoin/bde_homo_product_featurize_20260902/chunk_1247/geom.tar.zst,ald_xyz/a000095.xyz,0.1457678200339955,0.0596984053340037,0,0,,train
203450,203450,C=C1CC(C)(C)N([O])C(C)(C)C1CC(=O)C(O)CC1C(=C)CC(C)(C)N([O])C1(C)C,C=C1CC(C)(C)N([O])C(C)(C)C1CC=O,/gpfs/scratch1/shared/schen3/benzoin-dg-restored/data/cross_benzoin/bde_homo_product_featurize_20260902/chunk_2034/geom.tar.zst,xyz/p000050.xyz,/gpfs/scratch1/shared/schen3/benzoin-dg-restored/data/cross_benzoin/bde_homo_product_featurize_20260902/chunk_2034/geom.tar.zst,ald_xyz/a000007.xyz,0.4932872679389959,-7.618549376990998,0,0,,test
205319,205319,COC(=O)c1ccc(CC(C(=O)C(O)C(Cc2ccc(C(=O)OC)cc2OC)c2cc(C(=O)OC)ccc2[N+](=O)[O-])c2cc(C(=O)OC)ccc2[N+](=O)[O-])c(OC)c1,COC(=O)c1ccc(CC(C=O)c2cc(C(=O)OC)ccc2[N+](=O)[O-])c(OC)c1,/gpfs/scratch1/shared/schen3/benzoin-dg-restored/data/cross_benzoin/bde_homo_product_featurize_20260902/chunk_2053/geom.tar.zst,xyz/p000019.xyz,/gpfs/scratch1/shared/schen3/benzoin-dg-restored/data/cross_benzoin/bde_homo_product_featurize_20260902/chunk_2053/geom.tar.zst,ald_xyz/a000041.xyz,0.5474477600769774,0.2507634654640043,0,0,,train
50604,50604,O=C(OCc1ccccc1)OOCC(O)C(OOC(=O)OCc1ccccc1)C(F)(F)C(=O)C(O)C(F)(F)C(OOC(=O)OCc1ccccc1)C(O)COOC(=O)OCc1ccccc1,O=CC(F)(F)[C@H](OOC(=O)OCc1ccccc1)[C@H](O)COOC(=O)OCc1ccccc1,/gpfs/scratch1/shared/schen3/benzoin-dg-restored/data/cross_benzoin/bde_homo_product_featurize_20260902/chunk_0506/geom.tar.zst,xyz/p000004.xyz,/gpfs/scratch1/shared/schen3/benzoin-dg-restored/data/cross_benzoin/bde_homo_product_featurize_20260902/chunk_0506/geom.tar.zst,ald_xyz/a000077.xyz,0.5632206866710021,0.2652846443539971,0,0,,test
138420,138420,O=C(c1cn(-c2nc3ncccc3cc2-c2ccc(F)cc2)nc1-c1ccc(Br)cc1)C(O)c1cn(-c2nc3ncccc3cc2-c2ccc(F)cc2)nc1-c1ccc(Br)cc1,O=Cc1cn(-c2nc3ncccc3cc2-c2ccc(F)cc2)nc1-c1ccc(Br)cc1,/gpfs/scratch1/shared/schen3/benzoin-dg-restored/data/cross_benzoin/bde_homo_product_featurize_20260902/chunk_1384/geom.tar.zst,xyz/p000020.xyz,/gpfs/scratch1/shared/schen3/benzoin-dg-restored/data/cross_benzoin/bde_homo_product_featurize_20260902/chunk_1384/geom.tar.zst,ald_xyz/a000084.xyz,0.4863270944559872,0.2188644289149977,0,0,,train
106808,106808,O=C(c1ccc(-c2nc(-c3ccccc3)co2)cc1OC(F)F)C(O)c1ccc(-c2nc(-c3ccccc3)co2)cc1OC(F)F,O=Cc1ccc(-c2nc(-c3ccccc3)co2)cc1OC(F)F,/gpfs/scratch1/shared/schen3/benzoin-dg-restored/data/cross_benzoin/bde_homo_product_featurize_20260902/chunk_1068/geom.tar.zst,xyz/p000008.xyz,/gpfs/scratch1/shared/schen3/benzoin-dg-restored/data/cross_benzoin/bde_homo_product_featurize_20260902/chunk_1068/geom.tar.zst,ald_xyz/a000081.xyz,0.355057732836002,0.1584011599479993,0,0,,train
125584,125584,O=C(c1ccccc1-c1ccccc1C1=Cc2ccccc2C1)C(O)c1ccccc1-c1ccccc1C1=Cc2ccccc2C1,O=Cc1ccccc1-c1ccccc1C1=Cc2ccccc2C1,/gpfs/scratch1/shared/schen3/benzoin-dg-restored/data/cross_benzoin/bde_homo_product_featurize_20260902/chunk_1255/geom.tar.zst,xyz/p000084.xyz,/gpfs/scratch1/shared/schen3/benzoin-dg-restored/data/cross_benzoin/bde_homo_product_featurize_20260902/chunk_1255/geom.tar.zst,ald_xyz/a000085.xyz,0.4958271635350115,0.2283960787569938,0,0,,test
117147,117147,O=C(C([Se])Cc1ccccc1)C(O)C([Se])Cc1ccccc1,O=CC([Se])Cc1ccccc1,/gpfs/scratch1/shared/schen3/benzoin-dg-restored/data/cross_benzoin/bde_homo_product_featurize_20260902/chunk_1171/geom.tar.zst,xyz/p000047.xyz,/gpfs/scratch1/shared/schen3/benzoin-dg-restored/data/cross_benzoin/bde_homo_product_featurize_20260902/chunk_1171/geom.tar.zst,ald_xyz/a000055.xyz,0.221575638247998,0.0960748095799992,0,0,,train
124717,124717,O=C(c1cc2ccc(Br)cc2nc1[Se])C(O)c1cc2ccc(Br)cc2nc1[Se],O=Cc1cc2ccc(Br)cc2nc1[Se],/gpfs/scratch1/shared/schen3/benzoin-dg-restored/data/cross_benzoin/bde_homo_product_featurize_20260902/chunk_1247/geom.tar.zst,xyz/p000017.xyz,/gpfs/scratch1/shared/schen3/benzoin-dg-restored/data/cross_benzoin/bde_homo_product_featurize_20260902/chunk_1247/geom.tar.zst,ald_xyz/a000094.xyz,0.1350186117039982,0.055983634729003,0,0,,train
15437,15437,O=C(C(O)C(F)(Cl)Br)C(F)(Cl)Br,O=CC(F)(Cl)Br,/gpfs/scratch1/shared/schen3/benzoin-dg-restored/data/cross_benzoin/bde_homo_product_featurize_20260902/chunk_0154/geom.tar.zst,xyz/p000037.xyz,/gpfs/scratch1/shared/schen3/benzoin-dg-restored/data/cross_benzoin/bde_homo_product_featurize_20260902/chunk_0154/geom.tar.zst,ald_xyz/a000053.xyz,-0.0076760000070024,-0.0165719992879971,0,0,-2.674966930861349,validation
37344,37344,CC(C)c1c(C(=O)Cc2ccccc2)c(-c2ccccc2)c(-c2ccc(F)cc2)n1CCC(=O)C(O)CCn1c(-c2ccc(F)cc2)c(-c2ccccc2)c(C(=O)Cc2ccccc2)c1C(C)C,CC(C)c1c(C(=O)Cc2ccccc2)c(-c2ccccc2)c(-c2ccc(F)cc2)n1CCC=O,/gpfs/scratch1/shared/schen3/benzoin-dg-restored/data/cross_benzoin/bde_homo_product_featurize_20260902/chunk_0373/geom.tar.zst,xyz/p000044.xyz,/gpfs/scratch1/shared/schen3/benzoin-dg-restored/data/cross_benzoin/bde_homo_product_featurize_20260902/chunk_0373/geom.tar.zst,ald_xyz/a000020.xyz,0.823417653389015,0.2624487346679984,0,0,,train
113896,113896,[CH2]CC(=O)C(O)C[CH2],[CH2]CC=O,/gpfs/scratch1/shared/schen3/benzoin-dg-restored/data/cross_benzoin/bde_homo_product_featurize_20260902/chunk_1138/geom.tar.zst,xyz/p000096.xyz,/gpfs/scratch1/shared/schen3/benzoin-dg-restored/data/cross_benzoin/bde_homo_product_featurize_20260902/chunk_1138/geom.tar.zst,ald_xyz/a000097.xyz,0.0967952553360014,0.0299704617740008,0,0,,validation
124539,124539,O=C(c1cc(COc2[c]cccc2)cs1)C(O)c1cc(COc2[c]cccc2)cs1,O=Cc1cc(COc2[c]cccc2)cs1,/gpfs/scratch1/shared/schen3/benzoin-dg-restored/data/cross_benzoin/bde_homo_product_featurize_20260902/chunk_1245/geom.tar.zst,xyz/p000039.xyz,/gpfs/scratch1/shared/schen3/benzoin-dg-restored/data/cross_benzoin/bde_homo_product_featurize_20260902/chunk_1245/geom.tar.zst,ald_xyz/a000092.xyz,0.2502652426770027,-6.860026154153999,0,0,,test
12053,12053,O=C(c1snc(Cl)c1Cl)C(O)c1snc(Cl)c1Cl,O=Cc1snc(Cl)c1Cl,/gpfs/scratch1/shared/schen3/benzoin-dg-restored/data/cross_benzoin/bde_homo_product_featurize_20260902/chunk_0120/geom.tar.zst,xyz/p000053.xyz,/gpfs/scratch1/shared/schen3/benzoin-dg-restored/data/cross_benzoin/bde_homo_product_featurize_20260902/chunk_0120/geom.tar.zst,ald_xyz/a000099.xyz,0.0081370128660012,-0.0064028038369983,0,0,,train
202977,202977,COC(=O)C1C(C(=O)C(O)C2C(C(=O)OC)C(C)(C)N([O])C2(C)C)C(C)(C)N([O])C1(C)C,COC(=O)[C@@H]1[C@@H](C=O)C(C)(C)N([O])C1(C)C,/gpfs/scratch1/shared/schen3/benzoin-dg-restored/data/cross_benzoin/bde_homo_product_featurize_20260902/chunk_2029/geom.tar.zst,xyz/p000077.xyz,/gpfs/scratch1/shared/schen3/benzoin-dg-restored/data/cross_benzoin/bde_homo_product_featurize_20260902/chunk_2029/geom.tar.zst,ald_xyz/a000042.xyz,0.4499137100170003,0.2054318787729983,0,0,,train
1646,1646,O=C(C(O)C(F)(F)C(F)(F)F)C(F)(F)C(F)(F)F,O=CC(F)(F)C(F)(F)F,/gpfs/scratch1/shared/schen3/benzoin-dg-restored/data/cross_benzoin/bde_homo_product_featurize_20260902/chunk_0016/geom.tar.zst,xyz/p000046.xyz,/gpfs/scratch1/shared/schen3/benzoin-dg-restored/data/cross_benzoin/bde_homo_product_featurize_20260902/chunk_0016/geom.tar.zst,ald_xyz/a000072.xyz,0.0274952312239946,0.001230039684998,0,0,-7.80271245582913,train
15443,15443,O=C(C(F)Br)C(O)C(F)Br,O=CC(F)Br,/gpfs/scratch1/shared/schen3/benzoin-dg-restored/data/cross_benzoin/bde_homo_product_featurize_20260902/chunk_0154/geom.tar.zst,xyz/p000043.xyz,/gpfs/scratch1/shared/schen3/benzoin-dg-restored/data/cross_benzoin/bde_homo_product_featurize_20260902/chunk_0154/geom.tar.zst,ald_xyz/a000056.xyz,0.0160727676430028,-0.0039158579219993,0,0,-6.717828299095522,train
63810,63810,O=C(C(O)C(F)(F)S)C(F)(F)S,O=CC(F)(F)S,/gpfs/scratch1/shared/schen3/benzoin-dg-restored/data/cross_benzoin/bde_homo_product_featurize_20260902/chunk_0638/geom.tar.zst,xyz/p000010.xyz,/gpfs/scratch1/shared/schen3/benzoin-dg-restored/data/cross_benzoin/bde_homo_product_featurize_20260902/chunk_0638/geom.tar.zst,ald_xyz/a000068.xyz,0.014813278721995,-0.0058288278079992,0,0,,train
12270,12270,O=C(c1nc(Br)sc1Br)C(O)c1nc(Br)sc1Br,O=Cc1nc(Br)sc1Br,/gpfs/scratch1/shared/schen3/benzoin-dg-restored/data/cross_benzoin/bde_homo_product_featurize_20260902/chunk_0122/geom.tar.zst,xyz/p000070.xyz,/gpfs/scratch1/shared/schen3/benzoin-dg-restored/data/cross_benzoin/bde_homo_product_featurize_20260902/chunk_0122/geom.tar.zst,ald_xyz/a000096.xyz,0.0002275531339961,-0.0141435766510014,0,0,,train
20848,20848,CC1(C)c2ccc(C(=O)C(O)c3ccc4c(c3)C(C)(C)N([O])C4(C)C)cc2C(C)(C)N1[O],CC1(C)c2ccc(C=O)cc2C(C)(C)N1[O],/gpfs/scratch1/shared/schen3/benzoin-dg-restored/data/cross_benzoin/bde_homo_product_featurize_20260902/chunk_0208/geom.tar.zst,xyz/p000048.xyz,/gpfs/scratch1/shared/schen3/benzoin-dg-restored/data/cross_benzoin/bde_homo_product_featurize_20260902/chunk_0208/geom.tar.zst,ald_xyz/a000026.xyz,0.408577875363008,0.1898477233949975,0,0,,train
140,140,O=C(C(O)C(Br)(Br)Br)C(Br)(Br)Br,O=CC(Br)(Br)Br,/gpfs/scratch1/shared/schen3/benzoin-dg-restored/data/cross_benzoin/bde_homo_product_featurize_20260902/chunk_0001/geom.tar.zst,xyz/p000040.xyz,/gpfs/scratch1/shared/schen3/benzoin-dg-restored/data/cross_benzoin/bde_homo_product_featurize_20260902/chunk_0001/geom.tar.zst,ald_xyz/a000063.xyz,-0.027334886600002,-0.0273703979239989,0,0,8.896608627974215,validation
28976,28976,O=C(C(O)C(F)(F)[N+](=O)[O-])C(F)(F)[N+](=O)[O-],O=CC(F)(F)[N+](=O)[O-],/gpfs/scratch1/shared/schen3/benzoin-dg-restored/data/cross_benzoin/bde_homo_product_featurize_20260902/chunk_0289/geom.tar.zst,xyz/p000076.xyz,/gpfs/scratch1/shared/schen3/benzoin-dg-restored/data/cross_benzoin/bde_homo_product_featurize_20260902/chunk_0289/geom.tar.zst,ald_xyz/a000062.xyz,0.0139187211270055,-0.0052534608130017,0,0,-8.585487938767312,test
86010,86010,CNC(=O)N(CCCCCSNC(C)c1cc(F)c(C)c(OCC2CC2)c1)CC(=O)C(O)CN(CCCCCSNC(C)c1cc(F)c(C)c(OCC2CC2)c1)C(=O)NC,CNC(=O)N(CC=O)CCCCCSNC(C)c1cc(F)c(C)c(OCC2CC2)c1,/gpfs/scratch1/shared/schen3/benzoin-dg-restored/data/cross_benzoin/bde_homo_product_featurize_20260902/chunk_0860/geom.tar.zst,xyz/p000010.xyz,/gpfs/scratch1/shared/schen3/benzoin-dg-restored/data/cross_benzoin/bde_homo_product_featurize_20260902/chunk_0860/geom.tar.zst,ald_xyz/a000025.xyz,0.864705449630975,0.257938209415002,0,0,,train
8454,8454,O=C(C(O)C(F)(Cl)Cl)C(F)(Cl)Cl,O=CC(F)(Cl)Cl,/gpfs/scratch1/shared/schen3/benzoin-dg-restored/data/cross_benzoin/bde_homo_product_featurize_20260902/chunk_0084/geom.tar.zst,xyz/p000054.xyz,/gpfs/scratch1/shared/schen3/benzoin-dg-restored/data/cross_benzoin/bde_homo_product_featurize_20260902/chunk_0084/geom.tar.zst,ald_xyz/a000065.xyz,-0.0002822088239966,-0.0126888114460008,0,0,,train
214784,214784,C[Si](C)OC(C)(C(=O)C(O)C(C)(O[Si](C)C)C(C)(C)C)C(C)(C)C,C[Si](C)OC(C)(C=O)C(C)(C)C,/gpfs/scratch1/shared/schen3/benzoin-dg-restored/data/cross_benzoin/bde_homo_product_featurize_20260902/chunk_2147/geom.tar.zst,xyz/p000084.xyz,/gpfs/scratch1/shared/schen3/benzoin-dg-restored/data/cross_benzoin/bde_homo_product_featurize_20260902/chunk_2147/geom.tar.zst,ald_xyz/a000043.xyz,0.4409080462170038,0.2064171144719964,0,0,,validation
121716,121716,CC1(C)[C](CCO[Si](C)(C)C(C)(C)C)C2(C(=O)C(O)C34CC(OCc5ccccc5)C(O3)C(C)(C)[C]4CCO[Si](C)(C)C(C)(C)C)CC(OCc3ccccc3)C1O2,CC1(C)[C](CCO[Si](C)(C)C(C)(C)C)[C@@]2(C=O)C[C@H](OCc3ccccc3)[C@@H]1O2,/gpfs/scratch1/shared/schen3/benzoin-dg-restored/data/cross_benzoin/bde_homo_product_featurize_20260902/chunk_1217/geom.tar.zst,xyz/p000016.xyz,/gpfs/scratch1/shared/schen3/benzoin-dg-restored/data/cross_benzoin/bde_homo_product_featurize_20260902/chunk_1217/geom.tar.zst,ald_xyz/a000024.xyz,0.9627085383170026,0.4586273266319978,0,0,,
24821,24821,O=C(c1nnco1)C(O)c1nnco1,O=Cc1nnco1,/gpfs/scratch1/shared/schen3/benzoin-dg-restored/data/cross_benzoin/bde_homo_product_featurize_20260902/chunk_0248/geom.tar.zst,xyz/p000021.xyz,/gpfs/scratch1/shared/schen3/benzoin-dg-restored/data/cross_benzoin/bde_homo_product_featurize_20260902/chunk_0248/geom.tar.zst,ald_xyz/a000097.xyz,0.0447436344560046,-0.3902987201209988,0,0,,test
22997,22997,O=C(c1c(Br)oc2ccccc12)C(O)c1c(Br)oc2ccccc12,O=Cc1c(Br)oc2ccccc12,/gpfs/scratch1/shared/schen3/benzoin-dg-restored/data/cross_benzoin/bde_homo_product_featurize_20260902/chunk_0229/geom.tar.zst,xyz/p000097.xyz,/gpfs/scratch1/shared/schen3/benzoin-dg-restored/data/cross_benzoin/bde_homo_product_featurize_20260902/chunk_0229/geom.tar.zst,ald_xyz/a000084.xyz,0.1428577029239903,-0.0501792589699974,0,0,,train
111842,111842,O=C(c1cc(-c2ccccc2)c([N]Sc2ccc(Cl)cc2Cl)c(-c2ccccc2)c1)C(O)c1cc(-c2ccccc2)c([N]Sc2ccc(Cl)cc2Cl)c(-c2ccccc2)c1,O=Cc1cc(-c2ccccc2)c([N]Sc2ccc(Cl)cc2Cl)c(-c2ccccc2)c1,/gpfs/scratch1/shared/schen3/benzoin-dg-restored/data/cross_benzoin/bde_homo_product_featurize_20260902/chunk_1118/geom.tar.zst,xyz/p000042.xyz,/gpfs/scratch1/shared/schen3/benzoin-dg-restored/data/cross_benzoin/bde_homo_product_featurize_20260902/chunk_1118/geom.tar.zst,ald_xyz/a000097.xyz,0.5003769425310054,0.232314323013,0,0,,train
15461,15461,O=C(C(O)C(F)(Br)Br)C(F)(Br)Br,O=CC(F)(Br)Br,/gpfs/scratch1/shared/schen3/benzoin-dg-restored/data/cross_benzoin/bde_homo_product_featurize_20260902/chunk_0154/geom.tar.zst,xyz/p000061.xyz,/gpfs/scratch1/shared/schen3/benzoin-dg-restored/data/cross_benzoin/bde_homo_product_featurize_20260902/chunk_0154/geom.tar.zst,ald_xyz/a000052.xyz,-0.0152910855589993,-0.0208454839500014,0,0,,test
