{
  "model": "xgb",
  "target": "dG_orca_kcal",
  "baseline": "dG_gxtb_kcal",
  "n_samples": 34120,
  "n_pairs": 32062,
  "n_features": 150,
  "folds": 5,
  "repeats": 20,
  "cv_delta_learning": {
    "MAE": 2.316032309145487,
    "RMSE": 3.2661852642772446,
    "R2": 0.7825814649855716
  },
  "cv_gxtb_baseline": {
    "MAE": 4.212235634814469,
    "RMSE": 5.832320885153786,
    "R2": 0.3067374261489211
  },
  "cv_xtb_baseline": {
    "MAE": 15.177430385166893,
    "RMSE": 16.130363418461403,
    "R2": -4.3027754777663745
  },
  "frozen_holdout_candidates_v3": {
    "n_train": 3281,
    "n_test": 29,
    "delta": {
      "MAE": 3.398351387486561,
      "RMSE": 4.243894050620759,
      "R2": 0.8424766975462101
    },
    "gxtb_baseline": {
      "MAE": 5.315198304509104,
      "RMSE": 7.330420757897835,
      "R2": 0.5300263071920199
    }
  },
  "n_final_fit": 34069,
  "n_excluded_test_validation_leakage": 51,
  "feature_medians": {
    "donor_G_xtb": -52.55259861591,
    "donor_G_gxtb": -1001.7990360077508,
    "donor_xtb_energy": -52.693163228676,
    "donor_xtb_HOMO": -10.7237,
    "donor_xtb_LUMO": -7.9287,
    "donor_xtb_gap": 2.6903,
    "donor_xtb_IP": 8.1998,
    "donor_xtb_EA": 0.521,
    "donor_xtb_mu": -4.23265,
    "donor_xtb_eta": 3.80265,
    "donor_xtb_omega": 2.417039,
    "donor_xtb_dipole": 4.238,
    "donor_mulliken_CHO_C": 0.208078,
    "donor_mulliken_CHO_O": -0.327247,
    "donor_fukui_plus_CHO_C": 0.046335,
    "donor_fukui_minus_CHO_C": 0.004127,
    "donor_fukui_0_CHO_C": 0.025376,
    "donor_dual_descriptor_CHO_C": 0.042189,
    "donor_wbo_CO": 1.891295,
    "donor_pa_CHO_O": 47.6279,
    "donor_vbur_CHO_C": 48.317800000000005,
    "donor_sterimol_L": 7.70195,
    "donor_sterimol_B1": 2.0753500000000003,
    "donor_sterimol_B5": 7.21255,
    "donor_SASA_total": 434.468,
    "donor_P_int": 18.3099,
    "donor_bde_gxtb_kcal": 86.2165,
    "acceptor_G_xtb": -52.548984480691,
    "acceptor_G_gxtb": -1001.798040280854,
    "acceptor_xtb_energy": -52.691561092897,
    "acceptor_xtb_HOMO": -10.7237,
    "acceptor_xtb_LUMO": -7.9287,
    "acceptor_xtb_gap": 2.6903,
    "acceptor_xtb_IP": 8.1997,
    "acceptor_xtb_EA": 0.521,
    "acceptor_xtb_mu": -4.23265,
    "acceptor_xtb_eta": 3.80265,
    "acceptor_xtb_omega": 2.417039,
    "acceptor_xtb_dipole": 4.238,
    "acceptor_mulliken_CHO_C": 0.208076,
    "acceptor_mulliken_CHO_O": -0.327247,
    "acceptor_fukui_plus_CHO_C": 0.046337,
    "acceptor_fukui_minus_CHO_C": 0.004127499999999999,
    "acceptor_fukui_0_CHO_C": 0.025376,
    "acceptor_dual_descriptor_CHO_C": 0.042188500000000004,
    "acceptor_wbo_CO": 1.891291,
    "acceptor_pa_CHO_O": 47.6275,
    "acceptor_vbur_CHO_C": 48.3169,
    "acceptor_sterimol_L": 7.702,
    "acceptor_sterimol_B1": 2.0754,
    "acceptor_sterimol_B5": 7.2126,
    "acceptor_SASA_total": 434.468,
    "acceptor_P_int": 18.3097,
    "acceptor_bde_gxtb_kcal": 86.217,
    "xtb_energy": -106.742499063619,
    "xtb_HOMO": -10.4491,
    "xtb_LUMO": -7.8973,
    "xtb_gap": 2.4937,
    "xtb_IP": 7.4427,
    "xtb_EA": 0.9226,
    "xtb_mu": -4.0741,
    "xtb_eta": 3.2367,
    "xtb_omega": 2.647196,
    "xtb_dipole": 4.82,
    "mulliken_ketC": 0.218829,
    "mulliken_ketO": -0.360933,
    "mulliken_carbC": 0.093448,
    "mulliken_hydO": -0.440056,
    "mulliken_hydH": 0.317383,
    "wbo_CO_ket": 1.833003,
    "wbo_CC_new": 0.954536,
    "wbo_CO_carb": 1.009247,
    "fukui_plus_ketC": 0.044027,
    "fukui_minus_ketC": 0.003755,
    "fukui_0_ketC": 0.023749,
    "dual_ketC": 0.04057,
    "fukui_plus_carbC": -0.002858,
    "fukui_minus_carbC": 0.001149,
    "fukui_0_carbC": -0.000838,
    "dual_carbC": -0.004219,
    "pa_ketO": 52.76705,
    "vbur_ketC": 73.9261,
    "vbur_carbC": 72.557,
    "sterimol_L": 7.9015,
    "sterimol_B1": 2.6138,
    "sterimol_B5": 8.8972,
    "SASA_total": 697.5315,
    "P_int": 20.6334,
    "hb_dist": 2.0939,
    "hb_angle": 114.4999,
    "dih_core": -0.4763,
    "bde_gxtb_kcal": 84.439,
    "product_MW": 515.906,
    "product_LogP": 4.6639,
    "product_TPSA": 96.38,
    "product_HBD": 1.0,
    "product_HBA": 6.0,
    "product_RotBonds": 9.0,
    "product_ArRings": 2.0,
    "product_ArHetRings": 0.0,
    "product_AlRings": 0.0,
    "product_Rings": 4.0,
    "product_Heteroatoms": 10.0,
    "product_FractionCSP3": 0.388889,
    "product_BertzCT": 1185.041925,
    "product_Kappa2": 10.967902,
    "product_NumStereocenters": 1.0,
    "product_n_CHO": 0.0,
    "donor_MW": 254.329,
    "donor_LogP": 2.53662,
    "donor_TPSA": 46.53,
    "donor_HBD": 0.0,
    "donor_HBA": 3.0,
    "donor_RotBonds": 4.0,
    "donor_ArRings": 1.0,
    "donor_ArHetRings": 0.0,
    "donor_AlRings": 0.0,
    "donor_Rings": 2.0,
    "donor_Heteroatoms": 5.0,
    "donor_FractionCSP3": 0.352941,
    "donor_BertzCT": 468.140169,
    "donor_Kappa2": 5.32957,
    "donor_NumStereocenters": 0.0,
    "donor_n_CHO": 1.0,
    "acceptor_MW": 254.329,
    "acceptor_LogP": 2.53662,
    "acceptor_TPSA": 46.53,
    "acceptor_HBD": 0.0,
    "acceptor_HBA": 3.0,
    "acceptor_RotBonds": 4.0,
    "acceptor_ArRings": 1.0,
    "acceptor_ArHetRings": 0.0,
    "acceptor_AlRings": 0.0,
    "acceptor_Rings": 2.0,
    "acceptor_Heteroatoms": 5.0,
    "acceptor_FractionCSP3": 0.352941,
    "acceptor_BertzCT": 468.101423,
    "acceptor_Kappa2": 5.32957,
    "acceptor_NumStereocenters": 0.0,
    "acceptor_n_CHO": 1.0,
    "interaction_gap_HOMOd_LUMOa": -2.7029000000000005,
    "interaction_fukui_match": 0.000176998552,
    "interaction_absdiff_xtb_gap": 0.0,
    "interaction_absdiff_xtb_dipole": 0.0,
    "interaction_absdiff_sterimol_L": 0.0,
    "interaction_absdiff_sterimol_B1": 0.0,
    "interaction_absdiff_sterimol_B5": 0.0,
    "interaction_absdiff_SASA_total": 0.0,
    "interaction_absdiff_MW": 0.0,
    "interaction_absdiff_TPSA": 0.0
  },
  "ablations": [
    {
      "block": "2D_only",
      "n_feats": 48,
      "MAE": 3.5677143549538237,
      "RMSE": 4.830513053532125,
      "R2": 0.5244442304909458
    },
    {
      "block": "aldehydes_only",
      "n_feats": 54,
      "MAE": 2.9683061375488373,
      "RMSE": 4.128890514017712,
      "R2": 0.6525585182487617
    },
    {
      "block": "product_only",
      "n_feats": 54,
      "MAE": 2.663705686964356,
      "RMSE": 3.8133927691917386,
      "R2": 0.7036274257720336
    },
    {
      "block": "donor+acceptor",
      "n_feats": 102,
      "MAE": 2.964670795615434,
      "RMSE": 4.115505838314646,
      "R2": 0.6548074778311043
    },
    {
      "block": "all_raw_blocks",
      "n_feats": 140,
      "MAE": 2.314874264309903,
      "RMSE": 3.265356533129664,
      "R2": 0.7826917824591189
    },
    {
      "block": "all+interaction",
      "n_feats": 150,
      "MAE": 2.316032309145487,
      "RMSE": 3.2661852642772446,
      "R2": 0.7825814649855716
    }
  ]
}