{
  "model": "xgb",
  "target": "dG_orca_kcal",
  "baseline": "dG_gxtb_kcal",
  "n_samples": 4120,
  "n_pairs": 2062,
  "n_features": 260,
  "folds": 5,
  "repeats": 20,
  "cv_delta_learning": {
    "MAE": 2.8870713334605904,
    "RMSE": 3.9255387492104736,
    "R2": 0.7627659514367202
  },
  "cv_gxtb_baseline": {
    "MAE": 5.334864613276553,
    "RMSE": 6.966431457392213,
    "R2": 0.25286476198707963
  },
  "cv_xtb_baseline": {
    "MAE": 16.237337614223787,
    "RMSE": 17.118242074561653,
    "R2": -3.511249119386423
  },
  "frozen_holdout_candidates_v3": {
    "n_train": 3281,
    "n_test": 29,
    "delta": {
      "MAE": 3.155809051203903,
      "RMSE": 4.06511477167505,
      "R2": 0.8554688809693876
    },
    "gxtb_baseline": {
      "MAE": 5.315198304509104,
      "RMSE": 7.330420757897835,
      "R2": 0.5300263071920199
    }
  },
  "n_final_fit": 4069,
  "n_excluded_test_validation_leakage": 51,
  "feature_medians": {
    "donor_G_xtb": -74.973606608592,
    "donor_G_gxtb": -1443.241693809423,
    "donor_xtb_energy": -75.26821628613,
    "donor_xtb_HOMO": -10.4008,
    "donor_xtb_LUMO": -7.9778,
    "donor_xtb_gap": 2.3743,
    "donor_xtb_IP": 7.6548,
    "donor_xtb_EA": 0.8165,
    "donor_xtb_mu": -4.1877,
    "donor_xtb_eta": 3.42825,
    "donor_xtb_omega": 2.611781,
    "donor_xtb_dipole": 5.125,
    "donor_mulliken_CHO_C": 0.20794,
    "donor_mulliken_CHO_O": -0.329647,
    "donor_fukui_plus_CHO_C": 0.036619,
    "donor_fukui_minus_CHO_C": 0.002094,
    "donor_fukui_0_CHO_C": 0.019471500000000003,
    "donor_dual_descriptor_CHO_C": 0.034155,
    "donor_wbo_CO": 1.885236,
    "donor_pa_CHO_O": 53.8837,
    "donor_vbur_CHO_C": 50.3797,
    "donor_sterimol_L": 8.2528,
    "donor_sterimol_B1": 2.2063,
    "donor_sterimol_B5": 8.5434,
    "donor_SASA_total": 553.6683,
    "donor_P_int": 19.6464,
    "donor_bde_gxtb_kcal": 78.961,
    "acceptor_G_xtb": -74.951932491219,
    "acceptor_G_gxtb": -1442.865237175432,
    "acceptor_xtb_energy": -75.221736888317,
    "acceptor_xtb_HOMO": -10.4008,
    "acceptor_xtb_LUMO": -7.9778,
    "acceptor_xtb_gap": 2.3743,
    "acceptor_xtb_IP": 7.6548,
    "acceptor_xtb_EA": 0.8165,
    "acceptor_xtb_mu": -4.1877,
    "acceptor_xtb_eta": 3.42855,
    "acceptor_xtb_omega": 2.611781,
    "acceptor_xtb_dipole": 5.12,
    "acceptor_mulliken_CHO_C": 0.207927,
    "acceptor_mulliken_CHO_O": -0.32963299999999995,
    "acceptor_fukui_plus_CHO_C": 0.036632,
    "acceptor_fukui_minus_CHO_C": 0.002096,
    "acceptor_fukui_0_CHO_C": 0.019474,
    "acceptor_dual_descriptor_CHO_C": 0.034156,
    "acceptor_wbo_CO": 1.8852295,
    "acceptor_pa_CHO_O": 53.8823,
    "acceptor_vbur_CHO_C": 50.3797,
    "acceptor_sterimol_L": 8.2529,
    "acceptor_sterimol_B1": 2.2064,
    "acceptor_sterimol_B5": 8.53315,
    "acceptor_SASA_total": 553.6683,
    "acceptor_P_int": 19.6463,
    "acceptor_bde_gxtb_kcal": 78.9765,
    "xtb_energy": -146.514070174946,
    "xtb_HOMO": -9.967,
    "xtb_LUMO": -8.0442,
    "xtb_gap": 1.9123,
    "xtb_IP": 6.8959,
    "xtb_EA": 1.2938,
    "xtb_mu": -4.0685,
    "xtb_eta": 2.7955,
    "xtb_omega": 3.00411,
    "xtb_dipole": 7.01,
    "mulliken_ketC": 0.218957,
    "mulliken_ketO": -0.36235,
    "mulliken_carbC": 0.093835,
    "mulliken_hydO": -0.44067,
    "mulliken_hydH": 0.318295,
    "wbo_CO_ket": 1.827094,
    "wbo_CC_new": 0.953207,
    "wbo_CO_carb": 1.009944,
    "fukui_plus_ketC": 0.030303,
    "fukui_minus_ketC": 0.001825,
    "fukui_0_ketC": 0.016357,
    "dual_ketC": 0.028356,
    "fukui_plus_carbC": -0.00223,
    "fukui_minus_carbC": -4e-06,
    "fukui_0_carbC": -0.001068,
    "dual_carbC": -0.002283,
    "pa_ketO": 60.0929,
    "vbur_ketC": 76.393,
    "vbur_carbC": 75.0396,
    "sterimol_L": 8.6452,
    "sterimol_B1": 2.9113,
    "sterimol_B5": 11.0337,
    "SASA_total": 890.4459,
    "P_int": 22.0069,
    "hb_dist": 2.1348,
    "hb_angle": 112.5371,
    "dih_core": -1.156,
    "bde_gxtb_kcal": 45.0705,
    "product_MW": 704.849,
    "product_LogP": 5.5597,
    "product_TPSA": 141.35,
    "product_HBD": 3.0,
    "product_HBA": 9.0,
    "product_RotBonds": 11.0,
    "product_ArRings": 3.0,
    "product_ArHetRings": 1.0,
    "product_AlRings": 1.0,
    "product_Rings": 5.0,
    "product_Heteroatoms": 14.0,
    "product_FractionCSP3": 0.361111,
    "product_BertzCT": 1877.68318,
    "product_Kappa2": 14.455705,
    "product_NumStereocenters": 3.0,
    "product_n_CHO": 0.0,
    "donor_MW": 366.186,
    "donor_LogP": 3.023,
    "donor_TPSA": 67.22,
    "donor_HBD": 1.0,
    "donor_HBA": 4.0,
    "donor_RotBonds": 5.0,
    "donor_ArRings": 2.0,
    "donor_ArHetRings": 0.0,
    "donor_AlRings": 1.0,
    "donor_Rings": 2.0,
    "donor_Heteroatoms": 7.0,
    "donor_FractionCSP3": 0.32,
    "donor_BertzCT": 799.387909,
    "donor_Kappa2": 7.160765,
    "donor_NumStereocenters": 1.0,
    "donor_n_CHO": 1.0,
    "acceptor_MW": 365.788,
    "acceptor_LogP": 3.023,
    "acceptor_TPSA": 67.22,
    "acceptor_HBD": 1.0,
    "acceptor_HBA": 4.0,
    "acceptor_RotBonds": 5.0,
    "acceptor_ArRings": 2.0,
    "acceptor_ArHetRings": 0.0,
    "acceptor_AlRings": 1.0,
    "acceptor_Rings": 2.0,
    "acceptor_Heteroatoms": 7.0,
    "acceptor_FractionCSP3": 0.32,
    "acceptor_BertzCT": 799.387909,
    "acceptor_Kappa2": 7.158061,
    "acceptor_NumStereocenters": 1.0,
    "acceptor_n_CHO": 1.0,
    "donor_ald_mordred_PNSA3": -43.38722365615894,
    "donor_ald_mordred_PPSA5": 24.194529985638447,
    "donor_ald_mordred_DPSA4": 28.67134288081256,
    "donor_ald_mordred_FNSA3": -0.0794905793820513,
    "donor_ald_mordred_FPSA3": 0.0380008501914349,
    "donor_ald_mordred_WNSA1": 135.80761095924606,
    "donor_ald_mordred_WNSA3": -24.057185760736,
    "donor_ald_mordred_WNSA4": -6.977811727162469,
    "donor_ald_mordred_RNCG": 0.193304218346326,
    "donor_ald_mordred_RNCS": 70.38399385280592,
    "donor_ald_mordred_TPSA": 120.4783014708258,
    "donor_ald_mordred_GeomDiameter": 12.088325902607025,
    "donor_ald_mordred_GeomShapeIndex": 0.8256381620121442,
    "donor_ald_mordred_Mor07": 3.8775582096170216,
    "donor_ald_mordred_Mor09": -0.1526558828630259,
    "donor_ald_mordred_Mor16": 0.1292658336892921,
    "donor_ald_mordred_Mor32": -0.176076145471364,
    "donor_ald_mordred_Mor02m": 18.25632535744837,
    "donor_ald_mordred_Mor03m": -3.1610523337705363,
    "donor_ald_mordred_Mor04m": -0.5124439024588581,
    "donor_ald_mordred_Mor06m": 1.2310266315688283,
    "donor_ald_mordred_Mor08m": -1.703041775195432,
    "donor_ald_mordred_Mor12m": 0.9793113385889024,
    "donor_ald_mordred_Mor13m": -1.049286656480121,
    "donor_ald_mordred_Mor21m": -0.3301079648657838,
    "donor_ald_mordred_Mor22m": -0.0139124276270762,
    "donor_ald_mordred_Mor03v": -2.296807946930268,
    "donor_ald_mordred_Mor04v": -0.1924838128472808,
    "donor_ald_mordred_Mor10v": 0.3710068636763586,
    "donor_ald_mordred_Mor02se": 29.66526168324041,
    "donor_ald_mordred_Mor03se": -5.267793675572064,
    "donor_ald_mordred_Mor04se": 2.019233244281548,
    "donor_ald_mordred_Mor13se": -0.025525627233336,
    "donor_ald_mordred_Mor30se": 0.0833078881010905,
    "donor_ald_mordred_Mor22p": -0.0042563414083442,
    "donor_ald_mordred_MOMI-Z": 1385.807780485402,
    "acceptor_ald_mordred_PNSA3": -43.37944850679561,
    "acceptor_ald_mordred_PPSA5": 24.19563828116051,
    "acceptor_ald_mordred_DPSA4": 28.672568873258292,
    "acceptor_ald_mordred_WNSA1": 135.69204035785629,
    "acceptor_ald_mordred_WNSA3": -24.03121468045196,
    "acceptor_ald_mordred_WNSA4": -6.9774243885118885,
    "acceptor_ald_mordred_WPSA1": 169.7472522875557,
    "acceptor_ald_mordred_WPSA3": 11.924461575971872,
    "acceptor_ald_mordred_RNCG": 0.1933019251954215,
    "acceptor_ald_mordred_TPSA": 120.50358981676106,
    "acceptor_ald_mordred_GeomDiameter": 12.085749779855302,
    "acceptor_ald_mordred_Mor07": 3.873391826341983,
    "acceptor_ald_mordred_Mor11": -0.2491991400635702,
    "acceptor_ald_mordred_Mor17": -0.6888485989110348,