{
  "label": "cv_fold0of5",
  "train": {
    "mae": 1.0325775156704504,
    "rmse": 1.426278793056525,
    "r2": 0.9503563140447666,
    "n": 157748
  },
  "val": {
    "mae": 1.5673931904542346,
    "rmse": 2.338691234244865,
    "r2": 0.8673422878826846,
    "n": 17528
  },
  "test": {
    "mae": 1.5864506086313128,
    "rmse": 2.406735696089539,
    "r2": 0.8570297480709606,
    "n": 43819
  },
  "mode": "cv",
  "fold": 0,
  "nfolds": 5
}