{
  "label": "holdout_seed0",
  "train": {
    "mae": 1.0107142984942783,
    "rmse": 1.3967811235395775,
    "r2": 0.9521232544600063,
    "n": 153366
  },
  "val": {
    "mae": 1.585233138706486,
    "rmse": 2.38420768212278,
    "r2": 0.863776983201342,
    "n": 43819
  },
  "test": {
    "mae": 1.5591514119931054,
    "rmse": 2.3235830745831287,
    "r2": 0.8661698534801773,
    "n": 21910
  },
  "mode": "holdout",
  "seed": 0
}