{
  "label": "cv_fold1of5",
  "train": {
    "mae": 1.0088347875197188,
    "rmse": 1.3921380312352498,
    "r2": 0.9523819126396426,
    "n": 157748
  },
  "val": {
    "mae": 1.5700508164897509,
    "rmse": 2.3951669999504857,
    "r2": 0.8605095983476366,
    "n": 17528
  },
  "test": {
    "mae": 1.5608891857313583,
    "rmse": 2.343630640782014,
    "r2": 0.8678262732092471,
    "n": 43819
  },
  "mode": "cv",
  "fold": 1,
  "nfolds": 5
}