{
  "label": "holdout_seed1",
  "train": {
    "mae": 1.0133829785372592,
    "rmse": 1.3980125369520546,
    "r2": 0.9522231800499985,
    "n": 153366
  },
  "val": {
    "mae": 1.5673194328453335,
    "rmse": 2.345232676975704,
    "r2": 0.8668238865352089,
    "n": 43819
  },
  "test": {
    "mae": 1.568788137663717,
    "rmse": 2.3351454106859237,
    "r2": 0.8640147105983716,
    "n": 21910
  },
  "mode": "holdout",
  "seed": 1
}