{
  "label": "cv_fold3of5",
  "train": {
    "mae": 1.0216900618912348,
    "rmse": 1.4090576499451946,
    "r2": 0.9519770830704365,
    "n": 157748
  },
  "val": {
    "mae": 1.5720458834348716,
    "rmse": 2.345240806520886,
    "r2": 0.860921205937132,
    "n": 17528
  },
  "test": {
    "mae": 1.5724163886147544,
    "rmse": 2.343746975663403,
    "r2": 0.8622255204556372,
    "n": 43819
  },
  "mode": "cv",
  "fold": 3,
  "nfolds": 5
}