{
  "label": "holdout_seed4",
  "train": {
    "mae": 0.952242552632136,
    "rmse": 1.3060980137035167,
    "r2": 0.9584081847403235,
    "n": 153366
  },
  "val": {
    "mae": 1.5526251798953197,
    "rmse": 2.330306779487302,
    "r2": 0.8663359543834867,
    "n": 43819
  },
  "test": {
    "mae": 1.5550238485144199,
    "rmse": 2.3629031152834292,
    "r2": 0.8627863939571919,
    "n": 21910
  },
  "mode": "holdout",
  "seed": 4
}