{
  "label": "cv_fold2of5",
  "train": {
    "mae": 1.0566047684743543,
    "rmse": 1.4669722847329807,
    "r2": 0.9472433687982197,
    "n": 157748
  },
  "val": {
    "mae": 1.6101491477421221,
    "rmse": 2.3989986141296606,
    "r2": 0.8587135436848736,
    "n": 17528
  },
  "test": {
    "mae": 1.582816623586683,
    "rmse": 2.3875775757890945,
    "r2": 0.8622534443488397,
    "n": 43819
  },
  "mode": "cv",
  "fold": 2,
  "nfolds": 5
}