{
  "label": "cv_fold4of5",
  "train": {
    "mae": 1.0539480996619375,
    "rmse": 1.4586802403068062,
    "r2": 0.947838195845751,
    "n": 157748
  },
  "val": {
    "mae": 1.587709774799616,
    "rmse": 2.3943879749521377,
    "r2": 0.860825414096855,
    "n": 17528
  },
  "test": {
    "mae": 1.5804887214631531,
    "rmse": 2.362633861466525,
    "r2": 0.86451365322527,
    "n": 43819
  },
  "mode": "cv",
  "fold": 4,
  "nfolds": 5
}