{
  "label": "holdout_seed3",
  "train": {
    "mae": 1.054163014423625,
    "rmse": 1.457783832540869,
    "r2": 0.9480714783750707,
    "n": 153366
  },
  "val": {
    "mae": 1.5847802399398874,
    "rmse": 2.3791597204603527,
    "r2": 0.8620819646681701,
    "n": 43819
  },
  "test": {
    "mae": 1.5841460777530278,
    "rmse": 2.389489597900884,
    "r2": 0.8590231252104026,
    "n": 21910
  },
  "mode": "holdout",
  "seed": 3
}