{
  "label": "holdout_seed2",
  "train": {
    "mae": 1.0447570608245724,
    "rmse": 1.447751445875479,
    "r2": 0.9487495541409382,
    "n": 153366
  },
  "val": {
    "mae": 1.5771589739538336,
    "rmse": 2.3551865227768753,
    "r2": 0.8645587299062452,
    "n": 43819
  },
  "test": {
    "mae": 1.5874436610239995,
    "rmse": 2.3738391556788287,
    "r2": 0.8620969072053297,
    "n": 21910
  },
  "mode": "holdout",
  "seed": 2
}