{
  "model": "mlp128_64+xgb_d5+xgb_d7_ensemble",
  "target": "dG_orca_kcal",
  "baseline": "dG_gxtb_kcal",
  "n_samples": 17270,
  "n_pairs": 8642,
  "n_features": 260,
  "folds": 5,
  "repeats": 10,
  "cv_ensemble": {
    "MAE": 2.1763017293430336,
    "RMSE": 4.768573780234379,
    "R2": 0.45128436617524004
  },
  "cv_gxtb_baseline": {
    "MAE": 4.499225381899132,
    "RMSE": 6.992781394166715,
    "R2": -0.17996798602228892
  },
  "cv_xtb_baseline": {
    "MAE": 16.127095594209923,
    "RMSE": 16.767808680547013,
    "R2": -5.784579585613525
  },
  "frozen_holdout_candidates_v3": {
    "n_train": 16431,
    "n_test": 29,
    "delta": {
      "MAE": 2.63251512154494,
      "RMSE": 3.4174382322585855,
      "R2": 0.8978550055051926
    },
    "gxtb_baseline": {
      "MAE": 5.315198304509104,
      "RMSE": 7.330420757897835,
      "R2": 0.5300263071920199
    }
  },
  "n_final_fit": 17219,
  "n_excluded_test_validation_leakage": 51,
  "feature_medians": {
    "donor_G_xtb": -61.314199935684,
    "donor_G_gxtb": -1229.731700341547,
    "donor_xtb_energy": -61.43956165809,
    "donor_xtb_HOMO": -10.5895,
    "donor_xtb_LUMO": -8.0504,
    "donor_xtb_gap": 2.5008,
    "donor_xtb_IP": 7.9429,
    "donor_xtb_EA": 0.801,
    "donor_xtb_mu": -4.3094,
    "donor_xtb_eta": 3.5703,
    "donor_xtb_omega": 2.654908,
    "donor_xtb_dipole": 4.788,
    "donor_mulliken_CHO_C": 0.207344,
    "donor_mulliken_CHO_O": -0.3300765,
    "donor_fukui_plus_CHO_C": 0.0391955,
    "donor_fukui_minus_CHO_C": 0.00343,
    "donor_fukui_0_CHO_C": 0.021423,
    "donor_dual_descriptor_CHO_C": 0.035296,
    "donor_wbo_CO": 1.8733624999999998,
    "donor_pa_CHO_O": 50.9504,
    "donor_vbur_CHO_C": 48.3187,
    "donor_sterimol_L": 8.2605,
    "donor_sterimol_B1": 2.11785,
    "donor_sterimol_B5": 7.88515,
    "donor_SASA_total": 484.8282,
    "donor_P_int": 19.1001,
    "donor_bde_gxtb_kcal": 83.136,
    "acceptor_G_xtb": -61.294396303608,
    "acceptor_G_gxtb": -1229.700483982745,
    "acceptor_xtb_energy": -61.429565568399,
    "acceptor_xtb_HOMO": -10.5895,
    "acceptor_xtb_LUMO": -8.0503,
    "acceptor_xtb_gap": 2.501,
    "acceptor_xtb_IP": 7.943,
    "acceptor_xtb_EA": 0.801,
    "acceptor_xtb_mu": -4.30915,
    "acceptor_xtb_eta": 3.5708,
    "acceptor_xtb_omega": 2.654894,
    "acceptor_xtb_dipole": 4.788,
    "acceptor_mulliken_CHO_C": 0.207342,
    "acceptor_mulliken_CHO_O": -0.33006,
    "acceptor_fukui_plus_CHO_C": 0.039195,
    "acceptor_fukui_minus_CHO_C": 0.0034289999999999998,
    "acceptor_fukui_0_CHO_C": 0.021423499999999998,
    "acceptor_dual_descriptor_CHO_C": 0.0352945,
    "acceptor_wbo_CO": 1.873386,
    "acceptor_pa_CHO_O": 50.947649999999996,
    "acceptor_vbur_CHO_C": 48.3135,
    "acceptor_sterimol_L": 8.2585,
    "acceptor_sterimol_B1": 2.1177,
    "acceptor_sterimol_B5": 7.885,
    "acceptor_SASA_total": 484.7749,
    "acceptor_P_int": 19.0992,
    "acceptor_bde_gxtb_kcal": 83.137,
    "xtb_energy": -129.334812323764,
    "xtb_HOMO": -10.1817,
    "xtb_LUMO": -8.0842,
    "xtb_gap": 2.0863,
    "xtb_IP": 7.1639,
    "xtb_EA": 1.2511,
    "xtb_mu": -4.186,
    "xtb_eta": 2.95315,
    "xtb_omega": 2.994932,
    "xtb_dipole": 6.4,
    "mulliken_ketC": 0.218717,
    "mulliken_ketO": -0.363031,
    "mulliken_carbC": 0.094723,
    "mulliken_hydO": -0.439728,
    "mulliken_hydH": 0.317841,
    "wbo_CO_ket": 1.8180195000000001,
    "wbo_CC_new": 0.9519525,
    "wbo_CO_carb": 1.009735,
    "fukui_plus_ketC": 0.034505,
    "fukui_minus_ketC": 0.002721,
    "fukui_0_ketC": 0.018682,
    "dual_ketC": 0.031619,
    "fukui_plus_carbC": -0.002446,
    "fukui_minus_carbC": 0.000388,
    "fukui_0_carbC": -0.000984,
    "dual_carbC": -0.002903,
    "pa_ketO": 56.8409,
    "vbur_ketC": 74.6418,
    "vbur_carbC": 73.1545,
    "sterimol_L": 8.1144,
    "sterimol_B1": 2.6742,
    "sterimol_B5": 10.4769,
    "SASA_total": 805.598,
    "P_int": 21.5776,
    "hb_dist": 2.0746,
    "hb_angle": 115.2977,
    "dih_core": -0.2679,
    "bde_gxtb_kcal": 48.015,
    "product_MW": 627.707,
    "product_LogP": 5.5328,
    "product_TPSA": 116.66,
    "product_HBD": 2.0,
    "product_HBA": 7.0,
    "product_RotBonds": 10.0,
    "product_ArRings": 3.0,
    "product_ArHetRings": 1.0,
    "product_AlRings": 1.0,
    "product_Rings": 4.0,
    "product_Heteroatoms": 12.0,
    "product_FractionCSP3": 0.321429,
    "product_BertzCT": 1622.459491,
    "product_Kappa2": 12.62924,
    "product_NumStereocenters": 2.0,
    "product_n_CHO": 0.0,
    "donor_MW": 302.635,
    "donor_LogP": 2.96718,
    "donor_TPSA": 54.88,
    "donor_HBD": 0.0,
    "donor_HBA": 4.0,
    "donor_RotBonds": 4.0,
    "donor_ArRings": 2.0,
    "donor_ArHetRings": 0.0,
    "donor_AlRings": 0.0,
    "donor_Rings": 2.0,
    "donor_Heteroatoms": 6.0,
    "donor_FractionCSP3": 0.272727,
    "donor_BertzCT": 634.247915,
    "donor_Kappa2": 5.944887,
    "donor_NumStereocenters": 0.0,
    "donor_n_CHO": 1.0,
    "acceptor_MW": 302.433,
    "acceptor_LogP": 2.9662,
    "acceptor_TPSA": 54.88,
    "acceptor_HBD": 0.0,
    "acceptor_HBA": 4.0,
    "acceptor_RotBonds": 4.0,
    "acceptor_ArRings": 2.0,
    "acceptor_ArHetRings": 0.0,
    "acceptor_AlRings": 0.0,
    "acceptor_Rings": 2.0,
    "acceptor_Heteroatoms": 6.0,
    "acceptor_FractionCSP3": 0.272727,
    "acceptor_BertzCT": 633.876709,
    "acceptor_Kappa2": 5.942672,
    "acceptor_NumStereocenters": 0.0,
    "acceptor_n_CHO": 1.0,
    "donor_ald_mordred_PPSA5": 21.49894903009132,
    "donor_ald_mordred_DPSA4": 26.50507334832472,
    "donor_ald_mordred_WNSA1": 111.2914816836852,
    "donor_ald_mordred_WNSA3": -19.420393652123902,
    "donor_ald_mordred_WPSA1": 127.64938297886262,
    "donor_ald_mordred_RNCG": 0.2263624145424942,
    "donor_ald_mordred_TPSA": 109.25234667185056,
    "donor_ald_mordred_GeomDiameter": 11.005753319643496,
    "donor_ald_mordred_Mor10": -0.2708451793530655,
    "donor_ald_mordred_Mor02m": 16.358993466450208,
    "donor_ald_mordred_Mor03m": -2.71025671941685,
    "donor_ald_mordred_Mor10m": 0.6298037824064486,
    "donor_ald_mordred_Mor18m": -0.6437932119026241,
    "donor_ald_mordred_Mor19m": -0.0061580802718423505,
    "donor_ald_mordred_Mor22m": -0.02766338186248235,
    "donor_ald_mordred_Mor23m": -0.2542950561817662,
    "donor_ald_mordred_Mor03v": -1.9113385637442764,
    "donor_ald_mordred_Mor04v": -0.22709298926396726,
    "donor_ald_mordred_Mor12v": 0.2921021865095439,
    "donor_ald_mordred_Mor25v": 0.40287231915780863,
    "donor_ald_mordred_Mor02se": 26.595538485168618,
    "donor_ald_mordred_Mor03se": -4.324378234750579,
    "donor_ald_mordred_Mor04se": 1.377314106787161,
    "donor_ald_mordred_Mor06se": -2.2248975747491837,
    "donor_ald_mordred_Mor25se": 0.7860191663606529,
    "donor_ald_mordred_Mor05p": -3.408035607017736,
    "donor_ald_mordred_Mor15p": 0.6214610435249397,
    "donor_ald_mordred_MOMI-Z": 943.9166271004956,
    "acceptor_ald_mordred_PPSA5": 21.49544771335242,
    "acceptor_ald_mordred_WNSA1": 111.2105959087795,
    "acceptor_ald_mordred_WNSA3": -19.41916861634104,
    "acceptor_ald_mordred_WNSA4": -5.996157335843867,
    "acceptor_ald_mordred_WPSA1": 127.61554889152968,
    "acceptor_ald_mordred_WPSA3": 9.06492003752533,
    "acceptor_ald_mordred_RNCG": 0.2263626802841476,
    "acceptor_ald_mordred_TASA": 379.9420754073372,
    "acceptor_ald_mordred_GeomDiameter": 11.003050558538945,
    "acceptor_ald_mordred_Mor08": 0.5910474205674411,
    "acceptor_ald_mordred_Mor09": -0.2721346687167969,
    "acceptor_ald_mordred_Mor16": 0.1678599577814059,
    "acceptor_ald_mordred_Mor17": -0.5605291653477793,
    "acceptor_ald_mordred_Mor02m": 16.359483422547964,
    "acceptor_ald_mordred_Mor04m": -0.4741112602150963,
    "acceptor_ald_mordred_Mor07m": 3.2652851798408564,
    "acceptor_ald_mordred_Mor08m": -1.3185706182751114,
    "acceptor_ald_mordred_Mor11m": 0.1309627750860935,
    "acceptor_ald_mordred_Mor18m": -0.6436758756929801,
    "acceptor_ald_mordred_Mor24m": 0.0350225472344436,