{
  "model": "xgb",
  "target": "dG_orca_kcal",
  "baseline": "dG_gxtb_kcal",
  "n_samples": 47270,
  "n_pairs": 38642,
  "n_features": 260,
  "folds": 5,
  "repeats": 10,
  "cv_delta_learning": {
    "MAE": 2.2788708483003544,
    "RMSE": 3.894351969916934,
    "R2": 0.6627820819362966
  },
  "cv_gxtb_baseline": {
    "MAE": 4.219239686874725,
    "RMSE": 6.17967003239848,
    "R2": 0.1508765893788836
  },
  "cv_xtb_baseline": {
    "MAE": 15.432008349551465,
    "RMSE": 16.27843584438813,
    "R2": -4.892038645131207
  },
  "frozen_holdout_candidates_v3": {
    "n_train": 16431,
    "n_test": 29,
    "delta": {
      "MAE": 2.98265972594981,
      "RMSE": 3.931970842736431,
      "R2": 0.8647814360765991
    },
    "gxtb_baseline": {
      "MAE": 5.315198304509104,
      "RMSE": 7.330420757897835,
      "R2": 0.5300263071920199
    }
  },
  "n_final_fit": 47219,
  "n_excluded_test_validation_leakage": 51,
  "feature_medians": {
    "donor_G_xtb": -54.40268260506,
    "donor_G_gxtb": -1049.996951505488,
    "donor_xtb_energy": -54.566887561281,
    "donor_xtb_HOMO": -10.7002,
    "donor_xtb_LUMO": -7.9672,
    "donor_xtb_gap": 2.6464,
    "donor_xtb_IP": 8.1491,
    "donor_xtb_EA": 0.612,
    "donor_xtb_mu": -4.26685,
    "donor_xtb_eta": 3.73415,
    "donor_xtb_omega": 2.494066,
    "donor_xtb_dipole": 4.363,
    "donor_mulliken_CHO_C": 0.207788,
    "donor_mulliken_CHO_O": -0.327938,
    "donor_fukui_plus_CHO_C": 0.044044,
    "donor_fukui_minus_CHO_C": 0.004033,
    "donor_fukui_0_CHO_C": 0.024216,
    "donor_dual_descriptor_CHO_C": 0.03986,
    "donor_wbo_CO": 1.884068,
    "donor_pa_CHO_O": 48.3836,
    "donor_vbur_CHO_C": 48.162,
    "donor_sterimol_L": 7.8528,
    "donor_sterimol_B1": 2.0814,
    "donor_sterimol_B5": 7.3573,
    "donor_SASA_total": 444.7569,
    "donor_P_int": 18.5308,
    "donor_bde_gxtb_kcal": 85.60900000000001,
    "acceptor_G_xtb": -54.398765667833,
    "acceptor_G_gxtb": -1049.914906784115,
    "acceptor_xtb_energy": -54.545263412611,
    "acceptor_xtb_HOMO": -10.7003,
    "acceptor_xtb_LUMO": -7.9672,
    "acceptor_xtb_gap": 2.6463,
    "acceptor_xtb_IP": 8.1492,
    "acceptor_xtb_EA": 0.6118,
    "acceptor_xtb_mu": -4.26685,
    "acceptor_xtb_eta": 3.73425,
    "acceptor_xtb_omega": 2.494066,
    "acceptor_xtb_dipole": 4.362,
    "acceptor_mulliken_CHO_C": 0.2077875,
    "acceptor_mulliken_CHO_O": -0.327937,
    "acceptor_fukui_plus_CHO_C": 0.044052,
    "acceptor_fukui_minus_CHO_C": 0.004033,
    "acceptor_fukui_0_CHO_C": 0.024219,
    "acceptor_dual_descriptor_CHO_C": 0.039864,
    "acceptor_wbo_CO": 1.88407,
    "acceptor_pa_CHO_O": 48.381550000000004,
    "acceptor_vbur_CHO_C": 48.16,
    "acceptor_sterimol_L": 7.8525,
    "acceptor_sterimol_B1": 2.0813,
    "acceptor_sterimol_B5": 7.3572500000000005,
    "acceptor_SASA_total": 444.7467,
    "acceptor_P_int": 18.5307,
    "acceptor_bde_gxtb_kcal": 85.611,
    "xtb_energy": -112.696224896088,
    "xtb_HOMO": -10.3793,
    "xtb_LUMO": -7.9615,
    "xtb_gap": 2.3814,
    "xtb_IP": 7.3698,
    "xtb_EA": 1.0472,
    "xtb_mu": -4.12335,
    "xtb_eta": 3.14345,
    "xtb_omega": 2.771636,
    "xtb_dipole": 5.238,
    "mulliken_ketC": 0.218781,
    "mulliken_ketO": -0.361512,
    "mulliken_carbC": 0.093851,
    "mulliken_hydO": -0.439896,
    "mulliken_hydH": 0.317478,
    "wbo_CO_ket": 1.828646,
    "wbo_CC_new": 0.953933,
    "wbo_CO_carb": 1.0093355000000002,
    "fukui_plus_ketC": 0.040704,
    "fukui_minus_ketC": 0.003501,
    "fukui_0_ketC": 0.022035,
    "dual_ketC": 0.037541,
    "fukui_plus_carbC": -0.002742,
    "fukui_minus_carbC": 0.000931,
    "fukui_0_carbC": -0.000875,
    "dual_carbC": -0.003812,
    "pa_ketO": 53.789699999999996,
    "vbur_ketC": 74.0193,
    "vbur_carbC": 72.6175,
    "sterimol_L": 7.9233,
    "sterimol_B1": 2.6106,
    "sterimol_B5": 9.372,
    "SASA_total": 725.8685,
    "P_int": 20.9477,
    "hb_dist": 2.0848,
    "hb_angle": 114.8886,
    "dih_core": -0.3357,
    "bde_gxtb_kcal": 74.876,
    "product_MW": 546.476,
    "product_LogP": 4.9686,
    "product_TPSA": 102.54,
    "product_HBD": 1.0,
    "product_HBA": 6.0,
    "product_RotBonds": 9.0,
    "product_ArRings": 3.0,
    "product_ArHetRings": 0.0,
    "product_AlRings": 0.0,
    "product_Rings": 4.0,
    "product_Heteroatoms": 11.0,
    "product_FractionCSP3": 0.354167,
    "product_BertzCT": 1329.848076,
    "product_Kappa2": 11.301171,
    "product_NumStereocenters": 2.0,
    "product_n_CHO": 0.0,
    "donor_MW": 264.368,
    "donor_LogP": 2.66592,
    "donor_TPSA": 47.24,
    "donor_HBD": 0.0,
    "donor_HBA": 3.0,
    "donor_RotBonds": 4.0,
    "donor_ArRings": 1.0,
    "donor_ArHetRings": 0.0,
    "donor_AlRings": 0.0,
    "donor_Rings": 2.0,
    "donor_Heteroatoms": 5.0,
    "donor_FractionCSP3": 0.315789,
    "donor_BertzCT": 512.852125,
    "donor_Kappa2": 5.439798,
    "donor_NumStereocenters": 0.0,
    "donor_n_CHO": 1.0,
    "acceptor_MW": 264.344,
    "acceptor_LogP": 2.6659,
    "acceptor_TPSA": 47.24,
    "acceptor_HBD": 0.0,
    "acceptor_HBA": 3.0,
    "acceptor_RotBonds": 4.0,
    "acceptor_ArRings": 1.0,
    "acceptor_ArHetRings": 0.0,
    "acceptor_AlRings": 0.0,
    "acceptor_Rings": 2.0,
    "acceptor_Heteroatoms": 5.0,
    "acceptor_FractionCSP3": 0.315789,
    "acceptor_BertzCT": 512.693312,
    "acceptor_Kappa2": 5.439785,
    "acceptor_NumStereocenters": 0.0,
    "acceptor_n_CHO": 1.0,
    "donor_ald_mordred_PPSA5": 19.39381787623125,
    "donor_ald_mordred_DPSA4": 24.396995856485148,
    "donor_ald_mordred_WNSA1": 92.10154439129836,
    "donor_ald_mordred_WNSA3": -16.813924851248395,
    "donor_ald_mordred_WPSA1": 106.88711147678674,
    "donor_ald_mordred_RNCG": 0.2506048125486205,
    "donor_ald_mordred_TPSA": 102.59586272380275,
    "donor_ald_mordred_GeomDiameter": 10.139396432278971,
    "donor_ald_mordred_Mor10": -0.2732476691982088,
    "donor_ald_mordred_Mor02m": 14.417006791974975,
    "donor_ald_mordred_Mor03m": -2.392982370217126,
    "donor_ald_mordred_Mor10m": 0.539240533854238,
    "donor_ald_mordred_Mor18m": -0.5266037560996102,
    "donor_ald_mordred_Mor19m": 0.0455743755021915,
    "donor_ald_mordred_Mor22m": -0.0008090842866714,
    "donor_ald_mordred_Mor23m": -0.1917412605823064,
    "donor_ald_mordred_Mor03v": -1.736971117316759,
    "donor_ald_mordred_Mor04v": -0.1934724378362098,
    "donor_ald_mordred_Mor12v": 0.181544936080633,
    "donor_ald_mordred_Mor25v": 0.3318435655478932,
    "donor_ald_mordred_Mor02se": 24.849644182545827,
    "donor_ald_mordred_Mor03se": -4.150515308219325,
    "donor_ald_mordred_Mor04se": 1.3794020346801,
    "donor_ald_mordred_Mor06se": -1.9407920568714057,
    "donor_ald_mordred_Mor25se": 0.6661919566710892,
    "donor_ald_mordred_Mor05p": -2.9238173245763743,
    "donor_ald_mordred_Mor15p": 0.5116448358009261,
    "donor_ald_mordred_MOMI-Z": 715.6795338513393,
    "acceptor_ald_mordred_PPSA5": 19.39304363525809,
    "acceptor_ald_mordred_WNSA1": 92.08684177160892,
    "acceptor_ald_mordred_WNSA3": -16.8121997762171,
    "acceptor_ald_mordred_WNSA4": -5.058674754483956,
    "acceptor_ald_mordred_WPSA1": 106.87916508520628,
    "acceptor_ald_mordred_WPSA3": 7.483399484552761,
    "acceptor_ald_mordred_RNCG": 0.2506048125486205,
    "acceptor_ald_mordred_TASA": 343.0532218533731,
    "acceptor_ald_mordred_GeomDiameter": 10.139063259930573,
    "acceptor_ald_mordred_Mor08": 0.6409918101810235,
    "acceptor_ald_mordred_Mor09": -0.10205296348924875,
    "acceptor_ald_mordred_Mor16": 0.1283982018730655,
    "acceptor_ald_mordred_Mor17": -0.557405729865273,
    "acceptor_ald_mordred_Mor02m": 14.416301877579663,
    "acceptor_ald_mordred_Mor04m": -0.4400340895182044,
    "acceptor_ald_mordred_Mor07m": 2.7285997147736945,
    "acceptor_ald_mordred_Mor08m": -1.1123715844754631,
    "acceptor_ald_mordred_Mor11m": 0.0931393411256415,
    "acceptor_ald_mordred_Mor18m": -0.5265544064664005,
    "acceptor_ald_mordred_Mor24m": 0.02181961561024275,
    "acceptor_ald_mordred_Mor25m": 0.30558505384337586,