id,y_true,y_pred
154,93.502,92.49521
144,85.957,88.45236
169,86.987,84.06952
122,91.81,91.90976
193,95.099,95.97876
196,95.544,94.66087
150,79.494,79.994
195,91.669,91.46134
207,102.893,102.832466
227,95.911,94.519135
206,99.301,97.07527
231,89.029,88.56097
257,96.331,95.44576
224,91.887,90.63779
275,92.767,91.33771
253,90.414,89.99476
345,95.256,95.231186
341,93.42,93.45303
357,93.25,92.49515
371,95.531,96.89697
360,92.556,94.70734
362,87.953,84.74291
370,94.149,84.78431
402,95.04,94.8152
452,86.436,85.96396
502,83.397,83.229164
493,96.44,96.02821
517,70.297,66.59045
530,93.174,94.600914
543,68.443,68.3769
522,82.519,80.789894
575,88.297,89.82737
549,60.951,63.833633
784,74.5,74.19763
794,90.962,90.929596
820,94.662,93.60783
843,89.599,89.95492
802,92.717,92.74356
830,91.009,90.88821
875,90.799,91.11844
885,89.649,86.6694
886,79.54,80.650215
887,75.353,78.60249
917,88.653,89.436516
926,66.432,67.28948
959,88.504,87.91402
958,80.705,82.34681
953,85.331,84.6609
962,89.967,90.23265
970,90.139,89.53927
978,81.686,82.35875
951,86.064,83.01284
940,70.529,69.6768
977,76.042,77.61211
974,87.422,87.63849
988,66.02,65.123886
1014,84.932,85.100555
1012,90.588,90.39086
1037,87.512,86.41627
1018,84.778,88.36494
1071,88.143,88.50304
1082,87.526,89.14284
1094,85.958,84.61008
1084,70.8,69.83883
1111,80.045,78.41496
1107,71.237,69.614685
1123,81.081,77.637276
1159,98.248,97.61022
1147,88.258,87.160194
1124,87.902,88.07349
1174,98.516,97.9012
1188,88.891,88.28212
1166,65.315,88.9243
1165,87.455,89.942406
1508,94.693,94.52255
1503,88.904,90.78482
1480,88.756,88.92678
1534,93.34,93.002426
1540,92.004,91.908775
1563,95.99,92.83366
1553,94.176,93.91462
1543,92.622,92.612076
1557,94.525,94.882095
1562,95.235,97.06062
1552,93.266,92.53404
1551,91.259,91.90258
1574,93.912,93.9127
1584,89.074,88.25432
1530,91.303,91.19504
1555,89.117,89.43122
1610,91.482,91.01433
1626,90.327,89.94869
1637,88.772,87.41907
1629,86.358,81.30457
1633,78.736,79.34517
1617,80.818,81.29993
1625,86.455,84.59263
1676,78.108,77.02261
1675,74.545,73.59381
1631,70.416,70.856316
1645,86.044,85.291275
1634,68.246,71.2318
1665,62.471,65.210495
1693,74.515,79.509605
1689,60.347,63.384567
1690,78.172,74.629425
1696,78.19,73.077324
1697,82.171,73.37904
1711,57.724,63.261414
1705,70.73,63.016846
1740,87.627,85.88671
1703,87.691,66.0627
1738,86.838,85.43112
1704,60.468,66.44669
1753,74.63,67.68383
1773,95.776,97.39673
1776,92.051,93.0659
1755,71.973,84.077805
1757,74.284,69.03859
1780,86.533,85.274536
1756,67.153,67.11693
1761,70.459,62.50879
1791,79.634,80.00601
1793,79.682,79.111374
1811,108.77,118.9893
1834,95.86,97.10694
1839,62.865,59.568336
1822,70.337,71.02414
1842,77.507,80.65662
1852,65.712,103.63852
1823,76.04,77.25862
1816,83.997,84.31335
1868,79.875,82.66688
1869,80.976,84.191635
1870,80.161,83.674774
1867,69.218,70.74974
1872,79.511,82.825455
1876,80.65,84.83191
1875,78.388,80.79282
1818,80.399,80.0308
1921,88.647,88.274666
1967,96.008,96.31081
1911,68.365,70.280174
1960,69.347,72.16261
1972,82.291,82.22857
1961,72.576,74.229485
1989,85.137,86.71299
1956,79.341,75.54248
1990,63.988,68.970795
1985,77.187,73.79033
1984,63.53,65.85054
1986,72.616,75.12261
2018,79.29,79.73644
2009,87.057,89.18302
2001,77.952,77.10434
2019,79.934,78.03467
2016,79.156,77.286255
2029,81.319,80.59445
2058,61.608,74.98416
2068,87.563,87.95831
2057,81.201,76.98751
2036,74.301,74.587746
2065,76.964,77.86572
2066,87.577,88.7413
2072,80.159,78.73396
2006,77.793,78.454926
2051,77.377,81.12634
2059,80.26,78.20412
2078,89.307,88.326614
2026,72.441,76.539055
2079,91.149,89.807274
2107,62.119,61.979378
2114,80.349,81.42761
2130,84.956,83.11499
2110,90.846,90.88848
2136,83.022,83.73884
2109,71.109,69.45314
2137,84.343,85.54535
2140,76.578,83.69902
2142,83.516,82.35461
2177,78.769,77.591835
2122,66.761,74.21897
2167,71.729,71.21197
2113,74.496,77.32545
2161,66.142,67.45298
2168,62.237,64.29518
2189,72.518,71.344574
2154,58.155,63.784233
2212,74.762,74.41576
2204,76.151,75.336754
2206,66.584,67.18569
2243,67.66,67.20163
2255,66.211,75.2034
2277,81.215,80.15693
2252,65.508,72.77852
2258,81.924,73.088715
2265,73.458,74.01807
2289,75.594,75.353775
2271,62.392,71.918076
2281,70.236,71.3217
2272,105.322,71.86811
2290,71.96,72.57567
2287,72.946,72.73083
2293,70.277,70.65111
2296,72.376,72.14185
2297,71.978,71.523415
2305,73.982,73.382614
2304,73.757,73.15863
2302,72.74,71.79363
2308,71.216,71.64553
2299,71.644,73.166214
2315,72.089,71.83645
2338,91.196,93.94005
2348,87.601,88.14924
2361,75.622,77.26572
2310,72.356,72.192604
2378,78.72,76.77935
2390,79.034,76.88791
2433,79.193,80.732735
2455,86.723,88.52175
2464,85.764,85.73703
2465,84.978,83.63784
2458,75.13,70.94462
2472,56.613,62.372597
2421,83.73,83.48035
2448,76.592,76.71789
2483,78.373,79.57936
2519,92.031,91.44558
2528,96.534,94.64165
2516,92.896,92.37245
2540,83.003,84.27903
2484,91.423,90.983635
2518,87.311,87.269165
2536,64.089,63.242077
2526,89.113,89.96154
2543,78.485,77.374214
2541,81.812,82.106895
2559,81.034,79.034424
2575,77.995,80.588394
2588,96.196,95.922455
2595,83.888,84.13658
2560,62.052,66.94986
2633,91.883,92.0819
2616,56.523,72.38364
3313,90.657,91.634796
3310,92.087,90.58722
3332,79.437,83.12159
3331,82.804,85.58262
3382,95.025,95.863205
3306,89.872,89.51524
3388,70.923,68.845764
3405,81.18,80.49283
3380,90.162,89.713196
3421,95.515,95.11229
3427,85.005,91.69425
3415,81.617,82.485504
3436,92.761,91.71196
3448,76.487,75.93508
3417,84.109,83.80724
3438,91.646,92.305984
3449,72.662,72.56988
3459,86.67,84.776634
3480,82.22,82.29839
3495,101.402,112.73103
3491,76.192,87.80662
3500,79.232,81.23529
3474,84.873,82.75509
3462,61.908,68.33592
3452,86.478,65.65039
3514,83.015,84.30354
3513,79.412,80.84029
3529,71.278,67.93239
3561,83.384,84.57298
3565,89.534,90.477905
3566,87.372,71.19955
3577,81.663,81.5422
3549,74.185,77.09703
3533,72.218,65.817764
3593,78.999,80.27524
3603,94.643,93.92779
3623,89.646,92.14661
3626,83.343,83.48035
3652,80.484,81.07583
3644,80.991,81.11364
3656,85.35,84.08251
3661,87.838,92.23792
3659,69.062,71.72787
3689,79.24,76.644356
3672,64.506,75.390785
3697,82.568,79.412605
3705,90.501,87.99229
3707,87.824,85.93495
3717,82.916,80.71214
3708,72.809,82.828606
3715,77.215,75.48082
3732,86.935,84.55157
3712,71.98,73.790825
3723,71.826,73.68623
3710,69.85,75.30193
3735,76.4,76.634125
3741,75.051,77.71487
3700,73.943,77.39366
3738,85.332,85.11128
3736,74.451,73.212296
3742,73.617,75.96091
3760,91.807,92.31101
3768,79.133,78.152115
3739,72.456,74.176346
3737,69.19,75.45777
3775,78.208,77.232864
3782,81.007,84.17324
3776,76.814,75.713715
3761,68.072,69.527565
3812,77.567,78.07903
3759,66.309,64.41308
3797,79.112,79.03612
3824,74.945,78.17677
3803,91.884,92.04403
3834,78.904,79.002396
3852,86.75,86.32523
3836,81.866,82.06941
3867,70.906,75.597534
3864,61.528,66.12488
3905,84.632,85.10328
3893,59.346,67.81435
3907,71.044,71.80423
3921,76.416,78.07257
3913,69.265,71.40077
3902,68.79,71.146255
3968,64.436,60.973446
3950,78.579,76.769005
3981,72.219,73.7094
3940,62.181,65.07007
3974,74.085,74.21243
3964,65.48,67.262024
3990,66.316,67.60296
3979,80.371,75.94089
3991,61.895,64.246544
3939,64.881,64.35145
4005,76.082,76.931435
4004,70.656,77.71012
4031,83.854,85.767494
4038,86.877,86.725685
4032,76.382,74.98763
4069,92.838,93.77302
4025,73.787,72.35077
4070,84.058,85.00759
4068,82.045,84.51665
4091,86.653,87.885704
4063,73.19,71.865036
4094,82.654,81.00002
4095,82.965,80.94187
4096,81.334,79.40323
4097,82.325,80.36776
4103,78.138,78.49828
4118,82.219,81.83616
4102,74.937,73.46307
4116,82.937,84.146935
4114,82.331,83.48493
4190,93.754,93.914734
4143,80.906,84.4214
4192,100.148,99.85711
4191,80.576,78.94746
4169,94.859,76.23727
4193,83.378,81.69433
4174,98.656,90.4468
4175,95.529,85.28762
4178,68.19,71.03377
4183,98.147,80.11276
4185,64.461,63.189323
4182,67.8,84.78266
4181,66.95,71.67299
4199,56.498,65.81695
4214,69.112,73.10713
4231,76.594,73.54904
4205,86.242,85.00608
4247,80.17,80.151375
4238,76.946,77.01926
4250,70.731,73.67943
4246,59.912,67.96421
4239,73.537,72.633545
4256,71.908,70.99251
4280,81.519,81.34233
4272,83.698,69.47695
4291,76.607,75.52648
4274,80.086,71.4139
4275,81.927,66.609695
4300,81.606,82.066185
4304,79.427,79.61696
4315,75.685,76.81353
4310,77.807,78.61643
4323,73.278,78.15725
4309,71.736,72.38936
4313,69.927,69.73522
4325,76.146,77.02105
4343,89.415,89.09689
4326,71.797,75.7192
4378,87.672,87.315155
4364,76.263,78.97179
4389,85.124,85.5614
4308,74.411,77.85615
4380,76.985,83.487015
4383,81.358,81.71368
4384,79.886,83.913506
4385,76.756,80.96919
4401,81.543,86.066765
4375,75.398,76.43757
4404,91.988,91.60112
4415,88.662,86.217255
4436,82.477,81.04468
4437,82.396,83.67654
4421,83.567,85.70357
4487,87.982,86.72445
4488,91.012,92.990616
4425,72.336,74.6883
4508,93.84,92.88394
4480,74.135,73.80096
4485,79.944,78.47592
4481,78.97,75.63731
4537,89.718,86.52633
4500,86.978,86.97665
4523,74.312,75.59744
4570,79.683,84.8123
4590,77.328,78.65401
4608,87.337,87.408066
4501,80.542,81.017296
4625,78.253,75.3133
4645,79.11,78.72944
4675,84.451,83.52842
4733,89.075,87.15502
4709,70.063,81.27712
4741,78.436,82.89009
4707,89.669,87.64124
4783,94.24,94.7363
4787,93.14,92.86105
4788,95.411,84.096596
4782,92.125,90.659424
4789,93.335,72.613556
4794,89.675,89.24647
4780,91.208,90.97825
4747,74.033,65.3898
4816,98.13,97.80131
4824,96.316,95.19113
4814,92.376,91.793015
4826,94.695,93.81859
4845,78.403,79.047455
4841,92.564,93.12724
4808,89.792,92.14816
4805,91.17,91.116806
4873,75.542,76.1991
4857,91.321,90.68942
4875,90.031,91.50477
4880,88.52,88.773224
4890,82.114,80.66195
4920,90.023,88.80129
4922,81.644,87.67608
4928,81.65,79.73815
4925,79.283,78.24983
4924,89.873,90.76662
4950,90.753,91.64054
4972,85.002,83.531006
4965,88.955,89.05246
4958,91.449,90.48702
4951,72.349,75.649376
4995,74.96,76.49109
4957,86.788,84.80743
5007,79.388,80.36696
5006,78.635,78.896736
5020,95.634,93.5133
5001,86.077,85.860535
5015,75.699,77.71749
5018,75.251,76.18942
5056,81.755,85.95834
5085,84.021,84.43483
5062,83.218,81.10544
5105,84.857,86.203835
5096,76.87,76.86971
5078,83.911,81.94143
5129,78.929,77.32625
5132,75.451,76.19924
5137,75.531,74.35162
5146,73.797,74.111496
5171,81.961,80.927124
5167,77.575,76.69566
5172,75.478,78.32971
5185,80.207,80.39249
5197,81.698,81.58031
5193,78.882,79.542244
5194,75.214,77.29455
5215,76.063,77.113266
5218,75.466,76.001526
5206,81.102,78.316605
5207,81.308,80.49073
5221,77.886,77.68915
5212,78.177,80.446846
5216,72.518,73.838486
5226,78.813,77.17501
5255,66.077,69.66182
5261,71.65,71.556854
5274,74.981,72.92096
5265,71.787,69.98084
5238,74.19,75.44144
5260,67.725,67.04666
5277,71.349,71.40932
5285,76.125,73.545296
5284,66.873,67.21824
5286,70.024,67.20768
5302,76.147,74.60786
5295,73.768,71.407425
5287,64.877,64.507545
5293,66.823,66.00644
5313,78.093,75.808304
5306,70.475,70.44462
5303,68.132,69.3602
5330,78.212,79.358246
5329,62.013,64.33024
5314,69.819,68.80479
5335,73.52,73.45258
5370,81.757,82.92698
5358,73.068,74.083206
5381,90.496,92.4525
5355,71.486,71.64648
5398,93.686,93.54552
5397,92.517,92.738525
5385,83.001,82.14415
5396,76.805,76.827354
5407,94.076,90.72756
5415,83.57,85.37669
5436,77.865,77.06285
5432,81.27,77.066505
5427,77.974,78.739944
5445,86.497,86.837395
5454,88.188,88.10854
5444,86.213,86.28103
5449,88.34,89.146164
5480,96.038,96.1068
5430,75.844,75.80504
5479,92.239,92.11206
5486,86.868,94.647995
5481,94.693,94.77583
5491,86.33,87.03673
6315,86.41,89.76458
6394,97.09,93.558
6378,97.993,97.34369
6445,93.541,92.28287
6529,97.828,98.37651
6531,96.498,98.42824
6484,89.368,89.799255
6585,99.52,98.78867
6635,91.563,91.87216
6607,92.911,94.64937
6672,83.807,85.399254
6681,94.693,93.99591
6712,93.119,93.79811
6688,88.571,90.491936
6715,92.718,91.59845
6736,83.375,81.94259
6746,95.584,96.396545
6759,85.528,85.46479
6704,87.887,95.8011
6728,59.916,61.00718
6784,76.495,79.77435
6698,72.411,68.96186
6781,77.66,75.67751
6785,79.051,80.11539
6820,87.1,87.97124
6819,91.182,90.924164
6828,91.092,93.03731
6810,67.485,72.93051
6834,78.171,78.618286
6851,66.996,74.46075
6806,70.051,73.48753
6805,60.353,65.0223
6874,79.398,79.976845
6887,88.078,89.21265
6801,61.858,68.90901
6895,87.652,86.56773
6883,75.587,74.701454
6906,87.677,86.16548
6943,74.704,76.167725
6957,94.32,95.564285
6959,82.054,81.1948
6983,82.254,84.3317
6991,71.017,70.25079
6941,73.168,74.44001
7006,88.824,84.23476
6988,76.251,75.76419
6958,72.245,74.815475
7027,82.056,83.1122
7015,78.131,77.89306
7013,91.957,91.81549
7014,97.771,97.316284
7025,75.479,75.73506
7051,82.117,81.03511
7041,81.824,81.26722
7074,85.629,81.51489
7073,81.3,82.17435
7054,82.417,83.46847
7052,73.324,75.85228
7083,61.826,64.06523
7084,64.573,65.06189
7077,62.567,72.70923
7111,99.328,77.83555
7087,63.362,64.33454
7107,91.288,88.36997
7124,69.438,70.240944
7135,75.252,74.69954
7128,62.722,63.950745
7151,80.049,80.67029
7170,82.203,82.8165
7174,93.51,95.16069
7169,78.261,78.73354
7194,79.692,80.948616
7195,77.24,81.49314
7173,90.429,89.29639
7203,87.514,88.67719
7209,59.177,59.986744
7235,93.876,95.169334
7246,74.229,73.00877
7242,84.97,85.13794
7251,75.599,75.514984
7218,85.706,85.866425
7236,91.237,91.53653
7243,73.475,74.41408
7238,90.513,90.69759
7237,91.833,91.594635
7214,84.179,87.30006
7201,76.164,79.50701
7245,87.085,89.09569
7262,84.23,87.356346
7275,64.814,81.64937
7200,70.375,76.56817
7274,77.083,78.56386
7260,82.034,86.04717
7299,76.806,75.695755
7287,78.33,76.57934
7258,79.024,72.978905
7279,71.605,75.15781
7290,72.267,76.0134
7301,70.634,75.2004
7282,83.637,68.63397
7338,84.285,84.30341
7313,70.273,72.36935
7328,72.878,74.631424
7360,79.594,81.31359
7386,77.442,71.81916
7415,91.152,91.11498
7408,80.206,81.75195
7402,84.05,86.44373
7437,79.842,81.235535
7466,84.265,88.74556
7454,81.192,80.065506
7464,78.5,76.77882
7430,74.579,74.31998
7445,57.608,58.153248
7471,83.278,80.0544
7477,84.31,83.441696
7497,82.028,81.70859
7400,71.755,73.26219
7482,75.0,64.753075
7526,94.161,93.37124
7530,92.579,94.46528
7517,86.732,84.09169
7506,88.22,87.878044
7568,84.798,85.312775
7495,74.294,73.81917
7584,90.287,93.08563
7514,86.696,84.51338
7612,86.641,87.034775
7609,72.722,73.20517
7623,68.617,73.19069
7649,80.888,81.52369
7628,84.061,83.22121
7655,81.995,83.066864
7663,77.605,78.67725
7659,85.874,83.64
7618,70.378,72.952126
7619,68.44,73.151794
7613,79.731,78.96014
7704,94.951,93.14472
7699,82.481,81.5276
7660,84.63,83.867905
7724,80.077,80.08069
7666,81.107,78.95212
7796,84.655,85.27276
7816,90.031,89.98364
7817,88.877,89.05011
7809,87.233,92.69275
7821,87.481,87.870544
7819,87.812,88.3159
7818,86.895,88.24758
7848,81.975,85.122635
7820,85.693,86.94863
7857,81.925,79.11747
7822,81.037,83.40675
7874,80.059,80.712265
7882,74.173,75.561325
7881,78.955,78.60071
7895,79.252,79.18073
7902,76.697,76.93747
7855,75.582,74.17267
7929,84.059,82.96027
7921,80.035,80.2846
7924,76.614,76.69263
7920,76.207,76.059525
7931,75.83,76.82235
7923,76.366,77.57186
7940,87.617,87.940994
7926,74.656,74.258835
7927,75.094,74.91102
7904,68.003,70.614944
7934,74.18,72.90291
7958,79.309,85.79549
7935,86.742,88.42934
7933,67.526,72.25587
7991,76.589,76.56707
7992,75.11,75.09105
7981,77.324,76.27299
8020,84.029,89.592
8054,83.773,70.75099
8078,77.346,77.00516
8079,78.329,77.24313
8087,94.86,97.60672
8120,95.581,97.49494
8130,96.403,97.42732
8128,96.097,96.760185
8122,91.652,91.15458
8096,90.709,87.257095
8108,72.87,72.92827
8140,95.022,92.545364
8119,69.674,69.14321
8126,90.336,90.37196
8150,96.638,97.878845
8186,91.204,90.10508
8191,79.473,81.619736
8226,82.24,79.43059
8244,93.437,93.23099
8243,72.664,73.80282
8242,72.889,73.3306
8278,92.995,92.60041
8260,78.26,83.40419
8296,86.626,89.7156
8288,84.621,86.171486
8289,82.087,80.43133
8294,75.71,75.74856
8325,95.46,96.50098
8308,83.363,84.87476
8354,91.32,92.67496
8301,89.504,85.83886
8312,68.796,82.60999
8303,77.054,76.09278
8336,80.513,82.02358
8397,96.336,95.92921
8398,92.625,91.2101
8347,78.126,78.17283
8358,86.88,86.73398
8415,95.445,94.50916
8447,100.153,99.64151
8414,88.205,87.541855
8431,93.889,93.84581
8418,90.286,90.97121
8448,94.799,94.63745
8445,94.161,93.915924
8481,93.454,93.43049
8457,93.544,93.71028
8482,68.614,89.76862
8508,88.504,89.67521
8420,86.102,86.11423
8492,89.744,90.467514
8475,89.331,81.33048
8513,88.606,88.38281
8514,89.791,88.53899
8531,86.515,84.4081
8533,81.153,73.79987
8544,76.317,76.089745
8541,87.583,89.59084
8551,87.842,89.66263
8553,87.794,88.80609
8561,87.956,88.665436
8560,77.646,79.67946
8586,78.714,76.111534
8587,76.949,76.51612
8595,85.985,87.44168
8588,84.118,88.07837
8569,65.385,71.57012
8603,87.533,88.68732
8601,71.985,74.407
8645,92.465,93.65584
8679,88.372,85.28671
8691,80.831,76.277885
8712,80.042,77.21876
8729,76.875,79.984604
8752,84.648,87.46939
8766,80.607,78.792915
8787,80.101,78.494644
8713,70.279,71.78504
8707,66.813,61.533485
8824,90.088,90.19673
8826,89.625,90.48095
8883,77.365,105.99028
8878,93.359,92.056526
8854,91.887,90.03377
8904,101.871,105.72272
8887,90.273,89.820786
8932,78.002,76.530846
8923,71.213,76.094185
8922,73.176,77.96325
8944,82.135,83.2904
8947,92.319,91.32891
8946,92.468,91.08802
8948,93.209,91.97042
8955,67.044,75.67174
8958,77.359,78.884125
8982,81.33,83.713776
8986,70.942,73.2805
8985,80.396,81.69234
9026,93.704,92.73183
9020,82.749,78.64196
9014,81.048,78.291336
9018,76.376,79.074974
9049,83.321,81.63476
9041,82.174,81.75691
9052,85.883,84.20938
9043,68.048,70.33707
9056,76.235,83.82685
9073,83.144,83.06827
9047,83.92,84.044716
9118,94.733,95.01437
9124,86.296,85.26813
9132,87.519,88.92711
9138,97.632,97.32928
9128,89.764,90.12251
9143,89.83,90.528786
9169,76.141,76.02706
9181,76.957,76.95651
9173,67.974,70.21381
9194,82.718,80.744415
9193,77.131,77.39557
9198,77.069,76.93059
9188,75.555,75.2313
9192,75.864,76.64003
9211,79.483,79.77458
9168,73.813,72.84732
9215,74.283,76.908806
9205,75.538,76.20351
9222,73.421,78.30494
9228,74.472,75.49762
9255,85.741,85.49465
9260,85.815,86.15906
9234,76.482,77.00408
9263,87.358,87.78685
9229,74.24,74.97434
9238,75.573,75.05512
9262,80.306,79.62486
9269,67.803,66.90715
9287,76.427,76.244606
9286,76.663,78.24852
9301,82.838,82.7441
9289,76.138,76.730316
9294,72.759,73.51384
9302,72.756,73.621704
9295,71.41,76.28939
9323,78.288,76.71909
9314,75.445,71.65907
9309,70.581,70.4017
9310,68.384,67.9048
9297,68.488,68.981544
9327,70.396,72.90664
9319,69.01,71.27697
9328,69.382,72.61296
9329,68.94,71.50112
9344,71.194,71.99104
9330,64.349,68.061386
9340,72.72,72.98878
9332,68.204,71.81054
9349,93.497,94.337715
9300,66.764,67.10327
9338,83.275,79.35016
9298,66.93,67.63353
9361,80.982,78.53713
9369,90.652,92.05563
9312,66.268,67.16734
9378,84.311,84.00876
9391,81.589,80.060745
9337,82.482,73.29553
9426,86.233,86.503944
9414,100.883,83.82449
9428,85.543,86.29947
9441,91.844,93.1492
9449,94.285,95.37337
9450,93.691,94.5131
9438,80.52,82.34623
9534,96.192,95.09134
9535,96.155,94.625114
9533,92.748,93.322945
9513,89.14,82.907814
9439,79.489,82.28609
9440,76.867,81.51508
9539,91.247,90.12765
9655,88.387,89.15541
9666,94.004,93.2408
9656,87.167,87.61685
9652,86.627,89.52689
9705,96.078,95.66153
9821,92.94,91.29736
9822,87.298,88.40748
9906,91.531,91.56763
9933,95.918,95.53497
9951,84.705,81.586815
9952,96.969,97.3194
10001,98.393,96.59902
9999,82.565,82.38902
10000,99.465,99.695984
10068,92.925,94.36586
10090,95.741,96.18642
10125,87.778,87.54564
10207,94.933,94.64778
10224,93.767,93.865456
10456,86.736,89.46079
10526,93.993,93.393745
10657,98.608,97.97798
10656,84.457,84.76018
10660,88.11,89.90817
10678,88.674,90.605545
10842,92.344,93.56301
10896,98.101,99.01321
10875,92.724,92.028946
10920,90.72,90.82204
10957,80.421,79.35848
11051,91.414,89.29789
11090,95.872,97.59665
11106,92.339,92.062035
11102,94.414,92.70799
11270,78.79,79.690125
11286,91.67,91.01438
11336,93.051,93.95667
11351,88.373,86.677925
11377,92.37,92.23663
11469,96.544,96.31442
11418,93.132,93.39469
11476,82.909,83.48035
11508,92.368,92.05521
11478,94.29,94.41559
11495,94.683,95.253876
11505,86.72,86.870415
11549,95.282,95.261665
11564,89.222,88.16784
11565,83.892,85.08217
11566,90.805,88.870125
11569,95.069,95.23105
11540,80.372,80.03579
11528,74.305,76.10894
11599,95.208,104.36177
11584,93.727,93.821175
11661,91.881,92.26093
11726,102.709,101.91579
11662,78.223,77.7972
11652,82.025,82.09815
11793,82.189,81.9994
11749,92.847,91.7086
11824,98.365,96.944984
11820,92.876,91.91863
11832,90.697,90.22423
11836,84.702,84.975174
11822,93.982,94.118324
11882,98.74,98.79371
11913,88.635,88.87973
11908,99.219,98.72583
11939,94.351,94.5589
11973,88.128,88.61451
11972,99.439,99.445244
11979,99.016,98.727
12004,88.733,89.92968
12011,95.345,96.35487
12052,92.028,97.65482
12089,96.93,96.12643
12086,101.481,101.07781
12141,96.332,90.75509
12230,99.947,98.536514
12226,99.878,98.73606
12245,98.742,95.26198
12235,92.468,92.0099
12263,92.944,94.729706
12234,93.825,94.80428
12298,93.058,95.23418
12309,96.447,95.49809
12357,94.644,94.06848
12432,96.256,96.73665
12466,95.076,94.946434
12465,98.105,95.09967
12489,95.189,94.61589
12527,89.887,88.62534
12529,83.8,85.9702
12528,81.007,81.23497
12535,77.671,77.086876
12556,71.832,74.48308
12552,103.169,93.72057
12537,75.922,65.258484
12592,93.152,92.96012
12523,68.801,64.43443
12594,89.535,90.861496
12602,94.897,94.32527
12581,84.668,81.55989
12614,89.206,89.3669
12637,95.905,93.24499
12654,79.106,79.31789
12669,79.988,79.78518
12664,77.402,77.11071
12671,81.366,80.87746
12667,78.36,77.85726
12686,82.36,81.46002
12679,76.004,77.42661
12649,84.061,87.29603
12680,77.064,77.76892
12710,90.808,90.445816
12704,87.072,88.155876
12740,85.612,84.25942
12747,86.652,84.33713
12746,81.838,82.26767
12774,88.582,77.352234
12760,71.71,73.69521
12758,75.578,75.74893
12766,76.428,77.28244
12763,77.575,76.720795
12767,75.857,76.04646
12780,100.648,97.856674
12751,75.761,77.38481
12787,80.112,81.85147
12791,91.965,92.071976
12790,79.104,79.15476
12782,71.903,71.79702
12765,66.299,71.44839
12778,70.347,70.20156
12823,60.519,61.261024
12829,79.429,78.641365
12833,90.767,93.73195
12839,94.29,95.83751
12818,69.338,69.40493
12884,71.039,72.54686
12893,84.368,76.89815
12886,72.96,73.67294
12889,73.076,75.017136
12880,68.807,71.493774
12903,64.174,76.6494
12885,64.507,63.570545
12902,91.898,93.63772
12869,73.006,73.41453
12922,83.961,84.02312
12915,80.513,81.66802
12912,78.909,80.73382
12943,78.983,81.27344
12942,80.166,80.91472
12954,86.505,87.40281
12961,84.71,84.86782
12924,75.781,75.84371
12941,77.513,83.11111
12971,79.569,78.608864
12972,62.198,66.40483
12976,79.162,84.72407
12951,74.95,73.434166
12965,85.243,86.35656
12991,77.697,80.95517
13014,69.15,71.67548
13000,78.444,77.65286
13017,87.819,87.16866
13003,78.227,78.16739
13036,75.865,76.047134
13002,78.062,79.573746
13004,79.43,78.41953
13034,78.199,79.16657
13057,76.626,77.45699
13066,76.566,74.79918
13064,72.911,73.47037
13077,85.418,85.08267
13065,73.241,73.33551
13089,67.786,70.78609
13099,74.411,81.30159
13072,73.429,75.57811
13081,78.884,63.038868
13071,102.372,73.348045
13116,84.073,84.46276
13134,73.431,74.54339
13161,85.953,82.83399
13176,82.125,81.930305
13185,81.475,82.28806
13178,84.684,86.29208
13188,89.735,88.786476
13229,86.3,90.98749
13239,88.212,88.468735
13265,76.88,76.69116
13275,76.048,78.93367
13279,75.873,75.09477
13271,73.949,75.596344
13272,77.421,75.86882
13278,74.349,73.87241
13286,73.73,74.07909
13291,75.613,77.26032
13299,81.176,80.4287
13307,85.583,87.18519
13285,71.975,75.26757
13258,71.493,74.99703
13303,76.309,77.65325
13341,76.582,71.86598
13326,60.084,72.08677
13350,78.746,84.54166
13380,88.207,88.54892
13356,75.119,71.01628
13382,87.83,87.247856
13384,88.944,87.2229
13377,82.854,87.90957
13376,97.834,89.03497
13378,81.792,86.706215
13385,88.211,89.39552
13396,85.588,85.63806
13386,87.605,87.90413
13390,81.12,85.550354
13372,63.16,67.52482
13422,76.514,76.95662
13412,78.427,77.86938
13409,74.523,74.70635
13444,92.799,94.6198
13432,93.392,91.833084
13443,92.856,93.75907
13445,95.074,94.51149
13437,81.327,80.40013
13447,89.989,90.83516
13452,84.38,84.28898
13440,76.937,76.090416
13453,82.409,83.33014
13411,71.93,73.68707
13454,82.004,82.95269
13477,82.626,84.30579
13483,87.535,89.37618
13482,89.476,89.43447
13478,79.558,82.34072
13487,80.581,81.830956
13498,73.803,68.90694
13507,85.451,85.82218
13485,68.301,65.756004
13515,93.412,92.09415
13522,82.785,82.59727
13508,87.159,85.303535
13533,58.316,65.14541
13537,85.25,85.6519
13536,83.914,83.7602
13528,86.549,76.984314
13527,79.783,82.91723
13525,77.748,81.67246
13495,68.724,66.33241
13550,88.229,80.92834
13570,75.36,75.97019
13532,83.167,86.33639
13523,80.766,83.35902
13569,67.219,72.20341
13545,82.473,87.102104
13566,66.062,67.40692
13530,81.523,83.98958
13561,79.461,74.61085
13598,78.987,79.62537
13581,64.68,65.22056
13597,74.553,75.53938
13591,69.871,75.665436
13627,92.624,90.87158
13604,74.87,77.792244
13668,89.703,88.515335
13622,74.326,71.068085
13647,84.612,81.16454
13632,66.77,66.424545
13676,84.389,86.37135
13645,69.432,70.75627
13686,63.876,66.02753
13696,73.546,74.2932
13739,80.951,80.57494
13740,82.389,82.42327
13742,70.002,71.94153
13758,82.027,86.64772
13759,78.793,78.14161
13750,87.903,88.84339
13762,68.913,71.75276
13766,74.866,82.20078
13771,74.701,76.18875
13784,77.118,79.825554
13787,84.994,84.834076
13767,69.982,73.31439
13761,69.224,74.12856
13772,77.073,77.950775
13776,74.255,78.032394
13777,78.491,79.79562
13797,83.827,85.754616
13799,75.595,76.47295
13783,78.53,79.21872
13822,76.788,68.240974
13805,86.287,86.18839
13827,80.454,79.46176
13834,87.366,89.71733
13824,59.697,63.28838
13811,74.596,76.515686
13819,74.606,76.75062
13843,83.218,83.36088
13813,65.089,74.98289
13825,74.68,75.72779
13826,90.441,85.64037
13829,69.495,67.18272
13831,81.319,82.04773
13862,74.734,74.74965
13852,71.838,66.57318
13841,75.183,78.39169
13870,81.916,82.31727
13887,77.082,79.77447
13855,79.643,81.08312
13867,72.175,80.826065
13884,62.459,81.42136
13882,86.267,88.0101
13863,78.335,79.501396
13880,81.006,79.751015
13892,81.038,81.89244
13902,77.857,78.71547
13916,79.866,80.40264
13911,80.089,80.244705
13936,88.091,85.04885
13920,77.942,79.81782
13956,78.011,79.645164
13926,80.316,80.875694
13960,75.613,78.005486
13950,60.916,58.5048
13961,74.81,77.740135
13924,80.354,80.081985
13938,78.464,79.10358
13964,81.247,72.73357
13983,57.7,72.541725
13992,62.078,76.065796
13978,83.464,70.443474
14015,83.748,83.270836
14001,71.934,71.44351
14018,82.817,66.53185
14019,65.78,68.533066
14030,85.469,73.69779
14042,79.774,79.32647
14050,81.924,81.28811
14016,83.077,67.54529
14041,75.262,78.2025
14040,67.312,70.36417
14094,75.183,79.07995
14099,78.09,76.1241
14091,74.457,80.73777
14123,96.26,78.00992
14128,98.886,100.213554
14103,69.164,70.8162
14154,93.25,93.99879
14114,81.344,81.29178
14166,86.142,84.73542
14104,72.109,72.020996
14221,80.431,79.88803
14214,83.373,81.866264
14223,78.784,75.86831
14238,80.879,82.58813
14227,77.556,80.11353
14241,81.961,83.3371
14220,74.931,74.32004
14239,76.239,75.84152
14235,77.979,77.168884
14236,79.466,81.875595
14234,80.783,81.79176
14272,90.021,90.32
14244,86.031,82.740036
14294,75.149,79.65853
14286,73.341,74.72655
14335,89.414,88.65542
14372,80.739,77.78204
14384,57.926,62.868736
14382,76.235,75.104774
14423,60.318,65.38714
14416,81.612,78.46874
14432,86.432,86.70268
14415,84.856,84.58213
14405,81.278,81.77833
14428,82.022,82.176285
14419,84.231,80.677025
14406,68.637,68.89953
14453,85.068,86.231384
14467,73.118,68.97468
14445,74.118,67.42778
14481,76.766,78.933784
14475,77.576,80.059105
14491,83.192,84.950066
14468,78.219,82.04595
14503,84.596,83.41839
14515,88.351,87.48152
14501,76.291,77.46492
14469,76.407,79.8686
14529,78.092,82.16905
14530,79.985,83.0537
14531,80.581,82.43134
14532,78.758,82.467766
14508,66.648,67.31313
14538,80.325,80.38639
14566,81.674,81.51168
14578,91.203,90.14449
14558,91.116,90.511536
14588,93.964,88.140305
14550,74.909,76.22234
14551,76.032,77.58657
14582,69.81,70.87356
14552,74.647,74.9079
14592,62.421,70.82789
14605,83.205,81.987946
14585,64.094,75.78613
14630,87.499,88.09897
14622,82.292,80.22274
14629,81.547,80.30219
14645,88.122,87.985306
14644,93.152,94.11766
14631,78.087,80.920006
14654,79.482,79.02584
14658,88.299,87.845215
14627,73.163,73.9257
14668,78.562,80.03477
14642,78.987,81.62195
14659,89.047,88.171394
14683,91.409,91.35432
14676,78.391,76.437965
14700,88.648,89.577965
14680,77.962,74.52965
14722,88.322,86.200005
14746,90.835,87.3307
14739,85.906,84.71178
14752,91.368,89.40457
14780,80.338,81.6765
14781,72.799,72.37785
14779,85.556,86.34216
14798,90.921,88.80316
14796,74.68,74.332275
14799,82.253,81.362946
14804,85.337,85.5042
14794,86.754,84.97454
14812,82.164,78.034966
14800,91.907,91.40111
14783,71.99,68.25926
14839,89.025,87.738396
14832,91.432,85.6766
14817,75.122,75.96258
14845,90.869,85.51222
14867,89.038,88.25354
14878,79.251,81.221085
14880,92.553,93.92162
14890,83.996,84.59836
14886,85.92,84.43564
14906,72.322,70.165565
14905,83.193,69.32772
14835,76.25,69.74264
14933,84.377,85.79216
14923,81.712,80.561874
14928,89.407,91.338745
14931,83.432,86.940735
14944,84.326,88.20859
14921,75.416,78.82899
14945,87.748,89.13938
14954,87.09,87.92366
14955,85.027,86.27277
14943,79.298,73.06561
14957,86.682,87.14948
14959,91.553,90.26659
14973,95.429,93.40329
14976,89.5,89.06724
14974,86.981,86.662506
14965,96.897,88.50222
14980,89.178,90.514946
14922,78.524,81.297386
14977,85.623,86.53358
14987,95.106,93.63122
14982,76.879,81.26762
14991,89.551,91.732895
14966,74.954,74.46552
14992,83.036,80.2387
14994,88.763,88.956535
14997,78.408,77.99833
14999,78.357,80.05922
15007,88.319,89.529305
15000,87.605,89.64909
15006,87.011,88.89309
15008,74.634,75.15781
15013,75.238,77.34725
15002,90.626,88.8308
15016,72.691,72.97131
15039,99.69,101.09638
15026,78.599,74.45195
15021,72.867,74.73631
15036,90.189,90.14003
15060,90.199,90.036934
15045,91.809,91.20625
15062,90.316,89.40575
15015,81.32,82.33333
15031,89.708,89.65941
15070,91.841,88.8388
15072,85.396,79.92149
15025,84.096,84.492714
15086,95.52,94.05159
15090,92.833,91.052055
15092,85.48,86.09871
15091,88.133,90.45305
15089,89.762,89.49291
15097,89.195,88.067154
15108,71.97,82.87475
15102,89.845,89.938065
15099,78.238,87.18322
15101,81.803,81.19671
15159,90.443,88.1263
15182,97.796,98.33314
15196,95.613,97.00278
15207,93.478,93.326935
15199,81.218,72.71215
15190,91.145,90.97346
15104,63.518,67.59626
15201,86.673,86.784065
15263,87.568,85.54314
15244,87.29,85.88428
15278,96.725,95.599236
15279,98.865,103.64597
15213,92.294,92.00255
15288,88.681,90.00624
15230,92.064,91.49532
15222,92.004,92.14036
15268,79.193,73.297226
15295,88.543,89.42409
15286,83.396,84.78502
15242,91.781,91.890854
15287,89.715,84.62837
15245,89.492,87.27696
15296,81.457,85.242874
15291,89.987,85.6563
15293,80.436,80.648766
15300,83.944,86.74847
15308,94.865,94.24664
15319,97.302,99.35511
15309,94.713,94.28024
15314,92.562,92.97829
15329,88.143,78.751144
15345,95.233,93.59674
15339,84.942,86.51895
15343,87.623,87.55504
15340,68.504,71.00192
15357,90.808,89.64759
15367,88.494,86.85118
15364,73.382,72.0034
15326,83.051,83.48035
15383,91.495,92.492516
15384,88.087,86.84365
15385,80.967,82.778244
15356,85.997,84.359535
15349,70.778,70.94636
15441,102.175,101.18623
15446,88.155,89.84557
15428,82.402,85.950424
15461,99.643,98.788055
15448,92.859,91.70953
15467,85.401,85.66585
15456,86.663,84.96077
15465,85.702,85.04427
15476,86.255,85.04505
15482,87.549,88.46533
15445,87.565,87.69818
15507,91.742,91.61391
15421,64.667,67.32999
15493,85.965,85.950485
15523,87.21,86.11119
15553,83.318,82.10792
15556,79.91,82.34652
15530,79.267,78.9452
15565,91.81,90.43351
15564,85.096,83.01274
15577,95.535,96.26592
15575,92.354,91.89756
15566,87.072,88.614685
15521,78.225,78.366554
15590,85.06,84.13012
15594,94.837,94.54006
15616,84.029,91.85621
15595,87.743,87.13713
15540,84.267,82.811295
15608,90.418,90.05972
15628,92.167,88.70064
15632,86.978,87.77282
15625,104.053,90.06533
15637,82.915,85.356125
15609,80.64,79.84611
15640,78.421,79.092255
15676,88.044,86.03489
15706,88.171,88.7227
15736,83.179,85.800644
15757,87.618,87.57569
15754,80.531,80.863304
15759,82.882,83.41085
15760,82.768,83.05558
15739,78.519,77.23687
15783,86.188,98.33962
15772,63.248,61.875027
15740,79.978,79.104904
15767,77.705,78.899605
15768,77.874,78.757355
15771,74.376,71.81084
15827,87.069,85.35786
15848,92.706,93.47452
15856,87.631,86.25568
15883,89.054,89.13555
15911,78.178,79.72065
15916,89.62,89.60563
15861,89.029,90.03833
15901,84.333,84.864525
15926,83.049,83.740814
15921,81.66,80.37848
15952,84.938,86.746826
15995,95.75,98.10778
15990,91.815,91.850525
15999,100.911,101.1833
15958,88.599,86.26485
15959,85.647,85.613914
16004,101.998,106.82648
16011,94.191,93.42652
16001,91.913,90.13012
16039,93.044,92.435295
16018,93.357,92.479294
16016,99.888,101.34636
16052,80.806,83.27128
16044,91.485,91.253975
16045,77.125,81.35801
16101,82.786,81.42648
16102,64.68,65.97532
16036,85.398,86.76387
16114,88.561,71.085304
16148,94.313,94.16176
16185,95.963,96.2406
16192,95.853,95.561775
16210,72.392,70.3028
16205,94.456,92.96257
16217,88.674,88.24066
16200,89.755,88.95659
16199,85.579,84.235016
16228,95.048,83.88863
16223,90.532,90.61539
16222,91.951,91.12218
16272,85.919,88.75557
16251,85.809,85.824936
16354,91.837,92.407684
16383,97.473,95.87213
16374,94.644,94.32045
16323,89.868,90.08372
16394,90.216,89.5161
16412,91.151,90.388985
16420,92.588,92.172554
16438,95.202,94.182526
16456,89.345,92.92123
16407,82.602,80.65771
16481,91.317,91.35462
16550,91.468,94.61652
16563,75.495,78.31167
16553,84.8,83.28487
16506,94.253,88.60261
16571,89.845,90.63437
16536,87.502,86.00483
16613,93.649,93.276505
16585,88.772,84.9435
16628,95.168,94.28516
16630,94.586,94.46841
16660,90.881,89.13731
16648,91.768,89.725624
16642,90.524,89.66401
16680,95.196,92.75131
16689,90.886,92.14928
16640,78.366,79.638115
16687,88.995,88.588356
16734,86.296,85.654884
16724,91.195,90.689125
16803,89.71,90.07936
16812,77.602,81.431526
16806,89.653,91.4227
16826,91.62,91.498055
16819,88.928,90.46616
16872,91.77,91.86003
16864,70.713,71.55825
16855,73.726,76.55945
16866,71.919,71.68568
16842,75.211,76.14864
16922,62.633,81.07556
16914,77.662,77.483986
16892,72.615,73.288994
16884,70.665,64.48783
16933,66.766,69.47257
16931,80.337,81.19541
16936,72.556,72.070114
16945,76.204,78.886795
16948,77.191,81.40161
16974,93.171,95.11148
16971,83.234,78.202095
16915,79.283,75.28532
17015,72.508,70.80419
17019,84.998,87.5828
17017,89.528,89.0601
17079,84.658,85.32007
17081,84.601,82.03613
17083,84.091,84.03297
17091,84.241,84.5292
17094,83.046,82.45577
17084,85.789,84.145744
17089,82.176,81.57602
17088,81.542,80.982285
17063,75.313,75.739265
17097,83.054,82.1993
17085,75.911,83.2173
17090,81.726,81.86449
17109,83.044,84.01984
17103,82.064,82.54301
17121,84.487,83.580666
17108,82.377,82.5553
17111,82.668,82.455055
17114,83.872,82.505974
17127,83.25,82.30492
17115,71.133,75.04873
17120,82.115,82.354904
17134,66.938,72.56354
17172,88.27,86.99178
17181,92.72,93.32728
17173,90.501,91.51919
17140,73.023,76.77893
17183,88.91,88.971565
17139,72.983,76.105774
17144,72.512,70.465225
17197,68.634,66.711334
17196,76.991,77.88611
17185,91.533,91.26089
17195,89.316,86.24966
17191,78.469,67.18365
17209,87.949,87.718735
17266,90.494,96.99606
17255,91.951,92.35626
17295,80.409,79.713356
17321,59.695,91.216225
17307,92.705,93.79179
17288,89.186,88.7452
17239,90.556,90.63126
17348,96.11,97.4917
17331,89.75,92.035904
17373,95.717,96.78589
17317,75.449,79.74722
17324,90.404,91.172005
17395,82.296,96.383286
17398,93.112,93.2222
17393,97.063,97.72911
17406,90.545,92.09195
17292,91.036,87.81987
17413,65.867,67.40314
17414,78.588,78.2719
17443,78.764,79.19659
17447,79.99,80.25591
17462,75.928,74.56454
17464,80.33,79.642044
17465,74.407,71.792
17461,74.389,75.03594
17477,81.408,80.87952
17478,81.022,81.01187
17481,80.749,81.063835
17495,78.462,80.206345
17492,77.928,80.16838
17489,78.005,77.71884
17490,74.638,76.64002
17532,86.524,85.876915
17536,87.25,86.44331
17531,74.737,76.55499
17530,81.382,79.753784
17519,81.45,83.40791
17548,79.299,78.13128
17556,83.034,84.59559
17555,84.334,83.60352
17585,84.615,84.78629
17583,86.009,86.1368
17588,72.211,71.02652
17604,85.55,84.313965
17609,81.254,83.78073
17608,73.308,81.833336
17593,76.254,78.810356
17621,82.637,82.61559
17633,85.866,84.90854
17644,74.478,76.32763
17649,69.199,70.568245
17601,63.193,65.350075
17690,98.857,98.37056
17704,94.192,94.64448
17600,68.642,67.84044
17713,92.991,82.37013
17719,99.242,95.16372
17743,88.737,89.61328
17730,88.356,88.8928
17786,81.786,84.63853
17819,103.448,102.94699
17805,82.338,82.92047
17829,90.235,91.67108
17867,95.893,94.7146
17847,88.158,87.2886
17885,99.892,97.86591
17832,81.585,80.40823
17833,79.761,78.076485
17911,89.497,90.23824
17935,90.895,90.26124
17941,88.584,95.96802
17993,82.455,82.426834
18006,87.019,88.00989
18039,86.56,87.45831
18042,97.692,100.231834
18034,90.712,90.30266
18072,100.714,99.762856
18095,98.852,98.423645
18105,92.631,91.79061
18129,102.134,101.69078
18156,93.116,93.876205
18085,82.477,81.95771
18189,87.586,87.2268
18205,98.727,96.85798
18254,94.762,91.75523
18264,93.63,94.21957
18228,90.872,89.93572
18291,98.625,98.23794
18335,89.575,88.988045
18306,90.023,90.378845
18406,92.344,92.26109
18371,92.764,91.94449
18357,90.445,89.12756
18395,57.504,59.603523
18429,95.711,96.48703
18427,91.724,90.78959
18425,90.874,90.42092
18426,91.407,90.59073
18468,96.255,95.73827
18460,92.704,94.53484
18501,94.836,95.82752
18520,93.494,95.69261
18572,97.059,95.96526
18560,102.96,101.64622
18621,95.471,96.62581
18644,96.953,87.54795
18622,95.148,96.116646
18678,97.216,97.07667
18697,94.16,94.75295
18702,95.419,94.97576
18721,95.337,95.092445
18684,92.119,91.125565
18722,93.562,94.40572
18724,93.896,93.70843
18726,87.561,91.257416
18729,90.946,90.50184
18735,87.546,89.355705
18786,97.377,96.39845
18795,96.927,92.35858
18815,94.109,91.85589
18838,94.335,92.994354
18855,87.572,89.731735
18859,92.801,90.68289
18871,91.709,93.1414
18853,90.13,89.945145
18882,95.587,95.98026
18869,88.935,87.92924
18898,96.592,96.81299
18888,87.822,88.288574
18932,95.323,95.40079
18917,91.935,91.23669
18976,81.336,87.14848
18987,77.018,77.1392
18972,70.517,67.706375
18988,69.035,68.87779
19000,85.556,75.48223
19012,76.566,83.48035
19026,82.461,81.42657
18992,65.319,73.26493
19027,87.538,84.69474
19033,77.628,79.25345
19045,78.547,77.7358
19062,80.287,79.77708
19064,70.35,71.80896
19073,78.495,79.95012
19080,79.175,78.0163
19079,75.523,69.98361
19055,64.38,62.844353
19035,70.368,70.15294
19086,84.081,84.23148
19044,73.568,73.654976
19091,74.181,77.34076
19101,87.314,88.17735
19112,91.147,91.88266
19087,79.45,77.5231
19043,64.757,71.20573
19081,70.931,68.84252
19120,88.15,87.24124
19121,90.3,93.13516
19077,64.173,78.06917
19069,78.589,78.70783
19135,91.306,90.364525
19139,90.529,89.13484
19150,91.071,90.44081
19149,93.586,91.18534
19126,78.681,81.401245
19163,94.484,90.221115
19154,88.796,86.53509
19153,90.915,90.460495
19167,85.267,85.00995
19180,88.193,88.74283
19177,85.719,85.28105
19168,86.028,84.819695
19117,74.5,73.18607
19185,84.521,76.916
19188,80.21,81.11755
19189,84.605,84.04426
19196,74.328,78.947296
19116,69.115,73.19631
19208,81.735,78.227936
19209,80.044,75.81163
19211,90.495,88.429146
19152,86.196,84.89998
19171,78.589,74.52434
19213,86.334,80.868576
19186,69.781,69.03856
19198,56.706,56.204308
19159,72.105,74.00728
19220,81.248,82.25583
19230,87.342,88.26702
19237,81.12,86.66548
19239,84.203,85.74277
19235,73.805,71.38153
19265,94.801,94.3589
19225,61.164,65.95549
19283,86.068,88.87873
19290,83.996,81.82741
19304,93.54,92.955
19279,90.135,89.507706
19226,62.698,69.370926
19310,96.681,97.48136
19299,92.157,86.44928
19300,89.276,89.60181
19266,79.659,76.15828
19331,90.967,91.576355
19352,83.421,85.3022
19323,80.843,81.336815
19430,94.019,93.64895
19432,80.308,79.617645
19428,68.113,78.18955
19448,65.792,66.26402
19469,86.587,84.22148
19436,65.552,70.485016
19487,86.535,86.091125
19479,80.932,83.81541
19488,85.085,85.44794
19490,84.121,84.63064
19459,88.092,87.22218
19526,83.863,86.784676
19536,80.363,79.31705
19511,78.547,72.24791
19566,82.302,80.52688
19589,96.972,96.65434
19582,90.367,95.04997
19546,76.102,75.277954
19545,79.023,73.821754
19564,85.825,87.24924
19608,87.038,89.0724
19610,85.083,85.7773
19601,86.757,87.22398
19637,96.5,95.49435
19699,88.23,89.8914
19706,84.223,83.63158
19694,86.831,82.45435
19688,81.022,80.68592
19695,84.921,82.35082
19680,91.916,93.37289
19720,89.29,89.59816
19729,99.242,98.53306
19739,89.42,90.05626
19747,91.832,91.535835
19761,83.224,84.76863
19752,79.66,80.13586
19738,84.565,81.1842
19799,94.772,100.1633
19803,85.332,86.07708
19801,88.087,89.50397
19833,84.6,83.86839
19830,86.521,87.05246
19813,79.688,80.24048
19858,95.827,91.841644
19840,78.628,78.543076
19868,86.165,88.05259
19897,94.917,87.00703
19896,82.043,85.09622
19883,80.019,84.712074
19892,77.524,79.21232
19935,86.114,77.32472
19934,85.628,82.896034
19986,86.323,86.665115
19987,87.177,86.12063
19978,94.358,91.28768
19975,103.788,94.49719
20007,87.312,87.34762
19977,70.33,91.12793
19997,79.205,81.51955
19980,65.21,87.93383
19972,87.955,86.62542
20010,78.343,80.88338
20043,82.596,84.51868
20048,89.431,88.24295
20050,87.163,87.63145
20083,91.003,90.813156
20049,87.705,88.34915
20036,92.508,93.206024
20088,75.138,74.140274
20086,113.361,89.64063
20112,84.097,88.01588
20116,90.818,89.88359
20117,91.598,91.397545
20118,88.621,87.59548
20115,87.168,87.25478
20090,78.234,81.42061
20126,57.699,63.372154
20123,71.046,73.00013
20110,81.79,84.24889
20138,88.955,88.70051
20114,72.593,78.231865
20190,84.262,84.206375
20195,86.511,86.729225
20200,83.413,81.45229
20245,80.949,82.87027
20271,91.449,90.265945
20235,88.364,88.75338
20296,90.921,91.59442
20314,88.235,88.0012
20306,82.481,83.10682
20307,66.808,67.21406
20352,98.32,98.41576
20347,86.97,87.56437
20342,89.86,89.0427
20377,89.811,87.95866
20378,86.595,85.69634
20407,84.566,83.48035
20384,78.275,78.45292
20489,78.993,80.60162
20486,80.726,81.6364
20496,88.872,86.72553
20485,87.656,86.69205
20495,84.762,83.83614
20501,86.183,87.03616
20484,91.536,89.82159
20507,85.994,86.49425
20523,80.723,76.528336
20540,84.709,84.15759
20543,74.7,75.96119
20538,68.282,67.17432
20539,64.607,66.88868
20553,79.859,79.90563
20544,74.614,71.15132
20561,78.881,78.75871
20559,78.342,78.600845
20560,77.984,78.99451
20524,72.853,72.225746
20569,80.998,80.31902
20579,84.369,82.04827
20568,77.166,77.029526
20516,72.077,71.443886
20549,67.727,64.89183
20576,80.57,79.349
20577,77.926,77.73462
20590,77.274,78.61483
20587,76.87,77.95282
20515,73.795,72.801895
20592,72.399,71.93706
20612,66.715,66.29637
20608,64.079,65.09043
20614,90.978,86.81994
20605,67.743,70.348976
20613,73.272,78.87154
20584,73.176,68.73836
20633,78.524,81.74566
20645,78.818,80.93217
20642,68.898,73.0772
20647,71.104,70.81837
20658,69.29,72.21814
20656,89.216,87.66362
20655,69.343,71.892654
20700,87.773,85.15429
20665,66.5,73.18818
20701,85.641,82.773636
20704,81.725,77.79706
20664,71.623,71.72328
20705,84.302,84.38154
20723,91.491,99.53046
20725,80.145,93.345436
20764,88.915,92.43348
20773,89.703,91.862816
20768,100.4,97.78826
20784,65.144,78.47496
20819,94.423,94.173744
20826,80.31,79.855934
20857,95.875,92.797356
20860,84.505,83.48035
20845,79.761,79.077126
20867,93.204,93.56184
20840,89.175,89.3312
20847,88.456,88.26808
20879,90.668,91.28053
20891,86.504,86.86336
20893,92.832,91.26168
20902,92.261,91.42218
20884,77.001,78.349335
20914,93.9,93.803535
20932,93.037,93.85974
20945,95.427,92.55629
20951,95.229,93.81111
20962,87.485,87.16675
20980,89.903,89.49994
20955,78.113,81.6456
20966,79.575,76.57889
20982,90.681,88.55244
20991,98.932,90.33878
20971,76.786,74.693886
20989,77.925,79.405106
21037,93.691,92.86188
21038,70.559,87.64282
21028,89.138,89.2444
21068,86.828,87.25478
21074,91.771,91.42248
21051,89.121,90.52793
21091,90.709,89.71709
21092,90.39,76.217896
21110,94.128,95.05519
21085,77.322,80.126434
21031,72.863,75.73054
21138,87.032,86.80389
21130,90.93,90.12511
21164,90.83,90.574326
21193,89.715,86.33915
21122,97.942,93.339516
21196,95.337,88.55637
21192,93.228,91.690765
21210,84.416,84.15019
21236,77.142,73.054924
21269,91.806,90.237656
21255,86.964,87.85572
21273,92.939,92.846436
21282,92.82,93.73474
21280,90.298,91.011505
21296,96.927,96.97957
21309,84.937,85.9522
21317,91.032,89.71581
21287,95.04,75.355484
21313,80.858,80.74778
21335,74.257,75.37739
21346,79.988,79.69136
21348,75.624,74.81497
21360,86.619,85.712
21361,65.51,77.8098
21337,84.601,73.087425
21352,71.365,71.80535
21377,92.231,91.01051
21391,90.728,88.729454
21389,94.887,95.36648
21396,94.619,94.34075
21384,90.12,96.87088
21398,83.496,81.98626
21371,87.291,86.67078
21394,86.738,87.051865
21423,78.283,78.39075
21406,76.931,86.317276
21409,74.157,77.11619
21429,92.394,92.013855
21447,89.862,90.30217
21431,80.981,81.38341
21438,84.174,78.659294
21460,88.624,87.91381
21403,78.888,78.65765
21480,93.568,94.259926
21436,75.247,73.59434
21462,91.768,84.36434
21512,95.543,94.05042
21493,83.409,83.353226
21514,95.959,95.09502
21411,80.663,82.378334
21477,85.694,76.2572
21452,77.934,79.00066
21537,92.534,93.89401
21539,91.004,90.16501
21516,90.02,90.494705
21614,89.822,89.5639
21487,81.848,80.65242
21615,67.593,64.29049
21671,78.085,77.27263
21676,88.492,88.38635
21677,93.316,93.21229
21678,75.367,73.809555
21670,86.862,86.42136
21707,92.664,93.18742
21713,96.373,94.81685
21709,89.659,89.65262
21721,73.979,74.61936
21733,86.878,89.47682
21779,95.586,95.3112
21778,86.334,87.95383
21776,88.928,88.692955
21816,97.099,95.34269
21808,92.647,91.46938
21768,67.789,66.4969
21830,87.717,87.96022
21847,93.739,94.04848
21848,91.751,91.641
21861,94.57,93.81526
21862,90.105,90.01456
21844,88.771,87.875725
21892,94.477,93.82361
21880,89.957,91.09739
21903,93.583,94.19615
21891,88.963,85.96729
21910,89.065,88.37624
21941,88.302,86.07184
21946,89.082,87.97308
21938,85.64,80.09689
21980,91.155,87.961365
21993,92.638,93.09018
21970,91.451,91.60694
21996,87.873,86.59707
21920,85.129,89.57248
22002,97.088,95.729904
22006,92.451,91.29799
21973,92.383,91.12207
22011,84.996,84.853546
22041,93.04,95.870445
22036,90.072,90.52842
22060,89.177,89.507225
22067,91.953,91.597046
22093,85.459,86.61123
22029,89.465,88.29827
22110,71.048,77.44071
22108,94.333,92.52755
22124,79.467,90.61919
22092,84.997,86.521416
22138,94.048,92.28463
22133,91.803,91.29227
22135,90.673,88.77886
22166,82.329,80.66686
22172,94.122,93.64279
22177,83.637,87.03656
22070,83.491,84.89023
22179,90.231,89.775276
22184,90.536,92.060776
22207,90.773,91.65327
22161,74.503,75.31436
22234,92.165,91.659424
22240,83.115,82.667984
22236,60.598,64.61005
22226,93.573,93.32309
22285,94.183,93.647995
22267,91.874,91.14392
22273,92.046,92.58743
22232,86.644,87.49663
22237,86.131,85.296196
22312,82.195,84.49825
22318,94.043,93.877075
22335,84.751,86.59597
22338,91.608,91.1493
22340,93.29,91.83592
22357,87.959,89.197754
22372,95.009,95.79138
22376,88.149,87.42246
22400,91.83,92.29249
22394,89.334,89.884796
22414,88.754,89.83812
22458,90.955,90.89993
22461,86.503,86.60521
22426,84.933,84.43573
22486,90.7,91.89891
22487,90.829,91.88985
22517,95.862,96.37607
22503,90.515,93.51219
22549,90.65,89.97101
22569,87.753,88.9223
22599,100.354,100.16457
22650,84.754,84.05806
22706,91.314,92.45246
22729,92.998,92.86153
22751,95.072,80.33556
22764,93.563,92.324295
22774,93.23,92.16846
22801,75.411,72.809906
22792,93.191,93.67747
22753,87.442,87.87026
22831,92.996,93.476
22847,94.581,95.18417
22841,95.701,96.34025
22859,92.002,93.19882
22853,69.238,93.02103
22854,94.468,94.80499
22821,93.126,93.38153
22820,90.97,91.28091
22876,88.936,83.48035
22866,98.6,91.772285
22894,78.116,78.232735
22839,87.788,88.39017
22887,79.518,81.421875
22936,85.278,83.10602
22935,92.829,91.407036
22933,93.423,93.620224
22957,94.096,93.670586
22970,86.284,85.910866
22999,66.219,66.25409
22994,82.328,84.452446
22996,92.478,91.974594
22984,69.654,71.80826
22958,86.247,86.46347
23022,93.616,94.416824
22921,81.266,83.55023
23035,86.539,85.34578
23043,88.263,83.97486
23042,75.748,72.793594
23057,87.16,87.55609
23067,92.119,91.78192
23073,93.22,93.99995
23077,91.726,93.45286
23081,86.309,86.88989
23076,92.148,92.18028
23097,95.118,81.132545
23120,74.858,93.13198
23123,93.78,92.70295
23050,87.712,84.57821
23141,94.463,93.20104
23137,87.624,86.82793
23150,89.011,87.173035
23160,83.916,84.45387
23183,94.025,93.25253
23227,92.887,93.28841
23222,80.52,80.4416
23234,94.071,94.00336
23235,98.102,95.80111
23260,89.176,83.48035
23257,94.821,93.658554
23264,95.755,94.40494
23238,77.559,84.15838
23236,84.182,82.28856
23270,101.404,94.53914
23237,77.353,81.97774
23280,93.242,93.40333
23289,94.815,97.35662
23318,93.068,93.617424
23325,80.296,76.92927
23299,89.1,88.67933
23269,80.163,81.4765
23316,78.056,80.173965
23347,95.365,96.501045
23332,85.436,87.26108
23365,93.262,95.53047
23366,94.412,91.35534
23359,94.621,75.480484
23369,93.199,94.77466
23360,92.19,90.05514
23395,89.233,88.69752
23387,89.15,89.437225
23411,88.488,91.48584
23456,94.641,94.755455
23469,93.671,91.52942
23479,92.22,91.56625
23526,90.519,92.93663
23524,86.654,87.55249
23535,96.723,95.6627
23544,93.117,92.87493
23525,81.784,82.04002
23554,96.826,95.094765
23540,87.5,88.83012
23560,100.61,96.01396
23571,92.097,92.13249
23572,93.198,94.13061
23577,92.044,92.939865
23592,80.11,79.33959
23598,90.813,91.082214
23603,94.387,94.93537
23609,89.782,89.43154
23589,88.02,87.364494
23631,88.767,87.96281
23648,90.796,90.100105
23687,90.903,89.332214
23697,95.346,94.299614
23668,83.46,88.61905
23684,90.752,90.01918
23640,84.25,83.753624
23735,93.044,91.0916
23743,96.531,93.988205
23727,87.144,86.77721
23750,82.146,81.17232
23761,91.17,89.39563
23764,85.719,86.077995
23790,90.504,88.39792
23793,87.785,83.96901
23795,85.536,87.08982
23784,90.373,89.779396
23770,83.379,82.84592
23821,89.986,87.96726
23756,82.741,82.96998
23800,70.288,71.5949
23801,67.927,70.36536
23816,78.91,77.00255
23803,75.114,75.77935
23831,88.187,86.9097
23850,79.695,82.23617
23854,94.315,92.24131
23855,96.955,95.87399
23858,95.943,67.19775
23806,79.972,80.23804
23838,70.327,70.950195
23866,96.595,94.131714
23867,95.67,94.489716
23868,93.444,93.12525
23884,95.03,94.57728
23869,91.784,91.07226
23877,92.142,92.7487
23892,94.585,94.74486
23830,80.722,80.0241
23909,95.539,98.27004
23921,91.916,94.03738
23923,92.62,92.54005
23827,59.854,58.71138
23932,89.516,90.00013
23922,82.859,81.89243
23941,87.047,88.325424
23960,82.898,88.7895
23956,91.605,91.786026
23966,92.046,92.13375
23962,87.898,82.87764
23982,93.527,95.26858
23985,92.874,93.95232
23987,90.297,90.168945
23992,88.466,86.58114
23997,87.609,85.35002
24006,93.248,93.7011
23988,89.434,88.98485
24038,93.855,92.750694
24035,85.708,84.790474
24049,94.773,94.5617
24022,90.369,90.09077
24057,88.068,87.788574
24031,82.888,82.68497
24068,85.93,80.87144
24083,93.098,93.39306
24064,92.316,92.34728
24080,86.99,84.2112
24097,93.947,95.69484
24123,93.253,94.14314
24103,91.788,91.54519
24134,86.936,89.02943
24149,87.19,85.43847
24130,79.025,82.91883
24156,73.05,81.22392
24164,66.508,71.91972
24174,81.666,82.19322
24170,86.773,87.47742
24168,90.759,92.599655
24182,91.788,90.051575
24183,86.444,83.108376
24195,87.988,86.807106
24180,82.481,83.037735
24186,84.262,79.14658
24120,83.662,84.858055
24163,61.219,60.42797
24184,89.518,90.05683
24127,75.011,73.39289
24207,80.442,82.105804
24202,85.58,82.1565
24217,95.667,95.56762
24240,90.895,90.25781
24247,100.95,73.34084
24236,84.35,81.38114
24235,86.725,84.259674
24246,91.912,92.31772
24276,93.722,90.48349
24278,93.379,90.723175
24297,91.239,90.1186
24213,68.377,59.781578
24305,86.056,86.25434
24242,82.402,80.31512
24270,84.963,83.48035
24338,96.894,93.810745
24334,94.301,94.353134
24345,94.542,92.19173
24366,93.725,93.13751
24365,92.767,94.99759
24360,92.77,91.22805
24372,93.067,93.07978
24356,89.679,89.55897
24336,68.569,76.45103
24359,71.805,75.46206
24408,91.311,91.13829
24415,95.166,96.08334
24431,96.592,98.06177
24389,78.217,75.44769
24427,92.396,88.51156
24449,77.865,87.53444
24466,87.682,88.296196
24471,90.799,89.60463
24482,94.315,97.06863
24491,92.397,90.70043
24496,94.533,94.062904
24452,60.856,75.44045
24461,75.149,74.80901
24499,94.821,92.13844
24517,93.987,94.07673
24527,89.636,89.36895
24507,88.222,86.46517
24526,80.367,81.373505
24518,95.092,89.35513
24531,87.203,83.52565
24548,90.753,91.71215
24522,80.072,80.761765
24545,89.6,89.63988
24554,93.122,93.32628
24546,77.909,85.20254
24550,79.879,76.57607
24552,77.162,78.28881
24535,79.931,71.56953
24572,80.489,78.553474
24445,84.739,81.92914
24569,79.454,81.23684
24576,76.639,85.47514
24584,86.572,86.71248
24580,85.858,83.21465
24586,84.271,87.61388
24590,85.091,85.78825
24595,84.273,84.35072
24593,82.595,81.618805
24597,72.164,75.086296
24619,104.65,101.357254
24558,63.914,62.62178
24614,83.516,83.85229
24646,73.95,75.62038
24601,88.191,85.1278
24656,93.667,94.09557
24679,89.033,86.25513
24676,89.072,92.82173
24664,88.906,89.48884
24695,89.026,89.57613
24698,91.705,90.76097
24723,82.499,81.91305
24724,88.623,87.57634
24760,90.896,90.50561
24763,69.276,70.76491
24757,91.499,91.31029
24789,82.32,81.421684
24793,88.167,88.71436
24717,82.387,81.85545
24821,100.901,98.98751
24823,86.543,78.02827
24817,93.309,91.07276
24826,86.963,76.07983
24833,83.571,85.4887
24845,91.366,91.68443
24861,80.385,81.93782
24875,91.21,89.599525
24910,94.345,91.748634
24904,92.659,84.32927
24907,90.721,91.588234
24872,84.769,84.41461
24909,92.002,88.96629
24948,89.156,88.95123
24960,86.515,85.49496
24971,79.258,81.6196
24992,80.365,81.83491
25022,90.142,88.8895
25005,85.645,86.88576
25014,89.987,90.12771
25038,83.216,85.41495
25039,84.448,88.33461
25026,80.04,78.841324
25058,95.531,93.92127
25056,87.314,87.74712
25060,78.486,86.0934
25082,94.788,95.38404
25094,89.465,88.774216
25093,88.111,87.94242
25083,90.494,82.397575
25054,86.76,86.708595
25112,83.708,79.31268
25087,91.302,91.729065
25136,93.737,96.2508
25128,72.07,86.978065
25114,75.43,66.77919
25172,95.182,94.54338
25169,86.746,88.82723
25180,96.81,95.22954
25155,72.081,75.54076
25177,86.931,85.93066
25170,80.511,80.220985
25139,88.273,89.113045
25141,63.155,66.06642
25145,73.799,75.610085
25187,71.456,71.29987
25196,65.488,78.79767
25148,82.179,82.248085
25209,91.043,90.64458
25205,82.69,82.35725
25208,84.42,85.52779
25202,84.236,86.93581
25089,62.138,63.95365
25240,95.018,92.77334
25247,95.904,89.8902
25233,100.911,92.662025
25246,94.271,94.18182
25215,69.866,81.8918
25272,92.113,92.47655
25256,83.362,81.43112
25254,82.705,83.48035
25261,70.575,65.478874
25293,83.225,83.53097
25296,91.182,91.19064
25312,90.473,88.03158
25322,89.235,87.5266
25308,81.987,68.65603
25316,76.674,90.91474
25314,84.869,84.23828
25321,68.972,70.571815
25332,92.781,93.718185
25351,89.739,91.06312
25352,86.488,86.64353
25326,84.101,87.18318
25368,86.217,85.97226
25324,63.058,61.82359
25378,78.712,80.290054
25408,93.005,90.73432
25417,90.941,91.07752
25423,81.634,81.943405
25391,62.79,78.69415
25398,66.488,69.70268
25439,89.919,87.37135
25448,86.558,87.69477
25447,68.763,69.68968
25452,89.768,90.02345
25453,84.771,89.19781
25462,97.824,97.93543
25456,91.945,93.746254
25493,89.016,95.00353
25485,88.621,89.37408
25518,90.709,92.73835
25492,86.563,84.62384
25527,94.821,96.121
25525,89.822,91.53157
25523,90.656,89.64762
25486,88.027,90.55878
25522,92.04,91.55502
25406,77.923,79.79526
25521,83.615,83.50344
25405,59.958,75.9814
25542,84.359,84.13208
25550,84.476,85.27998
25537,80.264,82.265015
25573,89.775,90.27256
25594,56.467,16.330765
25549,88.534,90.524994
25596,85.326,85.012794
25603,81.669,82.40296
25508,72.384,79.25865
25631,95.137,93.66935
25629,90.991,92.22951
25637,94.036,93.13341
25638,89.184,89.27001
25601,64.625,65.17474
25683,94.674,95.94218
25623,65.927,68.385796
25723,94.88,95.43637
25724,95.215,93.81125
25714,83.263,80.17432
25702,80.88,80.42152
25753,87.232,86.65575
25756,92.702,92.58699
25734,90.942,90.238815
25746,84.434,84.626144
25769,94.739,96.35651
25736,89.992,90.286026
25770,94.743,96.327385
25768,93.014,92.08026
25792,81.989,81.80405
25712,83.548,84.21823
25802,90.9,89.53041
25810,91.752,93.323845
25829,81.117,77.97508
25850,98.563,98.776794
25827,92.342,92.28126
25861,91.734,86.886406
25849,92.723,91.87609
25873,85.28,85.67419
25872,94.338,94.48666
25884,86.407,86.862465
25892,94.95,95.13031
25886,89.564,81.58454
25907,101.97,86.43683
25915,92.182,92.213295
25833,80.471,78.86835
25936,91.097,94.06414
25948,87.716,89.58428
25951,99.395,99.49185
26014,88.571,85.43485
26000,91.25,91.80875
26022,92.077,92.08545
25896,75.405,77.18828
26034,93.969,96.23156
26064,94.121,93.94818
26017,78.944,77.043564
26075,83.401,84.410065
26074,84.348,82.592285
26062,85.165,85.60158
26079,76.093,73.58149
26099,84.43,85.166664
26112,87.395,89.70162
26106,92.312,92.53008
26110,78.317,79.98893
26096,89.243,89.876755
26129,89.118,87.32223
26141,90.938,87.18593
26153,92.181,89.79026
26136,84.698,82.504684
26127,69.716,70.0933
26162,85.095,91.30938
26158,88.266,89.89813
26154,87.074,85.58953
26150,82.131,80.92386
26171,87.264,87.35875
26163,82.126,81.68895
26166,85.006,83.94117
26169,85.836,86.192635
26182,90.969,90.62287
26187,85.821,87.77641
26199,91.466,82.367134
26209,91.975,93.00696
26207,74.567,83.355515
26201,88.264,86.63395
26200,90.263,85.77421
26197,72.327,76.58756
26189,71.71,64.12172
26244,91.44,89.773705
26233,93.775,92.8742
26238,85.79,84.60194
26253,91.415,90.455414
26245,89.665,87.19773
26235,87.472,88.79973
26231,73.318,73.067276
26256,90.928,91.471344
26271,90.098,89.849205
26267,80.703,85.18866
26278,93.103,93.17473
26273,83.065,83.45894
26266,69.32,71.9716
26260,64.991,69.65439
26296,77.862,81.72818
26304,85.476,84.604004
26306,77.9,79.61749
26314,87.419,84.06843
26315,84.518,85.69605
26301,75.599,72.646324
26320,80.03,80.71518
26302,82.076,76.98903
26335,98.258,93.6915
26344,87.032,85.53996
26308,82.47,82.16502
26349,75.612,76.00864
26350,81.541,78.37026
26361,85.252,84.408195
26381,86.911,86.0842
26391,88.38,87.3
26377,88.035,89.09807
26339,70.03,72.590775
26392,91.55,77.83862
26410,87.603,88.195114
26402,78.114,75.70233
26416,84.817,84.629005
26419,85.84,83.44119
26417,83.958,84.118935
26437,88.403,85.40543
26441,85.122,88.84295
26456,93.5,92.25636
26452,89.041,88.50574
26450,84.381,85.79565
26474,85.061,83.0521
26471,94.792,93.6
26478,85.471,83.34581
26486,95.521,96.02042
26438,84.502,84.57557
26495,93.669,94.58517
26504,96.345,98.07063
26489,88.796,87.62044
26449,87.096,89.51419
26500,85.203,83.90556
26511,91.042,89.85891
26499,87.461,85.13838
26505,84.738,83.63386
26513,84.918,87.723885
26508,90.703,88.89547
26515,82.525,83.59545
26518,69.056,71.67619
26539,81.108,74.893654
26541,84.612,80.445335
26542,85.931,84.562836
26557,92.112,92.544136
26538,85.222,82.573715
26562,89.882,86.960045
26592,91.934,92.566734
26549,83.577,80.686325
26611,91.264,92.17731
26580,80.906,84.41987
26657,58.954,79.85035
26681,89.195,91.018394
26671,71.525,71.08177
26685,92.288,80.05221
26697,96.715,100.0181
26643,76.969,74.77834
26676,81.985,81.83925
26688,66.887,61.269974
26724,83.649,82.09635
26727,93.69,91.69963
26698,64.896,73.05795
26735,84.361,88.64326
26734,92.653,90.8416
26762,92.35,92.223755
26766,88.887,86.53822
26774,90.824,87.57587
26769,87.522,89.13841
26799,81.666,80.321915
26815,82.545,85.950966
26816,91.436,86.703735
26808,68.922,76.52922
26819,84.233,82.86588
26848,85.064,83.761894
26852,85.79,86.199814
26828,86.416,86.31191
26863,94.215,94.735344
26882,84.5,83.6359
26853,72.765,73.81233
26912,95.067,93.75697
26931,91.206,91.78912
26941,96.051,94.06244
26944,95.562,96.837975
26946,85.477,85.26106
26963,94.737,98.94741
26962,87.657,89.44468
26951,89.725,90.02157
26959,89.833,90.45337
26985,90.22,87.31126
26983,95.922,93.40205
26982,94.017,93.267
26994,73.725,79.22205
26966,76.8,75.88155
26991,83.497,84.26399
27003,91.107,88.66123
27002,85.692,85.32168
27044,80.835,77.26651
27050,80.279,78.211365
27072,89.116,87.57211
27062,92.109,90.588875
27031,76.398,69.928
27084,80.072,78.77459
27068,79.721,79.41214
27089,68.8,70.410774
27006,74.823,74.01966
27077,84.303,79.450294
27125,90.125,90.52906
27078,73.554,79.10015
27037,64.322,64.48116
27136,87.445,85.0973
27143,93.027,86.10293
27134,94.878,87.6734
27149,85.298,86.727356
27137,90.248,84.58698
27146,78.881,81.48293
27152,69.537,72.91259
27154,84.5,86.15199
27166,93.303,91.14524
27167,93.971,81.7215
27179,89.794,86.367676
27173,88.247,85.04112
27168,75.459,76.04875
27193,88.59,89.06244
27191,73.827,86.95963
27185,84.794,81.00385
27153,86.144,87.69855
27178,82.464,83.69956
27183,68.661,71.30866
27208,90.301,81.331055
27217,75.386,79.55969
27174,65.612,62.324825
27220,90.316,90.22428
27235,83.332,78.484825
27254,87.699,91.29082
27258,83.818,83.56832
27249,91.931,91.32782
27256,81.439,80.886795
27294,88.315,93.27717
27286,89.516,89.51742
27264,84.425,84.53655
27281,85.692,85.748085
27292,72.015,78.436165
27297,80.433,80.76854
27317,85.903,87.627174
27328,93.469,89.92265
27309,79.58,83.019936
27307,81.752,89.70528
27338,92.373,89.94407
27346,97.62,90.63107
27342,87.459,86.973305
27365,95.223,96.35738
27347,76.47,76.28948
27375,75.508,97.02685
27390,92.327,93.461754
27395,85.347,88.55929
27374,84.456,85.217
27399,91.004,87.3475
27411,95.076,94.25888
27407,93.256,95.25539
27418,88.698,89.60402
27434,94.943,95.04325
27426,90.863,85.001595
27300,79.077,77.35126
27457,75.648,78.846344
27459,81.245,82.31715
27440,86.694,85.907524
27493,84.783,65.78407
27482,84.394,85.7326
27508,87.279,89.35786
27512,93.561,94.075005
27529,85.876,86.5514
27441,78.391,77.816574
27516,79.762,78.16762
27517,80.446,77.837234
27515,81.051,79.642204
27547,78.255,76.03633
27572,81.801,82.2059
27586,79.999,81.499405
27595,88.433,88.48858
27596,92.832,91.99157
27599,86.391,87.36121
27593,77.516,77.46948
27608,89.253,89.23295
27520,78.582,77.22829
27615,75.124,74.575645
27620,90.083,88.77834
27496,82.179,80.94261
27632,91.141,91.82694
27611,78.679,79.84559
27566,63.06,60.71159
27616,81.263,80.4062
27657,90.747,87.44502
27628,69.338,72.93985
27669,86.928,85.123375
27668,81.066,76.67956
27682,88.682,87.181076
27708,85.774,85.21917
27732,77.049,74.01514
27753,84.673,85.26457
27730,87.838,88.34645
27772,65.218,79.9189
27785,83.727,82.36637
27792,87.992,88.467
27754,70.441,71.25909
27799,87.799,89.00545
27802,91.597,92.731346
27742,78.736,79.348045
27773,80.829,68.68544
27718,68.671,61.630394
27797,79.201,78.45318
27849,94.14,94.86016
27833,88.099,88.787544
27845,83.066,73.80071
27854,89.6,89.42819
27843,86.899,86.10065
27856,70.168,67.30536
27823,79.318,83.453804
27859,82.407,80.55866
27893,82.814,82.27623
27963,93.956,92.80711
27961,78.581,87.106995
27985,109.795,80.78053
27950,81.792,79.30168
27986,91.144,71.92378
27976,88.697,87.10623
27998,84.48,84.840614
27999,86.487,87.28847
27997,68.912,71.4933
28028,64.895,63.249855
28053,75.928,79.64654
28070,86.369,82.56402
28069,84.861,83.34809
28065,69.117,73.83851
28067,67.722,72.37953
28066,67.057,71.54452
28088,75.2,75.963486
28034,102.646,76.496666
28026,71.9,73.27102
28108,78.571,77.92255
28097,76.533,76.66195
28106,76.46,78.41001
28104,76.421,76.905785
28120,74.89,75.46535
28122,77.85,78.19869
28110,75.212,78.783356
28124,82.438,80.123245
28137,76.293,76.51294
28126,75.268,75.76115
28131,78.343,79.30597
28135,76.424,76.62909
28147,78.644,78.628685
28138,79.567,77.63278
28151,78.182,78.6175
28155,77.216,76.37461
28166,80.275,79.22119
28164,78.35,77.76781
28171,79.369,78.3906
28162,76.421,77.05434
28172,75.299,75.670715
28185,73.771,75.187256
28186,78.675,79.03362
28195,79.564,78.709366
28196,76.721,77.68333
28205,75.419,76.17966
28218,78.535,77.27981
28221,74.706,76.05704
28237,76.554,77.18132
28250,80.004,79.172935
28236,72.195,73.38775
28239,78.824,79.138405
28245,76.23,75.47049
28230,78.759,79.39985
28246,80.832,78.45924
28244,77.529,76.99273
28249,78.401,76.85462
28257,75.76,76.89527
28255,78.936,79.23956
28262,79.524,77.64263
28274,78.506,78.63325
28271,78.614,77.93756
28279,72.708,72.670074
28278,79.426,78.366295
28287,76.14,77.2781
28293,77.526,78.50037
28301,78.046,78.32326
28312,77.963,78.44272
28318,78.538,77.9565
28319,77.742,77.44825
28354,79.222,78.26302
28370,88.466,86.91697
28368,75.79,73.68224
28352,76.924,77.18868
28342,74.164,76.01613
28338,78.576,78.24505
28366,76.747,76.999886
28372,74.273,75.72687
28377,79.707,78.53273
28389,76.744,75.868484
28383,78.483,78.851204
28396,77.091,77.05886
28410,72.845,73.05469
28399,79.6,79.44768
28392,77.832,77.86902
28419,78.077,76.91552
28417,75.451,76.85338
28429,81.172,80.16934
28436,76.851,77.181885
28448,74.153,75.32833
28452,107.846,79.1321
28435,78.794,77.942505
28462,82.221,81.67577
28464,78.833,79.67601
28476,78.693,78.36227
28487,91.896,90.88759
28484,81.331,80.4655
28483,78.3,76.73205
28501,74.5,75.987465
28525,74.462,75.75862
28518,80.909,78.50225
28522,76.818,75.343094
28539,79.31,77.30466
28531,80.481,80.48492
28530,75.274,74.46759
28540,77.818,78.5725
28556,77.481,76.78535
28563,77.712,78.48247
28578,78.127,78.76527
28581,81.195,80.18061
28570,76.341,77.4891
28597,93.037,91.15279
28573,72.697,73.45669
28610,75.491,76.25654
28616,78.358,77.85405
28609,75.331,77.067444
28612,77.456,78.75015
28617,81.536,79.79256
28630,78.38,78.7249
28626,77.795,76.911575
28649,78.572,77.955635
28648,74.749,76.73192
28661,77.911,78.72823
28657,78.57,78.932816
28646,79.926,77.863716
28666,73.075,75.61866
28674,82.255,80.15122
28678,74.769,74.67545
28685,78.436,78.831566
28669,75.648,77.01437
28679,77.231,76.551605
28680,77.673,78.485825
28684,77.589,77.64812
28659,77.659,78.20595
28689,78.536,78.92298
28697,78.026,77.921326
28699,78.726,78.17435
28713,79.5,77.88878
28712,76.019,76.31061
28718,75.162,75.91658
28720,79.604,80.45784
28721,77.894,77.54001
28739,80.59,79.89851
28753,77.585,77.06093
28750,74.206,76.325935
28756,79.831,78.42244
28764,78.414,77.58002
28766,78.014,77.31583
28762,77.81,79.0348
28772,78.269,77.9398
28784,80.266,80.995544
28774,72.357,73.17085
28792,78.501,77.335266
28786,75.856,76.33392
28781,74.056,77.79356
28805,79.327,78.5019
28802,77.165,77.95789
28821,73.216,73.87127
28803,74.528,75.19809
28807,72.043,72.80084
28813,75.102,76.108734
28818,73.424,74.99608
28825,79.12,77.01857
28812,77.955,78.73399
28842,78.253,77.71
28871,96.618,92.679855
28903,96.66,94.77431
28912,84.876,87.789856
28916,77.678,76.99693
28924,82.299,85.79898
28976,99.342,97.2681
28969,99.756,96.02149
28933,74.185,75.80541
28938,88.707,79.74473
28973,90.398,93.30418
28964,86.399,86.22157
28987,90.388,97.84212
28979,83.674,86.41181
28997,76.937,77.98052
28996,81.7,79.23408
29004,95.599,96.58548
29000,84.602,85.82206
29040,97.197,97.01344
29037,87.276,83.48035
29097,83.638,83.85328
29074,89.702,82.9279
29131,77.515,80.15082
29109,81.342,79.371414
29148,94.607,94.02682
29142,89.865,87.75074
29153,89.264,89.37795
29158,95.24,95.79286
29159,95.37,95.75783
29169,91.539,91.38241
29178,82.334,81.86625
29157,85.37,86.676346
29198,87.656,83.970665
29170,92.113,90.06295
29212,80.068,80.35939
29116,74.598,75.37303
29248,96.477,96.01717
29246,81.425,82.04452
29282,96.408,92.244484
29294,90.987,91.09375
29288,84.349,85.45323
29311,93.595,93.33963
29320,93.796,85.40536
29289,83.896,84.65541
29309,88.898,89.61901
29394,94.094,94.58737
29314,86.88,87.10789
29464,91.243,90.52941
29460,84.455,83.95064
29504,81.884,79.936516
29502,81.963,82.97978
29507,76.068,72.43564
29495,86.488,85.280136
29522,88.017,87.40211
29477,90.383,89.94985
29523,85.206,84.7318
29512,83.853,83.010475
29536,86.774,87.09379
29518,83.97,82.57904
29538,92.193,89.16518
29530,77.998,77.39065
29544,78.307,80.53683
29558,85.659,86.74091
29555,77.01,78.67172
29566,72.343,68.88053
29589,86.549,85.61637
29581,75.91,77.55711
29549,61.49,70.51911
29583,81.67,81.439964
29607,95.655,94.60321
29582,86.196,87.9055
29570,59.449,59.744926
29604,78.245,80.60886
29650,89.579,89.83504
29660,100.135,101.3716
29684,88.118,87.930984
29633,74.316,74.23343
29738,66.121,65.78088
29746,89.858,89.89186
29739,75.78,75.850365
29721,78.316,79.89338
29787,85.095,83.784325
29791,69.258,73.6408
29832,79.067,79.298096
29877,82.432,81.90494
29875,71.902,73.41456
29815,74.545,76.66929
29893,77.245,80.575874
29911,73.653,73.11725
29922,80.449,79.81975
29889,75.383,74.31917
29901,76.445,78.44169
29918,74.779,73.38394
29943,93.081,94.35635
29947,85.752,85.39903
29969,82.72,82.60147
29978,83.006,82.93917
29958,75.96,73.19861
29934,75.452,74.18405
30012,94.382,96.30946
30008,89.446,89.032875
30005,95.284,96.35614
29930,74.651,73.157646
30020,95.559,96.04432
30022,95.667,95.96206
30021,94.44,94.89757
30024,92.754,92.394585
30038,91.886,91.006165
30004,68.99,70.948814
30110,88.011,88.572136
30114,95.018,83.01801
30111,84.777,86.72336
30126,94.102,93.70226
30107,72.582,73.06503
30095,74.308,90.58931
30193,93.553,94.09142
30190,90.649,91.16455
30148,82.678,82.688416
30192,93.924,93.69222
30180,83.438,84.43422
30221,92.906,91.76058
30173,90.883,91.10268
30238,89.985,86.59998
30239,91.176,91.81407
30258,93.238,92.75417
30287,81.9,87.98042
30291,88.034,89.9774
30312,92.756,92.47912
30347,80.104,80.05296
30374,75.646,75.37134
30373,76.07,76.212944
30372,64.126,85.13595
30345,75.827,77.27522
30409,92.724,89.60809
30408,84.297,85.84216
30400,90.431,92.5995
30427,94.141,94.26317
30440,85.559,83.53255
30459,88.173,86.05327
30476,98.922,99.576324
30470,84.062,79.07598
30479,81.816,84.080795
30469,84.28,78.91913
30518,75.998,81.570526
30508,74.267,74.733185
30524,77.219,78.21907
30582,97.311,96.49612
30535,83.725,83.19298
30575,90.042,90.48015
30573,80.531,81.20267
30561,69.953,70.69798
30619,94.275,94.49348
30645,96.699,97.10256
30646,96.302,95.56575
30661,98.109,99.2087
30662,82.131,83.74644
30614,82.755,82.81161
30672,83.515,82.15673
30659,90.25,93.77548
30677,67.542,69.321396
30685,68.532,71.34499
30775,88.042,87.83233
30777,86.058,88.13589
30776,85.363,86.84747
30762,89.258,91.99902
30781,91.072,89.461975
30778,74.113,73.47567
30841,90.056,89.61137
30855,83.616,86.110146
30850,81.771,84.97931
30878,75.069,74.03333
30932,95.177,94.32009
30910,85.132,84.43073
30965,87.656,89.95032
30981,89.033,87.80995
30991,77.436,77.84456
31016,84.898,88.19828
30938,75.163,73.94015
31015,75.956,79.83566
31025,82.546,82.9772
31075,88.155,88.36363
31082,75.928,73.7122
31066,71.312,73.52862
31063,71.671,75.036354
31092,83.325,84.89883
31065,71.1,73.59961
31106,77.903,80.13779
31062,71.363,72.923065
31098,83.385,82.64654
31160,84.729,84.60409
31170,79.348,80.12563
31250,86.537,86.89997
31253,84.392,83.72593
31254,83.327,81.951645
31248,76.574,76.24269
31290,73.982,72.74581
31246,78.309,76.5815
31282,78.075,80.67627
31288,73.172,72.70681
31281,82.042,80.114914
31291,83.417,82.04202
31289,69.779,71.2755
31311,91.434,90.00868
31314,89.828,89.41096
31306,84.334,86.25142
31309,83.811,85.20196
31359,86.611,86.69453
31361,88.114,87.052986
31376,80.075,82.91594
31378,59.465,90.54584
31384,93.767,93.30053
31387,94.276,93.56011
31385,92.521,92.358665
31338,73.863,74.487495
31435,89.656,83.90878
31427,91.884,91.653175
31452,90.173,87.41015
31408,77.209,77.566605
31455,79.564,79.41872
31493,81.982,80.628395
31488,84.414,85.08931
31454,80.77,81.7053
31503,80.001,84.65264
31521,90.261,89.57713
31529,90.847,87.75541
31522,75.368,76.86973
31516,88.222,89.1366
31519,88.085,90.434
31591,82.829,82.79803
31635,72.868,75.62441
31708,82.12,83.55435
31709,82.753,78.4924
31783,83.514,80.35379
31761,77.343,78.6633
31784,81.892,78.61677
31810,85.011,86.21
31811,79.571,79.3023
31825,88.682,88.997574
31817,94.309,94.88598
31802,82.085,80.97668
31827,87.341,86.93528
31830,84.462,83.078125
31832,82.774,83.29002
31816,83.921,67.34982
31847,85.548,85.67764
31880,82.088,81.009575
31913,92.855,92.30013
31906,78.521,75.24188
31840,80.324,80.7708
31900,71.271,71.54448
31941,96.073,94.976166
31948,90.9,90.67539
31956,62.011,86.15608
31955,87.786,88.85856
31958,89.75,90.94131
31957,87.702,87.10867
31962,81.599,84.43421
31960,59.859,82.89704
31959,97.376,83.34597
31935,89.63,90.47862
31980,79.643,80.64579
31991,79.51,79.79975
31997,80.876,81.06275
32010,93.991,86.630585
32003,81.829,63.728127
32036,87.975,86.305725
31976,81.925,82.38027
32043,75.478,75.86854
32050,88.295,91.90031
32044,73.71,74.33404
32041,79.009,79.166145
32052,78.236,70.995224
32004,71.43,67.88338
32017,77.111,80.651955
32103,84.982,87.39488
32129,99.346,98.180534
32104,73.881,74.65495
32126,82.419,82.44338
32109,66.111,58.006668
32120,76.613,77.41388
32139,82.822,80.38791
32218,101.436,101.434494
32215,74.45,75.70747
32213,79.165,80.01907
32214,76.05,76.24159
32216,75.535,75.73352
32231,84.38,83.155266
32220,79.211,77.38241
32242,84.122,84.49179
32249,85.527,86.47947
32241,86.49,88.0836
32227,75.673,80.87446
32233,78.29,80.33885
32270,94.27,93.784
32217,74.54,74.76855
32275,58.581,64.814224
32303,97.438,98.67478
32268,79.567,80.57498
32235,76.871,79.1507
32257,60.893,63.89239
32339,84.846,85.53821
32326,87.08,86.69153
32367,81.875,81.074066
32340,79.309,81.48882
32366,80.14,80.95439
32319,74.447,77.54844
32438,94.798,94.48482
32447,74.885,75.04608
32506,98.624,98.991
32505,98.264,95.01506
32460,73.636,75.210266
32463,75.828,73.75125
32473,75.428,74.91993
32532,90.434,92.97201
32539,87.684,83.499756
32551,83.511,80.40279
32550,85.908,80.2978
32535,85.639,77.989944
32604,101.66,101.13663
32606,96.056,96.95268
32615,93.024,93.726425
32560,64.514,80.22729
32639,95.226,96.74861
32669,80.782,80.8093
32672,85.252,85.06405
32665,79.358,79.046814
32664,74.488,86.988205
32675,80.312,81.66506
32708,85.936,89.04884
32666,75.488,78.34837
32738,77.102,74.27307
32782,77.488,79.08883
32806,83.405,83.87123
32882,88.235,88.30632
32881,87.26,88.07559
32888,82.263,83.21418
32895,85.515,85.35049
32889,83.509,83.591736
32884,73.953,83.579956
32930,83.616,84.25537
32961,94.6,96.11267
32929,82.858,83.8538
32964,94.365,95.07909
32983,91.356,96.19998
32952,80.788,79.099686
32960,92.287,90.581764
32963,91.695,91.6148
32966,91.824,91.94102
32973,86.089,87.014084
32968,91.728,90.311775
32990,77.986,78.1353
33024,89.628,87.006775
33026,88.405,87.962555
32984,68.535,67.42034
32908,79.722,77.160324
33029,86.966,89.4895
33046,76.096,76.16257
33048,68.731,71.00479
33104,81.095,79.549194
33107,80.387,79.588394
33106,81.659,80.58497
33116,86.311,86.91812
33146,70.385,78.94752
33147,80.455,81.22155
33244,89.705,91.48833
33251,87.077,88.04162
33252,83.341,86.6183
33271,86.588,87.78186
33286,82.127,76.99043
33270,87.955,88.24121
33274,85.65,86.92461
33285,78.897,78.23691
33275,77.744,84.707306
33282,84.666,86.729866
33338,77.741,78.56167
33291,71.909,74.8914
33339,75.537,70.97916
33334,80.856,78.83848
33388,74.21,75.812965
33429,97.801,97.81632
33407,82.566,85.88213
33371,72.434,73.94005
33408,81.387,83.67342
33370,71.936,72.91445
33442,88.474,89.19868
33430,88.697,86.90781
33476,84.452,85.238815
33477,71.237,69.454834
33482,69.712,73.81827
33488,70.225,72.54367
33510,74.939,74.97508
33484,81.894,80.60096
33480,66.331,69.936424
33469,93.195,77.29647
33468,76.491,69.60286
33535,73.436,72.73215
33553,99.961,98.114235
33554,97.748,96.847824
33556,68.791,91.22258
33555,77.881,78.067085
33558,59.032,70.98549
33570,96.538,97.32581
33591,86.981,89.147224
33593,75.473,76.599014
33590,77.771,76.758064
33634,81.207,80.149704
33658,80.302,80.38852
33660,77.146,77.458824
33701,85.294,85.63174
33711,101.094,97.8213
33667,57.82,66.077774
33666,59.804,64.06395
33697,78.421,76.661835
33761,84.265,86.80285
33702,78.112,79.233055
33776,81.347,79.777054
33784,80.523,81.05711
33759,75.717,79.44825
33806,78.494,78.29718
33805,78.137,77.337746
33813,87.916,85.81884
33814,71.065,75.23549
33834,88.023,89.18846
33779,75.974,77.365776
33843,88.751,94.22196
33854,81.594,81.507866
33851,83.654,82.73575
33823,73.272,74.11578
33897,85.667,69.3531
33884,83.296,82.332054
33978,80.976,82.54484
33963,81.572,84.08193
33986,83.188,84.47142
33892,79.01,77.50243
33966,84.614,86.08882
33995,78.678,77.34051
33974,78.781,77.66338
33994,77.661,77.612045
34012,78.966,81.05262
34027,79.096,82.01864
33999,76.74,77.228165
34018,67.725,69.36141
34033,77.696,77.86694
34013,89.33,88.70462
34034,70.23,70.86416
34035,72.631,70.98589
34151,90.003,92.55369
34278,78.772,75.64077
34290,91.942,102.14005
34293,88.806,84.84571
34295,70.844,70.48617
34416,72.824,74.021416
34414,73.179,74.62394
34351,76.775,76.795685
34415,72.448,71.8588
34436,77.908,76.66342
34417,71.115,71.25578
34435,84.98,84.96649
34497,94.049,94.53749
34430,66.09,67.39667
34431,66.554,67.34308
34584,78.777,77.677765
34573,84.974,84.32204
34574,75.449,71.87239
34697,82.603,83.16125
34698,78.294,80.38454
34717,99.011,99.274666
34738,87.93,88.19815
34755,85.182,85.51365
34776,88.918,93.29914
34766,81.799,79.24691
34793,85.923,86.29762
34777,84.442,86.09752
34769,86.33,88.70715
34821,92.387,89.6662
34765,56.592,80.73769
34817,85.776,84.15523
34771,79.952,79.877625
34824,81.764,80.514465
34787,72.181,73.68465
34848,97.705,97.91983
34845,77.94,76.72646
34856,86.823,86.257034
34876,83.554,82.34731
34847,72.858,73.5639
34907,60.609,82.36006
34855,76.17,75.2255
34885,70.751,71.90802
34888,69.061,70.658905
34969,85.641,90.04199
34918,86.215,87.46716
34920,78.961,77.76883
34959,80.803,79.74701
34975,80.001,82.61846
34979,75.896,79.03473
34922,81.212,80.497444
34965,75.801,76.51826
34928,75.127,74.26524
34971,79.096,75.04291
35051,93.063,95.39757
35034,84.578,88.46926
35038,84.196,85.812515
35056,75.716,71.789986
35028,78.516,79.539154
35077,93.896,92.74727
35036,71.101,70.69885
35094,88.095,88.54443
35114,91.264,88.498825
35120,96.748,100.312546
35087,81.512,79.139435
35025,82.434,79.21578
35113,78.591,81.1151
35106,87.094,85.73679
35160,89.339,88.199104
35132,78.63,78.85155
35140,90.734,87.18828
35174,87.309,88.52442
35157,71.955,70.84799
35151,73.488,73.743164
35130,77.798,76.40402
35172,87.059,88.37
35161,75.65,78.27518
35196,91.133,90.8203
35238,99.229,102.94033
35129,77.663,78.768166
35239,88.0,87.19436
35167,74.883,72.805855
35243,81.499,83.08713
35277,71.657,72.730484
35210,71.88,76.42259
35279,63.175,65.075516
35329,86.248,82.9667
35248,75.213,73.954575
35308,78.811,79.318855
35345,91.35,93.45824
35352,88.606,87.92546
35334,83.38,83.378914
35362,92.177,85.138054
35369,97.804,96.620285
35355,81.333,79.40624
35398,98.095,100.77666
35396,80.466,79.36032
35387,82.4,83.48035
35303,63.08,78.906395
35404,83.203,84.71759
35418,81.314,78.91326
35364,72.956,75.16707
35392,66.123,69.4765
35439,72.557,73.6452
35438,81.626,85.83642
35444,85.747,83.75003
35450,80.658,79.10173
35470,86.17,85.70339
35457,89.544,88.4119
35451,85.565,88.26364
35433,70.693,78.79824
35505,95.643,96.06518
35514,95.777,97.99518
35485,76.62,78.392105
35552,83.548,83.90679
35554,76.106,75.81777
35565,82.781,83.48035
35689,91.637,87.0667
35695,94.719,94.29924
35703,93.598,95.88355
35720,92.354,92.14525
35727,93.219,92.60304
35723,72.173,72.041016
35748,66.129,73.32681
35744,61.592,62.813637
35781,85.429,82.54585
35767,76.467,75.68081
35766,74.847,76.24371
35790,92.137,92.15488
35778,75.082,75.59017
35779,85.79,87.02303
35782,84.884,85.48835
35798,82.979,80.41734
35812,76.835,75.62118
35806,78.41,77.63337
35802,67.966,81.119316
35843,90.201,90.60559
35845,78.609,78.73022
35829,81.521,81.30815
35838,85.784,86.680336
35824,81.217,78.655655
35881,95.741,96.45267
35842,78.194,84.38446
35865,113.152,97.52485
35876,86.178,86.88741
35851,63.911,69.21163
35873,76.029,76.126205
35899,71.625,70.92947
35874,82.051,82.17289
35904,83.662,81.429436
35908,89.954,86.67034
35903,74.57,75.91756
35920,81.18,82.60436
35935,85.262,84.854546
35896,74.918,79.19388
35884,80.492,79.838745
35931,81.29,70.29138
35970,78.373,84.621254
35986,91.012,92.008835
35991,85.435,86.56894
35967,82.817,86.525665
35996,87.401,87.59619
35988,79.533,70.50072
35985,77.597,76.42091
36008,89.403,89.8859
36025,84.811,86.98042
36010,81.142,77.59905
36014,79.616,72.27517
35938,61.365,68.63617
35927,73.357,74.64454
36011,80.505,80.808105
36012,75.386,74.68981
36016,82.374,84.666794
36049,80.346,83.8737
36040,72.295,77.100655
36036,83.665,70.73471
36050,77.858,75.623856
36057,79.958,77.978516
36020,76.152,76.9968
36074,90.994,91.12781
36066,85.751,85.843925
36039,74.077,72.499466
36101,98.085,107.04895
36013,77.01,80.43802
36093,78.525,77.92967
36123,92.105,91.32048
36113,77.158,77.86221
36170,90.967,88.52133
36160,83.49,82.91703
36152,90.255,82.10993
36192,68.617,72.438965
36181,75.655,76.223114
36205,92.403,93.52956
36137,70.349,70.34199
36188,76.951,76.2666
36227,93.107,93.896706
36214,77.521,79.85331
36249,93.136,91.826836
36229,80.858,79.476295
36242,80.461,80.32288
36239,71.0,74.28468
36240,69.182,73.08789
36297,82.438,82.13971
36296,76.085,87.95105
36309,79.223,81.641304
36361,86.685,86.470764
36363,73.908,72.12343
36359,82.854,82.755745
36367,76.79,77.78766
36386,93.117,93.71126
36362,81.776,80.837685
36360,80.817,80.99181
36369,75.034,71.915276
36397,81.618,81.34815
36398,77.563,78.23333
36376,76.251,75.53732
36425,93.568,93.35925
36379,75.915,78.38455
36424,93.786,91.28931
36428,73.21,75.94949
36429,73.034,74.07422
36472,78.456,76.89033
36455,86.123,81.920944
36463,89.343,94.769806
36438,70.574,73.73981
36470,78.679,80.55005
36469,84.958,80.857605
36445,76.144,75.69772
36503,77.885,78.07845
36502,76.783,76.91913
36506,81.236,82.894844
36532,89.003,89.53257
36567,100.079,100.41945
36556,91.245,90.5035
36562,80.241,82.25334
36566,93.176,88.08357
36564,93.017,89.84477
36561,92.313,89.63567
36563,81.275,88.33582
36608,76.636,76.944885
36626,72.812,74.94609
36613,75.94,75.40153
36627,78.734,79.17117
36710,66.186,69.239746
36709,75.231,77.78318
36730,81.821,80.32542
36729,83.676,83.83571
36761,80.871,82.33793
36760,80.505,82.44597
36759,79.815,82.09578
36762,78.705,81.47193
36785,81.189,80.216156
36722,71.312,70.93076
36779,76.799,77.56292
36774,75.906,76.98295
36847,83.801,78.37047
36849,76.896,78.28116
36880,79.542,81.04177
36873,79.536,77.27957
36884,79.375,81.45763
36899,76.06,76.23046
36973,79.585,79.92265
37011,88.029,88.46154
37014,89.169,89.467896
37009,94.18,94.567986
37019,84.359,86.20037
37023,78.191,76.59681
37049,74.528,73.529526
37056,82.271,78.865715
37050,74.751,73.59075
37060,74.811,74.24558
37051,73.642,73.170364
37055,80.735,76.91288
37114,89.793,89.72673
37108,86.972,86.85351
37127,75.876,75.47102
37120,81.273,81.82087
37126,75.872,76.87489
37121,77.681,76.77613
37122,79.293,78.29352
37062,74.187,74.906265
37069,72.266,72.41289
37065,75.372,77.031906
37137,95.498,95.42156
37138,82.948,83.48035
37142,93.082,87.461945
37140,85.731,84.086266
37139,83.799,83.48035
37144,82.191,84.45003
37154,79.653,79.47643
37193,88.43,87.10536
37201,93.096,91.91564
37197,88.836,87.71018
37118,76.325,76.821
37206,84.579,83.40885
37184,100.611,102.391754
37190,77.878,76.03239
37213,80.571,79.708664
37236,81.306,82.73725
37224,79.212,77.409
37220,83.311,85.76944
37221,82.426,84.52772
37263,88.306,90.79825
37240,66.55,64.96472
37267,74.483,75.196045
37262,74.831,76.48309
37280,80.11,81.10521
37313,87.008,87.91828
37335,84.375,84.80002
37358,82.865,81.40148
37357,80.986,76.10945
37411,86.918,82.9091
37410,78.807,77.85032
37421,94.478,94.508545
37431,96.035,96.96816
37393,73.36,74.97043
37435,92.135,91.64377
37458,91.064,92.97852
37456,79.902,79.86662
37459,79.119,80.03297
37430,88.188,89.351944
37509,82.506,80.21345
37494,73.177,75.467285
37485,78.561,75.99761
37524,74.39,73.35482
37549,87.953,89.3113
37551,76.691,77.90325
37531,73.386,71.87592
37563,77.727,79.03965
37566,77.149,77.794945
37569,79.507,79.58536
37547,72.188,74.30939
37564,79.186,78.96032
37568,79.725,79.891045
37574,81.268,82.09466
37512,81.758,80.54445
37511,77.529,78.27349
37596,70.34,69.83706
37597,73.358,72.926315
37598,69.088,69.028275
37601,80.269,82.92696
37626,82.685,84.04505
37641,86.773,88.58746
37640,85.744,85.53774
37643,81.446,81.21797
37638,81.95,81.176056
37655,83.869,82.869064
37652,81.055,82.3087
37671,87.633,85.92649
37702,77.257,76.58219
37693,74.959,72.50065
37733,86.117,84.3946
37677,68.824,70.06731
37740,74.526,72.469315
37735,78.701,77.84804
37738,78.132,78.00834
37736,78.095,78.01101
37737,77.536,78.72327
37723,84.118,83.59591
37786,81.985,83.252884
37814,95.827,95.04875
37781,76.844,78.787384
37808,82.975,82.35275
37809,67.802,69.67703
37741,74.003,74.98231
37817,82.899,85.996956
37805,77.897,80.019
37806,80.213,81.62029
37803,77.968,79.58947
37804,80.196,81.85925
37896,75.947,76.887985
37901,85.55,84.46227
37908,79.957,79.81204
37824,67.295,71.34146
37900,84.743,85.58231
37925,62.283,61.289673
37959,82.325,81.425385
37949,88.646,90.89859
37944,79.266,77.39709
37955,71.959,72.93845
37986,88.372,88.049324
37994,79.527,79.47298
38039,79.455,79.66846
38038,78.821,78.94191
38053,76.477,75.52036
38029,83.452,83.34023
38055,76.301,64.72652
38057,80.308,79.52157
38060,78.973,78.322235
38075,82.331,82.76095
38098,87.18,84.998825
38102,85.243,85.249016
38084,80.877,81.527596
38086,86.88,87.25741
38085,85.803,87.18343
38117,68.416,69.89223
38115,69.57,70.557434
38120,78.7,77.247375
38112,70.621,70.25864
38127,74.803,76.174385
38118,70.355,70.59089
38126,73.982,74.24594
38130,72.719,74.23259
38125,71.747,73.47897
38106,71.731,72.48333
38083,77.011,76.38813
38141,82.069,89.75757
38143,81.801,89.72791
38145,83.146,87.99309
38147,81.936,90.35253
38149,85.32,85.76804
38136,71.318,70.44764
38139,78.114,77.73849
38122,67.679,67.286415
38151,76.261,77.030495
38140,70.814,70.31686
38170,78.982,77.5431
38158,76.074,77.289345
38159,74.513,76.743866
38138,69.302,70.10295
38168,80.452,81.514145
38148,74.882,76.570175
38200,82.553,86.05558
38226,89.562,90.65345
38265,75.528,74.80138
38230,74.979,74.23856
38279,84.241,81.84284
38276,69.941,70.76129
38283,79.373,80.84731
38311,89.427,88.98887
38234,68.017,70.907646
38336,71.902,74.69575
38346,87.49,81.3578
38342,84.055,81.72713
38328,57.025,80.9313
38347,84.234,81.7202
38345,87.494,81.92595
38349,83.078,83.48035
38353,82.218,83.073044
38350,82.91,83.157425
38381,82.785,82.19822
38394,78.219,79.7428
38399,77.832,80.42215
38407,86.338,85.35616
38388,65.515,67.61672
38431,97.892,101.26024
38354,77.628,78.53606
38415,83.653,82.27706
38313,71.12,72.535675
38410,77.781,80.16495
38437,63.718,68.188354
38422,74.813,76.20408
38451,77.935,78.63626
38467,82.463,83.35931
38474,76.23,75.847046
38475,76.165,75.69197
38473,73.025,72.763245
38502,72.809,73.58281
38483,87.443,85.453674
38481,86.432,85.1559
38552,81.883,86.08297
38553,58.114,69.33767
38569,81.497,73.767
38564,82.025,81.45676
38575,69.729,82.192856
38563,81.778,81.64129
38591,74.057,77.71064
38594,74.693,78.020164
38602,94.704,80.65858
38611,61.245,60.758324
38593,71.446,75.80528
38596,79.53,78.911385
38560,74.852,77.530975
38641,75.44,75.74642
38648,75.372,73.34461
38608,80.518,79.44545
38675,83.153,84.42107
38688,89.202,90.00432
38674,83.207,83.97282
38695,89.953,89.66075
38689,84.085,83.16767
38692,86.336,84.36131
38673,79.549,80.921074
38699,77.4,75.7439
38696,66.787,74.73935
38712,79.828,79.92722
38719,76.86,77.19602
38729,87.363,91.46884
38766,87.789,86.491165
38778,80.067,80.37017
38787,80.191,80.0529
38786,71.991,71.59766
38804,87.295,87.16282
38811,80.398,81.188324
38816,85.534,85.50839
38813,84.77,84.66518
38833,83.481,81.04758
38832,82.588,81.19641
38844,74.354,75.79227
38851,75.115,75.78735
38839,84.952,87.065834
38873,82.269,81.792305
38802,78.516,82.637985
38878,84.44,85.1772
38876,74.402,77.332214
38852,72.06,73.61154
38882,76.543,78.47591
38880,77.181,76.973175
38881,67.922,68.10103
38893,82.63,81.94008
38884,70.963,73.38124
38924,78.196,79.74642
38872,72.149,71.22032
38942,77.99,78.78892
38945,78.73,78.94972
38943,75.691,77.37952
38949,80.373,78.63804
38952,80.233,79.46628
38948,76.236,77.16615
38972,90.669,87.19066
38958,81.51,82.945114
38950,78.177,76.7067
38990,99.928,97.55535
38911,69.161,67.179146
38988,82.482,83.730156
38967,82.037,78.73105
38978,75.541,73.990524
38987,71.812,72.24095
39024,82.368,81.8645
39044,86.423,85.8024
39043,86.34,86.05793
39045,80.859,78.92605
39087,83.608,82.14836
39073,66.761,70.23292
39074,65.977,70.68876
39120,74.13,68.26534
39135,93.337,93.022804
39127,87.226,85.465385
39159,84.024,83.1034
39116,72.854,63.0793
39172,79.521,80.724754
39151,62.861,64.518715
39169,82.471,82.39151
39177,63.584,69.76658
39174,79.119,78.93446
39176,70.447,72.89627
39192,74.211,73.28712
39195,84.367,83.570526
39193,85.22,82.300934
39175,71.095,72.37453
39194,70.935,74.015976
39203,78.554,78.75088
39225,73.181,74.71199
39312,91.617,90.134056
39302,88.948,92.299545
39226,69.904,74.52012
39559,93.118,94.17225
39620,92.852,93.038
39571,76.82,76.97617
39572,76.109,74.30529
39604,80.108,78.276146
39658,86.291,86.78828
39657,86.556,87.49467
39685,82.002,82.236694
39693,93.624,93.56956
39687,86.483,87.69899
39699,80.066,80.819016
39673,87.093,86.56674
39721,92.985,93.9861
39716,92.055,90.54203
39666,63.356,76.13252
39684,66.17,67.847404
39739,97.462,98.52586
39812,84.409,85.40235
39829,87.851,89.24908
39817,87.395,87.71009
39847,70.528,73.839325
39848,71.722,74.79734
39849,72.046,73.766
39845,78.649,78.50702
39850,81.75,80.684456
39854,71.361,71.91864
39874,72.761,75.19751
39875,71.01,73.37851
39871,71.53,73.0336
39870,71.016,72.75827
39924,76.944,76.91076
39940,87.272,86.38424
39926,76.278,75.660965
39923,71.449,71.42022
39891,75.304,76.560715
39908,76.643,78.5657
39944,83.213,83.603195
39983,89.927,91.2816
40007,74.094,68.33897
39945,64.448,64.49084
40005,73.999,76.83348
40001,80.422,82.67278
40018,68.222,72.482574
40038,87.532,89.53563
40041,79.958,79.62376
40051,82.827,85.664604
40032,70.465,73.95521
40031,77.645,77.6891
40039,73.217,74.78908
40060,81.762,81.82499
40040,77.443,78.46431
40072,82.646,82.14539
40106,90.326,86.63245
40096,90.513,90.11997
40087,81.559,79.368645
40091,77.225,76.49852
40101,62.204,66.75453
40102,63.468,66.63451
40180,84.559,84.84014
40086,72.322,70.34499
40107,76.885,77.473175
40099,75.2,75.701294
40423,98.392,97.96137
40428,95.787,96.22913
40436,94.384,93.61061
40508,94.349,97.43014
40691,97.392,95.927536
40685,95.972,94.687164
40788,93.877,90.2556
40755,70.536,73.494064
40812,86.451,86.255875
40964,82.985,82.83558
40977,102.692,103.7948
40939,80.602,80.0956
40992,77.097,76.398926
40993,75.351,76.261116
41040,85.825,83.89283
41070,67.011,69.21764
41100,89.122,86.78373
41088,86.594,84.787704
41114,82.775,83.69856
41093,80.097,80.32019
41129,82.421,82.95627
41108,75.009,80.74391
41105,70.617,77.74803
41141,80.185,81.514885
41142,81.435,83.03569
41139,78.518,78.0469
41152,83.22,83.48035
41166,82.226,83.51561
41182,79.108,77.68669
41174,78.561,76.634056
41187,69.047,75.62466
41220,84.544,82.75797
41171,78.779,79.38434
41225,88.715,90.63395
41216,71.108,73.06467
41218,74.029,72.03655
41243,84.227,84.421814
41233,83.44,84.23109
41250,89.644,88.03422
41241,74.049,72.44526
41272,88.447,90.17026
41268,79.758,80.71582
41271,88.327,89.24676
41260,80.464,81.39177
41261,77.828,79.69749
41283,76.86,78.12565
41284,76.61,76.954575
41352,99.215,98.43488
41353,97.527,98.27678
41319,77.585,77.903595
41348,68.78,69.87022
41329,72.893,75.145584
41386,81.226,80.89819
41383,75.666,74.71681
41402,70.532,70.71489
41436,58.82,93.50831
41450,77.936,77.002655
41458,86.492,86.77524
41492,81.755,82.25057
41491,73.958,74.63251
41530,85.114,85.80775
41495,75.97,76.43043
41543,88.309,88.77777
41540,87.336,88.60073
41561,81.277,81.48238
41562,80.343,79.070526
41587,69.708,73.16733
41649,88.623,90.19351
41644,79.415,80.627426
41655,81.215,80.431564
41650,85.67,87.046585
41629,80.067,81.03182
41666,86.701,87.68238
41641,62.996,64.978775
41656,78.342,78.11352
41646,72.024,73.298775
41676,86.959,87.23533
41691,82.37,81.73828
41692,80.559,80.347946
41687,81.351,78.775505
41693,81.791,81.15449
41694,80.741,79.93567
41696,74.889,75.41902
41697,74.392,75.85751
41680,83.194,80.29212
41701,72.896,74.84997
41702,71.799,73.10722
41708,88.244,87.740944
41705,80.309,81.68387
41712,88.747,89.673195
41677,70.4,69.182724
41713,87.597,88.07585
41720,87.641,89.0758
41717,87.731,88.53472
41732,91.574,91.081024
41725,87.613,87.54187
41740,68.793,70.958336
41770,87.753,85.04343
41759,87.692,88.002945
41706,69.904,71.18787
41741,77.126,77.95445
41794,92.211,90.30243
41786,91.219,90.26144
41756,77.01,77.237076
41814,77.118,76.38696
41817,86.955,85.642876
41818,85.53,85.359985
41820,75.707,77.27913
41824,75.091,76.39267
41843,81.512,78.33182
41880,68.368,74.092514
41873,79.091,79.8096
41891,60.546,63.355415
41863,71.154,74.98944
41894,60.46,62.84285
41913,89.202,91.58305
41895,61.065,63.523098
41909,79.449,82.19255
41903,75.868,76.47769
41916,81.146,82.195076
41917,70.738,72.35829
41914,71.293,73.84346
41945,80.311,81.09991
41947,79.201,80.00495
41949,78.855,79.648506
41950,79.162,80.5504
41948,78.174,78.72172
41953,79.644,85.79949
41959,81.285,80.16204
41964,80.554,79.89843
41961,79.841,78.33843
41971,80.119,79.79148
41930,80.204,76.11313
41976,79.814,79.89294
41974,79.522,78.20271
41975,78.082,77.86495
41985,75.443,75.01281
42006,83.128,86.07366
41993,74.306,77.16924
42005,77.427,79.80304
42017,82.915,84.76335
42016,77.565,80.15154
41987,74.734,75.66289
42040,84.757,86.15336
42038,81.638,80.13237
42055,87.017,89.45705
42061,84.272,83.945854
42060,82.524,84.71818
42043,81.52,83.84915
42041,76.495,77.364845
42083,88.351,87.970406
42057,76.015,78.24798
42101,90.49,89.77348
42085,90.776,91.39351
42097,82.579,82.42335
42090,73.144,73.534966
42112,86.646,86.90439
42064,80.723,81.183846
42125,81.268,90.301346
42141,87.495,85.20356
42140,80.227,81.08328
42151,84.339,84.312065
42135,79.859,80.911934
42147,77.498,77.87172
42149,81.266,82.71496
42184,75.221,75.56828
42188,85.196,85.1746
42166,67.248,66.04424
42121,75.339,74.69077
42208,76.05,77.87162
42120,81.282,80.73033
42207,79.653,80.48859
42206,78.247,79.33593
42250,74.387,68.031815
42271,88.973,87.1901
42272,86.459,87.30354
42273,86.408,86.303635
42296,74.192,74.1102
42212,71.927,73.094574
42299,81.241,84.41518
42297,64.594,66.958206
42342,81.156,82.13232
42339,80.521,80.08342
42359,86.447,86.56874
42356,80.226,81.331024
42354,81.633,82.096985
42335,73.175,77.808754
42419,84.312,84.31688
42407,96.36,95.63357
42430,77.37,75.82419
42287,82.129,82.44451
42434,75.639,77.174805
42443,76.032,77.0454
42437,76.032,77.31723
42450,76.107,76.961845
42446,76.478,76.52616
42491,90.101,90.22023
42452,76.336,75.77722
42502,83.797,85.35054
42499,85.702,86.56304
42476,57.05,72.92631
42537,76.755,75.211464
42577,90.089,89.997154
42585,81.27,80.832184
42590,91.665,93.86796
42591,96.405,95.45305
42572,75.578,76.354836
42593,84.616,84.23899
42604,94.497,85.11403
42545,74.195,73.73347
42539,73.811,75.41897
42616,74.614,70.03896
42624,75.013,79.72888
42613,86.472,88.04877
42640,62.395,61.06658
42710,78.793,78.36689
42738,89.913,88.73856
42708,75.364,74.772125
42732,94.149,94.48208
42723,76.365,75.3139
42769,81.098,84.741196
42766,72.653,75.608826
42765,75.227,76.042595
42785,86.106,86.64796
42801,80.37,80.332245
42800,80.297,79.99289
42802,78.574,77.993576
42807,73.224,73.466644
42790,72.574,71.69052
42830,81.954,81.405426
42791,70.72,65.5373
42856,79.647,79.31399
42874,79.5,80.563156
42868,73.858,72.83861
42930,93.851,88.69532
42989,79.204,88.17352
43011,89.834,88.720245
43016,85.568,85.288895
43018,81.327,79.542816
43019,78.765,79.33754
43001,80.144,79.89496
43046,77.811,75.35637
43047,77.25,77.404526
43057,86.242,79.217
43053,77.276,78.67381
43076,67.19,82.29237
43099,88.59,90.41222
43055,70.657,72.75844
43032,57.234,67.52997
43105,80.207,82.15718
43121,65.707,77.57884
43122,72.189,73.827774
43130,73.622,76.31203
43140,75.28,78.4917
43133,74.424,73.88289
43129,71.486,75.51976
43127,71.828,72.860504
43176,90.64,88.92687
43134,72.255,75.851
43172,85.858,86.13725
43182,72.637,76.82754
43193,82.074,80.902725
43195,75.654,78.533455
43180,85.081,84.945274
43191,71.347,71.0417
43150,86.609,83.90211
43205,88.243,89.261
43203,92.086,91.17974
43240,80.599,80.8834
43262,87.538,83.822
43243,78.246,77.83053
43276,84.919,87.73671
43265,81.745,78.69162
43285,85.977,87.283035
43286,85.247,86.13324
43293,85.019,86.51982
43288,81.392,84.538124
43292,80.024,83.74066
43287,81.903,84.90997
43263,76.692,77.45101
43309,83.631,85.007675
43294,82.877,85.749374
43290,80.477,84.17332
43295,81.106,85.14248
43302,81.062,84.07143
43297,80.936,84.754875
43308,81.517,83.83015
43321,70.3,67.937996
43289,67.481,69.91113
43291,65.394,69.72046
43304,72.356,72.33626
43330,76.618,75.80993
43363,95.928,96.612526
43337,78.502,77.225685
43355,87.307,84.24114
43338,76.897,77.921265
43339,82.441,80.75456
43341,86.518,85.56061
43380,95.885,93.65287
43360,82.061,79.53087
43374,79.655,78.763115
43378,73.925,73.65574
43397,69.331,68.527954
43409,80.125,86.12965
43398,68.654,68.67334
43375,76.25,73.1616
43415,88.164,88.091385
43408,74.136,78.4178
43377,73.173,70.82571
43417,80.564,80.64119
43430,88.883,86.84845
43385,75.07,73.21322
43418,79.972,79.33144
43399,70.387,72.63744
43434,90.177,87.90757
43433,89.269,87.0608
43439,87.746,85.16661
43440,87.461,85.156075
43413,67.896,65.98833
43479,75.816,81.29812
43481,89.848,90.42271
43470,90.286,90.68749
43492,79.088,78.438126
43498,95.593,95.36747
43497,91.741,92.7864
43412,68.255,68.64426
43531,60.096,61.16124
43524,86.991,86.654686
43585,98.214,98.92847
43589,95.25,93.9438
43526,76.817,76.95227
43617,95.963,98.33805
43580,80.351,79.49649
43621,93.807,98.3559
43624,95.709,98.63719
43620,93.56,97.97801
43622,92.429,96.12051
43618,82.717,82.28889
43584,81.684,80.46826
43582,78.32,78.25599
43631,86.523,84.71835
43611,81.188,81.5194
43614,65.023,78.28899
43638,79.364,79.769806
43613,77.217,78.69185
43583,82.111,78.668686
43628,79.293,79.32979
43632,77.967,76.045425
43641,69.316,69.64077
43633,77.127,76.0673
43642,70.337,70.62557
43643,69.925,70.285126
43649,75.299,69.96936
43653,64.385,69.95044
43659,84.475,77.46464
43687,95.69,96.168465
43686,95.178,95.301346
43690,95.738,96.168465
43608,68.736,73.792145
43723,87.567,91.42401
43670,71.024,72.47661
43717,87.765,85.43756
43667,62.663,68.604416
43669,67.917,71.50962
43741,92.155,90.58301
43748,85.721,84.79094
43751,78.631,77.32657
43740,73.133,74.25801
43785,93.806,94.46307
43795,94.942,94.350685
43788,89.238,86.7246
43790,90.309,87.825714
43747,77.595,75.73483
43808,71.917,70.86372
43876,80.435,80.88181
43910,93.197,92.60897
43922,82.602,84.961716
43933,83.973,87.39094
43936,72.143,73.96525
43939,85.265,85.59135
43931,76.288,76.8549
43971,93.534,94.20536
43940,72.158,73.37723
43978,86.685,85.38875
43980,85.954,84.602936
43964,75.218,74.79387
44011,90.497,93.3062
43976,77.679,79.349884
43990,74.913,77.03518
44059,57.651,64.24742
44060,57.647,63.380325
44012,73.433,70.25958
44102,87.175,84.868996
44121,94.433,94.71924
44083,79.82,79.96188
44093,65.253,68.389465
44087,72.674,73.42732
44123,76.372,76.85318
44163,77.611,77.336845
44166,78.383,80.96808
44165,82.056,81.765816
44155,78.955,79.140434
44210,93.546,94.21954
44206,82.517,81.80443
44203,82.625,85.64163
44147,75.747,76.17049
44228,58.281,81.829605
44241,77.992,79.95551
44240,76.482,73.35687
44243,77.743,80.13223
44265,96.188,97.39873
44261,88.128,90.5184
44242,77.977,80.03723
44270,73.374,73.994255
44263,81.455,80.37085
44290,94.214,91.17237
44260,80.89,79.36506
44272,77.899,78.001205
44325,84.123,80.11361
44336,78.086,79.118004
44368,84.316,84.147194
44316,60.553,74.206436
44385,94.363,93.549034
44369,73.602,74.64168
44337,73.409,65.49503
44338,70.017,63.256912
44390,79.861,66.1514
44392,82.191,65.80529
44402,82.664,82.06638
44405,82.068,78.98284
44404,82.626,78.67603
44387,80.73,79.82758
44415,87.073,87.23273
44436,78.811,78.89523
44434,84.133,80.54665
44448,84.643,80.864685
44447,70.857,74.26261
44450,69.822,74.91418
44488,76.466,76.32242
44458,70.804,75.58221
44428,84.188,83.73871
44512,78.019,79.577385
44511,77.102,77.35596
44456,77.204,78.05248
44513,76.918,77.23715
44510,76.613,77.17842
44544,88.114,87.82748
44542,83.173,86.788025
44550,79.108,79.20675
44548,79.703,81.66822
44549,82.458,81.46193
44566,78.664,78.39035
44571,79.84,79.43828
44567,78.237,79.55411
44580,79.103,76.56983
44573,79.698,79.14369
44588,90.455,90.60765
44568,63.892,77.543045
44565,61.631,75.668686
44603,82.034,81.72953
44598,76.31,79.05711
44609,79.835,80.506775
44621,88.242,89.85808
44582,81.578,78.12096
44633,80.596,80.869576
44632,80.27,80.79973
44696,78.273,78.138306
44702,74.113,76.43483
44703,79.669,80.23231
44695,81.021,81.358696
44622,77.37,75.61108
44713,79.118,79.39519
44719,76.233,77.893745
44724,79.021,80.931946
44736,78.889,79.606895
44734,77.307,78.627945
44737,77.53,78.06499
44741,80.336,81.177216
44753,81.933,84.8397
44750,78.272,79.10555
44744,79.528,80.00554
44743,76.489,77.28617
44758,82.818,83.33227
44767,80.671,81.608246
44760,80.931,80.45119
44761,80.913,81.00231
44777,79.538,81.421104
44791,102.055,99.319084
44828,80.525,80.844185
44820,72.093,73.65799
44841,89.718,89.056725
44829,76.957,79.29802
44831,75.374,75.839714
44844,75.637,70.854
44878,87.182,87.6599
44858,73.802,76.372795
44902,77.249,75.42641
44898,60.17,79.19737
44927,89.6,70.15921
44906,81.328,80.33214
44903,74.56,74.91835
44899,82.288,79.536865
44933,77.671,82.672295
44953,90.09,90.9541
44934,87.36,79.572334
44951,77.989,78.07752
44973,81.516,82.53347
44972,80.932,81.85935
44981,78.211,76.36449
44984,75.757,77.20324
45001,81.764,84.6663
45004,77.627,82.08488
45003,67.592,65.40551
45189,84.108,83.48035
45205,68.892,70.35141
45123,73.022,74.00515
45211,74.266,74.4371
45235,74.635,76.57087
45395,76.031,73.821045
45450,76.355,75.757095
45483,88.377,87.64419
45495,86.699,84.63681
45503,86.188,84.70391
45467,73.047,73.348175
45517,77.122,79.4993
45506,85.511,85.15184
45498,71.775,72.95589
45505,85.169,84.49787
45497,71.746,72.81218
45518,81.251,79.83326
45504,70.166,82.47458
45549,74.423,73.953094
45532,77.954,78.11904
45565,75.032,71.648834
45554,75.778,76.54045
45535,75.619,73.98136
45541,80.659,81.91391
45564,74.82,63.833305
45553,75.47,78.51544
45567,67.05,71.37993
45571,74.61,76.1114
45572,71.572,73.38778
45590,70.492,72.9879
45606,74.569,74.57445
45605,75.875,74.74518
45589,74.323,75.832466
45607,74.385,77.1367
45617,59.058,67.23398
45616,64.419,70.730896
45629,66.212,69.66322
45630,65.035,64.636284
45635,64.745,71.11058
45636,67.036,69.994965
45656,84.838,88.142624
45677,90.764,91.785255
45687,84.412,84.07851
45689,83.865,80.4244
45695,86.885,88.19493
45712,89.399,79.80842
45680,71.645,81.94032
45646,73.231,76.308395
45711,72.959,74.88182
45716,74.037,73.94683
45741,96.809,96.63226
45690,72.429,67.56128
45733,71.75,67.396706
45751,77.683,78.16729
45762,86.036,78.39417
45766,73.776,81.369415
45734,78.261,70.841255
45756,82.45,67.55503
45761,65.265,70.730804
45759,80.962,66.48988
45764,81.398,65.07539
45754,80.39,65.831795
45796,75.318,76.71718
45791,73.443,75.33836
45752,78.514,71.45746
45760,80.246,67.44293
45806,68.237,87.47947
45810,76.577,66.02427
45813,78.884,81.97015
45822,83.632,81.87449
45804,73.183,73.766975
45821,77.446,76.67519
45800,72.331,75.536476
45802,72.29,70.16841
45862,79.248,76.57657
45848,111.588,78.54203
45818,74.803,73.03971
45871,78.378,79.5463
45858,107.767,76.0611
45896,89.722,89.17784
45886,71.355,73.01236
45883,80.139,75.98074
45824,97.798,75.1738
45931,72.848,78.57638
45918,76.73,76.86692
45941,67.775,66.08548
45958,65.078,64.759155
45995,79.199,82.65279
45996,83.375,83.01609
45997,80.494,82.26388
45972,79.157,79.88696
45987,68.491,68.81419
46011,86.929,86.069695
46009,86.317,86.630394
46000,82.501,79.46349
45998,82.236,81.74327
46031,76.763,74.907036
46050,85.564,88.642334
46025,80.223,79.574814
46032,81.839,80.5751
46079,85.07,82.97232
46069,79.523,77.59288
46099,90.701,90.1177
46091,80.836,81.8269
46107,91.429,87.260216
46108,77.928,77.47766
46119,73.893,73.987885
46086,65.846,68.01135
46125,87.385,79.13872
46123,78.792,77.107414
46112,71.714,77.752914
46139,76.062,77.68239
46179,82.062,89.43329
46150,74.414,73.098175
46180,94.398,93.428604
46171,72.191,69.2722
46213,94.019,91.10731
46233,75.94,76.73285
46265,92.103,91.093666
46243,79.805,82.274025
46273,81.329,76.755394
46234,75.453,76.09256
46293,87.391,86.26082
46297,87.587,88.662834
46276,74.924,72.55455
46295,70.886,72.99366
46219,72.808,73.336365
46330,83.714,85.40561
46300,64.052,67.85324
46301,66.009,67.813644
46291,69.685,70.75246
46298,69.496,70.44099
46336,77.874,77.42915
46313,75.746,81.14215
46364,84.002,81.454285
46377,74.727,70.94188
46376,74.943,73.89313
46429,76.737,76.672485
46485,83.822,85.022575
46508,81.492,81.92331
46513,78.776,77.7594
46499,84.76,82.59224
46515,71.02,74.79472
46484,75.626,76.10249
46489,72.428,72.43047
46519,98.21,82.058464
46501,73.604,74.763565
46406,72.24,68.40831
46504,73.648,75.28149
46529,76.128,73.9418
46539,69.354,67.95503
46542,78.992,75.319824
46541,78.895,76.18441
46634,88.551,76.36389
46553,76.35,80.81578
46653,80.002,79.76117
46676,75.834,78.81883
46659,69.586,77.77053
46672,77.179,77.46101
46660,70.406,69.04757
46656,71.796,69.91754
46655,72.768,78.2035
46689,83.923,79.04138
46673,77.478,79.592705
46662,79.927,80.078186
46697,73.688,76.063934
46709,76.393,78.680756
46702,75.049,73.332924
46748,74.041,76.7002
46787,73.74,73.897514
46804,93.914,91.61781
46810,86.533,87.05672
46798,73.347,76.89026
46815,83.356,86.401405
46768,76.958,78.550735
46823,82.001,82.672035
46847,90.741,89.3887
46853,68.0,69.971924
46854,64.741,68.54795
46889,72.94,74.036705
46883,87.84,86.70422
46917,77.221,79.28494
46942,78.521,78.09381
46964,91.168,90.203766
46954,80.131,81.24326
46938,69.864,73.586105
46918,81.056,72.75091
47039,96.457,95.21515
47046,80.247,80.663414
47070,82.583,82.64767
47065,74.036,79.80311
47055,79.701,80.4164
47002,78.746,80.564804
47077,79.775,80.28412
47063,80.787,81.15798
47089,80.297,80.21036
47064,79.881,81.78446
47106,94.611,95.62965
47093,81.95,81.50268
47102,73.434,73.90799
47098,81.155,81.36774
47096,71.121,69.74056
47115,81.275,81.3429
47141,94.438,93.65958
47125,63.571,76.614296
47069,81.129,81.762024
47143,60.857,73.62176
47148,63.25,63.097572
47198,93.28,91.13795
47158,75.27,78.04768
47136,77.574,73.514336
47160,76.147,74.073685
47201,80.853,79.91934
47171,73.704,78.24562
47170,75.013,77.88846
47159,75.682,75.62328
47216,76.871,77.11048
47231,78.681,79.614
47220,66.572,73.59645
47218,69.255,75.300255
47245,81.272,81.561134
47255,78.058,78.86772
47259,81.53,84.593864
47246,81.421,81.82378
47264,76.627,77.80482
47302,94.904,94.63852
47297,75.256,78.34579
47299,76.151,78.96286
47304,92.425,91.77953
47301,75.664,77.707954
47268,78.426,77.875824
47296,81.838,76.58978
47263,77.837,77.539665
47332,82.25,81.19499
47272,77.389,76.55582
47274,76.915,77.387924
47295,71.187,76.03598
47329,85.211,84.462166
47319,85.943,82.8139
47344,75.573,76.401596
47359,85.073,85.70126
47366,89.78,92.18631
47369,88.846,90.62978
47371,81.19,83.17328
47354,62.653,61.869663
47374,76.703,76.499695
47357,57.845,73.44072
47358,63.873,69.05999
47387,87.164,83.50003
47360,79.333,79.870514
47294,73.099,65.33186
47398,75.632,76.777695
47381,75.571,76.12503
47394,70.761,78.727974
47405,84.551,81.69278
47404,84.353,80.660194
47408,77.79,73.17496
47424,75.224,74.549774
47446,79.692,78.7522
47451,76.111,73.164764
47466,69.322,75.83098
47458,75.26,71.66898
47481,77.432,77.659584
47493,82.418,83.42508
47526,96.46,95.34489
47496,82.38,85.43903
47510,66.57,65.11844
47515,68.169,68.406815
47506,70.742,67.80628
47519,90.37,90.95034
47511,70.612,66.13585
47498,74.85,71.84789
47546,84.737,82.777756
47525,72.967,80.16998
47533,77.382,80.33322
47568,75.348,72.35455
47553,68.304,70.1823
47530,69.695,72.31499
47558,75.743,77.38817
47597,83.618,83.721146
47655,79.884,81.21732
47615,65.76,68.532646
47664,98.32,92.390564
47650,80.143,82.92342
47686,85.587,86.08006
47609,66.85,71.11819
47678,76.566,79.26887
47701,81.284,85.90924
47705,78.629,77.207214
47776,85.239,85.63196
47768,76.065,77.85074
47785,78.273,80.01809
47786,83.441,85.62745
47787,79.354,81.66697
47790,78.323,81.44324
47780,74.467,74.245056
47769,72.181,65.08283
47797,75.332,76.75428
47821,85.144,84.295616
47823,85.906,85.73602
47822,79.85,79.803505
47805,72.624,74.131035
47831,86.111,84.059
47819,73.749,72.197075
47818,61.501,62.00936
47844,74.18,74.61013
47847,88.837,88.70606
47837,77.94,74.30682
47853,87.947,87.34164
47864,81.047,80.700935
47867,75.016,75.64558
47881,79.598,80.1802
47882,80.014,79.80683
47884,88.64,89.58342
47892,69.657,68.407616
47893,71.981,73.908394
47839,77.55,77.39841
47859,70.2,76.868065
47890,73.964,72.36148
47888,68.482,69.66238
47933,80.282,80.111176
47953,89.918,86.83557
47961,85.49,84.70968
47981,78.74,77.77841
47996,78.654,79.67987
47999,74.283,76.10113
47990,74.885,77.06287
47995,74.642,77.89893
48008,78.21,76.48941
48006,74.699,76.858406
48036,87.694,88.12695
48049,89.566,87.81944
48047,89.999,90.37115
48033,76.964,80.14237
48045,75.408,78.151794
48042,75.032,79.24658
48067,83.763,88.47282
48072,81.929,83.237366
48069,74.563,75.84091
48065,68.542,73.15408
48023,68.715,67.656425
48066,71.648,69.07903
48068,75.396,76.73135
48082,74.89,78.08082
48077,71.177,75.39709
48085,69.275,73.6384
48086,69.08,73.5205
48091,67.951,72.60606
48111,81.607,84.06916
48100,65.233,69.0142
48113,82.058,82.617546
48117,81.61,82.46531
48112,79.999,82.25082
48116,80.939,82.260445
48119,81.474,83.48035
48063,71.109,69.845
48114,82.148,82.26569
48118,81.275,81.82814
48109,74.128,75.86853
48152,75.275,74.62538
48175,80.774,78.87472
48180,81.603,80.02316
48183,83.652,65.45672
48173,75.566,76.66802
48264,67.454,64.995804
48314,90.998,88.91324
48311,78.765,74.75738
48329,74.135,72.71893
48297,75.014,68.60065
48304,77.709,78.10899
48328,77.757,67.63722
48302,76.438,76.31095
48345,94.153,96.33932
48322,78.458,77.3273
48332,85.593,85.49867
48327,77.304,76.46922
48334,79.661,80.198135
48336,72.978,74.50119
48367,86.736,81.80816
48380,86.887,83.22395
48395,74.776,76.1158
48411,83.739,84.22845
48406,80.821,81.85864
48407,84.852,86.16094
48412,78.808,77.60247
48396,74.569,75.51684
48418,84.032,85.22944
48425,80.761,80.33836
48426,81.162,83.07947
48427,80.47,80.17492
48448,75.406,78.9282
48469,86.141,84.79006
48497,91.501,91.06062
48457,68.285,70.50147
48432,81.007,77.950005
48499,77.086,79.66224
48518,90.957,92.17218
48517,92.068,92.4449
48511,83.035,84.450005
48502,71.965,73.573204
48538,78.526,82.24765
48546,80.921,74.83934
48515,82.671,82.06412
48542,63.604,65.155106
48572,91.665,92.97092
48571,73.511,72.22926
48579,88.159,87.50308
48582,82.326,80.86451
48592,70.457,71.16736
48576,79.941,82.660645
48616,79.598,79.205925
48607,71.472,73.02121
48618,66.229,66.34041
48649,80.2,75.48403
48653,72.372,74.73189
48632,74.831,75.905075
48712,89.1,88.14343
48713,71.051,74.39027
48750,81.469,80.43143
48765,77.063,78.83661
48812,85.233,85.17087
48779,74.321,78.66389
48827,79.554,75.98154
48780,79.522,80.571175
48825,84.942,85.23899
48826,77.604,79.03877
48808,76.212,76.59543
48823,83.719,84.6577
48843,79.505,76.2866
48851,82.219,77.058426
48871,79.989,82.230774
48875,77.113,76.227295
48898,85.106,86.2797
48859,81.359,79.65013
48876,82.483,82.26901
48878,79.624,80.655785
48877,82.322,81.750694
48936,75.095,76.21015
48958,76.135,77.427376
48952,80.356,81.2346
48884,78.906,78.01862
48993,85.077,84.18499
48951,68.45,70.26154
48980,83.477,81.97797
48976,83.045,82.27264
49045,77.026,77.77993
49029,106.995,97.9137
49049,79.097,79.63069
49030,74.5,83.18175
49054,72.921,74.44915
49041,77.987,76.83747
49043,58.278,60.520256
49073,77.035,74.976364
49085,76.869,77.35336
49126,86.05,87.063644
49119,90.006,91.05678
49122,88.971,88.92632
49130,86.592,86.094315
49107,81.508,81.19187
49093,83.126,84.9552
49140,86.612,87.821465
49146,85.348,86.72758
49138,84.439,85.18579
49142,84.502,84.134575
49150,85.639,86.42167
49151,85.971,87.89424
49160,91.617,93.115845
49191,94.288,97.0287
49183,89.808,87.12362
49188,85.6,80.757835
49157,87.152,87.76599
49198,87.799,87.95914
49193,81.135,79.008194
49226,80.392,59.123886
49206,87.004,87.24056
49106,65.152,68.87703
49105,66.045,69.581985
49245,89.453,93.41998
49256,90.477,89.570076
49240,80.95,79.89787
49265,88.258,88.81889
49266,85.023,85.52724
49269,85.547,85.123825
49293,86.951,86.66633
49305,77.64,87.83933
49278,73.593,72.23666
49294,85.039,84.85543
49299,87.559,82.04628
49298,80.633,84.16043
49309,75.535,77.63912
49304,78.942,80.19546
49341,94.754,94.99393
49342,94.612,95.707855
49344,81.667,82.24075
49338,90.433,93.07126
49343,79.754,81.450226
49313,75.436,77.46328
49386,89.849,88.64941
49389,75.119,76.83615
49391,82.495,84.490395
49414,85.316,82.54702
49406,83.526,82.69725
49358,75.858,75.56131
49416,84.096,86.36928
49437,89.431,89.01468
49421,82.225,79.713
49441,78.235,76.52206
49456,76.839,75.82911
49454,76.519,75.43027
49476,91.287,90.79277
49462,73.017,74.620895
49484,78.727,70.96221
49458,73.772,72.604774
49515,92.792,93.422005
49495,71.687,73.833786
49504,74.833,77.60521
49507,73.785,67.84159
49523,72.068,68.47893
49526,82.243,81.48225
49508,78.646,71.31823
49517,82.838,83.500015
49536,75.168,79.394394
49528,75.553,76.79368
49541,80.148,81.96639
49548,81.76,82.80074
49555,81.532,82.20369
49546,79.244,80.91483
49567,82.558,86.157684
49583,75.577,76.966934
49571,77.825,78.25274
49573,76.786,78.30405
49582,75.002,75.391075
49574,84.235,77.77125
49577,76.954,78.57938
49597,82.805,84.43791
49575,78.151,78.447495
49624,89.662,86.51815
49607,75.294,76.523895
49616,85.623,84.01748
49610,80.26,81.831924
49578,79.237,77.691795
49606,75.577,73.158424
49611,78.25,77.986946
49641,85.383,85.338066
49664,90.25,79.12502
49643,77.171,74.68144
49657,80.863,83.10297
49600,82.366,80.51804
49727,93.121,92.75784
49662,71.392,74.08526
49692,66.022,70.40506
49741,92.016,90.545715
49753,84.024,87.06478
49740,79.731,79.05312
49737,86.046,85.252495
49764,95.824,97.4826
49733,74.073,73.35614
49770,80.848,80.925644
49768,80.483,75.17012
49766,61.862,71.38306
49691,68.352,68.22539
49790,79.679,76.3253
49794,83.79,75.11596
49797,79.7,77.464714
49815,84.261,87.83066
49779,62.104,66.866455
49831,79.329,79.07607
49800,78.746,74.48554
49835,74.561,74.966835
49776,73.919,75.7809
49840,81.687,80.22751
49830,79.517,78.33286
49832,79.963,78.51211
49842,81.892,80.264145
49829,79.595,79.871864
49890,80.448,81.30275
49884,77.863,81.705215
49893,73.344,75.75912
49896,84.226,83.37808
49859,78.536,80.55539
49834,63.094,67.87714
49888,78.088,78.6911
49903,58.836,65.90506
49885,74.438,77.21287
49923,74.921,74.65173
49933,57.427,69.66851
49941,58.727,65.493355
49940,77.607,68.59709
49935,71.74,70.922775
49982,88.921,88.95863
49919,74.164,73.228516
49983,86.168,87.205864
49967,71.149,68.19509
49999,82.118,86.22605
49989,79.429,79.8358
49976,88.35,82.422935
50004,84.836,84.932755
50019,90.853,89.67407
50020,90.392,88.27744
50001,88.619,89.59455
50007,70.935,73.96663
50052,79.005,78.19515
50033,75.923,78.35312
50062,88.416,87.02626
50041,88.163,89.819565
50032,74.726,74.42848
50071,91.845,90.427216
50055,87.127,87.21839
50082,87.51,87.58983
50084,88.765,89.9886
50063,73.987,72.444984
50068,73.727,81.27216
50085,76.234,75.66519
50066,73.189,79.33798
50024,67.306,70.87053
50143,89.662,88.96343
50145,84.483,79.17489
50146,81.706,82.50752
50150,68.783,69.280525
50173,60.821,58.26124
50177,61.056,56.05767
50183,83.683,81.58988
50167,71.281,69.053505
50178,61.59,61.22416
50204,80.25,79.54491
50205,83.343,82.78485
50220,80.154,77.53619
50218,80.874,79.67067
50226,76.147,77.93406
50195,71.478,76.498245
50197,79.595,81.72331
50196,79.523,77.651184
50245,83.722,85.950455
50263,84.375,84.01191
50265,80.064,78.45805
50264,83.422,82.45697
50258,81.666,80.55728
50267,83.297,83.52016
50243,78.006,77.66458
50268,82.478,82.05766
50261,74.048,68.8369
50225,80.374,77.2173
50235,73.032,59.67885
50238,71.694,72.19452
50257,64.397,72.520905
50301,87.349,86.852066
50280,73.854,73.00713
50306,86.685,84.595795
50270,80.486,74.7952
50303,81.766,80.42636
50284,74.336,75.419235
50350,90.578,90.63908
50361,87.541,89.478386
50352,88.329,87.45845
50376,82.796,84.28009
50364,83.351,71.370285
50379,66.402,67.40551
50382,83.297,81.86206
50394,81.69,81.42481
50427,95.857,96.969955
50409,77.777,77.95882
50403,72.528,74.54359
50453,93.559,95.52798
50449,80.61,80.34294
50476,90.487,89.64985
50469,72.197,76.58353
50475,86.646,86.841545
50480,85.447,83.78913
50493,82.456,79.63379
50494,79.43,74.64197
50495,79.997,77.19242
50536,57.812,100.92928
50518,80.291,81.152725
50562,91.966,92.65646
50560,82.568,84.79869
50533,76.609,78.03326
50545,84.319,87.421844
50546,82.455,83.432884
50552,79.512,81.6043
50547,81.028,83.424065
50565,86.013,85.37295
50531,79.627,76.290794
50523,81.363,81.02066
50570,77.212,78.56141
50599,83.141,80.32849
50606,78.31,77.092834
50577,81.503,78.94123
50543,77.618,78.02004
50598,79.741,81.40824
50595,80.376,79.89735
50604,74.666,76.1079
50601,81.692,81.769394
50622,74.621,77.428024
50605,78.268,77.185486
50603,82.619,77.03934
50644,103.894,91.31553
50659,77.601,77.91385
50660,86.492,84.98983
50672,86.268,88.68652
50649,81.117,83.23129
50669,83.037,81.97032
50645,81.258,81.214264
50703,85.087,85.04708
50667,74.503,74.02385
50738,69.55,70.782745
50744,74.612,72.09744
50748,72.863,70.88048
50750,76.764,73.04859
50747,72.588,71.569244
50753,73.802,73.00139
50767,78.239,77.02145
50762,81.512,80.98308
50769,78.289,78.67659
50802,87.667,88.51085
50768,76.576,78.150856
50805,81.494,82.95702
50815,79.844,78.99354
50867,84.323,80.864624
50871,88.271,88.83237
50848,81.45,80.48037
50896,86.05,86.76117
50890,86.396,86.122
50883,84.24,80.66566
50891,73.086,78.03925
50880,74.498,72.17795
50857,77.997,81.714516
50904,74.022,74.86978
50894,67.76,71.05087
50915,78.877,77.114296
50887,74.787,76.188644
50946,80.635,78.461426
50940,87.176,85.03157
50926,72.894,69.014046
50952,86.961,81.15812
50972,74.536,73.79461
50976,72.752,73.77459
50983,78.381,77.053795
50933,70.797,71.455154
50979,79.066,77.13191
50993,76.316,75.186066
51023,92.41,92.18573
50984,70.616,70.33956
51019,83.06,84.19921
51041,88.142,87.05916
51043,90.189,89.0031
51052,78.953,81.02323
51062,92.036,91.600296
51093,87.976,89.90752
51095,87.639,89.55568
51118,91.227,71.75069
51104,76.758,79.13741
51107,78.619,77.6393
51088,85.116,84.97271
51141,86.268,86.87026
51164,89.419,87.40365
51176,85.293,86.20138
51140,68.892,70.69208
51152,77.33,77.788246
51168,77.706,77.52033
51186,79.039,83.300606
51185,82.801,75.56759
51208,82.856,85.202866
51209,82.445,85.6776
51214,95.554,92.84976
51206,86.364,89.11009
51183,78.106,79.61136
51187,80.32,81.05496
51188,64.13,79.93609
51182,78.133,79.73119
51191,77.836,80.47451
51236,85.47,86.40222
51220,75.005,73.7049
51226,76.621,75.51127
51224,77.054,76.3089
51203,76.381,78.05393
51219,77.079,77.31027
51262,65.047,64.91293
51240,79.788,82.5604
51272,63.467,69.4552
51255,77.103,77.63207
51269,86.821,85.87337
51282,82.094,81.42499
51290,73.158,81.68758
51299,86.769,87.28594
51322,83.791,83.407974
51211,77.835,77.81929
51277,91.665,76.98697
51327,96.172,95.60258
51298,80.757,79.126526
51350,98.133,107.833015
51390,81.292,83.92045
51388,87.139,85.33206
51386,86.614,86.164505
51389,86.246,86.51101
51378,76.022,72.159775
51381,72.452,73.81516
51417,81.601,80.221306
51394,78.355,77.50254
51420,78.506,76.915855
51379,70.764,71.65492
51423,79.791,77.71645
51429,76.073,73.78252
51326,82.287,82.11288
51415,74.19,73.866516
51438,76.003,69.91553
51452,80.466,78.112366
51460,81.756,82.51526
51466,76.392,77.94115
51494,79.314,79.38056
51500,69.278,78.5792
51533,83.203,85.007835
51499,75.673,71.264565
51565,87.53,86.37538
51538,73.811,78.07763
51542,62.048,64.38535
51574,74.37,75.53469
51593,88.408,87.70834
51597,75.65,77.64426
51596,75.215,75.63913
51600,74.714,74.62554
51616,90.704,88.64596
51615,73.269,73.437515
51617,83.046,82.526245
51625,76.944,75.84587
51629,72.96,74.85739
51626,71.424,74.100235
51633,76.682,75.7188
51632,71.491,71.697495
51641,71.942,72.56005
51668,90.618,89.459
51671,94.269,93.876755
51628,68.051,70.50346
51676,87.877,89.60645
51682,78.949,80.02224
51708,93.863,95.10068
51685,83.14,82.61173
51701,84.066,80.421005
51726,87.728,88.474335
51698,70.32,71.77826
51742,80.915,85.290924
51727,77.637,78.45631
51784,89.011,93.544945
51770,74.749,70.90672
51783,72.411,73.17168
51786,72.075,75.01565
51792,76.542,76.28871
51795,80.394,80.63916
51717,75.648,75.96335
51815,81.263,82.36973
51822,90.309,91.32374
51801,80.635,80.616936
51807,81.684,80.652016
51787,71.146,72.36677
51833,85.832,84.826454
51843,93.593,93.21304
51814,77.718,79.47441
51867,59.745,56.617264
51870,77.212,77.17783
51852,80.221,79.11413
51876,79.171,77.15583
51875,75.693,78.0029
51872,75.977,75.990295
51869,83.276,77.288826
51846,90.411,90.24635
51874,78.662,75.24878
51834,73.537,72.75379
51881,74.545,73.0475
51884,72.622,74.8277
51885,74.684,73.22885
51895,74.818,73.868195
51893,74.023,72.765305
51892,74.058,72.57189
51940,63.928,62.659927
51902,75.539,73.58528
51934,81.86,82.040184
51956,82.052,80.17417
51921,78.443,61.255104
51974,82.336,79.329315
51914,85.825,79.91327
51951,71.667,72.29031
51961,79.627,75.49802
51963,75.751,76.63398
51952,76.658,77.78069
51973,77.381,78.44928
52013,79.625,80.55056
52024,68.711,69.48062
52044,84.922,82.58846
52057,77.78,77.68939
52053,75.224,75.05488
52071,85.083,85.16972
52074,85.673,85.22465
52058,72.456,75.10997
52075,74.599,75.76018
52124,74.37,77.78723
52061,73.1,71.78418
52125,75.205,73.1025
52128,70.371,72.0052
52140,72.448,74.7459
52156,90.46,86.08067
52144,68.313,72.48453
52165,74.973,77.893036
52167,85.779,84.72316
52166,79.795,77.56127
52170,73.305,73.236496
52145,68.599,71.01112
52181,80.146,78.10037
52186,85.862,81.66225
52127,70.536,72.04696
52187,83.965,79.68484
52204,85.988,86.99459
52212,80.645,81.28194
52195,77.937,67.93339
52206,79.897,80.111984
52208,82.137,80.96886
52177,75.97,75.71867
52216,81.721,82.64463
52218,82.309,82.77645
52248,87.968,89.72174
52228,79.115,76.83061
52253,77.267,79.86475
52263,87.134,88.88478
52250,85.606,84.423096
52270,76.674,75.59394
52244,88.611,89.942856
52275,75.956,77.288666
52289,81.481,81.66698
52302,89.687,88.35414
52305,99.053,88.70982
52292,86.761,87.59353
52257,78.119,76.50366
52281,74.151,72.26867
52300,81.222,81.7786
52301,80.896,81.78994
52306,79.769,80.17915
52299,79.159,78.15335
52307,79.611,80.38483
52318,87.08,91.02068
52339,94.845,93.68313
52310,77.344,77.749886
52314,78.023,78.2697
52276,73.768,74.18313
52294,78.959,80.18005
52328,65.334,68.5204
52360,82.394,83.855446
52342,76.246,77.424706
52347,76.265,80.26764
52341,79.637,82.839905
52365,75.401,76.36681
52394,81.565,81.103935
52324,78.88,75.149605
52396,84.816,85.7738
52325,79.006,77.19678
52389,89.114,89.977196
52392,65.524,66.1509
52409,77.121,77.327995
52406,72.988,72.02744
52418,70.934,80.85534
52460,81.396,77.9453
52483,91.161,91.67489
52496,73.574,72.626114
52471,75.166,74.75907
52472,75.837,75.59548
52465,80.016,82.015724
52504,81.674,79.66316
52482,77.997,74.87498
52473,75.847,74.51616
52478,75.222,75.111855
52506,75.736,75.72717
52474,75.913,74.72332
52477,73.996,75.967125
52498,67.425,69.70877
52527,77.167,78.191086
52528,74.978,75.26144
52529,76.656,76.44089
52522,83.661,82.67074
52476,75.302,74.754715
52551,89.975,91.15383
52552,84.413,82.62179
52548,90.63,90.13465
52546,88.751,87.34002
52547,88.517,87.315956
52557,90.881,91.00649
52556,90.216,90.07584
52569,83.096,82.685646
52577,82.113,83.37288
52578,82.375,83.52723
52563,72.342,72.23874
52560,72.428,71.388725
52591,76.222,83.91125
52592,76.731,77.8357
52623,80.719,81.752815
52609,65.98,75.087204
52610,64.829,75.12767
52574,81.101,82.29577
52603,80.302,78.138435
52641,78.776,78.86256
52640,76.692,77.96268
52655,86.197,88.70331
52662,80.084,80.55814
52668,84.99,83.944885
52680,82.363,79.32888
52667,83.176,82.32779
52677,84.031,85.57232
52686,80.837,81.85416
52678,83.289,85.45088
52687,81.231,81.8129
52716,82.686,82.20608
52683,79.013,81.06994
52709,85.697,81.33137
52693,70.764,73.10314
52705,76.49,77.231125
52720,73.224,70.504486
52721,75.139,73.51252
52755,82.107,81.80591
52744,74.528,74.02267
52756,71.152,73.66233
52767,82.959,81.505585
52784,92.846,93.04841
52759,69.657,71.4274
52766,80.281,80.9973
52773,82.485,82.3307
52774,79.412,80.4413
52779,81.414,81.84984
52781,81.451,82.1028
52817,98.733,92.91172
52822,95.151,95.76142
52819,99.181,91.99631
52800,67.046,68.89074
52821,75.121,77.48908
52847,78.928,78.94713
52848,78.565,78.44032
52824,78.105,79.11981
52825,78.859,73.649414
52843,70.966,77.431496
52846,76.157,76.834816
52892,77.351,77.33304
52886,84.953,82.4091
52923,88.362,88.16014
52938,92.25,92.36971
52913,74.877,76.35191
52974,91.159,91.823105
52939,69.205,70.15494
52944,74.19,74.31928
52988,86.778,87.1882
52921,71.901,74.65868
52929,76.346,76.47723
52910,74.622,75.499886
52992,77.326,76.61748
53008,87.594,88.41156
52967,65.002,64.68025
52997,76.841,77.51376
53020,81.061,80.650536
53023,80.623,80.84069
53038,71.577,73.50331
53051,73.034,73.65742
53060,77.469,73.445885
53061,74.81,73.09136
53067,82.836,81.74358
53090,83.192,83.34864
53085,78.792,77.79387
53101,84.547,84.11669
53100,80.153,80.007164
53071,71.987,73.34784
53095,76.733,77.761475
53106,83.878,83.37244
53117,79.578,79.25196
53098,77.906,76.21811
53105,80.811,80.809555
53116,82.852,81.94818
53096,77.067,78.51691
53089,74.898,76.0307
53108,78.526,79.40379
53140,85.051,83.63309
53121,82.328,82.360855
53120,79.122,79.09062
53138,80.364,79.39468
53141,83.627,80.01564
53147,80.079,79.21395
53151,82.22,81.96191
53137,75.162,72.910484
53143,79.36,78.81238
53158,81.178,80.820816
53169,85.215,84.2655
53168,83.267,81.06281
53174,85.427,85.09703
53167,81.938,80.97301
53170,74.332,76.31886
53183,79.026,77.3602
53162,75.034,77.39898
53175,74.542,76.42428
53160,73.572,76.42045
53178,80.835,80.48797
53181,81.838,80.80156
53186,84.095,83.95538
53172,78.456,79.407425
53187,78.59,77.61137
53184,82.794,82.69056
53195,75.677,77.934906
53217,83.133,77.54599
53214,75.929,77.46201
53223,82.544,81.71118
53227,83.476,82.75012
53216,68.61,69.401306
53219,76.947,78.95485
53220,82.662,81.5404
53228,78.024,78.55974
53218,73.391,76.751465
53250,72.94,73.767944
53248,82.559,81.15532
53234,77.89,79.84784
53232,76.693,78.007576
53266,94.581,94.134285
53237,78.591,78.18553
53254,68.057,70.25423
53280,91.041,91.035164
53252,66.286,68.16908
53259,68.791,68.70847
53277,82.23,82.65987
53288,76.246,77.94801
53312,89.526,89.41847
53304,82.352,81.5348
53245,74.7,74.6345
53293,71.333,69.08219
53307,64.92,68.44379
53303,79.7,79.13534
53291,65.878,69.94446
53371,86.807,86.73259
53364,84.363,84.20414
53344,78.62,77.09928
53339,69.361,69.389015
53377,78.495,79.959305
53403,74.166,74.29944
53407,77.784,77.91779
53459,77.882,78.20974
53476,78.618,77.176926
53481,70.678,73.08624
53497,79.349,86.45292
53487,71.632,71.18568
53499,70.777,73.255165
53518,79.517,78.80429
53498,70.664,72.47345
53496,80.148,74.15352
53504,77.775,77.265
53526,81.589,80.61562
53485,76.454,77.44243
53524,75.562,77.338005
53514,68.539,69.93806
53564,87.163,89.963936
53581,89.388,90.50537
53582,86.396,86.52191
53517,73.823,69.938225
53578,79.132,78.526825
53616,84.767,84.81415
53626,86.512,85.338104
53623,83.393,82.453316
53629,82.995,82.903625
53630,79.017,81.310715
53620,69.73,70.905304
53554,80.022,80.126816
53651,92.425,93.46892
53652,90.625,91.89203
53662,86.723,86.35247
53647,73.319,76.551834
53668,80.34,80.77559
53641,78.228,79.843765
53642,78.295,80.605934
53673,74.685,74.247536
53687,95.656,95.09779
53672,73.84,73.81072
53698,95.269,94.30826
53674,74.14,74.3396
53689,82.742,81.30737
53690,82.598,82.43197
53713,90.596,88.966545
53619,75.395,76.3968
53716,81.057,79.93337
53719,80.539,79.6543
53703,75.314,77.73488
53693,76.429,74.801186
53725,77.217,77.79793
53726,80.278,76.44217
53779,87.887,86.903015
53788,78.392,77.794044
53797,77.275,80.651726
53792,77.052,77.06964
53835,91.758,95.57375
53815,81.201,82.08493
53836,87.407,90.11905
53831,81.963,83.62457
53820,79.245,77.468414
53775,73.046,75.27641
53790,78.954,79.44678
53802,76.223,72.47849
53841,91.408,91.58897
53863,88.738,87.7759
53856,82.037,80.65542
53873,82.83,83.83722
53854,77.738,79.68637
53834,75.6,75.10903
53882,101.92,75.59238
53827,71.694,72.68686
53839,76.281,77.47631
53902,82.131,79.44069
53901,77.922,78.472786
53916,75.294,76.018745
53900,75.748,60.937057
53915,75.746,76.87049
53937,84.155,78.75585
53938,86.461,80.76651
53934,62.984,77.09243
53932,85.671,85.41832
53914,75.695,75.3835
53899,75.416,77.90612
53939,89.167,86.81672
53940,85.868,80.305435
53931,71.009,67.67764
53946,77.843,77.844185
53955,79.365,79.80121
53967,71.598,76.48443
53963,75.225,77.39944
53973,79.999,80.380135
53995,94.748,95.88433
53972,81.712,79.9385
53990,86.824,80.04341
53991,82.091,79.86659
54000,89.627,89.86007
54001,90.873,91.00162
54005,73.12,72.68123
54018,74.086,68.06673
53970,68.226,67.75741
54035,88.015,85.16944
54039,82.217,83.75253
54080,92.97,88.75767
54082,79.495,79.6986
54103,76.746,78.4813
54102,81.405,77.664375
54101,77.368,78.39679
54141,96.975,96.775856
54139,79.063,72.64459
54151,90.509,91.016556
54173,86.957,84.63973
54196,94.505,94.731476
54171,80.866,82.00505
54208,85.74,86.23378
54220,83.971,82.81507
54221,81.797,80.84737
54222,80.639,81.36753
54229,76.95,76.808205
54242,71.889,72.25178
54260,85.042,84.656494
54273,81.522,77.85088
54282,85.271,86.56095
54280,84.446,84.88475
54279,84.812,85.143845
54285,87.414,87.000046
54276,75.87,73.89727
54330,80.1,79.43967
54292,74.712,74.67479
54325,90.923,86.984726
54296,70.322,71.749855
54297,76.791,63.35778
54306,82.16,77.31386
54319,69.779,59.455772
54345,85.814,87.31822
54353,86.384,87.214905
54329,76.217,73.35831
54377,86.407,87.0903
54379,84.797,85.652115
54378,85.267,84.10987
54391,86.217,87.37294
54408,73.031,74.07042
54419,82.506,79.4835
54413,78.221,80.43749
54404,80.077,78.87668
54373,76.4,77.95134
54397,78.123,81.21627
54420,73.252,73.87959
54405,79.157,76.1306
54449,92.235,91.55136
54466,95.148,92.42856
54470,86.17,87.27848
54445,80.433,80.12146
54438,73.593,75.87777
54498,96.504,94.93044
54511,73.528,76.916626
54522,85.384,85.24852
54533,90.198,90.17393
54525,86.634,85.93542
54532,82.962,82.22453
54473,79.826,80.44412
54465,81.575,81.33674
54509,74.238,75.558624
54502,68.587,70.741776
54551,92.68,92.365654
54552,84.967,84.59051
54565,84.29,85.79829
54566,85.148,85.85505
54579,86.235,84.21258
54558,75.369,75.52055
54574,81.698,82.69941
54587,72.759,73.55467
54589,76.151,76.25932
54510,72.078,74.68563
54614,73.38,70.691185
54607,72.683,73.94477
54598,77.559,77.99159
54619,82.906,80.21326
54597,77.623,77.21613
54605,71.744,74.26399
54656,69.777,91.24553
54673,92.854,91.071106
54646,84.828,83.88006
54680,93.158,94.29144
54685,91.524,91.578064
54692,86.013,82.11893
54690,80.435,67.28855
54659,81.976,83.48035
54691,68.292,82.45713
54710,84.47,79.64963
54688,79.482,83.86375
54709,81.178,78.70125
54697,72.515,71.04465
54708,73.423,72.0144
54707,72.645,69.61974
54749,78.813,78.927124
54754,88.918,88.59343
54758,59.866,73.148285
54731,70.029,73.67739
54757,57.844,67.85796
54777,88.335,85.07235
54775,71.16,70.93327
54753,74.5,78.15576
54747,69.3,71.83369
54776,74.019,75.23309
54798,58.457,67.87616
54793,76.906,77.32569
54808,83.031,82.76345
54784,72.669,74.223976
54802,75.725,72.67882
54817,79.585,84.484276
54790,74.511,75.500565
54854,72.737,74.00612
54831,64.278,84.20472
54867,70.153,80.687965
54870,75.895,82.44359
54861,74.936,77.99177
54895,84.701,85.32839
54869,84.548,81.03737
54896,84.652,84.499954
54882,85.604,84.042816
54889,75.732,77.770386
54908,74.973,74.188286
54887,79.771,77.51533
54872,79.761,82.3851
54877,81.229,80.30934
54922,82.135,82.015366
54901,72.117,75.41562
54886,75.311,77.76744
54899,71.104,69.19423
54932,66.892,68.67394
54962,93.07,92.22242
54964,77.184,78.05761
54977,81.025,82.27056
54961,85.682,85.36252
54986,71.561,68.92879
54991,65.053,64.42641
54997,58.628,78.96159
54998,79.288,76.74336
54999,79.707,78.80659
55017,78.183,75.90103
55016,85.073,84.39899
55014,76.73,77.03999
55012,78.011,77.86417
55021,89.39,88.70151
54992,63.583,64.316086
55041,70.446,72.33135
55052,74.54,75.74289
55068,84.92,84.339645
55069,84.768,84.464905
55061,81.056,83.137184
55082,87.24,87.421684
55100,81.034,82.25907
55094,80.53,65.513306
55073,79.838,79.91749
55098,81.348,83.78851
55111,74.34,75.306
55113,90.147,89.79081
55121,72.728,74.96606
55200,75.89,74.89707
55228,85.901,71.088554
55205,82.345,79.70306
55223,72.695,73.82032
55238,73.918,74.95892
55237,74.629,75.003586
55239,78.536,79.20452
55296,72.727,73.973595
55295,70.067,69.37868
55312,87.914,89.6213
55311,74.449,75.76872
55310,74.975,75.35494
55294,70.952,71.04341
55322,74.357,80.90875
55321,74.658,73.81253
55330,79.05,77.3808
55323,77.507,78.705864
55300,67.747,67.6714
55351,90.736,91.59156
55338,77.914,74.612175
55336,77.911,75.32895
55370,84.684,84.97215
55373,79.212,87.183815
55378,83.026,84.73713
55382,83.402,81.552155
55376,80.5,80.29351
55397,79.716,78.76371
55399,79.133,78.20489
55426,91.296,91.47274
55425,91.145,90.90503
55427,92.274,92.77812
55430,93.163,92.887985
55439,93.247,93.03319
55416,80.934,79.68225
55405,64.613,64.94094
55443,80.999,81.772896
55440,77.272,77.7838
55441,80.81,82.44188
55482,87.61,95.09204
55459,89.86,81.20541
55415,76.89,77.73354
55420,72.882,75.095505
55444,73.906,72.73694
55486,71.869,67.15021
55488,70.778,75.079865
55475,80.17,79.25949
55534,94.976,95.48862
55526,75.207,76.89138
55419,75.921,75.06482
55528,75.748,76.93959
55543,59.59,73.90917
55544,58.681,73.02635
55569,85.792,84.69127
55581,88.704,87.881966
55563,72.523,77.153625
55571,79.053,83.43744
55586,80.394,78.13084
55574,78.549,78.78407
55589,91.718,70.78869
55588,69.817,70.622
55602,82.721,83.84012
55614,84.036,84.492966
55644,82.916,84.56537
55645,82.734,84.04092
55672,88.089,88.04284
55671,88.459,89.06157
55681,90.581,92.74706
55618,80.882,81.95428
55717,93.064,92.31845
55737,98.848,100.04381
55711,68.539,71.25467
55740,87.033,85.33038
55743,85.194,84.0756
55739,83.719,83.967636
55746,82.892,81.04081
55748,87.196,85.65155
55738,83.705,82.94688
55723,75.037,76.68227
55764,81.694,85.21634
55765,83.745,85.39203
55762,81.519,85.1631
55775,88.646,86.502556
55763,81.034,85.31037
55776,79.485,77.97306
55760,72.804,81.11698
55778,75.241,74.65106
55817,87.075,83.5041
55759,71.524,79.59053
55791,79.737,76.632866
55749,73.403,70.756836
55816,76.332,75.61179
55867,86.349,87.03279
55891,71.436,79.53276
55863,73.869,73.06267
55880,81.556,85.48171
55862,73.388,72.61067
55897,77.938,79.315056
55910,76.499,75.965416
55865,79.034,79.90574
55936,75.468,75.64544
55920,74.232,75.879845
55942,58.159,62.447136
56305,79.889,81.024376
56313,81.753,81.785065
56314,78.725,80.93659
56307,76.561,76.979195
56353,78.047,77.1431
56324,72.768,72.14482
56354,91.132,93.1807
56367,91.652,87.72362
56368,74.023,74.30635
56389,88.002,88.92273
56332,78.533,78.41046
56388,86.497,79.86347
56390,87.89,88.885864
56399,76.78,77.34543
56372,74.943,75.88825
56403,81.647,80.84972
56396,68.917,74.14276
56395,70.867,74.6458
56409,75.972,79.33346
56415,76.496,72.52541
56460,82.402,83.09414
56416,79.827,75.7422
56454,75.666,77.57537
56501,86.26,85.70983
56475,68.462,69.88944
56472,79.416,78.78921
56503,79.909,79.94817
56491,64.298,81.59094
56505,81.698,80.22377
56509,72.319,72.8773
56508,69.086,70.95097
56490,78.015,72.286964
56520,76.724,75.70794
56528,85.238,85.97951
56551,77.681,76.941185
56534,77.934,76.8369
56537,80.061,79.59757
56526,75.025,72.12602
56535,76.038,75.721565
56538,77.363,75.715706
56567,81.395,80.63022
56536,74.967,76.499886
56522,73.865,73.83052
56611,73.777,73.52794
56612,73.909,73.23223
56650,83.235,81.895775
56626,63.86,69.62803
56627,71.429,76.12644
56625,74.45,75.37916
56659,81.18,83.28674
56640,73.124,71.435356
56653,68.464,73.48065
56635,74.259,71.60669
56698,66.065,84.29014
56703,95.805,93.562065
56708,89.784,89.386246
56709,89.005,87.94354
56696,78.241,80.85686
56711,87.498,86.399216
56697,77.661,75.39983
56719,76.334,70.944305
56722,84.347,81.4706
56729,86.366,86.779144
56739,76.151,75.16937
56725,79.352,77.74226
56726,80.774,77.644966
56714,74.19,70.961716
56731,71.812,74.84706
56736,80.089,80.22815
56738,82.432,79.221825
56734,79.119,77.51948
56773,79.686,78.34923
56746,76.849,75.64658
56770,79.327,77.750885
56809,88.043,85.546875
56806,86.241,84.88061
56804,86.119,86.13851
56814,74.1,74.14081
56839,95.181,96.31592
56830,88.866,87.220085
56808,75.136,76.60345
56728,78.234,76.52484
56834,78.677,80.31659
56823,76.062,75.82049
56822,71.559,76.64699
56875,72.133,72.957375
56886,82.085,85.69894
56888,80.464,83.397964
56934,92.741,92.32705
56930,84.145,84.80609
56919,76.908,76.6551
56920,76.171,76.07756
56932,83.62,84.50887
56949,76.221,76.41477
56962,77.552,75.35443
56956,76.634,73.1438
56961,77.294,76.15621
56980,79.713,78.26794
56977,72.286,74.459946
57006,80.419,80.215614
57011,80.97,81.27219
57049,81.772,82.59128
57044,80.13,83.32836
57075,84.648,88.51546
57076,82.397,85.24504
57068,78.162,79.456215
57036,61.677,70.43685
57084,92.443,92.62222
57098,81.045,82.38774
57073,74.319,77.65425
57111,78.229,78.35175
57106,74.352,75.75128
57162,89.868,90.21652
57227,76.524,59.467163
57229,78.222,80.77946
57214,74.674,76.08533
57223,78.646,81.91295
57225,74.824,76.60715
57228,83.465,84.5197
57231,78.124,79.42588
57253,82.22,85.89623
57248,73.879,75.43679
57254,81.801,79.4302
57255,78.293,78.2331
57226,73.703,68.90248
57317,79.189,85.27512
57270,68.512,68.37129
57340,76.106,77.42737
57343,74.718,76.77193
57366,78.987,86.10769
57384,81.019,81.178185
57385,80.947,81.02311
57380,78.638,78.982025
57387,84.486,85.2827
57386,83.56,84.77389
57388,84.403,85.91615
57370,75.29,75.05442
57368,76.581,76.81252
57421,59.186,61.41822
57434,86.888,87.53763
57420,81.405,82.2788
57433,82.3,79.56685
57422,73.558,77.88564
57445,73.558,81.13518
57441,57.995,59.126328
57447,79.035,71.289505
57450,76.036,75.154205
57457,57.16,57.12037
57448,75.414,71.127686
57468,82.871,81.51664
57458,56.814,57.061115
57488,87.218,87.714676
57502,86.845,86.54323
57482,90.038,92.010124
57505,87.643,79.4657
57517,82.523,83.06304
57518,83.382,82.582855
57519,87.154,86.52523
57531,88.713,86.256905
57569,83.605,83.08873
57566,89.857,86.05543
57567,87.268,87.75761
57582,93.197,92.09802
57610,78.984,85.57142
57593,86.556,87.05558
57599,83.166,82.90317
57628,86.515,87.24937
57622,85.917,86.98712
57647,81.28,80.188
57633,85.543,85.479416
57642,85.974,86.729576
57649,86.106,85.71946
57641,85.892,85.55042
57657,86.718,70.8229
57671,74.272,73.72469
57678,74.315,72.70916
57677,79.914,80.10065
57690,79.971,79.82135
57695,80.668,80.92806
57709,70.413,68.384026
57672,73.192,75.30736
57716,84.91,84.82648
57718,81.72,83.49418
57719,81.782,83.030594
57729,86.37,85.86077
57731,78.296,79.31886
57783,84.958,86.65306
57822,97.886,97.40538
57825,81.317,81.77356
57828,84.418,81.41335
57821,79.528,80.160866
57853,97.352,93.559525
57851,72.42,73.241486
57832,84.116,82.053856
57874,93.613,94.824905
57872,79.038,79.20112
57875,74.291,75.65664
57881,80.6,81.32278
57895,89.74,88.07696
57900,88.718,89.71425
57908,80.258,80.25178
57903,80.183,81.553734
57904,77.872,79.99449
57909,73.854,75.23006
57899,71.659,76.11659
57941,78.398,80.296745
57957,88.704,87.20135
57946,80.536,79.946434
57950,110.739,111.65532
57966,90.278,89.37102
57952,81.758,80.12161
57969,85.373,85.71776
57958,75.685,77.35505
57982,80.444,79.102776
57981,75.887,76.10765
57991,79.672,80.525215
57989,74.935,73.69354
57983,74.057,77.96968
57979,93.267,95.83296
57963,76.483,75.64149
58027,74.87,76.87992
58053,80.163,79.16568
58061,80.748,82.01505
58051,83.184,84.75269
58041,76.919,78.35873
58068,84.616,84.25006
58076,72.412,73.76883
58060,72.664,70.714195
58099,61.499,63.894276
58108,82.836,82.492195
58092,80.245,81.96463
58121,84.291,80.50643
58107,74.324,76.72606
58112,82.044,79.89035
58122,74.14,73.327194
58142,79.428,80.6322
58149,77.324,77.14279
58135,83.387,84.56259
58151,78.624,79.34781
58165,65.771,70.38371
58166,62.016,84.19781
58162,74.862,77.50097
58187,75.173,77.32118
58182,82.496,81.83529
58181,83.19,80.7279
58207,87.784,84.51
58173,87.039,89.40693
58117,63.514,67.35442
58195,88.245,85.85051
58221,80.694,81.87609
58222,97.981,87.8976
58137,70.924,71.27982
58220,83.794,82.611336
58227,90.77,88.98422
58231,83.215,84.50844
58219,77.249,78.44949
58159,72.537,70.61702
58201,69.859,72.8658
58240,75.287,79.89097
58226,81.522,74.95565
58217,59.746,63.60517
58253,82.917,82.95016
58264,77.533,78.28362
58285,85.656,85.72325
58299,87.437,88.28583
58296,81.028,81.53708
58274,62.582,75.07003
58289,78.352,78.13127
58294,82.921,80.91273
58287,75.766,77.57416
58290,69.109,71.21479
58320,87.921,90.976845
58322,80.006,79.58515
58337,65.418,76.336845
58314,85.649,85.34186
58316,81.433,80.22956
58297,69.77,70.90353
58350,93.528,93.4049
58362,93.276,93.59384
58329,70.662,59.87847
58378,88.308,88.65828
58365,72.67,76.34487
58396,75.314,77.187
58382,102.182,104.10147
58374,77.921,78.79772
58388,82.972,81.46082
58385,72.182,73.63156
58372,78.856,71.95307
58408,84.426,83.48035
58399,71.467,71.11142
58413,83.342,82.84824
58407,82.156,82.06012
58351,73.213,71.666084
58390,71.178,71.45639
58427,92.986,97.94165
58409,85.576,83.25673
58391,68.708,70.73131
58433,79.465,79.34819
58484,79.818,86.77322
58443,79.758,76.80663
58505,85.866,78.493286
58498,112.034,78.59741
58514,82.017,83.40943
58542,111.188,93.522995
58564,88.51,93.38809
58521,72.738,71.99098
58553,82.2,83.09177
58566,84.734,86.17461
58574,84.43,85.62363
58589,76.081,76.71149
58588,85.813,87.538666
58579,83.971,75.76559
58595,81.076,81.949036
58599,85.574,84.947784
58594,79.166,81.9796
58547,78.855,80.10722
58562,81.606,69.63196
58605,67.733,70.889175
58603,83.616,84.680244
58625,80.848,78.67469
58627,65.126,80.44501
58593,74.413,73.64211
58632,87.93,86.20659
58585,77.638,80.81604
58637,83.348,85.443214
58610,75.042,74.00364
58626,80.969,81.46514
58668,82.297,81.071236
58633,107.489,75.5954
58689,79.336,80.80731
58652,70.945,71.5424
58686,84.26,85.17977
58704,80.154,76.031654
58699,82.59,81.84402
58695,64.89,70.51558
58680,79.051,79.29888
58707,78.21,78.57295
58711,77.818,81.17413
58725,82.57,82.38772
58732,89.572,90.58442
58720,83.108,82.655106
58727,75.779,75.84757
58753,83.183,82.73869
58747,70.456,70.39746
58791,87.218,86.85222
58774,79.784,81.08315
58772,73.691,72.49087
58784,67.083,71.83517
58818,66.796,68.565254
58833,95.854,95.88557
58828,76.26,75.477
58803,86.774,79.378296
58829,80.291,80.48307
58808,70.862,77.42692
58848,89.624,92.10719
58834,81.947,83.186226
58863,81.911,81.24311
58845,81.519,81.63377
58847,77.957,82.83743
58864,81.351,82.57716
58868,72.248,73.02732
58891,83.794,81.725975
58901,81.268,80.5192
58850,74.986,76.5969
58862,78.221,75.46977
58898,77.078,79.351
58913,86.047,78.11422
58900,76.181,78.00145
58917,79.12,80.89858
58916,78.222,81.916145
58931,83.881,79.384254
58936,79.018,79.71569
58949,74.325,72.91513
58987,87.901,87.67895
58915,72.201,70.325645
58943,79.322,65.55936
58945,69.151,71.32274
59009,57.803,63.987083
58973,70.94,71.09105
58997,69.844,71.719635
58991,77.032,76.545074
59036,80.082,80.38017
59019,62.617,67.287674
59025,95.801,84.41152
59008,70.957,75.85135
59040,78.355,77.281555
59042,80.743,80.263985
59046,85.321,81.323784
59048,79.127,77.13414
59033,79.31,75.45346
59150,96.665,95.48149
59151,96.656,92.69722
59161,88.96,90.41391
59091,81.423,78.620224
59164,85.795,85.400665
59158,79.733,78.02811
59232,95.402,94.94437
59188,79.421,75.12976
59193,80.937,81.509155
59192,76.588,78.4648
59239,95.054,94.39659
59237,94.169,94.789314
59429,91.193,91.46355
59670,86.732,85.279625
59642,76.447,76.29969
59675,84.963,83.48035
59654,78.553,78.66139
59667,70.019,69.157814
59713,79.804,76.88517
59712,84.081,82.19054
59728,70.871,69.78051
59752,84.903,84.79539
59779,91.191,89.79818
59786,69.239,68.57789
59795,78.436,78.2202
59811,79.524,80.92301
59785,77.653,80.10436
59853,86.865,87.66708
59843,83.75,84.922356
59837,78.581,84.02007
59866,85.449,85.38548
59819,78.918,78.13359
59868,76.694,75.99799
59884,79.273,81.07514
59849,79.57,80.80249
59869,80.972,80.492226
59846,77.659,79.78351
59877,77.774,76.31544
59801,76.828,74.32644
59931,89.982,88.50067
59906,67.248,69.63472
59928,81.68,82.22129
59892,74.428,75.58383
59917,73.328,76.212234
59890,74.142,74.466156
59949,89.848,89.32768
59946,86.359,84.971756
59980,86.83,86.38725
59973,83.743,84.12204
59945,75.202,76.86556
59974,73.686,75.32306
60015,86.647,86.297455
59975,72.596,75.217026
60027,83.633,84.60235
60067,88.638,89.43043
60037,86.084,85.89674
60088,78.51,78.96116
60101,83.351,83.37442
60113,76.74,77.83669
60104,79.734,78.86259
60091,77.426,78.53743
60106,81.185,81.35124
60148,75.72,75.39072
60171,88.179,88.13666
60160,74.37,71.89037
60136,78.772,79.973145
60155,72.66,73.238266
60174,80.729,76.71275
60175,76.774,77.9873
60165,73.676,74.709305
60211,74.603,75.3992
60223,61.265,66.33091
60236,76.092,72.23773
60268,91.447,92.768745
60246,77.45,79.22732
60274,89.584,91.579285
60247,75.828,78.20749
60272,84.167,80.96133
60295,87.828,90.07877
60305,84.035,82.734
60329,88.27,88.34528
60328,58.418,65.61682
60284,82.734,82.255905
60277,79.114,80.42289
60265,70.331,74.710175
60344,87.038,86.387375
60364,82.888,82.84813
60366,81.906,81.39384
60391,80.038,79.77944
60393,77.615,79.92876
60387,75.931,76.140945
60396,78.97,78.41701
60397,79.422,78.37932
60394,78.73,79.9337
60408,81.275,81.13316
60402,81.098,80.95918
60392,80.638,81.72185
60355,73.055,73.54129
60376,74.628,75.303
60354,74.473,72.93822
60353,76.155,72.404854
60414,80.926,81.539566
60424,80.229,80.7378
60419,77.322,79.05072
60416,77.957,76.55803
60417,79.512,78.14458
60423,78.641,79.72074
60439,80.972,82.088875
60433,78.86,79.07263
60437,81.629,82.20819
60442,78.935,80.42642
60446,78.939,80.7399
60445,78.69,81.26673
60512,81.662,81.596054
60534,82.903,82.58147
60511,71.195,77.76229
60487,71.524,73.81672
60489,73.476,76.28037
60490,70.238,72.12006
60560,82.215,81.83696
60585,85.645,86.08396
60582,86.215,87.31547
60525,75.882,72.23121
60591,75.523,78.93733
60592,75.206,75.59512
60594,79.742,80.88313
60613,84.131,81.936295
60600,85.344,83.78079
60620,59.598,56.68574
60621,77.321,56.290752
60601,81.125,81.30284
60619,57.712,56.91711
60624,60.0,57.538986
60627,57.108,59.227554
60629,59.733,59.511864
60570,72.74,75.50098
60649,93.342,93.4466
60636,57.324,55.23178
60644,76.526,68.85585
60653,73.753,77.11074
60654,73.865,76.24374
60655,69.704,68.05661
60672,69.582,68.25406
60676,69.828,69.807045
60724,79.739,79.2229
60693,66.984,69.59593
60738,80.277,80.20435
60688,83.738,83.14829
60768,88.157,88.65151
60762,84.879,82.72361
60743,79.732,82.26373
60767,87.198,87.98981
60766,87.291,88.34363
60744,79.558,82.74359
60736,76.254,76.79108
60806,82.804,80.92463
60750,67.356,69.56846
60804,95.686,95.005295
60809,77.143,81.59547
60835,77.582,76.298225
60829,82.96,69.489265
60836,74.988,74.20443
60803,78.921,76.215515
60846,71.418,72.35591
60872,92.072,92.45059
60838,67.593,71.01169
60875,78.533,77.18574
60897,69.902,71.231316
60882,63.07,68.48657
60927,85.811,84.986244
60944,99.907,98.79512
60945,96.111,96.398476
60929,85.683,85.577995
60933,69.079,71.3806
60939,72.335,75.605225
60934,78.855,78.92918
60946,83.143,84.47169
60955,78.709,80.17422
60954,73.85,73.56484
60953,73.412,72.86011
60981,94.786,95.42586
60958,80.304,83.1505
60962,86.896,82.597984
60957,79.352,82.46949
60964,85.575,85.34736
60982,83.577,83.96821
60973,85.629,84.90399
60984,76.597,74.935936
61007,80.279,77.76031
61028,73.012,73.53239
61012,57.359,76.24299
61000,79.057,67.92298
61002,80.57,80.33044
61051,77.172,78.66596
61062,90.076,90.75369
61065,81.636,82.42176
61110,90.521,85.298035
61117,82.904,82.85926
61133,99.357,98.3307
61064,80.373,80.6292
61111,82.456,80.561264
61150,82.358,82.36163
61134,70.248,69.74704
61154,80.675,78.86919
61157,80.407,78.69124
61156,80.069,77.55343
61191,74.724,74.138176
61207,81.234,81.02859
61218,84.43,85.05571
61221,83.107,83.48035
61224,91.362,91.6773
61208,70.483,69.522224
61215,67.294,68.91718
61267,88.058,91.51052
61246,75.596,64.96144
61265,76.987,75.969955
61268,87.588,87.98541
61244,70.693,69.543045
61266,78.779,77.20074
61256,60.779,63.23629
61296,102.315,100.22247
61299,100.197,99.72123
61295,77.726,79.12559
61323,78.018,78.690796
61223,67.685,71.8091
61315,76.867,69.70326
61316,82.65,74.17792
61334,72.679,72.4322
61325,77.248,78.35323
61352,86.522,87.77631
61335,61.727,75.77872
61351,75.375,77.37148
61371,96.955,98.29523
61376,74.055,71.74084
61341,58.043,55.439903
61377,81.418,81.05888
61389,82.801,80.881226
61390,82.362,80.88226
61413,91.065,92.142746
61397,80.816,75.111404
61417,87.695,87.23131
61414,82.926,83.854454
61423,89.208,90.19573
61415,78.191,77.42485
61424,90.547,89.01166
61419,85.589,85.438545
61430,86.664,86.1487
61431,84.75,87.72723
61462,97.637,92.89342
61453,81.089,81.44288
61463,86.323,81.840065
61464,86.029,83.13669
61473,80.552,81.60866
61480,82.446,84.401474
61479,74.191,77.93191
61513,82.72,83.5609
61527,86.646,81.9966
61526,87.937,83.40076
61533,81.721,80.7521
61585,95.803,96.05367
61597,76.341,77.59528
61595,73.483,74.75764
61600,89.362,89.954704
61573,71.23,69.891685
61640,88.781,91.29754
61675,75.249,77.151726
61682,91.702,91.806366
61648,75.08,75.431694
61652,81.102,81.7279
61664,82.75,84.84704
61726,81.939,81.73579
61787,67.647,67.44063
61790,65.539,68.06012
61822,70.658,67.61378
61836,87.794,87.115135
61816,73.173,73.90387
61826,84.668,82.97877
61830,69.876,69.66272
61812,72.114,73.98091
61848,93.21,92.43352
61899,88.695,89.50288
61901,86.318,85.55514
61895,82.938,87.717674
61916,86.156,86.31342
61900,77.951,80.10926
61915,84.993,84.69833
61907,79.299,80.293
61923,81.579,83.107895
61939,85.347,85.75521
61951,82.246,81.53746
61955,84.043,83.80247
61962,86.272,86.817154
61957,85.582,85.55516
61974,92.163,90.72735
61961,84.396,85.4034
61964,85.106,85.09738
61971,84.23,84.30008
61977,83.547,83.74033
61975,83.465,84.46626
62005,84.055,81.9109
62018,90.779,92.17468
62022,80.268,79.155334
62041,83.478,83.71277
62023,79.269,80.97721
62024,79.548,83.44176
62051,79.431,79.168564
62063,80.426,80.31189
62066,74.625,73.19641
62074,88.803,91.08057
62067,76.956,73.49326
62156,59.302,62.524605
62157,74.094,73.077576
62081,81.879,81.574715
62163,96.189,87.4314
62167,93.654,97.84737
62169,96.041,90.49963
62183,92.552,98.00322
62196,71.518,72.11203
62221,73.609,71.40063
62215,71.772,70.16698
62247,87.53,86.925285
62259,81.003,79.17671
62240,82.222,82.66772
62249,68.413,68.22876
62273,85.105,85.040665
62250,67.717,66.80124
62276,86.911,87.15443
62291,92.618,87.56468
62241,73.586,74.70705
62290,82.66,91.70546
62307,77.938,75.38112
62310,86.486,87.22053
62308,76.861,75.05273
62323,81.843,81.69457
62285,74.282,75.487434
62295,79.803,81.49437
62294,87.561,80.12247
62327,94.243,93.98242
62320,75.422,76.35742
62261,61.753,72.84957
62346,86.517,86.18672
62345,86.311,86.22713
62356,84.139,83.48035
62386,89.574,88.64978
62359,84.226,84.92559
62387,96.299,92.96779
62360,83.518,84.20465
62362,85.769,84.5867
62383,86.908,87.563805
62368,83.562,83.81934
62376,75.934,76.577446
62377,75.926,76.44403
62367,85.389,86.17571
62427,76.012,75.552574
62443,61.245,85.30329
62438,83.701,80.77866
62465,83.059,82.018684
62466,81.204,80.63605
62467,79.267,79.158134
62470,84.266,83.48035
62473,81.796,82.482025
62447,70.526,59.549606
62484,84.673,85.296394
62523,80.02,80.94358
62421,80.632,81.718956
62491,102.495,81.00395
62546,84.749,83.686905
62570,87.598,88.22547
62533,76.311,77.70412
62513,76.165,71.07384
62599,77.386,76.89706
62709,80.186,80.38659
62813,87.177,88.06978
62794,77.68,78.19411
62795,78.47,77.99661
62811,79.728,80.71024
62880,83.833,83.694
62883,87.734,87.66591
62892,93.969,93.43292
62935,87.076,87.57037
62934,88.06,89.15453
62938,87.049,87.60246
62955,81.642,80.62604
62964,85.6,85.356514
62982,88.151,87.72019
63018,82.097,81.7795
63029,84.553,85.72616
63004,84.891,84.36172
63040,86.233,85.62001
63051,86.744,87.232086
63066,85.124,85.43522
63041,85.755,85.707375
63082,80.868,81.42044
63098,82.427,80.88929
63107,84.606,84.67277
63122,86.625,87.91637
63146,90.104,88.87321
63148,86.495,86.36008
63145,89.614,87.068855
63182,90.355,89.501465
63201,87.736,87.21998
63198,84.315,85.22127
63241,80.933,80.50355
63260,81.039,81.81725
63255,87.905,87.70408
63272,95.865,95.95601
63289,82.017,80.744995
63313,88.739,88.41316
63294,85.084,87.82176
63327,84.137,83.71711
63337,83.132,82.11351
63306,69.927,69.381744
63389,90.587,91.93995
63391,86.704,87.64373
63402,83.532,84.31708
63410,77.723,73.978836
63412,90.297,91.81721
63460,86.765,86.333885
63423,83.938,83.99674
63451,82.182,82.58712
63449,84.748,85.02396
63470,85.242,85.31458
63535,81.264,81.98238
63534,81.453,81.05772
63530,83.972,85.438065
63517,79.929,77.457924
63543,78.064,79.53119
63537,83.546,86.99439
63579,88.052,90.608505
63571,90.933,92.45335
63594,86.871,88.22552
63576,73.944,70.70623
63601,83.715,82.8533
63628,79.789,79.89461
63687,84.801,84.32385
63678,76.191,76.14929
63651,82.333,80.51662
63701,87.845,87.74661
63707,79.997,79.11706
63648,76.078,76.048706
63652,74.953,76.438705
63723,90.092,86.188194
63708,90.271,89.46664
63727,88.514,81.82374
63726,74.386,74.70551
63732,88.1,81.28848
63733,86.313,87.95265
63637,80.517,74.657646
63750,85.675,81.854774
63742,77.128,77.37166
63745,78.427,76.107155
63781,90.28,88.36687
63765,85.351,84.07169
63779,83.896,78.981865
63797,81.534,80.83864
63780,82.02,80.212326
63782,66.348,68.35839
63753,57.215,75.06549
63803,83.544,83.53281
63828,84.635,85.18019
63801,89.812,92.63652
63842,88.84,89.57256
63834,86.169,82.37615
63806,75.594,73.411
63817,81.512,69.17301
63847,80.202,84.616974
63852,79.469,82.3601
63857,77.448,77.420456
63884,87.356,87.855034
63845,79.634,78.13831
63895,78.629,80.11913
63894,82.579,84.39014
63897,76.926,78.227745
63802,73.015,75.970406
63909,79.105,84.406044
63905,81.615,81.29401
63901,82.364,85.00403
63917,93.962,90.46872
63914,81.415,79.58451
63932,82.842,81.170044
63937,84.973,84.15418
63918,78.488,79.88335
63940,77.412,75.9463
63944,85.996,85.2655
63985,96.128,95.04842
63976,89.192,87.86602
63989,86.858,84.66773
63942,66.214,68.77702
63956,78.479,71.12595
63999,84.97,84.81868
63979,78.212,77.654045
63993,79.671,82.13225
63969,73.447,75.64007
63994,75.874,76.51627
64026,78.731,78.69909
63935,77.098,73.128914
64027,83.144,83.041695
64047,80.964,79.76756
64048,75.073,74.81494
64038,81.131,79.67793
64073,87.055,88.18637
64045,76.764,79.37223
64052,69.185,66.75472
64081,84.036,83.95008
64100,83.203,83.68882
64101,85.694,82.53457
64035,74.698,73.47463
64119,88.506,87.60319
64064,70.133,71.93022
64088,76.104,77.50273
64098,74.112,74.15591
64113,80.6,79.44672
64116,78.976,77.10399
64131,78.963,76.98532
64096,73.065,72.36909
64127,69.053,69.01666
64169,78.7,72.72836
64173,78.355,77.112686
64166,79.089,76.39863
64181,77.804,78.75998
64194,78.884,77.84835
64190,67.955,65.04237
64222,77.159,75.62552
64229,75.258,80.35152
64247,93.539,89.8024
64242,79.148,78.46981
64255,79.272,78.03218
64248,83.904,81.99269
64259,84.249,85.68174
64246,73.036,65.62216
64298,80.607,78.13715
64323,86.68,85.926125
64297,75.467,77.26727
64317,80.666,80.89762
64328,78.091,78.27335
64303,66.579,67.29873
64308,78.797,78.68452
64294,73.698,75.328735
64339,75.535,75.145996
64311,77.522,80.96215
64318,72.511,71.68315
64295,70.845,66.49409
64345,80.076,81.219505
64350,83.525,82.16531
64341,76.544,75.79004
64359,82.644,82.77683
64372,83.076,84.325226
64413,70.583,69.70399
64448,80.715,85.69252
64453,89.21,90.34963
64433,64.649,67.48607
64459,84.125,83.37348
64423,68.606,71.24686
64476,82.815,82.620346
64427,76.44,73.75475
64470,65.327,71.957634
64490,64.747,64.97729
64495,62.662,82.54269
64506,88.059,83.805405
64493,76.605,75.24452
64503,83.108,80.579025
64513,80.015,80.67386
64520,76.898,77.515884
64500,72.958,72.85939
64558,77.527,91.83545
64547,77.098,77.807335
64552,79.113,79.10077
64541,76.075,75.05278
64568,80.534,81.318146
64553,79.758,76.978485
64594,81.362,86.7005
64559,72.909,74.815506
64588,87.066,86.51744
64579,82.039,85.332535
64574,68.575,73.003426
64589,85.994,86.09212
64586,82.376,81.24806
64608,83.128,84.43392
64606,73.13,77.599724
64602,80.025,82.82582
64632,77.047,77.92915
64642,89.404,90.60919
64616,85.29,83.7793
64625,83.665,73.15676
64566,68.343,68.63663
64564,79.468,84.60379
64654,96.35,88.89432
64646,81.256,81.093285
64640,76.576,76.39634
64635,75.116,76.32126
64699,67.763,75.63541
64697,86.108,83.64662
64710,90.525,88.45217
64712,81.935,82.904434
64705,80.411,83.025375
64709,75.569,77.238945
64706,75.24,74.33825
64666,72.701,72.22263
64760,79.575,82.3796
64738,80.038,80.99434
64746,78.244,79.67997
64786,90.437,87.970825
64750,78.506,76.69383
64797,92.81,88.80235
64771,84.994,68.4155
64770,77.516,77.19451
64800,89.135,90.09428
64798,78.402,77.11726
64831,95.649,95.07558
64794,73.475,73.34533
64811,75.665,74.10989
64841,77.639,80.22456
64855,77.385,76.97151
64825,72.901,74.01926
64859,80.506,84.883736
64858,78.908,79.26798
64881,80.625,79.17299
64876,76.044,77.37746
64878,65.503,63.73044
64896,81.863,82.162125
64875,79.202,77.52082
64861,75.491,75.17929
64866,73.416,74.55127
64899,75.134,75.753914
64914,77.898,80.75859
64921,74.215,74.56126
64919,80.73,81.14283
64938,79.248,79.577545
64957,77.556,77.92651
64981,92.278,91.451775
64950,64.201,69.983
64960,79.069,78.29866
64982,78.721,76.22968
64966,84.086,82.14292
64994,87.81,83.408295
64996,84.907,84.625786
64963,75.304,76.22361
64946,78.786,73.012726
65007,82.79,82.73377
65000,80.582,81.475334
65017,73.908,73.84619
64980,76.193,78.096855
65019,83.158,79.60109
65020,77.625,78.199585
65049,89.042,87.43161
65048,82.62,85.35049
65047,81.587,80.33325
65042,95.433,96.87425
65066,72.486,72.28727
65030,70.551,72.10315
65073,90.341,90.29219
65079,77.07,77.853386
65084,84.243,82.57167
65099,98.4,97.53367
65068,75.903,75.364685
65075,77.388,74.72875
65111,77.571,75.19622
65096,82.409,85.4625
65126,86.967,87.27247
65121,75.703,79.04762
65124,73.647,79.65143
65115,77.048,75.40765
65125,70.988,72.46814
65143,63.549,69.241844
65134,79.608,80.53859
65192,78.958,81.17759
65180,80.887,80.89644
65185,78.261,75.204254
65203,84.897,85.34821
65199,71.102,74.76353
65204,85.137,85.881256
65231,86.409,86.772766
65230,86.611,87.18987
65232,85.712,86.99004
65233,86.112,86.29147
65198,76.505,75.759995
65184,71.082,73.745735
65253,89.48,89.97423
65299,90.143,89.636765
65300,87.626,87.541595
65283,83.538,82.89127
65314,75.839,74.153015
65293,79.023,80.07326
65295,77.436,79.32872
65266,69.699,71.085526
65340,60.036,62.903305
65378,75.861,74.7336
65401,78.469,80.50327
65417,59.908,59.936493
65316,87.476,76.88725
65433,58.725,57.99166
65454,78.222,77.064445
65449,59.689,70.05681
65456,75.926,75.382164
65458,90.653,87.320335
65476,83.6,78.4342
65496,94.498,93.75159
65497,93.408,91.7748
65462,78.107,78.682785
65474,83.25,79.67095
65493,71.615,72.644745
65473,81.425,83.4606
65508,65.815,69.65634
65514,66.727,69.53342
65518,66.584,71.07458
65515,68.857,69.282234
65522,68.585,70.81535
65523,68.509,69.94615
65559,80.111,75.11369
65551,75.546,76.641624
65560,83.013,84.25056
65558,85.016,82.08217
65572,71.683,70.151985
65582,89.628,89.059525
65581,96.778,87.69202
65585,76.337,78.57292
65573,81.475,82.703674
65626,82.86,82.18971
65610,75.198,75.49205
65622,79.74,77.95848
65642,86.218,86.806076
65638,78.719,78.99073
65636,77.906,78.986855
65618,75.601,74.4686
65639,78.662,79.50964
65645,79.748,80.24624
65637,76.752,76.831635
65659,73.642,74.269554
65649,72.381,71.52072
65650,73.886,71.449646
65731,84.876,86.598526
65647,73.009,69.50306
65726,84.355,82.682816
65745,70.84,74.992
65765,77.368,77.58181
65771,85.478,86.61427
65756,61.475,71.96363
65766,77.641,77.00481
65792,93.309,92.08792
65770,63.065,66.121056
65772,64.61,64.256035
65778,65.716,66.382355
65800,87.668,81.59673
65802,72.046,71.83225
65759,68.923,70.192184
65785,84.039,71.083496
65784,82.101,68.84107
65815,86.078,85.990265
65836,76.942,76.339035
65795,71.168,70.3046
65842,72.577,73.69917
65830,61.608,63.711807
65845,77.292,77.1247
65844,67.434,72.02677
65835,74.973,78.933556
65884,82.801,83.33403
65898,75.894,80.11101
65877,76.739,81.895935
65885,78.533,80.974236
65849,70.869,71.58605
65882,70.945,75.88196
65900,73.824,76.28183
65901,78.336,81.01208
65904,70.691,75.95152
65934,90.833,90.94399
65928,77.637,87.81171
65949,81.39,86.99104
65957,95.777,94.999176
65958,95.031,93.04204
65930,82.618,83.20724
65992,88.512,90.13388
65995,71.124,67.68219
65998,88.532,84.16303
66009,77.495,76.47666
66019,81.383,82.986984
66031,90.465,90.1107
66027,73.727,72.78074
66016,77.073,76.99306
66005,71.926,71.60392
65979,79.723,83.17731
66037,78.192,82.15003
66039,85.447,72.22278
66024,82.297,73.830956
66066,71.35,72.85114
66083,72.47,71.33015
66099,75.188,74.63499
66108,74.322,73.58564
66107,73.382,72.1064
66115,73.333,73.76501
66150,72.186,76.24478
66119,71.048,73.296974
66161,65.488,64.8649
66190,80.334,80.883965
66187,79.94,80.95597
66195,66.542,67.1622
66196,72.466,73.00946
66219,89.334,77.5376
66230,90.562,90.03366
66218,87.391,79.56819
66192,71.13,73.003914
66244,92.765,92.80894
66211,84.688,86.16736
66207,67.796,74.40167
66248,81.526,81.95834
66251,80.459,82.08038
66249,82.944,81.79014
66225,79.989,80.21697
66250,83.734,82.375046
66263,75.958,84.123695
66258,79.565,68.43802
66254,79.965,82.00779
66283,88.088,87.76699
66270,67.536,69.08447
66286,61.51,86.77495
66285,84.555,79.788155
66259,69.861,73.61273
66226,77.273,73.53291
66306,88.19,87.53067
66266,77.847,81.10351
66279,69.5,74.69598
66290,75.358,76.37739
66324,83.468,81.04169
66337,81.78,82.41092
66319,73.952,72.10018
66351,75.366,76.09471
66382,80.825,81.71061
66357,71.695,73.42952
66383,79.226,80.68369
66401,74.904,77.330444
66402,72.792,74.09336
66435,82.349,81.30405
66437,93.276,91.217
66418,76.458,74.24048
66451,96.66,96.02262
66444,92.467,92.51972
66450,91.599,92.04529
66440,88.872,89.26116
66466,91.599,89.06471
66445,88.948,88.66118
66467,94.879,94.20628
66449,89.793,89.71638
66446,94.305,93.55835
66470,74.985,75.91394
66456,81.627,79.89618
66469,81.622,81.48529
66477,80.057,80.511505
66463,78.592,81.20747
66486,74.466,73.07399
66493,79.012,77.12673
66503,79.121,73.10101
66505,84.802,86.84746
66501,77.02,75.71944
66507,85.84,86.867645
66543,80.732,80.17877
66544,80.606,80.310394
66522,77.199,79.94024
66542,79.133,79.0637
66514,85.994,76.77661
66557,92.997,90.205376
66548,90.024,89.83485
66546,78.927,78.843735
66537,77.434,78.0246
66565,77.882,77.967674
66570,84.423,83.581345
66575,85.276,84.86203
66578,83.545,82.1616
66536,67.687,68.90068
66631,87.921,93.2204
66577,77.537,75.57567
66586,76.883,75.7476
66579,77.567,77.92986
66690,77.646,82.11821
66692,82.527,81.12478
66696,77.604,75.92164
66693,80.368,77.089836
66714,83.545,84.24835
66688,71.024,71.28516
66712,79.968,78.074776
66737,83.727,83.48035
66718,58.196,71.05786
66711,72.373,71.768036
66728,95.925,81.98355
66724,70.899,73.09243
66725,70.314,70.307785
66752,90.748,91.44436
66776,79.091,79.90582
66791,78.104,81.47559
66788,77.786,78.760994
66781,69.603,78.450356
66787,78.764,78.821655
66848,87.769,89.217964
66841,85.396,83.53389
66861,84.744,84.05235
66851,83.32,80.496155
66855,72.031,75.33625
66878,77.954,78.23705
66903,83.118,76.76182
66902,80.943,83.3579
66911,70.702,77.07419
66931,58.535,65.86662
66927,72.056,67.17818
66944,61.111,65.32818
66955,78.159,76.719604
66958,72.744,76.46227
66956,67.417,71.49632
66996,83.212,82.735016
66981,74.042,74.47904
66964,74.141,74.500435
67004,84.713,84.846985
67024,85.423,85.92951
67036,81.208,79.59524
67037,79.107,75.59764
67009,81.148,75.96433
67047,79.864,79.80185
67023,78.948,79.111725
67105,71.598,75.344505
67093,70.282,73.50905
67102,72.108,73.38024
67098,70.935,70.73508
67106,70.795,71.493614
67108,65.466,65.872284
67160,81.237,76.31262
67136,77.277,75.38427
67207,58.04,65.063705
67208,90.003,91.93947
67202,78.311,79.74833
67236,73.085,76.17634
67219,77.345,75.68856
67251,85.261,85.084236
67244,84.534,84.483246
67249,81.225,81.17822
67263,79.015,77.15907
67234,72.934,73.24461
67300,92.745,90.804886
67304,85.278,81.33353
67256,77.492,76.38777
67289,77.732,78.23336
67257,78.135,75.899826
67262,72.829,74.08015
67370,94.536,94.48396
67393,90.616,90.640884
67406,90.317,92.14723
67518,77.938,80.42389
67516,82.002,79.9765
67551,76.491,78.40451
67581,77.732,77.415794
67533,71.109,69.20213
67572,73.154,71.70151
67585,75.165,74.794785
67582,75.042,73.05385
67583,76.504,74.90984
67625,75.201,70.457306
67613,75.163,70.93505
67615,74.649,72.960655
67587,74.921,73.948105
67651,84.448,84.95313
67669,69.264,76.153336
67668,79.772,75.99599
67690,82.617,89.142105
67685,87.448,89.367584
67672,79.052,78.05628
67675,78.126,77.50882
67640,78.424,78.2014
67677,74.922,74.29613
67702,79.547,79.77766
67719,79.471,79.79129
67720,73.255,73.65144
67712,72.75,77.80933
67704,72.859,75.243706
67750,81.365,81.45135
67754,82.022,79.96573
67763,82.554,80.78217
67758,78.512,82.412476
67769,76.882,74.02685
67768,75.706,75.62244
67770,76.495,77.74045
67771,75.191,77.5209
67772,76.815,76.987
67759,80.016,79.99834
67894,84.146,87.39489
67905,82.869,85.690025
67858,76.37,74.300545
67909,80.357,82.45674
67896,76.95,77.14258
67837,61.535,74.68808
67892,78.488,79.747986
67916,81.049,84.86617
67915,81.811,82.32744
67893,67.541,73.14664
67912,76.802,78.346794
67924,83.567,79.45726
67961,75.596,77.96249
67950,77.257,78.15403
67978,91.13,86.765274
67951,83.115,84.279526
67966,84.364,81.2393
67949,83.472,80.83508
67933,80.464,81.61093
67968,74.413,76.067215
67972,70.93,70.268715
67904,72.396,64.14168
67971,82.466,79.46628
67990,83.437,81.742256
67992,68.047,74.5103
67982,79.172,66.24625
68000,85.942,86.023506
67983,71.919,72.963425
68010,85.942,86.774796
68007,83.774,75.59018
68016,81.466,81.46741
68004,76.637,77.14667
68017,80.951,80.97403
68005,79.895,78.85464
68002,78.068,76.647804
68026,82.216,82.49856
68001,63.092,66.854385
68046,82.825,81.1455
67987,79.128,67.7905
68013,72.942,68.32492
68049,78.664,79.447975
68045,81.981,80.84721
68070,78.212,77.85976
68042,81.383,81.41875
68040,75.284,76.39854
68072,79.619,79.82544
68021,76.353,78.52149
68077,77.384,77.76553
68089,77.75,78.42888
68082,76.539,77.08701
68048,74.594,76.777565
68092,77.076,80.02831
68095,86.19,85.990585
68096,88.99,88.252075
68132,85.546,86.172424
68104,76.771,75.86932
68122,84.53,85.714584
68121,79.671,75.25638
68141,77.634,78.31235
68137,67.964,69.874695
68180,79.695,79.43195
68140,81.584,88.56253
68204,80.711,85.0663
68198,66.26,68.80898
68236,94.952,94.27104
68218,78.322,78.71255
68207,84.984,85.64965
68242,78.915,82.70397
68257,66.579,71.14352
68256,75.668,80.356606
68246,78.986,76.08534
68284,81.086,81.24315
68280,82.238,79.942245
68283,83.951,81.381615
68285,81.142,81.20817
68281,78.639,74.628105
68291,79.549,80.38267
68287,72.803,74.6203
68303,72.175,73.2845
68294,67.912,64.27166
68314,86.846,86.7443
68313,86.271,86.07927
68322,88.759,95.60268
68292,72.377,76.47695
68237,73.806,72.87109
68289,76.437,75.22658
68336,96.95,84.61592
68348,85.624,85.95482
68350,78.236,78.63895
68352,79.43,79.04609
68364,77.174,77.006615
68357,66.442,66.17594
68379,83.307,80.771706
68386,93.094,91.485214
68366,78.811,80.816246
68374,82.824,80.43504
68396,81.416,82.61668
68398,82.9,84.37524
68360,74.567,75.42964
68333,71.772,69.08474
68393,82.971,79.82582
68384,72.99,70.337425
68407,64.593,83.10723
68404,83.1,82.98203
68422,79.66,79.37293
68416,82.929,84.302765
68420,73.75,73.61179
68419,74.65,74.96858
68433,82.637,83.61735
68427,79.963,78.8063
68428,79.566,79.42516
68441,66.529,80.35998
68457,87.387,86.006485
68432,77.296,77.72346
68430,77.25,76.62921
68485,74.46,74.5282
68462,77.494,76.43775
68499,85.315,85.47518
68489,78.579,76.342545
68484,75.94,77.7112
68490,77.847,70.1396
68526,70.021,75.62574
68532,78.932,77.69919
68528,64.843,74.59613
68569,74.472,77.866486
68571,73.07,77.010826
68553,75.904,73.8169
68555,76.023,75.289024
68533,77.952,73.00534
68554,75.437,73.445145
68572,76.483,76.127975
68592,82.32,82.77441
68598,89.675,88.87869
68534,64.649,73.00351
68593,78.802,79.70889
68595,90.147,87.468735
68589,80.632,81.167
68574,76.117,66.6094
68606,82.875,81.76938
68614,81.892,81.50658
68604,78.664,77.839905
68624,81.2,81.27477
68620,81.137,79.68765
68584,73.745,70.57797
68629,81.199,80.53474
68652,81.948,86.043205
68651,86.426,88.928604
68681,89.959,90.74568
68684,87.779,89.347885
68704,81.573,80.96938
68703,83.873,81.94182
68653,75.708,76.83982
68719,78.025,78.23862
68723,80.271,78.286446
68721,74.951,77.600975
68718,67.789,70.4506
68762,85.419,84.09279
68741,81.901,80.334785
68781,94.578,94.233
68789,95.31,94.5481
68790,82.887,82.01301
68792,81.42,80.60243
68776,74.227,76.142555
68798,76.178,77.85565
68800,81.317,82.58032
68807,80.088,77.60149
68830,91.684,93.186584
68804,78.561,78.03193
68841,86.596,87.376274
68825,81.091,80.28918
68833,72.546,74.45594
68832,72.058,72.91659
68834,72.328,76.67636
68828,81.355,78.55392
68794,74.275,69.15412
68831,72.382,76.51551
68851,84.387,86.67652
68854,83.259,86.90669
68864,79.059,77.08544
68836,75.679,73.347565
68863,72.392,78.64584
68890,94.251,91.74037
68891,95.306,90.44236
68882,70.843,69.78698
68869,89.317,76.563225
68889,79.317,78.63512
68905,75.561,75.403404
68884,65.808,63.286594
68893,87.842,82.24638
68907,87.182,93.53335
68894,64.171,62.41166
68899,66.408,62.86174
68900,74.26,68.40826
68897,67.01,57.217033
68906,68.514,61.444454
68847,74.018,73.85719
68845,75.254,74.85299
68903,63.587,61.955917
68911,73.777,75.33924
68846,73.842,74.13313
68926,78.159,79.30146
68908,64.427,61.743214
68924,76.108,77.04963
68920,74.482,75.4
68932,77.952,78.51271
68913,76.018,76.39724
68914,76.508,77.81275
68940,77.308,77.474
68923,75.743,78.162254
68935,76.731,77.52999
68953,80.457,80.59065
68943,77.573,79.20999
68966,77.791,80.17521
68942,79.382,77.15436
68983,76.225,77.74101
68975,71.978,73.44139
68982,75.751,77.71754
68987,80.204,82.29793
69013,90.249,90.84378
69004,83.216,80.21282
69044,76.122,76.32065
69038,74.989,75.61568
69047,75.055,75.67759
69040,81.577,81.36944
69147,94.172,94.06967
69098,75.808,69.91772
69099,74.938,67.644424
69136,73.034,77.825294
69166,93.482,93.22139
69167,92.978,91.98036
69156,77.274,77.07889
69155,73.721,74.071556
69126,91.113,91.688225
69191,59.238,86.066956
69203,81.663,83.38455
69188,70.865,71.345894
69189,71.08,71.68866
69205,79.959,77.57468
69221,72.636,74.12201
69222,76.697,77.83838
69220,71.656,72.72886
69226,85.413,84.763054
69215,86.718,87.660484
69208,63.323,74.0865
69206,74.434,75.77177
69198,73.78,80.115395
69218,70.009,70.09077
69219,76.544,75.5945
69200,74.312,79.46891
69227,67.74,68.66876
69230,76.933,78.04949
69283,77.757,78.17216
69274,75.335,77.13631
69294,93.88,93.12949
69285,74.917,77.25589
69284,75.332,78.2585
69232,80.92,80.5114
69297,75.098,75.87818
69304,78.743,81.13739
69313,70.754,73.60005
69331,74.932,76.95706
69341,73.813,67.18103
69330,73.155,73.620766
69329,78.676,81.49341
69355,84.702,86.05701
69356,85.717,86.59625
69359,85.104,86.00807
69342,63.636,74.93832
69335,71.783,75.32321
69352,76.198,74.989624
69389,78.957,74.10664
69390,71.362,70.728195
69343,72.321,72.51544
69353,58.04,67.43263
69413,93.148,90.04949
69395,74.369,73.6103
69388,75.45,74.86831
69398,77.698,78.955475
69400,83.6,84.32704
69446,88.534,89.772675
69450,79.176,81.420525
69458,101.184,82.502
69440,70.669,69.149055
69460,80.489,81.61501
69459,80.595,81.99314
69457,105.822,74.174545
69451,78.391,80.64243
69466,74.876,75.09463
69472,79.269,77.31107
69473,79.939,83.91633
69491,78.258,76.31504
69481,77.301,77.51957
69475,74.894,75.88654
69495,69.96,76.0469
69489,74.484,76.855125
69487,75.386,75.55896
69497,75.378,76.11971
69498,74.117,72.4595
69515,85.646,85.859314
69474,74.023,73.26964
69527,89.071,88.72153
69530,84.4,82.47854
69529,90.012,89.68473
69514,75.408,77.331696
69504,77.618,74.360535
69554,83.24,84.36902
69587,80.035,79.99394
69590,80.589,79.4405
69586,80.389,79.911125
69591,77.72,77.04539
69540,77.931,76.946106
69584,77.362,76.921104
69607,86.661,82.47822
69597,80.915,82.08917
69620,74.591,73.73902
69602,80.785,80.07341
69609,79.138,79.80595
69603,74.891,74.500565
69640,68.763,70.29887
69678,85.36,85.42577
69676,87.393,86.81723
69677,59.137,65.702354
69681,79.837,77.33948
69698,81.95,84.854195
69695,83.375,84.73862
69649,77.163,71.03919
69687,73.039,73.98648
69694,73.521,74.86165
69696,77.511,79.985596
69724,86.594,81.76892
69725,89.411,88.002975
69685,75.489,77.12824
69739,84.311,85.06732
69740,83.937,82.43027
69751,85.979,86.48953
69799,88.736,89.47428
69766,80.834,81.78781
69802,92.325,87.016396
69807,84.346,83.48035
69808,89.958,89.304115
69804,88.82,88.179596
69810,87.35,87.10891
69811,85.325,85.37405
69738,77.574,76.43725
69809,85.542,85.961655
69763,90.506,91.03391
69748,71.751,70.71719
69800,73.282,75.92627
69812,80.704,79.69025
69824,68.961,66.77556
69822,76.401,72.09717
69821,66.611,71.84793
69855,94.512,94.281555
69858,81.522,72.95326
69877,75.914,76.10409
69888,77.628,81.55787
69890,75.787,76.785385
69897,86.667,74.31174
69898,85.512,83.070755
69873,78.341,83.725075
69892,75.946,77.87145
69879,75.159,79.05915
69889,76.638,76.779045
69891,75.516,78.801315
69823,77.367,76.32004
69893,73.883,77.937546
69905,75.354,74.65702
69925,80.777,79.196304
69872,76.976,82.06048
69927,82.984,82.64191
69928,77.758,79.861565
69929,80.887,79.52538
69902,73.856,80.30971
69926,82.845,81.27437
69931,80.079,81.085754
69937,79.257,80.49047
69930,77.321,78.91071
69932,83.862,82.47436
69909,71.842,73.018265
69910,71.511,73.47181
69952,82.305,83.28776
69958,80.215,79.14144
69961,84.192,85.3284
69957,79.983,79.516396
69940,74.468,75.01862
69939,81.494,76.81774
69967,74.738,74.552795
69986,95.926,89.975174
69962,78.172,80.80841
69979,77.112,81.05861
69943,75.81,73.62959
69992,87.984,87.02723
69987,87.669,81.17279
69942,76.414,74.16782
69970,81.441,79.210526
70004,85.108,85.5505
69990,77.921,85.212204
69988,64.351,69.97372
69997,62.862,65.15851
70000,76.524,75.875244
70025,86.214,87.44532
70015,73.067,74.484886
70019,76.754,75.01167
69994,75.078,75.13601
70009,81.376,80.68047
70041,96.019,94.31585
70034,63.679,68.01303
70007,71.173,68.0395
70006,70.543,67.077644
70005,69.674,66.85357
70057,87.44,87.42893
70054,86.773,86.202614
70045,80.691,83.24509
70050,77.884,77.716415
70074,101.572,102.22232
70033,75.502,76.00039
70056,76.972,75.12989
70075,76.777,76.11153
70061,72.217,75.48271
70063,67.502,68.88699
70078,75.331,82.57937
70029,75.495,75.18651
70094,83.748,84.41493
70067,74.299,72.33719
70123,78.935,79.62441
70127,73.623,73.68646
70091,67.286,70.842354
70130,69.662,73.07081
70129,65.934,70.94949
70159,73.64,78.333496
70168,77.337,80.475266
70170,74.549,77.70154
70172,81.929,82.500244
70171,74.8,76.85223
70178,77.546,77.286026
70160,73.986,74.33758
70166,72.882,73.73341
70161,73.58,74.964806
70187,80.816,80.30687
70167,70.889,74.39367
70144,81.518,83.99498
70195,85.007,85.26632
70202,83.671,84.5113
70145,79.893,82.796486
70206,79.955,81.50093
70267,78.201,79.31284
70260,81.34,81.62094
70266,82.666,85.91423
70265,93.345,85.23763
70273,85.314,88.16925
70275,84.669,85.61513
70274,84.026,86.13761
70272,82.73,80.109665
70259,60.655,75.87637
70322,94.146,94.890015
70321,85.502,81.65803
70308,76.275,82.59256
70333,85.315,85.65024
70346,85.742,87.80623
70352,76.662,79.56077
70330,81.461,80.08773
70377,76.379,74.99843
70354,79.96,78.51993
70355,73.753,73.36223
70351,77.204,84.407265
70379,77.772,76.76643
70372,79.603,81.5981
70394,71.38,71.81357
70418,82.577,80.91178
70395,83.956,80.998405
70400,79.031,79.05094
70443,75.721,75.19798
70469,62.637,69.26227
70473,81.976,81.9134
70475,81.659,80.93123
70464,74.975,72.20968
70476,81.802,81.43946
70507,83.271,83.56924
70525,83.68,83.37986
70532,82.474,82.3736
70537,83.827,83.12075
70536,83.392,82.90816
70521,81.599,82.2204
70534,86.804,86.94487
70538,85.42,85.320404
70553,75.784,76.176674
70575,77.598,78.04128
70581,79.535,79.2549
70594,84.526,85.38458
70598,72.744,69.77683
70631,90.008,86.80568
70578,82.268,80.80626
70600,86.781,85.23952
70629,81.752,81.313995
70633,91.615,91.235275
70609,72.369,78.04382
70648,82.373,83.48035
70651,91.472,90.675766
70674,67.179,68.14415
70649,69.41,72.69416
70690,84.665,85.41022
70693,85.181,85.78322
70666,82.217,80.53427
70670,74.199,78.08871
70694,85.052,85.76526
70668,77.741,78.46884
70714,76.888,79.53235
70673,70.169,76.495
70754,73.559,74.285706
70795,91.474,91.10656
70797,92.528,93.38564
70759,76.028,76.127304
70760,70.902,72.70395
70798,69.367,69.88994
70761,69.729,68.089645
70815,84.345,86.59414
70813,77.357,76.41365
70811,77.138,77.765976
70808,88.139,88.80637
70833,76.624,79.27424
70834,86.117,83.64168
70776,73.127,76.0728
70843,85.615,84.53916
70844,84.987,86.31744
70835,83.39,77.96344
70838,85.197,84.42433
70814,73.846,74.4628
70820,71.898,66.81175
70839,84.85,83.98469
70868,68.115,80.56848
70877,85.223,84.63709
70878,84.31,83.57628
70875,79.456,80.60466
70871,71.827,70.13967
70856,77.075,79.79121
70870,70.951,72.3953
70881,84.489,84.89529
70880,84.062,83.82082
70873,76.084,82.068146
70874,79.605,79.38179
70892,80.449,79.61089
70872,76.664,83.44958
70897,71.275,72.7982
70860,71.978,71.54834
70894,72.313,72.285194
70891,75.884,76.354256
70903,73.131,73.61351
70902,73.255,73.19534
70916,88.873,90.60327
70904,73.468,73.584145
70920,85.499,84.68888
70925,81.255,82.38287
70859,74.291,74.701355
70950,80.507,76.32043
70989,83.179,83.186874
70995,80.578,82.48832
70942,79.433,78.75841
70937,80.161,79.923836
71003,92.983,89.94052
70977,74.024,76.34945
71025,73.092,72.38561
71030,86.966,87.10868
71009,69.151,81.070404
71007,68.138,81.66155
71005,69.032,86.14803
71006,69.303,86.17424
70975,77.662,77.855545
71044,75.551,74.10359
70992,61.605,83.43298
71037,71.777,71.18271
71021,77.617,79.480675
71039,71.675,71.3075
71056,89.74,90.40218
71054,87.975,88.733826
71059,88.989,89.1275
71055,86.553,87.77274
71063,86.785,87.12636
71060,81.332,81.17896
71043,68.972,72.01018
71108,84.71,85.702835
71112,85.503,85.1409
71091,71.807,71.39249
71082,68.478,69.986
71083,68.534,69.407776
71138,82.661,84.03717
71170,79.861,84.12984
71168,81.805,84.730484
71180,86.728,88.97888
71177,78.557,81.01495
71176,86.182,88.95748
71173,79.824,81.20716
71193,87.525,87.0998
71198,82.867,86.736275
71187,86.285,88.41605
71182,78.013,80.16719
71213,74.469,77.95025
71211,79.887,79.767624
71175,75.453,77.654526
71217,84.002,81.27267
71204,75.695,75.08875
71203,76.758,74.25514
71205,71.371,72.92425
71214,78.165,78.35493
71200,82.245,78.18094
71231,66.307,66.78737
71239,77.053,79.534706
71259,83.546,84.66295
71260,83.317,84.67618
71248,79.656,80.579254
71268,77.502,76.728325
71269,77.341,76.565285
71246,75.132,72.06084
71287,77.345,77.30823
71279,79.89,81.93358
71289,79.3,79.417206
71275,76.985,76.70755
71273,76.52,75.02867
71301,79.498,76.62844
71284,82.701,80.20752
71227,73.242,70.81938
71226,70.783,72.86779
71313,79.437,79.915665
71336,80.34,81.87099
71333,79.368,79.76114
71309,72.81,73.35798
71348,83.676,82.64164
71370,84.977,83.48035
71367,85.58,80.60603
71366,76.89,78.42798
71388,72.39,76.61163
71360,74.106,74.80065
71376,71.798,74.63516
71383,72.95,73.037735
71371,78.17,77.908775
71385,82.42,82.941284
71387,77.348,80.90827
71418,77.669,79.58457
71406,74.805,74.39392
71374,95.022,69.7803
71400,75.507,76.208374
71462,70.454,70.62757
71469,76.33,78.69884
71477,66.587,67.207726
71475,81.554,81.54692
71501,66.657,67.63208
71506,68.087,65.937355
71536,90.258,87.98241
71607,77.881,79.98644
71615,74.724,72.93821
71605,77.453,78.4825
71643,84.204,84.69899
71627,78.359,77.72089
71664,76.746,76.73167
71655,74.917,73.23489
71673,73.888,76.54946
71685,80.362,84.09863
71670,86.214,85.91755
71700,88.825,89.76513
71704,58.734,70.60261
71725,90.951,89.17293
71718,87.011,84.016815
71697,77.118,78.22661
71735,88.548,86.710815
71753,86.965,84.39484
71803,82.804,80.69267
71864,89.048,89.11046
71931,95.778,96.97792
72073,88.124,88.95893
72168,86.476,85.04585
72191,82.189,82.11564
72333,81.587,79.38467
72381,76.825,76.73773
72388,76.53,75.41789
72465,76.323,77.96228
72470,80.572,82.188995
72404,79.583,78.58623
72405,68.773,69.9965
72522,77.833,81.62562
72580,89.862,84.438614
72574,91.784,88.519295
72590,88.597,85.566505
72600,88.222,86.52131
72639,83.037,81.208595
72637,66.471,90.93159
72665,82.216,82.95343
72651,70.996,73.81604
72650,75.469,77.3784
72688,85.3,84.01483
72694,85.121,84.04124
72748,79.002,80.144936
72749,75.814,77.37297
72777,65.384,77.70377
72813,85.254,84.676895
72814,91.228,89.64557
72828,73.93,77.653465
72989,84.052,86.48479
72982,90.147,90.98954
72999,81.321,82.61359
73002,87.74,84.61195
73060,99.824,98.61261
73061,77.699,76.95571
73074,80.327,78.844055
73225,79.843,82.25789
73264,67.349,70.72115
73319,74.886,75.17527
73320,83.208,83.087524
73361,90.643,91.51366
73360,86.298,89.84033
73365,74.349,74.55896
73354,91.467,94.6394
73399,77.507,75.63853
73378,58.06,64.70829
73395,78.776,80.35437
73415,80.395,79.24475
73439,88.847,89.13364
73469,94.769,95.862404
73498,75.0,76.10089
73499,74.955,76.19351
73601,85.239,89.3502
73625,83.083,91.36142
73743,95.448,96.21719
73755,77.631,76.25386
73886,78.009,80.61724
73910,85.933,86.59858
73905,87.668,86.33175
73951,83.255,84.12578
73953,63.029,62.632957
73934,75.126,79.23951
73928,73.628,71.599525
74006,80.521,81.70679
74079,90.08,89.6064
74080,77.759,75.66187
74110,73.489,71.38372
74127,62.061,71.750725
74394,89.984,90.06064
74408,84.013,82.630104
74417,95.056,96.0587
74436,95.252,93.17296
74423,79.538,80.623604
74439,80.648,75.66793
74453,65.181,72.593796
74443,83.779,81.344925
74482,81.296,81.66816
74507,84.024,82.22044
74522,73.37,72.85831
74588,94.019,92.30193
74598,74.613,72.90956
74680,70.373,75.25192
74686,92.018,87.02377
74727,77.087,76.73105
74734,81.593,77.928024
74731,78.654,74.3298
74746,77.133,78.23171
74743,77.354,78.45243
74747,76.991,79.00293
74781,77.25,80.20121
74776,81.571,82.410576
74770,69.508,69.71576
74775,80.879,82.0204
74820,80.639,80.137245
74774,63.663,61.085953
74819,83.58,83.933136
74845,75.79,76.44723
74929,94.402,95.125656
74912,80.084,66.456276
74941,80.953,77.64409
74956,77.936,78.833595
74979,88.078,88.45527
74960,75.994,77.21736
74994,87.125,87.18954
75011,86.997,86.82989
75001,87.091,87.786446
75018,87.759,87.65037
75040,86.206,87.104805
75059,85.514,82.59898
75066,81.964,83.63409
75061,85.952,84.904205
75060,84.371,84.88568
75090,82.639,86.133995
75054,75.391,77.353065
75093,77.59,78.5566
75156,86.305,88.037
75177,86.687,86.02444
75220,96.168,95.84717
75271,78.067,70.28256
75261,70.871,70.52612
75244,83.867,81.48056
75289,69.224,70.73313
75315,82.745,82.890785
75304,72.922,72.420456
75462,83.804,80.34133
75467,81.303,80.71375
75515,80.691,82.838974
75537,73.79,81.9408
75548,68.39,70.51272
75557,82.437,82.66163
75551,86.267,85.869026
75578,92.787,93.312965
75560,76.815,69.5736
75575,90.222,95.078
75593,77.945,78.3092
75605,83.798,80.518196
75607,77.155,77.491714
75648,93.504,93.77261
75629,72.414,73.835655
75621,76.329,76.6399
75643,71.523,73.49303
75644,69.047,73.53694
75639,79.011,80.55464
75659,78.744,86.600136
75660,82.044,78.29196
75657,72.2,73.79634
75661,77.429,77.76408
75662,72.007,70.993324
75698,81.351,81.58074
75692,83.214,79.15607
75696,77.92,78.97971
75750,75.357,74.9577
75765,76.905,80.96353
75773,75.319,74.12633
75756,71.646,69.649216
75808,71.907,73.20629
75804,77.457,73.243774
75817,83.484,84.49148
75833,76.604,79.29893
75834,79.989,80.43502
75869,82.336,79.10787
75835,79.336,80.46261
75877,72.996,69.70361
75897,76.444,79.02517
75949,78.721,77.704506
75981,62.023,72.65619
76019,64.879,64.52265
76000,78.3,80.57165
76017,82.309,82.85923
75995,71.828,75.12642
76001,72.008,79.511665
76053,83.016,81.86784
76060,62.239,83.95451
76085,90.343,92.25973
76087,86.431,85.232956
76057,76.123,80.441536
76080,77.019,80.17195
76077,76.996,80.34424
76115,100.684,100.02937
76114,69.181,70.984604
76096,71.225,65.810425
76135,78.787,78.58272
76093,80.094,80.48731
76118,78.443,76.827515
76112,74.345,71.67672
76129,67.334,66.774635
76100,72.001,67.95252
76144,85.79,85.94991
76123,64.521,65.055305
76173,84.747,85.1109
76163,79.09,79.85824
76145,74.585,75.12446
76168,73.724,74.64037
76208,76.129,75.59354
76212,84.36,84.288574
76209,70.549,69.94344
76191,70.864,71.65468
76175,72.541,74.29788
76221,64.497,69.96719
76245,87.99,87.69633
76232,77.759,78.18121
76233,83.717,80.50603
76147,74.432,75.37388
76228,78.875,78.88629
76255,94.54,94.325775
76247,87.821,85.86735
76248,60.27,53.646126
76268,78.39,78.26993
76257,74.922,74.763824
76260,74.622,76.48916
76302,90.999,91.58091
76308,84.348,82.369804
76332,90.802,89.375534
76334,85.871,86.34688
76325,84.102,83.89118
76326,85.313,85.05831
76336,85.38,85.489914
76339,82.162,81.83046
76343,89.308,88.8674
76344,87.181,87.16785
76352,70.872,71.615944
76370,85.993,85.93764
76342,83.891,83.48035
76359,85.122,85.813965
76369,80.486,80.68686
76386,86.262,85.832634
76375,81.558,80.70915
76393,70.802,70.87283
76333,84.862,84.34056
76389,71.486,70.92717
76384,74.782,75.80896
76399,76.337,74.09426
76404,76.852,76.46853
76400,75.344,74.85095
76440,82.591,79.569244
76390,68.127,71.18382
76427,69.033,69.4614
76445,88.827,90.39812
76424,75.81,77.98111
76458,80.271,80.051994
76443,62.789,68.20127
76481,82.935,77.94681
76467,78.215,77.376495
76472,72.32,75.68179
76475,81.701,79.991104
76462,72.73,73.942154
76485,79.424,80.052086
76484,81.067,79.63145
76477,76.379,80.314835
76517,88.403,87.321
76495,72.613,74.19812
76468,76.149,78.518295
76504,75.989,74.62574
76531,78.312,85.66692
76525,75.173,77.13454
76530,87.02,87.95723
76539,76.508,77.89122
76540,76.226,78.148224
76524,72.096,77.63762
76548,75.541,77.21825
76553,78.846,74.71403
76546,75.166,77.61806
76569,73.217,76.80303
76589,88.442,86.83882
76580,77.435,80.067856
76591,82.16,82.40903
76595,89.916,88.91957
76583,73.388,76.20687
76596,89.432,88.47095
76581,72.514,73.21247
76594,86.157,86.16805
76565,79.252,79.65814
76567,78.732,80.318016
76586,77.671,79.905045
76590,75.177,76.77031
76602,81.543,79.42747
76587,77.863,79.93107
76618,84.078,83.291824
76605,79.307,73.51503
76619,78.913,76.06549
76646,90.253,90.47941
76647,84.334,84.17745
76640,84.31,85.047714
76649,77.75,76.144745
76648,72.235,74.12378
76655,76.456,79.44084
76634,71.76,72.654686
76672,70.972,70.94413
76673,76.835,77.885185
76686,77.001,75.45663
76676,81.291,82.71859
76691,81.359,74.605484
76713,78.668,79.204636
76736,95.882,73.63706
76749,78.21,77.90897
76750,76.485,78.03918
76751,75.83,78.45741
76732,76.943,77.22319
76738,79.489,77.79817
76741,79.803,71.455605
76731,79.413,80.7576
76734,78.686,75.1021
76733,60.977,62.092594
76771,74.322,73.37622
76775,76.975,78.417435
76755,74.12,78.52091
76781,83.619,83.71279
76740,61.579,62.946266
76799,63.175,82.167656
76807,94.81,95.00157
76809,76.004,78.188896
76838,73.156,70.76511
76844,93.187,94.79194
76827,81.022,80.16385
76843,82.295,80.28468
76834,74.019,76.015366
76853,84.572,84.495865
76850,85.244,84.61027
76848,82.085,82.33592
76857,82.387,82.880325
76869,82.962,84.130775
76858,79.862,81.77426
76864,81.572,82.30929
76871,80.443,82.52434
76876,83.163,84.146904
76896,82.703,80.289055
76912,76.547,78.05509
76841,62.006,72.632996
76897,83.632,83.56871
76900,78.752,77.57476
76901,79.173,78.87773
76866,77.05,78.26207
76925,70.303,76.47675
76940,92.193,91.95384
76939,89.706,88.91993
76930,88.507,84.0328
76966,76.385,78.09517
77006,84.174,79.260925
77019,77.117,78.06596
77038,71.99,78.68332
77068,85.218,86.98522
77050,77.978,74.96033
77046,76.265,78.29216
77070,79.472,80.458984
77072,66.085,65.89551
77055,76.296,77.09185
77104,75.34,74.37355
77128,98.497,95.39856
77125,87.859,74.45072
77108,71.242,73.62161
77146,92.581,94.52634
77137,74.807,76.93644
77087,72.818,72.67298
77116,81.749,81.52083
77117,81.582,80.80144
77156,94.641,92.63728
77144,78.561,77.77547
77175,81.659,79.8543
77183,94.366,95.987595
77184,90.465,89.98497
77159,75.44,76.88842
77193,83.938,84.1498
77174,84.309,82.203545
77209,69.534,90.5888
77181,73.656,73.42384
77254,83.47,83.9537
77237,81.137,80.56428
77224,77.34,75.64778
77240,66.852,71.21306
77275,71.608,71.37038
77235,71.083,74.13148
77277,88.368,82.72723
77281,62.658,64.52417
77282,66.404,66.89664
77267,101.446,92.71205
77290,74.576,77.041504
77286,74.939,75.15591
77293,78.278,81.062
77314,80.433,77.674355
77318,87.425,88.28922
77259,74.195,76.26318
77276,67.73,70.14932
77345,86.988,86.13155
77325,76.891,76.68098
77326,77.392,76.20729
77315,63.328,67.066635
77316,74.086,67.14151
77335,76.752,76.524994
77380,89.103,88.062935
77365,79.552,82.30911
77382,81.607,82.697975
77370,76.403,75.314354
77361,81.043,79.994736
77397,82.088,81.7239
77387,78.259,71.26822
77362,72.664,67.06142
77399,79.061,76.66684
77388,83.045,83.689255
77392,74.545,76.125885
77394,78.207,78.79349
77411,81.502,84.852936
77376,69.576,69.801384
77425,79.174,79.63205
77404,84.365,83.64451
77426,82.998,81.08334
77431,75.839,74.48144
77391,76.128,78.07409
77429,76.273,76.393005
77433,76.387,76.350296
77421,59.276,73.91142
77471,94.166,94.95617
77467,83.127,83.71469
77442,103.655,77.954796
77464,83.393,82.79352
77486,82.181,80.77095
77484,87.082,87.388466
77513,78.894,77.67464
77504,74.193,73.63926
77503,71.467,73.63506
77535,92.888,93.78045
77531,86.451,86.42552
77506,81.439,83.130295
77526,64.162,66.05299
77533,76.871,76.62171
77449,74.094,71.201324
77522,67.231,66.69263
77550,72.48,71.35574
77583,82.774,83.957146
77591,75.336,74.537994
77590,74.797,74.3384
77586,80.314,82.89255
77580,77.745,77.55006
77589,69.985,71.02977
77598,71.023,74.37586
77626,85.599,84.27509
77625,81.282,84.00804
77592,78.725,77.25694
77634,85.16,85.26873
77635,80.963,80.22746
77619,75.237,73.1007
77672,91.343,91.987274
77689,84.459,85.634285
77681,78.091,81.23432
77682,78.313,81.27467
77671,58.849,70.12438
77666,71.86,75.83842
77683,76.972,78.62435
77660,72.095,76.39757
77709,82.296,84.258514
77703,74.956,77.27876
77705,75.008,77.400406
77702,85.6,80.11824
77710,75.711,77.75597
77747,85.614,85.10679
77734,76.539,78.27478
77736,75.278,76.929375
77772,86.195,84.7045
77790,74.805,71.96808
77798,86.651,90.47222
77762,72.823,71.40746
77769,78.129,70.88223
77802,72.052,75.05896
77832,81.945,90.30274
77833,87.891,88.57336
77808,72.689,75.633995
77830,76.966,86.25652
77838,81.062,82.80987
77817,77.034,77.13194
77845,84.031,83.66383
77846,82.197,82.23967
77837,73.896,74.38884
77821,71.895,69.77101
77826,73.976,75.22894
77875,77.495,77.784424
77847,72.176,72.830414
77876,77.264,77.93744
77872,76.876,78.0652
77859,78.915,86.734886
77834,65.492,63.81128
77852,79.093,79.04012
77829,74.683,76.29571
77884,81.047,75.767075
77890,79.03,74.71534
77885,81.373,77.49187
77867,78.361,74.51271
77896,80.903,77.07624
77891,74.972,74.43455
77897,78.846,77.865135
77910,79.921,78.217804
77911,79.805,79.13758
77892,81.353,78.11938
77898,82.439,79.53169
77902,75.219,78.77453
77967,80.351,81.399376
77969,83.881,83.69984
77968,83.0,83.798
77970,82.855,83.20545
77958,77.214,76.6266
77991,84.51,82.67095
77955,73.261,72.29651
77994,57.408,81.90326
77947,73.342,73.59945
78000,82.163,83.89031
78021,80.35,80.624756
78042,70.4,81.164536
78008,74.144,71.82677
78041,72.776,72.520805
78059,96.404,95.17194
78069,93.568,92.03199
78084,81.631,81.38115
78102,85.547,83.85911
78103,82.178,82.05879
78073,74.986,74.562874
78097,77.637,80.64626
78120,89.018,89.054565
78125,95.3,95.36805
78045,79.276,78.69322
78077,73.628,75.95348
78147,80.248,80.681076
78132,79.665,79.785576
78101,74.355,74.20817
78131,80.927,78.672104
78159,72.713,78.7422
78156,78.858,73.15631
78162,75.872,78.94317
78158,85.501,83.11088
78141,78.175,78.08852
78197,75.887,76.429756
78217,81.477,81.409775
78176,79.449,80.34
78209,79.071,79.316765
78216,78.584,79.64517
78215,76.323,76.6296
78171,66.721,74.193665
78241,68.811,75.17024
78265,80.073,80.159195
78256,82.586,83.49641
78251,77.035,79.715126
78291,88.225,96.27433
78280,83.641,83.60913
78296,81.921,82.70587
78295,74.5,75.266655
78298,76.644,77.739174
78308,88.283,88.90731
78305,56.946,79.190704
78326,84.759,90.21977
78317,82.614,72.963936
78323,73.812,75.57252
78318,82.917,81.15733
78330,95.653,90.73773
78287,59.481,73.452576
78328,68.475,70.24316
78351,79.557,79.634964
78344,72.261,70.82946
78342,68.62,74.856926
78377,80.94,72.479614
78374,75.542,77.85713
78371,76.999,77.58227
78378,78.872,78.7985
78392,72.722,82.80966
78410,78.162,77.488045
78421,78.172,76.43502
78375,76.899,76.5038
78389,72.998,72.59021
78388,76.338,77.96657
78478,95.781,93.80003
78443,70.94,69.84949
78469,82.364,78.21536
78457,72.108,73.16617
78460,73.31,75.10528
78508,73.434,72.382866
78510,67.657,67.21335
78506,68.79,66.46524
78498,79.958,80.11842
78491,67.202,69.77211
78549,93.74,93.9209
78489,60.98,67.54026
78559,81.605,83.48035
78557,89.063,83.58161
78537,76.696,73.9351
78593,81.846,82.505974
78594,82.67,82.537766
78543,77.604,77.06543
78590,71.113,71.83452
78606,73.163,72.09931
78615,82.019,80.67599
78600,76.644,75.5788
78628,93.897,90.16786
78622,74.348,76.90074
78638,83.277,84.5954
78625,84.201,88.03985
78624,84.244,87.36687
78676,72.565,73.15583
78677,75.062,76.56404
78682,88.352,85.64428
78644,75.39,71.608635
78663,79.216,77.63165
78696,80.073,79.45365
78709,85.033,86.3911
78657,77.278,73.64185
78712,86.95,88.52458
78713,87.851,88.748276
78707,83.959,84.34214
78722,84.313,81.15786
78701,69.493,71.350204
78729,91.723,92.18973
78660,73.258,73.28174
78717,82.727,81.41391
78733,81.186,80.36615
78710,79.368,79.712494
78720,69.335,67.59842
78708,78.675,78.58996
78714,80.663,82.084785
78734,84.307,85.29922
78735,85.229,88.17284
78706,80.077,81.80082
78764,77.756,77.40692
78738,76.332,74.68669
78791,85.125,81.867485
78798,70.559,73.08237
78824,93.15,90.98899
78779,71.227,71.480225
78829,85.853,66.391884
78850,81.781,81.53639
78859,79.038,78.55004
78857,79.0,81.255646
78861,77.788,78.25558
78881,92.899,92.582886
78884,87.668,82.54625
78877,79.355,83.112495
78868,76.295,77.37157
78888,89.8,89.32115
78892,91.412,90.65672
78894,85.215,89.75555
78898,90.838,91.39724
78864,75.226,75.02732
78915,75.782,86.40243
78908,91.875,87.738045
78871,69.675,79.05065
78973,86.27,85.73108
78899,69.05,73.78794
78991,82.978,82.539474
78979,85.656,87.43544
78984,81.94,83.955
78982,82.756,80.760056
78994,73.808,76.325584
79030,95.629,95.246376
79035,93.673,93.383255
78926,67.193,63.91759
79040,88.241,88.590996
79043,81.241,80.00695
79047,83.605,87.15164
79034,75.102,77.51442
79033,75.048,76.512146
79061,77.205,78.36689
79056,81.323,83.960754
79088,77.257,76.099686
79093,78.339,79.25913
79104,78.709,79.24607
79101,77.825,77.30512
79106,77.04,78.20364
79111,77.531,78.132675
79100,77.832,77.94075
79114,76.773,77.876335
79113,84.65,85.96219
79130,79.582,77.74817
79124,78.086,78.578766
79139,78.505,74.29254
79151,87.113,85.72736
79055,77.316,80.14621
79173,73.931,75.8188
79196,87.526,87.678154
79198,89.678,90.64474
79172,80.477,81.52786
79199,90.341,90.163704
79181,76.289,76.95767
79182,76.408,75.800354
79183,74.995,74.86942
79208,77.826,77.50962
79193,82.281,82.350586
79200,77.551,78.02722
79205,75.856,78.11499
79245,82.801,82.246544
79243,69.003,70.24893
79240,80.531,81.00945
79256,85.521,87.848366
79257,88.152,86.8012
79260,81.83,84.18827
79294,86.459,85.693756
79258,79.834,82.618515
79259,81.466,84.03188
79280,76.677,77.617134
79264,72.035,69.01178
79299,78.603,78.71146
79324,85.43,85.33327
79336,84.164,84.36055
79333,77.834,78.94319
79338,76.782,83.027565
79342,72.413,74.64392
79364,80.979,81.12943
79368,87.813,87.66208
79365,78.331,75.768616
79366,80.159,76.10376
79354,69.69,71.65653
79374,85.598,85.209694
79384,88.342,89.074
79372,73.772,71.325035
79392,83.186,83.127174
79408,81.756,82.714226
79382,79.479,83.46081
79413,81.506,84.59186
79373,67.575,66.967834
79386,82.283,83.456604
79417,80.54,79.40934
79443,81.737,81.954636
79415,62.863,68.86457
79449,92.018,74.081375
79445,76.302,74.04965
79468,71.901,74.629166
79475,74.15,75.089676
79447,76.163,73.14376
79446,108.099,73.965096
79444,79.969,78.70741
79505,93.213,93.60748
79493,72.881,72.064064
79491,73.84,74.24657
79485,72.396,75.78012
79499,74.343,75.37647
79480,71.416,73.42383
79531,85.885,84.67878
79525,85.819,86.50431
79504,77.858,71.0108
79494,72.268,74.18911
79532,77.028,83.6578
79539,79.08,79.55746
79530,88.974,76.58542
79533,71.662,68.93152
79545,80.931,81.41456
79540,75.923,73.06836
79538,74.963,76.278366
79536,65.157,68.99996
79524,75.975,76.15418
79554,91.849,91.64625
79553,77.087,81.19643
79548,79.412,81.087715
79542,57.634,67.19428
79562,79.572,79.05109
79558,75.024,76.85006
79589,82.81,79.23567
79588,74.133,73.63513
79615,87.867,88.14044
79569,73.65,72.98076
79590,74.11,74.685585
79616,85.593,86.52927
79622,83.931,83.30155
79632,87.395,86.19977
79625,78.178,81.942215
79624,79.375,78.94483
79640,84.416,84.840935
79641,85.845,86.5409
79636,81.714,83.07628
79650,86.219,86.481255
79630,68.177,67.511566
79617,75.848,76.390594
79626,76.437,75.67412
79628,66.163,65.18257
79652,84.642,85.178734
79654,80.333,79.47649
79651,84.162,85.36168
79675,91.451,90.4705
79684,89.086,90.97057
79692,87.232,89.51407
79678,72.182,73.50972
79685,77.766,78.70778
79707,90.85,90.97896
79697,79.281,80.08346
79704,75.585,75.660286
79714,77.966,78.335365
79681,77.355,72.35676
79703,78.082,73.707085
79673,71.727,73.54107
79740,79.527,80.19702
79743,91.754,92.207695
79769,85.521,85.97617
79758,76.427,77.803375
79772,89.316,87.38563
79765,82.14,82.17231
79771,82.067,81.97927
79760,80.324,80.62956
79766,80.064,82.230156
79790,88.766,90.93587
79797,90.174,88.4554
79780,67.406,70.504654
79794,77.65,78.06998
79733,78.52,75.39571
79798,78.707,79.09863
79727,77.189,77.41993
79813,79.284,78.107056
79807,89.903,90.94191
79831,93.45,92.37311
79837,75.733,73.88385
79844,72.855,74.626526
79852,74.986,75.01718
79851,75.634,76.28985
79867,93.842,93.164116
79862,79.394,77.84416
79841,72.459,76.36551
79859,75.705,72.77463
79865,77.816,79.505684
79875,82.471,85.585724
79879,81.188,83.16657
79902,77.967,77.67138
79908,87.33,90.22577
79905,85.439,84.541794
79872,67.937,67.849655
79920,86.324,87.09471
79925,86.434,85.10517
79945,78.236,88.62716
79953,82.222,83.75179
79967,95.23,92.79508
79946,83.028,82.55603
79983,81.199,82.23866
79978,76.814,79.00932
79990,90.061,91.35866
79976,83.16,84.97944
79997,80.526,79.859695
79924,74.807,74.896835
80004,91.447,92.67213
80018,77.6,75.07139
80038,77.539,78.484055
80030,76.006,76.85128
80039,76.214,90.67597
80096,83.939,84.152664
80104,92.95,93.90724
80100,98.389,95.159615
80118,88.118,80.2566
80036,82.268,82.53789
80101,69.423,68.75613
80141,83.144,83.52643
80143,89.32,88.80339
80154,96.58,95.304695
80099,80.105,79.69296
80179,88.747,88.927216
80184,93.674,92.767525
80183,76.048,73.88696
80192,73.931,75.66145
80126,71.195,75.56212
80208,86.325,84.65871
80215,79.56,91.08356
80218,84.451,84.930046
80239,82.488,82.12915
80164,77.366,78.48075
80264,84.39,85.413864
80250,91.562,90.97353
80282,85.406,84.93177
80317,91.626,89.872475
80311,82.33,83.717316
80323,92.264,91.99353
80313,83.681,82.567184
80339,72.643,70.32649
80299,82.118,82.63038
80358,91.46,90.954475
80379,91.817,92.79726
80364,66.706,64.92389
80322,70.022,69.70095
80408,83.279,84.91878
80422,93.105,96.74462
80346,80.358,82.77849
80423,87.855,88.135284
80433,78.217,79.60092
80370,72.413,73.46884
80389,67.146,68.13461
80406,74.918,74.10412
80444,85.552,86.63088
80405,76.67,76.86741
80330,71.687,74.09895
80438,88.539,90.69301
80449,80.336,79.13947
80415,79.184,76.04336
80451,73.35,78.6029
80516,85.663,84.88017
80484,88.747,73.84724
80523,84.432,84.76101
80525,88.321,87.51177
80492,83.383,83.07047
80536,91.173,91.70237
80513,82.11,82.21037
80489,68.691,68.6682
80528,58.239,74.7471
80567,76.002,75.77561
80574,85.691,84.86868
80619,94.83,93.215324
80628,80.028,82.49738
80647,89.015,87.712944
80579,71.384,71.21358
80627,77.674,78.92313
80612,76.759,76.336494
80615,79.897,80.51352
80581,77.432,80.31454
80648,71.643,70.24339
80649,67.825,63.909023
80658,85.447,85.8369
80662,77.845,78.41017
80645,72.763,74.32527
80700,84.932,84.36438
80754,78.4,78.804924
80782,86.064,85.00122
80807,88.926,88.33162
80805,70.789,72.15443
80822,82.982,84.32086
80792,74.108,69.07413
80755,69.233,72.37988
80886,85.866,80.994934
80881,80.741,80.344635
80907,80.671,80.41734
80910,92.659,92.56984
80912,84.957,83.90283
80911,85.286,84.19165
80918,89.677,82.760574
80884,71.922,68.298836
80922,79.343,77.85176
80849,69.028,66.44194
80927,81.341,77.89548
80937,85.974,85.11917
80891,69.824,71.6467
80925,77.57,76.247215
80906,74.988,72.570694
80892,71.683,68.949776
80960,79.661,80.36839
80941,79.266,78.69433
80948,75.593,73.54811
80972,86.318,87.99707
80990,81.312,83.6855
80966,71.85,73.65085
80987,74.633,76.042336
81028,86.022,87.76158
81016,73.905,75.1596
81018,72.515,74.07225
81017,73.639,76.28613
81029,91.823,90.14338
81050,81.727,82.77613
81041,77.927,79.790054
81015,69.593,71.19891
81056,87.908,86.725716
81065,83.845,84.85539
81026,76.592,76.58252
81047,84.731,83.68109
81110,85.366,90.49603
81129,98.504,97.67038
81124,113.067,89.211784
81071,87.628,92.95409
81100,76.949,72.311005
81196,81.408,80.236786
81159,75.705,76.69175
81217,84.102,83.5943
81229,81.813,82.195366
81225,81.497,81.12641
81244,86.715,85.977715
81211,73.638,74.85921
81201,74.712,77.22729
81263,82.692,75.90297
81278,95.325,96.42761
81303,95.744,95.17786
81293,84.278,84.36109
81320,83.207,82.81628
81324,80.271,80.59915
81323,76.523,80.65344
81298,88.902,87.24193
81339,81.368,82.952644
81364,91.188,91.97038
81369,88.358,89.260216
81352,74.704,73.33362
81428,74.665,75.14239
81365,68.593,70.689865
81442,86.174,85.565834
81456,87.836,87.90041
81454,89.88,89.54775
81451,74.146,72.13703
81452,74.008,73.14838
81481,87.129,90.46917
81489,82.295,83.48035
81450,78.602,81.17052
81485,80.082,83.0551
81522,80.969,81.810295
81547,79.904,78.30023
81560,78.457,84.055855
81556,80.843,76.69302
81546,79.881,80.79471
81552,74.04,73.07887
81571,80.638,80.21232
81580,77.879,79.52137
81586,78.878,78.302895
81599,82.231,82.1455
81605,84.285,82.21958
81596,78.828,80.17879
81606,80.683,81.17189
81619,84.856,84.19008
81622,82.947,82.2931
81630,84.266,84.29346
81611,76.334,75.571465
81637,82.311,83.73997
81636,83.854,85.17099
81646,77.049,76.841225
81645,82.961,72.35865
81572,77.471,79.96842
81651,78.427,71.02915
81657,74.186,72.73088
81643,72.024,70.95752
81667,81.362,80.32343
81659,74.606,71.892044
81672,83.919,86.02144
81680,79.94,78.46118
81670,77.846,82.26072
81687,81.129,80.0809
81679,75.112,75.54077
81660,73.952,68.709076
81706,82.482,82.43919
81714,93.106,90.18038
81696,79.899,74.82813
81682,78.577,76.98616
81691,80.344,82.862175
81693,79.924,82.61451
81709,80.403,83.789345
81736,72.275,71.26669
81734,72.166,73.35093
81752,79.03,78.55846
81740,76.978,79.482765
81708,81.675,82.36665
81768,87.751,87.878105
81764,79.964,79.29334
81765,78.902,80.09612
81778,82.854,83.48035
81781,81.742,82.69858
81775,78.283,78.60257
81787,82.61,83.75087
81796,74.804,79.35997
81834,82.101,84.45347
81846,80.609,80.71714
81822,76.845,78.5705
81851,83.132,83.52805
81862,85.903,86.32513
81854,84.271,84.40213
81858,81.499,83.23401
81864,86.14,86.09722
81860,80.609,84.43579
81861,78.32,80.23361
81865,84.139,82.21586
81869,85.496,85.67017
81866,78.06,80.94674
81867,78.544,81.052055
81894,89.519,93.45033
81881,75.014,72.24187
81904,86.419,87.36515
81897,91.121,91.94611
81849,75.93,76.23533
81882,77.345,73.95093
81878,74.988,76.14515
81883,77.917,77.731834
81908,79.136,72.95595
81911,77.472,78.727264
81913,71.369,72.563286
81906,72.013,73.5995
81915,73.116,74.86772
81876,74.544,70.38061
81949,84.942,83.72112
81947,87.717,87.81157
81966,94.585,93.66959
81959,67.761,72.948
81972,83.153,82.387634
81951,84.258,83.13803
81978,84.068,83.89397
81955,75.691,70.810905
81958,71.909,75.06271
81969,72.456,70.81735
81968,69.315,68.650345
81991,87.552,88.476585
81999,65.789,71.43879
81987,83.706,86.34043
81996,85.754,87.95298
81967,68.854,67.60632
82008,70.537,73.25414
82011,81.346,87.715645
82004,74.622,73.82911
82022,82.634,81.91287
82030,68.13,65.18187
82032,78.383,78.04776
82041,81.295,80.455
82042,79.271,78.357025
82043,81.655,80.73889
82001,81.776,81.32376
82016,76.061,84.89015
82055,83.981,83.28175
82060,85.931,83.35296
82051,79.461,80.24821
82049,69.802,68.17636
82072,84.102,84.039474
82059,81.955,81.94989
82044,72.858,74.565834
82068,82.242,81.89415
82094,86.809,84.34854
82099,85.759,86.33844
82104,82.314,86.20429
82087,86.12,85.55052
82097,82.377,82.1621
82095,85.714,84.73314
82103,84.65,84.54472
82122,85.729,87.055565
82127,83.065,82.454666
82134,85.132,82.705826
82121,77.801,78.3784
82136,84.247,83.59897
82156,85.315,84.9045
82148,84.997,83.14223
82163,81.475,81.47671
82172,84.874,83.10277
82170,79.015,79.717064
82161,83.5,82.53494
82175,81.527,80.878456
82129,73.527,73.45948
82171,83.443,83.46871
82162,82.812,81.789474
82178,85.489,85.02196
82190,84.453,84.31348
82173,80.393,80.756805
82185,85.585,85.96277
82181,82.861,81.71536
82195,84.641,83.01415
82167,81.967,81.53498
82208,84.571,82.74413
82210,79.613,84.62868
82191,83.904,82.7462
82200,79.529,83.983185
82206,85.774,84.94801
82212,83.328,82.285515
82207,83.246,81.713394
82222,86.222,85.59457
82215,84.087,83.52627
82227,85.351,84.696884
82223,83.162,81.208336
82203,82.055,81.75083
82232,81.823,81.51897
82231,81.814,79.85748
82248,79.717,91.70912
82244,76.358,81.71489
82245,87.156,87.955765
82217,72.948,74.04296
82273,85.403,89.778534
82269,80.959,82.33116
82271,82.527,82.3441
82261,67.686,67.86975
82255,88.806,81.42458
82280,84.741,82.97154
82283,82.838,82.069275
82274,77.029,82.44345
82282,81.592,81.262566
82281,71.085,71.831924
82298,86.868,86.94949
82300,83.145,83.36973
82301,81.949,82.237015
82317,84.456,86.6308
82316,77.571,77.055954
82342,86.058,85.12681
82331,80.104,78.56918
82335,77.128,77.9692
82330,68.794,69.35251
82354,63.821,83.80469
82360,80.458,79.88798
82355,77.766,80.53165
82357,86.605,83.74986
82358,80.071,83.49439
82373,91.784,91.89968
82374,91.601,91.02237
82361,63.025,81.384674
82369,77.569,77.76979
82362,81.713,81.0139
82365,79.214,81.629135
82368,80.321,82.881355
82367,76.755,70.12454
82380,86.007,85.40991
82366,80.734,82.817505
82387,87.366,79.91187
82394,81.853,80.64077
82418,75.561,74.06239
82420,74.038,74.19437
82408,65.986,72.80496
82419,72.471,70.57671
82412,71.01,72.56734
82435,72.422,73.14613
82434,72.572,73.037
82444,71.412,77.201164
82459,80.115,76.27596
82451,71.197,72.22915
82468,89.81,89.54504
82466,89.163,89.072586
82480,76.13,65.64729
82499,85.337,86.58908
82491,81.782,81.84538
82490,81.484,79.78857
82492,83.081,82.04997
82493,82.351,80.44288
82494,82.99,81.21558
82478,80.361,80.96899
82513,79.869,78.70843
82520,75.363,76.52755
82518,75.0,75.39001
82514,74.404,75.49999
82517,72.629,74.04062
82496,73.368,67.74701
82511,79.525,80.29541
82519,72.601,73.58509
82533,84.099,82.270226
82543,85.498,83.87293
82484,73.017,73.87746
82525,74.496,75.76199
82560,84.675,85.27454
82567,87.357,84.82652
82576,66.076,67.857475
82577,65.526,66.38161
82593,70.246,70.64264
82561,66.172,67.1308
82595,71.044,71.82322
82612,94.506,90.195984
82613,85.283,84.23405
82636,81.757,82.99101
82630,81.306,70.40542
82574,78.407,77.451515
82644,91.33,92.576935
82616,78.693,77.31188
82633,78.25,79.375946
82649,79.182,78.42272
82656,69.336,72.27708
82658,81.641,86.985466
82683,86.766,87.844376
82671,79.785,80.22567
82660,82.147,78.32706
82639,71.238,70.49976
82684,79.466,81.02654
82710,82.574,82.33373
82714,82.283,82.14989
82661,70.406,67.76026
82701,74.897,73.37269
82689,66.96,63.667862
82690,64.717,62.42212
82728,85.691,84.45455
82732,69.254,68.96378
82731,70.065,71.37876
82734,70.138,69.74819
82715,64.484,73.66723
82724,75.619,77.72192
82745,83.522,85.7602
82752,83.147,83.60222
82688,64.984,66.18587
82729,72.359,72.66378
82748,77.82,81.62358
82754,73.558,73.13602
82749,77.574,58.13929
82759,84.433,84.58325
82760,77.169,79.22766
82790,90.43,89.490555
82762,72.347,73.13701
82795,81.444,80.91141
82755,75.98,60.455864
82778,82.125,80.38297
82751,59.564,57.9261
82787,74.779,80.398056
82800,81.8,80.59909
82807,84.437,84.219086
82810,83.101,80.90172
82785,68.456,77.158195
82834,81.116,81.781715
82867,80.299,80.28305
82857,76.914,75.86483
82841,76.371,74.66109
82883,99.002,97.91289
82884,100.921,100.716034
82881,90.743,92.420204
82873,70.773,71.64032
82878,69.836,71.58253
82901,84.965,84.738235
82830,79.088,79.121086
82918,84.594,84.81749
82928,69.978,71.64474
82930,72.269,73.43405
82934,75.534,76.12139
82885,76.607,74.80484
82927,70.773,73.07015
82974,76.271,76.327896
82981,78.887,77.76457
82986,73.966,76.89887
82985,72.319,74.02194
83011,77.755,75.72556
83009,73.668,72.51152
83028,80.659,84.08641
83029,81.697,84.42831
83001,78.812,77.107895
83031,74.019,73.61785
83047,80.767,79.44946
83015,82.318,79.853806
83023,81.051,79.38455
83061,81.025,80.81343
83060,79.755,81.10565
83048,94.546,86.00436
83065,78.206,77.51281
83088,93.876,92.93545
83080,73.07,75.01045
83099,69.961,73.495056
83086,72.908,74.24124
83095,79.32,70.94376
83132,89.655,90.36691
83117,74.926,76.772606
83112,70.839,75.45852
83146,83.842,86.6812
83137,73.577,73.386566
83135,68.969,71.361046
83164,77.292,77.96832
83181,79.107,79.551025
83183,79.02,79.794014
83161,75.831,77.10801
83206,98.426,98.793015
83220,96.282,95.24243
83216,81.364,78.81554
83217,81.449,78.45881
83173,76.388,75.62114
83203,73.483,68.576004
83221,78.978,78.34495
83222,78.058,77.90966
83242,71.819,71.17635
83218,78.97,79.55529
83246,71.716,70.86334
83277,71.83,74.22238
83261,72.104,73.937584
83262,71.664,70.26752
83311,80.775,78.83005
83320,78.006,77.57606
83307,79.239,78.352974
83316,79.495,79.44342
83334,86.188,86.223724
83314,78.587,77.89952
83363,76.379,81.47049
83367,84.547,86.115654
83398,93.466,94.22012
83417,78.014,66.67051
83429,84.395,84.838524
83412,76.18,77.9032
83436,84.704,78.43571
83424,73.346,74.04553
83416,75.841,64.376114
83423,68.736,69.194214
83418,70.404,73.690895
83450,78.054,79.28107
83476,70.764,73.67963
83443,104.976,72.7947
83452,73.199,76.82877
83491,81.408,81.76918
83457,74.549,77.763985
83479,74.214,70.86165
83492,89.31,91.704865
83478,75.032,71.05155
83475,72.455,72.91742
83489,79.508,74.29554
83477,73.682,72.51687
83512,75.748,77.3253
83446,69.133,68.63867
83543,76.912,78.09863
83523,78.973,74.92032
83552,91.327,88.47778
83557,80.739,79.16416
83544,78.3,76.40626
83551,77.686,81.73453
83571,71.68,72.9264
83572,73.58,73.61477
83570,86.999,86.725365
83574,73.386,73.304504
83564,78.983,80.99681
83583,83.657,81.84119
83560,78.971,79.66298
83575,75.489,71.666435
83593,92.074,92.366646
83610,77.701,77.6802
83617,85.096,85.6613
83615,87.155,87.386406
83616,86.1,86.36812
83623,92.227,91.878784
83608,68.558,68.246826
83607,64.518,62.417408
83622,82.171,85.61347
83624,88.575,83.54527
83661,86.911,87.167694
83662,87.143,88.931786
83704,85.986,85.61733
83705,88.77,88.76132
83680,76.431,92.429214
83691,78.989,81.372086
83737,79.859,81.54566
83738,80.93,81.42924
83745,86.676,84.490265
83768,94.893,95.29272
83819,77.215,79.11224
83807,77.98,82.47782
83803,74.047,75.23959
83830,80.311,80.20398
83831,79.473,79.71284
83813,76.365,82.653435
83810,74.624,82.54349
83834,78.864,79.043175
83832,78.262,79.70264
83847,89.217,87.19226
83827,82.551,79.23992
83874,90.398,89.95409
83848,80.7,80.04399
83911,78.651,80.862526
83877,71.772,71.10853
83910,79.06,80.51497
83922,107.189,99.414734
83924,79.577,71.08559
83947,93.132,89.270325
83923,76.191,78.38126
83942,75.367,75.91472
83932,74.148,77.996895
83949,81.605,79.678314
83950,80.59,80.24423
83957,87.609,88.31656
83955,84.962,86.15403
83956,83.265,84.93261
83990,86.268,84.98775
83960,69.839,67.5169
83967,67.646,63.073444
84008,84.214,84.59216
83995,85.694,81.754135
84001,80.11,79.741264
84004,79.764,80.49696
84032,92.831,92.8875
84012,78.729,75.58405
84021,59.715,70.11968
84030,78.81,73.226746
84033,77.142,77.68664
84038,75.542,78.205444
84025,74.912,75.62573
84010,73.98,74.423874
84028,69.471,68.975136
84019,73.776,72.40256
84049,80.543,81.100105
84051,78.967,79.50409
84069,80.605,81.0431
84117,89.874,90.06189
84108,69.973,71.04463
84107,69.516,70.06207
84135,100.77,98.83993
84115,86.716,66.93434
84070,76.297,73.25504
84126,67.442,72.19489
84139,96.046,95.38318
84124,79.676,80.71717
84140,89.408,87.46821
84141,82.411,81.38215
84114,77.735,75.22272
84123,75.403,78.48484
84158,91.512,89.51594
84147,76.181,77.58619
84168,76.961,76.58006
84129,78.876,77.59678
84164,74.585,75.762
84167,75.079,76.90317
84187,80.172,78.54566
84190,85.212,82.196655
84169,81.289,81.21345
84151,81.774,87.828476
84199,74.973,73.88996
84195,74.51,73.35567
84174,75.469,77.804665
84198,71.158,68.43074
84197,74.096,72.86537
84200,72.489,71.28601
84241,86.372,88.951164
84196,63.602,63.924225
84225,79.413,78.946884
84239,93.192,93.098465
84215,65.365,72.30954
84206,76.179,72.70421
84218,76.124,77.5671
84273,82.752,81.27369
84289,73.725,74.8423
84267,75.704,77.42617
84288,70.365,70.81207
84266,80.023,83.906906
84265,80.62,84.3632
84302,91.177,92.43913
84259,67.7,75.72088
84303,91.086,90.863686
84237,59.443,62.872086
84238,67.616,68.21027
84296,75.64,73.590675
84322,73.329,74.6182
84349,87.43,86.30892
84310,77.154,77.863266
84311,77.11,78.30711
84354,92.331,93.29027
84334,79.661,80.692055
84332,80.358,78.47993
84278,71.252,76.27402
84356,73.209,75.58129
84364,81.465,80.231865
84384,73.864,74.18156
84342,66.751,73.01387
84386,93.137,89.04881
84389,74.465,74.92558
84339,86.714,76.01542
84404,76.594,77.87674
84416,85.101,85.36976
84413,80.357,80.11983
84406,81.725,76.61188
84429,77.194,77.32415
84438,68.854,72.45914
84437,71.208,73.90911
84447,91.091,89.351425
84448,91.749,90.754074
84439,73.435,74.91635
84441,71.943,74.14668
84440,70.011,71.64731
84470,83.233,83.27267
84469,82.627,83.225945
84466,84.294,89.69578
84442,71.621,73.254105
84443,71.04,72.864494
84445,74.457,75.289696
84491,76.928,76.84604
84525,81.154,82.828224
84474,75.269,75.96679
84513,77.398,74.14553
84529,80.226,80.59666
84532,85.18,87.526596
84539,94.572,96.23285
84512,78.142,74.004555
84538,80.569,82.32676
84479,70.77,72.71554
84530,80.278,80.90408
84537,75.97,78.504684
84505,69.898,70.3608
84567,74.442,76.58664
84566,72.002,75.64836
84575,68.908,70.909485
84596,94.932,95.24649
84599,86.107,85.15413
84589,77.017,80.06271
84576,73.862,75.89454
84610,92.5,90.92886
84593,65.751,80.10792
84612,73.534,73.27783
84622,81.573,82.90647
84618,78.686,80.02739
84619,73.359,81.3632
84621,69.347,74.681305
84615,81.829,82.399345
84620,81.98,84.46303
84632,67.138,78.162285
84634,67.083,79.047554
84628,71.852,69.21492
84669,84.158,84.10266
84667,88.868,88.50278
84660,79.726,83.14518
84652,83.202,84.23814
84659,80.318,78.98865
84703,90.926,89.19323
84657,75.52,78.903465
84718,81.623,81.84725
84665,73.64,76.37572
84738,77.551,75.00554
84695,83.979,82.840195
84732,79.57,79.27484
84698,78.52,79.04135
84708,78.999,83.059326
84739,78.5,78.12395
84729,83.996,83.49551
84754,71.785,67.350655
84736,79.813,78.66058
84777,70.532,68.653366
84772,76.015,77.52251
84784,59.128,68.82893
84781,60.602,80.48171
84795,80.595,81.17358
84798,79.159,79.38549
84789,82.366,83.31938
84775,81.327,83.73621
84841,76.657,77.21933
84839,89.01,85.75747
84806,65.963,69.017426
84818,74.186,74.41496
84863,78.868,74.95066
84844,76.307,75.36101
84873,85.684,86.00098
84870,83.335,83.077034
84846,78.365,78.45038
84864,83.0,83.981285
84847,75.92,74.90111
84897,91.24,90.22439
84875,86.177,85.90341
84912,86.684,85.9864
84922,77.356,78.161026
84899,75.731,64.28703
84908,75.153,67.84083
84925,67.643,69.0439
84939,69.651,68.363304
84942,70.876,68.30855
84957,77.489,80.475426
84953,80.48,83.39374
84982,74.23,72.88872
84983,76.416,83.08961
85001,77.058,77.5717
85009,77.82,78.02892
85012,77.87,76.71079
85018,76.038,78.443436
85014,74.983,80.39016
85063,93.33,91.086685
85062,74.772,73.63852
85079,73.868,72.50713
85117,88.147,90.44534
85124,78.356,80.83076
85125,81.819,83.67081
85056,71.974,73.97684
85184,92.601,92.049095
85158,79.852,79.037254
85177,85.199,86.0688
85185,92.606,91.97239
85196,89.816,89.94578
85206,94.091,94.6208
85207,81.457,83.93897
85213,85.44,85.269356
85216,79.852,79.12878
85217,83.543,84.37582
85215,82.764,83.90999
85153,69.327,75.06605
85157,71.903,76.96818
85152,68.994,75.099655
85263,73.883,72.613365
85252,76.431,76.18125
85284,87.536,87.451385
85244,86.292,86.38112
85250,79.644,78.91664
85281,85.413,86.62219
85266,90.583,91.46495
85293,85.828,85.53503
85292,82.552,80.438194
85297,81.693,81.28078
85295,81.619,81.86209
85294,82.061,80.610664
85298,81.546,81.736115
85299,81.086,81.26815
85302,84.823,83.56308
85314,90.077,89.62975
85260,70.31,69.62951
85312,83.407,84.20112
85341,71.034,71.307175
85356,81.016,82.32605
85340,72.328,72.03861
85305,72.103,72.65241
85304,72.325,74.99162
85370,90.221,89.30499
85371,70.711,78.11403
85361,80.216,80.78515
85355,68.577,70.22823
85405,85.683,86.18467
85362,69.768,75.298744
85422,84.171,84.879845
85413,67.245,69.19296
85415,76.109,76.45308
85400,79.204,76.154785
85433,67.488,71.06585
85464,90.911,90.1266
85456,78.751,82.79756
85462,81.08,81.76962
85482,65.219,67.944336
85492,79.886,78.569275
85491,81.547,80.99991
85515,78.187,78.31151
85504,86.539,88.14152
85526,88.579,88.08541
85510,56.603,73.50579
85509,72.444,73.266624
85550,67.975,68.74425
85541,77.698,78.398
85559,88.386,87.97011
85556,81.467,79.54951
85569,83.704,83.936874
85581,82.54,82.52496
85591,86.971,86.5906
85554,113.71,83.3129
85588,76.042,74.67153
85601,81.972,81.97583
85600,94.795,94.421364
85542,78.288,79.22805
85644,79.18,77.67046
85669,85.312,79.3419
85663,79.858,79.854965
85673,84.643,85.456184
85657,84.999,87.83276
85661,81.368,79.26853
85691,89.282,90.44384
85700,79.054,86.35599
85694,82.027,82.57087
85650,71.693,72.43456
85680,69.622,68.61813
85727,84.39,85.062874
85699,71.496,73.00761
85743,94.971,89.92973
85704,76.744,78.67974
85742,88.822,88.38772
85738,81.389,81.4737
85707,63.346,69.2768
85768,78.668,77.88975
85769,76.326,77.94544
85791,81.16,82.45777
85825,86.791,87.60233
85814,89.934,91.493744
85831,80.822,80.813705
85834,81.122,80.14079
85805,73.771,74.8712
85799,82.733,78.07972
85865,74.174,73.936775
85864,73.73,72.66531
85870,75.846,77.69888
85859,76.027,77.06401
85888,76.13,77.50615
85900,82.979,84.208885
85907,93.123,91.62781
85899,72.195,74.37074
85897,76.643,74.51097
85890,71.713,73.09182
85916,73.87,73.701385
85905,71.676,72.61175
85908,77.573,78.16507
85914,72.41,74.0405
85915,70.896,70.822784
85906,79.092,77.81282
85918,69.746,71.68038
85917,70.599,71.02786
85922,74.242,73.68934
85921,68.954,70.304375
86026,94.717,97.260345
86003,71.772,73.39697
86037,86.916,87.13523
86029,84.404,82.604706
86013,74.074,72.146324
86019,69.601,72.01763
86055,86.561,86.8305
86078,84.598,84.17232
86092,79.36,80.43738
86077,87.143,87.603836
86111,91.047,91.5533
86097,81.837,84.867226
86060,69.177,69.51712
86118,74.346,72.01624
86128,70.336,69.83668
86129,69.324,68.02765
86145,81.922,82.628235
86123,71.046,73.05769
86130,89.412,82.75832
86151,78.763,82.867195
86124,71.442,71.86815
86072,66.197,72.69798
86115,71.2,74.3361
86152,79.589,78.566864
86167,73.473,71.6565
86179,80.545,80.23742
86166,75.241,81.09676
86203,88.003,88.05923
86153,79.733,77.68284
86207,84.643,87.108
86206,82.016,81.29894
86220,73.827,74.22416
86198,74.404,79.2122
86252,85.91,85.91275
86196,74.081,77.31901
86199,74.41,78.105316
86194,75.278,79.26547
86182,84.63,83.780365
86239,79.882,78.346756
86256,81.744,82.02055
86261,78.858,78.72336
86254,81.191,81.14632
86281,80.347,81.66436
86282,81.279,80.92932
86283,78.219,80.321236
86298,81.974,80.42563
86291,81.405,80.767265
86302,82.262,81.78764
86310,78.091,79.79092
86325,82.856,80.41788
86313,81.271,80.82826
86314,82.835,83.83165
86315,80.008,77.756195
86334,88.419,83.7285
86348,79.954,80.05471
86344,75.013,76.21112
86364,87.139,86.36239
86352,82.794,81.21498
86349,81.206,81.34084
86355,80.163,80.92701
86374,82.811,98.373245
86361,81.522,81.631516
86370,82.465,82.07743
86373,73.994,77.670784
86393,83.957,82.02302
86415,91.798,91.328476
86372,80.894,81.09625
86411,84.722,84.3256
86412,82.446,83.868355
86406,77.783,79.546
86403,71.678,73.16551
86447,77.343,75.83495
86431,72.291,72.66296
86435,72.078,71.2594
86452,79.062,81.669785
86439,71.729,71.27877
86490,79.766,78.60517
86505,90.219,90.74701
86471,84.754,83.72139
86508,80.174,78.87395
86518,94.145,93.116455
86500,80.239,78.9446
86503,80.784,79.42674
86530,79.983,79.06219
86538,81.163,82.78982
86526,78.646,80.80841
86554,77.691,76.31555
86550,76.304,80.082405
86590,88.246,87.89546
86565,78.245,79.38692
86564,79.361,76.88641
86581,73.405,76.13072
86567,84.322,78.8433
86605,78.435,78.37122
86611,77.452,78.550316
86603,75.045,75.51743
86638,89.586,91.268326
86628,76.176,77.45639
86652,92.28,92.729294
86644,86.587,85.90063
86654,87.925,86.687126
86645,81.532,82.23777
86631,60.404,72.139
86642,73.4,74.819
86674,91.203,91.19362
86684,88.163,88.31025
86679,85.538,84.89006
86641,73.442,75.14259
86669,68.646,75.80291
86696,85.328,85.336205
86693,74.603,75.37844
86695,74.358,75.77869
86711,81.59,81.58655
86678,72.221,72.26706
86709,73.096,71.043015
86729,88.715,88.35383
86731,82.548,84.187
86730,85.346,85.353516
86710,72.73,73.642
86716,63.941,73.80262
86742,78.953,79.99607
86758,74.413,76.53829
86750,74.879,73.15303
86770,73.089,76.522095
86762,80.938,80.39742
86781,78.745,77.99617
86771,80.389,80.18381
86757,73.963,76.45001
86774,77.808,80.198425
86777,77.276,71.939705
86809,88.029,88.26524
86803,80.305,77.71183
86819,76.901,76.23342
86834,86.023,86.37818
86833,82.317,81.5195
86844,89.893,89.14259
86789,79.438,80.82357
86845,72.479,74.84609
86825,81.624,81.36427
86831,75.991,70.56697
86836,72.897,74.16322
86804,72.585,74.102585
86801,64.147,71.788086
86866,82.23,82.04713
86869,85.133,85.46516
86837,78.876,68.949326
86897,94.234,94.59972
86867,79.042,79.75853
86905,92.79,92.116
86878,72.683,72.7652
86908,90.853,91.59523
86882,82.225,80.21324
86907,90.534,91.11022
86887,79.839,80.38906
86922,78.11,79.016716
86916,81.357,82.1396
86928,79.619,80.20171
86931,71.827,74.239975
86921,80.009,82.63281
86895,70.963,69.73454
86914,76.137,77.055725
86926,72.576,71.538506
86880,76.255,75.61767
86912,75.697,74.09144
86932,79.812,75.4234
86965,84.335,83.48035
86952,72.396,72.400955
86972,60.96,67.01998
86953,76.945,68.93854
86980,94.842,98.07186
86954,73.318,74.53348
86981,67.686,62.752846
86967,82.043,81.094864
86986,84.234,82.25368
86989,77.707,77.10746
87004,90.747,91.47374
86991,59.182,61.021935
87013,83.895,82.64506
87005,81.666,77.521614
87018,85.523,85.620476
87039,94.267,95.201324
87033,87.967,89.530876
87022,73.811,71.3094
87030,82.716,81.87032
87037,77.801,80.580795
87042,80.639,80.822716
87048,91.963,81.13688
87044,74.808,75.804695
87001,78.966,79.63119
87032,66.768,70.50029
87069,92.444,91.761765
87058,87.272,88.16492
87060,56.503,70.90414
87067,80.549,78.741486
87031,72.676,72.72101
87073,80.555,81.2322
87054,74.033,74.454506
87056,74.769,75.91149
87094,81.508,81.38421
87085,87.226,87.30194
87087,81.279,76.00796
87053,72.523,75.1685
87091,73.641,75.115776
87106,77.509,77.67375
87117,81.136,80.52459
87097,72.753,74.45507
87108,77.936,79.11508
87103,73.554,76.12299
87136,90.576,89.65377
87120,85.417,85.11004
87141,87.133,87.41976
87128,74.641,75.05874
87162,78.708,72.0387
87155,84.618,84.45129
87152,93.113,76.93593
87172,94.764,94.43161
87147,82.038,82.87982
87175,76.523,75.967865
87167,81.269,67.866165
87205,70.488,72.5245
87218,79.153,78.94078
87190,76.759,77.592255
87225,75.108,74.14427
87228,73.964,73.09765
87234,76.219,78.31711
87223,74.496,74.733894
87237,77.755,76.25206
87241,77.985,77.57125
87204,70.696,73.43297
87276,79.47,76.24224
87253,78.042,84.43916
87255,75.792,75.70842
87252,75.9,77.04062
87263,78.518,75.06494
87256,74.404,72.21661
87289,74.393,81.55497
87336,78.377,64.34073
87312,74.149,72.021935
87389,63.706,59.84021
87376,102.077,101.57352
87331,89.052,88.00948
87462,91.623,91.89173
87451,77.833,76.36333
87463,87.191,86.91516
87456,75.61,76.6469
87452,76.187,76.32475
87544,93.088,92.961235
87476,64.751,66.485344
87551,88.876,88.39825
87557,81.393,81.62978
87581,77.022,77.50825
87585,79.344,78.97006
87588,77.065,80.23665
87587,77.482,78.17158
87589,80.197,79.86787
87621,96.032,92.41994
87596,72.459,74.17875
87639,95.63,94.32195
87606,71.29,71.40981
87611,73.738,73.44014
87602,77.011,75.62286
87617,70.923,74.23726
87607,73.147,72.83128
87619,72.232,69.60701
87624,73.75,74.21772
87668,92.584,90.950836
87640,78.915,81.56814
87692,77.038,79.52901
87684,71.684,76.0472
87693,67.66,70.75688
87753,75.071,76.56268
87797,79.038,81.64604
87798,78.04,79.04494
87804,84.919,86.349525
87808,80.666,81.86447
87799,78.47,78.953636
87806,79.391,78.701584
87815,76.878,76.79884
87814,76.52,76.34096
87795,74.822,73.43168
87840,95.093,92.09584
87838,81.088,77.04762
87837,80.977,79.17784
87803,78.226,78.86006
87857,90.414,88.4268
87751,76.35,75.71539
87867,84.324,84.391106
87836,72.809,70.88281
87877,74.799,75.35247
87941,79.04,80.07278
87850,75.181,77.33697
87889,70.554,72.55142
87947,70.696,74.50037
87950,77.229,76.68995
87942,75.45,75.84568
87993,94.729,95.66118
87953,67.653,66.098076
87959,69.965,80.96518
87994,96.287,95.03618
87998,80.506,78.82915
87997,78.75,79.35754
88016,75.297,75.56239
88031,92.819,94.61261
88019,78.924,78.15491
87991,66.637,69.234665
88051,81.5,81.519615
88035,79.769,80.34694
88082,95.889,71.03695
88060,79.221,78.27962
88088,84.912,85.02023
88118,85.036,86.89595
88129,83.559,82.25551
88128,80.449,81.0944
88085,76.349,74.316795
88126,75.643,76.76849
88174,89.968,89.40464
88161,61.409,70.6591
88162,58.922,68.445526
88183,84.506,81.76545
88186,81.239,80.72224
88188,79.885,79.47985
88154,76.001,75.34472
88168,79.307,77.309006
88199,83.571,83.63715
88201,96.146,95.24268
88200,93.414,92.29411
88173,79.896,79.23862
88169,79.072,80.1871
88198,72.597,75.580345
88205,75.606,73.282234
88211,72.748,73.40821
88210,71.482,73.41025
88230,76.07,85.92294
88247,90.907,87.239555
88224,83.833,82.406685
88258,77.631,79.57931
88287,93.089,92.040344
88272,66.877,67.95006
88270,67.262,68.934166
88293,90.087,88.69238
88273,67.975,69.23019
88304,74.415,76.45936
88275,67.083,67.75867
88312,81.478,81.49155
88315,81.722,82.27845
88309,76.575,76.71394
88316,81.633,81.8893
88319,80.696,79.2588
88328,90.082,87.38407
88344,86.685,86.16773
88345,87.094,86.6741
88371,83.97,84.34027
88346,74.667,73.91821
88375,76.554,77.18834
88386,77.397,77.66858
88350,84.176,73.26116
88395,75.667,75.95815
88401,77.606,79.80205
88421,85.459,86.69798
88400,74.669,74.786575
88412,74.568,76.73226
88408,76.76,73.95822
88434,76.822,78.08912
88432,76.993,78.495026
88351,70.531,71.782104
88445,85.014,84.64685
88435,74.588,74.331215
88458,72.704,72.0236
88478,85.449,84.92049
88452,66.898,67.26973
88470,74.299,66.01147
88492,88.183,87.814545
88457,70.957,70.11539
88506,84.764,84.03699
88486,79.047,78.09784
88507,80.934,80.30603
88488,80.201,79.25281
88484,76.931,80.36774
88487,72.13,73.846275
88494,78.354,78.65602
88483,78.253,79.75967
88503,74.014,75.66011
88472,73.869,73.67273
88528,79.144,77.54395
88482,82.41,81.7292
88514,80.608,79.24498
88516,78.331,77.00897
88546,91.004,85.37871
88539,74.287,75.854645
88540,71.357,74.84235
88538,73.118,73.95463
88537,75.565,77.00644
88534,73.595,76.956375
88541,73.732,75.563614
88554,81.913,69.84894
88598,79.292,84.865265
88596,78.701,78.37568
88601,89.08,89.20922
88610,77.977,78.089966
88603,74.302,73.99401
88620,80.061,78.93451
88616,76.634,78.38548
88556,72.917,68.8583
88595,86.578,82.13256
88628,82.827,83.9202
88633,78.873,77.58404
88646,88.76,88.393524
88632,80.386,79.3261
88617,74.022,76.26307
88623,79.365,80.054955
88625,77.404,77.15333
88626,75.834,76.53267
88627,70.492,72.131256
88637,74.883,77.56158
88638,76.389,77.49704
88672,93.166,93.64814
88675,91.517,91.89109
88682,74.568,74.05017
88663,60.334,71.13162
88651,59.692,70.72876
88689,91.028,88.19421
88704,76.02,78.068375
88705,81.797,81.39264
88707,82.763,82.641174
88711,79.549,78.462654
88713,80.499,81.01536
88718,82.211,80.76853
88721,81.842,82.09847
88724,83.071,82.06535
88726,79.952,79.26125
88719,74.927,74.91102
88742,75.767,78.13026
88775,74.157,80.71929
88758,75.948,79.47108
88779,88.603,91.297585
88755,73.001,73.55997
88764,73.13,73.498215
88804,87.323,87.08407
88776,75.42,78.70605
88859,87.76,87.25852
88864,86.861,87.41876
88854,73.473,70.0902
88888,78.468,80.875404
88858,78.306,77.75864
88879,89.046,90.56051
88840,73.531,73.14634
88893,76.694,80.44768
88892,81.643,77.9835
88882,77.054,73.8926
88838,56.947,78.138664
88890,74.588,77.59014
88898,78.19,78.386024
88914,82.197,82.2647
88897,77.137,79.41357
88901,79.473,79.19622
88905,80.538,80.32781
88909,74.037,74.39399
88931,72.305,72.085396
88942,77.351,79.52215
88928,71.6,53.457394
88919,78.69,76.48259
88934,75.082,75.48562
88956,77.209,77.26841
88953,72.381,73.96974
88973,78.543,77.71552
88966,80.899,77.24559
88978,76.357,75.86606
88962,70.199,74.00752
88987,74.429,75.7989
88991,94.888,77.27978
88994,92.219,64.61887
89006,82.194,82.51999
88996,93.153,62.844753
89012,82.807,83.6519
89011,82.694,82.24141
89020,77.222,76.53637
88992,90.519,66.3895
89019,78.488,77.87264
88997,85.723,60.932465
89001,74.047,74.50483
89039,84.992,85.381065
89000,80.776,75.19481
89051,85.068,86.80944
89004,69.63,69.66122
89061,82.949,84.358025
89069,84.574,82.88476
89050,82.729,82.99948
89070,84.47,85.34709
89076,72.78,76.69516
89081,74.87,72.22993
89099,92.714,91.0814
89087,87.695,87.303764
89088,89.801,91.07642
89105,77.556,65.29329
89086,83.819,84.67913
89095,77.887,81.730286
89097,66.834,66.16116
89125,88.926,90.50858
89101,79.032,76.402145
89142,78.667,78.755775
89132,81.365,74.284065
89138,73.949,76.39803
89148,82.392,82.669586
89110,72.535,73.329956
89111,71.398,72.4025
89134,70.085,74.93733
89135,75.173,76.00983
89136,71.989,74.7241
89133,73.837,71.99367
89123,72.832,69.33167
89139,71.69,73.92117
89162,86.992,84.32474
89169,88.969,85.30624
89155,75.311,76.13548
89173,86.546,88.41655
89161,65.701,81.909134
89177,88.145,86.674126
89158,68.279,71.661156
89137,71.442,74.48493
89152,70.727,69.45446
89164,77.474,76.67256
89165,76.64,75.402885
89166,76.462,75.99158
89198,78.584,77.28586
89150,75.964,76.37652
89190,74.595,72.370865
89203,87.46,87.33505
89202,87.252,86.82538
89212,84.322,83.48035
89211,78.131,77.33857
89196,75.819,66.9112
89227,81.039,81.423325
89200,76.478,68.945274
89197,64.598,68.42618
89222,73.19,73.430534
89235,83.109,80.70177
89218,72.718,74.1306
89209,83.378,78.54422
89260,84.953,85.96213
89262,77.378,80.530754
89252,70.88,69.43978
89293,89.244,88.08193
89291,90.035,88.2561
89253,81.643,79.77076
89289,83.278,84.39499
89290,90.507,91.81883
89256,66.1,69.22157
89257,66.766,65.7074
89301,89.14,89.91484
89326,76.507,74.098045
89327,77.106,76.251495
89330,74.138,71.72997
89339,79.038,77.72657
89361,79.702,79.50979
89356,81.979,80.44396
89369,81.011,80.23931
89372,81.216,80.151794
89371,80.47,81.23965
89375,81.46,79.72479
89377,79.909,79.644104
89387,81.634,82.25695
89385,79.906,79.524925
89336,63.766,76.181915
89389,80.903,80.451004
89394,81.408,81.95347
89418,77.811,75.333664
89440,77.403,79.54132
89422,69.721,69.11766
89426,71.817,71.83374
89435,73.412,73.386055
89423,80.513,80.16284
89453,73.347,72.25398
89480,90.937,94.07732
89490,75.471,75.27745
89492,85.032,81.61587
89500,87.833,97.02513
89484,81.936,80.09412
89488,80.837,78.251526
89491,83.653,81.09796
89493,85.338,81.80368
89497,82.999,80.438965
89460,77.454,76.2416
89506,72.356,72.0718
89477,71.778,73.78874
89509,76.783,76.57314
89544,72.458,68.14304
89519,74.825,75.04294
89584,82.967,83.0195
89579,82.002,87.170166
89583,66.992,68.24283
89606,91.122,89.504326
89607,81.583,82.53932
89620,72.762,74.322464
89629,84.005,85.083115
89665,91.694,91.58005
89646,77.37,70.45455
89663,76.415,73.56345
89681,85.079,82.77794
89687,83.128,82.23076
89678,75.028,73.91064
89713,69.959,64.229385
89705,80.964,80.75077
89720,80.231,78.62073
89708,80.874,81.03391
89699,82.709,82.438576
89738,75.104,76.69035
89756,77.685,77.46576
89765,71.71,71.48266
89770,75.476,75.48282
89797,80.488,82.71898
89780,75.255,73.677765
89803,63.457,74.273735
89848,88.168,91.07641
89826,56.973,63.983986
89854,97.856,98.96492
89840,59.92,70.61992
89858,86.461,88.98993
89861,82.832,82.99267
89870,90.083,88.64605
89874,88.582,85.463425
89864,73.562,76.55761
89871,84.444,85.6917
89890,73.503,73.035835
89884,81.439,80.47434
89869,76.223,74.349236
89879,78.616,79.99463
89906,67.981,69.9891
89905,77.222,76.33981
89918,79.786,77.453606
89900,77.927,78.16677
89881,74.402,74.90062
89939,83.024,81.98508
89936,71.029,74.37537
89982,88.418,85.66977
89973,79.716,79.83621
89994,78.58,77.00695
89992,82.282,77.64284
89991,76.864,74.32095
89996,75.966,75.836945
89951,73.523,77.02625
90041,82.881,80.566605
90004,80.248,82.367805
90048,82.086,82.16409
90034,67.724,72.534386
90046,75.605,75.602005
90052,81.58,79.592834
90003,79.278,76.09321
90026,74.72,79.76038
90053,77.966,80.72238
90068,80.582,78.38366
90055,76.853,77.045395
90070,76.161,74.11265
90075,73.155,75.50371
90072,81.734,79.33254
90074,73.269,72.142006
90073,72.779,73.65239
90077,73.083,74.429344
90078,71.352,75.63627
90082,75.804,76.2044
90107,88.014,87.40057
90079,72.457,74.756805
90105,72.603,71.91382
90021,71.548,70.84755
90128,83.65,85.37023
90140,80.109,80.58889
90136,81.558,81.26499
90120,71.128,71.805664
90137,77.755,76.71601
90123,82.127,78.4878
90106,85.899,78.397125
90125,75.259,72.7004
90166,61.02,64.940094
90121,72.509,74.02011
90170,83.523,70.1302
90185,72.962,75.43175
90171,73.083,74.97968
90164,73.245,77.8542
90172,77.406,68.377914
90195,75.018,75.29973
90223,83.96,89.63103
90224,84.299,87.79444
90228,83.472,89.91593
90188,69.809,69.576996
90182,71.253,70.62262
90220,84.291,84.42444
90191,72.156,70.48172
90226,75.027,76.94961
90262,79.475,79.097206
90264,77.898,76.00325
90265,74.831,74.58203
90279,74.114,80.305824
90286,90.759,90.08288
90272,79.76,80.1143
90298,81.534,80.83321
90293,77.66,75.029526
90255,70.674,74.42328
90283,71.967,75.61289
90284,71.844,74.09321
90305,78.814,79.33012
90325,87.431,89.73031
90330,85.325,83.66044
90323,76.653,77.20959
90332,74.159,76.25234
90336,77.105,73.60117
90340,80.577,70.80289
90366,75.138,76.47728
90360,71.407,71.739876
90344,74.664,75.60852
90384,80.915,81.73626
90395,82.675,82.09595
90397,88.571,89.43884
90382,71.991,72.51167
90398,90.464,89.299774
90417,85.997,85.90928
90420,86.645,87.9979
90401,94.101,91.896706
90422,80.495,79.06861
90424,80.887,80.20213
90423,80.61,80.862465
90415,75.836,78.925896
90411,73.252,73.06825
90427,80.271,79.70976
90436,82.59,80.332375
90468,88.086,88.51228
90483,96.527,93.04872
90484,91.215,91.55365
90486,88.089,86.82475
90489,91.527,91.052086
90492,90.393,92.80521
90493,86.655,86.63348
90495,84.579,84.642166
90497,90.714,89.50781
90463,80.179,79.254616
90517,77.783,75.8321
90499,63.753,66.630066
90510,81.098,83.005554
90435,77.448,77.679886
90518,106.395,90.45808
90522,73.556,74.35156
90548,82.803,82.70878
90549,84.797,84.39691
90552,83.449,84.63122
90533,73.214,74.69865
90477,74.733,78.01329
90561,84.723,85.16185
90550,77.442,76.46754
90555,80.238,79.07365
90563,80.956,82.68799
90572,83.516,84.07082
90542,74.143,75.88673
90574,82.181,83.64471
90584,82.433,84.42076
90579,84.362,83.882835
90583,81.872,83.63415
90580,80.85,82.28859
90557,78.581,79.28433
90587,79.172,80.036575
90581,79.019,77.2987
90594,78.986,78.321815
90606,81.059,81.283875
90604,79.97,79.6896
90611,77.827,77.45457
90628,79.085,80.47409
90621,79.66,77.88649
90625,80.376,80.04493
90630,79.716,78.694244
90629,78.389,79.65903
90633,79.64,80.33718
90650,79.788,76.53788
90660,81.744,80.23459
90648,80.735,80.81613
90669,78.926,78.73098
90670,80.049,79.42115
90657,78.965,79.34539
90672,76.384,76.95073
90722,75.533,76.52278
90688,74.316,72.36851
90745,87.887,87.63327
90744,81.088,80.11272
90757,82.576,83.885544
90755,80.1,82.99641
90746,80.53,79.54487
90693,75.099,71.79629
90760,75.303,73.77936
90781,88.409,88.0618
90783,88.379,87.139175
90776,78.811,80.91209
90798,80.241,76.58351
90779,70.741,71.39009
90805,91.489,75.72318
90778,77.589,79.66187
90777,77.477,78.863106
90754,86.372,86.77535
90830,92.208,92.41457
90819,81.149,80.08567
90750,72.509,73.64637
90820,73.91,74.1181
90758,83.903,84.22154
90862,84.385,83.62761
90865,82.541,81.35243
90861,76.307,76.60878
90864,74.93,76.53426
90863,74.939,76.69462
90887,78.939,78.9052
90872,69.789,73.528854
90948,66.799,67.71303
90939,69.804,71.02918
90956,73.797,72.1124
90952,67.421,66.93098
90960,66.32,67.59393
90951,71.541,72.40535
90963,68.692,67.32643
90970,72.8,73.17919
90985,79.109,79.81449
90995,93.604,93.73477
90971,77.289,74.37612
90950,71.73,74.051575
90979,72.816,74.512596
91009,77.728,77.57131
91008,76.794,77.47683
91033,87.839,86.54991
91021,78.97,81.583206
90965,71.628,71.27362
91038,84.184,84.84794
90999,74.849,74.712006
91042,83.753,85.033745
91052,90.838,91.553986
91048,84.956,86.16013
91084,87.881,88.462265
91091,76.483,77.347664
91056,67.257,71.30164
91087,75.621,75.488754
91058,77.505,75.430115
91088,74.464,73.456406
91086,66.67,77.986664
91133,80.72,81.142006
91137,81.134,80.676285
91135,78.976,78.73917
91134,80.031,79.238174
91147,85.581,86.743904
91138,83.163,85.643295
91150,87.938,88.127174
91180,80.949,81.641075
91217,91.701,91.26664
91196,65.816,68.479904
91184,73.926,76.31462
91236,86.736,87.17857
91241,83.805,79.57662
91249,70.775,69.494225
91266,69.01,61.858322
91281,75.438,75.86645
91300,94.716,94.84199
91303,87.193,88.37702
91301,82.947,82.10898
91296,80.115,80.88615
91270,58.243,63.392677
91298,80.241,80.07113
91311,73.206,74.22172
91310,74.649,76.4764
91320,75.937,76.1352
91325,75.524,76.06
91351,76.273,76.00856
91355,74.838,74.35636
91357,74.947,75.82965
91395,74.41,74.873344
91400,81.86,79.96295
91404,85.799,83.84407
91442,90.435,90.81169
91436,83.867,81.92867
91470,88.567,85.98429
91505,90.272,89.2382
91536,70.39,89.202644
91460,73.513,62.936996
91521,75.279,75.14221
91560,77.909,77.689575
91575,82.927,83.04482
91571,77.623,78.340195
91570,77.175,76.534
91566,75.471,74.94729
91568,74.021,72.64883
91563,73.61,74.811386
91561,73.342,74.821945
91610,86.181,90.34389
91618,90.476,91.44696
91591,78.123,77.59248
91624,91.037,87.10395
91596,76.516,78.344894
91631,91.489,90.879005
91652,88.043,92.517
91651,93.061,86.65748
91650,89.402,89.659874
91593,71.2,80.33176
91659,89.117,88.85779
91681,96.72,96.824554
91602,71.543,72.75555
91684,95.833,94.33352
91601,76.754,75.717125
91692,95.247,97.38254
91720,84.563,85.67293
91725,80.58,82.78497
91745,80.725,78.69086
91746,74.917,73.42034
91722,70.08,70.87267
91724,76.861,71.800476
91734,78.339,78.61592
91733,74.85,75.42016
91779,76.628,77.77089
91753,80.392,78.78297
91750,81.258,79.5485
91781,80.362,79.116035
91747,78.6,79.341805
91757,79.726,77.77927
91762,77.178,78.541664
91797,82.858,82.281784
91788,67.299,65.74352
91767,73.783,73.36719
91786,73.961,73.800064
91802,78.299,78.843
91735,76.739,76.08222
91805,78.268,79.26191
91801,72.152,71.56219
91823,66.575,69.83732
91848,87.571,88.28874
91841,90.399,89.62985
91828,81.685,79.244736
91780,71.298,73.58833
91829,81.164,80.43871
91813,74.703,70.589264
91850,88.27,87.488945
91854,78.567,78.74908
91833,75.716,77.51589
91911,94.569,96.49099
91910,69.434,68.275375
91894,79.28,80.519356
91922,93.484,93.02702
91851,68.165,71.32802
91935,83.112,82.63388
91932,90.817,88.23896
91947,68.37,67.76409
91948,73.13,74.07024
91915,68.594,69.1297
91930,77.877,81.427864
91883,73.72,72.68707
91931,81.73,82.80774
91960,85.325,84.6271
91950,77.747,76.972824
91976,74.757,73.312035
91972,74.735,73.80651
91973,74.787,73.32967
91971,74.541,72.71327
91975,68.618,71.00459
91970,66.765,69.27002
91983,74.578,74.13696
91980,67.032,68.424675
91968,63.88,64.62342
91990,72.027,71.290054
91992,77.984,77.79908
91991,73.993,76.91636
92016,79.352,81.99298
92020,77.99,78.25488
92022,82.852,71.78158
92038,80.948,84.88116
92037,70.992,69.53888
92030,69.373,70.65531
92068,82.647,79.73298
92089,96.108,93.82916
92097,92.936,92.64029
92090,78.891,77.81858
92096,71.334,73.03368
92087,70.633,72.18431
92088,76.34,73.930145
92098,75.561,70.40484
92129,80.03,81.38318
92120,75.955,65.56762
92113,77.789,77.614914
92138,83.254,85.32178
92133,81.647,79.26641
92154,81.175,81.96898
92140,86.587,86.90715
92131,109.257,73.80166
92167,92.376,93.01173
92159,82.544,84.05831
92163,84.612,84.85936
92168,82.6,83.78182
92165,94.251,92.64783
92160,89.176,86.24817
92171,80.464,81.7835
92162,85.077,82.49187
92169,82.701,82.66805
92176,83.428,82.244354
92175,86.34,85.22771
92182,88.912,84.24334
92202,86.884,87.549805
92190,73.689,73.99917
92208,70.955,67.74099
92210,69.01,68.32104
92187,76.347,75.7554
92229,73.463,83.029015
92209,70.174,68.066345
92235,71.657,69.70233
92214,77.348,77.018166
92215,74.786,74.78665
92218,73.538,75.171364
92220,71.434,74.94165
92245,70.96,69.32201
92246,60.188,71.74718
92259,91.328,90.10093
92284,81.968,79.46683
92286,74.843,74.86419
92278,79.0,79.69676
92282,79.937,78.213615
92276,78.257,77.149216
92281,77.501,74.51224
92287,82.241,81.595795
92280,80.837,80.22459
92307,58.255,59.10529
92290,74.51,76.86777
92334,74.392,74.78857
92320,77.727,76.70805
92326,66.847,74.55304
92336,84.442,85.39309
92323,78.334,79.20658
92335,79.917,79.24587
92333,76.189,76.814865
92350,82.984,85.18463
92347,73.475,78.400444
92325,83.885,83.98601
92355,80.264,73.37822
92359,73.453,73.19396
92358,75.083,74.9599
92392,78.648,76.37506
92363,76.328,75.485275
92344,73.9,75.13099
92383,75.606,76.7176
92381,78.152,78.85944
92416,74.855,77.87044
92388,77.917,78.891464
92429,92.399,94.574905
92437,77.941,75.556404
92436,77.988,74.529015
92431,76.971,75.74585
92434,76.338,75.996254
92433,76.131,75.12159
92445,62.803,80.60612
92438,77.153,74.81904
92435,75.742,75.22844
92480,92.732,94.73621
92504,81.762,67.3752
92505,92.018,92.468864
92496,76.92,76.36015
92506,91.906,92.94255
92497,73.521,72.93748
92500,70.501,75.05764
92495,79.461,78.41354
92517,75.318,74.97069
92520,76.227,76.46851
92528,80.416,80.094734
92499,60.279,73.78572
92523,75.818,76.66075
92527,67.608,70.27195
92519,75.545,76.32683
92543,79.917,80.0977
92544,74.625,75.97955
92546,78.322,79.44304
92525,75.277,76.266556
92524,74.542,73.732956
92536,76.331,76.25147
92533,79.772,79.55409
92554,82.921,83.66088
92567,84.96,85.2151
92582,82.329,81.54442
92548,84.797,88.16298
92557,70.647,71.899635
92570,76.177,77.246185
92590,80.882,80.21188
92558,74.151,72.01837
92595,77.686,75.15611
92596,78.006,79.00117
92587,74.815,75.997375
92625,93.553,92.93876
92563,70.609,69.77451
92632,80.231,80.45405
92621,75.861,79.51263
92630,79.563,77.59819
92623,71.727,73.83375
92641,82.597,83.248604
92645,80.835,81.86612
92648,71.645,75.22224
92649,81.293,81.34261
92664,92.366,89.899414
92652,74.967,73.88086
92651,79.428,80.2619
92670,78.124,76.12718
92669,76.805,77.7806
92668,77.162,77.16816
92683,76.417,78.38505
92682,76.545,77.85176
92666,76.57,76.36946
92719,90.488,89.47934
92667,75.561,76.10663
92728,79.839,78.269264
92721,74.464,74.71919
92726,76.01,73.86441
92729,80.168,79.796196
92702,73.303,70.2312
92724,74.534,74.53782
92730,81.808,77.91533
92735,78.873,81.25156
92723,73.104,73.08137
92706,80.272,78.2549
92700,78.985,78.01258
92736,80.594,79.64932
92739,69.726,72.81592
92737,68.087,71.85809
92746,84.437,80.76205
92733,79.191,79.74461
92734,79.932,80.01434
92745,82.947,80.14349
92755,72.963,82.055214
92752,80.826,77.349846
92751,86.329,81.643265
92743,77.416,80.391014
92767,81.143,80.78633
92768,79.466,80.426636
92794,74.056,70.99576
92779,65.525,66.17595
92829,82.513,82.46001
92838,87.083,81.4405
92847,86.935,87.05536
92819,73.786,72.604294
92813,80.632,80.482574
92811,72.022,74.85889
92869,86.318,81.64871
92879,79.356,78.20626
92875,69.336,72.92207
92904,93.099,92.47737
92844,76.707,74.97958
92846,66.472,65.91361
92917,75.258,76.987404
92906,67.446,69.46019
92913,78.084,81.07137
92946,92.886,92.77113
92952,83.879,85.09746
92956,81.995,80.95278
92964,82.65,83.40066
92944,74.443,76.21463
92970,75.222,76.54044
92986,76.12,76.95332
92973,73.311,75.58754
92997,86.571,87.828026
92998,84.631,84.99129
92975,73.98,74.99119
92942,73.781,74.90024
93001,82.834,82.759964
93013,82.306,81.75221
92987,78.968,78.08766
93021,91.283,92.61375
92979,71.867,72.87221
92982,69.807,70.75698
93035,76.715,77.35696
93033,76.524,76.483406
93036,75.592,77.381165
93027,75.87,74.73415
93061,58.806,60.576607
93057,73.107,75.77169
93056,80.116,79.50945
93067,81.017,81.9596
93051,76.524,79.196976
93074,57.064,64.75187
93043,74.067,65.642654
93065,78.891,79.452095
93104,81.729,82.3627
93099,80.101,79.44178
93113,87.604,88.828384
93103,81.271,80.18121
93042,71.365,69.28341
93109,86.213,81.2717
93139,86.771,83.27411
93106,75.472,75.002075
93150,81.268,80.77403
93133,79.19,81.889244
93130,89.101,93.07114
93134,78.675,78.34086
93163,87.692,88.204216
93173,91.812,91.64302
93176,95.894,95.3419
93175,84.701,85.04163
93170,87.446,88.017006
93145,79.099,80.993935
93140,75.197,67.5393
93227,89.028,89.11201
93222,70.489,70.523224
93221,69.134,69.60947
93230,90.621,90.59459
93238,83.342,80.89452
93242,71.843,73.90505
93243,66.851,68.14099
93244,68.242,68.733215
93286,78.125,81.136894
93285,79.609,77.596886
93293,77.001,77.21424
93288,80.267,80.676544
93294,76.168,78.10842
93250,69.25,69.63736
93268,79.434,74.811676
93317,82.68,78.76736
93330,74.402,73.40933
93357,80.123,79.87975
93344,74.345,73.61679
93421,76.692,76.31076
93402,76.264,77.17493
93422,82.18,83.08393
93439,93.807,92.357414
93445,84.142,85.42283
93441,83.362,85.25355
93413,75.279,75.94011
93458,94.186,91.20786
93432,75.678,76.05831
93433,76.165,75.70014
93434,74.064,75.176056
93435,76.188,76.28536
93468,85.681,86.73453
93459,59.276,69.12693
93446,64.365,69.40022
93453,70.708,72.34204
93479,75.7,75.42387
93490,71.681,75.79836
93512,80.308,80.570755
93501,71.48,77.536255
93493,81.784,78.89933
93526,73.756,74.139
93508,67.945,72.0687
93509,67.913,71.62532
93573,83.251,85.47158
93555,78.718,78.69088
93557,79.12,79.903854
93556,79.581,78.613174
93535,65.765,64.69525
93554,71.671,75.45166
93614,71.302,75.02394
93603,73.327,77.57718
93611,81.071,81.31046
93602,78.287,80.608345
93642,81.879,79.8466
93639,74.424,70.11135
93638,77.361,80.61608
93651,77.599,79.36228
93680,102.757,94.54122
93668,88.87,80.687454
93691,91.115,89.89252
93681,79.73,79.5471
93686,79.851,79.83111
93676,74.388,76.14204
93694,81.131,81.081055
93715,95.169,97.5479
93695,83.562,80.30488
93722,83.243,82.46414
93675,74.666,76.6668
93719,89.276,91.79452
93700,62.877,66.10027
93720,81.594,80.73309
93742,77.807,75.754074
93706,68.122,70.91259
93758,80.351,81.94173
93754,84.031,84.93582
93759,80.131,78.58104
93738,76.601,77.36509
93799,72.043,90.874504
93819,84.474,83.83122
93801,80.281,79.92313
93840,82.663,82.25688
93825,73.775,75.998665
93804,82.93,79.43455
93850,76.615,77.62795
93824,75.258,78.43473
93829,72.48,74.32964
93830,67.972,67.24055
93862,79.616,78.44888
93863,76.721,76.84576
93860,76.581,76.08655
93855,72.5,75.14198
93864,77.674,76.86859
93888,77.632,72.602264
93879,81.762,80.3338
93866,76.422,75.95728
93930,88.881,87.69685
93919,78.302,78.84271
93920,70.635,71.01459
93965,82.131,82.11779
93964,78.967,80.53678
93961,82.3,82.93922
93972,82.407,82.85123
93989,85.684,85.439575
93980,85.906,83.83496
93973,76.647,75.78123
93992,82.217,83.2429
94005,79.979,79.80469
94004,70.543,72.6411
94037,79.351,78.01072
94034,80.179,78.400055
94039,76.477,75.30998
94043,78.679,78.266365
94044,78.995,78.51106
94045,78.823,79.049934
94042,77.698,77.854546
94040,78.257,76.80833
94032,77.416,77.225975
94054,78.341,79.20961
94051,79.384,78.13214
94046,78.219,77.290436
94021,73.262,76.272316
94055,80.258,79.09378
94068,77.672,76.64436
94098,76.015,77.412834
94101,76.792,77.10186
94106,77.575,77.67118
94135,83.839,83.10378
94134,84.817,85.055145
94105,75.983,76.98818
94149,60.992,92.194244
94148,95.343,95.92921
94147,85.561,86.31176
94150,71.731,71.95295
94116,76.61,77.67337
94142,77.503,79.645004
94162,77.286,77.84896
94161,78.951,80.11562
94157,78.99,80.558586
94152,77.384,76.87384
94160,77.938,79.36674
94175,78.205,77.62998
94172,79.25,78.68109
94166,76.958,77.93553
94169,76.729,77.95825
94176,74.703,76.09746
94177,74.774,76.61968
94196,82.054,79.62318
94203,87.232,87.363686
94184,75.362,75.22861
94206,79.226,79.792885
94204,81.982,82.77128
94205,78.913,82.28197
94208,81.097,81.74539
94255,81.186,81.79116
94281,73.142,73.47632
94305,84.898,85.64479
94273,77.319,73.79699
94297,70.448,70.57981
94302,74.325,75.77453
94298,72.742,73.52647
94326,85.346,86.06953
94331,88.079,88.79973
94274,74.966,78.41284
94339,88.219,88.1002
94338,86.43,85.91835
94333,86.111,88.86994
94321,80.182,83.375465
94341,75.314,77.08583
94352,80.742,82.44041
94336,86.801,88.70505
94347,79.49,81.18697
94377,76.758,77.15936
94383,87.22,87.235756
94378,82.775,84.547585
94344,76.828,77.05024
94381,78.31,78.17581
94424,77.488,77.887245
94372,74.181,69.36276
94435,87.186,85.84812
94436,83.312,83.86825
94419,75.338,71.94294
94422,74.822,70.157135
94480,92.077,93.422554
94469,75.001,77.16164
94467,69.601,71.46802
94468,69.261,71.406006
94483,75.36,76.35986
94493,73.933,71.465576
94486,78.017,78.4733
94501,77.212,78.32396
94506,77.495,77.60221
94502,77.912,77.43009
94505,77.497,78.361916
94504,77.726,77.47336
94511,76.363,72.21588
94491,81.898,77.688805
94533,78.419,78.204636
94538,72.387,73.0774
94548,74.757,75.64124
94551,70.447,70.99792
94549,70.44,70.38603
94563,83.383,81.38712
94562,73.264,74.47675
94559,73.986,75.23524
94558,69.674,72.45148
94597,96.37,95.6635
94592,94.651,94.737305
94599,94.172,95.040215
94564,73.018,73.999344
94565,79.15,78.6842
94571,76.11,74.91041
94603,92.274,90.92411
94610,77.404,76.40852
94630,80.507,81.52761
94611,75.694,76.66205
94607,76.001,76.61904
94574,76.205,73.70362
94662,98.796,98.07663
94677,76.508,75.83949
94663,92.953,92.732544
94661,56.654,58.269913
94658,84.344,79.927795
94651,81.466,79.89917
94652,80.739,79.18099
94666,74.939,75.47052
94678,75.109,75.371346
94691,77.423,78.23122
94730,71.868,76.41836
94754,78.089,67.61369
94735,74.475,74.916306
94755,77.536,78.28879
94747,71.726,73.05504
94763,78.915,79.52983
94760,89.715,87.576485
94762,89.22,87.228455
94742,75.373,75.64707
94778,77.578,76.54181
94761,74.952,73.26963
94767,70.021,73.8875
94782,81.722,79.43065
94748,68.789,69.46267
94820,80.573,79.15533
94831,79.33,78.5122
94822,84.241,83.37367
94823,77.359,75.960365
94805,77.2,77.92412
94892,95.165,94.06667
94893,94.881,94.1881
94883,73.73,75.39873
94859,84.53,73.606514
94891,82.607,84.35855
94905,85.557,84.74363
94882,70.986,71.611694
94908,84.607,84.24518
94904,77.867,77.8937
94897,65.115,65.53906
94909,80.908,81.40792
94912,81.465,82.9522
94879,70.64,70.77631
94878,70.481,71.259605
94918,86.153,85.90422
94911,76.575,76.98988
94874,77.117,69.94378
94934,83.724,83.0443
94926,74.595,72.29204
94987,100.467,100.442505
94956,75.86,76.32066
94986,77.102,78.31052
94954,76.467,75.31024
94996,73.691,69.40828
95004,75.753,73.80556
94999,61.278,65.66347
95006,70.899,71.865974
95007,56.887,70.62965
94974,73.355,75.12305
94971,76.08,73.78895
95027,72.354,70.94822
95026,77.181,72.09956
94973,73.971,73.16319
95032,73.351,70.997055
95034,70.166,70.158134
95029,76.796,71.40515
95044,76.337,76.33775
95067,80.61,80.931305
95082,89.152,91.060776
95056,64.849,91.02025
95073,81.749,80.81502
95050,77.244,68.58386
95043,59.886,65.089615
95111,68.771,61.481544
95104,81.852,82.73538
95086,76.218,74.65637
95087,75.61,75.04509
95105,80.193,83.15496
95137,76.329,76.40157
95129,82.22,79.41091
95113,71.695,70.60962
95130,77.453,76.55713
95133,75.189,75.74535
95132,83.647,81.42523
95131,79.36,78.77939
95107,77.342,78.18144
95149,76.228,76.46395
95144,79.587,78.10108
95168,84.186,87.86608
95152,79.27,78.94419
95157,80.516,79.62904
95153,76.298,76.81001
95182,74.941,76.89971
95183,75.068,76.03702
95236,80.929,78.72371
95230,83.273,80.97686
95232,89.774,91.17308
95251,81.278,79.52795
95231,81.493,80.84836
95253,84.664,82.64695
95259,82.893,82.71821
95237,78.805,79.89044
95221,80.053,78.61034
95233,83.348,80.7074
95262,79.259,80.41255
95287,81.206,82.020775
95302,82.521,83.77371
95303,82.401,81.73106
95331,90.203,89.61955
95300,81.745,80.91944
95304,80.789,80.23952
95320,76.46,79.02727
95276,83.998,82.978096
95321,62.09,79.43838
95337,72.784,71.82328
95363,82.207,83.005684
95356,77.356,77.0709
95355,80.556,79.52415
95384,90.101,86.777824
95397,77.234,79.00937
95438,83.151,82.438446
95360,69.252,73.09001
95436,77.171,76.95015
95431,67.722,71.90788
95432,76.51,77.152405
95371,89.666,75.62655
95447,74.466,74.94717
95465,87.668,86.814575
95480,78.472,76.28541
95446,63.832,64.63553
95441,62.214,62.873863
95490,74.753,73.78908
95506,73.716,72.131744
95503,69.329,69.02843
95509,70.079,68.53907
95463,63.433,64.04702
95521,83.789,83.999115
95512,69.404,67.283035
95526,91.198,89.86804
95514,68.956,67.56628
95529,90.594,91.04628
95532,89.983,86.599365
95533,90.381,86.75328
95562,81.39,81.37773
95564,79.501,79.27514
95580,95.232,93.83086
95583,80.258,79.620056
95557,84.187,83.56005
95605,96.997,95.19519
95609,80.717,85.266785
95618,78.192,78.30465
95607,75.464,74.046326
95573,80.231,82.76244
95608,75.656,73.571205
95626,78.105,78.45636
95612,78.814,81.05939
95617,61.642,67.73456
95621,75.675,76.29785
95601,71.669,72.992714
95672,90.863,92.64246
95661,75.738,61.97088
95677,84.596,82.78585
95663,76.079,75.49797
95669,75.824,77.1723
95682,76.673,74.57938
95683,74.911,73.68439
95729,81.828,83.33799
95700,71.691,67.00333
95684,72.436,71.602585
95733,83.556,83.48035
95685,69.539,71.2425
95704,71.971,69.961716
95706,71.751,72.108986
95730,79.343,77.839195
95743,70.28,73.39111
95710,67.039,67.025215
95750,77.941,76.289276
95751,75.884,77.46159
95768,82.177,80.72956
95769,81.183,79.80681
95758,65.826,78.22759
95759,74.787,77.830765
95757,88.405,76.117805
95795,92.578,94.996124
95754,79.576,79.04309
95756,64.136,70.98717
95810,81.055,81.992546
95819,98.192,97.776634
95820,91.238,91.2183
95821,93.348,91.61913
95825,80.126,80.08026
95797,76.969,73.84414
95796,72.823,73.12613
95834,79.532,79.7285
95827,67.136,69.336945
95803,73.691,75.71021
95804,69.741,73.393036
95801,71.946,73.48337
95805,65.161,67.31228
95888,85.659,85.55242
95845,65.856,82.466095
95880,74.868,83.61125
95878,75.592,74.86582
95856,80.122,78.010056
95894,62.139,66.692566
95903,81.957,82.444855
95902,83.335,84.20026
95909,88.601,84.683945
95920,84.547,83.52828
95956,84.067,84.84757
95970,81.663,80.57187
95968,76.659,80.08786
95953,78.24,75.30963
95947,80.977,72.993484
96010,96.07,96.389694
96017,85.924,88.67081
95982,71.894,73.18503
96027,92.726,94.14067
96024,90.496,89.48672
96052,90.708,88.565025
96053,87.734,88.88709
96054,89.011,90.35096
96055,77.499,89.16688
96039,85.427,85.46295
96067,82.266,85.04208
96083,79.847,79.102104
96111,97.744,97.61789
96058,74.007,76.66766
96108,85.89,88.43577
96098,87.232,85.755714
96113,78.963,79.06544
96135,95.523,97.16393
96120,81.737,80.5557
96136,97.769,96.520096
96123,83.157,84.74911
96124,84.188,84.3574
96122,82.383,84.788734
96046,90.306,79.5824
96125,81.58,83.64557
96140,68.063,72.87608
96056,74.432,75.69363
96078,70.769,71.301865
96174,96.914,98.44967
96179,79.26,80.82406
96234,78.299,79.32378
96254,93.152,93.899445
96260,91.359,91.54695
96200,66.04,65.85501
96277,85.462,92.05036
96296,97.024,95.246544
96301,97.889,96.047455
96251,75.694,77.27425
96284,80.648,81.34955
96334,84.196,81.18072
96304,80.262,82.26777
96339,94.502,95.786865
96359,96.219,95.53324
96308,78.961,79.78948
96367,96.18,99.30615
96362,80.038,79.904396
96364,79.982,80.015785
96360,77.383,76.17908
96405,91.313,88.76535
96409,90.119,87.39088
96399,83.201,82.31685
96421,84.813,84.113556
96428,82.434,79.77301
96456,99.55,102.260895
96457,86.713,82.79226
96374,67.149,65.40464
96403,72.52,72.39585
96475,85.458,85.5228
96455,74.384,74.55476
96474,75.55,75.79788
96479,73.191,76.483574
96487,78.035,77.47267
96492,80.754,80.0242
96484,80.122,77.67471
96464,81.586,78.7828
96509,80.791,78.56679
96519,93.079,94.02283
96523,88.689,89.98121
96526,88.508,90.137924
96535,75.233,78.42519
96545,88.553,90.38151
96485,83.132,79.52496
96539,73.919,75.51573
96533,73.071,72.36636
96548,72.458,72.12051
96558,80.194,76.33522
96569,79.449,75.28716
96561,76.534,74.75667
96568,74.156,74.34888
96564,76.864,77.53689
96559,74.545,76.92835
96592,74.759,71.096146
96602,87.106,88.87816
96585,90.066,88.261925
96599,76.465,75.78847
96571,76.335,76.7563
96570,72.285,74.07355
96572,74.924,77.953125
96643,86.993,88.22143
96672,94.958,93.45954
96666,75.45,77.68055
96670,79.537,65.18109
96680,84.922,86.63235
96649,70.857,74.08737
96674,78.551,78.51774
96675,78.426,76.202774
96689,67.654,68.03335
96694,74.389,73.109215
96713,84.498,82.68164
96691,71.469,72.68709
96687,72.938,72.63779
96727,76.431,78.76929
96723,70.194,71.70786
96726,77.081,74.90955
96757,72.673,73.66675
96739,77.546,73.96278
96762,78.521,74.19934
96773,71.328,73.390076
96756,73.411,74.442505
96812,79.455,80.170006
96783,70.739,73.922935
96799,58.646,63.712044
96805,61.062,63.318855
96833,89.299,88.07324
96837,81.244,71.22153
96836,85.784,82.9216
96831,57.945,78.33845
96843,76.901,72.60733
96881,83.939,85.155014
96884,80.862,75.18356
96873,65.544,69.40467
96893,65.661,77.072365
96907,76.881,81.62134
96845,73.288,74.836395
96915,87.955,89.08042
96905,86.077,79.4296
96946,81.149,80.04674
96936,56.928,78.802956
96956,73.45,73.58417
96986,92.183,93.26564
96975,71.548,73.33922
96952,74.662,71.73341
96985,84.867,84.7635
96959,63.817,65.45641
96957,66.875,69.24684
96987,73.615,75.43487
96999,75.235,81.98647
97003,89.978,89.53802
96998,70.822,77.9124
97010,74.759,78.83246
97022,84.103,77.7247
97012,74.723,74.31974
96989,74.613,77.28277
97006,70.513,75.5434
97036,81.632,85.21989
97021,78.717,78.09244
97023,75.468,77.046715
97063,72.497,72.1568
97065,68.725,71.45791
97086,68.62,72.999886
97060,70.069,68.49511
97057,77.659,73.49902
97072,76.557,77.105896
97102,88.226,87.48702
97092,76.366,78.78145
97073,74.423,77.92509
97101,80.974,77.564514
97110,75.816,74.99286
97107,73.855,74.89397
97108,72.801,74.41246
97093,105.915,58.654186
97112,76.252,72.37541
97139,68.844,70.81792
97132,86.055,82.139725
97118,76.551,71.64792
97117,69.277,70.675804
97182,77.461,78.778275
97194,80.452,78.61838
97187,76.625,77.70836
97188,77.555,77.197014
97150,70.447,68.93728
97147,70.593,75.808716
97221,81.519,82.185814
97220,75.661,76.247345
97225,81.335,81.443565
97191,75.617,74.67633
97200,75.519,78.4551
97235,77.971,78.851906
97218,84.55,77.835724
97251,93.412,92.60481
97252,88.204,88.61648
97259,85.338,85.28359
97241,69.736,70.38733
97227,81.462,81.85718
97256,70.825,70.34266
97269,79.931,77.722275
97264,77.046,80.75704
97267,79.473,76.174866
97263,76.411,78.10669
97262,71.29,73.53272
97272,66.843,87.66614
97281,79.674,82.34871
97268,61.651,82.79124
97312,93.223,94.68147
97311,87.789,87.41008
97265,84.79,84.63959
97289,81.06,80.020874
97314,88.226,89.575134
97321,94.246,92.76095
97270,85.482,85.92134
97319,88.233,87.22093
97317,84.91,85.269035
97330,86.786,88.4424
97320,92.757,92.09407
97308,76.206,83.7935
97293,84.035,84.08391
97356,84.25,85.89054
97352,81.733,80.367294
97326,72.29,73.80588
97344,80.217,80.71378
97324,68.446,67.6104
97328,75.236,74.80571
97327,75.951,76.88743
97307,80.396,76.71987
97361,88.418,88.563286
97365,77.586,80.67266
97335,75.945,76.3635
97387,79.751,79.86732
97392,61.061,71.40697
97450,91.836,91.67566
97460,73.274,78.26627
97458,68.129,67.15448
97490,88.322,88.45964
97472,77.43,77.81317
97494,57.61,79.0014
97476,75.176,74.868225
97507,86.525,84.4144
97506,85.386,83.394455
97479,74.701,74.79565
97498,78.519,79.52042
97513,81.144,82.794464
97514,82.499,83.239105
97487,76.749,78.84182
97517,60.587,73.752045
97504,73.485,76.28879
97539,72.666,74.923
97541,72.604,73.93413
97510,81.535,73.20031
97567,84.275,84.46727
97566,88.789,90.07738
97546,79.122,78.86148
97590,73.84,73.96025
97608,90.968,89.37594
97586,72.188,74.57902
97615,80.611,84.5872
97619,81.856,80.77706
97647,86.231,86.25303
97633,90.44,90.9386
97636,65.945,80.905136
97666,90.313,89.08665
97623,86.02,83.32669
97635,59.898,77.58794
97585,82.504,83.20466
97667,90.772,91.938866
97668,89.277,87.950806
97663,89.055,90.48113
97674,83.995,85.300156
97702,79.384,77.458824
97688,75.115,76.74822
97704,82.936,84.05192
97705,80.747,84.047905
97685,70.447,71.997574
97697,73.099,72.81946
97715,87.433,86.97154
97737,90.583,88.51748
97678,78.598,78.42935
97703,77.986,77.305595
97745,91.486,91.47175
97717,77.309,75.34946
97752,86.264,75.931145
97735,79.535,77.82739
97754,76.204,75.6093
97734,84.249,83.56651
97721,74.452,74.66106
97750,82.769,86.858154
97739,81.962,73.13833
97768,76.375,74.66314
97772,87.422,87.16741
97774,75.814,76.38361
97778,75.568,76.66033
97764,87.14,90.16879
97776,75.865,83.280975
97783,75.775,75.92826
97779,80.303,83.748825
97784,73.959,76.471146
97795,83.658,83.99261
97781,73.872,72.93972
97807,88.04,86.97546
97802,65.895,66.8867
97816,84.815,87.19454
97782,78.168,79.39216
97830,87.327,88.32373
97826,76.708,79.29092
97803,80.242,79.35091
97808,76.744,76.51132
97841,90.628,90.29164
97825,75.394,77.938095
97831,80.63,73.871925
97828,70.144,71.665794
97851,60.026,73.80283
97848,80.255,79.61284
97842,76.739,74.047356
97862,84.667,85.41642
97840,76.549,73.80313
97861,80.619,82.054985
97853,80.815,77.65387
97838,69.719,76.20975
97837,99.142,77.820145
97852,73.157,71.0228
97849,73.11,75.91909
97864,73.556,74.40214
97859,72.879,73.15917
97865,71.725,73.95086
97860,73.913,74.041954
97876,77.916,77.67854
97873,72.883,74.00593
97877,73.016,73.60147
97878,72.333,72.41795
97882,73.93,74.75304
97905,87.001,86.84865
97885,70.904,73.07789
97911,72.923,73.04521
97889,72.367,73.16934
97917,72.741,73.72396
97932,82.398,83.55566
97931,84.575,85.38362
97924,73.347,74.30998
97939,84.927,85.81512
97910,67.784,74.55608
97952,80.456,80.34632
97916,74.535,75.0399
97972,78.35,77.1982
97960,79.407,84.76466
97981,79.435,82.95799
97974,86.092,79.88541
98009,87.54,85.28717
98006,79.285,75.40185
98034,85.796,87.93657
98055,89.198,84.497185
97990,77.988,76.2609
98060,89.885,91.45753
98031,99.309,73.58512
98015,69.447,75.762985
98052,80.132,83.91699
98082,74.173,77.40388
98083,74.365,74.36409
98085,72.741,73.94277
98105,83.072,82.78229
98087,75.396,79.69177
98093,76.503,78.58723
98103,77.322,78.4273
98127,83.908,78.655594
98101,83.427,82.470566
98119,58.48,82.333435
98130,87.515,87.99273
98122,58.618,81.616585
98143,84.996,87.45202
98163,77.357,78.70603
98166,71.357,68.99353
98171,77.356,75.935646
98170,78.23,75.95369
98198,83.719,73.5864
98159,81.499,81.94452
98209,90.574,92.247215
98189,74.227,76.34478
98187,79.39,71.1678
98154,77.862,79.19762
98214,88.177,88.22967
98218,88.73,81.60937
98210,84.265,85.58925
98213,85.861,89.54466
98215,74.485,74.70919
98234,85.187,84.1076
98233,61.125,89.289116
98201,72.178,77.27072
98244,85.367,84.95759
98243,82.607,83.35258
98251,85.467,86.08752
98250,85.274,85.278465
98222,70.894,74.702484
98261,56.874,66.6984
98281,89.134,90.9071
98258,75.415,76.06179
98263,80.882,79.611176
98235,65.597,68.48944
98318,83.807,83.33161
98264,72.602,75.249695
98317,80.63,81.47238
98312,78.822,78.15306
98325,78.497,77.7404
98327,76.959,78.48598
98336,83.801,81.82678
98350,83.162,73.73643
98340,75.725,77.077866
98374,85.368,84.79988
98357,86.205,83.766975
98341,58.282,80.42822
98370,65.256,76.08423
98394,82.584,84.54935
98364,88.509,81.44134
98383,73.838,74.109955
98380,72.99,73.15183
98386,72.542,69.03613
98379,74.707,73.38591
98388,80.501,80.29648
98417,84.677,86.54984
98390,81.302,78.45098
98404,82.86,79.72218
98397,74.668,74.60617
98418,85.323,86.87782
98385,68.238,71.539
98422,68.815,87.236206
98425,86.496,85.3681
98373,82.844,71.22375
98406,71.497,69.44673
98443,76.77,77.696365
98440,77.721,79.06751
98474,69.232,70.61393
98473,74.264,74.89191
98475,72.508,72.66936
98512,92.864,93.82366
98496,75.123,74.94705
98523,85.489,85.1958
98497,71.521,73.9876
98559,93.687,94.6938
98516,82.1,82.191315
98557,87.418,86.87239
98558,87.387,86.25621
98547,71.187,72.05899
98499,68.62,76.75229
98554,80.726,82.070045
98476,60.245,67.20887
98553,79.38,78.12497
98549,75.044,77.59088
98531,77.879,80.337006
98561,74.343,74.64593
98585,86.11,71.65773
98564,71.078,74.27194
98566,70.925,73.347115
98567,68.132,70.069214
98583,80.632,82.17191
98615,81.955,78.62515
98606,75.862,75.51586
98627,75.31,76.55916
98619,75.299,79.72365
98646,89.423,85.66073
98624,75.892,72.330246
98600,72.654,74.885086
98650,87.098,85.74449
98654,77.083,73.63622
98653,73.671,71.99288
98691,93.547,91.53427
98673,87.424,87.01078
98683,74.975,75.05378
98684,64.967,65.30614
98703,81.301,84.559044
98709,85.7,84.07636
98755,89.89,86.1085
98735,75.074,78.94506
98724,77.428,81.203094
98761,88.359,84.72912
98760,88.802,89.57253
98731,71.98,74.4845
98762,87.543,83.69027
98734,72.357,76.526115
98682,60.827,65.99358
98765,76.365,74.795
98746,73.246,79.40428
98788,83.729,85.980934
98826,61.247,68.96552
98820,70.575,71.65924
98835,76.215,79.33699
98821,75.285,72.270836
98863,71.114,73.0785
98865,73.386,73.47486
98866,72.046,73.79255
98869,71.446,74.07562
98873,75.173,74.56721
98892,88.816,88.06002
98868,71.961,73.363365
98911,84.302,83.905495
98876,113.134,112.26418
98922,84.282,86.238914
98924,82.225,84.03907
98900,81.046,80.00955
98908,74.783,74.2159
98882,57.895,72.53797
98925,83.019,84.45042
98907,70.556,68.59305
98910,68.802,71.31116
98969,87.994,87.18821
98982,85.735,83.678215
98974,77.198,73.38713
98981,82.196,81.600204
99000,87.703,89.065926
98975,76.804,73.90667
99018,87.293,86.75703
99015,82.12,78.23308
98977,76.43,75.42024
99029,86.071,83.958145
99039,89.043,88.44676
99046,90.712,91.50975
99010,70.874,74.00353
99051,86.647,88.24679
99034,78.471,78.83284
99036,80.627,81.21261
99033,76.38,75.849205
99037,78.838,81.25444
99038,78.244,78.847176
99052,85.349,84.69133
99032,74.881,75.338615
99030,77.423,74.48539
99035,76.513,78.23158
99071,71.547,77.38306
99095,68.968,72.71372
99096,74.641,68.62561
99101,66.783,73.10018
99031,77.185,75.02673
99134,88.237,90.88071
99152,85.191,85.7606
99120,74.171,66.950806
99136,79.125,76.86211
99167,85.208,83.93297
99168,86.941,86.7607
99177,84.481,84.51165
99186,80.434,81.30261
99130,71.42,72.41891
99129,74.834,73.83061
99202,97.156,95.93575
99185,75.615,78.1427
99156,76.152,79.61254
99201,88.532,87.29748
99198,88.474,89.997536
99178,81.522,81.29618
99135,72.334,70.9767
99215,69.767,67.21164
99209,81.081,78.59198
99243,71.49,77.73246
99274,88.04,85.81162
99273,86.839,85.975555
99289,87.964,88.380035
99255,66.875,70.827354
99306,84.209,86.16693
99305,84.764,84.80986
99309,84.024,84.39245
99303,83.858,81.80553
99294,74.055,75.84345
99283,78.659,78.30735
99332,77.43,70.18674
99293,73.238,72.84176
99334,77.299,71.978836
99336,87.315,88.70445
99351,88.903,89.27384
99281,78.658,78.95348
99313,66.26,67.04916
99357,81.39,81.2969
99361,80.622,77.19974
99314,75.54,69.30476
99316,71.913,71.59075
99360,78.154,77.45817
99362,77.659,81.32709
99384,86.902,85.38523
99359,77.653,81.53948
99356,76.526,76.21402
99346,79.973,80.09907
99352,75.434,76.231674
99387,73.54,80.57946
99393,75.087,78.23641
99421,85.599,83.42077
99418,77.768,79.561066
99451,82.734,80.23101
99457,92.347,91.19422
99364,73.72,76.181816
99444,70.146,69.31621
99445,76.549,70.068756
99447,71.628,69.19144
99483,91.228,91.00112
99470,86.776,86.26128
99490,89.873,90.30899
99492,66.43,85.96579
99478,79.655,79.73412
99503,75.658,68.67461
99469,76.337,75.52293
99505,76.563,77.293526
99524,79.725,83.3075
99530,93.8,82.499985
99509,82.066,79.36978
99511,82.048,79.50362
99558,86.095,79.74039
99519,74.634,72.74
99567,76.521,80.67511
99545,73.21,73.7426
99568,75.288,78.15171
99552,74.682,74.58289
99549,84.148,83.818535
99596,100.604,90.97658
99595,74.891,75.486725
99625,81.582,83.44594
99630,76.742,73.86457
99645,80.297,81.62773
99642,75.328,76.54634
99659,84.958,81.2739
99653,82.351,80.51875
99686,77.498,80.727974
99657,71.874,72.93124
99709,85.673,86.65753
99658,75.212,75.905785
99677,76.668,78.93738
99680,77.775,78.96256
99714,78.53,83.85841
99725,85.759,85.027596
99733,94.221,93.63971
99716,81.913,82.51677
99713,73.056,81.133224
99728,76.952,76.81291
99736,74.392,74.094284
99747,73.673,76.762955
99685,76.94,76.4006
99737,78.373,76.42822
99720,81.924,82.1087
99723,78.204,80.8964
99743,75.103,76.80004
99722,81.613,81.770645
99774,73.929,73.74763
99753,78.59,79.86306
99754,78.123,80.02691
99765,69.042,71.36995
99738,78.106,77.19624
99763,68.144,70.818115
99775,79.276,83.17216
99782,74.859,70.222824
99798,78.6,76.55658
99792,77.051,76.89031
99793,78.586,78.88149
99824,75.967,76.48372
99805,73.417,69.60659
99839,83.854,83.19597
99831,85.433,80.82505
99844,76.715,77.82516
99846,76.41,74.173355
99845,75.047,76.2818
99847,73.971,74.62235
99842,74.502,75.24316
99877,94.258,92.68734
99874,81.018,80.432846
99849,70.298,71.85687
99907,93.329,91.51066
99876,70.326,70.30817
99873,71.506,69.992134
99899,74.893,76.10293
99867,81.171,81.63624
99892,77.523,79.67416
99915,63.198,80.9537
99936,91.823,90.63794
99916,62.534,80.1169
99937,83.067,81.71126
99923,77.173,79.502266
99944,88.209,87.69845
99914,74.169,75.40867
99908,70.383,73.72912
99965,84.152,84.679405
99957,81.979,82.598114
99952,77.315,77.91648
99906,74.658,72.70591
99977,84.081,84.282005
99958,80.594,81.61129
99986,91.564,89.70118
99951,60.123,70.80745
99964,80.043,81.22497
99980,78.299,80.18431
99963,62.758,73.47672
99960,63.896,76.28977
99998,77.765,75.96086
100000,83.144,81.617355
99999,69.152,74.04784
100029,88.922,83.16843
99945,70.325,71.30032
99994,76.868,76.22581
100017,85.398,82.90371
100040,81.203,81.27453
100041,80.929,80.66124
100048,85.296,81.29199
100030,72.81,71.14312
100043,80.304,79.770996
100007,80.762,79.206924
100027,73.274,71.8977
100019,73.786,74.65496
100018,74.234,74.463776
100056,77.557,76.73453
100045,71.814,75.19123
100081,79.269,79.38384
100072,71.822,71.87354
100104,71.868,71.68811
100114,74.104,76.42312
100135,83.213,83.65241
100125,71.543,72.746346
100136,84.113,83.57123
100137,82.987,82.63778
100129,70.245,70.16087
100126,72.422,71.254906
100138,81.436,81.17071
100140,82.845,83.7004
100153,80.609,81.53866
100131,82.509,79.630104
100154,80.477,80.6391
100161,80.861,81.276474
100157,77.562,77.92323
100150,63.756,76.89168
100183,74.023,82.38317
100172,79.275,78.98407
100203,91.201,90.948364
100199,86.187,85.35282
100184,80.488,79.53301
100174,79.528,80.32194
100170,63.082,73.63576
100193,71.513,73.059616
100238,96.585,95.8896
100230,84.685,86.933014
100229,86.539,86.36676
100251,80.555,79.520584
100236,74.067,76.014946
100232,78.699,78.305824
100233,71.718,73.630394
100237,72.823,74.80242
100248,79.04,79.715485
100206,62.003,73.590004
100255,78.771,80.64265
100257,71.516,74.27996
100301,76.754,75.12394
100291,69.909,71.70741
100292,72.295,72.16566
100299,71.721,71.98676
100234,73.511,74.00773
100297,72.45,70.82347
100303,71.251,70.38733
100334,86.468,84.885605
100311,72.045,72.18834
100313,69.292,71.02083
100315,72.55,73.03202
100317,71.481,74.029396
100325,70.723,72.72058
100322,83.575,81.84492
100331,76.279,77.63772
100324,71.683,74.25982
100323,72.755,72.24502
100339,66.224,67.19289
100336,71.01,75.06623
100327,71.816,72.51761
100352,65.746,77.47479
100341,65.453,66.14543
100360,84.482,85.73584
100362,83.434,86.89541
100337,69.593,75.98108
100367,91.046,88.65106
100375,85.664,81.83966
100358,76.827,75.73747
100346,78.706,76.923065
100398,78.708,79.01315
100408,77.473,78.0572
100396,72.122,75.71588
100433,61.958,85.26191
100399,73.897,74.39215
100411,75.592,72.38172
100429,76.459,75.38691
100453,83.046,80.87475
100430,77.391,78.59628
100438,77.676,77.172264
100455,72.618,73.125626
100457,72.31,72.260796
100481,82.216,81.27384
100480,81.656,80.611755
100482,85.863,81.73987
100527,87.766,90.008354
100508,78.665,78.857704
100528,87.341,90.014915
100478,69.929,70.73074
100532,84.254,80.88339
100519,83.638,82.246056
100557,81.135,82.229774
100541,78.09,79.10604
100564,84.119,77.13
100565,84.951,79.38182
100555,71.499,71.7792
100589,72.747,82.59806
100554,73.973,70.51739
100563,73.154,72.10899
100598,72.489,71.873436
100599,71.749,71.67728
100638,86.04,87.872025
100603,73.446,75.64815
100614,81.873,80.75984
100615,81.411,83.85107
100600,72.001,76.03644
100611,70.502,72.410995
100676,80.795,79.00613
100669,79.66,79.5669
100665,73.734,76.2518
100664,77.412,75.57504
100675,79.352,77.75857
100655,78.56,70.317795
100666,76.496,75.510376
100681,79.271,82.08857
100733,83.672,81.63348
100722,84.668,83.03703
100741,91.218,89.43525
100727,67.378,81.0646
100724,66.063,80.28138
100740,74.152,76.64585
100735,67.513,68.99839
100753,71.631,73.44979
100778,65.229,72.153015
100770,80.469,80.2491
100792,90.256,89.524
100756,73.01,75.72895
100750,74.289,76.71071
100811,80.208,81.47457
100812,80.294,81.90109
100815,86.306,90.50927
100793,80.23,78.162735
100808,83.451,79.23274
100816,81.851,79.728195
100798,68.987,65.87524
100799,69.929,66.339615
100821,75.373,77.39279
100838,81.972,82.308876
100833,71.939,73.25795
100848,82.52,85.6135
100757,72.512,71.91575
100878,83.912,82.33208
100901,65.735,88.2833
100913,75.1,75.01277
100899,71.447,75.42144
100906,67.932,68.80437
100939,78.954,76.231606
100937,77.847,69.15611
100949,65.759,77.261345
100947,78.16,75.333595
100955,82.319,78.01248
100963,67.397,74.15288
100957,83.652,74.15484
100972,63.337,75.42195
100984,73.015,72.54385
100985,75.691,74.96925
101018,87.099,88.037445
100995,78.484,78.333176
101023,80.854,78.81997
101020,76.702,74.628365
101067,87.124,88.98558
101068,82.314,82.12465
101060,85.2,82.245995
101047,76.119,74.37335
101045,77.66,76.92964
101071,77.668,77.90876
101069,81.579,82.82582
101084,70.602,71.05991
101046,77.807,77.34205
101088,57.157,74.83703
101107,78.419,79.45116
101086,68.41,69.683
101085,67.614,69.75077
101110,60.166,72.19399
101112,60.373,73.681854
101122,78.644,76.489204
101108,66.57,81.44574
101145,91.144,88.18351
101140,82.654,82.09222
101148,92.072,94.20286
101129,78.442,78.36945
101169,89.923,87.89937
101168,85.06,86.66361
101181,83.999,81.58741
101206,80.022,66.3559
101210,81.848,81.68329
101225,91.121,88.18864
101218,82.96,81.192085
101208,82.466,81.92675
101220,85.428,82.708954
101217,83.098,81.72123
101219,83.349,81.83182
101222,86.424,84.40889
101227,88.873,86.13496
101239,90.519,88.510376
101230,83.093,81.23823
101249,89.012,88.22401
101250,89.153,88.80099
101234,89.773,83.100555
101231,77.401,82.27143
101244,83.694,81.899864
101245,83.388,81.426254
101214,77.875,77.976425
101212,82.357,82.3147
101246,83.771,81.33891
101272,89.107,86.8611
101265,79.911,77.03076
101264,85.467,81.32442
101257,81.175,80.48924
101262,81.06,79.546
101267,78.271,76.798035
101275,80.783,80.081535
101282,78.131,81.20443
101327,95.077,94.46811
101302,69.723,69.87659
101303,72.277,72.2879
101321,83.004,78.12984
101279,79.857,82.54953
101336,75.056,76.40733
101311,78.581,75.684875
101359,85.634,87.74275
101360,84.783,83.935165
101358,79.89,81.99254
101316,79.142,75.78337
101331,73.2,73.23214
101330,73.802,73.14287
101342,71.652,73.340225
101367,77.387,77.75341
101348,76.012,75.17681
101397,80.365,79.2294
101398,84.045,84.64638
101399,84.301,85.910866
101403,90.525,89.91119
101407,81.57,83.897255
101431,78.002,78.54653
101361,76.434,76.37718
101439,78.463,78.22803
101443,77.773,78.116295
101438,77.37,76.477264
101363,74.224,74.86717
101365,75.767,75.55941
101480,82.686,81.314865
101479,83.366,84.034454
101485,82.132,82.01921
101482,83.5,83.61354
101487,85.717,86.66534
101488,80.166,83.43715
101481,86.447,83.574684
101490,80.144,77.91569
101491,80.107,78.641045
101486,79.015,78.98363
101542,91.072,90.40149
101533,79.43,81.29533
101494,79.099,80.28012
101525,79.755,77.04843
101555,92.082,92.13144
101524,79.858,79.20623
101520,79.985,80.24602
101557,88.404,87.77734
101546,80.751,77.91156
101564,63.179,80.63475
101569,78.222,77.78496
101568,80.531,78.9913
101588,92.808,93.54583
101590,88.693,90.13742
101591,83.001,82.32557
101528,74.402,74.63606
101607,98.442,93.52066
101585,81.595,63.484352
101624,76.641,96.10429
101614,75.868,72.07612
101628,69.409,73.13793
101668,81.561,83.06659
101645,77.116,82.46228
101662,74.476,76.511955
101661,74.243,75.61364
101704,79.867,80.34659
101705,78.459,78.36246
101678,77.054,76.41101
101709,72.647,71.32908
101707,75.678,77.52574
101747,83.69,84.30032
101779,92.24,91.682625
101750,72.335,73.79672
101780,91.884,92.427025
101756,71.703,65.85016
101749,69.377,68.5797
101767,66.138,77.428116
101772,75.458,73.19721
101789,86.504,85.94847
101803,90.026,90.37188
101751,68.602,68.7148
101777,80.459,82.00207
101823,81.561,78.186134
101824,77.973,76.02807
101826,79.402,76.1478
101801,78.506,68.06954
101798,66.092,75.96943
101799,65.186,74.72638
101796,78.988,58.154545
101894,95.386,94.08883
101898,87.1,86.13108
101895,86.76,89.00464
101906,82.091,82.95627
101930,88.933,89.59621
101953,92.716,94.19807
101921,72.809,78.03679
101958,85.915,85.98244
101934,66.453,71.00408
101935,69.184,71.488846
101842,76.311,74.108246
101981,82.363,81.82509
101984,81.345,80.8093
101983,79.127,77.76869
101982,74.042,73.41841
101997,83.054,80.19931
101944,70.376,69.14151
101985,82.538,79.8666
102002,89.021,90.04107
102010,91.652,88.33656
102013,88.153,85.62746
102042,92.828,93.92767
102023,84.052,86.10179
102001,81.239,81.505356
102015,76.165,77.04888
102028,84.719,84.07111
102016,76.679,79.23073
102022,76.75,75.11373
102083,90.012,91.67878
102098,89.137,91.25135
102102,75.624,79.90933
102092,83.207,82.19218
102051,58.678,64.24649
102101,84.181,85.5857
102159,81.722,75.30281
102181,89.806,90.07126
102175,82.585,86.76852
102203,88.237,89.35191
102222,85.668,81.99871
102202,84.179,81.11507
102209,78.467,80.81614
102230,78.638,79.28991
102223,88.553,89.2225
102224,88.603,89.11722
102235,80.352,78.796906
102256,74.133,84.23826
102233,82.561,82.59286
102271,93.448,87.79224
102284,88.455,90.452545
102285,88.393,89.64177
102229,61.641,71.70415
102291,70.096,70.11934
102331,73.293,73.42934
102396,96.338,97.19314
102395,78.688,78.87122
102429,87.998,90.91193
102436,88.163,88.856415
102449,86.717,86.35374
102451,86.916,88.86995
102455,80.818,81.46527
102432,79.752,79.12082
102413,65.491,68.614914
102473,86.5,86.85677
102509,74.504,73.28651
102522,88.368,87.77287
102516,80.79,82.561554
102435,78.887,79.15955
102524,71.719,74.67752
102542,80.936,81.57995
102535,80.303,81.07692
102546,78.074,79.0655
102561,88.892,88.69711
102575,81.458,80.36982
102564,82.128,83.43602
102571,79.681,79.23954
102588,90.381,88.91103
102577,70.197,74.7744
102583,77.538,78.68195
102584,82.252,78.87843
102578,71.612,71.76219
102600,89.658,89.74722
102566,74.063,73.725784
102610,86.832,88.32458
102619,95.563,96.79945
102621,87.497,87.705345
102601,77.597,79.56344
102602,77.64,77.301796
102609,77.876,79.367165
102604,77.412,77.86013
102614,76.568,77.87848
102617,86.899,82.967026
102579,75.909,72.39013
102648,74.393,78.28527
102607,70.94,74.78253
102632,85.404,86.135
102580,89.461,72.02182
102677,92.843,94.42305
102666,84.433,87.676346
102682,86.68,85.983
102664,82.323,81.69806
102694,93.931,93.51257
102693,92.636,87.9097
102698,95.46,96.6363
102708,88.146,79.487724
102696,89.668,82.59879
102707,84.687,82.88254
102703,83.977,83.84056
102716,90.851,83.13584
102729,88.603,91.6777
102714,84.164,85.5611
102656,71.863,73.86447
102718,80.802,82.19742
102738,86.897,86.79081
102743,86.744,86.59964
102713,74.517,75.72137
102753,87.7,89.917366
102726,78.164,78.6875
102759,92.925,93.774
102767,85.883,84.17067
102740,75.433,78.377884
102768,89.389,85.65022
102756,87.101,85.27585
102758,70.315,70.00051
102772,69.756,70.553474
102792,71.048,71.9404
102811,64.575,60.144615
102822,89.178,89.143234
102800,81.229,81.24616
102819,72.373,75.02844
102815,61.023,76.52179
102719,81.244,80.72177
102842,79.515,73.94535
102845,61.652,78.765755
102790,74.874,74.152054
102882,76.153,78.46559
102880,77.05,77.88288
102876,77.764,79.10672
102851,73.159,75.31298
102884,77.198,78.61479
102867,79.169,80.13244
102895,77.939,79.12695
102868,77.591,79.11647
102888,78.551,81.43793
102903,86.162,85.48287
102892,77.953,76.39211
102911,83.479,83.92089
102929,71.867,71.88255
102937,98.276,84.347565
102900,73.865,75.72236
102935,63.571,83.12574
102940,67.558,70.47325
102959,68.062,68.35137
102942,66.924,68.847694
102958,68.306,68.65597
102982,57.66,91.31781
102970,73.55,74.98044
102969,71.423,73.72813
102993,75.38,76.428635
102981,77.91,78.34991
102974,76.46,76.36158
102973,76.689,76.31809
102976,77.384,78.1963
102991,79.728,80.11557
102990,82.465,79.60285
103002,85.971,84.361786
102954,69.862,70.535805
103013,73.137,80.91307
103015,71.902,79.12309
103007,75.6,70.229454
103012,71.133,73.22007
103018,75.538,69.809944
103031,71.714,77.06085
103033,82.26,82.20099
103042,79.524,72.24216
103029,68.479,75.8322
103064,81.217,80.74223
103044,76.073,74.379776
103080,84.294,84.25445
103067,74.172,82.607346
103074,75.174,72.53954
103085,81.433,81.79992
103084,82.148,79.45699
103066,76.244,75.78363
103072,71.266,67.11602
103115,84.616,84.77249
103077,78.655,75.12352
103052,74.992,77.1365
103128,88.996,85.95181
103139,82.901,82.98388
103125,77.681,79.320206
103140,79.639,79.63449
103116,69.227,70.028625
103154,71.766,71.31064
103165,82.561,84.03274
103149,73.15,73.37994
103143,74.76,76.785576
103092,68.332,73.122665
103164,82.675,83.89709
103160,72.719,72.63355
103177,81.528,82.30802
103169,84.378,85.531334
103174,77.445,78.706245
103162,72.377,73.9214
103166,62.745,73.89118
103161,70.937,73.64466
103188,76.349,75.43306
103159,70.613,71.63564
103185,71.217,72.09321
103194,69.418,74.77597
103187,70.76,71.966934
103198,73.242,76.619484
103180,69.347,70.56862
103193,76.284,77.06396
103199,73.845,76.17482
103215,78.833,79.36446
103145,73.573,75.3054
103216,80.009,78.26466
103220,81.823,80.80281
103253,82.583,82.39519
103252,82.344,78.37146
103249,74.935,76.7986
103243,68.591,68.958786
103276,86.244,81.30113
103263,74.576,73.811646
103277,72.882,72.85674
103268,69.597,70.32164
103297,87.618,88.84009
103274,74.43,71.3418
103287,77.245,67.67317
103319,79.669,81.34265
103298,76.708,77.34591
103330,81.456,78.306496
103341,90.673,89.23288
103295,75.512,76.37009
103318,80.845,81.12938
103313,73.116,73.70656
103368,84.646,84.81013
103384,90.05,88.54065
103383,84.229,89.41626
103387,78.512,78.707
103365,88.601,88.15222
103351,74.955,87.71298
103388,73.213,74.79525
103348,76.117,71.95383
103394,75.592,81.31308
103390,73.127,73.51273
103415,84.231,85.30643
103410,78.524,75.73318
103389,73.007,71.776436
103423,79.281,78.507126
103430,82.062,79.99524
103398,82.573,81.61879
103471,82.257,87.540085
103469,73.595,76.45785
103478,88.702,92.17117
103447,73.882,76.22367
103473,76.683,79.95962
103502,91.229,91.0444
103468,79.205,78.04941
103444,76.575,79.05527
103442,76.063,74.305275
103441,75.964,73.59523
103515,77.394,76.08583
103517,71.615,71.60639
103485,69.819,76.47246
103507,75.17,75.06794
103541,80.531,80.974594
103553,73.94,74.180534
103552,73.628,73.9717
103563,80.999,81.97226
103564,81.004,81.78848
103575,76.029,76.605446
103576,75.174,76.01233
103551,72.767,73.56061
103554,73.148,73.92284
103549,79.391,73.93131
103595,90.64,90.55589
103589,86.291,87.66646
103594,84.783,80.82071
103590,84.982,81.45197
103607,91.853,92.059
103614,89.447,90.142654
103592,86.848,86.197075
103600,81.784,80.88854
103591,76.877,78.040306
103608,76.427,78.53434
103611,77.449,78.94283
103616,83.546,84.338
103609,75.039,77.15213
103610,74.013,78.34224
103624,85.233,86.59128
103605,74.389,75.81401
103645,88.598,89.93592
103606,72.821,75.54293
103626,81.306,78.70257
103621,76.605,77.109505
103641,83.255,77.60718
103640,71.061,73.06277
103671,85.406,88.32646
103672,85.296,86.96196
103682,76.178,78.35563
103649,71.758,69.526665
103691,88.083,94.003006
103689,87.882,93.123665
103715,96.438,95.43549
103690,82.042,87.04959
103717,95.402,97.13695
103716,94.234,94.2681
103692,83.803,86.01604
103721,82.791,81.98031
103736,84.024,83.075455
103643,70.726,70.79161
103740,86.851,87.28988
103743,86.876,85.92141
103718,66.024,71.172295
103713,69.659,70.10788
103780,90.145,91.52522
103768,93.387,92.85049
103795,76.775,77.96959
103796,75.222,76.872185
103747,101.1,82.67844
103800,75.767,76.58358
103843,85.56,81.707726
103850,91.383,93.45828
103836,74.144,74.21792
103832,81.587,81.98132
103858,94.495,94.45376
103765,67.612,68.181885
103872,85.006,85.40026
103863,83.221,81.71978
103899,86.954,88.443985
103904,90.765,91.36105
103906,90.307,90.75039
103907,87.2,88.312836
103871,88.127,90.005066
103898,79.859,81.041084
103910,86.959,62.236435
103912,80.512,82.95876
103894,78.434,80.680916
103935,84.447,84.4845
103897,81.696,81.48415
103933,80.713,81.60039
103937,83.038,81.48154
103938,81.532,83.55174
103959,89.696,89.68368
103909,75.098,72.65548
103896,76.371,78.84138
103892,93.124,91.45531
103964,84.504,83.105804
103950,67.449,66.851814
103977,76.168,77.814316
104016,80.365,79.63558
103990,80.434,81.15984
104024,89.464,90.44548
104060,90.568,89.83921
104059,91.917,92.096756
104005,75.574,75.355446
104057,78.16,77.82683
104061,71.31,77.522026
104084,88.059,88.48183
104037,81.935,78.31129
104111,85.883,85.46171
104062,71.274,77.79027
104036,81.163,81.14859
104105,68.126,67.839615
104122,80.038,78.062675
104106,70.634,71.29242
104115,83.046,81.45093
104127,78.789,78.466095
104128,78.465,78.56391
104190,93.318,93.88108
104152,88.371,83.409035
104217,80.149,84.49976
104216,78.543,78.12227
104224,90.47,91.13498
104255,78.334,79.11461
104210,71.516,72.09005
104280,95.26,94.38958
104267,78.878,80.85113
104279,86.382,86.678955
104278,85.979,85.59588
104273,80.765,82.33999
104268,76.159,78.14237
104265,75.098,77.344185
104259,79.579,79.532845
104284,92.447,93.29499
104295,83.745,86.399734
104310,94.357,93.70228
104313,90.56,91.58042
104299,82.326,82.86619
104323,84.712,86.42019
104324,84.776,86.302666
104293,79.882,78.81624
104325,86.057,87.539894
104348,87.24,86.238235
104331,74.606,73.734665
104380,96.308,95.36915
104368,84.806,85.17823
104337,68.07,68.384705
104367,70.265,77.60944
104387,58.771,64.00217
104375,69.997,71.037445
104403,100.91,100.84311
104423,82.78,83.6768
104420,57.662,72.51217
104383,75.175,73.42334
104416,77.852,76.645905
104435,81.203,85.11661
104442,86.86,84.81197
104385,74.241,70.69311
104483,82.279,82.475655
104484,84.694,84.548706
104485,84.644,84.28523
104459,85.155,83.76215
104505,75.226,75.79667
104499,67.792,69.64527
104566,85.927,84.859085
104574,59.185,68.052734
104599,79.376,81.960144
104613,64.068,85.49769
104624,82.233,80.25106
104625,82.362,76.26322
104626,81.213,80.41656
104589,79.54,77.563416
104614,75.736,77.768936
104588,79.198,76.859856
104587,77.95,76.73451
104655,94.658,100.11416
104656,82.984,85.828896
104661,85.458,85.60394
104651,73.806,72.96719
104688,81.132,80.30727
104714,77.196,76.85007
104680,83.754,68.07655
104729,82.495,82.41964
104700,76.849,72.882195
104724,81.82,82.37596
104728,80.549,84.55428
104727,80.071,84.50285
104762,87.726,86.27259
104764,83.535,82.5452
104759,81.95,81.26684
104769,80.898,78.538055
104776,83.443,83.29195
104772,83.56,83.437355
104779,81.909,83.48035
104763,78.31,78.7193
104757,73.142,75.74763
104771,81.387,82.34196
104766,74.406,73.59939
104784,82.816,83.4904
104786,80.628,81.50172
104761,86.742,88.70438
104794,82.779,83.48035
104799,81.827,81.98952
104806,82.824,83.48035
104814,80.708,81.05957
104812,82.098,82.935486
104808,74.921,77.3987
104834,79.91,79.25592
104819,81.323,83.132385
104837,70.185,71.65358
104778,77.531,77.6639
104770,75.302,75.975266
104850,77.514,79.58304
104838,76.192,77.87043
104815,73.741,76.01487
104877,83.312,80.04993
104870,88.559,89.22975
104892,91.965,90.709
104854,80.377,80.35205
104866,60.521,78.04009
104898,74.593,76.36501
104900,83.717,83.75364
104915,78.45,77.80702
104880,75.334,75.72132
104926,67.031,67.00782
104950,76.897,77.19473
104941,80.284,79.219986
104965,77.989,77.93513
104994,80.215,80.74702
104977,78.777,78.897545
104992,78.797,78.697044
104978,79.32,80.252525
104967,81.114,79.63751
105022,82.935,82.87714
104986,78.599,74.91379
105030,79.5,76.84097
105032,76.723,78.85074
104998,63.444,71.69827
105005,77.064,76.815094
105009,78.946,79.136246
105046,80.992,79.79111
105025,81.427,79.087296
105003,77.136,77.784615
105056,92.797,93.96455
105044,80.238,76.94434
105057,96.649,87.37941
105059,91.508,86.92075
105045,78.569,77.72047
105024,70.549,69.80013
105033,79.318,80.53129
105023,72.135,72.51588
105076,82.748,81.60208
105070,77.493,77.87091
105079,84.664,83.988686
105065,74.124,75.91809
105071,80.731,83.34855
105062,74.487,75.59511
105092,73.297,72.32421
105109,74.134,71.13813
105115,81.052,81.020485
105090,79.631,80.821
105150,81.575,80.045906
105114,69.6,70.58636
105137,74.843,75.11012
105068,74.773,74.92453
105148,75.665,77.08914
105149,83.387,83.08152
105186,84.608,82.87743
105157,76.261,75.82175
105188,85.275,85.27704
105189,85.334,84.05305
105206,85.336,85.53509
105209,79.487,79.49403
105213,84.005,85.00637
105208,67.148,66.55007
105216,72.769,72.555756
105210,67.991,67.60114
105214,68.11,68.046165
105212,68.526,68.12303
105243,90.629,90.19581
105215,66.878,67.34806
105218,71.246,72.69447
105220,68.13,67.18766
105221,68.168,66.45531
105237,68.85,70.912704
105239,75.242,75.15443
105238,73.273,73.64365
105255,77.392,77.22896
105263,68.9,66.66188
105261,74.324,71.29242
105260,68.763,72.17508
105258,69.509,71.53359
105256,69.917,71.21397
105279,90.309,90.24544
105283,91.87,91.29439
105259,69.407,71.601425
105282,91.669,91.25675
105273,75.147,71.72388
105288,72.573,76.66808
105278,67.032,65.35594
105275,73.932,75.74562
105290,57.963,77.59164
105289,77.947,79.89972
105287,73.26,72.63368
105315,84.367,83.887856
105340,73.039,71.22785
105306,76.605,72.73461
105336,81.844,81.41044
105337,82.467,80.86856
105359,79.164,79.47929
105385,85.38,79.87637
105397,61.819,73.231926
105386,79.704,80.82238
105382,79.207,80.3403
105380,71.703,72.924576
105391,80.602,80.68023
105414,80.546,81.86058
105377,77.939,77.677536
105425,74.992,75.56473
105427,74.931,75.96271
105445,91.917,88.99341
105453,84.104,85.92837
105477,76.309,75.23003
105476,76.931,77.72408
105478,84.823,85.63509
105474,79.531,79.67245
105489,82.438,80.90672
105504,90.128,89.60327
105505,88.635,88.37524
105503,89.343,89.7788
105513,75.223,71.13015
105514,75.192,66.92071
105515,73.968,66.59227
105522,86.961,87.25518
105466,70.688,77.950226
105539,80.569,76.25486
105524,70.6,72.259026
105556,80.627,81.05337
105582,90.316,71.60056
105592,81.414,81.705956
105598,84.013,85.50336
105579,58.65,69.56691
105605,83.694,81.2524
105602,85.275,83.205894
105630,57.923,63.177944
105633,76.591,78.28523
105637,73.467,72.755585
105661,79.661,78.71757
105547,75.284,74.36269
105636,74.201,74.62446
105666,79.071,78.985245
105657,82.36,82.94697
105658,81.577,81.17302
105693,76.333,77.21904
105690,77.682,77.915215
105702,77.845,76.6915
105701,77.869,76.98492
105704,77.39,75.9313
105703,74.407,72.46149
105731,83.757,84.912796
105718,88.101,90.86953
105726,87.916,89.44312
105728,79.993,81.249176
105722,70.797,72.89424
105665,78.604,75.56534
105762,88.075,88.01595
105753,66.538,65.88062
105746,75.046,75.99377
105783,80.892,80.76491
105785,79.327,78.78961
105781,74.459,75.10338
105793,77.097,79.746185
105833,79.618,80.250336
105847,84.801,84.060814
105805,77.836,77.821365
105824,77.776,75.7292
105822,77.843,75.72029
105848,86.967,85.0339
105854,85.371,88.71307
105787,83.839,62.420586
105862,99.882,99.35849
105856,84.026,84.052475
105804,74.271,74.7307
105887,80.195,79.34455
105877,74.948,77.35546
105898,73.519,73.38349
105899,67.897,68.54511
105874,77.04,96.76665
105911,71.908,73.731255
105908,75.783,74.42874
105910,75.087,76.618904
105920,74.353,73.919914
105917,65.366,67.70482
105943,88.811,91.69778
105945,93.156,93.30706
105922,76.005,76.87487
105952,93.508,91.71213
105954,92.481,93.45746
105956,94.469,93.59662
105955,89.574,93.37543
105960,94.156,93.46714
105971,90.061,90.672714
105977,93.71,92.36936
105973,94.668,94.28432
105967,88.534,88.073715
105976,85.47,84.18975
105975,95.504,96.70329
105992,92.557,91.70402
105997,92.375,93.78024
105982,89.868,90.79332
105981,92.206,93.65735
105998,88.874,90.998314
105996,81.948,80.754456
105979,93.417,92.67887
105995,91.592,92.13243
105961,93.776,93.89051
105984,95.369,94.69232
105999,91.293,90.763405
105993,94.238,92.87734
106008,83.018,81.945564
106006,94.663,94.500694
106005,88.419,91.201355
106014,86.832,88.89636
106016,93.045,93.96216
106009,96.019,96.00918
105933,72.142,73.94489
106022,87.068,86.50103
106039,83.525,84.6438
105942,75.069,78.13008
106054,81.477,83.428535
106046,74.76,71.79813
106036,74.93,76.8058
106058,80.193,82.04639
106059,79.687,79.10941
106032,74.55,74.502846
106034,74.108,71.76895
106073,90.067,91.74218
106069,80.27,82.152504
106065,73.419,73.67725
106050,75.882,75.26088
106101,74.349,73.90051
106100,74.356,74.4952
106103,75.295,76.00998
106116,83.139,83.3106
106087,81.825,84.28583
106079,73.612,75.7785
106152,86.413,87.90317
106131,67.694,69.14037
106147,75.035,76.851906
106183,88.422,88.47333
106180,74.622,72.51238
106199,74.241,70.445305
106192,80.127,79.418365
106190,81.584,85.307304
106200,94.498,94.18668
106195,76.765,71.49872
106217,78.673,81.33586
106185,72.401,73.65211
106194,67.238,66.98384
106205,80.043,78.50742
106204,80.375,79.424675
106232,73.636,75.739136
106213,73.577,72.46927
106212,74.662,68.57925
106254,75.752,73.80558
106251,77.826,79.82693
106223,83.259,75.25109
106274,85.367,78.005005
106272,75.3,76.470856
106268,73.854,73.268135
106280,79.17,78.06303
106271,77.382,73.7564
106290,73.057,76.32292
106296,62.241,78.15751
106306,78.65,82.08624
106323,79.798,79.88525
106304,69.953,71.74068
106328,76.248,78.84687
106356,87.831,87.15376
106355,80.643,81.16862
106303,71.612,74.74718
106324,76.612,75.857704
106379,81.73,84.99719
106358,87.62,86.89916
106397,74.996,76.42665
106398,75.653,75.466125
106396,73.909,72.807915
106419,61.414,54.664284
106446,83.689,82.77411
106402,78.272,80.34894
106486,87.643,89.907166
106480,75.978,75.66303
106488,69.514,70.97089
106478,74.932,69.18719
106473,75.702,77.81519
106474,75.863,76.03524
106472,77.008,78.59747
106512,60.764,77.62997
106527,79.559,78.838104
106532,76.8,75.028366
106528,66.305,66.28676
106549,75.578,77.03445
106588,61.762,82.98859
106585,84.189,87.89744
106598,76.018,72.90297
106579,74.705,76.051834
106595,80.926,78.835434
106613,75.825,77.96662
106623,77.703,77.035416
106626,79.166,77.48896
106642,82.816,82.99224
106632,98.757,91.981255
106641,78.737,84.28702
106657,72.682,76.74609
106661,73.409,75.01647
106628,64.47,67.83893
106675,94.259,94.85451
106664,83.236,87.05767
106676,87.584,86.719696
106692,78.091,78.782265
106684,74.299,79.82895
106685,77.518,78.76597
106671,75.208,75.534645
106712,83.475,84.16146
106714,85.299,89.04278
106717,86.103,86.7549
106670,73.204,71.96288
106711,71.284,68.09584
106723,86.251,86.64222
106709,80.334,84.428986
106694,75.556,71.87708
106746,85.69,86.18435
106737,86.319,85.27096
106749,84.848,85.65696
106743,83.556,84.41922
106745,81.744,83.571556
106761,91.291,86.580635
106780,84.796,84.8521
106762,81.514,83.256386
106796,76.297,77.52663
106759,74.919,72.3391
106799,83.303,84.6968
106801,80.454,83.61861
106819,74.926,75.37104
106805,76.254,77.99472
106825,80.885,81.557045
106841,79.934,79.91125
106845,77.969,78.63983
106838,79.07,79.49672
106837,82.402,82.70143
106763,72.309,72.80386
106868,88.191,87.968735
106784,72.906,71.54314
106863,81.791,81.03878
106865,77.95,78.72191
106861,80.234,80.90131
106859,76.606,77.83172
106890,71.54,75.60716
106891,71.362,69.920395
106937,86.039,87.77455
106971,85.111,90.60578
106969,79.014,76.76719
106990,56.819,76.01949
107010,78.252,76.57471
107035,88.757,87.803246
107009,78.497,77.09331
107033,85.029,86.80194
107040,87.125,88.296005
107034,84.656,87.098495
107041,84.975,85.77466
107042,85.473,86.71571
106985,76.678,77.25751
107106,82.611,82.6951
107097,81.793,80.272995
107117,83.167,86.79538
107113,82.439,83.388466
107075,79.059,83.294304
107073,69.122,72.77926
107144,94.318,95.26991
107126,73.664,72.11216
107155,82.036,79.805916
107176,93.026,92.782005
107174,82.968,83.721664
107190,85.388,86.78455
107188,78.666,78.69137
107141,78.272,77.22287
107178,79.684,80.6441
107182,76.111,77.652695
107217,81.011,81.03278
107191,78.699,78.22349
107183,76.267,78.00702
107196,85.077,85.27862
107214,82.096,84.53612
107225,81.698,80.103264
107265,81.496,81.21289
107264,81.303,80.23352
107270,66.98,72.165375
107253,77.102,77.02052
107279,78.098,71.4501
107283,69.177,69.186615
107308,74.64,75.66404
107322,89.912,90.4916
107345,82.068,79.83282
107302,68.377,69.61585
107333,78.241,78.18738
107321,73.934,74.71194
107348,71.129,70.51175
107352,71.604,63.276375
107365,82.255,80.201195
107383,80.157,79.26863
107350,69.519,70.23874
107408,79.05,79.812805
107389,72.944,73.94679
107398,76.305,75.31039
107405,73.789,73.77881
107410,73.393,73.35808
107456,79.212,80.11013
107445,67.754,77.83684
107492,84.304,82.18818
107489,82.236,80.01897
107480,76.548,72.72827
107522,81.219,81.92389
107535,95.547,93.35168
107518,81.852,81.268936
107523,74.443,74.66123
107483,62.09,76.05335
107544,70.742,69.1221
107500,89.962,69.16413
107575,78.114,77.45617
107561,78.829,71.36842
107579,80.508,80.0673
107614,77.719,77.984375
107618,77.66,76.747055
107621,77.071,78.957726
107563,73.292,70.94239
107626,80.413,80.03359
107645,99.631,98.78611
107629,77.44,77.7217
107572,77.56,77.17999
107634,78.017,78.026505
107641,82.027,81.04426
107667,84.354,85.330246
107720,84.777,85.66767
107738,98.547,95.9462
107745,98.385,95.74428
107710,70.568,70.49501
107670,61.21,79.68509
107802,81.726,79.409584
107778,82.426,83.00578
107822,88.228,87.2071
107819,87.006,84.703995
107858,92.519,91.99347
107838,111.001,79.21129
107836,80.806,82.602394
107877,80.652,72.089066
107871,69.095,72.14485
107879,81.314,80.20667
107882,80.909,69.716225
107893,68.84,74.8889
107905,76.545,78.278114
107890,84.224,84.946724
107913,66.288,67.05087
107846,76.258,76.83944
107911,67.586,68.25237
107978,76.771,77.44587
107976,78.37,80.08347
107988,83.311,83.82718
107998,80.794,80.57367
108003,82.89,80.4464
108018,72.667,68.99249
108014,83.535,83.3624
108016,74.477,70.927
108055,79.41,78.975464
108054,80.936,81.19318
108050,83.119,83.77014
108053,78.707,85.559784
108052,87.253,87.06909
108034,68.232,79.99044
108084,84.325,83.53832
108085,87.96,86.28775
108117,83.535,84.27043
108058,65.819,72.10823
108061,67.0,72.53423
108159,89.595,87.80307
108198,83.256,80.22786
108196,80.465,78.767876
108200,84.996,77.724594
108218,80.773,77.82233
108207,97.347,90.02774
108213,91.342,91.82946
108226,86.056,85.88996
108172,73.74,71.90682
108249,92.936,92.69528
108242,85.519,84.06486
108281,62.114,71.573555
108290,96.974,93.35979
108270,88.954,89.64341
108292,83.495,83.154625
108366,82.769,83.789566
108370,92.678,92.565125
108380,80.613,79.96206
108420,79.034,77.21057
108442,81.351,89.55498
108494,75.895,74.81803
108499,80.932,80.80729
108504,83.334,83.710014
108515,83.008,83.96089
108506,84.037,84.665665
108511,80.956,81.001656
108536,83.246,83.3703
108547,84.366,85.814255
108553,81.792,82.45253
108528,80.767,82.72839
108563,82.887,81.95309
108526,77.121,71.63827
108579,82.598,84.82304
108568,84.237,81.72769
108558,83.92,83.11744
108565,80.402,81.807915
108585,85.673,84.56775
108611,89.889,91.08938
108588,81.772,80.58689
108607,89.632,84.678024
108609,77.31,78.14238
108613,62.378,65.08053
108612,62.199,62.105106
108630,70.873,70.68673
108614,65.578,66.73909
108632,73.804,77.16262
108629,74.756,77.27345
108628,73.228,76.802185
108657,76.791,64.772575
108660,79.912,78.604706
108663,78.452,79.722984
108658,56.516,67.1233
108651,77.795,75.17998
108683,101.317,102.178665
108667,78.641,79.39167
108666,73.158,73.16291
108680,90.488,89.187355
108669,73.71,74.66467
108781,93.151,93.61844
108825,94.044,94.56865
108824,89.321,91.058914
108847,74.537,74.88697
108861,92.506,91.77142
108878,95.067,94.36102
108974,85.651,86.17714
108972,100.155,100.13667
108992,86.441,86.48357
109010,85.575,85.495865
108968,82.176,78.1388
109023,83.097,81.99084
109035,70.594,84.6863
108969,95.046,70.95799
109062,81.255,86.75296
109124,90.197,90.09955
109141,93.521,92.82527
109149,94.59,96.230835
109143,89.805,89.53551
109185,94.38,95.4896
109188,92.798,92.32419
109208,80.06,80.86438
109218,89.78,92.60868
109245,91.656,90.985794
109231,78.986,79.55545
109276,92.99,94.04007
109277,95.295,97.25315
109286,82.357,80.33751
109272,86.242,88.29728
109275,82.092,82.15666
109334,102.095,100.79595
109343,65.998,73.55285
109321,83.954,82.0127
109354,81.136,77.61081
109349,86.974,87.41353
109259,78.628,79.32085
109372,82.666,83.235306
109383,91.691,92.7633
109391,95.306,94.005066
109369,91.533,92.19978
109415,87.364,87.166245
109475,93.153,91.80237
109495,94.183,91.24209
109493,89.092,89.329124
109529,95.991,95.55646
109530,96.034,96.32622
109517,91.402,92.34191
109520,90.13,90.9191
109478,92.836,92.57718
109559,92.182,93.49065
109543,93.405,93.13189
109553,90.569,91.90166
109548,91.21,91.954865
109566,81.761,82.33235
109570,86.442,86.72569
109561,81.534,81.9289
109571,88.084,88.754005
109567,92.725,92.33011
109581,93.654,93.86528
109560,74.749,73.135994
109623,95.444,91.56696
109619,88.805,88.8898
109562,76.27,74.0849
109602,90.335,89.88654
109663,90.848,90.02579
109628,82.85,81.52547
109653,87.191,84.18382
109681,87.609,87.44071
109710,87.52,88.018166
109737,89.603,90.22515
109745,92.334,93.75816
109734,91.911,92.08063
109748,84.423,85.12075
109749,91.745,93.2046
109796,90.668,90.31212
109805,90.833,90.98936
109815,94.528,93.9836
109821,87.872,86.71351
109781,89.282,88.32078
109827,93.429,92.95675
109804,68.468,89.336266
109851,93.956,94.00037
109809,83.271,82.31497
109861,96.917,93.18839
109793,81.272,83.12775
109857,89.662,89.80221
109879,93.323,93.14336
109881,92.523,92.1914
109901,92.513,93.57683
109980,102.778,101.74547
109983,97.067,98.811966
109972,90.248,92.021194
109973,91.352,90.34618
109974,91.112,91.47815
109970,82.795,84.42794
110037,90.886,91.704895
110066,90.636,90.5257
110057,84.766,85.16751
110019,84.823,86.30266
110032,97.38,95.61207
110071,80.906,80.781136
110068,92.13,90.63145
110088,92.524,92.085335
110067,88.368,81.5261
110081,81.21,83.16856
110053,87.816,89.14439
110154,84.765,85.03709
110213,93.769,93.00056
110185,90.527,91.027695
110240,96.331,97.002716
110251,92.298,89.561134
110263,94.059,95.58706
110317,81.326,81.21006
110278,88.409,88.72652
110319,91.698,91.13553
110313,79.247,77.24053
110333,84.57,84.98379
110312,79.204,74.87174
110316,81.83,80.127716
110364,90.321,90.80008
110365,92.049,91.74497
110204,61.785,75.21454
110368,92.136,91.79329
110369,91.923,91.113686
110367,76.63,83.8821
110355,78.823,77.65704
110395,82.587,83.48035
110399,85.939,86.9886
110423,86.44,85.47144
110443,94.021,94.50849
110462,89.201,88.4736
110406,83.795,84.2627
110436,82.159,83.5769
110448,77.209,80.54007
110450,71.632,73.81874
110475,79.543,79.289154
110491,84.385,83.63989
110492,80.915,78.945465
110478,68.682,57.549355
110504,88.975,87.10515
110472,77.895,75.62046
110509,81.906,74.18527
110469,73.376,69.12018
110480,78.481,77.01253
110505,77.656,80.15531
110527,80.775,80.62027
110529,81.746,81.318146
110548,76.295,75.24084
110543,75.456,75.696785
110563,82.739,79.15719
110557,80.369,78.0601
110542,72.465,69.49351
110584,77.917,77.99425
110546,68.448,71.14751
110575,74.122,74.96288
110595,90.83,88.36153
110591,78.455,76.38247
110588,62.886,61.39171
110603,73.457,75.97378
110601,85.466,86.39042
110610,68.605,71.61493
110612,61.855,67.787796
110626,84.057,73.78728
110619,77.039,77.637596
110631,96.797,89.18744
110622,65.844,71.468575
110638,64.249,79.92286
110620,68.797,70.26727
110648,73.444,74.57217
110643,82.041,80.609924
110661,74.201,75.82386
110662,73.168,74.25121
110667,82.265,81.08336
110679,87.375,86.61408
110668,77.664,77.38684
110658,67.968,75.06026
110688,88.151,86.065186
110694,77.564,74.35444
110706,76.822,78.85113
110714,82.284,81.65371
110702,81.311,76.95246
110751,91.835,90.4662
110757,76.232,74.11243
110743,72.453,73.10067
110771,74.223,78.51331
110749,68.14,71.15701
110744,80.904,71.45149
110748,81.88,73.613174
110733,68.56,67.95814
110775,95.742,96.68159
110776,81.001,79.19495
110790,70.29,68.91448
110806,69.744,86.26357
110805,82.218,74.0979
110835,80.491,78.60492
110855,74.813,74.061104
110866,88.383,90.04142
110893,83.978,84.27615
110878,59.121,82.54675
110895,85.866,86.37058
110897,92.444,91.57597
110869,77.455,79.00486
110885,87.74,82.99522
110910,92.14,91.83419
110913,77.131,74.80191
110937,95.213,94.92456
110879,82.348,84.106926
110920,81.164,82.74904
110951,87.786,89.66045
110880,78.311,76.69283
110935,81.841,76.26117
110991,89.144,86.85
110979,92.932,90.70847
110993,89.009,88.89917
110959,86.139,86.94899
111002,87.091,82.58523
111026,91.593,94.54433
111030,83.896,83.48035
111031,75.035,76.77046
111033,84.646,84.170074
111034,85.86,75.85574
111052,87.596,87.89834
111066,93.427,92.66576
111068,81.846,81.7901
111079,93.006,94.64741
111078,92.979,93.06671
111065,90.166,90.17328
111082,90.327,88.45536
111091,85.275,86.38065
111089,89.522,90.77393
111112,90.737,88.67302
111129,95.303,93.97895
111132,90.248,91.476204
111136,91.434,92.80516
111119,85.918,85.81887
111128,87.844,85.88713
111146,87.909,89.679886
111160,87.001,84.37659
111135,75.76,89.11276
111166,94.012,90.98729
111180,89.866,91.65223
111191,85.939,82.94315
111155,85.57,85.74366
111182,78.319,76.08338
111156,78.744,79.08159
111176,83.397,84.01504
111210,81.833,79.40468
111211,86.772,88.98016
111229,91.897,92.66732
111224,85.662,86.10036
111243,96.661,97.247154
111235,84.177,86.22345
111165,81.407,81.90391
111258,92.214,72.00569
111238,85.586,85.408554
111248,81.111,82.448166
111264,92.306,91.78918
111271,93.044,92.510704
111253,86.511,86.85707
111227,75.273,73.26682
111274,84.461,83.69641
111293,93.253,93.88708
111240,78.972,80.52551
111313,95.103,96.63399
111325,85.306,85.59933
111269,81.33,82.66924
111283,81.282,70.136925
111334,93.499,93.59917
111330,81.846,85.71207
111310,81.248,79.09851
111303,81.139,80.17791
111302,78.209,80.28644
111321,84.831,81.51468
111378,90.433,91.23312
111363,90.352,89.00822
111364,86.948,87.758415
111388,93.145,93.335464
111396,94.733,94.019806
111402,89.949,91.90629
111333,82.212,82.15061
111395,84.182,85.929985
111433,85.718,85.57223
111420,78.015,77.27904
111459,90.65,90.96639
111442,85.187,83.28612
111374,80.01,79.84204
111466,93.128,92.30187
111443,79.258,80.235374
111479,92.315,90.22608
111488,78.069,73.52925
111506,90.28,90.35181
111513,73.087,76.68765
111524,92.723,89.1263
111534,92.59,96.0372
111518,85.629,84.56446
111542,78.011,77.78789
111541,81.994,85.73143
111556,78.16,80.0329
111520,76.727,77.68919
111569,87.154,87.10518
111570,89.702,92.167854
111553,90.411,91.11778
111560,81.098,83.48035
111580,89.12,86.37945
111586,83.904,84.5203
111583,81.276,81.26341
111605,87.458,85.26489
111601,92.265,91.99161
111618,91.992,90.574104
111614,81.445,83.83496
111638,90.585,88.20576
111533,84.951,80.41429
111630,74.301,74.37993
111623,65.051,65.39717
111644,70.804,74.58294
111654,86.219,84.39069
111668,58.714,83.58032
111662,85.93,86.48265
111686,78.461,78.17096
111713,88.47,87.66204
111659,80.664,80.69207
111724,92.732,92.74284
111715,84.349,86.03437
111748,87.362,86.575806
111746,89.259,88.90155
111752,90.002,90.51994
111757,92.982,92.8171
111770,92.657,92.61944
111771,89.687,89.97152
111701,81.002,81.09519
111786,82.753,81.88634
111792,71.106,79.52455
111788,60.332,84.12025
111796,90.279,90.29982
111791,81.244,83.48035
111813,87.214,87.81275
111824,95.543,94.87761
111817,87.875,87.5254
111828,68.148,76.603226
111803,76.106,77.68347
111837,87.59,89.8802
111730,78.605,80.4464
111850,82.508,80.11738
111851,80.951,80.31248
111805,65.105,81.59561
111877,82.676,81.7483
111887,67.005,73.20831
111896,93.874,92.34026
111875,78.683,79.03412
111844,80.885,79.370224
111915,88.554,87.62145
111926,91.249,90.292175
111931,91.128,92.98625
111943,86.153,89.03592
111946,79.902,77.31427
111950,90.582,90.162506
111860,78.712,78.13741
111911,83.127,82.24021
111985,81.111,83.48035
111996,98.23,91.24256
111991,78.511,76.027016
111997,90.132,90.21155
111992,75.455,73.25082
112030,91.622,92.8262
112024,84.197,85.27481
112025,89.748,86.521324
112066,89.341,89.498856
112048,85.133,86.74133
112029,89.767,89.98008
112019,84.564,83.807755
112083,80.272,78.05243
112104,73.281,77.43532
112105,78.664,75.64147
112107,77.012,75.42813
112047,87.403,85.63781
112127,69.137,79.53772
112131,87.809,88.58401
112158,94.654,90.212494
112168,83.831,79.78951
112160,94.115,93.46409
112162,94.202,93.20985
112154,87.917,88.51326
112177,98.751,98.18903
112176,91.122,92.28418
112173,94.211,94.0391
112216,87.064,83.48035
112232,87.376,88.248924
112233,92.27,88.24596
112203,57.443,88.14411
112247,82.484,84.09253
112230,87.427,87.68545
112229,72.567,72.71713
112242,91.651,90.62798
112264,92.17,93.15072
112274,93.127,94.149445
112304,95.311,94.78395
112280,84.076,83.346176
112317,86.116,85.694916
112309,88.257,77.60116
112265,89.5,91.049
112298,81.27,88.71453
112299,77.267,83.48035
112316,87.508,85.01231
112346,82.884,81.62946
112340,88.949,89.90634
112291,90.241,76.35889
112350,90.495,90.73773
112366,88.951,89.279625
112312,69.004,70.573006
112374,95.504,92.641
112380,92.377,91.63764
112383,71.43,86.24206
112397,65.394,74.48369
112396,81.705,81.698395
112394,90.262,91.72604
112434,94.264,94.71781
112413,85.354,72.2765
112431,87.136,89.66111
112450,91.766,92.46686
112451,91.361,90.52525
112439,89.568,86.16717
112446,81.601,90.9984
112313,57.375,65.4377
112481,91.008,91.01977
112480,93.249,94.367805
112479,93.503,93.446884
112469,92.178,93.81894
112448,87.121,83.58422
112495,93.184,93.167244
112523,88.978,86.12238
112516,84.797,85.93927
112528,82.616,56.884037
112537,88.753,91.537094
112544,91.623,89.75413
112539,84.93,87.576744
112538,84.242,87.12316
112549,90.293,90.88999
112503,77.504,81.01101
112560,88.246,86.8527
112568,87.068,88.46311
112574,93.971,93.17849
112582,98.332,100.42745
112619,90.92,91.36787
112612,92.227,92.06797
112633,91.839,92.50675
112649,89.222,90.420364
112655,87.407,88.14128
112647,87.542,88.33217
112688,92.911,90.87485
112699,72.341,88.17319
112731,93.503,92.09024
112753,83.474,84.79552
112714,81.768,80.74342
112754,90.172,90.07156
112747,86.816,83.55931
112816,87.959,87.21635
112815,87.677,87.14249
112833,81.997,79.36934
112830,94.252,93.68885
112837,96.995,98.34773
112846,91.932,90.96374
112855,81.932,82.88017
112857,94.319,94.10388
112869,78.312,79.22019
112884,89.688,91.70089
112893,94.673,96.12396
112875,78.976,72.45414
112878,91.095,88.52926
112885,87.542,91.415375
112900,82.418,81.18178
112887,85.545,87.68756
112880,81.926,80.89061
112895,71.777,73.662094
112926,92.278,92.57438
112936,90.921,86.40285
112937,90.825,89.67619
112939,93.627,92.06727
112943,82.457,90.062065
112931,82.305,77.328804
112890,80.547,79.33032
112992,89.539,88.48716
112969,76.295,77.04892
112989,75.039,80.63214
112933,78.177,73.44792
112995,81.698,75.72136
113026,85.965,86.35325
113036,85.671,85.84596
113071,88.427,89.803734
113043,82.572,84.10168
113047,85.33,85.79237
113074,93.959,93.893234
113069,90.496,85.514275
113070,88.937,88.02479
113114,87.511,86.83976
113111,95.825,96.000595
113128,80.233,83.75256
113132,89.211,89.34499
113143,78.447,78.77007
113138,89.349,88.10484
113136,79.371,79.37982
113137,78.105,78.28061
113154,88.389,96.84209
113067,74.897,74.85586
113141,62.292,70.15524
113163,86.794,89.227325
113162,84.269,85.01126
113195,88.603,85.18655
113194,81.278,80.35059
113219,75.359,76.30794
113242,88.543,83.938545
113233,91.215,92.104774
113245,88.099,89.876915
113221,82.72,87.71629
113185,77.988,79.81369
113259,84.775,84.99682
113253,87.152,87.46711
113211,76.396,78.985664
113279,86.734,83.14724
113293,95.299,80.36705
113280,86.402,85.18776
113258,80.587,81.95302
113271,80.522,80.76333
113325,86.372,82.67337
113327,89.703,86.73266
113309,81.777,80.603714
113336,82.034,78.57086
113337,80.458,79.325226
113260,79.275,80.040855
113339,73.679,75.49729
113409,82.513,93.46856
113393,85.669,85.992455
113410,89.311,89.123764
113390,81.581,79.59283
113431,93.439,91.70522
113434,67.395,63.7526
113438,95.202,95.19036
113471,80.248,81.18185
113457,91.684,90.16912
113504,85.369,85.021255
113515,94.523,91.88682
113523,93.736,91.85095
113548,89.063,85.39612
113522,84.188,85.70503
113551,90.5,89.9465
113559,92.29,91.7189
113507,72.833,76.13399
113517,75.328,75.11223
113583,101.386,96.25626
113606,59.664,62.81109
113605,62.919,93.14262
113617,86.792,87.161255
113632,92.161,92.536575
113627,76.404,79.00845
113639,85.062,84.83692
113553,73.404,73.32214
113641,88.648,89.6031
113566,76.623,74.50967
113625,83.874,84.66288
113698,81.978,93.48388
113694,85.186,85.266235
113683,78.731,78.76325
113686,91.079,90.92498
113711,79.318,80.97676
113642,76.674,77.65959
113715,77.243,78.38561
113728,87.899,87.58564
113744,94.066,96.27874
113689,79.696,80.65164
113747,88.925,89.2959
113690,77.307,79.58885
113771,77.975,77.49128
113790,89.881,88.21845
113792,91.031,92.81825
113813,77.479,76.5724
113785,84.771,83.36704
113821,74.453,75.36075
113853,84.761,78.55116
113878,84.765,84.24167
113903,88.111,87.25976
113904,86.294,86.880745
113915,87.762,82.4877
113902,61.137,73.64079
113916,86.256,88.0559
113909,78.129,77.892235
113854,75.62,78.12334
113828,81.824,83.462395
113907,70.392,75.57449
113940,92.605,92.4617
113931,79.087,81.449455
113945,82.042,83.964874
113948,80.765,79.33148
113905,71.117,68.82207
113919,68.959,69.62487
113930,60.376,59.27649
113951,66.683,75.41242
113982,95.221,95.12377
113987,83.531,87.84979
114023,81.866,81.59973
114028,85.815,86.285
114002,82.362,83.77054
114053,87.427,90.82172
114032,79.81,80.18043
114000,85.685,81.621735
114062,65.652,74.12201
114115,91.622,90.4037
114080,87.508,88.591225
114141,92.372,92.945854
114143,91.544,92.848076
114162,97.2,105.996124
114051,80.445,85.41723
114088,83.694,82.44437
114194,88.122,88.50273
114176,90.903,89.55683
114184,87.04,85.95711
114183,92.485,87.390175
114218,84.697,85.3569
114225,80.647,81.30023
114224,93.645,92.83324
114201,89.55,70.72618
114238,94.65,96.45899
114227,91.268,91.641266
114168,72.258,73.977745
114283,75.084,76.198135
114269,80.178,80.17297
114323,84.363,85.4892
114322,82.113,81.61179
114349,85.554,82.62087
114359,89.246,89.714516
114365,96.795,93.89403
114389,91.498,93.821045
114392,93.484,92.51065
114368,77.944,76.91155
114390,81.96,77.51134
114402,85.722,85.79388
114424,97.296,93.7723
114452,87.762,88.20038
114464,99.51,94.320564
114385,85.764,89.929054
114420,80.593,78.39326
114502,98.354,97.278564
114519,94.135,93.612236
114526,93.006,92.303604
114546,90.294,91.19026
114538,92.209,93.71393
114549,86.89,87.30778
114550,86.528,86.95855
114564,85.225,85.76393
114567,92.915,92.953094
114568,95.49,91.95528
114532,86.209,87.119675
114419,58.517,76.687225
114590,91.785,91.69037
114574,88.163,88.649536
114596,77.447,77.19256
114592,103.95,96.47743
114575,87.575,88.49425
114603,59.956,66.38306
114610,95.038,93.242325
114595,84.336,83.787895
114644,87.615,88.19365
114647,89.293,90.15627
114657,88.828,91.52094
114659,98.711,97.13579
114663,79.8,79.827835
114681,98.606,82.56291
114680,83.675,82.87361
114664,75.239,76.2134
114685,88.372,85.35202
114702,89.938,89.00459
114692,92.155,92.95392
114660,83.531,83.29033
114738,74.627,91.134995
114741,93.271,93.385376
114763,84.234,83.48035
114757,95.677,95.75905
114742,87.7,88.0493
114701,75.069,77.74257
114625,79.91,77.27629
114777,89.977,87.333305
114789,85.119,81.24342
114790,81.934,76.60753
114791,83.192,80.61919
114771,98.361,99.235596
114784,69.613,70.338326
114769,78.331,78.30427
114794,84.03,85.58881
114770,60.089,75.39549
114836,85.543,83.49011
114821,83.864,84.40909
114800,81.632,81.638596
114858,84.628,83.48035
114835,77.772,74.34622
114845,65.116,64.893394
114856,86.727,87.15822
114897,89.924,91.295525
114905,85.091,88.07886
114876,63.405,58.352894
114912,93.522,90.478096
114871,61.471,62.350285
114934,95.417,93.10449
114943,80.136,79.29246
114949,88.511,85.877884
114928,87.215,89.35845
114923,69.517,69.472595
114955,81.638,81.48391
114958,68.603,67.428734
114954,77.649,79.412315
114985,88.566,84.202896
115000,91.649,90.32794
115010,89.586,89.536545
115006,77.252,75.69035
115008,79.366,76.96222
115018,87.126,83.67782
114997,74.584,76.08195
115025,79.588,79.10534
114963,75.306,72.9921
115033,65.378,78.22643
115047,92.786,85.21229
115063,93.457,94.12085
115067,83.716,87.09281
115058,78.22,82.249756
115049,60.959,66.12895
115066,78.599,82.59655
115034,82.222,75.67385
115040,75.224,75.91614
115081,73.829,74.788445
115072,86.838,86.52946
115087,74.811,82.35387
115104,92.572,94.52585
115095,86.434,88.83109
115096,83.788,84.85032
115083,85.361,86.537285
115112,90.763,88.52241
115075,70.086,69.39919
115125,94.861,94.67779
115114,76.812,76.96511
115119,91.762,90.45591
115137,91.05,76.48088
115134,89.68,90.025276
115149,81.912,81.69339
115159,78.72,78.88466
115161,79.751,77.61131
115172,77.767,76.26811
115176,82.494,81.87639
115185,88.215,81.170044
115183,80.561,81.6237
115196,89.557,89.60389
115194,81.996,82.5176
115177,77.443,79.08241
115193,71.974,70.7615
115167,80.418,74.51973
115199,74.394,73.15044
115236,92.421,92.362335
115234,87.11,88.73942
115237,91.939,91.80934
115261,94.637,95.73489
115242,92.545,92.00556
115226,80.334,80.98257
115147,78.075,77.38694
115213,66.384,64.15309
115215,77.6,73.24199
115280,92.349,91.54965
115269,92.82,94.66285
115258,88.393,87.17372
115295,99.32,96.71721
115266,88.528,86.05579
115304,89.265,90.63565
115320,89.048,89.99284
115334,95.153,94.300156
115352,85.1,86.24262
115347,84.082,82.09842
115337,82.776,83.1459
115346,88.183,88.72974
115310,81.442,81.58567
115316,79.776,77.1315
115380,85.885,83.836525
115393,91.613,88.421
115405,87.991,84.01754
115396,79.851,80.74575
115400,83.115,85.64962
115418,96.643,91.72011
115371,81.235,84.77791
115372,81.986,84.786835
115375,82.899,88.10142
115441,81.832,77.369965
115432,87.331,81.88869
115439,88.014,84.46694
115402,62.028,66.39162
115431,79.979,76.741264
115462,85.971,85.64909
115416,72.386,72.44461
115444,80.799,80.58512
115428,63.799,66.39679
115490,90.898,83.48035
115486,92.858,92.32632
115489,87.679,86.7662
115503,89.299,90.10313
115511,91.772,92.66754
115507,92.202,89.879196
115519,91.304,91.29007
115506,88.523,88.663506
115521,83.386,83.80172
115524,87.06,88.219055
115538,86.343,87.84959
115544,88.264,88.94878
115553,86.448,86.89121
115491,63.33,78.876884
115579,91.401,92.722275
115578,91.037,91.33485
115580,91.22,93.13191
115581,91.142,89.86379
115591,87.988,89.48737
115583,75.597,76.2752
115589,86.688,86.43843
115607,92.455,92.033455
115605,88.977,89.57144
115590,89.276,89.65962
115645,92.087,91.10258
115614,84.558,83.64235
115655,83.186,90.955215
115654,84.27,93.212135
115616,93.598,90.59925
115657,83.684,93.04916
115656,83.435,91.84132
115646,81.384,77.29566
115673,87.876,88.507126
115683,88.632,88.492424
115684,82.189,83.28804
115675,88.699,89.004845
115665,79.143,76.35202
115658,82.681,82.31281
115716,86.958,84.4784
115714,85.893,84.31032
115704,76.849,84.188934
115731,86.892,100.97423
115752,86.433,86.87813
115783,87.883,88.55675
115784,94.415,91.31734
115793,83.762,86.44418
115810,86.44,86.51985
115815,59.773,86.51555
115827,84.855,85.37659
115828,83.503,83.33644
115831,93.859,93.64577
115839,85.545,81.84097
115841,80.887,79.41584
115879,93.309,92.983864
115871,88.49,88.53844
115877,90.044,87.94972
115890,93.685,94.29599
115859,80.549,77.16676
115925,91.143,91.048065
115926,87.985,89.80939
115936,80.585,82.3577
115940,89.311,88.52957
115953,80.203,82.05364
115959,85.188,86.05078
115977,84.51,86.64289
115976,79.762,81.81806
116000,85.523,82.319466
116002,77.667,76.66207
116016,80.333,81.92377
116024,89.192,89.74449
116040,93.922,93.213356
116032,88.758,90.567825
116049,90.643,88.702736
116046,89.204,86.98149
116060,91.589,90.61052
116061,92.962,92.242096
116062,91.558,82.60247
116052,83.339,83.88177
116067,81.549,80.84258
116074,85.683,86.85811
116069,83.429,83.53192
116070,80.933,81.34632
116077,82.036,83.8499
116082,83.345,83.73425
116078,79.941,80.19684
116113,88.384,88.98979
116112,89.716,86.71063
116108,89.282,86.30566
116109,86.236,83.90997
116146,89.134,89.72902
116168,88.606,75.616936
116066,79.156,77.97333
116180,91.657,91.08529
116184,86.81,86.44688
116186,87.84,86.83363
116160,72.043,71.27407
116201,89.146,89.574265
116202,89.323,89.63388
116246,75.661,78.75468
116248,79.12,76.60601
116272,90.436,90.135925
116273,86.953,87.11272
116300,91.721,91.94487
116301,89.289,88.92515
116258,84.663,87.58829
116349,91.344,90.41617
116298,82.675,86.37713
116354,88.839,91.71038
116365,82.249,80.713715
116259,80.255,79.18762
116399,86.704,86.94765
116386,96.28,95.140114
116400,88.754,88.25457
116374,77.06,73.935844
116418,91.019,92.09087
116412,81.899,80.513695
116420,90.154,92.852455
116361,76.179,79.03452
116360,76.371,77.96065
116424,67.511,77.09778
116481,90.897,89.94544
116487,86.039,87.26235
116485,85.268,85.82845
116469,65.05,86.33006
116501,71.397,87.75358
116510,88.947,86.238365
116511,86.636,85.75798
116529,83.706,85.23899
116472,63.612,69.723625
116456,78.926,71.44009
116533,81.064,85.90623
116473,80.168,79.07259
116560,84.73,85.4312
116544,84.477,80.34394
116579,86.732,87.37978
116571,88.55,85.55497
116587,86.39,85.0973
116611,83.405,84.605606
116632,85.946,85.44645
116631,88.734,85.14487
116615,78.215,81.57056
116649,86.075,86.18376
116542,82.963,80.31209
116606,70.358,69.32615
116707,86.519,85.72086
116623,81.212,83.10149
116703,91.953,92.05681
116740,83.916,83.230934
116739,85.218,91.38491
116734,89.5,90.20782
116749,77.786,76.20969
116729,75.481,73.38646
116776,84.097,89.83125
116780,83.637,81.41495
116773,90.926,91.152306
116782,81.551,81.842224
116758,89.528,81.219315
116815,77.789,74.989845
116825,87.963,86.33325
116757,84.487,83.658714
116842,86.823,85.43635
116839,85.341,85.63247
116838,83.135,81.84475
116864,65.538,66.36148
116892,82.219,81.8243
116881,102.049,84.06707
116914,90.176,91.3278
116935,94.48,92.427505
116934,90.763,90.54636
116939,91.715,91.63554
116944,90.971,92.74739
116942,85.85,90.26867
116947,84.684,83.48637
116948,80.091,78.768486
116997,93.6,93.79227
117022,95.036,96.70794
117015,86.308,85.122284
116986,73.213,75.87718
117031,77.261,72.05301
117026,93.735,94.94851
117016,76.863,80.02515
117027,58.744,86.16312
117043,89.923,89.49677
117024,83.959,85.96519
117049,92.045,85.12108
117040,86.585,86.929886
117046,88.575,86.91155
117045,83.906,88.52231
117056,86.098,86.34409
117068,84.192,90.7548
117005,71.804,75.22274
117074,81.76,85.5546
117081,81.443,84.04993
117100,90.176,89.603195
117101,90.877,90.42784
117115,85.719,86.266014
117087,81.474,80.22943
117052,73.592,73.21592
117133,89.741,90.923584
117136,85.633,86.886795
117141,91.496,87.07755
117142,94.766,95.21582
117131,74.169,82.91408
117075,79.044,75.11703
117114,81.597,79.52556
117153,94.617,94.40455
117169,85.796,86.73373
117061,79.463,78.07892
117158,69.29,64.92001
117187,88.686,88.47439
117173,87.65,84.58475
117178,73.629,82.11186
117174,63.072,56.478077
117214,90.817,93.627205
117212,85.329,85.04209
117203,80.798,80.731606
117183,65.418,59.659492
117216,71.47,72.20442
117219,61.782,72.37405
117221,87.219,89.02333
117226,90.813,83.21064
117196,77.859,79.51913
117239,80.066,93.15182
117250,97.423,94.386246
117244,85.892,85.29885
117252,94.347,92.22509
117256,93.859,93.455666
117258,89.144,86.51827
117264,89.13,89.06414
117260,76.861,75.45401
117265,87.489,86.00046
117238,91.345,91.80687
117271,93.385,89.852905
117272,91.111,89.129005
117276,88.866,88.45117
117275,87.469,86.16952
117283,85.226,85.941315
117297,83.032,86.27103
117323,97.082,95.94324
117326,92.052,93.23149
117317,83.585,84.856445
117330,87.961,85.75435
117335,77.459,83.61782
117344,93.171,92.01721
117350,77.084,76.7716
117338,72.926,68.12666
117358,87.315,88.48221
117364,92.217,89.62259
117359,85.342,88.96695
117370,85.522,84.538155
117340,59.607,57.96566
117383,75.07,76.69781
117397,66.085,80.26192
117422,69.794,86.292366
117433,84.794,85.972374
117444,90.815,90.60892
117448,85.147,85.2667
117450,83.011,83.48035
117434,81.248,79.32738
117443,85.604,85.461876
117441,84.585,84.99779
117420,76.07,74.19028
117460,86.257,83.778564
117436,87.789,88.58722
117442,84.299,84.44645
117463,71.47,76.51597
117471,84.861,84.21819
117487,86.439,86.20212
117517,85.603,88.634315
117538,80.875,82.06404
117545,79.346,80.77661
117528,82.115,80.11243
117565,64.765,69.446945
117550,90.256,89.68634
117561,90.188,90.67727
117551,88.491,88.39176
117585,61.63,87.31346
117576,83.928,86.96182
117578,79.809,78.85837
117588,79.233,80.697556
117587,77.04,77.99541
117597,83.64,82.94614
117589,78.356,79.06202
117617,90.144,90.93284
117590,77.755,78.521255
117524,83.373,79.12782
117619,72.816,76.634125
117579,87.697,89.14398
117609,85.163,85.5321
117627,82.777,78.89751
117638,93.438,92.993965
117646,87.636,87.89144
117632,85.451,85.918365
117645,82.747,84.297966
117648,70.231,71.33344
117639,77.857,74.93917
117660,76.602,77.39488
117667,99.484,93.7026
117672,85.882,78.21198
117659,80.941,83.404564
117605,77.528,80.372185
117679,84.476,84.21734
117676,89.329,89.86212
117698,91.411,93.84614
117678,89.638,89.15776
117700,89.193,90.900986
117718,88.174,88.3457
117713,88.611,86.380104
117710,88.693,90.17682
117722,88.124,88.312065
117682,79.276,78.90899
117745,88.484,89.65902
117754,91.231,91.40232
117723,90.055,83.53924
117760,92.277,88.59512
117767,86.665,86.87169
117778,92.386,92.823135
117781,93.063,93.765686
117782,92.165,91.445244
117790,63.941,72.7375
117764,80.228,79.36316
117811,91.817,91.13375
117809,88.273,86.48612
117825,69.309,68.51976
117800,75.738,78.78488
117839,89.696,90.62485
117797,71.882,69.01228
117864,88.684,87.6073
117867,82.371,83.2549
117868,94.115,92.55388
117865,93.839,92.014175
117734,78.218,78.65492
117878,81.178,82.76479
117886,85.014,83.64379
117893,90.056,83.80291
117875,83.403,85.03957
117902,91.717,91.25387
117895,75.34,77.8829
117919,61.871,72.6939
117941,66.521,75.84381
117963,95.5,93.22866
117910,77.598,75.82305
117887,76.182,76.6465
117970,71.501,78.42156
117982,69.325,66.72934
118007,88.998,87.97236
117986,81.803,86.411224
118004,96.751,88.70869
117940,70.921,78.60833
118022,85.892,88.673546
118058,88.157,88.71329
118072,87.78,88.03119
118067,85.842,86.53603
118114,59.842,83.7623
118115,98.933,92.459854
118102,92.655,92.01862
118120,92.006,91.502464
118123,88.4,89.67504
118108,83.26,80.40987
118088,69.877,69.826225
118126,83.105,86.96234
118132,81.159,80.92699
118143,60.084,78.438095
118156,87.921,90.68565
118158,84.845,83.024666
118130,80.649,79.784966
118179,91.212,88.3624
118142,80.22,80.60504
118133,78.017,77.49842
118059,79.692,82.241425
118148,67.037,73.902664
118192,61.07,93.983154
118184,78.474,82.55589
118187,79.095,82.608696
118202,92.263,92.64201
118223,90.162,102.72034
118230,94.421,94.89563
118235,92.973,92.89306
118238,89.428,89.96629
118250,87.544,86.89283
118234,78.531,79.22136
118257,88.585,88.653915
118268,80.947,83.0559
118217,76.953,81.00215
118255,75.67,78.05087
118275,82.282,82.998726
118272,93.072,91.4418
118288,85.786,85.04101
118293,89.217,87.96499
118295,86.725,86.10462
118309,91.943,90.52153
118332,82.276,83.04425
118335,86.545,82.12075
118356,88.227,87.20805
118358,73.96,73.14522
118300,86.302,86.04446
118371,89.14,80.44469
118360,79.113,79.6791
118392,88.122,87.69418
118404,87.933,83.17855
118403,86.05,83.13734
118409,83.363,84.02853
118422,71.836,71.34831
118419,69.105,79.71233
118444,74.027,71.30342
118456,86.188,93.99499
118460,85.199,91.851875
118420,69.691,70.59487
118457,83.182,92.72512
118441,84.695,88.3146
118479,96.834,97.72258
118464,86.671,87.89673
118484,74.313,78.22492
118478,77.291,79.298615
118504,84.697,84.98206
118520,96.179,91.68149
118519,77.113,78.831276
118516,84.968,83.650955
118515,85.147,83.44425
118536,82.038,82.69912
118510,82.632,84.085266
118541,82.056,76.73059
118549,89.169,82.55502
118555,84.747,81.32063
118558,87.677,82.319
118560,70.191,76.6206
118573,83.768,82.501755
118585,78.879,82.895294
118590,59.181,80.452065
118615,97.856,69.77231
118621,101.484,97.19902
118633,90.939,91.0803
118632,90.183,89.462555
118612,72.521,70.36835
118645,87.923,88.19288
118654,75.115,78.87847
118656,86.664,80.70652
118661,94.743,95.4775
118610,76.616,64.85719
118684,70.409,70.38119
118698,81.017,76.67397
118686,75.118,75.95601
118695,92.251,91.60183
118675,65.527,71.161644
118691,78.545,79.265114
118736,91.842,91.485115
118717,76.161,78.69734
118665,72.214,72.07204
118751,90.716,88.968765
118712,74.649,73.11286
118756,64.555,86.29609
118765,89.673,87.13879
118708,63.445,66.48826
118758,80.246,82.27909
118745,80.483,77.951904
118677,78.973,80.98786
118772,81.01,79.22478
118802,64.441,79.85962
118819,81.364,96.77217
118805,69.757,81.43025
118838,84.416,83.83082
118835,99.529,95.6738
118836,75.493,76.15539
118842,84.834,83.13638
118875,59.1,73.29286
118882,65.07,66.262474
118894,81.383,80.021095
118883,83.593,86.477646
118890,69.913,73.00465
118899,81.724,81.33602
118913,92.031,92.404526
118921,93.325,91.98438
118869,84.69,83.437256
118886,84.964,83.96106
118945,93.917,93.21984
118954,93.79,94.31058
118963,96.223,95.236725
118953,94.132,92.76201
118947,91.737,93.48372
118985,93.748,93.172874
118979,90.002,91.327705
118982,91.919,91.88234
119002,90.101,91.33819
119000,94.02,94.32754
119001,94.046,92.75214
119033,93.196,93.28398
119049,90.419,90.06749
118887,82.076,84.74348
119077,78.844,80.55736
118895,64.341,65.26878
119098,81.003,83.39624
119086,86.023,84.259415
119119,88.108,87.216
119111,89.318,90.337006
119140,91.698,92.449905
119141,88.54,89.694756
119151,80.947,77.264404
119148,62.395,77.616776
119150,92.179,92.49821
119113,74.151,71.8355
119166,77.712,80.05728
119143,76.907,81.98229
119183,83.391,83.87342
119213,91.026,90.65753
119230,88.204,87.74796
119237,91.492,92.77257
119252,86.612,87.016846
119245,82.598,84.650444
119253,85.907,86.49101
119254,85.159,85.390335
119219,71.775,74.034775
119255,85.187,85.28974
119251,84.834,85.95609
119259,87.005,98.84066
119262,86.747,88.56411
119243,84.146,82.09605
119242,83.131,83.61707
119279,79.784,80.602264
119324,102.065,94.360504
119315,75.427,88.57991
119318,79.873,83.14175
119333,93.836,100.21973
119342,112.813,90.75615
119341,82.167,89.30213
119265,75.898,76.81122
119389,85.553,88.26349
119390,82.845,83.247604
119393,83.804,85.80219
119391,92.623,87.747215
119394,68.895,81.300865
119395,71.374,73.29082
119425,81.976,78.59683
119444,81.663,80.82972
119460,73.461,74.31211
119459,68.251,72.039024
119462,78.496,79.981255
119465,88.363,86.53362
119411,74.251,67.68936
119470,83.021,83.09025
119477,86.946,86.08581
119476,91.627,84.72351
119480,78.861,83.31899
119492,81.738,77.10796
119499,77.437,82.79842
119509,87.509,89.00658
119491,76.692,74.68124
119526,70.687,80.49176
119531,87.856,86.3108
119478,79.836,82.14225
119556,100.047,89.263145
119561,76.549,77.85083
119559,82.889,80.70029
119584,80.751,82.12286
119599,60.216,81.903496
119588,86.318,86.41962
119568,69.294,79.98267
119609,88.3,89.9578
119583,84.858,85.621414
119582,79.747,81.425026
119601,84.247,83.931465
119621,85.047,84.73952
119604,88.668,90.01584
119639,81.507,81.95606
119625,79.636,81.18842
119645,84.322,84.56744
119675,83.308,83.63962
119683,88.432,89.079704
119691,83.698,83.8003
119693,83.104,80.84572
119678,83.726,82.71952
119713,91.11,88.993004
119695,79.68,76.92182
119720,84.853,86.41665
119689,84.728,84.396904
119745,91.334,91.30827
119770,83.488,84.822
119766,92.748,81.10389
119777,88.951,88.23302
119763,87.643,89.901695
119789,86.237,86.78648
119781,86.82,87.07181
119773,88.865,95.12612
119798,88.273,88.742584
119797,83.673,82.73941
119812,91.509,90.38003
119810,63.486,86.457985
119806,84.106,87.54288
119813,86.868,84.54681
119805,88.602,87.33164
119852,94.232,88.51252
119857,85.305,84.6562
119863,80.52,81.509895
119876,91.993,91.08221
119881,84.852,85.96464
119862,82.097,81.432076
119866,74.224,81.78858
119885,87.491,86.21856
119861,84.609,85.06964
119954,83.18,84.08128
119957,84.611,86.83978
119948,59.074,82.90687
119938,82.468,77.97113
119878,76.846,77.17718
119968,86.485,87.04501
119976,86.225,86.658066
119962,80.502,82.31922
119991,82.286,81.47297
120007,91.69,92.427216
120008,95.06,93.04199
120004,78.487,77.115395
120022,82.146,82.9501
120014,78.722,78.99424
120051,83.266,84.33684
120053,88.436,90.26175
120056,81.493,75.72542
120081,89.344,94.47613
120084,93.462,96.28433
120085,86.588,84.2585
120065,82.328,80.59634
120091,84.166,80.66147
120110,89.391,90.41208
120116,90.567,91.26814
120122,86.703,87.3614
120135,92.511,94.39043
120142,89.923,91.87876
120136,91.913,93.07717
120159,90.621,89.77352
120155,85.952,86.763084
120180,92.596,93.06715
120178,87.629,88.32212
120164,78.76,85.0527
120154,79.642,80.560234
120156,85.771,83.53477
120191,59.914,73.152145
120215,81.863,81.24808
120250,84.529,82.75997
120251,80.119,82.28834
120260,84.007,84.2117
120270,84.051,83.02461
120157,78.552,77.77207
120271,81.419,80.08633
120241,79.398,79.345085
120301,92.202,91.97001
120304,90.348,91.545845
120295,88.647,77.968605
120306,81.365,77.31663
120297,82.824,78.59078
120322,92.612,90.00092
120314,80.784,72.90576
120292,78.97,77.3883
120329,77.748,77.79404
120324,82.434,84.89541
120320,82.223,82.47495
120289,81.391,83.48035
120341,75.545,75.08663
120279,80.203,78.45867
120305,80.67,83.409904
120411,85.193,85.49242
120420,79.495,81.15203
120422,89.967,87.35163
120429,86.617,83.088646
120434,90.07,90.74479
120437,85.496,85.93799
120444,91.65,91.68695
120428,85.596,85.65811
120424,64.268,87.72938
120407,78.543,76.70123
120413,82.903,81.57398
120483,93.58,92.45644
120472,84.908,83.13218
120455,80.825,81.569016
120481,78.424,79.91579
120519,81.205,82.577324
120485,76.598,77.64676
120532,81.01,88.82821
120549,85.245,84.06194
120574,85.541,85.65192
120581,88.562,85.91005
120582,91.563,89.53341
120567,62.128,79.87471
120568,68.376,75.65459
120565,79.646,78.970375
120592,86.556,88.52857
120598,84.848,83.56955
120583,82.809,83.48035
120619,85.535,86.798386
120621,89.96,86.08696
120637,97.299,89.75704
120633,83.811,85.1858
120624,91.94,88.924835
120664,90.067,90.122696
120665,86.994,88.04362
120666,87.037,89.53833
120649,77.414,79.57064
120657,80.29,81.165924
120699,91.705,93.30965
120695,81.116,80.59042
120724,85.946,85.652016
120709,77.419,80.345314
120717,76.197,79.58237
120723,83.439,80.84618
120748,93.412,94.071396
120735,80.627,79.79883
120733,81.852,81.50069
120738,83.652,85.93406
120740,80.828,80.266785
120746,76.097,72.9117
120766,89.945,84.980515
120759,82.729,86.64388
120720,81.281,78.097
120796,86.749,81.4865
120810,81.841,80.611176
120806,80.531,82.614006
120797,78.356,79.391716
120811,84.404,85.65658
120840,91.502,92.52404
120854,91.149,90.577515
120859,91.67,90.66167
120860,91.84,92.20571
120833,89.943,90.21016
120856,84.969,86.771355
120761,82.583,79.825584
120895,86.282,86.60378
120911,87.622,87.807396
120955,93.233,92.59704
120964,90.785,89.10568
120944,90.001,90.51581
120966,90.126,91.982285
120983,89.456,90.716515
120830,81.45,81.45333
120998,98.984,98.04162
120989,89.808,93.047165
120984,85.001,85.68121
121006,87.435,86.96678
121010,84.666,75.34678
121015,80.165,81.0452
121018,78.615,71.947
121027,77.485,79.331024
121079,90.441,78.76908
121103,57.901,89.796364
121088,79.608,78.33728
121132,91.302,89.548225
121139,80.725,80.13252
121117,82.776,81.584946
121137,90.469,90.64113
121119,88.817,91.05953
121138,78.771,84.68202
121154,93.122,93.28917
121094,79.171,78.824814
121158,92.889,92.27052
121161,85.597,84.889885
121167,78.539,90.54518
121096,73.75,76.08635
121105,79.545,78.89259
121099,74.865,76.149605
121175,78.446,80.95355
121193,76.586,78.05787
121237,84.065,69.330185
121248,92.375,91.37114
121266,85.664,85.357994
121283,86.874,87.33942
121289,80.081,79.39601
121326,86.969,91.45718
121304,80.055,80.842186
121358,91.403,92.03232
121272,78.029,75.013855
121352,84.143,83.3285
121377,81.803,75.07747
121336,77.238,74.676926
121382,86.252,71.017746
121387,81.411,83.5897
121407,88.713,86.16546
121409,97.421,94.0854
121406,91.532,90.036804
121428,85.02,86.527145
121447,89.797,87.41325
121445,65.652,70.13777
121441,84.341,84.49822
121457,84.686,89.05528
121480,88.412,88.70907
121513,83.38,85.52102
121515,83.431,84.60779
121537,86.821,84.47988
121535,78.018,80.18783
121556,83.155,81.38551
121561,91.551,87.24032
121562,74.818,74.62401
121569,87.493,87.23341
121559,80.465,85.277
121580,83.789,77.61416
121475,79.039,80.327675
121553,78.402,75.85214
121586,76.521,76.71169
121625,91.418,90.89098
121633,85.266,85.03395
121636,82.689,83.48035
121623,77.947,83.82512
121663,92.141,93.435974
121664,87.386,88.86669
121676,85.731,88.49374
121653,82.312,81.18425
121678,80.205,78.0424
121671,80.933,81.328964
121672,79.955,81.13282
121697,86.461,87.360115
121680,84.093,84.22147
121705,84.041,86.89251
121709,64.036,82.29228
121708,84.229,86.63377
121725,80.853,82.54185
121722,80.814,85.05069
121726,86.967,85.103584
121727,81.124,79.13787
121712,83.783,82.86865
121724,66.25,68.77619
121733,81.425,75.37835
121669,79.804,70.98671
121759,81.618,80.44763
121760,88.997,88.92312
121754,82.436,84.12854
121706,78.078,78.39677
121768,91.439,90.33257
121789,84.789,85.51195
121786,82.663,81.26704
121785,80.298,81.51635
121784,59.742,78.28422
121779,81.217,78.69006
121800,84.421,83.48035
121805,85.153,83.17752
121820,85.959,87.23287
121823,84.234,83.177666
121836,80.802,78.87421
121809,77.073,77.51969
121840,80.597,80.9927
121847,88.44,88.36346
121838,83.058,80.8518
121849,77.831,82.0814
121837,82.469,80.05673
121841,81.464,81.29272
121852,87.348,88.95596
121775,72.51,75.36418
121832,76.496,76.55293
121863,89.0,90.961586
121867,90.819,91.71817
121855,83.659,85.66589
121866,87.705,88.63888
121864,92.721,88.56256
121914,90.454,92.54878
121899,79.051,91.38909
121946,92.64,92.92474
121941,67.856,70.17979
121963,92.397,92.54547
121964,88.956,83.79896
121934,89.781,89.84016
121968,89.22,87.273384
121980,89.774,94.14876
121974,89.355,90.683266
121985,90.153,89.434135
121991,86.743,81.92328
122009,90.948,91.15103
121996,82.323,87.67824
122035,88.967,89.817474
122048,87.393,88.684395
122040,81.396,80.462685
122058,90.533,89.05817
122057,77.261,78.339386
122010,78.568,77.5441
122076,85.33,88.627106
122075,89.484,88.447296
122087,88.533,89.24899
122101,88.414,89.86487
122085,85.85,86.465775
122097,86.041,85.0394
122117,90.908,91.40314
122128,73.966,73.10262
122134,87.301,87.29918
122138,83.975,83.62824
122139,88.335,86.93117
122152,88.017,86.07728
122126,84.851,79.98916
122176,92.708,92.90741
122175,82.626,82.40083
122177,84.839,85.730606
122167,84.027,83.01856
122144,80.161,83.38622
122193,87.516,84.68745
122184,77.892,79.60019
122209,88.19,85.386154
122214,76.599,77.000465
122186,76.058,75.86832
122211,68.393,80.473816
122208,87.739,85.84409
122224,84.333,85.23333
122255,86.294,86.85299
122250,82.635,85.55505
122265,85.052,80.963524
122284,88.306,86.01162
122289,90.477,87.41639
122253,82.181,84.73156
122305,93.397,95.83107
122304,94.14,95.342606
122302,83.345,82.296936
122327,79.459,83.93029
122363,83.286,87.19954
122341,87.352,83.12647
122371,92.107,92.92784
122377,82.154,83.426765
122347,81.061,79.292816
122344,76.57,78.86718
122388,73.292,76.88995
122381,84.158,85.38091
122410,85.002,73.72347
122416,83.95,86.11087
122422,89.356,89.76215
122432,92.64,92.838615
122434,88.571,85.15899
122445,75.902,78.64151
122454,79.188,86.622734
122471,88.754,88.17545
122453,87.988,90.11872
122497,79.969,78.90439
122504,75.925,76.78209
122508,74.087,78.08267
122530,90.085,88.482544
122533,91.016,90.78396
122529,91.228,91.10685
122478,85.237,84.23982
122540,85.891,81.12001
122539,63.092,88.28537
122511,83.724,81.85038
122583,90.268,87.30031
122559,62.371,66.66363
122560,69.265,68.14305
122618,84.594,86.8863
122602,89.394,90.66835
122627,95.232,91.50417
122619,84.57,84.719284
122620,83.943,82.53944
122632,84.354,81.55505
122660,79.932,77.878365
122652,59.903,62.967373
122629,69.78,69.55018
122705,84.239,87.13797
122699,88.255,86.432045
122778,82.905,83.48035
122767,83.994,79.23923
122782,92.508,89.68307
122807,81.308,81.79947
122824,88.179,88.09612
122817,85.723,86.70832
122839,81.726,81.309784
122798,80.142,74.58061
122840,86.452,86.472855
122864,79.009,80.0685
122870,89.435,89.978165
122847,87.562,88.884796
122875,84.826,85.63072
122827,78.0,79.95109
122887,81.54,81.98735
122899,87.583,88.03335
122903,80.484,80.75817
122920,86.742,86.92658
122886,76.098,78.497
122946,87.246,87.44453
122940,79.683,84.172
122949,83.889,82.60794
122952,83.82,86.16097
122912,79.02,81.288414
122966,90.714,90.57522
122967,90.453,90.9319
122980,93.694,94.74109
122977,85.236,85.4599
122974,84.247,86.26942
122984,82.758,81.7483
122924,82.373,84.20208
122981,83.39,83.47529
122978,84.503,86.60089
122992,80.696,82.33038
123001,88.376,85.81973
122987,56.749,82.31737
123016,84.925,87.37518
123021,83.067,90.0307
123014,85.168,84.98041
122997,78.231,75.23887
123037,85.759,88.25555
123029,84.73,85.07902
123052,83.239,82.78255
123043,82.746,82.13833
123048,73.806,72.33053
123083,69.29,89.406525
123076,79.114,81.96502
123096,84.239,79.68868
123112,81.432,83.9283
123116,87.966,91.09423
123106,81.857,80.80583
123122,84.161,71.00322
123092,82.413,83.48035
123145,86.268,87.41774
123137,80.941,79.59651
123147,86.768,86.4573
123110,68.738,72.06052
123144,85.485,86.107086
123162,82.206,81.56897
123176,84.174,86.59128
123174,81.144,82.65587
123192,90.945,84.06261
123130,77.291,76.26074
123194,94.679,89.00172
123208,84.286,83.502205
123209,83.266,80.920006
123198,84.368,81.62925
123210,82.065,80.17272
123231,88.262,88.62332
123215,95.037,93.52995
123234,83.902,84.63185
123241,86.603,87.293144
123238,86.441,85.95752
123242,87.253,86.71957
123233,83.845,80.60572
123272,88.281,87.77416
123264,85.321,86.03226
123277,85.145,85.89814
123281,88.466,87.71114
123267,84.253,85.3189
123263,79.391,79.093834
123270,84.238,85.50007
123266,78.466,77.9192
123269,79.479,78.913055
123315,66.447,61.864025
123324,89.428,86.64573
123333,92.37,92.64431
123334,91.329,92.33437
123336,91.594,92.36901
123335,91.541,92.2298
123229,57.459,63.939438
123346,93.157,90.57113
123358,72.474,70.732
123372,91.264,90.38699
123374,89.894,90.82893
123363,85.98,86.539986
123373,89.808,89.84447
123383,56.447,84.79985
123387,86.996,87.8241
123365,85.613,88.52152
123366,82.826,84.33402
123362,86.603,86.79533
123320,81.784,80.6459
123367,81.42,83.76872
123368,81.677,84.17991
123408,84.594,87.43602
123418,90.604,90.23176
123409,82.272,80.5498
123419,89.418,90.178444
123420,90.083,90.67608
123424,80.12,79.29217
123422,87.6,88.265724
123436,85.03,84.27563
123446,90.943,89.05262
123428,92.049,86.11499
123432,83.724,84.613396
123435,82.046,81.72685
123412,69.154,70.01262
123411,70.367,74.49794
123456,71.972,73.506165
123450,79.647,81.26758
123462,71.848,71.324554
123455,73.439,75.491684
123474,85.451,83.66098
123472,74.566,74.17642
123473,76.825,78.545074
123623,92.376,91.8718
123642,83.487,84.504684
123635,86.923,85.56869
123612,66.127,70.305885
123626,74.728,73.71644
123681,90.317,87.99586
123639,86.693,86.27871
123679,88.074,89.135605
123655,79.804,83.5267
123702,89.013,87.84092
123724,92.86,90.3106
123730,79.14,79.109344
123740,80.877,82.56869
123739,84.099,82.23074
123756,90.719,91.39775
123760,84.545,84.56464
123713,76.671,78.92508
123753,91.606,81.514206
123761,83.606,83.68825
123758,78.384,81.64033
123752,80.211,78.188965
123772,83.911,80.55552
123770,82.072,76.011566
123749,75.344,78.93716
123743,82.628,83.01173
123750,87.073,84.71159
123776,86.519,86.934814
123783,84.471,83.749886
123767,80.591,77.87517
123794,85.626,85.28511
123784,75.307,79.76313
123806,89.074,74.63491
123780,80.199,82.32608
123822,87.617,89.46166
123815,57.163,81.42268
123827,57.29,84.62037
123813,79.055,79.90821
123832,79.645,82.99169
123839,85.392,84.89492
123845,84.174,84.75672
123869,81.881,83.68042
123876,93.105,91.60848
123890,77.859,77.92653
123894,91.006,89.3847
123925,56.835,87.523476
123940,90.835,91.45013
123946,81.018,82.28414
123958,89.317,89.51147
123949,80.023,80.22273
123944,80.62,79.89441
123895,78.033,80.133934
123947,78.366,79.39121
123948,76.093,78.88806
123956,99.803,88.36525
124005,84.003,84.18375
123984,82.357,81.1625
124001,85.479,85.21692
124039,89.925,88.68143
124051,88.04,85.812035
124058,90.584,91.5088
124052,90.552,87.681175
124054,88.017,87.45408
124023,82.798,79.869644
124014,74.563,75.44011
124067,86.8,84.19737
124083,75.925,77.64094
124074,85.655,85.646545
124086,88.201,86.51087
124097,79.901,81.5825
124116,90.689,88.14847
124108,81.044,82.614624
124109,80.231,81.24262
124115,88.697,89.258575
124131,85.438,85.119354
124134,91.429,92.53702
124136,87.292,86.41876
124151,88.864,57.936813
124170,62.442,67.821304
124206,68.844,68.50131
124202,89.211,87.06221
124165,76.269,72.997856
124224,85.185,87.03069
124214,108.013,96.11267
124232,84.488,85.29855
124228,84.167,81.33608
124215,85.275,84.48869
124238,86.474,81.81972
124167,59.403,72.35533
124221,83.277,83.20346
124219,83.851,84.46039
124222,83.227,83.41963
124166,72.304,72.38796
124168,71.169,71.16952
124241,83.581,82.23462
124243,81.488,80.61667
124242,82.736,81.18971
124259,81.228,81.386856
124247,73.202,76.30276
124263,86.637,73.74634
124275,85.899,80.89131
124267,70.896,72.80059
124244,74.23,79.32515
124306,74.177,79.1667
124324,76.702,90.912766
124318,74.669,73.875015
124319,72.89,72.223755
124320,74.166,73.775406
124317,73.599,71.56354
124323,79.637,79.345634
124321,73.763,72.59325
124322,73.5,73.64197
124339,97.85,90.82512
124328,82.074,73.89881
124349,96.893,84.4174
124350,81.809,82.472145
124371,92.3,93.33194
124372,89.189,88.57943
124378,94.241,94.66527
124376,88.589,89.31038
124377,81.934,82.214424
124383,86.08,82.36818
124380,89.913,89.86209
124398,87.329,85.4441
124354,71.436,73.04701
124432,74.327,73.512115
124433,91.026,92.096794
124434,90.519,89.33131
124428,82.744,84.44687
124417,86.22,86.16794
124442,85.543,84.06433
124427,78.091,81.60436
124429,79.385,79.8432
124461,73.28,85.04327
124467,85.06,84.40412
124485,80.634,81.25238
124478,74.895,77.823425
124469,79.158,82.36465
124489,83.416,80.71744
124509,78.627,80.33662
124514,79.979,79.39031
124521,85.384,90.43262
124522,83.815,85.6704
124524,84.037,85.65063
124525,84.741,87.69535
124513,80.886,81.176765
124528,84.818,87.1996
124512,81.089,79.41784
124523,77.864,82.11563
124499,78.036,76.790726
124518,81.927,75.07582
124500,77.266,75.89919
124536,86.746,87.45104
124507,82.379,85.320244
124555,84.862,84.85226
124533,74.087,76.92791
124554,81.362,81.94641
124569,93.845,93.27154
124565,86.441,80.73085
124556,87.028,78.995346
124562,75.329,79.480034
124586,85.488,86.2888
124566,81.799,83.72766
124611,90.434,89.54764
124621,89.572,91.43243
124626,91.743,91.10299
124571,77.673,80.43059
124612,81.623,79.87312
124614,78.957,76.40895
124636,85.891,85.892296
124647,84.395,77.106064
124669,91.76,94.90677
124666,86.96,87.60688
124672,75.884,76.021225
124674,100.004,80.897095
124648,79.338,69.9781
124652,73.756,71.106155
124700,92.035,90.748116
124704,85.798,81.94779
124691,73.225,74.93656
124738,86.199,85.337204
124777,86.008,87.175934
124781,94.984,93.32289
124695,76.719,77.13934
124687,65.712,66.02104
124688,66.829,67.80635
124731,80.397,81.08957
124745,81.518,80.55545
124794,85.81,81.98154
124802,86.904,86.95042
124791,84.214,84.81177
124813,84.527,79.49758
124806,80.021,81.26983
124821,82.002,82.21214
124793,85.724,83.939
124830,92.256,92.20213
124805,80.545,81.548584
124825,71.0,72.205124
124839,85.178,86.69053
124832,80.868,82.61884
124836,80.178,83.34797
124835,74.303,76.47044
124807,79.999,83.27582
124850,83.919,80.69016
124840,83.681,82.69331
124811,81.633,79.854324
124869,74.051,75.02053
124871,74.015,76.5756
124831,81.734,79.428314
124817,77.61,75.58186
124903,88.345,89.4582
124902,89.192,88.93429
124891,85.513,83.64591
124889,75.006,76.7508
124898,80.441,73.860825
124900,83.803,73.853485
124926,77.635,75.20915
124909,82.65,84.52037
124904,83.452,79.03138
124923,87.339,86.087395
124934,88.335,88.05283
124946,86.559,84.46504
124919,77.147,78.16079
124950,92.514,92.00312
124964,89.314,89.34792
124947,78.747,81.96504
124966,86.504,86.45803
124967,93.799,93.13702
124968,88.371,88.62403
124981,84.71,86.92199
124933,84.721,84.66284
124995,81.374,81.71345
125000,80.728,84.403564
125009,76.748,75.5418
125010,69.59,72.53985
125012,95.819,81.38895
125027,82.661,86.622696
124980,77.618,75.91325
125020,80.803,80.7952
124979,76.711,76.511925
125022,81.342,81.07448
125028,70.977,74.19423
125033,93.894,81.336945
125047,81.973,82.04971
125049,80.692,80.08221
125048,78.966,80.23006
125069,68.68,83.26049
125087,85.887,88.84553
125108,81.36,81.17714
125123,87.49,88.090195
125141,90.81,91.59235
125113,75.077,80.77755
125144,77.194,76.96282
125158,82.901,86.498474
125153,81.031,72.89842
125083,80.56,74.95343
125212,96.598,95.18127
125190,82.417,77.997604
125208,86.098,87.89886
125207,85.774,86.715096
125220,71.035,72.74052
125248,78.383,77.05343
125236,86.959,85.8785
125249,81.483,86.68954
125268,85.261,88.98427
125276,75.929,77.23921
125240,72.728,75.764694
125277,75.365,77.06481
125278,73.301,74.829926
125235,75.977,74.16647
125266,82.244,80.48833
125284,80.685,78.537056
125324,90.987,91.9283
125272,77.095,73.93368
125308,79.954,83.675835
125310,76.931,97.052666
125309,81.707,99.62698
125279,74.149,70.1044
125337,83.375,82.77788
125312,76.272,95.18447
125273,76.627,79.835686
125315,76.082,86.37482
125314,71.997,91.994736
125369,82.344,83.44602
125370,76.825,69.422325
125367,81.551,78.75407
125264,81.286,80.97463
125391,90.299,90.71101
125383,80.37,78.28939
125361,74.007,73.76184
125399,81.651,87.25663
125380,75.772,75.876236
125406,89.75,93.481606
125393,88.453,90.90821
125402,91.155,91.46404
125411,82.889,83.02218
125413,81.917,81.61158
125435,93.305,93.54578
125426,82.11,85.835045
125445,89.755,85.904106
125443,83.197,83.48035
125444,82.928,80.74609
125449,87.575,83.91956
125448,80.811,81.35545
125434,81.377,83.45202
125470,85.182,85.0512
125379,75.239,75.33168
125485,84.8,85.65291
125464,76.758,76.90656
125506,84.824,86.29117
125502,78.144,75.36081
125496,75.744,77.11292
125515,81.747,76.05446
125529,73.034,73.02319
125550,65.71,73.72042
125573,80.138,83.1637
125581,73.707,70.97984
125584,84.117,82.62229
125590,95.586,94.704414
125574,80.228,82.10842
125609,76.679,74.95053
125591,91.782,91.855545
125622,72.64,69.60512
125627,88.811,88.33065
125576,78.501,81.32021
125646,84.944,84.75451
125647,79.044,77.15374
125649,79.362,77.81746
125625,75.906,76.4246
125653,75.84,75.11752
125654,70.551,69.964294
125658,71.17,72.55536
125724,81.659,85.157364
125682,76.074,76.418396
125741,86.637,86.44657
125733,80.622,81.47136
125757,77.558,73.13103
125762,82.019,77.433014
125787,89.793,88.092415
125782,76.69,79.12543
125810,89.883,93.34986
125811,91.043,89.28843
125880,78.129,80.854324
125881,91.855,92.96732
125853,83.956,84.3615
125885,94.116,92.3384
125843,112.899,109.30906
125863,77.384,80.11678
125901,72.089,72.19435
125923,87.214,85.538345
125921,84.726,82.541534
125906,79.245,78.98083
125950,89.267,90.19345
125947,92.487,90.3911
125953,87.034,84.768394
125971,62.605,63.198685
125983,86.541,85.8421
125960,83.317,80.94499
125997,61.869,62.79511
125999,60.593,59.04789
126012,96.201,93.88556
126033,82.368,82.68635
126023,89.017,90.97472
126042,74.317,72.500275
126039,87.017,85.072685
126040,83.888,83.97559
126066,90.91,85.64052
126097,81.491,82.86246
126102,81.937,80.791855
126119,80.697,83.45391
126101,81.359,82.94807
126109,78.035,81.005
126152,99.448,97.957016
126153,96.938,98.05512
126157,96.245,94.84839
126155,85.377,84.283676
126166,86.77,88.732
126199,75.336,75.05776
126182,74.686,78.24229
126265,88.875,92.42581
126268,83.975,87.37683
126321,94.682,92.41118
126333,60.79,70.01088
126330,91.191,89.83779
126331,90.901,88.45861
126334,59.716,63.99682
126339,88.193,86.16103
126327,87.417,87.499596
126324,85.007,79.28606
126318,84.779,86.56443
126323,79.769,80.2299
126407,74.061,74.0714
126401,87.564,88.52789
126423,85.961,86.02638
126478,87.722,89.27241
126500,95.661,94.15008
126518,78.148,77.895195
126530,94.076,94.5125
126554,94.92,94.635345
126587,90.06,86.23808
126576,96.528,95.87173
126596,94.752,94.69516
126616,92.045,89.447014
126629,85.904,85.95269
126670,88.877,90.32076
126716,87.97,82.98953
126765,84.424,85.00131
126753,87.179,87.81687
126792,91.764,89.39798
126826,88.124,92.30351
126958,90.464,89.30073
127066,91.155,84.721535
127089,74.14,73.41928
127091,72.863,71.62421
127090,71.54,68.80853
127151,78.772,78.12708
127161,74.463,71.355774
127170,64.366,75.29914
127053,71.046,72.35415
127191,87.514,89.381
127187,87.169,88.44089
127202,93.933,94.5531
127243,77.138,78.84409
127244,74.175,74.56538
127242,81.205,80.89811
127246,72.923,72.48189
127245,71.574,70.5146
127248,72.794,71.81849
127253,56.423,73.77464
127249,71.675,69.46884
127268,66.087,72.89855
127250,70.424,67.95092
127274,72.095,73.36648
127258,70.896,72.115234
127275,72.906,72.53334
127276,71.493,70.764275
127289,96.544,96.509514
127292,86.242,86.74323
127301,96.181,96.49556
127308,80.06,83.23299
127283,68.153,70.94163
127282,68.907,70.21248
127362,80.159,83.041466
127361,78.913,82.54417
127364,79.125,83.6199
127363,80.284,82.585205
127479,67.564,69.05839
127543,78.337,79.100006
127564,68.963,69.316475
127582,75.486,77.486565
127576,74.508,76.283066
127590,80.264,79.42124
127623,74.194,74.758415
127628,77.972,78.42584
127667,79.153,78.143166
128021,82.965,82.59258
128031,69.392,67.61248
128028,68.174,71.8375
128049,76.051,76.11881
128050,76.054,77.328064
128042,68.695,69.177155
128043,71.25,72.25824
128092,79.997,80.55393
128122,72.902,74.06485
128123,72.853,72.96044
128126,79.391,75.16374
128136,84.782,82.31241
128125,77.226,76.609634
128124,79.817,76.71605
128162,83.331,83.957306
128173,94.102,94.86237
128192,85.748,82.79749
128140,76.256,77.115906
128168,78.293,76.75818
128170,75.472,75.686554
128202,88.339,87.06219
128219,76.447,95.48621
128198,68.225,70.1544
128246,89.709,85.9624
128204,80.195,80.983246
128251,69.119,76.66977
128283,85.404,83.9369
128310,92.553,92.67521
128336,94.681,93.04842
128317,84.525,85.655495
128349,86.125,84.026955
128341,78.118,81.51768
128380,88.202,90.97163
128374,87.644,88.60667
128375,73.375,79.06596
128391,86.978,87.85973
128409,94.239,88.050026
128418,75.907,76.82364
128417,88.705,88.13892
128421,91.704,91.44085
128419,77.818,78.610214
128443,79.008,79.489944
128447,76.38,76.47877
128442,75.637,77.24443
128460,75.999,76.56204
128462,86.479,85.6535
128468,86.575,88.55874
128463,87.512,88.85641
128482,82.407,85.592285
128524,81.619,81.416466
128540,88.982,89.15634
128490,68.411,70.18646
128507,69.056,70.546394
128557,86.121,84.50477
128565,98.958,93.36103
128574,90.816,92.38833
128539,80.669,79.68545
128513,68.904,74.32847
128595,76.269,72.1158
128554,81.597,81.85185
128533,68.159,71.07798
128613,82.307,82.06691
128607,88.957,90.92252
128632,85.849,86.32542
128625,69.334,67.2721
128577,79.516,80.45863
128618,92.285,94.70023
128631,79.994,79.45468
128684,98.842,98.034454
128694,93.572,94.291245
128729,87.169,87.791084
128778,79.779,79.17154
128782,97.185,98.53924
128797,94.842,94.96485
128792,56.918,63.194878
128784,95.406,96.834274
128780,85.079,84.88201
128742,90.127,89.71606
128789,94.386,89.38452
128781,85.368,86.07044
128846,79.967,79.95981
128871,89.425,89.482864
128853,69.705,71.21383
128866,77.013,77.79104
128830,75.781,78.43044
128865,78.035,78.638214
128869,73.596,75.16038
128864,68.056,69.584984
128786,75.42,70.35682
128946,85.88,85.282974
129014,84.086,86.30856
128986,78.082,77.499954
129010,82.829,82.79735
129009,80.536,82.21014
129005,80.504,80.97175
129006,81.036,81.94464
129047,72.283,74.50677
129044,73.078,74.7538
129016,60.422,65.66856
129163,92.692,92.5838
129129,88.015,78.55369
129179,82.644,87.75107
129180,87.283,87.910225
129184,80.6,82.03297
129193,80.038,81.958824
129191,79.781,79.53535
129200,79.474,79.4589
129217,96.237,94.70756
129198,78.087,78.8114
129189,76.09,78.77782
129214,79.181,81.41724
129229,82.564,78.55779
129170,72.908,63.26656
129220,89.33,90.52327
129272,89.023,90.03669
129284,86.664,84.28686
129283,85.533,84.266975
129288,87.82,85.574524
129299,81.408,82.08024
129300,71.135,75.85666
129316,74.011,75.36186
129324,76.226,82.14335
129380,68.635,72.51676
129291,67.407,70.17739
129384,66.503,76.309616
129370,81.735,84.09262
129421,74.37,73.728775
129405,84.245,82.30781
129422,71.255,70.53249
129431,64.822,84.429665
129446,81.668,82.43575
129444,75.229,75.0418
129464,70.623,73.09022
129475,67.673,71.88515
129486,67.534,70.27941
129738,76.264,77.27206
129728,70.326,73.25349
129874,94.942,94.54698
129844,86.974,86.84736
129851,86.721,85.460785
129853,70.925,70.682434
129947,88.626,89.28516
129954,75.015,75.384056
129988,96.713,96.41078
129974,76.945,78.17448
129987,85.82,83.32994
129952,73.717,74.46505
129976,81.41,79.7165
130008,87.101,86.69146
130035,82.923,82.25095
130160,83.343,85.152725
130147,88.257,89.015854
130394,79.469,80.67605
130396,77.923,79.48407
130398,70.215,73.71472
130397,78.367,79.052666
130427,69.345,71.65267
130440,78.394,79.05977
130465,89.531,90.96605
130446,67.952,70.53522
130470,87.542,87.89589
130461,75.17,75.247055
130484,85.33,83.75423
130422,72.702,74.73998
130524,81.175,82.68549
130532,81.059,82.59974
130689,81.126,79.71049
130730,93.362,93.17119
130733,90.032,87.684296
130731,92.575,92.51514
130732,91.114,92.326454
130740,81.092,82.175316
130718,77.818,78.66074
130738,74.132,76.14349
130934,87.248,85.62375
131043,88.974,88.29843
131044,86.067,88.13647
131042,86.755,88.18097
131233,81.525,82.21756
131367,86.799,87.31077
131366,89.514,89.57934
131385,84.47,83.76761
131386,79.725,81.906815
131399,94.351,94.97214
131398,96.456,95.623856
131400,96.822,95.69738
131413,91.201,90.62594
131429,95.381,92.1759
131447,94.444,93.78644
131500,90.742,91.708755
131513,93.298,93.55397
131489,81.624,80.10336
131490,81.439,81.36419
131549,87.963,87.10074
131569,76.137,69.199646
131666,84.179,83.377686
131665,80.436,80.335175
131656,83.248,79.04564
131664,81.243,82.427795
131657,83.118,78.45556
131671,74.364,77.628395
131670,75.351,78.61512
131675,82.234,82.76487
131672,76.491,77.8395
131673,75.003,76.04947
131662,78.885,79.228386
131707,83.671,86.22456
131736,89.811,90.74746
131674,76.832,75.33339
131708,84.544,86.46858
131734,78.903,77.90528
131676,75.763,78.943306
131749,93.145,95.80638
131759,82.968,83.132164
131762,87.058,88.75867
131750,92.563,95.7203
131742,75.078,77.43138
131777,71.013,72.21314
131809,85.071,85.26191
131823,65.012,65.734795
131808,85.492,85.515625
131876,80.685,81.096695
131884,75.851,76.670166
131873,92.888,91.280594
131779,78.94,77.69192
131896,83.698,84.05541
131921,84.382,82.859276
131922,85.936,78.8051
131926,79.372,79.62526
131925,77.027,79.86854
131910,67.658,70.852684
132088,67.87,75.371826
132087,67.946,74.2625
132065,90.192,88.635925
131919,81.689,76.921165
132067,89.997,89.44056
132069,81.753,77.06833
132151,85.712,87.987564
132152,87.664,87.95758
132153,87.625,88.20222
132154,89.164,88.73104
132066,89.878,89.79811
132181,94.051,92.87474
132124,87.339,90.76796
132097,78.004,74.86014
132106,80.329,80.11498
132213,84.728,85.71979
132187,81.404,79.630325
132246,87.56,87.10835
132238,83.587,83.78143
132210,81.222,82.40949
132248,79.876,83.79331
132249,78.712,83.781654
132207,78.67,77.718864
132407,87.945,87.98868
132408,83.557,85.75087
132546,94.713,92.337944
132562,92.747,92.161705
132733,95.55,94.74512
132835,86.716,85.83857
132891,96.36,93.474976
132899,92.165,91.64913
132912,93.095,93.931725
132916,96.92,94.949165
132915,91.726,91.484604
133029,91.843,92.06413
133033,75.617,74.19995
133006,72.535,82.566154
133001,79.113,80.03265
133049,85.87,85.10472
133050,85.824,84.49925
133051,84.995,84.525894
133053,75.97,75.98448
133089,101.088,101.421906
133021,75.731,76.47951
133088,89.194,90.30135
133095,78.116,77.09333
133098,77.666,77.861275
133108,73.488,73.01664
133096,82.285,82.31277
133102,69.174,72.10082
133099,73.257,73.117096
133125,71.121,72.79125
133111,73.878,73.792854
133124,75.368,74.27389
133105,72.33,72.20914
133116,73.225,74.52852
133107,71.639,73.67839
133126,74.491,75.71871
133121,76.579,75.35737
133149,80.176,80.699715
133135,66.804,70.36065
133130,82.188,81.86101
133166,77.87,79.25475
133175,79.767,77.5902
133170,81.085,79.80158
133197,74.001,74.93988
133199,78.581,79.41644
133205,83.788,82.18888
133209,80.928,81.12975
133204,81.99,79.79543
133227,75.733,77.07755
133666,83.802,82.765366
133676,82.256,82.61124
133744,85.499,85.15002
133743,88.169,87.64852
133766,85.946,86.01135
133765,87.73,87.899124
133842,95.509,94.92217
133881,80.143,81.47339
133904,79.237,60.454563
133913,80.251,61.559082
134000,66.932,69.50522
134025,86.577,84.96658
134003,89.677,90.16777
134004,86.921,87.19221
134044,62.325,88.62291
134055,87.652,85.04719
134062,68.495,66.285904
134073,63.184,89.97206
134179,94.933,95.07674
134181,94.219,93.342064
134201,94.911,93.72142
134297,93.325,93.4416
134299,92.386,90.43164
134303,91.599,90.9241
134310,92.531,91.81149
134311,89.654,90.986374
134305,86.735,86.13912
134325,91.98,91.40983
134332,92.638,92.4353
134338,81.807,84.948685
134369,89.832,90.89143
134410,85.518,85.86652
134409,87.752,87.82289
134474,92.519,92.48389
134501,85.272,87.591965
134516,88.472,87.39291
134523,88.118,87.80507
134525,85.242,87.903885
134532,63.576,82.56646
134544,87.755,87.136696
134639,88.154,87.791435
134984,88.521,88.65245
134985,85.683,86.300674
135018,91.759,92.942085
134983,84.317,84.89741
135058,91.0,91.727104
135170,87.559,88.225624
135188,87.438,87.45693
135215,87.445,88.10454
135235,88.754,88.91013
135252,82.772,82.606415
135270,87.152,86.8527
135259,89.327,89.18604
135273,87.552,87.39763
135334,87.206,87.00666
135372,87.693,88.48414
135370,88.68,88.8288
135371,85.89,85.533394
135378,88.591,88.81698
135376,86.332,86.2494
135381,88.526,89.20972
135398,88.43,87.511604
135395,88.904,88.36806
135396,84.02,84.93303
135456,90.484,90.0658
135451,92.322,91.021095
135492,91.914,91.1103
135498,90.452,90.437996
135530,87.206,88.21723
135546,91.19,90.32507
135557,88.821,88.83661
135552,86.284,86.73039
135577,89.569,89.09138
135594,87.596,88.57532
135603,85.488,87.45782
135669,92.654,93.12588
135668,86.803,94.734116
135937,90.803,92.01542
135986,85.692,86.07474
135984,85.442,83.630936
135985,86.323,87.012314
135983,89.651,88.73528
136018,98.464,97.04616
136012,77.925,75.25326
136013,78.699,79.99215
136088,99.662,98.39806
136092,98.035,97.12681
136113,78.895,77.612114
136112,65.995,67.73079
136148,79.409,77.72705
136179,99.084,97.9151
136176,56.864,76.17728
136190,98.728,97.065926
136288,86.358,87.12955
136300,85.245,84.97753
136309,86.864,87.66656
136378,97.512,95.85116
136480,84.462,87.002556
136565,90.494,91.04461
136569,89.774,91.27065
136618,88.326,87.99559
136659,81.1,71.49219
136660,80.304,71.466324
136735,92.948,93.123405
136736,91.673,92.57127
136904,90.303,91.557655
136925,91.627,92.18394
136914,85.809,86.725296
136937,90.377,91.471436
136949,94.005,94.03804
136944,86.421,87.38896
136953,93.024,93.033134
137073,88.814,88.89502
137132,89.733,90.0815
137131,89.499,89.51128
137130,88.289,87.33116
137138,88.996,89.47918
137223,85.202,89.65907
137242,86.504,88.13832
137247,86.192,86.52235
137250,89.756,91.48446
137280,95.233,89.815956
137304,95.693,92.0577
137309,83.625,83.89225
137319,81.828,82.86012
137315,83.811,85.081314
137324,84.109,85.57875
137328,84.098,84.254585
137335,85.167,85.090454
137339,86.827,89.07753
137343,84.359,84.60473
137503,93.948,94.31334
137613,99.575,100.68947
137615,90.269,90.27385
137622,89.924,89.96313
137629,99.513,100.044556
137636,99.296,101.39612
137638,90.159,90.68103
137705,93.322,93.40384
137725,95.615,95.80559
137743,96.826,96.00752
137706,94.88,95.81317
137738,98.966,97.14679
137737,100.122,97.636086
137744,92.726,92.82368
137760,93.065,92.708336
137765,93.188,92.97216
137752,92.255,92.50292
137796,96.872,96.27386
137778,92.083,92.44481
137857,88.295,88.902275
137880,97.241,98.26965
137996,88.92,89.64183
137997,87.183,87.18448
137998,89.165,90.34268
138149,81.267,82.326744
138192,96.123,95.25742
138175,88.009,89.613106
138178,79.286,78.62642
138270,81.187,81.31193
138268,81.959,82.288666
138269,81.8,81.43319
138286,92.708,90.79118
138285,92.807,91.4103
138309,89.554,90.53322
138299,72.435,71.580376
138329,87.951,89.57366
138284,78.276,77.95832
138348,85.737,84.006805
138379,89.064,87.24703
138414,86.793,81.87693
138392,79.773,78.65396
138435,96.155,85.46016
138434,86.921,86.28164
138470,76.564,77.498146
138444,73.451,75.58445
138661,96.666,97.15965
138653,96.086,92.72141
138694,92.36,91.70737
138650,75.803,72.01408
138693,85.623,83.82419
138692,82.674,83.53801
138735,85.164,86.65397
138737,97.373,94.50693
138731,96.877,92.90646
138708,76.003,74.87698
138829,78.274,81.03654
138734,75.033,76.48528
138847,85.391,85.588524
138842,85.879,86.563545
138900,79.32,79.1811
138896,78.63,82.24683
138950,84.714,85.16767
138953,84.43,84.936035
138951,84.125,83.74657
138864,72.632,72.08319
138925,80.276,82.85949
139075,90.184,89.905304
139084,89.907,89.8611
139107,93.994,93.60048
139336,89.499,89.2912
139340,88.13,88.40453
139344,90.223,89.98895
139392,84.468,83.87376
139400,85.559,85.05212
139405,84.093,84.3512
139436,88.455,88.74252
139435,88.726,88.26907
139529,86.58,85.79784
139561,89.045,89.977554
139596,84.822,84.42292
139620,86.842,88.0162
139614,88.86,88.67007
139712,89.175,89.07289
139703,84.908,84.84186
139746,87.633,87.55675
139724,86.877,87.68593
139783,85.214,86.04921
139792,88.524,88.786995
139796,89.103,89.59484
139794,88.987,89.269844
139837,99.113,97.25302
140201,85.939,87.153145
140213,86.205,91.39719
140193,84.658,85.90112
140190,84.14,84.60451
140237,82.338,84.80796
140732,87.93,87.75791
141208,84.725,85.50657
141361,77.208,78.13377
141421,82.529,83.48035
141441,81.943,84.46474
141490,84.863,85.39349
141832,89.442,90.296295
141877,81.925,83.04305
141948,87.659,88.209175
141968,88.52,89.24592
142036,90.512,90.302216
142209,92.834,94.388504
142229,86.808,86.58751
142306,92.358,93.76093
142336,98.457,97.43646
142502,88.188,87.98378
142528,89.657,90.52456
142568,89.096,90.227554
142567,90.118,91.245224
142565,97.035,96.94081
142582,94.918,94.90143
142615,90.313,89.70531
142612,97.888,97.07656
142589,95.362,96.26667
142645,93.091,92.49192
142631,93.448,94.669975
142657,90.6,91.84869
142655,97.715,97.11354
142638,96.649,96.54584
142674,96.247,94.828575
142681,96.517,96.49523
142785,87.422,90.97022
142786,87.83,90.19537
142797,90.211,90.60438
142803,92.488,91.93433
142800,97.528,97.25512
142812,93.128,96.76004
142824,90.405,91.70623
142825,88.545,90.010635
142835,91.551,91.80536
142838,97.533,97.67958
142948,93.067,93.1185
142951,92.345,91.57216
142981,89.206,91.410965
142968,96.311,96.78254
142982,87.468,90.47883
142997,95.862,95.3324
142998,95.617,95.38014
143015,90.234,91.49649
142996,97.883,97.12762
142993,89.482,91.00769
143016,89.451,89.96404
143017,89.283,90.48784
143074,87.879,90.59279
143321,89.144,91.03161
143320,91.691,88.67421
143366,97.336,96.62261
143387,81.048,82.28979
143385,80.711,82.48225
143388,81.389,82.99637
143399,92.832,92.33119
143411,85.205,85.23292
143402,93.607,93.73363
143398,93.078,93.15191
143405,98.986,96.58976
143407,97.115,97.29226
143423,81.092,82.56423
143412,86.475,85.0242
143424,82.095,83.13188
143408,95.344,96.049324
143436,94.947,96.51997
143464,92.526,92.16471
143465,93.618,92.37669
143470,92.947,96.305145
143460,98.525,96.103134
143461,97.977,96.59424
143510,95.028,97.06878
143525,91.555,91.37575
143527,95.752,95.15716
143688,78.105,78.63152
143726,102.323,85.080666
143727,89.448,86.62013
143740,91.942,86.23543
143739,100.6,84.53022
143730,98.392,85.75612
143885,92.058,91.789925
144012,95.756,95.53663
144011,94.538,94.79048
144095,94.203,93.03535
144157,90.023,91.55515
144168,98.223,97.07013
144151,59.321,59.421486
144165,59.041,56.413742
144404,94.072,93.9021
144677,94.787,94.19351
144675,94.621,94.30865
144673,93.753,94.110725
145170,97.606,98.28268
145169,97.55,97.50325
145174,96.331,96.72275
145175,95.637,97.23306
145424,99.764,88.830826
145423,99.8,89.71527
145422,100.403,88.92858
145463,99.676,89.985855
145458,92.189,94.48349
145460,91.49,93.18333
145459,91.551,93.75
145522,90.876,91.27053
145496,69.536,73.36294
145525,87.881,91.593315
145532,85.088,86.312065
145497,68.609,72.18274
145565,86.793,86.97776
145566,86.253,85.22349
145567,87.057,87.51141
145580,86.817,87.22973
145581,91.754,91.01634
145614,86.931,102.38933
145622,88.948,89.763535
145630,89.429,88.74633
145640,89.304,89.16497
145639,92.74,90.0829
145632,89.375,88.87056
145658,84.468,85.508156
145642,93.007,89.81464
145659,84.596,85.37186
145660,84.396,85.19571
145662,83.904,84.06605
145664,84.075,84.11269
145663,84.494,84.373
145717,86.015,86.781
145743,97.888,98.02417
145998,89.335,88.61014
146276,91.07,90.4847
146277,91.682,91.946075
146296,94.55,95.03946
146321,91.525,96.24056
146377,91.548,89.1485
146415,86.393,86.343185
146416,85.448,86.053085
146414,86.037,87.24307
146417,90.415,87.481705
146508,95.414,95.344086
146599,95.284,96.43191
146600,96.293,97.47563
146601,94.933,97.05082
146714,93.484,94.83366
146739,93.032,94.12633
146817,97.378,97.806175
146842,95.189,94.52513
146870,99.168,100.79811
147071,87.042,86.660034
147128,86.031,86.82529
147226,89.17,89.02214
147225,89.12,89.081215
147228,88.028,87.741776
147227,88.428,88.188835
147230,88.063,87.89825
147229,88.259,87.23275
147240,91.086,91.377335
147259,93.289,95.318825
147276,85.801,85.45669
147312,92.239,93.12227
147325,89.566,87.16031
147364,82.816,83.676155
147362,83.487,82.29314
147363,77.559,76.23639
147365,81.336,82.270935
147366,82.215,81.182106
147405,91.724,91.76138
147416,88.547,87.1324
147423,87.084,87.56399
147367,76.61,77.614334
147368,74.281,74.55788
147485,80.545,82.15593
147481,78.96,79.04052
147484,82.193,82.05101
147586,87.428,87.95635
147603,86.833,87.150696
147640,81.148,82.02704
147809,85.113,85.62732
147825,98.505,98.772964
147799,87.024,84.87039
147828,87.554,87.5965
147826,91.909,91.968094
147800,87.567,84.89893
147795,77.288,79.00652
147840,92.609,91.93547
147847,93.168,91.988106
147855,95.009,95.266754
147884,89.934,90.32607
147927,88.997,89.16425
147926,96.75,96.18492
147963,89.572,90.28453
147955,95.001,93.81219
147970,95.053,93.73375
147983,94.957,94.10823
148057,95.635,97.27103
148070,89.11,90.76034
148073,91.275,91.01099
148080,96.346,97.447876
148098,92.743,90.18762
148099,92.215,91.04385
148110,95.558,97.19189
148118,95.036,94.800705
148121,93.954,93.47919
148156,85.877,85.66363
148155,78.962,81.17319
148144,85.297,84.898544
148196,89.963,92.761986
148217,92.926,94.07969
148232,100.471,96.54454
148252,100.724,98.77796
148284,92.627,91.41432
148387,93.957,97.41077
148433,78.798,81.362206
148434,78.06,80.75599
148436,77.841,78.79225
148437,78.265,79.47148
148484,98.608,98.28601
148479,96.484,98.026306
148528,83.618,83.48035
148497,85.653,84.66697
148518,89.183,90.41976
148627,86.598,89.186745
148672,82.366,83.978096
148674,82.285,83.842285
148673,84.319,83.17399
148677,82.955,84.526
148675,83.087,82.30504
148676,84.688,83.3452
148694,79.409,81.61898
148684,85.461,87.95604
148699,73.025,71.46321
148698,84.007,82.640625
148696,81.768,81.69052
148723,82.2,81.935394
148718,89.598,88.035065
148726,87.16,88.46266
148713,78.347,76.83635
148749,86.162,88.84808
148772,74.818,75.76857
148771,79.131,83.11442
148767,96.265,96.83808
148765,87.678,86.30134
148793,87.138,90.74697
148783,83.864,85.77186
148797,89.927,90.729614
148798,86.175,80.001015
148773,69.149,78.95445
148809,87.746,88.779816
148822,87.725,87.33343
148856,77.712,78.02066
148872,95.286,93.45898
148847,76.743,76.11539
148894,86.423,86.50571
148898,101.924,98.01209
148887,80.08,79.81999
148890,86.087,86.17441
148848,74.898,72.54848
148904,82.244,77.75001
148916,92.724,89.89642
148888,61.723,62.054577
148881,83.063,81.681076
148907,60.194,80.52175
148944,93.312,88.332344
148928,81.076,80.46407
148943,90.787,89.116234
148946,90.22,62.07798
148945,92.927,86.82853
148963,76.19,77.63884
149025,96.352,79.70593
149026,96.526,80.20887
149021,77.605,79.47814
149020,83.374,84.176674
149019,83.294,83.817245
149064,92.082,91.436386
149095,81.777,76.64927
149074,77.314,78.599785
149038,81.447,80.41499
149039,78.196,79.49695
149041,82.599,78.379814
149107,93.003,94.92304
149114,82.899,81.801636
149113,80.995,80.00532
149094,83.634,83.92144
149128,87.873,88.559654
149122,79.975,79.7585
149138,74.962,73.038155
149161,87.35,86.622665
149150,73.362,68.23093
149171,66.476,73.14816
149087,77.777,78.55468
149169,68.548,72.37719
149119,74.027,73.220535
149166,65.089,67.60822
149170,79.083,80.24329
149185,86.16,86.05068
149089,76.191,75.3495
149202,87.519,85.85898
149204,83.748,83.56234
149194,75.409,77.502106
149222,83.089,70.02385
149221,83.694,69.30636
149220,66.527,70.338684
149225,79.543,80.49833
149339,85.324,86.260445
149340,85.412,86.35369
149342,88.763,90.39088
149353,89.289,89.10416
149351,86.758,86.90034
149400,94.604,94.663185
149404,88.332,89.35448
149405,88.598,89.91103
149560,88.442,88.74565
149563,87.498,88.15607
149561,86.508,86.81739
149760,87.897,87.96705
149763,85.175,86.49623
149864,86.382,86.81443
149863,88.259,88.69546
149988,90.388,90.22423
149992,86.317,86.6855
149995,84.248,86.61304
150000,80.048,81.71358
150023,88.253,87.95705
150021,89.704,87.63118
150017,88.269,88.46376
150024,87.72,87.64842
150026,85.934,85.666214
150022,87.076,86.985634
150019,89.2,87.07131
150065,93.989,89.39259
150120,88.35,89.043335
150123,87.524,87.938965
150131,86.537,86.318214
150169,86.6,86.133354
150188,87.06,87.57063
150202,87.876,87.87425
150243,88.143,88.49341
150283,88.434,87.88032
150282,86.008,85.79106
150347,86.605,86.12649
150346,87.974,87.52213
150348,63.97,84.99591
150383,85.794,85.25483
150367,92.182,91.81245
150368,87.694,88.55925
150425,91.225,91.35827
150499,87.486,86.91368
150581,82.914,84.97362
150584,83.806,85.41374
150671,88.07,86.15196
150934,87.567,87.327515
151135,90.079,90.163826
151133,94.281,94.47557
151137,90.955,90.804535
151171,94.691,95.80627
151169,96.267,95.046036
151191,95.297,94.39863
151206,95.407,95.94545
151193,94.501,95.36485
151236,93.655,94.43099
151307,93.864,93.95801
151299,93.609,93.27359
151324,95.548,94.47323
151367,93.746,93.68099
151370,94.485,94.64235
151374,94.242,93.57169
151430,90.854,89.93965
151524,92.514,93.17349
151527,93.992,93.14282
151528,93.398,92.80967
151585,92.312,92.43979
151950,89.155,91.481316
152063,88.385,90.582306
152127,88.066,89.72499
152280,93.31,91.9738
152279,93.06,92.491135
152278,92.764,92.17643
152277,90.517,92.868835
152325,90.634,90.93214
152326,89.968,90.26874
152327,93.602,93.28855
152329,93.938,94.31916
152330,94.208,93.93204
152328,96.74,97.01332
152341,95.747,95.53598
152340,97.085,96.41197
152342,94.944,94.73278
152346,94.952,95.54245
152345,95.205,95.120476
152343,96.253,95.903336
152344,94.74,94.28778
152347,94.491,94.923065
152369,90.348,90.29545
152368,90.892,91.19491
152370,90.109,90.58776
152386,97.473,87.9098
152494,84.026,83.472046
152495,85.483,84.66018
152496,78.507,81.11182
152576,96.405,88.58589
152637,82.594,83.15938
152639,78.761,79.86533
152638,84.235,84.6062
152910,98.599,99.42113
152909,90.259,90.76099
152957,89.225,89.21263
152978,89.077,89.02016
152979,87.554,86.83267
153011,99.214,97.755
153046,99.065,97.98822
153050,100.372,98.3351
153049,86.082,86.32388
153032,84.544,85.06197
153140,86.116,86.01741
153141,87.082,86.557465
153142,87.963,86.7048
153143,88.075,87.75415
153144,83.032,82.78703
153239,83.819,83.91875
153241,88.029,87.06579
153288,88.068,87.62479
153384,86.485,88.26133
153363,87.694,87.50473
153386,88.684,87.998055
153388,88.787,88.37243
153412,87.674,87.847206
153392,87.425,88.15638
153382,86.96,86.5166
153434,89.722,89.466194
153447,89.49,89.367935
153506,88.076,88.00032
153546,88.553,89.42741
153660,89.222,89.1176
153780,82.889,83.44786
153812,82.509,81.15093
153853,85.801,85.91949
153858,88.959,89.15293
154017,100.704,98.7475
154019,91.282,93.089294
154015,87.579,84.07583
154022,92.061,92.919525
154025,91.486,93.26152
154028,94.186,94.81207
154045,91.402,93.1824
154039,97.325,97.30631
154054,91.596,93.23039
154040,97.14,96.65047
154058,89.78,92.05021
154090,88.791,88.37748
154180,88.864,89.464226
154182,88.826,88.25707
154179,85.719,89.1778
154181,85.986,88.08119
154192,87.41,88.04954
154193,90.285,90.68291
154232,84.033,82.47344
154294,82.889,82.40452
154339,82.821,81.74889
154354,82.084,81.49801
154355,82.516,82.75747
154371,80.527,82.37202
154445,82.769,83.55206
154444,85.24,85.2817
154446,84.036,84.35373
154508,94.459,95.902916
154510,94.48,94.159
154618,85.985,86.888596
154616,86.844,87.04368
154619,86.702,87.43619
154617,85.689,85.56416
154784,89.242,89.31094
154786,88.08,90.103584
154790,91.105,89.90884
154788,86.835,89.09867
154799,87.838,89.257935
154801,88.509,87.832794
154796,86.693,87.756355
154805,87.855,86.80019
154879,98.269,98.14099
155066,87.534,88.381165
155045,88.115,88.64296
155072,89.195,89.8929
155130,88.506,88.83693
155137,88.665,89.378914
155134,82.668,83.44921
155156,88.851,89.35379
155186,86.568,85.32957
155195,86.868,86.80747
155203,89.638,90.14765
155202,89.323,88.978485
155277,88.988,89.31346
155337,83.842,84.585846
155336,85.489,86.098564
155413,86.458,86.47632
155414,84.203,85.63778
155418,79.792,80.80044
155430,85.787,87.01411
155478,84.358,83.9595
155497,86.495,86.719666
155487,85.615,86.235596
155535,84.986,85.34744
155550,81.831,82.191605
155564,86.695,86.39531
155561,84.519,85.55404
155598,86.597,86.71821
155603,85.094,85.71326
155635,85.509,85.48158
155657,83.812,84.95432
155666,85.887,86.75971
155807,85.557,85.54889
155804,83.741,83.06692
155805,82.336,84.28858
155806,82.258,84.28203
156089,85.175,84.431404
156128,56.616,72.4177
156287,87.95,88.04645
156344,86.035,85.87172
156343,85.488,85.34618
156687,87.366,85.73386
156741,87.202,86.99452
156845,86.939,87.1413
156888,85.112,85.26478
156890,86.488,86.43276
156895,84.168,85.56899
156915,84.611,83.62679
156883,83.615,84.65723
156949,86.988,87.01411
157012,65.507,85.032135
157141,87.92,88.206665
157320,86.143,85.67556
157387,65.288,67.48339
157430,82.548,80.44856
157436,87.037,85.3991
157489,85.227,86.910255
157543,82.207,81.65243
157546,88.898,86.90544
157588,86.865,86.58456
157595,86.979,88.024635
157675,86.38,86.9443
157702,87.366,87.41157
157726,85.823,82.75381
157747,89.438,88.21928
157821,87.063,73.51292
157861,86.899,88.47903
158122,86.006,86.40926
158169,68.447,77.511185
158245,82.547,81.75637
158250,86.705,85.72691
158260,81.411,83.170265
158441,86.574,85.57149
158519,85.451,85.584885
158608,91.262,91.65406
158609,91.488,92.58425
158627,94.573,93.75464
158637,86.227,87.40254
158655,91.184,91.28945
158660,90.255,94.27436
158647,79.368,80.34184
158734,93.322,95.63374
158733,93.288,93.364334
158778,99.73,97.73706
158832,88.055,87.41805
158931,87.994,88.85025
158935,84.302,84.35949
158955,85.678,86.07704
158990,87.361,87.07768
159040,85.885,86.49735
159086,83.412,85.22393
159112,85.575,86.15098
159151,87.014,87.02524
159317,82.616,82.69545
159430,88.503,89.460236
159478,87.456,88.09211
159540,86.538,86.81591
159550,88.7,88.43738
159607,88.206,87.923836
159660,81.317,81.54726
159666,85.318,85.0819
159667,88.012,87.14004
159675,88.44,88.00143
159701,75.474,77.99053
159812,87.396,87.55487
159871,86.158,86.4735
159872,88.922,89.126045
159891,80.181,81.99943
159892,87.265,88.411995
159910,88.027,88.098236
159916,89.275,88.95326
159928,88.167,86.93224
159950,89.197,88.98511
160071,96.597,96.87084
160088,76.228,79.23343
160089,75.359,79.77388
160287,88.048,87.947815
160339,82.333,85.186615
160470,86.344,86.65207
160462,86.055,86.2587
160579,84.439,86.3225
160591,84.636,85.588196
160593,85.783,85.58017
160626,84.084,86.10608
160636,87.414,87.30621
160682,87.005,87.94554
160727,86.617,87.82293
160718,85.094,82.39418
160763,87.047,87.79091
160845,87.579,88.24839
160887,79.016,77.382164
160944,85.385,85.50938
160938,84.809,84.85187
160977,86.438,86.10294
161033,87.179,87.782265
161032,93.49,93.39079
161048,80.827,82.577354
161103,86.627,85.722565
161204,80.897,80.750175
161216,83.084,87.86167
161214,82.233,86.33524
161219,84.184,85.50311
161232,85.839,85.37593
161233,88.756,88.31865
161254,86.457,86.22449
161255,89.184,88.84988
161253,85.773,85.83764
161343,74.712,77.96314
161342,73.744,77.58253
161344,73.175,78.02377
162012,92.817,91.73544
162035,86.573,87.05551
162033,89.54,89.94308
162272,97.153,89.67849
162275,62.186,87.33129
162271,86.362,89.31938
162274,94.651,91.09328
162425,82.896,84.487724
162426,83.031,83.77289
162537,93.112,93.29113
162636,86.615,86.77667
162649,82.923,82.91207
162656,85.713,86.00065
162675,84.563,85.71621
162690,85.114,85.412056
162894,89.558,88.25207
162895,87.952,89.04901
162908,91.148,90.52431
162990,91.346,91.93907
162986,92.166,90.6791
163243,88.775,88.300224
163308,87.496,88.04318
163454,84.434,83.828514
163455,86.477,84.9066
163458,84.594,83.722435
163470,87.059,87.66183
163473,88.417,87.78784
163487,86.156,86.686775
163696,89.477,89.09288
163695,86.137,85.85342
163758,93.33,93.219734
163996,97.656,97.27339
164036,89.165,88.74519
164028,86.52,88.10842
164048,89.278,89.410095
164056,85.3,87.38413
164656,93.081,95.04351
164665,94.965,95.089615
165842,89.575,89.57222
167021,89.775,89.049
167022,89.956,90.15105
167020,89.811,90.20269
167054,87.764,88.164696
167053,100.627,91.91967
167055,89.553,90.312996
167083,75.046,69.28448
167080,76.738,73.39845
170692,75.054,76.51178
170698,87.203,86.95728
170730,98.197,97.93031
170739,98.108,98.648125
170762,99.323,97.20905
170764,97.721,95.84581
170735,97.507,97.911194
170905,83.951,84.193146
170903,80.296,81.40883
170881,82.945,85.604416
171008,97.683,89.028114
170999,63.317,84.28696
171062,92.302,94.40199
171057,79.382,82.79742
171079,92.377,91.89756
171165,89.061,89.20177
171239,90.124,90.525246
171296,84.074,81.66036
171306,79.25,80.01867
171303,81.524,81.620384
171373,89.664,85.648926
171315,81.895,82.268196
171428,95.719,96.591995
171452,85.994,86.21884
171462,87.522,87.97395
171453,84.464,81.813675
171449,82.322,80.81365
171460,80.321,84.78967
171382,72.685,71.83497
171506,79.169,81.94725
171510,78.371,81.54274
171536,89.959,86.365425
171567,82.938,85.26835
171570,81.088,79.97408
171597,90.315,90.80085
171550,72.089,74.06741
171575,83.686,83.6115
171696,95.43,95.28964
171708,92.384,93.1102
171709,92.334,92.54701
171748,98.048,97.37645
171756,97.94,98.71184
171759,97.773,97.36214
171758,97.56,97.80907
171785,70.604,72.81095
172057,77.645,80.80592
172077,76.749,78.996254
172070,90.341,89.89433
172064,82.61,84.18925
172086,83.161,80.803154
172074,88.707,88.52451
172073,89.734,89.436165
172104,92.55,92.61436
172113,93.193,92.84105
172124,93.353,93.64512
172115,92.787,92.28718
172095,93.303,85.972145
175327,89.555,88.10703
175373,99.91,100.162415
175365,88.633,89.944824
175363,93.528,92.27173
175364,86.751,87.364944
175367,91.959,92.65988
175369,97.904,97.74726
175368,98.269,97.95838
175475,86.944,88.20464
175486,92.6,92.11638
175503,93.531,94.200584
175527,99.108,96.64787
175529,93.569,91.79499
175541,91.252,92.2979
175568,93.361,92.74655
175601,93.865,93.72024
175777,92.157,94.58204
175803,95.166,93.37808
176238,90.731,90.65989
176342,89.022,91.31832
176475,92.904,92.1925
176474,93.902,94.069466
176529,95.413,91.31342
176523,87.617,89.64624
177128,70.95,74.29204
177124,73.37,73.63492
177156,87.241,86.2812
177168,77.436,79.84464
177170,78.819,82.01073
177398,80.923,78.52439
177382,80.876,83.518394
177402,89.766,87.0917
177404,89.551,87.061615
177403,89.478,86.75232
177395,79.947,81.1078
177405,79.036,77.73651
177437,83.838,84.40441
177436,83.329,85.1486
177491,81.135,81.10441
177430,77.248,78.54192
177521,75.35,74.20787
177549,89.997,89.10332
177490,71.531,73.34144
178328,70.454,72.853806
178330,64.873,67.45547
178356,78.68,79.59154
178362,84.577,85.40599
178377,81.821,81.617165
178361,78.813,80.1079
178380,81.404,80.9817
178372,77.023,80.28253
178427,84.1,84.872505
178419,91.625,87.3757
178418,89.497,89.63759
178420,88.152,88.82416
178435,92.953,90.51927
178417,88.57,88.23506
178453,92.34,91.32597
178476,81.142,81.20752
178496,77.945,79.038315
178533,79.504,79.013565
178512,83.565,74.65669
181197,85.098,87.1988
181297,81.75,84.14842
181298,81.908,82.61279
181288,92.472,88.461624
181305,96.499,95.85837
181303,87.038,93.07087
181316,97.728,97.214096
181313,87.183,86.860596
181350,93.459,95.02569
181347,92.634,92.66181
181318,78.322,79.47947
181565,79.458,86.55112
181568,79.268,86.00517
181567,79.299,86.885666
181618,93.75,94.236145
181605,73.878,75.141014
181650,113.822,87.89111
181717,95.443,94.81202
181722,95.231,95.21857
181716,92.966,91.82692
181714,91.622,93.16472
181762,87.804,93.17921
181740,80.34,79.0607
181767,87.659,90.26056
181786,82.434,83.81525
181787,80.466,71.348946
181785,73.676,68.489456
181819,86.147,89.25056
181830,78.282,78.74451
181814,82.649,81.27178
181803,75.482,74.96446
181833,80.839,80.87618
181856,86.206,84.13709
181858,85.737,85.34614
181859,82.338,82.743416
181870,86.317,87.25014
181882,86.726,87.615234
181848,78.684,81.88759
181864,81.07,82.572685
181876,79.797,80.41531
181854,77.95,75.94219
181912,79.214,79.413956
181928,94.814,94.7179
181929,86.229,88.06766
181942,91.326,91.50537
181953,89.256,88.67953
181961,78.271,80.89974
181970,71.952,77.97673
181977,86.313,69.09865
181978,91.352,89.9462
181984,83.394,80.424644
181991,85.007,83.12307
181940,76.828,77.26073
181968,80.064,81.837074
181956,71.795,74.78604
181983,78.754,78.51935
182011,92.688,91.33159
182037,87.872,87.517
182034,88.183,88.5839
181996,58.207,60.393707
182025,71.674,73.34484
182077,95.572,94.962776
182051,77.567,76.308266
182060,76.136,76.11693
182050,78.152,78.1908
182082,83.135,87.06056
182086,75.906,79.5097
182138,87.849,88.631935
182148,85.131,84.891136
182162,82.364,89.66916
182145,77.178,77.69693
182116,80.531,78.387955
182191,96.272,96.673096
182151,77.77,75.490585
182174,83.757,84.0173
182152,75.268,72.778175
182188,94.782,94.29227
182198,98.702,91.989716
182176,65.62,66.98343
182201,94.884,93.39161
182205,99.649,94.52256
182220,92.702,90.7189
182221,80.601,75.23224
182228,98.212,96.37122
182217,92.411,89.135284
182218,92.861,88.050285
182215,90.72,86.84337
182238,82.963,97.0988
182260,92.838,92.389404
182245,82.675,81.50185
182203,74.82,77.57216
182241,72.452,72.85941
182282,72.34,69.87695
182272,75.868,76.70237
182271,86.3,84.35621
182331,94.341,93.69757
182264,78.161,81.539
182391,89.881,89.57927
182267,73.277,70.46492
182262,76.355,79.75856
182534,97.395,94.19421
182520,85.344,85.44319
182523,89.115,88.91604
182511,79.116,79.49016
182539,95.947,94.97942
182559,95.87,90.34779
182538,90.699,85.99266
182537,76.27,77.14565
182521,67.388,66.93648
182568,81.206,97.786
182579,80.709,73.90887
182530,77.9,79.05376
182541,74.999,74.65855
182657,95.812,96.16323
182664,81.746,82.11893
182654,88.18,90.05275
182678,91.907,90.24252
182699,91.335,90.34546
182687,88.484,87.52966
182683,83.974,83.145424
182718,81.516,83.150826
182688,75.382,72.17717
182701,79.227,79.30003
182743,92.821,84.90875
182749,89.267,88.68651
182690,74.584,76.992325
182745,60.435,69.61192
182746,69.919,75.62719
182728,82.13,81.81606
182763,79.173,80.80134
182773,76.861,77.12481
182776,76.635,77.37862
182767,75.843,78.07203
182795,80.376,80.94457
182790,80.592,80.172264
182818,92.733,94.195274
182803,90.714,91.939316
182814,81.536,80.08553
182837,82.357,82.060715
182842,88.081,87.55356
182857,75.711,76.75401
182810,63.817,73.84893
182856,75.196,75.15841
182830,71.138,68.854294
182874,91.082,89.64921
182862,81.536,73.82865
182867,74.794,66.84264
182890,87.061,85.13196
182877,77.738,80.84464
182913,90.759,91.15767
182896,65.672,68.300125
182924,81.783,81.931046
182944,86.471,88.28386
182940,88.397,83.0811
182933,73.393,74.692276
182917,69.188,69.53973
182961,83.77,83.93128
182960,81.395,82.32808
182950,68.912,68.516426
182976,91.016,93.79263
182938,77.445,82.28501
182955,81.689,82.33041
182975,77.921,75.44994
182936,80.065,79.62305
182978,64.749,76.6534
182989,86.499,86.623085
182962,75.633,74.414185
182974,81.857,78.535805
182982,65.746,68.6255
183018,88.358,87.29349
183022,83.043,82.23821
183021,74.942,75.685455
183044,87.459,89.003426
183015,77.826,81.83326
183040,73.69,72.3926
183078,91.936,91.95359
183069,81.983,81.256615
183100,88.375,88.11731
183047,73.42,71.02414
183119,93.225,94.721146
183115,82.37,80.87946
183114,68.777,77.730385
183126,76.401,83.399826
183116,85.298,83.76717
183185,90.914,92.10022
183191,89.956,89.18902
183192,87.219,91.760254
183186,84.03,85.56319
183187,85.354,86.21986
183216,96.35,96.5822
183213,91.112,89.9163
183202,83.085,83.30624
183241,94.166,94.81484
183236,87.983,87.84477
183222,92.26,92.314766
183203,78.453,77.05051
183673,85.715,87.18384
183734,77.277,77.566734
183789,86.792,87.600845
183732,83.391,84.42328
183820,86.549,85.74125
183824,77.181,79.31892
183826,90.515,91.354935
183864,87.971,88.20483
183894,81.7,81.684746
183943,84.902,85.28749
183940,80.427,81.562874
183990,82.907,84.87861
184010,89.444,87.205864
184017,85.055,86.48665
184057,91.691,91.87001
184069,80.485,80.63449
184090,98.94,97.9896
184133,87.805,87.40753
184135,90.714,90.40744
184134,87.159,87.82004
184157,83.396,82.971886
184154,83.667,84.07564
184158,86.118,87.12334
184232,88.157,87.223114
184362,91.53,93.66625
184336,87.222,86.973015
184384,84.261,84.828545
184414,86.308,87.80418
184416,79.983,80.21626
184455,94.107,94.49455
184432,79.164,79.82948
184470,97.894,97.32887
184569,94.809,96.066574
184575,92.258,92.839386
184578,95.557,94.69104
184595,101.446,99.96332
184594,101.333,100.47723
184611,96.661,96.8344
184608,93.411,95.991165
184618,94.98,96.48016
184661,100.189,100.66811
184683,98.521,96.09379
184736,88.16,87.2167
184809,94.864,91.25641
184862,87.765,88.063286
184868,89.382,91.179375
184991,90.117,91.15329
185029,96.722,96.87017
185139,94.341,92.86191
185181,88.776,90.04592
185221,97.033,92.86198
185307,91.583,90.78187
185327,88.231,87.86175
185329,98.445,92.42581
185371,95.634,94.72279
185428,90.579,90.48949
185469,87.302,88.977905
185544,86.758,87.43395
185541,89.237,93.58907
185563,100.935,100.61777
185656,93.627,93.96837
185657,93.687,91.98657
185775,79.751,80.139046
185774,85.253,90.76389
185805,100.511,100.61754
185966,90.999,93.01703
186003,82.984,88.0891
186085,85.018,85.02627
186096,96.008,95.27697
186100,82.879,88.48293
186153,96.106,97.1498
186177,95.15,94.58967
186309,94.863,92.46824
186342,83.128,83.04682
186357,100.745,100.59567
186440,93.883,95.626465
186435,84.487,84.35265
186577,98.295,98.14647
186567,91.657,90.79325
186637,80.703,81.05283
186660,93.675,91.3511
186663,89.236,89.06911
186643,84.887,80.51989
186648,72.884,76.91788
186665,89.261,88.41646
186652,73.391,76.26729
186650,77.092,78.519
186677,79.579,79.26093
186703,69.956,65.87692
186717,69.867,67.55781
186705,72.212,71.67721
186715,68.305,68.573975
186731,70.631,69.07674
186729,69.815,67.18359
186727,68.802,63.11036
186712,69.255,67.150375
186730,69.494,65.606255
186739,69.749,65.15969
186743,71.599,66.428635
186735,66.974,65.054184
186747,70.492,69.10621
186763,90.116,88.70426
186764,90.717,87.681625
186744,67.199,66.82375
186753,70.897,69.3094
186998,80.502,79.13324
186994,83.893,81.80551
187004,84.569,84.99044
187000,56.532,59.80356
187002,84.924,86.12573
187035,67.8,64.91278
187045,88.234,84.39114
187013,73.408,74.576706
187025,59.793,66.833725
187052,83.136,83.306595
187047,67.995,64.66108
187083,81.127,80.789345
187100,92.615,92.169365
187230,93.737,94.7533
187206,83.879,84.60213
187261,70.281,70.88473
187314,98.511,97.821045
187320,97.794,99.3713
187319,95.137,95.728096
187357,99.75,100.73283
187388,99.17,99.02406
187378,97.732,98.949234
187385,100.352,100.12967
187475,75.143,77.33797
187476,79.055,78.603516
187477,73.699,76.78235
187529,94.893,75.692116
187526,69.435,67.771805
187522,66.678,74.56357
187533,80.848,82.2533
187534,80.714,83.07133
187531,77.293,79.997986
187530,74.62,73.60206
187543,75.401,87.91437
187536,66.305,76.527374
187547,81.653,83.650696
187548,80.804,84.26906
187540,67.47,69.11536
187545,79.808,84.145195
187544,75.251,77.93129
187588,84.809,85.80538
187596,85.64,86.24235
187602,85.392,85.89756
187644,81.835,81.2478
187664,89.502,87.065674
187672,88.062,88.21901
187700,86.424,85.899605
187686,86.961,86.75079
187755,82.88,81.67444
187743,84.786,85.62729
187763,84.006,83.07924
187736,85.173,85.89626
187764,90.366,88.217995
187771,78.572,79.57659
187798,84.519,85.932724
187796,85.055,84.90492
187813,90.069,87.76775
187873,88.344,87.736145
187841,79.383,80.85962
187884,87.72,87.7021
187830,77.426,79.61214
187915,88.841,88.701355
187902,84.812,85.552345
187896,89.549,88.18643
187946,87.193,87.13892
187968,89.31,89.32919
188000,85.123,86.71973
187931,78.1,78.17192
187972,80.824,82.29758
188011,86.127,86.23946
188010,87.064,87.059235
188026,88.687,88.460045
188023,81.338,80.22079
188027,86.522,87.0216
188001,84.973,85.48692
188025,82.172,82.1409
188080,90.124,88.759056
188057,77.692,80.78675
188094,89.218,88.9743
188072,79.63,79.57316
188119,87.588,87.97901
188102,83.015,84.62122
188107,83.777,84.78024
188127,87.963,87.32021
188147,87.461,87.377106
188133,79.608,79.841095
188120,83.93,84.74122
188079,80.919,80.58644
188149,86.213,86.67238
188177,89.141,90.69416
188192,85.578,86.44105
188179,81.174,79.663506
188218,90.702,88.51808
188215,87.978,88.67009
188224,85.408,85.043976
188229,85.897,85.87166
188222,86.352,87.00829
188221,82.438,81.485664
188226,87.777,82.901505
188257,87.002,87.14354
188214,78.135,78.887375
188262,88.704,88.85907
188241,83.386,84.154335
188251,81.515,82.561264
188281,82.09,80.98562
188308,91.809,88.424255
188323,85.922,86.75381
188347,77.68,78.174545
188370,89.938,89.10326
188371,86.092,86.54152
188362,84.436,85.37908
188368,86.26,86.803566
188393,85.372,84.17292
188357,84.471,85.31888
188369,84.528,85.916084
188396,84.529,86.025734
188400,88.061,89.15915
188429,83.001,83.55557
188430,83.584,84.01593
188445,89.327,86.89868
188500,84.703,85.82378
188534,85.727,86.25579
188599,87.301,87.02754
188595,87.66,88.13195
188608,84.339,85.02371
188652,83.731,85.13151
188661,82.086,82.15701
188672,80.364,80.15776
188680,76.996,79.401665
188681,79.537,83.32502
188705,94.073,94.88217
188682,79.404,81.19422
188698,76.243,78.43222
188699,80.326,77.804474
188700,80.261,78.116425
188908,72.017,72.57342
188920,69.824,70.60704
189172,87.254,87.61555
189176,81.192,75.844925
189186,80.154,79.34439
189170,65.852,64.355095
189295,71.081,72.11669
189319,74.814,74.856285
189331,74.701,74.090065
190092,89.787,89.37716
190090,68.263,72.31562
190091,67.313,72.31562
190158,73.454,75.360504
190954,74.55,75.36
191146,82.552,82.62578
191170,85.59,83.12151
191194,82.255,80.83696
191218,83.921,84.52439
191242,81.947,80.31173
191266,79.682,76.89699
191313,84.639,84.459785
191595,93.452,93.65868
191592,93.662,93.37292
191587,92.167,91.94721
191599,87.702,88.07398
191585,91.35,92.01772
191596,85.809,87.81105
191597,85.494,87.28444
191598,83.977,82.703575
191620,93.637,92.96124
191668,96.331,93.763824
191690,80.609,82.36062
191688,81.361,84.07259
191689,80.862,82.83169
191708,82.077,82.94599
194836,58.802,85.9004
194828,81.153,82.63665
195057,78.037,75.53383
195424,68.466,70.15077
195448,73.621,73.11942
195648,84.175,84.49262
195658,80.455,79.58917
195671,86.538,83.89226
195670,82.871,82.70182
195687,76.296,75.13793
195700,78.776,80.55783
195674,68.472,65.6354
195685,75.335,76.642586
195702,79.03,79.8423
195686,73.842,75.53031
195701,80.672,79.72751
195711,81.34,81.974525
195708,81.776,82.984505
195710,84.663,83.08485
195707,79.73,84.08209
195709,81.571,83.55321
195725,90.371,89.38634
195727,89.872,88.0067
195706,82.352,84.4233
195733,88.616,88.550964
195738,88.437,89.555405
195747,88.546,87.26153
195739,90.395,88.26327
195720,77.627,83.48035
195744,75.104,77.04683
195847,89.832,90.34015
196274,87.423,87.73622
196285,85.581,85.35095
196385,83.793,83.26792
196409,87.286,87.54152
196461,77.001,78.28378
196581,82.069,80.596085
196577,83.846,84.90856
196582,85.841,86.3279
196584,77.574,78.90069
196690,83.244,84.00406
196687,77.534,76.81562
196688,83.381,82.80371
196787,79.569,80.97094
196727,70.296,71.088135
196836,79.059,81.143166
196839,75.279,77.827484
196899,81.557,81.71647
196904,83.234,83.79404
196903,77.564,77.247894
196924,78.966,78.4758
196943,68.969,71.29465
197125,87.612,84.44935
197146,81.411,82.33601
197147,84.379,84.8842
197148,80.621,81.76323
197122,71.899,71.928375
197124,72.967,73.79719
197123,74.799,75.89711
197163,72.311,73.496475
197161,71.518,71.80258
197324,89.738,89.838394
197328,87.029,88.870926
197332,85.955,81.36027
197329,87.107,88.612595
197361,85.978,86.39762
197377,87.078,88.62006
197386,86.785,87.48063
197387,85.625,87.01122
197392,89.635,89.24635
197398,78.784,77.51932
197382,76.54,77.35641
197381,84.026,84.43296
197340,73.811,78.8382
197549,89.942,89.707596
197864,95.821,97.36444
198024,95.735,94.855194
198055,93.176,93.31689
198168,79.827,79.65831
198165,76.065,76.74524
198264,93.246,93.82062
198276,84.928,77.786705
198354,97.386,97.18106
198398,80.091,80.08064
198401,75.898,77.88496
198506,76.68,77.41416
198569,73.446,70.506996
198562,90.025,91.499916
198581,87.744,85.997765
198617,91.038,88.60602
198602,88.617,87.94139
198603,90.845,89.53079
198609,87.363,87.749054
198637,89.759,88.797585
198630,79.479,78.65716
198640,90.592,90.97792
198650,86.875,89.193054
198635,84.835,86.686386
198671,92.045,90.04109
198684,85.198,84.91093
198697,79.812,80.167076
198698,97.262,84.85129
198710,94.756,95.90436
198678,90.13,88.70553
198688,81.605,86.25782
198646,81.068,83.79881
198719,85.15,82.583206
198720,76.506,76.20845
198733,80.95,78.422066
198735,88.465,87.90772
198732,82.263,83.229614
198729,78.999,78.773186
198752,88.989,71.213715
198760,85.831,83.6249
198734,77.356,75.63797
198775,86.043,86.343285
198778,85.233,85.09636
198783,84.848,85.872345
198757,65.045,70.41735
198753,77.034,78.647
198712,83.51,79.023605
198745,82.886,76.65973
198846,89.31,88.301384
198866,59.225,65.61536
198882,93.93,93.75216
198879,89.714,89.54185
198892,91.306,93.082436
198888,97.511,96.78978
198884,70.388,71.63861
198874,83.101,82.74417
198880,69.901,70.41565
198943,89.159,89.72502
198942,88.694,88.70037
198954,87.39,87.9784
198998,96.033,93.29832
199015,91.636,89.66242
199039,80.493,81.89094
199014,90.486,88.906975
199064,75.362,78.62463
199074,73.773,76.66423
199077,85.316,86.220894
199140,90.38,85.97434
199133,68.556,70.389694
199145,70.15,69.57218
199162,71.27,72.52818
199181,74.376,75.55869
199173,64.722,67.13754
199214,78.608,78.74799
199217,77.006,76.85026
199227,86.916,86.791016
199223,81.548,81.28501
199245,96.85,92.44464
199246,96.71,94.64661
199278,80.741,79.722786
199274,85.122,85.48449
199285,82.282,81.49838
199273,84.918,86.567215
199277,84.666,79.34895
199379,78.872,75.47536
199405,80.461,83.27045
199397,85.808,87.01539
199375,79.834,82.25594
199414,79.008,80.644745
199430,97.559,96.44419
199455,80.04,78.939384
199409,73.598,79.04513
199492,82.228,82.13817
199475,65.453,71.632164
199520,86.709,87.463036
199534,82.782,80.75832
199548,58.899,67.93255
199579,86.446,86.52552
199571,87.707,87.76395
199620,84.604,87.32094
199613,76.991,77.78702
199630,81.59,83.16544
199638,73.718,71.45807
199635,80.544,82.9273
199632,57.747,78.87073
199654,80.033,79.83637
199684,76.798,76.15995
199649,70.917,74.03151
199659,84.129,85.17368
199689,72.549,75.1259
199695,80.91,81.953
199673,79.14,82.341484
199721,98.841,97.09177
199715,76.564,86.97754
199713,89.032,87.30174
199709,83.111,80.72316
199752,77.463,84.610664
199727,85.751,83.50879
199699,77.414,76.776825
199737,76.315,76.435715
199768,87.66,85.900665
199772,92.247,84.091324
199784,91.835,89.570076
199735,73.892,74.162476
199783,63.8,67.08325
199728,77.245,74.75402
199785,82.557,83.95515
199763,76.478,79.22133
199765,71.775,72.51393
199766,76.523,76.58994
199738,73.751,72.90409
199739,73.635,73.76108
199822,76.658,73.71455
199826,68.58,69.50101
199817,79.198,77.26529
199813,76.488,75.490036
199815,77.462,78.42259
199824,81.075,78.57912
199843,80.801,81.98174
199853,74.415,74.54512
199863,79.604,80.69314
199819,69.803,72.78248
199876,83.433,77.05689
199887,79.766,81.327225
199872,80.383,80.50645
199884,73.151,77.33244
199911,91.661,90.18864
199888,59.91,63.208687
199890,73.996,73.45085
199926,89.24,87.87836
199913,84.433,84.02464
199919,80.654,79.8889
199928,71.588,69.40821
199932,71.549,66.631226
199934,75.732,76.64785
199936,77.736,79.70349
199917,81.8,81.92997
199930,77.776,77.78965
199929,56.753,81.109215
199931,75.143,74.91278
199956,83.814,82.646645
199943,75.683,77.10748
199949,75.199,76.42424
199950,80.996,81.64289
199915,79.068,80.701004
199978,80.117,82.01605
199966,79.938,79.89018
199986,77.409,58.011803
199964,97.804,105.557
200018,94.98,96.503815
200015,66.399,65.91418
200029,89.947,88.78635
200043,94.583,104.17955
200057,71.541,73.279976
200059,92.946,94.04841
200040,73.604,74.300514
200074,89.157,89.03762
200077,100.989,102.07669
200090,74.946,80.50618
200098,89.556,91.118484
200093,92.084,91.99897
200099,91.065,90.81901
200103,86.674,88.37397
200112,92.827,93.05813
200118,93.894,93.638824
200129,93.926,94.23475
200124,91.663,91.58575
200126,90.511,91.769455
200127,90.969,92.23706
200155,83.934,82.56861
200145,83.821,83.64471
200183,81.06,81.03168
200180,85.258,74.78104
200221,83.137,83.90034
200213,91.393,92.26766
200279,91.626,91.259186
200331,92.506,93.55415
200320,81.92,83.24596
200321,80.5,80.85922
200355,84.703,86.113884
200365,89.518,83.095955
200373,93.151,90.411446
200389,83.838,83.79806
200413,80.12,79.84358
200429,79.94,78.39181
200435,101.522,97.00882
200439,86.954,88.055695
200426,89.646,89.60736
200512,96.882,94.96292
200515,96.582,95.23926
200545,89.207,87.80896
200534,68.426,80.03456
200563,97.965,97.122765
200584,83.923,85.015396
200612,87.507,85.769646
200596,90.138,91.16579
200616,86.187,84.95852
200613,88.596,87.53965
200614,84.866,84.71886
200638,90.044,90.63474
200645,80.035,76.84303
200660,90.849,92.59007
200678,91.802,70.90178
200700,86.125,83.99181
200676,89.656,90.083984
200697,70.636,78.35541
200717,79.982,78.12449
200701,70.943,78.41658
200711,79.229,80.86202
200742,89.406,87.48397
200744,90.467,93.178795
200732,90.528,88.80835
200770,94.943,94.63967
200719,67.817,65.089615
200776,81.229,76.16441
200777,88.091,88.832794
200749,72.971,76.58774
200784,93.989,93.12409
200787,86.593,84.99698
200768,79.522,82.015114
200779,86.388,92.16796
200799,88.066,89.72852
200805,89.334,90.53551
200832,79.39,88.34911
200841,79.89,77.83942
200869,94.031,85.874084
200865,59.408,88.94415
200871,94.182,94.81757
200875,75.986,70.667175
200882,93.717,94.12084
200842,81.238,81.29329
200888,62.696,63.452667
200879,88.67,85.20932
200910,71.091,70.349236
200845,77.592,76.69147
200846,65.741,66.28166
200889,70.264,68.215416
200962,91.701,92.013214
200965,87.139,93.4077
200991,83.365,81.996994
200989,89.344,87.97541
200937,75.651,79.10153
200890,71.982,75.06322
200999,86.413,85.07528
200982,80.084,82.71579
201025,70.373,70.38596
201006,84.826,85.44125
201040,89.225,88.18076
201053,78.881,80.796646
201047,91.111,89.97041
201009,108.564,99.095955
201048,90.174,90.222336
201074,90.812,89.777
201067,86.073,85.46006
201080,80.45,80.143654
201090,72.511,77.261314
201008,81.875,83.211365
201072,70.031,75.73601
201096,71.145,72.33156
201110,84.98,84.10211
201155,88.239,90.03416
201151,80.598,78.184906
201094,67.481,63.445286
201166,83.736,82.31389
201135,64.567,64.71934
201095,78.742,79.47724
201192,83.636,86.20131
201184,85.303,85.99658
201194,86.281,86.6649
201171,78.718,77.474236
201116,64.838,70.13965
201212,85.308,86.62202
201218,84.878,87.46528
201200,88.201,84.61465
201204,84.886,85.91427
201268,90.568,89.863976
201273,85.086,84.86683
201279,88.995,90.194435
201267,83.112,84.138374
201295,66.111,64.763214
201296,88.132,89.25598
201298,81.11,80.96522
201307,91.695,91.13887
201335,76.77,77.295235
201342,92.549,91.19552
201326,63.357,67.94887
201302,78.17,76.674034
201357,95.297,96.17285
201322,86.286,87.032295
201352,87.271,87.455215
201376,92.292,88.45119
201282,71.918,69.67806
201338,75.361,75.72556
201383,84.578,81.68164
201396,90.666,87.29221
201408,91.681,92.41565
201404,95.324,90.18335
201375,74.177,74.90572
201410,93.154,94.64465
201393,80.948,79.12828
201436,92.215,91.33076
201417,87.078,83.40687
201442,93.665,94.15763
201449,83.316,83.49799
201452,75.168,74.93927
201406,81.493,78.26005
201479,85.569,85.188484
201475,79.429,79.82944
201454,77.719,79.73497
201524,82.253,79.78254
201549,85.322,85.57284
201559,86.519,86.78669
201550,89.868,87.26117
201565,89.115,91.45348
201545,82.518,82.7798
201578,82.89,84.82319
201507,81.289,84.29961
201591,84.483,86.15432
201527,78.953,77.30056
201624,104.897,98.63599
201625,95.006,95.2503
201640,81.278,80.81583
201646,90.042,89.35598
201629,91.746,88.941925
201632,81.308,78.47353
201681,92.611,78.87798
201668,80.96,80.98212
201691,96.007,95.94582
201696,80.729,86.04113
201679,65.51,66.11145
201698,78.81,78.288376
201733,88.282,88.66863
201704,65.812,67.76146
201738,77.98,78.0287
201743,94.349,93.398026
201746,91.096,90.66655
201745,94.111,92.65988
201741,56.413,59.29222
201793,90.669,89.30247
201775,87.242,82.10759
201794,80.489,85.56551
201805,90.793,91.46066
201720,83.597,84.661064
201832,90.755,86.34087
201840,91.155,92.48569
201839,77.928,75.692024
201861,95.556,96.46514
201826,86.496,87.048035
201836,71.754,74.6614
201877,89.129,88.97307
201892,90.652,90.90455
201885,86.868,90.88746
201886,66.194,81.113754
201850,74.162,75.41393
201901,92.982,87.88149
201898,92.466,93.151276
201873,87.772,87.58937
201923,69.998,75.33482
201939,92.244,93.24432
201940,91.077,91.918045
201935,93.988,93.32227
201953,70.507,71.43491
201987,90.238,86.78154
201984,87.497,86.04028
201866,78.244,78.60469
202008,90.54,89.71957
201979,84.411,85.59839
201980,83.605,85.00402
202023,94.107,94.12108
202034,89.538,89.01943
202027,87.483,87.36059
202021,82.793,59.462746
202059,71.598,74.44482
202052,91.564,91.5781
202081,80.534,81.82238
202075,69.077,68.51625
202073,93.054,92.12087
202087,69.755,71.766335
202017,73.591,73.86672
202095,81.918,83.2667
202106,88.706,88.88169
202097,82.616,84.41394
202133,98.769,98.12047
202128,96.141,95.12394
202125,89.08,89.369606
202129,91.839,92.07238
202154,92.984,95.965935
202145,92.095,92.71845
202141,99.332,92.78907
202160,89.531,91.09524
202182,101.809,103.5151
202158,93.162,90.83996
202162,88.243,89.95489
202195,85.649,86.3391
202196,83.114,85.04914
202198,85.278,86.47019
202186,77.744,78.090416
202215,90.725,91.455635
202208,87.984,82.865906
202163,87.801,88.57085
202234,93.39,92.78411
202201,88.246,88.40755
202250,96.46,97.36601
202256,101.227,100.03474
202258,83.8,87.681244
202263,93.095,92.717026
202223,85.927,91.15784
202267,94.389,95.39756
202268,92.866,95.29247
202262,82.604,78.63882
202212,82.111,82.09807
202286,92.521,90.676674
202294,79.581,79.6544
202281,85.773,88.31712
202260,79.924,82.35415
202282,86.108,87.21013
202283,86.546,88.20792
202309,81.643,82.56394
202298,86.828,85.94626
202306,77.504,81.02893
202307,88.231,89.62018
202337,85.768,85.80813
202352,78.199,78.83199
202345,90.033,89.66407
202277,77.349,70.56038
202368,86.328,84.548454
202367,103.666,94.25882
202365,80.581,81.4223
202386,96.065,92.151764
202369,83.037,87.49393
202398,92.984,92.02338
202370,81.534,88.02425
202393,82.365,82.75205
202436,60.634,93.73604
202435,95.853,91.25849
202456,81.551,89.01924
202466,77.867,75.442024
202470,77.066,74.591545
202471,76.595,75.26573
202473,74.707,69.65779
202529,87.216,106.91464
202518,74.696,75.95296
202561,80.263,75.58672
202569,93.595,92.83749
202541,80.665,78.745224
202578,84.597,85.86778
202575,80.725,80.06054
202542,74.836,76.388336
202591,89.331,88.37206
202579,86.285,85.71966
202581,82.48,86.23502
202576,87.041,82.021866
202564,79.239,78.91877
202610,90.658,89.98027
202600,91.229,93.150345
202627,85.422,85.09251
202631,93.221,91.1371
202622,90.452,90.0793
202633,62.18,62.703728
202624,81.048,72.91849
202664,67.356,68.26075
202665,81.864,80.45754
202662,79.557,80.927124
202663,63.961,71.22303
202657,77.403,76.925835
202700,94.788,95.67904
202659,74.541,74.6189
202676,77.257,80.27425
202685,83.773,83.91431
202699,88.114,88.66854
202712,75.208,92.32826
202691,84.208,85.489944
202731,96.209,94.23998
202726,84.614,84.84704
202722,87.148,88.42575
202721,84.89,89.2263
202746,89.951,90.88398
202751,84.431,83.876175
202763,88.036,88.44317
202749,84.103,77.68694
202761,87.32,87.53466
202724,81.931,80.128204
202781,86.38,85.64617
202808,83.715,84.798904
202745,78.575,83.48035
202824,86.466,83.983604
202874,82.91,83.73731
202869,70.607,74.59999
202871,92.18,95.13938
202868,67.094,74.02285
202886,79.707,80.61691
202894,84.111,84.63864
202864,78.269,75.18866
202906,86.295,86.276146
202902,95.329,80.85855
202918,90.214,88.041245
202913,89.947,89.4278
202910,77.621,77.56856
202909,78.114,79.30884
202951,81.975,82.11058
202978,95.467,94.23542
202890,79.856,79.37241
202996,93.192,94.05563
202998,88.424,85.65634
202989,85.28,83.6537
203016,92.955,92.36763
203018,90.795,92.55757
203014,88.17,88.76707
202990,85.79,85.765724
202880,81.176,82.33243
203043,95.31,93.89354
203004,81.153,77.255356
203079,94.627,94.733925
203060,94.668,94.10198
203137,90.167,89.5751
203119,83.484,83.69894
203155,86.397,87.22814
203138,65.044,75.40901
203163,89.462,89.663506
203174,80.868,78.855194
203176,88.94,89.63387
203184,89.108,96.694496
203279,75.726,79.63773
203305,80.991,79.0539
203306,79.864,77.96223
203317,88.999,89.49719
203263,81.527,81.65095
203329,93.883,94.31998
203326,85.944,86.35882
203319,87.754,87.97029
203350,88.684,88.74687
203310,74.642,77.20263
203351,89.158,89.65863
203348,85.405,84.20682
203354,79.839,80.986725
203355,102.401,77.2244
203381,89.54,66.807236
203373,77.946,76.499405
203341,90.663,86.626366
203394,63.699,74.38529
203417,92.424,92.62986
203340,91.672,87.16925
203418,86.986,86.98252
203447,78.789,81.90117
203437,69.832,71.48671
203459,85.124,87.452835
203464,91.634,92.94799
203472,82.277,81.77593
203436,77.636,77.12607
203502,91.807,86.210915
203512,90.539,91.26189
203509,89.406,87.948456
203500,90.34,90.360695
203431,80.271,83.46647
203526,94.107,91.94798
203523,77.822,78.12775
203548,94.263,94.88488
203555,93.75,96.051834
203580,82.78,86.77877
203577,90.675,91.73665
203581,76.452,69.47887
203595,83.247,85.23313
203559,80.475,83.709564
203558,82.113,82.21952
203563,80.453,83.040375
203562,82.569,83.46549
203565,83.53,84.802765
203591,81.346,81.13503
203639,94.979,93.70318
203642,88.542,88.63266
203635,66.556,67.431564
203605,81.841,74.28576
203651,91.244,89.557884
203676,85.917,84.89043
203731,96.703,96.3213
203743,90.55,93.6229
203785,84.757,83.60966
203797,94.26,96.59743
203788,93.229,93.32026
203789,93.455,94.70969
203803,89.312,97.98302
203801,75.226,81.87136
203808,81.935,84.39032
203701,79.761,79.560135
203828,76.88,75.67901
203837,86.138,87.324974
203825,76.163,74.14675
203835,77.237,82.469765
203846,85.815,86.78411
203838,74.747,72.32245
203841,81.809,69.16903
203856,90.332,84.800735
203854,60.787,62.457367
203864,76.416,71.457756
203860,75.189,70.41649
203902,92.995,93.63122
203886,78.075,75.731766
203891,76.144,75.582306
203917,82.998,81.92023
203971,94.372,93.75621
203956,89.105,89.424416
203965,74.918,72.96886
203982,82.563,85.260765
203995,93.28,92.88684
204004,92.72,92.10577
204002,80.915,80.993225
203967,75.538,76.78408
204011,85.968,86.51679
204018,91.691,91.030304
204049,88.741,89.023674
204039,91.649,90.67346
204052,81.117,81.85493
204092,84.233,83.69798
204097,92.622,92.53589
204091,93.184,92.722755
204111,77.82,76.87747
204126,80.119,79.99371
204149,75.99,75.42051
204199,94.104,92.568535
204204,92.168,92.20509
204228,76.662,76.20294
204253,82.713,84.277
204258,88.837,88.89873
204361,91.342,92.7585
204384,90.974,89.16974
204377,89.651,88.96706
204354,84.417,83.56459
204392,79.728,88.493416
204454,81.128,80.72647
204455,77.013,78.79374
204524,85.179,84.996025
204544,87.918,81.06747
204552,93.468,93.93148
204529,77.102,77.343346
204561,96.717,93.8695
204558,90.376,89.99284
204605,87.784,87.55703
204585,83.493,81.64314
204608,83.717,82.7911
204549,79.111,76.04331
204655,95.878,99.90116
204613,76.4,77.669815
204693,93.026,91.999245
204630,73.112,71.4187
204763,97.879,97.19131
204750,89.74,89.832504
204788,95.081,94.08631
204767,88.07,87.82698
204812,91.275,86.33827
204836,90.409,89.82557
204831,78.967,75.745636
204848,83.433,80.366035
204880,78.594,65.430046
204881,92.481,93.79965
204890,78.452,80.69804
204830,75.587,75.38548
204893,82.552,82.06003
204840,77.963,76.64276
204916,67.729,64.416084
204917,66.121,64.430374
204962,79.0,79.07179
205004,83.45,83.48035
205033,94.493,93.0067
205048,91.919,91.42908
205043,80.761,80.519875
205087,95.929,95.553764
205088,91.236,90.82915
205166,83.291,82.262405
205171,77.003,75.64256
205188,80.569,81.855415
205215,98.699,89.92235
205208,82.848,81.89119
205248,82.58,82.97135
205282,79.779,78.415504
205285,81.267,82.48074
205318,76.793,76.27902
205309,83.002,82.95519
205338,90.224,89.02435
205320,75.842,77.21097
205345,86.009,86.254974
205368,79.548,76.80944
205390,83.264,83.9154
205363,68.054,69.29354
205391,83.43,84.00279
205417,92.894,94.081406
205416,78.725,86.87284
205421,80.171,82.8531
205397,83.124,82.38994
205425,83.465,82.72199
205436,84.152,82.30781
205453,92.611,94.40029
205454,83.801,83.93346
205438,72.812,74.789986
205464,89.435,83.52206
205461,79.583,79.16826
205439,73.835,71.73719
205485,87.319,87.42414
205486,82.54,83.174835
205444,63.355,65.788055
205490,80.58,80.0517
205496,75.667,76.78984
205479,70.25,73.06955
205507,70.743,72.53623
205506,82.329,77.32811
205525,77.24,79.74098
205526,78.617,78.93237
205548,86.75,89.11193
205532,80.105,74.16579
205553,78.237,78.29565
205565,89.079,88.21064
205513,71.655,73.01993
205511,64.42,66.69276
205576,94.091,69.56161
205560,76.998,76.5059
205558,76.925,77.465096
205585,91.795,88.581856
205586,83.558,84.0483
205569,89.576,92.52774
205587,88.283,87.516266
205595,87.624,88.23086
205573,86.416,87.16346
205602,94.681,94.35889
205618,94.332,95.39782
205598,86.007,83.759705
205617,89.014,89.64465
205612,82.017,83.27777
205608,88.441,89.52112
205635,75.658,73.39591
205622,80.695,82.06812
205620,87.588,85.77091
205642,89.623,90.53511
205626,84.772,82.54156
205654,94.716,94.17704
205672,83.89,83.19302
205634,68.181,68.10521
205652,68.858,70.51132
205696,75.799,71.68277
205647,84.468,83.09857
205698,80.969,78.936935
205677,87.155,89.62708
205674,86.367,86.57493
205725,87.426,86.48152
205747,76.562,81.481674
205757,73.66,74.569305
205754,81.894,82.24719
205756,74.73,70.98617
205771,82.56,83.57052
205707,77.41,77.39804
205766,80.955,79.729095
205777,86.57,83.06153
205780,68.265,71.481606
205775,78.763,78.294495
205781,83.081,83.967224
205758,74.201,76.09005
205709,64.248,64.79404
205779,79.873,73.95208
205813,82.665,85.43156
205788,86.046,84.299736
205814,84.335,85.41978
205776,66.71,71.85282
205801,82.289,83.21349
205782,79.928,77.06541
205799,69.369,72.54601
205804,80.009,81.725845
205826,89.636,88.87459
205828,78.134,78.20916
205853,76.182,75.245575
205830,75.08,70.709625
205818,82.793,81.95291
205831,72.303,73.92921
205829,76.344,74.6231
205855,79.686,78.172005
205859,75.876,77.156494
205858,70.387,72.088684
205873,94.337,94.912125
205876,94.783,95.27828
205836,67.406,72.94377
205860,75.459,76.00571
205835,74.592,72.0613
205908,95.711,95.86486
205856,88.513,86.894455
205923,85.222,85.53977
205933,80.906,81.356
205937,76.415,76.45469
205943,89.84,90.92583
205938,72.879,73.26368
205939,68.191,67.00598
205954,62.012,64.220894
205964,87.987,87.35705
205970,94.685,92.759834
205906,77.663,76.516464
205985,83.28,83.083244
205995,85.47,85.196144
205958,74.255,71.58166
205977,70.374,71.40407
206012,83.547,85.63215
206024,90.151,88.96878
206002,70.772,72.23215
206036,84.194,82.781395
206063,90.931,91.09621
206064,90.029,89.55131
206082,67.729,82.1884
206067,84.033,85.256546
206083,93.606,92.61191
206088,96.07,91.25704
206099,80.239,82.35085
206104,85.139,85.21006
206006,77.994,76.08354
206078,77.752,79.123505
206125,88.19,86.89681
206123,87.444,88.090225
206132,85.134,85.61331
206159,77.394,77.00747
206109,67.449,70.30319
206185,83.649,82.27269
206182,87.205,90.86729
206139,90.961,91.34874
206170,86.152,86.89141
206199,90.255,93.19827
206205,90.626,90.25434
206231,91.089,90.19246
206241,88.472,94.24174
206225,85.342,86.06844
206275,82.56,83.42555
206200,77.25,75.772446
206281,90.458,89.9823
206277,91.548,90.9313
206309,82.083,80.16582
206320,85.784,85.68069
206263,75.99,77.921104
206201,76.704,77.690186
206343,88.386,89.07421
206361,82.045,80.61264
206354,90.031,90.42393
206359,81.276,80.21753
206378,100.965,101.87697
206381,87.314,85.39454
206388,100.138,99.14678
206387,78.211,92.37169
206394,89.635,88.50214
206420,94.275,91.49335
206421,90.894,90.67228
206407,86.573,85.40533
206371,72.892,75.21904
206372,80.388,81.88384
206435,87.383,88.36758
206422,90.247,90.218094
206431,87.239,88.48307
206517,87.347,87.34017
206451,76.321,74.29657
206521,87.7,83.85144
206547,83.804,84.14388
206589,77.806,77.103584
206529,82.768,82.5944
206613,84.466,83.48035
206565,81.929,81.45537
206637,93.015,95.524734
206652,88.478,89.25641
206659,80.414,81.26967
206678,100.237,99.718864
206694,84.866,85.32288
206634,79.579,70.907326
206719,86.135,88.48782
206734,94.726,96.51716
206729,86.695,85.65041
206738,86.236,86.82604
206760,73.798,87.42336
206764,77.252,83.42416
206782,95.952,95.69409
206766,83.051,84.83172
206765,83.931,85.77677
206844,93.4,94.26985
206823,79.942,81.016045
206818,90.418,89.78845
206849,93.729,91.00655
206848,88.707,89.20968
206879,86.154,87.28465
206900,94.589,95.793526
206890,84.33,85.98866
206861,77.071,77.04514
206891,88.062,86.01746
206884,71.328,67.32434
206914,87.558,85.640045
206924,77.22,92.68646
206905,88.162,87.697426
206906,85.76,85.77657
206863,79.914,81.308685
206947,86.127,87.00891
206936,81.249,80.70857
206953,82.221,80.98183
206980,94.163,93.37033
206968,81.188,81.93323
206989,83.31,81.91161
206919,81.651,79.35621
207008,89.033,87.68279
206969,80.478,83.16479
207029,88.375,88.149704
207032,85.551,85.79894
207046,85.996,86.30774
207041,81.286,83.50729
207050,85.886,85.68748
207077,86.729,84.30844
207112,90.961,91.58706
207060,82.665,81.27141
207123,86.984,87.76022
207061,82.047,78.949295
207122,85.249,84.28451
207146,90.566,89.79829
207144,88.137,87.63261
207104,73.254,72.92981
207156,88.525,91.125534
207148,82.093,84.99131
207174,89.226,92.848755
207172,89.322,87.383705
207188,95.365,95.20249
207193,88.924,90.39038
207203,88.243,88.347595
207167,72.49,74.46067
207219,85.099,86.04271
207221,85.082,86.00468
207241,74.789,78.23926
207258,84.864,83.49376
207295,95.009,94.28758
207278,87.477,88.18785
207284,87.035,86.06924
207265,86.539,87.63239
207309,81.309,75.20842
207326,94.923,93.93186
207226,77.349,74.52106
207349,74.637,75.03714
207322,70.225,71.56969
207325,69.505,68.58979
207363,84.643,87.72934
207352,89.704,88.660194
207392,84.904,84.42551
207393,68.907,77.52129
207397,71.09,72.59694
207399,80.418,81.312485
207410,88.305,93.4467
207398,84.917,88.982086
207415,76.668,76.692085
207407,89.512,90.1259
207403,82.687,81.20025
207400,82.576,88.47837
207424,76.787,76.55608
207452,91.575,90.821075
207439,82.308,88.113594
207473,96.883,93.88582
207450,76.751,77.43381
207487,82.038,82.402306
207471,82.585,83.906586
207510,87.012,88.99309
207497,75.289,76.78403
207499,83.46,83.65959
207536,88.141,88.93716
207540,93.372,93.01616
207522,82.211,84.10837
207547,86.804,85.47099
207558,93.601,93.2017
207567,75.777,77.12439
207550,74.101,76.987305
207566,78.779,78.75145
207548,72.66,74.134995
207576,93.666,93.4149
207549,77.398,78.4754
207500,74.199,78.128685
207551,77.369,75.965576
207573,76.95,73.00853
207574,82.679,81.63228
207599,71.171,74.378006
207575,72.728,75.230995
207600,67.661,67.53493
207655,72.447,73.380844
207682,86.828,86.70042
207692,89.908,92.66245
207659,81.216,81.17009
207718,86.858,88.65609
207702,83.755,84.59544
207735,84.522,87.930885
207732,78.999,81.3284
207719,89.922,91.252365
207742,79.241,80.33083
207738,83.707,84.33305
207724,77.567,77.68992
207773,92.468,91.75516
207779,90.678,91.83151
207768,85.778,106.805725
207726,74.352,76.13454
207793,70.679,71.45207
207769,81.203,80.39799
207810,86.893,85.5201
207684,82.046,81.41515
207750,74.504,76.1154
207843,88.593,92.47809
207842,88.195,89.05827
207820,91.113,90.388336
207863,100.113,98.66305
207881,94.972,93.20637
207884,93.091,92.39964
207874,89.361,90.60921
207839,83.758,85.26206
207891,79.289,77.158394
207878,77.937,78.855896
207910,93.252,93.342
207911,88.252,88.42997
207915,80.706,79.93933
207929,77.761,77.877106
207949,79.266,78.53847
207937,75.988,73.318375
207947,77.766,77.8557
207986,86.564,85.48948
207982,83.981,84.87254
207974,88.461,88.4319
208017,78.953,80.474
208032,76.985,76.502686
208047,78.349,78.03003
208048,81.768,83.485916
208068,91.398,90.95509
208057,86.403,86.31471
208060,79.166,81.8112
208083,90.452,84.5846
208096,81.004,75.05316
208102,76.565,76.94509
208116,87.985,87.589096
208089,77.607,82.63674
208134,84.184,87.885704
208156,70.385,64.26787
208149,87.177,66.40949
208142,77.146,78.09396
208168,73.343,74.671936
208181,80.25,80.55573
208169,77.547,77.93856
208183,76.688,79.650696
208105,66.799,68.545135
208175,74.031,74.55315
208198,79.112,80.627655
208163,64.088,66.62711
208191,77.012,75.95625
208223,82.476,81.93404
208194,63.375,65.50349
208176,78.435,84.181984
208242,90.714,90.629974
208239,89.612,89.42998
208247,96.811,98.69502
208252,87.921,87.32902
208235,75.804,75.05379
208270,84.518,84.19683
208276,73.452,75.452965
208260,78.878,77.567535
208275,75.583,75.57046
208261,68.87,68.74216
208281,84.844,85.196075
208307,82.377,87.866135
208318,84.91,87.467476
208351,87.217,86.97673
208316,87.993,74.60358
208368,91.435,91.45137
208354,85.945,87.44889
208395,83.2,83.33432
208411,93.38,98.87578
208409,94.824,101.680534
208414,90.507,89.749695
208410,93.879,96.07854
208346,80.849,82.21906
208412,93.455,98.66341
208425,107.422,90.54167
208405,89.762,89.529655
208441,87.015,83.6629
208439,84.699,81.88475
208467,91.801,92.53429
208454,80.106,79.55028
208438,72.035,69.67457
208465,81.235,81.46433
208466,71.706,71.7318
208497,89.367,90.93136
208496,90.03,90.8243
208521,98.811,94.33268
208520,80.78,82.43048
208540,87.772,88.37305
208557,88.214,86.76981
208589,89.287,89.595566
208536,80.37,81.60921
208625,90.712,91.115326
208629,90.453,88.54824
208644,86.705,89.79872
208647,86.915,90.756325
208661,93.466,93.744446
208658,78.787,76.7325
208706,84.174,84.31623
208721,81.283,83.739944
208791,92.727,92.19973
208830,96.342,95.50077
208871,95.377,94.71185
208880,88.738,91.330246
208890,90.109,88.78514
208922,94.261,93.271255
208931,94.568,93.558365
208930,93.649,93.2798
208929,92.734,92.88068
208919,92.331,88.28044
208970,91.373,91.72029
208987,91.897,91.19925
208993,92.193,92.61596
208980,87.301,86.774864
208999,86.291,89.31764
209002,90.467,92.48863
208969,68.456,72.65719
209033,95.343,94.00557
209000,87.843,88.688416
209057,88.218,90.41199
209074,100.702,100.8142
209086,91.072,90.213234
209092,93.743,93.45128
209116,83.674,83.48035
209113,83.102,83.48035
209069,88.845,89.55338
209164,86.086,88.000114
209165,87.161,87.65285
209173,92.414,91.8534
209180,82.109,81.27542
209182,90.68,92.01214
209216,94.118,92.08944
209128,85.541,86.058556
209233,87.37,85.394356
209251,93.723,93.432556
209219,86.79,86.51103
209235,96.156,91.679794
209253,90.034,90.62605
209255,90.114,90.66232
209286,85.651,81.990005
209322,92.747,88.61754
209323,91.957,87.89827
209333,92.766,90.98792
209338,96.814,98.737114
209345,93.026,94.17502
209358,94.208,92.51318
209380,95.111,96.12115
209379,88.928,87.3808
209419,75.616,76.43206
209402,84.146,85.47832
209444,92.072,91.300735
209420,81.039,81.127106
209443,91.796,89.9491
209445,91.569,91.14592
209450,93.244,91.969246
209454,104.984,103.54388
209470,86.197,88.33921
209400,86.534,86.75642
209475,85.571,87.13972
209481,85.038,84.55626
209501,87.682,90.32022
209506,101.945,105.057785
209486,88.713,83.342
209504,84.753,85.83801
209514,90.9,90.60253
209476,83.795,85.36841
209530,91.716,92.820885
209532,92.141,92.28829
209562,90.639,93.605545
209564,92.614,92.764534
209576,89.45,88.64438
209574,90.046,87.675446
209573,87.971,88.57831
209613,93.34,93.275536
209614,93.307,92.6216
209617,93.297,94.33583
209571,89.048,86.92883
209572,89.077,86.887596
209647,91.362,89.268234
209651,94.26,94.114944
209658,88.441,86.714005
209657,99.697,93.613846
209671,95.511,94.9034
209676,77.393,80.307144
209615,77.103,79.053345
209681,87.237,87.7393
209682,87.956,87.64309
209683,87.606,87.45229
209684,84.429,85.52299
209692,92.251,88.038574
209704,90.461,91.54886
209678,71.524,71.60599
209697,83.335,81.39977
209693,75.432,79.117905
209694,79.952,83.95407
209729,92.89,92.494484
209759,94.61,89.354706
209757,82.747,74.80614
209753,93.851,93.86027
209714,89.066,90.52722
209813,93.829,94.036964
209808,90.31,88.95573
209765,89.615,90.26511
209820,94.682,94.45814
209823,93.804,93.69204
209821,84.812,93.07146
209822,94.264,91.16266
209851,92.229,93.30638
209828,85.689,86.04682
209906,87.156,88.33318
209899,93.494,91.98096
209866,86.739,80.59131
209926,99.274,98.25001
209914,90.879,91.28981
209836,69.878,76.46063
209934,90.727,93.078735
209949,85.589,85.8076
209951,86.781,87.07049
209958,85.193,89.3285
209972,99.294,97.510544
209953,90.48,78.91791
209979,92.349,91.05544
209964,85.025,85.852394
210004,97.429,94.972855
210006,102.514,104.234726
210005,100.719,100.58275
210011,88.444,87.14777
210012,88.318,85.8191
210037,93.385,94.37367
210042,73.364,77.505875
210049,89.69,92.068665
210055,94.27,93.27863
210062,97.8,97.389725
210033,83.547,82.30404
210044,69.676,87.59522
210017,85.508,85.95478
210102,97.464,96.123344
210098,94.81,93.174194
210106,97.14,95.25424
210124,80.479,79.43524
210133,96.148,93.92107
210151,96.372,95.81944
210153,91.415,91.83486
210167,94.515,92.99043
210164,86.761,85.79261
210190,89.698,90.15763
210198,83.43,88.4698
210218,86.494,88.56315
210191,89.333,88.281334
210192,88.85,89.0489
210246,102.933,70.0041
210274,63.369,63.22429
210273,62.066,63.491592
210278,71.645,71.27094
210235,81.033,79.6812
210314,93.346,91.9502
210280,76.486,71.30283
210325,93.943,92.8413
210362,91.69,91.990974
210371,96.441,98.02776
210376,80.589,77.99831
210374,91.208,90.90662
210392,92.939,93.65626
210394,94.138,93.47404
210396,93.358,93.06464
210425,96.768,99.44351
210447,88.978,89.00342
210448,90.786,90.294975
210422,84.752,84.8786
210453,92.598,89.382965
210470,93.661,93.35166
210462,76.326,77.22402
210472,93.175,94.48123
210477,85.597,86.40144
210476,90.638,89.829926
210480,88.736,89.798874
210478,79.477,79.331474
210481,85.334,87.30651
210490,97.144,97.06348
210510,100.751,93.40898
210483,83.415,84.06058
210452,78.497,81.454895
210553,90.233,89.05705
210538,95.651,92.86725
210576,94.814,94.923515
210484,86.547,87.425514
210580,91.779,92.73604
210585,90.069,91.01105
210579,90.138,92.269875
210593,94.55,93.63376
210622,91.208,92.61935
210600,90.44,92.92448
210652,94.915,94.29744
210610,72.125,79.87655
210679,89.304,85.295586
210699,84.626,77.30034
210678,82.289,83.471436
210675,82.259,82.33933
210611,80.306,77.61327
210739,92.366,92.11776
210741,91.933,93.60708
210747,90.945,91.44785
210749,93.509,78.36777
210763,93.964,94.27605
210765,93.212,92.771904
210758,85.411,84.92032
210769,86.748,88.776985
210786,93.956,92.13612
210798,89.714,89.794495
210823,83.833,85.35765
210822,80.592,84.88288
210825,89.689,89.11961
210830,90.915,91.642746
210815,89.41,88.92405
210832,84.609,85.37693
210836,91.683,91.927185
210869,96.29,97.10086
210891,93.252,93.67177
210889,88.178,86.95151
210890,89.281,87.71589
210875,80.969,81.79461
210921,94.518,94.8134
210943,87.413,87.80948
210942,87.306,88.10639
210987,88.447,85.87034
210986,85.21,85.27701
210993,77.802,78.42437
210992,89.274,89.61375
211007,87.787,89.839294
211017,88.281,84.807495
211026,84.858,87.236595
211025,86.291,85.402275
211077,85.103,83.75633
211090,87.614,86.72632
211107,94.584,93.76174
211074,73.683,75.88185
211127,89.77,88.03038
211138,90.028,88.879456
211137,73.098,81.8454
211146,76.893,78.379875
211151,84.848,84.59905
211156,87.81,88.57334
211198,86.523,80.03326
211180,92.099,90.43911
211237,102.439,101.97139
211255,90.734,92.58402
211267,95.688,94.636604
211253,85.066,85.14793
211263,92.747,94.06488
211283,91.827,91.22691
211269,60.456,58.966953
211286,89.997,90.82183
211309,88.097,89.39401
211272,57.456,58.19033
211300,77.896,79.27532
211276,88.389,88.38403
211280,87.221,88.242905
211332,96.009,94.29642
211330,98.345,95.92649
211318,86.767,84.81304
211340,88.533,87.580605
211370,82.359,83.35067
211365,90.506,89.61904
211344,90.763,92.50826
211348,91.746,90.58557
211392,71.614,80.226906
211417,94.256,93.57203
211449,88.022,88.045105
211470,92.915,96.70258
211454,66.1,55.077354
211480,92.439,92.77528
211435,88.161,88.68732
211476,91.972,91.37569
211472,83.657,83.975426
211543,69.447,68.94036
211544,80.286,78.37211
211539,58.137,63.00904
211541,85.329,83.55919
211547,90.256,90.46575
211553,95.15,95.646736
211588,92.58,91.716995
211584,94.343,94.383675
211583,92.603,93.54712
211580,81.052,81.181404
211594,89.04,90.01407
211599,84.868,86.301506
211610,91.792,91.992455
211579,92.968,90.13739
211649,81.271,81.78372
211628,80.293,79.05201
211699,93.532,94.24434
211664,82.535,80.0768
211720,87.287,85.7056
211665,78.929,80.780495
211719,80.539,77.9329
211675,60.029,75.40633
211745,95.353,93.751625
211729,84.519,84.440704
211753,84.48,84.51923
211752,90.452,89.95963
211726,79.473,81.606384
211781,78.002,78.715935
211757,85.993,87.43923
211742,85.054,81.73802
211759,83.936,82.85832
211802,88.843,89.929184
211820,84.476,84.96701
211731,80.03,79.90562
211847,91.716,91.82808
211823,91.658,91.44235
211841,92.556,93.30479
211850,95.332,94.448494
211805,85.907,87.00706
211842,92.111,93.63632
211860,95.663,90.759636
211843,88.786,89.6584
211894,92.032,91.093216
211870,81.125,80.68308
211858,90.527,88.95821
211903,72.065,71.52577
211921,79.827,78.60958
211924,74.036,76.78607
211929,72.526,77.62805
211928,73.727,73.17416
211916,70.106,72.37347
211946,78.95,78.35787
211922,69.367,74.1826
211926,76.115,74.90973
211973,91.49,91.378716
211993,93.682,92.18324
211971,80.776,84.401184
211998,86.101,87.31921
211997,85.197,87.13532
212006,98.318,97.90454
212002,77.831,76.80637
211956,81.55,79.00619
211995,84.294,86.01888
212019,88.534,89.00133
212042,97.008,95.13843
212041,96.944,96.805916
212043,75.808,95.67323
212044,95.526,94.31524
212046,94.226,93.68355
212045,75.443,94.16842
212082,93.983,93.94273
212089,87.443,88.15682
212088,82.17,85.39684
212104,91.24,89.53401
212106,83.863,82.2624
212108,91.932,90.00047
212113,92.714,91.32332
212109,78.185,77.4189
212105,76.313,73.177185
212127,90.292,91.4201
212116,91.278,91.39489
212132,72.507,72.7264
212131,93.183,93.46297
212159,92.345,90.52008
212149,77.287,76.79706
212183,95.534,88.29814
212185,92.708,92.420364
212178,91.705,90.53631
212198,92.73,92.72647
212220,83.718,86.493225
212216,93.886,92.36286
212215,92.214,91.711494
212237,103.194,96.51457
212235,90.927,91.09145
212232,83.626,84.903465
212254,90.025,89.43387
212256,87.355,88.22499
212281,94.357,96.82058
212255,88.713,88.24496
212282,93.215,95.18835
212303,98.745,97.75593
212304,93.637,92.520836
212320,99.174,95.98706
212319,98.379,96.39778
212223,81.039,79.640205
212227,76.389,76.632774
212349,91.31,90.65847
212350,90.808,92.17216
212362,84.095,83.74682
212361,87.252,85.57624
212364,83.104,83.405556
212363,85.921,85.07667
212367,83.843,82.56488
212397,87.579,88.323746
212366,85.592,85.36533
212365,79.667,80.22223
212347,86.393,84.0207
212422,93.917,92.77633
212402,92.148,91.18531
212421,91.932,91.532295
212405,76.298,74.87911
212348,82.92,84.7682
212394,65.541,68.58216
212460,89.244,86.28939
212426,77.63,81.3141
212468,89.329,87.97781
212476,80.29,78.45854
212479,80.21,79.41348
212480,75.259,77.709656
212500,87.872,86.22804
212467,85.015,84.36966
212466,88.019,87.352615
212478,79.805,74.85172
212477,79.864,76.82092
212571,92.991,91.91304
212568,90.421,91.38756
212580,93.999,94.617485
212582,85.298,85.26688
212584,67.178,67.67313
212622,93.078,95.94222
212633,82.212,84.9853
212635,89.886,88.906944
212636,79.631,78.77753
212655,89.82,93.33445
212700,84.449,85.86354
212712,84.167,82.41197
212686,71.558,78.27581
212687,73.297,77.28956
212678,67.891,69.97946
212677,71.415,74.15735
212735,88.336,88.62293
212752,91.307,90.614456
212753,89.81,90.36874
212754,86.743,87.62319
212755,98.72,97.87541
212756,97.062,95.05947
212766,80.705,81.65593
212776,90.806,90.6557
212792,86.858,87.98723
212817,70.744,65.89618
212728,71.23,75.43029
212706,80.788,81.045715
212781,80.999,81.91132
212816,73.047,69.26247
212843,88.596,86.21668
212835,91.485,90.74096
212878,95.888,95.2835
212909,84.163,85.360855
212893,84.731,83.553375
212877,87.342,87.84641
212905,83.725,84.440994
212941,80.694,77.59501
212927,64.39,69.271866
212967,89.609,89.91083
212947,90.682,91.73441
212915,85.885,86.194016
212906,84.855,85.55476
213004,78.723,79.823235
213009,94.256,93.52788
213031,89.378,90.598015
212997,83.57,83.13961
213040,88.636,87.00934
213030,94.894,94.508224
213028,81.404,81.815445
213042,87.741,87.44182
213037,91.026,91.42993
213045,86.674,85.778145
213066,90.582,90.76661
213079,88.399,88.86806
213089,91.854,90.680756
213050,84.735,84.92205
213119,94.186,90.98378
213106,79.996,69.6349
213125,93.898,87.6315
213127,85.643,87.208084
213134,92.48,92.49958
213109,74.355,74.17246
213183,79.606,81.37723
213170,82.257,83.38755
213177,86.633,86.70671
213193,102.106,100.62399
213162,72.931,76.54423
213200,86.621,85.95447
213198,78.171,79.1626
213178,82.295,83.48035
213214,79.651,72.579865
213215,84.028,80.64579
213232,94.627,93.83843
213247,84.848,84.588326
213220,67.577,74.64917
213245,78.688,78.86071
213272,76.233,77.66922
213299,96.432,94.170204
213291,79.713,79.4865
213335,92.573,89.00077
213356,82.827,88.28543
213340,82.764,83.0967
213336,89.3,89.33027
213379,90.591,90.28537
213382,89.002,90.99691
213368,89.787,89.84967
213381,94.357,93.637215
213320,82.676,82.22581
213402,76.507,77.5175
213363,82.409,80.51558
213418,85.463,85.23385
213403,77.865,79.23963
213457,75.793,75.09192
213458,80.422,79.01921
213463,97.177,96.598755
213435,89.138,87.94597
213434,89.737,88.86686
213462,84.213,85.34672
213474,79.745,80.25017
213473,77.687,78.534294
213472,76.397,81.84197
213471,75.739,80.18064
213467,105.119,82.281456
213477,74.458,74.27629
213414,81.412,81.48008
213491,77.299,65.51526
213475,79.212,77.17555
213545,90.854,91.14819
213562,93.029,93.95218
213591,91.72,90.95834
213585,81.216,79.86461
213587,81.5,80.31663
213586,77.097,79.89511
213602,93.729,93.88664
213608,90.375,88.699265
213617,79.128,78.334175
213615,90.712,90.990135
213590,83.772,80.41394
213634,76.308,75.44451
213658,98.066,98.923615
213660,94.398,94.78997
213639,85.534,85.047356
213707,84.222,78.75864
213724,94.855,94.670425
213725,67.416,94.20291
213632,59.994,78.17738
213737,91.969,89.19251
213731,88.789,88.357
213736,86.099,87.83191
213775,92.258,92.11215
213744,77.572,73.22129
213798,86.365,85.16132
213813,90.541,95.63576
213755,84.487,83.97458
213820,89.437,88.24964
213823,75.411,78.74604
213879,87.672,88.80977
213838,82.248,85.11498
213874,85.075,82.6733
213863,82.945,83.62763
213885,82.694,83.09182
213884,75.594,71.59101
213930,97.129,91.72067
213929,85.872,89.95739
213940,83.055,81.09095
213918,83.636,84.66956
213970,90.766,90.27373
213973,81.905,81.566986
214001,88.817,88.71014
213933,81.633,83.10828
213996,81.335,79.21318
213989,91.114,91.31906
214053,83.665,85.1539
214086,88.863,89.32758
214005,78.471,79.44232
214122,94.187,97.85957
214161,88.108,87.64524
214190,88.16,88.40059
214223,85.591,83.939445
214217,91.025,91.313705
214243,86.69,89.005936
214238,80.191,83.35156
214239,79.588,80.66237
214241,82.863,80.97301
214255,85.738,84.813515
214256,86.131,85.257416
214251,87.381,81.846664
214287,89.444,88.980255
214267,89.159,89.762955
214319,90.278,88.25963
214324,89.718,89.37789
214308,85.36,86.73717
214280,84.548,82.978325
214333,90.078,89.89839
214346,88.057,88.32405
214341,79.756,79.24571
214374,91.243,91.41321
214370,77.163,76.235344
214391,75.792,78.55001
214392,90.211,89.31977
214431,85.106,89.784164
214383,75.587,75.72169
214439,94.044,93.52252
214446,94.125,94.15106
214445,91.842,92.0432
214450,92.959,92.705284
214437,90.69,91.0737
214435,91.529,91.26524
214456,87.193,87.39556
214485,91.886,91.34971
214487,98.29,90.42609
214466,84.355,82.903
214497,92.821,93.33132
214489,92.377,90.22455
214491,73.321,74.90032
214498,83.115,84.20958
214495,85.489,86.410645
214500,81.002,82.3954
214469,72.546,72.280914
214548,71.769,75.784546
214569,84.74,78.78905
214591,83.025,85.089035
214597,85.523,88.976944
214480,69.13,70.67741
214588,68.681,75.6248
214587,67.692,75.10568
214585,75.676,77.00101
214640,94.689,95.09695
214653,94.129,91.85771
214668,89.596,87.03107
214679,86.833,89.486694
214696,89.36,88.75287
214678,82.485,79.692215
214635,80.024,79.822296
214662,90.785,90.48319
214708,93.937,94.42864
214658,81.038,90.65481
214698,80.812,81.17238
214665,75.956,83.39934
214747,94.903,89.512314
214728,79.626,80.35731
214749,93.431,93.373566
214762,90.029,87.372246
214732,78.269,78.43949
214776,87.696,88.412445
214778,93.537,93.13179
214731,75.494,76.47173
214771,88.409,85.72549
214793,92.802,92.583664
214769,83.355,83.15482
214743,84.869,83.94614
214811,84.896,85.792305
214797,79.202,78.19409
214822,84.277,86.65114
214803,86.049,85.56142
214830,95.583,95.42573
214835,87.796,86.94903
214829,84.291,86.309425
214823,90.857,95.32544
214832,77.51,79.66498
214825,84.158,82.884674
214878,100.958,93.62807
214854,90.775,89.86433
214897,86.112,87.11448
214892,90.106,88.93448
214902,88.168,88.50093
214903,89.932,90.27921
214914,86.762,86.25829
214906,73.299,73.60711
214907,81.561,81.288445
214919,90.434,89.086334
214877,80.393,85.39353
214917,94.486,93.8322
214915,89.283,91.135895
214928,85.138,80.09837
214876,83.77,91.58902
214922,88.414,88.10137
214908,78.067,78.49179
214910,77.271,76.02581
214912,76.739,76.435715
214911,77.727,77.947174
214909,76.672,76.586685
214956,83.06,81.82456
214972,90.347,90.17008
214974,88.833,88.99087
214983,89.032,89.42742
214988,88.296,89.521286
214990,77.75,86.814415
215007,87.081,88.714714
214991,77.92,76.736664
214942,67.929,71.31891
215019,89.681,91.1642
215024,91.777,90.52739
215008,85.122,83.847984
214940,70.038,73.603584
214943,70.217,72.97431
214941,70.292,72.53175
214939,68.503,71.9491
214963,77.642,76.57702
215032,94.241,93.67628
215043,83.75,89.060104
215009,82.592,82.30971
215010,72.712,71.60126
215060,90.828,87.84162
215062,91.402,89.076225
215063,81.962,80.25852
215064,80.581,80.96641
215065,81.422,79.6455
215069,83.15,80.49133
215088,92.312,91.18431
215046,86.456,87.06679
215075,82.676,83.25437
215045,81.93,80.29076
215076,80.241,83.19861
215108,85.43,87.61303
215084,82.41,78.18293
215107,86.788,85.80228
215119,102.903,104.8398
215078,78.672,71.56695
215135,79.795,79.68034
215144,83.829,84.88325
215170,91.03,89.382744
215125,62.94,64.036
215176,86.751,89.125656
215192,85.721,86.42487
215167,90.406,87.380005
215197,87.159,100.5664
215180,88.411,85.81514
215207,87.918,86.20754
215173,86.818,83.44859
215184,83.593,84.389984
215208,82.064,81.987335
215236,79.481,80.57261
215248,90.807,90.76643
215251,85.531,87.13482
215223,85.22,82.599335
215231,83.546,81.45816
215252,84.965,86.973305
215265,88.351,87.68029
215273,94.096,93.34393
215249,95.123,91.48561
215237,83.225,82.13007
215244,77.502,77.95755
215287,89.037,90.28557
215269,79.84,79.45225
215300,88.965,88.13797
215306,90.437,90.99864
215217,72.784,72.94086
215245,78.464,101.86236
215318,91.216,90.541626
215326,88.269,87.19227
215330,94.734,94.45906
215215,72.886,77.61696
215255,76.99,75.15105
215350,90.709,90.72604
215359,90.536,89.8218
215329,66.162,78.811455
215328,87.123,85.59659
215358,81.816,81.498665
215337,81.89,82.16614
215360,83.348,83.48035
215354,83.189,85.410866
215369,82.365,82.52812
215374,91.728,92.51572
215346,56.615,74.43096
215388,88.124,88.10205
215394,89.508,87.77098
215399,87.789,89.32185
215322,75.597,75.9974
215323,75.92,74.90994
215410,92.63,92.47162
215400,90.995,89.90437
215406,88.444,88.95744
215418,83.94,78.86155
215402,68.483,75.113144
215409,88.697,87.13677
215407,86.329,87.092636
215440,82.959,72.33729
215444,81.196,82.17104
215441,83.615,82.29527
215443,87.663,86.14605
215451,60.935,77.00984
215453,61.565,61.71573
215474,90.947,90.29676
215478,88.395,87.59046
215482,80.122,75.92852
215476,92.198,90.76737
215481,84.244,83.11637
215473,85.449,84.97955
215475,84.224,85.12855
215502,81.425,81.13553
215514,91.846,92.54455
215526,91.332,90.93972
215485,77.488,77.76583
215506,70.298,73.57949
215523,79.519,80.310455
215510,82.944,83.82409
215486,78.966,78.44976
215524,82.928,86.66709
215527,82.939,84.00987
215525,79.348,81.22032
215584,79.942,81.31122
215603,78.806,90.86731
215600,80.2,80.134636
215602,81.422,79.42217
215617,84.516,85.859215
215609,80.913,81.73554
215633,72.959,74.39635
215644,93.097,90.78594
215656,72.172,72.84546
215652,107.945,88.13788
215651,75.079,74.90397
215653,73.83,75.330154
215654,74.256,73.3972
215650,83.519,81.5528
215640,90.07,87.8344
215662,71.312,69.0722
215696,83.05,85.0567
215706,93.664,93.19968
215710,72.458,70.73398
215709,72.158,70.145515
215712,57.611,77.32829
215693,79.999,78.92922
215689,78.81,80.687164
215686,66.717,71.051216
215735,82.05,83.48035
215775,89.648,90.62709
215781,88.876,90.32182
215779,89.52,89.2827
215770,80.678,82.490204
215778,87.431,87.808174
215773,90.95,84.05932
215811,95.79,95.199745
215814,91.154,91.65075
215802,94.744,94.91821
215700,78.69,77.2177
215818,80.974,81.61311
215852,89.062,89.099594
215853,86.368,87.86709
215831,70.181,70.383125
215866,93.644,92.70765
215854,80.308,83.741165
215902,77.463,77.47641
215905,75.032,74.92555
215836,82.716,80.58212
215915,91.127,92.71776
215949,85.161,87.9881
215951,93.662,92.98761
215967,93.014,92.124886
215995,80.302,79.49009
215996,86.696,87.02588
215989,82.673,80.19735
215988,84.965,79.85474
215979,78.705,77.35046
215952,59.694,67.99138
216042,77.461,77.59227
216053,92.342,93.27116
216055,81.984,83.48035
216073,86.759,87.650925
216001,80.37,81.12276
216016,90.161,88.2302
216075,80.682,76.66726
216091,81.225,82.86736
216125,88.993,89.44469
216123,89.642,90.594315
216124,90.857,91.56432
216111,85.198,85.07009
216066,76.417,75.870605
216166,96.758,96.45441
216182,79.425,77.48419
216156,72.586,75.774506
216208,95.058,95.48437
216240,87.817,83.65736
216242,72.268,65.577324
216277,65.004,62.999416
216235,71.587,64.407524
216238,62.35,65.23272
216227,64.02,64.573875
216291,86.734,86.67294
216270,81.27,79.237656
216307,88.747,81.4095
216311,84.277,85.005585
216342,88.63,88.66432
216339,92.538,94.97895
216328,82.112,82.77959
216351,78.642,78.23272
216355,72.89,76.139755
216323,71.659,72.04796
216385,80.898,77.719315
216377,79.684,79.76403
216391,85.077,85.719124
216366,83.249,84.90302
216397,84.036,84.09009
216368,82.893,84.3941
216378,81.456,78.13813
216395,89.69,83.602615
216396,81.339,80.48659
216403,90.236,88.198685
216405,88.752,85.15267
216375,74.991,73.03122
216448,78.389,78.43673
216449,83.068,85.188805
216450,85.452,87.73931
216457,86.945,86.26012
216404,87.779,84.13051
216465,99.766,107.35535
216456,86.978,87.839676
216463,87.495,88.52841
216459,85.143,84.100586
216453,84.088,81.17343
216455,79.512,78.24392
216400,86.894,84.30011
216506,82.288,79.60103
216498,78.838,84.07069
216521,86.453,87.007
216401,80.077,80.993996
216505,79.752,82.2267
216458,84.579,84.66145
216527,78.908,78.470604
216537,108.774,72.26432
216557,90.163,88.098305
216558,90.543,91.479034
216559,88.337,86.412056
216514,85.153,82.429085
216561,88.111,88.732475
216560,87.374,88.84341
216563,86.388,88.900314
216577,89.304,90.737366
216579,85.664,83.75747
216574,73.428,74.70918
216617,83.308,83.52378
216627,87.045,74.30961
216606,78.304,75.27014
216607,81.582,81.68293
216604,81.751,81.826935
216634,89.602,91.40044
216642,72.228,83.43627
216649,76.771,73.86171
216628,81.556,77.58107
216644,84.043,86.41124
216633,82.084,84.14127
216655,81.207,78.74443
216666,80.083,82.765114
216685,82.475,79.74316
216706,92.484,85.30063
216695,79.429,62.10326
216739,88.0,88.81271
216764,89.61,89.71095
216754,65.15,62.943085
216779,94.216,94.0045
216795,79.897,78.00771
216805,88.433,86.80556
216819,75.405,79.067345
216831,82.874,80.25302
216851,62.519,84.31651
216842,80.981,80.96491
216863,88.482,87.94351
216824,82.96,84.76063
216854,88.214,88.079475
216865,87.452,86.71329
216867,100.8,100.51221
216861,84.583,84.90625
216857,83.563,81.02779
216852,83.597,79.32549
216853,84.097,78.61537
216897,95.518,95.90501
216893,80.823,84.83974
216905,71.634,78.82907
216886,75.273,74.51554
216888,75.514,76.50063
216890,74.635,78.96198
216915,85.508,84.25896
216904,72.487,77.20492
216942,76.882,82.28332
216939,87.531,85.91089
216937,78.429,78.32905
216963,91.299,87.259895
216927,77.023,76.020134
216962,78.198,71.41814
216965,74.439,90.043144
216971,89.913,89.921005
216930,90.818,87.61732
216973,72.267,81.09964
216977,91.243,90.62296
216970,81.657,85.28745
216967,71.674,74.359344
216957,77.746,80.1183
216995,82.459,82.23268
217007,81.657,87.97533
217019,85.516,84.92236
217014,87.234,85.669426
216969,70.882,83.71083
217018,83.621,83.58756
217032,85.9,85.22112
217034,86.263,85.92599
217058,93.547,92.87999
217038,75.774,77.80853
217045,71.089,74.73156
217046,68.094,71.10886
217088,89.62,90.00853
217091,82.835,87.245094
217055,84.582,83.15012
217082,80.961,81.961655
217083,71.462,74.63083
217098,86.32,87.24405
217122,90.225,88.921196
217110,77.126,73.20063
217123,85.038,85.29034
217095,62.378,63.993668
217139,82.379,82.37619
217133,77.548,79.80892
217181,94.444,94.26328
217189,85.965,86.5426
217190,84.253,81.930855
217194,85.871,85.224915
217195,82.456,81.903145
217199,84.54,84.26383
217191,82.154,82.334206
217209,88.766,88.61739
217200,80.244,79.789635
217221,85.746,86.31038
217187,78.42,76.94531
217240,85.188,87.650505
217235,88.304,87.383705
217217,79.514,79.29875
217233,70.415,73.34304
217262,77.8,78.41171
217290,90.28,89.45484
217294,86.123,85.69131
217281,68.428,83.6566
217295,84.071,84.54325
217293,84.446,85.73777
217308,85.607,85.90712
217269,81.676,83.48035
217325,84.739,85.25436
217299,80.541,80.041016
217285,73.104,73.353035
217358,74.239,74.59416
217330,80.856,84.16988
217365,76.447,77.02807
217329,78.951,81.6473
217369,78.596,78.74091
217372,76.472,76.02702
217390,70.801,72.1402
217373,77.492,77.843445
217370,74.414,74.55571
217405,88.964,88.675446
217366,56.975,77.39871
217371,78.751,76.55929
217367,74.967,73.82759
217408,78.277,79.34758
217464,87.907,86.18864
217473,92.698,77.00462
217472,85.673,86.25874
217471,82.038,83.17542
217475,76.92,81.83769
217495,88.71,89.16974
217499,84.834,86.58317
217462,72.336,70.73009
217493,83.786,84.4834
217529,94.827,94.33011
217509,75.142,75.68971
217558,91.687,89.94929
217559,76.965,86.38319
217560,93.344,87.68847
217574,95.281,89.84167
217517,82.041,82.48804
217532,75.561,75.70448
217580,79.436,80.26457
217596,92.934,92.140144
217588,72.273,72.8673
217581,69.863,72.39143
217577,75.924,76.54104
217539,78.255,68.86373
217589,73.546,75.20694
217634,101.071,97.72167
217631,100.776,99.134026
217545,71.366,73.4212
217548,113.456,77.96694
217547,78.882,72.69446
217633,98.671,97.83927
217641,93.135,92.65802
217630,88.603,89.40524
217674,89.829,91.95323
217682,82.217,85.0374
217683,86.577,86.11781
217687,83.155,83.71491
217666,85.995,85.86782
217685,85.746,85.4396
217684,82.459,85.69745
217691,75.149,75.66162
217711,96.473,95.478325
217696,89.444,87.11473
217724,88.56,88.345825
217654,70.777,73.75902
217653,71.691,74.667786
217749,92.484,90.82859
217734,82.629,77.144875
217722,79.469,77.4927
217726,78.257,77.883286
217766,89.787,89.706215
217775,74.593,77.89239
217731,72.874,71.933784
217779,71.78,77.841835
217807,88.575,91.13674
217814,93.732,93.4714
217811,91.745,92.76836
217819,89.396,89.930145
217825,89.711,89.133156
217727,65.548,69.04585
217833,80.931,81.53007
217851,81.59,81.80289
217850,80.942,81.61509
217876,77.216,76.18709
217900,82.393,82.82828
217874,70.687,72.72815
217927,84.766,85.472115
217843,74.772,74.91976
217935,83.404,84.23806
217981,100.024,97.49164
217951,74.181,74.4216
217954,70.767,73.46348
218004,96.18,94.88725
218000,95.548,94.9182
218015,88.015,89.82455
218011,77.666,77.59378
218012,83.59,82.98959
218049,80.077,79.22446
218041,85.541,85.57323
218055,75.414,72.82183
218058,73.864,73.31667
218088,86.841,88.403915
218095,87.05,87.020805
218081,69.806,74.40541
218100,86.207,86.80856
218108,86.399,87.46684
218129,90.881,91.50476
218113,90.432,86.45919
218152,88.099,88.36326
218140,85.444,85.95749
218112,79.529,80.80477
218167,74.875,73.36865
218117,77.788,79.902985
218185,88.508,88.183334
218178,77.659,78.310394
218190,81.96,83.584
218198,94.907,93.81615
218174,66.53,84.63071
218193,84.608,84.95411
218214,87.021,86.70025
218176,84.829,83.470314
218250,82.777,82.138954
218251,84.741,80.39888
218235,75.942,78.0544
218263,64.155,68.32653
218248,81.957,81.70928
218269,92.557,69.29844
218268,91.279,66.295006
218276,91.308,71.5453
218274,81.784,69.72933
218313,65.192,67.023834
218314,88.699,67.69536
218358,89.848,89.62427
218349,67.524,65.82145
218364,78.494,82.94808
218399,85.535,85.564514
218355,81.289,80.10694
218370,74.787,81.54449
218405,83.349,83.48035
218413,81.692,79.14092
218419,84.66,83.86483
218407,83.116,81.81178
218384,68.744,75.52547
218363,74.013,74.781456
218421,91.905,91.78892
218456,95.471,94.08597
218447,89.061,89.10984
218455,84.494,79.7407
218470,73.281,70.635414
218509,83.774,86.151276
218499,83.84,79.85071
218508,91.701,81.17511
218498,83.831,76.54738
218439,78.736,80.36981
218493,80.769,82.13677
218544,97.464,103.13743
218558,93.751,92.8764
218539,80.649,82.365974
218576,89.299,90.359276
218596,86.89,87.2821
218587,77.984,78.88765
218610,80.633,76.17502
218589,81.347,82.046364
218597,83.715,84.031944
218632,88.802,89.4932
218626,90.535,92.270676
218563,78.62,79.514915
218600,82.851,83.29899
218640,91.676,90.38916
218616,83.734,84.718956
218644,76.704,77.18012
218658,85.816,84.9456
218672,86.587,86.84879
218674,81.578,81.5086
218682,77.063,78.280106
218699,100.739,80.72097
218683,82.642,81.871605
218705,90.872,91.48537
218709,85.75,87.25357
218726,91.913,91.08925
218728,85.771,88.96128
218678,68.947,72.06074
218744,85.789,82.57101
218743,84.462,82.03436
218742,77.988,78.06306
218758,73.718,73.9182
218752,83.336,84.63594
218783,85.108,84.70506
218775,84.235,81.388145
218797,97.307,95.59548
218741,75.623,78.33923
218795,90.437,90.82541
218800,88.944,89.59535
218839,89.903,55.513687
218840,87.411,87.54152
218837,87.734,67.74713
218848,86.905,73.54846
218865,91.972,92.11084
218904,91.247,92.172485
218903,78.439,77.07756
218866,88.437,85.52558
218909,80.036,80.559586
218911,78.278,67.058975
218948,97.82,95.42987
218947,93.948,91.89169
218940,87.15,85.563065
218970,99.925,98.9065
218971,88.584,89.28905
218972,85.741,86.0944
218988,83.023,79.517784
218983,82.43,82.596
219028,93.346,101.02843
219005,82.34,80.99732
219018,81.337,72.20565
218985,81.142,82.249886
218980,88.151,87.52011
218982,83.275,86.52149
219032,77.257,76.986946
219033,73.793,75.08199
219068,89.546,88.08218
219073,94.113,92.546295
219087,92.651,76.81604
219092,91.369,92.34044
219093,86.438,87.33407
219125,88.921,89.627464
219111,82.455,83.80908
219109,77.361,77.731865
219153,95.595,94.47001
219131,84.728,86.26944
219158,86.805,87.50264
219132,83.529,84.68685
219148,82.617,84.80687
219210,78.725,80.16448
219171,58.301,59.694542
219157,76.436,81.90805
219197,76.781,75.69566
219271,89.926,90.2994
219315,73.417,83.11989
219294,73.719,74.34753
219358,80.739,80.527664
219335,84.112,80.76944
219331,79.909,81.39329
219387,94.599,94.678055
219334,78.532,79.94937
219364,86.176,86.797745
219390,82.651,82.51979
219386,77.305,78.95987
219391,70.068,71.50523
219376,81.033,82.40898
219380,83.119,84.503525
219413,95.091,95.71834
219408,93.098,90.44926
219427,96.717,98.19934
219378,76.022,75.733696
219389,72.092,74.37531
219393,71.717,70.4061
219436,100.424,101.02394
219442,91.375,91.16547
219409,84.317,86.64374
219474,94.707,92.9368
219456,72.139,72.28678
219461,82.927,81.28141
219506,90.852,91.48175
219464,80.011,78.16182
219495,92.859,94.033905
219509,87.383,86.05378
219463,83.474,80.45035
219527,78.29,72.85811
219471,75.124,77.24203
219490,92.234,78.949715
219577,94.707,95.21379
219576,93.75,92.068794
219580,88.229,89.96815
219535,83.701,83.85875
219606,95.307,97.75008
219607,91.649,93.89542
219582,83.074,83.15798
219578,91.148,91.88434
219610,87.635,87.50048
219635,91.904,93.71512
219655,91.702,87.05107
219682,92.545,89.73434
219675,87.554,87.00478
219625,71.811,74.66932
219709,91.129,90.20513
219700,88.203,89.903015
219720,92.55,92.658775
219637,77.487,74.94073
219723,92.74,93.563545
219743,93.578,93.33512
219749,83.37,83.48035
219708,83.908,79.61253
219716,71.881,72.56825
219758,81.964,81.21558
219762,78.455,77.161606
219779,92.804,93.778534
219752,107.432,88.14252
219782,89.289,91.21385
219773,85.448,85.383255
219771,85.258,84.65509
219772,84.843,84.2463
219775,87.688,88.26035
219804,84.679,85.597374
219790,80.283,82.00224
219858,88.971,83.48035
219801,82.54,82.25183
219878,83.522,84.662735
219897,80.614,80.001
219865,86.828,88.085106
219898,83.405,84.25229
219891,61.274,76.170395
219892,77.65,77.746254
219934,85.5,85.24105
219933,82.999,84.745865
219956,95.748,89.22998
219966,94.787,95.24623
219969,87.115,85.86654
220015,89.904,90.40642
219938,80.368,86.95511
220053,99.658,103.41603
220051,92.287,91.13843
220060,70.633,75.07348
220016,78.486,78.266266
220067,69.528,76.27103
220065,84.157,85.332306
220079,71.225,73.17293
220075,88.344,71.57946
220077,86.445,84.44837
220087,86.802,85.32651
220069,82.523,78.58644
220095,79.39,85.55905
220094,79.611,86.930275
220092,62.636,69.37191
220101,87.881,70.56168
220033,67.616,68.983696
220126,78.6,78.01293
220136,76.476,78.12992
220131,77.903,74.28557
220147,78.484,74.956924
220133,57.059,60.000404
220146,76.344,76.60438
220168,74.789,77.62279
220175,73.963,77.04115
220201,59.511,59.81125
220232,78.779,77.93903
220213,57.329,60.690933
220257,91.503,91.40397
220242,85.693,83.91405
220259,86.241,87.2747
220255,85.713,86.02064
220227,77.72,76.5821
220282,77.673,79.50213
220314,79.525,81.686424
220313,87.179,86.2014
220306,80.599,81.32962
220283,79.622,80.88377
220339,80.657,84.37814
220309,76.469,78.72448
220311,79.499,79.9784
220300,59.769,58.691143
220346,76.864,84.6199
220368,69.05,68.72571
220351,88.946,85.16062
220310,77.75,76.95216
220352,79.458,79.32163
220394,84.088,85.13228
220407,79.445,87.99161
220398,90.887,92.52327
220388,83.343,83.71016
220405,86.656,85.79645
220389,77.027,79.73325
220383,83.718,84.346306
220427,85.518,86.25983
220443,96.379,95.03305
220402,80.403,80.747665
220426,88.5,86.20968
220430,81.211,82.4647
220453,77.108,77.02847
220467,93.016,93.60493
220464,84.981,83.74342
220475,90.748,89.01684
220473,80.257,81.3633
220491,80.841,92.05245
220492,78.373,89.11285
220433,84.055,83.12457
220429,82.217,80.84337
220428,80.45,80.55731
220455,81.168,80.483025
220530,84.916,84.2514
220546,85.161,86.579796
220545,101.061,101.020874
220580,96.417,98.75367
220556,85.669,86.28433
220565,80.595,81.70398
220568,82.677,83.48035
220569,74.415,73.7115
220599,89.891,88.144165
220570,85.8,86.653275
220615,90.572,91.94162
220571,82.301,81.76361
220633,69.065,74.21891
220646,87.873,86.99313
220645,83.79,81.54116
220664,89.831,88.879745
220663,90.27,88.94153
220607,71.868,71.74141
220689,93.37,88.84463
220701,87.97,90.46229
220690,74.564,73.79112
220703,82.476,85.11897
220704,89.463,90.93731
220705,88.58,90.294334
220706,81.533,84.137764
220676,86.216,86.47947
220605,77.806,77.774185
220678,85.587,83.63347
220728,80.039,80.219376
220739,82.61,80.54835
220738,79.074,78.26638
220740,82.41,81.575836
220634,72.894,74.14179
220781,89.137,90.87966
220772,79.012,80.13738
220791,86.436,86.51092
220793,87.591,88.73975
220777,88.119,87.03459
220806,85.406,86.79191
220822,88.388,85.78505
220838,94.924,95.40742
220696,69.607,71.235405
220839,78.094,77.23088
