{
  "n": 1634,
  "feature_comparison": {
    "desc63": {
      "MAE": 2.2282115023159683,
      "RMSE": 3.0180063623920685,
      "R2": 0.5757819759387904
    },
    "desc63+cat": {
      "MAE": 2.223526274087097,
      "RMSE": 3.0197004160142953,
      "R2": 0.5753056020097156
    }
  },
  "category_feature_delta_mae": 0.0046852282288711855,
  "applicability_domain": {
    "aromatic_carbo": {
      "n": 1006,
      "MAE": 2.1583911795745707,
      "RMSE": 2.9576473903842935,
      "dG_median": 4.85445
    },
    "aromatic_hetero": {
      "n": 628,
      "MAE": 2.3400574333316455,
      "RMSE": 3.1122574632071474,
      "dG_median": 4.9045
    }
  }
}