{
  "model": "xgb",
  "params": {},
  "target": "dG_orca_kcal",
  "n_samples": 1634,
  "n_features": 63,
  "folds": 5,
  "repeats": 3,
  "cv_xtb_baseline": {
    "MAE": 12.655263035495718,
    "RMSE": 13.147704327148244,
    "R2": -7.050978604358832
  },
  "cv_delta_learning": {
    "MAE": 2.2282115023159683,
    "RMSE": 3.0180063623920685,
    "R2": 0.5757819759387904
  },
  "feature_medians": {
    "MW": 366.503,
    "ExactMW": 366.161654,
    "LogP": 3.4143999999999997,
    "MolMR": 94.17045,
    "TPSA": 62.84,
    "HBD": 1.0,
    "HBA": 4.0,
    "RotBonds": 4.0,
    "ArRings": 2.0,
    "ArHetRings": 1.0,
    "AlRings": 1.0,
    "Rings": 3.0,
    "Heteroatoms": 7.0,
    "FractionCSP3": 0.272727,
    "BertzCT": 864.393939,
    "Chi0v": 14.754949499999999,
    "Chi1v": 8.568591,
    "Kappa1": 17.723983,
    "Kappa2": 6.9014585,
    "LabuteASA": 149.88506,
    "NumStereocenters": 0.0,
    "gasteiger_CHO_C": 0.15257949999999998,
    "gasteiger_CHO_O": -0.29778,
    "gasteiger_maxpos": 0.2641385,
    "gasteiger_minneg": -0.396278,
    "xtb_energy": -75.568682536829,
    "xtb_HOMO": -10.374600000000001,
    "xtb_LUMO": -8.1913,
    "xtb_gap": 2.22935,
    "xtb_IP": 7.59875,
    "xtb_EA": 1.0527,
    "xtb_mu": -4.3202750000000005,
    "xtb_eta": 3.29015,
    "xtb_omega": 2.857,
    "xtb_dipole": 5.084,
    "mulliken_CHO_C": 0.2055845,
    "mulliken_CHO_O": -0.34295149999999996,
    "fukui_plus_CHO_C": 0.034788,
    "fukui_minus_CHO_C": 0.0031910000000000003,
    "fukui_0_CHO_C": 0.019008,
    "dual_descriptor_CHO_C": 0.0314835,
    "wbo_CO": 1.8466835000000001,
    "xtb_alpha0": 239.5525,
    "xtb_C6": 24208.254999999997,
    "pa_CHO_O": 55.3113,
    "vbur_CHO_C": 46.2032,
    "sterimol_L": 9.402249999999999,
    "sterimol_B1": 2.2065,
    "sterimol_B5": 8.2532,
    "SASA_total": 565.83935,
    "P_int": 19.6982,
    "wfn_HOMO": -10.374577500000001,
    "wfn_LUMO": -8.1913015,
    "wfn_gap": 2.229343,
    "adch_CHO_C": 0.099978,
    "adch_CHO_O": -0.32969499999999996,
    "adch_fukui_plus_CHO_C": 0.062969,
    "adch_fukui_minus_CHO_C": 0.0174345,
    "adch_fukui_minus_CHO_O": 0.085585,
    "qtaim_rho_CO": 0.3948915,
    "qtaim_lap_CO": -0.106312,
    "qtaim_ell_CO": 0.164122,
    "dG_xtb_kcal": -7.9668
  }
}