{
  "model": "xgb",
  "target": "dG_orca_kcal",
  "baseline": "dG_gxtb_kcal",
  "n_samples": 32456,
  "n_pairs": 16241,
  "n_features": 260,
  "folds": 5,
  "repeats": 20,
  "cv_delta_learning": {
    "MAE": 2.122136494840926,
    "RMSE": 3.9792857403631356,
    "R2": 0.5083791312942211
  },
  "cv_gxtb_baseline": {
    "MAE": 3.9049837991485505,
    "RMSE": 5.862601200131106,
    "R2": -0.06708929663514351
  },
  "cv_xtb_baseline": {
    "MAE": 15.860158562634654,
    "RMSE": 16.380642382644346,
    "R2": -7.330708084932988
  },
  "frozen_holdout_candidates_v3": {
    "n_train": 31617,
    "n_test": 29,
    "delta": {
      "MAE": 3.3095831718446105,
      "RMSE": 4.203706527900306,
      "R2": 0.8454459036791159
    },
    "gxtb_baseline": {
      "MAE": 5.315198304509104,
      "RMSE": 7.330420757897835,
      "R2": 0.5300263071920199
    }
  },
  "n_final_fit": 32405,
  "n_excluded_test_validation_leakage": 51,
  "feature_medians": {
    "donor_G_xtb": -57.302339066717,
    "donor_G_gxtb": -1133.970405030299,
    "donor_xtb_energy": -57.46040043318,
    "donor_xtb_HOMO": -10.6573,
    "donor_xtb_LUMO": -8.0743,
    "donor_xtb_gap": 2.5422,
    "donor_xtb_IP": 8.0518,
    "donor_xtb_EA": 0.7922,
    "donor_xtb_mu": -4.356,
    "donor_xtb_eta": 3.62925,
    "donor_xtb_omega": 2.664988,
    "donor_xtb_dipole": 4.593,
    "donor_mulliken_CHO_C": 0.207241,
    "donor_mulliken_CHO_O": -0.3298855,
    "donor_fukui_plus_CHO_C": 0.040395,
    "donor_fukui_minus_CHO_C": 0.003995,
    "donor_fukui_0_CHO_C": 0.022441,
    "donor_dual_descriptor_CHO_C": 0.036002,
    "donor_wbo_CO": 1.8720905,
    "donor_pa_CHO_O": 49.609,
    "donor_vbur_CHO_C": 47.533950000000004,
    "donor_sterimol_L": 8.27215,
    "donor_sterimol_B1": 2.0869,
    "donor_sterimol_B5": 7.60145,
    "donor_SASA_total": 463.8181,
    "donor_P_int": 18.8644,
    "donor_bde_gxtb_kcal": 84.7355,
    "acceptor_G_xtb": -57.28310523439,
    "acceptor_G_gxtb": -1133.4132943159468,
    "acceptor_xtb_energy": -57.45443346966,
    "acceptor_xtb_HOMO": -10.6574,
    "acceptor_xtb_LUMO": -8.0743,
    "acceptor_xtb_gap": 2.5422,
    "acceptor_xtb_IP": 8.0523,
    "acceptor_xtb_EA": 0.7923,
    "acceptor_xtb_mu": -4.356,
    "acceptor_xtb_eta": 3.62945,
    "acceptor_xtb_omega": 2.664988,
    "acceptor_xtb_dipole": 4.593,
    "acceptor_mulliken_CHO_C": 0.207241,
    "acceptor_mulliken_CHO_O": -0.32987,
    "acceptor_fukui_plus_CHO_C": 0.040395,
    "acceptor_fukui_minus_CHO_C": 0.003996,
    "acceptor_fukui_0_CHO_C": 0.0224425,
    "acceptor_dual_descriptor_CHO_C": 0.035996,
    "acceptor_wbo_CO": 1.872103,
    "acceptor_pa_CHO_O": 49.60755,
    "acceptor_vbur_CHO_C": 47.5348,
    "acceptor_sterimol_L": 8.272,
    "acceptor_sterimol_B1": 2.0869,
    "acceptor_sterimol_B5": 7.6002,
    "acceptor_SASA_total": 463.7499,
    "acceptor_P_int": 18.8642,
    "acceptor_bde_gxtb_kcal": 84.738,
    "xtb_energy": -119.831314863877,
    "xtb_HOMO": -10.2582,
    "xtb_LUMO": -8.1025,
    "xtb_gap": 2.1428,
    "xtb_IP": 7.2627,
    "xtb_EA": 1.2348,
    "xtb_mu": -4.2245,
    "xtb_eta": 3.01295,
    "xtb_omega": 2.991204,
    "xtb_dipole": 6.05,
    "mulliken_ketC": 0.218477,
    "mulliken_ketO": -0.362973,
    "mulliken_carbC": 0.094929,
    "mulliken_hydO": -0.439419,
    "mulliken_hydH": 0.317556,
    "wbo_CO_ket": 1.8146045,
    "wbo_CC_new": 0.9518475,
    "wbo_CO_carb": 1.0097304999999999,
    "fukui_plus_ketC": 0.036345,
    "fukui_minus_ketC": 0.003037,
    "fukui_0_ketC": 0.0197715,
    "dual_ketC": 0.033100500000000005,
    "fukui_plus_carbC": -0.0025405000000000002,
    "fukui_minus_carbC": 0.0004975,
    "fukui_0_carbC": -0.000983,
    "dual_carbC": -0.003129,
    "pa_ketO": 55.0747,
    "vbur_ketC": 73.8807,
    "vbur_carbC": 72.4585,
    "sterimol_L": 7.9618,
    "sterimol_B1": 2.5807,
    "sterimol_B5": 10.2413,
    "SASA_total": 767.4182,
    "P_int": 21.3186,
    "hb_dist": 2.0596,
    "hb_angle": 115.8341,
    "dih_core": -0.1575,
    "bde_gxtb_kcal": 49.3425,
    "product_MW": 584.709,
    "product_LogP": 5.5132,
    "product_TPSA": 105.53,
    "product_HBD": 2.0,
    "product_HBA": 7.0,
    "product_RotBonds": 9.0,
    "product_ArRings": 3.0,
    "product_ArHetRings": 1.0,
    "product_AlRings": 1.0,
    "product_Rings": 4.0,
    "product_Heteroatoms": 11.0,
    "product_FractionCSP3": 0.310345,
    "product_BertzCT": 1491.421411,
    "product_Kappa2": 11.729661,
    "product_NumStereocenters": 2.0,
    "product_n_CHO": 0.0,
    "donor_MW": 282.318,
    "donor_LogP": 2.94988,
    "donor_TPSA": 48.03,
    "donor_HBD": 0.0,
    "donor_HBA": 3.0,
    "donor_RotBonds": 4.0,
    "donor_ArRings": 2.0,
    "donor_ArHetRings": 0.0,
    "donor_AlRings": 0.0,
    "donor_Rings": 2.0,
    "donor_Heteroatoms": 6.0,
    "donor_FractionCSP3": 0.25,
    "donor_BertzCT": 586.755428,
    "donor_Kappa2": 5.565665,
    "donor_NumStereocenters": 0.0,
    "donor_n_CHO": 1.0,
    "acceptor_MW": 282.318,
    "acceptor_LogP": 2.9496,
    "acceptor_TPSA": 48.03,
    "acceptor_HBD": 0.0,
    "acceptor_HBA": 3.0,
    "acceptor_RotBonds": 4.0,
    "acceptor_ArRings": 2.0,
    "acceptor_ArHetRings": 0.0,
    "acceptor_AlRings": 0.0,
    "acceptor_Rings": 2.0,
    "acceptor_Heteroatoms": 6.0,
    "acceptor_FractionCSP3": 0.25,
    "acceptor_BertzCT": 586.713466,
    "acceptor_Kappa2": 5.56459,
    "acceptor_NumStereocenters": 0.0,
    "acceptor_n_CHO": 1.0,
    "donor_ald_mordred_PPSA5": 20.19663452856524,
    "donor_ald_mordred_DPSA4": 25.143770639286565,
    "donor_ald_mordred_WNSA1": 102.53140850381156,
    "donor_ald_mordred_WNSA3": -17.951792054994897,
    "donor_ald_mordred_WPSA1": 114.69082450830015,
    "donor_ald_mordred_RNCG": 0.2438597949866865,
    "donor_ald_mordred_TPSA": 104.44192303902338,
    "donor_ald_mordred_GeomDiameter": 10.575432447205948,
    "donor_ald_mordred_Mor10": -0.27541549864802817,
    "donor_ald_mordred_Mor02m": 15.614438656916631,
    "donor_ald_mordred_Mor03m": -2.5132754790654164,
    "donor_ald_mordred_Mor10m": 0.5857678826626322,
    "donor_ald_mordred_Mor18m": -0.6192100244170123,
    "donor_ald_mordred_Mor19m": -0.018341889182897052,
    "donor_ald_mordred_Mor22m": -0.030162318067268,
    "donor_ald_mordred_Mor23m": -0.2551924335943019,
    "donor_ald_mordred_Mor03v": -1.7854680628213035,
    "donor_ald_mordred_Mor04v": -0.2388717222536679,
    "donor_ald_mordred_Mor12v": 0.29836392506827747,
    "donor_ald_mordred_Mor25v": 0.3953482401370969,
    "donor_ald_mordred_Mor02se": 25.433154839108134,
    "donor_ald_mordred_Mor03se": -4.019221187520879,
    "donor_ald_mordred_Mor04se": 1.2011126381755721,
    "donor_ald_mordred_Mor06se": -2.1065453087528017,
    "donor_ald_mordred_Mor25se": 0.760831823208321,
    "donor_ald_mordred_Mor05p": -3.1766501595873247,
    "donor_ald_mordred_Mor15p": 0.5972427189706058,
    "donor_ald_mordred_MOMI-Z": 816.8578094280838,
    "acceptor_ald_mordred_PPSA5": 20.19087346560337,
    "acceptor_ald_mordred_WNSA1": 102.51136079238502,
    "acceptor_ald_mordred_WNSA3": -17.946714387654072,
    "acceptor_ald_mordred_WNSA4": -5.483366371258605,
    "acceptor_ald_mordred_WPSA1": 114.64815901121442,
    "acceptor_ald_mordred_WPSA3": 8.161599915548964,
    "acceptor_ald_mordred_RNCG": 0.2438550976868843,
    "acceptor_ald_mordred_TASA": 363.2769111390551,
    "acceptor_ald_mordred_GeomDiameter": 10.574217626613605,
    "acceptor_ald_mordred_Mor08": 0.5507734618496547,
    "acceptor_ald_mordred_Mor09": -0.2853340062815815,
    "acceptor_ald_mordred_Mor16": 0.1721454862925692,
    "acceptor_ald_mordred_Mor17": -0.5267301993404931,
    "acceptor_ald_mordred_Mor02m": 15.613988836948169,
    "acceptor_ald_mordred_Mor04m": -0.4653212651042803,
    "acceptor_ald_mordred_Mor07m": 3.0641114865688084,
    "acceptor_ald_mordred_Mor08m": -1.1981206961854391,
    "acceptor_ald_mordred_Mor11m": 0.1242719222979165,
    "acceptor_ald_mordred_Mor18m": -0.6190870208726661,
    "acceptor_ald_mordred_Mor24m": 0.0357432251824676,
    "acceptor_ald_mordred_Mor25m": 0.3751778498132824,