{
  "n": 1644,
  "feature_comparison": {
    "desc63": {
      "MAE": 1.999678361451878,
      "RMSE": 2.8203658738909536,
      "R2": 0.6961061746008027
    },
    "desc63+cat": {
      "MAE": 1.9964525351943467,
      "RMSE": 2.8099675185498976,
      "R2": 0.6983428849127274
    }
  },
  "category_feature_delta_mae": 0.003225826257531317,
  "applicability_domain": {
    "aromatic_carbo": {
      "n": 1014,
      "MAE": 1.926376962929397,
      "RMSE": 2.74563719988341,
      "dG_median": 4.882899999999999
    },
    "aromatic_hetero": {
      "n": 630,
      "MAE": 2.117658707645206,
      "RMSE": 2.936652693625935,
      "dG_median": 4.93965
    }
  }
}