{
  "model": "xgb",
  "params": {},
  "target": "dG_orca_kcal",
  "n_samples": 1644,
  "n_features": 63,
  "folds": 5,
  "repeats": 3,
  "cv_xtb_baseline": {
    "MAE": 2.880248236009732,
    "RMSE": 3.8506968415776397,
    "R2": 0.4335134130042576
  },
  "cv_delta_learning": {
    "MAE": 1.999678361451878,
    "RMSE": 2.8203658738909536,
    "R2": 0.6961061746008027
  },
  "feature_medians": {
    "MW": 366.3225,
    "ExactMW": 366.06804650000004,
    "LogP": 3.4017,
    "MolMR": 93.8999,
    "TPSA": 63.019999999999996,
    "HBD": 1.0,
    "HBA": 4.0,
    "RotBonds": 4.0,
    "ArRings": 2.0,
    "ArHetRings": 1.0,
    "AlRings": 1.0,
    "Rings": 3.0,
    "Heteroatoms": 7.0,
    "FractionCSP3": 0.272727,
    "BertzCT": 862.8218015,
    "Chi0v": 14.697407,
    "Chi1v": 8.558395,
    "Kappa1": 17.674041000000003,
    "Kappa2": 6.8876740000000005,
    "LabuteASA": 149.67335450000002,
    "NumStereocenters": 0.0,
    "gasteiger_CHO_C": 0.152578,
    "gasteiger_CHO_O": -0.29778,
    "gasteiger_maxpos": 0.2647165,
    "gasteiger_minneg": -0.396358,
    "xtb_energy": -75.41427128059101,
    "xtb_HOMO": -10.38065,
    "xtb_LUMO": -8.193750000000001,
    "xtb_gap": 2.23285,
    "xtb_IP": 7.60445,
    "xtb_EA": 1.0571,
    "xtb_mu": -4.3256,
    "xtb_eta": 3.2931,
    "xtb_omega": 2.8665054999999997,
    "xtb_dipole": 5.098000000000001,
    "mulliken_CHO_C": 0.20558549999999998,
    "mulliken_CHO_O": -0.3427935,
    "fukui_plus_CHO_C": 0.034797999999999996,
    "fukui_minus_CHO_C": 0.0031975,
    "fukui_0_CHO_C": 0.0190255,
    "dual_descriptor_CHO_C": 0.0314835,
    "wbo_CO": 1.8469060000000002,
    "xtb_alpha0": 239.1086,
    "xtb_C6": 24081.055,
    "pa_CHO_O": 55.2568,
    "vbur_CHO_C": 46.24405,
    "sterimol_L": 9.3875,
    "sterimol_B1": 2.2024,
    "sterimol_B5": 8.2517,
    "SASA_total": 563.42025,
    "P_int": 19.6995,
    "wfn_HOMO": -10.380657,
    "wfn_LUMO": -8.1937785,
    "wfn_gap": 2.2328650000000003,
    "adch_CHO_C": 0.10034,
    "adch_CHO_O": -0.329525,
    "adch_fukui_plus_CHO_C": 0.0632575,
    "adch_fukui_minus_CHO_C": 0.0176915,
    "adch_fukui_minus_CHO_O": 0.085585,
    "qtaim_rho_CO": 0.3949235,
    "qtaim_lap_CO": -0.106132,
    "qtaim_ell_CO": 0.1640945,
    "dG_xtb_kcal": 4.8162
  },
  "baseline": "gxtb_cosmo_dmso"
}