{
  "model": "xgb",
  "target": "dG_orca_kcal",
  "baseline": "dG_gxtb_kcal",
  "n_samples": 598,
  "n_pairs": 299,
  "n_features": 150,
  "folds": 5,
  "repeats": 20,
  "cv_delta_learning": {
    "MAE": 2.106373889665924,
    "RMSE": 2.715494346047259,
    "R2": 0.7075269781047102
  },
  "cv_gxtb_baseline": {
    "MAE": 3.444921780771186,
    "RMSE": 4.565453343197154,
    "R2": 0.173284987210382
  },
  "cv_xtb_baseline": {
    "MAE": 15.677792215849813,
    "RMSE": 16.05017788470631,
    "R2": -9.217572000086935
  },
  "frozen_holdout_candidates_v3": {
    "n_train": 398,
    "n_test": 14,
    "delta": {
      "MAE": 2.638504614689677,
      "RMSE": 3.097001735851071,
      "R2": 0.6973962446838604
    },
    "gxtb_baseline": {
      "MAE": 3.0781313758383106,
      "RMSE": 3.6578470385196535,
      "R2": 0.5778736168009457
    }
  },
  "feature_medians": {
    "donor_G_xtb": -57.707871331983,
    "donor_G_gxtb": -1089.338128591425,
    "donor_xtb_energy": -57.854961108779,
    "donor_xtb_HOMO": -10.7068,
    "donor_xtb_LUMO": -8.12575,
    "donor_xtb_gap": 2.53245,
    "donor_xtb_IP": 8.06405,
    "donor_xtb_EA": 0.8187,
    "donor_xtb_mu": -4.369325,
    "donor_xtb_eta": 3.633025,
    "donor_xtb_omega": 2.7132775000000002,
    "donor_xtb_dipole": 4.6045,
    "donor_mulliken_CHO_C": 0.2071265,
    "donor_mulliken_CHO_O": -0.3299355,
    "donor_fukui_plus_CHO_C": 0.0406375,
    "donor_fukui_minus_CHO_C": 0.0040645,
    "donor_fukui_0_CHO_C": 0.0224865,
    "donor_dual_descriptor_CHO_C": 0.036595,
    "donor_wbo_CO": 1.8710545,
    "donor_pa_CHO_O": 49.6283,
    "donor_vbur_CHO_C": 47.34615,
    "donor_sterimol_L": 8.3217,
    "donor_sterimol_B1": 2.0404999999999998,
    "donor_sterimol_B5": 7.730499999999999,
    "donor_SASA_total": 465.59135000000003,
    "donor_P_int": 18.84505,
    "donor_bde_gxtb_kcal": 84.945,
    "acceptor_G_xtb": -57.707871331983,
    "acceptor_G_gxtb": -1089.338128591425,
    "acceptor_xtb_energy": -57.854961108779,
    "acceptor_xtb_HOMO": -10.7068,
    "acceptor_xtb_LUMO": -8.12575,
    "acceptor_xtb_gap": 2.53245,
    "acceptor_xtb_IP": 8.06405,
    "acceptor_xtb_EA": 0.8187,
    "acceptor_xtb_mu": -4.369325,
    "acceptor_xtb_eta": 3.633025,
    "acceptor_xtb_omega": 2.7132775000000002,
    "acceptor_xtb_dipole": 4.6045,
    "acceptor_mulliken_CHO_C": 0.2071265,
    "acceptor_mulliken_CHO_O": -0.3299355,
    "acceptor_fukui_plus_CHO_C": 0.0406375,
    "acceptor_fukui_minus_CHO_C": 0.0040645,
    "acceptor_fukui_0_CHO_C": 0.0224865,
    "acceptor_dual_descriptor_CHO_C": 0.036595,
    "acceptor_wbo_CO": 1.8710545,
    "acceptor_pa_CHO_O": 49.6283,
    "acceptor_vbur_CHO_C": 47.34615,
    "acceptor_sterimol_L": 8.3217,
    "acceptor_sterimol_B1": 2.0404999999999998,
    "acceptor_sterimol_B5": 7.730499999999999,
    "acceptor_SASA_total": 465.59135000000003,
    "acceptor_P_int": 18.84505,
    "acceptor_bde_gxtb_kcal": 84.945,
    "xtb_energy": -120.64393649230499,
    "xtb_HOMO": -10.30015,
    "xtb_LUMO": -8.09065,
    "xtb_gap": 2.1767,
    "xtb_IP": 7.305,
    "xtb_EA": 1.193,
    "xtb_mu": -4.2063500000000005,
    "xtb_eta": 3.028575,
    "xtb_omega": 2.9366649999999996,
    "xtb_dipole": 5.8469999999999995,
    "mulliken_ketC": 0.21805950000000002,
    "mulliken_ketO": -0.3624195,
    "mulliken_carbC": 0.0952905,
    "mulliken_hydO": -0.439515,
    "mulliken_hydH": 0.31774100000000005,
    "wbo_CO_ket": 1.81328,
    "wbo_CC_new": 0.952272,
    "wbo_CO_carb": 1.0095260000000001,
    "fukui_plus_ketC": 0.0377995,
    "fukui_minus_ketC": 0.0030350000000000004,
    "fukui_0_ketC": 0.020139,
    "dual_ketC": 0.0344945,
    "fukui_plus_carbC": -0.0025120000000000003,
    "fukui_minus_carbC": 0.0004395,
    "fukui_0_carbC": -0.0008775,
    "dual_carbC": -0.0029360000000000002,
    "pa_ketO": 55.2432,
    "vbur_ketC": 73.54965000000001,
    "vbur_carbC": 72.31555,
    "sterimol_L": 7.933249999999999,
    "sterimol_B1": 2.5754,
    "sterimol_B5": 10.2462,
    "SASA_total": 771.1729,
    "P_int": 21.32405,
    "hb_dist": 2.05085,
    "hb_angle": 116.0361,
    "dih_core": -0.93745,
    "bde_gxtb_kcal": 49.388000000000005,
    "product_MW": 581.678,
    "product_LogP": 5.59592,
    "product_TPSA": 102.79,
    "product_HBD": 2.0,
    "product_HBA": 6.0,
    "product_RotBonds": 9.0,
    "product_ArRings": 3.0,
    "product_ArHetRings": 1.0,
    "product_AlRings": 0.0,
    "product_Rings": 4.0,
    "product_Heteroatoms": 11.0,
    "product_FractionCSP3": 0.317073,
    "product_BertzCT": 1496.330423,
    "product_Kappa2": 11.94782,
    "product_NumStereocenters": 2.0,
    "product_n_CHO": 0.0,
    "donor_MW": 279.9735,
    "donor_LogP": 3.0832100000000002,
    "donor_TPSA": 47.78,
    "donor_HBD": 0.0,
    "donor_HBA": 3.0,
    "donor_RotBonds": 4.0,
    "donor_ArRings": 2.0,
    "donor_ArHetRings": 0.0,
    "donor_AlRings": 0.0,
    "donor_Rings": 2.0,
    "donor_Heteroatoms": 5.0,
    "donor_FractionCSP3": 0.25,
    "donor_BertzCT": 577.1985784999999,
    "donor_Kappa2": 5.625596,
    "donor_NumStereocenters": 0.0,
    "donor_n_CHO": 1.0,
    "acceptor_MW": 279.9735,
    "acceptor_LogP": 3.0832100000000002,
    "acceptor_TPSA": 47.78,
    "acceptor_HBD": 0.0,
    "acceptor_HBA": 3.0,
    "acceptor_RotBonds": 4.0,
    "acceptor_ArRings": 2.0,
    "acceptor_ArHetRings": 0.0,
    "acceptor_AlRings": 0.0,
    "acceptor_Rings": 2.0,
    "acceptor_Heteroatoms": 5.0,
    "acceptor_FractionCSP3": 0.25,
    "acceptor_BertzCT": 577.1985784999999,
    "acceptor_Kappa2": 5.625596,
    "acceptor_NumStereocenters": 0.0,
    "acceptor_n_CHO": 1.0,
    "interaction_gap_HOMOd_LUMOa": -2.569650000000001,
    "interaction_fukui_match": 0.000162499536,
    "interaction_absdiff_xtb_gap": 0.4377000000000004,
    "interaction_absdiff_xtb_dipole": 2.031,
    "interaction_absdiff_sterimol_L": 2.2754000000000003,
    "interaction_absdiff_sterimol_B1": 0.31779999999999986,
    "interaction_absdiff_sterimol_B5": 2.3687000000000005,
    "interaction_absdiff_SASA_total": 113.88910000000004,
    "interaction_absdiff_MW": 94.42899999999997,
    "interaction_absdiff_TPSA": 21.720000000000006
  },
  "ablations": [
    {
      "block": "2D_only",
      "n_feats": 48,
      "MAE": 2.9052337456363997,
      "RMSE": 3.7092014513588545,
      "R2": 0.4543064146243945
    },
    {
      "block": "aldehydes_only",
      "n_feats": 54,
      "MAE": 2.7063190338849528,
      "RMSE": 3.489964663999111,
      "R2": 0.5169077547959402
    },
    {
      "block": "product_only",
      "n_feats": 54,
      "MAE": 2.2364350080480286,
      "RMSE": 2.8903332660380627,
      "R2": 0.6686523846637762
    },
    {
      "block": "donor+acceptor",
      "n_feats": 102,
      "MAE": 2.720306749898012,
      "RMSE": 3.4882393318484195,
      "R2": 0.5173852888889575
    },
    {
      "block": "all_raw_blocks",
      "n_feats": 140,
      "MAE": 2.0835463071283624,
      "RMSE": 2.6859154374718113,
      "R2": 0.7138638843002113
    },
    {
      "block": "all+interaction",
      "n_feats": 150,
      "MAE": 2.106373889665924,
      "RMSE": 2.715494346047259,
      "R2": 0.7075269781047102
    }
  ]
}