{
  "model": "triple_gnn_gine_h128_l4",
  "init_from_homo": "data/cross_benzoin/homo_v6/viz_gxtb_20260625/gnn_dual_champion275_ALIGNEDV2_state_20260713.pt",
  "extra_val_frac": 0.05,
  "n_train": 25088,
  "n_val": 59,
  "n_test": 29,
  "gnn_frozen_holdout_mae": 2.819627285003662,
  "stacking_common_n": 29,
  "ensemble_only_mae": 2.5474499135875184,
  "gnn_only_mae": 2.819627285003662,
  "best_blend_w_gnn": 0.15000000000000002,
  "best_blend_mae": 2.5313982873716743,
  "reference_single_xgb_frozen_holdout_mae": 2.983,
  "reference_ensemble_frozen_holdout_mae": 2.633
}