E_acyl_sp_gfn2geom_Eh,E_acyl_opt_dftgeom_Eh,E_parent_opt_dftgeom_Eh,bde_dft_sp_gfn2geom_kcal,bde_dft_opt_dftgeom_kcal,id,sample_group,smiles,bde_gxtb_kcal,bde_alfabet_kcal,E_parent_sp_gfn2geom_Eh,E_h_Eh,Delta_SP,Delta_geom,Delta_tot
-3288.388332118828,-3288.39875644167,-3289.048810991515,100.04001314692061,95.83833921663529,123639,selenium,C1=CC=C(C=C1)COCCCC[C@@H](C=O)[Se]C2=CC=CC=C2,86.693,,-3289.04508246229,-0.497326434673,-13.347013146920617,4.201673930285324,-9.145339216635293
-2002.173390472624,-2002.18512497538,-2002.805411943568,76.51542663846375,77.15889970888082,73568,nitro,C1[C@@H](CN([C@@]1(C=O)NC2=NC(=CC=C2)OC(F)F)C(=O)OCC3=CC=C(C=C3)[N+](=O)[O-])S,87.722,,-2002.792652001202,-0.497326434673,11.206573361536243,-0.6434730704170732,10.56310029111917
