E_acyl_sp_gfn2geom_Eh,E_acyl_opt_dftgeom_Eh,E_parent_opt_dftgeom_Eh,bde_dft_sp_gfn2geom_kcal,bde_dft_opt_dftgeom_kcal,id,sample_group,smiles,bde_gxtb_kcal,bde_alfabet_kcal,E_parent_sp_gfn2geom_Eh,E_h_Eh,Delta_SP,Delta_geom,Delta_tot
-3659.434475592436,-3659.439979060151,-3660.099043765864,103.43640332708662,101.49229738577078,201144,selenium,CC1=C(SC2=C1SC(=C2C)[Se]C)C=O,84.42,,-3660.096638428172,-0.497326434673,-19.01640332708662,1.94410594131584,-17.07229738577078
-1050.406034135256,-1050.437847870998,-1051.087339222562,111.89907636505349,95.48492695954043,38850,n_oxide,C[N+]1(CCC(=C2C3=CC=CC=C3CCN4C2=NC=C4C=O)CC1)[O-],87.27,,-1051.081683098913,-0.497326434673,-24.629076365053493,16.414149405513058,-8.214926959540435
