E_acyl_sp_gfn2geom_Eh,E_acyl_opt_dftgeom_Eh,E_parent_opt_dftgeom_Eh,bde_dft_sp_gfn2geom_kcal,bde_dft_opt_dftgeom_kcal,id,sample_group,smiles,bde_gxtb_kcal,bde_alfabet_kcal,E_parent_sp_gfn2geom_Eh,E_h_Eh,Delta_SP,Delta_geom,Delta_tot
-3130.953472971507,-3130.960875406285,-3131.611317036711,97.78022120257172,96.08123594830248,118478,selenium,C1=CC=C(C=C1)[Se]C2=C3C=CC=CC=C3C(=C2)C=O,77.291,,-3131.606622107277,-0.497326434673,-20.489221202571727,1.698985254269246,-18.79023594830248
-1746.421984965934,-1746.440445051321,-1747.089478676424,98.06476129871795,95.19769926888245,216237,n_oxide,COC1=CC=CC=C1N(C2CCC(=O)N3[N+]2(CC(CNC3)C(=O)NC(CC(=O)O)C=O)[O-])C(=O)N,65.251,,-1747.07558754521,-0.497326434673,-32.81376129871795,2.867062029835509,-29.94669926888244
