E_acyl_sp_gfn2geom_Eh,E_acyl_opt_dftgeom_Eh,E_parent_opt_dftgeom_Eh,bde_dft_sp_gfn2geom_kcal,bde_dft_opt_dftgeom_kcal,id,sample_group,smiles,bde_gxtb_kcal,bde_alfabet_kcal,E_parent_sp_gfn2geom_Eh,E_h_Eh,Delta_SP,Delta_geom,Delta_tot
-4190.389643870483,-4190.40471806616,-4191.053448958807,98.17988705781795,95.00773178478481,121074,selenium,CCOC(=O)[C@H]1CC=C(C[C@@]1(C=O)[Se]C2=CC=C(C=C2)Cl)O[Si](C)(C)C,85.376,,-4191.043429914334,-0.497326434673,-12.803887057817946,3.172155273033141,-9.631731784784805
-2101.427834537051,-2101.43892011807,-2102.056453217992,75.28908754675464,75.43082128143568,73566,nitro,C1[C@@H](CN([C@@]1(C=O)NC2=NC(=CC=C2)OC(F)(F)F)C(=O)OCC3=CC=C(C=C3)[N+](=O)[O-])S,82.626,,-2102.045141769889,-0.497326434673,7.336912453245361,-0.1417337346810399,7.195178718564321
