E_acyl_sp_gfn2geom_Eh,E_acyl_opt_dftgeom_Eh,E_parent_opt_dftgeom_Eh,bde_dft_sp_gfn2geom_kcal,bde_dft_opt_dftgeom_kcal,id,sample_group,smiles,bde_gxtb_kcal,bde_alfabet_kcal,E_parent_sp_gfn2geom_Eh,E_h_Eh,Delta_SP,Delta_geom,Delta_tot
-3344.010564826931,-3344.02323967505,-3344.671121277771,95.88330457072226,94.47479430975599,112842,selenium,CC(C)[C@@H]([C@@H](C=O)[Se]C1=CC=CC=C1)NC(=O)OC(C)(C)C,83.95,,-3344.660691033629,-0.497326434673,-11.933304570722257,1.408510260966267,-10.52479430975599
-1443.888214712284,-1443.898158966032,-1444.503701177015,68.45608648459222,67.90642487084591,119366,nitro,CCCC[C@](C)(CC=O)/C=C/[C@](C)(CCC)C1=CC=C(C=C1)OCC2=CC=C(C=C2)[N+](=O)[O-],100.074,,-1444.494632864805,-0.497326434673,31.61791351540778,0.5496616137463093,32.16757512915409
