E_acyl_sp_gfn2geom_Eh,E_acyl_opt_dftgeom_Eh,E_parent_opt_dftgeom_Eh,bde_dft_sp_gfn2geom_kcal,bde_dft_opt_dftgeom_kcal,id,sample_group,smiles,bde_gxtb_kcal,bde_alfabet_kcal,E_parent_sp_gfn2geom_Eh,E_h_Eh,Delta_SP,Delta_geom,Delta_tot
-4208.520335924297,-4208.528925074571,-4209.178933786241,97.33762637606321,95.80957532778508,201136,selenium,CN(C)C1=C[Se]C(=C1C=C2SC(=C(S2)C(=O)OC)C(=O)OC)C=O,65.66,,-4209.172779740315,-0.497326434673,-31.677626376063216,1.5280510482781295,-30.149575327785087
-1962.595232638793,-1962.600870330573,-1963.215863333774,69.45688292600268,73.83688652451148,129399,nitro,COC1=CC=C(C=C1)C2=NC(=C(C(=C2)C3=CC(=CC=C3)F)C#N)SC4=C(C=C(C=C4)[N+](=O)[O-])C=O,38.38,,-1963.203245661962,-0.497326434673,-31.076882926002675,-4.380003598508807,-35.45688652451148
