E_acyl_sp_gfn2geom_Eh,E_acyl_opt_dftgeom_Eh,E_parent_opt_dftgeom_Eh,bde_dft_sp_gfn2geom_kcal,bde_dft_opt_dftgeom_kcal,id,sample_group,smiles,bde_gxtb_kcal,bde_alfabet_kcal,E_parent_sp_gfn2geom_Eh,E_h_Eh,Delta_SP,Delta_geom,Delta_tot
-1675.315914216937,-1675.324217381149,-1675.986562191299,104.27934796638881,103.55059399595389,20144,nitro,COC1=C(C=C2C(=C1)C(=NC(=N2)NC3=CC(=C(C=C3)F)C=O)NCC4=CC(=CC=C4)[N+](=O)[O-])OC,92.462,,-1675.979420370462,-0.497326434673,-11.817347966388809,0.7287539704349228,-11.088593995953886
-1063.271324610134,-1063.277563377927,-1063.921810308365,90.8310035826251,92.1940030173246,50950,control,C1CCC(CC1)NCCC2(CCCN(C2)C3=CC=CC=C3F)C=O,74.87,,-1063.913399462713,-0.497326434673,-15.961003582625096,-1.3629994346995034,-17.3240030173246
