E_acyl_sp_gfn2geom_Eh,E_acyl_opt_dftgeom_Eh,E_parent_opt_dftgeom_Eh,bde_dft_sp_gfn2geom_kcal,bde_dft_opt_dftgeom_kcal,id,sample_group,smiles,bde_gxtb_kcal,bde_alfabet_kcal,E_parent_sp_gfn2geom_Eh,E_h_Eh,Delta_SP,Delta_geom,Delta_tot
-1354.611850867918,-1354.622141889845,-1355.268656210198,90.03325961097407,93.61681167038496,3822,imine,CC(C)COC(=O)N[C@@H](CC1=CC=CC=C1)C(=O)N[C@@H](CCCN=C(N)N)C=O,61.008,,-1355.252654434557,-0.497326434673,-29.025259610974068,-3.5835520594108914,-32.60881167038496
-4628.797019436443,-4628.804670098123,-4629.45274688159,96.06920372349539,94.59727207744427,70765,control,C1=C(SC(=C1)C2=CC=C(S2)C3=CC(=C(C(=C3N)N=S)Br)F)C=O,81.441,,-4629.447441892298,-0.497326434673,-14.628203723495389,1.471931646051118,-13.156272077444271
