id,dG_orca_kcal
AEACAJQQSPBVJQ-UHFFFAOYSA-N__WCWYEVHONRWTKH-UHFFFAOYSA-N,1.5207435463162176
WCWYEVHONRWTKH-UHFFFAOYSA-N__AEACAJQQSPBVJQ-UHFFFAOYSA-N,1.431611441148372
DHWNJQALSLWESX-UHFFFAOYSA-N__LQQIPPDNTYOUNW-UHFFFAOYSA-N,0.015488268455628
LQQIPPDNTYOUNW-UHFFFAOYSA-N__DHWNJQALSLWESX-UHFFFAOYSA-N,7.489169537752667
AAIUZRIXGSQHRI-JOYOIKCWSA-N__QQSXBMOHXUTIGN-KTWKXFMMSA-N,3.069027792258205
QQSXBMOHXUTIGN-KTWKXFMMSA-N__AAIUZRIXGSQHRI-JOYOIKCWSA-N,-5.888021733139067
FLJCRPKARQVWJJ-UHFFFAOYSA-N__YUCARTLLVREQKX-UHFFFAOYSA-N,-1.196501540701232
YUCARTLLVREQKX-UHFFFAOYSA-N__FLJCRPKARQVWJJ-UHFFFAOYSA-N,2.06209489320059
AOSZYSCIRYJEOF-UHFFFAOYSA-N__PEGLUOTUNVJHDT-UHFFFAOYSA-N,-0.9409288298531996
JTIUUMNXKYWXHT-UHFFFAOYSA-N__YGISEWPMJVTZEK-UHFFFAOYSA-N,-0.7811390732472283
YGISEWPMJVTZEK-UHFFFAOYSA-N__JTIUUMNXKYWXHT-UHFFFAOYSA-N,-4.238775416523851
JVVQCSNRKDHFIZ-UHFFFAOYSA-N__ZWQIEJXGQFUHLN-UHFFFAOYSA-N,-3.087497704154344
ZWQIEJXGQFUHLN-UHFFFAOYSA-N__JVVQCSNRKDHFIZ-UHFFFAOYSA-N,-1.3086516287068903
XCHSNFACJVCLEL-QMMMGPOBSA-N__CAHJOULIZJAHEA-UHFFFAOYSA-N,0.0375661633671854
CAHJOULIZJAHEA-UHFFFAOYSA-N__XCHSNFACJVCLEL-QMMMGPOBSA-N,5.408320803673192
JQVICYAKDHJESS-UHFFFAOYSA-N__UPOMGTYYTVMZKE-UHFFFAOYSA-N,5.829295573113409
UPOMGTYYTVMZKE-UHFFFAOYSA-N__JQVICYAKDHJESS-UHFFFAOYSA-N,3.72535252143184
DEMVATYIJXKRBR-UHFFFAOYSA-N__XUSNIIKGKKSRDZ-UHNVWZDZSA-N,0.4703799772715358
XUSNIIKGKKSRDZ-UHNVWZDZSA-N__DEMVATYIJXKRBR-UHFFFAOYSA-N,-1.4969653864513517
HJNBTSSHHGIGLF-UHFFFAOYSA-N__FEHFHIOMFVCFTG-UHFFFAOYSA-N,-0.2133283328358265
FEHFHIOMFVCFTG-UHFFFAOYSA-N__HJNBTSSHHGIGLF-UHFFFAOYSA-N,-2.434163833139168
QLFNBIFPSDDMEM-UHFFFAOYSA-N__WSAKKKUFTJOOIV-UHFFFAOYSA-N,1.4406335242136692
WSAKKKUFTJOOIV-UHFFFAOYSA-N__QLFNBIFPSDDMEM-UHFFFAOYSA-N,-3.138212956994052
FNDMFRHOMBPVFE-UHFFFAOYSA-N__ADVCYEWNLCGTBT-UHFFFAOYSA-N,3.484512456330388
KCDOKSJTLZVSJE-UHFFFAOYSA-N__UCRAAKZYGWMEMP-IAPIXIRKSA-N,1.7677050263742788
UCRAAKZYGWMEMP-IAPIXIRKSA-N__KCDOKSJTLZVSJE-UHFFFAOYSA-N,7.003455359809592
MTRVTKHYJKBQBO-UHFFFAOYSA-N__LRZLGURASKDKFT-UHFFFAOYSA-N,4.404140867502205
GNIYIHHXIJVGEN-UHFFFAOYSA-N__QCODIFKPWAGUQA-UHFFFAOYSA-N,-0.1301995185683149
QCODIFKPWAGUQA-UHFFFAOYSA-N__GNIYIHHXIJVGEN-UHFFFAOYSA-N,-1.452085613231503
DISJQPXLQNQPIM-UHFFFAOYSA-N__DVNDPPVHIXGQAX-UHFFFAOYSA-N,6.819297815248088
DEWCEMNBIAIFIE-QMMMGPOBSA-N__AWZCRDAGSNNACH-UHFFFAOYSA-N,2.4009630516376665
AWZCRDAGSNNACH-UHFFFAOYSA-N__DEWCEMNBIAIFIE-QMMMGPOBSA-N,4.171164685086799
XVZRBIQSIOQHIR-ZFGFBIEISA-N__HGNYNHKJGYWMKB-UHFFFAOYSA-N,-3.4608967818905665
HGNYNHKJGYWMKB-UHFFFAOYSA-N__XVZRBIQSIOQHIR-ZFGFBIEISA-N,-4.8065175137891485
KNSJZJSZPAPPMG-UHFFFAOYSA-N__AXRHVHKGFOTTRX-UHFFFAOYSA-N,-0.9110271299686812
FIQRFWBYVFIOPU-UHFFFAOYSA-N__SBGDFGCTCHRZIZ-UHFFFAOYSA-N,-2.598110496776733
SBGDFGCTCHRZIZ-UHFFFAOYSA-N__FIQRFWBYVFIOPU-UHFFFAOYSA-N,1.348330482839556
KQEGSJLIEDETGP-UHFFFAOYSA-N__RCEZFRKEKMONKK-UHFFFAOYSA-N,1.2851672964038146
RCEZFRKEKMONKK-UHFFFAOYSA-N__KQEGSJLIEDETGP-UHFFFAOYSA-N,3.291017625952472
CGXCLAMOPZSSDI-UHFFFAOYSA-N__BBVRVCHRNWHVEQ-UHFFFAOYSA-N,0.9405874270751124
BBVRVCHRNWHVEQ-UHFFFAOYSA-N__CGXCLAMOPZSSDI-UHFFFAOYSA-N,-3.427639941186014
QEXRCNGRHFJWIO-UHFFFAOYSA-N__CPELAHWINAFKBC-UHFFFAOYSA-N,5.4142259848329815
FOFOFLWSOQEPHB-MRVPVSSYSA-N__DBGDPSNNYBETGJ-UHFFFAOYSA-N,2.968230525046596
JNCPPEYWFKDPHS-CRCLSJGQSA-N__DRLNNKKRFZSXLG-UHFFFAOYSA-N,1.290620509085106
PQGHXYJZXDURCP-UHFFFAOYSA-N__CJBIVGGKJFOZQY-UHFFFAOYSA-N,-2.6425538748387125
CJBIVGGKJFOZQY-UHFFFAOYSA-N__PQGHXYJZXDURCP-UHFFFAOYSA-N,-0.2973814072763955
PZZSDXCEPVGZIY-UHFFFAOYSA-N__QGSKKMFDXCTJKD-UHFFFAOYSA-N,-1.355445766981734
QGSKKMFDXCTJKD-UHFFFAOYSA-N__PZZSDXCEPVGZIY-UHFFFAOYSA-N,-2.1943436666773493
NTCIVDJMDXLWJT-UHFFFAOYSA-N__YKIVTYCJOMSDKQ-UHFFFAOYSA-N,2.542302756569764
QAIJMKLVIVRPAR-UHFFFAOYSA-N__ZQYULIXQISCKLV-UHFFFAOYSA-N,-4.175265688078901
YKIVTYCJOMSDKQ-UHFFFAOYSA-N__NTCIVDJMDXLWJT-UHFFFAOYSA-N,1.5745745276682217
OMIGCBIHLBYZQZ-UHFFFAOYSA-N__KXBUPUCKTPXGJQ-COZQAFJOSA-N,-2.6647612285580964
FGYVDQPCDGTZJK-UHFFFAOYSA-N__WZBAZVIKDJULJT-UHFFFAOYSA-N,3.41919706100365
ISMBFVPJZNZPSR-CYBMUJFWSA-N__RGFBGXCQWPXJSS-UHFFFAOYSA-N,-1.1979462134258287
WZBAZVIKDJULJT-UHFFFAOYSA-N__FGYVDQPCDGTZJK-UHFFFAOYSA-N,4.854359867732272
RGFBGXCQWPXJSS-UHFFFAOYSA-N__ISMBFVPJZNZPSR-CYBMUJFWSA-N,-1.342962074142009
AWLJYYYJIXLLTG-UHFFFAOYSA-N__GNFPWVWGQSGVAJ-UHFFFAOYSA-N,0.7572963796807184
GNFPWVWGQSGVAJ-UHFFFAOYSA-N__AWLJYYYJIXLLTG-UHFFFAOYSA-N,0.570680536322148
OHRBQTOZYGEWCJ-UHFFFAOYSA-N__LXLVAKOATIBNAY-UHFFFAOYSA-N,-1.8786893343142923
AWBDKVNAYOKLEA-AAFJCEBUSA-N__AZRVEKRRNRDCND-UHFFFAOYSA-N,0.4165706326753826
AZRVEKRRNRDCND-UHFFFAOYSA-N__AWBDKVNAYOKLEA-AAFJCEBUSA-N,0.7189950039974962
BTNXGSSVMPPQHI-UHFFFAOYSA-N__TYVRHIPDLSRWKH-UHFFFAOYSA-N,-3.77061714379725
TYVRHIPDLSRWKH-UHFFFAOYSA-N__BTNXGSSVMPPQHI-UHFFFAOYSA-N,-1.3431978260165254
PFMSGHXKKVTZRG-UHFFFAOYSA-N__XIOCLBACOGVVPI-UHFFFAOYSA-N,6.778513876682678
XIOCLBACOGVVPI-UHFFFAOYSA-N__PFMSGHXKKVTZRG-UHFFFAOYSA-N,11.9693029929367
LXYMWHMUVWWGOY-RXMQYKEDSA-N__DZDUEUJTPQAAEB-UHFFFAOYSA-N,-6.1593804912891565
HBFAGGYJHPEMOX-UHFFFAOYSA-N__HGRDCDWMXMOLPT-VHBIQUBJSA-N,-4.05561665237778
RJFXEAQQQFXKCP-KCDKBNATSA-N__CHKKTLIZEKASRF-UHFFFAOYSA-N,-0.8972141240167137
DZDUEUJTPQAAEB-UHFFFAOYSA-N__LXYMWHMUVWWGOY-RXMQYKEDSA-N,-1.7210774917080374
CHKKTLIZEKASRF-UHFFFAOYSA-N__RJFXEAQQQFXKCP-KCDKBNATSA-N,-0.6190606124711793
RGVVDSFTPAFATJ-UHFFFAOYSA-N__VWEDCRRTHOPIBO-UHFFFAOYSA-N,2.269160186842503
RZPQRKWTVAMOLO-UHFFFAOYSA-N__XJUCNOPUNUKKSO-UHFFFAOYSA-N,3.735157080846277
VWEDCRRTHOPIBO-UHFFFAOYSA-N__RGVVDSFTPAFATJ-UHFFFAOYSA-N,2.4265558794402624
CNYCNZHFZRHEGO-UHFFFAOYSA-N__ZVHHQFCDWDDJKN-UHFFFAOYSA-N,0.7236716300530219
ZVHHQFCDWDDJKN-UHFFFAOYSA-N__CNYCNZHFZRHEGO-UHFFFAOYSA-N,3.9196624028042826
LBXUDEIBNAVSJM-UNOMPAQXSA-N__OEQRZPWMXXJEKU-UHFFFAOYSA-N,-5.1883418279345
AYPJDOWFENFPNK-UHFFFAOYSA-N__UHBQISHUVJOTEV-UHFFFAOYSA-N,-1.389146565658742
UHBQISHUVJOTEV-UHFFFAOYSA-N__AYPJDOWFENFPNK-UHFFFAOYSA-N,-0.9937392075879607
JNZUUIAMAYHVQC-UHFFFAOYSA-N__CJLKPPBODZTUMV-UHFFFAOYSA-N,-1.1141841549476756
IDRARYLTEFJUPP-UHFFFAOYSA-N__KIQAQJRILXKFQP-UHFFFAOYSA-N,-3.416759801707572
DXBOOBQYMUBPPZ-GFCCVEGCSA-N__QLYOLVKZPSTDFV-UHFFFAOYSA-N,6.644974230635022
ODTOHBATKOLURE-UHFFFAOYSA-N__OVBQARQUNANPFG-ILDFIYDHSA-N,-2.001872295996271
OVBQARQUNANPFG-ILDFIYDHSA-N__ODTOHBATKOLURE-UHFFFAOYSA-N,-2.9316635167702523
MTKBTLJKRZLSMK-UHFFFAOYSA-N__VAZXWABHPNSAGM-UHFFFAOYSA-N,0.3948675442600859
VAZXWABHPNSAGM-UHFFFAOYSA-N__MTKBTLJKRZLSMK-UHFFFAOYSA-N,-1.5484552765631363
AESFSHWWTINDAD-AWEZNQCLSA-N__OEUWOLFETAHAGM-UHFFFAOYSA-N,1.1443503562671544
OEUWOLFETAHAGM-UHFFFAOYSA-N__AESFSHWWTINDAD-AWEZNQCLSA-N,1.0044017126241809
WDJSNVLKMXJBFL-UHFFFAOYSA-N__OCSGMYPPFUDATF-UHFFFAOYSA-N,-1.6696384894297085
UVJXAYBLKITSFX-UHFFFAOYSA-N__IBXPNBSREZOJBT-UHFFFAOYSA-N,-0.086162902420535
IBXPNBSREZOJBT-UHFFFAOYSA-N__UVJXAYBLKITSFX-UHFFFAOYSA-N,-1.8126619155980144
BBSOLAKQPYNDMK-UHFFFAOYSA-N__ZTFLDXBOFASMOP-UHFFFAOYSA-N,3.0559721330072804
DTTMAXJNAQWWHJ-UHFFFAOYSA-N__MNQAPGBMXMPHSL-JIMOISOXSA-N,2.188077137480442
MNQAPGBMXMPHSL-JIMOISOXSA-N__DTTMAXJNAQWWHJ-UHFFFAOYSA-N,8.179321383722336
PRPIQTPOKONCNX-UHFFFAOYSA-N__RXBVWVOKYUHAJD-UHFFFAOYSA-N,1.0235037239805875
RXBVWVOKYUHAJD-UHFFFAOYSA-N__PRPIQTPOKONCNX-UHFFFAOYSA-N,0.029071292834016
XBMITDMXGPYBEO-UHFFFAOYSA-N__PXGWOVLNRHYQSZ-UHFFFAOYSA-N,1.4168472598172095
PPCVOOFXTPGNCW-UHFFFAOYSA-N__QMRORCOFXYAMBG-UHFFFAOYSA-N,-1.7990456733053566
KSLRGRKLCPLRNA-UHFFFAOYSA-N__ZNNXJRURXWWGLN-UHFFFAOYSA-N,-1.3831576283151086
ZNNXJRURXWWGLN-UHFFFAOYSA-N__KSLRGRKLCPLRNA-UHFFFAOYSA-N,-0.783652543426427
QMRORCOFXYAMBG-UHFFFAOYSA-N__PPCVOOFXTPGNCW-UHFFFAOYSA-N,1.5164553381681298
CRBMZTUNGPEXLG-BQBZGAKWSA-N__IXXVLQONPDPXLU-UHFFFAOYSA-N,-1.248442336688654
JEUQSZADFGAROG-UHFFFAOYSA-N__BEIQSGHGBMRHQP-UHFFFAOYSA-N,1.1709329967448183
YJUWPPBVVLFNNO-UHFFFAOYSA-N__AXKYSFMQQVCVFG-UHFFFAOYSA-N,6.608358705067719
ZKKOVTLGYUZGOP-UHFFFAOYSA-N__CRUKRMWVJKXHNO-UHFFFAOYSA-N,-3.787248197935028
FOYKDKLMRIXURJ-UHFFFAOYSA-N__GRRNPXSTCFOUCZ-UHFFFAOYSA-N,0.0987430968999374
GRRNPXSTCFOUCZ-UHFFFAOYSA-N__FOYKDKLMRIXURJ-UHFFFAOYSA-N,-5.607299573682981
BQZPKLMGVGHRRB-UHFFFAOYSA-N__CNSCRYJCAMFZSM-CYBMUJFWSA-N,1.3603018099812951
VJMHQCJVHWWMHZ-UHFFFAOYSA-N__ZFNHGVHGKICHMN-UHFFFAOYSA-N,-3.569259609405626
CNSCRYJCAMFZSM-CYBMUJFWSA-N__BQZPKLMGVGHRRB-UHFFFAOYSA-N,3.708550163371029
ZFNHGVHGKICHMN-UHFFFAOYSA-N__VJMHQCJVHWWMHZ-UHFFFAOYSA-N,0.000999372890542
AUUDMOCZYFLFRQ-YESZJQIVSA-N__HSVBGFRBESVUJN-UHFFFAOYSA-N,0.4211198000705428
HSVBGFRBESVUJN-UHFFFAOYSA-N__AUUDMOCZYFLFRQ-YESZJQIVSA-N,3.666812526502609
XWHYGJCIHAVRSF-UHFFFAOYSA-N__OKRJZPFDYHXJHM-DTWKUNHWSA-N,-1.9311240585381049
DYHVMILGTQMGPT-IONNQARKSA-N__GJLCWBPVQNFSBQ-UHFFFAOYSA-N,-2.657095399850121
GJLCWBPVQNFSBQ-UHFFFAOYSA-N__DYHVMILGTQMGPT-IONNQARKSA-N,-1.9724714120763995
QQVGHSLTWLVCGB-UHFFFAOYSA-N__KWYPLHFEQMUZSZ-UHFFFAOYSA-N,6.497904367255154
UACXSLHOUGSEHY-AQKAQLFCSA-N__JVCPBMRPUDGBPY-UHFFFAOYSA-N,1.5058420801909769
JVCPBMRPUDGBPY-UHFFFAOYSA-N__UACXSLHOUGSEHY-AQKAQLFCSA-N,-0.443442716149333
HIHZWHWXQDWLQG-UHFFFAOYSA-N__XNWVYAKGQVCNGG-UHFFFAOYSA-N,1.9354748460047084
LCSPOKRMGFKSDU-UHFFFAOYSA-N__QKRGQWUPHNLEFW-UHFFFAOYSA-N,1.79353956247726
IJMPTQCDBKPJCZ-UHFFFAOYSA-N__OVFFPUNFGCZLOP-UHFFFAOYSA-N,5.1617877994745935
QKRGQWUPHNLEFW-UHFFFAOYSA-N__LCSPOKRMGFKSDU-UHFFFAOYSA-N,1.920886348061303
OVFFPUNFGCZLOP-UHFFFAOYSA-N__IJMPTQCDBKPJCZ-UHFFFAOYSA-N,3.890379688740688
PWKFBWOOUFYRCJ-UHFFFAOYSA-N__GAMBCKBUKGXODK-UHFFFAOYSA-N,4.275451925543539
QPQVFUPMTVBTBW-UHFFFAOYSA-N__IDGBIVMPPOBDCW-UHFFFAOYSA-N,-1.8926099266123035
IDGBIVMPPOBDCW-UHFFFAOYSA-N__QPQVFUPMTVBTBW-UHFFFAOYSA-N,-1.207271688227736
BGHXVWRXNFRYNQ-UHFFFAOYSA-N__FMZWARBIROHRKR-UOQJWNSWSA-N,-5.119032864293783
FMZWARBIROHRKR-UOQJWNSWSA-N__BGHXVWRXNFRYNQ-UHFFFAOYSA-N,-5.324600636395606
IUIIDODTVFOYSF-UHFFFAOYSA-N__YHGDIUCCXQKEOF-UHFFFAOYSA-N,1.5347785696351
YHGDIUCCXQKEOF-UHFFFAOYSA-N__IUIIDODTVFOYSF-UHFFFAOYSA-N,-4.675492305499248
CHVQGLOTUNUPHU-UHFFFAOYSA-N__VIPPJGFGPUHHGX-UHFFFAOYSA-N,-2.3628176366626232
VIPPJGFGPUHHGX-UHFFFAOYSA-N__CHVQGLOTUNUPHU-UHFFFAOYSA-N,-0.7732456683932196
AFDTVOKUDRHWIQ-UHFFFAOYSA-N__JOPBORIXJGLUPN-UWVGGRQHSA-N,6.415765306522209
JOPBORIXJGLUPN-UWVGGRQHSA-N__AFDTVOKUDRHWIQ-UHFFFAOYSA-N,0.8424507962229879
AVVNGDJRGYQHQI-NVXWUHKLSA-N__CDMHNXWNPWFMCL-QPJJXVBHSA-N,1.533492880525856
CDMHNXWNPWFMCL-QPJJXVBHSA-N__AVVNGDJRGYQHQI-NVXWUHKLSA-N,3.2970984988467484
GAONVNZYWFEICY-UHFFFAOYSA-N__POKAPHQUTJNOIO-CABZTGNLSA-N,-0.6905011950481887
YLFWQTPTIVXUOZ-UHFFFAOYSA-N__GELKOYUNIYVAAA-UHFFFAOYSA-N,2.5674367795657624
GELKOYUNIYVAAA-UHFFFAOYSA-N__YLFWQTPTIVXUOZ-UHFFFAOYSA-N,8.528946447207314
RJCWKEIRHMEBLL-UHFFFAOYSA-N__CQYSDDLZDMPIBX-UHFFFAOYSA-N,1.0543090445024603
MIAIKOZQPFUBIM-UHFFFAOYSA-N__MSZUQXLZROGQIG-ULXDZSJSSA-N,-1.529490184528202
MSZUQXLZROGQIG-ULXDZSJSSA-N__MIAIKOZQPFUBIM-UHFFFAOYSA-N,-0.7575300238633754
UXUXZDDLLIRHKD-UHFFFAOYSA-N__RXPLPTOJLMNMFL-UHFFFAOYSA-N,-1.602426417622459
ZCQWQUVNWQYHIK-UHFFFAOYSA-N__RHZQAYIQDWWTLV-UHFFFAOYSA-N,-2.925001302304141
RHZQAYIQDWWTLV-UHFFFAOYSA-N__ZCQWQUVNWQYHIK-UHFFFAOYSA-N,-4.44536784504376
AYLDSYBYQKTBPQ-JTQLQIEISA-N__LFJGXMNBJUVGAH-UHFFFAOYSA-N,-1.007245533227594
UNBLTBJLUIYXKO-ONEGZZNKSA-N__YRJLKMPKIPZXNA-UHFFFAOYSA-N,-4.38270956026105
LFJGXMNBJUVGAH-UHFFFAOYSA-N__AYLDSYBYQKTBPQ-JTQLQIEISA-N,0.5855190080395979
JCISRQNKHZNVHJ-UHFFFAOYSA-N__PRIRNXPPFOEUBC-UHFFFAOYSA-N,-0.7172901221613818
PRIRNXPPFOEUBC-UHFFFAOYSA-N__JCISRQNKHZNVHJ-UHFFFAOYSA-N,-2.2012513674803453
FEKHVNQATSQDDH-UHFFFAOYSA-N__WYYGJVWXKHEPDO-CQSZACIVSA-N,-1.1112051791076214
WYYGJVWXKHEPDO-CQSZACIVSA-N__FEKHVNQATSQDDH-UHFFFAOYSA-N,-5.648089093927513
MTXLCROONCZJOR-NWFFHIACSA-N__XZNZSNKWOPVUEC-UHFFFAOYSA-N,-3.1733379779454776
QSPDOLGUTIXVTB-SOFGYWHQSA-N__UXFKFJVEGHQOGU-UHFFFAOYSA-N,-1.5032505822882158
QEALXTIWAMBOLV-UHFFFAOYSA-N__UVHCUGUXOLENRM-UHFFFAOYSA-N,-4.264773292985257
UVHCUGUXOLENRM-UHFFFAOYSA-N__QEALXTIWAMBOLV-UHFFFAOYSA-N,-3.4608545669153714
PSARHIIILZTLJR-UHFFFAOYSA-N__PPGVRYHNNXNBHX-UHFFFAOYSA-N,2.7890371650665537
HZVKHMQXJYFYRF-UHFFFAOYSA-N__NRCRHQQFDDIHJI-KVQBGUIXSA-N,-4.964804170671548
NRCRHQQFDDIHJI-KVQBGUIXSA-N__HZVKHMQXJYFYRF-UHFFFAOYSA-N,-0.3261250295927292
SMGWBKIRLMNBMH-UHFFFAOYSA-N__BPOVZYOIMMVYPR-UHFFFAOYSA-N,2.201206707733833
DLXQOEMPGBXWLY-UHFFFAOYSA-N__FUFUPEQIFHVTNZ-UHFFFAOYSA-N,1.6747884632907537
GAOHPGKVCIOCHV-UHFFFAOYSA-N__JJYUTVUHNPIWGF-UHFFFAOYSA-N,-1.873188820360644
JJYUTVUHNPIWGF-UHFFFAOYSA-N__GAOHPGKVCIOCHV-UHFFFAOYSA-N,-1.953648797928038
ZLCMUFJWYNCJNW-UHFFFAOYSA-N__PVBUMRUZHPVWAC-UHFFFAOYSA-N,1.0041356007698186
PVBUMRUZHPVWAC-UHFFFAOYSA-N__ZLCMUFJWYNCJNW-UHFFFAOYSA-N,-0.2205975870268851
CXHNPSUBPIFFSP-UHFFFAOYSA-N__SSTUITSVIFKUBE-UHFFFAOYSA-N,-1.9959529176561128
AXKPJXFYNMDKJT-SSDOTTSWSA-N__PZKBOVQYSAVEEL-UHFFFAOYSA-N,6.446720721570944
PZKBOVQYSAVEEL-UHFFFAOYSA-N__AXKPJXFYNMDKJT-SSDOTTSWSA-N,6.958092843719849
UMJOJYPYYCFDLI-UHFFFAOYSA-N__UMCIZZCSEXRPTF-UHFFFAOYSA-N,4.332827120184748
YTOOSXILRUJVFB-UHFFFAOYSA-N__ANFWOIFXPZFMML-UHFFFAOYSA-N,3.73932894400423
SYSQFFRLKUHUGW-UHFFFAOYSA-N__HSJFBBYZKRQFKA-BQBZGAKWSA-N,-2.115510965481409
BPWLFPDMZXZJQU-UHFFFAOYSA-N__IGKMJWPWSFSLDV-UHFFFAOYSA-N,1.148489764594525
IGKMJWPWSFSLDV-UHFFFAOYSA-N__BPWLFPDMZXZJQU-UHFFFAOYSA-N,0.9190362643663732
BTIXWGNMCFXUAX-UHFFFAOYSA-N__SNDCQYRJUYOGLF-GHMZBOCLSA-N,4.588108969591869
NHKPMPRVLVJSEF-UHFFFAOYSA-N__YFWJVHRWFLJYGE-UHFFFAOYSA-N,0.0130520163672374
FPVRWSDGEYIXMT-UHFFFAOYSA-N__QOZQBVVQOKPJLC-AEJSXWLSSA-N,2.9897105614928967
PZASVAXOGBEJOA-UHFFFAOYSA-N__ONFDWCBGJLRDII-PMACEKPBSA-N,0.0166710070066195
BIWHGSNZVKXHSK-UHFFFAOYSA-N__MHASSCPGKAMILD-FIXJOCNVSA-N,0.9649485202402486
YRQWCGHCSMXYEV-VXGBXAGGSA-N__AHIODFIMRMIAEO-UHFFFAOYSA-N,5.646747602723019
DXONMDJKDCZBFY-UHFFFAOYSA-N__AGYMMXLPQZXHOA-UHFFFAOYSA-N,13.289860652035667
AGYMMXLPQZXHOA-UHFFFAOYSA-N__DXONMDJKDCZBFY-UHFFFAOYSA-N,9.254944158370144
KQILVBMHODNZPH-SFYZADRCSA-N__JVTQTEWCWPWCPL-UHFFFAOYSA-N,4.362087858879233
JMFXIHLPZYKSNX-WDEREUQCSA-N__YMNBXYLOSIKZGL-UHFFFAOYSA-N,-1.71700457628086
YMNBXYLOSIKZGL-UHFFFAOYSA-N__JMFXIHLPZYKSNX-WDEREUQCSA-N,-0.1014199970757277
QOTZYZZHNLYGBU-UHFFFAOYSA-N__SPBRMIAUBYNIQH-UHFFFAOYSA-N,-5.349111532950828
SPBRMIAUBYNIQH-UHFFFAOYSA-N__QOTZYZZHNLYGBU-UHFFFAOYSA-N,-0.7336144963435235
DVDKLEHDYZEJDQ-UHFFFAOYSA-N__OJJIMHOQVNMVNJ-UHFFFAOYSA-N,-4.406090998435471
GDUXTIOZZCGWNF-UHFFFAOYSA-N__BLTXEBUOKHGUGI-UHFFFAOYSA-N,1.5555263928807916
BLTXEBUOKHGUGI-UHFFFAOYSA-N__GDUXTIOZZCGWNF-UHFFFAOYSA-N,0.5705322745801203
UPIIJOHQNYQCKI-UHFFFAOYSA-N__FIOAJMRNQYZATK-UHFFFAOYSA-N,-2.150013286959372
FIOAJMRNQYZATK-UHFFFAOYSA-N__UPIIJOHQNYQCKI-UHFFFAOYSA-N,-2.188778211815804
GKNRNOJRCCGXNS-UHFFFAOYSA-N__ALIRWCNGSUAHGW-MYHCZTBNSA-N,-2.155709072719289
UCOHLYTUJCGYMV-UHFFFAOYSA-N__ZKQWESXNQSJSAK-UHFFFAOYSA-N,1.7455942467042334
QFFAZQLGIRIQGW-UHFFFAOYSA-N__CMAPKTMUFOTYAF-KCDKBNATSA-N,2.938713482261522
YTUCKCBFLZHHAR-UHFFFAOYSA-N__VHCPKNPYYJDMIF-UHFFFAOYSA-N,4.104924524146167
YXOBZWDCFNLEMG-UHFFFAOYSA-N__ZVSXPGAOTATEKG-UHFFFAOYSA-N,-1.502155182201792
MJAMQFQGZPQPOM-UHFFFAOYSA-N__BMMBNPAGOBWYJM-UHFFFAOYSA-N,-1.0003353380722817
NFSXVIAIIHNMKB-UHFFFAOYSA-N__NZKHCGFKLHLKCP-SDQBBNPISA-N,4.0873779185417245
NZKHCGFKLHLKCP-SDQBBNPISA-N__NFSXVIAIIHNMKB-UHFFFAOYSA-N,0.8062630942931499
SWPSQFFSLYUODN-GJZGRUSLSA-N__HVXZWFOXICTJEZ-UHFFFAOYSA-N,3.888948068553095
SOEQLNBRYPAUPW-UHFFFAOYSA-N__PVLKSJIUOKAUMV-UHFFFAOYSA-N,-0.8809920227026007
GPRYVBMHTFLLGZ-UHFFFAOYSA-N__RODSKJMDUFINRG-UHFFFAOYSA-N,-0.0031362109582713
RJBMIIBIBSRSLU-UHFFFAOYSA-N__YFFFOSTUZZBQFN-UHFFFAOYSA-N,3.530106976042417
YFFFOSTUZZBQFN-UHFFFAOYSA-N__RJBMIIBIBSRSLU-UHFFFAOYSA-N,1.6345970695342356
LQBONOROJWJFLR-UHFFFAOYSA-N__MNMFHLFTDBDWFG-UHFFFAOYSA-N,-2.973916815082009
MNMFHLFTDBDWFG-UHFFFAOYSA-N__LQBONOROJWJFLR-UHFFFAOYSA-N,-0.6742992580412482
UKDXYUOXVVGNNE-UHFFFAOYSA-N__OZHNVYCTKBOOGY-UHFFFAOYSA-N,-0.9205474031318156
BWRXLOJDYYGJNG-UHFFFAOYSA-N__WGGMMUFIJKBEFR-QWHCGFSZSA-N,8.639637329512663
WGGMMUFIJKBEFR-QWHCGFSZSA-N__BWRXLOJDYYGJNG-UHFFFAOYSA-N,4.186461403949445
IDGJEKPFSORVPL-UHFFFAOYSA-N__KYZZEHNZYIBZMF-UHFFFAOYSA-N,3.768394977756651
RHVXPAFWOYITES-UHFFFAOYSA-N__BUMIUPIMHFADAI-XKQJLSEDSA-N,0.649015815034
DAOLVRGZFCNGGA-UHFFFAOYSA-N__DGKCXDKYAWIZSO-CXNNERTKSA-N,-4.77161733368205
DGKCXDKYAWIZSO-CXNNERTKSA-N__DAOLVRGZFCNGGA-UHFFFAOYSA-N,-3.717386580574194
DCFDVJPDXYGCOK-SSDOTTSWSA-N__JAGXXKKLZUOARG-UHFFFAOYSA-N,-2.4008139712027594
JAGXXKKLZUOARG-UHFFFAOYSA-N__DCFDVJPDXYGCOK-SSDOTTSWSA-N,-3.2993708462807336
KIXHCTRVOKQBCB-WDCWCFNPSA-N__LLTQZQMJOQGNKV-UHFFFAOYSA-N,-1.6660472834117763
ISLLQDGGTLSBJP-UHFFFAOYSA-N__QDZDTHZHDAHQMY-JKUQZMGJSA-N,1.4989034343166705
LLTQZQMJOQGNKV-UHFFFAOYSA-N__KIXHCTRVOKQBCB-WDCWCFNPSA-N,0.3346095538553977
QDZDTHZHDAHQMY-JKUQZMGJSA-N__ISLLQDGGTLSBJP-UHFFFAOYSA-N,2.7101767945339046
YUUSXQRJLFNHNQ-UHFFFAOYSA-N__SLPFQAWCGGUMLZ-UHFFFAOYSA-N,2.621530162615229
KWLMXJJSWMEZEG-UHFFFAOYSA-N__KPJFJUVCTWJRCU-UHFFFAOYSA-N,1.4940121029859048
JGRQQAFGJGJQCF-UHFFFAOYSA-N__LCSCJZBZVJSIFR-DKZVUGQWSA-N,5.045672830649975
VUMHIAQKLKFTIB-UHFFFAOYSA-N__JFZJAIIAZUGJRK-UHFFFAOYSA-N,2.4847437492543736
GJMUBPIPAANZQR-UHFFFAOYSA-N__GAAYVXRCBJZMAZ-UHFFFAOYSA-N,-4.569797954205471
GAAYVXRCBJZMAZ-UHFFFAOYSA-N__GJMUBPIPAANZQR-UHFFFAOYSA-N,-0.7240824127722693
VLVJOJIHADJDEM-UHFFFAOYSA-N__INYQZEQXBIIHLW-YRNVUSSQSA-N,0.4851569444723976
JLJSAWPWOQBWFM-UHFFFAOYSA-N__KNQYTGDMDSLZPE-UHFFFAOYSA-N,-0.903279242851566
KNQYTGDMDSLZPE-UHFFFAOYSA-N__JLJSAWPWOQBWFM-UHFFFAOYSA-N,-3.353789895455717
YSBIXKAZMUYACB-MRVPVSSYSA-N__BTVYWZAAHARFGX-UHFFFAOYSA-N,1.5550325228218185
SPJABTJHHJGVLU-UHFFFAOYSA-N__TXIWRCKOKBSCPI-UHFFFAOYSA-N,-2.739538882712723
TXIWRCKOKBSCPI-UHFFFAOYSA-N__SPJABTJHHJGVLU-UHFFFAOYSA-N,-1.2347010704480688
GVXNANAWXDZHAZ-UHFFFAOYSA-N__OHDIDCWMKIIGBE-UHFFFAOYSA-N,-6.538362114921188
ZZQYFYSMSNWWNS-XAVMHZPKSA-N__FKMXRCIJYGUJDD-UHFFFAOYSA-N,-2.375599517909236
QHGQHHFBINKXLT-UHFFFAOYSA-N__YRMUTQRWVGDUBW-ZCFIWIBFSA-N,-1.5261229078489404
RYETVPQYMIJCJH-UHFFFAOYSA-N__YQKPEIKGAWUSDO-AWEZNQCLSA-N,0.072701953811098
YQKPEIKGAWUSDO-AWEZNQCLSA-N__RYETVPQYMIJCJH-UHFFFAOYSA-N,3.067916272211713
HXYCYINSIWKFHN-UHFFFAOYSA-N__DQBXCBFDDMGIRL-UHFFFAOYSA-N,1.6686136365424522
JWXKLMRHQZSGLM-UHFFFAOYSA-N__JNJCGTCIYMYQIZ-UHFFFAOYSA-N,-0.820665871086258
KYEFSNDGRAVHLQ-UHFFFAOYSA-N__TWNJAPRLIZAXHA-UHFFFAOYSA-N,-1.0403477178819829
KHADWFGKZAYYAJ-UHFFFAOYSA-N__NOJSYQFIIBBBLG-UHFFFAOYSA-N,-3.662121198503604
BCDKFSQXFBTSHV-UHFFFAOYSA-N__LBBWGRUZGSZXLH-UHFFFAOYSA-N,-3.169214455192025
LBBWGRUZGSZXLH-UHFFFAOYSA-N__BCDKFSQXFBTSHV-UHFFFAOYSA-N,-5.545896638361446
MGTNHSOETVYQHD-UHFFFAOYSA-N__RMTVUJAUTDBADG-UHFFFAOYSA-N,-1.1839168455155098
BZUNLDLCJLRVJU-UHFFFAOYSA-N__RBOYYCJHBKUKJJ-UHFFFAOYSA-N,2.9426210124885754
GYJBAGRHBGOVHY-UHFFFAOYSA-N__KQGCTNYBLVALKO-UHFFFAOYSA-N,-0.98777636279824
KQGCTNYBLVALKO-UHFFFAOYSA-N__GYJBAGRHBGOVHY-UHFFFAOYSA-N,-0.078287080273091
AQGMOALKAFODFQ-UHFFFAOYSA-N__DETKMHVWNMOSRN-UHFFFAOYSA-N,-0.0548142534014826
NJWRLIAINMRBMF-UHFFFAOYSA-N__QELXMQBAJZYDNB-DLBZAZTESA-N,-0.9126588766201286
DETKMHVWNMOSRN-UHFFFAOYSA-N__AQGMOALKAFODFQ-UHFFFAOYSA-N,-2.7917135853767414
ZXRBKCFZAXYLND-UHFFFAOYSA-N__DXXIURNQLQONDS-UHFFFAOYSA-N,-0.2406541724508342
YQANYUGBJGNECV-UHFFFAOYSA-N__OITTXKLFODQRBU-XMCUXHSSSA-N,-0.282246096397303
IIUFUMVMWORTBG-UHFFFAOYSA-N__BKZAPVKDKMTWDL-UHFFFAOYSA-N,-2.642894492988564
BKZAPVKDKMTWDL-UHFFFAOYSA-N__IIUFUMVMWORTBG-UHFFFAOYSA-N,-0.2470901702177149
HVFMWUJDCMLSGB-UHFFFAOYSA-N__ZCFWUUMOIFTFTJ-UHFFFAOYSA-N,-1.9222907364377568
ZCFWUUMOIFTFTJ-UHFFFAOYSA-N__HVFMWUJDCMLSGB-UHFFFAOYSA-N,-1.7946026969613045
CTKSUOAYIPVHJR-UHFFFAOYSA-N__TZPYSBWYNCVVKU-NUHJPDEHSA-N,-2.562744028984437
TZPYSBWYNCVVKU-NUHJPDEHSA-N__CTKSUOAYIPVHJR-UHFFFAOYSA-N,4.452249702125256
AYPJDOWFENFPNK-UHFFFAOYSA-N__GKTBYHDFDXVONT-UHFFFAOYSA-N,0.4774538045641051
CIBUPDPDQBDLFL-UHFFFAOYSA-N__GZVSTDVQCJRGBR-HUUCEWRRSA-N,-2.540093928674128
GZVSTDVQCJRGBR-HUUCEWRRSA-N__CIBUPDPDQBDLFL-UHFFFAOYSA-N,2.138147275710593
GKTBYHDFDXVONT-UHFFFAOYSA-N__AYPJDOWFENFPNK-UHFFFAOYSA-N,0.150858266088285
MMORMVXICWXSMF-UHFFFAOYSA-N__VGAWVXPLGDFPHH-UHFFFAOYSA-N,1.925028472250348
VGAWVXPLGDFPHH-UHFFFAOYSA-N__MMORMVXICWXSMF-UHFFFAOYSA-N,2.369678274431749
ODZRZEBJURYQGY-SSDOTTSWSA-N__KBSXBVZFWUZXQN-UHFFFAOYSA-N,7.063955571945535
KBSXBVZFWUZXQN-UHFFFAOYSA-N__ODZRZEBJURYQGY-SSDOTTSWSA-N,1.1461845339358527
QLLCAGAXRJJPDA-UHFFFAOYSA-N__RLFQOGUBGKUGLS-UHFFFAOYSA-N,2.1588205424020703
RLFQOGUBGKUGLS-UHFFFAOYSA-N__QLLCAGAXRJJPDA-UHFFFAOYSA-N,3.008592019727016
OIILHWXNBKGZGO-UHFFFAOYSA-N__DGERVZRAOHDCEL-UHFFFAOYSA-N,-2.5526830082470044
DGERVZRAOHDCEL-UHFFFAOYSA-N__OIILHWXNBKGZGO-UHFFFAOYSA-N,-1.9704410845540328
BEEMPBGIBRXQFW-UHFFFAOYSA-N__HBUXPVUZUDWUSE-UHFFFAOYSA-N,2.72142647686128
PMYREEAGILXKSN-UHFFFAOYSA-N__RFBGYDZWLKJXLW-UHFFFAOYSA-N,9.969502456771592
RFBGYDZWLKJXLW-UHFFFAOYSA-N__PMYREEAGILXKSN-UHFFFAOYSA-N,7.52090900568365
GMLUMUVEIIHXGK-UHFFFAOYSA-N__UXDSSCRWRAACCH-UHFFFAOYSA-N,0.9496095460955516
UXDSSCRWRAACCH-UHFFFAOYSA-N__GMLUMUVEIIHXGK-UHFFFAOYSA-N,-1.3209265196919464
APOOULRMEZQMLZ-JSGCOSHPSA-N__PUVRLIRBLNVJQN-UHFFFAOYSA-N,3.734657402177018
PUVRLIRBLNVJQN-UHFFFAOYSA-N__APOOULRMEZQMLZ-JSGCOSHPSA-N,4.286738497846755
MQZTXKZTLDDYNK-UHFFFAOYSA-N__QXDCFANSNYHLKA-UHFFFAOYSA-N,-5.553254730503447
QXDCFANSNYHLKA-UHFFFAOYSA-N__MQZTXKZTLDDYNK-UHFFFAOYSA-N,-3.313712727297785
AGTSNXAZDKAPHU-QXFUBDJGSA-N__JKDPFEBZVIXIEZ-IRXDYDNUSA-N,-3.5960048601525787
VALNKHLBUYJLRF-HAZHAWQESA-N__LMHBHRHNWGVLCL-UHFFFAOYSA-N,9.257135194890978
LMHBHRHNWGVLCL-UHFFFAOYSA-N__VALNKHLBUYJLRF-HAZHAWQESA-N,1.1451003380852411
PROFQMANBIUOPZ-UHFFFAOYSA-N__IDZAHYPHKSGTBU-UHFFFAOYSA-N,-4.311805342083956
LVVBQJMBCQKLLF-UHFFFAOYSA-N__OWIDTACPDIWGIV-UHFFFAOYSA-N,-2.687871706070415
FIKHYXFOVUGIGO-MDZDMXLPSA-N__GVOFDXBOSVLZPY-UHFFFAOYSA-N,4.642956568783796
GVOFDXBOSVLZPY-UHFFFAOYSA-N__FIKHYXFOVUGIGO-MDZDMXLPSA-N,-0.3329200374920825
OWIDTACPDIWGIV-UHFFFAOYSA-N__LVVBQJMBCQKLLF-UHFFFAOYSA-N,-2.508163012024312
GPQVXFOXJAZJOQ-UHFFFAOYSA-N__FKELDNFRZLUNAH-NJDAHSKKSA-N,-6.614506608298822
FKELDNFRZLUNAH-NJDAHSKKSA-N__GPQVXFOXJAZJOQ-UHFFFAOYSA-N,-4.27301568151652
SXVLRGGNHJQHHS-UHFFFAOYSA-N__HXNQWVOYTBGUGO-UHFFFAOYSA-N,8.256019470790232
NXMNTVTWEFLWBQ-GKAPJAKFSA-N__OEEYFGCRDAMUQL-UHFFFAOYSA-N,1.204828756829636
OEEYFGCRDAMUQL-UHFFFAOYSA-N__NXMNTVTWEFLWBQ-GKAPJAKFSA-N,-0.5270297410361818
ADYLUQXWDYEASX-UHFFFAOYSA-N__LULMIKNTONBEFK-UHFFFAOYSA-N,-0.397607200177143
PZELDZSHOQOVCQ-UHFFFAOYSA-N__SKWZYCOUAUHXOK-UHFFFAOYSA-N,0.422768246958102
SKWZYCOUAUHXOK-UHFFFAOYSA-N__PZELDZSHOQOVCQ-UHFFFAOYSA-N,7.038755072671462
LULMIKNTONBEFK-UHFFFAOYSA-N__ADYLUQXWDYEASX-UHFFFAOYSA-N,0.0258845738184779
ZUUSSGATRSINFZ-YFKPBYRVSA-N__KXLQCVRCVQRENA-UHFFFAOYSA-N,5.827402222198187
KXLQCVRCVQRENA-UHFFFAOYSA-N__ZUUSSGATRSINFZ-YFKPBYRVSA-N,1.673302415578702
AVNQFRFBDZRDAQ-UHFFFAOYSA-N__IFBHUDAGRVJFTG-UHFFFAOYSA-N,1.8780987925777823
IFBHUDAGRVJFTG-UHFFFAOYSA-N__AVNQFRFBDZRDAQ-UHFFFAOYSA-N,-0.2741785962456547
LWRWPYROWRSRRR-UHFFFAOYSA-N__QCHOKIURKQROPJ-UHFFFAOYSA-N,-1.4304821576208513
QCHOKIURKQROPJ-UHFFFAOYSA-N__LWRWPYROWRSRRR-UHFFFAOYSA-N,-2.544658118577116
CMVSPFUYTQLKBI-UHFFFAOYSA-N__OWNNQFMHLFDOKY-PKPIPKONSA-N,4.854809239735862
OWNNQFMHLFDOKY-PKPIPKONSA-N__CMVSPFUYTQLKBI-UHFFFAOYSA-N,7.682154987850828
MGGXKOLTVRFWRQ-UHFFFAOYSA-N__UUPUKLWRBSKDJR-UHFFFAOYSA-N,4.275771223613881
UUPUKLWRBSKDJR-UHFFFAOYSA-N__MGGXKOLTVRFWRQ-UHFFFAOYSA-N,-2.515269615353868
FMOTWIBSJNIWDN-UHFFFAOYSA-N__VEGCWLDIWDBARN-UHFFFAOYSA-N,-4.561277531051907
QMLMWRCPFLBDPZ-UHFFFAOYSA-N__AMDPKLAGTWFVRM-UHFFFAOYSA-N,0.5792158517531577
VEGCWLDIWDBARN-UHFFFAOYSA-N__FMOTWIBSJNIWDN-UHFFFAOYSA-N,3.3055867091892126
NLIRPBHMUWGQHT-UHFFFAOYSA-N__TXRPWRIDDBKNNE-UHFFFAOYSA-N,1.1454996566072913
TXRPWRIDDBKNNE-UHFFFAOYSA-N__NLIRPBHMUWGQHT-UHFFFAOYSA-N,-0.2965392864828877
HGFFYIYKILTUFB-UHFFFAOYSA-N__LLTWJNGKQZXPFZ-UHFFFAOYSA-N,-1.880803908872399
LLTWJNGKQZXPFZ-UHFFFAOYSA-N__HGFFYIYKILTUFB-UHFFFAOYSA-N,-1.2542540969723304
JORFZHQKDXRSOJ-UHFFFAOYSA-N__MDFXWIQYCIUKEW-UHFFFAOYSA-N,4.724958198119851
MDFXWIQYCIUKEW-UHFFFAOYSA-N__JORFZHQKDXRSOJ-UHFFFAOYSA-N,4.542786899577069
VSENXNYGKCGHAG-QMMMGPOBSA-N__CHVQGLOTUNUPHU-DTWKUNHWSA-N,3.210935694518119
CHVQGLOTUNUPHU-DTWKUNHWSA-N__VSENXNYGKCGHAG-QMMMGPOBSA-N,-2.3078541184847907
JSRDHHUHPKZALI-UHFFFAOYSA-N__GDPSCBPOCONUDM-UHFFFAOYSA-N,-1.2237407623813064
GDPSCBPOCONUDM-UHFFFAOYSA-N__JSRDHHUHPKZALI-UHFFFAOYSA-N,-2.059273321125491
ZMIUDPUOTLDSHP-XEZPLFJOSA-N__XQAAMFZLZCBBFT-HNQUOIGGSA-N,-2.5369509844020945
XQAAMFZLZCBBFT-HNQUOIGGSA-N__ZMIUDPUOTLDSHP-XEZPLFJOSA-N,-2.066586463347288
TTYOYDBDJPWTEK-UHFFFAOYSA-N__AULYQTLSNGCZEL-UHFFFAOYSA-N,-0.2529122073228232
KFNGTOKJHAIBKM-UHFFFAOYSA-N__SRVGLTOBZGHWMD-UHFFFAOYSA-N,0.9449932407834968
JHWQDNUTTOUUKV-DMTCNVIQSA-N__YTPFURANDMSUCS-UHFFFAOYSA-N,4.126336464050131
SRVGLTOBZGHWMD-UHFFFAOYSA-N__KFNGTOKJHAIBKM-UHFFFAOYSA-N,5.949684253600591
YTPFURANDMSUCS-UHFFFAOYSA-N__JHWQDNUTTOUUKV-DMTCNVIQSA-N,2.945825585479384
DFPUJVCPJLCNBT-UHFFFAOYSA-N__KONXMGAGBOSYOA-SNVBAGLBSA-N,0.3508716104995675
KONXMGAGBOSYOA-SNVBAGLBSA-N__DFPUJVCPJLCNBT-UHFFFAOYSA-N,3.4814024089445685
BGCQFQBTRBQUIO-UHFFFAOYSA-N__UHWKEDPZHAOJAM-UHFFFAOYSA-N,-3.2956484570706133
UHWKEDPZHAOJAM-UHFFFAOYSA-N__BGCQFQBTRBQUIO-UHFFFAOYSA-N,-2.991123488288195
YPZQHCLBLRWNMJ-KXUCPTDWSA-N__IRTFEOOXYHOLAN-UHFFFAOYSA-N,-2.9851706799055626
IRTFEOOXYHOLAN-UHFFFAOYSA-N__YPZQHCLBLRWNMJ-KXUCPTDWSA-N,1.3034866734652788
CBSYYWQEKMTXTJ-UHFFFAOYSA-N__DKBNFRAKAMIJOI-UHFFFAOYSA-N,1.6549088999415504
DKBNFRAKAMIJOI-UHFFFAOYSA-N__CBSYYWQEKMTXTJ-UHFFFAOYSA-N,5.955515134422224
MAGWGVQKVYDVEB-UHFFFAOYSA-N__GOOQZWROMRZWJY-UHFFFAOYSA-N,3.689239472792672
AERVDSZVYPTPAP-PYMCNQPYSA-N__ATOGTCKDOUXURV-UHFFFAOYSA-N,-2.678125215780012
ATOGTCKDOUXURV-UHFFFAOYSA-N__AERVDSZVYPTPAP-PYMCNQPYSA-N,3.847674526962276
VEBMNZZQOUNPJK-UHFFFAOYSA-N__AQJUSSYBUVXXJG-HCCKASOXSA-N,4.993159669748528
YBWHRFKAINXEKC-UHFFFAOYSA-N__WYOWIJHQBHAUFN-UHFFFAOYSA-N,-2.0531807864947536
WYOWIJHQBHAUFN-UHFFFAOYSA-N__YBWHRFKAINXEKC-UHFFFAOYSA-N,-3.268517996485245
ITSCGKPTOOICEA-UHFFFAOYSA-N__MFVIOJXSVLUNMK-LPEHRKFASA-N,10.781872299533635
MFVIOJXSVLUNMK-LPEHRKFASA-N__ITSCGKPTOOICEA-UHFFFAOYSA-N,9.143839448644137
DSTHGKLZUVKXQN-UHFFFAOYSA-N__KKLMRMLZCQLMGD-UHFFFAOYSA-N,3.5137176095165508
QDKUUKMVRPUULD-UHFFFAOYSA-N__QRCFWKGBUMMSIT-UHFFFAOYSA-N,-3.729362414379107
QRCFWKGBUMMSIT-UHFFFAOYSA-N__QDKUUKMVRPUULD-UHFFFAOYSA-N,-6.076276344460682
KKLMRMLZCQLMGD-UHFFFAOYSA-N__DSTHGKLZUVKXQN-UHFFFAOYSA-N,6.82596672536067
KBPTZCVFVVOFGV-UHFFFAOYSA-N__PSDVPXKQPXSJTP-UHFFFAOYSA-N,-2.503604220457756
PSDVPXKQPXSJTP-UHFFFAOYSA-N__KBPTZCVFVVOFGV-UHFFFAOYSA-N,3.595251085851731
ZIMDJKOGIYHXMV-UHFFFAOYSA-N__ISJZEBSJPQSWLW-BFHYXJOUSA-N,-4.286901378635684
ISJZEBSJPQSWLW-BFHYXJOUSA-N__ZIMDJKOGIYHXMV-UHFFFAOYSA-N,-1.0140643674368113
NVHVQVHWJIZTMG-UHFFFAOYSA-N__RCMBCKOLKKPYEH-SECBINFHSA-N,2.53448215884542
RCMBCKOLKKPYEH-SECBINFHSA-N__NVHVQVHWJIZTMG-UHFFFAOYSA-N,-0.1938509521496393
RTSPCRQPYVTRNU-UHFFFAOYSA-N__RWBPBFXKJKHLCF-UHFFFAOYSA-N,-0.8003526754179654
RWBPBFXKJKHLCF-UHFFFAOYSA-N__RTSPCRQPYVTRNU-UHFFFAOYSA-N,-0.8210501547944055
BFMXGZBFWSBYEH-LLVKDONJSA-N__HIELYEGBCPJCCY-UHFFFAOYSA-N,4.619456380334374
HIELYEGBCPJCCY-UHFFFAOYSA-N__BFMXGZBFWSBYEH-LLVKDONJSA-N,2.279726292789675
KLVMZTGWPNLLTF-UHFFFAOYSA-N__JXXRRYOSDXIZTA-UHFFFAOYSA-N,0.8124776150190016
JXXRRYOSDXIZTA-UHFFFAOYSA-N__KLVMZTGWPNLLTF-UHFFFAOYSA-N,-3.940041658163243
GQXGTXJUADHRSL-UHFFFAOYSA-N__YPCWFMYMKSRCAZ-UHNVWZDZSA-N,1.2132133671384226
YPCWFMYMKSRCAZ-UHNVWZDZSA-N__GQXGTXJUADHRSL-UHFFFAOYSA-N,-1.267560785537544
MWSNYBOKRSGWAN-UHFFFAOYSA-N__LEMBUJXCBHMNPR-UHFFFAOYSA-N,0.1234536825717943
PKPIPYXXMWHFCH-UHFFFAOYSA-N__FDRJWWVGRGDAGT-VIFPVBQESA-N,4.238519260962242
FDRJWWVGRGDAGT-VIFPVBQESA-N__PKPIPYXXMWHFCH-UHFFFAOYSA-N,6.066755017683471
KRCQPUHELYNUHY-NWDGAFQWSA-N__QMAPITSLSYIABY-AWNIVKPZSA-N,0.781755049679827
NTLFDMHDUKTQNL-MRVPVSSYSA-N__UDVKQONMDBZTNH-UHFFFAOYSA-N,-1.7888269536711774
UDVKQONMDBZTNH-UHFFFAOYSA-N__NTLFDMHDUKTQNL-MRVPVSSYSA-N,-3.5191512267167133
HJZPJKRAFMLEJV-UHFFFAOYSA-N__HXEPTZCPPPXLQW-UHFFFAOYSA-N,4.3042452691487165
HXEPTZCPPPXLQW-UHFFFAOYSA-N__HJZPJKRAFMLEJV-UHFFFAOYSA-N,2.0243405946234745
DEQCFNPQMSUQIJ-UHFFFAOYSA-N__AFRYNNOVGPGFFN-UHFFFAOYSA-N,2.2379789945462742
AFRYNNOVGPGFFN-UHFFFAOYSA-N__DEQCFNPQMSUQIJ-UHFFFAOYSA-N,-0.1428464045929367
MLYSUGCWVANFBP-CYBMUJFWSA-N__UJZAWQINJHZMNV-UHFFFAOYSA-N,-3.2647988638193834
GYDNHIRPWAJFDP-UHFFFAOYSA-N__VJOVDLPQUAYBIY-FQEVSTJZSA-N,-0.8024048359513342
UJZAWQINJHZMNV-UHFFFAOYSA-N__MLYSUGCWVANFBP-CYBMUJFWSA-N,-0.2691457360585864
VJOVDLPQUAYBIY-FQEVSTJZSA-N__GYDNHIRPWAJFDP-UHFFFAOYSA-N,-5.248258032075254
ZXIDJDQOBQZXTP-UHFFFAOYSA-N__OKXOXCLARFDBGX-QGZVFWFLSA-N,-1.7727210537763187
OKXOXCLARFDBGX-QGZVFWFLSA-N__ZXIDJDQOBQZXTP-UHFFFAOYSA-N,-0.3697987827720013
IPBITOUHHHBVCP-UHFFFAOYSA-N__OATXNKHRDHDEDM-UHFFFAOYSA-N,6.758462642439705
ZSRZDEDEBSHDTI-UHFFFAOYSA-N__BORQNHHTGKQJCB-UHFFFAOYSA-N,-2.059920703875376
OATXNKHRDHDEDM-UHFFFAOYSA-N__IPBITOUHHHBVCP-UHFFFAOYSA-N,3.3969097324542115
BORQNHHTGKQJCB-UHFFFAOYSA-N__ZSRZDEDEBSHDTI-UHFFFAOYSA-N,-6.082818080450765
FRXSOKYJGPZJBP-MRVPVSSYSA-N__MWGBJPJOEPVDDN-UHFFFAOYSA-N,-1.1290073022839175
XDGRVOLVUHPSEE-UHFFFAOYSA-N__PEQKDDGZTNLGSI-UHFFFAOYSA-N,0.2082376780393814
YSEBWKMQNXZRBG-UHFFFAOYSA-N__XUJMCODVGVMWOQ-DGCLKSJQSA-N,2.363154713552001
CKOHTPKVTMIPBA-UHFFFAOYSA-N__FCPHRPNJDNFKRP-UHFFFAOYSA-N,3.341696580007337
BCJICARHMGWOIE-UHFFFAOYSA-N__HBVIGQGBIVBGJI-LURJTMIESA-N,2.838670881630405
MNWBLZIISCHUFJ-UHFFFAOYSA-N__OHUPUQIERKZICP-CFVMTHIKSA-N,-1.4400480483712046
VLCIPYCCLRSTEI-UHFFFAOYSA-N__XHGVLMSGEZRANL-UHFFFAOYSA-N,0.6281180002757815
FCPHRPNJDNFKRP-UHFFFAOYSA-N__CKOHTPKVTMIPBA-UHFFFAOYSA-N,4.450969244489193
XHGVLMSGEZRANL-UHFFFAOYSA-N__VLCIPYCCLRSTEI-UHFFFAOYSA-N,1.8323918434191333
OYHBFHNGZQIHDO-UHFFFAOYSA-N__PCWFTLPHDUBEJX-FNORWQNLSA-N,-0.7863058801786603
UVPLGTMVGVTLQS-WETBXJCESA-N__IMBPMHCYUKOURF-VWWYUBIBSA-N,3.407802532958109
IMBPMHCYUKOURF-VWWYUBIBSA-N__UVPLGTMVGVTLQS-WETBXJCESA-N,7.214409594798729
FVDUGMPVFNHJMP-UHFFFAOYSA-N__OWPYMDPIUIVPRW-UHFFFAOYSA-N,-2.816564883673237
OWPYMDPIUIVPRW-UHFFFAOYSA-N__FVDUGMPVFNHJMP-UHFFFAOYSA-N,-2.297582283403483
PLVBIBPBUCVLHC-UHFFFAOYSA-N__SANCXFNJOZKVMN-UKRRQHHQSA-N,1.843423405517501
SANCXFNJOZKVMN-UKRRQHHQSA-N__PLVBIBPBUCVLHC-UHFFFAOYSA-N,3.9380331079713446
NZMVWXQXIPNOAE-UHFFFAOYSA-N__XKZDNWMDLGQXML-UHFFFAOYSA-N,3.5055350417097286
XKZDNWMDLGQXML-UHFFFAOYSA-N__NZMVWXQXIPNOAE-UHFFFAOYSA-N,7.107502180429879
HGJCUJBLERLLKY-UHFFFAOYSA-N__XTLOAGYLQICNQK-UHFFFAOYSA-N,-2.180335625623799
XTLOAGYLQICNQK-UHFFFAOYSA-N__HGJCUJBLERLLKY-UHFFFAOYSA-N,-0.2188718468566134
KTQVUDHTHOILMZ-UHFFFAOYSA-N__WNPIDPCUUZAMDF-NSHDSACASA-N,1.1906278617391068
ISPARUXYYREMJI-UHFFFAOYSA-N__USGWXROCSYYJDO-UHFFFAOYSA-N,0.7668376122661779
USGWXROCSYYJDO-UHFFFAOYSA-N__ISPARUXYYREMJI-UHFFFAOYSA-N,1.2393143194303624
GWAYNFOGXQAWNE-UHFFFAOYSA-N__OZZQRADTCITSML-YUMQZZPRSA-N,-4.997665062186165
OZZQRADTCITSML-YUMQZZPRSA-N__GWAYNFOGXQAWNE-UHFFFAOYSA-N,-5.690559785981789
HHXKWYMLJSLQSS-KJWHEZOQSA-N__UOASNCILWPQZLG-UHFFFAOYSA-N,1.2535168475549368
UOASNCILWPQZLG-UHFFFAOYSA-N__HHXKWYMLJSLQSS-KJWHEZOQSA-N,-6.602784079112372
GDIHENWVXQSXGC-ZJIFWQFVSA-N__LENVTKYJOFNXHY-UHFFFAOYSA-N,0.7587611027118584
HQBXLTMDNGPTNZ-UHFFFAOYSA-N__UFKCTJKZCJAPRN-UHFFFAOYSA-N,-0.3222888495273491
LENVTKYJOFNXHY-UHFFFAOYSA-N__GDIHENWVXQSXGC-ZJIFWQFVSA-N,3.329541550411049
UFKCTJKZCJAPRN-UHFFFAOYSA-N__HQBXLTMDNGPTNZ-UHFFFAOYSA-N,-5.816204907465251
XHXINCNGZLESBK-UHFFFAOYSA-N__YRDOAJQOTNPDDR-UHFFFAOYSA-N,2.1247765440459427
STGPKASWTIWUML-UHFFFAOYSA-N__LMFHYXWBBPHCRP-UHFFFAOYSA-N,1.671988076285032
YBMBQBQEIDNATH-UHFFFAOYSA-N__PQSVIOCKMYSGTQ-GJMOJQLCSA-N,-2.6916369969704093
PQSVIOCKMYSGTQ-GJMOJQLCSA-N__YBMBQBQEIDNATH-UHFFFAOYSA-N,-2.940251236820937
ASAFUHLWVGZEHS-UHFFFAOYSA-N__VMDLXWCVRBUGSB-NEPJUHHUSA-N,-3.35436374294864
VMDLXWCVRBUGSB-NEPJUHHUSA-N__ASAFUHLWVGZEHS-UHFFFAOYSA-N,-4.89977483117409
AEFIUPIWDQUYDD-UHFFFAOYSA-N__PHZIFGWWWKPJTH-SFYZADRCSA-N,-2.828581708908419
YDYVEXLFPHSGMC-UHFFFAOYSA-N__IXHIRRMPPJSYDA-UHFFFAOYSA-N,0.7292085281136356
RZYOVUHUMAMLQJ-UHFFFAOYSA-N__APUVOHOAWOBRJG-UHFFFAOYSA-N,-0.0241074625248489
IXHIRRMPPJSYDA-UHFFFAOYSA-N__YDYVEXLFPHSGMC-UHFFFAOYSA-N,2.457364772933046
BRJNQOSDCDNITN-DZKDUJFISA-N__QWCVRGNMADHWRL-UHFFFAOYSA-N,-41.85591166463067
QWCVRGNMADHWRL-UHFFFAOYSA-N__BRJNQOSDCDNITN-DZKDUJFISA-N,-44.276458549500816
MWFRTDKSCQDPPO-UHFFFAOYSA-N__RWQCDNJSSSQYFR-OWOJBTEDSA-N,4.952499253932521
YQTSQQZVXSEZPU-SNVBAGLBSA-N__MKBHRDBMWYGXJZ-UHFFFAOYSA-N,0.0900112510186648
CDIYDRHVTSAMKT-UHFFFAOYSA-N__KOWXWPSWSYLCJP-UHFFFAOYSA-N,-3.504869404662589
KOWXWPSWSYLCJP-UHFFFAOYSA-N__CDIYDRHVTSAMKT-UHFFFAOYSA-N,-0.7495995954501861
JYJUCZKXWVNIMV-HZPDHXFCSA-N__MZTKSBCQWRXZLQ-XOZUOACSSA-N,-0.0503951793082643
RSTQZXPSKJFZNF-UHFFFAOYSA-N__SVZSTQXDDVFYGC-UHFFFAOYSA-N,-1.944200684880358
PURXCOXGJOSSOS-QMMMGPOBSA-N__AVTSBRKWZZPCOZ-AKHDSKFASA-N,8.33627243498592
AVTSBRKWZZPCOZ-AKHDSKFASA-N__PURXCOXGJOSSOS-QMMMGPOBSA-N,1.999133290482053
FFIHFJGBFGDPCL-UHFFFAOYSA-N__VNTRGBNLWAUMAN-UHFFFAOYSA-N,-1.9286744667709508
VNTRGBNLWAUMAN-UHFFFAOYSA-N__FFIHFJGBFGDPCL-UHFFFAOYSA-N,2.073635695253783
MGDPBWHLUSJUCN-UHFFFAOYSA-N__UKDXYUOXVVGNNE-UHFFFAOYSA-N,-3.2529322405127834
OHGCPMWRXODMHT-UHFFFAOYSA-N__UEJRLAKPJBJOHW-UHFFFAOYSA-N,-1.2592580951677963
ZHAKMWFZSYAKGU-ALCCZGGFSA-N__HHUXKSCHEVSMFT-UHFFFAOYSA-N,-1.5039038158814098
HHUXKSCHEVSMFT-UHFFFAOYSA-N__ZHAKMWFZSYAKGU-ALCCZGGFSA-N,0.3211286182532838
AHPREXZYCLIXRO-UHFFFAOYSA-N__NIZMYHZLBREQGG-UHFFFAOYSA-N,0.3622675270984553
OOFPYXQUUWXHBK-UHFFFAOYSA-N__YFYCTZSSORSQBV-UHFFFAOYSA-N,7.33413081957917
YFYCTZSSORSQBV-UHFFFAOYSA-N__OOFPYXQUUWXHBK-UHFFFAOYSA-N,12.715167025112809
NFZSRVXWQFKKHZ-CMDGGOBGSA-N__ADDAFJMBEIUENG-UHFFFAOYSA-N,-1.755547834047655
XAKPWAPOUDEISX-UHFFFAOYSA-N__RFGXRYLTPBBFIG-RNFRBKRXSA-N,2.1026476790107385
GUHWTUXKJSNNLQ-GXTWGEPZSA-N__QWHDXIUUXWGQME-UHFFFAOYSA-N,-1.6268780623862942
QWHDXIUUXWGQME-UHFFFAOYSA-N__GUHWTUXKJSNNLQ-GXTWGEPZSA-N,1.0430242875058855
GXNXFZCZMXGACR-UHFFFAOYSA-N__XIANLERXETYHLS-UHFFFAOYSA-N,-5.377325872567788
AZHUBPXBTLEGPA-NPPUSCPJSA-N__XUIVSUSKOULLEL-UHFFFAOYSA-N,-2.9423181826580707
XUIVSUSKOULLEL-UHFFFAOYSA-N__AZHUBPXBTLEGPA-NPPUSCPJSA-N,0.3110662989930394
GJAAAGGQIDVVHW-UHFFFAOYSA-N__JTMCAHGCWBGWRV-BYPYZUCNSA-N,0.044081178694131
JTMCAHGCWBGWRV-BYPYZUCNSA-N__GJAAAGGQIDVVHW-UHFFFAOYSA-N,-1.401851562969082
XRIHOSJAAVLKGK-UHFFFAOYSA-N__MWMNKPOSAWCBOQ-UHFFFAOYSA-N,2.8714440981717138
MWMNKPOSAWCBOQ-UHFFFAOYSA-N__XRIHOSJAAVLKGK-UHFFFAOYSA-N,-0.7447034867939268
PDLPCROBLSTHIN-UHFFFAOYSA-N__GDRNKBHBFVRUPO-UHFFFAOYSA-N,2.950575879162441
ZLVWZPLGKUGAFV-RXMQYKEDSA-N__RBNBEKDCSALFTN-LUBHZNJYSA-N,4.4096584188427626
RBNBEKDCSALFTN-LUBHZNJYSA-N__ZLVWZPLGKUGAFV-RXMQYKEDSA-N,3.917992180726441
ROFLGSKINFEETL-UHFFFAOYSA-N__SFLDVRWVTJVWSA-UHFFFAOYSA-N,-1.8212148330686115
LDYXQAIZJQGNSI-UHFFFAOYSA-N__MMTHUYIXPBWKBO-UHFFFAOYSA-N,-1.4226729897437025
KDDINDBFGJIYFT-UHFFFAOYSA-N__ACGCXIANOSUGIS-UHFFFAOYSA-N,-5.654724164330153
ACGCXIANOSUGIS-UHFFFAOYSA-N__KDDINDBFGJIYFT-UHFFFAOYSA-N,-10.62678218912027
SEZKILATZULAJP-UHFFFAOYSA-N__WFUGFQZKGCGDIT-UHFFFAOYSA-N,0.5169051298488703
LRTYYZBJNALWPO-UHFFFAOYSA-N__KYTZKDDLYPQTDQ-UHFFFAOYSA-N,3.7952343491495375
WFUGFQZKGCGDIT-UHFFFAOYSA-N__SEZKILATZULAJP-UHFFFAOYSA-N,-1.6554309612931797
SQVOMXDDIBOLRS-NSHDSACASA-N__YRMBTGYCESXOES-UHFFFAOYSA-N,3.8079334516713934
MXDMPBDGHJUNBF-UHFFFAOYSA-N__OOVMGEIJRNCQGB-NXEZZACHSA-N,-1.608266660941954
VURUKMHLUUMQHU-UHFFFAOYSA-N__ZZNVVNDWAUUFFY-JTQLQIEISA-N,-3.733232279454577
OOVMGEIJRNCQGB-NXEZZACHSA-N__MXDMPBDGHJUNBF-UHFFFAOYSA-N,-1.9343113090690924
ZZNVVNDWAUUFFY-JTQLQIEISA-N__VURUKMHLUUMQHU-UHFFFAOYSA-N,0.7738346081997358
JJDOICMFBVFLPW-UHFFFAOYSA-N__VKBFVIRAZZTKPU-ZYHUDNBSSA-N,-0.2276137461951311
VKBFVIRAZZTKPU-ZYHUDNBSSA-N__JJDOICMFBVFLPW-UHFFFAOYSA-N,2.220631878414686
WPHRRQOVHHSFJK-HKUYNNGSSA-N__IJXLZWQMQAHKRC-UHFFFAOYSA-N,0.7280011202687777
XCSKRFTYPRUAMG-KRWDZBQOSA-N__COUZAGXGXFTWTH-UHFFFAOYSA-N,-0.9592138133956576
COUZAGXGXFTWTH-UHFFFAOYSA-N__XCSKRFTYPRUAMG-KRWDZBQOSA-N,0.1635823983115046
SSPYYIYVZHBAHB-UHFFFAOYSA-N__COEFMLPSVXBWIE-ZDUSSCGKSA-N,0.1483720015386049
CGOIZNJIWPMMLQ-MRVPVSSYSA-N__XHGCSJVRTPIJCE-FUBQLUNQSA-N,2.968390412070565
XHGCSJVRTPIJCE-FUBQLUNQSA-N__CGOIZNJIWPMMLQ-MRVPVSSYSA-N,2.3935992807233943
HSROVOWQWMTEIM-SNVBAGLBSA-N__RTUMAEVADUISNQ-UHFFFAOYSA-N,1.0624093219038682
GHIBHPAKBQCHNC-UHFFFAOYSA-N__UUSPMYHGPLMFJG-UHFFFAOYSA-N,1.5241831481906938
GUUFGIXAPNRYKD-UHFFFAOYSA-N__IOLBOWCWGVKAQS-UHFFFAOYSA-N,2.9090637398190693
IOLBOWCWGVKAQS-UHFFFAOYSA-N__GUUFGIXAPNRYKD-UHFFFAOYSA-N,0.3244486656418123
GVFSDEGJIMCSGR-UHFFFAOYSA-N__FOMWSHRJFWQXKV-UHFFFAOYSA-N,-1.179739009737605
QWTALAUIEVWIGR-UHFFFAOYSA-N__GERDXKZOUJEYBA-UHFFFAOYSA-N,-0.6704600307419016
FFIBNNVVQXWGIO-UHFFFAOYSA-N__OTWDOPUMTHBKSM-UHFFFAOYSA-N,-3.823787217416079
FKEUYZOXCDLYLX-UHFFFAOYSA-N__IEGQLMQQLIHJMA-UHFFFAOYSA-N,0.6120990486180549
IEGQLMQQLIHJMA-UHFFFAOYSA-N__FKEUYZOXCDLYLX-UHFFFAOYSA-N,4.760076621374034
NOCCTPMCVRUUKG-UHFFFAOYSA-N__DXBOOBQYMUBPPZ-UHFFFAOYSA-N,4.26454188519104
JFOZJSFEHZPINP-UHFFFAOYSA-N__QLFNBIFPSDDMEM-UHFFFAOYSA-N,-2.3398785700113494
QLFNBIFPSDDMEM-UHFFFAOYSA-N__JFOZJSFEHZPINP-UHFFFAOYSA-N,2.519167207265738
KZVQAIIBTOHZHQ-UHFFFAOYSA-N__TXIWRCKOKBSCPI-UHFFFAOYSA-N,-1.7967733402819646
TXIWRCKOKBSCPI-UHFFFAOYSA-N__KZVQAIIBTOHZHQ-UHFFFAOYSA-N,0.1743321946568382
GSUBXIVOZXWGKF-UHFFFAOYSA-N__KQBMYASDFRHVLB-UHFFFAOYSA-N,2.0928762081005954
XNUXSAGMXTXYOS-MRVPVSSYSA-N__RCGQAPUWWHXBOK-SNVBAGLBSA-N,1.1695946000367548
GXANMBISFKBPEX-ARJAWSKDSA-N__QHHVZCVASVTBRV-UHFFFAOYSA-N,-3.5062050454518103
QHHVZCVASVTBRV-UHFFFAOYSA-N__GXANMBISFKBPEX-ARJAWSKDSA-N,-3.335115894896131
VJYFMQREUJXCQV-RRKGBCIJSA-N__GKDBKUOLZJCUGB-OAHLLOKOSA-N,-1.944369814730064
GKDBKUOLZJCUGB-OAHLLOKOSA-N__VJYFMQREUJXCQV-RRKGBCIJSA-N,-1.071300396594588
SPJYBQUSPKOBPQ-UHFFFAOYSA-N__ZKHYPMADUKLPNI-PKEIRNPWSA-N,-0.4453578713613805
ZKHYPMADUKLPNI-PKEIRNPWSA-N__SPJYBQUSPKOBPQ-UHFFFAOYSA-N,-4.142931456393111
UXZWXBQITWQCPZ-LBPRGKRZSA-N__LYMJJALNEBRXKX-UHFFFAOYSA-N,2.541114012725299
LYMJJALNEBRXKX-UHFFFAOYSA-N__UXZWXBQITWQCPZ-LBPRGKRZSA-N,14.31146115291763
UYFGVJKWFSOUIJ-UHFFFAOYSA-N__QVJXLZIHGZSQIB-UHFFFAOYSA-N,1.2135054395328275
YRIWAWSWHVDJAJ-UHFFFAOYSA-N__POVAULBJEYDCRZ-UHFFFAOYSA-N,0.6824000928186987
XKTYXYJLOIYAPV-LBPRGKRZSA-N__NQSWKNURRYHJNV-KRWDZBQOSA-N,1.0667414134456223
IKGMXAWSIAUWQP-UHFFFAOYSA-N__NZZYWLLLLDCCFX-UHFFFAOYSA-N,-0.8595544097927221
JQDFAHSQSOKVEO-UHFFFAOYSA-N__ATRIUHRKWXZQDH-UHFFFAOYSA-N,-2.170940399665291
ATRIUHRKWXZQDH-UHFFFAOYSA-N__JQDFAHSQSOKVEO-UHFFFAOYSA-N,-1.1341420546354115
DVDCUNHBUUWOJQ-UHFFFAOYSA-N__UNVHNJSYGJPZND-UITAMQMPSA-N,-2.724214006336706
KJBCDOKIDOPHTQ-UHFFFAOYSA-N__XVMMYODWMBGAIC-UHFFFAOYSA-N,1.6150669904877029
XVMMYODWMBGAIC-UHFFFAOYSA-N__KJBCDOKIDOPHTQ-UHFFFAOYSA-N,2.9001997003633107
CLVXIIVSEIWKSR-UHFFFAOYSA-N__HMZTVUQWCZEIDW-LURJTMIESA-N,0.2633780786090864
HMZTVUQWCZEIDW-LURJTMIESA-N__CLVXIIVSEIWKSR-UHFFFAOYSA-N,0.7705970713705278
RWFLFCDDONBMRP-UHFFFAOYSA-N__ZMQKVTSIRCJPOE-UHFFFAOYSA-N,1.357788015100054
JDNSEEBTYCWCBX-UHFFFAOYSA-N__MLMCGSILWMKTDR-CSXXSTNOSA-N,-4.618160263377834
JYQRJAIBEAMYFO-UHFFFAOYSA-N__IZFSHXCITUIOCL-UHFFFAOYSA-N,0.5055458516825067
IZFSHXCITUIOCL-UHFFFAOYSA-N__JYQRJAIBEAMYFO-UHFFFAOYSA-N,1.3490873403651824
OJHTVLZQFMGITE-UHFFFAOYSA-N__MOHJNWCMTBMSSS-CVRLYYSRSA-N,-3.5287964213841563
MOHJNWCMTBMSSS-CVRLYYSRSA-N__OJHTVLZQFMGITE-UHFFFAOYSA-N,2.8236002484518745
DOBNBRNXWCUUQW-QYNIQEEDSA-N__FCSIKEIWTRSJSZ-UHFFFAOYSA-N,1.5451758105093716
FCSIKEIWTRSJSZ-UHFFFAOYSA-N__DOBNBRNXWCUUQW-QYNIQEEDSA-N,-1.714850107138339
ZZEAODQUTIDSNI-UHFFFAOYSA-N__WSJNJIGCOKXXNK-UHFFFAOYSA-N,3.140660861544759
NYLMXQJQXSWXLO-UHFFFAOYSA-N__OWHMGGRTHXTCNH-UHFFFAOYSA-N,10.465478506797302
RNUJGFSXJBLAPR-GFCCVEGCSA-N__NJVFYRBRYZXABC-UHFFFAOYSA-N,2.3364714877794537
CGEAESTXOXRLCV-UHFFFAOYSA-N__DTUMUCFHNCPJHZ-UHFFFAOYSA-N,0.1325942860203349
DTUMUCFHNCPJHZ-UHFFFAOYSA-N__CGEAESTXOXRLCV-UHFFFAOYSA-N,-2.5404879667127127
HXCXRIGYXOASCP-QUXALOBESA-N__JYYCXPXJCPYHQH-UHFFFAOYSA-N,-2.113755029126939
CDZXVXJNQQJSKM-UHFFFAOYSA-N__RCJIBZAXZJWABJ-UHFFFAOYSA-N,0.2122249873763845
ANKPJRHTUVRSIR-UHFFFAOYSA-N__GUHHLEMOZOTIKL-UHFFFAOYSA-N,0.7383761266329604
GUHHLEMOZOTIKL-UHFFFAOYSA-N__ANKPJRHTUVRSIR-UHFFFAOYSA-N,-0.5357391433467622
QIXLXBADOFQFCC-UHFFFAOYSA-N__LXICIWXDDLILTH-UHFFFAOYSA-N,-0.5255996355302908
GKTCWZYRGCLDHB-UHFFFAOYSA-N__CRBCZJWQFVJITA-UHFFFAOYSA-N,1.5319052118824152
PYKFCHRKBJOQTM-UHFFFAOYSA-N__PYMYPHUHKUWMLA-OVEKKEMJSA-N,-2.537256148534595
PYMYPHUHKUWMLA-OVEKKEMJSA-N__PYKFCHRKBJOQTM-UHFFFAOYSA-N,-2.784158389499712
MHXABRGPYZGIFD-UHFFFAOYSA-N__LHSMSJKPVUTEJR-UHFFFAOYSA-N,1.7784762857992855
CENYXQSAOCDEKQ-UHFFFAOYSA-N__HDRARMDUXVOSAL-UHFFFAOYSA-N,-1.419027470986677
HDRARMDUXVOSAL-UHFFFAOYSA-N__CENYXQSAOCDEKQ-UHFFFAOYSA-N,-7.5126742026886255
NLUBCXAVKKVFRZ-LMLFDSFASA-N__MDQIBSNQHIZVGN-UHFFFAOYSA-N,-1.7854822655246096
VONVZGYHDWKQGY-UHFFFAOYSA-N__WHHNLCPUSNYEJH-UHFFFAOYSA-N,-2.3372675533531644
WHHNLCPUSNYEJH-UHFFFAOYSA-N__VONVZGYHDWKQGY-UHFFFAOYSA-N,0.5494981049390895
YLQPSXZFPBXHPC-UHFFFAOYSA-N__VSZPYHIXSOSUQS-UHFFFAOYSA-N,6.011322767191804
PCBHMRRZPPEVKC-BFYDXBDKSA-N__SSHZZGWPPHHPGB-UHFFFAOYSA-N,2.709953837339524
SSHZZGWPPHHPGB-UHFFFAOYSA-N__PCBHMRRZPPEVKC-BFYDXBDKSA-N,3.314520015726936
OPCKFKNKRCZAID-UHFFFAOYSA-N__FSIAVOIJHGLUES-UHFFFAOYSA-N,-1.938217201625028
OTGRLVZFBVZQMS-UHFFFAOYSA-N__YFOXKGAEDFHNSR-UHFFFAOYSA-N,3.4755456773744875
YFOXKGAEDFHNSR-UHFFFAOYSA-N__OTGRLVZFBVZQMS-UHFFFAOYSA-N,6.503837216966918
DWQXOILNGUCNSH-ARJAWSKDSA-N__CTGJPTCVRFYYIE-UHFFFAOYSA-N,3.1828920389546886
CTGJPTCVRFYYIE-UHFFFAOYSA-N__DWQXOILNGUCNSH-ARJAWSKDSA-N,-0.9013515801368128
GVAXICYKUVEDCG-UHFFFAOYSA-N__MKWIODYHTOSVGL-UHFFFAOYSA-N,1.2061300081662067
MKWIODYHTOSVGL-UHFFFAOYSA-N__GVAXICYKUVEDCG-UHFFFAOYSA-N,-3.838408593483393
JDMXICUEUZXCLR-UHFFFAOYSA-N__PUGFHDHVMWAHJP-UHFFFAOYSA-N,-0.2129053160227667
WPFFFCFKBSDSFI-CTLLREPQSA-N__SKWFAZJIBFGLMZ-UHFFFAOYSA-N,0.7485665650509582
FQMASBDARDWSIR-UHFFFAOYSA-N__VKHFFKKBBPVWEY-UHFFFAOYSA-N,0.1053496965728345
AINCYHJWQFYJTF-UYMSWOSGSA-N__UBBBQHVTKVEEKX-UHFFFAOYSA-N,0.9794276988568306
UBBBQHVTKVEEKX-UHFFFAOYSA-N__AINCYHJWQFYJTF-UYMSWOSGSA-N,-1.3729728319651748
NDNPUQGGLWIBPN-UHFFFAOYSA-N__YPZQHCLBLRWNMJ-UHFFFAOYSA-N,0.5934862166013627
YPZQHCLBLRWNMJ-UHFFFAOYSA-N__NDNPUQGGLWIBPN-UHFFFAOYSA-N,0.8690721827180259
NGPPTJORORZHOM-UHFFFAOYSA-N__QKJVOSKVFHOJRE-UHFFFAOYSA-N,7.607325379157859
QKJVOSKVFHOJRE-UHFFFAOYSA-N__NGPPTJORORZHOM-UHFFFAOYSA-N,9.065479696322852
SLSHYCVXNLXDGU-UHFFFAOYSA-N__UGXDVWMHCZFWGE-UHFFFAOYSA-N,5.094714742659958
UGXDVWMHCZFWGE-UHFFFAOYSA-N__SLSHYCVXNLXDGU-UHFFFAOYSA-N,3.18779616168397
XBVNESQLFDHZRH-UHFFFAOYSA-N__HIABANRVUONKJT-HOTGVXAUSA-N,7.446658613927508
HIABANRVUONKJT-HOTGVXAUSA-N__XBVNESQLFDHZRH-UHFFFAOYSA-N,3.64230355383285
UHYPAAQZBUETNK-UHFFFAOYSA-N__OBXOVTFVECSPSG-UHFFFAOYSA-N,5.25949683158724
OBXOVTFVECSPSG-UHFFFAOYSA-N__UHYPAAQZBUETNK-UHFFFAOYSA-N,11.46616078488224
NZPJQTRCVAZYKS-SKDRFNHKSA-N__MMAAEMKTWCLPHS-UHFFFAOYSA-N,1.7167219321950682
MMAAEMKTWCLPHS-UHFFFAOYSA-N__NZPJQTRCVAZYKS-SKDRFNHKSA-N,3.284305029914147
CXVUKOAHJUNSLD-UHFFFAOYSA-N__KXUDLFWKQPBFOV-UHFFFAOYSA-N,1.6265037897596886
JEYKSANHZVJYMU-UHFFFAOYSA-N__GIHNKERTHMZJMK-UHFFFAOYSA-N,8.244734681762191
SBHHRHVPHQLMEO-UHFFFAOYSA-N__IXDHAUQXAMLSRS-UHFFFAOYSA-N,2.9148440246574188
IFFHKEDOLSAICX-UHFFFAOYSA-N__DQECOIMREXAWPL-UHFFFAOYSA-N,2.30701383668266
HNQGFRXYJNZELW-UHFFFAOYSA-N__ZRMVBGMEMQUPOL-UHFFFAOYSA-N,-0.7136756344755159
PXJKHCPUEPZQLW-UHFFFAOYSA-N__KEXKJCQTJTXLOW-YBEGLDIGSA-N,4.60757165935654
ZRMVBGMEMQUPOL-UHFFFAOYSA-N__HNQGFRXYJNZELW-UHFFFAOYSA-N,0.6218412323884415
REQVPJHSDKDDFH-UHFFFAOYSA-N__ANVNZYAZHJKRBA-UHFFFAOYSA-N,2.871914247753072
MJBHDIXTANJKQT-HACHORDNSA-N__SEBKMOVFPXYCBN-UHFFFAOYSA-N,6.377059083143738
SEBKMOVFPXYCBN-UHFFFAOYSA-N__MJBHDIXTANJKQT-HACHORDNSA-N,1.9568077408115343
BKJOJDIGFGYXHQ-UHFFFAOYSA-N__RXTCDUXLJKIOBX-MRVPVSSYSA-N,5.237379049581922
RXTCDUXLJKIOBX-MRVPVSSYSA-N__BKJOJDIGFGYXHQ-UHFFFAOYSA-N,4.415565802611707
SIJSZRJZCLOXIT-UHFFFAOYSA-N__FQUMQAQKUPVLLL-UHFFFAOYSA-N,3.8243939952534727
FQUMQAQKUPVLLL-UHFFFAOYSA-N__SIJSZRJZCLOXIT-UHFFFAOYSA-N,3.235723268745725
DLALVKBHYQBMAL-UHFFFAOYSA-N__ICZZHQYPUNRPFZ-UHFFFAOYSA-N,1.1435842456428935
ICZZHQYPUNRPFZ-UHFFFAOYSA-N__DLALVKBHYQBMAL-UHFFFAOYSA-N,-0.0387023941558321
LZQDXSOKOWUGES-UHFFFAOYSA-N__PYMYPHUHKUWMLA-DEOSMSJNSA-N,6.049927243046822
PIQNUJHNVBOHTG-UHFFFAOYSA-N__OCHOSUFDGPHRJA-UHFFFAOYSA-N,4.150310260123778
PYMYPHUHKUWMLA-DEOSMSJNSA-N__LZQDXSOKOWUGES-UHFFFAOYSA-N,0.7919157339335883
OCHOSUFDGPHRJA-UHFFFAOYSA-N__PIQNUJHNVBOHTG-UHFFFAOYSA-N,2.772035405922613
BBIYKYAKLFPPCC-UHFFFAOYSA-N__CIEJXAJDZSCFRL-UHFFFAOYSA-N,2.992444877643308
VSADOOPSONXATQ-UHFFFAOYSA-N__VKGPPUPJOUQTCG-UHFFFAOYSA-N,1.365808625501642
DGDQPDICJZFEPX-UHFFFAOYSA-N__MUMCLRMQZOPMDL-UHFFFAOYSA-N,1.5457461287268677
MUMCLRMQZOPMDL-UHFFFAOYSA-N__DGDQPDICJZFEPX-UHFFFAOYSA-N,3.4124578847697973
VKGPPUPJOUQTCG-UHFFFAOYSA-N__VSADOOPSONXATQ-UHFFFAOYSA-N,4.26029281849555
CIEJXAJDZSCFRL-UHFFFAOYSA-N__BBIYKYAKLFPPCC-UHFFFAOYSA-N,5.68000435118551
QMDXRYCMICAMOW-UHFFFAOYSA-N__DYGDEMYAKOVVQT-UHFFFAOYSA-N,2.584615452705004
DYGDEMYAKOVVQT-UHFFFAOYSA-N__QMDXRYCMICAMOW-UHFFFAOYSA-N,2.382116851344096
BRPVVPBLCNRXCU-UHFFFAOYSA-N__DCQBJNVVGAKRQS-UHFFFAOYSA-N,0.1250925063937207
DCQBJNVVGAKRQS-UHFFFAOYSA-N__BRPVVPBLCNRXCU-UHFFFAOYSA-N,6.190492953761706
UQQSXHRYVDIZOX-UHFFFAOYSA-N__VGYRBFQDTYQOQQ-UHFFFAOYSA-N,6.440673183659167
VGYRBFQDTYQOQQ-UHFFFAOYSA-N__UQQSXHRYVDIZOX-UHFFFAOYSA-N,-0.1549034599225203
QJWBNUGQBGTVQT-ZDUSSCGKSA-N__KULICUBVTIHVLB-UHFFFAOYSA-N,4.333407391805746
KULICUBVTIHVLB-UHFFFAOYSA-N__QJWBNUGQBGTVQT-ZDUSSCGKSA-N,1.6168991972938327
SUUCOGNUSPOGOY-UHFFFAOYSA-N__BOLOHUXVFXRCQK-UHFFFAOYSA-N,3.3670532959559574
BOLOHUXVFXRCQK-UHFFFAOYSA-N__SUUCOGNUSPOGOY-UHFFFAOYSA-N,5.335799336614286
JRXWKNZUEGUWPN-UHFFFAOYSA-N__UOHRIBOTZNQTJO-UHFFFAOYSA-N,1.8268697656543424
UOHRIBOTZNQTJO-UHFFFAOYSA-N__JRXWKNZUEGUWPN-UHFFFAOYSA-N,3.987527032119642
IUZYBGRMKZLEJE-UHFFFAOYSA-N__LZCBJRXNWGOTGZ-UHFFFAOYSA-N,7.768994101483253
LZCBJRXNWGOTGZ-UHFFFAOYSA-N__IUZYBGRMKZLEJE-UHFFFAOYSA-N,4.991712484765383
SPSGCPQLOUNVMU-UHFFFAOYSA-N__ZYFUZAGNFAFPCF-UHFFFAOYSA-N,-0.7019504749278632
ZYFUZAGNFAFPCF-UHFFFAOYSA-N__SPSGCPQLOUNVMU-UHFFFAOYSA-N,2.2663142970705974
JZSTVNDZCRMDRT-UHFFFAOYSA-N__PVUYIGALQDEBCZ-UHFFFAOYSA-N,0.4984487552777672
PVUYIGALQDEBCZ-UHFFFAOYSA-N__JZSTVNDZCRMDRT-UHFFFAOYSA-N,0.7377002012073786
JUKNYNHNSDCXOY-UHFFFAOYSA-N__GEAOLCXZTOZSHC-SCZZXKLOSA-N,-0.6143211765633245
GEAOLCXZTOZSHC-SCZZXKLOSA-N__JUKNYNHNSDCXOY-UHFFFAOYSA-N,-3.2542475956105585
TUSHJTLURNXYPV-UHFFFAOYSA-N__XWASMPUERXJETG-UHFFFAOYSA-N,5.520555738252316
XWASMPUERXJETG-UHFFFAOYSA-N__TUSHJTLURNXYPV-UHFFFAOYSA-N,7.332585161523063
UZVRCQLCLZZCOG-UHFFFAOYSA-N__IQEJRIDFBBTPTL-UHFFFAOYSA-N,13.02955549955368
WMVVWYPUEOCBHT-UHFFFAOYSA-N__UQYVFSPLMMYALA-UHFFFAOYSA-N,3.399218964085532
PHEBXIRUDOTJPJ-UHFFFAOYSA-N__WCJSDRVJGJHEHU-UHFFFAOYSA-N,-0.0860106722723724
WCJSDRVJGJHEHU-UHFFFAOYSA-N__PHEBXIRUDOTJPJ-UHFFFAOYSA-N,4.845047310136208
LJGNHPMXRIUNQP-UHFFFAOYSA-N__XYERYTRUOCRXPN-UHFFFAOYSA-N,2.6658577574505005
XYERYTRUOCRXPN-UHFFFAOYSA-N__LJGNHPMXRIUNQP-UHFFFAOYSA-N,2.5429430059335902
ABQQFDHMYPHSGL-UHFFFAOYSA-N__RNZGXYYOWLCZPH-XCBNKYQSSA-N,4.962892384470587
ILMJZAGOJHFRCW-UHFFFAOYSA-N__KQNNNVCWYUWVCH-UHFFFAOYSA-N,2.857922944531585
LYXQSEYFXNKMJD-UHFFFAOYSA-N__OMFYSEPDJVWYTA-UHFFFAOYSA-N,3.265790250423665
KQNNNVCWYUWVCH-UHFFFAOYSA-N__ILMJZAGOJHFRCW-UHFFFAOYSA-N,9.123019850231296
HBJJAQZLGMNQDH-UHFFFAOYSA-N__BRMICDFFLQLPSB-NALNUFGESA-N,4.857637168237787
GYKZSGBPECIBTN-UHFFFAOYSA-N__QGBARVNQFKJVTC-UHFFFAOYSA-N,1.6369733809763722
BRMICDFFLQLPSB-NALNUFGESA-N__HBJJAQZLGMNQDH-UHFFFAOYSA-N,8.123865801660706
QGBARVNQFKJVTC-UHFFFAOYSA-N__GYKZSGBPECIBTN-UHFFFAOYSA-N,0.8026027636583709
XYFZENMOPHAGIR-UHFFFAOYSA-N__MHHFSFGCOZLMOU-MJXNMMHHSA-N,5.8409821221888665
UJAMFUJNEIOXHV-UHFFFAOYSA-N__CPGUTNZDDOVCLK-LBPRGKRZSA-N,1.688565490915217
VIILNOGMHDGKJP-UHFFFAOYSA-N__UEPOAAHEMUMCQO-CVEARBPZSA-N,6.017955429563004
WSJQSSMODXLDDQ-UHFFFAOYSA-N__BABVPQDLEUPIOJ-UHFFFAOYSA-N,-2.729712176642876
SFTPVTIKDODAEC-UHFFFAOYSA-N__AOYNUTHNTBLRMT-DPYQTVNSSA-N,-1.1701249114170262
GSEVOWSUQHUFSO-UHFFFAOYSA-N__QYTYATPEZNLZHM-UHFFFAOYSA-N,8.396323469375915
QYTYATPEZNLZHM-UHFFFAOYSA-N__GSEVOWSUQHUFSO-UHFFFAOYSA-N,10.129134720580828
SKIBYTHWQPTZMX-UHFFFAOYSA-N__QACCVDWOCNISBC-UHFFFAOYSA-N,0.882037455378672
POHCIOAPWJYPPI-UHFFFAOYSA-N__VKFQPLHECKSWPD-UHFFFAOYSA-N,5.190011279330991
CGYOMIKHXAQHHZ-UHFFFAOYSA-N__HCPSLGJCQRXODA-UHFFFAOYSA-N,3.700519153979
NJVFYRBRYZXABC-UHFFFAOYSA-N__DSYHVTDMBRKZSY-UHFFFAOYSA-N,2.267622473017981
ZPAIOFISOVESQU-UHFFFAOYSA-N__BCROIPHUVDAKHD-OIISXLGYSA-N,-0.4754524230000115
TWDKUMOGQDPAES-UHFFFAOYSA-N__BACKYNDYHCJBIN-UHFFFAOYSA-N,2.102031396103357
VZXCIRWAUGJMOJ-UHFFFAOYSA-N__XZJIMXLAWGMXSF-UHFFFAOYSA-N,7.102441213951249
BACKYNDYHCJBIN-UHFFFAOYSA-N__TWDKUMOGQDPAES-UHFFFAOYSA-N,2.258857791459844
SFGANHYSJTUYMM-UHFFFAOYSA-N__NZIZJPCQEVKPTE-HTQZYQBOSA-N,11.251776183496387
HVZWAYMEZILXED-UHFFFAOYSA-N__IONXOGFMWNKFSQ-UHFFFAOYSA-N,7.263864310649254
IONXOGFMWNKFSQ-UHFFFAOYSA-N__HVZWAYMEZILXED-UHFFFAOYSA-N,8.15219187687565
VEXNMKRQAPBYJS-UHFFFAOYSA-N__XNTLMOQCJXYSFJ-UHFFFAOYSA-N,-0.105091512327938
XNTLMOQCJXYSFJ-UHFFFAOYSA-N__VEXNMKRQAPBYJS-UHFFFAOYSA-N,-0.2263336990469419
WTKDYNNJQBNCTI-UHFFFAOYSA-N__AUBIWGBQOSCZGF-UHFFFAOYSA-N,5.171538837947798
ILZLRTFDVNAUTG-UHFFFAOYSA-N__HXWATQGTJQXSRT-UHFFFAOYSA-N,3.337841051331402
IODALEMIQSPMTO-UHFFFAOYSA-N__MUAAIOAJDZTJRL-UHFFFAOYSA-N,-0.4392459885124559
BMSQHQQZYHSSAY-UTUOFQBUSA-N__JUZFYOZOPXNVHZ-UHFFFAOYSA-N,-0.0844121772074702
BVQOXNGVCZNTQM-UHFFFAOYSA-N__MBSQZSFXFPOODJ-SCZZXKLOSA-N,-3.5050982426628967
VGZYPESIPJKGIY-UHFFFAOYSA-N__OTMXHFNMEPOLMY-NBVRZTHBSA-N,-0.6811223039245266
OTMXHFNMEPOLMY-NBVRZTHBSA-N__VGZYPESIPJKGIY-UHFFFAOYSA-N,3.5183217049902464
BBHZDCLGGYFGTQ-UHFFFAOYSA-N__WSYHRXKCWOPBAT-UHFFFAOYSA-N,1.853217964194633
VKWGAOQLZMZCPZ-UHFFFAOYSA-N__RMCOGIYQYGQBSD-UHFFFAOYSA-N,5.444624980930554
SJRIQTQHVNDJMU-UHFFFAOYSA-N__YJHLPVRRCMLBFU-UHFFFAOYSA-N,3.16807648300453
VSJNBRHKFISDKH-UHFFFAOYSA-N__UFFXGHDAUHQHGP-UHFFFAOYSA-N,2.2912842732681016
LUJORMSYHLKJOE-UHFFFAOYSA-N__VLOUJBHETNWUPE-JTQLQIEISA-N,13.18608091591341
JBJXDXAZZFDVRB-UHFFFAOYSA-N__OIQIRDRLXJQSLD-UHFFFAOYSA-N,-0.3835121521739961
OIQIRDRLXJQSLD-UHFFFAOYSA-N__JBJXDXAZZFDVRB-UHFFFAOYSA-N,2.69161605160198
ZPTHLAIQDOTIFE-UHFFFAOYSA-N__GJTAIZDQBJJTLB-UHFFFAOYSA-N,2.391257973181605
YIZDNJPXPBZAJS-FBIMIBRVSA-N__XTXKPVXZEDERLE-UHFFFAOYSA-N,2.792018736810799
XTXKPVXZEDERLE-UHFFFAOYSA-N__YIZDNJPXPBZAJS-FBIMIBRVSA-N,4.101497706678929
JVGHNHVTABVRQQ-UHFFFAOYSA-N__AWRGBOQAYPIQSS-UHFFFAOYSA-N,-3.296488554816659
RIWHSPVIVGOQEG-UHFFFAOYSA-N__IGXGXUOTGWANTK-UHFFFAOYSA-N,2.102811733050199
HNKYWXZXFAQLJK-MQWKRIRWSA-N__LKHQNMVIDSVGJP-UHFFFAOYSA-N,8.081206570792896
AGQARYWNJWOGJE-UHFFFAOYSA-N__PNHXSDAJYCFONQ-UHFFFAOYSA-N,1.0899512676892076
OGCHWLVTRRZEAM-JTQLQIEISA-N__OIPJSBVLNNCQPF-UHFFFAOYSA-N,1.6761148126006535
DTLNHGPEIPUUOJ-OWOJBTEDSA-N__FGGIOVSWJGBGNF-UHFFFAOYSA-N,2.577420693716132
JSZVGYMCWWNBMH-QWRGUYRKSA-N__CTNPVLCSPJBHHT-UHFFFAOYSA-N,3.479370984433668
GJJKOIYVMNOZSD-UHFFFAOYSA-N__ZZEAODQUTIDSNI-UHFFFAOYSA-N,1.2022741601030271
ZZEAODQUTIDSNI-UHFFFAOYSA-N__GJJKOIYVMNOZSD-UHFFFAOYSA-N,0.6313882475809135
AQDXNZXECJWNFF-UHFFFAOYSA-N__SMPHKZCVCSCUBU-UHFFFAOYSA-N,2.5073649876444195
SMPHKZCVCSCUBU-UHFFFAOYSA-N__AQDXNZXECJWNFF-UHFFFAOYSA-N,2.8680977532350247
OUOMLDATCCUKOE-UHFFFAOYSA-N__VZXJRZAKRMWGDY-BWZBUEFSSA-N,1.737495339735922
VZXJRZAKRMWGDY-BWZBUEFSSA-N__OUOMLDATCCUKOE-UHFFFAOYSA-N,11.166575032974004
XEKUVFSXKOTIAF-UHFFFAOYSA-N__PQRAPZJLVMRYMD-UHFFFAOYSA-N,-0.5803161540093189
ZHOXGILWMHZMGW-UHFFFAOYSA-N__JCNPAQNUBWVOBE-UHFFFAOYSA-N,-0.1648889872031948
GGACOTCOHHPHIN-UHFFFAOYSA-N__QFPXOXHUZKFNIL-UHFFFAOYSA-N,4.289031471190585
QFPXOXHUZKFNIL-UHFFFAOYSA-N__GGACOTCOHHPHIN-UHFFFAOYSA-N,4.041169775604078
VLYBAYYZUNDDLF-UHFFFAOYSA-N__VRVCASIZEUQYJG-UHFFFAOYSA-N,1.0357707830938778
VRVCASIZEUQYJG-UHFFFAOYSA-N__VLYBAYYZUNDDLF-UHFFFAOYSA-N,5.410118797841789
QIYXPGFSRMUTQR-SCZZXKLOSA-N__RXAOIZCSQHPWDL-UHFFFAOYSA-N,-3.0036639988132565
RXAOIZCSQHPWDL-UHFFFAOYSA-N__QIYXPGFSRMUTQR-SCZZXKLOSA-N,4.556944156396687
ZNKRBRFNTOFHGK-UHFFFAOYSA-N__YTJQHLPNJRYMEU-VMPITWQZSA-N,11.9919454165388
FTGAWRCSDQXWRJ-HTQZYQBOSA-N__ZSXIFEQBKSZVLV-UHFFFAOYSA-N,1.5296698197713146
QUKLMRAPNOMHCF-UHFFFAOYSA-N__ANSSDOAYSUZNQD-UHFFFAOYSA-N,6.101771406165432
XRCMQISTSRYNNU-UHFFFAOYSA-N__QXIAXUXBAWRTCO-FQEVSTJZSA-N,5.310830934060637
RQSDAPWALJWBDY-UHFFFAOYSA-N__GRJPGNVOWMYNNB-UHFFFAOYSA-N,4.938606060594257
DMWFJBPGIWIXKH-UHFFFAOYSA-N__CSKDANHCUBXSDL-UHFFFAOYSA-N,1.350698269916743
JCWHSNMPOWXNFP-UHFFFAOYSA-N__YISKVGIIZSUYOO-ZETCQYMHSA-N,4.783433202988223
YISKVGIIZSUYOO-ZETCQYMHSA-N__JCWHSNMPOWXNFP-UHFFFAOYSA-N,8.741986646163593
HYCZANLKXRZFFF-UHFFFAOYSA-N__STDJHXOBOGQVGO-UHFFFAOYSA-N,1.287813918604592
KMDMSXVIDJWOQL-UHFFFAOYSA-N__ZRKKNROAIRYSNT-SNAWJCMRSA-N,4.786757817821237
STDJHXOBOGQVGO-UHFFFAOYSA-N__HYCZANLKXRZFFF-UHFFFAOYSA-N,1.884217604353564
ZRKKNROAIRYSNT-SNAWJCMRSA-N__KMDMSXVIDJWOQL-UHFFFAOYSA-N,-1.5037724096817329
JSHBMDIJOGPLJT-FVMZRBCSSA-N__UWQQZAOIJAEVDJ-UHFFFAOYSA-N,5.843836336325244
QGQQTJFIYNGSEU-OSMVPFSASA-N__GXQNKVDAAINMNE-UHFFFAOYSA-N,5.011163073948243
PDNJZVCOKOXLJB-UHFFFAOYSA-N__OVWCLCBSKGZHNN-UHFFFAOYSA-N,7.199358538017993
OVWCLCBSKGZHNN-UHFFFAOYSA-N__PDNJZVCOKOXLJB-UHFFFAOYSA-N,2.22195686549554
IWVMASWCELCYEY-UHFFFAOYSA-N__SHGPBDQRELYPLO-UHFFFAOYSA-N,2.878694643775149
BZTGATYSNJMLOL-UHFFFAOYSA-N__MDVHMHNMLSXRFO-UHFFFAOYSA-N,2.2808208239601635
SHGPBDQRELYPLO-UHFFFAOYSA-N__IWVMASWCELCYEY-UHFFFAOYSA-N,-2.796115832891474
CVAJKCNPTLGKOZ-UHFFFAOYSA-N__GAGAFKPXDNSXLF-UHFFFAOYSA-N,-0.4703081242015806
GAGAFKPXDNSXLF-UHFFFAOYSA-N__CVAJKCNPTLGKOZ-UHFFFAOYSA-N,9.964701095122672
MKHIIJWSRGKNMT-UHFFFAOYSA-N__GODAWLREKBVOBK-UHFFFAOYSA-N,6.577123741464045
ZICSEWYBZAXUJF-UHFFFAOYSA-N__JZEJRRIDBYKNGT-UHFFFAOYSA-N,6.777294611274246
JZEJRRIDBYKNGT-UHFFFAOYSA-N__ZICSEWYBZAXUJF-UHFFFAOYSA-N,3.561442493729914
ABDDBBPBPRBCMB-HNNXBMFYSA-N__DPJQRCYVQPDOQB-UHFFFAOYSA-N,4.4397468501171975
KJGKBRCUXHEZOL-UHFFFAOYSA-N__XAHGBJAHRSSXKH-UHFFFAOYSA-N,1.2078615339040832
HOBJKQHKSPFTHR-UHFFFAOYSA-N__MJKNAYYTEPMTCB-UHFFFAOYSA-N,1.0630267856951148
XAHGBJAHRSSXKH-UHFFFAOYSA-N__KJGKBRCUXHEZOL-UHFFFAOYSA-N,2.489537488484499
XRASYEXRRYHBEH-UHFFFAOYSA-N__MVICMAZPKXLFGX-UHFFFAOYSA-N,1.005025209674011
MVICMAZPKXLFGX-UHFFFAOYSA-N__XRASYEXRRYHBEH-UHFFFAOYSA-N,4.172005251105768
MBSWUJMEPOFLST-CJNGLKHVSA-N__RLBQHHQLZRPQKB-UHFFFAOYSA-N,7.649153763238073
ZUQVWCCCASHACW-UHFFFAOYSA-N__XPZMNUGLZRYKLD-UHFFFAOYSA-N,-1.0433159920734794
YSIMVZFYLIRRCB-UHFFFAOYSA-N__BDEDPKFUFGCVCJ-UHFFFAOYSA-N,6.018501172048477
BDEDPKFUFGCVCJ-UHFFFAOYSA-N__YSIMVZFYLIRRCB-UHFFFAOYSA-N,6.782384270384344
DNTFGCRRFHCSLX-UHFFFAOYSA-N__OUPFKVSUUYSDMH-UHFFFAOYSA-N,1.803130575813093
KCVQNERFZLFINX-UHFFFAOYSA-N__BBXVUCHELSDGOV-DTWKUNHWSA-N,0.7150563491731106
OUPFKVSUUYSDMH-UHFFFAOYSA-N__DNTFGCRRFHCSLX-UHFFFAOYSA-N,0.4788864767249644
COAQKHCMEIWUMY-UHFFFAOYSA-N__HNWAWBCRCXFAMK-UHFFFAOYSA-N,1.6215894255220615
HNWAWBCRCXFAMK-UHFFFAOYSA-N__COAQKHCMEIWUMY-UHFFFAOYSA-N,4.556187334184147
MMFOIQXZNSNLCU-UHFFFAOYSA-N__HROLQGSQGFWORE-UHFFFAOYSA-N,10.028029686983306
QRVNRGVSRXFXDC-UHFFFAOYSA-N__APLFIJCLMPYZDR-UHFFFAOYSA-N,-0.2199148387563836
JLRLALMLEOUCIW-UHFFFAOYSA-N__LIEDSKNTNAYAJR-UHFFFAOYSA-N,5.305167046290307
IWOPTUDRCTVKBD-UHFFFAOYSA-N__UOIRZMZCVZZNJE-UHFFFAOYSA-N,1.077743591061393
YOWJMFSAQPDRJB-UHFFFAOYSA-N__LAFXPTWJYPTUCT-UHFFFAOYSA-N,3.4851596326949026
YEMLHGPVSJDWGD-UHFFFAOYSA-N__MRVSGLLDEDYKPG-UHFFFAOYSA-N,-0.925773386127684
FMNXHPUEPSXMRE-UHFFFAOYSA-N__HGQYWKZNBSAUOW-UHFFFAOYSA-N,5.880792897022172
HGQYWKZNBSAUOW-UHFFFAOYSA-N__FMNXHPUEPSXMRE-UHFFFAOYSA-N,7.721432087999941
UOIRZMZCVZZNJE-UHFFFAOYSA-N__IWOPTUDRCTVKBD-UHFFFAOYSA-N,6.297517982251601
LAFXPTWJYPTUCT-UHFFFAOYSA-N__YOWJMFSAQPDRJB-UHFFFAOYSA-N,1.866188612577067
APODYFBUWNJSPB-UHFFFAOYSA-N__SDUKRHNJYAKKLI-YFKPBYRVSA-N,4.466320722890646
SDUKRHNJYAKKLI-YFKPBYRVSA-N__APODYFBUWNJSPB-UHFFFAOYSA-N,4.776204308800919
MIIPXTCXSIGMJP-UHFFFAOYSA-N__XPSGIRHXVDIZJN-UHFFFAOYSA-N,-1.1149666573357573
XPSGIRHXVDIZJN-UHFFFAOYSA-N__MIIPXTCXSIGMJP-UHFFFAOYSA-N,0.1224127736447232
KBXNGAURAKQTDX-UHFFFAOYSA-N__XWBOCEMIOZJTGJ-UHFFFAOYSA-N,4.363522003560111
XWBOCEMIOZJTGJ-UHFFFAOYSA-N__KBXNGAURAKQTDX-UHFFFAOYSA-N,4.805710116959524
TZWURBSZRVYFFM-UHFFFAOYSA-N__NKRDKPPCUGQUNM-UHFFFAOYSA-N,2.3605176012723024
BIWXUUNUQNADHC-UHFFFAOYSA-N__NGNXBZZHYWHCQE-UHFFFAOYSA-N,1.2147765158017123
JQSVKHPKNKYBEX-UHFFFAOYSA-N__HHMAOHCPYNJMQL-UHFFFAOYSA-N,-0.0899398161055859
HHMAOHCPYNJMQL-UHFFFAOYSA-N__JQSVKHPKNKYBEX-UHFFFAOYSA-N,10.272770193655662
UFWXCTASOUWWBW-MRVPVSSYSA-N__VCERJZASBXCNIH-UHFFFAOYSA-N,1.644283697865928
VCERJZASBXCNIH-UHFFFAOYSA-N__UFWXCTASOUWWBW-MRVPVSSYSA-N,0.5830367951493284
QKUNHVCVTHCCNJ-UHFFFAOYSA-N__FTFHTTDYAQHWML-UHFFFAOYSA-N,1.0900182850779023
GVOLJUIKNSUFMB-UHFFFAOYSA-N__VJOUQPLEGDGZMX-UHFFFAOYSA-N,1.0248173497359008
VJOUQPLEGDGZMX-UHFFFAOYSA-N__GVOLJUIKNSUFMB-UHFFFAOYSA-N,1.3759864570052462
VIMVTCPKGTYKAI-FZLHRTGXSA-N__NSOZNISHYYJIDS-UHFFFAOYSA-N,-0.9505364297098734
NSOZNISHYYJIDS-UHFFFAOYSA-N__VIMVTCPKGTYKAI-FZLHRTGXSA-N,-1.3345400987358609
ZFKQLBPDYNAPLK-UHFFFAOYSA-N__IZRGXRWWJIYUSQ-UHFFFAOYSA-N,2.0018005322077848
HDUFFKMQYDUSJV-UHFFFAOYSA-N__CGHZVOTVKZHDRO-UHFFFAOYSA-N,-1.5707934003829414
UBYGSMAJFKGEDP-UHFFFAOYSA-N__JVVKJJFIWJEVFC-UHFFFAOYSA-N,2.091815716462178
JVVKJJFIWJEVFC-UHFFFAOYSA-N__UBYGSMAJFKGEDP-UHFFFAOYSA-N,4.077539158581812
XTLMVAAJQQCRBV-UHFFFAOYSA-N__NVGSPCSQFOQQPW-OAHLLOKOSA-N,4.70028472753584
NVGSPCSQFOQQPW-OAHLLOKOSA-N__XTLMVAAJQQCRBV-UHFFFAOYSA-N,6.422730762020094
QKSSKTSSHUJDJX-UHFFFAOYSA-N__HJLJGVXTTDYDMO-UHFFFAOYSA-N,1.8117221550490352
CHJJJWLNRWOAJS-UHFFFAOYSA-N__XXFOVDUFWSXGSH-UHFFFAOYSA-N,6.056674877371167
PYBLOJMEBNDYNE-UHFFFAOYSA-N__LRDSAYMGIIOCKF-UHFFFAOYSA-N,2.426039380185041
NSNOWDLAVHQQBQ-UHFFFAOYSA-N__FXBBAJBGIHKOOD-UHFFFAOYSA-N,-1.0965195748146928
UPVJIDNOEOIBDG-UHFFFAOYSA-N__YHRYIGKHZVPXAD-JTQLQIEISA-N,0.4779665083403028
YHRYIGKHZVPXAD-JTQLQIEISA-N__UPVJIDNOEOIBDG-UHFFFAOYSA-N,0.7611385527334964
JQRPGIZAKAVMEH-UHFFFAOYSA-N__IXZRIDOSNGLZKT-UHFFFAOYSA-N,-1.4424432375470793
PCEQLTWOWQPVST-UHFFFAOYSA-N__KPLRSJORUCAGDO-UHFFFAOYSA-N,1.520555822592914
UCNDXESPXKOMEU-UHFFFAOYSA-N__JMRSHDVAHDPUKX-UHFFFAOYSA-N,5.225636787942373
BBBHULMPWUMTLV-SOFGYWHQSA-N__CFNPVWYWBQHEBX-UHFFFAOYSA-N,5.601364623591664
AKMWOXBQOLSLNU-UHFFFAOYSA-N__SUBLOPPQBZFCBD-UHFFFAOYSA-N,0.4886326484841974
SUBLOPPQBZFCBD-UHFFFAOYSA-N__AKMWOXBQOLSLNU-UHFFFAOYSA-N,4.545251949380112
CFNPVWYWBQHEBX-UHFFFAOYSA-N__BBBHULMPWUMTLV-SOFGYWHQSA-N,3.3554707705998705
ZYXROVAADBWOQJ-UHFFFAOYSA-N__RMCRCRJHVSBZBD-UHFFFAOYSA-N,12.2970880516455
RMCRCRJHVSBZBD-UHFFFAOYSA-N__ZYXROVAADBWOQJ-UHFFFAOYSA-N,5.249346490500709
JVKSGJYJHFBHAC-UHFFFAOYSA-N__DGJHFXZYVLVMIA-UHFFFAOYSA-N,0.4584080982469006
FLXNWBRGIBQFGR-UHFFFAOYSA-N__DNLOHYSLSSMYDJ-UHFFFAOYSA-N,6.269663726463278
DGJHFXZYVLVMIA-UHFFFAOYSA-N__JVKSGJYJHFBHAC-UHFFFAOYSA-N,3.716760911733903
PMNZFIOVMXLBFN-UHFFFAOYSA-N__MJSQKPJXURRBNU-UHFFFAOYSA-N,3.3671813336439245
MJSQKPJXURRBNU-UHFFFAOYSA-N__PMNZFIOVMXLBFN-UHFFFAOYSA-N,1.6461032877344552
DZYZMXXRUFLNHR-UHFFFAOYSA-N__MLDSQJUCTDGGCC-UHFFFAOYSA-N,-2.098287660739115
JTRDWIOIDMLMNN-XBXARRHUSA-N__NEQJGINFXGJNRF-UHFFFAOYSA-N,0.1335244980891991
KAHBGXDEWUZAPC-UHFFFAOYSA-N__RUPSQOAXRWRKLQ-UHFFFAOYSA-N,0.8704317064963986
NEQJGINFXGJNRF-UHFFFAOYSA-N__JTRDWIOIDMLMNN-XBXARRHUSA-N,2.7353296890570986
RFIRCJLMHIORAB-UHFFFAOYSA-N__RVCGXCYKWWYXQQ-UHFFFAOYSA-N,2.357211493064596
RVCGXCYKWWYXQQ-UHFFFAOYSA-N__RFIRCJLMHIORAB-UHFFFAOYSA-N,4.13912909663331
QSIOUARJNUFOHV-UHFFFAOYSA-N__SNSDGUHRZVVHMK-ACZMJKKPSA-N,-2.091251687219946
KCXPISDSPNVXFN-UHFFFAOYSA-N__CQRDDJKTESRACN-UHFFFAOYSA-N,2.751347964130365
SNSDGUHRZVVHMK-ACZMJKKPSA-N__QSIOUARJNUFOHV-UHFFFAOYSA-N,0.7747503187536361
CWUQZBHRBQRLOK-UHFFFAOYSA-N__NDELSZKTZXAFDR-UHFFFAOYSA-N,2.360280136106727
NDELSZKTZXAFDR-UHFFFAOYSA-N__CWUQZBHRBQRLOK-UHFFFAOYSA-N,0.0594373059385155
VMPBQMPRFQKGKY-SSDOTTSWSA-N__BPUWUQCDBVUQFV-UHFFFAOYSA-N,8.013650329587781
MCOIKTRYTUPFAR-UHFFFAOYSA-N__PRUUILMHOVLKMR-WNJXEPBRSA-N,7.512044579282075
PRUUILMHOVLKMR-WNJXEPBRSA-N__MCOIKTRYTUPFAR-UHFFFAOYSA-N,5.539240530562334
AJLHBPPESIWFEQ-UHFFFAOYSA-N__RCLNJWMMWQCAAB-UHFFFAOYSA-N,6.477990382136476
AGLFWRGCRYJMDX-KIYNQFGBSA-N__JCSOEEWJDRIQLI-UHFFFAOYSA-N,3.513545723105948
KAQJCXPQHMERRF-UHFFFAOYSA-N__FYXOUUAJYPEARY-UHFFFAOYSA-N,5.443530677904003
DQBFDFOGYRQCGU-UHFFFAOYSA-N__UPSPXTJRMFAACN-UHFFFAOYSA-N,-0.0583432317692978
UPSPXTJRMFAACN-UHFFFAOYSA-N__DQBFDFOGYRQCGU-UHFFFAOYSA-N,3.701972355027893
GQENMTRJPMISEH-UHFFFAOYSA-N__VMZCQQYMCZGURX-UHFFFAOYSA-N,7.227211444347052
VMZCQQYMCZGURX-UHFFFAOYSA-N__GQENMTRJPMISEH-UHFFFAOYSA-N,7.579063503490025
AMQBUMNOSGJNQL-UHFFFAOYSA-N__CTWIJYOOGUMWAI-CQSZACIVSA-N,3.3397478356299097
YSHAJJZKWVTMMV-UHFFFAOYSA-N__AKOPNWAGXMASTH-UHFFFAOYSA-N,1.4039357453018575
LBCVPYBBUCWRLU-UHFFFAOYSA-N__RSFPKNUYLWUPMZ-UHFFFAOYSA-N,-1.1172804260922464
BCDORUPXNKYSBS-UHFFFAOYSA-N__IWBGRDVALZQSCT-UHFFFAOYSA-N,7.790375078730703
RSFPKNUYLWUPMZ-UHFFFAOYSA-N__LBCVPYBBUCWRLU-UHFFFAOYSA-N,0.8887486667159867
XMNOCNRFTZRTDW-SCNOPHJPSA-N__CKBUVYCHHBMZSF-UHFFFAOYSA-N,-0.6662028980381846
CKBUVYCHHBMZSF-UHFFFAOYSA-N__XMNOCNRFTZRTDW-SCNOPHJPSA-N,-3.577701164954896
IWBGRDVALZQSCT-UHFFFAOYSA-N__BCDORUPXNKYSBS-UHFFFAOYSA-N,5.366789713544365
FOHCFZJXFYSNGY-UHFFFAOYSA-N__TXRSZKPKCILMHR-UHFFFAOYSA-N,0.8591349620982367
TXRSZKPKCILMHR-UHFFFAOYSA-N__FOHCFZJXFYSNGY-UHFFFAOYSA-N,-1.5534592323115597
REEAKGRNKLXYRK-UHFFFAOYSA-N__HOBHSQCWFCALHL-UHFFFAOYSA-N,3.56517519543125
HOBHSQCWFCALHL-UHFFFAOYSA-N__REEAKGRNKLXYRK-UHFFFAOYSA-N,2.289597331478447
DGKCXDKYAWIZSO-ZMFHDSSTSA-N__WEZLPWULFVWCKD-UHFFFAOYSA-N,-0.0094100247097808
WEZLPWULFVWCKD-UHFFFAOYSA-N__DGKCXDKYAWIZSO-ZMFHDSSTSA-N,1.1454808215346148
RWCWFQNNYZXFIT-UHFFFAOYSA-N__FITHCUPIPFVCGS-UHFFFAOYSA-N,0.0187813894020364
PYTXGEUUPDZUCM-UHFFFAOYSA-N__KQOQAYLIFROJLU-UHFFFAOYSA-N,3.41362166640013
KQOQAYLIFROJLU-UHFFFAOYSA-N__PYTXGEUUPDZUCM-UHFFFAOYSA-N,2.103387395279045
TWLUFJDXNIKYCR-UHFFFAOYSA-N__MUIKQSKHZFLYLP-UHFFFAOYSA-N,0.1308280532617217
SSCXELMGSRYNJV-UHFFFAOYSA-N__WFWXPCFKOUKGEC-LSDHHAIUSA-N,-4.462249998836641
WFWXPCFKOUKGEC-LSDHHAIUSA-N__SSCXELMGSRYNJV-UHFFFAOYSA-N,9.33355813601835
QSKRQGPBUSKGHP-UHFFFAOYSA-N__VPTCPVYJATVATN-SNVBAGLBSA-N,0.2205043491724324
DDGRJIIHYJGRBJ-UHFFFAOYSA-N__GMKIMFLTIYFTLF-UHFFFAOYSA-N,0.8224132511869913
VPTCPVYJATVATN-SNVBAGLBSA-N__QSKRQGPBUSKGHP-UHFFFAOYSA-N,-3.362056399614461
BSWWEPRBROHIFH-UHFFFAOYSA-N__LELVWIUERUJQFV-UHFFFAOYSA-N,3.6252656744670055
GMKIMFLTIYFTLF-UHFFFAOYSA-N__DDGRJIIHYJGRBJ-UHFFFAOYSA-N,2.905465899934733
YWDUSTXSGKKZAX-UHFFFAOYSA-N__IDXVHCVIZRQSRA-UHFFFAOYSA-N,0.5273095921065568
VTJXYLCPVQFHOM-UHFFFAOYSA-N__YSPAVTSIOZGMRP-UHFFFAOYSA-N,6.763577439330611
YSPAVTSIOZGMRP-UHFFFAOYSA-N__VTJXYLCPVQFHOM-UHFFFAOYSA-N,2.114822428147664
FGWDVTJPJVUGOO-UHFFFAOYSA-N__UITCLSKAYYHOCL-UHFFFAOYSA-N,1.8464762458109527
ATURHVRSCSVYTO-UHFFFAOYSA-N__JLRZUHORFFOOGS-UHFFFAOYSA-N,2.9970736259314297
FDXCHHWLKGCZAW-OAHLLOKOSA-N__YRPYIOQLQBCHQC-UHFFFAOYSA-N,7.107088714700828
UITCLSKAYYHOCL-UHFFFAOYSA-N__FGWDVTJPJVUGOO-UHFFFAOYSA-N,1.6351840933026411
JLRZUHORFFOOGS-UHFFFAOYSA-N__ATURHVRSCSVYTO-UHFFFAOYSA-N,-1.902272315042988
AGHOLQXVVFTJFO-UHFFFAOYSA-N__GCNIBYAYUBSQCC-SNVBAGLBSA-N,5.601275309591786
ZMUMLXWZNKSFER-UHFFFAOYSA-N__ISGGKAJDENVXHS-UHFFFAOYSA-N,2.5427389190536327
ISGGKAJDENVXHS-UHFFFAOYSA-N__ZMUMLXWZNKSFER-UHFFFAOYSA-N,14.011010012601847
DEJOSRNTHRXOKL-UHFFFAOYSA-N__DGMGSXDOSXXJMT-UHFFFAOYSA-N,2.0034229101548284
HWSQZKJHTDVPPX-UHFFFAOYSA-N__XPFJKCNFQQLBIX-CABZTGNLSA-N,1.4288670442890008
XPFJKCNFQQLBIX-CABZTGNLSA-N__HWSQZKJHTDVPPX-UHFFFAOYSA-N,0.4575648664109647
PBJDAWYJICJOQB-UHFFFAOYSA-N__QQDKZXXZCOBWSS-UHFFFAOYSA-N,6.625597557947774
FELQGSIUUJZSFW-UHFFFAOYSA-N__VNQULRJTRNUABY-UHFFFAOYSA-N,2.833705480530966
VNQULRJTRNUABY-UHFFFAOYSA-N__FELQGSIUUJZSFW-UHFFFAOYSA-N,3.308962173082627
UGLYOULDVGUXNR-UHFFFAOYSA-N__TUZLCZBYRRVJER-UHFFFAOYSA-N,10.180711243038138
TUZLCZBYRRVJER-UHFFFAOYSA-N__UGLYOULDVGUXNR-UHFFFAOYSA-N,3.1140384771518472
GXDXLASTKZHURP-UHFFFAOYSA-N__QEXGJYSARLZCDS-UHFFFAOYSA-N,1.1838308929647248
QEXGJYSARLZCDS-UHFFFAOYSA-N__GXDXLASTKZHURP-UHFFFAOYSA-N,-0.4044111386846148
NMLIZVGSHKARID-CMDGGOBGSA-N__NHNJUKWYLMFOQP-ZETCQYMHSA-N,4.9659600205547205
MFACGOHLQVKDJE-UHFFFAOYSA-N__ZWEZEWMPONWKRY-UHFFFAOYSA-N,2.174317387443212
ZWEZEWMPONWKRY-UHFFFAOYSA-N__MFACGOHLQVKDJE-UHFFFAOYSA-N,4.984955299071672
FNXURERSBLVMAY-UHFFFAOYSA-N__HGGMDWPCSPPFMB-UHFFFAOYSA-N,2.03243410075847
HGGMDWPCSPPFMB-UHFFFAOYSA-N__FNXURERSBLVMAY-UHFFFAOYSA-N,4.811961903406719
QFNWFDAXZVZZLT-UHFFFAOYSA-N__KNTOCFHXUCOHRO-UHFFFAOYSA-N,-1.365196649863342
KNTOCFHXUCOHRO-UHFFFAOYSA-N__QFNWFDAXZVZZLT-UHFFFAOYSA-N,-3.824648702550516
SWHRJUVDIWCBHN-MRVPVSSYSA-N__UIZATBPNNIZMIK-UHFFFAOYSA-N,2.1165948694818484
UIZATBPNNIZMIK-UHFFFAOYSA-N__SWHRJUVDIWCBHN-MRVPVSSYSA-N,1.4519899903169515
AINLIEHNVQANDN-UHFFFAOYSA-N__QYHWBJTXXUNUAJ-UHFFFAOYSA-N,1.7167033322576069
QYHWBJTXXUNUAJ-UHFFFAOYSA-N__AINLIEHNVQANDN-UHFFFAOYSA-N,1.327594661477384
XHMWXUMBZLLDJC-UHFFFAOYSA-N__LLOZHCCVYKBZEU-UHFFFAOYSA-N,2.7858981414031447
MTSJICOAWUGFTJ-UHFFFAOYSA-N__ZPMDPLRKWIKFFS-UHFFFAOYSA-N,1.4931827084578873
QZNVFFDCOUTKCB-UHFFFAOYSA-N__LMKKDLJFUGNEPJ-UHFFFAOYSA-N,1.462640394949709
ZPMDPLRKWIKFFS-UHFFFAOYSA-N__MTSJICOAWUGFTJ-UHFFFAOYSA-N,5.143677357173413
PYJHLAXUDSKYJE-UHFFFAOYSA-N__HVJFISSQJMCWAM-UHFFFAOYSA-N,3.253992335075167
PZIQGWQVAGASOR-UHFFFAOYSA-N__FAZJCFWHIANCQY-UHFFFAOYSA-N,8.927200581551139
FAZJCFWHIANCQY-UHFFFAOYSA-N__PZIQGWQVAGASOR-UHFFFAOYSA-N,7.014175962791031
GSJLESNIYSXQOP-UHFFFAOYSA-N__UPYDFLXICDTQNB-UHFFFAOYSA-N,0.0151691799809362
UPYDFLXICDTQNB-UHFFFAOYSA-N__GSJLESNIYSXQOP-UHFFFAOYSA-N,1.5887816214537922
HTRXWESHQHSYRY-UHFFFAOYSA-N__QLYUZFGIIHVCQG-UHFFFAOYSA-N,1.1533580188949064
XKEMRIAKXSATSB-UHFFFAOYSA-N__HKLRDSWVMRZRRS-UHFFFAOYSA-N,4.429994307520546
HKLRDSWVMRZRRS-UHFFFAOYSA-N__XKEMRIAKXSATSB-UHFFFAOYSA-N,1.311697788941568
VSKHUTOIIQIBNI-UHFFFAOYSA-N__BHVGMUDWABJNRC-UHFFFAOYSA-N,-0.1063125294794558
XZJIMXLAWGMXSF-UHFFFAOYSA-N__DINMJPWMECTCJA-UHFFFAOYSA-N,6.16524399080836
DINMJPWMECTCJA-UHFFFAOYSA-N__XZJIMXLAWGMXSF-UHFFFAOYSA-N,9.943107470746511
SRPQNZVXZNAVMK-UHFFFAOYSA-N__VJZYXEUWGGCZEU-UHFFFAOYSA-N,7.719161140105595
VJZYXEUWGGCZEU-UHFFFAOYSA-N__SRPQNZVXZNAVMK-UHFFFAOYSA-N,5.481803711233034
LHDZEESTYAQLEU-UHFFFAOYSA-N__BSGOTVUQDNSXMW-UHFFFAOYSA-N,4.195166755099992
QAGJZKHZDOCUQH-UHFFFAOYSA-N__BJLIKBUFHKCFGM-UHFFFAOYSA-N,1.2864106410565477
BJLIKBUFHKCFGM-UHFFFAOYSA-N__QAGJZKHZDOCUQH-UHFFFAOYSA-N,7.941971964669478
KROJBYBJBPKLJZ-UHFFFAOYSA-N__OGGBZYAHJZGZHC-KWQFWETISA-N,7.946509629879121
OGGBZYAHJZGZHC-KWQFWETISA-N__KROJBYBJBPKLJZ-UHFFFAOYSA-N,10.72183537140173
BNUVZFPMPKWDDU-UHFFFAOYSA-N__IDTZWNCSAZVXCY-UHFFFAOYSA-N,4.09293164382288
IDTZWNCSAZVXCY-UHFFFAOYSA-N__BNUVZFPMPKWDDU-UHFFFAOYSA-N,1.8912790542311293
OOZFQZGWOXFIJY-UHFFFAOYSA-N__JWBMVBAFDASUJV-UHFFFAOYSA-N,1.879042378497064
GPKSYPLCCFKQBI-UHFFFAOYSA-N__FSYZDRPGVPKIQB-UHFFFAOYSA-N,3.8599962060741775
ISLLQDGGTLSBJP-UHFFFAOYSA-N__LOLHCDMIPCTSMR-UHFFFAOYSA-N,1.382396870262946
LUTFIMZXKHKXFJ-DBRKOABJSA-N__OFDMPSFUFMXXOY-UHFFFAOYSA-N,3.485240748851032
COBXDAOIDYGHGK-UHFFFAOYSA-N__IPGKDTAGRLVKRZ-UHFFFAOYSA-N,2.0180725438249265
IPGKDTAGRLVKRZ-UHFFFAOYSA-N__COBXDAOIDYGHGK-UHFFFAOYSA-N,3.414879926230312
XOKRSPGDKZNNQT-REZTVBANSA-N__CJVSJAHIWVZHHX-UHFFFAOYSA-N,6.512072853992828
NSCBTIPQZNSLNK-UHFFFAOYSA-N__ZEXOUVNSZNFLIR-UHFFFAOYSA-N,10.349677926667992
VQOMMPJETIEIEF-UHFFFAOYSA-N__PMMWOROYTLHLLF-UHFFFAOYSA-N,1.4486906684283052
PMMWOROYTLHLLF-UHFFFAOYSA-N__VQOMMPJETIEIEF-UHFFFAOYSA-N,2.7671541382506515
PGJNPIHOONKGAO-ZETCQYMHSA-N__HFHIZKCDHIHXRG-UHFFFAOYSA-N,8.651347734967612
HGBWQFLZWHVVAE-UHFFFAOYSA-N__HHYRZGALAZEGFZ-UHFFFAOYSA-N,4.6548538798398855
HHYRZGALAZEGFZ-UHFFFAOYSA-N__HGBWQFLZWHVVAE-UHFFFAOYSA-N,4.180083636248662
RHFKUMLWGBMIJV-UHFFFAOYSA-N__LESSODBPWQKYEB-UHFFFAOYSA-N,4.6341405764912444
RJDNZWGLBBZNQQ-UHFFFAOYSA-N__KQEWNYFTVDUKFA-UHFFFAOYSA-N,2.7881008044186943
XUQWBMXNOCZLTG-UHFFFAOYSA-N__KGLFMBCSDMWNCB-UHFFFAOYSA-N,0.3027286180634428
DVHNTRZYIBVUCZ-KXUCPTDWSA-N__LHQATPSSBFZAPV-UHFFFAOYSA-N,-7.038729411186887
LHQATPSSBFZAPV-UHFFFAOYSA-N__DVHNTRZYIBVUCZ-KXUCPTDWSA-N,-4.902111835013775
BZVFWOMJQHISHK-UHFFFAOYSA-N__FNOWBNUHNNSSCU-UHFFFAOYSA-N,6.625077676554986
BCJWSKCRCLCZIS-UHFFFAOYSA-N__YNZLCQCBNROVGD-UHFFFAOYSA-N,0.3569198761462749
WBVXMFRXKHSUMG-UHFFFAOYSA-N__JOKUGQZTVWSFLY-UHFFFAOYSA-N,1.5642540394297484
JOKUGQZTVWSFLY-UHFFFAOYSA-N__WBVXMFRXKHSUMG-UHFFFAOYSA-N,3.669367511459146
GUKXKTSKYHILOV-UHFFFAOYSA-N__MPONVICZHSLLLP-JUOCYPQXSA-N,3.1003257316143724
NLJHZVURLXDEBU-UHFFFAOYSA-N__LCAHVXVKLUSFKM-UHFFFAOYSA-N,5.553110644694357
ZBNPNGKQYRPPDB-UHFFFAOYSA-N__LSMOTXCLBWMOQI-UHFFFAOYSA-N,-0.0102864854462795
LCAHVXVKLUSFKM-UHFFFAOYSA-N__NLJHZVURLXDEBU-UHFFFAOYSA-N,3.821335940786684
MPONVICZHSLLLP-JUOCYPQXSA-N__GUKXKTSKYHILOV-UHFFFAOYSA-N,6.613797909547157
ZWFFSRORZQRPFG-UHFFFAOYSA-N__TWRKQPFDYBHIPS-UHFFFAOYSA-N,1.6241579512279334
TWRKQPFDYBHIPS-UHFFFAOYSA-N__ZWFFSRORZQRPFG-UHFFFAOYSA-N,2.400470504000261
ZGSYVXCVTSBNLI-UHFFFAOYSA-N__HTJKAXPHXHFSLL-MRVPVSSYSA-N,-0.9479526269922663
HTJKAXPHXHFSLL-MRVPVSSYSA-N__ZGSYVXCVTSBNLI-UHFFFAOYSA-N,1.46988950220478
URUUMLZSLRKVDY-UHFFFAOYSA-N__WJUPUYIPJNTOSG-UHFFFAOYSA-N,2.911535858089163
XYUJVJSJPNDFBW-UHFFFAOYSA-N__XFBQXEBXMOCAOD-UHFFFAOYSA-N,4.594694331404108
DHRAWOAPCPNHKM-UHFFFAOYSA-N__OVTSOKHACQVRSF-UHFFFAOYSA-N,1.1231750001284062
GYVRVECEDFEAHN-UHFFFAOYSA-N__ZGTIZDSLVUGHBR-UHFFFAOYSA-N,-0.6481627936972195
ZGTIZDSLVUGHBR-UHFFFAOYSA-N__GYVRVECEDFEAHN-UHFFFAOYSA-N,1.2659663892875068
JXZIWESOXAHNOG-UHFFFAOYSA-N__HIAGJMWKTJSPJO-UHFFFAOYSA-N,3.674913950116852
HIAGJMWKTJSPJO-UHFFFAOYSA-N__JXZIWESOXAHNOG-UHFFFAOYSA-N,6.309772111496274
QXMSZJQEFOTJHV-HWKANZROSA-N__KKFNZUNHVWQYQE-UHFFFAOYSA-N,8.44495156702038
YCMLMUVTWFFBCG-UHFFFAOYSA-N__GFBJKXVRZMORDE-IRXDYDNUSA-N,-0.6089682827949708
GFBJKXVRZMORDE-IRXDYDNUSA-N__YCMLMUVTWFFBCG-UHFFFAOYSA-N,-2.0898264680464083
CAIKBAUYYAMCSY-UHFFFAOYSA-N__KZCJKONCMAXAGO-UHFFFAOYSA-N,6.999213923736948
DCRRMFCOJLYNGX-UHFFFAOYSA-N__SPHXHNGMCJVBNJ-UHFFFAOYSA-N,2.136230972644901
KZCJKONCMAXAGO-UHFFFAOYSA-N__CAIKBAUYYAMCSY-UHFFFAOYSA-N,3.3862245292363817
SPHXHNGMCJVBNJ-UHFFFAOYSA-N__DCRRMFCOJLYNGX-UHFFFAOYSA-N,12.075404435198433
LHTCYULICDEHKE-UHFFFAOYSA-N__PWXVSEMVXSTOEF-UHFFFAOYSA-N,2.12099786313712
DDPVAGRLIXLECU-UHFFFAOYSA-N__YPPAVZZTVSKNNE-RXMQYKEDSA-N,0.4481240574292588
PWXVSEMVXSTOEF-UHFFFAOYSA-N__LHTCYULICDEHKE-UHFFFAOYSA-N,3.504525373378128
YPPAVZZTVSKNNE-RXMQYKEDSA-N__DDPVAGRLIXLECU-UHFFFAOYSA-N,2.065921401225724
APRWJUKYCZYNDN-UHFFFAOYSA-N__FFAODEUKHYBIKI-UHFFFAOYSA-N,1.038362805271122
FFAODEUKHYBIKI-UHFFFAOYSA-N__APRWJUKYCZYNDN-UHFFFAOYSA-N,9.46679706823842
DYPFCYSGDXIJJG-UHFFFAOYSA-N__JRPPVSMCCSLJPL-UHFFFAOYSA-N,0.8337504676633688
JRPPVSMCCSLJPL-UHFFFAOYSA-N__DYPFCYSGDXIJJG-UHFFFAOYSA-N,2.7197683150940644
PIOLBAOKZSWPBP-UHFFFAOYSA-N__KRUXWRWFGHJJOO-UHFFFAOYSA-N,5.837345215330441
NNUVYHPOSKPTKV-UHFFFAOYSA-N__SYNCLLLJCLOEDC-UHFFFAOYSA-N,6.475681938593361
SYNCLLLJCLOEDC-UHFFFAOYSA-N__NNUVYHPOSKPTKV-UHFFFAOYSA-N,5.760900221573207
OBWGFHSWWYLPLD-UHFFFAOYSA-N__GCEGLMFBNPWYQO-SLPGGIOYSA-N,5.052209378041956
XHJCNJSRYIZEHA-UHFFFAOYSA-N__KOFYYEDAJSOGNZ-UHFFFAOYSA-N,0.6719725212494738
KOFYYEDAJSOGNZ-UHFFFAOYSA-N__XHJCNJSRYIZEHA-UHFFFAOYSA-N,0.7242303066874857
KQLBQADAQPAUBO-YSTOQKLRSA-N__WNHZYQMCZAICOC-UHFFFAOYSA-N,3.031513559102569
WNHZYQMCZAICOC-UHFFFAOYSA-N__KQLBQADAQPAUBO-YSTOQKLRSA-N,6.771929077775297
GFLUOXNONUEKSU-UHFFFAOYSA-N__XBHMHBVKBBYOQB-UHFFFAOYSA-N,1.507464878934461
XBHMHBVKBBYOQB-UHFFFAOYSA-N__GFLUOXNONUEKSU-UHFFFAOYSA-N,1.8376234439422547
KYNRVISTVITDEY-UHFFFAOYSA-N__DOOIKHIPXOZVEN-UHFFFAOYSA-N,1.722630202358142
HGDDRUHHTDQMDF-UHFFFAOYSA-N__BDDQBUMDEQHWPG-UHFFFAOYSA-N,0.6031821655189208
CRBGTXDFEDFKSU-SFYZADRCSA-N__SVTCUVULSDGQIV-ZETCQYMHSA-N,7.141580972591327
QQRIQPRRTYDUEP-XMGTWHOFSA-N__PIFUJEJDGRCVAC-UHFFFAOYSA-N,9.73120377352656
PIFUJEJDGRCVAC-UHFFFAOYSA-N__QQRIQPRRTYDUEP-XMGTWHOFSA-N,13.093166840369271
YCGFYQJJPUXWLX-UHFFFAOYSA-N__KMFQRLZFVOGPAI-ZDUSSCGKSA-N,-0.5937525939102566
KMFQRLZFVOGPAI-ZDUSSCGKSA-N__YCGFYQJJPUXWLX-UHFFFAOYSA-N,3.282801185833525
FXUJDZUKZCYJRH-UHFFFAOYSA-N__QSXLHMRMUCKSNM-UHFFFAOYSA-N,4.41346255014238
QSXLHMRMUCKSNM-UHFFFAOYSA-N__FXUJDZUKZCYJRH-UHFFFAOYSA-N,4.136812625997702
FPUNYMFGQYPAHF-UHFFFAOYSA-N__NWUXNBLCJIIXSS-UHFFFAOYSA-N,4.020767920012735
GTEPDOSDTSBSHH-UHFFFAOYSA-N__FSUMNAQBGZSKCZ-UHFFFAOYSA-N,0.8765331185516066
LZUVTUQZZKIOJN-VIFPVBQESA-N__OLTCEIXJUDYAQR-UHFFFAOYSA-N,1.6233327146552825
XFHJFSKPUCMPGP-UHFFFAOYSA-N__YFFYGBPVWBYDRM-UHFFFAOYSA-N,5.407074236754863
YFFYGBPVWBYDRM-UHFFFAOYSA-N__XFHJFSKPUCMPGP-UHFFFAOYSA-N,7.278452576953082
WYCMOKYAMPNQME-UHFFFAOYSA-N__RGOCXZBOSHHAIQ-UHFFFAOYSA-N,2.924903627663621
MNWVDKJHEYKBPB-UHFFFAOYSA-N__CLWVAXBOCKLOPW-UHFFFAOYSA-N,1.2045553911680251
CLWVAXBOCKLOPW-UHFFFAOYSA-N__MNWVDKJHEYKBPB-UHFFFAOYSA-N,7.520769447083529
FGSQNGXPFOBJRZ-SCSAIBSYSA-N__NWTHRWLESJOGFX-UHFFFAOYSA-N,-1.9164803819002625
NWTHRWLESJOGFX-UHFFFAOYSA-N__FGSQNGXPFOBJRZ-SCSAIBSYSA-N,0.8581430631331793
IHKVZPVHTKOSLW-UHFFFAOYSA-N__ORFBHZFDDVUMJJ-UHFFFAOYSA-N,3.271206857559973
ORFBHZFDDVUMJJ-UHFFFAOYSA-N__IHKVZPVHTKOSLW-UHFFFAOYSA-N,5.977095585483492
PGVPCGATWGJACF-MRVPVSSYSA-N__DTAWDDZSNTZRJQ-UHFFFAOYSA-N,6.853058324857942
VKDSTGKVWUIRSE-UHFFFAOYSA-N__ZESLPYNUNYXUAL-UHFFFAOYSA-N,3.6489524078247135
ZESLPYNUNYXUAL-UHFFFAOYSA-N__VKDSTGKVWUIRSE-UHFFFAOYSA-N,-0.0310794310399104
PXFKBSJOWKZSPD-UHFFFAOYSA-N__CTAMNZYDXPJGEK-UHFFFAOYSA-N,6.724690701020818
QSHWDZYXOFNNDP-UHFFFAOYSA-N__DUFOFIWHFBMELD-UHFFFAOYSA-N,5.85308262952175
DUFOFIWHFBMELD-UHFFFAOYSA-N__QSHWDZYXOFNNDP-UHFFFAOYSA-N,4.696556731321054
BLWVQHPYPJCRAJ-DOLQZWNJSA-N__MKBRXZVWCPWEQR-UHFFFAOYSA-N,6.86868390585874
MKBRXZVWCPWEQR-UHFFFAOYSA-N__BLWVQHPYPJCRAJ-DOLQZWNJSA-N,2.303647401667619
ZTEWNGOLXCQZQK-UHFFFAOYSA-N__VZOCHFSGUCTMMT-UHFFFAOYSA-N,0.9570897841332986
XPCDQJLIFNENPM-HQJQHLMTSA-N__MSHVAKBTLCBQEX-UHFFFAOYSA-N,4.561457145677884
MBVKIIKBEZZPES-WQRHYEAKSA-N__OQAWCGWPYOBCFH-UHFFFAOYSA-N,2.5424368424262846
OQAWCGWPYOBCFH-UHFFFAOYSA-N__MBVKIIKBEZZPES-WQRHYEAKSA-N,6.0401202217752425
WIODTYXRPGBORZ-UHFFFAOYSA-N__BLYXOHUPPIKWHD-UHFFFAOYSA-N,1.071666428466695
SCKMAUQQJIOIPR-UHFFFAOYSA-N__VHPRISYFPVPDKK-UHFFFAOYSA-N,-0.3237852927698733
CGSVSHHAFXGXJO-UHFFFAOYSA-N__ZFYDFGZRVSBRCC-UHFFFAOYSA-N,1.8781554867743269
ZFYDFGZRVSBRCC-UHFFFAOYSA-N__CGSVSHHAFXGXJO-UHFFFAOYSA-N,4.43317504442797
SMXJXTATBGRKTK-UHFFFAOYSA-N__CRUKRMWVJKXHNO-UHFFFAOYSA-N,-0.7613452455765243
QVRKJZUJNTYHPY-UHFFFAOYSA-N__WGHJLRMUHZIXGD-UHFFFAOYSA-N,1.3352825113544702
DOWYDELQSRYRSL-UHFFFAOYSA-N__LDDDUVFYDIEHIU-UHFFFAOYSA-N,2.375272704215432
LDDDUVFYDIEHIU-UHFFFAOYSA-N__DOWYDELQSRYRSL-UHFFFAOYSA-N,0.4358611667939214
SHFSNDSJPFITDS-UHFFFAOYSA-N__HYGRNFMUOYOXNJ-UHFFFAOYSA-N,-0.398954941940544
WLVHVAUNSGBBGU-UHFFFAOYSA-N__NFGHNURASNTUDP-UHFFFAOYSA-N,1.3015916301614914
NFGHNURASNTUDP-UHFFFAOYSA-N__WLVHVAUNSGBBGU-UHFFFAOYSA-N,1.0869838725438643
HYGRNFMUOYOXNJ-UHFFFAOYSA-N__XROMMMJXLWJLKH-UHFFFAOYSA-N,0.9529248539685574
XROMMMJXLWJLKH-UHFFFAOYSA-N__HYGRNFMUOYOXNJ-UHFFFAOYSA-N,0.4803198520086035
FCEWXVZILUGBBK-UHFFFAOYSA-N__VELUGWGYCVYHPI-UHFFFAOYSA-N,3.671089308762848
QLMKSEBQHLJGOC-UHFFFAOYSA-N__PEGOPZBHBOOFDQ-UHFFFAOYSA-N,3.0165312840807177
PEGOPZBHBOOFDQ-UHFFFAOYSA-N__QLMKSEBQHLJGOC-UHFFFAOYSA-N,2.16158738675581
VELUGWGYCVYHPI-UHFFFAOYSA-N__FCEWXVZILUGBBK-UHFFFAOYSA-N,3.060240064024669
GRVRLTIGFZVXMM-UHFFFAOYSA-N__JJDGUUVRZDMVBS-UHFFFAOYSA-N,5.645132554595533
HIBUFSVQQCEDFE-UHFFFAOYSA-N__FSEODEKWEUJERW-UHFFFAOYSA-N,1.9219525552118697
JJDGUUVRZDMVBS-UHFFFAOYSA-N__GRVRLTIGFZVXMM-UHFFFAOYSA-N,4.9621052693730645
FSEODEKWEUJERW-UHFFFAOYSA-N__HIBUFSVQQCEDFE-UHFFFAOYSA-N,2.791869385356874
ZLLCVDJONCAZMX-UHFFFAOYSA-N__UVYNYKSHYRVWOI-UHFFFAOYSA-N,3.2088700551938296
WDRBETNECQAZRC-UHFFFAOYSA-N__CKXHUNKCGNVBJH-UHFFFAOYSA-N,8.753522680022755
VNVMIMLQFPOMBB-UHFFFAOYSA-N__SBGDFGCTCHRZIZ-UHFFFAOYSA-N,-5.43785181317616
SBGDFGCTCHRZIZ-UHFFFAOYSA-N__VNVMIMLQFPOMBB-UHFFFAOYSA-N,3.9647016674701967
HDZPGSXNHDHDGU-UHFFFAOYSA-N__VHPVSIHFZZJSKJ-UHFFFAOYSA-N,5.425299912504372
ZGHASBCIVRCPFO-UHFFFAOYSA-N__AINCYHJWQFYJTF-REJBHVJUSA-N,-2.1566952386583336
ZBJDDJGPQRBYEB-UHFFFAOYSA-N__ORTVWVOHHQMYJU-UHFFFAOYSA-N,5.473153845786754
BQSUIZGMVVTCMX-UHFFFAOYSA-N__AFUOJIDZYVVEMX-UHFFFAOYSA-N,6.349150549858068
NRVJBYSDYWIBSJ-QPHZJVINSA-N__FWCYIZNDWIWQHO-UHFFFAOYSA-N,1.829342189471805
FWCYIZNDWIWQHO-UHFFFAOYSA-N__NRVJBYSDYWIBSJ-QPHZJVINSA-N,-2.0537668016643504
RLHLFQSBRPWIIY-UHFFFAOYSA-N__TVSUOCDIOGWOBA-UHFFFAOYSA-N,8.38329776204251
TVSUOCDIOGWOBA-UHFFFAOYSA-N__RLHLFQSBRPWIIY-UHFFFAOYSA-N,9.029085324664006
XJLJNHGZBRZLHJ-UHFFFAOYSA-N__ZAQPIWZSFOHZIJ-SNAWJCMRSA-N,6.035836185779095
ZAQPIWZSFOHZIJ-SNAWJCMRSA-N__XJLJNHGZBRZLHJ-UHFFFAOYSA-N,1.343707277992546
AISPDHNUVBHTNV-UHFFFAOYSA-N__CDDYIKJADZNREF-UHFFFAOYSA-N,4.134875991690248
CDDYIKJADZNREF-UHFFFAOYSA-N__AISPDHNUVBHTNV-UHFFFAOYSA-N,3.917627082653606
OEAZQLJIVPPSAX-UHFFFAOYSA-N__MLCOGYBXLCRWHP-UHFFFAOYSA-N,3.983078816954432
NULUNSRNDLJOBT-UHFFFAOYSA-N__VTTWTCRSUAQXMC-ZETCQYMHSA-N,-3.832979050200586
VTTWTCRSUAQXMC-ZETCQYMHSA-N__NULUNSRNDLJOBT-UHFFFAOYSA-N,0.5726794846362648
QJAVKJQWLGZAEM-UHFFFAOYSA-N__FVDPYZIKISGEQJ-UHFFFAOYSA-N,2.2371455182535485
FVDPYZIKISGEQJ-UHFFFAOYSA-N__QJAVKJQWLGZAEM-UHFFFAOYSA-N,4.807740231675961
HAMVTIBQSVDQMG-UHFFFAOYSA-N__VRUPDGQDBAIPEE-UHFFFAOYSA-N,5.535487567068306
LRMIUANKSBITBU-UHFFFAOYSA-N__LNGDHUUBCBCKSR-UHFFFAOYSA-N,4.273701077626418
LNGDHUUBCBCKSR-UHFFFAOYSA-N__LRMIUANKSBITBU-UHFFFAOYSA-N,2.5166260122476465
SBXDIOUSGQVPAE-UHFFFAOYSA-N__VJEIBXBFGCMFDX-UHFFFAOYSA-N,1.365545821234999
LZYNFLFJMQSNIQ-UHFFFAOYSA-N__KTHRAGCWRKJDBR-UHFFFAOYSA-N,5.759237287402928
KONKUXXOIYNJAD-UHFFFAOYSA-N__ZNWMUYIWHUKWFO-UHFFFAOYSA-N,2.3117716569398024
UZLVUEOAZOZCMA-UHFFFAOYSA-N__OGEWLMZNINPPDR-UHFFFAOYSA-N,2.10856098988499
ZNWMUYIWHUKWFO-UHFFFAOYSA-N__KONKUXXOIYNJAD-UHFFFAOYSA-N,1.810868151223728
BPFCANGLIDNZSR-UHFFFAOYSA-N__JDENOEQIGDVCNC-UHFFFAOYSA-N,3.223432846209356
JDENOEQIGDVCNC-UHFFFAOYSA-N__BPFCANGLIDNZSR-UHFFFAOYSA-N,-3.413565729330419
XJXLMYIQQOOSJZ-UHFFFAOYSA-N__NZTQMLGXHHODHM-UHFFFAOYSA-N,-4.992328224564636
QIFCXAISIRTSGA-UHFFFAOYSA-N__SIFGUNYIAPWURL-SECBINFHSA-N,3.7799808224001454
SIFGUNYIAPWURL-SECBINFHSA-N__QIFCXAISIRTSGA-UHFFFAOYSA-N,5.190331253843114
UBEQOWJENRFCRP-UHFFFAOYSA-N__UIYIVIOZONHEQL-UHFFFAOYSA-N,1.876180168051216
HEEACRISGZQNLZ-UHFFFAOYSA-N__ZUQHPLKSANQXBE-UHFFFAOYSA-N,-0.5280929420087033
ZUQHPLKSANQXBE-UHFFFAOYSA-N__HEEACRISGZQNLZ-UHFFFAOYSA-N,1.8580696106793129
KGTXGPAQKHPPEZ-VEDVMXKPSA-N__OFTQWRJDHMQPQR-UHFFFAOYSA-N,6.200792934514016
OFTQWRJDHMQPQR-UHFFFAOYSA-N__KGTXGPAQKHPPEZ-VEDVMXKPSA-N,1.5618299697139837
UHDUGMHZBDYXRM-UHFFFAOYSA-N__LZYNFLFJMQSNIQ-UHFFFAOYSA-N,3.593211847018598
MRVXMANVNAIKAV-SNVBAGLBSA-N__WIDBJOOENFPMNP-KCJUWKMLSA-N,4.036080117136036
ZWWOKVULHSKCCB-UHFFFAOYSA-N__WISFULDSUDZNKP-UHFFFAOYSA-N,4.36469861461295
WISFULDSUDZNKP-UHFFFAOYSA-N__ZWWOKVULHSKCCB-UHFFFAOYSA-N,3.221411604494337
WIDBJOOENFPMNP-KCJUWKMLSA-N__MRVXMANVNAIKAV-SNVBAGLBSA-N,10.332512448281182
RGKMSRDVNPZOEP-UHFFFAOYSA-N__WUDYQBUHBQGQPQ-XZDPQHSOSA-N,2.744787043931761
WUDYQBUHBQGQPQ-XZDPQHSOSA-N__RGKMSRDVNPZOEP-UHFFFAOYSA-N,4.8486281353196174
YKYVLSDKPIQRCK-UHFFFAOYSA-N__WYZGBHNEXQIMCZ-UHFFFAOYSA-N,4.144649704695996
AKFZUSGKLQDLEJ-UHFFFAOYSA-N__YXSZYYZZBLCEHB-WGTSGOJVSA-N,1.8763656890226863
WGWWPFRZZGZVCZ-OWOJBTEDSA-N__NSOHCCALKVQSQB-UHFFFAOYSA-N,-1.1212614169550736
XPXZXSFDTOZFQQ-UHFFFAOYSA-N__JTENOSOCIALYPN-UHFFFAOYSA-N,0.6928967281521197
BGUQIQBNJYFIEE-UHFFFAOYSA-N__OABIMAHMUUTNAQ-NSCUHMNNSA-N,3.4843552545990883
OFGDQRXKFAVRTD-UHFFFAOYSA-N__CMGMSKBKXQNIMA-UHFFFAOYSA-N,10.86106777213375
YJTBUNXAPRVSDQ-UHFFFAOYSA-N__PLVUEGVXXXJVIB-CYBMUJFWSA-N,7.916105254350104
GPUCVLVXMLXTBX-UHFFFAOYSA-N__KQCDXGSKMWHWLP-SCNOPHJPSA-N,-2.801886309609352
KQCDXGSKMWHWLP-SCNOPHJPSA-N__GPUCVLVXMLXTBX-UHFFFAOYSA-N,2.4895649647763376
SKRRHPQVDXJIJU-UHFFFAOYSA-N__DHUIUUDQZXDHNV-UHFFFAOYSA-N,5.950737079659774
VBUOTIJDCYNVPX-UHFFFAOYSA-N__KSRNDLKFDMNJSF-UHFFFAOYSA-N,-1.437723424942785
DHUIUUDQZXDHNV-UHFFFAOYSA-N__SKRRHPQVDXJIJU-UHFFFAOYSA-N,3.1771883129582017
DYOMWHGKULZZNN-UHFFFAOYSA-N__HTCGBGLEDOBQBE-UHFFFAOYSA-N,2.871748494048409
HTCGBGLEDOBQBE-UHFFFAOYSA-N__DYOMWHGKULZZNN-UHFFFAOYSA-N,4.418557678072402
XJCGMVKVVSVDJW-WXLQGSQKSA-N__YURQERDWMVUDCC-UHFFFAOYSA-N,3.10202416306945
YURQERDWMVUDCC-UHFFFAOYSA-N__XJCGMVKVVSVDJW-WXLQGSQKSA-N,2.781250979159815
KMFRCCPELWCMFL-UHFFFAOYSA-N__IBNCHLLEBFUEFR-UHFFFAOYSA-N,4.269565000607172
BYUPSNLDVYJMBH-UHFFFAOYSA-N__FRJPBGGYPJZBGD-UHFFFAOYSA-N,4.272339484073166
FRJPBGGYPJZBGD-UHFFFAOYSA-N__BYUPSNLDVYJMBH-UHFFFAOYSA-N,8.383463320490774
UKUWXSPXWYSVMY-UHFFFAOYSA-N__LVAMIQORPMGQEB-HNNXBMFYSA-N,-0.6032003676669523
LVAMIQORPMGQEB-HNNXBMFYSA-N__UKUWXSPXWYSVMY-UHFFFAOYSA-N,4.232392121790058
TWMPYMAZMCHJPL-UHFFFAOYSA-N__YBBDEIDRRRFUJZ-UHFFFAOYSA-N,2.9417869922316453
YBBDEIDRRRFUJZ-UHFFFAOYSA-N__TWMPYMAZMCHJPL-UHFFFAOYSA-N,-2.9117077952221995
JOQRAHMHGUFGKO-UHFFFAOYSA-N__HWQWGUUCYVANNW-UHFFFAOYSA-N,2.8530435105718723
HWQWGUUCYVANNW-UHFFFAOYSA-N__JOQRAHMHGUFGKO-UHFFFAOYSA-N,3.478609824204693
ARYKUOBMJZMCEY-UHFFFAOYSA-N__ZDFAECJIYWUNMO-UHFFFAOYSA-N,6.79612358898339
ZDFAECJIYWUNMO-UHFFFAOYSA-N__ARYKUOBMJZMCEY-UHFFFAOYSA-N,8.165555900266726
JAVUKHCHOBGISV-UHFFFAOYSA-N__JYUUDOQKJNQKAT-UHFFFAOYSA-N,3.398175311510024
JYUUDOQKJNQKAT-UHFFFAOYSA-N__JAVUKHCHOBGISV-UHFFFAOYSA-N,1.8904606191728672
GFLSQHJUGHWKMJ-UHFFFAOYSA-N__MOWHSSFXHOIXAF-ZDUSSCGKSA-N,4.6625079953042325
RMHCIMCDDUXVID-MATHAZKKSA-N__YHLMDSLWVNUBCG-UHFFFAOYSA-N,-0.914722456585116
AOVAKEPXEOVCEW-UHFFFAOYSA-N__OHFMIDIGCKOCOJ-UHFFFAOYSA-N,-2.69303066144036
OHFMIDIGCKOCOJ-UHFFFAOYSA-N__AOVAKEPXEOVCEW-UHFFFAOYSA-N,-0.2455596924012195
YHLMDSLWVNUBCG-UHFFFAOYSA-N__RMHCIMCDDUXVID-MATHAZKKSA-N,1.3738869796831643
DVISVOBUHLQHBF-UHFFFAOYSA-N__YCBMGFIDFGJOEA-UHFFFAOYSA-N,-0.2323386476648114
YCBMGFIDFGJOEA-UHFFFAOYSA-N__DVISVOBUHLQHBF-UHFFFAOYSA-N,1.718551205696521
FWTCRBXVUMRKOP-UHFFFAOYSA-N__QEHDUERNBWAULT-UHFFFAOYSA-N,6.337343751306594
QEHDUERNBWAULT-UHFFFAOYSA-N__FWTCRBXVUMRKOP-UHFFFAOYSA-N,-0.0401746288154184
VNQJYZANOFQVDW-UHFFFAOYSA-N__CTZBFLXIBAWNID-UHFFFAOYSA-N,-4.315922490504351
CTZBFLXIBAWNID-UHFFFAOYSA-N__VNQJYZANOFQVDW-UHFFFAOYSA-N,-3.303476426134144
FAMMEGHKIKMZMN-UHFFFAOYSA-N__TWCJEBPRXMECFJ-UHFFFAOYSA-N,3.624314373458832
CHSSMGMXEUZJOM-UHFFFAOYSA-N__FDVJGACWSSLKBI-PHEQNACWSA-N,5.979205393131681
CUCIPBMKSSULBT-UHFFFAOYSA-N__WPVDVGKREOZLKG-MRXNPFEDSA-N,1.2247925270504014
WPVDVGKREOZLKG-MRXNPFEDSA-N__CUCIPBMKSSULBT-UHFFFAOYSA-N,3.372829519147357
MBQVTRITUGYGDZ-SSDOTTSWSA-N__CDYJDBAFGSUIJK-UHFFFAOYSA-N,9.121559478271733
CDYJDBAFGSUIJK-UHFFFAOYSA-N__MBQVTRITUGYGDZ-SSDOTTSWSA-N,8.402457219799862
WGAIINZDMNTLKQ-UHFFFAOYSA-N__RDPLLISALAFJCW-UHFFFAOYSA-N,5.053304374489105
KMCVSDFYUYPQGW-UHFFFAOYSA-N__YNZJZJYCKDHOFF-PXYINDEMSA-N,-1.5874737892561153
YNZJZJYCKDHOFF-PXYINDEMSA-N__KMCVSDFYUYPQGW-UHFFFAOYSA-N,3.310413807015235
YXCWRWQUVNADCD-UHFFFAOYSA-N__LFBFSYRSHOIIAO-UHFFFAOYSA-N,-1.906168111551956
LFBFSYRSHOIIAO-UHFFFAOYSA-N__YXCWRWQUVNADCD-UHFFFAOYSA-N,1.3491161869474382
ALCPKCPYEVLUNA-UHFFFAOYSA-N__DURUOJBNCRHBHV-UHFFFAOYSA-N,1.605111479936544
AGEOJPQWDHZBRF-UHFFFAOYSA-N__KUINJOVLVHEDBR-UHFFFAOYSA-N,0.5544164238143149
KUINJOVLVHEDBR-UHFFFAOYSA-N__AGEOJPQWDHZBRF-UHFFFAOYSA-N,4.331906458557837
WQBOFWJEAOGMIE-UHFFFAOYSA-N__SAIMIPIZWCOROI-ZBFHGGJFSA-N,0.0945907919481889
SAIMIPIZWCOROI-ZBFHGGJFSA-N__WQBOFWJEAOGMIE-UHFFFAOYSA-N,-3.5997805025665324
ZNFFJDNCDHKHEJ-UHFFFAOYSA-N__PGIIGRHRIPLAMX-UHFFFAOYSA-N,2.127248220153396
PGIIGRHRIPLAMX-UHFFFAOYSA-N__ZNFFJDNCDHKHEJ-UHFFFAOYSA-N,3.525506857107568
LZLFBSWVSDTZJS-UHFFFAOYSA-N__RARRMKDMLILPIG-AXDSSHIGSA-N,6.632981968611769
RARRMKDMLILPIG-AXDSSHIGSA-N__LZLFBSWVSDTZJS-UHFFFAOYSA-N,10.938720612402845
CNIBJQQFGNOORS-UHFFFAOYSA-N__YQOMSZBKUQUMGG-UHFFFAOYSA-N,-0.3158997514623986
YQOMSZBKUQUMGG-UHFFFAOYSA-N__CNIBJQQFGNOORS-UHFFFAOYSA-N,1.3773974018446735
YBBNUDDZOWRHOD-WAYWQWQTSA-N__KQOHFNRFRYSFJT-UHFFFAOYSA-N,2.4121289696841584
AFGBOFUMQDRIRP-UHFFFAOYSA-N__ISGOBMCDGAIYBT-UHFFFAOYSA-N,-1.2590529655887166
ISGOBMCDGAIYBT-UHFFFAOYSA-N__AFGBOFUMQDRIRP-UHFFFAOYSA-N,-4.084944332983698
YKPHHIFFYROQDK-UHFFFAOYSA-N__NWUACGOREFDKGV-GFCCVEGCSA-N,6.248168725900587
YAYPLAPXQXUQHB-UHFFFAOYSA-N__WFBJVXXCDQCOCQ-UHFFFAOYSA-N,0.7873322396149082
BRLGUOAZINQFIZ-UHFFFAOYSA-N__WLRROBMVWFWLNG-VGPLMAKISA-N,3.835089294232911
FUKQBILOLYOXBU-UHFFFAOYSA-N__IJJGWZUZKJGGJT-UHFFFAOYSA-N,7.180588027650349
WLRROBMVWFWLNG-VGPLMAKISA-N__BRLGUOAZINQFIZ-UHFFFAOYSA-N,1.804375110481156
OAOYSTORVZONEG-UHFFFAOYSA-N__VNIALCYPXMCJBV-UHFFFAOYSA-N,2.558030272324709
VNIALCYPXMCJBV-UHFFFAOYSA-N__OAOYSTORVZONEG-UHFFFAOYSA-N,3.833592284910917
WTYUGEXCLZJXMW-UHFFFAOYSA-N__GYVFKVOVLSLCNH-UHFFFAOYSA-N,7.194977588645853
GYVFKVOVLSLCNH-UHFFFAOYSA-N__WTYUGEXCLZJXMW-UHFFFAOYSA-N,5.795167480245539
UGGONLTXYALYGR-UHFFFAOYSA-N__AZEZQVQYEAQPHM-LLVKDONJSA-N,2.845945263994952
HNOIAPRHNXBCAE-UHFFFAOYSA-N__DNXNEKJEZNIHNO-UHFFFAOYSA-N,-0.2284405117887376
AIUFMQVBKLKTQO-UHFFFAOYSA-N__KHOHJRIFHCFMQZ-UHFFFAOYSA-N,-0.6765163681753413
KHOHJRIFHCFMQZ-UHFFFAOYSA-N__AIUFMQVBKLKTQO-UHFFFAOYSA-N,2.186760524594748
GRDZUJFJAGHTNN-UHFFFAOYSA-N__MQTPSWYPPUNRAW-UHFFFAOYSA-N,2.499919762281788
AOASZNXCYRCGBP-UHFFFAOYSA-N__WNHDXZQWYMPTMB-UHFFFAOYSA-N,4.2849049665145404
TULQXSFEDXIVTJ-UHFFFAOYSA-N__AMLHCPGGZHTDFQ-UHFFFAOYSA-N,2.344505296964159
LQZXHFMTDGYPGP-UHFFFAOYSA-N__UTNDORSDTIPGQR-QGZVFWFLSA-N,2.415571565180916
ACQPJOARSAHVBJ-LCYFTJDESA-N__GUUFGIXAPNRYKD-UHFFFAOYSA-N,1.3331128553020883
UTNDORSDTIPGQR-QGZVFWFLSA-N__LQZXHFMTDGYPGP-UHFFFAOYSA-N,5.1801366652457626
KPQCYFPPETYXOG-UHFFFAOYSA-N__GNDULTYVZSOJHU-UHFFFAOYSA-N,1.8834244693736264
GUUFGIXAPNRYKD-UHFFFAOYSA-N__ACQPJOARSAHVBJ-LCYFTJDESA-N,5.563134266162775
CZGAKZIANDZJSM-UHFFFAOYSA-N__PHNMOBZNGJNOEZ-FRFSOERESA-N,5.102866991079148
PHNMOBZNGJNOEZ-FRFSOERESA-N__CZGAKZIANDZJSM-UHFFFAOYSA-N,2.8021327846056354
BMYOBGAAQLOKHQ-UHFFFAOYSA-N__IGFADJGRWGQAJB-UHFFFAOYSA-N,3.4421950422241747
IGFADJGRWGQAJB-UHFFFAOYSA-N__BMYOBGAAQLOKHQ-UHFFFAOYSA-N,5.029335646164332
RBXTUZLTEAYBEJ-UHFFFAOYSA-N__VIXHWLSIPPQLFZ-UHFFFAOYSA-N,3.877875220534723
VIXHWLSIPPQLFZ-UHFFFAOYSA-N__RBXTUZLTEAYBEJ-UHFFFAOYSA-N,3.165467154704225
CPOIZGUCGLKTOC-UHFFFAOYSA-N__SXZKEELWIIJCDQ-UHFFFAOYSA-N,3.4425421655081805
AFLJPHRFYKPYIK-UHFFFAOYSA-N__RPLOVFSJAFMRKD-UHFFFAOYSA-N,0.8026383678811814
RPLOVFSJAFMRKD-UHFFFAOYSA-N__AFLJPHRFYKPYIK-UHFFFAOYSA-N,3.117416923395892
TWXFKQILVGBJSG-UHFFFAOYSA-N__VPDXMDAJMMUXCK-UHFFFAOYSA-N,3.7846522515108414
VPDXMDAJMMUXCK-UHFFFAOYSA-N__TWXFKQILVGBJSG-UHFFFAOYSA-N,7.056565344681224
AZWYYDCURDTLLU-UHFFFAOYSA-N__QWIUVNZZIWZLEX-UHFFFAOYSA-N,7.117415512282013
QWIUVNZZIWZLEX-UHFFFAOYSA-N__AZWYYDCURDTLLU-UHFFFAOYSA-N,1.4041185625037105
ZPCRXBVUXRAGEX-UHFFFAOYSA-N__NEDBMULABJUSIF-UHFFFAOYSA-N,1.1572892929989524
BYPNOFIFSIUJHD-GOSISDBHSA-N__MJDBDRQRFBVLKT-UHFFFAOYSA-N,1.5711977881519965
ZEJCBBNUTFCDPD-UHFFFAOYSA-N__VTDWAJACIHQFGV-GDBMZVCRSA-N,4.305641190303214
VTDWAJACIHQFGV-GDBMZVCRSA-N__ZEJCBBNUTFCDPD-UHFFFAOYSA-N,4.945666077901961
FAKHXBZDTOXGOS-UHFFFAOYSA-N__UYYAKSAYVVWNFS-UHFFFAOYSA-N,-0.1629509736522083
KPOCYBJZPYKSCO-UHFFFAOYSA-N__LLMGFZCPEZBLPS-UHFFFAOYSA-N,0.3418253185659743
LLMGFZCPEZBLPS-UHFFFAOYSA-N__KPOCYBJZPYKSCO-UHFFFAOYSA-N,4.789757593568343
BMYLOHDOJPEVOR-UHFFFAOYSA-N__VOQIRXUHAJRKNV-UHFFFAOYSA-N,1.2286863627200106
VOQIRXUHAJRKNV-UHFFFAOYSA-N__BMYLOHDOJPEVOR-UHFFFAOYSA-N,0.2968036791250068
CUCCCYTZXXDWON-UHFFFAOYSA-N__QKMLGMAXXKVBQT-UHFFFAOYSA-N,2.4122640236186133
LBXUDEIBNAVSJM-UNOMPAQXSA-N__OTJPGSMSJITRKR-UHFFFAOYSA-N,-1.8526249984109504
OTJPGSMSJITRKR-UHFFFAOYSA-N__LBXUDEIBNAVSJM-UNOMPAQXSA-N,3.1430101602595686
MPKYPSRNGOGGLE-UHFFFAOYSA-N__QBSKKRMMJPNRDH-UHFFFAOYSA-N,0.948137025506978
ZIYZUUVVLZNNJT-UHFFFAOYSA-N__JMVPCVKEXKRLIG-UHFFFAOYSA-N,13.25629403830584
JMVPCVKEXKRLIG-UHFFFAOYSA-N__ZIYZUUVVLZNNJT-UHFFFAOYSA-N,9.93400459547806
RNDCUHACESDKAR-UHFFFAOYSA-N__IIBUSGMQPRKCLT-UHFFFAOYSA-N,5.713191225038279
IIBUSGMQPRKCLT-UHFFFAOYSA-N__RNDCUHACESDKAR-UHFFFAOYSA-N,7.439981883000794
JAEHSRCBLWMTHL-UHFFFAOYSA-N__JCKKBRXWDBWAEP-JXUBOQSCSA-N,0.918301448234626
XNCZHAWFDCNTPI-UHFFFAOYSA-N__GTXLMJHTGGBAKM-UHFFFAOYSA-N,4.19561475609977
PUYAWOFUJUYKLW-WDSKDSINSA-N__HEFMHGLKWJFLPR-UHFFFAOYSA-N,5.932221248552724
BPPPUFSZQDCMEE-UHFFFAOYSA-N__QQZGKRADAAPEFI-MBGZROKYSA-N,12.51802255076736
QQZGKRADAAPEFI-MBGZROKYSA-N__BPPPUFSZQDCMEE-UHFFFAOYSA-N,4.522494638647611
JDRPRAISTKSUEP-UHFFFAOYSA-N__QYVKMQBALXRRDP-UHFFFAOYSA-N,5.253523954100088
QYVKMQBALXRRDP-UHFFFAOYSA-N__JDRPRAISTKSUEP-UHFFFAOYSA-N,5.333529606843061
YBKRMFYPYBHCIO-RKDXNWHRSA-N__PCZJOVLIRDDNKW-UHFFFAOYSA-N,4.442906453605091
KOEKQWTUXKVUEU-FSEBUJBSSA-N__MAPSRSTXYJBBJE-UHFFFAOYSA-N,0.6144009153664193
MAPSRSTXYJBBJE-UHFFFAOYSA-N__KOEKQWTUXKVUEU-FSEBUJBSSA-N,-0.9611904286440728
HXYUZJZIWZKWJY-UHFFFAOYSA-N__DBBNCIUANQBYSX-QWRGUYRKSA-N,6.616116029303883
AQGNIGRIAPEOBP-UHFFFAOYSA-N__KMMLEIBHCPRORA-UHFFFAOYSA-N,4.337526499210672
KMMLEIBHCPRORA-UHFFFAOYSA-N__AQGNIGRIAPEOBP-UHFFFAOYSA-N,5.143817263910624
ZCRLLZIFKSXXPI-UHFFFAOYSA-N__DTJRPTCQBIETQI-UHFFFAOYSA-N,-2.5274126758828377
VLNDERXCPZQXFQ-UHFFFAOYSA-N__YVYCFVQNCQXTFI-UHFFFAOYSA-N,1.2677469919395814
DAINQWLDMKIISM-UHFFFAOYSA-N__XYRYELGHAFRCIW-UHFFFAOYSA-N,2.3188957607214014
HSEVOKVRULNBKR-UHFFFAOYSA-N__QYZGYDLTOXPUHN-UHFFFAOYSA-N,2.8974050888663148
GRZGEAHTRDWHCF-UHFFFAOYSA-N__AKRAOONBZRMFFW-UHFFFAOYSA-N,4.561401682516921
BFEXGNFZCNYWCG-WCTZXXKLSA-N__CTYDTUSIMFWTSJ-UHFFFAOYSA-N,3.504507768413618
AKRAOONBZRMFFW-UHFFFAOYSA-N__GRZGEAHTRDWHCF-UHFFFAOYSA-N,-0.9623998327840548
CTYDTUSIMFWTSJ-UHFFFAOYSA-N__BFEXGNFZCNYWCG-WCTZXXKLSA-N,-4.521584727964899
IHBDJOTVGRCDEH-UHFFFAOYSA-N__DBNBDHAVSFEZNK-ZXFLCMHBSA-N,2.957933296146772
DBNBDHAVSFEZNK-ZXFLCMHBSA-N__IHBDJOTVGRCDEH-UHFFFAOYSA-N,4.420280473987373
PRFSDDOJWSSHNG-UHFFFAOYSA-N__YXRZCWOLPUHFNS-UHFFFAOYSA-N,1.394539402094379
YXRZCWOLPUHFNS-UHFFFAOYSA-N__PRFSDDOJWSSHNG-UHFFFAOYSA-N,1.8796287111277368
DNIQYWJDPTUBHN-MRXNPFEDSA-N__KYUBKNIUMGQFIO-UHFFFAOYSA-N,4.11148151810032
CBOZMZUOCWAUQX-UHFFFAOYSA-N__VOZCLMUGMKHWDT-UHFFFAOYSA-N,-0.5409411597791763
VLZALXMNDNBURQ-UHFFFAOYSA-N__WCKYKZASLKVVKE-IENPIDJESA-N,5.4426594229584415
WCKYKZASLKVVKE-IENPIDJESA-N__VLZALXMNDNBURQ-UHFFFAOYSA-N,-1.2842235088789151
KQMNWTYIHKRHAX-UHFFFAOYSA-N__HNKUMGRDMVAUEI-UHFFFAOYSA-N,7.147234794634007
YATAIHWZVIPOQO-UHFFFAOYSA-N__PUDOOCDEEOSPOA-UHFFFAOYSA-N,2.216403436630288
BQLVODDCLKODKL-UHFFFAOYSA-N__FRTSOJXWJUNFLY-UHFFFAOYSA-N,-5.493568765293762
FRTSOJXWJUNFLY-UHFFFAOYSA-N__BQLVODDCLKODKL-UHFFFAOYSA-N,-4.738990249075644
ROMORGXJVYYQLO-UHFFFAOYSA-N__UZBOODLUBJBELJ-UHFFFAOYSA-N,1.7356136745985948
UZBOODLUBJBELJ-UHFFFAOYSA-N__ROMORGXJVYYQLO-UHFFFAOYSA-N,2.13163751982194
DXXWUIJGUQBVFS-UHFFFAOYSA-N__SYRKIVVARIUTNG-UHFFFAOYSA-N,8.682468881605743
DCLSEXSIDKOBJW-UHFFFAOYSA-N__TWJDGVIFWWANJA-UHFFFAOYSA-N,0.7867240730814886
QCXIJYYRFVNYEX-UHFFFAOYSA-N__MVQUNYFSOGSFLD-UPHRSURJSA-N,4.448132562836324
VWHPSTLYTKQSFI-UHFFFAOYSA-N__JKYHMBXFPAONEY-UHFFFAOYSA-N,9.441959303771323
JKYHMBXFPAONEY-UHFFFAOYSA-N__VWHPSTLYTKQSFI-UHFFFAOYSA-N,6.91682800156128
SYRKIVVARIUTNG-UHFFFAOYSA-N__DXXWUIJGUQBVFS-UHFFFAOYSA-N,11.664379069892062
LJASZNNBVOTAAN-UHFFFAOYSA-N__KGMQOAKEIMQYBH-MTJLKYKHSA-N,3.206939573389048
ZJFBVCAZUHRTMN-UHFFFAOYSA-N__ZYMAAOVAPYNBMZ-NSCUHMNNSA-N,3.399721291022223
ZYMAAOVAPYNBMZ-NSCUHMNNSA-N__ZJFBVCAZUHRTMN-UHFFFAOYSA-N,0.9251380464599191
WXRZLQQGMADNBV-UHFFFAOYSA-N__VCKKHAAUFHPCHS-UPVQGACJSA-N,4.757071078250913
VCKKHAAUFHPCHS-UPVQGACJSA-N__WXRZLQQGMADNBV-UHFFFAOYSA-N,4.661356333695743
YGFGZTXGYTUXBA-VIFPVBQESA-N__RPCNONGOOWPUOK-UHFFFAOYSA-N,-2.224915228694908
RPCNONGOOWPUOK-UHFFFAOYSA-N__YGFGZTXGYTUXBA-VIFPVBQESA-N,0.6393238000655657
HXOUYDWUOGCSAJ-UHFFFAOYSA-N__WRYJHBGWNGZFDG-UHFFFAOYSA-N,0.5118289985043061
WRYJHBGWNGZFDG-UHFFFAOYSA-N__HXOUYDWUOGCSAJ-UHFFFAOYSA-N,2.534900506234082
XNXDKCYMPVXQBA-ATZDWAIDSA-N__ZYCVFNPZDIEFKK-UHFFFAOYSA-N,8.036600633219729
ZYCVFNPZDIEFKK-UHFFFAOYSA-N__XNXDKCYMPVXQBA-ATZDWAIDSA-N,2.5161611687606587
XLMRJJDVTKONFM-UHFFFAOYSA-N__VTBQTGKEQWKCFX-UHFFFAOYSA-N,-2.969714868028337
VTBQTGKEQWKCFX-UHFFFAOYSA-N__XLMRJJDVTKONFM-UHFFFAOYSA-N,5.113933566851385
VKYVUWCOLSRMGR-UHFFFAOYSA-N__GRFAVLPXMJLBLV-AWEZNQCLSA-N,-2.8324131813827327
IQVWWXWMIXSXIG-UHFFFAOYSA-N__QUBWVCNYTFVSEA-UHFFFAOYSA-N,2.5613042481210098
QUBWVCNYTFVSEA-UHFFFAOYSA-N__IQVWWXWMIXSXIG-UHFFFAOYSA-N,-1.911234988941811
UVHUMURGQNULMI-UHFFFAOYSA-N__MZRGNISJFIIVAP-UHFFFAOYSA-N,0.419798828765297
MZRGNISJFIIVAP-UHFFFAOYSA-N__UVHUMURGQNULMI-UHFFFAOYSA-N,2.244868151805737
FDEMWXLRLSEDEV-UHFFFAOYSA-N__KXQLABWMNNEHEG-UHFFFAOYSA-N,1.7645869360942523
BNEMFTONFFEBMH-UHFFFAOYSA-N__WWFFJFHUOKDBAR-UHFFFAOYSA-N,4.407544659125199
WWFFJFHUOKDBAR-UHFFFAOYSA-N__BNEMFTONFFEBMH-UHFFFAOYSA-N,6.3908993756242936
KXQLABWMNNEHEG-UHFFFAOYSA-N__FDEMWXLRLSEDEV-UHFFFAOYSA-N,3.30976905184431
PQSVIOCKMYSGTQ-GJMOJQLCSA-N__WPPNULXXXBFCBC-CMJOXMDJSA-N,1.5170607481406515
WPPNULXXXBFCBC-CMJOXMDJSA-N__PQSVIOCKMYSGTQ-GJMOJQLCSA-N,1.1869344564042406
POEZNOULDVEHQK-UHFFFAOYSA-N__YOWJDJCIXNLROW-JTQLQIEISA-N,2.662308407712417
ZIZLZTCRCZRHOO-QQFBHYJXSA-N__GXMYIEWILFSDKH-UHFFFAOYSA-N,4.542720183954746
YOWJDJCIXNLROW-JTQLQIEISA-N__POEZNOULDVEHQK-UHFFFAOYSA-N,-3.9384125590658337
GXMYIEWILFSDKH-UHFFFAOYSA-N__ZIZLZTCRCZRHOO-QQFBHYJXSA-N,3.3871764089511296
BBVYYQCPLLZMEK-UHFFFAOYSA-N__SJSGLHNBLBNADM-UHFFFAOYSA-N,6.0664235236859865
SJSGLHNBLBNADM-UHFFFAOYSA-N__BBVYYQCPLLZMEK-UHFFFAOYSA-N,6.508712710128909
GGKSIENJNRXXIV-UHFFFAOYSA-N__VJCYUYDXBRJEMI-UHFFFAOYSA-N,2.874659089414648
VJCYUYDXBRJEMI-UHFFFAOYSA-N__GGKSIENJNRXXIV-UHFFFAOYSA-N,2.8746284584514536
ICJMUOBETBDILR-UHFFFAOYSA-N__PUGFHDHVMWAHJP-UHFFFAOYSA-N,-0.2872890899419323
PUGFHDHVMWAHJP-UHFFFAOYSA-N__ICJMUOBETBDILR-UHFFFAOYSA-N,-1.0313872075695705
AMZXZDZLEOQSJX-UHFFFAOYSA-N__GVZCQXQQHDMAMW-UHFFFAOYSA-N,1.9936410922964587
ZJRVWEQUQQOUIB-UHFFFAOYSA-N__MEHIMRNYHHEUFC-UHFFFAOYSA-N,3.4169696122323896
OMRRJBCIXAGWPN-UHFFFAOYSA-N__DOSLMAUQQFHXBF-ZQIUZPCESA-N,4.939122051626397
LJOUSBLNWOESQP-UHFFFAOYSA-N__IZMODNRGAJEWLE-UHFFFAOYSA-N,1.349375726430103
RNUMRWVLUCGRTQ-UHFFFAOYSA-N__KNIKDURFJGQYGR-UHFFFAOYSA-N,-1.59938938607021
KNIKDURFJGQYGR-UHFFFAOYSA-N__RNUMRWVLUCGRTQ-UHFFFAOYSA-N,6.809648428810323
QJDZHGUYBDHZAW-UHFFFAOYSA-N__RWPAJIVRGSWZAB-UHFFFAOYSA-N,0.4596310876164385
RWPAJIVRGSWZAB-UHFFFAOYSA-N__QJDZHGUYBDHZAW-UHFFFAOYSA-N,-0.996983508264266
JVRUAHVGGSIZLG-UHFFFAOYSA-N__CYHIYEHCIFKGNZ-LBPRGKRZSA-N,4.756277586145099
CYHIYEHCIFKGNZ-LBPRGKRZSA-N__JVRUAHVGGSIZLG-UHFFFAOYSA-N,4.94743475243563
DWFFKIZIRFBBPU-UHFFFAOYSA-N__VYCZYHLXMWIJTC-UHFFFAOYSA-N,2.487009939512945
VYCZYHLXMWIJTC-UHFFFAOYSA-N__DWFFKIZIRFBBPU-UHFFFAOYSA-N,-3.958476215596398
HRPYXGLFEYACPK-UHFFFAOYSA-N__LAAQCZMWUPUYLP-MSOLQXFVSA-N,9.570801242849845
XJWHAXCKXVMTNG-QYNIQEEDSA-N__ZWRAIQYAWGIYQB-UHFFFAOYSA-N,3.46231112556102
ZWRAIQYAWGIYQB-UHFFFAOYSA-N__XJWHAXCKXVMTNG-QYNIQEEDSA-N,7.601243076261946
LAAQCZMWUPUYLP-MSOLQXFVSA-N__HRPYXGLFEYACPK-UHFFFAOYSA-N,8.419021858440878
AGMMPIWLLHFLPZ-UHFFFAOYSA-N__GFLHZBGDLYCCGH-UHFFFAOYSA-N,3.953436618528589
GFLHZBGDLYCCGH-UHFFFAOYSA-N__AGMMPIWLLHFLPZ-UHFFFAOYSA-N,6.536685127854816
IQHXVTAIKHSJJX-UHFFFAOYSA-N__HOYATBIEEBDWNX-YFKPBYRVSA-N,-1.5158015116004488
HGSWCZDWEKPDKL-UHFFFAOYSA-N__LWKMTSRRGUVABD-QMMMGPOBSA-N,-2.961154865040532
LWKMTSRRGUVABD-QMMMGPOBSA-N__HGSWCZDWEKPDKL-UHFFFAOYSA-N,9.966446566747289
HOYATBIEEBDWNX-YFKPBYRVSA-N__IQHXVTAIKHSJJX-UHFFFAOYSA-N,1.025553845165403
ONLHNSIQHBONQC-UHFFFAOYSA-N__LRLGMKUBYBYXHS-UHFFFAOYSA-N,2.4454528453269395
LTRRUXPPCAACFM-UHFFFAOYSA-N__YWKOGBHMGHTIOV-UHFFFAOYSA-N,2.384337272276188
CXGPSBCMLXUSPW-UHFFFAOYSA-N__VHHBADJEQDLCIU-UHFFFAOYSA-N,1.5983486781067011
VHHBADJEQDLCIU-UHFFFAOYSA-N__CXGPSBCMLXUSPW-UHFFFAOYSA-N,4.107764691592995
MWSZRPZREJBOIP-UHFFFAOYSA-N__ZUMBRHWDSMYXBJ-UHFFFAOYSA-N,5.927925334019171
ZUMBRHWDSMYXBJ-UHFFFAOYSA-N__MWSZRPZREJBOIP-UHFFFAOYSA-N,0.0779825173191277
VIZARDNJVRHJFS-UHFFFAOYSA-N__YENIHTVKZKWWHE-UHFFFAOYSA-N,0.4643419626926761
YENIHTVKZKWWHE-UHFFFAOYSA-N__VIZARDNJVRHJFS-UHFFFAOYSA-N,5.495849279966821
HZXDCVJEAACIPM-UHFFFAOYSA-N__RVOLACWUIAQPCQ-UHFFFAOYSA-N,1.9819223586603707
BCPBYBMDBWFIAZ-UHFFFAOYSA-N__MAXQNNLVGBMSEA-UHFFFAOYSA-N,3.620541804710154
MAXQNNLVGBMSEA-UHFFFAOYSA-N__BCPBYBMDBWFIAZ-UHFFFAOYSA-N,0.0415696317583393
RNCDLMVMDQUSGI-LYFYHCNISA-N__SYBPJZRAGTVHTN-UHFFFAOYSA-N,3.729717799427114
SYBPJZRAGTVHTN-UHFFFAOYSA-N__RNCDLMVMDQUSGI-LYFYHCNISA-N,-5.147415747206522
DPVROKQTJHMGQP-UHFFFAOYSA-N__UECWRLOAOOXISG-UHFFFAOYSA-N,4.462892555821465
BOUVODSNTKYCFP-ZETCQYMHSA-N__WPSPIOJFXXAYBP-UHFFFAOYSA-N,-5.585414330560728
UECWRLOAOOXISG-UHFFFAOYSA-N__DPVROKQTJHMGQP-UHFFFAOYSA-N,0.8453746076008491
GETDQSYPHMDMLL-UHFFFAOYSA-N__LMQNBAWMPXBYOL-UHFFFAOYSA-N,5.553733756082484
LMQNBAWMPXBYOL-UHFFFAOYSA-N__GETDQSYPHMDMLL-UHFFFAOYSA-N,2.9839364140689
KQYHCOHRGAODKS-UHFFFAOYSA-N__WPKSGXIHOIYDJD-UHFFFAOYSA-N,-1.0071241642554103
WPKSGXIHOIYDJD-UHFFFAOYSA-N__KQYHCOHRGAODKS-UHFFFAOYSA-N,1.5637585797825266
NTWXQDISUWBDPV-UHFFFAOYSA-N__ZATPJWIOVRGKPJ-UHFFFAOYSA-N,8.734244831470484
ZATPJWIOVRGKPJ-UHFFFAOYSA-N__NTWXQDISUWBDPV-UHFFFAOYSA-N,6.974531813610255
QXAJHXBESFIJML-ZETCQYMHSA-N__KXEZPSWSUCKEBZ-UHFFFAOYSA-N,7.858608824034693
KXEZPSWSUCKEBZ-UHFFFAOYSA-N__QXAJHXBESFIJML-ZETCQYMHSA-N,6.095190996710316
HOIVRDZEWBGARV-UHFFFAOYSA-N__HWYDTEJVFVHAED-UHFFFAOYSA-N,0.3198954982014187
UVHFCFUKILBIRN-UHFFFAOYSA-N__CWAKPYBJXJWZEN-UHFFFAOYSA-N,4.442692510165095
HWYDTEJVFVHAED-UHFFFAOYSA-N__HOIVRDZEWBGARV-UHFFFAOYSA-N,3.682497977951527
FXYBVGLIQSKCIL-DGCUDZEOSA-N__FVUYCCLAHUCUIX-UHFFFAOYSA-N,-0.2919756685092149
MFCRGONWXOHPHB-UHFFFAOYSA-N__PSVIAMYCRIUUPP-UHFFFAOYSA-N,0.4491356640925852
QSTZPHQCHBJKGU-SNVBAGLBSA-N__YZWQCMXCWKTOAH-UHFFFAOYSA-N,8.502586471146445
YZWQCMXCWKTOAH-UHFFFAOYSA-N__QSTZPHQCHBJKGU-SNVBAGLBSA-N,4.41802345353849
YVIAUFXKZQUDEH-UHFFFAOYSA-N__BBVYYQCPLLZMEK-UHFFFAOYSA-N,5.5467634492799744
BBVYYQCPLLZMEK-UHFFFAOYSA-N__YVIAUFXKZQUDEH-UHFFFAOYSA-N,10.891432326772126
FADPEPBPANCELB-UHFFFAOYSA-N__JNFGYVSIHJTWOC-RYUDHWBXSA-N,7.2462251537980285
JNFGYVSIHJTWOC-RYUDHWBXSA-N__FADPEPBPANCELB-UHFFFAOYSA-N,1.4315403042563375
MVHSSAVPWOWLEL-UHFFFAOYSA-N__UQVHRWUKVYWUNP-UHFFFAOYSA-N,0.1465814045697869
HSCDSPLZVQMCPH-UHFFFAOYSA-N__AHWXEPDZYAZSJY-RKDXNWHRSA-N,6.808589848002228
AHWXEPDZYAZSJY-RKDXNWHRSA-N__HSCDSPLZVQMCPH-UHFFFAOYSA-N,1.5672770950612989
BSXMFINHIKFIOE-UHFFFAOYSA-N__JHJNZQXXHMJNCW-UHFFFAOYSA-N,-0.6847702921720293
DRJIPOCGZIKIMH-UHFFFAOYSA-N__WXRVWRCRHXRLDU-UHFFFAOYSA-N,4.569833470751952
WXRVWRCRHXRLDU-UHFFFAOYSA-N__DRJIPOCGZIKIMH-UHFFFAOYSA-N,0.5666587641240787
LULWASAYMJSAPB-UHFFFAOYSA-N__MUKHHDUYHGOICI-UHFFFAOYSA-N,5.578792305311445
MUKHHDUYHGOICI-UHFFFAOYSA-N__LULWASAYMJSAPB-UHFFFAOYSA-N,-1.222392465168031
RJFSHIRSYCAUCT-OXQOHEQNSA-N__WNKBHEQTBJZLOL-UHFFFAOYSA-N,1.4674156910467435
OJLMARCQPSGYNE-UXBLZVDNSA-N__FTZKQLHUYRXJAK-UHFFFAOYSA-N,0.8563179643162214
FTZKQLHUYRXJAK-UHFFFAOYSA-N__OJLMARCQPSGYNE-UXBLZVDNSA-N,3.395817975715182
HWGNUQPRQYOEDT-UHFFFAOYSA-N__LRZDMZCHXFSDLH-UHFFFAOYSA-N,6.731288977327997
IYHZVBVNBRAYPX-UHFFFAOYSA-N__RZUWILMJWOIVAG-UHFFFAOYSA-N,3.012338201039677
RZUWILMJWOIVAG-UHFFFAOYSA-N__IYHZVBVNBRAYPX-UHFFFAOYSA-N,1.825578730072533
AJVQZJYIGKQBOP-UHFFFAOYSA-N__CIGYRNATJZMMAE-UHFFFAOYSA-N,5.664488577902216
RYAMCTTZOYCZAF-XQRVVYSFSA-N__ZMYYKGMFCVKNSX-UHFFFAOYSA-N,2.867216073652448
CIGYRNATJZMMAE-UHFFFAOYSA-N__AJVQZJYIGKQBOP-UHFFFAOYSA-N,4.130099830850644
YKCRYWIVLKJWSX-UHFFFAOYSA-N__OEXHRRZNYFSPAB-UHFFFAOYSA-N,-2.3495814858797544
FSJBZBUZOMOJPW-UHFFFAOYSA-N__XQABGAQOSDMKHJ-UHFFFAOYSA-N,0.2315902666352852
QWWTUQOSJJBANH-UHFFFAOYSA-N__DIQQESKBTLPISF-UHFFFAOYSA-N,-1.3213609829386512
DIQQESKBTLPISF-UHFFFAOYSA-N__QWWTUQOSJJBANH-UHFFFAOYSA-N,-0.9634703902928023
XQABGAQOSDMKHJ-UHFFFAOYSA-N__FSJBZBUZOMOJPW-UHFFFAOYSA-N,6.40191875142636
MQZDQDOGBBLKEF-UHFFFAOYSA-N__JISWCFGPUJTKEO-UHFFFAOYSA-N,2.4894688598916663
IEAQOAAJKKFCSN-UHFFFAOYSA-N__QIIDSEXAXRVUFY-OTYXRUKQSA-N,3.309176564035732
JISWCFGPUJTKEO-UHFFFAOYSA-N__MQZDQDOGBBLKEF-UHFFFAOYSA-N,2.3078412959822234
QLCKNZBHICKCKE-UHFFFAOYSA-N__KTNWDUSTLKNPLQ-LBPRGKRZSA-N,3.896103450597456
PPPCDLWSEAOPAD-UHFFFAOYSA-N__YSHRYINUSAHNNX-UHFFFAOYSA-N,1.0561944451222338
IJJLRUSZMLMXCN-VANKVMQKSA-N__MXTUWCSWDIUBFJ-UHFFFAOYSA-N,14.3135915281199
MXTUWCSWDIUBFJ-UHFFFAOYSA-N__IJJLRUSZMLMXCN-VANKVMQKSA-N,4.208627854877973
TZVMJOVLKWWOTA-UHFFFAOYSA-N__AQMNGWLKZAXRBY-UHFFFAOYSA-N,7.839727837925833
AQMNGWLKZAXRBY-UHFFFAOYSA-N__TZVMJOVLKWWOTA-UHFFFAOYSA-N,12.015430539355629
JSJHDIAJYMMJOU-UHFFFAOYSA-N__PWAXPIQWGMYBSD-UHFFFAOYSA-N,3.03775616828509
PWAXPIQWGMYBSD-UHFFFAOYSA-N__JSJHDIAJYMMJOU-UHFFFAOYSA-N,-0.4997942247332563
FVEVLFILAXHEON-UHFFFAOYSA-N__QLFWRCVESPDAPZ-UHFFFAOYSA-N,4.133441120950921
QLFWRCVESPDAPZ-UHFFFAOYSA-N__FVEVLFILAXHEON-UHFFFAOYSA-N,1.3436691238795655
HAMAPXDYJGFEMN-UHFFFAOYSA-N__ZIULXLLBLJTKNM-UHFFFAOYSA-N,5.108309022353289
FXFOFNUAKDEPMA-UHFFFAOYSA-N__FIEOERZOLAUPQN-UHFFFAOYSA-N,8.010304304109676
OACIOAKQHBCLAL-ZETCQYMHSA-N__SEUAWEWSTAOVKP-UHFFFAOYSA-N,1.703019589393362
SEUAWEWSTAOVKP-UHFFFAOYSA-N__OACIOAKQHBCLAL-ZETCQYMHSA-N,-0.8263867581724641
GVQKGEBCOUXCOK-UHFFFAOYSA-N__SRZMALVVZCMYKF-UHFFFAOYSA-N,-2.33718085469751
SRZMALVVZCMYKF-UHFFFAOYSA-N__GVQKGEBCOUXCOK-UHFFFAOYSA-N,-0.7285480100371792
GEAOLCXZTOZSHC-SCZZXKLOSA-N__JYWSLQMHTISKKQ-UHFFFAOYSA-N,-3.5186163784966307
JYWSLQMHTISKKQ-UHFFFAOYSA-N__GEAOLCXZTOZSHC-SCZZXKLOSA-N,-0.7595146104880812
RODBLHNKGAKYGN-UHFFFAOYSA-N__CAKLDQQHMQRLDI-UHFFFAOYSA-N,1.1964076807300787
CAKLDQQHMQRLDI-UHFFFAOYSA-N__RODBLHNKGAKYGN-UHFFFAOYSA-N,8.020582206478542
VODVXRJVUXIJOJ-UHFFFAOYSA-N__ASRYKVXENYMJBM-UHFFFAOYSA-N,5.448101707630728
ASRYKVXENYMJBM-UHFFFAOYSA-N__VODVXRJVUXIJOJ-UHFFFAOYSA-N,12.788378531560056
ODSUTIFDWOCFCO-UHFFFAOYSA-N__BHGPCZRRKOSSPS-UHFFFAOYSA-N,2.833959411154136
MZLRDHQGSOZYCD-UHFFFAOYSA-N__URCDRYREMZBODE-UHFFFAOYSA-N,9.029054502118402
URCDRYREMZBODE-UHFFFAOYSA-N__MZLRDHQGSOZYCD-UHFFFAOYSA-N,0.2177270833562873
PAVVSEKSNIZTHZ-UHFFFAOYSA-N__KRQIPUKWPREFQS-UHFFFAOYSA-N,6.263767512615814
XZWBAFYPEWVJDV-UHFFFAOYSA-N__FZWIPIYZUGKUAG-UHFFFAOYSA-N,-0.7422743284981344
FZWIPIYZUGKUAG-UHFFFAOYSA-N__XZWBAFYPEWVJDV-UHFFFAOYSA-N,2.751236256212134
PGWZEMYEIXWVBM-UHFFFAOYSA-N__WGMFSXPYTGMMTP-UHFFFAOYSA-N,8.915779710870831
WGMFSXPYTGMMTP-UHFFFAOYSA-N__PGWZEMYEIXWVBM-UHFFFAOYSA-N,3.37265028897031
HLMDHGGTZULZJG-UHFFFAOYSA-N__WUTOOOAYFDMFOA-UHFFFAOYSA-N,-0.2648071235809633
GUUFGIXAPNRYKD-UHFFFAOYSA-N__MRZJUGWICIQUIY-UHFFFAOYSA-N,0.6268912803105576
MRZJUGWICIQUIY-UHFFFAOYSA-N__GUUFGIXAPNRYKD-UHFFFAOYSA-N,-2.0670926409084887
PNZIXISEXCPEQV-UHFFFAOYSA-N__RLEOUQVZCAPLMG-SNVBAGLBSA-N,2.285545508557558
CEIAAMNODWDLFC-UHFFFAOYSA-N__FDXUMKOABDLGMB-UHFFFAOYSA-N,0.2975984591953767
FDXUMKOABDLGMB-UHFFFAOYSA-N__CEIAAMNODWDLFC-UHFFFAOYSA-N,0.503276739997296
WABISCMFKZKAAL-UHFFFAOYSA-N__MXMRYAYBTGQSSK-UHFFFAOYSA-N,-2.081959683623444
MXMRYAYBTGQSSK-UHFFFAOYSA-N__WABISCMFKZKAAL-UHFFFAOYSA-N,-0.8799399730676023
AGMFCPAGMJHLLG-UHFFFAOYSA-N__NDKLQHBYJUGVBS-SFYZADRCSA-N,-2.9926206398969573
NDKLQHBYJUGVBS-SFYZADRCSA-N__AGMFCPAGMJHLLG-UHFFFAOYSA-N,-3.398636195436984
QBBZMFCFTPMXIU-UHFFFAOYSA-N__UMEJBWOWZDRULR-ZJUUUORDSA-N,0.1706561656431671
UMEJBWOWZDRULR-ZJUUUORDSA-N__QBBZMFCFTPMXIU-UHFFFAOYSA-N,-4.890656006019102
HMKVDFLBZALYJQ-UHFFFAOYSA-N__WWZJZJNCDFQHHG-UHFFFAOYSA-N,-0.5710782772409969
JHOMMFNZHSREGY-UHFFFAOYSA-N__GGZNLZXEXOJYRI-UHFFFAOYSA-N,9.606989490884072
VVRNTRMPWLEEAX-UHFFFAOYSA-N__RCGQAPUWWHXBOK-SNVBAGLBSA-N,2.924143886949364
WWZJZJNCDFQHHG-UHFFFAOYSA-N__HMKVDFLBZALYJQ-UHFFFAOYSA-N,-3.205422554887771
WKFFWRLZWJLCFJ-UHFFFAOYSA-N__PHWVCBDMRIVURZ-UHFFFAOYSA-N,6.269396809969932
PHWVCBDMRIVURZ-UHFFFAOYSA-N__WKFFWRLZWJLCFJ-UHFFFAOYSA-N,-0.0421857693470214
BCLSQPPESGNWTC-UHFFFAOYSA-N__DMJUOHNGDSVDHI-UHFFFAOYSA-N,2.672248766060415
UCQCSQBHJPBFEI-UHFFFAOYSA-N__MSSPIOBIUVYQDZ-UHFFFAOYSA-N,3.545022293101434
MSSPIOBIUVYQDZ-UHFFFAOYSA-N__UCQCSQBHJPBFEI-UHFFFAOYSA-N,-0.5387479892065111
GNNZEHZKGODQLQ-UHFFFAOYSA-N__QQUYFEJIXQTHBZ-UHFFFAOYSA-N,-4.8494434081802
QQUYFEJIXQTHBZ-UHFFFAOYSA-N__GNNZEHZKGODQLQ-UHFFFAOYSA-N,4.760156122402349
JLRXJPBDWYQEHY-UHFFFAOYSA-N__AQYDTPHZDRQRNW-UHFFFAOYSA-N,6.606108886134181
KHZQTJPJNGYJOX-UHFFFAOYSA-N__NPGNQHMCGZTHRR-NEPJUHHUSA-N,0.991725172025359
NPGNQHMCGZTHRR-NEPJUHHUSA-N__KHZQTJPJNGYJOX-UHFFFAOYSA-N,0.3481562653950488
FEHMBDNQKIRORE-RXMQYKEDSA-N__LVUCDRASKYBVPF-UHFFFAOYSA-N,2.582962589042126
LVUCDRASKYBVPF-UHFFFAOYSA-N__FEHMBDNQKIRORE-RXMQYKEDSA-N,8.179609535579456
ADGUYMFBYIREQT-UHFFFAOYSA-N__YPRSCENAJKYBIC-UHFFFAOYSA-N,4.547833615477665
YPRSCENAJKYBIC-UHFFFAOYSA-N__ADGUYMFBYIREQT-UHFFFAOYSA-N,10.506053210262849
FPCBMCYTUKJWBD-UHFFFAOYSA-N__HVPVQYHYAQLCDZ-UHFFFAOYSA-N,9.208663742029808
PVTSCODHJKSPGN-UHFFFAOYSA-N__GPSFQOOKZONXJA-UHFFFAOYSA-N,4.791682737925015
GPSFQOOKZONXJA-UHFFFAOYSA-N__PVTSCODHJKSPGN-UHFFFAOYSA-N,5.796810449467067
HVPVQYHYAQLCDZ-UHFFFAOYSA-N__FPCBMCYTUKJWBD-UHFFFAOYSA-N,5.151872338421721
GTMNFVMYWQJTGQ-UHFFFAOYSA-N__JWTGTDLCMROOIX-UHFFFAOYSA-N,2.007335486372187
NCNDUCOPVXYXSR-UHFFFAOYSA-N__WBNHZLOEUBMGSU-UHFFFAOYSA-N,0.7109229472449767
HRDZOWCWIXJUPX-UHFFFAOYSA-N__AVBKJCZTQKYWIQ-UHFFFAOYSA-N,11.314986630255577
AASXOVVUFAGHSL-UHFFFAOYSA-N__AOVAKEPXEOVCEW-UHFFFAOYSA-N,-0.8166736709581787
AOVAKEPXEOVCEW-UHFFFAOYSA-N__AASXOVVUFAGHSL-UHFFFAOYSA-N,8.225547423902702
GMLUMUVEIIHXGK-UHFFFAOYSA-N__VCAHICAEBQNYMK-UHFFFAOYSA-N,8.69598858633925
VCAHICAEBQNYMK-UHFFFAOYSA-N__GMLUMUVEIIHXGK-UHFFFAOYSA-N,1.3914606749903276
AFBHUTJJMPZWEY-UHFFFAOYSA-N__LTPMEOLBOWKTEU-SFYZADRCSA-N,0.9548582713965522
LTPMEOLBOWKTEU-SFYZADRCSA-N__AFBHUTJJMPZWEY-UHFFFAOYSA-N,-0.3327041853619516
SATIMGIJBXFQOB-UHFFFAOYSA-N__TWZSFRWBDDJUNR-UHFFFAOYSA-N,3.402047490627053
TWZSFRWBDDJUNR-UHFFFAOYSA-N__SATIMGIJBXFQOB-UHFFFAOYSA-N,5.541814393751985
SVUKRILHXUKYNZ-UHFFFAOYSA-N__YYNRGHKSYVJTKX-LURJTMIESA-N,8.167366836288988
HNUFTQKUFYQMDU-UHFFFAOYSA-N__OIZFATKSACKVOC-UHFFFAOYSA-N,-1.847629753937145
OIZFATKSACKVOC-UHFFFAOYSA-N__HNUFTQKUFYQMDU-UHFFFAOYSA-N,7.117440250775259
YYNRGHKSYVJTKX-LURJTMIESA-N__SVUKRILHXUKYNZ-UHFFFAOYSA-N,11.877185870822862
WFKOTUMDENOGTQ-UHFFFAOYSA-N__MRWZZTJDUJLELY-UHFFFAOYSA-N,3.061037427372127
MQUYBJNRERRVIW-XCBNKYQSSA-N__QNOFTPXCBZCDSX-UHFFFAOYSA-N,4.058613718755112
QNOFTPXCBZCDSX-UHFFFAOYSA-N__MQUYBJNRERRVIW-XCBNKYQSSA-N,2.3118497154107183
BBQDGFNHYMSPNT-UHFFFAOYSA-N__XEQJEDUWAVUELM-UHFFFAOYSA-N,7.187201156926872
GPGYDXQNZIXYPP-UHFFFAOYSA-N__WLACVEQFAQURHC-UHFFFAOYSA-N,-0.512200979489977
QOGDMJPXCDUIRM-UHFFFAOYSA-N__UQLNHDYBGCTZNJ-UHFFFAOYSA-N,3.827856771465503
UQLNHDYBGCTZNJ-UHFFFAOYSA-N__QOGDMJPXCDUIRM-UHFFFAOYSA-N,0.0322208412238546
AFWBIBIDEZYDFK-UHFFFAOYSA-N__YSHAJJZKWVTMMV-YUMQZZPRSA-N,0.6988398351382737
YSHAJJZKWVTMMV-YUMQZZPRSA-N__AFWBIBIDEZYDFK-UHFFFAOYSA-N,2.9954119770861425
CQXUERHCCJSYFL-UHFFFAOYSA-N__YEIWWQUKIWYVIC-UHFFFAOYSA-N,12.19061550708755
YEIWWQUKIWYVIC-UHFFFAOYSA-N__CQXUERHCCJSYFL-UHFFFAOYSA-N,6.369008125425078
DNFNYXCZLVULDH-UHFFFAOYSA-N__ZJRDHDFIRXTXDP-SECBINFHSA-N,3.4522370514661795
ZJRDHDFIRXTXDP-SECBINFHSA-N__DNFNYXCZLVULDH-UHFFFAOYSA-N,0.6244137627766184
AISWPRQGJBBNSK-UHFFFAOYSA-N__FOLZUSWNKRTUJT-UHFFFAOYSA-N,5.619366439059205
FOLZUSWNKRTUJT-UHFFFAOYSA-N__AISWPRQGJBBNSK-UHFFFAOYSA-N,1.404487986179896
PDONIKHDXYHTLS-UHFFFAOYSA-N__RHUXUKSLIBSYOZ-UHFFFAOYSA-N,3.982722718867445
HKVAJHYURALOCU-UHFFFAOYSA-N__ZLWDVDSCWSUVHL-UHFFFAOYSA-N,7.270864747789541
ZLWDVDSCWSUVHL-UHFFFAOYSA-N__HKVAJHYURALOCU-UHFFFAOYSA-N,1.4832789699941262
NWLBXGGLIHKSMN-UHFFFAOYSA-N__ZTZYUVUBYXISCO-UHFFFAOYSA-N,8.204308297110327
ZTZYUVUBYXISCO-UHFFFAOYSA-N__NWLBXGGLIHKSMN-UHFFFAOYSA-N,6.721175260691434
ONCOHXQPUMBIEZ-UHFFFAOYSA-N__VFSXFXFWBQAJMP-UHFFFAOYSA-N,-3.118109790113984
ARZNOQSTQBIUBQ-UHFFFAOYSA-N__TTZBWSUVERMAMY-UHFFFAOYSA-N,-0.4672457971367395
TTZBWSUVERMAMY-UHFFFAOYSA-N__ARZNOQSTQBIUBQ-UHFFFAOYSA-N,-0.7793680118343025
DYHQGHJZXNODOP-UHFFFAOYSA-N__LYJKKBWRCRZSII-UHFFFAOYSA-N,0.6168152863252697
LYJKKBWRCRZSII-UHFFFAOYSA-N__DYHQGHJZXNODOP-UHFFFAOYSA-N,7.058861757519634
KRPQZSAUWRJDJL-UHFFFAOYSA-N__ZZGZMIFEYNRRPL-FRRDWIJNSA-N,-5.791166781113725
ZZGZMIFEYNRRPL-FRRDWIJNSA-N__KRPQZSAUWRJDJL-UHFFFAOYSA-N,2.845971813906833
KCGOVGILLMTDIY-UHFFFAOYSA-N__KKAAMPPUIIKDFE-UHFFFAOYSA-N,4.8160935481699605
KKAAMPPUIIKDFE-UHFFFAOYSA-N__KCGOVGILLMTDIY-UHFFFAOYSA-N,12.798069801101349
YDNKORILOPCDMX-UHFFFAOYSA-N__LBEPBBRECMVUHG-UHFFFAOYSA-N,6.865511606210654
LBEPBBRECMVUHG-UHFFFAOYSA-N__YDNKORILOPCDMX-UHFFFAOYSA-N,14.866069620422772
HYSSOYMKDPRSDJ-UHFFFAOYSA-N__SNHMEHSOGVTAFK-UHFFFAOYSA-N,3.699215611786229
SNHMEHSOGVTAFK-UHFFFAOYSA-N__HYSSOYMKDPRSDJ-UHFFFAOYSA-N,3.358853114552538
XCHSNFACJVCLEL-QMMMGPOBSA-N__JIAAGTOWQVQFHX-UHFFFAOYSA-N,-0.0500637982413146
JIAAGTOWQVQFHX-UHFFFAOYSA-N__XCHSNFACJVCLEL-QMMMGPOBSA-N,1.4260472607682046
WBHAHSRNFKAHSE-UHFFFAOYSA-N__BCWIHZPGMUVRNG-QWHCGFSZSA-N,-3.472869523838613
BCWIHZPGMUVRNG-QWHCGFSZSA-N__WBHAHSRNFKAHSE-UHFFFAOYSA-N,1.0800641999983167
HRGSTJRPFLMFJZ-UHFFFAOYSA-N__MKNSKBKFEINIMY-UHFFFAOYSA-N,0.3644669759811196
MKNSKBKFEINIMY-UHFFFAOYSA-N__HRGSTJRPFLMFJZ-UHFFFAOYSA-N,7.794037139706698
AEUFJVUDEFHRJJ-UHFFFAOYSA-N__AKUNCQOEZMYMRN-UHFFFAOYSA-N,6.42095157688523
AKUNCQOEZMYMRN-UHFFFAOYSA-N__AEUFJVUDEFHRJJ-UHFFFAOYSA-N,5.694087882699557
IPKSOGRIMJTYKC-LBPRGKRZSA-N__MWUJEJPTVPZDOW-UHFFFAOYSA-N,7.025995884041973
MWUJEJPTVPZDOW-UHFFFAOYSA-N__IPKSOGRIMJTYKC-LBPRGKRZSA-N,6.845087672021847
IDGLOWWFXLQDNP-UHFFFAOYSA-N__KSYFTZVDYLEAAD-UHFFFAOYSA-N,0.5711831310675772
WZDXNLYPVDAVOE-UHFFFAOYSA-N__KACRRNKDIUCWIT-UHFFFAOYSA-N,0.969996495712252
KSYFTZVDYLEAAD-UHFFFAOYSA-N__IDGLOWWFXLQDNP-UHFFFAOYSA-N,0.6058766566409959
KACRRNKDIUCWIT-UHFFFAOYSA-N__WZDXNLYPVDAVOE-UHFFFAOYSA-N,6.666130969429454
BBZAJONLZKRICC-UHFFFAOYSA-N__UVOHZPBRPNQOTJ-CHWSQXEVSA-N,4.683647291360332
UVOHZPBRPNQOTJ-CHWSQXEVSA-N__BBZAJONLZKRICC-UHFFFAOYSA-N,5.564124741939126
WFVPWRGLCLBLNE-UHFFFAOYSA-N__YIWKWJRXGXYJJA-UHFFFAOYSA-N,-0.7925284554270688
YIWKWJRXGXYJJA-UHFFFAOYSA-N__WFVPWRGLCLBLNE-UHFFFAOYSA-N,2.5929111416668933
OISRQAGRMDOSSO-UHFFFAOYSA-N__UBGRVJNEZFRSPR-UHFFFAOYSA-N,3.1319795246481674
UBGRVJNEZFRSPR-UHFFFAOYSA-N__OISRQAGRMDOSSO-UHFFFAOYSA-N,4.607879147518139
QQMYMXMYZZZETG-UHFFFAOYSA-N__IVNYESGCWCJJJB-UHFFFAOYSA-N,0.3381597294916567
UIUKIKLGNRUZJK-UHFFFAOYSA-N__NQHQXUDZZLNECD-UHFFFAOYSA-N,0.0803199315040067
JNPVJHRMZUBKSU-UHFFFAOYSA-N__NNUJDODFVXXZHZ-UHFFFAOYSA-N,6.304573920862199
NQHQXUDZZLNECD-UHFFFAOYSA-N__UIUKIKLGNRUZJK-UHFFFAOYSA-N,9.71280112728081
NNUJDODFVXXZHZ-UHFFFAOYSA-N__JNPVJHRMZUBKSU-UHFFFAOYSA-N,0.4499414420847376
YWQNLSGWSBKJTK-UHFFFAOYSA-N__NEWVVIDKMOJCCS-UHFFFAOYSA-N,-0.6858374812404064
NEWVVIDKMOJCCS-UHFFFAOYSA-N__YWQNLSGWSBKJTK-UHFFFAOYSA-N,4.876776267465995
AMOUPTGLIZFKLR-UHFFFAOYSA-N__GUQOBUHMNYKTPK-UHFFFAOYSA-N,0.9144394386086496
GUQOBUHMNYKTPK-UHFFFAOYSA-N__AMOUPTGLIZFKLR-UHFFFAOYSA-N,3.755220913228876
FIHYPYHBRMWLCS-UHFFFAOYSA-N__MDQSVGXKDSAJTF-UHFFFAOYSA-N,-1.4363038604287452
MDQSVGXKDSAJTF-UHFFFAOYSA-N__FIHYPYHBRMWLCS-UHFFFAOYSA-N,-0.8429142189111446
NDXAHDMXXKYSPF-KPKJPENVSA-N__IVHWLDUPIGKPFU-UHFFFAOYSA-N,6.495357081407448
IVHWLDUPIGKPFU-UHFFFAOYSA-N__NDXAHDMXXKYSPF-KPKJPENVSA-N,2.397599157309992
VZZBEUSMLOUCIZ-UHFFFAOYSA-N__HPYCYNYCVWJIEF-UHFFFAOYSA-N,1.5531681607399506
FAKGDLMDHHPTPN-UHFFFAOYSA-N__RBGAZDOMTHLRAI-UHFFFAOYSA-N,-0.5030209140958302
RBGAZDOMTHLRAI-UHFFFAOYSA-N__FAKGDLMDHHPTPN-UHFFFAOYSA-N,16.427569054301006
ZVJPLSZMDVKMFK-UHFFFAOYSA-N__SRVDCEHWGJPHKS-UHFFFAOYSA-N,-3.905934849241391
SRVDCEHWGJPHKS-UHFFFAOYSA-N__ZVJPLSZMDVKMFK-UHFFFAOYSA-N,9.59924561733104
MEMKUPMTILFZQJ-UHFFFAOYSA-N__RKGRKVOYHNAUAY-YFKPBYRVSA-N,-1.2865549914640946
RKGRKVOYHNAUAY-YFKPBYRVSA-N__MEMKUPMTILFZQJ-UHFFFAOYSA-N,-2.530989603642982
HYUMUHIQLQAKRK-UHFFFAOYSA-N__MMUKRZDNDLHEMQ-UHFFFAOYSA-N,13.11043424345135
MTTZIQQPMQSCQZ-UHFFFAOYSA-N__OHTOIZUKXXRNDL-UHFFFAOYSA-N,10.198857605739091
OHTOIZUKXXRNDL-UHFFFAOYSA-N__MTTZIQQPMQSCQZ-UHFFFAOYSA-N,2.502695285450641
BENGWFNHUIVIBV-UHFFFAOYSA-N__XJLFZCPWZKEFBD-UHFFFAOYSA-N,5.065947702595465
XJLFZCPWZKEFBD-UHFFFAOYSA-N__BENGWFNHUIVIBV-UHFFFAOYSA-N,4.455962053287477
GIJFSRJVNQQUOP-UHFFFAOYSA-N__CXSHQLTXKZMASE-UHFFFAOYSA-N,6.157206046710969
SDOIZPXRYHNTQC-UHFFFAOYSA-N__GTMMQCIWVPXIAR-WWGUJXLXSA-N,-0.0788209221058911
GTMMQCIWVPXIAR-WWGUJXLXSA-N__SDOIZPXRYHNTQC-UHFFFAOYSA-N,0.0563456458982458
OFAXAKAOXKMQOJ-UHFFFAOYSA-N__UKOCRARRKGSVNO-UHFFFAOYSA-N,-4.243791423308756
UKOCRARRKGSVNO-UHFFFAOYSA-N__OFAXAKAOXKMQOJ-UHFFFAOYSA-N,-2.168609104275137
LXBYSLXINCYUQH-UHFFFAOYSA-N__QFOLBVPYZWNUTF-UHFFFAOYSA-N,4.967255829467008
KRLLKTREBWSSSM-UHFFFAOYSA-N__XPXGIRGJCBTTRY-UHFFFAOYSA-N,6.037110905859082
QFOLBVPYZWNUTF-UHFFFAOYSA-N__LXBYSLXINCYUQH-UHFFFAOYSA-N,9.901205489201232
XPXGIRGJCBTTRY-UHFFFAOYSA-N__KRLLKTREBWSSSM-UHFFFAOYSA-N,7.31080079297764
MZZRKEIUNOYYDF-UHFFFAOYSA-N__ZAWRIYJHEDVUBZ-UHFFFAOYSA-N,-0.0914414002200411
RXSRMJVVWPGCQG-UHFFFAOYSA-N__CLEYSWITELIDIG-UHFFFAOYSA-N,5.468786839233753
BXBWUXNGBQZUCM-UHFFFAOYSA-N__SZSNZQKQLRFNIC-JEZHCXPESA-N,5.682250913075412
BXDMHZRXVAMVQJ-UHFFFAOYSA-N__VNCRYKYBEBGJKL-UHFFFAOYSA-N,2.96814553158496
SZSNZQKQLRFNIC-JEZHCXPESA-N__BXBWUXNGBQZUCM-UHFFFAOYSA-N,8.641998325776395
VNCRYKYBEBGJKL-UHFFFAOYSA-N__BXDMHZRXVAMVQJ-UHFFFAOYSA-N,5.539364094260649
VVNNDHKDXIKNBT-UHFFFAOYSA-N__UPEHNLZALMEUCS-OWBHPGMISA-N,0.7084484635688352
UPEHNLZALMEUCS-OWBHPGMISA-N__VVNNDHKDXIKNBT-UHFFFAOYSA-N,4.370417609024754
KVDBSBGVFWLUNR-UHFFFAOYSA-N__KCDVHOOOGRUFIY-UHFFFAOYSA-N,0.2323893680999714
KCDVHOOOGRUFIY-UHFFFAOYSA-N__KVDBSBGVFWLUNR-UHFFFAOYSA-N,6.836115158327783
SHCBXOSCPTVIHU-UHFFFAOYSA-N__DYKDZWBYHOHIKL-UHFFFAOYSA-N,8.138003223155568
LXFUQTYSAOZERK-UHFFFAOYSA-N__XFRHQSDKMKCMPH-UHFFFAOYSA-N,7.803764547090766
RTBLMSMAZMCJGS-UHFFFAOYSA-N__ZVQUWPIZVNGUGU-UHFFFAOYSA-N,-0.5833275053860266
ZVQUWPIZVNGUGU-UHFFFAOYSA-N__RTBLMSMAZMCJGS-UHFFFAOYSA-N,3.3005545795193183
SNPTXPCELPEALV-UHFFFAOYSA-N__NEBKEHFBZRTWRV-PKPIPKONSA-N,9.459610797873376
NEBKEHFBZRTWRV-PKPIPKONSA-N__SNPTXPCELPEALV-UHFFFAOYSA-N,4.750265567847405
BQUPWMPYLWDGBF-UHFFFAOYSA-N__JFTIWZWAQSKLNM-UHFFFAOYSA-N,9.181775573373828
JFTIWZWAQSKLNM-UHFFFAOYSA-N__BQUPWMPYLWDGBF-UHFFFAOYSA-N,9.251877326853656
XPXNETJXRJNFJP-UHFFFAOYSA-N__LDKZZINDDAODSP-UHFFFAOYSA-N,0.719249941650004
LDKZZINDDAODSP-UHFFFAOYSA-N__XPXNETJXRJNFJP-UHFFFAOYSA-N,-1.2062772633069336
GTXCQAOXZCNYGZ-UHFFFAOYSA-N__GDPVGSOBUOFHQM-ZETCQYMHSA-N,14.438701979767869
RYGIHSLRMNXWCN-UHFFFAOYSA-N__UVPKLUFXYWEITO-UHFFFAOYSA-N,1.4178540666830783
UVPKLUFXYWEITO-UHFFFAOYSA-N__RYGIHSLRMNXWCN-UHFFFAOYSA-N,4.4077642923951
XHCKZJRQCAXBIZ-UHFFFAOYSA-N__LIAZFQZCULQODY-UHFFFAOYSA-N,6.928598657133527
BWJLTEHOCNBTTO-UHFFFAOYSA-N__YIIKOEHTSOOMMV-UHFFFAOYSA-N,8.558134108430842
YIIKOEHTSOOMMV-UHFFFAOYSA-N__BWJLTEHOCNBTTO-UHFFFAOYSA-N,4.991268308208492
LIAZFQZCULQODY-UHFFFAOYSA-N__XHCKZJRQCAXBIZ-UHFFFAOYSA-N,0.929345278705468
DLELVZMSYJBVEO-RQJHMYQMSA-N__IEPAGAQTUCUSCM-UHFFFAOYSA-N,3.6670584670941913
YNGPONXCWLIAGG-UHFFFAOYSA-N__ZBPCMPPQENYMGB-UHFFFAOYSA-N,-6.215091787177791
ZBPCMPPQENYMGB-UHFFFAOYSA-N__YNGPONXCWLIAGG-UHFFFAOYSA-N,-5.734688132792974
PDEYGHWYRZTJTO-UHFFFAOYSA-N__DNFACZBIVPAKRD-UHFFFAOYSA-N,2.337492457654037
DNFACZBIVPAKRD-UHFFFAOYSA-N__PDEYGHWYRZTJTO-UHFFFAOYSA-N,-3.850727876441893
OXVJPSCTCANJJC-VQTJNVASSA-N__PEZYOGUZIWNADN-UHFFFAOYSA-N,-2.41117359775489
JTCDNBKTOGJFBY-UHFFFAOYSA-N__YKTDGWQFTMIKSR-UHFFFAOYSA-N,2.593812442270165
PEZYOGUZIWNADN-UHFFFAOYSA-N__OXVJPSCTCANJJC-VQTJNVASSA-N,5.4408722950901245
YKTDGWQFTMIKSR-UHFFFAOYSA-N__JTCDNBKTOGJFBY-UHFFFAOYSA-N,10.261516127440508
NFZSRVXWQFKKHZ-HJWRWDBZSA-N__UQGRBLVDXGXUEM-UHFFFAOYSA-N,0.738881682826526
MXYKXSMSECVABY-UHFFFAOYSA-N__XCRBJMONOWNUON-UHFFFAOYSA-N,8.169569750205797
UQGRBLVDXGXUEM-UHFFFAOYSA-N__NFZSRVXWQFKKHZ-HJWRWDBZSA-N,-0.5979424118106206
HBVUVNJNOBZKOK-AAFJCEBUSA-N__HZRMANVDGXDIFT-UHFFFAOYSA-N,8.203068240926308
HZRMANVDGXDIFT-UHFFFAOYSA-N__HBVUVNJNOBZKOK-AAFJCEBUSA-N,6.25771393716508
DMSBVGYTTCTMBY-UHFFFAOYSA-N__XQSJHQXYQAUDFC-UHFFFAOYSA-N,-3.512251542875992
XQSJHQXYQAUDFC-UHFFFAOYSA-N__DMSBVGYTTCTMBY-UHFFFAOYSA-N,-1.7415958498429505
MLJOIBHBZJHYQG-UHFFFAOYSA-N__NGDQDPFEZDTRRH-UHFFFAOYSA-N,0.4693206019903442
NGDQDPFEZDTRRH-UHFFFAOYSA-N__MLJOIBHBZJHYQG-UHFFFAOYSA-N,-3.4046518401389245
HYBMTPXZRQSCLD-UHFFFAOYSA-N__AGOWJQAKBIXWTM-UHFFFAOYSA-N,4.549146010625434
AGOWJQAKBIXWTM-UHFFFAOYSA-N__HYBMTPXZRQSCLD-UHFFFAOYSA-N,2.826806987704328
JRNHTVSDVAZTAJ-UHFFFAOYSA-N__DOSMJSOZBYDSFK-UHFFFAOYSA-N,1.6687439174317875
DOSMJSOZBYDSFK-UHFFFAOYSA-N__JRNHTVSDVAZTAJ-UHFFFAOYSA-N,-3.965642837617695
HBMIHVPHSSOJFF-UHFFFAOYSA-N__NRCMMOIUNHUKHE-UHFFFAOYSA-N,7.724258192420457
UXPVGJOKPUABJV-UHFFFAOYSA-N__MZJJQLLHZKRTFM-UHFFFAOYSA-N,3.857114389303588
ASZYNGTXGXSYAV-UHFFFAOYSA-N__WPJXCNIZOFMHNC-UHFFFAOYSA-N,-2.8947548829223515
QCXGENUZHXAOLR-UHFFFAOYSA-N__JYNWHXGBNZRXGV-MRXNPFEDSA-N,4.207481733999691
WPJXCNIZOFMHNC-UHFFFAOYSA-N__ASZYNGTXGXSYAV-UHFFFAOYSA-N,-1.9252257548336733
ZWJNGECYMYISMU-UHFFFAOYSA-N__OWGSQUGHLDRHQI-UHFFFAOYSA-N,5.92241396888923
UDAAHZWBGFPBQW-UHFFFAOYSA-N__NKXAEKBJSOEMGC-UHFFFAOYSA-N,3.668942667354398
RRGJHEGMUBTOLZ-UHFFFAOYSA-N__ZTWUTTRSOURADI-UHFFFAOYSA-N,1.2807688301715312
FYUCVJUQEKAHAR-UHFFFAOYSA-N__PLIOSOQGZBNFBL-UHFFFAOYSA-N,-3.4441125631989675
GBJCTKRNBRQDFQ-UHFFFAOYSA-N__VPMMJRJHOCKSON-UHFFFAOYSA-N,-5.563389226929303
KOIORDYFLJGKAE-SOFGYWHQSA-N__UBNLITMVNSIRRT-UHFFFAOYSA-N,-4.019686944144853
UBNLITMVNSIRRT-UHFFFAOYSA-N__KOIORDYFLJGKAE-SOFGYWHQSA-N,0.3443647225328775
BMUMJEKBMVREKT-UHFFFAOYSA-N__BOLAQGFMRUSXJJ-QMMMGPOBSA-N,-5.761864935204853
BOLAQGFMRUSXJJ-QMMMGPOBSA-N__BMUMJEKBMVREKT-UHFFFAOYSA-N,9.161502627953366
FDZIXWYYUKSIOC-UHFFFAOYSA-N__KIYLMYLOAMDLFD-UHFFFAOYSA-N,0.1098789325845109
USQFKDBJAAGGCZ-UHFFFAOYSA-N__XHFSROJWPHEWKO-UHFFFAOYSA-N,-0.2969995821437713
GCCVPGADHWWBDY-UHFFFAOYSA-N__YTBSYETUWUMLBZ-WUCPZUCCSA-N,-2.0765809893296985
YTBSYETUWUMLBZ-WUCPZUCCSA-N__GCCVPGADHWWBDY-UHFFFAOYSA-N,-4.537881870193222
GTLCBDAMZCSWAI-UHFFFAOYSA-N__MIUDSQDUKCHNKN-UHFFFAOYSA-N,-1.0142622797345011
MIUDSQDUKCHNKN-UHFFFAOYSA-N__GTLCBDAMZCSWAI-UHFFFAOYSA-N,-5.014583516725726
XHFSROJWPHEWKO-UHFFFAOYSA-N__USQFKDBJAAGGCZ-UHFFFAOYSA-N,0.056567165814355
GKODJSLZADZPLY-UHFFFAOYSA-N__YFFOJAFHMGLTLQ-UHFFFAOYSA-N,1.1774382718665606
YFFOJAFHMGLTLQ-UHFFFAOYSA-N__GKODJSLZADZPLY-UHFFFAOYSA-N,0.3271436179028532
HHAJMUQXFYXTKL-UHFFFAOYSA-N__JXFMNTJFSJKUJY-UHFFFAOYSA-N,-2.6448088318619374
JXFMNTJFSJKUJY-UHFFFAOYSA-N__HHAJMUQXFYXTKL-UHFFFAOYSA-N,0.2151008081989851
NPWYTMFWRRIFLK-LURJTMIESA-N__WYLSPYRVNRRTET-UHFFFAOYSA-N,1.1746936309545282
WYLSPYRVNRRTET-UHFFFAOYSA-N__NPWYTMFWRRIFLK-LURJTMIESA-N,1.1579316418505878
GEFAUMVNHFOXOO-UHFFFAOYSA-N__VOWCVLIQBCKCNL-DTWKUNHWSA-N,-3.009121935030008
GPXVPXFMOBKAIJ-UHFFFAOYSA-N__KLNBBYAWNJHBAN-DTIOYNMSSA-N,3.822026101594972
KLNBBYAWNJHBAN-DTIOYNMSSA-N__GPXVPXFMOBKAIJ-UHFFFAOYSA-N,2.392649702066404
ILTWOCBHSHJASA-UHFFFAOYSA-N__XPIINGMCHXZNGI-UHFFFAOYSA-N,11.207238077225046
XPIINGMCHXZNGI-UHFFFAOYSA-N__ILTWOCBHSHJASA-UHFFFAOYSA-N,7.835075400692184
HOVSGEDRYGNHHA-LJISPDSOSA-N__OLGHQDDETAGVIB-UHFFFAOYSA-N,-3.526858841292383
OLGHQDDETAGVIB-UHFFFAOYSA-N__HOVSGEDRYGNHHA-LJISPDSOSA-N,-0.2651399106794538
VMFWTLMYIONNQN-UHFFFAOYSA-N__NFUCLWJPHDYMOE-UHFFFAOYSA-N,2.085690009289136
JZJLGNOLVZIWOG-UHFFFAOYSA-N__ZQIGNMCFRMSLNZ-UHFFFAOYSA-N,3.318608589939545
ZQIGNMCFRMSLNZ-UHFFFAOYSA-N__JZJLGNOLVZIWOG-UHFFFAOYSA-N,8.41361325924239
KZCXDHIMKJNHGQ-UHFFFAOYSA-N__FZJUFJKVIYFBSY-UHFFFAOYSA-N,2.737617385413103
FZJUFJKVIYFBSY-UHFFFAOYSA-N__KZCXDHIMKJNHGQ-UHFFFAOYSA-N,5.170188022233763
YODACZGRYZDQSY-UHFFFAOYSA-N__CWBVKURYWWSLIY-UHFFFAOYSA-N,0.8241460541884885
TWFBLQKKVCQCAZ-ZDUSSCGKSA-N__FBJNVOLNHJKYKC-UHFFFAOYSA-N,8.084348155404106
FBJNVOLNHJKYKC-UHFFFAOYSA-N__TWFBLQKKVCQCAZ-ZDUSSCGKSA-N,-1.7898114469827162
DXQLRXVWGGQHNN-UHFFFAOYSA-N__JTHNDMKUBJWIJX-UHFFFAOYSA-N,2.6293592531367644
JTHNDMKUBJWIJX-UHFFFAOYSA-N__DXQLRXVWGGQHNN-UHFFFAOYSA-N,1.3223453103143554
BAAKOGJQSFJNGW-UHFFFAOYSA-N__KPYOTLIUWVPNDG-UHFFFAOYSA-N,4.384658292903119
KPYOTLIUWVPNDG-UHFFFAOYSA-N__BAAKOGJQSFJNGW-UHFFFAOYSA-N,5.268961091275986
ULVWZKYKHZXPIV-UHFFFAOYSA-N__GGBLJLQCUNRNOC-UHFFFAOYSA-N,7.176478690341906
GGBLJLQCUNRNOC-UHFFFAOYSA-N__ULVWZKYKHZXPIV-UHFFFAOYSA-N,1.5071522114845737
SZWXVFDHMICTTE-UHFFFAOYSA-N__FPJQQOGGORNYLH-UHFFFAOYSA-N,0.1409067075708305
FPJQQOGGORNYLH-UHFFFAOYSA-N__SZWXVFDHMICTTE-UHFFFAOYSA-N,-0.9873172361075134
PCWCAZUSDSARJS-UHFFFAOYSA-N__XNMCGZICZYWOEQ-UHFFFAOYSA-N,1.801442448145804
XNMCGZICZYWOEQ-UHFFFAOYSA-N__PCWCAZUSDSARJS-UHFFFAOYSA-N,2.485154077683253
OZXJSLUALGCKNI-UHFFFAOYSA-N__BSBYECHMVHTACX-UHFFFAOYSA-N,2.371464435720263
BSBYECHMVHTACX-UHFFFAOYSA-N__OZXJSLUALGCKNI-UHFFFAOYSA-N,6.677067801713318
HSUUWGDAVKSOLQ-UHFFFAOYSA-N__OGUVVSQRIDKVOG-UHFFFAOYSA-N,3.6124705395414782
OGUVVSQRIDKVOG-UHFFFAOYSA-N__HSUUWGDAVKSOLQ-UHFFFAOYSA-N,5.639637878644072
VHTNHVIFYVNAMA-UHFFFAOYSA-N__NXWHHNCPYCRSQO-UHFFFAOYSA-N,-5.435116312788924
FHFPOEPBNCNAFJ-UHFFFAOYSA-N__IEIVCCVSMYLGOC-UHFFFAOYSA-N,6.753688267835867
ACAFJYYFMVTUBU-UHFFFAOYSA-N__UOIRZMZCVZZNJE-UHFFFAOYSA-N,-0.9437676098167744
UOIRZMZCVZZNJE-UHFFFAOYSA-N__ACAFJYYFMVTUBU-UHFFFAOYSA-N,-1.1260514267666162
RQAIJVMZNRSQTR-KAAOTHNJSA-N__IUCJKOOWTPJBPE-UHFFFAOYSA-N,6.869625695305025
IPJKYMWBRHRJNB-UHFFFAOYSA-N__UQBIZSWRTZEBHC-UHFFFAOYSA-N,-0.39239680277231
UQBIZSWRTZEBHC-UHFFFAOYSA-N__IPJKYMWBRHRJNB-UHFFFAOYSA-N,2.134189491537814
BZDYLZIKIAWZRD-UHFFFAOYSA-N__LVUSJVVUBYQIPE-MXWKQRLJSA-N,1.1256533268670623
LVUSJVVUBYQIPE-MXWKQRLJSA-N__BZDYLZIKIAWZRD-UHFFFAOYSA-N,-0.841077353595571
HPISQTMIHHNIKY-UHFFFAOYSA-N__RGDIXYRCPLMSGT-UHFFFAOYSA-N,-4.501955303041463
RGDIXYRCPLMSGT-UHFFFAOYSA-N__HPISQTMIHHNIKY-UHFFFAOYSA-N,3.3699094699329404
HJZGCKUGAOPNON-UHFFFAOYSA-N__WBDXJVQSWFZVTL-UHFFFAOYSA-N,7.723098790326188
WBDXJVQSWFZVTL-UHFFFAOYSA-N__HJZGCKUGAOPNON-UHFFFAOYSA-N,9.608750928303952
QCBPUTVLXZMOPT-UHFFFAOYSA-N__CBEQAVICBVOCLE-UHFFFAOYSA-N,-0.8227683057187811
IXBNDVAMEFMSDY-UHFFFAOYSA-N__QODJEEILDLOCFG-UHFFFAOYSA-N,9.038229775990482
QODJEEILDLOCFG-UHFFFAOYSA-N__IXBNDVAMEFMSDY-UHFFFAOYSA-N,4.6131604661554935
CBEQAVICBVOCLE-UHFFFAOYSA-N__QCBPUTVLXZMOPT-UHFFFAOYSA-N,5.246329367253593
FZKYQHUDJFGKBA-UHFFFAOYSA-N__XXIJDTJABBVUKE-MRXNPFEDSA-N,3.3513195099523845
XXIJDTJABBVUKE-MRXNPFEDSA-N__FZKYQHUDJFGKBA-UHFFFAOYSA-N,5.167322867247257
OUFNHNWORHRYJY-UHFFFAOYSA-N__GZKXVSXJUJLBAN-UHFFFAOYSA-N,4.957720820688118
AUKHDGOPGWRYDT-UHFFFAOYSA-N__YUGHJPKTJURWKD-UHFFFAOYSA-N,3.21249293120009
YUGHJPKTJURWKD-UHFFFAOYSA-N__AUKHDGOPGWRYDT-UHFFFAOYSA-N,-1.3706149352629813
UAPJOIRTRCINAO-UHFFFAOYSA-N__CUPNRUUOUWYWQY-UHFFFAOYSA-N,-1.565692978700295
RCTXWVNOIQBOCN-UHFFFAOYSA-N__ZQZOXFHLCWXFKL-UHFFFAOYSA-N,8.5600826101824
ZQZOXFHLCWXFKL-UHFFFAOYSA-N__RCTXWVNOIQBOCN-UHFFFAOYSA-N,6.018914144678436
UVRWUYAKBXOLRF-UHFFFAOYSA-N__PILDWRGFGKVUSE-UHFFFAOYSA-N,6.219079887099884
LXWSIOALASMHLT-UHFFFAOYSA-N__WBKJHMOITIGENR-UHFFFAOYSA-N,5.0772170227796725
WBKJHMOITIGENR-UHFFFAOYSA-N__LXWSIOALASMHLT-UHFFFAOYSA-N,6.166838332840325
AFEYTKKXULHDFG-UHFFFAOYSA-N__BUZFLVZFWAYVAY-UHFFFAOYSA-N,2.003633625408044
BUZFLVZFWAYVAY-UHFFFAOYSA-N__AFEYTKKXULHDFG-UHFFFAOYSA-N,0.2547274828596513
SSAUWSYFVHLJPT-UHFFFAOYSA-N__OCYVUGXMTYHCPE-UHFFFAOYSA-N,-1.649209737109175
OXFIWBCFEMDNNG-UHFFFAOYSA-N__ZLTDAKKCQDPYQE-UHFFFAOYSA-N,3.5369303083540604
OCYVUGXMTYHCPE-UHFFFAOYSA-N__SSAUWSYFVHLJPT-UHFFFAOYSA-N,-0.1660363912662815
JNDPFLNTNXQVDG-UHFFFAOYSA-N__QWAZGYJKQISUIQ-UHFFFAOYSA-N,5.937454994898704
ZLTDAKKCQDPYQE-UHFFFAOYSA-N__OXFIWBCFEMDNNG-UHFFFAOYSA-N,7.101517328310923
GIKMDTQXLBTVRZ-UHFFFAOYSA-N__OYWGNLFOAPCONH-NSCUHMNNSA-N,-0.0917462474621818
KRDZXNQOTDTNPW-UHFFFAOYSA-N__NCSJTJSAHRRRGH-UHFFFAOYSA-N,-0.7064497391182819
OYWGNLFOAPCONH-NSCUHMNNSA-N__GIKMDTQXLBTVRZ-UHFFFAOYSA-N,0.9837509819594756
KMKLIOBALJRXLE-UHFFFAOYSA-N__MJRWVWFGCVLPOV-UHFFFAOYSA-N,4.862074662635435
MJRWVWFGCVLPOV-UHFFFAOYSA-N__KMKLIOBALJRXLE-UHFFFAOYSA-N,7.081318744045598
BYFWOPSMQJVPFA-BQBZGAKWSA-N__VCKOZKXGFCFEIO-UHFFFAOYSA-N,9.183435907502222
WGZBTYGSTIEWKO-UHFFFAOYSA-N__FLODKRMDKAKSBC-UHFFFAOYSA-N,6.11479706884027
DVWKNTOIBIVPPA-UHFFFAOYSA-N__ARUZEIQPHOEGQT-XGEHTFHBSA-N,-0.2529844098139812
IFJQHCCVOLEZCL-UHFFFAOYSA-N__RBBORUMCMBPLNQ-UHFFFAOYSA-N,-1.073757089074278
RBBORUMCMBPLNQ-UHFFFAOYSA-N__IFJQHCCVOLEZCL-UHFFFAOYSA-N,8.896745263364208
GRQVNFQNFGKMGG-UHFFFAOYSA-N__KRPPMCLNKLVLDQ-UHFFFAOYSA-N,1.5389637354109116
KRPPMCLNKLVLDQ-UHFFFAOYSA-N__GRQVNFQNFGKMGG-UHFFFAOYSA-N,0.4251047161790667
IXPSNVSWFAOJGK-UHFFFAOYSA-N__CAHATEPMCVYRBO-UHFFFAOYSA-N,6.481834790899967
MREREEWFAZGGMT-UHFFFAOYSA-N__SZALHDIYJICFPT-UHFFFAOYSA-N,-0.3196102136955454
LWUYCVXVDFDDJK-UHFFFAOYSA-N__UOACPQYTSHKOPJ-UHFFFAOYSA-N,-0.3097207504933092
SZALHDIYJICFPT-UHFFFAOYSA-N__MREREEWFAZGGMT-UHFFFAOYSA-N,1.849796005665354
UOACPQYTSHKOPJ-UHFFFAOYSA-N__LWUYCVXVDFDDJK-UHFFFAOYSA-N,1.1002097666943995
DYHMQGGUZKKIFB-UHFFFAOYSA-N__NYFQNRNQUYRAMG-QTBDOELSSA-N,1.5883989974606885
RCAIKBROZJZGKH-UHFFFAOYSA-N__NYKXUKZHOHNMBL-UHFFFAOYSA-N,7.3867878034034
NYKXUKZHOHNMBL-UHFFFAOYSA-N__RCAIKBROZJZGKH-UHFFFAOYSA-N,4.841556462481995
NYFQNRNQUYRAMG-QTBDOELSSA-N__DYHMQGGUZKKIFB-UHFFFAOYSA-N,7.0074075688664905
MVAJQLJEDZRZQD-UHFFFAOYSA-N__VDHDGOFTBZBPRW-UHFFFAOYSA-N,5.594069365771464
GRLCKFUMUWOGMC-UHFFFAOYSA-N__UWXXPUIVQMSRLR-UHFFFAOYSA-N,4.617094984569062
UWXXPUIVQMSRLR-UHFFFAOYSA-N__GRLCKFUMUWOGMC-UHFFFAOYSA-N,6.746849032793141
KDWIZMSEEBUMQX-UHFFFAOYSA-N__NWCACSGIBNTRRQ-UHFFFAOYSA-N,9.65646708611871
NWCACSGIBNTRRQ-UHFFFAOYSA-N__KDWIZMSEEBUMQX-UHFFFAOYSA-N,-2.524149590356912
ZZLQYMXAPWSKCA-UHFFFAOYSA-N__ZOJXGAYBSRXBHI-UHFFFAOYSA-N,4.264720179963674
ZOJXGAYBSRXBHI-UHFFFAOYSA-N__ZZLQYMXAPWSKCA-UHFFFAOYSA-N,3.91277535134618
GVKHAZRXPBAGGZ-UHFFFAOYSA-N__VODOVXMUZZNASY-GFCCVEGCSA-N,2.611823713726072
VODOVXMUZZNASY-GFCCVEGCSA-N__GVKHAZRXPBAGGZ-UHFFFAOYSA-N,3.999203417161525
AUABNXZOGNPUSY-FBKFWFMHSA-N__AIZFMIFFMABWFC-UHFFFAOYSA-N,6.735986369974996
AIZFMIFFMABWFC-UHFFFAOYSA-N__AUABNXZOGNPUSY-FBKFWFMHSA-N,5.293506335300524
BRZYBFNUINXZMJ-UHFFFAOYSA-N__ZGEVYFZOCIYPQW-UHFFFAOYSA-N,0.1740203775389285
ZGEVYFZOCIYPQW-UHFFFAOYSA-N__BRZYBFNUINXZMJ-UHFFFAOYSA-N,7.096013826798856
BZQBMSOCJKXGFV-UHFFFAOYSA-N__KJNCMXGDKQJZAE-UHFFFAOYSA-N,-0.9227159942984698
KJNCMXGDKQJZAE-UHFFFAOYSA-N__BZQBMSOCJKXGFV-UHFFFAOYSA-N,3.3468883365971367
KNUFDGQMEJNSCQ-UHFFFAOYSA-N__RDYCDFZRTHFMHL-UHFFFAOYSA-N,3.124922433047475
RDYCDFZRTHFMHL-UHFFFAOYSA-N__KNUFDGQMEJNSCQ-UHFFFAOYSA-N,2.359771627881848
XUVYCJKNYZRMJV-UHFFFAOYSA-N__BLYCWAPHQKNBAO-UHFFFAOYSA-N,6.529736648249133
VYAIHAZZJKRTRR-UHFFFAOYSA-N__UTPICJBPMBWWDG-UHFFFAOYSA-N,-0.8597833850503587
UTPICJBPMBWWDG-UHFFFAOYSA-N__VYAIHAZZJKRTRR-UHFFFAOYSA-N,-0.0142551386302421
VOYXMTVTDCEXRC-UHFFFAOYSA-N__ZEYRZFMMTKYHNT-UHFFFAOYSA-N,1.1333000838690146
LFVWZKNAIOFOQP-UHFFFAOYSA-N__MIIRMTCUUGENPA-UHFFFAOYSA-N,2.765462155036423
AVEAMSLEBKJBRP-UHFFFAOYSA-N__QYAIOHJVHHLPKO-UHFFFAOYSA-N,1.3487897830281113
NJRSTUGHBPTBSB-UHFFFAOYSA-N__OPRKGQFRLORGCA-UHFFFAOYSA-N,-0.8796791098792578
OPRKGQFRLORGCA-UHFFFAOYSA-N__NJRSTUGHBPTBSB-UHFFFAOYSA-N,0.854807670211261
FSIXVOFJZUPRKK-UHFFFAOYSA-N__OPWBMSWNRUZUGO-UHFFFAOYSA-N,4.864058295842487
OPWBMSWNRUZUGO-UHFFFAOYSA-N__FSIXVOFJZUPRKK-UHFFFAOYSA-N,-1.84966770830136
DBUFKIFRFXFAME-UHFFFAOYSA-N__WCFXGTPKEKUPQA-UHFFFAOYSA-N,-2.8722793911265323
WCFXGTPKEKUPQA-UHFFFAOYSA-N__DBUFKIFRFXFAME-UHFFFAOYSA-N,1.7301737389955962
ACZJGYFKGHTPQP-UHFFFAOYSA-N__DPBLBJRALIPQSA-UHFFFAOYSA-N,9.090679981221523
YEBVXYOFWKIFLE-UHFFFAOYSA-N__KPQJZEHGYDBZIX-UHFFFAOYSA-N,1.142084685788673
GINXWWZDLFJDPX-UHFFFAOYSA-N__MSUXOWPAVUXNMZ-UHFFFAOYSA-N,2.036816811433197
FPNHXROSIFLGEJ-UHFFFAOYSA-N__RLKNVBMQNMCUEW-CRCLSJGQSA-N,1.0073905284734936
MSUXOWPAVUXNMZ-UHFFFAOYSA-N__GINXWWZDLFJDPX-UHFFFAOYSA-N,1.5060313948579809
RLKNVBMQNMCUEW-CRCLSJGQSA-N__FPNHXROSIFLGEJ-UHFFFAOYSA-N,3.208085451213422
GDTKJQURRQJKTP-UHFFFAOYSA-N__JLPLTLHDEONRFZ-UHFFFAOYSA-N,1.2773661261202476
UTNXWIHTVYEWRR-UHFFFAOYSA-N__WUBSPNMGIAEUEC-UHFFFAOYSA-N,-1.9610339921145048
BUJMHDRRDLRBDT-UHFFFAOYSA-N__OHLHBRQPXLSEQZ-UHFFFAOYSA-N,10.607842111306011
OHLHBRQPXLSEQZ-UHFFFAOYSA-N__BUJMHDRRDLRBDT-UHFFFAOYSA-N,3.23699935397968
HNDMGQBOIPTJLH-UHFFFAOYSA-N__IWHFIMFUADMXPH-UHFFFAOYSA-N,4.2412648628182525
IWHFIMFUADMXPH-UHFFFAOYSA-N__HNDMGQBOIPTJLH-UHFFFAOYSA-N,3.5011178773054
OPKNXNXTKSSVEB-UHFFFAOYSA-N__ZXTIZPQCGHYQHG-UHFFFAOYSA-N,-3.8685772473145312
KNIHOEJSSLNCDA-UHFFFAOYSA-N__GRLCKFUMUWOGMC-UHFFFAOYSA-N,9.646073612294645
BNTIFSQQMIIXDP-UHFFFAOYSA-N__CEXQSRIBDIYEEE-UHFFFAOYSA-N,2.3051293280928418
CEXQSRIBDIYEEE-UHFFFAOYSA-N__BNTIFSQQMIIXDP-UHFFFAOYSA-N,6.7232404276051065
WEIIPELDUVTMKJ-UHFFFAOYSA-N__YMXXFWFSWLEARD-UHFFFAOYSA-N,13.176135469056725
YMXXFWFSWLEARD-UHFFFAOYSA-N__WEIIPELDUVTMKJ-UHFFFAOYSA-N,3.715360232515595
XODSPNNUSPVJKL-UHFFFAOYSA-N__FYSGECZAJBBUMH-BDAKNGLRSA-N,-5.7035549968984265
FYSGECZAJBBUMH-BDAKNGLRSA-N__XODSPNNUSPVJKL-UHFFFAOYSA-N,4.377019400482124
JVNTUXDZRKIFOH-UHFFFAOYSA-N__UVPBEIABGJBZMP-UHFFFAOYSA-N,1.3617309445556691
UVPBEIABGJBZMP-UHFFFAOYSA-N__JVNTUXDZRKIFOH-UHFFFAOYSA-N,5.0609470149126405
CPUNRVUSFQJUAR-UHFFFAOYSA-N__FIQPDSYJSKBHQR-UHFFFAOYSA-N,3.4583124486205943
FIQPDSYJSKBHQR-UHFFFAOYSA-N__CPUNRVUSFQJUAR-UHFFFAOYSA-N,-3.0980533019972056
PTYBALFKQATTKL-UHFFFAOYSA-N__DUKBPYWGRKKAOJ-UHFFFAOYSA-N,0.5572451675848199
DUKBPYWGRKKAOJ-UHFFFAOYSA-N__PTYBALFKQATTKL-UHFFFAOYSA-N,4.5676535181884175
UZQMAMCHUIJQHO-CHLNEBTRSA-N__FXGHBXCMAPMILT-UHFFFAOYSA-N,-4.007573036458903
FXGHBXCMAPMILT-UHFFFAOYSA-N__UZQMAMCHUIJQHO-CHLNEBTRSA-N,-7.25121366510075
UWEVEBBQGQTGDZ-UHFFFAOYSA-N__YGYILJKUAHXCDN-UHFFFAOYSA-N,4.902089131909736
SBLSDDHQPOFAMG-UHFFFAOYSA-N__WSFPDUBAWNVCJY-NETXQHHPSA-N,-1.0065952490261494
WSFPDUBAWNVCJY-NETXQHHPSA-N__SBLSDDHQPOFAMG-UHFFFAOYSA-N,-0.5555083824799906
LXXAKIHMGMBKAQ-UHFFFAOYSA-N__AAXLLCNOEKOEMA-UHFFFAOYSA-N,-0.878513891969407
AJJJBAUASFSALR-UHFFFAOYSA-N__VNUOVMAXQXJRSC-UHFFFAOYSA-N,3.81584026172956
VNUOVMAXQXJRSC-UHFFFAOYSA-N__AJJJBAUASFSALR-UHFFFAOYSA-N,-2.389697804657419
JTHNDMKUBJWIJX-UHFFFAOYSA-N__IMMLJUWFFDILCV-UHFFFAOYSA-N,0.3727328835270581
IMMLJUWFFDILCV-UHFFFAOYSA-N__JTHNDMKUBJWIJX-UHFFFAOYSA-N,3.0144351213376326
FXXJAPHHJGRRLW-UHFFFAOYSA-N__XATHYGQIZDQYPF-UHFFFAOYSA-N,-0.6393251497388478
UPTTYQFMTHUZMS-UHFFFAOYSA-N__OJISGJCHCBJRPI-UHFFFAOYSA-N,-1.050797733164579
NHBUIAUWPMLGIQ-UHFFFAOYSA-N__DERVDFHIQMEGGF-UHFFFAOYSA-N,3.42058480393278
ZMBXUOZUPWBJGC-UHFFFAOYSA-N__RTFQSIWFJLTTAB-UHFFFAOYSA-N,7.280058568879141
RTFQSIWFJLTTAB-UHFFFAOYSA-N__ZMBXUOZUPWBJGC-UHFFFAOYSA-N,6.799439293005015
OIZATTUSGPRQIW-AJZOCDQUSA-N__RWKPNZFRQJSAPU-JSGCOSHPSA-N,6.09736047591191
RWKPNZFRQJSAPU-JSGCOSHPSA-N__OIZATTUSGPRQIW-AJZOCDQUSA-N,6.491477129059779
PRDYUGCCINKGMR-UHFFFAOYSA-N__WGYQDJWJSXTDBL-UHFFFAOYSA-N,0.718532056216842
WGYQDJWJSXTDBL-UHFFFAOYSA-N__PRDYUGCCINKGMR-UHFFFAOYSA-N,-0.5394193233245221
QZKLOUGEUPUFDR-UHFFFAOYSA-N__HBBONAOKVLYWBI-UHFFFAOYSA-N,5.886207869554964
HBBONAOKVLYWBI-UHFFFAOYSA-N__QZKLOUGEUPUFDR-UHFFFAOYSA-N,4.591383741502076
OHGNDEPTBVRPGR-UHFFFAOYSA-N__TZGKWMASSWFVIB-UHFFFAOYSA-N,-0.9990108363145072
TZGKWMASSWFVIB-UHFFFAOYSA-N__OHGNDEPTBVRPGR-UHFFFAOYSA-N,3.322736981190459
CKRQZBVTOBNMOI-UDNWOFFPSA-N__VRAAEEYQDHSZHQ-UHFFFAOYSA-N,0.1748305374926902
VRAAEEYQDHSZHQ-UHFFFAOYSA-N__CKRQZBVTOBNMOI-UDNWOFFPSA-N,7.854372852323249
AWLDZDYUUPDVHE-UHFFFAOYSA-N__IMHGDUFHSFYMQC-UHFFFAOYSA-N,-1.2082163416009688
IMHGDUFHSFYMQC-UHFFFAOYSA-N__AWLDZDYUUPDVHE-UHFFFAOYSA-N,-2.192211775509266
MXPDHQTZOWIVPF-UHFFFAOYSA-N__XJWRVNPLEPGDBJ-UHFFFAOYSA-N,9.51282308475525
XJWRVNPLEPGDBJ-UHFFFAOYSA-N__MXPDHQTZOWIVPF-UHFFFAOYSA-N,-4.138585848571493
DOJVDGQTSOCVPH-UHFFFAOYSA-N__MNHZMSRZAXCDQP-UHFFFAOYSA-N,8.355851710333418
MNHZMSRZAXCDQP-UHFFFAOYSA-N__DOJVDGQTSOCVPH-UHFFFAOYSA-N,4.9998857634470895
RPCMAYCVCIIVDP-INIZCTEOSA-N__KFJMDXXUQVQFFC-UHFFFAOYSA-N,11.79753660915848
KFJMDXXUQVQFFC-UHFFFAOYSA-N__RPCMAYCVCIIVDP-INIZCTEOSA-N,15.801181071787315
OXZSBLGNIUNZGX-UHFFFAOYSA-N__UADNQLIJSMHFFD-UHFFFAOYSA-N,0.8994608496309238
YBLJIFVAKZHJLX-UHFFFAOYSA-N__ZMLUUKYUPKOTDI-UHFFFAOYSA-N,0.3061095612636976
UADNQLIJSMHFFD-UHFFFAOYSA-N__OXZSBLGNIUNZGX-UHFFFAOYSA-N,4.5084671117975175
UKIHGPSECKMEDI-UHFFFAOYSA-N__ABWJTLDCTXEGOH-UHFFFAOYSA-N,-0.878979906566739
WCDXMBHOFMOSFF-UHFFFAOYSA-N__IDJUBZJTZMVXSC-UHFFFAOYSA-N,-2.5493245380806835
IDJUBZJTZMVXSC-UHFFFAOYSA-N__WCDXMBHOFMOSFF-UHFFFAOYSA-N,-0.5567657181060711
AAYMEQGQJDLAED-UHFFFAOYSA-N__IMONEPYLBODQNS-UHFFFAOYSA-N,0.2048884015458349
IMONEPYLBODQNS-UHFFFAOYSA-N__AAYMEQGQJDLAED-UHFFFAOYSA-N,2.7251552630191003
SVDJNNCUTXTNBA-UHFFFAOYSA-N__VDERGIBWFSHSKK-UHFFFAOYSA-N,9.91201744064434
SQUQBRLKTFCDJP-UHFFFAOYSA-N__RHOIHWVVFUBFRO-UHFFFAOYSA-N,1.5960797404900358
DJCPTIJHVULQAI-HNHGDDPOSA-N__QAAPSMJJPPCQOS-UHFFFAOYSA-N,1.8294383000636407
LYJKKBWRCRZSII-UHFFFAOYSA-N__RYWCCGUUCQXEFZ-UHFFFAOYSA-N,-3.2936227836703065
QBSKKRMMJPNRDH-UHFFFAOYSA-N__MYWNQQUULOIPMD-UHFFFAOYSA-N,10.564053544190738
QYLWHZQBFIYNTG-UHFFFAOYSA-N__RFSJSWQXPULQGZ-UHFFFAOYSA-N,-1.8532401209802627
RFSJSWQXPULQGZ-UHFFFAOYSA-N__QYLWHZQBFIYNTG-UHFFFAOYSA-N,3.921564900308164
MYWNQQUULOIPMD-UHFFFAOYSA-N__QBSKKRMMJPNRDH-UHFFFAOYSA-N,8.770184204788048
BVDIGSDGSBLRJA-UHFFFAOYSA-N__JHDMZESIPYMAJE-UHFFFAOYSA-N,2.90304081983667
JHDMZESIPYMAJE-UHFFFAOYSA-N__BVDIGSDGSBLRJA-UHFFFAOYSA-N,3.122534957462362
PTGUBAWBZSKPAK-UHFFFAOYSA-N__GQQOQSGLFUBJIF-UHFFFAOYSA-N,0.6742362881029292
GQQOQSGLFUBJIF-UHFFFAOYSA-N__PTGUBAWBZSKPAK-UHFFFAOYSA-N,-3.005056570432369
XRHQYOAAPCRQQW-UHFFFAOYSA-N__QIKCWSXCDBLUCW-UHFFFAOYSA-N,7.048666516450596
QIKCWSXCDBLUCW-UHFFFAOYSA-N__XRHQYOAAPCRQQW-UHFFFAOYSA-N,1.9338410202328984
RXTINKDXQCJTAH-UHFFFAOYSA-N__CNRHEYLEUZSDKM-UHFFFAOYSA-N,5.278662958167386
CNRHEYLEUZSDKM-UHFFFAOYSA-N__RXTINKDXQCJTAH-UHFFFAOYSA-N,-0.9900372486745916
WUOVJZPIPLAQBE-UHFFFAOYSA-N__VNMPKYRAUUWUOD-UHFFFAOYSA-N,5.179514773906923
XTRRTHMRIDALMF-UHFFFAOYSA-N__URKHHNGXGKIUKB-UHFFFAOYSA-N,1.2917661061169416
HEHJEEBBUMTOHW-UHFFFAOYSA-N__MLMPOPJKXXWFSH-UHFFFAOYSA-N,5.001603306629687
JTDHRWQGEBZRLE-UHFFFAOYSA-N__VZDWIWFSBQTIFC-UHFFFAOYSA-N,4.721342761974432
IKGKAODZLPPZIJ-UHFFFAOYSA-N__AWRZGEGJIHZJET-UHFFFAOYSA-N,3.098530319153392
AWRZGEGJIHZJET-UHFFFAOYSA-N__IKGKAODZLPPZIJ-UHFFFAOYSA-N,1.4642165975411237
HRRBZPSOWRNFHQ-UHFFFAOYSA-N__OQQZXHGZZMYRFI-UHFFFAOYSA-N,0.5231158614449207
OQQZXHGZZMYRFI-UHFFFAOYSA-N__HRRBZPSOWRNFHQ-UHFFFAOYSA-N,3.874052433938141
KVSFDCYKRBQXAK-UHFFFAOYSA-N__QODDKYKRVSWARB-UHFFFAOYSA-N,-0.8983419332407275
QODDKYKRVSWARB-UHFFFAOYSA-N__KVSFDCYKRBQXAK-UHFFFAOYSA-N,0.5115127394282107
CQKJOFRIICAUQH-UHFFFAOYSA-N__CKWWXBHBDCQSRX-UHFFFAOYSA-N,-0.9348578339220772
CKWWXBHBDCQSRX-UHFFFAOYSA-N__CQKJOFRIICAUQH-UHFFFAOYSA-N,-2.410481196456137
QJNYLXNFXZJNOL-UHFFFAOYSA-N__GBMLDRPNLNJRDY-UHFFFAOYSA-N,2.246101987250788
QHLRPADFOXKCEG-UHFFFAOYSA-N__OPDOVZFFOGJUPR-JTQLQIEISA-N,2.321917650735754
OPDOVZFFOGJUPR-JTQLQIEISA-N__QHLRPADFOXKCEG-UHFFFAOYSA-N,6.178889952308865
CZSUDVMILKYQSK-UHFFFAOYSA-N__LHARNADBHUSQEF-UHFFFAOYSA-N,4.234114517347375
NWQGXKOGSNHRNX-UHFFFAOYSA-N__PFWUUCBJOWFFNE-UHFFFAOYSA-N,4.195533726549876
IQAQDCSPZPRHMO-UHFFFAOYSA-N__LNLDBEPYTQURLX-UHFFFAOYSA-N,0.5570495290218331
PFWUUCBJOWFFNE-UHFFFAOYSA-N__NWQGXKOGSNHRNX-UHFFFAOYSA-N,6.460758910012429
LHARNADBHUSQEF-UHFFFAOYSA-N__CZSUDVMILKYQSK-UHFFFAOYSA-N,5.605605807550276
LNLDBEPYTQURLX-UHFFFAOYSA-N__IQAQDCSPZPRHMO-UHFFFAOYSA-N,2.41190712774124
XMMWIFFKPMBKGT-QWRGUYRKSA-N__LUFFLBGMUARIHK-UHFFFAOYSA-N,-1.6158616879111836
LUFFLBGMUARIHK-UHFFFAOYSA-N__XMMWIFFKPMBKGT-QWRGUYRKSA-N,5.9329578103993645
WEALZOHFAZETGO-UHFFFAOYSA-N__HXZXPKPRJXIXPM-UHFFFAOYSA-N,-2.198894670674012
IKXDKJWUCTYUAZ-UHFFFAOYSA-N__RMSBHXURDUZDSF-HQJQHLMTSA-N,0.815819272732071
WUXBSCJLOSEXFJ-UHFFFAOYSA-N__JIXJKNQCLRRRRT-UHFFFAOYSA-N,10.534438813567323
RMSBHXURDUZDSF-HQJQHLMTSA-N__IKXDKJWUCTYUAZ-UHFFFAOYSA-N,-2.2051141059826853
KRZLEINXVZQAHC-UHFFFAOYSA-N__VLKHHMLKMSWUME-UHFFFAOYSA-N,1.581115205763854
JIXJKNQCLRRRRT-UHFFFAOYSA-N__WUXBSCJLOSEXFJ-UHFFFAOYSA-N,1.5942307983843966
VLKHHMLKMSWUME-UHFFFAOYSA-N__KRZLEINXVZQAHC-UHFFFAOYSA-N,-1.078972737570674
AQRKGXRQUSRBNR-UHFFFAOYSA-N__AZHUBPXBTLEGPA-NPPUSCPJSA-N,1.4009812009095506
AZHUBPXBTLEGPA-NPPUSCPJSA-N__AQRKGXRQUSRBNR-UHFFFAOYSA-N,2.533950420352765
ZWAHXJNFDDJJMS-UHFFFAOYSA-N__RYTIOOGUDUTWQW-UHFFFAOYSA-N,0.4357983405334918
RYTIOOGUDUTWQW-UHFFFAOYSA-N__ZWAHXJNFDDJJMS-UHFFFAOYSA-N,6.785837632020629
UPRCKKVQTPHFKG-UHFFFAOYSA-N__VFOKGKKWJHIRTK-UHFFFAOYSA-N,-0.981129209541671
YSGXFHRBOCKWGT-UHFFFAOYSA-N__QNVBRTJXFZVCJI-UHFFFAOYSA-N,3.309907985509817
QNVBRTJXFZVCJI-UHFFFAOYSA-N__YSGXFHRBOCKWGT-UHFFFAOYSA-N,7.526053676731945
VFOKGKKWJHIRTK-UHFFFAOYSA-N__UPRCKKVQTPHFKG-UHFFFAOYSA-N,-0.1724835033097796
RECYNSXCJRCFRK-UHFFFAOYSA-N__IRNXGUOOYJDXCL-ZETCQYMHSA-N,1.1326754095022975
PUSJWGOTNAPVGS-UHFFFAOYSA-N__ZUWIEZZAXOYGJL-UHFFFAOYSA-N,2.4086982530815053
ZUWIEZZAXOYGJL-UHFFFAOYSA-N__PUSJWGOTNAPVGS-UHFFFAOYSA-N,4.6526158146351815
ZBGSMMFRUXZNKG-UHFFFAOYSA-N__CUBSLBTZYUBOFK-UPHRSURJSA-N,-1.7677536544199166
GNAUZBHSXPMIKP-UHFFFAOYSA-N__OMNGAGGMWNWRFM-UHFFFAOYSA-N,2.5198675409537072
FEDDOEKGPSCDGX-UHFFFAOYSA-N__PRCZCAGTMTVPQM-BLSTVPOUSA-N,1.6945442524899164
PRCZCAGTMTVPQM-BLSTVPOUSA-N__FEDDOEKGPSCDGX-UHFFFAOYSA-N,6.568416009640783
XSJXZBLYNRJDIE-UHFFFAOYSA-N__HJBBCKMIIFMZGD-WOJBJXKFSA-N,5.11427661871492
HJBBCKMIIFMZGD-WOJBJXKFSA-N__XSJXZBLYNRJDIE-UHFFFAOYSA-N,5.8613839498151
GCDBFCJUOWDPDP-UHFFFAOYSA-N__ICXJOOQPLLCPEM-UHFFFAOYSA-N,-0.6355878327241768
ICXJOOQPLLCPEM-UHFFFAOYSA-N__GCDBFCJUOWDPDP-UHFFFAOYSA-N,-1.0586161183992389
CANHHNWTYUULER-UHFFFAOYSA-N__GKYXATXSJQAAND-UHFFFAOYSA-N,7.538836927555579
AIJWRGFFLQYCNL-UHFFFAOYSA-N__XODFJRXSTLUUDC-UHFFFAOYSA-N,2.6149833606597617
XODFJRXSTLUUDC-UHFFFAOYSA-N__AIJWRGFFLQYCNL-UHFFFAOYSA-N,4.560936504162002
FMEKXWLDKNOLTP-UHFFFAOYSA-N__COPGRNPEXJVLLS-UHFFFAOYSA-N,-2.710445661807732
QJYCUQNBDQYPEK-UHFFFAOYSA-N__XNGXFHANCXBOQN-UHFFFAOYSA-N,-4.347175710581137
COPGRNPEXJVLLS-UHFFFAOYSA-N__FMEKXWLDKNOLTP-UHFFFAOYSA-N,7.980470773034477
XNGXFHANCXBOQN-UHFFFAOYSA-N__QJYCUQNBDQYPEK-UHFFFAOYSA-N,-0.5740039815429486
VVWUMYTYXIXESV-UHFFFAOYSA-N__JCKXMWFCCPZHLP-UHFFFAOYSA-N,3.666273679200378
JCKXMWFCCPZHLP-UHFFFAOYSA-N__VVWUMYTYXIXESV-UHFFFAOYSA-N,1.3618634569466836
AAMZJKGABLTRPA-UHFFFAOYSA-N__SFZWKMPIFJSMDZ-UHFFFAOYSA-N,1.5877296085230013
NYYPGRQOKMYXMU-UHFFFAOYSA-N__PHLRSMSPOKQCAU-UHFFFAOYSA-N,-1.0585832399186328
PHLRSMSPOKQCAU-UHFFFAOYSA-N__NYYPGRQOKMYXMU-UHFFFAOYSA-N,0.0312647929241447
DRSILNJURCYQMM-UHFFFAOYSA-N__ZUPDTKXCNTWVRE-UHFFFAOYSA-N,1.5726505028790558
CIZIWFSCDWOFGQ-UHFFFAOYSA-N__ZVAIPGILQFNQPR-UHFFFAOYSA-N,-3.566586771055135
ZUPDTKXCNTWVRE-UHFFFAOYSA-N__DRSILNJURCYQMM-UHFFFAOYSA-N,4.495200652327951
ZVAIPGILQFNQPR-UHFFFAOYSA-N__CIZIWFSCDWOFGQ-UHFFFAOYSA-N,0.5012373083333118
CFVRSSXCMHKMEY-JGVFFNPUSA-N__VNMZKINXQGLJAQ-UHFFFAOYSA-N,3.316529359214827
VNMZKINXQGLJAQ-UHFFFAOYSA-N__CFVRSSXCMHKMEY-JGVFFNPUSA-N,3.327167742559703
GSLCNECQKZZUSS-NSHDSACASA-N__PURRZJLWUVNXDA-UHFFFAOYSA-N,1.3947644689424572
PURRZJLWUVNXDA-UHFFFAOYSA-N__GSLCNECQKZZUSS-NSHDSACASA-N,2.701885837454204
RSKZSSFBZJXDMV-UHFFFAOYSA-N__CBQPCEXYCJIEMR-UHFFFAOYSA-N,-1.7556414387658348
UQGWNCKMTRCVLG-UHFFFAOYSA-N__OTVQBWVVGCSAJW-UHFFFAOYSA-N,-3.075744356916684
OTVQBWVVGCSAJW-UHFFFAOYSA-N__UQGWNCKMTRCVLG-UHFFFAOYSA-N,2.8964361603503272
CSLUFTLRTQRPPL-UHFFFAOYSA-N__VUVUWHGSNGKUPF-JVZYCSMKSA-N,-0.2151153028296807
VUVUWHGSNGKUPF-JVZYCSMKSA-N__CSLUFTLRTQRPPL-UHFFFAOYSA-N,10.443676027775192
APGDDKFXCPEWPI-UHFFFAOYSA-N__YGWBGFGNGLXPEX-UHFFFAOYSA-N,-0.7485008721526779
FPLNVCCNJHGFBA-UHFFFAOYSA-N__KVYILOOSHRBYDM-UHFFFAOYSA-N,1.2451618427387272
KVYILOOSHRBYDM-UHFFFAOYSA-N__FPLNVCCNJHGFBA-UHFFFAOYSA-N,1.8683834459323767
CRGMHSGLKFIQMT-UHFFFAOYSA-N__SSQVSZLQZHOUHH-UHFFFAOYSA-N,1.5087930665223424
XSVOJWAQCTWEDJ-UHFFFAOYSA-N__RCJCXCWTLAAHKF-UHFFFAOYSA-N,2.342240663049597
SSQVSZLQZHOUHH-UHFFFAOYSA-N__CRGMHSGLKFIQMT-UHFFFAOYSA-N,2.176194323765952
YLEQUNVJOFXDLE-UHFFFAOYSA-N__VOYVPFJCRPUGQC-UHFFFAOYSA-N,3.2696929194298923
LOMIRRRVSQIMAO-UHFFFAOYSA-N__CAYZBEWAOGWJRQ-UHFFFAOYSA-N,1.350819499170383
CAYZBEWAOGWJRQ-UHFFFAOYSA-N__LOMIRRRVSQIMAO-UHFFFAOYSA-N,1.7327777879538693
VOYVPFJCRPUGQC-UHFFFAOYSA-N__YLEQUNVJOFXDLE-UHFFFAOYSA-N,2.5835136782855224
OYVLRAKEEQZOFR-WPYKOPORSA-N__PCULYWCASBBPCV-UHFFFAOYSA-N,11.05603586246352
PCULYWCASBBPCV-UHFFFAOYSA-N__OYVLRAKEEQZOFR-WPYKOPORSA-N,1.4007013756640991
JHXYRJRSLIYZAM-UHFFFAOYSA-N__BPCCBSWFKXOLDL-UHFFFAOYSA-N,-0.3866776307606521
BPCCBSWFKXOLDL-UHFFFAOYSA-N__JHXYRJRSLIYZAM-UHFFFAOYSA-N,1.7681406174995495
XOZCTPMOMGSOLV-UHFFFAOYSA-N__OYABLKQMUYNUAV-FXQIFTODSA-N,4.929346247122871
YLCZMCMWWRFENV-UHFFFAOYSA-N__YPZQHCLBLRWNMJ-LPEHRKFASA-N,4.521613532528149
YPZQHCLBLRWNMJ-LPEHRKFASA-N__YLCZMCMWWRFENV-UHFFFAOYSA-N,3.3011438389984376
CFVRSSXCMHKMEY-JGVFFNPUSA-N__DQLWODZQEOHBPD-UHFFFAOYSA-N,5.194088560418686
ZUSUVEKHEZURSD-ONEGZZNKSA-N__OHHHXNYPBVYPPT-UHFFFAOYSA-N,2.904558300903704
DQLWODZQEOHBPD-UHFFFAOYSA-N__CFVRSSXCMHKMEY-JGVFFNPUSA-N,-2.754779916262992
GRVRLTIGFZVXMM-UHFFFAOYSA-N__WXFAKTPMWGBZLH-UHFFFAOYSA-N,6.331473479236867
WXFAKTPMWGBZLH-UHFFFAOYSA-N__GRVRLTIGFZVXMM-UHFFFAOYSA-N,7.776055702779051
JSYBAEDEGUIUKR-UHFFFAOYSA-N__RRQOIQIHIZGXCP-UHFFFAOYSA-N,5.551319484071614
RRQOIQIHIZGXCP-UHFFFAOYSA-N__JSYBAEDEGUIUKR-UHFFFAOYSA-N,-1.817042314585389
DGVGXTJOCSDXEW-UHFFFAOYSA-N__RDOIJWUQZGRFGE-UHFFFAOYSA-N,1.3096570715958935
RDOIJWUQZGRFGE-UHFFFAOYSA-N__DGVGXTJOCSDXEW-UHFFFAOYSA-N,-1.5691072428291548
KIWWWXTYVKGWJG-UHFFFAOYSA-N__DISOPAVWGDZKCC-UHFFFAOYSA-N,1.3428862728550164
BNSFGQGZNUJJDC-UHFFFAOYSA-N__HGQJQAUQLVICSK-UHFFFAOYSA-N,1.2903812730574404
UZSORJCMGHXHEP-UHFFFAOYSA-N__VPDZTZXEMBHBFQ-UHFFFAOYSA-N,-1.6201312398348913
VPDZTZXEMBHBFQ-UHFFFAOYSA-N__UZSORJCMGHXHEP-UHFFFAOYSA-N,-1.913308787301124
JNGTVGAUNWOLHE-UHFFFAOYSA-N__LYUMKHFROUOTEL-UHFFFAOYSA-N,2.2069957236078603
TUUVLTOEZCKTEF-UHFFFAOYSA-N__ZEDDKCKKIVWVJR-UHFFFAOYSA-N,2.8270129829890625
ZEDDKCKKIVWVJR-UHFFFAOYSA-N__TUUVLTOEZCKTEF-UHFFFAOYSA-N,6.403093737863221
KCCRTVWWCNMMMT-QFBILLFUSA-N__APVQVNJOZARBSI-UHFFFAOYSA-N,1.748484709652086
APVQVNJOZARBSI-UHFFFAOYSA-N__KCCRTVWWCNMMMT-QFBILLFUSA-N,4.782859237499656
NTDQOUDMMMDAMH-UHFFFAOYSA-N__KOIORDYFLJGKAE-SOFGYWHQSA-N,-0.0853274348977944
KOIORDYFLJGKAE-SOFGYWHQSA-N__NTDQOUDMMMDAMH-UHFFFAOYSA-N,2.738612218039535
VAHGOTJWWKJMHY-UHFFFAOYSA-N__YJDKDHNSBABWIH-UHFFFAOYSA-N,0.4389590004177048
YJDKDHNSBABWIH-UHFFFAOYSA-N__VAHGOTJWWKJMHY-UHFFFAOYSA-N,7.260856524538783
RCLDLFMWDUZKCZ-UHFFFAOYSA-N__MWIJKEHMNKGBCY-UHFFFAOYSA-N,3.191245802034382
CCEQFKKORVYTCJ-UHFFFAOYSA-N__DTMHHPWSAPIZHO-PWSUYJOCSA-N,2.3451243382159275
MWIJKEHMNKGBCY-UHFFFAOYSA-N__RCLDLFMWDUZKCZ-UHFFFAOYSA-N,-2.191906807203879
DTMHHPWSAPIZHO-PWSUYJOCSA-N__CCEQFKKORVYTCJ-UHFFFAOYSA-N,3.741201185612695
CWCOYZJKMDNNJX-UHFFFAOYSA-N__FSLFPLMAOXVIMZ-UHFFFAOYSA-N,4.497331832454563
FSLFPLMAOXVIMZ-UHFFFAOYSA-N__CWCOYZJKMDNNJX-UHFFFAOYSA-N,4.049030208879344
BPTAQHBGSFJKET-UHFFFAOYSA-N__SNBKRSJIUQMTGJ-UHFFFAOYSA-N,0.0718327150644004
KYWJSBSNSVCWRX-UHFFFAOYSA-N__KORWKQCDNRARSX-UHFFFAOYSA-N,0.9404125755067152
NECLRUVNEDDUQN-UHFFFAOYSA-N__JRGMXDXXEFXOAH-UHFFFAOYSA-N,3.018798203429672
JRGMXDXXEFXOAH-UHFFFAOYSA-N__NECLRUVNEDDUQN-UHFFFAOYSA-N,-5.3210392950469005
YSDGQUWZPCUHQG-UHFFFAOYSA-N__KRNOFCYTROCXAY-UHFFFAOYSA-N,1.9689173577791816
KRNOFCYTROCXAY-UHFFFAOYSA-N__YSDGQUWZPCUHQG-UHFFFAOYSA-N,9.871780452343286
ACCZHYMSOGXQNP-UHFFFAOYSA-N__YJAAJMSZVZJPOQ-BDAKNGLRSA-N,5.204612030487213
OWGHKKWHLGSKLE-UHFFFAOYSA-N__ADSBLHBLWBPGGV-UHFFFAOYSA-N,2.714928326279489
ADSBLHBLWBPGGV-UHFFFAOYSA-N__OWGHKKWHLGSKLE-UHFFFAOYSA-N,4.780726508519689
NBSUHOKXCZGPBO-UHFFFAOYSA-N__AHOROEISGVLMSN-UHFFFAOYSA-N,7.276934493352059
KGFCOCLGHPXYIN-UHFFFAOYSA-N__URKSUFMYAYODSF-UHFFFAOYSA-N,0.9679424143253518
URKSUFMYAYODSF-UHFFFAOYSA-N__KGFCOCLGHPXYIN-UHFFFAOYSA-N,1.3007409550404152
LIFFMBSRKRXMOY-UHFFFAOYSA-N__XNUKGWBFCSGFCI-UHFFFAOYSA-N,2.3705196693451547
XNUKGWBFCSGFCI-UHFFFAOYSA-N__LIFFMBSRKRXMOY-UHFFFAOYSA-N,0.25702792460015
MFYLBKFZSFDPBO-UHFFFAOYSA-N__QIHOEWCBXGTOCS-BXKDBHETSA-N,-5.827061553290234
QIHOEWCBXGTOCS-BXKDBHETSA-N__MFYLBKFZSFDPBO-UHFFFAOYSA-N,1.8714275744161653
GMIJFYOYCMZARR-UHFFFAOYSA-N__ZXFVZZZFXXZOSY-UHFFFAOYSA-N,-1.5322594517163417
ZXFVZZZFXXZOSY-UHFFFAOYSA-N__GMIJFYOYCMZARR-UHFFFAOYSA-N,-2.1410664665673305
KGERTZMUDNLIMT-UHFFFAOYSA-N__AKOYQDVXNDGWAA-UHFFFAOYSA-N,3.024348637103172
AKOYQDVXNDGWAA-UHFFFAOYSA-N__KGERTZMUDNLIMT-UHFFFAOYSA-N,8.042581217805743
TWJWWGUHMWDEFT-UHFFFAOYSA-N__UWVLHWNZRPRMPH-UHFFFAOYSA-N,1.1917320957328652
RGDIXYRCPLMSGT-UHFFFAOYSA-N__REZGTINXIIKRSG-NSCUHMNNSA-N,5.778992334813265
REZGTINXIIKRSG-NSCUHMNNSA-N__RGDIXYRCPLMSGT-UHFFFAOYSA-N,-4.810894387460444
YTKFFNMNKYFMDM-UHFFFAOYSA-N__WESBCTRYJPEULH-UHFFFAOYSA-N,-0.6751610511485996
XUJPWYOQWKPQOK-UHFFFAOYSA-N__DFFZINGOEMWRCG-RYUDHWBXSA-N,1.853488603329304
QIKBSLXSAPNGHR-UHFFFAOYSA-N__GJUQNKPGJCXOOU-UHFFFAOYSA-N,-0.8863788413246704
GJUQNKPGJCXOOU-UHFFFAOYSA-N__QIKBSLXSAPNGHR-UHFFFAOYSA-N,4.951435921053139
QJZAYAXPAYPNEU-UHFFFAOYSA-N__NZKGWNUWLLJWIZ-UHFFFAOYSA-N,0.974172813883532
STPVDXKEXJZVKM-UHFFFAOYSA-N__LVTADQNJFSNWKC-UHFFFAOYSA-N,2.939785607885309
UPZGSGRYGZZTSO-UHFFFAOYSA-N__SPKQJGWQNBSDKF-UHFFFAOYSA-N,2.011464756526576
GRYLXAUKJCKZSC-ZDUSSCGKSA-N__PJCPTNXWARWUCI-UHFFFAOYSA-N,10.503769203874649
VGRITSJOKDQACY-UHFFFAOYSA-N__PTVUASUIMPCWSD-UHFFFAOYSA-N,3.0401174341767194
PJCPTNXWARWUCI-UHFFFAOYSA-N__GRYLXAUKJCKZSC-ZDUSSCGKSA-N,8.623591164306726
JDTRSECUMISCCT-UHFFFAOYSA-N__DDHHKKKTUZAKJP-UHFFFAOYSA-N,8.630540362801232
QIBMNHDAYNWDOV-UHFFFAOYSA-N__RJBMIIBIBSRSLU-UHFFFAOYSA-N,0.6541808894840291
RJBMIIBIBSRSLU-UHFFFAOYSA-N__QIBMNHDAYNWDOV-UHFFFAOYSA-N,3.73778895730108
NWLHIJTXCRWUGK-UHFFFAOYSA-N__WCHXLTLIHYGCJF-UHFFFAOYSA-N,0.4911124047251121
GIKKTZDMBGAYTF-UHFFFAOYSA-N__SYASVNYWIMLCLS-UHFFFAOYSA-N,0.9396451652182092
SYASVNYWIMLCLS-UHFFFAOYSA-N__GIKKTZDMBGAYTF-UHFFFAOYSA-N,4.984875313576351
WCHXLTLIHYGCJF-UHFFFAOYSA-N__NWLHIJTXCRWUGK-UHFFFAOYSA-N,0.2702204397516717
RDWGHPPJWPOBLJ-XVYDYJIPSA-N__SEOSADFPGKIUMS-UHFFFAOYSA-N,2.810279274494917
SEOSADFPGKIUMS-UHFFFAOYSA-N__RDWGHPPJWPOBLJ-XVYDYJIPSA-N,1.2583513496433565
MUSNCKBNLDNTSE-UHFFFAOYSA-N__XYSPGJRNJJXWTF-YFKPBYRVSA-N,3.605106896967088
XYSPGJRNJJXWTF-YFKPBYRVSA-N__MUSNCKBNLDNTSE-UHFFFAOYSA-N,-2.2457784623110566
KOGSQEUKTKTZDS-UHFFFAOYSA-N__KYHBDVAKWIMVHW-DGCLKSJQSA-N,2.4817612931135065
KYHBDVAKWIMVHW-DGCLKSJQSA-N__KOGSQEUKTKTZDS-UHFFFAOYSA-N,3.2168287231965627
ORLLKZBGAKDPBW-MHWRWJLKSA-N__YPRBFZWYHMQHAM-UHFFFAOYSA-N,6.192344517953158
WVOHYYCXGVRIQI-UHFFFAOYSA-N__WTRPATCGXBMKKJ-UHFFFAOYSA-N,-1.2548207788337098
HTZBKQMTNVMXQR-UHFFFAOYSA-N__OWTVAYHEZQDCDO-UHFFFAOYSA-N,0.3886027217196579
OWTVAYHEZQDCDO-UHFFFAOYSA-N__HTZBKQMTNVMXQR-UHFFFAOYSA-N,6.121055624485029
FJIDJOCOHNNXMQ-UHFFFAOYSA-N__VZGGRIBAFMHHFP-UHFFFAOYSA-N,4.399161732786909
PDJAIXDSVQITRN-UHFFFAOYSA-N__HNDMUUGKGVIAJU-UHFFFAOYSA-N,8.732618732701274
HNDMUUGKGVIAJU-UHFFFAOYSA-N__PDJAIXDSVQITRN-UHFFFAOYSA-N,2.550651563761025
VZGGRIBAFMHHFP-UHFFFAOYSA-N__FJIDJOCOHNNXMQ-UHFFFAOYSA-N,3.2930646251751234
YLVRJARXRROGFV-CYBMUJFWSA-N__FVUGXERROABLNA-UHFFFAOYSA-N,-1.810468885635637
FVUGXERROABLNA-UHFFFAOYSA-N__YLVRJARXRROGFV-CYBMUJFWSA-N,4.1644760384547626
QGXMGDJDHKGDIZ-UHFFFAOYSA-N__REAWCLVYLZUBPN-UHFFFAOYSA-N,2.6052339216196656
REAWCLVYLZUBPN-UHFFFAOYSA-N__QGXMGDJDHKGDIZ-UHFFFAOYSA-N,1.070607749067317
SIJOMOQLMQVKTA-UHFFFAOYSA-N__HCMHRGXMYZGKCF-XGRGOYMPSA-N,4.209354392231232
HCMHRGXMYZGKCF-XGRGOYMPSA-N__SIJOMOQLMQVKTA-UHFFFAOYSA-N,1.2772141923166491
DLIKEJOWZOFFKG-UHFFFAOYSA-N__YKZJAFNBANLNBI-UHFFFAOYSA-N,3.1907636449336785
KBUBYOCURNFBFA-UHFFFAOYSA-N__BXTQEHQJSXDEAE-UHFFFAOYSA-N,5.242161685949761
BXTQEHQJSXDEAE-UHFFFAOYSA-N__KBUBYOCURNFBFA-UHFFFAOYSA-N,1.6866001784225575
RAPKHSLIJDFSMN-UHFFFAOYSA-N__XVTKGGVGQQCAND-UHFFFAOYSA-N,6.857960507721697
YKZJAFNBANLNBI-UHFFFAOYSA-N__DLIKEJOWZOFFKG-UHFFFAOYSA-N,8.082026992872137
TYOHAHCYZTVYDA-UHFFFAOYSA-N__MMDZQWWVBWCPJL-UHFFFAOYSA-N,-2.235690903611121
MMDZQWWVBWCPJL-UHFFFAOYSA-N__TYOHAHCYZTVYDA-UHFFFAOYSA-N,2.636064139793361
AQKUTSYFNPLSCW-UHFFFAOYSA-N__XRQVYLNVYLYVQO-UHFFFAOYSA-N,8.228069337761799
DSAPYLFLEPUSDU-UHFFFAOYSA-N__DKJIWXITRCKDOW-UHFFFAOYSA-N,7.393287253899124
KVVPWDFQTJONMT-UHFFFAOYSA-N__RZUUTWBAKQBHBX-UHFFFAOYSA-N,4.266757090130636
DXYGEZQUAHINPA-UHFFFAOYSA-N__SCOPEWWMDUAJST-UHFFFAOYSA-N,3.271522723269692
XDKHITBVZFAYHB-UHFFFAOYSA-N__WTQVAZILUGEBFG-UHFFFAOYSA-N,6.178708687313328
ANJAQFQEKOWKTP-UHFFFAOYSA-N__LBYWSAMPKQQWOB-UHFFFAOYSA-N,-4.384656760636212
SCOPEWWMDUAJST-UHFFFAOYSA-N__DXYGEZQUAHINPA-UHFFFAOYSA-N,10.93810820473212
IXGXFVXYWHLCST-UHFFFAOYSA-N__FVAZHRHXOXGHTC-UHFFFAOYSA-N,5.434805346395359
FVAZHRHXOXGHTC-UHFFFAOYSA-N__IXGXFVXYWHLCST-UHFFFAOYSA-N,17.259604662433635
VLEROBLRELPVML-UHFFFAOYSA-N__VTOXVWXJGGTDGY-UHFFFAOYSA-N,10.810301282431752
YIRBRSFDEDSLQB-UHFFFAOYSA-N__KYKMAHQRSYLKGR-UHFFFAOYSA-N,5.113316062111226
AUBMVOCTBUWDHQ-UHFFFAOYSA-N__PAHIGVQPKQNVIL-UHFFFAOYSA-N,6.235616938516033
PVZFATNKPAOILE-UHFFFAOYSA-N__ZVXNBEJBKZEBMS-UHFFFAOYSA-N,5.238005607955284
ZVXNBEJBKZEBMS-UHFFFAOYSA-N__PVZFATNKPAOILE-UHFFFAOYSA-N,3.976984226460032
PAHIGVQPKQNVIL-UHFFFAOYSA-N__AUBMVOCTBUWDHQ-UHFFFAOYSA-N,4.577747591546341
MZUUTHVGKJSPIL-UHFFFAOYSA-N__UXAAZCGYUUIVQO-UHFFFAOYSA-N,14.56440822716883
UXAAZCGYUUIVQO-UHFFFAOYSA-N__MZUUTHVGKJSPIL-UHFFFAOYSA-N,7.09811478577242
GPXZDUDPLJHKBX-UHFFFAOYSA-N__SEYDLAOHYUZFJM-UHFFFAOYSA-N,12.820044420003544
SEYDLAOHYUZFJM-UHFFFAOYSA-N__GPXZDUDPLJHKBX-UHFFFAOYSA-N,9.86515975636417
YABKRBPAVJKTSM-UHFFFAOYSA-N__NGURQVOLMATHKL-UHFFFAOYSA-N,3.56669569737228
UXACNZAQSBHVJT-UHFFFAOYSA-N__PPFKLSIICBBIBI-UHFFFAOYSA-N,4.47551618372021
WNTALKNQHKMOMS-UHFFFAOYSA-N__TWIBSQVYZRFJNF-UHFFFAOYSA-N,7.765100836173488
TWIBSQVYZRFJNF-UHFFFAOYSA-N__WNTALKNQHKMOMS-UHFFFAOYSA-N,2.1635984140001794
LQSVFYRIYBQZRD-UHFFFAOYSA-N__ICMQAUNALLOBIW-UHFFFAOYSA-N,9.622131167749494
ICMQAUNALLOBIW-UHFFFAOYSA-N__LQSVFYRIYBQZRD-UHFFFAOYSA-N,7.089393932676481
JBHFWUGUDJGOPF-UHFFFAOYSA-N__RLWPIRCZUWTEAF-UHFFFAOYSA-N,-3.5213839550083543
RLWPIRCZUWTEAF-UHFFFAOYSA-N__JBHFWUGUDJGOPF-UHFFFAOYSA-N,2.666026839360017
GNKRKKJWKJQTNC-UHFFFAOYSA-N__SXISZCUPVPIKGB-UHFFFAOYSA-N,5.338292425649697
SXISZCUPVPIKGB-UHFFFAOYSA-N__GNKRKKJWKJQTNC-UHFFFAOYSA-N,8.050910237041721
JWWSWSQHQCLGOQ-UHFFFAOYSA-N__DAMQYGGMEIWJAM-UHFFFAOYSA-N,12.405840033791712
XXHFEDCDIAUDCB-UHFFFAOYSA-N__QXLYQANBFMYBLJ-UHFFFAOYSA-N,7.464518084128733
QXLYQANBFMYBLJ-UHFFFAOYSA-N__XXHFEDCDIAUDCB-UHFFFAOYSA-N,2.367053042116248
OISBARLBVPDUPG-UHFFFAOYSA-N__VTDWHTMGQWUSDS-UHFFFAOYSA-N,6.355157438698162
VTDWHTMGQWUSDS-UHFFFAOYSA-N__OISBARLBVPDUPG-UHFFFAOYSA-N,8.353111591921943
CTOCASDBZCPZAF-OCAPTIKFSA-N__TVWIJBVZZNZZLW-UHFFFAOYSA-N,9.041479871579876
VGBAYVFYNVGALQ-UHFFFAOYSA-N__CGQJITDLUBMLFF-UHFFFAOYSA-N,5.469004629445921
CGQJITDLUBMLFF-UHFFFAOYSA-N__VGBAYVFYNVGALQ-UHFFFAOYSA-N,2.414540851320132
DBLMNXFWBPADLZ-UHFFFAOYSA-N__ZTUKFHASKOUCJN-UHFFFAOYSA-N,9.034576512253285
ZTUKFHASKOUCJN-UHFFFAOYSA-N__DBLMNXFWBPADLZ-UHFFFAOYSA-N,8.186549110865652
QJWSLSMUAUXVLN-UHFFFAOYSA-N__AWNYIOVRQHCRGH-UHFFFAOYSA-N,0.6124309327716363
XEZMQKYGFXAKJE-UHFFFAOYSA-N__UVUSGNWAJILFFZ-UHFFFAOYSA-N,6.398798306298541
DSRXHTNBAGEJFC-RAULQPLLSA-N__BXAUMTJEBGHQMW-UHFFFAOYSA-N,13.090321703693512
SIXJTDGVZISAIV-UHFFFAOYSA-N__WPSCNGMVRZLCEK-UHFFFAOYSA-N,5.66568582321163
AFQVBAZJEOXQJF-UHFFFAOYSA-N__GYZWMCIGXNJGOV-UHFFFAOYSA-N,10.25594806711527
WHVILZRFPJCAFB-UHFFFAOYSA-N__RSZMALGDCZOUOO-UHFFFAOYSA-N,15.732002102179534
RSZMALGDCZOUOO-UHFFFAOYSA-N__WHVILZRFPJCAFB-UHFFFAOYSA-N,10.39814662239755
GIVBNBXXQUTYDP-UHFFFAOYSA-N__IUJBZYNJIQASTQ-UHFFFAOYSA-N,11.717722850435925
NWDKNJZCZGDQDK-UHFFFAOYSA-N__AXKXFDONSAGDAP-UHFFFAOYSA-N,5.363715998901022
JIXLWLZCCIIHOE-UHFFFAOYSA-N__CKAIDYKPECWJKP-UHFFFAOYSA-N,3.9030038704484977
CKAIDYKPECWJKP-UHFFFAOYSA-N__JIXLWLZCCIIHOE-UHFFFAOYSA-N,-2.037190817963216
IUJBZYNJIQASTQ-UHFFFAOYSA-N__GIVBNBXXQUTYDP-UHFFFAOYSA-N,8.970073304564842
KPTVDDFVHOVCIW-UHFFFAOYSA-N__ZSDDONGTFXRMMA-UHFFFAOYSA-N,4.456377195211012
ZSDDONGTFXRMMA-UHFFFAOYSA-N__KPTVDDFVHOVCIW-UHFFFAOYSA-N,4.518188863880032
POLLXWBWWJNDMB-UHFFFAOYSA-N__USQKVVCLBMSELP-UHFFFAOYSA-N,5.943964274453063
FZCBUYRTQCSWOP-UHFFFAOYSA-N__BAEVCMDJHIOZFX-UHFFFAOYSA-N,2.03989966610196
BAEVCMDJHIOZFX-UHFFFAOYSA-N__FZCBUYRTQCSWOP-UHFFFAOYSA-N,8.092697177826844
HGVABPOARGKCAW-UHFFFAOYSA-N__SVOHRWMADBBOAC-UHFFFAOYSA-N,5.455678951143849
SVOHRWMADBBOAC-UHFFFAOYSA-N__HGVABPOARGKCAW-UHFFFAOYSA-N,5.811328215513164
IMERQVDTNNDMEN-UHFFFAOYSA-N__XTBICKNGJKYEFS-UHFFFAOYSA-N,7.630259153911337
CNFRXFXOBSTTQO-UHFFFAOYSA-N__LMALLRFGLKCBEX-UHFFFAOYSA-N,3.049079138249789
LMALLRFGLKCBEX-UHFFFAOYSA-N__CNFRXFXOBSTTQO-UHFFFAOYSA-N,7.556652821622657
NRMABIMELDETEN-UHFFFAOYSA-N__ZXKSLQVHHMQVHW-UHFFFAOYSA-N,3.969630848579347
BOXVHGKWBRUMHP-UHFFFAOYSA-N__TWRAZKNLNAJHGR-UHFFFAOYSA-N,5.644187813474632
TWRAZKNLNAJHGR-UHFFFAOYSA-N__BOXVHGKWBRUMHP-UHFFFAOYSA-N,8.156325446737126
ZADDMMOOUJXBLX-UHFFFAOYSA-N__HRSYWPMGIIAQIW-UHFFFAOYSA-N,5.965769857816463
HRSYWPMGIIAQIW-UHFFFAOYSA-N__ZADDMMOOUJXBLX-UHFFFAOYSA-N,2.582731513048238
DHZMLBHIGZCAEU-UHFFFAOYSA-N__RXCIHTONAWMHBB-UHFFFAOYSA-N,4.975204454285393
RXCIHTONAWMHBB-UHFFFAOYSA-N__DHZMLBHIGZCAEU-UHFFFAOYSA-N,4.576076976744179
VHOANXSLCGHUSW-UHFFFAOYSA-N__AHPJUAJHCNUJJJ-UHFFFAOYSA-N,5.975590158306523
AHPJUAJHCNUJJJ-UHFFFAOYSA-N__VHOANXSLCGHUSW-UHFFFAOYSA-N,6.286034262553541
ZBBXWPBMMNDNQU-UHFFFAOYSA-N__ADPXSQASVXLHBQ-UHFFFAOYSA-N,9.167153934562888
ADPXSQASVXLHBQ-UHFFFAOYSA-N__ZBBXWPBMMNDNQU-UHFFFAOYSA-N,4.630500921668339
LLXJSBKCVBRQSP-UHFFFAOYSA-N__KJJCBIFGMUFTCL-UHFFFAOYSA-N,2.6495390739543385
WFARYPQPRBQJFA-UITAMQMPSA-N__YLJQBCZMYJJMQX-UHFFFAOYSA-N,4.334779527349602
YLJQBCZMYJJMQX-UHFFFAOYSA-N__WFARYPQPRBQJFA-UITAMQMPSA-N,4.362869468167267
KJJCBIFGMUFTCL-UHFFFAOYSA-N__LLXJSBKCVBRQSP-UHFFFAOYSA-N,9.361829713225342
RMFNLHCCVXSVHX-GASCZTMLSA-N__YABZIACMANKURD-UHFFFAOYSA-N,6.233859681166788
YABZIACMANKURD-UHFFFAOYSA-N__RMFNLHCCVXSVHX-GASCZTMLSA-N,6.804692174477893
UBNALWLWDJNZSX-UHFFFAOYSA-N__YDQPPVYWRVQZDU-UHFFFAOYSA-N,4.012056797348478
YDQPPVYWRVQZDU-UHFFFAOYSA-N__UBNALWLWDJNZSX-UHFFFAOYSA-N,9.18449918837506
HBEVXSWKJZVZDI-MRXNPFEDSA-N__JZUVJVDQQLWFKI-UHFFFAOYSA-N,4.580871678131055
JZUVJVDQQLWFKI-UHFFFAOYSA-N__HBEVXSWKJZVZDI-MRXNPFEDSA-N,9.35631736967323
MWRLALHAHSIZAT-UHFFFAOYSA-N__ROVWYJVXKXNJIM-UHFFFAOYSA-N,7.927942153419416
ROVWYJVXKXNJIM-UHFFFAOYSA-N__MWRLALHAHSIZAT-UHFFFAOYSA-N,4.280860008100879
TYGBZUGYZQHYGK-UHFFFAOYSA-N__ITRSHBZUMZPURH-UHFFFAOYSA-N,10.873959720203176
GFKYXAXQGFCXNO-UHFFFAOYSA-N__CSGSDNTTWMJGMC-UHFFFAOYSA-N,7.845951810573694
ITRSHBZUMZPURH-UHFFFAOYSA-N__TYGBZUGYZQHYGK-UHFFFAOYSA-N,5.591042696576788
QKIFHXITHHYIJK-UHFFFAOYSA-N__WZDKUFSRMCJPDC-UHFFFAOYSA-N,5.651413641130616
WZDKUFSRMCJPDC-UHFFFAOYSA-N__QKIFHXITHHYIJK-UHFFFAOYSA-N,9.765385960620426
QQYGWDRDSHMYPI-UHFFFAOYSA-N__NDXJMTYDCHMVBI-UHFFFAOYSA-N,7.460603687824983
NVKZNASTWHXBJQ-UHFFFAOYSA-N__ABOXFOWNDLKGDY-UHFFFAOYSA-N,0.6494780706068283
YUOIUJGCCOLXPJ-WTKPLQERSA-N__NJCQTPZWZMMWEP-UHFFFAOYSA-N,11.942913306728103
NJCQTPZWZMMWEP-UHFFFAOYSA-N__YUOIUJGCCOLXPJ-WTKPLQERSA-N,1.855611287698132
AKXGHKZYKJNKSN-UHFFFAOYSA-N__RTVQGGGAJAOUBH-UHFFFAOYSA-N,7.519119365735133
SYKFEBVZLMHGCH-UHFFFAOYSA-N__WDVURZOVTXEGQX-UHFFFAOYSA-N,2.793266601039168
RTVQGGGAJAOUBH-UHFFFAOYSA-N__AKXGHKZYKJNKSN-UHFFFAOYSA-N,3.805377275415416
WDVURZOVTXEGQX-UHFFFAOYSA-N__SYKFEBVZLMHGCH-UHFFFAOYSA-N,2.991613576351324
ZMSJSDAJPQSGKM-UHFFFAOYSA-N__YNMXPWKQJHOYTK-UHFFFAOYSA-N,8.65848935618007
YNMXPWKQJHOYTK-UHFFFAOYSA-N__ZMSJSDAJPQSGKM-UHFFFAOYSA-N,4.882519308840946
UQSGGQUYJJLACY-NSCUHMNNSA-N__MMBBWTONQBRXSO-UHFFFAOYSA-N,6.293491575335834
YXRUWYWSPZHKLD-UHFFFAOYSA-N__SNBFXANHPULHRA-UHFFFAOYSA-N,4.390122976523196
BKHTWWULTHMEDG-UHFFFAOYSA-N__IAJOWBKOSYKPJB-UHFFFAOYSA-N,4.3524268615701205
IAJOWBKOSYKPJB-UHFFFAOYSA-N__BKHTWWULTHMEDG-UHFFFAOYSA-N,4.435625309533634
KLKPZARTIQMYFJ-UHFFFAOYSA-N__XDZPBMMQZPLPHM-UHFFFAOYSA-N,9.79473378873305
ATCXVERWJNGQFR-UHFFFAOYSA-N__ZECBUHZORDYWMO-UHFFFAOYSA-N,6.956328689403873
RXNFOWWSTAKGGT-UHFFFAOYSA-N__LNGDJTUKBAHJPW-UHFFFAOYSA-N,6.99841819584908
GWEYSCVVCMTCKF-UHFFFAOYSA-N__MJTKPTZINTXZQA-UHFFFAOYSA-N,3.9913492117591822
YFUQRJNVYNTWCE-UHFFFAOYSA-N__ZCCDTCNRWIVGKG-UHFFFAOYSA-N,3.772596156768537
ZCCDTCNRWIVGKG-UHFFFAOYSA-N__YFUQRJNVYNTWCE-UHFFFAOYSA-N,9.186918506946952
NFZJPWCEFPQPMP-UHFFFAOYSA-N__LBJFOOCLZYBQFT-UHFFFAOYSA-N,6.7794863250215975
LBJFOOCLZYBQFT-UHFFFAOYSA-N__NFZJPWCEFPQPMP-UHFFFAOYSA-N,10.848778880615844
NYQHWZVAYBBUIC-UHFFFAOYSA-N__WCXPBAIOMLKHCC-UHFFFAOYSA-N,8.755828310290017
BNRGFRFRYLDDHR-UHFFFAOYSA-N__LCKYMTVEZDSFSC-UHFFFAOYSA-N,3.260034086634604
BITZFTAWIKVLST-UHFFFAOYSA-N__XPIHQARFNUDJSH-UHFFFAOYSA-N,-0.428015581708248
XPIHQARFNUDJSH-UHFFFAOYSA-N__BITZFTAWIKVLST-UHFFFAOYSA-N,4.262085577338629
ABHCVTFYVSEPMO-UHFFFAOYSA-N__XUFFFGGXTVNSJW-UHFFFAOYSA-N,3.44527915075718
XUFFFGGXTVNSJW-UHFFFAOYSA-N__ABHCVTFYVSEPMO-UHFFFAOYSA-N,9.933521113244888
STFOXILYCKLJPP-UHFFFAOYSA-N__VDPFGLGSTWQSIC-UHFFFAOYSA-N,3.5022555082757423
UVLLGXVXVJVDLR-UHFFFAOYSA-N__YHRJLNZTBZZACU-UHFFFAOYSA-N,0.2317853984733223
YHRJLNZTBZZACU-UHFFFAOYSA-N__UVLLGXVXVJVDLR-UHFFFAOYSA-N,3.268813876700418
DVHLFLHECBNHFL-UHFFFAOYSA-N__AKONWIITEHDDFX-UHFFFAOYSA-N,10.267889648296824
DQSDPFZLBPRCRL-UHFFFAOYSA-N__XEBIOIKLNGZROU-UHFFFAOYSA-N,6.823809700620815
XEBIOIKLNGZROU-UHFFFAOYSA-N__DQSDPFZLBPRCRL-UHFFFAOYSA-N,6.946178230321696
LOWBKFQSMJNDCF-UHFFFAOYSA-N__QIUOVIRIFZOCLL-UHFFFAOYSA-N,13.318088175989482
REJAHYSBHCEFGF-UHFFFAOYSA-N__YWYNKZCDPYVEEL-UHFFFAOYSA-N,6.904923308643418
YWYNKZCDPYVEEL-UHFFFAOYSA-N__REJAHYSBHCEFGF-UHFFFAOYSA-N,12.258369838511236
YJBWESIQXKPOGL-UHFFFAOYSA-N__CROLTLFYDLUNIZ-ZBYWLKIMSA-N,11.62554750995568
ZDNOHFJWXJKIJF-UHFFFAOYSA-N__TYKWNTFFFWOAFM-UHFFFAOYSA-N,8.117647700045252
TYKWNTFFFWOAFM-UHFFFAOYSA-N__ZDNOHFJWXJKIJF-UHFFFAOYSA-N,9.937557912623529
BYTVPYXJWFXESZ-UHFFFAOYSA-N__WPQCSCJUHDNPKW-UHFFFAOYSA-N,9.357118704637104
CENKWUBPECITGQ-UHFFFAOYSA-N__QHNLMAHGFKKPCE-UHFFFAOYSA-N,5.527180523843493
XMDSUZHEYDXTAD-UHFFFAOYSA-N__KDVIQDVANUXHPD-UHFFFAOYSA-N,7.486497672259861
KDVIQDVANUXHPD-UHFFFAOYSA-N__XMDSUZHEYDXTAD-UHFFFAOYSA-N,7.135954700890957
HEZGCGKDAHCYKW-UHFFFAOYSA-N__PIVKVWGQIXZAND-UHFFFAOYSA-N,4.41734287045954
XAQSFYLIYAZEMS-UHFFFAOYSA-N__MPRVZSAEBDATQJ-UHFFFAOYSA-N,13.564062929664852
NFVUUCDJSGLSPZ-UHFFFAOYSA-N__YTKDPPJNJSLQHQ-UHFFFAOYSA-N,0.3263145251412072
YTKDPPJNJSLQHQ-UHFFFAOYSA-N__NFVUUCDJSGLSPZ-UHFFFAOYSA-N,3.681044476634393
PJKJXMMHCJVJBI-UHFFFAOYSA-N__QLQSVGSQHYPGLB-UHFFFAOYSA-N,4.469856018305846
QLQSVGSQHYPGLB-UHFFFAOYSA-N__PJKJXMMHCJVJBI-UHFFFAOYSA-N,7.1706857481520885
IVKHYRHKQDQYFC-UHFFFAOYSA-N__ABYMBSROVJFPBI-UHFFFAOYSA-N,2.612245206226587
ABYMBSROVJFPBI-UHFFFAOYSA-N__IVKHYRHKQDQYFC-UHFFFAOYSA-N,5.757039143820334
FMBKIKCOXJMCBB-UHFFFAOYSA-N__UIVPTTUFXJJVDQ-UHFFFAOYSA-N,5.257359198511368
GBZZKIKKNHEUCF-ZHACJKMWSA-N__CYFWDEWCXHUGLA-UHFFFAOYSA-N,6.2828066744550926
UIVPTTUFXJJVDQ-UHFFFAOYSA-N__FMBKIKCOXJMCBB-UHFFFAOYSA-N,11.34037839333632
GPGLBVMJZOFQFZ-UHFFFAOYSA-N__PWSHSWYFJCPCHP-UHFFFAOYSA-N,2.7929063854463494
PWSHSWYFJCPCHP-UHFFFAOYSA-N__GPGLBVMJZOFQFZ-UHFFFAOYSA-N,4.414821281409494
URYBXQONCWVNLA-UHFFFAOYSA-N__WUNNONXISFSGDX-UHFFFAOYSA-N,7.191226293712975
WUNNONXISFSGDX-UHFFFAOYSA-N__URYBXQONCWVNLA-UHFFFAOYSA-N,2.0897171495043203
KIHNTJGEPMDMJG-UHFFFAOYSA-N__SNZIBKPZAIQCLO-UHFFFAOYSA-N,5.620080210339495
IOTKTVXMHHWRIF-UHFFFAOYSA-N__BJTIAMLOXXZBGQ-UHFFFAOYSA-N,7.494274501126215
NEIZHJRQPJHCTP-UHFFFAOYSA-N__YXTCCGIIEYRLDT-UHFFFAOYSA-N,7.312714164629154
GWFDBQRXWVKEFI-UHFFFAOYSA-N__YMPCAVQINKZULF-UHFFFAOYSA-N,7.953447038582644
YMPCAVQINKZULF-UHFFFAOYSA-N__GWFDBQRXWVKEFI-UHFFFAOYSA-N,5.9583480587270685
IJDQMMDSIAFNCF-UHFFFAOYSA-N__WIZXJVJBCYPYSQ-UHFFFAOYSA-N,3.7416775254710255
WIZXJVJBCYPYSQ-UHFFFAOYSA-N__IJDQMMDSIAFNCF-UHFFFAOYSA-N,4.660391486944463
AQSGFFMXQDXHNA-UHFFFAOYSA-N__ZQJABZFKFUUMAC-UHFFFAOYSA-N,4.655888373699007
PMROAFFHUXRUKA-UHFFFAOYSA-N__FFAOFCTUICPUFZ-UHFFFAOYSA-N,2.9015487708261607
FFAOFCTUICPUFZ-UHFFFAOYSA-N__PMROAFFHUXRUKA-UHFFFAOYSA-N,2.5302866746928783
ZQJABZFKFUUMAC-UHFFFAOYSA-N__AQSGFFMXQDXHNA-UHFFFAOYSA-N,4.883235889544753
CRPVHVQNTBGLBX-UHFFFAOYSA-N__UBJQLXZZWOWZIS-UHFFFAOYSA-N,5.17525200102564
UBJQLXZZWOWZIS-UHFFFAOYSA-N__CRPVHVQNTBGLBX-UHFFFAOYSA-N,7.248496126161845
GLBCCKHCYJSNGE-UHFFFAOYSA-N__PJHFLFVXPAZOKI-UHFFFAOYSA-N,5.321992575300042
VORSIBIEYOTEJJ-UHFFFAOYSA-N__NMKKMKYCPZNGBT-UHFFFAOYSA-N,3.5666820744397625
ITDNZOGHXSEHSE-UHFFFAOYSA-N__PLQJFDRVAAATDQ-UHFFFAOYSA-N,13.491253894092477
GVNSVGNPQUKGLC-UHFFFAOYSA-N__FZJZGTNKNCHMAH-UHFFFAOYSA-N,2.920072344987215
DUOHNLSSAPUINK-UHFFFAOYSA-N__HMTWSWNZCWWACU-UHFFFAOYSA-N,4.97717854575392
PLQJFDRVAAATDQ-UHFFFAOYSA-N__ITDNZOGHXSEHSE-UHFFFAOYSA-N,23.008212662072555
HMTWSWNZCWWACU-UHFFFAOYSA-N__DUOHNLSSAPUINK-UHFFFAOYSA-N,-1.3659385563990578
ZZARBUZQSWRCPV-UHFFFAOYSA-N__CXFGDGBNLQHAEQ-UHFFFAOYSA-N,3.0185799732663896
CXFGDGBNLQHAEQ-UHFFFAOYSA-N__ZZARBUZQSWRCPV-UHFFFAOYSA-N,4.993391896520984
JHVYUGMBBBJFFC-UHFFFAOYSA-N__WNIMBODJSOBRDA-UHFFFAOYSA-N,5.943715197631404
WNIMBODJSOBRDA-UHFFFAOYSA-N__JHVYUGMBBBJFFC-UHFFFAOYSA-N,0.8445531411816743
MQOAKWWUZDIPRT-UHFFFAOYSA-N__HQJZOWMKTFSODO-UHFFFAOYSA-N,7.225747569043995
ZEUMRWKJOGQGAH-UHFFFAOYSA-N__ROVZAMQRAIKQKJ-UHFFFAOYSA-N,12.426105799812095
HQJZOWMKTFSODO-UHFFFAOYSA-N__MQOAKWWUZDIPRT-UHFFFAOYSA-N,4.857774773703222
OOFMSXAFQJSHSH-UHFFFAOYSA-N__JEYPPNDBWNFIAJ-UHFFFAOYSA-N,3.3673003959581944
VOTIXHXNECBHMR-UHFFFAOYSA-N__AXPPYSZVJWTCRN-UHFFFAOYSA-N,11.836656610233932
AXPPYSZVJWTCRN-UHFFFAOYSA-N__VOTIXHXNECBHMR-UHFFFAOYSA-N,14.520373633212438
KWXVVLHKADHVRM-UHFFFAOYSA-N__YTKGUYZCXFUDJL-UHFFFAOYSA-N,1.9755332090882525
IQMLUUFGGRHBBL-UHFFFAOYSA-N__RIUSDPAHSIQLMY-UHFFFAOYSA-N,3.599121590700444
YTKGUYZCXFUDJL-UHFFFAOYSA-N__KWXVVLHKADHVRM-UHFFFAOYSA-N,3.744578069377527
RIUSDPAHSIQLMY-UHFFFAOYSA-N__IQMLUUFGGRHBBL-UHFFFAOYSA-N,4.707978367046887
ZJQDKRGLSVVCJD-UHFFFAOYSA-N__FLPDRBZGRUDQEV-UHFFFAOYSA-N,5.304757831686098
FLPDRBZGRUDQEV-UHFFFAOYSA-N__ZJQDKRGLSVVCJD-UHFFFAOYSA-N,4.880436462484256
HVRGPJYMNCKQAL-UHFFFAOYSA-N__LRSRTWLEJBIAIT-UHFFFAOYSA-N,6.812826964535385
LRSRTWLEJBIAIT-UHFFFAOYSA-N__HVRGPJYMNCKQAL-UHFFFAOYSA-N,8.3660706340701
KAUOPDDEPAPCCM-UHFFFAOYSA-N__WFKKQGMOLUMLOB-UHFFFAOYSA-N,7.95831040030846
WFKKQGMOLUMLOB-UHFFFAOYSA-N__KAUOPDDEPAPCCM-UHFFFAOYSA-N,8.478430835294363
RHVKKTPUCGBCRH-UHFFFAOYSA-N__GBXXBBMSXUOVOW-UHFFFAOYSA-N,4.6516318142087165
PSYXMPDJLFBJMI-UHFFFAOYSA-N__ICLUAYDMBJNCCP-UHFFFAOYSA-N,6.732766450309364
ICLUAYDMBJNCCP-UHFFFAOYSA-N__PSYXMPDJLFBJMI-UHFFFAOYSA-N,4.829177064666015
UYXFXTVPCGQPRJ-UHFFFAOYSA-N__OKIALCDWCBXVLL-UHFFFAOYSA-N,6.674766873793665
QJNMSVHRISECRY-UHFFFAOYSA-N__DCOQKZXEWDJHEJ-UHFFFAOYSA-N,5.169691892351302
DCOQKZXEWDJHEJ-UHFFFAOYSA-N__QJNMSVHRISECRY-UHFFFAOYSA-N,4.833925020444427
LZVVLECWYNMHOK-UHFFFAOYSA-N__HIRGCAGUBSYETO-UHFFFAOYSA-N,4.1019384042904585
HIRGCAGUBSYETO-UHFFFAOYSA-N__LZVVLECWYNMHOK-UHFFFAOYSA-N,7.042469798870573
WBUDFHMDARENBJ-UHFFFAOYSA-N__FOHVMODHPNAKED-UHFFFAOYSA-N,2.576948676607569
ANRFLZFFXQDKDK-UHFFFAOYSA-N__WUOVLESNFRORAI-UHFFFAOYSA-N,5.4495358732140975
ULCMCQUDKLEZRT-UHFFFAOYSA-N__VIQHTBWPWKEYJS-DTORHVGOSA-N,2.7090874455409564
VIQHTBWPWKEYJS-DTORHVGOSA-N__ULCMCQUDKLEZRT-UHFFFAOYSA-N,6.35433866691714
OWCKWKYJHDWZKK-UHFFFAOYSA-N__DVKYLCNAXCLTTQ-UHFFFAOYSA-N,7.098243974595652
KCMXAZYBAPTOTB-UHFFFAOYSA-N__ODNNCZJWIMATES-UHFFFAOYSA-N,8.210947422668015
LNSHWLOPJWNWAM-UHFFFAOYSA-N__DNDJTNYVDUVUNS-UHFFFAOYSA-N,0.9426905954350898
WHYQQKUYXDCMOA-UHFFFAOYSA-N__SASQWVGNGJBYLV-ZETCQYMHSA-N,0.4753487566918758
GBYFSVNODFASGY-UHFFFAOYSA-N__WZVCQANZKZLMIO-UHFFFAOYSA-N,6.63345483587396
KESHERTXHPUMHC-UHFFFAOYSA-N__OMWAGFBHGUSIAG-UHFFFAOYSA-N,10.669251618571206
WZVCQANZKZLMIO-UHFFFAOYSA-N__GBYFSVNODFASGY-UHFFFAOYSA-N,8.121580543477108
SYLVQTMTBFTKJV-UHFFFAOYSA-N__LFGAJMPHHLEKJO-UHFFFAOYSA-N,5.634825644416989
JYIZLUSAJQRYFZ-UHFFFAOYSA-N__NQOUDZZHNAVUHU-UHFFFAOYSA-N,1.212731857800995
NQOUDZZHNAVUHU-UHFFFAOYSA-N__JYIZLUSAJQRYFZ-UHFFFAOYSA-N,4.751201937412711
TUFNAWBZOFBEHP-UHFFFAOYSA-N__DXRLERKSZUPEOH-CHHVJCJISA-N,4.276867319689128
XXRPWIVHTDFBQV-UHFFFAOYSA-N__XXSANBQVRKXKEE-UHFFFAOYSA-N,6.8189556514194924
XXSANBQVRKXKEE-UHFFFAOYSA-N__XXRPWIVHTDFBQV-UHFFFAOYSA-N,2.6076843130677045
DWLKJHOZDNFBJG-UHFFFAOYSA-N__BRYNJJUIHBUGDA-UHFFFAOYSA-N,6.163171803225147
BRYNJJUIHBUGDA-UHFFFAOYSA-N__DWLKJHOZDNFBJG-UHFFFAOYSA-N,5.77619997593446
RHSMOOJGPSAVSN-UHFFFAOYSA-N__WWGQZRMJMNQCBG-UHFFFAOYSA-N,6.169998413589927
WWGQZRMJMNQCBG-UHFFFAOYSA-N__RHSMOOJGPSAVSN-UHFFFAOYSA-N,7.417276391653824
XIMCLEAEWWYKLY-UHFFFAOYSA-N__YWXQPFZNLHBMJZ-UHFFFAOYSA-N,2.526334974857813
YWXQPFZNLHBMJZ-UHFFFAOYSA-N__XIMCLEAEWWYKLY-UHFFFAOYSA-N,7.523481229276015
XNEKIILFDVSPTH-UHFFFAOYSA-N__JLUVTJHFKMGYOU-UHFFFAOYSA-N,0.2025066760012227
JLUVTJHFKMGYOU-UHFFFAOYSA-N__XNEKIILFDVSPTH-UHFFFAOYSA-N,10.37819077978625
YDZSWCJMISJGBQ-UHFFFAOYSA-N__LUHUTDMURRXZFQ-UHFFFAOYSA-N,4.081558657401876
LUHUTDMURRXZFQ-UHFFFAOYSA-N__YDZSWCJMISJGBQ-UHFFFAOYSA-N,2.450626518049711
JDCOHWNQITUESR-UHFFFAOYSA-N__WUIJGXIMBXKVEQ-UHFFFAOYSA-N,10.73689699350111
WUIJGXIMBXKVEQ-UHFFFAOYSA-N__JDCOHWNQITUESR-UHFFFAOYSA-N,8.755862743473822
DUQPZLJNAYHRKH-UHFFFAOYSA-N__OBQOUHJTZXIVHI-UHFFFAOYSA-N,3.885094386145173
OBQOUHJTZXIVHI-UHFFFAOYSA-N__DUQPZLJNAYHRKH-UHFFFAOYSA-N,4.8142802904014665
FNQUEVLZVSLZGB-UHFFFAOYSA-N__OGXPZDNUNZPCCL-UHFFFAOYSA-N,0.8399112816797547
PRLVQNBJMHZQAM-UHFFFAOYSA-N__WCHGDHCWUQDPKW-UHFFFAOYSA-N,18.219846547486508
WCHGDHCWUQDPKW-UHFFFAOYSA-N__PRLVQNBJMHZQAM-UHFFFAOYSA-N,11.115190797618126
IRKGYUPYSFCYTB-LLVKDONJSA-N__VOOFYNNMFXAUFO-CMDGGOBGSA-N,7.064251063288724
HCFHFIMGKZEFTH-UHFFFAOYSA-N__QTEVNCUVQSCQBE-UHFFFAOYSA-N,4.63047610591434
GMQPHOHIAQCYPR-UHFFFAOYSA-N__GNSPQCUCWGQTPQ-UHFFFAOYSA-N,9.977051422992208
GNEHIVMEFAXLAG-UHFFFAOYSA-N__AFBSEUYCWQARHI-UHFFFAOYSA-N,6.389794022740755
AFBSEUYCWQARHI-UHFFFAOYSA-N__GNEHIVMEFAXLAG-UHFFFAOYSA-N,8.081942360032016
UXABRIGNOUJWME-UHFFFAOYSA-N__GFMMQESSTPJGDC-UHFFFAOYSA-N,6.119968869612783
OWGBBKYMGOJIBZ-UHFFFAOYSA-N__PZGGXWBTMCCTHF-UHFFFAOYSA-N,6.845911892005657
SZZFTZSIMUZZBV-UHFFFAOYSA-N__XFLONPBROQCUJW-UHFFFAOYSA-N,14.625456216894095
XFLONPBROQCUJW-UHFFFAOYSA-N__SZZFTZSIMUZZBV-UHFFFAOYSA-N,12.584303293506464
JVWBVQVMTTVOLO-UHFFFAOYSA-N__NIKFWNNRZQDEMA-UHFFFAOYSA-N,0.6976063663072619
HJWLQCQBYFLAGK-UHFFFAOYSA-N__INCREDMVGVJPPV-UHFFFAOYSA-N,3.331732669614444
LHPZKPAQBMCACL-UHFFFAOYSA-N__XFHIADZVYZLDLC-UHFFFAOYSA-N,4.42457035076795
XFHIADZVYZLDLC-UHFFFAOYSA-N__LHPZKPAQBMCACL-UHFFFAOYSA-N,5.913064676124189
HOGOMWHAPHDDJM-UHFFFAOYSA-N__ZGRDPIWTTIUXDU-UHFFFAOYSA-N,5.220888452994158
ZGRDPIWTTIUXDU-UHFFFAOYSA-N__HOGOMWHAPHDDJM-UHFFFAOYSA-N,7.157783686628839
XFNZSDIZZJPKCU-UHFFFAOYSA-N__ZZZUYUIQPVULFS-UHFFFAOYSA-N,1.1367506594811598
RJXHSJKHRDIVRO-UHFFFAOYSA-N__PLRZTANJHBXMJZ-UHFFFAOYSA-N,8.356045988950225
QVFIZAOQDKNSMH-UHFFFAOYSA-N__OKXPVZTVMDPZSD-UHFFFAOYSA-N,8.39969758302533
LBWPYSGJMLWEGS-UHFFFAOYSA-N__ZWTHUYHELYMCFH-UHFFFAOYSA-N,6.646533623626767
KXSPNJURAZANIT-UHFFFAOYSA-N__STKQCAXNOBLWGP-UHFFFAOYSA-N,3.085250954142002
LLYXUFQXCNIGDG-UHFFFAOYSA-N__RAAKSFNVTUXDTM-UHFFFAOYSA-N,5.533952473831466
RAAKSFNVTUXDTM-UHFFFAOYSA-N__LLYXUFQXCNIGDG-UHFFFAOYSA-N,3.983704671705637
SAIREVNVPSVRJI-UHFFFAOYSA-N__UFLNNUPDPBZAMV-UHFFFAOYSA-N,3.6128354412164834
DJVDVTPALIWEQI-UHFFFAOYSA-N__IEVHQHYCWAHZPI-UHFFFAOYSA-N,9.066277017437285
SOJXHWCMONQPPU-UHFFFAOYSA-N__DFWARZGYUSEGOF-UHFFFAOYSA-N,5.747985904910974
MWUIIOMREJIZRL-UHFFFAOYSA-N__MSXXPQSSQDPSJB-UHFFFAOYSA-N,3.676252044416488
DFWARZGYUSEGOF-UHFFFAOYSA-N__SOJXHWCMONQPPU-UHFFFAOYSA-N,6.640798488388072
CRSHNKVUCSAXTA-UHFFFAOYSA-N__CLUMTHHORUVBIQ-UHFFFAOYSA-N,2.2308435961416304
CLUMTHHORUVBIQ-UHFFFAOYSA-N__CRSHNKVUCSAXTA-UHFFFAOYSA-N,3.3319854241334994
IGPVYDYJMASIIM-UHFFFAOYSA-N__QZSZWWGYYJWXRC-UHFFFAOYSA-N,-2.399308138531687
QZSZWWGYYJWXRC-UHFFFAOYSA-N__IGPVYDYJMASIIM-UHFFFAOYSA-N,11.108875300299864
UXTGVBCZAVYGFN-UHFFFAOYSA-N__NNARYPQKYJMRLG-UHFFFAOYSA-N,5.897120190776123
NNARYPQKYJMRLG-UHFFFAOYSA-N__UXTGVBCZAVYGFN-UHFFFAOYSA-N,7.316952758390741
IYSRYNUUYIZWMU-UHFFFAOYSA-N__FARKYDZQCLZAEK-UHFFFAOYSA-N,6.812892738689433
FARKYDZQCLZAEK-UHFFFAOYSA-N__IYSRYNUUYIZWMU-UHFFFAOYSA-N,6.648354415138973
GXUOHTYCQHQUAB-UHFFFAOYSA-N__UXCIJKNGQOBYAO-UHFFFAOYSA-N,9.994323936912258
ZXYKMFZZQJBZJC-UHFFFAOYSA-N__KGJYXTYKXLPHNY-UHFFFAOYSA-N,3.988538655868795
UXCIJKNGQOBYAO-UHFFFAOYSA-N__GXUOHTYCQHQUAB-UHFFFAOYSA-N,5.8429097301505015
DCQVMMQPDMUIPC-UHFFFAOYSA-N__IQHVWAXAMNFXHI-UHFFFAOYSA-N,-1.3672834836024923
IQHVWAXAMNFXHI-UHFFFAOYSA-N__DCQVMMQPDMUIPC-UHFFFAOYSA-N,3.296422477398109
JTWRTJSGNBWUAB-UHFFFAOYSA-N__IDNWSOYXDGWSJY-UHFFFAOYSA-N,5.985524186480655
IDNWSOYXDGWSJY-UHFFFAOYSA-N__JTWRTJSGNBWUAB-UHFFFAOYSA-N,10.294512376189752
ZCGYAVOXRDPOJD-UHFFFAOYSA-N__RXYNCOADJRVWAR-UHFFFAOYSA-N,1.3636584146892592
SRDOXEUKEDLUQG-UHFFFAOYSA-N__OBCRWQDMCYGOBF-UHFFFAOYSA-N,2.553620181951917
OBCRWQDMCYGOBF-UHFFFAOYSA-N__SRDOXEUKEDLUQG-UHFFFAOYSA-N,7.837383914790132
MCCBKPGWZLQQKJ-UHFFFAOYSA-N__QOMQXNARPFFQDH-UHFFFAOYSA-N,4.602161247419635
QOMQXNARPFFQDH-UHFFFAOYSA-N__MCCBKPGWZLQQKJ-UHFFFAOYSA-N,5.895474091745078
BQGYIXHHFKVBRQ-UHFFFAOYSA-N__FPQAPYSLXCXNKM-UHFFFAOYSA-N,5.201339467571051
PHTMDUJSSOOVCO-UHFFFAOYSA-N__MRXWTPQEYTVXDX-UHFFFAOYSA-N,8.031195596148537
FPQAPYSLXCXNKM-UHFFFAOYSA-N__BQGYIXHHFKVBRQ-UHFFFAOYSA-N,18.132310115047584
PCAFZFUBBJJIMK-UHFFFAOYSA-N__PJNBNUJULPAOPD-UHFFFAOYSA-N,6.39830903899714
PJNBNUJULPAOPD-UHFFFAOYSA-N__PCAFZFUBBJJIMK-UHFFFAOYSA-N,4.8623432118774685
LSRTWZMPWWIMJS-UHFFFAOYSA-N__DJUNUTKTFUUHKU-UHFFFAOYSA-N,4.107234437712415
DJUNUTKTFUUHKU-UHFFFAOYSA-N__LSRTWZMPWWIMJS-UHFFFAOYSA-N,5.450139646228898
YEIDSUOXHLQMLM-UHFFFAOYSA-N__YOINXIXPJMEACS-UHFFFAOYSA-N,2.672948327854262
YOINXIXPJMEACS-UHFFFAOYSA-N__YEIDSUOXHLQMLM-UHFFFAOYSA-N,3.219491799440604
SQSWYWCEKCVQEA-UHFFFAOYSA-N__YFEHZLHUOABJFH-UHFFFAOYSA-N,2.1973708271162886
YFEHZLHUOABJFH-UHFFFAOYSA-N__SQSWYWCEKCVQEA-UHFFFAOYSA-N,3.397323212736534
HJYISPWTORQPEC-UHFFFAOYSA-N__SVROXUACVQRUSK-UHFFFAOYSA-N,6.961834201264958
GZDBJGCIDMWMKQ-UHFFFAOYSA-N__VSQHFGIPBKUQNR-UHFFFAOYSA-N,0.7962341349129147
VSQHFGIPBKUQNR-UHFFFAOYSA-N__GZDBJGCIDMWMKQ-UHFFFAOYSA-N,1.608542467201517
KGRJSYSBYXBSJS-UHFFFAOYSA-N__OWDLPUIRENCMGX-UHFFFAOYSA-N,4.4951901489320525
CNCVMMWJFOKGQV-UHFFFAOYSA-N__LBIBFGLXBKDLIB-UHFFFAOYSA-N,2.9509181321654965
LBIBFGLXBKDLIB-UHFFFAOYSA-N__CNCVMMWJFOKGQV-UHFFFAOYSA-N,2.8227972405751376
DPVPTWAENCJMHL-UHFFFAOYSA-N__BJACBYQPQFDYEW-NSCUHMNNSA-N,10.423738026048351
BJACBYQPQFDYEW-NSCUHMNNSA-N__DPVPTWAENCJMHL-UHFFFAOYSA-N,9.20632463260278
GYKDPXRYDYEGIY-UHFFFAOYSA-N__OPCQAIRYMNYPSH-UHFFFAOYSA-N,6.568908296389389
OPCQAIRYMNYPSH-UHFFFAOYSA-N__GYKDPXRYDYEGIY-UHFFFAOYSA-N,7.335158594891819
RLZYWUBJSOCZOT-UHFFFAOYSA-N__GANPNTAZYYZRIR-UHFFFAOYSA-N,10.05880838115295
GANPNTAZYYZRIR-UHFFFAOYSA-N__RLZYWUBJSOCZOT-UHFFFAOYSA-N,4.687999624220322
ADPXSQASVXLHBQ-UHFFFAOYSA-N__LFQWNPHLSHAJJR-UHFFFAOYSA-N,7.138763591287796
LFQWNPHLSHAJJR-UHFFFAOYSA-N__ADPXSQASVXLHBQ-UHFFFAOYSA-N,8.00997159548471
CKKCRXLXWPITDA-UHFFFAOYSA-N__YSPAVTSIOZGMRP-UHFFFAOYSA-N,9.21249544222002
YSPAVTSIOZGMRP-UHFFFAOYSA-N__CKKCRXLXWPITDA-UHFFFAOYSA-N,7.155903187037371
VQEKTLRHIMGTRW-UHFFFAOYSA-N__BIEURDISRGEYGR-UHFFFAOYSA-N,10.410520777611373
BIEURDISRGEYGR-UHFFFAOYSA-N__VQEKTLRHIMGTRW-UHFFFAOYSA-N,7.744857005144018
JPLPOJHKNBWXKG-UHFFFAOYSA-N__QDHUHLUILSWSDO-UHFFFAOYSA-N,5.883493913075132
XUGQXFZTMPAIGE-SNVBAGLBSA-N__IUGDREQYIJQBBJ-UHFFFAOYSA-N,6.207186802556485
KPJGWBZHQHJTNW-UHFFFAOYSA-N__IOQLPRPCMWGUOG-UHFFFAOYSA-N,10.062275485429549
AOXDBGBAAUIOOL-UHFFFAOYSA-N__REWNLKYZJJGXRK-UHFFFAOYSA-N,3.9810681147331337
REWNLKYZJJGXRK-UHFFFAOYSA-N__AOXDBGBAAUIOOL-UHFFFAOYSA-N,8.410890300565182
QZTWKTBFLKRDMQ-UHFFFAOYSA-N__ZWDOUDNVAUDVHB-UHFFFAOYSA-N,3.990348579796609
BOMRZXGWCANDRC-UHFFFAOYSA-N__JVTQANIPELEWKF-UHFFFAOYSA-N,6.746855392002209
JVTQANIPELEWKF-UHFFFAOYSA-N__BOMRZXGWCANDRC-UHFFFAOYSA-N,4.706495441725036
MFTKSJBZKMZVBG-UHFFFAOYSA-N__ZKUMUFOFFROZIP-UHFFFAOYSA-N,10.543878354595224
GEYJZGITYCAVQN-UHFFFAOYSA-N__OPIJJGMMJIWMAU-UHFFFAOYSA-N,2.165499224323284
OPIJJGMMJIWMAU-UHFFFAOYSA-N__GEYJZGITYCAVQN-UHFFFAOYSA-N,2.838289923808576
LLHPGVFQNJWKFA-UHFFFAOYSA-N__JNMYJTRCFMJNIE-ONEGZZNKSA-N,4.078343055848941
RPGSTQRFGMGZHX-UHFFFAOYSA-N__BUMPBVQDRSJJHU-UHFFFAOYSA-N,3.56247522742788
LCCXNWIZIKECIV-UHFFFAOYSA-N__SCDMFGKUKRMPKQ-UHFFFAOYSA-N,3.1110483380248923
RWAIGOVCCVNHSF-UHFFFAOYSA-N__WQLYOFWKIPMHPL-UHFFFAOYSA-N,5.937942229022425
QYERDQMEINZHIB-UHFFFAOYSA-N__PESWJUVJOPERGA-UHFFFAOYSA-N,7.643709179291519
QLZYBURHCXSYEZ-UHFFFAOYSA-N__AULVLCIXNXRPMR-UHFFFAOYSA-N,5.368163549538158
WQLYOFWKIPMHPL-UHFFFAOYSA-N__RWAIGOVCCVNHSF-UHFFFAOYSA-N,5.147531544237436
GDAAQVDOTWOURH-UHFFFAOYSA-N__JYANAHBVAWSZOR-UHFFFAOYSA-N,1.2656030381780068
JYANAHBVAWSZOR-UHFFFAOYSA-N__GDAAQVDOTWOURH-UHFFFAOYSA-N,4.088658997402742
AWEQCEQGLOPOFZ-UHFFFAOYSA-N__NZNRMUVHUVCIBR-UHFFFAOYSA-N,0.6699035139128514
NZNRMUVHUVCIBR-UHFFFAOYSA-N__AWEQCEQGLOPOFZ-UHFFFAOYSA-N,3.3687812236827344
DYGDETHZEHSTLB-UHFFFAOYSA-N__GVZIWSSFZNAGTN-UHFFFAOYSA-N,7.268097983264777
FVJJQFCESRHZCZ-UHFFFAOYSA-N__NZISTBOWWSWIME-UHFFFAOYSA-N,3.940339490728366
GVZIWSSFZNAGTN-UHFFFAOYSA-N__DYGDETHZEHSTLB-UHFFFAOYSA-N,5.039691780216584
NZISTBOWWSWIME-UHFFFAOYSA-N__FVJJQFCESRHZCZ-UHFFFAOYSA-N,3.406840057890759
XGUXQLVZVRNBHI-UHFFFAOYSA-N__JLQGETVMUZRCHX-UHFFFAOYSA-N,3.2150804540621363
JLQGETVMUZRCHX-UHFFFAOYSA-N__XGUXQLVZVRNBHI-UHFFFAOYSA-N,3.8147900837951294
BNNWSBZIAIKPMS-UHFFFAOYSA-N__JERSOHXJVOFHBZ-UHFFFAOYSA-N,2.728006323304528
JERSOHXJVOFHBZ-UHFFFAOYSA-N__BNNWSBZIAIKPMS-UHFFFAOYSA-N,5.780800853565613
CAPAYRHNZSQDRU-HNNXBMFYSA-N__NSUDCMIVNBYSTA-UHFFFAOYSA-N,7.597317297801502
POIHMVOUCILZHI-UHFFFAOYSA-N__BLSIWXQSLBCOQL-UHFFFAOYSA-N,4.127809088509116
FDFPPGPODBWEMN-UHFFFAOYSA-N__DZUFBAHGFZKIRA-UHFFFAOYSA-N,4.375251737543526
DZUFBAHGFZKIRA-UHFFFAOYSA-N__FDFPPGPODBWEMN-UHFFFAOYSA-N,8.491962617103294
SEGMPCGKKMIEDM-UHFFFAOYSA-N__HGGCRZRKEGDSIH-UHFFFAOYSA-N,7.241657351901386
YMZWPNOSVTWJHM-UHFFFAOYSA-N__TZXVWIWPUDUAMP-UHFFFAOYSA-N,12.363230947720089
TZXVWIWPUDUAMP-UHFFFAOYSA-N__YMZWPNOSVTWJHM-UHFFFAOYSA-N,9.114132743697024
DDWZNBHQKWBTSK-UHFFFAOYSA-N__NRAMXYRXIHYHJU-UHFFFAOYSA-N,5.530137937085177
NRAMXYRXIHYHJU-UHFFFAOYSA-N__DDWZNBHQKWBTSK-UHFFFAOYSA-N,2.8967492127128525
JPSVLGGCGMJFBD-UHFFFAOYSA-N__KEZLNNNFMZXHSO-UHFFFAOYSA-N,4.464901401787211
YJEGMWLAEISZOR-UHFFFAOYSA-N__PCAYQEVNEYPUJZ-UHFFFAOYSA-N,9.32721886043742
KEZLNNNFMZXHSO-UHFFFAOYSA-N__JPSVLGGCGMJFBD-UHFFFAOYSA-N,5.287584545254939
PCAYQEVNEYPUJZ-UHFFFAOYSA-N__YJEGMWLAEISZOR-UHFFFAOYSA-N,4.141927892302964
LULZYJHBAJQXJP-UHFFFAOYSA-N__LTNOMDZPDCFPAJ-UHFFFAOYSA-N,11.618960868061906
HJEYKUWXOZQEEE-UHFFFAOYSA-N__JXZIWESOXAHNOG-UHFFFAOYSA-N,9.270654095841577
TWJIQVDQZZMOIV-UHFFFAOYSA-N__YYIDEFRHINNEIF-UHFFFAOYSA-N,6.546739236858227
JXZIWESOXAHNOG-UHFFFAOYSA-N__HJEYKUWXOZQEEE-UHFFFAOYSA-N,12.784417753836337
DENPJHMGDSNREJ-UHFFFAOYSA-N__JFUUOGINJTUUGU-UHFFFAOYSA-N,5.939995728777829
YYIDEFRHINNEIF-UHFFFAOYSA-N__TWJIQVDQZZMOIV-UHFFFAOYSA-N,6.467389973699587
ABJBKBOVJHSMHZ-UHFFFAOYSA-N__YSKCDNVTEOVALE-UHFFFAOYSA-N,10.770976126023635
YSKCDNVTEOVALE-UHFFFAOYSA-N__ABJBKBOVJHSMHZ-UHFFFAOYSA-N,6.414047784242104
QKMJIVHSBQKPJL-UHFFFAOYSA-N__QLXMFOMGVYGWAC-INIZCTEOSA-N,10.254466332664824
QLXMFOMGVYGWAC-INIZCTEOSA-N__QKMJIVHSBQKPJL-UHFFFAOYSA-N,6.354665081180705
BXDCMGRVZJNNRW-UHFFFAOYSA-N__CEGBNZMMORXPGK-UHFFFAOYSA-N,6.606156024538305
HYCCDWXOSOELJA-UHFFFAOYSA-N__JXUUXDPIGQLVAH-UHFFFAOYSA-N,1.258329800242806
JXUUXDPIGQLVAH-UHFFFAOYSA-N__HYCCDWXOSOELJA-UHFFFAOYSA-N,9.743767795861
JKVBNKAEUBSULX-UHFFFAOYSA-N__ZZLTZJCEYQCTTO-UHFFFAOYSA-N,6.147277095417175
GUMNXLDZBMRRDF-UHFFFAOYSA-N__WNRYSFWJGPQWSU-UHFFFAOYSA-N,2.105390150486516
ZZLTZJCEYQCTTO-UHFFFAOYSA-N__JKVBNKAEUBSULX-UHFFFAOYSA-N,9.665690996668516
WNRYSFWJGPQWSU-UHFFFAOYSA-N__GUMNXLDZBMRRDF-UHFFFAOYSA-N,9.195649760852492
SJQUDDAKQBZFRU-UHFFFAOYSA-N__NJLYVMKMERZOGH-UHFFFAOYSA-N,7.886992757493907
NJLYVMKMERZOGH-UHFFFAOYSA-N__SJQUDDAKQBZFRU-UHFFFAOYSA-N,4.376844899476363
HGCBAGCSIKGJIR-UHFFFAOYSA-N__ULIORLXMYXTVNS-UHFFFAOYSA-N,6.052398616103791
ULIORLXMYXTVNS-UHFFFAOYSA-N__HGCBAGCSIKGJIR-UHFFFAOYSA-N,3.1199178071351525
JYJYCCSREXLSRM-UHFFFAOYSA-N__UQQRDFSVXBRMBD-UHFFFAOYSA-N,3.3841402645064056
VGPWMLXJTBTKOH-UHFFFAOYSA-N__UTGKRBWWNTXPEA-UHFFFAOYSA-N,5.476806399909272
NOBZDXJNPIZFMP-UHFFFAOYSA-N__WJVWDZANNMFNTG-UHFFFAOYSA-N,0.4359060719128769
WJVWDZANNMFNTG-UHFFFAOYSA-N__NOBZDXJNPIZFMP-UHFFFAOYSA-N,3.650512565148588
YMJJZABYKZEXSM-UHFFFAOYSA-N__XNNKKHQJIZSPBM-UHFFFAOYSA-N,4.875998567586274
XNNKKHQJIZSPBM-UHFFFAOYSA-N__YMJJZABYKZEXSM-UHFFFAOYSA-N,8.13455230825244
NSDJEKZFTNXWTR-UHFFFAOYSA-N__QFEVFARJAOMJJA-UHFFFAOYSA-N,6.96221615388139
BJEAUYYDUMPGDG-UHFFFAOYSA-N__RHVKKBXEASQHFH-UHFFFAOYSA-N,10.618725756375143
QFEVFARJAOMJJA-UHFFFAOYSA-N__NSDJEKZFTNXWTR-UHFFFAOYSA-N,8.79538837990469
RHVKKBXEASQHFH-UHFFFAOYSA-N__BJEAUYYDUMPGDG-UHFFFAOYSA-N,7.198125558433737
KPBVMMUCAPAWQF-UHFFFAOYSA-N__RTGKDPOVGKZSRU-UHFFFAOYSA-N,4.986034693698034
ADKKXBDPDTXZTC-UHFFFAOYSA-N__CWCVYSVRRZTTPS-UHFFFAOYSA-N,3.962380034810476
AHCOPSBLXYUTBS-UHFFFAOYSA-N__YAIKJZSQFPKBCK-UHFFFAOYSA-N,5.548495644682373
YAIKJZSQFPKBCK-UHFFFAOYSA-N__AHCOPSBLXYUTBS-UHFFFAOYSA-N,3.798959264208394
SERBYFHIEFRKTE-UHFFFAOYSA-N__GDGZQKRUMGVZOG-UHFFFAOYSA-N,3.139186074926155
QHPAJBSTTZAQPB-UHFFFAOYSA-N__LIUDVBDMPUVVPR-UHFFFAOYSA-N,6.81885564019411
GDGZQKRUMGVZOG-UHFFFAOYSA-N__SERBYFHIEFRKTE-UHFFFAOYSA-N,5.536883172616556
ITEOHAVIGPMZPL-UHFFFAOYSA-N__KJRGNMKBDMGIMC-UHFFFAOYSA-N,5.6234306805580285
KJRGNMKBDMGIMC-UHFFFAOYSA-N__ITEOHAVIGPMZPL-UHFFFAOYSA-N,7.09855176188406
GQGFWALRHPXDNO-UHFFFAOYSA-N__OHRKESMAFOWJDM-UHFFFAOYSA-N,3.11184394042646
OHRKESMAFOWJDM-UHFFFAOYSA-N__GQGFWALRHPXDNO-UHFFFAOYSA-N,2.29889282236704
AWAKIBPCGUOQET-UHFFFAOYSA-N__RDUVWFUGVPPNNZ-UHFFFAOYSA-N,13.361747337837274
RDUVWFUGVPPNNZ-UHFFFAOYSA-N__AWAKIBPCGUOQET-UHFFFAOYSA-N,14.8679854657738
NSLPACIUCGMHTF-UHFFFAOYSA-N__REYYDHDYHSDFAE-UHFFFAOYSA-N,4.77513643515805
REYYDHDYHSDFAE-UHFFFAOYSA-N__NSLPACIUCGMHTF-UHFFFAOYSA-N,7.067657661267634
HUJUTGPTSGJVQT-UHFFFAOYSA-N__GFALBJSSZYIXQE-UHFFFAOYSA-N,3.948112613504176
GFALBJSSZYIXQE-UHFFFAOYSA-N__HUJUTGPTSGJVQT-UHFFFAOYSA-N,7.931209406174852
WAJKXZVSUOJIKU-UHFFFAOYSA-N__PKXLXBSQOKIOPO-UHFFFAOYSA-N,4.51746785420184
PKXLXBSQOKIOPO-UHFFFAOYSA-N__WAJKXZVSUOJIKU-UHFFFAOYSA-N,11.18804833817539
HMQRSZGOKLPZIC-UHFFFAOYSA-N__HVLRBLXRBVTVAR-UHFFFAOYSA-N,6.4374074875331
HVLRBLXRBVTVAR-UHFFFAOYSA-N__HMQRSZGOKLPZIC-UHFFFAOYSA-N,3.860630366748577
HVKAFKLZXBCTLP-UHFFFAOYSA-N__IHOVXSUZFYOKPY-UHFFFAOYSA-N,7.721497773764264
BHEOEEMPNRAZGY-UHFFFAOYSA-N__TWLHKDDYOQKYSA-UHFFFAOYSA-N,15.78634115066387
IHOVXSUZFYOKPY-UHFFFAOYSA-N__HVKAFKLZXBCTLP-UHFFFAOYSA-N,4.256992853623379
TWLHKDDYOQKYSA-UHFFFAOYSA-N__BHEOEEMPNRAZGY-UHFFFAOYSA-N,13.408236308769336
UNZHVRNLHMCZOF-UHFFFAOYSA-N__YJGYPNFZFYYXJA-UHFFFAOYSA-N,0.4846633121525341
DHQLPQBIOOUGGX-UHFFFAOYSA-N__FYDDPOAOFIKTCQ-ONEGZZNKSA-N,6.293067823011831
FYDDPOAOFIKTCQ-ONEGZZNKSA-N__DHQLPQBIOOUGGX-UHFFFAOYSA-N,4.365441298963972
DETFMKNJOOKQCQ-UHFFFAOYSA-N__IHDNCEMDQYEOHS-UHFFFAOYSA-N,9.584102350377997
IHDNCEMDQYEOHS-UHFFFAOYSA-N__DETFMKNJOOKQCQ-UHFFFAOYSA-N,7.969383487528403
YFFAMFKOOMXYER-UHFFFAOYSA-N__WSRYIQFBFYYSCN-UHFFFAOYSA-N,5.891825602836489
WSRYIQFBFYYSCN-UHFFFAOYSA-N__YFFAMFKOOMXYER-UHFFFAOYSA-N,10.73505902705931
BHURCNUEYAZAEK-UHFFFAOYSA-N__VFSCLRRDWAZVED-UHFFFAOYSA-N,4.6026934959545285
QSNQGTVTYBFJJD-UHFFFAOYSA-N__GELQTZLDJBOCEO-UHFFFAOYSA-N,9.29065645613142
VFSCLRRDWAZVED-UHFFFAOYSA-N__BHURCNUEYAZAEK-UHFFFAOYSA-N,8.367998062541384
QYHQPXXNKJQYLC-UHFFFAOYSA-N__JJSJLIAEAVRBJW-UHFFFAOYSA-N,10.172518394700226
JJSJLIAEAVRBJW-UHFFFAOYSA-N__QYHQPXXNKJQYLC-UHFFFAOYSA-N,8.884211990809012
HJBCLEZLSOXETP-UHFFFAOYSA-N__MKPCMKFXYXTEDG-UHFFFAOYSA-N,5.572454211113758
MKPCMKFXYXTEDG-UHFFFAOYSA-N__HJBCLEZLSOXETP-UHFFFAOYSA-N,2.783905596029252
ILDFENXYBXYHIT-UHFFFAOYSA-N__DLHKMAQQHPPVQQ-UHFFFAOYSA-N,2.894345859008807
PKGBUTPUIFGRPY-UHFFFAOYSA-N__XVMZONGWIWPVHH-UHFFFAOYSA-N,2.321324582651132
XVMZONGWIWPVHH-UHFFFAOYSA-N__PKGBUTPUIFGRPY-UHFFFAOYSA-N,6.3861878118002
ADZJUSDHHBITNJ-UHFFFAOYSA-N__VXBPUCLVVOREEP-UHFFFAOYSA-N,5.891368999925651
VXBPUCLVVOREEP-UHFFFAOYSA-N__ADZJUSDHHBITNJ-UHFFFAOYSA-N,5.284965586255667
OOZJPRNXHIFPQL-UHFFFAOYSA-N__RGBKEKRCPUVHID-UHFFFAOYSA-N,11.995608087111403
RGBKEKRCPUVHID-UHFFFAOYSA-N__OOZJPRNXHIFPQL-UHFFFAOYSA-N,4.724672001537605
AUYRJHAJSCNGEN-GDNBJRDFSA-N__JTFXFIKIICAIGI-UHFFFAOYSA-N,-3.391712816872231
JTFXFIKIICAIGI-UHFFFAOYSA-N__AUYRJHAJSCNGEN-GDNBJRDFSA-N,-0.7228763119396321
IWSXTIKHZMBBTH-UHFFFAOYSA-N__RVRBYYABZRPFDN-UHFFFAOYSA-N,3.9854936335715614
RVRBYYABZRPFDN-UHFFFAOYSA-N__IWSXTIKHZMBBTH-UHFFFAOYSA-N,8.184756214408546
QXROYVDNYWSRLX-UHFFFAOYSA-N__UIUPAHOUIJRPMF-UHFFFAOYSA-N,2.9717686085547825
OFNCIYMPJXVIGD-UHFFFAOYSA-N__MIABNGBQXXKSNN-CQSZACIVSA-N,3.945475385868396
UIUPAHOUIJRPMF-UHFFFAOYSA-N__QXROYVDNYWSRLX-UHFFFAOYSA-N,6.715868039727125
JURITSPGXCJUAU-UHFFFAOYSA-N__UJHLVRYJCMNBPM-UHFFFAOYSA-N,7.288229968690651
OOQLBTOLFXLGTD-UHFFFAOYSA-N__SHWUXCDGXGTGJB-UHFFFAOYSA-N,6.206507541506734
SHWUXCDGXGTGJB-UHFFFAOYSA-N__OOQLBTOLFXLGTD-UHFFFAOYSA-N,11.24930440922569
PENKMPZYNHVWLX-UHFFFAOYSA-N__MPXBHSKEXFXHFX-UHFFFAOYSA-N,2.884390207383653
CNCLBSIPESQLGS-UHFFFAOYSA-N__OHWOZRBLWZMTNC-UHFFFAOYSA-N,3.5879665993788463
OHWOZRBLWZMTNC-UHFFFAOYSA-N__CNCLBSIPESQLGS-UHFFFAOYSA-N,7.28387225054937
WTVHSLUOAOXLAF-UHFFFAOYSA-N__IYRYVFFNCDGPQM-UHFFFAOYSA-N,11.513189916620655
IYRYVFFNCDGPQM-UHFFFAOYSA-N__WTVHSLUOAOXLAF-UHFFFAOYSA-N,4.988749287525565
ZMRITOOPJGZGIK-UHFFFAOYSA-N__MJUXQNJOFBZSCY-UHFFFAOYSA-N,4.044749461066554
HZVQSTIJAYHEGR-UHFFFAOYSA-N__UTGKRBWWNTXPEA-UHFFFAOYSA-N,10.338516712609918
NQDGFNYWSCGSQV-UHFFFAOYSA-N__ZTYMSWVDOBGKAI-UHFFFAOYSA-N,9.010456718898167
UTGKRBWWNTXPEA-UHFFFAOYSA-N__HZVQSTIJAYHEGR-UHFFFAOYSA-N,7.073716665160097
ZTYMSWVDOBGKAI-UHFFFAOYSA-N__NQDGFNYWSCGSQV-UHFFFAOYSA-N,9.64485951308369
DGCOHOYTTREJAI-UHFFFAOYSA-N__MADCZZBIJPPTPK-UHFFFAOYSA-N,7.393734420475648
MADCZZBIJPPTPK-UHFFFAOYSA-N__DGCOHOYTTREJAI-UHFFFAOYSA-N,7.395161915381397
GPCYOZYHBREWCI-UHFFFAOYSA-N__RHENXGQTPWBDCL-UHFFFAOYSA-N,7.818620532101381
RHENXGQTPWBDCL-UHFFFAOYSA-N__GPCYOZYHBREWCI-UHFFFAOYSA-N,5.956606573557497
NRFPMBSVJFLWSN-UHFFFAOYSA-N__ZMEUDKQVRLTCFW-UHFFFAOYSA-N,3.919128401670228
ZMEUDKQVRLTCFW-UHFFFAOYSA-N__NRFPMBSVJFLWSN-UHFFFAOYSA-N,7.942525764459751
XJGUFIDBQCTFBH-UHFFFAOYSA-N__SQKLWSYZULMSDZ-UHFFFAOYSA-N,6.012201274553492
ILYPEZUVDXEMGF-UHFFFAOYSA-N__WUQGZDSLBCRNNF-UHFFFAOYSA-N,12.084949988322132
HXDINUMXNDAAEG-UHFFFAOYSA-N__QPUVQSXODORTAY-UHFFFAOYSA-N,5.517761225275264
YYKZHHPAGZSXRI-XYOKQWHBSA-N__SXRVQHLREVNRLR-UHFFFAOYSA-N,-1.9253212952796843
QPUVQSXODORTAY-UHFFFAOYSA-N__HXDINUMXNDAAEG-UHFFFAOYSA-N,3.9593773203012166
HQWXUSPEIADRGZ-UHFFFAOYSA-N__CURRIYISHLLKTJ-UHFFFAOYSA-N,11.802234564246632
DQFRQABZUVCUFT-UHFFFAOYSA-N__DQSRLBTXEXXPLI-UHFFFAOYSA-N,8.605184077172884
DQSRLBTXEXXPLI-UHFFFAOYSA-N__DQFRQABZUVCUFT-UHFFFAOYSA-N,6.71703491720934
PYWTYNPFUNLQFX-UHFFFAOYSA-N__SZCFOBJKLUPYOX-UHFFFAOYSA-N,5.214045744855916
XIAVJPUHSRFIBJ-UHFFFAOYSA-N__JMABKFKOKWWLHZ-UHFFFAOYSA-N,9.35799329927319
GIRVFSAKMXHKKQ-UHFFFAOYSA-N__YTPNZDXQJZVKID-UHFFFAOYSA-N,5.191130441771357
JRQXUPDARFTZGG-UHFFFAOYSA-N__CAJHCWCZTNCNMM-UHFFFAOYSA-N,7.129795193886792
CAJHCWCZTNCNMM-UHFFFAOYSA-N__JRQXUPDARFTZGG-UHFFFAOYSA-N,2.111370737141377
YTPNZDXQJZVKID-UHFFFAOYSA-N__GIRVFSAKMXHKKQ-UHFFFAOYSA-N,2.5967313849365463
UWFIUZYMICQKJY-UHFFFAOYSA-N__WONRKNJDWTXXJW-UHFFFAOYSA-N,2.6330793481377257
MJPZOJZAJAJQQG-UHFFFAOYSA-N__OJKVFLHHBYMMPE-UHFFFAOYSA-N,4.479827367418147
OJKVFLHHBYMMPE-UHFFFAOYSA-N__MJPZOJZAJAJQQG-UHFFFAOYSA-N,5.4812271246574085
BJAMCKSDRVAVLY-UHFFFAOYSA-N__FAVPYQTUHRLPON-UHFFFAOYSA-N,12.785327567176209
WBMLELPBSDFGCH-UHFFFAOYSA-N__WVYJUHIPCSKXPG-UHFFFAOYSA-N,14.783209281418165
DAXGANRPDFOPQN-UHFFFAOYSA-N__YJGYPNFZFYYXJA-UHFFFAOYSA-N,0.185511322865108
YJGYPNFZFYYXJA-UHFFFAOYSA-N__DAXGANRPDFOPQN-UHFFFAOYSA-N,3.2780865186668944
WVYJUHIPCSKXPG-UHFFFAOYSA-N__WBMLELPBSDFGCH-UHFFFAOYSA-N,4.453668396938625
FBBCSYADXYILEH-UHFFFAOYSA-N__KFSODAZMWSTYGK-UHFFFAOYSA-N,2.097522484805871
BODKTARUCYWATI-UHFFFAOYSA-N__HZZWWYLAQULPIS-UHFFFAOYSA-N,8.775293681102653
HZZWWYLAQULPIS-UHFFFAOYSA-N__BODKTARUCYWATI-UHFFFAOYSA-N,3.7338760253846366
GWSUGFDMARBJPW-UHFFFAOYSA-N__VHVVKUCQKOUGLC-UHFFFAOYSA-N,6.258528383057392
VHVVKUCQKOUGLC-UHFFFAOYSA-N__GWSUGFDMARBJPW-UHFFFAOYSA-N,13.116623510826294
ZORYRTOAWDGJCB-WQRHYEAKSA-N__WMGRAGKVJAQCOW-UHFFFAOYSA-N,8.036978214575488
BRSYNKIMKYLHJJ-UHFFFAOYSA-N__RSIWDIZFDNYHIL-UHFFFAOYSA-N,5.021044221667784
RSIWDIZFDNYHIL-UHFFFAOYSA-N__BRSYNKIMKYLHJJ-UHFFFAOYSA-N,4.110119945520901
AYEMIJANYZPQNT-UHFFFAOYSA-N__BPQBYHOYWFBEKT-UHFFFAOYSA-N,5.00757914478024
DDTUEOVAZKHNFR-UHFFFAOYSA-N__LSHBVXKBJHAWDH-UHFFFAOYSA-N,8.404035433025655
KGJAMCFPRDTRBO-UHFFFAOYSA-N__KLVMUDMVWJBFRV-UHFFFAOYSA-N,9.937778257362936
OWSRRIAUVRCMPH-UHFFFAOYSA-N__CLQWUOJZNAICPP-UHFFFAOYSA-N,5.861382398108161
KLVMUDMVWJBFRV-UHFFFAOYSA-N__KGJAMCFPRDTRBO-UHFFFAOYSA-N,7.67291285075486
BPQBYHOYWFBEKT-UHFFFAOYSA-N__AYEMIJANYZPQNT-UHFFFAOYSA-N,3.0311020928789234
CLQWUOJZNAICPP-UHFFFAOYSA-N__OWSRRIAUVRCMPH-UHFFFAOYSA-N,3.5332967842039182
LSHBVXKBJHAWDH-UHFFFAOYSA-N__DDTUEOVAZKHNFR-UHFFFAOYSA-N,7.946947823899861
DOILUARCBBZLJN-UHFFFAOYSA-N__MOUQACBLSHRVJO-GORDUTHDSA-N,5.63623787101443
MOUQACBLSHRVJO-GORDUTHDSA-N__DOILUARCBBZLJN-UHFFFAOYSA-N,10.41341647178272
CLUMTHHORUVBIQ-UHFFFAOYSA-N__OIZWJJKUIWZUKS-UHFFFAOYSA-N,5.256732546255135
MOLHOEBEYDCASX-BQYQJAHWSA-N__UKUWXSPXWYSVMY-UHFFFAOYSA-N,6.592821753741995
OIZWJJKUIWZUKS-UHFFFAOYSA-N__CLUMTHHORUVBIQ-UHFFFAOYSA-N,2.787085034627883
UKUWXSPXWYSVMY-UHFFFAOYSA-N__MOLHOEBEYDCASX-BQYQJAHWSA-N,4.489249477978119
CLQNCJQGPWLDEP-UHFFFAOYSA-N__MVMCZIKZOZPTEM-UHFFFAOYSA-N,10.606715158156812
MVMCZIKZOZPTEM-UHFFFAOYSA-N__CLQNCJQGPWLDEP-UHFFFAOYSA-N,6.878414546280679
GDSIMLUFKXXWKP-UHFFFAOYSA-N__KMFZFIQFWREOFP-UHFFFAOYSA-N,6.1674669500022725
UFYAVGAZIFXWPW-UHFFFAOYSA-N__WWFQIDDNBITTMY-MRVPVSSYSA-N,8.372599179802144
WWFQIDDNBITTMY-MRVPVSSYSA-N__UFYAVGAZIFXWPW-UHFFFAOYSA-N,3.520748373677804
ZWYIHTDIKUDLCN-UHFFFAOYSA-N__XLBJKTKEMRPVRN-UHFFFAOYSA-N,6.498077576087325
XLBJKTKEMRPVRN-UHFFFAOYSA-N__ZWYIHTDIKUDLCN-UHFFFAOYSA-N,6.289608104663362
JKHVNWUVFDFSAZ-UHFFFAOYSA-N__MGPZYZLJJSEFLU-UHFFFAOYSA-N,5.534401817798607
SEPFRBNEQVJBGB-UHFFFAOYSA-N__GRIBMIJSDPYRPQ-UHFFFAOYSA-N,6.152563773724914
MGPZYZLJJSEFLU-UHFFFAOYSA-N__JKHVNWUVFDFSAZ-UHFFFAOYSA-N,1.298928600430849
GRIBMIJSDPYRPQ-UHFFFAOYSA-N__SEPFRBNEQVJBGB-UHFFFAOYSA-N,5.023132100032225
CDCVUCBNNWWSKU-UHFFFAOYSA-N__LDEAACXIYGWEGA-FQEVSTJZSA-N,4.7829983470885375
BIAVBHIJLCTVNV-UHFFFAOYSA-N__RIPLRJURJWYSDY-UHFFFAOYSA-N,9.724047952458498
CYEXLVXRINZKKW-UHFFFAOYSA-N__AMBKGHKPSVLZGP-UHFFFAOYSA-N,5.700257350847567
CMIJUPPUQDBGIN-UHFFFAOYSA-N__KZUXYJMDWZVUFD-UXBLZVDNSA-N,7.357072707210971
KZUXYJMDWZVUFD-UXBLZVDNSA-N__CMIJUPPUQDBGIN-UHFFFAOYSA-N,8.795660480715764
ABOOFFHXBNJLLK-UHFFFAOYSA-N__KYGXTJRYFYBULF-UHFFFAOYSA-N,13.707497964093886
KYGXTJRYFYBULF-UHFFFAOYSA-N__ABOOFFHXBNJLLK-UHFFFAOYSA-N,7.236328172903483
CSWICKGHKGZWOT-UHFFFAOYSA-N__MBVKIIKBEZZPES-UHFFFAOYSA-N,7.233322371317108
MBVKIIKBEZZPES-UHFFFAOYSA-N__CSWICKGHKGZWOT-UHFFFAOYSA-N,8.21227541999327
ZMRITOOPJGZGIK-UHFFFAOYSA-N__YMHAKUQAJYPSNJ-UHFFFAOYSA-N,7.3266325501803164
YMHAKUQAJYPSNJ-UHFFFAOYSA-N__ZMRITOOPJGZGIK-UHFFFAOYSA-N,5.642209265423308
YBLPNDGASPZCGN-UHFFFAOYSA-N__OTVQOYXLICWYIO-UHFFFAOYSA-N,6.261431423206708
NRTFHBKQACFMFC-UHFFFAOYSA-N__RJKCIXUZKGDIJO-UHFFFAOYSA-N,4.774740001608119
RJKCIXUZKGDIJO-UHFFFAOYSA-N__NRTFHBKQACFMFC-UHFFFAOYSA-N,7.823926505336651
MCQVGVSKTKXMTN-UHFFFAOYSA-N__KZPRZSXAJRXMLM-UHFFFAOYSA-N,6.691603973296554
KZPRZSXAJRXMLM-UHFFFAOYSA-N__MCQVGVSKTKXMTN-UHFFFAOYSA-N,5.821927482730988
BNXLNHARJLYZNO-UHFFFAOYSA-N__UBIIDQUTIVFALB-UHFFFAOYSA-N,4.08550320944029
UBIIDQUTIVFALB-UHFFFAOYSA-N__BNXLNHARJLYZNO-UHFFFAOYSA-N,-0.1189451298983155
HBIHBYMPPKJFHM-UHFFFAOYSA-N__HIRIPSVSOSIJTO-UHFFFAOYSA-N,14.574670637579842
MEFNPRYPWXMBEH-UHFFFAOYSA-N__DTZBQPUEVIMJPK-UHFFFAOYSA-N,7.847874490826027
HIRIPSVSOSIJTO-UHFFFAOYSA-N__HBIHBYMPPKJFHM-UHFFFAOYSA-N,1.048512913433965
DTZBQPUEVIMJPK-UHFFFAOYSA-N__MEFNPRYPWXMBEH-UHFFFAOYSA-N,10.778968685956874
HHPZFFINVAJBLM-UHFFFAOYSA-N__RSDGMFYETNPCTR-MRXNPFEDSA-N,11.513684637617994
IDPUFBQEKBIMCF-UHFFFAOYSA-N__RXJOUIDPKJGSMI-UHFFFAOYSA-N,4.321842870059673
RXJOUIDPKJGSMI-UHFFFAOYSA-N__IDPUFBQEKBIMCF-UHFFFAOYSA-N,14.265099437649193
RSDGMFYETNPCTR-MRXNPFEDSA-N__HHPZFFINVAJBLM-UHFFFAOYSA-N,6.090437614416344
MZPNYGYHMMWTTH-UHFFFAOYSA-N__ZDQMFAXLYAGHAM-UHFFFAOYSA-N,9.870364797451575
ZDQMFAXLYAGHAM-UHFFFAOYSA-N__MZPNYGYHMMWTTH-UHFFFAOYSA-N,8.951149507581377
WPDLHEWIVDIORB-JXMROGBWSA-N__ALJNLMNTAZJTKY-UHFFFAOYSA-N,12.674430333102304
FMBKIKCOXJMCBB-UHFFFAOYSA-N__ODZWAWRZVMEUFB-UHFFFAOYSA-N,1.6182643820095852
MSLHHTGKHAGRIZ-UHFFFAOYSA-N__RJDVBMGADUIIJA-UHFFFAOYSA-N,7.382017491445266
AZUCXWLSYUDDGF-UHFFFAOYSA-N__IFPZHLIKWIVBAW-UHFFFAOYSA-N,9.817623458084125
RJDVBMGADUIIJA-UHFFFAOYSA-N__MSLHHTGKHAGRIZ-UHFFFAOYSA-N,9.005179313378784
IFPZHLIKWIVBAW-UHFFFAOYSA-N__AZUCXWLSYUDDGF-UHFFFAOYSA-N,6.344813742770887
ODZWAWRZVMEUFB-UHFFFAOYSA-N__FMBKIKCOXJMCBB-UHFFFAOYSA-N,10.064775252490554
FYSHJMCSQLRSPK-UHFFFAOYSA-N__ZRBSIQGJALWWKI-UHFFFAOYSA-N,5.127588969715644
ZRBSIQGJALWWKI-UHFFFAOYSA-N__FYSHJMCSQLRSPK-UHFFFAOYSA-N,12.857493458353762
PKBSOMFEEMUAQM-UHFFFAOYSA-N__ZIYZPMDRXZBDGY-UHFFFAOYSA-N,1.6616014093971616
ZIYZPMDRXZBDGY-UHFFFAOYSA-N__PKBSOMFEEMUAQM-UHFFFAOYSA-N,6.640975037338804
FURUOSMZNIOWEU-UHFFFAOYSA-N__AXHKMJVGTPYZMZ-UHFFFAOYSA-N,5.311127295175837
AXHKMJVGTPYZMZ-UHFFFAOYSA-N__FURUOSMZNIOWEU-UHFFFAOYSA-N,8.037326973033725
FPOPYXIRHBCNBP-UHFFFAOYSA-N__NSLPACIUCGMHTF-UHFFFAOYSA-N,5.026034374137262
NSLPACIUCGMHTF-UHFFFAOYSA-N__FPOPYXIRHBCNBP-UHFFFAOYSA-N,6.161118577770381
CDIDNZVIMXAESU-UHFFFAOYSA-N__ZYFVPNQOUIGEBY-UHFFFAOYSA-N,10.639194220436778
JZRIVMQBGUIYCY-UHFFFAOYSA-N__PFTAQGLVZGSDFV-UHFFFAOYSA-N,6.28505627384111
PFTAQGLVZGSDFV-UHFFFAOYSA-N__JZRIVMQBGUIYCY-UHFFFAOYSA-N,8.829629406447243
YBFGDTCYTULYTR-ACCUITESSA-N__ZJODHXPAEMNBDZ-UHFFFAOYSA-N,6.991776357532988
IIAQMXSDKAJQMM-UHFFFAOYSA-N__KFXQZKSEBAECRC-UHFFFAOYSA-N,5.205654337455793
ZJODHXPAEMNBDZ-UHFFFAOYSA-N__YBFGDTCYTULYTR-ACCUITESSA-N,8.317341559262506
CUQHEUAWHCIBRF-UHFFFAOYSA-N__BLIFFDWRDVFJOH-UHFFFAOYSA-N,4.078455798690281
BLIFFDWRDVFJOH-UHFFFAOYSA-N__CUQHEUAWHCIBRF-UHFFFAOYSA-N,2.618103770831192
UQHZPTQIIUXCGO-UHFFFAOYSA-N__BIEURDISRGEYGR-UHFFFAOYSA-N,8.060580193316431
WAWZNDWQQHCKBB-UHFFFAOYSA-N__YEGTWENMWAYMGK-UHFFFAOYSA-N,9.465655242644177
TYMDDDOABCJFHV-UHFFFAOYSA-N__KRPGTVMKAWMNLA-UHFFFAOYSA-N,5.388122754026588
VVWCLJIUKLNQJN-UHFFFAOYSA-N__SMJYWWLAJCDUML-UHFFFAOYSA-N,13.79925079113306
SMJYWWLAJCDUML-UHFFFAOYSA-N__VVWCLJIUKLNQJN-UHFFFAOYSA-N,11.519509065169338
KRPGTVMKAWMNLA-UHFFFAOYSA-N__TYMDDDOABCJFHV-UHFFFAOYSA-N,3.081436773451496
FCGBLHGYQAUFIT-UHFFFAOYSA-N__ZHRUONNKDMMHEF-UHFFFAOYSA-N,4.103880185284018
RJHZPODKTQRGRA-UHFFFAOYSA-N__XERSIJFXCXMTPC-UHFFFAOYSA-N,3.878363327854753
ZHRUONNKDMMHEF-UHFFFAOYSA-N__FCGBLHGYQAUFIT-UHFFFAOYSA-N,9.318627808900262
NEWWDMICWRCJBY-UHFFFAOYSA-N__JQLCWDSHHAYJPL-UHFFFAOYSA-N,4.791887602941308
XERSIJFXCXMTPC-UHFFFAOYSA-N__RJHZPODKTQRGRA-UHFFFAOYSA-N,10.121980473834348
JQLCWDSHHAYJPL-UHFFFAOYSA-N__NEWWDMICWRCJBY-UHFFFAOYSA-N,10.52710987819202
JRAXWRBFGFPXMC-UHFFFAOYSA-N__DBRTVVYVJQPWJD-UHFFFAOYSA-N,9.87946459570179
DBRTVVYVJQPWJD-UHFFFAOYSA-N__JRAXWRBFGFPXMC-UHFFFAOYSA-N,4.988939224844316
BSMSGNLUTUWAIU-UHFFFAOYSA-N__IPYRYLXSQWTVBL-UHFFFAOYSA-N,5.193080546094964
IPYRYLXSQWTVBL-UHFFFAOYSA-N__BSMSGNLUTUWAIU-UHFFFAOYSA-N,10.568174497792338
MOOVBMACADMYSF-UHFFFAOYSA-N__RWDSAIBJECANKS-UHFFFAOYSA-N,8.67292757054676
RWDSAIBJECANKS-UHFFFAOYSA-N__MOOVBMACADMYSF-UHFFFAOYSA-N,6.115642548157948
MBVMEDRBWPZOMZ-UHFFFAOYSA-N__HFOLYVWTOKAJJE-UHFFFAOYSA-N,4.122678153680571
CBGQPMRLFHFPKJ-UHFFFAOYSA-N__OCKAQFGSQYTPFP-UHFFFAOYSA-N,2.488158120963301
OCKAQFGSQYTPFP-UHFFFAOYSA-N__CBGQPMRLFHFPKJ-UHFFFAOYSA-N,2.560432857416252
BIEURDISRGEYGR-UHFFFAOYSA-N__IBCZIIHVWYOIET-UHFFFAOYSA-N,8.655994086936131
IBCZIIHVWYOIET-UHFFFAOYSA-N__BIEURDISRGEYGR-UHFFFAOYSA-N,4.878019608266391
QKGBFXYMUNMYLA-UHFFFAOYSA-N__PFFGFEDGWIXMNW-UHFFFAOYSA-N,2.016335256061503
PFFGFEDGWIXMNW-UHFFFAOYSA-N__QKGBFXYMUNMYLA-UHFFFAOYSA-N,7.708825701233909
PANNGMKOLCAFOS-UHFFFAOYSA-N__QGQNZBLTCQZGKM-UHFFFAOYSA-N,5.64341833127106
QGQNZBLTCQZGKM-UHFFFAOYSA-N__PANNGMKOLCAFOS-UHFFFAOYSA-N,9.868861336535774
FXGZQGOQLFSIAP-UHFFFAOYSA-N__FOCHLGMTIGXTOU-UHFFFAOYSA-N,8.128128442920486
AFELWNWGEHURJD-UHFFFAOYSA-N__QTBVLFSMHCQIJE-UHFFFAOYSA-N,4.251759918051588
NKCZSLDRQUJLPL-UHFFFAOYSA-N__ALZMCISWEQAVOU-UHFFFAOYSA-N,6.091597453822164
ALZMCISWEQAVOU-UHFFFAOYSA-N__NKCZSLDRQUJLPL-UHFFFAOYSA-N,5.906169792366283
VCERJZASBXCNIH-UHFFFAOYSA-N__ZAXOSNGSCKPXRE-UHFFFAOYSA-N,5.890116410021635
IVNPEPBVGKMMIR-UHFFFAOYSA-N__NUIZNXNQRHXMKJ-UHFFFAOYSA-N,4.8495063869646255
NUIZNXNQRHXMKJ-UHFFFAOYSA-N__IVNPEPBVGKMMIR-UHFFFAOYSA-N,5.045439652564384
ZAXOSNGSCKPXRE-UHFFFAOYSA-N__VCERJZASBXCNIH-UHFFFAOYSA-N,10.031259722171606
CQWXFCLJGRDHCQ-UHFFFAOYSA-N__SCJPRWQINFFTBD-UHFFFAOYSA-N,4.9271446250229545
SCJPRWQINFFTBD-UHFFFAOYSA-N__CQWXFCLJGRDHCQ-UHFFFAOYSA-N,6.320776057334571
QLJZJBQKTKLADR-UHFFFAOYSA-N__VVKLBGYYJJZJDQ-UHFFFAOYSA-N,6.920260027173661
VVKLBGYYJJZJDQ-UHFFFAOYSA-N__QLJZJBQKTKLADR-UHFFFAOYSA-N,4.592615798523042
BSLCJXJMZNFQPT-UHFFFAOYSA-N__LFUGKCMSTUZDEU-UHFFFAOYSA-N,7.101850566132802
LFUGKCMSTUZDEU-UHFFFAOYSA-N__BSLCJXJMZNFQPT-UHFFFAOYSA-N,7.249103152260934
BMLOQFLLKHLOJK-UHFFFAOYSA-N__DLBBPDXABMENSR-UHFFFAOYSA-N,6.318140447965546
JBKCMKITANHIMP-UHFFFAOYSA-N__QSSROHHADMESKH-UHFFFAOYSA-N,5.919196658111591
BIJCURRBGIHKRW-UHFFFAOYSA-N__BXAUMTJEBGHQMW-UHFFFAOYSA-N,8.77863995198887
DLBBPDXABMENSR-UHFFFAOYSA-N__BMLOQFLLKHLOJK-UHFFFAOYSA-N,5.56721371761414
QSSROHHADMESKH-UHFFFAOYSA-N__JBKCMKITANHIMP-UHFFFAOYSA-N,7.554631710173688
BXAUMTJEBGHQMW-UHFFFAOYSA-N__BIJCURRBGIHKRW-UHFFFAOYSA-N,7.956375605313412
WPKQEYYXJIDYHF-UHFFFAOYSA-N__PQXSLYBFDHBCSW-UHFFFAOYSA-N,12.977196008040506
PQXSLYBFDHBCSW-UHFFFAOYSA-N__WPKQEYYXJIDYHF-UHFFFAOYSA-N,8.347324035227436
RWHAUUYYMOTLNP-UHFFFAOYSA-N__YQYJYTSFQKIJPK-UHFFFAOYSA-N,5.870354264110288
YQYJYTSFQKIJPK-UHFFFAOYSA-N__RWHAUUYYMOTLNP-UHFFFAOYSA-N,0.8744707360926035
FLPPXBUEFZOIIL-UHFFFAOYSA-N__VYGYNLFYJOTIMS-BQYQJAHWSA-N,6.943668140282557
VYGYNLFYJOTIMS-BQYQJAHWSA-N__FLPPXBUEFZOIIL-UHFFFAOYSA-N,5.586562706696765
STFOXILYCKLJPP-UHFFFAOYSA-N__GWOVEPQMMWWVJW-UHFFFAOYSA-N,3.740249244331901
NVZBVOAJGCDHIB-UHFFFAOYSA-N__AZCYBBHXCQYWTO-UHFFFAOYSA-N,2.613025627782157
PEAPFOBCAYMUOI-UHFFFAOYSA-N__WRBPKZADNNFIKY-UHFFFAOYSA-N,4.933842293970124
WRBPKZADNNFIKY-UHFFFAOYSA-N__PEAPFOBCAYMUOI-UHFFFAOYSA-N,6.415729521952971
CCXCUZJYVZCJBE-UHFFFAOYSA-N__XBDQOZJEAIBKQX-UHFFFAOYSA-N,1.9183351387513887
XBDQOZJEAIBKQX-UHFFFAOYSA-N__CCXCUZJYVZCJBE-UHFFFAOYSA-N,9.212102256047215
QOFLKHPUYAZEOW-UHFFFAOYSA-N__RKVCGWLGLBNPSI-UHFFFAOYSA-N,3.52181984740062
PPDOJHWGRLQVNR-UHFFFAOYSA-N__QTXSCZDNFLGIJU-UHFFFAOYSA-N,9.683692689075302
CWPOFQTWOKOPSH-UHFFFAOYSA-N__LGHIHGQBKFCUGO-UHFFFAOYSA-N,3.84173567516732
TYZURZJBRCXDGB-UHFFFAOYSA-N__PAHIGVQPKQNVIL-UHFFFAOYSA-N,3.0005783370751824
KTNNEURSXANSEG-UHFFFAOYSA-N__RFGGSVBDPHSMCU-UHFFFAOYSA-N,9.846184850501595
FYPNGISNNBWVFA-UHFFFAOYSA-N__QFFNNWHRRNCOFK-UHFFFAOYSA-N,5.131465870870001
RFGGSVBDPHSMCU-UHFFFAOYSA-N__KTNNEURSXANSEG-UHFFFAOYSA-N,9.560356282475
JESSLNDEGMOWRL-UHFFFAOYSA-N__PZGYXRQCQQGVJC-UHFFFAOYSA-N,5.631241440734329
JBZBNAVTUOITJD-UHFFFAOYSA-N__QIZSXESMLHGUKK-UHFFFAOYSA-N,6.696155294468935
QIZSXESMLHGUKK-UHFFFAOYSA-N__JBZBNAVTUOITJD-UHFFFAOYSA-N,7.29706639837824
QFFNNWHRRNCOFK-UHFFFAOYSA-N__FYPNGISNNBWVFA-UHFFFAOYSA-N,8.758467089490056
FPVZDCBQQUXTPP-UHFFFAOYSA-N__MRHPRYRNXHRKAE-UHFFFAOYSA-N,8.311684753371066
MRHPRYRNXHRKAE-UHFFFAOYSA-N__FPVZDCBQQUXTPP-UHFFFAOYSA-N,4.235131460388717
GHWBNCQSSUMAQC-UHFFFAOYSA-N__HBRGIWAHUKNWDJ-UHFFFAOYSA-N,4.142052377209117
HBRGIWAHUKNWDJ-UHFFFAOYSA-N__GHWBNCQSSUMAQC-UHFFFAOYSA-N,5.212411419493113
DUKKFXHNLSMCHX-UHFFFAOYSA-N__CDGVUWROSBLUSN-UHFFFAOYSA-N,4.981863918896527
CDGVUWROSBLUSN-UHFFFAOYSA-N__DUKKFXHNLSMCHX-UHFFFAOYSA-N,7.949165411224323
QMZNOUKBWXJCOV-UHFFFAOYSA-N__PHGFIJHFWDYXNT-UHFFFAOYSA-N,13.99335882262037
PHGFIJHFWDYXNT-UHFFFAOYSA-N__QMZNOUKBWXJCOV-UHFFFAOYSA-N,13.992653179485073
KOHOFEDXAJULRS-UHFFFAOYSA-N__IPDFPZISDFHICT-UHFFFAOYSA-N,2.188291620104891
ASXBVBZOJXHTOE-UHFFFAOYSA-N__UYTFEWNJQIOIAR-UHFFFAOYSA-N,3.681650623830008
IPDFPZISDFHICT-UHFFFAOYSA-N__KOHOFEDXAJULRS-UHFFFAOYSA-N,4.10319127049262
UYTFEWNJQIOIAR-UHFFFAOYSA-N__ASXBVBZOJXHTOE-UHFFFAOYSA-N,15.488795455282892
VUNVFFWSPCLOHT-UHFFFAOYSA-N__QBAPYNUIMPDTSG-UHFFFAOYSA-N,5.213416938786793
QBAPYNUIMPDTSG-UHFFFAOYSA-N__VUNVFFWSPCLOHT-UHFFFAOYSA-N,9.034423283565191
MZCBHLRQMYPQDH-UHFFFAOYSA-N__HJDXZGCTGAWUFZ-UHFFFAOYSA-N,4.520165519292623
HJDXZGCTGAWUFZ-UHFFFAOYSA-N__MZCBHLRQMYPQDH-UHFFFAOYSA-N,6.093854230182715
DCZSGTINKLRTLD-UHFFFAOYSA-N__TWFSYIOOAAYYAL-UHFFFAOYSA-N,4.1335980142099285
TWFSYIOOAAYYAL-UHFFFAOYSA-N__DCZSGTINKLRTLD-UHFFFAOYSA-N,6.181244429919595
CLQCCNQIRQNFEH-UHFFFAOYSA-N__ZWAJDQXQVFJJTE-INIZCTEOSA-N,8.86362231989436
ZWAJDQXQVFJJTE-INIZCTEOSA-N__CLQCCNQIRQNFEH-UHFFFAOYSA-N,5.153297516432327
JNRPUPDHCVYDML-UHFFFAOYSA-N__MUQAZYKSCOHDIT-UHFFFAOYSA-N,1.0488555573778515
MUQAZYKSCOHDIT-UHFFFAOYSA-N__JNRPUPDHCVYDML-UHFFFAOYSA-N,6.84626584840748
YDBAXJZIROZNMF-UHFFFAOYSA-N__VGLGWWOPXZPRMF-UHFFFAOYSA-N,6.785663480507409
VGLGWWOPXZPRMF-UHFFFAOYSA-N__YDBAXJZIROZNMF-UHFFFAOYSA-N,11.60752047102851
PXXCCLGIVFIKIF-UHFFFAOYSA-N__VAVXQQOBZPOESM-UHFFFAOYSA-N,6.624846471935858
FKVCOWJRWYEHPO-UHFFFAOYSA-N__VETFXCDOKDAIPN-UHFFFAOYSA-N,8.197253690694817
VAVXQQOBZPOESM-UHFFFAOYSA-N__PXXCCLGIVFIKIF-UHFFFAOYSA-N,6.190281827021864
UVDNNYDJLRJEQM-UHFFFAOYSA-N__XPKONKZKPHKSNM-UHFFFAOYSA-N,4.83052575324816
XPKONKZKPHKSNM-UHFFFAOYSA-N__UVDNNYDJLRJEQM-UHFFFAOYSA-N,8.759862999230222
XMSPPGLYDUABPC-UHFFFAOYSA-N__KFPCSDWWFPVTAE-UHFFFAOYSA-N,16.02187368946766
HSMVEBHDVWJJBG-UHFFFAOYSA-N__NTDFPCWHKHKVPF-UHFFFAOYSA-N,11.66711579938871
NTDFPCWHKHKVPF-UHFFFAOYSA-N__HSMVEBHDVWJJBG-UHFFFAOYSA-N,6.029149225329082
FIFPEBHBVGXQNR-UHFFFAOYSA-N__NQHOADDQCPCVCN-UHFFFAOYSA-N,4.036521986785324
NQHOADDQCPCVCN-UHFFFAOYSA-N__FIFPEBHBVGXQNR-UHFFFAOYSA-N,8.062989480046967
ASBVSXJBGMZYHE-UHFFFAOYSA-N__CVWSVWXHZQHESB-UHFFFAOYSA-N,4.8687272812876285
CVWSVWXHZQHESB-UHFFFAOYSA-N__ASBVSXJBGMZYHE-UHFFFAOYSA-N,3.9972628089904574
ILTXNXRFOLNSKV-UHFFFAOYSA-N__REHWZVRCPGUSMF-UHFFFAOYSA-N,6.656159098040177
REHWZVRCPGUSMF-UHFFFAOYSA-N__ILTXNXRFOLNSKV-UHFFFAOYSA-N,3.887267696709592
AFZBAFJQVFOKAN-UHFFFAOYSA-N__ZOOLHPQZYCXGOJ-UHFFFAOYSA-N,5.200884470085846
ZOOLHPQZYCXGOJ-UHFFFAOYSA-N__AFZBAFJQVFOKAN-UHFFFAOYSA-N,5.0985547628986
BMIJLCLIRVSUQO-UHFFFAOYSA-N__ZRXIZHDSUMEUKX-UHFFFAOYSA-N,4.917011302989063
CWBOXBBYNRBRFP-UHFFFAOYSA-N__RINDFBPCNJREBL-UHFFFAOYSA-N,5.6325082745818
RINDFBPCNJREBL-UHFFFAOYSA-N__CWBOXBBYNRBRFP-UHFFFAOYSA-N,4.86471585375492
FHBPHLKQEIBFDW-UHFFFAOYSA-N__JTZWLIBKZUUZSY-UHFFFAOYSA-N,2.710117169065861
JTZWLIBKZUUZSY-UHFFFAOYSA-N__FHBPHLKQEIBFDW-UHFFFAOYSA-N,4.117322031654098
ISMSAMUTCMURGW-UHFFFAOYSA-N__WAMMZSZYLBQHBC-UHFFFAOYSA-N,2.168365223827593
WAMMZSZYLBQHBC-UHFFFAOYSA-N__ISMSAMUTCMURGW-UHFFFAOYSA-N,2.43088531329776
RGBBZFIPZRUWBG-UHFFFAOYSA-N__UMLOYFVJLPOOHW-UHFFFAOYSA-N,6.519973979500217
UMLOYFVJLPOOHW-UHFFFAOYSA-N__RGBBZFIPZRUWBG-UHFFFAOYSA-N,8.067577905213891
GVWLDWFZZIPWFM-UHFFFAOYSA-N__UXZBGHOHUKNIKG-UHFFFAOYSA-N,10.40698669083113
UXZBGHOHUKNIKG-UHFFFAOYSA-N__GVWLDWFZZIPWFM-UHFFFAOYSA-N,10.79247175844088
ACIJNPBYIHEQFP-UHFFFAOYSA-N__QHJYXZBPROYYBQ-UHFFFAOYSA-N,7.8641037462503425
QHJYXZBPROYYBQ-UHFFFAOYSA-N__ACIJNPBYIHEQFP-UHFFFAOYSA-N,5.699128797123824
ARBBKDIIWIMOHE-UHFFFAOYSA-N__CRJWJEBGNGSAHW-UHFFFAOYSA-N,4.770364979269948
CRJWJEBGNGSAHW-UHFFFAOYSA-N__ARBBKDIIWIMOHE-UHFFFAOYSA-N,3.1081701866812925
QYXOGOWWCHKOMY-UHFFFAOYSA-N__LAVZJKXIWAGSBE-UHFFFAOYSA-N,3.2496118571862302
NWBOFIBHTJXKTM-UHFFFAOYSA-N__QVQWPXSWPXRZHX-UHFFFAOYSA-N,1.883144162158056
LAVZJKXIWAGSBE-UHFFFAOYSA-N__QYXOGOWWCHKOMY-UHFFFAOYSA-N,7.708771247955867
HQOWEHRGDCHONS-UHFFFAOYSA-N__OOPIHSGLJVAYGC-UHFFFAOYSA-N,7.259743137107766
OOPIHSGLJVAYGC-UHFFFAOYSA-N__HQOWEHRGDCHONS-UHFFFAOYSA-N,9.12239805427346
WAYSAPKFXCWILV-UHFFFAOYSA-N__XKITUHXFJMTMRB-UHFFFAOYSA-N,1.716614999961521
XKITUHXFJMTMRB-UHFFFAOYSA-N__WAYSAPKFXCWILV-UHFFFAOYSA-N,8.956071951667107
CYRJABLGGCXXSD-UHFFFAOYSA-N__DAFIYEYKSDPKLX-UHFFFAOYSA-N,2.74977773943803
ZVBJPQMVIZAMSW-UHFFFAOYSA-N__FDNITZLBSPFDLY-UHFFFAOYSA-N,8.773596119348245
FDNITZLBSPFDLY-UHFFFAOYSA-N__ZVBJPQMVIZAMSW-UHFFFAOYSA-N,8.115672964737126
WHANIJFLPSLEIP-UHFFFAOYSA-N__AQSPFRDDMRLIFF-UHFFFAOYSA-N,-1.7741053328840763
DAFIYEYKSDPKLX-UHFFFAOYSA-N__CYRJABLGGCXXSD-UHFFFAOYSA-N,6.760708764735191
ROOJWFGXSJPYRG-UHFFFAOYSA-N__RHNLTXYPCZWYDY-UHFFFAOYSA-N,5.925918556544191
UZUIHIHIXOLGDL-UHFFFAOYSA-N__LLRHVCYQXOZLKD-UHFFFAOYSA-N,0.887259759999418
LLRHVCYQXOZLKD-UHFFFAOYSA-N__UZUIHIHIXOLGDL-UHFFFAOYSA-N,3.0460751542529216
IISSFMFTHVDFFU-UHFFFAOYSA-N__GSUJSNHWNTVRGB-UHFFFAOYSA-N,8.909838141323702
GSUJSNHWNTVRGB-UHFFFAOYSA-N__IISSFMFTHVDFFU-UHFFFAOYSA-N,11.972553552946678
ILFHRHZEZJSBIS-UHFFFAOYSA-N__DLIMHEOWYGXHCM-UHFFFAOYSA-N,11.710080640047304
HWZYTUQPCOLHAC-UHFFFAOYSA-N__XXXREOAQXWVJMN-UHFFFAOYSA-N,4.573238975594665
XXXREOAQXWVJMN-UHFFFAOYSA-N__HWZYTUQPCOLHAC-UHFFFAOYSA-N,7.349966852090802
BZFNHKSAPZUYST-UHFFFAOYSA-N__HOQYNQJRQJODKZ-UHFFFAOYSA-N,7.046210487607235
ASOFZHSTJHGQDT-UHFFFAOYSA-N__VIDVEKUAOPNDHE-UHFFFAOYSA-N,4.333743974454599
VIDVEKUAOPNDHE-UHFFFAOYSA-N__ASOFZHSTJHGQDT-UHFFFAOYSA-N,6.913877239236157
CBKYEFKMNADVGO-UHFFFAOYSA-N__IXSHOLSLOFZFOZ-WAYWQWQTSA-N,-0.0487421492815147
GJOLEHQHRKMUTQ-UHFFFAOYSA-N__DBAWANHVTSNUEP-UHFFFAOYSA-N,5.4005551345981
JKZWVDFHVKDSNZ-UHFFFAOYSA-N__VGGWKOFEJICRNQ-UHFFFAOYSA-N,10.23373086792915
NOKPCIUBUBHTBH-UHFFFAOYSA-N__PRHKNHGLFGXOMV-UHFFFAOYSA-N,0.3227459294145374
VGGWKOFEJICRNQ-UHFFFAOYSA-N__JKZWVDFHVKDSNZ-UHFFFAOYSA-N,3.981876768137904
HMZZFVRUVSANLW-UHFFFAOYSA-N__KCXLBRVXSWNPIE-UHFFFAOYSA-N,6.935687420434698
KCXLBRVXSWNPIE-UHFFFAOYSA-N__HMZZFVRUVSANLW-UHFFFAOYSA-N,12.581882761377186
PRHKNHGLFGXOMV-UHFFFAOYSA-N__NOKPCIUBUBHTBH-UHFFFAOYSA-N,-1.4486014290496152
HCIARDBNSLPELF-UHFFFAOYSA-N__LMLWMNOADWBXCF-UHFFFAOYSA-N,3.680988098115436
CCMNCWDOPDWHKL-UHFFFAOYSA-N__YNZLOZAUMZKUOY-UHFFFAOYSA-N,9.657438253698372
YNZLOZAUMZKUOY-UHFFFAOYSA-N__CCMNCWDOPDWHKL-UHFFFAOYSA-N,6.54250383354479
LMLWMNOADWBXCF-UHFFFAOYSA-N__HCIARDBNSLPELF-UHFFFAOYSA-N,7.282028220386989
OAJVIBXSXWLMBM-UHFFFAOYSA-N__QUUFLVHCCMGXQR-UHFFFAOYSA-N,5.108444824782489
ZLYXAYACPQCMQJ-UHFFFAOYSA-N__GOBHCEXUTQOLEN-UHFFFAOYSA-N,4.796374989379054
QUUFLVHCCMGXQR-UHFFFAOYSA-N__OAJVIBXSXWLMBM-UHFFFAOYSA-N,2.420282259233
GKGNBTAKFSQDCE-UHFFFAOYSA-N__AZCUKOMYGMEWSV-UHFFFAOYSA-N,14.53460442157936
AZCUKOMYGMEWSV-UHFFFAOYSA-N__GKGNBTAKFSQDCE-UHFFFAOYSA-N,13.824214108031605
PKUABFACSQVHOD-UHFFFAOYSA-N__QCQFWEIIBZKESH-UHFFFAOYSA-N,4.985216538076859
UCVXPKCEEKJNGU-UHFFFAOYSA-N__RSTXFTOLNHHXMJ-UHFFFAOYSA-N,6.5356078935332445
GOIIWJZOXYPRIK-DUXPYHPUSA-N__LMPPOJFNFLYALG-UHFFFAOYSA-N,4.48156141393965
LMPPOJFNFLYALG-UHFFFAOYSA-N__GOIIWJZOXYPRIK-DUXPYHPUSA-N,3.860178617282551
WCUICYXRDKXFHQ-UHFFFAOYSA-N__VGYGMCUHSRVFOF-UHFFFAOYSA-N,10.970410475364146
SACZOLIFCPMFDX-UHFFFAOYSA-N__SZZXTRSUAWDVGF-UHFFFAOYSA-N,0.5240705576458031
PRBFFVRZEGBZNL-UHFFFAOYSA-N__QMRCTSNIAWYLMR-UHFFFAOYSA-N,3.2841621082241232
QMRCTSNIAWYLMR-UHFFFAOYSA-N__PRBFFVRZEGBZNL-UHFFFAOYSA-N,9.766975976763684
DFLCKQUIPUJIIO-UHFFFAOYSA-N__XFJRSIJEXGYDEI-UHFFFAOYSA-N,3.006298633897805
XFJRSIJEXGYDEI-UHFFFAOYSA-N__DFLCKQUIPUJIIO-UHFFFAOYSA-N,5.597328087242012
FGDMQVICHFROFN-UHFFFAOYSA-N__FBBRWSVWLQWAOG-UHFFFAOYSA-N,3.4113338033235565
CCEVOCAEDWJVGB-UHFFFAOYSA-N__MNZRFWUCZORJGG-UHFFFAOYSA-N,6.015785529529301
HVKFOFPSBQPRRF-UHFFFAOYSA-N__BGOFCVIGEYGEOF-WJTVCTBASA-N,4.145683156426712
BGOFCVIGEYGEOF-WJTVCTBASA-N__HVKFOFPSBQPRRF-UHFFFAOYSA-N,7.4206561123792465
VDRDSCPJZHVDLJ-UHFFFAOYSA-N__VYYARZXBBZFSNF-UHFFFAOYSA-N,7.749750631040641
VYYARZXBBZFSNF-UHFFFAOYSA-N__VDRDSCPJZHVDLJ-UHFFFAOYSA-N,8.850354566253696
NVFHJBJGXDDTFG-UHFFFAOYSA-N__JYMVRZHFITUJKA-UHFFFAOYSA-N,4.17932802759351
JYMVRZHFITUJKA-UHFFFAOYSA-N__NVFHJBJGXDDTFG-UHFFFAOYSA-N,5.369464581362879
KUEKKXXSZDVTAD-UHFFFAOYSA-N__LGDZETJOLCTCQE-UHFFFAOYSA-N,9.143352687715767
LGDZETJOLCTCQE-UHFFFAOYSA-N__KUEKKXXSZDVTAD-UHFFFAOYSA-N,9.663762508233935
XSRUZNHQKJVZBG-UHFFFAOYSA-N__RABWNKKDNQNLCP-UHFFFAOYSA-N,10.79817202140073
RABWNKKDNQNLCP-UHFFFAOYSA-N__XSRUZNHQKJVZBG-UHFFFAOYSA-N,3.794879319443917
UZDFBZSBEXXWGF-UHFFFAOYSA-N__CARDFVPKKJVBTJ-UHFFFAOYSA-N,3.7393474544105336
KGQGBSFJZKUCSQ-UHFFFAOYSA-N__ORGNFKCIPMRYGX-UHFFFAOYSA-N,9.181415537414042
DMSFIJGQPMTYIJ-UHFFFAOYSA-N__ZTZFYSOYOYQRCT-UHFFFAOYSA-N,5.443163606792743
LMPKZGLVGWXVQK-UHFFFAOYSA-N__OMDULMPBMRGWAE-UHFFFAOYSA-N,4.662059964627194
OMDULMPBMRGWAE-UHFFFAOYSA-N__LMPKZGLVGWXVQK-UHFFFAOYSA-N,2.964821979568826
PGCUUYWZGFFKDI-UHFFFAOYSA-N__XQDGJJGHFFDKMM-UHFFFAOYSA-N,4.587964993824062
GNEBBXARRFTRIO-UHFFFAOYSA-N__KIZALZSLZQDUQF-UHFFFAOYSA-N,1.9972273549817223
XQDGJJGHFFDKMM-UHFFFAOYSA-N__PGCUUYWZGFFKDI-UHFFFAOYSA-N,7.580247753797797
KIZALZSLZQDUQF-UHFFFAOYSA-N__GNEBBXARRFTRIO-UHFFFAOYSA-N,0.4528137526439073
YBBMSZYOWPXMPT-UHFFFAOYSA-N__KEGWBWPTFGQEQU-UHFFFAOYSA-N,5.108164963082518
ULSQOVSHEWCWNW-UHFFFAOYSA-N__XVQRVBBCSMRXSI-UHFFFAOYSA-N,6.189949725853317
XVQRVBBCSMRXSI-UHFFFAOYSA-N__ULSQOVSHEWCWNW-UHFFFAOYSA-N,8.450480135687082
NWIMHJSYRFWARR-UHFFFAOYSA-N__UCSJJIGKVUESAS-UHFFFAOYSA-N,6.514131882564733
UCSJJIGKVUESAS-UHFFFAOYSA-N__NWIMHJSYRFWARR-UHFFFAOYSA-N,4.138086131307529
RYFJMAPMJAWAEK-UHFFFAOYSA-N__XEVMQFARCBZBRP-UHFFFAOYSA-N,7.478091895786682
LAFOZKQZOGJYKC-UHFFFAOYSA-N__PMEFSRKQJPNCNF-UHFFFAOYSA-N,1.90802895573706
PMEFSRKQJPNCNF-UHFFFAOYSA-N__LAFOZKQZOGJYKC-UHFFFAOYSA-N,2.4690357726222985
RDUVWFUGVPPNNZ-UHFFFAOYSA-N__WFERYEAZJDJDRJ-UHFFFAOYSA-N,4.055457703397788
QQLWEGUTEQAFQZ-UHFFFAOYSA-N__AKFJJGAKMALZDQ-UHFFFAOYSA-N,2.4290701138089106
WFERYEAZJDJDRJ-UHFFFAOYSA-N__RDUVWFUGVPPNNZ-UHFFFAOYSA-N,3.3312199522123884
AKFJJGAKMALZDQ-UHFFFAOYSA-N__QQLWEGUTEQAFQZ-UHFFFAOYSA-N,4.8214917128152335
MKIZTPLMFZNSCC-UHFFFAOYSA-N__WMSVLKTTYJUSHZ-UHFFFAOYSA-N,10.352539270052732
WCOOKXREANMVRB-UHFFFAOYSA-N__JURJGNLJDKEKKT-UHFFFAOYSA-N,6.835942826615598
WMSVLKTTYJUSHZ-UHFFFAOYSA-N__MKIZTPLMFZNSCC-UHFFFAOYSA-N,6.656678765842298
JURJGNLJDKEKKT-UHFFFAOYSA-N__WCOOKXREANMVRB-UHFFFAOYSA-N,6.470499086751087
CJCDPXVNEUAAIO-UHFFFAOYSA-N__JMABKFKOKWWLHZ-UHFFFAOYSA-N,7.06903090435828
LMMGNTKBNYFCSQ-LBPRGKRZSA-N__OVHXWODYRRUXFW-UHFFFAOYSA-N,8.925408298971014
JMABKFKOKWWLHZ-UHFFFAOYSA-N__CJCDPXVNEUAAIO-UHFFFAOYSA-N,5.262555435796738
LXAASBOARREOKB-UHFFFAOYSA-N__JACLGGCVNFXBHD-UHFFFAOYSA-N,4.707512159975401
OVHXWODYRRUXFW-UHFFFAOYSA-N__LMMGNTKBNYFCSQ-LBPRGKRZSA-N,12.395817798807794
TYRKIYLSXCSEDR-UHFFFAOYSA-N__LEEAYFWKUVGWGS-UHFFFAOYSA-N,8.266848090723347
MJPGCJACQVRBCD-UHFFFAOYSA-N__YSHMIZBQZHCQOG-UHFFFAOYSA-N,3.22309504286916
CTCANNJAWUWMDD-UHFFFAOYSA-N__RRLVAGNMBHSWAC-UHFFFAOYSA-N,4.907588521337778
YSHMIZBQZHCQOG-UHFFFAOYSA-N__MJPGCJACQVRBCD-UHFFFAOYSA-N,9.604300353011824
PEXLZFAHPMDHOQ-UHFFFAOYSA-N__QBBRQKWXUTXORF-UHFFFAOYSA-N,8.236643009981501
OSNUAPBMOKUUSL-UHFFFAOYSA-N__SQRQDZRESLGIGG-UHFFFAOYSA-N,8.008564642664815
QBBRQKWXUTXORF-UHFFFAOYSA-N__PEXLZFAHPMDHOQ-UHFFFAOYSA-N,9.605897431058892
FAIBRFUDHKSCNJ-UHFFFAOYSA-N__FYPNXPAVVGQFNL-JYRVWZFOSA-N,14.213665127124546
UYRUBXQLRVGUGJ-UHFFFAOYSA-N__IPWHZOSDLMDJIF-UHFFFAOYSA-N,10.54303531559014
FYPNXPAVVGQFNL-JYRVWZFOSA-N__FAIBRFUDHKSCNJ-UHFFFAOYSA-N,7.622435007935242
WZVHSCDTMZRWQJ-SECBINFHSA-N__PPNBYFJGTQFIOT-UHFFFAOYSA-N,6.433147247991207
PPNBYFJGTQFIOT-UHFFFAOYSA-N__WZVHSCDTMZRWQJ-SECBINFHSA-N,9.655495014880744
DQVVBWPDGSMIKW-UHFFFAOYSA-N__UFSGTBGARWFLQS-UHFFFAOYSA-N,7.418893346045899
UFSGTBGARWFLQS-UHFFFAOYSA-N__DQVVBWPDGSMIKW-UHFFFAOYSA-N,6.628479386061357
GDNSKVKLVNDJMO-UHFFFAOYSA-N__XBZJIADZTCZKOF-UHFFFAOYSA-N,7.466603323143187
XBZJIADZTCZKOF-UHFFFAOYSA-N__GDNSKVKLVNDJMO-UHFFFAOYSA-N,3.835441410715943
QIXQEKVNGYFHMU-UHFFFAOYSA-N__WKZBXFIZNSOPDF-NSCUHMNNSA-N,8.146825560638964
JAOMGMGNWGUDGA-UHFFFAOYSA-N__JFWJDQHCEPWHEW-UHFFFAOYSA-N,6.041278583809953
JFWJDQHCEPWHEW-UHFFFAOYSA-N__JAOMGMGNWGUDGA-UHFFFAOYSA-N,4.72285942877164
BBHNJXAGLFQFAS-UHFFFAOYSA-N__UQKAJOJIOGJUTA-UHFFFAOYSA-N,12.659506669242525
BXAJTODXNKLLEO-UHFFFAOYSA-N__VNWOTUPYXXOOQG-UHFFFAOYSA-N,9.798894258319978
XJNPIWGHUGGGQU-UHFFFAOYSA-N__DJVGHWRAQQLNKW-UHFFFAOYSA-N,6.841711785441493
VNWOTUPYXXOOQG-UHFFFAOYSA-N__BXAJTODXNKLLEO-UHFFFAOYSA-N,4.659025749775099
WWTDSYUUPGYWDD-UHFFFAOYSA-N__KZEXQNMZOYZTNF-UHFFFAOYSA-N,0.0058424977211754
DRWSUENSQHLTKI-UHFFFAOYSA-N__SJTNGHYZXJLCOI-UHFFFAOYSA-N,4.642270042013089
KZEXQNMZOYZTNF-UHFFFAOYSA-N__WWTDSYUUPGYWDD-UHFFFAOYSA-N,6.319874154839367
SJTNGHYZXJLCOI-UHFFFAOYSA-N__DRWSUENSQHLTKI-UHFFFAOYSA-N,11.996770088462824
KMUDQJBRQDRTNK-UHFFFAOYSA-N__AVHFGRDSQOBNAD-UHFFFAOYSA-N,5.885172040290475
AVHFGRDSQOBNAD-UHFFFAOYSA-N__KMUDQJBRQDRTNK-UHFFFAOYSA-N,14.112121334639587
LFVZCDGFWQPXOB-UHFFFAOYSA-N__HWWOUWXHGQFFGK-WLRTZDKTSA-N,6.326100214169585
HWWOUWXHGQFFGK-WLRTZDKTSA-N__LFVZCDGFWQPXOB-UHFFFAOYSA-N,7.98100659468296
HWGFYYLGCNWYGV-UHFFFAOYSA-N__KJIXSUYOCRQGFR-UHFFFAOYSA-N,3.244426732465328
OYQCHTPOGQDTKV-UHFFFAOYSA-N__SPMJIIFKCWCFCY-UHFFFAOYSA-N,4.6423315651136345
SPMJIIFKCWCFCY-UHFFFAOYSA-N__OYQCHTPOGQDTKV-UHFFFAOYSA-N,4.877807397165119
KJIXSUYOCRQGFR-UHFFFAOYSA-N__HWGFYYLGCNWYGV-UHFFFAOYSA-N,4.986855848363298
PUBATCIDTLXMPW-UHFFFAOYSA-N__WWTUGBCWJDWHFE-UHFFFAOYSA-N,8.438417479773394
WWTUGBCWJDWHFE-UHFFFAOYSA-N__PUBATCIDTLXMPW-UHFFFAOYSA-N,10.269754131227918
WLSHHOXDKBTGMI-UHFFFAOYSA-N__RHTZYOYJELTQJO-UHFFFAOYSA-N,7.407965584017358
RHTZYOYJELTQJO-UHFFFAOYSA-N__WLSHHOXDKBTGMI-UHFFFAOYSA-N,3.907059939643138
VKPDIMNBVVXLNF-UHFFFAOYSA-N__YDRFZUPDFPLOCD-UHFFFAOYSA-N,6.043420380691037
BBZHXLWTONBEPZ-FGCOXFRFSA-N__GKIXXUQNJPKKEX-UHFFFAOYSA-N,5.3149084646228015
GKIXXUQNJPKKEX-UHFFFAOYSA-N__BBZHXLWTONBEPZ-FGCOXFRFSA-N,2.156005320404576
ASPKMCWADRLLOP-UHFFFAOYSA-N__LKETVNIPWHKRGK-UHFFFAOYSA-N,12.272821437536283
LKETVNIPWHKRGK-UHFFFAOYSA-N__ASPKMCWADRLLOP-UHFFFAOYSA-N,2.250024364954038
DSJFOIXLIUILMN-UHFFFAOYSA-N__CUSRRQQGEHDCRN-UHFFFAOYSA-N,6.39940713158153
CUSRRQQGEHDCRN-UHFFFAOYSA-N__DSJFOIXLIUILMN-UHFFFAOYSA-N,6.256078334538656
HURFJVUJQSCJLS-UHFFFAOYSA-N__PIZXUQMBABUJNA-UHFFFAOYSA-N,-0.3413025360069849
PIZXUQMBABUJNA-UHFFFAOYSA-N__HURFJVUJQSCJLS-UHFFFAOYSA-N,2.621228592998189
FIAADIGNBREGAY-UHFFFAOYSA-N__YEYPSUQQZNDKDE-UHFFFAOYSA-N,10.33104367059437
YEYPSUQQZNDKDE-UHFFFAOYSA-N__FIAADIGNBREGAY-UHFFFAOYSA-N,5.635847909033388
FXXQUTSXXILOMY-UHFFFAOYSA-N__RRBJOYNUJYILJZ-UHFFFAOYSA-N,4.492998784320545
XAICAOGORUCZJP-UHFFFAOYSA-N__FNHGLHIVLOAHDT-UHFFFAOYSA-N,3.3937995364680726
RRBJOYNUJYILJZ-UHFFFAOYSA-N__FXXQUTSXXILOMY-UHFFFAOYSA-N,8.285574298577362
FNHGLHIVLOAHDT-UHFFFAOYSA-N__XAICAOGORUCZJP-UHFFFAOYSA-N,6.665141901824831
HBWNJUYEXFXBIL-UHFFFAOYSA-N__XRXIWHOEHDDLAI-UHFFFAOYSA-N,8.387084057808133
XRXIWHOEHDDLAI-UHFFFAOYSA-N__HBWNJUYEXFXBIL-UHFFFAOYSA-N,7.487602124410018
XMRAFLDOLJTQJW-UHFFFAOYSA-N__KAMPVNZYRDWJJR-UHFFFAOYSA-N,0.3846989451666414
KAMPVNZYRDWJJR-UHFFFAOYSA-N__XMRAFLDOLJTQJW-UHFFFAOYSA-N,5.648010665917635
YLVFCOZNSKQMOC-UHFFFAOYSA-N__SGWAUXYAGIETNF-UHFFFAOYSA-N,5.5468543704889735
SGWAUXYAGIETNF-UHFFFAOYSA-N__YLVFCOZNSKQMOC-UHFFFAOYSA-N,12.63811488554869
MQVNRXYKMHZPIO-UHFFFAOYSA-N__LNPBNUBYTODUCF-UHFFFAOYSA-N,6.490584387920524
BUGKLXFWSJVIFJ-ZIAGYGMSSA-N__WTGBACTVTKTVOA-UHFFFAOYSA-N,3.054514759949126
TUZSXIZBSHMUOF-UHFFFAOYSA-N__STKQZRMQUHMVIJ-UHFFFAOYSA-N,1.3745453856090386
STKQZRMQUHMVIJ-UHFFFAOYSA-N__TUZSXIZBSHMUOF-UHFFFAOYSA-N,5.8003212662077255
WTGBACTVTKTVOA-UHFFFAOYSA-N__BUGKLXFWSJVIFJ-ZIAGYGMSSA-N,5.145819944211548
XRHRQZMAPARGLZ-UHFFFAOYSA-N__OHWRUDCMXGURJC-UHFFFAOYSA-N,4.133977929011608
BVAZVPDTEPUTGN-UHFFFAOYSA-N__OTMCLJKLCMLRHS-UHFFFAOYSA-N,3.4931784300370463
OHWRUDCMXGURJC-UHFFFAOYSA-N__XRHRQZMAPARGLZ-UHFFFAOYSA-N,4.876594494461395
HGINXFZQXVVTCS-UHFFFAOYSA-N__PFGVDRCTYGOTDY-UHFFFAOYSA-N,6.168128719945464
OTMCLJKLCMLRHS-UHFFFAOYSA-N__BVAZVPDTEPUTGN-UHFFFAOYSA-N,4.336494056578142
PFGVDRCTYGOTDY-UHFFFAOYSA-N__HGINXFZQXVVTCS-UHFFFAOYSA-N,3.9439317657697206
NOKFZGUPCLYBNB-UHFFFAOYSA-N__RGOYGWMBLZXNNL-UHFFFAOYSA-N,7.0761946274249015
RGOYGWMBLZXNNL-UHFFFAOYSA-N__NOKFZGUPCLYBNB-UHFFFAOYSA-N,7.156906541246509
PMYKLGOEUIFMHK-UHFFFAOYSA-N__ZXFURIYSGWUGEW-UHFFFAOYSA-N,4.559312199582922
QYQFQGPGQDMFKT-UHFFFAOYSA-N__DMSLPBFUZSQMQT-UHFFFAOYSA-N,3.1875878781112603
ZXFURIYSGWUGEW-UHFFFAOYSA-N__PMYKLGOEUIFMHK-UHFFFAOYSA-N,4.960640460270736
DMSLPBFUZSQMQT-UHFFFAOYSA-N__QYQFQGPGQDMFKT-UHFFFAOYSA-N,4.911393608516263
UJLBZGYWCYLBRF-UHFFFAOYSA-N__JYZMUUMCVIIOOY-UHFFFAOYSA-N,2.74663033023647
JYZMUUMCVIIOOY-UHFFFAOYSA-N__UJLBZGYWCYLBRF-UHFFFAOYSA-N,2.918670965071673
MELOXGNGFOAZNF-UHFFFAOYSA-N__ZVAPZWLHHQLNBR-UHFFFAOYSA-N,3.4664365269706496
ZVAPZWLHHQLNBR-UHFFFAOYSA-N__MELOXGNGFOAZNF-UHFFFAOYSA-N,10.883267794250086
CHVPKJYGEYFHTO-UHFFFAOYSA-N__VNVRYGFUCOBZIO-UHFFFAOYSA-N,5.651942045390223
BRBJWENVWVAROE-UHFFFAOYSA-N__OLUSPMWMSYLJIR-UHFFFAOYSA-N,5.320928772364248
PSOVAGLMVPTYSM-UHFFFAOYSA-N__LJDWCSVHJHECMJ-UHFFFAOYSA-N,9.128092696317427
LJDWCSVHJHECMJ-UHFFFAOYSA-N__PSOVAGLMVPTYSM-UHFFFAOYSA-N,3.134740784469205
BXQPCQLNANMZFL-UHFFFAOYSA-N__KYCZYBUIKHQMET-UHFFFAOYSA-N,4.419610260506961
KYCZYBUIKHQMET-UHFFFAOYSA-N__BXQPCQLNANMZFL-UHFFFAOYSA-N,7.638910327011893
OROMOWYDPKSFCT-UHFFFAOYSA-N__ZOZWRGRXXIPNKK-UHFFFAOYSA-N,2.3196516743532065
ZOZWRGRXXIPNKK-UHFFFAOYSA-N__OROMOWYDPKSFCT-UHFFFAOYSA-N,9.924697894075775
MDGRYEOKBGTCRJ-UHFFFAOYSA-N__KHOWUTYCRMOPTM-UHFFFAOYSA-N,4.397290163910568
KHOWUTYCRMOPTM-UHFFFAOYSA-N__MDGRYEOKBGTCRJ-UHFFFAOYSA-N,4.9163328657686405
LKRUMGDCBJPQFA-UHFFFAOYSA-N__HTCGBGLEDOBQBE-UHFFFAOYSA-N,9.798025337605072
HTCGBGLEDOBQBE-UHFFFAOYSA-N__LKRUMGDCBJPQFA-UHFFFAOYSA-N,9.19336154450238
QOCLBCNZQWLXMW-UHFFFAOYSA-N__TWUXXEMSFZKUAO-UHFFFAOYSA-N,6.096087836022379
FBWOQWIQPYIDMU-UHFFFAOYSA-N__LXQLOIJDAPJXBK-UHFFFAOYSA-N,10.95119620492001
LXQLOIJDAPJXBK-UHFFFAOYSA-N__FBWOQWIQPYIDMU-UHFFFAOYSA-N,6.871142699395709
DUJFRXQGBLXJPX-UHFFFAOYSA-N__OZIRRGAQMSLSIJ-UHFFFAOYSA-N,4.708227022037682
OZIRRGAQMSLSIJ-UHFFFAOYSA-N__DUJFRXQGBLXJPX-UHFFFAOYSA-N,1.8401915025879765
LKQFCOMWLNQPGO-UHFFFAOYSA-N__RUWFGXJQOUBAPT-UHFFFAOYSA-N,8.354638055353952
RUWFGXJQOUBAPT-UHFFFAOYSA-N__LKQFCOMWLNQPGO-UHFFFAOYSA-N,5.371709492455183
RAXFRMRFPUYFHW-UHFFFAOYSA-N__SYQMYCLUEINSRN-ZETCQYMHSA-N,5.149040953517738
SYQMYCLUEINSRN-ZETCQYMHSA-N__RAXFRMRFPUYFHW-UHFFFAOYSA-N,6.332235546833805
CKGLVDHAJSJKRT-UHFFFAOYSA-N__QPDFTFWHASIALF-UHFFFAOYSA-N,6.909233140028508
QPDFTFWHASIALF-UHFFFAOYSA-N__CKGLVDHAJSJKRT-UHFFFAOYSA-N,10.858357811597124
BIPPMISHNLSKFA-UHFFFAOYSA-N__JLAIPIQPODBWRR-BQYQJAHWSA-N,2.409197011042302
JLAIPIQPODBWRR-BQYQJAHWSA-N__BIPPMISHNLSKFA-UHFFFAOYSA-N,5.841373316560941
PWWHDPVBZIXTJQ-UHFFFAOYSA-N__QQHLIGRFGXYPQO-UHFFFAOYSA-N,5.611436255590421
QQHLIGRFGXYPQO-UHFFFAOYSA-N__PWWHDPVBZIXTJQ-UHFFFAOYSA-N,4.473080565127181
LKETVNIPWHKRGK-UHFFFAOYSA-N__SDMSJINRMMHRPP-UHFFFAOYSA-N,5.588951886940848
SDMSJINRMMHRPP-UHFFFAOYSA-N__LKETVNIPWHKRGK-UHFFFAOYSA-N,8.2852442004812
KRMBMPJIMPGDTB-UHFFFAOYSA-N__REBQVKVPGMICLV-UHFFFAOYSA-N,10.04789238102162
REBQVKVPGMICLV-UHFFFAOYSA-N__KRMBMPJIMPGDTB-UHFFFAOYSA-N,8.133911209947756
WZOMZIBMCPPVQV-UHFFFAOYSA-N__DYLHFWYJRDXQQJ-UHFFFAOYSA-N,3.623863831129632
DYLHFWYJRDXQQJ-UHFFFAOYSA-N__WZOMZIBMCPPVQV-UHFFFAOYSA-N,5.1611959444479805
HZHJHQYQTNTKCQ-UHFFFAOYSA-N__ILRWMKZJBFUXEH-UHFFFAOYSA-N,3.169895020043716
ILRWMKZJBFUXEH-UHFFFAOYSA-N__HZHJHQYQTNTKCQ-UHFFFAOYSA-N,5.119467365778496
DEHHWRMNYFOQTD-UHFFFAOYSA-N__RIHNDTQSAJASFU-UHFFFAOYSA-N,8.615792335887148
WBGSXOIEQCLHKW-UHFFFAOYSA-N__MFLJYOCYQBTMHF-UHFFFAOYSA-N,4.163055464200481
MAUGSZFJCUZQOB-UHFFFAOYSA-N__XFPBDIMTQKSRGN-UHFFFAOYSA-N,3.445971331045952
WBZQDKGYANBIKT-UHFFFAOYSA-N__LQTXMBDCLHZDAM-UHFFFAOYSA-N,5.150559127720013
LQTXMBDCLHZDAM-UHFFFAOYSA-N__WBZQDKGYANBIKT-UHFFFAOYSA-N,8.665378209746994
KRHXCOJQYVTERL-SWLSCSKDSA-N__SIVKTEJKULGMBY-UHFFFAOYSA-N,4.69730118282451
SIVKTEJKULGMBY-UHFFFAOYSA-N__KRHXCOJQYVTERL-SWLSCSKDSA-N,5.29292063491677
WNHJFZGXYZIYPZ-UHFFFAOYSA-N__YFOXBWYRQKGIAA-UHFFFAOYSA-N,10.08107501338039
YFOXBWYRQKGIAA-UHFFFAOYSA-N__WNHJFZGXYZIYPZ-UHFFFAOYSA-N,1.2734318708783443
RCERKBSPVRUVQL-UHFFFAOYSA-N__ACNMYMYDRARBSS-UHFFFAOYSA-N,2.614691079240424
BQFWUHCAYRRMFC-UHFFFAOYSA-N__BYRNFQHAJNIHSQ-UHFFFAOYSA-N,4.206874931764165
BYRNFQHAJNIHSQ-UHFFFAOYSA-N__BQFWUHCAYRRMFC-UHFFFAOYSA-N,8.826075898040399
IEPIHVGKNLIVJB-UHFFFAOYSA-N__NKJQSYGCBIUEDW-UHFFFAOYSA-N,10.021629243501538
UBDVXMVXNJOSNU-UHFFFAOYSA-N__QXUMUFQEOAHANE-UHFFFAOYSA-N,4.142508857344559
QXUMUFQEOAHANE-UHFFFAOYSA-N__UBDVXMVXNJOSNU-UHFFFAOYSA-N,0.2669418631239678
INNVCWQKIUCVHI-UHFFFAOYSA-N__URRDGSUZXIHVNL-UHFFFAOYSA-N,7.479624337973846
URRDGSUZXIHVNL-UHFFFAOYSA-N__INNVCWQKIUCVHI-UHFFFAOYSA-N,4.924887643703825
CQIROPLNTVMMRB-UHFFFAOYSA-N__PBIBBXKMAWFNBT-UHFFFAOYSA-N,5.671021256977475
PBIBBXKMAWFNBT-UHFFFAOYSA-N__CQIROPLNTVMMRB-UHFFFAOYSA-N,4.802133108799687
BUXHYMZMVMNDMG-UHFFFAOYSA-N__MRROYPQUDCABDC-UHFFFAOYSA-N,3.691161186821897
MRROYPQUDCABDC-UHFFFAOYSA-N__BUXHYMZMVMNDMG-UHFFFAOYSA-N,4.049769727465709
MUNVCGZBMLOGAR-UHFFFAOYSA-N__HPTSETHMHOQCFL-UHFFFAOYSA-N,4.942980882325564
HPTSETHMHOQCFL-UHFFFAOYSA-N__MUNVCGZBMLOGAR-UHFFFAOYSA-N,6.869659529450481
WHIFEKRDYLWPBO-UHFFFAOYSA-N__LDLXAPZGEKQNTF-UHFFFAOYSA-N,2.7291432508667324
LDLXAPZGEKQNTF-UHFFFAOYSA-N__WHIFEKRDYLWPBO-UHFFFAOYSA-N,6.739013116573102
FXNVCBLWOZVIES-UHFFFAOYSA-N__UYVDRKLPUXWOHI-UHFFFAOYSA-N,4.853239047289011
UYVDRKLPUXWOHI-UHFFFAOYSA-N__FXNVCBLWOZVIES-UHFFFAOYSA-N,7.130340775073503
JQXBYCNFXFFFOQ-UHFFFAOYSA-N__MXMHRIUYEFEROS-UHFFFAOYSA-N,7.42041849226413
NKAMFCFKAWNJSS-UHFFFAOYSA-N__YVQQEBYXJMYZAT-UHFFFAOYSA-N,1.311073457646832
YVQQEBYXJMYZAT-UHFFFAOYSA-N__NKAMFCFKAWNJSS-UHFFFAOYSA-N,5.511769966863123
MXMHRIUYEFEROS-UHFFFAOYSA-N__JQXBYCNFXFFFOQ-UHFFFAOYSA-N,5.412334517496367
MODKFLZYZFPJPB-UHFFFAOYSA-N__WSRDWPPNYIOPMF-UHFFFAOYSA-N,4.761419869244043
NDLUPXCPINJILP-UHFFFAOYSA-N__DDZSNQMPPNSSOH-XNTDXEJSSA-N,5.6696872978758845
WSRDWPPNYIOPMF-UHFFFAOYSA-N__MODKFLZYZFPJPB-UHFFFAOYSA-N,3.064815336886204
YIDRWHNMSHHDME-UHFFFAOYSA-N__FAROKYJKQLPINH-UHFFFAOYSA-N,7.945986534496127
CUKHGKWNQJIYPS-UHFFFAOYSA-N__DGRXYEUUOAUCQG-UHFFFAOYSA-N,4.0546069973153385
QHUWVOGFXHQENQ-UHFFFAOYSA-N__WSCUPKZSMULPSM-UHFFFAOYSA-N,5.037677617241514
DGRXYEUUOAUCQG-UHFFFAOYSA-N__CUKHGKWNQJIYPS-UHFFFAOYSA-N,9.944086901374286
MLVBBAMUKIYCHV-UHFFFAOYSA-N__WXBGASXWUTZXPB-UHFFFAOYSA-N,6.090567708538691
WXBGASXWUTZXPB-UHFFFAOYSA-N__MLVBBAMUKIYCHV-UHFFFAOYSA-N,5.237899450968819
SGPKMNPQDAOSBY-UHFFFAOYSA-N__PNXNWSNVAFCWPD-AWEZNQCLSA-N,2.566019629182695
TZQVKSGJABRGKC-UHFFFAOYSA-N__GMRYRVAYAQVCQR-UHFFFAOYSA-N,11.087700452170177
PNXNWSNVAFCWPD-AWEZNQCLSA-N__SGPKMNPQDAOSBY-UHFFFAOYSA-N,7.3388695225443055
XZRLBNURQMLKDQ-UHFFFAOYSA-N__XZTURXNZJORHEJ-UHFFFAOYSA-N,8.505598583216964
XZTURXNZJORHEJ-UHFFFAOYSA-N__XZRLBNURQMLKDQ-UHFFFAOYSA-N,13.09271500921944
HITABQSKAAWBDD-UHFFFAOYSA-N__XSCJKMVTSNKBDI-UHFFFAOYSA-N,10.111631064249751
IPBIHTMYAXTWMI-UHFFFAOYSA-N__SASOCTFNKIYVBF-UHFFFAOYSA-N,5.860891823437841
PLNMBFKEQQQOJZ-UHFFFAOYSA-N__GWGUIEPESUULLQ-UHFFFAOYSA-N,9.490858285887231
GWGUIEPESUULLQ-UHFFFAOYSA-N__PLNMBFKEQQQOJZ-UHFFFAOYSA-N,8.641972713373443
SASOCTFNKIYVBF-UHFFFAOYSA-N__IPBIHTMYAXTWMI-UHFFFAOYSA-N,10.998208610240692
SNRPFNQVFXZSIE-UHFFFAOYSA-N__WFGGXVOYGLPKLO-UHFFFAOYSA-N,6.469169249293022
WFGGXVOYGLPKLO-UHFFFAOYSA-N__SNRPFNQVFXZSIE-UHFFFAOYSA-N,4.219053808465802
DFVJWRUKGHWPCA-UHFFFAOYSA-N__QOJBBGBTZFXYBV-UHFFFAOYSA-N,7.748648355674715
QOJBBGBTZFXYBV-UHFFFAOYSA-N__DFVJWRUKGHWPCA-UHFFFAOYSA-N,4.069927159501379
SYOXZKANNXSKOM-UHFFFAOYSA-N__OOYMKDNVQYYCNI-UHFFFAOYSA-N,5.927406791242031
KUFWLBVOQKIUSP-UHFFFAOYSA-N__XTDZZNVINFYTFH-GFCCVEGCSA-N,11.503309092140697
OOYMKDNVQYYCNI-UHFFFAOYSA-N__SYOXZKANNXSKOM-UHFFFAOYSA-N,3.833451965831004
XTDZZNVINFYTFH-GFCCVEGCSA-N__KUFWLBVOQKIUSP-UHFFFAOYSA-N,7.210754806320949
CSWCMTWMULZKLS-UHFFFAOYSA-N__XYBJAZYMWVJNCY-UHFFFAOYSA-N,3.33420478089326
DGRMWDIQNXEGET-UHFFFAOYSA-N__SYVBHIQJXVXGHR-UHFFFAOYSA-N,3.2339303745001464
XYBJAZYMWVJNCY-UHFFFAOYSA-N__CSWCMTWMULZKLS-UHFFFAOYSA-N,9.439514766234195
RAHKLEPBXBOFSC-UHFFFAOYSA-N__FBBUJMJOILOSGP-UHFFFAOYSA-N,5.388850109716029
SYVBHIQJXVXGHR-UHFFFAOYSA-N__DGRMWDIQNXEGET-UHFFFAOYSA-N,8.7960944072749
FBBUJMJOILOSGP-UHFFFAOYSA-N__RAHKLEPBXBOFSC-UHFFFAOYSA-N,5.8834477559467615
BOBRCSGDLWDDBD-UHFFFAOYSA-N__NLXQUQMTXBSPSM-UHFFFAOYSA-N,5.94594967788015
NLXQUQMTXBSPSM-UHFFFAOYSA-N__BOBRCSGDLWDDBD-UHFFFAOYSA-N,6.696894029960864
GZGHFFPTXVUCPP-PHIMTYICSA-N__GRIVHAIKQQBTIY-UHFFFAOYSA-N,1.6674978149340445
XACWSBWCLJXKGI-UHFFFAOYSA-N__GYIVYSSJMNCJNS-UHFFFAOYSA-N,-2.2161590498144914
GYIVYSSJMNCJNS-UHFFFAOYSA-N__XACWSBWCLJXKGI-UHFFFAOYSA-N,4.688475427961801
GRIVHAIKQQBTIY-UHFFFAOYSA-N__GZGHFFPTXVUCPP-PHIMTYICSA-N,2.782866450616296
QHTTVQMWLJYTAK-UHFFFAOYSA-N__HACKQIVUOWMUOQ-UHFFFAOYSA-N,6.497394636626781
HACKQIVUOWMUOQ-UHFFFAOYSA-N__QHTTVQMWLJYTAK-UHFFFAOYSA-N,3.186924365913145
HRIFSRLMEAXCMS-UHFFFAOYSA-N__QWIXFFVWBXDFKR-UHFFFAOYSA-N,3.144099177880224
QWIXFFVWBXDFKR-UHFFFAOYSA-N__HRIFSRLMEAXCMS-UHFFFAOYSA-N,4.463641504000555
LFXLVKYFEKXMOX-RIYZIHGNSA-N__NFGBXPVSUVEUPX-UHFFFAOYSA-N,7.117919244536849
NFGBXPVSUVEUPX-UHFFFAOYSA-N__LFXLVKYFEKXMOX-RIYZIHGNSA-N,10.10794043077812
FUABWPLQBRDBSS-UHFFFAOYSA-N__HLJURVDYXDVHIN-UHFFFAOYSA-N,4.83188841325661
JPHKAMSOCOWSEE-UHFFFAOYSA-N__ARHKAJDIIKOGBQ-UHFFFAOYSA-N,9.22112027967709
WIRJPESFDDIBIW-UHFFFAOYSA-N__ZXHIMOSMIORZKF-UHFFFAOYSA-N,2.4031579474150986
ZXXGCPHWVMHZNZ-UHFFFAOYSA-N__LYQLUTFUADODIE-UHFFFAOYSA-N,6.153673546237354
JEOXQLKFSCJIKO-UHFFFAOYSA-N__QLNDAZNVEFSMGL-UHFFFAOYSA-N,6.360856969357349
LYQLUTFUADODIE-UHFFFAOYSA-N__ZXXGCPHWVMHZNZ-UHFFFAOYSA-N,11.27073703289589
OPAUXNAJLZOJBK-UHFFFAOYSA-N__NICYFBACVZUBPE-UHFFFAOYSA-N,4.924425999083055
LIZUJXDSDCXUHK-UHFFFAOYSA-N__FOFMOIBOWDIHIQ-UHFFFAOYSA-N,1.9987355939364155
GFPYSRHDFPNFPK-UHFFFAOYSA-N__OLJFZXOEBUJEOS-QNBIARANSA-N,7.045024917588799
FOFMOIBOWDIHIQ-UHFFFAOYSA-N__LIZUJXDSDCXUHK-UHFFFAOYSA-N,6.882621460137736
OLJFZXOEBUJEOS-QNBIARANSA-N__GFPYSRHDFPNFPK-UHFFFAOYSA-N,3.894873027609289
JTBDFAFCKZBPAA-UHFFFAOYSA-N__XORLINIZDNKKKB-UHFFFAOYSA-N,5.411289419295859
DJZJPZIVQMAPFA-UHFFFAOYSA-N__KQFSLIROXVEMAG-UHFFFAOYSA-N,0.6601819276948322
KQFSLIROXVEMAG-UHFFFAOYSA-N__DJZJPZIVQMAPFA-UHFFFAOYSA-N,8.065061429070665
XORLINIZDNKKKB-UHFFFAOYSA-N__JTBDFAFCKZBPAA-UHFFFAOYSA-N,-0.1463078568495992
GMZDLOQZVAIFJZ-UHFFFAOYSA-N__LQYHMAHAPKLAFS-UHFFFAOYSA-N,0.2254717289461229
LQYHMAHAPKLAFS-UHFFFAOYSA-N__GMZDLOQZVAIFJZ-UHFFFAOYSA-N,5.341792430736184
MFEHILGAGYRRDE-UHFFFAOYSA-N__VVCCIDCAYFCBIF-UHFFFAOYSA-N,10.809352493789136
FQMBCPSSGCMYEW-UHFFFAOYSA-N__JVDYTFBCAYVHKF-UHFFFAOYSA-N,4.702301905178364
JVDYTFBCAYVHKF-UHFFFAOYSA-N__FQMBCPSSGCMYEW-UHFFFAOYSA-N,7.699880985501796
VVCCIDCAYFCBIF-UHFFFAOYSA-N__MFEHILGAGYRRDE-UHFFFAOYSA-N,9.347741529444065
BTQQINVCSDRAMV-UHFFFAOYSA-N__BFKZQHDUIGSERV-UHFFFAOYSA-N,8.797758259300059
DQWMNMBAAPQFPL-UHFFFAOYSA-N__DPMOXEMRESFLHQ-NEPJUHHUSA-N,10.849443925259214
BFKZQHDUIGSERV-UHFFFAOYSA-N__BTQQINVCSDRAMV-UHFFFAOYSA-N,9.388598235866707
DPMOXEMRESFLHQ-NEPJUHHUSA-N__DQWMNMBAAPQFPL-UHFFFAOYSA-N,0.9091229537734308
DRPWQWRXUPSARG-UHFFFAOYSA-N__PFASKXCJIBXAGH-KGENOOAVSA-N,9.663560811015476
HNTTZSQIMZSIQH-UHFFFAOYSA-N__YDZNIFZWXKOQRG-UHFFFAOYSA-N,12.938230398595111
JFDDFGLNZWNJTK-UHFFFAOYSA-N__JLDUHWUZAJQJFH-UHFFFAOYSA-N,3.405482273585067
JLDUHWUZAJQJFH-UHFFFAOYSA-N__JFDDFGLNZWNJTK-UHFFFAOYSA-N,6.579018308647557
CRVYSIIAFVAGAQ-UHFFFAOYSA-N__JWIHZJBPWWLOMI-UHFFFAOYSA-N,2.781510961375837
HRKZATGTUGYPBO-UHFFFAOYSA-N__IDOJLXIUTPINTR-UHFFFAOYSA-N,2.0146718967074
IDOJLXIUTPINTR-UHFFFAOYSA-N__HRKZATGTUGYPBO-UHFFFAOYSA-N,9.972525879873256
BFFKOCOUFVJOIE-UHFFFAOYSA-N__SLARTNVPYPGEGA-UHFFFAOYSA-N,3.817941762313122
SLARTNVPYPGEGA-UHFFFAOYSA-N__BFFKOCOUFVJOIE-UHFFFAOYSA-N,6.792117304819497
VZLWLSLMIKXXHL-UHFFFAOYSA-N__OVFVSLHFZOFISW-UHFFFAOYSA-N,2.140693932842689
ULLXAKUQGTYZKN-UHFFFAOYSA-N__QULGGEQGMRZJHS-UHFFFAOYSA-N,9.929270572887948
JLIMAQCXMCXPTM-UHFFFAOYSA-N__LHZXQXFVYYBHSG-UHFFFAOYSA-N,1.817120707924236
LHZXQXFVYYBHSG-UHFFFAOYSA-N__JLIMAQCXMCXPTM-UHFFFAOYSA-N,4.244779963071917
QULGGEQGMRZJHS-UHFFFAOYSA-N__ULLXAKUQGTYZKN-UHFFFAOYSA-N,6.875746389517981
LCSRRFZCLQSXJR-UHFFFAOYSA-N__RODWHBCHUXOJNL-UHFFFAOYSA-N,3.833569136219937
RODWHBCHUXOJNL-UHFFFAOYSA-N__LCSRRFZCLQSXJR-UHFFFAOYSA-N,5.207740662115788
AHKBMUOFJASMAE-UHFFFAOYSA-N__LFLOYPJSENFVSX-UHFFFAOYSA-N,3.014904737584382
HTSNQGDXJIQDBY-UHFFFAOYSA-N__WCKLEUBMVNQAAW-UHFFFAOYSA-N,8.010347031231628
BOOSGDSQOUBVAK-UHFFFAOYSA-N__LMWXJKOGZMEFEL-UHFFFAOYSA-N,7.167541025313291
QWXRHUDQTRXGFW-UHFFFAOYSA-N__ZKTLLQZEGPAYNW-UHFFFAOYSA-N,2.727158380132198
ZKTLLQZEGPAYNW-UHFFFAOYSA-N__QWXRHUDQTRXGFW-UHFFFAOYSA-N,11.586211653111778
MVVDVVGJOWHJMU-UHFFFAOYSA-N__NXBSSEUNKCTPNC-UHFFFAOYSA-N,2.8510022579654213
NXBSSEUNKCTPNC-UHFFFAOYSA-N__MVVDVVGJOWHJMU-UHFFFAOYSA-N,6.033818234030922
MERPMCAGYUXRDM-UHFFFAOYSA-N__NDWRKFBZEIHTFC-UHFFFAOYSA-N,3.2872906820676486
JCBYCWLGNVRSED-UHFFFAOYSA-N__RZUJRAXSUFJKTH-UHFFFAOYSA-N,4.694356422297221
RZUJRAXSUFJKTH-UHFFFAOYSA-N__JCBYCWLGNVRSED-UHFFFAOYSA-N,2.2433341664010444
WCJGQMCTOKIPCX-UHFFFAOYSA-N__OFGVCAWDSMWICF-UHFFFAOYSA-N,6.397300992641951
RJHDFRTZIFAWHE-UHFFFAOYSA-N__QXIOEMVCPSLWPG-UHFFFAOYSA-N,4.356938880062479
OFGVCAWDSMWICF-UHFFFAOYSA-N__WCJGQMCTOKIPCX-UHFFFAOYSA-N,12.82317388509229
RPBPHPFVWCAGCB-UHFFFAOYSA-N__YYXYUGUATOIORB-UHFFFAOYSA-N,3.5717789456948017
YYXYUGUATOIORB-UHFFFAOYSA-N__RPBPHPFVWCAGCB-UHFFFAOYSA-N,4.312652249477101
JCBDYGGAFCNBRC-VDWCWQFCSA-N__GHQGIYRNYJLTRJ-UHFFFAOYSA-N,3.950393410967281
GHQGIYRNYJLTRJ-UHFFFAOYSA-N__JCBDYGGAFCNBRC-VDWCWQFCSA-N,6.954846375319439
TUUBKCZZHHZVIA-UHFFFAOYSA-N__ZMCJBWWHEYXJJX-UHFFFAOYSA-N,1.3896984945688509
QQEHWEQBNZFLIO-UHFFFAOYSA-N__VLKQFSMGCAFYIC-UHFFFAOYSA-N,0.5839293613639625
LCBQHENZQLJPAU-UHFFFAOYSA-N__LYQLUTFUADODIE-UHFFFAOYSA-N,7.7956182972591295
VLKQFSMGCAFYIC-UHFFFAOYSA-N__QQEHWEQBNZFLIO-UHFFFAOYSA-N,4.900971007745439
LYQLUTFUADODIE-UHFFFAOYSA-N__LCBQHENZQLJPAU-UHFFFAOYSA-N,7.673308894077355
ZFSQBXCQHSTLJT-UHFFFAOYSA-N__ZLLBTXJIIDYMHH-UHFFFAOYSA-N,8.516768545075513
ZMCJBWWHEYXJJX-UHFFFAOYSA-N__TUUBKCZZHHZVIA-UHFFFAOYSA-N,5.109143871076619
FNQXSQPOVUIPJS-UHFFFAOYSA-N__GIYRJCWCDYTCEQ-UHFFFAOYSA-N,2.857500975126059
GIYRJCWCDYTCEQ-UHFFFAOYSA-N__FNQXSQPOVUIPJS-UHFFFAOYSA-N,8.265256093194935
DSFNSJCZMUVZIR-UHFFFAOYSA-N__KVRCUTPEODUTIY-UHFFFAOYSA-N,5.218489959654864
VLSGYUVERWPKBR-UHFFFAOYSA-N__PGKMRRGPTDRTAT-UHFFFAOYSA-N,5.384120294020224
PGKMRRGPTDRTAT-UHFFFAOYSA-N__VLSGYUVERWPKBR-UHFFFAOYSA-N,4.161881097989821
DRKKTNWTMMFTII-UHFFFAOYSA-N__IRKGYUPYSFCYTB-LLVKDONJSA-N,6.940626694166516
KVRCUTPEODUTIY-UHFFFAOYSA-N__DSFNSJCZMUVZIR-UHFFFAOYSA-N,5.341124291596384
IRKGYUPYSFCYTB-LLVKDONJSA-N__DRKKTNWTMMFTII-UHFFFAOYSA-N,7.311511270010711
WCDWIAFUJPIGJN-UHFFFAOYSA-N__OTYAZSMTGJICCP-STZFKDTASA-N,10.286409895109095
TTZPGMWNBQKNKX-UHFFFAOYSA-N__WVHOWNCRVJLDKV-UHFFFAOYSA-N,4.0424259252098445
WVHOWNCRVJLDKV-UHFFFAOYSA-N__TTZPGMWNBQKNKX-UHFFFAOYSA-N,7.829834283756084
OTYAZSMTGJICCP-STZFKDTASA-N__WCDWIAFUJPIGJN-UHFFFAOYSA-N,15.939088091715409
FSBZGBMLXGPCIA-UHFFFAOYSA-N__PVMARQSYHLVIIK-UHFFFAOYSA-N,-0.7974761079911185
PVMARQSYHLVIIK-UHFFFAOYSA-N__FSBZGBMLXGPCIA-UHFFFAOYSA-N,3.755039497064794
BKICAEPLYPLWAE-UHFFFAOYSA-N__QNMGAQWLVFYMGX-UHFFFAOYSA-N,8.05644462573304
QNMGAQWLVFYMGX-UHFFFAOYSA-N__BKICAEPLYPLWAE-UHFFFAOYSA-N,1.3504687029687314
ANLGEARYGAFSJU-UHFFFAOYSA-N__MSTPXRCRJXAVDJ-UHFFFAOYSA-N,2.2652560963953885
MSTPXRCRJXAVDJ-UHFFFAOYSA-N__ANLGEARYGAFSJU-UHFFFAOYSA-N,7.583467551330089
WFTNQIMZLPIMSK-UHFFFAOYSA-N__PWFMXPKGGQXLLS-UHFFFAOYSA-N,4.198537981280403
JEXKIEBHOOKNGR-UHFFFAOYSA-N__QMVFCDLICWARTA-UHFFFAOYSA-N,4.556506872740171
QMVFCDLICWARTA-UHFFFAOYSA-N__JEXKIEBHOOKNGR-UHFFFAOYSA-N,4.291486833223007
VTEKXBQJFMPJIH-UHFFFAOYSA-N__CQDIEYSEKHLJNI-UHFFFAOYSA-N,3.0448273082874824
KPQHIMUYXMYSNN-UHFFFAOYSA-N__NWJFGAFDIIUSIX-UHFFFAOYSA-N,5.403205936298793
NWJFGAFDIIUSIX-UHFFFAOYSA-N__KPQHIMUYXMYSNN-UHFFFAOYSA-N,4.635161310481548
XSDUJKQZKMTIEX-UHFFFAOYSA-N__FXKFLSDAPGOANK-UHFFFAOYSA-N,4.519169082381992
DQLPGZKDUZGGQW-UHFFFAOYSA-N__JWKFGQALNOWVIR-UHFFFAOYSA-N,9.37896675844269
JWKFGQALNOWVIR-UHFFFAOYSA-N__DQLPGZKDUZGGQW-UHFFFAOYSA-N,7.964264962360347
NERQYURLGWSXMM-UHFFFAOYSA-N__PMLYZFCWKNZDEK-UHFFFAOYSA-N,8.079768869549207
PMLYZFCWKNZDEK-UHFFFAOYSA-N__NERQYURLGWSXMM-UHFFFAOYSA-N,8.179837011350719
BGOFCVIGEYGEOF-UHFFFAOYSA-N__PHMJOPHXLMOVHY-UHFFFAOYSA-N,8.437423520985327
BIUWCUYDBZDOGN-UHFFFAOYSA-N__PIZRRMWJIQQORV-UHFFFAOYSA-N,8.901486509085558
TVRJXEUSEQOGCP-UHFFFAOYSA-N__OVKLHQQLYRFZMJ-ZHACJKMWSA-N,6.1288603733039935
OVKLHQQLYRFZMJ-ZHACJKMWSA-N__TVRJXEUSEQOGCP-UHFFFAOYSA-N,5.992749781997686
PIZRRMWJIQQORV-UHFFFAOYSA-N__BIUWCUYDBZDOGN-UHFFFAOYSA-N,8.389692047207431
BWSHWXUDUUYNDI-UHFFFAOYSA-N__HKQZJPBSJJJOHK-UHFFFAOYSA-N,3.087963259610218
HKQZJPBSJJJOHK-UHFFFAOYSA-N__BWSHWXUDUUYNDI-UHFFFAOYSA-N,7.288694568053637
CTROYGSQXDKYET-UHFFFAOYSA-N__YXSVIIYRFZMYCP-UHFFFAOYSA-N,4.701039570503413
YXSVIIYRFZMYCP-UHFFFAOYSA-N__CTROYGSQXDKYET-UHFFFAOYSA-N,6.1739448143219
SRRPITAESQUHOW-UHFFFAOYSA-N__UQYYIXGRQZJGBS-UHFFFAOYSA-N,8.810814312202718
UQYYIXGRQZJGBS-UHFFFAOYSA-N__SRRPITAESQUHOW-UHFFFAOYSA-N,6.702102825863741
DFIKTZMRQDTVTE-UHFFFAOYSA-N__CEHLYWKIPAYYMO-UHFFFAOYSA-N,3.0436620163985
GIJYJFLVBWTQPI-UHFFFAOYSA-N__KWMWQXHKDUXLJY-UHFFFAOYSA-N,10.037387418862512
KWMWQXHKDUXLJY-UHFFFAOYSA-N__GIJYJFLVBWTQPI-UHFFFAOYSA-N,8.39051539927406
AXDCHKABGHLYBB-UHFFFAOYSA-N__ISSCVYJCJIDRQY-UHFFFAOYSA-N,8.400776996842037
ISSCVYJCJIDRQY-UHFFFAOYSA-N__AXDCHKABGHLYBB-UHFFFAOYSA-N,8.492021104705232
JNJQUBIMZKRKMU-UHFFFAOYSA-N__WWCGQXIWOBGEMA-UHFFFAOYSA-N,0.3475852017147395
WWCGQXIWOBGEMA-UHFFFAOYSA-N__JNJQUBIMZKRKMU-UHFFFAOYSA-N,5.25291409731829
ATDYZQRDXCCHKE-UHFFFAOYSA-N__XPIBCQSFZOFOHO-UHFFFAOYSA-N,3.4277183401606868
VDOBIMXXOMDAGA-UHFFFAOYSA-N__WGQCZDLAZLWSPB-UHFFFAOYSA-N,3.969446521760901
WGQCZDLAZLWSPB-UHFFFAOYSA-N__VDOBIMXXOMDAGA-UHFFFAOYSA-N,5.184079289046999
WNOMMWSPXIXDKT-UHFFFAOYSA-N__CPZUJFLSZUZXDN-UHFFFAOYSA-N,4.315386588955551
SNPQYYZEGPAXEU-UHFFFAOYSA-N__HMMRZSKKNJIKCE-UHFFFAOYSA-N,3.367025537373449
KQWNFIFWPLLUBZ-UHFFFAOYSA-N__FRFSOHBOTSDPGD-UHFFFAOYSA-N,4.464467076225872
JEOJJYZGRWBZAW-UHFFFAOYSA-N__PGIUDBMQBDMJCX-UHFFFAOYSA-N,4.711926289594518
PGIUDBMQBDMJCX-UHFFFAOYSA-N__JEOJJYZGRWBZAW-UHFFFAOYSA-N,7.878263682227427
UUZUVDRGOPMJJB-UHFFFAOYSA-N__WHIFEKRDYLWPBO-UHFFFAOYSA-N,5.858061410749488
WHIFEKRDYLWPBO-UHFFFAOYSA-N__UUZUVDRGOPMJJB-UHFFFAOYSA-N,1.908275932678542
WQRFTKVABASAHK-UHFFFAOYSA-N__ZYNZYRLSHIJHNR-UHFFFAOYSA-N,6.64975007897165
YHEHJKYAVASOKM-UHFFFAOYSA-N__WPIKFNIPYSZQIR-UHFFFAOYSA-N,7.397873299570435
KYKZWNFVHXJEEG-UHFFFAOYSA-N__VYJKICHPGOHDJR-UHFFFAOYSA-N,2.115411114984073
VYJKICHPGOHDJR-UHFFFAOYSA-N__KYKZWNFVHXJEEG-UHFFFAOYSA-N,4.44069169496583
QHWCJSOHOZLRNZ-UHFFFAOYSA-N__VRJRQWYAVBTCRB-UHFFFAOYSA-N,4.795477306547943
NNYIQYMDIZMWEK-MDZDMXLPSA-N__VAMURZHXZOPNSP-UHFFFAOYSA-N,4.973004613249125
VRJRQWYAVBTCRB-UHFFFAOYSA-N__QHWCJSOHOZLRNZ-UHFFFAOYSA-N,2.0881301028705708
VAMURZHXZOPNSP-UHFFFAOYSA-N__NNYIQYMDIZMWEK-MDZDMXLPSA-N,3.790637212922016
QFIHDFFBTJWRFY-UHFFFAOYSA-N__OQXKKVYJXBBAJD-UHFFFAOYSA-N,1.875569308948491
GTFCKPUOJOVUBB-UHFFFAOYSA-N__AMJQUYRDZLZKGS-UHFFFAOYSA-N,3.3182094180203063
AMJQUYRDZLZKGS-UHFFFAOYSA-N__GTFCKPUOJOVUBB-UHFFFAOYSA-N,4.861546826809504
ZXQFGLVLSKQKTC-UHFFFAOYSA-N__HGMNBSZQRPPUNW-UHFFFAOYSA-N,5.554942796747369
WIZJDSJCAUHCCV-UHFFFAOYSA-N__SDESYNNEXSLOPX-UHFFFAOYSA-N,5.864358755215362
OPUUJVDNMHYQGM-UHFFFAOYSA-N__GGKYNEXNKRLRSA-UHFFFAOYSA-N,3.2900007304946204
GGKYNEXNKRLRSA-UHFFFAOYSA-N__OPUUJVDNMHYQGM-UHFFFAOYSA-N,5.257715182740404
FSHGLFDDRWOXAM-UHFFFAOYSA-N__LVPBZVDKXDNCJP-BMLIUANNSA-N,8.469282553532475
MZTWLCBNTTUXJF-UHFFFAOYSA-N__RFVQVICRHFEGKG-UHFFFAOYSA-N,13.834032087488827
AWCNBWVIRBLMOC-UHFFFAOYSA-N__SLHRFBWIRPWNNM-LLVKDONJSA-N,1.305640430424895
AJKBBNPTWLQBSY-UHFFFAOYSA-N__CWKGJFRWUHBLJY-UHFFFAOYSA-N,4.259224948847696
BRTKFGFEGLISSW-UHFFFAOYSA-N__LBUBDHWMQIYDNT-UHFFFAOYSA-N,11.99736657692302
LBUBDHWMQIYDNT-UHFFFAOYSA-N__BRTKFGFEGLISSW-UHFFFAOYSA-N,11.225622185955457
MPEDQLOWOAMLEG-UHFFFAOYSA-N__BKGLRZJJTVHMKX-UHFFFAOYSA-N,7.609236359007685
BKGLRZJJTVHMKX-UHFFFAOYSA-N__MPEDQLOWOAMLEG-UHFFFAOYSA-N,6.265048241770272
MRCTXLMXGCSUQU-UHFFFAOYSA-N__DLBJCUYMHWMGDM-UHFFFAOYSA-N,1.3249303276594429
DLBJCUYMHWMGDM-UHFFFAOYSA-N__MRCTXLMXGCSUQU-UHFFFAOYSA-N,3.7939380896565407
TXXRMKJVOLSCOC-UHFFFAOYSA-N__VEYSTXWPDMJMEG-UHFFFAOYSA-N,5.896381063558628
VEYSTXWPDMJMEG-UHFFFAOYSA-N__TXXRMKJVOLSCOC-UHFFFAOYSA-N,6.942440780686768
BSZYGTODZAFRDC-UHFFFAOYSA-N__OICZLAFHKYSIRF-UHFFFAOYSA-N,2.450332438730586
OXKBGSJPEZQIIX-UHFFFAOYSA-N__YLRXCMHWFLHZHX-UHFFFAOYSA-N,8.318605920837255
OICZLAFHKYSIRF-UHFFFAOYSA-N__BSZYGTODZAFRDC-UHFFFAOYSA-N,7.236364748913885
YLRXCMHWFLHZHX-UHFFFAOYSA-N__OXKBGSJPEZQIIX-UHFFFAOYSA-N,3.666569731985965
SZEAFRUCXYIAJT-UHFFFAOYSA-N__BDXYTABBDLCEGP-UHFFFAOYSA-N,9.304448764833976
BDXYTABBDLCEGP-UHFFFAOYSA-N__SZEAFRUCXYIAJT-UHFFFAOYSA-N,4.048377344040376
GUBLBPHIHOQQFA-UHFFFAOYSA-N__CRXDPKHCUSCHAW-UHFFFAOYSA-N,3.525806178600809
CRXDPKHCUSCHAW-UHFFFAOYSA-N__GUBLBPHIHOQQFA-UHFFFAOYSA-N,4.0941895638627
JNHDGVBZYDURBU-UHFFFAOYSA-N__VMWRONCTLKDNNL-UHFFFAOYSA-N,7.517073011778872
VMWRONCTLKDNNL-UHFFFAOYSA-N__JNHDGVBZYDURBU-UHFFFAOYSA-N,9.077632122096256
SDTNYVSGIKPAOU-UHFFFAOYSA-N__VXDGSCPRFVDOBR-UHFFFAOYSA-N,4.24224140961534
FEKCKLHQLUVTER-UHFFFAOYSA-N__PNAZNCBRDJFWSQ-UHFFFAOYSA-N,3.6176547999835176
VXDGSCPRFVDOBR-UHFFFAOYSA-N__SDTNYVSGIKPAOU-UHFFFAOYSA-N,0.9619737958817342
PNAZNCBRDJFWSQ-UHFFFAOYSA-N__FEKCKLHQLUVTER-UHFFFAOYSA-N,8.213295030777749
ACCHDBFUTDLHCB-UHFFFAOYSA-N__NGVGIIDXNRIPDD-UHFFFAOYSA-N,7.027839579907139
NGVGIIDXNRIPDD-UHFFFAOYSA-N__ACCHDBFUTDLHCB-UHFFFAOYSA-N,6.380679208795644
GTPFNXXYWZBQBW-UHFFFAOYSA-N__OERJCIDWNMBOIK-UHFFFAOYSA-N,15.658202216583431
FRNGHIUMSZULTO-UHFFFAOYSA-N__NAWHCCWOTULRTP-UHFFFAOYSA-N,6.336466157341063
CEJNWQOCHOWIBY-UHFFFAOYSA-N__HBLOOXHVWPDEPS-UHFFFAOYSA-N,3.393146894921952
NAWHCCWOTULRTP-UHFFFAOYSA-N__FRNGHIUMSZULTO-UHFFFAOYSA-N,3.6826987728671305
ONSDMJSLGGGRSJ-UHFFFAOYSA-N__XSJLCWIKWFKRDN-UHFFFAOYSA-N,4.402596479504423
AQBJJQLTWGLWDF-UHFFFAOYSA-N__MUBNOGWKLQTFEB-UHFFFAOYSA-N,5.654381648797488
HBLOOXHVWPDEPS-UHFFFAOYSA-N__CEJNWQOCHOWIBY-UHFFFAOYSA-N,3.820952339227482
MUBNOGWKLQTFEB-UHFFFAOYSA-N__AQBJJQLTWGLWDF-UHFFFAOYSA-N,2.6340754746498978
NUPGYEJDTIBCFC-UHFFFAOYSA-N__AYMBSMOOYKYXAA-UHFFFAOYSA-N,7.246663392334658
AYMBSMOOYKYXAA-UHFFFAOYSA-N__NUPGYEJDTIBCFC-UHFFFAOYSA-N,6.726982688023785
PPSASWRUODNOLG-UHFFFAOYSA-N__DYRNYWWSMLLBAI-UHFFFAOYSA-N,8.762119716521612
FKZSPBKGUNSVCV-UHFFFAOYSA-N__GIGUALFHWPDLTA-UHFFFAOYSA-N,9.686496350638524
AFCGHQBUSDQEHV-UHFFFAOYSA-N__XJNXXGNDHGOOPM-UHFFFAOYSA-N,2.570007549971133
UBYQXVMQHJVPRM-UHFFFAOYSA-N__FSSGDVSCSUDWQT-UHFFFAOYSA-N,9.77854770865719
FSSGDVSCSUDWQT-UHFFFAOYSA-N__UBYQXVMQHJVPRM-UHFFFAOYSA-N,11.398476526178255
XJNXXGNDHGOOPM-UHFFFAOYSA-N__AFCGHQBUSDQEHV-UHFFFAOYSA-N,4.775167405875935
GIGUALFHWPDLTA-UHFFFAOYSA-N__FKZSPBKGUNSVCV-UHFFFAOYSA-N,9.162916514123172
HXLMUIVDGBYDMC-UHFFFAOYSA-N__QIOINUYDVDNIRG-UHFFFAOYSA-N,5.022870174383698
QIOINUYDVDNIRG-UHFFFAOYSA-N__HXLMUIVDGBYDMC-UHFFFAOYSA-N,5.281230721895335
IBJSJAJYAQXGTJ-UHFFFAOYSA-N__AUNFOZSKGOXRIZ-UHFFFAOYSA-N,7.591512326405111
AUNFOZSKGOXRIZ-UHFFFAOYSA-N__IBJSJAJYAQXGTJ-UHFFFAOYSA-N,6.278683893490465
JQESQZDNZGPDBG-UHFFFAOYSA-N__MYLGNJSZKCADPD-UHFFFAOYSA-N,7.401008450636748
MYLGNJSZKCADPD-UHFFFAOYSA-N__JQESQZDNZGPDBG-UHFFFAOYSA-N,3.8233377871994
JPJAETTZXYGVBT-UHFFFAOYSA-N__NVCLIOIWKYDNCF-UHFFFAOYSA-N,0.6336761038088891
NVCLIOIWKYDNCF-UHFFFAOYSA-N__JPJAETTZXYGVBT-UHFFFAOYSA-N,6.2174874031783
IFWXHDQBOQVDQA-UHFFFAOYSA-N__PRJFCTDTEDZDQI-UHFFFAOYSA-N,0.0621714413858017
PRJFCTDTEDZDQI-UHFFFAOYSA-N__IFWXHDQBOQVDQA-UHFFFAOYSA-N,6.974194108254954
LNTZZWKBKAYUQY-UHFFFAOYSA-N__CFXDYKVWSAHIGJ-UHFFFAOYSA-N,4.854868046154328
CFXDYKVWSAHIGJ-UHFFFAOYSA-N__LNTZZWKBKAYUQY-UHFFFAOYSA-N,5.344353072207047
WCBNXPOLSWWRRV-UHFFFAOYSA-N__ZMGLDVRJZZXIBL-UHFFFAOYSA-N,5.031728140773394
ZMGLDVRJZZXIBL-UHFFFAOYSA-N__WCBNXPOLSWWRRV-UHFFFAOYSA-N,2.6113510642635807
NQOLOIOZYCUDHP-UHFFFAOYSA-N__UWFYZOOQHKMWEO-UHFFFAOYSA-N,4.618437099138698
UWFYZOOQHKMWEO-UHFFFAOYSA-N__NQOLOIOZYCUDHP-UHFFFAOYSA-N,6.01784181438143
STEDJHXXNDVTAE-UHFFFAOYSA-N__ZOIGKSDKWBYMRP-UHFFFAOYSA-N,6.328632893454814
ZOIGKSDKWBYMRP-UHFFFAOYSA-N__STEDJHXXNDVTAE-UHFFFAOYSA-N,5.71282303967431
CJTXRPVRWCWWJR-UHFFFAOYSA-N__BLJOPDCGHZTYQT-UHFFFAOYSA-N,3.451736361415869
PJNPVTUDOZHSBT-UHFFFAOYSA-N__VCZIHTPBVOJJBK-UHFFFAOYSA-N,12.64953930280427
CQXRPAWABKSGAT-UHFFFAOYSA-N__WMMZAOKEPFFUBT-UHFFFAOYSA-N,10.377901936078
WMMZAOKEPFFUBT-UHFFFAOYSA-N__CQXRPAWABKSGAT-UHFFFAOYSA-N,5.930266621086504
VCZIHTPBVOJJBK-UHFFFAOYSA-N__PJNPVTUDOZHSBT-UHFFFAOYSA-N,12.724857547300786
MYYGTNNPXVMBJD-UHFFFAOYSA-N__SKCQHDRWYVVZIK-UHFFFAOYSA-N,5.676693581864465
BCNMFOKLPNNNQF-UHFFFAOYSA-N__LLQZLKZEJDXBDS-UHFFFAOYSA-N,4.993126103483149
SKCQHDRWYVVZIK-UHFFFAOYSA-N__MYYGTNNPXVMBJD-UHFFFAOYSA-N,3.915586037859316
OWTWIGAZTLAZSS-UHFFFAOYSA-N__VHNHBAYMXFVJLL-UHFFFAOYSA-N,4.880746649065005
OJKXIQYCTKIKPG-UHFFFAOYSA-N__AUBMVOCTBUWDHQ-UHFFFAOYSA-N,7.66686633649454
AUBMVOCTBUWDHQ-UHFFFAOYSA-N__OJKXIQYCTKIKPG-UHFFFAOYSA-N,4.537257355912495
VHNHBAYMXFVJLL-UHFFFAOYSA-N__OWTWIGAZTLAZSS-UHFFFAOYSA-N,-0.0729375817687851
FGZDTIPDMXSTEH-UHFFFAOYSA-N__XEHWSXPNTSTFNX-UHFFFAOYSA-N,9.850963437421552
AJULUYBOPAMURH-UHFFFAOYSA-N__IQPFPFIIUAGZHH-UHFFFAOYSA-N,10.997072064059816
IQPFPFIIUAGZHH-UHFFFAOYSA-N__AJULUYBOPAMURH-UHFFFAOYSA-N,5.102622867863055
ZUNILHGLLIRPNJ-UHFFFAOYSA-N__NNTKEFQZSAGPDT-PWCHPLFNSA-N,4.917863170051637
POXMNWQVWYVPNU-UHFFFAOYSA-N__IAGPFCVJUXEOOB-UHFFFAOYSA-N,4.980321231848058
NNTKEFQZSAGPDT-PWCHPLFNSA-N__ZUNILHGLLIRPNJ-UHFFFAOYSA-N,10.965821110940476
IAGPFCVJUXEOOB-UHFFFAOYSA-N__POXMNWQVWYVPNU-UHFFFAOYSA-N,3.0542699498043344
DQCKBPZXFCDBKA-UHFFFAOYSA-N__IUIDJLBCJDTKHN-UHFFFAOYSA-N,0.3454254811952971
WHVILZRFPJCAFB-UHFFFAOYSA-N__VAZZQRFSDNZKPO-UHFFFAOYSA-N,5.900134337272765
VAZZQRFSDNZKPO-UHFFFAOYSA-N__WHVILZRFPJCAFB-UHFFFAOYSA-N,4.847073528784831
IUIDJLBCJDTKHN-UHFFFAOYSA-N__DQCKBPZXFCDBKA-UHFFFAOYSA-N,2.8635440825653204
DXPOXQILPQLYTP-UHFFFAOYSA-N__PYVBGEUEQLAGGN-UHFFFAOYSA-N,8.321731413168152
PYVBGEUEQLAGGN-UHFFFAOYSA-N__DXPOXQILPQLYTP-UHFFFAOYSA-N,3.7084902311428447
GOOWAUIBDLWUNJ-DHZHZOJOSA-N__AZQPTODQXQCXIE-UHFFFAOYSA-N,-1.2304797322297896
WDTMFRRWBUMBHM-UHFFFAOYSA-N__NBHNQJDFKJVMKN-UHFFFAOYSA-N,-0.9231858010218652
AZQPTODQXQCXIE-UHFFFAOYSA-N__GOOWAUIBDLWUNJ-DHZHZOJOSA-N,4.31540840602216
NBHNQJDFKJVMKN-UHFFFAOYSA-N__WDTMFRRWBUMBHM-UHFFFAOYSA-N,2.574036125467081
MJUXQNJOFBZSCY-UHFFFAOYSA-N__ZHYKNFMZCGOLQD-UHFFFAOYSA-N,8.51347107601812
ZHYKNFMZCGOLQD-UHFFFAOYSA-N__MJUXQNJOFBZSCY-UHFFFAOYSA-N,4.819935452272568
MDKBHQUOOGXSFD-UHFFFAOYSA-N__UONFXXDPBZATGA-UHFFFAOYSA-N,9.605164680671338
UONFXXDPBZATGA-UHFFFAOYSA-N__MDKBHQUOOGXSFD-UHFFFAOYSA-N,9.0908506311034
ITUQKBLASNHKAO-UHFFFAOYSA-N__OULVSIXUFWLHHX-UHFFFAOYSA-N,10.760526243932013
OULVSIXUFWLHHX-UHFFFAOYSA-N__ITUQKBLASNHKAO-UHFFFAOYSA-N,3.101099734392334
CNRMXSDELVGNOS-UHFFFAOYSA-N__WBAOIPFFSBYZIS-UHFFFAOYSA-N,2.427132098117737
ARMREXMQPUTVIX-UHFFFAOYSA-N__KJYQJIMGVVHWNK-UHFFFAOYSA-N,10.501826243923391
KJYQJIMGVVHWNK-UHFFFAOYSA-N__ARMREXMQPUTVIX-UHFFFAOYSA-N,-0.1581794118248476
WBAOIPFFSBYZIS-UHFFFAOYSA-N__CNRMXSDELVGNOS-UHFFFAOYSA-N,2.9702811735734964
WBIFNRSOZKXAKH-UHFFFAOYSA-N__KCFCMXFHRKHDFP-UHFFFAOYSA-N,14.860065933944536
KCFCMXFHRKHDFP-UHFFFAOYSA-N__WBIFNRSOZKXAKH-UHFFFAOYSA-N,2.342864282589465
JXQJEACEKSTHOZ-UHFFFAOYSA-N__NLNUYPKNTLYXDO-UHFFFAOYSA-N,11.693535765534156
CNOSLEHLXKSKSH-UHFFFAOYSA-N__NGXUESAHHOENQY-UHFFFAOYSA-N,7.932497105133738
NGXUESAHHOENQY-UHFFFAOYSA-N__CNOSLEHLXKSKSH-UHFFFAOYSA-N,5.722191085328846
NLNUYPKNTLYXDO-UHFFFAOYSA-N__JXQJEACEKSTHOZ-UHFFFAOYSA-N,2.009756290519238
RBQOQGVESPHJQS-UHFFFAOYSA-N__UITFUYZWOOCPOM-UHFFFAOYSA-N,2.6455343342920874
UITFUYZWOOCPOM-UHFFFAOYSA-N__RBQOQGVESPHJQS-UHFFFAOYSA-N,5.964564324989464
NMZQYCMOPVTPPZ-UHFFFAOYSA-N__GIRISVUTQBSDFZ-UHFFFAOYSA-N,12.31035244233894
GIRISVUTQBSDFZ-UHFFFAOYSA-N__NMZQYCMOPVTPPZ-UHFFFAOYSA-N,8.320930666113657
IBDTXROFUNGYFJ-UHFFFAOYSA-N__OXNWHJIVCWYBLL-UHFFFAOYSA-N,12.454760626446182
AMEQINUANFMCTD-UHFFFAOYSA-N__VAKKZABHJLZCIX-UHFFFAOYSA-N,2.4982004226261947
OXNWHJIVCWYBLL-UHFFFAOYSA-N__IBDTXROFUNGYFJ-UHFFFAOYSA-N,2.172891720257189
VAKKZABHJLZCIX-UHFFFAOYSA-N__AMEQINUANFMCTD-UHFFFAOYSA-N,4.613839591374707
CFDLMGHMPMNZPH-UHFFFAOYSA-N__IMRSSTFASFZSRU-UHFFFAOYSA-N,2.4721000008866203
IMRSSTFASFZSRU-UHFFFAOYSA-N__CFDLMGHMPMNZPH-UHFFFAOYSA-N,4.546123884548452
PSYGPFPYTULLRX-SOFGYWHQSA-N__KIKYJWQGQZCIRB-UHFFFAOYSA-N,5.360183207290632
KIKYJWQGQZCIRB-UHFFFAOYSA-N__PSYGPFPYTULLRX-SOFGYWHQSA-N,3.876723979544325
HCOWAGZKIJQJKO-UHFFFAOYSA-N__OXJIFVCTUPOOHF-UHFFFAOYSA-N,1.127508752526637
MAACBSVPDRJOCL-UHFFFAOYSA-N__KGUAKSDAGBLUAJ-UHFFFAOYSA-N,4.243941968987045
OQJRENOLNLFULA-UHFFFAOYSA-N__DEXPHQHLMLXAJC-UHFFFAOYSA-N,5.825523504169743
LXQLWVNFWHGYNB-UHFFFAOYSA-N__KEPAFOXBZFEWQK-UHFFFAOYSA-N,7.791796800410593
GCAPSKHMYYUTMB-UHFFFAOYSA-N__XHHDJQCSCJQPDO-UHFFFAOYSA-N,11.273458105568944
CUCZTUXTPKHPSJ-UHFFFAOYSA-N__BKHVCAKYMSVFGK-UHFFFAOYSA-N,2.620671675169429
BKHVCAKYMSVFGK-UHFFFAOYSA-N__CUCZTUXTPKHPSJ-UHFFFAOYSA-N,2.290622304786893
XHHDJQCSCJQPDO-UHFFFAOYSA-N__GCAPSKHMYYUTMB-UHFFFAOYSA-N,6.23618407466778
PUYJTAXCXWLOJM-UHFFFAOYSA-N__VGHQKSJQALLYQE-UHFFFAOYSA-N,5.035403734294674
VGHQKSJQALLYQE-UHFFFAOYSA-N__PUYJTAXCXWLOJM-UHFFFAOYSA-N,5.055902099337376
WIBFCEQQNYPLSE-UHFFFAOYSA-N__SHIUHHYVVBINJU-UHFFFAOYSA-N,8.452142865255482
SHIUHHYVVBINJU-UHFFFAOYSA-N__WIBFCEQQNYPLSE-UHFFFAOYSA-N,1.984483222924704
LQAAILOZYAWAGY-UHFFFAOYSA-N__NXNLQPJNVDGFOE-UHFFFAOYSA-N,4.677024722503544
DJEWMKQZOIZESF-UHFFFAOYSA-N__ZRYZBQLXDKPBDU-UHFFFAOYSA-N,3.0168430210129533
NXNLQPJNVDGFOE-UHFFFAOYSA-N__LQAAILOZYAWAGY-UHFFFAOYSA-N,9.963016014154302
ZRYZBQLXDKPBDU-UHFFFAOYSA-N__DJEWMKQZOIZESF-UHFFFAOYSA-N,0.1497341852127609
DOPYOWODCOIYPK-UHFFFAOYSA-N__QUFGTXJOHMXRMK-UHFFFAOYSA-N,1.365542229216423
OBUWCMPEDFOROX-UHFFFAOYSA-N__VVBNSDPBTKHUOJ-UHFFFAOYSA-N,3.434740000037644
QUFGTXJOHMXRMK-UHFFFAOYSA-N__DOPYOWODCOIYPK-UHFFFAOYSA-N,1.8418512663565256
VVBNSDPBTKHUOJ-UHFFFAOYSA-N__OBUWCMPEDFOROX-UHFFFAOYSA-N,6.0095338826223
FLIVFKTUZPGZMJ-UHFFFAOYSA-N__YKVABVJFUNRAEY-UHFFFAOYSA-N,11.66009188432534
YKVABVJFUNRAEY-UHFFFAOYSA-N__FLIVFKTUZPGZMJ-UHFFFAOYSA-N,6.05516752374051
QGXZPEDWFKWCKQ-UHFFFAOYSA-N__SYRVJICRQZRBAI-UHFFFAOYSA-N,2.7405343683815584
SYRVJICRQZRBAI-UHFFFAOYSA-N__QGXZPEDWFKWCKQ-UHFFFAOYSA-N,3.0435087693761385
LUOSYFOSPRHYCH-UHFFFAOYSA-N__KXGROLFTLYGNSG-UHFFFAOYSA-N,5.86360073185852
KXGROLFTLYGNSG-UHFFFAOYSA-N__LUOSYFOSPRHYCH-UHFFFAOYSA-N,5.932917047398391
JLKRXONQNNBYNC-UHFFFAOYSA-N__VFBKGJMAJCXOLZ-UHFFFAOYSA-N,4.8857653156743535
VFBKGJMAJCXOLZ-UHFFFAOYSA-N__JLKRXONQNNBYNC-UHFFFAOYSA-N,7.290341366711823
MNOYYVUDTNXCHU-UHFFFAOYSA-N__UYPRQLSCFSVQOX-UHFFFAOYSA-N,6.214343647061985
CYKAWAZLXKVGGU-UHFFFAOYSA-N__WMONEBTVHBSEMH-UHFFFAOYSA-N,0.9566403399340648
WMONEBTVHBSEMH-UHFFFAOYSA-N__CYKAWAZLXKVGGU-UHFFFAOYSA-N,6.679397921926772
NCRPFADTSQXXNH-UHFFFAOYSA-N__OAWKEFZBCHHQIG-UHFFFAOYSA-N,3.0153694356813308
OAWKEFZBCHHQIG-UHFFFAOYSA-N__NCRPFADTSQXXNH-UHFFFAOYSA-N,2.211851711319256
WQJYPIZHGZZJFG-UHFFFAOYSA-N__BVEDUMOJEIHJDZ-UHFFFAOYSA-N,3.777679629739358
KCKUJJYWABXFBN-UHFFFAOYSA-N__YSYNRHMXRLHYAN-UHFFFAOYSA-N,4.984760674386622
YSYNRHMXRLHYAN-UHFFFAOYSA-N__KCKUJJYWABXFBN-UHFFFAOYSA-N,2.6371134122146573
NFPXYEYISXETCQ-UHFFFAOYSA-N__LGUIIUYNJRRXOS-UHFFFAOYSA-N,2.300311463889752
XGVPAJXVYHFHDN-UHFFFAOYSA-N__GDJZDBITJMDFPF-UHFFFAOYSA-N,6.350309010555402
GDJZDBITJMDFPF-UHFFFAOYSA-N__XGVPAJXVYHFHDN-UHFFFAOYSA-N,5.351771896436466
WSMUIZFIDRLCCR-UHFFFAOYSA-N__RSVLOWLCSDVHKN-UHFFFAOYSA-N,4.38524526455797
RSVLOWLCSDVHKN-UHFFFAOYSA-N__WSMUIZFIDRLCCR-UHFFFAOYSA-N,5.417019078937372
TYGBZUGYZQHYGK-UHFFFAOYSA-N__KIEZNIHCOFEPTM-UHFFFAOYSA-N,5.377832037216527
KIEZNIHCOFEPTM-UHFFFAOYSA-N__TYGBZUGYZQHYGK-UHFFFAOYSA-N,4.796113229737702
UPJOTHSCUKMUJD-UHFFFAOYSA-N__KQTTVZMYUMCHAP-UHFFFAOYSA-N,12.503116528041248
KQTTVZMYUMCHAP-UHFFFAOYSA-N__UPJOTHSCUKMUJD-UHFFFAOYSA-N,12.284222280203666
MZYDKAGTOPDVKF-UHFFFAOYSA-N__TYDHNFNUIOOTLV-UHFFFAOYSA-N,4.584430787050667
TYDHNFNUIOOTLV-UHFFFAOYSA-N__MZYDKAGTOPDVKF-UHFFFAOYSA-N,9.72554193527067
GJCRTBRTFNOFAY-INIZCTEOSA-N__PHUMWLUFSWYWDK-UHFFFAOYSA-N,3.8357170790047816
PHUMWLUFSWYWDK-UHFFFAOYSA-N__GJCRTBRTFNOFAY-INIZCTEOSA-N,6.065196504522615
KGFCOCLGHPXYIN-UHFFFAOYSA-N__STHAWTCDRXNNBU-UHFFFAOYSA-N,6.38664027009617
STHAWTCDRXNNBU-UHFFFAOYSA-N__KGFCOCLGHPXYIN-UHFFFAOYSA-N,6.305452457437441
KVGSNJCRACWXLG-UHFFFAOYSA-N__UMHMRZZVMTWCLH-UHFFFAOYSA-N,-0.158623946934406
UMHMRZZVMTWCLH-UHFFFAOYSA-N__KVGSNJCRACWXLG-UHFFFAOYSA-N,6.14992391594195
JNSBJFHHIHEJSP-UHFFFAOYSA-N__RPQAWBADBXHOHJ-UHFFFAOYSA-N,1.5484984914337132
GMPRGDGZJTYSQX-UHFFFAOYSA-N__OCRIJJDBUKJLOJ-UHFFFAOYSA-N,5.790739922807622
OCRIJJDBUKJLOJ-UHFFFAOYSA-N__GMPRGDGZJTYSQX-UHFFFAOYSA-N,2.092087208889419
RPQAWBADBXHOHJ-UHFFFAOYSA-N__JNSBJFHHIHEJSP-UHFFFAOYSA-N,6.7650244462501945
WJDJOMQGHVHDAV-UHFFFAOYSA-N__UDKJQEGOILJIJN-UHFFFAOYSA-N,1.6879462947852468
UDKJQEGOILJIJN-UHFFFAOYSA-N__WJDJOMQGHVHDAV-UHFFFAOYSA-N,-0.3522238000709988
NDPPCFVMJIFFOZ-UHFFFAOYSA-N__KNQWCBZSMAFRDX-UHFFFAOYSA-N,2.9744503771210247
NBVSLCASIROZDA-UHFFFAOYSA-N__PBSQBIIHLGJVDX-UHFFFAOYSA-N,5.441680274764017
NZXAUXFDIQDYNZ-UHFFFAOYSA-N__QKLXCZWAJYVEKV-UHFFFAOYSA-N,3.449585902912508
PBSQBIIHLGJVDX-UHFFFAOYSA-N__NBVSLCASIROZDA-UHFFFAOYSA-N,1.5361721212458546
NSNANOZLJKGENU-UHFFFAOYSA-N__PSTBUDBQPBUSAH-UHFFFAOYSA-N,11.15640028426714
PSTBUDBQPBUSAH-UHFFFAOYSA-N__NSNANOZLJKGENU-UHFFFAOYSA-N,10.62397217840686
NMMYIIVJQJETLJ-UHFFFAOYSA-N__FSBIXWCGFSRTHZ-UHFFFAOYSA-N,7.0113609087268784
FSBIXWCGFSRTHZ-UHFFFAOYSA-N__NMMYIIVJQJETLJ-UHFFFAOYSA-N,0.5922416909220855
RYAKMEKANPHRLV-UHFFFAOYSA-N__NEAZYSCFOBDWMI-UHFFFAOYSA-N,8.830501631539587
NEAZYSCFOBDWMI-UHFFFAOYSA-N__RYAKMEKANPHRLV-UHFFFAOYSA-N,7.525155521204857
IQUTZXAPAYZCEJ-UHFFFAOYSA-N__YGGZSZHWBDQNIC-UHFFFAOYSA-N,10.560511222184813
QXNVCYJXFQPEKQ-UHFFFAOYSA-N__QOJSBNXPUWBXDT-UHFFFAOYSA-N,-1.5686610985129668
QOJSBNXPUWBXDT-UHFFFAOYSA-N__QXNVCYJXFQPEKQ-UHFFFAOYSA-N,-1.7665840424920696
YSSOATWYWNCIEB-UHFFFAOYSA-N__GOXBCKXUROWZEQ-UHFFFAOYSA-N,7.97007229852073
GOXBCKXUROWZEQ-UHFFFAOYSA-N__YSSOATWYWNCIEB-UHFFFAOYSA-N,0.2496968706537022
VVFYKYAJHFLXGP-UHFFFAOYSA-N__IGARVLMWRSOJOY-VCHYOVAHSA-N,5.565138303342278
IGARVLMWRSOJOY-VCHYOVAHSA-N__VVFYKYAJHFLXGP-UHFFFAOYSA-N,2.797749541809072
JWYFGNVBKRJGTN-UHFFFAOYSA-N__YJNUKMZHZBQFRJ-UHFFFAOYSA-N,3.8022776052258007
GELNMJFMGUSXHC-UHFFFAOYSA-N__WVMMMNINNKLQOJ-UHFFFAOYSA-N,3.380770019173711
YJNUKMZHZBQFRJ-UHFFFAOYSA-N__JWYFGNVBKRJGTN-UHFFFAOYSA-N,4.71878140575244
WVMMMNINNKLQOJ-UHFFFAOYSA-N__GELNMJFMGUSXHC-UHFFFAOYSA-N,3.79666612628418
IGKSFDUSHKXLMD-YNHKQNTJSA-N__CQCOTVDVQIISEB-UHFFFAOYSA-N,3.556583726771638
CQCOTVDVQIISEB-UHFFFAOYSA-N__IGKSFDUSHKXLMD-YNHKQNTJSA-N,7.485323791728978
GQDYAGNHWSHEEB-UHFFFAOYSA-N__SUVDBKXPEQLGBO-UHFFFAOYSA-N,1.9320324023898907
UNMQTKVTFBTGAE-UHFFFAOYSA-N__ROZIKRXSFAGEKQ-UHFFFAOYSA-N,2.2608625481702265
ROZIKRXSFAGEKQ-UHFFFAOYSA-N__UNMQTKVTFBTGAE-UHFFFAOYSA-N,5.044614801296738
MENNFOHGONWYSA-UHFFFAOYSA-N__HXKREVNGLRXCEA-UHFFFAOYSA-N,2.245185015127971
IEMLZYIMYOWEPO-UHFFFAOYSA-N__RQAKQCUHAROWPV-UHFFFAOYSA-N,3.382262607011976
VEMXABRQQKLTJK-UHFFFAOYSA-N__USWZJCIPOZEYKK-UHFFFAOYSA-N,0.1238822201399833
UDHLLETUVSIEQC-UKRRQHHQSA-N__VLRLIUOJJSNOCS-UHFFFAOYSA-N,2.158363507744168
USWZJCIPOZEYKK-UHFFFAOYSA-N__VEMXABRQQKLTJK-UHFFFAOYSA-N,4.8105140375587405
VLRLIUOJJSNOCS-UHFFFAOYSA-N__UDHLLETUVSIEQC-UKRRQHHQSA-N,9.068636817693164
ONZGTGYBHZJZOS-UHFFFAOYSA-N__OWAITZBUKDYXJX-UHFFFAOYSA-N,10.24651529471422
OWAITZBUKDYXJX-UHFFFAOYSA-N__ONZGTGYBHZJZOS-UHFFFAOYSA-N,6.390502957911748
DQOUEDXZCCTTOS-UHFFFAOYSA-N__QCYVBXJMHJJHIP-UHFFFAOYSA-N,9.333144951295855
CULZZNRTLGUSCH-UHFFFAOYSA-N__CISIXTDRDUMHLL-UHFFFAOYSA-N,8.94483856729202
CISIXTDRDUMHLL-UHFFFAOYSA-N__CULZZNRTLGUSCH-UHFFFAOYSA-N,-0.9132316140693764
XPJCRLBPWKVSJB-UHFFFAOYSA-N__OEIZKEDYKCUHPN-UHFFFAOYSA-N,8.132356670258144
JQYKDPAETPTKBK-UHFFFAOYSA-N__ZDVIRYCHONKAER-UHFFFAOYSA-N,8.55043385331632
ZDVIRYCHONKAER-UHFFFAOYSA-N__JQYKDPAETPTKBK-UHFFFAOYSA-N,3.926632124693677
QHSIEJQCVFLKHM-UHFFFAOYSA-N__JVWRFCBJKFOXMJ-UHFFFAOYSA-N,8.357874785689347
JVWRFCBJKFOXMJ-UHFFFAOYSA-N__QHSIEJQCVFLKHM-UHFFFAOYSA-N,6.514827634326285
BIEXEKKPSLCWQI-LLVKDONJSA-N__LHUFHJWAMSAULU-UHFFFAOYSA-N,12.112525893881909
LHUFHJWAMSAULU-UHFFFAOYSA-N__BIEXEKKPSLCWQI-LLVKDONJSA-N,6.088435868378399
AZIWIELBWPLKHV-UHFFFAOYSA-N__PEQVOIFDDGMCJV-UHFFFAOYSA-N,0.4222179499406054
IPROARAVDNVOJZ-UHFFFAOYSA-N__MMTBNJSKSCXXJK-UHFFFAOYSA-N,8.818577006061137
MMTBNJSKSCXXJK-UHFFFAOYSA-N__IPROARAVDNVOJZ-UHFFFAOYSA-N,1.0692126742854513
MWKWIEHLNKXPRQ-UHFFFAOYSA-N__ZYAXSNCCWHRONW-UHFFFAOYSA-N,9.35437532800489
DKDIVDYRFBVKIK-UHFFFAOYSA-N__WPTLOJANBQTDRX-UHFFFAOYSA-N,3.200255733902444
WPTLOJANBQTDRX-UHFFFAOYSA-N__DKDIVDYRFBVKIK-UHFFFAOYSA-N,8.956552459967721
PEQVOIFDDGMCJV-UHFFFAOYSA-N__AZIWIELBWPLKHV-UHFFFAOYSA-N,6.515273165550228
ZYAXSNCCWHRONW-UHFFFAOYSA-N__MWKWIEHLNKXPRQ-UHFFFAOYSA-N,5.945155634533496
AFUOJIDZYVVEMX-UHFFFAOYSA-N__WZGNLUUSFYRWKH-UHFFFAOYSA-N,0.0807380119043367
WZGNLUUSFYRWKH-UHFFFAOYSA-N__AFUOJIDZYVVEMX-UHFFFAOYSA-N,2.045567287285889
NPCXAXXWGHZFDD-UHFFFAOYSA-N__OQERHNAYOSZRGL-UHFFFAOYSA-N,1.869103329586832
OQERHNAYOSZRGL-UHFFFAOYSA-N__NPCXAXXWGHZFDD-UHFFFAOYSA-N,0.1185841243624633
KVGSNJCRACWXLG-UHFFFAOYSA-N__QKODVVRUHUBYTG-UHFFFAOYSA-N,2.6125009264028134
QKODVVRUHUBYTG-UHFFFAOYSA-N__KVGSNJCRACWXLG-UHFFFAOYSA-N,9.114535522473467
BFBRCFKSFRYJGE-UHFFFAOYSA-N__PIHSXURVJWZJJR-UHFFFAOYSA-N,16.565266913108363
JZSXKZKWNPVZGG-UHFFFAOYSA-N__LPXSHLBBAWFBTR-UHFFFAOYSA-N,12.790655723949444
LPXSHLBBAWFBTR-UHFFFAOYSA-N__JZSXKZKWNPVZGG-UHFFFAOYSA-N,17.236444961190287
PIHSXURVJWZJJR-UHFFFAOYSA-N__BFBRCFKSFRYJGE-UHFFFAOYSA-N,-1.0394789956337556
NHHJZJVZQGZEGI-UHFFFAOYSA-N__VYTIHFUUARETBM-UHFFFAOYSA-N,6.016922673821112
VYTIHFUUARETBM-UHFFFAOYSA-N__NHHJZJVZQGZEGI-UHFFFAOYSA-N,7.885559163625832
BRBBFKMUUGPFBH-UHFFFAOYSA-N__IVNYESGCWCJJJB-UHFFFAOYSA-N,2.946791658236805
LPUZYMXTFPVIFZ-UHFFFAOYSA-N__QBCVFRDYXFSUNZ-UHFFFAOYSA-N,7.425843072381869
IVNYESGCWCJJJB-UHFFFAOYSA-N__BRBBFKMUUGPFBH-UHFFFAOYSA-N,3.5843707196918126
MEKRCCCREBZFOS-UHFFFAOYSA-N__BLHZNTNSSCXLRY-UHFFFAOYSA-N,2.3550332908173552
FMLFDHQHEKYGIU-UHFFFAOYSA-N__XACZPTFFPWQVRN-UHFFFAOYSA-N,2.7268072105392487
XACZPTFFPWQVRN-UHFFFAOYSA-N__FMLFDHQHEKYGIU-UHFFFAOYSA-N,5.092163489761568
AZMHXFCKKKDCFA-UHFFFAOYSA-N__PKASBVMQEAKWRH-UHFFFAOYSA-N,9.902725826133842
SVQAKOOPWRGGHN-UHFFFAOYSA-N__ZTCOHESLZOBFSQ-UHFFFAOYSA-N,4.000011697674374
ZTCOHESLZOBFSQ-UHFFFAOYSA-N__SVQAKOOPWRGGHN-UHFFFAOYSA-N,0.7831298937730522
CGDBVVZBTQCBGD-UHFFFAOYSA-N__BZXUAKDNFJKSFD-UHFFFAOYSA-N,4.872318854704334
PKASBVMQEAKWRH-UHFFFAOYSA-N__AZMHXFCKKKDCFA-UHFFFAOYSA-N,13.013777113336465
XFOHQGZIGRZTDA-UHFFFAOYSA-N__NTOKCJHDRACAJH-UHFFFAOYSA-N,6.383594650187379
RJUUCFLRYBVIJS-UHFFFAOYSA-N__ZIAMUSYLZGTZID-UHFFFAOYSA-N,5.751195956816256
KQXRIABALXUYKO-UHFFFAOYSA-N__RTBMYZSHDNVDSG-UHFFFAOYSA-N,7.588144038059439
OEAPLSZDUKMUEX-UHFFFAOYSA-N__WDSPQXUBFGMEEP-UHFFFAOYSA-N,8.00965239472154
RTBMYZSHDNVDSG-UHFFFAOYSA-N__KQXRIABALXUYKO-UHFFFAOYSA-N,3.548370494222336
WDSPQXUBFGMEEP-UHFFFAOYSA-N__OEAPLSZDUKMUEX-UHFFFAOYSA-N,7.971390275490298
ZDGUSVVUGNJWMQ-UHFFFAOYSA-N__UNSDWMPYQHMVQX-UHFFFAOYSA-N,14.713229394396995
COQJFOGOMOONDG-UHFFFAOYSA-N__ITWQKIOIHLSPNZ-UHFFFAOYSA-N,6.926727035608585
LOCRNHVIVMSKML-WAPJZHGLSA-N__PVZSLJSUGAIEBJ-UHFFFAOYSA-N,4.900343545642434
ITWQKIOIHLSPNZ-UHFFFAOYSA-N__COQJFOGOMOONDG-UHFFFAOYSA-N,13.321260826414225
ADFHJVYOMKBHCC-UHFFFAOYSA-N__HPBXSVMZTXWASF-UHFFFAOYSA-N,6.377626962225744
IGJDIZYCWAGYFA-UHFFFAOYSA-N__PLGVJKUMVUANRG-UHFFFAOYSA-N,7.8631356981716305
PLGVJKUMVUANRG-UHFFFAOYSA-N__IGJDIZYCWAGYFA-UHFFFAOYSA-N,4.415220169111894
NVKHTCYIZXFUOE-UHFFFAOYSA-N__VGRKKMSWESMDHE-UHFFFAOYSA-N,7.452140811803836
VGRKKMSWESMDHE-UHFFFAOYSA-N__NVKHTCYIZXFUOE-UHFFFAOYSA-N,14.11074823351468
PWOXDTFTIQEMMQ-UHFFFAOYSA-N__WODXEMKHJMUDRW-UHFFFAOYSA-N,4.409994275968211
WODXEMKHJMUDRW-UHFFFAOYSA-N__PWOXDTFTIQEMMQ-UHFFFAOYSA-N,3.976820542601588
MPNRETCKPLHKBY-UHFFFAOYSA-N__JGLHGBUSDDCFKB-UHFFFAOYSA-N,3.6804056375824814
CZTDAPAWQLMEDE-UHFFFAOYSA-N__IOTBWJJQEMCKID-UHFFFAOYSA-N,17.115697100746793
IOTBWJJQEMCKID-UHFFFAOYSA-N__CZTDAPAWQLMEDE-UHFFFAOYSA-N,13.319652740386491
PSIQLKDMJBFSMQ-UHFFFAOYSA-N__SAUPIZJWVNUTJU-UHFFFAOYSA-N,4.675756251841031
SAUPIZJWVNUTJU-UHFFFAOYSA-N__PSIQLKDMJBFSMQ-UHFFFAOYSA-N,11.035953409454985
SZKNQKSGYSJYCW-UHFFFAOYSA-N__NEQDNRJASWFPHM-UHFFFAOYSA-N,15.586323639736472
NEQDNRJASWFPHM-UHFFFAOYSA-N__SZKNQKSGYSJYCW-UHFFFAOYSA-N,2.7482930044453644
AQLFFRTYZYUAIU-UHFFFAOYSA-N__ZXWAWMAQYLVGCM-UHFFFAOYSA-N,1.555624573532865
ZXWAWMAQYLVGCM-UHFFFAOYSA-N__AQLFFRTYZYUAIU-UHFFFAOYSA-N,7.968200673571488
GGBSFLHTKSUJAE-UHFFFAOYSA-N__NEIJTYNMJJRDDO-UHFFFAOYSA-N,-1.3393024472007262
NEIJTYNMJJRDDO-UHFFFAOYSA-N__GGBSFLHTKSUJAE-UHFFFAOYSA-N,5.512278563477727
JGVQBGIEDZTPBR-UHFFFAOYSA-N__RINQHDAGBILGMU-UHFFFAOYSA-N,2.0753095894645344
ZIBVJAGZPUVTKE-UHFFFAOYSA-N__WXNVIWZBPTXWND-UHFFFAOYSA-N,3.144179114008564
WXNVIWZBPTXWND-UHFFFAOYSA-N__ZIBVJAGZPUVTKE-UHFFFAOYSA-N,15.737751811521203
RKIMIISNVCLRLA-UHFFFAOYSA-N__ZEUPAJAXMFOTTQ-UHFFFAOYSA-N,4.403148551521705
ZEUPAJAXMFOTTQ-UHFFFAOYSA-N__RKIMIISNVCLRLA-UHFFFAOYSA-N,8.783090171225217
AOHQSCWZFPMMPY-UHFFFAOYSA-N__FQBBYBXMPMNFQF-UHFFFAOYSA-N,7.28458442924515
ALNKCWYBLUDALA-UHFFFAOYSA-N__QAAFCRZEMOXTGC-UHFFFAOYSA-N,10.183509151421918
QAAFCRZEMOXTGC-UHFFFAOYSA-N__ALNKCWYBLUDALA-UHFFFAOYSA-N,15.38691391824154
GOANVTGVUHLXKI-UHFFFAOYSA-N__JEPXQOBXHCGEOW-UHFFFAOYSA-N,3.4291417947500165
UUILDNBNHFDKGK-UHFFFAOYSA-N__DTOLIVXXEBMMBE-UHFFFAOYSA-N,7.67579971451451
NAGYQZFONQAJQD-UHFFFAOYSA-N__CLUIZXHSDLUFJF-UHFFFAOYSA-N,-1.4923197463090392
LEWSBLDFOSTVCJ-UHFFFAOYSA-N__YDFLJFVNOABKSX-UHFFFAOYSA-N,6.489431218264912
YDFLJFVNOABKSX-UHFFFAOYSA-N__LEWSBLDFOSTVCJ-UHFFFAOYSA-N,8.886267172180707
ZKICESLVDZXWOY-UHFFFAOYSA-N__YWNHZHRFOUIRPA-UHFFFAOYSA-N,8.404142705762958
CPKJCEOMHFMSOU-UHFFFAOYSA-N__HOGKKXAYBTWLGR-UHFFFAOYSA-N,3.0339782518510754
JTCFVBWDULLQMJ-UHFFFAOYSA-N__LTHHLTHGVPOWKX-UHFFFAOYSA-N,4.548490625644896
UAQCIIWABXEABN-UHFFFAOYSA-N__XWZIHUUKZUJUDJ-UHFFFAOYSA-N,5.168685746410858
LTHHLTHGVPOWKX-UHFFFAOYSA-N__JTCFVBWDULLQMJ-UHFFFAOYSA-N,7.592516290852912
HOGKKXAYBTWLGR-UHFFFAOYSA-N__CPKJCEOMHFMSOU-UHFFFAOYSA-N,11.630881093030458
DQERYQJNJAXAOW-UHFFFAOYSA-N__DVKYLCNAXCLTTQ-UHFFFAOYSA-N,6.719512368112123
DVKYLCNAXCLTTQ-UHFFFAOYSA-N__DQERYQJNJAXAOW-UHFFFAOYSA-N,8.365778685877883
IPDGXDLHFWNHLQ-UHFFFAOYSA-N__WNWMBYGMJGRXAT-UHFFFAOYSA-N,4.383871906253922
XWZIHUUKZUJUDJ-UHFFFAOYSA-N__UAQCIIWABXEABN-UHFFFAOYSA-N,8.74590674670784
WNWMBYGMJGRXAT-UHFFFAOYSA-N__IPDGXDLHFWNHLQ-UHFFFAOYSA-N,1.9510912236305504
LLCWXMZRNJICPG-UHFFFAOYSA-N__STIGNTJPMPNNCK-UHFFFAOYSA-N,-2.9342821815651465
STIGNTJPMPNNCK-UHFFFAOYSA-N__LLCWXMZRNJICPG-UHFFFAOYSA-N,0.7040762103473246
JTWRTJSGNBWUAB-UHFFFAOYSA-N__WGDZXFSZSDOGRV-UHFFFAOYSA-N,5.920170272139048
WGDZXFSZSDOGRV-UHFFFAOYSA-N__JTWRTJSGNBWUAB-UHFFFAOYSA-N,11.011308284078748
ALFIMCMAUSQSKW-UHFFFAOYSA-N__BCBWZCKDGPZEJV-UHFFFAOYSA-N,-1.232255837492834
QAAVSURCBQLIOC-UHFFFAOYSA-N__SRIOJTBDWLGRCP-UHFFFAOYSA-N,7.087117084571847
CUMFUEHZVWLFPB-UHFFFAOYSA-N__XNYURSUVNQEUND-UHFFFAOYSA-N,4.701758556920124
SRIOJTBDWLGRCP-UHFFFAOYSA-N__QAAVSURCBQLIOC-UHFFFAOYSA-N,6.340229030471766
BCBWZCKDGPZEJV-UHFFFAOYSA-N__ALFIMCMAUSQSKW-UHFFFAOYSA-N,3.9266177954280974
XNYURSUVNQEUND-UHFFFAOYSA-N__CUMFUEHZVWLFPB-UHFFFAOYSA-N,6.423600687053432
ADESMZHCRCHKBP-UHFFFAOYSA-N__GFLSQHJUGHWKMJ-UHFFFAOYSA-N,9.003817678020546
NFQOVDXZAYHDJY-UHFFFAOYSA-N__MLVBLJDCLLSSHF-UHFFFAOYSA-N,2.5243347239545293
MLVBLJDCLLSSHF-UHFFFAOYSA-N__NFQOVDXZAYHDJY-UHFFFAOYSA-N,2.602398671894601
ILQQWOGLMJXBDA-UHFFFAOYSA-N__WWWKFGLYBQOREJ-UHFFFAOYSA-N,2.1176027884245694
GFLSQHJUGHWKMJ-UHFFFAOYSA-N__ADESMZHCRCHKBP-UHFFFAOYSA-N,7.299275992246814
WWWKFGLYBQOREJ-UHFFFAOYSA-N__ILQQWOGLMJXBDA-UHFFFAOYSA-N,1.3510349498014265
HMBQBNYBVPPXHU-UHFFFAOYSA-N__VLNVNGJXFANVMQ-UHFFFAOYSA-N,4.798058263815551
HYQMTPCIZSQDSN-UHFFFAOYSA-N__FQABDNGFBSLFCM-UHFFFAOYSA-N,8.138025203732466
XQKFUYOCOITTSA-UHFFFAOYSA-N__CRAZWKMHGDYDPG-UHFFFAOYSA-N,2.808133060838516
DUSZVUHJXPJJOX-UHFFFAOYSA-N__BHRCCONOGPHRDF-UHFFFAOYSA-N,4.085231607007436
AJFDOXGWHQJESK-UHFFFAOYSA-N__GBMOODSUQXSCCJ-UHFFFAOYSA-N,0.4412776303236796
RWLNOOYLQYPTLO-UHFFFAOYSA-N__YKULJGBNHCJDDZ-UHFFFAOYSA-N,0.0287010439730501
YKULJGBNHCJDDZ-UHFFFAOYSA-N__RWLNOOYLQYPTLO-UHFFFAOYSA-N,7.964774487673443
ASWMHKXNPOTKGO-UHFFFAOYSA-N__SGELQQZNDXWUCZ-UHFFFAOYSA-N,3.112501387762562
SGELQQZNDXWUCZ-UHFFFAOYSA-N__ASWMHKXNPOTKGO-UHFFFAOYSA-N,3.4189086728698816
GUBPIDGXBOMNTB-UHFFFAOYSA-N__KYEQLVITPRYWRO-UHFFFAOYSA-N,6.555180483935207
BWGGGEBEZJGPHF-UHFFFAOYSA-N__VBEDAOBQQULCEF-UHFFFAOYSA-N,1.3918727766355037
KYEQLVITPRYWRO-UHFFFAOYSA-N__GUBPIDGXBOMNTB-UHFFFAOYSA-N,6.216889280399944
VBEDAOBQQULCEF-UHFFFAOYSA-N__BWGGGEBEZJGPHF-UHFFFAOYSA-N,4.763289690086956
QFXKIVZSENVNBF-UHFFFAOYSA-N__PNAWYNSLKOJTSN-UHFFFAOYSA-N,8.347012144201733
PNAWYNSLKOJTSN-UHFFFAOYSA-N__QFXKIVZSENVNBF-UHFFFAOYSA-N,9.453352322271613
BQUGMHAIYJWFFU-UHFFFAOYSA-N__KXNMAMBCPSLLAQ-UHFFFAOYSA-N,0.5262865291290554
KXNMAMBCPSLLAQ-UHFFFAOYSA-N__BQUGMHAIYJWFFU-UHFFFAOYSA-N,4.091384960117808
LTNBKANTEAZWOT-GZMMTYOYSA-N__OZTIISAQKUQTNA-UHFFFAOYSA-N,6.48654069578419
IJGXTTPJTDSRBO-UHFFFAOYSA-N__VYVJFLVCNFCWMJ-UHFFFAOYSA-N,-1.8839196268977787
VYVJFLVCNFCWMJ-UHFFFAOYSA-N__IJGXTTPJTDSRBO-UHFFFAOYSA-N,7.724661736028407
WZTRRWSOVMUNCP-UHFFFAOYSA-N__PCIFSGOYWRUGDK-UHFFFAOYSA-N,3.4805729902324374
RGPKWVGPPMEZSG-UHFFFAOYSA-N__SUCQUZZRSIJOEW-UHFFFAOYSA-N,3.7104686856679954
DMPLRPUOXSBWBT-UHFFFAOYSA-N__FBISEWADGSLKPL-UHFFFAOYSA-N,13.210915716292806
SUCQUZZRSIJOEW-UHFFFAOYSA-N__RGPKWVGPPMEZSG-UHFFFAOYSA-N,9.890603415128115
YPOHNPFXSWXZFS-UHFFFAOYSA-N__RFUAOLCUQIHXFR-UHFFFAOYSA-N,6.858694293817095
LTUPJAPEQJNGPY-UHFFFAOYSA-N__QLHLKHDVMHPYGY-UHFFFAOYSA-N,13.086480196809616
DWYSAWFBGWKOCP-UHFFFAOYSA-N__HILNMKBXNYUXIJ-UHFFFAOYSA-N,4.137487978067178
HILNMKBXNYUXIJ-UHFFFAOYSA-N__DWYSAWFBGWKOCP-UHFFFAOYSA-N,1.519634459876401
PKIWMVTUWJTDMM-UHFFFAOYSA-N__CTRTWQGCUIXDGI-JTQLQIEISA-N,2.87508630284912
ZGTFNNUASMWGTM-UHFFFAOYSA-N__DXGSTAMYKLGHSA-UHFFFAOYSA-N,2.604496036495384
DXGSTAMYKLGHSA-UHFFFAOYSA-N__ZGTFNNUASMWGTM-UHFFFAOYSA-N,4.042738172077311
MOAHYRMPBAUHTB-UHFFFAOYSA-N__MYYZNZUIDYOGOZ-UHFFFAOYSA-N,8.010521597013717
MYYZNZUIDYOGOZ-UHFFFAOYSA-N__MOAHYRMPBAUHTB-UHFFFAOYSA-N,2.6778194879935864
XIMGEIZFYTWVJB-UHFFFAOYSA-N__AAHPQRUIQYEFLD-UHFFFAOYSA-N,4.670093059845505
AAHPQRUIQYEFLD-UHFFFAOYSA-N__XIMGEIZFYTWVJB-UHFFFAOYSA-N,3.658397269143556
VZWRDWUBSFWOPH-UHFFFAOYSA-N__MZVMZMMHVJXPRZ-UHFFFAOYSA-N,2.82741158725936
YCTOQODPPRWXOY-BYPYZUCNSA-N__OJURTZDANNAQAR-UHFFFAOYSA-N,3.167452969475259
VHNHBAYMXFVJLL-UHFFFAOYSA-N__NQQLLGNXPDAVFY-UHFFFAOYSA-N,0.4098246619540883
NQQLLGNXPDAVFY-UHFFFAOYSA-N__VHNHBAYMXFVJLL-UHFFFAOYSA-N,7.371786352947794
FWBMHVOMCSIWCX-UHFFFAOYSA-N__CEINDXZIZKXJOK-UHFFFAOYSA-N,5.267417520187594
XNQQPRSQAKQWLI-UHFFFAOYSA-N__HDCNLJHDFUZDAP-UHFFFAOYSA-N,2.3102171245981657
CEINDXZIZKXJOK-UHFFFAOYSA-N__FWBMHVOMCSIWCX-UHFFFAOYSA-N,11.844595633031858
HDCNLJHDFUZDAP-UHFFFAOYSA-N__XNQQPRSQAKQWLI-UHFFFAOYSA-N,6.120068014276436
UKXUNIQSTFYGPV-UHFFFAOYSA-N__SLYOYXHWUVTRNT-UHFFFAOYSA-N,1.410256636676179
UDDHNKJVYVQXIL-UHFFFAOYSA-N__YSJAIJZBYKTMOL-UHFFFAOYSA-N,2.504473010549912
VFBUVBDWXMEPGH-UHFFFAOYSA-N__XBJXWGOEQINXIE-UHFFFAOYSA-N,4.87223029597646
ABXMYMMTPXUNGO-SFHVURJKSA-N__LFDCUJJJTOMAOS-UHFFFAOYSA-N,3.3076095179491767
LFDCUJJJTOMAOS-UHFFFAOYSA-N__ABXMYMMTPXUNGO-SFHVURJKSA-N,8.503155835375571
KQTWWSZYWYDGPI-UHFFFAOYSA-N__IOYSCLRDOIGHDR-UHFFFAOYSA-N,4.559329335703793
IOYSCLRDOIGHDR-UHFFFAOYSA-N__KQTWWSZYWYDGPI-UHFFFAOYSA-N,5.632660986129365
ACFWZBLJTDVVTB-UHFFFAOYSA-N__SBKCPJUYLLRHTH-UHFFFAOYSA-N,7.522807388249924
KCKQSAZAKQKCLT-UHFFFAOYSA-N__ITYJUSUQQAZONS-UHFFFAOYSA-N,4.728792829438886
SBKCPJUYLLRHTH-UHFFFAOYSA-N__ACFWZBLJTDVVTB-UHFFFAOYSA-N,4.251929751238092
ITYJUSUQQAZONS-UHFFFAOYSA-N__KCKQSAZAKQKCLT-UHFFFAOYSA-N,3.154970506030305
KHQSXYCOAHELBZ-UHFFFAOYSA-N__PFROKPCGVIARHL-UHFFFAOYSA-N,10.234981675342729
PFROKPCGVIARHL-UHFFFAOYSA-N__KHQSXYCOAHELBZ-UHFFFAOYSA-N,8.105440981079795
ZFOCUHRTDORAQZ-UHFFFAOYSA-N__SIVPPTPAYMGQBN-UHFFFAOYSA-N,6.29031153484527
SIVPPTPAYMGQBN-UHFFFAOYSA-N__ZFOCUHRTDORAQZ-UHFFFAOYSA-N,8.69327657207915
JGGWVMXDSQKDIH-UHFFFAOYSA-N__ZIHWAJKSRHXYMA-UHFFFAOYSA-N,13.479128634212447
KBJMYBSEFSJJNV-UHFFFAOYSA-N__MIIQLLBCEKFYBZ-UHFFFAOYSA-N,2.0876421497153466
MIIQLLBCEKFYBZ-UHFFFAOYSA-N__KBJMYBSEFSJJNV-UHFFFAOYSA-N,8.55220738336365
HFNVKKWHXBQLCC-HTQZYQBOSA-N__UYHXFSVEEBYZLY-UHFFFAOYSA-N,2.0371457996997053
UYHXFSVEEBYZLY-UHFFFAOYSA-N__HFNVKKWHXBQLCC-HTQZYQBOSA-N,5.027329234804014
BIBYHWPOTWOQGE-UHFFFAOYSA-N__BCYPRLYZVZHWLV-UHFFFAOYSA-N,17.8904774219977
TVJIBPIRTXMECT-UHFFFAOYSA-N__YGOOABZSWGHYKG-UHFFFAOYSA-N,3.6220893322196335
YGOOABZSWGHYKG-UHFFFAOYSA-N__TVJIBPIRTXMECT-UHFFFAOYSA-N,10.81043429427108
XYGGOKWLPCBASD-UHFFFAOYSA-N__KAUOPDDEPAPCCM-UHFFFAOYSA-N,10.729792662122769
KAUOPDDEPAPCCM-UHFFFAOYSA-N__XYGGOKWLPCBASD-UHFFFAOYSA-N,2.070606032936203
UFEKZZIPLHOYGH-UHFFFAOYSA-N__ADAKKAZNXXUZJR-UHFFFAOYSA-N,3.253253336482912
BBUNAKLYZCAPNG-UHFFFAOYSA-N__XKMPWLXPPQKSQQ-UHFFFAOYSA-N,7.87405637371988
QYEZOVIMQYKYAB-UHFFFAOYSA-N__BIFIYVNUQCOBRV-UHFFFAOYSA-N,1.856071847172737
WLMAVQPBKNDUOP-UHFFFAOYSA-N__NAGYQZFONQAJQD-UHFFFAOYSA-N,10.04495929278905
HJJOGANDYKSIPG-UHFFFAOYSA-N__YBQASFHARVIYGE-UHFFFAOYSA-N,8.690591898351691
YBQASFHARVIYGE-UHFFFAOYSA-N__HJJOGANDYKSIPG-UHFFFAOYSA-N,6.8614176505690905
MCXJCXXRAGUWGC-UHFFFAOYSA-N__LHBPFKJAXMNOSB-UHFFFAOYSA-N,6.943329747106814
LHBPFKJAXMNOSB-UHFFFAOYSA-N__MCXJCXXRAGUWGC-UHFFFAOYSA-N,6.203751571942683
JLQSLLBCRTVZHF-UHFFFAOYSA-N__FVVPJMAVUUOMQV-UHFFFAOYSA-N,1.6908680221203154
FVVPJMAVUUOMQV-UHFFFAOYSA-N__JLQSLLBCRTVZHF-UHFFFAOYSA-N,2.048346843637206
UDEPWTCJDUYXNO-AATRIKPKSA-N__BPBAKIJZWFGWEG-UHFFFAOYSA-N,6.224529923172903
HMOWVAKGIXTJAX-UHFFFAOYSA-N__FZEYPNRUIWEYAY-UHFFFAOYSA-N,18.901411494167217
BPBAKIJZWFGWEG-UHFFFAOYSA-N__UDEPWTCJDUYXNO-AATRIKPKSA-N,12.52749165227257
QYFVCXLDSVQICQ-UHFFFAOYSA-N__ZRNHEIAVFNGTQR-UHFFFAOYSA-N,0.9202180366229196
ZRNHEIAVFNGTQR-UHFFFAOYSA-N__QYFVCXLDSVQICQ-UHFFFAOYSA-N,1.530189683828587
MTNSIBRGDCZZGX-UHFFFAOYSA-N__SZNIJOAAIQJNFM-UHFFFAOYSA-N,8.142614268815311
SZNIJOAAIQJNFM-UHFFFAOYSA-N__MTNSIBRGDCZZGX-UHFFFAOYSA-N,1.3460266466197448
PGANJGBCEQIPRK-UHFFFAOYSA-N__WLWOXRYDGWAYMW-UHFFFAOYSA-N,7.394352108843853
WLWOXRYDGWAYMW-UHFFFAOYSA-N__PGANJGBCEQIPRK-UHFFFAOYSA-N,10.395202171483984
ABIKEBGDTTXMMM-UHFFFAOYSA-N__CWCGBPFACPCGHT-UHFFFAOYSA-N,7.697499981556912
AYAKXCFBRLLASS-UHFFFAOYSA-N__WJPDIIRMDRJEOK-UHFFFAOYSA-N,6.922930732613756
WJPDIIRMDRJEOK-UHFFFAOYSA-N__AYAKXCFBRLLASS-UHFFFAOYSA-N,5.55324102988214
CWCGBPFACPCGHT-UHFFFAOYSA-N__ABIKEBGDTTXMMM-UHFFFAOYSA-N,6.034409602593022
OEJGVKROJAPJRN-UHFFFAOYSA-N__GLDMBQGGDXVLLQ-UHFFFAOYSA-N,2.7113820659013874
MXJBUQMEDWGOBP-UHFFFAOYSA-N__QQAKUCHZAXLLNP-UHFFFAOYSA-N,3.953657928135653
QQAKUCHZAXLLNP-UHFFFAOYSA-N__MXJBUQMEDWGOBP-UHFFFAOYSA-N,3.5948541490724897
GLDMBQGGDXVLLQ-UHFFFAOYSA-N__OEJGVKROJAPJRN-UHFFFAOYSA-N,1.234358204566787
CUQLHUZVZHDBHN-UHFFFAOYSA-N__UISDXZGTPMXKMW-UHFFFAOYSA-N,8.321230149975754
UISDXZGTPMXKMW-UHFFFAOYSA-N__CUQLHUZVZHDBHN-UHFFFAOYSA-N,8.665710663689703
CSKXERBJBGEJGS-UHFFFAOYSA-N__WSAQJWPXRUMNHA-UHFFFAOYSA-N,5.358867470526169
WSAQJWPXRUMNHA-UHFFFAOYSA-N__CSKXERBJBGEJGS-UHFFFAOYSA-N,10.208823331652647
DOJHNZSOUURAME-UHFFFAOYSA-N__OFUDAIRALQZBBP-UHFFFAOYSA-N,5.4742217765012775
BGUWFUQJCDRPTL-UHFFFAOYSA-N__VWXWDHIJTXVFHJ-UHFFFAOYSA-N,4.31280970382181
VWXWDHIJTXVFHJ-UHFFFAOYSA-N__BGUWFUQJCDRPTL-UHFFFAOYSA-N,1.0793047950794052
QQTMSBVBJPSRPA-UHFFFAOYSA-N__UIEAEZIGPUCADK-UHFFFAOYSA-N,0.1029242724753761
BGHMXBKQKHWVHN-UHFFFAOYSA-N__OPJKGDBEFNGEQW-UHFFFAOYSA-N,5.444404883810784
UIEAEZIGPUCADK-UHFFFAOYSA-N__QQTMSBVBJPSRPA-UHFFFAOYSA-N,0.9271825934562692
UJLSQWCKMUGRAV-UHFFFAOYSA-N__DRQNLWDYXSMCQJ-UHFFFAOYSA-N,6.052346369786617
DRQNLWDYXSMCQJ-UHFFFAOYSA-N__UJLSQWCKMUGRAV-UHFFFAOYSA-N,0.7621050923727183
HNIHSDRVCZAZQW-UHFFFAOYSA-N__OFUADGZFYGQFPN-UHFFFAOYSA-N,4.032056606749398
OFUADGZFYGQFPN-UHFFFAOYSA-N__HNIHSDRVCZAZQW-UHFFFAOYSA-N,3.66997139933065
FDDHFCWYCKQKGY-UHFFFAOYSA-N__JRYXHRNBRCHPHT-UHFFFAOYSA-N,1.330080151136679
JRYXHRNBRCHPHT-UHFFFAOYSA-N__FDDHFCWYCKQKGY-UHFFFAOYSA-N,4.005053791484374
UCFYTGMADQFCTL-UHFFFAOYSA-N__VHBALRRYPPCWHD-UHFFFAOYSA-N,1.99079086404441
VHBALRRYPPCWHD-UHFFFAOYSA-N__UCFYTGMADQFCTL-UHFFFAOYSA-N,12.505448225215847
MDWHIVYOCZTPKI-UHFFFAOYSA-N__DFLDXCKSLZSLNI-UHFFFAOYSA-N,14.008104628091656
DFLDXCKSLZSLNI-UHFFFAOYSA-N__MDWHIVYOCZTPKI-UHFFFAOYSA-N,11.66973826116076
WJFAWSUSKWTMSS-UHFFFAOYSA-N__DQUNAAHAGFKLOJ-UHFFFAOYSA-N,1.163138425513947
DQUNAAHAGFKLOJ-UHFFFAOYSA-N__WJFAWSUSKWTMSS-UHFFFAOYSA-N,2.142567305325982
RVPZFZYENOGXBC-UHFFFAOYSA-N__SECFHRNALBRWQD-UHFFFAOYSA-N,7.859155743837053
SECFHRNALBRWQD-UHFFFAOYSA-N__RVPZFZYENOGXBC-UHFFFAOYSA-N,2.455414791028137
KMQWNQKESAHDKD-UHFFFAOYSA-N__LYJLQZAXSXMWFL-UHFFFAOYSA-N,9.80727561454572
LYJLQZAXSXMWFL-UHFFFAOYSA-N__KMQWNQKESAHDKD-UHFFFAOYSA-N,2.3390013732645305
NGURQVOLMATHKL-UHFFFAOYSA-N__ZSLUJBCVRJDUEE-UHFFFAOYSA-N,14.804799029273552
ZSLUJBCVRJDUEE-UHFFFAOYSA-N__NGURQVOLMATHKL-UHFFFAOYSA-N,6.718786744904085
VYKACKKAIKLQJO-UHFFFAOYSA-N__SPWUQCVECCPYNI-UHFFFAOYSA-N,10.099327425202382
SPWUQCVECCPYNI-UHFFFAOYSA-N__VYKACKKAIKLQJO-UHFFFAOYSA-N,1.7627717136340628
FIFCZOGXQZGRJO-UHFFFAOYSA-N__BARQOHCVALOERS-UHFFFAOYSA-N,-0.0787674049456569
BARQOHCVALOERS-UHFFFAOYSA-N__FIFCZOGXQZGRJO-UHFFFAOYSA-N,15.66813703755418
PDNCREKLEIAJBY-UHFFFAOYSA-N__VWZDHGLXYWXXKF-UHFFFAOYSA-N,11.65330404344865
PULORJJGWUJQBU-UHFFFAOYSA-N__ORQBHUFAFGWYDG-UHFFFAOYSA-N,3.2295579405755106
AIWICOGMBIREQD-UHFFFAOYSA-N__CLUGRPABEQNERA-UHFFFAOYSA-N,6.614359230026001
NJNCRGMAMMNSBN-FCEUIQTBSA-N__DAWYTDKSMYXJFE-UHFFFAOYSA-N,14.951970998765209
JVZNHRRDXGGTCQ-UHFFFAOYSA-N__VUKCYUJPOUPMCP-UHFFFAOYSA-N,0.1690151750602194
VUKCYUJPOUPMCP-UHFFFAOYSA-N__JVZNHRRDXGGTCQ-UHFFFAOYSA-N,1.6883752826487874
IOURGEMVZMWHSK-SNAWJCMRSA-N__NOTVADUCMHIWMH-UHFFFAOYSA-N,0.2374680337113402
IMHSXIHXRVHKSL-UHFFFAOYSA-N__RKRYWQKRIFFESW-UHFFFAOYSA-N,4.590125807051663
JZVBPVMHUHYVPO-UHFFFAOYSA-N__KNTUUUARDYGWGI-UHFFFAOYSA-N,7.047541436464425
YLIZHBFCLCYCBF-UHFFFAOYSA-N__HSEBLARKBMIUAK-UHFFFAOYSA-N,3.691597666909522
HSEBLARKBMIUAK-UHFFFAOYSA-N__YLIZHBFCLCYCBF-UHFFFAOYSA-N,4.316151767599699
RBEFNTBHCVTGQA-UHFFFAOYSA-N__OGVZITLXRYJPSO-UHFFFAOYSA-N,7.455062581086571
ZXUPASXBZUWDHF-UHFFFAOYSA-N__XKIJAHOBTZNYOT-UHFFFAOYSA-N,3.2901838767859
HJYBXBVTBHEZPB-UHFFFAOYSA-N__SWNIIWKYCFEYLK-UHFFFAOYSA-N,2.548506677448621
XKIJAHOBTZNYOT-UHFFFAOYSA-N__ZXUPASXBZUWDHF-UHFFFAOYSA-N,9.219077712282404
SWNIIWKYCFEYLK-UHFFFAOYSA-N__HJYBXBVTBHEZPB-UHFFFAOYSA-N,-2.346332052892266
VGIWDFJMMZTDNJ-UPHRSURJSA-N__YRUFRSUZZACWCW-UHFFFAOYSA-N,-1.8760791484053736
DPFMXNVDKPPSLY-UHFFFAOYSA-N__LGLPADRUFKEHBY-UHFFFAOYSA-N,0.4912953304344473
LGLPADRUFKEHBY-UHFFFAOYSA-N__DPFMXNVDKPPSLY-UHFFFAOYSA-N,10.28483897271579
CVEPRSHLNQOGHK-UHFFFAOYSA-N__MYBUWBGEPKVNPF-UHFFFAOYSA-N,7.157572718262838
MYBUWBGEPKVNPF-UHFFFAOYSA-N__CVEPRSHLNQOGHK-UHFFFAOYSA-N,14.11956482338312
DQICURSMKKCYCZ-UHFFFAOYSA-N__UIELWIWDUDZKQS-UHFFFAOYSA-N,7.762273302393392
AEHCXKOGKVGSAN-UHFFFAOYSA-N__QTIRVCGHCAFRPM-UHFFFAOYSA-N,3.343740287550993
QTIRVCGHCAFRPM-UHFFFAOYSA-N__AEHCXKOGKVGSAN-UHFFFAOYSA-N,4.087017622763232
OSHGJLAGXKYVOD-UHFFFAOYSA-N__WLWBFJFQCLFCMR-UHFFFAOYSA-N,12.125670648120236
WLWBFJFQCLFCMR-UHFFFAOYSA-N__OSHGJLAGXKYVOD-UHFFFAOYSA-N,5.620080122163789
NRHCRJDBXMHNSN-UHFFFAOYSA-N__LZMDRWTULZRDJL-UHFFFAOYSA-N,9.22760970271884
HPLMWJYSAYEFMM-UHFFFAOYSA-N__UNYJVEGQFDHXFE-UHFFFAOYSA-N,7.887973603784063
KSJYJSWDFBXVIK-UHFFFAOYSA-N__WMCCCRBFEFQRSS-UHFFFAOYSA-N,1.2484438448784556
WMCCCRBFEFQRSS-UHFFFAOYSA-N__KSJYJSWDFBXVIK-UHFFFAOYSA-N,10.436498676496926
CWOOMLVSWXJHDA-UHFFFAOYSA-N__NIHVLRZEUVRYCO-UHFFFAOYSA-N,3.9185994273361344
NIHVLRZEUVRYCO-UHFFFAOYSA-N__CWOOMLVSWXJHDA-UHFFFAOYSA-N,3.1727125650715555
OUSHWSCHEPRJRW-UHFFFAOYSA-N__HMGMIMCQZUCBCI-UHFFFAOYSA-N,7.626455706544156
HMGMIMCQZUCBCI-UHFFFAOYSA-N__OUSHWSCHEPRJRW-UHFFFAOYSA-N,8.197285202808681
UXCWUAYEFCEELN-UHFFFAOYSA-N__CHLOQSHJRKEAHY-UHFFFAOYSA-N,10.364943365341707
CHLOQSHJRKEAHY-UHFFFAOYSA-N__UXCWUAYEFCEELN-UHFFFAOYSA-N,2.129128626361371
RYLBFQIPUGLENF-UHFFFAOYSA-N__UNIVOWOUCYLPST-UHFFFAOYSA-N,-1.1739834703124408
UNIVOWOUCYLPST-UHFFFAOYSA-N__RYLBFQIPUGLENF-UHFFFAOYSA-N,-0.6518809015345208
PBJTWJCWYFSVAE-UHFFFAOYSA-N__YIHCVVFIMRHLKM-UHFFFAOYSA-N,10.552852970666349
AOFRUBNYABVOKT-UHFFFAOYSA-N__PHDJIMYSHPGYRN-UHFFFAOYSA-N,5.843438298419774
PHDJIMYSHPGYRN-UHFFFAOYSA-N__AOFRUBNYABVOKT-UHFFFAOYSA-N,10.075973893996771
XAZQBICSDXRPGX-UHFFFAOYSA-N__CHFBASIYXHBHPE-UHFFFAOYSA-N,1.6192114415950989
ZHHVPRUEBWLGCP-UHFFFAOYSA-N__SMCSCYFZRFIHPM-UHFFFAOYSA-N,8.103697094406355
SMCSCYFZRFIHPM-UHFFFAOYSA-N__ZHHVPRUEBWLGCP-UHFFFAOYSA-N,9.30045074942536
IZHVFXGYHNARHT-UHFFFAOYSA-N__MLSCLCQHHHDCAD-UHFFFAOYSA-N,3.249738103608991
MLSCLCQHHHDCAD-UHFFFAOYSA-N__IZHVFXGYHNARHT-UHFFFAOYSA-N,5.873861744156684
MOJNABCKJBNLSE-UHFFFAOYSA-N__DYJJODUTVRNTPY-UHFFFAOYSA-N,7.995127034364437
XDXJSRZUPCWBNX-UHFFFAOYSA-N__RLPMBXNBPUDXAW-UHFFFAOYSA-N,8.099925199103197
RLPMBXNBPUDXAW-UHFFFAOYSA-N__XDXJSRZUPCWBNX-UHFFFAOYSA-N,3.308775546633215
VQKIFPQJRDXGDY-UHFFFAOYSA-N__XFULDMHCMQRQMN-UHFFFAOYSA-N,7.085434684829791
XFULDMHCMQRQMN-UHFFFAOYSA-N__VQKIFPQJRDXGDY-UHFFFAOYSA-N,1.592278259312682
DQZHXPZDERSPNB-UHFFFAOYSA-N__JFUCSEHNIYCTMZ-UHFFFAOYSA-N,3.449099350224338
FSDJGNMTJREJNJ-UHFFFAOYSA-N__HCGVUDPKQCKYAZ-UHFFFAOYSA-N,4.737003568527615
HCGVUDPKQCKYAZ-UHFFFAOYSA-N__FSDJGNMTJREJNJ-UHFFFAOYSA-N,4.042346087744128
KLXKWINOKPVFCT-UHFFFAOYSA-N__LHUIKWFAEAMISP-MRVPVSSYSA-N,6.137531822607835
XQCCNZFHLCQXEP-UHFFFAOYSA-N__WQAYUFKMYNFEGP-UHFFFAOYSA-N,3.782441558941584
LHUIKWFAEAMISP-MRVPVSSYSA-N__KLXKWINOKPVFCT-UHFFFAOYSA-N,8.285828880530786
FSAWEZNGAJUUHC-UHFFFAOYSA-N__DLLDTELDHFOZAS-UHFFFAOYSA-N,6.577796431711569
DGVHPOCXCCQVKW-UHFFFAOYSA-N__XGXVKEKQOJHRDW-UHFFFAOYSA-N,6.088273318391045
XGXVKEKQOJHRDW-UHFFFAOYSA-N__DGVHPOCXCCQVKW-UHFFFAOYSA-N,4.2707565418901074
JNMGGWWKGWRRJM-UHFFFAOYSA-N__WRWXERFIRCBWRD-UHFFFAOYSA-N,4.5196350314896
WRWXERFIRCBWRD-UHFFFAOYSA-N__JNMGGWWKGWRRJM-UHFFFAOYSA-N,12.955565695044436
JGPUSDKUXPKTTB-UHFFFAOYSA-N__SQIZVNALSUCSKS-UHFFFAOYSA-N,3.2884771661599657
SQIZVNALSUCSKS-UHFFFAOYSA-N__JGPUSDKUXPKTTB-UHFFFAOYSA-N,5.043986836820497
AFAMYCZHFXTFBD-UHFFFAOYSA-N__HWSDFHHXCFPUSV-UHFFFAOYSA-N,3.9919722094320393
UYHKCTUEZXVEFZ-UHFFFAOYSA-N__FEMZDYOLYKWCCL-UHFFFAOYSA-N,6.655013022391181
FEMZDYOLYKWCCL-UHFFFAOYSA-N__UYHKCTUEZXVEFZ-UHFFFAOYSA-N,4.105336810346804
HWSDFHHXCFPUSV-UHFFFAOYSA-N__AFAMYCZHFXTFBD-UHFFFAOYSA-N,8.662171297710106
NKWCGNUOJAQETB-UHFFFAOYSA-N__XZBDNJWFYYPATD-UHFFFAOYSA-N,3.393725177239103
DTUVQRDPMNNUEZ-UHFFFAOYSA-N__JQCZIUVZNVLSSA-UHFFFAOYSA-N,10.31293217660528
SZJQMSYRAGMLQC-UHFFFAOYSA-N__XXMUNRCAOSOCEW-UHFFFAOYSA-N,10.305546333656787
XXMUNRCAOSOCEW-UHFFFAOYSA-N__SZJQMSYRAGMLQC-UHFFFAOYSA-N,7.093988039041222
CDNCLSSJIKMFII-UHFFFAOYSA-N__NOBYRUBUJFRBOE-UHFFFAOYSA-N,7.044446508358557
NOBYRUBUJFRBOE-UHFFFAOYSA-N__CDNCLSSJIKMFII-UHFFFAOYSA-N,5.207932165480731
JTCOPEFEUHFUDX-UHFFFAOYSA-N__PRBMSOWVXXKXHK-UHFFFAOYSA-N,4.137881363634076
PRBMSOWVXXKXHK-UHFFFAOYSA-N__JTCOPEFEUHFUDX-UHFFFAOYSA-N,6.839581609561977
NFDCSMUDWDLLMV-UHFFFAOYSA-N__UAPZAPRETKRBLU-BQBZGAKWSA-N,2.805971184651354
UAPZAPRETKRBLU-BQBZGAKWSA-N__NFDCSMUDWDLLMV-UHFFFAOYSA-N,1.525498507711522
SEPLQNFQGGDKHK-UHFFFAOYSA-N__HQSIMCODZRPQRV-UHFFFAOYSA-N,5.254622248218757
NETLNHFSIMMMPV-UHFFFAOYSA-N__FZTUVPBBAXBZJI-UHFFFAOYSA-N,9.059388931270092
KYDILDPKNBSAFT-UHFFFAOYSA-N__QPADGGQYTBKIDR-UHFFFAOYSA-N,-0.3768968054496883
JBCOJELIVYNZHB-UHFFFAOYSA-N__IAISJSKPMHDWBN-UHFFFAOYSA-N,12.02461764425296
QPADGGQYTBKIDR-UHFFFAOYSA-N__KYDILDPKNBSAFT-UHFFFAOYSA-N,4.281819253982694
ALZRJIINXFHSCI-UHFFFAOYSA-N__DGADTZIGHLQBTO-UHFFFAOYSA-N,9.678551946268964
DGADTZIGHLQBTO-UHFFFAOYSA-N__ALZRJIINXFHSCI-UHFFFAOYSA-N,0.239697141377239
KVRDZGPGQHJMDI-PKOBYXMFSA-N__TZNKEFRLFCMEAD-UHFFFAOYSA-N,6.537847731597546
GAUKNYNHEMNNKI-UHFFFAOYSA-N__DZDDMFOISVYGLY-UHFFFAOYSA-N,12.249564921864923
DZDDMFOISVYGLY-UHFFFAOYSA-N__GAUKNYNHEMNNKI-UHFFFAOYSA-N,1.319347252281362
SBBBRGAVNLQEHG-UHFFFAOYSA-N__LVOWSEBXGGZZCK-UHFFFAOYSA-N,4.699091123540644
LVOWSEBXGGZZCK-UHFFFAOYSA-N__SBBBRGAVNLQEHG-UHFFFAOYSA-N,10.595751816660288
FWJYLCWTCJHNRK-UHFFFAOYSA-N__VEIMRCVELPUNAD-UHFFFAOYSA-N,3.6408931926937655
DAUQNAWDINBWER-UHFFFAOYSA-N__WSBYEXNIUSUZOE-NSHDSACASA-N,3.9016100608025264
MFUFJCIFNHFEDW-UHFFFAOYSA-N__WIBVYLRIFQXHRW-UHFFFAOYSA-N,4.716085124435252
WSBYEXNIUSUZOE-NSHDSACASA-N__DAUQNAWDINBWER-UHFFFAOYSA-N,12.73047431878226
HGSJXLMHOWVDRR-UHFFFAOYSA-N__ATLOVIVHGKUSOJ-UHFFFAOYSA-N,1.543051167049004
AQSMNULTDSMPFG-UHFFFAOYSA-N__CUBXVSLGCXAZOF-UHFFFAOYSA-N,8.543208740482806
CUBXVSLGCXAZOF-UHFFFAOYSA-N__AQSMNULTDSMPFG-UHFFFAOYSA-N,-2.672763852649515
MMXLQHMKFDEKHM-UHFFFAOYSA-N__VPPGTHOBCGUIIV-UHFFFAOYSA-N,8.657153450150336
VPPGTHOBCGUIIV-UHFFFAOYSA-N__MMXLQHMKFDEKHM-UHFFFAOYSA-N,5.687006817865161
FGLBPFDIWOLEHC-DAFODLJHSA-N__HWAOPALZMNNJPK-UHFFFAOYSA-N,6.646423028249095
HWAOPALZMNNJPK-UHFFFAOYSA-N__FGLBPFDIWOLEHC-DAFODLJHSA-N,7.722305010151199
KEFMCUAHZSSKQY-UHFFFAOYSA-N__HZOFKORPEYOWJQ-UHFFFAOYSA-N,5.607519490741682
NGSRGRKMEWROLO-UHFFFAOYSA-N__GHKJELZXBFRQLI-UHFFFAOYSA-N,9.904827394846691
IRIUVWFRAOHPFV-UHFFFAOYSA-N__YGTSLGNRAGUMMP-UHFFFAOYSA-N,6.832490894338894
UALLWXDWICPVHF-UHFFFAOYSA-N__FXRXVJRPIKKNPE-OWOJBTEDSA-N,1.3684653244877032
FXRXVJRPIKKNPE-OWOJBTEDSA-N__UALLWXDWICPVHF-UHFFFAOYSA-N,8.902181709106893
IMADGXCATROUST-UHFFFAOYSA-N__WALQCCBTJYLQTH-UHFFFAOYSA-N,7.550256282484092
ZCZWCRYVQYWZLJ-UHFFFAOYSA-N__VBEDAOBQQULCEF-UHFFFAOYSA-N,3.2536467346769133
VBEDAOBQQULCEF-UHFFFAOYSA-N__ZCZWCRYVQYWZLJ-UHFFFAOYSA-N,6.090220204658091
GABYEMUCJJOOPM-UHFFFAOYSA-N__HDDPRAQBJTVTGZ-UHFFFAOYSA-N,5.150011626714194
PBLYDEDPBLHPQZ-UHFFFAOYSA-N__MSOXVNYYGGIRFG-UHFFFAOYSA-N,4.641846657230539
HDDPRAQBJTVTGZ-UHFFFAOYSA-N__GABYEMUCJJOOPM-UHFFFAOYSA-N,2.200804292860524
GZAXYZGYSOWJQC-UHFFFAOYSA-N__IRUPAFSLGJQJJQ-UHFFFAOYSA-N,9.849114374109988
NXQAKIDGDADVMT-UHFFFAOYSA-N__AQCCKLHRUSSQGM-UHFFFAOYSA-N,5.9266191908571
AQCCKLHRUSSQGM-UHFFFAOYSA-N__NXQAKIDGDADVMT-UHFFFAOYSA-N,2.802484534403289
MJFWZYSQJWQYSS-UHFFFAOYSA-N__JQCXEPZWQOHXGK-UHFFFAOYSA-N,13.85046863329639
XYSVRHJZNQBIBE-UHFFFAOYSA-N__BBEIWKNVJVJYBH-UHFFFAOYSA-N,3.3235598720467827
BBEIWKNVJVJYBH-UHFFFAOYSA-N__XYSVRHJZNQBIBE-UHFFFAOYSA-N,3.736677947974554
FRARCZBYXAFDDP-UHFFFAOYSA-N__ZZGIHQXMWOLQRF-UHFFFAOYSA-N,0.6982467490047405
SUBMMQFPICWDOP-UHFFFAOYSA-N__ZWYVRMJEYMJALI-VIFPVBQESA-N,1.0293554154458773
CXJZTIJUOMMHSY-UHFFFAOYSA-N__RWZNPTKESSXILF-UHFFFAOYSA-N,1.491829378880163
RWZNPTKESSXILF-UHFFFAOYSA-N__CXJZTIJUOMMHSY-UHFFFAOYSA-N,5.124676540922515
ANVJARPTPIVPRC-UHFFFAOYSA-N__DJCQHLHZXNZYBD-VXNVDRBHSA-N,5.50539773982121
DJCQHLHZXNZYBD-VXNVDRBHSA-N__ANVJARPTPIVPRC-UHFFFAOYSA-N,3.4900901464985177
GPOKQUJWXDTDQZ-UHFFFAOYSA-N__MLOAGFPQZDLHMT-UHFFFAOYSA-N,3.347331786346511
MLOAGFPQZDLHMT-UHFFFAOYSA-N__GPOKQUJWXDTDQZ-UHFFFAOYSA-N,5.251359882081032
YBJUHKPWSWDYAG-UHFFFAOYSA-N__WTBJFFXQLXEYFT-UHFFFAOYSA-N,3.062399171879904
WTBJFFXQLXEYFT-UHFFFAOYSA-N__YBJUHKPWSWDYAG-UHFFFAOYSA-N,4.86530341977538
DNWVHWQVJFHHRP-UHFFFAOYSA-N__PCSTWUHSLBALGP-UHFFFAOYSA-N,5.770410466533304
PWKCIWNUJFOYMV-LBPRGKRZSA-N__SYCIGFAQXKUYJV-UHFFFAOYSA-N,5.681379849605251
UFEKZZIPLHOYGH-UHFFFAOYSA-N__ZJRZBQSHEBFGLD-UHFFFAOYSA-N,5.545352789014083
PCSTWUHSLBALGP-UHFFFAOYSA-N__DNWVHWQVJFHHRP-UHFFFAOYSA-N,10.65448735698303
YLADAPIKXITCCH-UHFFFAOYSA-N__OOLWWDWKZUXVJN-UHFFFAOYSA-N,13.771469010353044
YMKNBKGKHAUNDV-UHFFFAOYSA-N__HZLSBNGOXZTJQT-ZDUSSCGKSA-N,4.229657901734044
KNHMPJFIUFJFFK-UHFFFAOYSA-N__MJDVEFQVLWDWPP-UHFFFAOYSA-N,10.204284060589334
HZLSBNGOXZTJQT-ZDUSSCGKSA-N__YMKNBKGKHAUNDV-UHFFFAOYSA-N,0.128756664110951
HVLRBLXRBVTVAR-UHFFFAOYSA-N__ZKRHHPTYJJMCNE-UHFFFAOYSA-N,13.190925304881183
MJDVEFQVLWDWPP-UHFFFAOYSA-N__KNHMPJFIUFJFFK-UHFFFAOYSA-N,5.338005043760531
ZKRHHPTYJJMCNE-UHFFFAOYSA-N__HVLRBLXRBVTVAR-UHFFFAOYSA-N,6.470700736243373
MPVXLFKKNUEZKM-UHFFFAOYSA-N__WMUHFTAKKMBSNW-UHFFFAOYSA-N,4.105200929301401
WMUHFTAKKMBSNW-UHFFFAOYSA-N__MPVXLFKKNUEZKM-UHFFFAOYSA-N,3.999180616464956
JJJUMPFJXAPNLD-HMTLIYDFSA-N__PUBHHSJYYZVINU-UHFFFAOYSA-N,-0.5766477831198965
LTRRZJRQJBPBLI-UHFFFAOYSA-N__BLNRHBKEFUOWHM-UHFFFAOYSA-N,4.190837853292991
BLNRHBKEFUOWHM-UHFFFAOYSA-N__LTRRZJRQJBPBLI-UHFFFAOYSA-N,8.04890438726648
DZSJIOOPKAPLMU-UITAMQMPSA-N__QHXZIOXCWUFXCS-UHFFFAOYSA-N,6.117585418078669
QHXZIOXCWUFXCS-UHFFFAOYSA-N__DZSJIOOPKAPLMU-UITAMQMPSA-N,3.175250356478869
KLNLEDVBNNQJHP-UHFFFAOYSA-N__XFZOEANEIZVHKM-UHFFFAOYSA-N,13.55403095140813
XFZOEANEIZVHKM-UHFFFAOYSA-N__KLNLEDVBNNQJHP-UHFFFAOYSA-N,2.782762264956107
QMZQHSQGSUAJJE-UHFFFAOYSA-N__GQAZXGCMUMDGBW-UHFFFAOYSA-N,12.032198635233575
GQAZXGCMUMDGBW-UHFFFAOYSA-N__QMZQHSQGSUAJJE-UHFFFAOYSA-N,6.07869256272197
XFFHWMSJRLSBRF-UHFFFAOYSA-N__BCEJGNPBCOOXLW-UHFFFAOYSA-N,4.8550998296940495
OKXUEVSOUHBRGI-UHFFFAOYSA-N__YWKMOPSTAWLFCN-UHFFFAOYSA-N,3.1368423005334534
XUMWJQJGCFTJOE-UHFFFAOYSA-N__ALGFHBFDKYFEGM-UHFFFAOYSA-N,1.3373265389274274
ALGFHBFDKYFEGM-UHFFFAOYSA-N__XUMWJQJGCFTJOE-UHFFFAOYSA-N,5.023224788750355
XPWNRMKWKKMXMR-UHFFFAOYSA-N__UPWPMMJUNKHBIF-UHFFFAOYSA-N,10.442310460465338
UPWPMMJUNKHBIF-UHFFFAOYSA-N__XPWNRMKWKKMXMR-UHFFFAOYSA-N,6.5852706481190815
MOWBTWIRDNDWSY-UHFFFAOYSA-N__KSLQJQQAICVDKD-UHFFFAOYSA-N,2.624778196919152
HSNJRDYGGZZPFY-UHFFFAOYSA-N__NZTQMLGXHHODHM-UHFFFAOYSA-N,-2.599164229062446
NZTQMLGXHHODHM-UHFFFAOYSA-N__HSNJRDYGGZZPFY-UHFFFAOYSA-N,2.734055000223843
KSLQJQQAICVDKD-UHFFFAOYSA-N__MOWBTWIRDNDWSY-UHFFFAOYSA-N,3.525337949088248
NSSALDSMTOHYHC-UHFFFAOYSA-N__GRNXBBPMOMCDBY-UHFFFAOYSA-N,9.26216425039622
GLFIDOOJCDDIDJ-UHFFFAOYSA-N__AHKMXAUXJNFZDH-UHFFFAOYSA-N,7.766092711132781
AHKMXAUXJNFZDH-UHFFFAOYSA-N__GLFIDOOJCDDIDJ-UHFFFAOYSA-N,9.43682890006586
FYWIBIAJLCBDOV-UHFFFAOYSA-N__PEAHHZXZFDBIMJ-UHFFFAOYSA-N,3.644158737936648
RIKRIASJMYHTIJ-UHFFFAOYSA-N__QCDMGEZKBGHXRF-UHFFFAOYSA-N,9.788157421092484
YSDPGCPEQPUPMH-UHFFFAOYSA-N__MZQRKHXIVSGDEA-UHFFFAOYSA-N,2.5938497458728187
MZQRKHXIVSGDEA-UHFFFAOYSA-N__YSDPGCPEQPUPMH-UHFFFAOYSA-N,3.4963726473405314
PWZXLJWAVSHHCU-UHFFFAOYSA-N__QMMWWMHLTDQVAD-UHFFFAOYSA-N,6.694726087556239
OVMFSMCJIYMMEF-UHFFFAOYSA-N__UJQZBEPSUAOVPT-UHFFFAOYSA-N,1.4288120018174686
UJQZBEPSUAOVPT-UHFFFAOYSA-N__OVMFSMCJIYMMEF-UHFFFAOYSA-N,9.206179174006389
MHZBXKUQIOSSON-UHFFFAOYSA-N__QZUPJJPYQKOZGW-UHFFFAOYSA-N,1.1027762677119992
URYBXQONCWVNLA-UHFFFAOYSA-N__IUIHQIWFRMGSGI-UHFFFAOYSA-N,5.207520834231547
IUIHQIWFRMGSGI-UHFFFAOYSA-N__URYBXQONCWVNLA-UHFFFAOYSA-N,2.200414917433408
QKRVSWPBAOCWHY-UHFFFAOYSA-N__LNAUQTIUKLWHGK-UHFFFAOYSA-N,2.791511961709379
QKAGXXQLRXRILM-UHFFFAOYSA-N__CGTCKBPUINCVGM-UHFFFAOYSA-N,0.7976555461230054
CGTCKBPUINCVGM-UHFFFAOYSA-N__QKAGXXQLRXRILM-UHFFFAOYSA-N,6.967438139542929
LJZVWWVDLYYZQA-UHFFFAOYSA-N__OSYKOLZHMZYEHJ-UHFFFAOYSA-N,7.559213932365196
OSYKOLZHMZYEHJ-UHFFFAOYSA-N__LJZVWWVDLYYZQA-UHFFFAOYSA-N,4.8997579335413946
HEUSOAKVBOWOAI-UHFFFAOYSA-N__SAFMONMCNDNCEC-UHFFFAOYSA-N,6.359411896738806
SAFMONMCNDNCEC-UHFFFAOYSA-N__HEUSOAKVBOWOAI-UHFFFAOYSA-N,7.619923061141173
BACYTWLVQXWQLE-UHFFFAOYSA-N__CQTJOJUCIZHWAI-UHFFFAOYSA-N,-1.819004932297216
NCKMVLKPDRNELG-UHFFFAOYSA-N__ZJLDYGOTUSMKEH-UHFFFAOYSA-N,2.7458650430848395
SYYFJADZPQGDGR-UHFFFAOYSA-N__CVHLHSUUCRUZHB-UHFFFAOYSA-N,9.136999729633782
CVHLHSUUCRUZHB-UHFFFAOYSA-N__SYYFJADZPQGDGR-UHFFFAOYSA-N,3.604339499448365
JWUXAJNNGATQHJ-UHFFFAOYSA-N__DUVQKHMNTORJIF-UHFFFAOYSA-N,3.5944923229175894
DUVQKHMNTORJIF-UHFFFAOYSA-N__JWUXAJNNGATQHJ-UHFFFAOYSA-N,2.538680798561061
LWZNLVJBUZBWID-UHFFFAOYSA-N__QUVOHVOTQSPITP-UHFFFAOYSA-N,10.4535915559586
QOIISJKMQBKIBK-UHFFFAOYSA-N__NOYGWULJGPHYSD-UHFFFAOYSA-N,2.971041082221096
NOYGWULJGPHYSD-UHFFFAOYSA-N__QOIISJKMQBKIBK-UHFFFAOYSA-N,2.1875720707476507
WDCSZPDPKLQZHM-UHFFFAOYSA-N__HRAACZBPBWLPED-UHFFFAOYSA-N,5.459209545495552
HRAACZBPBWLPED-UHFFFAOYSA-N__WDCSZPDPKLQZHM-UHFFFAOYSA-N,4.83665616262613
QUVOHVOTQSPITP-UHFFFAOYSA-N__LWZNLVJBUZBWID-UHFFFAOYSA-N,11.098378103738062
LZEBLKBKEDRIRP-UHFFFAOYSA-N__SOBWFBJBIOGZIZ-UHFFFAOYSA-N,2.139261845666285
SOBWFBJBIOGZIZ-UHFFFAOYSA-N__LZEBLKBKEDRIRP-UHFFFAOYSA-N,6.365236270642795
FRMFXEZUXXIVSK-UHFFFAOYSA-N__DLWFCIUDGCZTLI-UHFFFAOYSA-N,6.394908250555929
PKINWSKUCYKUHF-UHFFFAOYSA-N__WMVWMKMXQKBCDX-UHFFFAOYSA-N,6.18588508399684
WMVWMKMXQKBCDX-UHFFFAOYSA-N__PKINWSKUCYKUHF-UHFFFAOYSA-N,8.175257249518223
FPJPTQXKIDTWES-UHFFFAOYSA-N__JYWQYTHQLPXPJM-UHFFFAOYSA-N,6.560013872484313
AZKPVKLQVQZMHR-UHFFFAOYSA-N__FARKYDZQCLZAEK-UHFFFAOYSA-N,8.11676260308336
FARKYDZQCLZAEK-UHFFFAOYSA-N__AZKPVKLQVQZMHR-UHFFFAOYSA-N,7.211325454305598
ICJBHZJLKZZQDX-UHFFFAOYSA-N__CMOYCZQBKLDPNH-UHFFFAOYSA-N,5.581030612143266
CMOYCZQBKLDPNH-UHFFFAOYSA-N__ICJBHZJLKZZQDX-UHFFFAOYSA-N,8.511363363898393
ARORRNAWEHMGNN-UHFFFAOYSA-N__HKZHGZFMIJYJPB-UHFFFAOYSA-N,10.81486681587282
HKZHGZFMIJYJPB-UHFFFAOYSA-N__ARORRNAWEHMGNN-UHFFFAOYSA-N,7.02500348587829
IITAGEFSPROWDN-UHFFFAOYSA-N__MSWXXICDKNTNHA-UHFFFAOYSA-N,13.86910508791281
CRPVHVQNTBGLBX-UHFFFAOYSA-N__UZQDUIZYLSBNAM-UHFFFAOYSA-N,0.1473279356216423
GRAZLLOSBVLLDT-UHFFFAOYSA-N__ZCVPRLMAQVTKCW-UHFFFAOYSA-N,5.515744790562998
ZCVPRLMAQVTKCW-UHFFFAOYSA-N__GRAZLLOSBVLLDT-UHFFFAOYSA-N,3.644894873886068
UZQDUIZYLSBNAM-UHFFFAOYSA-N__CRPVHVQNTBGLBX-UHFFFAOYSA-N,5.332988054915137
IWYHVTRFSJPFOF-UHFFFAOYSA-N__BOUHCEVLDDSFKX-UHFFFAOYSA-N,4.341794223200635
AYUYZTVAOQXVBP-UHFFFAOYSA-N__UHWKSKYUNZUQFC-UHFFFAOYSA-N,0.2460288369150771
YNSUREIQQVJUSC-UHFFFAOYSA-N__OFFUPBCVICTOGV-UHFFFAOYSA-N,11.117239264153008
GXFBZGOCYPMJOB-UHFFFAOYSA-N__VTNLONXVRWGYOL-UHFFFAOYSA-N,8.573656179785196
VTNLONXVRWGYOL-UHFFFAOYSA-N__GXFBZGOCYPMJOB-UHFFFAOYSA-N,8.909868575425358
YEWUQVIOLYPXHX-UHFFFAOYSA-N__ZUWBVRHQSHSIHD-UHFFFAOYSA-N,7.298440020924046
CLLLQUGVEQADNN-UHFFFAOYSA-N__UZCXSWBRILRSPU-UHFFFAOYSA-N,8.861196898151107
UZCXSWBRILRSPU-UHFFFAOYSA-N__CLLLQUGVEQADNN-UHFFFAOYSA-N,5.803619087539904
XMXRVYHYQWDILF-UHFFFAOYSA-N__MHFAVKBFVUFSHQ-UHFFFAOYSA-N,8.539096455637441
MHFAVKBFVUFSHQ-UHFFFAOYSA-N__XMXRVYHYQWDILF-UHFFFAOYSA-N,7.133149402726713
GSDSHHAHEUBYGF-UHFFFAOYSA-N__NWHNOKMLONTTFP-UHFFFAOYSA-N,9.069575119205304
ODEALMANQSSPIW-UHFFFAOYSA-N__ZTGTUWLWFFXWNR-UHFFFAOYSA-N,8.216925867994412
DQWQBRGLPBPWPJ-UHFFFAOYSA-N__HIOIJVBQFLNSHH-UHFFFAOYSA-N,2.80682706691882
HIOIJVBQFLNSHH-UHFFFAOYSA-N__DQWQBRGLPBPWPJ-UHFFFAOYSA-N,2.034407403568076
NWLHIJTXCRWUGK-UHFFFAOYSA-N__YKTFCRNFWDRXBE-UHFFFAOYSA-N,5.736254895376087
YKTFCRNFWDRXBE-UHFFFAOYSA-N__NWLHIJTXCRWUGK-UHFFFAOYSA-N,3.001939685220321
KMVRLXLHCIPSFT-UHFFFAOYSA-N__GOPIUAGXQZXHMR-UHFFFAOYSA-N,9.00489608359514
GOPIUAGXQZXHMR-UHFFFAOYSA-N__KMVRLXLHCIPSFT-UHFFFAOYSA-N,2.106255256460714
MHYUKGZOUHPXRQ-UHFFFAOYSA-N__MJCJBNBNBOGBIC-UHFFFAOYSA-N,5.871766574317703
MJCJBNBNBOGBIC-UHFFFAOYSA-N__MHYUKGZOUHPXRQ-UHFFFAOYSA-N,5.492401598279911
JLTVPFNXQPUDPN-UHFFFAOYSA-N__RODLPDCALOUSDI-UHFFFAOYSA-N,5.544839630091443
RODLPDCALOUSDI-UHFFFAOYSA-N__JLTVPFNXQPUDPN-UHFFFAOYSA-N,4.330808879154628
HJOCBPOOCAULDA-UHFFFAOYSA-N__IDOJLXIUTPINTR-UHFFFAOYSA-N,0.810518687132297
AMLDIQUNFBQTFY-UHFFFAOYSA-N__SPQHGVDLHCAXBP-UHFFFAOYSA-N,7.214121180626019
SPQHGVDLHCAXBP-UHFFFAOYSA-N__AMLDIQUNFBQTFY-UHFFFAOYSA-N,4.44007751607632
DFAVWLKOYKKDFX-UHFFFAOYSA-N__HMONMFHROKDPKL-UHFFFAOYSA-N,12.352390656419672
DUHJNZIIWKNIIL-UHFFFAOYSA-N__YKCDVSNFQBTXMN-UHFFFAOYSA-N,11.293154699691677
YZWJCYUEPGXNHA-UHFFFAOYSA-N__DLPSNQHQIQPRDY-UHFFFAOYSA-N,7.743225484424982
NVQOPZFEFJNYSA-UHFFFAOYSA-N__PAILEZNBTLHJHV-UHFFFAOYSA-N,6.39238386463813
MZAUKGIENYNOMU-UHFFFAOYSA-N__SEMOOLZEZZRRMS-UHFFFAOYSA-N,2.7244679778374485
SEMOOLZEZZRRMS-UHFFFAOYSA-N__MZAUKGIENYNOMU-UHFFFAOYSA-N,3.744758276335935
FXTBRJUAHJUQRH-UHFFFAOYSA-N__UKQGPFHWTAMXCP-UHFFFAOYSA-N,6.815299423380576
UKQGPFHWTAMXCP-UHFFFAOYSA-N__FXTBRJUAHJUQRH-UHFFFAOYSA-N,3.722781984235516
UWOYVVRCHLRSPO-UHFFFAOYSA-N__RTWLGAAKLPALJI-UHFFFAOYSA-N,3.4473126800706866
RTWLGAAKLPALJI-UHFFFAOYSA-N__UWOYVVRCHLRSPO-UHFFFAOYSA-N,10.440667208382424
HNTBWADOOZGSEZ-UHFFFAOYSA-N__RXAKGSWHPLOVSV-UHFFFAOYSA-N,3.678026915933048
RXAKGSWHPLOVSV-UHFFFAOYSA-N__HNTBWADOOZGSEZ-UHFFFAOYSA-N,9.60838622416821
YFDMWNWKXWVYKM-UHFFFAOYSA-N__GLHKIAPSNFNTTQ-UHFFFAOYSA-N,8.740423049844514
IFMWARRXRDWXBH-UHFFFAOYSA-N__SXTVBVIQNTWZNT-UHFFFAOYSA-N,5.226164303096947
GLHKIAPSNFNTTQ-UHFFFAOYSA-N__YFDMWNWKXWVYKM-UHFFFAOYSA-N,8.886736702249259
LJAKOSURARTEFL-UHFFFAOYSA-N__NYBNMXSKKQWEER-UHFFFAOYSA-N,8.070578398209012
NYBNMXSKKQWEER-UHFFFAOYSA-N__LJAKOSURARTEFL-UHFFFAOYSA-N,0.5195825296513232
PCELXMZKLYVRQL-UHFFFAOYSA-N__YSHIBYKLKCCBSY-UHFFFAOYSA-N,7.691596174111838
YSHIBYKLKCCBSY-UHFFFAOYSA-N__PCELXMZKLYVRQL-UHFFFAOYSA-N,2.071368254341249
KSDLYLRIDDWCNS-UHFFFAOYSA-N__NKHRKHAQXMRXEL-UHFFFAOYSA-N,6.132679284806596
NKHRKHAQXMRXEL-UHFFFAOYSA-N__KSDLYLRIDDWCNS-UHFFFAOYSA-N,4.47353879365275
DOWWKQOZDDRIBU-UHFFFAOYSA-N__VRDAAEULQOBQPH-UHFFFAOYSA-N,2.417400533848396
VRDAAEULQOBQPH-UHFFFAOYSA-N__DOWWKQOZDDRIBU-UHFFFAOYSA-N,4.76324554423502
PDXOHPUGUMSVCS-UHFFFAOYSA-N__LCLBSZBKUFGROC-UHFFFAOYSA-N,-1.3317099826774306
LCLBSZBKUFGROC-UHFFFAOYSA-N__PDXOHPUGUMSVCS-UHFFFAOYSA-N,3.1081381724795496
LJZGVNXOVBOMKA-UHFFFAOYSA-N__GQSZFLDIILLPPN-UHFFFAOYSA-N,3.8923409879546247
KQWYKJSWCFJJFS-UHFFFAOYSA-N__QXUMUFQEOAHANE-UHFFFAOYSA-N,6.0334581800935645
BDAHWGQZSPKIQE-UHFFFAOYSA-N__MDRSGDGJXMVKBB-UHFFFAOYSA-N,1.2334604504674465
MDRSGDGJXMVKBB-UHFFFAOYSA-N__BDAHWGQZSPKIQE-UHFFFAOYSA-N,8.189372067998459
ANXROGFXISBFKY-UHFFFAOYSA-N__ZBBTZZMCQHIISB-UHFFFAOYSA-N,3.178721279419848
ZBBTZZMCQHIISB-UHFFFAOYSA-N__ANXROGFXISBFKY-UHFFFAOYSA-N,8.026386737353102
HBHXBQDIKXLAJA-ONEGZZNKSA-N__KEWSKPCDINETQL-UHFFFAOYSA-N,7.704878470822765
KEWSKPCDINETQL-UHFFFAOYSA-N__HBHXBQDIKXLAJA-ONEGZZNKSA-N,6.713893885551117
OYCKTDQPHDEYJT-UHFFFAOYSA-N__NGMSQERZZCDOAO-UHFFFAOYSA-N,8.902655419816792
ASKJXFLNFFHPDG-UHFFFAOYSA-N__SKXYALMSXKWPJJ-GXDHUFHOSA-N,3.882759204960104
RIFBFKXUHZEDJO-UHFFFAOYSA-N__LWQKTEYIHUNVJC-UHFFFAOYSA-N,5.616628993669994
RZYYTSPHKBOLII-UHFFFAOYSA-N__VWDWWTHPNZADGI-UHFFFAOYSA-N,4.857406624009037
VWDWWTHPNZADGI-UHFFFAOYSA-N__RZYYTSPHKBOLII-UHFFFAOYSA-N,8.498339385408071
SNGHKJKOUNWAIO-UHFFFAOYSA-N__FYDDPOAOFIKTCQ-ONEGZZNKSA-N,5.629369455448932
GVNMYVWNTDXLHO-UHFFFAOYSA-N__PPNPNWHFNHXASG-UHFFFAOYSA-N,1.3335206300598013
PPNPNWHFNHXASG-UHFFFAOYSA-N__GVNMYVWNTDXLHO-UHFFFAOYSA-N,7.379986224523471
SVUKRILHXUKYNZ-UHFFFAOYSA-N__WITUNJJINKIFCK-UHFFFAOYSA-N,1.5970697685392592
WITUNJJINKIFCK-UHFFFAOYSA-N__SVUKRILHXUKYNZ-UHFFFAOYSA-N,10.82715759767525
CIIMEPGMQIPQRJ-UHFFFAOYSA-N__UPOUZBQIJAMYLU-UHFFFAOYSA-N,5.737977822413184
UPOUZBQIJAMYLU-UHFFFAOYSA-N__CIIMEPGMQIPQRJ-UHFFFAOYSA-N,5.4763213666112165
GPQCLOGIFDPQAX-UHFFFAOYSA-N__UBSRZVVIIWKXIQ-UHFFFAOYSA-N,3.430340944183833
SXPQRNHKSKIQRX-VIFPVBQESA-N__JPNLIKXJQJNTOK-UHFFFAOYSA-N,7.767406320836692
JPNLIKXJQJNTOK-UHFFFAOYSA-N__SXPQRNHKSKIQRX-VIFPVBQESA-N,15.08256024068371
UBSRZVVIIWKXIQ-UHFFFAOYSA-N__GPQCLOGIFDPQAX-UHFFFAOYSA-N,4.9785572754280425
IJFFEFNANJOPTR-UHFFFAOYSA-N__ZUMZOKWYXVMEGF-UHFFFAOYSA-N,7.7792665011459
ZUMZOKWYXVMEGF-UHFFFAOYSA-N__IJFFEFNANJOPTR-UHFFFAOYSA-N,3.8172955940480393
IWUZJDUXMUILJF-UHFFFAOYSA-N__WOAXPFPTVKBPAC-UHFFFAOYSA-N,11.704189838518824
WVDPAEFRPOKPNI-UHFFFAOYSA-N__LSDQQMKZMQZBQM-UHFFFAOYSA-N,5.870003023106432
ITNGTFMTMYVEHM-UHFFFAOYSA-N__VJMNQUWKPPBILD-UHFFFAOYSA-N,11.403569053067638
WOAXPFPTVKBPAC-UHFFFAOYSA-N__IWUZJDUXMUILJF-UHFFFAOYSA-N,1.376923209878049
QYWRLVBHCLLCKW-UHFFFAOYSA-N__TUJWTTLPQFOHRA-UHFFFAOYSA-N,7.127520309403759
TUJWTTLPQFOHRA-UHFFFAOYSA-N__QYWRLVBHCLLCKW-UHFFFAOYSA-N,3.4144468744369547
BGKAKRUFBSTALK-UHFFFAOYSA-N__WGSDEVIRNPPEQV-UHFFFAOYSA-N,6.667583026833736
WGSDEVIRNPPEQV-UHFFFAOYSA-N__BGKAKRUFBSTALK-UHFFFAOYSA-N,3.2390392979331
HQACJHXIBQOSJK-UHFFFAOYSA-N__HBRLNFYMAQTPRM-UHFFFAOYSA-N,1.809042196867004
KRPCRPKSNJPFFI-UHFFFAOYSA-N__MZDNCPACDDDKRH-UHFFFAOYSA-N,4.400537333293571
MZDNCPACDDDKRH-UHFFFAOYSA-N__KRPCRPKSNJPFFI-UHFFFAOYSA-N,5.543974618142794
ZNZYOGBBNIXOSU-UHFFFAOYSA-N__YWANOSGNBSHXGP-UHFFFAOYSA-N,10.500197499026935
QPWSZCVATMRMBY-UHFFFAOYSA-N__RJPCDSYQWGWCQN-UHFFFAOYSA-N,15.543838545828608
RJPCDSYQWGWCQN-UHFFFAOYSA-N__QPWSZCVATMRMBY-UHFFFAOYSA-N,6.115699167162587
DQRUGEPLMURXGZ-UHFFFAOYSA-N__MSDPXGKORKYFFW-UHFFFAOYSA-N,12.507181442628896
MSDPXGKORKYFFW-UHFFFAOYSA-N__DQRUGEPLMURXGZ-UHFFFAOYSA-N,7.942415886401433
JREOVBOGUUTDBA-UHFFFAOYSA-N__HEJPSXGDBCCZGZ-UHFFFAOYSA-N,5.637360806105157
HEJPSXGDBCCZGZ-UHFFFAOYSA-N__JREOVBOGUUTDBA-UHFFFAOYSA-N,4.176286650034793
VNUOVMAXQXJRSC-UHFFFAOYSA-N__AYDFNNGMLSGMFJ-UHFFFAOYSA-N,3.302867426354573
AYDFNNGMLSGMFJ-UHFFFAOYSA-N__VNUOVMAXQXJRSC-UHFFFAOYSA-N,6.936659077332454
WZPKYHYJFYVXSL-UHFFFAOYSA-N__VNRIGTINNWVQES-UHFFFAOYSA-N,7.473200725540661
XIDQATKDWFRYAV-UHFFFAOYSA-N__RDXBPAVRFCMHFF-UHFFFAOYSA-N,-3.967706873157162
IHYLXHUNQRWKPO-UHFFFAOYSA-N__UQKXQCCGFZXCHR-UHFFFAOYSA-N,-0.0280028576060695
FJUGJLQQBFJRKO-UHFFFAOYSA-N__KMLOILSBJFWZGW-UHFFFAOYSA-N,9.667663460096769
YSTJJRZSLQEGKN-UHFFFAOYSA-N__DMDJOVOGXDCDTE-UHFFFAOYSA-N,18.432361239283026
OYKWMYLNQNRSEY-UHFFFAOYSA-N__PHGFIJHFWDYXNT-UHFFFAOYSA-N,10.443268617205971
PHGFIJHFWDYXNT-UHFFFAOYSA-N__OYKWMYLNQNRSEY-UHFFFAOYSA-N,6.191027861907026
LTLGKPBAWLYIJQ-UHFFFAOYSA-N__JHXMLSGWQCMNGN-UHFFFAOYSA-N,5.404445951676578
JHXMLSGWQCMNGN-UHFFFAOYSA-N__LTLGKPBAWLYIJQ-UHFFFAOYSA-N,1.972951192856101
ZMMQISKTYNWBIM-UHFFFAOYSA-N__FEGWIZRYJCJYEI-UHFFFAOYSA-N,6.980795018347635
FEGWIZRYJCJYEI-UHFFFAOYSA-N__ZMMQISKTYNWBIM-UHFFFAOYSA-N,2.021829786908284
KRXPLQRSHBWMHK-UHFFFAOYSA-N__TUEYZYOJFUYYOB-UHFFFAOYSA-N,4.985207829513145
TUEYZYOJFUYYOB-UHFFFAOYSA-N__KRXPLQRSHBWMHK-UHFFFAOYSA-N,-0.2812303631323501
REQVPJHSDKDDFH-UHFFFAOYSA-N__LNVWIOZEQVFOPE-UHFFFAOYSA-N,0.3097384405659233
LNVWIOZEQVFOPE-UHFFFAOYSA-N__REQVPJHSDKDDFH-UHFFFAOYSA-N,3.85259019229094
DJDHTXLUAZMFRN-UHFFFAOYSA-N__HFQQVILLYYWEDA-UHFFFAOYSA-N,3.585156613063568
HFQQVILLYYWEDA-UHFFFAOYSA-N__DJDHTXLUAZMFRN-UHFFFAOYSA-N,9.359111666491392
JYSJLKSZKHXTIL-UHFFFAOYSA-N__INONGCIRPKQIFH-UHFFFAOYSA-N,9.46654135569553
INONGCIRPKQIFH-UHFFFAOYSA-N__JYSJLKSZKHXTIL-UHFFFAOYSA-N,9.74975453205794
HTPFMOGFQKDFHX-UHFFFAOYSA-N__GBUZAFJDQWEOKA-UHFFFAOYSA-N,5.256767157145805
GBUZAFJDQWEOKA-UHFFFAOYSA-N__HTPFMOGFQKDFHX-UHFFFAOYSA-N,8.657630147776597
INZBZCNTYBISQW-UHFFFAOYSA-N__NAQWIPRQTYKKPW-UHFFFAOYSA-N,0.752907510261107
NAQWIPRQTYKKPW-UHFFFAOYSA-N__INZBZCNTYBISQW-UHFFFAOYSA-N,4.518703109803665
WSNFMULODBIQJV-UHFFFAOYSA-N__AKMOAIOQDRRLPK-UHFFFAOYSA-N,11.400999568629317
CKMLXSGLAFZUOJ-UHFFFAOYSA-N__IWBWMWNCJDRWJO-UHFFFAOYSA-N,0.5693649475159491
AKMOAIOQDRRLPK-UHFFFAOYSA-N__WSNFMULODBIQJV-UHFFFAOYSA-N,5.345312945805719
IWBWMWNCJDRWJO-UHFFFAOYSA-N__CKMLXSGLAFZUOJ-UHFFFAOYSA-N,2.8170663354874512
HSODMUBHOXGNNQ-UHFFFAOYSA-N__OLOZOBKXIKPIGT-UHFFFAOYSA-N,1.4723970927908236
OLOZOBKXIKPIGT-UHFFFAOYSA-N__HSODMUBHOXGNNQ-UHFFFAOYSA-N,6.74220303081654
IAZDCSHAFFDSNM-UHFFFAOYSA-N__VQNNVNAKHAOVQN-UHFFFAOYSA-N,4.1440086849361775
STZARZICZKSMHI-UHFFFAOYSA-N__JIHQDUVLENPDJA-UHFFFAOYSA-N,2.306004211440158
FLWDGGPCKJBWNJ-UHFFFAOYSA-N__IQVJZJSUULSAEX-UHFFFAOYSA-N,7.213887779818297
IQVJZJSUULSAEX-UHFFFAOYSA-N__FLWDGGPCKJBWNJ-UHFFFAOYSA-N,5.793431743332978
FKUQFDWITIDCHZ-UHFFFAOYSA-N__KHCFWRBOSYDTTK-UHFFFAOYSA-N,3.497563806528741
KHCFWRBOSYDTTK-UHFFFAOYSA-N__FKUQFDWITIDCHZ-UHFFFAOYSA-N,4.7479977397750375
POQJYXLWPALYCG-VIFPVBQESA-N__OZPMJCMTAQQPJH-UHFFFAOYSA-N,9.664654197185904
CXUDVBJLLNWWPV-UHFFFAOYSA-N__CUHIXVRODPWQTJ-UHFFFAOYSA-N,10.088240307058935
OMDLBXGRULHASS-UHFFFAOYSA-N__ONHIXMNVRXGPFU-CBAPKCEASA-N,8.798830430795187
ONHIXMNVRXGPFU-CBAPKCEASA-N__OMDLBXGRULHASS-UHFFFAOYSA-N,9.967095097850194
KOAHIARWTAHEAA-UHFFFAOYSA-N__WAWQMDQULKSRHE-UHFFFAOYSA-N,8.435955971623192
WAWQMDQULKSRHE-UHFFFAOYSA-N__KOAHIARWTAHEAA-UHFFFAOYSA-N,5.060058004975458
PMOLGCMIRXLVIF-UHFFFAOYSA-N__MNYUFHIYDNWHRX-UHFFFAOYSA-N,-0.4600495857456075
MNYUFHIYDNWHRX-UHFFFAOYSA-N__PMOLGCMIRXLVIF-UHFFFAOYSA-N,2.05914684705817
VRFPMWCASFPVNZ-UHFFFAOYSA-N__WIDQDVZZRNCKCT-UHFFFAOYSA-N,11.837987318177404
SQKLWSYZULMSDZ-UHFFFAOYSA-N__LMROUYSQDFRWMQ-UHFFFAOYSA-N,11.830567573239522
LMROUYSQDFRWMQ-UHFFFAOYSA-N__SQKLWSYZULMSDZ-UHFFFAOYSA-N,6.904038664188405
IJMJOZXGSDXCGE-UHFFFAOYSA-N__OQVGOYOSNQVQLD-UHFFFAOYSA-N,4.518563939504811
ZWDOUDNVAUDVHB-UHFFFAOYSA-N__XZNURYWJQBRXPG-UHFFFAOYSA-N,0.6810594925740666
JLGROMZIVYFCJF-UHFFFAOYSA-N__JEMILUPPFJDSIV-UHFFFAOYSA-N,6.495782927690444
ZGSRRMRVQKDVEK-UHFFFAOYSA-N__YBQMNDIWOBMXLG-UHFFFAOYSA-N,9.04343535305206
YBQMNDIWOBMXLG-UHFFFAOYSA-N__ZGSRRMRVQKDVEK-UHFFFAOYSA-N,8.279675150390798
FEQGSXGTBVDUGU-UHFFFAOYSA-N__XIYIFVOQCSBEDB-UHFFFAOYSA-N,8.947482228044661
XIYIFVOQCSBEDB-UHFFFAOYSA-N__FEQGSXGTBVDUGU-UHFFFAOYSA-N,4.739833262113125
NZKNKQPOXILDOL-UHFFFAOYSA-N__YABZIACMANKURD-UHFFFAOYSA-N,5.630911121200148
YABZIACMANKURD-UHFFFAOYSA-N__NZKNKQPOXILDOL-UHFFFAOYSA-N,6.338581081962428
AAYXIIQLADYXSF-LJQANCHMSA-N__MCSIFRRJDAQKML-UHFFFAOYSA-N,10.219816773524329
MCSIFRRJDAQKML-UHFFFAOYSA-N__AAYXIIQLADYXSF-LJQANCHMSA-N,7.911324340547467
RSMWASWWFQNXAE-UHFFFAOYSA-N__CPYBYNULYAMTFT-UHFFFAOYSA-N,1.2428289999933495
ZECDPYNCCGZGTB-UHFFFAOYSA-N__VHOANXSLCGHUSW-UHFFFAOYSA-N,7.353978199437836
VHOANXSLCGHUSW-UHFFFAOYSA-N__ZECDPYNCCGZGTB-UHFFFAOYSA-N,9.47250010595076
VQNGWQPQSKMSHF-UHFFFAOYSA-N__WNCZUDQQQLBIHB-UHFFFAOYSA-N,2.611897246557489
BIRWJVWENAXKOW-MZAUSLISSA-N__LZEZPJQSBFVYGR-UHFFFAOYSA-N,4.3958205336445815
LZEZPJQSBFVYGR-UHFFFAOYSA-N__BIRWJVWENAXKOW-MZAUSLISSA-N,6.889404009616007
WNCZUDQQQLBIHB-UHFFFAOYSA-N__VQNGWQPQSKMSHF-UHFFFAOYSA-N,10.966029681726283
HWDKKBAHVIUMEX-UHFFFAOYSA-N__WPFTTWJVVTXFCZ-UHFFFAOYSA-N,8.835355884130015
WPFTTWJVVTXFCZ-UHFFFAOYSA-N__HWDKKBAHVIUMEX-UHFFFAOYSA-N,1.8425124524566945
NLLAFZNIRAPTBK-UHFFFAOYSA-N__PFPAXDZJSHQKGR-UHFFFAOYSA-N,3.3327707628401155
PFPAXDZJSHQKGR-UHFFFAOYSA-N__NLLAFZNIRAPTBK-UHFFFAOYSA-N,1.0662562144614205
SGAVGXBTRRFBPJ-UHFFFAOYSA-N__USFGOCJGKMWGEB-UHFFFAOYSA-N,6.106755119739545
WYDMMKUWINZXKJ-UHFFFAOYSA-N__RAAPANBVESPBNQ-UHFFFAOYSA-N,5.447537263691588
YRXAHEXXMFEUOE-UHFFFAOYSA-N__QABNWQJZAPEGDZ-UHFFFAOYSA-N,5.352341068976174
QABNWQJZAPEGDZ-UHFFFAOYSA-N__YRXAHEXXMFEUOE-UHFFFAOYSA-N,5.1168805935513815
LKMJHSRVJJEJKP-UHFFFAOYSA-N__LTXUDKKFHUBECL-UHFFFAOYSA-N,10.050398840518818
FORYHISRLQSNDK-UHFFFAOYSA-N__JKXUUOIRGXDLGH-UHFFFAOYSA-N,0.6136044396972032
QDHOFVBHONOYDG-UHFFFAOYSA-N__YXRUWYWSPZHKLD-UHFFFAOYSA-N,6.706028906518594
RLVJVUVKYOQMHN-UHFFFAOYSA-N__KNURBCRIHBDHDP-UHFFFAOYSA-N,5.768858167334156
JKXUUOIRGXDLGH-UHFFFAOYSA-N__FORYHISRLQSNDK-UHFFFAOYSA-N,6.0214980705281365
YXRUWYWSPZHKLD-UHFFFAOYSA-N__QDHOFVBHONOYDG-UHFFFAOYSA-N,-0.4834625646410606
NTQMZCAVZPUOJJ-UHFFFAOYSA-N__VXGRWTCBSXEFLM-UHFFFAOYSA-N,5.173644876084567
ABIDRFSXKBYEIH-VMPITWQZSA-N__YEEHSVICVBAKGC-UHFFFAOYSA-N,2.947552300112481
WOWWQQCXAOJWTC-UHFFFAOYSA-N__ZPMAUUDMNRBHTM-UHFFFAOYSA-N,1.2441946832300013
ZPMAUUDMNRBHTM-UHFFFAOYSA-N__WOWWQQCXAOJWTC-UHFFFAOYSA-N,2.0085676264324097
VXGRWTCBSXEFLM-UHFFFAOYSA-N__NTQMZCAVZPUOJJ-UHFFFAOYSA-N,3.411198263566645
LRYNAKOFQLDACQ-UHFFFAOYSA-N__LCRWDPMARBJVFU-UHFFFAOYSA-N,6.873738449921444
LLTXNXRCBBBYKB-UHFFFAOYSA-N__XFOQMTOCKSVCBO-UHFFFAOYSA-N,3.606849546683763
XFOQMTOCKSVCBO-UHFFFAOYSA-N__LLTXNXRCBBBYKB-UHFFFAOYSA-N,5.873338677452196
CMWXSUMUJJDNEL-UHFFFAOYSA-N__PHQFWZQIJXEQHZ-UHFFFAOYSA-N,3.1941545273765306
PHQFWZQIJXEQHZ-UHFFFAOYSA-N__CMWXSUMUJJDNEL-UHFFFAOYSA-N,-0.529482054158157
OHPUOIKSZNWWGV-UHFFFAOYSA-N__QOLWKDZLYZQIBW-UHFFFAOYSA-N,13.489175666687435
QOLWKDZLYZQIBW-UHFFFAOYSA-N__OHPUOIKSZNWWGV-UHFFFAOYSA-N,9.469294332564711
IEMORRFCJWCLKV-UHFFFAOYSA-N__CTAIEPPAOULMFY-UHFFFAOYSA-N,5.563853354773417
PRWZQDDBOHAGPI-UHFFFAOYSA-N__YYFCELBUYOCVKM-UHFFFAOYSA-N,1.5572582022647894
YYFCELBUYOCVKM-UHFFFAOYSA-N__PRWZQDDBOHAGPI-UHFFFAOYSA-N,3.3915388065400163
XBWHHPAYTBPHKQ-UHFFFAOYSA-N__YVOCMUFJNUKDEP-UHFFFAOYSA-N,4.678653958929621
YVOCMUFJNUKDEP-UHFFFAOYSA-N__XBWHHPAYTBPHKQ-UHFFFAOYSA-N,0.835194892589977
QDSZNUHQAFSZCE-UHFFFAOYSA-N__IAJULUKPZFGEIY-UHFFFAOYSA-N,3.929739643448517
IAJULUKPZFGEIY-UHFFFAOYSA-N__QDSZNUHQAFSZCE-UHFFFAOYSA-N,2.6197253331886268
VSBCSQKVTVACLC-UHFFFAOYSA-N__XGPTYHBHYLTJKC-UHFFFAOYSA-N,1.992121956151453
XGPTYHBHYLTJKC-UHFFFAOYSA-N__VSBCSQKVTVACLC-UHFFFAOYSA-N,6.552048433357847
CECMKFMRWXFCND-UHFFFAOYSA-N__JKKJODYECRCYIV-UHFFFAOYSA-N,6.135413415759489
JKKJODYECRCYIV-UHFFFAOYSA-N__CECMKFMRWXFCND-UHFFFAOYSA-N,8.097672901797406
JJSUEFIAVOMCKU-UHFFFAOYSA-N__WQMRWAKAXPUVOH-UHFFFAOYSA-N,3.3759105418873587
WQMRWAKAXPUVOH-UHFFFAOYSA-N__JJSUEFIAVOMCKU-UHFFFAOYSA-N,4.043134689522573
ABHBAGGFTPNKNR-UHFFFAOYSA-N__RBPSPRXJTJTABM-UHFFFAOYSA-N,5.147908457569482
BIYSJPYHIMUBSQ-UHFFFAOYSA-N__NTWXQDISUWBDPV-UHFFFAOYSA-N,3.991905288102072
NTWXQDISUWBDPV-UHFFFAOYSA-N__BIYSJPYHIMUBSQ-UHFFFAOYSA-N,6.890750919702727
RBPSPRXJTJTABM-UHFFFAOYSA-N__ABHBAGGFTPNKNR-UHFFFAOYSA-N,11.512414104742597
ZZPVDZSRQDFDNS-UHFFFAOYSA-N__HAVDDZQMOKDMFQ-UHFFFAOYSA-N,8.347657623183913
HAVDDZQMOKDMFQ-UHFFFAOYSA-N__ZZPVDZSRQDFDNS-UHFFFAOYSA-N,3.98627454401719
PZGYXRQCQQGVJC-UHFFFAOYSA-N__WOGQUVJEYLWOMU-UHFFFAOYSA-N,2.276107962897369
BQTKPWFNYSPZJY-UHFFFAOYSA-N__GKVSTGBPPPARBH-UHFFFAOYSA-N,7.263124824522392
CZFLMVLEPFXAMD-UHFFFAOYSA-N__DUTLXPZJDSQMEK-UHFFFAOYSA-N,7.072845251483998
GKVSTGBPPPARBH-UHFFFAOYSA-N__BQTKPWFNYSPZJY-UHFFFAOYSA-N,12.58642209793022
SERYHGNHSLIENC-UHFFFAOYSA-N__JBTQVCYIUPCRKN-UHFFFAOYSA-N,3.3720293566492794
JBTQVCYIUPCRKN-UHFFFAOYSA-N__SERYHGNHSLIENC-UHFFFAOYSA-N,6.018024841321612
ANWBBQDQVAXJJX-UHFFFAOYSA-N__FPJPTQXKIDTWES-UHFFFAOYSA-N,8.24738979501234
DUTLXPZJDSQMEK-UHFFFAOYSA-N__CZFLMVLEPFXAMD-UHFFFAOYSA-N,-0.8563321578939412
SAGKMIGPFDHVBM-UHFFFAOYSA-N__KTBRKPNTORBNDR-UHFFFAOYSA-N,6.477702436308028
SNPTXPCELPEALV-UHFFFAOYSA-N__UQKTUMDPXSVQQD-UHFFFAOYSA-N,12.294270709864088
UQKTUMDPXSVQQD-UHFFFAOYSA-N__SNPTXPCELPEALV-UHFFFAOYSA-N,0.8645327385849215
ITRZMAIIWHPVFE-UHFFFAOYSA-N__PLSYPXLHRGDSBP-UHFFFAOYSA-N,9.759595258065
PLSYPXLHRGDSBP-UHFFFAOYSA-N__ITRZMAIIWHPVFE-UHFFFAOYSA-N,1.853330024673008
FZCBUYRTQCSWOP-UHFFFAOYSA-N__BTLNCWDHLYWZSZ-UHFFFAOYSA-N,8.924167796986037
BTLNCWDHLYWZSZ-UHFFFAOYSA-N__FZCBUYRTQCSWOP-UHFFFAOYSA-N,8.758421951376071
QBPSNESOKZFXBA-UHFFFAOYSA-N__VDSJGZYGIJMINS-UHFFFAOYSA-N,11.236361238775904
INGWPRMAFXVFSF-UHFFFAOYSA-N__VMSZFFXFTXKCLS-UHFFFAOYSA-N,3.648553050779297
VMSZFFXFTXKCLS-UHFFFAOYSA-N__INGWPRMAFXVFSF-UHFFFAOYSA-N,6.388548782310348
NSUVYEMQWJBFJE-YVMONPNESA-N__QJFDVIZPXBUARJ-UHFFFAOYSA-N,7.634837832238477
QJFDVIZPXBUARJ-UHFFFAOYSA-N__NSUVYEMQWJBFJE-YVMONPNESA-N,3.598890608732106
TWGAHTGLODITOW-UHFFFAOYSA-N__ZOOAAZIWLREDQR-UHFFFAOYSA-N,5.753278986658314
ZOOAAZIWLREDQR-UHFFFAOYSA-N__TWGAHTGLODITOW-UHFFFAOYSA-N,9.508998389040496
HNXJRTAUTGFKKJ-UHFFFAOYSA-N__VOVNLVYMQRNQGO-UHFFFAOYSA-N,7.627284087479595
AGJHIWBSQJSTMN-UHFFFAOYSA-N__MGIDYGYXTDXIGD-UHFFFAOYSA-N,2.0723331260970466
DKHBYEZUQRVTIL-UHFFFAOYSA-N__DONMHPMGXMQIKI-UHFFFAOYSA-N,8.573687227050437
ZIGRBJHQKTVCLK-UHFFFAOYSA-N__AMIBTMAEURWVJS-UHFFFAOYSA-N,5.752581137370791
AMIBTMAEURWVJS-UHFFFAOYSA-N__ZIGRBJHQKTVCLK-UHFFFAOYSA-N,7.206882198096421
GWCRWRFDGWRRLI-UHFFFAOYSA-N__GDUUDMQIHBCSCJ-UHFFFAOYSA-N,10.477117484009424
MFUFJCIFNHFEDW-UHFFFAOYSA-N__ZJQPTLGWCHXDDJ-UHFFFAOYSA-N,1.647542328949244
ZJQPTLGWCHXDDJ-UHFFFAOYSA-N__MFUFJCIFNHFEDW-UHFFFAOYSA-N,8.92040454475687
NYQVTGHEOYMCKW-UHFFFAOYSA-N__FKVJWQULLFSIOJ-UHFFFAOYSA-N,12.49849136585052
FKVJWQULLFSIOJ-UHFFFAOYSA-N__NYQVTGHEOYMCKW-UHFFFAOYSA-N,6.479761214478049
FLVDHJYGUBRAHX-UHFFFAOYSA-N__OCFVZFNJYZVUIA-SNAWJCMRSA-N,4.238385391978008
QRKMYXWPZFMAOE-UHFFFAOYSA-N__SLZWMGLGXLPCQU-UHFFFAOYSA-N,9.473706017305505
SLZWMGLGXLPCQU-UHFFFAOYSA-N__QRKMYXWPZFMAOE-UHFFFAOYSA-N,-0.819101528269944
KVBKWPOAVVMPJB-UHFFFAOYSA-N__ROFSWUCLZSEGKY-UHFFFAOYSA-N,1.5038474215250688
DTZIXXNZIQHQSN-UHFFFAOYSA-N__FXUAHVVZIUITKF-UHFFFAOYSA-N,8.512875740262658
ROFSWUCLZSEGKY-UHFFFAOYSA-N__KVBKWPOAVVMPJB-UHFFFAOYSA-N,4.72989814337102
FXUAHVVZIUITKF-UHFFFAOYSA-N__DTZIXXNZIQHQSN-UHFFFAOYSA-N,3.623299223180826
VMNWGECRANRJII-UHFFFAOYSA-N__ZMOJVBLQSPADHN-UHFFFAOYSA-N,5.222192874875139
ZMOJVBLQSPADHN-UHFFFAOYSA-N__VMNWGECRANRJII-UHFFFAOYSA-N,3.912170084623511
SPAGXWZCVRGWDO-PKNBQFBNSA-N__YICXXGIUADLNTM-UHFFFAOYSA-N,10.015510354465004
YICXXGIUADLNTM-UHFFFAOYSA-N__SPAGXWZCVRGWDO-PKNBQFBNSA-N,7.12213038133962
NJMIFTWJTPGBLQ-UHFFFAOYSA-N__WSYIGOGEFUTQGQ-UHFFFAOYSA-N,8.0077127129661
WSYIGOGEFUTQGQ-UHFFFAOYSA-N__NJMIFTWJTPGBLQ-UHFFFAOYSA-N,8.284220481465033
SCALZIHZUNMESU-UHFFFAOYSA-N__ZFYDFGZRVSBRCC-UHFFFAOYSA-N,5.497884474559858
ZFYDFGZRVSBRCC-UHFFFAOYSA-N__SCALZIHZUNMESU-UHFFFAOYSA-N,2.076927889463537
CJZPPNVRXJUVLZ-UHFFFAOYSA-N__ITFORBAOUFSCNI-UHFFFAOYSA-N,3.708744737190968
ITFORBAOUFSCNI-UHFFFAOYSA-N__CJZPPNVRXJUVLZ-UHFFFAOYSA-N,8.934167787936035
QWEIMABOTDQOMZ-UHFFFAOYSA-N__LDWLIXZSDPXYDR-UHFFFAOYSA-N,3.7746669035065006
NTZWZQVSFIYUPK-UHFFFAOYSA-N__WZNWHFBIYZVTDD-UHFFFAOYSA-N,9.709727200544933
WZNWHFBIYZVTDD-UHFFFAOYSA-N__NTZWZQVSFIYUPK-UHFFFAOYSA-N,11.93780984797738
WWCSXMCZKABKIY-UHFFFAOYSA-N__NAFGCFNQMGKSPW-UHFFFAOYSA-N,0.5059360560754
NAFGCFNQMGKSPW-UHFFFAOYSA-N__WWCSXMCZKABKIY-UHFFFAOYSA-N,2.81747906213858
WGDZTZNXDKMYMD-UHFFFAOYSA-N__AAUPJFXBWKHHBK-UHFFFAOYSA-N,4.164144869480348
YSDFIHXJIJIAAL-UHFFFAOYSA-N__NYSJBGFOVAYLTL-UHFFFAOYSA-N,1.997027714982381
NYSJBGFOVAYLTL-UHFFFAOYSA-N__YSDFIHXJIJIAAL-UHFFFAOYSA-N,12.148649707162472
PUNFDAWYQUUEIY-UHFFFAOYSA-N__SQKINKCSPUDYOO-UHFFFAOYSA-N,2.9972952308843035
GFVSBEWLAFJKRQ-UHFFFAOYSA-N__IPHAKZYBRNIHSN-UHFFFAOYSA-N,5.804730962572084
VEEDIVXHCKQZMS-UHFFFAOYSA-N__QRCNSIKRYQMBTH-UHFFFAOYSA-N,6.1291154207480965
QRCNSIKRYQMBTH-UHFFFAOYSA-N__VEEDIVXHCKQZMS-UHFFFAOYSA-N,10.49650801654789
GEKIWLJFHYTNFB-UHFFFAOYSA-N__LYJLQZAXSXMWFL-UHFFFAOYSA-N,7.868984002469913
LYJLQZAXSXMWFL-UHFFFAOYSA-N__GEKIWLJFHYTNFB-UHFFFAOYSA-N,3.769245555570557
APVGWZCNIAHMDT-UHFFFAOYSA-N__BBDRLNIYLAFYPV-UHFFFAOYSA-N,11.764176943595997
BBDRLNIYLAFYPV-UHFFFAOYSA-N__APVGWZCNIAHMDT-UHFFFAOYSA-N,14.758401030843638
MPJGDZNXFFTQEX-UHFFFAOYSA-N__KJAUABRLFLJYKX-UHFFFAOYSA-N,2.059592460536634
PTAHSFVOSXGJMW-UHFFFAOYSA-N__ZQVLPMNLLKGGIU-UHFFFAOYSA-N,2.273305958694986
YUKVVYDFSVEYIF-UHFFFAOYSA-N__WRBUBVJHOOJSGQ-UHFFFAOYSA-N,3.7181522199292703
WRBUBVJHOOJSGQ-UHFFFAOYSA-N__YUKVVYDFSVEYIF-UHFFFAOYSA-N,8.03127522951175
QYKLNSPJPZGNIE-UHFFFAOYSA-N__SYBPJZRAGTVHTN-UHFFFAOYSA-N,9.5780721180899
FKCAAYLNZZYQLY-UHFFFAOYSA-N__IDRDPQXVARNQDP-UHFFFAOYSA-N,10.785746689891909
IDRDPQXVARNQDP-UHFFFAOYSA-N__FKCAAYLNZZYQLY-UHFFFAOYSA-N,8.294877028719933
CTMXBBQIMOWUER-UHFFFAOYSA-N__XVLTWSMCDADDAL-UHFFFAOYSA-N,3.790775828377381
XVLTWSMCDADDAL-UHFFFAOYSA-N__CTMXBBQIMOWUER-UHFFFAOYSA-N,1.1032488113779109
IAYLCRLQJVQIEP-UHFFFAOYSA-N__IRKZIQKIWQTSLM-UHFFFAOYSA-N,-0.1252809676254756
IRKZIQKIWQTSLM-UHFFFAOYSA-N__IAYLCRLQJVQIEP-UHFFFAOYSA-N,5.881942769648321
NLFSQBCFVRXSNN-UHFFFAOYSA-N__DHYMPTCHPJNVEQ-UHFFFAOYSA-N,4.763806900954365
DHYMPTCHPJNVEQ-UHFFFAOYSA-N__NLFSQBCFVRXSNN-UHFFFAOYSA-N,5.527664514585106
ABIKEBGDTTXMMM-UHFFFAOYSA-N__UURAEBUTDJEOBA-UHFFFAOYSA-N,-0.0786800833885667
UURAEBUTDJEOBA-UHFFFAOYSA-N__ABIKEBGDTTXMMM-UHFFFAOYSA-N,7.910851046603321
IEKWPVJDVDWFNH-UHFFFAOYSA-N__DJNULEFMKYYCBJ-UHFFFAOYSA-N,3.722564252165096
DJNULEFMKYYCBJ-UHFFFAOYSA-N__IEKWPVJDVDWFNH-UHFFFAOYSA-N,3.567233624465427
JNKLTEDNNQRUQU-UHFFFAOYSA-N__AYBNFDRVZYRQDT-UHFFFAOYSA-N,5.94278889707537
SDBOUIAASPJUKA-UHFFFAOYSA-N__QJGNUBYABNVQKB-UHFFFAOYSA-N,4.106172820335618
QJGNUBYABNVQKB-UHFFFAOYSA-N__SDBOUIAASPJUKA-UHFFFAOYSA-N,6.706001210500888
LHNFIKBNTJDKDC-UHFFFAOYSA-N__JWRVPWUMHWPIND-UHFFFAOYSA-N,1.6200896887457132
QLMGJDCOKQGJKF-UHFFFAOYSA-N__WVPVDUHMNCCFKF-UHFFFAOYSA-N,3.878890703112434
NZGMCKBUHGSQFH-UHFFFAOYSA-N__GVYAFTGQVLBZIL-UHFFFAOYSA-N,3.0338975673706705
JWRVPWUMHWPIND-UHFFFAOYSA-N__LHNFIKBNTJDKDC-UHFFFAOYSA-N,-0.3553032423542171
GVYAFTGQVLBZIL-UHFFFAOYSA-N__NZGMCKBUHGSQFH-UHFFFAOYSA-N,9.095849289532218
DJGIFJZRJJMAGC-UHFFFAOYSA-N__PGONYGJMURROJM-UHFFFAOYSA-N,5.211802470578654
PGONYGJMURROJM-UHFFFAOYSA-N__DJGIFJZRJJMAGC-UHFFFAOYSA-N,9.180237889939963
RMTVHKBAIMICCH-UHFFFAOYSA-N__KTNNEURSXANSEG-UHFFFAOYSA-N,3.4173107919673185
FOGMWTBLURLVCQ-LLVKDONJSA-N__KQZOIGTXBUAJIZ-UHFFFAOYSA-N,16.32191219016659
KQZOIGTXBUAJIZ-UHFFFAOYSA-N__FOGMWTBLURLVCQ-LLVKDONJSA-N,13.714525781716972
HKJRDTGYVDDKPE-UHFFFAOYSA-N__MHQLMFDUDISAAE-JXMROGBWSA-N,7.859151414809403
MHQLMFDUDISAAE-JXMROGBWSA-N__HKJRDTGYVDDKPE-UHFFFAOYSA-N,11.548724058792796
IKYHQCSZZDFYBK-UHFFFAOYSA-N__MZANXJMNMYAFQU-UHFFFAOYSA-N,5.717855378939855
MZANXJMNMYAFQU-UHFFFAOYSA-N__IKYHQCSZZDFYBK-UHFFFAOYSA-N,1.860710035041124
RXRCBKBVFBDSGX-UHFFFAOYSA-N__VYVLOIHSKCMFBH-UHFFFAOYSA-N,3.3002169168607494
VYVLOIHSKCMFBH-UHFFFAOYSA-N__RXRCBKBVFBDSGX-UHFFFAOYSA-N,4.4702389975699965
LVAISIJULKNLIH-UHFFFAOYSA-N__KLYLPVUBSHVUFB-UHFFFAOYSA-N,4.807154984262793
XBPWDZSVFFUYNO-UHFFFAOYSA-N__OBGYJKBJUOGMSK-UHFFFAOYSA-N,11.200500869606564
QACVEPGFHXNFBI-UHFFFAOYSA-N__JHCLLNNVJWAORZ-UHFFFAOYSA-N,3.301682360350184
KLYLPVUBSHVUFB-UHFFFAOYSA-N__LVAISIJULKNLIH-UHFFFAOYSA-N,7.283157710513898
OBGYJKBJUOGMSK-UHFFFAOYSA-N__XBPWDZSVFFUYNO-UHFFFAOYSA-N,7.207954720510883
JHCLLNNVJWAORZ-UHFFFAOYSA-N__QACVEPGFHXNFBI-UHFFFAOYSA-N,7.741829835644954
XMGIHRHXUFKJMP-UHFFFAOYSA-N__XULCDCYXCVQTPS-UHFFFAOYSA-N,3.66161100773502
XULCDCYXCVQTPS-UHFFFAOYSA-N__XMGIHRHXUFKJMP-UHFFFAOYSA-N,4.089195019016035
BCFMTHYHZNFIHO-UHFFFAOYSA-N__YPZQOGXDABJTKM-UHFFFAOYSA-N,-0.2597427370834559
XDHQWFXIMSUNKT-UHFFFAOYSA-N__NQBWBSRBXBXAKF-UHFFFAOYSA-N,1.5176389339353673
ZZVCYFCPDUCCCL-UHFFFAOYSA-N__JFWJDQHCEPWHEW-UHFFFAOYSA-N,8.739206985513828
JFWJDQHCEPWHEW-UHFFFAOYSA-N__ZZVCYFCPDUCCCL-UHFFFAOYSA-N,4.380834590199477
UKDYOARMRJKWOE-UHFFFAOYSA-N__CIZCOLAJWVBFIV-UHFFFAOYSA-N,9.118339665544111
CIZCOLAJWVBFIV-UHFFFAOYSA-N__UKDYOARMRJKWOE-UHFFFAOYSA-N,-1.264810458576604
KNZYJYHEQKMOFM-UHFFFAOYSA-N__XLAHVHZIJJALHR-UHFFFAOYSA-N,9.846647284209329
ANJFSEJHLBFPAJ-UHFFFAOYSA-N__PJGRIJTUTHGCFO-UHFFFAOYSA-N,3.3509854640672208
PJGRIJTUTHGCFO-UHFFFAOYSA-N__ANJFSEJHLBFPAJ-UHFFFAOYSA-N,-0.1095562527332997
AWVWALBALMVJOQ-UHFFFAOYSA-N__GKRICQGBUFGPKT-UHFFFAOYSA-N,5.559352953323279
GKRICQGBUFGPKT-UHFFFAOYSA-N__AWVWALBALMVJOQ-UHFFFAOYSA-N,9.68089415354538
RZZPBTQBGOASQR-UHFFFAOYSA-N__YILYMJBPLFCXEB-UHFFFAOYSA-N,3.5982338516776613
BBVQYJCKANRAPD-ORCRQEGFSA-N__ORTHPQFVOIIBHH-UHFFFAOYSA-N,9.045639064687917
ORTHPQFVOIIBHH-UHFFFAOYSA-N__BBVQYJCKANRAPD-ORCRQEGFSA-N,3.820789310408951
YNFYQAFJFVWDEB-UHFFFAOYSA-N__BBVOIFPVRFOCCA-UHFFFAOYSA-N,3.776255122392027
BBVOIFPVRFOCCA-UHFFFAOYSA-N__YNFYQAFJFVWDEB-UHFFFAOYSA-N,10.866058975007023
LMFJUKPFHRKMED-UHFFFAOYSA-N__OIPIPWSTKLCZOS-UHFFFAOYSA-N,3.721353035286697
HGABZNWVNRATRB-UHFFFAOYSA-N__LYZRBBGRJMPMGY-UHFFFAOYSA-N,3.747335846828904
OIPIPWSTKLCZOS-UHFFFAOYSA-N__LMFJUKPFHRKMED-UHFFFAOYSA-N,0.2761644753649791
LYZRBBGRJMPMGY-UHFFFAOYSA-N__HGABZNWVNRATRB-UHFFFAOYSA-N,2.64758584567106
XCAKGLGKTYFLGJ-UHFFFAOYSA-N__LSFUXXBHBABORN-UHFFFAOYSA-N,7.140583988078173
LWSWRKYCTRFWMC-UHFFFAOYSA-N__UKMKJLCEIRHTNG-UHFFFAOYSA-N,2.2716136988259144
UKMKJLCEIRHTNG-UHFFFAOYSA-N__LWSWRKYCTRFWMC-UHFFFAOYSA-N,4.15403936944984
QSOVNVMEZPFZBO-UHFFFAOYSA-N__HKOYCDPTVOGUNB-UHFFFAOYSA-N,2.774085331708353
CJMDLWDUSMXJTD-UHFFFAOYSA-N__FJSVUTAWEYVASF-UHFFFAOYSA-N,6.471573175925135
FJSVUTAWEYVASF-UHFFFAOYSA-N__CJMDLWDUSMXJTD-UHFFFAOYSA-N,6.582069627446378
HQBKANYHNPMOLC-UHFFFAOYSA-N__PIJRRYPWQBHKAG-UHFFFAOYSA-N,10.2066981151572
PIJRRYPWQBHKAG-UHFFFAOYSA-N__HQBKANYHNPMOLC-UHFFFAOYSA-N,5.46592031559764
IHBYNRSYBIFTDQ-UHFFFAOYSA-N__CUBXVSLGCXAZOF-UHFFFAOYSA-N,7.002290690929054
HHQBJRNAHDNXIE-LFIBNONCSA-N__LQCFDVADSYYMLI-UHFFFAOYSA-N,12.831179222441488
LQCFDVADSYYMLI-UHFFFAOYSA-N__HHQBJRNAHDNXIE-LFIBNONCSA-N,9.943212332634465
UOYCJFCBFPBJKE-UHFFFAOYSA-N__IBCCPZYDQWOGOU-UHFFFAOYSA-N,3.325285134455969
IBCCPZYDQWOGOU-UHFFFAOYSA-N__UOYCJFCBFPBJKE-UHFFFAOYSA-N,2.7719322036783662
ZDSAAUCRODDSNQ-UHFFFAOYSA-N__KTBBMKRNMWECJG-UHFFFAOYSA-N,2.6124720554224257
DEXLMYZSUJDPNI-UHFFFAOYSA-N__VASQOMMFIFDHIO-UHFFFAOYSA-N,13.082340017836566
PTXKWJXZIMEWED-UHFFFAOYSA-N__WTGPJCDBQDNCFL-UHFFFAOYSA-N,1.455644862832742
KDMPBVGIJXKKNU-UHFFFAOYSA-N__LJUKIOLDWAYBCI-UHFFFAOYSA-N,12.430398761529602
LJUKIOLDWAYBCI-UHFFFAOYSA-N__KDMPBVGIJXKKNU-UHFFFAOYSA-N,7.896322971847006
WTGPJCDBQDNCFL-UHFFFAOYSA-N__PTXKWJXZIMEWED-UHFFFAOYSA-N,6.590309835840451
ZYKFURJWTQLBNY-UHFFFAOYSA-N__AOXBXHYJXVTLFR-LZYBPNLTSA-N,8.2409789792568
ZXZMNRMKKGBIQQ-UHFFFAOYSA-N__KQMOBXIKWBSNJA-UHFFFAOYSA-N,3.656394125634818
JLTLBQZMOPEYRI-UHFFFAOYSA-N__OZAIBFKRUKMABZ-UHFFFAOYSA-N,14.498393522804337
LTSIYWOPJPGWJO-UHFFFAOYSA-N__QLVKNFUJZCZFNS-UHFFFAOYSA-N,6.335494959798783
QLVKNFUJZCZFNS-UHFFFAOYSA-N__LTSIYWOPJPGWJO-UHFFFAOYSA-N,3.092510311323488
WBIDMPFTKWBFPU-UHFFFAOYSA-N__PKGAYSJHJKNIJF-UHFFFAOYSA-N,6.609545764192621
PKGAYSJHJKNIJF-UHFFFAOYSA-N__WBIDMPFTKWBFPU-UHFFFAOYSA-N,4.905829951055127
LSMPZJBBJIFGSJ-UHFFFAOYSA-N__VJIYDJJXZAWTHU-UHFFFAOYSA-N,8.300228600780114
GQGFPYKJIJQQPS-UHFFFAOYSA-N__PKRQPEFZLYXWJG-UHFFFAOYSA-N,5.596269786941097
PKRQPEFZLYXWJG-UHFFFAOYSA-N__GQGFPYKJIJQQPS-UHFFFAOYSA-N,6.334870090817725
VJIYDJJXZAWTHU-UHFFFAOYSA-N__LSMPZJBBJIFGSJ-UHFFFAOYSA-N,9.283809792713525
FYUORRSFMBRKLT-UHFFFAOYSA-N__ZBDKFDQVSSAZEI-UHFFFAOYSA-N,10.980732080066854
ZBDKFDQVSSAZEI-UHFFFAOYSA-N__FYUORRSFMBRKLT-UHFFFAOYSA-N,10.773857605928788
XMCNBMFDTFZAIK-UHFFFAOYSA-N__XSDSVWNMTLZZPR-UHFFFAOYSA-N,21.345018281789923
XSDSVWNMTLZZPR-UHFFFAOYSA-N__XMCNBMFDTFZAIK-UHFFFAOYSA-N,1.402347126843412
BIWAOBVWNDWISO-UHFFFAOYSA-N__BMJLZHIHSQGEIW-UHFFFAOYSA-N,1.908728210984784
BMJLZHIHSQGEIW-UHFFFAOYSA-N__BIWAOBVWNDWISO-UHFFFAOYSA-N,3.0177500944853866
WRLPUTCEJVANJJ-UHFFFAOYSA-N__UGMCBLMLCMNVGM-UHFFFAOYSA-N,1.759321033866149
UGMCBLMLCMNVGM-UHFFFAOYSA-N__WRLPUTCEJVANJJ-UHFFFAOYSA-N,4.906319374019465
HYGVPOXUCYEPGX-UHFFFAOYSA-N__INPUNUGLEGDPFB-UHFFFAOYSA-N,3.989492500560597
INPUNUGLEGDPFB-UHFFFAOYSA-N__HYGVPOXUCYEPGX-UHFFFAOYSA-N,1.3204465769000868
YMBHBGHDXJGHSV-UHFFFAOYSA-N__JQJZAUBSLUYDAA-UHFFFAOYSA-N,2.904629382721592
JQJZAUBSLUYDAA-UHFFFAOYSA-N__YMBHBGHDXJGHSV-UHFFFAOYSA-N,7.834252035927112
BVKKHPBKRVEHGR-UHFFFAOYSA-N__MQZWKYRLKYWBGO-UHFFFAOYSA-N,12.200629249523969
MQZWKYRLKYWBGO-UHFFFAOYSA-N__BVKKHPBKRVEHGR-UHFFFAOYSA-N,11.68473234480724
HEVNJORIYXPREN-UHFFFAOYSA-N__HUUKKJQRNBUNTE-UHFFFAOYSA-N,12.948186210662952
AVVFFIQIFISNJW-UHFFFAOYSA-N__QFPRPGNISDXQRV-UHFFFAOYSA-N,6.750049453357399
QFPRPGNISDXQRV-UHFFFAOYSA-N__AVVFFIQIFISNJW-UHFFFAOYSA-N,5.892538772367525
WUFJWAZRODOPSX-UHFFFAOYSA-N__HBVIFWLYHYDOCK-UHFFFAOYSA-N,1.6953375638926051
VDBONLVTHVGQNS-UHFFFAOYSA-N__BZLUYCXCTJSSCZ-UHFFFAOYSA-N,1.063082467511853
HBVIFWLYHYDOCK-UHFFFAOYSA-N__WUFJWAZRODOPSX-UHFFFAOYSA-N,0.9448974284623928
UOTBAJOZNMDYOE-UHFFFAOYSA-N__XCMNQIORLKLFRU-UHFFFAOYSA-N,1.4130838831718362
FOYZIGJWVJLRMW-HNNXBMFYSA-N__SPVYVNMISHOPOP-UHFFFAOYSA-N,13.455989846377406
SPVYVNMISHOPOP-UHFFFAOYSA-N__FOYZIGJWVJLRMW-HNNXBMFYSA-N,12.377852045705769
XCMNQIORLKLFRU-UHFFFAOYSA-N__UOTBAJOZNMDYOE-UHFFFAOYSA-N,2.884228756096982
WFCDHILBYZRZPV-UHFFFAOYSA-N__GDZKUAWHDNPVIP-UHFFFAOYSA-N,-1.0877854117529202
GDZKUAWHDNPVIP-UHFFFAOYSA-N__WFCDHILBYZRZPV-UHFFFAOYSA-N,11.21911728921878
PVCLUKCHLYPTCS-VKHMYHEASA-N__PDBOGPKVDZKPIR-UHFFFAOYSA-N,4.463671607514654
QTXWWYFLHVWJTG-UHFFFAOYSA-N__JFTZZXWGMWEZBR-UHFFFAOYSA-N,10.662710323102957
MYOKIXWYCFPADO-UHFFFAOYSA-N__NEZQHIQYTPIBOA-UHFFFAOYSA-N,3.0627577878255945
CQUHODYGSJOAEB-UHFFFAOYSA-N__LHJGUJXHCDLPTA-UHFFFAOYSA-N,19.90878393349456
NEZQHIQYTPIBOA-UHFFFAOYSA-N__MYOKIXWYCFPADO-UHFFFAOYSA-N,9.26144134244347
LHJGUJXHCDLPTA-UHFFFAOYSA-N__CQUHODYGSJOAEB-UHFFFAOYSA-N,4.946019643434294
MAPWHWRNFRJKFI-UHFFFAOYSA-N__NRCWVDNUACUPGT-UHFFFAOYSA-N,4.471986350419015
MAKUABYIHGJMHZ-UHFFFAOYSA-N__QGSWJIDTWAAUSP-UHFFFAOYSA-N,7.15730041320658
NRCWVDNUACUPGT-UHFFFAOYSA-N__MAPWHWRNFRJKFI-UHFFFAOYSA-N,4.700043798406214
QGSWJIDTWAAUSP-UHFFFAOYSA-N__MAKUABYIHGJMHZ-UHFFFAOYSA-N,-0.3620844993735382
ITBFBOGUNWBDOO-UHFFFAOYSA-N__CGDPVODOWCJCIT-UHFFFAOYSA-N,5.884897945395802
CGDPVODOWCJCIT-UHFFFAOYSA-N__ITBFBOGUNWBDOO-UHFFFAOYSA-N,4.193558744620864
YYPFQAAOFLUEDN-UHFFFAOYSA-N__ZOTLPMLFJLIEOC-UHFFFAOYSA-N,8.21810518588447
DXMJXJOYZOBUPS-UHFFFAOYSA-N__SIVQDMRZAQCRQM-UHFFFAOYSA-N,5.387932751574811
SIVQDMRZAQCRQM-UHFFFAOYSA-N__DXMJXJOYZOBUPS-UHFFFAOYSA-N,6.285644413574373
YOIODMRLHIYMSN-UHFFFAOYSA-N__NWXJJTGTZGULGY-UHFFFAOYSA-N,4.630153261411406
OUDARTXTMUWONB-UHFFFAOYSA-N__BTSNCZJSOYQJEM-UHFFFAOYSA-N,3.698405298880435
LPSGRBXPXIPMPF-UHFFFAOYSA-N__MHPMRBSOSRBEHL-UHFFFAOYSA-N,9.7568601807214
BTSNCZJSOYQJEM-UHFFFAOYSA-N__OUDARTXTMUWONB-UHFFFAOYSA-N,6.582000816081574
MHPMRBSOSRBEHL-UHFFFAOYSA-N__LPSGRBXPXIPMPF-UHFFFAOYSA-N,8.361321423286013
SCERXXJYTIPEQY-UHFFFAOYSA-N__CFRXAIXOMBCKRS-UHFFFAOYSA-N,5.77011276594638
CFRXAIXOMBCKRS-UHFFFAOYSA-N__SCERXXJYTIPEQY-UHFFFAOYSA-N,4.521276613941272
NRPMRMQUCHYSHJ-UHFFFAOYSA-N__SRTGQFLPFFJYPI-UHFFFAOYSA-N,10.781194750562172
SRTGQFLPFFJYPI-UHFFFAOYSA-N__NRPMRMQUCHYSHJ-UHFFFAOYSA-N,10.07616959155758
ZFWCMMBAYDTFHL-UHFFFAOYSA-N__SRZIOWNZWNXWBH-UHFFFAOYSA-N,1.981542136884532
ORPXYDVCCPGGKD-UHFFFAOYSA-N__RREGGKQMVPEQBK-UHFFFAOYSA-N,6.0177746614475565
RREGGKQMVPEQBK-UHFFFAOYSA-N__ORPXYDVCCPGGKD-UHFFFAOYSA-N,2.5449483967813915
QKFJVWJPEXLXPS-UHFFFAOYSA-N__WHFOFSZOHUPEHB-UHFFFAOYSA-N,7.848269035304203
WHFOFSZOHUPEHB-UHFFFAOYSA-N__QKFJVWJPEXLXPS-UHFFFAOYSA-N,6.882668594332826
RBHBMCRKBGEHET-UHFFFAOYSA-N__RUMOJMFHLANGTD-UHFFFAOYSA-N,8.227949366938134
CSOGHAKIJSOFCF-UHFFFAOYSA-N__UFEKZZIPLHOYGH-UHFFFAOYSA-N,2.088746577110673
UFEKZZIPLHOYGH-UHFFFAOYSA-N__CSOGHAKIJSOFCF-UHFFFAOYSA-N,14.45653530608636
RUMOJMFHLANGTD-UHFFFAOYSA-N__RBHBMCRKBGEHET-UHFFFAOYSA-N,3.163229782920119
AABUXOOSKVIUAZ-CYBMUJFWSA-N__REUHVWRQWWVMNP-UHFFFAOYSA-N,9.708255680993174
XGJXDSJXAOYGLE-UHFFFAOYSA-N__AWJZTZVVHHWQKX-UHFFFAOYSA-N,-1.6517854558409837
AWJZTZVVHHWQKX-UHFFFAOYSA-N__XGJXDSJXAOYGLE-UHFFFAOYSA-N,9.731296525308869
RIXUXSJGAQDHDI-UHFFFAOYSA-N__BWCMVAATNWSTNN-VIFPVBQESA-N,-0.6100676341660335
NGNPNHDSHPIBLK-UHFFFAOYSA-N__MWMOJHLOEULMOO-UHFFFAOYSA-N,7.955214604713448
MWMOJHLOEULMOO-UHFFFAOYSA-N__NGNPNHDSHPIBLK-UHFFFAOYSA-N,4.916156707687399
KSBMBQKIPHUMSC-UHFFFAOYSA-N__SLISEMFSMJBQOB-UHFFFAOYSA-N,8.486629704763132
SLISEMFSMJBQOB-UHFFFAOYSA-N__KSBMBQKIPHUMSC-UHFFFAOYSA-N,3.391315936593927
NOWRGSYRDSGFHT-UHFFFAOYSA-N__ZCRKKDNWWDTJQK-UHFFFAOYSA-N,5.311458462580781
ZCRKKDNWWDTJQK-UHFFFAOYSA-N__NOWRGSYRDSGFHT-UHFFFAOYSA-N,8.152712583667237
ONBKCCVZFMGOIX-UHFFFAOYSA-N__PEDGOHKTXVQKJE-UHFFFAOYSA-N,8.874494975245758
PEDGOHKTXVQKJE-UHFFFAOYSA-N__ONBKCCVZFMGOIX-UHFFFAOYSA-N,8.959552199617004
RWEOIOVKPCYFAX-UHFFFAOYSA-N__YNUNHGPHWIGWDM-UHFFFAOYSA-N,2.7628079857514343
YNUNHGPHWIGWDM-UHFFFAOYSA-N__RWEOIOVKPCYFAX-UHFFFAOYSA-N,5.7777580313806505
NBCNLEYQHLKLCC-UHFFFAOYSA-N__SOOPQIWNELFCNT-UHFFFAOYSA-N,4.07124684105858
SOOPQIWNELFCNT-UHFFFAOYSA-N__NBCNLEYQHLKLCC-UHFFFAOYSA-N,5.835842325773235
IBUFDHZXWPJQHY-UHFFFAOYSA-N__PCZJOVLIRDDNKW-UHFFFAOYSA-N,9.138290254352944
PCZJOVLIRDDNKW-UHFFFAOYSA-N__IBUFDHZXWPJQHY-UHFFFAOYSA-N,16.330078733822383
QKEMEAAMUKZVAR-UHFFFAOYSA-N__ODMXJTYIMURUCU-UHFFFAOYSA-N,8.210523935299168
ODMXJTYIMURUCU-UHFFFAOYSA-N__QKEMEAAMUKZVAR-UHFFFAOYSA-N,13.009294485604585
ZTUYQDDBJIWQIT-UHFFFAOYSA-N__NHHBYVIMNCTBMP-UHFFFAOYSA-N,5.75640163047161
FZUVTYUZGXUFLX-UHFFFAOYSA-N__CFLBDIYUQQSBRF-UHFFFAOYSA-N,7.956004214662665
XEGKMSBGSBSPJY-UHFFFAOYSA-N__KNBADAAZAKZNQS-UHFFFAOYSA-N,10.160376939668229
UAFAAISKIHISGQ-UHFFFAOYSA-N__HJGPUPLHYBJLRJ-UHFFFAOYSA-N,3.2011542399208284
LLCWXMZRNJICPG-UHFFFAOYSA-N__BLEVHWKFVDQQGF-UHFFFAOYSA-N,7.866611686400268
KJUHTYKWWYQOJD-UHFFFAOYSA-N__GIPJIKDDZJSJKN-UHFFFAOYSA-N,0.3058762480609651
AJGDDXWNDDXGMN-UHFFFAOYSA-N__BSXBZOYEIIHUMX-UHFFFAOYSA-N,1.7388096945816176
BSXBZOYEIIHUMX-UHFFFAOYSA-N__AJGDDXWNDDXGMN-UHFFFAOYSA-N,6.227230239313363
QDCRPESWGPVFFD-UHFFFAOYSA-N__GWZICMAGCVWLAY-UHFFFAOYSA-N,3.975161747695709
LVHQVBJPAKTKSF-UHFFFAOYSA-N__WLMRKDKXDOYNQS-UHFFFAOYSA-N,-1.5101113509654482
FZEGBDTYOYFNHQ-UHFFFAOYSA-N__YWFMXUUVTUAQSG-UHFFFAOYSA-N,5.757437924727402
KOTXCDUCYDBEAP-UHFFFAOYSA-N__SRFKVSZAONTJHZ-UHFFFAOYSA-N,4.068192966805102
DOUNDOHQDHSUQN-UHFFFAOYSA-N__FGQOOHJZONJGDT-UHFFFAOYSA-N,4.202422301963824
FGQOOHJZONJGDT-UHFFFAOYSA-N__DOUNDOHQDHSUQN-UHFFFAOYSA-N,0.9427038202214796
SRFKVSZAONTJHZ-UHFFFAOYSA-N__KOTXCDUCYDBEAP-UHFFFAOYSA-N,6.589938025998403
PMUROPANZFWIIT-UHFFFAOYSA-N__MWKHAFHETFDCKP-UHFFFAOYSA-N,7.624827030633062
MWKHAFHETFDCKP-UHFFFAOYSA-N__PMUROPANZFWIIT-UHFFFAOYSA-N,6.9209107476165626
OACQKNIUYDNRDL-UHFFFAOYSA-N__AWZCGOBROPMUHC-UHFFFAOYSA-N,5.158760298389218
AWZCGOBROPMUHC-UHFFFAOYSA-N__OACQKNIUYDNRDL-UHFFFAOYSA-N,8.017035926410719
YDEXGEHXUJAYOE-UHFFFAOYSA-N__XJVYLGBMPKVXPD-UHFFFAOYSA-N,6.7970430974418585
XJVYLGBMPKVXPD-UHFFFAOYSA-N__YDEXGEHXUJAYOE-UHFFFAOYSA-N,13.061353284656374
XYUUVPVUNNSUDS-UHFFFAOYSA-N__CEXIGQJWCYUECT-UHFFFAOYSA-N,4.546083247675834
CEXIGQJWCYUECT-UHFFFAOYSA-N__XYUUVPVUNNSUDS-UHFFFAOYSA-N,9.834088525308196
RPFQGCDZCNDOIO-UHFFFAOYSA-N__YFHQFDFTPZQXRP-UHFFFAOYSA-N,5.046290030199462
YFHQFDFTPZQXRP-UHFFFAOYSA-N__RPFQGCDZCNDOIO-UHFFFAOYSA-N,11.919449085120515
CFKVMXWXARUDQI-UHFFFAOYSA-N__OYOKNZXCCRXILU-UHFFFAOYSA-N,1.691066019668789
OYOKNZXCCRXILU-UHFFFAOYSA-N__CFKVMXWXARUDQI-UHFFFAOYSA-N,4.871683840523347
ANGGWDYMCZVIOY-UHFFFAOYSA-N__USCHOJPZJZTPGP-UHFFFAOYSA-N,2.4968728031866303
USCHOJPZJZTPGP-UHFFFAOYSA-N__ANGGWDYMCZVIOY-UHFFFAOYSA-N,4.484039417938101
BOQHMDVUUFLCCI-UHFFFAOYSA-N__GYEKHFZVADCTPF-UHFFFAOYSA-N,0.4308247212228572
GYEKHFZVADCTPF-UHFFFAOYSA-N__BOQHMDVUUFLCCI-UHFFFAOYSA-N,0.0036091916503751
AOJDLUITXVHUQE-UHFFFAOYSA-N__CHXWUMSUMSERSF-UHFFFAOYSA-N,8.775852973968302
CHXWUMSUMSERSF-UHFFFAOYSA-N__AOJDLUITXVHUQE-UHFFFAOYSA-N,0.9585089588479404
OPCBVXOGZITDNQ-UHFFFAOYSA-N__YIVAUKVUAKSWAC-UHFFFAOYSA-N,5.036616221160057
YIVAUKVUAKSWAC-UHFFFAOYSA-N__OPCBVXOGZITDNQ-UHFFFAOYSA-N,11.100075243447586
NCNDUCOPVXYXSR-UHFFFAOYSA-N__ZBPBIBVVXXBFKK-UHFFFAOYSA-N,3.887361737811908
ZBPBIBVVXXBFKK-UHFFFAOYSA-N__NCNDUCOPVXYXSR-UHFFFAOYSA-N,4.97816785641245
JUGZXYNMHNZWON-UHFFFAOYSA-N__IEMPEJJXRNFGEN-UHFFFAOYSA-N,11.833117813401408
IEMPEJJXRNFGEN-UHFFFAOYSA-N__JUGZXYNMHNZWON-UHFFFAOYSA-N,7.57286618216324
MODCKWZVKBXDPO-UHFFFAOYSA-N__XUPYVDRUIGTSPA-UHFFFAOYSA-N,8.038192592367453
XUPYVDRUIGTSPA-UHFFFAOYSA-N__MODCKWZVKBXDPO-UHFFFAOYSA-N,-2.532016634384563
KDGPZBKJLKPABA-UHFFFAOYSA-N__QJGNUBYABNVQKB-UHFFFAOYSA-N,3.935774776408216
QJGNUBYABNVQKB-UHFFFAOYSA-N__KDGPZBKJLKPABA-UHFFFAOYSA-N,3.979962860940255
AMTWAKDRKZSNPX-UHFFFAOYSA-N__ZIMFJMPBTPSVIY-UHFFFAOYSA-N,1.7264694332958064
ZIMFJMPBTPSVIY-UHFFFAOYSA-N__AMTWAKDRKZSNPX-UHFFFAOYSA-N,6.556250486564796
ORNOGKBIVRRYLG-UHFFFAOYSA-N__GISXNRCCVIXZRB-UHFFFAOYSA-N,-0.2672209126942992
DEQOVKFWRPOPQP-UHFFFAOYSA-N__SIRIKZDZHKHHIQ-UHFFFAOYSA-N,2.921726249637065
SIRIKZDZHKHHIQ-UHFFFAOYSA-N__DEQOVKFWRPOPQP-UHFFFAOYSA-N,3.676620863632517
GISXNRCCVIXZRB-UHFFFAOYSA-N__ORNOGKBIVRRYLG-UHFFFAOYSA-N,4.175724805566824
NSYIXHLIKMJCDT-UHFFFAOYSA-N__RNOHCYUAZVSOMB-UHFFFAOYSA-N,0.3865638305242388
OLNYRMHQJPEQEP-UHFFFAOYSA-N__NAAJHEZVRCFRKO-UHFFFAOYSA-N,11.814572484881223
NAAJHEZVRCFRKO-UHFFFAOYSA-N__OLNYRMHQJPEQEP-UHFFFAOYSA-N,7.315129773757543
RNOHCYUAZVSOMB-UHFFFAOYSA-N__NSYIXHLIKMJCDT-UHFFFAOYSA-N,6.1035152135806126
YQJOALIKLZFNPU-UHFFFAOYSA-N__JCKWHKWMYVZXQL-UHFFFAOYSA-N,0.6191358996852466
JCKWHKWMYVZXQL-UHFFFAOYSA-N__YQJOALIKLZFNPU-UHFFFAOYSA-N,8.17406285436722
RYFQDOMSVCTSCA-UHFFFAOYSA-N__YJAMALQJZPQCRK-UHFFFAOYSA-N,3.818315486195773
YJAMALQJZPQCRK-UHFFFAOYSA-N__RYFQDOMSVCTSCA-UHFFFAOYSA-N,9.759483504346766
QFXFBCBRFASZFK-UHFFFAOYSA-N__AIZLSMAJYIDWNM-UHFFFAOYSA-N,6.268703051293223
AKCJYCNTIFDECQ-UHFFFAOYSA-N__SZPHZTFXRVWJDE-UHFFFAOYSA-N,1.378252736723636
SZPHZTFXRVWJDE-UHFFFAOYSA-N__AKCJYCNTIFDECQ-UHFFFAOYSA-N,2.5677086973195062
RKLXBKMZWBBRHG-UHFFFAOYSA-N__WFIDPDKUVNCIRV-UHFFFAOYSA-N,10.548588906966929
KHCRDVADJJLNIB-UHFFFAOYSA-N__HAMWLHPZPISSJK-UHFFFAOYSA-N,10.175736443271676
HAMWLHPZPISSJK-UHFFFAOYSA-N__KHCRDVADJJLNIB-UHFFFAOYSA-N,9.680974626860666
LMVFPVRPBGAKFT-UHFFFAOYSA-N__PFRRTVVUVAMHJL-UHFFFAOYSA-N,3.978628043409645
PFRRTVVUVAMHJL-UHFFFAOYSA-N__LMVFPVRPBGAKFT-UHFFFAOYSA-N,2.5702516898093464
WFIDPDKUVNCIRV-UHFFFAOYSA-N__RKLXBKMZWBBRHG-UHFFFAOYSA-N,6.206322710032186
OOYVUWALBWYCBJ-UHFFFAOYSA-N__VVTTVROTURQSKB-UHFFFAOYSA-N,1.3466549196396171
WOPDVNKZIDQIEM-UHFFFAOYSA-N__LSQQBBFWDDTYGQ-UHFFFAOYSA-N,9.563251827546653
LSQQBBFWDDTYGQ-UHFFFAOYSA-N__WOPDVNKZIDQIEM-UHFFFAOYSA-N,9.365705972323587
VVTTVROTURQSKB-UHFFFAOYSA-N__OOYVUWALBWYCBJ-UHFFFAOYSA-N,6.490775680477044
JNEVPPBXRPCTIE-UHFFFAOYSA-N__ZUWIEZZAXOYGJL-UHFFFAOYSA-N,8.799013524794562
UODCCKVSLBBMFM-UHFFFAOYSA-N__ZCAUQCHLWKVHGV-UHFFFAOYSA-N,-0.8460454328180536
ZUWIEZZAXOYGJL-UHFFFAOYSA-N__JNEVPPBXRPCTIE-UHFFFAOYSA-N,12.335828380045765
ZCAUQCHLWKVHGV-UHFFFAOYSA-N__UODCCKVSLBBMFM-UHFFFAOYSA-N,-0.8843870241850851
CPBOVGMZJALOGG-UHFFFAOYSA-N__ONLSOUWWZPSWCK-UHFFFAOYSA-N,2.6431766100889686
ONLSOUWWZPSWCK-UHFFFAOYSA-N__CPBOVGMZJALOGG-UHFFFAOYSA-N,3.009245451216171
CRRYIMOYSBYZPJ-UHFFFAOYSA-N__MHIWGEBSPSJHIW-UHFFFAOYSA-N,8.583409464313352
MHIWGEBSPSJHIW-UHFFFAOYSA-N__CRRYIMOYSBYZPJ-UHFFFAOYSA-N,3.3216727030618043
XHQQQHJHPYEIBQ-UHFFFAOYSA-N__YIBPSBVZYQXWBI-UHFFFAOYSA-N,7.228757344101614
AUHGVOZZCIKFIV-UHFFFAOYSA-N__CMCHGSSBERUHFP-UHFFFAOYSA-N,5.732604360234676
YIBPSBVZYQXWBI-UHFFFAOYSA-N__XHQQQHJHPYEIBQ-UHFFFAOYSA-N,5.051118041029273
CMCHGSSBERUHFP-UHFFFAOYSA-N__AUHGVOZZCIKFIV-UHFFFAOYSA-N,3.1708030355551413
PCSFJJSFVBYKPS-UHFFFAOYSA-N__QUEGQNOPRMSYGE-UHFFFAOYSA-N,5.161352046765201
QUEGQNOPRMSYGE-UHFFFAOYSA-N__PCSFJJSFVBYKPS-UHFFFAOYSA-N,7.814475307209364
XZTDNUXRRQZZGA-UHFFFAOYSA-N__RYEUXMQGUDQMLI-UHFFFAOYSA-N,2.045670180130432
RYEUXMQGUDQMLI-UHFFFAOYSA-N__XZTDNUXRRQZZGA-UHFFFAOYSA-N,11.760243211059104
NCYLAGMCJDQHSP-UHFFFAOYSA-N__SCPHLHDCNUOWPB-UHFFFAOYSA-N,6.022341918095882
SCPHLHDCNUOWPB-UHFFFAOYSA-N__NCYLAGMCJDQHSP-UHFFFAOYSA-N,3.8988484182447087
RIURTAMJUPIMAQ-UHFFFAOYSA-N__VFHQCNQSRSGVOA-UHFFFAOYSA-N,8.416090815085676
VFHQCNQSRSGVOA-UHFFFAOYSA-N__RIURTAMJUPIMAQ-UHFFFAOYSA-N,5.704131965854136
LHIVLISZKOFNLR-UHFFFAOYSA-N__RXQJTOKWOFNOME-UHFFFAOYSA-N,7.520360346051912
RXQJTOKWOFNOME-UHFFFAOYSA-N__LHIVLISZKOFNLR-UHFFFAOYSA-N,0.0047229653138116
RBCJVXMYYRYIMO-UHFFFAOYSA-N__MBRPPDNWIMRJJQ-UHFFFAOYSA-N,8.345711254913468
MBRPPDNWIMRJJQ-UHFFFAOYSA-N__RBCJVXMYYRYIMO-UHFFFAOYSA-N,16.60147518573122
FIEPHMWQNXFLJY-UHFFFAOYSA-N__MRWQYWJDXIFUNJ-UHFFFAOYSA-N,-1.2863925918605497
MRWQYWJDXIFUNJ-UHFFFAOYSA-N__FIEPHMWQNXFLJY-UHFFFAOYSA-N,5.957993865477881
BCSVHNLLOKEWCD-UHFFFAOYSA-N__MPVANCNHFBAZTH-UHFFFAOYSA-N,0.3396182496187207
MPVANCNHFBAZTH-UHFFFAOYSA-N__BCSVHNLLOKEWCD-UHFFFAOYSA-N,14.942462136651292
QTISZNCQTZGTDP-UHFFFAOYSA-N__QWCGFEGVYFTRIC-UHFFFAOYSA-N,1.4659364768092071
QWCGFEGVYFTRIC-UHFFFAOYSA-N__QTISZNCQTZGTDP-UHFFFAOYSA-N,-4.87454432861801
QNYIYWJILAOCSS-UHFFFAOYSA-N__JAZYQXZNFFXEFH-UHFFFAOYSA-N,1.9250724174954192
JAZYQXZNFFXEFH-UHFFFAOYSA-N__QNYIYWJILAOCSS-UHFFFAOYSA-N,1.6456022309274274
OKWVTKHCVJRPEP-UHFFFAOYSA-N__AVBMVVGAPHOELS-UHFFFAOYSA-N,10.36405564522391
AVBMVVGAPHOELS-UHFFFAOYSA-N__OKWVTKHCVJRPEP-UHFFFAOYSA-N,7.745156579607367
DQNDUZPLUIZPGC-UHFFFAOYSA-N__MLWVGHWZMWAGEY-UHFFFAOYSA-N,10.320651662727082
MLWVGHWZMWAGEY-UHFFFAOYSA-N__DQNDUZPLUIZPGC-UHFFFAOYSA-N,4.178584161502546
GEOVARIBTIXHBH-UHFFFAOYSA-N__PNZCYUVQABHEIE-UHFFFAOYSA-N,2.6454104158221017
PNZCYUVQABHEIE-UHFFFAOYSA-N__GEOVARIBTIXHBH-UHFFFAOYSA-N,0.7744260821303774
SXSPBBVQFPIUBN-UHFFFAOYSA-N__QOJGURKHKWWEIV-UHFFFAOYSA-N,10.235138639227907
QOJGURKHKWWEIV-UHFFFAOYSA-N__SXSPBBVQFPIUBN-UHFFFAOYSA-N,3.9463152819374834
PCSFALGXZZTICU-UHFFFAOYSA-N__YWOITZMQMAULRS-UHFFFAOYSA-N,3.497210098174595
YWOITZMQMAULRS-UHFFFAOYSA-N__PCSFALGXZZTICU-UHFFFAOYSA-N,7.075301362938578
AOULCMIXPAMIRY-UHFFFAOYSA-N__BMQCXBSTKOEMGC-UHFFFAOYSA-N,8.092396923140717
HNEYQDCXKCKNAQ-UHFFFAOYSA-N__YWCUPUUYLAXGKC-UHFFFAOYSA-N,9.772067899763623
BMQCXBSTKOEMGC-UHFFFAOYSA-N__AOULCMIXPAMIRY-UHFFFAOYSA-N,4.990935900921861
YWCUPUUYLAXGKC-UHFFFAOYSA-N__HNEYQDCXKCKNAQ-UHFFFAOYSA-N,0.48139212280841
POFUCJDEJGFAAC-GFCCVEGCSA-N__UOPOFCQJMDJLOB-UHFFFAOYSA-N,10.536133519598836
UOPOFCQJMDJLOB-UHFFFAOYSA-N__POFUCJDEJGFAAC-GFCCVEGCSA-N,10.462374058640137
PSNMFPPNXZXVKI-UHFFFAOYSA-N__GKIVYXAZOMUAHD-UHFFFAOYSA-N,2.391310273146135
GKIVYXAZOMUAHD-UHFFFAOYSA-N__PSNMFPPNXZXVKI-UHFFFAOYSA-N,6.092534926725223
KZPKKMYGSXKJJT-UHFFFAOYSA-N__DTXWDVAUROPEBV-ZCFIWIBFSA-N,11.321258712453096
DTXWDVAUROPEBV-ZCFIWIBFSA-N__KZPKKMYGSXKJJT-UHFFFAOYSA-N,2.3827686328917275
VGDKLYSIFPSCJA-UHFFFAOYSA-N__XVNIHJYKFTZPEW-UHFFFAOYSA-N,6.712323094351275
XVNIHJYKFTZPEW-UHFFFAOYSA-N__VGDKLYSIFPSCJA-UHFFFAOYSA-N,4.760830988149992
NGIDKMVEASOAFK-UHFFFAOYSA-N__ZSTBWRCDPCLAAU-UHFFFAOYSA-N,2.105707904554593
ZSTBWRCDPCLAAU-UHFFFAOYSA-N__NGIDKMVEASOAFK-UHFFFAOYSA-N,0.3484341829491192
CBKFWAUOPVYEOO-UHFFFAOYSA-N__YTWIMMURBNTYIB-UHFFFAOYSA-N,11.788509995531255
JIBYWSFAOYVYTR-UHFFFAOYSA-N__BARAWUHKNAGBPA-UHFFFAOYSA-N,-0.0108223533941433
BARAWUHKNAGBPA-UHFFFAOYSA-N__JIBYWSFAOYVYTR-UHFFFAOYSA-N,8.325429537651095
MRPKAXWZFDZBMG-UHFFFAOYSA-N__GRHOGKQPIMNAKD-UHFFFAOYSA-N,4.282276868345924
GRHOGKQPIMNAKD-UHFFFAOYSA-N__MRPKAXWZFDZBMG-UHFFFAOYSA-N,7.713796687971815
RTFPSQMNKKQPLC-UHFFFAOYSA-N__KSCYPJAVJKPJOY-UHFFFAOYSA-N,1.6000386649544658
KSCYPJAVJKPJOY-UHFFFAOYSA-N__RTFPSQMNKKQPLC-UHFFFAOYSA-N,7.820887302635997
RTJJXRWIXMIICU-UHFFFAOYSA-N__WBVOUFDRUGBLGM-UHFFFAOYSA-N,4.837258104710925
WBVOUFDRUGBLGM-UHFFFAOYSA-N__RTJJXRWIXMIICU-UHFFFAOYSA-N,0.1740294550708869
NRLNJBCJSXVZIV-UHFFFAOYSA-N__XCJIOWGKQRAOPC-UHFFFAOYSA-N,2.0265396524226285
PGZXFZUFLCPRTI-UHFFFAOYSA-N__MBKUUYMABULWKL-UHFFFAOYSA-N,7.538208464629777
ZFSXWLHROKAALE-UHFFFAOYSA-N__UYBXOSHLSMAFFX-WQRHYEAKSA-N,0.9662066358218232
UYBXOSHLSMAFFX-WQRHYEAKSA-N__ZFSXWLHROKAALE-UHFFFAOYSA-N,13.598211291245354
UOSSAWKNHYOVQD-UHFFFAOYSA-N__KHIRMDMOBJPNPS-UHFFFAOYSA-N,-0.9932280088626236
KHIRMDMOBJPNPS-UHFFFAOYSA-N__UOSSAWKNHYOVQD-UHFFFAOYSA-N,3.0609922870466164
NRKSRSDTHWOYLL-UHFFFAOYSA-N__RTESUPRLEWDXAY-UHFFFAOYSA-N,-0.8375807101721952
ASQSSTNZDMGNIX-UHFFFAOYSA-N__SERPDSQWFDEXHJ-UHFFFAOYSA-N,13.385142798089094
SERPDSQWFDEXHJ-UHFFFAOYSA-N__ASQSSTNZDMGNIX-UHFFFAOYSA-N,-0.5999504947996895
RTESUPRLEWDXAY-UHFFFAOYSA-N__NRKSRSDTHWOYLL-UHFFFAOYSA-N,5.940319377277691
MWDGLMHLTQALKT-UHFFFAOYSA-N__NMZKSOGSWKQOTA-UHFFFAOYSA-N,2.8813751229500446
NMZKSOGSWKQOTA-UHFFFAOYSA-N__MWDGLMHLTQALKT-UHFFFAOYSA-N,7.737462568131815
UMBWHNVNGRJLHG-UHFFFAOYSA-N__CDVMIZWFFWIZDQ-UHFFFAOYSA-N,14.441923344487783
UHVOMOHDOKYISZ-UHFFFAOYSA-N__TUPPZWORIZKIEK-UHFFFAOYSA-N,3.1629517414492194
DDXPRHVGULIPEW-UHFFFAOYSA-N__NVOHREBZITYEAP-UHFFFAOYSA-N,3.787068817374173
NVOHREBZITYEAP-UHFFFAOYSA-N__DDXPRHVGULIPEW-UHFFFAOYSA-N,9.68959713586558
VDAAOSLZZXVIFP-UHFFFAOYSA-N__VROCPKDPYCKDKL-UHFFFAOYSA-N,3.947783363920831
VROCPKDPYCKDKL-UHFFFAOYSA-N__VDAAOSLZZXVIFP-UHFFFAOYSA-N,1.741438076967072
RKZWOCAAXGBQBN-UHFFFAOYSA-N__SUHUREUUWCIOLO-UHFFFAOYSA-N,3.51310020750537
SUHUREUUWCIOLO-UHFFFAOYSA-N__RKZWOCAAXGBQBN-UHFFFAOYSA-N,9.045151942995355
UNONRELKJBCOFY-UHFFFAOYSA-N__CWAKPYBJXJWZEN-UHFFFAOYSA-N,9.409467333452646
CWAKPYBJXJWZEN-UHFFFAOYSA-N__UNONRELKJBCOFY-UHFFFAOYSA-N,4.965129162138773
LJIVGQQPSPDGCI-UHFFFAOYSA-N__SGELQQZNDXWUCZ-UHFFFAOYSA-N,1.9958944420035525
XXEHROXRGIUEBG-UHFFFAOYSA-N__GGSMVVBKSOWETA-UHFFFAOYSA-N,-0.0520020320888863
SGELQQZNDXWUCZ-UHFFFAOYSA-N__LJIVGQQPSPDGCI-UHFFFAOYSA-N,4.585452440429648
JEQKLSOCUCBEOW-UHFFFAOYSA-N__PRMHCKZSAFRIIQ-UHFFFAOYSA-N,1.379797146908024
ZXEWHILPSHJKHH-UHFFFAOYSA-N__MZVYRGAMDPZOBW-UHFFFAOYSA-N,10.033573421300677
GGSMVVBKSOWETA-UHFFFAOYSA-N__XXEHROXRGIUEBG-UHFFFAOYSA-N,3.369908676422928
PRMHCKZSAFRIIQ-UHFFFAOYSA-N__JEQKLSOCUCBEOW-UHFFFAOYSA-N,1.2317505272067586
MZVYRGAMDPZOBW-UHFFFAOYSA-N__ZXEWHILPSHJKHH-UHFFFAOYSA-N,9.779205300598596
IRBBPQFYHPWCGT-UHFFFAOYSA-N__WRUSPRWTCGCGGF-UHFFFAOYSA-N,4.173553841646146
WRUSPRWTCGCGGF-UHFFFAOYSA-N__IRBBPQFYHPWCGT-UHFFFAOYSA-N,0.9962370066043124
HNCBBFATZQKMBF-UHFFFAOYSA-N__TUWFOJJAWZVTSH-UHFFFAOYSA-N,0.7854334380000128
TUWFOJJAWZVTSH-UHFFFAOYSA-N__HNCBBFATZQKMBF-UHFFFAOYSA-N,5.261793668111343
GPUCOXCQQLDICD-UHFFFAOYSA-N__ZIMDDBUYLJSPMR-UHFFFAOYSA-N,1.1443150929047985
ZIMDDBUYLJSPMR-UHFFFAOYSA-N__GPUCOXCQQLDICD-UHFFFAOYSA-N,8.510441035386812
KUZGRELZBQRFPR-UHFFFAOYSA-N__CIWKBNAQZFFMED-ZDUSSCGKSA-N,5.736865043009303
IPGOMZOFUXLYCA-UHFFFAOYSA-N__QWUFIMUCFQUBOT-UHFFFAOYSA-N,2.201292104228357
DWBOUJSUCXXDLX-UHFFFAOYSA-N__STAVGEPAJWXHNR-SNAWJCMRSA-N,4.508863702151817
PSRYWIZCVHRMNB-UHFFFAOYSA-N__WTVOWYFAWLTVST-UHFFFAOYSA-N,11.506738195399024
WTVOWYFAWLTVST-UHFFFAOYSA-N__PSRYWIZCVHRMNB-UHFFFAOYSA-N,1.4315669911045192
FYQSCCXYVXUKAW-UHFFFAOYSA-N__YLQMVBPIRWVACZ-UHFFFAOYSA-N,4.609236259662424
YLQMVBPIRWVACZ-UHFFFAOYSA-N__FYQSCCXYVXUKAW-UHFFFAOYSA-N,2.680974375508015
DLZJWNKGEBJHBB-UHFFFAOYSA-N__OUYJBXXKDVOBRN-UHFFFAOYSA-N,9.050322739021397
VCEYVYVZZKYFTL-UHFFFAOYSA-N__UAZKCTMYUALWQU-UHFFFAOYSA-N,5.415552492730741
QWGZQTNDPUAIJK-UHFFFAOYSA-N__PMCIWKXVWOAOMO-UHFFFAOYSA-N,0.932239282699775
MXOPGBOYYRIIBT-UHFFFAOYSA-N__VGMOZPSGFCCDGY-UHFFFAOYSA-N,-2.297622298551768
VGMOZPSGFCCDGY-UHFFFAOYSA-N__MXOPGBOYYRIIBT-UHFFFAOYSA-N,9.289879319477588
UAZKCTMYUALWQU-UHFFFAOYSA-N__VCEYVYVZZKYFTL-UHFFFAOYSA-N,5.318565704542147
XOLRZHUCQFTTHM-UHFFFAOYSA-N__YMEXRAMEPMIPPW-UHFFFAOYSA-N,2.7362870741889687
KJVVJVMBMZRSBP-UHFFFAOYSA-N__RTJJXRWIXMIICU-UHFFFAOYSA-N,0.892854685949795
RTJJXRWIXMIICU-UHFFFAOYSA-N__KJVVJVMBMZRSBP-UHFFFAOYSA-N,8.61474286093282
YMEXRAMEPMIPPW-UHFFFAOYSA-N__XOLRZHUCQFTTHM-UHFFFAOYSA-N,1.7233475053037333
QLNKYZIPVSJVIN-UHFFFAOYSA-N__YEXWWHZOVRNTOY-UHFFFAOYSA-N,6.518476239875068
YEXWWHZOVRNTOY-UHFFFAOYSA-N__QLNKYZIPVSJVIN-UHFFFAOYSA-N,0.5891433829615161
SUTZQRMGYWEJQW-UHFFFAOYSA-N__XMZVRBTYQVIYKH-UHFFFAOYSA-N,7.038446056844359
ZCPJGVVVRAXPHB-UHFFFAOYSA-N__SYBPPHPNPZRHRP-ZJNJWXDTSA-N,13.80624824899032
PFFFPZUXQZVYJH-UHFFFAOYSA-N__CACQFBDUZNEXPB-UHFFFAOYSA-N,10.423660264849415
CACQFBDUZNEXPB-UHFFFAOYSA-N__PFFFPZUXQZVYJH-UHFFFAOYSA-N,15.05648023911067
SMJXCYYOLWGRSS-UHFFFAOYSA-N__IASYPPPLZJOUED-UHFFFAOYSA-N,-0.2579101946603295
IASYPPPLZJOUED-UHFFFAOYSA-N__SMJXCYYOLWGRSS-UHFFFAOYSA-N,4.120382317051849
QNCPVPFOEXNBTN-UHFFFAOYSA-N__ZXWAWMAQYLVGCM-UHFFFAOYSA-N,2.476538504810492
ZXWAWMAQYLVGCM-UHFFFAOYSA-N__QNCPVPFOEXNBTN-UHFFFAOYSA-N,5.1752296092474745
VBXHFZRIVMVPEC-UHFFFAOYSA-N__KZLPZBYSZSXNQM-UHFFFAOYSA-N,4.730199599986185
SSTKWPGDPOTCCL-UHFFFAOYSA-N__ZWBQQPNSHLBCRE-UHFFFAOYSA-N,4.731235965724224
ZWBQQPNSHLBCRE-UHFFFAOYSA-N__SSTKWPGDPOTCCL-UHFFFAOYSA-N,2.5036670975119573
XNPQLLRJVQTHNR-UHFFFAOYSA-N__GTGPBKXKMFVCLO-CYBMUJFWSA-N,6.726834238516015
OFPTVAJBZCTNOC-UHFFFAOYSA-N__RRGJHEGMUBTOLZ-UHFFFAOYSA-N,6.015792352160202
GTGPBKXKMFVCLO-CYBMUJFWSA-N__XNPQLLRJVQTHNR-UHFFFAOYSA-N,8.379548593956164
RRGJHEGMUBTOLZ-UHFFFAOYSA-N__OFPTVAJBZCTNOC-UHFFFAOYSA-N,-3.2093138656360587
PQKWIYXPORXTIU-UHFFFAOYSA-N__NBXAUWSOFRTGES-UHFFFAOYSA-N,0.344466603782349
NBXAUWSOFRTGES-UHFFFAOYSA-N__PQKWIYXPORXTIU-UHFFFAOYSA-N,11.721153386050094
ODPIGFBZPXZTBX-UHFFFAOYSA-N__QWICIPJLMOKTHE-UHFFFAOYSA-N,5.920299658002167
RWYJBBIIUKZPKP-UHFFFAOYSA-N__YXGVXRGEOSRJHL-UHFFFAOYSA-N,0.6196636421276837
YXGVXRGEOSRJHL-UHFFFAOYSA-N__RWYJBBIIUKZPKP-UHFFFAOYSA-N,2.077749935873397
MCHJKCDFGXJKMF-UHFFFAOYSA-N__YWNJNVGUEAITGL-UHFFFAOYSA-N,9.122192219788111
YWNJNVGUEAITGL-UHFFFAOYSA-N__MCHJKCDFGXJKMF-UHFFFAOYSA-N,8.505103848165732
GUBWBGJWNKNQSR-OAGGEKHMSA-N__JSQSNTQCLXNKMC-UHFFFAOYSA-N,6.766203916093532
JQYHZGXMWTXIHW-UHFFFAOYSA-N__JIYRTPIPWPTZHD-UHFFFAOYSA-N,2.940757754386518
KIVHGVJCOUZBQE-UHFFFAOYSA-N__OASLYAZGXLARTD-UHFFFAOYSA-N,8.216579298733489
JSQSNTQCLXNKMC-UHFFFAOYSA-N__GUBWBGJWNKNQSR-OAGGEKHMSA-N,5.505459350598084
OASLYAZGXLARTD-UHFFFAOYSA-N__KIVHGVJCOUZBQE-UHFFFAOYSA-N,3.276884426903946
DWXGUOMQUHSDLF-UHFFFAOYSA-N__NIOWRCGXQAEWDN-UHFFFAOYSA-N,6.205292330611296
BVYXAQJLBPBQLO-UHFFFAOYSA-N__WKNODICYADPXLC-UHFFFAOYSA-N,-0.8966810379552943
NIOWRCGXQAEWDN-UHFFFAOYSA-N__DWXGUOMQUHSDLF-UHFFFAOYSA-N,-0.7701274785944963
WKNODICYADPXLC-UHFFFAOYSA-N__BVYXAQJLBPBQLO-UHFFFAOYSA-N,14.114951223338814
VGRYYMOLGMWMAF-UHFFFAOYSA-N__SNIWNLFDJGGGQL-UHFFFAOYSA-N,1.2557097406880229
SNIWNLFDJGGGQL-UHFFFAOYSA-N__VGRYYMOLGMWMAF-UHFFFAOYSA-N,12.88154207208444
KDPYDAXIVQQARI-UHFFFAOYSA-N__QDIXJHWFQHBTST-UHFFFAOYSA-N,7.1245983328795806
QDIXJHWFQHBTST-UHFFFAOYSA-N__KDPYDAXIVQQARI-UHFFFAOYSA-N,0.9543444608583004
XGLPUDDKNSKCMC-UHFFFAOYSA-N__VYVXBGZSFNXCSP-UHFFFAOYSA-N,10.003521113458428
DQRSECXFNMOHGC-SECBINFHSA-N__DLXWGLICLICZTB-UHFFFAOYSA-N,-3.06838072154759
PLCYUPMUDLMMAD-UHFFFAOYSA-N__QHNBBYXZVUPWSU-UHFFFAOYSA-N,2.563738104341357
QHNBBYXZVUPWSU-UHFFFAOYSA-N__PLCYUPMUDLMMAD-UHFFFAOYSA-N,12.468543613564115
VYVXBGZSFNXCSP-UHFFFAOYSA-N__XGLPUDDKNSKCMC-UHFFFAOYSA-N,5.322362705665986
MOEPIZIRZACNQW-UHFFFAOYSA-N__FOJGGXDQSOIVIH-UHFFFAOYSA-N,5.775510868098192
FOJGGXDQSOIVIH-UHFFFAOYSA-N__MOEPIZIRZACNQW-UHFFFAOYSA-N,1.9275891349804024
BTTYPOJVOCMDBX-UHFFFAOYSA-N__DQRHKSYNNVGRCA-UHFFFAOYSA-N,4.681561485053636
DQRHKSYNNVGRCA-UHFFFAOYSA-N__BTTYPOJVOCMDBX-UHFFFAOYSA-N,7.454696795728339
HMWGAKWEOSHCBI-UHFFFAOYSA-N__MMIZMSFHNPSCOY-UHFFFAOYSA-N,4.374884017099521
MMIZMSFHNPSCOY-UHFFFAOYSA-N__HMWGAKWEOSHCBI-UHFFFAOYSA-N,8.293853737170455
LWZNLVJBUZBWID-UHFFFAOYSA-N__SCJMBSNRKUHOFX-UHFFFAOYSA-N,12.19679400290116
SCJMBSNRKUHOFX-UHFFFAOYSA-N__LWZNLVJBUZBWID-UHFFFAOYSA-N,6.127505413688486
NPUKLAFNOPNIEO-UHFFFAOYSA-N__IMROVCLQVRIPAB-UHFFFAOYSA-N,7.067224499183305
IMROVCLQVRIPAB-UHFFFAOYSA-N__NPUKLAFNOPNIEO-UHFFFAOYSA-N,2.9379293137378366
LJHQEWFDEYLZNS-UHFFFAOYSA-N__PBVJPCAKQHDQJZ-UHFFFAOYSA-N,5.939326471675663
PBVJPCAKQHDQJZ-UHFFFAOYSA-N__LJHQEWFDEYLZNS-UHFFFAOYSA-N,-0.938403965104222
HWHDSXOAZZTMRV-UHFFFAOYSA-N__MJXLDMWFCDJUBE-UHFFFAOYSA-N,6.978936546631196
AHQPQUCZBZYWBM-UHFFFAOYSA-N__QIKQWIRVLOUMBL-UHFFFAOYSA-N,4.124160925479671
MJXLDMWFCDJUBE-UHFFFAOYSA-N__HWHDSXOAZZTMRV-UHFFFAOYSA-N,12.54899810996984
QIKQWIRVLOUMBL-UHFFFAOYSA-N__AHQPQUCZBZYWBM-UHFFFAOYSA-N,-0.6396271025207064
DTGHEYYDXAZYMT-UHFFFAOYSA-N__UPNABAVKGKWHBA-UHFFFAOYSA-N,4.133261534147374
UPNABAVKGKWHBA-UHFFFAOYSA-N__DTGHEYYDXAZYMT-UHFFFAOYSA-N,8.160544843663088
IQZDKOJUOMOHCJ-UHFFFAOYSA-N__RFCDCKCJYNRJPO-UHFFFAOYSA-N,10.61718458843143
RFCDCKCJYNRJPO-UHFFFAOYSA-N__IQZDKOJUOMOHCJ-UHFFFAOYSA-N,5.764815893071731
CDBDXTCLRABBLI-UHFFFAOYSA-N__VIURTWJYOMPUAX-UHFFFAOYSA-N,3.3804189037988337
KRNXSGIGRZALEA-UHFFFAOYSA-N__XLMUUYGJVLKHCR-UHFFFAOYSA-N,5.6272424849275335
VIURTWJYOMPUAX-UHFFFAOYSA-N__CDBDXTCLRABBLI-UHFFFAOYSA-N,3.6661794962750016
XLMUUYGJVLKHCR-UHFFFAOYSA-N__KRNXSGIGRZALEA-UHFFFAOYSA-N,7.759452967917114
ILUUSSXEUZGOCI-UHFFFAOYSA-N__NLCVPNHNBSXHGF-UHFFFAOYSA-N,11.378265962929415
NLCVPNHNBSXHGF-UHFFFAOYSA-N__ILUUSSXEUZGOCI-UHFFFAOYSA-N,5.198461400265463
LZWRJKZJRUDGFO-UHFFFAOYSA-N__XVLIVBMFAIUSSE-UHFFFAOYSA-N,5.049320336213962
XVLIVBMFAIUSSE-UHFFFAOYSA-N__LZWRJKZJRUDGFO-UHFFFAOYSA-N,2.072036111404398
MIXWACFJHDRZCG-UHFFFAOYSA-N__VAEKQVGPBMWCAE-UHFFFAOYSA-N,8.182520570326092
VAEKQVGPBMWCAE-UHFFFAOYSA-N__MIXWACFJHDRZCG-UHFFFAOYSA-N,11.406888863537462
FTYLKJCASNNBJS-UHFFFAOYSA-N__CALIXZYLGGTFJN-WIXQSORDSA-N,11.787411826756207
CALIXZYLGGTFJN-WIXQSORDSA-N__FTYLKJCASNNBJS-UHFFFAOYSA-N,16.98515091018858
DDYODBMYOPPUOH-UHFFFAOYSA-N__FNXSFOWYPJWBRA-UHFFFAOYSA-N,3.011604487567959
FNXSFOWYPJWBRA-UHFFFAOYSA-N__DDYODBMYOPPUOH-UHFFFAOYSA-N,4.032653487291861
GPQYWERDPQKJMZ-UHFFFAOYSA-N__KVDBSBGVFWLUNR-UHFFFAOYSA-N,8.399907697599387
KVDBSBGVFWLUNR-UHFFFAOYSA-N__GPQYWERDPQKJMZ-UHFFFAOYSA-N,8.461880975786238
XXBFRRQLFFDOTH-UHFFFAOYSA-N__HFTGBBCCTSAJEN-UHFFFAOYSA-N,-0.8811466837108646
XVIGVBUELLRDCN-UHFFFAOYSA-N__MBGVIJFYKVKRMV-UHFFFAOYSA-N,6.318835094035138
HFTGBBCCTSAJEN-UHFFFAOYSA-N__XXBFRRQLFFDOTH-UHFFFAOYSA-N,3.441501240815065
MBGVIJFYKVKRMV-UHFFFAOYSA-N__XVIGVBUELLRDCN-UHFFFAOYSA-N,1.1793511863741246
MHSDDYDNHCGPKD-UHFFFAOYSA-N__QBIGQWBNOISCIY-UHFFFAOYSA-N,6.595274387107289
QBIGQWBNOISCIY-UHFFFAOYSA-N__MHSDDYDNHCGPKD-UHFFFAOYSA-N,5.099929610416125
KUSZZAYHYGCDSD-UHFFFAOYSA-N__JTSHAUVRNHHGRR-UHFFFAOYSA-N,7.532177692372496
BWBGFVCFGLWGJL-UHFFFAOYSA-N__UCSDOZNALKUZNA-UHFFFAOYSA-N,3.301436872978876
XQVHGYYWXHAMMY-UHFFFAOYSA-N__ZWVSLCBJAQVYIN-UHFFFAOYSA-N,11.15682101043802
IASDVCCEFREEGR-UHFFFAOYSA-N__HXRCRTNWNRQXDS-UHFFFAOYSA-N,3.400955672286307
KMBWSLQWLYHFMA-UHFFFAOYSA-N__DKZPJLZXLKAMDO-UHFFFAOYSA-N,3.107455748732742
QLVPSTXFTUJMSD-UHFFFAOYSA-N__RAQJWDLPQCOQGB-UHFFFAOYSA-N,-0.6190507039759358
OYDNBRONWCDORC-UHFFFAOYSA-N__PDKCWQOXPAHKSJ-UHFFFAOYSA-N,4.4341894908698
PDKCWQOXPAHKSJ-UHFFFAOYSA-N__OYDNBRONWCDORC-UHFFFAOYSA-N,8.71557069343955
MXMGDHSYHDDWAG-UHFFFAOYSA-N__KFGSWNLDPOSNCO-UHFFFAOYSA-N,8.457511354138703
IHLXUDTXELERGM-UHFFFAOYSA-N__XLGKMJFDRZHAEV-UHFFFAOYSA-N,5.915905168879445
QMTONHNTXMGMKG-UHFFFAOYSA-N__HGGSUSHTVKFTRV-UHFFFAOYSA-N,4.554129309645319
XLGKMJFDRZHAEV-UHFFFAOYSA-N__IHLXUDTXELERGM-UHFFFAOYSA-N,6.726601557667211
FEOHVFLYDSZEIO-UHFFFAOYSA-N__BMHLYKZAFWNVSK-UHFFFAOYSA-N,4.493440870200064
BMHLYKZAFWNVSK-UHFFFAOYSA-N__FEOHVFLYDSZEIO-UHFFFAOYSA-N,8.076188064412216
ILCWTZORMSKVNF-UHFFFAOYSA-N__WFFYJCVNUIRUBZ-UHFFFAOYSA-N,6.169034298425916
WFFYJCVNUIRUBZ-UHFFFAOYSA-N__ILCWTZORMSKVNF-UHFFFAOYSA-N,2.362223973320648
PZMRUBFULMFWKA-UHFFFAOYSA-N__JREMGXPAQPMEHI-UHFFFAOYSA-N,5.243285588119669
JREMGXPAQPMEHI-UHFFFAOYSA-N__PZMRUBFULMFWKA-UHFFFAOYSA-N,1.8645896268386173
YOMOWBKPOIWKEC-UHFFFAOYSA-N__JHHYEYFYKZTORO-UHFFFAOYSA-N,4.863201052558749
JHHYEYFYKZTORO-UHFFFAOYSA-N__YOMOWBKPOIWKEC-UHFFFAOYSA-N,0.918885820703666
KGXSIJFDIYNSFT-UHFFFAOYSA-N__RFFFQBBEJYBJMR-UHFFFAOYSA-N,4.057169277812771
RFFFQBBEJYBJMR-UHFFFAOYSA-N__KGXSIJFDIYNSFT-UHFFFAOYSA-N,6.700892096519948
MXOHUJOTZYVAOJ-UHFFFAOYSA-N__PHABKAPXBWXASP-UHFFFAOYSA-N,3.62100437089546
PHABKAPXBWXASP-UHFFFAOYSA-N__MXOHUJOTZYVAOJ-UHFFFAOYSA-N,11.886065162392846
KKCLYECOHONCSI-UHFFFAOYSA-N__TYTFGHQENKDSIF-UHFFFAOYSA-N,0.2726477529922236
TYTFGHQENKDSIF-UHFFFAOYSA-N__KKCLYECOHONCSI-UHFFFAOYSA-N,1.9901247207716968
CGMIFAMRODWNJB-UHFFFAOYSA-N__FFQBQVGXCIFVMT-UHFFFAOYSA-N,4.442393636755678
FFQBQVGXCIFVMT-UHFFFAOYSA-N__CGMIFAMRODWNJB-UHFFFAOYSA-N,6.862466158016201
UYLUGCQAIWKVHI-UHFFFAOYSA-N__OFWODDOKTJWZBW-UHFFFAOYSA-N,5.013540557927516
JVUPHJBFLSMOGY-UHFFFAOYSA-N__DEGNHSKSTHUZLI-UHFFFAOYSA-N,1.7755264906960222
DEGNHSKSTHUZLI-UHFFFAOYSA-N__JVUPHJBFLSMOGY-UHFFFAOYSA-N,12.747530380463736
OFWODDOKTJWZBW-UHFFFAOYSA-N__UYLUGCQAIWKVHI-UHFFFAOYSA-N,3.890460439852249
LRRVFHLJROWXPR-UHFFFAOYSA-N__VMBFXODQOCHVSC-UHFFFAOYSA-N,1.437684440294557
VMBFXODQOCHVSC-UHFFFAOYSA-N__LRRVFHLJROWXPR-UHFFFAOYSA-N,4.1478956755742615
NGFXZBLEEIJZQA-UHFFFAOYSA-N__QMISGAQPWGMUCM-UHFFFAOYSA-N,16.25442965564742
QMISGAQPWGMUCM-UHFFFAOYSA-N__NGFXZBLEEIJZQA-UHFFFAOYSA-N,-0.4794185992741819
LHJKUCCIHPYFFW-UHFFFAOYSA-N__WXELJQZNDLHDPY-UHFFFAOYSA-N,13.43345855876422
WXELJQZNDLHDPY-UHFFFAOYSA-N__LHJKUCCIHPYFFW-UHFFFAOYSA-N,6.610485440132873
KJPUSAJELIKPIW-UHFFFAOYSA-N__UMCOTOXTJWGYTB-UHFFFAOYSA-N,4.053170867182951
UMCOTOXTJWGYTB-UHFFFAOYSA-N__KJPUSAJELIKPIW-UHFFFAOYSA-N,13.3596201189115
WGLCQSZHXZLLOS-UHFFFAOYSA-N__VDBZTLMXLLKXSQ-UHFFFAOYSA-N,1.1901492332361037
XRQSLXPHWKSPTB-UHFFFAOYSA-N__FTBJGWVQBNZLLC-UHFFFAOYSA-N,3.531496850383813
FPINVVZZVUZIHB-UHFFFAOYSA-N__UOVZLNJSSPXQJP-UHFFFAOYSA-N,3.2820159077655418
UOVZLNJSSPXQJP-UHFFFAOYSA-N__FPINVVZZVUZIHB-UHFFFAOYSA-N,6.688687629958664
FTBJGWVQBNZLLC-UHFFFAOYSA-N__XRQSLXPHWKSPTB-UHFFFAOYSA-N,3.008441069054001
KMWUZSPPLYNXAN-UHFFFAOYSA-N__JRVPFVQFPKOXDU-UHFFFAOYSA-N,6.479568930087519
JRVPFVQFPKOXDU-UHFFFAOYSA-N__KMWUZSPPLYNXAN-UHFFFAOYSA-N,12.55823306595358
IMTPCKFOUMTNGZ-UHFFFAOYSA-N__XMWIBSFUSZJUQB-UHFFFAOYSA-N,6.965300727976414
XMWIBSFUSZJUQB-UHFFFAOYSA-N__IMTPCKFOUMTNGZ-UHFFFAOYSA-N,6.976631984317264
AVPRZXBSOXRHOD-UHFFFAOYSA-N__XXAHDEUTCNRSMF-UHFFFAOYSA-N,3.323597265465952
JPDVGRRUKBYAKU-UHFFFAOYSA-N__DWWRYMNRCRWRNI-UHFFFAOYSA-N,8.840267120840993
DWWRYMNRCRWRNI-UHFFFAOYSA-N__JPDVGRRUKBYAKU-UHFFFAOYSA-N,7.308007666556427
XXAHDEUTCNRSMF-UHFFFAOYSA-N__AVPRZXBSOXRHOD-UHFFFAOYSA-N,7.008354238866625
OLYHDZSILUGRHF-UHFFFAOYSA-N__PUPQHNVTQGKINB-UHFFFAOYSA-N,4.81240838080735
PUPQHNVTQGKINB-UHFFFAOYSA-N__OLYHDZSILUGRHF-UHFFFAOYSA-N,8.79032237135943
ORJZJHYMHICDLF-UHFFFAOYSA-N__ZXEPMMJYGJQWEF-UHFFFAOYSA-N,8.300412033927795
PHSGMZFMADFJEX-UHFFFAOYSA-N__QGIAQFMQLSEIGN-UHFFFAOYSA-N,4.10867781516015
QGIAQFMQLSEIGN-UHFFFAOYSA-N__PHSGMZFMADFJEX-UHFFFAOYSA-N,5.95833756018226
LCRWDPMARBJVFU-UHFFFAOYSA-N__WDLYBAXDEJVZFF-UHFFFAOYSA-N,11.148232091882596
WDLYBAXDEJVZFF-UHFFFAOYSA-N__LCRWDPMARBJVFU-UHFFFAOYSA-N,7.8082165740004195
CTNIXLBHXMSZKL-UHFFFAOYSA-N__RTZLJDDSFCFBML-UHFFFAOYSA-N,3.8856500864928702
RTZLJDDSFCFBML-UHFFFAOYSA-N__CTNIXLBHXMSZKL-UHFFFAOYSA-N,8.710637471942642
NQVAUOYTCPIWIC-UHFFFAOYSA-N__YPWCKXYTSGOIRN-UHFFFAOYSA-N,7.453193453878275
YPWCKXYTSGOIRN-UHFFFAOYSA-N__NQVAUOYTCPIWIC-UHFFFAOYSA-N,0.8528532102503449
VRWYQUKQSXBHFU-UHFFFAOYSA-N__AYFFRRDLLJNRGZ-UHFFFAOYSA-N,5.637254499662298
AXJGZYKXECWPOM-UHFFFAOYSA-N__ZYJZPUDVXHWMOM-UHFFFAOYSA-N,1.61268804764994
ZYJZPUDVXHWMOM-UHFFFAOYSA-N__AXJGZYKXECWPOM-UHFFFAOYSA-N,-0.8641149538870998
CTMCSHRNUFVVOS-UHFFFAOYSA-N__HAHGVQYASHKXSS-UHFFFAOYSA-N,10.526779817691809
HAHGVQYASHKXSS-UHFFFAOYSA-N__CTMCSHRNUFVVOS-UHFFFAOYSA-N,10.458341572951142
PGNBATDZMICRPZ-UHFFFAOYSA-N__DSHFEHXXOUMLRM-UHFFFAOYSA-N,9.225205297754924
DSHFEHXXOUMLRM-UHFFFAOYSA-N__PGNBATDZMICRPZ-UHFFFAOYSA-N,2.83963444508987
IODGVROPJYBZOJ-UHFFFAOYSA-N__LZAKYSGRSFVEJM-UHFFFAOYSA-N,4.785089591253785
LZAKYSGRSFVEJM-UHFFFAOYSA-N__IODGVROPJYBZOJ-UHFFFAOYSA-N,7.6605846515631635
GBAJVAHQVIPJQR-UHFFFAOYSA-N__CUIUYKZSDUINBU-UHFFFAOYSA-N,6.793809918247467
CUIUYKZSDUINBU-UHFFFAOYSA-N__GBAJVAHQVIPJQR-UHFFFAOYSA-N,10.211522313315152
KNPNRPUOSNWQPJ-UHFFFAOYSA-N__GAIKJZSNVDBLKE-UHFFFAOYSA-N,10.930121717436908
GAIKJZSNVDBLKE-UHFFFAOYSA-N__KNPNRPUOSNWQPJ-UHFFFAOYSA-N,4.794958267818129
MLKQYXLFQZWUMK-UHFFFAOYSA-N__OJLPIQWYUDQABB-UHFFFAOYSA-N,0.4856539988086469
DYAYBQFJSOBLLE-UHFFFAOYSA-N__ZAYNXXXBGVBRGK-UHFFFAOYSA-N,5.686227661516825
AIWWZCLZWAVWKW-UHFFFAOYSA-N__BANMXBAOIHVULK-UHFFFAOYSA-N,0.0511913362322917
BANMXBAOIHVULK-UHFFFAOYSA-N__AIWWZCLZWAVWKW-UHFFFAOYSA-N,1.1275382234014502
ZAYNXXXBGVBRGK-UHFFFAOYSA-N__DYAYBQFJSOBLLE-UHFFFAOYSA-N,7.413415128418076
RNNUOFCYZWXNHZ-UHFFFAOYSA-N__NTZMQVVYFSEPMU-UHFFFAOYSA-N,6.286538505457004
GBYBLVYJXLXFJP-UHFFFAOYSA-N__QYSRWPRUEFLIDP-UHFFFAOYSA-N,6.646966265146269
HEVKPTDQDYIIMQ-UHFFFAOYSA-N__XDLCYZFSYKEEIU-UHFFFAOYSA-N,5.814876998244363
XDLCYZFSYKEEIU-UHFFFAOYSA-N__HEVKPTDQDYIIMQ-UHFFFAOYSA-N,7.95130276785937
QYSRWPRUEFLIDP-UHFFFAOYSA-N__GBYBLVYJXLXFJP-UHFFFAOYSA-N,8.467117840170705
VPVRPHQWJKPSIS-UHFFFAOYSA-N__WMXQNKOHMPOHLR-UHFFFAOYSA-N,7.744920846281139
QVLYIJSJMPEGKX-UHFFFAOYSA-N__BIOPRXVSJQNWKH-UHFFFAOYSA-N,0.104081491150835
BIOPRXVSJQNWKH-UHFFFAOYSA-N__QVLYIJSJMPEGKX-UHFFFAOYSA-N,8.265529063278642
CWVQZOCZTQBBOJ-UHFFFAOYSA-N__YQSBKHQBFNCLIT-UHFFFAOYSA-N,-0.2637494594863134
GNVOWOPSZBXEGE-UHFFFAOYSA-N__HKJRDTGYVDDKPE-UHFFFAOYSA-N,7.672159759173676
YFMZKXJFSCRVLW-UHFFFAOYSA-N__WGJAPIZZVSHEHJ-UHFFFAOYSA-N,3.9108823559160246
RYYYZXDXVNJMRC-UHFFFAOYSA-N__NLLAFZNIRAPTBK-UHFFFAOYSA-N,6.67343565323973
NLLAFZNIRAPTBK-UHFFFAOYSA-N__RYYYZXDXVNJMRC-UHFFFAOYSA-N,1.8598959419943129
WGJAPIZZVSHEHJ-UHFFFAOYSA-N__YFMZKXJFSCRVLW-UHFFFAOYSA-N,10.960383035088666
LGJUHPFUNJGTLV-UHFFFAOYSA-N__MXPLCXQRXVCZMP-UHFFFAOYSA-N,0.1220743785428122
MXPLCXQRXVCZMP-UHFFFAOYSA-N__LGJUHPFUNJGTLV-UHFFFAOYSA-N,5.012498381581684
PLTOJRWJSKXEIH-UHFFFAOYSA-N__KRNXSGIGRZALEA-UHFFFAOYSA-N,9.508086294332584
FJARELJVAXQNRP-UHFFFAOYSA-N__QQMQKLUWJFBVRO-UHFFFAOYSA-N,5.1611593205687285
QQMQKLUWJFBVRO-UHFFFAOYSA-N__FJARELJVAXQNRP-UHFFFAOYSA-N,8.240312514099958
LHWBIWNUPNZDGZ-UHFFFAOYSA-N__LLGIAYKTCWJZHF-UHFFFAOYSA-N,1.7922000065725603
LLGIAYKTCWJZHF-UHFFFAOYSA-N__LHWBIWNUPNZDGZ-UHFFFAOYSA-N,11.743593414875448
NSBRQFHRAZGPPU-UHFFFAOYSA-N__OZBSHZXEBYIAHM-UHFFFAOYSA-N,6.9544564271069325
SCERXXJYTIPEQY-UHFFFAOYSA-N__RWDORWICCFOTTN-UHFFFAOYSA-N,2.215406756951108
RWDORWICCFOTTN-UHFFFAOYSA-N__SCERXXJYTIPEQY-UHFFFAOYSA-N,6.589887969306581
OZBSHZXEBYIAHM-UHFFFAOYSA-N__NSBRQFHRAZGPPU-UHFFFAOYSA-N,7.970217989898131
WOWPJVWEGDILPW-UHFFFAOYSA-N__BJDOFIRPQXHGMY-UHFFFAOYSA-N,6.381749051410583
BJDOFIRPQXHGMY-UHFFFAOYSA-N__WOWPJVWEGDILPW-UHFFFAOYSA-N,2.9188411727909074
ZWTNEBMQCDHGEA-UHFFFAOYSA-N__OSZFXHIENORXNF-UHFFFAOYSA-N,2.835794275680192
OSZFXHIENORXNF-UHFFFAOYSA-N__ZWTNEBMQCDHGEA-UHFFFAOYSA-N,1.745104776013724
DASZLKYRXVHDOQ-UHFFFAOYSA-N__SOSXRMQQJURPLU-UHFFFAOYSA-N,8.946818976949364
SOSXRMQQJURPLU-UHFFFAOYSA-N__DASZLKYRXVHDOQ-UHFFFAOYSA-N,1.4484001924707477
OJQNLUQJEGKOTH-UHFFFAOYSA-N__YAJODUAUVISPOK-UHFFFAOYSA-N,-0.8760791099041494
YAJODUAUVISPOK-UHFFFAOYSA-N__OJQNLUQJEGKOTH-UHFFFAOYSA-N,2.957211599111845
LBPFTPVRPJUARW-UHFFFAOYSA-N__HOFYHLYPQPACOY-UHFFFAOYSA-N,1.2381715863968137
SXVMINIOWZFLGD-UHFFFAOYSA-N__OTTFLADYRUPSKQ-UHFFFAOYSA-N,11.756933797475204
LCFULOPPWYJZHI-UHFFFAOYSA-N__YGPCRBAWQANILB-UHFFFAOYSA-N,8.053861938195556
YGPCRBAWQANILB-UHFFFAOYSA-N__LCFULOPPWYJZHI-UHFFFAOYSA-N,2.646273234150381
JNGJKHHPHJBQNJ-UHFFFAOYSA-N__KUEYVVMWJYEVDX-UHFFFAOYSA-N,-1.4246956932064647
GMPZDEWZQCAEDR-OTXQMUPVSA-N__ZXMKKZNCFCWWNL-UHFFFAOYSA-N,-5.611029338833689
KUEYVVMWJYEVDX-UHFFFAOYSA-N__JNGJKHHPHJBQNJ-UHFFFAOYSA-N,-2.1883943486544086
ZXMKKZNCFCWWNL-UHFFFAOYSA-N__GMPZDEWZQCAEDR-OTXQMUPVSA-N,-0.8338279288794237
UEZPGJYSIUPWFQ-UHFFFAOYSA-N__WGNXYBBTXNEHBI-UHFFFAOYSA-N,12.083553627858578
HTXBEXQRRJKHGR-UHFFFAOYSA-N__PLTXQLQZGCDLAW-UHFFFAOYSA-N,4.820267164141093
WGNXYBBTXNEHBI-UHFFFAOYSA-N__UEZPGJYSIUPWFQ-UHFFFAOYSA-N,3.608424053319634
PLTXQLQZGCDLAW-UHFFFAOYSA-N__HTXBEXQRRJKHGR-UHFFFAOYSA-N,3.075182415141544
CZOIGFPOQYGARF-UHFFFAOYSA-N__RPAQOMNMPDCNLL-UHFFFAOYSA-N,-1.450743002423833
QOEADKVDQWCJHS-UHFFFAOYSA-N__GCDUONYJEIHEMV-UHFFFAOYSA-N,9.817272291915476
RPAQOMNMPDCNLL-UHFFFAOYSA-N__CZOIGFPOQYGARF-UHFFFAOYSA-N,-2.7256470369075543
GCDUONYJEIHEMV-UHFFFAOYSA-N__QOEADKVDQWCJHS-UHFFFAOYSA-N,6.121316196536598
KNOZEWRZYSUQGC-UHFFFAOYSA-N__ICBLXJKKJXVQIE-UHFFFAOYSA-N,19.222893110161213
WFPCJINPTBQZLP-UHFFFAOYSA-N__AVTOABWQZOYUFM-UHFFFAOYSA-N,11.760687979734408
ICBLXJKKJXVQIE-UHFFFAOYSA-N__KNOZEWRZYSUQGC-UHFFFAOYSA-N,10.492223265657934
MBELKHSHQFMOJV-UHFFFAOYSA-N__WBBUYERGRPQJJP-UHFFFAOYSA-N,6.675185952234548
GHHBZHYLNIHHTK-UHFFFAOYSA-N__OXZQOQGLADZJJB-UHFFFAOYSA-N,3.8074223894186505
ZALLBCKHSBDXCF-UHFFFAOYSA-N__CVOIFIQONSHLLL-UHFFFAOYSA-N,1.908590186185369
CVOIFIQONSHLLL-UHFFFAOYSA-N__ZALLBCKHSBDXCF-UHFFFAOYSA-N,7.334251373175764
JCCGSVLFSUENIN-UHFFFAOYSA-N__MURQTTKMXZHGGP-UHFFFAOYSA-N,9.549762394617282
WBBUYERGRPQJJP-UHFFFAOYSA-N__MBELKHSHQFMOJV-UHFFFAOYSA-N,2.298558078352866
WJLWRHBAXNBTFY-UHFFFAOYSA-N__FGQLNZPHKIUTGP-UHFFFAOYSA-N,4.063074367372556
PORAUMCXFYFMAS-UHFFFAOYSA-N__QOUXVLCGMXRTPR-UHFFFAOYSA-N,1.3198652147824566
QOUXVLCGMXRTPR-UHFFFAOYSA-N__PORAUMCXFYFMAS-UHFFFAOYSA-N,6.743261354088796
WXLIVVHJOMZZBY-UHFFFAOYSA-N__LDKDHTMUVSYRPC-UHFFFAOYSA-N,0.244940050719979
RPKLDNWYRVIKTN-WEVVVXLNSA-N__YWFWYMGUOTXJFL-UHFFFAOYSA-N,-0.6483121185414857
FIPPZGHAIDSQGM-UHFFFAOYSA-N__KZWOJEVANUUKNM-UHFFFAOYSA-N,7.213016526156848
KZWOJEVANUUKNM-UHFFFAOYSA-N__FIPPZGHAIDSQGM-UHFFFAOYSA-N,0.9832355392432536
BXTQEHQJSXDEAE-UHFFFAOYSA-N__KZFIQODWEYXFQC-UHFFFAOYSA-N,-4.285223377620036
KZFIQODWEYXFQC-UHFFFAOYSA-N__BXTQEHQJSXDEAE-UHFFFAOYSA-N,2.645262775947086
PTKYTTDLNQJWRZ-UHFFFAOYSA-N__QFQNOOHJRHAXNZ-UHFFFAOYSA-N,12.691531566998078
QFQNOOHJRHAXNZ-UHFFFAOYSA-N__PTKYTTDLNQJWRZ-UHFFFAOYSA-N,10.660415168979878
USGJYNDPKURHSL-UHFFFAOYSA-N__NNWLCURZXVIPEC-UHFFFAOYSA-N,13.109509934339348
CQBMLMRPWKPCQP-UHFFFAOYSA-N__UAQONXUVNOEMAC-UHFFFAOYSA-N,2.832351043620472
UAQONXUVNOEMAC-UHFFFAOYSA-N__CQBMLMRPWKPCQP-UHFFFAOYSA-N,9.510768182035909
NNWLCURZXVIPEC-UHFFFAOYSA-N__USGJYNDPKURHSL-UHFFFAOYSA-N,4.791681296616058
ZFMXCQCMUPKVAI-UHFFFAOYSA-N__JVYNDYDWILEHRB-UHFFFAOYSA-N,-0.1710458277483364
JVYNDYDWILEHRB-UHFFFAOYSA-N__ZFMXCQCMUPKVAI-UHFFFAOYSA-N,-1.4522726356868556
UAMRHOHAUFZLAB-UHFFFAOYSA-N__XHUHVCHVZZXMRI-UHFFFAOYSA-N,3.860123494268647
XHUHVCHVZZXMRI-UHFFFAOYSA-N__UAMRHOHAUFZLAB-UHFFFAOYSA-N,8.196064391115119
HPCHTCUWWLRBLD-UHFFFAOYSA-N__IULKFNUYSZGMNW-UHFFFAOYSA-N,4.452170874970497
IULKFNUYSZGMNW-UHFFFAOYSA-N__HPCHTCUWWLRBLD-UHFFFAOYSA-N,9.569306662069415
HIURRLVPTQMGOO-UHFFFAOYSA-N__SZKKUJPEFIQUKS-UHFFFAOYSA-N,13.262334244222204
SZKKUJPEFIQUKS-UHFFFAOYSA-N__HIURRLVPTQMGOO-UHFFFAOYSA-N,10.655865476632508
WUHJRWKPXNQQMG-UHFFFAOYSA-N__VUZBEWQLMCHEEJ-UHFFFAOYSA-N,9.603785294316497
DKSUXODNAONDHW-UHFFFAOYSA-N__YAJKDFWDZIBQEK-UHFFFAOYSA-N,4.291119577056907
YAJKDFWDZIBQEK-UHFFFAOYSA-N__DKSUXODNAONDHW-UHFFFAOYSA-N,0.8136662609855795
VUZBEWQLMCHEEJ-UHFFFAOYSA-N__WUHJRWKPXNQQMG-UHFFFAOYSA-N,11.497938043736465
JFTZZXWGMWEZBR-UHFFFAOYSA-N__IRXZKXLWUTZGHO-UHFFFAOYSA-N,6.063230454378825
IRXZKXLWUTZGHO-UHFFFAOYSA-N__JFTZZXWGMWEZBR-UHFFFAOYSA-N,8.404750098547426
NWRJHGGPBJGTRZ-UHFFFAOYSA-N__GJDPBWLTGBOJIC-UHFFFAOYSA-N,1.050038005006086
NOUFEJAIBINKSX-UHFFFAOYSA-N__YGRAMOMZEILYOQ-UHFFFAOYSA-N,8.083920616304507
GJDPBWLTGBOJIC-UHFFFAOYSA-N__NWRJHGGPBJGTRZ-UHFFFAOYSA-N,1.7096528198058707
YGRAMOMZEILYOQ-UHFFFAOYSA-N__NOUFEJAIBINKSX-UHFFFAOYSA-N,3.313386197000414
OVBQLPVXWHMRSQ-UHFFFAOYSA-N__RKBZKMSJLNZDFU-UHFFFAOYSA-N,1.55030963619555
RKBZKMSJLNZDFU-UHFFFAOYSA-N__OVBQLPVXWHMRSQ-UHFFFAOYSA-N,4.898171703817035
FMSWPZDWELHMNV-UHFFFAOYSA-N__MUWJVWVBRSWHSO-UHFFFAOYSA-N,15.297659177360476
MUWJVWVBRSWHSO-UHFFFAOYSA-N__FMSWPZDWELHMNV-UHFFFAOYSA-N,9.294988882327088
RRDFHGPQEZKYNR-UHFFFAOYSA-N__LWZHALQHGGBDQP-UHFFFAOYSA-N,4.63174035191899
LWZHALQHGGBDQP-UHFFFAOYSA-N__RRDFHGPQEZKYNR-UHFFFAOYSA-N,8.937329474539307
MEZSFGZCUVIHDO-UHFFFAOYSA-N__DHJSAHCEPSJARP-UHFFFAOYSA-N,8.750673266967947
YXTACGRODXNFHA-UHFFFAOYSA-N__VHNFBUMIDHAQET-UHFFFAOYSA-N,5.781543232797305
OYGNVPWJAYPNHO-UHFFFAOYSA-N__WPQYFACQFRSHPU-UHFFFAOYSA-N,15.341482413222808
WPQYFACQFRSHPU-UHFFFAOYSA-N__OYGNVPWJAYPNHO-UHFFFAOYSA-N,6.766023107385869
QGSONXGTGAHJKJ-UHFFFAOYSA-N__PBXOSCPSAJHAKL-UHFFFAOYSA-N,12.08081507107024
PBXOSCPSAJHAKL-UHFFFAOYSA-N__QGSONXGTGAHJKJ-UHFFFAOYSA-N,5.608765956928542
BSOKMZMVMNISOH-UHFFFAOYSA-N__HFNVKKWHXBQLCC-HTQZYQBOSA-N,-2.7746083560371377
HFNVKKWHXBQLCC-HTQZYQBOSA-N__BSOKMZMVMNISOH-UHFFFAOYSA-N,6.585407186629942
BREVMJAXZSXYBR-UHFFFAOYSA-N__RDYVKVYIJLUUDR-UHFFFAOYSA-N,1.2452597388172657
VMPZOOFMDJJRGY-UHFFFAOYSA-N__GNFOZDMBZQAJAD-UHFFFAOYSA-N,9.154237876145109
WRRHMGVNGCNEIP-UHFFFAOYSA-N__OLTUYNHUIUTXQU-UHFFFAOYSA-N,9.072978134653802
RQRBVKLOIGPYIC-UHFFFAOYSA-N__ZHRYKTSPJYBRPV-UHFFFAOYSA-N,8.344035781958082
ZHRYKTSPJYBRPV-UHFFFAOYSA-N__RQRBVKLOIGPYIC-UHFFFAOYSA-N,5.191595460753681
SAFRAYCTDGARFV-UHFFFAOYSA-N__TUNREWQJXQVNOV-IZZDOVSWSA-N,6.7839287834403885
TUNREWQJXQVNOV-IZZDOVSWSA-N__SAFRAYCTDGARFV-UHFFFAOYSA-N,8.323658045703878
CNHPQVQSMOJGTL-UHFFFAOYSA-N__LKPZPVMGUVKUOE-UHFFFAOYSA-N,0.9085995188140942
CLADBSZPHROUKB-UHFFFAOYSA-N__QAQXQBIPJFVYLW-UHFFFAOYSA-N,4.27181233560397
LKPZPVMGUVKUOE-UHFFFAOYSA-N__CNHPQVQSMOJGTL-UHFFFAOYSA-N,4.211754683327634
QAQXQBIPJFVYLW-UHFFFAOYSA-N__CLADBSZPHROUKB-UHFFFAOYSA-N,4.506426004723784
LSPNMTMJXUVAOP-UHFFFAOYSA-N__SQLLNLXUDIEULP-UHFFFAOYSA-N,7.345291014052141
XFEHNWCQKNYKSN-UHFFFAOYSA-N__WPYFEGCIGBPOGA-UHFFFAOYSA-N,10.683851476912738
XVIGVBUELLRDCN-UHFFFAOYSA-N__BJFYSRXHVQOVRG-UHFFFAOYSA-N,1.8942500856969195
BJFYSRXHVQOVRG-UHFFFAOYSA-N__XVIGVBUELLRDCN-UHFFFAOYSA-N,0.8793708823543785
PUYFNHSGYGODTP-HNQUOIGGSA-N__RSTMPLWDNCLKHO-UHFFFAOYSA-N,0.7089313246483927
YJBDFBHLFGSALJ-UHFFFAOYSA-N__FHGGXICZODGOJP-UHFFFAOYSA-N,1.683035797794248
FHGGXICZODGOJP-UHFFFAOYSA-N__YJBDFBHLFGSALJ-UHFFFAOYSA-N,0.7922513258898638
RSTMPLWDNCLKHO-UHFFFAOYSA-N__PUYFNHSGYGODTP-HNQUOIGGSA-N,6.273115540601659
SQYUGVGPQZCBML-UHFFFAOYSA-N__YXWYZXWMUYMEBU-UHFFFAOYSA-N,15.565988008665869
YXWYZXWMUYMEBU-UHFFFAOYSA-N__SQYUGVGPQZCBML-UHFFFAOYSA-N,19.36934723894962
LBSXEYQWGJKTDL-UHFFFAOYSA-N__ZOQJDOXFICBJST-JXMROGBWSA-N,14.17737179719114
ZOQJDOXFICBJST-JXMROGBWSA-N__LBSXEYQWGJKTDL-UHFFFAOYSA-N,10.535330949961065
CDYMCGORHDFOCI-UHFFFAOYSA-N__AIYDXBJEDRMLRL-UHFFFAOYSA-N,7.16158065465112
ZTAUOFYJLUBILU-UHFFFAOYSA-N__IXDYXJSSWLTEGL-UHFFFAOYSA-N,3.1511293333009456
IXDYXJSSWLTEGL-UHFFFAOYSA-N__ZTAUOFYJLUBILU-UHFFFAOYSA-N,2.303442810773615
AIYDXBJEDRMLRL-UHFFFAOYSA-N__CDYMCGORHDFOCI-UHFFFAOYSA-N,5.154786375494065
RBOFPJVZQAXIQA-UHFFFAOYSA-N__QBXNJFPEJCCTEQ-UHFFFAOYSA-N,-0.1242397383124058
QBXNJFPEJCCTEQ-UHFFFAOYSA-N__RBOFPJVZQAXIQA-UHFFFAOYSA-N,4.831806654830352
IVFUZFGUVXWFDO-UHFFFAOYSA-N__MAEVPKYCUVYYLJ-UHFFFAOYSA-N,1.0216751399760566
MAEVPKYCUVYYLJ-UHFFFAOYSA-N__IVFUZFGUVXWFDO-UHFFFAOYSA-N,1.2095195929423217
YFWRAADDPCQMPB-UHFFFAOYSA-N__UTKJVVJFKMEISU-UHFFFAOYSA-N,13.436451720120624
AJLZSDKFTNCEQF-UHFFFAOYSA-N__GLNGBIRVXPEKBQ-UHFFFAOYSA-N,7.00339710384723
JHJXBLPQJRIPNV-MRXNPFEDSA-N__NQSSFYDUPWFZSN-UHFFFAOYSA-N,3.5448383238369017
LVXNJVISYFBVQR-UHFFFAOYSA-N__GTXAHSJCVIYMJT-UHFFFAOYSA-N,-0.7235187939465708
GTXAHSJCVIYMJT-UHFFFAOYSA-N__LVXNJVISYFBVQR-UHFFFAOYSA-N,3.882076589452538
APLHNJCTVSJQQB-UHFFFAOYSA-N__VIRFNALNANHSEH-UHFFFAOYSA-N,14.435253310277632
VIRFNALNANHSEH-UHFFFAOYSA-N__APLHNJCTVSJQQB-UHFFFAOYSA-N,4.321918029433236
GLJJPKUXBBTQIS-UHFFFAOYSA-N__ZSGPRBJUOLPNAQ-UHFFFAOYSA-N,9.330371571952352
KTPBYZZZMUTNAG-YFKPBYRVSA-N__PEINEEORQZUANY-UHFFFAOYSA-N,14.032839560709542
IIFIJOJMAOZESJ-UHFFFAOYSA-N__HVGQWIGNDNADOZ-UHFFFAOYSA-N,7.730619222003818
CUCPBTDAWNTIEU-UHFFFAOYSA-N__JLHJMMRUQNUIQE-UHFFFAOYSA-N,5.676724543022848
JLHJMMRUQNUIQE-UHFFFAOYSA-N__CUCPBTDAWNTIEU-UHFFFAOYSA-N,10.04154413070905
CUELOMGXAQWIOI-UHFFFAOYSA-N__YTYBFHJWNCFEAZ-UHFFFAOYSA-N,6.809478479340324
QBVSWFTTYOWICW-UHFFFAOYSA-N__QWDYSUTZONPXFG-UHFFFAOYSA-N,10.419951630906713
ZIGQPTBCZMXAGV-UHFFFAOYSA-N__OITVEIJLGZNAKD-UHFFFAOYSA-N,7.263295048721067
OITVEIJLGZNAKD-UHFFFAOYSA-N__ZIGQPTBCZMXAGV-UHFFFAOYSA-N,3.625938445756279
MLSORQOUZIZBEQ-UHFFFAOYSA-N__WDIGELXAYDYNAP-UHFFFAOYSA-N,6.733819316746743
WDIGELXAYDYNAP-UHFFFAOYSA-N__MLSORQOUZIZBEQ-UHFFFAOYSA-N,2.583862020620062
GINXWWZDLFJDPX-UHFFFAOYSA-N__OVNGKKQBBJDOED-UHFFFAOYSA-N,2.9663470119291064
INEVOTSMFVMARO-UHFFFAOYSA-N__FWWWYDUUUXWPCY-UHFFFAOYSA-N,9.627423507351311
OVNGKKQBBJDOED-UHFFFAOYSA-N__GINXWWZDLFJDPX-UHFFFAOYSA-N,4.862652477250379
FWWWYDUUUXWPCY-UHFFFAOYSA-N__INEVOTSMFVMARO-UHFFFAOYSA-N,8.741629728670329
RYRIZXCFBWRTDL-UHFFFAOYSA-N__HEYFECCMIJYOAV-UHFFFAOYSA-N,1.422658209754736
CLFTZDKPPMTDKM-UHFFFAOYSA-N__BXUHZSXEIJMEJT-UHFFFAOYSA-N,-1.218537131035097
BXUHZSXEIJMEJT-UHFFFAOYSA-N__CLFTZDKPPMTDKM-UHFFFAOYSA-N,-0.6553284713253186
VTWYYHGOPIRKII-UHFFFAOYSA-N__MHYFIUGBWOXAEK-UHFFFAOYSA-N,7.194304051883018
OUXIMFRKIBMKQI-UHFFFAOYSA-N__FSFGCETWGWMWDP-UHFFFAOYSA-N,3.541314446533539
FSFGCETWGWMWDP-UHFFFAOYSA-N__OUXIMFRKIBMKQI-UHFFFAOYSA-N,2.125931810728149
LVJGFCBDVHUDQR-UHFFFAOYSA-N__SGJGBADHJWLCIU-UHFFFAOYSA-N,8.209480848089735
SGJGBADHJWLCIU-UHFFFAOYSA-N__LVJGFCBDVHUDQR-UHFFFAOYSA-N,1.0406319086809428
KQZWMTFFBPFIDB-UHFFFAOYSA-N__BKAYIFUQHDVSBW-UHFFFAOYSA-N,7.996215607111548
WKDPQSGACGSIIS-UHFFFAOYSA-N__MKZXOQLMQVMVII-UHFFFAOYSA-N,4.859070209794928
DHFUDTLQBCIERU-UHFFFAOYSA-N__ATNJPGOTCZQMBC-UHFFFAOYSA-N,1.9516442282700013
ATNJPGOTCZQMBC-UHFFFAOYSA-N__DHFUDTLQBCIERU-UHFFFAOYSA-N,10.193685589949125
MKZXOQLMQVMVII-UHFFFAOYSA-N__WKDPQSGACGSIIS-UHFFFAOYSA-N,5.087744891859965
YZIABQVJDGVQIC-UHFFFAOYSA-N__CBZJBHDYJOVQIL-UHFFFAOYSA-N,4.248452820078717
NHFQTLATETWJAC-UHFFFAOYSA-N__CKHHWWWZRBHCHC-UHFFFAOYSA-N,5.667170031504267
CKHHWWWZRBHCHC-UHFFFAOYSA-N__NHFQTLATETWJAC-UHFFFAOYSA-N,0.4905551030181376
PTKSNUAQEDOPBN-UHFFFAOYSA-N__ZSPWPYYQVIEZSO-UHFFFAOYSA-N,4.057103273303259
XOOWSSLCPWKYIZ-UHFFFAOYSA-N__OPILHVLGFJPSED-UHFFFAOYSA-N,4.616544814535996
TUZJDQUUXBWHOY-UHFFFAOYSA-N__YDIGWBJEVICIHP-UHFFFAOYSA-N,12.224998166428158
YDIGWBJEVICIHP-UHFFFAOYSA-N__TUZJDQUUXBWHOY-UHFFFAOYSA-N,7.883078454430971
NYVCZRDEXLQLNY-UHFFFAOYSA-N__IFQYMZFWHRCGMG-UHFFFAOYSA-N,3.52898936866195
IFQYMZFWHRCGMG-UHFFFAOYSA-N__NYVCZRDEXLQLNY-UHFFFAOYSA-N,2.6703632319643105
JACMQEWGFCTHQP-UHFFFAOYSA-N__IHTJPXZENHTSGO-UHFFFAOYSA-N,12.914794129399636
LFTZXLKIEBTDST-UHFFFAOYSA-N__MLKUSIYHFKCAIF-UHFFFAOYSA-N,11.261592288435128
MLKUSIYHFKCAIF-UHFFFAOYSA-N__LFTZXLKIEBTDST-UHFFFAOYSA-N,14.499226027880184
CSVCBBIDWZOOMO-UHFFFAOYSA-N__AQICPDTULMRKJO-UHFFFAOYSA-N,11.77576970696479
AQICPDTULMRKJO-UHFFFAOYSA-N__CSVCBBIDWZOOMO-UHFFFAOYSA-N,8.832031276787657
LLPARESUQJJJJS-UHFFFAOYSA-N__SQEIAQASDHAMKN-UHFFFAOYSA-N,-3.687846720256414
SQEIAQASDHAMKN-UHFFFAOYSA-N__LLPARESUQJJJJS-UHFFFAOYSA-N,1.548549008408426
OVVKSORWFCMWMI-UHFFFAOYSA-N__PJSUBVBFSZNFNA-UHFFFAOYSA-N,14.36905694448362
ZSQGHQWPOHETSW-UHFFFAOYSA-N__ZBPVQDNKJPLZJN-UHFFFAOYSA-N,7.35676456072784
ZBPVQDNKJPLZJN-UHFFFAOYSA-N__ZSQGHQWPOHETSW-UHFFFAOYSA-N,10.240591971831012
CNHMEUQNWDETGW-UHFFFAOYSA-N__XNAYCCIWUYOJKO-UHFFFAOYSA-N,0.4042735201640388
XNAYCCIWUYOJKO-UHFFFAOYSA-N__CNHMEUQNWDETGW-UHFFFAOYSA-N,0.9306626480045986
FOJQYHSEXFSISE-UHFFFAOYSA-N__XOTLVDQDGNGBCG-UHFFFAOYSA-N,7.613122788774087
DSMRYCOTKWYTRF-UHFFFAOYSA-N__JHGCYACUUPMANV-UHFFFAOYSA-N,3.471056348966697
JHGCYACUUPMANV-UHFFFAOYSA-N__DSMRYCOTKWYTRF-UHFFFAOYSA-N,5.017273334499727
WXMFPMLORPYBSF-UHFFFAOYSA-N__RGRZSQDKSBLNIT-UHFFFAOYSA-N,4.023673063965903
LYZNSINPFCCOLQ-UHFFFAOYSA-N__KEHFKYAZBITLRP-UHFFFAOYSA-N,5.443757809675869
RGRZSQDKSBLNIT-UHFFFAOYSA-N__WXMFPMLORPYBSF-UHFFFAOYSA-N,7.008157268893285
NRDLPXWQROUDLK-UHFFFAOYSA-N__SYOMIIHWAAOZTB-UHFFFAOYSA-N,-2.686739465375132
SYOMIIHWAAOZTB-UHFFFAOYSA-N__NRDLPXWQROUDLK-UHFFFAOYSA-N,2.799883771559525
JOYHTRYFPHPBEY-UHFFFAOYSA-N__LVENFOGOCLABOU-UHFFFAOYSA-N,-4.229220729438594
LVENFOGOCLABOU-UHFFFAOYSA-N__JOYHTRYFPHPBEY-UHFFFAOYSA-N,-0.769481961731006
XULCDCYXCVQTPS-UHFFFAOYSA-N__XZFTVHRXJBHJMS-UHFFFAOYSA-N,-0.2422120573241176
UOHIQZBFOLANRK-UHFFFAOYSA-N__IPPAHYCJFKIFHC-UHFFFAOYSA-N,9.86944791443188
MVBAAKZZSOLSEF-UHFFFAOYSA-N__WZPLLQICCWUSRM-UHFFFAOYSA-N,14.26880737160806
VGDKPDRCJSXRFZ-UHFFFAOYSA-N__HNSUOUHQLBUGCY-UHFFFAOYSA-N,5.918530086801471
WTYQIEINANPHHL-UHFFFAOYSA-N__HYDMAORXQDQKDE-UHFFFAOYSA-N,6.06956086801597
MGIXWWUHPAZGJO-UHFFFAOYSA-N__PTKYTTDLNQJWRZ-UHFFFAOYSA-N,7.507734636535919
PTKYTTDLNQJWRZ-UHFFFAOYSA-N__MGIXWWUHPAZGJO-UHFFFAOYSA-N,7.903948105611955
YQSBKHQBFNCLIT-UHFFFAOYSA-N__AQGZTHACHPUGSI-UHFFFAOYSA-N,6.380404318678809
AQGZTHACHPUGSI-UHFFFAOYSA-N__YQSBKHQBFNCLIT-UHFFFAOYSA-N,-1.1028056354297973
UOHCTSCRNDNHRV-UHFFFAOYSA-N__CFUSZIPDJJOALI-UHFFFAOYSA-N,5.782136752176033
CFUSZIPDJJOALI-UHFFFAOYSA-N__UOHCTSCRNDNHRV-UHFFFAOYSA-N,5.077957735376383
SAZLWAWNLMDMFS-UHFFFAOYSA-N__VZQOMSBEYDDYHU-UHFFFAOYSA-N,9.193103856281496
WKZYJRKGQZCCCW-UHFFFAOYSA-N__ONDXSVCOCBRICK-UHFFFAOYSA-N,2.43188983405151
JVYZECBWMKOQQM-UHFFFAOYSA-N__ZWBQVNKOTABOHO-UHFFFAOYSA-N,5.527675820194444
VAXIQAJDFVMJQG-UHFFFAOYSA-N__RFPMTAUCGYUYFU-UHFFFAOYSA-N,6.294938864831446
FOKZPRODZGONTQ-UHFFFAOYSA-N__GGOXLPCTWDZMCE-UHFFFAOYSA-N,2.2159078899487934
GGOXLPCTWDZMCE-UHFFFAOYSA-N__FOKZPRODZGONTQ-UHFFFAOYSA-N,2.834114957736124
VJEAJELMUHAPFZ-UHFFFAOYSA-N__SSMQHXVVABYXGY-UHFFFAOYSA-N,2.6581210411822807
SSMQHXVVABYXGY-UHFFFAOYSA-N__VJEAJELMUHAPFZ-UHFFFAOYSA-N,2.9398367195466584
DQDFAOZADLZRPA-UHFFFAOYSA-N__VIVNYBYHXLEBOF-UHFFFAOYSA-N,3.045905194724043
DRYWIORKGANXKR-UHFFFAOYSA-N__YGUYBCBRMYKZIQ-UHFFFAOYSA-N,5.429583632822932
YGUYBCBRMYKZIQ-UHFFFAOYSA-N__DRYWIORKGANXKR-UHFFFAOYSA-N,1.955093261948729
MPLVRSSNASETMF-UHFFFAOYSA-N__CQYWOCAEYGEVDK-UHFFFAOYSA-N,11.412139206463165
MKNMAERGHGGRSK-UHFFFAOYSA-N__GPYQGYMQLPQMML-UHFFFAOYSA-N,4.858575308237145
GPYQGYMQLPQMML-UHFFFAOYSA-N__MKNMAERGHGGRSK-UHFFFAOYSA-N,6.37396593909778
HQODBPTZRNLCBK-UHFFFAOYSA-N__TWPMLQCFUDCRPZ-UHFFFAOYSA-N,5.725739219726053
TWPMLQCFUDCRPZ-UHFFFAOYSA-N__HQODBPTZRNLCBK-UHFFFAOYSA-N,10.43168560617011
QKVUHKJGSXEFQN-UHFFFAOYSA-N__XNQQPRSQAKQWLI-UHFFFAOYSA-N,-0.1319126111606395
MPNRETCKPLHKBY-UHFFFAOYSA-N__DXZTXJCGUZLNQJ-UHFFFAOYSA-N,4.623929018386583
DAFFQLWHAAVXHV-UHFFFAOYSA-N__RYGXDHWVAZVQOR-UHFFFAOYSA-N,5.572694693372332
RYGXDHWVAZVQOR-UHFFFAOYSA-N__DAFFQLWHAAVXHV-UHFFFAOYSA-N,0.7738009842206468
NFDIOWVBVQBGOP-UHFFFAOYSA-N__SLVUTMGDCYFGIP-UHFFFAOYSA-N,4.236008045256064
SLVUTMGDCYFGIP-UHFFFAOYSA-N__NFDIOWVBVQBGOP-UHFFFAOYSA-N,2.467417014694611
WHLBPVPJYHJXFL-UHFFFAOYSA-N__WONITSSOQAWICW-UHFFFAOYSA-N,-1.396397344114527
WONITSSOQAWICW-UHFFFAOYSA-N__WHLBPVPJYHJXFL-UHFFFAOYSA-N,-2.204448244144567
ALPVPPSDISZUAJ-UHFFFAOYSA-N__PUUGVPPTLNTKIM-UHFFFAOYSA-N,7.451579546399138
PUUGVPPTLNTKIM-UHFFFAOYSA-N__ALPVPPSDISZUAJ-UHFFFAOYSA-N,0.5389587984139376
GMGWXEAVYWEXLE-UHFFFAOYSA-N__DTKQQRBQNSXSQU-UHFFFAOYSA-N,4.246825758154005
BZVQNNDZPXUUHQ-UHFFFAOYSA-N__GNXQVURCUGWZSV-UHFFFAOYSA-N,4.070554637013731
GNXQVURCUGWZSV-UHFFFAOYSA-N__BZVQNNDZPXUUHQ-UHFFFAOYSA-N,6.596481168234044
QKRIWTYUKGOOLQ-UHFFFAOYSA-N__KIBSMBYWUXNKEQ-UHFFFAOYSA-N,5.200025695640964
KIBSMBYWUXNKEQ-UHFFFAOYSA-N__QKRIWTYUKGOOLQ-UHFFFAOYSA-N,1.3807800148188512
HOOJDEPGUANREC-UHFFFAOYSA-N__RRLYRQGMBUXGLV-UHFFFAOYSA-N,11.291168296226529
RRLYRQGMBUXGLV-UHFFFAOYSA-N__HOOJDEPGUANREC-UHFFFAOYSA-N,5.289370415763375
PKEBCKVDYWSJHA-UHFFFAOYSA-N__WFRPVWCBOYVKHS-UHFFFAOYSA-N,4.905078665934477
WFRPVWCBOYVKHS-UHFFFAOYSA-N__PKEBCKVDYWSJHA-UHFFFAOYSA-N,1.7035286162568986
SSNYMKCLPCTDEB-UHFFFAOYSA-N__SOLFHIJEXCZHIG-UHFFFAOYSA-N,0.2028660671939963
SOLFHIJEXCZHIG-UHFFFAOYSA-N__SSNYMKCLPCTDEB-UHFFFAOYSA-N,11.255028587705532
DVFWXGCPOLEETF-UHFFFAOYSA-N__WVQCECPSTDMEEN-UHFFFAOYSA-N,1.458309993442315
UBTQLOXJBXXWQZ-UHFFFAOYSA-N__IWPXCJDKYICODJ-UHFFFAOYSA-N,8.221317571378352
JDWFVFZZSAUFCZ-UHFFFAOYSA-N__SNAXLHFLUBHAHF-UHFFFAOYSA-N,10.031712949722136
SNAXLHFLUBHAHF-UHFFFAOYSA-N__JDWFVFZZSAUFCZ-UHFFFAOYSA-N,9.595759205999189
YXOCOFRHIXJKHG-UHFFFAOYSA-N__WTPCEMVXJKMFNZ-UHFFFAOYSA-N,4.218918822517955
WTPCEMVXJKMFNZ-UHFFFAOYSA-N__YXOCOFRHIXJKHG-UHFFFAOYSA-N,4.166572834407851
IUXXMSYHFUPWFT-UHFFFAOYSA-N__JAKXSHXZYQDTPD-UHFFFAOYSA-N,7.158966016546787
JAKXSHXZYQDTPD-UHFFFAOYSA-N__IUXXMSYHFUPWFT-UHFFFAOYSA-N,5.883677255478882
TWMFIBALASRYRW-UHFFFAOYSA-N__CHXWUMSUMSERSF-UHFFFAOYSA-N,10.4983446713404
CHXWUMSUMSERSF-UHFFFAOYSA-N__TWMFIBALASRYRW-UHFFFAOYSA-N,10.27331098731532
QSCOZLVSBNVCSD-UHFFFAOYSA-N__ZOPCGIAGLDYKQL-UHFFFAOYSA-N,6.239753482952127
ZOPCGIAGLDYKQL-UHFFFAOYSA-N__QSCOZLVSBNVCSD-UHFFFAOYSA-N,0.2685227567199991
NWNYQZLMYPFVHB-UHFFFAOYSA-N__CUIUBSWUFRYLSI-UHFFFAOYSA-N,3.4747841519225946
MEIQBVDXUMVDLL-UHFFFAOYSA-N__KIONBQPJVUNHHQ-UHFFFAOYSA-N,1.888541361507637
HTTODTBXBIXEAW-UHFFFAOYSA-N__JRRHWUIESCTAHZ-UHFFFAOYSA-N,5.077779149038935
JRRHWUIESCTAHZ-UHFFFAOYSA-N__HTTODTBXBIXEAW-UHFFFAOYSA-N,1.028131010877664
GALWJLPRTIKQGF-UHFFFAOYSA-N__MXWLKRSJJWPJHK-UHFFFAOYSA-N,4.973616892508625
VLSJEIIEWIUYQJ-UHFFFAOYSA-N__MCVQFZJMVFQPBV-UHFFFAOYSA-N,10.845191358929888
MCVQFZJMVFQPBV-UHFFFAOYSA-N__VLSJEIIEWIUYQJ-UHFFFAOYSA-N,3.391739350483021
PRRIBNOYQPAWLA-UHFFFAOYSA-N__SQAQUJDPQSPLDX-UHFFFAOYSA-N,2.896096250210016
UHYMTKYUCJFTRA-UHFFFAOYSA-N__XSAFKRYBVXJUBX-UHFFFAOYSA-N,9.128301827903575
XSAFKRYBVXJUBX-UHFFFAOYSA-N__UHYMTKYUCJFTRA-UHFFFAOYSA-N,8.759248222443794
SQAQUJDPQSPLDX-UHFFFAOYSA-N__PRRIBNOYQPAWLA-UHFFFAOYSA-N,0.0387434759019938
NYHJTBZSBAKTSQ-UHFFFAOYSA-N__JUSKKYUAYYKQIP-UHFFFAOYSA-N,7.854786833944384
JUSKKYUAYYKQIP-UHFFFAOYSA-N__NYHJTBZSBAKTSQ-UHFFFAOYSA-N,3.248995102367608
BPEQXLHOXOBBNK-UHFFFAOYSA-N__XAKZNWYGVVGGLO-UHFFFAOYSA-N,10.652013752210364
FYDLRGFOAYUXIT-UHFFFAOYSA-N__YZDVVPBMNBUZHP-UHFFFAOYSA-N,4.076404483851817
YZDVVPBMNBUZHP-UHFFFAOYSA-N__FYDLRGFOAYUXIT-UHFFFAOYSA-N,7.880255440547538
XAKZNWYGVVGGLO-UHFFFAOYSA-N__BPEQXLHOXOBBNK-UHFFFAOYSA-N,9.010509161399154
ZADKKWNFEVMXDN-UHFFFAOYSA-N__RLFFPFSMIFTMJN-UHFFFAOYSA-N,8.876604125999208
RLFFPFSMIFTMJN-UHFFFAOYSA-N__ZADKKWNFEVMXDN-UHFFFAOYSA-N,4.12710019507177
AQIRTRONRLCHRX-UHFFFAOYSA-N__SDFZQJHKHJELNX-UHFFFAOYSA-N,6.5975531151522135
SDFZQJHKHJELNX-UHFFFAOYSA-N__AQIRTRONRLCHRX-UHFFFAOYSA-N,6.590437623483233
MNEKYQWCVNFLJU-UHFFFAOYSA-N__KLJXWTFJUYMQLU-UHFFFAOYSA-N,-0.0260489888361513
KLJXWTFJUYMQLU-UHFFFAOYSA-N__MNEKYQWCVNFLJU-UHFFFAOYSA-N,1.8149501288805263
MUSHRAARNNSPJN-UHFFFAOYSA-N__WQNQZJJVMXSXKL-UHFFFAOYSA-N,5.00455230301515
WQNQZJJVMXSXKL-UHFFFAOYSA-N__MUSHRAARNNSPJN-UHFFFAOYSA-N,2.721028415271074
ILLDTHKHRCIREF-UHFFFAOYSA-N__LWEGWAZVOFTYLP-UHFFFAOYSA-N,1.4850688993672694
SGJBGOGOHYGRQI-UHFFFAOYSA-N__DMCNQUDFEYSTPT-UHFFFAOYSA-N,-0.6646436749059499
DMCNQUDFEYSTPT-UHFFFAOYSA-N__SGJBGOGOHYGRQI-UHFFFAOYSA-N,2.9032937620501285
LWEGWAZVOFTYLP-UHFFFAOYSA-N__ILLDTHKHRCIREF-UHFFFAOYSA-N,3.0843521222444723
BHCDYSHBELIPPL-UHFFFAOYSA-N__FDONXZFUNUDLLJ-VOTSOKGWSA-N,5.706713146557269
FDONXZFUNUDLLJ-VOTSOKGWSA-N__BHCDYSHBELIPPL-UHFFFAOYSA-N,2.267448566698857
QUKUTHQYCZLJMJ-UHFFFAOYSA-N__XKCIKGIKWPAJFM-UHFFFAOYSA-N,4.47759331142581
XKCIKGIKWPAJFM-UHFFFAOYSA-N__QUKUTHQYCZLJMJ-UHFFFAOYSA-N,1.4639028033184334
QXESFLCWZPTZTF-UHFFFAOYSA-N__BONRFNZHVQGCOH-UHFFFAOYSA-N,4.327897982521395
BONRFNZHVQGCOH-UHFFFAOYSA-N__QXESFLCWZPTZTF-UHFFFAOYSA-N,2.853332643918765
JXDLGAZQKRATFD-UHFFFAOYSA-N__VZEANTSDLFVWCK-UHFFFAOYSA-N,8.914465245448806
NNXMGSRIXIPNNB-UHFFFAOYSA-N__UACURFYGWIVEAM-UHFFFAOYSA-N,10.690925718759535
UACURFYGWIVEAM-UHFFFAOYSA-N__NNXMGSRIXIPNNB-UHFFFAOYSA-N,8.998954303382268
VZEANTSDLFVWCK-UHFFFAOYSA-N__JXDLGAZQKRATFD-UHFFFAOYSA-N,4.103677475400397
LMSRKZURJSYGDA-UHFFFAOYSA-N__DDCSSJUWHIMEGG-UHFFFAOYSA-N,1.830656799927172
DSFPDNHYUWOXTF-UHFFFAOYSA-N__OFQKNNPXCIIPCH-UHFFFAOYSA-N,8.731632604857559
UDHZIWDDJMCVFO-UHFFFAOYSA-N__FAOPEZOUBVCZBN-UHFFFAOYSA-N,11.35904188358007
OFQKNNPXCIIPCH-UHFFFAOYSA-N__DSFPDNHYUWOXTF-UHFFFAOYSA-N,9.706696353063114
WORBJKBTXIJVGS-UHFFFAOYSA-N__PQLUMLNCJDEEDO-UHFFFAOYSA-N,5.91950299264104
PQLUMLNCJDEEDO-UHFFFAOYSA-N__WORBJKBTXIJVGS-UHFFFAOYSA-N,8.712765396202721
ZLTGZHNMVOEVCT-UHFFFAOYSA-N__XRJLOZNMCOMVKX-UHFFFAOYSA-N,7.625392697332392
XRJLOZNMCOMVKX-UHFFFAOYSA-N__ZLTGZHNMVOEVCT-UHFFFAOYSA-N,2.717831467659652
CYPINZLYWOQSEY-UHFFFAOYSA-N__WLQHZTVPRLRWHX-UHFFFAOYSA-N,6.679997163880267
WLQHZTVPRLRWHX-UHFFFAOYSA-N__CYPINZLYWOQSEY-UHFFFAOYSA-N,7.391745547377345
GVGJHRRZJIEMDF-UHFFFAOYSA-N__VPVRPHQWJKPSIS-UHFFFAOYSA-N,10.275934567977147
VPVRPHQWJKPSIS-UHFFFAOYSA-N__GVGJHRRZJIEMDF-UHFFFAOYSA-N,7.094046082197653
ATPKIMBLECENDR-UHFFFAOYSA-N__WKQWEXBDTCVXNM-UHFFFAOYSA-N,6.564960955901292
WKQWEXBDTCVXNM-UHFFFAOYSA-N__ATPKIMBLECENDR-UHFFFAOYSA-N,2.919457661298924
SBHZLMHAKXVWFM-UHFFFAOYSA-N__WSATXGHSGNEBJZ-UHFFFAOYSA-N,8.558631683224908
WSATXGHSGNEBJZ-UHFFFAOYSA-N__SBHZLMHAKXVWFM-UHFFFAOYSA-N,8.348384017858036
QOWYKCCWGKJHBL-UHFFFAOYSA-N__IUZVLZGVOPYCFL-UHFFFAOYSA-N,7.681914643776996
IUZVLZGVOPYCFL-UHFFFAOYSA-N__QOWYKCCWGKJHBL-UHFFFAOYSA-N,9.90744476518513
RQOKTJQPCIHPFU-UHFFFAOYSA-N__TWPMLQCFUDCRPZ-UHFFFAOYSA-N,5.715891089099898
TWPMLQCFUDCRPZ-UHFFFAOYSA-N__RQOKTJQPCIHPFU-UHFFFAOYSA-N,7.420950976647635
TUDHXLAUESUBNG-UHFFFAOYSA-N__VEGCSPAUOSUYPY-UHFFFAOYSA-N,8.951860294014152
GIXRNRSNKFRARQ-UHFFFAOYSA-N__RASCMJKRLONZNJ-UHFFFAOYSA-N,4.44389346206443
RASCMJKRLONZNJ-UHFFFAOYSA-N__GIXRNRSNKFRARQ-UHFFFAOYSA-N,5.689564830330273
KNIGIFWBHGECDA-UHFFFAOYSA-N__MRHMYTTVDDDRIV-UHFFFAOYSA-N,11.151344958108757
BQDQUUUHKGBDOL-UHFFFAOYSA-N__SFNLDLRNFOMNET-UHFFFAOYSA-N,8.902890394660737
QMKWMYSSTULKBP-UHFFFAOYSA-N__ROPFBQOUBOSRKA-UHFFFAOYSA-N,6.782310477092165
JLEFLIXJVRQFHX-UHFFFAOYSA-N__JZUNAFQTMOXJKF-UHFFFAOYSA-N,1.5857902311021586
JZUNAFQTMOXJKF-UHFFFAOYSA-N__JLEFLIXJVRQFHX-UHFFFAOYSA-N,1.826306516510284
WZHLDBLXWXLLBU-UHFFFAOYSA-N__NDJDPYJQAMNXIR-UHFFFAOYSA-N,8.390622399137516
DADFGOCSPIHMEH-UHFFFAOYSA-N__YIFLZAJLTNQFPV-UHFFFAOYSA-N,-1.1178143499655495
CSLRLFBAQUPPRO-UHFFFAOYSA-N__JPZVQONSHSBMMW-UHFFFAOYSA-N,-2.426328815012948
JPZVQONSHSBMMW-UHFFFAOYSA-N__CSLRLFBAQUPPRO-UHFFFAOYSA-N,2.106081434607638
MACJMJIASRJROC-UHFFFAOYSA-N__YWGXYQSRNDUSIP-UHFFFAOYSA-N,5.520129826051559
DUFURKXJDQRGPU-UHFFFAOYSA-N__NUGHSSJJHHMQPA-UHFFFAOYSA-N,10.319451108688517
NUGHSSJJHHMQPA-UHFFFAOYSA-N__DUFURKXJDQRGPU-UHFFFAOYSA-N,15.359240466309789
HOZYOIDFUMRAGI-UHFFFAOYSA-N__HVLXBOVGEQNPMF-UHFFFAOYSA-N,3.576616203559384
HVLXBOVGEQNPMF-UHFFFAOYSA-N__HOZYOIDFUMRAGI-UHFFFAOYSA-N,7.34472432091911
APVGWZCNIAHMDT-UHFFFAOYSA-N__HKIIFNPSXPTWCV-UHFFFAOYSA-N,15.042212031071616
HKIIFNPSXPTWCV-UHFFFAOYSA-N__APVGWZCNIAHMDT-UHFFFAOYSA-N,15.205037017763072
GSIKHHGSVNCDBD-UHFFFAOYSA-N__QBKRZKGRSWQNQP-UHFFFAOYSA-N,1.2012410253340116
QBKRZKGRSWQNQP-UHFFFAOYSA-N__GSIKHHGSVNCDBD-UHFFFAOYSA-N,2.936718839004961
SUHUOQHLEMFCES-UHFFFAOYSA-N__BOSUNRMJEWFIAD-UHFFFAOYSA-N,-1.9024099483308543
BOSUNRMJEWFIAD-UHFFFAOYSA-N__SUHUOQHLEMFCES-UHFFFAOYSA-N,-0.7921746423464369
WTWWMZWLJOTBNE-UHFFFAOYSA-N__RVUMGPDEKBQRLK-UHFFFAOYSA-N,7.040356237619688
RVUMGPDEKBQRLK-UHFFFAOYSA-N__WTWWMZWLJOTBNE-UHFFFAOYSA-N,3.118432498572362
MLWOVKFWIZUOIY-UHFFFAOYSA-N__NMHOVYNRTSFDKA-UHFFFAOYSA-N,2.606540254687666
NMHOVYNRTSFDKA-UHFFFAOYSA-N__MLWOVKFWIZUOIY-UHFFFAOYSA-N,6.6938819099003135
SRYTWIWULODUQD-UHFFFAOYSA-N__VPYKPEYFEVPOJE-UHFFFAOYSA-N,5.4132897430368425
VPYKPEYFEVPOJE-UHFFFAOYSA-N__SRYTWIWULODUQD-UHFFFAOYSA-N,8.105907965823908
HDPUQFXKLDUCBF-UHFFFAOYSA-N__QDSZNUHQAFSZCE-UHFFFAOYSA-N,-0.7379876794762996
QDSZNUHQAFSZCE-UHFFFAOYSA-N__HDPUQFXKLDUCBF-UHFFFAOYSA-N,5.749294109287176
UUCRAHVNRIAKQW-UHFFFAOYSA-N__IRIUVWFRAOHPFV-UHFFFAOYSA-N,7.857949996848671
IRIUVWFRAOHPFV-UHFFFAOYSA-N__UUCRAHVNRIAKQW-UHFFFAOYSA-N,7.450558799460703
ZDEXCJDRCDYNDC-UHFFFAOYSA-N__PFJNQVOTJUQIGB-UHFFFAOYSA-N,5.100189921507555
PFJNQVOTJUQIGB-UHFFFAOYSA-N__ZDEXCJDRCDYNDC-UHFFFAOYSA-N,3.1885850205702164
MCWDDAAVFNMHKO-UHFFFAOYSA-N__WVEWOGYRHNEZCZ-UHFFFAOYSA-N,11.820186672942931
JNDHIAHGEBRRKM-UHFFFAOYSA-N__WCRBHXJGMYEMKS-UHFFFAOYSA-N,0.0637126106136267
WVEWOGYRHNEZCZ-UHFFFAOYSA-N__MCWDDAAVFNMHKO-UHFFFAOYSA-N,11.855887820971828
WCRBHXJGMYEMKS-UHFFFAOYSA-N__JNDHIAHGEBRRKM-UHFFFAOYSA-N,4.685413380120028
RNUXDBQXLYPKKR-UHFFFAOYSA-N__ARUDIIZCBYPNNS-UHFFFAOYSA-N,4.67964791564884
ARUDIIZCBYPNNS-UHFFFAOYSA-N__RNUXDBQXLYPKKR-UHFFFAOYSA-N,3.926947524841376
GHGFHZBVNPKCDO-UHFFFAOYSA-N__WYLYPGYOUPYGRG-UHFFFAOYSA-N,5.586354573793222
WYLYPGYOUPYGRG-UHFFFAOYSA-N__GHGFHZBVNPKCDO-UHFFFAOYSA-N,5.055948226859825
QMXSXHRPMOKOCQ-UHFFFAOYSA-N__IDIJISQVDGFFJM-UHFFFAOYSA-N,0.6472193189249854
IDIJISQVDGFFJM-UHFFFAOYSA-N__QMXSXHRPMOKOCQ-UHFFFAOYSA-N,5.511948365363489
GMFQMUOJMDZOIW-UHFFFAOYSA-N__VTHHTFXWJSSCGK-UHFFFAOYSA-N,0.4728447296599202
LXKKGJCJRQEXHO-UHFFFAOYSA-N__BFXBHCIOPNJXSL-UHFFFAOYSA-N,7.545867794517149
BFXBHCIOPNJXSL-UHFFFAOYSA-N__LXKKGJCJRQEXHO-UHFFFAOYSA-N,9.858750937688487
KBGONTMOBWXUIE-UHFFFAOYSA-N__NLLAFZNIRAPTBK-UHFFFAOYSA-N,-0.7813028583008487
NLLAFZNIRAPTBK-UHFFFAOYSA-N__KBGONTMOBWXUIE-UHFFFAOYSA-N,6.711523001908653
DGNIVRJMUKYKGZ-UHFFFAOYSA-N__NJIFZIQNTQHZLU-UHFFFAOYSA-N,8.668521975922188
NJIFZIQNTQHZLU-UHFFFAOYSA-N__DGNIVRJMUKYKGZ-UHFFFAOYSA-N,1.4315705213430292
MKWTXEDPTROTQV-UHFFFAOYSA-N__WVIQFOCEIZPVHZ-UHFFFAOYSA-N,5.8752747590563486
IHXJDAIPSTWBTR-UHFFFAOYSA-N__QPEJGSJGZZOLIQ-UHFFFAOYSA-N,8.238055838898914
ZGECIVBSEKGROL-UHFFFAOYSA-N__GFFBGCROFPLPME-UHFFFAOYSA-N,7.004676129912187
GFFBGCROFPLPME-UHFFFAOYSA-N__ZGECIVBSEKGROL-UHFFFAOYSA-N,6.038958878174637
MWRHTCLLGUAPJR-UHFFFAOYSA-N__GVQZYKPMZXENKJ-UHFFFAOYSA-N,4.826781074774832
VEWHOIWZDHMAAT-UHFFFAOYSA-N__VIXUZOFCNQPHJK-UHFFFAOYSA-N,2.192280614553824
GVQZYKPMZXENKJ-UHFFFAOYSA-N__MWRHTCLLGUAPJR-UHFFFAOYSA-N,12.530531501381049
SAOZQNDHZBNLCQ-UHFFFAOYSA-N__VTEVBWVYIUJJRC-UHFFFAOYSA-N,4.35977097657865
OYLVZGKOBVQWLK-UHFFFAOYSA-N__QPJLYNONWURNPS-UHFFFAOYSA-N,1.6254661471147267
LGJYVWPNGISHBU-UHFFFAOYSA-N__LDSUDPMJPVWKJX-UHFFFAOYSA-N,3.036845936966691
LDSUDPMJPVWKJX-UHFFFAOYSA-N__LGJYVWPNGISHBU-UHFFFAOYSA-N,2.3323391377175766
WHPQREHBHYZRCY-UHFFFAOYSA-N__DYTVNBKBZAKCGU-UHFFFAOYSA-N,2.841802936595148
DYTVNBKBZAKCGU-UHFFFAOYSA-N__WHPQREHBHYZRCY-UHFFFAOYSA-N,4.653263851140865
CAQWXFPWSCCRAU-UHFFFAOYSA-N__VNJUSQDOPMGJIG-UHFFFAOYSA-N,2.8723651282318228
VNJUSQDOPMGJIG-UHFFFAOYSA-N__CAQWXFPWSCCRAU-UHFFFAOYSA-N,8.363177265497324
SUIMVZRMRCGQCR-UHFFFAOYSA-N__UIUPYSXLLBSYIL-UHFFFAOYSA-N,6.465166831234324
OZLIUQHLIFOSOZ-UHFFFAOYSA-N__BVMCCUFLHHCDRI-UHFFFAOYSA-N,0.7238663899978924
HKDXDBDTTDHTNO-UHFFFAOYSA-N__ONFSAVPJNBBHDP-UHFFFAOYSA-N,9.767694547912772
ONFSAVPJNBBHDP-UHFFFAOYSA-N__HKDXDBDTTDHTNO-UHFFFAOYSA-N,15.40919301413352
VMGZFCWXPJPNCH-UHFFFAOYSA-N__XVKUVAHRWAIJLL-UHFFFAOYSA-N,1.3791911766702067
XVKUVAHRWAIJLL-UHFFFAOYSA-N__VMGZFCWXPJPNCH-UHFFFAOYSA-N,2.386726202617766
CPEBFEUMAFPORF-UHFFFAOYSA-N__ZOQGTNLWBZRQOU-UHFFFAOYSA-N,4.12614260362587
BDOJKUBGIVAREM-UHFFFAOYSA-N__JUJFKAVHJBBPKJ-UHFFFAOYSA-N,0.575607938935874
JUJFKAVHJBBPKJ-UHFFFAOYSA-N__BDOJKUBGIVAREM-UHFFFAOYSA-N,2.785110732350933
KLQLAVYJPCVWOI-UHFFFAOYSA-N__TUYFUKIKYALWET-UHFFFAOYSA-N,11.317518959334866
TUYFUKIKYALWET-UHFFFAOYSA-N__KLQLAVYJPCVWOI-UHFFFAOYSA-N,13.704039102462286
HIULQUHMLIECIV-UHFFFAOYSA-N__HXNNILDUVYRDPB-UHFFFAOYSA-N,7.117871371763215
HXNNILDUVYRDPB-UHFFFAOYSA-N__HIULQUHMLIECIV-UHFFFAOYSA-N,11.865987200780818
NIXHWFMRYWSRCN-UHFFFAOYSA-N__RYRLDXDLYOFXHK-UHFFFAOYSA-N,5.927755432418021
RYRLDXDLYOFXHK-UHFFFAOYSA-N__NIXHWFMRYWSRCN-UHFFFAOYSA-N,2.12959338880661
KNEZODWURFNKBT-UHFFFAOYSA-N__YQNNUUJVUBYDHE-UHFFFAOYSA-N,2.913803230515712
YQNNUUJVUBYDHE-UHFFFAOYSA-N__KNEZODWURFNKBT-UHFFFAOYSA-N,0.988261264189435
MZBPLEJIMYNQQI-JXOAFFINSA-N__YRVZHIBGTASPHF-UHFFFAOYSA-N,7.523590447229314
YRVZHIBGTASPHF-UHFFFAOYSA-N__MZBPLEJIMYNQQI-JXOAFFINSA-N,3.6276585723586434
PUDFDRLUHMVRIP-UHFFFAOYSA-N__WDZVYRYAGQIRDH-UHFFFAOYSA-N,3.0559554321291125
WDZVYRYAGQIRDH-UHFFFAOYSA-N__PUDFDRLUHMVRIP-UHFFFAOYSA-N,6.760653908959307
BSLJNNWSMWRYQL-UHFFFAOYSA-N__JHOYVGJSJSBIAI-UHFFFAOYSA-N,5.143900086152516
GDHUQSXHDMHLGE-UHFFFAOYSA-N__AGFLIUIEUMXSEY-UHFFFAOYSA-N,6.772039160435496
DYWOIDVLNXWELA-UHFFFAOYSA-N__MJAQHTUDHHVOKW-UHFFFAOYSA-N,2.4953084645080112
MJAQHTUDHHVOKW-UHFFFAOYSA-N__DYWOIDVLNXWELA-UHFFFAOYSA-N,4.17951998011237
MUBUUMMWHIRGSB-UHFFFAOYSA-N__RROOAGSDDXQRDC-UHFFFAOYSA-N,7.87983966395154
FXYAYNHZNIXOLX-UHFFFAOYSA-N__YRTIVBJWBSUTHJ-UHFFFAOYSA-N,7.119743587760776
YRTIVBJWBSUTHJ-UHFFFAOYSA-N__FXYAYNHZNIXOLX-UHFFFAOYSA-N,6.481115228844284
SZXMDUKWIYIKKS-UHFFFAOYSA-N__KRUBYTQCRHPBOY-UHFFFAOYSA-N,2.627072697143751
DIPCBOKEESSSLI-VOTSOKGWSA-N__SDWQRPRWBPGXPU-UHFFFAOYSA-N,3.284871414860245
SDWQRPRWBPGXPU-UHFFFAOYSA-N__DIPCBOKEESSSLI-VOTSOKGWSA-N,7.681695144197445
CWJKLMHXEVWDIH-UHFFFAOYSA-N__JMZBSVKYVRUBNH-UHFFFAOYSA-N,4.184544890146669
JMZBSVKYVRUBNH-UHFFFAOYSA-N__CWJKLMHXEVWDIH-UHFFFAOYSA-N,6.896134877429781
HLCYYCURAHXWTA-UHFFFAOYSA-N__UDOPPYPMAYWTQC-UHFFFAOYSA-N,4.314725298414255
WVJPKWOASXKKHL-UHFFFAOYSA-N__XCYYUTRWBIPELU-UHFFFAOYSA-N,-0.5218673246984469
XCYYUTRWBIPELU-UHFFFAOYSA-N__WVJPKWOASXKKHL-UHFFFAOYSA-N,4.79048422694466
UDOPPYPMAYWTQC-UHFFFAOYSA-N__HLCYYCURAHXWTA-UHFFFAOYSA-N,-1.1058074555548958
ODVQVNRLZTUYQZ-UHFFFAOYSA-N__UGHOIHIWMZSGKD-UHFFFAOYSA-N,5.659802691043383
UGHOIHIWMZSGKD-UHFFFAOYSA-N__ODVQVNRLZTUYQZ-UHFFFAOYSA-N,7.101298101676559
LKXHXWBCJNVKIK-UHFFFAOYSA-N__DEIFUROCXJTANH-UHFFFAOYSA-N,5.140015667234509
DEIFUROCXJTANH-UHFFFAOYSA-N__LKXHXWBCJNVKIK-UHFFFAOYSA-N,0.5176478262562801
CNAKZWSPTPCNJD-UHFFFAOYSA-N__HYWQWDIYEYKJSH-UHFFFAOYSA-N,8.54178628200786
HYWQWDIYEYKJSH-UHFFFAOYSA-N__CNAKZWSPTPCNJD-UHFFFAOYSA-N,7.358139367367793
HTIKQQQZUBWXAC-UHFFFAOYSA-N__MHTFFZSPVMAJBO-UHFFFAOYSA-N,7.247794740143911
JWTCGXGRZICGSB-UHFFFAOYSA-N__OKSSLLIUYLKXIB-UHFFFAOYSA-N,4.903253838528904
OKSSLLIUYLKXIB-UHFFFAOYSA-N__JWTCGXGRZICGSB-UHFFFAOYSA-N,-6.859514179601137
MHTFFZSPVMAJBO-UHFFFAOYSA-N__HTIKQQQZUBWXAC-UHFFFAOYSA-N,0.8452814857802033
BBFFEJBZWPDRFA-UHFFFAOYSA-N__SDZRCHRYIAOYSO-UHFFFAOYSA-N,12.151961731132497
JVRVHQUKVKDXNJ-UHFFFAOYSA-N__XAXXCEUBNAANRL-UHFFFAOYSA-N,9.095821475661548
SDZRCHRYIAOYSO-UHFFFAOYSA-N__BBFFEJBZWPDRFA-UHFFFAOYSA-N,9.05492856312416
XAXXCEUBNAANRL-UHFFFAOYSA-N__JVRVHQUKVKDXNJ-UHFFFAOYSA-N,5.530709154216897
ZQRJNHGYCFEBEC-UHFFFAOYSA-N__YJYJQZLQOKWJQQ-UHFFFAOYSA-N,5.352943256897119
ZLHUKJBAPORKRA-UHFFFAOYSA-N__CODAPJXFLWFLGQ-UHFFFAOYSA-N,7.25943035233996
GMLONVIJOSKBCF-UHFFFAOYSA-N__VGHSTMYMBAFVDE-UHFFFAOYSA-N,4.811075751403961
VGHSTMYMBAFVDE-UHFFFAOYSA-N__GMLONVIJOSKBCF-UHFFFAOYSA-N,3.0001070631108973
MFHKYRYQGPNCLM-UHFFFAOYSA-N__UBHLLXKKUAITTO-UHFFFAOYSA-N,7.529446069219428
UBHLLXKKUAITTO-UHFFFAOYSA-N__MFHKYRYQGPNCLM-UHFFFAOYSA-N,2.355317257396054
WTPCEMVXJKMFNZ-UHFFFAOYSA-N__ATJNHJABWJCPQV-UHFFFAOYSA-N,2.05379677170212
GTEDIHSWLNJNOG-UHFFFAOYSA-N__OLZIQYPCOJRLDU-UHFFFAOYSA-N,2.545093203262794
ZGOISIVITVYZHS-UHFFFAOYSA-N__RWRKXAFRRYLJDT-UHFFFAOYSA-N,9.0340223049714
BSRAJLXFAMXEAW-UHFFFAOYSA-N__CTMWFKNUCSIZRZ-UHFFFAOYSA-N,4.5458378516905125
CNNGYBZPSGRHKY-UHFFFAOYSA-N__XMYPVLUGOKWAFL-UHFFFAOYSA-N,2.296994078037817
XMYPVLUGOKWAFL-UHFFFAOYSA-N__CNNGYBZPSGRHKY-UHFFFAOYSA-N,-0.1006316919272056
WTTLKFNZIZTGCG-UHFFFAOYSA-N__NGSDGWYCSBMTCY-UHFFFAOYSA-N,5.753535147998427
NGSDGWYCSBMTCY-UHFFFAOYSA-N__WTTLKFNZIZTGCG-UHFFFAOYSA-N,10.457260416594153
ZTTMCZCWMIUQEC-UHFFFAOYSA-N__NOYLFISDUDXNOZ-UHFFFAOYSA-N,7.437450690218138
ASJQCHWZLLOXPR-UHFFFAOYSA-N__JXGCEIVHYLYNSX-UHFFFAOYSA-N,12.069933746106532
JXGCEIVHYLYNSX-UHFFFAOYSA-N__ASJQCHWZLLOXPR-UHFFFAOYSA-N,10.17968179916434
CBKMQAVGQAQPJI-UHFFFAOYSA-N__VUAKKOJYUBLTDB-UHFFFAOYSA-N,8.856402141547406
VUAKKOJYUBLTDB-UHFFFAOYSA-N__CBKMQAVGQAQPJI-UHFFFAOYSA-N,0.4461430112089514
INPLRAWJFQTIID-WYUUTHIRSA-N__ICZASNNGMBMJOA-UHFFFAOYSA-N,8.090100778396401
ATHCQUPQMURMDO-UHFFFAOYSA-N__QYPMPGLUTCXELI-UHFFFAOYSA-N,-3.2513294057906355
ICZASNNGMBMJOA-UHFFFAOYSA-N__INPLRAWJFQTIID-WYUUTHIRSA-N,14.405621744300966
QYPMPGLUTCXELI-UHFFFAOYSA-N__ATHCQUPQMURMDO-UHFFFAOYSA-N,7.083695248746624
KCFIQGXYXCHOOE-UHFFFAOYSA-N__MTMIJRZSNIOZCJ-UHFFFAOYSA-N,6.9491644563306805
MTMIJRZSNIOZCJ-UHFFFAOYSA-N__KCFIQGXYXCHOOE-UHFFFAOYSA-N,-0.9013678565802224
QABUYUQXQAOAQB-UHFFFAOYSA-N__JGPIYEWUZLVYHJ-UHFFFAOYSA-N,2.0070051214660403
JGPIYEWUZLVYHJ-UHFFFAOYSA-N__QABUYUQXQAOAQB-UHFFFAOYSA-N,2.612607240336327
DLFRYSLXFQVYHZ-UHFFFAOYSA-N__HFNYSFULRRHNGQ-UHFFFAOYSA-N,4.66079006988423
HFNYSFULRRHNGQ-UHFFFAOYSA-N__DLFRYSLXFQVYHZ-UHFFFAOYSA-N,4.2029044475075175
KFLSHRZTMUUPCJ-UHFFFAOYSA-N__SMOKTPABSAHPQW-UHFFFAOYSA-N,0.4638663780350101
OVHMQDBOHOYZQR-UHFFFAOYSA-N__PEYGVGWENBACHF-UHFFFAOYSA-N,6.735794324357999
PEYGVGWENBACHF-UHFFFAOYSA-N__OVHMQDBOHOYZQR-UHFFFAOYSA-N,1.784852082673169
KMRJPQWIISNDHS-UHFFFAOYSA-N__GDYIUOPFDFOTJN-UHFFFAOYSA-N,8.744426861164971
GEKYVIHYAGDXNV-UHFFFAOYSA-N__VXWAFFKYYPGUPG-UHFFFAOYSA-N,8.188681262922534
XRWAKEGGGGHUNX-UHFFFAOYSA-N__ZMYVLXWGCUFBCK-BETUJISGSA-N,13.75027563127126
GDYIUOPFDFOTJN-UHFFFAOYSA-N__KMRJPQWIISNDHS-UHFFFAOYSA-N,11.02592603081689
VXWAFFKYYPGUPG-UHFFFAOYSA-N__GEKYVIHYAGDXNV-UHFFFAOYSA-N,-1.4842114790900625
ZUNAHXMTSRRYMF-UHFFFAOYSA-N__SRSDIARILJOPEN-UHFFFAOYSA-N,2.7547579925437296
SRSDIARILJOPEN-UHFFFAOYSA-N__ZUNAHXMTSRRYMF-UHFFFAOYSA-N,2.865416107444178
ZMYVLXWGCUFBCK-BETUJISGSA-N__XRWAKEGGGGHUNX-UHFFFAOYSA-N,2.783764099561113
JTBBVYPXDZQPJI-UHFFFAOYSA-N__HUUKKJQRNBUNTE-UHFFFAOYSA-N,15.41005169976064
LFZNGFRVSDHFQF-UHFFFAOYSA-N__YAXDDDQKPHPANE-UHFFFAOYSA-N,10.399501968673514
YAXDDDQKPHPANE-UHFFFAOYSA-N__LFZNGFRVSDHFQF-UHFFFAOYSA-N,0.2275393319633542
RGHJTTVVGRHZFJ-UHFFFAOYSA-N__GWKCVMDZMFKPHZ-UHFFFAOYSA-N,2.679706545118123
SLBVGTNPZWEACY-UHFFFAOYSA-N__VECUYSZUTVXYAF-UHFFFAOYSA-N,-1.4853237663222656
GWKCVMDZMFKPHZ-UHFFFAOYSA-N__RGHJTTVVGRHZFJ-UHFFFAOYSA-N,1.483426863838003
VECUYSZUTVXYAF-UHFFFAOYSA-N__SLBVGTNPZWEACY-UHFFFAOYSA-N,7.096257089017707
FTAWOEOGWLMGAD-UHFFFAOYSA-N__UTUGCGABRJMXQS-JTQLQIEISA-N,13.824066974096803
UTUGCGABRJMXQS-JTQLQIEISA-N__FTAWOEOGWLMGAD-UHFFFAOYSA-N,7.283826070235642
BSFXLOGCXQTSQK-UHFFFAOYSA-N__RLVJVUVKYOQMHN-UHFFFAOYSA-N,9.28065537953588
QZRIZGILKSORNO-UHFFFAOYSA-N__ROBHGXMQCULBOT-UHFFFAOYSA-N,6.733272398299835
ROBHGXMQCULBOT-UHFFFAOYSA-N__QZRIZGILKSORNO-UHFFFAOYSA-N,0.3585300461097878
RLVJVUVKYOQMHN-UHFFFAOYSA-N__BSFXLOGCXQTSQK-UHFFFAOYSA-N,0.2575869658511445
ZNBGSWQGFMTUDP-UHFFFAOYSA-N__DLYAIKGAPZIUBN-UHFFFAOYSA-N,-2.3314669418387863
DLYAIKGAPZIUBN-UHFFFAOYSA-N__ZNBGSWQGFMTUDP-UHFFFAOYSA-N,5.110522174354145
XCXUVFZAPXWHTC-UHFFFAOYSA-N__PAVANNWEMPRNSY-UHFFFAOYSA-N,9.32385256581865
RZQKMZPIAQATHI-UHFFFAOYSA-N__SCPHDQQKEGQAHW-UHFFFAOYSA-N,-1.587739065438781
PAVANNWEMPRNSY-UHFFFAOYSA-N__XCXUVFZAPXWHTC-UHFFFAOYSA-N,14.283844787407366
GHHGJOOJRLARMO-UHFFFAOYSA-N__NLFSQBCFVRXSNN-UHFFFAOYSA-N,5.718815763686529
NLFSQBCFVRXSNN-UHFFFAOYSA-N__GHHGJOOJRLARMO-UHFFFAOYSA-N,1.7010934065822718
SCPHDQQKEGQAHW-UHFFFAOYSA-N__RZQKMZPIAQATHI-UHFFFAOYSA-N,4.5481758828913135
IEPAGAQTUCUSCM-UHFFFAOYSA-N__JCTPIZDEKWCZAU-UHFFFAOYSA-N,7.791473541852808
HYNXXUKMVNOOQE-UHFFFAOYSA-N__UETHOMDBOSKQTE-UHFFFAOYSA-N,9.112410652402962
JCTPIZDEKWCZAU-UHFFFAOYSA-N__IEPAGAQTUCUSCM-UHFFFAOYSA-N,4.749586952492082
UETHOMDBOSKQTE-UHFFFAOYSA-N__HYNXXUKMVNOOQE-UHFFFAOYSA-N,12.68179567148956
MKFRRSVFQYOJHP-UHFFFAOYSA-N__AVCGUYUQGJVSKB-UHFFFAOYSA-N,3.060911800248154
AVCGUYUQGJVSKB-UHFFFAOYSA-N__MKFRRSVFQYOJHP-UHFFFAOYSA-N,3.107129534005949
CLYRHBMFJOBLCZ-UHFFFAOYSA-N__FBBRVKZPVMCJGZ-UHFFFAOYSA-N,2.028927279247624
FBBRVKZPVMCJGZ-UHFFFAOYSA-N__CLYRHBMFJOBLCZ-UHFFFAOYSA-N,6.156495802601588
PCGWDIXSXNBCEJ-UHFFFAOYSA-N__VLBBVIYZTGEWGQ-UHFFFAOYSA-N,6.63904938165578
VLBBVIYZTGEWGQ-UHFFFAOYSA-N__PCGWDIXSXNBCEJ-UHFFFAOYSA-N,3.133893921805968
PAKODAZALDXLBR-UHFFFAOYSA-N__VGAOEAYWYBZWSU-UHFFFAOYSA-N,9.570964899242554
VGAOEAYWYBZWSU-UHFFFAOYSA-N__PAKODAZALDXLBR-UHFFFAOYSA-N,9.409895770432046
SIHFZJLPKQUYAH-UHFFFAOYSA-N__QCBPUTVLXZMOPT-UHFFFAOYSA-N,2.4283333477170883
QCBPUTVLXZMOPT-UHFFFAOYSA-N__SIHFZJLPKQUYAH-UHFFFAOYSA-N,4.268790702126703
WJRFBMDGQYIHAJ-UHFFFAOYSA-N__BGBWNDUMVSMUIY-UHFFFAOYSA-N,4.914021868411679
BGBWNDUMVSMUIY-UHFFFAOYSA-N__WJRFBMDGQYIHAJ-UHFFFAOYSA-N,8.712573290945846
JNMHKOWKQBQTIA-UHFFFAOYSA-N__SSTXUPXQKYDZEJ-UHFFFAOYSA-N,10.562601783915756
SSTXUPXQKYDZEJ-UHFFFAOYSA-N__JNMHKOWKQBQTIA-UHFFFAOYSA-N,9.50621951590822
ZDCNWNJMCTVNCE-UHFFFAOYSA-N__KNYXIVVTLRXFGC-UHFFFAOYSA-N,-1.4092071893302631
FPXFUKOSQDNCSX-UHFFFAOYSA-N__BBUNOIVBVVLCIR-UHFFFAOYSA-N,5.371491603152356
BBUNOIVBVVLCIR-UHFFFAOYSA-N__FPXFUKOSQDNCSX-UHFFFAOYSA-N,4.638890137231583
FBUSWQRIDDFKDW-UHFFFAOYSA-N__SZCJXITVUHXTFI-UHFFFAOYSA-N,4.786397450061121
SZCJXITVUHXTFI-UHFFFAOYSA-N__FBUSWQRIDDFKDW-UHFFFAOYSA-N,7.95440755694833
WGPZZNOVHMFGLF-UHFFFAOYSA-N__PZFGWBJNOHHZDK-UHFFFAOYSA-N,7.003390715888315
PZFGWBJNOHHZDK-UHFFFAOYSA-N__WGPZZNOVHMFGLF-UHFFFAOYSA-N,9.140722095159164
ADNJIJJJNSTSHZ-UHFFFAOYSA-N__FFIKIAXDPVQEFR-UHFFFAOYSA-N,5.02189740358993
FFIKIAXDPVQEFR-UHFFFAOYSA-N__ADNJIJJJNSTSHZ-UHFFFAOYSA-N,6.150842800821257
ZKICESLVDZXWOY-UHFFFAOYSA-N__LGLKLPKJWRKLKH-UHFFFAOYSA-N,14.538225428203589
OXVLSFSHOWXYML-UHFFFAOYSA-N__VCIBSEUEEWJLGE-UHFFFAOYSA-N,1.89293741824602
VCIBSEUEEWJLGE-UHFFFAOYSA-N__OXVLSFSHOWXYML-UHFFFAOYSA-N,0.992775569685657
FDGWWNFZSAQDAN-UHFFFAOYSA-N__DYTHSXWQWBUEGE-UHFFFAOYSA-N,3.354880582992975
DYTHSXWQWBUEGE-UHFFFAOYSA-N__FDGWWNFZSAQDAN-UHFFFAOYSA-N,9.62738400178156
LKYMZBGBQMPLFQ-UHFFFAOYSA-N__AJINPDIAUZEJAS-RTBURBONSA-N,-1.601844919460273
AJINPDIAUZEJAS-RTBURBONSA-N__LKYMZBGBQMPLFQ-UHFFFAOYSA-N,3.088341345479399
POXLEZJZBOEOGA-UHFFFAOYSA-N__LRQIBJPXIDQLOV-UHFFFAOYSA-N,7.042649818776635
HQRAIPPOMXRSSF-UHFFFAOYSA-N__IAUXRHNPDCVXEV-UHFFFAOYSA-N,9.79837422340444
LRQIBJPXIDQLOV-UHFFFAOYSA-N__POXLEZJZBOEOGA-UHFFFAOYSA-N,6.2734661615933325
IAUXRHNPDCVXEV-UHFFFAOYSA-N__HQRAIPPOMXRSSF-UHFFFAOYSA-N,5.575208171826921
CWHGQSDYCUAQPZ-UHFFFAOYSA-N__GDIQHHVUOCKMQF-UHFFFAOYSA-N,15.358628086889537
GDIQHHVUOCKMQF-UHFFFAOYSA-N__CWHGQSDYCUAQPZ-UHFFFAOYSA-N,5.344917780102587
JRGMKJAAQUFSQW-UHFFFAOYSA-N__LPDPJYKIMHMOGD-UHFFFAOYSA-N,7.886459679850556
ACGZJFDBBISIIV-UHFFFAOYSA-N__VBTVBQZLVVZJPW-UHFFFAOYSA-N,15.755569201364995
XTCAUTVMLSFBND-UHFFFAOYSA-N__VDZRMVPXILRXMS-UHFFFAOYSA-N,-1.8236795664806709
VBTVBQZLVVZJPW-UHFFFAOYSA-N__ACGZJFDBBISIIV-UHFFFAOYSA-N,5.014300907739002
VDZRMVPXILRXMS-UHFFFAOYSA-N__XTCAUTVMLSFBND-UHFFFAOYSA-N,2.975798473870115
LPDPJYKIMHMOGD-UHFFFAOYSA-N__JRGMKJAAQUFSQW-UHFFFAOYSA-N,5.683079910741414
NEKBHIFQOLJVDK-UHFFFAOYSA-N__VBEXJRYVOHYTDK-UHFFFAOYSA-N,6.559599083548959
VBEXJRYVOHYTDK-UHFFFAOYSA-N__NEKBHIFQOLJVDK-UHFFFAOYSA-N,2.422827236888992
AUSUMKPCVBJFID-UHFFFAOYSA-N__MNSKWWJHRLODNY-UHFFFAOYSA-N,4.21799468069724
MNSKWWJHRLODNY-UHFFFAOYSA-N__AUSUMKPCVBJFID-UHFFFAOYSA-N,6.85356520746809
HKIYSIPMSNJNKC-UHFFFAOYSA-N__FBJDBXMBQDYNGQ-UHFFFAOYSA-N,4.258219511951217
FBJDBXMBQDYNGQ-UHFFFAOYSA-N__HKIYSIPMSNJNKC-UHFFFAOYSA-N,-0.102694166271572
UOZMVCOBTPIPKT-UHFFFAOYSA-N__BWDJMAFZVGNCFX-UHFFFAOYSA-N,7.718706209964941
MNJQGNKVKJENLG-UHFFFAOYSA-N__UXKGZDCSKZZROP-UHFFFAOYSA-N,9.426359086055706
UXKGZDCSKZZROP-UHFFFAOYSA-N__MNJQGNKVKJENLG-UHFFFAOYSA-N,9.59392758314309
BDUFOVWZBTVLPY-UHFFFAOYSA-N__ZGYRZKJMZUCAFN-UHFFFAOYSA-N,10.140201641993269
BJIKGFPZOWVMDI-UHFFFAOYSA-N__SHVMECZMKKXFTJ-CHHVJCJISA-N,5.341347532080188
SHVMECZMKKXFTJ-CHHVJCJISA-N__BJIKGFPZOWVMDI-UHFFFAOYSA-N,1.9971941322163629
AHRJZXFBUCJPCL-UHFFFAOYSA-N__ZWADOKFFXIBUPW-UHFFFAOYSA-N,3.985623325838125
DLRAXZAFNPDSKX-UHFFFAOYSA-N__CAMSAGRVMPPOSI-UHFFFAOYSA-N,7.22752177795865
CAMSAGRVMPPOSI-UHFFFAOYSA-N__DLRAXZAFNPDSKX-UHFFFAOYSA-N,11.953417794942796
JFFBGHFFVBSIAL-UHFFFAOYSA-N__JTRCKPVKQQEFTP-UHFFFAOYSA-N,1.4955864725784656
JTRCKPVKQQEFTP-UHFFFAOYSA-N__JFFBGHFFVBSIAL-UHFFFAOYSA-N,6.560797120870254
STYMTGDMFFISQC-UHFFFAOYSA-N__MJZSKNKNJQAQNY-UHFFFAOYSA-N,7.108003035987986
MJZSKNKNJQAQNY-UHFFFAOYSA-N__STYMTGDMFFISQC-UHFFFAOYSA-N,6.52014019355911
RHWRKWJSVCJQCD-UHFFFAOYSA-N__RVCFJIXARXKRAC-UHFFFAOYSA-N,6.812001599908211
RVCFJIXARXKRAC-UHFFFAOYSA-N__RHWRKWJSVCJQCD-UHFFFAOYSA-N,4.978791889579132
MLMABFZDMQPCLP-UHFFFAOYSA-N__IPQCALGVOAPYRP-UHFFFAOYSA-N,11.159926146451298
IPQCALGVOAPYRP-UHFFFAOYSA-N__MLMABFZDMQPCLP-UHFFFAOYSA-N,5.159913069042628
QOWUZAHQWZGKFX-UXBLZVDNSA-N__AXNFQLOMGFTPST-UHFFFAOYSA-N,4.630128280363629
AXNFQLOMGFTPST-UHFFFAOYSA-N__QOWUZAHQWZGKFX-UXBLZVDNSA-N,8.644889122700434
MBHIXKQRZRHJPV-UHFFFAOYSA-N__VVMZWWMIIKADAG-UHFFFAOYSA-N,-2.0730349577375904
HCEPWGGLBHMLDF-UHFFFAOYSA-N__GKXMWERDCUFMMP-UHFFFAOYSA-N,5.324943946865074
FIMXNPHYCQKCTA-UHFFFAOYSA-N__ZNAKAFAUDDSHFH-UHFFFAOYSA-N,0.9456336267625954
ZNAKAFAUDDSHFH-UHFFFAOYSA-N__FIMXNPHYCQKCTA-UHFFFAOYSA-N,7.953000359790415
VVMZWWMIIKADAG-UHFFFAOYSA-N__MBHIXKQRZRHJPV-UHFFFAOYSA-N,4.98487236611077
WYEIRJUKSRGZPQ-UHFFFAOYSA-N__CPPPGXQTPFMECZ-UHFFFAOYSA-N,9.35269336967641
CPPPGXQTPFMECZ-UHFFFAOYSA-N__WYEIRJUKSRGZPQ-UHFFFAOYSA-N,7.865530401632058
QWSCAVAIXCDYQT-UHFFFAOYSA-N__LALDKMSPAFYEPL-UHFFFAOYSA-N,7.086948897046491
NDJOVFWSYVCQHD-UHFFFAOYSA-N__UIQUSXAZPRCKRV-UHFFFAOYSA-N,4.115097917829281
UIQUSXAZPRCKRV-UHFFFAOYSA-N__NDJOVFWSYVCQHD-UHFFFAOYSA-N,8.181435378432436
FKVJWQULLFSIOJ-UHFFFAOYSA-N__HLTAUXFSEAKJSW-UHFFFAOYSA-N,17.610245003823106
CKHHWWWZRBHCHC-UHFFFAOYSA-N__WNKBHEQTBJZLOL-CYBMUJFWSA-N,7.3633274154415025
AEKRCMXUTCNFIC-UHFFFAOYSA-N__SIKRQGNXXSCVKO-UHFFFAOYSA-N,1.828107733301176
WNKBHEQTBJZLOL-CYBMUJFWSA-N__CKHHWWWZRBHCHC-UHFFFAOYSA-N,6.59351861247962
SIKRQGNXXSCVKO-UHFFFAOYSA-N__AEKRCMXUTCNFIC-UHFFFAOYSA-N,3.715396315498245
XTSCTZVUMIXWQT-UHFFFAOYSA-N__BVLFLALFDMKISM-UHFFFAOYSA-N,5.133417969419885
BVLFLALFDMKISM-UHFFFAOYSA-N__XTSCTZVUMIXWQT-UHFFFAOYSA-N,5.073577023065627
VWNBMZGBHWMRMF-UHFFFAOYSA-N__UEZVXJZWSPGOKU-UHFFFAOYSA-N,10.602547789891002
UEZVXJZWSPGOKU-UHFFFAOYSA-N__VWNBMZGBHWMRMF-UHFFFAOYSA-N,6.226378225790657
IJVRCSNDZLGDFG-UHFFFAOYSA-N__MWIGKGVXKAMPDG-UHFFFAOYSA-N,10.243659010517604
MWIGKGVXKAMPDG-UHFFFAOYSA-N__IJVRCSNDZLGDFG-UHFFFAOYSA-N,12.596790821133316
NDYAVMAITFAVOE-UHFFFAOYSA-N__CHLOGJCJRLNSEY-UHFFFAOYSA-N,3.9437417334980047
CHLOGJCJRLNSEY-UHFFFAOYSA-N__NDYAVMAITFAVOE-UHFFFAOYSA-N,7.921149328403826
KDVMMTSIZLFTJU-UHFFFAOYSA-N__LGXDAWAHSVHYCG-UHFFFAOYSA-N,1.2461510677184364
LGXDAWAHSVHYCG-UHFFFAOYSA-N__KDVMMTSIZLFTJU-UHFFFAOYSA-N,4.457615974131409
OMGNHVUJHHLHIU-UHFFFAOYSA-N__XPDQWMYTMXGCRT-UHFFFAOYSA-N,-0.898047684062092
HDOHGHGJIIBWBI-UHFFFAOYSA-N__SNNYHOGAMRQLMW-UHFFFAOYSA-N,-0.8085311003577396
XPDQWMYTMXGCRT-UHFFFAOYSA-N__OMGNHVUJHHLHIU-UHFFFAOYSA-N,10.1225538902936
SNNYHOGAMRQLMW-UHFFFAOYSA-N__HDOHGHGJIIBWBI-UHFFFAOYSA-N,6.117917688821368
QWFHFNGMCPMOCD-UHFFFAOYSA-N__VEIDHJWTTPVWHH-UHFFFAOYSA-N,1.182435754476625
VEIDHJWTTPVWHH-UHFFFAOYSA-N__QWFHFNGMCPMOCD-UHFFFAOYSA-N,0.7913650210064117
KRUIYHHWGBWCLH-UHFFFAOYSA-N__LMPKKQKTWZFYRY-UHFFFAOYSA-N,9.07398379434375
LMPKKQKTWZFYRY-UHFFFAOYSA-N__KRUIYHHWGBWCLH-UHFFFAOYSA-N,6.999826409809854
CCTZQNBZWANSSP-UHFFFAOYSA-N__LUDUNBWJCOZYQP-UHFFFAOYSA-N,2.4435227680175067
LUDUNBWJCOZYQP-UHFFFAOYSA-N__CCTZQNBZWANSSP-UHFFFAOYSA-N,6.107445629540998
GXKIEWOTSXPALE-UHFFFAOYSA-N__AKYBLDOEOOXQLW-UHFFFAOYSA-N,7.301043420192876
SHPYVZUISGQSAQ-UHFFFAOYSA-N__WGNMSOOIADHTSS-UHFFFAOYSA-N,7.599866656491688
WGNMSOOIADHTSS-UHFFFAOYSA-N__SHPYVZUISGQSAQ-UHFFFAOYSA-N,8.468013536052176
JYYGAYMKLPATTC-UHFFFAOYSA-N__ORGBUOFMDHPPIX-UHFFFAOYSA-N,4.625877846159965
SUSUAOFLAPZURE-UHFFFAOYSA-N__LGBYSVSXAUFNPZ-UHFFFAOYSA-N,20.56828839318833
BBYZNOPAOZBGSY-UHFFFAOYSA-N__OADPYZYTXNUBND-UHFFFAOYSA-N,0.784060755852388
OADPYZYTXNUBND-UHFFFAOYSA-N__BBYZNOPAOZBGSY-UHFFFAOYSA-N,11.35209667268204
LDMWSAUNPNXNFE-UHFFFAOYSA-N__NWFQKPJYEJRQRI-UHFFFAOYSA-N,12.292245207179366
NWFQKPJYEJRQRI-UHFFFAOYSA-N__LDMWSAUNPNXNFE-UHFFFAOYSA-N,5.43909037372614
HUGSWLMCANLAOD-UHFFFAOYSA-N__ZXUOBGLZGVHVGF-UHFFFAOYSA-N,1.4363923197806014
XNSFHBLCECYRRW-UHFFFAOYSA-N__KHWDORPYKLTEGJ-UHFFFAOYSA-N,10.259120827046248
ZXUOBGLZGVHVGF-UHFFFAOYSA-N__HUGSWLMCANLAOD-UHFFFAOYSA-N,7.8392086251274735
KHWDORPYKLTEGJ-UHFFFAOYSA-N__XNSFHBLCECYRRW-UHFFFAOYSA-N,6.081170321490657
ISETVCKLAYXQSJ-UHFFFAOYSA-N__KJHBVQBQLSUAQO-UHFFFAOYSA-N,9.476853270844128
KJHBVQBQLSUAQO-UHFFFAOYSA-N__ISETVCKLAYXQSJ-UHFFFAOYSA-N,7.851027172378341
JBRRTHRGLUWEET-UHFFFAOYSA-N__VMUJXUSMWLCSJC-UHFFFAOYSA-N,3.5171442448538723
VMUJXUSMWLCSJC-UHFFFAOYSA-N__JBRRTHRGLUWEET-UHFFFAOYSA-N,0.2126933434810091
TYMLOPAHAXJZAT-UHFFFAOYSA-N__WZSMCIUOHWXQSD-UHFFFAOYSA-N,10.585724887461472
WZSMCIUOHWXQSD-UHFFFAOYSA-N__TYMLOPAHAXJZAT-UHFFFAOYSA-N,11.703390425157547
CMYNALMSTBXLMN-UHFFFAOYSA-N__JVBDWVSVBXEESQ-UHFFFAOYSA-N,5.560389370140448
JVBDWVSVBXEESQ-UHFFFAOYSA-N__CMYNALMSTBXLMN-UHFFFAOYSA-N,5.8093583109638685
AKMARJYBKBAUKO-UHFFFAOYSA-N__KOIHWMGIWSGTNB-UHFFFAOYSA-N,4.887902614881049
KOIHWMGIWSGTNB-UHFFFAOYSA-N__AKMARJYBKBAUKO-UHFFFAOYSA-N,6.072992794537692
RUJQSVKLXYNUSG-UHFFFAOYSA-N__GRBUJCAXQAKEKT-UHFFFAOYSA-N,0.4213597178904573
IAUHRFXEQBNKSC-UHFFFAOYSA-N__MNBJHSBVNYVSPR-UHFFFAOYSA-N,3.955748030796476
GRBUJCAXQAKEKT-UHFFFAOYSA-N__RUJQSVKLXYNUSG-UHFFFAOYSA-N,7.52542746549692
MQDHNQRECPEHAV-UHFFFAOYSA-N__OYQVMEOWBBKLSC-UHFFFAOYSA-N,5.983742996133222
MNBJHSBVNYVSPR-UHFFFAOYSA-N__IAUHRFXEQBNKSC-UHFFFAOYSA-N,-0.3592043704257809
OYQVMEOWBBKLSC-UHFFFAOYSA-N__MQDHNQRECPEHAV-UHFFFAOYSA-N,6.7449013023649895
HWZZDJZCVHMBBL-UHFFFAOYSA-N__NJOVVXGNFCFGTF-UHFFFAOYSA-N,12.097533802036155
WVEUFXDQOLPKHG-UHFFFAOYSA-N__ZVLMTGMEIIHNBD-UHFFFAOYSA-N,4.907151237467243
ZVLMTGMEIIHNBD-UHFFFAOYSA-N__WVEUFXDQOLPKHG-UHFFFAOYSA-N,5.451052774361785
NJOVVXGNFCFGTF-UHFFFAOYSA-N__HWZZDJZCVHMBBL-UHFFFAOYSA-N,7.014529049706202
OJUJJPNIOLHDIF-UHFFFAOYSA-N__MUBUUMMWHIRGSB-UHFFFAOYSA-N,10.740236072074786
MUBUUMMWHIRGSB-UHFFFAOYSA-N__OJUJJPNIOLHDIF-UHFFFAOYSA-N,2.872669232543705
GUGYXLVCZAEWIK-UHFFFAOYSA-N__WICIVJOUWNKZTH-UHFFFAOYSA-N,8.109308274221167
WICIVJOUWNKZTH-UHFFFAOYSA-N__GUGYXLVCZAEWIK-UHFFFAOYSA-N,6.675176710906942
ZHJCAWSTLZNGHJ-UHFFFAOYSA-N__MUZJAKYARWISPS-UHFFFAOYSA-N,8.098542084685223
MUZJAKYARWISPS-UHFFFAOYSA-N__ZHJCAWSTLZNGHJ-UHFFFAOYSA-N,-0.5617400993946289
GWPRSYBFPNPQJN-UHFFFAOYSA-N__ZZENMDADQYAXHL-UHFFFAOYSA-N,9.839646888945364
ZZENMDADQYAXHL-UHFFFAOYSA-N__GWPRSYBFPNPQJN-UHFFFAOYSA-N,7.791886333565622
MMELJSLRWOIQKG-UHFFFAOYSA-N__KEVMLTMZWWFBBN-UHFFFAOYSA-N,13.893349082099922
PNWBKDCEDBHBDD-UHFFFAOYSA-N__RYASWFAJOIECEU-UHFFFAOYSA-N,-0.746089939903672
RYASWFAJOIECEU-UHFFFAOYSA-N__PNWBKDCEDBHBDD-UHFFFAOYSA-N,10.261462347822004
NMVZMLKCSZYYPO-UHFFFAOYSA-N__YESZHYRNVVCLIF-UHFFFAOYSA-N,9.058938261528423
YESZHYRNVVCLIF-UHFFFAOYSA-N__NMVZMLKCSZYYPO-UHFFFAOYSA-N,6.03605623581475
OKHWJVOPOOGZSZ-UHFFFAOYSA-N__FDESSSXITAGZHA-UHFFFAOYSA-N,11.227071695966451
FDESSSXITAGZHA-UHFFFAOYSA-N__OKHWJVOPOOGZSZ-UHFFFAOYSA-N,3.90267696486933
BXYHKQKRUPOGPW-UHFFFAOYSA-N__WXGANZDJPBWBHG-UHFFFAOYSA-N,6.77795515610304
WXGANZDJPBWBHG-UHFFFAOYSA-N__BXYHKQKRUPOGPW-UHFFFAOYSA-N,7.902505237956771
DHMCBDZVWOGLEE-UHFFFAOYSA-N__NCJOGZIKHJESQO-UHFFFAOYSA-N,7.730789876308747
NCJOGZIKHJESQO-UHFFFAOYSA-N__DHMCBDZVWOGLEE-UHFFFAOYSA-N,11.963146747078191
PNWZXWWCUUHLEL-UHFFFAOYSA-N__QEAVBWCKVUKRRN-UHFFFAOYSA-N,3.942467269741085
QEAVBWCKVUKRRN-UHFFFAOYSA-N__PNWZXWWCUUHLEL-UHFFFAOYSA-N,4.786549300183406
WSHWRCBBHQWOQV-UHFFFAOYSA-N__XPCVGVMSJNPECJ-UHFFFAOYSA-N,2.674792756733487
XPCVGVMSJNPECJ-UHFFFAOYSA-N__WSHWRCBBHQWOQV-UHFFFAOYSA-N,-1.7375558338345425
AXYSYJIIZQRLIK-UHFFFAOYSA-N__LAOCRINQKJANQE-UHFFFAOYSA-N,6.132342700802291
RKQLHIFWYZKOFK-UHFFFAOYSA-N__UERFTUSARHBBDJ-UHFFFAOYSA-N,8.930302014612813
UERFTUSARHBBDJ-UHFFFAOYSA-N__RKQLHIFWYZKOFK-UHFFFAOYSA-N,1.583041190393625
LAOCRINQKJANQE-UHFFFAOYSA-N__AXYSYJIIZQRLIK-UHFFFAOYSA-N,2.8400042245364805
VQVPGMZMASCYFG-UHFFFAOYSA-N__VXUWKPONTHAUNV-UHFFFAOYSA-N,11.846226876168636
VXUWKPONTHAUNV-UHFFFAOYSA-N__VQVPGMZMASCYFG-UHFFFAOYSA-N,3.060315011305696
GFBVUFQNHLUCPX-UHFFFAOYSA-N__RKEATRJRTBOBBS-UHFFFAOYSA-N,2.4319431917678105
RKEATRJRTBOBBS-UHFFFAOYSA-N__GFBVUFQNHLUCPX-UHFFFAOYSA-N,8.231752437489718
BLPDPEKXESODAS-UHFFFAOYSA-N__KQVQFSVPIKUTCH-UHFFFAOYSA-N,-0.96321110948741
KQVQFSVPIKUTCH-UHFFFAOYSA-N__BLPDPEKXESODAS-UHFFFAOYSA-N,5.418116611220796
MQFGUFBNDRVEDZ-UHFFFAOYSA-N__ZBQGBSZAYYUZTM-UHFFFAOYSA-N,3.3945174811844154
ZBQGBSZAYYUZTM-UHFFFAOYSA-N__MQFGUFBNDRVEDZ-UHFFFAOYSA-N,9.981925130810176
VYFYHMVYDSALAA-UHFFFAOYSA-N__ZIWJMWSFKRSJEV-UHFFFAOYSA-N,0.528980037334566
ZIWJMWSFKRSJEV-UHFFFAOYSA-N__VYFYHMVYDSALAA-UHFFFAOYSA-N,6.28977326660631
BDHIBJIGOOTZMS-UHFFFAOYSA-N__GZCAFFHKYWIHDF-UHFFFAOYSA-N,8.330274725836047
GZCAFFHKYWIHDF-UHFFFAOYSA-N__BDHIBJIGOOTZMS-UHFFFAOYSA-N,10.0720285956038
ZIEFIDANMCIAOW-LBPRGKRZSA-N__XLSYDAKFLMACIZ-UHFFFAOYSA-N,6.510074058488065
XLSYDAKFLMACIZ-UHFFFAOYSA-N__ZIEFIDANMCIAOW-LBPRGKRZSA-N,13.439768878256658
DQJWBGKANXFXGM-UHFFFAOYSA-N__VXERAFOOIIWMBN-UHFFFAOYSA-N,15.43650319599752
VXERAFOOIIWMBN-UHFFFAOYSA-N__DQJWBGKANXFXGM-UHFFFAOYSA-N,8.8373989103808
PEGLUOTUNVJHDT-UHFFFAOYSA-N__AOSZYSCIRYJEOF-UHFFFAOYSA-N,-3.162436924452346
RFZPFSUMUIZEQD-UHFFFAOYSA-N__PZORTPKQVZJVIK-UHFFFAOYSA-N,-0.7658754134969742
JEXOPIRWGYIKMP-UHFFFAOYSA-N__WQQBMAAZKSJLTE-UHFFFAOYSA-N,1.1277526204184176
WQQBMAAZKSJLTE-UHFFFAOYSA-N__JEXOPIRWGYIKMP-UHFFFAOYSA-N,2.049238384274214
GVLMQAAGWMYNFA-UHFFFAOYSA-N__WTZHAGLRDMSVQK-UHFFFAOYSA-N,0.3206169724428758
WTZHAGLRDMSVQK-UHFFFAOYSA-N__GVLMQAAGWMYNFA-UHFFFAOYSA-N,0.3880301513476777
LRZLGURASKDKFT-UHFFFAOYSA-N__MTRVTKHYJKBQBO-UHFFFAOYSA-N,2.271208197731565
PZORTPKQVZJVIK-UHFFFAOYSA-N__RFZPFSUMUIZEQD-UHFFFAOYSA-N,4.141489086474091
DVNDPPVHIXGQAX-UHFFFAOYSA-N__DISJQPXLQNQPIM-UHFFFAOYSA-N,7.8570251728076705
AXRHVHKGFOTTRX-UHFFFAOYSA-N__KNSJZJSZPAPPMG-UHFFFAOYSA-N,-2.935501883001016
DBGDPSNNYBETGJ-UHFFFAOYSA-N__FOFOFLWSOQEPHB-MRVPVSSYSA-N,2.475602072038329
ADVCYEWNLCGTBT-UHFFFAOYSA-N__FNDMFRHOMBPVFE-UHFFFAOYSA-N,-0.4643702445509136
CPELAHWINAFKBC-UHFFFAOYSA-N__QEXRCNGRHFJWIO-UHFFFAOYSA-N,2.748200488154969
DRLNNKKRFZSXLG-UHFFFAOYSA-N__JNCPPEYWFKDPHS-CRCLSJGQSA-N,-4.278460306982702
ZQYULIXQISCKLV-UHFFFAOYSA-N__QAIJMKLVIVRPAR-UHFFFAOYSA-N,1.5662959726870151
KXBUPUCKTPXGJQ-COZQAFJOSA-N__OMIGCBIHLBYZQZ-UHFFFAOYSA-N,-0.7016551269772053
PZQLLGCWXFFGFD-UHFFFAOYSA-N__BYOSZULJWYKCQL-YFKPBYRVSA-N,-2.0594169805736544
BYOSZULJWYKCQL-YFKPBYRVSA-N__PZQLLGCWXFFGFD-UHFFFAOYSA-N,-0.714187011264414
LXLVAKOATIBNAY-UHFFFAOYSA-N__OHRBQTOZYGEWCJ-UHFFFAOYSA-N,-0.9443381798272752
HGRDCDWMXMOLPT-VHBIQUBJSA-N__HBFAGGYJHPEMOX-UHFFFAOYSA-N,2.6070588285331864
WJEUGWRBUQNLAS-UHFFFAOYSA-N__XVIAKNLHEOVJTL-ZETCQYMHSA-N,-6.302026230875842
XVIAKNLHEOVJTL-ZETCQYMHSA-N__WJEUGWRBUQNLAS-UHFFFAOYSA-N,-1.9570137390925304
XJUCNOPUNUKKSO-UHFFFAOYSA-N__RZPQRKWTVAMOLO-UHFFFAOYSA-N,2.2116868953018725
OEQRZPWMXXJEKU-UHFFFAOYSA-N__LBXUDEIBNAVSJM-UNOMPAQXSA-N,0.9171556522724056
CJLKPPBODZTUMV-UHFFFAOYSA-N__JNZUUIAMAYHVQC-UHFFFAOYSA-N,0.5017081200171978
VGNSDSLQDAGXHT-UHFFFAOYSA-N__PFBXOZLEYURZOG-UHFFFAOYSA-N,4.722528988174211
PFBXOZLEYURZOG-UHFFFAOYSA-N__VGNSDSLQDAGXHT-UHFFFAOYSA-N,3.3740938464077743
KIQAQJRILXKFQP-UHFFFAOYSA-N__IDRARYLTEFJUPP-UHFFFAOYSA-N,-0.67990073203653
UVCDKJUMKRHUAT-UHFFFAOYSA-N__ZFYIFZUTNIHQKP-UHFFFAOYSA-N,-2.627809074078231
ZFYIFZUTNIHQKP-UHFFFAOYSA-N__UVCDKJUMKRHUAT-UHFFFAOYSA-N,2.104060381657116
UXLMKRTVIYPURB-UHFFFAOYSA-N__WFUYPKNQBHCMTH-UHFFFAOYSA-N,-0.5391875896154893
WFUYPKNQBHCMTH-UHFFFAOYSA-N__UXLMKRTVIYPURB-UHFFFAOYSA-N,0.0936166775450032
OJIFKVJSHLXWBI-UHFFFAOYSA-N__BWARHBHCSRBLPY-UHFFFAOYSA-N,6.3698341608582085
QLYOLVKZPSTDFV-UHFFFAOYSA-N__DXBOOBQYMUBPPZ-GFCCVEGCSA-N,-2.0716927489283843
BWARHBHCSRBLPY-UHFFFAOYSA-N__OJIFKVJSHLXWBI-UHFFFAOYSA-N,2.95943108717208
XHQKNWNROUEAFA-UHFFFAOYSA-N__SIFGUNYIAPWURL-SECBINFHSA-N,-0.0620362554731463
SIFGUNYIAPWURL-SECBINFHSA-N__XHQKNWNROUEAFA-UHFFFAOYSA-N,-1.18039867152523
IAEHXBNBSUJDJK-AWEZNQCLSA-N__VZIGDSZRIKPLQF-UHFFFAOYSA-N,3.041859396286971
VZIGDSZRIKPLQF-UHFFFAOYSA-N__IAEHXBNBSUJDJK-AWEZNQCLSA-N,0.6421815340962159
ADMCJTXMFWBEBC-UHFFFAOYSA-N__ZHGQYWJQCLXZBB-UHFFFAOYSA-N,-1.169138154643682
OCSGMYPPFUDATF-UHFFFAOYSA-N__WDJSNVLKMXJBFL-UHFFFAOYSA-N,3.214449115723717
ZTFLDXBOFASMOP-UHFFFAOYSA-N__BBSOLAKQPYNDMK-UHFFFAOYSA-N,-1.0617373615314618
ZHGQYWJQCLXZBB-UHFFFAOYSA-N__ADMCJTXMFWBEBC-UHFFFAOYSA-N,-1.22765091490819
POCLQFGGASXTFL-CWWINAKGSA-N__FEUYRYYFFXAWEB-UHFFFAOYSA-N,-2.084872093654267
FEUYRYYFFXAWEB-UHFFFAOYSA-N__POCLQFGGASXTFL-CWWINAKGSA-N,-2.1547389678851694
PXGWOVLNRHYQSZ-UHFFFAOYSA-N__XBMITDMXGPYBEO-UHFFFAOYSA-N,1.3334033540883077
DFFHLSZCWDKSEL-UHFFFAOYSA-N__DWXCKURRDJHIBL-UHFFFAOYSA-N,3.4224710044831266
DWXCKURRDJHIBL-UHFFFAOYSA-N__DFFHLSZCWDKSEL-UHFFFAOYSA-N,12.266307464694442
IXXVLQONPDPXLU-UHFFFAOYSA-N__CRBMZTUNGPEXLG-BQBZGAKWSA-N,0.2064305862924068
AXKYSFMQQVCVFG-UHFFFAOYSA-N__YJUWPPBVVLFNNO-UHFFFAOYSA-N,0.9064635730616782
FVJOLADBOHOUHG-UHFFFAOYSA-N__FMTXEMAIEKYOIS-UHFFFAOYSA-N,2.119153182357881
FMTXEMAIEKYOIS-UHFFFAOYSA-N__FVJOLADBOHOUHG-UHFFFAOYSA-N,2.994403447619401
BEIQSGHGBMRHQP-UHFFFAOYSA-N__JEUQSZADFGAROG-UHFFFAOYSA-N,0.5858275331931538
CRUKRMWVJKXHNO-UHFFFAOYSA-N__ZKKOVTLGYUZGOP-UHFFFAOYSA-N,5.220487649967043
KNPWRSYWPZRBMI-UHFFFAOYSA-N__DTUISBMHRVWRPV-UHFFFAOYSA-N,0.3335407816193331
DTUISBMHRVWRPV-UHFFFAOYSA-N__KNPWRSYWPZRBMI-UHFFFAOYSA-N,-1.0475168798772496
OKRJZPFDYHXJHM-DTWKUNHWSA-N__XWHYGJCIHAVRSF-UHFFFAOYSA-N,-4.742966728923584
KWYPLHFEQMUZSZ-UHFFFAOYSA-N__QQVGHSLTWLVCGB-UHFFFAOYSA-N,6.666340515926531
XNWVYAKGQVCNGG-UHFFFAOYSA-N__HIHZWHWXQDWLQG-UHFFFAOYSA-N,3.131742523689159
GAMBCKBUKGXODK-UHFFFAOYSA-N__PWKFBWOOUFYRCJ-UHFFFAOYSA-N,3.52707108638696
NIROFKFJWXHARG-GJZGRUSLSA-N__ISUKVJAUOHKBRR-UHFFFAOYSA-N,5.332146504338795
ISUKVJAUOHKBRR-UHFFFAOYSA-N__NIROFKFJWXHARG-GJZGRUSLSA-N,1.585549519130176
POKAPHQUTJNOIO-CABZTGNLSA-N__GAONVNZYWFEICY-UHFFFAOYSA-N,4.173343947654034
CQYSDDLZDMPIBX-UHFFFAOYSA-N__RJCWKEIRHMEBLL-UHFFFAOYSA-N,-0.2314063390330605
XESJTWPFRXFQAI-GXFFZTMASA-N__PKGARKCZEJSUTH-UHFFFAOYSA-N,-0.971204554958703
PKGARKCZEJSUTH-UHFFFAOYSA-N__XESJTWPFRXFQAI-GXFFZTMASA-N,0.6092922715845711
HWCTVWFGRZZFQA-UHFFFAOYSA-N__SLYFOAXYBQYIFV-UHFFFAOYSA-N,-2.0502979502104006
SLYFOAXYBQYIFV-UHFFFAOYSA-N__HWCTVWFGRZZFQA-UHFFFAOYSA-N,6.409533683561781
AVQDQZFSVFCSDZ-UHFFFAOYSA-N__XGCJFBQLOMAEHA-UHFFFAOYSA-N,-1.253400536593776
XGCJFBQLOMAEHA-UHFFFAOYSA-N__AVQDQZFSVFCSDZ-UHFFFAOYSA-N,-8.520067340834848
SZPCNTQJQGCDMC-UHFFFAOYSA-N__UPHHPQGMSHGLFV-UHFFFAOYSA-N,4.704446661438737
UPHHPQGMSHGLFV-UHFFFAOYSA-N__SZPCNTQJQGCDMC-UHFFFAOYSA-N,2.412573963649816
RXPLPTOJLMNMFL-UHFFFAOYSA-N__UXUXZDDLLIRHKD-UHFFFAOYSA-N,-1.2960098706417378
PDZTVJWNDHOJNS-GHMZBOCLSA-N__HXQVVYWGLBZVKL-UHFFFAOYSA-N,-2.075667177906431
HXQVVYWGLBZVKL-UHFFFAOYSA-N__PDZTVJWNDHOJNS-GHMZBOCLSA-N,-1.911836156778276
QFSROXVGFZVKSH-UHFFFAOYSA-N__FROIGNDOPWTZNW-UHFFFAOYSA-N,-1.7057816338069651
LKORGLSTORYQOS-UWVGGRQHSA-N__YHVLFETZMDQZIC-UHFFFAOYSA-N,-6.817398010170833
HDPYVVHMUQNRRS-RXMQYKEDSA-N__XQBVHKRNMGMLJS-UHFFFAOYSA-N,0.0547109044117442
XQBVHKRNMGMLJS-UHFFFAOYSA-N__HDPYVVHMUQNRRS-RXMQYKEDSA-N,-3.5736547868838366
YRJLKMPKIPZXNA-UHFFFAOYSA-N__UNBLTBJLUIYXKO-ONEGZZNKSA-N,-3.0281618854211976
FROIGNDOPWTZNW-UHFFFAOYSA-N__QFSROXVGFZVKSH-UHFFFAOYSA-N,-2.091710365755508
YHVLFETZMDQZIC-UHFFFAOYSA-N__LKORGLSTORYQOS-UWVGGRQHSA-N,-4.449216222855443
OGZYENFLIIMSQQ-XMCUXHSSSA-N__JQAUSJLUTCHXOP-UHFFFAOYSA-N,3.063414606160728
JQAUSJLUTCHXOP-UHFFFAOYSA-N__OGZYENFLIIMSQQ-XMCUXHSSSA-N,0.1557743662316139
XZNZSNKWOPVUEC-UHFFFAOYSA-N__MTXLCROONCZJOR-NWFFHIACSA-N,-0.7211438455182154
PPGVRYHNNXNBHX-UHFFFAOYSA-N__PSARHIIILZTLJR-UHFFFAOYSA-N,0.6753555089704006
UXFKFJVEGHQOGU-UHFFFAOYSA-N__QSPDOLGUTIXVTB-SOFGYWHQSA-N,0.0220647610831166
PWBFFOXVMSPYPX-QMMMGPOBSA-N__GVARCQBXXOWERI-UHFFFAOYSA-N,2.675509225576852
GVARCQBXXOWERI-UHFFFAOYSA-N__PWBFFOXVMSPYPX-QMMMGPOBSA-N,-0.1122532854701548
GTCYFMADKSYQPV-UHFFFAOYSA-N__GELYZVXVAXOQNI-UHFFFAOYSA-N,-2.70584761107829
GELYZVXVAXOQNI-UHFFFAOYSA-N__GTCYFMADKSYQPV-UHFFFAOYSA-N,-2.982940843719998
PRUAUIHFIJBPKH-UHFFFAOYSA-N__WQOLTEFVNAPCKS-UHFFFAOYSA-N,-0.6569340447021327
WQOLTEFVNAPCKS-UHFFFAOYSA-N__PRUAUIHFIJBPKH-UHFFFAOYSA-N,4.2619170544459655
DEYAYTRSLAHPPI-UHFFFAOYSA-N__CLYLNNKVJYIYII-UHFFFAOYSA-N,-1.0261472947026942
CLYLNNKVJYIYII-UHFFFAOYSA-N__DEYAYTRSLAHPPI-UHFFFAOYSA-N,1.6361941113408032
FUFUPEQIFHVTNZ-UHFFFAOYSA-N__DLXQOEMPGBXWLY-UHFFFAOYSA-N,0.0104578167637063
RNQTVCYMZQONKZ-UHFFFAOYSA-N__UDBDZQOKDJEJIL-UHFFFAOYSA-N,6.471673703648988
BPOVZYOIMMVYPR-UHFFFAOYSA-N__SMGWBKIRLMNBMH-UHFFFAOYSA-N,4.084302879693325
UDBDZQOKDJEJIL-UHFFFAOYSA-N__RNQTVCYMZQONKZ-UHFFFAOYSA-N,0.0748802198359113
DWKLWUZVNLIACY-SSDOTTSWSA-N__RTSXUBVJCSIYQE-UHFFFAOYSA-N,0.702548877428664
JJMDTERTPNYIGZ-UHFFFAOYSA-N__PCYZDYXUDRDZHG-ZDUSSCGKSA-N,0.8420561598594483
PCYZDYXUDRDZHG-ZDUSSCGKSA-N__JJMDTERTPNYIGZ-UHFFFAOYSA-N,-2.845608102639525
RTSXUBVJCSIYQE-UHFFFAOYSA-N__DWKLWUZVNLIACY-SSDOTTSWSA-N,-1.648534674036288
BMTAGRMMXWXEEL-UHFFFAOYSA-N__SUCSAJKOLWIWFU-UHFFFAOYSA-N,-0.2515770703336287
SUCSAJKOLWIWFU-UHFFFAOYSA-N__BMTAGRMMXWXEEL-UHFFFAOYSA-N,-3.345244979859076
SSTUITSVIFKUBE-UHFFFAOYSA-N__CXHNPSUBPIFFSP-UHFFFAOYSA-N,-2.418294717117012
UMCIZZCSEXRPTF-UHFFFAOYSA-N__UMJOJYPYYCFDLI-UHFFFAOYSA-N,2.9477778728294344
JSQMSPCOWWYEDG-GOSISDBHSA-N__UZYGPLHTHULECB-UHFFFAOYSA-N,-1.7706849958318327
UZYGPLHTHULECB-UHFFFAOYSA-N__JSQMSPCOWWYEDG-GOSISDBHSA-N,-2.5354525488594617
JPDYNHGNIQBBMK-UHFFFAOYSA-N__RYUPXILZTGHWLS-UHFFFAOYSA-N,0.8964791499748334
RYUPXILZTGHWLS-UHFFFAOYSA-N__JPDYNHGNIQBBMK-UHFFFAOYSA-N,-6.263686108854218
SNDCQYRJUYOGLF-GHMZBOCLSA-N__BTIXWGNMCFXUAX-UHFFFAOYSA-N,0.3847827760073422
ANFWOIFXPZFMML-UHFFFAOYSA-N__YTOOSXILRUJVFB-UHFFFAOYSA-N,1.159755957359092
HSJFBBYZKRQFKA-BQBZGAKWSA-N__SYSQFFRLKUHUGW-UHFFFAOYSA-N,-0.6276974389349738
WXQQZMRMLQLPTQ-MCIONIFRSA-N__GDNSFRPCYVYPFE-UHFFFAOYSA-N,-0.4806103193340736
GDNSFRPCYVYPFE-UHFFFAOYSA-N__WXQQZMRMLQLPTQ-MCIONIFRSA-N,-3.8323577424194095
AVEKIKUHUDECMP-NRSPTQNISA-N__LDEXMPRDFGKFPC-UHFFFAOYSA-N,-0.8371996099922584
LDEXMPRDFGKFPC-UHFFFAOYSA-N__AVEKIKUHUDECMP-NRSPTQNISA-N,-1.7986864406291023
YFWJVHRWFLJYGE-UHFFFAOYSA-N__NHKPMPRVLVJSEF-UHFFFAOYSA-N,1.8902953710517216
QOZQBVVQOKPJLC-AEJSXWLSSA-N__FPVRWSDGEYIXMT-UHFFFAOYSA-N,3.3269251368075548
ONFDWCBGJLRDII-PMACEKPBSA-N__PZASVAXOGBEJOA-UHFFFAOYSA-N,0.9070939712872738
MHASSCPGKAMILD-FIXJOCNVSA-N__BIWHGSNZVKXHSK-UHFFFAOYSA-N,-0.5045334861088586
AHIODFIMRMIAEO-UHFFFAOYSA-N__YRQWCGHCSMXYEV-VXGBXAGGSA-N,14.795628898698949
GYXDZHXDNLKLMR-UHFFFAOYSA-N__MCSPFWLVSSXMKS-KBEGMRNHSA-N,2.8020945562281647
OAUKVEZVRZELKR-UHFFFAOYSA-N__HDNKOVKCGKYEHK-UHFFFAOYSA-N,-0.8838369789962626
JVTQTEWCWPWCPL-UHFFFAOYSA-N__KQILVBMHODNZPH-SFYZADRCSA-N,4.020649689232466
MCSPFWLVSSXMKS-KBEGMRNHSA-N__GYXDZHXDNLKLMR-UHFFFAOYSA-N,-1.7296528479339062
HDNKOVKCGKYEHK-UHFFFAOYSA-N__OAUKVEZVRZELKR-UHFFFAOYSA-N,4.06705444936929
OJJIMHOQVNMVNJ-UHFFFAOYSA-N__DVDKLEHDYZEJDQ-UHFFFAOYSA-N,-0.7454131300101293
IUDMDIPSJXLOHJ-UHFFFAOYSA-N__XTWOTQVPRXDTOL-UHFFFAOYSA-N,2.804558628893148
IVMJJHXJJVUYQE-UHFFFAOYSA-N__HAEWWHRGCWYVBU-OAHLLOKOSA-N,0.3350419731521469
XTWOTQVPRXDTOL-UHFFFAOYSA-N__IUDMDIPSJXLOHJ-UHFFFAOYSA-N,4.37056600634763
HAEWWHRGCWYVBU-OAHLLOKOSA-N__IVMJJHXJJVUYQE-UHFFFAOYSA-N,3.8547833152801134
LDJHVAOBTKQVAK-UHFFFAOYSA-N__UFJXLCABWBCTMG-UHFFFAOYSA-N,-7.110971029244265
UFJXLCABWBCTMG-UHFFFAOYSA-N__LDJHVAOBTKQVAK-UHFFFAOYSA-N,0.6300536153905004
CMAPKTMUFOTYAF-KCDKBNATSA-N__QFFAZQLGIRIQGW-UHFFFAOYSA-N,1.7612246145186874
ALIRWCNGSUAHGW-MYHCZTBNSA-N__GKNRNOJRCCGXNS-UHFFFAOYSA-N,-4.012321983571948
VHCPKNPYYJDMIF-UHFFFAOYSA-N__YTUCKCBFLZHHAR-UHFFFAOYSA-N,-3.771276884129739
ZKQWESXNQSJSAK-UHFFFAOYSA-N__UCOHLYTUJCGYMV-UHFFFAOYSA-N,5.715132976140559
BMMBNPAGOBWYJM-UHFFFAOYSA-N__MJAMQFQGZPQPOM-UHFFFAOYSA-N,1.215401150075592
ZVSXPGAOTATEKG-UHFFFAOYSA-N__YXOBZWDCFNLEMG-UHFFFAOYSA-N,-3.3921200421725928
YTYAVLFPNIOCRF-UHFFFAOYSA-N__GQJDGEDLKZKOHH-UHFFFAOYSA-N,-1.8606133088601569
IBVSGHBHIUZZKV-UHFFFAOYSA-N__JCPYQOBYWLAHIG-UHFFFAOYSA-N,-1.117682091543396
GQJDGEDLKZKOHH-UHFFFAOYSA-N__YTYAVLFPNIOCRF-UHFFFAOYSA-N,-3.553753713085487
PVLKSJIUOKAUMV-UHFFFAOYSA-N__SOEQLNBRYPAUPW-UHFFFAOYSA-N,-0.1033495715838872
HVXZWFOXICTJEZ-UHFFFAOYSA-N__SWPSQFFSLYUODN-GJZGRUSLSA-N,2.817821859819236
JCPYQOBYWLAHIG-UHFFFAOYSA-N__IBVSGHBHIUZZKV-UHFFFAOYSA-N,6.277343146571682
OZHNVYCTKBOOGY-UHFFFAOYSA-N__UKDXYUOXVVGNNE-UHFFFAOYSA-N,0.4971410036938019
RODSKJMDUFINRG-UHFFFAOYSA-N__GPRYVBMHTFLLGZ-UHFFFAOYSA-N,1.415830120841744
NUUSJUSQPUNOBO-UHFFFAOYSA-N__NPDZMJZFCWNCRR-UHFFFAOYSA-N,-0.3209877775384515
NPDZMJZFCWNCRR-UHFFFAOYSA-N__NUUSJUSQPUNOBO-UHFFFAOYSA-N,1.589954398432902
CREVYCGEQQLVAR-UHFFFAOYSA-N__CNWRZELAKLEVNV-UHFFFAOYSA-N,-4.159010112349103
CNWRZELAKLEVNV-UHFFFAOYSA-N__CREVYCGEQQLVAR-UHFFFAOYSA-N,-0.4060377374015142
HIMXVCAENZXGIT-UHFFFAOYSA-N__QIWWDAOCKMSUDL-UHFFFAOYSA-N,-3.126876219634211
QIWWDAOCKMSUDL-UHFFFAOYSA-N__HIMXVCAENZXGIT-UHFFFAOYSA-N,-1.276716361984252
KYZZEHNZYIBZMF-UHFFFAOYSA-N__IDGJEKPFSORVPL-UHFFFAOYSA-N,-2.2521066517944983
CUNVTEUZSUOEEL-DHZOYJAYSA-N__QPHJYPDMYLAFHA-UHFFFAOYSA-N,5.791921284148258
BUMIUPIMHFADAI-XKQJLSEDSA-N__RHVXPAFWOYITES-UHFFFAOYSA-N,1.8277270722162784
QPHJYPDMYLAFHA-UHFFFAOYSA-N__CUNVTEUZSUOEEL-DHZOYJAYSA-N,7.079447887138143
GJSZNHMWGOLBCX-UHFFFAOYSA-N__ODIMYQIGMNLGBW-UHFFFAOYSA-N,1.2648998611088853
ODIMYQIGMNLGBW-UHFFFAOYSA-N__GJSZNHMWGOLBCX-UHFFFAOYSA-N,-4.641231109192044
RTKXEATYECHCJF-VIFPVBQESA-N__ASYNSFPROOUSEC-UHFFFAOYSA-N,2.433072402671652
NNIOZVISSGIISV-UHFFFAOYSA-N__IRHFQXBWYXHOEF-UHFFFAOYSA-N,-3.2539585039973127
IRHFQXBWYXHOEF-UHFFFAOYSA-N__NNIOZVISSGIISV-UHFFFAOYSA-N,-3.45864981971435
ASYNSFPROOUSEC-UHFFFAOYSA-N__RTKXEATYECHCJF-VIFPVBQESA-N,-1.1345546780581857
NPWZCMPXLMJBNO-UHFFFAOYSA-N__OGCQRPACXFDAHJ-UHFFFAOYSA-N,-0.0944045456673333
LSQSAWNMBQIDQM-UHFFFAOYSA-N__NZSLDAJAPFWZBZ-UHFFFAOYSA-N,2.628970771594432
OGCQRPACXFDAHJ-UHFFFAOYSA-N__NPWZCMPXLMJBNO-UHFFFAOYSA-N,-1.4580222876001727
NZSLDAJAPFWZBZ-UHFFFAOYSA-N__LSQSAWNMBQIDQM-UHFFFAOYSA-N,2.41023240649088
KPJFJUVCTWJRCU-UHFFFAOYSA-N__KWLMXJJSWMEZEG-UHFFFAOYSA-N,2.553491524822484
SLPFQAWCGGUMLZ-UHFFFAOYSA-N__YUUSXQRJLFNHNQ-UHFFFAOYSA-N,4.7632606407576485
JFZJAIIAZUGJRK-UHFFFAOYSA-N__VUMHIAQKLKFTIB-UHFFFAOYSA-N,-0.9957504828086676
LCSCJZBZVJSIFR-DKZVUGQWSA-N__JGRQQAFGJGJQCF-UHFFFAOYSA-N,1.1784110044936589
OPHJQDHSHGPGIW-UHFFFAOYSA-N__CYYUGWUMMRWYAM-BBEJJTJUSA-N,0.6859054020733875
CYYUGWUMMRWYAM-BBEJJTJUSA-N__OPHJQDHSHGPGIW-UHFFFAOYSA-N,-2.171349469949554
ZUPDTKXCNTWVRE-UHFFFAOYSA-N__WKGWDUREZPUNDS-UHFFFAOYSA-N,-1.1473299649605142
WKGWDUREZPUNDS-UHFFFAOYSA-N__ZUPDTKXCNTWVRE-UHFFFAOYSA-N,1.757024655556089
INYQZEQXBIIHLW-YRNVUSSQSA-N__VLVJOJIHADJDEM-UHFFFAOYSA-N,0.4344536135802239
AWWZTEJOEVZELX-UHFFFAOYSA-N__VGGCVGFTFQCUMX-HOTGVXAUSA-N,0.922044983170352
VGGCVGFTFQCUMX-HOTGVXAUSA-N__AWWZTEJOEVZELX-UHFFFAOYSA-N,-3.137726476073487
ZMQBNLMTXWUIJW-MBUVNVKMSA-N__PVAPJCBNEFIWIT-UHFFFAOYSA-N,4.049901069031738
PVAPJCBNEFIWIT-UHFFFAOYSA-N__ZMQBNLMTXWUIJW-MBUVNVKMSA-N,5.898903080075363
NNXXLGCPFLDMIV-UHFFFAOYSA-N__RTSIILIDNLSPRD-UHFFFAOYSA-N,4.427694871168575
RTSIILIDNLSPRD-UHFFFAOYSA-N__NNXXLGCPFLDMIV-UHFFFAOYSA-N,4.180064912608391
BTVYWZAAHARFGX-UHFFFAOYSA-N__YSBIXKAZMUYACB-MRVPVSSYSA-N,0.3831510918493559
OHDIDCWMKIIGBE-UHFFFAOYSA-N__GVXNANAWXDZHAZ-UHFFFAOYSA-N,-8.687905340332229
PVMNWBRYHQDVIN-UHFFFAOYSA-N__BWWYLRZRUUEQHZ-UHFFFAOYSA-N,-3.166684291839332
BWWYLRZRUUEQHZ-UHFFFAOYSA-N__PVMNWBRYHQDVIN-UHFFFAOYSA-N,0.9698419362915326
WOKABNGCHNVNDQ-UHFFFAOYSA-N__MJNJQRONSSLPCO-UHFFFAOYSA-N,8.554903894893622
MJNJQRONSSLPCO-UHFFFAOYSA-N__WOKABNGCHNVNDQ-UHFFFAOYSA-N,7.1388244514297385
FKMXRCIJYGUJDD-UHFFFAOYSA-N__ZZQYFYSMSNWWNS-XAVMHZPKSA-N,-1.5447551594590574
YRMUTQRWVGDUBW-ZCFIWIBFSA-N__QHGQHHFBINKXLT-UHFFFAOYSA-N,-1.5905364328546183
JNJCGTCIYMYQIZ-UHFFFAOYSA-N__JWXKLMRHQZSGLM-UHFFFAOYSA-N,-1.0877663914113864
TWNJAPRLIZAXHA-UHFFFAOYSA-N__KYEFSNDGRAVHLQ-UHFFFAOYSA-N,-2.02723870513732
DQBXCBFDDMGIRL-UHFFFAOYSA-N__HXYCYINSIWKFHN-UHFFFAOYSA-N,2.63917777848436
RXMWSJLJIMSCSS-UHFFFAOYSA-N__QPULDJYQYDGZEI-WAYWQWQTSA-N,-4.888949242173852
CSHORWHXDJJXPT-UHFFFAOYSA-N__SICOVKQJMFHOTD-UHFFFAOYSA-N,7.837124796852973
QPULDJYQYDGZEI-WAYWQWQTSA-N__RXMWSJLJIMSCSS-UHFFFAOYSA-N,-3.32878555495276
SICOVKQJMFHOTD-UHFFFAOYSA-N__CSHORWHXDJJXPT-UHFFFAOYSA-N,8.005080818747745
ORZVNKYQFDEPSO-UHFFFAOYSA-N__SONJCVAGZKCQOV-UHFFFAOYSA-N,-0.922034033973494
SONJCVAGZKCQOV-UHFFFAOYSA-N__ORZVNKYQFDEPSO-UHFFFAOYSA-N,-0.8202995141554105
PTAIFEDCRVKAJP-UHFFFAOYSA-N__ZCLWUZXDWPSGLS-UHFFFAOYSA-N,-0.8798986477681563
ZCLWUZXDWPSGLS-UHFFFAOYSA-N__PTAIFEDCRVKAJP-UHFFFAOYSA-N,0.9231921365461976
NOJSYQFIIBBBLG-UHFFFAOYSA-N__KHADWFGKZAYYAJ-UHFFFAOYSA-N,-2.254818234450214
SMQGTRQTMUTDQY-UHFFFAOYSA-N__SZBYMTQVLAACCL-LURJTMIESA-N,-5.422150766719384
XHUXJDLIBDEFEW-GFCCVEGCSA-N__IXXCSDOJDCPNAH-UHFFFAOYSA-N,1.9656836019827344
IXXCSDOJDCPNAH-UHFFFAOYSA-N__XHUXJDLIBDEFEW-GFCCVEGCSA-N,-4.785028040830185
FFIZQWGZOPGPJU-UHFFFAOYSA-N__SOWDKDTZTMWMPG-UHFFFAOYSA-N,-0.3444940899903874
SOWDKDTZTMWMPG-UHFFFAOYSA-N__FFIZQWGZOPGPJU-UHFFFAOYSA-N,0.8136732086034032
FYKUWFUSRCUUNT-UHFFFAOYSA-N__GSKXBJAQGQHJCB-NRFANRHFSA-N,0.5497639223037161
MNQYESRFEOWCQX-UHFFFAOYSA-N__WLTSMLYCBIGKRK-UHFFFAOYSA-N,-2.0667618442552778
SZBYMTQVLAACCL-LURJTMIESA-N__SMQGTRQTMUTDQY-UHFFFAOYSA-N,-3.672597375789183
WLTSMLYCBIGKRK-UHFFFAOYSA-N__MNQYESRFEOWCQX-UHFFFAOYSA-N,-3.640446537728952
JISWCFGPUJTKEO-UHFFFAOYSA-N__KWLPSJSABZQQMN-UHFFFAOYSA-N,-3.627171024269485
GSKXBJAQGQHJCB-NRFANRHFSA-N__FYKUWFUSRCUUNT-UHFFFAOYSA-N,2.53966401774792
OSDFLZWHOSHUOT-CYBMUJFWSA-N__ZEIAAHKKQHADOD-UHFFFAOYSA-N,-0.3924212573340774
KWLPSJSABZQQMN-UHFFFAOYSA-N__JISWCFGPUJTKEO-UHFFFAOYSA-N,-1.3454394582709563
ZEIAAHKKQHADOD-UHFFFAOYSA-N__OSDFLZWHOSHUOT-CYBMUJFWSA-N,-3.0261688185907345
RBOYYCJHBKUKJJ-UHFFFAOYSA-N__BZUNLDLCJLRVJU-UHFFFAOYSA-N,4.84701902585445
VGDKEIYJHNYWJL-UHFFFAOYSA-N__MSEAJOZZOLAEST-KGYLQXTDSA-N,2.2265477792719444
RMTVUJAUTDBADG-UHFFFAOYSA-N__MGTNHSOETVYQHD-UHFFFAOYSA-N,-1.3556273431604664
MSEAJOZZOLAEST-KGYLQXTDSA-N__VGDKEIYJHNYWJL-UHFFFAOYSA-N,-0.5435234270552666
AVQAQGYEZVVXHG-UHFFFAOYSA-N__VNDDDMOCSBHLOY-UHFFFAOYSA-N,-2.905613614930313
VNDDDMOCSBHLOY-UHFFFAOYSA-N__AVQAQGYEZVVXHG-UHFFFAOYSA-N,-5.575449163164651
DXXIURNQLQONDS-UHFFFAOYSA-N__ZXRBKCFZAXYLND-UHFFFAOYSA-N,0.6399076368101217
QELXMQBAJZYDNB-DLBZAZTESA-N__NJWRLIAINMRBMF-UHFFFAOYSA-N,-0.4152275024799897
HBUXPVUZUDWUSE-UHFFFAOYSA-N__BEEMPBGIBRXQFW-UHFFFAOYSA-N,-2.853744756764253
OITTXKLFODQRBU-XMCUXHSSSA-N__YQANYUGBJGNECV-UHFFFAOYSA-N,4.321439548389119
IDZAHYPHKSGTBU-UHFFFAOYSA-N__PROFQMANBIUOPZ-UHFFFAOYSA-N,-5.430785058131638
JKDPFEBZVIXIEZ-IRXDYDNUSA-N__AGTSNXAZDKAPHU-QXFUBDJGSA-N,0.8355680218573304
HXNQWVOYTBGUGO-UHFFFAOYSA-N__SXVLRGGNHJQHHS-UHFFFAOYSA-N,5.53898054691952
AMDPKLAGTWFVRM-UHFFFAOYSA-N__QMLMWRCPFLBDPZ-UHFFFAOYSA-N,2.862341949140064
AULYQTLSNGCZEL-UHFFFAOYSA-N__TTYOYDBDJPWTEK-UHFFFAOYSA-N,-0.5078943109446225
AQJUSSYBUVXXJG-HCCKASOXSA-N__VEBMNZZQOUNPJK-UHFFFAOYSA-N,6.784602787620071
GOOQZWROMRZWJY-UHFFFAOYSA-N__MAGWGVQKVYDVEB-UHFFFAOYSA-N,3.570610135481017
LEMBUJXCBHMNPR-UHFFFAOYSA-N__MWSNYBOKRSGWAN-UHFFFAOYSA-N,-1.9848178379569388
QMAPITSLSYIABY-AWNIVKPZSA-N__KRCQPUHELYNUHY-NWDGAFQWSA-N,1.205933872009735
WVROXHRVJAASLW-UHFFFAOYSA-N__YTXNAQHDNBROHC-TVQRCGJNSA-N,-1.095793669530004
YTXNAQHDNBROHC-TVQRCGJNSA-N__WVROXHRVJAASLW-UHFFFAOYSA-N,-0.8619556167464946
MWGBJPJOEPVDDN-UHFFFAOYSA-N__FRXSOKYJGPZJBP-MRVPVSSYSA-N,-1.507369597700769
PEQKDDGZTNLGSI-UHFFFAOYSA-N__XDGRVOLVUHPSEE-UHFFFAOYSA-N,-1.5355385325007709
PCWFTLPHDUBEJX-FNORWQNLSA-N__OYHBFHNGZQIHDO-UHFFFAOYSA-N,-1.0202173346714616
XUJMCODVGVMWOQ-DGCLKSJQSA-N__YSEBWKMQNXZRBG-UHFFFAOYSA-N,-3.8890088136243146
HBVIGQGBIVBGJI-LURJTMIESA-N__BCJICARHMGWOIE-UHFFFAOYSA-N,1.13095783321814
WNPIDPCUUZAMDF-NSHDSACASA-N__KTQVUDHTHOILMZ-UHFFFAOYSA-N,0.1489643209858035
LJYFHWAQZAUPIN-UHFFFAOYSA-N__DWFGDTFUXILVTH-UHFFFAOYSA-N,0.0246755274464281
DWFGDTFUXILVTH-UHFFFAOYSA-N__LJYFHWAQZAUPIN-UHFFFAOYSA-N,1.5264871439257786
OHUPUQIERKZICP-CFVMTHIKSA-N__MNWBLZIISCHUFJ-UHFFFAOYSA-N,-2.1353085060199164
KFBKRWJOHAHXIH-UHFFFAOYSA-N__CDYDCQMFFIWURC-UHFFFAOYSA-N,-4.952697160594385
OCCDTHSYOADEHD-UHFFFAOYSA-N__WJYMNYAXDNVCAB-UHFFFAOYSA-N,-3.917075611886201
CDYDCQMFFIWURC-UHFFFAOYSA-N__KFBKRWJOHAHXIH-UHFFFAOYSA-N,-2.752578974029156
WJYMNYAXDNVCAB-UHFFFAOYSA-N__OCCDTHSYOADEHD-UHFFFAOYSA-N,-3.76944782621646
QIZKCGBBVPUBJL-UHFFFAOYSA-N__QEVDGONPCKANBY-LURJTMIESA-N,-1.0565311001094084
OSZOPBBLXHBPCH-NSYGIPOTSA-N__XGPWJYIVQOZZQT-LURJTMIESA-N,-1.948645489051145
QEVDGONPCKANBY-LURJTMIESA-N__QIZKCGBBVPUBJL-UHFFFAOYSA-N,-1.3017259271831327
BNQJVVOQNFBEPP-JGVFFNPUSA-N__JQBRNFJISZWWJJ-UHFFFAOYSA-N,3.887880579073798
MQJTXTOKJRSRHL-UHFFFAOYSA-N__DUZISJLQBTVGOE-UHFFFAOYSA-N,-8.824431968588287
YRDOAJQOTNPDDR-UHFFFAOYSA-N__XHXINCNGZLESBK-UHFFFAOYSA-N,-2.2544939004484457
XGPWJYIVQOZZQT-LURJTMIESA-N__OSZOPBBLXHBPCH-NSYGIPOTSA-N,2.2337189017498726
DUZISJLQBTVGOE-UHFFFAOYSA-N__MQJTXTOKJRSRHL-UHFFFAOYSA-N,-10.179576853809094
JQBRNFJISZWWJJ-UHFFFAOYSA-N__BNQJVVOQNFBEPP-JGVFFNPUSA-N,0.1589317472779536
VTDPZXFRFYCADX-UHFFFAOYSA-N__JACZRPUDNVXQLY-UHFFFAOYSA-N,0.2262780028196107
JACZRPUDNVXQLY-UHFFFAOYSA-N__VTDPZXFRFYCADX-UHFFFAOYSA-N,-2.3399485116089265
WJNGLLIRHNQREX-UHFFFAOYSA-N__ZUQGMYPCSDJJBZ-UHFFFAOYSA-N,-2.2418772439236
ZUQGMYPCSDJJBZ-UHFFFAOYSA-N__WJNGLLIRHNQREX-UHFFFAOYSA-N,0.8615330851851746
GVKCCVWNOZJZSI-UHFFFAOYSA-N__JTXBDCWZJKCWDC-UHFFFAOYSA-N,5.324126582471044
JTXBDCWZJKCWDC-UHFFFAOYSA-N__GVKCCVWNOZJZSI-UHFFFAOYSA-N,4.282943667657301
LMFHYXWBBPHCRP-UHFFFAOYSA-N__STGPKASWTIWUML-UHFFFAOYSA-N,-0.7634067617591563
LKYFXQWOLIOLJV-UHFFFAOYSA-N__XGTUMSKZUCBPQT-UHFFFAOYSA-N,0.0028620712623505
XGTUMSKZUCBPQT-UHFFFAOYSA-N__LKYFXQWOLIOLJV-UHFFFAOYSA-N,-1.5440923018371464
PHZIFGWWWKPJTH-SFYZADRCSA-N__AEFIUPIWDQUYDD-UHFFFAOYSA-N,0.6785973414403409
APUVOHOAWOBRJG-UHFFFAOYSA-N__RZYOVUHUMAMLQJ-UHFFFAOYSA-N,6.771771615012519
WTUKCYAZERFIHC-UHFFFAOYSA-N__MOGKJUOCSFZGME-UHFFFAOYSA-N,0.330317271147898
MOGKJUOCSFZGME-UHFFFAOYSA-N__WTUKCYAZERFIHC-UHFFFAOYSA-N,1.0783069584864546
RWQCDNJSSSQYFR-OWOJBTEDSA-N__MWFRTDKSCQDPPO-UHFFFAOYSA-N,6.494843308607828
MKBHRDBMWYGXJZ-UHFFFAOYSA-N__YQTSQQZVXSEZPU-SNVBAGLBSA-N,-3.7136686257959353
PBIXQJBTXDZLSN-UHFFFAOYSA-N__BVBLCVXRLPRCPT-UHFFFAOYSA-N,0.2425470683622929
BVBLCVXRLPRCPT-UHFFFAOYSA-N__PBIXQJBTXDZLSN-UHFFFAOYSA-N,8.830159554103208
MZTKSBCQWRXZLQ-XOZUOACSSA-N__JYJUCZKXWVNIMV-HZPDHXFCSA-N,-1.298679666787702
SEEFXZVSTSEMBS-UHFFFAOYSA-N__UNNSXPIMYUXVMJ-RFZPGFLSSA-N,-0.4466035020905622
UNNSXPIMYUXVMJ-RFZPGFLSSA-N__SEEFXZVSTSEMBS-UHFFFAOYSA-N,0.9966713966566206
QXKGGBCOKPBZFI-UHFFFAOYSA-N__AKRAOONBZRMFFW-UHFFFAOYSA-N,3.259947240341714
AKRAOONBZRMFFW-UHFFFAOYSA-N__QXKGGBCOKPBZFI-UHFFFAOYSA-N,-2.803791898399383
SVZSTQXDDVFYGC-UHFFFAOYSA-N__RSTQZXPSKJFZNF-UHFFFAOYSA-N,1.7615991516724103
UKDXYUOXVVGNNE-UHFFFAOYSA-N__MGDPBWHLUSJUCN-UHFFFAOYSA-N,0.6125796306124416
UEJRLAKPJBJOHW-UHFFFAOYSA-N__OHGCPMWRXODMHT-UHFFFAOYSA-N,6.067748128101399
UJTIBUBQPFDIPR-SSDOTTSWSA-N__WJJUENCZVMNFRV-YRGRVCCFSA-N,5.576985960846444
GJLIYBJLSWSQBQ-LHKMKVQPSA-N__MGGGVXQBCKNJDR-UHFFFAOYSA-N,-1.8307973022070947
WJJUENCZVMNFRV-YRGRVCCFSA-N__UJTIBUBQPFDIPR-SSDOTTSWSA-N,2.025919223473588
NIYBRKLOZXKDPH-UHFFFAOYSA-N__GCPOQVFLLGZPDL-WOCWXWTJSA-N,0.2283309761603447
GCPOQVFLLGZPDL-WOCWXWTJSA-N__NIYBRKLOZXKDPH-UHFFFAOYSA-N,1.649548181221369
MGGGVXQBCKNJDR-UHFFFAOYSA-N__GJLIYBJLSWSQBQ-LHKMKVQPSA-N,5.453301919528776
ADDAFJMBEIUENG-UHFFFAOYSA-N__NFZSRVXWQFKKHZ-CMDGGOBGSA-N,-0.1992299714307858
XIANLERXETYHLS-UHFFFAOYSA-N__GXNXFZCZMXGACR-UHFFFAOYSA-N,-3.2209163250508634
NIZMYHZLBREQGG-UHFFFAOYSA-N__AHPREXZYCLIXRO-UHFFFAOYSA-N,3.446030527049797
RFGXRYLTPBBFIG-RNFRBKRXSA-N__XAKPWAPOUDEISX-UHFFFAOYSA-N,3.944727142381556
GDRNKBHBFVRUPO-UHFFFAOYSA-N__PDLPCROBLSTHIN-UHFFFAOYSA-N,-1.4687897349240373
SAYBZWYDTUFZLV-YVMONPNESA-N__GAALIZYIJVFJCC-UHFFFAOYSA-N,-1.2111392097984046
GAALIZYIJVFJCC-UHFFFAOYSA-N__SAYBZWYDTUFZLV-YVMONPNESA-N,-3.57266786874039
GYKZSGBPECIBTN-UHFFFAOYSA-N__SDEAPIGUEINRGG-UHFFFAOYSA-N,-4.853276494640895
SDEAPIGUEINRGG-UHFFFAOYSA-N__GYKZSGBPECIBTN-UHFFFAOYSA-N,-0.629788794996333
SFLDVRWVTJVWSA-UHFFFAOYSA-N__ROFLGSKINFEETL-UHFFFAOYSA-N,0.0287695119805157
ONFDWCBGJLRDII-PMACEKPBSA-N__IROURNMIHVSMFG-UHFFFAOYSA-N,2.270350886603897
MMTHUYIXPBWKBO-UHFFFAOYSA-N__LDYXQAIZJQGNSI-UHFFFAOYSA-N,-0.3604026694206102
IROURNMIHVSMFG-UHFFFAOYSA-N__ONFDWCBGJLRDII-PMACEKPBSA-N,0.7712030523449499
KYTZKDDLYPQTDQ-UHFFFAOYSA-N__LRTYYZBJNALWPO-UHFFFAOYSA-N,3.7881927685543615
NFWJCORRMXVLDX-RRQHEKLDSA-N__HYXQJYXAHNDADV-UHFFFAOYSA-N,-0.4009525435776405
HYXQJYXAHNDADV-UHFFFAOYSA-N__NFWJCORRMXVLDX-RRQHEKLDSA-N,-3.3488320628780293
YRMBTGYCESXOES-UHFFFAOYSA-N__SQVOMXDDIBOLRS-NSHDSACASA-N,-1.34204659608376
MMLGGZIPOIUMCJ-UHFFFAOYSA-N__IQOFIKVLYRNBKN-PBINXNQUSA-N,1.5017487972101984
IQOFIKVLYRNBKN-PBINXNQUSA-N__MMLGGZIPOIUMCJ-UHFFFAOYSA-N,-0.9999476570312388
QQMAPNFUNFEGCI-JTQLQIEISA-N__BUVHGGGCFNWQGX-UHFFFAOYSA-N,4.033477618814607
BUVHGGGCFNWQGX-UHFFFAOYSA-N__QQMAPNFUNFEGCI-JTQLQIEISA-N,-1.5136426285361924
IJXLZWQMQAHKRC-UHFFFAOYSA-N__WPHRRQOVHHSFJK-HKUYNNGSSA-N,-1.9560588696791776
FNNIBABFMNWSRX-UHFFFAOYSA-N__AEFIUPIWDQUYDD-UHFFFAOYSA-N,-1.5731001859231624
AEFIUPIWDQUYDD-UHFFFAOYSA-N__FNNIBABFMNWSRX-UHFFFAOYSA-N,-3.298617085605743
UNBSAUQYCANOGK-UHFFFAOYSA-N__WTNZVGUJBBDDCA-FQEVSTJZSA-N,-0.0754041351958969
WTNZVGUJBBDDCA-FQEVSTJZSA-N__UNBSAUQYCANOGK-UHFFFAOYSA-N,1.5515123472572865
COEFMLPSVXBWIE-ZDUSSCGKSA-N__SSPYYIYVZHBAHB-UHFFFAOYSA-N,-7.48602733177382
ZOHRGCIAIJUHFR-UHFFFAOYSA-N__XAKVENUTKAJXTM-UHFFFAOYSA-N,-2.185603419206523
XAKVENUTKAJXTM-UHFFFAOYSA-N__ZOHRGCIAIJUHFR-UHFFFAOYSA-N,0.5221430289424279
WITPRCSDWIWVGH-ZWNOBZJWSA-N__APXGYNPDOZMYNN-UHFFFAOYSA-N,-1.4853695352920468
APXGYNPDOZMYNN-UHFFFAOYSA-N__WITPRCSDWIWVGH-ZWNOBZJWSA-N,1.297068535345165
RTUMAEVADUISNQ-UHFFFAOYSA-N__HSROVOWQWMTEIM-SNVBAGLBSA-N,-0.3503088812069393
UUSPMYHGPLMFJG-UHFFFAOYSA-N__GHIBHPAKBQCHNC-UHFFFAOYSA-N,-0.212917372552395
YJHSAKNKRMOCKW-UHFFFAOYSA-N__TYEOSGUVQQDIND-UHFFFAOYSA-N,1.915615915627968
TYEOSGUVQQDIND-UHFFFAOYSA-N__YJHSAKNKRMOCKW-UHFFFAOYSA-N,-4.516588506495713
FOMWSHRJFWQXKV-UHFFFAOYSA-N__GVFSDEGJIMCSGR-UHFFFAOYSA-N,0.6465846840564801
GERDXKZOUJEYBA-UHFFFAOYSA-N__QWTALAUIEVWIGR-UHFFFAOYSA-N,3.95643096512057
OTWDOPUMTHBKSM-UHFFFAOYSA-N__FFIBNNVVQXWGIO-UHFFFAOYSA-N,-3.8748877924540217
DXBOOBQYMUBPPZ-UHFFFAOYSA-N__NOCCTPMCVRUUKG-UHFFFAOYSA-N,0.7355580487698895
KXRXVAOJTIOQMG-UHFFFAOYSA-N__MUNNWTNXUUMZFU-UHFFFAOYSA-N,2.331246791214341
MUNNWTNXUUMZFU-UHFFFAOYSA-N__KXRXVAOJTIOQMG-UHFFFAOYSA-N,3.915677468932206
PJTPXHAVEAQBKP-UHFFFAOYSA-N__JPFDGJXZHISOHQ-UHFFFAOYSA-N,1.0276604193476842
KQBMYASDFRHVLB-UHFFFAOYSA-N__GSUBXIVOZXWGKF-UHFFFAOYSA-N,1.5037389451822474
RCGQAPUWWHXBOK-SNVBAGLBSA-N__XNUXSAGMXTXYOS-MRVPVSSYSA-N,-1.623935257561916
JPFDGJXZHISOHQ-UHFFFAOYSA-N__PJTPXHAVEAQBKP-UHFFFAOYSA-N,-0.5055983309947094
QVJXLZIHGZSQIB-UHFFFAOYSA-N__UYFGVJKWFSOUIJ-UHFFFAOYSA-N,-1.809615394385124
POVAULBJEYDCRZ-UHFFFAOYSA-N__YRIWAWSWHVDJAJ-UHFFFAOYSA-N,-0.842972383273501
ULFKFSDUUVNMMW-UHFFFAOYSA-N__BIMRUXKREAQLMM-UHFFFAOYSA-N,-0.1329398172548774
BIMRUXKREAQLMM-UHFFFAOYSA-N__ULFKFSDUUVNMMW-UHFFFAOYSA-N,4.548844148801525
NQSWKNURRYHJNV-KRWDZBQOSA-N__XKTYXYJLOIYAPV-LBPRGKRZSA-N,3.885925781462708
NZZYWLLLLDCCFX-UHFFFAOYSA-N__IKGMXAWSIAUWQP-UHFFFAOYSA-N,1.383325964048416
UNVHNJSYGJPZND-UITAMQMPSA-N__DVDCUNHBUUWOJQ-UHFFFAOYSA-N,-3.865345860990488
ZMQKVTSIRCJPOE-UHFFFAOYSA-N__RWFLFCDDONBMRP-UHFFFAOYSA-N,-1.664215317697716
XBKPNAGJXZJGAW-SECBINFHSA-N__SVYWMFNFAMWISK-RUINGEJQSA-N,2.636843413851984
MLMCGSILWMKTDR-CSXXSTNOSA-N__JDNSEEBTYCWCBX-UHFFFAOYSA-N,2.040500054268289
SVYWMFNFAMWISK-RUINGEJQSA-N__XBKPNAGJXZJGAW-SECBINFHSA-N,1.7466732436125056
DWRLFIRAQPFERW-UHFFFAOYSA-N__ZBELLWRLSFJHDL-OIBJUYFYSA-N,1.871884240034484
ZBELLWRLSFJHDL-OIBJUYFYSA-N__DWRLFIRAQPFERW-UHFFFAOYSA-N,1.1807410953865505
LLTWJNGKQZXPFZ-UHFFFAOYSA-N__RXELGPYYZBYBFV-STQMWFEESA-N,-1.169386449512339
RXELGPYYZBYBFV-STQMWFEESA-N__LLTWJNGKQZXPFZ-UHFFFAOYSA-N,0.990341952381522
WSJNJIGCOKXXNK-UHFFFAOYSA-N__ZZEAODQUTIDSNI-UHFFFAOYSA-N,-4.124785846467274
MBSPLMGUPBLKNF-UHFFFAOYSA-N__HFVSKGCEDQAVCB-UHFFFAOYSA-N,2.100085188846317
HFVSKGCEDQAVCB-UHFFFAOYSA-N__MBSPLMGUPBLKNF-UHFFFAOYSA-N,-0.4574410482087413
NDCBRVBIXJHJBS-UHFFFAOYSA-N__ADFZEYKCEYBOCG-UHFFFAOYSA-N,-3.954769145702377
ADFZEYKCEYBOCG-UHFFFAOYSA-N__NDCBRVBIXJHJBS-UHFFFAOYSA-N,-0.2884471997199321
YWEGAUXRAZLYLK-UHFFFAOYSA-N__DGKYBLWAWDXDGS-LLVKDONJSA-N,1.301759600600542
DGKYBLWAWDXDGS-LLVKDONJSA-N__YWEGAUXRAZLYLK-UHFFFAOYSA-N,5.925401576674303
OWHMGGRTHXTCNH-UHFFFAOYSA-N__NYLMXQJQXSWXLO-UHFFFAOYSA-N,11.809657216271898
NJVFYRBRYZXABC-UHFFFAOYSA-N__RNUJGFSXJBLAPR-GFCCVEGCSA-N,0.9240169958038746
RCJIBZAXZJWABJ-UHFFFAOYSA-N__CDZXVXJNQQJSKM-UHFFFAOYSA-N,5.726250720788478
JYYCXPXJCPYHQH-UHFFFAOYSA-N__HXCXRIGYXOASCP-QUXALOBESA-N,8.11245606123708
QQCJBMYTWZOQSZ-UHFFFAOYSA-N__VBHVPOVGTSAJJP-UHFFFAOYSA-N,2.9509632715635923
VBHVPOVGTSAJJP-UHFFFAOYSA-N__QQCJBMYTWZOQSZ-UHFFFAOYSA-N,3.298412337407993
LXICIWXDDLILTH-UHFFFAOYSA-N__QIXLXBADOFQFCC-UHFFFAOYSA-N,0.1061544801627521
CRBCZJWQFVJITA-UHFFFAOYSA-N__GKTCWZYRGCLDHB-UHFFFAOYSA-N,4.470924060809471
ALPHZJUDYDSJMT-RBUKOAKNSA-N__FOAXKNURQNAKAX-UHFFFAOYSA-N,1.3260761626800766
LHSMSJKPVUTEJR-UHFFFAOYSA-N__MHXABRGPYZGIFD-UHFFFAOYSA-N,4.728161603745644
FOAXKNURQNAKAX-UHFFFAOYSA-N__ALPHZJUDYDSJMT-RBUKOAKNSA-N,3.845579869270052
VSZPYHIXSOSUQS-UHFFFAOYSA-N__YLQPSXZFPBXHPC-UHFFFAOYSA-N,3.0126535272082453
MDQIBSNQHIZVGN-UHFFFAOYSA-N__NLUBCXAVKKVFRZ-LMLFDSFASA-N,-1.9718344794317568
FSIAVOIJHGLUES-UHFFFAOYSA-N__OPCKFKNKRCZAID-UHFFFAOYSA-N,-1.5265903434591224
YVUGGTWLISNTQB-FBOMXQGKSA-N__GWCCDDKHMZZWNP-UHFFFAOYSA-N,-0.8818769137428295
IAPONQHGBRLKTR-UHFFFAOYSA-N__UOTLRUAJNZVKJV-UHFFFAOYSA-N,-4.88420784328645
GWCCDDKHMZZWNP-UHFFFAOYSA-N__YVUGGTWLISNTQB-FBOMXQGKSA-N,-4.669629520303136
SKWFAZJIBFGLMZ-UHFFFAOYSA-N__WPFFFCFKBSDSFI-CTLLREPQSA-N,5.237475527287175
UOTLRUAJNZVKJV-UHFFFAOYSA-N__IAPONQHGBRLKTR-UHFFFAOYSA-N,-3.0709534294642813
VKHFFKKBBPVWEY-UHFFFAOYSA-N__FQMASBDARDWSIR-UHFFFAOYSA-N,-1.7376177195541107
PUGFHDHVMWAHJP-UHFFFAOYSA-N__JDMXICUEUZXCLR-UHFFFAOYSA-N,0.4589933962398229
CMTUHJOCADSWFL-NKWVEPMBSA-N__YIPWTYBOCAQUHT-UHFFFAOYSA-N,1.6097900455722376
YIPWTYBOCAQUHT-UHFFFAOYSA-N__CMTUHJOCADSWFL-NKWVEPMBSA-N,6.006889135439382
KXUDLFWKQPBFOV-UHFFFAOYSA-N__CXVUKOAHJUNSLD-UHFFFAOYSA-N,-2.877255188648189
GIHNKERTHMZJMK-UHFFFAOYSA-N__JEYKSANHZVJYMU-UHFFFAOYSA-N,1.7880333567675386
DQECOIMREXAWPL-UHFFFAOYSA-N__IFFHKEDOLSAICX-UHFFFAOYSA-N,5.421554247404822
IXDHAUQXAMLSRS-UHFFFAOYSA-N__SBHHRHVPHQLMEO-UHFFFAOYSA-N,5.186720305313204
KEXKJCQTJTXLOW-YBEGLDIGSA-N__PXJKHCPUEPZQLW-UHFFFAOYSA-N,8.522029540496808
ANVNZYAZHJKRBA-UHFFFAOYSA-N__REQVPJHSDKDDFH-UHFFFAOYSA-N,6.568990588078916
UQYVFSPLMMYALA-UHFFFAOYSA-N__WMVVWYPUEOCBHT-UHFFFAOYSA-N,7.259403717712342
IQEJRIDFBBTPTL-UHFFFAOYSA-N__UZVRCQLCLZZCOG-UHFFFAOYSA-N,7.158532820433485
RNZGXYYOWLCZPH-XCBNKYQSSA-N__ABQQFDHMYPHSGL-UHFFFAOYSA-N,-0.978347222579942
WFWNIKKRKRZAJL-UHFFFAOYSA-N__NTYZKEPUOMTNDG-UHFFFAOYSA-N,1.7903108849522729
NTYZKEPUOMTNDG-UHFFFAOYSA-N__WFWNIKKRKRZAJL-UHFFFAOYSA-N,2.6795642863867024
OMFYSEPDJVWYTA-UHFFFAOYSA-N__LYXQSEYFXNKMJD-UHFFFAOYSA-N,3.996825185186884
CHWOUXNFNMZQQV-UHFFFAOYSA-N__HAQLHRYUDBKTJG-UHFFFAOYSA-N,2.338652654221403
HAQLHRYUDBKTJG-UHFFFAOYSA-N__CHWOUXNFNMZQQV-UHFFFAOYSA-N,1.8567696450957711
MHHFSFGCOZLMOU-MJXNMMHHSA-N__XYFZENMOPHAGIR-UHFFFAOYSA-N,5.471423670435556
CPGUTNZDDOVCLK-LBPRGKRZSA-N__UJAMFUJNEIOXHV-UHFFFAOYSA-N,2.251649682911677
XSOWLJVITXRUQT-UHFFFAOYSA-N__DVBCKDHIZDOANU-UHFFFAOYSA-N,3.554991431400531
KMQBESBZSMNSKF-UHFFFAOYSA-N__HXKFMFYXHPWMGU-UHFFFAOYSA-N,1.4625822329415583
ABPIWHNHSLNGFC-QWRGUYRKSA-N__DXFPKLDFPNEPTH-UHFFFAOYSA-N,2.158850649055111
UEPOAAHEMUMCQO-CVEARBPZSA-N__VIILNOGMHDGKJP-UHFFFAOYSA-N,8.959527777015364
DXFPKLDFPNEPTH-UHFFFAOYSA-N__ABPIWHNHSLNGFC-QWRGUYRKSA-N,3.562425806086248
DVBCKDHIZDOANU-UHFFFAOYSA-N__XSOWLJVITXRUQT-UHFFFAOYSA-N,2.293603916124599
BABVPQDLEUPIOJ-UHFFFAOYSA-N__WSJQSSMODXLDDQ-UHFFFAOYSA-N,0.1083585455001848
XZERJUYNWBDOLI-LBPRGKRZSA-N__NAGUWCXQHSKUIM-UHFFFAOYSA-N,4.128911865249523
ZDHGCMUKKJAFBS-UHFFFAOYSA-N__DMUIEKKCRSCVGH-UHFFFAOYSA-N,4.324356205621108
NAGUWCXQHSKUIM-UHFFFAOYSA-N__XZERJUYNWBDOLI-LBPRGKRZSA-N,4.877734338028431
DMUIEKKCRSCVGH-UHFFFAOYSA-N__ZDHGCMUKKJAFBS-UHFFFAOYSA-N,1.3697373154725254
HXKFMFYXHPWMGU-UHFFFAOYSA-N__KMQBESBZSMNSKF-UHFFFAOYSA-N,1.6278217419030876
JCBNOXWZHKWTTQ-UHFFFAOYSA-N__BWSMBTNZFGQPMT-UHFFFAOYSA-N,1.965153015766778
QACCVDWOCNISBC-UHFFFAOYSA-N__SKIBYTHWQPTZMX-UHFFFAOYSA-N,1.4355394259276286
BWSMBTNZFGQPMT-UHFFFAOYSA-N__JCBNOXWZHKWTTQ-UHFFFAOYSA-N,4.949548303912995
AOYNUTHNTBLRMT-DPYQTVNSSA-N__SFTPVTIKDODAEC-UHFFFAOYSA-N,2.496101593067388
HCPSLGJCQRXODA-UHFFFAOYSA-N__CGYOMIKHXAQHHZ-UHFFFAOYSA-N,0.9646011345693124
JLZOWHWCPBTIQF-UHFFFAOYSA-N__XXNVIXZCXLWROM-UHFFFAOYSA-N,9.896210454751111
VKFQPLHECKSWPD-UHFFFAOYSA-N__POHCIOAPWJYPPI-UHFFFAOYSA-N,-1.0370147747251508
XVVYQHKKUMJTNE-UHFFFAOYSA-N__WBYVCYUKRVFWLH-UHFFFAOYSA-N,3.378912104262599
WBYVCYUKRVFWLH-UHFFFAOYSA-N__XVVYQHKKUMJTNE-UHFFFAOYSA-N,2.376483311711243
DSYHVTDMBRKZSY-UHFFFAOYSA-N__NJVFYRBRYZXABC-UHFFFAOYSA-N,1.6043096802667265
XXNVIXZCXLWROM-UHFFFAOYSA-N__JLZOWHWCPBTIQF-UHFFFAOYSA-N,6.305557811283051
BCROIPHUVDAKHD-OIISXLGYSA-N__ZPAIOFISOVESQU-UHFFFAOYSA-N,-0.729992058076851
XZJIMXLAWGMXSF-UHFFFAOYSA-N__VZXCIRWAUGJMOJ-UHFFFAOYSA-N,1.6527455356823455
NZIZJPCQEVKPTE-HTQZYQBOSA-N__SFGANHYSJTUYMM-UHFFFAOYSA-N,11.122739614311008
IIQIBZLMJBKJRV-BAILOTOSSA-N__LJVJAWBTDHBLCM-UHFFFAOYSA-N,2.8887693077055365
URYYVZFYCCEPOO-UHFFFAOYSA-N__WZQUHEHHYXAFID-UHFFFAOYSA-N,6.859164689947999
OLBIEUXORXOOGK-DKZVUGQWSA-N__LBZHTZHIZXKRQK-UHFFFAOYSA-N,6.212711892705864
ASTJSUCQTFUGNA-UHFFFAOYSA-N__AYDFEVXMJPABIY-UHFFFAOYSA-N,0.538119176788167
AYDFEVXMJPABIY-UHFFFAOYSA-N__ASTJSUCQTFUGNA-UHFFFAOYSA-N,2.137974449829222
LBZHTZHIZXKRQK-UHFFFAOYSA-N__OLBIEUXORXOOGK-DKZVUGQWSA-N,-1.6066978258017195
LJVJAWBTDHBLCM-UHFFFAOYSA-N__IIQIBZLMJBKJRV-BAILOTOSSA-N,6.7999977362164135
WZQUHEHHYXAFID-UHFFFAOYSA-N__URYYVZFYCCEPOO-UHFFFAOYSA-N,5.805776048787545
NOMHOBUFNNTMOV-UHFFFAOYSA-N__CUAGVHKTJLTRFP-UHFFFAOYSA-N,4.931341254781945
CUAGVHKTJLTRFP-UHFFFAOYSA-N__NOMHOBUFNNTMOV-UHFFFAOYSA-N,1.2429232011816551
AUBIWGBQOSCZGF-UHFFFAOYSA-N__WTKDYNNJQBNCTI-UHFFFAOYSA-N,-0.4223746471584817
HXWATQGTJQXSRT-UHFFFAOYSA-N__ILZLRTFDVNAUTG-UHFFFAOYSA-N,-0.2840084085116217
JUZFYOZOPXNVHZ-UHFFFAOYSA-N__BMSQHQQZYHSSAY-UTUOFQBUSA-N,-0.0949857155961679
MUAAIOAJDZTJRL-UHFFFAOYSA-N__IODALEMIQSPMTO-UHFFFAOYSA-N,-0.0500874307572428
MBSQZSFXFPOODJ-SCZZXKLOSA-N__BVQOXNGVCZNTQM-UHFFFAOYSA-N,-1.9569104117186813
WSYHRXKCWOPBAT-UHFFFAOYSA-N__BBHZDCLGGYFGTQ-UHFFFAOYSA-N,-0.6344325740320022
RJOYKFCZLCWSBZ-JKSUJKDBSA-N__KMUZPGVUBAKLSM-UHFFFAOYSA-N,2.389930409244225
CNRVHNYYUKNUMJ-UHFFFAOYSA-N__HDNVDPHSGOCXOX-UHFFFAOYSA-N,3.9012828742881416
KMUZPGVUBAKLSM-UHFFFAOYSA-N__RJOYKFCZLCWSBZ-JKSUJKDBSA-N,6.126465155235594
WWVKHWHJBDDYDF-UHFFFAOYSA-N__VKYMQSQILZKJLI-PYCMUAIMSA-N,1.048756363703916
HDNVDPHSGOCXOX-UHFFFAOYSA-N__CNRVHNYYUKNUMJ-UHFFFAOYSA-N,2.6568073510073376
NVDUIOYEISELNN-UHFFFAOYSA-N__HRMWJWDFDMBXPI-KLVWXMOXSA-N,6.6585220899569775
HRMWJWDFDMBXPI-KLVWXMOXSA-N__NVDUIOYEISELNN-UHFFFAOYSA-N,10.39179381170311
USAFBSJQOKDMNF-UHFFFAOYSA-N__CRZGXSGFDWXPPF-UHFFFAOYSA-N,8.319572451559033
CRZGXSGFDWXPPF-UHFFFAOYSA-N__USAFBSJQOKDMNF-UHFFFAOYSA-N,6.311405509801395
UFFXGHDAUHQHGP-UHFFFAOYSA-N__VSJNBRHKFISDKH-UHFFFAOYSA-N,1.168295899874466
VKYMQSQILZKJLI-PYCMUAIMSA-N__WWVKHWHJBDDYDF-UHFFFAOYSA-N,-2.3359091074799907
RMCOGIYQYGQBSD-UHFFFAOYSA-N__VKWGAOQLZMZCPZ-UHFFFAOYSA-N,2.024044311767781
YJHLPVRRCMLBFU-UHFFFAOYSA-N__SJRIQTQHVNDJMU-UHFFFAOYSA-N,-0.5117325799395556
VLOUJBHETNWUPE-JTQLQIEISA-N__LUJORMSYHLKJOE-UHFFFAOYSA-N,6.919005480710661
HEVNIQOBWMMUIH-UHFFFAOYSA-N__IXGNPIKAIFSSNX-UHFFFAOYSA-N,7.829829441868282
IXGNPIKAIFSSNX-UHFFFAOYSA-N__HEVNIQOBWMMUIH-UHFFFAOYSA-N,12.021095709740049
AWRGBOQAYPIQSS-UHFFFAOYSA-N__JVGHNHVTABVRQQ-UHFFFAOYSA-N,6.296681754819785
GJTAIZDQBJJTLB-UHFFFAOYSA-N__ZPTHLAIQDOTIFE-UHFFFAOYSA-N,3.936386570986693
IGXGXUOTGWANTK-UHFFFAOYSA-N__RIWHSPVIVGOQEG-UHFFFAOYSA-N,3.1952478139569203
XIZQKYNRXNMGEI-UHFFFAOYSA-N__HMFYWNFHXNRULP-UHFFFAOYSA-N,3.686668291471389
OKNNRJVHMIPBCX-UHFFFAOYSA-N__QCPAALHMGPFQGX-UHFFFAOYSA-N,4.675403996887899
HMFYWNFHXNRULP-UHFFFAOYSA-N__XIZQKYNRXNMGEI-UHFFFAOYSA-N,3.597444511249332
LKHQNMVIDSVGJP-UHFFFAOYSA-N__HNKYWXZXFAQLJK-MQWKRIRWSA-N,1.3675700224719856
QCPAALHMGPFQGX-UHFFFAOYSA-N__OKNNRJVHMIPBCX-UHFFFAOYSA-N,4.094203693520167
GDLLDMXYTZMPPD-UHFFFAOYSA-N__NYDLENSFHBCWDI-UHFFFAOYSA-N,13.097750012661145
OIPJSBVLNNCQPF-UHFFFAOYSA-N__OGCHWLVTRRZEAM-JTQLQIEISA-N,1.732449222231621
NYDLENSFHBCWDI-UHFFFAOYSA-N__GDLLDMXYTZMPPD-UHFFFAOYSA-N,2.25395071826872
PNHXSDAJYCFONQ-UHFFFAOYSA-N__AGQARYWNJWOGJE-UHFFFAOYSA-N,-1.8973913360822563
FUFTUZUOICKSCS-UHFFFAOYSA-N__OIYYXDJGOABXKP-UHFFFAOYSA-N,1.554522490070377
OIYYXDJGOABXKP-UHFFFAOYSA-N__FUFTUZUOICKSCS-UHFFFAOYSA-N,4.148154865992422
ZZDDPDUZGHJZDM-CQSZACIVSA-N__XIOJLPUXXPQRTM-HZGVNTEJSA-N,0.865835066221551
FGGIOVSWJGBGNF-UHFFFAOYSA-N__DTLNHGPEIPUUOJ-OWOJBTEDSA-N,1.992846413171577
XIOJLPUXXPQRTM-HZGVNTEJSA-N__ZZDDPDUZGHJZDM-CQSZACIVSA-N,5.319906959113295
CTNPVLCSPJBHHT-UHFFFAOYSA-N__JSZVGYMCWWNBMH-QWRGUYRKSA-N,2.08157270420705
FRNGHIUMSZULTO-UHFFFAOYSA-N__UHSKBNAYGFNXOM-UHFFFAOYSA-N,1.8754696641944684
JCNPAQNUBWVOBE-UHFFFAOYSA-N__ZHOXGILWMHZMGW-UHFFFAOYSA-N,6.08283729044854
PQRAPZJLVMRYMD-UHFFFAOYSA-N__XEKUVFSXKOTIAF-UHFFFAOYSA-N,0.4483459591190648
UHSKBNAYGFNXOM-UHFFFAOYSA-N__FRNGHIUMSZULTO-UHFFFAOYSA-N,3.682769084859743
TUUQYQCDTCXIEH-UHFFFAOYSA-N__YVDXDQDMBZWQCP-AXDSSHIGSA-N,-5.332978012658204
YVDXDQDMBZWQCP-AXDSSHIGSA-N__TUUQYQCDTCXIEH-UHFFFAOYSA-N,0.3896031978052754
IVIBEOROTRFOQL-UHFFFAOYSA-N__HEVLANYGYSVOMR-UHFFFAOYSA-N,4.855201635965635
IOSCKLADEVIAGB-LURJTMIESA-N__DHWOZTQKAKOFTD-UHFFFAOYSA-N,0.2215918075598257
DHWOZTQKAKOFTD-UHFFFAOYSA-N__IOSCKLADEVIAGB-LURJTMIESA-N,3.4177675979462365
JOCXNKUHCAHWSM-UHFFFAOYSA-N__ZNBMGNUWXYAVDV-UHFFFAOYSA-N,2.945694772432544
YTJQHLPNJRYMEU-VMPITWQZSA-N__ZNKRBRFNTOFHGK-UHFFFAOYSA-N,12.699607678548947
ZSXIFEQBKSZVLV-UHFFFAOYSA-N__FTGAWRCSDQXWRJ-HTQZYQBOSA-N,-2.223774945390776
HEVLANYGYSVOMR-UHFFFAOYSA-N__IVIBEOROTRFOQL-UHFFFAOYSA-N,5.8971859148497945
ZNBMGNUWXYAVDV-UHFFFAOYSA-N__JOCXNKUHCAHWSM-UHFFFAOYSA-N,10.091878210174425
GVSBGXXOUCJUTG-UHFFFAOYSA-N__SLHWDAZBYTYAHK-UHFFFAOYSA-N,16.33048495330618
SLHWDAZBYTYAHK-UHFFFAOYSA-N__GVSBGXXOUCJUTG-UHFFFAOYSA-N,3.044383765439972
VMASYZDRXOZMPT-UYRXBGFRSA-N__CBSYYWQEKMTXTJ-UHFFFAOYSA-N,2.422565340953395
ANSSDOAYSUZNQD-UHFFFAOYSA-N__QUKLMRAPNOMHCF-UHFFFAOYSA-N,3.3602304111217536
CBSYYWQEKMTXTJ-UHFFFAOYSA-N__VMASYZDRXOZMPT-UYRXBGFRSA-N,2.200666719569234
QXIAXUXBAWRTCO-FQEVSTJZSA-N__XRCMQISTSRYNNU-UHFFFAOYSA-N,6.95816548480667
VFHRINLTIRVFAG-UHFFFAOYSA-N__GGCAZPCQRYTHHY-UHFFFAOYSA-N,3.779775745541008
FOBKZKKETUBPEW-UHFFFAOYSA-N__KTGSFNDORUZTFM-UHFFFAOYSA-N,0.987887698680625
KTGSFNDORUZTFM-UHFFFAOYSA-N__FOBKZKKETUBPEW-UHFFFAOYSA-N,1.5728915553547953
GGCAZPCQRYTHHY-UHFFFAOYSA-N__VFHRINLTIRVFAG-UHFFFAOYSA-N,0.533101866700699
IQBDLSAXZDTNKD-UHFFFAOYSA-N__YJAAJMSZVZJPOQ-BDAKNGLRSA-N,3.286556883202468
GRJPGNVOWMYNNB-UHFFFAOYSA-N__RQSDAPWALJWBDY-UHFFFAOYSA-N,-0.0941672706930455
KEQNGHBRRPJJBN-UHFFFAOYSA-N__USCRCEPKFITYDL-UHFFFAOYSA-N,1.621941030607402
SKGPMOPPIYHZTP-UHFFFAOYSA-N__KJURWDXYCPHNOU-UHFFFAOYSA-N,0.8673296304512004
APVGDIJNIXXFSD-UHFFFAOYSA-N__XZCODZLCHNJIJF-UHFFFAOYSA-N,3.138505581128673
KJURWDXYCPHNOU-UHFFFAOYSA-N__SKGPMOPPIYHZTP-UHFFFAOYSA-N,6.8905303839872944
XZCODZLCHNJIJF-UHFFFAOYSA-N__APVGDIJNIXXFSD-UHFFFAOYSA-N,3.212814434733169
YJAAJMSZVZJPOQ-BDAKNGLRSA-N__IQBDLSAXZDTNKD-UHFFFAOYSA-N,4.383194166377774
CSKDANHCUBXSDL-UHFFFAOYSA-N__DMWFJBPGIWIXKH-UHFFFAOYSA-N,6.079762838475094
USCRCEPKFITYDL-UHFFFAOYSA-N__KEQNGHBRRPJJBN-UHFFFAOYSA-N,2.7921899051886534
UWQQZAOIJAEVDJ-UHFFFAOYSA-N__JSHBMDIJOGPLJT-FVMZRBCSSA-N,3.9218560252417696
CITSGSJHYKVQDX-UHFFFAOYSA-N__VRKASPLVOLVQDA-UHFFFAOYSA-N,4.099924232469283
YWSNJYDSEPGSAX-UHFFFAOYSA-N__JETVJXLQFOJCBK-UHFFFAOYSA-N,8.817854034901531
MDVHMHNMLSXRFO-UHFFFAOYSA-N__BZTGATYSNJMLOL-UHFFFAOYSA-N,0.481932705445627
VRKASPLVOLVQDA-UHFFFAOYSA-N__CITSGSJHYKVQDX-UHFFFAOYSA-N,3.091016952375836
JETVJXLQFOJCBK-UHFFFAOYSA-N__YWSNJYDSEPGSAX-UHFFFAOYSA-N,9.014540710542304
GXQNKVDAAINMNE-UHFFFAOYSA-N__QGQQTJFIYNGSEU-OSMVPFSASA-N,7.542816599064441
CDASCEKDGKTDOL-UHFFFAOYSA-N__BUWLAHFZNIVVGZ-UHFFFAOYSA-N,0.6640514541213736
BUWLAHFZNIVVGZ-UHFFFAOYSA-N__CDASCEKDGKTDOL-UHFFFAOYSA-N,2.389368927466618
GODAWLREKBVOBK-UHFFFAOYSA-N__MKHIIJWSRGKNMT-UHFFFAOYSA-N,3.4771536037085946
OAHDIYAOZUIAQX-UHFFFAOYSA-N__PESVDKISSIUPTJ-UHFFFAOYSA-N,2.973344685731237
ZOCQHKAJESMYCN-UHFFFAOYSA-N__NOVPLUSRMYFUEG-UHFFFAOYSA-N,6.564544624033767
PESVDKISSIUPTJ-UHFFFAOYSA-N__OAHDIYAOZUIAQX-UHFFFAOYSA-N,2.3973642169943976
DPJQRCYVQPDOQB-UHFFFAOYSA-N__ABDDBBPBPRBCMB-HNNXBMFYSA-N,-1.5064082350669692
NOVPLUSRMYFUEG-UHFFFAOYSA-N__ZOCQHKAJESMYCN-UHFFFAOYSA-N,8.185664573348651
MJKNAYYTEPMTCB-UHFFFAOYSA-N__HOBJKQHKSPFTHR-UHFFFAOYSA-N,8.713100972392951
UPAJDVDZHAPSQL-MLWJPKLSSA-N__DPQHAFLODXXXRU-UHFFFAOYSA-N,3.300084512335161
DPQHAFLODXXXRU-UHFFFAOYSA-N__UPAJDVDZHAPSQL-MLWJPKLSSA-N,4.680883570966264
BPFZJBZGPRHIMP-UHFFFAOYSA-N__IEICTAZUCOGSGK-UHFFFAOYSA-N,4.296157373585366
XPZMNUGLZRYKLD-UHFFFAOYSA-N__ZUQVWCCCASHACW-UHFFFAOYSA-N,0.1252302146594728
RLBQHHQLZRPQKB-UHFFFAOYSA-N__MBSWUJMEPOFLST-CJNGLKHVSA-N,0.630620790993028
IEICTAZUCOGSGK-UHFFFAOYSA-N__BPFZJBZGPRHIMP-UHFFFAOYSA-N,2.974651976247576
OBEPERVFGACYPK-UHFFFAOYSA-N__WATQAIBHEPSYRB-UHFFFAOYSA-N,9.491473105406062
GZDBBUGFOCIFBO-UHFFFAOYSA-N__KIHNJYKHOGMNJL-UHFFFAOYSA-N,0.6321137771200992
KIHNJYKHOGMNJL-UHFFFAOYSA-N__GZDBBUGFOCIFBO-UHFFFAOYSA-N,6.940726246678477
BBXVUCHELSDGOV-DTWKUNHWSA-N__KCVQNERFZLFINX-UHFFFAOYSA-N,4.39699989754866
LIEDSKNTNAYAJR-UHFFFAOYSA-N__JLRLALMLEOUCIW-UHFFFAOYSA-N,0.0949506434951932
HROLQGSQGFWORE-UHFFFAOYSA-N__MMFOIQXZNSNLCU-UHFFFAOYSA-N,4.627367197821418
APLFIJCLMPYZDR-UHFFFAOYSA-N__QRVNRGVSRXFXDC-UHFFFAOYSA-N,4.533125641379157
DGXJNYATAQWEIY-UHFFFAOYSA-N__KRGGYUPRFJJOOJ-UHFFFAOYSA-N,-2.65774596241856
MRVSGLLDEDYKPG-UHFFFAOYSA-N__YEMLHGPVSJDWGD-UHFFFAOYSA-N,-0.7048889938850298
WATQAIBHEPSYRB-UHFFFAOYSA-N__OBEPERVFGACYPK-UHFFFAOYSA-N,2.521240431270191
ZWKSQLGPWASXJS-ZETCQYMHSA-N__XJICHJSWCHZARG-UHFFFAOYSA-N,6.867596624072447
KRGGYUPRFJJOOJ-UHFFFAOYSA-N__DGXJNYATAQWEIY-UHFFFAOYSA-N,5.981261154208704
XJICHJSWCHZARG-UHFFFAOYSA-N__ZWKSQLGPWASXJS-ZETCQYMHSA-N,4.074653868501687
NKRDKPPCUGQUNM-UHFFFAOYSA-N__TZWURBSZRVYFFM-UHFFFAOYSA-N,-0.0824957174800869
NGNXBZZHYWHCQE-UHFFFAOYSA-N__BIWXUUNUQNADHC-UHFFFAOYSA-N,-0.8900593903063444
CGHZVOTVKZHDRO-UHFFFAOYSA-N__HDUFFKMQYDUSJV-UHFFFAOYSA-N,-8.034250492341322
IZRGXRWWJIYUSQ-UHFFFAOYSA-N__ZFKQLBPDYNAPLK-UHFFFAOYSA-N,4.52054794810067
FTFHTTDYAQHWML-UHFFFAOYSA-N__QKUNHVCVTHCCNJ-UHFFFAOYSA-N,4.020187049852764
HJLJGVXTTDYDMO-UHFFFAOYSA-N__QKSSKTSSHUJDJX-UHFFFAOYSA-N,1.901178868447948
SZUGOINZCGXCNM-UHFFFAOYSA-N__NYZQIPLKXYWSJD-UHFFFAOYSA-N,7.796104360557864
ZDCROUKBPXWPHL-UHFFFAOYSA-N__MHLOGGBIXSRFTM-UHFFFAOYSA-N,4.4481251796191
NYZQIPLKXYWSJD-UHFFFAOYSA-N__SZUGOINZCGXCNM-UHFFFAOYSA-N,9.178107092336116
XXFOVDUFWSXGSH-UHFFFAOYSA-N__CHJJJWLNRWOAJS-UHFFFAOYSA-N,2.276027764524779
MHLOGGBIXSRFTM-UHFFFAOYSA-N__ZDCROUKBPXWPHL-UHFFFAOYSA-N,7.701178251810113
QSVAMBQKBBWSPF-UHFFFAOYSA-N__SHNKQPWIPHOBLY-UHFFFAOYSA-N,3.663478029213296
LRDSAYMGIIOCKF-UHFFFAOYSA-N__PYBLOJMEBNDYNE-UHFFFAOYSA-N,0.0035723284982125
SHNKQPWIPHOBLY-UHFFFAOYSA-N__QSVAMBQKBBWSPF-UHFFFAOYSA-N,4.870567909052005
FXBBAJBGIHKOOD-UHFFFAOYSA-N__NSNOWDLAVHQQBQ-UHFFFAOYSA-N,3.594536469411582
KPLRSJORUCAGDO-UHFFFAOYSA-N__PCEQLTWOWQPVST-UHFFFAOYSA-N,-0.3607047894224156
IXZRIDOSNGLZKT-UHFFFAOYSA-N__JQRPGIZAKAVMEH-UHFFFAOYSA-N,0.9711194049067154
JMRSHDVAHDPUKX-UHFFFAOYSA-N__UCNDXESPXKOMEU-UHFFFAOYSA-N,9.364064411701824
DNLOHYSLSSMYDJ-UHFFFAOYSA-N__FLXNWBRGIBQFGR-UHFFFAOYSA-N,4.191150986625925
LNIIZFIAWHTZKE-UHFFFAOYSA-N__LIINGNMKNRSOGW-UHFFFAOYSA-N,1.7104551724286778
MLDSQJUCTDGGCC-UHFFFAOYSA-N__DZYZMXXRUFLNHR-UHFFFAOYSA-N,0.2953823744248909
LIINGNMKNRSOGW-UHFFFAOYSA-N__LNIIZFIAWHTZKE-UHFFFAOYSA-N,1.9849657878023763
RUPSQOAXRWRKLQ-UHFFFAOYSA-N__KAHBGXDEWUZAPC-UHFFFAOYSA-N,0.98264151246185
BPUWUQCDBVUQFV-UHFFFAOYSA-N__VMPBQMPRFQKGKY-SSDOTTSWSA-N,2.0439273611249624
CQRDDJKTESRACN-UHFFFAOYSA-N__KCXPISDSPNVXFN-UHFFFAOYSA-N,7.331846922197827
RCLNJWMMWQCAAB-UHFFFAOYSA-N__AJLHBPPESIWFEQ-UHFFFAOYSA-N,6.541836123369811
JCSOEEWJDRIQLI-UHFFFAOYSA-N__AGLFWRGCRYJMDX-KIYNQFGBSA-N,2.451296810217665
ZZKCNVNLDGMVIG-UHFFFAOYSA-N__YFSHCSXNKHZVCU-UHFFFAOYSA-N,3.658197166507117
YFSHCSXNKHZVCU-UHFFFAOYSA-N__ZZKCNVNLDGMVIG-UHFFFAOYSA-N,-2.8719849999108176
FYXOUUAJYPEARY-UHFFFAOYSA-N__KAQJCXPQHMERRF-UHFFFAOYSA-N,3.902240190791348
CTWIJYOOGUMWAI-CQSZACIVSA-N__AMQBUMNOSGJNQL-UHFFFAOYSA-N,1.8795440994754669
AKOPNWAGXMASTH-UHFFFAOYSA-N__YSHAJJZKWVTMMV-UHFFFAOYSA-N,3.571014140441952
FPYRCGVFNBSQHL-BIIKFXOESA-N__VNRIKSKUOVZOHY-UHFFFAOYSA-N,-0.3987153178969695
VNRIKSKUOVZOHY-UHFFFAOYSA-N__FPYRCGVFNBSQHL-BIIKFXOESA-N,6.806240355243794
FITHCUPIPFVCGS-UHFFFAOYSA-N__RWCWFQNNYZXFIT-UHFFFAOYSA-N,1.9216701231472733
SCNIJVZLGPQFBV-UHFFFAOYSA-N__BDNBWPZAXCGMIB-UHFFFAOYSA-N,1.8312345636770049
BDNBWPZAXCGMIB-UHFFFAOYSA-N__SCNIJVZLGPQFBV-UHFFFAOYSA-N,7.44732684017292
IKLNKUSGKVGWOR-UHFFFAOYSA-N__JBYLJKRXLNNWCA-UHFFFAOYSA-N,8.586617395792661
MUIKQSKHZFLYLP-UHFFFAOYSA-N__TWLUFJDXNIKYCR-UHFFFAOYSA-N,7.710410309409894
YXSRQZZTOXVRDF-UHFFFAOYSA-N__WSUIWNILCQYAMB-UHFFFAOYSA-N,2.999590601380289
JBYLJKRXLNNWCA-UHFFFAOYSA-N__IKLNKUSGKVGWOR-UHFFFAOYSA-N,11.496370081079142
WSUIWNILCQYAMB-UHFFFAOYSA-N__YXSRQZZTOXVRDF-UHFFFAOYSA-N,2.112910590653554
YTUTZJXNYZIRDV-HSZRJFAPSA-N__PHTGNFUAQIYZIT-UHFFFAOYSA-N,1.9310848995716428
PHTGNFUAQIYZIT-UHFFFAOYSA-N__YTUTZJXNYZIRDV-HSZRJFAPSA-N,2.531365279019509
IDXVHCVIZRQSRA-UHFFFAOYSA-N__YWDUSTXSGKKZAX-UHFFFAOYSA-N,-0.0404849930316913
LELVWIUERUJQFV-UHFFFAOYSA-N__BSWWEPRBROHIFH-UHFFFAOYSA-N,4.089424395487401
GCNIBYAYUBSQCC-SNVBAGLBSA-N__AGHOLQXVVFTJFO-UHFFFAOYSA-N,6.6863207676562935
YRPYIOQLQBCHQC-UHFFFAOYSA-N__FDXCHHWLKGCZAW-OAHLLOKOSA-N,5.673795046666173
DGMGSXDOSXXJMT-UHFFFAOYSA-N__DEJOSRNTHRXOKL-UHFFFAOYSA-N,6.730964873967051
ZQLHDSNJUXKWGI-UHFFFAOYSA-N__XLZUHIGTAVKOLS-UHFFFAOYSA-N,5.042642486611486
XLZUHIGTAVKOLS-UHFFFAOYSA-N__ZQLHDSNJUXKWGI-UHFFFAOYSA-N,4.549691522898122
QQDKZXXZCOBWSS-UHFFFAOYSA-N__PBJDAWYJICJOQB-UHFFFAOYSA-N,-0.5824753239299774
NHNJUKWYLMFOQP-ZETCQYMHSA-N__NMLIZVGSHKARID-CMDGGOBGSA-N,5.808220065759848
KMIGESXTIPHCGA-UHFFFAOYSA-N__OWTVHIWSVHUGQW-LRVUVFPRSA-N,1.6023773715982936
OWTVHIWSVHUGQW-LRVUVFPRSA-N__KMIGESXTIPHCGA-UHFFFAOYSA-N,11.58992882661476
JLINJOJVEHOJKF-UHFFFAOYSA-N__BNVJXLUENKUZMK-PKNBQFBNSA-N,2.351829403292783
BNVJXLUENKUZMK-PKNBQFBNSA-N__JLINJOJVEHOJKF-UHFFFAOYSA-N,2.5158057663771367
HVJFISSQJMCWAM-UHFFFAOYSA-N__PYJHLAXUDSKYJE-UHFFFAOYSA-N,3.774900271569361
LLOZHCCVYKBZEU-UHFFFAOYSA-N__XHMWXUMBZLLDJC-UHFFFAOYSA-N,2.42109812000296
IFTRKKHLLXNDPW-UHFFFAOYSA-N__DIZCDWKCFXIEGR-UHFFFAOYSA-N,4.722566113142588
DIZCDWKCFXIEGR-UHFFFAOYSA-N__IFTRKKHLLXNDPW-UHFFFAOYSA-N,5.215760586480423
LMKKDLJFUGNEPJ-UHFFFAOYSA-N__QZNVFFDCOUTKCB-UHFFFAOYSA-N,0.1603054923851378
QLYUZFGIIHVCQG-UHFFFAOYSA-N__HTRXWESHQHSYRY-UHFFFAOYSA-N,-0.8469733254592213
BHVGMUDWABJNRC-UHFFFAOYSA-N__VSKHUTOIIQIBNI-UHFFFAOYSA-N,1.6877642104547737
BSGOTVUQDNSXMW-UHFFFAOYSA-N__LHDZEESTYAQLEU-UHFFFAOYSA-N,5.441315632158652
WOWPOWHWWYFCMI-UHFFFAOYSA-N__HVCHLOSHFVUWHV-UHFFFAOYSA-N,1.2795456717628877
HVCHLOSHFVUWHV-UHFFFAOYSA-N__WOWPOWHWWYFCMI-UHFFFAOYSA-N,5.298405817497932
GKRBZKLEBAMWJV-UHFFFAOYSA-N__MPOWDDZBOAZIKX-UHFFFAOYSA-N,7.0716582565290365
FSYZDRPGVPKIQB-UHFFFAOYSA-N__GPKSYPLCCFKQBI-UHFFFAOYSA-N,2.7604848859935025
MPOWDDZBOAZIKX-UHFFFAOYSA-N__GKRBZKLEBAMWJV-UHFFFAOYSA-N,6.0809405169105455
OFDMPSFUFMXXOY-UHFFFAOYSA-N__LUTFIMZXKHKXFJ-DBRKOABJSA-N,1.4331032822040417
JWBMVBAFDASUJV-UHFFFAOYSA-N__OOZFQZGWOXFIJY-UHFFFAOYSA-N,7.899613818095627
CJVSJAHIWVZHHX-UHFFFAOYSA-N__XOKRSPGDKZNNQT-REZTVBANSA-N,7.345956346122629
VTRCEDWGHVCAMF-UHFFFAOYSA-N__MCSIZXPKXOHSRR-UHFFFAOYSA-N,5.67621174857406
MCSIZXPKXOHSRR-UHFFFAOYSA-N__VTRCEDWGHVCAMF-UHFFFAOYSA-N,5.5183664048209815
LOLHCDMIPCTSMR-UHFFFAOYSA-N__ISLLQDGGTLSBJP-UHFFFAOYSA-N,0.930483913922906
ZEXOUVNSZNFLIR-UHFFFAOYSA-N__NSCBTIPQZNSLNK-UHFFFAOYSA-N,5.819768706890103
HFHIZKCDHIHXRG-UHFFFAOYSA-N__PGJNPIHOONKGAO-ZETCQYMHSA-N,1.7382493547364717
LESSODBPWQKYEB-UHFFFAOYSA-N__RHFKUMLWGBMIJV-UHFFFAOYSA-N,2.764261175385996
KQEWNYFTVDUKFA-UHFFFAOYSA-N__RJDNZWGLBBZNQQ-UHFFFAOYSA-N,4.956520012395332
KGLFMBCSDMWNCB-UHFFFAOYSA-N__XUQWBMXNOCZLTG-UHFFFAOYSA-N,1.4315586797595186
ZEUHWQFOAPIRLP-UHFFFAOYSA-N__USYLLZPFQJMJLF-UHFFFAOYSA-N,2.559036131266072
USYLLZPFQJMJLF-UHFFFAOYSA-N__ZEUHWQFOAPIRLP-UHFFFAOYSA-N,7.298061931630566
FNOWBNUHNNSSCU-UHFFFAOYSA-N__BZVFWOMJQHISHK-UHFFFAOYSA-N,1.760096906097483
VLAFSCYAHZZNJZ-YOEHRIQHSA-N__USFLPGRYGFXABX-UHFFFAOYSA-N,10.408106137702353
USFLPGRYGFXABX-UHFFFAOYSA-N__VLAFSCYAHZZNJZ-YOEHRIQHSA-N,6.319997503092187
YNZLCQCBNROVGD-UHFFFAOYSA-N__BCJWSKCRCLCZIS-UHFFFAOYSA-N,1.8672136870450209
LSMOTXCLBWMOQI-UHFFFAOYSA-N__ZBNPNGKQYRPPDB-UHFFFAOYSA-N,0.8794079842800743
PJHDEXLUWSYVHI-UHFFFAOYSA-N__HVXGWBFMKSENRQ-UHFFFAOYSA-N,3.680372848276335
HVXGWBFMKSENRQ-UHFFFAOYSA-N__PJHDEXLUWSYVHI-UHFFFAOYSA-N,-0.6322008854432213
XFBQXEBXMOCAOD-UHFFFAOYSA-N__XYUJVJSJPNDFBW-UHFFFAOYSA-N,1.184878737239214
WJUPUYIPJNTOSG-UHFFFAOYSA-N__URUUMLZSLRKVDY-UHFFFAOYSA-N,4.121657078794144
OVTSOKHACQVRSF-UHFFFAOYSA-N__DHRAWOAPCPNHKM-UHFFFAOYSA-N,-2.467934641186341
KKFNZUNHVWQYQE-UHFFFAOYSA-N__QXMSZJQEFOTJHV-HWKANZROSA-N,5.837947974502973
NPJMJHIOTRVCRA-UHFFFAOYSA-N__HHHSHAZGHYCUPP-UHFFFAOYSA-N,5.983670905859204
HHHSHAZGHYCUPP-UHFFFAOYSA-N__NPJMJHIOTRVCRA-UHFFFAOYSA-N,1.0045299246660515
ICQDLZSGYICIGB-UHFFFAOYSA-N__XCWMZLNQJRKXED-UHFFFAOYSA-N,-0.1248773515365249
XCWMZLNQJRKXED-UHFFFAOYSA-N__ICQDLZSGYICIGB-UHFFFAOYSA-N,-1.0520986454241843
DADJAQODCPLETH-UHFFFAOYSA-N__LMIBYTCDHQCIMN-UHFFFAOYSA-N,5.099747086063198
LMIBYTCDHQCIMN-UHFFFAOYSA-N__DADJAQODCPLETH-UHFFFAOYSA-N,4.200573223599611
SKXJZWFTANWXBB-HZPDHXFCSA-N__ZHVNVPHMOCWHHO-ZXXMMSQZSA-N,7.785501397451054
ZHVNVPHMOCWHHO-ZXXMMSQZSA-N__SKXJZWFTANWXBB-HZPDHXFCSA-N,13.120805370797877
KRUXWRWFGHJJOO-UHFFFAOYSA-N__PIOLBAOKZSWPBP-UHFFFAOYSA-N,2.0215570066591657
GCEGLMFBNPWYQO-SLPGGIOYSA-N__OBWGFHSWWYLPLD-UHFFFAOYSA-N,2.763488188483479
DOOIKHIPXOZVEN-UHFFFAOYSA-N__KYNRVISTVITDEY-UHFFFAOYSA-N,0.9799147674727542
BDDQBUMDEQHWPG-UHFFFAOYSA-N__HGDDRUHHTDQMDF-UHFFFAOYSA-N,6.6342022042383215
SVTCUVULSDGQIV-ZETCQYMHSA-N__CRBGTXDFEDFKSU-SFYZADRCSA-N,2.2167157932536785
NWUXNBLCJIIXSS-UHFFFAOYSA-N__FPUNYMFGQYPAHF-UHFFFAOYSA-N,0.8872815682199199
FSUMNAQBGZSKCZ-UHFFFAOYSA-N__GTEPDOSDTSBSHH-UHFFFAOYSA-N,0.3348018076412533
OLTCEIXJUDYAQR-UHFFFAOYSA-N__LZUVTUQZZKIOJN-VIFPVBQESA-N,5.415719683214297
OQYDSWIBYFZTPJ-UHFFFAOYSA-N__KLWMZRWZVYXBKY-UHFFFAOYSA-N,2.5980484194390856
RGOCXZBOSHHAIQ-UHFFFAOYSA-N__WYCMOKYAMPNQME-UHFFFAOYSA-N,5.131772689723776
KLWMZRWZVYXBKY-UHFFFAOYSA-N__OQYDSWIBYFZTPJ-UHFFFAOYSA-N,2.1728889766800923
CTAMNZYDXPJGEK-UHFFFAOYSA-N__PXFKBSJOWKZSPD-UHFFFAOYSA-N,9.34403890136555
DTAWDDZSNTZRJQ-UHFFFAOYSA-N__PGVPCGATWGJACF-MRVPVSSYSA-N,2.9620735983945963
MSHVAKBTLCBQEX-UHFFFAOYSA-N__XPCDQJLIFNENPM-HQJQHLMTSA-N,2.758987728855924
VZOCHFSGUCTMMT-UHFFFAOYSA-N__ZTEWNGOLXCQZQK-UHFFFAOYSA-N,-0.6695612039094812
UGPCHGUQDGTYIW-UHFFFAOYSA-N__POKMLVGYCIQGAU-UHFFFAOYSA-N,-1.6019838691771833
POKMLVGYCIQGAU-UHFFFAOYSA-N__UGPCHGUQDGTYIW-UHFFFAOYSA-N,5.887658724602171
BLYXOHUPPIKWHD-UHFFFAOYSA-N__WIODTYXRPGBORZ-UHFFFAOYSA-N,-0.2753266335900843
XFTJNLKWHFEAMQ-UHFFFAOYSA-N__WNKGMQLRHKONID-ZFWWWQNUSA-N,0.7684564352555512
CRUKRMWVJKXHNO-UHFFFAOYSA-N__SMXJXTATBGRKTK-UHFFFAOYSA-N,2.313607775900818
WNKGMQLRHKONID-ZFWWWQNUSA-N__XFTJNLKWHFEAMQ-UHFFFAOYSA-N,9.171897870927374
VHPRISYFPVPDKK-UHFFFAOYSA-N__SCKMAUQQJIOIPR-UHFFFAOYSA-N,-1.4125665885517749
IHBDJOTVGRCDEH-UHFFFAOYSA-N__XJDHKBLLKWSOKC-UHFFFAOYSA-N,1.6114289541455704
WGHJLRMUHZIXGD-UHFFFAOYSA-N__QVRKJZUJNTYHPY-UHFFFAOYSA-N,3.5387794738952256
XJDHKBLLKWSOKC-UHFFFAOYSA-N__IHBDJOTVGRCDEH-UHFFFAOYSA-N,7.073950017171555
HYGRNFMUOYOXNJ-UHFFFAOYSA-N__SHFSNDSJPFITDS-UHFFFAOYSA-N,1.9029780329421544
NCFKTJSUMBPUQR-UHFFFAOYSA-N__YUOSIKFYBBJLFY-UHFFFAOYSA-N,3.3061510001763184
UVYNYKSHYRVWOI-UHFFFAOYSA-N__ZLLCVDJONCAZMX-UHFFFAOYSA-N,4.413882709805751
YUOSIKFYBBJLFY-UHFFFAOYSA-N__NCFKTJSUMBPUQR-UHFFFAOYSA-N,6.386147582133835
CKXHUNKCGNVBJH-UHFFFAOYSA-N__WDRBETNECQAZRC-UHFFFAOYSA-N,8.0618528038854
VHPVSIHFZZJSKJ-UHFFFAOYSA-N__HDZPGSXNHDHDGU-UHFFFAOYSA-N,6.414053109954855
AINCYHJWQFYJTF-REJBHVJUSA-N__ZGHASBCIVRCPFO-UHFFFAOYSA-N,1.5902411237126854
ORTVWVOHHQMYJU-UHFFFAOYSA-N__ZBJDDJGPQRBYEB-UHFFFAOYSA-N,0.179287723608544
AFUOJIDZYVVEMX-UHFFFAOYSA-N__BQSUIZGMVVTCMX-UHFFFAOYSA-N,-1.0609903806122922
DXCFASBQOCZUGV-UHFFFAOYSA-N__MOPOUCPTDHMJOM-UHFFFAOYSA-N,1.2619906373171763
MLCOGYBXLCRWHP-UHFFFAOYSA-N__OEAZQLJIVPPSAX-UHFFFAOYSA-N,2.4532571460620787
VRUPDGQDBAIPEE-UHFFFAOYSA-N__HAMVTIBQSVDQMG-UHFFFAOYSA-N,2.5057693478030374
KTHRAGCWRKJDBR-UHFFFAOYSA-N__LZYNFLFJMQSNIQ-UHFFFAOYSA-N,7.25306180349482
VJEIBXBFGCMFDX-UHFFFAOYSA-N__SBXDIOUSGQVPAE-UHFFFAOYSA-N,4.354880371698703
MOPOUCPTDHMJOM-UHFFFAOYSA-N__DXCFASBQOCZUGV-UHFFFAOYSA-N,6.652355380510053
OGEWLMZNINPPDR-UHFFFAOYSA-N__UZLVUEOAZOZCMA-UHFFFAOYSA-N,2.9360121454658663
NEWBFDLFXDTFGD-UHFFFAOYSA-N__OOPIHSGLJVAYGC-UHFFFAOYSA-N,1.664942456300852
OOPIHSGLJVAYGC-UHFFFAOYSA-N__NEWBFDLFXDTFGD-UHFFFAOYSA-N,7.217242544678808
NZTQMLGXHHODHM-UHFFFAOYSA-N__XJXLMYIQQOOSJZ-UHFFFAOYSA-N,-1.8275199633208912
UIYIVIOZONHEQL-UHFFFAOYSA-N__UBEQOWJENRFCRP-UHFFFAOYSA-N,0.1828336414853811
WYZGBHNEXQIMCZ-UHFFFAOYSA-N__YKYVLSDKPIQRCK-UHFFFAOYSA-N,4.752315791903878
LZYNFLFJMQSNIQ-UHFFFAOYSA-N__UHDUGMHZBDYXRM-UHFFFAOYSA-N,3.5406262805935835
PZSJOBKRSVRODF-UHFFFAOYSA-N__YKISCWWSVPXULF-UHFFFAOYSA-N,1.6592673515249263
YXSZYYZZBLCEHB-WGTSGOJVSA-N__AKFZUSGKLQDLEJ-UHFFFAOYSA-N,-0.906168513322874
JTENOSOCIALYPN-UHFFFAOYSA-N__XPXZXSFDTOZFQQ-UHFFFAOYSA-N,2.2639935994942606
NSOHCCALKVQSQB-UHFFFAOYSA-N__WGWWPFRZZGZVCZ-OWOJBTEDSA-N,5.823133184347404
YKISCWWSVPXULF-UHFFFAOYSA-N__PZSJOBKRSVRODF-UHFFFAOYSA-N,10.024605775033985
CMGMSKBKXQNIMA-UHFFFAOYSA-N__OFGDQRXKFAVRTD-UHFFFAOYSA-N,5.990923160259306
OABIMAHMUUTNAQ-NSCUHMNNSA-N__BGUQIQBNJYFIEE-UHFFFAOYSA-N,6.119405617757821
KSRNDLKFDMNJSF-UHFFFAOYSA-N__VBUOTIJDCYNVPX-UHFFFAOYSA-N,9.379253317358602
PLVUEGVXXXJVIB-CYBMUJFWSA-N__YJTBUNXAPRVSDQ-UHFFFAOYSA-N,2.484214193859501
IBNCHLLEBFUEFR-UHFFFAOYSA-N__KMFRCCPELWCMFL-UHFFFAOYSA-N,7.647630501097827
CLKRHJBKRXPKFO-UHFFFAOYSA-N__KJZZSRKWFNIXJM-UHFFFAOYSA-N,7.764204114643052
UQDKRXGUIOCKCI-UHFFFAOYSA-N__CFEAICKKZLLJGD-UHFFFAOYSA-N,10.248886802292542
MOWHSSFXHOIXAF-ZDUSSCGKSA-N__GFLSQHJUGHWKMJ-UHFFFAOYSA-N,7.934935527514458
KJZZSRKWFNIXJM-UHFFFAOYSA-N__CLKRHJBKRXPKFO-UHFFFAOYSA-N,-0.5276235857233388
FODCMIDHRGIYRN-UHFFFAOYSA-N__IXTDMBZTUBXLPV-UHFFFAOYSA-N,2.0829196997585724
FDVJGACWSSLKBI-PHEQNACWSA-N__CHSSMGMXEUZJOM-UHFFFAOYSA-N,4.377731234821811
IXTDMBZTUBXLPV-UHFFFAOYSA-N__FODCMIDHRGIYRN-UHFFFAOYSA-N,4.289411419022485
CFEAICKKZLLJGD-UHFFFAOYSA-N__UQDKRXGUIOCKCI-UHFFFAOYSA-N,9.851028363918855
TWCJEBPRXMECFJ-UHFFFAOYSA-N__FAMMEGHKIKMZMN-UHFFFAOYSA-N,4.006912255567479
DURUOJBNCRHBHV-UHFFFAOYSA-N__ALCPKCPYEVLUNA-UHFFFAOYSA-N,8.471316940490267
RDPLLISALAFJCW-UHFFFAOYSA-N__WGAIINZDMNTLKQ-UHFFFAOYSA-N,12.43523096305964
GJPUJPMUSJJVQF-UHFFFAOYSA-N__QWGTYHJIOUAMPQ-RRKGBCIJSA-N,3.739995718632117
QWGTYHJIOUAMPQ-RRKGBCIJSA-N__GJPUJPMUSJJVQF-UHFFFAOYSA-N,3.9801891409890215
XWXHKTBXWKDQBL-UHFFFAOYSA-N__WNALJJPLUSWCGT-UHFFFAOYSA-N,9.267407577574808
WNALJJPLUSWCGT-UHFFFAOYSA-N__XWXHKTBXWKDQBL-UHFFFAOYSA-N,8.039712952200064
KQOHFNRFRYSFJT-UHFFFAOYSA-N__YBBNUDDZOWRHOD-WAYWQWQTSA-N,0.1457836919081358
HSVWDMHMWPXFOV-UHFFFAOYSA-N__YUIYGEOGVXSLGX-UHFFFAOYSA-N,5.756301165811935
YUIYGEOGVXSLGX-UHFFFAOYSA-N__HSVWDMHMWPXFOV-UHFFFAOYSA-N,-2.9050214022784475
MMFNLHHYVOYOOH-UHFFFAOYSA-N__KLLOPFXTIBHIHI-UHFFFAOYSA-N,3.2692486773119387
KLLOPFXTIBHIHI-UHFFFAOYSA-N__MMFNLHHYVOYOOH-UHFFFAOYSA-N,6.702152885837182
NWUACGOREFDKGV-GFCCVEGCSA-N__YKPHHIFFYROQDK-UHFFFAOYSA-N,5.0327445387091
WFBJVXXCDQCOCQ-UHFFFAOYSA-N__YAYPLAPXQXUQHB-UHFFFAOYSA-N,-0.1760996339458908
IQHVWAXAMNFXHI-UHFFFAOYSA-N__OAHNAXYVEBNKDN-UHFFFAOYSA-N,5.89492523742766
IJJGWZUZKJGGJT-UHFFFAOYSA-N__FUKQBILOLYOXBU-UHFFFAOYSA-N,7.263016707766662
OAHNAXYVEBNKDN-UHFFFAOYSA-N__IQHVWAXAMNFXHI-UHFFFAOYSA-N,1.069966478976955
IMZMBJYVCQIXED-UHFFFAOYSA-N__RAEXDMCULJOFDK-UHFFFAOYSA-N,3.4221222291174107
RAEXDMCULJOFDK-UHFFFAOYSA-N__IMZMBJYVCQIXED-UHFFFAOYSA-N,5.687045346439532
DNXNEKJEZNIHNO-UHFFFAOYSA-N__HNOIAPRHNXBCAE-UHFFFAOYSA-N,-2.8725425390358734
AZEZQVQYEAQPHM-LLVKDONJSA-N__UGGONLTXYALYGR-UHFFFAOYSA-N,7.656797694693765
MQTPSWYPPUNRAW-UHFFFAOYSA-N__GRDZUJFJAGHTNN-UHFFFAOYSA-N,4.054821702376559
BTWDAPISNDIRPP-UHFFFAOYSA-N__BRLMXSTXTPANDK-UHFFFAOYSA-N,2.4341832112486337
BRLMXSTXTPANDK-UHFFFAOYSA-N__BTWDAPISNDIRPP-UHFFFAOYSA-N,3.378700616544544
UMWJZLYYZJUEHQ-UHFFFAOYSA-N__JPDMVMSNJSYKNI-UHFFFAOYSA-N,5.547412632925907
WNHDXZQWYMPTMB-UHFFFAOYSA-N__AOASZNXCYRCGBP-UHFFFAOYSA-N,5.295740423074638
JPDMVMSNJSYKNI-UHFFFAOYSA-N__UMWJZLYYZJUEHQ-UHFFFAOYSA-N,10.248492279430256
AMLHCPGGZHTDFQ-UHFFFAOYSA-N__TULQXSFEDXIVTJ-UHFFFAOYSA-N,0.2347509056170048
GNDULTYVZSOJHU-UHFFFAOYSA-N__KPQCYFPPETYXOG-UHFFFAOYSA-N,2.655626257011732
KJWACSNMRPIQID-UHFFFAOYSA-N__GNGYDBXLJMAUTL-AFJQJTPPSA-N,9.430053017769572
GNGYDBXLJMAUTL-AFJQJTPPSA-N__KJWACSNMRPIQID-UHFFFAOYSA-N,-1.2475128120835344
SXZKEELWIIJCDQ-UHFFFAOYSA-N__CPOIZGUCGLKTOC-UHFFFAOYSA-N,0.9378070914816976
UYYAKSAYVVWNFS-UHFFFAOYSA-N__FAKHXBZDTOXGOS-UHFFFAOYSA-N,12.45061821946709
NEDBMULABJUSIF-UHFFFAOYSA-N__ZPCRXBVUXRAGEX-UHFFFAOYSA-N,2.89203060952825
MJDBDRQRFBVLKT-UHFFFAOYSA-N__BYPNOFIFSIUJHD-GOSISDBHSA-N,4.045409039458224
NFYMKLFSXYRTTG-UHFFFAOYSA-N__MWKYQBAHMCFUOX-UHFFFAOYSA-N,-0.8293851126927011
MWKYQBAHMCFUOX-UHFFFAOYSA-N__NFYMKLFSXYRTTG-UHFFFAOYSA-N,2.9704506849472105
QKMLGMAXXKVBQT-UHFFFAOYSA-N__CUCCCYTZXXDWON-UHFFFAOYSA-N,1.6997074689722431
OMXGKNSYLPUBKF-UHFFFAOYSA-N__MBERBSDLYUUTSO-UHFFFAOYSA-N,2.878986310461433
MBERBSDLYUUTSO-UHFFFAOYSA-N__OMXGKNSYLPUBKF-UHFFFAOYSA-N,0.9216789340697392
QBSKKRMMJPNRDH-UHFFFAOYSA-N__MPKYPSRNGOGGLE-UHFFFAOYSA-N,2.98278711087518
JCKKBRXWDBWAEP-JXUBOQSCSA-N__JAEHSRCBLWMTHL-UHFFFAOYSA-N,-1.3088799619084173
GTXLMJHTGGBAKM-UHFFFAOYSA-N__XNCZHAWFDCNTPI-UHFFFAOYSA-N,3.2617772262400906
HEFMHGLKWJFLPR-UHFFFAOYSA-N__PUYAWOFUJUYKLW-WDSKDSINSA-N,1.9118478359215911
CREGKXZIHOMXBJ-UHFFFAOYSA-N__MBIGXCKFFGYAFQ-UHFFFAOYSA-N,5.963691323151908
LEEDRBJPARQKTP-UHFFFAOYSA-N__KJBHNLFPUFKXJC-UHFFFAOYSA-N,2.772239945024092
KJBHNLFPUFKXJC-UHFFFAOYSA-N__LEEDRBJPARQKTP-UHFFFAOYSA-N,0.410991341825701
MBIGXCKFFGYAFQ-UHFFFAOYSA-N__CREGKXZIHOMXBJ-UHFFFAOYSA-N,0.7684238536188865
PCZJOVLIRDDNKW-UHFFFAOYSA-N__YBKRMFYPYBHCIO-RKDXNWHRSA-N,-0.0636056360043764
DBBNCIUANQBYSX-QWRGUYRKSA-N__HXYUZJZIWZKWJY-UHFFFAOYSA-N,10.061060062584252
MPRVZSAEBDATQJ-UHFFFAOYSA-N__LSUFIFAIDIRWGE-UHFFFAOYSA-N,12.793178556876194
XYRYELGHAFRCIW-UHFFFAOYSA-N__DAINQWLDMKIISM-UHFFFAOYSA-N,-1.0009138294857056
YVYCFVQNCQXTFI-UHFFFAOYSA-N__VLNDERXCPZQXFQ-UHFFFAOYSA-N,6.334301382698603
DTJRPTCQBIETQI-UHFFFAOYSA-N__ZCRLLZIFKSXXPI-UHFFFAOYSA-N,5.781791935371592
LSUFIFAIDIRWGE-UHFFFAOYSA-N__MPRVZSAEBDATQJ-UHFFFAOYSA-N,4.236734531387514
QYZGYDLTOXPUHN-UHFFFAOYSA-N__HSEVOKVRULNBKR-UHFFFAOYSA-N,7.199065733108906
ARZZZYIWZZPTKD-UHFFFAOYSA-N__KSXJSHYGTATKTN-UHFFFAOYSA-N,2.9958569980894967
QZIAFYMLFHEMJA-DTWKUNHWSA-N__NVTMLZDCPZQUKT-UHFFFAOYSA-N,-0.3685550672961949
NVTMLZDCPZQUKT-UHFFFAOYSA-N__QZIAFYMLFHEMJA-DTWKUNHWSA-N,-1.0548915207301202
KSXJSHYGTATKTN-UHFFFAOYSA-N__ARZZZYIWZZPTKD-UHFFFAOYSA-N,2.546345150682663
MXXGFLWFVFNVCM-UHFFFAOYSA-N__UQCXOGWJBSYCKJ-UHFFFAOYSA-N,2.0263992931785384
UQCXOGWJBSYCKJ-UHFFFAOYSA-N__MXXGFLWFVFNVCM-UHFFFAOYSA-N,-0.2944977150599084
SNSFPJCJIPEBGC-UHFFFAOYSA-N__JMGNBLMXDCRMKG-FNORWQNLSA-N,1.5640359734901512
NGONXJFGMCYTMU-UHFFFAOYSA-N__KYDYQJQAJGBDJQ-UHFFFAOYSA-N,3.8134834616592017
JMGNBLMXDCRMKG-FNORWQNLSA-N__SNSFPJCJIPEBGC-UHFFFAOYSA-N,0.921174314564698
KYDYQJQAJGBDJQ-UHFFFAOYSA-N__NGONXJFGMCYTMU-UHFFFAOYSA-N,4.14083054956877
KYUBKNIUMGQFIO-UHFFFAOYSA-N__DNIQYWJDPTUBHN-MRXNPFEDSA-N,0.3133850121522898
VOZCLMUGMKHWDT-UHFFFAOYSA-N__CBOZMZUOCWAUQX-UHFFFAOYSA-N,4.13362642597752
PUDOOCDEEOSPOA-UHFFFAOYSA-N__YATAIHWZVIPOQO-UHFFFAOYSA-N,1.3462451741263453
QAZZICFRTQPTPQ-UHFFFAOYSA-N__LRYDXNBJXMBPJE-UHFFFAOYSA-N,1.6545653736698895
HNKUMGRDMVAUEI-UHFFFAOYSA-N__KQMNWTYIHKRHAX-UHFFFAOYSA-N,3.4444780661238497
LRYDXNBJXMBPJE-UHFFFAOYSA-N__QAZZICFRTQPTPQ-UHFFFAOYSA-N,8.642277002098108
MVQUNYFSOGSFLD-UPHRSURJSA-N__QCXIJYYRFVNYEX-UHFFFAOYSA-N,-0.832616221184799
TWJDGVIFWWANJA-UHFFFAOYSA-N__DCLSEXSIDKOBJW-UHFFFAOYSA-N,1.703135294538913
MMFQBUILJFIKGK-UHFFFAOYSA-N__VDEJASHFKJSNNM-UHFFFAOYSA-N,1.2947470962296912
RDLQAPZQVGELKC-UHFFFAOYSA-N__TYUSVCIDBDOLMU-UHFFFAOYSA-N,5.083079032300664
TYUSVCIDBDOLMU-UHFFFAOYSA-N__RDLQAPZQVGELKC-UHFFFAOYSA-N,5.225479388172434
KGMQOAKEIMQYBH-MTJLKYKHSA-N__LJASZNNBVOTAAN-UHFFFAOYSA-N,-2.433359142790065
VDEJASHFKJSNNM-UHFFFAOYSA-N__MMFQBUILJFIKGK-UHFFFAOYSA-N,1.0806808681393645
AYFGJMHJLVIFIS-UHFFFAOYSA-N__NXZYIZDWSRHBSU-FSJBWODESA-N,3.0254780576026628
GRFAVLPXMJLBLV-AWEZNQCLSA-N__VKYVUWCOLSRMGR-UHFFFAOYSA-N,8.615398130913976
JARKCYVAAOWBJS-UHFFFAOYSA-N__HYAHTAXCLZRFJD-UHFFFAOYSA-N,2.518070239634992
NXZYIZDWSRHBSU-FSJBWODESA-N__AYFGJMHJLVIFIS-UHFFFAOYSA-N,6.573765792861304
UPGZHZKLNLXQBW-UHFFFAOYSA-N__FWEXMTMOLFKHDX-UHFFFAOYSA-N,4.975245252528112
LEJQAJBNFCJEDU-UHFFFAOYSA-N__KPGUNHQWCAOPBN-UHFFFAOYSA-N,5.330697684466776
HYAHTAXCLZRFJD-UHFFFAOYSA-N__JARKCYVAAOWBJS-UHFFFAOYSA-N,-0.5765214716354502
FWEXMTMOLFKHDX-UHFFFAOYSA-N__UPGZHZKLNLXQBW-UHFFFAOYSA-N,10.924001933374155
KPGUNHQWCAOPBN-UHFFFAOYSA-N__LEJQAJBNFCJEDU-UHFFFAOYSA-N,1.1464405022310955
MDTUGAYUZHEGSD-UHFFFAOYSA-N__UEMZWSAUWIPEOF-UHFFFAOYSA-N,1.303727474112344
UEMZWSAUWIPEOF-UHFFFAOYSA-N__MDTUGAYUZHEGSD-UHFFFAOYSA-N,2.9122654186706245
MEHIMRNYHHEUFC-UHFFFAOYSA-N__ZJRVWEQUQQOUIB-UHFFFAOYSA-N,6.496706306249123
GVZCQXQQHDMAMW-UHFFFAOYSA-N__AMZXZDZLEOQSJX-UHFFFAOYSA-N,2.299326824332099
IZMODNRGAJEWLE-UHFFFAOYSA-N__LJOUSBLNWOESQP-UHFFFAOYSA-N,4.993465155194442
VZPXDFPLYCSOPT-UHFFFAOYSA-N__ZQNBCNJBAWIUKC-RMKNXTFCSA-N,4.318335437882127
ZQNBCNJBAWIUKC-RMKNXTFCSA-N__VZPXDFPLYCSOPT-UHFFFAOYSA-N,9.696102667809768
DOSLMAUQQFHXBF-ZQIUZPCESA-N__OMRRJBCIXAGWPN-UHFFFAOYSA-N,18.87898111180688
RZUZFJUEJCHIGK-LGTGAQBVSA-N__XMXNCLUQHSLHGA-UHFFFAOYSA-N,3.833442410894658
XMXNCLUQHSLHGA-UHFFFAOYSA-N__RZUZFJUEJCHIGK-LGTGAQBVSA-N,3.967695263783944
LHVPNZGKXTVYSG-UHFFFAOYSA-N__CDYLINXUOINTNJ-CQSZACIVSA-N,-0.2993379866645298
CDYLINXUOINTNJ-CQSZACIVSA-N__LHVPNZGKXTVYSG-UHFFFAOYSA-N,1.2440671784486053
LRLGMKUBYBYXHS-UHFFFAOYSA-N__ONLHNSIQHBONQC-UHFFFAOYSA-N,1.5414400024335675
XULQBSHDCKRDLM-UHFFFAOYSA-N__BCWIHZPGMUVRNG-STQMWFEESA-N,-4.5390353273472925
BCWIHZPGMUVRNG-STQMWFEESA-N__XULQBSHDCKRDLM-UHFFFAOYSA-N,0.7296261452348126
IQRGPHSSBQUDAS-UHFFFAOYSA-N__UBMURTZQGYFFGH-ZETCQYMHSA-N,1.2157205209836326
YWKOGBHMGHTIOV-UHFFFAOYSA-N__LTRRUXPPCAACFM-UHFFFAOYSA-N,8.702973475876822
QNALUBUYQMOYET-UHFFFAOYSA-N__HSXXZZNVFWUCLM-UHFFFAOYSA-N,2.649645646993162
HSXXZZNVFWUCLM-UHFFFAOYSA-N__QNALUBUYQMOYET-UHFFFAOYSA-N,5.8017377116131845
UBMURTZQGYFFGH-ZETCQYMHSA-N__IQRGPHSSBQUDAS-UHFFFAOYSA-N,10.180451502948609
KVBOYIUVHXRZBK-UHFFFAOYSA-N__IDQWGCLDHGYJKZ-UHFFFAOYSA-N,1.862578554436302
IDQWGCLDHGYJKZ-UHFFFAOYSA-N__KVBOYIUVHXRZBK-UHFFFAOYSA-N,10.931477519929407
RVOLACWUIAQPCQ-UHFFFAOYSA-N__HZXDCVJEAACIPM-UHFFFAOYSA-N,-0.0101943614521678
CBXYEDLECWSINU-UHFFFAOYSA-N__XYXQYTRLPNBXDU-UHFFFAOYSA-N,1.2776357336134294
WPSPIOJFXXAYBP-UHFFFAOYSA-N__BOUVODSNTKYCFP-ZETCQYMHSA-N,-0.3985585800155396
XYXQYTRLPNBXDU-UHFFFAOYSA-N__CBXYEDLECWSINU-UHFFFAOYSA-N,0.6128226085431145
NXUDDZDEOHAHFV-UHFFFAOYSA-N__XBEFXGFPCGGATR-UHFFFAOYSA-N,2.539101033701696
XBEFXGFPCGGATR-UHFFFAOYSA-N__NXUDDZDEOHAHFV-UHFFFAOYSA-N,5.334541495904066
PSVIAMYCRIUUPP-UHFFFAOYSA-N__MFCRGONWXOHPHB-UHFFFAOYSA-N,2.536188261765245
CWAKPYBJXJWZEN-UHFFFAOYSA-N__UVHFCFUKILBIRN-UHFFFAOYSA-N,1.8699428262970192
FVUYCCLAHUCUIX-UHFFFAOYSA-N__FXYBVGLIQSKCIL-DGCUDZEOSA-N,-0.5858498875180468
JHJNZQXXHMJNCW-UHFFFAOYSA-N__BSXMFINHIKFIOE-UHFFFAOYSA-N,3.718632272156027
UQVHRWUKVYWUNP-UHFFFAOYSA-N__MVHSSAVPWOWLEL-UHFFFAOYSA-N,-5.051230427315454
WNKBHEQTBJZLOL-UHFFFAOYSA-N__RJFSHIRSYCAUCT-OXQOHEQNSA-N,1.1141339435203317
LRZDMZCHXFSDLH-UHFFFAOYSA-N__HWGNUQPRQYOEDT-UHFFFAOYSA-N,4.431857334910441
ZMYYKGMFCVKNSX-UHFFFAOYSA-N__RYAMCTTZOYCZAF-XQRVVYSFSA-N,1.3328343560451823
KTNWDUSTLKNPLQ-LBPRGKRZSA-N__QLCKNZBHICKCKE-UHFFFAOYSA-N,8.727093935400822
OEXHRRZNYFSPAB-UHFFFAOYSA-N__YKCRYWIVLKJWSX-UHFFFAOYSA-N,7.9544646885277634
YSHRYINUSAHNNX-UHFFFAOYSA-N__PPPCDLWSEAOPAD-UHFFFAOYSA-N,-1.9862074345020573
QIIDSEXAXRVUFY-OTYXRUKQSA-N__IEAQOAAJKKFCSN-UHFFFAOYSA-N,6.639326113902932
ZIULXLLBLJTKNM-UHFFFAOYSA-N__HAMAPXDYJGFEMN-UHFFFAOYSA-N,2.47334212477667
FIEOERZOLAUPQN-UHFFFAOYSA-N__FXFOFNUAKDEPMA-UHFFFAOYSA-N,8.811788481109334
GVXFLZXWEUOHNB-UHFFFAOYSA-N__TTXDYDHBIGBBJO-UHFFFAOYSA-N,-0.4324483215377243
TTXDYDHBIGBBJO-UHFFFAOYSA-N__GVXFLZXWEUOHNB-UHFFFAOYSA-N,3.498599021274194
BHGPCZRRKOSSPS-UHFFFAOYSA-N__ODSUTIFDWOCFCO-UHFFFAOYSA-N,1.3739049021087508
KRQIPUKWPREFQS-UHFFFAOYSA-N__PAVVSEKSNIZTHZ-UHFFFAOYSA-N,-1.7997795020618166
WUTOOOAYFDMFOA-UHFFFAOYSA-N__HLMDHGGTZULZJG-UHFFFAOYSA-N,3.185531819405561
RLEOUQVZCAPLMG-SNVBAGLBSA-N__PNZIXISEXCPEQV-UHFFFAOYSA-N,3.04881774771936
GGZNLZXEXOJYRI-UHFFFAOYSA-N__JHOMMFNZHSREGY-UHFFFAOYSA-N,0.8406511474757955
UIBUWHAPNMZMFB-UHFFFAOYSA-N__JVUFTSZHMNGPFO-UHFFFAOYSA-N,8.176605325792856
ZOVNOCUBYWVOLX-UHFFFAOYSA-N__LQUCVGUYDARXGH-UHFFFAOYSA-N,1.1784684366980314
JVUFTSZHMNGPFO-UHFFFAOYSA-N__UIBUWHAPNMZMFB-UHFFFAOYSA-N,6.4563944879492885
LQUCVGUYDARXGH-UHFFFAOYSA-N__ZOVNOCUBYWVOLX-UHFFFAOYSA-N,10.882569410557862
ZZUSIGAONPFNSX-UHFFFAOYSA-N__UFJXOJFJOZCWJT-UHFFFAOYSA-N,0.8111417651335066
RCGQAPUWWHXBOK-SNVBAGLBSA-N__VVRNTRMPWLEEAX-UHFFFAOYSA-N,5.5720862037420105
AQYDTPHZDRQRNW-UHFFFAOYSA-N__JLRXJPBDWYQEHY-UHFFFAOYSA-N,3.182669286897235
UFJXOJFJOZCWJT-UHFFFAOYSA-N__ZZUSIGAONPFNSX-UHFFFAOYSA-N,0.2359910389904355
QPXYWTCQBSVOHU-HRZQEMGZSA-N__FBUYTSBOVCQXDF-UHFFFAOYSA-N,-3.397073797194607
FBUYTSBOVCQXDF-UHFFFAOYSA-N__QPXYWTCQBSVOHU-HRZQEMGZSA-N,1.7480331118896508
YIVAUKVUAKSWAC-UHFFFAOYSA-N__NBWGOJBAAYMWAJ-UHFFFAOYSA-N,2.7430005982123906
YCIQJJFIHGONOD-UHFFFAOYSA-N__CBTOZZRWOFNHMP-UHFFFAOYSA-N,2.314709070205008
CBTOZZRWOFNHMP-UHFFFAOYSA-N__YCIQJJFIHGONOD-UHFFFAOYSA-N,7.977578882403525
NBWGOJBAAYMWAJ-UHFFFAOYSA-N__YIVAUKVUAKSWAC-UHFFFAOYSA-N,12.421138486491213
JWTGTDLCMROOIX-UHFFFAOYSA-N__GTMNFVMYWQJTGQ-UHFFFAOYSA-N,-0.8838408951104945
WBNHZLOEUBMGSU-UHFFFAOYSA-N__NCNDUCOPVXYXSR-UHFFFAOYSA-N,3.996641076382157
LFMVTOFFLVOULY-UHFFFAOYSA-N__TZTNYPZFAUDLTD-UHFFFAOYSA-N,4.557673415425795
TZTNYPZFAUDLTD-UHFFFAOYSA-N__LFMVTOFFLVOULY-UHFFFAOYSA-N,6.050238109279634
AVBKJCZTQKYWIQ-UHFFFAOYSA-N__HRDZOWCWIXJUPX-UHFFFAOYSA-N,3.418106266885078
XPSSEVWRQDJLAB-UHFFFAOYSA-N__KIWICCYWULMRLY-UHFFFAOYSA-N,3.1261005306385568
KIWICCYWULMRLY-UHFFFAOYSA-N__XPSSEVWRQDJLAB-UHFFFAOYSA-N,-2.204089356323784
MRWZZTJDUJLELY-UHFFFAOYSA-N__WFKOTUMDENOGTQ-UHFFFAOYSA-N,5.712410460410728
XEQJEDUWAVUELM-UHFFFAOYSA-N__BBQDGFNHYMSPNT-UHFFFAOYSA-N,-0.6866888310911146
WLACVEQFAQURHC-UHFFFAOYSA-N__GPGYDXQNZIXYPP-UHFFFAOYSA-N,2.126055988660143
RHUXUKSLIBSYOZ-UHFFFAOYSA-N__PDONIKHDXYHTLS-UHFFFAOYSA-N,-0.0160356081626832
XSNXGCGPZWGAAO-UHFFFAOYSA-N__HQQFFNIFBRBRNV-UHFFFAOYSA-N,2.351057123294043
HQQFFNIFBRBRNV-UHFFFAOYSA-N__XSNXGCGPZWGAAO-UHFFFAOYSA-N,19.283918283423866
VFSXFXFWBQAJMP-UHFFFAOYSA-N__ONCOHXQPUMBIEZ-UHFFFAOYSA-N,0.9390136734997192
MNCZQBUBMPCDBS-UHFFFAOYSA-N__ABCLQVNKGUCRPI-UHFFFAOYSA-N,-1.11411289278336
ABCLQVNKGUCRPI-UHFFFAOYSA-N__MNCZQBUBMPCDBS-UHFFFAOYSA-N,-0.4116817501822893
VDBIKURZNUHUJH-UHFFFAOYSA-N__YQTMBVMSOGQXOM-UHFFFAOYSA-N,2.147619534633731
YQTMBVMSOGQXOM-UHFFFAOYSA-N__VDBIKURZNUHUJH-UHFFFAOYSA-N,2.059755090852341
OULPHKNPUILLFJ-UHFFFAOYSA-N__HIPGTJQTVWOTIM-NGJCXOISSA-N,1.3999546143281192
HIPGTJQTVWOTIM-NGJCXOISSA-N__OULPHKNPUILLFJ-UHFFFAOYSA-N,5.233180917126277
AQXKEELMJFSVDN-UHFFFAOYSA-N__JJYVVGQWXOTSRS-UHFFFAOYSA-N,8.7029501295039
JJYVVGQWXOTSRS-UHFFFAOYSA-N__AQXKEELMJFSVDN-UHFFFAOYSA-N,0.2878246185274724
KNPNRPUOSNWQPJ-UHFFFAOYSA-N__QSWIHTFUEVKCPJ-UHFFFAOYSA-N,7.94330351748745
QSWIHTFUEVKCPJ-UHFFFAOYSA-N__KNPNRPUOSNWQPJ-UHFFFAOYSA-N,6.805075762411236
HPYCYNYCVWJIEF-UHFFFAOYSA-N__VZZBEUSMLOUCIZ-UHFFFAOYSA-N,6.666731764159979
IVNYESGCWCJJJB-UHFFFAOYSA-N__QQMYMXMYZZZETG-UHFFFAOYSA-N,5.654388254342084
CXSHQLTXKZMASE-UHFFFAOYSA-N__GIJFSRJVNQQUOP-UHFFFAOYSA-N,0.96420084761263
CLEYSWITELIDIG-UHFFFAOYSA-N__RXSRMJVVWPGCQG-UHFFFAOYSA-N,5.183334352505823
MMUKRZDNDLHEMQ-UHFFFAOYSA-N__HYUMUHIQLQAKRK-UHFFFAOYSA-N,15.704166511747056
ZAWRIYJHEDVUBZ-UHFFFAOYSA-N__MZZRKEIUNOYYDF-UHFFFAOYSA-N,1.709818428655541
XFRHQSDKMKCMPH-UHFFFAOYSA-N__LXFUQTYSAOZERK-UHFFFAOYSA-N,1.1142584954143395
SCISZPHRJVOAHW-UHFFFAOYSA-N__MJGHOBPIBFTDSH-UHFFFAOYSA-N,7.146407644306112
MJGHOBPIBFTDSH-UHFFFAOYSA-N__SCISZPHRJVOAHW-UHFFFAOYSA-N,5.438362991641059
DYKDZWBYHOHIKL-UHFFFAOYSA-N__SHCBXOSCPTVIHU-UHFFFAOYSA-N,4.736865030868048
KZNDGAGWQPGYTB-UHFFFAOYSA-N__CGIBXOSPELXTHD-UHFFFAOYSA-N,5.535107069493698
CGIBXOSPELXTHD-UHFFFAOYSA-N__KZNDGAGWQPGYTB-UHFFFAOYSA-N,1.8070265196382689
GDPVGSOBUOFHQM-ZETCQYMHSA-N__GTXCQAOXZCNYGZ-UHFFFAOYSA-N,7.465714487417229
RESVTQOJXNNVCP-UHFFFAOYSA-N__JNAZNWGFTWHNTH-KVQBGUIXSA-N,-5.941631998215192
JNAZNWGFTWHNTH-KVQBGUIXSA-N__RESVTQOJXNNVCP-UHFFFAOYSA-N,-1.2145596497936446
IEPAGAQTUCUSCM-UHFFFAOYSA-N__DLELVZMSYJBVEO-RQJHMYQMSA-N,5.817727055816496
XCRBJMONOWNUON-UHFFFAOYSA-N__MXYKXSMSECVABY-UHFFFAOYSA-N,2.217201810074685
NRCMMOIUNHUKHE-UHFFFAOYSA-N__HBMIHVPHSSOJFF-UHFFFAOYSA-N,5.093526109748521
MZJJQLLHZKRTFM-UHFFFAOYSA-N__UXPVGJOKPUABJV-UHFFFAOYSA-N,-1.330815195091336
JYNWHXGBNZRXGV-MRXNPFEDSA-N__QCXGENUZHXAOLR-UHFFFAOYSA-N,8.805394483014833
OLONRJJAVFCZMH-UHFFFAOYSA-N__XURFCSPBBWDUTO-UHFFFAOYSA-N,0.4772700395447553
XURFCSPBBWDUTO-UHFFFAOYSA-N__OLONRJJAVFCZMH-UHFFFAOYSA-N,2.764830532837864
NKXAEKBJSOEMGC-UHFFFAOYSA-N__UDAAHZWBGFPBQW-UHFFFAOYSA-N,-0.7820941586767924
ZTWUTTRSOURADI-UHFFFAOYSA-N__RRGJHEGMUBTOLZ-UHFFFAOYSA-N,5.857959094114634
OWGSQUGHLDRHQI-UHFFFAOYSA-N__ZWJNGECYMYISMU-UHFFFAOYSA-N,2.9128724031074062
VPMMJRJHOCKSON-UHFFFAOYSA-N__GBJCTKRNBRQDFQ-UHFFFAOYSA-N,-2.493702679823398
PLIOSOQGZBNFBL-UHFFFAOYSA-N__FYUCVJUQEKAHAR-UHFFFAOYSA-N,0.5932166559782769
KIYLMYLOAMDLFD-UHFFFAOYSA-N__FDZIXWYYUKSIOC-UHFFFAOYSA-N,-6.776826313596727
BMSISCUZCNYDMK-UHFFFAOYSA-N__IPGCPSRVYLFSHJ-UHFFFAOYSA-N,2.1368691690699864
IPGCPSRVYLFSHJ-UHFFFAOYSA-N__BMSISCUZCNYDMK-UHFFFAOYSA-N,0.2980800617736196
VOWCVLIQBCKCNL-DTWKUNHWSA-N__GEFAUMVNHFOXOO-UHFFFAOYSA-N,0.0832613588326711
NFUCLWJPHDYMOE-UHFFFAOYSA-N__VMFWTLMYIONNQN-UHFFFAOYSA-N,2.7369200397115887
CWBVKURYWWSLIY-UHFFFAOYSA-N__YODACZGRYZDQSY-UHFFFAOYSA-N,2.0553197992778665
NNRPLGLXTCISST-UHFFFAOYSA-N__SUHUSYRIMDZUPJ-UHFFFAOYSA-N,14.52136042344404
MRHUWMSOMJEOOG-UHFFFAOYSA-N__JIETYCDAORIUCY-UHFFFAOYSA-N,7.25446076742456
SUHUSYRIMDZUPJ-UHFFFAOYSA-N__NNRPLGLXTCISST-UHFFFAOYSA-N,5.883050769515181
JIETYCDAORIUCY-UHFFFAOYSA-N__MRHUWMSOMJEOOG-UHFFFAOYSA-N,-1.0862318003337637
NXWHHNCPYCRSQO-UHFFFAOYSA-N__VHTNHVIFYVNAMA-UHFFFAOYSA-N,-4.549873105354736
HJTTWHCAYROXCB-UHFFFAOYSA-N__JLIJAWQDIIKRMO-UHFFFAOYSA-N,4.16564860954788
JLIJAWQDIIKRMO-UHFFFAOYSA-N__HJTTWHCAYROXCB-UHFFFAOYSA-N,-1.1160208675252348
IEIVCCVSMYLGOC-UHFFFAOYSA-N__FHFPOEPBNCNAFJ-UHFFFAOYSA-N,6.94324841058276
LSPRBDWNUXUXEA-UHFFFAOYSA-N__FDXVNHWGAJFMOE-KRWDZBQOSA-N,5.027623254269242
ZBYUUWRLILGQIQ-RHSMWYFYSA-N__BDLZNVPABOHUNW-DPYQTVNSSA-N,14.159965805085005
XBEFXGFPCGGATR-UHFFFAOYSA-N__AEAIPSPJXIITJQ-UHFFFAOYSA-N,4.98062436900942
BDLZNVPABOHUNW-DPYQTVNSSA-N__ZBYUUWRLILGQIQ-RHSMWYFYSA-N,13.884618996665164
QKMWHGRWIUPAOE-UHFFFAOYSA-N__RDCBBNKVKYAPCP-UHFFFAOYSA-N,-0.6062697661951066
FDXVNHWGAJFMOE-KRWDZBQOSA-N__LSPRBDWNUXUXEA-UHFFFAOYSA-N,8.974407139074914
RDCBBNKVKYAPCP-UHFFFAOYSA-N__QKMWHGRWIUPAOE-UHFFFAOYSA-N,4.254789858165444
AEAIPSPJXIITJQ-UHFFFAOYSA-N__XBEFXGFPCGGATR-UHFFFAOYSA-N,0.8733394178179315
IUCJKOOWTPJBPE-UHFFFAOYSA-N__RQAIJVMZNRSQTR-KAAOTHNJSA-N,7.263713931548855
GZKXVSXJUJLBAN-UHFFFAOYSA-N__OUFNHNWORHRYJY-UHFFFAOYSA-N,5.160216214764739
CCYFIZIEAFRYKT-UHFFFAOYSA-N__XPFVSGONDZKVHF-UHFFFAOYSA-N,1.1590628216194891
XPFVSGONDZKVHF-UHFFFAOYSA-N__CCYFIZIEAFRYKT-UHFFFAOYSA-N,2.165467443544607
PILDWRGFGKVUSE-UHFFFAOYSA-N__UVRWUYAKBXOLRF-UHFFFAOYSA-N,2.928964936678173
OAUKVEZVRZELKR-UHFFFAOYSA-N__PSUZBRYKGODLQQ-UHFFFAOYSA-N,9.348455067872004
QWAZGYJKQISUIQ-UHFFFAOYSA-N__JNDPFLNTNXQVDG-UHFFFAOYSA-N,-0.8817448973758295
PSUZBRYKGODLQQ-UHFFFAOYSA-N__OAUKVEZVRZELKR-UHFFFAOYSA-N,2.419856620048769
NCSJTJSAHRRRGH-UHFFFAOYSA-N__KRDZXNQOTDTNPW-UHFFFAOYSA-N,4.520227785965483
VCKOZKXGFCFEIO-UHFFFAOYSA-N__BYFWOPSMQJVPFA-BQBZGAKWSA-N,8.165294678169015
ARUZEIQPHOEGQT-XGEHTFHBSA-N__DVWKNTOIBIVPPA-UHFFFAOYSA-N,3.570427882075768
FLODKRMDKAKSBC-UHFFFAOYSA-N__WGZBTYGSTIEWKO-UHFFFAOYSA-N,2.9042990703927067
CAHATEPMCVYRBO-UHFFFAOYSA-N__IXPSNVSWFAOJGK-UHFFFAOYSA-N,5.995859082315551
VDHDGOFTBZBPRW-UHFFFAOYSA-N__MVAJQLJEDZRZQD-UHFFFAOYSA-N,1.5974094423315826
BLYCWAPHQKNBAO-UHFFFAOYSA-N__XUVYCJKNYZRMJV-UHFFFAOYSA-N,8.0217078298582
MIIRMTCUUGENPA-UHFFFAOYSA-N__LFVWZKNAIOFOQP-UHFFFAOYSA-N,-0.5580185871618152
ZEYRZFMMTKYHNT-UHFFFAOYSA-N__VOYXMTVTDCEXRC-UHFFFAOYSA-N,3.0040970840648704
QYAIOHJVHHLPKO-UHFFFAOYSA-N__AVEAMSLEBKJBRP-UHFFFAOYSA-N,10.06617206688778
DPBLBJRALIPQSA-UHFFFAOYSA-N__ACZJGYFKGHTPQP-UHFFFAOYSA-N,2.381304051112932
NWIJJETUCOIJQJ-UHFFFAOYSA-N__TXJMCZWBXHJDFA-UHFFFAOYSA-N,4.696948797319967
TXJMCZWBXHJDFA-UHFFFAOYSA-N__NWIJJETUCOIJQJ-UHFFFAOYSA-N,-0.6918190910473482
KPQJZEHGYDBZIX-UHFFFAOYSA-N__YEBVXYOFWKIFLE-UHFFFAOYSA-N,-2.035987176847535
IGPSCQNHQVQRRV-UHFFFAOYSA-N__ZJHUGEZYXZCRPG-VWMQRDJASA-N,1.6082032486269755
ZJHUGEZYXZCRPG-VWMQRDJASA-N__IGPSCQNHQVQRRV-UHFFFAOYSA-N,5.502598509800598
JLPLTLHDEONRFZ-UHFFFAOYSA-N__GDTKJQURRQJKTP-UHFFFAOYSA-N,7.030510646539466
WUBSPNMGIAEUEC-UHFFFAOYSA-N__UTNXWIHTVYEWRR-UHFFFAOYSA-N,7.57439228904009
ZXTIZPQCGHYQHG-UHFFFAOYSA-N__OPKNXNXTKSSVEB-UHFFFAOYSA-N,6.419329554672941
ZKHYPMADUKLPNI-PKEIRNPWSA-N__ZLCZNOQTJMMHPM-UHFFFAOYSA-N,2.840763145202406
ZLCZNOQTJMMHPM-UHFFFAOYSA-N__ZKHYPMADUKLPNI-PKEIRNPWSA-N,5.538399359583831
GRLCKFUMUWOGMC-UHFFFAOYSA-N__KNIHOEJSSLNCDA-UHFFFAOYSA-N,9.88784516690693
YGYILJKUAHXCDN-UHFFFAOYSA-N__UWEVEBBQGQTGDZ-UHFFFAOYSA-N,0.2809748062523942
AAXLLCNOEKOEMA-UHFFFAOYSA-N__LXXAKIHMGMBKAQ-UHFFFAOYSA-N,-3.37131164250242
NNUJDODFVXXZHZ-UHFFFAOYSA-N__HPLZSAJONZMQDV-UHFFFAOYSA-N,3.0506028528255733
XATHYGQIZDQYPF-UHFFFAOYSA-N__FXXJAPHHJGRRLW-UHFFFAOYSA-N,2.395481981211868
HPLZSAJONZMQDV-UHFFFAOYSA-N__NNUJDODFVXXZHZ-UHFFFAOYSA-N,7.94831250253272
DERVDFHIQMEGGF-UHFFFAOYSA-N__NHBUIAUWPMLGIQ-UHFFFAOYSA-N,1.7698293377132888
OJISGJCHCBJRPI-UHFFFAOYSA-N__UPTTYQFMTHUZMS-UHFFFAOYSA-N,-0.346883582630438
ZMLUUKYUPKOTDI-UHFFFAOYSA-N__YBLJIFVAKZHJLX-UHFFFAOYSA-N,-0.8589708051871194
ABWJTLDCTXEGOH-UHFFFAOYSA-N__UKIHGPSECKMEDI-UHFFFAOYSA-N,-2.407109179405278
RHOIHWVVFUBFRO-UHFFFAOYSA-N__SQUQBRLKTFCDJP-UHFFFAOYSA-N,4.2671099294261685
VDERGIBWFSHSKK-UHFFFAOYSA-N__SVDJNNCUTXTNBA-UHFFFAOYSA-N,7.213092026747563
RETKGSAQBAQJPC-UHFFFAOYSA-N__YPFGBHRERKEIKC-JRTVQGFMSA-N,0.6432009601112141
QAAPSMJJPPCQOS-UHFFFAOYSA-N__DJCPTIJHVULQAI-HNHGDDPOSA-N,-0.1077819985893589
YPFGBHRERKEIKC-JRTVQGFMSA-N__RETKGSAQBAQJPC-UHFFFAOYSA-N,5.325746380886328
RYWCCGUUCQXEFZ-UHFFFAOYSA-N__LYJKKBWRCRZSII-UHFFFAOYSA-N,-2.266656921003736
SMSKMCOILVRGEU-UHFFFAOYSA-N__QJQMJQUKYWDDQK-UHFFFAOYSA-N,-0.2029809535753285
QJQMJQUKYWDDQK-UHFFFAOYSA-N__SMSKMCOILVRGEU-UHFFFAOYSA-N,1.342851226436286
IFOWSRGFCZLTIV-UHFFFAOYSA-N__HANQXWRAYLOQIG-UHFFFAOYSA-N,-1.9511459487836853
HANQXWRAYLOQIG-UHFFFAOYSA-N__IFOWSRGFCZLTIV-UHFFFAOYSA-N,-0.7747991171581617
YROWRIDHPMKTLH-UHFFFAOYSA-N__JOQKWZPUBAXOPC-UHFFFAOYSA-N,2.2883354281225228
VNMPKYRAUUWUOD-UHFFFAOYSA-N__WUOVJZPIPLAQBE-UHFFFAOYSA-N,-0.2416609654411571
JOQKWZPUBAXOPC-UHFFFAOYSA-N__YROWRIDHPMKTLH-UHFFFAOYSA-N,1.1466142441838565
URKHHNGXGKIUKB-UHFFFAOYSA-N__XTRRTHMRIDALMF-UHFFFAOYSA-N,-2.2624496977469724
VZDWIWFSBQTIFC-UHFFFAOYSA-N__JTDHRWQGEBZRLE-UHFFFAOYSA-N,4.312866961172903
MLMPOPJKXXWFSH-UHFFFAOYSA-N__HEHJEEBBUMTOHW-UHFFFAOYSA-N,3.7195859071095
GBMLDRPNLNJRDY-UHFFFAOYSA-N__QJNYLXNFXZJNOL-UHFFFAOYSA-N,1.946567541118865
HXZXPKPRJXIXPM-UHFFFAOYSA-N__WEALZOHFAZETGO-UHFFFAOYSA-N,7.8473015419263
YZQLQOXYIJJCSI-UHFFFAOYSA-N__LKIDBZUNPUGABC-UHFFFAOYSA-N,-2.0984042554177367
LKIDBZUNPUGABC-UHFFFAOYSA-N__YZQLQOXYIJJCSI-UHFFFAOYSA-N,1.3879171206647094
IRNXGUOOYJDXCL-ZETCQYMHSA-N__RECYNSXCJRCFRK-UHFFFAOYSA-N,0.0413547124643963
CUBSLBTZYUBOFK-UPHRSURJSA-N__ZBGSMMFRUXZNKG-UHFFFAOYSA-N,2.96407607423632
OMNGAGGMWNWRFM-UHFFFAOYSA-N__GNAUZBHSXPMIKP-UHFFFAOYSA-N,6.71093167686369
GKYXATXSJQAAND-UHFFFAOYSA-N__CANHHNWTYUULER-UHFFFAOYSA-N,0.2112444040438747
MILRFALBLWBZNE-UHFFFAOYSA-N__IJJYXVOSNQSZOF-PKHIMPSTSA-N,4.754394775651011
IJJYXVOSNQSZOF-PKHIMPSTSA-N__MILRFALBLWBZNE-UHFFFAOYSA-N,1.644889636750005
SFZWKMPIFJSMDZ-UHFFFAOYSA-N__AAMZJKGABLTRPA-UHFFFAOYSA-N,4.827514798947486
CBQPCEXYCJIEMR-UHFFFAOYSA-N__RSKZSSFBZJXDMV-UHFFFAOYSA-N,-3.120892520148651
JSKDICMSZLYROK-UHFFFAOYSA-N__IOGBOPWHYYNZNF-BYPYZUCNSA-N,-5.515402592919447
RCJCXCWTLAAHKF-UHFFFAOYSA-N__XSVOJWAQCTWEDJ-UHFFFAOYSA-N,6.952866068819109
YGWBGFGNGLXPEX-UHFFFAOYSA-N__APGDDKFXCPEWPI-UHFFFAOYSA-N,9.855028466937242
IOGBOPWHYYNZNF-BYPYZUCNSA-N__JSKDICMSZLYROK-UHFFFAOYSA-N,-2.428806581593318
OYABLKQMUYNUAV-FXQIFTODSA-N__XOZCTPMOMGSOLV-UHFFFAOYSA-N,4.260457955683668
OHHHXNYPBVYPPT-UHFFFAOYSA-N__ZUSUVEKHEZURSD-ONEGZZNKSA-N,1.5965386826609704
NKXAEKBJSOEMGC-UHFFFAOYSA-N__VKFRTMKVVGXBKQ-UHFFFAOYSA-N,-1.2792997848186605
VKFRTMKVVGXBKQ-UHFFFAOYSA-N__NKXAEKBJSOEMGC-UHFFFAOYSA-N,-2.119386398253443
NMJXMNZJAHNEMK-UHFFFAOYSA-N__OSVMZPBLJBOMEC-VQTJNVASSA-N,10.107231323250732
DISOPAVWGDZKCC-UHFFFAOYSA-N__KIWWWXTYVKGWJG-UHFFFAOYSA-N,2.361176993967077
OSVMZPBLJBOMEC-VQTJNVASSA-N__NMJXMNZJAHNEMK-UHFFFAOYSA-N,5.120856221818902
HGQJQAUQLVICSK-UHFFFAOYSA-N__BNSFGQGZNUJJDC-UHFFFAOYSA-N,8.677774232963877
KORWKQCDNRARSX-UHFFFAOYSA-N__KYWJSBSNSVCWRX-UHFFFAOYSA-N,3.0001699561451622
SNBKRSJIUQMTGJ-UHFFFAOYSA-N__BPTAQHBGSFJKET-UHFFFAOYSA-N,4.370270683793858
LYUMKHFROUOTEL-UHFFFAOYSA-N__JNGTVGAUNWOLHE-UHFFFAOYSA-N,3.953267755631546
PCMXVOJDJYKJAA-UHFFFAOYSA-N__RRMOMUCZOICCHM-UHFFFAOYSA-N,-0.6514126592878464
YJAAJMSZVZJPOQ-BDAKNGLRSA-N__ACCZHYMSOGXQNP-UHFFFAOYSA-N,3.278740348444856
BLHFOIXMQVCLIY-UHFFFAOYSA-N__RIHZBJCOXPAKFA-UHFFFAOYSA-N,1.12480039170848
RRMOMUCZOICCHM-UHFFFAOYSA-N__PCMXVOJDJYKJAA-UHFFFAOYSA-N,3.743603577516688
AHOROEISGVLMSN-UHFFFAOYSA-N__NBSUHOKXCZGPBO-UHFFFAOYSA-N,0.2038649673885625
KMAGGKISIVQMOC-UHFFFAOYSA-N__VWJXCMRIMOGQIH-UHFFFAOYSA-N,6.938714579304167
VWJXCMRIMOGQIH-UHFFFAOYSA-N__KMAGGKISIVQMOC-UHFFFAOYSA-N,-0.7146827105412435
PYHYZKYRZORLLD-UHFFFAOYSA-N__NQJFWGWSVSVAPC-UHFFFAOYSA-N,2.016172872509361
OGZYENFLIIMSQQ-XMCUXHSSSA-N__JBYLTGHHDFVKBU-UHFFFAOYSA-N,13.521362458177665
JBYLTGHHDFVKBU-UHFFFAOYSA-N__OGZYENFLIIMSQQ-XMCUXHSSSA-N,6.156533668288695
NQJFWGWSVSVAPC-UHFFFAOYSA-N__PYHYZKYRZORLLD-UHFFFAOYSA-N,0.2846078890246307
UWVLHWNZRPRMPH-UHFFFAOYSA-N__TWJWWGUHMWDEFT-UHFFFAOYSA-N,-1.6709368283997657
FDPQPZLVCUYNQU-UHFFFAOYSA-N__VXCABIXHLZMQGJ-UHFFFAOYSA-N,1.6169887611962164
VXCABIXHLZMQGJ-UHFFFAOYSA-N__FDPQPZLVCUYNQU-UHFFFAOYSA-N,2.1251947745447235
WESBCTRYJPEULH-UHFFFAOYSA-N__YTKFFNMNKYFMDM-UHFFFAOYSA-N,-0.2814753280840035
DFFZINGOEMWRCG-RYUDHWBXSA-N__XUJPWYOQWKPQOK-UHFFFAOYSA-N,1.583596232776489
LVTADQNJFSNWKC-UHFFFAOYSA-N__STPVDXKEXJZVKM-UHFFFAOYSA-N,6.001314087189464
NZKGWNUWLLJWIZ-UHFFFAOYSA-N__QJZAYAXPAYPNEU-UHFFFAOYSA-N,9.648806932544687
SPKQJGWQNBSDKF-UHFFFAOYSA-N__UPZGSGRYGZZTSO-UHFFFAOYSA-N,6.737525998410836
PTVUASUIMPCWSD-UHFFFAOYSA-N__VGRITSJOKDQACY-UHFFFAOYSA-N,4.6450205340537885
DDHHKKKTUZAKJP-UHFFFAOYSA-N__JDTRSECUMISCCT-UHFFFAOYSA-N,2.876565701142741
WTRPATCGXBMKKJ-UHFFFAOYSA-N__WVOHYYCXGVRIQI-UHFFFAOYSA-N,6.071134406288548
YPRBFZWYHMQHAM-UHFFFAOYSA-N__ORLLKZBGAKDPBW-MHWRWJLKSA-N,-0.823126471939837
DONRPGMLQXMCGF-UHFFFAOYSA-N__QBRCUOHMBGKPTM-UTCJRWHESA-N,0.9353546712790312
XVTKGGVGQQCAND-UHFFFAOYSA-N__RAPKHSLIJDFSMN-UHFFFAOYSA-N,-3.133224834491973
DKJIWXITRCKDOW-UHFFFAOYSA-N__DSAPYLFLEPUSDU-UHFFFAOYSA-N,3.097696492512049
QBRCUOHMBGKPTM-UTCJRWHESA-N__DONRPGMLQXMCGF-UHFFFAOYSA-N,3.001191681149071
XRQVYLNVYLYVQO-UHFFFAOYSA-N__AQKUTSYFNPLSCW-UHFFFAOYSA-N,7.96122596483229
WTQVAZILUGEBFG-UHFFFAOYSA-N__XDKHITBVZFAYHB-UHFFFAOYSA-N,6.235274098816372
RZUUTWBAKQBHBX-UHFFFAOYSA-N__KVVPWDFQTJONMT-UHFFFAOYSA-N,5.649285536167412
NSGQKQWMFLPFCP-UHFFFAOYSA-N__FRCWRIHOINCPNL-UHFFFAOYSA-N,8.235818816393332
LBYWSAMPKQQWOB-UHFFFAOYSA-N__ANJAQFQEKOWKTP-UHFFFAOYSA-N,8.00151264791954
FRCWRIHOINCPNL-UHFFFAOYSA-N__NSGQKQWMFLPFCP-UHFFFAOYSA-N,7.46569221006773
HGKIJQPJYVUIEM-UHFFFAOYSA-N__KDVJRCCSIVDSHB-UHFFFAOYSA-N,12.216567905359254
KYKMAHQRSYLKGR-UHFFFAOYSA-N__YIRBRSFDEDSLQB-UHFFFAOYSA-N,11.504867139240156
VTOXVWXJGGTDGY-UHFFFAOYSA-N__VLEROBLRELPVML-UHFFFAOYSA-N,5.890391306844388
PPFKLSIICBBIBI-UHFFFAOYSA-N__UXACNZAQSBHVJT-UHFFFAOYSA-N,10.656872501547769
KDVJRCCSIVDSHB-UHFFFAOYSA-N__HGKIJQPJYVUIEM-UHFFFAOYSA-N,4.199386021403205
NGURQVOLMATHKL-UHFFFAOYSA-N__YABKRBPAVJKTSM-UHFFFAOYSA-N,13.063791433235831
OQOUDZFBMYRNCD-UHFFFAOYSA-N__VJVGTLGXQDCFBK-UHFFFAOYSA-N,5.014384357483731
TVWIJBVZZNZZLW-UHFFFAOYSA-N__CTOCASDBZCPZAF-OCAPTIKFSA-N,6.308388324774214
DAMQYGGMEIWJAM-UHFFFAOYSA-N__JWWSWSQHQCLGOQ-UHFFFAOYSA-N,6.608130051444523
VJVGTLGXQDCFBK-UHFFFAOYSA-N__OQOUDZFBMYRNCD-UHFFFAOYSA-N,5.473035545735766
AWNYIOVRQHCRGH-UHFFFAOYSA-N__QJWSLSMUAUXVLN-UHFFFAOYSA-N,5.642563283248499
GYZWMCIGXNJGOV-UHFFFAOYSA-N__AFQVBAZJEOXQJF-UHFFFAOYSA-N,4.227482371082277
BXAUMTJEBGHQMW-UHFFFAOYSA-N__DSRXHTNBAGEJFC-RAULQPLLSA-N,8.997684738656144
AXKXFDONSAGDAP-UHFFFAOYSA-N__NWDKNJZCZGDQDK-UHFFFAOYSA-N,7.842807556935234
UVUSGNWAJILFFZ-UHFFFAOYSA-N__XEZMQKYGFXAKJE-UHFFFAOYSA-N,3.322868060369557
WPSCNGMVRZLCEK-UHFFFAOYSA-N__SIXJTDGVZISAIV-UHFFFAOYSA-N,8.403018895977791
USQKVVCLBMSELP-UHFFFAOYSA-N__POLLXWBWWJNDMB-UHFFFAOYSA-N,3.2191122434056108
HKKYKYWJZGCOHN-UHFFFAOYSA-N__QEZPUQMNWKYVDS-UHFFFAOYSA-N,9.09863974107634
QEZPUQMNWKYVDS-UHFFFAOYSA-N__HKKYKYWJZGCOHN-UHFFFAOYSA-N,7.4001212726283265
ZXKSLQVHHMQVHW-UHFFFAOYSA-N__NRMABIMELDETEN-UHFFFAOYSA-N,1.6095484049731017
UCHQZGRYMKGGFH-UHFFFAOYSA-N__OYLYUFLXICXZOB-UHFFFAOYSA-N,13.29033862535608
XTBICKNGJKYEFS-UHFFFAOYSA-N__IMERQVDTNNDMEN-UHFFFAOYSA-N,4.666028098744461
OYLYUFLXICXZOB-UHFFFAOYSA-N__UCHQZGRYMKGGFH-UHFFFAOYSA-N,6.654142796804243
ABOXFOWNDLKGDY-UHFFFAOYSA-N__NVKZNASTWHXBJQ-UHFFFAOYSA-N,-0.9850055025262132
JPKBNHVCLMNNEG-UHFFFAOYSA-N__YCCBKIJIDNYHFD-NSCUHMNNSA-N,4.758667634377703
YCCBKIJIDNYHFD-NSCUHMNNSA-N__JPKBNHVCLMNNEG-UHFFFAOYSA-N,10.555144014774248
NDXJMTYDCHMVBI-UHFFFAOYSA-N__QQYGWDRDSHMYPI-UHFFFAOYSA-N,8.210038150367426
CSGSDNTTWMJGMC-UHFFFAOYSA-N__GFKYXAXQGFCXNO-UHFFFAOYSA-N,6.4726907346520175
MMBBWTONQBRXSO-UHFFFAOYSA-N__UQSGGQUYJJLACY-NSCUHMNNSA-N,10.037893675467956
SNBFXANHPULHRA-UHFFFAOYSA-N__YXRUWYWSPZHKLD-UHFFFAOYSA-N,5.424803855887648
XJEYHRPTHPIYCJ-UHFFFAOYSA-N__NXTDCUJJYXLDBI-UHFFFAOYSA-N,3.966000564529693
NXTDCUJJYXLDBI-UHFFFAOYSA-N__XJEYHRPTHPIYCJ-UHFFFAOYSA-N,6.999272644547932
ZECBUHZORDYWMO-UHFFFAOYSA-N__ATCXVERWJNGQFR-UHFFFAOYSA-N,9.248126608843862
XDZPBMMQZPLPHM-UHFFFAOYSA-N__KLKPZARTIQMYFJ-UHFFFAOYSA-N,6.95105550212179
LNGDJTUKBAHJPW-UHFFFAOYSA-N__RXNFOWWSTAKGGT-UHFFFAOYSA-N,10.699058491904768
MJTKPTZINTXZQA-UHFFFAOYSA-N__GWEYSCVVCMTCKF-UHFFFAOYSA-N,2.9960017198908333
IYSRYNUUYIZWMU-UHFFFAOYSA-N__PMPKPUUWHRGBGK-UHFFFAOYSA-N,3.298806500647519
WCXPBAIOMLKHCC-UHFFFAOYSA-N__NYQHWZVAYBBUIC-UHFFFAOYSA-N,4.9170462437538935
PMPKPUUWHRGBGK-UHFFFAOYSA-N__IYSRYNUUYIZWMU-UHFFFAOYSA-N,6.887118649987544
LCKYMTVEZDSFSC-UHFFFAOYSA-N__BNRGFRFRYLDDHR-UHFFFAOYSA-N,4.9182345973709225
VDPFGLGSTWQSIC-UHFFFAOYSA-N__STFOXILYCKLJPP-UHFFFAOYSA-N,4.351929786295708
ZYGAMUHUVSQBTK-UHFFFAOYSA-N__NESLSFXNAGTNJV-UHFFFAOYSA-N,5.555644405130735
QIUOVIRIFZOCLL-UHFFFAOYSA-N__LOWBKFQSMJNDCF-UHFFFAOYSA-N,4.389804683056648
NESLSFXNAGTNJV-UHFFFAOYSA-N__ZYGAMUHUVSQBTK-UHFFFAOYSA-N,7.871480403373416
AKONWIITEHDDFX-UHFFFAOYSA-N__DVHLFLHECBNHFL-UHFFFAOYSA-N,6.661276510168297
SQEJFQWBVOARTB-UHFFFAOYSA-N__OUZVBMXGCNVXJU-UHFFFAOYSA-N,2.2495248343857224
QHNLMAHGFKKPCE-UHFFFAOYSA-N__CENKWUBPECITGQ-UHFFFAOYSA-N,6.07965576727207
HUWGYBIWOFZUGS-UHFFFAOYSA-N__LVQIDFCZSMHHCI-UHFFFAOYSA-N,1.596953620089634
OUZVBMXGCNVXJU-UHFFFAOYSA-N__SQEJFQWBVOARTB-UHFFFAOYSA-N,0.0421962860120799
CROLTLFYDLUNIZ-ZBYWLKIMSA-N__YJBWESIQXKPOGL-UHFFFAOYSA-N,4.904338420754614
WPQCSCJUHDNPKW-UHFFFAOYSA-N__BYTVPYXJWFXESZ-UHFFFAOYSA-N,14.57415013638889
LVQIDFCZSMHHCI-UHFFFAOYSA-N__HUWGYBIWOFZUGS-UHFFFAOYSA-N,11.421005273246758
IUZWEOZZRVBPTG-UHFFFAOYSA-N__XAYOWSIYSWQGLI-UHFFFAOYSA-N,-3.0622554955599326
PIVKVWGQIXZAND-UHFFFAOYSA-N__HEZGCGKDAHCYKW-UHFFFAOYSA-N,3.8989000638827225
MPRVZSAEBDATQJ-UHFFFAOYSA-N__XAQSFYLIYAZEMS-UHFFFAOYSA-N,4.607323703850207
XAYOWSIYSWQGLI-UHFFFAOYSA-N__IUZWEOZZRVBPTG-UHFFFAOYSA-N,5.499243144974321
SQADMKLRMVQQBE-CQSZACIVSA-N__MPNYEOHUDBSABW-UHFFFAOYSA-N,9.403584687392216
RKSCAWQHWQYHMR-UHFFFAOYSA-N__NDVCSLIKBDGHNT-OEAKJJBVSA-N,6.737542753221718
NDVCSLIKBDGHNT-OEAKJJBVSA-N__RKSCAWQHWQYHMR-UHFFFAOYSA-N,3.2403659196888093
JTWDYLOULFRBSA-NKGBTQRXSA-N__SXOSBMJHTMJRFJ-UHFFFAOYSA-N,6.797129567204509
MPNYEOHUDBSABW-UHFFFAOYSA-N__SQADMKLRMVQQBE-CQSZACIVSA-N,9.034030630726994
SNZIBKPZAIQCLO-UHFFFAOYSA-N__KIHNTJGEPMDMJG-UHFFFAOYSA-N,8.596465402573326
SXOSBMJHTMJRFJ-UHFFFAOYSA-N__JTWDYLOULFRBSA-NKGBTQRXSA-N,4.683999689563317
BJTIAMLOXXZBGQ-UHFFFAOYSA-N__IOTKTVXMHHWRIF-UHFFFAOYSA-N,6.311442558650452
CYFWDEWCXHUGLA-UHFFFAOYSA-N__GBZZKIKKNHEUCF-ZHACJKMWSA-N,2.798795235052914
YXTCCGIIEYRLDT-UHFFFAOYSA-N__NEIZHJRQPJHCTP-UHFFFAOYSA-N,3.65215608518292
NMKKMKYCPZNGBT-UHFFFAOYSA-N__VORSIBIEYOTEJJ-UHFFFAOYSA-N,2.752798418677239
FZJZGTNKNCHMAH-UHFFFAOYSA-N__GVNSVGNPQUKGLC-UHFFFAOYSA-N,8.407178140022285
GBXXBBMSXUOVOW-UHFFFAOYSA-N__RHVKKTPUCGBCRH-UHFFFAOYSA-N,5.016166512627479
OKIALCDWCBXVLL-UHFFFAOYSA-N__UYXFXTVPCGQPRJ-UHFFFAOYSA-N,4.816393549671962
JEYPPNDBWNFIAJ-UHFFFAOYSA-N__OOFMSXAFQJSHSH-UHFFFAOYSA-N,3.4976540234021885
PJHFLFVXPAZOKI-UHFFFAOYSA-N__GLBCCKHCYJSNGE-UHFFFAOYSA-N,6.216479949940277
ROVZAMQRAIKQKJ-UHFFFAOYSA-N__ZEUMRWKJOGQGAH-UHFFFAOYSA-N,4.909324759767499
FOHVMODHPNAKED-UHFFFAOYSA-N__WBUDFHMDARENBJ-UHFFFAOYSA-N,4.953036146459256
WUOVLESNFRORAI-UHFFFAOYSA-N__ANRFLZFFXQDKDK-UHFFFAOYSA-N,6.484794227117774
UCMZWQYXNBKCCA-UHFFFAOYSA-N__GYTNOXAZCCKLBH-UHFFFAOYSA-N,11.665175399529184
HZLOYFUORSBWOT-LWYVSQHNSA-N__SQXXFQBXSALOIV-UHFFFAOYSA-N,4.995906437649773
GYTNOXAZCCKLBH-UHFFFAOYSA-N__UCMZWQYXNBKCCA-UHFFFAOYSA-N,15.265052716809086
SQXXFQBXSALOIV-UHFFFAOYSA-N__HZLOYFUORSBWOT-LWYVSQHNSA-N,6.343917682558243
DLHHLKIFGLPASR-UHFFFAOYSA-N__FQTFZMQSLCFTFD-UHFFFAOYSA-N,6.305643469272761
ODNNCZJWIMATES-UHFFFAOYSA-N__KCMXAZYBAPTOTB-UHFFFAOYSA-N,6.905464298700906
FQTFZMQSLCFTFD-UHFFFAOYSA-N__DLHHLKIFGLPASR-UHFFFAOYSA-N,8.523892551264582
DVKYLCNAXCLTTQ-UHFFFAOYSA-N__OWCKWKYJHDWZKK-UHFFFAOYSA-N,4.642228226468133
DNDJTNYVDUVUNS-UHFFFAOYSA-N__LNSHWLOPJWNWAM-UHFFFAOYSA-N,6.99584139468201
SASQWVGNGJBYLV-ZETCQYMHSA-N__WHYQQKUYXDCMOA-UHFFFAOYSA-N,4.934375067278879
LFGAJMPHHLEKJO-UHFFFAOYSA-N__SYLVQTMTBFTKJV-UHFFFAOYSA-N,6.570389603373146
OMWAGFBHGUSIAG-UHFFFAOYSA-N__KESHERTXHPUMHC-UHFFFAOYSA-N,4.414315742908141
DXRLERKSZUPEOH-CHHVJCJISA-N__TUFNAWBZOFBEHP-UHFFFAOYSA-N,4.408263931328219
IPKPJYFHQYAOSE-UHFFFAOYSA-N__TUMDMBWTDILSDZ-UHFFFAOYSA-N,8.479085873564602
TUMDMBWTDILSDZ-UHFFFAOYSA-N__IPKPJYFHQYAOSE-UHFFFAOYSA-N,11.515385321263224
BBACHCURQGUSDY-UHFFFAOYSA-N__HHAHVARDYBJQQX-UHFFFAOYSA-N,5.578339044516677
IDXDBQIHKBXNHG-JTDNENJMSA-N__WHPLQIKCSLNSBR-UHFFFAOYSA-N,7.385197867517157
PELOBMDJSHCRRU-UHFFFAOYSA-N__JCVOTZOEGQZTAT-UHFFFAOYSA-N,3.882133998828249
WHPLQIKCSLNSBR-UHFFFAOYSA-N__IDXDBQIHKBXNHG-JTDNENJMSA-N,8.028027165815926
JCVOTZOEGQZTAT-UHFFFAOYSA-N__PELOBMDJSHCRRU-UHFFFAOYSA-N,7.92142422187362
HHAHVARDYBJQQX-UHFFFAOYSA-N__BBACHCURQGUSDY-UHFFFAOYSA-N,4.710104095475071
PKWQOZITWKAABT-UHFFFAOYSA-N__LXQKXLFCTVYBRN-UHFFFAOYSA-N,8.832031894302954
QTEVNCUVQSCQBE-UHFFFAOYSA-N__HCFHFIMGKZEFTH-UHFFFAOYSA-N,3.6885814288437633
VOOFYNNMFXAUFO-CMDGGOBGSA-N__IRKGYUPYSFCYTB-LLVKDONJSA-N,4.514217223494349
GFMMQESSTPJGDC-UHFFFAOYSA-N__UXABRIGNOUJWME-UHFFFAOYSA-N,7.110957063810483
OVVMLSZFWZFLOE-UHFFFAOYSA-N__GFMYBDMZGPTMEQ-UHFFFAOYSA-N,7.087093585746268
GFMYBDMZGPTMEQ-UHFFFAOYSA-N__OVVMLSZFWZFLOE-UHFFFAOYSA-N,2.571368870079822
LXQKXLFCTVYBRN-UHFFFAOYSA-N__PKWQOZITWKAABT-UHFFFAOYSA-N,10.969927002975831
GNSPQCUCWGQTPQ-UHFFFAOYSA-N__GMQPHOHIAQCYPR-UHFFFAOYSA-N,5.080400443196277
PZGGXWBTMCCTHF-UHFFFAOYSA-N__OWGBBKYMGOJIBZ-UHFFFAOYSA-N,0.6257810257566585
INCREDMVGVJPPV-UHFFFAOYSA-N__HJWLQCQBYFLAGK-UHFFFAOYSA-N,8.46841392174282
NIKFWNNRZQDEMA-UHFFFAOYSA-N__JVWBVQVMTTVOLO-UHFFFAOYSA-N,6.753807035945759
ZZZUYUIQPVULFS-UHFFFAOYSA-N__XFNZSDIZZJPKCU-UHFFFAOYSA-N,6.27265403937342
IUNXBQSDFWMNBZ-UHFFFAOYSA-N__LKFZIDIRWPHNEA-UHFFFAOYSA-N,6.1142385164793325
LKFZIDIRWPHNEA-UHFFFAOYSA-N__IUNXBQSDFWMNBZ-UHFFFAOYSA-N,3.971995481163527
ZCFOXLBFXPSHEB-UHFFFAOYSA-N__IMXOLROZRYHMOG-UHFFFAOYSA-N,5.930300866789925
IMXOLROZRYHMOG-UHFFFAOYSA-N__ZCFOXLBFXPSHEB-UHFFFAOYSA-N,7.552687188028578
PLRZTANJHBXMJZ-UHFFFAOYSA-N__RJXHSJKHRDIVRO-UHFFFAOYSA-N,11.888381059850698
OKXPVZTVMDPZSD-UHFFFAOYSA-N__QVFIZAOQDKNSMH-UHFFFAOYSA-N,4.846341230904155
ZWTHUYHELYMCFH-UHFFFAOYSA-N__LBWPYSGJMLWEGS-UHFFFAOYSA-N,5.3627399870080135
KYATZUXJTHLFTQ-UHFFFAOYSA-N__NKWLPUPEJNNQIF-UHFFFAOYSA-N,2.901807400872016
STKQCAXNOBLWGP-UHFFFAOYSA-N__KXSPNJURAZANIT-UHFFFAOYSA-N,2.746139129561443
GIFHMUVSFSPMAC-UHFFFAOYSA-N__XUGICAWKERGAPX-XFFZJAGNSA-N,5.324875927940187
NKWLPUPEJNNQIF-UHFFFAOYSA-N__KYATZUXJTHLFTQ-UHFFFAOYSA-N,6.289412892925009
XUGICAWKERGAPX-XFFZJAGNSA-N__GIFHMUVSFSPMAC-UHFFFAOYSA-N,4.6729799623425405
UFLNNUPDPBZAMV-UHFFFAOYSA-N__SAIREVNVPSVRJI-UHFFFAOYSA-N,2.769274130192853
BIKBHZXREOTPOG-UHFFFAOYSA-N__YZNXQWTYQJRVBI-UHFFFAOYSA-N,1.888235535343948
IEVHQHYCWAHZPI-UHFFFAOYSA-N__DJVDVTPALIWEQI-UHFFFAOYSA-N,6.581753105412637
MSXXPQSSQDPSJB-UHFFFAOYSA-N__MWUIIOMREJIZRL-UHFFFAOYSA-N,2.653762807398605
YZNXQWTYQJRVBI-UHFFFAOYSA-N__BIKBHZXREOTPOG-UHFFFAOYSA-N,5.67173581812946
KGJYXTYKXLPHNY-UHFFFAOYSA-N__ZXYKMFZZQJBZJC-UHFFFAOYSA-N,4.612408707268774
RXYNCOADJRVWAR-UHFFFAOYSA-N__ZCGYAVOXRDPOJD-UHFFFAOYSA-N,2.3528809383198093
MRXWTPQEYTVXDX-UHFFFAOYSA-N__PHTMDUJSSOOVCO-UHFFFAOYSA-N,9.894874971693676
OWDLPUIRENCMGX-UHFFFAOYSA-N__KGRJSYSBYXBSJS-UHFFFAOYSA-N,7.705021026398126
QDHUHLUILSWSDO-UHFFFAOYSA-N__JPLPOJHKNBWXKG-UHFFFAOYSA-N,3.2373315541675463
SVROXUACVQRUSK-UHFFFAOYSA-N__HJYISPWTORQPEC-UHFFFAOYSA-N,10.663758440964688
FPQMBFWYWFWIGK-UHFFFAOYSA-N__HUBBBFPCUDPAFA-UHFFFAOYSA-N,5.14886257848809
HUBBBFPCUDPAFA-UHFFFAOYSA-N__FPQMBFWYWFWIGK-UHFFFAOYSA-N,5.997277751089979
IOQLPRPCMWGUOG-UHFFFAOYSA-N__KPJGWBZHQHJTNW-UHFFFAOYSA-N,9.111324221269676
IUGDREQYIJQBBJ-UHFFFAOYSA-N__XUGQXFZTMPAIGE-SNVBAGLBSA-N,0.1989384966836098
LYXVXPPDJXZRIX-UHFFFAOYSA-N__BOXSDSYGJFKTFO-UHFFFAOYSA-N,5.073573553537089
ZKUMUFOFFROZIP-UHFFFAOYSA-N__MFTKSJBZKMZVBG-UHFFFAOYSA-N,7.990210318203941
FUNCSPHGTCXLAZ-VOTSOKGWSA-N__HFUPGNNJUJQKHF-UHFFFAOYSA-N,3.948205391396765
HFUPGNNJUJQKHF-UHFFFAOYSA-N__FUNCSPHGTCXLAZ-VOTSOKGWSA-N,6.305429085025576
ZWDOUDNVAUDVHB-UHFFFAOYSA-N__QZTWKTBFLKRDMQ-UHFFFAOYSA-N,1.3771288789982798
BUMPBVQDRSJJHU-UHFFFAOYSA-N__RPGSTQRFGMGZHX-UHFFFAOYSA-N,8.701056863054728
JNMYJTRCFMJNIE-ONEGZZNKSA-N__LLHPGVFQNJWKFA-UHFFFAOYSA-N,5.957677202477152
PESWJUVJOPERGA-UHFFFAOYSA-N__QYERDQMEINZHIB-UHFFFAOYSA-N,8.563964944272879
BOXSDSYGJFKTFO-UHFFFAOYSA-N__LYXVXPPDJXZRIX-UHFFFAOYSA-N,2.847375464489477
AULVLCIXNXRPMR-UHFFFAOYSA-N__QLZYBURHCXSYEZ-UHFFFAOYSA-N,11.905904672783794
SCDMFGKUKRMPKQ-UHFFFAOYSA-N__LCCXNWIZIKECIV-UHFFFAOYSA-N,4.044926290738486
BLSIWXQSLBCOQL-UHFFFAOYSA-N__POIHMVOUCILZHI-UHFFFAOYSA-N,5.035502007830864
ATRKGNJQPFWXHV-UHFFFAOYSA-N__KCTFOZPDFBCRBY-UHFFFAOYSA-N,6.704524421451956
KCTFOZPDFBCRBY-UHFFFAOYSA-N__ATRKGNJQPFWXHV-UHFFFAOYSA-N,1.4929685019175656
HGGCRZRKEGDSIH-UHFFFAOYSA-N__SEGMPCGKKMIEDM-UHFFFAOYSA-N,8.43887339967921
NSUDCMIVNBYSTA-UHFFFAOYSA-N__CAPAYRHNZSQDRU-HNNXBMFYSA-N,5.158751788220842
CEGBNZMMORXPGK-UHFFFAOYSA-N__BXDCMGRVZJNNRW-UHFFFAOYSA-N,7.54303665345181
LTNOMDZPDCFPAJ-UHFFFAOYSA-N__LULZYJHBAJQXJP-UHFFFAOYSA-N,5.629198117639604
VMZQTHBODKWHIP-UHFFFAOYSA-N__WIAICLGZRXBREV-UHFFFAOYSA-N,7.294278738422744
WIAICLGZRXBREV-UHFFFAOYSA-N__VMZQTHBODKWHIP-UHFFFAOYSA-N,8.964293417444582
JFUUOGINJTUUGU-UHFFFAOYSA-N__DENPJHMGDSNREJ-UHFFFAOYSA-N,4.434265049031546
CWCVYSVRRZTTPS-UHFFFAOYSA-N__ADKKXBDPDTXZTC-UHFFFAOYSA-N,8.184160611201044
UQQRDFSVXBRMBD-UHFFFAOYSA-N__JYJYCCSREXLSRM-UHFFFAOYSA-N,7.780374236556983
UTGKRBWWNTXPEA-UHFFFAOYSA-N__VGPWMLXJTBTKOH-UHFFFAOYSA-N,3.237778079936404
RTGKDPOVGKZSRU-UHFFFAOYSA-N__KPBVMMUCAPAWQF-UHFFFAOYSA-N,4.278783053607749
LIUDVBDMPUVVPR-UHFFFAOYSA-N__QHPAJBSTTZAQPB-UHFFFAOYSA-N,11.68414144858442
YJGYPNFZFYYXJA-UHFFFAOYSA-N__UNZHVRNLHMCZOF-UHFFFAOYSA-N,7.801568760282133
UPQXMQZKOYOLNO-UHFFFAOYSA-N__WUXWMCYYPUUJLI-UHFFFAOYSA-N,9.255692313823957
GELQTZLDJBOCEO-UHFFFAOYSA-N__QSNQGTVTYBFJJD-UHFFFAOYSA-N,5.35333087387523
WUXWMCYYPUUJLI-UHFFFAOYSA-N__UPQXMQZKOYOLNO-UHFFFAOYSA-N,10.849909435057764
DLHKMAQQHPPVQQ-UHFFFAOYSA-N__ILDFENXYBXYHIT-UHFFFAOYSA-N,6.097430356442817
BQSOWSPXYRNDFF-UHFFFAOYSA-N__FKDZYYJZZPZGOW-UHFFFAOYSA-N,9.935025918483506
DRLLWFWZXAXGCH-UHFFFAOYSA-N__BPDSBRXICBSXSN-UHFFFAOYSA-N,6.433975534829757
FKDZYYJZZPZGOW-UHFFFAOYSA-N__BQSOWSPXYRNDFF-UHFFFAOYSA-N,3.8928375138430256
BPDSBRXICBSXSN-UHFFFAOYSA-N__DRLLWFWZXAXGCH-UHFFFAOYSA-N,11.06354938354856
MIABNGBQXXKSNN-CQSZACIVSA-N__OFNCIYMPJXVIGD-UHFFFAOYSA-N,5.07942275760567
MPXBHSKEXFXHFX-UHFFFAOYSA-N__PENKMPZYNHVWLX-UHFFFAOYSA-N,5.276555514141756
UJHLVRYJCMNBPM-UHFFFAOYSA-N__JURITSPGXCJUAU-UHFFFAOYSA-N,4.865376254691806
MJUXQNJOFBZSCY-UHFFFAOYSA-N__ZMRITOOPJGZGIK-UHFFFAOYSA-N,9.101033760069283
XWNQRCBECMCFJY-UHFFFAOYSA-N__NUIZNXNQRHXMKJ-UHFFFAOYSA-N,7.6432847155693455
NUIZNXNQRHXMKJ-UHFFFAOYSA-N__XWNQRCBECMCFJY-UHFFFAOYSA-N,7.353380561483183
WUQGZDSLBCRNNF-UHFFFAOYSA-N__ILYPEZUVDXEMGF-UHFFFAOYSA-N,14.112398943721368
SQKLWSYZULMSDZ-UHFFFAOYSA-N__XJGUFIDBQCTFBH-UHFFFAOYSA-N,6.573502668065983
SZCFOBJKLUPYOX-UHFFFAOYSA-N__PYWTYNPFUNLQFX-UHFFFAOYSA-N,3.956107669822909
BMIKPLIHAQODNC-UHFFFAOYSA-N__IICVGWFEIFIMDC-UHFFFAOYSA-N,8.846640689352139
IICVGWFEIFIMDC-UHFFFAOYSA-N__BMIKPLIHAQODNC-UHFFFAOYSA-N,5.277798787882959
SXRVQHLREVNRLR-UHFFFAOYSA-N__YYKZHHPAGZSXRI-XYOKQWHBSA-N,1.237475152414975
KFSODAZMWSTYGK-UHFFFAOYSA-N__FBBCSYADXYILEH-UHFFFAOYSA-N,6.986887392892382
JMABKFKOKWWLHZ-UHFFFAOYSA-N__XIAVJPUHSRFIBJ-UHFFFAOYSA-N,1.9795302429357533
CURRIYISHLLKTJ-UHFFFAOYSA-N__HQWXUSPEIADRGZ-UHFFFAOYSA-N,2.8878741278944986
WONRKNJDWTXXJW-UHFFFAOYSA-N__UWFIUZYMICQKJY-UHFFFAOYSA-N,6.444719214805909
FAVPYQTUHRLPON-UHFFFAOYSA-N__BJAMCKSDRVAVLY-UHFFFAOYSA-N,9.150832596164712
WMGRAGKVJAQCOW-UHFFFAOYSA-N__ZORYRTOAWDGJCB-WQRHYEAKSA-N,5.820417390302986
CQDHMSQODPWJCK-UHFFFAOYSA-N__WOCFIHSPIIIXJR-UHFFFAOYSA-N,6.345841233010622
LDEAACXIYGWEGA-FQEVSTJZSA-N__CDCVUCBNNWWSKU-UHFFFAOYSA-N,1.6797629551556412
WOCFIHSPIIIXJR-UHFFFAOYSA-N__CQDHMSQODPWJCK-UHFFFAOYSA-N,8.901912936001295
AMBKGHKPSVLZGP-UHFFFAOYSA-N__CYEXLVXRINZKKW-UHFFFAOYSA-N,5.699738222229898
CRFIXTVXRWUCHQ-UHFFFAOYSA-N__ULGSCBUJHADOBV-UHFFFAOYSA-N,10.850916644171786
RIPLRJURJWYSDY-UHFFFAOYSA-N__BIAVBHIJLCTVNV-UHFFFAOYSA-N,7.04214126211219
ULGSCBUJHADOBV-UHFFFAOYSA-N__CRFIXTVXRWUCHQ-UHFFFAOYSA-N,6.805323451321605
RNULNLABNUVCGT-UHFFFAOYSA-N__LHAFCZPZEJEENY-UHFFFAOYSA-N,4.746617493279025
LHAFCZPZEJEENY-UHFFFAOYSA-N__RNULNLABNUVCGT-UHFFFAOYSA-N,7.859701805139053
ALJNLMNTAZJTKY-UHFFFAOYSA-N__WPDLHEWIVDIORB-JXMROGBWSA-N,6.39614206438509
OTVQOYXLICWYIO-UHFFFAOYSA-N__YBLPNDGASPZCGN-UHFFFAOYSA-N,4.950374233335528
KMFZFIQFWREOFP-UHFFFAOYSA-N__GDSIMLUFKXXWKP-UHFFFAOYSA-N,9.10988019541661
ZYFVPNQOUIGEBY-UHFFFAOYSA-N__CDIDNZVIMXAESU-UHFFFAOYSA-N,7.956127336769056
KFXQZKSEBAECRC-UHFFFAOYSA-N__IIAQMXSDKAJQMM-UHFFFAOYSA-N,6.366676047939244
BIEURDISRGEYGR-UHFFFAOYSA-N__UQHZPTQIIUXCGO-UHFFFAOYSA-N,9.543964974942174
YEGTWENMWAYMGK-UHFFFAOYSA-N__WAWZNDWQQHCKBB-UHFFFAOYSA-N,8.335180829165747
RINDQSKOTOOMOE-UHFFFAOYSA-N__QWXRSWMCGKEXEK-NSHDSACASA-N,6.898386537673232
HFOLYVWTOKAJJE-UHFFFAOYSA-N__MBVMEDRBWPZOMZ-UHFFFAOYSA-N,3.969544721246621
QWXRSWMCGKEXEK-NSHDSACASA-N__RINDQSKOTOOMOE-UHFFFAOYSA-N,3.3818705291706936
FOCHLGMTIGXTOU-UHFFFAOYSA-N__FXGZQGOQLFSIAP-UHFFFAOYSA-N,12.258831394456925
QTBVLFSMHCQIJE-UHFFFAOYSA-N__AFELWNWGEHURJD-UHFFFAOYSA-N,8.447721863210445
AZCYBBHXCQYWTO-UHFFFAOYSA-N__NVZBVOAJGCDHIB-UHFFFAOYSA-N,6.135070542102194
GWOVEPQMMWWVJW-UHFFFAOYSA-N__STFOXILYCKLJPP-UHFFFAOYSA-N,5.298746240783755
RKVCGWLGLBNPSI-UHFFFAOYSA-N__QOFLKHPUYAZEOW-UHFFFAOYSA-N,2.533053010966216
QTXSCZDNFLGIJU-UHFFFAOYSA-N__PPDOJHWGRLQVNR-UHFFFAOYSA-N,14.29494376140224
LGHIHGQBKFCUGO-UHFFFAOYSA-N__CWPOFQTWOKOPSH-UHFFFAOYSA-N,5.506671310406741
VETFXCDOKDAIPN-UHFFFAOYSA-N__FKVCOWJRWYEHPO-UHFFFAOYSA-N,0.7628765157259288
PZGYXRQCQQGVJC-UHFFFAOYSA-N__JESSLNDEGMOWRL-UHFFFAOYSA-N,1.9555574563883296
PAHIGVQPKQNVIL-UHFFFAOYSA-N__TYZURZJBRCXDGB-UHFFFAOYSA-N,12.901196248056888
QVQWPXSWPXRZHX-UHFFFAOYSA-N__NWBOFIBHTJXKTM-UHFFFAOYSA-N,8.867034710503491
ZRXIZHDSUMEUKX-UHFFFAOYSA-N__BMIJLCLIRVSUQO-UHFFFAOYSA-N,6.256125665131575
KFPCSDWWFPVTAE-UHFFFAOYSA-N__XMSPPGLYDUABPC-UHFFFAOYSA-N,2.811721438099907
DLIMHEOWYGXHCM-UHFFFAOYSA-N__ILFHRHZEZJSBIS-UHFFFAOYSA-N,8.364122797560013
AQSPFRDDMRLIFF-UHFFFAOYSA-N__WHANIJFLPSLEIP-UHFFFAOYSA-N,7.186816191711834
HOQYNQJRQJODKZ-UHFFFAOYSA-N__BZFNHKSAPZUYST-UHFFFAOYSA-N,7.904935515570382
RHNLTXYPCZWYDY-UHFFFAOYSA-N__ROOJWFGXSJPYRG-UHFFFAOYSA-N,4.062109738991694
DBAWANHVTSNUEP-UHFFFAOYSA-N__GJOLEHQHRKMUTQ-UHFFFAOYSA-N,7.266373205821971
XOMGJDKGGPNFFU-UHFFFAOYSA-N__WGMXOTZKPRTQMV-UHFFFAOYSA-N,3.822695714895599
GOBHCEXUTQOLEN-UHFFFAOYSA-N__ZLYXAYACPQCMQJ-UHFFFAOYSA-N,3.649850626844017
WGMXOTZKPRTQMV-UHFFFAOYSA-N__XOMGJDKGGPNFFU-UHFFFAOYSA-N,-0.7440991593280061
QCQFWEIIBZKESH-UHFFFAOYSA-N__PKUABFACSQVHOD-UHFFFAOYSA-N,4.753163022679283
TXNRSEMCVOKOQL-UHFFFAOYSA-N__HQPYCSDGJBUCRW-FSWDVZBNSA-N,7.777090731934618
HQPYCSDGJBUCRW-FSWDVZBNSA-N__TXNRSEMCVOKOQL-UHFFFAOYSA-N,8.341308530993103
IXSHOLSLOFZFOZ-WAYWQWQTSA-N__CBKYEFKMNADVGO-UHFFFAOYSA-N,7.324012330182846
RSTXFTOLNHHXMJ-UHFFFAOYSA-N__UCVXPKCEEKJNGU-UHFFFAOYSA-N,5.374653798977462
WMQPIZCLHMGCDS-UHFFFAOYSA-N__PXFXIRKRUQZDGA-UHFFFAOYSA-N,6.767485431053327
WOYUQQRJZGHGCR-UHFFFAOYSA-N__RSQFSGOUGKLJJO-UHFFFAOYSA-N,8.190099314752379
RSQFSGOUGKLJJO-UHFFFAOYSA-N__WOYUQQRJZGHGCR-UHFFFAOYSA-N,11.525243679629188
VGYGMCUHSRVFOF-UHFFFAOYSA-N__WCUICYXRDKXFHQ-UHFFFAOYSA-N,10.589367620765074
SZZXTRSUAWDVGF-UHFFFAOYSA-N__SACZOLIFCPMFDX-UHFFFAOYSA-N,6.836420201825075
PXFXIRKRUQZDGA-UHFFFAOYSA-N__WMQPIZCLHMGCDS-UHFFFAOYSA-N,9.873210898709631
TWZBJISLHZRVCZ-UHFFFAOYSA-N__PZHDSMNMUKBGSR-UHFFFAOYSA-N,6.487183447597374
PZHDSMNMUKBGSR-UHFFFAOYSA-N__TWZBJISLHZRVCZ-UHFFFAOYSA-N,6.856628532216787
FBBRWSVWLQWAOG-UHFFFAOYSA-N__FGDMQVICHFROFN-UHFFFAOYSA-N,3.492327251972017
MNZRFWUCZORJGG-UHFFFAOYSA-N__CCEVOCAEDWJVGB-UHFFFAOYSA-N,5.147224636280542
CARDFVPKKJVBTJ-UHFFFAOYSA-N__UZDFBZSBEXXWGF-UHFFFAOYSA-N,6.615443915908104
CRTZJXZKOSJTPU-UHFFFAOYSA-N__FWBCJSUBMBYKBB-UHFFFAOYSA-N,2.437996237379576
LQADEURKPAGZGB-UHFFFAOYSA-N__RFQQJGQGNODFLZ-UHFFFAOYSA-N,-0.5713851051548966
ZTZFYSOYOYQRCT-UHFFFAOYSA-N__DMSFIJGQPMTYIJ-UHFFFAOYSA-N,6.813487654254842
FWBCJSUBMBYKBB-UHFFFAOYSA-N__CRTZJXZKOSJTPU-UHFFFAOYSA-N,3.617256472510743
RFQQJGQGNODFLZ-UHFFFAOYSA-N__LQADEURKPAGZGB-UHFFFAOYSA-N,-0.9877874028103676
ORGNFKCIPMRYGX-UHFFFAOYSA-N__KGQGBSFJZKUCSQ-UHFFFAOYSA-N,7.704769189947968
KEGWBWPTFGQEQU-UHFFFAOYSA-N__YBBMSZYOWPXMPT-UHFFFAOYSA-N,3.10796759094098
XEVMQFARCBZBRP-UHFFFAOYSA-N__RYFJMAPMJAWAEK-UHFFFAOYSA-N,7.815053773154562
JACLGGCVNFXBHD-UHFFFAOYSA-N__LXAASBOARREOKB-UHFFFAOYSA-N,6.795603778216774
ONCMAVDMXRXFKQ-UHFFFAOYSA-N__OVKVRWCQHCUKOE-UHFFFAOYSA-N,5.738525503337391
RRLVAGNMBHSWAC-UHFFFAOYSA-N__CTCANNJAWUWMDD-UHFFFAOYSA-N,6.010809216008551
OVKVRWCQHCUKOE-UHFFFAOYSA-N__ONCMAVDMXRXFKQ-UHFFFAOYSA-N,6.2767780711346886
SQRQDZRESLGIGG-UHFFFAOYSA-N__OSNUAPBMOKUUSL-UHFFFAOYSA-N,6.071530269478634
LEEAYFWKUVGWGS-UHFFFAOYSA-N__TYRKIYLSXCSEDR-UHFFFAOYSA-N,2.97569636048169
IPWHZOSDLMDJIF-UHFFFAOYSA-N__UYRUBXQLRVGUGJ-UHFFFAOYSA-N,10.808525882431674
ULBZJUKKDSKFTE-UHFFFAOYSA-N__USAPYDZDQMIPKS-UHFFFAOYSA-N,5.211575813000894
USAPYDZDQMIPKS-UHFFFAOYSA-N__ULBZJUKKDSKFTE-UHFFFAOYSA-N,1.800569118074896
WKZBXFIZNSOPDF-NSCUHMNNSA-N__QIXQEKVNGYFHMU-UHFFFAOYSA-N,16.99390083016336
UQKAJOJIOGJUTA-UHFFFAOYSA-N__BBHNJXAGLFQFAS-UHFFFAOYSA-N,1.425273222391799
DJVGHWRAQQLNKW-UHFFFAOYSA-N__XJNPIWGHUGGGQU-UHFFFAOYSA-N,5.756010660747834
FDHKNMRYLUDCCD-UHFFFAOYSA-N__VMNOUWJHXPIGMF-UHFFFAOYSA-N,3.511207386571797
VMNOUWJHXPIGMF-UHFFFAOYSA-N__FDHKNMRYLUDCCD-UHFFFAOYSA-N,11.363921632575314
YDRFZUPDFPLOCD-UHFFFAOYSA-N__VKPDIMNBVVXLNF-UHFFFAOYSA-N,5.704362399221197
FXIXHPJAPTUVSP-AWEZNQCLSA-N__TZAAIXWQCUDBJX-UHFFFAOYSA-N,3.3181409812595715
TZAAIXWQCUDBJX-UHFFFAOYSA-N__FXIXHPJAPTUVSP-AWEZNQCLSA-N,6.159473855949691
FEIIOIMAIWMGPA-UHFFFAOYSA-N__SNAAZRLPTGSCKA-UHFFFAOYSA-N,12.229454352077914
LNPBNUBYTODUCF-UHFFFAOYSA-N__MQVNRXYKMHZPIO-UHFFFAOYSA-N,16.526210292173747
SNAAZRLPTGSCKA-UHFFFAOYSA-N__FEIIOIMAIWMGPA-UHFFFAOYSA-N,5.468964968070553
OLUSPMWMSYLJIR-UHFFFAOYSA-N__BRBJWENVWVAROE-UHFFFAOYSA-N,2.882133022461397
TWUXXEMSFZKUAO-UHFFFAOYSA-N__QOCLBCNZQWLXMW-UHFFFAOYSA-N,4.646976921395806
VNVRYGFUCOBZIO-UHFFFAOYSA-N__CHVPKJYGEYFHTO-UHFFFAOYSA-N,4.851759577513144
RIHNDTQSAJASFU-UHFFFAOYSA-N__DEHHWRMNYFOQTD-UHFFFAOYSA-N,4.883536094007825
XFPBDIMTQKSRGN-UHFFFAOYSA-N__MAUGSZFJCUZQOB-UHFFFAOYSA-N,3.8970300437170575
MFLJYOCYQBTMHF-UHFFFAOYSA-N__WBGSXOIEQCLHKW-UHFFFAOYSA-N,6.223847734275952
ACNMYMYDRARBSS-UHFFFAOYSA-N__RCERKBSPVRUVQL-UHFFFAOYSA-N,7.425140495777889
YWPIKKSEAXCCRT-UHFFFAOYSA-N__SEXDVRJUPSCAQX-UHFFFAOYSA-N,1.6290938283402516
SEXDVRJUPSCAQX-UHFFFAOYSA-N__YWPIKKSEAXCCRT-UHFFFAOYSA-N,6.58340133371576
NKJQSYGCBIUEDW-UHFFFAOYSA-N__IEPIHVGKNLIVJB-UHFFFAOYSA-N,6.762614109401221
DDZSNQMPPNSSOH-XNTDXEJSSA-N__NDLUPXCPINJILP-UHFFFAOYSA-N,7.564558753633421
WSCUPKZSMULPSM-UHFFFAOYSA-N__QHUWVOGFXHQENQ-UHFFFAOYSA-N,3.344618578361424
HRSQHBXPDYIQRX-UHFFFAOYSA-N__OTKSEYNWKIONOQ-UHFFFAOYSA-N,4.808384995122276
FAROKYJKQLPINH-UHFFFAOYSA-N__YIDRWHNMSHHDME-UHFFFAOYSA-N,8.11628647460417
UWJGONSSSWWCGW-UHFFFAOYSA-N__RDXFSIGPBOQOHV-UHFFFAOYSA-N,-1.064009692700025
XSCJKMVTSNKBDI-UHFFFAOYSA-N__HITABQSKAAWBDD-UHFFFAOYSA-N,13.46449250305368
GMRYRVAYAQVCQR-UHFFFAOYSA-N__TZQVKSGJABRGKC-UHFFFAOYSA-N,8.552832904816393
RDXFSIGPBOQOHV-UHFFFAOYSA-N__UWJGONSSSWWCGW-UHFFFAOYSA-N,3.2145456945171365
ZXHIMOSMIORZKF-UHFFFAOYSA-N__WIRJPESFDDIBIW-UHFFFAOYSA-N,5.604978402304906
HLJURVDYXDVHIN-UHFFFAOYSA-N__FUABWPLQBRDBSS-UHFFFAOYSA-N,6.456714647944288
QLNDAZNVEFSMGL-UHFFFAOYSA-N__JEOXQLKFSCJIKO-UHFFFAOYSA-N,6.326536907419838
XBZJIADZTCZKOF-UHFFFAOYSA-N__UEZYIHBXYXMEEM-NRFANRHFSA-N,13.385384845537786
UEZYIHBXYXMEEM-NRFANRHFSA-N__XBZJIADZTCZKOF-UHFFFAOYSA-N,10.766458426761496
ARHKAJDIIKOGBQ-UHFFFAOYSA-N__JPHKAMSOCOWSEE-UHFFFAOYSA-N,5.086357574114659
JWIHZJBPWWLOMI-UHFFFAOYSA-N__CRVYSIIAFVAGAQ-UHFFFAOYSA-N,8.936400482840758
YDZNIFZWXKOQRG-UHFFFAOYSA-N__HNTTZSQIMZSIQH-UHFFFAOYSA-N,12.036963427720693
YNXVQTHCMAGSKK-UHFFFAOYSA-N__FQEYXRLINAISHQ-UHFFFAOYSA-N,3.9899117385880927
OVFVSLHFZOFISW-UHFFFAOYSA-N__VZLWLSLMIKXXHL-UHFFFAOYSA-N,5.965049648924919
FQEYXRLINAISHQ-UHFFFAOYSA-N__YNXVQTHCMAGSKK-UHFFFAOYSA-N,6.155719461811972
LFLOYPJSENFVSX-UHFFFAOYSA-N__AHKBMUOFJASMAE-UHFFFAOYSA-N,6.872563512138166
NICYFBACVZUBPE-UHFFFAOYSA-N__OPAUXNAJLZOJBK-UHFFFAOYSA-N,5.890218378448059
LMWXJKOGZMEFEL-UHFFFAOYSA-N__BOOSGDSQOUBVAK-UHFFFAOYSA-N,15.065108283566664
NDWRKFBZEIHTFC-UHFFFAOYSA-N__MERPMCAGYUXRDM-UHFFFAOYSA-N,9.483564309539688
PFASKXCJIBXAGH-KGENOOAVSA-N__DRPWQWRXUPSARG-UHFFFAOYSA-N,5.603297494701249
WCKLEUBMVNQAAW-UHFFFAOYSA-N__HTSNQGDXJIQDBY-UHFFFAOYSA-N,11.2508025416465
PWFMXPKGGQXLLS-UHFFFAOYSA-N__WFTNQIMZLPIMSK-UHFFFAOYSA-N,11.811456027492566
ZLLBTXJIIDYMHH-UHFFFAOYSA-N__ZFSQBXCQHSTLJT-UHFFFAOYSA-N,5.045601331709634
FXKFLSDAPGOANK-UHFFFAOYSA-N__XSDUJKQZKMTIEX-UHFFFAOYSA-N,3.452932550043605
WMWVEMKBVZFEHF-UHFFFAOYSA-N__PRNCTNLUUFAOTG-UHFFFAOYSA-N,2.9012729680622367
QXIOEMVCPSLWPG-UHFFFAOYSA-N__RJHDFRTZIFAWHE-UHFFFAOYSA-N,8.109503822182903
PRNCTNLUUFAOTG-UHFFFAOYSA-N__WMWVEMKBVZFEHF-UHFFFAOYSA-N,11.30540632327671
CQDIEYSEKHLJNI-UHFFFAOYSA-N__VTEKXBQJFMPJIH-UHFFFAOYSA-N,6.6749400079333086
PHMJOPHXLMOVHY-UHFFFAOYSA-N__BGOFCVIGEYGEOF-UHFFFAOYSA-N,0.507700287580789
VYSRPKOTSGKKQL-UHFFFAOYSA-N__BXCPSIRUKCPNKC-UHFFFAOYSA-N,11.30469607417356
BXCPSIRUKCPNKC-UHFFFAOYSA-N__VYSRPKOTSGKKQL-UHFFFAOYSA-N,2.644753747870777
CEHLYWKIPAYYMO-UHFFFAOYSA-N__DFIKTZMRQDTVTE-UHFFFAOYSA-N,2.467285325062832
XPIBCQSFZOFOHO-UHFFFAOYSA-N__ATDYZQRDXCCHKE-UHFFFAOYSA-N,5.729124902727189
CPZUJFLSZUZXDN-UHFFFAOYSA-N__WNOMMWSPXIXDKT-UHFFFAOYSA-N,8.56136799124739
HMMRZSKKNJIKCE-UHFFFAOYSA-N__SNPQYYZEGPAXEU-UHFFFAOYSA-N,7.967643962484795
HPIWMMIIJOHZJI-UHFFFAOYSA-N__CKMAHCDDOVASKB-UHFFFAOYSA-N,5.498241793980244
ZYNZYRLSHIJHNR-UHFFFAOYSA-N__WQRFTKVABASAHK-UHFFFAOYSA-N,5.234943727333458
CKMAHCDDOVASKB-UHFFFAOYSA-N__HPIWMMIIJOHZJI-UHFFFAOYSA-N,5.035780065281827
FRFSOHBOTSDPGD-UHFFFAOYSA-N__KQWNFIFWPLLUBZ-UHFFFAOYSA-N,10.109064864356467
SDESYNNEXSLOPX-UHFFFAOYSA-N__WIZJDSJCAUHCCV-UHFFFAOYSA-N,2.441012246159964
WPIKFNIPYSZQIR-UHFFFAOYSA-N__YHEHJKYAVASOKM-UHFFFAOYSA-N,5.678201846572742
OQXKKVYJXBBAJD-UHFFFAOYSA-N__QFIHDFFBTJWRFY-UHFFFAOYSA-N,7.446073595228994
HGMNBSZQRPPUNW-UHFFFAOYSA-N__ZXQFGLVLSKQKTC-UHFFFAOYSA-N,12.2912698949135
IYXLOORPRKCNMY-UHFFFAOYSA-N__SPQYTNBOZIJAOA-UHFFFAOYSA-N,4.360009494216868
RFVQVICRHFEGKG-UHFFFAOYSA-N__MZTWLCBNTTUXJF-UHFFFAOYSA-N,12.985711825618584
SPQYTNBOZIJAOA-UHFFFAOYSA-N__IYXLOORPRKCNMY-UHFFFAOYSA-N,3.556657404493717
LVPBZVDKXDNCJP-BMLIUANNSA-N__FSHGLFDDRWOXAM-UHFFFAOYSA-N,3.777449326281649
CWKGJFRWUHBLJY-UHFFFAOYSA-N__AJKBBNPTWLQBSY-UHFFFAOYSA-N,4.416897107810039
SLHRFBWIRPWNNM-LLVKDONJSA-N__AWCNBWVIRBLMOC-UHFFFAOYSA-N,7.590201120844633
PRWSLOILZOEGOZ-UHFFFAOYSA-N__FWAQOPMZRJUPHC-UHFFFAOYSA-N,6.215583044139737
FWAQOPMZRJUPHC-UHFFFAOYSA-N__PRWSLOILZOEGOZ-UHFFFAOYSA-N,7.223783316157935
DEWOAJYRNBCTAL-UHFFFAOYSA-N__XRGTZELORVOYAT-UHFFFAOYSA-N,2.073566320805769
OERJCIDWNMBOIK-UHFFFAOYSA-N__GTPFNXXYWZBQBW-UHFFFAOYSA-N,13.761733083954494
XSJLCWIKWFKRDN-UHFFFAOYSA-N__ONSDMJSLGGGRSJ-UHFFFAOYSA-N,4.864052793207608
XRGTZELORVOYAT-UHFFFAOYSA-N__DEWOAJYRNBCTAL-UHFFFAOYSA-N,2.8144616880615447
BLJOPDCGHZTYQT-UHFFFAOYSA-N__CJTXRPVRWCWWJR-UHFFFAOYSA-N,3.6734434199022186
LLQZLKZEJDXBDS-UHFFFAOYSA-N__BCNMFOKLPNNNQF-UHFFFAOYSA-N,3.7124317437589744
PWKWOERVRRDIQX-UHFFFAOYSA-N__HQACJHXIBQOSJK-UHFFFAOYSA-N,6.299961505554094
OPHMMVRELPWZJB-RFQLZILOSA-N__ZNQMGSFTJRGMJU-UHFFFAOYSA-N,9.245590693453162
WNOVPUHYZOJWES-UHFFFAOYSA-N__PAQGLYDXEILNCB-LLVKDONJSA-N,8.547817395339615
PAQGLYDXEILNCB-LLVKDONJSA-N__WNOVPUHYZOJWES-UHFFFAOYSA-N,5.502955259931234
HQACJHXIBQOSJK-UHFFFAOYSA-N__PWKWOERVRRDIQX-UHFFFAOYSA-N,6.3839108027535
ZNQMGSFTJRGMJU-UHFFFAOYSA-N__OPHMMVRELPWZJB-RFQLZILOSA-N,4.140885565930021
DYRNYWWSMLLBAI-UHFFFAOYSA-N__PPSASWRUODNOLG-UHFFFAOYSA-N,12.488934301873543
XEHWSXPNTSTFNX-UHFFFAOYSA-N__FGZDTIPDMXSTEH-UHFFFAOYSA-N,3.775143095335228
OXJIFVCTUPOOHF-UHFFFAOYSA-N__HCOWAGZKIJQJKO-UHFFFAOYSA-N,12.54601854122664
MAZKRXUOSBNCBC-UHFFFAOYSA-N__DKOZXGCSHJEHBH-UHFFFAOYSA-N,14.630511008861795
KGUAKSDAGBLUAJ-UHFFFAOYSA-N__MAACBSVPDRJOCL-UHFFFAOYSA-N,6.295157974896956
DKOZXGCSHJEHBH-UHFFFAOYSA-N__MAZKRXUOSBNCBC-UHFFFAOYSA-N,2.657079644292566
DEXPHQHLMLXAJC-UHFFFAOYSA-N__OQJRENOLNLFULA-UHFFFAOYSA-N,3.00930963093088
KEPAFOXBZFEWQK-UHFFFAOYSA-N__LXQLWVNFWHGYNB-UHFFFAOYSA-N,4.521598747830772
ZBYFCPFOKTXCNQ-UHFFFAOYSA-N__OCEALMFLGXJEAF-UHFFFAOYSA-N,4.308216946844993
UYPRQLSCFSVQOX-UHFFFAOYSA-N__MNOYYVUDTNXCHU-UHFFFAOYSA-N,4.221970527977232
LGUIIUYNJRRXOS-UHFFFAOYSA-N__NFPXYEYISXETCQ-UHFFFAOYSA-N,8.268671724047234
BVEDUMOJEIHJDZ-UHFFFAOYSA-N__WQJYPIZHGZZJFG-UHFFFAOYSA-N,-1.655141736167933
RQHOFNXQOONQPA-UHFFFAOYSA-N__HSZWOKOGJDINSN-UHFFFAOYSA-N,9.791592996561755
ALDKNJUWVSEOOT-UHFFFAOYSA-N__KAQXXFLCKKGVBJ-UHFFFAOYSA-N,0.9167041295948656
KAQXXFLCKKGVBJ-UHFFFAOYSA-N__ALDKNJUWVSEOOT-UHFFFAOYSA-N,5.738270777634739
BDPJEDPRHYRVTE-UHFFFAOYSA-N__HBVIFWLYHYDOCK-UHFFFAOYSA-N,9.048372214222375
HSZWOKOGJDINSN-UHFFFAOYSA-N__RQHOFNXQOONQPA-UHFFFAOYSA-N,9.468096242666157
HBVIFWLYHYDOCK-UHFFFAOYSA-N__BDPJEDPRHYRVTE-UHFFFAOYSA-N,15.7068585453637
KNQWCBZSMAFRDX-UHFFFAOYSA-N__NDPPCFVMJIFFOZ-UHFFFAOYSA-N,1.481827298608245
QKLXCZWAJYVEKV-UHFFFAOYSA-N__NZXAUXFDIQDYNZ-UHFFFAOYSA-N,10.474971503348048
YGGZSZHWBDQNIC-UHFFFAOYSA-N__IQUTZXAPAYZCEJ-UHFFFAOYSA-N,8.271311395491246
SUVDBKXPEQLGBO-UHFFFAOYSA-N__GQDYAGNHWSHEEB-UHFFFAOYSA-N,3.625715518096479
HXKREVNGLRXCEA-UHFFFAOYSA-N__MENNFOHGONWYSA-UHFFFAOYSA-N,8.869751023685945
RQAKQCUHAROWPV-UHFFFAOYSA-N__IEMLZYIMYOWEPO-UHFFFAOYSA-N,6.260070192771857
QCYVBXJMHJJHIP-UHFFFAOYSA-N__DQOUEDXZCCTTOS-UHFFFAOYSA-N,5.476948155054684
BLHZNTNSSCXLRY-UHFFFAOYSA-N__MEKRCCCREBZFOS-UHFFFAOYSA-N,7.838656025768107
OEIZKEDYKCUHPN-UHFFFAOYSA-N__XPJCRLBPWKVSJB-UHFFFAOYSA-N,6.21758302302525
VOWOZJXTQPNJKD-WSVATBPTSA-N__GDYVDUFQUYPCLK-UHFFFAOYSA-N,2.1120124514632272
GDYVDUFQUYPCLK-UHFFFAOYSA-N__VOWOZJXTQPNJKD-WSVATBPTSA-N,0.2821859502217546
QBCVFRDYXFSUNZ-UHFFFAOYSA-N__LPUZYMXTFPVIFZ-UHFFFAOYSA-N,11.515168739329315
NTOKCJHDRACAJH-UHFFFAOYSA-N__XFOHQGZIGRZTDA-UHFFFAOYSA-N,12.516636512568542
BZXUAKDNFJKSFD-UHFFFAOYSA-N__CGDBVVZBTQCBGD-UHFFFAOYSA-N,2.9524333852978297
SJYQZSWDFJUUJJ-UHFFFAOYSA-N__JPZGQUNRDLBZME-UHFFFAOYSA-N,2.963936789580139
ZIAMUSYLZGTZID-UHFFFAOYSA-N__RJUUCFLRYBVIJS-UHFFFAOYSA-N,4.891204336204717
JPZGQUNRDLBZME-UHFFFAOYSA-N__SJYQZSWDFJUUJJ-UHFFFAOYSA-N,11.25427430924796
UNSDWMPYQHMVQX-UHFFFAOYSA-N__ZDGUSVVUGNJWMQ-UHFFFAOYSA-N,15.44356256069086
OGDKIPLYCHRJPG-UHFFFAOYSA-N__VQGXAWDWZBLIBK-UHFFFAOYSA-N,9.56816078281825
VQGXAWDWZBLIBK-UHFFFAOYSA-N__OGDKIPLYCHRJPG-UHFFFAOYSA-N,12.43674548867106
PVZSLJSUGAIEBJ-UHFFFAOYSA-N__LOCRNHVIVMSKML-WAPJZHGLSA-N,2.46643302846472
HPBXSVMZTXWASF-UHFFFAOYSA-N__ADFHJVYOMKBHCC-UHFFFAOYSA-N,3.128102945163921
JGLHGBUSDDCFKB-UHFFFAOYSA-N__MPNRETCKPLHKBY-UHFFFAOYSA-N,10.606567834530098
AHSRYHJKJYVOHD-UHFFFAOYSA-N__QAEXDVWKZIWYGO-UHFFFAOYSA-N,9.12329038014509
FQBBYBXMPMNFQF-UHFFFAOYSA-N__AOHQSCWZFPMMPY-UHFFFAOYSA-N,5.941415542409639
RINQHDAGBILGMU-UHFFFAOYSA-N__JGVQBGIEDZTPBR-UHFFFAOYSA-N,5.326772532653094
JEPXQOBXHCGEOW-UHFFFAOYSA-N__GOANVTGVUHLXKI-UHFFFAOYSA-N,6.100907008093765
QAEXDVWKZIWYGO-UHFFFAOYSA-N__AHSRYHJKJYVOHD-UHFFFAOYSA-N,12.448064671788826
DTOLIVXXEBMMBE-UHFFFAOYSA-N__UUILDNBNHFDKGK-UHFFFAOYSA-N,13.018127446976408
YWNHZHRFOUIRPA-UHFFFAOYSA-N__ZKICESLVDZXWOY-UHFFFAOYSA-N,10.74103607512893
CLUIZXHSDLUFJF-UHFFFAOYSA-N__NAGYQZFONQAJQD-UHFFFAOYSA-N,10.1801203260555
RNWAPTGOPWBSBA-UHFFFAOYSA-N__XKDYZWOIADZAEZ-UHFFFAOYSA-N,8.44246008398132
VLNVNGJXFANVMQ-UHFFFAOYSA-N__HMBQBNYBVPPXHU-UHFFFAOYSA-N,8.915998979024824
XKDYZWOIADZAEZ-UHFFFAOYSA-N__RNWAPTGOPWBSBA-UHFFFAOYSA-N,8.816042932158698
BHRCCONOGPHRDF-UHFFFAOYSA-N__DUSZVUHJXPJJOX-UHFFFAOYSA-N,7.776163080135831
GBMOODSUQXSCCJ-UHFFFAOYSA-N__AJFDOXGWHQJESK-UHFFFAOYSA-N,0.0508624083903976
CRAZWKMHGDYDPG-UHFFFAOYSA-N__XQKFUYOCOITTSA-UHFFFAOYSA-N,2.590912596706693
FBISEWADGSLKPL-UHFFFAOYSA-N__DMPLRPUOXSBWBT-UHFFFAOYSA-N,4.763027700446837
FQABDNGFBSLFCM-UHFFFAOYSA-N__HYQMTPCIZSQDSN-UHFFFAOYSA-N,5.575428432885017
GJENEPJSRJPZJK-UHFFFAOYSA-N__ZUXOSHFPAVVMGZ-JXMROGBWSA-N,3.0116101665542496
PCIFSGOYWRUGDK-UHFFFAOYSA-N__WZTRRWSOVMUNCP-UHFFFAOYSA-N,8.022180664946246
ZUXOSHFPAVVMGZ-JXMROGBWSA-N__GJENEPJSRJPZJK-UHFFFAOYSA-N,10.825739431702097
OZTIISAQKUQTNA-UHFFFAOYSA-N__LTNBKANTEAZWOT-GZMMTYOYSA-N,6.563927370908264
QLHLKHDVMHPYGY-UHFFFAOYSA-N__LTUPJAPEQJNGPY-UHFFFAOYSA-N,10.025364860993689
IMZMATDOAZABLV-UHFFFAOYSA-N__PNDYGWOHOIVZOI-UHFFFAOYSA-N,2.3518047739490746
PNDYGWOHOIVZOI-UHFFFAOYSA-N__IMZMATDOAZABLV-UHFFFAOYSA-N,6.362729517511937
CTRTWQGCUIXDGI-JTQLQIEISA-N__PKIWMVTUWJTDMM-UHFFFAOYSA-N,12.707778960578832
INFANGSSQMUFNQ-UHFFFAOYSA-N__MGRNVGFOZBAKPO-UHFFFAOYSA-N,8.77977908037674
LEIGLNBQEYWXAR-VIFPVBQESA-N__QOOBHKBWYGUNKZ-UHFFFAOYSA-N,21.06034838020397
RFUAOLCUQIHXFR-UHFFFAOYSA-N__YPOHNPFXSWXZFS-UHFFFAOYSA-N,13.990636969278428
MZVMZMMHVJXPRZ-UHFFFAOYSA-N__VZWRDWUBSFWOPH-UHFFFAOYSA-N,7.18261011559532
MGRNVGFOZBAKPO-UHFFFAOYSA-N__INFANGSSQMUFNQ-UHFFFAOYSA-N,2.222266436558498
QOOBHKBWYGUNKZ-UHFFFAOYSA-N__LEIGLNBQEYWXAR-VIFPVBQESA-N,2.8047981116130387
SLYOYXHWUVTRNT-UHFFFAOYSA-N__UKXUNIQSTFYGPV-UHFFFAOYSA-N,3.768247092687541
OJURTZDANNAQAR-UHFFFAOYSA-N__YCTOQODPPRWXOY-BYPYZUCNSA-N,1.674273537715058
XBJXWGOEQINXIE-UHFFFAOYSA-N__VFBUVBDWXMEPGH-UHFFFAOYSA-N,2.8237464038218247
ZIHWAJKSRHXYMA-UHFFFAOYSA-N__JGGWVMXDSQKDIH-UHFFFAOYSA-N,4.485608689391132
YSJAIJZBYKTMOL-UHFFFAOYSA-N__UDDHNKJVYVQXIL-UHFFFAOYSA-N,8.06361737832009
ADAKKAZNXXUZJR-UHFFFAOYSA-N__UFEKZZIPLHOYGH-UHFFFAOYSA-N,11.233165650539943
BCYPRLYZVZHWLV-UHFFFAOYSA-N__BIBYHWPOTWOQGE-UHFFFAOYSA-N,3.191667644883515
BIFIYVNUQCOBRV-UHFFFAOYSA-N__QYEZOVIMQYKYAB-UHFFFAOYSA-N,5.05872875721026
NAGYQZFONQAJQD-UHFFFAOYSA-N__WLMAVQPBKNDUOP-UHFFFAOYSA-N,1.6107979758579496
XKMPWLXPPQKSQQ-UHFFFAOYSA-N__BBUNAKLYZCAPNG-UHFFFAOYSA-N,5.084602031483263
QUFPIALEOFVSEF-UHFFFAOYSA-N__ZMWFFFKSNJTUOP-UHFFFAOYSA-N,5.825460112899937
ZMWFFFKSNJTUOP-UHFFFAOYSA-N__QUFPIALEOFVSEF-UHFFFAOYSA-N,4.146383003079452
IBQRBFSRMVJEGZ-UHFFFAOYSA-N__YHISTTITNYEFBY-UHFFFAOYSA-N,8.215554027939044
FZEYPNRUIWEYAY-UHFFFAOYSA-N__HMOWVAKGIXTJAX-UHFFFAOYSA-N,2.422584554518148
OSEIWTSJGCTBHM-UHFFFAOYSA-N__HUGGXDFRVIHPHL-UHFFFAOYSA-N,9.701635074331197
HUGGXDFRVIHPHL-UHFFFAOYSA-N__OSEIWTSJGCTBHM-UHFFFAOYSA-N,6.812883625345012
YHISTTITNYEFBY-UHFFFAOYSA-N__IBQRBFSRMVJEGZ-UHFFFAOYSA-N,2.4624393806071225
VCGNOWSXEBIZNC-FPLPWBNLSA-N__KHBREMPPVVYEIM-UHFFFAOYSA-N,0.2216544474099648
OFUDAIRALQZBBP-UHFFFAOYSA-N__DOJHNZSOUURAME-UHFFFAOYSA-N,7.474628231147345
KHBREMPPVVYEIM-UHFFFAOYSA-N__VCGNOWSXEBIZNC-FPLPWBNLSA-N,-0.5667511055611929
GYNIZSOEXVXECH-QGOAFFKASA-N__SVVOEJYIHHNKBB-UHFFFAOYSA-N,7.286160170126882
OPJKGDBEFNGEQW-UHFFFAOYSA-N__BGHMXBKQKHWVHN-UHFFFAOYSA-N,14.784127655434826
BXSALXOHGCYTND-GQCTYLIASA-N__LCVUEIXVCGCYPP-UHFFFAOYSA-N,5.489537354478034
SVVOEJYIHHNKBB-UHFFFAOYSA-N__GYNIZSOEXVXECH-QGOAFFKASA-N,9.223047329049908
ZDCMTOXHDXDFHS-UHFFFAOYSA-N__OPUYTNXQBWHLIM-UHFFFAOYSA-N,12.889853010306974
OPUYTNXQBWHLIM-UHFFFAOYSA-N__ZDCMTOXHDXDFHS-UHFFFAOYSA-N,8.680357330418518
LCVUEIXVCGCYPP-UHFFFAOYSA-N__BXSALXOHGCYTND-GQCTYLIASA-N,7.428872868960515
VWZDHGLXYWXXKF-UHFFFAOYSA-N__PDNCREKLEIAJBY-UHFFFAOYSA-N,3.0860904890188583
ORQBHUFAFGWYDG-UHFFFAOYSA-N__PULORJJGWUJQBU-UHFFFAOYSA-N,10.21313487889702
DAWYTDKSMYXJFE-UHFFFAOYSA-N__NJNCRGMAMMNSBN-FCEUIQTBSA-N,10.712388370038534
NOTVADUCMHIWMH-UHFFFAOYSA-N__IOURGEMVZMWHSK-SNAWJCMRSA-N,2.947323802187893
CLUGRPABEQNERA-UHFFFAOYSA-N__AIWICOGMBIREQD-UHFFFAOYSA-N,0.8982592894904341
AQTVUYSFYGRBFP-UHFFFAOYSA-N__SXXKQRGBTWEYBV-UHFFFAOYSA-N,12.752549015969032
KNTUUUARDYGWGI-UHFFFAOYSA-N__JZVBPVMHUHYVPO-UHFFFAOYSA-N,10.113608037979494
SXXKQRGBTWEYBV-UHFFFAOYSA-N__AQTVUYSFYGRBFP-UHFFFAOYSA-N,7.940096732791692
RKRYWQKRIFFESW-UHFFFAOYSA-N__IMHSXIHXRVHKSL-UHFFFAOYSA-N,6.400209080065685
YRUFRSUZZACWCW-UHFFFAOYSA-N__VGIWDFJMMZTDNJ-UPHRSURJSA-N,3.219982113436143
OGVZITLXRYJPSO-UHFFFAOYSA-N__RBEFNTBHCVTGQA-UHFFFAOYSA-N,5.11018744054153
KCZIRIILYPJENJ-LBPRGKRZSA-N__VBEBSXHBUSNYDV-UHFFFAOYSA-N,12.482589464303214
VBEBSXHBUSNYDV-UHFFFAOYSA-N__KCZIRIILYPJENJ-LBPRGKRZSA-N,12.26951673864174
UIELWIWDUDZKQS-UHFFFAOYSA-N__DQICURSMKKCYCZ-UHFFFAOYSA-N,5.858701200615159
HFGQLXCDZIYFJF-UHFFFAOYSA-N__COXKMSQHVIKZHF-UHFFFAOYSA-N,12.871159249400518
LZMDRWTULZRDJL-UHFFFAOYSA-N__NRHCRJDBXMHNSN-UHFFFAOYSA-N,8.587373297653437
UNYJVEGQFDHXFE-UHFFFAOYSA-N__HPLMWJYSAYEFMM-UHFFFAOYSA-N,3.871026299433525
WVICRZUJWDBEAR-UHFFFAOYSA-N__OOYCNSDWDIQDAX-UHFFFAOYSA-N,9.322293021230324
YURDIKWYPJOOPS-UHFFFAOYSA-N__JAFJNSQISURLCX-UHFFFAOYSA-N,2.9800571818228274
OOYCNSDWDIQDAX-UHFFFAOYSA-N__WVICRZUJWDBEAR-UHFFFAOYSA-N,7.272263381060385
COXKMSQHVIKZHF-UHFFFAOYSA-N__HFGQLXCDZIYFJF-UHFFFAOYSA-N,4.952373204335627
JAFJNSQISURLCX-UHFFFAOYSA-N__YURDIKWYPJOOPS-UHFFFAOYSA-N,6.550402771638352
ARXGCDGKNCVPEN-UHFFFAOYSA-N__BVDRUIGIVHPHOV-UHFFFAOYSA-N,-5.388714376343531
BVDRUIGIVHPHOV-UHFFFAOYSA-N__ARXGCDGKNCVPEN-UHFFFAOYSA-N,3.846862236880361
CHFBASIYXHBHPE-UHFFFAOYSA-N__XAZQBICSDXRPGX-UHFFFAOYSA-N,9.597080112314089
DYJJODUTVRNTPY-UHFFFAOYSA-N__MOJNABCKJBNLSE-UHFFFAOYSA-N,8.670017280157174
XUCROOIALJOQEW-UHFFFAOYSA-N__MIIQOFWQYGNVLP-UHFFFAOYSA-N,9.178398835213056
MIIQOFWQYGNVLP-UHFFFAOYSA-N__XUCROOIALJOQEW-UHFFFAOYSA-N,13.91443825197946
WQAYUFKMYNFEGP-UHFFFAOYSA-N__XQCCNZFHLCQXEP-UHFFFAOYSA-N,7.429650288190376
YIHCVVFIMRHLKM-UHFFFAOYSA-N__PBJTWJCWYFSVAE-UHFFFAOYSA-N,6.8391542017985225
JFUCSEHNIYCTMZ-UHFFFAOYSA-N__DQZHXPZDERSPNB-UHFFFAOYSA-N,7.760655154490348
PNQDTTQNVZTGTK-UHFFFAOYSA-N__UZJHFMAWJUMWDV-UHFFFAOYSA-N,2.091176456578156
XKGAMTBYEOAXNX-UHFFFAOYSA-N__XIZHSVDDPBNRDG-UHFFFAOYSA-N,12.53380693564347
AGEVQDNXFOIRKH-UHFFFAOYSA-N__HWXIMGITLXIFSD-UHFFFAOYSA-N,5.698405293485683
XIZHSVDDPBNRDG-UHFFFAOYSA-N__XKGAMTBYEOAXNX-UHFFFAOYSA-N,11.68515503809536
HWXIMGITLXIFSD-UHFFFAOYSA-N__AGEVQDNXFOIRKH-UHFFFAOYSA-N,10.886155866930052
DLLDTELDHFOZAS-UHFFFAOYSA-N__FSAWEZNGAJUUHC-UHFFFAOYSA-N,5.216786143346534
UZJHFMAWJUMWDV-UHFFFAOYSA-N__PNQDTTQNVZTGTK-UHFFFAOYSA-N,1.9396810283458388
RCELFAWGRFWHNH-AZUAARDMSA-N__SIUOCJBIYGJYCY-UHFFFAOYSA-N,5.670821619903056
SIUOCJBIYGJYCY-UHFFFAOYSA-N__RCELFAWGRFWHNH-AZUAARDMSA-N,1.3191226904460842
XZBDNJWFYYPATD-UHFFFAOYSA-N__NKWCGNUOJAQETB-UHFFFAOYSA-N,3.9526494000957024
YPNOQFRJJLYZLM-UHFFFAOYSA-N__FCOPEWSHYXXTLR-UHFFFAOYSA-N,2.5294831618746807
FCOPEWSHYXXTLR-UHFFFAOYSA-N__YPNOQFRJJLYZLM-UHFFFAOYSA-N,8.349254575673342
JQCZIUVZNVLSSA-UHFFFAOYSA-N__DTUVQRDPMNNUEZ-UHFFFAOYSA-N,4.320909974802657
RZXPMMCVVHPCQE-UHFFFAOYSA-N__ZRXWAYHFECPUIA-UHFFFAOYSA-N,3.627826570263428
FZTUVPBBAXBZJI-UHFFFAOYSA-N__NETLNHFSIMMMPV-UHFFFAOYSA-N,7.155068434765136
HQSIMCODZRPQRV-UHFFFAOYSA-N__SEPLQNFQGGDKHK-UHFFFAOYSA-N,12.189634732993037
ZRXWAYHFECPUIA-UHFFFAOYSA-N__RZXPMMCVVHPCQE-UHFFFAOYSA-N,7.403198908665029
IAISJSKPMHDWBN-UHFFFAOYSA-N__JBCOJELIVYNZHB-UHFFFAOYSA-N,9.346037294158451
VEIMRCVELPUNAD-UHFFFAOYSA-N__FWJYLCWTCJHNRK-UHFFFAOYSA-N,5.098284871759297
ATEZWTGZCYORSL-UHFFFAOYSA-N__MJNRIMONWKVXOP-UHFFFAOYSA-N,3.712776317438169
ATLOVIVHGKUSOJ-UHFFFAOYSA-N__HGSJXLMHOWVDRR-UHFFFAOYSA-N,8.330218574533612
TZNKEFRLFCMEAD-UHFFFAOYSA-N__KVRDZGPGQHJMDI-PKOBYXMFSA-N,8.959658245028384
WIBVYLRIFQXHRW-UHFFFAOYSA-N__MFUFJCIFNHFEDW-UHFFFAOYSA-N,8.901653306844793
MJNRIMONWKVXOP-UHFFFAOYSA-N__ATEZWTGZCYORSL-UHFFFAOYSA-N,7.519411586872536
QZMOOODIEFOOGS-UHFFFAOYSA-N__ABNBALMNGGQBBL-UHFFFAOYSA-N,4.711847857732304
GHKJELZXBFRQLI-UHFFFAOYSA-N__NGSRGRKMEWROLO-UHFFFAOYSA-N,1.4022218800306747
ABNBALMNGGQBBL-UHFFFAOYSA-N__QZMOOODIEFOOGS-UHFFFAOYSA-N,2.479108762427049
WALQCCBTJYLQTH-UHFFFAOYSA-N__IMADGXCATROUST-UHFFFAOYSA-N,2.5306015726813604
YGTSLGNRAGUMMP-UHFFFAOYSA-N__IRIUVWFRAOHPFV-UHFFFAOYSA-N,13.331972477135984
HZOFKORPEYOWJQ-UHFFFAOYSA-N__KEFMCUAHZSSKQY-UHFFFAOYSA-N,7.170397588162258
IRUPAFSLGJQJJQ-UHFFFAOYSA-N__GZAXYZGYSOWJQC-UHFFFAOYSA-N,10.162705029343568
MSOXVNYYGGIRFG-UHFFFAOYSA-N__PBLYDEDPBLHPQZ-UHFFFAOYSA-N,1.947820904843172
JQCXEPZWQOHXGK-UHFFFAOYSA-N__MJFWZYSQJWQYSS-UHFFFAOYSA-N,10.568642584732771
ZWYVRMJEYMJALI-VIFPVBQESA-N__SUBMMQFPICWDOP-UHFFFAOYSA-N,5.865384781067792
ZZGIHQXMWOLQRF-UHFFFAOYSA-N__FRARCZBYXAFDDP-UHFFFAOYSA-N,4.392691782094192
OOLWWDWKZUXVJN-UHFFFAOYSA-N__YLADAPIKXITCCH-UHFFFAOYSA-N,-2.203601681606892
SYCIGFAQXKUYJV-UHFFFAOYSA-N__PWKCIWNUJFOYMV-LBPRGKRZSA-N,3.092356620497675
LHWFPLCYGBOOOV-UHFFFAOYSA-N__AHHGADKGKNFILT-UHFFFAOYSA-N,4.548013074583385
ZJRZBQSHEBFGLD-UHFFFAOYSA-N__UFEKZZIPLHOYGH-UHFFFAOYSA-N,3.2546192981578965
PUBHHSJYYZVINU-UHFFFAOYSA-N__JJJUMPFJXAPNLD-HMTLIYDFSA-N,7.179187861363533
AHHGADKGKNFILT-UHFFFAOYSA-N__LHWFPLCYGBOOOV-UHFFFAOYSA-N,11.08346628139045
YWKMOPSTAWLFCN-UHFFFAOYSA-N__OKXUEVSOUHBRGI-UHFFFAOYSA-N,1.6611451793069043
DLNKQEJPAMCCQD-UHFFFAOYSA-N__DTLUJVAKIBEALV-UHFFFAOYSA-N,7.38842839252293
DTLUJVAKIBEALV-UHFFFAOYSA-N__DLNKQEJPAMCCQD-UHFFFAOYSA-N,3.1006196971468865
JWLCLJCQPKXJHB-UHFFFAOYSA-N__KNWRNFKKCDSYJA-UHFFFAOYSA-N,2.98430511586
BCEJGNPBCOOXLW-UHFFFAOYSA-N__XFFHWMSJRLSBRF-UHFFFAOYSA-N,9.453170545628694
GRNXBBPMOMCDBY-UHFFFAOYSA-N__NSSALDSMTOHYHC-UHFFFAOYSA-N,4.767683792905918
KNWRNFKKCDSYJA-UHFFFAOYSA-N__JWLCLJCQPKXJHB-UHFFFAOYSA-N,2.26285032549277
HIURRLVPTQMGOO-UHFFFAOYSA-N__XLMSKJKNMGWWQB-UHFFFAOYSA-N,8.968714158101443
XLMSKJKNMGWWQB-UHFFFAOYSA-N__HIURRLVPTQMGOO-UHFFFAOYSA-N,9.37297104416115
PEAHHZXZFDBIMJ-UHFFFAOYSA-N__FYWIBIAJLCBDOV-UHFFFAOYSA-N,5.108097443035229
QCDMGEZKBGHXRF-UHFFFAOYSA-N__RIKRIASJMYHTIJ-UHFFFAOYSA-N,5.994409427199874
QMMWWMHLTDQVAD-UHFFFAOYSA-N__PWZXLJWAVSHHCU-UHFFFAOYSA-N,10.406806087510084
QZUPJJPYQKOZGW-UHFFFAOYSA-N__MHZBXKUQIOSSON-UHFFFAOYSA-N,2.7993873108041494
LNAUQTIUKLWHGK-UHFFFAOYSA-N__QKRVSWPBAOCWHY-UHFFFAOYSA-N,10.525940909747074
RZQMBDQSMKUTPW-UHFFFAOYSA-N__DMWFJBPGIWIXKH-UHFFFAOYSA-N,9.656951394963455
ZJLDYGOTUSMKEH-UHFFFAOYSA-N__NCKMVLKPDRNELG-UHFFFAOYSA-N,9.061692327895488
DMWFJBPGIWIXKH-UHFFFAOYSA-N__RZQMBDQSMKUTPW-UHFFFAOYSA-N,0.9534511477897316
CQTJOJUCIZHWAI-UHFFFAOYSA-N__BACYTWLVQXWQLE-UHFFFAOYSA-N,7.471864603780073
GRTTXXZNPLCATQ-UHFFFAOYSA-N__JCNCDFGVSWJFMI-UHFFFAOYSA-N,5.537871844429257
RIRMCVUMCVWVMG-UHFFFAOYSA-N__VJBMJKQPZIBQBV-UHFFFAOYSA-N,5.740094727492289
JCNCDFGVSWJFMI-UHFFFAOYSA-N__GRTTXXZNPLCATQ-UHFFFAOYSA-N,11.903558117574743
VJBMJKQPZIBQBV-UHFFFAOYSA-N__RIRMCVUMCVWVMG-UHFFFAOYSA-N,7.828839319080112
DLWFCIUDGCZTLI-UHFFFAOYSA-N__FRMFXEZUXXIVSK-UHFFFAOYSA-N,3.572605055891799
JYWQYTHQLPXPJM-UHFFFAOYSA-N__FPJPTQXKIDTWES-UHFFFAOYSA-N,9.88934858723052
YVXLATFFKBSVCH-UHFFFAOYSA-N__HPQVAUNWTPLGDH-UHFFFAOYSA-N,7.159901820032623
HPQVAUNWTPLGDH-UHFFFAOYSA-N__YVXLATFFKBSVCH-UHFFFAOYSA-N,10.14347326087293
YCDPFSKZTVJKPI-UHFFFAOYSA-N__REZDYMDPWKURPD-UHFFFAOYSA-N,5.024931332727058
MSWXXICDKNTNHA-UHFFFAOYSA-N__IITAGEFSPROWDN-UHFFFAOYSA-N,4.732934926376215
MKCZQENBDXDKFZ-BDGLOUSKSA-N__AMSCXNOLADKHKF-UHFFFAOYSA-N,-3.779989765100322
BOUHCEVLDDSFKX-UHFFFAOYSA-N__IWYHVTRFSJPFOF-UHFFFAOYSA-N,8.462659157065362
REZDYMDPWKURPD-UHFFFAOYSA-N__YCDPFSKZTVJKPI-UHFFFAOYSA-N,-2.3593064898337848
NFNRWMZXMJIYBV-UHFFFAOYSA-N__FRTXXEJYNUZDIW-UHFFFAOYSA-N,3.7019089546979616
UHWKSKYUNZUQFC-UHFFFAOYSA-N__AYUYZTVAOQXVBP-UHFFFAOYSA-N,0.8017107634518673
OFFUPBCVICTOGV-UHFFFAOYSA-N__YNSUREIQQVJUSC-UHFFFAOYSA-N,8.790211965102952
LZERQSJGPXFAKB-UHFFFAOYSA-N__ODKBTXILBWJIRY-UHFFFAOYSA-N,1.5502075641840745
ODKBTXILBWJIRY-UHFFFAOYSA-N__LZERQSJGPXFAKB-UHFFFAOYSA-N,9.89391558734176
ZUWBVRHQSHSIHD-UHFFFAOYSA-N__YEWUQVIOLYPXHX-UHFFFAOYSA-N,8.823967438710039
TWIGATDHHWUGHA-UHFFFAOYSA-N__OBHMZJBFUHQQGZ-UHFFFAOYSA-N,0.5964559634555564
OBHMZJBFUHQQGZ-UHFFFAOYSA-N__TWIGATDHHWUGHA-UHFFFAOYSA-N,10.537235136999929
AMSCXNOLADKHKF-UHFFFAOYSA-N__MKCZQENBDXDKFZ-BDGLOUSKSA-N,3.0398941460024145
ZLENFEOPCCFAEB-UHFFFAOYSA-N__NENKXKGFTWLWMZ-UHFFFAOYSA-N,21.606069251000672
NENKXKGFTWLWMZ-UHFFFAOYSA-N__ZLENFEOPCCFAEB-UHFFFAOYSA-N,12.489856534433406
ZTGTUWLWFFXWNR-UHFFFAOYSA-N__ODEALMANQSSPIW-UHFFFAOYSA-N,6.139661843395131
QKOHYJGXNPQMPW-UHFFFAOYSA-N__JREMGXPAQPMEHI-UHFFFAOYSA-N,7.940308754201053
JREMGXPAQPMEHI-UHFFFAOYSA-N__QKOHYJGXNPQMPW-UHFFFAOYSA-N,4.832941738764108
NTLCYCISCDKGIK-UHFFFAOYSA-N__FIVVPEZECBOLHW-UHFFFAOYSA-N,1.881259632095027
NWHNOKMLONTTFP-UHFFFAOYSA-N__GSDSHHAHEUBYGF-UHFFFAOYSA-N,10.709182656791745
FIVVPEZECBOLHW-UHFFFAOYSA-N__NTLCYCISCDKGIK-UHFFFAOYSA-N,6.626546424065162
FRTXXEJYNUZDIW-UHFFFAOYSA-N__NFNRWMZXMJIYBV-UHFFFAOYSA-N,7.188549416401517
DLPSNQHQIQPRDY-UHFFFAOYSA-N__YZWJCYUEPGXNHA-UHFFFAOYSA-N,7.956536011760773
IDOJLXIUTPINTR-UHFFFAOYSA-N__HJOCBPOOCAULDA-UHFFFAOYSA-N,5.530383159144632
YKCDVSNFQBTXMN-UHFFFAOYSA-N__DUHJNZIIWKNIIL-UHFFFAOYSA-N,2.1531817359829493
OPRAKOGLBFUQBO-UHFFFAOYSA-N__UOTCVSMKVOFIMA-LBPRGKRZSA-N,5.338554554473312
SZJSUOUDYWDEGV-UHFFFAOYSA-N__JYTMWPOAXCWHGI-UHFFFAOYSA-N,6.723883176778727
UOTCVSMKVOFIMA-LBPRGKRZSA-N__OPRAKOGLBFUQBO-UHFFFAOYSA-N,7.476358042666748
HMONMFHROKDPKL-UHFFFAOYSA-N__DFAVWLKOYKKDFX-UHFFFAOYSA-N,4.558617238691818
PAILEZNBTLHJHV-UHFFFAOYSA-N__NVQOPZFEFJNYSA-UHFFFAOYSA-N,1.483093022055343
JYTMWPOAXCWHGI-UHFFFAOYSA-N__SZJSUOUDYWDEGV-UHFFFAOYSA-N,10.194989540917616
RGWGRBFJHDQMQI-UHFFFAOYSA-N__OOLBRGMQODOLPG-UHFFFAOYSA-N,7.419811251860978
OOLBRGMQODOLPG-UHFFFAOYSA-N__RGWGRBFJHDQMQI-UHFFFAOYSA-N,5.267046311452744
QXUMUFQEOAHANE-UHFFFAOYSA-N__KQWYKJSWCFJJFS-UHFFFAOYSA-N,7.528322969976355
GQSZFLDIILLPPN-UHFFFAOYSA-N__LJZGVNXOVBOMKA-UHFFFAOYSA-N,8.537272910631938
SXTVBVIQNTWZNT-UHFFFAOYSA-N__IFMWARRXRDWXBH-UHFFFAOYSA-N,8.039021224774869
RZCUVCIOHZBLJC-UHFFFAOYSA-N__DTGHEYYDXAZYMT-UHFFFAOYSA-N,9.5296508563243
KYJPDZZYERZGRP-UHFFFAOYSA-N__CFKVMXWXARUDQI-UHFFFAOYSA-N,8.156627310772562
SKXYALMSXKWPJJ-GXDHUFHOSA-N__ASKJXFLNFFHPDG-UHFFFAOYSA-N,11.531940539157622
DTGHEYYDXAZYMT-UHFFFAOYSA-N__RZCUVCIOHZBLJC-UHFFFAOYSA-N,5.299561201533728
LWQKTEYIHUNVJC-UHFFFAOYSA-N__RIFBFKXUHZEDJO-UHFFFAOYSA-N,4.448412445795487
CFKVMXWXARUDQI-UHFFFAOYSA-N__KYJPDZZYERZGRP-UHFFFAOYSA-N,6.311237182664505
NGMSQERZZCDOAO-UHFFFAOYSA-N__OYCKTDQPHDEYJT-UHFFFAOYSA-N,1.314307637450001
HKOVLMZPZHJRTI-UHFFFAOYSA-N__ZOTSVEVJRWWBPG-UHFFFAOYSA-N,3.897032456421239
ZOTSVEVJRWWBPG-UHFFFAOYSA-N__HKOVLMZPZHJRTI-UHFFFAOYSA-N,5.168200623082268
BZDMWOTVURMPDU-UHFFFAOYSA-N__CZTXKTJGZUDEAU-UHFFFAOYSA-N,7.094748959854608
LNVSWKMRGVHFQH-UHFFFAOYSA-N__LWBBSNOEIZAZGB-UHFFFAOYSA-N,4.646524768504525
CZTXKTJGZUDEAU-UHFFFAOYSA-N__BZDMWOTVURMPDU-UHFFFAOYSA-N,6.186167709248985
FYDDPOAOFIKTCQ-ONEGZZNKSA-N__SNGHKJKOUNWAIO-UHFFFAOYSA-N,3.941275038105153
LWBBSNOEIZAZGB-UHFFFAOYSA-N__LNVSWKMRGVHFQH-UHFFFAOYSA-N,10.26471976598999
HBRLNFYMAQTPRM-UHFFFAOYSA-N__HQACJHXIBQOSJK-UHFFFAOYSA-N,3.988344674309949
LSDQQMKZMQZBQM-UHFFFAOYSA-N__WVDPAEFRPOKPNI-UHFFFAOYSA-N,5.065507337711678
VJMNQUWKPPBILD-UHFFFAOYSA-N__ITNGTFMTMYVEHM-UHFFFAOYSA-N,9.142691058026166
DJHHWLBJNRZGJP-ONEGZZNKSA-N__GGASNRYGLLPSAX-UHFFFAOYSA-N,8.157391681424766
YWANOSGNBSHXGP-UHFFFAOYSA-N__ZNZYOGBBNIXOSU-UHFFFAOYSA-N,7.04935041956602
SZEXMQLTBHNKAZ-UHFFFAOYSA-N__DRUVRRDEWCSBFW-UHFFFAOYSA-N,16.710320014826728
YDVIJPVBNLIAPA-UHFFFAOYSA-N__ACGDIBQVMZQLBR-UHFFFAOYSA-N,6.465930801172175
ACGDIBQVMZQLBR-UHFFFAOYSA-N__YDVIJPVBNLIAPA-UHFFFAOYSA-N,7.483039480364124
DRUVRRDEWCSBFW-UHFFFAOYSA-N__SZEXMQLTBHNKAZ-UHFFFAOYSA-N,8.798911666159734
GGASNRYGLLPSAX-UHFFFAOYSA-N__DJHHWLBJNRZGJP-ONEGZZNKSA-N,4.420672561816194
SOUURKOMWLCQRZ-UHFFFAOYSA-N__ZNQLNCYXNNBKCT-UHFFFAOYSA-N,0.2757616831766963
ZNQLNCYXNNBKCT-UHFFFAOYSA-N__SOUURKOMWLCQRZ-UHFFFAOYSA-N,2.5216373600594006
AJVXLGJZKYVUQY-UHFFFAOYSA-N__WREVDWAIAURRCT-UHFFFAOYSA-N,3.7263632263987
WREVDWAIAURRCT-UHFFFAOYSA-N__AJVXLGJZKYVUQY-UHFFFAOYSA-N,3.728904053019263
VNRIGTINNWVQES-UHFFFAOYSA-N__WZPKYHYJFYVXSL-UHFFFAOYSA-N,9.950301908279291
RDXBPAVRFCMHFF-UHFFFAOYSA-N__XIDQATKDWFRYAV-UHFFFAOYSA-N,-0.9758656468946916
KMLOILSBJFWZGW-UHFFFAOYSA-N__FJUGJLQQBFJRKO-UHFFFAOYSA-N,15.707282122834425
UQKXQCCGFZXCHR-UHFFFAOYSA-N__IHYLXHUNQRWKPO-UHFFFAOYSA-N,13.50936984295221
DMDJOVOGXDCDTE-UHFFFAOYSA-N__YSTJJRZSLQEGKN-UHFFFAOYSA-N,5.968348920019793
YYKZHHPAGZSXRI-XYOKQWHBSA-N__VCQNYSINLGNXGR-UHFFFAOYSA-N,-4.448390129779941
VCQNYSINLGNXGR-UHFFFAOYSA-N__YYKZHHPAGZSXRI-XYOKQWHBSA-N,0.630552182089916
RXRZQPAMOKNYCA-UHFFFAOYSA-N__YPTVCKOYENCZKM-UHFFFAOYSA-N,-1.8049796949835395
GVQLLDWWYDKCAL-UHFFFAOYSA-N__KONSRYFKVKIWRZ-UHFFFAOYSA-N,2.1919123290291016
CGTDFUKQEGGPJF-UHFFFAOYSA-N__PBMDUUJOAPRBPT-UHFFFAOYSA-N,8.504208647880237
KONSRYFKVKIWRZ-UHFFFAOYSA-N__GVQLLDWWYDKCAL-UHFFFAOYSA-N,8.3492739647691
PBMDUUJOAPRBPT-UHFFFAOYSA-N__CGTDFUKQEGGPJF-UHFFFAOYSA-N,3.494175900872033
CUHIXVRODPWQTJ-UHFFFAOYSA-N__CXUDVBJLLNWWPV-UHFFFAOYSA-N,11.947110934741668
VQNNVNAKHAOVQN-UHFFFAOYSA-N__IAZDCSHAFFDSNM-UHFFFAOYSA-N,7.895150263924598
OZPMJCMTAQQPJH-UHFFFAOYSA-N__POQJYXLWPALYCG-VIFPVBQESA-N,15.10369485957507
DNSHCKPPNHTWAT-UHFFFAOYSA-N__DRDJCVUUUYXRHT-UHFFFAOYSA-N,7.274699125425072
WIDQDVZZRNCKCT-UHFFFAOYSA-N__VRFPMWCASFPVNZ-UHFFFAOYSA-N,4.866693646177542
JIHQDUVLENPDJA-UHFFFAOYSA-N__STZARZICZKSMHI-UHFFFAOYSA-N,1.4204224458218082
DRDJCVUUUYXRHT-UHFFFAOYSA-N__DNSHCKPPNHTWAT-UHFFFAOYSA-N,3.7971932210346817
UFFQWCIFAPMCJM-UHFFFAOYSA-N__CWUJFZLMEXJHGM-UHFFFAOYSA-N,12.115505296189896
XZNURYWJQBRXPG-UHFFFAOYSA-N__ZWDOUDNVAUDVHB-UHFFFAOYSA-N,3.807181973291856
OQVGOYOSNQVQLD-UHFFFAOYSA-N__IJMJOZXGSDXCGE-UHFFFAOYSA-N,8.322420744511287
PHHWFYGNCIGJBD-UHFFFAOYSA-N__MPAODGSNJNSJCX-UHFFFAOYSA-N,4.976938014485063
CPYBYNULYAMTFT-UHFFFAOYSA-N__RSMWASWWFQNXAE-UHFFFAOYSA-N,4.028166069821402
MPAODGSNJNSJCX-UHFFFAOYSA-N__PHHWFYGNCIGJBD-UHFFFAOYSA-N,0.2254021140837662
CWUJFZLMEXJHGM-UHFFFAOYSA-N__UFFQWCIFAPMCJM-UHFFFAOYSA-N,6.2288977473486895
JEMILUPPFJDSIV-UHFFFAOYSA-N__JLGROMZIVYFCJF-UHFFFAOYSA-N,0.8519649084297124
RAAPANBVESPBNQ-UHFFFAOYSA-N__WYDMMKUWINZXKJ-UHFFFAOYSA-N,8.994977272507507
FSPAOCMZASAPQL-UHFFFAOYSA-N__FCIHDGBGMYNQPK-UHFFFAOYSA-N,3.99639618633705
FCIHDGBGMYNQPK-UHFFFAOYSA-N__FSPAOCMZASAPQL-UHFFFAOYSA-N,1.932829784999032
USFGOCJGKMWGEB-UHFFFAOYSA-N__SGAVGXBTRRFBPJ-UHFFFAOYSA-N,8.109508618199364
KNURBCRIHBDHDP-UHFFFAOYSA-N__RLVJVUVKYOQMHN-UHFFFAOYSA-N,9.407835598643569
LTXUDKKFHUBECL-UHFFFAOYSA-N__LKMJHSRVJJEJKP-UHFFFAOYSA-N,11.922496770095776
VSRANKNVZUFXGZ-UHFFFAOYSA-N__WAMXUQAXYRRPSL-UHFFFAOYSA-N,3.995697104943853
WZLYXPYOEIPXNX-UHFFFAOYSA-N__GNDFCVGNBKWIFU-UHFFFAOYSA-N,5.799040625228974
WAMXUQAXYRRPSL-UHFFFAOYSA-N__VSRANKNVZUFXGZ-UHFFFAOYSA-N,10.82419482818748
CTAIEPPAOULMFY-UHFFFAOYSA-N__IEMORRFCJWCLKV-UHFFFAOYSA-N,5.170594082273626
YEEHSVICVBAKGC-UHFFFAOYSA-N__ABIDRFSXKBYEIH-VMPITWQZSA-N,14.471885793581215
LCRWDPMARBJVFU-UHFFFAOYSA-N__LRYNAKOFQLDACQ-UHFFFAOYSA-N,9.789734413198891
SGKJAZQYMNCGQP-UHFFFAOYSA-N__VTCUIWVKNGHIHD-UHFFFAOYSA-N,8.065025578012952
VTCUIWVKNGHIHD-UHFFFAOYSA-N__SGKJAZQYMNCGQP-UHFFFAOYSA-N,3.1881652537738447
GNDFCVGNBKWIFU-UHFFFAOYSA-N__WZLYXPYOEIPXNX-UHFFFAOYSA-N,8.71007787417168
LCHQOCXCTXNIOS-UHFFFAOYSA-N__XZSDWKHOEIKBDB-UHFFFAOYSA-N,10.027273979308832
XZSDWKHOEIKBDB-UHFFFAOYSA-N__LCHQOCXCTXNIOS-UHFFFAOYSA-N,5.15204213444031
WOGQUVJEYLWOMU-UHFFFAOYSA-N__PZGYXRQCQQGVJC-UHFFFAOYSA-N,11.845736032191448
FPJPTQXKIDTWES-UHFFFAOYSA-N__ANWBBQDQVAXJJX-UHFFFAOYSA-N,3.836810123101981
SKLUTKRHDFBGID-UHFFFAOYSA-N__FTYSEEOHWIUCDW-UHFFFAOYSA-N,8.258421075676114
FTYSEEOHWIUCDW-UHFFFAOYSA-N__SKLUTKRHDFBGID-UHFFFAOYSA-N,8.46854019655873
NGFXMQNVHNCHKL-UHFFFAOYSA-N__XGAOMMFGKDKQKG-UHFFFAOYSA-N,3.6465870365193096
XGAOMMFGKDKQKG-UHFFFAOYSA-N__NGFXMQNVHNCHKL-UHFFFAOYSA-N,4.9465670697475845
VDSJGZYGIJMINS-UHFFFAOYSA-N__QBPSNESOKZFXBA-UHFFFAOYSA-N,6.950992125904632
KTBRKPNTORBNDR-UHFFFAOYSA-N__SAGKMIGPFDHVBM-UHFFFAOYSA-N,8.055994558025983
VOVNLVYMQRNQGO-UHFFFAOYSA-N__HNXJRTAUTGFKKJ-UHFFFAOYSA-N,6.265925287847924
LUHROOGMACJBNF-UHFFFAOYSA-N__JEADILDJFGSMBV-UHFFFAOYSA-N,8.509388326681217
JEADILDJFGSMBV-UHFFFAOYSA-N__LUHROOGMACJBNF-UHFFFAOYSA-N,7.767923462219361
ADESMZHCRCHKBP-UHFFFAOYSA-N__NZTZBLCUWRTXRC-UHFFFAOYSA-N,9.68898881630879
MGIDYGYXTDXIGD-UHFFFAOYSA-N__AGJHIWBSQJSTMN-UHFFFAOYSA-N,6.284851194556425
GDUUDMQIHBCSCJ-UHFFFAOYSA-N__GWCRWRFDGWRRLI-UHFFFAOYSA-N,7.635531980072527
DONMHPMGXMQIKI-UHFFFAOYSA-N__DKHBYEZUQRVTIL-UHFFFAOYSA-N,5.106613614768469
NZTZBLCUWRTXRC-UHFFFAOYSA-N__ADESMZHCRCHKBP-UHFFFAOYSA-N,4.139510551406568
OCFVZFNJYZVUIA-SNAWJCMRSA-N__FLVDHJYGUBRAHX-UHFFFAOYSA-N,13.006846157796222
WBIDMPFTKWBFPU-UHFFFAOYSA-N__JLPUWIWNTGJOBD-UHFFFAOYSA-N,1.910398562757959
JLPUWIWNTGJOBD-UHFFFAOYSA-N__WBIDMPFTKWBFPU-UHFFFAOYSA-N,4.998721050978076
GQRSZLGNEOLPBL-UHFFFAOYSA-N__USABKDNKIKDMJN-UHFFFAOYSA-N,3.482736379389152
USABKDNKIKDMJN-UHFFFAOYSA-N__GQRSZLGNEOLPBL-UHFFFAOYSA-N,5.021800744610837
LDWLIXZSDPXYDR-UHFFFAOYSA-N__QWEIMABOTDQOMZ-UHFFFAOYSA-N,9.46119713054073
FKKJUTWCDHQJKJ-UHFFFAOYSA-N__QYKABQMBXCBINA-LBPRGKRZSA-N,8.004866068599917
JYTFCHPVZHKQDK-UHFFFAOYSA-N__VYGSPIFFIHODQW-UHFFFAOYSA-N,3.2199237849927806
QYKABQMBXCBINA-LBPRGKRZSA-N__FKKJUTWCDHQJKJ-UHFFFAOYSA-N,7.002873223300954
VYGSPIFFIHODQW-UHFFFAOYSA-N__JYTFCHPVZHKQDK-UHFFFAOYSA-N,7.219236703468366
XQPDILHNADRLSN-NXEZZACHSA-N__MWPOPXBBHYJHSA-UHFFFAOYSA-N,7.426765969897842
MWPOPXBBHYJHSA-UHFFFAOYSA-N__XQPDILHNADRLSN-NXEZZACHSA-N,1.5658084821688878
SQKINKCSPUDYOO-UHFFFAOYSA-N__PUNFDAWYQUUEIY-UHFFFAOYSA-N,5.972220333235222
IPHAKZYBRNIHSN-UHFFFAOYSA-N__GFVSBEWLAFJKRQ-UHFFFAOYSA-N,4.582008115376411
AAUPJFXBWKHHBK-UHFFFAOYSA-N__WGDZTZNXDKMYMD-UHFFFAOYSA-N,6.2150984104146
BTLMIMQPDHPMEF-UHFFFAOYSA-N__TUFSSJADAXHRCX-UHFFFAOYSA-N,9.254029626060545
TUFSSJADAXHRCX-UHFFFAOYSA-N__BTLMIMQPDHPMEF-UHFFFAOYSA-N,9.197562953869728
KJAUABRLFLJYKX-UHFFFAOYSA-N__MPJGDZNXFFTQEX-UHFFFAOYSA-N,5.800487279802433
ZQVLPMNLLKGGIU-UHFFFAOYSA-N__PTAHSFVOSXGJMW-UHFFFAOYSA-N,6.6035200875779845
QCMIEJLFSATVJC-UHFFFAOYSA-N__FZXZYDIZTJREFW-UHFFFAOYSA-N,6.428341489898745
FZXZYDIZTJREFW-UHFFFAOYSA-N__QCMIEJLFSATVJC-UHFFFAOYSA-N,8.951251065591267
BJUXHAHWMAUFRS-UHFFFAOYSA-N__RHDWCDIVADAVFJ-UHFFFAOYSA-N,8.066212226186273
MVDRIMBGRZBWPE-UHFFFAOYSA-N__QISHEOURFDPODQ-UHFFFAOYSA-N,3.1281125181491776
RHDWCDIVADAVFJ-UHFFFAOYSA-N__BJUXHAHWMAUFRS-UHFFFAOYSA-N,6.432332426353391
QISHEOURFDPODQ-UHFFFAOYSA-N__MVDRIMBGRZBWPE-UHFFFAOYSA-N,3.652152375489727
SYBPJZRAGTVHTN-UHFFFAOYSA-N__QYKLNSPJPZGNIE-UHFFFAOYSA-N,4.794002019981648
AYBNFDRVZYRQDT-UHFFFAOYSA-N__JNKLTEDNNQRUQU-UHFFFAOYSA-N,6.244692982188318
XRQSLXPHWKSPTB-UHFFFAOYSA-N__XXXGTTQNCQGLMX-UHFFFAOYSA-N,0.0042774745394038
XXXGTTQNCQGLMX-UHFFFAOYSA-N__XRQSLXPHWKSPTB-UHFFFAOYSA-N,10.171869443906644
WVPVDUHMNCCFKF-UHFFFAOYSA-N__QLMGJDCOKQGJKF-UHFFFAOYSA-N,8.326373539551396
GHEFTXZWTFIYOJ-UHFFFAOYSA-N__RXXOWAJQDCBBTH-UHFFFAOYSA-N,5.228269729282904
KTNNEURSXANSEG-UHFFFAOYSA-N__RMTVHKBAIMICCH-UHFFFAOYSA-N,3.0651054139128986
RXXOWAJQDCBBTH-UHFFFAOYSA-N__GHEFTXZWTFIYOJ-UHFFFAOYSA-N,0.0608243076495366
NXSVNPSWARVMAY-UHFFFAOYSA-N__WSBFXMNEMUKVLV-HLAWJBBLSA-N,2.898352094019738
GASZHUXKFORKJA-UHFFFAOYSA-N__LOPVGDXYIZNBTQ-UHFFFAOYSA-N,4.261436524030087
LOPVGDXYIZNBTQ-UHFFFAOYSA-N__GASZHUXKFORKJA-UHFFFAOYSA-N,7.492157482973895
WSBFXMNEMUKVLV-HLAWJBBLSA-N__NXSVNPSWARVMAY-UHFFFAOYSA-N,5.173999843439406
NQBWBSRBXBXAKF-UHFFFAOYSA-N__XDHQWFXIMSUNKT-UHFFFAOYSA-N,9.940143289591374
YPZQOGXDABJTKM-UHFFFAOYSA-N__BCFMTHYHZNFIHO-UHFFFAOYSA-N,3.2852080908212526
ZVPVLCGRNZLFBJ-UHFFFAOYSA-N__ANZSBGDEQRJJHP-UHFFFAOYSA-N,9.600824034445315
ANZSBGDEQRJJHP-UHFFFAOYSA-N__ZVPVLCGRNZLFBJ-UHFFFAOYSA-N,3.577424150131716
XLAHVHZIJJALHR-UHFFFAOYSA-N__KNZYJYHEQKMOFM-UHFFFAOYSA-N,5.040266600495852
YILYMJBPLFCXEB-UHFFFAOYSA-N__RZZPBTQBGOASQR-UHFFFAOYSA-N,5.68464213748347
BPEQXLHOXOBBNK-UHFFFAOYSA-N__XFRGBUDDXBFBJE-UHFFFAOYSA-N,11.007140250072093
XFRGBUDDXBFBJE-UHFFFAOYSA-N__BPEQXLHOXOBBNK-UHFFFAOYSA-N,7.348707609629415
LSFUXXBHBABORN-UHFFFAOYSA-N__XCAKGLGKTYFLGJ-UHFFFAOYSA-N,6.3034044826462
KJDOZRTVXQHCPY-UHFFFAOYSA-N__SZCPYYZQGZBBGM-UHFFFAOYSA-N,-5.766863077991277
SZCPYYZQGZBBGM-UHFFFAOYSA-N__KJDOZRTVXQHCPY-UHFFFAOYSA-N,3.82507789280441
SVGRGXUKPFFCSX-UHFFFAOYSA-N__DOTHPQLRQGZQHU-UHFFFAOYSA-N,1.84764479666974
DOTHPQLRQGZQHU-UHFFFAOYSA-N__SVGRGXUKPFFCSX-UHFFFAOYSA-N,4.776724063066597
NEIWVXBOWGZVAZ-UHFFFAOYSA-N__YIXWDMDQFINFSJ-UHFFFAOYSA-N,1.8009834004279788
HKOYCDPTVOGUNB-UHFFFAOYSA-N__QSOVNVMEZPFZBO-UHFFFAOYSA-N,10.690948336042077
JVTUQINYFRLDSC-UHFFFAOYSA-N__AYUCOSZWLLOZRH-UHFFFAOYSA-N,8.630949095149964
YIXWDMDQFINFSJ-UHFFFAOYSA-N__NEIWVXBOWGZVAZ-UHFFFAOYSA-N,10.151518323874448
CVNRWJPNNAPGIN-UHFFFAOYSA-N__SLARTNVPYPGEGA-UHFFFAOYSA-N,2.2277038856922027
AYUCOSZWLLOZRH-UHFFFAOYSA-N__JVTUQINYFRLDSC-UHFFFAOYSA-N,1.356014003903011
SLARTNVPYPGEGA-UHFFFAOYSA-N__CVNRWJPNNAPGIN-UHFFFAOYSA-N,13.860060263006089
VFAJCZHBOJFVTO-UHFFFAOYSA-N__QISQDELNRWMYKN-ONEGZZNKSA-N,6.799339093157816
CUBXVSLGCXAZOF-UHFFFAOYSA-N__IHBYNRSYBIFTDQ-UHFFFAOYSA-N,0.8325153331961292
QISQDELNRWMYKN-ONEGZZNKSA-N__VFAJCZHBOJFVTO-UHFFFAOYSA-N,4.612547961605638
KTBBMKRNMWECJG-UHFFFAOYSA-N__ZDSAAUCRODDSNQ-UHFFFAOYSA-N,7.537093734088719
VASQOMMFIFDHIO-UHFFFAOYSA-N__DEXLMYZSUJDPNI-UHFFFAOYSA-N,2.893024538853075
VFQWKMQQRFGRGI-UHFFFAOYSA-N__OLPOUQMVOMXOGV-UHFFFAOYSA-N,14.957198091198364
OLPOUQMVOMXOGV-UHFFFAOYSA-N__VFQWKMQQRFGRGI-UHFFFAOYSA-N,4.918888183738279
CMBNRWXMOAXOAH-UHFFFAOYSA-N__XYPYFNBIEKGLGO-UHFFFAOYSA-N,4.015805309110799
AOXBXHYJXVTLFR-LZYBPNLTSA-N__ZYKFURJWTQLBNY-UHFFFAOYSA-N,2.419537636621591
OYHPZBYBBONYBQ-UHFFFAOYSA-N__PBXVRFQXRWOIHK-HSZRJFAPSA-N,2.419915292277509
XYPYFNBIEKGLGO-UHFFFAOYSA-N__CMBNRWXMOAXOAH-UHFFFAOYSA-N,7.538224783983937
OZAIBFKRUKMABZ-UHFFFAOYSA-N__JLTLBQZMOPEYRI-UHFFFAOYSA-N,11.256059817494071
WUBSXIZHJRKQBW-UHFFFAOYSA-N__SSIPAHNTISXOAO-UHFFFAOYSA-N,1.4872692369269291
SSIPAHNTISXOAO-UHFFFAOYSA-N__WUBSXIZHJRKQBW-UHFFFAOYSA-N,7.468339422746109
KQMOBXIKWBSNJA-UHFFFAOYSA-N__ZXZMNRMKKGBIQQ-UHFFFAOYSA-N,9.9859253826429
QNCXBWCXFIFLAJ-UHFFFAOYSA-N__HQNJWGQVQOWFGJ-UHFFFAOYSA-N,11.712524263225191
HUUKKJQRNBUNTE-UHFFFAOYSA-N__HEVNJORIYXPREN-UHFFFAOYSA-N,6.278444620294885
PBXVRFQXRWOIHK-HSZRJFAPSA-N__OYHPZBYBBONYBQ-UHFFFAOYSA-N,4.589437415964032
BZLUYCXCTJSSCZ-UHFFFAOYSA-N__VDBONLVTHVGQNS-UHFFFAOYSA-N,4.72346992557637
WGSWIDZDULIQTE-UHFFFAOYSA-N__BZAPAWZLIWKXSK-UHFFFAOYSA-N,4.377178186950581
BZAPAWZLIWKXSK-UHFFFAOYSA-N__WGSWIDZDULIQTE-UHFFFAOYSA-N,1.965806156975232
HQNJWGQVQOWFGJ-UHFFFAOYSA-N__QNCXBWCXFIFLAJ-UHFFFAOYSA-N,9.239494466357735
WTQDYQRIWIGAMA-UHFFFAOYSA-N__XUXGDFTYIFEGGE-UHFFFAOYSA-N,2.018332644393292
HQQZAKFMFBLOJN-UHFFFAOYSA-N__NOHLJRMJSLRNGL-QHCPKHFHSA-N,6.190228224182809
PDBOGPKVDZKPIR-UHFFFAOYSA-N__PVCLUKCHLYPTCS-VKHMYHEASA-N,3.52050341050964
JFTZZXWGMWEZBR-UHFFFAOYSA-N__QTXWWYFLHVWJTG-UHFFFAOYSA-N,2.0822970760477304
NOHLJRMJSLRNGL-QHCPKHFHSA-N__HQQZAKFMFBLOJN-UHFFFAOYSA-N,8.21967478749702
XUXGDFTYIFEGGE-UHFFFAOYSA-N__WTQDYQRIWIGAMA-UHFFFAOYSA-N,7.172779982015941
SRZIOWNZWNXWBH-UHFFFAOYSA-N__ZFWCMMBAYDTFHL-UHFFFAOYSA-N,7.46442323054008
OMXGFILQJOWINY-UHFFFAOYSA-N__HAHYKUQLYWLZOP-UHFFFAOYSA-N,5.162736874973612
HAHYKUQLYWLZOP-UHFFFAOYSA-N__OMXGFILQJOWINY-UHFFFAOYSA-N,1.9469571078073624
NWXJJTGTZGULGY-UHFFFAOYSA-N__YOIODMRLHIYMSN-UHFFFAOYSA-N,10.69122361745644
ZOTLPMLFJLIEOC-UHFFFAOYSA-N__YYPFQAAOFLUEDN-UHFFFAOYSA-N,7.285032371247106
LLCQXGXRHLEEPS-UHFFFAOYSA-N__NZKNKQPOXILDOL-UHFFFAOYSA-N,4.743945930551345
NZKNKQPOXILDOL-UHFFFAOYSA-N__LLCQXGXRHLEEPS-UHFFFAOYSA-N,3.906742628237079
REUHVWRQWWVMNP-UHFFFAOYSA-N__AABUXOOSKVIUAZ-CYBMUJFWSA-N,19.15659553256824
ZQFBCRKUKTWNAF-UHFFFAOYSA-N__OANVEGRLZWMCAY-UHFFFAOYSA-N,5.709317993519947
MNUCRXMVLDLHBT-UHFFFAOYSA-N__YLGHDLNQCOFBGA-UHFFFAOYSA-N,5.112498166522776
OANVEGRLZWMCAY-UHFFFAOYSA-N__ZQFBCRKUKTWNAF-UHFFFAOYSA-N,4.167673136449993
YLGHDLNQCOFBGA-UHFFFAOYSA-N__MNUCRXMVLDLHBT-UHFFFAOYSA-N,8.897534722501579
CFLBDIYUQQSBRF-UHFFFAOYSA-N__FZUVTYUZGXUFLX-UHFFFAOYSA-N,4.622499773735256
BWCMVAATNWSTNN-VIFPVBQESA-N__RIXUXSJGAQDHDI-UHFFFAOYSA-N,2.686037214792977
KNBADAAZAKZNQS-UHFFFAOYSA-N__XEGKMSBGSBSPJY-UHFFFAOYSA-N,1.917202722632109
NHHBYVIMNCTBMP-UHFFFAOYSA-N__ZTUYQDDBJIWQIT-UHFFFAOYSA-N,15.651639478938
QBRBYBJAXDZUNY-UHFFFAOYSA-N__YXHJMUWJPNVBBW-UHFFFAOYSA-N,5.480625909237451
GIPJIKDDZJSJKN-UHFFFAOYSA-N__KJUHTYKWWYQOJD-UHFFFAOYSA-N,2.8034428141333385
NHHOKPAYIPGIJV-UHFFFAOYSA-N__QSUHNGKJVGVNQV-UHFFFAOYSA-N,2.014260249994648
BLEVHWKFVDQQGF-UHFFFAOYSA-N__LLCWXMZRNJICPG-UHFFFAOYSA-N,3.3103442983061555
YXHJMUWJPNVBBW-UHFFFAOYSA-N__QBRBYBJAXDZUNY-UHFFFAOYSA-N,6.591198938376391
HJGPUPLHYBJLRJ-UHFFFAOYSA-N__UAFAAISKIHISGQ-UHFFFAOYSA-N,11.737051507028346
WLMRKDKXDOYNQS-UHFFFAOYSA-N__LVHQVBJPAKTKSF-UHFFFAOYSA-N,6.694821842663009
LEDLCYGKODJZFE-UHFFFAOYSA-N__REAWCLVYLZUBPN-UHFFFAOYSA-N,3.365300142486685
QSUHNGKJVGVNQV-UHFFFAOYSA-N__NHHOKPAYIPGIJV-UHFFFAOYSA-N,5.423237623714221
GWZICMAGCVWLAY-UHFFFAOYSA-N__QDCRPESWGPVFFD-UHFFFAOYSA-N,9.220998491763297
REAWCLVYLZUBPN-UHFFFAOYSA-N__LEDLCYGKODJZFE-UHFFFAOYSA-N,3.32353588540124
YWFMXUUVTUAQSG-UHFFFAOYSA-N__FZEGBDTYOYFNHQ-UHFFFAOYSA-N,-0.5893684010846694
ZLCQIPFASRFHPF-UHFFFAOYSA-N__LQTHXOGUPZHJIR-UHFFFAOYSA-N,-0.8772501949940704
LQTHXOGUPZHJIR-UHFFFAOYSA-N__ZLCQIPFASRFHPF-UHFFFAOYSA-N,3.082027924927291
PVWPPQZFNCQSLD-UHFFFAOYSA-N__RHHAIKRBAPQRGM-UHFFFAOYSA-N,3.979496243166877
RHHAIKRBAPQRGM-UHFFFAOYSA-N__PVWPPQZFNCQSLD-UHFFFAOYSA-N,5.064411181853874
AIZLSMAJYIDWNM-UHFFFAOYSA-N__QFXFBCBRFASZFK-UHFFFAOYSA-N,4.1515658795338775
HUECTFVNKPNUST-UHFFFAOYSA-N__FERNDQKGSJAILY-UHFFFAOYSA-N,15.356621944622068
FERNDQKGSJAILY-UHFFFAOYSA-N__HUECTFVNKPNUST-UHFFFAOYSA-N,0.0244170611248807
LPWQWSYFVVGFNI-UHFFFAOYSA-N__STGVDJLDDFKMPN-UHFFFAOYSA-N,7.130881055302291
XCJIOWGKQRAOPC-UHFFFAOYSA-N__NRLNJBCJSXVZIV-UHFFFAOYSA-N,9.756796310263718
STGVDJLDDFKMPN-UHFFFAOYSA-N__LPWQWSYFVVGFNI-UHFFFAOYSA-N,8.846817893485461
CDVMIZWFFWIZDQ-UHFFFAOYSA-N__UMBWHNVNGRJLHG-UHFFFAOYSA-N,3.120549936629378
YTWIMMURBNTYIB-UHFFFAOYSA-N__CBKFWAUOPVYEOO-UHFFFAOYSA-N,17.658369623181596
TUPPZWORIZKIEK-UHFFFAOYSA-N__UHVOMOHDOKYISZ-UHFFFAOYSA-N,5.573965791970502
LEQRQSIKIZIAPJ-UHFFFAOYSA-N__RVENGSJAHDPKPX-NSCUHMNNSA-N,9.047765901875662
RVENGSJAHDPKPX-NSCUHMNNSA-N__LEQRQSIKIZIAPJ-UHFFFAOYSA-N,1.461245040873436
MBKUUYMABULWKL-UHFFFAOYSA-N__PGZXFZUFLCPRTI-UHFFFAOYSA-N,2.940786869134209
PGWFRKJOEIOGHQ-UHFFFAOYSA-N__VSVRMHNHYUPTTH-UHFFFAOYSA-N,16.67024969829923
CIWKBNAQZFFMED-ZDUSSCGKSA-N__KUZGRELZBQRFPR-UHFFFAOYSA-N,7.639237143273922
VSVRMHNHYUPTTH-UHFFFAOYSA-N__PGWFRKJOEIOGHQ-UHFFFAOYSA-N,10.76391773454468
QWUFIMUCFQUBOT-UHFFFAOYSA-N__IPGOMZOFUXLYCA-UHFFFAOYSA-N,-0.8015083569754279
STAVGEPAJWXHNR-SNAWJCMRSA-N__DWBOUJSUCXXDLX-UHFFFAOYSA-N,-2.842506492691393
RNGNCNREFPSYIG-UHFFFAOYSA-N__SAUCNPJESIIOCZ-UHFFFAOYSA-N,2.322947858727664
SAUCNPJESIIOCZ-UHFFFAOYSA-N__RNGNCNREFPSYIG-UHFFFAOYSA-N,8.54433207878477
OUYJBXXKDVOBRN-UHFFFAOYSA-N__DLZJWNKGEBJHBB-UHFFFAOYSA-N,10.497023635544185
PMCIWKXVWOAOMO-UHFFFAOYSA-N__QWGZQTNDPUAIJK-UHFFFAOYSA-N,9.978340697699467
XUMRUIBITWLEQM-UHFFFAOYSA-N__KLCITRLRMHBGKP-UHFFFAOYSA-N,4.454860166151479
KLCITRLRMHBGKP-UHFFFAOYSA-N__XUMRUIBITWLEQM-UHFFFAOYSA-N,5.540497717516755
XMZVRBTYQVIYKH-UHFFFAOYSA-N__SUTZQRMGYWEJQW-UHFFFAOYSA-N,10.610190273153467
UCSLCRJECHRXNK-UHFFFAOYSA-N__PGHFIQUAGGRENX-UHFFFAOYSA-N,9.675380163832743
PGHFIQUAGGRENX-UHFFFAOYSA-N__UCSLCRJECHRXNK-UHFFFAOYSA-N,5.301841259205515
KZLPZBYSZSXNQM-UHFFFAOYSA-N__VBXHFZRIVMVPEC-UHFFFAOYSA-N,-0.3483988574499999
SYBPPHPNPZRHRP-ZJNJWXDTSA-N__ZCPJGVVVRAXPHB-UHFFFAOYSA-N,5.9930953012828505
DMTBJDWFHXZAMC-UHFFFAOYSA-N__NFKPGCHQGCOQAJ-UHFFFAOYSA-N,11.151943826385594
HROPMTQJSRKUDH-UHFFFAOYSA-N__LGFABYGRYBCDJF-DEOSSOPVSA-N,12.773442352885262
DFGITDBUCBJJKM-UHFFFAOYSA-N__SLFSZEMYXCXDTP-UHFFFAOYSA-N,13.788518970932008
LGFABYGRYBCDJF-DEOSSOPVSA-N__HROPMTQJSRKUDH-UHFFFAOYSA-N,8.375246680763716
NFKPGCHQGCOQAJ-UHFFFAOYSA-N__DMTBJDWFHXZAMC-UHFFFAOYSA-N,5.633360547994552
SLFSZEMYXCXDTP-UHFFFAOYSA-N__DFGITDBUCBJJKM-UHFFFAOYSA-N,-0.4763857781832212
QWICIPJLMOKTHE-UHFFFAOYSA-N__ODPIGFBZPXZTBX-UHFFFAOYSA-N,13.278379879161132
JIYRTPIPWPTZHD-UHFFFAOYSA-N__JQYHZGXMWTXIHW-UHFFFAOYSA-N,4.590690088621947
DLXWGLICLICZTB-UHFFFAOYSA-N__DQRSECXFNMOHGC-SECBINFHSA-N,-1.958946098554736
GVNMYVWNTDXLHO-UHFFFAOYSA-N__YBDVXOKBHXWAKU-GOSISDBHSA-N,6.970638286091908
YBDVXOKBHXWAKU-GOSISDBHSA-N__GVNMYVWNTDXLHO-UHFFFAOYSA-N,3.4055606157021043
RLJFRZDZOJCMSX-UHFFFAOYSA-N__GQLRQUMZKMWIKI-UHFFFAOYSA-N,-2.5568482247687707
GQLRQUMZKMWIKI-UHFFFAOYSA-N__RLJFRZDZOJCMSX-UHFFFAOYSA-N,6.236298635027287
UCSDOZNALKUZNA-UHFFFAOYSA-N__BWBGFVCFGLWGJL-UHFFFAOYSA-N,4.289284991040524
JTSHAUVRNHHGRR-UHFFFAOYSA-N__KUSZZAYHYGCDSD-UHFFFAOYSA-N,8.613247723347065
FTMTYMCSKYTRIN-UHFFFAOYSA-N__UOHCTSCRNDNHRV-UHFFFAOYSA-N,8.383576628270152
RAQJWDLPQCOQGB-UHFFFAOYSA-N__QLVPSTXFTUJMSD-UHFFFAOYSA-N,3.6355315364289846
YYKLNMJLILZBIY-UHFFFAOYSA-N__DSQXZPMDTXBDQY-UHFFFAOYSA-N,3.747889440661844
HXRCRTNWNRQXDS-UHFFFAOYSA-N__IASDVCCEFREEGR-UHFFFAOYSA-N,10.89654361853605
DSQXZPMDTXBDQY-UHFFFAOYSA-N__YYKLNMJLILZBIY-UHFFFAOYSA-N,3.626893944455959
DKZPJLZXLKAMDO-UHFFFAOYSA-N__KMBWSLQWLYHFMA-UHFFFAOYSA-N,6.129412798095438
HGGSUSHTVKFTRV-UHFFFAOYSA-N__QMTONHNTXMGMKG-UHFFFAOYSA-N,9.934086864481609
ZWVSLCBJAQVYIN-UHFFFAOYSA-N__XQVHGYYWXHAMMY-UHFFFAOYSA-N,6.242156814255547
KFGSWNLDPOSNCO-UHFFFAOYSA-N__MXMGDHSYHDDWAG-UHFFFAOYSA-N,4.909998555421626
SZXXFDFJNDDZFD-UHFFFAOYSA-N__NBSXBHSRHRLGFS-UHFFFAOYSA-N,3.558912541185644
NBSXBHSRHRLGFS-UHFFFAOYSA-N__SZXXFDFJNDDZFD-UHFFFAOYSA-N,1.2200277126620374
UOHCTSCRNDNHRV-UHFFFAOYSA-N__FTMTYMCSKYTRIN-UHFFFAOYSA-N,11.143908015911997
VDBZTLMXLLKXSQ-UHFFFAOYSA-N__WGLCQSZHXZLLOS-UHFFFAOYSA-N,4.016428127364642
ZXEPMMJYGJQWEF-UHFFFAOYSA-N__ORJZJHYMHICDLF-UHFFFAOYSA-N,10.268540587823535
HULBNAQIFDYAHC-UHFFFAOYSA-N__PKSKDAVDBVCHBA-UHFFFAOYSA-N,5.220726360507453
URIQNZKFOVBAFJ-UHFFFAOYSA-N__HYMQIPXNLXJGLW-UHFFFAOYSA-N,10.90033396339286
PKSKDAVDBVCHBA-UHFFFAOYSA-N__HULBNAQIFDYAHC-UHFFFAOYSA-N,10.28962233168211
HYMQIPXNLXJGLW-UHFFFAOYSA-N__URIQNZKFOVBAFJ-UHFFFAOYSA-N,10.678274821453698
AYFFRRDLLJNRGZ-UHFFFAOYSA-N__VRWYQUKQSXBHFU-UHFFFAOYSA-N,4.933315049977247
YLQOVIGUFOHJEY-UHFFFAOYSA-N__YCROGUBNTURABW-UHFFFAOYSA-N,8.525205446574063
YCROGUBNTURABW-UHFFFAOYSA-N__YLQOVIGUFOHJEY-UHFFFAOYSA-N,3.947279374415513
OJLPIQWYUDQABB-UHFFFAOYSA-N__MLKQYXLFQZWUMK-UHFFFAOYSA-N,7.634552387789293
NTZMQVVYFSEPMU-UHFFFAOYSA-N__RNNUOFCYZWXNHZ-UHFFFAOYSA-N,6.859536523189425
MVEFHNHAPPSJPX-UHFFFAOYSA-N__HMMWNUCWHICPID-UHFFFAOYSA-N,4.983106651741126
HKJRDTGYVDDKPE-UHFFFAOYSA-N__GNVOWOPSZBXEGE-UHFFFAOYSA-N,6.8378155433455845
YQSBKHQBFNCLIT-UHFFFAOYSA-N__CWVQZOCZTQBBOJ-UHFFFAOYSA-N,6.942886886622269
BOIYMQGHDAGAJF-UHFFFAOYSA-N__AKBZZBYAPFNTAC-UHFFFAOYSA-N,12.503252756938386
WMXQNKOHMPOHLR-UHFFFAOYSA-N__VPVRPHQWJKPSIS-UHFFFAOYSA-N,7.210577999905717
INOZXLWCGUIBOD-UHFFFAOYSA-N__XDOSMGMKPPNYGA-UHFFFAOYSA-N,7.07007225081092
XDOSMGMKPPNYGA-UHFFFAOYSA-N__INOZXLWCGUIBOD-UHFFFAOYSA-N,11.27702668538689
KRNXSGIGRZALEA-UHFFFAOYSA-N__PLTOJRWJSKXEIH-UHFFFAOYSA-N,3.588538318883802
HMMWNUCWHICPID-UHFFFAOYSA-N__MVEFHNHAPPSJPX-UHFFFAOYSA-N,6.797376975251
AKBZZBYAPFNTAC-UHFFFAOYSA-N__BOIYMQGHDAGAJF-UHFFFAOYSA-N,-1.510787891480783
ZVKXRIGJLOOOKL-UHFFFAOYSA-N__ZYGXXTPJXIUCAP-UHFFFAOYSA-N,10.014018005186257
ZYGXXTPJXIUCAP-UHFFFAOYSA-N__ZVKXRIGJLOOOKL-UHFFFAOYSA-N,2.700734127263468
MVZINEGKHDAMPB-UHFFFAOYSA-N__AIWICOGMBIREQD-UHFFFAOYSA-N,7.856959108515601
AIWICOGMBIREQD-UHFFFAOYSA-N__MVZINEGKHDAMPB-UHFFFAOYSA-N,13.300154171848686
FHNJKWMQXFPALO-UHFFFAOYSA-N__URTXSGIYCAGRNC-UHFFFAOYSA-N,9.49943552544202
HOFYHLYPQPACOY-UHFFFAOYSA-N__LBPFTPVRPJUARW-UHFFFAOYSA-N,2.6393159546663374
URTXSGIYCAGRNC-UHFFFAOYSA-N__FHNJKWMQXFPALO-UHFFFAOYSA-N,15.18138013423596
OTTFLADYRUPSKQ-UHFFFAOYSA-N__SXVMINIOWZFLGD-UHFFFAOYSA-N,5.126242857847347
OXZQOQGLADZJJB-UHFFFAOYSA-N__GHHBZHYLNIHHTK-UHFFFAOYSA-N,8.416261489437023
MURQTTKMXZHGGP-UHFFFAOYSA-N__JCCGSVLFSUENIN-UHFFFAOYSA-N,0.7818537424786577
AVTOABWQZOYUFM-UHFFFAOYSA-N__WFPCJINPTBQZLP-UHFFFAOYSA-N,3.3631444076375536
FGQLNZPHKIUTGP-UHFFFAOYSA-N__WJLWRHBAXNBTFY-UHFFFAOYSA-N,-1.408823601040222
LDKDHTMUVSYRPC-UHFFFAOYSA-N__WXLIVVHJOMZZBY-UHFFFAOYSA-N,11.740249404454772
YWFWYMGUOTXJFL-UHFFFAOYSA-N__RPKLDNWYRVIKTN-WEVVVXLNSA-N,7.341078793529997
ANMMCDHYCGLJLG-UHFFFAOYSA-N__SLCJTRZZQGSOSM-UHFFFAOYSA-N,-2.802991240804705
YLEJJHMRAODMMJ-UHFFFAOYSA-N__ABCLQVNKGUCRPI-UHFFFAOYSA-N,0.299097477724957
SLCJTRZZQGSOSM-UHFFFAOYSA-N__ANMMCDHYCGLJLG-UHFFFAOYSA-N,-5.557614557870387
ABCLQVNKGUCRPI-UHFFFAOYSA-N__YLEJJHMRAODMMJ-UHFFFAOYSA-N,10.216105257463086
DHJSAHCEPSJARP-UHFFFAOYSA-N__MEZSFGZCUVIHDO-UHFFFAOYSA-N,10.815502244037315
MGLJVTSHFDUBEY-UHFFFAOYSA-N__BBYBMGFDPVDYEX-UHFFFAOYSA-N,4.9420251092539065
BBYBMGFDPVDYEX-UHFFFAOYSA-N__MGLJVTSHFDUBEY-UHFFFAOYSA-N,6.77122102807102
VHNFBUMIDHAQET-UHFFFAOYSA-N__YXTACGRODXNFHA-UHFFFAOYSA-N,11.611875091891116
GNFOZDMBZQAJAD-UHFFFAOYSA-N__VMPZOOFMDJJRGY-UHFFFAOYSA-N,13.790425763149209
OLTUYNHUIUTXQU-UHFFFAOYSA-N__WRRHMGVNGCNEIP-UHFFFAOYSA-N,8.86132376957982
RDYVKVYIJLUUDR-UHFFFAOYSA-N__BREVMJAXZSXYBR-UHFFFAOYSA-N,3.4286006244174403
SQLLNLXUDIEULP-UHFFFAOYSA-N__LSPNMTMJXUVAOP-UHFFFAOYSA-N,6.300074386722857
WPYFEGCIGBPOGA-UHFFFAOYSA-N__XFEHNWCQKNYKSN-UHFFFAOYSA-N,7.032019878683621
UTKJVVJFKMEISU-UHFFFAOYSA-N__YFWRAADDPCQMPB-UHFFFAOYSA-N,10.70974995174537
CGUWQFZEDDPJTD-UHFFFAOYSA-N__VRIFUMYCXQNTMC-UHFFFAOYSA-N,7.310799270876624
VRIFUMYCXQNTMC-UHFFFAOYSA-N__CGUWQFZEDDPJTD-UHFFFAOYSA-N,7.83057864437293
GLNGBIRVXPEKBQ-UHFFFAOYSA-N__AJLZSDKFTNCEQF-UHFFFAOYSA-N,5.540766715199312
NQSSFYDUPWFZSN-UHFFFAOYSA-N__JHJXBLPQJRIPNV-MRXNPFEDSA-N,9.811169956654922
STFXJGPMUYNYTH-UHFFFAOYSA-N__FXTIPUZGQMKTRL-UHFFFAOYSA-N,6.014816698534502
FXTIPUZGQMKTRL-UHFFFAOYSA-N__STFXJGPMUYNYTH-UHFFFAOYSA-N,5.346363140433607
NOOMAVJZAMMASJ-UHFFFAOYSA-N__HIPATHRNTZYBNU-UHFFFAOYSA-N,7.070458967769044
HIPATHRNTZYBNU-UHFFFAOYSA-N__NOOMAVJZAMMASJ-UHFFFAOYSA-N,3.836829577188088
BCYUAOPTCDHWLR-UHFFFAOYSA-N__SFHXMRIDGLQENC-UHFFFAOYSA-N,5.994071865772151
ZSGPRBJUOLPNAQ-UHFFFAOYSA-N__GLJJPKUXBBTQIS-UHFFFAOYSA-N,0.2666812458431134
SFHXMRIDGLQENC-UHFFFAOYSA-N__BCYUAOPTCDHWLR-UHFFFAOYSA-N,-0.3976759019643722
PEINEEORQZUANY-UHFFFAOYSA-N__KTPBYZZZMUTNAG-YFKPBYRVSA-N,3.294059540270096
HVGQWIGNDNADOZ-UHFFFAOYSA-N__IIFIJOJMAOZESJ-UHFFFAOYSA-N,2.4346814329499
YTYBFHJWNCFEAZ-UHFFFAOYSA-N__CUELOMGXAQWIOI-UHFFFAOYSA-N,9.22423828506303
QWDYSUTZONPXFG-UHFFFAOYSA-N__QBVSWFTTYOWICW-UHFFFAOYSA-N,8.171840095209454
HEYFECCMIJYOAV-UHFFFAOYSA-N__RYRIZXCFBWRTDL-UHFFFAOYSA-N,5.97571317532973
WACXFLHJARKXGH-UHFFFAOYSA-N__GIBPHNTVTBHYSW-UHFFFAOYSA-N,5.591130911661964
JKVTUMUVHCCEBR-UHFFFAOYSA-N__XCUIMIVUODJNFC-UHFFFAOYSA-N,6.204101106860777
STHLEBCGHVTWKY-UHFFFAOYSA-N__KPUUYYAGYIRDTI-UHFFFAOYSA-N,8.43653805673167
RCQITXPRYIPCFG-UHFFFAOYSA-N__PCFGJASOYDDRRH-UHFFFAOYSA-N,10.816254290279817
PCFGJASOYDDRRH-UHFFFAOYSA-N__RCQITXPRYIPCFG-UHFFFAOYSA-N,3.2721164795671243
XCUIMIVUODJNFC-UHFFFAOYSA-N__JKVTUMUVHCCEBR-UHFFFAOYSA-N,10.982861053375276
KPUUYYAGYIRDTI-UHFFFAOYSA-N__STHLEBCGHVTWKY-UHFFFAOYSA-N,15.40878592723192
GIBPHNTVTBHYSW-UHFFFAOYSA-N__WACXFLHJARKXGH-UHFFFAOYSA-N,6.295232164623114
MHYFIUGBWOXAEK-UHFFFAOYSA-N__VTWYYHGOPIRKII-UHFFFAOYSA-N,-1.646879758005386
JDIFSYUUMVHRFN-UHFFFAOYSA-N__JCDSMXYRMVCHEI-UHFFFAOYSA-N,11.119739208492842
JCDSMXYRMVCHEI-UHFFFAOYSA-N__JDIFSYUUMVHRFN-UHFFFAOYSA-N,9.036228212795848
BKAYIFUQHDVSBW-UHFFFAOYSA-N__KQZWMTFFBPFIDB-UHFFFAOYSA-N,1.5790069187898907
CBZJBHDYJOVQIL-UHFFFAOYSA-N__YZIABQVJDGVQIC-UHFFFAOYSA-N,4.735612548187404
ZSPWPYYQVIEZSO-UHFFFAOYSA-N__PTKSNUAQEDOPBN-UHFFFAOYSA-N,5.368344086727426
XTFOGRLQTPJTST-UHFFFAOYSA-N__YKGKSQIRQBMGQW-UHFFFAOYSA-N,11.039156617969551
OPILHVLGFJPSED-UHFFFAOYSA-N__XOOWSSLCPWKYIZ-UHFFFAOYSA-N,7.689591988332015
YKGKSQIRQBMGQW-UHFFFAOYSA-N__XTFOGRLQTPJTST-UHFFFAOYSA-N,10.72963091827253
IIVOXPOZSFRJJA-UHFFFAOYSA-N__KQAUAFWCMJPUBJ-UHFFFAOYSA-N,7.221466706873877
KQAUAFWCMJPUBJ-UHFFFAOYSA-N__IIVOXPOZSFRJJA-UHFFFAOYSA-N,1.0255914518185405
PMHKKGFWTOPLNZ-UHFFFAOYSA-N__OCBYREKCVBKXGB-UHFFFAOYSA-N,4.257856843490041
IHTJPXZENHTSGO-UHFFFAOYSA-N__JACMQEWGFCTHQP-UHFFFAOYSA-N,6.7771071090603
QMWVGJAFMIYQSZ-UHFFFAOYSA-N__QBRBYBJAXDZUNY-UHFFFAOYSA-N,4.936680931896619
QBRBYBJAXDZUNY-UHFFFAOYSA-N__QMWVGJAFMIYQSZ-UHFFFAOYSA-N,9.058520950311314
OCBYREKCVBKXGB-UHFFFAOYSA-N__PMHKKGFWTOPLNZ-UHFFFAOYSA-N,3.853303194102652
PJSUBVBFSZNFNA-UHFFFAOYSA-N__OVVKSORWFCMWMI-UHFFFAOYSA-N,6.875944308307572
KEHFKYAZBITLRP-UHFFFAOYSA-N__LYZNSINPFCCOLQ-UHFFFAOYSA-N,8.822324717322168
XOTLVDQDGNGBCG-UHFFFAOYSA-N__FOJQYHSEXFSISE-UHFFFAOYSA-N,-2.8780400925401395
XZFTVHRXJBHJMS-UHFFFAOYSA-N__XULCDCYXCVQTPS-UHFFFAOYSA-N,3.498364445646471
HYDMAORXQDQKDE-UHFFFAOYSA-N__WTYQIEINANPHHL-UHFFFAOYSA-N,11.453783786287264
IPPAHYCJFKIFHC-UHFFFAOYSA-N__UOHIQZBFOLANRK-UHFFFAOYSA-N,7.433486810721351
HNSUOUHQLBUGCY-UHFFFAOYSA-N__VGDKPDRCJSXRFZ-UHFFFAOYSA-N,2.136339951539307
ZWBQVNKOTABOHO-UHFFFAOYSA-N__JVYZECBWMKOQQM-UHFFFAOYSA-N,8.135995897507351
WZPLLQICCWUSRM-UHFFFAOYSA-N__MVBAAKZZSOLSEF-UHFFFAOYSA-N,8.711507524388448
VZQOMSBEYDDYHU-UHFFFAOYSA-N__SAZLWAWNLMDMFS-UHFFFAOYSA-N,12.746675551453649
VIVNYBYHXLEBOF-UHFFFAOYSA-N__DQDFAOZADLZRPA-UHFFFAOYSA-N,1.952821670571484
ONDXSVCOCBRICK-UHFFFAOYSA-N__WKZYJRKGQZCCCW-UHFFFAOYSA-N,1.3907705457141282
RFPMTAUCGYUYFU-UHFFFAOYSA-N__VAXIQAJDFVMJQG-UHFFFAOYSA-N,11.88786624520803
CQYWOCAEYGEVDK-UHFFFAOYSA-N__MPLVRSSNASETMF-UHFFFAOYSA-N,-3.529257030725119
XYLBZYALEGKEAK-UHFFFAOYSA-N__MNOHXUQUPLUEMI-UHFFFAOYSA-N,-1.3910363617946426
VPOQDJQPYXPKIL-UHFFFAOYSA-N__PBLUIZVBQXORHD-UHFFFAOYSA-N,0.6919096499940226
PBLUIZVBQXORHD-UHFFFAOYSA-N__VPOQDJQPYXPKIL-UHFFFAOYSA-N,2.302248529337883
PVTFHIHMOWKJGF-UHFFFAOYSA-N__WZXOMAISDKZWBJ-UHFFFAOYSA-N,10.818059558872797
MNOHXUQUPLUEMI-UHFFFAOYSA-N__XYLBZYALEGKEAK-UHFFFAOYSA-N,-2.39297178202319
WZXOMAISDKZWBJ-UHFFFAOYSA-N__PVTFHIHMOWKJGF-UHFFFAOYSA-N,7.893952346239758
XNQQPRSQAKQWLI-UHFFFAOYSA-N__QKVUHKJGSXEFQN-UHFFFAOYSA-N,4.162922003849291
DXZTXJCGUZLNQJ-UHFFFAOYSA-N__MPNRETCKPLHKBY-UHFFFAOYSA-N,8.919912481087092
DTKQQRBQNSXSQU-UHFFFAOYSA-N__GMGWXEAVYWEXLE-UHFFFAOYSA-N,3.491714064987857
ZAPCMFBYJDQISV-UHFFFAOYSA-N__QTFDJJFYMFESDY-UHFFFAOYSA-N,4.267918769526587
QTFDJJFYMFESDY-UHFFFAOYSA-N__ZAPCMFBYJDQISV-UHFFFAOYSA-N,2.487176482447245
LTKBTRCMRQMDDA-UHFFFAOYSA-N__MGXGHUYBTSQJGQ-UHFFFAOYSA-N,5.47159304640677
USHVJRLCVVDURF-UHFFFAOYSA-N__ZFIUYKSKPXAULM-UHFFFAOYSA-N,12.10129769154168
MGXGHUYBTSQJGQ-UHFFFAOYSA-N__LTKBTRCMRQMDDA-UHFFFAOYSA-N,8.95523360851773
ZFIUYKSKPXAULM-UHFFFAOYSA-N__USHVJRLCVVDURF-UHFFFAOYSA-N,7.358034626471748
WVQCECPSTDMEEN-UHFFFAOYSA-N__DVFWXGCPOLEETF-UHFFFAOYSA-N,10.00032039547951
IWPXCJDKYICODJ-UHFFFAOYSA-N__UBTQLOXJBXXWQZ-UHFFFAOYSA-N,4.757088602673051
CUIUBSWUFRYLSI-UHFFFAOYSA-N__NWNYQZLMYPFVHB-UHFFFAOYSA-N,3.3432723483548026
KIONBQPJVUNHHQ-UHFFFAOYSA-N__MEIQBVDXUMVDLL-UHFFFAOYSA-N,0.8647527297654334
MXWLKRSJJWPJHK-UHFFFAOYSA-N__GALWJLPRTIKQGF-UHFFFAOYSA-N,6.280323951558253
LJJSAUGILSYHJJ-UHFFFAOYSA-N__QIVHSSJTZQFCJY-UHFFFAOYSA-N,2.591612666438262
QIVHSSJTZQFCJY-UHFFFAOYSA-N__LJJSAUGILSYHJJ-UHFFFAOYSA-N,16.440922944191843
DDCSSJUWHIMEGG-UHFFFAOYSA-N__LMSRKZURJSYGDA-UHFFFAOYSA-N,7.108498263995632
FAOPEZOUBVCZBN-UHFFFAOYSA-N__UDHZIWDDJMCVFO-UHFFFAOYSA-N,3.9923226076302414
VEGCSPAUOSUYPY-UHFFFAOYSA-N__TUDHXLAUESUBNG-UHFFFAOYSA-N,1.0261309298338903
MUOQJAYAOJKWMD-UHFFFAOYSA-N__HWFFTNDPWLYPHD-UHFFFAOYSA-N,6.52331741563737
MRHMYTTVDDDRIV-UHFFFAOYSA-N__KNIGIFWBHGECDA-UHFFFAOYSA-N,6.436079901123756
HWFFTNDPWLYPHD-UHFFFAOYSA-N__MUOQJAYAOJKWMD-UHFFFAOYSA-N,7.4050116316721235
RSNRPGHTDKZUQU-UHFFFAOYSA-N__SOHYRCHUMAACKX-UHFFFAOYSA-N,5.507119451945468
SOHYRCHUMAACKX-UHFFFAOYSA-N__RSNRPGHTDKZUQU-UHFFFAOYSA-N,1.3092223442501092
LNLSEGWIZAKLME-UHFFFAOYSA-N__XYFJHLOIGSMGHA-UHFFFAOYSA-N,3.994572206516882
XYFJHLOIGSMGHA-UHFFFAOYSA-N__LNLSEGWIZAKLME-UHFFFAOYSA-N,6.40248233194271
FLXZZJQYKMSDFA-UHFFFAOYSA-N__GQCSIGQTUGZMPY-UHFFFAOYSA-N,2.3106168832853484
SFNLDLRNFOMNET-UHFFFAOYSA-N__BQDQUUUHKGBDOL-UHFFFAOYSA-N,4.108238795098555
GQCSIGQTUGZMPY-UHFFFAOYSA-N__FLXZZJQYKMSDFA-UHFFFAOYSA-N,-1.6898493533748289
ROPFBQOUBOSRKA-UHFFFAOYSA-N__QMKWMYSSTULKBP-UHFFFAOYSA-N,5.837076772099004
NDJDPYJQAMNXIR-UHFFFAOYSA-N__WZHLDBLXWXLLBU-UHFFFAOYSA-N,7.60883569295254
YIFLZAJLTNQFPV-UHFFFAOYSA-N__DADFGOCSPIHMEH-UHFFFAOYSA-N,1.965469791840721
YWGXYQSRNDUSIP-UHFFFAOYSA-N__MACJMJIASRJROC-UHFFFAOYSA-N,4.93284358824722
VTHHTFXWJSSCGK-UHFFFAOYSA-N__GMFQMUOJMDZOIW-UHFFFAOYSA-N,9.273032991131515
DHFUDTLQBCIERU-UHFFFAOYSA-N__ZDUVXWGBYCXJDY-UHFFFAOYSA-N,8.255436873499326
XUQFTLWGYXQMCI-UHFFFAOYSA-N__QYZKIFBHCOCVKR-UHFFFAOYSA-N,9.874851475487416
ZDUVXWGBYCXJDY-UHFFFAOYSA-N__DHFUDTLQBCIERU-UHFFFAOYSA-N,6.350703177647265
QYZKIFBHCOCVKR-UHFFFAOYSA-N__XUQFTLWGYXQMCI-UHFFFAOYSA-N,4.409404463322084
QPEJGSJGZZOLIQ-UHFFFAOYSA-N__IHXJDAIPSTWBTR-UHFFFAOYSA-N,5.43819753956009
WVIQFOCEIZPVHZ-UHFFFAOYSA-N__MKWTXEDPTROTQV-UHFFFAOYSA-N,7.125734606828666
VIXUZOFCNQPHJK-UHFFFAOYSA-N__VEWHOIWZDHMAAT-UHFFFAOYSA-N,2.801672160212024
VTEVBWVYIUJJRC-UHFFFAOYSA-N__SAOZQNDHZBNLCQ-UHFFFAOYSA-N,8.436266722143223
NFXCXUXDILQMSH-UHFFFAOYSA-N__JXCXFRYQJCNOJK-UHFFFAOYSA-N,6.059492987693741
QPJLYNONWURNPS-UHFFFAOYSA-N__OYLVZGKOBVQWLK-UHFFFAOYSA-N,1.158146195921614
QQGJOICGRLDADT-UHFFFAOYSA-N__QQENFNCFPSEFJK-UHFFFAOYSA-N,0.8936944597428635
JXCXFRYQJCNOJK-UHFFFAOYSA-N__NFXCXUXDILQMSH-UHFFFAOYSA-N,10.486344031626349
QQENFNCFPSEFJK-UHFFFAOYSA-N__QQGJOICGRLDADT-UHFFFAOYSA-N,3.1413597488943323
MODBRVQELQSKFE-UHFFFAOYSA-N__XBUHYTXQIKNGFY-UHFFFAOYSA-N,4.68425673230379
UIUPYSXLLBSYIL-UHFFFAOYSA-N__SUIMVZRMRCGQCR-UHFFFAOYSA-N,4.332671811662898
GASAFKIJKKCDDQ-UHFFFAOYSA-N__AJMXLXCPRXXIJE-UHFFFAOYSA-N,0.1845159103193299
WMACJWISXOENBZ-UHFFFAOYSA-N__WKYXMJKNCYTCID-UHFFFAOYSA-N,9.748589439634388
XBUHYTXQIKNGFY-UHFFFAOYSA-N__MODBRVQELQSKFE-UHFFFAOYSA-N,10.069232051232554
BVMCCUFLHHCDRI-UHFFFAOYSA-N__OZLIUQHLIFOSOZ-UHFFFAOYSA-N,-1.6925929659269925
WKYXMJKNCYTCID-UHFFFAOYSA-N__WMACJWISXOENBZ-UHFFFAOYSA-N,1.8864842285707264
ZOQGTNLWBZRQOU-UHFFFAOYSA-N__CPEBFEUMAFPORF-UHFFFAOYSA-N,4.053376538871406
AJMXLXCPRXXIJE-UHFFFAOYSA-N__GASAFKIJKKCDDQ-UHFFFAOYSA-N,6.81039407011509
JHOYVGJSJSBIAI-UHFFFAOYSA-N__BSLJNNWSMWRYQL-UHFFFAOYSA-N,14.608925013610351
AGFLIUIEUMXSEY-UHFFFAOYSA-N__GDHUQSXHDMHLGE-UHFFFAOYSA-N,9.709182084920242
RROOAGSDDXQRDC-UHFFFAOYSA-N__MUBUUMMWHIRGSB-UHFFFAOYSA-N,5.908527974783445
KRUBYTQCRHPBOY-UHFFFAOYSA-N__SZXMDUKWIYIKKS-UHFFFAOYSA-N,3.92665769885862
FXHNAZJAHQXVJD-UHFFFAOYSA-N__XMWIBSFUSZJUQB-UHFFFAOYSA-N,7.129916534644177
XMWIBSFUSZJUQB-UHFFFAOYSA-N__FXHNAZJAHQXVJD-UHFFFAOYSA-N,6.607695650334582
YJYJQZLQOKWJQQ-UHFFFAOYSA-N__ZQRJNHGYCFEBEC-UHFFFAOYSA-N,1.1465196188461504
CODAPJXFLWFLGQ-UHFFFAOYSA-N__ZLHUKJBAPORKRA-UHFFFAOYSA-N,2.8361440724145
LEEJOSQNRDBNNT-UHFFFAOYSA-N__QCMIEJLFSATVJC-UHFFFAOYSA-N,9.894449409698858
QCMIEJLFSATVJC-UHFFFAOYSA-N__LEEJOSQNRDBNNT-UHFFFAOYSA-N,10.54003714619608
RVBJTGLFFOFCIG-UHFFFAOYSA-N__WOKFMALQCCXLBF-UHFFFAOYSA-N,4.301303132633409
OLZIQYPCOJRLDU-UHFFFAOYSA-N__GTEDIHSWLNJNOG-UHFFFAOYSA-N,4.495935636357372
ATJNHJABWJCPQV-UHFFFAOYSA-N__WTPCEMVXJKMFNZ-UHFFFAOYSA-N,6.2746767491140645
WOKFMALQCCXLBF-UHFFFAOYSA-N__RVBJTGLFFOFCIG-UHFFFAOYSA-N,1.8185093006502968
CTMWFKNUCSIZRZ-UHFFFAOYSA-N__BSRAJLXFAMXEAW-UHFFFAOYSA-N,3.398078484454909
NOYLFISDUDXNOZ-UHFFFAOYSA-N__ZTTMCZCWMIUQEC-UHFFFAOYSA-N,6.856854446222232
RWRKXAFRRYLJDT-UHFFFAOYSA-N__ZGOISIVITVYZHS-UHFFFAOYSA-N,6.063348101173392
SMOKTPABSAHPQW-UHFFFAOYSA-N__KFLSHRZTMUUPCJ-UHFFFAOYSA-N,-0.5118400044874598
PNZIXISEXCPEQV-UHFFFAOYSA-N__GILIOSKZFBSGEY-UHFFFAOYSA-N,7.081773309712401
HUUKKJQRNBUNTE-UHFFFAOYSA-N__JTBBVYPXDZQPJI-UHFFFAOYSA-N,0.3047040440812636
KBZACBLESNEGAG-UHFFFAOYSA-N__CGTLKTYHAVGTOI-UHFFFAOYSA-N,-3.734743483923761
GILIOSKZFBSGEY-UHFFFAOYSA-N__PNZIXISEXCPEQV-UHFFFAOYSA-N,8.455500174584357
CGTLKTYHAVGTOI-UHFFFAOYSA-N__KBZACBLESNEGAG-UHFFFAOYSA-N,9.86964379012759
WUNLWTJXZJGLRZ-UHFFFAOYSA-N__MHLGMBQJMKRTOH-UHFFFAOYSA-N,5.582384759272436
MHLGMBQJMKRTOH-UHFFFAOYSA-N__WUNLWTJXZJGLRZ-UHFFFAOYSA-N,7.80441525554862
LGLKLPKJWRKLKH-UHFFFAOYSA-N__ZKICESLVDZXWOY-UHFFFAOYSA-N,10.833771966619445
KNYXIVVTLRXFGC-UHFFFAOYSA-N__ZDCNWNJMCTVNCE-UHFFFAOYSA-N,4.653271730025407
BWDJMAFZVGNCFX-UHFFFAOYSA-N__UOZMVCOBTPIPKT-UHFFFAOYSA-N,9.338972583277906
CZSNLSBTKWNIOK-UHFFFAOYSA-N__GIJKNSZMUDKAAR-UHFFFAOYSA-N,0.1824045536751061
GIJKNSZMUDKAAR-UHFFFAOYSA-N__CZSNLSBTKWNIOK-UHFFFAOYSA-N,8.363471160403666
ZGYRZKJMZUCAFN-UHFFFAOYSA-N__BDUFOVWZBTVLPY-UHFFFAOYSA-N,9.6516363156604
JQHVSTAXVSMGTM-UHFFFAOYSA-N__SZVYIBYKEXGYRW-UHFFFAOYSA-N,4.279595841639846
SZVYIBYKEXGYRW-UHFFFAOYSA-N__JQHVSTAXVSMGTM-UHFFFAOYSA-N,5.40271790203048
GKXMWERDCUFMMP-UHFFFAOYSA-N__HCEPWGGLBHMLDF-UHFFFAOYSA-N,2.7522236761581
LALDKMSPAFYEPL-UHFFFAOYSA-N__QWSCAVAIXCDYQT-UHFFFAOYSA-N,9.614460829382084
RPVKHLCBJAIINQ-UHFFFAOYSA-N__CVNRWJPNNAPGIN-UHFFFAOYSA-N,8.521312431523501
HPNAZYWIWZFSEU-UHFFFAOYSA-N__RMRLJCJJFCTTFO-UHFFFAOYSA-N,9.011351622910436
CVNRWJPNNAPGIN-UHFFFAOYSA-N__RPVKHLCBJAIINQ-UHFFFAOYSA-N,10.374251410638772
RMRLJCJJFCTTFO-UHFFFAOYSA-N__HPNAZYWIWZFSEU-UHFFFAOYSA-N,6.024639651643709
ORGBUOFMDHPPIX-UHFFFAOYSA-N__JYYGAYMKLPATTC-UHFFFAOYSA-N,5.004552341538517
AKYBLDOEOOXQLW-UHFFFAOYSA-N__GXKIEWOTSXPALE-UHFFFAOYSA-N,4.761325136005241
HLTAUXFSEAKJSW-UHFFFAOYSA-N__FKVJWQULLFSIOJ-UHFFFAOYSA-N,10.452037320746262
YNZXJLYNLGQWDV-UHFFFAOYSA-N__KRDZXNQOTDTNPW-UHFFFAOYSA-N,4.7689906765727015
KEVMLTMZWWFBBN-UHFFFAOYSA-N__MMELJSLRWOIQKG-UHFFFAOYSA-N,6.140099081751021
KRDZXNQOTDTNPW-UHFFFAOYSA-N__YNZXJLYNLGQWDV-UHFFFAOYSA-N,7.692607658820173
LGBYSVSXAUFNPZ-UHFFFAOYSA-N__SUSUAOFLAPZURE-UHFFFAOYSA-N,12.958817494222709
