{
  "n": 1627,
  "feature_comparison": {
    "desc63": {
      "MAE": 2.681315676852138,
      "RMSE": 3.572530138390261,
      "R2": 0.6555380123036553
    },
    "desc63+cat": {
      "MAE": 2.68618293142985,
      "RMSE": 3.5754579072447346,
      "R2": 0.6549731922538028
    }
  },
  "category_feature_delta_mae": -0.004867254577712199,
  "applicability_domain": {
    "aromatic_carbo": {
      "n": 1007,
      "MAE": 2.4996970270394887,
      "RMSE": 3.395609322629713,
      "dG_median": 5.1826
    },
    "aromatic_hetero": {
      "n": 620,
      "MAE": 2.976299516144619,
      "RMSE": 3.8425631914588063,
      "dG_median": 4.8891
    }
  }
}