{
  "model": "xgb",
  "params": {
    "n_estimators": 1100,
    "max_depth": 4,
    "learning_rate": 0.032066460705936654,
    "subsample": 0.7637091045302652,
    "colsample_bytree": 0.8673890146609609,
    "reg_lambda": 5.193271584657763,
    "reg_alpha": 0.040819772055455124,
    "min_child_weight": 5
  },
  "target": "dG_orca_kcal",
  "n_samples": 1635,
  "n_features": 63,
  "folds": 5,
  "repeats": 3,
  "trials": 80,
  "cv_xtb_baseline": {
    "MAE": 12.849625504587156,
    "RMSE": 13.371816894933422,
    "R2": -6.640950494979771
  },
  "cv_delta_learning": {
    "MAE": 2.290573618281653,
    "RMSE": 3.1266767536444093,
    "R2": 0.582234556495463
  },
  "feature_medians": {
    "MW": 366.501,
    "ExactMW": 366.146724,
    "LogP": 3.4063,
    "MolMR": 94.1709,
    "TPSA": 63.08,
    "HBD": 1.0,
    "HBA": 4.0,
    "RotBonds": 4.0,
    "ArRings": 2.0,
    "ArHetRings": 1.0,
    "AlRings": 1.0,
    "Rings": 3.0,
    "Heteroatoms": 7.0,
    "FractionCSP3": 0.272727,
    "BertzCT": 867.257924,
    "Chi0v": 14.755797,
    "Chi1v": 8.577651,
    "Kappa1": 17.700797,
    "Kappa2": 6.899849,
    "LabuteASA": 149.977063,
    "NumStereocenters": 0.0,
    "gasteiger_CHO_C": 0.152579,
    "gasteiger_CHO_O": -0.29778,
    "gasteiger_maxpos": 0.264294,
    "gasteiger_minneg": -0.396031,
    "xtb_energy": -75.592243227787,
    "xtb_HOMO": -10.3745,
    "xtb_LUMO": -8.1892,
    "xtb_gap": 2.2295,
    "xtb_IP": 7.599,
    "xtb_EA": 1.0518,
    "xtb_mu": -4.31555,
    "xtb_eta": 3.28585,
    "xtb_omega": 2.85617,
    "xtb_dipole": 5.111,
    "mulliken_CHO_C": 0.205505,
    "mulliken_CHO_O": -0.343034,
    "fukui_plus_CHO_C": 0.034816,
    "fukui_minus_CHO_C": 0.003204,
    "fukui_0_CHO_C": 0.018867,
    "dual_descriptor_CHO_C": 0.031491,
    "wbo_CO": 1.847098,
    "xtb_alpha0": 239.6568,
    "xtb_C6": 24258.27,
    "pa_CHO_O": 55.25315,
    "vbur_CHO_C": 46.2326,
    "sterimol_L": 9.451,
    "sterimol_B1": 2.1975,
    "sterimol_B5": 8.312,
    "SASA_total": 568.149,
    "P_int": 19.6979,
    "wfn_HOMO": -10.374485,
    "wfn_LUMO": -8.189209,
    "wfn_gap": 2.229447,
    "adch_CHO_C": 0.098897,
    "adch_CHO_O": -0.329708,
    "adch_fukui_plus_CHO_C": 0.062644,
    "adch_fukui_minus_CHO_C": 0.017348,
    "adch_fukui_minus_CHO_O": 0.086417,
    "qtaim_rho_CO": 0.394899,
    "qtaim_lap_CO": -0.107892,
    "qtaim_ell_CO": 0.164015,
    "dG_xtb_kcal": -7.9404
  }
}