{
  "model": "xgb",
  "target": "dG_orca_kcal",
  "baseline": "dG_gxtb_kcal",
  "n_samples": 4120,
  "n_pairs": 2062,
  "n_features": 150,
  "folds": 5,
  "repeats": 20,
  "cv_delta_learning": {
    "MAE": 2.9656021523410643,
    "RMSE": 4.0273570153613205,
    "R2": 0.7502998840348603
  },
  "cv_gxtb_baseline": {
    "MAE": 5.334864613276553,
    "RMSE": 6.966431457392213,
    "R2": 0.25286476198707963
  },
  "cv_xtb_baseline": {
    "MAE": 16.237337614223787,
    "RMSE": 17.118242074561653,
    "R2": -3.511249119386423
  },
  "frozen_holdout_candidates_v3": {
    "n_train": 3281,
    "n_test": 29,
    "delta": {
      "MAE": 3.398351387486561,
      "RMSE": 4.243894050620759,
      "R2": 0.8424766975462101
    },
    "gxtb_baseline": {
      "MAE": 5.315198304509104,
      "RMSE": 7.330420757897835,
      "R2": 0.5300263071920199
    }
  },
  "feature_medians": {
    "donor_G_xtb": -74.96276954990549,
    "donor_G_gxtb": -1443.0534654924274,
    "donor_xtb_energy": -75.2449765872235,
    "donor_xtb_HOMO": -10.39895,
    "donor_xtb_LUMO": -7.974600000000001,
    "donor_xtb_gap": 2.3733500000000003,
    "donor_xtb_IP": 7.654400000000001,
    "donor_xtb_EA": 0.8137,
    "donor_xtb_mu": -4.185525,
    "donor_xtb_eta": 3.4284,
    "donor_xtb_omega": 2.6096304999999997,
    "donor_xtb_dipole": 5.117,
    "donor_mulliken_CHO_C": 0.207982,
    "donor_mulliken_CHO_O": -0.329593,
    "donor_fukui_plus_CHO_C": 0.036675,
    "donor_fukui_minus_CHO_C": 0.002069,
    "donor_fukui_0_CHO_C": 0.019473,
    "donor_dual_descriptor_CHO_C": 0.034181,
    "donor_wbo_CO": 1.8854354999999998,
    "donor_pa_CHO_O": 53.8609,
    "donor_vbur_CHO_C": 50.3532,
    "donor_sterimol_L": 8.2308,
    "donor_sterimol_B1": 2.208,
    "donor_sterimol_B5": 8.552900000000001,
    "donor_SASA_total": 553.3054999999999,
    "donor_P_int": 19.648049999999998,
    "donor_bde_gxtb_kcal": 78.979,
    "acceptor_G_xtb": -74.96276954990549,
    "acceptor_G_gxtb": -1443.0534654924274,
    "acceptor_xtb_energy": -75.2449765872235,
    "acceptor_xtb_HOMO": -10.39895,
    "acceptor_xtb_LUMO": -7.97485,
    "acceptor_xtb_gap": 2.37405,
    "acceptor_xtb_IP": 7.654400000000001,
    "acceptor_xtb_EA": 0.8134,
    "acceptor_xtb_mu": -4.1854,
    "acceptor_xtb_eta": 3.42855,
    "acceptor_xtb_omega": 2.609253,
    "acceptor_xtb_dipole": 5.1129999999999995,
    "acceptor_mulliken_CHO_C": 0.207948,
    "acceptor_mulliken_CHO_O": -0.329539,
    "acceptor_fukui_plus_CHO_C": 0.036675,
    "acceptor_fukui_minus_CHO_C": 0.0020815,
    "acceptor_fukui_0_CHO_C": 0.019479000000000003,
    "acceptor_dual_descriptor_CHO_C": 0.034182000000000004,
    "acceptor_wbo_CO": 1.885449,
    "acceptor_pa_CHO_O": 53.8791,
    "acceptor_vbur_CHO_C": 50.3535,
    "acceptor_sterimol_L": 8.2314,
    "acceptor_sterimol_B1": 2.2105,
    "acceptor_sterimol_B5": 8.534,
    "acceptor_SASA_total": 553.2994,
    "acceptor_P_int": 19.648049999999998,
    "acceptor_bde_gxtb_kcal": 78.9805,
    "xtb_energy": -146.49274400775948,
    "xtb_HOMO": -9.9667,
    "xtb_LUMO": -8.04415,
    "xtb_gap": 1.91125,
    "xtb_IP": 6.8956,
    "xtb_EA": 1.29075,
    "xtb_mu": -4.0680250000000004,
    "xtb_eta": 2.7954499999999998,
    "xtb_omega": 3.0011145,
    "xtb_dipole": 7.010999999999999,
    "mulliken_ketC": 0.21893400000000002,
    "mulliken_ketO": -0.3624265,
    "mulliken_carbC": 0.093835,
    "mulliken_hydO": -0.4407055,
    "mulliken_hydH": 0.318284,
    "wbo_CO_ket": 1.827088,
    "wbo_CC_new": 0.9532625,
    "wbo_CO_carb": 1.009947,
    "fukui_plus_ketC": 0.030303,
    "fukui_minus_ketC": 0.001824,
    "fukui_0_ketC": 0.016294,
    "dual_ketC": 0.0283635,
    "fukui_plus_carbC": -0.0022259999999999997,
    "fukui_minus_carbC": -5.5e-06,
    "fukui_0_carbC": -0.0010630000000000001,
    "dual_carbC": -0.002275,
    "pa_ketO": 60.1078,
    "vbur_ketC": 76.4195,
    "vbur_carbC": 75.0402,
    "sterimol_L": 8.627749999999999,
    "sterimol_B1": 2.91,
    "sterimol_B5": 11.03005,
    "SASA_total": 890.2056,
    "P_int": 22.00725,
    "hb_dist": 2.13475,
    "hb_angle": 112.51755,
    "dih_core": -1.1437499999999998,
    "bde_gxtb_kcal": 45.167,
    "product_MW": 704.8005,
    "product_LogP": 5.551159999999999,
    "product_TPSA": 141.36,
    "product_HBD": 3.0,
    "product_HBA": 9.0,
    "product_RotBonds": 11.0,
    "product_ArRings": 3.0,
    "product_ArHetRings": 1.0,
    "product_AlRings": 1.0,
    "product_Rings": 5.0,
    "product_Heteroatoms": 14.0,
    "product_FractionCSP3": 0.362669,
    "product_BertzCT": 1877.642085,
    "product_Kappa2": 14.451012,
    "product_NumStereocenters": 3.0,
    "product_n_CHO": 0.0,
    "donor_MW": 365.98699999999997,
    "donor_LogP": 3.02265,
    "donor_TPSA": 67.19,
    "donor_HBD": 1.0,
    "donor_HBA": 4.0,
    "donor_RotBonds": 5.0,
    "donor_ArRings": 2.0,
    "donor_ArHetRings": 0.0,
    "donor_AlRings": 1.0,
    "donor_Rings": 2.0,
    "donor_Heteroatoms": 7.0,
    "donor_FractionCSP3": 0.333333,
    "donor_BertzCT": 799.387909,
    "donor_Kappa2": 7.160889,
    "donor_NumStereocenters": 1.0,
    "donor_n_CHO": 1.0,
    "acceptor_MW": 365.60900000000004,
    "acceptor_LogP": 3.02265,
    "acceptor_TPSA": 67.22,
    "acceptor_HBD": 1.0,
    "acceptor_HBA": 4.0,
    "acceptor_RotBonds": 5.0,
    "acceptor_ArRings": 2.0,
    "acceptor_ArHetRings": 0.0,
    "acceptor_AlRings": 1.0,
    "acceptor_Rings": 2.0,
    "acceptor_Heteroatoms": 7.0,
    "acceptor_FractionCSP3": 0.333333,
    "acceptor_BertzCT": 799.387909,
    "acceptor_Kappa2": 7.160826999999999,
    "acceptor_NumStereocenters": 1.0,
    "acceptor_n_CHO": 1.0,
    "interaction_gap_HOMOd_LUMOa": -2.3996500000000007,
    "interaction_fukui_match": 5.7465513e-05,
    "interaction_absdiff_xtb_gap": 0.5434000000000001,
    "interaction_absdiff_xtb_dipole": 2.3044999999999995,
    "interaction_absdiff_sterimol_L": 2.138,
    "interaction_absdiff_sterimol_B1": 0.4664999999999999,
    "interaction_absdiff_sterimol_B5": 2.5617,
    "interaction_absdiff_SASA_total": 125.52590000000001,
    "interaction_absdiff_MW": 94.44649999999999,
    "interaction_absdiff_TPSA": 30.734999999999996
  },
  "ablations": [
    {
      "block": "2D_only",
      "n_feats": 48,
      "MAE": 4.296866645362366,
      "RMSE": 5.63584536672661,
      "R2": 0.5110137801068084
    },
    {
      "block": "aldehydes_only",
      "n_feats": 54,
      "MAE": 3.8758383977189266,
      "RMSE": 5.148701039299239,
      "R2": 0.5918931979181029
    },
    {
      "block": "product_only",
      "n_feats": 54,
      "MAE": 3.525314798479092,
      "RMSE": 4.710540159062355,
      "R2": 0.6583983934896709
    },
    {
      "block": "donor+acceptor",
      "n_feats": 102,
      "MAE": 3.882308387298523,
      "RMSE": 5.156534190295508,
      "R2": 0.5906504790535944
    },
    {
      "block": "all_raw_blocks",
      "n_feats": 140,
      "MAE": 2.954826597321104,
      "RMSE": 4.0138287096291645,
      "R2": 0.7519746031819725
    },
    {
      "block": "all+interaction",
      "n_feats": 150,
      "MAE": 2.9656021523410643,
      "RMSE": 4.0273570153613205,
      "R2": 0.7502998840348603
    }
  ]
}