{
  "model": "mlp128_64+xgb_d5+xgb_d7_ensemble",
  "target": "dG_orca_kcal",
  "baseline": "dG_gxtb_kcal",
  "n_samples": 25176,
  "n_pairs": 12597,
  "n_features": 260,
  "folds": 5,
  "repeats": 10,
  "cv_ensemble": {
    "MAE": 2.0336175036788284,
    "RMSE": 4.141551221552793,
    "R2": 0.5242566189102893
  },
  "cv_gxtb_baseline": {
    "MAE": 4.291958847046688,
    "RMSE": 6.405940869616779,
    "R2": -0.1381841460909119
  },
  "cv_xtb_baseline": {
    "MAE": 16.093428709960904,
    "RMSE": 16.668258263482436,
    "R2": -6.7059666070696515
  },
  "frozen_holdout_candidates_v3": {
    "n_train": 24337,
    "n_test": 29,
    "delta": {
      "MAE": 2.582307664096575,
      "RMSE": 3.434795031741933,
      "R2": 0.8968148038825122
    },
    "gxtb_baseline": {
      "MAE": 5.315198304509104,
      "RMSE": 7.330420757897835,
      "R2": 0.5300263071920199
    }
  },
  "n_final_fit": 25125,
  "n_excluded_test_validation_leakage": 51,
  "feature_medians": {
    "donor_G_xtb": -60.18186560221,
    "donor_G_gxtb": -1205.884644722521,
    "donor_xtb_energy": -60.326864538099,
    "donor_xtb_HOMO": -10.6172,
    "donor_xtb_LUMO": -8.0642,
    "donor_xtb_gap": 2.5134,
    "donor_xtb_IP": 7.9819,
    "donor_xtb_EA": 0.8105,
    "donor_xtb_mu": -4.3325,
    "donor_xtb_eta": 3.58775,
    "donor_xtb_omega": 2.66932,
    "donor_xtb_dipole": 4.739,
    "donor_mulliken_CHO_C": 0.207372,
    "donor_mulliken_CHO_O": -0.329858,
    "donor_fukui_plus_CHO_C": 0.039518,
    "donor_fukui_minus_CHO_C": 0.003571,
    "donor_fukui_0_CHO_C": 0.021689,
    "donor_dual_descriptor_CHO_C": 0.035477,
    "donor_wbo_CO": 1.873343,
    "donor_pa_CHO_O": 50.5321,
    "donor_vbur_CHO_C": 48.1638,
    "donor_sterimol_L": 8.24805,
    "donor_sterimol_B1": 2.1165,
    "donor_sterimol_B5": 7.81625,
    "donor_SASA_total": 478.4701,
    "donor_P_int": 19.0495,
    "donor_bde_gxtb_kcal": 83.5595,
    "acceptor_G_xtb": -60.178146598932,
    "acceptor_G_gxtb": -1205.661425056043,
    "acceptor_xtb_energy": -60.324032287586,
    "acceptor_xtb_HOMO": -10.6174,
    "acceptor_xtb_LUMO": -8.0641,
    "acceptor_xtb_gap": 2.5138,
    "acceptor_xtb_IP": 7.9823,
    "acceptor_xtb_EA": 0.8105,
    "acceptor_xtb_mu": -4.3323,
    "acceptor_xtb_eta": 3.58785,
    "acceptor_xtb_omega": 2.669161,
    "acceptor_xtb_dipole": 4.739,
    "acceptor_mulliken_CHO_C": 0.207371,
    "acceptor_mulliken_CHO_O": -0.329852,
    "acceptor_fukui_plus_CHO_C": 0.039513,
    "acceptor_fukui_minus_CHO_C": 0.0035715,
    "acceptor_fukui_0_CHO_C": 0.0216875,
    "acceptor_dual_descriptor_CHO_C": 0.035476,
    "acceptor_wbo_CO": 1.873343,
    "acceptor_pa_CHO_O": 50.5314,
    "acceptor_vbur_CHO_C": 48.1615,
    "acceptor_sterimol_L": 8.248,
    "acceptor_sterimol_B1": 2.1165,
    "acceptor_sterimol_B5": 7.8144,
    "acceptor_SASA_total": 478.4011,
    "acceptor_P_int": 19.0482,
    "acceptor_bde_gxtb_kcal": 83.564,
    "xtb_energy": -126.3203903224,
    "xtb_HOMO": -10.2124,
    "xtb_LUMO": -8.0898,
    "xtb_gap": 2.1144,
    "xtb_IP": 7.1969,
    "xtb_EA": 1.2508,
    "xtb_mu": -4.20345,
    "xtb_eta": 2.97505,
    "xtb_omega": 3.000021,
    "xtb_dipole": 6.272,
    "mulliken_ketC": 0.218873,
    "mulliken_ketO": -0.362638,
    "mulliken_carbC": 0.094938,
    "mulliken_hydO": -0.439577,
    "mulliken_hydH": 0.317704,
    "wbo_CO_ket": 1.8183585,
    "wbo_CC_new": 0.9517065,
    "wbo_CO_carb": 1.0097200000000002,
    "fukui_plus_ketC": 0.034844,
    "fukui_minus_ketC": 0.0028114999999999998,
    "fukui_0_ketC": 0.018904,
    "dual_ketC": 0.031875,
    "fukui_plus_carbC": -0.002467,
    "fukui_minus_carbC": 0.0004345,
    "fukui_0_carbC": -0.000975,
    "dual_carbC": -0.0030025,
    "pa_ketO": 56.22385,
    "vbur_ketC": 74.5609,
    "vbur_carbC": 73.0817,
    "sterimol_L": 8.0336,
    "sterimol_B1": 2.6562,
    "sterimol_B5": 10.392,
    "SASA_total": 791.8084,
    "P_int": 21.562,
    "hb_dist": 2.0712,
    "hb_angle": 115.4359,
    "dih_core": -0.2124,
    "bde_gxtb_kcal": 48.4785,
    "product_MW": 615.727,
    "product_LogP": 5.6314,
    "product_TPSA": 112.02,
    "product_HBD": 2.0,
    "product_HBA": 7.0,
    "product_RotBonds": 9.0,
    "product_ArRings": 3.0,
    "product_ArHetRings": 1.0,
    "product_AlRings": 1.0,
    "product_Rings": 4.0,
    "product_Heteroatoms": 12.0,
    "product_FractionCSP3": 0.315789,
    "product_BertzCT": 1589.705244,
    "product_Kappa2": 12.330376,
    "product_NumStereocenters": 2.0,
    "product_n_CHO": 0.0,
    "donor_MW": 297.314,
    "donor_LogP": 3.0024,
    "donor_TPSA": 52.6,
    "donor_HBD": 0.0,
    "donor_HBA": 3.0,
    "donor_RotBonds": 4.0,
    "donor_ArRings": 2.0,
    "donor_ArHetRings": 0.0,
    "donor_AlRings": 0.0,
    "donor_Rings": 2.0,
    "donor_Heteroatoms": 6.0,
    "donor_FractionCSP3": 0.26087,
    "donor_BertzCT": 622.280549,
    "donor_Kappa2": 5.827616,
    "donor_NumStereocenters": 0.0,
    "donor_n_CHO": 1.0,
    "acceptor_MW": 297.307,
    "acceptor_LogP": 3.0013,
    "acceptor_TPSA": 52.6,
    "acceptor_HBD": 0.0,
    "acceptor_HBA": 3.0,
    "acceptor_RotBonds": 4.0,
    "acceptor_ArRings": 2.0,
    "acceptor_ArHetRings": 0.0,
    "acceptor_AlRings": 0.0,
    "acceptor_Rings": 2.0,
    "acceptor_Heteroatoms": 6.0,
    "acceptor_FractionCSP3": 0.26087,
    "acceptor_BertzCT": 621.852728,
    "acceptor_Kappa2": 5.827238,
    "acceptor_NumStereocenters": 0.0,
    "acceptor_n_CHO": 1.0,
    "donor_ald_mordred_PPSA5": 21.03175019288232,
    "donor_ald_mordred_DPSA4": 25.977904194776038,
    "donor_ald_mordred_WNSA1": 109.04255246512854,
    "donor_ald_mordred_WNSA3": -18.93168558943582,
    "donor_ald_mordred_WPSA1": 123.34412266155142,
    "donor_ald_mordred_RNCG": 0.23282748388908953,
    "donor_ald_mordred_TPSA": 106.98615414058412,
    "donor_ald_mordred_GeomDiameter": 10.864927936606646,
    "donor_ald_mordred_Mor10": -0.2753715573633073,
    "donor_ald_mordred_Mor02m": 16.124345945990164,
    "donor_ald_mordred_Mor03m": -2.6649121265202345,
    "donor_ald_mordred_Mor10m": 0.6141609516118818,
    "donor_ald_mordred_Mor18m": -0.6398116252399006,
    "donor_ald_mordred_Mor19m": -0.0113600010570616,
    "donor_ald_mordred_Mor22m": -0.02944870298173735,
    "donor_ald_mordred_Mor23m": -0.2601822907388627,
    "donor_ald_mordred_Mor03v": -1.8696393865231622,
    "donor_ald_mordred_Mor04v": -0.2294390558089593,
    "donor_ald_mordred_Mor12v": 0.29852880699282125,
    "donor_ald_mordred_Mor25v": 0.40543865542096685,
    "donor_ald_mordred_Mor02se": 26.10408022960072,
    "donor_ald_mordred_Mor03se": -4.20447758414905,
    "donor_ald_mordred_Mor04se": 1.302046928009711,
    "donor_ald_mordred_Mor06se": -2.1823880032144247,
    "donor_ald_mordred_Mor25se": 0.7831427632697339,
    "donor_ald_mordred_Mor05p": -3.3474395769786227,
    "donor_ald_mordred_Mor15p": 0.6200696588763319,
    "donor_ald_mordred_MOMI-Z": 907.4697186683256,
    "acceptor_ald_mordred_PPSA5": 21.03090149043183,
    "acceptor_ald_mordred_WNSA1": 109.00869912768398,
    "acceptor_ald_mordred_WNSA3": -18.929753503991748,
    "acceptor_ald_mordred_WNSA4": -5.834495054307553,
    "acceptor_ald_mordred_WPSA1": 123.32879299753577,
    "acceptor_ald_mordred_WPSA3": 8.705912459980627,
    "acceptor_ald_mordred_RNCG": 0.23283925772343633,
    "acceptor_ald_mordred_TASA": 376.480307387621,
    "acceptor_ald_mordred_GeomDiameter": 10.86147640595562,
    "acceptor_ald_mordred_Mor08": 0.5709822198290562,
    "acceptor_ald_mordred_Mor09": -0.2827655039392927,
    "acceptor_ald_mordred_Mor16": 0.1750969694907886,
    "acceptor_ald_mordred_Mor17": -0.5499961195075345,
    "acceptor_ald_mordred_Mor02m": 16.124112717775837,
    "acceptor_ald_mordred_Mor04m": -0.4645923484875403,
    "acceptor_ald_mordred_Mor07m": 3.1906098370286884,
    "acceptor_ald_mordred_Mor08m": -1.281145258118163,
    "acceptor_ald_mordred_Mor11m": 0.1332976689476513,
    "acceptor_ald_mordred_Mor18m": -0.6397187360234652,
    "acceptor_ald_mordred_Mor24m": 0.037177009413172,
    "acceptor_ald_mordred_Mor25m": 0.385216376795684,