id,dG_orca_kcal
RIJFEOICYLBHNO-UHFFFAOYSA-N__NAXMMJARHAXCCD-BQBZGAKWSA-N,6.888456719889048
NAXMMJARHAXCCD-BQBZGAKWSA-N__RIJFEOICYLBHNO-UHFFFAOYSA-N,7.123920930011551
AZILMBHGTWLNPG-UHFFFAOYSA-N__XFAVKRDNHKFRRI-UHFFFAOYSA-N,11.619157824480729
BPSFXGOPWGQITK-OQJHAAMPSA-N__MFRJYRMZPFBRPI-ZETCQYMHSA-N,7.061684069100692
XFAVKRDNHKFRRI-UHFFFAOYSA-N__AZILMBHGTWLNPG-UHFFFAOYSA-N,-7.142132190816662
MFRJYRMZPFBRPI-ZETCQYMHSA-N__BPSFXGOPWGQITK-OQJHAAMPSA-N,5.538375180606813
JDJXXRJSUJZYDJ-OSMVPFSASA-N__FFXUFIFANUIOHE-UHFFFAOYSA-N,-21.68896314057596
FFXUFIFANUIOHE-UHFFFAOYSA-N__JDJXXRJSUJZYDJ-OSMVPFSASA-N,-4.940695274863443
AKYQNKFCBYNIMA-UHFFFAOYSA-N__XJCGMVKVVSVDJW-WXLQGSQKSA-N,4.834830143635758
XJCGMVKVVSVDJW-WXLQGSQKSA-N__AKYQNKFCBYNIMA-UHFFFAOYSA-N,-0.7807943036695809
ZEUCXCWFMMQKDX-UHFFFAOYSA-N__IOKAKXLETSAHHF-UHFFFAOYSA-N,-4.109352257436118
IOKAKXLETSAHHF-UHFFFAOYSA-N__ZEUCXCWFMMQKDX-UHFFFAOYSA-N,-32.5481223128192
FYXDAYQQMWSHPJ-GUBZILKMSA-N__KASGQADLXHJOLZ-UHFFFAOYSA-N,-1.209028827724016
KASGQADLXHJOLZ-UHFFFAOYSA-N__FYXDAYQQMWSHPJ-GUBZILKMSA-N,-4.400437390768193
MUCHYHXTYISUIT-UHFFFAOYSA-N__FUAVSDQKXSFRBB-WPGHDDCOSA-N,-2.258818948634676
FUAVSDQKXSFRBB-WPGHDDCOSA-N__MUCHYHXTYISUIT-UHFFFAOYSA-N,-0.6273812269073233
HCTWZIFNBBCVGM-UHFFFAOYSA-N__CUAKKSHUEAVIJK-UHFFFAOYSA-N,9.599452285633255
CUAKKSHUEAVIJK-UHFFFAOYSA-N__HCTWZIFNBBCVGM-UHFFFAOYSA-N,9.639916198607414
MIUDSQDUKCHNKN-UHFFFAOYSA-N__QHCRWIOGJPWKKP-UHFFFAOYSA-N,-6.688416078248242
QHCRWIOGJPWKKP-UHFFFAOYSA-N__MIUDSQDUKCHNKN-UHFFFAOYSA-N,-5.615424479714702
KERKAMQEFVQYQE-YLWLKBPMSA-N__IBMUVEJDKFTUOV-UHFFFAOYSA-N,-5.8646160427218925
IBMUVEJDKFTUOV-UHFFFAOYSA-N__KERKAMQEFVQYQE-YLWLKBPMSA-N,-9.42409589705275
NUFZJYJSCCWJMI-UHFFFAOYSA-N__RETKJKRUPSHACY-UHFFFAOYSA-N,0.7994203091795136
RETKJKRUPSHACY-UHFFFAOYSA-N__NUFZJYJSCCWJMI-UHFFFAOYSA-N,7.667751174921838
IFVUHHNKRRXIKF-SPIULWCRSA-N__UWQTVOGCRQIRPD-UHFFFAOYSA-N,2.47344730219953
UWQTVOGCRQIRPD-UHFFFAOYSA-N__IFVUHHNKRRXIKF-SPIULWCRSA-N,-4.065848466389619
SRRNMFWZBVFMDV-IHWYPQMZSA-N__XTDLXCIZTFTUBQ-UHFFFAOYSA-N,-2.8517524836221506
XTDLXCIZTFTUBQ-UHFFFAOYSA-N__SRRNMFWZBVFMDV-IHWYPQMZSA-N,15.862450593841777
UORCQYVELURZCK-RNFRBKRXSA-N__KLEFEMBPDKKGQK-UHFFFAOYSA-N,-1.412165198756715
KLEFEMBPDKKGQK-UHFFFAOYSA-N__UORCQYVELURZCK-RNFRBKRXSA-N,9.11927813227869
KCJJYIWXJOBVRL-UHFFFAOYSA-N__GTHHOAZFHXRVFA-UHFFFAOYSA-N,2.518531878334578
GTHHOAZFHXRVFA-UHFFFAOYSA-N__KCJJYIWXJOBVRL-UHFFFAOYSA-N,1.6353168053017662
IWHYBOZMEALTDQ-NNXAEHONSA-N__XEOIFVGQYISCAV-WWJWFVIOSA-N,-1.52383635128521
XEOIFVGQYISCAV-WWJWFVIOSA-N__IWHYBOZMEALTDQ-NNXAEHONSA-N,7.854203644321047
CNHZELMLMWGTAW-UHFFFAOYSA-N__OTUMFFRYZUTOHT-UHFFFAOYSA-N,-1.2120947593631963
OTUMFFRYZUTOHT-UHFFFAOYSA-N__CNHZELMLMWGTAW-UHFFFAOYSA-N,-3.6731712063032873
CVLKAVXRNNJZIS-CZBDKTQLSA-N__GVFHRMOCVJMVDV-UHFFFAOYSA-N,3.4888842232300648
JCQNXPSZZQBECY-UHFFFAOYSA-N__FOKXWOIGWGAQKU-UAMSGPETSA-N,-3.0978228550756257
FOKXWOIGWGAQKU-UAMSGPETSA-N__JCQNXPSZZQBECY-UHFFFAOYSA-N,-2.281715781619788
GVFHRMOCVJMVDV-UHFFFAOYSA-N__CVLKAVXRNNJZIS-CZBDKTQLSA-N,6.675028235003532
XAZNGSUCKGNROG-SSDOTTSWSA-N__YEZZDCIWJYDRBB-RROBTUQGSA-N,1.011138450328929
YEZZDCIWJYDRBB-RROBTUQGSA-N__XAZNGSUCKGNROG-SSDOTTSWSA-N,3.947224304335568
VYKBSFMGCTXENO-UHFFFAOYSA-N__RDBFBINCAIVNEG-UHFFFAOYSA-N,8.498595840310507
RDBFBINCAIVNEG-UHFFFAOYSA-N__VYKBSFMGCTXENO-UHFFFAOYSA-N,4.129959018671638
MBMWLYGEMIPXTN-UHFFFAOYSA-N__BOZHGDPBRDLSNG-UHFFFAOYSA-N,-4.75345467395622
BOZHGDPBRDLSNG-UHFFFAOYSA-N__MBMWLYGEMIPXTN-UHFFFAOYSA-N,2.5307348479777123
UGXGYGSBIVGBIC-UHFFFAOYSA-N__QVUNVCSOVXRXJJ-UHFFFAOYSA-N,7.017389649518629
QVUNVCSOVXRXJJ-UHFFFAOYSA-N__UGXGYGSBIVGBIC-UHFFFAOYSA-N,9.09424616131909
JXTPJKMQGLKTBI-UHFFFAOYSA-N__DFNRQUSPPGOANL-UHFFFAOYSA-N,-10.676682133857648
DFNRQUSPPGOANL-UHFFFAOYSA-N__JXTPJKMQGLKTBI-UHFFFAOYSA-N,-11.571889893098785
CHCHVHDBVPXJFD-UHFFFAOYSA-N__JVINUYVZQMLNPA-UHFFFAOYSA-N,3.722764037483137
JVINUYVZQMLNPA-UHFFFAOYSA-N__CHCHVHDBVPXJFD-UHFFFAOYSA-N,-1.9784211677675885
RDGWWBBBCJPEDA-UHFFFAOYSA-N__WQPLVNZAISHQBA-MVSHAXDASA-N,4.7196718304245895
WQPLVNZAISHQBA-MVSHAXDASA-N__RDGWWBBBCJPEDA-UHFFFAOYSA-N,8.908216444063143
MTJZNPFZACNLKI-UHFFFAOYSA-N__IFSYGEVBWYBDCR-BBBLOLIVSA-N,9.174784038198824
IFSYGEVBWYBDCR-BBBLOLIVSA-N__MTJZNPFZACNLKI-UHFFFAOYSA-N,1.793175634087978
XCPSYCRGCHUZKF-UHFFFAOYSA-N__WKOSVSYCMOSMHY-UHFFFAOYSA-N,1.4277456031201623
WKOSVSYCMOSMHY-UHFFFAOYSA-N__XCPSYCRGCHUZKF-UHFFFAOYSA-N,3.457280040659095
HWUBROROYRQUBB-UHFFFAOYSA-N__NHBCRQBMJKNVMS-UHFFFAOYSA-N,-4.596067829747727
DAUJTULHMYCUKK-UHFFFAOYSA-N__SWOHLMSCOIYBBY-BRFYHDHCSA-N,-1.9289547903232829
SWOHLMSCOIYBBY-BRFYHDHCSA-N__DAUJTULHMYCUKK-UHFFFAOYSA-N,-10.89546630602631
QKXLJTLYQBNHRC-UHFFFAOYSA-N__COCCLBWUKNNXRR-IHWYPQMZSA-N,-6.242439286841019
COCCLBWUKNNXRR-IHWYPQMZSA-N__QKXLJTLYQBNHRC-UHFFFAOYSA-N,-14.466368878446923
KVEYWSBOFZPRSO-UHFFFAOYSA-N__JZJCHBSWRURIBZ-UHFFFAOYSA-N,1.7044248523929162
JZJCHBSWRURIBZ-UHFFFAOYSA-N__KVEYWSBOFZPRSO-UHFFFAOYSA-N,-0.8890475602431617
OZKJIHZUCXCVOT-UHFFFAOYSA-N__LGIVJWHJMTWMAD-UHFFFAOYSA-N,-39.77967669653133
LGIVJWHJMTWMAD-UHFFFAOYSA-N__OZKJIHZUCXCVOT-UHFFFAOYSA-N,-30.93357733131988
ZECCDBWBFLSYOA-UHFFFAOYSA-N__QIFGODLLUKZIGH-VQVTYTSYSA-N,1.701107687265604
QIFGODLLUKZIGH-VQVTYTSYSA-N__ZECCDBWBFLSYOA-UHFFFAOYSA-N,3.368789392455609
ZIVWFWFIOJOCGW-UHFFFAOYSA-N__XTHAPSCVTBOJFU-FTYOSLGDSA-N,4.573111796906433
XTHAPSCVTBOJFU-FTYOSLGDSA-N__ZIVWFWFIOJOCGW-UHFFFAOYSA-N,13.889889970280455
VVXXFWRJFOPQCY-HUDPQJTASA-N__RAEMDBDLZWVXAY-UHFFFAOYSA-N,8.928896602442224
RAEMDBDLZWVXAY-UHFFFAOYSA-N__VVXXFWRJFOPQCY-HUDPQJTASA-N,8.964890003140612
IJIMLODXDFZQRB-UHFFFAOYSA-N__SAUXNXJPLASOMO-UHFFFAOYSA-N,13.395962570703034
SAUXNXJPLASOMO-UHFFFAOYSA-N__IJIMLODXDFZQRB-UHFFFAOYSA-N,5.048951183842153
QMNITDNTKXPFOP-JVCRWLNRSA-N__OXFGYVZAYGFDQQ-UHFFFAOYSA-N,1.7178313423738434
OXFGYVZAYGFDQQ-UHFFFAOYSA-N__QMNITDNTKXPFOP-JVCRWLNRSA-N,-4.986511978948316
KHEGTDKRMLKOHF-UHFFFAOYSA-N__AHKMMLAIEVJUES-CRCLSJGQSA-N,-4.037344221246285
AHKMMLAIEVJUES-CRCLSJGQSA-N__KHEGTDKRMLKOHF-UHFFFAOYSA-N,-7.91304448230949
GBQVNBJMPLZXDH-SKDRFNHKSA-N__SOJPCQZTEOYEAI-PHYPRBDBSA-N,-2.434572158567004
SOJPCQZTEOYEAI-PHYPRBDBSA-N__GBQVNBJMPLZXDH-SKDRFNHKSA-N,-3.2055852125265325
WMCGTINMZJXSDI-GSVOUGTGSA-N__CHCHVHDBVPXJFD-UHFFFAOYSA-N,12.015629557487957
CHCHVHDBVPXJFD-UHFFFAOYSA-N__WMCGTINMZJXSDI-GSVOUGTGSA-N,-4.964757151119144
IRNOWHFLYCIFPV-RZABIFLQSA-N__IFSYGEVBWYBDCR-BBBLOLIVSA-N,8.147802141893063
IFSYGEVBWYBDCR-BBBLOLIVSA-N__IRNOWHFLYCIFPV-RZABIFLQSA-N,3.2303990278727004
SINZAPLRMZPKMO-UHFFFAOYSA-N__QKXLJTLYQBNHRC-UHFFFAOYSA-N,-4.666417395448365
QKXLJTLYQBNHRC-UHFFFAOYSA-N__SINZAPLRMZPKMO-UHFFFAOYSA-N,0.1947383158192861
CVLKAVXRNNJZIS-CZBDKTQLSA-N__HTVPAMWGWMGEOD-SNAWJCMRSA-N,-7.597871715000064
HTVPAMWGWMGEOD-SNAWJCMRSA-N__CVLKAVXRNNJZIS-CZBDKTQLSA-N,0.7326226691817412
MFRJYRMZPFBRPI-ZETCQYMHSA-N__AIWBQBFVEQCSSM-UHFFFAOYSA-N,9.010505883631376
AIWBQBFVEQCSSM-UHFFFAOYSA-N__MFRJYRMZPFBRPI-ZETCQYMHSA-N,9.656056795357122
IOKAKXLETSAHHF-UHFFFAOYSA-N__YWTMNNAJWPZMJC-UHFFFAOYSA-N,33.27762151842467
YWTMNNAJWPZMJC-UHFFFAOYSA-N__IOKAKXLETSAHHF-UHFFFAOYSA-N,0.1188839201924911
CHCHVHDBVPXJFD-UHFFFAOYSA-N__LHUBGNDEYYUEBD-QMMMGPOBSA-N,-3.7774022668504266
LHUBGNDEYYUEBD-QMMMGPOBSA-N__CHCHVHDBVPXJFD-UHFFFAOYSA-N,-14.788955354938762
AZILMBHGTWLNPG-UHFFFAOYSA-N__PPJSTTZTBKOCEV-WEVVVXLNSA-N,7.500113173120392
PPJSTTZTBKOCEV-WEVVVXLNSA-N__AZILMBHGTWLNPG-UHFFFAOYSA-N,-0.5791057135907757
IBMUVEJDKFTUOV-UHFFFAOYSA-N__ZYDBZTDMBTYKFF-UHFFFAOYSA-N,-1.4592240626154405
ZYDBZTDMBTYKFF-UHFFFAOYSA-N__IBMUVEJDKFTUOV-UHFFFAOYSA-N,4.568543817802305
MBMWLYGEMIPXTN-UHFFFAOYSA-N__ILBZVBGHQXALEL-MRKVFDINSA-N,1.5563487339944064
ILBZVBGHQXALEL-MRKVFDINSA-N__MBMWLYGEMIPXTN-UHFFFAOYSA-N,4.12406850606841
CFMRKWVNFKPRPO-UHFFFAOYSA-N__GKANXGVUZCLWDZ-DTWKUNHWSA-N,-2.960381577584416
GKANXGVUZCLWDZ-DTWKUNHWSA-N__CFMRKWVNFKPRPO-UHFFFAOYSA-N,-7.740964354567309
IDPLKIVSDYPFER-UHFFFAOYSA-N__OTUMFFRYZUTOHT-UHFFFAOYSA-N,2.856878166717076
OTUMFFRYZUTOHT-UHFFFAOYSA-N__IDPLKIVSDYPFER-UHFFFAOYSA-N,7.723075188058236
YWTMNNAJWPZMJC-UHFFFAOYSA-N__XPMJOFBRLNZVQH-UHFFFAOYSA-N,25.53307451858756
XPMJOFBRLNZVQH-UHFFFAOYSA-N__YWTMNNAJWPZMJC-UHFFFAOYSA-N,13.240593728679787
TVTBPJSCVHDHKU-UHFFFAOYSA-N__REWQRZCGUQEZNH-UHFFFAOYSA-N,4.684683438085898
REWQRZCGUQEZNH-UHFFFAOYSA-N__TVTBPJSCVHDHKU-UHFFFAOYSA-N,10.955787819750345
UVDQXOQVJNBSPJ-UHFFFAOYSA-N__KHXWBRBPYHSXTH-CKIVDRAYSA-N,8.482184367792783
KHXWBRBPYHSXTH-CKIVDRAYSA-N__UVDQXOQVJNBSPJ-UHFFFAOYSA-N,3.607153811509673
LGKGZBWVYKVJDP-QTBDOELSSA-N__CLDCJQHZUBGXLA-UHFFFAOYSA-N,11.593180222724476
CLDCJQHZUBGXLA-UHFFFAOYSA-N__LGKGZBWVYKVJDP-QTBDOELSSA-N,-0.9951796186651292
VTGNCGWZPFKTEQ-UHFFFAOYSA-N__YPRSNZIWFKTGBC-UHFFFAOYSA-N,10.453189896499971
YPRSNZIWFKTGBC-UHFFFAOYSA-N__VTGNCGWZPFKTEQ-UHFFFAOYSA-N,14.203082350547184
SZTHXHQQIQIOHC-UHFFFAOYSA-N__XSKHKOOBSGSGTI-SKCDSABHSA-N,-1.0279524565003426
XSKHKOOBSGSGTI-SKCDSABHSA-N__SZTHXHQQIQIOHC-UHFFFAOYSA-N,3.742805815880424
KASGQADLXHJOLZ-UHFFFAOYSA-N__UWGHTIOHAPPBIX-XBXARRHUSA-N,5.778690639424567
UWGHTIOHAPPBIX-XBXARRHUSA-N__KASGQADLXHJOLZ-UHFFFAOYSA-N,6.164497672847793
FVEITOMDUKHRRI-GVNKNPJOSA-N__JXQAYEPFUXEYML-JCMHNJIXSA-N,9.046509786798246
JXQAYEPFUXEYML-JCMHNJIXSA-N__FVEITOMDUKHRRI-GVNKNPJOSA-N,7.358378925279588
OSAYYCODSRNXSX-UHFFFAOYSA-N__SQPLTRVLECKSMK-WSEKYWLGSA-N,12.751556115574791
SQPLTRVLECKSMK-WSEKYWLGSA-N__OSAYYCODSRNXSX-UHFFFAOYSA-N,1.0838221836577264
LXOOCXNKMZTCLE-RYWWHHPKSA-N__QLABVWDQSFKVFT-UHFFFAOYSA-N,-0.2477639624475419
QLABVWDQSFKVFT-UHFFFAOYSA-N__LXOOCXNKMZTCLE-RYWWHHPKSA-N,11.267390580878509
JTHINULQZVFUAW-UHFFFAOYSA-N__ZZPSUKHDMDAFMD-KXQVWALASA-N,5.187977025778192
ZZPSUKHDMDAFMD-KXQVWALASA-N__JTHINULQZVFUAW-UHFFFAOYSA-N,-0.2690028811423983
UMEBYMXTCXKKDU-UHFFFAOYSA-N__SRRNMFWZBVFMDV-IHWYPQMZSA-N,11.84838216336198
HPPMXDQRZHXZJX-UHFFFAOYSA-N__OLBREFSMBSDUBO-UHFFFAOYSA-N,13.068218287336952
OLBREFSMBSDUBO-UHFFFAOYSA-N__HPPMXDQRZHXZJX-UHFFFAOYSA-N,0.6144809235477219
SRRNMFWZBVFMDV-IHWYPQMZSA-N__UMEBYMXTCXKKDU-UHFFFAOYSA-N,6.617828220235411
WMCGTINMZJXSDI-GSVOUGTGSA-N__VJLMFSJUEAYQBU-RLDCUGIHSA-N,-9.45448484589962
VJLMFSJUEAYQBU-RLDCUGIHSA-N__WMCGTINMZJXSDI-GSVOUGTGSA-N,-10.965052060697984
TZYMMXVMXBGZCS-UHFFFAOYSA-N__QMFNDFRYUCCXMB-UHFFFAOYSA-N,-5.174394152853706
QMFNDFRYUCCXMB-UHFFFAOYSA-N__TZYMMXVMXBGZCS-UHFFFAOYSA-N,6.125016533687574
HOVWWEPNWAGFQN-HFXXUHSDSA-N__YSPZOIWBIMTEIE-UHFFFAOYSA-N,15.86211802575576
YSPZOIWBIMTEIE-UHFFFAOYSA-N__HOVWWEPNWAGFQN-HFXXUHSDSA-N,-2.735117746620639
MIUDSQDUKCHNKN-UHFFFAOYSA-N__AJLLJEGLHKXUCF-DJZRFWRSSA-N,-8.841623392177132
AJLLJEGLHKXUCF-DJZRFWRSSA-N__MIUDSQDUKCHNKN-UHFFFAOYSA-N,-6.485966261166626
RZTYAECJYXYQGG-UHFFFAOYSA-N__IOKAKXLETSAHHF-UHFFFAOYSA-N,9.389276580916407
IOKAKXLETSAHHF-UHFFFAOYSA-N__RZTYAECJYXYQGG-UHFFFAOYSA-N,-35.34804327811844
NMGFMTBTYROYPO-UHFFFAOYSA-N__WRMWPMGWABLVNI-PVFLNQBWSA-N,1.3833405588398646
WRMWPMGWABLVNI-PVFLNQBWSA-N__NMGFMTBTYROYPO-UHFFFAOYSA-N,2.952430175302639
LFBLPZQOMGYSIA-FAZFRDGJSA-N__IOFLBCCZMCMTJO-QHCPKHFHSA-N,3.3405613404819845
IOFLBCCZMCMTJO-QHCPKHFHSA-N__LFBLPZQOMGYSIA-FAZFRDGJSA-N,-0.0155316401305748
HVLHVNIQXNNWNH-UHFFFAOYSA-N__USUMJKDFXOSIPG-UHFFFAOYSA-N,-3.649246442485269
USUMJKDFXOSIPG-UHFFFAOYSA-N__HVLHVNIQXNNWNH-UHFFFAOYSA-N,-3.121394584270376
YEGNNABIUSELRC-UHFFFAOYSA-N__NUTGHHDRGPVBHX-UHFFFAOYSA-N,4.147899256891902
NUTGHHDRGPVBHX-UHFFFAOYSA-N__YEGNNABIUSELRC-UHFFFAOYSA-N,6.473355677565164
KHEGTDKRMLKOHF-UHFFFAOYSA-N__MQPBRWATJRQKFZ-JLOHTSLTSA-N,0.852596291783399
MQPBRWATJRQKFZ-JLOHTSLTSA-N__KHEGTDKRMLKOHF-UHFFFAOYSA-N,-2.9707969979207363
AWEIMGNZOWXDBS-BGPJRJDNSA-N__NFQUTFRPWQDRIQ-BJLQDIEVSA-N,0.9608307479553332
NFQUTFRPWQDRIQ-BJLQDIEVSA-N__AWEIMGNZOWXDBS-BGPJRJDNSA-N,8.204406992406042
WDUPXMRYAWAEOV-UHFFFAOYSA-N__JVINUYVZQMLNPA-UHFFFAOYSA-N,10.87833030600497
JVINUYVZQMLNPA-UHFFFAOYSA-N__WDUPXMRYAWAEOV-UHFFFAOYSA-N,15.94746866449002
QFCDRBBFRKLMHQ-UHFFFAOYSA-N__VDZCKTBKFZKPJL-HNFBQXRUSA-N,4.917262423546659
VDZCKTBKFZKPJL-HNFBQXRUSA-N__QFCDRBBFRKLMHQ-UHFFFAOYSA-N,12.69764673753098
VUACNOHHPHJMAI-UHFFFAOYSA-N__SNDZVBXPGWJPGJ-QWPJMZSKSA-N,9.576388234627515
SNDZVBXPGWJPGJ-QWPJMZSKSA-N__VUACNOHHPHJMAI-UHFFFAOYSA-N,2.3275343384645746
QJIHLKQEDOWOBW-UHFFFAOYSA-N__QMNITDNTKXPFOP-JVCRWLNRSA-N,4.578341073471796
QMNITDNTKXPFOP-JVCRWLNRSA-N__QJIHLKQEDOWOBW-UHFFFAOYSA-N,26.743023259836107
SWOWKEIPPIPIFD-YIZRAAEISA-N__ZZRPMMPOIUCNCU-VWLOTQADSA-N,18.232295637782293
ZZRPMMPOIUCNCU-VWLOTQADSA-N__SWOWKEIPPIPIFD-YIZRAAEISA-N,19.98585102961307
VEYCGXABYGXAEF-UHFFFAOYSA-N__FKMQJPTYVXNBRJ-FHWLQOOXSA-N,1.3754494903566996
FKMQJPTYVXNBRJ-FHWLQOOXSA-N__VEYCGXABYGXAEF-UHFFFAOYSA-N,10.076145740029178
URAVTRKNLVKLQH-UHFFFAOYSA-N__QVRUUTAYBHGFIV-UHFFFAOYSA-N,-1.8593108853431484
QVRUUTAYBHGFIV-UHFFFAOYSA-N__URAVTRKNLVKLQH-UHFFFAOYSA-N,-6.0016037228382535
FUAVSDQKXSFRBB-WPGHDDCOSA-N__ANVVEFIQWWJFOF-CIDVGWMPSA-N,1.2015115616683654
ANVVEFIQWWJFOF-CIDVGWMPSA-N__FUAVSDQKXSFRBB-WPGHDDCOSA-N,1.0417455284649315
GIEADKTXJGDWNU-UHFFFAOYSA-N__FFUBFJLZUYMTMH-UHFFFAOYSA-N,3.526977956683292
FFUBFJLZUYMTMH-UHFFFAOYSA-N__GIEADKTXJGDWNU-UHFFFAOYSA-N,18.85568299717749
SETKOOMFLXSAFK-CUCDINNNSA-N__SBBWYPBMMXFXRS-JTQLQIEISA-N,5.180705487365514
SBBWYPBMMXFXRS-JTQLQIEISA-N__SETKOOMFLXSAFK-CUCDINNNSA-N,-0.5546204155986287
STINYPFJROKCKD-WIBUTAKZSA-N__VLLRFVCKBXANNG-XBXARRHUSA-N,6.834535461381662
VLLRFVCKBXANNG-XBXARRHUSA-N__STINYPFJROKCKD-WIBUTAKZSA-N,4.469238462415217
GEIJUTSTOBYBIQ-DOUOGLJNSA-N__UNCHOQLETXBVMB-MEIPLDTASA-N,5.817831653569698
UNCHOQLETXBVMB-MEIPLDTASA-N__GEIJUTSTOBYBIQ-DOUOGLJNSA-N,8.641767712776302
UNUKGCFSQSMHCB-BFHBGLAWSA-N__UGUNVVRIZFUPIF-UHFFFAOYSA-N,3.303923193744136
UGUNVVRIZFUPIF-UHFFFAOYSA-N__UNUKGCFSQSMHCB-BFHBGLAWSA-N,8.22919653175338
ZEUCXCWFMMQKDX-UHFFFAOYSA-N__KUXPKYCQENJOGK-UHFFFAOYSA-N,0.5424094012777976
KUXPKYCQENJOGK-UHFFFAOYSA-N__ZEUCXCWFMMQKDX-UHFFFAOYSA-N,-4.214053729880206
ICAQXUXFFUTVCQ-UHFFFAOYSA-N__GMABTRNMZXLVKQ-UHFFFAOYSA-N,0.1755627719524901
GMABTRNMZXLVKQ-UHFFFAOYSA-N__ICAQXUXFFUTVCQ-UHFFFAOYSA-N,-3.901287615159116
USMAKJYFQDYSGH-SFYZADRCSA-N__OVVOGMAUJTZSGL-VMPITWQZSA-N,-6.541394122027681
OVVOGMAUJTZSGL-VMPITWQZSA-N__USMAKJYFQDYSGH-SFYZADRCSA-N,-7.328467437535035
NSMCAMLRIVACSR-XLQDAESGSA-N__REZZXLSXARRMEG-UHFFFAOYSA-N,3.05457381256044
REZZXLSXARRMEG-UHFFFAOYSA-N__NSMCAMLRIVACSR-XLQDAESGSA-N,11.41493486914869
LPBRGPIHGSNTEA-AJPHNGIPSA-N__KLEFEMBPDKKGQK-UHFFFAOYSA-N,13.142174622388612
KLEFEMBPDKKGQK-UHFFFAOYSA-N__LPBRGPIHGSNTEA-AJPHNGIPSA-N,12.667556715455524
RETKJKRUPSHACY-UHFFFAOYSA-N__DYHFNSNTFSWGAN-MOSHPQCFSA-N,18.356123864927124
DYHFNSNTFSWGAN-MOSHPQCFSA-N__RETKJKRUPSHACY-UHFFFAOYSA-N,10.117706606936885
XASQKVTYHKWZIU-UHFFFAOYSA-N__KTZPTLHYBIXTJD-FFIYDZMDSA-N,3.4942354157637463
KTZPTLHYBIXTJD-FFIYDZMDSA-N__XASQKVTYHKWZIU-UHFFFAOYSA-N,1.8167673964321045
TXHMSTMHMIMGJC-ABZQLDHJSA-N__QXIWEEANUWTWCI-KHPPLWFESA-N,8.044530282997206
QXIWEEANUWTWCI-KHPPLWFESA-N__TXHMSTMHMIMGJC-ABZQLDHJSA-N,7.457437384838283
JISDCHNLEODSEV-QTBDOELSSA-N__GUVRTTGAHRDZFJ-BZRNNEMISA-N,-1.3362831305472609
GUVRTTGAHRDZFJ-BZRNNEMISA-N__JISDCHNLEODSEV-QTBDOELSSA-N,-6.369280734459233
JXTPJKMQGLKTBI-UHFFFAOYSA-N__BWEKWXHYEYXLEF-UHFFFAOYSA-N,7.905524147047286
NKJYJSDJYHJYPP-RWGBTUANSA-N__DAKMSDXNMDLJHA-OAQYLSRUSA-N,5.470210715725287
BWEKWXHYEYXLEF-UHFFFAOYSA-N__JXTPJKMQGLKTBI-UHFFFAOYSA-N,-1.3088308212166455
DAKMSDXNMDLJHA-OAQYLSRUSA-N__NKJYJSDJYHJYPP-RWGBTUANSA-N,-2.4084269778119087
ZSYDCDMDJMYUQK-UHFFFAOYSA-N__JKYNBWMXPRBUKD-UHFFFAOYSA-N,3.74278026639897
JKYNBWMXPRBUKD-UHFFFAOYSA-N__ZSYDCDMDJMYUQK-UHFFFAOYSA-N,3.306851717671163
ZLILVDFDAQIFPV-IHWYPQMZSA-N__RZWMFMFOWONEQY-UHFFFAOYSA-N,-10.87470013345906
RZWMFMFOWONEQY-UHFFFAOYSA-N__ZLILVDFDAQIFPV-IHWYPQMZSA-N,-13.278370626205175
JGDQTGXARXFGAB-UHFFFAOYSA-N__JDJXXRJSUJZYDJ-OSMVPFSASA-N,4.215428835147589
JDJXXRJSUJZYDJ-OSMVPFSASA-N__JGDQTGXARXFGAB-UHFFFAOYSA-N,9.573524263735155
UWMBKILAAIWBOO-UHFFFAOYSA-N__PDXFANPJURPCCV-UHFFFAOYSA-N,2.10401412479603
PDXFANPJURPCCV-UHFFFAOYSA-N__UWMBKILAAIWBOO-UHFFFAOYSA-N,-0.2082099341528243
OLKIOTHQDRANLR-UHFFFAOYSA-N__OXSJRTPNEMJVKX-UOODXVIRSA-N,5.044432777890256
OXSJRTPNEMJVKX-UOODXVIRSA-N__OLKIOTHQDRANLR-UHFFFAOYSA-N,6.750472908052727
YLYWXJACXNRETH-SECBINFHSA-N__GOYCBKVVHGALFQ-RZAIGCCYSA-N,6.096656619262066
GOYCBKVVHGALFQ-RZAIGCCYSA-N__YLYWXJACXNRETH-SECBINFHSA-N,2.801044030656022
IDNWQXCHXVJTTE-UHFFFAOYSA-N__ICIOJMDHNCNQFM-UHFFFAOYSA-N,1.5962580479611137
ICIOJMDHNCNQFM-UHFFFAOYSA-N__IDNWQXCHXVJTTE-UHFFFAOYSA-N,3.850982851761693
IFVUHHNKRRXIKF-SPIULWCRSA-N__ZJEJEJZFFDMPSO-LCJICXEISA-N,2.371597563914426
ZJEJEJZFFDMPSO-LCJICXEISA-N__IFVUHHNKRRXIKF-SPIULWCRSA-N,-1.1649239538778162
MTJZNPFZACNLKI-UHFFFAOYSA-N__DAXSZMAYIASEDH-UHFFFAOYSA-N,13.490246330278122
DAXSZMAYIASEDH-UHFFFAOYSA-N__MTJZNPFZACNLKI-UHFFFAOYSA-N,19.71452214590573
PZHDLERQIWIYCZ-HITDQBCZSA-N__YWTJZMBBIWATFJ-ORNMAPSZSA-N,-12.291893057024058
YWTJZMBBIWATFJ-ORNMAPSZSA-N__PZHDLERQIWIYCZ-HITDQBCZSA-N,-9.160292982542966
CUAKKSHUEAVIJK-UHFFFAOYSA-N__XZIRRLFRVYKFRE-JXFKEZNVSA-N,-10.66156521417644
XZIRRLFRVYKFRE-JXFKEZNVSA-N__CUAKKSHUEAVIJK-UHFFFAOYSA-N,-0.9796185381930764
WOCXRZLDLXIZRL-UBHAPETDSA-N__AXRWQAUUTZEPPM-SHABUIRWSA-N,2.2704005346626746
AXRWQAUUTZEPPM-SHABUIRWSA-N__WOCXRZLDLXIZRL-UBHAPETDSA-N,13.355256055686386
WRVZIOHGKPFGTF-WJOISOPKSA-N__UDCTUROYUUENFP-UHFFFAOYSA-N,5.49809123439074
UDCTUROYUUENFP-UHFFFAOYSA-N__WRVZIOHGKPFGTF-WJOISOPKSA-N,6.241042361724784
WAEFHEJJGGLRRK-UHFFFAOYSA-N__LFQKTCQRZHAMNZ-BXXMFMFASA-N,13.694253163245747
LFQKTCQRZHAMNZ-BXXMFMFASA-N__WAEFHEJJGGLRRK-UHFFFAOYSA-N,15.14484349300208
IBMUVEJDKFTUOV-UHFFFAOYSA-N__NIKKSXPLNKTMPF-UHFFFAOYSA-N,5.582763866153511
NIKKSXPLNKTMPF-UHFFFAOYSA-N__IBMUVEJDKFTUOV-UHFFFAOYSA-N,6.265796574431571
IKAWYZAMQMXCJD-UHFFFAOYSA-N__KCWDJQOKAZNRHC-UHFFFAOYSA-N,4.820730231272845
KCWDJQOKAZNRHC-UHFFFAOYSA-N__IKAWYZAMQMXCJD-UHFFFAOYSA-N,-0.0770587009495213
DWKCIXIGPTUFJU-UHFFFAOYSA-N__JMTVCVJCIPCHEX-WYJDJGQOSA-N,-1.086993182928172
JIMCDCCEGWBAPQ-UHFFFAOYSA-N__PSJHTRWXAMBNAW-LMSMQVJYSA-N,6.990087467317059
KTHICFMPBJZFGT-UHFFFAOYSA-N__KPNXMUYQVQRXGM-DXNGBFLNSA-N,11.99304907246804
KPNXMUYQVQRXGM-DXNGBFLNSA-N__KTHICFMPBJZFGT-UHFFFAOYSA-N,8.802743975518517
PSJHTRWXAMBNAW-LMSMQVJYSA-N__JIMCDCCEGWBAPQ-UHFFFAOYSA-N,7.154300390838589
JMTVCVJCIPCHEX-WYJDJGQOSA-N__DWKCIXIGPTUFJU-UHFFFAOYSA-N,9.406697388681293
MAHJHFQMSNGYHY-UHFFFAOYSA-N__KVEYWSBOFZPRSO-UHFFFAOYSA-N,11.41086394605729
KVEYWSBOFZPRSO-UHFFFAOYSA-N__MAHJHFQMSNGYHY-UHFFFAOYSA-N,10.215133593431371
AZILMBHGTWLNPG-UHFFFAOYSA-N__PVHLTNUZCSJZMD-ZVHZXABRSA-N,2.6982776839372185
PVHLTNUZCSJZMD-ZVHZXABRSA-N__AZILMBHGTWLNPG-UHFFFAOYSA-N,15.827362506954044
LIMPWPYBGFQKFJ-VXGBXAGGSA-N__VVFWRCJFQWVKOQ-UHFFFAOYSA-N,12.803238498317306
VVFWRCJFQWVKOQ-UHFFFAOYSA-N__LIMPWPYBGFQKFJ-VXGBXAGGSA-N,4.231373023437694
OULZOFHKIRPNNU-UHFFFAOYSA-N__XFTUNPSTTWJLTJ-UHFFFAOYSA-N,4.995370444500968
XFTUNPSTTWJLTJ-UHFFFAOYSA-N__OULZOFHKIRPNNU-UHFFFAOYSA-N,8.017209982542937
RUUYSDTWYQEVBU-UHFFFAOYSA-N__VXPMUVHYLQVXBN-UHFFFAOYSA-N,-0.97832173723276
VXPMUVHYLQVXBN-UHFFFAOYSA-N__RUUYSDTWYQEVBU-UHFFFAOYSA-N,1.608193330714909
ZDDQKSVIRKNDAS-UHFFFAOYSA-N__YXLIFRMTKBWEQE-UHFFFAOYSA-N,8.861940100926768
YXLIFRMTKBWEQE-UHFFFAOYSA-N__ZDDQKSVIRKNDAS-UHFFFAOYSA-N,3.023504987788085
GVEXSPLQOBFUPX-UHFFFAOYSA-N__XPXHSUOIQNJEQI-GJMOJQLCSA-N,-2.861201564248388
XPXHSUOIQNJEQI-GJMOJQLCSA-N__GVEXSPLQOBFUPX-UHFFFAOYSA-N,-2.80785785418802
FOHPBABQIGOBJO-HXFLIBJXSA-N__FBPNUZLMODFKHD-UHFFFAOYSA-N,-1.082132669791296
FBPNUZLMODFKHD-UHFFFAOYSA-N__FOHPBABQIGOBJO-HXFLIBJXSA-N,5.336042334092001
BOZHGDPBRDLSNG-UHFFFAOYSA-N__NHKHRHHQGUBSGS-OYUWMTPXSA-N,-0.9439363774754947
NHKHRHHQGUBSGS-OYUWMTPXSA-N__BOZHGDPBRDLSNG-UHFFFAOYSA-N,-2.6415741996232303
IWGBQISNGZYGDQ-UHFFFAOYSA-N__AMNRWNSUWXPRPE-UHFFFAOYSA-N,4.104825770352006
AMNRWNSUWXPRPE-UHFFFAOYSA-N__IWGBQISNGZYGDQ-UHFFFAOYSA-N,-6.058360534121188
PXEVESNKQYWLOM-KOLCDFICSA-N__LCHQJTVSDWHBDI-DCWQJPKNSA-N,6.484148171426528
LCHQJTVSDWHBDI-DCWQJPKNSA-N__PXEVESNKQYWLOM-KOLCDFICSA-N,10.435257107700052
KYUFVBFSSDTLJA-UHFFFAOYSA-N__MYYLKOYECMERIA-GDLYZYCNSA-N,-85.7464973095324
MYYLKOYECMERIA-GDLYZYCNSA-N__KYUFVBFSSDTLJA-UHFFFAOYSA-N,-82.21912174854553
FAYGHIHBKVQGDC-UHFFFAOYSA-N__GUVQFOLVSYGCTG-UHFFFAOYSA-N,10.157227276136329
GUVQFOLVSYGCTG-UHFFFAOYSA-N__FAYGHIHBKVQGDC-UHFFFAOYSA-N,5.499853778429993
NHBCRQBMJKNVMS-UHFFFAOYSA-N__SRGWEZFRDSZNNC-UHFFFAOYSA-N,1.209980776566805
SRGWEZFRDSZNNC-UHFFFAOYSA-N__NHBCRQBMJKNVMS-UHFFFAOYSA-N,4.729160322595028
SZXXCARQWAJCFR-UHFFFAOYSA-N__OMDJPGXAZNJECV-CVDPXVFPSA-N,-3.56200829148003
OMDJPGXAZNJECV-CVDPXVFPSA-N__SZXXCARQWAJCFR-UHFFFAOYSA-N,2.16036714734826
FYXDAYQQMWSHPJ-GUBZILKMSA-N__GMBOJSOBSILDFR-UHFFFAOYSA-N,12.412728561194132
GMBOJSOBSILDFR-UHFFFAOYSA-N__FYXDAYQQMWSHPJ-GUBZILKMSA-N,8.828896514307969
DQCLNMXRNDKAKC-UHFFFAOYSA-N__VTDSCFNSVFPXPC-UHFFFAOYSA-N,1.2056468011610852
VTDSCFNSVFPXPC-UHFFFAOYSA-N__DQCLNMXRNDKAKC-UHFFFAOYSA-N,-0.9451899741948298
TXZQHAAUWYRYHZ-UHFFFAOYSA-N__XUTCZHOCJRNZOT-AVKWCDSFSA-N,1.150299434803166
XUTCZHOCJRNZOT-AVKWCDSFSA-N__TXZQHAAUWYRYHZ-UHFFFAOYSA-N,2.614578195218079
LZQNCHXGSWESQY-UHFFFAOYSA-N__XEOIFVGQYISCAV-WWJWFVIOSA-N,4.471567339037326
XEOIFVGQYISCAV-WWJWFVIOSA-N__LZQNCHXGSWESQY-UHFFFAOYSA-N,-3.9032452363189583
BIVVDLOPGBAPFO-NXCFDTQHSA-N__VEYCGXABYGXAEF-UHFFFAOYSA-N,3.323857249251445
VEYCGXABYGXAEF-UHFFFAOYSA-N__BIVVDLOPGBAPFO-NXCFDTQHSA-N,-1.1445644399607404
KTHICFMPBJZFGT-UHFFFAOYSA-N__OEVQTUTXOVDNJO-GEEOIBTQSA-N,25.48148060061871
OEVQTUTXOVDNJO-GEEOIBTQSA-N__KTHICFMPBJZFGT-UHFFFAOYSA-N,17.500186153776152
SKKNMHZCAJBNHK-GUBZILKMSA-N__HCFRYDQBPANVFV-UHFFFAOYSA-N,-1.895725518652007
HCFRYDQBPANVFV-UHFFFAOYSA-N__SKKNMHZCAJBNHK-GUBZILKMSA-N,18.168264319647264
BAECGIGWPJVBHY-UHFFFAOYSA-N__JSZQCGORJVGQSU-OLZMYRRGSA-N,2.5371042781518724
JSZQCGORJVGQSU-OLZMYRRGSA-N__BAECGIGWPJVBHY-UHFFFAOYSA-N,-13.296796054741884
FCOMRKGVKNDFAE-UHFFFAOYSA-N__KASGQADLXHJOLZ-UHFFFAOYSA-N,-0.1156640653031865
KASGQADLXHJOLZ-UHFFFAOYSA-N__FCOMRKGVKNDFAE-UHFFFAOYSA-N,1.359041720219862
QRCWHMFPBYCORA-UHFFFAOYSA-N__YGCXTXDUVDUXIG-UHFFFAOYSA-N,1.7615309596063926
YGCXTXDUVDUXIG-UHFFFAOYSA-N__QRCWHMFPBYCORA-UHFFFAOYSA-N,0.3143541020383795
IFVUHHNKRRXIKF-SPIULWCRSA-N__OUEWDKMKWIRJMA-OWOJBTEDSA-N,0.571376894113328
OUEWDKMKWIRJMA-OWOJBTEDSA-N__IFVUHHNKRRXIKF-SPIULWCRSA-N,-1.0584356711691665
OXSJRTPNEMJVKX-UOODXVIRSA-N__ZKONNJXLVNHNRJ-GQGMFIFISA-N,13.758061890515076
ZKONNJXLVNHNRJ-GQGMFIFISA-N__OXSJRTPNEMJVKX-UOODXVIRSA-N,15.966036747264711
HVLHVNIQXNNWNH-UHFFFAOYSA-N__OTDMVLAFTAQPQY-UHFFFAOYSA-N,13.392565835348028
DHNOWBPNXOYPKT-UHFFFAOYSA-N__WVDMGJHLDHBDME-UHFFFAOYSA-N,3.5904466020979675
WVDMGJHLDHBDME-UHFFFAOYSA-N__DHNOWBPNXOYPKT-UHFFFAOYSA-N,5.501789795757196
OTDMVLAFTAQPQY-UHFFFAOYSA-N__HVLHVNIQXNNWNH-UHFFFAOYSA-N,-0.1268672596292774
DWGPBMHBWDBPCX-UHFFFAOYSA-N__IDADBCHLCTYFNB-VIFPVBQESA-N,21.32972554881161
IDADBCHLCTYFNB-VIFPVBQESA-N__DWGPBMHBWDBPCX-UHFFFAOYSA-N,8.055492943058178
JCQNXPSZZQBECY-UHFFFAOYSA-N__MFUWKLKLGDWHFU-UHFFFAOYSA-N,3.644365880932349
MFUWKLKLGDWHFU-UHFFFAOYSA-N__JCQNXPSZZQBECY-UHFFFAOYSA-N,7.354579147477093
YFJSZBAMDXNSFV-UHFFFAOYSA-N__DKWCWWJCCRAKCC-UHFFFAOYSA-N,2.269900066906457
DKWCWWJCCRAKCC-UHFFFAOYSA-N__YFJSZBAMDXNSFV-UHFFFAOYSA-N,-6.511448248397455
BDLSVVOXILDBEZ-UHFFFAOYSA-N__JDJXXRJSUJZYDJ-OSMVPFSASA-N,11.341151881113944
JDJXXRJSUJZYDJ-OSMVPFSASA-N__BDLSVVOXILDBEZ-UHFFFAOYSA-N,15.090502136040673
ZYDBZTDMBTYKFF-UHFFFAOYSA-N__LPUHPIILBFZAOA-UHFFFAOYSA-N,3.838649729783125
LPUHPIILBFZAOA-UHFFFAOYSA-N__ZYDBZTDMBTYKFF-UHFFFAOYSA-N,11.023228459894336
VDJRGFPIPNYOOO-UPHRSURJSA-N__AOAQZKWUBWZSML-ONEGZZNKSA-N,16.64548877246778
AOAQZKWUBWZSML-ONEGZZNKSA-N__VDJRGFPIPNYOOO-UPHRSURJSA-N,9.39187439993291
XCPSYCRGCHUZKF-UHFFFAOYSA-N__MKVQOZFODVMULO-IWZBDYHHSA-N,1.1239449797827843
WAKOSBWKYUPKBI-UHFFFAOYSA-N__MFRJYRMZPFBRPI-ZETCQYMHSA-N,-89.57470803080082
MKVQOZFODVMULO-IWZBDYHHSA-N__XCPSYCRGCHUZKF-UHFFFAOYSA-N,-0.3092996948049668
FONMEYJFOROCKC-QDIHITRGSA-N__KTWVPDVJCRNVDJ-XVMARJQXSA-N,11.567106386530895
KTWVPDVJCRNVDJ-XVMARJQXSA-N__FONMEYJFOROCKC-QDIHITRGSA-N,2.4872343224999267
SWOHLMSCOIYBBY-BRFYHDHCSA-N__BDZSNXFYQFYOSR-UHFFFAOYSA-N,-1.3127595211750684
BDZSNXFYQFYOSR-UHFFFAOYSA-N__SWOHLMSCOIYBBY-BRFYHDHCSA-N,-1.342218124726431
SRRNMFWZBVFMDV-IHWYPQMZSA-N__HTMRITMBORRXKX-KKUMJFAQSA-N,10.595501173792435
HTMRITMBORRXKX-KKUMJFAQSA-N__SRRNMFWZBVFMDV-IHWYPQMZSA-N,8.53248593510623
GVZCVOKNLHLPTI-QFTDFRCPSA-N__CBJSHSMGTXTAHS-ZQTLJVIJSA-N,-1.3577352779309837
CBJSHSMGTXTAHS-ZQTLJVIJSA-N__GVZCVOKNLHLPTI-QFTDFRCPSA-N,5.648321416865705
NJUZPESHHVWZAR-UHFFFAOYSA-N__ZLZBQVKAILZNML-UGLNBITBSA-N,19.67021586868875
ZLZBQVKAILZNML-UGLNBITBSA-N__NJUZPESHHVWZAR-UHFFFAOYSA-N,14.90294319693699
QUXDHKSUTIXIIA-HPWUZBQLSA-N__WWVKEJAVNHFQGC-UHFFFAOYSA-N,-1.1487225586948926
WWVKEJAVNHFQGC-UHFFFAOYSA-N__QUXDHKSUTIXIIA-HPWUZBQLSA-N,8.052613064869002
FRPJIFDWYVCVDZ-UHFFFAOYSA-N__GYWRWPVHLJWHRE-UHFFFAOYSA-N,0.1518159071151845
GYWRWPVHLJWHRE-UHFFFAOYSA-N__FRPJIFDWYVCVDZ-UHFFFAOYSA-N,6.161684862627065
SMBMZKXEAUWXPY-UHFFFAOYSA-N__PYGFQXTUJSQFJP-UHFFFAOYSA-N,-1.4264359232276809
PYGFQXTUJSQFJP-UHFFFAOYSA-N__SMBMZKXEAUWXPY-UHFFFAOYSA-N,0.1276586725433892
SKFLKIKSFYKUEH-UHFFFAOYSA-N__FIKHYXFOVUGIGO-MDZDMXLPSA-N,6.411757250925509
FIKHYXFOVUGIGO-MDZDMXLPSA-N__SKFLKIKSFYKUEH-UHFFFAOYSA-N,9.956368747325142
JPMCDMYCTIBYFQ-DNVGACMVSA-N__XGLOTTBXNSTUNL-UHFFFAOYSA-N,7.353851466336544
XGLOTTBXNSTUNL-UHFFFAOYSA-N__JPMCDMYCTIBYFQ-DNVGACMVSA-N,-0.781597926279373
FKWRAYXWAJORAO-UHFFFAOYSA-N__KVEYWSBOFZPRSO-UHFFFAOYSA-N,8.27412012344789
KVEYWSBOFZPRSO-UHFFFAOYSA-N__FKWRAYXWAJORAO-UHFFFAOYSA-N,12.85086040151042
NAXMMJARHAXCCD-BQBZGAKWSA-N__UMRVIXDJAQXDSH-UHFFFAOYSA-N,2.52122548363324
UMRVIXDJAQXDSH-UHFFFAOYSA-N__NAXMMJARHAXCCD-BQBZGAKWSA-N,4.285794949666105
SINZAPLRMZPKMO-UHFFFAOYSA-N__HYJBPRJTKVNBTC-UHFFFAOYSA-N,-3.1822818878971733
HYJBPRJTKVNBTC-UHFFFAOYSA-N__SINZAPLRMZPKMO-UHFFFAOYSA-N,-4.0745570162280345
RCYQIDUQCUPGBN-UHFFFAOYSA-N__ABTSFONOOYTLRY-UHFFFAOYSA-N,-12.097848755455482
ABTSFONOOYTLRY-UHFFFAOYSA-N__RCYQIDUQCUPGBN-UHFFFAOYSA-N,-5.3754032085808765
JBVXJDIZGHYXER-UHFFFAOYSA-N__DXMOGPOWUFXWPY-UHFFFAOYSA-N,3.3835219138929924
DXMOGPOWUFXWPY-UHFFFAOYSA-N__JBVXJDIZGHYXER-UHFFFAOYSA-N,-3.901410349106919
QMFNDFRYUCCXMB-UHFFFAOYSA-N__NYHIRSOXACGRJJ-UHFFFAOYSA-N,8.140865974283999
NYHIRSOXACGRJJ-UHFFFAOYSA-N__QMFNDFRYUCCXMB-UHFFFAOYSA-N,1.88426191528526
SVMPBTSVSCZKRK-QXMHVHEDSA-N__HHJIUXAGVRVOGW-UHFFFAOYSA-N,-8.390142801985863
HHJIUXAGVRVOGW-UHFFFAOYSA-N__SVMPBTSVSCZKRK-QXMHVHEDSA-N,-1.8794808105066008
LWSILSHHBGYGGH-QYNFOATHSA-N__FVVRWNVXZLVBIF-XZOWNBSXSA-N,12.727774861213495
FVVRWNVXZLVBIF-XZOWNBSXSA-N__LWSILSHHBGYGGH-QYNFOATHSA-N,4.146307666855101
UOOWDTMRNMDHDP-UHFFFAOYSA-N__SOKZFFDURCAWBH-VXFQKVSNSA-N,1.564319148984383
SOKZFFDURCAWBH-VXFQKVSNSA-N__UOOWDTMRNMDHDP-UHFFFAOYSA-N,-2.092444386950452
CTPVGBKKFUWLHN-QMMMGPOBSA-N__ULLUEVQGVZGWKG-UHFFFAOYSA-N,9.129264655103034
ULLUEVQGVZGWKG-UHFFFAOYSA-N__CTPVGBKKFUWLHN-QMMMGPOBSA-N,10.7172120774516
ICAQXUXFFUTVCQ-UHFFFAOYSA-N__OTXWAFISFSRKAO-PKWKYYQNSA-N,-2.8569470831650645
OTXWAFISFSRKAO-PKWKYYQNSA-N__ICAQXUXFFUTVCQ-UHFFFAOYSA-N,-6.961358001303521
CVLKAVXRNNJZIS-CZBDKTQLSA-N__YCSSMWAQCLDVIQ-UHFFFAOYSA-N,-1.1445200737408796
YCSSMWAQCLDVIQ-UHFFFAOYSA-N__CVLKAVXRNNJZIS-CZBDKTQLSA-N,0.1717322440853927
HPPMXDQRZHXZJX-UHFFFAOYSA-N__NGQZHJLHRBRFMW-UHFFFAOYSA-N,0.7859641002996179
NGQZHJLHRBRFMW-UHFFFAOYSA-N__HPPMXDQRZHXZJX-UHFFFAOYSA-N,-3.4200828583060776
FCSLWCFJRAZNOP-QMMMGPOBSA-N__JDRRVXVMZGIGCW-LOACHALJSA-N,15.418881933392752
JDRRVXVMZGIGCW-LOACHALJSA-N__FCSLWCFJRAZNOP-QMMMGPOBSA-N,7.646295734432329
YEGNNABIUSELRC-UHFFFAOYSA-N__DGHSKNQZTQQXPM-MXILELMHSA-N,2.9322278722483275
DGHSKNQZTQQXPM-MXILELMHSA-N__YEGNNABIUSELRC-UHFFFAOYSA-N,3.1878447183187
BIZRDMKNTVSYRK-UHFFFAOYSA-N__GTHHOAZFHXRVFA-UHFFFAOYSA-N,2.421893096756518
GTHHOAZFHXRVFA-UHFFFAOYSA-N__BIZRDMKNTVSYRK-UHFFFAOYSA-N,6.780754018867557
OULZOFHKIRPNNU-UHFFFAOYSA-N__BXSMHJWCVDSDCT-UHFFFAOYSA-N,0.0129067525992048
BXSMHJWCVDSDCT-UHFFFAOYSA-N__OULZOFHKIRPNNU-UHFFFAOYSA-N,7.546380402698326
UGXGYGSBIVGBIC-UHFFFAOYSA-N__ANHVXVZNBBSECV-UHFFFAOYSA-N,5.59310283141137
ANHVXVZNBBSECV-UHFFFAOYSA-N__UGXGYGSBIVGBIC-UHFFFAOYSA-N,9.01730400375504
MBFQDJFBHJABPH-YFHOEESVSA-N__REZZXLSXARRMEG-UHFFFAOYSA-N,21.26533386156101
REZZXLSXARRMEG-UHFFFAOYSA-N__MBFQDJFBHJABPH-YFHOEESVSA-N,29.391232336674427
IPYDADJCQCMLGC-SJAOVVEKSA-N__AFYXYJDGFRRBFO-IACCCYARSA-N,1.647837169960933
AFYXYJDGFRRBFO-IACCCYARSA-N__IPYDADJCQCMLGC-SJAOVVEKSA-N,-4.933952814797948
VOCKNOCLCPQMMU-UHFFFAOYSA-N__RXXJVROZNZPDDB-IZZDOVSWSA-N,4.353997447668705
RXXJVROZNZPDDB-IZZDOVSWSA-N__VOCKNOCLCPQMMU-UHFFFAOYSA-N,18.91560713103223
FUAVSDQKXSFRBB-WPGHDDCOSA-N__MYZAKHBZTJWBBA-KQTBYGHGSA-N,16.696542593835886
MYZAKHBZTJWBBA-KQTBYGHGSA-N__FUAVSDQKXSFRBB-WPGHDDCOSA-N,9.864105276796485
DKIAMFGRGXOETD-UHFFFAOYSA-N__ZEUCXCWFMMQKDX-UHFFFAOYSA-N,4.171799835241003
ZEUCXCWFMMQKDX-UHFFFAOYSA-N__DKIAMFGRGXOETD-UHFFFAOYSA-N,2.538167452443396
IVZYAKMXOFALJS-UHFFFAOYSA-N__IWHYBOZMEALTDQ-NNXAEHONSA-N,6.158639795457245
IWHYBOZMEALTDQ-NNXAEHONSA-N__IVZYAKMXOFALJS-UHFFFAOYSA-N,11.62052166266214
OWKNOAYQVSYXET-UHFFFAOYSA-N__OFBFGGPUKLXSNC-QMMMGPOBSA-N,15.113904422062332
OFBFGGPUKLXSNC-QMMMGPOBSA-N__OWKNOAYQVSYXET-UHFFFAOYSA-N,6.90224455453061
DKQFLEXGPUVPLB-UWJYYQICSA-N__SETKOOMFLXSAFK-CUCDINNNSA-N,4.88866805862303
SETKOOMFLXSAFK-CUCDINNNSA-N__DKQFLEXGPUVPLB-UWJYYQICSA-N,6.702629817956604
GBJQPSBGSKNYHV-YVMONPNESA-N__XKCOYOSUWJTEEM-PXYINDEMSA-N,9.200964109638372
XKCOYOSUWJTEEM-PXYINDEMSA-N__GBJQPSBGSKNYHV-YVMONPNESA-N,1.2519073569937973
KLEFEMBPDKKGQK-UHFFFAOYSA-N__BUFWUUWJURVDLC-UHFFFAOYSA-N,-0.6830749950208603
BUFWUUWJURVDLC-UHFFFAOYSA-N__KLEFEMBPDKKGQK-UHFFFAOYSA-N,1.255943481072087
ZAVMTBGDKUWHRU-UZCJZYLFSA-N__FFXUFIFANUIOHE-UHFFFAOYSA-N,-3.762748685034631
FFXUFIFANUIOHE-UHFFFAOYSA-N__ZAVMTBGDKUWHRU-UZCJZYLFSA-N,8.613030171623071
UJIGPCHYBLTCLT-UHFFFAOYSA-N__IMJXZJWZJYUUQK-UHFFFAOYSA-N,-14.267070854097948
IMJXZJWZJYUUQK-UHFFFAOYSA-N__UJIGPCHYBLTCLT-UHFFFAOYSA-N,2.553951862573712
VKLQBAQSSOPXGF-YUMQZZPRSA-N__KYVJECNYPBUNGB-KFKPPOKLSA-N,13.00807220353119
KYVJECNYPBUNGB-KFKPPOKLSA-N__VKLQBAQSSOPXGF-YUMQZZPRSA-N,0.8346444123724704
WRVZIOHGKPFGTF-WJOISOPKSA-N__HWFXXOGUXJLBOV-ODLFYWEKSA-N,9.735440099117929
HWFXXOGUXJLBOV-ODLFYWEKSA-N__WRVZIOHGKPFGTF-WJOISOPKSA-N,5.067892041255207
QDHGEIXWBJITMN-UHFFFAOYSA-N__AMEVQRVGRWXODV-GQCTYLIASA-N,10.644363476455572
AMEVQRVGRWXODV-GQCTYLIASA-N__QDHGEIXWBJITMN-UHFFFAOYSA-N,15.034028644999951
KPBULJFSNASRMC-UHFFFAOYSA-N__HNUAKUMIUQBLQG-OMOCHNIRSA-N,4.258103970387294
RETKJKRUPSHACY-UHFFFAOYSA-N__BDEYISXIYLHTHA-SLBVQIDZSA-N,14.342230151183944
IDNWQXCHXVJTTE-UHFFFAOYSA-N__QXXRTYXLWQAFAH-UHFFFAOYSA-N,16.30577788556676
QXXRTYXLWQAFAH-UHFFFAOYSA-N__IDNWQXCHXVJTTE-UHFFFAOYSA-N,7.739978967085627
HNUAKUMIUQBLQG-OMOCHNIRSA-N__KPBULJFSNASRMC-UHFFFAOYSA-N,3.381950067081565
BDEYISXIYLHTHA-SLBVQIDZSA-N__RETKJKRUPSHACY-UHFFFAOYSA-N,23.09868065671936
XOFBWVNDQPANRR-ZDGBYWQASA-N__YCZUGOJNSNGEGT-UHFFFAOYSA-N,7.038543585024747
AHFAYTMGVSJCHK-JAIQZWGSSA-N__NTLBHOIGXDJZRX-UHFFFAOYSA-N,6.344288086297411
YCZUGOJNSNGEGT-UHFFFAOYSA-N__XOFBWVNDQPANRR-ZDGBYWQASA-N,7.7225199315139905
NTLBHOIGXDJZRX-UHFFFAOYSA-N__AHFAYTMGVSJCHK-JAIQZWGSSA-N,10.547143873085767
SAUXNXJPLASOMO-UHFFFAOYSA-N__KKZKJADYHRMRGQ-UHFFFAOYSA-N,-0.4463186198685114
KKZKJADYHRMRGQ-UHFFFAOYSA-N__SAUXNXJPLASOMO-UHFFFAOYSA-N,11.455839747543116
HOCQLBXLYHZFBJ-UHFFFAOYSA-N__UACOCRAZNXXKIB-UHFFFAOYSA-N,10.771286581839917
UACOCRAZNXXKIB-UHFFFAOYSA-N__HOCQLBXLYHZFBJ-UHFFFAOYSA-N,15.818507375670109
IFSYGEVBWYBDCR-BBBLOLIVSA-N__RTSFIEXZIAALMT-UHFFFAOYSA-N,-3.3635469298055725
RTSFIEXZIAALMT-UHFFFAOYSA-N__IFSYGEVBWYBDCR-BBBLOLIVSA-N,7.342814037200786
IHXYHXLXZRGMRD-UHFFFAOYSA-N__XTHAPSCVTBOJFU-FTYOSLGDSA-N,7.673928325057182
XTHAPSCVTBOJFU-FTYOSLGDSA-N__IHXYHXLXZRGMRD-UHFFFAOYSA-N,10.34142734871105
HCTWZIFNBBCVGM-UHFFFAOYSA-N__XLYSVRIJTWZEKU-UHFFFAOYSA-N,-0.5192620477721943
XLYSVRIJTWZEKU-UHFFFAOYSA-N__HCTWZIFNBBCVGM-UHFFFAOYSA-N,0.2350399056302455
YPRSNZIWFKTGBC-UHFFFAOYSA-N__WATZAEVQIWITCK-OAQYLSRUSA-N,11.65086411894199
WATZAEVQIWITCK-OAQYLSRUSA-N__YPRSNZIWFKTGBC-UHFFFAOYSA-N,1.9897163081669087
OREVXDCFQDZFNH-UHFFFAOYSA-N__LYKPZTDPEIBFAY-KWVFXROASA-N,2.793555534421252
LYKPZTDPEIBFAY-KWVFXROASA-N__OREVXDCFQDZFNH-UHFFFAOYSA-N,8.763825393437209
HWUBROROYRQUBB-UHFFFAOYSA-N__XYMWHNAWATXBNE-CMDGGOBGSA-N,8.86507216434525
XYMWHNAWATXBNE-CMDGGOBGSA-N__HWUBROROYRQUBB-UHFFFAOYSA-N,-6.211714170327562
JDDRYLMREDOGBW-GJZGRUSLSA-N__LSAXXPJBSLNBBZ-UHFFFAOYSA-N,3.489203896475193
LSAXXPJBSLNBBZ-UHFFFAOYSA-N__JDDRYLMREDOGBW-GJZGRUSLSA-N,1.235413709712098
LPQFWKNGUFVNCB-UHFFFAOYSA-N__RIJFEOICYLBHNO-UHFFFAOYSA-N,5.000813868252132
RIJFEOICYLBHNO-UHFFFAOYSA-N__LPQFWKNGUFVNCB-UHFFFAOYSA-N,5.651161714293226
PPQDRZOSEMPBQB-UHFFFAOYSA-N__QDCJDJXTBIDGBN-XWTNZUCXSA-N,-2.528799858368324
QDCJDJXTBIDGBN-XWTNZUCXSA-N__PPQDRZOSEMPBQB-UHFFFAOYSA-N,0.6824044177086538
KYGBIULFEMNJSN-VWRQVINXSA-N__JADHYXJCAYEOLK-UHFFFAOYSA-N,3.977575097785345
JADHYXJCAYEOLK-UHFFFAOYSA-N__KYGBIULFEMNJSN-VWRQVINXSA-N,0.8797176414498913
QSSZGXNWCVWWGS-ZDUSSCGKSA-N__KCPBRZSTCIPDLY-UHFFFAOYSA-N,8.235234915015127
KCPBRZSTCIPDLY-UHFFFAOYSA-N__QSSZGXNWCVWWGS-ZDUSSCGKSA-N,2.897234847474804
MBJNCZGFSMXGFC-UHFFFAOYSA-N__SCOWKIZZCMPIOW-UHFFFAOYSA-N,9.345834897098836
SCOWKIZZCMPIOW-UHFFFAOYSA-N__MBJNCZGFSMXGFC-UHFFFAOYSA-N,7.249596171381543
MBMWLYGEMIPXTN-UHFFFAOYSA-N__LEHCBSZHTPGIBD-UHFFFAOYSA-N,5.619046848996012
LEHCBSZHTPGIBD-UHFFFAOYSA-N__MBMWLYGEMIPXTN-UHFFFAOYSA-N,7.278099256258147
LMULYWVYCTZZIH-UHFFFAOYSA-N__IUMQVPYANQNOMT-UHFFFAOYSA-N,13.499350009258142
IUMQVPYANQNOMT-UHFFFAOYSA-N__LMULYWVYCTZZIH-UHFFFAOYSA-N,17.45258964443722
NBBJMCUNIZZDMG-UHFFFAOYSA-N__TXHMSTMHMIMGJC-ABZQLDHJSA-N,9.709919175892455
TXHMSTMHMIMGJC-ABZQLDHJSA-N__NBBJMCUNIZZDMG-UHFFFAOYSA-N,4.783211079111333
QLABVWDQSFKVFT-UHFFFAOYSA-N__PSJHTRWXAMBNAW-LMSMQVJYSA-N,15.89722631072995
CZUQOQXRSODZJV-WKWWZUSTSA-N__LHICNIQDUSLKGT-WRWGMCAJSA-N,9.095216600022386
PSJHTRWXAMBNAW-LMSMQVJYSA-N__QLABVWDQSFKVFT-UHFFFAOYSA-N,3.947274079236097
LDGAPDXDBVKJMZ-MDZDMXLPSA-N__KQXJCTJAUZBYPX-UHFFFAOYSA-N,-0.4208209474922798
KQXJCTJAUZBYPX-UHFFFAOYSA-N__LDGAPDXDBVKJMZ-MDZDMXLPSA-N,2.291190532220008
LHICNIQDUSLKGT-WRWGMCAJSA-N__CZUQOQXRSODZJV-WKWWZUSTSA-N,11.795904025551224
DKDUDGKKIHKPFW-YZHSZULSSA-N__QVJFTSCLCMIEOG-UHFFFAOYSA-N,5.055851578867025
QVJFTSCLCMIEOG-UHFFFAOYSA-N__DKDUDGKKIHKPFW-YZHSZULSSA-N,5.869042749720822
QMEWNYFETHTBBS-UHFFFAOYSA-N__FDLTUSGZTSVHRE-UHFFFAOYSA-N,0.3384049807289954
FDLTUSGZTSVHRE-UHFFFAOYSA-N__QMEWNYFETHTBBS-UHFFFAOYSA-N,4.949273307214847
JFTABPCETWVXLD-DUIFPFAGSA-N__OFFGSWLXBFRGAW-JCDDKBCFSA-N,0.3520155606574817
OFFGSWLXBFRGAW-JCDDKBCFSA-N__JFTABPCETWVXLD-DUIFPFAGSA-N,8.014137634623033
NMGFMTBTYROYPO-UHFFFAOYSA-N__VOHVUQNUZPYAGU-UHFFFAOYSA-N,4.954083564979205
VOHVUQNUZPYAGU-UHFFFAOYSA-N__NMGFMTBTYROYPO-UHFFFAOYSA-N,0.5577220245836768
UOCYESYMHTXYHI-JAZPPYFYSA-N__FKMQJPTYVXNBRJ-FHWLQOOXSA-N,9.617725062119598
FKMQJPTYVXNBRJ-FHWLQOOXSA-N__UOCYESYMHTXYHI-JAZPPYFYSA-N,-1.1388401163762163
PPYNYCLATYAWGO-RELWKKBWSA-N__HCRJYAQJFBVRRX-KBDFUZQTSA-N,23.7579712491638
HCRJYAQJFBVRRX-KBDFUZQTSA-N__PPYNYCLATYAWGO-RELWKKBWSA-N,24.70422011584929
VJLMFSJUEAYQBU-RLDCUGIHSA-N__FSTLOANVCSOCIL-AXKAGITHSA-N,-4.468803942382216
KUXPKYCQENJOGK-UHFFFAOYSA-N__VVFWRCJFQWVKOQ-UHFFFAOYSA-N,8.709574141916843
OVVOGMAUJTZSGL-VMPITWQZSA-N__WXCGHEXWDDRVKT-UHFFFAOYSA-N,1.1788677204063722
VVFWRCJFQWVKOQ-UHFFFAOYSA-N__KUXPKYCQENJOGK-UHFFFAOYSA-N,10.314999116164534
FSTLOANVCSOCIL-AXKAGITHSA-N__VJLMFSJUEAYQBU-RLDCUGIHSA-N,1.312660156143491
WXCGHEXWDDRVKT-UHFFFAOYSA-N__OVVOGMAUJTZSGL-VMPITWQZSA-N,-4.449553625195929
XZIRRLFRVYKFRE-JXFKEZNVSA-N__XLXMSBIABQSMNW-GJBXTBEHSA-N,6.493857919199979
XLXMSBIABQSMNW-GJBXTBEHSA-N__XZIRRLFRVYKFRE-JXFKEZNVSA-N,3.929250939444342
OLYOYBKVKQJFTC-IKULAINYSA-N__RZWMFMFOWONEQY-UHFFFAOYSA-N,2.263177301840788
RZWMFMFOWONEQY-UHFFFAOYSA-N__OLYOYBKVKQJFTC-IKULAINYSA-N,-7.186144340988344
DSBYUTYNXPLACJ-UHFFFAOYSA-N__RZTYAECJYXYQGG-UHFFFAOYSA-N,5.562698196349005
RZTYAECJYXYQGG-UHFFFAOYSA-N__DSBYUTYNXPLACJ-UHFFFAOYSA-N,1.180895563599632
DAKMSDXNMDLJHA-OAQYLSRUSA-N__HAARGYKKXFPYBN-FWBKVGADSA-N,8.295247480970005
HAARGYKKXFPYBN-FWBKVGADSA-N__DAKMSDXNMDLJHA-OAQYLSRUSA-N,1.9017603030465784
KVHISNZEFUHGGN-UHFFFAOYSA-N__MGCXCSKQXCAPKV-UHFFFAOYSA-N,12.57120314076589
MGCXCSKQXCAPKV-UHFFFAOYSA-N__KVHISNZEFUHGGN-UHFFFAOYSA-N,19.202595978701115
IYLNRCJOVIVOAE-UHFFFAOYSA-N__ZMDIJZVLNHUALG-UHFFFAOYSA-N,-3.606052511783676
ZMDIJZVLNHUALG-UHFFFAOYSA-N__IYLNRCJOVIVOAE-UHFFFAOYSA-N,8.60306555939151
WAEFHEJJGGLRRK-UHFFFAOYSA-N__JGDQTGXARXFGAB-UHFFFAOYSA-N,5.502709049462068
JGDQTGXARXFGAB-UHFFFAOYSA-N__WAEFHEJJGGLRRK-UHFFFAOYSA-N,0.0778151700312012
HLTYQYNQLCGSTR-UHFFFAOYSA-N__ZBYCCRLKUBUUKH-UHFFFAOYSA-N,11.350692705209038
MCWWLXPEOKPSFV-UHFFFAOYSA-N__MUJROVSBJXUCQV-KYJUHHDHSA-N,13.823019163137891
ZBYCCRLKUBUUKH-UHFFFAOYSA-N__HLTYQYNQLCGSTR-UHFFFAOYSA-N,12.207638256686527
MUJROVSBJXUCQV-KYJUHHDHSA-N__MCWWLXPEOKPSFV-UHFFFAOYSA-N,11.933312150617889
VPFAMYNCVGNJHA-IPOPKSLLSA-N__ZRWLWJGVTPRWLF-KPKJPENVSA-N,-2.57505387785582
ZRWLWJGVTPRWLF-KPKJPENVSA-N__VPFAMYNCVGNJHA-IPOPKSLLSA-N,0.9553291857380762
SNDZVBXPGWJPGJ-QWPJMZSKSA-N__QJIHLKQEDOWOBW-UHFFFAOYSA-N,11.420438031084412
QJIHLKQEDOWOBW-UHFFFAOYSA-N__SNDZVBXPGWJPGJ-QWPJMZSKSA-N,16.226734104929108
FBPNUZLMODFKHD-UHFFFAOYSA-N__FALJEPRYCYVGED-DAZKTRTLSA-N,2.6820352685028404
FALJEPRYCYVGED-DAZKTRTLSA-N__FBPNUZLMODFKHD-UHFFFAOYSA-N,3.856700936843697
WEGNBZYDNYIBPP-UHFFFAOYSA-N__OIZQUWRLBGUESV-UHFFFAOYSA-N,2.9380310691443103
OIZQUWRLBGUESV-UHFFFAOYSA-N__WEGNBZYDNYIBPP-UHFFFAOYSA-N,6.482485593098013
FZVAIPZFBPWTJW-REZTVBANSA-N__JMTVCVJCIPCHEX-WYJDJGQOSA-N,9.158210558373838
JMTVCVJCIPCHEX-WYJDJGQOSA-N__FZVAIPZFBPWTJW-REZTVBANSA-N,9.99765330873899
IUUYQIFKOZANMW-UHFFFAOYSA-N__YGHKZPCHCNDLPR-PGPCLEDZSA-N,7.373857705073329
YGHKZPCHCNDLPR-PGPCLEDZSA-N__IUUYQIFKOZANMW-UHFFFAOYSA-N,12.43208304556366
AJLLJEGLHKXUCF-DJZRFWRSSA-N__FCFVZEJWRSESLD-RCYWMZLZSA-N,9.515762746215596
FCFVZEJWRSESLD-RCYWMZLZSA-N__AJLLJEGLHKXUCF-DJZRFWRSSA-N,0.5422239429424678
XMXMNUJOMRPEQS-UHFFFAOYSA-N__JIORHNILSCVUTF-BJTSRKKDSA-N,16.60523558715992
JIORHNILSCVUTF-BJTSRKKDSA-N__XMXMNUJOMRPEQS-UHFFFAOYSA-N,13.796963124240298
WKYUIZCNIYMKPR-UHFFFAOYSA-N__NOGXNNJTEGMCKF-JJZMVWGXSA-N,9.127152759987752
NOGXNNJTEGMCKF-JJZMVWGXSA-N__WKYUIZCNIYMKPR-UHFFFAOYSA-N,2.6965468898579488
WNTSSYKPFJQYCV-RBNKKSKXSA-N__UGUNVVRIZFUPIF-UHFFFAOYSA-N,12.889633515364496
AXRWQAUUTZEPPM-SHABUIRWSA-N__FDGJGTBCNSVZNE-INZUIXSESA-N,14.725213853940383
UGUNVVRIZFUPIF-UHFFFAOYSA-N__WNTSSYKPFJQYCV-RBNKKSKXSA-N,20.246123489668044
FDGJGTBCNSVZNE-INZUIXSESA-N__AXRWQAUUTZEPPM-SHABUIRWSA-N,11.985507263960278
STINYPFJROKCKD-WIBUTAKZSA-N__YBRQHOAVQNPHSB-INHVJJQHSA-N,1.982702815243668
YBRQHOAVQNPHSB-INHVJJQHSA-N__STINYPFJROKCKD-WIBUTAKZSA-N,6.618644629249949
VZQDQEBTYATYJG-UHFFFAOYSA-N__MLOPBTMIQJGMMW-UHFFFAOYSA-N,2.6008615002507938
MLOPBTMIQJGMMW-UHFFFAOYSA-N__VZQDQEBTYATYJG-UHFFFAOYSA-N,9.305421038105596
QVRUUTAYBHGFIV-UHFFFAOYSA-N__NWZQUEFRFHBZCS-UHFFFAOYSA-N,0.9389265807286228
NWZQUEFRFHBZCS-UHFFFAOYSA-N__QVRUUTAYBHGFIV-UHFFFAOYSA-N,-0.0315184087258018
URGMRKXHSBCZLS-LNGCNUISSA-N__MYIMAQVZPROTBH-UHFFFAOYSA-N,6.462795073967513
UJVARQFPMUWZBR-XNKQJIMJSA-N__QHMPKJIHMROLLX-FAIUTGPOSA-N,16.82345788768024
TUTVWLUDKUFWLL-UHFFFAOYSA-N__WGJDEWARILDFOP-UHFFFAOYSA-N,1.5443243349226754
QHMPKJIHMROLLX-FAIUTGPOSA-N__UJVARQFPMUWZBR-XNKQJIMJSA-N,11.370725196407376
WGJDEWARILDFOP-UHFFFAOYSA-N__TUTVWLUDKUFWLL-UHFFFAOYSA-N,13.548440255751444
MYIMAQVZPROTBH-UHFFFAOYSA-N__URGMRKXHSBCZLS-LNGCNUISSA-N,6.11341938835717
QTICSWKIAUNFNL-UHFFFAOYSA-N__OLBREFSMBSDUBO-UHFFFAOYSA-N,13.72699757625823
OLBREFSMBSDUBO-UHFFFAOYSA-N__QTICSWKIAUNFNL-UHFFFAOYSA-N,9.880154459594795
VDDSNGFFLHVZJS-UHFFFAOYSA-N__LCHQJTVSDWHBDI-DCWQJPKNSA-N,7.021032393951204
LCHQJTVSDWHBDI-DCWQJPKNSA-N__VDDSNGFFLHVZJS-UHFFFAOYSA-N,3.3597347376341773
VZLXOQOWRTXGOG-UHFFFAOYSA-N__UWAUQFYLBRSXNQ-UHFFFAOYSA-N,16.933017375591596
UWAUQFYLBRSXNQ-UHFFFAOYSA-N__VZLXOQOWRTXGOG-UHFFFAOYSA-N,18.110683161824127
KPSFZKRFARILAF-UHFFFAOYSA-N__TZYMMXVMXBGZCS-UHFFFAOYSA-N,6.9395392040686845
TZYMMXVMXBGZCS-UHFFFAOYSA-N__KPSFZKRFARILAF-UHFFFAOYSA-N,-2.450269700217825
GOTVZLCAAOTCQW-UHFFFAOYSA-N__OJHBHLAYFBTMCJ-UHFFFAOYSA-N,19.13580238622506
OJHBHLAYFBTMCJ-UHFFFAOYSA-N__GOTVZLCAAOTCQW-UHFFFAOYSA-N,11.635262477217262
LDTSSZOMSAGGOQ-UHFFFAOYSA-N__ILLWSXQUYFYTTD-UHFFFAOYSA-N,2.534602681730329
ILLWSXQUYFYTTD-UHFFFAOYSA-N__LDTSSZOMSAGGOQ-UHFFFAOYSA-N,6.831900246520446
DDNOJUSJEFKHEA-UTISWFAOSA-N__PDXFANPJURPCCV-UHFFFAOYSA-N,9.94294653438884
PDXFANPJURPCCV-UHFFFAOYSA-N__DDNOJUSJEFKHEA-UTISWFAOSA-N,6.847481580295782
YWTJZMBBIWATFJ-ORNMAPSZSA-N__FPERANCMPLPMGW-NLYITROOSA-N,4.745529657112951
FPERANCMPLPMGW-NLYITROOSA-N__YWTJZMBBIWATFJ-ORNMAPSZSA-N,-0.4481317607827934
CANJVNKHFCZXRA-IVDSTZBUSA-N__NJWANPFHLPZSAO-JJSJIGTDSA-N,9.950300936991075
NJWANPFHLPZSAO-JJSJIGTDSA-N__CANJVNKHFCZXRA-IVDSTZBUSA-N,5.987946137981974
UXWNPFUWMDGTBG-UHFFFAOYSA-N__OAASAZVUODPWTQ-UHFFFAOYSA-N,7.750150282433114
OAASAZVUODPWTQ-UHFFFAOYSA-N__UXWNPFUWMDGTBG-UHFFFAOYSA-N,12.569967064330998
ZJEJEJZFFDMPSO-LCJICXEISA-N__GOYCBKVVHGALFQ-RZAIGCCYSA-N,-1.747769651013626
GOYCBKVVHGALFQ-RZAIGCCYSA-N__ZJEJEJZFFDMPSO-LCJICXEISA-N,-0.9992203879480334
YVXUIIHQOJJHGW-UHFFFAOYSA-N__DZFIDUMRAHNYKA-UHFFFAOYSA-N,2.4571903934899084
DZFIDUMRAHNYKA-UHFFFAOYSA-N__YVXUIIHQOJJHGW-UHFFFAOYSA-N,4.8875235037196
OXGHOYKJQNHWOZ-UHFFFAOYSA-N__IUHSRYIIGAEHLB-BJLQDIEVSA-N,13.163549665325458
IUHSRYIIGAEHLB-BJLQDIEVSA-N__OXGHOYKJQNHWOZ-UHFFFAOYSA-N,11.853603914815718
FNODPCSDXLPWPG-UHFFFAOYSA-N__UDSITKDZZMZPOE-UHFFFAOYSA-N,14.138583263574851
UDSITKDZZMZPOE-UHFFFAOYSA-N__FNODPCSDXLPWPG-UHFFFAOYSA-N,12.084130743702456
ZIHMKXOMCSCWJB-AHRBEJICSA-N__OLKIOTHQDRANLR-UHFFFAOYSA-N,5.051483624496528
MPZHGGPKPUVVQU-DHYNVXFASA-N__OFNMUJFRYMBJMR-UHFFFAOYSA-N,29.42754732786883
OFNMUJFRYMBJMR-UHFFFAOYSA-N__MPZHGGPKPUVVQU-DHYNVXFASA-N,31.02614525015981
OLKIOTHQDRANLR-UHFFFAOYSA-N__ZIHMKXOMCSCWJB-AHRBEJICSA-N,5.071975906770986
ORDLVCJEUWSMQQ-QUTSUCTLSA-N__DOFYZGQGRVMWGW-UHFFFAOYSA-N,2.519350665453606
DOFYZGQGRVMWGW-UHFFFAOYSA-N__ORDLVCJEUWSMQQ-QUTSUCTLSA-N,-0.848342769361187
KDXQTTBLXJKCRI-UHFFFAOYSA-N__IYAWOFDGKUIGMU-DJJCVVGVSA-N,5.906068832467329
IYAWOFDGKUIGMU-DJJCVVGVSA-N__KDXQTTBLXJKCRI-UHFFFAOYSA-N,7.275013387992025
IVAOYHNAFFFTMV-UHFFFAOYSA-N__IDIPEATZXGZBFX-UHFFFAOYSA-N,-0.1052767572152812
IDIPEATZXGZBFX-UHFFFAOYSA-N__IVAOYHNAFFFTMV-UHFFFAOYSA-N,7.569028269081411
DTIDCVZHNRKDFY-UHFFFAOYSA-N__UWGHTIOHAPPBIX-XBXARRHUSA-N,8.098084126322597
UWGHTIOHAPPBIX-XBXARRHUSA-N__DTIDCVZHNRKDFY-UHFFFAOYSA-N,15.664696768583406
ZZRPMMPOIUCNCU-VWLOTQADSA-N__LLCNBEGXYAUPNS-UHFFFAOYSA-N,15.563271571851944
VFVZQUWUFAMLKS-KFXMEGBXSA-N__PBCGKDIYBVKOTQ-MSXFZWOLSA-N,12.023549539469892
PBCGKDIYBVKOTQ-MSXFZWOLSA-N__VFVZQUWUFAMLKS-KFXMEGBXSA-N,4.414829553446393
LLCNBEGXYAUPNS-UHFFFAOYSA-N__ZZRPMMPOIUCNCU-VWLOTQADSA-N,28.52034730417889
GUBVECYGPJXRHX-WOJGMQOQSA-N__PVHLTNUZCSJZMD-ZVHZXABRSA-N,15.127738213938796
PVHLTNUZCSJZMD-ZVHZXABRSA-N__GUBVECYGPJXRHX-WOJGMQOQSA-N,8.286582565942533
REMMRMMQUKNHTE-ONHDOMIWSA-N__ZLZWAXBVZOQQPM-UHFFFAOYSA-N,24.069185577260534
ZLZWAXBVZOQQPM-UHFFFAOYSA-N__REMMRMMQUKNHTE-ONHDOMIWSA-N,23.298848594687342
DYHFNSNTFSWGAN-MOSHPQCFSA-N__PJUNMTHNNQPMQB-MQRVUQIVSA-N,13.81153316114438
PJUNMTHNNQPMQB-MQRVUQIVSA-N__DYHFNSNTFSWGAN-MOSHPQCFSA-N,13.568422268070396
XFENZGYBOBREJP-UHFFFAOYSA-N__ODAAIFOFCLMNLS-UHFFFAOYSA-N,2.0289960811956065
KAQTZCLXWMRKDV-HWPKMWFRSA-N__XSGYLJGOLKKUHL-UHFFFAOYSA-N,7.148411289403351
XSGYLJGOLKKUHL-UHFFFAOYSA-N__KAQTZCLXWMRKDV-HWPKMWFRSA-N,6.611969837618044
ODAAIFOFCLMNLS-UHFFFAOYSA-N__XFENZGYBOBREJP-UHFFFAOYSA-N,0.4138925499749173
DSFVIYWJOYIVLF-PUTKWVHKSA-N__JHFAEOYLFNWNFE-NTUHNPAUSA-N,4.246105970593948
IDPLKIVSDYPFER-UHFFFAOYSA-N__CLDCJQHZUBGXLA-UHFFFAOYSA-N,6.320187868162988
CLDCJQHZUBGXLA-UHFFFAOYSA-N__IDPLKIVSDYPFER-UHFFFAOYSA-N,8.46801708712184
JHFAEOYLFNWNFE-NTUHNPAUSA-N__DSFVIYWJOYIVLF-PUTKWVHKSA-N,5.089935847553071
OXKFPBGJKRYKMK-UHFFFAOYSA-N__IIJWTDJRWPJPTI-UHFFFAOYSA-N,3.479290401255449
IIJWTDJRWPJPTI-UHFFFAOYSA-N__OXKFPBGJKRYKMK-UHFFFAOYSA-N,-3.0718300076257083
BTLKCMVNVDLUMJ-JZWVFAODSA-N__JMRSNPNPWBKPKL-YQAGWJQESA-N,7.0407453710629895
JMRSNPNPWBKPKL-YQAGWJQESA-N__BTLKCMVNVDLUMJ-JZWVFAODSA-N,8.133105347774913
ICIOJMDHNCNQFM-UHFFFAOYSA-N__RPKNXMBUCNHVFO-RTYMXAFZSA-N,7.312662559512015
RPKNXMBUCNHVFO-RTYMXAFZSA-N__ICIOJMDHNCNQFM-UHFFFAOYSA-N,-0.3249604649036305
YCLWCRCXZPDERE-IPLHWJFFSA-N__FTDCZELTGPNREW-UHFFFAOYSA-N,5.227533354488611
FTDCZELTGPNREW-UHFFFAOYSA-N__YCLWCRCXZPDERE-IPLHWJFFSA-N,7.969840475316209
LANSWQSXJDUPKJ-QIFXQWQBSA-N__GMABTRNMZXLVKQ-UHFFFAOYSA-N,1.443191211655711
KTZPTLHYBIXTJD-FFIYDZMDSA-N__BWEKWXHYEYXLEF-UHFFFAOYSA-N,3.380033757452633
BWEKWXHYEYXLEF-UHFFFAOYSA-N__KTZPTLHYBIXTJD-FFIYDZMDSA-N,9.18431317230699
GMABTRNMZXLVKQ-UHFFFAOYSA-N__LANSWQSXJDUPKJ-QIFXQWQBSA-N,5.7672952903319405
ULXIGNWJWCAZMP-UHFFFAOYSA-N__DEBQIOFGENFHOT-INSVYWFGSA-N,6.125729545272806
DEBQIOFGENFHOT-INSVYWFGSA-N__ULXIGNWJWCAZMP-UHFFFAOYSA-N,3.777920349273335
NTNBAIJHMRKQQA-UHFFFAOYSA-N__DZHSJMGYPWAMQG-UHFFFAOYSA-N,7.75909681810894
DZHSJMGYPWAMQG-UHFFFAOYSA-N__NTNBAIJHMRKQQA-UHFFFAOYSA-N,5.684360272996474
KPNXMUYQVQRXGM-DXNGBFLNSA-N__QUSCKHXBHYIACC-BLVXVQLLSA-N,-1.7278491131416314
LWPUWJBEMIDYKZ-HYIQBTHLSA-N__RMATZYQNGMLMLR-UHFFFAOYSA-N,23.410599638970965
RMATZYQNGMLMLR-UHFFFAOYSA-N__LWPUWJBEMIDYKZ-HYIQBTHLSA-N,22.000966793549
QUSCKHXBHYIACC-BLVXVQLLSA-N__KPNXMUYQVQRXGM-DXNGBFLNSA-N,8.274588491680241
GTTXZKNGOCZNQO-IAGOWNOFSA-N__JTNRRLKTCKRRQL-UHFFFAOYSA-N,12.82632065844428
JTNRRLKTCKRRQL-UHFFFAOYSA-N__GTTXZKNGOCZNQO-IAGOWNOFSA-N,17.135932684636874
DKMNZRVGCPWDRT-UHFFFAOYSA-N__NIKKSXPLNKTMPF-UHFFFAOYSA-N,1.285896356680887
NIKKSXPLNKTMPF-UHFFFAOYSA-N__DKMNZRVGCPWDRT-UHFFFAOYSA-N,6.55755831262727
KJFHIZZIJTUCIO-UHFFFAOYSA-N__OVPHNADPLNBJNP-LUNQAIOCSA-N,-5.2043819196463375
OVPHNADPLNBJNP-LUNQAIOCSA-N__KJFHIZZIJTUCIO-UHFFFAOYSA-N,12.609135866949917
ANVVEFIQWWJFOF-CIDVGWMPSA-N__DAXSZMAYIASEDH-UHFFFAOYSA-N,5.525009022307833
OXNDSLHMDPEPCY-UHFFFAOYSA-N__ZCOZQPXFHNCFRT-JWAXUDIVSA-N,5.057846892929542
ZCOZQPXFHNCFRT-JWAXUDIVSA-N__OXNDSLHMDPEPCY-UHFFFAOYSA-N,4.203043507444059
DAXSZMAYIASEDH-UHFFFAOYSA-N__ANVVEFIQWWJFOF-CIDVGWMPSA-N,2.850250706034788
FYKDDEUSNJAKNY-UHFFFAOYSA-N__VQOQIFUAFHMMQG-UHFFFAOYSA-N,4.658034628018962
VQOQIFUAFHMMQG-UHFFFAOYSA-N__FYKDDEUSNJAKNY-UHFFFAOYSA-N,-0.4253813213704489
JIWNMLPXRVDNLM-OUPQRBNQSA-N__VRJXRMRWCUGEQI-UHFFFAOYSA-N,9.47332433078566
VRJXRMRWCUGEQI-UHFFFAOYSA-N__JIWNMLPXRVDNLM-OUPQRBNQSA-N,12.854729711564053
SGJZJSJZZNHWNN-FQEVSTJZSA-N__WFYXVCCYJGQCIV-FNPLBGOPSA-N,4.023449349073974
WFYXVCCYJGQCIV-FNPLBGOPSA-N__SGJZJSJZZNHWNN-FQEVSTJZSA-N,11.090221727682822
IHSCVTPHQHBWMZ-ZPDQPEGFSA-N__WIBQINYAVSXJCA-RBNLYLICSA-N,4.348400735304213
WIBQINYAVSXJCA-RBNLYLICSA-N__IHSCVTPHQHBWMZ-ZPDQPEGFSA-N,3.665472394316881
ZBBMLWAODQRSIU-ALWYRERHSA-N__IDISAUXNSSEXKT-UHFFFAOYSA-N,2.7830340800522126
NZINJOQBWBCKOY-SECBINFHSA-N__PNMPNSJXULNXMV-VQVVDHBBSA-N,13.90786346600845
IDISAUXNSSEXKT-UHFFFAOYSA-N__ZBBMLWAODQRSIU-ALWYRERHSA-N,3.864671437512494
PNMPNSJXULNXMV-VQVVDHBBSA-N__NZINJOQBWBCKOY-SECBINFHSA-N,0.2274861089361577
YEQCIDATVZBHDY-BOGNRJJQSA-N__KCWDJQOKAZNRHC-UHFFFAOYSA-N,11.179288871254297
MYGGMSJWDPRUIT-MMTVBGGISA-N__AOSSCAHOEAOSPB-NEWCVIGMSA-N,13.200645842764256
KCWDJQOKAZNRHC-UHFFFAOYSA-N__YEQCIDATVZBHDY-BOGNRJJQSA-N,6.102670573358931
AOSSCAHOEAOSPB-NEWCVIGMSA-N__MYGGMSJWDPRUIT-MMTVBGGISA-N,12.22002800701522
QATUCQWCECKWGC-YQLNASGTSA-N__CZTPKEOODCBDFQ-GFCCVEGCSA-N,-33.44704818995651
DNZFUYPDOIZPAG-NUSKQCICSA-N__WDOPVCYAHFBMEN-JYWGUMBUSA-N,10.373475235000257
WDOPVCYAHFBMEN-JYWGUMBUSA-N__DNZFUYPDOIZPAG-NUSKQCICSA-N,3.182295702661788
CZTPKEOODCBDFQ-GFCCVEGCSA-N__QATUCQWCECKWGC-YQLNASGTSA-N,3.9283888830939855
CUAVSSXSMBYETR-FZSIALSZSA-N__QSRNPAPEDNCYCM-BYHBIXDJSA-N,-5.695506634441902
QSRNPAPEDNCYCM-BYHBIXDJSA-N__CUAVSSXSMBYETR-FZSIALSZSA-N,-7.858324626886511
QFCDRBBFRKLMHQ-UHFFFAOYSA-N__UDEOXCMHZRZDQX-FIZQUBDPSA-N,13.150167664934026
JZHAHRKFMRWCNC-ZADUPDERSA-N__ASLNMMUYIWRQOM-UHFFFAOYSA-N,-1.3530014049399426
ASLNMMUYIWRQOM-UHFFFAOYSA-N__JZHAHRKFMRWCNC-ZADUPDERSA-N,7.182598752771649
UDEOXCMHZRZDQX-FIZQUBDPSA-N__QFCDRBBFRKLMHQ-UHFFFAOYSA-N,13.161919491854158
SBBWYPBMMXFXRS-JTQLQIEISA-N__AMNRWNSUWXPRPE-UHFFFAOYSA-N,5.577626762093166
HDWVROMJVNZLLG-ZFKFGCPPSA-N__CJXUFGYIMBFFTH-UHFFFAOYSA-N,1.7380469730862016
AMNRWNSUWXPRPE-UHFFFAOYSA-N__SBBWYPBMMXFXRS-JTQLQIEISA-N,8.311679633829666
CJXUFGYIMBFFTH-UHFFFAOYSA-N__HDWVROMJVNZLLG-ZFKFGCPPSA-N,8.76182652780565
XFYAWBIVVPLVTO-UHFFFAOYSA-N__VJWGGMPNAIYLBG-DDSBVMTCSA-N,8.672338846043058
VJWGGMPNAIYLBG-DDSBVMTCSA-N__XFYAWBIVVPLVTO-UHFFFAOYSA-N,7.364028907541374
DRLGMINSEGVGHA-NJAKMQSKSA-N__YTNACMGNWWKRQK-UHFFFAOYSA-N,11.33626103767448
YTNACMGNWWKRQK-UHFFFAOYSA-N__DRLGMINSEGVGHA-NJAKMQSKSA-N,4.561113447335186
ZGNCHBYVQHKLQO-CZFGXCISSA-N__AAURBKJLMIEESN-UHFFFAOYSA-N,14.020877222496017
WFAFLEFLUMNSPS-UHFFFAOYSA-N__XJJCXWQRAKFORD-UHFFFAOYSA-N,4.6344955760558975
AAURBKJLMIEESN-UHFFFAOYSA-N__ZGNCHBYVQHKLQO-CZFGXCISSA-N,15.190743922487773
XJJCXWQRAKFORD-UHFFFAOYSA-N__WFAFLEFLUMNSPS-UHFFFAOYSA-N,14.460315176439796
KJESHYZKNNVJCA-ONEGZZNKSA-N__HWGHMDWEDIPVGC-SIYBWXAISA-N,14.17971466036354
HWGHMDWEDIPVGC-SIYBWXAISA-N__KJESHYZKNNVJCA-ONEGZZNKSA-N,7.138819248349704
IOFLBCCZMCMTJO-QHCPKHFHSA-N__QNNZFQQBGDNWQV-VDGNBWHHSA-N,7.415265294568018
QNNZFQQBGDNWQV-VDGNBWHHSA-N__IOFLBCCZMCMTJO-QHCPKHFHSA-N,6.153347490954495
YTLXUBYQDRLWPF-PLNGDYQASA-N__PBXVKXOINRWKQM-STZFKDTASA-N,3.366807633303332
PBXVKXOINRWKQM-STZFKDTASA-N__YTLXUBYQDRLWPF-PLNGDYQASA-N,-1.4513324778478238
KVQCRAUYBOSVGL-UHFFFAOYSA-N__YEWKYTNHFPESFT-RAWMCFOBSA-N,10.193293656641805
YEWKYTNHFPESFT-RAWMCFOBSA-N__KVQCRAUYBOSVGL-UHFFFAOYSA-N,13.641147851472502
GIEADKTXJGDWNU-UHFFFAOYSA-N__UCJPAFFAEUIPHG-UHFFFAOYSA-N,6.0718217670901415
UCJPAFFAEUIPHG-UHFFFAOYSA-N__GIEADKTXJGDWNU-UHFFFAOYSA-N,1.76696573785802
HHHSYUVZVRQQGI-CWQZNGJJSA-N__FGBVZNWWPHMIJL-AATRIKPKSA-N,0.412559963660628
FGBVZNWWPHMIJL-AATRIKPKSA-N__HHHSYUVZVRQQGI-CWQZNGJJSA-N,7.9050231540891716
UZBLDLKIJWHYQF-OAPZVAQESA-N__UOYXCWSPBUWMJV-HLKLPANWSA-N,10.291527333989556
IHMIALFDIVOQEN-FICMROCWSA-N__QQZGKRADAAPEFI-MBGZROKYSA-N,21.531864547814617
UOYXCWSPBUWMJV-HLKLPANWSA-N__UZBLDLKIJWHYQF-OAPZVAQESA-N,5.615864036463864
QQZGKRADAAPEFI-MBGZROKYSA-N__IHMIALFDIVOQEN-FICMROCWSA-N,15.34935762819919
FIEJDPGEWUAGLK-UHFFFAOYSA-N__MPPLONKVFLDUQJ-IIIMJFFVSA-N,27.422392344088244
MPPLONKVFLDUQJ-IIIMJFFVSA-N__FIEJDPGEWUAGLK-UHFFFAOYSA-N,31.36823193385933
MFWWMGIYQKDADU-UHFFFAOYSA-N__PTPRRIRZXZFVLT-UHFFFAOYSA-N,-1.1745574811729729
PTPRRIRZXZFVLT-UHFFFAOYSA-N__MFWWMGIYQKDADU-UHFFFAOYSA-N,9.33094070347181
RDBHFUIGCKZOMM-UHFFFAOYSA-N__WMHUTDNQFLHURE-UHFFFAOYSA-N,5.646773118674875
WMHUTDNQFLHURE-UHFFFAOYSA-N__RDBHFUIGCKZOMM-UHFFFAOYSA-N,-0.1190022288042277
PBBISWMMBXAYNP-UHFFFAOYSA-N__HEWKRXBEFZRQOD-DCIOMXRHSA-N,26.451502723501203
HEWKRXBEFZRQOD-DCIOMXRHSA-N__PBBISWMMBXAYNP-UHFFFAOYSA-N,10.508112133608892
DEBUYKQLBQZJHZ-UHFFFAOYSA-N__WKRDHDGPLZSRRG-UHFFFAOYSA-N,14.334860497323556
WKRDHDGPLZSRRG-UHFFFAOYSA-N__DEBUYKQLBQZJHZ-UHFFFAOYSA-N,22.347746932236728
NSMCAMLRIVACSR-XLQDAESGSA-N__ILMHTUXEUGIWEK-AXHNFQJDSA-N,8.583476076065265
ILMHTUXEUGIWEK-AXHNFQJDSA-N__NSMCAMLRIVACSR-XLQDAESGSA-N,12.0259513117184
KSFPJPOJRDNIBQ-QFIPXVFZSA-N__BTHZZUWASCSYNY-UHFFFAOYSA-N,7.779481806529583
BTHZZUWASCSYNY-UHFFFAOYSA-N__KSFPJPOJRDNIBQ-QFIPXVFZSA-N,1.9392620644763017
YOPUKWFAKDVHED-BYUUTECOSA-N__VVYOQJGKGBEIDG-SPRNKHAWSA-N,8.009588186114305
VVYOQJGKGBEIDG-SPRNKHAWSA-N__YOPUKWFAKDVHED-BYUUTECOSA-N,5.094786811175408
GMBOJSOBSILDFR-UHFFFAOYSA-N__WGUYYROXUXKWLB-NTEUORMPSA-N,11.0340392734
YXLIFRMTKBWEQE-UHFFFAOYSA-N__QFUFLVLIJFDNNG-FXBPXSCXSA-N,7.025650939111668
QFUFLVLIJFDNNG-FXBPXSCXSA-N__YXLIFRMTKBWEQE-UHFFFAOYSA-N,14.254698735628782
WGUYYROXUXKWLB-NTEUORMPSA-N__GMBOJSOBSILDFR-UHFFFAOYSA-N,7.547471692626894
MYYLKOYECMERIA-GDLYZYCNSA-N__GYGCFINCMXTCIL-GHXNOFRVSA-N,8.410855040841144
DLZZIKVJNKUFQG-UHFFFAOYSA-N__JKYNBWMXPRBUKD-UHFFFAOYSA-N,9.194362206498909
GYGCFINCMXTCIL-GHXNOFRVSA-N__MYYLKOYECMERIA-GDLYZYCNSA-N,12.662252568941229
JKYNBWMXPRBUKD-UHFFFAOYSA-N__DLZZIKVJNKUFQG-UHFFFAOYSA-N,6.060760723487366
ZPQDKIXQMXUTIQ-UHFFFAOYSA-N__SGWBZOIZZYDRAC-UHFFFAOYSA-N,18.01595622701432
SGWBZOIZZYDRAC-UHFFFAOYSA-N__ZPQDKIXQMXUTIQ-UHFFFAOYSA-N,15.864470363108117
LAZRPXNOSGQDDS-UHFFFAOYSA-N__HQZNJQUGTQCBNQ-GOSISDBHSA-N,4.800882992666522
HQZNJQUGTQCBNQ-GOSISDBHSA-N__LAZRPXNOSGQDDS-UHFFFAOYSA-N,5.19468651355155
ZZLROEZPBKWYIL-UHFFFAOYSA-N__GDMZDFSLJSKWLF-FLOOPIEZSA-N,9.549546700575634
GDMZDFSLJSKWLF-FLOOPIEZSA-N__ZZLROEZPBKWYIL-UHFFFAOYSA-N,4.773636633534035
MFTXIWJAKACWDM-UHFFFAOYSA-N__GUDOZZIXOQDSFE-KZUDCZAMSA-N,-3.689807780054761
GUDOZZIXOQDSFE-KZUDCZAMSA-N__MFTXIWJAKACWDM-UHFFFAOYSA-N,3.819093200486086
QWKTZIDRAPHMCH-UHFFFAOYSA-N__FVQYHIYFHAVCLA-UHFFFAOYSA-N,29.861502746571464
FVQYHIYFHAVCLA-UHFFFAOYSA-N__QWKTZIDRAPHMCH-UHFFFAOYSA-N,11.6097167497948
FAWMWUIOVGHDBC-UHFFFAOYSA-N__WGLDHPMXZFNTBG-UHFFFAOYSA-N,9.119583933188174
WGLDHPMXZFNTBG-UHFFFAOYSA-N__FAWMWUIOVGHDBC-UHFFFAOYSA-N,10.508328957241256
PEDDHMVJBPLVAK-UHFFFAOYSA-N__NIOXVRCNKNYDNN-UHFFFAOYSA-N,6.664523122103918
NIOXVRCNKNYDNN-UHFFFAOYSA-N__PEDDHMVJBPLVAK-UHFFFAOYSA-N,2.759890128159878
BEOOPBKFWNXDDW-JFIBYHEFSA-N__ZVOWRBMOGOLTMV-UHFFFAOYSA-N,8.571643111230435
ZVOWRBMOGOLTMV-UHFFFAOYSA-N__BEOOPBKFWNXDDW-JFIBYHEFSA-N,17.466009719505028
CIPKYAVPUZHJDL-UHFFFAOYSA-N__CQEXBAVDLGLMSR-UHFFFAOYSA-N,1.4837064483124134
CQEXBAVDLGLMSR-UHFFFAOYSA-N__CIPKYAVPUZHJDL-UHFFFAOYSA-N,11.53234405501448
XZXFGBGVVAGMDY-VDHWJZKRSA-N__GVEXSPLQOBFUPX-UHFFFAOYSA-N,4.195683893058362
GVEXSPLQOBFUPX-UHFFFAOYSA-N__XZXFGBGVVAGMDY-VDHWJZKRSA-N,2.149103378024479
GUJODAGMWBJOJY-UHFFFAOYSA-N__CIAPVUUTWMPNJH-UHFFFAOYSA-N,7.226751043959682
CIAPVUUTWMPNJH-UHFFFAOYSA-N__GUJODAGMWBJOJY-UHFFFAOYSA-N,2.999065268645772
QKHCBGOAWDACTB-CZYKHXBRSA-N__GFJWBINRLOVWMP-UHFFFAOYSA-N,23.973646987504985
GFJWBINRLOVWMP-UHFFFAOYSA-N__QKHCBGOAWDACTB-CZYKHXBRSA-N,9.532016519907913
QQRVXERPSXZBIF-UHFFFAOYSA-N__ZXTPDKSUMWOFCA-UHFFFAOYSA-N,7.022661417571351
JERQKJRGNCNVDS-UHFFFAOYSA-N__SGGBMBZZNKFDFM-UHFFFAOYSA-N,4.8102732955528
ZXTPDKSUMWOFCA-UHFFFAOYSA-N__QQRVXERPSXZBIF-UHFFFAOYSA-N,3.876697718022646
SGGBMBZZNKFDFM-UHFFFAOYSA-N__JERQKJRGNCNVDS-UHFFFAOYSA-N,2.8060493493468868
QVALMFJGJJDPMH-LOLIZKTESA-N__OZFNVSPVNHSBSM-UHFFFAOYSA-N,1.0374610846204757
LPBRGPIHGSNTEA-AJPHNGIPSA-N__VXPMUVHYLQVXBN-UHFFFAOYSA-N,14.529180181466002
VXPMUVHYLQVXBN-UHFFFAOYSA-N__LPBRGPIHGSNTEA-AJPHNGIPSA-N,12.908704527823888
OZFNVSPVNHSBSM-UHFFFAOYSA-N__QVALMFJGJJDPMH-LOLIZKTESA-N,5.572945481059505
QRSPGCXYQQZJTG-WRDVKNCISA-N__GWIURZUSHJIUNA-UHFFFAOYSA-N,-6.341005255691282
GWIURZUSHJIUNA-UHFFFAOYSA-N__QRSPGCXYQQZJTG-WRDVKNCISA-N,-1.5809730564673306
ZRZNQXAGFQZVGC-UHFFFAOYSA-N__MYEPMFFTEGGJIX-UHFFFAOYSA-N,24.513522547161976
MYEPMFFTEGGJIX-UHFFFAOYSA-N__ZRZNQXAGFQZVGC-UHFFFAOYSA-N,6.162835045937032
OSCNMLMGOFTUJQ-UHFFFAOYSA-N__QQADZEJBIMMHSO-UHFFFAOYSA-N,4.664887083139667
QQADZEJBIMMHSO-UHFFFAOYSA-N__OSCNMLMGOFTUJQ-UHFFFAOYSA-N,5.083131770504158
MHBOVIQJPSQPMK-UHFFFAOYSA-N__STINYPFJROKCKD-WIBUTAKZSA-N,-2.275985853955519
STINYPFJROKCKD-WIBUTAKZSA-N__MHBOVIQJPSQPMK-UHFFFAOYSA-N,16.774367739278848
YLIUOQLKDHZJFT-UHFFFAOYSA-N__RFORICRWERWQSD-UHFFFAOYSA-N,7.916029281919488
PPLKCAPGVOTLGM-DENIHFKCSA-N__FNODPCSDXLPWPG-UHFFFAOYSA-N,3.0730990510736103
RFORICRWERWQSD-UHFFFAOYSA-N__YLIUOQLKDHZJFT-UHFFFAOYSA-N,5.061790917483192
FNODPCSDXLPWPG-UHFFFAOYSA-N__PPLKCAPGVOTLGM-DENIHFKCSA-N,9.114416366276329
UPAHLPUINKDRNK-BZUCXLHXSA-N__ZHYWPCWWYQXRBD-UHFFFAOYSA-N,23.595006953275348
ZHYWPCWWYQXRBD-UHFFFAOYSA-N__UPAHLPUINKDRNK-BZUCXLHXSA-N,7.813286577204775
YIHMFUWFTYOZPD-KGLIPLIRSA-N__MLOPBTMIQJGMMW-UHFFFAOYSA-N,3.2273116606195806
MLOPBTMIQJGMMW-UHFFFAOYSA-N__YIHMFUWFTYOZPD-KGLIPLIRSA-N,7.566923756541298
LNBYWKPBAWBITH-UHFFFAOYSA-N__NZINJOQBWBCKOY-SECBINFHSA-N,13.921238832818837
NZINJOQBWBCKOY-SECBINFHSA-N__LNBYWKPBAWBITH-UHFFFAOYSA-N,17.5917131425725
PDXFANPJURPCCV-UHFFFAOYSA-N__DOFYZGQGRVMWGW-UHFFFAOYSA-N,0.1683873255833607
DOFYZGQGRVMWGW-UHFFFAOYSA-N__PDXFANPJURPCCV-UHFFFAOYSA-N,0.1034245828565066
LHICNIQDUSLKGT-WRWGMCAJSA-N__NIKKSXPLNKTMPF-UHFFFAOYSA-N,6.034737579549818
NIKKSXPLNKTMPF-UHFFFAOYSA-N__LHICNIQDUSLKGT-WRWGMCAJSA-N,9.646071490941257
LUEOULWRAHNSNY-UHFFFAOYSA-N__IVAOYHNAFFFTMV-UHFFFAOYSA-N,7.766564166370908
IVAOYHNAFFFTMV-UHFFFAOYSA-N__LUEOULWRAHNSNY-UHFFFAOYSA-N,6.967657706110333
CZTPKEOODCBDFQ-GFCCVEGCSA-N__INFIIGCCORZUMG-UHFFFAOYSA-N,1.6334017048785068
INFIIGCCORZUMG-UHFFFAOYSA-N__CZTPKEOODCBDFQ-GFCCVEGCSA-N,-5.225504911472266
FAWMWUIOVGHDBC-UHFFFAOYSA-N__UGUNVVRIZFUPIF-UHFFFAOYSA-N,22.037379354728767
UGUNVVRIZFUPIF-UHFFFAOYSA-N__FAWMWUIOVGHDBC-UHFFFAOYSA-N,13.09727845940245
WDUPXMRYAWAEOV-UHFFFAOYSA-N__KKLGKOMJIVOEFF-PJQLUOCWSA-N,10.1550341425889
KKLGKOMJIVOEFF-PJQLUOCWSA-N__WDUPXMRYAWAEOV-UHFFFAOYSA-N,13.897430438888462
TUTVWLUDKUFWLL-UHFFFAOYSA-N__UOCYESYMHTXYHI-JAZPPYFYSA-N,6.136135252191932
UOCYESYMHTXYHI-JAZPPYFYSA-N__TUTVWLUDKUFWLL-UHFFFAOYSA-N,7.461512352740494
OEKOTCPWXRCUOR-UHFFFAOYSA-N__OXGHOYKJQNHWOZ-UHFFFAOYSA-N,18.56890488359546
OXGHOYKJQNHWOZ-UHFFFAOYSA-N__OEKOTCPWXRCUOR-UHFFFAOYSA-N,3.515070309879288
DKDUDGKKIHKPFW-YZHSZULSSA-N__FPERANCMPLPMGW-NLYITROOSA-N,1.7477322065866654
FPERANCMPLPMGW-NLYITROOSA-N__DKDUDGKKIHKPFW-YZHSZULSSA-N,-5.343830601901345
LNBYWKPBAWBITH-UHFFFAOYSA-N__QLABVWDQSFKVFT-UHFFFAOYSA-N,9.75379692260386
QLABVWDQSFKVFT-UHFFFAOYSA-N__LNBYWKPBAWBITH-UHFFFAOYSA-N,7.374381556941099
WAEFHEJJGGLRRK-UHFFFAOYSA-N__GUVQFOLVSYGCTG-UHFFFAOYSA-N,33.87921095646872
ZIHMKXOMCSCWJB-AHRBEJICSA-N__KQXJCTJAUZBYPX-UHFFFAOYSA-N,2.4353697492023243
GUVQFOLVSYGCTG-UHFFFAOYSA-N__WAEFHEJJGGLRRK-UHFFFAOYSA-N,12.284297698611198
KQXJCTJAUZBYPX-UHFFFAOYSA-N__ZIHMKXOMCSCWJB-AHRBEJICSA-N,8.382607327860997
HSUQYQOKSHONQW-UHFFFAOYSA-N__RZWMFMFOWONEQY-UHFFFAOYSA-N,4.833645661189032
RZWMFMFOWONEQY-UHFFFAOYSA-N__HSUQYQOKSHONQW-UHFFFAOYSA-N,-1.531415565268532
LMULYWVYCTZZIH-UHFFFAOYSA-N__ISOFDMIQTLOWJL-UHFFFAOYSA-N,13.86246807029667
ISOFDMIQTLOWJL-UHFFFAOYSA-N__LMULYWVYCTZZIH-UHFFFAOYSA-N,18.94734719026121
OAASAZVUODPWTQ-UHFFFAOYSA-N__PDXFANPJURPCCV-UHFFFAOYSA-N,9.29723181317567
PDXFANPJURPCCV-UHFFFAOYSA-N__OAASAZVUODPWTQ-UHFFFAOYSA-N,8.809947569270799
KJESHYZKNNVJCA-ONEGZZNKSA-N__GTTXZKNGOCZNQO-IAGOWNOFSA-N,9.506900624795454
GTTXZKNGOCZNQO-IAGOWNOFSA-N__KJESHYZKNNVJCA-ONEGZZNKSA-N,21.35177451724059
NBBJMCUNIZZDMG-UHFFFAOYSA-N__VJLMFSJUEAYQBU-RLDCUGIHSA-N,-7.090563194755088
XLVOQKYHLPAOCM-HRTDOOMSSA-N__FBPNUZLMODFKHD-UHFFFAOYSA-N,12.960991922464132
VJLMFSJUEAYQBU-RLDCUGIHSA-N__NBBJMCUNIZZDMG-UHFFFAOYSA-N,-12.674311685627622
FBPNUZLMODFKHD-UHFFFAOYSA-N__XLVOQKYHLPAOCM-HRTDOOMSSA-N,11.085476691904256
CLDCJQHZUBGXLA-UHFFFAOYSA-N__IDIPEATZXGZBFX-UHFFFAOYSA-N,4.74291537042733
IDIPEATZXGZBFX-UHFFFAOYSA-N__CLDCJQHZUBGXLA-UHFFFAOYSA-N,14.219834206115213
HHXUHDCZFCHWCS-VYAYZGMFSA-N__CZZNMNMZPLJFSO-UHFFFAOYSA-N,18.76557610366156
CZZNMNMZPLJFSO-UHFFFAOYSA-N__HHXUHDCZFCHWCS-VYAYZGMFSA-N,17.23367851476866
HSUQYQOKSHONQW-UHFFFAOYSA-N__KVQCRAUYBOSVGL-UHFFFAOYSA-N,7.181715788363457
KVQCRAUYBOSVGL-UHFFFAOYSA-N__HSUQYQOKSHONQW-UHFFFAOYSA-N,4.137720448464257
MUJROVSBJXUCQV-KYJUHHDHSA-N__MFTXIWJAKACWDM-UHFFFAOYSA-N,6.7986759893073865
MFTXIWJAKACWDM-UHFFFAOYSA-N__MUJROVSBJXUCQV-KYJUHHDHSA-N,13.16537926056836
IPTMVLHUTWVYGZ-SFVWDYPZSA-N__AERORUZSLZRNSK-UHFFFAOYSA-N,5.3372485770330576
AERORUZSLZRNSK-UHFFFAOYSA-N__IPTMVLHUTWVYGZ-SFVWDYPZSA-N,6.473907970735105
QJIHLKQEDOWOBW-UHFFFAOYSA-N__LUEOULWRAHNSNY-UHFFFAOYSA-N,16.244866389123064
LUEOULWRAHNSNY-UHFFFAOYSA-N__QJIHLKQEDOWOBW-UHFFFAOYSA-N,8.893080359292421
IYLNRCJOVIVOAE-UHFFFAOYSA-N__LDGAPDXDBVKJMZ-MDZDMXLPSA-N,7.707144652948625
SBBWYPBMMXFXRS-JTQLQIEISA-N__AXRWQAUUTZEPPM-SHABUIRWSA-N,5.103740456695235
AXRWQAUUTZEPPM-SHABUIRWSA-N__SBBWYPBMMXFXRS-JTQLQIEISA-N,-1.5497488922117526
LDGAPDXDBVKJMZ-MDZDMXLPSA-N__IYLNRCJOVIVOAE-UHFFFAOYSA-N,-6.528938342363307
QFCDRBBFRKLMHQ-UHFFFAOYSA-N__MHBOVIQJPSQPMK-UHFFFAOYSA-N,5.944241810197767
MHBOVIQJPSQPMK-UHFFFAOYSA-N__QFCDRBBFRKLMHQ-UHFFFAOYSA-N,12.687172481419964
LDFKULXKYPZSIU-UHFFFAOYSA-N__FYKDDEUSNJAKNY-UHFFFAOYSA-N,2.028063456743589
FYKDDEUSNJAKNY-UHFFFAOYSA-N__LDFKULXKYPZSIU-UHFFFAOYSA-N,11.274771503251658
RZTYAECJYXYQGG-UHFFFAOYSA-N__WWKMSEXGFDPZSX-UHFFFAOYSA-N,7.93726316767918
IHSCVTPHQHBWMZ-ZPDQPEGFSA-N__MCWWLXPEOKPSFV-UHFFFAOYSA-N,6.564937505586619
MCWWLXPEOKPSFV-UHFFFAOYSA-N__IHSCVTPHQHBWMZ-ZPDQPEGFSA-N,6.914648538244501
WWKMSEXGFDPZSX-UHFFFAOYSA-N__RZTYAECJYXYQGG-UHFFFAOYSA-N,-0.4685587219807996
LAZRPXNOSGQDDS-UHFFFAOYSA-N__JFTABPCETWVXLD-DUIFPFAGSA-N,11.10070108186203
JFTABPCETWVXLD-DUIFPFAGSA-N__LAZRPXNOSGQDDS-UHFFFAOYSA-N,11.035313579710497
KDXQTTBLXJKCRI-UHFFFAOYSA-N__YVXUIIHQOJJHGW-UHFFFAOYSA-N,6.438510487709034
YVXUIIHQOJJHGW-UHFFFAOYSA-N__KDXQTTBLXJKCRI-UHFFFAOYSA-N,9.487212498679414
ILMHTUXEUGIWEK-AXHNFQJDSA-N__IFJLQTBWTLNGJV-UHFFFAOYSA-N,2.9001683469086443
IFJLQTBWTLNGJV-UHFFFAOYSA-N__ILMHTUXEUGIWEK-AXHNFQJDSA-N,-3.0256460801195977
FCFVZEJWRSESLD-RCYWMZLZSA-N__WDOPVCYAHFBMEN-JYWGUMBUSA-N,8.245040742633059
WDOPVCYAHFBMEN-JYWGUMBUSA-N__FCFVZEJWRSESLD-RCYWMZLZSA-N,11.244932209936891
FDGJGTBCNSVZNE-INZUIXSESA-N__QVRUUTAYBHGFIV-UHFFFAOYSA-N,7.186212430040025
QVRUUTAYBHGFIV-UHFFFAOYSA-N__FDGJGTBCNSVZNE-INZUIXSESA-N,19.305184406321448
OMYWMPWONGFGEN-UHFFFAOYSA-N__IDISAUXNSSEXKT-UHFFFAOYSA-N,0.3784058892075424
HEWKRXBEFZRQOD-DCIOMXRHSA-N__AJLLJEGLHKXUCF-DJZRFWRSSA-N,13.94289685385333
IDISAUXNSSEXKT-UHFFFAOYSA-N__OMYWMPWONGFGEN-UHFFFAOYSA-N,11.840676133452128
AJLLJEGLHKXUCF-DJZRFWRSSA-N__HEWKRXBEFZRQOD-DCIOMXRHSA-N,11.893360621390627
IBLOOFYQDTVZNK-PDZLLWCNSA-N__QMRFNQBFZKBEFI-ZWABPJIMSA-N,15.695173292742208
YBRIFDNKHOIUMV-UHFFFAOYSA-N__KPSFZKRFARILAF-UHFFFAOYSA-N,3.572120098213685
QMRFNQBFZKBEFI-ZWABPJIMSA-N__IBLOOFYQDTVZNK-PDZLLWCNSA-N,16.259309622228347
KPSFZKRFARILAF-UHFFFAOYSA-N__YBRIFDNKHOIUMV-UHFFFAOYSA-N,-0.0052574179559908
GZLRJVFMTYRTKK-UZSULEHISA-N__DEBQIOFGENFHOT-INSVYWFGSA-N,15.71038964715375
DEBQIOFGENFHOT-INSVYWFGSA-N__GZLRJVFMTYRTKK-UZSULEHISA-N,4.549219907502666
KJFHIZZIJTUCIO-UHFFFAOYSA-N__HRGVUPAZEIIYIV-UHFFFAOYSA-N,10.369179075058588
HRGVUPAZEIIYIV-UHFFFAOYSA-N__KJFHIZZIJTUCIO-UHFFFAOYSA-N,15.905092677887785
BEOOPBKFWNXDDW-JFIBYHEFSA-N__VFVZQUWUFAMLKS-KFXMEGBXSA-N,15.25006999191992
VFVZQUWUFAMLKS-KFXMEGBXSA-N__BEOOPBKFWNXDDW-JFIBYHEFSA-N,14.034919860100985
MCWWLXPEOKPSFV-UHFFFAOYSA-N__OXNDSLHMDPEPCY-UHFFFAOYSA-N,4.011488375943078
OXNDSLHMDPEPCY-UHFFFAOYSA-N__MCWWLXPEOKPSFV-UHFFFAOYSA-N,17.63889621653737
RMATZYQNGMLMLR-UHFFFAOYSA-N__DLZZIKVJNKUFQG-UHFFFAOYSA-N,7.390827281725485
DLZZIKVJNKUFQG-UHFFFAOYSA-N__RMATZYQNGMLMLR-UHFFFAOYSA-N,11.941609708819133
OFNMUJFRYMBJMR-UHFFFAOYSA-N__UDCTUROYUUENFP-UHFFFAOYSA-N,16.671520216906714
UDCTUROYUUENFP-UHFFFAOYSA-N__OFNMUJFRYMBJMR-UHFFFAOYSA-N,16.27479923272392
DAKMSDXNMDLJHA-OAQYLSRUSA-N__WWKMSEXGFDPZSX-UHFFFAOYSA-N,1.3216427904966717
WWKMSEXGFDPZSX-UHFFFAOYSA-N__DAKMSDXNMDLJHA-OAQYLSRUSA-N,3.041499158864245
MAHJHFQMSNGYHY-UHFFFAOYSA-N__DSFVIYWJOYIVLF-PUTKWVHKSA-N,19.867947362094192
DSFVIYWJOYIVLF-PUTKWVHKSA-N__MAHJHFQMSNGYHY-UHFFFAOYSA-N,10.879691873019905
VXPMUVHYLQVXBN-UHFFFAOYSA-N__OVVOGMAUJTZSGL-VMPITWQZSA-N,-1.6396505853084098
OVVOGMAUJTZSGL-VMPITWQZSA-N__VXPMUVHYLQVXBN-UHFFFAOYSA-N,6.7963540635847215
VVYOQJGKGBEIDG-SPRNKHAWSA-N__HQQFMTARTALSCK-UHFFFAOYSA-N,1.8926371598502347
HQQFMTARTALSCK-UHFFFAOYSA-N__VVYOQJGKGBEIDG-SPRNKHAWSA-N,0.3519017580668627
ZWCJEUDXFCUVTR-VNQMDCOQSA-N__MUJROVSBJXUCQV-KYJUHHDHSA-N,10.12232048121049
GIJVYXUOJVWUEE-UHFFFAOYSA-N__QZJOWFMBPYRUFG-UHFFFAOYSA-N,37.42266961372896
FAWMWUIOVGHDBC-UHFFFAOYSA-N__PJUNMTHNNQPMQB-MQRVUQIVSA-N,9.980534867382778
MUJROVSBJXUCQV-KYJUHHDHSA-N__ZWCJEUDXFCUVTR-VNQMDCOQSA-N,5.257629359956293
PJUNMTHNNQPMQB-MQRVUQIVSA-N__FAWMWUIOVGHDBC-UHFFFAOYSA-N,14.791528384240207
QZJOWFMBPYRUFG-UHFFFAOYSA-N__GIJVYXUOJVWUEE-UHFFFAOYSA-N,40.47213528880446
IVAOYHNAFFFTMV-UHFFFAOYSA-N__LNFISTIUDCZNOV-UHFFFAOYSA-N,-0.6470794791042885
KJESHYZKNNVJCA-ONEGZZNKSA-N__LPQFWKNGUFVNCB-UHFFFAOYSA-N,7.176436795181992
LPQFWKNGUFVNCB-UHFFFAOYSA-N__KJESHYZKNNVJCA-ONEGZZNKSA-N,9.40131802857536
LNFISTIUDCZNOV-UHFFFAOYSA-N__IVAOYHNAFFFTMV-UHFFFAOYSA-N,-5.462763758451969
FVQYHIYFHAVCLA-UHFFFAOYSA-N__YHQFISOOVYLPRR-HFIQGDHTSA-N,-0.3248748880983487
YHQFISOOVYLPRR-HFIQGDHTSA-N__FVQYHIYFHAVCLA-UHFFFAOYSA-N,4.8439260748533615
GUBVECYGPJXRHX-WOJGMQOQSA-N__IHXYHXLXZRGMRD-UHFFFAOYSA-N,8.229754411524873
IHXYHXLXZRGMRD-UHFFFAOYSA-N__GUBVECYGPJXRHX-WOJGMQOQSA-N,-0.8553620637607563
SKKNMHZCAJBNHK-GUBZILKMSA-N__OAASAZVUODPWTQ-UHFFFAOYSA-N,-5.780440358036331
OAASAZVUODPWTQ-UHFFFAOYSA-N__SKKNMHZCAJBNHK-GUBZILKMSA-N,-16.026666404760974
AUHVRQBSVLQFGV-OWOJBTEDSA-N__FCOMRKGVKNDFAE-UHFFFAOYSA-N,11.438333658960817
FCOMRKGVKNDFAE-UHFFFAOYSA-N__AUHVRQBSVLQFGV-OWOJBTEDSA-N,2.87626392863597
DDNOJUSJEFKHEA-UTISWFAOSA-N__HSJRAEQQVXRGGM-UHFFFAOYSA-N,-7.564426280978546
NSMCAMLRIVACSR-XLQDAESGSA-N__CHNQIWIHCQJXEF-UHFFFAOYSA-N,3.4694601651611108
HSJRAEQQVXRGGM-UHFFFAOYSA-N__DDNOJUSJEFKHEA-UTISWFAOSA-N,4.938355469019555
CHNQIWIHCQJXEF-UHFFFAOYSA-N__NSMCAMLRIVACSR-XLQDAESGSA-N,10.337245408696472
OKNMTGKBGMUSPO-UHFFFAOYSA-N__QTICSWKIAUNFNL-UHFFFAOYSA-N,4.787539495809273
QTICSWKIAUNFNL-UHFFFAOYSA-N__OKNMTGKBGMUSPO-UHFFFAOYSA-N,2.4703253603675805
QVRUUTAYBHGFIV-UHFFFAOYSA-N__ULLUEVQGVZGWKG-UHFFFAOYSA-N,1.4663641421798408
IHSCVTPHQHBWMZ-ZPDQPEGFSA-N__IHWFJEJXLPPDDG-QPAOKJHLSA-N,8.56762316511128
IHWFJEJXLPPDDG-QPAOKJHLSA-N__IHSCVTPHQHBWMZ-ZPDQPEGFSA-N,5.265128621545855
OJHBHLAYFBTMCJ-UHFFFAOYSA-N__UGOOKYBEVBCZMR-YGWIHHTISA-N,19.573925195094752
MLOPBTMIQJGMMW-UHFFFAOYSA-N__GVIPQRZWCDGLDH-UHFFFAOYSA-N,-2.9460654050290445
GVIPQRZWCDGLDH-UHFFFAOYSA-N__MLOPBTMIQJGMMW-UHFFFAOYSA-N,-1.945200712525453
DYOHFZZKDCNNMZ-UHFFFAOYSA-N__QDCJDJXTBIDGBN-XWTNZUCXSA-N,-4.244268747153744
UGOOKYBEVBCZMR-YGWIHHTISA-N__OJHBHLAYFBTMCJ-UHFFFAOYSA-N,8.916002635463029
QDCJDJXTBIDGBN-XWTNZUCXSA-N__DYOHFZZKDCNNMZ-UHFFFAOYSA-N,2.055817859180993
KVHISNZEFUHGGN-UHFFFAOYSA-N__XUTCZHOCJRNZOT-AVKWCDSFSA-N,16.060288539579492
QEXJQNNCFMEOBU-CQYVNPLVSA-N__PWALNNQORCIGJT-UHFFFAOYSA-N,9.41622887428429
PWALNNQORCIGJT-UHFFFAOYSA-N__QEXJQNNCFMEOBU-CQYVNPLVSA-N,21.37714564977442
XUTCZHOCJRNZOT-AVKWCDSFSA-N__KVHISNZEFUHGGN-UHFFFAOYSA-N,11.767042160647923
IVVZAHKUUSHJNO-UHFFFAOYSA-N__ISUBNVASZHJMIT-UHFFFAOYSA-N,5.853983751276725
ISUBNVASZHJMIT-UHFFFAOYSA-N__IVVZAHKUUSHJNO-UHFFFAOYSA-N,12.397126772795252
VPFAMYNCVGNJHA-IPOPKSLLSA-N__OKJRGMVANZDJPQ-ZMANFXJFSA-N,3.136390420944056
OKJRGMVANZDJPQ-ZMANFXJFSA-N__VPFAMYNCVGNJHA-IPOPKSLLSA-N,-0.7900172242402039
JDRRVXVMZGIGCW-LOACHALJSA-N__LSZWXWBQXYQUDB-UHFFFAOYSA-N,13.877202234577288
LSZWXWBQXYQUDB-UHFFFAOYSA-N__JDRRVXVMZGIGCW-LOACHALJSA-N,11.481176437333636
VKCJBZRUFYXPHK-UHFFFAOYSA-N__KUXPKYCQENJOGK-UHFFFAOYSA-N,-1.7772173638665765
KUXPKYCQENJOGK-UHFFFAOYSA-N__VKCJBZRUFYXPHK-UHFFFAOYSA-N,4.343016344189285
FDGJGTBCNSVZNE-INZUIXSESA-N__IFNJTHZEIIRNTK-UHFFFAOYSA-N,16.443088363315955
IFNJTHZEIIRNTK-UHFFFAOYSA-N__FDGJGTBCNSVZNE-INZUIXSESA-N,25.154348558987515
IYAWOFDGKUIGMU-DJJCVVGVSA-N__LMNONGVCJWVWQJ-UHFFFAOYSA-N,2.646119912007455
LMNONGVCJWVWQJ-UHFFFAOYSA-N__IYAWOFDGKUIGMU-DJJCVVGVSA-N,6.521209850049116
MYWJKGQVHAXGGL-UHFFFAOYSA-N__SNDZVBXPGWJPGJ-QWPJMZSKSA-N,11.932966607719328
SNDZVBXPGWJPGJ-QWPJMZSKSA-N__MYWJKGQVHAXGGL-UHFFFAOYSA-N,14.69942193709393
HMYUHDIGJAXXGU-UHFFFAOYSA-N__DNZFUYPDOIZPAG-NUSKQCICSA-N,6.832761437093808
DNZFUYPDOIZPAG-NUSKQCICSA-N__HMYUHDIGJAXXGU-UHFFFAOYSA-N,8.780679448072485
WDUPXMRYAWAEOV-UHFFFAOYSA-N__WHSDBQCRDUOMJS-UHFFFAOYSA-N,14.37947644975926
WHSDBQCRDUOMJS-UHFFFAOYSA-N__WDUPXMRYAWAEOV-UHFFFAOYSA-N,8.388057479932153
NOGXNNJTEGMCKF-JJZMVWGXSA-N__CDJXJEOZBVTOKG-UHFFFAOYSA-N,4.33493649836874
CDJXJEOZBVTOKG-UHFFFAOYSA-N__NOGXNNJTEGMCKF-JJZMVWGXSA-N,3.9849785061048895
YHIWOQRCDZDBBS-UHFFFAOYSA-N__DGMXGJQMPUKDQN-VLGBJMDQSA-N,17.975755110602133
DGMXGJQMPUKDQN-VLGBJMDQSA-N__YHIWOQRCDZDBBS-UHFFFAOYSA-N,10.858749564343997
BHWWLKDVZYJHGF-UHFFFAOYSA-N__CLDCJQHZUBGXLA-UHFFFAOYSA-N,14.571767471302172
CLDCJQHZUBGXLA-UHFFFAOYSA-N__BHWWLKDVZYJHGF-UHFFFAOYSA-N,4.925983233696178
QVJFTSCLCMIEOG-UHFFFAOYSA-N__FZXQSOKTNUSVCJ-UHFFFAOYSA-N,5.568814113236467
FZXQSOKTNUSVCJ-UHFFFAOYSA-N__QVJFTSCLCMIEOG-UHFFFAOYSA-N,18.807951420813293
OYYGRMILZWWSGT-UHFFFAOYSA-N__MGCXCSKQXCAPKV-UHFFFAOYSA-N,14.894966731638272
MGCXCSKQXCAPKV-UHFFFAOYSA-N__OYYGRMILZWWSGT-UHFFFAOYSA-N,10.908025927993537
REMMRMMQUKNHTE-ONHDOMIWSA-N__VHNXZRFPVKBNOM-LNJZKSAHSA-N,1.7309476365476957
VHNXZRFPVKBNOM-LNJZKSAHSA-N__REMMRMMQUKNHTE-ONHDOMIWSA-N,15.95406598349154
JHFAEOYLFNWNFE-NTUHNPAUSA-N__PJVNFAPSOHXTIG-UHFFFAOYSA-N,8.55406934351361
PJVNFAPSOHXTIG-UHFFFAOYSA-N__JHFAEOYLFNWNFE-NTUHNPAUSA-N,10.604763698952134
KQXJCTJAUZBYPX-UHFFFAOYSA-N__ZKONNJXLVNHNRJ-GQGMFIFISA-N,19.127909771100065
WNTSSYKPFJQYCV-RBNKKSKXSA-N__JOBFZNCMIKSQEU-UHFFFAOYSA-N,10.315477580943227
ZKONNJXLVNHNRJ-GQGMFIFISA-N__KQXJCTJAUZBYPX-UHFFFAOYSA-N,13.188385945715527
FIEJDPGEWUAGLK-UHFFFAOYSA-N__WWVKEJAVNHFQGC-UHFFFAOYSA-N,13.300151811650425
WWVKEJAVNHFQGC-UHFFFAOYSA-N__FIEJDPGEWUAGLK-UHFFFAOYSA-N,8.400684067923583
JOBFZNCMIKSQEU-UHFFFAOYSA-N__WNTSSYKPFJQYCV-RBNKKSKXSA-N,12.436677039211885
NFQUTFRPWQDRIQ-BJLQDIEVSA-N__JCXRZCYUGQGBES-UHFFFAOYSA-N,2.7992963308826857
JCXRZCYUGQGBES-UHFFFAOYSA-N__NFQUTFRPWQDRIQ-BJLQDIEVSA-N,12.539340612508582
UWGHTIOHAPPBIX-XBXARRHUSA-N__HWFXXOGUXJLBOV-ODLFYWEKSA-N,8.548964996442589
HWFXXOGUXJLBOV-ODLFYWEKSA-N__UWGHTIOHAPPBIX-XBXARRHUSA-N,15.459961641525666
WKYUIZCNIYMKPR-UHFFFAOYSA-N__STLOEOMTQXWFAU-KAUVPZPMSA-N,17.282406321658115
STLOEOMTQXWFAU-KAUVPZPMSA-N__WKYUIZCNIYMKPR-UHFFFAOYSA-N,19.21009012124865
BXRYFGTVJNFYFA-YVNUBYTISA-N__YCLMIJOJDBRQLL-HXUWFJFHSA-N,3.568244155720439
YCLMIJOJDBRQLL-HXUWFJFHSA-N__BXRYFGTVJNFYFA-YVNUBYTISA-N,-1.8901265384026555
ZVLIXBGVERUKJK-BJNYLTPZSA-N__AEIKTVJUQLLRHX-UHFFFAOYSA-N,23.017489873837725
AEIKTVJUQLLRHX-UHFFFAOYSA-N__ZVLIXBGVERUKJK-BJNYLTPZSA-N,17.06751040669022
NTNBAIJHMRKQQA-UHFFFAOYSA-N__DWHLRWFZWUZOQI-ZIAGYGMSSA-N,6.850978262242525
FQJOHHMQLQHYEH-MZFJOGFUSA-N__YLVVRXAFZDBZOE-UHFFFAOYSA-N,-9.8258442704625
YLVVRXAFZDBZOE-UHFFFAOYSA-N__FQJOHHMQLQHYEH-MZFJOGFUSA-N,8.211158184149271
DWHLRWFZWUZOQI-ZIAGYGMSSA-N__NTNBAIJHMRKQQA-UHFFFAOYSA-N,2.017055656000409
KWEDCJCXKQRFSP-UHFFFAOYSA-N__WFAFLEFLUMNSPS-UHFFFAOYSA-N,-27.58497629364197
UPBAYCUREGCSOA-YCRPNKLZSA-N__UJVARQFPMUWZBR-XNKQJIMJSA-N,14.540415905564892
UJVARQFPMUWZBR-XNKQJIMJSA-N__UPBAYCUREGCSOA-YCRPNKLZSA-N,7.812422545747146
AOAQZKWUBWZSML-ONEGZZNKSA-N__IOFLBCCZMCMTJO-QHCPKHFHSA-N,5.6753931010665655
IOFLBCCZMCMTJO-QHCPKHFHSA-N__AOAQZKWUBWZSML-ONEGZZNKSA-N,9.11683699371527
VJLMFSJUEAYQBU-RLDCUGIHSA-N__LKWLJLODWHWGOX-UHFFFAOYSA-N,-7.035907238289949
LKWLJLODWHWGOX-UHFFFAOYSA-N__VJLMFSJUEAYQBU-RLDCUGIHSA-N,-5.611821058650622
MJAZCNBUYUDLRT-UHFFFAOYSA-N__OGWFTMKKTJVWKH-UHFFFAOYSA-N,14.728716429962216
OGWFTMKKTJVWKH-UHFFFAOYSA-N__MJAZCNBUYUDLRT-UHFFFAOYSA-N,10.571896018229202
UYMKTHQSJIJWRG-QGZVFWFLSA-N__ZIHMKXOMCSCWJB-AHRBEJICSA-N,5.774906294653442
ZIHMKXOMCSCWJB-AHRBEJICSA-N__UYMKTHQSJIJWRG-QGZVFWFLSA-N,10.214106149990394
GJUFHCJNOKQGIP-MHXFLEJISA-N__LLCNBEGXYAUPNS-UHFFFAOYSA-N,6.214450903533868
LLCNBEGXYAUPNS-UHFFFAOYSA-N__GJUFHCJNOKQGIP-MHXFLEJISA-N,-0.1604143069845195
JGDQTGXARXFGAB-UHFFFAOYSA-N__NFOHZVLXWBQUAR-PEZBUJJGSA-N,-44.32533308818393
NFOHZVLXWBQUAR-PEZBUJJGSA-N__JGDQTGXARXFGAB-UHFFFAOYSA-N,-46.668520460113726
SQPLTRVLECKSMK-WSEKYWLGSA-N__GQZVWXHQADQZJS-XFOVLJPESA-N,10.939421910744448
GQZVWXHQADQZJS-XFOVLJPESA-N__SQPLTRVLECKSMK-WSEKYWLGSA-N,11.393513096369425
OLKIOTHQDRANLR-UHFFFAOYSA-N__GZCGPNRLCLQQFO-PTAFGJLESA-N,-1.0995580239554923
GZCGPNRLCLQQFO-PTAFGJLESA-N__OLKIOTHQDRANLR-UHFFFAOYSA-N,3.441707518747167
INFIIGCCORZUMG-UHFFFAOYSA-N__SQLAYJSJMLUPSQ-XCBNKYQSSA-N,7.786799694116747
SQLAYJSJMLUPSQ-XCBNKYQSSA-N__INFIIGCCORZUMG-UHFFFAOYSA-N,-2.773374459739436
DISWKTOUEVXXEL-DENIHFKCSA-N__YFJSZBAMDXNSFV-UHFFFAOYSA-N,1.534011998085892
YFJSZBAMDXNSFV-UHFFFAOYSA-N__DISWKTOUEVXXEL-DENIHFKCSA-N,7.39113148134703
UCOFHYRUZXIEME-CJNGLKHVSA-N__OVPHNADPLNBJNP-LUNQAIOCSA-N,-4.351605185269937
OVPHNADPLNBJNP-LUNQAIOCSA-N__UCOFHYRUZXIEME-CJNGLKHVSA-N,2.787030782170724
UCKSNGSIFWQHDC-UHFFFAOYSA-N__WEGNBZYDNYIBPP-UHFFFAOYSA-N,1.2468292824307472
WEGNBZYDNYIBPP-UHFFFAOYSA-N__UCKSNGSIFWQHDC-UHFFFAOYSA-N,7.236791999088235
NBBJMCUNIZZDMG-UHFFFAOYSA-N__IVZYAKMXOFALJS-UHFFFAOYSA-N,7.765915447573598
JMRSNPNPWBKPKL-YQAGWJQESA-N__UABNFQMUMDNFGQ-UHFFFAOYSA-N,7.440456871402352
UABNFQMUMDNFGQ-UHFFFAOYSA-N__JMRSNPNPWBKPKL-YQAGWJQESA-N,6.171293518523361
IVZYAKMXOFALJS-UHFFFAOYSA-N__NBBJMCUNIZZDMG-UHFFFAOYSA-N,3.989964905043012
OLYOYBKVKQJFTC-IKULAINYSA-N__XIPMTSOVYJBUHZ-ZATQCSDWSA-N,5.252960677347617
XIPMTSOVYJBUHZ-ZATQCSDWSA-N__OLYOYBKVKQJFTC-IKULAINYSA-N,-2.001749436990206
WMSJJWWWPAFMSO-VLPQCYEHSA-N__KKZKJADYHRMRGQ-UHFFFAOYSA-N,4.743099047699011
KKZKJADYHRMRGQ-UHFFFAOYSA-N__WMSJJWWWPAFMSO-VLPQCYEHSA-N,9.023539023120948
KSJMGYIRHBDFIQ-DZIKBGJZSA-N__XLYSVRIJTWZEKU-UHFFFAOYSA-N,2.304246861777511
XLYSVRIJTWZEKU-UHFFFAOYSA-N__KSJMGYIRHBDFIQ-DZIKBGJZSA-N,3.578341523896299
TZYMMXVMXBGZCS-UHFFFAOYSA-N__WATZAEVQIWITCK-OAQYLSRUSA-N,3.227738595401701
WATZAEVQIWITCK-OAQYLSRUSA-N__TZYMMXVMXBGZCS-UHFFFAOYSA-N,-2.620321377988053
USUMJKDFXOSIPG-UHFFFAOYSA-N__PXHNPQBYUFRCFS-LEOYJEJDSA-N,5.704247352183159
PXHNPQBYUFRCFS-LEOYJEJDSA-N__USUMJKDFXOSIPG-UHFFFAOYSA-N,6.964643025387338
JPEABRCYBQDJCM-UHFFFAOYSA-N__TXHMSTMHMIMGJC-ABZQLDHJSA-N,12.753872313300883
TXHMSTMHMIMGJC-ABZQLDHJSA-N__JPEABRCYBQDJCM-UHFFFAOYSA-N,18.439647064728256
KHXWBRBPYHSXTH-CKIVDRAYSA-N__VBUQVCNUAFTHCE-RAZAXZTQSA-N,4.917200194327072
SGJZJSJZZNHWNN-FQEVSTJZSA-N__DNROWLSFCIYGRD-VDVWYFBOSA-N,0.6605608538014419
VVYOQJGKGBEIDG-SPRNKHAWSA-N__OGARMHBKUCJUTA-CKSLAKHHSA-N,15.79293637649113
VBUQVCNUAFTHCE-RAZAXZTQSA-N__KHXWBRBPYHSXTH-CKIVDRAYSA-N,-6.495132016913575
DNROWLSFCIYGRD-VDVWYFBOSA-N__SGJZJSJZZNHWNN-FQEVSTJZSA-N,4.5440725556560935
OGARMHBKUCJUTA-CKSLAKHHSA-N__VVYOQJGKGBEIDG-SPRNKHAWSA-N,7.543553679335719
PXERWWFVTLOJTD-UHFFFAOYSA-N__YTLXUBYQDRLWPF-PLNGDYQASA-N,-1.0118305574233044
YTLXUBYQDRLWPF-PLNGDYQASA-N__PXERWWFVTLOJTD-UHFFFAOYSA-N,-2.922379831010652
PKEVIFGAZCJECH-RFYAYMHSSA-N__WFYXVCCYJGQCIV-FNPLBGOPSA-N,7.192637822395425
WFYXVCCYJGQCIV-FNPLBGOPSA-N__PKEVIFGAZCJECH-RFYAYMHSSA-N,14.019248162350012
MDJDNDILXUSFTH-FSYGSWOUSA-N__ZZPSUKHDMDAFMD-KXQVWALASA-N,1.8203211427564083
ZZPSUKHDMDAFMD-KXQVWALASA-N__MDJDNDILXUSFTH-FSYGSWOUSA-N,-5.145749547752888
ZBYCCRLKUBUUKH-UHFFFAOYSA-N__FTIRONOGMYYBPK-UHFFFAOYSA-N,4.566551075174508
FTIRONOGMYYBPK-UHFFFAOYSA-N__ZBYCCRLKUBUUKH-UHFFFAOYSA-N,10.503552872057265
JFTABPCETWVXLD-DUIFPFAGSA-N__NGJFMEISBLSZOG-WTKPLQERSA-N,15.685043755843102
NGJFMEISBLSZOG-WTKPLQERSA-N__JFTABPCETWVXLD-DUIFPFAGSA-N,6.568180334527641
LNMBZQKQQOYTMN-UHFFFAOYSA-N__JCQKYERSYYJGIJ-RKDXNWHRSA-N,5.97787323785106
JCQKYERSYYJGIJ-RKDXNWHRSA-N__LNMBZQKQQOYTMN-UHFFFAOYSA-N,0.3113643205366778
QQZGKRADAAPEFI-MBGZROKYSA-N__ZLZBQVKAILZNML-UGLNBITBSA-N,30.5831422825204
ZLZBQVKAILZNML-UGLNBITBSA-N__QQZGKRADAAPEFI-MBGZROKYSA-N,23.85050265355937
IHTVWRHRLOWPKW-UHFFFAOYSA-N__YOPUKWFAKDVHED-BYUUTECOSA-N,10.469302086975237
YOPUKWFAKDVHED-BYUUTECOSA-N__IHTVWRHRLOWPKW-UHFFFAOYSA-N,11.066206758477026
NMGFMTBTYROYPO-UHFFFAOYSA-N__BRUHZPUQRKDCRL-UHFFFAOYSA-N,16.046701787351992
BRUHZPUQRKDCRL-UHFFFAOYSA-N__NMGFMTBTYROYPO-UHFFFAOYSA-N,2.37286130754584
LCHQJTVSDWHBDI-DCWQJPKNSA-N__RTGBGSUZAUOGMR-UHFFFAOYSA-N,24.878849481753463
JEQVROBWRLQFGU-UHFFFAOYSA-N__LZQNCHXGSWESQY-UHFFFAOYSA-N,5.319315668739361
QFCDRBBFRKLMHQ-UHFFFAOYSA-N__OQRFNWVKDUHMKS-UHFFFAOYSA-N,2.5817019921990454
LZQNCHXGSWESQY-UHFFFAOYSA-N__JEQVROBWRLQFGU-UHFFFAOYSA-N,8.829427949857148
RTGBGSUZAUOGMR-UHFFFAOYSA-N__LCHQJTVSDWHBDI-DCWQJPKNSA-N,-0.5939710029931746
OQRFNWVKDUHMKS-UHFFFAOYSA-N__QFCDRBBFRKLMHQ-UHFFFAOYSA-N,12.433695286693174
CLUSFGNMCZUMEM-UHFFFAOYSA-N__KPNXMUYQVQRXGM-DXNGBFLNSA-N,6.558955618482777
KPNXMUYQVQRXGM-DXNGBFLNSA-N__CLUSFGNMCZUMEM-UHFFFAOYSA-N,9.463398832184266
AAURBKJLMIEESN-UHFFFAOYSA-N__VXMIQHFKGGMRRU-VXNXSFHZSA-N,25.6629550785192
BTLKCMVNVDLUMJ-JZWVFAODSA-N__AVSJTRCGESZCQI-UHFFFAOYSA-N,21.1246029570144
VXMIQHFKGGMRRU-VXNXSFHZSA-N__AAURBKJLMIEESN-UHFFFAOYSA-N,6.988199877285951
AVSJTRCGESZCQI-UHFFFAOYSA-N__BTLKCMVNVDLUMJ-JZWVFAODSA-N,23.35494471382528
QBZUUNTVVUCABT-UHFFFAOYSA-N__OHTVVNDAIHLKNH-MHWRWJLKSA-N,18.88755090401017
OHTVVNDAIHLKNH-MHWRWJLKSA-N__QBZUUNTVVUCABT-UHFFFAOYSA-N,5.474867384465396
MNELUXCWSJSFML-UHFFFAOYSA-N__XICCRRSLZVIQLP-UHFFFAOYSA-N,16.343360557337956
XICCRRSLZVIQLP-UHFFFAOYSA-N__MNELUXCWSJSFML-UHFFFAOYSA-N,13.000327119773733
OIZQUWRLBGUESV-UHFFFAOYSA-N__HASZLUJLAQXGBC-UHFFFAOYSA-N,2.35214788188551
HASZLUJLAQXGBC-UHFFFAOYSA-N__OIZQUWRLBGUESV-UHFFFAOYSA-N,4.664240384393557
YKPSAUORJPGSHV-UHFFFAOYSA-N__OMDJPGXAZNJECV-CVDPXVFPSA-N,14.614844726283394
OMDJPGXAZNJECV-CVDPXVFPSA-N__YKPSAUORJPGSHV-UHFFFAOYSA-N,-1.5608632781214824
IFUQTYUDFHOPBG-UHFFFAOYSA-N__GWQGSONOWRUPDP-KLFQPQNISA-N,15.8143336337133
GWQGSONOWRUPDP-KLFQPQNISA-N__IFUQTYUDFHOPBG-UHFFFAOYSA-N,10.679520674405634
GZLRJVFMTYRTKK-UZSULEHISA-N__ZQLJWQJAUZNTPI-UHFFFAOYSA-N,1.123382226306043
ZQLJWQJAUZNTPI-UHFFFAOYSA-N__GZLRJVFMTYRTKK-UZSULEHISA-N,5.3648558637985895
GKCCKEYHHYQRCN-DHDCSXOGSA-N__SKFLKIKSFYKUEH-UHFFFAOYSA-N,16.68814013964638
SKFLKIKSFYKUEH-UHFFFAOYSA-N__GKCCKEYHHYQRCN-DHDCSXOGSA-N,8.121697745968849
WAEFHEJJGGLRRK-UHFFFAOYSA-N__FKUWAABBXAVKRL-DICRZQGBSA-N,23.156500895121244
FKUWAABBXAVKRL-DICRZQGBSA-N__WAEFHEJJGGLRRK-UHFFFAOYSA-N,10.718373143826645
KSKGZRSWUCCWMJ-UHFFFAOYSA-N__IKESARUTOLFFDR-UHFFFAOYSA-N,-1.5030102625411768
IKESARUTOLFFDR-UHFFFAOYSA-N__KSKGZRSWUCCWMJ-UHFFFAOYSA-N,15.936516246080071
MGGSYLUTVBUWIJ-JSRBVGTNSA-N__AMNRWNSUWXPRPE-UHFFFAOYSA-N,7.291049666318607
UHOHBKSVBCURTQ-UHFFFAOYSA-N__OVTPNKAZQOHMAD-UHFFFAOYSA-N,15.804018987614707
AMNRWNSUWXPRPE-UHFFFAOYSA-N__MGGSYLUTVBUWIJ-JSRBVGTNSA-N,1.1500208871780335
OVTPNKAZQOHMAD-UHFFFAOYSA-N__UHOHBKSVBCURTQ-UHFFFAOYSA-N,8.237109559054876
HOCQLBXLYHZFBJ-UHFFFAOYSA-N__YWTJZMBBIWATFJ-ORNMAPSZSA-N,4.873978607557929
ZPQDKIXQMXUTIQ-UHFFFAOYSA-N__KUCKXKZANFXJIC-UHFFFAOYSA-N,15.248587459679088
KUCKXKZANFXJIC-UHFFFAOYSA-N__ZPQDKIXQMXUTIQ-UHFFFAOYSA-N,16.010883526719212
YWTJZMBBIWATFJ-ORNMAPSZSA-N__HOCQLBXLYHZFBJ-UHFFFAOYSA-N,0.3658875290475498
OXNDSLHMDPEPCY-UHFFFAOYSA-N__DWGPBMHBWDBPCX-UHFFFAOYSA-N,23.86175013712993
ORHRWUDRMGOYJL-SEGKWKBSSA-N__CQMKAAYYGYCZQK-OYEZDFTHSA-N,14.21646381546382
DWGPBMHBWDBPCX-UHFFFAOYSA-N__OXNDSLHMDPEPCY-UHFFFAOYSA-N,20.627602629954417
FDLTUSGZTSVHRE-UHFFFAOYSA-N__BLUWOANPCCDOQC-UHFFFAOYSA-N,15.958826795159435
ZBBMLWAODQRSIU-ALWYRERHSA-N__OECWCPIHKGQICL-UHFFFAOYSA-N,-0.6376261437148913
OECWCPIHKGQICL-UHFFFAOYSA-N__ZBBMLWAODQRSIU-ALWYRERHSA-N,-3.7172260574153
BLUWOANPCCDOQC-UHFFFAOYSA-N__FDLTUSGZTSVHRE-UHFFFAOYSA-N,9.93124927296389
CQMKAAYYGYCZQK-OYEZDFTHSA-N__ORHRWUDRMGOYJL-SEGKWKBSSA-N,17.388865420348353
BVRJSVCMAOAIIV-UHFFFAOYSA-N__LCIIKJHWZSTBSU-GFOSZDOHSA-N,-0.4956687673220659
LCIIKJHWZSTBSU-GFOSZDOHSA-N__BVRJSVCMAOAIIV-UHFFFAOYSA-N,-4.551436640464464
PNMPNSJXULNXMV-VQVVDHBBSA-N__HAJYMFKQGAIAEX-UHFFFAOYSA-N,-6.7350191608139305
HAJYMFKQGAIAEX-UHFFFAOYSA-N__PNMPNSJXULNXMV-VQVVDHBBSA-N,-10.315258682898913
HMDPJCIDFQBNOH-UHFFFAOYSA-N__GUVRTTGAHRDZFJ-BZRNNEMISA-N,9.14084738877066
GUVRTTGAHRDZFJ-BZRNNEMISA-N__HMDPJCIDFQBNOH-UHFFFAOYSA-N,10.7750709925288
IYLNRCJOVIVOAE-UHFFFAOYSA-N__FWOZJUKYXZZQOK-ARJAWSKDSA-N,4.921062685031424
FWOZJUKYXZZQOK-ARJAWSKDSA-N__IYLNRCJOVIVOAE-UHFFFAOYSA-N,-7.670444208077167
KJFHIZZIJTUCIO-UHFFFAOYSA-N__OWKNOAYQVSYXET-UHFFFAOYSA-N,8.733679809538167
OWKNOAYQVSYXET-UHFFFAOYSA-N__KJFHIZZIJTUCIO-UHFFFAOYSA-N,13.498139752396307
JNMIYKMVIPMOEJ-GUYCJALGSA-N__DHNOWBPNXOYPKT-UHFFFAOYSA-N,5.929500009872496
DHNOWBPNXOYPKT-UHFFFAOYSA-N__JNMIYKMVIPMOEJ-GUYCJALGSA-N,11.993223173258828
KVQCRAUYBOSVGL-UHFFFAOYSA-N__JNWHGARTELWOGE-NCGGNKEFSA-N,0.6388579045339722
JNWHGARTELWOGE-NCGGNKEFSA-N__KVQCRAUYBOSVGL-UHFFFAOYSA-N,10.67717507364866
VFVZQUWUFAMLKS-KFXMEGBXSA-N__SCOWKIZZCMPIOW-UHFFFAOYSA-N,20.033670041178286
SCOWKIZZCMPIOW-UHFFFAOYSA-N__VFVZQUWUFAMLKS-KFXMEGBXSA-N,18.23289551793956
LNBYWKPBAWBITH-UHFFFAOYSA-N__KJAQNHZTNYEWCE-UHFFFAOYSA-N,-2.1888295525485058
KJAQNHZTNYEWCE-UHFFFAOYSA-N__LNBYWKPBAWBITH-UHFFFAOYSA-N,5.541838564810311
MBKNRCXHNWIYSO-UHFFFAOYSA-N__NIQAWKHKPIICRN-FQHQGLIQSA-N,-14.688965828056796
RKIIKTGBWYTSNL-WLPIGLKUSA-N__NSMDGWHGJUOCAT-UHFFFAOYSA-N,9.623515695404306
NIQAWKHKPIICRN-FQHQGLIQSA-N__MBKNRCXHNWIYSO-UHFFFAOYSA-N,-9.96462535133537
NSMDGWHGJUOCAT-UHFFFAOYSA-N__RKIIKTGBWYTSNL-WLPIGLKUSA-N,3.1884336026943725
XZXFGBGVVAGMDY-VDHWJZKRSA-N__SAWHFSXYOICHCN-UHFFFAOYSA-N,-3.321946769848686
SAWHFSXYOICHCN-UHFFFAOYSA-N__XZXFGBGVVAGMDY-VDHWJZKRSA-N,4.242761090258584
DAXSZMAYIASEDH-UHFFFAOYSA-N__LNZUZCJUIPKEAK-UHFFFAOYSA-N,18.498624564466663
LNZUZCJUIPKEAK-UHFFFAOYSA-N__DAXSZMAYIASEDH-UHFFFAOYSA-N,17.1449275408848
REWQRZCGUQEZNH-UHFFFAOYSA-N__OBQWJYPGTZVASR-UHFFFAOYSA-N,9.938205476361894
AEEHOAJPKIBCLJ-UHFFFAOYSA-N__LANSWQSXJDUPKJ-QIFXQWQBSA-N,1.2912390940489993
LANSWQSXJDUPKJ-QIFXQWQBSA-N__AEEHOAJPKIBCLJ-UHFFFAOYSA-N,4.464557079936691
OBQWJYPGTZVASR-UHFFFAOYSA-N__REWQRZCGUQEZNH-UHFFFAOYSA-N,6.966652162775219
PSJHTRWXAMBNAW-LMSMQVJYSA-N__FONMEYJFOROCKC-QDIHITRGSA-N,12.823428111489308
FONMEYJFOROCKC-QDIHITRGSA-N__PSJHTRWXAMBNAW-LMSMQVJYSA-N,14.772613765805527
GOYCBKVVHGALFQ-RZAIGCCYSA-N__BKWWGNDKMSPYIS-KYYKPQATSA-N,24.130164024033725
BKWWGNDKMSPYIS-KYYKPQATSA-N__GOYCBKVVHGALFQ-RZAIGCCYSA-N,20.00394474991957
AAUCLWNSYZIGGQ-UHFFFAOYSA-N__HWGHMDWEDIPVGC-SIYBWXAISA-N,-0.2139412812604721
HWGHMDWEDIPVGC-SIYBWXAISA-N__AAUCLWNSYZIGGQ-UHFFFAOYSA-N,1.9469783918247203
VDDSNGFFLHVZJS-UHFFFAOYSA-N__JSGQLAPYRZRKIQ-OWWADGOUSA-N,13.127074121009546
JSGQLAPYRZRKIQ-OWWADGOUSA-N__VDDSNGFFLHVZJS-UHFFFAOYSA-N,18.87772908434401
LUOAYIWPHOYAPK-UHFFFAOYSA-N__JTNRRLKTCKRRQL-UHFFFAOYSA-N,12.042989641878972
JTNRRLKTCKRRQL-UHFFFAOYSA-N__LUOAYIWPHOYAPK-UHFFFAOYSA-N,15.759322673724162
SUQUGEFVWCEBNM-KZUDCZAMSA-N__PZYTZBGMEHZTNR-GVCQLOIVSA-N,-67.57009319143329
XSGYLJGOLKKUHL-UHFFFAOYSA-N__NLXASJVETPACMT-OAQYLSRUSA-N,15.006861916805132
PZYTZBGMEHZTNR-GVCQLOIVSA-N__SUQUGEFVWCEBNM-KZUDCZAMSA-N,-0.7104116320934653
FBPNUZLMODFKHD-UHFFFAOYSA-N__AKUNCQOEZMYMRN-UHFFFAOYSA-N,6.239707520652116
NLXASJVETPACMT-OAQYLSRUSA-N__XSGYLJGOLKKUHL-UHFFFAOYSA-N,11.44415135576662
AKUNCQOEZMYMRN-UHFFFAOYSA-N__FBPNUZLMODFKHD-UHFFFAOYSA-N,17.111404264016212
BZJTYRRFHOOUTK-MPIVDVOOSA-N__WKRDHDGPLZSRRG-UHFFFAOYSA-N,0.6476265645571243
WKRDHDGPLZSRRG-UHFFFAOYSA-N__BZJTYRRFHOOUTK-MPIVDVOOSA-N,16.205313812017835
GUJODAGMWBJOJY-UHFFFAOYSA-N__ONMGGOWPGMEVMF-UHFFFAOYSA-N,21.945752528204864
IGQKINXLTGOGOH-UHFFFAOYSA-N__FMVPDNASNMKPAU-UHFFFAOYSA-N,0.3882782443966976
ONMGGOWPGMEVMF-UHFFFAOYSA-N__GUJODAGMWBJOJY-UHFFFAOYSA-N,12.101427883684597
FMVPDNASNMKPAU-UHFFFAOYSA-N__IGQKINXLTGOGOH-UHFFFAOYSA-N,4.834455456740282
CANJVNKHFCZXRA-IVDSTZBUSA-N__SBSBKOAILJIFGB-UHFFFAOYSA-N,15.562684379008765
SBSBKOAILJIFGB-UHFFFAOYSA-N__CANJVNKHFCZXRA-IVDSTZBUSA-N,13.211796149573136
XPMJOFBRLNZVQH-UHFFFAOYSA-N__MCHQTBAECOMGHB-UHFFFAOYSA-N,7.871512744595737
MCHQTBAECOMGHB-UHFFFAOYSA-N__XPMJOFBRLNZVQH-UHFFFAOYSA-N,11.892690669512412
PASIMBNHZLWKDU-IJMDNUERSA-N__COXVUUKVIHSASD-UHFFFAOYSA-N,1.0424619248272962
COXVUUKVIHSASD-UHFFFAOYSA-N__PASIMBNHZLWKDU-IJMDNUERSA-N,1.4900772483489535
NJWANPFHLPZSAO-JJSJIGTDSA-N__LGFRXSYXMSCJGU-UHFFFAOYSA-N,4.59276187327928
IUHSRYIIGAEHLB-BJLQDIEVSA-N__FLIGJPZOIGMXBX-UHFFFAOYSA-N,4.308418376254713
LGFRXSYXMSCJGU-UHFFFAOYSA-N__NJWANPFHLPZSAO-JJSJIGTDSA-N,8.708122557779252
FLIGJPZOIGMXBX-UHFFFAOYSA-N__IUHSRYIIGAEHLB-BJLQDIEVSA-N,5.828271592352368
PUKGVPJNXFOQOP-YGSYIFCWSA-N__LDGAPDXDBVKJMZ-MDZDMXLPSA-N,16.109464151356256
LDGAPDXDBVKJMZ-MDZDMXLPSA-N__PUKGVPJNXFOQOP-YGSYIFCWSA-N,10.31577741073089
YTNACMGNWWKRQK-UHFFFAOYSA-N__HDZGAFZEWVWAID-OCXLVYGLSA-N,9.373907593430824
HDZGAFZEWVWAID-OCXLVYGLSA-N__YTNACMGNWWKRQK-UHFFFAOYSA-N,8.963294647801426
PBCGKDIYBVKOTQ-MSXFZWOLSA-N__CFXADINRTMQGJH-UHFFFAOYSA-N,4.976954416450441
CFXADINRTMQGJH-UHFFFAOYSA-N__PBCGKDIYBVKOTQ-MSXFZWOLSA-N,2.97868406107954
QMEWNYFETHTBBS-UHFFFAOYSA-N__WSSPQMKTJUVXJM-HFTWOUSFSA-N,18.436531483746187
WSSPQMKTJUVXJM-HFTWOUSFSA-N__QMEWNYFETHTBBS-UHFFFAOYSA-N,3.3401081050127623
JIORHNILSCVUTF-BJTSRKKDSA-N__CWCHYFQASHVKOM-UHFFFAOYSA-N,4.673675170781945
CWCHYFQASHVKOM-UHFFFAOYSA-N__JIORHNILSCVUTF-BJTSRKKDSA-N,0.4800212907811352
AAFZMYRURFKHSW-UHFFFAOYSA-N__NHKHRHHQGUBSGS-OYUWMTPXSA-N,1.7376585354177034
HYDXKDKGNJINPH-UHFFFAOYSA-N__PJUNMTHNNQPMQB-MQRVUQIVSA-N,14.270376342864187
PJUNMTHNNQPMQB-MQRVUQIVSA-N__HYDXKDKGNJINPH-UHFFFAOYSA-N,10.28418907567418
NHKHRHHQGUBSGS-OYUWMTPXSA-N__AAFZMYRURFKHSW-UHFFFAOYSA-N,5.991856340161197
WDOPVCYAHFBMEN-JYWGUMBUSA-N__BIZRDMKNTVSYRK-UHFFFAOYSA-N,5.347631719603602
BIZRDMKNTVSYRK-UHFFFAOYSA-N__WDOPVCYAHFBMEN-JYWGUMBUSA-N,11.499449186568262
DZHSJMGYPWAMQG-UHFFFAOYSA-N__WXSGJGJESRFPIF-UHFFFAOYSA-N,4.0785717060835065
WXSGJGJESRFPIF-UHFFFAOYSA-N__DZHSJMGYPWAMQG-UHFFFAOYSA-N,5.468375549860896
PICQLHIHOFJMDD-UHFFFAOYSA-N__RPULQAJMRZFSBN-UHFFFAOYSA-N,3.9720832019368384
LWPUWJBEMIDYKZ-HYIQBTHLSA-N__MRULYUARXNRGTE-QAPUDVGDSA-N,17.64610654074983
KLJVKVUDKXGCRQ-UHFFFAOYSA-N__ZHYWPCWWYQXRBD-UHFFFAOYSA-N,10.838249017665971
RPULQAJMRZFSBN-UHFFFAOYSA-N__PICQLHIHOFJMDD-UHFFFAOYSA-N,-1.6491143675214286
ZHYWPCWWYQXRBD-UHFFFAOYSA-N__KLJVKVUDKXGCRQ-UHFFFAOYSA-N,-1.3895028517968295
MRULYUARXNRGTE-QAPUDVGDSA-N__LWPUWJBEMIDYKZ-HYIQBTHLSA-N,9.383728721388533
CUAVSSXSMBYETR-FZSIALSZSA-N__HLCJJKOWYJSGHH-ZGLOBFPOSA-N,3.742221536759208
HLCJJKOWYJSGHH-ZGLOBFPOSA-N__CUAVSSXSMBYETR-FZSIALSZSA-N,-2.202561080296037
GIEADKTXJGDWNU-UHFFFAOYSA-N__FQGZXTMIIVMYRW-UBKPWBPPSA-N,3.9059862741547824
VEMMJYZFHIONBG-UHFFFAOYSA-N__JMTVCVJCIPCHEX-WYJDJGQOSA-N,4.180769633893796
JMTVCVJCIPCHEX-WYJDJGQOSA-N__VEMMJYZFHIONBG-UHFFFAOYSA-N,10.077119068198988
FQGZXTMIIVMYRW-UBKPWBPPSA-N__GIEADKTXJGDWNU-UHFFFAOYSA-N,8.073896092319218
ZETWHDVBJCVNKM-DCPHZVHLSA-N__VZLXOQOWRTXGOG-UHFFFAOYSA-N,20.90190201521724
VZLXOQOWRTXGOG-UHFFFAOYSA-N__ZETWHDVBJCVNKM-DCPHZVHLSA-N,19.68212606602498
MSEGSYMVTMWEDB-UHFFFAOYSA-N__RTSFIEXZIAALMT-UHFFFAOYSA-N,2.6865848213100154
RTSFIEXZIAALMT-UHFFFAOYSA-N__MSEGSYMVTMWEDB-UHFFFAOYSA-N,7.497715392606057
LKIYAEQQPCIIAX-MFPDIUDQSA-N__MYYLKOYECMERIA-GDLYZYCNSA-N,3.7046812168638334
MYYLKOYECMERIA-GDLYZYCNSA-N__LKIYAEQQPCIIAX-MFPDIUDQSA-N,0.4313160216306
CZUQOQXRSODZJV-WKWWZUSTSA-N__HAKPOPWSBUZQQC-UHFFFAOYSA-N,-3.3493447178579627
LMULYWVYCTZZIH-UHFFFAOYSA-N__UHRMFKTXQVDCCZ-XWRIVVANSA-N,20.451113542250564
NLTRMCNEIDQPGJ-UHFFFAOYSA-N__MVUAKANOWLRUNL-UHFFFAOYSA-N,6.491932538745006
MVUAKANOWLRUNL-UHFFFAOYSA-N__NLTRMCNEIDQPGJ-UHFFFAOYSA-N,10.887568967793896
UHRMFKTXQVDCCZ-XWRIVVANSA-N__LMULYWVYCTZZIH-UHFFFAOYSA-N,24.744949059348315
HAKPOPWSBUZQQC-UHFFFAOYSA-N__CZUQOQXRSODZJV-WKWWZUSTSA-N,5.853808790558789
MYGGMSJWDPRUIT-MMTVBGGISA-N__BYNFFQLTLSAWLW-SXBRIOAWSA-N,9.920380120527946
BYNFFQLTLSAWLW-SXBRIOAWSA-N__MYGGMSJWDPRUIT-MMTVBGGISA-N,8.883218452639037
LEHCBSZHTPGIBD-UHFFFAOYSA-N__DEBQIOFGENFHOT-INSVYWFGSA-N,8.719009320958211
DEBQIOFGENFHOT-INSVYWFGSA-N__LEHCBSZHTPGIBD-UHFFFAOYSA-N,2.900177354527826
GTTXZKNGOCZNQO-IAGOWNOFSA-N__XKCOYOSUWJTEEM-PXYINDEMSA-N,13.175659485040155
XKCOYOSUWJTEEM-PXYINDEMSA-N__GTTXZKNGOCZNQO-IAGOWNOFSA-N,5.879604045668978
UCJPAFFAEUIPHG-UHFFFAOYSA-N__JQSBWFKSSMLCOB-LPUQOGTASA-N,15.684251740252323
YIHMFUWFTYOZPD-KGLIPLIRSA-N__CTZMOJDYEGDJBE-UHFFFAOYSA-N,5.017470584231182
CTZMOJDYEGDJBE-UHFFFAOYSA-N__YIHMFUWFTYOZPD-KGLIPLIRSA-N,18.196729138764464
JQSBWFKSSMLCOB-LPUQOGTASA-N__UCJPAFFAEUIPHG-UHFFFAOYSA-N,18.644523881156324
HLTYQYNQLCGSTR-UHFFFAOYSA-N__XYMWHNAWATXBNE-CMDGGOBGSA-N,12.615558047312616
XYMWHNAWATXBNE-CMDGGOBGSA-N__HLTYQYNQLCGSTR-UHFFFAOYSA-N,11.768873611147628
RDBHFUIGCKZOMM-UHFFFAOYSA-N__LEUMHDHBTKUYCT-UHFFFAOYSA-N,18.851370496622472
XFENZGYBOBREJP-UHFFFAOYSA-N__KRLQJVJQJNKVMY-UHFFFAOYSA-N,2.554056535982526
ZYGUARGIUUWNOT-UHFFFAOYSA-N__DEAQFUMLWNGWLO-WZZKOPTDSA-N,2.5509730960439496
KRLQJVJQJNKVMY-UHFFFAOYSA-N__XFENZGYBOBREJP-UHFFFAOYSA-N,3.2733965292835383
LEUMHDHBTKUYCT-UHFFFAOYSA-N__RDBHFUIGCKZOMM-UHFFFAOYSA-N,-0.0001093861006589
DEAQFUMLWNGWLO-WZZKOPTDSA-N__ZYGUARGIUUWNOT-UHFFFAOYSA-N,0.1789298557295605
FZVAIPZFBPWTJW-REZTVBANSA-N__RHPJKELZPGVQQQ-KRWDZBQOSA-N,3.5098598162373773
RHPJKELZPGVQQQ-KRWDZBQOSA-N__FZVAIPZFBPWTJW-REZTVBANSA-N,1.9671657328314889
NBEXIMVNWWJCIE-UHFFFAOYSA-N__IHYOIYPSEBBQGD-UHFFFAOYSA-N,7.118548782621277
IHYOIYPSEBBQGD-UHFFFAOYSA-N__NBEXIMVNWWJCIE-UHFFFAOYSA-N,9.242909867567969
ZXTPDKSUMWOFCA-UHFFFAOYSA-N__ZABPOIBWTNGJHU-XMHGGMMESA-N,7.433309334427578
PDXFANPJURPCCV-UHFFFAOYSA-N__FKWRAYXWAJORAO-UHFFFAOYSA-N,10.82117451691776
FKWRAYXWAJORAO-UHFFFAOYSA-N__PDXFANPJURPCCV-UHFFFAOYSA-N,10.966743048725244
ZABPOIBWTNGJHU-XMHGGMMESA-N__ZXTPDKSUMWOFCA-UHFFFAOYSA-N,12.067434585931228
UOYXCWSPBUWMJV-HLKLPANWSA-N__SDQORIGXMGDKHY-UHFFFAOYSA-N,0.9347825634014688
HCAXZCCVAOUTSF-UHFFFAOYSA-N__MKCWQZGTXFCYIQ-GLGOKHISSA-N,2.9917325079001658
MKCWQZGTXFCYIQ-GLGOKHISSA-N__HCAXZCCVAOUTSF-UHFFFAOYSA-N,2.435993071541553
ZMDIJZVLNHUALG-UHFFFAOYSA-N__LVKLCVLQKLJRRC-UHFFFAOYSA-N,5.814698539034024
LVKLCVLQKLJRRC-UHFFFAOYSA-N__ZMDIJZVLNHUALG-UHFFFAOYSA-N,-6.240427816720612
SDQORIGXMGDKHY-UHFFFAOYSA-N__UOYXCWSPBUWMJV-HLKLPANWSA-N,10.931682656999142
WMHUTDNQFLHURE-UHFFFAOYSA-N__XYJSVSPFUQNEGI-UHFFFAOYSA-N,11.506265379073286
SMCVKNKRJWXWFA-LOHBPVSDSA-N__IFJLQTBWTLNGJV-UHFFFAOYSA-N,-2.297442446008332
HAARGYKKXFPYBN-FWBKVGADSA-N__UAXYEHKVGLNTEO-UHFFFAOYSA-N,10.67430628348314
UAXYEHKVGLNTEO-UHFFFAOYSA-N__HAARGYKKXFPYBN-FWBKVGADSA-N,7.050269295385202
XYJSVSPFUQNEGI-UHFFFAOYSA-N__WMHUTDNQFLHURE-UHFFFAOYSA-N,7.9488570446586255
IFJLQTBWTLNGJV-UHFFFAOYSA-N__SMCVKNKRJWXWFA-LOHBPVSDSA-N,1.0938447210500732
VKKBYUFPWVKCRL-UHFFFAOYSA-N__NUTGHHDRGPVBHX-UHFFFAOYSA-N,8.707571564915613
NUTGHHDRGPVBHX-UHFFFAOYSA-N__VKKBYUFPWVKCRL-UHFFFAOYSA-N,10.245182308612993
XGLOTTBXNSTUNL-UHFFFAOYSA-N__GMABTRNMZXLVKQ-UHFFFAOYSA-N,0.543822784931688
GMABTRNMZXLVKQ-UHFFFAOYSA-N__XGLOTTBXNSTUNL-UHFFFAOYSA-N,2.5306510044385684
QZJOWFMBPYRUFG-UHFFFAOYSA-N__RNXFRHQYIRLABD-UHFFFAOYSA-N,-0.2649995490811584
WYQUANWLVUGJFV-UHFFFAOYSA-N__DYHFNSNTFSWGAN-MOSHPQCFSA-N,-1.2797845740640552
DYHFNSNTFSWGAN-MOSHPQCFSA-N__WYQUANWLVUGJFV-UHFFFAOYSA-N,11.97814064345831
RNXFRHQYIRLABD-UHFFFAOYSA-N__QZJOWFMBPYRUFG-UHFFFAOYSA-N,4.985151857273026
QLABVWDQSFKVFT-UHFFFAOYSA-N__NQCVQIQCWMRSSG-UHFFFAOYSA-N,9.094903311311873
NQCVQIQCWMRSSG-UHFFFAOYSA-N__QLABVWDQSFKVFT-UHFFFAOYSA-N,-1.061034316226522
UOGAOLXURXLDSS-QFQHAAFTSA-N__FGRHCESPPFHLRD-UHFFFAOYSA-N,14.707695340288252
MAHJHFQMSNGYHY-UHFFFAOYSA-N__DQCLNMXRNDKAKC-UHFFFAOYSA-N,7.279754671309325
FGRHCESPPFHLRD-UHFFFAOYSA-N__UOGAOLXURXLDSS-QFQHAAFTSA-N,20.464448732613903
DQCLNMXRNDKAKC-UHFFFAOYSA-N__MAHJHFQMSNGYHY-UHFFFAOYSA-N,6.3231963162333065
OEVQTUTXOVDNJO-GEEOIBTQSA-N__KDXQTTBLXJKCRI-UHFFFAOYSA-N,13.588440040631795
KDXQTTBLXJKCRI-UHFFFAOYSA-N__OEVQTUTXOVDNJO-GEEOIBTQSA-N,7.41662392225008
BPWJKBPCZNJBJW-UHFFFAOYSA-N__QPBGDEFXMMXIGF-PMKNUJBWSA-N,17.184434534289107
QPBGDEFXMMXIGF-PMKNUJBWSA-N__BPWJKBPCZNJBJW-UHFFFAOYSA-N,8.495803150915485
LNCDZSYAWREEQM-IAXJKZSUSA-N__QHMPKJIHMROLLX-FAIUTGPOSA-N,7.995934121723016
QHMPKJIHMROLLX-FAIUTGPOSA-N__LNCDZSYAWREEQM-IAXJKZSUSA-N,4.848515571112555
CLZASMWCUMBFSM-LICLKQGHSA-N__UDCTUROYUUENFP-UHFFFAOYSA-N,6.542778102222649
UDCTUROYUUENFP-UHFFFAOYSA-N__CLZASMWCUMBFSM-LICLKQGHSA-N,11.863329450606226
UKJFQWZJLSDFLL-UHFFFAOYSA-N__JIWNMLPXRVDNLM-OUPQRBNQSA-N,9.245313045633996
CJKJYIQUKHSAQY-UHFFFAOYSA-N__MHBOVIQJPSQPMK-UHFFFAOYSA-N,17.546858126394188
MHBOVIQJPSQPMK-UHFFFAOYSA-N__CJKJYIQUKHSAQY-UHFFFAOYSA-N,-5.066205363279273
JIWNMLPXRVDNLM-OUPQRBNQSA-N__UKJFQWZJLSDFLL-UHFFFAOYSA-N,1.3640685288854173
ZAVMTBGDKUWHRU-UZCJZYLFSA-N__LSDSEWJZSCCGKH-AHQBEZROSA-N,11.208519402350252
LSDSEWJZSCCGKH-AHQBEZROSA-N__ZAVMTBGDKUWHRU-UZCJZYLFSA-N,2.4710702778610925
SRGWEZFRDSZNNC-UHFFFAOYSA-N__FPYLAJYYFJDRIK-UHFFFAOYSA-N,4.90778705050871
FPYLAJYYFJDRIK-UHFFFAOYSA-N__SRGWEZFRDSZNNC-UHFFFAOYSA-N,8.645156200706563
WGUYYROXUXKWLB-NTEUORMPSA-N__KYVJECNYPBUNGB-KFKPPOKLSA-N,23.111633151107966
KYVJECNYPBUNGB-KFKPPOKLSA-N__WGUYYROXUXKWLB-NTEUORMPSA-N,12.118829411859956
AJLLJEGLHKXUCF-DJZRFWRSSA-N__SGCLSPFAYOHOOF-RYUDHWBXSA-N,6.424135113799349
DKQFLEXGPUVPLB-UWJYYQICSA-N__OFFGSWLXBFRGAW-JCDDKBCFSA-N,1.583491449504741
SGCLSPFAYOHOOF-RYUDHWBXSA-N__AJLLJEGLHKXUCF-DJZRFWRSSA-N,14.130942234141438
OFFGSWLXBFRGAW-JCDDKBCFSA-N__DKQFLEXGPUVPLB-UWJYYQICSA-N,1.042376473008937
FPERANCMPLPMGW-NLYITROOSA-N__HYJBPRJTKVNBTC-UHFFFAOYSA-N,4.250009874630772
HYJBPRJTKVNBTC-UHFFFAOYSA-N__FPERANCMPLPMGW-NLYITROOSA-N,4.310167712486394
MFTXIWJAKACWDM-UHFFFAOYSA-N__NYHIRSOXACGRJJ-UHFFFAOYSA-N,13.223033965205472
NYHIRSOXACGRJJ-UHFFFAOYSA-N__MFTXIWJAKACWDM-UHFFFAOYSA-N,8.616324209104576
FAWMWUIOVGHDBC-UHFFFAOYSA-N__KMHKKWDOBMZQJY-UHFFFAOYSA-N,9.18799793731444
KMHKKWDOBMZQJY-UHFFFAOYSA-N__FAWMWUIOVGHDBC-UHFFFAOYSA-N,19.616390984658263
PQTHJJSDNGSRSM-LBWZTGJMSA-N__ZRWLWJGVTPRWLF-KPKJPENVSA-N,5.977375394962899
ZRWLWJGVTPRWLF-KPKJPENVSA-N__PQTHJJSDNGSRSM-LBWZTGJMSA-N,5.0559320138016215
DAKMSDXNMDLJHA-OAQYLSRUSA-N__NKKFNUGWYLQGNV-JQRITLKVSA-N,8.768348627365691
NKKFNUGWYLQGNV-JQRITLKVSA-N__DAKMSDXNMDLJHA-OAQYLSRUSA-N,8.85525156701125
OZYPOZXDYKPIKT-UHFFFAOYSA-N__WGJDEWARILDFOP-UHFFFAOYSA-N,-0.6381357971538514
KPOYBOQXNYTRHD-UHFFFAOYSA-N__PBXVKXOINRWKQM-STZFKDTASA-N,6.4238440756146575
PBXVKXOINRWKQM-STZFKDTASA-N__KPOYBOQXNYTRHD-UHFFFAOYSA-N,19.689257911433792
WGJDEWARILDFOP-UHFFFAOYSA-N__OZYPOZXDYKPIKT-UHFFFAOYSA-N,13.02903449313591
BCGOBSGSRJZSBH-UHFFFAOYSA-N__UXWNPFUWMDGTBG-UHFFFAOYSA-N,16.27532392996557
UXWNPFUWMDGTBG-UHFFFAOYSA-N__BCGOBSGSRJZSBH-UHFFFAOYSA-N,1.5936629432011469
HHHSYUVZVRQQGI-CWQZNGJJSA-N__MYZAKHBZTJWBBA-KQTBYGHGSA-N,15.428769076275548
LAZRPXNOSGQDDS-UHFFFAOYSA-N__ZPNAKCXCWNCKRB-UHFFFAOYSA-N,12.079853005349332
MYZAKHBZTJWBBA-KQTBYGHGSA-N__HHHSYUVZVRQQGI-CWQZNGJJSA-N,6.617978957460439
ZPNAKCXCWNCKRB-UHFFFAOYSA-N__LAZRPXNOSGQDDS-UHFFFAOYSA-N,10.889950191393307
SOKZFFDURCAWBH-VXFQKVSNSA-N__OXKFPBGJKRYKMK-UHFFFAOYSA-N,6.828102492193451
OXKFPBGJKRYKMK-UHFFFAOYSA-N__SOKZFFDURCAWBH-VXFQKVSNSA-N,4.564628444859872
ZLZWAXBVZOQQPM-UHFFFAOYSA-N__WVHRAVATCKTJDN-TWMUNHRGSA-N,8.437024008990369
GVEXSPLQOBFUPX-UHFFFAOYSA-N__JLPWZMJZGAEZDA-UHFFFAOYSA-N,1.2997669597743076
WVHRAVATCKTJDN-TWMUNHRGSA-N__ZLZWAXBVZOQQPM-UHFFFAOYSA-N,9.578877831163048
JLPWZMJZGAEZDA-UHFFFAOYSA-N__GVEXSPLQOBFUPX-UHFFFAOYSA-N,-3.874940210414196
XLTVUDWCZABOIH-UHFFFAOYSA-N__MFUWKLKLGDWHFU-UHFFFAOYSA-N,12.912572915028871
MFUWKLKLGDWHFU-UHFFFAOYSA-N__XLTVUDWCZABOIH-UHFFFAOYSA-N,17.76290649912015
ITWRLLZELKDRPH-HSZRJFAPSA-N__ICOKEDZXBCIKOS-UHFFFAOYSA-N,1.187598636091021
ICOKEDZXBCIKOS-UHFFFAOYSA-N__ITWRLLZELKDRPH-HSZRJFAPSA-N,5.269201134368181
ZRZNQXAGFQZVGC-UHFFFAOYSA-N__KHZDDESORIVXBC-UHFFFAOYSA-N,3.0631742227787946
KHZDDESORIVXBC-UHFFFAOYSA-N__ZRZNQXAGFQZVGC-UHFFFAOYSA-N,6.528150805042552
CWJKDZGESUOPSV-UHFFFAOYSA-N__RPVSGCNZVIJFSR-UHFFFAOYSA-N,0.7842372866115308
RPVSGCNZVIJFSR-UHFFFAOYSA-N__CWJKDZGESUOPSV-UHFFFAOYSA-N,-6.375481682404284
LHICNIQDUSLKGT-WRWGMCAJSA-N__QXXRTYXLWQAFAH-UHFFFAOYSA-N,-7.934233799708656
QXXRTYXLWQAFAH-UHFFFAOYSA-N__LHICNIQDUSLKGT-WRWGMCAJSA-N,-24.59540332177712
UGXGYKKZKHIUJW-GUYCJALGSA-N__UZBLDLKIJWHYQF-OAPZVAQESA-N,-13.560429728896972
UZBLDLKIJWHYQF-OAPZVAQESA-N__UGXGYKKZKHIUJW-GUYCJALGSA-N,9.25230802365654
MHZIXCWOTFCYBZ-UHFFFAOYSA-N__IZBJOVRIVXBCMG-UHFFFAOYSA-N,9.968694606222318
IZBJOVRIVXBCMG-UHFFFAOYSA-N__MHZIXCWOTFCYBZ-UHFFFAOYSA-N,13.398287031976617
YEWKYTNHFPESFT-RAWMCFOBSA-N__DRINIGIPYHGHPU-UHFFFAOYSA-N,-3.880572284518309
DRINIGIPYHGHPU-UHFFFAOYSA-N__YEWKYTNHFPESFT-RAWMCFOBSA-N,-0.6351990223777767
ASLNMMUYIWRQOM-UHFFFAOYSA-N__NGQZHJLHRBRFMW-UHFFFAOYSA-N,2.1524535132324023
NGQZHJLHRBRFMW-UHFFFAOYSA-N__ASLNMMUYIWRQOM-UHFFFAOYSA-N,-5.212641826678553
QSRNPAPEDNCYCM-BYHBIXDJSA-N__DXMOGPOWUFXWPY-UHFFFAOYSA-N,0.6586466522567361
DXMOGPOWUFXWPY-UHFFFAOYSA-N__QSRNPAPEDNCYCM-BYHBIXDJSA-N,0.0764507534285748
DBVZEHRWKDDWHV-UHFFFAOYSA-N__YGHKZPCHCNDLPR-PGPCLEDZSA-N,12.543622063943529
YGHKZPCHCNDLPR-PGPCLEDZSA-N__DBVZEHRWKDDWHV-UHFFFAOYSA-N,3.634721319688927
KNIHOEJSSLNCDA-UHFFFAOYSA-N__KYGBIULFEMNJSN-VWRQVINXSA-N,3.465153485986161
KYGBIULFEMNJSN-VWRQVINXSA-N__KNIHOEJSSLNCDA-UHFFFAOYSA-N,7.437906578021149
WASPBQVUKOZNSU-UHFFFAOYSA-N__SEEIQGXGHHUPQG-UHFFFAOYSA-N,11.817826642331587
SEEIQGXGHHUPQG-UHFFFAOYSA-N__WASPBQVUKOZNSU-UHFFFAOYSA-N,8.711118199398406
VOHVUQNUZPYAGU-UHFFFAOYSA-N__FVVRWNVXZLVBIF-XZOWNBSXSA-N,4.370983080717376
ANVVEFIQWWJFOF-CIDVGWMPSA-N__VWXSGJBDFSHYSQ-ZZXKWVIFSA-N,6.169701862711478
FVVRWNVXZLVBIF-XZOWNBSXSA-N__VOHVUQNUZPYAGU-UHFFFAOYSA-N,-1.2023137949400755
QQRVXERPSXZBIF-UHFFFAOYSA-N__PVVMARQRUVSDJM-UHFFFAOYSA-N,11.927894243745996
VWXSGJBDFSHYSQ-ZZXKWVIFSA-N__ANVVEFIQWWJFOF-CIDVGWMPSA-N,0.157355564518939
GDMZDFSLJSKWLF-FLOOPIEZSA-N__ADWSFKXHBAUKKO-UHFFFAOYSA-N,1.9239884430828265
ADWSFKXHBAUKKO-UHFFFAOYSA-N__GDMZDFSLJSKWLF-FLOOPIEZSA-N,10.186437214780696
PVVMARQRUVSDJM-UHFFFAOYSA-N__QQRVXERPSXZBIF-UHFFFAOYSA-N,20.36976333184312
UGADGQDYUVBKEO-UHFFFAOYSA-N__POAOBAZVADLAIR-UHFFFAOYSA-N,6.76388826796747
AOQXFHPQRITEKN-UHFFFAOYSA-N__VBFVNUZBLJFAFL-UHFFFAOYSA-N,11.82776685614562
POAOBAZVADLAIR-UHFFFAOYSA-N__UGADGQDYUVBKEO-UHFFFAOYSA-N,9.065230344629835
LPBRGPIHGSNTEA-AJPHNGIPSA-N__OREVXDCFQDZFNH-UHFFFAOYSA-N,12.81073263829662
VBFVNUZBLJFAFL-UHFFFAOYSA-N__AOQXFHPQRITEKN-UHFFFAOYSA-N,6.813926076918896
XMXMNUJOMRPEQS-UHFFFAOYSA-N__COPXHYVJWDHGEN-UHFFFAOYSA-N,9.09746509464386
OREVXDCFQDZFNH-UHFFFAOYSA-N__LPBRGPIHGSNTEA-AJPHNGIPSA-N,20.455179880205264
KINRALJTVLPMAX-UHFFFAOYSA-N__JEOOZHKRCFCXHC-UHFFFAOYSA-N,1.2610181186374425
JEOOZHKRCFCXHC-UHFFFAOYSA-N__KINRALJTVLPMAX-UHFFFAOYSA-N,8.228210697900025
COPXHYVJWDHGEN-UHFFFAOYSA-N__XMXMNUJOMRPEQS-UHFFFAOYSA-N,5.501588559392346
ZGVNAFNBDRSNHW-UHFFFAOYSA-N__CZZNMNMZPLJFSO-UHFFFAOYSA-N,12.74953854342446
CZZNMNMZPLJFSO-UHFFFAOYSA-N__ZGVNAFNBDRSNHW-UHFFFAOYSA-N,7.995580989150521
YXLIFRMTKBWEQE-UHFFFAOYSA-N__BUFWUUWJURVDLC-UHFFFAOYSA-N,6.165043815690921
BUFWUUWJURVDLC-UHFFFAOYSA-N__YXLIFRMTKBWEQE-UHFFFAOYSA-N,13.11880383264343
IBTZXFAZAQVJIR-UHFFFAOYSA-N__YAQNFSVYCKRNEA-UHFFFAOYSA-N,6.52322953470673
UWAUQFYLBRSXNQ-UHFFFAOYSA-N__GIRHGLFKNXHLNO-RDRPBHBLSA-N,4.798818327270012
GIRHGLFKNXHLNO-RDRPBHBLSA-N__UWAUQFYLBRSXNQ-UHFFFAOYSA-N,9.76355363449887
FKMQJPTYVXNBRJ-FHWLQOOXSA-N__NQZJSCYCZWGJCM-DEHCKPKBSA-N,0.2320731471192052
YAQNFSVYCKRNEA-UHFFFAOYSA-N__IBTZXFAZAQVJIR-UHFFFAOYSA-N,5.1311885529963375
CZLKMKHMMOBYPI-UHFFFAOYSA-N__ZZRPMMPOIUCNCU-VWLOTQADSA-N,20.759091088861435
ZZRPMMPOIUCNCU-VWLOTQADSA-N__CZLKMKHMMOBYPI-UHFFFAOYSA-N,25.727072235703755
NQZJSCYCZWGJCM-DEHCKPKBSA-N__FKMQJPTYVXNBRJ-FHWLQOOXSA-N,-6.138913490901432
DRLGMINSEGVGHA-NJAKMQSKSA-N__FKCVCEZILZHDNP-UHFFFAOYSA-N,7.923643461850507
FKCVCEZILZHDNP-UHFFFAOYSA-N__DRLGMINSEGVGHA-NJAKMQSKSA-N,3.658970747097517
SZDSIADFCKXBDK-CIAFOILYSA-N__URGMRKXHSBCZLS-LNGCNUISSA-N,2.876364871413428
URGMRKXHSBCZLS-LNGCNUISSA-N__SZDSIADFCKXBDK-CIAFOILYSA-N,4.840223719077977
SGWBZOIZZYDRAC-UHFFFAOYSA-N__AYDDIQVTXCGUMA-UHFFFAOYSA-N,10.53603844685503
AYDDIQVTXCGUMA-UHFFFAOYSA-N__SGWBZOIZZYDRAC-UHFFFAOYSA-N,14.009692139788047
WAMMOVBDHIVFFM-JWWCTGECSA-N__KVPJALNGDHJNPI-UHFFFAOYSA-N,-0.899123635840915
KVPJALNGDHJNPI-UHFFFAOYSA-N__WAMMOVBDHIVFFM-JWWCTGECSA-N,5.008722492832202
QUSCKHXBHYIACC-BLVXVQLLSA-N__QFIYCLMSTGVSPB-UHFFFAOYSA-N,8.953054781549895
JKYNBWMXPRBUKD-UHFFFAOYSA-N__OTXWAFISFSRKAO-PKWKYYQNSA-N,8.58625834560302
OTXWAFISFSRKAO-PKWKYYQNSA-N__JKYNBWMXPRBUKD-UHFFFAOYSA-N,-18.60811698804789
MPPLONKVFLDUQJ-IIIMJFFVSA-N__UYAAPKUAWFEOMC-FUZSOAMUSA-N,22.80002055574905
QFIYCLMSTGVSPB-UHFFFAOYSA-N__QUSCKHXBHYIACC-BLVXVQLLSA-N,1.5067924037043938
CJXUFGYIMBFFTH-UHFFFAOYSA-N__HVHWAUKBKXJNQH-NVNXTCNLSA-N,12.994361250543037
UYAAPKUAWFEOMC-FUZSOAMUSA-N__MPPLONKVFLDUQJ-IIIMJFFVSA-N,-2.0114391162298526
HVHWAUKBKXJNQH-NVNXTCNLSA-N__CJXUFGYIMBFFTH-UHFFFAOYSA-N,3.7032252761615214
TTYBINWVOOMOSG-CRJDYXPCSA-N__IDISAUXNSSEXKT-UHFFFAOYSA-N,0.3104328711900204
IDISAUXNSSEXKT-UHFFFAOYSA-N__TTYBINWVOOMOSG-CRJDYXPCSA-N,4.852386430090882
QWKTZIDRAPHMCH-UHFFFAOYSA-N__QAPOSPOTJMNSNV-RPBOFIJWSA-N,17.760544682451386
QAPOSPOTJMNSNV-RPBOFIJWSA-N__QWKTZIDRAPHMCH-UHFFFAOYSA-N,10.104018288852142
IHMIALFDIVOQEN-FICMROCWSA-N__BEBINPBRJOTWAU-PVMYQSSASA-N,13.232615747629277
BEBINPBRJOTWAU-PVMYQSSASA-N__IHMIALFDIVOQEN-FICMROCWSA-N,15.714735717255769
IIYCVHHWYRCZRV-ORLZOAEHSA-N__QAPAENGYHGVLOU-UHFFFAOYSA-N,10.216828758390324
HNUAKUMIUQBLQG-OMOCHNIRSA-N__HEWKRXBEFZRQOD-DCIOMXRHSA-N,21.408324860542816
HEWKRXBEFZRQOD-DCIOMXRHSA-N__HNUAKUMIUQBLQG-OMOCHNIRSA-N,5.444470334439893
QAPAENGYHGVLOU-UHFFFAOYSA-N__IIYCVHHWYRCZRV-ORLZOAEHSA-N,-0.2000072223349367
QGEMZVKBNYBKQR-AECDRRKISA-N__GEZSEAKRTHPSJF-PAQOUXTFSA-N,6.642633423254942
GEZSEAKRTHPSJF-PAQOUXTFSA-N__QGEMZVKBNYBKQR-AECDRRKISA-N,11.027953410017602
WGLDHPMXZFNTBG-UHFFFAOYSA-N__LPUHPIILBFZAOA-UHFFFAOYSA-N,10.728931447507971
LPUHPIILBFZAOA-UHFFFAOYSA-N__WGLDHPMXZFNTBG-UHFFFAOYSA-N,8.814179013808943
DTIDCVZHNRKDFY-UHFFFAOYSA-N__BDZSNXFYQFYOSR-UHFFFAOYSA-N,8.951299469630662
BDZSNXFYQFYOSR-UHFFFAOYSA-N__DTIDCVZHNRKDFY-UHFFFAOYSA-N,7.129253413458232
GQXQAQJMCUMEHS-UHFFFAOYSA-N__GMBOJSOBSILDFR-UHFFFAOYSA-N,16.133536329758932
GMBOJSOBSILDFR-UHFFFAOYSA-N__GQXQAQJMCUMEHS-UHFFFAOYSA-N,10.049255459721994
XFIVCYVDZPIDTJ-UHFFFAOYSA-N__KWEDCJCXKQRFSP-UHFFFAOYSA-N,52.57744590201476
KWEDCJCXKQRFSP-UHFFFAOYSA-N__XFIVCYVDZPIDTJ-UHFFFAOYSA-N,-11.121647676476488
DGMXGJQMPUKDQN-VLGBJMDQSA-N__BITIEJLLYOAARW-UHFFFAOYSA-N,11.06353455319386
DFCMSTRURPAZPS-QAGHZCBJSA-N__MHGMQGNKXPPLSW-BFLSOPEQSA-N,-0.5773115121902972
MHGMQGNKXPPLSW-BFLSOPEQSA-N__DFCMSTRURPAZPS-QAGHZCBJSA-N,9.26961803857583
BITIEJLLYOAARW-UHFFFAOYSA-N__DGMXGJQMPUKDQN-VLGBJMDQSA-N,20.12030114054487
RPVSGCNZVIJFSR-UHFFFAOYSA-N__XICCRRSLZVIQLP-UHFFFAOYSA-N,11.593945885621608
XICCRRSLZVIQLP-UHFFFAOYSA-N__RPVSGCNZVIJFSR-UHFFFAOYSA-N,6.636358682659768
PYGFQXTUJSQFJP-UHFFFAOYSA-N__UZEMDAGNLLNXQG-QPJJXVBHSA-N,2.6992782299356124
YHQFISOOVYLPRR-HFIQGDHTSA-N__HSJRAEQQVXRGGM-UHFFFAOYSA-N,1.5368401030105678
UZEMDAGNLLNXQG-QPJJXVBHSA-N__PYGFQXTUJSQFJP-UHFFFAOYSA-N,5.780096975014522
HSJRAEQQVXRGGM-UHFFFAOYSA-N__YHQFISOOVYLPRR-HFIQGDHTSA-N,-6.8757750882846524
ZABPOIBWTNGJHU-XMHGGMMESA-N__WJGBLLBPQOSRMH-MDYVAWIYSA-N,4.004591043240492
WJGBLLBPQOSRMH-MDYVAWIYSA-N__ZABPOIBWTNGJHU-XMHGGMMESA-N,17.111498632424464
OKJRGMVANZDJPQ-ZMANFXJFSA-N__XKCOYOSUWJTEEM-PXYINDEMSA-N,3.057107774745116
XKCOYOSUWJTEEM-PXYINDEMSA-N__OKJRGMVANZDJPQ-ZMANFXJFSA-N,-0.5424656910503324
FMVPDNASNMKPAU-UHFFFAOYSA-N__UGOOKYBEVBCZMR-YGWIHHTISA-N,5.912149326263143
UGOOKYBEVBCZMR-YGWIHHTISA-N__FMVPDNASNMKPAU-UHFFFAOYSA-N,-2.580409721015923
AJDJEPFYKDHZPV-DTAVOITJSA-N__QXXRTYXLWQAFAH-UHFFFAOYSA-N,0.5827703782469744
QXXRTYXLWQAFAH-UHFFFAOYSA-N__AJDJEPFYKDHZPV-DTAVOITJSA-N,-1.666623631713246
HVHWAUKBKXJNQH-NVNXTCNLSA-N__OGKOSDQMTOTFOA-WMCAAGNKSA-N,16.021838167214014
FPYLAJYYFJDRIK-UHFFFAOYSA-N__DHNOWBPNXOYPKT-UHFFFAOYSA-N,3.134318302274865
OGKOSDQMTOTFOA-WMCAAGNKSA-N__HVHWAUKBKXJNQH-NVNXTCNLSA-N,10.88256705392658
DHNOWBPNXOYPKT-UHFFFAOYSA-N__FPYLAJYYFJDRIK-UHFFFAOYSA-N,4.187473418639429
AEEHOAJPKIBCLJ-UHFFFAOYSA-N__YHJVYCXRIWOBKO-UHFFFAOYSA-N,15.274631440477584
YHJVYCXRIWOBKO-UHFFFAOYSA-N__AEEHOAJPKIBCLJ-UHFFFAOYSA-N,5.137200454083121
ZMUOXTLBZRJZSW-QGZVFWFLSA-N__JOYWTEFYIDZKIB-UHFFFAOYSA-N,9.67808010280091
JOYWTEFYIDZKIB-UHFFFAOYSA-N__ZMUOXTLBZRJZSW-QGZVFWFLSA-N,18.356334533238904
PWALNNQORCIGJT-UHFFFAOYSA-N__FKCVCEZILZHDNP-UHFFFAOYSA-N,12.091553637711536
FKCVCEZILZHDNP-UHFFFAOYSA-N__PWALNNQORCIGJT-UHFFFAOYSA-N,14.202970739793445
GZCGPNRLCLQQFO-PTAFGJLESA-N__BHWWLKDVZYJHGF-UHFFFAOYSA-N,-1.762020884801288
BHWWLKDVZYJHGF-UHFFFAOYSA-N__GZCGPNRLCLQQFO-PTAFGJLESA-N,7.357441474349115
OEVQTUTXOVDNJO-GEEOIBTQSA-N__DZZHIBPTMNCBJH-UHFFFAOYSA-N,9.14820052980398
DZZHIBPTMNCBJH-UHFFFAOYSA-N__OEVQTUTXOVDNJO-GEEOIBTQSA-N,-1.928123894240044
FKWRAYXWAJORAO-UHFFFAOYSA-N__SOKZFFDURCAWBH-VXFQKVSNSA-N,1.6661644336116122
PZYTZBGMEHZTNR-GVCQLOIVSA-N__FBQVUKRVTNANAI-UHFFFAOYSA-N,4.387583971629836
SOKZFFDURCAWBH-VXFQKVSNSA-N__FKWRAYXWAJORAO-UHFFFAOYSA-N,13.585767172461368
FBQVUKRVTNANAI-UHFFFAOYSA-N__PZYTZBGMEHZTNR-GVCQLOIVSA-N,1.045804869434828
ULQBUIWZJOUOEJ-UHFFFAOYSA-N__ZETWHDVBJCVNKM-DCPHZVHLSA-N,7.771250837108911
ZETWHDVBJCVNKM-DCPHZVHLSA-N__ULQBUIWZJOUOEJ-UHFFFAOYSA-N,5.596604204434069
QRCWHMFPBYCORA-UHFFFAOYSA-N__SBSBKOAILJIFGB-UHFFFAOYSA-N,13.819755955193267
SBSBKOAILJIFGB-UHFFFAOYSA-N__QRCWHMFPBYCORA-UHFFFAOYSA-N,11.758266452988876
XYJSVSPFUQNEGI-UHFFFAOYSA-N__NSKBVJYXMDIQIF-UHFFFAOYSA-N,11.236298072796451
GVZCVOKNLHLPTI-QFTDFRCPSA-N__ZAVMTBGDKUWHRU-UZCJZYLFSA-N,0.9008096760411128
ZAVMTBGDKUWHRU-UZCJZYLFSA-N__GVZCVOKNLHLPTI-QFTDFRCPSA-N,-1.678110024932947
NSKBVJYXMDIQIF-UHFFFAOYSA-N__XYJSVSPFUQNEGI-UHFFFAOYSA-N,9.40150905881629
SKKNMHZCAJBNHK-GUBZILKMSA-N__PJSUBVBFSZNFNA-UHFFFAOYSA-N,9.615118239122234
PJSUBVBFSZNFNA-UHFFFAOYSA-N__SKKNMHZCAJBNHK-GUBZILKMSA-N,1.167208055361662
UAGVHQWMCBXMGD-UHFFFAOYSA-N__LGFRXSYXMSCJGU-UHFFFAOYSA-N,-0.5536233147306403
LGFRXSYXMSCJGU-UHFFFAOYSA-N__UAGVHQWMCBXMGD-UHFFFAOYSA-N,4.509823457326808
SPGWCKPWCLAASD-UHFFFAOYSA-N__WMYVSJRADZQBJQ-UHFFFAOYSA-N,3.239626788761656
WMYVSJRADZQBJQ-UHFFFAOYSA-N__SPGWCKPWCLAASD-UHFFFAOYSA-N,4.694779791242388
HASZLUJLAQXGBC-UHFFFAOYSA-N__MYWJKGQVHAXGGL-UHFFFAOYSA-N,6.997914212336285
IHWFJEJXLPPDDG-QPAOKJHLSA-N__BAJJHUAANDUEMS-UHFFFAOYSA-N,-2.5537745506463025
BAJJHUAANDUEMS-UHFFFAOYSA-N__IHWFJEJXLPPDDG-QPAOKJHLSA-N,7.811061020394521
MYWJKGQVHAXGGL-UHFFFAOYSA-N__HASZLUJLAQXGBC-UHFFFAOYSA-N,13.903552120869072
AKUXLHVHLSLMSF-UHFFFAOYSA-N__OECWCPIHKGQICL-UHFFFAOYSA-N,7.7304447491771855
OECWCPIHKGQICL-UHFFFAOYSA-N__AKUXLHVHLSLMSF-UHFFFAOYSA-N,9.907528548656355
UFSIAXSQYNMRDU-UHFFFAOYSA-N__UAGBLGOMPLYHRX-UHFFFAOYSA-N,2.3568695950472285
UAGBLGOMPLYHRX-UHFFFAOYSA-N__UFSIAXSQYNMRDU-UHFFFAOYSA-N,1.0330793886797596
YFJSZBAMDXNSFV-UHFFFAOYSA-N__ZXFIPLKPWQWRHB-UHFFFAOYSA-N,-4.477078318362883
HMYUHDIGJAXXGU-UHFFFAOYSA-N__YWPLOINWLYTNIT-SNAWJCMRSA-N,4.772520751001636
ZXFIPLKPWQWRHB-UHFFFAOYSA-N__YFJSZBAMDXNSFV-UHFFFAOYSA-N,-3.2034759823008043
YWPLOINWLYTNIT-SNAWJCMRSA-N__HMYUHDIGJAXXGU-UHFFFAOYSA-N,5.561966691692983
OJXYNKDMSNXKTR-UHFFFAOYSA-N__KSKGZRSWUCCWMJ-UHFFFAOYSA-N,17.53862044106661
KSKGZRSWUCCWMJ-UHFFFAOYSA-N__OJXYNKDMSNXKTR-UHFFFAOYSA-N,12.734857467838632
USAPUKYONAZLJD-UHFFFAOYSA-N__WFWPCSAJUHHUIF-UHFFFAOYSA-N,8.46812040607762
WFWPCSAJUHHUIF-UHFFFAOYSA-N__USAPUKYONAZLJD-UHFFFAOYSA-N,3.683863800228996
JMARJUJKINOQHH-BOYUIBFASA-N__LUOAYIWPHOYAPK-UHFFFAOYSA-N,0.1349513234731046
LUOAYIWPHOYAPK-UHFFFAOYSA-N__JMARJUJKINOQHH-BOYUIBFASA-N,1.516215087192434
NKKFNUGWYLQGNV-JQRITLKVSA-N__FKUWAABBXAVKRL-DICRZQGBSA-N,15.841135917448405
FKUWAABBXAVKRL-DICRZQGBSA-N__NKKFNUGWYLQGNV-JQRITLKVSA-N,19.93941694748711
ONMGGOWPGMEVMF-UHFFFAOYSA-N__FMYJGINDGURKSA-UHFFFAOYSA-N,27.322679216797024
FMYJGINDGURKSA-UHFFFAOYSA-N__ONMGGOWPGMEVMF-UHFFFAOYSA-N,18.58025220346678
FZXQSOKTNUSVCJ-UHFFFAOYSA-N__PXHNPQBYUFRCFS-LEOYJEJDSA-N,2.7155477616823696
PXHNPQBYUFRCFS-LEOYJEJDSA-N__FZXQSOKTNUSVCJ-UHFFFAOYSA-N,4.231065286443682
OTXWAFISFSRKAO-PKWKYYQNSA-N__YCZUGOJNSNGEGT-UHFFFAOYSA-N,23.14994103153298
YCZUGOJNSNGEGT-UHFFFAOYSA-N__OTXWAFISFSRKAO-PKWKYYQNSA-N,-1.7212296463432677
MGGSYLUTVBUWIJ-JSRBVGTNSA-N__SKFLKIKSFYKUEH-UHFFFAOYSA-N,8.996633859453764
SKFLKIKSFYKUEH-UHFFFAOYSA-N__MGGSYLUTVBUWIJ-JSRBVGTNSA-N,22.631162976785262
LZQNCHXGSWESQY-UHFFFAOYSA-N__ZTAOSBCQKHDCTM-ATVHPVEESA-N,10.085297963016824
ZTAOSBCQKHDCTM-ATVHPVEESA-N__LZQNCHXGSWESQY-UHFFFAOYSA-N,7.60327531711152
OQRFNWVKDUHMKS-UHFFFAOYSA-N__PXERWWFVTLOJTD-UHFFFAOYSA-N,0.1594693440689021
PXERWWFVTLOJTD-UHFFFAOYSA-N__OQRFNWVKDUHMKS-UHFFFAOYSA-N,5.670422319358577
JQSBWFKSSMLCOB-LPUQOGTASA-N__XQLBUKDQKZJGMS-UHFFFAOYSA-N,5.058086171689609
XQLBUKDQKZJGMS-UHFFFAOYSA-N__JQSBWFKSSMLCOB-LPUQOGTASA-N,6.432299346623864
KMZBNCRJLZPYQD-UHFFFAOYSA-N__PQTHJJSDNGSRSM-LBWZTGJMSA-N,10.442996708583694
AKUNCQOEZMYMRN-UHFFFAOYSA-N__MKVQOZFODVMULO-IWZBDYHHSA-N,8.66293198467239
MKVQOZFODVMULO-IWZBDYHHSA-N__AKUNCQOEZMYMRN-UHFFFAOYSA-N,16.50929730805925
PQTHJJSDNGSRSM-LBWZTGJMSA-N__KMZBNCRJLZPYQD-UHFFFAOYSA-N,7.575212543685367
OMZWJUUHNOFJAV-UHFFFAOYSA-N__OGARMHBKUCJUTA-CKSLAKHHSA-N,19.02325991062172
OGARMHBKUCJUTA-CKSLAKHHSA-N__OMZWJUUHNOFJAV-UHFFFAOYSA-N,7.53157687452795
SGCLSPFAYOHOOF-RYUDHWBXSA-N__IMJXZJWZJYUUQK-UHFFFAOYSA-N,-3.3992578965845355
IMJXZJWZJYUUQK-UHFFFAOYSA-N__SGCLSPFAYOHOOF-RYUDHWBXSA-N,11.64912794300573
WSSPQMKTJUVXJM-HFTWOUSFSA-N__ANYAVENELUNNSE-UHFFFAOYSA-N,11.765146654064983
HLHHTPCEMPGTFT-UHFFFAOYSA-N__TXRJBHJMRKCPGT-UHFFFAOYSA-N,4.100558397994772
ANYAVENELUNNSE-UHFFFAOYSA-N__WSSPQMKTJUVXJM-HFTWOUSFSA-N,15.18746462090738
TXRJBHJMRKCPGT-UHFFFAOYSA-N__HLHHTPCEMPGTFT-UHFFFAOYSA-N,-0.5353296410300767
NGJFMEISBLSZOG-WTKPLQERSA-N__HLCJJKOWYJSGHH-ZGLOBFPOSA-N,8.286776244736254
BDLSVVOXILDBEZ-UHFFFAOYSA-N__BZOODFMQYLHURU-UHFFFAOYSA-N,15.76468739837509
BZOODFMQYLHURU-UHFFFAOYSA-N__BDLSVVOXILDBEZ-UHFFFAOYSA-N,13.992741843938186
HLCJJKOWYJSGHH-ZGLOBFPOSA-N__NGJFMEISBLSZOG-WTKPLQERSA-N,5.667650874173434
IHXYHXLXZRGMRD-UHFFFAOYSA-N__WWVKEJAVNHFQGC-UHFFFAOYSA-N,17.520690727715454
WWVKEJAVNHFQGC-UHFFFAOYSA-N__IHXYHXLXZRGMRD-UHFFFAOYSA-N,14.089983501935356
CLZASMWCUMBFSM-LICLKQGHSA-N__ZLZBQVKAILZNML-UGLNBITBSA-N,17.3375641475593
PVVMARQRUVSDJM-UHFFFAOYSA-N__DGHSKNQZTQQXPM-MXILELMHSA-N,9.570953333101116
DGHSKNQZTQQXPM-MXILELMHSA-N__PVVMARQRUVSDJM-UHFFFAOYSA-N,6.651675222365237
ZLZBQVKAILZNML-UGLNBITBSA-N__CLZASMWCUMBFSM-LICLKQGHSA-N,14.571356673815634
VOCKNOCLCPQMMU-UHFFFAOYSA-N__ZGVNAFNBDRSNHW-UHFFFAOYSA-N,8.271930044518072
ZGVNAFNBDRSNHW-UHFFFAOYSA-N__VOCKNOCLCPQMMU-UHFFFAOYSA-N,12.14149805203981
AVSJTRCGESZCQI-UHFFFAOYSA-N__ZRGQFEYNLUOGJZ-FUEDEBDSSA-N,10.600683919481437
ZRGQFEYNLUOGJZ-FUEDEBDSSA-N__AVSJTRCGESZCQI-UHFFFAOYSA-N,7.781157398907406
AZVREHGCEACGJQ-UHFFFAOYSA-N__KRLQJVJQJNKVMY-UHFFFAOYSA-N,-0.4065564324172904
KRLQJVJQJNKVMY-UHFFFAOYSA-N__AZVREHGCEACGJQ-UHFFFAOYSA-N,0.2777338807937182
NSMDGWHGJUOCAT-UHFFFAOYSA-N__OBQWJYPGTZVASR-UHFFFAOYSA-N,31.9289247286633
OBQWJYPGTZVASR-UHFFFAOYSA-N__NSMDGWHGJUOCAT-UHFFFAOYSA-N,5.792981386058616
SJLGRZJZDWCPQV-UHFFFAOYSA-N__CDJXJEOZBVTOKG-UHFFFAOYSA-N,12.254188343512885
CDJXJEOZBVTOKG-UHFFFAOYSA-N__SJLGRZJZDWCPQV-UHFFFAOYSA-N,7.243906169120383
LCIIKJHWZSTBSU-GFOSZDOHSA-N__OYYGRMILZWWSGT-UHFFFAOYSA-N,15.68188523657396
OYYGRMILZWWSGT-UHFFFAOYSA-N__LCIIKJHWZSTBSU-GFOSZDOHSA-N,18.520776604303126
KINRALJTVLPMAX-UHFFFAOYSA-N__STLOEOMTQXWFAU-KAUVPZPMSA-N,9.509137567115362
STLOEOMTQXWFAU-KAUVPZPMSA-N__KINRALJTVLPMAX-UHFFFAOYSA-N,12.327026551261303
LKWLJLODWHWGOX-UHFFFAOYSA-N__LMNONGVCJWVWQJ-UHFFFAOYSA-N,7.161015418414741
LMNONGVCJWVWQJ-UHFFFAOYSA-N__LKWLJLODWHWGOX-UHFFFAOYSA-N,8.658304628932632
GYWRWPVHLJWHRE-UHFFFAOYSA-N__DKQFLEXGPUVPLB-UWJYYQICSA-N,7.336278559616963
ICOKEDZXBCIKOS-UHFFFAOYSA-N__FQJOHHMQLQHYEH-MZFJOGFUSA-N,11.528222756343393
FQJOHHMQLQHYEH-MZFJOGFUSA-N__ICOKEDZXBCIKOS-UHFFFAOYSA-N,-9.492660497437058
DKQFLEXGPUVPLB-UWJYYQICSA-N__GYWRWPVHLJWHRE-UHFFFAOYSA-N,8.161187019195243
QDCJDJXTBIDGBN-XWTNZUCXSA-N__JSGQLAPYRZRKIQ-OWWADGOUSA-N,14.798570132768724
JSGQLAPYRZRKIQ-OWWADGOUSA-N__QDCJDJXTBIDGBN-XWTNZUCXSA-N,12.48203039494443
GQZVWXHQADQZJS-XFOVLJPESA-N__ZFGLKZFIORBPNY-UHFFFAOYSA-N,1.7260009072603315
ZFGLKZFIORBPNY-UHFFFAOYSA-N__GQZVWXHQADQZJS-XFOVLJPESA-N,5.736954334893914
BEBINPBRJOTWAU-PVMYQSSASA-N__CFXADINRTMQGJH-UHFFFAOYSA-N,4.927355969633837
CFXADINRTMQGJH-UHFFFAOYSA-N__BEBINPBRJOTWAU-PVMYQSSASA-N,13.953040468617376
GNBPEERRFJMBHH-UHFFFAOYSA-N__ZVLIXBGVERUKJK-BJNYLTPZSA-N,9.341521747924467
ZVLIXBGVERUKJK-BJNYLTPZSA-N__GNBPEERRFJMBHH-UHFFFAOYSA-N,24.4851557097308
FUNLRYKSFWHEJI-UHFFFAOYSA-N__BZJTYRRFHOOUTK-MPIVDVOOSA-N,9.902033392732283
BZJTYRRFHOOUTK-MPIVDVOOSA-N__FUNLRYKSFWHEJI-UHFFFAOYSA-N,16.23035299355291
QPBGDEFXMMXIGF-PMKNUJBWSA-N__JOBFZNCMIKSQEU-UHFFFAOYSA-N,6.867123216698388
JOBFZNCMIKSQEU-UHFFFAOYSA-N__QPBGDEFXMMXIGF-PMKNUJBWSA-N,16.337172241490165
DBVZEHRWKDDWHV-UHFFFAOYSA-N__XEBSUYXXYLPNIZ-DWIBLYGDSA-N,1.974399842797269
GOGWJKYVERXMNN-UHFFFAOYSA-N__IQQOHGFJUOHFHE-UHFFFAOYSA-N,13.378797912435896
IQQOHGFJUOHFHE-UHFFFAOYSA-N__GOGWJKYVERXMNN-UHFFFAOYSA-N,27.536075798913203
XEBSUYXXYLPNIZ-DWIBLYGDSA-N__DBVZEHRWKDDWHV-UHFFFAOYSA-N,1.97499030356337
ZPTDDKFNWXPZBU-UHFFFAOYSA-N__COPXHYVJWDHGEN-UHFFFAOYSA-N,5.1096013334865695
OUEWDKMKWIRJMA-OWOJBTEDSA-N__BXRYFGTVJNFYFA-YVNUBYTISA-N,12.767044074844732
COPXHYVJWDHGEN-UHFFFAOYSA-N__ZPTDDKFNWXPZBU-UHFFFAOYSA-N,6.89441149224998
BXRYFGTVJNFYFA-YVNUBYTISA-N__OUEWDKMKWIRJMA-OWOJBTEDSA-N,8.87806084929658
NLTRMCNEIDQPGJ-UHFFFAOYSA-N__ZZXCRLUQAJYPJC-KVTQYBOBSA-N,20.47486306063443
NNZXZQJWBARINA-UHFFFAOYSA-N__LBFGKGDKKUNVGB-UKTHLTGXSA-N,5.326144928370329
LBFGKGDKKUNVGB-UKTHLTGXSA-N__NNZXZQJWBARINA-UHFFFAOYSA-N,18.116636684030475
ZZXCRLUQAJYPJC-KVTQYBOBSA-N__NLTRMCNEIDQPGJ-UHFFFAOYSA-N,17.64843022813178
LNCDZSYAWREEQM-IAXJKZSUSA-N__JRNXARMRGMIDBH-UHFFFAOYSA-N,20.80621556036765
ZKDLXLXZQHAQDW-UHFFFAOYSA-N__VWENLRHOLJMHQX-UHFFFAOYSA-N,6.289915421253301
VWENLRHOLJMHQX-UHFFFAOYSA-N__ZKDLXLXZQHAQDW-UHFFFAOYSA-N,9.387696358197672
JRNXARMRGMIDBH-UHFFFAOYSA-N__LNCDZSYAWREEQM-IAXJKZSUSA-N,1.332738902490765
GSVFGONOJFVLNV-SYZQJQIISA-N__OREVXDCFQDZFNH-UHFFFAOYSA-N,0.430611012204681
OREVXDCFQDZFNH-UHFFFAOYSA-N__GSVFGONOJFVLNV-SYZQJQIISA-N,10.446126656070597
UBEDBFIQMQXEPY-UHFFFAOYSA-N__FCWZRGQNYIKFEE-KDCRZUFVSA-N,5.394135899988829
FCWZRGQNYIKFEE-KDCRZUFVSA-N__UBEDBFIQMQXEPY-UHFFFAOYSA-N,9.89331810726157
RTGBGSUZAUOGMR-UHFFFAOYSA-N__HYJBPRJTKVNBTC-UHFFFAOYSA-N,3.837390510792455
HYJBPRJTKVNBTC-UHFFFAOYSA-N__RTGBGSUZAUOGMR-UHFFFAOYSA-N,11.96232769350588
LVKLCVLQKLJRRC-UHFFFAOYSA-N__DCECVZDBKKBSFN-KEQGGQIVSA-N,8.622775028594072
DCECVZDBKKBSFN-KEQGGQIVSA-N__LVKLCVLQKLJRRC-UHFFFAOYSA-N,8.959818891604732
MYZAKHBZTJWBBA-KQTBYGHGSA-N__JNWHGARTELWOGE-NCGGNKEFSA-N,9.22798477206574
JNWHGARTELWOGE-NCGGNKEFSA-N__MYZAKHBZTJWBBA-KQTBYGHGSA-N,24.33636347333692
PKEVIFGAZCJECH-RFYAYMHSSA-N__PJVNFAPSOHXTIG-UHFFFAOYSA-N,15.517864234467238
PJVNFAPSOHXTIG-UHFFFAOYSA-N__PKEVIFGAZCJECH-RFYAYMHSSA-N,13.236380944432382
HTMRITMBORRXKX-KKUMJFAQSA-N__AMKJVZHZUFZYGK-HNNXBMFYSA-N,9.732221737793813
AMKJVZHZUFZYGK-HNNXBMFYSA-N__HTMRITMBORRXKX-KKUMJFAQSA-N,4.85817270952177
BIVVDLOPGBAPFO-NXCFDTQHSA-N__VEMMJYZFHIONBG-UHFFFAOYSA-N,10.04655286007331
VEMMJYZFHIONBG-UHFFFAOYSA-N__BIVVDLOPGBAPFO-NXCFDTQHSA-N,11.057929012985896
NYHIRSOXACGRJJ-UHFFFAOYSA-N__QAPAENGYHGVLOU-UHFFFAOYSA-N,24.58353951542036
QAPAENGYHGVLOU-UHFFFAOYSA-N__NYHIRSOXACGRJJ-UHFFFAOYSA-N,10.851174166599511
SCOWKIZZCMPIOW-UHFFFAOYSA-N__KMHKKWDOBMZQJY-UHFFFAOYSA-N,16.533403105375907
KMHKKWDOBMZQJY-UHFFFAOYSA-N__SCOWKIZZCMPIOW-UHFFFAOYSA-N,10.966826179439426
LUFXCBKFVMQVTP-UHFFFAOYSA-N__WAKOSBWKYUPKBI-UHFFFAOYSA-N,6.589308611331428
WAKOSBWKYUPKBI-UHFFFAOYSA-N__LUFXCBKFVMQVTP-UHFFFAOYSA-N,13.515177413534412
JCQKYERSYYJGIJ-RKDXNWHRSA-N__UKJFQWZJLSDFLL-UHFFFAOYSA-N,7.6376486167721795
UKJFQWZJLSDFLL-UHFFFAOYSA-N__JCQKYERSYYJGIJ-RKDXNWHRSA-N,9.837788059889032
KYVJECNYPBUNGB-KFKPPOKLSA-N__UABNFQMUMDNFGQ-UHFFFAOYSA-N,11.039968924102867
UABNFQMUMDNFGQ-UHFFFAOYSA-N__KYVJECNYPBUNGB-KFKPPOKLSA-N,18.5368783970364
WJZSTRFQVDSASH-UHFFFAOYSA-N__JDRRVXVMZGIGCW-LOACHALJSA-N,20.275807422668432
JDRRVXVMZGIGCW-LOACHALJSA-N__WJZSTRFQVDSASH-UHFFFAOYSA-N,12.055156012040989
ABTSFONOOYTLRY-UHFFFAOYSA-N__PNHAXCIHPMYNGT-UOHPWTHRSA-N,10.129021334613284
PNHAXCIHPMYNGT-UOHPWTHRSA-N__ABTSFONOOYTLRY-UHFFFAOYSA-N,13.5676924625802
GVOUTUPEHSFJLK-KEKNWZKVSA-N__WDPWRSUKBJUUOY-YNNMVLHISA-N,3.833787860481065
CUWNGDJHDYLVJY-UHFFFAOYSA-N__OWKNOAYQVSYXET-UHFFFAOYSA-N,11.38531539786832
OWKNOAYQVSYXET-UHFFFAOYSA-N__CUWNGDJHDYLVJY-UHFFFAOYSA-N,7.642342139961023
MWLKCSLODCQGDG-UHFFFAOYSA-N__CTZMOJDYEGDJBE-UHFFFAOYSA-N,3.1286919046601582
WDPWRSUKBJUUOY-YNNMVLHISA-N__GVOUTUPEHSFJLK-KEKNWZKVSA-N,7.4481818449637025
CTZMOJDYEGDJBE-UHFFFAOYSA-N__MWLKCSLODCQGDG-UHFFFAOYSA-N,-1.5402961843251934
VKCJBZRUFYXPHK-UHFFFAOYSA-N__QTSFAKMNMDPMLZ-VMPITWQZSA-N,10.426476357046958
QTSFAKMNMDPMLZ-VMPITWQZSA-N__VKCJBZRUFYXPHK-UHFFFAOYSA-N,3.896253024844851
XTAFIGVGOLQCEG-UHFFFAOYSA-N__XGCVEPNRBGTIRA-UHFFFAOYSA-N,14.525138739308296
XGCVEPNRBGTIRA-UHFFFAOYSA-N__XTAFIGVGOLQCEG-UHFFFAOYSA-N,16.934224503285975
QOVKWGYQYADLAB-UHFFFAOYSA-N__HWFXXOGUXJLBOV-ODLFYWEKSA-N,7.773748473185691
HWFXXOGUXJLBOV-ODLFYWEKSA-N__QOVKWGYQYADLAB-UHFFFAOYSA-N,13.34108084034336
WATZAEVQIWITCK-OAQYLSRUSA-N__XIPMTSOVYJBUHZ-ZATQCSDWSA-N,7.479395082280368
TTYBINWVOOMOSG-CRJDYXPCSA-N__BXSMHJWCVDSDCT-UHFFFAOYSA-N,14.080799637923247
BXSMHJWCVDSDCT-UHFFFAOYSA-N__TTYBINWVOOMOSG-CRJDYXPCSA-N,6.728551101975211
XIPMTSOVYJBUHZ-ZATQCSDWSA-N__WATZAEVQIWITCK-OAQYLSRUSA-N,-4.617393293254461
UCEKHDRMACVFHL-IAXDOLNRSA-N__ZXUMGCVGRKOSKY-WIXQSORDSA-N,12.540459761394429
ZXUMGCVGRKOSKY-WIXQSORDSA-N__UCEKHDRMACVFHL-IAXDOLNRSA-N,9.353591963335454
NIQAWKHKPIICRN-FQHQGLIQSA-N__QTEVBEHSGMOJGM-AATRIKPKSA-N,-11.38900399152769
WHSDBQCRDUOMJS-UHFFFAOYSA-N__BIZRDMKNTVSYRK-UHFFFAOYSA-N,7.1018308123491725
BIZRDMKNTVSYRK-UHFFFAOYSA-N__WHSDBQCRDUOMJS-UHFFFAOYSA-N,12.648953249111306
QTEVBEHSGMOJGM-AATRIKPKSA-N__NIQAWKHKPIICRN-FQHQGLIQSA-N,-17.279281960344726
YIRVJQHNRWAGQG-UHFFFAOYSA-N__SMCVKNKRJWXWFA-LOHBPVSDSA-N,0.1021067270215239
YEUQKAAPKZLCJO-UHFFFAOYSA-N__QXXMSXCGXIRLPM-ISTRZQFTSA-N,10.4637440273873
QXXMSXCGXIRLPM-ISTRZQFTSA-N__YEUQKAAPKZLCJO-UHFFFAOYSA-N,13.250961984608717
SMCVKNKRJWXWFA-LOHBPVSDSA-N__YIRVJQHNRWAGQG-UHFFFAOYSA-N,6.582084824058421
XXRIPLFIHSQYAS-UHFFFAOYSA-N__RPULQAJMRZFSBN-UHFFFAOYSA-N,5.289923956448337
RPULQAJMRZFSBN-UHFFFAOYSA-N__XXRIPLFIHSQYAS-UHFFFAOYSA-N,19.24357469026653
CGQNMBYVBRFIFQ-RUZDIDTESA-N__CZLKMKHMMOBYPI-UHFFFAOYSA-N,12.059509639571452
CZLKMKHMMOBYPI-UHFFFAOYSA-N__CGQNMBYVBRFIFQ-RUZDIDTESA-N,13.085749567204736
LIACHHAMDVIFGQ-UHFFFAOYSA-N__UCKSNGSIFWQHDC-UHFFFAOYSA-N,13.404810504823336
IZBJOVRIVXBCMG-UHFFFAOYSA-N__SDQORIGXMGDKHY-UHFFFAOYSA-N,1.108565574936821
SDQORIGXMGDKHY-UHFFFAOYSA-N__IZBJOVRIVXBCMG-UHFFFAOYSA-N,6.410272424404178
ZPNAKCXCWNCKRB-UHFFFAOYSA-N__PUBJGNVNWPETNZ-VTJTWBMFSA-N,14.81575051170837
XOAMZEXCZRPMPJ-KSSFIOAISA-N__XEOYCMJWLWGUPZ-NPIIICKDSA-N,5.278443668183486
PUBJGNVNWPETNZ-VTJTWBMFSA-N__ZPNAKCXCWNCKRB-UHFFFAOYSA-N,11.292414338370996
XEOYCMJWLWGUPZ-NPIIICKDSA-N__XOAMZEXCZRPMPJ-KSSFIOAISA-N,-0.225169097082919
UCKSNGSIFWQHDC-UHFFFAOYSA-N__LIACHHAMDVIFGQ-UHFFFAOYSA-N,5.257758641806322
MGBWUCKHCMPCQV-UHFFFAOYSA-N__FTIRONOGMYYBPK-UHFFFAOYSA-N,-1.1252016569446546
BDZSNXFYQFYOSR-UHFFFAOYSA-N__ADWSFKXHBAUKKO-UHFFFAOYSA-N,5.924587138343984
FTIRONOGMYYBPK-UHFFFAOYSA-N__MGBWUCKHCMPCQV-UHFFFAOYSA-N,-1.7051586675948582
ADWSFKXHBAUKKO-UHFFFAOYSA-N__BDZSNXFYQFYOSR-UHFFFAOYSA-N,14.161532415786178
QAPOSPOTJMNSNV-RPBOFIJWSA-N__VKKBYUFPWVKCRL-UHFFFAOYSA-N,12.056922435668614
VKKBYUFPWVKCRL-UHFFFAOYSA-N__QAPOSPOTJMNSNV-RPBOFIJWSA-N,14.31433857945122
OZYPOZXDYKPIKT-UHFFFAOYSA-N__IUZCOUMHKGNOMY-UHFFFAOYSA-N,2.405670670954381
IUZCOUMHKGNOMY-UHFFFAOYSA-N__OZYPOZXDYKPIKT-UHFFFAOYSA-N,14.42640170552255
HOCQLBXLYHZFBJ-UHFFFAOYSA-N__JKCWMYFKQVZMAQ-UHFFFAOYSA-N,2.1124531465065326
JKCWMYFKQVZMAQ-UHFFFAOYSA-N__HOCQLBXLYHZFBJ-UHFFFAOYSA-N,6.140227103601604
MAHPHXZAHSKLNE-RUZDIDTESA-N__MBDPNBKDPUOQIY-GFCCVEGCSA-N,0.8829205557600805
MBDPNBKDPUOQIY-GFCCVEGCSA-N__MAHPHXZAHSKLNE-RUZDIDTESA-N,0.2812054315228932
CWCHYFQASHVKOM-UHFFFAOYSA-N__BCUXNLSVDQHTFQ-UHFFFAOYSA-N,5.630214451940415
BCUXNLSVDQHTFQ-UHFFFAOYSA-N__CWCHYFQASHVKOM-UHFFFAOYSA-N,3.966759421489384
WRUQZRWBSNBUTG-NTUHNPAUSA-N__BRUHZPUQRKDCRL-UHFFFAOYSA-N,-1.616452354991314
BRUHZPUQRKDCRL-UHFFFAOYSA-N__WRUQZRWBSNBUTG-NTUHNPAUSA-N,3.8960159450556207
KIRWQMFRLTYCMC-UHFFFAOYSA-N__FQGZXTMIIVMYRW-UBKPWBPPSA-N,1.2407106797512388
GIRHGLFKNXHLNO-RDRPBHBLSA-N__FGRHCESPPFHLRD-UHFFFAOYSA-N,7.641958098522048
FQGZXTMIIVMYRW-UBKPWBPPSA-N__KIRWQMFRLTYCMC-UHFFFAOYSA-N,8.571562389938812
LVUMIHSNNYRZFP-RYZHXOGVSA-N__MKCWQZGTXFCYIQ-GLGOKHISSA-N,-0.7443757879187664
FGRHCESPPFHLRD-UHFFFAOYSA-N__GIRHGLFKNXHLNO-RDRPBHBLSA-N,6.854543169356844
MKCWQZGTXFCYIQ-GLGOKHISSA-N__LVUMIHSNNYRZFP-RYZHXOGVSA-N,7.957173575189874
UHRMFKTXQVDCCZ-XWRIVVANSA-N__QURLESTYEHDFCQ-UHFFFAOYSA-N,20.48163367928339
QURLESTYEHDFCQ-UHFFFAOYSA-N__UHRMFKTXQVDCCZ-XWRIVVANSA-N,13.948890638542244
SVMPBTSVSCZKRK-QXMHVHEDSA-N__BUFWUUWJURVDLC-UHFFFAOYSA-N,-3.132782286189377
BUFWUUWJURVDLC-UHFFFAOYSA-N__SVMPBTSVSCZKRK-QXMHVHEDSA-N,3.086489224268602
CNFILNQORQZTPK-UHFFFAOYSA-N__ATLKDHWWBYRVJR-FUHWJXTLSA-N,6.623671840413345
KKZKJADYHRMRGQ-UHFFFAOYSA-N__WXSGJGJESRFPIF-UHFFFAOYSA-N,5.694415689226125
UAXYEHKVGLNTEO-UHFFFAOYSA-N__QDHGEIXWBJITMN-UHFFFAOYSA-N,17.404971836028288
ATLKDHWWBYRVJR-FUHWJXTLSA-N__CNFILNQORQZTPK-UHFFFAOYSA-N,5.567834812018669
SBABYYQGVMHQPO-UHFFFAOYSA-N__OXNXETGJTMPAQK-UHFFFAOYSA-N,6.793685871722957
QDHGEIXWBJITMN-UHFFFAOYSA-N__UAXYEHKVGLNTEO-UHFFFAOYSA-N,8.887892956984478
OXNXETGJTMPAQK-UHFFFAOYSA-N__SBABYYQGVMHQPO-UHFFFAOYSA-N,7.582523112403597
WXSGJGJESRFPIF-UHFFFAOYSA-N__KKZKJADYHRMRGQ-UHFFFAOYSA-N,-0.7853436313290801
QFIYCLMSTGVSPB-UHFFFAOYSA-N__FWOZJUKYXZZQOK-ARJAWSKDSA-N,17.64417482419981
FWOZJUKYXZZQOK-ARJAWSKDSA-N__QFIYCLMSTGVSPB-UHFFFAOYSA-N,11.26159116269675
HAJYMFKQGAIAEX-UHFFFAOYSA-N__DQCLNMXRNDKAKC-UHFFFAOYSA-N,-8.033586041528515
DQCLNMXRNDKAKC-UHFFFAOYSA-N__HAJYMFKQGAIAEX-UHFFFAOYSA-N,-11.490595761726787
KVPJALNGDHJNPI-UHFFFAOYSA-N__AHFAYTMGVSJCHK-JAIQZWGSSA-N,23.051914996129863
AHFAYTMGVSJCHK-JAIQZWGSSA-N__KVPJALNGDHJNPI-UHFFFAOYSA-N,5.557305221942643
BKWWGNDKMSPYIS-KYYKPQATSA-N__IFNJTHZEIIRNTK-UHFFFAOYSA-N,31.54989336080676
IFNJTHZEIIRNTK-UHFFFAOYSA-N__BKWWGNDKMSPYIS-KYYKPQATSA-N,20.98600765850117
MRULYUARXNRGTE-QAPUDVGDSA-N__PYPZJEMZPTVJRJ-UHFFFAOYSA-N,4.712749149275451
PYPZJEMZPTVJRJ-UHFFFAOYSA-N__MRULYUARXNRGTE-QAPUDVGDSA-N,3.895964992766866
GJUFHCJNOKQGIP-MHXFLEJISA-N__IBTZXFAZAQVJIR-UHFFFAOYSA-N,-5.1771713248939895
IBTZXFAZAQVJIR-UHFFFAOYSA-N__GJUFHCJNOKQGIP-MHXFLEJISA-N,0.1654416472725335
IVZYAKMXOFALJS-UHFFFAOYSA-N__ULLUEVQGVZGWKG-UHFFFAOYSA-N,-95.63123655019766
ULLUEVQGVZGWKG-UHFFFAOYSA-N__IVZYAKMXOFALJS-UHFFFAOYSA-N,-11.427372705056946
VSTJAAPHHYLWBD-UHFFFAOYSA-N__JCXRZCYUGQGBES-UHFFFAOYSA-N,21.662736348924827
JCXRZCYUGQGBES-UHFFFAOYSA-N__VSTJAAPHHYLWBD-UHFFFAOYSA-N,13.169673485638272
LKRVJVTZWTXYQC-UHFFFAOYSA-N__RNXFRHQYIRLABD-UHFFFAOYSA-N,3.486514535381435
RNXFRHQYIRLABD-UHFFFAOYSA-N__LKRVJVTZWTXYQC-UHFFFAOYSA-N,-4.209207600226979
DRINIGIPYHGHPU-UHFFFAOYSA-N__LNVSLFDPHUEAMN-UHFFFAOYSA-N,6.864919694683104
LNVSLFDPHUEAMN-UHFFFAOYSA-N__DRINIGIPYHGHPU-UHFFFAOYSA-N,6.233188193918394
FVVRWNVXZLVBIF-XZOWNBSXSA-N__NLXASJVETPACMT-OAQYLSRUSA-N,25.11052121467948
NLXASJVETPACMT-OAQYLSRUSA-N__FVVRWNVXZLVBIF-XZOWNBSXSA-N,15.170579459795022
QPVDOEMIUPTLQM-UHFFFAOYSA-N__NQZJSCYCZWGJCM-DEHCKPKBSA-N,-0.4366996381405016
CQMKAAYYGYCZQK-OYEZDFTHSA-N__UDWWPNAYVMKKLY-SDQPKGBYSA-N,17.606377028675464
NQZJSCYCZWGJCM-DEHCKPKBSA-N__QPVDOEMIUPTLQM-UHFFFAOYSA-N,1.8779329737400952
UDWWPNAYVMKKLY-SDQPKGBYSA-N__CQMKAAYYGYCZQK-OYEZDFTHSA-N,13.12796975047388
GEZSEAKRTHPSJF-PAQOUXTFSA-N__POAOBAZVADLAIR-UHFFFAOYSA-N,13.474237211923736
JTZDOIPOADJMFK-DEOSSOPVSA-N__UYAAPKUAWFEOMC-FUZSOAMUSA-N,13.839207257201087
POAOBAZVADLAIR-UHFFFAOYSA-N__GEZSEAKRTHPSJF-PAQOUXTFSA-N,19.302667675495968
UYAAPKUAWFEOMC-FUZSOAMUSA-N__JTZDOIPOADJMFK-DEOSSOPVSA-N,0.6794584227928249
SLTYDDRIQLHWJT-OVBSQVEVSA-N__DKIAMFGRGXOETD-UHFFFAOYSA-N,12.659304016715916
DKIAMFGRGXOETD-UHFFFAOYSA-N__SLTYDDRIQLHWJT-OVBSQVEVSA-N,4.483110120906202
DXMOGPOWUFXWPY-UHFFFAOYSA-N__CJKJYIQUKHSAQY-UHFFFAOYSA-N,5.640449635320039
CJKJYIQUKHSAQY-UHFFFAOYSA-N__DXMOGPOWUFXWPY-UHFFFAOYSA-N,6.038038383161286
LAYLPEQPAYIKMD-UHFFFAOYSA-N__NOVXYJJOZGQVBM-UHFFFAOYSA-N,3.592231227302909
NOVXYJJOZGQVBM-UHFFFAOYSA-N__LAYLPEQPAYIKMD-UHFFFAOYSA-N,9.208985549041408
CWPIMQNDACORIF-DJOQTYEBSA-N__LPQFWKNGUFVNCB-UHFFFAOYSA-N,15.63511453013684
LPQFWKNGUFVNCB-UHFFFAOYSA-N__CWPIMQNDACORIF-DJOQTYEBSA-N,11.857414611709771
DWHLRWFZWUZOQI-ZIAGYGMSSA-N__NBEXIMVNWWJCIE-UHFFFAOYSA-N,8.055757618847041
FEMSURCMEZFKSM-UHFFFAOYSA-N__NGQZHJLHRBRFMW-UHFFFAOYSA-N,4.67492972480694
NGQZHJLHRBRFMW-UHFFFAOYSA-N__FEMSURCMEZFKSM-UHFFFAOYSA-N,6.197058227314752
NBEXIMVNWWJCIE-UHFFFAOYSA-N__DWHLRWFZWUZOQI-ZIAGYGMSSA-N,9.053268681359963
ZYGUARGIUUWNOT-UHFFFAOYSA-N__ULLUEVQGVZGWKG-UHFFFAOYSA-N,-8.19228315624977
ULLUEVQGVZGWKG-UHFFFAOYSA-N__ZYGUARGIUUWNOT-UHFFFAOYSA-N,-4.8462394476752495
ZRMYUDWZIGLETQ-UHFFFAOYSA-N__QDZJKOQKRJZBKX-UHFFFAOYSA-N,9.752244114610916
QDZJKOQKRJZBKX-UHFFFAOYSA-N__ZRMYUDWZIGLETQ-UHFFFAOYSA-N,8.54357263398704
FPRFCVYABRWARQ-ACXHZZMFSA-N__AOZSAYMMXYPASG-UHFFFAOYSA-N,4.875308076761145
AOZSAYMMXYPASG-UHFFFAOYSA-N__FPRFCVYABRWARQ-ACXHZZMFSA-N,2.0155243538908785
GQUWKGQZTWHIIQ-UHFFFAOYSA-N__WVHRAVATCKTJDN-TWMUNHRGSA-N,1.8713243671068085
WVHRAVATCKTJDN-TWMUNHRGSA-N__GQUWKGQZTWHIIQ-UHFFFAOYSA-N,8.428901223741319
GVIPQRZWCDGLDH-UHFFFAOYSA-N__QSSZGXNWCVWWGS-ZDUSSCGKSA-N,1.2192160136284411
QSSZGXNWCVWWGS-ZDUSSCGKSA-N__GVIPQRZWCDGLDH-UHFFFAOYSA-N,-1.635362916487454
WRUQZRWBSNBUTG-NTUHNPAUSA-N__GVIPQRZWCDGLDH-UHFFFAOYSA-N,-3.5079949184666948
GVIPQRZWCDGLDH-UHFFFAOYSA-N__WRUQZRWBSNBUTG-NTUHNPAUSA-N,10.168794894733036
OOMGBXVJNPEOTG-UHFFFAOYSA-N__FUNLRYKSFWHEJI-UHFFFAOYSA-N,6.26878656745509
HWPKNGUIGZRLQZ-WYMLVPIESA-N__WAKOSBWKYUPKBI-UHFFFAOYSA-N,9.448193821620071
WAKOSBWKYUPKBI-UHFFFAOYSA-N__HWPKNGUIGZRLQZ-WYMLVPIESA-N,17.13456357217854
FUNLRYKSFWHEJI-UHFFFAOYSA-N__OOMGBXVJNPEOTG-UHFFFAOYSA-N,7.2219429263110175
WJGBLLBPQOSRMH-MDYVAWIYSA-N__NBEXIMVNWWJCIE-UHFFFAOYSA-N,-0.0103242561090834
NBEXIMVNWWJCIE-UHFFFAOYSA-N__WJGBLLBPQOSRMH-MDYVAWIYSA-N,6.131453856729604
GQUWKGQZTWHIIQ-UHFFFAOYSA-N__MGJFNMBUXFKMOP-UHFFFAOYSA-N,19.592141145620367
MGJFNMBUXFKMOP-UHFFFAOYSA-N__GQUWKGQZTWHIIQ-UHFFFAOYSA-N,3.976946145470108
PYGFQXTUJSQFJP-UHFFFAOYSA-N__FPYLAJYYFJDRIK-UHFFFAOYSA-N,2.0092094636723354
FPYLAJYYFJDRIK-UHFFFAOYSA-N__PYGFQXTUJSQFJP-UHFFFAOYSA-N,0.4023807707127127
LNFISTIUDCZNOV-UHFFFAOYSA-N__VBFVNUZBLJFAFL-UHFFFAOYSA-N,6.310609115387946
VBFVNUZBLJFAFL-UHFFFAOYSA-N__LNFISTIUDCZNOV-UHFFFAOYSA-N,8.23141624521098
ANHVXVZNBBSECV-UHFFFAOYSA-N__SBSBKOAILJIFGB-UHFFFAOYSA-N,11.345868017518972
SBSBKOAILJIFGB-UHFFFAOYSA-N__ANHVXVZNBBSECV-UHFFFAOYSA-N,6.259278155993225
WAKOSBWKYUPKBI-UHFFFAOYSA-N__NGQZHJLHRBRFMW-UHFFFAOYSA-N,-3.0662721220349805
NGQZHJLHRBRFMW-UHFFFAOYSA-N__WAKOSBWKYUPKBI-UHFFFAOYSA-N,-11.41616804077906
BZOODFMQYLHURU-UHFFFAOYSA-N__KSEPWJQLTNMJBX-JOCHJYFZSA-N,8.457075844055181
KSEPWJQLTNMJBX-JOCHJYFZSA-N__BZOODFMQYLHURU-UHFFFAOYSA-N,11.367365370717929
WYQUANWLVUGJFV-UHFFFAOYSA-N__DZZHIBPTMNCBJH-UHFFFAOYSA-N,0.1146292459929578
DZZHIBPTMNCBJH-UHFFFAOYSA-N__WYQUANWLVUGJFV-UHFFFAOYSA-N,9.982364502147805
RNXFRHQYIRLABD-UHFFFAOYSA-N__LLXYNKFISKUOJH-VRTSWNMPSA-N,10.157833967510166
LLXYNKFISKUOJH-VRTSWNMPSA-N__RNXFRHQYIRLABD-UHFFFAOYSA-N,4.472609427350131
ANYAVENELUNNSE-UHFFFAOYSA-N__LVKLCVLQKLJRRC-UHFFFAOYSA-N,6.010365597897796
LVKLCVLQKLJRRC-UHFFFAOYSA-N__ANYAVENELUNNSE-UHFFFAOYSA-N,3.7338685977942014
HPJISXRSNNSPPO-SOFGYWHQSA-N__QPVDOEMIUPTLQM-UHFFFAOYSA-N,7.553990316808553
QPVDOEMIUPTLQM-UHFFFAOYSA-N__HPJISXRSNNSPPO-SOFGYWHQSA-N,11.785133918973631
OBQWJYPGTZVASR-UHFFFAOYSA-N__DWGPBMHBWDBPCX-UHFFFAOYSA-N,-44.47863959005254
DWGPBMHBWDBPCX-UHFFFAOYSA-N__OBQWJYPGTZVASR-UHFFFAOYSA-N,7.066732985755613
BIRGRKHUTYCUGY-UHFFFAOYSA-N__ULQBUIWZJOUOEJ-UHFFFAOYSA-N,0.9039178207293204
ULQBUIWZJOUOEJ-UHFFFAOYSA-N__BIRGRKHUTYCUGY-UHFFFAOYSA-N,0.6544698536848068
AKUXLHVHLSLMSF-UHFFFAOYSA-N__BDEYISXIYLHTHA-SLBVQIDZSA-N,-1.12803796121121
YWPLOINWLYTNIT-SNAWJCMRSA-N__ZGVNAFNBDRSNHW-UHFFFAOYSA-N,6.977802303220228
BDEYISXIYLHTHA-SLBVQIDZSA-N__AKUXLHVHLSLMSF-UHFFFAOYSA-N,8.416601406211916
ZGVNAFNBDRSNHW-UHFFFAOYSA-N__YWPLOINWLYTNIT-SNAWJCMRSA-N,10.15081188672976
FUNLRYKSFWHEJI-UHFFFAOYSA-N__IUZCOUMHKGNOMY-UHFFFAOYSA-N,11.976860448922574
IUZCOUMHKGNOMY-UHFFFAOYSA-N__FUNLRYKSFWHEJI-UHFFFAOYSA-N,2.3478825510526864
BIVVDLOPGBAPFO-NXCFDTQHSA-N__RTSFIEXZIAALMT-UHFFFAOYSA-N,6.2346180691401605
RTSFIEXZIAALMT-UHFFFAOYSA-N__BIVVDLOPGBAPFO-NXCFDTQHSA-N,7.029125172351269
DHNOWBPNXOYPKT-UHFFFAOYSA-N__MAHPHXZAHSKLNE-RUZDIDTESA-N,7.490707753522387
MAHPHXZAHSKLNE-RUZDIDTESA-N__DHNOWBPNXOYPKT-UHFFFAOYSA-N,2.764452388969614
FMYJGINDGURKSA-UHFFFAOYSA-N__OQRFNWVKDUHMKS-UHFFFAOYSA-N,6.614201416914606
OQRFNWVKDUHMKS-UHFFFAOYSA-N__FMYJGINDGURKSA-UHFFFAOYSA-N,13.798438530371708
ZRGQFEYNLUOGJZ-FUEDEBDSSA-N__AAFZMYRURFKHSW-UHFFFAOYSA-N,7.392901248802876
AAFZMYRURFKHSW-UHFFFAOYSA-N__ZRGQFEYNLUOGJZ-FUEDEBDSSA-N,1.89224037217069
QBWALVSNSOFONE-UHFFFAOYSA-N__ZUQHBXBZYFYPFC-UHFFFAOYSA-N,7.337405192736863
ZUQHBXBZYFYPFC-UHFFFAOYSA-N__QBWALVSNSOFONE-UHFFFAOYSA-N,4.113668518799129
MFUWKLKLGDWHFU-UHFFFAOYSA-N__WJZSTRFQVDSASH-UHFFFAOYSA-N,9.78472521584707
WJZSTRFQVDSASH-UHFFFAOYSA-N__MFUWKLKLGDWHFU-UHFFFAOYSA-N,16.587354901070626
WVBDTMFEBBYNQG-UHFFFAOYSA-N__QSFTUDMNQSXEMV-UHFFFAOYSA-N,1.77017769631325
QSFTUDMNQSXEMV-UHFFFAOYSA-N__WVBDTMFEBBYNQG-UHFFFAOYSA-N,11.718800636355034
XEBSUYXXYLPNIZ-DWIBLYGDSA-N__QURLESTYEHDFCQ-UHFFFAOYSA-N,9.746395822690047
QURLESTYEHDFCQ-UHFFFAOYSA-N__XEBSUYXXYLPNIZ-DWIBLYGDSA-N,-1.5923485152323942
RTGBGSUZAUOGMR-UHFFFAOYSA-N__OHTVVNDAIHLKNH-MHWRWJLKSA-N,24.43197405969763
OHTVVNDAIHLKNH-MHWRWJLKSA-N__RTGBGSUZAUOGMR-UHFFFAOYSA-N,7.491487816168592
NQCVQIQCWMRSSG-UHFFFAOYSA-N__YFJSZBAMDXNSFV-UHFFFAOYSA-N,1.1120442801685662
YFJSZBAMDXNSFV-UHFFFAOYSA-N__NQCVQIQCWMRSSG-UHFFFAOYSA-N,2.033681634470621
XEOYCMJWLWGUPZ-NPIIICKDSA-N__OAGVLGXDFSOXTF-UHFFFAOYSA-N,6.431969940307489
OAGVLGXDFSOXTF-UHFFFAOYSA-N__XEOYCMJWLWGUPZ-NPIIICKDSA-N,10.62444874576707
OGKOSDQMTOTFOA-WMCAAGNKSA-N__RPVSGCNZVIJFSR-UHFFFAOYSA-N,-6.087606943264737
RPVSGCNZVIJFSR-UHFFFAOYSA-N__OGKOSDQMTOTFOA-WMCAAGNKSA-N,-1.8286635659837709
QDCJDJXTBIDGBN-XWTNZUCXSA-N__SPGWCKPWCLAASD-UHFFFAOYSA-N,9.61035029035862
SPGWCKPWCLAASD-UHFFFAOYSA-N__QDCJDJXTBIDGBN-XWTNZUCXSA-N,10.834211791819396
CWPIMQNDACORIF-DJOQTYEBSA-N__MGBWUCKHCMPCQV-UHFFFAOYSA-N,7.510881677982008
GYWRWPVHLJWHRE-UHFFFAOYSA-N__PUBJGNVNWPETNZ-VTJTWBMFSA-N,7.408757074691598
MGBWUCKHCMPCQV-UHFFFAOYSA-N__CWPIMQNDACORIF-DJOQTYEBSA-N,5.709260862867927
PUBJGNVNWPETNZ-VTJTWBMFSA-N__GYWRWPVHLJWHRE-UHFFFAOYSA-N,12.048031909828858
VOCKNOCLCPQMMU-UHFFFAOYSA-N__MYZAKHBZTJWBBA-KQTBYGHGSA-N,21.181422530138125
MYZAKHBZTJWBBA-KQTBYGHGSA-N__VOCKNOCLCPQMMU-UHFFFAOYSA-N,24.55528370568464
CJKJYIQUKHSAQY-UHFFFAOYSA-N__XYJSVSPFUQNEGI-UHFFFAOYSA-N,10.37097372333012
XYJSVSPFUQNEGI-UHFFFAOYSA-N__CJKJYIQUKHSAQY-UHFFFAOYSA-N,10.446168398278475
WRUQZRWBSNBUTG-NTUHNPAUSA-N__OTZMLZHNPVFFKA-UHFFFAOYSA-N,-0.3375000263270826
OTZMLZHNPVFFKA-UHFFFAOYSA-N__WRUQZRWBSNBUTG-NTUHNPAUSA-N,9.342655760266576
JLPWZMJZGAEZDA-UHFFFAOYSA-N__FSRRDVODZBHCNX-UHFFFAOYSA-N,13.2861049291985
FSRRDVODZBHCNX-UHFFFAOYSA-N__JLPWZMJZGAEZDA-UHFFFAOYSA-N,9.117538366250024
IQQOHGFJUOHFHE-UHFFFAOYSA-N__ULQBUIWZJOUOEJ-UHFFFAOYSA-N,20.52128041905356
ULQBUIWZJOUOEJ-UHFFFAOYSA-N__IQQOHGFJUOHFHE-UHFFFAOYSA-N,14.555128635158985
XKCOYOSUWJTEEM-PXYINDEMSA-N__ZVNYIZUBJSCLCR-ZLYZMSFYSA-N,14.72294036264777
ZVNYIZUBJSCLCR-ZLYZMSFYSA-N__XKCOYOSUWJTEEM-PXYINDEMSA-N,13.576470495053083
DQCLNMXRNDKAKC-UHFFFAOYSA-N__GIRHGLFKNXHLNO-RDRPBHBLSA-N,5.142582548063968
ZPNAKCXCWNCKRB-UHFFFAOYSA-N__FBQVUKRVTNANAI-UHFFFAOYSA-N,3.917019136345432
GIRHGLFKNXHLNO-RDRPBHBLSA-N__DQCLNMXRNDKAKC-UHFFFAOYSA-N,3.157404485810784
FBQVUKRVTNANAI-UHFFFAOYSA-N__ZPNAKCXCWNCKRB-UHFFFAOYSA-N,9.521604109780322
ONMGGOWPGMEVMF-UHFFFAOYSA-N__UCRNWWRNXIIOKG-UHFFFAOYSA-N,9.572846089044342
UCRNWWRNXIIOKG-UHFFFAOYSA-N__ONMGGOWPGMEVMF-UHFFFAOYSA-N,16.061053979754494
XQLBUKDQKZJGMS-UHFFFAOYSA-N__CDJXJEOZBVTOKG-UHFFFAOYSA-N,7.8265884878024385
CDJXJEOZBVTOKG-UHFFFAOYSA-N__XQLBUKDQKZJGMS-UHFFFAOYSA-N,5.732788561994859
MHGMQGNKXPPLSW-BFLSOPEQSA-N__UABNFQMUMDNFGQ-UHFFFAOYSA-N,7.060762666220002
UABNFQMUMDNFGQ-UHFFFAOYSA-N__MHGMQGNKXPPLSW-BFLSOPEQSA-N,7.814652847637409
NBEXIMVNWWJCIE-UHFFFAOYSA-N__BIVVDLOPGBAPFO-NXCFDTQHSA-N,14.908658252726928
BIVVDLOPGBAPFO-NXCFDTQHSA-N__NBEXIMVNWWJCIE-UHFFFAOYSA-N,11.620913568004346
DXMOGPOWUFXWPY-UHFFFAOYSA-N__RIEZNDRMVKVAEF-UHFFFAOYSA-N,2.298419995411704
RIEZNDRMVKVAEF-UHFFFAOYSA-N__DXMOGPOWUFXWPY-UHFFFAOYSA-N,9.257651658191056
KUCKXKZANFXJIC-UHFFFAOYSA-N__QXXMSXCGXIRLPM-ISTRZQFTSA-N,-2.869506414922926
QXXMSXCGXIRLPM-ISTRZQFTSA-N__KUCKXKZANFXJIC-UHFFFAOYSA-N,7.317920026549629
WDPWRSUKBJUUOY-YNNMVLHISA-N__AAFZMYRURFKHSW-UHFFFAOYSA-N,8.475138699583054
AAFZMYRURFKHSW-UHFFFAOYSA-N__WDPWRSUKBJUUOY-YNNMVLHISA-N,3.620836273614658
QXXRTYXLWQAFAH-UHFFFAOYSA-N__KKZKJADYHRMRGQ-UHFFFAOYSA-N,3.859768411985765
LZQNCHXGSWESQY-UHFFFAOYSA-N__LNCDZSYAWREEQM-IAXJKZSUSA-N,9.231178104758584
KKZKJADYHRMRGQ-UHFFFAOYSA-N__QXXRTYXLWQAFAH-UHFFFAOYSA-N,1.7311217052356762
LNCDZSYAWREEQM-IAXJKZSUSA-N__LZQNCHXGSWESQY-UHFFFAOYSA-N,5.838159749969175
IZBJOVRIVXBCMG-UHFFFAOYSA-N__SQLAYJSJMLUPSQ-XCBNKYQSSA-N,-3.990264257283608
RPVSGCNZVIJFSR-UHFFFAOYSA-N__QTSFAKMNMDPMLZ-VMPITWQZSA-N,-28.933867450481205
SQLAYJSJMLUPSQ-XCBNKYQSSA-N__IZBJOVRIVXBCMG-UHFFFAOYSA-N,-5.23991483684676
QTSFAKMNMDPMLZ-VMPITWQZSA-N__RPVSGCNZVIJFSR-UHFFFAOYSA-N,3.426982630607863
NQCVQIQCWMRSSG-UHFFFAOYSA-N__FQGZXTMIIVMYRW-UBKPWBPPSA-N,7.803137740099011
FQGZXTMIIVMYRW-UBKPWBPPSA-N__NQCVQIQCWMRSSG-UHFFFAOYSA-N,8.356330251873489
XJHNNGSUOWYPGE-UHFFFAOYSA-N__UXCKAECENPPQKL-LRDDRELGSA-N,0.3584946545858986
UXCKAECENPPQKL-LRDDRELGSA-N__XJHNNGSUOWYPGE-UHFFFAOYSA-N,4.519186580693848
HLCJJKOWYJSGHH-ZGLOBFPOSA-N__HASZLUJLAQXGBC-UHFFFAOYSA-N,5.972243698727148
HASZLUJLAQXGBC-UHFFFAOYSA-N__HLCJJKOWYJSGHH-ZGLOBFPOSA-N,6.440310776514828
UDWWPNAYVMKKLY-SDQPKGBYSA-N__ANLIYTCSBMIRPS-UHFFFAOYSA-N,3.297472964660904
ANLIYTCSBMIRPS-UHFFFAOYSA-N__UDWWPNAYVMKKLY-SDQPKGBYSA-N,8.626689801071363
WRPVCLKEEDJHHT-WEVVVXLNSA-N__BIVVDLOPGBAPFO-NXCFDTQHSA-N,12.023766016534635
BIVVDLOPGBAPFO-NXCFDTQHSA-N__WRPVCLKEEDJHHT-WEVVVXLNSA-N,6.589466475165255
DGMXGJQMPUKDQN-VLGBJMDQSA-N__NSMDGWHGJUOCAT-UHFFFAOYSA-N,12.825246903924146
NSMDGWHGJUOCAT-UHFFFAOYSA-N__DGMXGJQMPUKDQN-VLGBJMDQSA-N,20.08129574691304
