{
  "model": "xgb",
  "target": "dG_orca_kcal",
  "baseline": "dG_gxtb_kcal",
  "n_samples": 55176,
  "n_pairs": 42597,
  "n_features": 260,
  "folds": 5,
  "repeats": 20,
  "cv_delta_learning": {
    "MAE": 2.2686463611161143,
    "RMSE": 3.7668933312860533,
    "R2": 0.6623033160588077
  },
  "cv_gxtb_baseline": {
    "MAE": 4.16478529770947,
    "RMSE": 6.011263490566869,
    "R2": 0.14001340657741335
  },
  "cv_xtb_baseline": {
    "MAE": 15.516243565558726,
    "RMSE": 16.30294208923873,
    "R2": -5.325460137891462
  },
  "frozen_holdout_candidates_v3": {
    "n_train": 24337,
    "n_test": 29,
    "delta": {
      "MAE": 3.256616209870968,
      "RMSE": 4.163729163115823,
      "R2": 0.8483715531302931
    },
    "gxtb_baseline": {
      "MAE": 5.315198304509104,
      "RMSE": 7.330420757897835,
      "R2": 0.5300263071920199
    }
  },
  "n_final_fit": 55125,
  "n_excluded_test_validation_leakage": 51,
  "feature_medians": {
    "donor_G_xtb": -54.973416315043,
    "donor_G_gxtb": -1066.429518415061,
    "donor_xtb_energy": -55.116185856614,
    "donor_xtb_HOMO": -10.6973,
    "donor_xtb_LUMO": -7.9874,
    "donor_xtb_gap": 2.6274,
    "donor_xtb_IP": 8.1365,
    "donor_xtb_EA": 0.6491,
    "donor_xtb_mu": -4.28425,
    "donor_xtb_eta": 3.71435,
    "donor_xtb_omega": 2.526839,
    "donor_xtb_dipole": 4.402,
    "donor_mulliken_CHO_C": 0.207729,
    "donor_mulliken_CHO_O": -0.328108,
    "donor_fukui_plus_CHO_C": 0.043318,
    "donor_fukui_minus_CHO_C": 0.004004499999999999,
    "donor_fukui_0_CHO_C": 0.023853,
    "donor_dual_descriptor_CHO_C": 0.0391285,
    "donor_wbo_CO": 1.882082,
    "donor_pa_CHO_O": 48.57885,
    "donor_vbur_CHO_C": 48.1248,
    "donor_sterimol_L": 7.903,
    "donor_sterimol_B1": 2.0863,
    "donor_sterimol_B5": 7.4007,
    "donor_SASA_total": 448.038,
    "donor_P_int": 18.6025,
    "donor_bde_gxtb_kcal": 85.405,
    "acceptor_G_xtb": -54.964463418319,
    "acceptor_G_gxtb": -1066.223291462992,
    "acceptor_xtb_energy": -55.110806327187,
    "acceptor_xtb_HOMO": -10.6974,
    "acceptor_xtb_LUMO": -7.9874,
    "acceptor_xtb_gap": 2.6272,
    "acceptor_xtb_IP": 8.1366,
    "acceptor_xtb_EA": 0.649,
    "acceptor_xtb_mu": -4.2842,
    "acceptor_xtb_eta": 3.7144,
    "acceptor_xtb_omega": 2.526733,
    "acceptor_xtb_dipole": 4.402,
    "acceptor_mulliken_CHO_C": 0.207728,
    "acceptor_mulliken_CHO_O": -0.3281055,
    "acceptor_fukui_plus_CHO_C": 0.0433155,
    "acceptor_fukui_minus_CHO_C": 0.004005,
    "acceptor_fukui_0_CHO_C": 0.023853,
    "acceptor_dual_descriptor_CHO_C": 0.039128,
    "acceptor_wbo_CO": 1.882081,
    "acceptor_pa_CHO_O": 48.5785,
    "acceptor_vbur_CHO_C": 48.123,
    "acceptor_sterimol_L": 7.90295,
    "acceptor_sterimol_B1": 2.0863,
    "acceptor_sterimol_B5": 7.4006,
    "acceptor_SASA_total": 448.0116,
    "acceptor_P_int": 18.6022,
    "acceptor_bde_gxtb_kcal": 85.406,
    "xtb_energy": -114.444544957841,
    "xtb_HOMO": -10.3617,
    "xtb_LUMO": -7.9857,
    "xtb_gap": 2.3443,
    "xtb_IP": 7.3512,
    "xtb_EA": 1.0872,
    "xtb_mu": -4.14395,
    "xtb_eta": 3.11715,
    "xtb_omega": 2.813489,
    "xtb_dipole": 5.366,
    "mulliken_ketC": 0.218838,
    "mulliken_ketO": -0.361566,
    "mulliken_carbC": 0.094055,
    "mulliken_hydO": -0.439797,
    "mulliken_hydH": 0.317474,
    "wbo_CO_ket": 1.8271945,
    "wbo_CC_new": 0.9536505,
    "wbo_CO_carb": 1.0093795,
    "fukui_plus_ketC": 0.039683,
    "fukui_minus_ketC": 0.0034205,
    "fukui_0_ketC": 0.021501,
    "dual_ketC": 0.0365105,
    "fukui_plus_carbC": -0.002707,
    "fukui_minus_carbC": 0.00086,
    "fukui_0_carbC": -0.000887,
    "dual_carbC": -0.003688,
    "pa_ketO": 53.9847,
    "vbur_ketC": 74.0828,
    "vbur_carbC": 72.6822,
    "sterimol_L": 7.9145,
    "sterimol_B1": 2.6129,
    "sterimol_B5": 9.5176,
    "SASA_total": 734.4966,
    "P_int": 21.0672,
    "hb_dist": 2.0813,
    "hb_angle": 115.0491,
    "dih_core": -0.2935,
    "bde_gxtb_kcal": 70.674,
    "product_MW": 556.994,
    "product_LogP": 5.1256,
    "product_TPSA": 103.01,
    "product_HBD": 2.0,
    "product_HBA": 6.0,
    "product_RotBonds": 9.0,
    "product_ArRings": 3.0,
    "product_ArHetRings": 1.0,
    "product_AlRings": 0.0,
    "product_Rings": 4.0,
    "product_Heteroatoms": 11.0,
    "product_FractionCSP3": 0.346154,
    "product_BertzCT": 1373.356661,
    "product_Kappa2": 11.427435,
    "product_NumStereocenters": 2.0,
    "product_n_CHO": 0.0,
    "donor_MW": 268.288,
    "donor_LogP": 2.72802,
    "donor_TPSA": 47.28,
    "donor_HBD": 0.0,
    "donor_HBA": 3.0,
    "donor_RotBonds": 4.0,
    "donor_ArRings": 1.0,
    "donor_ArHetRings": 0.0,
    "donor_AlRings": 0.0,
    "donor_Rings": 2.0,
    "donor_Heteroatoms": 5.0,
    "donor_FractionCSP3": 0.3,
    "donor_BertzCT": 527.662745,
    "donor_Kappa2": 5.462619,
    "donor_NumStereocenters": 0.0,
    "donor_n_CHO": 1.0,
    "acceptor_MW": 268.287,
    "acceptor_LogP": 2.72792,
    "acceptor_TPSA": 47.28,
    "acceptor_HBD": 0.0,
    "acceptor_HBA": 3.0,
    "acceptor_RotBonds": 4.0,
    "acceptor_ArRings": 1.0,
    "acceptor_ArHetRings": 0.0,
    "acceptor_AlRings": 0.0,
    "acceptor_Rings": 2.0,
    "acceptor_Heteroatoms": 5.0,
    "acceptor_FractionCSP3": 0.3,
    "acceptor_BertzCT": 527.646795,
    "acceptor_Kappa2": 5.462517,
    "acceptor_NumStereocenters": 0.0,
    "acceptor_n_CHO": 1.0,
    "donor_ald_mordred_PPSA5": 19.487188278615125,
    "donor_ald_mordred_DPSA4": 24.48594922892177,
    "donor_ald_mordred_WNSA1": 94.22156847996627,
    "donor_ald_mordred_WNSA3": -16.990192402010493,
    "donor_ald_mordred_WPSA1": 108.09305047467797,
    "donor_ald_mordred_RNCG": 0.2493866857298307,
    "donor_ald_mordred_TPSA": 102.570942003205,
    "donor_ald_mordred_GeomDiameter": 10.216939203799376,
    "donor_ald_mordred_Mor10": -0.2751824810944444,
    "donor_ald_mordred_Mor02m": 14.60301953196782,
    "donor_ald_mordred_Mor03m": -2.416184729947636,
    "donor_ald_mordred_Mor10m": 0.5459781925611322,
    "donor_ald_mordred_Mor18m": -0.5429217583577381,
    "donor_ald_mordred_Mor19m": 0.034763483726984,
    "donor_ald_mordred_Mor22m": -0.0057012243892295,
    "donor_ald_mordred_Mor23m": -0.206641726564583,
    "donor_ald_mordred_Mor03v": -1.7434961634678632,
    "donor_ald_mordred_Mor04v": -0.1994566374408491,
    "donor_ald_mordred_Mor12v": 0.2050744633952404,
    "donor_ald_mordred_Mor25v": 0.3450163027590369,
    "donor_ald_mordred_Mor02se": 24.89598881536298,
    "donor_ald_mordred_Mor03se": -4.128713068356209,
    "donor_ald_mordred_Mor04se": 1.3445332348949055,
    "donor_ald_mordred_Mor06se": -1.964973100256009,
    "donor_ald_mordred_Mor25se": 0.6844262408200315,
    "donor_ald_mordred_Mor05p": -2.9727636846462504,
    "donor_ald_mordred_Mor15p": 0.5300724081744742,
    "donor_ald_mordred_MOMI-Z": 738.1009060749716,
    "acceptor_ald_mordred_PPSA5": 19.4858190440664,
    "acceptor_ald_mordred_WNSA1": 94.19362716451477,
    "acceptor_ald_mordred_WNSA3": -16.988619706750335,
    "acceptor_ald_mordred_WNSA4": -5.129937593764829,
    "acceptor_ald_mordred_WPSA1": 108.07759027802555,
    "acceptor_ald_mordred_WPSA3": 7.585913584276817,
    "acceptor_ald_mordred_RNCG": 0.24938711176178513,
    "acceptor_ald_mordred_TASA": 347.3335742431083,
    "acceptor_ald_mordred_GeomDiameter": 10.216064766878752,
    "acceptor_ald_mordred_Mor08": 0.6242919454937046,
    "acceptor_ald_mordred_Mor09": -0.13543128088191625,
    "acceptor_ald_mordred_Mor16": 0.13733574210153804,
    "acceptor_ald_mordred_Mor17": -0.5535704762822509,
    "acceptor_ald_mordred_Mor02m": 14.602696024434875,
    "acceptor_ald_mordred_Mor04m": -0.44076844025480766,
    "acceptor_ald_mordred_Mor07m": 2.7821835471295495,
    "acceptor_ald_mordred_Mor08m": -1.1264212490003644,
    "acceptor_ald_mordred_Mor11m": 0.09872182440900029,
    "acceptor_ald_mordred_Mor18m": -0.5428729026714152,
    "acceptor_ald_mordred_Mor24m": 0.0241409344971984,
    "acceptor_ald_mordred_Mor25m": 0.3195786299182018,