featset,GBT,MLP
product_only,2.346962514541616,2.295704947853255
product+reactant,1.8719589786467303,1.7271427094101126
reactant_only,2.714105156205451,2.693426059281417
