featset,all,pbs
56,2.4374810268964877,2.695748915552993
56+ADCHQTAIM,2.4511630210578876,2.7197919817171523
