{
  "mordredslim271": {
    "label": "mordredslim271",
    "n_feat": 271,
    "n": 219095,
    "mae": 1.6117055204845976,
    "rmse": 2.440560937596642,
    "r2": 0.8538634594127841,
    "scope": {
      "aromatic": 1.4299047081578449,
      "aliphatic": 1.996139428828925
    }
  },
  "mordredslim271_plus_bde": {
    "label": "mordredslim271_plus_bde",
    "n_feat": 273,
    "n": 219095,
    "mae": 1.5880642605894941,
    "rmse": 2.4122045871818227,
    "r2": 0.8572395893478094,
    "scope": {
      "aromatic": 1.4047173870523284,
      "aliphatic": 1.975273433443793
    }
  }
}