{
  "mordredslim271": {
    "label": "mordredslim271",
    "n_feat": 271,
    "n": 219095,
    "mae": 1.6117055204845976,
    "rmse": 2.440560937596642,
    "r2": 0.8538634594127841,
    "scope": {
      "aromatic": 1.4299047081578449,
      "aliphatic": 1.996139428828925
    }
  },
  "mordredslim271_plus_ald_bdfe": {
    "label": "mordredslim271_plus_ald_bdfe",
    "n_feat": 272,
    "n": 219095,
    "mae": 1.6090572175739195,
    "rmse": 2.4373737209831052,
    "r2": 0.8542449001469072,
    "scope": {
      "aromatic": 1.4296799058612604,
      "aliphatic": 1.988358285441951
    }
  }
}