model,MAE,R2
DimeNet++,2.041895866394043,0.7511350512504578
SchNet,2.2690956592559814,0.7194281816482544
ViSNet,2012.220458984375,-347172.3125
