model,MAE,R2
MLP_56feat_same60k,1.8294575567171074,0.8151476908451792
