config,MAE,RMSE,R2
dual_qm,1.6462160348892212,2.4509122371673584,0.85344416
dual,2.56811785697937,3.738736391067505,0.6589663
product_only,2.5827395915985107,3.7554097175598145,0.65591776
