config,MAE,RMSE,R2
dual_qm,1.6157163381576538,2.482389450073242,0.8414292
product_only,2.463425636291504,3.6357262134552,0.6598537
dual,2.4658756256103516,3.6410014629364014,0.65886587
