config,MAE,RMSE,R2
dual_qm,2.0171408653259277,3.093137264251709,0.7726315
dual,2.5395097732543945,3.7749791145324707,0.6613424
product_only,2.5549979209899902,3.792531728744507,0.6581857
