config,n_feat,n,MAE,RMSE,R2
dual_qm_champion275,275,218105,1.5524595975875854,2.2688136100769043,0.87441283
