name,MAE,RMSE,R2,params
gine_hybrid,1.67251718044281,2.504237174987793,0.7877454,242689
