{
  "champion275": {
    "label": "champion275",
    "n_feat": 275,
    "n": 219095,
    "mae": 1.49587857679654,
    "rmse": 2.2510081792645287,
    "r2": 0.8756821024901494,
    "scope": {
      "aromatic": 1.3158827470204675,
      "aliphatic": 1.8726917124325992
    },
    "hard_mae": 2.225614118777517,
    "hard_n": 4685,
    "bg_mae": 1.2973989823593333
  },
  "champion275_plus_hypertags": {
    "label": "champion275_plus_hypertags",
    "n_feat": 323,
    "n": 219095,
    "mae": 1.4864939124811383,
    "rmse": 2.2422845631054504,
    "r2": 0.87664380505217,
    "scope": {
      "aromatic": 1.3066856859380869,
      "aliphatic": 1.8631582854832827
    },
    "hard_mae": 2.2199220279323337,
    "hard_n": 4685,
    "bg_mae": 1.2870099809346158
  }
}