{
  "baseline_72": {
    "label": "baseline_72",
    "n_feat": 72,
    "n": 219095,
    "mae": 1.5774589327845314,
    "rmse": 2.3986312807794676,
    "r2": 0.858841674899246,
    "scope": {
      "aromatic": 1.3825294515663162,
      "aliphatic": 1.9855824911644817
    }
  },
  "72_plus_mordred438": {
    "label": "72_plus_mordred438",
    "n_feat": 510,
    "n": 219095,
    "mae": 1.5351380340220178,
    "rmse": 2.308054345187149,
    "r2": 0.869301208645137,
    "scope": {
      "aromatic": 1.3647957605685193,
      "aliphatic": 1.8938361938003763
    }
  }
}