{
  "baseline_72": {
    "label": "baseline_72",
    "n_feat": 72,
    "n": 219095,
    "mae": 1.5735232087016229,
    "rmse": 2.3869899900731437,
    "r2": 0.8602085189635029,
    "scope": {
      "aromatic": 1.3801811197079614,
      "aliphatic": 1.9780853713515691
    }
  },
  "72_plus_morfeus9": {
    "label": "72_plus_morfeus9",
    "n_feat": 81,
    "n": 219095,
    "mae": 1.575985102910538,
    "rmse": 2.392846000826296,
    "r2": 0.8595217757582957,
    "scope": {
      "aromatic": 1.3864870357245476,
      "aliphatic": 1.9725202123499772
    }
  }
}