{
  "baseline_72": {
    "label": "baseline_72",
    "n_feat": 72,
    "n": 218797,
    "mae": 1.539633699731488,
    "rmse": 2.2944352321662915,
    "r2": 0.8677607189085838,
    "scope": {
      "aromatic": 1.360393389238737,
      "aliphatic": 1.9214164524201456
    }
  },
  "72_plus_rdkit434": {
    "label": "72_plus_rdkit434",
    "n_feat": 506,
    "n": 218797,
    "mae": 1.5480880262855368,
    "rmse": 2.297324556008061,
    "r2": 0.86742745809089,
    "scope": {
      "aromatic": 1.3646855968937914,
      "aliphatic": 1.9384085879233057
    }
  },
  "qm_plus_rdkit_no_glob": {
    "label": "qm_plus_rdkit_no_glob",
    "n_feat": 490,
    "n": 218797,
    "mae": 1.564001760558955,
    "rmse": 2.3177142590235604,
    "r2": 0.8650637429774538,
    "scope": {
      "aromatic": 1.3820187142113425,
      "aliphatic": 1.950992231012275
    }
  }
}