id,error,dE_r2_single,dE_r2_boltz,dE_wb_single,nconf_ald,nconf_prod,std_ald_kcal,std_prod_kcal
33389,,-12.142871809765827,-11.09408804335529,-13.403180880353357,5,5,1.1470545060589057,3.5035062923256723
