id,error,dE_r2_single,dE_r2_boltz,dE_wb_single,nconf_ald,nconf_prod,std_ald_kcal,std_prod_kcal
182668,,-15.292217017920873,-17.54519522513066,,5,5,1.5443195836120929,3.433513820325247
