id,error,dE_r2_single,dE_r2_boltz,dE_wb_single,nconf_ald,nconf_prod,std_ald_kcal,std_prod_kcal
188417,,-15.023020616028965,-14.530077449423228,-16.08215215991643,5,5,0.3943764901075565,1.4422268198491317
