id,error,dE_r2_single,dE_r2_boltz,dE_wb_single,nconf_ald,nconf_prod,std_ald_kcal,std_prod_kcal
162833,,-12.34337817762927,-13.050709176211628,-12.67518699962578,5,5,0.2945461702657746,1.147013399588861
