id,error,dE_r2_single,dE_r2_boltz,dE_wb_single,nconf_ald,nconf_prod,std_ald_kcal,std_prod_kcal
110901,,-12.80363895084975,-12.135007555258744,-14.224660188721854,5,5,0.5677158431517104,1.8117295623165166
