id,error,dE_r2_single,dE_r2_boltz,dE_wb_single,nconf_ald,nconf_prod,std_ald_kcal,std_prod_kcal
121206,,-19.287800489945855,-18.491883870621535,-17.04921208937009,5,5,1.875710063965379,2.5645336190458035
