id,error,dE_r2_single,dE_r2_boltz,dE_wb_single,nconf_ald,nconf_prod,std_ald_kcal,std_prod_kcal
181151,,-17.772953212846254,-15.822128086712961,-17.742413022049984,5,5,0.5255700845823578,2.9379607222387976
