id,error,dE_r2_single,dE_r2_boltz,dE_wb_single,nconf_ald,nconf_prod,std_ald_kcal,std_prod_kcal
32173,,-20.247499826217858,-19.950530028302143,-21.086179274120827,5,5,1.4049351941108823,1.8968380350030722
