id,error,dE_r2_single,dE_r2_boltz,dE_wb_single,nconf_ald,nconf_prod,std_ald_kcal,std_prod_kcal
71759,,-15.419021770521535,-14.991901353614626,-15.579035473428904,5,5,0.37655475438102004,4.519670271480922
