id,error,dE_r2_single,dE_r2_boltz,dE_wb_single,nconf_ald,nconf_prod,std_ald_kcal,std_prod_kcal
202001,,-18.828579608564123,-18.780300389161887,-17.464680226697883,5,5,0.6963689748453329,3.609201597669625
