id,error,dE_r2_single,dE_r2_boltz,dE_wb_single,nconf_ald,nconf_prod,std_ald_kcal,std_prod_kcal
156651,,-8.47595992544897,-8.531694397203355,,5,5,2.6892329330841247,3.4569394113248424
