id,error,dE_r2_single,dE_r2_boltz,dE_wb_single,nconf_ald,nconf_prod,std_ald_kcal,std_prod_kcal
217743,,-0.6923464422653154,-0.9660860047959918,-1.5738950119206279,5,5,2.4378532728924958,5.568921272785716
