id,error,dE_r2_single,dE_r2_boltz,dE_wb_single,nconf_ald,nconf_prod,std_ald_kcal,std_prod_kcal
181645,,-11.959714793742942,-11.82807654515627,-14.283282932032796,5,5,0.9671293826710156,1.5384474023628512
