id,error,dE_r2_single,dE_r2_boltz,dE_wb_single,nconf_ald,nconf_prod,std_ald_kcal,std_prod_kcal
63112,,-10.046676888180707,-9.98457442103419,,5,5,0.11128281116051907,0.47758734178345247
