id,error,dE_r2_single,dE_r2_boltz,dE_wb_single,nconf_ald,nconf_prod,std_ald_kcal,std_prod_kcal
169493,,-14.544933182889032,-15.046721536042071,-14.315130252064343,5,5,0.7503488806790897,2.0185281032982374
