id,error,dE_r2_single,dE_r2_boltz,dE_wb_single,nconf_ald,nconf_prod,std_ald_kcal,std_prod_kcal
155331,,-13.3968219215086,-13.087430229083008,-14.985901339876289,5,5,2.4751014281925787,2.011385481822378
