id,error,dE_r2_single,dE_r2_boltz,dE_wb_single,nconf_ald,nconf_prod,std_ald_kcal,std_prod_kcal
94983,,-23.05291235349969,-22.857267160233103,-20.857275264403707,5,5,0.8115665871295077,1.9217189010756288
