id,error,dE_r2_single,dE_r2_boltz,dE_wb_single,nconf_ald,nconf_prod,std_ald_kcal,std_prod_kcal
25361,,-9.804933018624144,-9.859377864609387,-10.171416763007175,5,5,0.08484463368736074,2.400946093190383
