id,error,dE_r2_single,dE_r2_boltz,dE_wb_single,nconf_ald,nconf_prod,std_ald_kcal,std_prod_kcal
20375,,-16.821319173687897,-15.875318033746527,,5,5,0.4388584842494465,3.500100156941544
