id,error,dE_r2_single,dE_r2_boltz,dE_wb_single,nconf_ald,nconf_prod,std_ald_kcal,std_prod_kcal
91044,,-11.099988538004263,-11.715894362346438,,5,5,0.2743229440571271,3.4177940300015193
