id,error,dE_r2_single,dE_r2_boltz,dE_wb_single,nconf_ald,nconf_prod,std_ald_kcal,std_prod_kcal
162600,,-18.576973712290677,-19.18104468757855,,5,5,0.5260592816777118,3.415666265512261
