id,error,dE_r2_single,dE_r2_boltz,dE_wb_single,nconf_ald,nconf_prod,std_ald_kcal,std_prod_kcal
157493,,-20.366330417431946,-19.74723217582658,,5,5,0.403689086532626,3.8161264461455566
