id,error,dE_r2_single,dE_r2_boltz,dE_wb_single,nconf_ald,nconf_prod,std_ald_kcal,std_prod_kcal
46149,,-22.043902684819887,-22.118710777777057,,5,5,0.04704029209566968,2.974338434483693
