id,error,dE_r2_single,dE_r2_boltz,dE_wb_single,nconf_ald,nconf_prod,std_ald_kcal,std_prod_kcal
215277,,-11.179694020376461,-11.309038176801092,,5,5,0.07740462898357144,2.7730443960780855
