id,error,dE_r2_single,dE_r2_boltz,dE_wb_single,nconf_ald,nconf_prod,std_ald_kcal,std_prod_kcal
107094,,-8.622266264891252,-8.642527033430197,-9.852221567814139,5,5,0.012527101735314121,2.4423804674579515
