id,error,dE_r2_single,dE_r2_boltz,dE_wb_single,nconf_ald,nconf_prod,std_ald_kcal,std_prod_kcal
156954,,-8.428199703827582,-6.759191196810279,,5,5,2.1869441274885206,3.2460228817640826
