id,error,dE_r2_single,dE_r2_boltz,dE_wb_single,nconf_ald,nconf_prod,std_ald_kcal,std_prod_kcal
176454,,-13.755744676243706,-13.761511598966418,-15.335675229881316,5,5,0.46820257914013064,1.8746192279165175
