id,error,dE_r2_single,dE_r2_boltz,dE_wb_single,nconf_ald,nconf_prod,std_ald_kcal,std_prod_kcal
179483,,-18.75260598679938,-17.859483224892713,-17.45414263269795,5,5,1.5275962158776082,1.1096634542783599
