id,error,dE_r2_single,dE_r2_boltz,dE_wb_single,nconf_ald,nconf_prod,std_ald_kcal,std_prod_kcal
105053,,-7.869012029853368,-8.07168101576392,-9.094901614798477,5,5,2.886856652868016,1.4117280426327652
