id,error,dE_r2_single,dE_r2_boltz,dE_wb_single,nconf_ald,nconf_prod,std_ald_kcal,std_prod_kcal
38343,,-12.094956913831362,-13.112209119499237,-13.220679126713899,5,5,0.3834451543199262,2.8635559813996685
