id,error,dE_r2_single,dE_r2_boltz,dE_wb_single,nconf_ald,nconf_prod,std_ald_kcal,std_prod_kcal
162924,,-16.082977218568114,-16.460617536725913,,5,5,0.42890021947971846,2.795153533057818
