id,error,dE_r2_single,dE_r2_boltz,dE_wb_single,nconf_ald,nconf_prod,std_ald_kcal,std_prod_kcal
200661,,3.6175614814726127,2.949424289024973,-0.16914809852848417,5,5,1.160183009319877,2.7474515328712297
