id,error,dE_r2_single,dE_r2_boltz,dE_wb_single,nconf_ald,nconf_prod,std_ald_kcal,std_prod_kcal
136989,,-15.969679397064638,-16.907728144460492,-15.828024358969104,5,5,0.5505135458405294,2.4127782550612253
