id,error,dE_r2_single,dE_r2_boltz,dE_wb_single,nconf_ald,nconf_prod,std_ald_kcal,std_prod_kcal
208223,,-15.40511112424478,-15.028874436337707,-15.500768184614605,5,5,0.10350742189370248,3.9582885908988676
