id,error,dE_r2_single,dE_r2_boltz,dE_wb_single,nconf_ald,nconf_prod,std_ald_kcal,std_prod_kcal
49254,,-8.295676993843317,-9.932389593150567,-6.945975156300185,5,5,3.682683826010107,2.325607442144823
