id,error,dE_r2_single,dE_r2_boltz,dE_wb_single,nconf_ald,nconf_prod,std_ald_kcal,std_prod_kcal
7647,,-12.946896823435416,-11.550678003305274,-13.899668564297183,5,5,0.8009846769737254,3.4748685103740216
