id,error,dE_r2_single,dE_r2_boltz,dE_wb_single,nconf_ald,nconf_prod,std_ald_kcal,std_prod_kcal
219742,,-17.518611725441914,-17.707787259438565,-16.00733263532857,5,5,4.734486763679886,5.425943663441412
