id,error,dE_r2_single,dE_r2_boltz,dE_wb_single,nconf_ald,nconf_prod,std_ald_kcal,std_prod_kcal
201471,,-8.787316245364496,-9.028327251817062,-10.548945447225885,5,5,3.897918343806039,2.208622492576848
