id,error,dE_r2_single,dE_r2_boltz,dE_wb_single,nconf_ald,nconf_prod,std_ald_kcal,std_prod_kcal
26642,,-14.827875759681781,-14.68625541310846,-15.27337869786919,5,5,0.017335374257924658,1.7020849281119885
