id,error,dE_r2_single,dE_r2_boltz,dE_wb_single,nconf_ald,nconf_prod,std_ald_kcal,std_prod_kcal
135840,,-17.970827775309367,-17.74202327665591,,5,5,0.4542214488448821,5.5293661749755
