id,error,dE_r2_single,dE_r2_boltz,dE_wb_single,nconf_ald,nconf_prod,std_ald_kcal,std_prod_kcal
150576,,-9.121777523675696,-8.995042566711849,-11.742499393565168,5,5,0.03103846015765562,1.6593028246534247
