id,error,dE_r2_single,dE_r2_boltz,dE_wb_single,nconf_ald,nconf_prod,std_ald_kcal,std_prod_kcal
10749,,-9.05864480773114,-8.978120730072092,-11.248000418317414,5,5,0.010229320632130851,2.219068587176374
