id,error,dE_r2_single,dE_r2_boltz,dE_wb_single,nconf_ald,nconf_prod,std_ald_kcal,std_prod_kcal
199068,,-1.6647198559936098,-2.370262722032697,,5,5,1.2790025459475376,3.8487338668828786
