id,error,dE_r2_single,dE_r2_boltz,dE_wb_single,nconf_ald,nconf_prod,std_ald_kcal,std_prod_kcal
129876,,-12.068468493378314,-11.974039635124447,-13.00022460546946,5,5,0.020303939335810088,0.7018695339580335
