id,error,dE_r2_single,dE_r2_boltz,dE_wb_single,nconf_ald,nconf_prod,std_ald_kcal,std_prod_kcal
179722,,-13.862218192079164,-14.38659762517441,-14.184694454827591,5,5,1.2266383284615339,1.6816782632839369
