id,error,dE_r2_single,dE_r2_boltz,dE_wb_single,nconf_ald,nconf_prod,std_ald_kcal,std_prod_kcal
41617,,-18.312492487000778,-17.73355122843605,-17.33927138089449,5,5,0.4224709202733356,2.57558213735502
