id,error,dE_r2_single,dE_r2_boltz,dE_wb_single,nconf_ald,nconf_prod,std_ald_kcal,std_prod_kcal
169382,,-6.961465577176024,-6.352226953221679,-5.837903033555233,5,5,0.10953363413619119,2.138562489677482
