id,error,dE_r2_single,dE_r2_boltz,dE_wb_single,nconf_ald,nconf_prod,std_ald_kcal,std_prod_kcal
50245,,-12.486082906891422,-12.884775596836164,,5,5,0.8112002682228061,3.830518052625625
