id,error,dE_r2_single,dE_r2_boltz,dE_wb_single,nconf_ald,nconf_prod,std_ald_kcal,std_prod_kcal
3253,,-13.644559108764664,-12.466698157425622,-14.155588057275509,5,5,0.007722498396637953,0.9541155185142165
