id,error,dE_r2_single,dE_r2_boltz,dE_wb_single,nconf_ald,nconf_prod,std_ald_kcal,std_prod_kcal
79813,,-10.244348603146195,-11.42995596316037,,5,5,0.9224396785716277,2.0226693406103515
