id,error,dE_r2_single,dE_r2_boltz,dE_wb_single,nconf_ald,nconf_prod,std_ald_kcal,std_prod_kcal
130358,,-5.67193059419744,-5.63050380508905,-7.111814554854798,5,5,0.3031698066496296,2.447514630144404
