id,error,dE_r2_single,dE_r2_boltz,dE_wb_single,nconf_ald,nconf_prod,std_ald_kcal,std_prod_kcal
187453,,-7.413711231394618,-6.61599496146846,-9.647514518568387,5,5,0.011426211166883492,2.720302855436568
