id,error,dE_r2_single,dE_r2_boltz,dE_wb_single,nconf_ald,nconf_prod,std_ald_kcal,std_prod_kcal
195867,,-18.952250054759272,-17.59819315372762,,5,5,1.1098139900053245,2.8343337375252426
