id,error,dE_r2_single,dE_r2_boltz,dE_wb_single,nconf_ald,nconf_prod,std_ald_kcal,std_prod_kcal
160907,,-15.008308661469416,-14.575837014647428,-15.325472626766095,5,5,0.0656380824328049,1.759586473091468
