id,error,dE_r2_single,dE_r2_boltz,dE_wb_single,nconf_ald,nconf_prod,std_ald_kcal,std_prod_kcal
2,,-19.742582447998842,-19.417412992366064,-18.246871832095795,5,5,0.0037700751629187144,1.2108657289467695
