id,error,dE_r2_single,dE_r2_boltz,dE_wb_single,nconf_ald,nconf_prod,std_ald_kcal,std_prod_kcal
46945,,-15.134023118757872,-14.731804851630901,,5,5,1.418717138165466,2.580465531814978
