id,error,dE_r2_single,dE_r2_boltz,dE_wb_single,nconf_ald,nconf_prod,std_ald_kcal,std_prod_kcal
147607,,-10.941491894118892,-10.394824103688542,-11.96711619895369,5,5,0.41812087708128365,1.820343963927088
