id,error,dE_r2_single,dE_r2_boltz,dE_wb_single,nconf_ald,nconf_prod,std_ald_kcal,std_prod_kcal
208422,,-8.40670459953932,-7.783389685965886,-9.840213517025969,5,5,0.4054687995322702,0.9331551510305388
