id,error,dE_r2_single,dE_r2_boltz,dE_wb_single,nconf_ald,nconf_prod,std_ald_kcal,std_prod_kcal
183618,,-6.413685168426649,-6.455838470561433,-8.611454336991287,5,5,1.6993869329872353,1.417039551545564
