id,error,dE_r2_single,dE_r2_boltz,dE_wb_single,nconf_ald,nconf_prod,std_ald_kcal,std_prod_kcal
24249,,-14.930436918312747,-14.863011756935567,-15.297909443194209,5,5,0.03000530854922702,3.629354188429876
