id,error,dE_r2_single,dE_r2_boltz,dE_wb_single,nconf_ald,nconf_prod,std_ald_kcal,std_prod_kcal
105280,,-4.698716375034673,-4.880679071811976,,5,5,1.6693223338417524,3.7680084084144965
