id,error,dE_r2_single,dE_r2_boltz,dE_wb_single,nconf_ald,nconf_prod,std_ald_kcal,std_prod_kcal
193634,,-15.945658455740684,-15.929479229615422,-15.74024510710702,5,5,0.044964890096072144,1.7958010224803878
