id,error,dE_r2_single,dE_r2_boltz,dE_wb_single,nconf_ald,nconf_prod,std_ald_kcal,std_prod_kcal
211131,,-25.733728207795544,-26.399084105774918,,5,5,1.0904896474972918,4.253877086397927
