id,error,dE_r2_single,dE_r2_boltz,dE_wb_single,nconf_ald,nconf_prod,std_ald_kcal,std_prod_kcal
172459,,-17.391771706696655,-18.429219722089357,-17.478130809470592,5,5,0.8336114064663603,1.905496437249581
