id,error,dE_r2_single,dE_r2_boltz,dE_wb_single,nconf_ald,nconf_prod,std_ald_kcal,std_prod_kcal
220472,,-29.807439549289555,-30.53629558738423,,5,5,0.8350588796635061,4.466745318251917
