id,error,dE_r2_single,dE_r2_boltz,dE_wb_single,nconf_ald,nconf_prod,std_ald_kcal,std_prod_kcal
66491,,-10.533161936689105,-13.392137632513876,-11.99605084216256,5,5,0.5165801394334256,2.0974770322888676
