id,error,dE_r2_single,dE_r2_boltz,dE_wb_single,nconf_ald,nconf_prod,std_ald_kcal,std_prod_kcal
58677,,-13.139363009708074,-13.184668247753693,,5,5,4.541754369924761,5.446212260728222
