id,error,dE_r2_single,dE_r2_boltz,dE_wb_single,nconf_ald,nconf_prod,std_ald_kcal,std_prod_kcal
173314,,-19.30786497066043,-16.73411773232084,-19.184220164976022,5,5,0.5112457660249077,1.3741437051978282
