id,error,dE_r2_single,dE_r2_boltz,dE_wb_single,nconf_ald,nconf_prod,std_ald_kcal,std_prod_kcal
127980,,-9.726189268816977,-10.240945625293993,,5,5,1.0583302133799246,3.0219537552959834
