id,error,dE_r2_single,dE_r2_boltz,dE_wb_single,nconf_ald,nconf_prod,std_ald_kcal,std_prod_kcal
39491,,-15.223465762130203,-14.94674801776916,-17.121360484992945,5,5,0.6092942745029948,1.882810207083585
