id,error,dE_r2_single,dE_r2_boltz,dE_wb_single,nconf_ald,nconf_prod,std_ald_kcal,std_prod_kcal
192444,,-15.525421374997837,-15.637508597138334,-12.748669165995794,5,5,0.29014573890576506,0.9283055522766535
