id,error,dE_r2_single,dE_r2_boltz,dE_wb_single,nconf_ald,nconf_prod,std_ald_kcal,std_prod_kcal
165054,,-18.823112170559554,-18.456189817030886,-17.727232862554402,5,5,0.4520757947509668,1.9978950372862778
