id,error,dE_r2_single,dE_r2_boltz,dE_wb_single,nconf_ald,nconf_prod,std_ald_kcal,std_prod_kcal
207986,,-16.147835774058787,-16.815655726297287,-16.2784904723896,5,5,0.008751456575318013,0.7179934247585162
