id,error,dE_r2_single,dE_r2_boltz,dE_wb_single,nconf_ald,nconf_prod,std_ald_kcal,std_prod_kcal
166732,,-4.960683272786699,-4.786012197223058,-3.2022393711392048,5,5,4.132206570808733,3.1263695567374983
