id,error,dE_r2_single,dE_r2_boltz,dE_wb_single,nconf_ald,nconf_prod,std_ald_kcal,std_prod_kcal
12398,,-6.290424435570587,-5.346312909563672,,5,5,1.1204714984975088,1.0510688085579758
