id,error,dE_r2_single,dE_r2_boltz,dE_wb_single,nconf_ald,nconf_prod,std_ald_kcal,std_prod_kcal
41264,,-4.293290499739634,-4.389365617823765,-7.436854642495032,5,5,1.4919715589963183,2.412092301604621
