id,error,dE_r2_single,dE_r2_boltz,dE_wb_single,nconf_ald,nconf_prod,std_ald_kcal,std_prod_kcal
78399,,-15.537981028638564,-12.219755463526125,-19.244461062556898,5,5,1.3730291926120184,2.225892778411343
