block,sum,mean,count
product-related,3.9795578,0.03826498,104
acceptor,2.4492712,0.029869162,82
donor,1.3358858,0.018815292,71
global,0.15797693,0.052658975,3
