orientation,mean,count
donor_gt_acceptor,2.2983274865535015,12587
donor_lt_acceptor,2.2537037595624434,12589
