either_xtb_risk,mean,count
False,2.2248146064794354,22385
True,2.6866534347324844,2791
